region,date,temperature_2m_mean,temperature_2m_max,temperature_2m_min,precipitation_sum,rain_sum,precipitation_hours,relative_humidity_2m_mean,et0_fao_evapotranspiration,soil_moisture_0_to_7cm_mean,soil_moisture_7_to_28cm_mean,soil_moisture_28_to_100cm_mean,soil_temperature_0_to_7cm_mean,soil_temperature_7_to_28cm_mean,latitude_requested,longitude_requested,weather_model,timezone,source
MH-Latur,2011-01-01,20.3,25.6,16.8,0.0,0.0,0.0,61,3.56,0.275,0.277,0.321,22.4,23.1,18.39721,76.56784,ERA5,Asia/Kolkata,Open-Meteo Historical Weather API
MH-Latur,2011-01-02,20.3,26.5,15.8,0.0,0.0,0.0,66,3.15,0.279,0.281,0.325,21.7,22.6,18.39721,76.56784,ERA5,Asia/Kolkata,Open-Meteo Historical Weather API
MH-Latur,2011-01-03,20.5,26.1,16.3,0.0,0.0,0.0,59,3.26,0.283,0.285,0.327,21.6,22.4,18.39721,76.56784,ERA5,Asia/Kolkata,Open-Meteo Historical Weather API
MH-Latur,2011-01-04,21.3,26.7,16.6,0.0,0.0,0.0,56,3.55,0.284,0.285,0.328,22.2,22.6,18.39721,76.56784,ERA5,Asia/Kolkata,Open-Meteo Historical Weather API
MH-Latur,2011-01-05,20.6,26.5,16.4,0.0,0.0,0.0,54,4.13,0.283,0.288,0.328,22.4,23.0,18.39721,76.56784,ERA5,Asia/Kolkata,Open-Meteo Historical Weather API
MH-Latur,2011-01-06,17.5,25.7,11.2,0.0,0.0,0.0,44,4.53,0.282,0.288,0.328,19.9,21.9,18.39721,76.56784,ERA5,Asia/Kolkata,Open-Meteo Historical Weather API
MH-Latur,2011-01-07,16.6,25.9,8.6,0.0,0.0,0.0,43,4.31,0.279,0.285,0.326,18.5,20.5,18.39721,76.56784,ERA5,Asia/Kolkata,Open-Meteo Historical Weather API
MH-Latur,2011-01-08,18.2,28.3,9.1,0.0,0.0,0.0,43,4.25,0.274,0.279,0.32,19.4,20.3,18.39721,76.56784,ERA5,Asia/Kolkata,Open-Meteo Historical Weather API
MH-Latur,2011-01-09,18.8,28.1,11.0,0.0,0.0,0.0,43,4.46,0.273,0.276,0.316,19.7,20.6,18.39721,76.56784,ERA5,Asia/Kolkata,Open-Meteo Historical Weather API
MH-Latur,2011-01-10,18.2,26.8,11.1,0.0,0.0,0.0,45,4.52,0.273,0.275,0.316,19.2,20.5,18.39721,76.56784,ERA5,Asia/Kolkata,Open-Meteo Historical Weather API
MH-Latur,2011-01-11,18.7,28.2,11.2,0.0,0.0,0.0,43,4.44,0.273,0.275,0.314,19.2,20.2,18.39721,76.56784,ERA5,Asia/Kolkata,Open-Meteo Historical Weather API
MH-Latur,2011-01-12,19.3,29.4,11.0,0.0,0.0,0.0,45,4.54,0.271,0.272,0.31,19.3,20.3,18.39721,76.56784,ERA5,Asia/Kolkata,Open-Meteo Historical Weather API
MH-Latur,2011-01-13,20.9,31.0,13.2,0.0,0.0,0.0,39,4.74,0.271,0.271,0.306,20.4,20.8,18.39721,76.56784,ERA5,Asia/Kolkata,Open-Meteo Historical Weather API
MH-Latur,2011-01-14,20.4,30.8,11.4,0.0,0.0,0.0,41,4.96,0.273,0.273,0.305,21.0,21.4,18.39721,76.56784,ERA5,Asia/Kolkata,Open-Meteo Historical Weather API
MH-Latur,2011-01-15,21.0,29.7,13.3,0.0,0.0,0.0,46,4.44,0.271,0.272,0.303,21.6,21.7,18.39721,76.56784,ERA5,Asia/Kolkata,Open-Meteo Historical Weather API
MH-Latur,2011-01-16,20.5,28.5,13.5,0.0,0.0,0.0,54,4.24,0.271,0.273,0.303,21.8,21.9,18.39721,76.56784,ERA5,Asia/Kolkata,Open-Meteo Historical Weather API
MH-Latur,2011-01-17,20.3,29.7,12.8,0.0,0.0,0.0,51,4.28,0.268,0.272,0.3,21.5,22.0,18.39721,76.56784,ERA5,Asia/Kolkata,Open-Meteo Historical Weather API
MH-Latur,2011-01-18,22.0,31.0,15.1,0.0,0.0,0.0,44,4.22,0.265,0.272,0.299,22.1,22.2,18.39721,76.56784,ERA5,Asia/Kolkata,Open-Meteo Historical Weather API
MH-Latur,2011-01-19,22.6,31.6,14.6,0.0,0.0,0.0,44,4.49,0.265,0.274,0.298,22.9,22.6,18.39721,76.56784,ERA5,Asia/Kolkata,Open-Meteo Historical Weather API
MH-Latur,2011-01-20,22.0,31.1,14.3,0.0,0.0,0.0,46,5.04,0.267,0.274,0.296,23.0,23.0,18.39721,76.56784,ERA5,Asia/Kolkata,Open-Meteo Historical Weather API
MH-Latur,2011-01-21,20.9,29.8,13.4,0.0,0.0,0.0,45,4.92,0.27,0.275,0.298,22.1,22.9,18.39721,76.56784,ERA5,Asia/Kolkata,Open-Meteo Historical Weather API
MH-Latur,2011-01-22,21.1,30.3,13.5,0.0,0.0,0.0,40,4.84,0.271,0.278,0.3,21.9,22.4,18.39721,76.56784,ERA5,Asia/Kolkata,Open-Meteo Historical Weather API
MH-Latur,2011-01-23,22.0,31.1,14.1,0.0,0.0,0.0,40,4.9,0.27,0.278,0.299,22.8,22.6,18.39721,76.56784,ERA5,Asia/Kolkata,Open-Meteo Historical Weather API
MH-Latur,2011-01-24,22.4,31.1,14.7,0.0,0.0,0.0,48,4.78,0.27,0.278,0.299,23.3,23.0,18.39721,76.56784,ERA5,Asia/Kolkata,Open-Meteo Historical Weather API
MH-Latur,2011-01-25,23.1,31.2,15.6,0.0,0.0,0.0,48,4.56,0.269,0.278,0.298,23.9,23.4,18.39721,76.56784,ERA5,Asia/Kolkata,Open-Meteo Historical Weather API
MH-Latur,2011-01-26,23.5,31.4,17.4,0.0,0.0,0.0,46,4.84,0.268,0.278,0.298,24.4,23.7,18.39721,76.56784,ERA5,Asia/Kolkata,Open-Meteo Historical Weather API
MH-Latur,2011-01-27,22.9,31.4,15.4,0.0,0.0,0.0,45,4.7,0.267,0.278,0.297,24.1,23.8,18.39721,76.56784,ERA5,Asia/Kolkata,Open-Meteo Historical Weather API
MH-Latur,2011-01-28,23.0,31.5,17.0,0.0,0.0,0.0,44,5.4,0.268,0.276,0.295,24.0,23.7,18.39721,76.56784,ERA5,Asia/Kolkata,Open-Meteo Historical Weather API
MH-Latur,2011-01-29,23.0,31.6,16.1,0.0,0.0,0.0,42,5.36,0.272,0.276,0.295,23.9,23.8,18.39721,76.56784,ERA5,Asia/Kolkata,Open-Meteo Historical Weather API
MH-Latur,2011-01-30,23.6,31.6,17.3,0.0,0.0,0.0,44,4.93,0.276,0.277,0.295,24.4,24.0,18.39721,76.56784,ERA5,Asia/Kolkata,Open-Meteo Historical Weather API
MH-Latur,2011-01-31,23.3,30.9,17.1,0.0,0.0,0.0,47,4.79,0.276,0.279,0.297,24.6,24.2,18.39721,76.56784,ERA5,Asia/Kolkata,Open-Meteo Historical Weather API
MH-Latur,2011-02-01,24.1,31.4,18.4,0.0,0.0,0.0,45,5.23,0.275,0.281,0.299,25.3,24.7,18.39721,76.56784,ERA5,Asia/Kolkata,Open-Meteo Historical Weather API
MH-Latur,2011-02-02,23.7,31.0,16.9,0.0,0.0,0.0,47,5.09,0.276,0.283,0.302,24.9,24.7,18.39721,76.56784,ERA5,Asia/Kolkata,Open-Meteo Historical Weather API
MH-Latur,2011-02-03,22.8,30.9,16.5,0.0,0.0,0.0,48,5.14,0.276,0.286,0.305,24.2,24.5,18.39721,76.56784,ERA5,Asia/Kolkata,Open-Meteo Historical Weather API
MH-Latur,2011-02-04,22.7,31.0,15.1,0.0,0.0,0.0,43,5.23,0.277,0.287,0.306,23.7,24.1,18.39721,76.56784,ERA5,Asia/Kolkata,Open-Meteo Historical Weather API
MH-Latur,2011-02-05,22.6,31.5,14.2,0.0,0.0,0.0,40,5.52,0.275,0.286,0.305,23.2,23.7,18.39721,76.56784,ERA5,Asia/Kolkata,Open-Meteo Historical Weather API
MH-Latur,2011-02-06,23.5,33.2,15.3,0.0,0.0,0.0,37,5.2,0.272,0.284,0.303,23.6,23.6,18.39721,76.56784,ERA5,Asia/Kolkata,Open-Meteo Historical Weather API
MH-Latur,2011-02-07,23.6,32.4,14.6,0.0,0.0,0.0,43,4.79,0.271,0.283,0.303,24.2,23.9,18.39721,76.56784,ERA5,Asia/Kolkata,Open-Meteo Historical Weather API
MH-Latur,2011-02-08,23.9,31.8,16.9,0.0,0.0,0.0,41,4.96,0.27,0.283,0.302,24.6,24.3,18.39721,76.56784,ERA5,Asia/Kolkata,Open-Meteo Historical Weather API
MH-Latur,2011-02-09,23.5,31.7,16.3,0.0,0.0,0.0,40,5.49,0.27,0.282,0.301,24.4,24.3,18.39721,76.56784,ERA5,Asia/Kolkata,Open-Meteo Historical Weather API
MH-Latur,2011-02-10,23.8,31.9,15.4,0.0,0.0,0.0,38,5.21,0.271,0.28,0.3,24.5,24.4,18.39721,76.56784,ERA5,Asia/Kolkata,Open-Meteo Historical Weather API
MH-Latur,2011-02-11,24.1,32.1,18.0,0.0,0.0,0.0,42,5.55,0.274,0.281,0.303,24.9,24.5,18.39721,76.56784,ERA5,Asia/Kolkata,Open-Meteo Historical Weather API
MH-Latur,2011-02-12,24.3,32.0,18.3,0.0,0.0,0.0,41,5.51,0.275,0.284,0.306,25.3,24.8,18.39721,76.56784,ERA5,Asia/Kolkata,Open-Meteo Historical Weather API
MH-Latur,2011-02-13,24.2,32.0,16.4,0.0,0.0,0.0,42,5.53,0.275,0.284,0.306,25.3,24.8,18.39721,76.56784,ERA5,Asia/Kolkata,Open-Meteo Historical Weather API
MH-Latur,2011-02-14,24.3,31.7,17.9,0.0,0.0,0.0,38,6.07,0.275,0.283,0.305,25.2,25.0,18.39721,76.56784,ERA5,Asia/Kolkata,Open-Meteo Historical Weather API
MH-Latur,2011-02-15,24.3,32.0,18.6,0.0,0.0,0.0,34,6.5,0.273,0.281,0.303,25.2,24.9,18.39721,76.56784,ERA5,Asia/Kolkata,Open-Meteo Historical Weather API
MH-Latur,2011-02-16,23.4,29.3,18.9,0.0,0.0,0.0,48,5.22,0.271,0.281,0.303,25.3,24.9,18.39721,76.56784,ERA5,Asia/Kolkata,Open-Meteo Historical Weather API
MH-Latur,2011-02-17,23.3,29.5,17.9,0.0,0.0,0.0,51,4.7,0.27,0.284,0.306,24.9,24.6,18.39721,76.56784,ERA5,Asia/Kolkata,Open-Meteo Historical Weather API
MH-Latur,2011-02-18,23.6,30.9,17.1,0.0,0.0,0.0,50,4.95,0.27,0.285,0.308,25.1,24.8,18.39721,76.56784,ERA5,Asia/Kolkata,Open-Meteo Historical Weather API
MH-Latur,2011-02-19,24.6,32.1,18.6,0.0,0.0,0.0,48,5.06,0.269,0.287,0.309,25.9,25.3,18.39721,76.56784,ERA5,Asia/Kolkata,Open-Meteo Historical Weather API
MH-Latur,2011-02-20,24.6,31.8,19.1,0.0,0.0,0.0,47,5.29,0.27,0.291,0.313,26.1,25.7,18.39721,76.56784,ERA5,Asia/Kolkata,Open-Meteo Historical Weather API
MH-Latur,2011-02-21,24.1,30.3,18.7,0.0,0.0,0.0,58,5.23,0.268,0.289,0.311,25.9,25.5,18.39721,76.56784,ERA5,Asia/Kolkata,Open-Meteo Historical Weather API
MH-Latur,2011-02-22,24.3,30.3,18.8,0.0,0.0,0.0,50,5.02,0.268,0.29,0.312,26.0,25.6,18.39721,76.56784,ERA5,Asia/Kolkata,Open-Meteo Historical Weather API
MH-Latur,2011-02-23,24.2,29.9,19.4,0.1,0.1,1.0,58,4.06,0.27,0.291,0.314,25.8,25.5,18.39721,76.56784,ERA5,Asia/Kolkata,Open-Meteo Historical Weather API
MH-Latur,2011-02-24,23.9,30.1,18.3,0.8,0.8,1.0,69,3.61,0.274,0.293,0.316,25.6,25.4,18.39721,76.56784,ERA5,Asia/Kolkata,Open-Meteo Historical Weather API
MH-Latur,2011-02-25,24.1,30.3,19.0,0.6,0.6,3.0,65,4.14,0.28,0.296,0.319,25.6,25.4,18.39721,76.56784,ERA5,Asia/Kolkata,Open-Meteo Historical Weather API
MH-Latur,2011-02-26,24.2,30.4,18.3,0.0,0.0,0.0,57,4.58,0.282,0.301,0.324,25.6,25.3,18.39721,76.56784,ERA5,Asia/Kolkata,Open-Meteo Historical Weather API
MH-Latur,2011-02-27,24.6,30.3,18.5,0.2,0.2,1.0,62,4.42,0.28,0.301,0.324,25.8,25.5,18.39721,76.56784,ERA5,Asia/Kolkata,Open-Meteo Historical Weather API
MH-Latur,2011-02-28,25.3,30.8,21.0,0.4,0.4,1.0,62,4.2,0.28,0.3,0.324,26.4,25.8,18.39721,76.56784,ERA5,Asia/Kolkata,Open-Meteo Historical Weather API
MH-Latur,2011-03-01,25.5,31.1,20.6,0.0,0.0,0.0,57,4.37,0.281,0.3,0.325,26.4,25.8,18.39721,76.56784,ERA5,Asia/Kolkata,Open-Meteo Historical Weather API
MH-Latur,2011-03-02,26.1,31.7,20.6,0.0,0.0,0.0,54,4.7,0.279,0.301,0.326,27.2,26.2,18.39721,76.56784,ERA5,Asia/Kolkata,Open-Meteo Historical Weather API
MH-Latur,2011-03-03,26.8,33.2,20.7,0.0,0.0,0.0,51,4.96,0.277,0.3,0.326,27.5,26.7,18.39721,76.56784,ERA5,Asia/Kolkata,Open-Meteo Historical Weather API
MH-Latur,2011-03-04,27.1,33.8,21.9,0.0,0.0,0.0,43,5.82,0.273,0.298,0.325,28.1,27.3,18.39721,76.56784,ERA5,Asia/Kolkata,Open-Meteo Historical Weather API
MH-Latur,2011-03-05,27.4,34.2,20.7,0.0,0.0,0.0,44,5.64,0.271,0.294,0.323,28.2,27.4,18.39721,76.56784,ERA5,Asia/Kolkata,Open-Meteo Historical Weather API
MH-Latur,2011-03-06,27.8,35.5,20.4,0.0,0.0,0.0,41,6.17,0.267,0.291,0.321,28.8,27.8,18.39721,76.56784,ERA5,Asia/Kolkata,Open-Meteo Historical Weather API
MH-Latur,2011-03-07,28.4,35.9,21.5,0.0,0.0,0.0,38,6.21,0.264,0.289,0.319,29.1,28.2,18.39721,76.56784,ERA5,Asia/Kolkata,Open-Meteo Historical Weather API
MH-Latur,2011-03-08,28.4,35.9,21.7,0.0,0.0,0.0,39,5.71,0.263,0.288,0.318,29.2,28.6,18.39721,76.56784,ERA5,Asia/Kolkata,Open-Meteo Historical Weather API
MH-Latur,2011-03-09,28.2,34.8,22.5,0.0,0.0,0.0,37,5.95,0.265,0.29,0.319,29.1,28.6,18.39721,76.56784,ERA5,Asia/Kolkata,Open-Meteo Historical Weather API
MH-Latur,2011-03-10,27.2,34.9,20.4,0.0,0.0,0.0,35,6.43,0.265,0.291,0.32,28.7,28.3,18.39721,76.56784,ERA5,Asia/Kolkata,Open-Meteo Historical Weather API
MH-Latur,2011-03-11,26.9,34.4,19.2,0.0,0.0,0.0,36,6.59,0.266,0.292,0.321,28.3,28.1,18.39721,76.56784,ERA5,Asia/Kolkata,Open-Meteo Historical Weather API
MH-Latur,2011-03-12,26.5,33.8,19.2,0.0,0.0,0.0,36,6.83,0.267,0.294,0.323,28.2,28.0,18.39721,76.56784,ERA5,Asia/Kolkata,Open-Meteo Historical Weather API
MH-Latur,2011-03-13,26.7,34.3,19.2,0.0,0.0,0.0,37,6.41,0.268,0.297,0.325,28.4,27.9,18.39721,76.56784,ERA5,Asia/Kolkata,Open-Meteo Historical Weather API
MH-Latur,2011-03-14,26.6,34.7,19.3,0.0,0.0,0.0,34,6.25,0.265,0.294,0.324,28.3,28.1,18.39721,76.56784,ERA5,Asia/Kolkata,Open-Meteo Historical Weather API
MH-Latur,2011-03-15,26.8,35.2,19.0,0.0,0.0,0.0,31,7.1,0.265,0.292,0.323,28.0,27.9,18.39721,76.56784,ERA5,Asia/Kolkata,Open-Meteo Historical Weather API
MH-Latur,2011-03-16,26.6,35.4,19.0,0.0,0.0,0.0,28,7.76,0.264,0.288,0.32,27.7,27.7,18.39721,76.56784,ERA5,Asia/Kolkata,Open-Meteo Historical Weather API
MH-Latur,2011-03-17,27.4,36.1,18.6,0.0,0.0,0.0,27,7.02,0.264,0.287,0.318,27.7,27.5,18.39721,76.56784,ERA5,Asia/Kolkata,Open-Meteo Historical Weather API
MH-Latur,2011-03-18,27.8,36.0,21.1,0.0,0.0,0.0,33,7.07,0.264,0.287,0.318,28.7,28.0,18.39721,76.56784,ERA5,Asia/Kolkata,Open-Meteo Historical Weather API
MH-Latur,2011-03-19,29.1,36.0,21.2,0.0,0.0,0.0,32,6.61,0.265,0.288,0.319,29.2,28.3,18.39721,76.56784,ERA5,Asia/Kolkata,Open-Meteo Historical Weather API
MH-Latur,2011-03-20,28.6,36.2,21.2,0.0,0.0,0.0,33,6.25,0.265,0.29,0.321,29.5,28.6,18.39721,76.56784,ERA5,Asia/Kolkata,Open-Meteo Historical Weather API
MH-Latur,2011-03-21,28.7,36.0,20.8,0.0,0.0,0.0,29,6.77,0.264,0.29,0.32,29.8,28.8,18.39721,76.56784,ERA5,Asia/Kolkata,Open-Meteo Historical Weather API
MH-Latur,2011-03-22,28.8,35.3,23.5,0.0,0.0,0.0,32,6.81,0.26,0.288,0.318,30.3,29.1,18.39721,76.56784,ERA5,Asia/Kolkata,Open-Meteo Historical Weather API
MH-Latur,2011-03-23,29.3,36.0,23.4,0.0,0.0,0.0,34,6.44,0.258,0.287,0.317,30.4,29.4,18.39721,76.56784,ERA5,Asia/Kolkata,Open-Meteo Historical Weather API
MH-Latur,2011-03-24,29.1,35.0,24.5,0.1,0.1,1.0,38,5.93,0.258,0.287,0.318,30.9,29.9,18.39721,76.56784,ERA5,Asia/Kolkata,Open-Meteo Historical Weather API
MH-Latur,2011-03-25,28.8,35.4,23.3,0.0,0.0,0.0,41,5.71,0.258,0.288,0.318,30.4,29.7,18.39721,76.56784,ERA5,Asia/Kolkata,Open-Meteo Historical Weather API
MH-Latur,2011-03-26,28.3,33.7,24.2,0.0,0.0,0.0,42,6.02,0.257,0.286,0.316,30.2,29.7,18.39721,76.56784,ERA5,Asia/Kolkata,Open-Meteo Historical Weather API
MH-Latur,2011-03-27,28.6,36.4,21.7,0.0,0.0,0.0,28,6.51,0.256,0.289,0.317,29.7,29.3,18.39721,76.56784,ERA5,Asia/Kolkata,Open-Meteo Historical Weather API
MH-Latur,2011-03-28,28.8,36.0,21.5,0.0,0.0,0.0,25,7.03,0.255,0.288,0.316,29.8,29.1,18.39721,76.56784,ERA5,Asia/Kolkata,Open-Meteo Historical Weather API
MH-Latur,2011-03-29,29.2,36.9,21.7,0.0,0.0,0.0,24,7.05,0.256,0.284,0.313,30.4,29.5,18.39721,76.56784,ERA5,Asia/Kolkata,Open-Meteo Historical Weather API
MH-Latur,2011-03-30,29.4,37.1,22.8,0.0,0.0,0.0,23,7.67,0.258,0.282,0.31,30.8,29.9,18.39721,76.56784,ERA5,Asia/Kolkata,Open-Meteo Historical Weather API
MH-Latur,2011-03-31,28.9,37.2,21.6,0.0,0.0,0.0,26,7.93,0.263,0.283,0.31,30.3,29.9,18.39721,76.56784,ERA5,Asia/Kolkata,Open-Meteo Historical Weather API
MH-Latur,2011-04-01,28.8,36.5,22.6,0.0,0.0,0.0,20,8.25,0.263,0.281,0.308,30.4,29.8,18.39721,76.56784,ERA5,Asia/Kolkata,Open-Meteo Historical Weather API
MH-Latur,2011-04-02,28.8,36.6,22.0,0.0,0.0,0.0,24,7.71,0.259,0.277,0.303,30.6,29.7,18.39721,76.56784,ERA5,Asia/Kolkata,Open-Meteo Historical Weather API
MH-Latur,2011-04-03,29.2,36.4,23.1,0.0,0.0,0.0,27,8.11,0.258,0.275,0.3,31.1,30.1,18.39721,76.56784,ERA5,Asia/Kolkata,Open-Meteo Historical Weather API
MH-Latur,2011-04-04,29.2,35.8,23.1,0.0,0.0,0.0,26,7.84,0.256,0.274,0.299,31.4,30.4,18.39721,76.56784,ERA5,Asia/Kolkata,Open-Meteo Historical Weather API
MH-Latur,2011-04-05,29.2,36.4,23.0,0.0,0.0,0.0,23,7.53,0.258,0.275,0.299,31.2,30.4,18.39721,76.56784,ERA5,Asia/Kolkata,Open-Meteo Historical Weather API
MH-Latur,2011-04-06,29.6,37.2,22.9,0.0,0.0,0.0,30,6.78,0.257,0.275,0.298,31.2,30.3,18.39721,76.56784,ERA5,Asia/Kolkata,Open-Meteo Historical Weather API
MH-Latur,2011-04-07,29.5,36.2,23.7,0.0,0.0,0.0,45,6.38,0.258,0.279,0.302,31.4,30.7,18.39721,76.56784,ERA5,Asia/Kolkata,Open-Meteo Historical Weather API
MH-Latur,2011-04-08,29.0,34.9,24.0,0.0,0.0,0.0,45,5.15,0.264,0.286,0.308,30.9,30.7,18.39721,76.56784,ERA5,Asia/Kolkata,Open-Meteo Historical Weather API
MH-Latur,2011-04-09,29.0,35.1,24.1,0.0,0.0,0.0,47,5.51,0.265,0.287,0.309,31.1,30.5,18.39721,76.56784,ERA5,Asia/Kolkata,Open-Meteo Historical Weather API
MH-Latur,2011-04-10,28.4,34.3,23.9,1.0,1.0,2.0,50,5.25,0.27,0.287,0.309,30.5,30.5,18.39721,76.56784,ERA5,Asia/Kolkata,Open-Meteo Historical Weather API
MH-Latur,2011-04-11,30.0,36.9,23.3,0.0,0.0,0.0,44,5.54,0.27,0.285,0.307,31.4,30.4,18.39721,76.56784,ERA5,Asia/Kolkata,Open-Meteo Historical Weather API
MH-Latur,2011-04-12,30.1,36.9,24.5,2.3,2.3,2.0,45,5.73,0.269,0.284,0.306,31.9,31.0,18.39721,76.56784,ERA5,Asia/Kolkata,Open-Meteo Historical Weather API
MH-Latur,2011-04-13,30.4,37.8,24.6,1.5,1.5,3.0,46,6.19,0.278,0.285,0.306,32.5,31.5,18.39721,76.56784,ERA5,Asia/Kolkata,Open-Meteo Historical Weather API
MH-Latur,2011-04-14,30.3,36.4,23.4,0.0,0.0,0.0,46,5.89,0.288,0.284,0.305,32.2,31.4,18.39721,76.56784,ERA5,Asia/Kolkata,Open-Meteo Historical Weather API
MH-Latur,2011-04-15,30.9,37.4,26.1,0.0,0.0,0.0,38,7.54,0.279,0.283,0.304,32.7,31.7,18.39721,76.56784,ERA5,Asia/Kolkata,Open-Meteo Historical Weather API
MH-Latur,2011-04-16,30.8,37.1,25.4,0.7,0.7,2.0,42,6.15,0.273,0.282,0.303,32.7,31.9,18.39721,76.56784,ERA5,Asia/Kolkata,Open-Meteo Historical Weather API
MH-Latur,2011-04-17,31.2,38.8,26.3,0.7,0.7,2.0,41,6.66,0.274,0.284,0.304,33.1,32.1,18.39721,76.56784,ERA5,Asia/Kolkata,Open-Meteo Historical Weather API
MH-Latur,2011-04-18,30.8,36.9,24.9,0.0,0.0,0.0,40,6.43,0.287,0.287,0.307,32.6,32.0,18.39721,76.56784,ERA5,Asia/Kolkata,Open-Meteo Historical Weather API
MH-Latur,2011-04-19,31.6,38.0,26.3,0.5,0.5,1.0,37,6.29,0.283,0.286,0.307,33.3,32.2,18.39721,76.56784,ERA5,Asia/Kolkata,Open-Meteo Historical Weather API
MH-Latur,2011-04-20,30.4,36.4,23.8,0.0,0.0,0.0,39,6.19,0.284,0.293,0.313,32.6,32.2,18.39721,76.56784,ERA5,Asia/Kolkata,Open-Meteo Historical Weather API
MH-Latur,2011-04-21,31.4,37.5,26.7,0.0,0.0,0.0,42,7.32,0.276,0.29,0.311,32.8,32.0,18.39721,76.56784,ERA5,Asia/Kolkata,Open-Meteo Historical Weather API
MH-Latur,2011-04-22,28.8,34.2,25.0,0.0,0.0,0.0,57,5.86,0.271,0.289,0.31,31.9,31.8,18.39721,76.56784,ERA5,Asia/Kolkata,Open-Meteo Historical Weather API
MH-Latur,2011-04-23,28.6,34.9,23.6,0.0,0.0,0.0,51,5.52,0.268,0.287,0.308,31.4,31.2,18.39721,76.56784,ERA5,Asia/Kolkata,Open-Meteo Historical Weather API
MH-Latur,2011-04-24,28.9,34.7,23.8,0.0,0.0,0.0,46,5.54,0.268,0.29,0.311,31.5,31.3,18.39721,76.56784,ERA5,Asia/Kolkata,Open-Meteo Historical Weather API
MH-Latur,2011-04-25,29.4,36.2,22.7,0.0,0.0,0.0,44,5.98,0.266,0.291,0.312,31.4,31.3,18.39721,76.56784,ERA5,Asia/Kolkata,Open-Meteo Historical Weather API
MH-Latur,2011-04-26,30.6,37.5,25.3,0.0,0.0,0.0,41,6.52,0.263,0.289,0.31,32.2,31.5,18.39721,76.56784,ERA5,Asia/Kolkata,Open-Meteo Historical Weather API
MH-Latur,2011-04-27,31.4,39.0,24.6,0.0,0.0,0.0,35,7.67,0.261,0.286,0.308,32.8,31.7,18.39721,76.56784,ERA5,Asia/Kolkata,Open-Meteo Historical Weather API
MH-Latur,2011-04-28,32.0,40.5,24.2,0.0,0.0,0.0,29,8.04,0.26,0.287,0.308,33.1,32.1,18.39721,76.56784,ERA5,Asia/Kolkata,Open-Meteo Historical Weather API
MH-Latur,2011-04-29,32.5,39.8,26.0,0.0,0.0,0.0,26,8.06,0.256,0.286,0.306,33.6,32.5,18.39721,76.56784,ERA5,Asia/Kolkata,Open-Meteo Historical Weather API
MH-Latur,2011-04-30,32.4,39.0,25.8,0.0,0.0,0.0,30,7.44,0.253,0.284,0.305,34.0,32.8,18.39721,76.56784,ERA5,Asia/Kolkata,Open-Meteo Historical Weather API
MH-Latur,2011-05-01,31.4,37.8,27.5,1.2,1.2,2.0,44,6.09,0.262,0.287,0.307,33.9,33.3,18.39721,76.56784,ERA5,Asia/Kolkata,Open-Meteo Historical Weather API
MH-Latur,2011-05-02,31.8,38.4,27.1,1.6,1.6,1.0,43,6.43,0.276,0.287,0.306,33.2,32.8,18.39721,76.56784,ERA5,Asia/Kolkata,Open-Meteo Historical Weather API
MH-Latur,2011-05-03,32.5,38.9,27.4,0.0,0.0,0.0,34,7.75,0.268,0.282,0.303,33.9,32.8,18.39721,76.56784,ERA5,Asia/Kolkata,Open-Meteo Historical Weather API
MH-Latur,2011-05-04,32.3,38.8,25.8,0.0,0.0,0.0,28,9.2,0.262,0.278,0.299,34.1,33.2,18.39721,76.56784,ERA5,Asia/Kolkata,Open-Meteo Historical Weather API
MH-Latur,2011-05-05,31.3,37.9,24.8,0.0,0.0,0.0,34,8.57,0.256,0.276,0.296,33.7,33.0,18.39721,76.56784,ERA5,Asia/Kolkata,Open-Meteo Historical Weather API
MH-Latur,2011-05-06,31.9,38.3,25.6,0.0,0.0,0.0,34,7.86,0.251,0.274,0.294,34.4,33.2,18.39721,76.56784,ERA5,Asia/Kolkata,Open-Meteo Historical Weather API
MH-Latur,2011-05-07,31.7,37.8,26.5,0.0,0.0,0.0,26,8.55,0.246,0.272,0.291,34.4,33.5,18.39721,76.56784,ERA5,Asia/Kolkata,Open-Meteo Historical Weather API
MH-Latur,2011-05-08,31.7,38.7,25.2,0.0,0.0,0.0,38,7.09,0.246,0.271,0.288,34.0,33.3,18.39721,76.56784,ERA5,Asia/Kolkata,Open-Meteo Historical Weather API
MH-Latur,2011-05-09,32.1,38.1,27.9,1.1,1.1,3.0,39,6.6,0.251,0.271,0.288,34.2,33.3,18.39721,76.56784,ERA5,Asia/Kolkata,Open-Meteo Historical Weather API
MH-Latur,2011-05-10,31.3,37.4,27.5,0.6,0.6,2.0,39,6.56,0.262,0.272,0.29,34.0,33.4,18.39721,76.56784,ERA5,Asia/Kolkata,Open-Meteo Historical Weather API
MH-Latur,2011-05-11,32.2,38.0,26.9,0.0,0.0,0.0,31,7.25,0.266,0.272,0.289,34.1,33.2,18.39721,76.56784,ERA5,Asia/Kolkata,Open-Meteo Historical Weather API
MH-Latur,2011-05-12,32.6,39.4,26.1,0.0,0.0,0.0,25,8.35,0.261,0.272,0.288,34.4,33.3,18.39721,76.56784,ERA5,Asia/Kolkata,Open-Meteo Historical Weather API
MH-Latur,2011-05-13,33.3,39.7,27.3,0.0,0.0,0.0,29,7.3,0.258,0.271,0.288,34.9,33.6,18.39721,76.56784,ERA5,Asia/Kolkata,Open-Meteo Historical Weather API
MH-Latur,2011-05-14,33.4,40.0,28.5,0.0,0.0,0.0,30,7.24,0.256,0.27,0.289,35.4,34.0,18.39721,76.56784,ERA5,Asia/Kolkata,Open-Meteo Historical Weather API
MH-Latur,2011-05-15,33.4,39.9,27.6,0.0,0.0,0.0,28,7.38,0.255,0.27,0.29,35.5,34.2,18.39721,76.56784,ERA5,Asia/Kolkata,Open-Meteo Historical Weather API
MH-Latur,2011-05-16,33.0,39.0,28.5,0.0,0.0,0.0,34,7.36,0.255,0.271,0.294,35.4,34.6,18.39721,76.56784,ERA5,Asia/Kolkata,Open-Meteo Historical Weather API
MH-Latur,2011-05-17,34.1,40.8,27.3,0.0,0.0,0.0,31,8.18,0.253,0.27,0.291,35.8,34.6,18.39721,76.56784,ERA5,Asia/Kolkata,Open-Meteo Historical Weather API
MH-Latur,2011-05-18,31.7,37.4,27.5,3.2,3.2,4.0,44,5.83,0.263,0.268,0.291,34.9,34.8,18.39721,76.56784,ERA5,Asia/Kolkata,Open-Meteo Historical Weather API
MH-Latur,2011-05-19,33.5,40.6,27.2,1.9,1.9,1.0,40,7.22,0.288,0.267,0.291,35.3,34.1,18.39721,76.56784,ERA5,Asia/Kolkata,Open-Meteo Historical Weather API
MH-Latur,2011-05-20,33.5,39.5,27.4,0.0,0.0,0.0,33,9.06,0.293,0.266,0.289,35.3,34.4,18.39721,76.56784,ERA5,Asia/Kolkata,Open-Meteo Historical Weather API
MH-Latur,2011-05-21,31.7,38.6,25.5,0.0,0.0,0.0,42,8.56,0.279,0.266,0.289,34.3,33.9,18.39721,76.56784,ERA5,Asia/Kolkata,Open-Meteo Historical Weather API
MH-Latur,2011-05-22,31.8,37.8,25.7,0.0,0.0,0.0,46,7.42,0.271,0.266,0.288,34.2,33.4,18.39721,76.56784,ERA5,Asia/Kolkata,Open-Meteo Historical Weather API
MH-Latur,2011-05-23,32.4,37.9,27.2,0.0,0.0,0.0,46,6.85,0.264,0.265,0.286,34.9,33.7,18.39721,76.56784,ERA5,Asia/Kolkata,Open-Meteo Historical Weather API
MH-Latur,2011-05-24,32.8,38.4,27.0,0.0,0.0,0.0,44,6.85,0.259,0.264,0.282,35.2,34.0,18.39721,76.56784,ERA5,Asia/Kolkata,Open-Meteo Historical Weather API
MH-Latur,2011-05-25,32.3,40.0,27.0,0.6,0.6,3.0,43,6.59,0.261,0.263,0.276,35.1,34.4,18.39721,76.56784,ERA5,Asia/Kolkata,Open-Meteo Historical Weather API
MH-Latur,2011-05-26,29.8,36.1,25.7,0.8,0.8,2.0,51,6.32,0.283,0.263,0.283,33.3,33.9,18.39721,76.56784,ERA5,Asia/Kolkata,Open-Meteo Historical Weather API
MH-Latur,2011-05-27,31.2,38.9,26.3,2.2,2.2,3.0,49,6.31,0.293,0.264,0.287,33.8,33.6,18.39721,76.56784,ERA5,Asia/Kolkata,Open-Meteo Historical Weather API
MH-Latur,2011-05-28,31.2,39.1,26.4,0.6,0.6,1.0,52,6.21,0.307,0.265,0.294,33.5,33.4,18.39721,76.56784,ERA5,Asia/Kolkata,Open-Meteo Historical Weather API
MH-Latur,2011-05-29,33.0,39.0,28.3,0.0,0.0,0.0,42,7.3,0.3,0.264,0.29,34.3,33.5,18.39721,76.56784,ERA5,Asia/Kolkata,Open-Meteo Historical Weather API
MH-Latur,2011-05-30,33.1,38.8,27.9,0.0,0.0,0.0,42,7.47,0.286,0.263,0.286,34.7,34.0,18.39721,76.56784,ERA5,Asia/Kolkata,Open-Meteo Historical Weather API
MH-Latur,2011-05-31,32.5,38.0,28.0,1.0,1.0,2.0,44,7.21,0.281,0.263,0.288,34.6,34.0,18.39721,76.56784,ERA5,Asia/Kolkata,Open-Meteo Historical Weather API
MH-Latur,2011-06-01,32.4,39.3,27.0,0.0,0.0,0.0,43,7.1,0.274,0.264,0.288,34.7,33.9,18.39721,76.56784,ERA5,Asia/Kolkata,Open-Meteo Historical Weather API
MH-Latur,2011-06-02,30.2,36.5,24.6,7.1,7.1,4.0,60,5.25,0.277,0.262,0.284,33.9,33.8,18.39721,76.56784,ERA5,Asia/Kolkata,Open-Meteo Historical Weather API
MH-Latur,2011-06-03,26.8,32.9,23.6,11.7,11.7,10.0,79,3.61,0.42,0.266,0.28,30.5,32.2,18.39721,76.56784,ERA5,Asia/Kolkata,Open-Meteo Historical Weather API
MH-Latur,2011-06-04,26.0,32.6,23.1,15.6,15.6,11.0,79,3.85,0.452,0.296,0.28,28.8,30.1,18.39721,76.56784,ERA5,Asia/Kolkata,Open-Meteo Historical Weather API
MH-Latur,2011-06-05,27.5,32.5,23.3,3.0,3.0,6.0,75,4.7,0.442,0.333,0.277,29.1,29.2,18.39721,76.56784,ERA5,Asia/Kolkata,Open-Meteo Historical Weather API
MH-Latur,2011-06-06,27.7,32.4,23.6,2.7,2.7,2.0,73,5.06,0.416,0.337,0.275,29.4,29.5,18.39721,76.56784,ERA5,Asia/Kolkata,Open-Meteo Historical Weather API
MH-Latur,2011-06-07,28.1,33.6,24.0,0.0,0.0,0.0,69,4.74,0.395,0.333,0.273,29.6,29.5,18.39721,76.56784,ERA5,Asia/Kolkata,Open-Meteo Historical Weather API
MH-Latur,2011-06-08,27.8,32.8,24.4,4.1,4.1,4.0,71,5.32,0.383,0.327,0.272,29.5,29.4,18.39721,76.56784,ERA5,Asia/Kolkata,Open-Meteo Historical Weather API
MH-Latur,2011-06-09,25.7,29.9,23.1,5.3,5.3,8.0,78,4.17,0.392,0.324,0.271,28.2,29.0,18.39721,76.56784,ERA5,Asia/Kolkata,Open-Meteo Historical Weather API
MH-Latur,2011-06-10,24.2,27.5,22.1,10.7,10.7,17.0,81,3.7,0.444,0.331,0.272,26.9,28.1,18.39721,76.56784,ERA5,Asia/Kolkata,Open-Meteo Historical Weather API
MH-Latur,2011-06-11,25.5,30.3,21.8,0.3,0.3,2.0,78,4.12,0.439,0.349,0.272,27.1,27.7,18.39721,76.56784,ERA5,Asia/Kolkata,Open-Meteo Historical Weather API
MH-Latur,2011-06-12,26.5,31.4,22.3,0.0,0.0,0.0,71,4.86,0.403,0.349,0.272,27.7,27.8,18.39721,76.56784,ERA5,Asia/Kolkata,Open-Meteo Historical Weather API
MH-Latur,2011-06-13,26.4,31.8,22.6,0.9,0.9,4.0,73,4.81,0.38,0.344,0.272,28.0,28.1,18.39721,76.56784,ERA5,Asia/Kolkata,Open-Meteo Historical Weather API
MH-Latur,2011-06-14,27.4,33.2,23.3,0.3,0.3,2.0,68,5.05,0.362,0.336,0.27,28.3,28.2,18.39721,76.56784,ERA5,Asia/Kolkata,Open-Meteo Historical Weather API
MH-Latur,2011-06-15,27.1,31.9,23.6,0.4,0.4,1.0,67,5.13,0.347,0.33,0.269,28.2,28.1,18.39721,76.56784,ERA5,Asia/Kolkata,Open-Meteo Historical Weather API
MH-Latur,2011-06-16,26.9,30.9,23.7,0.3,0.3,1.0,68,4.99,0.334,0.323,0.268,28.2,28.1,18.39721,76.56784,ERA5,Asia/Kolkata,Open-Meteo Historical Weather API
MH-Latur,2011-06-17,27.1,31.4,23.2,0.1,0.1,1.0,68,5.4,0.326,0.316,0.268,28.3,28.0,18.39721,76.56784,ERA5,Asia/Kolkata,Open-Meteo Historical Weather API
MH-Latur,2011-06-18,28.0,32.7,23.8,0.0,0.0,0.0,60,6.76,0.314,0.309,0.267,29.1,28.4,18.39721,76.56784,ERA5,Asia/Kolkata,Open-Meteo Historical Weather API
MH-Latur,2011-06-19,28.4,34.0,24.2,0.6,0.6,3.0,62,6.34,0.302,0.304,0.265,29.4,28.8,18.39721,76.56784,ERA5,Asia/Kolkata,Open-Meteo Historical Weather API
MH-Latur,2011-06-20,28.2,32.7,23.8,0.8,0.8,5.0,63,6.02,0.294,0.295,0.264,29.4,28.8,18.39721,76.56784,ERA5,Asia/Kolkata,Open-Meteo Historical Weather API
MH-Latur,2011-06-21,27.8,32.6,24.4,0.0,0.0,0.0,63,5.81,0.288,0.29,0.263,29.3,28.8,18.39721,76.56784,ERA5,Asia/Kolkata,Open-Meteo Historical Weather API
MH-Latur,2011-06-22,27.6,33.0,23.8,0.1,0.1,1.0,65,5.67,0.284,0.288,0.263,29.3,28.9,18.39721,76.56784,ERA5,Asia/Kolkata,Open-Meteo Historical Weather API
MH-Latur,2011-06-23,28.6,34.0,23.5,0.2,0.2,1.0,61,6.59,0.278,0.284,0.262,29.9,29.2,18.39721,76.56784,ERA5,Asia/Kolkata,Open-Meteo Historical Weather API
MH-Latur,2011-06-24,28.2,33.6,23.8,0.0,0.0,0.0,61,6.1,0.275,0.281,0.262,30.1,29.6,18.39721,76.56784,ERA5,Asia/Kolkata,Open-Meteo Historical Weather API
MH-Latur,2011-06-25,27.1,31.7,24.0,2.1,2.1,7.0,68,3.69,0.279,0.276,0.261,28.6,29.0,18.39721,76.56784,ERA5,Asia/Kolkata,Open-Meteo Historical Weather API
MH-Latur,2011-06-26,27.4,30.7,24.6,1.6,1.6,6.0,66,4.7,0.284,0.273,0.26,28.4,28.1,18.39721,76.56784,ERA5,Asia/Kolkata,Open-Meteo Historical Weather API
MH-Latur,2011-06-27,28.2,33.9,23.8,0.9,0.9,5.0,64,6.0,0.293,0.272,0.26,29.1,28.3,18.39721,76.56784,ERA5,Asia/Kolkata,Open-Meteo Historical Weather API
MH-Latur,2011-06-28,27.4,32.3,24.2,0.0,0.0,0.0,66,4.76,0.292,0.272,0.26,28.7,28.6,18.39721,76.56784,ERA5,Asia/Kolkata,Open-Meteo Historical Weather API
MH-Latur,2011-06-29,27.7,32.6,24.0,0.2,0.2,2.0,64,5.65,0.29,0.274,0.26,29.2,28.6,18.39721,76.56784,ERA5,Asia/Kolkata,Open-Meteo Historical Weather API
MH-Latur,2011-06-30,28.6,33.6,22.9,0.0,0.0,0.0,57,6.2,0.282,0.271,0.26,29.7,29.0,18.39721,76.56784,ERA5,Asia/Kolkata,Open-Meteo Historical Weather API
MH-Latur,2011-07-01,28.9,34.6,23.7,0.0,0.0,0.0,58,6.42,0.276,0.271,0.26,30.9,29.8,18.39721,76.56784,ERA5,Asia/Kolkata,Open-Meteo Historical Weather API
MH-Latur,2011-07-02,27.9,35.0,24.7,4.6,4.6,9.0,66,5.24,0.288,0.27,0.26,30.6,30.2,18.39721,76.56784,ERA5,Asia/Kolkata,Open-Meteo Historical Weather API
MH-Latur,2011-07-03,27.2,33.0,24.0,1.1,1.1,1.0,66,4.62,0.315,0.269,0.259,29.2,29.3,18.39721,76.56784,ERA5,Asia/Kolkata,Open-Meteo Historical Weather API
MH-Latur,2011-07-04,27.2,31.8,23.5,0.0,0.0,0.0,64,3.79,0.311,0.269,0.259,28.7,28.9,18.39721,76.56784,ERA5,Asia/Kolkata,Open-Meteo Historical Weather API
MH-Latur,2011-07-05,26.4,31.2,23.4,12.2,12.2,13.0,72,3.51,0.33,0.269,0.259,28.3,28.5,18.39721,76.56784,ERA5,Asia/Kolkata,Open-Meteo Historical Weather API
MH-Latur,2011-07-06,24.5,27.0,22.6,23.3,23.3,22.0,87,1.76,0.482,0.3,0.257,26.2,27.3,18.39721,76.56784,ERA5,Asia/Kolkata,Open-Meteo Historical Weather API
MH-Latur,2011-07-07,24.3,27.7,22.5,14.5,14.5,20.0,86,1.9,0.494,0.397,0.257,25.5,26.3,18.39721,76.56784,ERA5,Asia/Kolkata,Open-Meteo Historical Weather API
MH-Latur,2011-07-08,25.7,30.2,22.9,1.7,1.7,5.0,76,4.22,0.458,0.415,0.257,26.5,26.4,18.39721,76.56784,ERA5,Asia/Kolkata,Open-Meteo Historical Weather API
MH-Latur,2011-07-09,25.5,29.2,22.7,5.5,5.5,10.0,77,3.37,0.457,0.415,0.258,26.1,26.5,18.39721,76.56784,ERA5,Asia/Kolkata,Open-Meteo Historical Weather API
MH-Latur,2011-07-10,26.5,31.0,22.1,0.2,0.2,1.0,71,5.27,0.432,0.41,0.258,27.1,26.7,18.39721,76.56784,ERA5,Asia/Kolkata,Open-Meteo Historical Weather API
MH-Latur,2011-07-11,26.4,31.7,22.6,0.7,0.7,5.0,71,4.61,0.412,0.399,0.258,27.2,27.0,18.39721,76.56784,ERA5,Asia/Kolkata,Open-Meteo Historical Weather API
MH-Latur,2011-07-12,26.1,30.1,22.9,3.9,3.9,8.0,76,3.99,0.414,0.39,0.258,27.1,26.9,18.39721,76.56784,ERA5,Asia/Kolkata,Open-Meteo Historical Weather API
MH-Latur,2011-07-13,23.3,24.7,22.3,66.9,66.9,24.0,89,1.04,0.498,0.458,0.269,24.7,26.0,18.39721,76.56784,ERA5,Asia/Kolkata,Open-Meteo Historical Weather API
MH-Latur,2011-07-14,23.9,27.2,21.4,6.7,6.7,13.0,85,2.38,0.5,0.496,0.31,24.5,25.0,18.39721,76.56784,ERA5,Asia/Kolkata,Open-Meteo Historical Weather API
MH-Latur,2011-07-15,25.3,30.5,21.9,4.5,4.5,9.0,81,3.37,0.485,0.478,0.317,25.5,25.3,18.39721,76.56784,ERA5,Asia/Kolkata,Open-Meteo Historical Weather API
MH-Latur,2011-07-16,25.5,30.6,22.8,5.0,5.0,7.0,82,3.53,0.482,0.469,0.32,26.0,25.8,18.39721,76.56784,ERA5,Asia/Kolkata,Open-Meteo Historical Weather API
MH-Latur,2011-07-17,25.8,29.7,23.5,7.7,7.7,8.0,82,3.53,0.486,0.468,0.321,26.3,26.1,18.39721,76.56784,ERA5,Asia/Kolkata,Open-Meteo Historical Weather API
MH-Latur,2011-07-18,25.5,29.6,23.7,4.3,4.3,12.0,83,2.88,0.486,0.47,0.323,25.9,25.9,18.39721,76.56784,ERA5,Asia/Kolkata,Open-Meteo Historical Weather API
MH-Latur,2011-07-19,25.9,29.1,23.3,0.7,0.7,2.0,79,4.09,0.475,0.464,0.325,26.3,25.9,18.39721,76.56784,ERA5,Asia/Kolkata,Open-Meteo Historical Weather API
MH-Latur,2011-07-20,25.4,27.8,23.6,3.3,3.3,12.0,80,3.09,0.468,0.456,0.326,25.8,25.9,18.39721,76.56784,ERA5,Asia/Kolkata,Open-Meteo Historical Weather API
MH-Latur,2011-07-21,25.7,29.2,23.5,0.3,0.3,2.0,77,3.19,0.461,0.451,0.326,25.7,25.5,18.39721,76.56784,ERA5,Asia/Kolkata,Open-Meteo Historical Weather API
MH-Latur,2011-07-22,25.2,29.2,22.9,0.7,0.7,3.0,78,3.22,0.447,0.442,0.326,25.5,25.5,18.39721,76.56784,ERA5,Asia/Kolkata,Open-Meteo Historical Weather API
MH-Latur,2011-07-23,25.4,29.6,23.0,3.7,3.7,7.0,79,4.17,0.444,0.434,0.325,26.0,25.6,18.39721,76.56784,ERA5,Asia/Kolkata,Open-Meteo Historical Weather API
MH-Latur,2011-07-24,25.8,29.5,22.4,1.0,1.0,6.0,76,4.47,0.438,0.425,0.324,26.5,25.9,18.39721,76.56784,ERA5,Asia/Kolkata,Open-Meteo Historical Weather API
MH-Latur,2011-07-25,25.8,29.1,23.0,1.8,1.8,6.0,76,2.78,0.427,0.418,0.324,26.3,26.1,18.39721,76.56784,ERA5,Asia/Kolkata,Open-Meteo Historical Weather API
MH-Latur,2011-07-26,26.1,31.4,22.7,2.4,2.4,7.0,80,3.19,0.434,0.413,0.323,26.8,26.2,18.39721,76.56784,ERA5,Asia/Kolkata,Open-Meteo Historical Weather API
MH-Latur,2011-07-27,25.5,29.3,22.8,9.1,9.1,11.0,82,3.44,0.464,0.413,0.322,26.5,26.2,18.39721,76.56784,ERA5,Asia/Kolkata,Open-Meteo Historical Weather API
MH-Latur,2011-07-28,25.9,31.3,22.6,10.7,10.7,12.0,78,3.82,0.482,0.434,0.321,26.5,26.1,18.39721,76.56784,ERA5,Asia/Kolkata,Open-Meteo Historical Weather API
MH-Latur,2011-07-29,25.4,30.0,22.3,9.8,9.8,7.0,82,4.13,0.485,0.457,0.321,26.5,26.2,18.39721,76.56784,ERA5,Asia/Kolkata,Open-Meteo Historical Weather API
MH-Latur,2011-07-30,25.0,28.9,22.5,12.4,12.4,16.0,85,3.61,0.501,0.481,0.322,26.3,26.3,18.39721,76.56784,ERA5,Asia/Kolkata,Open-Meteo Historical Weather API
MH-Latur,2011-07-31,24.5,27.6,21.8,17.8,17.8,11.0,86,2.91,0.499,0.49,0.327,25.4,25.9,18.39721,76.56784,ERA5,Asia/Kolkata,Open-Meteo Historical Weather API
MH-Latur,2011-08-01,24.8,28.0,22.7,3.9,3.9,6.0,82,3.35,0.49,0.484,0.334,25.4,25.6,18.39721,76.56784,ERA5,Asia/Kolkata,Open-Meteo Historical Weather API
MH-Latur,2011-08-02,25.5,30.5,22.3,3.7,3.7,11.0,81,3.38,0.482,0.473,0.337,25.6,25.5,18.39721,76.56784,ERA5,Asia/Kolkata,Open-Meteo Historical Weather API
MH-Latur,2011-08-03,25.1,27.9,23.0,5.9,5.9,15.0,83,2.52,0.486,0.469,0.339,25.5,25.4,18.39721,76.56784,ERA5,Asia/Kolkata,Open-Meteo Historical Weather API
MH-Latur,2011-08-04,25.1,29.1,22.7,4.8,4.8,11.0,83,3.45,0.485,0.473,0.341,25.7,25.4,18.39721,76.56784,ERA5,Asia/Kolkata,Open-Meteo Historical Weather API
MH-Latur,2011-08-05,26.1,29.7,23.3,3.6,3.6,4.0,77,4.02,0.472,0.463,0.342,26.1,25.6,18.39721,76.56784,ERA5,Asia/Kolkata,Open-Meteo Historical Weather API
MH-Latur,2011-08-06,25.0,27.8,23.1,4.8,4.8,13.0,82,2.84,0.471,0.457,0.342,25.5,25.6,18.39721,76.56784,ERA5,Asia/Kolkata,Open-Meteo Historical Weather API
MH-Latur,2011-08-07,25.3,28.9,22.8,1.1,1.1,6.0,80,3.58,0.469,0.455,0.343,25.5,25.3,18.39721,76.56784,ERA5,Asia/Kolkata,Open-Meteo Historical Weather API
MH-Latur,2011-08-08,25.5,28.6,23.4,0.5,0.5,4.0,78,3.76,0.454,0.447,0.344,25.7,25.5,18.39721,76.56784,ERA5,Asia/Kolkata,Open-Meteo Historical Weather API
MH-Latur,2011-08-09,25.5,28.4,23.2,0.2,0.2,2.0,77,3.09,0.44,0.438,0.345,25.6,25.6,18.39721,76.56784,ERA5,Asia/Kolkata,Open-Meteo Historical Weather API
MH-Latur,2011-08-10,26.1,30.0,23.2,0.4,0.4,3.0,75,4.02,0.427,0.429,0.343,26.2,25.6,18.39721,76.56784,ERA5,Asia/Kolkata,Open-Meteo Historical Weather API
MH-Latur,2011-08-11,26.4,30.1,22.5,0.5,0.5,4.0,73,4.77,0.413,0.418,0.34,26.4,25.8,18.39721,76.56784,ERA5,Asia/Kolkata,Open-Meteo Historical Weather API
MH-Latur,2011-08-12,25.8,30.7,23.4,2.6,2.6,6.0,76,3.98,0.401,0.407,0.338,26.2,25.9,18.39721,76.56784,ERA5,Asia/Kolkata,Open-Meteo Historical Weather API
MH-Latur,2011-08-13,24.9,27.1,23.0,1.6,1.6,9.0,81,2.57,0.401,0.401,0.337,25.3,25.5,18.39721,76.56784,ERA5,Asia/Kolkata,Open-Meteo Historical Weather API
MH-Latur,2011-08-14,25.2,29.1,22.8,3.7,3.7,6.0,81,3.38,0.43,0.398,0.336,25.6,25.2,18.39721,76.56784,ERA5,Asia/Kolkata,Open-Meteo Historical Weather API
MH-Latur,2011-08-15,25.9,30.3,22.3,1.5,1.5,1.0,79,3.85,0.45,0.402,0.335,26.2,25.6,18.39721,76.56784,ERA5,Asia/Kolkata,Open-Meteo Historical Weather API
MH-Latur,2011-08-16,26.1,30.0,22.8,0.5,0.5,5.0,75,4.3,0.428,0.399,0.333,26.5,25.9,18.39721,76.56784,ERA5,Asia/Kolkata,Open-Meteo Historical Weather API
MH-Latur,2011-08-17,25.9,29.6,22.5,1.4,1.4,6.0,76,4.19,0.412,0.391,0.33,26.7,26.1,18.39721,76.56784,ERA5,Asia/Kolkata,Open-Meteo Historical Weather API
MH-Latur,2011-08-18,25.5,29.9,23.0,7.2,7.2,11.0,79,3.6,0.421,0.384,0.328,26.5,26.2,18.39721,76.56784,ERA5,Asia/Kolkata,Open-Meteo Historical Weather API
MH-Latur,2011-08-19,24.7,28.5,22.8,16.5,16.5,17.0,86,2.46,0.474,0.4,0.324,25.7,25.8,18.39721,76.56784,ERA5,Asia/Kolkata,Open-Meteo Historical Weather API
MH-Latur,2011-08-20,24.2,27.9,22.4,16.0,16.0,22.0,89,2.46,0.506,0.46,0.325,25.5,25.5,18.39721,76.56784,ERA5,Asia/Kolkata,Open-Meteo Historical Weather API
MH-Latur,2011-08-21,24.8,29.3,22.3,14.5,14.5,12.0,86,3.18,0.503,0.492,0.333,25.9,25.5,18.39721,76.56784,ERA5,Asia/Kolkata,Open-Meteo Historical Weather API
MH-Latur,2011-08-22,25.5,29.2,23.0,11.3,11.3,20.0,86,2.81,0.506,0.495,0.341,26.2,25.8,18.39721,76.56784,ERA5,Asia/Kolkata,Open-Meteo Historical Weather API
MH-Latur,2011-08-23,25.4,29.6,23.2,32.2,32.2,13.0,84,3.64,0.499,0.496,0.351,26.7,26.0,18.39721,76.56784,ERA5,Asia/Kolkata,Open-Meteo Historical Weather API
MH-Latur,2011-08-24,25.3,29.7,22.9,9.0,9.0,17.0,85,2.76,0.504,0.5,0.371,26.1,26.0,18.39721,76.56784,ERA5,Asia/Kolkata,Open-Meteo Historical Weather API
MH-Latur,2011-08-25,23.4,26.4,22.2,13.0,13.0,23.0,89,1.43,0.508,0.501,0.382,24.4,25.2,18.39721,76.56784,ERA5,Asia/Kolkata,Open-Meteo Historical Weather API
MH-Latur,2011-08-26,22.4,24.9,21.4,15.3,15.3,23.0,92,1.39,0.508,0.504,0.395,23.5,24.3,18.39721,76.56784,ERA5,Asia/Kolkata,Open-Meteo Historical Weather API
MH-Latur,2011-08-27,22.2,23.6,21.2,18.8,18.8,24.0,92,1.31,0.511,0.51,0.413,22.9,23.7,18.39721,76.56784,ERA5,Asia/Kolkata,Open-Meteo Historical Weather API
MH-Latur,2011-08-28,24.1,27.7,21.4,6.0,6.0,15.0,84,3.1,0.501,0.5,0.428,24.0,23.8,18.39721,76.56784,ERA5,Asia/Kolkata,Open-Meteo Historical Weather API
MH-Latur,2011-08-29,24.6,27.9,22.0,4.8,4.8,13.0,83,2.96,0.496,0.495,0.433,24.4,24.2,18.39721,76.56784,ERA5,Asia/Kolkata,Open-Meteo Historical Weather API
MH-Latur,2011-08-30,24.6,27.9,22.1,6.8,6.8,10.0,85,2.99,0.493,0.492,0.436,24.9,24.6,18.39721,76.56784,ERA5,Asia/Kolkata,Open-Meteo Historical Weather API
MH-Latur,2011-08-31,24.5,26.8,22.4,13.3,13.3,14.0,87,2.4,0.499,0.497,0.44,24.9,24.7,18.39721,76.56784,ERA5,Asia/Kolkata,Open-Meteo Historical Weather API
MH-Latur,2011-09-01,24.5,27.7,22.6,10.8,10.8,19.0,88,2.51,0.506,0.507,0.449,25.0,24.8,18.39721,76.56784,ERA5,Asia/Kolkata,Open-Meteo Historical Weather API
MH-Latur,2011-09-02,24.6,29.0,23.0,5.8,5.8,12.0,87,2.42,0.499,0.501,0.458,24.8,24.7,18.39721,76.56784,ERA5,Asia/Kolkata,Open-Meteo Historical Weather API
MH-Latur,2011-09-03,25.1,28.5,23.0,5.7,5.7,3.0,83,3.4,0.49,0.494,0.463,25.3,24.8,18.39721,76.56784,ERA5,Asia/Kolkata,Open-Meteo Historical Weather API
MH-Latur,2011-09-04,24.9,27.5,23.0,1.7,1.7,4.0,83,3.07,0.486,0.487,0.465,25.1,24.9,18.39721,76.56784,ERA5,Asia/Kolkata,Open-Meteo Historical Weather API
MH-Latur,2011-09-05,25.2,28.9,22.0,0.7,0.7,3.0,79,4.06,0.477,0.481,0.465,25.3,25.0,18.39721,76.56784,ERA5,Asia/Kolkata,Open-Meteo Historical Weather API
MH-Latur,2011-09-06,24.9,28.8,21.8,2.5,2.5,4.0,80,3.39,0.467,0.473,0.464,25.1,25.0,18.39721,76.56784,ERA5,Asia/Kolkata,Open-Meteo Historical Weather API
MH-Latur,2011-09-07,24.6,29.0,22.3,10.0,10.0,14.0,83,3.21,0.491,0.479,0.463,25.1,24.8,18.39721,76.56784,ERA5,Asia/Kolkata,Open-Meteo Historical Weather API
MH-Latur,2011-09-08,25.5,29.4,22.2,0.0,0.0,0.0,77,3.65,0.479,0.483,0.463,25.3,24.8,18.39721,76.56784,ERA5,Asia/Kolkata,Open-Meteo Historical Weather API
MH-Latur,2011-09-09,25.5,30.3,22.0,0.1,0.1,1.0,75,3.99,0.464,0.473,0.462,25.3,24.9,18.39721,76.56784,ERA5,Asia/Kolkata,Open-Meteo Historical Weather API
MH-Latur,2011-09-10,25.3,30.1,21.9,0.3,0.3,1.0,77,3.51,0.454,0.464,0.46,25.2,24.8,18.39721,76.56784,ERA5,Asia/Kolkata,Open-Meteo Historical Weather API
MH-Latur,2011-09-11,25.8,29.5,22.9,0.9,0.9,5.0,76,4.02,0.447,0.457,0.458,25.8,25.1,18.39721,76.56784,ERA5,Asia/Kolkata,Open-Meteo Historical Weather API
MH-Latur,2011-09-12,25.4,29.3,22.3,0.6,0.6,3.0,76,4.01,0.438,0.449,0.456,25.8,25.3,18.39721,76.56784,ERA5,Asia/Kolkata,Open-Meteo Historical Weather API
MH-Latur,2011-09-13,25.8,30.2,22.2,0.0,0.0,0.0,75,4.45,0.426,0.439,0.454,26.2,25.5,18.39721,76.56784,ERA5,Asia/Kolkata,Open-Meteo Historical Weather API
MH-Latur,2011-09-14,25.3,28.7,22.8,9.9,9.9,11.0,81,3.08,0.445,0.432,0.451,26.1,25.8,18.39721,76.56784,ERA5,Asia/Kolkata,Open-Meteo Historical Weather API
MH-Latur,2011-09-15,24.7,28.9,22.6,12.3,12.3,18.0,87,2.33,0.49,0.456,0.45,25.5,25.5,18.39721,76.56784,ERA5,Asia/Kolkata,Open-Meteo Historical Weather API
MH-Latur,2011-09-16,24.6,27.3,22.8,4.8,4.8,9.0,84,2.2,0.494,0.485,0.451,25.1,25.1,18.39721,76.56784,ERA5,Asia/Kolkata,Open-Meteo Historical Weather API
MH-Latur,2011-09-17,25.2,29.6,22.2,0.1,0.1,1.0,76,3.8,0.476,0.48,0.451,25.2,24.9,18.39721,76.56784,ERA5,Asia/Kolkata,Open-Meteo Historical Weather API
MH-Latur,2011-09-18,25.3,29.2,22.2,0.4,0.4,2.0,77,3.71,0.461,0.47,0.451,25.5,25.2,18.39721,76.56784,ERA5,Asia/Kolkata,Open-Meteo Historical Weather API
MH-Latur,2011-09-19,25.2,28.9,21.6,0.5,0.5,4.0,75,4.16,0.448,0.461,0.449,25.7,25.1,18.39721,76.56784,ERA5,Asia/Kolkata,Open-Meteo Historical Weather API
MH-Latur,2011-09-20,25.4,30.4,22.0,0.0,0.0,0.0,74,4.56,0.435,0.451,0.447,25.8,25.2,18.39721,76.56784,ERA5,Asia/Kolkata,Open-Meteo Historical Weather API
MH-Latur,2011-09-21,24.9,28.4,21.8,0.5,0.5,1.0,77,4.01,0.423,0.441,0.445,25.7,25.2,18.39721,76.56784,ERA5,Asia/Kolkata,Open-Meteo Historical Weather API
MH-Latur,2011-09-22,24.3,28.8,21.1,0.9,0.9,3.0,78,3.96,0.415,0.431,0.442,25.3,25.0,18.39721,76.56784,ERA5,Asia/Kolkata,Open-Meteo Historical Weather API
MH-Latur,2011-09-23,24.6,29.1,21.3,0.3,0.3,1.0,75,4.4,0.403,0.42,0.439,25.4,25.0,18.39721,76.56784,ERA5,Asia/Kolkata,Open-Meteo Historical Weather API
MH-Latur,2011-09-24,24.5,28.0,22.0,1.3,1.3,3.0,78,3.63,0.396,0.41,0.435,25.3,25.0,18.39721,76.56784,ERA5,Asia/Kolkata,Open-Meteo Historical Weather API
MH-Latur,2011-09-25,25.4,30.0,21.9,0.1,0.1,1.0,75,3.92,0.39,0.402,0.431,25.8,25.1,18.39721,76.56784,ERA5,Asia/Kolkata,Open-Meteo Historical Weather API
MH-Latur,2011-09-26,25.5,29.6,22.1,0.0,0.0,0.0,75,4.38,0.377,0.392,0.426,26.2,25.4,18.39721,76.56784,ERA5,Asia/Kolkata,Open-Meteo Historical Weather API
MH-Latur,2011-09-27,24.8,29.4,21.1,0.1,0.1,1.0,78,4.05,0.366,0.383,0.421,25.8,25.5,18.39721,76.56784,ERA5,Asia/Kolkata,Open-Meteo Historical Weather API
MH-Latur,2011-09-28,25.0,29.9,21.9,0.2,0.2,1.0,76,4.02,0.357,0.375,0.417,25.9,25.5,18.39721,76.56784,ERA5,Asia/Kolkata,Open-Meteo Historical Weather API
MH-Latur,2011-09-29,25.4,30.1,21.9,0.9,0.9,4.0,75,3.9,0.357,0.367,0.413,26.1,25.6,18.39721,76.56784,ERA5,Asia/Kolkata,Open-Meteo Historical Weather API
MH-Latur,2011-09-30,25.7,30.9,22.0,0.0,0.0,0.0,71,4.16,0.347,0.359,0.408,26.3,25.9,18.39721,76.56784,ERA5,Asia/Kolkata,Open-Meteo Historical Weather API
MH-Latur,2011-10-01,26.2,31.7,22.7,0.0,0.0,0.0,70,4.13,0.337,0.351,0.402,26.8,26.2,18.39721,76.56784,ERA5,Asia/Kolkata,Open-Meteo Historical Weather API
MH-Latur,2011-10-02,25.2,30.0,23.1,2.3,2.3,8.0,79,3.12,0.338,0.346,0.4,26.2,26.1,18.39721,76.56784,ERA5,Asia/Kolkata,Open-Meteo Historical Weather API
MH-Latur,2011-10-03,25.0,30.3,21.7,1.9,1.9,8.0,80,3.51,0.346,0.343,0.398,26.3,25.9,18.39721,76.56784,ERA5,Asia/Kolkata,Open-Meteo Historical Weather API
MH-Latur,2011-10-04,23.1,26.2,21.0,2.9,2.9,10.0,87,1.96,0.376,0.343,0.398,24.9,25.4,18.39721,76.56784,ERA5,Asia/Kolkata,Open-Meteo Historical Weather API
MH-Latur,2011-10-05,25.2,31.1,20.6,0.0,0.0,0.0,68,4.8,0.371,0.341,0.396,25.6,25.0,18.39721,76.56784,ERA5,Asia/Kolkata,Open-Meteo Historical Weather API
MH-Latur,2011-10-06,25.2,30.9,20.3,0.0,0.0,0.0,65,4.25,0.352,0.336,0.392,25.4,25.2,18.39721,76.56784,ERA5,Asia/Kolkata,Open-Meteo Historical Weather API
MH-Latur,2011-10-07,25.7,31.4,21.5,0.2,0.2,1.0,68,4.44,0.339,0.332,0.39,26.1,25.7,18.39721,76.56784,ERA5,Asia/Kolkata,Open-Meteo Historical Weather API
MH-Latur,2011-10-08,25.7,31.0,21.5,0.3,0.3,2.0,67,4.57,0.329,0.33,0.389,26.2,26.0,18.39721,76.56784,ERA5,Asia/Kolkata,Open-Meteo Historical Weather API
MH-Latur,2011-10-09,26.2,32.6,21.3,0.1,0.1,1.0,64,4.87,0.317,0.325,0.385,26.4,26.0,18.39721,76.56784,ERA5,Asia/Kolkata,Open-Meteo Historical Weather API
MH-Latur,2011-10-10,26.1,32.1,21.1,0.0,0.0,0.0,68,4.45,0.307,0.32,0.382,26.7,26.3,18.39721,76.56784,ERA5,Asia/Kolkata,Open-Meteo Historical Weather API
MH-Latur,2011-10-11,25.4,31.3,22.2,4.0,4.0,6.0,82,3.35,0.315,0.316,0.378,26.6,26.4,18.39721,76.56784,ERA5,Asia/Kolkata,Open-Meteo Historical Weather API
MH-Latur,2011-10-12,24.6,29.3,22.2,9.5,9.5,10.0,87,2.49,0.396,0.317,0.377,25.8,26.0,18.39721,76.56784,ERA5,Asia/Kolkata,Open-Meteo Historical Weather API
MH-Latur,2011-10-13,25.7,31.0,21.5,2.5,2.5,4.0,80,3.61,0.436,0.328,0.376,26.3,25.7,18.39721,76.56784,ERA5,Asia/Kolkata,Open-Meteo Historical Weather API
MH-Latur,2011-10-14,26.5,32.1,22.4,0.7,0.7,2.0,77,4.14,0.42,0.329,0.371,27.3,26.2,18.39721,76.56784,ERA5,Asia/Kolkata,Open-Meteo Historical Weather API
MH-Latur,2011-10-15,25.8,32.6,22.4,4.0,4.0,4.0,78,3.94,0.404,0.326,0.365,27.2,26.7,18.39721,76.56784,ERA5,Asia/Kolkata,Open-Meteo Historical Weather API
MH-Latur,2011-10-16,26.1,32.1,21.7,0.0,0.0,0.0,69,4.52,0.392,0.323,0.361,27.1,26.6,18.39721,76.56784,ERA5,Asia/Kolkata,Open-Meteo Historical Weather API
MH-Latur,2011-10-17,25.4,31.5,21.8,0.9,0.9,3.0,71,4.16,0.368,0.318,0.358,26.6,26.6,18.39721,76.56784,ERA5,Asia/Kolkata,Open-Meteo Historical Weather API
MH-Latur,2011-10-18,25.6,31.5,20.9,0.0,0.0,0.0,71,3.85,0.353,0.314,0.355,26.6,26.5,18.39721,76.56784,ERA5,Asia/Kolkata,Open-Meteo Historical Weather API
MH-Latur,2011-10-19,25.9,32.1,21.3,0.0,0.0,0.0,65,4.31,0.335,0.305,0.349,26.9,26.7,18.39721,76.56784,ERA5,Asia/Kolkata,Open-Meteo Historical Weather API
MH-Latur,2011-10-20,25.4,30.9,21.3,0.0,0.0,0.0,60,3.74,0.321,0.303,0.348,26.4,26.7,18.39721,76.56784,ERA5,Asia/Kolkata,Open-Meteo Historical Weather API
MH-Latur,2011-10-21,25.7,33.0,20.3,0.0,0.0,0.0,56,5.08,0.306,0.297,0.344,26.7,26.7,18.39721,76.56784,ERA5,Asia/Kolkata,Open-Meteo Historical Weather API
MH-Latur,2011-10-22,25.4,33.1,18.4,0.0,0.0,0.0,48,5.53,0.293,0.291,0.339,26.3,26.4,18.39721,76.56784,ERA5,Asia/Kolkata,Open-Meteo Historical Weather API
MH-Latur,2011-10-23,25.2,32.5,18.3,0.0,0.0,0.0,45,5.69,0.283,0.286,0.334,26.2,26.3,18.39721,76.56784,ERA5,Asia/Kolkata,Open-Meteo Historical Weather API
MH-Latur,2011-10-24,25.3,32.3,18.9,0.0,0.0,0.0,39,6.13,0.276,0.281,0.329,26.4,26.5,18.39721,76.56784,ERA5,Asia/Kolkata,Open-Meteo Historical Weather API
MH-Latur,2011-10-25,25.4,32.7,18.7,0.0,0.0,0.0,42,6.15,0.272,0.278,0.325,26.5,26.5,18.39721,76.56784,ERA5,Asia/Kolkata,Open-Meteo Historical Weather API
MH-Latur,2011-10-26,25.2,31.9,18.6,0.0,0.0,0.0,44,5.65,0.269,0.277,0.322,26.3,26.4,18.39721,76.56784,ERA5,Asia/Kolkata,Open-Meteo Historical Weather API
MH-Latur,2011-10-27,26.0,32.1,20.1,0.0,0.0,0.0,48,4.87,0.267,0.276,0.32,27.0,26.7,18.39721,76.56784,ERA5,Asia/Kolkata,Open-Meteo Historical Weather API
MH-Latur,2011-10-28,26.3,32.1,21.7,0.0,0.0,0.0,53,5.11,0.27,0.277,0.321,27.7,27.3,18.39721,76.56784,ERA5,Asia/Kolkata,Open-Meteo Historical Weather API
MH-Latur,2011-10-29,25.6,30.0,21.9,0.0,0.0,0.0,64,4.22,0.271,0.278,0.321,27.4,27.3,18.39721,76.56784,ERA5,Asia/Kolkata,Open-Meteo Historical Weather API
MH-Latur,2011-10-30,25.3,31.9,20.2,0.0,0.0,0.0,53,5.04,0.27,0.278,0.321,27.1,27.1,18.39721,76.56784,ERA5,Asia/Kolkata,Open-Meteo Historical Weather API
MH-Latur,2011-10-31,24.7,32.0,18.7,0.0,0.0,0.0,46,5.29,0.268,0.278,0.32,26.5,26.9,18.39721,76.56784,ERA5,Asia/Kolkata,Open-Meteo Historical Weather API
MH-Latur,2011-11-01,24.8,31.6,18.6,0.0,0.0,0.0,54,4.99,0.267,0.278,0.319,26.4,26.5,18.39721,76.56784,ERA5,Asia/Kolkata,Open-Meteo Historical Weather API
MH-Latur,2011-11-02,24.6,31.2,19.3,0.0,0.0,0.0,51,5.07,0.268,0.279,0.32,26.4,26.5,18.39721,76.56784,ERA5,Asia/Kolkata,Open-Meteo Historical Weather API
MH-Latur,2011-11-03,24.4,31.1,18.9,0.0,0.0,0.0,55,4.82,0.268,0.28,0.32,26.3,26.4,18.39721,76.56784,ERA5,Asia/Kolkata,Open-Meteo Historical Weather API
MH-Latur,2011-11-04,24.4,31.1,18.7,0.0,0.0,0.0,63,4.4,0.267,0.28,0.32,26.2,26.4,18.39721,76.56784,ERA5,Asia/Kolkata,Open-Meteo Historical Weather API
MH-Latur,2011-11-05,24.9,31.5,19.9,0.0,0.0,0.0,55,4.41,0.266,0.281,0.32,26.5,26.6,18.39721,76.56784,ERA5,Asia/Kolkata,Open-Meteo Historical Weather API
MH-Latur,2011-11-06,25.1,32.8,19.5,0.0,0.0,0.0,48,4.91,0.265,0.28,0.317,26.8,27.0,18.39721,76.56784,ERA5,Asia/Kolkata,Open-Meteo Historical Weather API
MH-Latur,2011-11-07,24.3,32.5,17.7,0.0,0.0,0.0,44,5.2,0.266,0.279,0.315,26.1,26.8,18.39721,76.56784,ERA5,Asia/Kolkata,Open-Meteo Historical Weather API
MH-Latur,2011-11-08,24.3,32.3,17.2,0.0,0.0,0.0,45,5.26,0.265,0.279,0.313,25.7,26.4,18.39721,76.56784,ERA5,Asia/Kolkata,Open-Meteo Historical Weather API
MH-Latur,2011-11-09,24.0,31.6,17.4,0.0,0.0,0.0,49,5.06,0.265,0.281,0.315,25.7,26.2,18.39721,76.56784,ERA5,Asia/Kolkata,Open-Meteo Historical Weather API
MH-Latur,2011-11-10,23.5,31.9,16.4,0.0,0.0,0.0,51,5.02,0.267,0.285,0.317,25.1,25.9,18.39721,76.56784,ERA5,Asia/Kolkata,Open-Meteo Historical Weather API
MH-Latur,2011-11-11,24.5,32.5,17.9,0.0,0.0,0.0,50,4.93,0.267,0.285,0.317,25.3,25.7,18.39721,76.56784,ERA5,Asia/Kolkata,Open-Meteo Historical Weather API
MH-Latur,2011-11-12,24.8,32.5,18.8,0.0,0.0,0.0,54,4.82,0.266,0.285,0.316,25.9,26.1,18.39721,76.56784,ERA5,Asia/Kolkata,Open-Meteo Historical Weather API
MH-Latur,2011-11-13,24.8,32.5,17.3,0.0,0.0,0.0,52,4.98,0.266,0.287,0.317,26.0,26.2,18.39721,76.56784,ERA5,Asia/Kolkata,Open-Meteo Historical Weather API
MH-Latur,2011-11-14,25.1,32.6,19.1,0.0,0.0,0.0,48,4.86,0.267,0.29,0.32,26.1,26.4,18.39721,76.56784,ERA5,Asia/Kolkata,Open-Meteo Historical Weather API
MH-Latur,2011-11-15,24.2,30.8,18.9,0.0,0.0,0.0,53,4.69,0.269,0.294,0.322,25.6,26.3,18.39721,76.56784,ERA5,Asia/Kolkata,Open-Meteo Historical Weather API
MH-Latur,2011-11-16,22.8,30.4,17.1,0.0,0.0,0.0,48,4.99,0.272,0.296,0.324,24.7,25.7,18.39721,76.56784,ERA5,Asia/Kolkata,Open-Meteo Historical Weather API
MH-Latur,2011-11-17,21.8,30.5,14.7,0.0,0.0,0.0,45,5.05,0.274,0.297,0.325,23.4,24.7,18.39721,76.56784,ERA5,Asia/Kolkata,Open-Meteo Historical Weather API
MH-Latur,2011-11-18,21.7,31.2,13.5,0.0,0.0,0.0,47,5.05,0.273,0.296,0.325,23.1,24.2,18.39721,76.56784,ERA5,Asia/Kolkata,Open-Meteo Historical Weather API
MH-Latur,2011-11-19,22.3,31.3,15.0,0.0,0.0,0.0,48,4.99,0.273,0.296,0.326,23.2,23.9,18.39721,76.56784,ERA5,Asia/Kolkata,Open-Meteo Historical Weather API
MH-Latur,2011-11-20,22.8,31.5,15.3,0.0,0.0,0.0,51,5.0,0.273,0.295,0.326,23.5,24.0,18.39721,76.56784,ERA5,Asia/Kolkata,Open-Meteo Historical Weather API
MH-Latur,2011-11-21,22.4,30.8,15.0,0.0,0.0,0.0,51,4.96,0.273,0.294,0.325,23.3,24.0,18.39721,76.56784,ERA5,Asia/Kolkata,Open-Meteo Historical Weather API
MH-Latur,2011-11-22,21.8,29.9,14.3,0.0,0.0,0.0,52,4.76,0.271,0.291,0.323,23.2,23.9,18.39721,76.56784,ERA5,Asia/Kolkata,Open-Meteo Historical Weather API
MH-Latur,2011-11-23,21.5,28.9,15.0,0.0,0.0,0.0,55,4.53,0.27,0.289,0.322,23.1,23.9,18.39721,76.56784,ERA5,Asia/Kolkata,Open-Meteo Historical Weather API
MH-Latur,2011-11-24,21.9,28.8,16.0,0.0,0.0,0.0,55,4.29,0.27,0.291,0.323,23.5,24.1,18.39721,76.56784,ERA5,Asia/Kolkata,Open-Meteo Historical Weather API
MH-Latur,2011-11-25,22.4,29.8,16.3,0.0,0.0,0.0,55,4.52,0.271,0.291,0.323,23.7,24.2,18.39721,76.56784,ERA5,Asia/Kolkata,Open-Meteo Historical Weather API
MH-Latur,2011-11-26,23.9,30.3,17.8,0.0,0.0,0.0,58,4.22,0.273,0.291,0.323,24.4,24.4,18.39721,76.56784,ERA5,Asia/Kolkata,Open-Meteo Historical Weather API
MH-Latur,2011-11-27,25.0,29.9,20.8,0.0,0.0,0.0,60,4.59,0.272,0.294,0.325,25.8,25.3,18.39721,76.56784,ERA5,Asia/Kolkata,Open-Meteo Historical Weather API
MH-Latur,2011-11-28,25.9,30.9,21.9,0.0,0.0,0.0,54,4.47,0.268,0.29,0.323,26.6,25.8,18.39721,76.56784,ERA5,Asia/Kolkata,Open-Meteo Historical Weather API
MH-Latur,2011-11-29,25.2,31.6,20.2,0.0,0.0,0.0,57,3.87,0.267,0.287,0.32,26.1,26.0,18.39721,76.56784,ERA5,Asia/Kolkata,Open-Meteo Historical Weather API
MH-Latur,2011-11-30,25.0,31.5,20.0,0.0,0.0,0.0,59,4.1,0.269,0.287,0.319,26.3,26.1,18.39721,76.56784,ERA5,Asia/Kolkata,Open-Meteo Historical Weather API
MH-Latur,2011-12-01,24.2,31.3,18.2,0.0,0.0,0.0,59,4.3,0.27,0.289,0.32,25.7,26.1,18.39721,76.56784,ERA5,Asia/Kolkata,Open-Meteo Historical Weather API
MH-Latur,2011-12-02,23.0,30.8,17.9,0.0,0.0,0.0,48,4.63,0.27,0.288,0.32,24.6,25.6,18.39721,76.56784,ERA5,Asia/Kolkata,Open-Meteo Historical Weather API
MH-Latur,2011-12-03,22.1,30.7,15.6,0.0,0.0,0.0,48,4.4,0.268,0.286,0.318,23.7,24.8,18.39721,76.56784,ERA5,Asia/Kolkata,Open-Meteo Historical Weather API
MH-Latur,2011-12-04,22.6,31.7,15.6,0.0,0.0,0.0,53,4.47,0.267,0.285,0.317,23.9,24.5,18.39721,76.56784,ERA5,Asia/Kolkata,Open-Meteo Historical Weather API
MH-Latur,2011-12-05,23.7,32.4,16.7,0.0,0.0,0.0,50,4.41,0.266,0.287,0.317,24.5,24.7,18.39721,76.56784,ERA5,Asia/Kolkata,Open-Meteo Historical Weather API
MH-Latur,2011-12-06,23.9,31.7,17.4,0.0,0.0,0.0,52,4.52,0.267,0.29,0.32,25.0,25.2,18.39721,76.56784,ERA5,Asia/Kolkata,Open-Meteo Historical Weather API
MH-Latur,2011-12-07,22.9,30.3,17.8,0.0,0.0,0.0,51,4.53,0.269,0.293,0.323,24.4,25.1,18.39721,76.56784,ERA5,Asia/Kolkata,Open-Meteo Historical Weather API
MH-Latur,2011-12-08,21.6,29.9,15.4,0.0,0.0,0.0,52,4.45,0.27,0.294,0.324,23.3,24.3,18.39721,76.56784,ERA5,Asia/Kolkata,Open-Meteo Historical Weather API
MH-Latur,2011-12-09,21.8,30.7,14.5,0.0,0.0,0.0,51,4.38,0.269,0.294,0.324,23.1,23.9,18.39721,76.56784,ERA5,Asia/Kolkata,Open-Meteo Historical Weather API
MH-Latur,2011-12-10,22.9,31.2,15.6,0.0,0.0,0.0,51,4.18,0.269,0.292,0.323,24.0,24.1,18.39721,76.56784,ERA5,Asia/Kolkata,Open-Meteo Historical Weather API
MH-Latur,2011-12-11,23.0,30.9,17.1,0.0,0.0,0.0,52,3.94,0.269,0.293,0.324,24.1,24.6,18.39721,76.56784,ERA5,Asia/Kolkata,Open-Meteo Historical Weather API
MH-Latur,2011-12-12,23.2,30.7,17.2,0.0,0.0,0.0,56,3.89,0.272,0.296,0.327,24.4,24.7,18.39721,76.56784,ERA5,Asia/Kolkata,Open-Meteo Historical Weather API
MH-Latur,2011-12-13,22.5,29.4,17.6,0.0,0.0,0.0,58,4.19,0.274,0.3,0.33,24.2,24.7,18.39721,76.56784,ERA5,Asia/Kolkata,Open-Meteo Historical Weather API
MH-Latur,2011-12-14,20.9,28.9,15.1,0.0,0.0,0.0,53,4.29,0.274,0.3,0.331,22.9,24.0,18.39721,76.56784,ERA5,Asia/Kolkata,Open-Meteo Historical Weather API
MH-Latur,2011-12-15,20.3,29.2,13.3,0.0,0.0,0.0,50,4.29,0.272,0.299,0.33,22.0,23.1,18.39721,76.56784,ERA5,Asia/Kolkata,Open-Meteo Historical Weather API
MH-Latur,2011-12-16,20.5,29.3,13.4,0.0,0.0,0.0,51,4.28,0.272,0.298,0.33,21.9,22.8,18.39721,76.56784,ERA5,Asia/Kolkata,Open-Meteo Historical Weather API
MH-Latur,2011-12-17,21.1,29.4,14.4,0.0,0.0,0.0,51,4.19,0.271,0.296,0.329,22.3,22.8,18.39721,76.56784,ERA5,Asia/Kolkata,Open-Meteo Historical Weather API
MH-Latur,2011-12-18,21.2,29.7,15.3,0.0,0.0,0.0,49,4.46,0.27,0.294,0.327,22.4,22.9,18.39721,76.56784,ERA5,Asia/Kolkata,Open-Meteo Historical Weather API
MH-Latur,2011-12-19,20.4,28.8,13.8,0.0,0.0,0.0,52,4.1,0.271,0.294,0.328,21.9,22.7,18.39721,76.56784,ERA5,Asia/Kolkata,Open-Meteo Historical Weather API
MH-Latur,2011-12-20,20.5,28.8,14.2,0.0,0.0,0.0,50,4.28,0.273,0.296,0.33,21.8,22.5,18.39721,76.56784,ERA5,Asia/Kolkata,Open-Meteo Historical Weather API
MH-Latur,2011-12-21,20.3,29.1,14.0,0.0,0.0,0.0,47,4.45,0.275,0.296,0.33,21.5,22.2,18.39721,76.56784,ERA5,Asia/Kolkata,Open-Meteo Historical Weather API
MH-Latur,2011-12-22,20.1,29.0,13.1,0.0,0.0,0.0,43,4.5,0.275,0.295,0.329,21.2,22.0,18.39721,76.56784,ERA5,Asia/Kolkata,Open-Meteo Historical Weather API
MH-Latur,2011-12-23,21.3,29.4,14.8,0.0,0.0,0.0,42,4.41,0.273,0.293,0.328,22.1,22.1,18.39721,76.56784,ERA5,Asia/Kolkata,Open-Meteo Historical Weather API
MH-Latur,2011-12-24,21.3,30.1,15.3,0.0,0.0,0.0,41,4.71,0.271,0.289,0.324,22.1,22.4,18.39721,76.56784,ERA5,Asia/Kolkata,Open-Meteo Historical Weather API
MH-Latur,2011-12-25,20.2,30.1,12.5,0.0,0.0,0.0,40,4.73,0.27,0.284,0.321,21.0,22.0,18.39721,76.56784,ERA5,Asia/Kolkata,Open-Meteo Historical Weather API
MH-Latur,2011-12-26,20.6,30.5,12.2,0.0,0.0,0.0,42,4.64,0.269,0.28,0.317,21.3,21.9,18.39721,76.56784,ERA5,Asia/Kolkata,Open-Meteo Historical Weather API
MH-Latur,2011-12-27,20.5,30.2,12.2,0.0,0.0,0.0,45,4.27,0.267,0.277,0.313,21.5,22.0,18.39721,76.56784,ERA5,Asia/Kolkata,Open-Meteo Historical Weather API
MH-Latur,2011-12-28,20.3,29.1,12.9,0.0,0.0,0.0,45,4.62,0.27,0.28,0.314,21.3,22.1,18.39721,76.56784,ERA5,Asia/Kolkata,Open-Meteo Historical Weather API
MH-Latur,2011-12-29,20.2,29.4,11.8,0.0,0.0,0.0,42,4.78,0.273,0.279,0.313,21.1,22.0,18.39721,76.56784,ERA5,Asia/Kolkata,Open-Meteo Historical Weather API
MH-Latur,2011-12-30,22.6,30.5,15.0,0.0,0.0,0.0,51,4.44,0.271,0.277,0.31,22.8,22.4,18.39721,76.56784,ERA5,Asia/Kolkata,Open-Meteo Historical Weather API
MH-Latur,2011-12-31,24.4,30.0,18.4,0.0,0.0,0.0,59,4.62,0.27,0.276,0.309,24.6,23.6,18.39721,76.56784,ERA5,Asia/Kolkata,Open-Meteo Historical Weather API
MH-Latur,2012-01-01,25.2,30.2,21.3,0.0,0.0,0.0,61,4.14,0.265,0.272,0.304,25.8,24.6,18.39721,76.56784,ERA5,Asia/Kolkata,Open-Meteo Historical Weather API
MH-Latur,2012-01-02,25.0,30.9,20.5,0.5,0.5,2.0,62,3.28,0.266,0.271,0.302,25.5,24.9,18.39721,76.56784,ERA5,Asia/Kolkata,Open-Meteo Historical Weather API
MH-Latur,2012-01-03,24.6,31.5,18.3,0.0,0.0,0.0,61,3.74,0.268,0.271,0.301,25.3,24.9,18.39721,76.56784,ERA5,Asia/Kolkata,Open-Meteo Historical Weather API
MH-Latur,2012-01-04,24.9,32.1,18.8,0.0,0.0,0.0,55,4.06,0.267,0.27,0.298,25.7,25.2,18.39721,76.56784,ERA5,Asia/Kolkata,Open-Meteo Historical Weather API
MH-Latur,2012-01-05,24.9,32.1,18.5,0.0,0.0,0.0,51,3.85,0.265,0.27,0.293,26.2,25.5,18.39721,76.56784,ERA5,Asia/Kolkata,Open-Meteo Historical Weather API
MH-Latur,2012-01-06,25.1,32.5,18.9,0.0,0.0,0.0,44,4.7,0.264,0.269,0.292,25.9,25.7,18.39721,76.56784,ERA5,Asia/Kolkata,Open-Meteo Historical Weather API
MH-Latur,2012-01-07,23.8,31.9,17.4,0.0,0.0,0.0,39,4.71,0.264,0.269,0.289,25.6,25.6,18.39721,76.56784,ERA5,Asia/Kolkata,Open-Meteo Historical Weather API
MH-Latur,2012-01-08,22.7,31.8,15.4,0.0,0.0,0.0,39,4.99,0.266,0.268,0.289,24.4,24.9,18.39721,76.56784,ERA5,Asia/Kolkata,Open-Meteo Historical Weather API
MH-Latur,2012-01-09,21.1,28.4,14.8,0.0,0.0,0.0,41,4.77,0.267,0.268,0.289,23.4,24.2,18.39721,76.56784,ERA5,Asia/Kolkata,Open-Meteo Historical Weather API
MH-Latur,2012-01-10,20.5,27.7,14.5,0.0,0.0,0.0,46,4.73,0.267,0.269,0.287,22.6,23.6,18.39721,76.56784,ERA5,Asia/Kolkata,Open-Meteo Historical Weather API
MH-Latur,2012-01-11,20.0,27.7,14.1,0.0,0.0,0.0,41,4.91,0.265,0.269,0.284,22.2,23.2,18.39721,76.56784,ERA5,Asia/Kolkata,Open-Meteo Historical Weather API
MH-Latur,2012-01-12,19.1,26.9,12.4,0.0,0.0,0.0,33,4.95,0.267,0.269,0.284,21.5,22.7,18.39721,76.56784,ERA5,Asia/Kolkata,Open-Meteo Historical Weather API
MH-Latur,2012-01-13,19.0,27.2,12.4,0.0,0.0,0.0,37,4.73,0.27,0.269,0.284,21.1,22.2,18.39721,76.56784,ERA5,Asia/Kolkata,Open-Meteo Historical Weather API
MH-Latur,2012-01-14,18.8,27.9,12.2,0.0,0.0,0.0,33,4.95,0.274,0.27,0.286,20.7,22.0,18.39721,76.56784,ERA5,Asia/Kolkata,Open-Meteo Historical Weather API
MH-Latur,2012-01-15,18.8,29.5,9.8,0.0,0.0,0.0,30,4.89,0.277,0.272,0.292,20.4,21.7,18.39721,76.56784,ERA5,Asia/Kolkata,Open-Meteo Historical Weather API
MH-Latur,2012-01-16,20.4,30.5,11.5,0.0,0.0,0.0,32,5.1,0.274,0.271,0.291,21.1,21.8,18.39721,76.56784,ERA5,Asia/Kolkata,Open-Meteo Historical Weather API
MH-Latur,2012-01-17,21.4,31.5,12.1,0.0,0.0,0.0,35,4.99,0.271,0.269,0.285,22.2,22.3,18.39721,76.56784,ERA5,Asia/Kolkata,Open-Meteo Historical Weather API
MH-Latur,2012-01-18,21.7,30.2,15.1,0.0,0.0,0.0,38,5.35,0.27,0.269,0.28,23.2,23.1,18.39721,76.56784,ERA5,Asia/Kolkata,Open-Meteo Historical Weather API
MH-Latur,2012-01-19,20.9,29.3,14.3,0.0,0.0,0.0,42,4.98,0.273,0.269,0.285,22.8,23.0,18.39721,76.56784,ERA5,Asia/Kolkata,Open-Meteo Historical Weather API
MH-Latur,2012-01-20,20.3,28.3,13.9,0.0,0.0,0.0,40,4.75,0.276,0.27,0.289,22.3,22.7,18.39721,76.56784,ERA5,Asia/Kolkata,Open-Meteo Historical Weather API
MH-Latur,2012-01-21,20.5,28.0,13.8,0.0,0.0,0.0,45,4.58,0.278,0.271,0.292,22.1,22.5,18.39721,76.56784,ERA5,Asia/Kolkata,Open-Meteo Historical Weather API
MH-Latur,2012-01-22,22.0,29.7,15.7,0.0,0.0,0.0,48,4.86,0.279,0.273,0.295,23.0,22.9,18.39721,76.56784,ERA5,Asia/Kolkata,Open-Meteo Historical Weather API
MH-Latur,2012-01-23,23.4,29.8,18.0,0.0,0.0,0.0,52,4.43,0.278,0.275,0.297,24.4,23.7,18.39721,76.56784,ERA5,Asia/Kolkata,Open-Meteo Historical Weather API
MH-Latur,2012-01-24,23.4,30.6,17.6,0.0,0.0,0.0,51,4.63,0.278,0.277,0.299,24.5,24.1,18.39721,76.56784,ERA5,Asia/Kolkata,Open-Meteo Historical Weather API
MH-Latur,2012-01-25,23.5,30.1,17.1,0.0,0.0,0.0,48,4.79,0.275,0.279,0.3,24.4,24.2,18.39721,76.56784,ERA5,Asia/Kolkata,Open-Meteo Historical Weather API
MH-Latur,2012-01-26,23.7,30.0,18.7,0.0,0.0,0.0,46,4.52,0.273,0.28,0.301,25.1,24.7,18.39721,76.56784,ERA5,Asia/Kolkata,Open-Meteo Historical Weather API
MH-Latur,2012-01-27,23.2,30.3,18.1,0.0,0.0,0.0,50,4.59,0.271,0.282,0.302,24.8,24.7,18.39721,76.56784,ERA5,Asia/Kolkata,Open-Meteo Historical Weather API
MH-Latur,2012-01-28,23.3,30.6,16.8,0.0,0.0,0.0,43,5.33,0.27,0.281,0.302,24.4,24.4,18.39721,76.56784,ERA5,Asia/Kolkata,Open-Meteo Historical Weather API
MH-Latur,2012-01-29,22.9,29.9,17.7,0.0,0.0,0.0,43,4.52,0.27,0.281,0.302,24.4,24.5,18.39721,76.56784,ERA5,Asia/Kolkata,Open-Meteo Historical Weather API
MH-Latur,2012-01-30,23.2,29.3,17.7,0.0,0.0,0.0,46,4.48,0.27,0.283,0.303,24.3,24.3,18.39721,76.56784,ERA5,Asia/Kolkata,Open-Meteo Historical Weather API
MH-Latur,2012-01-31,23.1,29.6,17.6,0.0,0.0,0.0,48,4.16,0.271,0.283,0.303,24.4,24.4,18.39721,76.56784,ERA5,Asia/Kolkata,Open-Meteo Historical Weather API
MH-Latur,2012-02-01,22.8,29.1,16.9,0.0,0.0,0.0,51,4.52,0.269,0.284,0.304,24.5,24.4,18.39721,76.56784,ERA5,Asia/Kolkata,Open-Meteo Historical Weather API
MH-Latur,2012-02-02,22.8,30.4,16.9,0.0,0.0,0.0,49,4.97,0.269,0.284,0.304,24.4,24.4,18.39721,76.56784,ERA5,Asia/Kolkata,Open-Meteo Historical Weather API
MH-Latur,2012-02-03,22.5,30.7,16.2,0.0,0.0,0.0,45,5.12,0.268,0.286,0.305,24.3,24.4,18.39721,76.56784,ERA5,Asia/Kolkata,Open-Meteo Historical Weather API
MH-Latur,2012-02-04,23.5,30.9,16.4,0.0,0.0,0.0,43,4.92,0.268,0.287,0.305,24.5,24.4,18.39721,76.56784,ERA5,Asia/Kolkata,Open-Meteo Historical Weather API
MH-Latur,2012-02-05,24.0,31.4,16.9,0.0,0.0,0.0,47,5.11,0.267,0.285,0.304,24.8,24.7,18.39721,76.56784,ERA5,Asia/Kolkata,Open-Meteo Historical Weather API
MH-Latur,2012-02-06,24.7,31.9,18.4,0.0,0.0,0.0,42,5.61,0.267,0.287,0.306,25.6,25.1,18.39721,76.56784,ERA5,Asia/Kolkata,Open-Meteo Historical Weather API
MH-Latur,2012-02-07,24.6,32.7,17.2,0.0,0.0,0.0,41,5.69,0.265,0.284,0.304,25.6,25.3,18.39721,76.56784,ERA5,Asia/Kolkata,Open-Meteo Historical Weather API
MH-Latur,2012-02-08,23.3,29.4,18.0,0.0,0.0,0.0,36,5.61,0.265,0.284,0.303,25.6,25.5,18.39721,76.56784,ERA5,Asia/Kolkata,Open-Meteo Historical Weather API
MH-Latur,2012-02-09,20.3,28.6,13.0,0.0,0.0,0.0,27,5.45,0.27,0.287,0.306,23.1,24.6,18.39721,76.56784,ERA5,Asia/Kolkata,Open-Meteo Historical Weather API
MH-Latur,2012-02-10,21.2,29.8,12.8,0.0,0.0,0.0,35,5.4,0.272,0.287,0.306,23.0,23.8,18.39721,76.56784,ERA5,Asia/Kolkata,Open-Meteo Historical Weather API
MH-Latur,2012-02-11,23.8,31.5,15.6,0.0,0.0,0.0,39,5.25,0.271,0.286,0.306,24.5,24.3,18.39721,76.56784,ERA5,Asia/Kolkata,Open-Meteo Historical Weather API
MH-Latur,2012-02-12,26.3,33.2,20.0,0.0,0.0,0.0,47,5.95,0.267,0.285,0.305,26.7,25.7,18.39721,76.56784,ERA5,Asia/Kolkata,Open-Meteo Historical Weather API
MH-Latur,2012-02-13,26.7,33.6,21.5,0.0,0.0,0.0,44,5.91,0.263,0.283,0.302,27.6,26.6,18.39721,76.56784,ERA5,Asia/Kolkata,Open-Meteo Historical Weather API
MH-Latur,2012-02-14,26.1,33.1,19.2,0.0,0.0,0.0,45,5.27,0.261,0.284,0.303,27.2,26.7,18.39721,76.56784,ERA5,Asia/Kolkata,Open-Meteo Historical Weather API
MH-Latur,2012-02-15,27.1,33.8,21.9,0.0,0.0,0.0,37,5.77,0.26,0.283,0.302,28.2,27.1,18.39721,76.56784,ERA5,Asia/Kolkata,Open-Meteo Historical Weather API
MH-Latur,2012-02-16,24.6,31.9,18.8,0.0,0.0,0.0,30,5.82,0.262,0.283,0.302,27.0,27.1,18.39721,76.56784,ERA5,Asia/Kolkata,Open-Meteo Historical Weather API
MH-Latur,2012-02-17,24.7,32.8,16.6,0.0,0.0,0.0,36,5.55,0.266,0.285,0.304,26.3,26.4,18.39721,76.56784,ERA5,Asia/Kolkata,Open-Meteo Historical Weather API
MH-Latur,2012-02-18,26.1,32.7,18.7,0.0,0.0,0.0,46,4.73,0.267,0.288,0.306,27.2,26.7,18.39721,76.56784,ERA5,Asia/Kolkata,Open-Meteo Historical Weather API
MH-Latur,2012-02-19,26.7,34.0,19.9,0.0,0.0,0.0,38,5.59,0.265,0.288,0.306,27.8,27.1,18.39721,76.56784,ERA5,Asia/Kolkata,Open-Meteo Historical Weather API
MH-Latur,2012-02-20,26.4,34.7,19.1,0.0,0.0,0.0,37,6.18,0.264,0.284,0.303,27.6,27.3,18.39721,76.56784,ERA5,Asia/Kolkata,Open-Meteo Historical Weather API
MH-Latur,2012-02-21,26.5,35.3,18.7,0.0,0.0,0.0,32,6.18,0.263,0.282,0.301,27.7,27.4,18.39721,76.56784,ERA5,Asia/Kolkata,Open-Meteo Historical Weather API
MH-Latur,2012-02-22,26.7,35.9,17.5,0.0,0.0,0.0,26,6.11,0.263,0.279,0.299,27.5,27.3,18.39721,76.56784,ERA5,Asia/Kolkata,Open-Meteo Historical Weather API
MH-Latur,2012-02-23,27.2,35.1,20.1,0.0,0.0,0.0,32,6.27,0.262,0.277,0.296,28.0,27.5,18.39721,76.56784,ERA5,Asia/Kolkata,Open-Meteo Historical Weather API
MH-Latur,2012-02-24,27.1,35.7,18.5,0.0,0.0,0.0,31,6.23,0.263,0.276,0.295,27.9,27.8,18.39721,76.56784,ERA5,Asia/Kolkata,Open-Meteo Historical Weather API
MH-Latur,2012-02-25,26.6,35.4,18.5,0.0,0.0,0.0,33,6.15,0.263,0.277,0.296,27.7,27.6,18.39721,76.56784,ERA5,Asia/Kolkata,Open-Meteo Historical Weather API
MH-Latur,2012-02-26,26.5,34.9,17.8,0.0,0.0,0.0,32,5.74,0.264,0.282,0.299,27.7,27.5,18.39721,76.56784,ERA5,Asia/Kolkata,Open-Meteo Historical Weather API
MH-Latur,2012-02-27,27.9,35.8,19.2,0.0,0.0,0.0,30,5.17,0.264,0.285,0.301,28.2,27.7,18.39721,76.56784,ERA5,Asia/Kolkata,Open-Meteo Historical Weather API
MH-Latur,2012-02-28,27.2,35.7,19.3,0.0,0.0,0.0,30,6.7,0.265,0.284,0.301,28.4,27.9,18.39721,76.56784,ERA5,Asia/Kolkata,Open-Meteo Historical Weather API
MH-Latur,2012-02-29,25.7,34.5,18.7,0.0,0.0,0.0,24,6.9,0.263,0.281,0.299,28.0,27.9,18.39721,76.56784,ERA5,Asia/Kolkata,Open-Meteo Historical Weather API
MH-Latur,2012-03-01,25.4,34.9,17.4,0.0,0.0,0.0,24,6.87,0.264,0.282,0.299,27.2,27.3,18.39721,76.56784,ERA5,Asia/Kolkata,Open-Meteo Historical Weather API
MH-Latur,2012-03-02,25.1,34.7,17.0,0.0,0.0,0.0,24,6.69,0.265,0.282,0.298,26.9,26.9,18.39721,76.56784,ERA5,Asia/Kolkata,Open-Meteo Historical Weather API
MH-Latur,2012-03-03,25.0,32.9,18.1,0.0,0.0,0.0,33,6.37,0.262,0.278,0.296,27.0,26.8,18.39721,76.56784,ERA5,Asia/Kolkata,Open-Meteo Historical Weather API
MH-Latur,2012-03-04,26.6,35.2,18.7,0.0,0.0,0.0,32,6.84,0.261,0.278,0.295,27.9,27.1,18.39721,76.56784,ERA5,Asia/Kolkata,Open-Meteo Historical Weather API
MH-Latur,2012-03-05,27.1,36.5,18.6,0.0,0.0,0.0,27,6.51,0.261,0.28,0.296,28.0,27.5,18.39721,76.56784,ERA5,Asia/Kolkata,Open-Meteo Historical Weather API
MH-Latur,2012-03-06,28.0,36.7,20.2,0.0,0.0,0.0,24,6.55,0.262,0.279,0.294,28.6,27.9,18.39721,76.56784,ERA5,Asia/Kolkata,Open-Meteo Historical Weather API
MH-Latur,2012-03-07,26.8,35.6,18.9,0.0,0.0,0.0,22,7.18,0.262,0.276,0.291,28.5,28.0,18.39721,76.56784,ERA5,Asia/Kolkata,Open-Meteo Historical Weather API
MH-Latur,2012-03-08,25.3,33.4,19.7,0.0,0.0,0.0,25,6.98,0.261,0.276,0.291,28.0,27.8,18.39721,76.56784,ERA5,Asia/Kolkata,Open-Meteo Historical Weather API
MH-Latur,2012-03-09,24.2,32.2,17.9,0.0,0.0,0.0,28,6.44,0.259,0.276,0.291,27.0,27.2,18.39721,76.56784,ERA5,Asia/Kolkata,Open-Meteo Historical Weather API
MH-Latur,2012-03-10,24.6,33.5,15.1,0.0,0.0,0.0,23,6.67,0.262,0.278,0.293,26.6,26.8,18.39721,76.56784,ERA5,Asia/Kolkata,Open-Meteo Historical Weather API
MH-Latur,2012-03-11,27.1,34.8,18.5,0.0,0.0,0.0,29,7.36,0.262,0.279,0.294,27.8,27.1,18.39721,76.56784,ERA5,Asia/Kolkata,Open-Meteo Historical Weather API
MH-Latur,2012-03-12,28.6,35.6,22.4,0.0,0.0,0.0,33,7.23,0.26,0.277,0.292,30.1,28.6,18.39721,76.56784,ERA5,Asia/Kolkata,Open-Meteo Historical Weather API
MH-Latur,2012-03-13,27.5,34.3,21.7,0.0,0.0,0.0,28,7.35,0.26,0.277,0.291,29.5,28.8,18.39721,76.56784,ERA5,Asia/Kolkata,Open-Meteo Historical Weather API
MH-Latur,2012-03-14,26.9,35.1,18.8,0.0,0.0,0.0,24,7.33,0.26,0.275,0.29,28.8,28.5,18.39721,76.56784,ERA5,Asia/Kolkata,Open-Meteo Historical Weather API
MH-Latur,2012-03-15,27.7,36.5,18.8,0.0,0.0,0.0,22,7.05,0.261,0.275,0.288,29.2,28.6,18.39721,76.56784,ERA5,Asia/Kolkata,Open-Meteo Historical Weather API
MH-Latur,2012-03-16,28.6,37.3,19.5,0.0,0.0,0.0,26,7.04,0.262,0.276,0.289,30.0,29.1,18.39721,76.56784,ERA5,Asia/Kolkata,Open-Meteo Historical Weather API
MH-Latur,2012-03-17,29.5,38.0,22.1,0.0,0.0,0.0,22,6.81,0.259,0.275,0.287,30.8,29.7,18.39721,76.56784,ERA5,Asia/Kolkata,Open-Meteo Historical Weather API
MH-Latur,2012-03-18,29.1,37.7,21.0,0.0,0.0,0.0,24,7.49,0.259,0.276,0.286,30.6,30.1,18.39721,76.56784,ERA5,Asia/Kolkata,Open-Meteo Historical Weather API
MH-Latur,2012-03-19,29.5,38.3,21.1,0.0,0.0,0.0,23,7.44,0.261,0.276,0.285,31.0,30.2,18.39721,76.56784,ERA5,Asia/Kolkata,Open-Meteo Historical Weather API
MH-Latur,2012-03-20,30.3,38.8,22.3,0.0,0.0,0.0,21,7.9,0.261,0.274,0.284,31.4,30.4,18.39721,76.56784,ERA5,Asia/Kolkata,Open-Meteo Historical Weather API
MH-Latur,2012-03-21,30.2,38.6,21.3,0.0,0.0,0.0,21,7.62,0.261,0.273,0.283,31.6,30.6,18.39721,76.56784,ERA5,Asia/Kolkata,Open-Meteo Historical Weather API
MH-Latur,2012-03-22,30.3,38.5,21.6,0.0,0.0,0.0,20,8.07,0.259,0.274,0.282,31.6,30.7,18.39721,76.56784,ERA5,Asia/Kolkata,Open-Meteo Historical Weather API
MH-Latur,2012-03-23,29.9,38.7,20.9,0.0,0.0,0.0,16,8.46,0.256,0.273,0.28,31.4,30.9,18.39721,76.56784,ERA5,Asia/Kolkata,Open-Meteo Historical Weather API
MH-Latur,2012-03-24,29.6,39.1,19.7,0.0,0.0,0.0,17,8.1,0.257,0.272,0.28,31.2,30.7,18.39721,76.56784,ERA5,Asia/Kolkata,Open-Meteo Historical Weather API
MH-Latur,2012-03-25,30.3,39.2,22.0,0.0,0.0,0.0,17,7.56,0.255,0.272,0.279,31.4,30.7,18.39721,76.56784,ERA5,Asia/Kolkata,Open-Meteo Historical Weather API
MH-Latur,2012-03-26,30.4,38.7,20.8,0.0,0.0,0.0,20,7.43,0.257,0.272,0.278,31.8,30.8,18.39721,76.56784,ERA5,Asia/Kolkata,Open-Meteo Historical Weather API
MH-Latur,2012-03-27,30.6,37.9,24.3,0.0,0.0,0.0,24,7.4,0.258,0.272,0.278,32.3,31.3,18.39721,76.56784,ERA5,Asia/Kolkata,Open-Meteo Historical Weather API
MH-Latur,2012-03-28,30.8,37.7,24.8,0.0,0.0,0.0,25,7.38,0.259,0.272,0.277,32.6,31.6,18.39721,76.56784,ERA5,Asia/Kolkata,Open-Meteo Historical Weather API
MH-Latur,2012-03-29,31.6,38.8,24.3,0.0,0.0,0.0,22,7.88,0.259,0.272,0.277,33.3,32.1,18.39721,76.56784,ERA5,Asia/Kolkata,Open-Meteo Historical Weather API
MH-Latur,2012-03-30,31.7,38.7,25.4,0.0,0.0,0.0,22,8.08,0.259,0.272,0.278,33.3,32.3,18.39721,76.56784,ERA5,Asia/Kolkata,Open-Meteo Historical Weather API
MH-Latur,2012-03-31,31.0,37.7,23.9,0.0,0.0,0.0,25,7.88,0.254,0.271,0.277,33.2,32.2,18.39721,76.56784,ERA5,Asia/Kolkata,Open-Meteo Historical Weather API
MH-Latur,2012-04-01,31.0,38.3,23.6,0.0,0.0,0.0,34,6.88,0.251,0.27,0.276,33.3,32.1,18.39721,76.56784,ERA5,Asia/Kolkata,Open-Meteo Historical Weather API
MH-Latur,2012-04-02,31.0,38.2,25.1,0.2,0.2,1.0,31,6.91,0.254,0.27,0.276,33.1,32.3,18.39721,76.56784,ERA5,Asia/Kolkata,Open-Meteo Historical Weather API
MH-Latur,2012-04-03,31.1,37.9,25.3,2.5,2.5,3.0,32,6.15,0.267,0.27,0.278,33.1,32.1,18.39721,76.56784,ERA5,Asia/Kolkata,Open-Meteo Historical Weather API
MH-Latur,2012-04-04,31.6,39.5,25.7,0.0,0.0,0.0,30,7.82,0.28,0.27,0.277,33.0,32.1,18.39721,76.56784,ERA5,Asia/Kolkata,Open-Meteo Historical Weather API
MH-Latur,2012-04-05,32.3,39.2,26.2,0.0,0.0,0.0,31,8.21,0.269,0.27,0.277,33.7,32.5,18.39721,76.56784,ERA5,Asia/Kolkata,Open-Meteo Historical Weather API
MH-Latur,2012-04-06,32.2,39.0,25.8,0.0,0.0,0.0,24,7.61,0.262,0.27,0.277,33.9,32.7,18.39721,76.56784,ERA5,Asia/Kolkata,Open-Meteo Historical Weather API
MH-Latur,2012-04-07,31.7,39.1,24.6,0.0,0.0,0.0,23,7.86,0.26,0.271,0.277,33.8,32.7,18.39721,76.56784,ERA5,Asia/Kolkata,Open-Meteo Historical Weather API
MH-Latur,2012-04-08,32.4,40.3,24.1,0.0,0.0,0.0,24,7.58,0.257,0.271,0.274,34.1,32.9,18.39721,76.56784,ERA5,Asia/Kolkata,Open-Meteo Historical Weather API
MH-Latur,2012-04-09,33.4,40.8,26.4,0.0,0.0,0.0,30,6.8,0.254,0.271,0.274,35.4,33.6,18.39721,76.56784,ERA5,Asia/Kolkata,Open-Meteo Historical Weather API
MH-Latur,2012-04-10,32.8,40.5,26.1,0.0,0.0,0.0,30,7.77,0.253,0.271,0.274,35.4,34.1,18.39721,76.56784,ERA5,Asia/Kolkata,Open-Meteo Historical Weather API
MH-Latur,2012-04-11,32.2,40.0,26.3,0.3,0.3,1.0,33,7.42,0.248,0.27,0.273,35.0,34.0,18.39721,76.56784,ERA5,Asia/Kolkata,Open-Meteo Historical Weather API
MH-Latur,2012-04-12,31.2,38.3,26.3,0.5,0.5,1.0,35,6.89,0.251,0.27,0.274,34.2,33.8,18.39721,76.56784,ERA5,Asia/Kolkata,Open-Meteo Historical Weather API
MH-Latur,2012-04-13,30.1,37.3,24.0,0.0,0.0,0.0,41,6.15,0.261,0.272,0.275,33.4,33.2,18.39721,76.56784,ERA5,Asia/Kolkata,Open-Meteo Historical Weather API
MH-Latur,2012-04-14,32.0,39.3,25.8,0.0,0.0,0.0,31,6.99,0.26,0.271,0.275,34.2,33.1,18.39721,76.56784,ERA5,Asia/Kolkata,Open-Meteo Historical Weather API
MH-Latur,2012-04-15,31.4,37.6,26.2,0.7,0.7,2.0,39,6.36,0.264,0.274,0.279,34.1,33.6,18.39721,76.56784,ERA5,Asia/Kolkata,Open-Meteo Historical Weather API
MH-Latur,2012-04-16,32.4,39.2,26.2,0.0,0.0,0.0,35,7.07,0.266,0.278,0.282,34.5,33.7,18.39721,76.56784,ERA5,Asia/Kolkata,Open-Meteo Historical Weather API
MH-Latur,2012-04-17,32.6,38.2,26.6,0.0,0.0,0.0,32,6.88,0.262,0.278,0.282,34.5,33.8,18.39721,76.56784,ERA5,Asia/Kolkata,Open-Meteo Historical Weather API
MH-Latur,2012-04-18,32.8,39.7,26.7,0.0,0.0,0.0,28,7.24,0.262,0.278,0.282,34.7,33.8,18.39721,76.56784,ERA5,Asia/Kolkata,Open-Meteo Historical Weather API
MH-Latur,2012-04-19,32.2,39.2,27.4,0.0,0.0,0.0,34,7.84,0.266,0.283,0.284,34.5,34.0,18.39721,76.56784,ERA5,Asia/Kolkata,Open-Meteo Historical Weather API
MH-Latur,2012-04-20,31.7,38.4,26.1,0.0,0.0,0.0,36,6.95,0.267,0.283,0.284,33.9,33.8,18.39721,76.56784,ERA5,Asia/Kolkata,Open-Meteo Historical Weather API
MH-Latur,2012-04-21,30.8,38.7,26.2,1.9,1.9,1.0,43,6.57,0.269,0.284,0.285,33.6,33.5,18.39721,76.56784,ERA5,Asia/Kolkata,Open-Meteo Historical Weather API
MH-Latur,2012-04-22,31.8,37.8,25.5,0.0,0.0,0.0,39,5.89,0.272,0.285,0.286,33.7,33.3,18.39721,76.56784,ERA5,Asia/Kolkata,Open-Meteo Historical Weather API
MH-Latur,2012-04-23,31.6,37.5,26.2,0.0,0.0,0.0,34,7.32,0.272,0.287,0.288,34.0,33.5,18.39721,76.56784,ERA5,Asia/Kolkata,Open-Meteo Historical Weather API
MH-Latur,2012-04-24,32.0,38.5,26.3,0.0,0.0,0.0,36,6.33,0.267,0.288,0.289,34.5,33.8,18.39721,76.56784,ERA5,Asia/Kolkata,Open-Meteo Historical Weather API
MH-Latur,2012-04-25,32.6,38.6,26.1,0.0,0.0,0.0,27,7.6,0.261,0.284,0.286,34.8,33.8,18.39721,76.56784,ERA5,Asia/Kolkata,Open-Meteo Historical Weather API
MH-Latur,2012-04-26,30.8,35.5,27.7,0.7,0.7,2.0,45,5.72,0.26,0.283,0.286,34.1,34.0,18.39721,76.56784,ERA5,Asia/Kolkata,Open-Meteo Historical Weather API
MH-Latur,2012-04-27,32.6,38.2,26.6,0.0,0.0,0.0,33,6.48,0.259,0.278,0.283,34.6,33.5,18.39721,76.56784,ERA5,Asia/Kolkata,Open-Meteo Historical Weather API
MH-Latur,2012-04-28,32.8,38.6,25.9,0.0,0.0,0.0,28,6.57,0.256,0.277,0.282,35.0,34.0,18.39721,76.56784,ERA5,Asia/Kolkata,Open-Meteo Historical Weather API
MH-Latur,2012-04-29,33.4,39.5,27.0,0.0,0.0,0.0,25,8.02,0.253,0.273,0.279,35.5,34.4,18.39721,76.56784,ERA5,Asia/Kolkata,Open-Meteo Historical Weather API
MH-Latur,2012-04-30,33.6,40.5,27.2,0.0,0.0,0.0,22,8.67,0.25,0.272,0.276,35.9,34.7,18.39721,76.56784,ERA5,Asia/Kolkata,Open-Meteo Historical Weather API
MH-Latur,2012-05-01,33.1,39.9,26.5,0.0,0.0,0.0,23,8.35,0.246,0.272,0.274,36.0,34.9,18.39721,76.56784,ERA5,Asia/Kolkata,Open-Meteo Historical Weather API
MH-Latur,2012-05-02,33.2,40.2,27.0,0.0,0.0,0.0,22,8.83,0.244,0.27,0.272,36.1,35.0,18.39721,76.56784,ERA5,Asia/Kolkata,Open-Meteo Historical Weather API
MH-Latur,2012-05-03,33.8,40.6,26.8,0.0,0.0,0.0,24,8.68,0.243,0.27,0.27,36.1,35.0,18.39721,76.56784,ERA5,Asia/Kolkata,Open-Meteo Historical Weather API
MH-Latur,2012-05-04,33.5,39.7,27.6,0.0,0.0,0.0,29,8.25,0.242,0.269,0.269,36.2,35.2,18.39721,76.56784,ERA5,Asia/Kolkata,Open-Meteo Historical Weather API
MH-Latur,2012-05-05,32.9,39.5,26.5,0.0,0.0,0.0,30,7.9,0.242,0.269,0.268,36.1,35.1,18.39721,76.56784,ERA5,Asia/Kolkata,Open-Meteo Historical Weather API
MH-Latur,2012-05-06,32.3,37.8,26.8,0.0,0.0,0.0,35,7.28,0.244,0.269,0.267,35.4,34.8,18.39721,76.56784,ERA5,Asia/Kolkata,Open-Meteo Historical Weather API
MH-Latur,2012-05-07,32.1,38.4,27.1,0.0,0.0,0.0,37,7.25,0.245,0.27,0.266,35.2,34.4,18.39721,76.56784,ERA5,Asia/Kolkata,Open-Meteo Historical Weather API
MH-Latur,2012-05-08,31.9,38.2,27.6,0.8,0.8,1.0,37,6.84,0.258,0.271,0.268,34.7,34.4,18.39721,76.56784,ERA5,Asia/Kolkata,Open-Meteo Historical Weather API
MH-Latur,2012-05-09,32.7,39.1,27.2,0.0,0.0,0.0,35,7.49,0.274,0.27,0.268,35.0,34.3,18.39721,76.56784,ERA5,Asia/Kolkata,Open-Meteo Historical Weather API
MH-Latur,2012-05-10,31.3,37.4,26.0,1.8,1.8,2.0,41,6.74,0.275,0.273,0.27,34.4,34.5,18.39721,76.56784,ERA5,Asia/Kolkata,Open-Meteo Historical Weather API
MH-Latur,2012-05-11,30.6,39.2,24.9,1.4,1.4,2.0,46,6.19,0.28,0.273,0.27,33.2,33.7,18.39721,76.56784,ERA5,Asia/Kolkata,Open-Meteo Historical Weather API
MH-Latur,2012-05-12,31.1,38.0,26.9,0.9,0.9,2.0,43,6.49,0.289,0.271,0.269,33.5,33.4,18.39721,76.56784,ERA5,Asia/Kolkata,Open-Meteo Historical Weather API
MH-Latur,2012-05-13,30.9,37.4,25.7,0.5,0.5,2.0,44,6.6,0.297,0.273,0.271,33.5,33.3,18.39721,76.56784,ERA5,Asia/Kolkata,Open-Meteo Historical Weather API
MH-Latur,2012-05-14,32.6,38.5,26.7,0.0,0.0,0.0,34,7.38,0.294,0.272,0.269,34.1,33.4,18.39721,76.56784,ERA5,Asia/Kolkata,Open-Meteo Historical Weather API
MH-Latur,2012-05-15,33.8,40.3,27.4,0.0,0.0,0.0,27,7.77,0.278,0.27,0.268,35.0,33.9,18.39721,76.56784,ERA5,Asia/Kolkata,Open-Meteo Historical Weather API
MH-Latur,2012-05-16,33.7,40.2,27.4,0.0,0.0,0.0,23,8.75,0.267,0.27,0.267,35.6,34.4,18.39721,76.56784,ERA5,Asia/Kolkata,Open-Meteo Historical Weather API
MH-Latur,2012-05-17,33.9,40.8,27.5,0.0,0.0,0.0,23,9.68,0.256,0.269,0.266,35.9,34.7,18.39721,76.56784,ERA5,Asia/Kolkata,Open-Meteo Historical Weather API
MH-Latur,2012-05-18,34.5,40.7,28.8,0.0,0.0,0.0,22,10.05,0.25,0.268,0.265,36.4,35.0,18.39721,76.56784,ERA5,Asia/Kolkata,Open-Meteo Historical Weather API
MH-Latur,2012-05-19,34.6,40.9,28.7,0.0,0.0,0.0,23,9.59,0.247,0.268,0.265,36.5,35.4,18.39721,76.56784,ERA5,Asia/Kolkata,Open-Meteo Historical Weather API
MH-Latur,2012-05-20,34.3,40.6,28.8,0.0,0.0,0.0,23,8.98,0.247,0.268,0.265,36.7,35.6,18.39721,76.56784,ERA5,Asia/Kolkata,Open-Meteo Historical Weather API
MH-Latur,2012-05-21,34.5,40.3,29.3,0.0,0.0,0.0,27,8.73,0.245,0.268,0.265,36.8,35.7,18.39721,76.56784,ERA5,Asia/Kolkata,Open-Meteo Historical Weather API
MH-Latur,2012-05-22,33.7,39.5,28.4,0.0,0.0,0.0,27,8.47,0.244,0.268,0.265,36.6,35.6,18.39721,76.56784,ERA5,Asia/Kolkata,Open-Meteo Historical Weather API
MH-Latur,2012-05-23,34.3,40.7,28.5,0.0,0.0,0.0,29,8.7,0.245,0.268,0.265,36.6,35.5,18.39721,76.56784,ERA5,Asia/Kolkata,Open-Meteo Historical Weather API
MH-Latur,2012-05-24,34.8,40.9,28.7,0.0,0.0,0.0,31,9.07,0.244,0.268,0.265,37.0,35.7,18.39721,76.56784,ERA5,Asia/Kolkata,Open-Meteo Historical Weather API
MH-Latur,2012-05-25,34.6,40.8,28.3,0.0,0.0,0.0,31,9.21,0.244,0.268,0.265,37.0,35.8,18.39721,76.56784,ERA5,Asia/Kolkata,Open-Meteo Historical Weather API
MH-Latur,2012-05-26,34.0,38.6,29.0,0.0,0.0,0.0,31,8.64,0.243,0.268,0.265,36.6,35.8,18.39721,76.56784,ERA5,Asia/Kolkata,Open-Meteo Historical Weather API
MH-Latur,2012-05-27,33.7,39.7,28.8,0.0,0.0,0.0,31,8.3,0.244,0.268,0.265,36.5,35.6,18.39721,76.56784,ERA5,Asia/Kolkata,Open-Meteo Historical Weather API
MH-Latur,2012-05-28,33.7,39.7,29.2,0.9,0.9,1.0,35,7.8,0.248,0.268,0.265,36.3,35.6,18.39721,76.56784,ERA5,Asia/Kolkata,Open-Meteo Historical Weather API
MH-Latur,2012-05-29,33.6,40.0,28.3,0.0,0.0,0.0,35,7.9,0.255,0.269,0.266,36.1,35.5,18.39721,76.56784,ERA5,Asia/Kolkata,Open-Meteo Historical Weather API
MH-Latur,2012-05-30,34.8,41.5,28.8,0.0,0.0,0.0,29,9.85,0.251,0.269,0.266,36.5,35.5,18.39721,76.56784,ERA5,Asia/Kolkata,Open-Meteo Historical Weather API
MH-Latur,2012-05-31,33.8,40.1,27.6,0.0,0.0,0.0,30,9.24,0.246,0.269,0.266,36.6,35.6,18.39721,76.56784,ERA5,Asia/Kolkata,Open-Meteo Historical Weather API
MH-Latur,2012-06-01,32.6,38.5,27.2,0.0,0.0,0.0,34,8.6,0.244,0.268,0.265,35.9,35.3,18.39721,76.56784,ERA5,Asia/Kolkata,Open-Meteo Historical Weather API
MH-Latur,2012-06-02,33.1,38.9,27.1,0.0,0.0,0.0,30,9.26,0.243,0.268,0.265,35.7,35.0,18.39721,76.56784,ERA5,Asia/Kolkata,Open-Meteo Historical Weather API
MH-Latur,2012-06-03,32.7,38.7,26.5,0.0,0.0,0.0,37,9.04,0.242,0.268,0.265,35.7,34.8,18.39721,76.56784,ERA5,Asia/Kolkata,Open-Meteo Historical Weather API
MH-Latur,2012-06-04,33.3,39.7,27.0,0.0,0.0,0.0,36,8.19,0.241,0.268,0.264,36.3,35.0,18.39721,76.56784,ERA5,Asia/Kolkata,Open-Meteo Historical Weather API
MH-Latur,2012-06-05,31.8,37.6,27.9,0.0,0.0,0.0,49,6.56,0.24,0.268,0.264,35.5,35.2,18.39721,76.56784,ERA5,Asia/Kolkata,Open-Meteo Historical Weather API
MH-Latur,2012-06-06,29.2,33.9,25.7,3.4,3.4,7.0,64,4.21,0.251,0.268,0.264,32.4,33.6,18.39721,76.56784,ERA5,Asia/Kolkata,Open-Meteo Historical Weather API
MH-Latur,2012-06-07,29.2,34.1,23.7,3.3,3.3,7.0,61,4.98,0.293,0.268,0.264,31.6,31.8,18.39721,76.56784,ERA5,Asia/Kolkata,Open-Meteo Historical Weather API
MH-Latur,2012-06-08,30.3,35.7,26.0,2.4,2.4,1.0,55,6.27,0.287,0.268,0.264,32.9,32.3,18.39721,76.56784,ERA5,Asia/Kolkata,Open-Meteo Historical Weather API
MH-Latur,2012-06-09,30.5,35.6,26.0,1.5,1.5,1.0,53,6.68,0.284,0.268,0.264,32.9,32.6,18.39721,76.56784,ERA5,Asia/Kolkata,Open-Meteo Historical Weather API
MH-Latur,2012-06-10,29.7,35.0,25.3,0.0,0.0,0.0,54,7.03,0.278,0.267,0.264,32.7,32.6,18.39721,76.56784,ERA5,Asia/Kolkata,Open-Meteo Historical Weather API
MH-Latur,2012-06-11,29.6,35.6,23.8,0.0,0.0,0.0,52,6.68,0.274,0.267,0.264,32.3,32.4,18.39721,76.56784,ERA5,Asia/Kolkata,Open-Meteo Historical Weather API
MH-Latur,2012-06-12,31.1,38.1,25.0,0.0,0.0,0.0,49,7.23,0.266,0.267,0.264,33.8,32.9,18.39721,76.56784,ERA5,Asia/Kolkata,Open-Meteo Historical Weather API
MH-Latur,2012-06-13,30.8,36.7,25.4,0.3,0.3,1.0,52,5.87,0.26,0.267,0.264,33.7,33.3,18.39721,76.56784,ERA5,Asia/Kolkata,Open-Meteo Historical Weather API
MH-Latur,2012-06-14,30.9,37.4,27.5,4.4,4.4,8.0,55,5.25,0.269,0.27,0.267,34.1,33.4,18.39721,76.56784,ERA5,Asia/Kolkata,Open-Meteo Historical Weather API
MH-Latur,2012-06-15,29.2,36.6,25.1,6.5,6.5,10.0,65,4.76,0.309,0.273,0.269,32.6,32.9,18.39721,76.56784,ERA5,Asia/Kolkata,Open-Meteo Historical Weather API
MH-Latur,2012-06-16,27.3,31.3,23.9,6.2,6.2,9.0,71,3.65,0.401,0.278,0.269,29.6,31.1,18.39721,76.56784,ERA5,Asia/Kolkata,Open-Meteo Historical Weather API
MH-Latur,2012-06-17,26.9,32.1,23.6,4.2,4.2,8.0,73,4.19,0.41,0.281,0.269,29.2,30.0,18.39721,76.56784,ERA5,Asia/Kolkata,Open-Meteo Historical Weather API
MH-Latur,2012-06-18,24.7,29.2,23.0,16.4,16.4,20.0,81,2.68,0.46,0.301,0.269,27.1,28.9,18.39721,76.56784,ERA5,Asia/Kolkata,Open-Meteo Historical Weather API
MH-Latur,2012-06-19,27.4,32.9,23.6,0.4,0.4,3.0,67,4.99,0.441,0.339,0.268,27.8,28.1,18.39721,76.56784,ERA5,Asia/Kolkata,Open-Meteo Historical Weather API
MH-Latur,2012-06-20,28.3,33.8,23.5,0.1,0.1,1.0,61,6.24,0.399,0.336,0.268,28.9,28.7,18.39721,76.56784,ERA5,Asia/Kolkata,Open-Meteo Historical Weather API
MH-Latur,2012-06-21,28.4,33.1,23.4,0.0,0.0,0.0,57,4.69,0.367,0.325,0.266,28.6,28.8,18.39721,76.56784,ERA5,Asia/Kolkata,Open-Meteo Historical Weather API
MH-Latur,2012-06-22,29.2,34.1,24.8,0.0,0.0,0.0,55,5.27,0.342,0.314,0.266,29.6,29.0,18.39721,76.56784,ERA5,Asia/Kolkata,Open-Meteo Historical Weather API
MH-Latur,2012-06-23,29.9,35.3,24.7,0.0,0.0,0.0,51,6.44,0.319,0.303,0.265,30.6,29.6,18.39721,76.56784,ERA5,Asia/Kolkata,Open-Meteo Historical Weather API
MH-Latur,2012-06-24,29.6,34.2,25.1,0.0,0.0,0.0,56,6.58,0.297,0.292,0.265,31.0,30.2,18.39721,76.56784,ERA5,Asia/Kolkata,Open-Meteo Historical Weather API
MH-Latur,2012-06-25,29.4,35.2,25.1,1.5,1.5,2.0,58,6.15,0.289,0.288,0.265,31.2,30.6,18.39721,76.56784,ERA5,Asia/Kolkata,Open-Meteo Historical Weather API
MH-Latur,2012-06-26,29.2,35.2,24.7,1.0,1.0,3.0,58,6.19,0.296,0.282,0.265,30.8,30.5,18.39721,76.56784,ERA5,Asia/Kolkata,Open-Meteo Historical Weather API
MH-Latur,2012-06-27,27.5,32.2,24.1,6.0,6.0,5.0,65,5.08,0.332,0.279,0.264,30.0,30.1,18.39721,76.56784,ERA5,Asia/Kolkata,Open-Meteo Historical Weather API
MH-Latur,2012-06-28,27.8,33.0,24.3,1.7,1.7,2.0,64,5.07,0.378,0.278,0.264,29.5,29.4,18.39721,76.56784,ERA5,Asia/Kolkata,Open-Meteo Historical Weather API
MH-Latur,2012-06-29,27.7,33.9,24.2,4.7,4.7,7.0,65,5.33,0.371,0.276,0.264,29.7,29.5,18.39721,76.56784,ERA5,Asia/Kolkata,Open-Meteo Historical Weather API
MH-Latur,2012-06-30,27.9,34.2,23.5,0.4,0.4,2.0,65,4.91,0.377,0.277,0.264,29.4,29.3,18.39721,76.56784,ERA5,Asia/Kolkata,Open-Meteo Historical Weather API
MH-Latur,2012-07-01,27.2,32.4,23.2,6.3,6.3,7.0,71,3.9,0.36,0.273,0.264,29.6,29.6,18.39721,76.56784,ERA5,Asia/Kolkata,Open-Meteo Historical Weather API
MH-Latur,2012-07-02,26.7,32.1,22.9,3.0,3.0,8.0,74,3.59,0.417,0.276,0.263,28.7,28.9,18.39721,76.56784,ERA5,Asia/Kolkata,Open-Meteo Historical Weather API
MH-Latur,2012-07-03,27.1,32.6,23.8,0.9,0.9,3.0,69,4.71,0.389,0.279,0.263,28.7,28.6,18.39721,76.56784,ERA5,Asia/Kolkata,Open-Meteo Historical Weather API
MH-Latur,2012-07-04,27.9,33.5,23.5,0.0,0.0,0.0,61,5.16,0.362,0.277,0.263,28.6,28.2,18.39721,76.56784,ERA5,Asia/Kolkata,Open-Meteo Historical Weather API
MH-Latur,2012-07-05,28.1,33.7,24.0,0.7,0.7,3.0,63,5.4,0.343,0.277,0.263,29.0,28.5,18.39721,76.56784,ERA5,Asia/Kolkata,Open-Meteo Historical Weather API
MH-Latur,2012-07-06,25.9,31.2,23.0,11.2,11.2,12.0,76,3.28,0.366,0.282,0.263,28.0,28.5,18.39721,76.56784,ERA5,Asia/Kolkata,Open-Meteo Historical Weather API
MH-Latur,2012-07-07,25.3,30.0,22.8,8.0,8.0,13.0,79,3.22,0.436,0.295,0.263,26.9,27.5,18.39721,76.56784,ERA5,Asia/Kolkata,Open-Meteo Historical Weather API
MH-Latur,2012-07-08,26.3,31.0,23.2,1.7,1.7,7.0,74,3.56,0.424,0.304,0.262,26.9,27.1,18.39721,76.56784,ERA5,Asia/Kolkata,Open-Meteo Historical Weather API
MH-Latur,2012-07-09,27.1,30.8,23.4,0.2,0.2,1.0,68,4.29,0.394,0.306,0.261,27.9,27.6,18.39721,76.56784,ERA5,Asia/Kolkata,Open-Meteo Historical Weather API
MH-Latur,2012-07-10,27.5,32.2,23.3,0.3,0.3,1.0,67,5.32,0.37,0.304,0.261,28.9,28.3,18.39721,76.56784,ERA5,Asia/Kolkata,Open-Meteo Historical Weather API
MH-Latur,2012-07-11,28.1,33.2,23.8,0.4,0.4,4.0,64,5.17,0.348,0.299,0.261,29.3,28.8,18.39721,76.56784,ERA5,Asia/Kolkata,Open-Meteo Historical Weather API
MH-Latur,2012-07-12,27.7,32.6,24.1,2.2,2.2,6.0,68,4.5,0.345,0.294,0.26,29.2,29.0,18.39721,76.56784,ERA5,Asia/Kolkata,Open-Meteo Historical Weather API
MH-Latur,2012-07-13,28.7,33.5,24.6,0.1,0.1,1.0,61,5.34,0.361,0.288,0.26,29.8,29.1,18.39721,76.56784,ERA5,Asia/Kolkata,Open-Meteo Historical Weather API
MH-Latur,2012-07-14,27.1,31.2,24.0,2.8,2.8,6.0,68,4.01,0.349,0.286,0.26,28.9,29.1,18.39721,76.56784,ERA5,Asia/Kolkata,Open-Meteo Historical Weather API
MH-Latur,2012-07-15,26.3,29.3,24.2,5.4,5.4,12.0,71,3.4,0.381,0.283,0.26,27.7,28.2,18.39721,76.56784,ERA5,Asia/Kolkata,Open-Meteo Historical Weather API
MH-Latur,2012-07-16,26.0,30.6,22.6,4.8,4.8,6.0,74,2.49,0.447,0.301,0.26,26.7,27.2,18.39721,76.56784,ERA5,Asia/Kolkata,Open-Meteo Historical Weather API
MH-Latur,2012-07-17,27.1,33.6,23.5,2.9,2.9,5.0,71,4.39,0.408,0.306,0.26,28.1,27.6,18.39721,76.56784,ERA5,Asia/Kolkata,Open-Meteo Historical Weather API
MH-Latur,2012-07-18,25.3,31.5,22.6,14.5,14.5,19.0,81,2.87,0.441,0.309,0.26,26.6,27.5,18.39721,76.56784,ERA5,Asia/Kolkata,Open-Meteo Historical Weather API
MH-Latur,2012-07-19,24.7,29.5,22.5,17.5,17.5,16.0,80,2.84,0.477,0.385,0.263,25.6,26.4,18.39721,76.56784,ERA5,Asia/Kolkata,Open-Meteo Historical Weather API
MH-Latur,2012-07-20,25.3,28.6,22.9,3.5,3.5,7.0,78,3.29,0.455,0.402,0.264,25.9,26.2,18.39721,76.56784,ERA5,Asia/Kolkata,Open-Meteo Historical Weather API
MH-Latur,2012-07-21,26.3,29.2,23.5,2.4,2.4,10.0,75,3.39,0.45,0.405,0.264,26.5,26.5,18.39721,76.56784,ERA5,Asia/Kolkata,Open-Meteo Historical Weather API
MH-Latur,2012-07-22,24.9,27.2,23.6,7.8,7.8,12.0,81,2.35,0.466,0.408,0.265,25.5,26.3,18.39721,76.56784,ERA5,Asia/Kolkata,Open-Meteo Historical Weather API
MH-Latur,2012-07-23,26.4,30.9,23.1,0.5,0.5,3.0,72,4.87,0.453,0.414,0.266,26.6,26.1,18.39721,76.56784,ERA5,Asia/Kolkata,Open-Meteo Historical Weather API
MH-Latur,2012-07-24,26.2,31.4,22.8,0.3,0.3,2.0,71,4.61,0.426,0.407,0.267,26.9,26.9,18.39721,76.56784,ERA5,Asia/Kolkata,Open-Meteo Historical Weather API
MH-Latur,2012-07-25,25.6,29.2,23.7,3.2,3.2,5.0,75,3.23,0.425,0.4,0.267,26.3,26.7,18.39721,76.56784,ERA5,Asia/Kolkata,Open-Meteo Historical Weather API
MH-Latur,2012-07-26,24.0,26.9,23.0,5.9,5.9,18.0,84,2.17,0.447,0.4,0.268,24.9,25.9,18.39721,76.56784,ERA5,Asia/Kolkata,Open-Meteo Historical Weather API
MH-Latur,2012-07-27,25.3,28.0,22.9,0.2,0.2,2.0,75,2.9,0.442,0.403,0.268,25.1,25.3,18.39721,76.56784,ERA5,Asia/Kolkata,Open-Meteo Historical Weather API
MH-Latur,2012-07-28,25.9,30.1,23.7,0.5,0.5,3.0,72,4.13,0.42,0.398,0.268,26.2,25.9,18.39721,76.56784,ERA5,Asia/Kolkata,Open-Meteo Historical Weather API
MH-Latur,2012-07-29,25.3,28.1,23.5,1.2,1.2,4.0,76,3.52,0.407,0.39,0.268,26.1,26.1,18.39721,76.56784,ERA5,Asia/Kolkata,Open-Meteo Historical Weather API
MH-Latur,2012-07-30,25.5,29.4,23.1,0.3,0.3,2.0,72,3.64,0.399,0.383,0.268,25.8,25.9,18.39721,76.56784,ERA5,Asia/Kolkata,Open-Meteo Historical Weather API
MH-Latur,2012-07-31,23.7,26.0,22.5,4.4,4.4,13.0,82,2.56,0.416,0.379,0.268,24.7,25.6,18.39721,76.56784,ERA5,Asia/Kolkata,Open-Meteo Historical Weather API
MH-Latur,2012-08-01,25.7,30.5,22.1,0.5,0.5,3.0,72,4.8,0.414,0.376,0.268,26.0,25.6,18.39721,76.56784,ERA5,Asia/Kolkata,Open-Meteo Historical Weather API
MH-Latur,2012-08-02,25.0,28.2,22.3,3.3,3.3,8.0,77,2.88,0.406,0.371,0.268,25.6,26.0,18.39721,76.56784,ERA5,Asia/Kolkata,Open-Meteo Historical Weather API
MH-Latur,2012-08-03,25.1,28.5,22.3,2.0,2.0,7.0,77,3.32,0.434,0.371,0.268,25.2,25.5,18.39721,76.56784,ERA5,Asia/Kolkata,Open-Meteo Historical Weather API
MH-Latur,2012-08-04,24.9,27.6,23.2,1.5,1.5,9.0,77,3.07,0.422,0.372,0.268,25.3,25.5,18.39721,76.56784,ERA5,Asia/Kolkata,Open-Meteo Historical Weather API
MH-Latur,2012-08-05,25.9,29.0,23.5,0.4,0.4,2.0,72,3.69,0.409,0.369,0.268,25.9,25.6,18.39721,76.56784,ERA5,Asia/Kolkata,Open-Meteo Historical Weather API
MH-Latur,2012-08-06,25.9,29.2,23.6,1.2,1.2,4.0,74,3.42,0.403,0.365,0.268,25.9,26.0,18.39721,76.56784,ERA5,Asia/Kolkata,Open-Meteo Historical Weather API
MH-Latur,2012-08-07,26.9,32.0,23.3,1.9,1.9,5.0,71,4.72,0.395,0.358,0.267,26.9,26.2,18.39721,76.56784,ERA5,Asia/Kolkata,Open-Meteo Historical Weather API
MH-Latur,2012-08-08,26.8,31.2,22.7,0.7,0.7,5.0,68,5.31,0.381,0.351,0.267,27.1,26.6,18.39721,76.56784,ERA5,Asia/Kolkata,Open-Meteo Historical Weather API
MH-Latur,2012-08-09,26.2,31.4,22.9,0.3,0.3,2.0,70,4.64,0.366,0.347,0.267,26.9,27.0,18.39721,76.56784,ERA5,Asia/Kolkata,Open-Meteo Historical Weather API
MH-Latur,2012-08-10,26.1,29.8,23.1,0.3,0.3,2.0,71,3.49,0.356,0.343,0.267,26.5,26.7,18.39721,76.56784,ERA5,Asia/Kolkata,Open-Meteo Historical Weather API
MH-Latur,2012-08-11,25.6,28.9,23.2,1.8,1.8,5.0,72,3.77,0.348,0.337,0.267,26.4,26.5,18.39721,76.56784,ERA5,Asia/Kolkata,Open-Meteo Historical Weather API
MH-Latur,2012-08-12,25.4,28.7,23.1,1.1,1.1,5.0,74,3.49,0.344,0.334,0.267,26.2,26.4,18.39721,76.56784,ERA5,Asia/Kolkata,Open-Meteo Historical Weather API
MH-Latur,2012-08-13,26.8,31.6,22.6,0.1,0.1,1.0,66,5.16,0.338,0.329,0.267,27.1,26.6,18.39721,76.56784,ERA5,Asia/Kolkata,Open-Meteo Historical Weather API
MH-Latur,2012-08-14,26.5,30.4,22.3,0.0,0.0,0.0,65,4.44,0.324,0.323,0.266,27.2,26.9,18.39721,76.56784,ERA5,Asia/Kolkata,Open-Meteo Historical Weather API
MH-Latur,2012-08-15,26.8,31.7,22.2,0.0,0.0,0.0,65,4.41,0.315,0.319,0.267,27.4,27.0,18.39721,76.56784,ERA5,Asia/Kolkata,Open-Meteo Historical Weather API
MH-Latur,2012-08-16,26.9,31.1,23.2,0.3,0.3,3.0,64,4.36,0.307,0.313,0.266,27.7,27.3,18.39721,76.56784,ERA5,Asia/Kolkata,Open-Meteo Historical Weather API
MH-Latur,2012-08-17,27.5,31.6,23.2,0.0,0.0,0.0,60,5.01,0.296,0.305,0.266,28.2,27.6,18.39721,76.56784,ERA5,Asia/Kolkata,Open-Meteo Historical Weather API
MH-Latur,2012-08-18,27.3,32.4,22.8,0.0,0.0,0.0,60,5.23,0.286,0.299,0.266,28.1,27.8,18.39721,76.56784,ERA5,Asia/Kolkata,Open-Meteo Historical Weather API
MH-Latur,2012-08-19,23.8,25.7,22.5,13.2,13.2,21.0,85,1.5,0.355,0.296,0.265,25.2,26.7,18.39721,76.56784,ERA5,Asia/Kolkata,Open-Meteo Historical Weather API
MH-Latur,2012-08-20,26.1,30.5,22.2,0.4,0.4,3.0,73,4.21,0.403,0.298,0.265,26.3,25.7,18.39721,76.56784,ERA5,Asia/Kolkata,Open-Meteo Historical Weather API
MH-Latur,2012-08-21,26.4,30.4,23.0,0.0,0.0,0.0,66,4.3,0.375,0.297,0.265,27.0,26.6,18.39721,76.56784,ERA5,Asia/Kolkata,Open-Meteo Historical Weather API
MH-Latur,2012-08-22,27.0,31.7,23.1,0.0,0.0,0.0,64,4.85,0.352,0.296,0.265,27.9,27.2,18.39721,76.56784,ERA5,Asia/Kolkata,Open-Meteo Historical Weather API
MH-Latur,2012-08-23,29.0,34.5,24.0,0.0,0.0,0.0,56,5.51,0.326,0.288,0.265,29.7,28.2,18.39721,76.56784,ERA5,Asia/Kolkata,Open-Meteo Historical Weather API
MH-Latur,2012-08-24,27.9,32.5,23.5,0.5,0.5,2.0,62,4.55,0.314,0.281,0.265,29.7,29.0,18.39721,76.56784,ERA5,Asia/Kolkata,Open-Meteo Historical Weather API
MH-Latur,2012-08-25,28.2,31.9,24.9,0.0,0.0,0.0,56,4.97,0.31,0.274,0.265,29.9,29.2,18.39721,76.56784,ERA5,Asia/Kolkata,Open-Meteo Historical Weather API
MH-Latur,2012-08-26,26.3,31.4,22.9,6.0,6.0,7.0,69,3.94,0.316,0.277,0.265,28.7,29.0,18.39721,76.56784,ERA5,Asia/Kolkata,Open-Meteo Historical Weather API
MH-Latur,2012-08-27,24.1,27.6,22.1,19.7,19.7,24.0,85,2.06,0.464,0.294,0.265,25.9,27.3,18.39721,76.56784,ERA5,Asia/Kolkata,Open-Meteo Historical Weather API
MH-Latur,2012-08-28,24.8,28.9,22.1,16.3,16.3,13.0,83,3.26,0.481,0.357,0.265,25.9,26.2,18.39721,76.56784,ERA5,Asia/Kolkata,Open-Meteo Historical Weather API
MH-Latur,2012-08-29,26.1,31.4,22.6,7.4,7.4,8.0,78,3.95,0.456,0.381,0.265,26.8,26.4,18.39721,76.56784,ERA5,Asia/Kolkata,Open-Meteo Historical Weather API
MH-Latur,2012-08-30,25.5,28.8,23.3,5.3,5.3,9.0,81,2.68,0.467,0.396,0.265,26.5,26.7,18.39721,76.56784,ERA5,Asia/Kolkata,Open-Meteo Historical Weather API
MH-Latur,2012-08-31,25.3,29.1,22.8,11.0,11.0,16.0,83,3.17,0.485,0.415,0.265,26.5,26.5,18.39721,76.56784,ERA5,Asia/Kolkata,Open-Meteo Historical Weather API
MH-Latur,2012-09-01,25.9,30.0,22.6,5.7,5.7,11.0,82,3.54,0.481,0.439,0.264,26.7,26.5,18.39721,76.56784,ERA5,Asia/Kolkata,Open-Meteo Historical Weather API
MH-Latur,2012-09-02,26.3,31.5,23.4,7.3,7.3,8.0,79,4.06,0.476,0.445,0.265,27.1,26.6,18.39721,76.56784,ERA5,Asia/Kolkata,Open-Meteo Historical Weather API
MH-Latur,2012-09-03,23.7,25.4,22.6,15.4,15.4,20.0,92,1.52,0.501,0.462,0.267,25.2,26.2,18.39721,76.56784,ERA5,Asia/Kolkata,Open-Meteo Historical Weather API
MH-Latur,2012-09-04,24.0,26.6,22.5,19.1,19.1,24.0,89,1.63,0.51,0.498,0.277,24.4,25.2,18.39721,76.56784,ERA5,Asia/Kolkata,Open-Meteo Historical Weather API
MH-Latur,2012-09-05,23.6,25.2,22.1,9.4,9.4,18.0,89,1.57,0.507,0.499,0.295,23.9,24.6,18.39721,76.56784,ERA5,Asia/Kolkata,Open-Meteo Historical Weather API
MH-Latur,2012-09-06,25.4,29.7,22.5,0.4,0.4,2.0,78,3.91,0.478,0.477,0.304,25.3,24.9,18.39721,76.56784,ERA5,Asia/Kolkata,Open-Meteo Historical Weather API
MH-Latur,2012-09-07,25.3,28.9,22.3,0.6,0.6,2.0,78,4.03,0.458,0.459,0.307,25.8,25.4,18.39721,76.56784,ERA5,Asia/Kolkata,Open-Meteo Historical Weather API
MH-Latur,2012-09-08,25.8,29.5,22.6,1.3,1.3,6.0,78,4.07,0.445,0.445,0.307,26.2,25.8,18.39721,76.56784,ERA5,Asia/Kolkata,Open-Meteo Historical Weather API
MH-Latur,2012-09-09,25.8,29.9,22.6,2.5,2.5,5.0,79,3.82,0.438,0.433,0.307,26.4,26.0,18.39721,76.56784,ERA5,Asia/Kolkata,Open-Meteo Historical Weather API
MH-Latur,2012-09-10,24.3,27.7,22.7,8.5,8.5,9.0,85,2.33,0.457,0.427,0.306,25.3,25.7,18.39721,76.56784,ERA5,Asia/Kolkata,Open-Meteo Historical Weather API
MH-Latur,2012-09-11,23.5,26.1,21.6,3.8,3.8,9.0,87,2.45,0.475,0.435,0.307,24.5,25.0,18.39721,76.56784,ERA5,Asia/Kolkata,Open-Meteo Historical Weather API
MH-Latur,2012-09-12,25.2,29.0,21.9,1.7,1.7,7.0,77,3.91,0.464,0.436,0.308,25.5,25.1,18.39721,76.56784,ERA5,Asia/Kolkata,Open-Meteo Historical Weather API
MH-Latur,2012-09-13,25.4,28.9,21.6,0.0,0.0,0.0,74,3.87,0.438,0.427,0.306,25.8,25.5,18.39721,76.56784,ERA5,Asia/Kolkata,Open-Meteo Historical Weather API
MH-Latur,2012-09-14,25.9,30.0,21.8,0.0,0.0,0.0,71,4.54,0.415,0.414,0.303,26.2,25.7,18.39721,76.56784,ERA5,Asia/Kolkata,Open-Meteo Historical Weather API
MH-Latur,2012-09-15,25.2,29.1,21.6,0.2,0.2,1.0,74,3.66,0.398,0.403,0.301,25.8,25.7,18.39721,76.56784,ERA5,Asia/Kolkata,Open-Meteo Historical Weather API
MH-Latur,2012-09-16,25.3,28.7,21.5,0.0,0.0,0.0,72,3.89,0.387,0.395,0.301,25.7,25.6,18.39721,76.56784,ERA5,Asia/Kolkata,Open-Meteo Historical Weather API
MH-Latur,2012-09-17,25.6,28.7,22.3,0.0,0.0,0.0,70,4.15,0.373,0.386,0.3,26.3,25.8,18.39721,76.56784,ERA5,Asia/Kolkata,Open-Meteo Historical Weather API
MH-Latur,2012-09-18,25.1,28.5,22.7,0.4,0.4,3.0,73,3.68,0.364,0.377,0.299,26.3,25.9,18.39721,76.56784,ERA5,Asia/Kolkata,Open-Meteo Historical Weather API
MH-Latur,2012-09-19,25.6,30.0,22.5,1.3,1.3,5.0,72,3.77,0.356,0.368,0.297,26.6,26.1,18.39721,76.56784,ERA5,Asia/Kolkata,Open-Meteo Historical Weather API
MH-Latur,2012-09-20,25.9,30.6,22.1,8.6,8.6,9.0,77,3.51,0.375,0.358,0.294,27.2,26.5,18.39721,76.56784,ERA5,Asia/Kolkata,Open-Meteo Historical Weather API
MH-Latur,2012-09-21,24.7,29.7,21.7,4.6,4.6,8.0,82,3.23,0.414,0.359,0.291,26.3,26.4,18.39721,76.56784,ERA5,Asia/Kolkata,Open-Meteo Historical Weather API
MH-Latur,2012-09-22,25.4,29.8,21.8,1.7,1.7,3.0,79,3.87,0.401,0.363,0.291,26.6,26.2,18.39721,76.56784,ERA5,Asia/Kolkata,Open-Meteo Historical Weather API
MH-Latur,2012-09-23,25.9,30.3,21.8,0.2,0.2,1.0,76,4.29,0.383,0.358,0.289,27.1,26.5,18.39721,76.56784,ERA5,Asia/Kolkata,Open-Meteo Historical Weather API
MH-Latur,2012-09-24,25.9,31.1,23.1,1.1,1.1,6.0,73,4.41,0.366,0.349,0.286,27.2,26.7,18.39721,76.56784,ERA5,Asia/Kolkata,Open-Meteo Historical Weather API
MH-Latur,2012-09-25,25.5,29.9,22.1,0.1,0.1,1.0,70,4.34,0.353,0.342,0.284,26.9,26.5,18.39721,76.56784,ERA5,Asia/Kolkata,Open-Meteo Historical Weather API
MH-Latur,2012-09-26,25.3,30.6,21.5,1.1,1.1,6.0,73,4.33,0.34,0.334,0.282,26.7,26.4,18.39721,76.56784,ERA5,Asia/Kolkata,Open-Meteo Historical Weather API
MH-Latur,2012-09-27,25.8,31.1,21.7,0.1,0.1,1.0,71,4.49,0.33,0.326,0.279,27.1,26.6,18.39721,76.56784,ERA5,Asia/Kolkata,Open-Meteo Historical Weather API
MH-Latur,2012-09-28,25.4,31.0,21.6,1.3,1.3,4.0,76,4.23,0.322,0.318,0.276,27.0,26.9,18.39721,76.56784,ERA5,Asia/Kolkata,Open-Meteo Historical Weather API
MH-Latur,2012-09-29,26.8,32.1,22.2,0.0,0.0,0.0,65,5.15,0.315,0.312,0.275,27.8,27.1,18.39721,76.56784,ERA5,Asia/Kolkata,Open-Meteo Historical Weather API
MH-Latur,2012-09-30,25.4,31.2,22.4,16.1,16.1,16.0,78,2.69,0.357,0.309,0.274,26.8,27.1,18.39721,76.56784,ERA5,Asia/Kolkata,Open-Meteo Historical Weather API
MH-Latur,2012-10-01,25.0,30.3,22.4,12.8,12.8,18.0,85,3.03,0.473,0.325,0.274,26.4,26.5,18.39721,76.56784,ERA5,Asia/Kolkata,Open-Meteo Historical Weather API
MH-Latur,2012-10-02,23.9,27.0,21.9,41.9,41.9,21.0,90,1.95,0.495,0.399,0.271,25.5,26.1,18.39721,76.56784,ERA5,Asia/Kolkata,Open-Meteo Historical Weather API
MH-Latur,2012-10-03,23.5,25.9,21.6,27.3,27.3,22.0,90,1.2,0.508,0.503,0.288,24.5,25.2,18.39721,76.56784,ERA5,Asia/Kolkata,Open-Meteo Historical Weather API
MH-Latur,2012-10-04,24.2,27.9,21.9,17.5,17.5,19.0,88,2.47,0.505,0.498,0.307,24.9,24.9,18.39721,76.56784,ERA5,Asia/Kolkata,Open-Meteo Historical Weather API
MH-Latur,2012-10-05,24.0,27.5,21.7,6.1,6.1,10.0,87,2.51,0.497,0.492,0.32,24.9,25.1,18.39721,76.56784,ERA5,Asia/Kolkata,Open-Meteo Historical Weather API
MH-Latur,2012-10-06,24.5,29.0,21.6,10.1,10.1,13.0,87,2.84,0.498,0.488,0.328,25.5,25.2,18.39721,76.56784,ERA5,Asia/Kolkata,Open-Meteo Historical Weather API
MH-Latur,2012-10-07,24.4,28.8,21.3,7.7,7.7,6.0,85,3.45,0.498,0.49,0.335,25.7,25.5,18.39721,76.56784,ERA5,Asia/Kolkata,Open-Meteo Historical Weather API
MH-Latur,2012-10-08,25.0,30.8,21.4,0.0,0.0,0.0,75,4.45,0.476,0.477,0.339,26.1,25.7,18.39721,76.56784,ERA5,Asia/Kolkata,Open-Meteo Historical Weather API
MH-Latur,2012-10-09,25.0,30.2,20.5,0.0,0.0,0.0,68,4.46,0.45,0.459,0.34,25.4,25.4,18.39721,76.56784,ERA5,Asia/Kolkata,Open-Meteo Historical Weather API
MH-Latur,2012-10-10,24.8,30.7,19.8,0.0,0.0,0.0,65,4.81,0.427,0.442,0.337,25.1,25.1,18.39721,76.56784,ERA5,Asia/Kolkata,Open-Meteo Historical Weather API
MH-Latur,2012-10-11,24.9,30.4,19.5,0.0,0.0,0.0,64,4.68,0.405,0.424,0.335,25.0,25.0,18.39721,76.56784,ERA5,Asia/Kolkata,Open-Meteo Historical Weather API
MH-Latur,2012-10-12,25.1,31.8,20.3,0.0,0.0,0.0,57,5.17,0.384,0.408,0.332,24.9,24.9,18.39721,76.56784,ERA5,Asia/Kolkata,Open-Meteo Historical Weather API
MH-Latur,2012-10-13,24.1,31.2,17.6,0.0,0.0,0.0,55,5.46,0.363,0.391,0.327,24.6,24.8,18.39721,76.56784,ERA5,Asia/Kolkata,Open-Meteo Historical Weather API
MH-Latur,2012-10-14,24.5,31.7,18.0,0.0,0.0,0.0,58,5.42,0.343,0.376,0.323,24.5,24.6,18.39721,76.56784,ERA5,Asia/Kolkata,Open-Meteo Historical Weather API
MH-Latur,2012-10-15,24.8,32.3,19.3,0.0,0.0,0.0,55,5.3,0.325,0.36,0.317,24.7,24.7,18.39721,76.56784,ERA5,Asia/Kolkata,Open-Meteo Historical Weather API
MH-Latur,2012-10-16,24.9,31.9,19.2,0.0,0.0,0.0,54,5.37,0.307,0.345,0.311,25.2,25.1,18.39721,76.56784,ERA5,Asia/Kolkata,Open-Meteo Historical Weather API
MH-Latur,2012-10-17,25.0,31.6,18.5,0.0,0.0,0.0,52,5.16,0.293,0.33,0.305,25.4,25.2,18.39721,76.56784,ERA5,Asia/Kolkata,Open-Meteo Historical Weather API
MH-Latur,2012-10-18,25.5,31.9,19.0,0.0,0.0,0.0,51,5.47,0.282,0.318,0.299,26.0,25.6,18.39721,76.56784,ERA5,Asia/Kolkata,Open-Meteo Historical Weather API
MH-Latur,2012-10-19,25.0,31.8,18.1,0.0,0.0,0.0,53,5.5,0.277,0.311,0.297,26.3,26.0,18.39721,76.56784,ERA5,Asia/Kolkata,Open-Meteo Historical Weather API
MH-Latur,2012-10-20,24.8,30.2,19.2,0.0,0.0,0.0,56,4.81,0.274,0.308,0.298,26.1,26.1,18.39721,76.56784,ERA5,Asia/Kolkata,Open-Meteo Historical Weather API
MH-Latur,2012-10-21,24.1,28.4,21.9,2.4,2.4,7.0,70,3.02,0.277,0.304,0.296,25.6,25.9,18.39721,76.56784,ERA5,Asia/Kolkata,Open-Meteo Historical Weather API
MH-Latur,2012-10-22,25.2,30.0,21.1,0.0,0.0,0.0,61,4.72,0.279,0.299,0.294,26.5,25.6,18.39721,76.56784,ERA5,Asia/Kolkata,Open-Meteo Historical Weather API
MH-Latur,2012-10-23,25.2,31.1,21.5,0.8,0.8,3.0,73,3.56,0.28,0.297,0.293,26.8,26.3,18.39721,76.56784,ERA5,Asia/Kolkata,Open-Meteo Historical Weather API
MH-Latur,2012-10-24,25.7,32.3,20.7,1.5,1.5,3.0,69,3.88,0.287,0.294,0.292,27.2,26.5,18.39721,76.56784,ERA5,Asia/Kolkata,Open-Meteo Historical Weather API
MH-Latur,2012-10-25,25.7,32.3,20.7,1.7,1.7,2.0,67,3.84,0.293,0.289,0.287,27.3,26.9,18.39721,76.56784,ERA5,Asia/Kolkata,Open-Meteo Historical Weather API
MH-Latur,2012-10-26,24.2,31.1,20.3,11.2,11.2,17.0,77,3.34,0.357,0.289,0.288,26.3,26.7,18.39721,76.56784,ERA5,Asia/Kolkata,Open-Meteo Historical Weather API
MH-Latur,2012-10-27,23.7,30.3,18.7,7.8,7.8,6.0,77,3.84,0.416,0.299,0.286,25.6,26.0,18.39721,76.56784,ERA5,Asia/Kolkata,Open-Meteo Historical Weather API
MH-Latur,2012-10-28,24.4,30.3,19.8,0.0,0.0,0.0,66,4.33,0.388,0.305,0.287,25.5,25.8,18.39721,76.56784,ERA5,Asia/Kolkata,Open-Meteo Historical Weather API
MH-Latur,2012-10-29,22.8,29.8,17.6,0.0,0.0,0.0,54,5.22,0.358,0.306,0.289,24.5,25.4,18.39721,76.56784,ERA5,Asia/Kolkata,Open-Meteo Historical Weather API
MH-Latur,2012-10-30,21.4,28.3,15.6,0.0,0.0,0.0,48,5.02,0.338,0.309,0.293,22.9,24.4,18.39721,76.56784,ERA5,Asia/Kolkata,Open-Meteo Historical Weather API
MH-Latur,2012-10-31,22.2,29.6,15.6,0.0,0.0,0.0,54,5.22,0.325,0.312,0.297,23.2,24.0,18.39721,76.56784,ERA5,Asia/Kolkata,Open-Meteo Historical Weather API
MH-Latur,2012-11-01,22.6,26.7,20.2,4.2,4.2,9.0,70,3.11,0.333,0.312,0.299,23.6,24.2,18.39721,76.56784,ERA5,Asia/Kolkata,Open-Meteo Historical Weather API
MH-Latur,2012-11-02,22.2,25.8,20.4,24.9,24.9,21.0,94,1.29,0.461,0.335,0.296,23.4,23.8,18.39721,76.56784,ERA5,Asia/Kolkata,Open-Meteo Historical Weather API
MH-Latur,2012-11-03,23.7,27.6,21.2,1.1,1.1,5.0,83,2.63,0.453,0.381,0.294,24.2,23.8,18.39721,76.56784,ERA5,Asia/Kolkata,Open-Meteo Historical Weather API
MH-Latur,2012-11-04,23.9,30.1,19.5,0.0,0.0,0.0,73,4.12,0.422,0.379,0.291,24.4,24.1,18.39721,76.56784,ERA5,Asia/Kolkata,Open-Meteo Historical Weather API
MH-Latur,2012-11-05,23.4,29.7,18.5,0.0,0.0,0.0,66,4.49,0.393,0.369,0.288,24.0,24.1,18.39721,76.56784,ERA5,Asia/Kolkata,Open-Meteo Historical Weather API
MH-Latur,2012-11-06,23.5,30.1,16.9,0.0,0.0,0.0,62,4.58,0.365,0.356,0.285,24.3,24.1,18.39721,76.56784,ERA5,Asia/Kolkata,Open-Meteo Historical Weather API
MH-Latur,2012-11-07,24.2,29.9,18.6,0.0,0.0,0.0,62,3.84,0.342,0.343,0.283,24.8,24.5,18.39721,76.56784,ERA5,Asia/Kolkata,Open-Meteo Historical Weather API
MH-Latur,2012-11-08,24.3,29.1,19.6,0.2,0.2,1.0,65,3.33,0.328,0.334,0.282,25.1,24.9,18.39721,76.56784,ERA5,Asia/Kolkata,Open-Meteo Historical Weather API
MH-Latur,2012-11-09,24.1,29.0,19.1,0.3,0.3,2.0,67,3.56,0.321,0.328,0.282,25.2,25.2,18.39721,76.56784,ERA5,Asia/Kolkata,Open-Meteo Historical Weather API
MH-Latur,2012-11-10,24.2,29.5,19.0,0.0,0.0,0.0,55,4.06,0.31,0.322,0.281,25.2,25.3,18.39721,76.56784,ERA5,Asia/Kolkata,Open-Meteo Historical Weather API
MH-Latur,2012-11-11,24.2,29.8,19.1,0.0,0.0,0.0,52,4.12,0.299,0.315,0.28,25.4,25.3,18.39721,76.56784,ERA5,Asia/Kolkata,Open-Meteo Historical Weather API
MH-Latur,2012-11-12,23.1,27.8,18.5,0.0,0.0,0.0,50,2.88,0.292,0.311,0.28,24.0,25.0,18.39721,76.56784,ERA5,Asia/Kolkata,Open-Meteo Historical Weather API
MH-Latur,2012-11-13,23.1,30.3,17.6,0.0,0.0,0.0,43,5.2,0.288,0.307,0.28,24.4,24.7,18.39721,76.56784,ERA5,Asia/Kolkata,Open-Meteo Historical Weather API
MH-Latur,2012-11-14,22.5,30.1,15.7,0.0,0.0,0.0,47,5.08,0.284,0.304,0.28,23.9,24.6,18.39721,76.56784,ERA5,Asia/Kolkata,Open-Meteo Historical Weather API
MH-Latur,2012-11-15,21.8,28.3,14.7,0.0,0.0,0.0,52,4.67,0.28,0.303,0.282,23.4,24.2,18.39721,76.56784,ERA5,Asia/Kolkata,Open-Meteo Historical Weather API
MH-Latur,2012-11-16,20.3,27.9,13.2,0.0,0.0,0.0,49,4.92,0.279,0.303,0.284,22.2,23.6,18.39721,76.56784,ERA5,Asia/Kolkata,Open-Meteo Historical Weather API
MH-Latur,2012-11-17,19.7,27.7,12.9,0.0,0.0,0.0,49,4.72,0.277,0.3,0.284,21.4,22.8,18.39721,76.56784,ERA5,Asia/Kolkata,Open-Meteo Historical Weather API
MH-Latur,2012-11-18,20.1,28.3,13.6,0.0,0.0,0.0,50,4.6,0.276,0.298,0.284,21.5,22.6,18.39721,76.56784,ERA5,Asia/Kolkata,Open-Meteo Historical Weather API
MH-Latur,2012-11-19,19.8,28.6,12.1,0.0,0.0,0.0,52,4.65,0.276,0.298,0.286,21.3,22.6,18.39721,76.56784,ERA5,Asia/Kolkata,Open-Meteo Historical Weather API
MH-Latur,2012-11-20,20.6,29.2,13.0,0.0,0.0,0.0,54,4.61,0.275,0.296,0.286,22.1,22.8,18.39721,76.56784,ERA5,Asia/Kolkata,Open-Meteo Historical Weather API
MH-Latur,2012-11-21,22.6,31.3,14.5,0.0,0.0,0.0,58,4.4,0.274,0.292,0.286,23.5,23.4,18.39721,76.56784,ERA5,Asia/Kolkata,Open-Meteo Historical Weather API
MH-Latur,2012-11-22,23.5,31.0,17.0,0.0,0.0,0.0,64,3.98,0.275,0.293,0.287,24.7,24.4,18.39721,76.56784,ERA5,Asia/Kolkata,Open-Meteo Historical Weather API
MH-Latur,2012-11-23,25.5,32.1,20.0,0.0,0.0,0.0,57,3.56,0.277,0.297,0.29,26.1,25.4,18.39721,76.56784,ERA5,Asia/Kolkata,Open-Meteo Historical Weather API
MH-Latur,2012-11-24,24.8,29.9,21.2,0.7,0.7,5.0,69,2.96,0.28,0.297,0.291,26.0,25.9,18.39721,76.56784,ERA5,Asia/Kolkata,Open-Meteo Historical Weather API
MH-Latur,2012-11-25,24.8,30.5,20.6,0.2,0.2,1.0,67,3.38,0.285,0.298,0.294,26.0,25.8,18.39721,76.56784,ERA5,Asia/Kolkata,Open-Meteo Historical Weather API
MH-Latur,2012-11-26,24.8,30.1,20.5,0.0,0.0,0.0,64,3.5,0.285,0.299,0.295,26.0,25.9,18.39721,76.56784,ERA5,Asia/Kolkata,Open-Meteo Historical Weather API
MH-Latur,2012-11-27,24.4,30.5,20.4,0.0,0.0,0.0,65,3.37,0.287,0.303,0.3,25.8,25.7,18.39721,76.56784,ERA5,Asia/Kolkata,Open-Meteo Historical Weather API
MH-Latur,2012-11-28,23.6,29.1,19.4,0.0,0.0,0.0,63,3.12,0.287,0.306,0.302,24.9,25.4,18.39721,76.56784,ERA5,Asia/Kolkata,Open-Meteo Historical Weather API
MH-Latur,2012-11-29,23.8,30.8,17.3,0.0,0.0,0.0,59,4.02,0.284,0.302,0.302,25.1,25.3,18.39721,76.56784,ERA5,Asia/Kolkata,Open-Meteo Historical Weather API
MH-Latur,2012-11-30,23.7,30.5,19.1,0.0,0.0,0.0,54,4.21,0.282,0.3,0.303,24.8,25.3,18.39721,76.56784,ERA5,Asia/Kolkata,Open-Meteo Historical Weather API
MH-Latur,2012-12-01,23.1,30.9,16.0,0.0,0.0,0.0,54,4.42,0.28,0.298,0.303,24.5,24.9,18.39721,76.56784,ERA5,Asia/Kolkata,Open-Meteo Historical Weather API
MH-Latur,2012-12-02,23.7,29.9,19.6,0.0,0.0,0.0,56,4.36,0.282,0.297,0.304,25.1,25.3,18.39721,76.56784,ERA5,Asia/Kolkata,Open-Meteo Historical Weather API
MH-Latur,2012-12-03,22.6,29.2,17.3,0.0,0.0,0.0,55,4.47,0.281,0.298,0.306,24.3,25.0,18.39721,76.56784,ERA5,Asia/Kolkata,Open-Meteo Historical Weather API
MH-Latur,2012-12-04,22.6,30.0,16.7,0.0,0.0,0.0,53,4.45,0.279,0.297,0.306,24.0,24.7,18.39721,76.56784,ERA5,Asia/Kolkata,Open-Meteo Historical Weather API
MH-Latur,2012-12-05,24.0,31.6,16.7,0.0,0.0,0.0,55,4.65,0.275,0.293,0.304,25.0,24.7,18.39721,76.56784,ERA5,Asia/Kolkata,Open-Meteo Historical Weather API
MH-Latur,2012-12-06,25.3,31.8,20.2,0.0,0.0,0.0,62,4.05,0.271,0.289,0.301,26.5,25.7,18.39721,76.56784,ERA5,Asia/Kolkata,Open-Meteo Historical Weather API
MH-Latur,2012-12-07,25.5,32.8,19.5,0.0,0.0,0.0,58,4.12,0.271,0.285,0.298,26.9,26.3,18.39721,76.56784,ERA5,Asia/Kolkata,Open-Meteo Historical Weather API
MH-Latur,2012-12-08,25.4,32.6,19.4,0.0,0.0,0.0,59,3.94,0.27,0.285,0.297,26.8,26.5,18.39721,76.56784,ERA5,Asia/Kolkata,Open-Meteo Historical Weather API
MH-Latur,2012-12-09,25.6,33.0,20.0,0.0,0.0,0.0,53,4.05,0.27,0.286,0.299,26.9,26.8,18.39721,76.56784,ERA5,Asia/Kolkata,Open-Meteo Historical Weather API
MH-Latur,2012-12-10,25.8,33.3,19.8,0.0,0.0,0.0,49,4.57,0.271,0.285,0.298,26.9,26.8,18.39721,76.56784,ERA5,Asia/Kolkata,Open-Meteo Historical Weather API
MH-Latur,2012-12-11,24.9,32.6,19.3,0.0,0.0,0.0,47,4.64,0.272,0.287,0.3,26.5,26.6,18.39721,76.56784,ERA5,Asia/Kolkata,Open-Meteo Historical Weather API
MH-Latur,2012-12-12,23.3,30.7,17.9,0.0,0.0,0.0,52,4.23,0.276,0.29,0.303,25.3,26.0,18.39721,76.56784,ERA5,Asia/Kolkata,Open-Meteo Historical Weather API
MH-Latur,2012-12-13,23.6,32.1,16.3,0.0,0.0,0.0,48,4.71,0.275,0.292,0.305,24.5,25.2,18.39721,76.56784,ERA5,Asia/Kolkata,Open-Meteo Historical Weather API
MH-Latur,2012-12-14,23.2,31.6,15.9,0.0,0.0,0.0,44,4.55,0.272,0.293,0.307,23.9,24.7,18.39721,76.56784,ERA5,Asia/Kolkata,Open-Meteo Historical Weather API
MH-Latur,2012-12-15,23.5,30.6,17.7,0.0,0.0,0.0,51,4.36,0.271,0.296,0.31,24.5,24.7,18.39721,76.56784,ERA5,Asia/Kolkata,Open-Meteo Historical Weather API
MH-Latur,2012-12-16,23.1,30.0,17.5,0.0,0.0,0.0,51,4.63,0.272,0.297,0.312,24.3,25.0,18.39721,76.56784,ERA5,Asia/Kolkata,Open-Meteo Historical Weather API
MH-Latur,2012-12-17,22.0,28.4,17.2,0.0,0.0,0.0,60,4.1,0.276,0.299,0.314,23.5,24.6,18.39721,76.56784,ERA5,Asia/Kolkata,Open-Meteo Historical Weather API
MH-Latur,2012-12-18,21.1,28.8,15.4,0.0,0.0,0.0,56,4.5,0.278,0.3,0.315,22.7,23.9,18.39721,76.56784,ERA5,Asia/Kolkata,Open-Meteo Historical Weather API
MH-Latur,2012-12-19,20.1,28.1,14.2,0.0,0.0,0.0,55,4.18,0.278,0.299,0.315,21.8,23.2,18.39721,76.56784,ERA5,Asia/Kolkata,Open-Meteo Historical Weather API
MH-Latur,2012-12-20,20.2,28.5,13.2,0.0,0.0,0.0,50,4.05,0.277,0.297,0.315,21.7,22.7,18.39721,76.56784,ERA5,Asia/Kolkata,Open-Meteo Historical Weather API
MH-Latur,2012-12-21,21.4,29.5,14.5,0.0,0.0,0.0,56,4.14,0.276,0.294,0.313,22.5,22.8,18.39721,76.56784,ERA5,Asia/Kolkata,Open-Meteo Historical Weather API
MH-Latur,2012-12-22,22.6,29.8,16.8,0.0,0.0,0.0,59,4.21,0.275,0.293,0.312,23.7,23.6,18.39721,76.56784,ERA5,Asia/Kolkata,Open-Meteo Historical Weather API
MH-Latur,2012-12-23,22.0,29.3,16.7,0.0,0.0,0.0,49,4.51,0.272,0.29,0.311,23.6,23.9,18.39721,76.56784,ERA5,Asia/Kolkata,Open-Meteo Historical Weather API
MH-Latur,2012-12-24,21.6,29.2,15.5,0.0,0.0,0.0,51,4.34,0.274,0.292,0.312,23.2,23.6,18.39721,76.56784,ERA5,Asia/Kolkata,Open-Meteo Historical Weather API
MH-Latur,2012-12-25,21.0,28.5,15.9,0.0,0.0,0.0,51,4.47,0.276,0.295,0.315,22.8,23.7,18.39721,76.56784,ERA5,Asia/Kolkata,Open-Meteo Historical Weather API
MH-Latur,2012-12-26,19.1,27.6,12.6,0.0,0.0,0.0,45,4.45,0.276,0.293,0.314,21.2,22.7,18.39721,76.56784,ERA5,Asia/Kolkata,Open-Meteo Historical Weather API
MH-Latur,2012-12-27,18.6,27.9,11.2,0.0,0.0,0.0,41,4.33,0.275,0.291,0.313,20.5,21.9,18.39721,76.56784,ERA5,Asia/Kolkata,Open-Meteo Historical Weather API
MH-Latur,2012-12-28,19.2,28.4,11.0,0.0,0.0,0.0,46,4.19,0.277,0.295,0.316,20.5,21.6,18.39721,76.56784,ERA5,Asia/Kolkata,Open-Meteo Historical Weather API
MH-Latur,2012-12-29,20.9,29.9,13.4,0.0,0.0,0.0,54,4.3,0.279,0.296,0.317,21.5,22.0,18.39721,76.56784,ERA5,Asia/Kolkata,Open-Meteo Historical Weather API
MH-Latur,2012-12-30,22.7,29.4,16.3,0.0,0.0,0.0,71,3.17,0.279,0.296,0.318,22.8,22.8,18.39721,76.56784,ERA5,Asia/Kolkata,Open-Meteo Historical Weather API
MH-Latur,2012-12-31,24.2,29.3,20.4,0.0,0.0,0.0,78,2.49,0.28,0.295,0.317,24.4,23.8,18.39721,76.56784,ERA5,Asia/Kolkata,Open-Meteo Historical Weather API
MH-Latur,2013-01-01,25.8,32.1,21.7,0.0,0.0,0.0,69,3.56,0.278,0.29,0.314,26.0,24.7,18.39721,76.56784,ERA5,Asia/Kolkata,Open-Meteo Historical Weather API
MH-Latur,2013-01-02,25.9,31.9,21.2,0.1,0.1,1.0,63,3.62,0.281,0.286,0.311,26.4,25.6,18.39721,76.56784,ERA5,Asia/Kolkata,Open-Meteo Historical Weather API
MH-Latur,2013-01-03,24.9,32.5,19.6,0.0,0.0,0.0,57,4.33,0.276,0.282,0.307,26.1,25.8,18.39721,76.56784,ERA5,Asia/Kolkata,Open-Meteo Historical Weather API
MH-Latur,2013-01-04,24.3,32.4,17.7,0.0,0.0,0.0,56,4.06,0.274,0.281,0.306,25.5,25.8,18.39721,76.56784,ERA5,Asia/Kolkata,Open-Meteo Historical Weather API
MH-Latur,2013-01-05,23.4,32.6,16.3,0.0,0.0,0.0,40,4.91,0.272,0.279,0.304,24.8,25.5,18.39721,76.56784,ERA5,Asia/Kolkata,Open-Meteo Historical Weather API
MH-Latur,2013-01-06,21.8,30.9,14.8,0.0,0.0,0.0,48,4.43,0.27,0.277,0.302,23.9,24.8,18.39721,76.56784,ERA5,Asia/Kolkata,Open-Meteo Historical Weather API
MH-Latur,2013-01-07,22.0,30.1,15.1,0.0,0.0,0.0,58,4.18,0.271,0.28,0.304,23.8,24.4,18.39721,76.56784,ERA5,Asia/Kolkata,Open-Meteo Historical Weather API
MH-Latur,2013-01-08,22.3,29.0,16.6,0.0,0.0,0.0,60,3.74,0.272,0.281,0.305,23.9,24.6,18.39721,76.56784,ERA5,Asia/Kolkata,Open-Meteo Historical Weather API
MH-Latur,2013-01-09,22.6,30.0,17.5,0.0,0.0,0.0,55,4.11,0.274,0.279,0.302,24.3,24.8,18.39721,76.56784,ERA5,Asia/Kolkata,Open-Meteo Historical Weather API
MH-Latur,2013-01-10,22.3,30.0,16.0,0.0,0.0,0.0,51,4.44,0.276,0.281,0.304,24.1,24.7,18.39721,76.56784,ERA5,Asia/Kolkata,Open-Meteo Historical Weather API
MH-Latur,2013-01-11,21.3,29.5,15.3,0.0,0.0,0.0,47,4.76,0.278,0.284,0.306,23.3,24.3,18.39721,76.56784,ERA5,Asia/Kolkata,Open-Meteo Historical Weather API
MH-Latur,2013-01-12,20.5,29.6,13.6,0.0,0.0,0.0,43,4.85,0.278,0.286,0.308,22.3,23.4,18.39721,76.56784,ERA5,Asia/Kolkata,Open-Meteo Historical Weather API
MH-Latur,2013-01-13,21.4,31.4,13.2,0.0,0.0,0.0,43,4.75,0.276,0.285,0.307,22.1,23.0,18.39721,76.56784,ERA5,Asia/Kolkata,Open-Meteo Historical Weather API
MH-Latur,2013-01-14,22.4,32.5,13.7,0.0,0.0,0.0,42,4.69,0.273,0.281,0.304,22.9,23.3,18.39721,76.56784,ERA5,Asia/Kolkata,Open-Meteo Historical Weather API
MH-Latur,2013-01-15,23.4,32.7,15.5,0.0,0.0,0.0,40,5.02,0.27,0.279,0.301,23.9,23.9,18.39721,76.56784,ERA5,Asia/Kolkata,Open-Meteo Historical Weather API
MH-Latur,2013-01-16,24.1,32.3,17.7,0.0,0.0,0.0,40,5.38,0.27,0.277,0.299,24.8,24.5,18.39721,76.56784,ERA5,Asia/Kolkata,Open-Meteo Historical Weather API
MH-Latur,2013-01-17,23.9,31.3,17.2,0.0,0.0,0.0,40,5.86,0.27,0.277,0.298,24.6,24.6,18.39721,76.56784,ERA5,Asia/Kolkata,Open-Meteo Historical Weather API
MH-Latur,2013-01-18,23.6,30.4,18.5,0.0,0.0,0.0,40,5.37,0.266,0.276,0.297,25.0,24.7,18.39721,76.56784,ERA5,Asia/Kolkata,Open-Meteo Historical Weather API
MH-Latur,2013-01-19,22.3,29.3,16.6,0.0,0.0,0.0,50,4.64,0.265,0.277,0.297,24.4,24.5,18.39721,76.56784,ERA5,Asia/Kolkata,Open-Meteo Historical Weather API
MH-Latur,2013-01-20,22.3,28.8,15.8,0.0,0.0,0.0,52,4.03,0.267,0.28,0.299,24.2,24.5,18.39721,76.56784,ERA5,Asia/Kolkata,Open-Meteo Historical Weather API
MH-Latur,2013-01-21,23.1,29.8,17.6,0.0,0.0,0.0,48,4.36,0.268,0.282,0.3,24.8,24.8,18.39721,76.56784,ERA5,Asia/Kolkata,Open-Meteo Historical Weather API
MH-Latur,2013-01-22,23.3,30.0,17.6,0.0,0.0,0.0,49,4.3,0.265,0.281,0.299,24.7,24.8,18.39721,76.56784,ERA5,Asia/Kolkata,Open-Meteo Historical Weather API
MH-Latur,2013-01-23,23.5,29.9,18.2,0.0,0.0,0.0,49,4.45,0.264,0.281,0.299,24.6,24.7,18.39721,76.56784,ERA5,Asia/Kolkata,Open-Meteo Historical Weather API
MH-Latur,2013-01-24,23.5,29.5,19.3,0.0,0.0,0.0,51,4.51,0.267,0.285,0.302,24.7,24.8,18.39721,76.56784,ERA5,Asia/Kolkata,Open-Meteo Historical Weather API
MH-Latur,2013-01-25,23.5,29.2,18.5,0.0,0.0,0.0,53,4.33,0.268,0.29,0.305,24.8,24.8,18.39721,76.56784,ERA5,Asia/Kolkata,Open-Meteo Historical Weather API
MH-Latur,2013-01-26,23.3,29.3,17.7,0.0,0.0,0.0,55,3.96,0.268,0.291,0.306,24.7,24.9,18.39721,76.56784,ERA5,Asia/Kolkata,Open-Meteo Historical Weather API
MH-Latur,2013-01-27,23.6,29.7,19.4,0.0,0.0,0.0,52,3.75,0.264,0.29,0.306,24.9,24.9,18.39721,76.56784,ERA5,Asia/Kolkata,Open-Meteo Historical Weather API
MH-Latur,2013-01-28,23.5,29.8,18.7,0.0,0.0,0.0,56,3.95,0.262,0.289,0.306,25.0,25.0,18.39721,76.56784,ERA5,Asia/Kolkata,Open-Meteo Historical Weather API
MH-Latur,2013-01-29,22.5,28.9,17.3,0.0,0.0,0.0,63,3.54,0.263,0.29,0.307,24.4,24.8,18.39721,76.56784,ERA5,Asia/Kolkata,Open-Meteo Historical Weather API
MH-Latur,2013-01-30,22.6,28.5,16.9,0.0,0.0,0.0,61,3.9,0.266,0.292,0.309,24.0,24.5,18.39721,76.56784,ERA5,Asia/Kolkata,Open-Meteo Historical Weather API
MH-Latur,2013-01-31,23.7,29.9,17.6,0.0,0.0,0.0,55,4.39,0.266,0.293,0.309,24.7,24.5,18.39721,76.56784,ERA5,Asia/Kolkata,Open-Meteo Historical Weather API
MH-Latur,2013-02-01,24.1,30.4,19.0,0.0,0.0,0.0,50,4.41,0.267,0.293,0.311,25.3,25.2,18.39721,76.56784,ERA5,Asia/Kolkata,Open-Meteo Historical Weather API
MH-Latur,2013-02-02,24.0,30.1,19.0,0.0,0.0,0.0,48,4.59,0.267,0.295,0.313,25.4,25.4,18.39721,76.56784,ERA5,Asia/Kolkata,Open-Meteo Historical Weather API
MH-Latur,2013-02-03,24.8,31.1,19.2,0.0,0.0,0.0,46,4.89,0.266,0.295,0.313,25.9,25.5,18.39721,76.56784,ERA5,Asia/Kolkata,Open-Meteo Historical Weather API
MH-Latur,2013-02-04,25.3,31.7,20.5,0.0,0.0,0.0,43,5.86,0.265,0.292,0.311,26.4,26.0,18.39721,76.56784,ERA5,Asia/Kolkata,Open-Meteo Historical Weather API
MH-Latur,2013-02-05,25.7,31.6,20.9,0.0,0.0,0.0,40,6.1,0.26,0.289,0.309,26.9,26.1,18.39721,76.56784,ERA5,Asia/Kolkata,Open-Meteo Historical Weather API
MH-Latur,2013-02-06,25.5,30.7,20.5,0.0,0.0,0.0,49,4.57,0.259,0.289,0.309,27.0,26.4,18.39721,76.56784,ERA5,Asia/Kolkata,Open-Meteo Historical Weather API
MH-Latur,2013-02-07,25.4,32.2,19.8,0.0,0.0,0.0,51,4.76,0.26,0.289,0.309,27.1,26.6,18.39721,76.56784,ERA5,Asia/Kolkata,Open-Meteo Historical Weather API
MH-Latur,2013-02-08,24.1,29.6,19.6,0.0,0.0,0.0,64,3.92,0.262,0.288,0.309,26.3,26.5,18.39721,76.56784,ERA5,Asia/Kolkata,Open-Meteo Historical Weather API
MH-Latur,2013-02-09,24.8,31.0,19.7,0.0,0.0,0.0,57,4.78,0.263,0.288,0.309,26.3,26.2,18.39721,76.56784,ERA5,Asia/Kolkata,Open-Meteo Historical Weather API
MH-Latur,2013-02-10,25.8,32.5,21.2,0.0,0.0,0.0,48,5.13,0.262,0.287,0.308,27.1,26.5,18.39721,76.56784,ERA5,Asia/Kolkata,Open-Meteo Historical Weather API
MH-Latur,2013-02-11,26.7,33.4,21.7,0.0,0.0,0.0,45,5.98,0.262,0.285,0.307,27.9,27.1,18.39721,76.56784,ERA5,Asia/Kolkata,Open-Meteo Historical Weather API
MH-Latur,2013-02-12,26.3,32.1,21.5,0.0,0.0,0.0,49,5.37,0.262,0.287,0.309,27.9,27.3,18.39721,76.56784,ERA5,Asia/Kolkata,Open-Meteo Historical Weather API
MH-Latur,2013-02-13,26.0,32.2,20.0,0.0,0.0,0.0,49,4.8,0.264,0.288,0.309,27.5,27.3,18.39721,76.56784,ERA5,Asia/Kolkata,Open-Meteo Historical Weather API
MH-Latur,2013-02-14,26.7,33.3,20.5,0.0,0.0,0.0,40,5.47,0.264,0.286,0.308,27.8,27.3,18.39721,76.56784,ERA5,Asia/Kolkata,Open-Meteo Historical Weather API
MH-Latur,2013-02-15,26.4,33.1,21.7,1.4,1.4,2.0,47,5.48,0.271,0.283,0.305,27.6,27.4,18.39721,76.56784,ERA5,Asia/Kolkata,Open-Meteo Historical Weather API
MH-Latur,2013-02-16,25.5,30.0,21.0,0.0,0.0,0.0,49,5.16,0.284,0.286,0.307,26.8,27.1,18.39721,76.56784,ERA5,Asia/Kolkata,Open-Meteo Historical Weather API
MH-Latur,2013-02-17,22.2,28.6,16.9,0.0,0.0,0.0,34,5.76,0.279,0.285,0.306,25.4,26.1,18.39721,76.56784,ERA5,Asia/Kolkata,Open-Meteo Historical Weather API
MH-Latur,2013-02-18,21.3,29.3,13.7,0.0,0.0,0.0,37,5.64,0.276,0.282,0.304,23.9,24.8,18.39721,76.56784,ERA5,Asia/Kolkata,Open-Meteo Historical Weather API
MH-Latur,2013-02-19,23.9,32.8,15.2,0.0,0.0,0.0,37,5.18,0.272,0.279,0.301,25.2,24.9,18.39721,76.56784,ERA5,Asia/Kolkata,Open-Meteo Historical Weather API
MH-Latur,2013-02-20,25.6,33.4,17.6,0.0,0.0,0.0,38,5.39,0.268,0.274,0.296,26.7,25.9,18.39721,76.56784,ERA5,Asia/Kolkata,Open-Meteo Historical Weather API
MH-Latur,2013-02-21,26.4,33.6,19.5,0.0,0.0,0.0,46,5.04,0.265,0.272,0.294,28.0,26.9,18.39721,76.56784,ERA5,Asia/Kolkata,Open-Meteo Historical Weather API
MH-Latur,2013-02-22,27.2,33.6,21.5,0.0,0.0,0.0,45,5.93,0.263,0.272,0.294,28.9,27.8,18.39721,76.56784,ERA5,Asia/Kolkata,Open-Meteo Historical Weather API
MH-Latur,2013-02-23,27.1,33.1,22.2,0.0,0.0,0.0,42,5.74,0.264,0.274,0.297,28.6,28.2,18.39721,76.56784,ERA5,Asia/Kolkata,Open-Meteo Historical Weather API
MH-Latur,2013-02-24,26.5,33.4,21.3,0.0,0.0,0.0,35,6.27,0.267,0.278,0.302,28.6,28.0,18.39721,76.56784,ERA5,Asia/Kolkata,Open-Meteo Historical Weather API
MH-Latur,2013-02-25,25.8,33.4,18.1,0.0,0.0,0.0,36,5.78,0.266,0.278,0.301,28.0,27.7,18.39721,76.56784,ERA5,Asia/Kolkata,Open-Meteo Historical Weather API
MH-Latur,2013-02-26,26.4,34.3,19.5,0.0,0.0,0.0,32,6.39,0.264,0.278,0.3,28.2,27.8,18.39721,76.56784,ERA5,Asia/Kolkata,Open-Meteo Historical Weather API
MH-Latur,2013-02-27,27.0,34.4,20.3,0.0,0.0,0.0,33,5.93,0.264,0.277,0.299,28.4,27.8,18.39721,76.56784,ERA5,Asia/Kolkata,Open-Meteo Historical Weather API
MH-Latur,2013-02-28,27.3,34.1,21.7,0.0,0.0,0.0,32,6.68,0.265,0.277,0.298,28.9,28.3,18.39721,76.56784,ERA5,Asia/Kolkata,Open-Meteo Historical Weather API
MH-Latur,2013-03-01,26.3,33.8,19.7,0.0,0.0,0.0,35,6.58,0.267,0.279,0.3,28.2,28.2,18.39721,76.56784,ERA5,Asia/Kolkata,Open-Meteo Historical Weather API
MH-Latur,2013-03-02,25.7,33.9,18.4,0.0,0.0,0.0,30,6.81,0.267,0.281,0.3,27.6,27.7,18.39721,76.56784,ERA5,Asia/Kolkata,Open-Meteo Historical Weather API
MH-Latur,2013-03-03,25.2,34.7,16.8,0.0,0.0,0.0,22,7.28,0.269,0.283,0.3,26.8,27.3,18.39721,76.56784,ERA5,Asia/Kolkata,Open-Meteo Historical Weather API
MH-Latur,2013-03-04,25.3,34.8,15.0,0.0,0.0,0.0,24,7.09,0.269,0.285,0.301,26.5,26.8,18.39721,76.56784,ERA5,Asia/Kolkata,Open-Meteo Historical Weather API
MH-Latur,2013-03-05,25.9,34.2,17.7,0.0,0.0,0.0,28,6.97,0.268,0.285,0.301,27.3,27.1,18.39721,76.56784,ERA5,Asia/Kolkata,Open-Meteo Historical Weather API
MH-Latur,2013-03-06,26.6,35.0,19.1,0.0,0.0,0.0,33,6.68,0.266,0.285,0.3,28.1,27.5,18.39721,76.56784,ERA5,Asia/Kolkata,Open-Meteo Historical Weather API
MH-Latur,2013-03-07,27.0,35.0,18.6,0.0,0.0,0.0,34,6.51,0.265,0.284,0.3,28.4,27.9,18.39721,76.56784,ERA5,Asia/Kolkata,Open-Meteo Historical Weather API
MH-Latur,2013-03-08,28.2,34.2,22.0,0.0,0.0,0.0,37,5.54,0.264,0.284,0.299,29.2,28.5,18.39721,76.56784,ERA5,Asia/Kolkata,Open-Meteo Historical Weather API
MH-Latur,2013-03-09,28.5,36.0,21.4,0.0,0.0,0.0,37,5.45,0.264,0.288,0.302,29.5,28.9,18.39721,76.56784,ERA5,Asia/Kolkata,Open-Meteo Historical Weather API
MH-Latur,2013-03-10,28.8,35.7,22.2,0.0,0.0,0.0,38,5.4,0.265,0.292,0.304,29.5,29.0,18.39721,76.56784,ERA5,Asia/Kolkata,Open-Meteo Historical Weather API
MH-Latur,2013-03-11,29.3,36.0,23.1,0.0,0.0,0.0,35,5.68,0.261,0.291,0.303,30.3,29.3,18.39721,76.56784,ERA5,Asia/Kolkata,Open-Meteo Historical Weather API
MH-Latur,2013-03-12,29.5,35.6,24.3,0.0,0.0,0.0,39,5.24,0.26,0.289,0.302,31.1,30.1,18.39721,76.56784,ERA5,Asia/Kolkata,Open-Meteo Historical Weather API
MH-Latur,2013-03-13,29.4,36.2,23.3,0.0,0.0,0.0,35,6.1,0.259,0.289,0.303,31.4,30.5,18.39721,76.56784,ERA5,Asia/Kolkata,Open-Meteo Historical Weather API
MH-Latur,2013-03-14,29.3,35.2,23.9,0.0,0.0,0.0,31,6.05,0.257,0.289,0.303,31.4,30.6,18.39721,76.56784,ERA5,Asia/Kolkata,Open-Meteo Historical Weather API
MH-Latur,2013-03-15,29.0,35.4,24.7,0.1,0.1,1.0,39,6.04,0.26,0.29,0.304,31.0,30.5,18.39721,76.56784,ERA5,Asia/Kolkata,Open-Meteo Historical Weather API
MH-Latur,2013-03-16,27.5,34.2,22.1,0.0,0.0,0.0,39,6.02,0.271,0.297,0.311,29.5,29.7,18.39721,76.56784,ERA5,Asia/Kolkata,Open-Meteo Historical Weather API
MH-Latur,2013-03-17,27.5,34.6,20.3,0.0,0.0,0.0,35,6.22,0.272,0.301,0.315,29.3,29.2,18.39721,76.56784,ERA5,Asia/Kolkata,Open-Meteo Historical Weather API
MH-Latur,2013-03-18,28.6,35.3,21.6,0.0,0.0,0.0,34,6.38,0.268,0.299,0.315,29.9,29.2,18.39721,76.56784,ERA5,Asia/Kolkata,Open-Meteo Historical Weather API
MH-Latur,2013-03-19,29.9,36.3,24.9,0.0,0.0,0.0,35,6.92,0.263,0.297,0.314,30.7,29.9,18.39721,76.56784,ERA5,Asia/Kolkata,Open-Meteo Historical Weather API
MH-Latur,2013-03-20,28.8,36.4,22.7,0.0,0.0,0.0,27,7.28,0.263,0.296,0.315,30.6,30.1,18.39721,76.56784,ERA5,Asia/Kolkata,Open-Meteo Historical Weather API
MH-Latur,2013-03-21,29.1,36.2,22.4,0.0,0.0,0.0,29,7.55,0.262,0.294,0.314,30.5,29.9,18.39721,76.56784,ERA5,Asia/Kolkata,Open-Meteo Historical Weather API
MH-Latur,2013-03-22,29.7,36.9,23.0,0.0,0.0,0.0,32,6.18,0.259,0.288,0.31,31.2,30.2,18.39721,76.56784,ERA5,Asia/Kolkata,Open-Meteo Historical Weather API
MH-Latur,2013-03-23,30.0,36.8,24.3,0.0,0.0,0.0,27,6.78,0.256,0.284,0.306,31.7,30.8,18.39721,76.56784,ERA5,Asia/Kolkata,Open-Meteo Historical Weather API
MH-Latur,2013-03-24,30.1,35.8,24.5,0.0,0.0,0.0,33,6.51,0.253,0.283,0.305,32.2,31.1,18.39721,76.56784,ERA5,Asia/Kolkata,Open-Meteo Historical Weather API
MH-Latur,2013-03-25,30.4,37.0,25.6,0.0,0.0,0.0,34,5.51,0.254,0.283,0.304,31.9,31.3,18.39721,76.56784,ERA5,Asia/Kolkata,Open-Meteo Historical Weather API
MH-Latur,2013-03-26,30.8,37.6,23.8,0.0,0.0,0.0,33,6.01,0.254,0.283,0.304,32.3,31.4,18.39721,76.56784,ERA5,Asia/Kolkata,Open-Meteo Historical Weather API
MH-Latur,2013-03-27,31.5,38.0,26.7,0.0,0.0,0.0,29,6.85,0.249,0.281,0.302,33.3,32.0,18.39721,76.56784,ERA5,Asia/Kolkata,Open-Meteo Historical Weather API
MH-Latur,2013-03-28,31.8,37.7,26.5,0.0,0.0,0.0,29,7.27,0.248,0.278,0.299,33.9,32.5,18.39721,76.56784,ERA5,Asia/Kolkata,Open-Meteo Historical Weather API
MH-Latur,2013-03-29,30.9,36.6,25.9,0.0,0.0,0.0,31,7.58,0.247,0.277,0.297,33.4,32.7,18.39721,76.56784,ERA5,Asia/Kolkata,Open-Meteo Historical Weather API
MH-Latur,2013-03-30,30.1,37.3,23.5,0.0,0.0,0.0,28,7.49,0.248,0.277,0.296,32.9,32.2,18.39721,76.56784,ERA5,Asia/Kolkata,Open-Meteo Historical Weather API
MH-Latur,2013-03-31,30.7,38.1,23.3,0.0,0.0,0.0,26,7.01,0.249,0.276,0.295,33.0,32.2,18.39721,76.56784,ERA5,Asia/Kolkata,Open-Meteo Historical Weather API
MH-Latur,2013-04-01,31.9,39.4,24.3,0.0,0.0,0.0,25,6.89,0.247,0.273,0.291,33.9,32.5,18.39721,76.56784,ERA5,Asia/Kolkata,Open-Meteo Historical Weather API
MH-Latur,2013-04-02,31.3,37.7,26.0,0.0,0.0,0.0,29,7.44,0.244,0.271,0.291,33.9,33.1,18.39721,76.56784,ERA5,Asia/Kolkata,Open-Meteo Historical Weather API
MH-Latur,2013-04-03,31.0,37.6,25.9,0.0,0.0,0.0,31,7.2,0.243,0.272,0.292,33.9,32.9,18.39721,76.56784,ERA5,Asia/Kolkata,Open-Meteo Historical Weather API
MH-Latur,2013-04-04,30.7,37.6,24.5,0.0,0.0,0.0,24,8.01,0.243,0.272,0.291,33.5,32.9,18.39721,76.56784,ERA5,Asia/Kolkata,Open-Meteo Historical Weather API
MH-Latur,2013-04-05,30.8,38.3,23.1,0.0,0.0,0.0,20,7.51,0.244,0.27,0.289,33.3,32.5,18.39721,76.56784,ERA5,Asia/Kolkata,Open-Meteo Historical Weather API
MH-Latur,2013-04-06,31.1,39.3,23.5,0.0,0.0,0.0,21,7.76,0.245,0.271,0.291,33.2,32.5,18.39721,76.56784,ERA5,Asia/Kolkata,Open-Meteo Historical Weather API
MH-Latur,2013-04-07,31.6,39.4,25.1,0.0,0.0,0.0,26,7.91,0.247,0.272,0.292,33.7,32.8,18.39721,76.56784,ERA5,Asia/Kolkata,Open-Meteo Historical Weather API
MH-Latur,2013-04-08,32.3,39.4,25.9,0.0,0.0,0.0,23,7.97,0.247,0.272,0.292,34.4,33.2,18.39721,76.56784,ERA5,Asia/Kolkata,Open-Meteo Historical Weather API
MH-Latur,2013-04-09,31.8,39.1,26.4,1.4,1.4,3.0,34,6.68,0.248,0.273,0.293,34.2,33.4,18.39721,76.56784,ERA5,Asia/Kolkata,Open-Meteo Historical Weather API
MH-Latur,2013-04-10,31.8,38.5,27.5,3.7,3.7,3.0,44,5.72,0.262,0.275,0.295,34.1,33.3,18.39721,76.56784,ERA5,Asia/Kolkata,Open-Meteo Historical Weather API
MH-Latur,2013-04-11,31.6,37.3,27.0,0.3,0.3,2.0,41,5.65,0.279,0.275,0.296,33.9,33.1,18.39721,76.56784,ERA5,Asia/Kolkata,Open-Meteo Historical Weather API
MH-Latur,2013-04-12,32.4,38.7,26.7,0.0,0.0,0.0,36,6.75,0.279,0.271,0.292,34.4,33.4,18.39721,76.56784,ERA5,Asia/Kolkata,Open-Meteo Historical Weather API
MH-Latur,2013-04-13,32.7,39.9,27.6,0.7,0.7,1.0,39,6.67,0.275,0.268,0.29,34.7,33.8,18.39721,76.56784,ERA5,Asia/Kolkata,Open-Meteo Historical Weather API
MH-Latur,2013-04-14,32.4,38.6,26.6,0.0,0.0,0.0,36,6.62,0.274,0.271,0.295,34.8,33.8,18.39721,76.56784,ERA5,Asia/Kolkata,Open-Meteo Historical Weather API
MH-Latur,2013-04-15,32.5,38.9,26.6,0.0,0.0,0.0,24,8.03,0.268,0.271,0.294,34.6,33.8,18.39721,76.56784,ERA5,Asia/Kolkata,Open-Meteo Historical Weather API
MH-Latur,2013-04-16,32.0,39.2,24.9,0.0,0.0,0.0,21,9.26,0.261,0.27,0.291,34.0,33.5,18.39721,76.56784,ERA5,Asia/Kolkata,Open-Meteo Historical Weather API
MH-Latur,2013-04-17,31.2,38.5,24.4,0.0,0.0,0.0,27,8.74,0.255,0.269,0.288,33.9,33.4,18.39721,76.56784,ERA5,Asia/Kolkata,Open-Meteo Historical Weather API
MH-Latur,2013-04-18,31.0,38.2,24.0,0.0,0.0,0.0,28,8.59,0.251,0.269,0.287,34.0,33.3,18.39721,76.56784,ERA5,Asia/Kolkata,Open-Meteo Historical Weather API
MH-Latur,2013-04-19,31.1,37.8,25.3,0.0,0.0,0.0,34,8.57,0.249,0.269,0.288,34.1,33.2,18.39721,76.56784,ERA5,Asia/Kolkata,Open-Meteo Historical Weather API
MH-Latur,2013-04-20,29.7,35.4,24.4,0.0,0.0,0.0,34,6.59,0.247,0.27,0.288,33.1,32.9,18.39721,76.56784,ERA5,Asia/Kolkata,Open-Meteo Historical Weather API
MH-Latur,2013-04-21,30.4,36.1,24.8,0.0,0.0,0.0,30,7.03,0.243,0.268,0.286,33.4,32.7,18.39721,76.56784,ERA5,Asia/Kolkata,Open-Meteo Historical Weather API
MH-Latur,2013-04-22,31.2,36.6,25.6,0.0,0.0,0.0,32,6.65,0.242,0.266,0.278,34.0,33.1,18.39721,76.56784,ERA5,Asia/Kolkata,Open-Meteo Historical Weather API
MH-Latur,2013-04-23,32.2,38.2,26.1,0.0,0.0,0.0,29,6.7,0.241,0.263,0.27,34.9,33.6,18.39721,76.56784,ERA5,Asia/Kolkata,Open-Meteo Historical Weather API
MH-Latur,2013-04-24,32.6,37.8,27.1,0.0,0.0,0.0,40,5.78,0.241,0.263,0.267,35.3,34.1,18.39721,76.56784,ERA5,Asia/Kolkata,Open-Meteo Historical Weather API
MH-Latur,2013-04-25,31.2,38.2,26.2,3.8,3.8,4.0,49,5.75,0.253,0.262,0.266,34.7,34.2,18.39721,76.56784,ERA5,Asia/Kolkata,Open-Meteo Historical Weather API
MH-Latur,2013-04-26,31.3,39.2,23.4,0.0,0.0,0.0,46,6.68,0.273,0.262,0.265,34.0,33.4,18.39721,76.56784,ERA5,Asia/Kolkata,Open-Meteo Historical Weather API
MH-Latur,2013-04-27,33.5,40.3,26.5,0.0,0.0,0.0,36,7.17,0.265,0.262,0.265,35.7,34.2,18.39721,76.56784,ERA5,Asia/Kolkata,Open-Meteo Historical Weather API
MH-Latur,2013-04-28,33.9,41.0,26.6,0.0,0.0,0.0,27,8.19,0.261,0.263,0.265,36.2,34.9,18.39721,76.56784,ERA5,Asia/Kolkata,Open-Meteo Historical Weather API
MH-Latur,2013-04-29,34.6,41.8,27.1,0.0,0.0,0.0,22,8.17,0.257,0.263,0.265,36.4,35.1,18.39721,76.56784,ERA5,Asia/Kolkata,Open-Meteo Historical Weather API
MH-Latur,2013-04-30,35.1,41.9,28.1,0.0,0.0,0.0,24,8.39,0.253,0.264,0.265,36.9,35.5,18.39721,76.56784,ERA5,Asia/Kolkata,Open-Meteo Historical Weather API
MH-Latur,2013-05-01,34.6,41.4,29.3,3.1,3.1,2.0,31,7.47,0.254,0.264,0.265,37.0,35.9,18.39721,76.56784,ERA5,Asia/Kolkata,Open-Meteo Historical Weather API
MH-Latur,2013-05-02,35.0,41.4,29.9,0.0,0.0,0.0,27,7.85,0.259,0.264,0.265,37.2,36.0,18.39721,76.56784,ERA5,Asia/Kolkata,Open-Meteo Historical Weather API
MH-Latur,2013-05-03,34.5,40.7,29.5,0.0,0.0,0.0,22,9.16,0.254,0.264,0.266,37.2,36.2,18.39721,76.56784,ERA5,Asia/Kolkata,Open-Meteo Historical Weather API
MH-Latur,2013-05-04,34.5,41.2,27.9,0.0,0.0,0.0,25,8.7,0.25,0.264,0.266,37.1,36.0,18.39721,76.56784,ERA5,Asia/Kolkata,Open-Meteo Historical Weather API
MH-Latur,2013-05-05,35.5,41.2,29.5,0.0,0.0,0.0,29,7.63,0.246,0.264,0.266,37.9,36.3,18.39721,76.56784,ERA5,Asia/Kolkata,Open-Meteo Historical Weather API
MH-Latur,2013-05-06,35.6,41.6,29.7,0.0,0.0,0.0,24,8.71,0.242,0.265,0.266,38.3,36.8,18.39721,76.56784,ERA5,Asia/Kolkata,Open-Meteo Historical Weather API
MH-Latur,2013-05-07,35.9,41.8,30.4,0.0,0.0,0.0,29,7.69,0.242,0.266,0.266,38.2,36.9,18.39721,76.56784,ERA5,Asia/Kolkata,Open-Meteo Historical Weather API
MH-Latur,2013-05-08,35.8,41.8,30.8,0.0,0.0,0.0,29,8.16,0.242,0.266,0.265,38.2,36.9,18.39721,76.56784,ERA5,Asia/Kolkata,Open-Meteo Historical Weather API
MH-Latur,2013-05-09,35.3,41.7,28.7,0.0,0.0,0.0,24,8.29,0.241,0.265,0.265,37.9,36.9,18.39721,76.56784,ERA5,Asia/Kolkata,Open-Meteo Historical Weather API
MH-Latur,2013-05-10,35.9,41.8,30.4,0.0,0.0,0.0,24,8.88,0.241,0.265,0.266,38.4,37.3,18.39721,76.56784,ERA5,Asia/Kolkata,Open-Meteo Historical Weather API
MH-Latur,2013-05-11,35.0,40.5,29.3,0.1,0.1,1.0,25,8.33,0.241,0.266,0.266,37.8,37.1,18.39721,76.56784,ERA5,Asia/Kolkata,Open-Meteo Historical Weather API
MH-Latur,2013-05-12,34.0,39.6,29.3,0.0,0.0,0.0,22,9.35,0.242,0.265,0.266,37.3,36.7,18.39721,76.56784,ERA5,Asia/Kolkata,Open-Meteo Historical Weather API
MH-Latur,2013-05-13,33.4,39.2,27.1,0.0,0.0,0.0,29,7.81,0.242,0.265,0.266,36.6,36.1,18.39721,76.56784,ERA5,Asia/Kolkata,Open-Meteo Historical Weather API
MH-Latur,2013-05-14,34.1,39.6,29.0,0.0,0.0,0.0,27,8.06,0.242,0.266,0.266,36.4,35.8,18.39721,76.56784,ERA5,Asia/Kolkata,Open-Meteo Historical Weather API
MH-Latur,2013-05-15,33.9,39.3,29.8,0.0,0.0,0.0,32,7.63,0.242,0.266,0.266,36.2,35.6,18.39721,76.56784,ERA5,Asia/Kolkata,Open-Meteo Historical Weather API
MH-Latur,2013-05-16,33.6,38.5,30.4,0.0,0.0,0.0,35,7.61,0.242,0.266,0.265,36.3,35.8,18.39721,76.56784,ERA5,Asia/Kolkata,Open-Meteo Historical Weather API
MH-Latur,2013-05-17,34.0,40.2,28.9,0.1,0.1,1.0,35,7.05,0.243,0.266,0.265,36.7,35.6,18.39721,76.56784,ERA5,Asia/Kolkata,Open-Meteo Historical Weather API
MH-Latur,2013-05-18,35.4,41.3,29.5,0.3,0.3,1.0,29,7.76,0.244,0.265,0.265,37.5,36.1,18.39721,76.56784,ERA5,Asia/Kolkata,Open-Meteo Historical Weather API
MH-Latur,2013-05-19,34.4,40.6,31.2,0.4,0.4,1.0,36,6.04,0.25,0.264,0.265,37.4,36.7,18.39721,76.56784,ERA5,Asia/Kolkata,Open-Meteo Historical Weather API
MH-Latur,2013-05-20,33.2,40.5,30.2,0.6,0.6,3.0,41,6.61,0.27,0.264,0.266,36.2,36.1,18.39721,76.56784,ERA5,Asia/Kolkata,Open-Meteo Historical Weather API
MH-Latur,2013-05-21,34.9,40.9,29.6,0.0,0.0,0.0,33,7.99,0.277,0.264,0.266,36.6,35.8,18.39721,76.56784,ERA5,Asia/Kolkata,Open-Meteo Historical Weather API
MH-Latur,2013-05-22,35.9,42.7,29.4,0.0,0.0,0.0,26,9.4,0.265,0.264,0.265,37.4,36.2,18.39721,76.56784,ERA5,Asia/Kolkata,Open-Meteo Historical Weather API
MH-Latur,2013-05-23,36.1,42.4,29.8,0.0,0.0,0.0,24,10.07,0.256,0.264,0.265,37.9,36.8,18.39721,76.56784,ERA5,Asia/Kolkata,Open-Meteo Historical Weather API
MH-Latur,2013-05-24,35.0,40.9,29.2,0.0,0.0,0.0,28,10.22,0.251,0.264,0.265,37.7,36.8,18.39721,76.56784,ERA5,Asia/Kolkata,Open-Meteo Historical Weather API
MH-Latur,2013-05-25,33.7,39.9,26.9,0.0,0.0,0.0,35,9.74,0.248,0.264,0.264,36.9,36.2,18.39721,76.56784,ERA5,Asia/Kolkata,Open-Meteo Historical Weather API
MH-Latur,2013-05-26,33.5,40.1,27.3,0.0,0.0,0.0,37,9.45,0.247,0.263,0.264,36.5,35.8,18.39721,76.56784,ERA5,Asia/Kolkata,Open-Meteo Historical Weather API
MH-Latur,2013-05-27,32.9,39.0,27.9,0.0,0.0,0.0,41,8.22,0.249,0.263,0.264,35.8,35.6,18.39721,76.56784,ERA5,Asia/Kolkata,Open-Meteo Historical Weather API
MH-Latur,2013-05-28,32.6,38.8,27.4,0.0,0.0,0.0,42,8.15,0.251,0.263,0.264,35.5,35.2,18.39721,76.56784,ERA5,Asia/Kolkata,Open-Meteo Historical Weather API
MH-Latur,2013-05-29,31.2,37.7,27.0,2.7,2.7,4.0,50,6.65,0.262,0.263,0.264,34.6,34.9,18.39721,76.56784,ERA5,Asia/Kolkata,Open-Meteo Historical Weather API
MH-Latur,2013-05-30,31.8,37.6,26.5,0.0,0.0,0.0,46,6.46,0.284,0.263,0.263,34.3,34.2,18.39721,76.56784,ERA5,Asia/Kolkata,Open-Meteo Historical Weather API
MH-Latur,2013-05-31,32.4,38.9,26.8,0.0,0.0,0.0,40,7.25,0.277,0.263,0.263,35.1,34.5,18.39721,76.56784,ERA5,Asia/Kolkata,Open-Meteo Historical Weather API
MH-Latur,2013-06-01,30.6,36.2,26.5,0.1,0.1,1.0,48,4.94,0.277,0.263,0.264,33.9,34.5,18.39721,76.56784,ERA5,Asia/Kolkata,Open-Meteo Historical Weather API
MH-Latur,2013-06-02,29.8,37.8,25.5,5.0,5.0,6.0,56,5.51,0.28,0.263,0.264,33.5,33.6,18.39721,76.56784,ERA5,Asia/Kolkata,Open-Meteo Historical Weather API
MH-Latur,2013-06-03,28.8,36.9,23.4,10.1,10.1,8.0,67,4.98,0.333,0.264,0.264,32.6,33.0,18.39721,76.56784,ERA5,Asia/Kolkata,Open-Meteo Historical Weather API
MH-Latur,2013-06-04,27.3,32.4,23.3,5.7,5.7,9.0,71,3.26,0.433,0.292,0.265,29.7,31.6,18.39721,76.56784,ERA5,Asia/Kolkata,Open-Meteo Historical Weather API
MH-Latur,2013-06-05,29.2,35.8,24.8,4.2,4.2,4.0,65,5.7,0.393,0.295,0.265,31.5,31.2,18.39721,76.56784,ERA5,Asia/Kolkata,Open-Meteo Historical Weather API
MH-Latur,2013-06-06,27.1,30.8,24.6,5.9,5.9,7.0,74,3.13,0.411,0.303,0.265,29.4,30.9,18.39721,76.56784,ERA5,Asia/Kolkata,Open-Meteo Historical Weather API
MH-Latur,2013-06-07,27.2,32.4,22.7,25.6,25.6,15.0,77,3.62,0.471,0.336,0.267,29.3,29.9,18.39721,76.56784,ERA5,Asia/Kolkata,Open-Meteo Historical Weather API
MH-Latur,2013-06-08,27.3,33.2,23.8,6.4,6.4,7.0,76,4.42,0.472,0.394,0.269,29.3,29.7,18.39721,76.56784,ERA5,Asia/Kolkata,Open-Meteo Historical Weather API
MH-Latur,2013-06-09,25.2,27.3,23.4,10.8,10.8,18.0,82,2.72,0.487,0.42,0.269,27.2,28.7,18.39721,76.56784,ERA5,Asia/Kolkata,Open-Meteo Historical Weather API
MH-Latur,2013-06-10,26.2,31.4,23.3,7.8,7.8,14.0,77,3.84,0.478,0.433,0.271,27.3,27.9,18.39721,76.56784,ERA5,Asia/Kolkata,Open-Meteo Historical Weather API
MH-Latur,2013-06-11,26.3,31.3,23.8,7.5,7.5,9.0,79,2.87,0.482,0.439,0.273,27.4,27.8,18.39721,76.56784,ERA5,Asia/Kolkata,Open-Meteo Historical Weather API
MH-Latur,2013-06-12,26.6,31.1,23.5,3.4,3.4,5.0,72,3.57,0.469,0.438,0.274,27.3,27.6,18.39721,76.56784,ERA5,Asia/Kolkata,Open-Meteo Historical Weather API
MH-Latur,2013-06-13,26.1,30.1,23.5,8.5,8.5,13.0,76,2.27,0.483,0.442,0.275,26.6,27.1,18.39721,76.56784,ERA5,Asia/Kolkata,Open-Meteo Historical Weather API
MH-Latur,2013-06-14,23.9,26.2,21.8,16.3,16.3,22.0,85,1.85,0.499,0.458,0.278,24.9,26.1,18.39721,76.56784,ERA5,Asia/Kolkata,Open-Meteo Historical Weather API
MH-Latur,2013-06-15,24.2,27.6,21.8,18.8,18.8,24.0,82,2.38,0.509,0.493,0.29,24.4,25.2,18.39721,76.56784,ERA5,Asia/Kolkata,Open-Meteo Historical Weather API
MH-Latur,2013-06-16,25.1,28.1,22.5,12.3,12.3,18.0,81,2.55,0.507,0.497,0.303,24.8,25.2,18.39721,76.56784,ERA5,Asia/Kolkata,Open-Meteo Historical Weather API
MH-Latur,2013-06-17,26.6,30.2,23.0,1.2,1.2,3.0,72,4.39,0.483,0.48,0.311,26.4,25.8,18.39721,76.56784,ERA5,Asia/Kolkata,Open-Meteo Historical Weather API
MH-Latur,2013-06-18,25.9,30.2,23.3,9.8,9.8,8.0,78,4.51,0.481,0.472,0.312,27.0,26.7,18.39721,76.56784,ERA5,Asia/Kolkata,Open-Meteo Historical Weather API
MH-Latur,2013-06-19,26.5,31.9,22.8,13.3,13.3,11.0,76,4.51,0.493,0.478,0.316,27.4,27.0,18.39721,76.56784,ERA5,Asia/Kolkata,Open-Meteo Historical Weather API
MH-Latur,2013-06-20,27.0,32.3,23.2,4.4,4.4,6.0,75,4.74,0.48,0.473,0.318,27.8,27.3,18.39721,76.56784,ERA5,Asia/Kolkata,Open-Meteo Historical Weather API
MH-Latur,2013-06-21,26.6,31.6,23.9,3.7,3.7,5.0,75,4.11,0.471,0.461,0.317,27.5,27.4,18.39721,76.56784,ERA5,Asia/Kolkata,Open-Meteo Historical Weather API
MH-Latur,2013-06-22,25.7,29.3,23.1,7.6,7.6,14.0,77,3.09,0.49,0.471,0.318,26.4,26.7,18.39721,76.56784,ERA5,Asia/Kolkata,Open-Meteo Historical Weather API
MH-Latur,2013-06-23,26.4,29.8,23.3,0.2,0.2,2.0,71,3.45,0.467,0.463,0.319,26.4,26.5,18.39721,76.56784,ERA5,Asia/Kolkata,Open-Meteo Historical Weather API
MH-Latur,2013-06-24,24.1,25.8,22.6,21.8,21.8,19.0,87,1.44,0.49,0.468,0.32,25.0,26.0,18.39721,76.56784,ERA5,Asia/Kolkata,Open-Meteo Historical Weather API
MH-Latur,2013-06-25,22.9,24.2,21.8,15.8,15.8,21.0,91,1.29,0.512,0.505,0.337,23.7,24.9,18.39721,76.56784,ERA5,Asia/Kolkata,Open-Meteo Historical Weather API
MH-Latur,2013-06-26,25.2,28.4,22.8,0.0,0.0,0.0,79,2.85,0.487,0.488,0.349,25.0,24.9,18.39721,76.56784,ERA5,Asia/Kolkata,Open-Meteo Historical Weather API
MH-Latur,2013-06-27,26.6,31.2,22.6,0.4,0.4,1.0,72,5.13,0.465,0.47,0.351,26.4,25.7,18.39721,76.56784,ERA5,Asia/Kolkata,Open-Meteo Historical Weather API
MH-Latur,2013-06-28,26.4,31.3,22.4,1.6,1.6,5.0,72,4.69,0.447,0.454,0.35,26.6,26.3,18.39721,76.56784,ERA5,Asia/Kolkata,Open-Meteo Historical Weather API
MH-Latur,2013-06-29,26.2,30.8,23.0,0.7,0.7,3.0,73,4.3,0.437,0.443,0.348,26.6,26.4,18.39721,76.56784,ERA5,Asia/Kolkata,Open-Meteo Historical Weather API
MH-Latur,2013-06-30,25.9,29.3,22.8,2.1,2.1,6.0,75,3.98,0.434,0.433,0.347,26.4,26.3,18.39721,76.56784,ERA5,Asia/Kolkata,Open-Meteo Historical Weather API
MH-Latur,2013-07-01,26.1,30.2,23.3,1.3,1.3,6.0,76,3.36,0.438,0.425,0.345,26.2,26.0,18.39721,76.56784,ERA5,Asia/Kolkata,Open-Meteo Historical Weather API
MH-Latur,2013-07-02,26.6,31.6,23.3,6.3,6.3,6.0,74,4.02,0.446,0.42,0.343,26.7,26.1,18.39721,76.56784,ERA5,Asia/Kolkata,Open-Meteo Historical Weather API
MH-Latur,2013-07-03,25.5,27.7,23.3,2.9,2.9,9.0,78,3.24,0.477,0.441,0.342,26.2,26.2,18.39721,76.56784,ERA5,Asia/Kolkata,Open-Meteo Historical Weather API
MH-Latur,2013-07-04,26.4,30.6,23.9,0.8,0.8,3.0,74,4.68,0.448,0.437,0.342,27.0,26.3,18.39721,76.56784,ERA5,Asia/Kolkata,Open-Meteo Historical Weather API
MH-Latur,2013-07-05,26.5,30.7,22.9,1.2,1.2,6.0,73,4.47,0.433,0.426,0.339,27.1,26.6,18.39721,76.56784,ERA5,Asia/Kolkata,Open-Meteo Historical Weather API
MH-Latur,2013-07-06,26.0,30.2,23.2,2.4,2.4,7.0,76,3.2,0.423,0.415,0.336,26.6,26.5,18.39721,76.56784,ERA5,Asia/Kolkata,Open-Meteo Historical Weather API
MH-Latur,2013-07-07,26.3,31.9,22.8,9.5,9.5,7.0,77,3.82,0.438,0.408,0.333,26.9,26.3,18.39721,76.56784,ERA5,Asia/Kolkata,Open-Meteo Historical Weather API
MH-Latur,2013-07-08,25.4,30.3,22.6,9.1,9.1,7.0,80,3.19,0.477,0.421,0.331,26.2,26.3,18.39721,76.56784,ERA5,Asia/Kolkata,Open-Meteo Historical Weather API
MH-Latur,2013-07-09,25.4,30.1,22.4,2.4,2.4,7.0,78,3.6,0.465,0.435,0.33,26.0,26.0,18.39721,76.56784,ERA5,Asia/Kolkata,Open-Meteo Historical Weather API
MH-Latur,2013-07-10,24.7,29.2,22.5,5.3,5.3,17.0,80,3.11,0.462,0.432,0.33,25.5,25.8,18.39721,76.56784,ERA5,Asia/Kolkata,Open-Meteo Historical Weather API
MH-Latur,2013-07-11,22.9,25.3,22.0,24.2,24.2,24.0,91,1.4,0.501,0.465,0.333,23.9,24.9,18.39721,76.56784,ERA5,Asia/Kolkata,Open-Meteo Historical Weather API
MH-Latur,2013-07-12,22.3,23.5,21.5,26.2,26.2,23.0,93,1.32,0.512,0.507,0.352,23.2,24.2,18.39721,76.56784,ERA5,Asia/Kolkata,Open-Meteo Historical Weather API
MH-Latur,2013-07-13,24.8,27.9,22.0,0.4,0.4,2.0,79,3.53,0.49,0.491,0.369,24.8,24.4,18.39721,76.56784,ERA5,Asia/Kolkata,Open-Meteo Historical Weather API
MH-Latur,2013-07-14,25.2,29.2,22.5,4.2,4.2,8.0,79,3.77,0.477,0.474,0.372,25.7,25.3,18.39721,76.56784,ERA5,Asia/Kolkata,Open-Meteo Historical Weather API
MH-Latur,2013-07-15,24.7,27.4,22.0,1.9,1.9,9.0,78,3.27,0.482,0.47,0.373,25.3,25.4,18.39721,76.56784,ERA5,Asia/Kolkata,Open-Meteo Historical Weather API
MH-Latur,2013-07-16,22.9,24.5,22.2,45.5,45.5,24.0,90,1.19,0.509,0.498,0.386,23.8,24.8,18.39721,76.56784,ERA5,Asia/Kolkata,Open-Meteo Historical Weather API
MH-Latur,2013-07-17,22.8,24.0,21.9,37.9,37.9,24.0,91,1.13,0.507,0.514,0.437,23.1,23.9,18.39721,76.56784,ERA5,Asia/Kolkata,Open-Meteo Historical Weather API
MH-Latur,2013-07-18,24.0,26.5,22.3,4.6,4.6,17.0,85,2.03,0.503,0.505,0.461,23.9,23.8,18.39721,76.56784,ERA5,Asia/Kolkata,Open-Meteo Historical Weather API
MH-Latur,2013-07-19,22.6,24.1,22.0,33.2,33.2,23.0,91,1.25,0.508,0.51,0.471,23.2,23.9,18.39721,76.56784,ERA5,Asia/Kolkata,Open-Meteo Historical Weather API
MH-Latur,2013-07-20,23.6,26.3,21.8,7.1,7.1,8.0,88,1.48,0.499,0.508,0.495,23.3,23.6,18.39721,76.56784,ERA5,Asia/Kolkata,Open-Meteo Historical Weather API
MH-Latur,2013-07-21,24.3,27.6,22.2,8.9,8.9,11.0,85,2.85,0.496,0.498,0.491,24.2,24.0,18.39721,76.56784,ERA5,Asia/Kolkata,Open-Meteo Historical Weather API
MH-Latur,2013-07-22,22.8,24.4,22.2,33.3,33.3,24.0,92,1.32,0.508,0.513,0.496,23.4,24.0,18.39721,76.56784,ERA5,Asia/Kolkata,Open-Meteo Historical Weather API
MH-Latur,2013-07-23,22.0,22.8,21.5,54.0,54.0,24.0,94,0.8,0.509,0.515,0.517,22.5,23.4,18.39721,76.56784,ERA5,Asia/Kolkata,Open-Meteo Historical Weather API
MH-Latur,2013-07-24,24.2,27.3,21.4,2.3,2.3,7.0,84,3.3,0.497,0.504,0.511,24.0,23.6,18.39721,76.56784,ERA5,Asia/Kolkata,Open-Meteo Historical Weather API
MH-Latur,2013-07-25,24.9,27.4,23.1,1.7,1.7,3.0,80,3.61,0.484,0.489,0.503,24.9,24.6,18.39721,76.56784,ERA5,Asia/Kolkata,Open-Meteo Historical Weather API
MH-Latur,2013-07-26,24.4,27.9,22.7,13.1,13.1,9.0,83,3.22,0.492,0.491,0.498,24.7,24.8,18.39721,76.56784,ERA5,Asia/Kolkata,Open-Meteo Historical Weather API
MH-Latur,2013-07-27,25.2,29.1,22.8,1.8,1.8,6.0,81,3.41,0.494,0.501,0.497,25.1,24.7,18.39721,76.56784,ERA5,Asia/Kolkata,Open-Meteo Historical Weather API
MH-Latur,2013-07-28,24.9,27.8,23.1,2.2,2.2,4.0,80,2.94,0.487,0.494,0.494,24.9,24.8,18.39721,76.56784,ERA5,Asia/Kolkata,Open-Meteo Historical Weather API
MH-Latur,2013-07-29,25.5,28.4,22.7,0.9,0.9,5.0,74,4.47,0.481,0.487,0.491,25.4,24.8,18.39721,76.56784,ERA5,Asia/Kolkata,Open-Meteo Historical Weather API
MH-Latur,2013-07-30,24.2,27.8,22.2,15.9,15.9,11.0,82,3.63,0.485,0.484,0.488,25.0,25.0,18.39721,76.56784,ERA5,Asia/Kolkata,Open-Meteo Historical Weather API
MH-Latur,2013-07-31,22.2,23.0,21.8,37.2,37.2,24.0,92,0.98,0.508,0.515,0.501,23.0,24.1,18.39721,76.56784,ERA5,Asia/Kolkata,Open-Meteo Historical Weather API
MH-Latur,2013-08-01,22.6,24.5,21.2,31.4,31.4,24.0,91,1.29,0.506,0.516,0.516,22.6,23.2,18.39721,76.56784,ERA5,Asia/Kolkata,Open-Meteo Historical Weather API
MH-Latur,2013-08-02,22.7,24.9,21.1,28.1,28.1,19.0,90,1.87,0.506,0.513,0.516,22.8,23.1,18.39721,76.56784,ERA5,Asia/Kolkata,Open-Meteo Historical Weather API
MH-Latur,2013-08-03,25.1,29.3,21.3,0.3,0.3,3.0,78,3.92,0.485,0.494,0.509,24.5,23.6,18.39721,76.56784,ERA5,Asia/Kolkata,Open-Meteo Historical Weather API
MH-Latur,2013-08-04,25.3,29.3,21.9,4.3,4.3,7.0,80,4.16,0.479,0.479,0.502,25.6,24.7,18.39721,76.56784,ERA5,Asia/Kolkata,Open-Meteo Historical Weather API
MH-Latur,2013-08-05,24.4,26.6,22.6,4.1,4.1,4.0,81,2.66,0.486,0.478,0.498,24.9,24.9,18.39721,76.56784,ERA5,Asia/Kolkata,Open-Meteo Historical Weather API
MH-Latur,2013-08-06,24.6,27.8,21.8,3.4,3.4,10.0,81,2.54,0.494,0.491,0.495,24.6,24.5,18.39721,76.56784,ERA5,Asia/Kolkata,Open-Meteo Historical Weather API
MH-Latur,2013-08-07,25.5,29.2,22.6,0.6,0.6,4.0,77,4.13,0.476,0.485,0.492,25.5,24.7,18.39721,76.56784,ERA5,Asia/Kolkata,Open-Meteo Historical Weather API
MH-Latur,2013-08-08,25.4,29.8,22.3,0.5,0.5,3.0,76,3.85,0.467,0.475,0.489,25.6,25.0,18.39721,76.56784,ERA5,Asia/Kolkata,Open-Meteo Historical Weather API
MH-Latur,2013-08-09,25.0,29.7,22.4,0.7,0.7,4.0,76,3.64,0.459,0.467,0.486,25.2,25.0,18.39721,76.56784,ERA5,Asia/Kolkata,Open-Meteo Historical Weather API
MH-Latur,2013-08-10,24.5,29.3,22.0,3.9,3.9,5.0,80,3.52,0.462,0.461,0.484,24.9,24.8,18.39721,76.56784,ERA5,Asia/Kolkata,Open-Meteo Historical Weather API
MH-Latur,2013-08-11,25.4,29.9,22.1,1.2,1.2,3.0,79,4.05,0.468,0.459,0.481,25.5,24.9,18.39721,76.56784,ERA5,Asia/Kolkata,Open-Meteo Historical Weather API
MH-Latur,2013-08-12,25.0,28.1,22.3,1.9,1.9,6.0,79,3.34,0.462,0.455,0.478,25.3,25.1,18.39721,76.56784,ERA5,Asia/Kolkata,Open-Meteo Historical Weather API
MH-Latur,2013-08-13,24.2,27.5,21.9,8.5,8.5,16.0,84,2.48,0.485,0.461,0.476,24.7,24.8,18.39721,76.56784,ERA5,Asia/Kolkata,Open-Meteo Historical Weather API
MH-Latur,2013-08-14,24.5,28.4,21.7,3.7,3.7,4.0,83,3.45,0.487,0.477,0.475,25.0,24.6,18.39721,76.56784,ERA5,Asia/Kolkata,Open-Meteo Historical Weather API
MH-Latur,2013-08-15,25.3,28.6,22.2,0.9,0.9,5.0,79,3.67,0.476,0.476,0.473,25.5,24.9,18.39721,76.56784,ERA5,Asia/Kolkata,Open-Meteo Historical Weather API
MH-Latur,2013-08-16,24.9,28.0,22.5,0.6,0.6,4.0,80,2.72,0.468,0.47,0.472,25.1,25.0,18.39721,76.56784,ERA5,Asia/Kolkata,Open-Meteo Historical Weather API
MH-Latur,2013-08-17,24.3,28.0,22.4,9.6,9.6,14.0,87,2.44,0.484,0.476,0.47,24.8,24.7,18.39721,76.56784,ERA5,Asia/Kolkata,Open-Meteo Historical Weather API
MH-Latur,2013-08-18,24.9,29.0,22.4,5.3,5.3,9.0,84,3.17,0.498,0.493,0.47,25.1,24.7,18.39721,76.56784,ERA5,Asia/Kolkata,Open-Meteo Historical Weather API
MH-Latur,2013-08-19,25.2,28.9,22.3,0.1,0.1,1.0,76,3.68,0.485,0.491,0.471,25.1,24.8,18.39721,76.56784,ERA5,Asia/Kolkata,Open-Meteo Historical Weather API
MH-Latur,2013-08-20,25.2,28.4,21.7,0.7,0.7,3.0,73,4.27,0.471,0.48,0.471,25.2,24.9,18.39721,76.56784,ERA5,Asia/Kolkata,Open-Meteo Historical Weather API
MH-Latur,2013-08-21,25.3,28.6,22.1,1.5,1.5,6.0,72,4.41,0.46,0.471,0.469,25.2,24.9,18.39721,76.56784,ERA5,Asia/Kolkata,Open-Meteo Historical Weather API
MH-Latur,2013-08-22,24.5,28.3,22.6,2.2,2.2,9.0,78,2.72,0.46,0.464,0.467,24.5,24.6,18.39721,76.56784,ERA5,Asia/Kolkata,Open-Meteo Historical Weather API
MH-Latur,2013-08-23,24.4,27.2,21.8,1.3,1.3,5.0,76,3.96,0.468,0.462,0.466,24.6,24.3,18.39721,76.56784,ERA5,Asia/Kolkata,Open-Meteo Historical Weather API
MH-Latur,2013-08-24,24.8,28.1,22.1,6.4,6.4,12.0,80,3.53,0.463,0.458,0.464,25.1,24.6,18.39721,76.56784,ERA5,Asia/Kolkata,Open-Meteo Historical Weather API
MH-Latur,2013-08-25,24.6,27.8,22.7,0.9,0.9,6.0,80,3.04,0.469,0.458,0.463,25.0,24.7,18.39721,76.56784,ERA5,Asia/Kolkata,Open-Meteo Historical Weather API
MH-Latur,2013-08-26,24.1,26.9,21.2,3.1,3.1,9.0,79,2.76,0.477,0.46,0.462,24.3,24.4,18.39721,76.56784,ERA5,Asia/Kolkata,Open-Meteo Historical Weather API
MH-Latur,2013-08-27,24.6,28.2,21.5,1.8,1.8,4.0,77,3.09,0.466,0.46,0.46,24.5,24.3,18.39721,76.56784,ERA5,Asia/Kolkata,Open-Meteo Historical Weather API
MH-Latur,2013-08-28,25.2,29.4,22.2,0.1,0.1,1.0,75,4.04,0.451,0.454,0.458,25.2,24.6,18.39721,76.56784,ERA5,Asia/Kolkata,Open-Meteo Historical Weather API
MH-Latur,2013-08-29,25.4,29.1,22.8,0.0,0.0,0.0,74,4.3,0.436,0.446,0.456,25.8,25.1,18.39721,76.56784,ERA5,Asia/Kolkata,Open-Meteo Historical Weather API
MH-Latur,2013-08-30,26.0,30.4,22.0,0.3,0.3,2.0,75,4.44,0.425,0.437,0.454,26.1,25.3,18.39721,76.56784,ERA5,Asia/Kolkata,Open-Meteo Historical Weather API
MH-Latur,2013-08-31,26.1,30.4,22.8,0.0,0.0,0.0,74,4.7,0.413,0.426,0.452,26.6,25.7,18.39721,76.56784,ERA5,Asia/Kolkata,Open-Meteo Historical Weather API
MH-Latur,2013-09-01,26.3,30.8,22.5,0.3,0.3,3.0,75,4.42,0.404,0.416,0.449,26.5,25.8,18.39721,76.56784,ERA5,Asia/Kolkata,Open-Meteo Historical Weather API
MH-Latur,2013-09-02,25.9,30.5,21.9,0.0,0.0,0.0,75,4.49,0.393,0.406,0.446,26.4,25.8,18.39721,76.56784,ERA5,Asia/Kolkata,Open-Meteo Historical Weather API
MH-Latur,2013-09-03,25.5,29.8,21.7,0.5,0.5,3.0,74,4.27,0.383,0.398,0.442,26.1,25.7,18.39721,76.56784,ERA5,Asia/Kolkata,Open-Meteo Historical Weather API
MH-Latur,2013-09-04,25.2,29.2,22.3,0.0,0.0,0.0,72,4.47,0.371,0.391,0.439,26.0,25.7,18.39721,76.56784,ERA5,Asia/Kolkata,Open-Meteo Historical Weather API
MH-Latur,2013-09-05,25.2,29.5,20.8,0.0,0.0,0.0,72,4.59,0.358,0.382,0.434,25.8,25.5,18.39721,76.56784,ERA5,Asia/Kolkata,Open-Meteo Historical Weather API
MH-Latur,2013-09-06,25.4,29.6,21.5,0.0,0.0,0.0,72,4.6,0.346,0.375,0.43,26.1,25.5,18.39721,76.56784,ERA5,Asia/Kolkata,Open-Meteo Historical Weather API
MH-Latur,2013-09-07,25.3,29.8,22.1,0.0,0.0,0.0,77,4.19,0.336,0.368,0.426,26.2,25.8,18.39721,76.56784,ERA5,Asia/Kolkata,Open-Meteo Historical Weather API
MH-Latur,2013-09-08,24.7,27.9,22.4,0.6,0.6,3.0,78,2.09,0.339,0.362,0.422,25.2,25.5,18.39721,76.56784,ERA5,Asia/Kolkata,Open-Meteo Historical Weather API
MH-Latur,2013-09-09,24.3,29.4,21.5,18.0,18.0,20.0,86,2.68,0.404,0.362,0.42,25.2,25.1,18.39721,76.56784,ERA5,Asia/Kolkata,Open-Meteo Historical Weather API
MH-Latur,2013-09-10,23.9,27.7,22.0,7.8,7.8,10.0,89,2.35,0.481,0.398,0.418,25.1,25.0,18.39721,76.56784,ERA5,Asia/Kolkata,Open-Meteo Historical Weather API
MH-Latur,2013-09-11,24.9,29.3,22.3,17.9,17.9,14.0,86,2.78,0.497,0.466,0.419,25.6,25.0,18.39721,76.56784,ERA5,Asia/Kolkata,Open-Meteo Historical Weather API
MH-Latur,2013-09-12,25.2,30.4,21.6,13.7,13.7,9.0,84,3.48,0.495,0.499,0.424,26.1,25.3,18.39721,76.56784,ERA5,Asia/Kolkata,Open-Meteo Historical Weather API
MH-Latur,2013-09-13,25.5,31.4,22.0,11.0,11.0,8.0,82,3.8,0.49,0.497,0.432,26.6,25.7,18.39721,76.56784,ERA5,Asia/Kolkata,Open-Meteo Historical Weather API
MH-Latur,2013-09-14,25.8,30.6,22.8,6.1,6.1,9.0,83,3.66,0.492,0.497,0.438,26.9,26.0,18.39721,76.56784,ERA5,Asia/Kolkata,Open-Meteo Historical Weather API
MH-Latur,2013-09-15,25.2,30.6,22.5,6.4,6.4,9.0,83,3.06,0.499,0.498,0.443,26.2,26.1,18.39721,76.56784,ERA5,Asia/Kolkata,Open-Meteo Historical Weather API
MH-Latur,2013-09-16,24.1,28.1,21.7,8.9,8.9,13.0,87,3.06,0.501,0.499,0.447,25.6,25.8,18.39721,76.56784,ERA5,Asia/Kolkata,Open-Meteo Historical Weather API
MH-Latur,2013-09-17,23.6,26.6,21.5,12.8,12.8,18.0,88,1.89,0.507,0.505,0.455,24.8,25.2,18.39721,76.56784,ERA5,Asia/Kolkata,Open-Meteo Historical Weather API
MH-Latur,2013-09-18,24.2,27.7,22.0,13.1,13.1,16.0,88,2.59,0.503,0.504,0.465,25.2,25.0,18.39721,76.56784,ERA5,Asia/Kolkata,Open-Meteo Historical Weather API
MH-Latur,2013-09-19,24.1,28.5,21.8,19.1,19.1,18.0,90,2.3,0.507,0.511,0.477,25.1,25.1,18.39721,76.56784,ERA5,Asia/Kolkata,Open-Meteo Historical Weather API
MH-Latur,2013-09-20,25.6,29.5,23.0,1.0,1.0,7.0,82,3.27,0.492,0.502,0.489,25.4,25.2,18.39721,76.56784,ERA5,Asia/Kolkata,Open-Meteo Historical Weather API
MH-Latur,2013-09-21,25.5,29.6,23.1,0.9,0.9,3.0,75,3.78,0.483,0.49,0.488,25.4,25.2,18.39721,76.56784,ERA5,Asia/Kolkata,Open-Meteo Historical Weather API
MH-Latur,2013-09-22,25.0,28.4,22.2,0.1,0.1,1.0,73,4.13,0.47,0.48,0.485,25.0,24.9,18.39721,76.56784,ERA5,Asia/Kolkata,Open-Meteo Historical Weather API
MH-Latur,2013-09-23,24.9,28.7,21.6,0.0,0.0,0.0,71,3.82,0.455,0.47,0.483,24.9,24.6,18.39721,76.56784,ERA5,Asia/Kolkata,Open-Meteo Historical Weather API
MH-Latur,2013-09-24,25.0,28.4,21.6,0.0,0.0,0.0,73,3.88,0.443,0.461,0.48,25.1,24.6,18.39721,76.56784,ERA5,Asia/Kolkata,Open-Meteo Historical Weather API
MH-Latur,2013-09-25,25.0,28.0,22.1,0.1,0.1,1.0,75,3.45,0.433,0.452,0.477,25.2,24.7,18.39721,76.56784,ERA5,Asia/Kolkata,Open-Meteo Historical Weather API
MH-Latur,2013-09-26,25.7,30.2,22.5,0.3,0.3,2.0,75,3.97,0.424,0.443,0.475,25.7,25.0,18.39721,76.56784,ERA5,Asia/Kolkata,Open-Meteo Historical Weather API
MH-Latur,2013-09-27,25.8,29.9,22.1,0.3,0.3,2.0,77,4.06,0.415,0.433,0.472,26.0,25.2,18.39721,76.56784,ERA5,Asia/Kolkata,Open-Meteo Historical Weather API
MH-Latur,2013-09-28,25.9,30.1,22.5,0.4,0.4,2.0,74,4.34,0.404,0.423,0.469,26.4,25.5,18.39721,76.56784,ERA5,Asia/Kolkata,Open-Meteo Historical Weather API
MH-Latur,2013-09-29,25.1,29.6,21.7,0.0,0.0,0.0,76,4.05,0.394,0.415,0.466,25.8,25.4,18.39721,76.56784,ERA5,Asia/Kolkata,Open-Meteo Historical Weather API
MH-Latur,2013-09-30,25.7,29.8,22.1,0.4,0.4,4.0,75,4.1,0.388,0.407,0.463,26.0,25.4,18.39721,76.56784,ERA5,Asia/Kolkata,Open-Meteo Historical Weather API
MH-Latur,2013-10-01,25.9,30.4,22.9,2.5,2.5,5.0,78,3.58,0.381,0.399,0.461,26.4,25.5,18.39721,76.56784,ERA5,Asia/Kolkata,Open-Meteo Historical Weather API
MH-Latur,2013-10-02,26.2,31.6,23.4,3.7,3.7,11.0,78,3.75,0.388,0.392,0.458,26.6,25.7,18.39721,76.56784,ERA5,Asia/Kolkata,Open-Meteo Historical Weather API
MH-Latur,2013-10-03,25.3,30.2,23.3,13.6,13.6,20.0,83,2.77,0.453,0.399,0.456,26.1,25.8,18.39721,76.56784,ERA5,Asia/Kolkata,Open-Meteo Historical Weather API
MH-Latur,2013-10-04,25.1,27.8,22.4,2.5,2.5,8.0,78,3.56,0.465,0.426,0.455,25.6,25.3,18.39721,76.56784,ERA5,Asia/Kolkata,Open-Meteo Historical Weather API
MH-Latur,2013-10-05,24.6,27.1,22.2,1.3,1.3,7.0,81,3.12,0.447,0.426,0.453,25.3,25.1,18.39721,76.56784,ERA5,Asia/Kolkata,Open-Meteo Historical Weather API
MH-Latur,2013-10-06,25.3,30.7,22.5,15.6,15.6,8.0,83,3.0,0.463,0.43,0.451,25.9,25.2,18.39721,76.56784,ERA5,Asia/Kolkata,Open-Meteo Historical Weather API
MH-Latur,2013-10-07,26.3,31.5,22.4,2.5,2.5,7.0,79,3.94,0.474,0.45,0.45,26.8,25.6,18.39721,76.56784,ERA5,Asia/Kolkata,Open-Meteo Historical Weather API
MH-Latur,2013-10-08,26.4,31.4,23.5,1.3,1.3,7.0,77,3.71,0.472,0.451,0.449,26.8,25.9,18.39721,76.56784,ERA5,Asia/Kolkata,Open-Meteo Historical Weather API
MH-Latur,2013-10-09,25.5,29.9,22.5,1.8,1.8,8.0,79,3.55,0.459,0.448,0.448,26.3,25.7,18.39721,76.56784,ERA5,Asia/Kolkata,Open-Meteo Historical Weather API
MH-Latur,2013-10-10,24.6,29.3,20.9,0.6,0.6,4.0,78,3.63,0.448,0.442,0.446,25.5,25.3,18.39721,76.56784,ERA5,Asia/Kolkata,Open-Meteo Historical Weather API
MH-Latur,2013-10-11,24.0,27.6,21.3,12.5,12.5,12.0,83,2.79,0.462,0.44,0.444,25.0,24.9,18.39721,76.56784,ERA5,Asia/Kolkata,Open-Meteo Historical Weather API
MH-Latur,2013-10-12,24.0,28.0,21.3,4.4,4.4,7.0,86,2.72,0.488,0.462,0.443,24.9,24.6,18.39721,76.56784,ERA5,Asia/Kolkata,Open-Meteo Historical Weather API
MH-Latur,2013-10-13,24.9,30.4,21.3,0.5,0.5,3.0,80,3.56,0.474,0.47,0.442,25.2,24.7,18.39721,76.56784,ERA5,Asia/Kolkata,Open-Meteo Historical Weather API
MH-Latur,2013-10-14,25.2,30.2,21.9,1.1,1.1,6.0,80,3.59,0.461,0.463,0.441,25.5,25.0,18.39721,76.56784,ERA5,Asia/Kolkata,Open-Meteo Historical Weather API
MH-Latur,2013-10-15,25.2,29.6,22.0,0.1,0.1,1.0,82,3.8,0.452,0.456,0.439,25.9,25.2,18.39721,76.56784,ERA5,Asia/Kolkata,Open-Meteo Historical Weather API
MH-Latur,2013-10-16,25.3,29.7,22.3,0.3,0.3,1.0,82,3.74,0.441,0.449,0.437,26.2,25.5,18.39721,76.56784,ERA5,Asia/Kolkata,Open-Meteo Historical Weather API
MH-Latur,2013-10-17,25.5,30.8,22.0,0.5,0.5,2.0,81,3.64,0.427,0.44,0.434,26.1,25.7,18.39721,76.56784,ERA5,Asia/Kolkata,Open-Meteo Historical Weather API
MH-Latur,2013-10-18,24.4,30.6,20.4,0.0,0.0,0.0,70,4.64,0.413,0.429,0.43,25.1,25.3,18.39721,76.56784,ERA5,Asia/Kolkata,Open-Meteo Historical Weather API
MH-Latur,2013-10-19,24.9,30.5,20.5,0.0,0.0,0.0,67,4.44,0.395,0.417,0.425,24.6,24.6,18.39721,76.56784,ERA5,Asia/Kolkata,Open-Meteo Historical Weather API
MH-Latur,2013-10-20,24.5,30.0,20.5,0.0,0.0,0.0,69,4.53,0.381,0.406,0.422,24.7,24.5,18.39721,76.56784,ERA5,Asia/Kolkata,Open-Meteo Historical Weather API
MH-Latur,2013-10-21,23.8,29.3,19.2,0.0,0.0,0.0,70,4.6,0.366,0.396,0.417,24.2,24.3,18.39721,76.56784,ERA5,Asia/Kolkata,Open-Meteo Historical Weather API
MH-Latur,2013-10-22,24.0,28.0,20.8,0.0,0.0,0.0,73,3.57,0.354,0.387,0.414,24.4,24.4,18.39721,76.56784,ERA5,Asia/Kolkata,Open-Meteo Historical Weather API
MH-Latur,2013-10-23,24.1,28.7,21.2,1.6,1.6,6.0,83,3.19,0.351,0.381,0.411,24.8,24.6,18.39721,76.56784,ERA5,Asia/Kolkata,Open-Meteo Historical Weather API
MH-Latur,2013-10-24,22.7,24.6,21.1,8.5,8.5,17.0,90,1.36,0.391,0.378,0.41,23.6,24.1,18.39721,76.56784,ERA5,Asia/Kolkata,Open-Meteo Historical Weather API
MH-Latur,2013-10-25,23.4,27.5,21.0,3.9,3.9,11.0,89,2.26,0.454,0.384,0.41,24.2,23.9,18.39721,76.56784,ERA5,Asia/Kolkata,Open-Meteo Historical Weather API
MH-Latur,2013-10-26,23.4,26.9,21.4,2.3,2.3,5.0,88,1.61,0.452,0.392,0.408,24.0,23.9,18.39721,76.56784,ERA5,Asia/Kolkata,Open-Meteo Historical Weather API
MH-Latur,2013-10-27,24.9,29.9,21.2,0.1,0.1,1.0,79,3.38,0.438,0.395,0.405,25.0,24.1,18.39721,76.56784,ERA5,Asia/Kolkata,Open-Meteo Historical Weather API
MH-Latur,2013-10-28,24.7,30.6,19.9,0.0,0.0,0.0,72,4.18,0.413,0.39,0.402,25.0,24.4,18.39721,76.56784,ERA5,Asia/Kolkata,Open-Meteo Historical Weather API
MH-Latur,2013-10-29,24.2,30.7,19.6,0.0,0.0,0.0,67,4.4,0.391,0.382,0.398,24.5,24.3,18.39721,76.56784,ERA5,Asia/Kolkata,Open-Meteo Historical Weather API
MH-Latur,2013-10-30,22.9,30.1,17.4,0.0,0.0,0.0,66,4.65,0.37,0.371,0.393,23.9,24.0,18.39721,76.56784,ERA5,Asia/Kolkata,Open-Meteo Historical Weather API
MH-Latur,2013-10-31,21.7,29.1,15.9,0.0,0.0,0.0,63,4.64,0.352,0.361,0.387,23.0,23.5,18.39721,76.56784,ERA5,Asia/Kolkata,Open-Meteo Historical Weather API
MH-Latur,2013-11-01,22.6,29.3,16.4,0.0,0.0,0.0,67,4.32,0.336,0.352,0.383,23.3,23.1,18.39721,76.56784,ERA5,Asia/Kolkata,Open-Meteo Historical Weather API
MH-Latur,2013-11-02,24.2,29.3,19.3,0.0,0.0,0.0,73,3.38,0.324,0.344,0.378,24.4,23.8,18.39721,76.56784,ERA5,Asia/Kolkata,Open-Meteo Historical Weather API
MH-Latur,2013-11-03,24.6,30.1,20.6,0.7,0.7,5.0,74,3.57,0.32,0.337,0.374,25.1,24.4,18.39721,76.56784,ERA5,Asia/Kolkata,Open-Meteo Historical Weather API
MH-Latur,2013-11-04,24.2,30.5,19.4,0.0,0.0,0.0,66,4.47,0.313,0.329,0.369,25.0,24.6,18.39721,76.56784,ERA5,Asia/Kolkata,Open-Meteo Historical Weather API
MH-Latur,2013-11-05,22.8,29.2,18.3,0.0,0.0,0.0,61,4.63,0.303,0.322,0.364,24.0,24.3,18.39721,76.56784,ERA5,Asia/Kolkata,Open-Meteo Historical Weather API
MH-Latur,2013-11-06,22.5,29.2,17.2,0.0,0.0,0.0,67,3.91,0.295,0.316,0.361,23.8,23.9,18.39721,76.56784,ERA5,Asia/Kolkata,Open-Meteo Historical Weather API
MH-Latur,2013-11-07,23.1,28.8,17.8,0.0,0.0,0.0,64,3.82,0.289,0.313,0.359,24.1,23.9,18.39721,76.56784,ERA5,Asia/Kolkata,Open-Meteo Historical Weather API
MH-Latur,2013-11-08,24.1,29.4,19.2,0.0,0.0,0.0,61,4.29,0.285,0.31,0.357,25.1,24.6,18.39721,76.56784,ERA5,Asia/Kolkata,Open-Meteo Historical Weather API
MH-Latur,2013-11-09,23.7,30.1,19.2,0.0,0.0,0.0,60,4.7,0.283,0.308,0.357,25.1,24.9,18.39721,76.56784,ERA5,Asia/Kolkata,Open-Meteo Historical Weather API
MH-Latur,2013-11-10,21.9,28.6,16.4,0.0,0.0,0.0,62,4.54,0.282,0.305,0.355,23.5,24.2,18.39721,76.56784,ERA5,Asia/Kolkata,Open-Meteo Historical Weather API
MH-Latur,2013-11-11,21.2,28.1,14.9,0.0,0.0,0.0,64,4.32,0.277,0.301,0.352,22.8,23.4,18.39721,76.56784,ERA5,Asia/Kolkata,Open-Meteo Historical Weather API
MH-Latur,2013-11-12,22.0,28.7,16.4,0.0,0.0,0.0,56,4.5,0.272,0.294,0.348,23.3,23.3,18.39721,76.56784,ERA5,Asia/Kolkata,Open-Meteo Historical Weather API
MH-Latur,2013-11-13,21.7,28.7,15.6,0.0,0.0,0.0,54,4.52,0.27,0.289,0.342,23.3,23.5,18.39721,76.56784,ERA5,Asia/Kolkata,Open-Meteo Historical Weather API
MH-Latur,2013-11-14,21.2,28.4,14.8,0.0,0.0,0.0,55,4.64,0.269,0.286,0.34,23.0,23.4,18.39721,76.56784,ERA5,Asia/Kolkata,Open-Meteo Historical Weather API
MH-Latur,2013-11-15,20.6,27.6,14.5,0.0,0.0,0.0,57,4.67,0.27,0.286,0.338,22.3,23.1,18.39721,76.56784,ERA5,Asia/Kolkata,Open-Meteo Historical Weather API
MH-Latur,2013-11-16,20.1,27.7,12.5,0.0,0.0,0.0,56,4.67,0.269,0.285,0.337,21.7,22.5,18.39721,76.56784,ERA5,Asia/Kolkata,Open-Meteo Historical Weather API
MH-Latur,2013-11-17,20.6,26.3,15.1,0.0,0.0,0.0,59,3.69,0.267,0.28,0.332,22.0,22.4,18.39721,76.56784,ERA5,Asia/Kolkata,Open-Meteo Historical Weather API
MH-Latur,2013-11-18,23.1,30.4,16.6,0.0,0.0,0.0,59,4.51,0.265,0.276,0.328,23.9,23.1,18.39721,76.56784,ERA5,Asia/Kolkata,Open-Meteo Historical Weather API
MH-Latur,2013-11-19,23.0,31.1,16.8,0.0,0.0,0.0,51,4.92,0.264,0.275,0.325,24.1,24.0,18.39721,76.56784,ERA5,Asia/Kolkata,Open-Meteo Historical Weather API
MH-Latur,2013-11-20,21.9,30.8,14.9,0.0,0.0,0.0,53,4.72,0.263,0.274,0.321,23.2,23.8,18.39721,76.56784,ERA5,Asia/Kolkata,Open-Meteo Historical Weather API
MH-Latur,2013-11-21,21.6,30.4,13.7,0.0,0.0,0.0,50,4.86,0.264,0.272,0.317,22.9,23.4,18.39721,76.56784,ERA5,Asia/Kolkata,Open-Meteo Historical Weather API
MH-Latur,2013-11-22,22.0,30.7,13.7,0.0,0.0,0.0,58,4.62,0.265,0.273,0.315,23.1,23.2,18.39721,76.56784,ERA5,Asia/Kolkata,Open-Meteo Historical Weather API
MH-Latur,2013-11-23,22.4,27.2,18.1,0.4,0.4,2.0,78,2.88,0.264,0.272,0.312,23.7,23.6,18.39721,76.56784,ERA5,Asia/Kolkata,Open-Meteo Historical Weather API
MH-Latur,2013-11-24,22.2,25.1,20.1,3.1,3.1,14.0,90,1.13,0.297,0.272,0.311,23.3,23.4,18.39721,76.56784,ERA5,Asia/Kolkata,Open-Meteo Historical Weather API
MH-Latur,2013-11-25,24.4,31.1,19.6,0.3,0.3,2.0,76,3.47,0.308,0.271,0.311,25.2,23.7,18.39721,76.56784,ERA5,Asia/Kolkata,Open-Meteo Historical Weather API
MH-Latur,2013-11-26,24.8,30.8,20.4,0.0,0.0,0.0,69,3.92,0.303,0.272,0.31,25.6,24.8,18.39721,76.56784,ERA5,Asia/Kolkata,Open-Meteo Historical Weather API
MH-Latur,2013-11-27,22.9,30.5,17.4,0.0,0.0,0.0,51,4.84,0.297,0.272,0.309,24.3,24.7,18.39721,76.56784,ERA5,Asia/Kolkata,Open-Meteo Historical Weather API
MH-Latur,2013-11-28,21.3,28.8,14.5,0.0,0.0,0.0,49,4.93,0.291,0.273,0.31,22.5,23.5,18.39721,76.56784,ERA5,Asia/Kolkata,Open-Meteo Historical Weather API
MH-Latur,2013-11-29,21.4,24.5,18.0,0.5,0.5,4.0,71,2.66,0.292,0.277,0.313,22.6,23.2,18.39721,76.56784,ERA5,Asia/Kolkata,Open-Meteo Historical Weather API
MH-Latur,2013-11-30,23.4,27.3,19.9,0.1,0.1,1.0,77,2.31,0.298,0.282,0.317,24.1,23.5,18.39721,76.56784,ERA5,Asia/Kolkata,Open-Meteo Historical Weather API
MH-Latur,2013-12-01,24.6,30.1,19.7,0.0,0.0,0.0,65,3.39,0.293,0.28,0.315,25.0,24.3,18.39721,76.56784,ERA5,Asia/Kolkata,Open-Meteo Historical Weather API
MH-Latur,2013-12-02,23.7,30.2,19.7,1.9,1.9,6.0,74,3.16,0.296,0.281,0.316,25.1,24.6,18.39721,76.56784,ERA5,Asia/Kolkata,Open-Meteo Historical Weather API
MH-Latur,2013-12-03,23.0,28.0,19.4,4.9,4.9,10.0,80,2.65,0.357,0.279,0.312,24.5,24.5,18.39721,76.56784,ERA5,Asia/Kolkata,Open-Meteo Historical Weather API
MH-Latur,2013-12-04,23.0,28.9,18.8,0.0,0.0,0.0,69,3.79,0.348,0.28,0.31,24.3,24.2,18.39721,76.56784,ERA5,Asia/Kolkata,Open-Meteo Historical Weather API
MH-Latur,2013-12-05,21.6,28.2,16.0,0.0,0.0,0.0,60,4.24,0.331,0.281,0.31,22.9,23.7,18.39721,76.56784,ERA5,Asia/Kolkata,Open-Meteo Historical Weather API
MH-Latur,2013-12-06,19.9,27.0,14.8,0.0,0.0,0.0,61,4.06,0.321,0.285,0.312,21.8,23.0,18.39721,76.56784,ERA5,Asia/Kolkata,Open-Meteo Historical Weather API
MH-Latur,2013-12-07,18.3,26.3,11.9,0.0,0.0,0.0,54,4.27,0.312,0.287,0.313,20.2,21.9,18.39721,76.56784,ERA5,Asia/Kolkata,Open-Meteo Historical Weather API
MH-Latur,2013-12-08,18.2,27.8,11.2,0.0,0.0,0.0,56,4.15,0.305,0.288,0.314,19.6,21.0,18.39721,76.56784,ERA5,Asia/Kolkata,Open-Meteo Historical Weather API
MH-Latur,2013-12-09,18.6,28.2,10.5,0.0,0.0,0.0,53,4.38,0.297,0.286,0.312,19.5,20.8,18.39721,76.56784,ERA5,Asia/Kolkata,Open-Meteo Historical Weather API
MH-Latur,2013-12-10,19.0,28.5,10.8,0.0,0.0,0.0,52,4.47,0.29,0.283,0.31,19.6,20.7,18.39721,76.56784,ERA5,Asia/Kolkata,Open-Meteo Historical Weather API
MH-Latur,2013-12-11,18.9,28.2,10.9,0.0,0.0,0.0,52,4.46,0.286,0.282,0.309,19.7,20.7,18.39721,76.56784,ERA5,Asia/Kolkata,Open-Meteo Historical Weather API
MH-Latur,2013-12-12,18.6,27.3,11.5,0.0,0.0,0.0,55,4.41,0.286,0.284,0.311,19.7,20.7,18.39721,76.56784,ERA5,Asia/Kolkata,Open-Meteo Historical Weather API
MH-Latur,2013-12-13,18.1,27.8,10.9,0.0,0.0,0.0,53,4.26,0.287,0.287,0.314,19.2,20.5,18.39721,76.56784,ERA5,Asia/Kolkata,Open-Meteo Historical Weather API
MH-Latur,2013-12-14,18.4,28.5,10.9,0.0,0.0,0.0,52,4.16,0.286,0.288,0.315,19.3,20.3,18.39721,76.56784,ERA5,Asia/Kolkata,Open-Meteo Historical Weather API
MH-Latur,2013-12-15,19.6,29.5,12.3,0.0,0.0,0.0,49,4.2,0.281,0.286,0.313,19.5,20.2,18.39721,76.56784,ERA5,Asia/Kolkata,Open-Meteo Historical Weather API
MH-Latur,2013-12-16,19.3,29.2,11.1,0.0,0.0,0.0,52,4.26,0.278,0.284,0.311,19.9,20.5,18.39721,76.56784,ERA5,Asia/Kolkata,Open-Meteo Historical Weather API
MH-Latur,2013-12-17,18.6,28.4,10.7,0.0,0.0,0.0,52,4.29,0.275,0.282,0.309,19.9,20.7,18.39721,76.56784,ERA5,Asia/Kolkata,Open-Meteo Historical Weather API
MH-Latur,2013-12-18,18.7,28.0,11.3,0.0,0.0,0.0,51,4.17,0.273,0.281,0.308,20.1,20.7,18.39721,76.56784,ERA5,Asia/Kolkata,Open-Meteo Historical Weather API
MH-Latur,2013-12-19,19.9,29.5,12.9,0.0,0.0,0.0,47,3.99,0.273,0.279,0.306,20.4,20.8,18.39721,76.56784,ERA5,Asia/Kolkata,Open-Meteo Historical Weather API
MH-Latur,2013-12-20,20.4,29.4,13.4,0.0,0.0,0.0,50,3.83,0.274,0.279,0.305,21.0,21.2,18.39721,76.56784,ERA5,Asia/Kolkata,Open-Meteo Historical Weather API
MH-Latur,2013-12-21,20.9,29.1,13.9,0.0,0.0,0.0,54,4.3,0.277,0.278,0.304,21.7,21.6,18.39721,76.56784,ERA5,Asia/Kolkata,Open-Meteo Historical Weather API
MH-Latur,2013-12-22,21.2,28.8,15.3,0.0,0.0,0.0,57,4.27,0.277,0.277,0.303,22.2,22.0,18.39721,76.56784,ERA5,Asia/Kolkata,Open-Meteo Historical Weather API
MH-Latur,2013-12-23,20.9,27.6,15.8,0.0,0.0,0.0,59,4.2,0.276,0.277,0.302,22.2,22.3,18.39721,76.56784,ERA5,Asia/Kolkata,Open-Meteo Historical Weather API
MH-Latur,2013-12-24,21.2,27.5,16.4,0.0,0.0,0.0,60,4.13,0.275,0.278,0.303,22.3,22.2,18.39721,76.56784,ERA5,Asia/Kolkata,Open-Meteo Historical Weather API
MH-Latur,2013-12-25,21.4,28.8,15.8,0.0,0.0,0.0,60,4.06,0.274,0.277,0.301,22.6,22.4,18.39721,76.56784,ERA5,Asia/Kolkata,Open-Meteo Historical Weather API
MH-Latur,2013-12-26,21.4,28.1,15.8,0.0,0.0,0.0,58,4.17,0.275,0.277,0.302,22.7,22.5,18.39721,76.56784,ERA5,Asia/Kolkata,Open-Meteo Historical Weather API
MH-Latur,2013-12-27,21.3,28.1,15.7,0.0,0.0,0.0,58,4.05,0.275,0.278,0.302,22.7,22.6,18.39721,76.56784,ERA5,Asia/Kolkata,Open-Meteo Historical Weather API
MH-Latur,2013-12-28,22.0,28.8,15.8,0.0,0.0,0.0,55,4.04,0.276,0.282,0.304,23.1,22.8,18.39721,76.56784,ERA5,Asia/Kolkata,Open-Meteo Historical Weather API
MH-Latur,2013-12-29,22.5,28.0,17.9,0.0,0.0,0.0,57,3.9,0.282,0.287,0.309,23.7,23.3,18.39721,76.56784,ERA5,Asia/Kolkata,Open-Meteo Historical Weather API
MH-Latur,2013-12-30,22.2,28.0,17.5,0.0,0.0,0.0,56,4.43,0.281,0.288,0.309,23.5,23.3,18.39721,76.56784,ERA5,Asia/Kolkata,Open-Meteo Historical Weather API
MH-Latur,2013-12-31,21.2,27.7,16.7,0.0,0.0,0.0,57,4.25,0.281,0.288,0.31,22.9,23.1,18.39721,76.56784,ERA5,Asia/Kolkata,Open-Meteo Historical Weather API
MH-Latur,2014-01-01,21.1,27.8,15.7,0.0,0.0,0.0,60,4.17,0.282,0.289,0.311,22.4,22.6,18.39721,76.56784,ERA5,Asia/Kolkata,Open-Meteo Historical Weather API
MH-Latur,2014-01-02,21.4,28.1,15.7,0.0,0.0,0.0,60,4.15,0.282,0.29,0.312,22.7,22.6,18.39721,76.56784,ERA5,Asia/Kolkata,Open-Meteo Historical Weather API
MH-Latur,2014-01-03,21.3,28.8,14.8,0.0,0.0,0.0,58,4.15,0.279,0.288,0.311,22.5,22.6,18.39721,76.56784,ERA5,Asia/Kolkata,Open-Meteo Historical Weather API
MH-Latur,2014-01-04,21.9,30.0,15.8,0.0,0.0,0.0,58,4.14,0.276,0.286,0.309,23.0,22.9,18.39721,76.56784,ERA5,Asia/Kolkata,Open-Meteo Historical Weather API
MH-Latur,2014-01-05,21.8,29.4,15.4,0.0,0.0,0.0,59,4.33,0.277,0.286,0.309,22.8,22.9,18.39721,76.56784,ERA5,Asia/Kolkata,Open-Meteo Historical Weather API
MH-Latur,2014-01-06,22.1,28.8,16.7,0.0,0.0,0.0,61,3.96,0.276,0.285,0.308,23.2,23.1,18.39721,76.56784,ERA5,Asia/Kolkata,Open-Meteo Historical Weather API
MH-Latur,2014-01-07,22.2,28.9,15.8,0.0,0.0,0.0,61,3.93,0.278,0.283,0.307,23.4,23.4,18.39721,76.56784,ERA5,Asia/Kolkata,Open-Meteo Historical Weather API
MH-Latur,2014-01-08,22.5,29.5,17.6,0.0,0.0,0.0,55,4.52,0.277,0.283,0.307,23.9,23.7,18.39721,76.56784,ERA5,Asia/Kolkata,Open-Meteo Historical Weather API
MH-Latur,2014-01-09,22.2,29.7,16.1,0.0,0.0,0.0,55,4.34,0.276,0.282,0.306,23.4,23.4,18.39721,76.56784,ERA5,Asia/Kolkata,Open-Meteo Historical Weather API
MH-Latur,2014-01-10,22.9,29.8,16.9,0.0,0.0,0.0,53,4.67,0.273,0.281,0.305,23.7,23.5,18.39721,76.56784,ERA5,Asia/Kolkata,Open-Meteo Historical Weather API
MH-Latur,2014-01-11,22.4,29.9,16.8,0.0,0.0,0.0,49,4.26,0.274,0.282,0.305,23.8,23.6,18.39721,76.56784,ERA5,Asia/Kolkata,Open-Meteo Historical Weather API
MH-Latur,2014-01-12,22.8,29.4,16.9,0.0,0.0,0.0,52,4.12,0.276,0.281,0.304,24.0,23.7,18.39721,76.56784,ERA5,Asia/Kolkata,Open-Meteo Historical Weather API
MH-Latur,2014-01-13,23.7,29.0,20.4,0.0,0.0,0.0,54,4.03,0.275,0.281,0.303,24.6,24.3,18.39721,76.56784,ERA5,Asia/Kolkata,Open-Meteo Historical Weather API
MH-Latur,2014-01-14,23.8,29.1,19.3,0.0,0.0,0.0,49,4.1,0.277,0.282,0.304,24.8,24.5,18.39721,76.56784,ERA5,Asia/Kolkata,Open-Meteo Historical Weather API
MH-Latur,2014-01-15,23.4,29.8,18.1,0.0,0.0,0.0,51,4.04,0.276,0.282,0.304,24.4,24.6,18.39721,76.56784,ERA5,Asia/Kolkata,Open-Meteo Historical Weather API
MH-Latur,2014-01-16,23.5,30.3,17.6,0.0,0.0,0.0,52,4.22,0.277,0.283,0.304,24.2,24.3,18.39721,76.56784,ERA5,Asia/Kolkata,Open-Meteo Historical Weather API
MH-Latur,2014-01-17,24.3,29.6,20.0,0.2,0.2,1.0,51,4.82,0.279,0.284,0.305,24.8,24.5,18.39721,76.56784,ERA5,Asia/Kolkata,Open-Meteo Historical Weather API
MH-Latur,2014-01-18,23.1,27.8,18.9,0.0,0.0,0.0,56,3.18,0.28,0.287,0.307,24.6,24.6,18.39721,76.56784,ERA5,Asia/Kolkata,Open-Meteo Historical Weather API
MH-Latur,2014-01-19,23.3,29.1,18.9,0.0,0.0,0.0,57,3.99,0.281,0.289,0.309,24.5,24.4,18.39721,76.56784,ERA5,Asia/Kolkata,Open-Meteo Historical Weather API
MH-Latur,2014-01-20,23.6,29.9,18.6,0.0,0.0,0.0,52,4.74,0.28,0.289,0.309,24.6,24.4,18.39721,76.56784,ERA5,Asia/Kolkata,Open-Meteo Historical Weather API
MH-Latur,2014-01-21,23.3,28.9,19.4,0.0,0.0,0.0,54,4.62,0.281,0.292,0.312,24.6,24.5,18.39721,76.56784,ERA5,Asia/Kolkata,Open-Meteo Historical Weather API
MH-Latur,2014-01-22,23.5,28.3,18.9,0.0,0.0,0.0,53,4.44,0.281,0.294,0.314,24.5,24.2,18.39721,76.56784,ERA5,Asia/Kolkata,Open-Meteo Historical Weather API
MH-Latur,2014-01-23,22.6,26.8,19.4,0.0,0.0,0.0,63,3.4,0.279,0.294,0.314,24.1,24.2,18.39721,76.56784,ERA5,Asia/Kolkata,Open-Meteo Historical Weather API
MH-Latur,2014-01-24,22.8,27.5,18.9,0.0,0.0,0.0,62,3.07,0.28,0.293,0.314,24.1,23.9,18.39721,76.56784,ERA5,Asia/Kolkata,Open-Meteo Historical Weather API
MH-Latur,2014-01-25,23.3,28.2,18.4,0.0,0.0,0.0,58,4.24,0.28,0.294,0.315,24.4,24.1,18.39721,76.56784,ERA5,Asia/Kolkata,Open-Meteo Historical Weather API
MH-Latur,2014-01-26,23.0,29.5,17.9,0.0,0.0,0.0,52,4.91,0.279,0.294,0.315,24.3,24.4,18.39721,76.56784,ERA5,Asia/Kolkata,Open-Meteo Historical Weather API
MH-Latur,2014-01-27,22.0,28.0,17.4,0.0,0.0,0.0,44,5.06,0.279,0.293,0.315,23.7,24.3,18.39721,76.56784,ERA5,Asia/Kolkata,Open-Meteo Historical Weather API
MH-Latur,2014-01-28,20.4,27.9,13.8,0.0,0.0,0.0,44,4.74,0.276,0.29,0.313,22.4,23.5,18.39721,76.56784,ERA5,Asia/Kolkata,Open-Meteo Historical Weather API
MH-Latur,2014-01-29,21.2,28.5,14.8,0.0,0.0,0.0,44,4.55,0.278,0.289,0.312,22.6,23.2,18.39721,76.56784,ERA5,Asia/Kolkata,Open-Meteo Historical Weather API
MH-Latur,2014-01-30,21.8,27.2,16.4,0.0,0.0,0.0,47,4.39,0.281,0.291,0.315,23.1,23.6,18.39721,76.56784,ERA5,Asia/Kolkata,Open-Meteo Historical Weather API
MH-Latur,2014-01-31,21.8,28.4,16.4,0.0,0.0,0.0,46,4.69,0.283,0.293,0.317,23.3,23.7,18.39721,76.56784,ERA5,Asia/Kolkata,Open-Meteo Historical Weather API
MH-Latur,2014-02-01,21.6,28.8,15.9,0.0,0.0,0.0,46,4.95,0.284,0.296,0.319,23.0,23.4,18.39721,76.56784,ERA5,Asia/Kolkata,Open-Meteo Historical Weather API
MH-Latur,2014-02-02,21.8,29.3,16.0,0.0,0.0,0.0,50,4.85,0.284,0.298,0.321,23.0,23.2,18.39721,76.56784,ERA5,Asia/Kolkata,Open-Meteo Historical Weather API
MH-Latur,2014-02-03,22.8,30.2,15.9,0.0,0.0,0.0,49,4.89,0.282,0.296,0.32,23.7,23.5,18.39721,76.56784,ERA5,Asia/Kolkata,Open-Meteo Historical Weather API
MH-Latur,2014-02-04,23.1,31.3,15.8,0.0,0.0,0.0,44,5.02,0.279,0.294,0.319,23.7,23.8,18.39721,76.56784,ERA5,Asia/Kolkata,Open-Meteo Historical Weather API
MH-Latur,2014-02-05,23.7,31.9,16.1,0.0,0.0,0.0,43,5.09,0.276,0.291,0.318,24.1,24.0,18.39721,76.56784,ERA5,Asia/Kolkata,Open-Meteo Historical Weather API
MH-Latur,2014-02-06,24.1,32.8,16.3,0.0,0.0,0.0,47,5.41,0.273,0.291,0.319,24.6,24.3,18.39721,76.56784,ERA5,Asia/Kolkata,Open-Meteo Historical Weather API
MH-Latur,2014-02-07,24.5,32.5,17.2,0.0,0.0,0.0,45,5.47,0.272,0.29,0.319,24.9,24.6,18.39721,76.56784,ERA5,Asia/Kolkata,Open-Meteo Historical Weather API
MH-Latur,2014-02-08,24.4,32.2,16.5,0.0,0.0,0.0,46,5.08,0.271,0.289,0.317,25.4,24.9,18.39721,76.56784,ERA5,Asia/Kolkata,Open-Meteo Historical Weather API
MH-Latur,2014-02-09,23.4,31.2,17.5,0.0,0.0,0.0,42,5.46,0.272,0.289,0.317,25.0,24.9,18.39721,76.56784,ERA5,Asia/Kolkata,Open-Meteo Historical Weather API
MH-Latur,2014-02-10,22.5,30.7,15.8,0.0,0.0,0.0,40,5.24,0.277,0.29,0.318,24.3,24.4,18.39721,76.56784,ERA5,Asia/Kolkata,Open-Meteo Historical Weather API
MH-Latur,2014-02-11,22.0,29.7,14.8,0.0,0.0,0.0,42,4.91,0.278,0.292,0.32,23.7,23.9,18.39721,76.56784,ERA5,Asia/Kolkata,Open-Meteo Historical Weather API
MH-Latur,2014-02-12,23.0,31.1,15.9,0.0,0.0,0.0,47,5.18,0.276,0.292,0.32,23.9,23.7,18.39721,76.56784,ERA5,Asia/Kolkata,Open-Meteo Historical Weather API
MH-Latur,2014-02-13,24.4,30.2,19.3,0.0,0.0,0.0,47,5.52,0.276,0.293,0.321,24.9,24.3,18.39721,76.56784,ERA5,Asia/Kolkata,Open-Meteo Historical Weather API
MH-Latur,2014-02-14,23.4,29.5,17.8,0.0,0.0,0.0,47,5.51,0.274,0.29,0.319,25.1,24.6,18.39721,76.56784,ERA5,Asia/Kolkata,Open-Meteo Historical Weather API
MH-Latur,2014-02-15,22.4,28.9,16.6,0.0,0.0,0.0,43,5.43,0.272,0.287,0.317,24.3,24.2,18.39721,76.56784,ERA5,Asia/Kolkata,Open-Meteo Historical Weather API
MH-Latur,2014-02-16,21.2,27.5,15.9,0.0,0.0,0.0,44,5.32,0.268,0.283,0.313,23.8,24.1,18.39721,76.56784,ERA5,Asia/Kolkata,Open-Meteo Historical Weather API
MH-Latur,2014-02-17,20.6,27.2,14.3,0.0,0.0,0.0,43,5.52,0.267,0.281,0.311,22.9,23.4,18.39721,76.56784,ERA5,Asia/Kolkata,Open-Meteo Historical Weather API
MH-Latur,2014-02-18,21.4,28.9,14.0,0.0,0.0,0.0,37,5.47,0.267,0.281,0.311,23.2,23.2,18.39721,76.56784,ERA5,Asia/Kolkata,Open-Meteo Historical Weather API
MH-Latur,2014-02-19,23.3,31.0,14.7,0.0,0.0,0.0,45,5.19,0.269,0.284,0.312,24.2,23.7,18.39721,76.56784,ERA5,Asia/Kolkata,Open-Meteo Historical Weather API
MH-Latur,2014-02-20,25.5,31.7,18.5,0.0,0.0,0.0,48,5.12,0.27,0.286,0.314,25.9,25.0,18.39721,76.56784,ERA5,Asia/Kolkata,Open-Meteo Historical Weather API
MH-Latur,2014-02-21,26.2,30.5,22.3,0.0,0.0,0.0,51,4.51,0.267,0.285,0.312,27.2,26.0,18.39721,76.56784,ERA5,Asia/Kolkata,Open-Meteo Historical Weather API
MH-Latur,2014-02-22,26.2,31.3,22.2,0.0,0.0,0.0,52,4.73,0.265,0.283,0.311,27.6,26.4,18.39721,76.56784,ERA5,Asia/Kolkata,Open-Meteo Historical Weather API
MH-Latur,2014-02-23,25.9,32.7,21.5,0.7,0.7,1.0,55,4.96,0.264,0.283,0.31,27.5,26.7,18.39721,76.56784,ERA5,Asia/Kolkata,Open-Meteo Historical Weather API
MH-Latur,2014-02-24,25.6,31.9,20.0,0.0,0.0,0.0,55,5.49,0.263,0.284,0.31,27.2,26.5,18.39721,76.56784,ERA5,Asia/Kolkata,Open-Meteo Historical Weather API
MH-Latur,2014-02-25,26.2,32.3,20.8,0.0,0.0,0.0,43,6.26,0.26,0.284,0.311,27.7,26.8,18.39721,76.56784,ERA5,Asia/Kolkata,Open-Meteo Historical Weather API
MH-Latur,2014-02-26,25.5,33.3,19.9,0.5,0.5,1.0,49,5.77,0.261,0.284,0.31,27.4,26.8,18.39721,76.56784,ERA5,Asia/Kolkata,Open-Meteo Historical Weather API
MH-Latur,2014-02-27,24.0,31.7,19.2,13.0,13.0,14.0,70,4.66,0.334,0.283,0.309,26.6,26.6,18.39721,76.56784,ERA5,Asia/Kolkata,Open-Meteo Historical Weather API
MH-Latur,2014-02-28,23.6,29.7,18.8,2.9,2.9,4.0,66,4.79,0.427,0.291,0.308,25.9,25.8,18.39721,76.56784,ERA5,Asia/Kolkata,Open-Meteo Historical Weather API
MH-Latur,2014-03-01,22.8,29.0,18.7,0.0,0.0,0.0,45,5.26,0.385,0.294,0.307,24.8,25.1,18.39721,76.56784,ERA5,Asia/Kolkata,Open-Meteo Historical Weather API
MH-Latur,2014-03-02,22.1,28.8,15.2,0.0,0.0,0.0,46,5.73,0.355,0.292,0.305,23.8,24.2,18.39721,76.56784,ERA5,Asia/Kolkata,Open-Meteo Historical Weather API
MH-Latur,2014-03-03,21.6,27.1,17.7,16.5,16.5,10.0,74,3.67,0.362,0.292,0.303,24.0,24.1,18.39721,76.56784,ERA5,Asia/Kolkata,Open-Meteo Historical Weather API
MH-Latur,2014-03-04,21.0,25.8,17.6,16.0,16.0,12.0,79,3.76,0.472,0.385,0.304,23.6,23.9,18.39721,76.56784,ERA5,Asia/Kolkata,Open-Meteo Historical Weather API
MH-Latur,2014-03-05,21.2,26.6,17.9,1.8,1.8,9.0,79,3.79,0.438,0.398,0.306,23.0,23.5,18.39721,76.56784,ERA5,Asia/Kolkata,Open-Meteo Historical Weather API
MH-Latur,2014-03-06,21.6,26.4,17.9,7.7,7.7,9.0,80,3.81,0.459,0.402,0.306,23.5,23.5,18.39721,76.56784,ERA5,Asia/Kolkata,Open-Meteo Historical Weather API
MH-Latur,2014-03-07,22.3,27.9,18.5,1.1,1.1,5.0,76,3.93,0.445,0.407,0.305,23.8,23.6,18.39721,76.56784,ERA5,Asia/Kolkata,Open-Meteo Historical Weather API
MH-Latur,2014-03-08,21.8,27.0,18.3,27.4,27.4,15.0,81,3.96,0.462,0.419,0.306,23.9,23.8,18.39721,76.56784,ERA5,Asia/Kolkata,Open-Meteo Historical Weather API
MH-Latur,2014-03-09,21.3,27.3,17.9,9.5,9.5,12.0,81,3.88,0.492,0.473,0.316,23.4,23.7,18.39721,76.56784,ERA5,Asia/Kolkata,Open-Meteo Historical Weather API
MH-Latur,2014-03-10,21.7,27.8,16.9,3.5,3.5,5.0,80,4.17,0.482,0.468,0.321,23.5,23.7,18.39721,76.56784,ERA5,Asia/Kolkata,Open-Meteo Historical Weather API
MH-Latur,2014-03-11,24.5,31.2,18.5,0.1,0.1,1.0,67,4.89,0.461,0.458,0.323,24.6,23.9,18.39721,76.56784,ERA5,Asia/Kolkata,Open-Meteo Historical Weather API
MH-Latur,2014-03-12,24.7,30.1,21.4,0.7,0.7,2.0,64,4.4,0.436,0.443,0.323,25.1,24.4,18.39721,76.56784,ERA5,Asia/Kolkata,Open-Meteo Historical Weather API
MH-Latur,2014-03-13,24.6,30.7,19.5,0.0,0.0,0.0,68,4.93,0.418,0.429,0.321,25.4,24.6,18.39721,76.56784,ERA5,Asia/Kolkata,Open-Meteo Historical Weather API
MH-Latur,2014-03-14,25.6,32.0,19.2,0.0,0.0,0.0,59,5.13,0.401,0.415,0.319,25.9,25.0,18.39721,76.56784,ERA5,Asia/Kolkata,Open-Meteo Historical Weather API
MH-Latur,2014-03-15,26.0,32.0,20.4,0.0,0.0,0.0,57,4.92,0.38,0.403,0.318,25.9,25.2,18.39721,76.56784,ERA5,Asia/Kolkata,Open-Meteo Historical Weather API
MH-Latur,2014-03-16,26.2,32.5,20.4,0.0,0.0,0.0,58,5.01,0.363,0.392,0.318,26.3,25.5,18.39721,76.56784,ERA5,Asia/Kolkata,Open-Meteo Historical Weather API
MH-Latur,2014-03-17,26.7,33.1,20.4,0.0,0.0,0.0,57,5.0,0.347,0.383,0.317,26.7,25.7,18.39721,76.56784,ERA5,Asia/Kolkata,Open-Meteo Historical Weather API
MH-Latur,2014-03-18,27.1,32.2,22.1,0.0,0.0,0.0,54,4.81,0.332,0.373,0.316,27.1,26.1,18.39721,76.56784,ERA5,Asia/Kolkata,Open-Meteo Historical Weather API
MH-Latur,2014-03-19,27.4,33.1,22.7,0.0,0.0,0.0,53,5.28,0.319,0.363,0.314,27.5,26.5,18.39721,76.56784,ERA5,Asia/Kolkata,Open-Meteo Historical Weather API
MH-Latur,2014-03-20,27.9,34.6,21.9,0.0,0.0,0.0,49,5.5,0.306,0.352,0.312,27.9,27.0,18.39721,76.56784,ERA5,Asia/Kolkata,Open-Meteo Historical Weather API
MH-Latur,2014-03-21,27.7,34.9,21.8,0.0,0.0,0.0,46,6.04,0.296,0.344,0.311,28.3,27.3,18.39721,76.56784,ERA5,Asia/Kolkata,Open-Meteo Historical Weather API
MH-Latur,2014-03-22,27.2,34.4,20.1,0.0,0.0,0.0,34,6.74,0.287,0.335,0.311,28.1,27.5,18.39721,76.56784,ERA5,Asia/Kolkata,Open-Meteo Historical Weather API
MH-Latur,2014-03-23,27.9,35.4,19.3,0.0,0.0,0.0,36,6.48,0.28,0.327,0.31,28.2,27.4,18.39721,76.56784,ERA5,Asia/Kolkata,Open-Meteo Historical Weather API
MH-Latur,2014-03-24,29.6,35.4,25.2,0.0,0.0,0.0,38,6.38,0.276,0.323,0.311,29.3,28.4,18.39721,76.56784,ERA5,Asia/Kolkata,Open-Meteo Historical Weather API
MH-Latur,2014-03-25,28.6,34.9,22.9,0.0,0.0,0.0,42,6.23,0.272,0.32,0.312,30.0,28.8,18.39721,76.56784,ERA5,Asia/Kolkata,Open-Meteo Historical Weather API
MH-Latur,2014-03-26,29.7,36.1,23.6,0.0,0.0,0.0,43,6.03,0.272,0.318,0.314,30.6,29.2,18.39721,76.56784,ERA5,Asia/Kolkata,Open-Meteo Historical Weather API
MH-Latur,2014-03-27,29.6,36.4,24.6,0.0,0.0,0.0,40,5.97,0.271,0.315,0.315,30.5,29.6,18.39721,76.56784,ERA5,Asia/Kolkata,Open-Meteo Historical Weather API
MH-Latur,2014-03-28,29.7,37.1,22.7,0.0,0.0,0.0,37,6.35,0.27,0.312,0.316,30.3,29.4,18.39721,76.56784,ERA5,Asia/Kolkata,Open-Meteo Historical Weather API
MH-Latur,2014-03-29,30.0,36.8,24.3,0.0,0.0,0.0,38,6.51,0.269,0.311,0.317,30.8,29.7,18.39721,76.56784,ERA5,Asia/Kolkata,Open-Meteo Historical Weather API
MH-Latur,2014-03-30,29.7,37.0,22.8,0.0,0.0,0.0,39,6.38,0.269,0.311,0.32,30.8,30.0,18.39721,76.56784,ERA5,Asia/Kolkata,Open-Meteo Historical Weather API
MH-Latur,2014-03-31,30.4,37.4,24.2,0.0,0.0,0.0,36,6.07,0.269,0.308,0.32,31.1,30.3,18.39721,76.56784,ERA5,Asia/Kolkata,Open-Meteo Historical Weather API
MH-Latur,2014-04-01,29.3,36.1,24.1,0.0,0.0,0.0,37,6.91,0.268,0.308,0.321,30.7,30.3,18.39721,76.56784,ERA5,Asia/Kolkata,Open-Meteo Historical Weather API
MH-Latur,2014-04-02,28.4,35.4,23.3,0.0,0.0,0.0,34,7.0,0.267,0.305,0.321,29.9,29.7,18.39721,76.56784,ERA5,Asia/Kolkata,Open-Meteo Historical Weather API
MH-Latur,2014-04-03,28.5,36.2,21.5,0.0,0.0,0.0,33,7.02,0.266,0.302,0.32,29.8,29.4,18.39721,76.56784,ERA5,Asia/Kolkata,Open-Meteo Historical Weather API
MH-Latur,2014-04-04,30.0,37.3,23.0,0.0,0.0,0.0,33,7.08,0.265,0.298,0.319,30.6,29.7,18.39721,76.56784,ERA5,Asia/Kolkata,Open-Meteo Historical Weather API
MH-Latur,2014-04-05,30.1,37.3,22.9,0.0,0.0,0.0,34,6.73,0.263,0.295,0.317,31.0,30.0,18.39721,76.56784,ERA5,Asia/Kolkata,Open-Meteo Historical Weather API
MH-Latur,2014-04-06,31.7,38.5,26.3,0.0,0.0,0.0,32,6.99,0.261,0.292,0.316,32.0,30.7,18.39721,76.56784,ERA5,Asia/Kolkata,Open-Meteo Historical Weather API
MH-Latur,2014-04-07,31.4,38.5,25.8,0.0,0.0,0.0,31,6.39,0.258,0.289,0.314,32.3,31.1,18.39721,76.56784,ERA5,Asia/Kolkata,Open-Meteo Historical Weather API
MH-Latur,2014-04-08,30.1,36.0,26.0,0.7,0.7,2.0,39,6.55,0.261,0.29,0.314,32.0,31.3,18.39721,76.56784,ERA5,Asia/Kolkata,Open-Meteo Historical Weather API
MH-Latur,2014-04-09,28.7,36.0,24.2,1.1,1.1,1.0,43,5.82,0.279,0.3,0.322,30.7,30.8,18.39721,76.56784,ERA5,Asia/Kolkata,Open-Meteo Historical Weather API
MH-Latur,2014-04-10,28.5,35.3,22.4,0.0,0.0,0.0,43,6.17,0.294,0.303,0.325,30.1,30.0,18.39721,76.56784,ERA5,Asia/Kolkata,Open-Meteo Historical Weather API
MH-Latur,2014-04-11,29.6,36.5,23.6,0.0,0.0,0.0,32,7.27,0.284,0.298,0.323,30.6,29.9,18.39721,76.56784,ERA5,Asia/Kolkata,Open-Meteo Historical Weather API
MH-Latur,2014-04-12,29.8,36.8,23.0,0.0,0.0,0.0,26,7.26,0.277,0.295,0.321,30.8,30.2,18.39721,76.56784,ERA5,Asia/Kolkata,Open-Meteo Historical Weather API
MH-Latur,2014-04-13,29.6,37.5,22.0,0.0,0.0,0.0,32,6.84,0.272,0.294,0.321,30.8,30.2,18.39721,76.56784,ERA5,Asia/Kolkata,Open-Meteo Historical Weather API
MH-Latur,2014-04-14,29.8,37.7,22.0,0.0,0.0,0.0,38,6.5,0.269,0.296,0.323,31.5,30.6,18.39721,76.56784,ERA5,Asia/Kolkata,Open-Meteo Historical Weather API
MH-Latur,2014-04-15,30.1,36.9,25.3,0.4,0.4,1.0,51,6.08,0.27,0.298,0.325,31.8,31.0,18.39721,76.56784,ERA5,Asia/Kolkata,Open-Meteo Historical Weather API
MH-Latur,2014-04-16,31.2,37.2,25.8,0.0,0.0,0.0,45,6.01,0.273,0.296,0.325,32.4,31.2,18.39721,76.56784,ERA5,Asia/Kolkata,Open-Meteo Historical Weather API
MH-Latur,2014-04-17,31.2,37.7,25.8,0.0,0.0,0.0,43,6.54,0.268,0.294,0.323,32.5,31.5,18.39721,76.56784,ERA5,Asia/Kolkata,Open-Meteo Historical Weather API
MH-Latur,2014-04-18,29.2,35.9,24.6,2.1,2.1,3.0,54,5.63,0.265,0.292,0.323,31.8,31.4,18.39721,76.56784,ERA5,Asia/Kolkata,Open-Meteo Historical Weather API
MH-Latur,2014-04-19,29.5,37.2,23.7,0.0,0.0,0.0,50,6.28,0.268,0.286,0.317,31.8,31.2,18.39721,76.56784,ERA5,Asia/Kolkata,Open-Meteo Historical Weather API
MH-Latur,2014-04-20,28.6,35.8,22.3,1.7,1.7,4.0,53,5.53,0.276,0.284,0.315,31.2,30.9,18.39721,76.56784,ERA5,Asia/Kolkata,Open-Meteo Historical Weather API
MH-Latur,2014-04-21,28.8,37.4,22.9,1.5,1.5,3.0,52,5.56,0.29,0.283,0.314,31.1,30.8,18.39721,76.56784,ERA5,Asia/Kolkata,Open-Meteo Historical Weather API
MH-Latur,2014-04-22,30.3,36.1,24.1,0.5,0.5,1.0,50,5.43,0.293,0.285,0.314,31.7,30.9,18.39721,76.56784,ERA5,Asia/Kolkata,Open-Meteo Historical Weather API
MH-Latur,2014-04-23,31.2,36.2,25.3,0.0,0.0,0.0,47,5.39,0.284,0.282,0.311,32.6,31.5,18.39721,76.56784,ERA5,Asia/Kolkata,Open-Meteo Historical Weather API
MH-Latur,2014-04-24,31.7,37.4,26.0,0.2,0.2,1.0,45,5.1,0.279,0.282,0.31,32.8,31.9,18.39721,76.56784,ERA5,Asia/Kolkata,Open-Meteo Historical Weather API
MH-Latur,2014-04-25,32.4,38.5,26.8,0.0,0.0,0.0,42,6.15,0.274,0.282,0.309,33.7,32.3,18.39721,76.56784,ERA5,Asia/Kolkata,Open-Meteo Historical Weather API
MH-Latur,2014-04-26,33.0,40.0,25.6,0.0,0.0,0.0,35,7.01,0.265,0.276,0.305,34.4,32.9,18.39721,76.56784,ERA5,Asia/Kolkata,Open-Meteo Historical Weather API
MH-Latur,2014-04-27,33.2,39.5,26.9,0.0,0.0,0.0,39,7.48,0.26,0.272,0.3,34.9,33.4,18.39721,76.56784,ERA5,Asia/Kolkata,Open-Meteo Historical Weather API
MH-Latur,2014-04-28,33.3,40.6,26.1,0.0,0.0,0.0,40,7.34,0.258,0.274,0.3,35.1,33.8,18.39721,76.56784,ERA5,Asia/Kolkata,Open-Meteo Historical Weather API
MH-Latur,2014-04-29,33.2,40.6,27.8,0.0,0.0,0.0,38,7.28,0.255,0.275,0.299,35.2,34.0,18.39721,76.56784,ERA5,Asia/Kolkata,Open-Meteo Historical Weather API
MH-Latur,2014-04-30,33.0,39.7,28.2,0.0,0.0,0.0,37,6.87,0.255,0.279,0.304,34.8,33.8,18.39721,76.56784,ERA5,Asia/Kolkata,Open-Meteo Historical Weather API
MH-Latur,2014-05-01,33.4,40.2,27.2,0.0,0.0,0.0,33,7.51,0.255,0.28,0.305,35.0,33.8,18.39721,76.56784,ERA5,Asia/Kolkata,Open-Meteo Historical Weather API
MH-Latur,2014-05-02,33.6,40.2,27.2,0.0,0.0,0.0,30,7.83,0.253,0.277,0.302,35.4,34.0,18.39721,76.56784,ERA5,Asia/Kolkata,Open-Meteo Historical Weather API
MH-Latur,2014-05-03,32.4,38.6,26.2,0.0,0.0,0.0,32,6.64,0.256,0.28,0.303,35.1,34.2,18.39721,76.56784,ERA5,Asia/Kolkata,Open-Meteo Historical Weather API
MH-Latur,2014-05-04,30.5,37.3,22.9,0.2,0.2,1.0,42,6.4,0.265,0.285,0.306,33.5,33.8,18.39721,76.56784,ERA5,Asia/Kolkata,Open-Meteo Historical Weather API
MH-Latur,2014-05-05,31.0,37.2,26.4,2.2,2.2,3.0,43,6.05,0.278,0.282,0.304,33.5,33.3,18.39721,76.56784,ERA5,Asia/Kolkata,Open-Meteo Historical Weather API
MH-Latur,2014-05-06,30.4,36.2,24.7,1.1,1.1,1.0,47,5.87,0.289,0.278,0.299,32.8,32.6,18.39721,76.56784,ERA5,Asia/Kolkata,Open-Meteo Historical Weather API
MH-Latur,2014-05-07,31.1,37.4,26.1,0.2,0.2,2.0,47,6.55,0.286,0.275,0.296,33.3,32.5,18.39721,76.56784,ERA5,Asia/Kolkata,Open-Meteo Historical Weather API
MH-Latur,2014-05-08,27.7,34.8,22.1,6.1,6.1,11.0,64,4.92,0.299,0.278,0.3,31.6,32.5,18.39721,76.56784,ERA5,Asia/Kolkata,Open-Meteo Historical Weather API
MH-Latur,2014-05-09,25.0,29.9,21.7,7.4,7.4,10.0,70,3.42,0.399,0.282,0.302,27.8,30.1,18.39721,76.56784,ERA5,Asia/Kolkata,Open-Meteo Historical Weather API
MH-Latur,2014-05-10,30.0,36.8,21.2,0.0,0.0,0.0,43,7.3,0.372,0.282,0.297,30.3,29.4,18.39721,76.56784,ERA5,Asia/Kolkata,Open-Meteo Historical Weather API
MH-Latur,2014-05-11,31.2,37.5,24.9,0.0,0.0,0.0,28,8.25,0.328,0.273,0.288,32.3,30.9,18.39721,76.56784,ERA5,Asia/Kolkata,Open-Meteo Historical Weather API
MH-Latur,2014-05-12,32.2,38.1,25.6,0.0,0.0,0.0,32,7.35,0.295,0.268,0.279,33.1,31.5,18.39721,76.56784,ERA5,Asia/Kolkata,Open-Meteo Historical Weather API
MH-Latur,2014-05-13,32.8,39.0,27.0,0.0,0.0,0.0,28,7.67,0.275,0.267,0.274,34.4,32.6,18.39721,76.56784,ERA5,Asia/Kolkata,Open-Meteo Historical Weather API
MH-Latur,2014-05-14,31.7,37.9,27.1,0.0,0.0,0.0,33,6.98,0.267,0.267,0.274,33.8,33.0,18.39721,76.56784,ERA5,Asia/Kolkata,Open-Meteo Historical Weather API
MH-Latur,2014-05-15,31.2,36.6,26.4,0.0,0.0,0.0,36,6.77,0.262,0.267,0.276,33.6,32.7,18.39721,76.56784,ERA5,Asia/Kolkata,Open-Meteo Historical Weather API
MH-Latur,2014-05-16,31.9,37.3,27.3,0.0,0.0,0.0,37,6.45,0.256,0.266,0.276,33.8,32.9,18.39721,76.56784,ERA5,Asia/Kolkata,Open-Meteo Historical Weather API
MH-Latur,2014-05-17,31.6,36.5,27.2,0.0,0.0,0.0,38,5.45,0.256,0.265,0.278,33.5,32.8,18.39721,76.56784,ERA5,Asia/Kolkata,Open-Meteo Historical Weather API
MH-Latur,2014-05-18,32.5,40.0,27.2,0.5,0.5,1.0,38,7.11,0.254,0.265,0.279,34.3,33.1,18.39721,76.56784,ERA5,Asia/Kolkata,Open-Meteo Historical Weather API
MH-Latur,2014-05-19,33.6,40.2,28.7,0.0,0.0,0.0,35,7.53,0.252,0.264,0.28,35.1,33.8,18.39721,76.56784,ERA5,Asia/Kolkata,Open-Meteo Historical Weather API
MH-Latur,2014-05-20,31.5,38.9,26.4,1.4,1.4,1.0,42,5.47,0.264,0.265,0.289,34.5,34.3,18.39721,76.56784,ERA5,Asia/Kolkata,Open-Meteo Historical Weather API
MH-Latur,2014-05-21,32.9,39.4,27.6,0.0,0.0,0.0,40,6.78,0.271,0.265,0.289,34.8,33.8,18.39721,76.56784,ERA5,Asia/Kolkata,Open-Meteo Historical Weather API
MH-Latur,2014-05-22,33.3,39.0,27.2,0.0,0.0,0.0,32,8.07,0.263,0.264,0.288,34.8,34.0,18.39721,76.56784,ERA5,Asia/Kolkata,Open-Meteo Historical Weather API
MH-Latur,2014-05-23,33.7,40.5,27.5,0.0,0.0,0.0,29,8.16,0.258,0.264,0.287,35.0,34.1,18.39721,76.56784,ERA5,Asia/Kolkata,Open-Meteo Historical Weather API
MH-Latur,2014-05-24,34.1,40.3,28.4,0.0,0.0,0.0,27,8.21,0.252,0.264,0.284,35.4,34.3,18.39721,76.56784,ERA5,Asia/Kolkata,Open-Meteo Historical Weather API
MH-Latur,2014-05-25,34.6,41.2,29.0,0.0,0.0,0.0,26,8.77,0.247,0.263,0.281,36.1,34.6,18.39721,76.56784,ERA5,Asia/Kolkata,Open-Meteo Historical Weather API
MH-Latur,2014-05-26,33.2,39.2,29.3,0.0,0.0,0.0,32,7.51,0.247,0.264,0.283,36.0,35.2,18.39721,76.56784,ERA5,Asia/Kolkata,Open-Meteo Historical Weather API
MH-Latur,2014-05-27,32.6,39.1,28.5,0.0,0.0,0.0,40,7.08,0.255,0.264,0.291,35.8,35.2,18.39721,76.56784,ERA5,Asia/Kolkata,Open-Meteo Historical Weather API
MH-Latur,2014-05-28,32.6,39.7,25.8,0.0,0.0,0.0,40,7.72,0.263,0.265,0.299,34.9,34.8,18.39721,76.56784,ERA5,Asia/Kolkata,Open-Meteo Historical Weather API
MH-Latur,2014-05-29,33.3,39.6,28.0,0.0,0.0,0.0,36,7.12,0.263,0.267,0.304,35.4,34.7,18.39721,76.56784,ERA5,Asia/Kolkata,Open-Meteo Historical Weather API
MH-Latur,2014-05-30,33.6,39.4,29.1,0.0,0.0,0.0,40,7.57,0.261,0.267,0.305,35.8,34.9,18.39721,76.56784,ERA5,Asia/Kolkata,Open-Meteo Historical Weather API
MH-Latur,2014-05-31,33.9,39.9,27.5,0.0,0.0,0.0,35,7.94,0.259,0.267,0.305,35.7,35.1,18.39721,76.56784,ERA5,Asia/Kolkata,Open-Meteo Historical Weather API
MH-Latur,2014-06-01,34.4,40.7,28.4,0.0,0.0,0.0,32,7.88,0.255,0.266,0.301,36.2,35.1,18.39721,76.56784,ERA5,Asia/Kolkata,Open-Meteo Historical Weather API
MH-Latur,2014-06-02,34.0,40.1,29.0,1.0,1.0,2.0,37,7.93,0.258,0.267,0.305,36.5,35.6,18.39721,76.56784,ERA5,Asia/Kolkata,Open-Meteo Historical Weather API
MH-Latur,2014-06-03,30.6,36.2,26.7,0.0,0.0,0.0,52,6.05,0.276,0.271,0.314,33.7,34.8,18.39721,76.56784,ERA5,Asia/Kolkata,Open-Meteo Historical Weather API
MH-Latur,2014-06-04,32.4,38.9,26.6,0.0,0.0,0.0,47,6.98,0.273,0.273,0.316,34.3,34.0,18.39721,76.56784,ERA5,Asia/Kolkata,Open-Meteo Historical Weather API
MH-Latur,2014-06-05,33.3,40.1,27.5,0.0,0.0,0.0,45,7.18,0.264,0.273,0.315,34.9,34.2,18.39721,76.56784,ERA5,Asia/Kolkata,Open-Meteo Historical Weather API
MH-Latur,2014-06-06,33.8,40.5,27.6,0.1,0.1,1.0,46,7.39,0.26,0.272,0.312,35.6,34.6,18.39721,76.56784,ERA5,Asia/Kolkata,Open-Meteo Historical Weather API
MH-Latur,2014-06-07,32.9,39.8,27.3,0.4,0.4,2.0,44,7.75,0.264,0.273,0.313,35.6,34.9,18.39721,76.56784,ERA5,Asia/Kolkata,Open-Meteo Historical Weather API
MH-Latur,2014-06-08,33.1,39.2,27.4,0.2,0.2,1.0,43,7.73,0.276,0.273,0.313,35.5,34.8,18.39721,76.56784,ERA5,Asia/Kolkata,Open-Meteo Historical Weather API
MH-Latur,2014-06-09,30.8,36.7,26.7,4.6,4.6,4.0,60,6.77,0.281,0.272,0.31,34.4,34.6,18.39721,76.56784,ERA5,Asia/Kolkata,Open-Meteo Historical Weather API
MH-Latur,2014-06-10,30.9,37.6,25.8,0.2,0.2,1.0,54,6.89,0.31,0.27,0.307,33.3,33.3,18.39721,76.56784,ERA5,Asia/Kolkata,Open-Meteo Historical Weather API
MH-Latur,2014-06-11,31.1,36.9,25.5,0.4,0.4,3.0,51,7.71,0.293,0.268,0.305,33.5,33.3,18.39721,76.56784,ERA5,Asia/Kolkata,Open-Meteo Historical Weather API
MH-Latur,2014-06-12,31.3,36.8,25.6,0.0,0.0,0.0,50,7.44,0.282,0.266,0.302,33.8,33.3,18.39721,76.56784,ERA5,Asia/Kolkata,Open-Meteo Historical Weather API
MH-Latur,2014-06-13,30.6,36.4,26.4,2.0,2.0,6.0,54,6.98,0.285,0.266,0.3,33.6,33.3,18.39721,76.56784,ERA5,Asia/Kolkata,Open-Meteo Historical Weather API
MH-Latur,2014-06-14,29.2,35.2,24.4,1.3,1.3,4.0,58,6.44,0.291,0.266,0.3,32.1,32.6,18.39721,76.56784,ERA5,Asia/Kolkata,Open-Meteo Historical Weather API
MH-Latur,2014-06-15,29.2,34.8,25.0,2.5,2.5,3.0,58,6.14,0.293,0.266,0.297,31.7,32.1,18.39721,76.56784,ERA5,Asia/Kolkata,Open-Meteo Historical Weather API
MH-Latur,2014-06-16,29.4,34.7,24.2,0.0,0.0,0.0,59,6.2,0.296,0.265,0.295,31.5,31.5,18.39721,76.56784,ERA5,Asia/Kolkata,Open-Meteo Historical Weather API
MH-Latur,2014-06-17,29.7,34.8,24.8,0.0,0.0,0.0,54,6.79,0.284,0.264,0.292,31.8,31.6,18.39721,76.56784,ERA5,Asia/Kolkata,Open-Meteo Historical Weather API
MH-Latur,2014-06-18,29.0,33.7,24.5,0.0,0.0,0.0,56,5.98,0.28,0.264,0.293,31.3,31.6,18.39721,76.56784,ERA5,Asia/Kolkata,Open-Meteo Historical Weather API
MH-Latur,2014-06-19,27.5,32.5,23.9,4.4,4.4,7.0,66,4.24,0.288,0.264,0.291,30.1,31.0,18.39721,76.56784,ERA5,Asia/Kolkata,Open-Meteo Historical Weather API
MH-Latur,2014-06-20,27.4,31.9,22.9,6.6,6.6,6.0,67,4.99,0.392,0.267,0.29,28.8,29.6,18.39721,76.56784,ERA5,Asia/Kolkata,Open-Meteo Historical Weather API
MH-Latur,2014-06-21,28.1,32.5,24.3,0.2,0.2,1.0,61,4.91,0.369,0.271,0.288,28.9,29.3,18.39721,76.56784,ERA5,Asia/Kolkata,Open-Meteo Historical Weather API
MH-Latur,2014-06-22,29.5,34.3,25.2,0.0,0.0,0.0,52,6.49,0.342,0.271,0.285,30.0,29.5,18.39721,76.56784,ERA5,Asia/Kolkata,Open-Meteo Historical Weather API
MH-Latur,2014-06-23,29.6,36.7,24.0,0.0,0.0,0.0,53,7.48,0.318,0.27,0.284,30.8,30.0,18.39721,76.56784,ERA5,Asia/Kolkata,Open-Meteo Historical Weather API
MH-Latur,2014-06-24,29.8,36.9,23.7,0.0,0.0,0.0,50,8.19,0.299,0.27,0.282,31.5,30.7,18.39721,76.56784,ERA5,Asia/Kolkata,Open-Meteo Historical Weather API
MH-Latur,2014-06-25,29.9,36.6,23.7,0.0,0.0,0.0,50,7.75,0.287,0.27,0.283,31.8,31.1,18.39721,76.56784,ERA5,Asia/Kolkata,Open-Meteo Historical Weather API
MH-Latur,2014-06-26,29.8,35.6,24.1,0.0,0.0,0.0,49,7.05,0.279,0.27,0.283,32.2,31.6,18.39721,76.56784,ERA5,Asia/Kolkata,Open-Meteo Historical Weather API
MH-Latur,2014-06-27,30.4,36.9,25.5,0.0,0.0,0.0,46,6.72,0.275,0.271,0.287,32.6,32.1,18.39721,76.56784,ERA5,Asia/Kolkata,Open-Meteo Historical Weather API
MH-Latur,2014-06-28,29.3,33.0,26.1,0.5,0.5,3.0,52,3.92,0.276,0.271,0.285,30.9,31.6,18.39721,76.56784,ERA5,Asia/Kolkata,Open-Meteo Historical Weather API
MH-Latur,2014-06-29,30.2,35.4,26.0,0.0,0.0,0.0,44,5.19,0.273,0.27,0.282,31.2,30.8,18.39721,76.56784,ERA5,Asia/Kolkata,Open-Meteo Historical Weather API
MH-Latur,2014-06-30,31.5,37.2,25.5,0.0,0.0,0.0,42,7.26,0.265,0.27,0.279,33.0,31.5,18.39721,76.56784,ERA5,Asia/Kolkata,Open-Meteo Historical Weather API
MH-Latur,2014-07-01,31.1,36.9,25.6,0.0,0.0,0.0,45,7.43,0.258,0.269,0.277,33.5,32.4,18.39721,76.56784,ERA5,Asia/Kolkata,Open-Meteo Historical Weather API
MH-Latur,2014-07-02,30.4,36.4,25.3,0.0,0.0,0.0,48,7.66,0.256,0.269,0.277,33.1,32.6,18.39721,76.56784,ERA5,Asia/Kolkata,Open-Meteo Historical Weather API
MH-Latur,2014-07-03,28.8,35.1,24.1,2.2,2.2,2.0,55,6.51,0.259,0.268,0.276,32.0,32.2,18.39721,76.56784,ERA5,Asia/Kolkata,Open-Meteo Historical Weather API
MH-Latur,2014-07-04,29.1,34.8,24.3,0.0,0.0,0.0,56,6.0,0.269,0.269,0.279,31.7,31.6,18.39721,76.56784,ERA5,Asia/Kolkata,Open-Meteo Historical Weather API
MH-Latur,2014-07-05,30.3,35.9,25.0,0.0,0.0,0.0,49,6.25,0.265,0.269,0.279,32.3,31.8,18.39721,76.56784,ERA5,Asia/Kolkata,Open-Meteo Historical Weather API
MH-Latur,2014-07-06,29.3,34.1,25.8,0.5,0.5,1.0,56,5.69,0.263,0.269,0.282,32.5,32.2,18.39721,76.56784,ERA5,Asia/Kolkata,Open-Meteo Historical Weather API
MH-Latur,2014-07-07,28.2,35.0,23.8,12.9,12.9,8.0,66,4.68,0.302,0.271,0.287,31.4,31.8,18.39721,76.56784,ERA5,Asia/Kolkata,Open-Meteo Historical Weather API
MH-Latur,2014-07-08,25.9,29.1,23.5,3.8,3.8,13.0,74,3.19,0.415,0.296,0.285,28.3,30.1,18.39721,76.56784,ERA5,Asia/Kolkata,Open-Meteo Historical Weather API
MH-Latur,2014-07-09,24.5,26.8,22.4,35.2,35.2,24.0,85,1.57,0.483,0.367,0.283,26.2,28.1,18.39721,76.56784,ERA5,Asia/Kolkata,Open-Meteo Historical Weather API
MH-Latur,2014-07-10,25.4,30.8,22.5,10.2,10.2,8.0,78,3.71,0.487,0.431,0.285,26.6,27.2,18.39721,76.56784,ERA5,Asia/Kolkata,Open-Meteo Historical Weather API
MH-Latur,2014-07-11,24.7,29.1,22.3,6.6,6.6,6.0,77,3.69,0.47,0.436,0.287,26.2,27.2,18.39721,76.56784,ERA5,Asia/Kolkata,Open-Meteo Historical Weather API
MH-Latur,2014-07-12,25.5,30.1,22.2,7.9,7.9,11.0,78,3.53,0.461,0.43,0.287,26.2,26.8,18.39721,76.56784,ERA5,Asia/Kolkata,Open-Meteo Historical Weather API
MH-Latur,2014-07-13,26.2,31.5,22.7,8.2,8.2,11.0,76,3.51,0.467,0.426,0.286,26.6,26.8,18.39721,76.56784,ERA5,Asia/Kolkata,Open-Meteo Historical Weather API
MH-Latur,2014-07-14,25.8,30.2,22.8,3.4,3.4,12.0,78,2.83,0.479,0.436,0.286,26.3,26.7,18.39721,76.56784,ERA5,Asia/Kolkata,Open-Meteo Historical Weather API
MH-Latur,2014-07-15,24.3,27.1,22.6,6.6,6.6,21.0,84,2.18,0.484,0.442,0.287,25.3,26.2,18.39721,76.56784,ERA5,Asia/Kolkata,Open-Meteo Historical Weather API
MH-Latur,2014-07-16,24.6,27.6,22.7,0.5,0.5,3.0,81,2.75,0.475,0.449,0.289,25.2,25.7,18.39721,76.56784,ERA5,Asia/Kolkata,Open-Meteo Historical Weather API
MH-Latur,2014-07-17,25.4,29.3,23.2,1.1,1.1,2.0,77,3.97,0.451,0.441,0.29,25.9,26.0,18.39721,76.56784,ERA5,Asia/Kolkata,Open-Meteo Historical Weather API
MH-Latur,2014-07-18,25.9,30.1,22.8,0.6,0.6,4.0,76,3.99,0.438,0.431,0.291,26.4,26.4,18.39721,76.56784,ERA5,Asia/Kolkata,Open-Meteo Historical Weather API
MH-Latur,2014-07-19,25.8,29.0,23.5,4.5,4.5,12.0,76,3.53,0.444,0.423,0.291,26.2,26.3,18.39721,76.56784,ERA5,Asia/Kolkata,Open-Meteo Historical Weather API
MH-Latur,2014-07-20,25.5,28.3,22.8,3.7,3.7,12.0,76,3.23,0.465,0.423,0.29,25.8,26.0,18.39721,76.56784,ERA5,Asia/Kolkata,Open-Meteo Historical Weather API
MH-Latur,2014-07-21,25.5,28.2,23.6,1.1,1.1,7.0,76,3.34,0.446,0.421,0.291,25.8,26.0,18.39721,76.56784,ERA5,Asia/Kolkata,Open-Meteo Historical Weather API
MH-Latur,2014-07-22,23.3,24.9,22.4,17.7,17.7,22.0,88,1.35,0.488,0.435,0.291,24.0,25.2,18.39721,76.56784,ERA5,Asia/Kolkata,Open-Meteo Historical Weather API
MH-Latur,2014-07-23,22.9,24.7,21.7,13.7,13.7,17.0,88,1.89,0.507,0.489,0.297,23.6,24.4,18.39721,76.56784,ERA5,Asia/Kolkata,Open-Meteo Historical Weather API
MH-Latur,2014-07-24,24.9,29.3,21.3,0.8,0.8,4.0,78,3.86,0.48,0.477,0.304,24.9,24.7,18.39721,76.56784,ERA5,Asia/Kolkata,Open-Meteo Historical Weather API
MH-Latur,2014-07-25,25.5,30.8,21.6,0.9,0.9,4.0,76,4.48,0.459,0.46,0.306,25.9,25.4,18.39721,76.56784,ERA5,Asia/Kolkata,Open-Meteo Historical Weather API
MH-Latur,2014-07-26,26.1,31.6,22.5,1.1,1.1,6.0,75,4.72,0.445,0.446,0.305,26.6,26.0,18.39721,76.56784,ERA5,Asia/Kolkata,Open-Meteo Historical Weather API
MH-Latur,2014-07-27,24.4,28.0,22.4,8.3,8.3,13.0,81,3.06,0.451,0.436,0.306,25.5,25.9,18.39721,76.56784,ERA5,Asia/Kolkata,Open-Meteo Historical Weather API
MH-Latur,2014-07-28,23.6,25.8,22.3,15.2,15.2,22.0,87,1.7,0.503,0.466,0.308,24.1,25.1,18.39721,76.56784,ERA5,Asia/Kolkata,Open-Meteo Historical Weather API
MH-Latur,2014-07-29,23.8,26.2,22.4,14.2,14.2,22.0,85,2.32,0.505,0.493,0.315,24.0,24.5,18.39721,76.56784,ERA5,Asia/Kolkata,Open-Meteo Historical Weather API
MH-Latur,2014-07-30,23.6,25.8,22.3,37.2,37.2,17.0,86,1.76,0.503,0.505,0.34,23.9,24.3,18.39721,76.56784,ERA5,Asia/Kolkata,Open-Meteo Historical Weather API
MH-Latur,2014-07-31,24.9,28.9,22.7,11.3,11.3,16.0,85,2.57,0.495,0.489,0.36,24.8,24.5,18.39721,76.56784,ERA5,Asia/Kolkata,Open-Meteo Historical Weather API
MH-Latur,2014-08-01,25.4,29.3,22.1,26.6,26.6,13.0,80,3.39,0.499,0.506,0.392,25.3,24.9,18.39721,76.56784,ERA5,Asia/Kolkata,Open-Meteo Historical Weather API
MH-Latur,2014-08-02,25.8,29.2,22.2,0.0,0.0,0.0,74,4.23,0.476,0.484,0.402,25.8,25.4,18.39721,76.56784,ERA5,Asia/Kolkata,Open-Meteo Historical Weather API
MH-Latur,2014-08-03,25.9,30.3,22.3,0.9,0.9,2.0,73,4.37,0.461,0.469,0.403,25.9,25.5,18.39721,76.56784,ERA5,Asia/Kolkata,Open-Meteo Historical Weather API
MH-Latur,2014-08-04,24.9,27.5,23.0,4.1,4.1,13.0,81,2.74,0.464,0.46,0.402,25.3,25.4,18.39721,76.56784,ERA5,Asia/Kolkata,Open-Meteo Historical Weather API
MH-Latur,2014-08-05,23.7,26.6,22.2,12.5,12.5,22.0,88,2.11,0.496,0.47,0.402,24.2,24.7,18.39721,76.56784,ERA5,Asia/Kolkata,Open-Meteo Historical Weather API
MH-Latur,2014-08-06,24.9,28.5,22.4,3.1,3.1,6.0,80,3.78,0.488,0.483,0.404,25.0,24.7,18.39721,76.56784,ERA5,Asia/Kolkata,Open-Meteo Historical Weather API
MH-Latur,2014-08-07,25.4,30.1,22.3,0.9,0.9,4.0,78,4.18,0.473,0.473,0.405,25.5,25.2,18.39721,76.56784,ERA5,Asia/Kolkata,Open-Meteo Historical Weather API
MH-Latur,2014-08-08,25.2,29.5,21.9,0.6,0.6,3.0,78,3.85,0.458,0.462,0.404,25.6,25.3,18.39721,76.56784,ERA5,Asia/Kolkata,Open-Meteo Historical Weather API
MH-Latur,2014-08-09,25.8,31.0,21.8,0.8,0.8,2.0,77,4.34,0.446,0.453,0.402,26.0,25.4,18.39721,76.56784,ERA5,Asia/Kolkata,Open-Meteo Historical Weather API
MH-Latur,2014-08-10,25.8,29.5,22.7,0.7,0.7,3.0,77,3.56,0.436,0.443,0.399,25.9,25.6,18.39721,76.56784,ERA5,Asia/Kolkata,Open-Meteo Historical Weather API
MH-Latur,2014-08-11,25.8,29.1,22.9,0.9,0.9,6.0,77,3.65,0.434,0.435,0.397,26.2,25.6,18.39721,76.56784,ERA5,Asia/Kolkata,Open-Meteo Historical Weather API
MH-Latur,2014-08-12,26.2,29.6,22.6,0.8,0.8,5.0,74,4.66,0.424,0.425,0.393,26.4,25.7,18.39721,76.56784,ERA5,Asia/Kolkata,Open-Meteo Historical Weather API
MH-Latur,2014-08-13,26.0,29.9,22.2,0.8,0.8,5.0,74,4.14,0.414,0.416,0.39,26.3,25.8,18.39721,76.56784,ERA5,Asia/Kolkata,Open-Meteo Historical Weather API
MH-Latur,2014-08-14,26.1,30.9,22.0,0.3,0.3,3.0,74,4.11,0.403,0.406,0.387,26.1,25.8,18.39721,76.56784,ERA5,Asia/Kolkata,Open-Meteo Historical Weather API
MH-Latur,2014-08-15,26.2,31.4,22.7,0.3,0.3,3.0,74,4.27,0.393,0.397,0.382,26.4,25.9,18.39721,76.56784,ERA5,Asia/Kolkata,Open-Meteo Historical Weather API
MH-Latur,2014-08-16,25.7,30.1,21.9,0.6,0.6,4.0,75,3.99,0.385,0.389,0.379,26.0,25.8,18.39721,76.56784,ERA5,Asia/Kolkata,Open-Meteo Historical Weather API
MH-Latur,2014-08-17,25.8,30.0,22.3,0.8,0.8,4.0,75,3.88,0.377,0.381,0.376,26.3,25.8,18.39721,76.56784,ERA5,Asia/Kolkata,Open-Meteo Historical Weather API
MH-Latur,2014-08-18,26.4,30.4,23.7,0.3,0.3,2.0,75,3.95,0.369,0.373,0.372,27.1,26.2,18.39721,76.56784,ERA5,Asia/Kolkata,Open-Meteo Historical Weather API
MH-Latur,2014-08-19,27.3,32.8,23.6,5.4,5.4,6.0,74,4.58,0.361,0.363,0.367,28.0,26.9,18.39721,76.56784,ERA5,Asia/Kolkata,Open-Meteo Historical Weather API
MH-Latur,2014-08-20,27.2,33.0,22.3,10.4,10.4,8.0,77,4.61,0.431,0.359,0.363,28.4,27.5,18.39721,76.56784,ERA5,Asia/Kolkata,Open-Meteo Historical Weather API
MH-Latur,2014-08-21,26.4,31.0,23.5,2.6,2.6,5.0,81,3.29,0.451,0.363,0.36,27.9,27.6,18.39721,76.56784,ERA5,Asia/Kolkata,Open-Meteo Historical Weather API
MH-Latur,2014-08-22,25.1,30.5,22.3,11.1,11.1,14.0,86,3.02,0.483,0.398,0.358,26.8,27.1,18.39721,76.56784,ERA5,Asia/Kolkata,Open-Meteo Historical Weather API
MH-Latur,2014-08-23,26.3,30.9,22.0,1.8,1.8,5.0,79,4.22,0.46,0.415,0.357,27.2,26.8,18.39721,76.56784,ERA5,Asia/Kolkata,Open-Meteo Historical Weather API
MH-Latur,2014-08-24,26.3,31.5,23.1,2.6,2.6,3.0,77,4.66,0.433,0.41,0.355,27.7,27.1,18.39721,76.56784,ERA5,Asia/Kolkata,Open-Meteo Historical Weather API
MH-Latur,2014-08-25,25.8,30.3,22.7,7.4,7.4,7.0,83,3.51,0.445,0.406,0.354,27.5,27.3,18.39721,76.56784,ERA5,Asia/Kolkata,Open-Meteo Historical Weather API
MH-Latur,2014-08-26,24.7,28.4,22.2,16.3,16.3,15.0,86,2.87,0.483,0.431,0.356,26.6,26.9,18.39721,76.56784,ERA5,Asia/Kolkata,Open-Meteo Historical Weather API
MH-Latur,2014-08-27,23.7,26.7,21.9,10.8,10.8,15.0,85,1.87,0.497,0.473,0.357,24.9,25.8,18.39721,76.56784,ERA5,Asia/Kolkata,Open-Meteo Historical Weather API
MH-Latur,2014-08-28,22.9,25.1,21.4,8.3,8.3,16.0,90,1.3,0.508,0.499,0.364,23.8,24.8,18.39721,76.56784,ERA5,Asia/Kolkata,Open-Meteo Historical Weather API
MH-Latur,2014-08-29,23.4,26.2,22.2,26.3,26.3,15.0,92,1.29,0.503,0.501,0.383,24.0,24.4,18.39721,76.56784,ERA5,Asia/Kolkata,Open-Meteo Historical Weather API
MH-Latur,2014-08-30,23.7,25.6,22.2,43.0,43.0,24.0,92,1.06,0.509,0.512,0.426,24.2,24.3,18.39721,76.56784,ERA5,Asia/Kolkata,Open-Meteo Historical Weather API
MH-Latur,2014-08-31,23.8,25.9,22.6,31.1,31.1,24.0,92,1.27,0.508,0.514,0.465,24.2,24.3,18.39721,76.56784,ERA5,Asia/Kolkata,Open-Meteo Historical Weather API
MH-Latur,2014-09-01,23.3,25.8,21.9,13.2,13.2,23.0,88,1.84,0.509,0.513,0.489,23.6,24.0,18.39721,76.56784,ERA5,Asia/Kolkata,Open-Meteo Historical Weather API
MH-Latur,2014-09-02,24.3,27.2,21.6,0.9,0.9,4.0,83,2.77,0.494,0.501,0.49,24.2,24.1,18.39721,76.56784,ERA5,Asia/Kolkata,Open-Meteo Historical Weather API
MH-Latur,2014-09-03,25.0,28.5,21.7,0.8,0.8,4.0,79,4.08,0.478,0.486,0.487,25.1,24.6,18.39721,76.56784,ERA5,Asia/Kolkata,Open-Meteo Historical Weather API
MH-Latur,2014-09-04,25.4,28.9,22.2,0.4,0.4,3.0,78,4.29,0.466,0.475,0.484,25.6,25.1,18.39721,76.56784,ERA5,Asia/Kolkata,Open-Meteo Historical Weather API
MH-Latur,2014-09-05,24.8,29.2,22.6,7.0,7.0,10.0,81,3.64,0.469,0.468,0.48,25.4,25.2,18.39721,76.56784,ERA5,Asia/Kolkata,Open-Meteo Historical Weather API
MH-Latur,2014-09-06,24.6,27.8,22.2,4.7,4.7,16.0,81,2.72,0.483,0.472,0.478,24.9,24.9,18.39721,76.56784,ERA5,Asia/Kolkata,Open-Meteo Historical Weather API
MH-Latur,2014-09-07,23.1,24.3,22.2,7.1,7.1,15.0,86,1.5,0.491,0.477,0.476,23.5,24.3,18.39721,76.56784,ERA5,Asia/Kolkata,Open-Meteo Historical Weather API
MH-Latur,2014-09-08,23.4,26.8,21.2,4.4,4.4,13.0,81,3.15,0.495,0.492,0.476,23.6,23.7,18.39721,76.56784,ERA5,Asia/Kolkata,Open-Meteo Historical Weather API
MH-Latur,2014-09-09,24.8,27.8,22.0,1.4,1.4,5.0,77,3.66,0.478,0.485,0.476,24.7,24.1,18.39721,76.56784,ERA5,Asia/Kolkata,Open-Meteo Historical Weather API
MH-Latur,2014-09-10,24.8,28.1,22.0,0.7,0.7,4.0,77,3.47,0.47,0.477,0.475,24.9,24.4,18.39721,76.56784,ERA5,Asia/Kolkata,Open-Meteo Historical Weather API
MH-Latur,2014-09-11,24.9,28.3,21.7,0.9,0.9,5.0,78,3.43,0.469,0.47,0.473,25.1,24.6,18.39721,76.56784,ERA5,Asia/Kolkata,Open-Meteo Historical Weather API
MH-Latur,2014-09-12,25.2,29.5,21.5,0.0,0.0,0.0,77,4.06,0.46,0.464,0.471,25.4,24.9,18.39721,76.56784,ERA5,Asia/Kolkata,Open-Meteo Historical Weather API
MH-Latur,2014-09-13,25.6,29.8,22.4,0.3,0.3,2.0,77,3.5,0.448,0.457,0.469,25.7,25.1,18.39721,76.56784,ERA5,Asia/Kolkata,Open-Meteo Historical Weather API
MH-Latur,2014-09-14,25.2,28.8,22.3,4.2,4.2,2.0,81,3.73,0.442,0.449,0.466,25.9,25.3,18.39721,76.56784,ERA5,Asia/Kolkata,Open-Meteo Historical Weather API
MH-Latur,2014-09-15,25.1,29.2,22.5,4.7,4.7,7.0,82,3.74,0.458,0.445,0.464,25.8,25.4,18.39721,76.56784,ERA5,Asia/Kolkata,Open-Meteo Historical Weather API
MH-Latur,2014-09-16,25.0,30.4,22.5,3.7,3.7,6.0,81,3.96,0.467,0.446,0.461,25.7,25.4,18.39721,76.56784,ERA5,Asia/Kolkata,Open-Meteo Historical Weather API
MH-Latur,2014-09-17,25.0,29.3,22.1,0.2,0.2,1.0,80,4.0,0.454,0.444,0.459,25.7,25.4,18.39721,76.56784,ERA5,Asia/Kolkata,Open-Meteo Historical Weather API
MH-Latur,2014-09-18,25.4,28.2,22.8,0.4,0.4,3.0,79,4.08,0.438,0.438,0.457,26.0,25.5,18.39721,76.56784,ERA5,Asia/Kolkata,Open-Meteo Historical Weather API
MH-Latur,2014-09-19,25.7,29.7,22.9,3.3,3.3,3.0,79,3.73,0.43,0.43,0.455,26.0,25.6,18.39721,76.56784,ERA5,Asia/Kolkata,Open-Meteo Historical Weather API
MH-Latur,2014-09-20,25.0,28.0,22.9,0.3,0.3,1.0,81,3.56,0.425,0.426,0.452,25.8,25.6,18.39721,76.56784,ERA5,Asia/Kolkata,Open-Meteo Historical Weather API
MH-Latur,2014-09-21,25.2,29.2,22.3,0.4,0.4,2.0,78,4.35,0.414,0.419,0.45,26.1,25.7,18.39721,76.56784,ERA5,Asia/Kolkata,Open-Meteo Historical Weather API
MH-Latur,2014-09-22,25.8,30.5,22.0,0.0,0.0,0.0,73,4.59,0.399,0.411,0.447,26.3,25.8,18.39721,76.56784,ERA5,Asia/Kolkata,Open-Meteo Historical Weather API
MH-Latur,2014-09-23,26.1,30.7,22.6,0.2,0.2,2.0,74,4.52,0.385,0.401,0.443,26.6,25.9,18.39721,76.56784,ERA5,Asia/Kolkata,Open-Meteo Historical Weather API
MH-Latur,2014-09-24,25.9,31.1,22.7,0.2,0.2,1.0,77,4.62,0.373,0.393,0.44,26.8,26.1,18.39721,76.56784,ERA5,Asia/Kolkata,Open-Meteo Historical Weather API
MH-Latur,2014-09-25,26.3,31.6,22.6,0.0,0.0,0.0,72,4.82,0.361,0.386,0.436,26.9,26.3,18.39721,76.56784,ERA5,Asia/Kolkata,Open-Meteo Historical Weather API
MH-Latur,2014-09-26,25.7,32.0,20.4,0.0,0.0,0.0,63,5.52,0.346,0.377,0.431,26.4,26.0,18.39721,76.56784,ERA5,Asia/Kolkata,Open-Meteo Historical Weather API
MH-Latur,2014-09-27,25.9,32.3,19.6,0.0,0.0,0.0,65,5.28,0.331,0.367,0.426,26.4,25.8,18.39721,76.56784,ERA5,Asia/Kolkata,Open-Meteo Historical Weather API
MH-Latur,2014-09-28,26.2,31.8,21.9,0.0,0.0,0.0,70,4.72,0.318,0.357,0.42,26.8,26.2,18.39721,76.56784,ERA5,Asia/Kolkata,Open-Meteo Historical Weather API
MH-Latur,2014-09-29,26.0,32.2,21.0,0.0,0.0,0.0,69,4.87,0.308,0.349,0.414,26.7,26.2,18.39721,76.56784,ERA5,Asia/Kolkata,Open-Meteo Historical Weather API
MH-Latur,2014-09-30,25.9,31.3,20.9,0.0,0.0,0.0,66,4.83,0.299,0.34,0.407,26.6,26.3,18.39721,76.56784,ERA5,Asia/Kolkata,Open-Meteo Historical Weather API
MH-Latur,2014-10-01,26.0,32.1,20.5,0.0,0.0,0.0,62,4.96,0.291,0.331,0.401,26.7,26.3,18.39721,76.56784,ERA5,Asia/Kolkata,Open-Meteo Historical Weather API
MH-Latur,2014-10-02,26.6,33.3,21.3,0.0,0.0,0.0,60,5.2,0.282,0.323,0.395,27.1,26.6,18.39721,76.56784,ERA5,Asia/Kolkata,Open-Meteo Historical Weather API
MH-Latur,2014-10-03,27.6,33.6,23.0,0.0,0.0,0.0,56,4.56,0.274,0.314,0.388,27.5,26.8,18.39721,76.56784,ERA5,Asia/Kolkata,Open-Meteo Historical Weather API
MH-Latur,2014-10-04,27.5,33.8,22.0,0.0,0.0,0.0,57,4.93,0.266,0.304,0.38,28.0,27.3,18.39721,76.56784,ERA5,Asia/Kolkata,Open-Meteo Historical Weather API
MH-Latur,2014-10-05,27.3,34.5,22.2,0.3,0.3,1.0,63,5.12,0.263,0.297,0.373,28.4,27.8,18.39721,76.56784,ERA5,Asia/Kolkata,Open-Meteo Historical Weather API
MH-Latur,2014-10-06,27.3,33.7,22.9,0.4,0.4,1.0,59,5.18,0.261,0.294,0.369,28.6,28.0,18.39721,76.56784,ERA5,Asia/Kolkata,Open-Meteo Historical Weather API
MH-Latur,2014-10-07,26.3,32.2,22.4,0.9,0.9,1.0,65,4.48,0.26,0.292,0.366,28.4,28.1,18.39721,76.56784,ERA5,Asia/Kolkata,Open-Meteo Historical Weather API
MH-Latur,2014-10-08,25.3,29.6,22.5,3.1,3.1,6.0,76,3.9,0.272,0.294,0.367,28.1,27.9,18.39721,76.56784,ERA5,Asia/Kolkata,Open-Meteo Historical Weather API
MH-Latur,2014-10-09,26.1,32.0,22.0,1.4,1.4,6.0,73,4.0,0.292,0.291,0.363,28.0,27.6,18.39721,76.56784,ERA5,Asia/Kolkata,Open-Meteo Historical Weather API
MH-Latur,2014-10-10,27.1,32.8,22.3,0.7,0.7,3.0,69,4.63,0.292,0.288,0.36,28.5,27.8,18.39721,76.56784,ERA5,Asia/Kolkata,Open-Meteo Historical Weather API
MH-Latur,2014-10-11,28.1,33.8,23.2,0.0,0.0,0.0,56,5.77,0.283,0.284,0.354,28.9,28.2,18.39721,76.56784,ERA5,Asia/Kolkata,Open-Meteo Historical Weather API
MH-Latur,2014-10-12,27.0,33.6,20.5,0.0,0.0,0.0,43,6.91,0.274,0.279,0.347,27.9,27.8,18.39721,76.56784,ERA5,Asia/Kolkata,Open-Meteo Historical Weather API
MH-Latur,2014-10-13,27.3,34.1,21.8,0.0,0.0,0.0,45,6.53,0.267,0.276,0.34,28.3,27.8,18.39721,76.56784,ERA5,Asia/Kolkata,Open-Meteo Historical Weather API
MH-Latur,2014-10-14,28.2,35.7,21.4,0.0,0.0,0.0,47,5.39,0.261,0.274,0.335,29.2,28.2,18.39721,76.56784,ERA5,Asia/Kolkata,Open-Meteo Historical Weather API
MH-Latur,2014-10-15,28.5,33.1,25.4,0.1,0.1,1.0,57,4.75,0.256,0.274,0.332,29.8,28.9,18.39721,76.56784,ERA5,Asia/Kolkata,Open-Meteo Historical Weather API
MH-Latur,2014-10-16,27.9,33.2,24.7,0.1,0.1,1.0,63,3.97,0.257,0.271,0.329,29.6,28.9,18.39721,76.56784,ERA5,Asia/Kolkata,Open-Meteo Historical Weather API
MH-Latur,2014-10-17,27.1,33.0,23.2,2.1,2.1,4.0,66,3.97,0.264,0.27,0.326,29.4,28.7,18.39721,76.56784,ERA5,Asia/Kolkata,Open-Meteo Historical Weather API
MH-Latur,2014-10-18,26.6,32.2,22.2,1.9,1.9,7.0,71,3.84,0.283,0.269,0.32,29.1,28.5,18.39721,76.56784,ERA5,Asia/Kolkata,Open-Meteo Historical Weather API
MH-Latur,2014-10-19,27.4,33.8,22.3,0.0,0.0,0.0,57,4.73,0.281,0.269,0.313,29.0,28.3,18.39721,76.56784,ERA5,Asia/Kolkata,Open-Meteo Historical Weather API
MH-Latur,2014-10-20,27.4,33.3,21.6,0.0,0.0,0.0,53,5.13,0.273,0.269,0.308,28.9,28.4,18.39721,76.56784,ERA5,Asia/Kolkata,Open-Meteo Historical Weather API
MH-Latur,2014-10-21,26.9,32.8,21.1,0.0,0.0,0.0,54,4.91,0.269,0.269,0.305,28.4,28.3,18.39721,76.56784,ERA5,Asia/Kolkata,Open-Meteo Historical Weather API
MH-Latur,2014-10-22,26.9,32.2,21.8,0.0,0.0,0.0,56,4.93,0.269,0.27,0.307,28.4,28.2,18.39721,76.56784,ERA5,Asia/Kolkata,Open-Meteo Historical Weather API
MH-Latur,2014-10-23,26.1,33.1,19.3,0.0,0.0,0.0,49,5.6,0.268,0.271,0.308,27.8,28.0,18.39721,76.56784,ERA5,Asia/Kolkata,Open-Meteo Historical Weather API
MH-Latur,2014-10-24,26.1,32.0,20.3,0.0,0.0,0.0,48,5.15,0.268,0.273,0.31,27.5,27.7,18.39721,76.56784,ERA5,Asia/Kolkata,Open-Meteo Historical Weather API
MH-Latur,2014-10-25,22.4,25.3,19.0,11.6,11.6,13.0,75,1.45,0.303,0.273,0.311,24.8,26.9,18.39721,76.56784,ERA5,Asia/Kolkata,Open-Meteo Historical Weather API
MH-Latur,2014-10-26,19.6,22.1,18.1,13.5,13.5,16.0,88,1.22,0.473,0.304,0.311,21.9,24.2,18.39721,76.56784,ERA5,Asia/Kolkata,Open-Meteo Historical Weather API
MH-Latur,2014-10-27,21.3,25.1,17.9,0.0,0.0,0.0,81,1.98,0.432,0.333,0.312,22.3,23.3,18.39721,76.56784,ERA5,Asia/Kolkata,Open-Meteo Historical Weather API
MH-Latur,2014-10-28,22.8,29.5,17.1,0.0,0.0,0.0,67,4.36,0.399,0.331,0.308,23.8,23.8,18.39721,76.56784,ERA5,Asia/Kolkata,Open-Meteo Historical Weather API
MH-Latur,2014-10-29,23.2,30.5,16.3,0.0,0.0,0.0,60,4.87,0.368,0.322,0.303,24.1,24.2,18.39721,76.56784,ERA5,Asia/Kolkata,Open-Meteo Historical Weather API
MH-Latur,2014-10-30,23.9,31.3,17.5,0.0,0.0,0.0,52,5.22,0.34,0.31,0.295,24.2,24.2,18.39721,76.56784,ERA5,Asia/Kolkata,Open-Meteo Historical Weather API
MH-Latur,2014-10-31,24.2,32.0,16.9,0.0,0.0,0.0,52,5.37,0.315,0.294,0.288,24.8,24.6,18.39721,76.56784,ERA5,Asia/Kolkata,Open-Meteo Historical Weather API
MH-Latur,2014-11-01,24.2,31.2,18.6,0.0,0.0,0.0,52,5.25,0.301,0.289,0.286,24.9,25.0,18.39721,76.56784,ERA5,Asia/Kolkata,Open-Meteo Historical Weather API
MH-Latur,2014-11-02,25.0,33.3,17.1,0.0,0.0,0.0,52,5.37,0.289,0.284,0.284,25.5,25.4,18.39721,76.56784,ERA5,Asia/Kolkata,Open-Meteo Historical Weather API
MH-Latur,2014-11-03,25.0,33.2,17.4,0.0,0.0,0.0,51,5.39,0.28,0.28,0.282,26.0,26.0,18.39721,76.56784,ERA5,Asia/Kolkata,Open-Meteo Historical Weather API
MH-Latur,2014-11-04,25.2,33.6,17.6,0.0,0.0,0.0,45,5.4,0.275,0.278,0.281,26.2,26.2,18.39721,76.56784,ERA5,Asia/Kolkata,Open-Meteo Historical Weather API
MH-Latur,2014-11-05,25.3,32.9,18.2,0.0,0.0,0.0,45,5.3,0.271,0.277,0.28,26.3,26.3,18.39721,76.56784,ERA5,Asia/Kolkata,Open-Meteo Historical Weather API
MH-Latur,2014-11-06,25.5,33.4,18.2,0.0,0.0,0.0,45,5.57,0.271,0.278,0.281,26.6,26.5,18.39721,76.56784,ERA5,Asia/Kolkata,Open-Meteo Historical Weather API
MH-Latur,2014-11-07,25.1,32.5,17.5,0.0,0.0,0.0,45,5.38,0.272,0.28,0.283,26.6,26.7,18.39721,76.56784,ERA5,Asia/Kolkata,Open-Meteo Historical Weather API
MH-Latur,2014-11-08,24.0,32.2,16.8,0.0,0.0,0.0,46,5.54,0.272,0.282,0.285,25.7,26.3,18.39721,76.56784,ERA5,Asia/Kolkata,Open-Meteo Historical Weather API
MH-Latur,2014-11-09,24.6,31.3,17.3,0.0,0.0,0.0,49,5.26,0.271,0.286,0.288,25.8,25.9,18.39721,76.56784,ERA5,Asia/Kolkata,Open-Meteo Historical Weather API
MH-Latur,2014-11-10,24.6,31.1,20.2,9.7,9.7,13.0,73,3.33,0.291,0.282,0.286,26.5,26.2,18.39721,76.56784,ERA5,Asia/Kolkata,Open-Meteo Historical Weather API
MH-Latur,2014-11-11,26.2,31.9,21.4,0.0,0.0,0.0,63,4.51,0.338,0.277,0.281,27.5,26.4,18.39721,76.56784,ERA5,Asia/Kolkata,Open-Meteo Historical Weather API
MH-Latur,2014-11-12,26.1,32.3,20.7,0.0,0.0,0.0,63,4.25,0.316,0.272,0.277,27.3,26.6,18.39721,76.56784,ERA5,Asia/Kolkata,Open-Meteo Historical Weather API
MH-Latur,2014-11-13,25.5,30.6,21.3,0.0,0.0,0.0,67,4.17,0.305,0.272,0.277,27.3,26.8,18.39721,76.56784,ERA5,Asia/Kolkata,Open-Meteo Historical Weather API
MH-Latur,2014-11-14,23.6,25.9,21.1,5.9,5.9,11.0,81,2.06,0.327,0.272,0.276,25.4,26.1,18.39721,76.56784,ERA5,Asia/Kolkata,Open-Meteo Historical Weather API
MH-Latur,2014-11-15,23.7,28.9,20.6,5.3,5.3,8.0,81,3.01,0.372,0.276,0.278,25.8,25.6,18.39721,76.56784,ERA5,Asia/Kolkata,Open-Meteo Historical Weather API
MH-Latur,2014-11-16,24.6,30.6,20.2,5.0,5.0,7.0,78,3.6,0.387,0.285,0.277,26.5,25.9,18.39721,76.56784,ERA5,Asia/Kolkata,Open-Meteo Historical Weather API
MH-Latur,2014-11-17,25.1,30.8,21.4,2.4,2.4,4.0,75,3.62,0.394,0.289,0.275,26.9,26.3,18.39721,76.56784,ERA5,Asia/Kolkata,Open-Meteo Historical Weather API
MH-Latur,2014-11-18,25.6,31.0,21.6,0.0,0.0,0.0,70,3.76,0.372,0.288,0.272,26.9,26.4,18.39721,76.56784,ERA5,Asia/Kolkata,Open-Meteo Historical Weather API
MH-Latur,2014-11-19,24.8,30.0,20.9,0.0,0.0,0.0,63,3.94,0.354,0.286,0.27,26.2,26.3,18.39721,76.56784,ERA5,Asia/Kolkata,Open-Meteo Historical Weather API
MH-Latur,2014-11-20,23.5,30.7,17.2,0.0,0.0,0.0,54,4.55,0.334,0.285,0.271,25.2,25.8,18.39721,76.56784,ERA5,Asia/Kolkata,Open-Meteo Historical Weather API
MH-Latur,2014-11-21,23.2,30.4,16.5,0.0,0.0,0.0,50,4.61,0.318,0.285,0.272,24.5,25.1,18.39721,76.56784,ERA5,Asia/Kolkata,Open-Meteo Historical Weather API
MH-Latur,2014-11-22,23.4,30.9,16.2,0.0,0.0,0.0,53,4.31,0.306,0.286,0.272,24.9,25.1,18.39721,76.56784,ERA5,Asia/Kolkata,Open-Meteo Historical Weather API
MH-Latur,2014-11-23,24.2,29.5,18.8,0.0,0.0,0.0,54,3.84,0.298,0.287,0.274,25.3,25.5,18.39721,76.56784,ERA5,Asia/Kolkata,Open-Meteo Historical Weather API
MH-Latur,2014-11-24,24.2,30.3,20.1,0.0,0.0,0.0,53,4.65,0.294,0.29,0.277,25.8,25.9,18.39721,76.56784,ERA5,Asia/Kolkata,Open-Meteo Historical Weather API
MH-Latur,2014-11-25,22.7,30.2,16.2,0.0,0.0,0.0,51,4.62,0.287,0.289,0.277,24.7,25.4,18.39721,76.56784,ERA5,Asia/Kolkata,Open-Meteo Historical Weather API
MH-Latur,2014-11-26,22.2,30.6,14.1,0.0,0.0,0.0,46,4.71,0.282,0.288,0.277,23.9,24.7,18.39721,76.56784,ERA5,Asia/Kolkata,Open-Meteo Historical Weather API
MH-Latur,2014-11-27,22.2,30.7,14.0,0.0,0.0,0.0,50,4.54,0.281,0.289,0.28,23.8,24.4,18.39721,76.56784,ERA5,Asia/Kolkata,Open-Meteo Historical Weather API
MH-Latur,2014-11-28,22.3,31.0,15.1,0.0,0.0,0.0,52,4.36,0.28,0.291,0.281,23.8,24.4,18.39721,76.56784,ERA5,Asia/Kolkata,Open-Meteo Historical Weather API
MH-Latur,2014-11-29,22.5,30.8,14.7,0.0,0.0,0.0,49,4.6,0.278,0.291,0.283,23.8,24.3,18.39721,76.56784,ERA5,Asia/Kolkata,Open-Meteo Historical Weather API
MH-Latur,2014-11-30,22.3,30.5,15.4,0.0,0.0,0.0,46,4.73,0.276,0.29,0.284,23.6,24.3,18.39721,76.56784,ERA5,Asia/Kolkata,Open-Meteo Historical Weather API
MH-Latur,2014-12-01,22.4,30.5,15.0,0.0,0.0,0.0,45,4.68,0.274,0.289,0.284,23.3,24.0,18.39721,76.56784,ERA5,Asia/Kolkata,Open-Meteo Historical Weather API
MH-Latur,2014-12-02,22.2,30.4,14.4,0.0,0.0,0.0,51,4.54,0.273,0.287,0.284,23.6,24.1,18.39721,76.56784,ERA5,Asia/Kolkata,Open-Meteo Historical Weather API
MH-Latur,2014-12-03,22.2,30.6,14.3,0.0,0.0,0.0,53,4.51,0.272,0.286,0.283,23.7,24.2,18.39721,76.56784,ERA5,Asia/Kolkata,Open-Meteo Historical Weather API
MH-Latur,2014-12-04,22.6,30.5,16.2,0.0,0.0,0.0,54,4.44,0.274,0.291,0.288,24.0,24.1,18.39721,76.56784,ERA5,Asia/Kolkata,Open-Meteo Historical Weather API
MH-Latur,2014-12-05,21.7,30.1,14.0,0.0,0.0,0.0,50,4.57,0.274,0.292,0.29,23.1,23.8,18.39721,76.56784,ERA5,Asia/Kolkata,Open-Meteo Historical Weather API
MH-Latur,2014-12-06,21.5,30.1,13.3,0.0,0.0,0.0,48,4.64,0.273,0.291,0.29,22.8,23.5,18.39721,76.56784,ERA5,Asia/Kolkata,Open-Meteo Historical Weather API
MH-Latur,2014-12-07,21.4,30.7,14.0,0.0,0.0,0.0,49,4.36,0.273,0.29,0.29,22.8,23.4,18.39721,76.56784,ERA5,Asia/Kolkata,Open-Meteo Historical Weather API
MH-Latur,2014-12-08,22.2,31.4,14.8,0.0,0.0,0.0,51,4.22,0.273,0.29,0.291,23.4,23.6,18.39721,76.56784,ERA5,Asia/Kolkata,Open-Meteo Historical Weather API
MH-Latur,2014-12-09,23.2,31.8,15.6,0.0,0.0,0.0,54,4.19,0.275,0.291,0.292,24.2,24.1,18.39721,76.56784,ERA5,Asia/Kolkata,Open-Meteo Historical Weather API
MH-Latur,2014-12-10,24.2,31.6,17.6,0.0,0.0,0.0,58,4.29,0.274,0.291,0.293,25.2,24.7,18.39721,76.56784,ERA5,Asia/Kolkata,Open-Meteo Historical Weather API
MH-Latur,2014-12-11,24.0,29.5,19.4,0.0,0.0,0.0,62,3.79,0.272,0.292,0.296,25.3,25.1,18.39721,76.56784,ERA5,Asia/Kolkata,Open-Meteo Historical Weather API
MH-Latur,2014-12-12,21.7,27.0,19.4,6.0,6.0,6.0,82,1.85,0.293,0.288,0.292,23.8,24.5,18.39721,76.56784,ERA5,Asia/Kolkata,Open-Meteo Historical Weather API
MH-Latur,2014-12-13,22.3,26.1,19.2,1.1,1.1,6.0,76,2.49,0.348,0.287,0.291,23.3,23.5,18.39721,76.56784,ERA5,Asia/Kolkata,Open-Meteo Historical Weather API
MH-Latur,2014-12-14,23.6,29.1,19.7,0.0,0.0,0.0,68,3.43,0.338,0.286,0.291,24.3,23.8,18.39721,76.56784,ERA5,Asia/Kolkata,Open-Meteo Historical Weather API
MH-Latur,2014-12-15,21.2,26.0,17.9,0.3,0.3,3.0,74,2.27,0.337,0.286,0.291,22.9,23.6,18.39721,76.56784,ERA5,Asia/Kolkata,Open-Meteo Historical Weather API
MH-Latur,2014-12-16,20.2,26.7,15.2,0.0,0.0,0.0,59,3.6,0.327,0.284,0.289,21.8,22.7,18.39721,76.56784,ERA5,Asia/Kolkata,Open-Meteo Historical Weather API
MH-Latur,2014-12-17,18.4,25.0,13.6,0.0,0.0,0.0,52,4.08,0.319,0.287,0.291,20.8,22.2,18.39721,76.56784,ERA5,Asia/Kolkata,Open-Meteo Historical Weather API
MH-Latur,2014-12-18,18.1,26.5,10.1,0.0,0.0,0.0,46,4.22,0.308,0.285,0.29,19.9,21.1,18.39721,76.56784,ERA5,Asia/Kolkata,Open-Meteo Historical Weather API
MH-Latur,2014-12-19,19.3,27.9,11.9,0.0,0.0,0.0,53,4.09,0.298,0.282,0.288,20.6,21.2,18.39721,76.56784,ERA5,Asia/Kolkata,Open-Meteo Historical Weather API
MH-Latur,2014-12-20,18.8,27.5,11.7,0.0,0.0,0.0,48,4.11,0.29,0.28,0.286,20.6,21.2,18.39721,76.56784,ERA5,Asia/Kolkata,Open-Meteo Historical Weather API
MH-Latur,2014-12-21,19.6,28.2,12.9,0.0,0.0,0.0,42,4.09,0.284,0.277,0.284,21.2,21.6,18.39721,76.56784,ERA5,Asia/Kolkata,Open-Meteo Historical Weather API
MH-Latur,2014-12-22,19.5,29.1,11.4,0.0,0.0,0.0,44,4.29,0.279,0.276,0.282,20.9,21.5,18.39721,76.56784,ERA5,Asia/Kolkata,Open-Meteo Historical Weather API
MH-Latur,2014-12-23,20.1,29.1,11.5,0.0,0.0,0.0,53,4.08,0.277,0.276,0.282,21.5,21.7,18.39721,76.56784,ERA5,Asia/Kolkata,Open-Meteo Historical Weather API
MH-Latur,2014-12-24,21.0,29.4,13.0,0.0,0.0,0.0,54,4.12,0.276,0.279,0.284,22.2,22.1,18.39721,76.56784,ERA5,Asia/Kolkata,Open-Meteo Historical Weather API
MH-Latur,2014-12-25,21.0,29.1,14.8,0.0,0.0,0.0,51,4.25,0.274,0.279,0.285,22.5,22.6,18.39721,76.56784,ERA5,Asia/Kolkata,Open-Meteo Historical Weather API
MH-Latur,2014-12-26,19.7,27.3,13.2,0.0,0.0,0.0,48,4.27,0.273,0.281,0.286,21.5,22.2,18.39721,76.56784,ERA5,Asia/Kolkata,Open-Meteo Historical Weather API
MH-Latur,2014-12-27,18.6,26.0,12.7,0.0,0.0,0.0,51,3.98,0.271,0.281,0.286,20.7,21.7,18.39721,76.56784,ERA5,Asia/Kolkata,Open-Meteo Historical Weather API
MH-Latur,2014-12-28,18.3,26.5,11.5,0.0,0.0,0.0,46,4.12,0.27,0.28,0.286,20.3,21.2,18.39721,76.56784,ERA5,Asia/Kolkata,Open-Meteo Historical Weather API
MH-Latur,2014-12-29,19.7,28.9,11.8,0.0,0.0,0.0,49,4.07,0.27,0.279,0.285,21.0,21.1,18.39721,76.56784,ERA5,Asia/Kolkata,Open-Meteo Historical Weather API
MH-Latur,2014-12-30,22.2,30.9,14.3,0.0,0.0,0.0,54,4.05,0.27,0.283,0.288,22.6,22.0,18.39721,76.56784,ERA5,Asia/Kolkata,Open-Meteo Historical Weather API
MH-Latur,2014-12-31,23.9,29.1,20.1,0.8,0.8,5.0,63,3.63,0.274,0.288,0.292,24.4,23.3,18.39721,76.56784,ERA5,Asia/Kolkata,Open-Meteo Historical Weather API
MH-Latur,2015-01-01,21.5,25.8,18.5,1.5,1.5,8.0,77,2.13,0.294,0.293,0.296,23.0,23.2,18.39721,76.56784,ERA5,Asia/Kolkata,Open-Meteo Historical Weather API
MH-Latur,2015-01-02,21.5,26.2,17.8,0.7,0.7,4.0,75,2.67,0.303,0.296,0.299,22.8,22.8,18.39721,76.56784,ERA5,Asia/Kolkata,Open-Meteo Historical Weather API
MH-Latur,2015-01-03,20.8,24.4,18.0,0.5,0.5,5.0,84,2.15,0.308,0.298,0.302,22.6,22.6,18.39721,76.56784,ERA5,Asia/Kolkata,Open-Meteo Historical Weather API
MH-Latur,2015-01-04,20.7,25.2,18.1,0.6,0.6,3.0,81,2.17,0.312,0.299,0.303,21.9,22.3,18.39721,76.56784,ERA5,Asia/Kolkata,Open-Meteo Historical Weather API
MH-Latur,2015-01-05,20.9,26.5,16.1,0.0,0.0,0.0,71,3.39,0.31,0.299,0.303,22.2,22.1,18.39721,76.56784,ERA5,Asia/Kolkata,Open-Meteo Historical Weather API
MH-Latur,2015-01-06,20.5,27.5,15.1,0.0,0.0,0.0,64,3.76,0.301,0.296,0.303,22.2,22.5,18.39721,76.56784,ERA5,Asia/Kolkata,Open-Meteo Historical Weather API
MH-Latur,2015-01-07,21.6,29.3,15.6,0.0,0.0,0.0,53,4.02,0.293,0.292,0.3,22.4,22.5,18.39721,76.56784,ERA5,Asia/Kolkata,Open-Meteo Historical Weather API
MH-Latur,2015-01-08,19.9,27.7,13.8,0.0,0.0,0.0,44,4.43,0.287,0.289,0.298,21.7,22.4,18.39721,76.56784,ERA5,Asia/Kolkata,Open-Meteo Historical Weather API
MH-Latur,2015-01-09,18.6,27.1,11.3,0.0,0.0,0.0,38,4.64,0.281,0.284,0.295,20.5,21.6,18.39721,76.56784,ERA5,Asia/Kolkata,Open-Meteo Historical Weather API
MH-Latur,2015-01-10,18.4,28.1,10.7,0.0,0.0,0.0,41,4.54,0.277,0.28,0.292,19.9,20.9,18.39721,76.56784,ERA5,Asia/Kolkata,Open-Meteo Historical Weather API
MH-Latur,2015-01-11,18.8,28.5,11.0,0.0,0.0,0.0,41,4.72,0.274,0.277,0.29,20.1,20.8,18.39721,76.56784,ERA5,Asia/Kolkata,Open-Meteo Historical Weather API
MH-Latur,2015-01-12,19.2,29.0,10.6,0.0,0.0,0.0,40,4.6,0.273,0.277,0.29,20.0,20.8,18.39721,76.56784,ERA5,Asia/Kolkata,Open-Meteo Historical Weather API
MH-Latur,2015-01-13,19.5,29.2,11.8,0.0,0.0,0.0,40,4.61,0.271,0.275,0.287,20.5,20.9,18.39721,76.56784,ERA5,Asia/Kolkata,Open-Meteo Historical Weather API
MH-Latur,2015-01-14,20.4,29.8,12.4,0.0,0.0,0.0,39,4.47,0.272,0.274,0.286,21.1,21.2,18.39721,76.56784,ERA5,Asia/Kolkata,Open-Meteo Historical Weather API
MH-Latur,2015-01-15,20.0,28.6,12.5,0.0,0.0,0.0,46,4.48,0.275,0.278,0.287,21.3,21.6,18.39721,76.56784,ERA5,Asia/Kolkata,Open-Meteo Historical Weather API
MH-Latur,2015-01-16,21.0,29.1,14.3,0.0,0.0,0.0,47,4.4,0.278,0.283,0.291,22.1,22.1,18.39721,76.56784,ERA5,Asia/Kolkata,Open-Meteo Historical Weather API
MH-Latur,2015-01-17,20.0,28.8,12.7,0.0,0.0,0.0,44,4.43,0.278,0.287,0.295,21.4,22.0,18.39721,76.56784,ERA5,Asia/Kolkata,Open-Meteo Historical Weather API
MH-Latur,2015-01-18,20.8,29.2,13.0,0.0,0.0,0.0,45,4.24,0.276,0.288,0.296,21.8,22.0,18.39721,76.56784,ERA5,Asia/Kolkata,Open-Meteo Historical Weather API
MH-Latur,2015-01-19,21.5,29.0,15.2,0.0,0.0,0.0,47,4.65,0.273,0.288,0.296,22.4,22.3,18.39721,76.56784,ERA5,Asia/Kolkata,Open-Meteo Historical Weather API
MH-Latur,2015-01-20,22.4,28.5,17.9,0.0,0.0,0.0,54,4.1,0.274,0.291,0.299,23.1,22.9,18.39721,76.56784,ERA5,Asia/Kolkata,Open-Meteo Historical Weather API
MH-Latur,2015-01-21,22.5,27.7,19.0,0.0,0.0,0.0,59,3.57,0.276,0.295,0.303,23.3,23.3,18.39721,76.56784,ERA5,Asia/Kolkata,Open-Meteo Historical Weather API
MH-Latur,2015-01-22,23.1,28.2,18.9,0.0,0.0,0.0,56,4.34,0.275,0.295,0.304,23.8,23.3,18.39721,76.56784,ERA5,Asia/Kolkata,Open-Meteo Historical Weather API
MH-Latur,2015-01-23,23.3,29.1,18.7,0.0,0.0,0.0,54,3.94,0.274,0.295,0.304,24.2,23.7,18.39721,76.56784,ERA5,Asia/Kolkata,Open-Meteo Historical Weather API
MH-Latur,2015-01-24,23.7,29.5,19.3,0.0,0.0,0.0,52,3.85,0.275,0.298,0.308,24.1,23.9,18.39721,76.56784,ERA5,Asia/Kolkata,Open-Meteo Historical Weather API
MH-Latur,2015-01-25,23.7,29.9,18.9,0.0,0.0,0.0,44,5.12,0.274,0.299,0.309,24.4,23.9,18.39721,76.56784,ERA5,Asia/Kolkata,Open-Meteo Historical Weather API
MH-Latur,2015-01-26,22.8,28.7,17.0,0.0,0.0,0.0,41,4.77,0.271,0.298,0.309,24.1,23.8,18.39721,76.56784,ERA5,Asia/Kolkata,Open-Meteo Historical Weather API
MH-Latur,2015-01-27,22.8,30.1,18.1,0.0,0.0,0.0,46,5.02,0.269,0.296,0.308,24.1,23.8,18.39721,76.56784,ERA5,Asia/Kolkata,Open-Meteo Historical Weather API
MH-Latur,2015-01-28,22.5,29.9,16.9,0.0,0.0,0.0,46,5.01,0.268,0.297,0.31,24.0,23.8,18.39721,76.56784,ERA5,Asia/Kolkata,Open-Meteo Historical Weather API
MH-Latur,2015-01-29,22.7,30.0,16.4,0.0,0.0,0.0,50,4.46,0.268,0.3,0.313,24.0,23.7,18.39721,76.56784,ERA5,Asia/Kolkata,Open-Meteo Historical Weather API
MH-Latur,2015-01-30,22.8,29.1,17.8,0.0,0.0,0.0,56,4.27,0.268,0.302,0.316,24.0,24.0,18.39721,76.56784,ERA5,Asia/Kolkata,Open-Meteo Historical Weather API
MH-Latur,2015-01-31,21.9,29.3,16.0,0.0,0.0,0.0,56,4.52,0.269,0.303,0.318,23.7,24.0,18.39721,76.56784,ERA5,Asia/Kolkata,Open-Meteo Historical Weather API
MH-Latur,2015-02-01,22.6,30.5,15.8,0.0,0.0,0.0,50,4.58,0.269,0.303,0.318,23.8,23.7,18.39721,76.56784,ERA5,Asia/Kolkata,Open-Meteo Historical Weather API
MH-Latur,2015-02-02,23.8,31.0,17.7,0.0,0.0,0.0,51,5.17,0.27,0.303,0.319,24.5,24.1,18.39721,76.56784,ERA5,Asia/Kolkata,Open-Meteo Historical Weather API
MH-Latur,2015-02-03,23.3,30.2,18.2,0.0,0.0,0.0,53,4.97,0.27,0.304,0.322,24.6,24.4,18.39721,76.56784,ERA5,Asia/Kolkata,Open-Meteo Historical Weather API
MH-Latur,2015-02-04,23.2,31.2,16.6,0.0,0.0,0.0,45,5.36,0.269,0.304,0.322,24.2,24.1,18.39721,76.56784,ERA5,Asia/Kolkata,Open-Meteo Historical Weather API
MH-Latur,2015-02-05,23.3,31.4,16.9,0.0,0.0,0.0,43,5.19,0.268,0.303,0.323,24.1,24.0,18.39721,76.56784,ERA5,Asia/Kolkata,Open-Meteo Historical Weather API
MH-Latur,2015-02-06,23.1,30.4,17.2,0.0,0.0,0.0,39,5.26,0.269,0.302,0.323,24.0,24.0,18.39721,76.56784,ERA5,Asia/Kolkata,Open-Meteo Historical Weather API
MH-Latur,2015-02-07,23.5,30.8,17.5,0.0,0.0,0.0,32,6.22,0.268,0.3,0.322,24.0,23.8,18.39721,76.56784,ERA5,Asia/Kolkata,Open-Meteo Historical Weather API
MH-Latur,2015-02-08,24.4,31.3,19.4,0.0,0.0,0.0,38,5.75,0.263,0.295,0.319,25.0,24.2,18.39721,76.56784,ERA5,Asia/Kolkata,Open-Meteo Historical Weather API
MH-Latur,2015-02-09,24.1,30.7,18.3,0.0,0.0,0.0,44,4.95,0.26,0.294,0.319,25.1,24.5,18.39721,76.56784,ERA5,Asia/Kolkata,Open-Meteo Historical Weather API
MH-Latur,2015-02-10,24.2,30.8,19.0,0.0,0.0,0.0,46,5.45,0.26,0.295,0.32,25.6,24.9,18.39721,76.56784,ERA5,Asia/Kolkata,Open-Meteo Historical Weather API
MH-Latur,2015-02-11,23.7,30.3,17.7,0.0,0.0,0.0,49,4.91,0.262,0.298,0.322,25.2,24.9,18.39721,76.56784,ERA5,Asia/Kolkata,Open-Meteo Historical Weather API
MH-Latur,2015-02-12,24.5,31.1,18.7,0.0,0.0,0.0,47,4.7,0.263,0.298,0.323,25.6,25.0,18.39721,76.56784,ERA5,Asia/Kolkata,Open-Meteo Historical Weather API
MH-Latur,2015-02-13,24.7,31.9,18.3,0.0,0.0,0.0,48,5.26,0.261,0.296,0.322,25.9,25.3,18.39721,76.56784,ERA5,Asia/Kolkata,Open-Meteo Historical Weather API
MH-Latur,2015-02-14,24.2,32.2,17.2,0.0,0.0,0.0,42,5.43,0.261,0.294,0.32,25.5,25.4,18.39721,76.56784,ERA5,Asia/Kolkata,Open-Meteo Historical Weather API
MH-Latur,2015-02-15,25.3,33.2,19.5,0.0,0.0,0.0,37,5.45,0.26,0.29,0.318,25.7,25.2,18.39721,76.56784,ERA5,Asia/Kolkata,Open-Meteo Historical Weather API
MH-Latur,2015-02-16,25.0,34.4,17.4,0.0,0.0,0.0,35,5.71,0.258,0.288,0.316,25.8,25.5,18.39721,76.56784,ERA5,Asia/Kolkata,Open-Meteo Historical Weather API
MH-Latur,2015-02-17,26.1,35.0,16.7,0.0,0.0,0.0,32,5.59,0.259,0.287,0.315,25.9,25.5,18.39721,76.56784,ERA5,Asia/Kolkata,Open-Meteo Historical Weather API
MH-Latur,2015-02-18,25.3,34.1,16.8,0.0,0.0,0.0,34,5.89,0.261,0.287,0.315,26.4,25.7,18.39721,76.56784,ERA5,Asia/Kolkata,Open-Meteo Historical Weather API
MH-Latur,2015-02-19,25.9,33.9,17.7,0.0,0.0,0.0,35,5.4,0.259,0.288,0.316,26.4,25.8,18.39721,76.56784,ERA5,Asia/Kolkata,Open-Meteo Historical Weather API
MH-Latur,2015-02-20,25.7,32.7,18.4,0.0,0.0,0.0,38,5.06,0.26,0.291,0.318,26.1,25.8,18.39721,76.56784,ERA5,Asia/Kolkata,Open-Meteo Historical Weather API
MH-Latur,2015-02-21,25.2,33.1,18.0,0.0,0.0,0.0,45,5.58,0.262,0.294,0.32,26.3,25.9,18.39721,76.56784,ERA5,Asia/Kolkata,Open-Meteo Historical Weather API
MH-Latur,2015-02-22,25.7,33.8,18.6,0.0,0.0,0.0,42,5.94,0.261,0.291,0.318,26.6,26.0,18.39721,76.56784,ERA5,Asia/Kolkata,Open-Meteo Historical Weather API
MH-Latur,2015-02-23,25.9,34.0,18.3,0.0,0.0,0.0,37,6.26,0.261,0.29,0.318,26.9,26.3,18.39721,76.56784,ERA5,Asia/Kolkata,Open-Meteo Historical Weather API
MH-Latur,2015-02-24,26.5,34.5,19.6,0.0,0.0,0.0,36,6.43,0.261,0.29,0.317,27.3,26.5,18.39721,76.56784,ERA5,Asia/Kolkata,Open-Meteo Historical Weather API
MH-Latur,2015-02-25,26.7,33.3,21.2,0.0,0.0,0.0,31,6.93,0.259,0.288,0.316,27.7,26.7,18.39721,76.56784,ERA5,Asia/Kolkata,Open-Meteo Historical Weather API
MH-Latur,2015-02-26,26.5,34.0,19.8,0.0,0.0,0.0,34,6.26,0.26,0.288,0.316,27.9,26.9,18.39721,76.56784,ERA5,Asia/Kolkata,Open-Meteo Historical Weather API
MH-Latur,2015-02-27,26.4,33.0,20.7,0.0,0.0,0.0,40,5.64,0.261,0.29,0.317,27.9,27.2,18.39721,76.56784,ERA5,Asia/Kolkata,Open-Meteo Historical Weather API
MH-Latur,2015-02-28,25.1,29.6,21.1,0.0,0.0,0.0,42,4.89,0.262,0.292,0.318,26.8,26.9,18.39721,76.56784,ERA5,Asia/Kolkata,Open-Meteo Historical Weather API
MH-Latur,2015-03-01,19.0,22.6,15.6,7.5,7.5,13.0,83,2.32,0.302,0.296,0.322,23.0,25.2,18.39721,76.56784,ERA5,Asia/Kolkata,Open-Meteo Historical Weather API
MH-Latur,2015-03-02,22.9,28.4,18.7,0.7,0.7,5.0,68,4.23,0.357,0.295,0.321,24.1,24.0,18.39721,76.56784,ERA5,Asia/Kolkata,Open-Meteo Historical Weather API
MH-Latur,2015-03-03,22.6,29.3,17.1,0.0,0.0,0.0,49,5.64,0.339,0.292,0.318,24.6,24.1,18.39721,76.56784,ERA5,Asia/Kolkata,Open-Meteo Historical Weather API
MH-Latur,2015-03-04,22.0,29.0,14.6,0.0,0.0,0.0,47,5.22,0.321,0.291,0.317,24.0,23.8,18.39721,76.56784,ERA5,Asia/Kolkata,Open-Meteo Historical Weather API
MH-Latur,2015-03-05,25.0,33.0,16.5,0.0,0.0,0.0,46,5.57,0.305,0.287,0.314,25.5,24.3,18.39721,76.56784,ERA5,Asia/Kolkata,Open-Meteo Historical Weather API
MH-Latur,2015-03-06,26.6,33.8,20.7,0.0,0.0,0.0,45,5.31,0.291,0.282,0.309,27.5,26.0,18.39721,76.56784,ERA5,Asia/Kolkata,Open-Meteo Historical Weather API
MH-Latur,2015-03-07,26.9,34.5,19.5,0.0,0.0,0.0,38,5.58,0.28,0.279,0.305,28.1,26.9,18.39721,76.56784,ERA5,Asia/Kolkata,Open-Meteo Historical Weather API
MH-Latur,2015-03-08,27.0,34.2,19.9,0.2,0.2,1.0,41,5.59,0.273,0.276,0.301,28.3,27.2,18.39721,76.56784,ERA5,Asia/Kolkata,Open-Meteo Historical Weather API
MH-Latur,2015-03-09,24.9,31.0,19.2,6.3,6.3,11.0,68,4.64,0.307,0.273,0.299,27.6,27.3,18.39721,76.56784,ERA5,Asia/Kolkata,Open-Meteo Historical Weather API
MH-Latur,2015-03-10,24.1,30.2,19.4,10.2,10.2,8.0,71,4.21,0.403,0.275,0.297,26.7,26.7,18.39721,76.56784,ERA5,Asia/Kolkata,Open-Meteo Historical Weather API
MH-Latur,2015-03-11,25.6,31.8,18.9,7.3,7.3,5.0,64,4.98,0.438,0.286,0.291,27.2,26.2,18.39721,76.56784,ERA5,Asia/Kolkata,Open-Meteo Historical Weather API
MH-Latur,2015-03-12,26.0,32.1,19.2,0.0,0.0,0.0,57,5.45,0.392,0.293,0.29,27.2,26.3,18.39721,76.56784,ERA5,Asia/Kolkata,Open-Meteo Historical Weather API
MH-Latur,2015-03-13,26.9,33.9,20.6,0.0,0.0,0.0,45,5.81,0.358,0.293,0.289,27.5,26.6,18.39721,76.56784,ERA5,Asia/Kolkata,Open-Meteo Historical Weather API
MH-Latur,2015-03-14,26.7,33.0,19.5,0.0,0.0,0.0,44,6.4,0.335,0.295,0.291,27.5,26.8,18.39721,76.56784,ERA5,Asia/Kolkata,Open-Meteo Historical Weather API
MH-Latur,2015-03-15,26.8,32.9,20.6,0.6,0.6,2.0,45,5.74,0.314,0.293,0.29,27.9,26.9,18.39721,76.56784,ERA5,Asia/Kolkata,Open-Meteo Historical Weather API
MH-Latur,2015-03-16,26.6,32.2,21.7,0.1,0.1,1.0,57,4.52,0.302,0.29,0.288,28.2,27.3,18.39721,76.56784,ERA5,Asia/Kolkata,Open-Meteo Historical Weather API
MH-Latur,2015-03-17,28.0,34.4,22.0,0.0,0.0,0.0,48,5.61,0.294,0.29,0.289,29.2,27.8,18.39721,76.56784,ERA5,Asia/Kolkata,Open-Meteo Historical Weather API
MH-Latur,2015-03-18,28.4,33.8,22.6,0.0,0.0,0.0,43,5.71,0.284,0.289,0.289,29.9,28.7,18.39721,76.56784,ERA5,Asia/Kolkata,Open-Meteo Historical Weather API
MH-Latur,2015-03-19,29.0,35.1,22.6,0.0,0.0,0.0,43,6.07,0.279,0.29,0.29,30.3,29.0,18.39721,76.56784,ERA5,Asia/Kolkata,Open-Meteo Historical Weather API
MH-Latur,2015-03-20,29.4,36.2,22.4,0.0,0.0,0.0,40,6.2,0.275,0.292,0.291,30.5,29.4,18.39721,76.56784,ERA5,Asia/Kolkata,Open-Meteo Historical Weather API
MH-Latur,2015-03-21,29.8,37.0,23.1,0.0,0.0,0.0,37,6.85,0.268,0.292,0.292,31.0,29.7,18.39721,76.56784,ERA5,Asia/Kolkata,Open-Meteo Historical Weather API
MH-Latur,2015-03-22,30.1,37.8,22.6,0.0,0.0,0.0,39,5.79,0.26,0.29,0.292,31.5,30.2,18.39721,76.56784,ERA5,Asia/Kolkata,Open-Meteo Historical Weather API
MH-Latur,2015-03-23,31.0,38.1,22.8,0.0,0.0,0.0,34,6.54,0.259,0.29,0.293,31.6,30.5,18.39721,76.56784,ERA5,Asia/Kolkata,Open-Meteo Historical Weather API
MH-Latur,2015-03-24,30.7,38.8,22.8,0.0,0.0,0.0,32,6.85,0.263,0.291,0.294,31.8,30.6,18.39721,76.56784,ERA5,Asia/Kolkata,Open-Meteo Historical Weather API
MH-Latur,2015-03-25,30.7,38.0,23.5,0.0,0.0,0.0,34,6.35,0.261,0.291,0.295,31.7,30.8,18.39721,76.56784,ERA5,Asia/Kolkata,Open-Meteo Historical Weather API
MH-Latur,2015-03-26,30.5,36.8,23.9,0.0,0.0,0.0,35,6.53,0.259,0.292,0.297,31.6,30.7,18.39721,76.56784,ERA5,Asia/Kolkata,Open-Meteo Historical Weather API
MH-Latur,2015-03-27,30.6,37.8,24.2,0.0,0.0,0.0,36,6.82,0.258,0.293,0.299,31.9,30.8,18.39721,76.56784,ERA5,Asia/Kolkata,Open-Meteo Historical Weather API
MH-Latur,2015-03-28,29.7,36.7,23.4,0.0,0.0,0.0,39,5.92,0.257,0.294,0.301,31.3,30.7,18.39721,76.56784,ERA5,Asia/Kolkata,Open-Meteo Historical Weather API
MH-Latur,2015-03-29,29.5,36.2,24.1,0.7,0.7,1.0,41,5.68,0.261,0.293,0.301,30.9,30.4,18.39721,76.56784,ERA5,Asia/Kolkata,Open-Meteo Historical Weather API
MH-Latur,2015-03-30,27.4,32.4,23.9,0.5,0.5,2.0,54,5.05,0.274,0.296,0.303,30.2,30.1,18.39721,76.56784,ERA5,Asia/Kolkata,Open-Meteo Historical Weather API
MH-Latur,2015-03-31,28.5,34.0,22.3,0.0,0.0,0.0,55,5.06,0.286,0.296,0.303,30.0,29.6,18.39721,76.56784,ERA5,Asia/Kolkata,Open-Meteo Historical Weather API
MH-Latur,2015-04-01,30.4,36.7,23.9,0.0,0.0,0.0,39,5.64,0.28,0.295,0.303,31.6,30.4,18.39721,76.56784,ERA5,Asia/Kolkata,Open-Meteo Historical Weather API
MH-Latur,2015-04-02,30.1,38.1,21.9,0.0,0.0,0.0,32,6.63,0.273,0.291,0.302,31.6,30.5,18.39721,76.56784,ERA5,Asia/Kolkata,Open-Meteo Historical Weather API
MH-Latur,2015-04-03,30.3,37.9,24.2,0.0,0.0,0.0,30,7.84,0.265,0.287,0.3,31.8,30.8,18.39721,76.56784,ERA5,Asia/Kolkata,Open-Meteo Historical Weather API
MH-Latur,2015-04-04,29.9,37.2,23.8,0.0,0.0,0.0,28,8.23,0.259,0.284,0.298,31.8,30.9,18.39721,76.56784,ERA5,Asia/Kolkata,Open-Meteo Historical Weather API
MH-Latur,2015-04-05,29.9,38.0,22.6,0.0,0.0,0.0,30,7.76,0.254,0.284,0.298,32.0,30.8,18.39721,76.56784,ERA5,Asia/Kolkata,Open-Meteo Historical Weather API
MH-Latur,2015-04-06,30.6,38.3,23.7,0.0,0.0,0.0,31,7.31,0.25,0.285,0.298,32.6,31.3,18.39721,76.56784,ERA5,Asia/Kolkata,Open-Meteo Historical Weather API
MH-Latur,2015-04-07,31.3,38.5,24.3,0.0,0.0,0.0,28,7.2,0.245,0.283,0.297,33.2,31.7,18.39721,76.56784,ERA5,Asia/Kolkata,Open-Meteo Historical Weather API
MH-Latur,2015-04-08,31.4,38.9,24.2,0.0,0.0,0.0,30,6.68,0.243,0.283,0.295,33.6,32.3,18.39721,76.56784,ERA5,Asia/Kolkata,Open-Meteo Historical Weather API
MH-Latur,2015-04-09,30.6,38.2,25.3,1.6,1.6,2.0,49,5.99,0.246,0.284,0.295,33.2,32.4,18.39721,76.56784,ERA5,Asia/Kolkata,Open-Meteo Historical Weather API
MH-Latur,2015-04-10,28.8,35.5,23.8,7.1,7.1,5.0,57,5.27,0.279,0.282,0.294,32.1,31.9,18.39721,76.56784,ERA5,Asia/Kolkata,Open-Meteo Historical Weather API
MH-Latur,2015-04-11,25.7,32.1,21.1,23.3,23.3,11.0,76,4.72,0.455,0.302,0.29,29.5,30.5,18.39721,76.56784,ERA5,Asia/Kolkata,Open-Meteo Historical Weather API
MH-Latur,2015-04-12,22.8,28.3,20.0,9.1,9.1,11.0,83,3.93,0.452,0.336,0.298,26.9,28.7,18.39721,76.56784,ERA5,Asia/Kolkata,Open-Meteo Historical Weather API
MH-Latur,2015-04-13,23.2,30.6,17.5,4.4,4.4,6.0,68,4.92,0.447,0.35,0.298,26.5,27.5,18.39721,76.56784,ERA5,Asia/Kolkata,Open-Meteo Historical Weather API
MH-Latur,2015-04-14,24.0,29.5,18.4,0.7,0.7,2.0,65,4.64,0.415,0.35,0.297,26.4,27.0,18.39721,76.56784,ERA5,Asia/Kolkata,Open-Meteo Historical Weather API
MH-Latur,2015-04-15,24.9,31.9,20.4,2.9,2.9,6.0,65,4.96,0.393,0.341,0.292,27.2,27.0,18.39721,76.56784,ERA5,Asia/Kolkata,Open-Meteo Historical Weather API
MH-Latur,2015-04-16,25.3,30.7,20.4,2.9,2.9,5.0,66,4.86,0.409,0.338,0.291,27.6,27.2,18.39721,76.56784,ERA5,Asia/Kolkata,Open-Meteo Historical Weather API
MH-Latur,2015-04-17,27.2,33.1,21.0,0.1,0.1,1.0,59,5.64,0.381,0.334,0.289,28.4,27.7,18.39721,76.56784,ERA5,Asia/Kolkata,Open-Meteo Historical Weather API
MH-Latur,2015-04-18,29.4,36.5,21.1,0.0,0.0,0.0,47,6.72,0.348,0.322,0.284,29.9,28.4,18.39721,76.56784,ERA5,Asia/Kolkata,Open-Meteo Historical Weather API
MH-Latur,2015-04-19,31.5,37.3,24.6,0.0,0.0,0.0,39,7.07,0.317,0.308,0.279,31.8,29.6,18.39721,76.56784,ERA5,Asia/Kolkata,Open-Meteo Historical Weather API
MH-Latur,2015-04-20,32.2,38.8,26.3,0.0,0.0,0.0,40,7.17,0.294,0.296,0.274,32.8,30.7,18.39721,76.56784,ERA5,Asia/Kolkata,Open-Meteo Historical Weather API
MH-Latur,2015-04-21,32.6,39.0,26.5,0.0,0.0,0.0,39,6.45,0.279,0.289,0.272,33.5,31.5,18.39721,76.56784,ERA5,Asia/Kolkata,Open-Meteo Historical Weather API
MH-Latur,2015-04-22,32.7,39.9,27.9,0.6,0.6,2.0,40,6.35,0.283,0.288,0.272,34.0,32.3,18.39721,76.56784,ERA5,Asia/Kolkata,Open-Meteo Historical Weather API
MH-Latur,2015-04-23,32.5,38.9,27.6,0.0,0.0,0.0,39,6.84,0.293,0.285,0.271,33.8,32.6,18.39721,76.56784,ERA5,Asia/Kolkata,Open-Meteo Historical Weather API
MH-Latur,2015-04-24,31.6,37.5,25.7,0.0,0.0,0.0,29,7.53,0.275,0.279,0.268,33.2,32.4,18.39721,76.56784,ERA5,Asia/Kolkata,Open-Meteo Historical Weather API
MH-Latur,2015-04-25,31.4,39.3,22.7,0.0,0.0,0.0,27,7.0,0.265,0.277,0.267,33.4,32.2,18.39721,76.56784,ERA5,Asia/Kolkata,Open-Meteo Historical Weather API
MH-Latur,2015-04-26,31.8,39.1,24.7,0.0,0.0,0.0,31,7.39,0.258,0.277,0.267,33.8,32.5,18.39721,76.56784,ERA5,Asia/Kolkata,Open-Meteo Historical Weather API
MH-Latur,2015-04-27,32.1,39.6,25.3,0.0,0.0,0.0,37,7.27,0.256,0.282,0.269,34.4,32.8,18.39721,76.56784,ERA5,Asia/Kolkata,Open-Meteo Historical Weather API
MH-Latur,2015-04-28,33.8,41.3,27.4,0.0,0.0,0.0,29,7.82,0.252,0.285,0.27,35.2,33.5,18.39721,76.56784,ERA5,Asia/Kolkata,Open-Meteo Historical Weather API
MH-Latur,2015-04-29,34.0,41.7,26.4,0.0,0.0,0.0,24,8.24,0.247,0.282,0.27,35.4,33.8,18.39721,76.56784,ERA5,Asia/Kolkata,Open-Meteo Historical Weather API
MH-Latur,2015-04-30,33.4,41.2,27.0,0.0,0.0,0.0,24,8.22,0.244,0.281,0.271,35.5,33.9,18.39721,76.56784,ERA5,Asia/Kolkata,Open-Meteo Historical Weather API
MH-Latur,2015-05-01,34.0,41.6,26.9,0.0,0.0,0.0,22,8.42,0.244,0.28,0.271,35.8,34.1,18.39721,76.56784,ERA5,Asia/Kolkata,Open-Meteo Historical Weather API
MH-Latur,2015-05-02,34.1,41.9,27.4,0.0,0.0,0.0,21,7.97,0.242,0.278,0.271,36.1,34.4,18.39721,76.56784,ERA5,Asia/Kolkata,Open-Meteo Historical Weather API
MH-Latur,2015-05-03,34.2,41.5,26.0,0.0,0.0,0.0,21,7.79,0.24,0.276,0.27,36.1,34.6,18.39721,76.56784,ERA5,Asia/Kolkata,Open-Meteo Historical Weather API
MH-Latur,2015-05-04,32.5,39.9,27.9,2.2,2.2,2.0,32,6.86,0.241,0.273,0.268,35.5,34.7,18.39721,76.56784,ERA5,Asia/Kolkata,Open-Meteo Historical Weather API
MH-Latur,2015-05-05,30.5,38.1,24.9,0.4,0.4,1.0,48,6.26,0.248,0.275,0.269,34.1,34.0,18.39721,76.56784,ERA5,Asia/Kolkata,Open-Meteo Historical Weather API
MH-Latur,2015-05-06,31.4,38.8,24.1,0.3,0.3,1.0,40,6.12,0.254,0.271,0.268,34.0,33.6,18.39721,76.56784,ERA5,Asia/Kolkata,Open-Meteo Historical Weather API
MH-Latur,2015-05-07,32.9,39.8,25.9,0.0,0.0,0.0,34,7.61,0.254,0.268,0.267,35.2,34.0,18.39721,76.56784,ERA5,Asia/Kolkata,Open-Meteo Historical Weather API
MH-Latur,2015-05-08,34.0,40.8,27.9,0.0,0.0,0.0,32,6.83,0.249,0.268,0.267,36.0,34.6,18.39721,76.56784,ERA5,Asia/Kolkata,Open-Meteo Historical Weather API
MH-Latur,2015-05-09,34.3,41.8,28.5,0.7,0.7,1.0,27,7.25,0.247,0.268,0.267,36.2,34.9,18.39721,76.56784,ERA5,Asia/Kolkata,Open-Meteo Historical Weather API
MH-Latur,2015-05-10,32.6,38.7,28.2,0.2,0.2,1.0,33,6.65,0.25,0.269,0.269,35.2,34.9,18.39721,76.56784,ERA5,Asia/Kolkata,Open-Meteo Historical Weather API
MH-Latur,2015-05-11,33.2,40.3,27.2,0.0,0.0,0.0,32,6.48,0.247,0.268,0.269,35.6,34.5,18.39721,76.56784,ERA5,Asia/Kolkata,Open-Meteo Historical Weather API
MH-Latur,2015-05-12,31.7,39.3,27.4,2.4,2.4,2.0,42,6.11,0.25,0.267,0.269,35.0,34.7,18.39721,76.56784,ERA5,Asia/Kolkata,Open-Meteo Historical Weather API
MH-Latur,2015-05-13,30.1,36.6,23.7,4.1,4.1,6.0,56,5.7,0.26,0.266,0.268,34.5,34.3,18.39721,76.56784,ERA5,Asia/Kolkata,Open-Meteo Historical Weather API
MH-Latur,2015-05-14,28.9,35.5,24.3,0.4,0.4,3.0,58,4.37,0.27,0.267,0.269,32.2,33.0,18.39721,76.56784,ERA5,Asia/Kolkata,Open-Meteo Historical Weather API
MH-Latur,2015-05-15,28.0,32.4,25.0,14.3,14.3,11.0,69,3.81,0.366,0.27,0.269,31.0,31.8,18.39721,76.56784,ERA5,Asia/Kolkata,Open-Meteo Historical Weather API
MH-Latur,2015-05-16,30.0,36.7,23.9,0.3,0.3,1.0,60,5.31,0.382,0.273,0.268,31.9,31.2,18.39721,76.56784,ERA5,Asia/Kolkata,Open-Meteo Historical Weather API
MH-Latur,2015-05-17,32.8,39.4,26.4,0.0,0.0,0.0,42,7.16,0.342,0.271,0.265,33.6,32.2,18.39721,76.56784,ERA5,Asia/Kolkata,Open-Meteo Historical Weather API
MH-Latur,2015-05-18,34.7,42.1,28.3,0.0,0.0,0.0,32,8.64,0.305,0.267,0.262,35.1,33.3,18.39721,76.56784,ERA5,Asia/Kolkata,Open-Meteo Historical Weather API
MH-Latur,2015-05-19,36.0,43.4,28.9,0.0,0.0,0.0,28,9.16,0.277,0.264,0.261,36.4,34.3,18.39721,76.56784,ERA5,Asia/Kolkata,Open-Meteo Historical Weather API
MH-Latur,2015-05-20,35.8,42.6,29.4,0.0,0.0,0.0,31,8.95,0.264,0.263,0.261,36.9,35.2,18.39721,76.56784,ERA5,Asia/Kolkata,Open-Meteo Historical Weather API
MH-Latur,2015-05-21,36.5,43.0,30.3,0.0,0.0,0.0,28,9.19,0.256,0.263,0.261,37.7,35.7,18.39721,76.56784,ERA5,Asia/Kolkata,Open-Meteo Historical Weather API
MH-Latur,2015-05-22,35.6,42.9,28.9,0.0,0.0,0.0,31,9.02,0.248,0.263,0.26,37.8,36.1,18.39721,76.56784,ERA5,Asia/Kolkata,Open-Meteo Historical Weather API
MH-Latur,2015-05-23,35.1,41.3,29.4,0.0,0.0,0.0,32,9.56,0.244,0.262,0.259,37.3,36.0,18.39721,76.56784,ERA5,Asia/Kolkata,Open-Meteo Historical Weather API
MH-Latur,2015-05-24,34.1,41.1,27.1,0.0,0.0,0.0,37,8.88,0.242,0.262,0.258,36.8,35.6,18.39721,76.56784,ERA5,Asia/Kolkata,Open-Meteo Historical Weather API
MH-Latur,2015-05-25,34.1,41.0,27.6,0.0,0.0,0.0,38,8.91,0.242,0.262,0.259,36.7,35.4,18.39721,76.56784,ERA5,Asia/Kolkata,Open-Meteo Historical Weather API
MH-Latur,2015-05-26,34.3,41.3,27.9,0.0,0.0,0.0,36,8.65,0.241,0.262,0.258,36.8,35.5,18.39721,76.56784,ERA5,Asia/Kolkata,Open-Meteo Historical Weather API
MH-Latur,2015-05-27,34.8,41.7,28.1,0.0,0.0,0.0,34,8.92,0.241,0.262,0.258,36.8,35.5,18.39721,76.56784,ERA5,Asia/Kolkata,Open-Meteo Historical Weather API
MH-Latur,2015-05-28,34.1,41.0,28.1,0.2,0.2,1.0,39,7.89,0.242,0.262,0.258,37.0,35.8,18.39721,76.56784,ERA5,Asia/Kolkata,Open-Meteo Historical Weather API
MH-Latur,2015-05-29,33.9,42.2,28.6,3.4,3.4,3.0,43,7.49,0.248,0.262,0.258,36.6,35.9,18.39721,76.56784,ERA5,Asia/Kolkata,Open-Meteo Historical Weather API
MH-Latur,2015-05-30,32.3,39.6,25.2,1.1,1.1,2.0,48,6.63,0.269,0.261,0.257,35.1,35.2,18.39721,76.56784,ERA5,Asia/Kolkata,Open-Meteo Historical Weather API
MH-Latur,2015-05-31,34.3,40.7,28.9,1.5,1.5,1.0,38,7.67,0.274,0.261,0.257,36.1,35.3,18.39721,76.56784,ERA5,Asia/Kolkata,Open-Meteo Historical Weather API
MH-Latur,2015-06-01,33.1,38.5,28.1,0.0,0.0,0.0,38,7.24,0.272,0.262,0.258,35.9,35.5,18.39721,76.56784,ERA5,Asia/Kolkata,Open-Meteo Historical Weather API
MH-Latur,2015-06-02,32.7,39.7,26.8,0.0,0.0,0.0,38,7.78,0.268,0.262,0.258,35.9,35.4,18.39721,76.56784,ERA5,Asia/Kolkata,Open-Meteo Historical Weather API
MH-Latur,2015-06-03,33.6,39.5,27.3,0.0,0.0,0.0,32,7.22,0.258,0.262,0.258,36.2,35.2,18.39721,76.56784,ERA5,Asia/Kolkata,Open-Meteo Historical Weather API
MH-Latur,2015-06-04,33.1,39.3,29.2,1.4,1.4,2.0,39,7.13,0.252,0.261,0.257,36.0,35.3,18.39721,76.56784,ERA5,Asia/Kolkata,Open-Meteo Historical Weather API
MH-Latur,2015-06-05,31.6,37.1,25.8,2.7,2.7,2.0,45,6.92,0.262,0.263,0.258,35.0,35.1,18.39721,76.56784,ERA5,Asia/Kolkata,Open-Meteo Historical Weather API
MH-Latur,2015-06-06,30.5,38.6,25.4,1.1,1.1,2.0,54,5.1,0.282,0.263,0.259,33.7,34.3,18.39721,76.56784,ERA5,Asia/Kolkata,Open-Meteo Historical Weather API
MH-Latur,2015-06-07,28.7,32.9,25.0,10.4,10.4,14.0,70,4.31,0.335,0.262,0.258,31.9,33.2,18.39721,76.56784,ERA5,Asia/Kolkata,Open-Meteo Historical Weather API
MH-Latur,2015-06-08,29.1,35.1,24.2,0.2,0.2,1.0,66,5.61,0.371,0.265,0.258,31.4,31.9,18.39721,76.56784,ERA5,Asia/Kolkata,Open-Meteo Historical Weather API
MH-Latur,2015-06-09,28.8,35.0,23.4,3.6,3.6,8.0,65,5.63,0.354,0.266,0.257,31.7,32.0,18.39721,76.56784,ERA5,Asia/Kolkata,Open-Meteo Historical Weather API
MH-Latur,2015-06-10,29.8,36.3,24.2,6.1,6.1,11.0,64,5.38,0.365,0.266,0.257,32.3,31.9,18.39721,76.56784,ERA5,Asia/Kolkata,Open-Meteo Historical Weather API
MH-Latur,2015-06-11,28.9,36.2,24.5,16.5,16.5,7.0,69,5.17,0.385,0.273,0.257,31.8,31.9,18.39721,76.56784,ERA5,Asia/Kolkata,Open-Meteo Historical Weather API
MH-Latur,2015-06-12,27.4,34.0,24.6,9.5,9.5,10.0,74,3.65,0.436,0.297,0.257,30.3,31.2,18.39721,76.56784,ERA5,Asia/Kolkata,Open-Meteo Historical Weather API
MH-Latur,2015-06-13,26.4,29.9,23.1,6.7,6.7,14.0,75,3.8,0.448,0.316,0.256,28.9,29.9,18.39721,76.56784,ERA5,Asia/Kolkata,Open-Meteo Historical Weather API
MH-Latur,2015-06-14,25.8,30.7,23.4,12.3,12.3,17.0,79,3.62,0.445,0.329,0.257,28.4,29.2,18.39721,76.56784,ERA5,Asia/Kolkata,Open-Meteo Historical Weather API
MH-Latur,2015-06-15,25.7,30.6,23.1,13.7,13.7,20.0,78,2.9,0.47,0.351,0.257,27.0,28.1,18.39721,76.56784,ERA5,Asia/Kolkata,Open-Meteo Historical Weather API
MH-Latur,2015-06-16,26.5,30.9,23.2,4.5,4.5,13.0,75,2.85,0.455,0.375,0.257,26.9,27.3,18.39721,76.56784,ERA5,Asia/Kolkata,Open-Meteo Historical Weather API
MH-Latur,2015-06-17,26.2,30.6,22.8,2.6,2.6,12.0,76,2.54,0.461,0.38,0.257,26.7,27.0,18.39721,76.56784,ERA5,Asia/Kolkata,Open-Meteo Historical Weather API
MH-Latur,2015-06-18,26.0,30.2,23.2,6.9,6.9,10.0,77,3.63,0.444,0.383,0.257,27.1,27.3,18.39721,76.56784,ERA5,Asia/Kolkata,Open-Meteo Historical Weather API
MH-Latur,2015-06-19,25.8,30.0,23.0,2.8,2.8,11.0,75,3.46,0.467,0.392,0.258,26.5,27.1,18.39721,76.56784,ERA5,Asia/Kolkata,Open-Meteo Historical Weather API
MH-Latur,2015-06-20,26.7,31.1,22.9,0.8,0.8,4.0,72,4.42,0.447,0.394,0.258,27.0,27.0,18.39721,76.56784,ERA5,Asia/Kolkata,Open-Meteo Historical Weather API
MH-Latur,2015-06-21,24.4,26.0,23.0,22.4,22.4,22.0,87,1.53,0.489,0.417,0.258,25.3,26.5,18.39721,76.56784,ERA5,Asia/Kolkata,Open-Meteo Historical Weather API
MH-Latur,2015-06-22,25.5,28.1,23.2,12.9,12.9,12.0,81,2.46,0.503,0.485,0.264,25.4,25.7,18.39721,76.56784,ERA5,Asia/Kolkata,Open-Meteo Historical Weather API
MH-Latur,2015-06-23,26.8,29.8,23.9,7.8,7.8,8.0,75,4.73,0.484,0.474,0.271,26.8,26.3,18.39721,76.56784,ERA5,Asia/Kolkata,Open-Meteo Historical Weather API
MH-Latur,2015-06-24,27.3,31.2,24.6,1.9,1.9,7.0,73,5.07,0.485,0.474,0.275,27.3,26.8,18.39721,76.56784,ERA5,Asia/Kolkata,Open-Meteo Historical Weather API
MH-Latur,2015-06-25,28.1,32.2,24.2,0.0,0.0,0.0,68,5.64,0.457,0.457,0.276,27.8,27.1,18.39721,76.56784,ERA5,Asia/Kolkata,Open-Meteo Historical Weather API
MH-Latur,2015-06-26,27.8,31.7,23.8,0.1,0.1,1.0,67,5.12,0.435,0.441,0.275,28.0,27.3,18.39721,76.56784,ERA5,Asia/Kolkata,Open-Meteo Historical Weather API
MH-Latur,2015-06-27,27.9,32.4,23.2,0.2,0.2,2.0,67,4.63,0.418,0.425,0.273,27.7,27.2,18.39721,76.56784,ERA5,Asia/Kolkata,Open-Meteo Historical Weather API
MH-Latur,2015-06-28,28.2,33.1,23.3,0.0,0.0,0.0,64,4.91,0.396,0.408,0.271,28.2,27.4,18.39721,76.56784,ERA5,Asia/Kolkata,Open-Meteo Historical Weather API
MH-Latur,2015-06-29,28.5,33.1,24.0,0.0,0.0,0.0,61,5.59,0.372,0.392,0.269,28.8,27.7,18.39721,76.56784,ERA5,Asia/Kolkata,Open-Meteo Historical Weather API
MH-Latur,2015-06-30,28.3,32.3,23.8,0.0,0.0,0.0,63,4.79,0.351,0.376,0.268,28.6,27.8,18.39721,76.56784,ERA5,Asia/Kolkata,Open-Meteo Historical Weather API
MH-Latur,2015-07-01,27.9,33.8,23.6,0.2,0.2,1.0,66,5.24,0.334,0.364,0.267,28.9,28.1,18.39721,76.56784,ERA5,Asia/Kolkata,Open-Meteo Historical Weather API
MH-Latur,2015-07-02,28.8,34.2,24.4,0.0,0.0,0.0,59,6.32,0.322,0.357,0.268,29.8,28.6,18.39721,76.56784,ERA5,Asia/Kolkata,Open-Meteo Historical Weather API
MH-Latur,2015-07-03,29.4,34.8,24.1,0.0,0.0,0.0,56,6.89,0.305,0.346,0.268,30.4,29.3,18.39721,76.56784,ERA5,Asia/Kolkata,Open-Meteo Historical Weather API
MH-Latur,2015-07-04,29.4,35.5,23.4,0.0,0.0,0.0,54,7.24,0.29,0.334,0.267,30.4,29.4,18.39721,76.56784,ERA5,Asia/Kolkata,Open-Meteo Historical Weather API
MH-Latur,2015-07-05,29.2,34.7,23.0,0.0,0.0,0.0,55,6.43,0.279,0.325,0.267,30.2,29.3,18.39721,76.56784,ERA5,Asia/Kolkata,Open-Meteo Historical Weather API
MH-Latur,2015-07-06,29.0,34.5,23.3,0.0,0.0,0.0,55,6.78,0.273,0.319,0.266,30.0,29.2,18.39721,76.56784,ERA5,Asia/Kolkata,Open-Meteo Historical Weather API
MH-Latur,2015-07-07,29.1,34.1,24.5,0.2,0.2,2.0,57,5.98,0.271,0.31,0.266,29.8,29.1,18.39721,76.56784,ERA5,Asia/Kolkata,Open-Meteo Historical Weather API
MH-Latur,2015-07-08,28.8,33.4,24.4,0.6,0.6,3.0,61,5.59,0.272,0.306,0.265,29.7,29.0,18.39721,76.56784,ERA5,Asia/Kolkata,Open-Meteo Historical Weather API
MH-Latur,2015-07-09,28.6,32.7,24.6,0.0,0.0,0.0,63,5.18,0.269,0.303,0.265,29.5,29.0,18.39721,76.56784,ERA5,Asia/Kolkata,Open-Meteo Historical Weather API
MH-Latur,2015-07-10,28.7,33.0,24.4,0.3,0.3,1.0,63,4.57,0.265,0.299,0.266,29.1,28.7,18.39721,76.56784,ERA5,Asia/Kolkata,Open-Meteo Historical Weather API
MH-Latur,2015-07-11,28.9,33.4,24.9,0.0,0.0,0.0,60,5.11,0.263,0.295,0.266,29.3,28.6,18.39721,76.56784,ERA5,Asia/Kolkata,Open-Meteo Historical Weather API
MH-Latur,2015-07-12,29.6,35.2,23.8,0.0,0.0,0.0,58,5.53,0.259,0.289,0.266,30.2,29.0,18.39721,76.56784,ERA5,Asia/Kolkata,Open-Meteo Historical Weather API
MH-Latur,2015-07-13,30.3,36.1,25.1,0.0,0.0,0.0,55,6.08,0.256,0.283,0.265,31.6,30.0,18.39721,76.56784,ERA5,Asia/Kolkata,Open-Meteo Historical Weather API
MH-Latur,2015-07-14,30.7,36.3,26.2,0.0,0.0,0.0,53,6.04,0.252,0.281,0.265,32.6,31.1,18.39721,76.56784,ERA5,Asia/Kolkata,Open-Meteo Historical Weather API
MH-Latur,2015-07-15,30.0,35.2,26.0,0.0,0.0,0.0,53,6.83,0.252,0.285,0.265,32.5,31.5,18.39721,76.56784,ERA5,Asia/Kolkata,Open-Meteo Historical Weather API
MH-Latur,2015-07-16,28.9,34.4,24.2,0.0,0.0,0.0,58,5.64,0.251,0.285,0.265,31.0,31.0,18.39721,76.56784,ERA5,Asia/Kolkata,Open-Meteo Historical Weather API
MH-Latur,2015-07-17,28.6,33.5,24.8,0.4,0.4,4.0,62,5.76,0.254,0.284,0.265,31.1,30.6,18.39721,76.56784,ERA5,Asia/Kolkata,Open-Meteo Historical Weather API
MH-Latur,2015-07-18,27.9,32.0,24.7,0.4,0.4,3.0,64,4.59,0.262,0.287,0.265,29.7,30.0,18.39721,76.56784,ERA5,Asia/Kolkata,Open-Meteo Historical Weather API
MH-Latur,2015-07-19,27.3,32.6,24.3,5.0,5.0,6.0,68,4.98,0.281,0.292,0.264,29.3,29.5,18.39721,76.56784,ERA5,Asia/Kolkata,Open-Meteo Historical Weather API
MH-Latur,2015-07-20,26.6,30.8,23.9,0.1,0.1,1.0,69,4.31,0.304,0.292,0.265,28.3,28.7,18.39721,76.56784,ERA5,Asia/Kolkata,Open-Meteo Historical Weather API
MH-Latur,2015-07-21,26.6,31.1,24.5,2.5,2.5,5.0,72,3.23,0.304,0.287,0.264,27.8,28.3,18.39721,76.56784,ERA5,Asia/Kolkata,Open-Meteo Historical Weather API
MH-Latur,2015-07-22,27.2,31.0,23.5,1.0,1.0,5.0,70,4.28,0.326,0.288,0.265,28.2,28.0,18.39721,76.56784,ERA5,Asia/Kolkata,Open-Meteo Historical Weather API
MH-Latur,2015-07-23,27.2,31.4,24.2,1.6,1.6,6.0,71,3.77,0.335,0.291,0.265,28.5,28.3,18.39721,76.56784,ERA5,Asia/Kolkata,Open-Meteo Historical Weather API
MH-Latur,2015-07-24,27.2,32.7,23.5,6.1,6.1,5.0,73,4.44,0.346,0.292,0.265,28.5,28.2,18.39721,76.56784,ERA5,Asia/Kolkata,Open-Meteo Historical Weather API
MH-Latur,2015-07-25,27.0,31.7,23.2,0.1,0.1,1.0,67,5.13,0.37,0.291,0.264,28.3,28.3,18.39721,76.56784,ERA5,Asia/Kolkata,Open-Meteo Historical Weather API
MH-Latur,2015-07-26,27.1,30.9,23.6,0.0,0.0,0.0,65,4.8,0.35,0.292,0.265,28.1,28.2,18.39721,76.56784,ERA5,Asia/Kolkata,Open-Meteo Historical Weather API
MH-Latur,2015-07-27,26.8,31.8,23.4,0.0,0.0,0.0,65,4.55,0.333,0.29,0.265,27.8,27.9,18.39721,76.56784,ERA5,Asia/Kolkata,Open-Meteo Historical Weather API
MH-Latur,2015-07-28,27.2,32.5,22.2,0.0,0.0,0.0,62,6.32,0.317,0.288,0.265,28.3,27.9,18.39721,76.56784,ERA5,Asia/Kolkata,Open-Meteo Historical Weather API
MH-Latur,2015-07-29,26.8,30.6,22.6,0.3,0.3,2.0,64,4.95,0.303,0.286,0.265,28.0,28.0,18.39721,76.56784,ERA5,Asia/Kolkata,Open-Meteo Historical Weather API
MH-Latur,2015-07-30,26.5,29.7,22.9,0.5,0.5,1.0,68,3.46,0.302,0.286,0.265,27.2,27.4,18.39721,76.56784,ERA5,Asia/Kolkata,Open-Meteo Historical Weather API
MH-Latur,2015-07-31,27.1,32.1,22.3,0.5,0.5,4.0,66,4.81,0.306,0.287,0.265,28.0,27.5,18.39721,76.56784,ERA5,Asia/Kolkata,Open-Meteo Historical Weather API
MH-Latur,2015-08-01,28.0,33.6,22.3,0.1,0.1,1.0,62,5.5,0.3,0.287,0.265,28.9,28.2,18.39721,76.56784,ERA5,Asia/Kolkata,Open-Meteo Historical Weather API
MH-Latur,2015-08-02,28.4,33.7,23.1,0.2,0.2,1.0,59,5.7,0.292,0.286,0.265,29.6,28.8,18.39721,76.56784,ERA5,Asia/Kolkata,Open-Meteo Historical Weather API
MH-Latur,2015-08-03,27.8,31.2,24.5,0.3,0.3,2.0,63,4.87,0.289,0.283,0.265,29.3,29.0,18.39721,76.56784,ERA5,Asia/Kolkata,Open-Meteo Historical Weather API
MH-Latur,2015-08-04,24.2,28.3,22.6,10.1,10.1,20.0,81,2.08,0.327,0.285,0.265,26.2,27.8,18.39721,76.56784,ERA5,Asia/Kolkata,Open-Meteo Historical Weather API
MH-Latur,2015-08-05,23.4,25.3,21.8,14.1,14.1,19.0,87,1.53,0.452,0.302,0.265,24.0,25.6,18.39721,76.56784,ERA5,Asia/Kolkata,Open-Meteo Historical Weather API
MH-Latur,2015-08-06,25.0,27.9,22.5,2.5,2.5,8.0,79,3.11,0.437,0.326,0.265,25.3,25.2,18.39721,76.56784,ERA5,Asia/Kolkata,Open-Meteo Historical Weather API
MH-Latur,2015-08-07,26.1,29.3,23.2,2.5,2.5,11.0,78,3.38,0.418,0.331,0.265,26.3,25.9,18.39721,76.56784,ERA5,Asia/Kolkata,Open-Meteo Historical Weather API
MH-Latur,2015-08-08,26.0,30.2,22.7,5.3,5.3,6.0,79,3.74,0.403,0.334,0.265,26.8,26.4,18.39721,76.56784,ERA5,Asia/Kolkata,Open-Meteo Historical Weather API
MH-Latur,2015-08-09,26.6,30.3,23.1,0.1,0.1,1.0,71,3.95,0.39,0.335,0.265,27.3,26.8,18.39721,76.56784,ERA5,Asia/Kolkata,Open-Meteo Historical Weather API
MH-Latur,2015-08-10,26.2,29.3,23.7,7.5,7.5,5.0,78,3.23,0.403,0.333,0.265,27.2,27.1,18.39721,76.56784,ERA5,Asia/Kolkata,Open-Meteo Historical Weather API
MH-Latur,2015-08-11,25.6,29.1,23.8,2.8,2.8,8.0,79,2.55,0.431,0.342,0.266,26.5,26.8,18.39721,76.56784,ERA5,Asia/Kolkata,Open-Meteo Historical Weather API
MH-Latur,2015-08-12,24.2,26.4,22.9,18.8,18.8,21.0,86,1.55,0.486,0.375,0.266,25.0,25.9,18.39721,76.56784,ERA5,Asia/Kolkata,Open-Meteo Historical Weather API
MH-Latur,2015-08-13,24.4,26.3,22.2,20.7,20.7,18.0,86,1.74,0.503,0.468,0.268,24.7,25.0,18.39721,76.56784,ERA5,Asia/Kolkata,Open-Meteo Historical Weather API
MH-Latur,2015-08-14,26.3,30.1,23.1,0.1,0.1,1.0,76,3.38,0.473,0.468,0.274,25.9,25.2,18.39721,76.56784,ERA5,Asia/Kolkata,Open-Meteo Historical Weather API
MH-Latur,2015-08-15,26.4,31.0,22.4,0.5,0.5,3.0,75,3.89,0.449,0.451,0.276,26.5,25.9,18.39721,76.56784,ERA5,Asia/Kolkata,Open-Meteo Historical Weather API
MH-Latur,2015-08-16,26.5,29.7,23.2,0.0,0.0,0.0,73,3.83,0.431,0.437,0.277,26.7,26.3,18.39721,76.56784,ERA5,Asia/Kolkata,Open-Meteo Historical Weather API
MH-Latur,2015-08-17,26.8,31.2,22.9,0.2,0.2,2.0,72,4.21,0.413,0.423,0.277,27.2,26.5,18.39721,76.56784,ERA5,Asia/Kolkata,Open-Meteo Historical Weather API
MH-Latur,2015-08-18,27.2,31.5,24.0,0.0,0.0,0.0,73,4.38,0.397,0.409,0.276,28.0,27.0,18.39721,76.56784,ERA5,Asia/Kolkata,Open-Meteo Historical Weather API
MH-Latur,2015-08-19,27.7,32.9,25.1,1.3,1.3,5.0,75,4.2,0.391,0.395,0.275,28.6,27.6,18.39721,76.56784,ERA5,Asia/Kolkata,Open-Meteo Historical Weather API
MH-Latur,2015-08-20,26.8,31.9,23.7,0.2,0.2,1.0,75,3.53,0.402,0.39,0.276,27.9,27.7,18.39721,76.56784,ERA5,Asia/Kolkata,Open-Meteo Historical Weather API
MH-Latur,2015-08-21,27.7,31.4,24.3,0.0,0.0,0.0,65,4.93,0.385,0.381,0.276,28.3,27.5,18.39721,76.56784,ERA5,Asia/Kolkata,Open-Meteo Historical Weather API
MH-Latur,2015-08-22,26.6,30.3,23.0,0.8,0.8,3.0,70,4.12,0.373,0.369,0.274,27.4,27.3,18.39721,76.56784,ERA5,Asia/Kolkata,Open-Meteo Historical Weather API
MH-Latur,2015-08-23,27.2,31.7,23.1,0.0,0.0,0.0,65,4.58,0.359,0.358,0.272,27.5,27.0,18.39721,76.56784,ERA5,Asia/Kolkata,Open-Meteo Historical Weather API
MH-Latur,2015-08-24,27.3,31.9,22.9,0.0,0.0,0.0,65,4.87,0.34,0.348,0.271,27.8,27.1,18.39721,76.56784,ERA5,Asia/Kolkata,Open-Meteo Historical Weather API
MH-Latur,2015-08-25,26.9,31.9,22.4,1.0,1.0,4.0,68,4.89,0.333,0.338,0.271,27.9,27.3,18.39721,76.56784,ERA5,Asia/Kolkata,Open-Meteo Historical Weather API
MH-Latur,2015-08-26,26.9,31.3,23.1,0.2,0.2,2.0,69,4.65,0.333,0.333,0.27,27.9,27.4,18.39721,76.56784,ERA5,Asia/Kolkata,Open-Meteo Historical Weather API
MH-Latur,2015-08-27,26.9,31.9,23.8,1.0,1.0,5.0,71,3.76,0.333,0.329,0.271,27.9,27.5,18.39721,76.56784,ERA5,Asia/Kolkata,Open-Meteo Historical Weather API
MH-Latur,2015-08-28,24.8,26.8,22.7,6.8,6.8,15.0,83,1.8,0.39,0.328,0.27,26.1,26.8,18.39721,76.56784,ERA5,Asia/Kolkata,Open-Meteo Historical Weather API
MH-Latur,2015-08-29,25.4,29.3,22.3,4.8,4.8,10.0,78,2.51,0.439,0.336,0.271,25.7,25.9,18.39721,76.56784,ERA5,Asia/Kolkata,Open-Meteo Historical Weather API
MH-Latur,2015-08-30,26.3,29.5,23.1,0.7,0.7,2.0,73,4.16,0.413,0.342,0.271,26.8,26.2,18.39721,76.56784,ERA5,Asia/Kolkata,Open-Meteo Historical Weather API
MH-Latur,2015-08-31,27.1,30.5,23.6,0.0,0.0,0.0,67,4.54,0.388,0.341,0.271,27.5,26.9,18.39721,76.56784,ERA5,Asia/Kolkata,Open-Meteo Historical Weather API
MH-Latur,2015-09-01,27.5,31.5,23.3,0.0,0.0,0.0,63,5.07,0.365,0.335,0.271,28.1,27.4,18.39721,76.56784,ERA5,Asia/Kolkata,Open-Meteo Historical Weather API
MH-Latur,2015-09-02,27.9,32.5,23.3,0.0,0.0,0.0,57,5.39,0.343,0.326,0.271,28.7,27.7,18.39721,76.56784,ERA5,Asia/Kolkata,Open-Meteo Historical Weather API
MH-Latur,2015-09-03,27.6,31.3,24.8,0.8,0.8,4.0,62,4.51,0.326,0.318,0.27,28.9,28.2,18.39721,76.56784,ERA5,Asia/Kolkata,Open-Meteo Historical Weather API
MH-Latur,2015-09-04,27.0,33.0,23.7,1.4,1.4,2.0,75,4.23,0.324,0.317,0.271,28.9,28.3,18.39721,76.56784,ERA5,Asia/Kolkata,Open-Meteo Historical Weather API
MH-Latur,2015-09-05,27.2,32.8,22.6,10.0,10.0,9.0,74,3.96,0.349,0.313,0.272,28.8,28.2,18.39721,76.56784,ERA5,Asia/Kolkata,Open-Meteo Historical Weather API
MH-Latur,2015-09-06,26.2,31.6,22.6,16.8,16.8,11.0,82,3.63,0.446,0.322,0.271,28.3,28.1,18.39721,76.56784,ERA5,Asia/Kolkata,Open-Meteo Historical Weather API
MH-Latur,2015-09-07,24.5,28.5,21.5,26.3,26.3,19.0,87,3.28,0.487,0.395,0.271,27.0,27.4,18.39721,76.56784,ERA5,Asia/Kolkata,Open-Meteo Historical Weather API
MH-Latur,2015-09-08,24.3,29.0,21.8,22.4,22.4,20.0,88,2.96,0.505,0.48,0.278,26.2,26.7,18.39721,76.56784,ERA5,Asia/Kolkata,Open-Meteo Historical Weather API
MH-Latur,2015-09-09,25.0,29.6,22.2,6.0,6.0,14.0,84,3.18,0.499,0.488,0.295,26.7,26.5,18.39721,76.56784,ERA5,Asia/Kolkata,Open-Meteo Historical Weather API
MH-Latur,2015-09-10,25.2,28.7,21.7,4.5,4.5,6.0,83,3.28,0.492,0.486,0.304,26.6,26.5,18.39721,76.56784,ERA5,Asia/Kolkata,Open-Meteo Historical Weather API
MH-Latur,2015-09-11,26.0,31.3,22.1,0.4,0.4,3.0,78,4.48,0.467,0.466,0.307,27.2,26.7,18.39721,76.56784,ERA5,Asia/Kolkata,Open-Meteo Historical Weather API
MH-Latur,2015-09-12,25.6,31.0,22.4,17.8,17.8,16.0,83,3.66,0.475,0.457,0.308,26.8,26.8,18.39721,76.56784,ERA5,Asia/Kolkata,Open-Meteo Historical Weather API
MH-Latur,2015-09-13,25.7,31.3,22.1,17.3,17.3,19.0,82,3.76,0.506,0.5,0.318,26.8,26.6,18.39721,76.56784,ERA5,Asia/Kolkata,Open-Meteo Historical Weather API
MH-Latur,2015-09-14,25.1,30.5,22.3,22.3,22.3,22.0,85,2.77,0.507,0.503,0.336,26.2,26.4,18.39721,76.56784,ERA5,Asia/Kolkata,Open-Meteo Historical Weather API
MH-Latur,2015-09-15,24.2,28.2,22.4,19.8,19.8,19.0,88,1.91,0.508,0.505,0.358,25.5,25.9,18.39721,76.56784,ERA5,Asia/Kolkata,Open-Meteo Historical Weather API
MH-Latur,2015-09-16,25.3,30.8,22.7,10.8,10.8,15.0,86,2.94,0.504,0.5,0.374,25.7,25.6,18.39721,76.56784,ERA5,Asia/Kolkata,Open-Meteo Historical Weather API
MH-Latur,2015-09-17,25.2,28.4,23.0,8.6,8.6,6.0,84,2.47,0.496,0.491,0.381,25.5,25.7,18.39721,76.56784,ERA5,Asia/Kolkata,Open-Meteo Historical Weather API
MH-Latur,2015-09-18,24.4,26.7,22.8,35.0,35.0,13.0,88,2.49,0.502,0.508,0.411,25.0,25.4,18.39721,76.56784,ERA5,Asia/Kolkata,Open-Meteo Historical Weather API
MH-Latur,2015-09-19,25.9,30.9,22.5,0.3,0.3,1.0,75,4.23,0.476,0.486,0.424,26.0,25.4,18.39721,76.56784,ERA5,Asia/Kolkata,Open-Meteo Historical Weather API
MH-Latur,2015-09-20,25.8,29.8,21.9,0.0,0.0,0.0,75,4.51,0.455,0.47,0.423,26.2,25.7,18.39721,76.56784,ERA5,Asia/Kolkata,Open-Meteo Historical Weather API
MH-Latur,2015-09-21,25.9,29.6,22.0,0.1,0.1,1.0,74,4.27,0.44,0.457,0.421,26.3,25.8,18.39721,76.56784,ERA5,Asia/Kolkata,Open-Meteo Historical Weather API
MH-Latur,2015-09-22,26.3,30.9,22.5,0.0,0.0,0.0,74,4.19,0.426,0.445,0.418,26.6,25.8,18.39721,76.56784,ERA5,Asia/Kolkata,Open-Meteo Historical Weather API
MH-Latur,2015-09-23,26.9,31.5,22.9,0.6,0.6,3.0,75,4.33,0.414,0.433,0.414,27.0,26.0,18.39721,76.56784,ERA5,Asia/Kolkata,Open-Meteo Historical Weather API
MH-Latur,2015-09-24,26.9,31.5,22.9,0.5,0.5,2.0,76,4.14,0.405,0.421,0.41,27.3,26.4,18.39721,76.56784,ERA5,Asia/Kolkata,Open-Meteo Historical Weather API
MH-Latur,2015-09-25,27.0,31.8,23.2,0.0,0.0,0.0,74,4.55,0.394,0.41,0.406,27.7,26.6,18.39721,76.56784,ERA5,Asia/Kolkata,Open-Meteo Historical Weather API
MH-Latur,2015-09-26,26.1,30.4,22.2,0.0,0.0,0.0,71,4.64,0.378,0.399,0.403,27.2,26.6,18.39721,76.56784,ERA5,Asia/Kolkata,Open-Meteo Historical Weather API
MH-Latur,2015-09-27,25.8,31.4,20.7,0.0,0.0,0.0,63,5.35,0.358,0.386,0.397,26.6,26.1,18.39721,76.56784,ERA5,Asia/Kolkata,Open-Meteo Historical Weather API
MH-Latur,2015-09-28,26.1,30.9,21.1,0.0,0.0,0.0,69,4.44,0.342,0.373,0.392,26.5,26.0,18.39721,76.56784,ERA5,Asia/Kolkata,Open-Meteo Historical Weather API
MH-Latur,2015-09-29,26.7,31.4,22.2,0.1,0.1,1.0,68,4.56,0.33,0.362,0.386,27.0,26.2,18.39721,76.56784,ERA5,Asia/Kolkata,Open-Meteo Historical Weather API
MH-Latur,2015-09-30,26.9,30.9,21.9,0.0,0.0,0.0,70,4.58,0.321,0.352,0.381,27.4,26.5,18.39721,76.56784,ERA5,Asia/Kolkata,Open-Meteo Historical Weather API
MH-Latur,2015-10-01,26.8,31.9,23.1,6.4,6.4,7.0,75,4.18,0.329,0.342,0.376,28.0,27.1,18.39721,76.56784,ERA5,Asia/Kolkata,Open-Meteo Historical Weather API
MH-Latur,2015-10-02,25.7,30.3,22.5,6.4,6.4,6.0,83,3.4,0.421,0.34,0.373,27.4,27.0,18.39721,76.56784,ERA5,Asia/Kolkata,Open-Meteo Historical Weather API
MH-Latur,2015-10-03,25.9,31.3,22.6,2.1,2.1,3.0,80,3.89,0.446,0.353,0.371,27.3,26.9,18.39721,76.56784,ERA5,Asia/Kolkata,Open-Meteo Historical Weather API
MH-Latur,2015-10-04,24.8,28.9,22.5,17.2,17.2,9.0,86,3.31,0.449,0.366,0.37,26.5,26.8,18.39721,76.56784,ERA5,Asia/Kolkata,Open-Meteo Historical Weather API
MH-Latur,2015-10-05,25.5,30.6,21.2,6.6,6.6,2.0,78,4.31,0.464,0.418,0.368,26.7,26.5,18.39721,76.56784,ERA5,Asia/Kolkata,Open-Meteo Historical Weather API
MH-Latur,2015-10-06,26.1,32.1,21.2,0.0,0.0,0.0,62,5.37,0.425,0.411,0.365,26.1,26.2,18.39721,76.56784,ERA5,Asia/Kolkata,Open-Meteo Historical Weather API
MH-Latur,2015-10-07,26.1,32.5,21.2,0.0,0.0,0.0,58,5.38,0.396,0.398,0.362,25.8,25.9,18.39721,76.56784,ERA5,Asia/Kolkata,Open-Meteo Historical Weather API
MH-Latur,2015-10-08,26.3,32.5,20.2,0.0,0.0,0.0,59,4.85,0.373,0.386,0.358,25.7,25.8,18.39721,76.56784,ERA5,Asia/Kolkata,Open-Meteo Historical Weather API
MH-Latur,2015-10-09,27.0,33.1,20.6,0.0,0.0,0.0,59,4.52,0.353,0.374,0.354,26.6,26.0,18.39721,76.56784,ERA5,Asia/Kolkata,Open-Meteo Historical Weather API
MH-Latur,2015-10-10,27.6,32.4,23.6,0.0,0.0,0.0,65,4.61,0.334,0.362,0.349,27.9,27.0,18.39721,76.56784,ERA5,Asia/Kolkata,Open-Meteo Historical Weather API
MH-Latur,2015-10-11,26.5,31.8,22.4,2.1,2.1,5.0,74,3.94,0.329,0.353,0.346,27.7,27.3,18.39721,76.56784,ERA5,Asia/Kolkata,Open-Meteo Historical Weather API
MH-Latur,2015-10-12,27.0,33.1,22.8,0.9,0.9,3.0,71,4.29,0.34,0.346,0.344,28.2,27.4,18.39721,76.56784,ERA5,Asia/Kolkata,Open-Meteo Historical Weather API
MH-Latur,2015-10-13,27.5,32.9,22.0,0.0,0.0,0.0,58,4.4,0.326,0.338,0.341,27.6,27.4,18.39721,76.56784,ERA5,Asia/Kolkata,Open-Meteo Historical Weather API
MH-Latur,2015-10-14,27.5,34.0,21.7,0.0,0.0,0.0,52,4.53,0.31,0.326,0.335,27.0,27.1,18.39721,76.56784,ERA5,Asia/Kolkata,Open-Meteo Historical Weather API
MH-Latur,2015-10-15,27.5,34.6,19.8,0.0,0.0,0.0,53,4.82,0.298,0.318,0.33,27.5,27.1,18.39721,76.56784,ERA5,Asia/Kolkata,Open-Meteo Historical Weather API
MH-Latur,2015-10-16,27.6,33.2,23.0,0.0,0.0,0.0,55,4.91,0.293,0.318,0.331,27.8,27.3,18.39721,76.56784,ERA5,Asia/Kolkata,Open-Meteo Historical Weather API
MH-Latur,2015-10-17,27.1,32.3,21.8,0.2,0.2,1.0,65,4.46,0.288,0.316,0.331,28.2,27.7,18.39721,76.56784,ERA5,Asia/Kolkata,Open-Meteo Historical Weather API
MH-Latur,2015-10-18,27.3,32.5,21.8,0.0,0.0,0.0,61,4.4,0.283,0.312,0.329,28.4,27.9,18.39721,76.56784,ERA5,Asia/Kolkata,Open-Meteo Historical Weather API
MH-Latur,2015-10-19,27.1,33.8,20.9,0.0,0.0,0.0,54,5.19,0.278,0.306,0.326,28.4,28.0,18.39721,76.56784,ERA5,Asia/Kolkata,Open-Meteo Historical Weather API
MH-Latur,2015-10-20,26.6,33.5,19.4,0.0,0.0,0.0,55,4.64,0.276,0.305,0.327,28.0,27.9,18.39721,76.56784,ERA5,Asia/Kolkata,Open-Meteo Historical Weather API
MH-Latur,2015-10-21,27.2,34.2,20.3,0.0,0.0,0.0,53,4.78,0.273,0.303,0.327,28.1,28.0,18.39721,76.56784,ERA5,Asia/Kolkata,Open-Meteo Historical Weather API
MH-Latur,2015-10-22,27.6,34.2,21.2,0.0,0.0,0.0,52,4.65,0.269,0.3,0.325,28.6,28.2,18.39721,76.56784,ERA5,Asia/Kolkata,Open-Meteo Historical Weather API
MH-Latur,2015-10-23,27.4,32.7,23.0,0.0,0.0,0.0,55,4.07,0.269,0.301,0.326,28.9,28.5,18.39721,76.56784,ERA5,Asia/Kolkata,Open-Meteo Historical Weather API
MH-Latur,2015-10-24,27.5,33.6,21.8,0.0,0.0,0.0,55,4.45,0.269,0.301,0.328,28.6,28.5,18.39721,76.56784,ERA5,Asia/Kolkata,Open-Meteo Historical Weather API
MH-Latur,2015-10-25,26.4,31.3,21.9,0.1,0.1,1.0,59,3.83,0.269,0.301,0.328,27.9,28.2,18.39721,76.56784,ERA5,Asia/Kolkata,Open-Meteo Historical Weather API
MH-Latur,2015-10-26,26.8,31.8,21.5,0.0,0.0,0.0,54,4.78,0.268,0.299,0.327,28.2,27.9,18.39721,76.56784,ERA5,Asia/Kolkata,Open-Meteo Historical Weather API
MH-Latur,2015-10-27,26.2,31.8,20.7,0.0,0.0,0.0,53,4.7,0.266,0.296,0.324,27.9,27.8,18.39721,76.56784,ERA5,Asia/Kolkata,Open-Meteo Historical Weather API
MH-Latur,2015-10-28,26.2,31.7,21.4,0.0,0.0,0.0,53,4.89,0.265,0.296,0.325,27.9,27.9,18.39721,76.56784,ERA5,Asia/Kolkata,Open-Meteo Historical Weather API
MH-Latur,2015-10-29,26.2,31.9,21.6,0.1,0.1,1.0,60,4.18,0.264,0.297,0.325,27.9,27.7,18.39721,76.56784,ERA5,Asia/Kolkata,Open-Meteo Historical Weather API
MH-Latur,2015-10-30,26.3,32.0,21.0,0.0,0.0,0.0,61,4.63,0.264,0.297,0.326,28.1,27.9,18.39721,76.56784,ERA5,Asia/Kolkata,Open-Meteo Historical Weather API
MH-Latur,2015-10-31,25.5,31.0,20.9,0.0,0.0,0.0,64,4.67,0.265,0.3,0.329,27.5,27.7,18.39721,76.56784,ERA5,Asia/Kolkata,Open-Meteo Historical Weather API
MH-Latur,2015-11-01,25.1,31.1,20.2,0.0,0.0,0.0,61,4.71,0.267,0.304,0.332,27.0,27.2,18.39721,76.56784,ERA5,Asia/Kolkata,Open-Meteo Historical Weather API
MH-Latur,2015-11-02,25.3,31.3,19.7,0.0,0.0,0.0,60,4.32,0.267,0.305,0.334,27.0,27.0,18.39721,76.56784,ERA5,Asia/Kolkata,Open-Meteo Historical Weather API
MH-Latur,2015-11-03,25.4,31.2,19.9,0.0,0.0,0.0,62,4.04,0.266,0.304,0.335,26.8,26.8,18.39721,76.56784,ERA5,Asia/Kolkata,Open-Meteo Historical Weather API
MH-Latur,2015-11-04,25.4,32.0,19.4,0.0,0.0,0.0,61,4.31,0.267,0.305,0.335,26.7,26.8,18.39721,76.56784,ERA5,Asia/Kolkata,Open-Meteo Historical Weather API
MH-Latur,2015-11-05,25.6,31.7,18.9,0.0,0.0,0.0,56,4.62,0.265,0.303,0.335,27.0,26.8,18.39721,76.56784,ERA5,Asia/Kolkata,Open-Meteo Historical Weather API
MH-Latur,2015-11-06,26.3,32.7,19.8,0.0,0.0,0.0,50,4.9,0.263,0.302,0.334,27.4,27.1,18.39721,76.56784,ERA5,Asia/Kolkata,Open-Meteo Historical Weather API
MH-Latur,2015-11-07,26.1,32.6,20.2,0.0,0.0,0.0,52,4.87,0.264,0.301,0.335,27.4,27.3,18.39721,76.56784,ERA5,Asia/Kolkata,Open-Meteo Historical Weather API
MH-Latur,2015-11-08,25.7,32.0,20.0,0.0,0.0,0.0,53,5.28,0.265,0.303,0.337,27.1,27.3,18.39721,76.56784,ERA5,Asia/Kolkata,Open-Meteo Historical Weather API
MH-Latur,2015-11-09,24.5,31.1,17.9,0.0,0.0,0.0,53,4.99,0.269,0.308,0.341,26.2,26.8,18.39721,76.56784,ERA5,Asia/Kolkata,Open-Meteo Historical Weather API
MH-Latur,2015-11-10,23.8,30.7,17.9,0.0,0.0,0.0,55,5.12,0.271,0.312,0.345,25.4,26.2,18.39721,76.56784,ERA5,Asia/Kolkata,Open-Meteo Historical Weather API
MH-Latur,2015-11-11,24.5,31.4,18.5,0.0,0.0,0.0,56,5.11,0.269,0.309,0.344,25.5,25.8,18.39721,76.56784,ERA5,Asia/Kolkata,Open-Meteo Historical Weather API
MH-Latur,2015-11-12,24.6,31.6,18.2,0.0,0.0,0.0,56,5.03,0.269,0.307,0.344,25.8,25.8,18.39721,76.56784,ERA5,Asia/Kolkata,Open-Meteo Historical Weather API
MH-Latur,2015-11-13,24.1,31.5,17.0,0.0,0.0,0.0,51,5.04,0.269,0.307,0.344,25.3,25.7,18.39721,76.56784,ERA5,Asia/Kolkata,Open-Meteo Historical Weather API
MH-Latur,2015-11-14,24.0,30.8,17.8,0.0,0.0,0.0,55,4.83,0.27,0.306,0.344,25.1,25.5,18.39721,76.56784,ERA5,Asia/Kolkata,Open-Meteo Historical Weather API
MH-Latur,2015-11-15,24.0,31.1,17.5,0.0,0.0,0.0,53,4.88,0.269,0.304,0.343,25.1,25.4,18.39721,76.56784,ERA5,Asia/Kolkata,Open-Meteo Historical Weather API
MH-Latur,2015-11-16,24.4,30.8,17.6,0.0,0.0,0.0,54,4.69,0.268,0.302,0.342,25.3,25.6,18.39721,76.56784,ERA5,Asia/Kolkata,Open-Meteo Historical Weather API
MH-Latur,2015-11-17,23.7,30.8,16.7,0.0,0.0,0.0,54,5.04,0.267,0.301,0.342,24.9,25.4,18.39721,76.56784,ERA5,Asia/Kolkata,Open-Meteo Historical Weather API
MH-Latur,2015-11-18,23.1,30.3,16.2,0.0,0.0,0.0,53,5.22,0.267,0.3,0.341,24.3,25.0,18.39721,76.56784,ERA5,Asia/Kolkata,Open-Meteo Historical Weather API
MH-Latur,2015-11-19,23.2,30.0,17.1,0.0,0.0,0.0,49,5.39,0.268,0.3,0.342,24.2,24.7,18.39721,76.56784,ERA5,Asia/Kolkata,Open-Meteo Historical Weather API
MH-Latur,2015-11-20,24.2,29.0,18.4,0.0,0.0,0.0,54,3.95,0.267,0.299,0.341,24.8,24.7,18.39721,76.56784,ERA5,Asia/Kolkata,Open-Meteo Historical Weather API
MH-Latur,2015-11-21,24.4,29.1,20.8,2.0,2.0,7.0,74,2.72,0.271,0.296,0.339,25.6,25.2,18.39721,76.56784,ERA5,Asia/Kolkata,Open-Meteo Historical Weather API
MH-Latur,2015-11-22,25.6,30.6,21.2,0.8,0.8,5.0,69,3.3,0.29,0.294,0.337,26.5,25.6,18.39721,76.56784,ERA5,Asia/Kolkata,Open-Meteo Historical Weather API
MH-Latur,2015-11-23,25.6,31.1,22.1,2.0,2.0,5.0,68,3.45,0.292,0.293,0.336,26.9,26.2,18.39721,76.56784,ERA5,Asia/Kolkata,Open-Meteo Historical Weather API
MH-Latur,2015-11-24,25.7,30.9,22.2,0.3,0.3,1.0,70,3.06,0.297,0.29,0.333,26.9,26.4,18.39721,76.56784,ERA5,Asia/Kolkata,Open-Meteo Historical Weather API
MH-Latur,2015-11-25,25.5,31.3,21.5,0.0,0.0,0.0,56,4.32,0.29,0.286,0.329,26.7,26.4,18.39721,76.56784,ERA5,Asia/Kolkata,Open-Meteo Historical Weather API
MH-Latur,2015-11-26,24.7,31.2,19.0,0.0,0.0,0.0,52,4.4,0.279,0.281,0.325,26.2,26.2,18.39721,76.56784,ERA5,Asia/Kolkata,Open-Meteo Historical Weather API
MH-Latur,2015-11-27,24.9,32.3,18.6,0.0,0.0,0.0,55,4.21,0.273,0.278,0.321,26.2,26.1,18.39721,76.56784,ERA5,Asia/Kolkata,Open-Meteo Historical Weather API
MH-Latur,2015-11-28,25.7,32.6,19.7,0.0,0.0,0.0,50,4.67,0.267,0.276,0.319,26.7,26.5,18.39721,76.56784,ERA5,Asia/Kolkata,Open-Meteo Historical Weather API
MH-Latur,2015-11-29,25.9,32.2,21.1,0.0,0.0,0.0,50,5.04,0.262,0.276,0.317,27.1,26.9,18.39721,76.56784,ERA5,Asia/Kolkata,Open-Meteo Historical Weather API
MH-Latur,2015-11-30,25.7,32.4,19.0,0.0,0.0,0.0,50,4.76,0.26,0.274,0.315,27.2,26.8,18.39721,76.56784,ERA5,Asia/Kolkata,Open-Meteo Historical Weather API
MH-Latur,2015-12-01,25.7,32.1,19.6,0.0,0.0,0.0,54,4.16,0.257,0.274,0.313,27.5,26.9,18.39721,76.56784,ERA5,Asia/Kolkata,Open-Meteo Historical Weather API
MH-Latur,2015-12-02,25.7,30.8,21.3,0.0,0.0,0.0,63,3.63,0.256,0.275,0.312,27.4,27.0,18.39721,76.56784,ERA5,Asia/Kolkata,Open-Meteo Historical Weather API
MH-Latur,2015-12-03,25.5,31.4,20.6,0.0,0.0,0.0,60,3.87,0.258,0.276,0.313,27.2,26.9,18.39721,76.56784,ERA5,Asia/Kolkata,Open-Meteo Historical Weather API
MH-Latur,2015-12-04,24.8,30.8,19.5,0.0,0.0,0.0,54,4.12,0.258,0.278,0.315,26.7,26.8,18.39721,76.56784,ERA5,Asia/Kolkata,Open-Meteo Historical Weather API
MH-Latur,2015-12-05,24.0,30.7,18.0,0.0,0.0,0.0,55,4.39,0.259,0.282,0.318,25.9,26.3,18.39721,76.56784,ERA5,Asia/Kolkata,Open-Meteo Historical Weather API
MH-Latur,2015-12-06,23.5,30.6,17.6,0.0,0.0,0.0,52,4.53,0.261,0.286,0.32,25.3,25.9,18.39721,76.56784,ERA5,Asia/Kolkata,Open-Meteo Historical Weather API
MH-Latur,2015-12-07,22.9,29.9,16.7,0.0,0.0,0.0,51,4.37,0.264,0.289,0.322,24.6,25.4,18.39721,76.56784,ERA5,Asia/Kolkata,Open-Meteo Historical Weather API
MH-Latur,2015-12-08,22.7,29.9,16.0,0.0,0.0,0.0,50,4.36,0.265,0.29,0.323,24.3,24.9,18.39721,76.56784,ERA5,Asia/Kolkata,Open-Meteo Historical Weather API
MH-Latur,2015-12-09,23.7,30.5,17.0,0.0,0.0,0.0,49,4.27,0.265,0.293,0.325,24.2,24.7,18.39721,76.56784,ERA5,Asia/Kolkata,Open-Meteo Historical Weather API
MH-Latur,2015-12-10,23.8,30.9,16.8,0.0,0.0,0.0,59,4.2,0.263,0.295,0.326,24.5,24.5,18.39721,76.56784,ERA5,Asia/Kolkata,Open-Meteo Historical Weather API
MH-Latur,2015-12-11,25.8,30.9,21.6,0.0,0.0,0.0,65,3.91,0.262,0.296,0.327,26.3,25.5,18.39721,76.56784,ERA5,Asia/Kolkata,Open-Meteo Historical Weather API
MH-Latur,2015-12-12,25.7,31.8,20.4,0.0,0.0,0.0,60,3.72,0.261,0.297,0.328,26.7,26.2,18.39721,76.56784,ERA5,Asia/Kolkata,Open-Meteo Historical Weather API
MH-Latur,2015-12-13,25.7,32.6,19.3,0.0,0.0,0.0,62,3.94,0.258,0.297,0.328,26.7,26.3,18.39721,76.56784,ERA5,Asia/Kolkata,Open-Meteo Historical Weather API
MH-Latur,2015-12-14,26.4,32.4,22.1,0.0,0.0,0.0,59,4.0,0.26,0.295,0.327,27.5,26.9,18.39721,76.56784,ERA5,Asia/Kolkata,Open-Meteo Historical Weather API
MH-Latur,2015-12-15,25.9,32.0,21.4,0.0,0.0,0.0,57,3.88,0.261,0.293,0.325,27.4,27.2,18.39721,76.56784,ERA5,Asia/Kolkata,Open-Meteo Historical Weather API
MH-Latur,2015-12-16,26.0,33.0,21.0,0.0,0.0,0.0,46,4.61,0.258,0.291,0.321,27.1,27.1,18.39721,76.56784,ERA5,Asia/Kolkata,Open-Meteo Historical Weather API
MH-Latur,2015-12-17,25.4,32.1,20.0,0.0,0.0,0.0,45,4.65,0.255,0.289,0.32,26.7,26.8,18.39721,76.56784,ERA5,Asia/Kolkata,Open-Meteo Historical Weather API
MH-Latur,2015-12-18,24.5,30.3,19.7,0.0,0.0,0.0,53,4.23,0.259,0.295,0.325,26.3,26.4,18.39721,76.56784,ERA5,Asia/Kolkata,Open-Meteo Historical Weather API
MH-Latur,2015-12-19,24.7,31.3,19.5,0.0,0.0,0.0,59,4.11,0.261,0.298,0.328,26.2,26.5,18.39721,76.56784,ERA5,Asia/Kolkata,Open-Meteo Historical Weather API
MH-Latur,2015-12-20,25.0,31.2,21.3,0.0,0.0,0.0,54,4.5,0.263,0.3,0.33,26.3,26.4,18.39721,76.56784,ERA5,Asia/Kolkata,Open-Meteo Historical Weather API
MH-Latur,2015-12-21,25.2,30.4,21.6,0.0,0.0,0.0,57,3.53,0.26,0.298,0.329,26.3,26.3,18.39721,76.56784,ERA5,Asia/Kolkata,Open-Meteo Historical Weather API
MH-Latur,2015-12-22,23.9,30.5,18.9,0.0,0.0,0.0,53,4.18,0.258,0.296,0.327,25.8,26.2,18.39721,76.56784,ERA5,Asia/Kolkata,Open-Meteo Historical Weather API
MH-Latur,2015-12-23,22.0,29.1,16.1,0.0,0.0,0.0,51,4.1,0.26,0.296,0.327,24.2,25.3,18.39721,76.56784,ERA5,Asia/Kolkata,Open-Meteo Historical Weather API
MH-Latur,2015-12-24,20.3,27.1,15.4,0.0,0.0,0.0,49,4.33,0.265,0.299,0.33,22.7,24.4,18.39721,76.56784,ERA5,Asia/Kolkata,Open-Meteo Historical Weather API
MH-Latur,2015-12-25,17.9,25.2,12.6,0.0,0.0,0.0,43,4.5,0.269,0.303,0.333,20.7,23.0,18.39721,76.56784,ERA5,Asia/Kolkata,Open-Meteo Historical Weather API
MH-Latur,2015-12-26,17.7,25.6,10.6,0.0,0.0,0.0,42,4.27,0.271,0.304,0.335,19.9,21.6,18.39721,76.56784,ERA5,Asia/Kolkata,Open-Meteo Historical Weather API
MH-Latur,2015-12-27,18.8,27.3,11.7,0.0,0.0,0.0,43,4.46,0.271,0.3,0.333,20.2,21.2,18.39721,76.56784,ERA5,Asia/Kolkata,Open-Meteo Historical Weather API
MH-Latur,2015-12-28,20.7,30.1,11.8,0.0,0.0,0.0,43,4.76,0.269,0.294,0.328,21.2,21.7,18.39721,76.56784,ERA5,Asia/Kolkata,Open-Meteo Historical Weather API
MH-Latur,2015-12-29,21.8,31.5,13.4,0.0,0.0,0.0,42,4.91,0.268,0.291,0.326,22.1,22.4,18.39721,76.56784,ERA5,Asia/Kolkata,Open-Meteo Historical Weather API
MH-Latur,2015-12-30,22.6,32.1,13.8,0.0,0.0,0.0,41,4.94,0.268,0.286,0.322,22.8,22.8,18.39721,76.56784,ERA5,Asia/Kolkata,Open-Meteo Historical Weather API
MH-Latur,2015-12-31,22.7,32.2,13.6,0.0,0.0,0.0,43,4.85,0.268,0.286,0.321,23.3,23.3,18.39721,76.56784,ERA5,Asia/Kolkata,Open-Meteo Historical Weather API
MH-Latur,2016-01-01,23.0,31.8,15.2,0.0,0.0,0.0,44,4.62,0.267,0.286,0.321,23.5,23.6,18.39721,76.56784,ERA5,Asia/Kolkata,Open-Meteo Historical Weather API
MH-Latur,2016-01-02,22.9,30.7,15.3,0.0,0.0,0.0,46,4.45,0.264,0.288,0.322,23.4,23.6,18.39721,76.56784,ERA5,Asia/Kolkata,Open-Meteo Historical Weather API
MH-Latur,2016-01-03,22.1,30.5,13.9,0.0,0.0,0.0,43,4.24,0.265,0.29,0.323,22.8,23.4,18.39721,76.56784,ERA5,Asia/Kolkata,Open-Meteo Historical Weather API
MH-Latur,2016-01-04,21.9,29.9,14.7,0.0,0.0,0.0,52,4.4,0.266,0.291,0.324,22.9,23.2,18.39721,76.56784,ERA5,Asia/Kolkata,Open-Meteo Historical Weather API
MH-Latur,2016-01-05,22.1,29.5,16.4,0.0,0.0,0.0,54,4.19,0.267,0.293,0.326,23.4,23.4,18.39721,76.56784,ERA5,Asia/Kolkata,Open-Meteo Historical Weather API
MH-Latur,2016-01-06,22.1,29.4,15.6,0.0,0.0,0.0,51,4.24,0.269,0.298,0.33,23.2,23.4,18.39721,76.56784,ERA5,Asia/Kolkata,Open-Meteo Historical Weather API
MH-Latur,2016-01-07,22.2,29.2,16.7,0.0,0.0,0.0,51,4.17,0.27,0.3,0.332,23.3,23.4,18.39721,76.56784,ERA5,Asia/Kolkata,Open-Meteo Historical Weather API
MH-Latur,2016-01-08,22.2,29.5,16.1,0.0,0.0,0.0,48,4.1,0.272,0.307,0.337,23.0,23.3,18.39721,76.56784,ERA5,Asia/Kolkata,Open-Meteo Historical Weather API
MH-Latur,2016-01-09,22.4,29.0,17.0,0.0,0.0,0.0,48,3.97,0.271,0.311,0.342,22.9,23.3,18.39721,76.56784,ERA5,Asia/Kolkata,Open-Meteo Historical Weather API
MH-Latur,2016-01-10,22.2,28.9,16.6,0.0,0.0,0.0,48,4.18,0.271,0.31,0.342,22.8,23.3,18.39721,76.56784,ERA5,Asia/Kolkata,Open-Meteo Historical Weather API
MH-Latur,2016-01-11,21.7,29.0,15.1,0.0,0.0,0.0,49,4.26,0.268,0.308,0.341,22.6,23.1,18.39721,76.56784,ERA5,Asia/Kolkata,Open-Meteo Historical Weather API
MH-Latur,2016-01-12,21.7,29.0,15.8,0.0,0.0,0.0,50,4.34,0.266,0.309,0.342,22.7,23.2,18.39721,76.56784,ERA5,Asia/Kolkata,Open-Meteo Historical Weather API
MH-Latur,2016-01-13,21.4,29.1,14.2,0.0,0.0,0.0,52,4.34,0.265,0.308,0.342,22.5,23.0,18.39721,76.56784,ERA5,Asia/Kolkata,Open-Meteo Historical Weather API
MH-Latur,2016-01-14,21.7,28.9,15.5,0.0,0.0,0.0,52,4.71,0.265,0.308,0.343,22.5,22.9,18.39721,76.56784,ERA5,Asia/Kolkata,Open-Meteo Historical Weather API
MH-Latur,2016-01-15,22.4,27.5,18.6,0.0,0.0,0.0,55,4.19,0.267,0.311,0.345,23.2,23.2,18.39721,76.56784,ERA5,Asia/Kolkata,Open-Meteo Historical Weather API
MH-Latur,2016-01-16,23.0,28.5,18.7,0.0,0.0,0.0,52,4.49,0.268,0.312,0.347,23.6,23.4,18.39721,76.56784,ERA5,Asia/Kolkata,Open-Meteo Historical Weather API
MH-Latur,2016-01-17,22.9,28.4,18.7,0.0,0.0,0.0,55,3.98,0.269,0.31,0.346,24.0,23.9,18.39721,76.56784,ERA5,Asia/Kolkata,Open-Meteo Historical Weather API
MH-Latur,2016-01-18,22.8,28.9,18.4,0.0,0.0,0.0,53,4.36,0.272,0.312,0.348,23.8,23.7,18.39721,76.56784,ERA5,Asia/Kolkata,Open-Meteo Historical Weather API
MH-Latur,2016-01-19,21.3,27.5,17.4,0.0,0.0,0.0,49,3.95,0.273,0.313,0.349,23.0,23.3,18.39721,76.56784,ERA5,Asia/Kolkata,Open-Meteo Historical Weather API
MH-Latur,2016-01-20,20.7,27.9,14.4,0.0,0.0,0.0,45,4.48,0.272,0.308,0.346,22.3,22.7,18.39721,76.56784,ERA5,Asia/Kolkata,Open-Meteo Historical Weather API
MH-Latur,2016-01-21,19.4,25.6,14.5,0.0,0.0,0.0,48,4.53,0.271,0.304,0.343,21.6,22.5,18.39721,76.56784,ERA5,Asia/Kolkata,Open-Meteo Historical Weather API
MH-Latur,2016-01-22,19.4,26.8,12.9,0.0,0.0,0.0,46,4.49,0.272,0.303,0.343,21.2,22.1,18.39721,76.56784,ERA5,Asia/Kolkata,Open-Meteo Historical Weather API
MH-Latur,2016-01-23,19.9,27.6,13.6,0.0,0.0,0.0,44,4.54,0.273,0.302,0.342,21.3,21.9,18.39721,76.56784,ERA5,Asia/Kolkata,Open-Meteo Historical Weather API
MH-Latur,2016-01-24,21.8,29.2,15.2,0.0,0.0,0.0,46,4.42,0.275,0.302,0.341,22.3,22.2,18.39721,76.56784,ERA5,Asia/Kolkata,Open-Meteo Historical Weather API
MH-Latur,2016-01-25,23.1,30.4,16.8,0.0,0.0,0.0,51,4.09,0.274,0.299,0.34,23.7,23.3,18.39721,76.56784,ERA5,Asia/Kolkata,Open-Meteo Historical Weather API
MH-Latur,2016-01-26,23.8,30.9,16.8,0.0,0.0,0.0,57,4.12,0.271,0.294,0.336,24.1,23.8,18.39721,76.56784,ERA5,Asia/Kolkata,Open-Meteo Historical Weather API
MH-Latur,2016-01-27,23.7,31.2,16.5,0.0,0.0,0.0,50,4.48,0.27,0.292,0.334,24.6,24.1,18.39721,76.56784,ERA5,Asia/Kolkata,Open-Meteo Historical Weather API
MH-Latur,2016-01-28,23.2,31.6,16.7,0.0,0.0,0.0,38,5.22,0.269,0.292,0.333,24.2,24.1,18.39721,76.56784,ERA5,Asia/Kolkata,Open-Meteo Historical Weather API
MH-Latur,2016-01-29,23.1,32.0,15.8,0.0,0.0,0.0,45,5.33,0.27,0.293,0.335,23.8,23.8,18.39721,76.56784,ERA5,Asia/Kolkata,Open-Meteo Historical Weather API
MH-Latur,2016-01-30,24.3,33.0,15.5,0.0,0.0,0.0,42,4.98,0.268,0.292,0.334,24.3,24.0,18.39721,76.56784,ERA5,Asia/Kolkata,Open-Meteo Historical Weather API
MH-Latur,2016-01-31,25.5,33.2,17.6,0.0,0.0,0.0,38,4.43,0.267,0.291,0.333,25.0,24.3,18.39721,76.56784,ERA5,Asia/Kolkata,Open-Meteo Historical Weather API
MH-Latur,2016-02-01,24.9,33.2,17.1,0.0,0.0,0.0,42,4.83,0.265,0.29,0.331,25.2,24.7,18.39721,76.56784,ERA5,Asia/Kolkata,Open-Meteo Historical Weather API
MH-Latur,2016-02-02,25.3,33.5,17.4,0.0,0.0,0.0,42,4.84,0.263,0.289,0.329,25.7,25.1,18.39721,76.56784,ERA5,Asia/Kolkata,Open-Meteo Historical Weather API
MH-Latur,2016-02-03,24.5,32.9,17.2,0.0,0.0,0.0,39,5.35,0.264,0.291,0.328,25.3,25.1,18.39721,76.56784,ERA5,Asia/Kolkata,Open-Meteo Historical Weather API
MH-Latur,2016-02-04,23.5,31.8,16.1,0.0,0.0,0.0,40,5.24,0.265,0.297,0.33,24.5,24.7,18.39721,76.56784,ERA5,Asia/Kolkata,Open-Meteo Historical Weather API
MH-Latur,2016-02-05,24.0,31.7,17.6,0.0,0.0,0.0,44,5.4,0.263,0.297,0.33,24.8,24.6,18.39721,76.56784,ERA5,Asia/Kolkata,Open-Meteo Historical Weather API
MH-Latur,2016-02-06,25.0,31.8,18.6,0.0,0.0,0.0,47,5.87,0.263,0.298,0.331,25.5,24.9,18.39721,76.56784,ERA5,Asia/Kolkata,Open-Meteo Historical Weather API
MH-Latur,2016-02-07,24.7,30.6,20.4,0.0,0.0,0.0,47,4.73,0.262,0.299,0.333,26.3,25.5,18.39721,76.56784,ERA5,Asia/Kolkata,Open-Meteo Historical Weather API
MH-Latur,2016-02-08,24.5,31.6,18.0,0.0,0.0,0.0,44,5.04,0.262,0.3,0.333,25.7,25.4,18.39721,76.56784,ERA5,Asia/Kolkata,Open-Meteo Historical Weather API
MH-Latur,2016-02-09,25.1,32.2,18.0,0.0,0.0,0.0,48,4.93,0.262,0.301,0.334,25.8,25.4,18.39721,76.56784,ERA5,Asia/Kolkata,Open-Meteo Historical Weather API
MH-Latur,2016-02-10,26.4,33.3,20.5,0.0,0.0,0.0,48,5.28,0.262,0.301,0.335,26.9,26.2,18.39721,76.56784,ERA5,Asia/Kolkata,Open-Meteo Historical Weather API
MH-Latur,2016-02-11,26.1,31.2,21.8,0.0,0.0,0.0,50,4.8,0.262,0.3,0.335,27.2,26.5,18.39721,76.56784,ERA5,Asia/Kolkata,Open-Meteo Historical Weather API
MH-Latur,2016-02-12,26.1,32.5,21.2,0.0,0.0,0.0,42,5.57,0.263,0.301,0.336,27.3,26.6,18.39721,76.56784,ERA5,Asia/Kolkata,Open-Meteo Historical Weather API
MH-Latur,2016-02-13,25.2,32.3,20.0,0.0,0.0,0.0,42,5.36,0.261,0.301,0.336,26.6,26.3,18.39721,76.56784,ERA5,Asia/Kolkata,Open-Meteo Historical Weather API
MH-Latur,2016-02-14,26.0,32.3,20.5,0.0,0.0,0.0,43,5.14,0.258,0.3,0.336,27.0,26.4,18.39721,76.56784,ERA5,Asia/Kolkata,Open-Meteo Historical Weather API
MH-Latur,2016-02-15,27.1,33.0,21.8,0.0,0.0,0.0,41,5.91,0.254,0.297,0.334,27.9,27.0,18.39721,76.56784,ERA5,Asia/Kolkata,Open-Meteo Historical Weather API
MH-Latur,2016-02-16,26.0,32.1,20.9,0.0,0.0,0.0,44,6.0,0.253,0.296,0.334,27.5,26.9,18.39721,76.56784,ERA5,Asia/Kolkata,Open-Meteo Historical Weather API
MH-Latur,2016-02-17,26.5,33.3,21.5,0.0,0.0,0.0,35,6.6,0.254,0.297,0.334,27.6,27.0,18.39721,76.56784,ERA5,Asia/Kolkata,Open-Meteo Historical Weather API
MH-Latur,2016-02-18,26.4,34.0,19.9,0.0,0.0,0.0,38,6.6,0.255,0.298,0.336,27.3,26.6,18.39721,76.56784,ERA5,Asia/Kolkata,Open-Meteo Historical Weather API
MH-Latur,2016-02-19,26.6,34.1,20.5,0.0,0.0,0.0,34,6.24,0.255,0.298,0.336,27.5,26.7,18.39721,76.56784,ERA5,Asia/Kolkata,Open-Meteo Historical Weather API
MH-Latur,2016-02-20,26.7,34.2,19.0,0.0,0.0,0.0,35,5.41,0.255,0.3,0.338,27.5,26.7,18.39721,76.56784,ERA5,Asia/Kolkata,Open-Meteo Historical Weather API
MH-Latur,2016-02-21,28.1,34.7,20.4,0.0,0.0,0.0,43,5.05,0.254,0.299,0.337,28.5,27.2,18.39721,76.56784,ERA5,Asia/Kolkata,Open-Meteo Historical Weather API
MH-Latur,2016-02-22,29.6,35.7,24.0,0.0,0.0,0.0,49,5.42,0.253,0.298,0.337,30.2,28.5,18.39721,76.56784,ERA5,Asia/Kolkata,Open-Meteo Historical Weather API
MH-Latur,2016-02-23,29.4,35.9,23.8,0.0,0.0,0.0,46,6.12,0.256,0.3,0.338,30.2,29.1,18.39721,76.56784,ERA5,Asia/Kolkata,Open-Meteo Historical Weather API
MH-Latur,2016-02-24,29.1,36.1,23.4,0.0,0.0,0.0,43,6.08,0.257,0.301,0.34,30.2,29.5,18.39721,76.56784,ERA5,Asia/Kolkata,Open-Meteo Historical Weather API
MH-Latur,2016-02-25,28.0,35.0,22.3,0.0,0.0,0.0,39,5.59,0.258,0.302,0.341,29.5,29.1,18.39721,76.56784,ERA5,Asia/Kolkata,Open-Meteo Historical Weather API
MH-Latur,2016-02-26,27.9,34.7,21.4,0.0,0.0,0.0,45,5.36,0.26,0.304,0.343,29.0,28.5,18.39721,76.56784,ERA5,Asia/Kolkata,Open-Meteo Historical Weather API
MH-Latur,2016-02-27,27.5,32.4,22.9,1.1,1.1,1.0,60,4.17,0.263,0.304,0.344,29.1,28.5,18.39721,76.56784,ERA5,Asia/Kolkata,Open-Meteo Historical Weather API
MH-Latur,2016-02-28,27.9,33.8,23.6,1.8,1.8,3.0,57,4.62,0.271,0.304,0.344,29.1,28.3,18.39721,76.56784,ERA5,Asia/Kolkata,Open-Meteo Historical Weather API
MH-Latur,2016-02-29,27.1,33.7,22.2,4.5,4.5,5.0,64,4.47,0.295,0.298,0.339,29.1,28.3,18.39721,76.56784,ERA5,Asia/Kolkata,Open-Meteo Historical Weather API
MH-Latur,2016-03-01,25.5,31.4,20.1,5.4,5.4,6.0,70,4.26,0.414,0.302,0.339,27.5,27.7,18.39721,76.56784,ERA5,Asia/Kolkata,Open-Meteo Historical Weather API
MH-Latur,2016-03-02,25.5,32.3,20.1,3.6,3.6,6.0,68,4.33,0.394,0.305,0.339,27.4,27.1,18.39721,76.56784,ERA5,Asia/Kolkata,Open-Meteo Historical Weather API
MH-Latur,2016-03-03,25.5,31.7,19.4,0.2,0.2,1.0,65,4.21,0.408,0.308,0.337,27.1,26.9,18.39721,76.56784,ERA5,Asia/Kolkata,Open-Meteo Historical Weather API
MH-Latur,2016-03-04,27.0,32.3,22.3,0.0,0.0,0.0,54,4.78,0.376,0.31,0.336,27.6,27.0,18.39721,76.56784,ERA5,Asia/Kolkata,Open-Meteo Historical Weather API
MH-Latur,2016-03-05,26.7,32.3,21.6,0.0,0.0,0.0,58,4.65,0.353,0.306,0.333,27.4,27.1,18.39721,76.56784,ERA5,Asia/Kolkata,Open-Meteo Historical Weather API
MH-Latur,2016-03-06,27.7,33.8,21.7,0.0,0.0,0.0,51,4.96,0.335,0.303,0.331,27.9,27.2,18.39721,76.56784,ERA5,Asia/Kolkata,Open-Meteo Historical Weather API
MH-Latur,2016-03-07,28.1,34.5,22.8,0.0,0.0,0.0,47,5.89,0.32,0.301,0.33,28.8,27.7,18.39721,76.56784,ERA5,Asia/Kolkata,Open-Meteo Historical Weather API
MH-Latur,2016-03-08,28.5,34.9,21.8,0.0,0.0,0.0,42,6.1,0.308,0.301,0.331,29.1,28.1,18.39721,76.56784,ERA5,Asia/Kolkata,Open-Meteo Historical Weather API
MH-Latur,2016-03-09,28.5,34.8,23.7,0.0,0.0,0.0,43,5.14,0.298,0.301,0.331,29.1,28.4,18.39721,76.56784,ERA5,Asia/Kolkata,Open-Meteo Historical Weather API
MH-Latur,2016-03-10,29.2,36.2,22.6,0.0,0.0,0.0,41,5.65,0.291,0.299,0.331,29.9,28.7,18.39721,76.56784,ERA5,Asia/Kolkata,Open-Meteo Historical Weather API
MH-Latur,2016-03-11,29.7,36.8,23.3,0.1,0.1,1.0,37,6.39,0.284,0.297,0.329,29.9,29.1,18.39721,76.56784,ERA5,Asia/Kolkata,Open-Meteo Historical Weather API
MH-Latur,2016-03-12,30.6,37.5,25.2,0.5,0.5,1.0,37,7.33,0.28,0.295,0.328,30.8,29.5,18.39721,76.56784,ERA5,Asia/Kolkata,Open-Meteo Historical Weather API
MH-Latur,2016-03-13,29.0,35.1,24.1,0.2,0.2,1.0,37,6.72,0.285,0.296,0.33,30.3,29.6,18.39721,76.56784,ERA5,Asia/Kolkata,Open-Meteo Historical Weather API
MH-Latur,2016-03-14,27.3,33.9,21.7,0.0,0.0,0.0,36,6.62,0.276,0.295,0.329,29.4,29.1,18.39721,76.56784,ERA5,Asia/Kolkata,Open-Meteo Historical Weather API
MH-Latur,2016-03-15,28.1,35.2,20.9,0.0,0.0,0.0,33,6.91,0.269,0.294,0.329,29.0,28.5,18.39721,76.56784,ERA5,Asia/Kolkata,Open-Meteo Historical Weather API
MH-Latur,2016-03-16,28.3,35.6,23.1,0.0,0.0,0.0,37,7.09,0.265,0.295,0.331,29.7,28.8,18.39721,76.56784,ERA5,Asia/Kolkata,Open-Meteo Historical Weather API
MH-Latur,2016-03-17,28.8,37.3,20.5,0.0,0.0,0.0,34,7.16,0.26,0.294,0.33,29.8,28.8,18.39721,76.56784,ERA5,Asia/Kolkata,Open-Meteo Historical Weather API
MH-Latur,2016-03-18,30.7,37.5,24.5,0.0,0.0,0.0,35,7.32,0.254,0.29,0.327,31.4,29.8,18.39721,76.56784,ERA5,Asia/Kolkata,Open-Meteo Historical Weather API
MH-Latur,2016-03-19,31.1,37.3,25.3,0.0,0.0,0.0,33,7.27,0.252,0.288,0.325,32.0,30.6,18.39721,76.56784,ERA5,Asia/Kolkata,Open-Meteo Historical Weather API
MH-Latur,2016-03-20,30.7,37.7,23.1,0.0,0.0,0.0,34,7.62,0.252,0.288,0.325,31.9,30.8,18.39721,76.56784,ERA5,Asia/Kolkata,Open-Meteo Historical Weather API
MH-Latur,2016-03-21,30.4,37.1,23.9,0.0,0.0,0.0,26,8.25,0.251,0.287,0.324,31.8,30.9,18.39721,76.56784,ERA5,Asia/Kolkata,Open-Meteo Historical Weather API
MH-Latur,2016-03-22,29.7,37.3,22.5,0.0,0.0,0.0,25,7.43,0.251,0.286,0.323,31.2,30.4,18.39721,76.56784,ERA5,Asia/Kolkata,Open-Meteo Historical Weather API
MH-Latur,2016-03-23,30.2,38.0,23.0,0.0,0.0,0.0,25,7.88,0.252,0.288,0.323,31.1,30.4,18.39721,76.56784,ERA5,Asia/Kolkata,Open-Meteo Historical Weather API
MH-Latur,2016-03-24,31.0,38.6,22.5,0.0,0.0,0.0,30,7.25,0.25,0.289,0.323,31.6,30.5,18.39721,76.56784,ERA5,Asia/Kolkata,Open-Meteo Historical Weather API
MH-Latur,2016-03-25,32.2,38.7,26.5,0.0,0.0,0.0,33,7.43,0.248,0.29,0.324,33.1,31.4,18.39721,76.56784,ERA5,Asia/Kolkata,Open-Meteo Historical Weather API
MH-Latur,2016-03-26,32.4,39.2,26.6,0.0,0.0,0.0,32,7.09,0.247,0.291,0.325,33.2,32.0,18.39721,76.56784,ERA5,Asia/Kolkata,Open-Meteo Historical Weather API
MH-Latur,2016-03-27,31.0,38.6,25.4,0.2,0.2,1.0,35,5.99,0.247,0.292,0.326,32.7,32.0,18.39721,76.56784,ERA5,Asia/Kolkata,Open-Meteo Historical Weather API
MH-Latur,2016-03-28,30.3,37.1,24.4,0.0,0.0,0.0,40,6.18,0.253,0.298,0.332,32.3,31.6,18.39721,76.56784,ERA5,Asia/Kolkata,Open-Meteo Historical Weather API
MH-Latur,2016-03-29,31.1,37.9,23.5,0.0,0.0,0.0,35,6.17,0.254,0.3,0.333,32.3,31.5,18.39721,76.56784,ERA5,Asia/Kolkata,Open-Meteo Historical Weather API
MH-Latur,2016-03-30,31.2,38.2,24.2,0.0,0.0,0.0,28,6.63,0.251,0.297,0.332,32.4,31.4,18.39721,76.56784,ERA5,Asia/Kolkata,Open-Meteo Historical Weather API
MH-Latur,2016-03-31,30.9,38.6,24.1,0.0,0.0,0.0,26,7.67,0.249,0.293,0.33,32.2,31.4,18.39721,76.56784,ERA5,Asia/Kolkata,Open-Meteo Historical Weather API
MH-Latur,2016-04-01,31.8,39.1,25.0,0.0,0.0,0.0,26,7.09,0.247,0.291,0.328,32.5,31.4,18.39721,76.56784,ERA5,Asia/Kolkata,Open-Meteo Historical Weather API
MH-Latur,2016-04-02,32.5,40.0,23.9,0.0,0.0,0.0,29,6.39,0.244,0.289,0.326,33.3,31.8,18.39721,76.56784,ERA5,Asia/Kolkata,Open-Meteo Historical Weather API
MH-Latur,2016-04-03,32.8,40.0,25.5,0.0,0.0,0.0,31,6.28,0.243,0.287,0.323,33.8,32.3,18.39721,76.56784,ERA5,Asia/Kolkata,Open-Meteo Historical Weather API
MH-Latur,2016-04-04,33.0,39.7,28.6,0.2,0.2,1.0,36,6.44,0.242,0.285,0.322,34.5,33.0,18.39721,76.56784,ERA5,Asia/Kolkata,Open-Meteo Historical Weather API
MH-Latur,2016-04-05,30.9,36.2,27.4,0.2,0.2,2.0,43,4.69,0.246,0.284,0.321,33.0,32.6,18.39721,76.56784,ERA5,Asia/Kolkata,Open-Meteo Historical Weather API
MH-Latur,2016-04-06,30.3,37.0,24.6,1.1,1.1,2.0,49,5.35,0.249,0.282,0.318,32.6,31.9,18.39721,76.56784,ERA5,Asia/Kolkata,Open-Meteo Historical Weather API
MH-Latur,2016-04-07,30.1,37.0,24.2,0.7,0.7,3.0,50,5.55,0.26,0.28,0.316,32.4,31.7,18.39721,76.56784,ERA5,Asia/Kolkata,Open-Meteo Historical Weather API
MH-Latur,2016-04-08,31.9,38.3,26.5,0.0,0.0,0.0,37,6.22,0.26,0.281,0.316,33.4,32.1,18.39721,76.56784,ERA5,Asia/Kolkata,Open-Meteo Historical Weather API
MH-Latur,2016-04-09,32.2,38.2,26.8,0.0,0.0,0.0,37,6.29,0.254,0.281,0.313,33.9,32.7,18.39721,76.56784,ERA5,Asia/Kolkata,Open-Meteo Historical Weather API
MH-Latur,2016-04-10,32.2,38.3,26.1,0.0,0.0,0.0,40,5.63,0.259,0.284,0.316,34.0,32.9,18.39721,76.56784,ERA5,Asia/Kolkata,Open-Meteo Historical Weather API
MH-Latur,2016-04-11,33.2,39.1,27.6,0.0,0.0,0.0,33,6.98,0.255,0.281,0.312,34.7,33.3,18.39721,76.56784,ERA5,Asia/Kolkata,Open-Meteo Historical Weather API
MH-Latur,2016-04-12,33.3,39.6,27.1,0.0,0.0,0.0,30,6.74,0.25,0.279,0.309,35.2,33.8,18.39721,76.56784,ERA5,Asia/Kolkata,Open-Meteo Historical Weather API
MH-Latur,2016-04-13,33.3,39.5,27.1,0.0,0.0,0.0,28,7.53,0.248,0.278,0.307,35.1,33.9,18.39721,76.56784,ERA5,Asia/Kolkata,Open-Meteo Historical Weather API
MH-Latur,2016-04-14,33.8,40.8,26.3,0.0,0.0,0.0,25,7.62,0.247,0.278,0.305,35.1,33.8,18.39721,76.56784,ERA5,Asia/Kolkata,Open-Meteo Historical Weather API
MH-Latur,2016-04-15,34.2,41.0,27.2,0.0,0.0,0.0,27,6.97,0.246,0.278,0.303,35.7,34.1,18.39721,76.56784,ERA5,Asia/Kolkata,Open-Meteo Historical Weather API
MH-Latur,2016-04-16,34.7,41.0,28.1,0.2,0.2,1.0,29,7.57,0.246,0.279,0.303,36.4,34.7,18.39721,76.56784,ERA5,Asia/Kolkata,Open-Meteo Historical Weather API
MH-Latur,2016-04-17,34.2,40.5,28.7,0.0,0.0,0.0,26,7.99,0.246,0.279,0.302,36.7,35.3,18.39721,76.56784,ERA5,Asia/Kolkata,Open-Meteo Historical Weather API
MH-Latur,2016-04-18,33.2,39.7,28.0,0.5,0.5,2.0,33,6.78,0.248,0.279,0.302,35.7,34.8,18.39721,76.56784,ERA5,Asia/Kolkata,Open-Meteo Historical Weather API
MH-Latur,2016-04-19,34.1,39.6,28.8,0.0,0.0,0.0,38,5.63,0.255,0.279,0.302,35.8,34.5,18.39721,76.56784,ERA5,Asia/Kolkata,Open-Meteo Historical Weather API
MH-Latur,2016-04-20,35.5,41.0,31.3,0.0,0.0,0.0,32,6.22,0.251,0.279,0.302,36.9,35.0,18.39721,76.56784,ERA5,Asia/Kolkata,Open-Meteo Historical Weather API
MH-Latur,2016-04-21,36.0,41.7,30.1,0.0,0.0,0.0,28,7.41,0.246,0.276,0.299,37.3,35.7,18.39721,76.56784,ERA5,Asia/Kolkata,Open-Meteo Historical Weather API
MH-Latur,2016-04-22,35.1,41.2,29.0,0.0,0.0,0.0,25,9.48,0.243,0.274,0.298,37.1,35.8,18.39721,76.56784,ERA5,Asia/Kolkata,Open-Meteo Historical Weather API
MH-Latur,2016-04-23,33.0,39.9,26.2,0.0,0.0,0.0,28,9.06,0.243,0.274,0.298,35.7,35.1,18.39721,76.56784,ERA5,Asia/Kolkata,Open-Meteo Historical Weather API
MH-Latur,2016-04-24,33.0,39.9,26.2,0.0,0.0,0.0,26,8.68,0.243,0.274,0.297,35.5,34.7,18.39721,76.56784,ERA5,Asia/Kolkata,Open-Meteo Historical Weather API
MH-Latur,2016-04-25,33.5,41.1,26.0,0.0,0.0,0.0,30,8.26,0.243,0.273,0.294,35.9,34.7,18.39721,76.56784,ERA5,Asia/Kolkata,Open-Meteo Historical Weather API
MH-Latur,2016-04-26,34.7,41.4,27.3,0.0,0.0,0.0,25,8.01,0.243,0.272,0.291,36.8,35.2,18.39721,76.56784,ERA5,Asia/Kolkata,Open-Meteo Historical Weather API
MH-Latur,2016-04-27,34.5,41.0,28.9,0.5,0.5,2.0,28,6.84,0.252,0.272,0.29,36.8,35.7,18.39721,76.56784,ERA5,Asia/Kolkata,Open-Meteo Historical Weather API
MH-Latur,2016-04-28,33.8,40.5,27.1,1.6,1.6,2.0,33,6.24,0.279,0.272,0.292,36.0,35.3,18.39721,76.56784,ERA5,Asia/Kolkata,Open-Meteo Historical Weather API
MH-Latur,2016-04-29,33.6,39.9,28.4,1.9,1.9,2.0,36,6.42,0.291,0.276,0.297,35.5,34.9,18.39721,76.56784,ERA5,Asia/Kolkata,Open-Meteo Historical Weather API
MH-Latur,2016-04-30,33.1,40.0,28.5,1.6,1.6,2.0,37,6.52,0.287,0.28,0.301,35.2,34.6,18.39721,76.56784,ERA5,Asia/Kolkata,Open-Meteo Historical Weather API
MH-Latur,2016-05-01,33.5,39.8,26.8,0.3,0.3,1.0,35,6.59,0.277,0.281,0.3,35.2,34.4,18.39721,76.56784,ERA5,Asia/Kolkata,Open-Meteo Historical Weather API
MH-Latur,2016-05-02,34.1,40.1,28.2,0.0,0.0,0.0,31,6.89,0.268,0.279,0.298,35.7,34.6,18.39721,76.56784,ERA5,Asia/Kolkata,Open-Meteo Historical Weather API
MH-Latur,2016-05-03,33.9,40.4,27.8,1.7,1.7,1.0,31,7.19,0.263,0.276,0.296,35.9,35.0,18.39721,76.56784,ERA5,Asia/Kolkata,Open-Meteo Historical Weather API
MH-Latur,2016-05-04,31.9,39.4,27.1,2.1,2.1,2.0,42,6.26,0.273,0.277,0.296,34.9,34.7,18.39721,76.56784,ERA5,Asia/Kolkata,Open-Meteo Historical Weather API
MH-Latur,2016-05-05,31.4,38.4,25.2,1.6,1.6,3.0,45,6.56,0.282,0.284,0.301,34.0,33.9,18.39721,76.56784,ERA5,Asia/Kolkata,Open-Meteo Historical Weather API
MH-Latur,2016-05-06,28.6,35.8,24.3,1.3,1.3,3.0,56,5.96,0.297,0.291,0.309,32.4,33.3,18.39721,76.56784,ERA5,Asia/Kolkata,Open-Meteo Historical Weather API
MH-Latur,2016-05-07,30.8,37.9,23.9,0.0,0.0,0.0,43,6.54,0.296,0.294,0.312,32.6,32.5,18.39721,76.56784,ERA5,Asia/Kolkata,Open-Meteo Historical Weather API
MH-Latur,2016-05-08,31.0,37.5,24.0,0.0,0.0,0.0,42,5.84,0.288,0.297,0.315,32.8,32.6,18.39721,76.56784,ERA5,Asia/Kolkata,Open-Meteo Historical Weather API
MH-Latur,2016-05-09,30.5,37.5,25.6,1.1,1.1,3.0,46,5.66,0.292,0.298,0.317,32.8,32.7,18.39721,76.56784,ERA5,Asia/Kolkata,Open-Meteo Historical Weather API
MH-Latur,2016-05-10,29.7,36.1,24.4,1.7,1.7,2.0,52,5.67,0.305,0.301,0.321,32.1,32.4,18.39721,76.56784,ERA5,Asia/Kolkata,Open-Meteo Historical Weather API
MH-Latur,2016-05-11,30.9,38.0,24.7,1.1,1.1,2.0,46,6.45,0.3,0.3,0.32,33.0,32.5,18.39721,76.56784,ERA5,Asia/Kolkata,Open-Meteo Historical Weather API
MH-Latur,2016-05-12,31.9,38.6,25.1,0.2,0.2,1.0,47,6.32,0.295,0.303,0.324,33.1,32.6,18.39721,76.56784,ERA5,Asia/Kolkata,Open-Meteo Historical Weather API
MH-Latur,2016-05-13,33.6,40.2,28.4,0.0,0.0,0.0,44,7.1,0.286,0.301,0.324,34.5,33.2,18.39721,76.56784,ERA5,Asia/Kolkata,Open-Meteo Historical Weather API
MH-Latur,2016-05-14,34.7,40.9,29.4,0.0,0.0,0.0,41,7.02,0.275,0.298,0.323,35.5,34.0,18.39721,76.56784,ERA5,Asia/Kolkata,Open-Meteo Historical Weather API
MH-Latur,2016-05-15,35.1,41.7,29.8,0.0,0.0,0.0,34,6.48,0.266,0.296,0.322,35.9,34.7,18.39721,76.56784,ERA5,Asia/Kolkata,Open-Meteo Historical Weather API
MH-Latur,2016-05-16,34.8,40.7,29.0,0.0,0.0,0.0,39,6.79,0.259,0.293,0.321,36.5,35.0,18.39721,76.56784,ERA5,Asia/Kolkata,Open-Meteo Historical Weather API
MH-Latur,2016-05-17,35.2,41.6,29.2,0.0,0.0,0.0,38,7.61,0.249,0.288,0.317,37.1,35.3,18.39721,76.56784,ERA5,Asia/Kolkata,Open-Meteo Historical Weather API
MH-Latur,2016-05-18,35.0,41.1,29.8,0.0,0.0,0.0,39,7.67,0.247,0.289,0.317,36.7,35.6,18.39721,76.56784,ERA5,Asia/Kolkata,Open-Meteo Historical Weather API
MH-Latur,2016-05-19,33.7,40.0,29.2,0.0,0.0,0.0,45,7.32,0.247,0.294,0.321,35.6,35.1,18.39721,76.56784,ERA5,Asia/Kolkata,Open-Meteo Historical Weather API
MH-Latur,2016-05-20,33.2,38.7,28.9,0.0,0.0,0.0,46,8.53,0.249,0.299,0.325,35.2,34.6,18.39721,76.56784,ERA5,Asia/Kolkata,Open-Meteo Historical Weather API
MH-Latur,2016-05-21,33.1,39.7,25.8,0.0,0.0,0.0,44,8.83,0.248,0.299,0.326,35.2,34.3,18.39721,76.56784,ERA5,Asia/Kolkata,Open-Meteo Historical Weather API
MH-Latur,2016-05-22,33.3,40.4,25.9,0.0,0.0,0.0,41,9.36,0.246,0.297,0.325,35.2,34.2,18.39721,76.56784,ERA5,Asia/Kolkata,Open-Meteo Historical Weather API
MH-Latur,2016-05-23,33.1,39.2,26.8,0.0,0.0,0.0,46,8.54,0.244,0.293,0.322,35.0,34.1,18.39721,76.56784,ERA5,Asia/Kolkata,Open-Meteo Historical Weather API
MH-Latur,2016-05-24,32.9,39.3,26.5,0.0,0.0,0.0,45,7.78,0.243,0.291,0.321,35.0,34.0,18.39721,76.56784,ERA5,Asia/Kolkata,Open-Meteo Historical Weather API
MH-Latur,2016-05-25,32.8,39.2,26.8,0.0,0.0,0.0,45,8.4,0.246,0.291,0.322,34.9,34.1,18.39721,76.56784,ERA5,Asia/Kolkata,Open-Meteo Historical Weather API
MH-Latur,2016-05-26,32.9,39.7,26.8,0.0,0.0,0.0,48,7.92,0.247,0.29,0.321,35.1,34.2,18.39721,76.56784,ERA5,Asia/Kolkata,Open-Meteo Historical Weather API
MH-Latur,2016-05-27,33.2,39.4,27.1,0.0,0.0,0.0,45,7.86,0.247,0.289,0.32,35.3,34.3,18.39721,76.56784,ERA5,Asia/Kolkata,Open-Meteo Historical Weather API
MH-Latur,2016-05-28,33.6,39.6,27.5,0.0,0.0,0.0,44,8.08,0.246,0.286,0.317,35.7,34.5,18.39721,76.56784,ERA5,Asia/Kolkata,Open-Meteo Historical Weather API
MH-Latur,2016-05-29,32.9,38.8,26.8,0.0,0.0,0.0,43,8.09,0.245,0.286,0.317,35.4,34.6,18.39721,76.56784,ERA5,Asia/Kolkata,Open-Meteo Historical Weather API
MH-Latur,2016-05-30,32.5,38.3,26.8,0.0,0.0,0.0,45,7.07,0.244,0.285,0.316,35.3,34.4,18.39721,76.56784,ERA5,Asia/Kolkata,Open-Meteo Historical Weather API
MH-Latur,2016-05-31,33.0,37.5,28.3,0.0,0.0,0.0,42,6.64,0.244,0.286,0.315,35.3,34.5,18.39721,76.56784,ERA5,Asia/Kolkata,Open-Meteo Historical Weather API
MH-Latur,2016-06-01,33.6,38.6,29.7,0.1,0.1,1.0,43,6.88,0.245,0.285,0.314,35.8,34.6,18.39721,76.56784,ERA5,Asia/Kolkata,Open-Meteo Historical Weather API
MH-Latur,2016-06-02,32.7,37.8,28.4,0.4,0.4,2.0,49,6.45,0.248,0.287,0.316,35.7,34.9,18.39721,76.56784,ERA5,Asia/Kolkata,Open-Meteo Historical Weather API
MH-Latur,2016-06-03,32.4,40.1,26.2,0.4,0.4,2.0,50,7.07,0.252,0.287,0.315,34.9,34.6,18.39721,76.56784,ERA5,Asia/Kolkata,Open-Meteo Historical Weather API
MH-Latur,2016-06-04,30.3,37.2,25.6,1.8,1.8,3.0,58,6.24,0.271,0.297,0.323,33.6,34.2,18.39721,76.56784,ERA5,Asia/Kolkata,Open-Meteo Historical Weather API
MH-Latur,2016-06-05,29.0,35.1,24.7,1.5,1.5,2.0,62,4.84,0.291,0.302,0.328,31.5,33.0,18.39721,76.56784,ERA5,Asia/Kolkata,Open-Meteo Historical Weather API
MH-Latur,2016-06-06,28.3,33.1,23.9,7.5,7.5,11.0,67,4.45,0.365,0.304,0.329,30.6,31.9,18.39721,76.56784,ERA5,Asia/Kolkata,Open-Meteo Historical Weather API
MH-Latur,2016-06-07,30.2,36.3,25.4,0.5,0.5,2.0,58,5.57,0.359,0.309,0.332,31.8,31.7,18.39721,76.56784,ERA5,Asia/Kolkata,Open-Meteo Historical Weather API
MH-Latur,2016-06-08,29.6,34.7,25.4,1.7,1.7,1.0,60,4.52,0.357,0.314,0.337,31.3,31.8,18.39721,76.56784,ERA5,Asia/Kolkata,Open-Meteo Historical Weather API
MH-Latur,2016-06-09,29.8,35.9,25.5,4.1,4.1,5.0,62,5.31,0.351,0.316,0.339,31.6,31.5,18.39721,76.56784,ERA5,Asia/Kolkata,Open-Meteo Historical Weather API
MH-Latur,2016-06-10,29.6,35.1,25.3,0.2,0.2,2.0,61,4.84,0.377,0.314,0.337,30.8,31.0,18.39721,76.56784,ERA5,Asia/Kolkata,Open-Meteo Historical Weather API
MH-Latur,2016-06-11,29.3,33.4,27.0,6.5,6.5,2.0,62,5.08,0.378,0.312,0.335,30.7,30.8,18.39721,76.56784,ERA5,Asia/Kolkata,Open-Meteo Historical Weather API
MH-Latur,2016-06-12,29.3,33.6,25.6,1.1,1.1,2.0,62,5.74,0.392,0.311,0.332,30.6,30.4,18.39721,76.56784,ERA5,Asia/Kolkata,Open-Meteo Historical Weather API
MH-Latur,2016-06-13,30.4,34.8,26.5,0.0,0.0,0.0,58,6.84,0.359,0.308,0.329,31.4,30.7,18.39721,76.56784,ERA5,Asia/Kolkata,Open-Meteo Historical Weather API
MH-Latur,2016-06-14,31.2,37.1,25.5,0.0,0.0,0.0,53,7.29,0.329,0.303,0.326,32.0,31.1,18.39721,76.56784,ERA5,Asia/Kolkata,Open-Meteo Historical Weather API
MH-Latur,2016-06-15,31.2,36.7,25.3,0.0,0.0,0.0,53,7.58,0.304,0.295,0.321,32.3,31.2,18.39721,76.56784,ERA5,Asia/Kolkata,Open-Meteo Historical Weather API
MH-Latur,2016-06-16,31.9,37.4,26.2,0.0,0.0,0.0,47,7.64,0.283,0.287,0.314,32.9,31.5,18.39721,76.56784,ERA5,Asia/Kolkata,Open-Meteo Historical Weather API
MH-Latur,2016-06-17,31.2,36.5,26.3,1.2,1.2,1.0,49,6.65,0.27,0.282,0.31,33.1,32.0,18.39721,76.56784,ERA5,Asia/Kolkata,Open-Meteo Historical Weather API
MH-Latur,2016-06-18,27.8,33.4,25.3,5.4,5.4,11.0,68,3.89,0.286,0.279,0.307,29.9,31.2,18.39721,76.56784,ERA5,Asia/Kolkata,Open-Meteo Historical Weather API
MH-Latur,2016-06-19,25.4,28.0,23.8,19.0,19.0,23.0,81,2.17,0.397,0.282,0.305,27.2,28.9,18.39721,76.56784,ERA5,Asia/Kolkata,Open-Meteo Historical Weather API
MH-Latur,2016-06-20,26.2,29.7,23.4,9.5,9.5,15.0,81,2.84,0.46,0.321,0.305,27.6,27.9,18.39721,76.56784,ERA5,Asia/Kolkata,Open-Meteo Historical Weather API
MH-Latur,2016-06-21,27.9,33.0,24.7,5.6,5.6,9.0,76,4.13,0.44,0.334,0.303,28.9,28.3,18.39721,76.56784,ERA5,Asia/Kolkata,Open-Meteo Historical Weather API
MH-Latur,2016-06-22,28.0,33.0,23.8,4.9,4.9,7.0,72,4.4,0.426,0.339,0.3,29.2,28.7,18.39721,76.56784,ERA5,Asia/Kolkata,Open-Meteo Historical Weather API
MH-Latur,2016-06-23,28.0,32.6,23.5,3.1,3.1,9.0,72,4.72,0.425,0.339,0.297,29.3,29.0,18.39721,76.56784,ERA5,Asia/Kolkata,Open-Meteo Historical Weather API
MH-Latur,2016-06-24,27.5,33.1,23.8,7.9,7.9,6.0,71,4.47,0.407,0.335,0.293,29.2,29.0,18.39721,76.56784,ERA5,Asia/Kolkata,Open-Meteo Historical Weather API
MH-Latur,2016-06-25,26.7,31.1,23.4,4.8,4.8,14.0,75,4.13,0.421,0.329,0.289,28.3,28.6,18.39721,76.56784,ERA5,Asia/Kolkata,Open-Meteo Historical Weather API
MH-Latur,2016-06-26,26.5,30.4,23.0,5.8,5.8,7.0,74,3.52,0.427,0.328,0.285,27.3,27.8,18.39721,76.56784,ERA5,Asia/Kolkata,Open-Meteo Historical Weather API
MH-Latur,2016-06-27,26.7,31.7,23.8,9.8,9.8,10.0,76,4.04,0.452,0.338,0.282,27.8,27.7,18.39721,76.56784,ERA5,Asia/Kolkata,Open-Meteo Historical Weather API
MH-Latur,2016-06-28,25.8,29.3,23.6,12.2,12.2,22.0,82,2.47,0.486,0.381,0.281,26.7,27.2,18.39721,76.56784,ERA5,Asia/Kolkata,Open-Meteo Historical Weather API
MH-Latur,2016-06-29,24.6,26.1,23.2,14.9,14.9,22.0,85,1.79,0.494,0.423,0.28,25.3,26.3,18.39721,76.56784,ERA5,Asia/Kolkata,Open-Meteo Historical Weather API
MH-Latur,2016-06-30,25.1,28.2,22.4,4.8,4.8,11.0,82,2.67,0.496,0.474,0.283,25.3,25.7,18.39721,76.56784,ERA5,Asia/Kolkata,Open-Meteo Historical Weather API
MH-Latur,2016-07-01,26.2,29.6,23.5,5.4,5.4,9.0,78,3.59,0.474,0.465,0.286,26.4,26.2,18.39721,76.56784,ERA5,Asia/Kolkata,Open-Meteo Historical Weather API
MH-Latur,2016-07-02,26.5,30.5,23.6,5.7,5.7,12.0,78,3.47,0.479,0.46,0.288,26.5,26.4,18.39721,76.56784,ERA5,Asia/Kolkata,Open-Meteo Historical Weather API
MH-Latur,2016-07-03,25.0,26.5,23.6,9.2,9.2,15.0,87,1.97,0.49,0.462,0.29,25.5,26.1,18.39721,76.56784,ERA5,Asia/Kolkata,Open-Meteo Historical Weather API
MH-Latur,2016-07-04,25.6,28.6,23.9,7.6,7.6,13.0,83,2.97,0.485,0.467,0.294,26.2,26.0,18.39721,76.56784,ERA5,Asia/Kolkata,Open-Meteo Historical Weather API
MH-Latur,2016-07-05,25.1,27.3,23.5,14.9,14.9,16.0,85,2.27,0.494,0.474,0.298,25.6,25.9,18.39721,76.56784,ERA5,Asia/Kolkata,Open-Meteo Historical Weather API
MH-Latur,2016-07-06,25.4,27.6,23.1,5.4,5.4,11.0,80,3.23,0.494,0.489,0.306,26.0,25.8,18.39721,76.56784,ERA5,Asia/Kolkata,Open-Meteo Historical Weather API
MH-Latur,2016-07-07,25.5,28.2,23.6,0.2,0.2,1.0,77,2.64,0.474,0.472,0.311,25.6,25.9,18.39721,76.56784,ERA5,Asia/Kolkata,Open-Meteo Historical Weather API
MH-Latur,2016-07-08,25.1,27.7,23.0,5.6,5.6,9.0,79,2.98,0.466,0.46,0.314,25.7,25.9,18.39721,76.56784,ERA5,Asia/Kolkata,Open-Meteo Historical Weather API
MH-Latur,2016-07-09,23.7,25.9,22.7,21.7,21.7,24.0,89,1.88,0.511,0.488,0.318,24.4,25.2,18.39721,76.56784,ERA5,Asia/Kolkata,Open-Meteo Historical Weather API
MH-Latur,2016-07-10,23.7,25.8,22.6,22.8,22.8,24.0,88,1.7,0.511,0.507,0.337,23.9,24.6,18.39721,76.56784,ERA5,Asia/Kolkata,Open-Meteo Historical Weather API
MH-Latur,2016-07-11,23.6,26.2,22.9,25.4,25.4,22.0,88,1.46,0.507,0.504,0.361,23.7,24.3,18.39721,76.56784,ERA5,Asia/Kolkata,Open-Meteo Historical Weather API
MH-Latur,2016-07-12,25.0,28.2,23.2,2.7,2.7,10.0,83,2.65,0.498,0.498,0.384,24.7,24.5,18.39721,76.56784,ERA5,Asia/Kolkata,Open-Meteo Historical Weather API
MH-Latur,2016-07-13,26.5,29.9,23.6,1.1,1.1,5.0,75,4.79,0.478,0.48,0.388,26.5,25.5,18.39721,76.56784,ERA5,Asia/Kolkata,Open-Meteo Historical Weather API
MH-Latur,2016-07-14,26.7,30.8,22.3,0.0,0.0,0.0,73,4.29,0.461,0.466,0.387,26.7,26.1,18.39721,76.56784,ERA5,Asia/Kolkata,Open-Meteo Historical Weather API
MH-Latur,2016-07-15,27.0,31.2,23.6,0.6,0.6,1.0,73,4.28,0.447,0.454,0.385,27.2,26.4,18.39721,76.56784,ERA5,Asia/Kolkata,Open-Meteo Historical Weather API
MH-Latur,2016-07-16,27.2,30.6,23.8,0.8,0.8,4.0,70,4.51,0.435,0.444,0.382,27.3,26.6,18.39721,76.56784,ERA5,Asia/Kolkata,Open-Meteo Historical Weather API
MH-Latur,2016-07-17,26.9,30.9,23.4,1.1,1.1,4.0,75,4.46,0.425,0.432,0.378,27.6,26.8,18.39721,76.56784,ERA5,Asia/Kolkata,Open-Meteo Historical Weather API
MH-Latur,2016-07-18,25.6,28.6,23.6,4.6,4.6,11.0,79,3.25,0.433,0.424,0.376,26.8,26.6,18.39721,76.56784,ERA5,Asia/Kolkata,Open-Meteo Historical Weather API
MH-Latur,2016-07-19,24.9,28.3,22.9,3.7,3.7,15.0,81,2.73,0.452,0.423,0.375,25.6,25.9,18.39721,76.56784,ERA5,Asia/Kolkata,Open-Meteo Historical Weather API
MH-Latur,2016-07-20,24.7,27.3,22.1,8.3,8.3,16.0,84,1.95,0.484,0.434,0.375,25.0,25.3,18.39721,76.56784,ERA5,Asia/Kolkata,Open-Meteo Historical Weather API
MH-Latur,2016-07-21,24.6,27.1,22.3,10.4,10.4,16.0,87,1.93,0.492,0.459,0.375,25.0,25.1,18.39721,76.56784,ERA5,Asia/Kolkata,Open-Meteo Historical Weather API
MH-Latur,2016-07-22,23.8,25.4,22.6,20.4,20.4,24.0,89,1.54,0.508,0.494,0.378,24.5,25.0,18.39721,76.56784,ERA5,Asia/Kolkata,Open-Meteo Historical Weather API
MH-Latur,2016-07-23,24.1,28.4,21.7,21.8,21.8,24.0,88,2.05,0.509,0.508,0.397,24.5,24.6,18.39721,76.56784,ERA5,Asia/Kolkata,Open-Meteo Historical Weather API
MH-Latur,2016-07-24,25.7,30.4,22.6,3.6,3.6,9.0,80,3.13,0.497,0.497,0.412,25.8,25.1,18.39721,76.56784,ERA5,Asia/Kolkata,Open-Meteo Historical Weather API
MH-Latur,2016-07-25,25.4,29.2,23.1,15.5,15.5,20.0,85,2.48,0.509,0.501,0.418,25.9,25.6,18.39721,76.56784,ERA5,Asia/Kolkata,Open-Meteo Historical Weather API
MH-Latur,2016-07-26,25.0,27.7,23.1,25.9,25.9,23.0,88,2.06,0.506,0.51,0.433,25.7,25.7,18.39721,76.56784,ERA5,Asia/Kolkata,Open-Meteo Historical Weather API
MH-Latur,2016-07-27,24.8,28.5,22.6,21.6,21.6,20.0,88,2.69,0.508,0.508,0.453,25.8,25.6,18.39721,76.56784,ERA5,Asia/Kolkata,Open-Meteo Historical Weather API
MH-Latur,2016-07-28,25.2,28.2,22.9,13.5,13.5,20.0,84,2.81,0.505,0.51,0.47,26.0,25.8,18.39721,76.56784,ERA5,Asia/Kolkata,Open-Meteo Historical Weather API
MH-Latur,2016-07-29,25.0,29.4,22.4,2.1,2.1,6.0,82,3.01,0.497,0.504,0.48,25.9,25.7,18.39721,76.56784,ERA5,Asia/Kolkata,Open-Meteo Historical Weather API
MH-Latur,2016-07-30,24.8,28.1,22.3,7.8,7.8,15.0,85,2.61,0.499,0.499,0.48,25.4,25.5,18.39721,76.56784,ERA5,Asia/Kolkata,Open-Meteo Historical Weather API
MH-Latur,2016-07-31,24.2,27.2,22.5,17.7,17.7,16.0,86,2.48,0.504,0.506,0.483,25.0,25.2,18.39721,76.56784,ERA5,Asia/Kolkata,Open-Meteo Historical Weather API
MH-Latur,2016-08-01,24.2,28.0,22.1,11.0,11.0,21.0,87,2.65,0.509,0.511,0.491,24.7,24.9,18.39721,76.56784,ERA5,Asia/Kolkata,Open-Meteo Historical Weather API
MH-Latur,2016-08-02,23.3,24.6,22.6,22.5,22.5,19.0,89,1.53,0.508,0.514,0.5,23.6,24.4,18.39721,76.56784,ERA5,Asia/Kolkata,Open-Meteo Historical Weather API
MH-Latur,2016-08-03,23.9,26.3,21.9,8.3,8.3,16.0,85,2.57,0.502,0.51,0.508,24.0,24.0,18.39721,76.56784,ERA5,Asia/Kolkata,Open-Meteo Historical Weather API
MH-Latur,2016-08-04,25.1,29.6,22.5,5.0,5.0,12.0,82,3.43,0.503,0.507,0.504,25.0,24.5,18.39721,76.56784,ERA5,Asia/Kolkata,Open-Meteo Historical Weather API
MH-Latur,2016-08-05,25.0,28.9,22.7,4.7,4.7,6.0,82,3.63,0.491,0.499,0.5,25.3,25.0,18.39721,76.56784,ERA5,Asia/Kolkata,Open-Meteo Historical Weather API
MH-Latur,2016-08-06,25.2,28.6,22.9,3.1,3.1,14.0,82,3.38,0.497,0.5,0.497,25.3,25.1,18.39721,76.56784,ERA5,Asia/Kolkata,Open-Meteo Historical Weather API
MH-Latur,2016-08-07,25.6,28.0,23.9,0.5,0.5,3.0,77,3.86,0.486,0.492,0.494,25.6,25.3,18.39721,76.56784,ERA5,Asia/Kolkata,Open-Meteo Historical Weather API
MH-Latur,2016-08-08,25.8,29.8,22.4,0.1,0.1,1.0,76,4.49,0.477,0.484,0.49,25.9,25.4,18.39721,76.56784,ERA5,Asia/Kolkata,Open-Meteo Historical Weather API
MH-Latur,2016-08-09,25.7,29.0,22.6,0.6,0.6,4.0,77,4.08,0.464,0.474,0.486,25.9,25.5,18.39721,76.56784,ERA5,Asia/Kolkata,Open-Meteo Historical Weather API
MH-Latur,2016-08-10,25.8,29.0,22.9,0.1,0.1,1.0,77,3.87,0.453,0.465,0.483,25.8,25.5,18.39721,76.56784,ERA5,Asia/Kolkata,Open-Meteo Historical Weather API
MH-Latur,2016-08-11,25.7,29.1,23.1,3.1,3.1,4.0,79,3.76,0.45,0.457,0.48,26.0,25.4,18.39721,76.56784,ERA5,Asia/Kolkata,Open-Meteo Historical Weather API
MH-Latur,2016-08-12,25.9,28.8,23.1,0.8,0.8,6.0,76,3.76,0.446,0.451,0.477,25.9,25.5,18.39721,76.56784,ERA5,Asia/Kolkata,Open-Meteo Historical Weather API
MH-Latur,2016-08-13,25.0,27.3,22.6,4.4,4.4,5.0,83,3.27,0.459,0.449,0.474,25.7,25.5,18.39721,76.56784,ERA5,Asia/Kolkata,Open-Meteo Historical Weather API
MH-Latur,2016-08-14,25.4,28.4,22.5,0.6,0.6,4.0,77,3.87,0.469,0.455,0.471,25.7,25.4,18.39721,76.56784,ERA5,Asia/Kolkata,Open-Meteo Historical Weather API
MH-Latur,2016-08-15,25.3,29.0,21.9,0.6,0.6,4.0,77,3.76,0.451,0.451,0.469,25.5,25.4,18.39721,76.56784,ERA5,Asia/Kolkata,Open-Meteo Historical Weather API
MH-Latur,2016-08-16,25.9,30.6,22.2,0.4,0.4,2.0,72,4.29,0.438,0.444,0.466,25.6,25.3,18.39721,76.56784,ERA5,Asia/Kolkata,Open-Meteo Historical Weather API
MH-Latur,2016-08-17,26.1,30.0,22.0,0.6,0.6,4.0,71,4.43,0.425,0.435,0.464,25.8,25.3,18.39721,76.56784,ERA5,Asia/Kolkata,Open-Meteo Historical Weather API
MH-Latur,2016-08-18,26.0,30.4,21.9,0.3,0.3,2.0,74,4.16,0.415,0.426,0.461,25.8,25.4,18.39721,76.56784,ERA5,Asia/Kolkata,Open-Meteo Historical Weather API
MH-Latur,2016-08-19,26.0,30.3,21.8,0.6,0.6,3.0,72,4.49,0.407,0.418,0.458,26.0,25.4,18.39721,76.56784,ERA5,Asia/Kolkata,Open-Meteo Historical Weather API
MH-Latur,2016-08-20,25.8,29.9,21.8,0.0,0.0,0.0,72,4.2,0.394,0.409,0.455,25.7,25.3,18.39721,76.56784,ERA5,Asia/Kolkata,Open-Meteo Historical Weather API
MH-Latur,2016-08-21,25.9,30.4,21.8,1.3,1.3,6.0,76,4.31,0.384,0.401,0.452,26.1,25.4,18.39721,76.56784,ERA5,Asia/Kolkata,Open-Meteo Historical Weather API
MH-Latur,2016-08-22,26.0,29.7,21.9,0.2,0.2,2.0,75,3.96,0.38,0.394,0.45,25.9,25.5,18.39721,76.56784,ERA5,Asia/Kolkata,Open-Meteo Historical Weather API
MH-Latur,2016-08-23,25.9,29.2,23.0,3.9,3.9,7.0,78,3.79,0.382,0.389,0.447,26.2,25.7,18.39721,76.56784,ERA5,Asia/Kolkata,Open-Meteo Historical Weather API
MH-Latur,2016-08-24,26.3,30.5,23.1,1.3,1.3,4.0,79,3.68,0.389,0.385,0.445,26.4,25.8,18.39721,76.56784,ERA5,Asia/Kolkata,Open-Meteo Historical Weather API
MH-Latur,2016-08-25,26.1,29.6,23.1,0.6,0.6,3.0,78,3.8,0.389,0.382,0.442,26.5,25.8,18.39721,76.56784,ERA5,Asia/Kolkata,Open-Meteo Historical Weather API
MH-Latur,2016-08-26,26.8,30.7,22.9,0.8,0.8,5.0,75,4.29,0.381,0.378,0.439,26.9,26.0,18.39721,76.56784,ERA5,Asia/Kolkata,Open-Meteo Historical Weather API
MH-Latur,2016-08-27,26.1,30.4,23.2,2.9,2.9,5.0,80,3.59,0.384,0.373,0.435,26.6,26.2,18.39721,76.56784,ERA5,Asia/Kolkata,Open-Meteo Historical Weather API
MH-Latur,2016-08-28,26.0,30.7,23.0,3.9,3.9,9.0,80,3.48,0.408,0.372,0.433,26.6,26.0,18.39721,76.56784,ERA5,Asia/Kolkata,Open-Meteo Historical Weather API
MH-Latur,2016-08-29,26.0,29.4,23.3,10.5,10.5,17.0,84,2.88,0.454,0.378,0.43,26.3,25.9,18.39721,76.56784,ERA5,Asia/Kolkata,Open-Meteo Historical Weather API
MH-Latur,2016-08-30,25.7,28.4,23.7,2.1,2.1,7.0,85,2.36,0.47,0.408,0.429,26.1,25.7,18.39721,76.56784,ERA5,Asia/Kolkata,Open-Meteo Historical Weather API
MH-Latur,2016-08-31,24.6,27.1,23.0,11.1,11.1,12.0,88,1.73,0.479,0.43,0.428,25.2,25.4,18.39721,76.56784,ERA5,Asia/Kolkata,Open-Meteo Historical Weather API
MH-Latur,2016-09-01,24.6,27.4,22.4,0.8,0.8,4.0,85,2.05,0.475,0.456,0.428,24.6,24.7,18.39721,76.56784,ERA5,Asia/Kolkata,Open-Meteo Historical Weather API
MH-Latur,2016-09-02,25.1,28.5,22.3,4.6,4.6,5.0,82,3.41,0.471,0.455,0.427,25.3,24.9,18.39721,76.56784,ERA5,Asia/Kolkata,Open-Meteo Historical Weather API
MH-Latur,2016-09-03,25.0,27.6,21.7,0.8,0.8,4.0,80,3.28,0.466,0.456,0.426,25.3,25.0,18.39721,76.56784,ERA5,Asia/Kolkata,Open-Meteo Historical Weather API
MH-Latur,2016-09-04,25.0,27.9,22.1,0.0,0.0,0.0,75,3.84,0.449,0.45,0.426,25.4,25.1,18.39721,76.56784,ERA5,Asia/Kolkata,Open-Meteo Historical Weather API
MH-Latur,2016-09-05,25.0,29.4,20.6,0.0,0.0,0.0,71,4.78,0.43,0.441,0.424,25.3,24.9,18.39721,76.56784,ERA5,Asia/Kolkata,Open-Meteo Historical Weather API
MH-Latur,2016-09-06,24.5,28.4,20.3,0.0,0.0,0.0,75,4.2,0.414,0.43,0.421,25.0,24.7,18.39721,76.56784,ERA5,Asia/Kolkata,Open-Meteo Historical Weather API
MH-Latur,2016-09-07,24.6,29.2,20.5,0.2,0.2,1.0,75,4.48,0.402,0.421,0.418,25.0,24.6,18.39721,76.56784,ERA5,Asia/Kolkata,Open-Meteo Historical Weather API
MH-Latur,2016-09-08,24.8,28.6,21.5,0.0,0.0,0.0,76,4.26,0.392,0.412,0.415,25.4,24.8,18.39721,76.56784,ERA5,Asia/Kolkata,Open-Meteo Historical Weather API
MH-Latur,2016-09-09,25.0,28.3,22.0,0.0,0.0,0.0,76,3.36,0.385,0.404,0.413,25.3,25.0,18.39721,76.56784,ERA5,Asia/Kolkata,Open-Meteo Historical Weather API
MH-Latur,2016-09-10,25.2,28.2,23.3,0.0,0.0,0.0,75,3.05,0.377,0.398,0.41,25.4,25.1,18.39721,76.56784,ERA5,Asia/Kolkata,Open-Meteo Historical Weather API
MH-Latur,2016-09-11,24.5,28.3,21.8,1.1,1.1,5.0,78,2.8,0.382,0.393,0.409,24.7,24.8,18.39721,76.56784,ERA5,Asia/Kolkata,Open-Meteo Historical Weather API
MH-Latur,2016-09-12,24.7,27.9,22.7,0.0,0.0,0.0,76,2.75,0.381,0.389,0.407,24.8,24.7,18.39721,76.56784,ERA5,Asia/Kolkata,Open-Meteo Historical Weather API
MH-Latur,2016-09-13,24.0,25.9,22.0,10.5,10.5,22.0,86,1.85,0.414,0.387,0.406,24.1,24.5,18.39721,76.56784,ERA5,Asia/Kolkata,Open-Meteo Historical Weather API
MH-Latur,2016-09-14,23.6,26.4,22.1,24.9,24.9,20.0,90,1.83,0.494,0.421,0.405,24.1,24.2,18.39721,76.56784,ERA5,Asia/Kolkata,Open-Meteo Historical Weather API
MH-Latur,2016-09-15,23.6,24.8,22.1,36.7,36.7,24.0,94,1.33,0.509,0.503,0.413,24.2,24.2,18.39721,76.56784,ERA5,Asia/Kolkata,Open-Meteo Historical Weather API
MH-Latur,2016-09-16,24.0,26.8,22.2,31.1,31.1,21.0,94,1.6,0.509,0.513,0.443,24.7,24.3,18.39721,76.56784,ERA5,Asia/Kolkata,Open-Meteo Historical Weather API
MH-Latur,2016-09-17,23.7,26.3,22.5,5.6,5.6,11.0,91,1.21,0.501,0.505,0.466,24.1,24.2,18.39721,76.56784,ERA5,Asia/Kolkata,Open-Meteo Historical Weather API
MH-Latur,2016-09-18,24.9,28.4,22.0,2.2,2.2,4.0,78,3.51,0.487,0.494,0.47,24.7,24.2,18.39721,76.56784,ERA5,Asia/Kolkata,Open-Meteo Historical Weather API
MH-Latur,2016-09-19,24.9,28.5,22.3,1.8,1.8,6.0,80,3.58,0.48,0.485,0.47,25.2,24.7,18.39721,76.56784,ERA5,Asia/Kolkata,Open-Meteo Historical Weather API
MH-Latur,2016-09-20,23.8,25.7,22.0,10.4,10.4,15.0,88,1.48,0.488,0.483,0.469,24.2,24.4,18.39721,76.56784,ERA5,Asia/Kolkata,Open-Meteo Historical Weather API
MH-Latur,2016-09-21,23.9,28.3,21.6,16.7,16.7,23.0,90,1.48,0.512,0.51,0.474,24.0,23.8,18.39721,76.56784,ERA5,Asia/Kolkata,Open-Meteo Historical Weather API
MH-Latur,2016-09-22,24.2,27.3,22.6,6.3,6.3,12.0,91,1.84,0.506,0.508,0.485,24.6,24.0,18.39721,76.56784,ERA5,Asia/Kolkata,Open-Meteo Historical Weather API
MH-Latur,2016-09-23,23.6,26.0,22.3,34.7,34.7,24.0,95,1.3,0.509,0.514,0.499,24.3,24.1,18.39721,76.56784,ERA5,Asia/Kolkata,Open-Meteo Historical Weather API
MH-Latur,2016-09-24,22.8,24.7,21.4,53.8,53.8,24.0,95,0.7,0.511,0.51,0.516,23.4,23.8,18.39721,76.56784,ERA5,Asia/Kolkata,Open-Meteo Historical Weather API
MH-Latur,2016-09-25,24.1,26.6,21.9,19.9,19.9,23.0,89,1.88,0.506,0.51,0.516,24.1,23.8,18.39721,76.56784,ERA5,Asia/Kolkata,Open-Meteo Historical Weather API
MH-Latur,2016-09-26,25.2,29.1,22.9,6.7,6.7,13.0,84,3.03,0.502,0.507,0.509,25.1,24.4,18.39721,76.56784,ERA5,Asia/Kolkata,Open-Meteo Historical Weather API
MH-Latur,2016-09-27,25.5,30.2,23.4,2.2,2.2,8.0,84,3.26,0.493,0.498,0.504,25.7,25.0,18.39721,76.56784,ERA5,Asia/Kolkata,Open-Meteo Historical Weather API
MH-Latur,2016-09-28,26.2,31.4,22.8,0.7,0.7,4.0,80,4.4,0.484,0.488,0.5,26.3,25.4,18.39721,76.56784,ERA5,Asia/Kolkata,Open-Meteo Historical Weather API
MH-Latur,2016-09-29,25.7,29.5,22.7,0.0,0.0,0.0,78,3.92,0.468,0.477,0.495,26.0,25.5,18.39721,76.56784,ERA5,Asia/Kolkata,Open-Meteo Historical Weather API
MH-Latur,2016-09-30,24.7,28.9,22.8,1.8,1.8,7.0,80,3.96,0.459,0.467,0.492,25.8,25.4,18.39721,76.56784,ERA5,Asia/Kolkata,Open-Meteo Historical Weather API
MH-Latur,2016-10-01,23.0,24.1,22.1,27.5,27.5,19.0,91,1.1,0.499,0.497,0.494,24.0,24.7,18.39721,76.56784,ERA5,Asia/Kolkata,Open-Meteo Historical Weather API
MH-Latur,2016-10-02,24.0,27.8,21.8,12.9,12.9,17.0,90,2.0,0.502,0.508,0.499,24.5,24.2,18.39721,76.56784,ERA5,Asia/Kolkata,Open-Meteo Historical Weather API
MH-Latur,2016-10-03,23.3,24.9,21.3,1.0,1.0,5.0,90,1.62,0.494,0.503,0.501,24.1,24.1,18.39721,76.56784,ERA5,Asia/Kolkata,Open-Meteo Historical Weather API
MH-Latur,2016-10-04,24.9,28.1,21.7,0.0,0.0,0.0,79,3.48,0.479,0.491,0.498,25.0,24.0,18.39721,76.56784,ERA5,Asia/Kolkata,Open-Meteo Historical Weather API
MH-Latur,2016-10-05,24.6,28.2,21.9,1.0,1.0,4.0,78,2.95,0.47,0.48,0.495,24.8,24.4,18.39721,76.56784,ERA5,Asia/Kolkata,Open-Meteo Historical Weather API
MH-Latur,2016-10-06,25.1,29.2,21.2,0.0,0.0,0.0,75,4.25,0.462,0.471,0.491,25.4,24.5,18.39721,76.56784,ERA5,Asia/Kolkata,Open-Meteo Historical Weather API
MH-Latur,2016-10-07,25.5,29.7,21.9,0.4,0.4,3.0,78,3.87,0.449,0.461,0.488,25.7,24.8,18.39721,76.56784,ERA5,Asia/Kolkata,Open-Meteo Historical Weather API
MH-Latur,2016-10-08,24.8,29.0,23.1,5.6,5.6,9.0,83,2.78,0.464,0.459,0.485,25.2,25.0,18.39721,76.56784,ERA5,Asia/Kolkata,Open-Meteo Historical Weather API
MH-Latur,2016-10-09,25.4,29.6,22.7,0.2,0.2,1.0,81,3.36,0.472,0.465,0.482,25.5,25.0,18.39721,76.56784,ERA5,Asia/Kolkata,Open-Meteo Historical Weather API
MH-Latur,2016-10-10,25.9,30.6,22.3,0.2,0.2,1.0,81,4.15,0.458,0.46,0.48,26.2,25.3,18.39721,76.56784,ERA5,Asia/Kolkata,Open-Meteo Historical Weather API
MH-Latur,2016-10-11,25.9,30.7,22.5,0.1,0.1,1.0,77,4.29,0.444,0.452,0.477,26.4,25.6,18.39721,76.56784,ERA5,Asia/Kolkata,Open-Meteo Historical Weather API
MH-Latur,2016-10-12,25.0,30.4,20.5,0.0,0.0,0.0,73,4.72,0.429,0.443,0.474,25.9,25.4,18.39721,76.56784,ERA5,Asia/Kolkata,Open-Meteo Historical Weather API
MH-Latur,2016-10-13,25.2,30.6,20.2,0.0,0.0,0.0,70,4.27,0.412,0.432,0.471,25.4,24.9,18.39721,76.56784,ERA5,Asia/Kolkata,Open-Meteo Historical Weather API
MH-Latur,2016-10-14,25.3,30.5,20.6,0.0,0.0,0.0,67,3.87,0.398,0.421,0.468,25.4,24.9,18.39721,76.56784,ERA5,Asia/Kolkata,Open-Meteo Historical Weather API
MH-Latur,2016-10-15,24.8,30.6,20.3,0.0,0.0,0.0,64,4.83,0.384,0.411,0.464,24.9,24.6,18.39721,76.56784,ERA5,Asia/Kolkata,Open-Meteo Historical Weather API
MH-Latur,2016-10-16,24.7,30.3,19.0,0.0,0.0,0.0,59,4.86,0.369,0.4,0.461,24.5,24.2,18.39721,76.56784,ERA5,Asia/Kolkata,Open-Meteo Historical Weather API
MH-Latur,2016-10-17,25.1,29.4,20.8,0.0,0.0,0.0,60,3.77,0.356,0.392,0.457,24.5,24.2,18.39721,76.56784,ERA5,Asia/Kolkata,Open-Meteo Historical Weather API
MH-Latur,2016-10-18,24.5,30.2,19.4,0.0,0.0,0.0,63,4.9,0.345,0.384,0.453,24.8,24.3,18.39721,76.56784,ERA5,Asia/Kolkata,Open-Meteo Historical Weather API
MH-Latur,2016-10-19,24.6,30.2,19.3,0.0,0.0,0.0,59,4.63,0.332,0.377,0.45,24.1,24.0,18.39721,76.56784,ERA5,Asia/Kolkata,Open-Meteo Historical Weather API
MH-Latur,2016-10-20,24.2,30.7,19.1,0.0,0.0,0.0,64,4.62,0.322,0.373,0.446,24.5,24.3,18.39721,76.56784,ERA5,Asia/Kolkata,Open-Meteo Historical Weather API
MH-Latur,2016-10-21,24.3,31.0,18.8,0.0,0.0,0.0,63,4.87,0.311,0.364,0.442,24.6,24.4,18.39721,76.56784,ERA5,Asia/Kolkata,Open-Meteo Historical Weather API
MH-Latur,2016-10-22,24.3,30.7,19.7,0.0,0.0,0.0,63,4.48,0.301,0.356,0.437,24.5,24.4,18.39721,76.56784,ERA5,Asia/Kolkata,Open-Meteo Historical Weather API
MH-Latur,2016-10-23,24.6,29.8,19.6,0.0,0.0,0.0,62,3.31,0.291,0.347,0.429,24.8,24.6,18.39721,76.56784,ERA5,Asia/Kolkata,Open-Meteo Historical Weather API
MH-Latur,2016-10-24,24.4,29.7,19.0,0.0,0.0,0.0,58,4.49,0.285,0.341,0.423,24.8,24.5,18.39721,76.56784,ERA5,Asia/Kolkata,Open-Meteo Historical Weather API
MH-Latur,2016-10-25,24.0,30.3,18.2,0.0,0.0,0.0,62,4.5,0.283,0.336,0.42,24.7,24.6,18.39721,76.56784,ERA5,Asia/Kolkata,Open-Meteo Historical Weather API
MH-Latur,2016-10-26,24.3,30.0,20.0,0.0,0.0,0.0,61,4.33,0.28,0.332,0.416,24.9,24.7,18.39721,76.56784,ERA5,Asia/Kolkata,Open-Meteo Historical Weather API
MH-Latur,2016-10-27,23.8,30.0,18.0,0.0,0.0,0.0,58,4.63,0.277,0.327,0.412,24.3,24.5,18.39721,76.56784,ERA5,Asia/Kolkata,Open-Meteo Historical Weather API
MH-Latur,2016-10-28,22.3,29.8,15.4,0.0,0.0,0.0,55,5.18,0.274,0.321,0.407,23.2,23.7,18.39721,76.56784,ERA5,Asia/Kolkata,Open-Meteo Historical Weather API
MH-Latur,2016-10-29,22.8,30.5,16.1,0.0,0.0,0.0,57,4.64,0.272,0.316,0.402,23.3,23.4,18.39721,76.56784,ERA5,Asia/Kolkata,Open-Meteo Historical Weather API
MH-Latur,2016-10-30,24.3,30.2,17.7,0.1,0.1,1.0,67,3.81,0.274,0.313,0.399,24.2,23.9,18.39721,76.56784,ERA5,Asia/Kolkata,Open-Meteo Historical Weather API
MH-Latur,2016-10-31,25.4,30.9,20.9,0.0,0.0,0.0,64,4.35,0.272,0.309,0.394,25.7,24.8,18.39721,76.56784,ERA5,Asia/Kolkata,Open-Meteo Historical Weather API
MH-Latur,2016-11-01,23.3,29.7,17.8,0.0,0.0,0.0,57,4.92,0.273,0.305,0.39,24.7,24.8,18.39721,76.56784,ERA5,Asia/Kolkata,Open-Meteo Historical Weather API
MH-Latur,2016-11-02,22.4,29.2,16.1,0.0,0.0,0.0,56,4.82,0.274,0.303,0.387,23.6,24.0,18.39721,76.56784,ERA5,Asia/Kolkata,Open-Meteo Historical Weather API
MH-Latur,2016-11-03,22.6,29.6,15.0,0.0,0.0,0.0,63,4.51,0.272,0.301,0.385,23.5,23.7,18.39721,76.56784,ERA5,Asia/Kolkata,Open-Meteo Historical Weather API
MH-Latur,2016-11-04,22.6,29.3,17.0,0.0,0.0,0.0,64,4.06,0.271,0.297,0.38,23.8,23.8,18.39721,76.56784,ERA5,Asia/Kolkata,Open-Meteo Historical Weather API
MH-Latur,2016-11-05,22.1,29.2,16.8,0.0,0.0,0.0,64,4.04,0.27,0.294,0.377,23.4,23.7,18.39721,76.56784,ERA5,Asia/Kolkata,Open-Meteo Historical Weather API
MH-Latur,2016-11-06,22.3,29.2,17.1,0.0,0.0,0.0,59,4.45,0.265,0.291,0.374,23.4,23.7,18.39721,76.56784,ERA5,Asia/Kolkata,Open-Meteo Historical Weather API
MH-Latur,2016-11-07,22.3,29.9,15.1,0.0,0.0,0.0,52,4.98,0.257,0.286,0.369,23.0,23.4,18.39721,76.56784,ERA5,Asia/Kolkata,Open-Meteo Historical Weather API
MH-Latur,2016-11-08,22.5,29.9,16.3,0.0,0.0,0.0,51,4.81,0.256,0.284,0.365,22.9,23.2,18.39721,76.56784,ERA5,Asia/Kolkata,Open-Meteo Historical Weather API
MH-Latur,2016-11-09,22.2,29.9,15.9,0.0,0.0,0.0,50,4.66,0.257,0.281,0.361,22.6,23.1,18.39721,76.56784,ERA5,Asia/Kolkata,Open-Meteo Historical Weather API
MH-Latur,2016-11-10,21.3,29.8,13.7,0.0,0.0,0.0,52,4.63,0.257,0.282,0.358,22.3,22.9,18.39721,76.56784,ERA5,Asia/Kolkata,Open-Meteo Historical Weather API
MH-Latur,2016-11-11,21.2,29.7,14.5,0.0,0.0,0.0,52,4.73,0.259,0.281,0.355,21.9,22.7,18.39721,76.56784,ERA5,Asia/Kolkata,Open-Meteo Historical Weather API
MH-Latur,2016-11-12,20.8,29.2,13.1,0.0,0.0,0.0,54,4.54,0.26,0.283,0.355,21.9,22.6,18.39721,76.56784,ERA5,Asia/Kolkata,Open-Meteo Historical Weather API
MH-Latur,2016-11-13,21.9,29.1,14.5,0.0,0.0,0.0,58,4.33,0.264,0.285,0.355,22.9,23.0,18.39721,76.56784,ERA5,Asia/Kolkata,Open-Meteo Historical Weather API
MH-Latur,2016-11-14,23.3,30.2,17.5,0.0,0.0,0.0,64,3.41,0.269,0.287,0.355,23.9,23.8,18.39721,76.56784,ERA5,Asia/Kolkata,Open-Meteo Historical Weather API
MH-Latur,2016-11-15,24.4,30.3,18.7,0.3,0.3,1.0,67,4.09,0.268,0.287,0.354,25.2,24.3,18.39721,76.56784,ERA5,Asia/Kolkata,Open-Meteo Historical Weather API
MH-Latur,2016-11-16,24.5,30.1,19.6,0.0,0.0,0.0,57,4.72,0.266,0.284,0.351,25.6,25.0,18.39721,76.56784,ERA5,Asia/Kolkata,Open-Meteo Historical Weather API
MH-Latur,2016-11-17,22.6,29.4,16.8,0.0,0.0,0.0,54,4.77,0.266,0.285,0.35,24.2,24.5,18.39721,76.56784,ERA5,Asia/Kolkata,Open-Meteo Historical Weather API
MH-Latur,2016-11-18,20.9,28.5,15.0,0.0,0.0,0.0,54,4.44,0.267,0.286,0.35,22.6,23.6,18.39721,76.56784,ERA5,Asia/Kolkata,Open-Meteo Historical Weather API
MH-Latur,2016-11-19,20.7,28.9,13.5,0.0,0.0,0.0,53,4.51,0.268,0.286,0.349,21.9,22.8,18.39721,76.56784,ERA5,Asia/Kolkata,Open-Meteo Historical Weather API
MH-Latur,2016-11-20,20.6,29.8,13.1,0.0,0.0,0.0,54,4.49,0.269,0.286,0.348,21.9,22.6,18.39721,76.56784,ERA5,Asia/Kolkata,Open-Meteo Historical Weather API
MH-Latur,2016-11-21,20.8,30.2,13.0,0.0,0.0,0.0,56,4.51,0.271,0.287,0.346,21.9,22.5,18.39721,76.56784,ERA5,Asia/Kolkata,Open-Meteo Historical Weather API
MH-Latur,2016-11-22,21.3,30.7,13.2,0.0,0.0,0.0,53,4.5,0.272,0.286,0.344,22.2,22.6,18.39721,76.56784,ERA5,Asia/Kolkata,Open-Meteo Historical Weather API
MH-Latur,2016-11-23,21.2,30.3,13.7,0.0,0.0,0.0,54,4.51,0.271,0.285,0.341,22.3,22.7,18.39721,76.56784,ERA5,Asia/Kolkata,Open-Meteo Historical Weather API
MH-Latur,2016-11-24,21.6,30.1,14.4,0.0,0.0,0.0,54,4.48,0.271,0.284,0.339,22.6,22.8,18.39721,76.56784,ERA5,Asia/Kolkata,Open-Meteo Historical Weather API
MH-Latur,2016-11-25,21.4,30.1,14.4,0.0,0.0,0.0,54,4.58,0.271,0.284,0.337,22.5,22.8,18.39721,76.56784,ERA5,Asia/Kolkata,Open-Meteo Historical Weather API
MH-Latur,2016-11-26,21.6,31.0,14.6,0.0,0.0,0.0,51,4.69,0.271,0.284,0.336,22.1,22.6,18.39721,76.56784,ERA5,Asia/Kolkata,Open-Meteo Historical Weather API
MH-Latur,2016-11-27,22.5,31.8,14.2,0.0,0.0,0.0,50,4.7,0.271,0.284,0.334,22.3,22.5,18.39721,76.56784,ERA5,Asia/Kolkata,Open-Meteo Historical Weather API
MH-Latur,2016-11-28,22.5,32.1,13.4,0.0,0.0,0.0,54,4.53,0.271,0.283,0.331,22.5,22.7,18.39721,76.56784,ERA5,Asia/Kolkata,Open-Meteo Historical Weather API
MH-Latur,2016-11-29,22.3,31.8,15.3,0.0,0.0,0.0,53,4.49,0.27,0.283,0.329,22.5,22.8,18.39721,76.56784,ERA5,Asia/Kolkata,Open-Meteo Historical Weather API
MH-Latur,2016-11-30,21.9,31.3,14.1,0.0,0.0,0.0,54,4.31,0.273,0.285,0.329,22.3,22.7,18.39721,76.56784,ERA5,Asia/Kolkata,Open-Meteo Historical Weather API
MH-Latur,2016-12-01,21.1,28.7,15.0,0.0,0.0,0.0,58,3.41,0.275,0.287,0.33,21.8,22.6,18.39721,76.56784,ERA5,Asia/Kolkata,Open-Meteo Historical Weather API
MH-Latur,2016-12-02,21.8,30.0,14.2,0.0,0.0,0.0,56,4.37,0.276,0.287,0.329,22.3,22.5,18.39721,76.56784,ERA5,Asia/Kolkata,Open-Meteo Historical Weather API
MH-Latur,2016-12-03,23.1,29.7,16.2,0.0,0.0,0.0,64,3.9,0.277,0.286,0.328,23.4,23.0,18.39721,76.56784,ERA5,Asia/Kolkata,Open-Meteo Historical Weather API
MH-Latur,2016-12-04,24.2,29.4,20.1,0.0,0.0,0.0,68,3.52,0.277,0.286,0.328,24.8,24.0,18.39721,76.56784,ERA5,Asia/Kolkata,Open-Meteo Historical Weather API
MH-Latur,2016-12-05,23.6,30.0,18.1,0.0,0.0,0.0,61,4.2,0.276,0.284,0.326,24.8,24.4,18.39721,76.56784,ERA5,Asia/Kolkata,Open-Meteo Historical Weather API
MH-Latur,2016-12-06,20.9,28.2,15.4,0.0,0.0,0.0,57,4.21,0.275,0.285,0.326,22.7,23.5,18.39721,76.56784,ERA5,Asia/Kolkata,Open-Meteo Historical Weather API
MH-Latur,2016-12-07,20.4,28.7,13.6,0.0,0.0,0.0,62,3.99,0.276,0.286,0.326,21.9,22.7,18.39721,76.56784,ERA5,Asia/Kolkata,Open-Meteo Historical Weather API
MH-Latur,2016-12-08,20.4,29.0,13.9,0.0,0.0,0.0,57,4.13,0.276,0.284,0.324,21.5,22.2,18.39721,76.56784,ERA5,Asia/Kolkata,Open-Meteo Historical Weather API
MH-Latur,2016-12-09,19.3,28.8,11.8,0.0,0.0,0.0,52,4.34,0.275,0.284,0.323,20.8,21.8,18.39721,76.56784,ERA5,Asia/Kolkata,Open-Meteo Historical Weather API
MH-Latur,2016-12-10,19.4,28.0,12.2,0.0,0.0,0.0,54,4.24,0.276,0.284,0.323,20.5,21.4,18.39721,76.56784,ERA5,Asia/Kolkata,Open-Meteo Historical Weather API
MH-Latur,2016-12-11,20.4,29.8,12.7,0.0,0.0,0.0,53,4.5,0.275,0.283,0.322,20.8,21.2,18.39721,76.56784,ERA5,Asia/Kolkata,Open-Meteo Historical Weather API
MH-Latur,2016-12-12,21.5,30.1,13.6,0.0,0.0,0.0,51,4.82,0.273,0.28,0.318,21.7,21.7,18.39721,76.56784,ERA5,Asia/Kolkata,Open-Meteo Historical Weather API
MH-Latur,2016-12-13,22.9,29.2,15.2,0.0,0.0,0.0,52,4.68,0.272,0.276,0.314,22.9,22.3,18.39721,76.56784,ERA5,Asia/Kolkata,Open-Meteo Historical Weather API
MH-Latur,2016-12-14,22.9,26.5,20.3,0.7,0.7,3.0,69,2.42,0.275,0.278,0.315,23.5,23.3,18.39721,76.56784,ERA5,Asia/Kolkata,Open-Meteo Historical Weather API
MH-Latur,2016-12-15,23.7,30.5,18.5,0.0,0.0,0.0,62,3.63,0.277,0.278,0.315,24.2,23.4,18.39721,76.56784,ERA5,Asia/Kolkata,Open-Meteo Historical Weather API
MH-Latur,2016-12-16,23.7,30.1,18.4,0.0,0.0,0.0,58,3.75,0.275,0.278,0.314,24.4,23.8,18.39721,76.56784,ERA5,Asia/Kolkata,Open-Meteo Historical Weather API
MH-Latur,2016-12-17,22.7,30.4,16.4,0.0,0.0,0.0,56,4.24,0.272,0.277,0.312,23.9,24.0,18.39721,76.56784,ERA5,Asia/Kolkata,Open-Meteo Historical Weather API
MH-Latur,2016-12-18,21.9,29.9,15.4,0.0,0.0,0.0,52,4.37,0.271,0.276,0.31,23.2,23.5,18.39721,76.56784,ERA5,Asia/Kolkata,Open-Meteo Historical Weather API
MH-Latur,2016-12-19,20.8,29.3,13.7,0.0,0.0,0.0,53,4.24,0.271,0.277,0.309,22.4,23.0,18.39721,76.56784,ERA5,Asia/Kolkata,Open-Meteo Historical Weather API
MH-Latur,2016-12-20,20.1,29.0,13.9,0.0,0.0,0.0,50,4.32,0.272,0.279,0.311,21.7,22.3,18.39721,76.56784,ERA5,Asia/Kolkata,Open-Meteo Historical Weather API
MH-Latur,2016-12-21,20.0,29.9,11.0,0.0,0.0,0.0,47,4.33,0.271,0.279,0.31,21.2,21.8,18.39721,76.56784,ERA5,Asia/Kolkata,Open-Meteo Historical Weather API
MH-Latur,2016-12-22,20.9,31.0,13.0,0.0,0.0,0.0,46,4.46,0.27,0.277,0.309,21.3,21.7,18.39721,76.56784,ERA5,Asia/Kolkata,Open-Meteo Historical Weather API
MH-Latur,2016-12-23,20.6,30.1,12.6,0.0,0.0,0.0,45,4.58,0.27,0.276,0.307,21.1,21.8,18.39721,76.56784,ERA5,Asia/Kolkata,Open-Meteo Historical Weather API
MH-Latur,2016-12-24,20.7,31.3,12.4,0.0,0.0,0.0,44,4.42,0.269,0.276,0.306,21.0,21.6,18.39721,76.56784,ERA5,Asia/Kolkata,Open-Meteo Historical Weather API
MH-Latur,2016-12-25,21.5,31.7,12.2,0.0,0.0,0.0,47,4.42,0.272,0.278,0.307,22.0,21.9,18.39721,76.56784,ERA5,Asia/Kolkata,Open-Meteo Historical Weather API
MH-Latur,2016-12-26,21.1,29.7,14.0,0.0,0.0,0.0,52,4.35,0.273,0.281,0.309,21.9,22.2,18.39721,76.56784,ERA5,Asia/Kolkata,Open-Meteo Historical Weather API
MH-Latur,2016-12-27,19.8,28.5,12.9,0.0,0.0,0.0,52,4.28,0.275,0.281,0.308,21.2,21.9,18.39721,76.56784,ERA5,Asia/Kolkata,Open-Meteo Historical Weather API
MH-Latur,2016-12-28,19.3,28.8,11.7,0.0,0.0,0.0,49,4.17,0.275,0.282,0.309,20.8,21.5,18.39721,76.56784,ERA5,Asia/Kolkata,Open-Meteo Historical Weather API
MH-Latur,2016-12-29,19.8,28.9,12.0,0.0,0.0,0.0,55,4.28,0.276,0.285,0.311,20.9,21.3,18.39721,76.56784,ERA5,Asia/Kolkata,Open-Meteo Historical Weather API
MH-Latur,2016-12-30,20.4,30.1,12.7,0.0,0.0,0.0,57,4.24,0.277,0.287,0.313,21.3,21.6,18.39721,76.56784,ERA5,Asia/Kolkata,Open-Meteo Historical Weather API
MH-Latur,2016-12-31,21.1,30.1,13.7,0.0,0.0,0.0,56,4.03,0.278,0.291,0.316,22.0,21.9,18.39721,76.56784,ERA5,Asia/Kolkata,Open-Meteo Historical Weather API
MH-Latur,2017-01-01,21.4,29.8,13.9,0.0,0.0,0.0,58,3.87,0.282,0.293,0.318,22.1,22.2,18.39721,76.56784,ERA5,Asia/Kolkata,Open-Meteo Historical Weather API
MH-Latur,2017-01-02,22.0,29.7,16.0,0.0,0.0,0.0,53,4.19,0.282,0.293,0.318,22.7,22.7,18.39721,76.56784,ERA5,Asia/Kolkata,Open-Meteo Historical Weather API
MH-Latur,2017-01-03,19.8,27.8,13.9,0.0,0.0,0.0,51,4.43,0.279,0.293,0.318,21.4,22.3,18.39721,76.56784,ERA5,Asia/Kolkata,Open-Meteo Historical Weather API
MH-Latur,2017-01-04,19.1,28.1,11.5,0.0,0.0,0.0,54,4.09,0.278,0.294,0.318,20.4,21.3,18.39721,76.56784,ERA5,Asia/Kolkata,Open-Meteo Historical Weather API
MH-Latur,2017-01-05,19.5,28.8,12.1,0.0,0.0,0.0,54,4.18,0.277,0.293,0.319,20.4,21.0,18.39721,76.56784,ERA5,Asia/Kolkata,Open-Meteo Historical Weather API
MH-Latur,2017-01-06,20.4,29.7,11.2,0.0,0.0,0.0,49,4.41,0.277,0.292,0.318,20.7,21.1,18.39721,76.56784,ERA5,Asia/Kolkata,Open-Meteo Historical Weather API
MH-Latur,2017-01-07,20.4,29.3,12.7,0.0,0.0,0.0,50,4.58,0.274,0.291,0.317,21.0,21.2,18.39721,76.56784,ERA5,Asia/Kolkata,Open-Meteo Historical Weather API
MH-Latur,2017-01-08,20.8,29.6,13.2,0.0,0.0,0.0,54,4.2,0.273,0.292,0.318,21.4,21.3,18.39721,76.56784,ERA5,Asia/Kolkata,Open-Meteo Historical Weather API
MH-Latur,2017-01-09,21.1,28.6,14.1,0.0,0.0,0.0,58,4.14,0.272,0.293,0.319,21.5,21.5,18.39721,76.56784,ERA5,Asia/Kolkata,Open-Meteo Historical Weather API
MH-Latur,2017-01-10,20.8,28.0,16.5,0.0,0.0,0.0,55,4.17,0.272,0.293,0.32,22.1,22.0,18.39721,76.56784,ERA5,Asia/Kolkata,Open-Meteo Historical Weather API
MH-Latur,2017-01-11,19.1,26.8,13.2,0.0,0.0,0.0,55,4.11,0.272,0.293,0.32,20.9,21.8,18.39721,76.56784,ERA5,Asia/Kolkata,Open-Meteo Historical Weather API
MH-Latur,2017-01-12,18.1,25.6,12.0,0.0,0.0,0.0,52,3.99,0.273,0.296,0.323,19.9,21.1,18.39721,76.56784,ERA5,Asia/Kolkata,Open-Meteo Historical Weather API
MH-Latur,2017-01-13,19.0,26.3,12.4,0.0,0.0,0.0,57,3.74,0.276,0.299,0.325,20.2,20.8,18.39721,76.56784,ERA5,Asia/Kolkata,Open-Meteo Historical Weather API
MH-Latur,2017-01-14,20.3,26.8,14.9,0.0,0.0,0.0,60,3.33,0.278,0.301,0.327,20.9,21.3,18.39721,76.56784,ERA5,Asia/Kolkata,Open-Meteo Historical Weather API
MH-Latur,2017-01-15,21.2,26.9,16.9,0.0,0.0,0.0,61,3.02,0.281,0.303,0.329,21.5,21.6,18.39721,76.56784,ERA5,Asia/Kolkata,Open-Meteo Historical Weather API
MH-Latur,2017-01-16,21.8,27.6,16.0,0.0,0.0,0.0,57,3.13,0.28,0.3,0.329,21.9,21.9,18.39721,76.56784,ERA5,Asia/Kolkata,Open-Meteo Historical Weather API
MH-Latur,2017-01-17,22.0,29.3,15.9,0.0,0.0,0.0,55,3.34,0.282,0.299,0.33,22.5,22.4,18.39721,76.56784,ERA5,Asia/Kolkata,Open-Meteo Historical Weather API
MH-Latur,2017-01-18,22.7,29.1,18.3,0.0,0.0,0.0,49,4.53,0.285,0.296,0.328,23.2,22.9,18.39721,76.56784,ERA5,Asia/Kolkata,Open-Meteo Historical Weather API
MH-Latur,2017-01-19,21.4,28.5,15.8,0.0,0.0,0.0,53,4.59,0.284,0.297,0.329,22.5,22.7,18.39721,76.56784,ERA5,Asia/Kolkata,Open-Meteo Historical Weather API
MH-Latur,2017-01-20,21.1,28.2,14.8,0.0,0.0,0.0,56,4.31,0.283,0.298,0.329,22.3,22.5,18.39721,76.56784,ERA5,Asia/Kolkata,Open-Meteo Historical Weather API
MH-Latur,2017-01-21,22.3,30.0,14.6,0.0,0.0,0.0,54,4.63,0.279,0.295,0.327,22.8,22.5,18.39721,76.56784,ERA5,Asia/Kolkata,Open-Meteo Historical Weather API
MH-Latur,2017-01-22,24.1,31.4,17.7,0.0,0.0,0.0,47,4.85,0.277,0.293,0.326,24.2,23.4,18.39721,76.56784,ERA5,Asia/Kolkata,Open-Meteo Historical Weather API
MH-Latur,2017-01-23,23.9,31.6,17.9,0.0,0.0,0.0,50,4.8,0.281,0.292,0.326,24.7,24.2,18.39721,76.56784,ERA5,Asia/Kolkata,Open-Meteo Historical Weather API
MH-Latur,2017-01-24,23.4,30.6,18.0,0.0,0.0,0.0,46,5.21,0.28,0.293,0.327,24.2,24.1,18.39721,76.56784,ERA5,Asia/Kolkata,Open-Meteo Historical Weather API
MH-Latur,2017-01-25,22.2,29.7,15.9,0.0,0.0,0.0,52,4.65,0.28,0.295,0.329,23.5,23.6,18.39721,76.56784,ERA5,Asia/Kolkata,Open-Meteo Historical Weather API
MH-Latur,2017-01-26,23.3,29.4,17.7,0.2,0.2,1.0,55,4.06,0.281,0.298,0.33,23.7,23.6,18.39721,76.56784,ERA5,Asia/Kolkata,Open-Meteo Historical Weather API
MH-Latur,2017-01-27,23.5,30.0,17.8,0.0,0.0,0.0,55,4.59,0.278,0.297,0.33,24.8,24.0,18.39721,76.56784,ERA5,Asia/Kolkata,Open-Meteo Historical Weather API
MH-Latur,2017-01-28,22.5,29.3,17.5,0.0,0.0,0.0,53,4.84,0.278,0.302,0.334,24.1,24.2,18.39721,76.56784,ERA5,Asia/Kolkata,Open-Meteo Historical Weather API
MH-Latur,2017-01-29,22.1,30.1,15.1,0.0,0.0,0.0,54,4.6,0.278,0.303,0.335,23.4,23.5,18.39721,76.56784,ERA5,Asia/Kolkata,Open-Meteo Historical Weather API
MH-Latur,2017-01-30,22.6,31.6,14.6,0.0,0.0,0.0,48,4.79,0.279,0.3,0.334,23.5,23.4,18.39721,76.56784,ERA5,Asia/Kolkata,Open-Meteo Historical Weather API
MH-Latur,2017-01-31,23.7,31.8,16.4,0.0,0.0,0.0,44,4.61,0.276,0.299,0.332,23.6,23.4,18.39721,76.56784,ERA5,Asia/Kolkata,Open-Meteo Historical Weather API
MH-Latur,2017-02-01,23.7,31.7,17.0,0.0,0.0,0.0,48,4.72,0.272,0.298,0.331,24.1,23.7,18.39721,76.56784,ERA5,Asia/Kolkata,Open-Meteo Historical Weather API
MH-Latur,2017-02-02,24.3,31.9,17.3,0.0,0.0,0.0,52,4.69,0.273,0.298,0.331,24.9,24.2,18.39721,76.56784,ERA5,Asia/Kolkata,Open-Meteo Historical Weather API
MH-Latur,2017-02-03,24.4,31.1,19.2,0.0,0.0,0.0,51,4.93,0.275,0.301,0.333,25.5,24.9,18.39721,76.56784,ERA5,Asia/Kolkata,Open-Meteo Historical Weather API
MH-Latur,2017-02-04,23.2,31.6,15.8,0.0,0.0,0.0,45,5.33,0.28,0.303,0.335,24.4,24.5,18.39721,76.56784,ERA5,Asia/Kolkata,Open-Meteo Historical Weather API
MH-Latur,2017-02-05,23.7,31.0,16.3,0.0,0.0,0.0,46,4.95,0.279,0.304,0.337,24.2,24.0,18.39721,76.56784,ERA5,Asia/Kolkata,Open-Meteo Historical Weather API
MH-Latur,2017-02-06,23.8,30.6,18.4,0.0,0.0,0.0,53,4.5,0.278,0.302,0.336,24.5,24.1,18.39721,76.56784,ERA5,Asia/Kolkata,Open-Meteo Historical Weather API
MH-Latur,2017-02-07,23.9,31.4,17.9,0.0,0.0,0.0,52,4.85,0.276,0.299,0.333,24.8,24.5,18.39721,76.56784,ERA5,Asia/Kolkata,Open-Meteo Historical Weather API
MH-Latur,2017-02-08,24.3,31.5,17.7,0.0,0.0,0.0,52,5.16,0.275,0.298,0.333,25.2,24.6,18.39721,76.56784,ERA5,Asia/Kolkata,Open-Meteo Historical Weather API
MH-Latur,2017-02-09,25.0,32.0,18.7,0.0,0.0,0.0,53,4.87,0.278,0.298,0.334,25.7,24.9,18.39721,76.56784,ERA5,Asia/Kolkata,Open-Meteo Historical Weather API
MH-Latur,2017-02-10,24.9,31.4,19.2,0.0,0.0,0.0,51,5.08,0.277,0.299,0.335,25.8,25.4,18.39721,76.56784,ERA5,Asia/Kolkata,Open-Meteo Historical Weather API
MH-Latur,2017-02-11,25.0,31.5,20.2,0.0,0.0,0.0,42,6.27,0.278,0.3,0.336,25.6,25.3,18.39721,76.56784,ERA5,Asia/Kolkata,Open-Meteo Historical Weather API
MH-Latur,2017-02-12,24.3,30.7,18.4,0.0,0.0,0.0,43,5.46,0.278,0.302,0.338,25.3,25.1,18.39721,76.56784,ERA5,Asia/Kolkata,Open-Meteo Historical Weather API
MH-Latur,2017-02-13,23.9,30.8,18.7,0.0,0.0,0.0,51,5.3,0.279,0.305,0.341,25.0,24.9,18.39721,76.56784,ERA5,Asia/Kolkata,Open-Meteo Historical Weather API
MH-Latur,2017-02-14,24.0,31.1,17.7,0.0,0.0,0.0,56,4.78,0.28,0.307,0.343,24.9,24.7,18.39721,76.56784,ERA5,Asia/Kolkata,Open-Meteo Historical Weather API
MH-Latur,2017-02-15,24.0,30.8,17.9,0.0,0.0,0.0,52,5.34,0.279,0.308,0.344,25.1,24.7,18.39721,76.56784,ERA5,Asia/Kolkata,Open-Meteo Historical Weather API
MH-Latur,2017-02-16,24.1,31.8,16.6,0.0,0.0,0.0,50,5.59,0.279,0.307,0.345,25.0,24.7,18.39721,76.56784,ERA5,Asia/Kolkata,Open-Meteo Historical Weather API
MH-Latur,2017-02-17,24.2,32.4,17.2,0.0,0.0,0.0,46,6.06,0.277,0.306,0.344,24.6,24.6,18.39721,76.56784,ERA5,Asia/Kolkata,Open-Meteo Historical Weather API
MH-Latur,2017-02-18,24.6,32.7,16.9,0.0,0.0,0.0,43,6.05,0.274,0.304,0.343,24.7,24.5,18.39721,76.56784,ERA5,Asia/Kolkata,Open-Meteo Historical Weather API
MH-Latur,2017-02-19,25.5,34.2,18.4,0.0,0.0,0.0,40,5.78,0.271,0.301,0.341,25.2,24.7,18.39721,76.56784,ERA5,Asia/Kolkata,Open-Meteo Historical Weather API
MH-Latur,2017-02-20,26.5,35.4,16.7,0.0,0.0,0.0,40,5.61,0.267,0.296,0.338,26.1,25.2,18.39721,76.56784,ERA5,Asia/Kolkata,Open-Meteo Historical Weather API
MH-Latur,2017-02-21,27.5,35.8,20.8,0.0,0.0,0.0,34,6.12,0.265,0.292,0.334,27.2,26.0,18.39721,76.56784,ERA5,Asia/Kolkata,Open-Meteo Historical Weather API
MH-Latur,2017-02-22,27.0,36.2,19.2,0.0,0.0,0.0,36,6.02,0.261,0.289,0.331,27.5,26.3,18.39721,76.56784,ERA5,Asia/Kolkata,Open-Meteo Historical Weather API
MH-Latur,2017-02-23,27.0,35.6,19.6,0.0,0.0,0.0,36,6.21,0.258,0.288,0.328,27.7,26.5,18.39721,76.56784,ERA5,Asia/Kolkata,Open-Meteo Historical Weather API
MH-Latur,2017-02-24,26.2,34.4,18.6,0.0,0.0,0.0,35,6.32,0.259,0.289,0.328,27.1,26.7,18.39721,76.56784,ERA5,Asia/Kolkata,Open-Meteo Historical Weather API
MH-Latur,2017-02-25,25.2,33.2,17.6,0.0,0.0,0.0,36,6.26,0.261,0.29,0.328,26.4,26.3,18.39721,76.56784,ERA5,Asia/Kolkata,Open-Meteo Historical Weather API
MH-Latur,2017-02-26,24.5,34.1,15.9,0.0,0.0,0.0,33,6.3,0.262,0.291,0.328,25.6,25.6,18.39721,76.56784,ERA5,Asia/Kolkata,Open-Meteo Historical Weather API
MH-Latur,2017-02-27,25.1,34.4,15.5,0.0,0.0,0.0,33,6.58,0.263,0.293,0.33,25.7,25.4,18.39721,76.56784,ERA5,Asia/Kolkata,Open-Meteo Historical Weather API
MH-Latur,2017-02-28,25.9,34.9,17.1,0.0,0.0,0.0,35,6.64,0.262,0.291,0.328,26.5,25.8,18.39721,76.56784,ERA5,Asia/Kolkata,Open-Meteo Historical Weather API
MH-Latur,2017-03-01,26.6,35.3,18.4,0.0,0.0,0.0,30,6.47,0.262,0.29,0.327,27.1,26.3,18.39721,76.56784,ERA5,Asia/Kolkata,Open-Meteo Historical Weather API
MH-Latur,2017-03-02,26.8,34.0,20.3,0.0,0.0,0.0,37,6.66,0.264,0.29,0.327,27.4,26.6,18.39721,76.56784,ERA5,Asia/Kolkata,Open-Meteo Historical Weather API
MH-Latur,2017-03-03,27.0,34.5,21.0,0.0,0.0,0.0,33,7.03,0.264,0.29,0.326,27.7,26.9,18.39721,76.56784,ERA5,Asia/Kolkata,Open-Meteo Historical Weather API
MH-Latur,2017-03-04,27.1,34.7,20.9,0.0,0.0,0.0,34,6.31,0.262,0.288,0.324,28.2,27.1,18.39721,76.56784,ERA5,Asia/Kolkata,Open-Meteo Historical Weather API
MH-Latur,2017-03-05,27.0,34.9,19.8,0.0,0.0,0.0,30,6.25,0.262,0.286,0.322,28.1,27.1,18.39721,76.56784,ERA5,Asia/Kolkata,Open-Meteo Historical Weather API
MH-Latur,2017-03-06,26.8,34.6,19.6,0.0,0.0,0.0,35,6.52,0.26,0.284,0.321,27.8,27.1,18.39721,76.56784,ERA5,Asia/Kolkata,Open-Meteo Historical Weather API
MH-Latur,2017-03-07,27.0,35.2,19.3,0.0,0.0,0.0,34,6.93,0.257,0.282,0.318,28.1,27.2,18.39721,76.56784,ERA5,Asia/Kolkata,Open-Meteo Historical Weather API
MH-Latur,2017-03-08,26.9,33.3,21.6,0.0,0.0,0.0,29,6.98,0.251,0.28,0.315,28.4,27.5,18.39721,76.56784,ERA5,Asia/Kolkata,Open-Meteo Historical Weather API
MH-Latur,2017-03-09,26.8,32.9,21.3,0.0,0.0,0.0,34,6.21,0.251,0.281,0.316,28.2,27.4,18.39721,76.56784,ERA5,Asia/Kolkata,Open-Meteo Historical Weather API
MH-Latur,2017-03-10,26.4,33.1,20.4,0.0,0.0,0.0,28,7.65,0.251,0.281,0.316,28.1,27.4,18.39721,76.56784,ERA5,Asia/Kolkata,Open-Meteo Historical Weather API
MH-Latur,2017-03-11,24.6,30.8,18.9,0.0,0.0,0.0,39,6.41,0.249,0.282,0.316,27.3,27.1,18.39721,76.56784,ERA5,Asia/Kolkata,Open-Meteo Historical Weather API
MH-Latur,2017-03-12,24.6,31.9,17.8,0.0,0.0,0.0,30,6.28,0.252,0.282,0.316,26.9,26.6,18.39721,76.56784,ERA5,Asia/Kolkata,Open-Meteo Historical Weather API
MH-Latur,2017-03-13,25.2,33.8,16.1,0.0,0.0,0.0,28,6.3,0.252,0.282,0.315,26.9,26.5,18.39721,76.56784,ERA5,Asia/Kolkata,Open-Meteo Historical Weather API
MH-Latur,2017-03-14,26.7,34.1,18.8,0.0,0.0,0.0,35,6.06,0.251,0.282,0.315,27.9,27.0,18.39721,76.56784,ERA5,Asia/Kolkata,Open-Meteo Historical Weather API
MH-Latur,2017-03-15,26.1,32.1,21.7,8.6,8.6,6.0,64,4.34,0.278,0.284,0.316,28.2,27.7,18.39721,76.56784,ERA5,Asia/Kolkata,Open-Meteo Historical Weather API
MH-Latur,2017-03-16,25.8,31.5,20.1,0.5,0.5,3.0,68,4.67,0.357,0.284,0.315,27.7,27.2,18.39721,76.56784,ERA5,Asia/Kolkata,Open-Meteo Historical Weather API
MH-Latur,2017-03-17,27.1,33.5,21.3,0.0,0.0,0.0,38,6.72,0.332,0.284,0.313,27.8,27.2,18.39721,76.56784,ERA5,Asia/Kolkata,Open-Meteo Historical Weather API
MH-Latur,2017-03-18,27.0,34.3,20.0,0.0,0.0,0.0,35,6.74,0.311,0.283,0.311,27.7,26.9,18.39721,76.56784,ERA5,Asia/Kolkata,Open-Meteo Historical Weather API
MH-Latur,2017-03-19,28.1,35.1,20.7,0.0,0.0,0.0,33,6.96,0.295,0.281,0.309,28.4,27.4,18.39721,76.56784,ERA5,Asia/Kolkata,Open-Meteo Historical Weather API
MH-Latur,2017-03-20,27.5,33.8,21.1,0.0,0.0,0.0,33,7.05,0.284,0.281,0.308,28.7,27.7,18.39721,76.56784,ERA5,Asia/Kolkata,Open-Meteo Historical Weather API
MH-Latur,2017-03-21,28.0,35.8,18.7,0.0,0.0,0.0,32,6.81,0.277,0.281,0.307,29.0,27.9,18.39721,76.56784,ERA5,Asia/Kolkata,Open-Meteo Historical Weather API
MH-Latur,2017-03-22,28.7,36.7,18.9,0.0,0.0,0.0,28,7.08,0.27,0.279,0.305,29.5,28.4,18.39721,76.56784,ERA5,Asia/Kolkata,Open-Meteo Historical Weather API
MH-Latur,2017-03-23,29.2,37.5,19.6,0.0,0.0,0.0,31,6.43,0.266,0.282,0.307,29.9,28.7,18.39721,76.56784,ERA5,Asia/Kolkata,Open-Meteo Historical Weather API
MH-Latur,2017-03-24,29.9,37.4,23.2,0.0,0.0,0.0,35,6.18,0.262,0.283,0.307,30.8,29.3,18.39721,76.56784,ERA5,Asia/Kolkata,Open-Meteo Historical Weather API
MH-Latur,2017-03-25,31.1,37.8,24.5,0.0,0.0,0.0,34,6.04,0.258,0.284,0.307,32.2,30.2,18.39721,76.56784,ERA5,Asia/Kolkata,Open-Meteo Historical Weather API
MH-Latur,2017-03-26,31.4,39.1,23.1,0.0,0.0,0.0,30,7.44,0.257,0.284,0.306,31.6,30.4,18.39721,76.56784,ERA5,Asia/Kolkata,Open-Meteo Historical Weather API
MH-Latur,2017-03-27,31.5,39.1,22.8,0.0,0.0,0.0,28,6.84,0.256,0.281,0.304,31.9,30.5,18.39721,76.56784,ERA5,Asia/Kolkata,Open-Meteo Historical Weather API
MH-Latur,2017-03-28,31.4,39.1,23.1,0.0,0.0,0.0,32,7.15,0.256,0.281,0.303,32.1,30.8,18.39721,76.56784,ERA5,Asia/Kolkata,Open-Meteo Historical Weather API
MH-Latur,2017-03-29,31.7,39.9,22.8,0.0,0.0,0.0,34,6.74,0.254,0.281,0.303,32.8,31.2,18.39721,76.56784,ERA5,Asia/Kolkata,Open-Meteo Historical Weather API
MH-Latur,2017-03-30,32.1,39.5,24.9,0.0,0.0,0.0,36,5.67,0.252,0.283,0.304,33.1,31.7,18.39721,76.56784,ERA5,Asia/Kolkata,Open-Meteo Historical Weather API
MH-Latur,2017-03-31,32.5,39.4,25.2,0.0,0.0,0.0,36,5.98,0.251,0.283,0.304,33.4,31.8,18.39721,76.56784,ERA5,Asia/Kolkata,Open-Meteo Historical Weather API
MH-Latur,2017-04-01,32.7,39.6,26.9,0.0,0.0,0.0,33,5.94,0.248,0.282,0.303,33.7,32.2,18.39721,76.56784,ERA5,Asia/Kolkata,Open-Meteo Historical Weather API
MH-Latur,2017-04-02,32.9,39.4,26.8,0.0,0.0,0.0,26,7.59,0.244,0.28,0.301,34.0,32.4,18.39721,76.56784,ERA5,Asia/Kolkata,Open-Meteo Historical Weather API
MH-Latur,2017-04-03,32.4,38.2,26.5,0.0,0.0,0.0,28,7.09,0.242,0.278,0.299,34.2,32.6,18.39721,76.56784,ERA5,Asia/Kolkata,Open-Meteo Historical Weather API
MH-Latur,2017-04-04,32.1,38.6,25.2,0.0,0.0,0.0,29,6.72,0.243,0.278,0.298,34.1,32.8,18.39721,76.56784,ERA5,Asia/Kolkata,Open-Meteo Historical Weather API
MH-Latur,2017-04-05,32.3,39.2,25.6,0.0,0.0,0.0,27,7.69,0.244,0.279,0.298,34.2,32.8,18.39721,76.56784,ERA5,Asia/Kolkata,Open-Meteo Historical Weather API
MH-Latur,2017-04-06,32.5,39.6,24.5,0.0,0.0,0.0,27,7.55,0.243,0.274,0.294,34.5,32.9,18.39721,76.56784,ERA5,Asia/Kolkata,Open-Meteo Historical Weather API
MH-Latur,2017-04-07,32.2,39.2,26.4,0.0,0.0,0.0,26,7.81,0.242,0.273,0.291,34.4,33.0,18.39721,76.56784,ERA5,Asia/Kolkata,Open-Meteo Historical Weather API
MH-Latur,2017-04-08,32.0,39.1,24.7,0.0,0.0,0.0,25,7.8,0.242,0.275,0.292,34.2,32.9,18.39721,76.56784,ERA5,Asia/Kolkata,Open-Meteo Historical Weather API
MH-Latur,2017-04-09,32.7,39.7,25.6,0.0,0.0,0.0,23,7.4,0.243,0.276,0.292,34.3,33.1,18.39721,76.56784,ERA5,Asia/Kolkata,Open-Meteo Historical Weather API
MH-Latur,2017-04-10,32.0,39.7,23.9,0.0,0.0,0.0,19,8.36,0.243,0.275,0.291,33.7,33.0,18.39721,76.56784,ERA5,Asia/Kolkata,Open-Meteo Historical Weather API
MH-Latur,2017-04-11,31.1,39.3,22.6,0.0,0.0,0.0,17,8.64,0.244,0.276,0.291,33.0,32.6,18.39721,76.56784,ERA5,Asia/Kolkata,Open-Meteo Historical Weather API
MH-Latur,2017-04-12,31.2,39.8,21.8,0.0,0.0,0.0,16,8.49,0.244,0.276,0.29,32.3,32.1,18.39721,76.56784,ERA5,Asia/Kolkata,Open-Meteo Historical Weather API
MH-Latur,2017-04-13,32.5,40.5,25.1,0.0,0.0,0.0,17,7.6,0.245,0.275,0.29,32.9,31.9,18.39721,76.56784,ERA5,Asia/Kolkata,Open-Meteo Historical Weather API
MH-Latur,2017-04-14,32.6,40.7,23.7,0.0,0.0,0.0,21,7.71,0.245,0.275,0.289,33.7,32.4,18.39721,76.56784,ERA5,Asia/Kolkata,Open-Meteo Historical Weather API
MH-Latur,2017-04-15,33.1,41.1,23.9,0.0,0.0,0.0,20,8.41,0.245,0.274,0.287,33.8,32.7,18.39721,76.56784,ERA5,Asia/Kolkata,Open-Meteo Historical Weather API
MH-Latur,2017-04-16,33.5,41.5,27.1,0.0,0.0,0.0,19,8.91,0.245,0.272,0.285,34.5,32.9,18.39721,76.56784,ERA5,Asia/Kolkata,Open-Meteo Historical Weather API
MH-Latur,2017-04-17,33.9,41.9,26.1,0.0,0.0,0.0,19,9.22,0.246,0.269,0.283,34.8,33.4,18.39721,76.56784,ERA5,Asia/Kolkata,Open-Meteo Historical Weather API
MH-Latur,2017-04-18,34.4,41.8,27.9,0.0,0.0,0.0,19,9.08,0.245,0.268,0.282,35.6,33.9,18.39721,76.56784,ERA5,Asia/Kolkata,Open-Meteo Historical Weather API
MH-Latur,2017-04-19,34.1,41.4,26.4,0.0,0.0,0.0,20,7.88,0.244,0.267,0.28,35.4,34.1,18.39721,76.56784,ERA5,Asia/Kolkata,Open-Meteo Historical Weather API
MH-Latur,2017-04-20,34.1,41.0,25.7,0.0,0.0,0.0,21,8.45,0.243,0.267,0.278,35.6,34.0,18.39721,76.56784,ERA5,Asia/Kolkata,Open-Meteo Historical Weather API
MH-Latur,2017-04-21,33.9,41.2,25.8,0.0,0.0,0.0,23,8.48,0.242,0.265,0.277,35.6,34.1,18.39721,76.56784,ERA5,Asia/Kolkata,Open-Meteo Historical Weather API
MH-Latur,2017-04-22,33.3,39.7,26.5,0.0,0.0,0.0,25,9.09,0.243,0.264,0.275,35.5,34.2,18.39721,76.56784,ERA5,Asia/Kolkata,Open-Meteo Historical Weather API
MH-Latur,2017-04-23,32.7,39.6,25.5,0.0,0.0,0.0,27,8.7,0.242,0.263,0.274,35.2,34.1,18.39721,76.56784,ERA5,Asia/Kolkata,Open-Meteo Historical Weather API
MH-Latur,2017-04-24,32.7,39.6,25.1,0.0,0.0,0.0,25,8.56,0.242,0.263,0.273,35.1,34.0,18.39721,76.56784,ERA5,Asia/Kolkata,Open-Meteo Historical Weather API
MH-Latur,2017-04-25,32.8,39.9,25.3,0.0,0.0,0.0,25,8.66,0.243,0.263,0.272,35.1,34.0,18.39721,76.56784,ERA5,Asia/Kolkata,Open-Meteo Historical Weather API
MH-Latur,2017-04-26,32.3,39.2,25.7,0.0,0.0,0.0,24,7.55,0.242,0.263,0.27,35.0,34.0,18.39721,76.56784,ERA5,Asia/Kolkata,Open-Meteo Historical Weather API
MH-Latur,2017-04-27,33.0,39.3,26.1,0.0,0.0,0.0,23,7.4,0.244,0.262,0.269,34.9,33.8,18.39721,76.56784,ERA5,Asia/Kolkata,Open-Meteo Historical Weather API
MH-Latur,2017-04-28,32.6,39.7,26.7,0.1,0.1,1.0,26,5.97,0.244,0.262,0.268,34.9,34.0,18.39721,76.56784,ERA5,Asia/Kolkata,Open-Meteo Historical Weather API
MH-Latur,2017-04-29,31.8,38.9,26.1,0.0,0.0,0.0,30,6.71,0.247,0.262,0.268,34.6,34.0,18.39721,76.56784,ERA5,Asia/Kolkata,Open-Meteo Historical Weather API
MH-Latur,2017-04-30,32.2,38.3,27.7,0.0,0.0,0.0,26,6.98,0.251,0.262,0.268,35.1,34.1,18.39721,76.56784,ERA5,Asia/Kolkata,Open-Meteo Historical Weather API
MH-Latur,2017-05-01,32.2,39.4,24.3,0.0,0.0,0.0,27,6.45,0.247,0.262,0.268,34.9,34.0,18.39721,76.56784,ERA5,Asia/Kolkata,Open-Meteo Historical Weather API
MH-Latur,2017-05-02,32.8,39.4,26.4,0.0,0.0,0.0,30,7.04,0.246,0.261,0.267,35.1,34.1,18.39721,76.56784,ERA5,Asia/Kolkata,Open-Meteo Historical Weather API
MH-Latur,2017-05-03,33.4,40.2,27.6,0.0,0.0,0.0,36,6.54,0.245,0.261,0.266,35.8,34.4,18.39721,76.56784,ERA5,Asia/Kolkata,Open-Meteo Historical Weather API
MH-Latur,2017-05-04,33.8,39.9,27.3,0.1,0.1,1.0,34,6.07,0.256,0.26,0.265,36.2,34.8,18.39721,76.56784,ERA5,Asia/Kolkata,Open-Meteo Historical Weather API
MH-Latur,2017-05-05,34.0,41.2,27.4,0.4,0.4,1.0,36,6.72,0.275,0.259,0.263,36.3,34.9,18.39721,76.56784,ERA5,Asia/Kolkata,Open-Meteo Historical Weather API
MH-Latur,2017-05-06,34.9,41.6,29.4,0.0,0.0,0.0,30,8.0,0.276,0.258,0.263,36.5,35.1,18.39721,76.56784,ERA5,Asia/Kolkata,Open-Meteo Historical Weather API
MH-Latur,2017-05-07,33.9,40.0,28.0,0.0,0.0,0.0,27,7.93,0.267,0.258,0.262,36.2,35.0,18.39721,76.56784,ERA5,Asia/Kolkata,Open-Meteo Historical Weather API
MH-Latur,2017-05-08,33.0,40.9,25.2,0.0,0.0,0.0,29,7.18,0.267,0.258,0.262,35.1,34.8,18.39721,76.56784,ERA5,Asia/Kolkata,Open-Meteo Historical Weather API
MH-Latur,2017-05-09,33.5,40.7,28.4,0.3,0.3,1.0,28,7.12,0.271,0.259,0.263,35.5,34.6,18.39721,76.56784,ERA5,Asia/Kolkata,Open-Meteo Historical Weather API
MH-Latur,2017-05-10,33.3,39.5,26.3,0.0,0.0,0.0,30,7.25,0.267,0.259,0.262,35.4,34.6,18.39721,76.56784,ERA5,Asia/Kolkata,Open-Meteo Historical Weather API
MH-Latur,2017-05-11,32.7,38.8,26.9,0.7,0.7,1.0,36,6.17,0.264,0.258,0.262,35.4,34.7,18.39721,76.56784,ERA5,Asia/Kolkata,Open-Meteo Historical Weather API
MH-Latur,2017-05-12,32.5,38.4,26.8,1.6,1.6,2.0,42,5.63,0.268,0.258,0.262,35.0,34.3,18.39721,76.56784,ERA5,Asia/Kolkata,Open-Meteo Historical Weather API
MH-Latur,2017-05-13,33.1,39.4,28.7,1.6,1.6,2.0,43,5.88,0.274,0.258,0.261,35.4,34.4,18.39721,76.56784,ERA5,Asia/Kolkata,Open-Meteo Historical Weather API
MH-Latur,2017-05-14,34.5,40.9,28.7,0.0,0.0,0.0,37,7.03,0.288,0.259,0.262,35.8,34.6,18.39721,76.56784,ERA5,Asia/Kolkata,Open-Meteo Historical Weather API
MH-Latur,2017-05-15,33.7,39.8,27.7,0.0,0.0,0.0,38,7.91,0.288,0.259,0.262,35.8,34.9,18.39721,76.56784,ERA5,Asia/Kolkata,Open-Meteo Historical Weather API
MH-Latur,2017-05-16,34.2,39.8,27.9,0.0,0.0,0.0,38,7.02,0.28,0.259,0.262,36.0,35.1,18.39721,76.56784,ERA5,Asia/Kolkata,Open-Meteo Historical Weather API
MH-Latur,2017-05-17,34.1,39.4,29.2,0.0,0.0,0.0,32,7.24,0.276,0.259,0.262,36.0,35.1,18.39721,76.56784,ERA5,Asia/Kolkata,Open-Meteo Historical Weather API
MH-Latur,2017-05-18,34.9,41.3,28.7,0.0,0.0,0.0,29,8.45,0.269,0.259,0.261,36.6,35.2,18.39721,76.56784,ERA5,Asia/Kolkata,Open-Meteo Historical Weather API
MH-Latur,2017-05-19,35.0,41.4,29.0,0.0,0.0,0.0,28,8.45,0.26,0.259,0.261,36.9,35.5,18.39721,76.56784,ERA5,Asia/Kolkata,Open-Meteo Historical Weather API
MH-Latur,2017-05-20,34.7,40.5,28.0,0.0,0.0,0.0,28,8.27,0.252,0.258,0.26,36.8,35.5,18.39721,76.56784,ERA5,Asia/Kolkata,Open-Meteo Historical Weather API
MH-Latur,2017-05-21,34.4,40.5,28.2,0.0,0.0,0.0,27,8.4,0.252,0.257,0.26,36.8,35.5,18.39721,76.56784,ERA5,Asia/Kolkata,Open-Meteo Historical Weather API
MH-Latur,2017-05-22,34.3,40.5,27.7,0.0,0.0,0.0,31,8.3,0.248,0.257,0.26,36.7,35.5,18.39721,76.56784,ERA5,Asia/Kolkata,Open-Meteo Historical Weather API
MH-Latur,2017-05-23,35.3,41.1,30.1,0.0,0.0,0.0,29,8.34,0.244,0.256,0.258,37.1,35.7,18.39721,76.56784,ERA5,Asia/Kolkata,Open-Meteo Historical Weather API
MH-Latur,2017-05-24,35.1,40.8,27.6,0.0,0.0,0.0,25,7.42,0.245,0.255,0.257,36.7,35.6,18.39721,76.56784,ERA5,Asia/Kolkata,Open-Meteo Historical Weather API
MH-Latur,2017-05-25,35.2,41.6,30.0,0.0,0.0,0.0,29,8.01,0.242,0.255,0.256,37.0,35.7,18.39721,76.56784,ERA5,Asia/Kolkata,Open-Meteo Historical Weather API
MH-Latur,2017-05-26,34.6,40.8,31.3,0.4,0.4,1.0,38,6.76,0.243,0.255,0.256,37.2,36.0,18.39721,76.56784,ERA5,Asia/Kolkata,Open-Meteo Historical Weather API
MH-Latur,2017-05-27,34.3,40.8,29.2,0.0,0.0,0.0,41,7.57,0.247,0.254,0.256,37.1,35.9,18.39721,76.56784,ERA5,Asia/Kolkata,Open-Meteo Historical Weather API
MH-Latur,2017-05-28,33.2,39.9,28.3,2.0,2.0,2.0,44,7.52,0.259,0.254,0.255,36.6,35.9,18.39721,76.56784,ERA5,Asia/Kolkata,Open-Meteo Historical Weather API
MH-Latur,2017-05-29,32.6,39.0,25.4,0.0,0.0,0.0,46,8.92,0.265,0.253,0.254,35.6,35.2,18.39721,76.56784,ERA5,Asia/Kolkata,Open-Meteo Historical Weather API
MH-Latur,2017-05-30,31.0,36.2,25.8,0.1,0.1,1.0,53,7.28,0.262,0.252,0.254,34.1,34.3,18.39721,76.56784,ERA5,Asia/Kolkata,Open-Meteo Historical Weather API
MH-Latur,2017-05-31,31.5,37.1,26.2,0.2,0.2,1.0,52,7.02,0.26,0.252,0.254,34.6,33.9,18.39721,76.56784,ERA5,Asia/Kolkata,Open-Meteo Historical Weather API
MH-Latur,2017-06-01,32.2,38.0,28.1,1.4,1.4,6.0,53,5.93,0.26,0.253,0.255,35.3,34.3,18.39721,76.56784,ERA5,Asia/Kolkata,Open-Meteo Historical Weather API
MH-Latur,2017-06-02,32.7,40.2,27.4,1.6,1.6,3.0,52,5.35,0.264,0.252,0.255,35.8,34.6,18.39721,76.56784,ERA5,Asia/Kolkata,Open-Meteo Historical Weather API
MH-Latur,2017-06-03,31.8,39.4,25.4,6.7,6.7,7.0,56,5.94,0.298,0.251,0.255,35.4,34.7,18.39721,76.56784,ERA5,Asia/Kolkata,Open-Meteo Historical Weather API
MH-Latur,2017-06-04,29.5,35.2,26.0,2.1,2.1,2.0,66,4.86,0.398,0.256,0.255,32.3,33.3,18.39721,76.56784,ERA5,Asia/Kolkata,Open-Meteo Historical Weather API
MH-Latur,2017-06-05,29.6,35.8,25.9,6.8,6.8,4.0,65,5.72,0.379,0.26,0.255,32.4,32.4,18.39721,76.56784,ERA5,Asia/Kolkata,Open-Meteo Historical Weather API
MH-Latur,2017-06-06,29.4,35.5,25.2,4.3,4.3,7.0,63,5.53,0.401,0.263,0.255,31.3,31.7,18.39721,76.56784,ERA5,Asia/Kolkata,Open-Meteo Historical Weather API
MH-Latur,2017-06-07,27.4,33.3,24.0,3.4,3.4,6.0,71,4.26,0.418,0.272,0.255,29.9,31.0,18.39721,76.56784,ERA5,Asia/Kolkata,Open-Meteo Historical Weather API
MH-Latur,2017-06-08,26.9,32.0,23.0,15.5,15.5,12.0,76,4.05,0.456,0.293,0.255,29.1,29.9,18.39721,76.56784,ERA5,Asia/Kolkata,Open-Meteo Historical Weather API
MH-Latur,2017-06-09,27.2,33.6,24.2,10.3,10.3,5.0,73,4.86,0.449,0.323,0.255,29.5,29.7,18.39721,76.56784,ERA5,Asia/Kolkata,Open-Meteo Historical Weather API
MH-Latur,2017-06-10,26.9,33.1,24.0,7.9,7.9,16.0,78,3.35,0.471,0.358,0.255,28.6,29.4,18.39721,76.56784,ERA5,Asia/Kolkata,Open-Meteo Historical Weather API
MH-Latur,2017-06-11,25.9,30.6,23.7,9.7,9.7,21.0,83,2.43,0.479,0.387,0.255,27.6,28.5,18.39721,76.56784,ERA5,Asia/Kolkata,Open-Meteo Historical Weather API
MH-Latur,2017-06-12,24.9,28.9,23.2,17.4,17.4,23.0,88,1.53,0.494,0.425,0.256,26.5,27.6,18.39721,76.56784,ERA5,Asia/Kolkata,Open-Meteo Historical Weather API
MH-Latur,2017-06-13,25.8,31.5,22.7,32.1,32.1,19.0,84,2.22,0.506,0.496,0.264,26.5,27.1,18.39721,76.56784,ERA5,Asia/Kolkata,Open-Meteo Historical Weather API
MH-Latur,2017-06-14,26.1,29.8,23.4,23.1,23.1,18.0,82,2.45,0.507,0.504,0.295,26.6,27.1,18.39721,76.56784,ERA5,Asia/Kolkata,Open-Meteo Historical Weather API
MH-Latur,2017-06-15,25.6,31.3,22.8,17.1,17.1,15.0,85,3.0,0.505,0.5,0.311,27.0,27.3,18.39721,76.56784,ERA5,Asia/Kolkata,Open-Meteo Historical Weather API
MH-Latur,2017-06-16,25.0,29.1,22.2,11.3,11.3,18.0,85,2.45,0.504,0.5,0.33,26.1,27.1,18.39721,76.56784,ERA5,Asia/Kolkata,Open-Meteo Historical Weather API
MH-Latur,2017-06-17,26.6,32.2,22.3,5.7,5.7,9.0,78,4.35,0.49,0.483,0.339,27.8,27.5,18.39721,76.56784,ERA5,Asia/Kolkata,Open-Meteo Historical Weather API
MH-Latur,2017-06-18,27.9,33.7,24.1,2.1,2.1,3.0,76,4.6,0.487,0.478,0.342,28.6,28.0,18.39721,76.56784,ERA5,Asia/Kolkata,Open-Meteo Historical Weather API
MH-Latur,2017-06-19,27.6,31.8,24.7,2.1,2.1,6.0,74,4.94,0.469,0.467,0.343,28.6,28.2,18.39721,76.56784,ERA5,Asia/Kolkata,Open-Meteo Historical Weather API
MH-Latur,2017-06-20,27.5,32.4,23.8,1.6,1.6,4.0,71,4.66,0.456,0.454,0.343,28.2,28.0,18.39721,76.56784,ERA5,Asia/Kolkata,Open-Meteo Historical Weather API
MH-Latur,2017-06-21,28.1,32.4,23.1,0.0,0.0,0.0,67,5.63,0.438,0.442,0.34,28.3,27.8,18.39721,76.56784,ERA5,Asia/Kolkata,Open-Meteo Historical Weather API
MH-Latur,2017-06-22,27.8,32.5,23.7,1.1,1.1,7.0,70,4.86,0.416,0.428,0.338,28.1,27.8,18.39721,76.56784,ERA5,Asia/Kolkata,Open-Meteo Historical Weather API
MH-Latur,2017-06-23,27.4,31.7,24.2,1.5,1.5,3.0,73,4.67,0.409,0.417,0.337,28.2,27.8,18.39721,76.56784,ERA5,Asia/Kolkata,Open-Meteo Historical Weather API
MH-Latur,2017-06-24,27.7,33.0,24.1,1.5,1.5,5.0,70,5.13,0.404,0.407,0.335,28.4,27.9,18.39721,76.56784,ERA5,Asia/Kolkata,Open-Meteo Historical Weather API
MH-Latur,2017-06-25,27.3,31.1,24.3,13.8,13.8,11.0,76,3.79,0.427,0.4,0.335,27.9,27.7,18.39721,76.56784,ERA5,Asia/Kolkata,Open-Meteo Historical Weather API
MH-Latur,2017-06-26,25.7,29.7,23.9,16.1,16.1,11.0,81,3.2,0.476,0.42,0.334,26.8,27.1,18.39721,76.56784,ERA5,Asia/Kolkata,Open-Meteo Historical Weather API
MH-Latur,2017-06-27,26.4,30.4,23.5,2.5,2.5,9.0,78,3.44,0.485,0.452,0.335,26.7,26.5,18.39721,76.56784,ERA5,Asia/Kolkata,Open-Meteo Historical Weather API
MH-Latur,2017-06-28,25.5,27.9,22.6,5.3,5.3,14.0,80,2.58,0.491,0.473,0.336,25.8,26.2,18.39721,76.56784,ERA5,Asia/Kolkata,Open-Meteo Historical Weather API
MH-Latur,2017-06-29,26.4,30.3,23.3,3.5,3.5,3.0,75,3.93,0.478,0.47,0.338,26.4,26.1,18.39721,76.56784,ERA5,Asia/Kolkata,Open-Meteo Historical Weather API
MH-Latur,2017-06-30,27.0,30.4,23.9,0.7,0.7,4.0,73,4.63,0.465,0.463,0.339,27.1,26.6,18.39721,76.56784,ERA5,Asia/Kolkata,Open-Meteo Historical Weather API
MH-Latur,2017-07-01,26.8,29.9,23.9,0.1,0.1,1.0,73,4.38,0.443,0.45,0.34,27.2,26.9,18.39721,76.56784,ERA5,Asia/Kolkata,Open-Meteo Historical Weather API
MH-Latur,2017-07-02,27.0,32.5,23.7,2.1,2.1,8.0,73,4.74,0.442,0.439,0.338,27.3,26.8,18.39721,76.56784,ERA5,Asia/Kolkata,Open-Meteo Historical Weather API
MH-Latur,2017-07-03,26.7,30.2,23.8,1.3,1.3,3.0,73,4.49,0.441,0.43,0.337,27.0,26.9,18.39721,76.56784,ERA5,Asia/Kolkata,Open-Meteo Historical Weather API
MH-Latur,2017-07-04,27.0,31.3,22.8,0.2,0.2,2.0,71,5.19,0.421,0.42,0.336,27.3,26.9,18.39721,76.56784,ERA5,Asia/Kolkata,Open-Meteo Historical Weather API
MH-Latur,2017-07-05,26.5,29.4,23.6,0.5,0.5,2.0,72,4.27,0.409,0.411,0.334,27.1,27.0,18.39721,76.56784,ERA5,Asia/Kolkata,Open-Meteo Historical Weather API
MH-Latur,2017-07-06,27.2,31.5,23.1,0.6,0.6,4.0,71,4.81,0.402,0.402,0.332,27.5,27.0,18.39721,76.56784,ERA5,Asia/Kolkata,Open-Meteo Historical Weather API
MH-Latur,2017-07-07,27.1,31.2,23.2,0.3,0.3,3.0,69,4.8,0.387,0.392,0.33,27.8,27.2,18.39721,76.56784,ERA5,Asia/Kolkata,Open-Meteo Historical Weather API
MH-Latur,2017-07-08,27.5,32.2,23.4,0.4,0.4,1.0,69,5.1,0.371,0.383,0.329,28.2,27.4,18.39721,76.56784,ERA5,Asia/Kolkata,Open-Meteo Historical Weather API
MH-Latur,2017-07-09,27.9,31.7,24.5,0.2,0.2,1.0,68,4.77,0.36,0.374,0.327,28.6,27.8,18.39721,76.56784,ERA5,Asia/Kolkata,Open-Meteo Historical Weather API
MH-Latur,2017-07-10,27.4,31.5,24.4,1.0,1.0,5.0,69,4.47,0.351,0.367,0.326,28.5,27.9,18.39721,76.56784,ERA5,Asia/Kolkata,Open-Meteo Historical Weather API
MH-Latur,2017-07-11,26.2,28.1,24.4,0.3,0.3,3.0,74,3.24,0.358,0.363,0.326,27.1,27.4,18.39721,76.56784,ERA5,Asia/Kolkata,Open-Meteo Historical Weather API
MH-Latur,2017-07-12,26.9,31.4,22.9,0.0,0.0,0.0,67,4.91,0.351,0.358,0.325,27.4,27.0,18.39721,76.56784,ERA5,Asia/Kolkata,Open-Meteo Historical Weather API
MH-Latur,2017-07-13,25.0,27.2,23.2,5.3,5.3,7.0,78,3.08,0.351,0.355,0.325,26.4,27.0,18.39721,76.56784,ERA5,Asia/Kolkata,Open-Meteo Historical Weather API
MH-Latur,2017-07-14,25.5,29.4,22.4,1.0,1.0,3.0,76,3.77,0.377,0.355,0.327,26.3,26.4,18.39721,76.56784,ERA5,Asia/Kolkata,Open-Meteo Historical Weather API
MH-Latur,2017-07-15,26.3,30.8,23.2,0.6,0.6,2.0,72,4.41,0.383,0.353,0.327,26.7,26.6,18.39721,76.56784,ERA5,Asia/Kolkata,Open-Meteo Historical Weather API
MH-Latur,2017-07-16,25.2,27.9,23.1,3.0,3.0,13.0,79,2.74,0.391,0.352,0.327,25.9,26.4,18.39721,76.56784,ERA5,Asia/Kolkata,Open-Meteo Historical Weather API
MH-Latur,2017-07-17,23.8,25.5,22.2,32.3,32.3,24.0,88,1.37,0.474,0.385,0.327,24.4,25.3,18.39721,76.56784,ERA5,Asia/Kolkata,Open-Meteo Historical Weather API
MH-Latur,2017-07-18,24.1,27.0,22.2,16.7,16.7,24.0,88,1.98,0.508,0.47,0.33,24.3,24.8,18.39721,76.56784,ERA5,Asia/Kolkata,Open-Meteo Historical Weather API
MH-Latur,2017-07-19,24.0,26.0,21.9,26.3,26.3,23.0,90,1.43,0.514,0.505,0.341,24.1,24.6,18.39721,76.56784,ERA5,Asia/Kolkata,Open-Meteo Historical Weather API
MH-Latur,2017-07-20,24.6,26.9,23.0,9.6,9.6,12.0,87,2.38,0.503,0.501,0.362,24.6,24.6,18.39721,76.56784,ERA5,Asia/Kolkata,Open-Meteo Historical Weather API
MH-Latur,2017-07-21,26.4,29.2,24.0,0.5,0.5,3.0,78,4.53,0.485,0.486,0.37,26.3,25.4,18.39721,76.56784,ERA5,Asia/Kolkata,Open-Meteo Historical Weather API
MH-Latur,2017-07-22,26.6,30.4,23.6,0.5,0.5,4.0,75,4.75,0.467,0.47,0.372,26.7,26.1,18.39721,76.56784,ERA5,Asia/Kolkata,Open-Meteo Historical Weather API
MH-Latur,2017-07-23,25.8,29.3,23.0,2.0,2.0,3.0,77,4.18,0.456,0.457,0.372,26.2,26.0,18.39721,76.56784,ERA5,Asia/Kolkata,Open-Meteo Historical Weather API
MH-Latur,2017-07-24,25.4,28.4,23.1,0.3,0.3,2.0,79,3.45,0.45,0.449,0.372,25.8,25.7,18.39721,76.56784,ERA5,Asia/Kolkata,Open-Meteo Historical Weather API
MH-Latur,2017-07-25,26.3,29.8,22.8,0.0,0.0,0.0,74,4.13,0.435,0.441,0.372,26.0,25.7,18.39721,76.56784,ERA5,Asia/Kolkata,Open-Meteo Historical Weather API
MH-Latur,2017-07-26,26.3,30.8,23.4,0.1,0.1,1.0,75,4.43,0.422,0.431,0.371,26.5,25.9,18.39721,76.56784,ERA5,Asia/Kolkata,Open-Meteo Historical Weather API
MH-Latur,2017-07-27,25.7,29.0,23.0,0.1,0.1,1.0,76,3.55,0.415,0.422,0.369,26.1,25.9,18.39721,76.56784,ERA5,Asia/Kolkata,Open-Meteo Historical Weather API
MH-Latur,2017-07-28,25.9,29.4,23.6,1.9,1.9,2.0,77,3.96,0.419,0.416,0.37,26.4,25.9,18.39721,76.56784,ERA5,Asia/Kolkata,Open-Meteo Historical Weather API
MH-Latur,2017-07-29,26.8,30.9,23.1,0.6,0.6,4.0,73,4.56,0.415,0.408,0.369,26.8,26.1,18.39721,76.56784,ERA5,Asia/Kolkata,Open-Meteo Historical Weather API
MH-Latur,2017-07-30,26.6,30.7,22.8,0.4,0.4,3.0,74,4.15,0.404,0.399,0.365,26.9,26.4,18.39721,76.56784,ERA5,Asia/Kolkata,Open-Meteo Historical Weather API
MH-Latur,2017-07-31,26.9,30.7,22.6,0.4,0.4,3.0,72,4.51,0.391,0.39,0.362,27.1,26.5,18.39721,76.56784,ERA5,Asia/Kolkata,Open-Meteo Historical Weather API
MH-Latur,2017-08-01,26.7,30.8,22.8,0.5,0.5,2.0,76,4.4,0.38,0.382,0.36,27.3,26.7,18.39721,76.56784,ERA5,Asia/Kolkata,Open-Meteo Historical Weather API
MH-Latur,2017-08-02,26.7,30.9,22.9,1.3,1.3,8.0,74,4.54,0.372,0.375,0.358,27.2,26.8,18.39721,76.56784,ERA5,Asia/Kolkata,Open-Meteo Historical Weather API
MH-Latur,2017-08-03,25.6,29.0,22.4,2.0,2.0,3.0,77,3.95,0.368,0.368,0.356,26.7,26.6,18.39721,76.56784,ERA5,Asia/Kolkata,Open-Meteo Historical Weather API
MH-Latur,2017-08-04,26.3,30.1,22.6,0.4,0.4,3.0,74,4.09,0.369,0.365,0.355,26.6,26.5,18.39721,76.56784,ERA5,Asia/Kolkata,Open-Meteo Historical Weather API
MH-Latur,2017-08-05,26.3,29.4,22.7,0.2,0.2,2.0,74,3.48,0.36,0.36,0.354,26.6,26.4,18.39721,76.56784,ERA5,Asia/Kolkata,Open-Meteo Historical Weather API
MH-Latur,2017-08-06,26.5,29.7,23.3,0.5,0.5,3.0,73,2.97,0.352,0.355,0.351,26.5,26.3,18.39721,76.56784,ERA5,Asia/Kolkata,Open-Meteo Historical Weather API
MH-Latur,2017-08-07,26.9,30.2,24.1,0.2,0.2,2.0,70,4.34,0.346,0.35,0.35,27.5,26.6,18.39721,76.56784,ERA5,Asia/Kolkata,Open-Meteo Historical Weather API
MH-Latur,2017-08-08,26.9,30.2,24.4,0.0,0.0,0.0,70,3.57,0.336,0.346,0.349,27.4,27.0,18.39721,76.56784,ERA5,Asia/Kolkata,Open-Meteo Historical Weather API
MH-Latur,2017-08-09,25.5,28.7,23.7,1.6,1.6,7.0,78,3.02,0.34,0.342,0.348,26.7,26.8,18.39721,76.56784,ERA5,Asia/Kolkata,Open-Meteo Historical Weather API
MH-Latur,2017-08-10,26.2,30.8,23.2,0.5,0.5,2.0,76,3.37,0.34,0.337,0.346,26.7,26.6,18.39721,76.56784,ERA5,Asia/Kolkata,Open-Meteo Historical Weather API
MH-Latur,2017-08-11,26.5,32.1,22.6,4.6,4.6,13.0,75,4.13,0.37,0.332,0.343,27.0,26.6,18.39721,76.56784,ERA5,Asia/Kolkata,Open-Meteo Historical Weather API
MH-Latur,2017-08-12,26.0,30.3,22.7,3.4,3.4,7.0,76,4.18,0.371,0.329,0.341,26.9,26.7,18.39721,76.56784,ERA5,Asia/Kolkata,Open-Meteo Historical Weather API
MH-Latur,2017-08-13,25.7,29.9,22.3,3.9,3.9,6.0,74,4.12,0.371,0.327,0.34,26.8,26.6,18.39721,76.56784,ERA5,Asia/Kolkata,Open-Meteo Historical Weather API
MH-Latur,2017-08-14,25.1,29.3,22.8,4.1,4.1,13.0,79,2.83,0.402,0.326,0.339,26.0,26.3,18.39721,76.56784,ERA5,Asia/Kolkata,Open-Meteo Historical Weather API
MH-Latur,2017-08-15,25.1,29.5,22.1,10.6,10.6,14.0,81,3.39,0.461,0.344,0.338,26.0,25.9,18.39721,76.56784,ERA5,Asia/Kolkata,Open-Meteo Historical Weather API
MH-Latur,2017-08-16,25.9,30.3,22.6,0.3,0.3,2.0,75,3.8,0.431,0.358,0.337,26.4,26.2,18.39721,76.56784,ERA5,Asia/Kolkata,Open-Meteo Historical Weather API
MH-Latur,2017-08-17,26.2,29.9,23.2,0.0,0.0,0.0,72,3.93,0.405,0.358,0.337,26.6,26.4,18.39721,76.56784,ERA5,Asia/Kolkata,Open-Meteo Historical Weather API
MH-Latur,2017-08-18,25.2,27.7,23.6,6.7,6.7,9.0,78,2.47,0.402,0.356,0.337,25.9,26.2,18.39721,76.56784,ERA5,Asia/Kolkata,Open-Meteo Historical Weather API
MH-Latur,2017-08-19,23.2,25.3,22.3,46.3,46.3,21.0,90,1.19,0.486,0.403,0.337,24.1,25.2,18.39721,76.56784,ERA5,Asia/Kolkata,Open-Meteo Historical Weather API
MH-Latur,2017-08-20,21.9,22.5,21.4,53.3,53.3,20.0,89,1.17,0.508,0.512,0.378,22.7,24.0,18.39721,76.56784,ERA5,Asia/Kolkata,Open-Meteo Historical Weather API
MH-Latur,2017-08-21,23.7,27.1,21.1,0.9,0.9,6.0,83,2.45,0.491,0.492,0.407,23.7,23.8,18.39721,76.56784,ERA5,Asia/Kolkata,Open-Meteo Historical Weather API
MH-Latur,2017-08-22,25.2,29.5,22.2,5.1,5.1,6.0,85,3.07,0.48,0.483,0.41,25.4,24.7,18.39721,76.56784,ERA5,Asia/Kolkata,Open-Meteo Historical Weather API
MH-Latur,2017-08-23,26.2,30.1,22.5,0.6,0.6,4.0,77,4.04,0.471,0.476,0.412,26.3,25.4,18.39721,76.56784,ERA5,Asia/Kolkata,Open-Meteo Historical Weather API
MH-Latur,2017-08-24,25.8,29.0,23.2,0.8,0.8,4.0,79,3.93,0.459,0.464,0.412,26.3,25.7,18.39721,76.56784,ERA5,Asia/Kolkata,Open-Meteo Historical Weather API
MH-Latur,2017-08-25,24.8,29.5,22.6,12.5,12.5,11.0,84,3.11,0.472,0.459,0.412,25.7,25.6,18.39721,76.56784,ERA5,Asia/Kolkata,Open-Meteo Historical Weather API
MH-Latur,2017-08-26,24.7,27.9,22.4,8.6,8.6,16.0,87,2.56,0.503,0.485,0.413,25.3,25.3,18.39721,76.56784,ERA5,Asia/Kolkata,Open-Meteo Historical Weather API
MH-Latur,2017-08-27,24.6,27.8,22.9,25.0,25.0,22.0,89,2.02,0.507,0.505,0.421,25.0,25.0,18.39721,76.56784,ERA5,Asia/Kolkata,Open-Meteo Historical Weather API
MH-Latur,2017-08-28,24.0,25.4,22.8,49.2,49.2,24.0,92,0.99,0.511,0.514,0.45,24.3,24.6,18.39721,76.56784,ERA5,Asia/Kolkata,Open-Meteo Historical Weather API
MH-Latur,2017-08-29,24.1,26.4,22.4,24.6,24.6,19.0,89,1.74,0.507,0.513,0.498,24.1,24.2,18.39721,76.56784,ERA5,Asia/Kolkata,Open-Meteo Historical Weather API
MH-Latur,2017-08-30,26.1,29.9,22.9,0.3,0.3,2.0,80,4.2,0.486,0.498,0.498,25.6,24.7,18.39721,76.56784,ERA5,Asia/Kolkata,Open-Meteo Historical Weather API
MH-Latur,2017-08-31,26.0,30.2,21.7,0.1,0.1,1.0,78,3.92,0.472,0.484,0.494,25.8,25.2,18.39721,76.56784,ERA5,Asia/Kolkata,Open-Meteo Historical Weather API
MH-Latur,2017-09-01,26.0,30.2,21.8,0.0,0.0,0.0,76,4.51,0.46,0.472,0.49,26.2,25.4,18.39721,76.56784,ERA5,Asia/Kolkata,Open-Meteo Historical Weather API
MH-Latur,2017-09-02,26.5,30.4,22.8,0.0,0.0,0.0,75,4.69,0.448,0.462,0.486,26.7,25.7,18.39721,76.56784,ERA5,Asia/Kolkata,Open-Meteo Historical Weather API
MH-Latur,2017-09-03,27.0,30.7,23.7,0.3,0.3,1.0,76,4.67,0.436,0.451,0.482,27.3,26.1,18.39721,76.56784,ERA5,Asia/Kolkata,Open-Meteo Historical Weather API
MH-Latur,2017-09-04,26.4,29.5,23.4,7.0,7.0,3.0,81,3.35,0.453,0.447,0.478,26.8,26.2,18.39721,76.56784,ERA5,Asia/Kolkata,Open-Meteo Historical Weather API
MH-Latur,2017-09-05,26.2,29.5,23.4,1.2,1.2,3.0,79,3.89,0.462,0.451,0.474,26.7,26.0,18.39721,76.56784,ERA5,Asia/Kolkata,Open-Meteo Historical Weather API
MH-Latur,2017-09-06,25.9,28.5,23.4,0.4,0.4,2.0,78,3.59,0.448,0.446,0.471,26.6,26.1,18.39721,76.56784,ERA5,Asia/Kolkata,Open-Meteo Historical Weather API
MH-Latur,2017-09-07,26.4,30.7,23.3,9.4,9.4,8.0,80,4.11,0.448,0.44,0.468,27.1,26.2,18.39721,76.56784,ERA5,Asia/Kolkata,Open-Meteo Historical Weather API
MH-Latur,2017-09-08,25.9,30.3,22.4,0.3,0.3,3.0,81,3.63,0.468,0.445,0.466,26.8,26.3,18.39721,76.56784,ERA5,Asia/Kolkata,Open-Meteo Historical Weather API
MH-Latur,2017-09-09,26.5,32.0,23.0,8.3,8.3,12.0,82,3.95,0.462,0.444,0.463,27.5,26.5,18.39721,76.56784,ERA5,Asia/Kolkata,Open-Meteo Historical Weather API
MH-Latur,2017-09-10,27.1,31.8,23.2,1.0,1.0,3.0,79,4.26,0.458,0.443,0.461,27.8,26.7,18.39721,76.56784,ERA5,Asia/Kolkata,Open-Meteo Historical Weather API
MH-Latur,2017-09-11,27.1,31.8,23.4,13.0,13.0,7.0,79,4.41,0.463,0.441,0.459,27.9,27.0,18.39721,76.56784,ERA5,Asia/Kolkata,Open-Meteo Historical Weather API
MH-Latur,2017-09-12,26.7,31.7,23.1,1.5,1.5,3.0,81,3.57,0.488,0.474,0.457,27.5,26.9,18.39721,76.56784,ERA5,Asia/Kolkata,Open-Meteo Historical Weather API
MH-Latur,2017-09-13,26.2,32.2,22.3,5.6,5.6,9.0,81,3.87,0.494,0.49,0.457,27.3,26.9,18.39721,76.56784,ERA5,Asia/Kolkata,Open-Meteo Historical Weather API
MH-Latur,2017-09-14,25.0,29.2,23.2,7.3,7.3,13.0,86,2.88,0.493,0.489,0.459,26.4,26.6,18.39721,76.56784,ERA5,Asia/Kolkata,Open-Meteo Historical Weather API
MH-Latur,2017-09-15,24.7,28.5,22.4,8.9,8.9,11.0,86,2.46,0.5,0.503,0.464,25.8,26.0,18.39721,76.56784,ERA5,Asia/Kolkata,Open-Meteo Historical Weather API
MH-Latur,2017-09-16,25.2,28.7,22.3,17.9,17.9,16.0,85,3.09,0.496,0.498,0.469,25.9,25.8,18.39721,76.56784,ERA5,Asia/Kolkata,Open-Meteo Historical Weather API
MH-Latur,2017-09-17,25.0,28.5,22.5,10.5,10.5,9.0,85,2.71,0.5,0.503,0.475,25.8,25.7,18.39721,76.56784,ERA5,Asia/Kolkata,Open-Meteo Historical Weather API
MH-Latur,2017-09-18,24.7,29.5,22.0,2.2,2.2,8.0,85,2.65,0.497,0.501,0.479,25.3,25.3,18.39721,76.56784,ERA5,Asia/Kolkata,Open-Meteo Historical Weather API
MH-Latur,2017-09-19,24.8,27.3,22.4,6.2,6.2,11.0,84,3.25,0.498,0.498,0.481,25.3,25.2,18.39721,76.56784,ERA5,Asia/Kolkata,Open-Meteo Historical Weather API
MH-Latur,2017-09-20,24.4,27.6,22.3,3.4,3.4,8.0,84,2.88,0.489,0.494,0.481,25.0,25.1,18.39721,76.56784,ERA5,Asia/Kolkata,Open-Meteo Historical Weather API
MH-Latur,2017-09-21,23.0,25.0,21.2,27.0,27.0,20.0,92,1.54,0.509,0.509,0.486,24.1,24.6,18.39721,76.56784,ERA5,Asia/Kolkata,Open-Meteo Historical Weather API
MH-Latur,2017-09-22,24.7,28.7,21.3,0.3,0.3,2.0,82,3.16,0.488,0.501,0.494,25.0,24.7,18.39721,76.56784,ERA5,Asia/Kolkata,Open-Meteo Historical Weather API
MH-Latur,2017-09-23,25.7,30.3,22.1,7.6,7.6,6.0,82,3.77,0.486,0.491,0.492,26.0,25.2,18.39721,76.56784,ERA5,Asia/Kolkata,Open-Meteo Historical Weather API
MH-Latur,2017-09-24,26.4,31.7,22.7,0.2,0.2,2.0,81,4.17,0.485,0.49,0.489,26.8,25.8,18.39721,76.56784,ERA5,Asia/Kolkata,Open-Meteo Historical Weather API
MH-Latur,2017-09-25,26.3,30.6,22.7,0.4,0.4,2.0,78,4.56,0.468,0.479,0.486,26.7,26.0,18.39721,76.56784,ERA5,Asia/Kolkata,Open-Meteo Historical Weather API
MH-Latur,2017-09-26,26.5,31.1,23.1,0.3,0.3,3.0,78,4.38,0.456,0.468,0.483,26.7,26.2,18.39721,76.56784,ERA5,Asia/Kolkata,Open-Meteo Historical Weather API
MH-Latur,2017-09-27,26.8,30.8,23.7,0.6,0.6,3.0,78,4.16,0.445,0.458,0.479,27.1,26.4,18.39721,76.56784,ERA5,Asia/Kolkata,Open-Meteo Historical Weather API
MH-Latur,2017-09-28,26.4,31.1,24.0,0.8,0.8,4.0,78,3.85,0.441,0.45,0.476,26.8,26.4,18.39721,76.56784,ERA5,Asia/Kolkata,Open-Meteo Historical Weather API
MH-Latur,2017-09-29,26.3,30.1,23.1,0.1,0.1,1.0,75,4.26,0.432,0.442,0.473,26.7,26.4,18.39721,76.56784,ERA5,Asia/Kolkata,Open-Meteo Historical Weather API
MH-Latur,2017-09-30,26.9,32.2,22.5,0.2,0.2,1.0,74,4.45,0.416,0.432,0.47,26.9,26.3,18.39721,76.56784,ERA5,Asia/Kolkata,Open-Meteo Historical Weather API
MH-Latur,2017-10-01,27.4,32.8,23.1,0.0,0.0,0.0,66,4.98,0.401,0.421,0.466,27.3,26.5,18.39721,76.56784,ERA5,Asia/Kolkata,Open-Meteo Historical Weather API
MH-Latur,2017-10-02,26.0,31.4,22.9,6.8,6.8,8.0,79,3.95,0.41,0.412,0.461,26.8,26.5,18.39721,76.56784,ERA5,Asia/Kolkata,Open-Meteo Historical Weather API
MH-Latur,2017-10-03,26.1,31.4,22.6,1.0,1.0,4.0,82,3.81,0.44,0.417,0.459,27.0,26.5,18.39721,76.56784,ERA5,Asia/Kolkata,Open-Meteo Historical Weather API
MH-Latur,2017-10-04,26.7,32.6,21.6,0.0,0.0,0.0,68,4.92,0.418,0.413,0.456,26.8,26.4,18.39721,76.56784,ERA5,Asia/Kolkata,Open-Meteo Historical Weather API
MH-Latur,2017-10-05,26.3,31.0,21.6,0.7,0.7,3.0,67,4.73,0.396,0.404,0.453,26.6,26.2,18.39721,76.56784,ERA5,Asia/Kolkata,Open-Meteo Historical Weather API
MH-Latur,2017-10-06,26.0,30.0,22.9,3.0,3.0,4.0,84,3.32,0.411,0.397,0.45,27.1,26.3,18.39721,76.56784,ERA5,Asia/Kolkata,Open-Meteo Historical Weather API
MH-Latur,2017-10-07,25.6,30.2,22.8,10.1,10.1,12.0,84,3.06,0.467,0.406,0.447,26.8,26.3,18.39721,76.56784,ERA5,Asia/Kolkata,Open-Meteo Historical Weather API
MH-Latur,2017-10-08,24.8,28.6,22.6,15.1,15.1,16.0,89,2.47,0.482,0.429,0.446,26.1,26.0,18.39721,76.56784,ERA5,Asia/Kolkata,Open-Meteo Historical Weather API
MH-Latur,2017-10-09,25.1,28.8,22.8,10.3,10.3,11.0,88,2.17,0.486,0.456,0.445,26.1,25.8,18.39721,76.56784,ERA5,Asia/Kolkata,Open-Meteo Historical Weather API
MH-Latur,2017-10-10,24.5,28.3,22.5,7.0,7.0,6.0,89,2.19,0.493,0.477,0.446,25.6,25.5,18.39721,76.56784,ERA5,Asia/Kolkata,Open-Meteo Historical Weather API
MH-Latur,2017-10-11,25.3,29.0,22.7,5.6,5.6,11.0,87,2.69,0.493,0.491,0.447,26.1,25.5,18.39721,76.56784,ERA5,Asia/Kolkata,Open-Meteo Historical Weather API
MH-Latur,2017-10-12,25.3,30.0,21.5,4.0,4.0,8.0,84,3.75,0.489,0.487,0.45,26.6,25.8,18.39721,76.56784,ERA5,Asia/Kolkata,Open-Meteo Historical Weather API
MH-Latur,2017-10-13,25.4,29.3,22.7,3.2,3.2,8.0,85,3.23,0.493,0.485,0.451,26.6,26.1,18.39721,76.56784,ERA5,Asia/Kolkata,Open-Meteo Historical Weather API
MH-Latur,2017-10-14,25.4,29.0,23.0,10.7,10.7,10.0,86,2.74,0.5,0.495,0.454,26.5,26.0,18.39721,76.56784,ERA5,Asia/Kolkata,Open-Meteo Historical Weather API
MH-Latur,2017-10-15,25.5,30.3,22.8,7.3,7.3,10.0,86,3.16,0.498,0.499,0.46,26.6,25.9,18.39721,76.56784,ERA5,Asia/Kolkata,Open-Meteo Historical Weather API
MH-Latur,2017-10-16,26.1,31.9,22.2,0.2,0.2,1.0,81,4.23,0.487,0.494,0.463,26.8,26.2,18.39721,76.56784,ERA5,Asia/Kolkata,Open-Meteo Historical Weather API
MH-Latur,2017-10-17,25.9,31.5,20.8,0.0,0.0,0.0,73,4.25,0.464,0.479,0.463,26.1,25.9,18.39721,76.56784,ERA5,Asia/Kolkata,Open-Meteo Historical Weather API
MH-Latur,2017-10-18,24.7,31.5,20.2,0.0,0.0,0.0,68,4.7,0.447,0.466,0.461,25.2,25.4,18.39721,76.56784,ERA5,Asia/Kolkata,Open-Meteo Historical Weather API
MH-Latur,2017-10-19,23.8,30.0,19.2,0.0,0.0,0.0,66,4.83,0.43,0.453,0.459,24.3,24.7,18.39721,76.56784,ERA5,Asia/Kolkata,Open-Meteo Historical Weather API
MH-Latur,2017-10-20,25.4,31.3,18.5,0.0,0.0,0.0,68,3.92,0.414,0.44,0.456,24.9,24.6,18.39721,76.56784,ERA5,Asia/Kolkata,Open-Meteo Historical Weather API
MH-Latur,2017-10-21,26.2,29.7,22.6,1.4,1.4,6.0,74,3.13,0.401,0.427,0.452,26.2,25.6,18.39721,76.56784,ERA5,Asia/Kolkata,Open-Meteo Historical Weather API
MH-Latur,2017-10-22,26.7,30.8,23.4,0.3,0.3,2.0,72,3.99,0.397,0.416,0.45,26.7,25.8,18.39721,76.56784,ERA5,Asia/Kolkata,Open-Meteo Historical Weather API
MH-Latur,2017-10-23,26.1,31.7,21.8,0.0,0.0,0.0,69,4.62,0.38,0.405,0.446,26.5,25.8,18.39721,76.56784,ERA5,Asia/Kolkata,Open-Meteo Historical Weather API
MH-Latur,2017-10-24,25.2,31.5,20.7,0.0,0.0,0.0,57,5.13,0.364,0.395,0.442,25.3,25.4,18.39721,76.56784,ERA5,Asia/Kolkata,Open-Meteo Historical Weather API
MH-Latur,2017-10-25,24.4,31.5,18.6,0.0,0.0,0.0,57,5.06,0.349,0.385,0.439,24.5,24.7,18.39721,76.56784,ERA5,Asia/Kolkata,Open-Meteo Historical Weather API
MH-Latur,2017-10-26,24.5,31.0,18.1,0.0,0.0,0.0,65,4.46,0.336,0.375,0.434,24.8,24.6,18.39721,76.56784,ERA5,Asia/Kolkata,Open-Meteo Historical Weather API
MH-Latur,2017-10-27,24.7,30.3,19.7,0.4,0.4,4.0,73,3.34,0.331,0.368,0.429,25.5,25.0,18.39721,76.56784,ERA5,Asia/Kolkata,Open-Meteo Historical Weather API
MH-Latur,2017-10-28,24.7,30.9,19.2,0.0,0.0,0.0,64,4.23,0.324,0.36,0.425,25.3,25.1,18.39721,76.56784,ERA5,Asia/Kolkata,Open-Meteo Historical Weather API
MH-Latur,2017-10-29,24.1,30.7,17.9,0.0,0.0,0.0,61,4.72,0.314,0.354,0.42,24.7,24.7,18.39721,76.56784,ERA5,Asia/Kolkata,Open-Meteo Historical Weather API
MH-Latur,2017-10-30,24.0,31.0,18.5,0.0,0.0,0.0,61,4.83,0.303,0.345,0.415,24.5,24.4,18.39721,76.56784,ERA5,Asia/Kolkata,Open-Meteo Historical Weather API
MH-Latur,2017-10-31,23.4,30.2,17.2,0.0,0.0,0.0,59,4.76,0.293,0.337,0.409,24.0,24.3,18.39721,76.56784,ERA5,Asia/Kolkata,Open-Meteo Historical Weather API
MH-Latur,2017-11-01,23.5,30.6,17.5,0.0,0.0,0.0,56,4.86,0.287,0.331,0.404,24.1,24.2,18.39721,76.56784,ERA5,Asia/Kolkata,Open-Meteo Historical Weather API
MH-Latur,2017-11-02,23.4,29.8,17.6,0.0,0.0,0.0,57,4.83,0.281,0.325,0.4,24.2,24.3,18.39721,76.56784,ERA5,Asia/Kolkata,Open-Meteo Historical Weather API
MH-Latur,2017-11-03,22.8,29.4,16.6,0.0,0.0,0.0,55,5.05,0.277,0.32,0.396,23.8,24.2,18.39721,76.56784,ERA5,Asia/Kolkata,Open-Meteo Historical Weather API
MH-Latur,2017-11-04,22.6,29.6,16.1,0.0,0.0,0.0,54,5.04,0.274,0.315,0.392,23.5,23.8,18.39721,76.56784,ERA5,Asia/Kolkata,Open-Meteo Historical Weather API
MH-Latur,2017-11-05,23.7,30.1,17.7,0.0,0.0,0.0,60,4.64,0.272,0.312,0.389,24.3,23.9,18.39721,76.56784,ERA5,Asia/Kolkata,Open-Meteo Historical Weather API
MH-Latur,2017-11-06,23.4,30.7,17.3,0.0,0.0,0.0,56,4.82,0.271,0.308,0.385,24.5,24.3,18.39721,76.56784,ERA5,Asia/Kolkata,Open-Meteo Historical Weather API
MH-Latur,2017-11-07,22.4,30.2,15.6,0.0,0.0,0.0,60,4.56,0.269,0.304,0.382,23.9,24.1,18.39721,76.56784,ERA5,Asia/Kolkata,Open-Meteo Historical Weather API
MH-Latur,2017-11-08,22.4,30.3,15.9,0.0,0.0,0.0,62,4.44,0.266,0.302,0.378,23.7,23.9,18.39721,76.56784,ERA5,Asia/Kolkata,Open-Meteo Historical Weather API
MH-Latur,2017-11-09,22.5,30.3,15.6,0.0,0.0,0.0,60,4.54,0.265,0.3,0.375,23.7,23.8,18.39721,76.56784,ERA5,Asia/Kolkata,Open-Meteo Historical Weather API
MH-Latur,2017-11-10,22.2,29.2,16.5,0.0,0.0,0.0,57,4.6,0.265,0.298,0.372,23.6,24.0,18.39721,76.56784,ERA5,Asia/Kolkata,Open-Meteo Historical Weather API
MH-Latur,2017-11-11,21.4,28.9,15.4,0.0,0.0,0.0,55,4.68,0.266,0.295,0.369,22.9,23.5,18.39721,76.56784,ERA5,Asia/Kolkata,Open-Meteo Historical Weather API
MH-Latur,2017-11-12,20.7,28.9,14.1,0.0,0.0,0.0,56,4.52,0.266,0.295,0.368,22.2,23.0,18.39721,76.56784,ERA5,Asia/Kolkata,Open-Meteo Historical Weather API
MH-Latur,2017-11-13,21.2,29.8,13.5,0.0,0.0,0.0,58,4.1,0.266,0.295,0.366,22.2,22.7,18.39721,76.56784,ERA5,Asia/Kolkata,Open-Meteo Historical Weather API
MH-Latur,2017-11-14,22.3,29.5,13.8,0.0,0.0,0.0,60,4.11,0.265,0.294,0.364,22.6,22.9,18.39721,76.56784,ERA5,Asia/Kolkata,Open-Meteo Historical Weather API
MH-Latur,2017-11-15,23.9,31.2,17.9,0.0,0.0,0.0,55,4.64,0.266,0.295,0.363,24.4,23.8,18.39721,76.56784,ERA5,Asia/Kolkata,Open-Meteo Historical Weather API
MH-Latur,2017-11-16,23.9,31.0,18.2,0.0,0.0,0.0,53,4.65,0.269,0.298,0.364,24.8,24.6,18.39721,76.56784,ERA5,Asia/Kolkata,Open-Meteo Historical Weather API
MH-Latur,2017-11-17,24.3,30.5,19.0,0.0,0.0,0.0,61,4.04,0.271,0.297,0.364,25.2,24.9,18.39721,76.56784,ERA5,Asia/Kolkata,Open-Meteo Historical Weather API
MH-Latur,2017-11-18,24.5,29.9,20.4,0.0,0.0,0.0,63,3.62,0.271,0.296,0.362,25.7,25.3,18.39721,76.56784,ERA5,Asia/Kolkata,Open-Meteo Historical Weather API
MH-Latur,2017-11-19,24.6,28.7,20.5,0.0,0.0,0.0,65,2.37,0.271,0.295,0.361,24.9,25.1,18.39721,76.56784,ERA5,Asia/Kolkata,Open-Meteo Historical Weather API
MH-Latur,2017-11-20,25.9,31.4,21.6,0.0,0.0,0.0,60,3.44,0.27,0.291,0.357,26.1,25.1,18.39721,76.56784,ERA5,Asia/Kolkata,Open-Meteo Historical Weather API
MH-Latur,2017-11-21,25.7,30.9,21.2,0.2,0.2,2.0,64,3.79,0.27,0.286,0.352,26.6,25.6,18.39721,76.56784,ERA5,Asia/Kolkata,Open-Meteo Historical Weather API
MH-Latur,2017-11-22,25.1,31.9,21.2,1.4,1.4,5.0,72,3.19,0.273,0.279,0.345,26.5,26.0,18.39721,76.56784,ERA5,Asia/Kolkata,Open-Meteo Historical Weather API
MH-Latur,2017-11-23,24.7,30.8,19.3,0.0,0.0,0.0,70,3.41,0.288,0.278,0.344,26.0,25.9,18.39721,76.56784,ERA5,Asia/Kolkata,Open-Meteo Historical Weather API
MH-Latur,2017-11-24,25.1,31.7,19.8,0.0,0.0,0.0,65,3.83,0.286,0.279,0.343,26.1,25.8,18.39721,76.56784,ERA5,Asia/Kolkata,Open-Meteo Historical Weather API
MH-Latur,2017-11-25,23.5,30.4,18.1,0.0,0.0,0.0,63,4.23,0.287,0.285,0.346,25.2,25.8,18.39721,76.56784,ERA5,Asia/Kolkata,Open-Meteo Historical Weather API
MH-Latur,2017-11-26,21.5,29.7,15.1,0.0,0.0,0.0,59,4.33,0.286,0.287,0.347,23.5,24.7,18.39721,76.56784,ERA5,Asia/Kolkata,Open-Meteo Historical Weather API
MH-Latur,2017-11-27,21.2,30.2,14.6,0.0,0.0,0.0,59,4.19,0.283,0.288,0.346,22.6,23.7,18.39721,76.56784,ERA5,Asia/Kolkata,Open-Meteo Historical Weather API
MH-Latur,2017-11-28,21.1,30.6,13.4,0.0,0.0,0.0,53,4.32,0.283,0.289,0.346,22.4,23.3,18.39721,76.56784,ERA5,Asia/Kolkata,Open-Meteo Historical Weather API
MH-Latur,2017-11-29,21.1,29.5,13.9,0.0,0.0,0.0,54,4.29,0.284,0.293,0.349,22.3,23.1,18.39721,76.56784,ERA5,Asia/Kolkata,Open-Meteo Historical Weather API
MH-Latur,2017-11-30,21.4,29.3,15.3,0.0,0.0,0.0,60,4.13,0.283,0.296,0.35,22.6,23.0,18.39721,76.56784,ERA5,Asia/Kolkata,Open-Meteo Historical Weather API
MH-Latur,2017-12-01,21.4,28.2,15.9,0.0,0.0,0.0,59,4.13,0.283,0.298,0.351,22.5,23.0,18.39721,76.56784,ERA5,Asia/Kolkata,Open-Meteo Historical Weather API
MH-Latur,2017-12-02,21.4,27.7,16.1,0.0,0.0,0.0,62,4.0,0.284,0.3,0.353,22.6,23.0,18.39721,76.56784,ERA5,Asia/Kolkata,Open-Meteo Historical Weather API
MH-Latur,2017-12-03,21.1,28.2,15.4,0.0,0.0,0.0,64,4.0,0.289,0.303,0.354,22.3,22.9,18.39721,76.56784,ERA5,Asia/Kolkata,Open-Meteo Historical Weather API
MH-Latur,2017-12-04,22.2,28.5,16.6,0.0,0.0,0.0,64,4.0,0.288,0.303,0.355,23.1,23.0,18.39721,76.56784,ERA5,Asia/Kolkata,Open-Meteo Historical Weather API
MH-Latur,2017-12-05,22.8,27.6,17.8,0.0,0.0,0.0,64,3.96,0.289,0.307,0.358,23.6,23.5,18.39721,76.56784,ERA5,Asia/Kolkata,Open-Meteo Historical Weather API
MH-Latur,2017-12-06,24.6,28.9,21.3,0.0,0.0,0.0,65,3.31,0.287,0.305,0.357,25.0,24.2,18.39721,76.56784,ERA5,Asia/Kolkata,Open-Meteo Historical Weather API
MH-Latur,2017-12-07,24.9,30.1,20.2,0.0,0.0,0.0,67,3.14,0.285,0.302,0.354,25.5,24.7,18.39721,76.56784,ERA5,Asia/Kolkata,Open-Meteo Historical Weather API
MH-Latur,2017-12-08,23.8,30.4,18.9,0.0,0.0,0.0,59,4.26,0.286,0.298,0.35,24.8,24.6,18.39721,76.56784,ERA5,Asia/Kolkata,Open-Meteo Historical Weather API
MH-Latur,2017-12-09,22.8,29.8,17.4,0.0,0.0,0.0,60,4.13,0.283,0.296,0.348,24.0,24.3,18.39721,76.56784,ERA5,Asia/Kolkata,Open-Meteo Historical Weather API
MH-Latur,2017-12-10,21.6,29.0,16.1,0.0,0.0,0.0,62,4.01,0.283,0.296,0.348,23.2,23.9,18.39721,76.56784,ERA5,Asia/Kolkata,Open-Meteo Historical Weather API
MH-Latur,2017-12-11,21.5,30.3,14.0,0.0,0.0,0.0,59,3.84,0.283,0.295,0.348,22.5,23.2,18.39721,76.56784,ERA5,Asia/Kolkata,Open-Meteo Historical Weather API
MH-Latur,2017-12-12,22.7,30.3,16.0,0.0,0.0,0.0,58,4.06,0.283,0.295,0.347,23.5,23.5,18.39721,76.56784,ERA5,Asia/Kolkata,Open-Meteo Historical Weather API
MH-Latur,2017-12-13,23.5,30.8,18.2,0.0,0.0,0.0,57,4.08,0.282,0.293,0.345,24.3,24.1,18.39721,76.56784,ERA5,Asia/Kolkata,Open-Meteo Historical Weather API
MH-Latur,2017-12-14,23.6,29.7,19.4,0.0,0.0,0.0,58,3.62,0.281,0.294,0.346,24.3,24.3,18.39721,76.56784,ERA5,Asia/Kolkata,Open-Meteo Historical Weather API
MH-Latur,2017-12-15,23.4,30.1,19.2,0.0,0.0,0.0,57,4.06,0.286,0.298,0.348,24.2,24.3,18.39721,76.56784,ERA5,Asia/Kolkata,Open-Meteo Historical Weather API
MH-Latur,2017-12-16,22.2,29.2,17.0,0.0,0.0,0.0,57,4.35,0.285,0.299,0.349,23.4,24.0,18.39721,76.56784,ERA5,Asia/Kolkata,Open-Meteo Historical Weather API
MH-Latur,2017-12-17,21.2,28.3,14.8,0.0,0.0,0.0,58,4.25,0.284,0.299,0.349,22.3,23.2,18.39721,76.56784,ERA5,Asia/Kolkata,Open-Meteo Historical Weather API
MH-Latur,2017-12-18,20.5,27.6,14.0,0.0,0.0,0.0,60,4.02,0.284,0.3,0.35,21.8,22.7,18.39721,76.56784,ERA5,Asia/Kolkata,Open-Meteo Historical Weather API
MH-Latur,2017-12-19,19.0,27.7,12.6,0.0,0.0,0.0,51,4.41,0.283,0.298,0.348,20.7,22.1,18.39721,76.56784,ERA5,Asia/Kolkata,Open-Meteo Historical Weather API
MH-Latur,2017-12-20,19.4,28.8,12.4,0.0,0.0,0.0,48,4.52,0.282,0.295,0.345,20.1,21.3,18.39721,76.56784,ERA5,Asia/Kolkata,Open-Meteo Historical Weather API
MH-Latur,2017-12-21,19.6,28.6,11.6,0.0,0.0,0.0,54,4.26,0.279,0.292,0.343,20.4,21.2,18.39721,76.56784,ERA5,Asia/Kolkata,Open-Meteo Historical Weather API
MH-Latur,2017-12-22,19.9,28.8,12.8,0.0,0.0,0.0,55,4.2,0.278,0.291,0.342,20.4,21.2,18.39721,76.56784,ERA5,Asia/Kolkata,Open-Meteo Historical Weather API
MH-Latur,2017-12-23,19.5,29.0,11.9,0.0,0.0,0.0,61,3.99,0.276,0.289,0.34,20.5,21.4,18.39721,76.56784,ERA5,Asia/Kolkata,Open-Meteo Historical Weather API
MH-Latur,2017-12-24,20.3,29.7,12.7,0.0,0.0,0.0,60,3.97,0.275,0.29,0.339,21.2,21.6,18.39721,76.56784,ERA5,Asia/Kolkata,Open-Meteo Historical Weather API
MH-Latur,2017-12-25,20.9,30.1,14.2,0.0,0.0,0.0,56,4.25,0.275,0.289,0.338,21.5,21.9,18.39721,76.56784,ERA5,Asia/Kolkata,Open-Meteo Historical Weather API
MH-Latur,2017-12-26,20.1,28.3,14.2,0.0,0.0,0.0,58,4.12,0.276,0.289,0.338,21.5,22.1,18.39721,76.56784,ERA5,Asia/Kolkata,Open-Meteo Historical Weather API
MH-Latur,2017-12-27,19.2,28.3,12.0,0.0,0.0,0.0,54,4.22,0.281,0.289,0.338,20.6,21.6,18.39721,76.56784,ERA5,Asia/Kolkata,Open-Meteo Historical Weather API
MH-Latur,2017-12-28,19.1,28.7,10.7,0.0,0.0,0.0,51,4.39,0.279,0.289,0.337,20.2,21.1,18.39721,76.56784,ERA5,Asia/Kolkata,Open-Meteo Historical Weather API
MH-Latur,2017-12-29,19.5,29.2,11.4,0.0,0.0,0.0,49,4.38,0.278,0.29,0.337,20.3,21.0,18.39721,76.56784,ERA5,Asia/Kolkata,Open-Meteo Historical Weather API
MH-Latur,2017-12-30,19.4,28.9,11.3,0.0,0.0,0.0,54,4.15,0.277,0.29,0.337,20.4,21.1,18.39721,76.56784,ERA5,Asia/Kolkata,Open-Meteo Historical Weather API
MH-Latur,2017-12-31,19.7,28.8,12.1,0.0,0.0,0.0,55,4.09,0.277,0.292,0.337,20.7,21.2,18.39721,76.56784,ERA5,Asia/Kolkata,Open-Meteo Historical Weather API
MH-Latur,2018-01-01,20.7,28.9,12.3,0.0,0.0,0.0,55,3.82,0.278,0.294,0.338,20.9,21.3,18.39721,76.56784,ERA5,Asia/Kolkata,Open-Meteo Historical Weather API
MH-Latur,2018-01-02,21.1,28.8,14.4,0.0,0.0,0.0,54,3.91,0.279,0.296,0.34,21.5,21.7,18.39721,76.56784,ERA5,Asia/Kolkata,Open-Meteo Historical Weather API
MH-Latur,2018-01-03,21.8,28.7,15.7,0.0,0.0,0.0,55,3.93,0.278,0.296,0.339,22.5,22.3,18.39721,76.56784,ERA5,Asia/Kolkata,Open-Meteo Historical Weather API
MH-Latur,2018-01-04,21.1,28.5,15.2,0.0,0.0,0.0,56,3.82,0.276,0.295,0.339,22.4,22.6,18.39721,76.56784,ERA5,Asia/Kolkata,Open-Meteo Historical Weather API
MH-Latur,2018-01-05,21.1,28.7,15.3,0.0,0.0,0.0,58,3.87,0.278,0.297,0.339,22.1,22.4,18.39721,76.56784,ERA5,Asia/Kolkata,Open-Meteo Historical Weather API
MH-Latur,2018-01-06,21.3,28.6,15.9,0.0,0.0,0.0,57,3.63,0.286,0.298,0.338,22.2,22.5,18.39721,76.56784,ERA5,Asia/Kolkata,Open-Meteo Historical Weather API
MH-Latur,2018-01-07,21.5,28.0,15.7,0.0,0.0,0.0,55,3.65,0.292,0.301,0.341,22.0,22.4,18.39721,76.56784,ERA5,Asia/Kolkata,Open-Meteo Historical Weather API
MH-Latur,2018-01-08,21.1,27.6,16.2,0.0,0.0,0.0,56,3.65,0.292,0.304,0.344,22.0,22.5,18.39721,76.56784,ERA5,Asia/Kolkata,Open-Meteo Historical Weather API
MH-Latur,2018-01-09,20.2,27.2,15.7,0.0,0.0,0.0,55,4.19,0.292,0.308,0.347,21.4,22.1,18.39721,76.56784,ERA5,Asia/Kolkata,Open-Meteo Historical Weather API
MH-Latur,2018-01-10,20.6,28.5,14.5,0.0,0.0,0.0,57,4.08,0.29,0.309,0.348,21.4,21.8,18.39721,76.56784,ERA5,Asia/Kolkata,Open-Meteo Historical Weather API
MH-Latur,2018-01-11,22.5,30.2,16.2,0.0,0.0,0.0,57,3.98,0.288,0.306,0.346,22.9,22.6,18.39721,76.56784,ERA5,Asia/Kolkata,Open-Meteo Historical Weather API
MH-Latur,2018-01-12,23.3,31.0,17.2,0.0,0.0,0.0,56,4.18,0.283,0.302,0.343,23.8,23.4,18.39721,76.56784,ERA5,Asia/Kolkata,Open-Meteo Historical Weather API
MH-Latur,2018-01-13,23.2,31.2,17.5,0.0,0.0,0.0,55,4.38,0.282,0.297,0.34,23.9,23.7,18.39721,76.56784,ERA5,Asia/Kolkata,Open-Meteo Historical Weather API
MH-Latur,2018-01-14,23.7,31.7,17.2,0.0,0.0,0.0,54,3.77,0.281,0.296,0.339,23.8,23.7,18.39721,76.56784,ERA5,Asia/Kolkata,Open-Meteo Historical Weather API
MH-Latur,2018-01-15,24.2,31.5,18.9,0.0,0.0,0.0,54,3.71,0.279,0.293,0.336,24.5,24.1,18.39721,76.56784,ERA5,Asia/Kolkata,Open-Meteo Historical Weather API
MH-Latur,2018-01-16,24.3,31.0,18.2,0.0,0.0,0.0,52,4.21,0.277,0.293,0.335,24.8,24.5,18.39721,76.56784,ERA5,Asia/Kolkata,Open-Meteo Historical Weather API
MH-Latur,2018-01-17,23.3,29.7,16.6,0.0,0.0,0.0,55,3.25,0.28,0.297,0.338,24.0,24.4,18.39721,76.56784,ERA5,Asia/Kolkata,Open-Meteo Historical Weather API
MH-Latur,2018-01-18,22.2,29.8,16.5,0.0,0.0,0.0,54,4.33,0.281,0.299,0.34,23.7,24.1,18.39721,76.56784,ERA5,Asia/Kolkata,Open-Meteo Historical Weather API
MH-Latur,2018-01-19,21.5,29.8,14.5,0.0,0.0,0.0,50,4.65,0.282,0.3,0.342,22.8,23.4,18.39721,76.56784,ERA5,Asia/Kolkata,Open-Meteo Historical Weather API
MH-Latur,2018-01-20,20.6,29.3,13.3,0.0,0.0,0.0,47,4.71,0.281,0.299,0.341,22.0,22.7,18.39721,76.56784,ERA5,Asia/Kolkata,Open-Meteo Historical Weather API
MH-Latur,2018-01-21,20.5,29.4,12.7,0.0,0.0,0.0,45,4.83,0.279,0.299,0.341,21.6,22.2,18.39721,76.56784,ERA5,Asia/Kolkata,Open-Meteo Historical Weather API
MH-Latur,2018-01-22,20.9,29.0,14.4,0.0,0.0,0.0,53,4.58,0.277,0.299,0.341,22.0,22.2,18.39721,76.56784,ERA5,Asia/Kolkata,Open-Meteo Historical Weather API
MH-Latur,2018-01-23,22.0,29.5,16.0,0.0,0.0,0.0,55,4.63,0.279,0.299,0.341,22.7,22.5,18.39721,76.56784,ERA5,Asia/Kolkata,Open-Meteo Historical Weather API
MH-Latur,2018-01-24,21.0,28.1,17.0,0.0,0.0,0.0,54,4.43,0.281,0.303,0.344,22.6,22.9,18.39721,76.56784,ERA5,Asia/Kolkata,Open-Meteo Historical Weather API
MH-Latur,2018-01-25,20.0,28.3,12.6,0.0,0.0,0.0,54,4.26,0.285,0.304,0.346,21.6,22.4,18.39721,76.56784,ERA5,Asia/Kolkata,Open-Meteo Historical Weather API
MH-Latur,2018-01-26,20.1,28.9,12.0,0.0,0.0,0.0,46,4.49,0.282,0.304,0.345,21.3,22.0,18.39721,76.56784,ERA5,Asia/Kolkata,Open-Meteo Historical Weather API
MH-Latur,2018-01-27,20.4,29.5,12.8,0.0,0.0,0.0,47,4.65,0.279,0.303,0.345,21.3,21.9,18.39721,76.56784,ERA5,Asia/Kolkata,Open-Meteo Historical Weather API
MH-Latur,2018-01-28,21.5,30.1,14.5,0.0,0.0,0.0,54,4.31,0.277,0.301,0.344,22.3,22.3,18.39721,76.56784,ERA5,Asia/Kolkata,Open-Meteo Historical Weather API
MH-Latur,2018-01-29,21.6,29.8,15.5,0.0,0.0,0.0,54,4.71,0.28,0.303,0.346,22.7,22.8,18.39721,76.56784,ERA5,Asia/Kolkata,Open-Meteo Historical Weather API
MH-Latur,2018-01-30,21.4,30.0,13.9,0.0,0.0,0.0,48,5.02,0.284,0.303,0.346,22.0,22.5,18.39721,76.56784,ERA5,Asia/Kolkata,Open-Meteo Historical Weather API
MH-Latur,2018-01-31,21.9,30.8,11.9,0.0,0.0,0.0,43,4.81,0.281,0.3,0.344,21.5,22.0,18.39721,76.56784,ERA5,Asia/Kolkata,Open-Meteo Historical Weather API
MH-Latur,2018-02-01,22.6,31.2,12.6,0.0,0.0,0.0,39,4.86,0.277,0.296,0.341,21.6,22.0,18.39721,76.56784,ERA5,Asia/Kolkata,Open-Meteo Historical Weather API
MH-Latur,2018-02-02,22.6,31.4,16.3,0.0,0.0,0.0,39,5.0,0.275,0.294,0.338,22.0,22.2,18.39721,76.56784,ERA5,Asia/Kolkata,Open-Meteo Historical Weather API
MH-Latur,2018-02-03,22.7,31.7,14.7,0.0,0.0,0.0,43,4.99,0.273,0.292,0.337,22.9,22.6,18.39721,76.56784,ERA5,Asia/Kolkata,Open-Meteo Historical Weather API
MH-Latur,2018-02-04,23.0,31.5,15.3,0.0,0.0,0.0,45,5.22,0.276,0.292,0.336,23.6,23.1,18.39721,76.56784,ERA5,Asia/Kolkata,Open-Meteo Historical Weather API
MH-Latur,2018-02-05,22.7,31.2,16.8,0.0,0.0,0.0,45,5.44,0.278,0.296,0.339,23.6,23.3,18.39721,76.56784,ERA5,Asia/Kolkata,Open-Meteo Historical Weather API
MH-Latur,2018-02-06,22.8,30.4,16.1,0.0,0.0,0.0,44,4.7,0.28,0.299,0.342,23.2,23.1,18.39721,76.56784,ERA5,Asia/Kolkata,Open-Meteo Historical Weather API
MH-Latur,2018-02-07,21.2,26.0,17.6,0.0,0.0,0.0,49,2.81,0.284,0.304,0.345,21.9,22.7,18.39721,76.56784,ERA5,Asia/Kolkata,Open-Meteo Historical Weather API
MH-Latur,2018-02-08,22.7,31.1,15.7,0.0,0.0,0.0,50,4.93,0.284,0.308,0.348,23.1,22.5,18.39721,76.56784,ERA5,Asia/Kolkata,Open-Meteo Historical Weather API
MH-Latur,2018-02-09,22.9,29.6,17.9,0.0,0.0,0.0,43,4.94,0.284,0.307,0.348,23.5,23.2,18.39721,76.56784,ERA5,Asia/Kolkata,Open-Meteo Historical Weather API
MH-Latur,2018-02-10,22.2,27.3,16.9,0.0,0.0,0.0,43,3.32,0.286,0.312,0.352,22.3,23.0,18.39721,76.56784,ERA5,Asia/Kolkata,Open-Meteo Historical Weather API
MH-Latur,2018-02-11,22.7,30.2,18.0,3.8,3.8,3.0,64,4.42,0.305,0.312,0.351,23.2,22.9,18.39721,76.56784,ERA5,Asia/Kolkata,Open-Meteo Historical Weather API
MH-Latur,2018-02-12,23.2,28.1,19.7,0.3,0.3,1.0,68,4.03,0.353,0.31,0.351,24.0,23.4,18.39721,76.56784,ERA5,Asia/Kolkata,Open-Meteo Historical Weather API
MH-Latur,2018-02-13,22.8,28.8,18.5,1.5,1.5,5.0,76,3.86,0.355,0.312,0.352,24.0,23.5,18.39721,76.56784,ERA5,Asia/Kolkata,Open-Meteo Historical Weather API
MH-Latur,2018-02-14,22.3,27.6,17.9,0.0,0.0,0.0,74,3.72,0.346,0.311,0.351,23.6,23.3,18.39721,76.56784,ERA5,Asia/Kolkata,Open-Meteo Historical Weather API
MH-Latur,2018-02-15,23.0,28.9,18.1,0.0,0.0,0.0,64,4.22,0.334,0.311,0.351,23.8,23.3,18.39721,76.56784,ERA5,Asia/Kolkata,Open-Meteo Historical Weather API
MH-Latur,2018-02-16,23.4,30.9,17.0,0.0,0.0,0.0,57,4.66,0.323,0.311,0.351,24.0,23.5,18.39721,76.56784,ERA5,Asia/Kolkata,Open-Meteo Historical Weather API
MH-Latur,2018-02-17,23.6,31.8,15.4,0.0,0.0,0.0,52,5.16,0.31,0.308,0.349,24.1,23.7,18.39721,76.56784,ERA5,Asia/Kolkata,Open-Meteo Historical Weather API
MH-Latur,2018-02-18,24.3,32.5,16.2,0.0,0.0,0.0,47,5.28,0.297,0.304,0.346,24.7,24.0,18.39721,76.56784,ERA5,Asia/Kolkata,Open-Meteo Historical Weather API
MH-Latur,2018-02-19,24.7,32.3,18.7,0.0,0.0,0.0,47,5.05,0.288,0.301,0.345,25.2,24.5,18.39721,76.56784,ERA5,Asia/Kolkata,Open-Meteo Historical Weather API
MH-Latur,2018-02-20,24.9,31.2,19.0,0.0,0.0,0.0,50,4.38,0.285,0.303,0.346,25.1,24.6,18.39721,76.56784,ERA5,Asia/Kolkata,Open-Meteo Historical Weather API
MH-Latur,2018-02-21,25.2,32.5,19.5,0.0,0.0,0.0,50,4.62,0.283,0.304,0.348,25.5,24.7,18.39721,76.56784,ERA5,Asia/Kolkata,Open-Meteo Historical Weather API
MH-Latur,2018-02-22,25.2,31.8,18.8,0.0,0.0,0.0,52,4.39,0.28,0.303,0.347,25.6,25.0,18.39721,76.56784,ERA5,Asia/Kolkata,Open-Meteo Historical Weather API
MH-Latur,2018-02-23,25.9,32.6,20.5,0.0,0.0,0.0,50,4.98,0.28,0.305,0.348,25.9,25.2,18.39721,76.56784,ERA5,Asia/Kolkata,Open-Meteo Historical Weather API
MH-Latur,2018-02-24,26.2,33.3,21.0,0.0,0.0,0.0,45,5.8,0.278,0.304,0.348,26.4,25.5,18.39721,76.56784,ERA5,Asia/Kolkata,Open-Meteo Historical Weather API
MH-Latur,2018-02-25,25.6,34.1,19.3,0.0,0.0,0.0,39,6.34,0.275,0.303,0.348,26.2,25.7,18.39721,76.56784,ERA5,Asia/Kolkata,Open-Meteo Historical Weather API
MH-Latur,2018-02-26,25.7,34.2,18.4,0.0,0.0,0.0,39,6.01,0.272,0.304,0.348,26.2,25.5,18.39721,76.56784,ERA5,Asia/Kolkata,Open-Meteo Historical Weather API
MH-Latur,2018-02-27,26.4,34.6,19.6,0.0,0.0,0.0,40,6.3,0.27,0.301,0.347,26.6,25.9,18.39721,76.56784,ERA5,Asia/Kolkata,Open-Meteo Historical Weather API
MH-Latur,2018-02-28,26.6,34.6,19.9,0.0,0.0,0.0,40,6.1,0.267,0.298,0.344,27.1,26.2,18.39721,76.56784,ERA5,Asia/Kolkata,Open-Meteo Historical Weather API
MH-Latur,2018-03-01,27.0,35.0,20.0,0.0,0.0,0.0,38,5.86,0.267,0.297,0.343,27.4,26.4,18.39721,76.56784,ERA5,Asia/Kolkata,Open-Meteo Historical Weather API
MH-Latur,2018-03-02,26.4,35.1,18.7,0.0,0.0,0.0,42,5.61,0.267,0.296,0.342,27.2,26.6,18.39721,76.56784,ERA5,Asia/Kolkata,Open-Meteo Historical Weather API
MH-Latur,2018-03-03,27.1,35.6,20.2,0.0,0.0,0.0,39,5.97,0.264,0.293,0.34,27.6,26.8,18.39721,76.56784,ERA5,Asia/Kolkata,Open-Meteo Historical Weather API
MH-Latur,2018-03-04,28.1,35.5,19.9,0.0,0.0,0.0,35,6.45,0.261,0.291,0.338,28.3,27.1,18.39721,76.56784,ERA5,Asia/Kolkata,Open-Meteo Historical Weather API
MH-Latur,2018-03-05,28.0,34.9,21.5,0.0,0.0,0.0,37,6.0,0.259,0.29,0.336,28.4,27.6,18.39721,76.56784,ERA5,Asia/Kolkata,Open-Meteo Historical Weather API
MH-Latur,2018-03-06,28.7,35.0,24.1,0.0,0.0,0.0,38,5.08,0.261,0.292,0.337,29.2,28.0,18.39721,76.56784,ERA5,Asia/Kolkata,Open-Meteo Historical Weather API
MH-Latur,2018-03-07,28.1,35.3,21.7,0.0,0.0,0.0,35,6.58,0.264,0.295,0.339,28.6,28.0,18.39721,76.56784,ERA5,Asia/Kolkata,Open-Meteo Historical Weather API
MH-Latur,2018-03-08,28.4,35.1,22.2,0.0,0.0,0.0,31,7.59,0.262,0.294,0.339,29.0,28.1,18.39721,76.56784,ERA5,Asia/Kolkata,Open-Meteo Historical Weather API
MH-Latur,2018-03-09,27.9,35.5,21.4,0.0,0.0,0.0,33,6.17,0.26,0.298,0.341,28.8,28.1,18.39721,76.56784,ERA5,Asia/Kolkata,Open-Meteo Historical Weather API
MH-Latur,2018-03-10,27.5,34.5,21.4,0.0,0.0,0.0,39,5.73,0.259,0.303,0.345,28.3,27.7,18.39721,76.56784,ERA5,Asia/Kolkata,Open-Meteo Historical Weather API
MH-Latur,2018-03-11,27.8,33.7,22.9,0.0,0.0,0.0,44,5.45,0.262,0.305,0.347,28.7,27.9,18.39721,76.56784,ERA5,Asia/Kolkata,Open-Meteo Historical Weather API
MH-Latur,2018-03-12,27.4,34.1,21.1,0.0,0.0,0.0,45,5.45,0.267,0.308,0.349,28.1,27.7,18.39721,76.56784,ERA5,Asia/Kolkata,Open-Meteo Historical Weather API
MH-Latur,2018-03-13,27.7,35.2,21.8,0.0,0.0,0.0,45,5.61,0.267,0.309,0.351,28.2,27.6,18.39721,76.56784,ERA5,Asia/Kolkata,Open-Meteo Historical Weather API
MH-Latur,2018-03-14,28.6,35.9,21.5,0.0,0.0,0.0,42,5.88,0.265,0.305,0.348,28.6,27.7,18.39721,76.56784,ERA5,Asia/Kolkata,Open-Meteo Historical Weather API
MH-Latur,2018-03-15,28.1,33.2,24.0,0.3,0.3,3.0,36,4.64,0.263,0.298,0.343,28.6,28.2,18.39721,76.56784,ERA5,Asia/Kolkata,Open-Meteo Historical Weather API
MH-Latur,2018-03-16,24.1,28.1,20.1,0.7,0.7,4.0,55,4.1,0.272,0.299,0.344,26.9,27.0,18.39721,76.56784,ERA5,Asia/Kolkata,Open-Meteo Historical Weather API
MH-Latur,2018-03-17,25.1,32.7,18.3,0.0,0.0,0.0,57,4.77,0.277,0.298,0.343,26.5,26.1,18.39721,76.56784,ERA5,Asia/Kolkata,Open-Meteo Historical Weather API
MH-Latur,2018-03-18,27.0,34.0,21.5,0.0,0.0,0.0,52,5.15,0.273,0.295,0.341,27.6,26.8,18.39721,76.56784,ERA5,Asia/Kolkata,Open-Meteo Historical Weather API
MH-Latur,2018-03-19,28.2,34.7,21.6,0.0,0.0,0.0,49,5.25,0.27,0.293,0.339,28.5,27.3,18.39721,76.56784,ERA5,Asia/Kolkata,Open-Meteo Historical Weather API
MH-Latur,2018-03-20,29.0,35.0,23.5,0.0,0.0,0.0,47,5.06,0.264,0.289,0.334,29.4,28.1,18.39721,76.56784,ERA5,Asia/Kolkata,Open-Meteo Historical Weather API
MH-Latur,2018-03-21,29.7,36.2,24.4,0.0,0.0,0.0,34,6.82,0.258,0.284,0.33,30.3,28.8,18.39721,76.56784,ERA5,Asia/Kolkata,Open-Meteo Historical Weather API
MH-Latur,2018-03-22,28.2,35.1,21.9,0.0,0.0,0.0,31,7.38,0.256,0.284,0.329,29.8,29.0,18.39721,76.56784,ERA5,Asia/Kolkata,Open-Meteo Historical Weather API
MH-Latur,2018-03-23,27.8,35.5,21.0,0.0,0.0,0.0,30,7.14,0.253,0.285,0.328,29.5,28.6,18.39721,76.56784,ERA5,Asia/Kolkata,Open-Meteo Historical Weather API
MH-Latur,2018-03-24,28.8,36.8,20.4,0.0,0.0,0.0,29,7.02,0.255,0.287,0.329,29.8,28.8,18.39721,76.56784,ERA5,Asia/Kolkata,Open-Meteo Historical Weather API
MH-Latur,2018-03-25,29.2,36.7,22.5,0.0,0.0,0.0,30,7.24,0.257,0.292,0.331,30.2,29.1,18.39721,76.56784,ERA5,Asia/Kolkata,Open-Meteo Historical Weather API
MH-Latur,2018-03-26,29.4,37.2,21.6,0.0,0.0,0.0,33,6.94,0.259,0.297,0.335,30.5,29.4,18.39721,76.56784,ERA5,Asia/Kolkata,Open-Meteo Historical Weather API
MH-Latur,2018-03-27,30.3,37.9,23.5,0.0,0.0,0.0,32,6.79,0.26,0.298,0.335,30.4,29.5,18.39721,76.56784,ERA5,Asia/Kolkata,Open-Meteo Historical Weather API
MH-Latur,2018-03-28,29.9,37.7,23.1,0.0,0.0,0.0,30,7.51,0.258,0.298,0.333,30.7,29.8,18.39721,76.56784,ERA5,Asia/Kolkata,Open-Meteo Historical Weather API
MH-Latur,2018-03-29,30.8,38.5,24.8,0.0,0.0,0.0,28,7.54,0.257,0.297,0.333,31.4,30.1,18.39721,76.56784,ERA5,Asia/Kolkata,Open-Meteo Historical Weather API
MH-Latur,2018-03-30,30.8,38.5,23.8,0.0,0.0,0.0,25,6.94,0.258,0.296,0.333,31.2,30.1,18.39721,76.56784,ERA5,Asia/Kolkata,Open-Meteo Historical Weather API
MH-Latur,2018-03-31,30.7,39.0,23.9,0.0,0.0,0.0,26,7.39,0.254,0.292,0.329,31.3,30.1,18.39721,76.56784,ERA5,Asia/Kolkata,Open-Meteo Historical Weather API
MH-Latur,2018-04-01,31.0,38.6,24.5,0.0,0.0,0.0,27,7.08,0.249,0.289,0.325,31.5,30.3,18.39721,76.56784,ERA5,Asia/Kolkata,Open-Meteo Historical Weather API
MH-Latur,2018-04-02,29.6,37.1,23.0,0.0,0.0,0.0,37,5.74,0.245,0.294,0.329,30.9,30.3,18.39721,76.56784,ERA5,Asia/Kolkata,Open-Meteo Historical Weather API
MH-Latur,2018-04-03,30.1,38.3,21.7,0.0,0.0,0.0,34,6.85,0.241,0.292,0.327,31.1,30.1,18.39721,76.56784,ERA5,Asia/Kolkata,Open-Meteo Historical Weather API
MH-Latur,2018-04-04,30.7,38.3,23.6,0.0,0.0,0.0,31,6.75,0.241,0.29,0.325,32.1,30.5,18.39721,76.56784,ERA5,Asia/Kolkata,Open-Meteo Historical Weather API
MH-Latur,2018-04-05,31.2,37.6,25.4,0.0,0.0,0.0,38,6.7,0.241,0.287,0.322,32.6,31.1,18.39721,76.56784,ERA5,Asia/Kolkata,Open-Meteo Historical Weather API
MH-Latur,2018-04-06,30.3,37.3,26.1,0.6,0.6,2.0,43,6.24,0.243,0.292,0.325,32.3,31.5,18.39721,76.56784,ERA5,Asia/Kolkata,Open-Meteo Historical Weather API
MH-Latur,2018-04-07,29.3,37.8,23.6,2.4,2.4,4.0,44,5.95,0.251,0.29,0.323,31.5,30.8,18.39721,76.56784,ERA5,Asia/Kolkata,Open-Meteo Historical Weather API
MH-Latur,2018-04-08,28.8,35.0,23.5,0.0,0.0,0.0,42,6.26,0.261,0.291,0.324,30.8,30.5,18.39721,76.56784,ERA5,Asia/Kolkata,Open-Meteo Historical Weather API
MH-Latur,2018-04-09,28.4,35.8,21.6,0.3,0.3,3.0,49,5.24,0.261,0.287,0.322,30.5,30.2,18.39721,76.56784,ERA5,Asia/Kolkata,Open-Meteo Historical Weather API
MH-Latur,2018-04-10,28.9,35.6,23.4,2.1,2.1,2.0,48,5.72,0.271,0.286,0.32,30.8,30.1,18.39721,76.56784,ERA5,Asia/Kolkata,Open-Meteo Historical Weather API
MH-Latur,2018-04-11,28.3,35.4,23.3,1.5,1.5,2.0,52,5.76,0.289,0.288,0.321,30.2,30.0,18.39721,76.56784,ERA5,Asia/Kolkata,Open-Meteo Historical Weather API
MH-Latur,2018-04-12,29.2,34.7,22.8,0.0,0.0,0.0,48,5.35,0.288,0.288,0.319,30.5,30.0,18.39721,76.56784,ERA5,Asia/Kolkata,Open-Meteo Historical Weather API
MH-Latur,2018-04-13,30.4,35.9,25.1,0.0,0.0,0.0,45,5.65,0.277,0.285,0.315,31.7,30.4,18.39721,76.56784,ERA5,Asia/Kolkata,Open-Meteo Historical Weather API
MH-Latur,2018-04-14,31.6,37.5,25.9,0.2,0.2,1.0,45,6.11,0.268,0.28,0.311,32.9,31.1,18.39721,76.56784,ERA5,Asia/Kolkata,Open-Meteo Historical Weather API
MH-Latur,2018-04-15,30.2,36.6,25.7,3.6,3.6,3.0,53,5.19,0.281,0.279,0.31,32.1,31.4,18.39721,76.56784,ERA5,Asia/Kolkata,Open-Meteo Historical Weather API
MH-Latur,2018-04-16,30.5,36.9,23.6,0.0,0.0,0.0,52,5.98,0.302,0.282,0.311,31.7,30.9,18.39721,76.56784,ERA5,Asia/Kolkata,Open-Meteo Historical Weather API
MH-Latur,2018-04-17,31.0,37.9,27.2,2.9,2.9,3.0,51,6.05,0.299,0.282,0.31,32.7,31.6,18.39721,76.56784,ERA5,Asia/Kolkata,Open-Meteo Historical Weather API
MH-Latur,2018-04-18,31.3,39.3,23.8,0.0,0.0,0.0,45,6.87,0.31,0.287,0.313,32.2,31.4,18.39721,76.56784,ERA5,Asia/Kolkata,Open-Meteo Historical Weather API
MH-Latur,2018-04-19,32.3,39.6,25.6,0.0,0.0,0.0,33,7.26,0.294,0.288,0.314,32.9,31.7,18.39721,76.56784,ERA5,Asia/Kolkata,Open-Meteo Historical Weather API
MH-Latur,2018-04-20,32.3,39.4,26.8,0.0,0.0,0.0,28,8.53,0.282,0.289,0.314,33.1,31.9,18.39721,76.56784,ERA5,Asia/Kolkata,Open-Meteo Historical Weather API
MH-Latur,2018-04-21,32.6,38.8,25.9,0.0,0.0,0.0,29,8.12,0.271,0.285,0.311,33.6,32.1,18.39721,76.56784,ERA5,Asia/Kolkata,Open-Meteo Historical Weather API
MH-Latur,2018-04-22,32.6,39.2,26.4,0.0,0.0,0.0,29,7.3,0.262,0.282,0.308,33.7,32.3,18.39721,76.56784,ERA5,Asia/Kolkata,Open-Meteo Historical Weather API
MH-Latur,2018-04-23,32.3,40.2,24.6,0.0,0.0,0.0,26,7.47,0.258,0.283,0.305,33.7,32.6,18.39721,76.56784,ERA5,Asia/Kolkata,Open-Meteo Historical Weather API
MH-Latur,2018-04-24,32.7,40.6,26.6,0.0,0.0,0.0,21,8.76,0.252,0.283,0.304,34.3,32.9,18.39721,76.56784,ERA5,Asia/Kolkata,Open-Meteo Historical Weather API
MH-Latur,2018-04-25,32.0,39.9,24.0,0.0,0.0,0.0,20,8.18,0.249,0.285,0.305,33.8,32.7,18.39721,76.56784,ERA5,Asia/Kolkata,Open-Meteo Historical Weather API
MH-Latur,2018-04-26,32.6,39.8,25.9,0.0,0.0,0.0,21,8.07,0.244,0.283,0.304,34.0,32.7,18.39721,76.56784,ERA5,Asia/Kolkata,Open-Meteo Historical Weather API
MH-Latur,2018-04-27,32.6,39.4,25.1,0.0,0.0,0.0,30,7.1,0.245,0.281,0.302,34.4,32.9,18.39721,76.56784,ERA5,Asia/Kolkata,Open-Meteo Historical Weather API
MH-Latur,2018-04-28,34.0,40.5,26.7,0.0,0.0,0.0,31,6.8,0.244,0.279,0.3,35.3,33.4,18.39721,76.56784,ERA5,Asia/Kolkata,Open-Meteo Historical Weather API
MH-Latur,2018-04-29,34.6,41.1,28.3,0.0,0.0,0.0,29,8.28,0.244,0.275,0.296,36.0,34.1,18.39721,76.56784,ERA5,Asia/Kolkata,Open-Meteo Historical Weather API
MH-Latur,2018-04-30,34.6,42.1,28.2,0.0,0.0,0.0,25,9.89,0.244,0.274,0.294,36.1,34.5,18.39721,76.56784,ERA5,Asia/Kolkata,Open-Meteo Historical Weather API
MH-Latur,2018-05-01,34.3,41.5,27.8,0.0,0.0,0.0,28,8.61,0.244,0.273,0.292,35.7,34.4,18.39721,76.56784,ERA5,Asia/Kolkata,Open-Meteo Historical Weather API
MH-Latur,2018-05-02,34.1,41.3,27.0,0.0,0.0,0.0,25,8.22,0.244,0.273,0.289,35.9,34.3,18.39721,76.56784,ERA5,Asia/Kolkata,Open-Meteo Historical Weather API
MH-Latur,2018-05-03,33.3,39.9,28.1,0.0,0.0,0.0,29,7.96,0.245,0.273,0.288,35.7,34.5,18.39721,76.56784,ERA5,Asia/Kolkata,Open-Meteo Historical Weather API
MH-Latur,2018-05-04,32.3,38.9,25.3,0.0,0.0,0.0,41,6.94,0.251,0.277,0.293,34.9,34.4,18.39721,76.56784,ERA5,Asia/Kolkata,Open-Meteo Historical Weather API
MH-Latur,2018-05-05,34.4,39.6,28.9,0.0,0.0,0.0,32,6.71,0.246,0.275,0.29,36.7,34.9,18.39721,76.56784,ERA5,Asia/Kolkata,Open-Meteo Historical Weather API
MH-Latur,2018-05-06,34.8,40.8,28.6,0.0,0.0,0.0,32,6.69,0.244,0.272,0.287,36.7,35.1,18.39721,76.56784,ERA5,Asia/Kolkata,Open-Meteo Historical Weather API
MH-Latur,2018-05-07,34.3,40.5,29.9,0.0,0.0,0.0,33,7.1,0.246,0.27,0.284,36.7,35.3,18.39721,76.56784,ERA5,Asia/Kolkata,Open-Meteo Historical Weather API
MH-Latur,2018-05-08,34.5,41.0,29.2,0.0,0.0,0.0,25,8.05,0.244,0.269,0.282,36.5,35.2,18.39721,76.56784,ERA5,Asia/Kolkata,Open-Meteo Historical Weather API
MH-Latur,2018-05-09,34.0,40.4,27.5,0.0,0.0,0.0,26,8.19,0.248,0.269,0.281,36.4,35.2,18.39721,76.56784,ERA5,Asia/Kolkata,Open-Meteo Historical Weather API
MH-Latur,2018-05-10,33.8,39.3,28.4,0.0,0.0,0.0,38,6.74,0.25,0.27,0.284,36.3,35.3,18.39721,76.56784,ERA5,Asia/Kolkata,Open-Meteo Historical Weather API
MH-Latur,2018-05-11,34.7,40.8,29.0,0.0,0.0,0.0,32,8.19,0.25,0.271,0.285,36.8,35.6,18.39721,76.56784,ERA5,Asia/Kolkata,Open-Meteo Historical Weather API
MH-Latur,2018-05-12,34.4,41.0,29.8,0.0,0.0,0.0,36,8.48,0.249,0.27,0.285,36.8,35.6,18.39721,76.56784,ERA5,Asia/Kolkata,Open-Meteo Historical Weather API
MH-Latur,2018-05-13,33.7,39.0,28.7,0.0,0.0,0.0,32,7.81,0.251,0.271,0.286,36.2,35.4,18.39721,76.56784,ERA5,Asia/Kolkata,Open-Meteo Historical Weather API
MH-Latur,2018-05-14,33.1,40.2,28.4,0.3,0.3,1.0,35,7.91,0.254,0.267,0.283,35.9,35.2,18.39721,76.56784,ERA5,Asia/Kolkata,Open-Meteo Historical Weather API
MH-Latur,2018-05-15,32.5,38.9,25.5,0.0,0.0,0.0,38,7.08,0.253,0.267,0.287,35.5,34.9,18.39721,76.56784,ERA5,Asia/Kolkata,Open-Meteo Historical Weather API
MH-Latur,2018-05-16,33.9,41.7,28.0,0.0,0.0,0.0,34,7.12,0.249,0.266,0.284,36.4,35.2,18.39721,76.56784,ERA5,Asia/Kolkata,Open-Meteo Historical Weather API
MH-Latur,2018-05-17,34.1,40.9,29.3,0.0,0.0,0.0,34,7.92,0.246,0.265,0.284,36.6,35.6,18.39721,76.56784,ERA5,Asia/Kolkata,Open-Meteo Historical Weather API
MH-Latur,2018-05-18,33.8,40.8,27.1,0.0,0.0,0.0,37,7.5,0.248,0.267,0.288,36.2,35.3,18.39721,76.56784,ERA5,Asia/Kolkata,Open-Meteo Historical Weather API
MH-Latur,2018-05-19,34.6,41.8,28.0,0.0,0.0,0.0,28,7.56,0.25,0.268,0.287,36.8,35.5,18.39721,76.56784,ERA5,Asia/Kolkata,Open-Meteo Historical Weather API
MH-Latur,2018-05-20,34.8,41.5,28.6,0.0,0.0,0.0,25,8.01,0.248,0.267,0.288,36.8,35.5,18.39721,76.56784,ERA5,Asia/Kolkata,Open-Meteo Historical Weather API
MH-Latur,2018-05-21,34.8,41.1,28.5,0.0,0.0,0.0,32,7.46,0.248,0.267,0.286,36.8,35.7,18.39721,76.56784,ERA5,Asia/Kolkata,Open-Meteo Historical Weather API
MH-Latur,2018-05-22,33.3,38.8,30.2,1.0,1.0,3.0,34,6.35,0.249,0.266,0.289,36.0,35.6,18.39721,76.56784,ERA5,Asia/Kolkata,Open-Meteo Historical Weather API
MH-Latur,2018-05-23,32.6,39.6,28.8,1.1,1.1,1.0,42,6.29,0.258,0.267,0.293,35.5,35.1,18.39721,76.56784,ERA5,Asia/Kolkata,Open-Meteo Historical Weather API
MH-Latur,2018-05-24,34.0,40.2,28.4,0.0,0.0,0.0,38,7.05,0.263,0.267,0.295,36.0,34.8,18.39721,76.56784,ERA5,Asia/Kolkata,Open-Meteo Historical Weather API
MH-Latur,2018-05-25,34.8,41.1,28.7,0.0,0.0,0.0,33,8.03,0.261,0.268,0.296,36.5,35.2,18.39721,76.56784,ERA5,Asia/Kolkata,Open-Meteo Historical Weather API
MH-Latur,2018-05-26,35.0,40.8,29.3,0.0,0.0,0.0,30,8.08,0.263,0.269,0.297,36.6,35.5,18.39721,76.56784,ERA5,Asia/Kolkata,Open-Meteo Historical Weather API
MH-Latur,2018-05-27,32.2,38.9,28.5,1.8,1.8,2.0,48,6.52,0.268,0.272,0.302,35.8,35.6,18.39721,76.56784,ERA5,Asia/Kolkata,Open-Meteo Historical Weather API
MH-Latur,2018-05-28,34.0,40.7,29.0,1.0,1.0,1.0,47,6.83,0.279,0.273,0.302,36.1,35.2,18.39721,76.56784,ERA5,Asia/Kolkata,Open-Meteo Historical Weather API
MH-Latur,2018-05-29,33.8,39.4,28.7,0.0,0.0,0.0,44,7.23,0.281,0.271,0.3,35.6,35.0,18.39721,76.56784,ERA5,Asia/Kolkata,Open-Meteo Historical Weather API
MH-Latur,2018-05-30,32.9,39.3,28.5,1.7,1.7,3.0,48,6.86,0.277,0.274,0.303,35.8,35.0,18.39721,76.56784,ERA5,Asia/Kolkata,Open-Meteo Historical Weather API
MH-Latur,2018-05-31,33.5,39.0,29.4,0.2,0.2,1.0,46,6.27,0.275,0.273,0.302,36.2,35.1,18.39721,76.56784,ERA5,Asia/Kolkata,Open-Meteo Historical Weather API
MH-Latur,2018-06-01,30.4,38.0,25.6,10.0,10.0,8.0,60,4.75,0.31,0.274,0.303,34.3,34.7,18.39721,76.56784,ERA5,Asia/Kolkata,Open-Meteo Historical Weather API
MH-Latur,2018-06-02,28.4,33.1,25.5,0.4,0.4,3.0,68,3.83,0.432,0.295,0.306,31.7,33.0,18.39721,76.56784,ERA5,Asia/Kolkata,Open-Meteo Historical Weather API
MH-Latur,2018-06-03,29.1,35.3,23.5,5.4,5.4,7.0,62,5.9,0.433,0.309,0.304,31.3,31.9,18.39721,76.56784,ERA5,Asia/Kolkata,Open-Meteo Historical Weather API
MH-Latur,2018-06-04,29.4,35.7,23.9,5.6,5.6,5.0,64,5.75,0.408,0.315,0.303,31.6,31.8,18.39721,76.56784,ERA5,Asia/Kolkata,Open-Meteo Historical Weather API
MH-Latur,2018-06-05,29.7,35.6,25.1,3.5,3.5,4.0,64,5.54,0.417,0.316,0.302,31.7,31.8,18.39721,76.56784,ERA5,Asia/Kolkata,Open-Meteo Historical Weather API
MH-Latur,2018-06-06,28.7,36.0,24.0,19.2,19.2,17.0,71,4.25,0.462,0.328,0.297,30.7,31.2,18.39721,76.56784,ERA5,Asia/Kolkata,Open-Meteo Historical Weather API
MH-Latur,2018-06-07,26.8,30.6,23.7,11.1,11.1,15.0,81,2.99,0.475,0.399,0.296,28.6,29.9,18.39721,76.56784,ERA5,Asia/Kolkata,Open-Meteo Historical Weather API
MH-Latur,2018-06-08,26.1,28.9,24.0,9.7,9.7,16.0,83,2.51,0.487,0.436,0.296,28.0,29.0,18.39721,76.56784,ERA5,Asia/Kolkata,Open-Meteo Historical Weather API
MH-Latur,2018-06-09,26.6,31.5,22.9,10.7,10.7,9.0,78,3.39,0.484,0.455,0.298,27.4,28.2,18.39721,76.56784,ERA5,Asia/Kolkata,Open-Meteo Historical Weather API
MH-Latur,2018-06-10,27.5,32.3,24.3,0.7,0.7,2.0,72,4.66,0.47,0.46,0.3,28.2,28.4,18.39721,76.56784,ERA5,Asia/Kolkata,Open-Meteo Historical Weather API
MH-Latur,2018-06-11,28.1,33.8,24.3,0.5,0.5,3.0,71,5.17,0.45,0.447,0.302,28.6,28.6,18.39721,76.56784,ERA5,Asia/Kolkata,Open-Meteo Historical Weather API
MH-Latur,2018-06-12,29.2,33.5,24.9,0.0,0.0,0.0,66,6.28,0.425,0.431,0.301,29.6,29.0,18.39721,76.56784,ERA5,Asia/Kolkata,Open-Meteo Historical Weather API
MH-Latur,2018-06-13,29.4,34.6,24.4,0.0,0.0,0.0,63,6.47,0.399,0.415,0.299,29.9,29.2,18.39721,76.56784,ERA5,Asia/Kolkata,Open-Meteo Historical Weather API
MH-Latur,2018-06-14,29.9,35.9,24.5,0.0,0.0,0.0,59,6.73,0.372,0.398,0.297,30.3,29.4,18.39721,76.56784,ERA5,Asia/Kolkata,Open-Meteo Historical Weather API
MH-Latur,2018-06-15,29.4,34.2,24.9,0.0,0.0,0.0,60,6.62,0.35,0.381,0.293,30.5,29.6,18.39721,76.56784,ERA5,Asia/Kolkata,Open-Meteo Historical Weather API
MH-Latur,2018-06-16,29.0,34.5,24.3,0.2,0.2,1.0,59,6.65,0.333,0.365,0.288,30.2,29.5,18.39721,76.56784,ERA5,Asia/Kolkata,Open-Meteo Historical Weather API
MH-Latur,2018-06-17,27.9,33.1,24.9,3.1,3.1,3.0,64,5.67,0.342,0.353,0.286,29.5,29.3,18.39721,76.56784,ERA5,Asia/Kolkata,Open-Meteo Historical Weather API
MH-Latur,2018-06-18,25.6,30.4,22.5,29.0,29.0,18.0,80,2.95,0.46,0.389,0.283,26.9,28.0,18.39721,76.56784,ERA5,Asia/Kolkata,Open-Meteo Historical Weather API
MH-Latur,2018-06-19,27.5,32.2,23.0,2.0,2.0,7.0,71,4.73,0.452,0.41,0.283,28.3,27.5,18.39721,76.56784,ERA5,Asia/Kolkata,Open-Meteo Historical Weather API
MH-Latur,2018-06-20,28.1,33.6,23.4,10.9,10.9,7.0,73,4.71,0.446,0.403,0.282,29.3,28.4,18.39721,76.56784,ERA5,Asia/Kolkata,Open-Meteo Historical Weather API
MH-Latur,2018-06-21,26.8,32.5,24.0,15.5,15.5,11.0,81,3.52,0.498,0.458,0.283,28.5,28.6,18.39721,76.56784,ERA5,Asia/Kolkata,Open-Meteo Historical Weather API
MH-Latur,2018-06-22,26.6,31.3,23.2,12.6,12.6,18.0,78,3.16,0.499,0.488,0.292,27.7,28.0,18.39721,76.56784,ERA5,Asia/Kolkata,Open-Meteo Historical Weather API
MH-Latur,2018-06-23,24.6,26.2,23.3,39.5,39.5,24.0,89,1.25,0.513,0.509,0.315,26.1,27.0,18.39721,76.56784,ERA5,Asia/Kolkata,Open-Meteo Historical Weather API
MH-Latur,2018-06-24,25.6,28.6,22.7,2.3,2.3,5.0,79,3.23,0.495,0.493,0.341,26.3,26.3,18.39721,76.56784,ERA5,Asia/Kolkata,Open-Meteo Historical Weather API
MH-Latur,2018-06-25,26.0,30.5,22.4,10.3,10.3,14.0,79,3.49,0.496,0.486,0.345,26.3,26.3,18.39721,76.56784,ERA5,Asia/Kolkata,Open-Meteo Historical Weather API
MH-Latur,2018-06-26,26.3,29.9,22.9,0.7,0.7,3.0,74,4.11,0.479,0.48,0.35,26.7,26.4,18.39721,76.56784,ERA5,Asia/Kolkata,Open-Meteo Historical Weather API
MH-Latur,2018-06-27,25.9,31.0,23.7,1.4,1.4,3.0,77,3.43,0.467,0.465,0.351,26.6,26.6,18.39721,76.56784,ERA5,Asia/Kolkata,Open-Meteo Historical Weather API
MH-Latur,2018-06-28,25.8,29.0,23.8,2.9,2.9,8.0,79,2.85,0.47,0.458,0.351,26.2,26.3,18.39721,76.56784,ERA5,Asia/Kolkata,Open-Meteo Historical Weather API
MH-Latur,2018-06-29,26.2,30.8,23.4,0.6,0.6,4.0,77,4.09,0.47,0.454,0.35,26.9,26.2,18.39721,76.56784,ERA5,Asia/Kolkata,Open-Meteo Historical Weather API
MH-Latur,2018-06-30,27.0,31.6,22.8,1.2,1.2,5.0,72,4.66,0.462,0.448,0.348,27.3,26.6,18.39721,76.56784,ERA5,Asia/Kolkata,Open-Meteo Historical Weather API
MH-Latur,2018-07-01,27.5,32.2,23.1,0.0,0.0,0.0,69,5.13,0.436,0.436,0.345,27.9,27.0,18.39721,76.56784,ERA5,Asia/Kolkata,Open-Meteo Historical Weather API
MH-Latur,2018-07-02,27.2,31.9,24.3,1.0,1.0,2.0,72,4.49,0.424,0.422,0.341,27.9,27.4,18.39721,76.56784,ERA5,Asia/Kolkata,Open-Meteo Historical Weather API
MH-Latur,2018-07-03,25.8,29.1,23.0,12.1,12.1,9.0,77,3.48,0.447,0.419,0.339,26.5,26.8,18.39721,76.56784,ERA5,Asia/Kolkata,Open-Meteo Historical Weather API
MH-Latur,2018-07-04,26.6,30.3,23.8,3.5,3.5,8.0,74,4.6,0.467,0.427,0.337,26.9,26.4,18.39721,76.56784,ERA5,Asia/Kolkata,Open-Meteo Historical Weather API
MH-Latur,2018-07-05,25.5,30.2,23.3,21.3,21.3,13.0,80,3.26,0.48,0.441,0.336,26.3,26.3,18.39721,76.56784,ERA5,Asia/Kolkata,Open-Meteo Historical Weather API
MH-Latur,2018-07-06,26.0,28.6,23.4,1.7,1.7,11.0,79,2.98,0.482,0.47,0.338,26.1,25.9,18.39721,76.56784,ERA5,Asia/Kolkata,Open-Meteo Historical Weather API
MH-Latur,2018-07-07,24.4,26.2,22.6,17.8,17.8,23.0,87,1.87,0.5,0.476,0.341,25.0,25.6,18.39721,76.56784,ERA5,Asia/Kolkata,Open-Meteo Historical Weather API
MH-Latur,2018-07-08,24.3,28.1,22.5,26.4,26.4,24.0,88,1.47,0.513,0.507,0.359,24.4,24.9,18.39721,76.56784,ERA5,Asia/Kolkata,Open-Meteo Historical Weather API
MH-Latur,2018-07-09,24.3,27.1,22.1,23.1,23.1,22.0,86,2.08,0.508,0.508,0.393,24.3,24.6,18.39721,76.56784,ERA5,Asia/Kolkata,Open-Meteo Historical Weather API
MH-Latur,2018-07-10,24.6,26.8,22.6,10.8,10.8,22.0,84,2.65,0.509,0.504,0.409,24.6,24.6,18.39721,76.56784,ERA5,Asia/Kolkata,Open-Meteo Historical Weather API
MH-Latur,2018-07-11,25.0,28.1,22.8,7.4,7.4,16.0,81,3.0,0.5,0.497,0.417,25.0,24.8,18.39721,76.56784,ERA5,Asia/Kolkata,Open-Meteo Historical Weather API
MH-Latur,2018-07-12,23.3,24.2,22.3,19.8,19.8,24.0,90,1.59,0.509,0.505,0.426,23.9,24.6,18.39721,76.56784,ERA5,Asia/Kolkata,Open-Meteo Historical Weather API
MH-Latur,2018-07-13,24.4,28.0,22.3,20.2,20.2,20.0,86,2.5,0.508,0.509,0.442,24.4,24.4,18.39721,76.56784,ERA5,Asia/Kolkata,Open-Meteo Historical Weather API
MH-Latur,2018-07-14,24.8,27.9,22.7,10.6,10.6,20.0,84,2.95,0.506,0.505,0.455,24.9,24.7,18.39721,76.56784,ERA5,Asia/Kolkata,Open-Meteo Historical Weather API
MH-Latur,2018-07-15,24.9,27.3,22.8,9.7,9.7,15.0,85,2.91,0.502,0.506,0.464,25.1,25.0,18.39721,76.56784,ERA5,Asia/Kolkata,Open-Meteo Historical Weather API
MH-Latur,2018-07-16,23.6,25.8,22.7,10.2,10.2,21.0,91,1.49,0.509,0.506,0.47,24.2,24.7,18.39721,76.56784,ERA5,Asia/Kolkata,Open-Meteo Historical Weather API
MH-Latur,2018-07-17,24.6,26.7,22.3,3.1,3.1,10.0,84,2.71,0.5,0.505,0.479,24.6,24.5,18.39721,76.56784,ERA5,Asia/Kolkata,Open-Meteo Historical Weather API
MH-Latur,2018-07-18,26.1,29.7,23.2,0.8,0.8,3.0,75,4.36,0.481,0.492,0.48,25.9,25.1,18.39721,76.56784,ERA5,Asia/Kolkata,Open-Meteo Historical Weather API
MH-Latur,2018-07-19,25.8,29.6,22.8,5.3,5.3,6.0,78,3.94,0.481,0.483,0.478,26.0,25.5,18.39721,76.56784,ERA5,Asia/Kolkata,Open-Meteo Historical Weather API
MH-Latur,2018-07-20,25.1,27.6,23.4,13.7,13.7,11.0,81,3.1,0.491,0.493,0.478,25.5,25.5,18.39721,76.56784,ERA5,Asia/Kolkata,Open-Meteo Historical Weather API
MH-Latur,2018-07-21,25.8,29.5,22.5,2.9,2.9,10.0,77,3.67,0.494,0.501,0.483,25.5,25.2,18.39721,76.56784,ERA5,Asia/Kolkata,Open-Meteo Historical Weather API
MH-Latur,2018-07-22,24.4,26.6,23.1,4.0,4.0,11.0,81,2.61,0.487,0.491,0.483,24.9,25.1,18.39721,76.56784,ERA5,Asia/Kolkata,Open-Meteo Historical Weather API
MH-Latur,2018-07-23,24.6,26.8,22.9,1.5,1.5,6.0,81,2.97,0.491,0.49,0.482,24.8,24.7,18.39721,76.56784,ERA5,Asia/Kolkata,Open-Meteo Historical Weather API
MH-Latur,2018-07-24,25.1,28.3,23.0,0.3,0.3,1.0,79,3.29,0.476,0.484,0.48,25.1,25.0,18.39721,76.56784,ERA5,Asia/Kolkata,Open-Meteo Historical Weather API
MH-Latur,2018-07-25,25.5,28.5,23.0,0.0,0.0,0.0,76,4.04,0.463,0.475,0.478,25.7,25.3,18.39721,76.56784,ERA5,Asia/Kolkata,Open-Meteo Historical Weather API
MH-Latur,2018-07-26,24.6,26.2,22.8,0.0,0.0,0.0,80,2.4,0.454,0.467,0.476,24.9,25.2,18.39721,76.56784,ERA5,Asia/Kolkata,Open-Meteo Historical Weather API
MH-Latur,2018-07-27,25.0,27.5,22.7,0.2,0.2,1.0,80,3.43,0.448,0.461,0.474,25.2,24.9,18.39721,76.56784,ERA5,Asia/Kolkata,Open-Meteo Historical Weather API
MH-Latur,2018-07-28,26.3,29.8,22.9,0.2,0.2,1.0,75,3.76,0.44,0.453,0.471,25.9,25.2,18.39721,76.56784,ERA5,Asia/Kolkata,Open-Meteo Historical Weather API
MH-Latur,2018-07-29,26.3,30.3,22.3,0.3,0.3,2.0,72,3.95,0.432,0.445,0.468,25.8,25.4,18.39721,76.56784,ERA5,Asia/Kolkata,Open-Meteo Historical Weather API
MH-Latur,2018-07-30,26.1,29.7,22.1,0.4,0.4,3.0,73,4.01,0.423,0.437,0.466,25.9,25.4,18.39721,76.56784,ERA5,Asia/Kolkata,Open-Meteo Historical Weather API
MH-Latur,2018-07-31,25.7,29.4,22.0,1.8,1.8,7.0,75,4.17,0.418,0.429,0.463,25.9,25.5,18.39721,76.56784,ERA5,Asia/Kolkata,Open-Meteo Historical Weather API
MH-Latur,2018-08-01,26.0,30.9,22.5,1.3,1.3,5.0,76,4.49,0.418,0.423,0.461,26.2,25.6,18.39721,76.56784,ERA5,Asia/Kolkata,Open-Meteo Historical Weather API
MH-Latur,2018-08-02,26.5,30.5,23.5,0.7,0.7,4.0,73,4.38,0.414,0.416,0.459,26.3,25.7,18.39721,76.56784,ERA5,Asia/Kolkata,Open-Meteo Historical Weather API
MH-Latur,2018-08-03,26.5,31.0,22.8,1.6,1.6,5.0,75,4.6,0.404,0.408,0.456,26.4,25.8,18.39721,76.56784,ERA5,Asia/Kolkata,Open-Meteo Historical Weather API
MH-Latur,2018-08-04,25.9,29.9,22.8,1.9,1.9,6.0,77,3.98,0.402,0.402,0.453,26.0,25.7,18.39721,76.56784,ERA5,Asia/Kolkata,Open-Meteo Historical Weather API
MH-Latur,2018-08-05,26.2,30.4,22.6,0.7,0.7,4.0,72,4.73,0.399,0.396,0.45,26.1,25.6,18.39721,76.56784,ERA5,Asia/Kolkata,Open-Meteo Historical Weather API
MH-Latur,2018-08-06,25.7,29.3,22.8,1.0,1.0,6.0,74,4.44,0.389,0.391,0.447,26.1,25.6,18.39721,76.56784,ERA5,Asia/Kolkata,Open-Meteo Historical Weather API
MH-Latur,2018-08-07,25.4,28.9,22.7,0.4,0.4,4.0,74,3.42,0.383,0.387,0.445,25.5,25.5,18.39721,76.56784,ERA5,Asia/Kolkata,Open-Meteo Historical Weather API
MH-Latur,2018-08-08,25.2,27.8,23.3,4.2,4.2,18.0,78,2.34,0.395,0.385,0.443,25.1,25.0,18.39721,76.56784,ERA5,Asia/Kolkata,Open-Meteo Historical Weather API
MH-Latur,2018-08-09,25.7,29.5,23.3,0.6,0.6,5.0,77,4.08,0.413,0.383,0.44,25.9,25.1,18.39721,76.56784,ERA5,Asia/Kolkata,Open-Meteo Historical Weather API
MH-Latur,2018-08-10,26.0,30.1,22.9,1.6,1.6,5.0,76,3.98,0.401,0.381,0.438,25.9,25.4,18.39721,76.56784,ERA5,Asia/Kolkata,Open-Meteo Historical Weather API
MH-Latur,2018-08-11,24.6,27.5,22.9,10.7,10.7,12.0,80,2.77,0.425,0.384,0.436,25.1,25.3,18.39721,76.56784,ERA5,Asia/Kolkata,Open-Meteo Historical Weather API
MH-Latur,2018-08-12,23.3,25.1,22.0,7.7,7.7,24.0,88,1.56,0.473,0.412,0.435,23.6,24.4,18.39721,76.56784,ERA5,Asia/Kolkata,Open-Meteo Historical Weather API
MH-Latur,2018-08-13,23.9,25.6,21.9,1.1,1.1,3.0,86,1.95,0.461,0.425,0.435,23.8,23.9,18.39721,76.56784,ERA5,Asia/Kolkata,Open-Meteo Historical Weather API
MH-Latur,2018-08-14,25.5,29.1,23.1,1.4,1.4,6.0,80,3.38,0.446,0.425,0.434,25.2,24.5,18.39721,76.56784,ERA5,Asia/Kolkata,Open-Meteo Historical Weather API
MH-Latur,2018-08-15,24.9,27.5,23.0,7.2,7.2,7.0,82,2.89,0.45,0.423,0.432,25.3,25.0,18.39721,76.56784,ERA5,Asia/Kolkata,Open-Meteo Historical Weather API
MH-Latur,2018-08-16,22.6,23.2,22.0,77.9,77.9,24.0,92,0.83,0.508,0.481,0.446,23.4,24.4,18.39721,76.56784,ERA5,Asia/Kolkata,Open-Meteo Historical Weather API
MH-Latur,2018-08-17,23.6,27.0,21.9,4.6,4.6,10.0,87,2.27,0.501,0.509,0.487,23.5,23.7,18.39721,76.56784,ERA5,Asia/Kolkata,Open-Meteo Historical Weather API
MH-Latur,2018-08-18,24.9,28.6,22.2,0.2,0.2,1.0,79,3.63,0.484,0.495,0.488,24.7,24.2,18.39721,76.56784,ERA5,Asia/Kolkata,Open-Meteo Historical Weather API
MH-Latur,2018-08-19,24.8,26.9,22.9,6.8,6.8,12.0,81,2.62,0.49,0.488,0.486,24.6,24.6,18.39721,76.56784,ERA5,Asia/Kolkata,Open-Meteo Historical Weather API
MH-Latur,2018-08-20,22.9,24.4,21.6,29.7,29.7,19.0,89,1.32,0.503,0.503,0.489,23.3,23.9,18.39721,76.56784,ERA5,Asia/Kolkata,Open-Meteo Historical Weather API
MH-Latur,2018-08-21,22.5,24.0,21.1,16.1,16.1,19.0,91,1.82,0.507,0.514,0.509,22.9,23.4,18.39721,76.56784,ERA5,Asia/Kolkata,Open-Meteo Historical Weather API
MH-Latur,2018-08-22,24.4,29.2,21.6,6.3,6.3,6.0,84,3.36,0.488,0.498,0.507,24.3,23.8,18.39721,76.56784,ERA5,Asia/Kolkata,Open-Meteo Historical Weather API
MH-Latur,2018-08-23,25.2,29.4,22.2,0.9,0.9,6.0,79,3.75,0.478,0.484,0.501,25.0,24.4,18.39721,76.56784,ERA5,Asia/Kolkata,Open-Meteo Historical Weather API
MH-Latur,2018-08-24,25.0,30.0,21.4,1.0,1.0,4.0,79,3.69,0.468,0.474,0.497,25.1,24.6,18.39721,76.56784,ERA5,Asia/Kolkata,Open-Meteo Historical Weather API
MH-Latur,2018-08-25,24.8,29.3,21.4,3.3,3.3,5.0,79,3.37,0.469,0.466,0.492,24.9,24.7,18.39721,76.56784,ERA5,Asia/Kolkata,Open-Meteo Historical Weather API
MH-Latur,2018-08-26,24.2,27.7,21.6,6.0,6.0,11.0,82,3.05,0.481,0.467,0.489,24.5,24.4,18.39721,76.56784,ERA5,Asia/Kolkata,Open-Meteo Historical Weather API
MH-Latur,2018-08-27,23.7,26.3,21.6,1.0,1.0,7.0,84,2.33,0.486,0.475,0.486,24.0,24.1,18.39721,76.56784,ERA5,Asia/Kolkata,Open-Meteo Historical Weather API
MH-Latur,2018-08-28,24.6,28.2,22.1,0.6,0.6,4.0,78,3.26,0.474,0.474,0.484,24.5,24.0,18.39721,76.56784,ERA5,Asia/Kolkata,Open-Meteo Historical Weather API
MH-Latur,2018-08-29,25.4,29.4,21.8,0.2,0.2,2.0,76,4.05,0.46,0.467,0.481,25.2,24.4,18.39721,76.56784,ERA5,Asia/Kolkata,Open-Meteo Historical Weather API
MH-Latur,2018-08-30,25.0,28.7,21.5,0.0,0.0,0.0,76,3.71,0.446,0.458,0.478,25.1,24.7,18.39721,76.56784,ERA5,Asia/Kolkata,Open-Meteo Historical Weather API
MH-Latur,2018-08-31,25.1,28.5,21.3,0.4,0.4,3.0,76,3.64,0.438,0.451,0.475,25.1,24.6,18.39721,76.56784,ERA5,Asia/Kolkata,Open-Meteo Historical Weather API
MH-Latur,2018-09-01,24.9,29.0,21.5,1.3,1.3,6.0,78,3.76,0.432,0.443,0.473,25.0,24.5,18.39721,76.56784,ERA5,Asia/Kolkata,Open-Meteo Historical Weather API
MH-Latur,2018-09-02,24.7,29.4,21.3,1.3,1.3,5.0,78,3.97,0.43,0.437,0.47,24.9,24.6,18.39721,76.56784,ERA5,Asia/Kolkata,Open-Meteo Historical Weather API
MH-Latur,2018-09-03,24.8,29.0,21.3,2.1,2.1,5.0,79,3.96,0.43,0.43,0.468,25.1,24.7,18.39721,76.56784,ERA5,Asia/Kolkata,Open-Meteo Historical Weather API
MH-Latur,2018-09-04,24.7,28.5,20.9,1.0,1.0,4.0,76,3.72,0.434,0.425,0.465,24.8,24.5,18.39721,76.56784,ERA5,Asia/Kolkata,Open-Meteo Historical Weather API
MH-Latur,2018-09-05,24.8,28.4,20.6,0.3,0.3,2.0,74,3.71,0.424,0.419,0.462,24.7,24.4,18.39721,76.56784,ERA5,Asia/Kolkata,Open-Meteo Historical Weather API
MH-Latur,2018-09-06,24.8,29.2,20.5,0.0,0.0,0.0,73,4.07,0.412,0.413,0.46,24.7,24.3,18.39721,76.56784,ERA5,Asia/Kolkata,Open-Meteo Historical Weather API
MH-Latur,2018-09-07,24.5,28.5,20.8,0.9,0.9,3.0,73,4.02,0.404,0.407,0.457,24.6,24.2,18.39721,76.56784,ERA5,Asia/Kolkata,Open-Meteo Historical Weather API
MH-Latur,2018-09-08,24.8,28.7,20.5,0.0,0.0,0.0,71,4.37,0.392,0.4,0.454,24.9,24.3,18.39721,76.56784,ERA5,Asia/Kolkata,Open-Meteo Historical Weather API
MH-Latur,2018-09-09,25.0,30.1,20.1,0.0,0.0,0.0,69,4.67,0.375,0.391,0.45,25.3,24.5,18.39721,76.56784,ERA5,Asia/Kolkata,Open-Meteo Historical Weather API
MH-Latur,2018-09-10,26.2,31.1,21.7,0.0,0.0,0.0,68,4.64,0.359,0.381,0.446,25.9,24.7,18.39721,76.56784,ERA5,Asia/Kolkata,Open-Meteo Historical Weather API
MH-Latur,2018-09-11,26.6,31.4,22.5,0.2,0.2,1.0,71,4.58,0.351,0.373,0.441,26.8,25.5,18.39721,76.56784,ERA5,Asia/Kolkata,Open-Meteo Historical Weather API
MH-Latur,2018-09-12,26.0,30.1,22.9,0.4,0.4,3.0,73,4.45,0.348,0.369,0.438,26.8,25.9,18.39721,76.56784,ERA5,Asia/Kolkata,Open-Meteo Historical Weather API
MH-Latur,2018-09-13,26.3,30.8,21.3,0.0,0.0,0.0,65,4.92,0.339,0.362,0.434,26.6,25.8,18.39721,76.56784,ERA5,Asia/Kolkata,Open-Meteo Historical Weather API
MH-Latur,2018-09-14,26.2,31.1,21.7,0.0,0.0,0.0,66,4.4,0.33,0.356,0.429,26.7,25.8,18.39721,76.56784,ERA5,Asia/Kolkata,Open-Meteo Historical Weather API
MH-Latur,2018-09-15,26.4,30.3,22.5,0.9,0.9,5.0,69,4.28,0.324,0.349,0.424,26.9,25.9,18.39721,76.56784,ERA5,Asia/Kolkata,Open-Meteo Historical Weather API
MH-Latur,2018-09-16,25.4,28.5,22.1,1.2,1.2,1.0,75,3.76,0.319,0.344,0.421,26.5,26.0,18.39721,76.56784,ERA5,Asia/Kolkata,Open-Meteo Historical Weather API
MH-Latur,2018-09-17,24.8,27.2,22.2,2.6,2.6,9.0,77,2.93,0.319,0.341,0.417,25.6,25.7,18.39721,76.56784,ERA5,Asia/Kolkata,Open-Meteo Historical Weather API
MH-Latur,2018-09-18,24.8,29.8,21.1,0.5,0.5,2.0,77,3.91,0.325,0.338,0.414,25.9,25.5,18.39721,76.56784,ERA5,Asia/Kolkata,Open-Meteo Historical Weather API
MH-Latur,2018-09-19,25.1,29.8,21.6,1.1,1.1,5.0,76,3.95,0.329,0.334,0.411,26.1,25.6,18.39721,76.56784,ERA5,Asia/Kolkata,Open-Meteo Historical Weather API
MH-Latur,2018-09-20,26.1,31.1,21.6,0.2,0.2,2.0,71,4.1,0.323,0.33,0.408,26.3,25.8,18.39721,76.56784,ERA5,Asia/Kolkata,Open-Meteo Historical Weather API
MH-Latur,2018-09-21,25.8,27.7,24.5,0.3,0.3,2.0,70,2.8,0.317,0.328,0.405,25.8,25.9,18.39721,76.56784,ERA5,Asia/Kolkata,Open-Meteo Historical Weather API
MH-Latur,2018-09-22,26.8,31.5,24.1,0.0,0.0,0.0,69,4.33,0.315,0.325,0.402,26.8,25.8,18.39721,76.56784,ERA5,Asia/Kolkata,Open-Meteo Historical Weather API
MH-Latur,2018-09-23,26.7,31.2,23.6,0.0,0.0,0.0,68,4.65,0.306,0.32,0.398,27.3,26.3,18.39721,76.56784,ERA5,Asia/Kolkata,Open-Meteo Historical Weather API
MH-Latur,2018-09-24,27.0,32.9,22.4,0.0,0.0,0.0,67,4.67,0.301,0.316,0.396,27.7,26.6,18.39721,76.56784,ERA5,Asia/Kolkata,Open-Meteo Historical Weather API
MH-Latur,2018-09-25,26.6,33.2,22.9,3.1,3.1,3.0,75,4.16,0.309,0.312,0.393,27.9,27.0,18.39721,76.56784,ERA5,Asia/Kolkata,Open-Meteo Historical Weather API
MH-Latur,2018-09-26,26.9,32.7,23.0,0.1,0.1,1.0,71,4.61,0.328,0.309,0.39,28.0,27.1,18.39721,76.56784,ERA5,Asia/Kolkata,Open-Meteo Historical Weather API
MH-Latur,2018-09-27,26.8,32.7,22.4,0.8,0.8,3.0,70,4.49,0.319,0.301,0.383,28.0,27.3,18.39721,76.56784,ERA5,Asia/Kolkata,Open-Meteo Historical Weather API
MH-Latur,2018-09-28,27.1,32.7,23.2,0.7,0.7,3.0,68,4.52,0.321,0.297,0.378,28.1,27.4,18.39721,76.56784,ERA5,Asia/Kolkata,Open-Meteo Historical Weather API
MH-Latur,2018-09-29,27.4,33.2,22.8,0.7,0.7,3.0,68,4.76,0.31,0.292,0.372,28.4,27.5,18.39721,76.56784,ERA5,Asia/Kolkata,Open-Meteo Historical Weather API
MH-Latur,2018-09-30,28.3,33.7,22.6,0.0,0.0,0.0,63,4.85,0.303,0.284,0.364,28.9,27.8,18.39721,76.56784,ERA5,Asia/Kolkata,Open-Meteo Historical Weather API
MH-Latur,2018-10-01,28.4,33.6,22.7,0.2,0.2,1.0,60,5.17,0.288,0.274,0.353,29.3,28.1,18.39721,76.56784,ERA5,Asia/Kolkata,Open-Meteo Historical Weather API
MH-Latur,2018-10-02,28.0,33.9,23.3,0.3,0.3,2.0,63,4.74,0.278,0.27,0.344,29.5,28.4,18.39721,76.56784,ERA5,Asia/Kolkata,Open-Meteo Historical Weather API
MH-Latur,2018-10-03,28.5,34.3,23.0,0.5,0.5,2.0,59,4.82,0.273,0.268,0.335,29.8,28.6,18.39721,76.56784,ERA5,Asia/Kolkata,Open-Meteo Historical Weather API
MH-Latur,2018-10-04,27.4,33.5,23.5,1.6,1.6,4.0,66,4.38,0.277,0.267,0.329,29.5,28.8,18.39721,76.56784,ERA5,Asia/Kolkata,Open-Meteo Historical Weather API
MH-Latur,2018-10-05,27.3,32.6,22.2,0.0,0.0,0.0,63,4.74,0.298,0.267,0.327,28.7,28.4,18.39721,76.56784,ERA5,Asia/Kolkata,Open-Meteo Historical Weather API
MH-Latur,2018-10-06,27.4,33.9,21.2,0.0,0.0,0.0,59,4.94,0.289,0.267,0.323,28.6,28.1,18.39721,76.56784,ERA5,Asia/Kolkata,Open-Meteo Historical Weather API
MH-Latur,2018-10-07,27.5,33.8,22.0,0.0,0.0,0.0,57,5.24,0.282,0.267,0.32,28.8,28.3,18.39721,76.56784,ERA5,Asia/Kolkata,Open-Meteo Historical Weather API
MH-Latur,2018-10-08,27.9,35.0,22.3,0.0,0.0,0.0,52,5.73,0.277,0.267,0.319,29.0,28.5,18.39721,76.56784,ERA5,Asia/Kolkata,Open-Meteo Historical Weather API
MH-Latur,2018-10-09,27.5,35.3,20.5,0.0,0.0,0.0,48,5.55,0.273,0.268,0.317,28.7,28.5,18.39721,76.56784,ERA5,Asia/Kolkata,Open-Meteo Historical Weather API
MH-Latur,2018-10-10,27.3,34.6,21.1,0.0,0.0,0.0,44,5.94,0.272,0.269,0.319,28.3,28.3,18.39721,76.56784,ERA5,Asia/Kolkata,Open-Meteo Historical Weather API
MH-Latur,2018-10-11,27.6,35.5,21.6,0.0,0.0,0.0,42,6.47,0.273,0.271,0.323,28.3,28.2,18.39721,76.56784,ERA5,Asia/Kolkata,Open-Meteo Historical Weather API
MH-Latur,2018-10-12,27.4,34.5,21.1,0.0,0.0,0.0,43,6.48,0.272,0.273,0.326,28.5,28.4,18.39721,76.56784,ERA5,Asia/Kolkata,Open-Meteo Historical Weather API
MH-Latur,2018-10-13,26.8,34.2,19.4,0.0,0.0,0.0,44,6.09,0.27,0.274,0.326,28.2,28.1,18.39721,76.56784,ERA5,Asia/Kolkata,Open-Meteo Historical Weather API
MH-Latur,2018-10-14,26.9,34.0,20.6,0.0,0.0,0.0,45,5.72,0.267,0.275,0.324,28.4,28.1,18.39721,76.56784,ERA5,Asia/Kolkata,Open-Meteo Historical Weather API
MH-Latur,2018-10-15,27.1,34.0,20.7,0.0,0.0,0.0,49,5.57,0.264,0.274,0.322,28.8,28.3,18.39721,76.56784,ERA5,Asia/Kolkata,Open-Meteo Historical Weather API
MH-Latur,2018-10-16,27.3,33.6,21.0,0.0,0.0,0.0,51,5.34,0.26,0.275,0.321,29.0,28.5,18.39721,76.56784,ERA5,Asia/Kolkata,Open-Meteo Historical Weather API
MH-Latur,2018-10-17,26.6,33.4,21.7,0.0,0.0,0.0,62,3.83,0.259,0.277,0.323,28.6,28.7,18.39721,76.56784,ERA5,Asia/Kolkata,Open-Meteo Historical Weather API
MH-Latur,2018-10-18,27.3,34.0,21.7,0.0,0.0,0.0,57,4.75,0.257,0.275,0.319,29.0,28.4,18.39721,76.56784,ERA5,Asia/Kolkata,Open-Meteo Historical Weather API
MH-Latur,2018-10-19,27.5,34.2,21.4,0.0,0.0,0.0,56,5.09,0.254,0.272,0.314,29.3,28.7,18.39721,76.56784,ERA5,Asia/Kolkata,Open-Meteo Historical Weather API
MH-Latur,2018-10-20,27.3,34.6,21.1,0.0,0.0,0.0,49,5.27,0.252,0.271,0.31,29.2,28.9,18.39721,76.56784,ERA5,Asia/Kolkata,Open-Meteo Historical Weather API
MH-Latur,2018-10-21,28.0,35.1,21.3,0.0,0.0,0.0,49,5.21,0.253,0.27,0.307,29.6,29.2,18.39721,76.56784,ERA5,Asia/Kolkata,Open-Meteo Historical Weather API
MH-Latur,2018-10-22,27.6,34.4,21.8,0.0,0.0,0.0,53,4.36,0.254,0.27,0.306,29.5,29.3,18.39721,76.56784,ERA5,Asia/Kolkata,Open-Meteo Historical Weather API
MH-Latur,2018-10-23,27.9,33.9,22.1,0.0,0.0,0.0,52,4.02,0.258,0.273,0.312,29.3,29.3,18.39721,76.56784,ERA5,Asia/Kolkata,Open-Meteo Historical Weather API
MH-Latur,2018-10-24,26.1,31.5,21.7,0.0,0.0,0.0,61,3.94,0.265,0.279,0.322,28.3,28.9,18.39721,76.56784,ERA5,Asia/Kolkata,Open-Meteo Historical Weather API
MH-Latur,2018-10-25,26.4,32.3,21.6,0.0,0.0,0.0,54,4.48,0.266,0.285,0.327,28.1,28.3,18.39721,76.56784,ERA5,Asia/Kolkata,Open-Meteo Historical Weather API
MH-Latur,2018-10-26,26.0,33.5,20.2,0.0,0.0,0.0,43,5.73,0.265,0.286,0.327,27.7,27.9,18.39721,76.56784,ERA5,Asia/Kolkata,Open-Meteo Historical Weather API
MH-Latur,2018-10-27,25.8,32.8,19.2,0.0,0.0,0.0,43,5.48,0.267,0.289,0.33,26.9,27.5,18.39721,76.56784,ERA5,Asia/Kolkata,Open-Meteo Historical Weather API
MH-Latur,2018-10-28,25.4,32.4,18.2,0.0,0.0,0.0,46,5.5,0.268,0.291,0.331,26.4,27.1,18.39721,76.56784,ERA5,Asia/Kolkata,Open-Meteo Historical Weather API
MH-Latur,2018-10-29,24.0,30.8,17.2,0.0,0.0,0.0,48,5.56,0.268,0.292,0.332,26.0,26.7,18.39721,76.56784,ERA5,Asia/Kolkata,Open-Meteo Historical Weather API
MH-Latur,2018-10-30,23.5,30.6,16.0,0.0,0.0,0.0,47,5.45,0.269,0.294,0.334,25.2,26.1,18.39721,76.56784,ERA5,Asia/Kolkata,Open-Meteo Historical Weather API
MH-Latur,2018-10-31,23.6,30.7,16.5,0.0,0.0,0.0,52,5.19,0.27,0.297,0.336,25.2,25.7,18.39721,76.56784,ERA5,Asia/Kolkata,Open-Meteo Historical Weather API
MH-Latur,2018-11-01,24.7,30.6,18.7,0.0,0.0,0.0,54,4.88,0.27,0.298,0.337,25.7,25.8,18.39721,76.56784,ERA5,Asia/Kolkata,Open-Meteo Historical Weather API
MH-Latur,2018-11-02,24.9,30.2,18.2,0.0,0.0,0.0,62,3.56,0.266,0.294,0.336,25.9,26.0,18.39721,76.56784,ERA5,Asia/Kolkata,Open-Meteo Historical Weather API
MH-Latur,2018-11-03,26.4,30.6,22.8,0.3,0.3,1.0,66,3.59,0.267,0.292,0.333,27.2,26.5,18.39721,76.56784,ERA5,Asia/Kolkata,Open-Meteo Historical Weather API
MH-Latur,2018-11-04,26.8,31.6,22.8,0.0,0.0,0.0,66,3.72,0.268,0.289,0.331,27.8,27.0,18.39721,76.56784,ERA5,Asia/Kolkata,Open-Meteo Historical Weather API
MH-Latur,2018-11-05,26.7,31.1,23.3,0.0,0.0,0.0,64,3.56,0.27,0.292,0.332,28.0,27.4,18.39721,76.56784,ERA5,Asia/Kolkata,Open-Meteo Historical Weather API
MH-Latur,2018-11-06,26.5,31.7,21.9,0.3,0.3,1.0,67,3.76,0.27,0.29,0.331,28.2,27.5,18.39721,76.56784,ERA5,Asia/Kolkata,Open-Meteo Historical Weather API
MH-Latur,2018-11-07,26.1,31.9,21.6,0.0,0.0,0.0,63,3.81,0.273,0.294,0.334,27.6,27.5,18.39721,76.56784,ERA5,Asia/Kolkata,Open-Meteo Historical Weather API
MH-Latur,2018-11-08,26.0,32.3,20.6,0.0,0.0,0.0,58,4.29,0.273,0.297,0.335,27.3,27.2,18.39721,76.56784,ERA5,Asia/Kolkata,Open-Meteo Historical Weather API
MH-Latur,2018-11-09,26.1,32.1,21.3,0.0,0.0,0.0,56,4.43,0.271,0.3,0.337,27.7,27.5,18.39721,76.56784,ERA5,Asia/Kolkata,Open-Meteo Historical Weather API
MH-Latur,2018-11-10,25.5,32.7,20.0,0.0,0.0,0.0,54,4.54,0.272,0.306,0.343,27.0,27.2,18.39721,76.56784,ERA5,Asia/Kolkata,Open-Meteo Historical Weather API
MH-Latur,2018-11-11,24.3,32.3,17.4,0.0,0.0,0.0,49,4.93,0.274,0.308,0.345,25.8,26.6,18.39721,76.56784,ERA5,Asia/Kolkata,Open-Meteo Historical Weather API
MH-Latur,2018-11-12,22.9,31.3,16.0,0.0,0.0,0.0,45,5.23,0.275,0.309,0.347,24.5,25.6,18.39721,76.56784,ERA5,Asia/Kolkata,Open-Meteo Historical Weather API
MH-Latur,2018-11-13,22.6,31.4,14.8,0.0,0.0,0.0,44,5.0,0.274,0.31,0.348,23.5,24.6,18.39721,76.56784,ERA5,Asia/Kolkata,Open-Meteo Historical Weather API
MH-Latur,2018-11-14,22.6,31.5,14.7,0.0,0.0,0.0,49,5.01,0.271,0.309,0.348,23.6,24.3,18.39721,76.56784,ERA5,Asia/Kolkata,Open-Meteo Historical Weather API
MH-Latur,2018-11-15,23.0,31.7,15.1,0.0,0.0,0.0,51,5.11,0.27,0.31,0.349,23.8,24.3,18.39721,76.56784,ERA5,Asia/Kolkata,Open-Meteo Historical Weather API
MH-Latur,2018-11-16,23.4,31.6,16.0,0.0,0.0,0.0,53,4.79,0.269,0.308,0.349,23.9,24.4,18.39721,76.56784,ERA5,Asia/Kolkata,Open-Meteo Historical Weather API
MH-Latur,2018-11-17,25.5,32.5,18.6,0.0,0.0,0.0,55,4.11,0.266,0.305,0.347,25.6,25.0,18.39721,76.56784,ERA5,Asia/Kolkata,Open-Meteo Historical Weather API
MH-Latur,2018-11-18,26.1,31.9,19.7,0.0,0.0,0.0,66,3.81,0.263,0.3,0.344,26.9,26.0,18.39721,76.56784,ERA5,Asia/Kolkata,Open-Meteo Historical Weather API
MH-Latur,2018-11-19,25.7,30.3,22.3,1.3,1.3,3.0,72,3.21,0.264,0.302,0.344,27.1,26.6,18.39721,76.56784,ERA5,Asia/Kolkata,Open-Meteo Historical Weather API
MH-Latur,2018-11-20,24.7,28.7,21.8,3.0,3.0,2.0,75,3.0,0.282,0.306,0.347,26.6,26.4,18.39721,76.56784,ERA5,Asia/Kolkata,Open-Meteo Historical Weather API
MH-Latur,2018-11-21,25.0,31.2,19.7,0.0,0.0,0.0,65,3.99,0.306,0.302,0.344,26.2,26.1,18.39721,76.56784,ERA5,Asia/Kolkata,Open-Meteo Historical Weather API
MH-Latur,2018-11-22,24.4,31.1,18.4,0.0,0.0,0.0,54,4.72,0.297,0.3,0.343,25.4,25.7,18.39721,76.56784,ERA5,Asia/Kolkata,Open-Meteo Historical Weather API
MH-Latur,2018-11-23,23.6,30.2,17.4,0.0,0.0,0.0,52,4.65,0.288,0.296,0.34,24.8,25.3,18.39721,76.56784,ERA5,Asia/Kolkata,Open-Meteo Historical Weather API
MH-Latur,2018-11-24,23.1,30.1,16.9,0.0,0.0,0.0,53,4.49,0.282,0.293,0.338,24.4,24.9,18.39721,76.56784,ERA5,Asia/Kolkata,Open-Meteo Historical Weather API
MH-Latur,2018-11-25,22.4,29.7,16.2,0.0,0.0,0.0,56,4.3,0.279,0.295,0.338,24.0,24.8,18.39721,76.56784,ERA5,Asia/Kolkata,Open-Meteo Historical Weather API
MH-Latur,2018-11-26,21.6,29.7,14.7,0.0,0.0,0.0,55,4.47,0.277,0.297,0.34,23.3,24.3,18.39721,76.56784,ERA5,Asia/Kolkata,Open-Meteo Historical Weather API
MH-Latur,2018-11-27,21.2,29.4,14.6,0.0,0.0,0.0,51,4.67,0.275,0.298,0.341,22.8,23.7,18.39721,76.56784,ERA5,Asia/Kolkata,Open-Meteo Historical Weather API
MH-Latur,2018-11-28,21.1,28.8,14.9,0.0,0.0,0.0,53,4.44,0.274,0.301,0.343,22.5,23.4,18.39721,76.56784,ERA5,Asia/Kolkata,Open-Meteo Historical Weather API
MH-Latur,2018-11-29,21.3,28.7,14.6,0.0,0.0,0.0,55,4.28,0.272,0.302,0.344,22.6,23.3,18.39721,76.56784,ERA5,Asia/Kolkata,Open-Meteo Historical Weather API
MH-Latur,2018-11-30,20.9,28.6,13.4,0.0,0.0,0.0,53,4.3,0.27,0.302,0.345,22.1,23.0,18.39721,76.56784,ERA5,Asia/Kolkata,Open-Meteo Historical Weather API
MH-Latur,2018-12-01,20.7,27.4,16.2,0.0,0.0,0.0,56,3.87,0.27,0.305,0.347,21.5,22.7,18.39721,76.56784,ERA5,Asia/Kolkata,Open-Meteo Historical Weather API
MH-Latur,2018-12-02,20.4,27.4,14.8,0.0,0.0,0.0,61,3.77,0.269,0.305,0.348,21.7,22.6,18.39721,76.56784,ERA5,Asia/Kolkata,Open-Meteo Historical Weather API
MH-Latur,2018-12-03,21.2,27.3,15.7,0.0,0.0,0.0,62,3.86,0.268,0.309,0.351,22.4,22.8,18.39721,76.56784,ERA5,Asia/Kolkata,Open-Meteo Historical Weather API
MH-Latur,2018-12-04,22.2,27.8,17.4,0.0,0.0,0.0,64,3.22,0.269,0.312,0.355,22.9,23.1,18.39721,76.56784,ERA5,Asia/Kolkata,Open-Meteo Historical Weather API
MH-Latur,2018-12-05,23.7,29.0,20.1,0.0,0.0,0.0,65,3.1,0.269,0.312,0.355,24.2,23.9,18.39721,76.56784,ERA5,Asia/Kolkata,Open-Meteo Historical Weather API
MH-Latur,2018-12-06,24.2,30.4,18.5,0.1,0.1,1.0,69,3.36,0.267,0.31,0.354,24.9,24.4,18.39721,76.56784,ERA5,Asia/Kolkata,Open-Meteo Historical Weather API
MH-Latur,2018-12-07,24.1,29.3,20.3,0.3,0.3,2.0,73,2.89,0.269,0.308,0.353,24.9,24.7,18.39721,76.56784,ERA5,Asia/Kolkata,Open-Meteo Historical Weather API
MH-Latur,2018-12-08,24.4,29.9,20.4,0.0,0.0,0.0,68,3.36,0.271,0.309,0.354,25.1,24.8,18.39721,76.56784,ERA5,Asia/Kolkata,Open-Meteo Historical Weather API
MH-Latur,2018-12-09,24.6,29.9,20.4,0.2,0.2,2.0,66,3.64,0.272,0.308,0.354,25.2,25.0,18.39721,76.56784,ERA5,Asia/Kolkata,Open-Meteo Historical Weather API
MH-Latur,2018-12-10,24.1,30.9,19.6,0.8,0.8,3.0,61,4.14,0.277,0.309,0.355,25.1,25.1,18.39721,76.56784,ERA5,Asia/Kolkata,Open-Meteo Historical Weather API
MH-Latur,2018-12-11,21.3,28.4,16.1,0.0,0.0,0.0,50,4.27,0.277,0.312,0.358,23.1,24.1,18.39721,76.56784,ERA5,Asia/Kolkata,Open-Meteo Historical Weather API
MH-Latur,2018-12-12,21.7,29.5,15.2,0.0,0.0,0.0,59,3.91,0.278,0.312,0.358,22.5,23.3,18.39721,76.56784,ERA5,Asia/Kolkata,Open-Meteo Historical Weather API
MH-Latur,2018-12-13,21.7,26.1,17.0,0.3,0.3,1.0,72,3.27,0.282,0.311,0.359,23.0,23.4,18.39721,76.56784,ERA5,Asia/Kolkata,Open-Meteo Historical Weather API
MH-Latur,2018-12-14,20.8,24.3,16.7,0.4,0.4,1.0,79,2.6,0.285,0.31,0.358,22.4,23.1,18.39721,76.56784,ERA5,Asia/Kolkata,Open-Meteo Historical Weather API
MH-Latur,2018-12-15,21.1,26.2,17.9,0.0,0.0,0.0,63,3.75,0.288,0.311,0.359,22.3,22.8,18.39721,76.56784,ERA5,Asia/Kolkata,Open-Meteo Historical Weather API
MH-Latur,2018-12-16,19.7,26.0,15.5,0.0,0.0,0.0,54,4.18,0.286,0.31,0.359,21.3,22.4,18.39721,76.56784,ERA5,Asia/Kolkata,Open-Meteo Historical Weather API
MH-Latur,2018-12-17,19.1,24.7,14.3,0.0,0.0,0.0,61,3.64,0.284,0.31,0.359,20.7,21.6,18.39721,76.56784,ERA5,Asia/Kolkata,Open-Meteo Historical Weather API
MH-Latur,2018-12-18,17.6,21.0,13.7,0.0,0.0,0.0,72,2.14,0.285,0.313,0.361,19.7,21.4,18.39721,76.56784,ERA5,Asia/Kolkata,Open-Meteo Historical Weather API
MH-Latur,2018-12-19,16.8,23.6,10.8,0.0,0.0,0.0,69,3.46,0.285,0.316,0.364,18.6,20.1,18.39721,76.56784,ERA5,Asia/Kolkata,Open-Meteo Historical Weather API
MH-Latur,2018-12-20,18.3,25.2,11.2,0.0,0.0,0.0,72,3.12,0.284,0.317,0.364,19.4,20.1,18.39721,76.56784,ERA5,Asia/Kolkata,Open-Meteo Historical Weather API
MH-Latur,2018-12-21,19.6,27.0,13.7,0.0,0.0,0.0,68,3.57,0.283,0.318,0.363,20.6,20.8,18.39721,76.56784,ERA5,Asia/Kolkata,Open-Meteo Historical Weather API
MH-Latur,2018-12-22,20.7,28.1,13.5,0.0,0.0,0.0,63,3.63,0.278,0.316,0.362,21.5,21.4,18.39721,76.56784,ERA5,Asia/Kolkata,Open-Meteo Historical Weather API
MH-Latur,2018-12-23,21.9,28.1,16.7,0.0,0.0,0.0,61,3.5,0.276,0.314,0.361,22.5,22.3,18.39721,76.56784,ERA5,Asia/Kolkata,Open-Meteo Historical Weather API
MH-Latur,2018-12-24,22.7,29.2,16.9,0.0,0.0,0.0,58,3.88,0.275,0.313,0.361,23.4,23.0,18.39721,76.56784,ERA5,Asia/Kolkata,Open-Meteo Historical Weather API
MH-Latur,2018-12-25,23.1,29.7,17.4,0.0,0.0,0.0,59,3.56,0.274,0.311,0.36,23.5,23.5,18.39721,76.56784,ERA5,Asia/Kolkata,Open-Meteo Historical Weather API
MH-Latur,2018-12-26,23.6,30.4,18.7,0.0,0.0,0.0,60,3.63,0.273,0.31,0.359,24.0,23.7,18.39721,76.56784,ERA5,Asia/Kolkata,Open-Meteo Historical Weather API
MH-Latur,2018-12-27,20.2,26.0,15.1,0.0,0.0,0.0,45,4.35,0.274,0.312,0.361,22.3,23.4,18.39721,76.56784,ERA5,Asia/Kolkata,Open-Meteo Historical Weather API
MH-Latur,2018-12-28,16.7,24.4,10.7,0.0,0.0,0.0,50,4.15,0.276,0.314,0.363,19.3,21.3,18.39721,76.56784,ERA5,Asia/Kolkata,Open-Meteo Historical Weather API
MH-Latur,2018-12-29,16.0,24.4,8.6,0.0,0.0,0.0,49,4.08,0.277,0.315,0.364,17.9,19.7,18.39721,76.56784,ERA5,Asia/Kolkata,Open-Meteo Historical Weather API
MH-Latur,2018-12-30,16.2,24.6,8.3,0.0,0.0,0.0,52,3.93,0.276,0.313,0.364,17.8,19.1,18.39721,76.56784,ERA5,Asia/Kolkata,Open-Meteo Historical Weather API
MH-Latur,2018-12-31,16.7,25.9,9.3,0.0,0.0,0.0,52,4.07,0.273,0.31,0.362,18.0,19.1,18.39721,76.56784,ERA5,Asia/Kolkata,Open-Meteo Historical Weather API
MH-Latur,2019-01-01,18.2,28.0,10.8,0.0,0.0,0.0,47,4.26,0.272,0.309,0.362,18.3,19.2,18.39721,76.56784,ERA5,Asia/Kolkata,Open-Meteo Historical Weather API
MH-Latur,2019-01-02,19.1,29.7,9.2,0.0,0.0,0.0,47,4.07,0.27,0.308,0.361,18.9,19.6,18.39721,76.56784,ERA5,Asia/Kolkata,Open-Meteo Historical Weather API
MH-Latur,2019-01-03,20.1,29.5,11.2,0.0,0.0,0.0,49,4.0,0.269,0.311,0.363,19.8,20.1,18.39721,76.56784,ERA5,Asia/Kolkata,Open-Meteo Historical Weather API
MH-Latur,2019-01-04,20.4,29.2,14.0,0.0,0.0,0.0,49,4.22,0.269,0.314,0.366,19.9,20.4,18.39721,76.56784,ERA5,Asia/Kolkata,Open-Meteo Historical Weather API
MH-Latur,2019-01-05,20.4,28.9,14.2,0.0,0.0,0.0,58,4.2,0.27,0.316,0.368,20.8,20.8,18.39721,76.56784,ERA5,Asia/Kolkata,Open-Meteo Historical Weather API
MH-Latur,2019-01-06,20.8,28.4,13.4,0.0,0.0,0.0,60,3.92,0.271,0.318,0.371,21.1,21.2,18.39721,76.56784,ERA5,Asia/Kolkata,Open-Meteo Historical Weather API
MH-Latur,2019-01-07,19.9,26.7,14.7,0.0,0.0,0.0,57,4.01,0.275,0.321,0.375,20.9,21.4,18.39721,76.56784,ERA5,Asia/Kolkata,Open-Meteo Historical Weather API
MH-Latur,2019-01-08,17.7,26.4,11.1,0.0,0.0,0.0,55,4.05,0.276,0.323,0.378,19.3,20.7,18.39721,76.56784,ERA5,Asia/Kolkata,Open-Meteo Historical Weather API
MH-Latur,2019-01-09,19.0,27.9,11.7,0.0,0.0,0.0,50,4.03,0.276,0.322,0.377,19.0,19.9,18.39721,76.56784,ERA5,Asia/Kolkata,Open-Meteo Historical Weather API
MH-Latur,2019-01-10,18.9,28.4,11.0,0.0,0.0,0.0,54,4.2,0.276,0.321,0.376,19.5,20.0,18.39721,76.56784,ERA5,Asia/Kolkata,Open-Meteo Historical Weather API
MH-Latur,2019-01-11,20.3,28.8,13.2,0.0,0.0,0.0,57,4.23,0.276,0.32,0.376,20.6,20.5,18.39721,76.56784,ERA5,Asia/Kolkata,Open-Meteo Historical Weather API
MH-Latur,2019-01-12,21.1,28.9,15.0,0.0,0.0,0.0,62,4.14,0.277,0.32,0.376,21.3,21.1,18.39721,76.56784,ERA5,Asia/Kolkata,Open-Meteo Historical Weather API
MH-Latur,2019-01-13,21.6,28.8,17.2,0.0,0.0,0.0,62,4.09,0.275,0.319,0.376,22.1,21.8,18.39721,76.56784,ERA5,Asia/Kolkata,Open-Meteo Historical Weather API
MH-Latur,2019-01-14,21.1,28.1,15.9,0.0,0.0,0.0,63,3.83,0.274,0.32,0.377,22.2,22.2,18.39721,76.56784,ERA5,Asia/Kolkata,Open-Meteo Historical Weather API
MH-Latur,2019-01-15,20.9,28.1,15.2,0.0,0.0,0.0,63,4.0,0.275,0.321,0.378,22.1,22.1,18.39721,76.56784,ERA5,Asia/Kolkata,Open-Meteo Historical Weather API
MH-Latur,2019-01-16,20.9,28.6,14.3,0.0,0.0,0.0,62,4.09,0.274,0.32,0.378,22.0,22.1,18.39721,76.56784,ERA5,Asia/Kolkata,Open-Meteo Historical Weather API
MH-Latur,2019-01-17,21.2,30.2,14.1,0.0,0.0,0.0,56,4.43,0.273,0.318,0.377,21.9,22.0,18.39721,76.56784,ERA5,Asia/Kolkata,Open-Meteo Historical Weather API
MH-Latur,2019-01-18,21.0,29.7,13.5,0.0,0.0,0.0,56,4.32,0.273,0.318,0.377,21.7,21.9,18.39721,76.56784,ERA5,Asia/Kolkata,Open-Meteo Historical Weather API
MH-Latur,2019-01-19,21.0,29.3,13.8,0.0,0.0,0.0,58,4.35,0.273,0.317,0.377,22.0,22.0,18.39721,76.56784,ERA5,Asia/Kolkata,Open-Meteo Historical Weather API
MH-Latur,2019-01-20,20.9,30.2,13.3,0.0,0.0,0.0,53,4.66,0.273,0.317,0.377,21.6,22.0,18.39721,76.56784,ERA5,Asia/Kolkata,Open-Meteo Historical Weather API
MH-Latur,2019-01-21,21.8,29.7,14.2,0.0,0.0,0.0,50,4.9,0.271,0.316,0.376,21.9,21.8,18.39721,76.56784,ERA5,Asia/Kolkata,Open-Meteo Historical Weather API
MH-Latur,2019-01-22,22.4,29.2,18.2,0.0,0.0,0.0,47,5.19,0.269,0.315,0.376,22.8,22.3,18.39721,76.56784,ERA5,Asia/Kolkata,Open-Meteo Historical Weather API
MH-Latur,2019-01-23,21.6,27.8,16.9,0.0,0.0,0.0,57,4.17,0.27,0.315,0.376,22.9,22.4,18.39721,76.56784,ERA5,Asia/Kolkata,Open-Meteo Historical Weather API
MH-Latur,2019-01-24,21.8,28.9,16.4,0.0,0.0,0.0,57,4.11,0.271,0.315,0.376,22.6,22.6,18.39721,76.56784,ERA5,Asia/Kolkata,Open-Meteo Historical Weather API
MH-Latur,2019-01-25,21.9,27.5,18.1,0.0,0.0,0.0,54,3.99,0.272,0.319,0.379,22.9,22.7,18.39721,76.56784,ERA5,Asia/Kolkata,Open-Meteo Historical Weather API
MH-Latur,2019-01-26,20.2,23.7,17.3,0.4,0.4,3.0,73,2.65,0.277,0.321,0.38,21.7,22.4,18.39721,76.56784,ERA5,Asia/Kolkata,Open-Meteo Historical Weather API
MH-Latur,2019-01-27,19.3,22.7,16.8,0.0,0.0,0.0,73,2.49,0.281,0.322,0.381,20.9,21.5,18.39721,76.56784,ERA5,Asia/Kolkata,Open-Meteo Historical Weather API
MH-Latur,2019-01-28,18.9,24.3,15.0,0.0,0.0,0.0,60,4.08,0.283,0.324,0.384,20.4,20.9,18.39721,76.56784,ERA5,Asia/Kolkata,Open-Meteo Historical Weather API
MH-Latur,2019-01-29,17.6,24.4,11.7,0.0,0.0,0.0,53,4.27,0.282,0.326,0.385,19.6,20.4,18.39721,76.56784,ERA5,Asia/Kolkata,Open-Meteo Historical Weather API
MH-Latur,2019-01-30,18.3,26.7,9.9,0.0,0.0,0.0,48,4.42,0.28,0.323,0.384,19.5,19.9,18.39721,76.56784,ERA5,Asia/Kolkata,Open-Meteo Historical Weather API
MH-Latur,2019-01-31,20.0,28.1,12.3,0.0,0.0,0.0,47,4.75,0.276,0.32,0.381,20.6,20.4,18.39721,76.56784,ERA5,Asia/Kolkata,Open-Meteo Historical Weather API
MH-Latur,2019-02-01,21.3,28.6,15.1,0.0,0.0,0.0,60,3.99,0.272,0.317,0.38,21.6,21.1,18.39721,76.56784,ERA5,Asia/Kolkata,Open-Meteo Historical Weather API
MH-Latur,2019-02-02,22.0,28.5,16.5,0.0,0.0,0.0,60,3.81,0.27,0.315,0.378,22.3,22.0,18.39721,76.56784,ERA5,Asia/Kolkata,Open-Meteo Historical Weather API
MH-Latur,2019-02-03,22.8,29.5,17.5,0.0,0.0,0.0,51,4.72,0.269,0.314,0.377,23.0,22.5,18.39721,76.56784,ERA5,Asia/Kolkata,Open-Meteo Historical Weather API
MH-Latur,2019-02-04,22.7,29.5,17.5,0.0,0.0,0.0,57,4.88,0.269,0.313,0.377,23.4,22.8,18.39721,76.56784,ERA5,Asia/Kolkata,Open-Meteo Historical Weather API
MH-Latur,2019-02-05,23.5,30.5,17.4,0.0,0.0,0.0,56,4.38,0.269,0.315,0.377,23.7,23.1,18.39721,76.56784,ERA5,Asia/Kolkata,Open-Meteo Historical Weather API
MH-Latur,2019-02-06,24.6,31.2,18.5,0.0,0.0,0.0,51,5.16,0.267,0.316,0.378,24.6,23.7,18.39721,76.56784,ERA5,Asia/Kolkata,Open-Meteo Historical Weather API
MH-Latur,2019-02-07,24.7,31.1,20.8,0.0,0.0,0.0,45,5.28,0.261,0.312,0.375,25.5,24.5,18.39721,76.56784,ERA5,Asia/Kolkata,Open-Meteo Historical Weather API
MH-Latur,2019-02-08,21.5,28.3,16.6,0.0,0.0,0.0,41,5.26,0.26,0.311,0.374,23.5,23.7,18.39721,76.56784,ERA5,Asia/Kolkata,Open-Meteo Historical Weather API
MH-Latur,2019-02-09,18.6,25.4,13.4,0.0,0.0,0.0,37,5.17,0.26,0.311,0.374,21.1,22.3,18.39721,76.56784,ERA5,Asia/Kolkata,Open-Meteo Historical Weather API
MH-Latur,2019-02-10,20.5,28.8,12.0,0.0,0.0,0.0,43,4.95,0.262,0.312,0.374,21.4,21.5,18.39721,76.56784,ERA5,Asia/Kolkata,Open-Meteo Historical Weather API
MH-Latur,2019-02-11,23.8,30.9,16.7,0.0,0.0,0.0,51,4.62,0.264,0.311,0.374,23.7,22.7,18.39721,76.56784,ERA5,Asia/Kolkata,Open-Meteo Historical Weather API
MH-Latur,2019-02-12,24.9,30.6,19.8,0.0,0.0,0.0,60,4.35,0.264,0.311,0.374,25.0,23.9,18.39721,76.56784,ERA5,Asia/Kolkata,Open-Meteo Historical Weather API
MH-Latur,2019-02-13,24.9,32.0,19.4,0.0,0.0,0.0,51,5.3,0.262,0.31,0.372,25.6,24.6,18.39721,76.56784,ERA5,Asia/Kolkata,Open-Meteo Historical Weather API
MH-Latur,2019-02-14,25.2,32.4,19.2,0.0,0.0,0.0,48,5.71,0.26,0.31,0.372,25.6,24.7,18.39721,76.56784,ERA5,Asia/Kolkata,Open-Meteo Historical Weather API
MH-Latur,2019-02-15,26.4,32.3,22.1,0.0,0.0,0.0,44,5.42,0.259,0.311,0.373,26.4,25.4,18.39721,76.56784,ERA5,Asia/Kolkata,Open-Meteo Historical Weather API
MH-Latur,2019-02-16,24.4,31.2,19.7,0.0,0.0,0.0,42,5.55,0.258,0.311,0.373,25.6,25.3,18.39721,76.56784,ERA5,Asia/Kolkata,Open-Meteo Historical Weather API
MH-Latur,2019-02-17,23.1,30.9,16.2,0.0,0.0,0.0,41,5.26,0.259,0.313,0.374,24.4,24.4,18.39721,76.56784,ERA5,Asia/Kolkata,Open-Meteo Historical Weather API
MH-Latur,2019-02-18,23.4,31.4,16.3,0.0,0.0,0.0,42,5.31,0.259,0.312,0.374,24.3,24.1,18.39721,76.56784,ERA5,Asia/Kolkata,Open-Meteo Historical Weather API
MH-Latur,2019-02-19,25.4,33.8,17.3,0.0,0.0,0.0,47,5.32,0.257,0.311,0.373,25.5,24.5,18.39721,76.56784,ERA5,Asia/Kolkata,Open-Meteo Historical Weather API
MH-Latur,2019-02-20,26.5,33.1,20.3,0.0,0.0,0.0,55,5.07,0.255,0.309,0.372,26.5,25.4,18.39721,76.56784,ERA5,Asia/Kolkata,Open-Meteo Historical Weather API
MH-Latur,2019-02-21,27.1,33.8,22.6,0.0,0.0,0.0,50,5.25,0.254,0.31,0.372,27.3,26.1,18.39721,76.56784,ERA5,Asia/Kolkata,Open-Meteo Historical Weather API
MH-Latur,2019-02-22,27.3,34.5,21.2,0.0,0.0,0.0,45,5.24,0.254,0.309,0.371,27.6,26.4,18.39721,76.56784,ERA5,Asia/Kolkata,Open-Meteo Historical Weather API
MH-Latur,2019-02-23,28.1,34.7,21.1,0.0,0.0,0.0,45,5.38,0.255,0.306,0.369,28.3,26.8,18.39721,76.56784,ERA5,Asia/Kolkata,Open-Meteo Historical Weather API
MH-Latur,2019-02-24,27.7,34.9,21.5,0.1,0.1,1.0,40,5.56,0.259,0.303,0.366,27.9,27.1,18.39721,76.56784,ERA5,Asia/Kolkata,Open-Meteo Historical Weather API
MH-Latur,2019-02-25,26.1,33.0,19.2,0.0,0.0,0.0,34,5.73,0.257,0.301,0.363,27.2,26.8,18.39721,76.56784,ERA5,Asia/Kolkata,Open-Meteo Historical Weather API
MH-Latur,2019-02-26,25.5,31.8,18.7,0.0,0.0,0.0,34,6.22,0.259,0.301,0.362,26.6,26.2,18.39721,76.56784,ERA5,Asia/Kolkata,Open-Meteo Historical Weather API
MH-Latur,2019-02-27,24.5,31.4,18.2,0.0,0.0,0.0,34,6.1,0.26,0.302,0.363,26.1,25.9,18.39721,76.56784,ERA5,Asia/Kolkata,Open-Meteo Historical Weather API
MH-Latur,2019-02-28,23.7,30.3,18.3,0.0,0.0,0.0,42,5.67,0.258,0.302,0.363,25.8,25.5,18.39721,76.56784,ERA5,Asia/Kolkata,Open-Meteo Historical Weather API
MH-Latur,2019-03-01,24.2,31.5,16.7,0.0,0.0,0.0,42,5.67,0.258,0.303,0.363,25.4,25.1,18.39721,76.56784,ERA5,Asia/Kolkata,Open-Meteo Historical Weather API
MH-Latur,2019-03-02,26.7,32.7,19.9,0.0,0.0,0.0,53,5.53,0.256,0.3,0.361,26.9,25.8,18.39721,76.56784,ERA5,Asia/Kolkata,Open-Meteo Historical Weather API
MH-Latur,2019-03-03,28.0,35.2,22.9,0.0,0.0,0.0,41,6.03,0.25,0.296,0.357,28.9,27.2,18.39721,76.56784,ERA5,Asia/Kolkata,Open-Meteo Historical Weather API
MH-Latur,2019-03-04,27.2,35.0,21.1,0.0,0.0,0.0,36,6.5,0.247,0.293,0.353,28.4,27.4,18.39721,76.56784,ERA5,Asia/Kolkata,Open-Meteo Historical Weather API
MH-Latur,2019-03-05,25.7,32.1,21.1,0.0,0.0,0.0,44,6.11,0.246,0.295,0.354,27.8,27.3,18.39721,76.56784,ERA5,Asia/Kolkata,Open-Meteo Historical Weather API
MH-Latur,2019-03-06,24.6,31.8,18.9,0.0,0.0,0.0,37,6.27,0.246,0.297,0.355,26.8,26.6,18.39721,76.56784,ERA5,Asia/Kolkata,Open-Meteo Historical Weather API
MH-Latur,2019-03-07,24.4,32.0,17.1,0.0,0.0,0.0,35,6.23,0.247,0.299,0.356,26.1,26.0,18.39721,76.56784,ERA5,Asia/Kolkata,Open-Meteo Historical Weather API
MH-Latur,2019-03-08,26.1,34.3,17.4,0.0,0.0,0.0,34,6.24,0.25,0.3,0.356,26.6,25.8,18.39721,76.56784,ERA5,Asia/Kolkata,Open-Meteo Historical Weather API
MH-Latur,2019-03-09,27.4,35.1,20.4,0.0,0.0,0.0,35,6.07,0.251,0.3,0.355,27.7,26.7,18.39721,76.56784,ERA5,Asia/Kolkata,Open-Meteo Historical Weather API
MH-Latur,2019-03-10,28.1,35.2,20.9,0.0,0.0,0.0,36,6.28,0.248,0.3,0.355,28.6,27.3,18.39721,76.56784,ERA5,Asia/Kolkata,Open-Meteo Historical Weather API
MH-Latur,2019-03-11,28.8,36.0,22.4,0.0,0.0,0.0,35,6.19,0.244,0.3,0.355,29.5,28.1,18.39721,76.56784,ERA5,Asia/Kolkata,Open-Meteo Historical Weather API
MH-Latur,2019-03-12,28.6,35.6,22.6,0.0,0.0,0.0,37,5.82,0.245,0.3,0.354,29.3,28.4,18.39721,76.56784,ERA5,Asia/Kolkata,Open-Meteo Historical Weather API
MH-Latur,2019-03-13,29.2,35.2,24.0,0.0,0.0,0.0,36,5.92,0.248,0.3,0.354,30.1,28.7,18.39721,76.56784,ERA5,Asia/Kolkata,Open-Meteo Historical Weather API
MH-Latur,2019-03-14,28.6,34.8,22.8,0.0,0.0,0.0,32,6.19,0.249,0.299,0.353,29.7,28.8,18.39721,76.56784,ERA5,Asia/Kolkata,Open-Meteo Historical Weather API
MH-Latur,2019-03-15,28.9,35.6,22.7,0.0,0.0,0.0,34,6.69,0.249,0.298,0.352,29.9,28.7,18.39721,76.56784,ERA5,Asia/Kolkata,Open-Meteo Historical Weather API
MH-Latur,2019-03-16,29.3,36.2,22.2,0.0,0.0,0.0,33,7.4,0.252,0.3,0.353,29.8,28.8,18.39721,76.56784,ERA5,Asia/Kolkata,Open-Meteo Historical Weather API
MH-Latur,2019-03-17,29.8,36.4,23.9,0.0,0.0,0.0,32,8.05,0.251,0.299,0.351,30.3,29.2,18.39721,76.56784,ERA5,Asia/Kolkata,Open-Meteo Historical Weather API
MH-Latur,2019-03-18,29.0,35.4,21.8,0.0,0.0,0.0,34,6.14,0.25,0.298,0.35,30.3,29.3,18.39721,76.56784,ERA5,Asia/Kolkata,Open-Meteo Historical Weather API
MH-Latur,2019-03-19,28.8,35.7,22.1,0.0,0.0,0.0,35,6.12,0.25,0.298,0.349,30.1,29.2,18.39721,76.56784,ERA5,Asia/Kolkata,Open-Meteo Historical Weather API
MH-Latur,2019-03-20,29.2,37.0,24.1,0.0,0.0,0.0,32,6.84,0.25,0.296,0.347,30.4,29.3,18.39721,76.56784,ERA5,Asia/Kolkata,Open-Meteo Historical Weather API
MH-Latur,2019-03-21,29.7,35.8,24.1,0.0,0.0,0.0,32,7.06,0.25,0.296,0.346,30.7,29.7,18.39721,76.56784,ERA5,Asia/Kolkata,Open-Meteo Historical Weather API
MH-Latur,2019-03-22,29.6,36.1,23.6,0.0,0.0,0.0,30,7.25,0.251,0.296,0.346,30.6,29.6,18.39721,76.56784,ERA5,Asia/Kolkata,Open-Meteo Historical Weather API
MH-Latur,2019-03-23,29.6,37.1,23.5,0.0,0.0,0.0,32,7.11,0.25,0.294,0.345,30.7,29.6,18.39721,76.56784,ERA5,Asia/Kolkata,Open-Meteo Historical Weather API
MH-Latur,2019-03-24,29.7,36.5,22.1,0.0,0.0,0.0,41,5.96,0.247,0.292,0.343,31.0,29.8,18.39721,76.56784,ERA5,Asia/Kolkata,Open-Meteo Historical Weather API
MH-Latur,2019-03-25,30.0,36.8,23.6,1.4,1.4,1.0,49,5.78,0.251,0.295,0.345,31.2,30.1,18.39721,76.56784,ERA5,Asia/Kolkata,Open-Meteo Historical Weather API
MH-Latur,2019-03-26,30.4,37.4,23.7,0.0,0.0,0.0,40,7.12,0.256,0.297,0.346,31.3,30.1,18.39721,76.56784,ERA5,Asia/Kolkata,Open-Meteo Historical Weather API
MH-Latur,2019-03-27,31.0,38.0,22.5,0.0,0.0,0.0,28,6.54,0.255,0.295,0.345,31.2,30.2,18.39721,76.56784,ERA5,Asia/Kolkata,Open-Meteo Historical Weather API
MH-Latur,2019-03-28,30.6,38.8,22.6,0.0,0.0,0.0,27,7.45,0.255,0.294,0.343,31.0,30.2,18.39721,76.56784,ERA5,Asia/Kolkata,Open-Meteo Historical Weather API
MH-Latur,2019-03-29,31.0,38.7,23.0,0.0,0.0,0.0,32,7.31,0.253,0.292,0.341,31.7,30.5,18.39721,76.56784,ERA5,Asia/Kolkata,Open-Meteo Historical Weather API
MH-Latur,2019-03-30,32.2,39.4,25.2,0.0,0.0,0.0,32,7.38,0.248,0.29,0.339,32.4,30.9,18.39721,76.56784,ERA5,Asia/Kolkata,Open-Meteo Historical Weather API
MH-Latur,2019-03-31,32.6,39.4,26.4,0.0,0.0,0.0,28,7.56,0.244,0.284,0.334,33.3,31.6,18.39721,76.56784,ERA5,Asia/Kolkata,Open-Meteo Historical Weather API
MH-Latur,2019-04-01,31.9,39.5,25.4,0.0,0.0,0.0,27,7.69,0.246,0.279,0.33,33.1,31.7,18.39721,76.56784,ERA5,Asia/Kolkata,Open-Meteo Historical Weather API
MH-Latur,2019-04-02,33.0,39.9,26.4,0.0,0.0,0.0,26,8.2,0.245,0.28,0.328,33.7,32.0,18.39721,76.56784,ERA5,Asia/Kolkata,Open-Meteo Historical Weather API
MH-Latur,2019-04-03,32.6,39.8,25.1,0.0,0.0,0.0,26,7.92,0.243,0.279,0.325,33.7,32.2,18.39721,76.56784,ERA5,Asia/Kolkata,Open-Meteo Historical Weather API
MH-Latur,2019-04-04,30.7,36.6,24.7,2.6,2.6,2.0,37,6.83,0.253,0.28,0.325,32.1,31.9,18.39721,76.56784,ERA5,Asia/Kolkata,Open-Meteo Historical Weather API
MH-Latur,2019-04-05,30.2,35.9,25.1,0.9,0.9,1.0,37,6.38,0.275,0.283,0.328,31.8,31.3,18.39721,76.56784,ERA5,Asia/Kolkata,Open-Meteo Historical Weather API
MH-Latur,2019-04-06,31.0,38.8,25.1,0.0,0.0,0.0,34,6.46,0.276,0.286,0.331,32.4,31.4,18.39721,76.56784,ERA5,Asia/Kolkata,Open-Meteo Historical Weather API
MH-Latur,2019-04-07,31.4,38.7,23.5,0.0,0.0,0.0,33,6.62,0.271,0.288,0.332,32.3,31.4,18.39721,76.56784,ERA5,Asia/Kolkata,Open-Meteo Historical Weather API
MH-Latur,2019-04-08,31.9,39.2,25.3,0.0,0.0,0.0,30,7.42,0.264,0.286,0.33,33.0,31.6,18.39721,76.56784,ERA5,Asia/Kolkata,Open-Meteo Historical Weather API
MH-Latur,2019-04-09,32.4,39.4,25.3,0.0,0.0,0.0,27,7.95,0.26,0.287,0.33,33.1,31.8,18.39721,76.56784,ERA5,Asia/Kolkata,Open-Meteo Historical Weather API
MH-Latur,2019-04-10,32.3,39.5,26.5,0.0,0.0,0.0,25,7.44,0.255,0.286,0.327,33.1,31.9,18.39721,76.56784,ERA5,Asia/Kolkata,Open-Meteo Historical Weather API
MH-Latur,2019-04-11,32.7,40.2,25.3,0.0,0.0,0.0,30,7.34,0.25,0.284,0.324,33.8,32.2,18.39721,76.56784,ERA5,Asia/Kolkata,Open-Meteo Historical Weather API
MH-Latur,2019-04-12,33.3,40.6,25.5,0.0,0.0,0.0,26,7.71,0.245,0.282,0.321,34.1,32.5,18.39721,76.56784,ERA5,Asia/Kolkata,Open-Meteo Historical Weather API
MH-Latur,2019-04-13,32.4,39.3,25.2,0.6,0.6,1.0,35,6.72,0.243,0.282,0.32,34.1,32.8,18.39721,76.56784,ERA5,Asia/Kolkata,Open-Meteo Historical Weather API
MH-Latur,2019-04-14,33.2,40.7,25.6,0.0,0.0,0.0,30,7.95,0.242,0.281,0.316,34.4,32.9,18.39721,76.56784,ERA5,Asia/Kolkata,Open-Meteo Historical Weather API
MH-Latur,2019-04-15,32.5,39.1,27.6,1.4,1.4,2.0,33,6.94,0.25,0.279,0.315,34.1,33.2,18.39721,76.56784,ERA5,Asia/Kolkata,Open-Meteo Historical Weather API
MH-Latur,2019-04-16,30.3,37.1,24.8,0.9,0.9,4.0,42,5.57,0.266,0.28,0.316,32.6,32.3,18.39721,76.56784,ERA5,Asia/Kolkata,Open-Meteo Historical Weather API
MH-Latur,2019-04-17,30.2,36.7,25.0,0.0,0.0,0.0,44,6.08,0.264,0.279,0.314,32.6,31.7,18.39721,76.56784,ERA5,Asia/Kolkata,Open-Meteo Historical Weather API
MH-Latur,2019-04-18,30.4,37.1,24.0,0.0,0.0,0.0,26,7.57,0.259,0.278,0.312,32.5,31.7,18.39721,76.56784,ERA5,Asia/Kolkata,Open-Meteo Historical Weather API
MH-Latur,2019-04-19,31.4,38.3,23.8,0.0,0.0,0.0,25,8.1,0.252,0.276,0.308,33.0,31.9,18.39721,76.56784,ERA5,Asia/Kolkata,Open-Meteo Historical Weather API
MH-Latur,2019-04-20,32.3,38.9,26.4,0.0,0.0,0.0,26,7.62,0.246,0.276,0.305,34.1,32.7,18.39721,76.56784,ERA5,Asia/Kolkata,Open-Meteo Historical Weather API
MH-Latur,2019-04-21,32.9,38.7,27.7,0.0,0.0,0.0,23,7.12,0.242,0.274,0.302,34.7,33.3,18.39721,76.56784,ERA5,Asia/Kolkata,Open-Meteo Historical Weather API
MH-Latur,2019-04-22,32.8,38.7,27.7,0.0,0.0,0.0,24,8.87,0.241,0.272,0.301,34.6,33.5,18.39721,76.56784,ERA5,Asia/Kolkata,Open-Meteo Historical Weather API
MH-Latur,2019-04-23,32.2,39.1,25.1,0.0,0.0,0.0,34,6.61,0.241,0.272,0.299,34.2,33.4,18.39721,76.56784,ERA5,Asia/Kolkata,Open-Meteo Historical Weather API
MH-Latur,2019-04-24,33.4,39.4,26.9,0.0,0.0,0.0,29,6.86,0.241,0.271,0.296,34.8,33.4,18.39721,76.56784,ERA5,Asia/Kolkata,Open-Meteo Historical Weather API
MH-Latur,2019-04-25,34.5,41.8,27.1,0.0,0.0,0.0,28,6.96,0.24,0.27,0.293,35.6,33.9,18.39721,76.56784,ERA5,Asia/Kolkata,Open-Meteo Historical Weather API
MH-Latur,2019-04-26,36.0,42.7,29.9,0.0,0.0,0.0,22,8.28,0.241,0.269,0.288,37.2,34.7,18.39721,76.56784,ERA5,Asia/Kolkata,Open-Meteo Historical Weather API
MH-Latur,2019-04-27,35.9,42.4,30.3,0.0,0.0,0.0,25,6.54,0.244,0.27,0.284,37.3,35.4,18.39721,76.56784,ERA5,Asia/Kolkata,Open-Meteo Historical Weather API
MH-Latur,2019-04-28,36.7,43.0,31.0,0.0,0.0,0.0,25,7.65,0.243,0.27,0.284,37.9,35.8,18.39721,76.56784,ERA5,Asia/Kolkata,Open-Meteo Historical Weather API
MH-Latur,2019-04-29,35.8,42.6,30.7,0.0,0.0,0.0,28,8.83,0.243,0.27,0.283,37.8,36.3,18.39721,76.56784,ERA5,Asia/Kolkata,Open-Meteo Historical Weather API
MH-Latur,2019-04-30,35.5,41.9,29.7,0.0,0.0,0.0,29,8.12,0.241,0.269,0.283,37.6,36.2,18.39721,76.56784,ERA5,Asia/Kolkata,Open-Meteo Historical Weather API
MH-Latur,2019-05-01,34.1,40.4,28.2,0.0,0.0,0.0,21,8.9,0.24,0.269,0.283,36.4,35.7,18.39721,76.56784,ERA5,Asia/Kolkata,Open-Meteo Historical Weather API
MH-Latur,2019-05-02,33.5,40.3,27.5,0.0,0.0,0.0,28,9.09,0.241,0.27,0.283,36.1,35.2,18.39721,76.56784,ERA5,Asia/Kolkata,Open-Meteo Historical Weather API
MH-Latur,2019-05-03,32.5,38.6,26.6,0.0,0.0,0.0,27,8.67,0.242,0.269,0.282,35.5,34.7,18.39721,76.56784,ERA5,Asia/Kolkata,Open-Meteo Historical Weather API
MH-Latur,2019-05-04,32.2,38.8,25.8,0.0,0.0,0.0,33,8.16,0.245,0.269,0.281,35.2,34.2,18.39721,76.56784,ERA5,Asia/Kolkata,Open-Meteo Historical Weather API
MH-Latur,2019-05-05,32.3,38.8,26.1,0.0,0.0,0.0,31,7.64,0.245,0.269,0.279,34.7,34.1,18.39721,76.56784,ERA5,Asia/Kolkata,Open-Meteo Historical Weather API
MH-Latur,2019-05-06,33.9,40.4,27.1,0.0,0.0,0.0,26,7.39,0.245,0.269,0.279,35.4,34.1,18.39721,76.56784,ERA5,Asia/Kolkata,Open-Meteo Historical Weather API
MH-Latur,2019-05-07,35.0,41.2,29.1,0.0,0.0,0.0,22,7.62,0.244,0.267,0.277,36.2,34.6,18.39721,76.56784,ERA5,Asia/Kolkata,Open-Meteo Historical Weather API
MH-Latur,2019-05-08,34.1,40.2,29.2,0.0,0.0,0.0,28,8.0,0.244,0.267,0.277,36.0,34.9,18.39721,76.56784,ERA5,Asia/Kolkata,Open-Meteo Historical Weather API
MH-Latur,2019-05-09,33.6,39.1,27.7,0.0,0.0,0.0,33,7.05,0.247,0.267,0.277,35.6,34.6,18.39721,76.56784,ERA5,Asia/Kolkata,Open-Meteo Historical Weather API
MH-Latur,2019-05-10,33.4,39.0,27.2,0.0,0.0,0.0,33,6.75,0.247,0.267,0.277,35.8,34.6,18.39721,76.56784,ERA5,Asia/Kolkata,Open-Meteo Historical Weather API
MH-Latur,2019-05-11,33.8,39.9,28.4,0.0,0.0,0.0,32,7.49,0.248,0.268,0.278,36.2,34.9,18.39721,76.56784,ERA5,Asia/Kolkata,Open-Meteo Historical Weather API
MH-Latur,2019-05-12,34.5,40.3,28.1,0.0,0.0,0.0,25,7.7,0.247,0.269,0.281,36.3,35.1,18.39721,76.56784,ERA5,Asia/Kolkata,Open-Meteo Historical Weather API
MH-Latur,2019-05-13,34.3,39.8,29.5,0.0,0.0,0.0,30,6.99,0.245,0.269,0.28,36.4,35.2,18.39721,76.56784,ERA5,Asia/Kolkata,Open-Meteo Historical Weather API
MH-Latur,2019-05-14,34.3,40.6,28.9,0.0,0.0,0.0,26,8.49,0.248,0.268,0.278,36.6,35.3,18.39721,76.56784,ERA5,Asia/Kolkata,Open-Meteo Historical Weather API
MH-Latur,2019-05-15,33.6,40.6,28.1,0.0,0.0,0.0,26,8.65,0.247,0.268,0.279,36.4,35.4,18.39721,76.56784,ERA5,Asia/Kolkata,Open-Meteo Historical Weather API
MH-Latur,2019-05-16,33.4,40.2,26.9,0.0,0.0,0.0,25,8.75,0.248,0.27,0.28,36.2,35.2,18.39721,76.56784,ERA5,Asia/Kolkata,Open-Meteo Historical Weather API
MH-Latur,2019-05-17,34.6,40.6,28.1,0.0,0.0,0.0,24,9.03,0.245,0.269,0.279,36.7,35.2,18.39721,76.56784,ERA5,Asia/Kolkata,Open-Meteo Historical Weather API
MH-Latur,2019-05-18,34.9,40.8,28.7,0.0,0.0,0.0,27,8.38,0.244,0.268,0.277,37.1,35.6,18.39721,76.56784,ERA5,Asia/Kolkata,Open-Meteo Historical Weather API
MH-Latur,2019-05-19,35.6,41.4,29.3,0.0,0.0,0.0,25,8.84,0.246,0.267,0.274,37.6,35.9,18.39721,76.56784,ERA5,Asia/Kolkata,Open-Meteo Historical Weather API
MH-Latur,2019-05-20,35.4,41.7,29.5,0.0,0.0,0.0,26,8.02,0.244,0.267,0.273,37.7,36.2,18.39721,76.56784,ERA5,Asia/Kolkata,Open-Meteo Historical Weather API
MH-Latur,2019-05-21,36.3,42.6,30.5,0.0,0.0,0.0,25,7.57,0.247,0.267,0.272,38.3,36.7,18.39721,76.56784,ERA5,Asia/Kolkata,Open-Meteo Historical Weather API
MH-Latur,2019-05-22,35.7,42.1,28.7,0.0,0.0,0.0,28,7.74,0.246,0.266,0.271,38.0,36.9,18.39721,76.56784,ERA5,Asia/Kolkata,Open-Meteo Historical Weather API
MH-Latur,2019-05-23,36.2,42.5,30.4,0.0,0.0,0.0,27,8.15,0.245,0.266,0.27,38.6,37.1,18.39721,76.56784,ERA5,Asia/Kolkata,Open-Meteo Historical Weather API
MH-Latur,2019-05-24,35.5,41.5,29.8,0.0,0.0,0.0,31,7.56,0.244,0.268,0.272,38.2,37.1,18.39721,76.56784,ERA5,Asia/Kolkata,Open-Meteo Historical Weather API
MH-Latur,2019-05-25,35.8,41.4,30.5,0.0,0.0,0.0,28,8.59,0.243,0.267,0.27,38.4,37.0,18.39721,76.56784,ERA5,Asia/Kolkata,Open-Meteo Historical Weather API
MH-Latur,2019-05-26,36.3,42.0,30.9,0.0,0.0,0.0,27,8.21,0.247,0.267,0.27,38.4,37.0,18.39721,76.56784,ERA5,Asia/Kolkata,Open-Meteo Historical Weather API
MH-Latur,2019-05-27,36.0,41.6,30.1,0.0,0.0,0.0,30,8.47,0.244,0.267,0.272,38.3,37.0,18.39721,76.56784,ERA5,Asia/Kolkata,Open-Meteo Historical Weather API
MH-Latur,2019-05-28,36.6,42.5,31.1,0.0,0.0,0.0,26,9.45,0.245,0.268,0.272,38.8,37.3,18.39721,76.56784,ERA5,Asia/Kolkata,Open-Meteo Historical Weather API
MH-Latur,2019-05-29,36.2,42.4,30.0,0.0,0.0,0.0,25,9.1,0.243,0.266,0.27,38.8,37.4,18.39721,76.56784,ERA5,Asia/Kolkata,Open-Meteo Historical Weather API
MH-Latur,2019-05-30,35.9,41.8,29.6,0.0,0.0,0.0,26,8.43,0.241,0.266,0.27,38.3,37.2,18.39721,76.56784,ERA5,Asia/Kolkata,Open-Meteo Historical Weather API
MH-Latur,2019-05-31,36.6,42.1,30.6,0.0,0.0,0.0,27,6.94,0.241,0.266,0.269,38.8,37.3,18.39721,76.56784,ERA5,Asia/Kolkata,Open-Meteo Historical Weather API
MH-Latur,2019-06-01,34.7,39.5,30.5,0.0,0.0,0.0,36,7.39,0.242,0.267,0.27,38.1,37.5,18.39721,76.56784,ERA5,Asia/Kolkata,Open-Meteo Historical Weather API
MH-Latur,2019-06-02,35.9,42.7,30.5,0.0,0.0,0.0,33,7.13,0.242,0.267,0.271,38.3,37.2,18.39721,76.56784,ERA5,Asia/Kolkata,Open-Meteo Historical Weather API
MH-Latur,2019-06-03,34.2,40.5,29.5,0.2,0.2,1.0,42,7.75,0.241,0.271,0.275,37.6,37.2,18.39721,76.56784,ERA5,Asia/Kolkata,Open-Meteo Historical Weather API
MH-Latur,2019-06-04,32.3,38.5,27.1,0.5,0.5,1.0,48,6.99,0.248,0.28,0.283,36.1,36.5,18.39721,76.56784,ERA5,Asia/Kolkata,Open-Meteo Historical Weather API
MH-Latur,2019-06-05,34.0,40.2,29.8,0.1,0.1,1.0,39,7.53,0.251,0.278,0.283,36.5,36.1,18.39721,76.56784,ERA5,Asia/Kolkata,Open-Meteo Historical Weather API
MH-Latur,2019-06-06,34.2,40.4,29.9,2.0,2.0,3.0,40,7.44,0.26,0.279,0.284,37.1,36.5,18.39721,76.56784,ERA5,Asia/Kolkata,Open-Meteo Historical Weather API
MH-Latur,2019-06-07,33.4,40.9,28.4,3.2,3.2,2.0,45,6.87,0.28,0.278,0.284,36.3,36.2,18.39721,76.56784,ERA5,Asia/Kolkata,Open-Meteo Historical Weather API
MH-Latur,2019-06-08,31.0,37.1,26.8,1.6,1.6,2.0,51,5.89,0.304,0.279,0.286,34.0,35.4,18.39721,76.56784,ERA5,Asia/Kolkata,Open-Meteo Historical Weather API
MH-Latur,2019-06-09,30.2,38.6,27.0,12.6,12.6,7.0,61,5.48,0.342,0.281,0.288,33.6,34.7,18.39721,76.56784,ERA5,Asia/Kolkata,Open-Meteo Historical Weather API
MH-Latur,2019-06-10,30.4,36.7,25.5,3.3,3.3,3.0,63,5.58,0.399,0.285,0.288,32.8,33.4,18.39721,76.56784,ERA5,Asia/Kolkata,Open-Meteo Historical Weather API
MH-Latur,2019-06-11,31.4,38.3,25.6,0.1,0.1,1.0,58,7.24,0.355,0.281,0.284,33.4,33.1,18.39721,76.56784,ERA5,Asia/Kolkata,Open-Meteo Historical Weather API
MH-Latur,2019-06-12,29.9,33.9,26.1,0.0,0.0,0.0,61,6.17,0.326,0.276,0.279,32.2,32.5,18.39721,76.56784,ERA5,Asia/Kolkata,Open-Meteo Historical Weather API
MH-Latur,2019-06-13,29.4,33.6,24.3,0.0,0.0,0.0,62,6.02,0.308,0.275,0.278,31.6,31.7,18.39721,76.56784,ERA5,Asia/Kolkata,Open-Meteo Historical Weather API
MH-Latur,2019-06-14,30.5,35.8,24.3,0.0,0.0,0.0,57,6.88,0.293,0.274,0.277,32.5,31.8,18.39721,76.56784,ERA5,Asia/Kolkata,Open-Meteo Historical Weather API
MH-Latur,2019-06-15,31.2,36.3,25.5,0.0,0.0,0.0,54,7.54,0.276,0.27,0.274,33.2,32.3,18.39721,76.56784,ERA5,Asia/Kolkata,Open-Meteo Historical Weather API
MH-Latur,2019-06-16,31.6,37.1,26.2,0.0,0.0,0.0,52,7.6,0.268,0.268,0.272,33.6,32.7,18.39721,76.56784,ERA5,Asia/Kolkata,Open-Meteo Historical Weather API
MH-Latur,2019-06-17,30.8,35.9,26.4,0.0,0.0,0.0,52,6.91,0.268,0.266,0.271,33.2,32.8,18.39721,76.56784,ERA5,Asia/Kolkata,Open-Meteo Historical Weather API
MH-Latur,2019-06-18,30.9,36.4,24.8,0.2,0.2,1.0,51,7.44,0.264,0.266,0.27,33.4,32.7,18.39721,76.56784,ERA5,Asia/Kolkata,Open-Meteo Historical Weather API
MH-Latur,2019-06-19,30.2,35.0,25.2,0.3,0.3,2.0,59,6.15,0.265,0.265,0.269,32.9,32.7,18.39721,76.56784,ERA5,Asia/Kolkata,Open-Meteo Historical Weather API
MH-Latur,2019-06-20,31.3,36.4,25.7,0.0,0.0,0.0,52,6.38,0.265,0.265,0.268,33.5,32.6,18.39721,76.56784,ERA5,Asia/Kolkata,Open-Meteo Historical Weather API
MH-Latur,2019-06-21,31.2,36.3,26.4,0.1,0.1,1.0,50,6.3,0.261,0.265,0.269,33.9,33.2,18.39721,76.56784,ERA5,Asia/Kolkata,Open-Meteo Historical Weather API
MH-Latur,2019-06-22,28.4,32.6,26.0,0.5,0.5,2.0,59,3.09,0.268,0.265,0.268,30.7,32.3,18.39721,76.56784,ERA5,Asia/Kolkata,Open-Meteo Historical Weather API
MH-Latur,2019-06-23,27.9,31.9,24.8,4.3,4.3,13.0,65,3.47,0.285,0.264,0.267,30.2,30.9,18.39721,76.56784,ERA5,Asia/Kolkata,Open-Meteo Historical Weather API
MH-Latur,2019-06-24,27.1,33.4,23.4,12.0,12.0,13.0,76,3.71,0.358,0.263,0.265,30.1,30.4,18.39721,76.56784,ERA5,Asia/Kolkata,Open-Meteo Historical Weather API
MH-Latur,2019-06-25,28.2,33.0,23.6,8.2,8.2,9.0,73,3.93,0.436,0.268,0.262,30.3,30.4,18.39721,76.56784,ERA5,Asia/Kolkata,Open-Meteo Historical Weather API
MH-Latur,2019-06-26,28.7,32.7,25.4,5.7,5.7,7.0,70,4.14,0.458,0.299,0.262,30.3,30.1,18.39721,76.56784,ERA5,Asia/Kolkata,Open-Meteo Historical Weather API
MH-Latur,2019-06-27,28.5,33.8,24.9,5.1,5.1,11.0,69,5.31,0.42,0.305,0.261,30.3,30.0,18.39721,76.56784,ERA5,Asia/Kolkata,Open-Meteo Historical Weather API
MH-Latur,2019-06-28,26.8,30.4,24.2,1.7,1.7,9.0,75,3.64,0.415,0.304,0.259,28.6,29.5,18.39721,76.56784,ERA5,Asia/Kolkata,Open-Meteo Historical Weather API
MH-Latur,2019-06-29,25.0,29.6,23.3,41.5,41.5,22.0,82,2.66,0.485,0.38,0.259,26.8,28.2,18.39721,76.56784,ERA5,Asia/Kolkata,Open-Meteo Historical Weather API
MH-Latur,2019-06-30,24.4,26.4,22.8,5.0,5.0,18.0,83,1.97,0.49,0.45,0.262,25.5,26.9,18.39721,76.56784,ERA5,Asia/Kolkata,Open-Meteo Historical Weather API
MH-Latur,2019-07-01,25.1,28.7,23.0,25.9,25.9,14.0,84,2.29,0.49,0.468,0.264,25.7,26.3,18.39721,76.56784,ERA5,Asia/Kolkata,Open-Meteo Historical Weather API
MH-Latur,2019-07-02,25.0,29.5,22.6,5.6,5.6,17.0,84,2.49,0.502,0.491,0.277,25.7,26.3,18.39721,76.56784,ERA5,Asia/Kolkata,Open-Meteo Historical Weather API
MH-Latur,2019-07-03,25.3,28.1,22.9,13.9,13.9,20.0,82,2.12,0.507,0.495,0.288,25.5,26.1,18.39721,76.56784,ERA5,Asia/Kolkata,Open-Meteo Historical Weather API
MH-Latur,2019-07-04,26.9,31.6,23.5,1.5,1.5,5.0,74,4.71,0.483,0.478,0.296,27.1,26.5,18.39721,76.56784,ERA5,Asia/Kolkata,Open-Meteo Historical Weather API
MH-Latur,2019-07-05,26.3,29.3,24.0,3.1,3.1,8.0,77,4.03,0.476,0.463,0.3,27.1,27.1,18.39721,76.56784,ERA5,Asia/Kolkata,Open-Meteo Historical Weather API
MH-Latur,2019-07-06,25.5,28.0,23.8,8.7,8.7,13.0,81,2.82,0.484,0.46,0.302,26.3,26.7,18.39721,76.56784,ERA5,Asia/Kolkata,Open-Meteo Historical Weather API
MH-Latur,2019-07-07,26.1,28.7,23.7,1.2,1.2,7.0,78,3.32,0.484,0.469,0.304,26.4,26.3,18.39721,76.56784,ERA5,Asia/Kolkata,Open-Meteo Historical Weather API
MH-Latur,2019-07-08,26.7,31.8,24.2,1.5,1.5,6.0,76,4.54,0.464,0.458,0.306,27.2,26.7,18.39721,76.56784,ERA5,Asia/Kolkata,Open-Meteo Historical Weather API
MH-Latur,2019-07-09,27.1,31.7,24.1,3.9,3.9,9.0,77,3.99,0.461,0.448,0.305,27.2,26.9,18.39721,76.56784,ERA5,Asia/Kolkata,Open-Meteo Historical Weather API
MH-Latur,2019-07-10,26.2,30.6,23.7,32.6,32.6,13.0,79,3.77,0.474,0.455,0.305,26.8,26.8,18.39721,76.56784,ERA5,Asia/Kolkata,Open-Meteo Historical Weather API
MH-Latur,2019-07-11,25.4,29.4,23.1,6.4,6.4,13.0,82,3.43,0.495,0.489,0.316,26.4,26.5,18.39721,76.56784,ERA5,Asia/Kolkata,Open-Meteo Historical Weather API
MH-Latur,2019-07-12,26.5,31.8,23.2,1.8,1.8,6.0,77,3.87,0.481,0.474,0.32,26.7,26.4,18.39721,76.56784,ERA5,Asia/Kolkata,Open-Meteo Historical Weather API
MH-Latur,2019-07-13,27.4,31.9,23.4,1.1,1.1,5.0,75,4.73,0.464,0.461,0.32,27.4,26.8,18.39721,76.56784,ERA5,Asia/Kolkata,Open-Meteo Historical Weather API
MH-Latur,2019-07-14,27.7,32.4,23.8,0.4,0.4,3.0,70,5.04,0.446,0.446,0.319,27.8,27.2,18.39721,76.56784,ERA5,Asia/Kolkata,Open-Meteo Historical Weather API
MH-Latur,2019-07-15,27.8,32.0,23.2,0.7,0.7,5.0,69,5.14,0.43,0.433,0.316,28.0,27.3,18.39721,76.56784,ERA5,Asia/Kolkata,Open-Meteo Historical Weather API
MH-Latur,2019-07-16,27.9,32.6,23.0,0.7,0.7,6.0,68,5.18,0.406,0.417,0.313,28.2,27.5,18.39721,76.56784,ERA5,Asia/Kolkata,Open-Meteo Historical Weather API
MH-Latur,2019-07-17,28.1,33.2,23.5,0.2,0.2,1.0,68,5.59,0.39,0.399,0.308,28.7,27.8,18.39721,76.56784,ERA5,Asia/Kolkata,Open-Meteo Historical Weather API
MH-Latur,2019-07-18,29.1,33.9,24.4,0.1,0.1,1.0,64,5.88,0.366,0.383,0.305,29.7,28.4,18.39721,76.56784,ERA5,Asia/Kolkata,Open-Meteo Historical Weather API
MH-Latur,2019-07-19,27.3,33.0,24.8,3.7,3.7,9.0,74,4.33,0.379,0.373,0.304,29.2,28.9,18.39721,76.56784,ERA5,Asia/Kolkata,Open-Meteo Historical Weather API
MH-Latur,2019-07-20,26.5,31.2,23.2,7.0,7.0,14.0,79,2.95,0.461,0.387,0.305,27.8,28.1,18.39721,76.56784,ERA5,Asia/Kolkata,Open-Meteo Historical Weather API
MH-Latur,2019-07-21,27.0,31.3,23.8,2.8,2.8,10.0,78,4.31,0.443,0.394,0.305,28.1,27.7,18.39721,76.56784,ERA5,Asia/Kolkata,Open-Meteo Historical Weather API
MH-Latur,2019-07-22,27.2,31.6,23.9,9.8,9.8,11.0,79,4.09,0.445,0.392,0.304,28.3,27.9,18.39721,76.56784,ERA5,Asia/Kolkata,Open-Meteo Historical Weather API
MH-Latur,2019-07-23,27.6,32.5,23.8,1.0,1.0,5.0,74,4.82,0.443,0.392,0.301,28.6,28.0,18.39721,76.56784,ERA5,Asia/Kolkata,Open-Meteo Historical Weather API
MH-Latur,2019-07-24,27.3,31.7,23.9,5.8,5.8,5.0,74,4.53,0.437,0.386,0.299,28.2,28.0,18.39721,76.56784,ERA5,Asia/Kolkata,Open-Meteo Historical Weather API
MH-Latur,2019-07-25,26.6,30.8,24.0,18.1,18.1,13.0,77,3.92,0.468,0.4,0.299,27.5,27.5,18.39721,76.56784,ERA5,Asia/Kolkata,Open-Meteo Historical Weather API
MH-Latur,2019-07-26,25.0,28.0,23.0,3.5,3.5,13.0,82,2.61,0.473,0.433,0.298,26.1,26.7,18.39721,76.56784,ERA5,Asia/Kolkata,Open-Meteo Historical Weather API
MH-Latur,2019-07-27,23.9,26.4,22.2,20.6,20.6,24.0,87,2.2,0.5,0.464,0.3,24.8,25.7,18.39721,76.56784,ERA5,Asia/Kolkata,Open-Meteo Historical Weather API
MH-Latur,2019-07-28,23.9,25.5,22.7,14.5,14.5,22.0,87,1.99,0.509,0.494,0.308,24.5,25.1,18.39721,76.56784,ERA5,Asia/Kolkata,Open-Meteo Historical Weather API
MH-Latur,2019-07-29,23.4,24.7,22.3,20.6,20.6,22.0,89,1.57,0.508,0.499,0.32,23.9,24.8,18.39721,76.56784,ERA5,Asia/Kolkata,Open-Meteo Historical Weather API
MH-Latur,2019-07-30,22.7,24.1,21.8,34.0,34.0,24.0,93,1.07,0.51,0.512,0.359,23.2,24.2,18.39721,76.56784,ERA5,Asia/Kolkata,Open-Meteo Historical Weather API
MH-Latur,2019-07-31,23.8,26.6,21.8,12.7,12.7,18.0,86,2.76,0.504,0.505,0.388,24.0,24.3,18.39721,76.56784,ERA5,Asia/Kolkata,Open-Meteo Historical Weather API
MH-Latur,2019-08-01,24.3,27.6,22.5,7.8,7.8,13.0,86,2.25,0.498,0.494,0.4,24.5,24.8,18.39721,76.56784,ERA5,Asia/Kolkata,Open-Meteo Historical Weather API
MH-Latur,2019-08-02,23.6,25.4,22.4,17.1,17.1,19.0,90,1.73,0.508,0.504,0.411,23.8,24.5,18.39721,76.56784,ERA5,Asia/Kolkata,Open-Meteo Historical Weather API
MH-Latur,2019-08-03,23.0,24.7,22.0,42.4,42.4,24.0,92,1.24,0.511,0.513,0.45,23.2,24.0,18.39721,76.56784,ERA5,Asia/Kolkata,Open-Meteo Historical Weather API
MH-Latur,2019-08-04,23.1,24.4,22.2,48.0,48.0,24.0,92,1.38,0.51,0.515,0.485,23.1,23.7,18.39721,76.56784,ERA5,Asia/Kolkata,Open-Meteo Historical Weather API
MH-Latur,2019-08-05,24.3,26.0,22.2,5.7,5.7,10.0,87,2.41,0.501,0.509,0.496,24.2,24.1,18.39721,76.56784,ERA5,Asia/Kolkata,Open-Meteo Historical Weather API
MH-Latur,2019-08-06,24.3,26.3,23.1,8.6,8.6,15.0,87,2.28,0.502,0.506,0.495,24.4,24.5,18.39721,76.56784,ERA5,Asia/Kolkata,Open-Meteo Historical Weather API
MH-Latur,2019-08-07,24.5,27.1,23.3,6.3,6.3,15.0,86,2.34,0.503,0.506,0.495,24.4,24.6,18.39721,76.56784,ERA5,Asia/Kolkata,Open-Meteo Historical Weather API
MH-Latur,2019-08-08,24.7,26.3,23.5,6.8,6.8,15.0,84,2.4,0.5,0.504,0.494,24.5,24.6,18.39721,76.56784,ERA5,Asia/Kolkata,Open-Meteo Historical Weather API
MH-Latur,2019-08-09,25.1,27.1,23.1,1.8,1.8,8.0,83,2.65,0.495,0.501,0.495,24.8,24.6,18.39721,76.56784,ERA5,Asia/Kolkata,Open-Meteo Historical Weather API
MH-Latur,2019-08-10,26.0,29.3,23.4,0.1,0.1,1.0,78,3.72,0.479,0.491,0.492,25.8,25.1,18.39721,76.56784,ERA5,Asia/Kolkata,Open-Meteo Historical Weather API
MH-Latur,2019-08-11,26.1,29.9,22.7,0.2,0.2,2.0,76,4.03,0.465,0.478,0.489,25.9,25.4,18.39721,76.56784,ERA5,Asia/Kolkata,Open-Meteo Historical Weather API
MH-Latur,2019-08-12,25.9,30.2,22.6,1.1,1.1,5.0,78,3.91,0.462,0.468,0.485,26.1,25.6,18.39721,76.56784,ERA5,Asia/Kolkata,Open-Meteo Historical Weather API
MH-Latur,2019-08-13,26.2,29.0,23.3,0.9,0.9,6.0,77,3.37,0.459,0.462,0.482,26.1,25.7,18.39721,76.56784,ERA5,Asia/Kolkata,Open-Meteo Historical Weather API
MH-Latur,2019-08-14,26.0,30.1,23.8,10.0,10.0,13.0,80,3.34,0.47,0.46,0.479,26.2,25.7,18.39721,76.56784,ERA5,Asia/Kolkata,Open-Meteo Historical Weather API
MH-Latur,2019-08-15,26.0,30.3,22.9,0.9,0.9,4.0,80,4.22,0.475,0.469,0.477,26.3,25.7,18.39721,76.56784,ERA5,Asia/Kolkata,Open-Meteo Historical Weather API
MH-Latur,2019-08-16,26.3,30.0,22.6,0.8,0.8,3.0,76,4.32,0.457,0.462,0.474,26.4,25.9,18.39721,76.56784,ERA5,Asia/Kolkata,Open-Meteo Historical Weather API
MH-Latur,2019-08-17,26.5,30.0,22.5,0.8,0.8,4.0,75,4.0,0.446,0.454,0.471,26.5,25.9,18.39721,76.56784,ERA5,Asia/Kolkata,Open-Meteo Historical Weather API
MH-Latur,2019-08-18,26.5,29.8,23.8,0.3,0.3,3.0,75,4.23,0.434,0.446,0.469,26.9,26.1,18.39721,76.56784,ERA5,Asia/Kolkata,Open-Meteo Historical Weather API
MH-Latur,2019-08-19,27.0,31.3,23.5,0.0,0.0,0.0,74,4.69,0.424,0.437,0.466,27.2,26.4,18.39721,76.56784,ERA5,Asia/Kolkata,Open-Meteo Historical Weather API
MH-Latur,2019-08-20,26.8,30.0,24.2,1.2,1.2,1.0,74,3.8,0.411,0.426,0.463,26.9,26.4,18.39721,76.56784,ERA5,Asia/Kolkata,Open-Meteo Historical Weather API
MH-Latur,2019-08-21,26.5,30.1,23.5,2.5,2.5,7.0,75,4.26,0.416,0.418,0.46,26.9,26.3,18.39721,76.56784,ERA5,Asia/Kolkata,Open-Meteo Historical Weather API
MH-Latur,2019-08-22,26.2,30.0,23.4,1.9,1.9,3.0,76,4.01,0.415,0.411,0.457,26.6,26.3,18.39721,76.56784,ERA5,Asia/Kolkata,Open-Meteo Historical Weather API
MH-Latur,2019-08-23,26.2,30.6,22.9,0.0,0.0,0.0,72,4.11,0.412,0.404,0.454,26.3,26.1,18.39721,76.56784,ERA5,Asia/Kolkata,Open-Meteo Historical Weather API
MH-Latur,2019-08-24,25.9,30.3,22.6,0.9,0.9,7.0,76,4.0,0.399,0.399,0.451,26.3,25.9,18.39721,76.56784,ERA5,Asia/Kolkata,Open-Meteo Historical Weather API
MH-Latur,2019-08-25,26.0,30.0,22.3,0.5,0.5,4.0,75,4.02,0.398,0.392,0.448,26.3,26.0,18.39721,76.56784,ERA5,Asia/Kolkata,Open-Meteo Historical Weather API
MH-Latur,2019-08-26,25.9,29.4,23.1,0.2,0.2,2.0,70,3.97,0.391,0.385,0.445,26.0,25.8,18.39721,76.56784,ERA5,Asia/Kolkata,Open-Meteo Historical Weather API
MH-Latur,2019-08-27,26.1,30.1,22.0,0.1,0.1,1.0,69,4.62,0.375,0.378,0.441,26.3,25.9,18.39721,76.56784,ERA5,Asia/Kolkata,Open-Meteo Historical Weather API
MH-Latur,2019-08-28,26.4,30.7,22.1,0.0,0.0,0.0,70,4.45,0.361,0.37,0.437,26.6,26.0,18.39721,76.56784,ERA5,Asia/Kolkata,Open-Meteo Historical Weather API
MH-Latur,2019-08-29,27.1,31.6,23.6,1.5,1.5,8.0,74,3.98,0.349,0.362,0.432,27.4,26.4,18.39721,76.56784,ERA5,Asia/Kolkata,Open-Meteo Historical Weather API
MH-Latur,2019-08-30,26.3,30.7,23.3,12.3,12.3,13.0,79,3.56,0.39,0.357,0.427,27.1,26.7,18.39721,76.56784,ERA5,Asia/Kolkata,Open-Meteo Historical Weather API
MH-Latur,2019-08-31,24.5,27.1,23.0,13.2,13.2,22.0,87,1.64,0.484,0.384,0.425,25.2,25.8,18.39721,76.56784,ERA5,Asia/Kolkata,Open-Meteo Historical Weather API
MH-Latur,2019-09-01,24.1,26.8,22.2,13.5,13.5,21.0,88,1.91,0.498,0.439,0.424,24.6,25.0,18.39721,76.56784,ERA5,Asia/Kolkata,Open-Meteo Historical Weather API
MH-Latur,2019-09-02,24.6,28.1,22.0,6.2,6.2,16.0,83,2.27,0.487,0.464,0.424,24.7,24.7,18.39721,76.56784,ERA5,Asia/Kolkata,Open-Meteo Historical Weather API
MH-Latur,2019-09-03,24.5,28.5,22.5,12.9,12.9,24.0,86,1.88,0.498,0.481,0.426,24.6,24.6,18.39721,76.56784,ERA5,Asia/Kolkata,Open-Meteo Historical Weather API
MH-Latur,2019-09-04,24.5,28.0,22.6,19.8,19.8,22.0,87,1.81,0.51,0.501,0.437,24.3,24.4,18.39721,76.56784,ERA5,Asia/Kolkata,Open-Meteo Historical Weather API
MH-Latur,2019-09-05,25.4,29.8,22.4,5.0,5.0,7.0,81,3.08,0.496,0.5,0.45,25.0,24.5,18.39721,76.56784,ERA5,Asia/Kolkata,Open-Meteo Historical Weather API
MH-Latur,2019-09-06,24.7,28.0,22.6,5.4,5.4,12.0,84,2.84,0.49,0.49,0.453,24.9,24.9,18.39721,76.56784,ERA5,Asia/Kolkata,Open-Meteo Historical Weather API
MH-Latur,2019-09-07,24.6,28.2,22.5,11.6,11.6,18.0,87,2.07,0.5,0.496,0.456,24.6,24.7,18.39721,76.56784,ERA5,Asia/Kolkata,Open-Meteo Historical Weather API
MH-Latur,2019-09-08,25.2,28.3,23.0,2.8,2.8,5.0,83,2.69,0.493,0.493,0.46,25.0,24.7,18.39721,76.56784,ERA5,Asia/Kolkata,Open-Meteo Historical Weather API
MH-Latur,2019-09-09,25.3,28.0,23.1,1.5,1.5,3.0,82,3.68,0.485,0.486,0.46,25.7,25.1,18.39721,76.56784,ERA5,Asia/Kolkata,Open-Meteo Historical Weather API
MH-Latur,2019-09-10,25.4,30.3,22.8,8.1,8.1,5.0,81,3.49,0.486,0.485,0.46,25.6,25.3,18.39721,76.56784,ERA5,Asia/Kolkata,Open-Meteo Historical Weather API
MH-Latur,2019-09-11,25.3,28.5,22.3,1.6,1.6,5.0,79,3.64,0.484,0.486,0.46,25.5,25.3,18.39721,76.56784,ERA5,Asia/Kolkata,Open-Meteo Historical Weather API
MH-Latur,2019-09-12,24.1,27.1,22.4,8.7,8.7,18.0,84,1.9,0.493,0.487,0.46,24.3,24.9,18.39721,76.56784,ERA5,Asia/Kolkata,Open-Meteo Historical Weather API
MH-Latur,2019-09-13,25.1,28.9,22.5,1.4,1.4,5.0,80,3.42,0.489,0.491,0.462,25.0,24.6,18.39721,76.56784,ERA5,Asia/Kolkata,Open-Meteo Historical Weather API
MH-Latur,2019-09-14,24.7,28.6,22.5,2.6,2.6,8.0,83,2.76,0.486,0.484,0.462,25.0,24.8,18.39721,76.56784,ERA5,Asia/Kolkata,Open-Meteo Historical Weather API
MH-Latur,2019-09-15,25.2,29.7,21.6,1.6,1.6,6.0,81,3.59,0.482,0.481,0.462,25.4,24.9,18.39721,76.56784,ERA5,Asia/Kolkata,Open-Meteo Historical Weather API
MH-Latur,2019-09-16,25.3,28.9,22.8,9.5,9.5,7.0,82,3.49,0.482,0.475,0.461,25.9,25.2,18.39721,76.56784,ERA5,Asia/Kolkata,Open-Meteo Historical Weather API
MH-Latur,2019-09-17,25.5,29.7,22.8,12.9,12.9,10.0,82,3.46,0.492,0.485,0.46,26.0,25.4,18.39721,76.56784,ERA5,Asia/Kolkata,Open-Meteo Historical Weather API
MH-Latur,2019-09-18,23.9,26.0,22.6,31.3,31.3,20.0,91,1.18,0.504,0.507,0.467,24.7,25.0,18.39721,76.56784,ERA5,Asia/Kolkata,Open-Meteo Historical Weather API
MH-Latur,2019-09-19,24.6,28.2,22.4,10.9,10.9,15.0,90,2.42,0.501,0.506,0.483,25.5,24.8,18.39721,76.56784,ERA5,Asia/Kolkata,Open-Meteo Historical Weather API
MH-Latur,2019-09-20,25.0,29.2,22.4,2.0,2.0,9.0,84,2.26,0.5,0.506,0.487,25.3,24.9,18.39721,76.56784,ERA5,Asia/Kolkata,Open-Meteo Historical Weather API
MH-Latur,2019-09-21,25.4,29.6,22.3,0.0,0.0,0.0,76,4.42,0.477,0.491,0.487,25.8,25.1,18.39721,76.56784,ERA5,Asia/Kolkata,Open-Meteo Historical Weather API
MH-Latur,2019-09-22,26.1,30.6,22.1,1.6,1.6,4.0,79,4.1,0.468,0.478,0.484,26.3,25.4,18.39721,76.56784,ERA5,Asia/Kolkata,Open-Meteo Historical Weather API
MH-Latur,2019-09-23,25.9,29.5,22.8,14.1,14.1,10.0,82,3.64,0.479,0.475,0.481,26.8,25.9,18.39721,76.56784,ERA5,Asia/Kolkata,Open-Meteo Historical Weather API
MH-Latur,2019-09-24,24.9,29.6,22.5,26.6,26.6,18.0,88,2.75,0.506,0.505,0.482,26.1,25.9,18.39721,76.56784,ERA5,Asia/Kolkata,Open-Meteo Historical Weather API
MH-Latur,2019-09-25,24.4,27.2,22.6,13.0,13.0,23.0,90,2.15,0.508,0.513,0.495,25.6,25.5,18.39721,76.56784,ERA5,Asia/Kolkata,Open-Meteo Historical Weather API
MH-Latur,2019-09-26,24.8,28.8,22.3,13.4,13.4,13.0,87,3.02,0.505,0.512,0.503,25.7,25.3,18.39721,76.56784,ERA5,Asia/Kolkata,Open-Meteo Historical Weather API
MH-Latur,2019-09-27,25.2,28.9,22.2,0.1,0.1,1.0,80,3.48,0.491,0.504,0.505,25.5,25.1,18.39721,76.56784,ERA5,Asia/Kolkata,Open-Meteo Historical Weather API
MH-Latur,2019-09-28,25.2,29.7,22.6,0.0,0.0,0.0,78,4.0,0.473,0.487,0.5,25.8,25.3,18.39721,76.56784,ERA5,Asia/Kolkata,Open-Meteo Historical Weather API
MH-Latur,2019-09-29,26.0,30.6,22.4,0.4,0.4,1.0,77,4.31,0.459,0.473,0.496,26.3,25.5,18.39721,76.56784,ERA5,Asia/Kolkata,Open-Meteo Historical Weather API
MH-Latur,2019-09-30,25.5,29.6,22.6,0.8,0.8,4.0,81,4.17,0.453,0.462,0.491,26.5,25.8,18.39721,76.56784,ERA5,Asia/Kolkata,Open-Meteo Historical Weather API
MH-Latur,2019-10-01,26.3,31.1,22.9,0.7,0.7,1.0,75,4.59,0.448,0.454,0.487,26.8,26.0,18.39721,76.56784,ERA5,Asia/Kolkata,Open-Meteo Historical Weather API
MH-Latur,2019-10-02,26.2,30.9,22.4,0.0,0.0,0.0,74,4.43,0.431,0.445,0.483,26.7,26.0,18.39721,76.56784,ERA5,Asia/Kolkata,Open-Meteo Historical Weather API
MH-Latur,2019-10-03,25.7,30.0,22.7,2.8,2.8,5.0,79,3.82,0.428,0.435,0.48,26.7,26.1,18.39721,76.56784,ERA5,Asia/Kolkata,Open-Meteo Historical Weather API
MH-Latur,2019-10-04,24.2,29.6,22.0,16.5,16.5,11.0,85,2.81,0.47,0.445,0.477,25.7,25.8,18.39721,76.56784,ERA5,Asia/Kolkata,Open-Meteo Historical Weather API
MH-Latur,2019-10-05,25.3,29.7,21.5,4.5,4.5,8.0,80,3.85,0.479,0.465,0.474,26.3,25.6,18.39721,76.56784,ERA5,Asia/Kolkata,Open-Meteo Historical Weather API
MH-Latur,2019-10-06,23.9,27.5,21.7,4.6,4.6,9.0,86,3.38,0.487,0.472,0.472,26.0,25.8,18.39721,76.56784,ERA5,Asia/Kolkata,Open-Meteo Historical Weather API
MH-Latur,2019-10-07,24.8,29.0,20.7,2.2,2.2,6.0,82,3.75,0.48,0.476,0.472,26.0,25.7,18.39721,76.56784,ERA5,Asia/Kolkata,Open-Meteo Historical Weather API
MH-Latur,2019-10-08,25.6,29.8,22.5,0.5,0.5,5.0,79,3.81,0.47,0.47,0.47,26.5,25.9,18.39721,76.56784,ERA5,Asia/Kolkata,Open-Meteo Historical Weather API
MH-Latur,2019-10-09,25.4,30.1,22.4,3.6,3.6,7.0,79,3.83,0.468,0.465,0.469,26.3,25.9,18.39721,76.56784,ERA5,Asia/Kolkata,Open-Meteo Historical Weather API
MH-Latur,2019-10-10,25.0,29.7,21.7,7.8,7.8,9.0,82,3.66,0.472,0.462,0.467,26.3,25.9,18.39721,76.56784,ERA5,Asia/Kolkata,Open-Meteo Historical Weather API
MH-Latur,2019-10-11,24.2,28.6,21.6,13.6,13.6,11.0,86,2.52,0.493,0.48,0.466,25.6,25.7,18.39721,76.56784,ERA5,Asia/Kolkata,Open-Meteo Historical Weather API
MH-Latur,2019-10-12,24.9,30.1,21.1,3.9,3.9,7.0,84,3.05,0.492,0.496,0.471,25.7,25.3,18.39721,76.56784,ERA5,Asia/Kolkata,Open-Meteo Historical Weather API
MH-Latur,2019-10-13,25.4,30.0,22.3,6.3,6.3,11.0,82,3.58,0.496,0.494,0.473,26.3,25.5,18.39721,76.56784,ERA5,Asia/Kolkata,Open-Meteo Historical Weather API
MH-Latur,2019-10-14,26.0,30.3,22.1,1.0,1.0,4.0,76,3.89,0.484,0.491,0.474,26.4,25.8,18.39721,76.56784,ERA5,Asia/Kolkata,Open-Meteo Historical Weather API
MH-Latur,2019-10-15,25.4,30.4,20.9,0.0,0.0,0.0,72,4.49,0.464,0.478,0.473,25.9,25.7,18.39721,76.56784,ERA5,Asia/Kolkata,Open-Meteo Historical Weather API
MH-Latur,2019-10-16,24.9,29.2,20.3,0.0,0.0,0.0,72,4.47,0.445,0.465,0.47,25.5,25.3,18.39721,76.56784,ERA5,Asia/Kolkata,Open-Meteo Historical Weather API
MH-Latur,2019-10-17,24.5,29.6,20.3,3.6,3.6,9.0,79,3.4,0.446,0.455,0.468,25.2,25.1,18.39721,76.56784,ERA5,Asia/Kolkata,Open-Meteo Historical Weather API
MH-Latur,2019-10-18,24.0,27.5,21.4,10.4,10.4,13.0,85,2.06,0.483,0.458,0.466,24.9,24.9,18.39721,76.56784,ERA5,Asia/Kolkata,Open-Meteo Historical Weather API
MH-Latur,2019-10-19,23.6,28.2,21.4,9.1,9.1,23.0,88,2.35,0.501,0.492,0.466,24.7,24.7,18.39721,76.56784,ERA5,Asia/Kolkata,Open-Meteo Historical Weather API
MH-Latur,2019-10-20,23.0,26.7,20.7,16.5,16.5,18.0,89,2.18,0.502,0.503,0.471,24.4,24.5,18.39721,76.56784,ERA5,Asia/Kolkata,Open-Meteo Historical Weather API
MH-Latur,2019-10-21,23.4,27.1,21.5,7.4,7.4,16.0,90,1.96,0.502,0.505,0.482,24.4,24.4,18.39721,76.56784,ERA5,Asia/Kolkata,Open-Meteo Historical Weather API
MH-Latur,2019-10-22,24.3,28.7,21.3,3.1,3.1,10.0,84,2.31,0.499,0.502,0.484,24.7,24.4,18.39721,76.56784,ERA5,Asia/Kolkata,Open-Meteo Historical Weather API
MH-Latur,2019-10-23,24.1,27.9,21.3,8.6,8.6,9.0,85,2.84,0.496,0.496,0.483,25.2,24.6,18.39721,76.56784,ERA5,Asia/Kolkata,Open-Meteo Historical Weather API
MH-Latur,2019-10-24,23.2,25.6,21.8,29.3,29.3,19.0,89,1.51,0.504,0.51,0.492,24.4,24.7,18.39721,76.56784,ERA5,Asia/Kolkata,Open-Meteo Historical Weather API
MH-Latur,2019-10-25,23.7,28.3,20.7,9.2,9.2,13.0,85,2.81,0.5,0.506,0.499,24.6,24.4,18.39721,76.56784,ERA5,Asia/Kolkata,Open-Meteo Historical Weather API
MH-Latur,2019-10-26,24.1,27.3,22.0,11.7,11.7,13.0,85,2.5,0.503,0.51,0.502,24.9,24.5,18.39721,76.56784,ERA5,Asia/Kolkata,Open-Meteo Historical Weather API
MH-Latur,2019-10-27,24.4,28.4,21.6,8.0,8.0,9.0,83,2.97,0.501,0.509,0.504,25.2,24.6,18.39721,76.56784,ERA5,Asia/Kolkata,Open-Meteo Historical Weather API
MH-Latur,2019-10-28,24.9,29.3,22.1,9.6,9.6,13.0,83,3.02,0.501,0.509,0.507,25.9,24.9,18.39721,76.56784,ERA5,Asia/Kolkata,Open-Meteo Historical Weather API
MH-Latur,2019-10-29,24.6,29.8,21.6,3.4,3.4,6.0,83,3.37,0.498,0.505,0.508,25.7,25.0,18.39721,76.56784,ERA5,Asia/Kolkata,Open-Meteo Historical Weather API
MH-Latur,2019-10-30,24.3,28.4,20.7,3.6,3.6,6.0,81,3.32,0.491,0.493,0.504,25.3,24.8,18.39721,76.56784,ERA5,Asia/Kolkata,Open-Meteo Historical Weather API
MH-Latur,2019-10-31,24.7,28.4,22.1,1.1,1.1,3.0,79,3.01,0.487,0.491,0.501,25.2,24.7,18.39721,76.56784,ERA5,Asia/Kolkata,Open-Meteo Historical Weather API
MH-Latur,2019-11-01,24.3,28.8,22.2,8.8,8.8,7.0,84,2.49,0.487,0.486,0.498,24.9,24.5,18.39721,76.56784,ERA5,Asia/Kolkata,Open-Meteo Historical Weather API
MH-Latur,2019-11-02,24.4,28.4,21.4,8.3,8.3,7.0,84,2.37,0.493,0.494,0.497,25.0,24.3,18.39721,76.56784,ERA5,Asia/Kolkata,Open-Meteo Historical Weather API
MH-Latur,2019-11-03,24.6,29.9,20.5,5.1,5.1,7.0,82,3.13,0.497,0.501,0.497,25.4,24.4,18.39721,76.56784,ERA5,Asia/Kolkata,Open-Meteo Historical Weather API
MH-Latur,2019-11-04,25.4,30.3,21.9,0.5,0.5,3.0,79,3.61,0.49,0.498,0.495,26.1,25.0,18.39721,76.56784,ERA5,Asia/Kolkata,Open-Meteo Historical Weather API
MH-Latur,2019-11-05,25.5,30.1,21.4,1.2,1.2,4.0,75,3.69,0.48,0.487,0.493,26.0,25.2,18.39721,76.56784,ERA5,Asia/Kolkata,Open-Meteo Historical Weather API
MH-Latur,2019-11-06,25.2,30.1,20.8,0.0,0.0,0.0,73,3.73,0.465,0.477,0.491,25.5,24.9,18.39721,76.56784,ERA5,Asia/Kolkata,Open-Meteo Historical Weather API
MH-Latur,2019-11-07,25.6,30.9,21.1,0.0,0.0,0.0,75,3.65,0.453,0.467,0.488,25.9,25.1,18.39721,76.56784,ERA5,Asia/Kolkata,Open-Meteo Historical Weather API
MH-Latur,2019-11-08,25.1,30.0,20.7,1.2,1.2,5.0,77,3.49,0.451,0.459,0.485,25.9,25.2,18.39721,76.56784,ERA5,Asia/Kolkata,Open-Meteo Historical Weather API
MH-Latur,2019-11-09,25.2,29.8,21.9,0.0,0.0,0.0,73,3.86,0.436,0.451,0.482,25.5,25.0,18.39721,76.56784,ERA5,Asia/Kolkata,Open-Meteo Historical Weather API
MH-Latur,2019-11-10,24.4,29.6,19.6,0.0,0.0,0.0,75,3.88,0.422,0.441,0.479,24.8,24.7,18.39721,76.56784,ERA5,Asia/Kolkata,Open-Meteo Historical Weather API
MH-Latur,2019-11-11,23.7,29.3,18.7,0.0,0.0,0.0,74,3.91,0.408,0.431,0.476,24.5,24.5,18.39721,76.56784,ERA5,Asia/Kolkata,Open-Meteo Historical Weather API
MH-Latur,2019-11-12,23.7,29.0,19.8,0.1,0.1,1.0,74,3.46,0.395,0.422,0.473,24.3,24.3,18.39721,76.56784,ERA5,Asia/Kolkata,Open-Meteo Historical Weather API
MH-Latur,2019-11-13,22.8,28.1,18.2,0.0,0.0,0.0,70,3.9,0.382,0.412,0.47,23.8,23.9,18.39721,76.56784,ERA5,Asia/Kolkata,Open-Meteo Historical Weather API
MH-Latur,2019-11-14,22.7,28.1,17.1,0.0,0.0,0.0,71,3.44,0.372,0.404,0.467,23.4,23.6,18.39721,76.56784,ERA5,Asia/Kolkata,Open-Meteo Historical Weather API
MH-Latur,2019-11-15,23.9,28.3,19.0,0.0,0.0,0.0,73,3.2,0.363,0.397,0.464,24.2,23.8,18.39721,76.56784,ERA5,Asia/Kolkata,Open-Meteo Historical Weather API
MH-Latur,2019-11-16,24.5,29.7,20.3,0.0,0.0,0.0,71,3.7,0.355,0.389,0.461,25.0,24.5,18.39721,76.56784,ERA5,Asia/Kolkata,Open-Meteo Historical Weather API
MH-Latur,2019-11-17,24.0,29.7,19.7,0.0,0.0,0.0,69,4.02,0.343,0.382,0.458,24.7,24.5,18.39721,76.56784,ERA5,Asia/Kolkata,Open-Meteo Historical Weather API
MH-Latur,2019-11-18,22.5,29.3,17.0,0.0,0.0,0.0,72,3.92,0.332,0.374,0.455,23.5,24.0,18.39721,76.56784,ERA5,Asia/Kolkata,Open-Meteo Historical Weather API
MH-Latur,2019-11-19,23.2,29.9,17.8,0.0,0.0,0.0,69,3.75,0.323,0.367,0.452,23.8,23.7,18.39721,76.56784,ERA5,Asia/Kolkata,Open-Meteo Historical Weather API
MH-Latur,2019-11-20,23.0,29.4,17.7,0.0,0.0,0.0,72,3.59,0.315,0.361,0.449,23.7,23.7,18.39721,76.56784,ERA5,Asia/Kolkata,Open-Meteo Historical Weather API
MH-Latur,2019-11-21,23.0,28.5,18.5,0.0,0.0,0.0,74,3.21,0.309,0.357,0.446,23.6,23.7,18.39721,76.56784,ERA5,Asia/Kolkata,Open-Meteo Historical Weather API
MH-Latur,2019-11-22,23.2,28.9,18.8,0.0,0.0,0.0,75,3.28,0.304,0.355,0.443,23.9,23.9,18.39721,76.56784,ERA5,Asia/Kolkata,Open-Meteo Historical Weather API
MH-Latur,2019-11-23,22.7,28.7,17.5,0.0,0.0,0.0,67,4.11,0.299,0.35,0.439,23.6,23.7,18.39721,76.56784,ERA5,Asia/Kolkata,Open-Meteo Historical Weather API
MH-Latur,2019-11-24,21.8,28.5,15.9,0.0,0.0,0.0,71,3.75,0.292,0.345,0.433,22.8,23.4,18.39721,76.56784,ERA5,Asia/Kolkata,Open-Meteo Historical Weather API
MH-Latur,2019-11-25,22.8,28.5,18.9,0.0,0.0,0.0,70,3.68,0.288,0.341,0.43,23.6,23.6,18.39721,76.56784,ERA5,Asia/Kolkata,Open-Meteo Historical Weather API
MH-Latur,2019-11-26,22.6,29.2,17.3,0.0,0.0,0.0,70,3.95,0.286,0.338,0.427,23.4,23.5,18.39721,76.56784,ERA5,Asia/Kolkata,Open-Meteo Historical Weather API
MH-Latur,2019-11-27,22.6,29.1,16.8,0.0,0.0,0.0,70,3.91,0.283,0.334,0.423,23.4,23.4,18.39721,76.56784,ERA5,Asia/Kolkata,Open-Meteo Historical Weather API
MH-Latur,2019-11-28,23.1,29.4,17.7,0.0,0.0,0.0,70,3.87,0.282,0.331,0.419,23.8,23.7,18.39721,76.56784,ERA5,Asia/Kolkata,Open-Meteo Historical Weather API
MH-Latur,2019-11-29,23.9,29.6,19.6,0.0,0.0,0.0,70,3.56,0.28,0.328,0.417,24.6,24.2,18.39721,76.56784,ERA5,Asia/Kolkata,Open-Meteo Historical Weather API
MH-Latur,2019-11-30,23.4,28.8,18.9,0.0,0.0,0.0,72,3.64,0.281,0.327,0.415,24.3,24.2,18.39721,76.56784,ERA5,Asia/Kolkata,Open-Meteo Historical Weather API
MH-Latur,2019-12-01,24.1,29.6,19.2,0.0,0.0,0.0,70,3.53,0.281,0.324,0.412,24.6,24.1,18.39721,76.56784,ERA5,Asia/Kolkata,Open-Meteo Historical Weather API
MH-Latur,2019-12-02,23.1,27.4,19.8,0.0,0.0,0.0,72,3.08,0.278,0.319,0.407,24.4,24.2,18.39721,76.56784,ERA5,Asia/Kolkata,Open-Meteo Historical Weather API
MH-Latur,2019-12-03,22.4,26.5,19.4,0.0,0.0,0.0,77,2.4,0.282,0.319,0.406,23.5,23.8,18.39721,76.56784,ERA5,Asia/Kolkata,Open-Meteo Historical Weather API
MH-Latur,2019-12-04,22.8,27.7,19.0,0.0,0.0,0.0,74,2.87,0.283,0.319,0.406,23.4,23.5,18.39721,76.56784,ERA5,Asia/Kolkata,Open-Meteo Historical Weather API
MH-Latur,2019-12-05,22.9,28.0,18.6,0.0,0.0,0.0,70,3.16,0.284,0.318,0.404,23.8,23.7,18.39721,76.56784,ERA5,Asia/Kolkata,Open-Meteo Historical Weather API
MH-Latur,2019-12-06,21.1,27.4,15.6,0.0,0.0,0.0,64,3.93,0.281,0.315,0.4,22.6,23.2,18.39721,76.56784,ERA5,Asia/Kolkata,Open-Meteo Historical Weather API
MH-Latur,2019-12-07,20.9,26.9,14.6,0.0,0.0,0.0,68,3.31,0.281,0.313,0.398,22.1,22.8,18.39721,76.56784,ERA5,Asia/Kolkata,Open-Meteo Historical Weather API
MH-Latur,2019-12-08,21.9,27.4,16.8,0.0,0.0,0.0,69,3.01,0.287,0.315,0.399,22.6,23.1,18.39721,76.56784,ERA5,Asia/Kolkata,Open-Meteo Historical Weather API
MH-Latur,2019-12-09,22.5,27.6,17.5,0.1,0.1,1.0,73,2.76,0.287,0.314,0.397,23.2,23.3,18.39721,76.56784,ERA5,Asia/Kolkata,Open-Meteo Historical Weather API
MH-Latur,2019-12-10,23.2,28.8,19.4,0.0,0.0,0.0,69,2.9,0.286,0.311,0.394,23.8,23.6,18.39721,76.56784,ERA5,Asia/Kolkata,Open-Meteo Historical Weather API
MH-Latur,2019-12-11,22.3,28.3,16.7,0.0,0.0,0.0,67,3.19,0.287,0.309,0.393,23.3,23.6,18.39721,76.56784,ERA5,Asia/Kolkata,Open-Meteo Historical Weather API
MH-Latur,2019-12-12,22.2,28.1,16.7,0.0,0.0,0.0,66,3.5,0.284,0.307,0.39,23.0,23.4,18.39721,76.56784,ERA5,Asia/Kolkata,Open-Meteo Historical Weather API
MH-Latur,2019-12-13,22.8,28.3,19.0,0.1,0.1,1.0,68,3.19,0.285,0.304,0.387,23.4,23.4,18.39721,76.56784,ERA5,Asia/Kolkata,Open-Meteo Historical Weather API
MH-Latur,2019-12-14,23.3,28.3,18.9,0.1,0.1,1.0,70,3.02,0.285,0.302,0.384,24.0,23.7,18.39721,76.56784,ERA5,Asia/Kolkata,Open-Meteo Historical Weather API
MH-Latur,2019-12-15,23.1,28.4,19.4,0.0,0.0,0.0,68,3.15,0.283,0.3,0.382,24.0,23.9,18.39721,76.56784,ERA5,Asia/Kolkata,Open-Meteo Historical Weather API
MH-Latur,2019-12-16,22.5,28.4,18.1,0.0,0.0,0.0,68,3.31,0.282,0.298,0.379,23.6,23.6,18.39721,76.56784,ERA5,Asia/Kolkata,Open-Meteo Historical Weather API
MH-Latur,2019-12-17,22.1,27.1,18.9,0.0,0.0,0.0,70,3.41,0.282,0.302,0.379,23.3,23.6,18.39721,76.56784,ERA5,Asia/Kolkata,Open-Meteo Historical Weather API
MH-Latur,2019-12-18,21.2,26.5,17.4,0.0,0.0,0.0,73,3.24,0.282,0.304,0.38,22.7,23.4,18.39721,76.56784,ERA5,Asia/Kolkata,Open-Meteo Historical Weather API
MH-Latur,2019-12-19,21.3,28.0,16.8,0.0,0.0,0.0,71,3.19,0.282,0.306,0.38,22.5,23.0,18.39721,76.56784,ERA5,Asia/Kolkata,Open-Meteo Historical Weather API
MH-Latur,2019-12-20,21.6,27.9,17.1,0.0,0.0,0.0,67,3.4,0.283,0.309,0.381,22.7,23.1,18.39721,76.56784,ERA5,Asia/Kolkata,Open-Meteo Historical Weather API
MH-Latur,2019-12-21,22.4,28.4,18.7,0.0,0.0,0.0,64,3.62,0.283,0.31,0.382,23.3,23.5,18.39721,76.56784,ERA5,Asia/Kolkata,Open-Meteo Historical Weather API
MH-Latur,2019-12-22,22.2,27.3,18.8,0.0,0.0,0.0,67,3.48,0.284,0.312,0.383,23.2,23.5,18.39721,76.56784,ERA5,Asia/Kolkata,Open-Meteo Historical Weather API
MH-Latur,2019-12-23,23.0,28.3,19.2,0.0,0.0,0.0,65,3.32,0.282,0.311,0.382,23.6,23.6,18.39721,76.56784,ERA5,Asia/Kolkata,Open-Meteo Historical Weather API
MH-Latur,2019-12-24,23.1,28.5,18.4,0.0,0.0,0.0,66,3.11,0.281,0.31,0.381,23.8,23.8,18.39721,76.56784,ERA5,Asia/Kolkata,Open-Meteo Historical Weather API
MH-Latur,2019-12-25,23.6,28.8,19.7,0.0,0.0,0.0,67,2.94,0.28,0.309,0.379,24.4,24.0,18.39721,76.56784,ERA5,Asia/Kolkata,Open-Meteo Historical Weather API
MH-Latur,2019-12-26,22.3,25.6,20.4,4.9,4.9,12.0,82,1.6,0.329,0.306,0.376,23.3,23.7,18.39721,76.56784,ERA5,Asia/Kolkata,Open-Meteo Historical Weather API
MH-Latur,2019-12-27,21.8,25.1,18.4,1.0,1.0,5.0,81,2.65,0.347,0.304,0.374,23.1,23.2,18.39721,76.56784,ERA5,Asia/Kolkata,Open-Meteo Historical Weather API
MH-Latur,2019-12-28,19.1,23.3,16.1,0.8,0.8,4.0,68,2.57,0.345,0.305,0.374,21.0,22.2,18.39721,76.56784,ERA5,Asia/Kolkata,Open-Meteo Historical Weather API
MH-Latur,2019-12-29,20.0,25.8,15.7,0.0,0.0,0.0,63,3.13,0.336,0.304,0.373,21.1,21.6,18.39721,76.56784,ERA5,Asia/Kolkata,Open-Meteo Historical Weather API
MH-Latur,2019-12-30,20.4,24.8,16.9,0.2,0.2,1.0,72,2.23,0.33,0.3,0.369,21.1,21.7,18.39721,76.56784,ERA5,Asia/Kolkata,Open-Meteo Historical Weather API
MH-Latur,2019-12-31,21.6,26.4,18.2,0.8,0.8,5.0,76,2.96,0.333,0.298,0.367,21.9,21.9,18.39721,76.56784,ERA5,Asia/Kolkata,Open-Meteo Historical Weather API
MH-Latur,2020-01-01,21.6,26.5,17.6,0.4,0.4,4.0,77,2.8,0.335,0.296,0.365,21.9,22.1,18.39721,76.56784,ERA5,Asia/Kolkata,Open-Meteo Historical Weather API
MH-Latur,2020-01-02,21.7,25.6,19.0,6.1,6.1,11.0,82,2.26,0.36,0.295,0.363,22.3,22.2,18.39721,76.56784,ERA5,Asia/Kolkata,Open-Meteo Historical Weather API
MH-Latur,2020-01-03,20.8,26.3,17.6,0.0,0.0,0.0,79,3.1,0.381,0.299,0.363,22.2,22.2,18.39721,76.56784,ERA5,Asia/Kolkata,Open-Meteo Historical Weather API
MH-Latur,2020-01-04,19.4,24.6,16.6,0.0,0.0,0.0,83,2.04,0.37,0.303,0.366,21.0,21.9,18.39721,76.56784,ERA5,Asia/Kolkata,Open-Meteo Historical Weather API
MH-Latur,2020-01-05,19.3,24.1,15.4,0.0,0.0,0.0,78,2.59,0.361,0.305,0.367,20.4,21.3,18.39721,76.56784,ERA5,Asia/Kolkata,Open-Meteo Historical Weather API
MH-Latur,2020-01-06,20.9,27.7,14.9,0.0,0.0,0.0,71,3.27,0.35,0.305,0.366,21.3,21.3,18.39721,76.56784,ERA5,Asia/Kolkata,Open-Meteo Historical Weather API
MH-Latur,2020-01-07,22.5,28.6,17.2,0.1,0.1,1.0,75,2.9,0.342,0.305,0.365,22.5,22.2,18.39721,76.56784,ERA5,Asia/Kolkata,Open-Meteo Historical Weather API
MH-Latur,2020-01-08,23.4,26.9,20.6,1.3,1.3,6.0,75,2.97,0.34,0.305,0.365,23.6,22.9,18.39721,76.56784,ERA5,Asia/Kolkata,Open-Meteo Historical Weather API
MH-Latur,2020-01-09,21.1,25.0,18.2,0.0,0.0,0.0,72,2.54,0.341,0.305,0.365,22.3,22.7,18.39721,76.56784,ERA5,Asia/Kolkata,Open-Meteo Historical Weather API
MH-Latur,2020-01-10,20.4,26.1,16.1,0.0,0.0,0.0,74,3.12,0.334,0.306,0.365,21.6,21.9,18.39721,76.56784,ERA5,Asia/Kolkata,Open-Meteo Historical Weather API
MH-Latur,2020-01-11,20.3,26.5,15.5,0.0,0.0,0.0,69,3.5,0.328,0.307,0.366,21.6,21.8,18.39721,76.56784,ERA5,Asia/Kolkata,Open-Meteo Historical Weather API
MH-Latur,2020-01-12,20.6,27.5,15.6,0.0,0.0,0.0,67,3.91,0.32,0.307,0.365,21.8,21.8,18.39721,76.56784,ERA5,Asia/Kolkata,Open-Meteo Historical Weather API
MH-Latur,2020-01-13,20.9,29.3,13.4,0.0,0.0,0.0,63,3.96,0.313,0.304,0.363,21.7,21.7,18.39721,76.56784,ERA5,Asia/Kolkata,Open-Meteo Historical Weather API
MH-Latur,2020-01-14,21.8,29.0,16.5,0.0,0.0,0.0,62,4.02,0.305,0.303,0.362,22.3,22.1,18.39721,76.56784,ERA5,Asia/Kolkata,Open-Meteo Historical Weather API
MH-Latur,2020-01-15,22.3,28.8,17.6,0.0,0.0,0.0,58,4.43,0.3,0.304,0.363,22.6,22.5,18.39721,76.56784,ERA5,Asia/Kolkata,Open-Meteo Historical Weather API
MH-Latur,2020-01-16,21.8,27.4,17.9,0.0,0.0,0.0,58,4.07,0.298,0.306,0.364,22.6,22.6,18.39721,76.56784,ERA5,Asia/Kolkata,Open-Meteo Historical Weather API
MH-Latur,2020-01-17,20.5,26.7,15.5,0.0,0.0,0.0,61,3.7,0.298,0.31,0.367,21.7,22.2,18.39721,76.56784,ERA5,Asia/Kolkata,Open-Meteo Historical Weather API
MH-Latur,2020-01-18,21.3,28.0,16.0,0.0,0.0,0.0,65,3.34,0.298,0.312,0.368,22.0,22.2,18.39721,76.56784,ERA5,Asia/Kolkata,Open-Meteo Historical Weather API
MH-Latur,2020-01-19,22.5,28.3,18.0,0.4,0.4,1.0,69,3.14,0.298,0.311,0.368,22.9,22.7,18.39721,76.56784,ERA5,Asia/Kolkata,Open-Meteo Historical Weather API
MH-Latur,2020-01-20,22.3,28.1,17.6,0.2,0.2,1.0,75,2.89,0.3,0.311,0.368,22.8,22.8,18.39721,76.56784,ERA5,Asia/Kolkata,Open-Meteo Historical Weather API
MH-Latur,2020-01-21,23.2,29.4,17.9,0.0,0.0,0.0,70,3.38,0.3,0.311,0.368,23.4,23.1,18.39721,76.56784,ERA5,Asia/Kolkata,Open-Meteo Historical Weather API
MH-Latur,2020-01-22,23.6,30.0,19.5,0.0,0.0,0.0,62,4.32,0.295,0.309,0.366,24.0,23.5,18.39721,76.56784,ERA5,Asia/Kolkata,Open-Meteo Historical Weather API
MH-Latur,2020-01-23,23.8,30.5,19.2,0.0,0.0,0.0,58,4.53,0.293,0.309,0.367,24.4,23.9,18.39721,76.56784,ERA5,Asia/Kolkata,Open-Meteo Historical Weather API
MH-Latur,2020-01-24,23.3,29.5,18.6,0.0,0.0,0.0,63,4.16,0.29,0.309,0.367,24.4,24.0,18.39721,76.56784,ERA5,Asia/Kolkata,Open-Meteo Historical Weather API
MH-Latur,2020-01-25,23.4,30.1,17.7,0.0,0.0,0.0,63,3.93,0.29,0.308,0.367,24.2,23.9,18.39721,76.56784,ERA5,Asia/Kolkata,Open-Meteo Historical Weather API
MH-Latur,2020-01-26,23.6,31.0,17.5,0.0,0.0,0.0,60,4.35,0.287,0.306,0.365,24.2,24.0,18.39721,76.56784,ERA5,Asia/Kolkata,Open-Meteo Historical Weather API
MH-Latur,2020-01-27,24.3,31.2,18.1,0.0,0.0,0.0,58,4.74,0.286,0.304,0.364,24.7,24.3,18.39721,76.56784,ERA5,Asia/Kolkata,Open-Meteo Historical Weather API
MH-Latur,2020-01-28,23.7,29.0,20.2,0.0,0.0,0.0,54,4.47,0.29,0.309,0.367,24.8,24.6,18.39721,76.56784,ERA5,Asia/Kolkata,Open-Meteo Historical Weather API
MH-Latur,2020-01-29,22.3,28.4,17.5,0.0,0.0,0.0,60,4.27,0.289,0.311,0.369,24.0,24.0,18.39721,76.56784,ERA5,Asia/Kolkata,Open-Meteo Historical Weather API
MH-Latur,2020-01-30,21.4,27.7,15.7,0.0,0.0,0.0,62,4.21,0.287,0.311,0.37,23.1,23.5,18.39721,76.56784,ERA5,Asia/Kolkata,Open-Meteo Historical Weather API
MH-Latur,2020-01-31,22.0,28.8,15.5,0.0,0.0,0.0,61,4.19,0.288,0.314,0.371,23.0,23.2,18.39721,76.56784,ERA5,Asia/Kolkata,Open-Meteo Historical Weather API
MH-Latur,2020-02-01,23.4,30.6,17.6,0.0,0.0,0.0,60,4.6,0.285,0.316,0.372,24.0,23.7,18.39721,76.56784,ERA5,Asia/Kolkata,Open-Meteo Historical Weather API
MH-Latur,2020-02-02,22.5,27.7,17.4,0.2,0.2,1.0,64,3.9,0.285,0.315,0.372,23.5,23.7,18.39721,76.56784,ERA5,Asia/Kolkata,Open-Meteo Historical Weather API
MH-Latur,2020-02-03,23.9,29.9,19.8,0.0,0.0,0.0,65,3.83,0.283,0.313,0.37,24.3,23.9,18.39721,76.56784,ERA5,Asia/Kolkata,Open-Meteo Historical Weather API
MH-Latur,2020-02-04,24.5,29.7,20.4,0.0,0.0,0.0,57,4.2,0.28,0.31,0.368,24.7,24.3,18.39721,76.56784,ERA5,Asia/Kolkata,Open-Meteo Historical Weather API
MH-Latur,2020-02-05,24.1,29.9,19.8,0.0,0.0,0.0,62,3.8,0.283,0.31,0.368,25.0,24.5,18.39721,76.56784,ERA5,Asia/Kolkata,Open-Meteo Historical Weather API
MH-Latur,2020-02-06,24.0,31.1,18.3,0.0,0.0,0.0,62,3.68,0.283,0.309,0.368,24.6,24.5,18.39721,76.56784,ERA5,Asia/Kolkata,Open-Meteo Historical Weather API
MH-Latur,2020-02-07,23.0,29.6,19.5,0.0,0.0,0.0,57,4.58,0.283,0.31,0.368,24.6,24.5,18.39721,76.56784,ERA5,Asia/Kolkata,Open-Meteo Historical Weather API
MH-Latur,2020-02-08,20.8,24.9,18.0,0.6,0.6,5.0,78,2.97,0.288,0.31,0.368,22.8,23.6,18.39721,76.56784,ERA5,Asia/Kolkata,Open-Meteo Historical Weather API
MH-Latur,2020-02-09,21.1,25.8,17.5,0.0,0.0,0.0,71,3.34,0.296,0.31,0.368,22.4,22.8,18.39721,76.56784,ERA5,Asia/Kolkata,Open-Meteo Historical Weather API
MH-Latur,2020-02-10,21.2,26.5,18.2,0.6,0.6,3.0,79,2.59,0.302,0.313,0.371,22.2,22.6,18.39721,76.56784,ERA5,Asia/Kolkata,Open-Meteo Historical Weather API
MH-Latur,2020-02-11,22.8,28.8,17.2,0.0,0.0,0.0,71,3.44,0.308,0.313,0.371,23.1,22.7,18.39721,76.56784,ERA5,Asia/Kolkata,Open-Meteo Historical Weather API
MH-Latur,2020-02-12,23.7,28.2,20.1,0.0,0.0,0.0,69,3.12,0.306,0.314,0.374,24.1,23.6,18.39721,76.56784,ERA5,Asia/Kolkata,Open-Meteo Historical Weather API
MH-Latur,2020-02-13,24.0,30.6,18.2,0.0,0.0,0.0,61,4.75,0.302,0.315,0.375,24.9,24.1,18.39721,76.56784,ERA5,Asia/Kolkata,Open-Meteo Historical Weather API
MH-Latur,2020-02-14,23.7,31.0,16.8,0.0,0.0,0.0,55,4.92,0.295,0.311,0.373,24.4,24.2,18.39721,76.56784,ERA5,Asia/Kolkata,Open-Meteo Historical Weather API
MH-Latur,2020-02-15,24.5,31.8,18.2,0.0,0.0,0.0,54,5.03,0.29,0.309,0.371,24.9,24.4,18.39721,76.56784,ERA5,Asia/Kolkata,Open-Meteo Historical Weather API
MH-Latur,2020-02-16,25.1,32.3,18.5,0.0,0.0,0.0,52,5.25,0.287,0.305,0.368,25.4,24.8,18.39721,76.56784,ERA5,Asia/Kolkata,Open-Meteo Historical Weather API
MH-Latur,2020-02-17,25.5,32.0,18.9,0.0,0.0,0.0,52,5.35,0.281,0.302,0.365,26.0,25.2,18.39721,76.56784,ERA5,Asia/Kolkata,Open-Meteo Historical Weather API
MH-Latur,2020-02-18,24.6,32.6,18.3,0.0,0.0,0.0,45,5.61,0.278,0.3,0.363,25.6,25.4,18.39721,76.56784,ERA5,Asia/Kolkata,Open-Meteo Historical Weather API
MH-Latur,2020-02-19,24.7,32.5,17.3,0.0,0.0,0.0,46,5.41,0.278,0.299,0.361,25.5,25.1,18.39721,76.56784,ERA5,Asia/Kolkata,Open-Meteo Historical Weather API
MH-Latur,2020-02-20,25.6,32.1,19.3,0.0,0.0,0.0,53,5.48,0.278,0.299,0.361,26.1,25.4,18.39721,76.56784,ERA5,Asia/Kolkata,Open-Meteo Historical Weather API
MH-Latur,2020-02-21,25.5,31.4,20.9,0.0,0.0,0.0,52,5.38,0.278,0.301,0.362,26.4,25.8,18.39721,76.56784,ERA5,Asia/Kolkata,Open-Meteo Historical Weather API
MH-Latur,2020-02-22,25.8,32.7,20.2,0.0,0.0,0.0,50,5.53,0.277,0.303,0.363,26.8,26.0,18.39721,76.56784,ERA5,Asia/Kolkata,Open-Meteo Historical Weather API
MH-Latur,2020-02-23,25.6,32.6,19.7,0.0,0.0,0.0,49,5.56,0.275,0.303,0.363,26.5,26.0,18.39721,76.56784,ERA5,Asia/Kolkata,Open-Meteo Historical Weather API
MH-Latur,2020-02-24,26.4,33.6,21.2,0.0,0.0,0.0,46,5.65,0.273,0.302,0.362,26.9,26.2,18.39721,76.56784,ERA5,Asia/Kolkata,Open-Meteo Historical Weather API
MH-Latur,2020-02-25,24.9,30.6,20.9,0.0,0.0,0.0,44,5.84,0.269,0.303,0.363,26.6,26.2,18.39721,76.56784,ERA5,Asia/Kolkata,Open-Meteo Historical Weather API
MH-Latur,2020-02-26,23.2,30.0,17.1,0.0,0.0,0.0,40,5.83,0.266,0.302,0.362,25.1,25.4,18.39721,76.56784,ERA5,Asia/Kolkata,Open-Meteo Historical Weather API
MH-Latur,2020-02-27,24.1,31.5,16.8,0.0,0.0,0.0,39,5.78,0.265,0.302,0.362,25.2,25.1,18.39721,76.56784,ERA5,Asia/Kolkata,Open-Meteo Historical Weather API
MH-Latur,2020-02-28,24.4,31.7,17.2,0.0,0.0,0.0,44,5.59,0.265,0.304,0.363,25.4,25.2,18.39721,76.56784,ERA5,Asia/Kolkata,Open-Meteo Historical Weather API
MH-Latur,2020-02-29,25.3,31.4,20.1,0.0,0.0,0.0,54,4.76,0.265,0.306,0.364,25.8,25.5,18.39721,76.56784,ERA5,Asia/Kolkata,Open-Meteo Historical Weather API
MH-Latur,2020-03-01,24.5,31.5,19.6,1.2,1.2,3.0,64,4.24,0.27,0.306,0.365,25.8,25.7,18.39721,76.56784,ERA5,Asia/Kolkata,Open-Meteo Historical Weather API
MH-Latur,2020-03-02,25.1,31.8,19.2,0.1,0.1,1.0,65,4.24,0.284,0.303,0.362,26.2,25.6,18.39721,76.56784,ERA5,Asia/Kolkata,Open-Meteo Historical Weather API
MH-Latur,2020-03-03,26.7,33.8,20.8,0.0,0.0,0.0,45,5.46,0.279,0.301,0.36,27.0,26.0,18.39721,76.56784,ERA5,Asia/Kolkata,Open-Meteo Historical Weather API
MH-Latur,2020-03-04,25.0,32.6,19.8,0.0,0.0,0.0,37,6.21,0.274,0.298,0.357,26.6,26.1,18.39721,76.56784,ERA5,Asia/Kolkata,Open-Meteo Historical Weather API
MH-Latur,2020-03-05,24.6,31.8,18.8,0.0,0.0,0.0,42,5.88,0.271,0.296,0.355,26.1,25.7,18.39721,76.56784,ERA5,Asia/Kolkata,Open-Meteo Historical Weather API
MH-Latur,2020-03-06,24.6,31.4,19.0,0.0,0.0,0.0,43,6.1,0.268,0.296,0.355,26.0,25.5,18.39721,76.56784,ERA5,Asia/Kolkata,Open-Meteo Historical Weather API
MH-Latur,2020-03-07,24.6,29.5,19.3,0.0,0.0,0.0,50,4.65,0.266,0.296,0.355,25.9,25.4,18.39721,76.56784,ERA5,Asia/Kolkata,Open-Meteo Historical Weather API
MH-Latur,2020-03-08,25.8,30.8,20.4,0.3,0.3,1.0,55,4.49,0.266,0.297,0.354,26.6,25.7,18.39721,76.56784,ERA5,Asia/Kolkata,Open-Meteo Historical Weather API
MH-Latur,2020-03-09,27.0,32.7,21.7,0.0,0.0,0.0,58,4.82,0.265,0.295,0.352,27.8,26.5,18.39721,76.56784,ERA5,Asia/Kolkata,Open-Meteo Historical Weather API
MH-Latur,2020-03-10,27.5,34.1,21.7,0.0,0.0,0.0,54,5.3,0.263,0.295,0.352,28.3,27.2,18.39721,76.56784,ERA5,Asia/Kolkata,Open-Meteo Historical Weather API
MH-Latur,2020-03-11,26.5,31.6,22.6,0.0,0.0,0.0,55,4.64,0.262,0.298,0.354,27.9,27.3,18.39721,76.56784,ERA5,Asia/Kolkata,Open-Meteo Historical Weather API
MH-Latur,2020-03-12,26.6,31.9,21.5,0.0,0.0,0.0,44,5.03,0.263,0.299,0.354,27.7,27.0,18.39721,76.56784,ERA5,Asia/Kolkata,Open-Meteo Historical Weather API
MH-Latur,2020-03-13,26.7,32.4,22.0,0.0,0.0,0.0,47,5.8,0.262,0.3,0.355,27.9,27.0,18.39721,76.56784,ERA5,Asia/Kolkata,Open-Meteo Historical Weather API
MH-Latur,2020-03-14,26.4,31.9,22.2,0.0,0.0,0.0,41,6.14,0.262,0.302,0.356,28.2,27.5,18.39721,76.56784,ERA5,Asia/Kolkata,Open-Meteo Historical Weather API
MH-Latur,2020-03-15,26.9,32.2,20.4,0.0,0.0,0.0,45,5.57,0.265,0.303,0.357,28.0,27.4,18.39721,76.56784,ERA5,Asia/Kolkata,Open-Meteo Historical Weather API
MH-Latur,2020-03-16,27.5,32.9,21.6,0.0,0.0,0.0,53,5.1,0.263,0.302,0.356,28.5,27.9,18.39721,76.56784,ERA5,Asia/Kolkata,Open-Meteo Historical Weather API
MH-Latur,2020-03-17,28.7,34.0,23.4,0.0,0.0,0.0,51,5.3,0.262,0.301,0.355,29.3,28.1,18.39721,76.56784,ERA5,Asia/Kolkata,Open-Meteo Historical Weather API
MH-Latur,2020-03-18,27.8,34.6,22.5,7.3,7.3,5.0,59,5.31,0.27,0.301,0.355,29.3,28.4,18.39721,76.56784,ERA5,Asia/Kolkata,Open-Meteo Historical Weather API
MH-Latur,2020-03-19,27.8,34.8,21.1,0.0,0.0,0.0,53,5.45,0.299,0.303,0.356,28.6,28.0,18.39721,76.56784,ERA5,Asia/Kolkata,Open-Meteo Historical Weather API
MH-Latur,2020-03-20,27.3,34.7,20.2,0.0,0.0,0.0,36,6.31,0.29,0.303,0.356,28.1,27.6,18.39721,76.56784,ERA5,Asia/Kolkata,Open-Meteo Historical Weather API
MH-Latur,2020-03-21,26.3,33.3,19.6,0.0,0.0,0.0,37,6.74,0.282,0.304,0.357,27.7,27.3,18.39721,76.56784,ERA5,Asia/Kolkata,Open-Meteo Historical Weather API
MH-Latur,2020-03-22,27.5,34.6,20.5,0.0,0.0,0.0,39,6.41,0.276,0.302,0.356,28.1,27.2,18.39721,76.56784,ERA5,Asia/Kolkata,Open-Meteo Historical Weather API
MH-Latur,2020-03-23,28.4,34.8,21.8,0.0,0.0,0.0,46,5.36,0.271,0.3,0.354,28.9,27.8,18.39721,76.56784,ERA5,Asia/Kolkata,Open-Meteo Historical Weather API
MH-Latur,2020-03-24,28.3,35.7,22.8,0.5,0.5,1.0,57,5.01,0.27,0.3,0.353,29.2,28.2,18.39721,76.56784,ERA5,Asia/Kolkata,Open-Meteo Historical Weather API
MH-Latur,2020-03-25,27.6,33.9,22.8,3.4,3.4,4.0,63,5.37,0.281,0.302,0.355,29.0,28.3,18.39721,76.56784,ERA5,Asia/Kolkata,Open-Meteo Historical Weather API
MH-Latur,2020-03-26,26.8,32.9,19.8,0.0,0.0,0.0,63,5.49,0.308,0.305,0.357,28.4,28.0,18.39721,76.56784,ERA5,Asia/Kolkata,Open-Meteo Historical Weather API
MH-Latur,2020-03-27,29.1,35.5,24.0,0.0,0.0,0.0,47,6.74,0.296,0.306,0.358,29.4,28.4,18.39721,76.56784,ERA5,Asia/Kolkata,Open-Meteo Historical Weather API
MH-Latur,2020-03-28,28.5,34.6,22.7,0.0,0.0,0.0,58,5.46,0.281,0.303,0.354,29.6,28.5,18.39721,76.56784,ERA5,Asia/Kolkata,Open-Meteo Historical Weather API
MH-Latur,2020-03-29,29.2,36.3,23.2,0.6,0.6,1.0,54,5.77,0.274,0.297,0.35,30.1,28.9,18.39721,76.56784,ERA5,Asia/Kolkata,Open-Meteo Historical Weather API
MH-Latur,2020-03-30,29.2,36.0,23.9,0.5,0.5,3.0,53,6.16,0.274,0.295,0.348,30.4,29.4,18.39721,76.56784,ERA5,Asia/Kolkata,Open-Meteo Historical Weather API
MH-Latur,2020-03-31,28.9,35.7,22.6,0.1,0.1,1.0,53,5.72,0.278,0.3,0.351,30.0,29.4,18.39721,76.56784,ERA5,Asia/Kolkata,Open-Meteo Historical Weather API
MH-Latur,2020-04-01,29.5,35.4,23.4,0.0,0.0,0.0,51,5.31,0.279,0.307,0.356,30.1,29.4,18.39721,76.56784,ERA5,Asia/Kolkata,Open-Meteo Historical Weather API
MH-Latur,2020-04-02,30.2,36.2,23.9,0.0,0.0,0.0,50,5.37,0.276,0.306,0.356,30.8,29.6,18.39721,76.56784,ERA5,Asia/Kolkata,Open-Meteo Historical Weather API
MH-Latur,2020-04-03,30.4,36.3,25.6,0.0,0.0,0.0,49,5.21,0.274,0.309,0.358,30.7,29.8,18.39721,76.56784,ERA5,Asia/Kolkata,Open-Meteo Historical Weather API
MH-Latur,2020-04-04,29.8,35.4,25.8,0.0,0.0,0.0,49,5.45,0.276,0.311,0.36,30.3,29.7,18.39721,76.56784,ERA5,Asia/Kolkata,Open-Meteo Historical Weather API
MH-Latur,2020-04-05,29.9,35.9,23.8,0.0,0.0,0.0,45,5.89,0.275,0.311,0.361,30.3,29.6,18.39721,76.56784,ERA5,Asia/Kolkata,Open-Meteo Historical Weather API
MH-Latur,2020-04-06,30.3,36.0,26.6,0.0,0.0,0.0,51,6.03,0.271,0.31,0.36,31.2,30.0,18.39721,76.56784,ERA5,Asia/Kolkata,Open-Meteo Historical Weather API
MH-Latur,2020-04-07,29.3,35.5,23.2,0.2,0.2,2.0,53,5.35,0.268,0.306,0.358,30.7,29.9,18.39721,76.56784,ERA5,Asia/Kolkata,Open-Meteo Historical Weather API
MH-Latur,2020-04-08,29.6,36.5,23.8,0.0,0.0,0.0,44,7.03,0.267,0.306,0.357,31.0,30.1,18.39721,76.56784,ERA5,Asia/Kolkata,Open-Meteo Historical Weather API
MH-Latur,2020-04-09,29.3,36.6,22.7,0.0,0.0,0.0,34,6.97,0.263,0.304,0.356,30.5,29.7,18.39721,76.56784,ERA5,Asia/Kolkata,Open-Meteo Historical Weather API
MH-Latur,2020-04-10,30.1,36.0,25.2,0.0,0.0,0.0,43,6.15,0.261,0.308,0.359,30.9,29.9,18.39721,76.56784,ERA5,Asia/Kolkata,Open-Meteo Historical Weather API
MH-Latur,2020-04-11,30.1,36.3,24.6,0.0,0.0,0.0,44,6.26,0.261,0.312,0.363,31.1,30.0,18.39721,76.56784,ERA5,Asia/Kolkata,Open-Meteo Historical Weather API
MH-Latur,2020-04-12,30.7,37.5,23.6,0.0,0.0,0.0,42,6.46,0.26,0.313,0.365,31.4,30.1,18.39721,76.56784,ERA5,Asia/Kolkata,Open-Meteo Historical Weather API
MH-Latur,2020-04-13,31.0,37.6,25.3,0.0,0.0,0.0,41,6.57,0.263,0.317,0.369,31.6,30.2,18.39721,76.56784,ERA5,Asia/Kolkata,Open-Meteo Historical Weather API
MH-Latur,2020-04-14,30.9,37.8,23.8,0.0,0.0,0.0,41,6.37,0.265,0.316,0.37,31.6,30.4,18.39721,76.56784,ERA5,Asia/Kolkata,Open-Meteo Historical Weather API
MH-Latur,2020-04-15,31.1,37.4,25.7,0.0,0.0,0.0,38,6.98,0.261,0.314,0.369,31.9,30.6,18.39721,76.56784,ERA5,Asia/Kolkata,Open-Meteo Historical Weather API
MH-Latur,2020-04-16,31.4,38.5,25.7,0.0,0.0,0.0,40,6.15,0.257,0.311,0.368,32.1,30.8,18.39721,76.56784,ERA5,Asia/Kolkata,Open-Meteo Historical Weather API
MH-Latur,2020-04-17,31.8,39.1,26.4,0.0,0.0,0.0,42,6.62,0.255,0.307,0.366,32.4,31.1,18.39721,76.56784,ERA5,Asia/Kolkata,Open-Meteo Historical Weather API
MH-Latur,2020-04-18,31.9,38.2,26.5,0.0,0.0,0.0,42,6.67,0.253,0.304,0.363,32.7,31.5,18.39721,76.56784,ERA5,Asia/Kolkata,Open-Meteo Historical Weather API
MH-Latur,2020-04-19,30.5,36.4,26.3,1.4,1.4,2.0,48,6.18,0.262,0.307,0.366,32.4,31.8,18.39721,76.56784,ERA5,Asia/Kolkata,Open-Meteo Historical Weather API
MH-Latur,2020-04-20,29.9,35.8,24.1,2.6,2.6,3.0,54,5.92,0.293,0.308,0.366,31.5,31.3,18.39721,76.56784,ERA5,Asia/Kolkata,Open-Meteo Historical Weather API
MH-Latur,2020-04-21,31.6,37.9,25.1,0.0,0.0,0.0,43,6.83,0.298,0.305,0.364,32.1,31.2,18.39721,76.56784,ERA5,Asia/Kolkata,Open-Meteo Historical Weather API
MH-Latur,2020-04-22,31.3,38.3,24.4,0.0,0.0,0.0,37,6.87,0.289,0.299,0.363,31.9,31.1,18.39721,76.56784,ERA5,Asia/Kolkata,Open-Meteo Historical Weather API
MH-Latur,2020-04-23,32.6,39.0,24.2,0.0,0.0,0.0,37,7.29,0.283,0.295,0.366,32.7,31.3,18.39721,76.56784,ERA5,Asia/Kolkata,Open-Meteo Historical Weather API
MH-Latur,2020-04-24,32.3,39.1,27.2,0.0,0.0,0.0,36,6.6,0.274,0.294,0.363,32.9,31.8,18.39721,76.56784,ERA5,Asia/Kolkata,Open-Meteo Historical Weather API
MH-Latur,2020-04-25,32.0,38.1,26.7,0.0,0.0,0.0,34,8.09,0.266,0.293,0.359,33.0,31.8,18.39721,76.56784,ERA5,Asia/Kolkata,Open-Meteo Historical Weather API
MH-Latur,2020-04-26,31.1,37.5,25.2,0.0,0.0,0.0,30,7.83,0.258,0.289,0.354,32.7,31.7,18.39721,76.56784,ERA5,Asia/Kolkata,Open-Meteo Historical Weather API
MH-Latur,2020-04-27,31.6,37.6,26.1,0.0,0.0,0.0,33,7.24,0.253,0.286,0.35,32.5,31.5,18.39721,76.56784,ERA5,Asia/Kolkata,Open-Meteo Historical Weather API
MH-Latur,2020-04-28,31.0,37.2,27.4,0.0,0.0,0.0,42,6.39,0.252,0.287,0.348,32.6,31.8,18.39721,76.56784,ERA5,Asia/Kolkata,Open-Meteo Historical Weather API
MH-Latur,2020-04-29,31.4,37.8,25.1,0.0,0.0,0.0,41,5.96,0.253,0.29,0.349,32.7,31.8,18.39721,76.56784,ERA5,Asia/Kolkata,Open-Meteo Historical Weather API
MH-Latur,2020-04-30,32.2,39.6,26.8,0.0,0.0,0.0,39,6.17,0.254,0.291,0.348,33.4,32.0,18.39721,76.56784,ERA5,Asia/Kolkata,Open-Meteo Historical Weather API
MH-Latur,2020-05-01,32.1,38.8,27.0,0.0,0.0,0.0,41,6.86,0.26,0.295,0.351,33.3,32.5,18.39721,76.56784,ERA5,Asia/Kolkata,Open-Meteo Historical Weather API
MH-Latur,2020-05-02,32.8,40.0,25.9,0.0,0.0,0.0,38,7.29,0.258,0.293,0.35,33.6,32.4,18.39721,76.56784,ERA5,Asia/Kolkata,Open-Meteo Historical Weather API
MH-Latur,2020-05-03,33.2,40.7,25.8,0.0,0.0,0.0,35,7.13,0.258,0.291,0.349,34.0,32.6,18.39721,76.56784,ERA5,Asia/Kolkata,Open-Meteo Historical Weather API
MH-Latur,2020-05-04,33.7,40.5,26.6,0.0,0.0,0.0,30,7.77,0.259,0.291,0.348,34.5,33.0,18.39721,76.56784,ERA5,Asia/Kolkata,Open-Meteo Historical Weather API
MH-Latur,2020-05-05,34.0,40.7,28.0,0.0,0.0,0.0,33,7.93,0.257,0.288,0.344,34.7,33.2,18.39721,76.56784,ERA5,Asia/Kolkata,Open-Meteo Historical Weather API
MH-Latur,2020-05-06,33.8,40.2,27.5,0.0,0.0,0.0,35,7.07,0.255,0.287,0.341,34.7,33.3,18.39721,76.56784,ERA5,Asia/Kolkata,Open-Meteo Historical Weather API
MH-Latur,2020-05-07,33.1,39.2,27.1,0.0,0.0,0.0,36,6.26,0.256,0.291,0.343,34.7,33.7,18.39721,76.56784,ERA5,Asia/Kolkata,Open-Meteo Historical Weather API
MH-Latur,2020-05-08,32.6,37.4,27.7,0.0,0.0,0.0,45,6.49,0.257,0.292,0.343,34.5,33.8,18.39721,76.56784,ERA5,Asia/Kolkata,Open-Meteo Historical Weather API
MH-Latur,2020-05-09,33.1,39.2,27.8,0.0,0.0,0.0,42,5.72,0.256,0.29,0.341,34.7,33.8,18.39721,76.56784,ERA5,Asia/Kolkata,Open-Meteo Historical Weather API
MH-Latur,2020-05-10,30.8,35.1,27.0,3.0,3.0,3.0,48,6.53,0.269,0.291,0.34,33.3,33.5,18.39721,76.56784,ERA5,Asia/Kolkata,Open-Meteo Historical Weather API
MH-Latur,2020-05-11,28.8,36.3,22.8,4.8,4.8,6.0,58,5.62,0.316,0.284,0.334,31.4,31.9,18.39721,76.56784,ERA5,Asia/Kolkata,Open-Meteo Historical Weather API
MH-Latur,2020-05-12,31.8,37.3,25.8,0.0,0.0,0.0,47,6.14,0.323,0.282,0.331,32.8,31.7,18.39721,76.56784,ERA5,Asia/Kolkata,Open-Meteo Historical Weather API
MH-Latur,2020-05-13,31.4,37.1,27.5,0.4,0.4,1.0,48,5.88,0.305,0.282,0.329,33.1,32.5,18.39721,76.56784,ERA5,Asia/Kolkata,Open-Meteo Historical Weather API
MH-Latur,2020-05-14,31.1,38.0,24.0,1.5,1.5,4.0,53,5.92,0.309,0.277,0.323,33.0,32.3,18.39721,76.56784,ERA5,Asia/Kolkata,Open-Meteo Historical Weather API
MH-Latur,2020-05-15,30.5,36.8,23.9,0.8,0.8,4.0,56,6.37,0.315,0.277,0.323,32.6,32.2,18.39721,76.56784,ERA5,Asia/Kolkata,Open-Meteo Historical Weather API
MH-Latur,2020-05-16,31.4,39.0,25.4,0.9,0.9,3.0,52,6.1,0.307,0.279,0.324,32.8,32.2,18.39721,76.56784,ERA5,Asia/Kolkata,Open-Meteo Historical Weather API
MH-Latur,2020-05-17,32.4,38.7,26.6,0.0,0.0,0.0,45,7.32,0.296,0.281,0.324,33.5,32.5,18.39721,76.56784,ERA5,Asia/Kolkata,Open-Meteo Historical Weather API
MH-Latur,2020-05-18,33.2,39.8,28.3,0.0,0.0,0.0,37,7.93,0.286,0.279,0.321,33.9,32.9,18.39721,76.56784,ERA5,Asia/Kolkata,Open-Meteo Historical Weather API
MH-Latur,2020-05-19,32.7,38.5,28.0,0.0,0.0,0.0,35,8.16,0.279,0.279,0.32,33.6,32.9,18.39721,76.56784,ERA5,Asia/Kolkata,Open-Meteo Historical Weather API
MH-Latur,2020-05-20,33.7,40.9,27.1,0.0,0.0,0.0,33,8.93,0.269,0.274,0.316,34.2,32.7,18.39721,76.56784,ERA5,Asia/Kolkata,Open-Meteo Historical Weather API
MH-Latur,2020-05-21,33.7,40.8,28.2,0.0,0.0,0.0,31,9.06,0.261,0.271,0.311,34.9,33.3,18.39721,76.56784,ERA5,Asia/Kolkata,Open-Meteo Historical Weather API
MH-Latur,2020-05-22,33.8,41.3,27.2,0.0,0.0,0.0,29,8.24,0.255,0.27,0.308,35.0,33.6,18.39721,76.56784,ERA5,Asia/Kolkata,Open-Meteo Historical Weather API
MH-Latur,2020-05-23,35.9,42.2,28.7,0.0,0.0,0.0,25,8.4,0.248,0.268,0.303,36.6,34.4,18.39721,76.56784,ERA5,Asia/Kolkata,Open-Meteo Historical Weather API
MH-Latur,2020-05-24,35.8,42.6,30.8,0.0,0.0,0.0,27,8.55,0.244,0.266,0.301,36.9,35.1,18.39721,76.56784,ERA5,Asia/Kolkata,Open-Meteo Historical Weather API
MH-Latur,2020-05-25,36.3,43.1,28.6,0.0,0.0,0.0,26,7.97,0.242,0.264,0.299,37.4,35.5,18.39721,76.56784,ERA5,Asia/Kolkata,Open-Meteo Historical Weather API
MH-Latur,2020-05-26,36.2,42.3,30.0,0.0,0.0,0.0,29,7.57,0.24,0.263,0.297,37.6,36.0,18.39721,76.56784,ERA5,Asia/Kolkata,Open-Meteo Historical Weather API
MH-Latur,2020-05-27,35.4,41.7,29.1,0.0,0.0,0.0,30,8.89,0.24,0.264,0.299,37.5,35.9,18.39721,76.56784,ERA5,Asia/Kolkata,Open-Meteo Historical Weather API
MH-Latur,2020-05-28,34.8,40.8,28.6,0.0,0.0,0.0,31,9.23,0.239,0.264,0.298,37.1,35.7,18.39721,76.56784,ERA5,Asia/Kolkata,Open-Meteo Historical Weather API
MH-Latur,2020-05-29,34.5,40.7,28.5,0.0,0.0,0.0,39,7.57,0.241,0.263,0.297,36.9,35.4,18.39721,76.56784,ERA5,Asia/Kolkata,Open-Meteo Historical Weather API
MH-Latur,2020-05-30,33.4,39.0,28.6,0.0,0.0,0.0,43,7.24,0.246,0.264,0.303,36.4,35.5,18.39721,76.56784,ERA5,Asia/Kolkata,Open-Meteo Historical Weather API
MH-Latur,2020-05-31,32.2,37.4,26.4,0.5,0.5,1.0,44,6.75,0.252,0.265,0.305,35.6,35.4,18.39721,76.56784,ERA5,Asia/Kolkata,Open-Meteo Historical Weather API
MH-Latur,2020-06-01,27.0,31.8,22.0,3.1,3.1,10.0,68,3.29,0.297,0.266,0.312,30.6,33.0,18.39721,76.56784,ERA5,Asia/Kolkata,Open-Meteo Historical Weather API
MH-Latur,2020-06-02,27.1,33.9,23.0,14.2,14.2,17.0,75,3.75,0.342,0.266,0.309,30.2,31.2,18.39721,76.56784,ERA5,Asia/Kolkata,Open-Meteo Historical Weather API
MH-Latur,2020-06-03,25.7,29.0,23.5,9.5,9.5,15.0,81,2.91,0.447,0.282,0.306,27.9,29.6,18.39721,76.56784,ERA5,Asia/Kolkata,Open-Meteo Historical Weather API
MH-Latur,2020-06-04,26.6,30.8,23.5,0.8,0.8,4.0,69,5.35,0.417,0.295,0.305,28.1,28.6,18.39721,76.56784,ERA5,Asia/Kolkata,Open-Meteo Historical Weather API
MH-Latur,2020-06-05,28.2,33.6,22.6,0.0,0.0,0.0,61,5.74,0.382,0.293,0.301,29.3,29.0,18.39721,76.56784,ERA5,Asia/Kolkata,Open-Meteo Historical Weather API
MH-Latur,2020-06-06,29.0,34.1,24.1,0.0,0.0,0.0,59,6.32,0.349,0.284,0.293,30.6,29.9,18.39721,76.56784,ERA5,Asia/Kolkata,Open-Meteo Historical Weather API
MH-Latur,2020-06-07,29.4,35.0,24.8,1.0,1.0,2.0,59,5.77,0.324,0.274,0.285,30.8,30.2,18.39721,76.56784,ERA5,Asia/Kolkata,Open-Meteo Historical Weather API
MH-Latur,2020-06-08,30.0,35.3,24.6,0.1,0.1,1.0,55,7.02,0.304,0.265,0.277,31.7,30.4,18.39721,76.56784,ERA5,Asia/Kolkata,Open-Meteo Historical Weather API
MH-Latur,2020-06-09,31.0,38.1,24.8,0.2,0.2,1.0,53,7.09,0.283,0.259,0.27,32.8,31.1,18.39721,76.56784,ERA5,Asia/Kolkata,Open-Meteo Historical Weather API
MH-Latur,2020-06-10,29.0,35.9,24.6,6.2,6.2,6.0,64,5.84,0.295,0.258,0.269,32.2,31.8,18.39721,76.56784,ERA5,Asia/Kolkata,Open-Meteo Historical Weather API
MH-Latur,2020-06-11,26.3,33.7,23.7,19.9,19.9,16.0,78,3.06,0.447,0.277,0.269,28.8,30.4,18.39721,76.56784,ERA5,Asia/Kolkata,Open-Meteo Historical Weather API
MH-Latur,2020-06-12,25.4,27.7,23.4,22.8,22.8,23.0,84,2.09,0.488,0.341,0.268,27.0,28.4,18.39721,76.56784,ERA5,Asia/Kolkata,Open-Meteo Historical Weather API
MH-Latur,2020-06-13,26.3,30.2,23.5,9.1,9.1,8.0,81,3.22,0.47,0.391,0.266,27.7,27.9,18.39721,76.56784,ERA5,Asia/Kolkata,Open-Meteo Historical Weather API
MH-Latur,2020-06-14,27.0,30.5,23.9,5.7,5.7,12.0,76,3.47,0.466,0.417,0.266,27.7,27.9,18.39721,76.56784,ERA5,Asia/Kolkata,Open-Meteo Historical Weather API
MH-Latur,2020-06-15,26.5,30.4,23.9,10.2,10.2,12.0,81,2.92,0.467,0.43,0.269,27.5,27.9,18.39721,76.56784,ERA5,Asia/Kolkata,Open-Meteo Historical Weather API
MH-Latur,2020-06-16,25.5,29.0,23.4,6.9,6.9,14.0,85,2.73,0.489,0.458,0.275,26.6,27.3,18.39721,76.56784,ERA5,Asia/Kolkata,Open-Meteo Historical Weather API
MH-Latur,2020-06-17,25.3,27.9,23.5,11.7,11.7,15.0,85,2.04,0.494,0.474,0.279,25.9,26.8,18.39721,76.56784,ERA5,Asia/Kolkata,Open-Meteo Historical Weather API
MH-Latur,2020-06-18,25.2,28.0,23.5,6.4,6.4,19.0,84,2.23,0.494,0.479,0.286,25.7,26.2,18.39721,76.56784,ERA5,Asia/Kolkata,Open-Meteo Historical Weather API
MH-Latur,2020-06-19,26.6,30.5,23.7,1.8,1.8,7.0,79,3.26,0.485,0.473,0.289,26.6,26.2,18.39721,76.56784,ERA5,Asia/Kolkata,Open-Meteo Historical Weather API
MH-Latur,2020-06-20,27.5,33.0,23.4,0.2,0.2,1.0,72,4.94,0.459,0.458,0.291,27.7,27.1,18.39721,76.56784,ERA5,Asia/Kolkata,Open-Meteo Historical Weather API
MH-Latur,2020-06-21,26.9,30.4,24.1,0.0,0.0,0.0,73,3.09,0.441,0.445,0.291,27.0,27.3,18.39721,76.56784,ERA5,Asia/Kolkata,Open-Meteo Historical Weather API
MH-Latur,2020-06-22,27.8,32.0,24.1,0.0,0.0,0.0,68,4.34,0.427,0.431,0.289,27.7,27.1,18.39721,76.56784,ERA5,Asia/Kolkata,Open-Meteo Historical Weather API
MH-Latur,2020-06-23,27.7,32.2,23.6,1.0,1.0,4.0,71,5.13,0.415,0.417,0.287,28.5,27.5,18.39721,76.56784,ERA5,Asia/Kolkata,Open-Meteo Historical Weather API
MH-Latur,2020-06-24,28.5,33.3,23.9,0.4,0.4,2.0,69,5.07,0.412,0.403,0.283,29.3,28.0,18.39721,76.56784,ERA5,Asia/Kolkata,Open-Meteo Historical Weather API
MH-Latur,2020-06-25,28.9,33.9,24.7,1.8,1.8,7.0,68,4.83,0.391,0.389,0.28,30.1,28.9,18.39721,76.56784,ERA5,Asia/Kolkata,Open-Meteo Historical Weather API
MH-Latur,2020-06-26,27.9,32.8,24.3,18.2,18.2,11.0,77,4.61,0.459,0.389,0.28,29.8,29.2,18.39721,76.56784,ERA5,Asia/Kolkata,Open-Meteo Historical Weather API
MH-Latur,2020-06-27,27.6,34.2,24.2,10.2,10.2,9.0,78,4.61,0.479,0.424,0.279,29.5,29.1,18.39721,76.56784,ERA5,Asia/Kolkata,Open-Meteo Historical Weather API
MH-Latur,2020-06-28,26.9,31.8,23.4,6.5,6.5,7.0,79,2.58,0.489,0.462,0.282,28.2,28.4,18.39721,76.56784,ERA5,Asia/Kolkata,Open-Meteo Historical Weather API
MH-Latur,2020-06-29,26.4,31.1,23.6,11.3,11.3,14.0,82,3.19,0.487,0.465,0.285,28.1,27.9,18.39721,76.56784,ERA5,Asia/Kolkata,Open-Meteo Historical Weather API
MH-Latur,2020-06-30,27.0,30.4,23.4,2.5,2.5,11.0,78,3.66,0.489,0.477,0.292,28.1,27.8,18.39721,76.56784,ERA5,Asia/Kolkata,Open-Meteo Historical Weather API
MH-Latur,2020-07-01,26.2,30.9,22.6,5.5,5.5,13.0,80,3.4,0.477,0.463,0.295,27.4,27.5,18.39721,76.56784,ERA5,Asia/Kolkata,Open-Meteo Historical Weather API
MH-Latur,2020-07-02,27.1,32.7,23.6,2.9,2.9,4.0,75,4.62,0.475,0.456,0.297,28.1,27.5,18.39721,76.56784,ERA5,Asia/Kolkata,Open-Meteo Historical Weather API
MH-Latur,2020-07-03,26.4,32.0,24.1,5.0,5.0,6.0,81,3.98,0.479,0.453,0.297,27.9,27.7,18.39721,76.56784,ERA5,Asia/Kolkata,Open-Meteo Historical Weather API
MH-Latur,2020-07-04,26.1,29.6,23.4,5.1,5.1,11.0,79,3.46,0.481,0.455,0.299,27.1,27.3,18.39721,76.56784,ERA5,Asia/Kolkata,Open-Meteo Historical Weather API
MH-Latur,2020-07-05,26.1,29.5,23.6,2.2,2.2,3.0,76,3.15,0.478,0.456,0.299,26.4,26.7,18.39721,76.56784,ERA5,Asia/Kolkata,Open-Meteo Historical Weather API
MH-Latur,2020-07-06,26.0,28.8,23.3,3.7,3.7,13.0,80,2.43,0.474,0.455,0.3,26.0,26.2,18.39721,76.56784,ERA5,Asia/Kolkata,Open-Meteo Historical Weather API
MH-Latur,2020-07-07,25.9,30.3,23.4,4.1,4.1,12.0,80,3.73,0.481,0.456,0.301,26.5,26.1,18.39721,76.56784,ERA5,Asia/Kolkata,Open-Meteo Historical Weather API
MH-Latur,2020-07-08,26.3,31.4,23.1,1.8,1.8,4.0,81,4.38,0.464,0.449,0.303,27.3,26.7,18.39721,76.56784,ERA5,Asia/Kolkata,Open-Meteo Historical Weather API
MH-Latur,2020-07-09,25.6,29.1,23.4,16.2,16.2,19.0,86,2.46,0.499,0.467,0.304,26.4,26.7,18.39721,76.56784,ERA5,Asia/Kolkata,Open-Meteo Historical Weather API
MH-Latur,2020-07-10,25.1,28.4,22.3,3.2,3.2,8.0,84,2.17,0.492,0.479,0.309,25.6,26.0,18.39721,76.56784,ERA5,Asia/Kolkata,Open-Meteo Historical Weather API
MH-Latur,2020-07-11,26.7,32.1,23.0,3.8,3.8,3.0,80,3.74,0.487,0.477,0.313,26.8,26.1,18.39721,76.56784,ERA5,Asia/Kolkata,Open-Meteo Historical Weather API
MH-Latur,2020-07-12,26.8,30.7,23.6,0.7,0.7,3.0,77,4.23,0.47,0.466,0.316,27.3,26.6,18.39721,76.56784,ERA5,Asia/Kolkata,Open-Meteo Historical Weather API
MH-Latur,2020-07-13,26.4,29.3,23.6,2.2,2.2,7.0,77,3.08,0.462,0.454,0.316,26.9,26.6,18.39721,76.56784,ERA5,Asia/Kolkata,Open-Meteo Historical Weather API
MH-Latur,2020-07-14,25.6,28.6,23.5,19.6,19.6,22.0,84,2.56,0.497,0.475,0.318,26.4,26.4,18.39721,76.56784,ERA5,Asia/Kolkata,Open-Meteo Historical Weather API
MH-Latur,2020-07-15,24.3,26.1,22.8,12.8,12.8,24.0,90,1.5,0.507,0.491,0.327,25.3,25.9,18.39721,76.56784,ERA5,Asia/Kolkata,Open-Meteo Historical Weather API
MH-Latur,2020-07-16,23.8,27.1,22.3,10.1,10.1,14.0,89,2.35,0.505,0.496,0.337,24.8,25.3,18.39721,76.56784,ERA5,Asia/Kolkata,Open-Meteo Historical Weather API
MH-Latur,2020-07-17,25.3,29.0,22.3,2.0,2.0,5.0,82,2.85,0.491,0.487,0.346,25.4,25.3,18.39721,76.56784,ERA5,Asia/Kolkata,Open-Meteo Historical Weather API
MH-Latur,2020-07-18,26.4,31.2,22.6,3.8,3.8,4.0,80,3.88,0.484,0.476,0.35,26.4,25.6,18.39721,76.56784,ERA5,Asia/Kolkata,Open-Meteo Historical Weather API
MH-Latur,2020-07-19,26.9,31.5,24.2,0.9,0.9,2.0,77,4.31,0.481,0.472,0.352,27.4,26.4,18.39721,76.56784,ERA5,Asia/Kolkata,Open-Meteo Historical Weather API
MH-Latur,2020-07-20,26.2,29.4,23.6,8.4,8.4,8.0,84,2.86,0.485,0.469,0.352,27.0,26.7,18.39721,76.56784,ERA5,Asia/Kolkata,Open-Meteo Historical Weather API
MH-Latur,2020-07-21,26.7,31.0,23.1,4.2,4.2,9.0,80,3.79,0.486,0.474,0.355,27.2,26.6,18.39721,76.56784,ERA5,Asia/Kolkata,Open-Meteo Historical Weather API
MH-Latur,2020-07-22,26.9,31.2,23.9,3.3,3.3,5.0,80,4.24,0.49,0.476,0.357,28.0,27.0,18.39721,76.56784,ERA5,Asia/Kolkata,Open-Meteo Historical Weather API
MH-Latur,2020-07-23,25.3,28.0,23.4,8.1,8.1,14.0,86,1.43,0.498,0.485,0.361,26.1,26.7,18.39721,76.56784,ERA5,Asia/Kolkata,Open-Meteo Historical Weather API
MH-Latur,2020-07-24,24.1,26.1,22.6,24.6,24.6,24.0,91,1.3,0.508,0.505,0.375,25.0,25.6,18.39721,76.56784,ERA5,Asia/Kolkata,Open-Meteo Historical Weather API
MH-Latur,2020-07-25,24.7,27.7,22.3,1.1,1.1,4.0,85,1.93,0.494,0.496,0.392,24.9,25.1,18.39721,76.56784,ERA5,Asia/Kolkata,Open-Meteo Historical Weather API
MH-Latur,2020-07-26,25.9,29.8,22.8,5.4,5.4,5.0,80,4.26,0.476,0.479,0.396,26.2,25.4,18.39721,76.56784,ERA5,Asia/Kolkata,Open-Meteo Historical Weather API
MH-Latur,2020-07-27,26.7,30.9,23.3,1.7,1.7,7.0,77,4.39,0.466,0.466,0.396,27.1,26.1,18.39721,76.56784,ERA5,Asia/Kolkata,Open-Meteo Historical Weather API
MH-Latur,2020-07-28,26.5,29.9,23.4,4.1,4.1,3.0,79,3.34,0.472,0.461,0.395,26.6,26.3,18.39721,76.56784,ERA5,Asia/Kolkata,Open-Meteo Historical Weather API
MH-Latur,2020-07-29,26.2,30.9,23.4,11.7,11.7,9.0,80,2.82,0.479,0.464,0.395,26.5,26.1,18.39721,76.56784,ERA5,Asia/Kolkata,Open-Meteo Historical Weather API
MH-Latur,2020-07-30,26.6,31.3,22.8,6.7,6.7,8.0,84,3.99,0.497,0.487,0.397,27.6,26.6,18.39721,76.56784,ERA5,Asia/Kolkata,Open-Meteo Historical Weather API
MH-Latur,2020-07-31,26.7,30.4,23.4,7.4,7.4,5.0,81,3.7,0.494,0.49,0.401,27.7,27.0,18.39721,76.56784,ERA5,Asia/Kolkata,Open-Meteo Historical Weather API
MH-Latur,2020-08-01,26.6,30.9,23.4,0.4,0.4,2.0,82,3.91,0.481,0.486,0.405,27.6,27.0,18.39721,76.56784,ERA5,Asia/Kolkata,Open-Meteo Historical Weather API
MH-Latur,2020-08-02,27.0,31.0,23.7,2.2,2.2,8.0,79,4.13,0.469,0.472,0.407,27.6,27.1,18.39721,76.56784,ERA5,Asia/Kolkata,Open-Meteo Historical Weather API
MH-Latur,2020-08-03,25.8,29.5,23.2,6.9,6.9,12.0,82,3.21,0.478,0.468,0.406,26.6,26.7,18.39721,76.56784,ERA5,Asia/Kolkata,Open-Meteo Historical Weather API
MH-Latur,2020-08-04,25.6,28.6,23.4,2.3,2.3,8.0,84,2.67,0.491,0.475,0.407,25.8,25.9,18.39721,76.56784,ERA5,Asia/Kolkata,Open-Meteo Historical Weather API
MH-Latur,2020-08-05,25.4,29.1,23.2,2.6,2.6,7.0,84,2.8,0.48,0.473,0.408,25.6,25.6,18.39721,76.56784,ERA5,Asia/Kolkata,Open-Meteo Historical Weather API
MH-Latur,2020-08-06,25.8,28.5,23.4,0.5,0.5,4.0,80,3.08,0.474,0.468,0.409,25.6,25.4,18.39721,76.56784,ERA5,Asia/Kolkata,Open-Meteo Historical Weather API
MH-Latur,2020-08-07,26.5,30.1,23.6,1.2,1.2,4.0,80,3.97,0.464,0.461,0.409,26.4,25.8,18.39721,76.56784,ERA5,Asia/Kolkata,Open-Meteo Historical Weather API
MH-Latur,2020-08-08,26.5,30.1,23.5,0.4,0.4,3.0,77,3.83,0.455,0.454,0.408,26.5,26.0,18.39721,76.56784,ERA5,Asia/Kolkata,Open-Meteo Historical Weather API
MH-Latur,2020-08-09,25.5,29.3,23.2,3.0,3.0,8.0,81,3.0,0.45,0.447,0.407,25.9,25.9,18.39721,76.56784,ERA5,Asia/Kolkata,Open-Meteo Historical Weather API
MH-Latur,2020-08-10,24.7,28.7,23.0,4.3,4.3,14.0,87,2.29,0.466,0.446,0.407,25.4,25.5,18.39721,76.56784,ERA5,Asia/Kolkata,Open-Meteo Historical Weather API
MH-Latur,2020-08-11,25.2,27.7,22.5,1.9,1.9,6.0,82,2.37,0.475,0.454,0.407,24.9,25.0,18.39721,76.56784,ERA5,Asia/Kolkata,Open-Meteo Historical Weather API
MH-Latur,2020-08-12,25.4,27.9,23.5,1.4,1.4,6.0,81,3.25,0.463,0.452,0.406,25.5,25.1,18.39721,76.56784,ERA5,Asia/Kolkata,Open-Meteo Historical Weather API
MH-Latur,2020-08-13,23.4,25.6,21.9,12.2,12.2,14.0,89,1.38,0.479,0.456,0.406,24.0,24.7,18.39721,76.56784,ERA5,Asia/Kolkata,Open-Meteo Historical Weather API
MH-Latur,2020-08-14,23.6,26.3,21.7,2.3,2.3,11.0,86,2.26,0.49,0.481,0.408,23.8,24.2,18.39721,76.56784,ERA5,Asia/Kolkata,Open-Meteo Historical Weather API
MH-Latur,2020-08-15,22.9,24.2,21.8,15.9,15.9,22.0,93,1.36,0.506,0.499,0.413,23.3,23.9,18.39721,76.56784,ERA5,Asia/Kolkata,Open-Meteo Historical Weather API
MH-Latur,2020-08-16,23.1,24.9,21.9,15.7,15.7,24.0,93,1.25,0.509,0.507,0.425,23.2,23.6,18.39721,76.56784,ERA5,Asia/Kolkata,Open-Meteo Historical Weather API
MH-Latur,2020-08-17,23.7,25.3,22.2,3.7,3.7,10.0,90,1.39,0.499,0.502,0.437,23.4,23.7,18.39721,76.56784,ERA5,Asia/Kolkata,Open-Meteo Historical Weather API
MH-Latur,2020-08-18,24.1,27.0,22.0,0.9,0.9,6.0,87,1.6,0.49,0.492,0.443,23.7,23.7,18.39721,76.56784,ERA5,Asia/Kolkata,Open-Meteo Historical Weather API
MH-Latur,2020-08-19,24.5,27.5,22.3,16.3,16.3,20.0,87,2.71,0.501,0.493,0.446,24.4,24.0,18.39721,76.56784,ERA5,Asia/Kolkata,Open-Meteo Historical Weather API
MH-Latur,2020-08-20,23.6,26.6,22.1,17.3,17.3,24.0,90,1.64,0.51,0.512,0.46,23.8,24.1,18.39721,76.56784,ERA5,Asia/Kolkata,Open-Meteo Historical Weather API
MH-Latur,2020-08-21,24.0,27.4,22.2,15.5,15.5,23.0,89,1.79,0.504,0.51,0.482,23.8,23.8,18.39721,76.56784,ERA5,Asia/Kolkata,Open-Meteo Historical Weather API
MH-Latur,2020-08-22,25.2,28.9,22.9,0.8,0.8,2.0,83,3.37,0.494,0.501,0.487,24.8,24.2,18.39721,76.56784,ERA5,Asia/Kolkata,Open-Meteo Historical Weather API
MH-Latur,2020-08-23,25.4,29.5,22.6,0.6,0.6,3.0,82,3.77,0.477,0.489,0.486,25.4,24.8,18.39721,76.56784,ERA5,Asia/Kolkata,Open-Meteo Historical Weather API
MH-Latur,2020-08-24,25.6,29.6,21.7,0.6,0.6,3.0,80,3.89,0.468,0.478,0.484,25.5,25.0,18.39721,76.56784,ERA5,Asia/Kolkata,Open-Meteo Historical Weather API
MH-Latur,2020-08-25,26.2,30.4,21.8,0.0,0.0,0.0,79,4.04,0.458,0.469,0.481,26.0,25.2,18.39721,76.56784,ERA5,Asia/Kolkata,Open-Meteo Historical Weather API
MH-Latur,2020-08-26,26.1,30.2,22.2,0.1,0.1,1.0,78,4.3,0.446,0.46,0.478,26.3,25.4,18.39721,76.56784,ERA5,Asia/Kolkata,Open-Meteo Historical Weather API
MH-Latur,2020-08-27,25.4,28.1,23.7,1.0,1.0,5.0,81,3.04,0.447,0.453,0.476,25.7,25.4,18.39721,76.56784,ERA5,Asia/Kolkata,Open-Meteo Historical Weather API
MH-Latur,2020-08-28,24.6,27.6,22.6,9.3,9.3,14.0,85,2.25,0.469,0.454,0.473,24.9,24.9,18.39721,76.56784,ERA5,Asia/Kolkata,Open-Meteo Historical Weather API
MH-Latur,2020-08-29,24.7,27.8,22.4,2.3,2.3,10.0,85,2.41,0.488,0.475,0.472,24.6,24.4,18.39721,76.56784,ERA5,Asia/Kolkata,Open-Meteo Historical Weather API
MH-Latur,2020-08-30,25.5,29.2,22.1,1.7,1.7,6.0,80,4.03,0.473,0.473,0.471,25.3,24.6,18.39721,76.56784,ERA5,Asia/Kolkata,Open-Meteo Historical Weather API
MH-Latur,2020-08-31,26.0,30.0,21.7,0.3,0.3,2.0,79,3.96,0.462,0.467,0.469,25.8,25.0,18.39721,76.56784,ERA5,Asia/Kolkata,Open-Meteo Historical Weather API
MH-Latur,2020-09-01,26.5,30.6,22.5,0.3,0.3,2.0,78,4.4,0.451,0.459,0.467,26.5,25.4,18.39721,76.56784,ERA5,Asia/Kolkata,Open-Meteo Historical Weather API
MH-Latur,2020-09-02,26.4,30.6,23.6,0.0,0.0,0.0,79,3.45,0.441,0.452,0.465,26.3,25.6,18.39721,76.56784,ERA5,Asia/Kolkata,Open-Meteo Historical Weather API
MH-Latur,2020-09-03,27.1,30.8,23.3,0.8,0.8,3.0,77,4.43,0.432,0.444,0.463,27.1,25.6,18.39721,76.56784,ERA5,Asia/Kolkata,Open-Meteo Historical Weather API
MH-Latur,2020-09-04,27.6,31.6,23.6,0.7,0.7,3.0,77,4.58,0.428,0.436,0.46,27.7,26.3,18.39721,76.56784,ERA5,Asia/Kolkata,Open-Meteo Historical Weather API
MH-Latur,2020-09-05,28.1,32.8,23.9,0.0,0.0,0.0,74,4.42,0.419,0.427,0.457,28.1,26.7,18.39721,76.56784,ERA5,Asia/Kolkata,Open-Meteo Historical Weather API
MH-Latur,2020-09-06,27.4,32.2,23.9,8.8,8.8,10.0,78,4.18,0.431,0.422,0.455,28.2,27.1,18.39721,76.56784,ERA5,Asia/Kolkata,Open-Meteo Historical Weather API
MH-Latur,2020-09-07,26.4,31.5,22.2,12.3,12.3,10.0,81,4.53,0.487,0.442,0.453,27.7,27.1,18.39721,76.56784,ERA5,Asia/Kolkata,Open-Meteo Historical Weather API
MH-Latur,2020-09-08,26.3,31.2,23.1,11.9,11.9,12.0,83,4.02,0.492,0.477,0.452,27.7,27.0,18.39721,76.56784,ERA5,Asia/Kolkata,Open-Meteo Historical Weather API
MH-Latur,2020-09-09,26.9,31.5,22.8,3.8,3.8,8.0,80,4.1,0.495,0.488,0.454,27.9,26.9,18.39721,76.56784,ERA5,Asia/Kolkata,Open-Meteo Historical Weather API
MH-Latur,2020-09-10,26.0,30.9,22.8,8.4,8.4,15.0,83,3.43,0.498,0.499,0.456,27.3,26.8,18.39721,76.56784,ERA5,Asia/Kolkata,Open-Meteo Historical Weather API
MH-Latur,2020-09-11,25.4,30.5,23.1,2.8,2.8,9.0,84,3.62,0.496,0.501,0.465,26.8,26.6,18.39721,76.56784,ERA5,Asia/Kolkata,Open-Meteo Historical Weather API
MH-Latur,2020-09-12,26.2,29.9,23.0,0.4,0.4,3.0,79,3.82,0.487,0.491,0.467,26.8,26.4,18.39721,76.56784,ERA5,Asia/Kolkata,Open-Meteo Historical Weather API
MH-Latur,2020-09-13,25.0,27.7,22.9,3.1,3.1,10.0,79,2.95,0.48,0.482,0.467,25.7,25.8,18.39721,76.56784,ERA5,Asia/Kolkata,Open-Meteo Historical Weather API
MH-Latur,2020-09-14,24.7,27.6,22.5,18.7,18.7,15.0,83,2.11,0.498,0.508,0.476,24.9,25.2,18.39721,76.56784,ERA5,Asia/Kolkata,Open-Meteo Historical Weather API
MH-Latur,2020-09-15,24.5,27.9,22.7,30.8,30.8,23.0,89,2.05,0.504,0.511,0.489,25.0,24.9,18.39721,76.56784,ERA5,Asia/Kolkata,Open-Meteo Historical Weather API
MH-Latur,2020-09-16,24.4,28.1,22.6,20.9,20.9,21.0,91,1.78,0.503,0.512,0.508,25.0,24.9,18.39721,76.56784,ERA5,Asia/Kolkata,Open-Meteo Historical Weather API
MH-Latur,2020-09-17,25.4,29.6,22.9,23.6,23.6,20.0,87,2.63,0.502,0.503,0.513,25.9,25.1,18.39721,76.56784,ERA5,Asia/Kolkata,Open-Meteo Historical Weather API
MH-Latur,2020-09-18,24.8,28.0,23.3,10.7,10.7,13.0,91,2.42,0.498,0.507,0.51,25.8,25.4,18.39721,76.56784,ERA5,Asia/Kolkata,Open-Meteo Historical Weather API
MH-Latur,2020-09-19,25.1,28.5,23.2,19.3,19.3,21.0,90,1.87,0.5,0.512,0.513,25.7,25.2,18.39721,76.56784,ERA5,Asia/Kolkata,Open-Meteo Historical Weather API
MH-Latur,2020-09-20,25.1,30.4,22.2,9.9,9.9,13.0,87,2.68,0.499,0.503,0.513,25.8,25.4,18.39721,76.56784,ERA5,Asia/Kolkata,Open-Meteo Historical Weather API
MH-Latur,2020-09-21,24.9,28.4,22.9,21.5,21.5,24.0,88,2.04,0.508,0.511,0.512,25.5,25.4,18.39721,76.56784,ERA5,Asia/Kolkata,Open-Meteo Historical Weather API
MH-Latur,2020-09-22,25.5,28.8,23.5,8.8,8.8,14.0,88,2.19,0.503,0.509,0.513,25.6,25.1,18.39721,76.56784,ERA5,Asia/Kolkata,Open-Meteo Historical Weather API
MH-Latur,2020-09-23,25.5,29.5,22.9,1.6,1.6,8.0,83,3.8,0.492,0.499,0.511,25.8,25.3,18.39721,76.56784,ERA5,Asia/Kolkata,Open-Meteo Historical Weather API
MH-Latur,2020-09-24,26.1,30.6,22.8,1.1,1.1,5.0,81,3.37,0.48,0.483,0.505,26.1,25.5,18.39721,76.56784,ERA5,Asia/Kolkata,Open-Meteo Historical Weather API
MH-Latur,2020-09-25,25.9,29.0,23.3,6.4,6.4,10.0,84,2.66,0.491,0.479,0.501,26.2,25.7,18.39721,76.56784,ERA5,Asia/Kolkata,Open-Meteo Historical Weather API
MH-Latur,2020-09-26,23.8,26.5,22.4,11.3,11.3,11.0,87,2.25,0.501,0.507,0.504,24.8,25.2,18.39721,76.56784,ERA5,Asia/Kolkata,Open-Meteo Historical Weather API
MH-Latur,2020-09-27,24.9,29.2,22.3,0.0,0.0,0.0,78,3.83,0.482,0.494,0.502,25.3,24.8,18.39721,76.56784,ERA5,Asia/Kolkata,Open-Meteo Historical Weather API
MH-Latur,2020-09-28,25.1,29.2,21.0,0.9,0.9,6.0,78,3.9,0.47,0.48,0.498,25.4,24.9,18.39721,76.56784,ERA5,Asia/Kolkata,Open-Meteo Historical Weather API
MH-Latur,2020-09-29,25.8,30.9,22.0,0.0,0.0,0.0,74,4.57,0.458,0.469,0.495,25.9,25.1,18.39721,76.56784,ERA5,Asia/Kolkata,Open-Meteo Historical Weather API
MH-Latur,2020-09-30,25.4,30.4,21.9,0.0,0.0,0.0,77,4.2,0.443,0.458,0.491,25.8,25.3,18.39721,76.56784,ERA5,Asia/Kolkata,Open-Meteo Historical Weather API
MH-Latur,2020-10-01,25.4,28.9,22.7,0.7,0.7,4.0,80,3.07,0.438,0.45,0.488,25.6,25.3,18.39721,76.56784,ERA5,Asia/Kolkata,Open-Meteo Historical Weather API
MH-Latur,2020-10-02,26.4,31.6,22.5,0.0,0.0,0.0,76,4.56,0.425,0.442,0.485,26.4,25.4,18.39721,76.56784,ERA5,Asia/Kolkata,Open-Meteo Historical Weather API
MH-Latur,2020-10-03,26.9,31.8,23.1,0.0,0.0,0.0,71,4.87,0.409,0.432,0.481,26.8,25.7,18.39721,76.56784,ERA5,Asia/Kolkata,Open-Meteo Historical Weather API
MH-Latur,2020-10-04,26.8,32.3,23.4,0.0,0.0,0.0,71,4.6,0.393,0.422,0.478,26.6,26.0,18.39721,76.56784,ERA5,Asia/Kolkata,Open-Meteo Historical Weather API
MH-Latur,2020-10-05,26.5,31.5,22.5,0.0,0.0,0.0,70,4.74,0.377,0.412,0.474,26.6,25.9,18.39721,76.56784,ERA5,Asia/Kolkata,Open-Meteo Historical Weather API
MH-Latur,2020-10-06,26.7,30.8,22.4,0.0,0.0,0.0,69,4.66,0.362,0.401,0.471,26.6,25.7,18.39721,76.56784,ERA5,Asia/Kolkata,Open-Meteo Historical Weather API
MH-Latur,2020-10-07,25.7,28.4,23.6,0.0,0.0,0.0,63,3.4,0.352,0.392,0.467,25.8,25.6,18.39721,76.56784,ERA5,Asia/Kolkata,Open-Meteo Historical Weather API
MH-Latur,2020-10-08,26.0,29.9,22.3,0.3,0.3,2.0,70,3.8,0.345,0.385,0.464,26.1,25.3,18.39721,76.56784,ERA5,Asia/Kolkata,Open-Meteo Historical Weather API
MH-Latur,2020-10-09,26.2,31.7,22.9,8.5,8.5,10.0,84,3.29,0.365,0.38,0.461,26.9,25.8,18.39721,76.56784,ERA5,Asia/Kolkata,Open-Meteo Historical Weather API
MH-Latur,2020-10-10,25.8,30.8,22.7,8.2,8.2,10.0,84,3.28,0.461,0.385,0.458,26.9,26.0,18.39721,76.56784,ERA5,Asia/Kolkata,Open-Meteo Historical Weather API
MH-Latur,2020-10-11,23.4,24.9,22.0,18.6,18.6,18.0,93,1.01,0.496,0.431,0.457,24.9,25.5,18.39721,76.56784,ERA5,Asia/Kolkata,Open-Meteo Historical Weather API
MH-Latur,2020-10-12,24.0,27.7,22.0,9.4,9.4,11.0,91,1.92,0.495,0.483,0.456,24.9,24.9,18.39721,76.56784,ERA5,Asia/Kolkata,Open-Meteo Historical Weather API
MH-Latur,2020-10-13,24.4,27.7,22.3,16.0,16.0,13.0,89,2.0,0.497,0.494,0.458,24.7,24.8,18.39721,76.56784,ERA5,Asia/Kolkata,Open-Meteo Historical Weather API
MH-Latur,2020-10-14,23.7,25.8,22.5,53.8,53.8,22.0,93,1.2,0.508,0.516,0.499,24.0,24.3,18.39721,76.56784,ERA5,Asia/Kolkata,Open-Meteo Historical Weather API
MH-Latur,2020-10-15,24.1,27.0,22.6,3.6,3.6,12.0,88,2.09,0.499,0.506,0.511,24.4,24.1,18.39721,76.56784,ERA5,Asia/Kolkata,Open-Meteo Historical Weather API
MH-Latur,2020-10-16,25.0,28.7,22.0,0.0,0.0,0.0,83,3.18,0.483,0.493,0.507,25.2,24.6,18.39721,76.56784,ERA5,Asia/Kolkata,Open-Meteo Historical Weather API
MH-Latur,2020-10-17,25.8,30.3,22.6,0.7,0.7,3.0,81,3.55,0.472,0.478,0.503,26.2,25.1,18.39721,76.56784,ERA5,Asia/Kolkata,Open-Meteo Historical Weather API
MH-Latur,2020-10-18,25.5,28.9,22.3,2.3,2.3,7.0,83,2.95,0.471,0.471,0.499,26.5,25.5,18.39721,76.56784,ERA5,Asia/Kolkata,Open-Meteo Historical Weather API
MH-Latur,2020-10-19,25.4,29.5,22.4,1.4,1.4,5.0,85,3.45,0.472,0.466,0.496,26.4,25.6,18.39721,76.56784,ERA5,Asia/Kolkata,Open-Meteo Historical Weather API
MH-Latur,2020-10-20,25.4,30.0,22.1,1.5,1.5,6.0,82,3.59,0.468,0.462,0.493,26.2,25.7,18.39721,76.56784,ERA5,Asia/Kolkata,Open-Meteo Historical Weather API
MH-Latur,2020-10-21,25.3,30.0,22.2,0.0,0.0,0.0,79,3.92,0.452,0.456,0.49,26.0,25.6,18.39721,76.56784,ERA5,Asia/Kolkata,Open-Meteo Historical Weather API
MH-Latur,2020-10-22,25.3,29.5,20.8,0.3,0.3,2.0,80,3.6,0.439,0.449,0.487,25.9,25.4,18.39721,76.56784,ERA5,Asia/Kolkata,Open-Meteo Historical Weather API
MH-Latur,2020-10-23,25.7,30.3,21.9,0.0,0.0,0.0,74,4.29,0.427,0.441,0.484,26.1,25.5,18.39721,76.56784,ERA5,Asia/Kolkata,Open-Meteo Historical Weather API
MH-Latur,2020-10-24,26.0,31.6,22.7,0.0,0.0,0.0,66,4.02,0.412,0.432,0.48,25.8,25.5,18.39721,76.56784,ERA5,Asia/Kolkata,Open-Meteo Historical Weather API
MH-Latur,2020-10-25,24.7,30.0,22.1,0.5,0.5,1.0,76,3.11,0.401,0.425,0.477,25.4,25.3,18.39721,76.56784,ERA5,Asia/Kolkata,Open-Meteo Historical Weather API
MH-Latur,2020-10-26,25.1,29.6,20.8,0.3,0.3,1.0,76,3.56,0.393,0.418,0.475,25.6,25.1,18.39721,76.56784,ERA5,Asia/Kolkata,Open-Meteo Historical Weather API
MH-Latur,2020-10-27,24.6,29.4,19.9,0.3,0.3,3.0,76,3.42,0.384,0.411,0.472,25.1,25.0,18.39721,76.56784,ERA5,Asia/Kolkata,Open-Meteo Historical Weather API
MH-Latur,2020-10-28,24.0,30.6,18.7,0.0,0.0,0.0,66,4.24,0.374,0.405,0.469,24.4,24.5,18.39721,76.56784,ERA5,Asia/Kolkata,Open-Meteo Historical Weather API
MH-Latur,2020-10-29,23.7,30.6,18.2,0.0,0.0,0.0,57,4.92,0.361,0.398,0.465,23.7,24.0,18.39721,76.56784,ERA5,Asia/Kolkata,Open-Meteo Historical Weather API
MH-Latur,2020-10-30,24.0,30.3,18.7,0.0,0.0,0.0,59,4.47,0.349,0.39,0.462,23.7,23.7,18.39721,76.56784,ERA5,Asia/Kolkata,Open-Meteo Historical Weather API
MH-Latur,2020-10-31,24.7,30.2,20.5,0.0,0.0,0.0,62,4.44,0.338,0.383,0.459,24.6,24.1,18.39721,76.56784,ERA5,Asia/Kolkata,Open-Meteo Historical Weather API
MH-Latur,2020-11-01,24.1,30.5,18.7,0.0,0.0,0.0,66,4.53,0.327,0.375,0.455,24.4,24.3,18.39721,76.56784,ERA5,Asia/Kolkata,Open-Meteo Historical Weather API
MH-Latur,2020-11-02,24.0,30.8,18.5,0.0,0.0,0.0,62,4.7,0.315,0.365,0.451,24.2,24.3,18.39721,76.56784,ERA5,Asia/Kolkata,Open-Meteo Historical Weather API
MH-Latur,2020-11-03,23.5,30.5,18.3,0.0,0.0,0.0,61,4.78,0.303,0.356,0.446,24.1,24.1,18.39721,76.56784,ERA5,Asia/Kolkata,Open-Meteo Historical Weather API
MH-Latur,2020-11-04,22.9,30.7,18.0,0.0,0.0,0.0,62,4.64,0.295,0.349,0.441,23.5,23.8,18.39721,76.56784,ERA5,Asia/Kolkata,Open-Meteo Historical Weather API
MH-Latur,2020-11-05,22.6,30.0,16.8,0.0,0.0,0.0,56,4.69,0.291,0.344,0.436,22.9,23.3,18.39721,76.56784,ERA5,Asia/Kolkata,Open-Meteo Historical Weather API
MH-Latur,2020-11-06,22.4,29.5,16.3,0.0,0.0,0.0,56,4.78,0.286,0.339,0.431,22.6,22.9,18.39721,76.56784,ERA5,Asia/Kolkata,Open-Meteo Historical Weather API
MH-Latur,2020-11-07,23.4,29.9,17.4,0.0,0.0,0.0,61,4.49,0.281,0.332,0.425,23.6,23.2,18.39721,76.56784,ERA5,Asia/Kolkata,Open-Meteo Historical Weather API
MH-Latur,2020-11-08,22.2,29.3,17.3,0.0,0.0,0.0,57,4.64,0.278,0.326,0.419,23.4,23.5,18.39721,76.56784,ERA5,Asia/Kolkata,Open-Meteo Historical Weather API
MH-Latur,2020-11-09,20.7,28.6,14.6,0.0,0.0,0.0,55,4.72,0.274,0.32,0.413,21.9,22.8,18.39721,76.56784,ERA5,Asia/Kolkata,Open-Meteo Historical Weather API
MH-Latur,2020-11-10,20.0,28.2,13.1,0.0,0.0,0.0,55,4.71,0.273,0.315,0.408,21.1,22.1,18.39721,76.56784,ERA5,Asia/Kolkata,Open-Meteo Historical Weather API
MH-Latur,2020-11-11,20.5,28.5,13.3,0.0,0.0,0.0,57,4.64,0.271,0.31,0.402,21.3,21.8,18.39721,76.56784,ERA5,Asia/Kolkata,Open-Meteo Historical Weather API
MH-Latur,2020-11-12,22.4,30.0,15.2,0.0,0.0,0.0,65,4.29,0.27,0.305,0.397,22.3,22.1,18.39721,76.56784,ERA5,Asia/Kolkata,Open-Meteo Historical Weather API
MH-Latur,2020-11-13,24.8,29.9,19.2,0.0,0.0,0.0,72,3.62,0.267,0.3,0.392,24.8,23.5,18.39721,76.56784,ERA5,Asia/Kolkata,Open-Meteo Historical Weather API
MH-Latur,2020-11-14,25.5,31.2,19.8,0.0,0.0,0.0,66,4.41,0.266,0.296,0.388,25.8,24.5,18.39721,76.56784,ERA5,Asia/Kolkata,Open-Meteo Historical Weather API
MH-Latur,2020-11-15,24.8,31.3,19.2,0.0,0.0,0.0,65,4.39,0.265,0.293,0.384,25.5,24.9,18.39721,76.56784,ERA5,Asia/Kolkata,Open-Meteo Historical Weather API
MH-Latur,2020-11-16,25.5,30.9,20.0,0.0,0.0,0.0,65,3.47,0.263,0.293,0.382,25.5,24.9,18.39721,76.56784,ERA5,Asia/Kolkata,Open-Meteo Historical Weather API
MH-Latur,2020-11-17,25.5,31.8,20.3,0.0,0.0,0.0,58,4.59,0.262,0.291,0.379,26.1,25.1,18.39721,76.56784,ERA5,Asia/Kolkata,Open-Meteo Historical Weather API
MH-Latur,2020-11-18,25.5,32.5,19.9,0.0,0.0,0.0,59,4.23,0.262,0.29,0.377,25.9,25.2,18.39721,76.56784,ERA5,Asia/Kolkata,Open-Meteo Historical Weather API
MH-Latur,2020-11-19,26.0,31.8,21.9,0.0,0.0,0.0,65,3.97,0.262,0.289,0.374,26.7,25.6,18.39721,76.56784,ERA5,Asia/Kolkata,Open-Meteo Historical Weather API
MH-Latur,2020-11-20,26.1,31.3,22.0,0.0,0.0,0.0,60,3.87,0.26,0.287,0.371,27.2,26.0,18.39721,76.56784,ERA5,Asia/Kolkata,Open-Meteo Historical Weather API
MH-Latur,2020-11-21,24.9,29.2,20.9,0.2,0.2,2.0,72,3.15,0.261,0.286,0.369,26.3,26.0,18.39721,76.56784,ERA5,Asia/Kolkata,Open-Meteo Historical Weather API
MH-Latur,2020-11-22,25.0,29.8,21.2,0.1,0.1,1.0,70,3.38,0.264,0.286,0.368,26.1,25.8,18.39721,76.56784,ERA5,Asia/Kolkata,Open-Meteo Historical Weather API
MH-Latur,2020-11-23,24.1,29.5,20.2,0.0,0.0,0.0,67,3.55,0.265,0.287,0.368,25.5,25.7,18.39721,76.56784,ERA5,Asia/Kolkata,Open-Meteo Historical Weather API
MH-Latur,2020-11-24,23.3,29.4,19.9,0.0,0.0,0.0,57,4.14,0.267,0.29,0.369,25.0,25.4,18.39721,76.56784,ERA5,Asia/Kolkata,Open-Meteo Historical Weather API
MH-Latur,2020-11-25,22.3,29.5,15.8,0.0,0.0,0.0,53,4.58,0.272,0.293,0.371,23.7,24.4,18.39721,76.56784,ERA5,Asia/Kolkata,Open-Meteo Historical Weather API
MH-Latur,2020-11-26,22.8,29.4,17.4,0.0,0.0,0.0,60,4.01,0.276,0.295,0.371,23.5,23.9,18.39721,76.56784,ERA5,Asia/Kolkata,Open-Meteo Historical Weather API
MH-Latur,2020-11-27,21.8,24.8,18.9,0.0,0.0,0.0,69,3.18,0.276,0.295,0.371,23.2,23.8,18.39721,76.56784,ERA5,Asia/Kolkata,Open-Meteo Historical Weather API
MH-Latur,2020-11-28,22.5,26.4,19.1,0.0,0.0,0.0,68,3.34,0.274,0.295,0.37,23.5,23.5,18.39721,76.56784,ERA5,Asia/Kolkata,Open-Meteo Historical Weather API
MH-Latur,2020-11-29,23.9,27.6,20.2,0.0,0.0,0.0,72,2.45,0.275,0.293,0.368,24.4,23.9,18.39721,76.56784,ERA5,Asia/Kolkata,Open-Meteo Historical Weather API
MH-Latur,2020-11-30,24.0,29.2,20.0,0.0,0.0,0.0,70,2.96,0.273,0.291,0.366,24.7,24.3,18.39721,76.56784,ERA5,Asia/Kolkata,Open-Meteo Historical Weather API
MH-Latur,2020-12-01,23.3,29.4,18.2,0.0,0.0,0.0,67,3.67,0.272,0.291,0.364,24.4,24.3,18.39721,76.56784,ERA5,Asia/Kolkata,Open-Meteo Historical Weather API
MH-Latur,2020-12-02,22.4,29.9,16.6,0.0,0.0,0.0,58,4.3,0.271,0.288,0.362,23.6,23.9,18.39721,76.56784,ERA5,Asia/Kolkata,Open-Meteo Historical Weather API
MH-Latur,2020-12-03,21.8,29.9,15.3,0.0,0.0,0.0,54,4.39,0.27,0.287,0.36,23.0,23.4,18.39721,76.56784,ERA5,Asia/Kolkata,Open-Meteo Historical Weather API
MH-Latur,2020-12-04,21.2,29.9,14.2,0.0,0.0,0.0,55,4.41,0.273,0.29,0.362,22.3,23.0,18.39721,76.56784,ERA5,Asia/Kolkata,Open-Meteo Historical Weather API
MH-Latur,2020-12-05,21.4,29.8,13.8,0.0,0.0,0.0,52,4.54,0.273,0.292,0.363,22.3,22.7,18.39721,76.56784,ERA5,Asia/Kolkata,Open-Meteo Historical Weather API
MH-Latur,2020-12-06,21.3,30.1,13.2,0.0,0.0,0.0,51,4.66,0.272,0.29,0.36,21.9,22.4,18.39721,76.56784,ERA5,Asia/Kolkata,Open-Meteo Historical Weather API
MH-Latur,2020-12-07,21.8,30.1,14.8,0.0,0.0,0.0,52,4.56,0.272,0.287,0.357,22.3,22.3,18.39721,76.56784,ERA5,Asia/Kolkata,Open-Meteo Historical Weather API
MH-Latur,2020-12-08,22.3,31.2,14.5,0.0,0.0,0.0,47,4.71,0.27,0.284,0.354,22.7,22.5,18.39721,76.56784,ERA5,Asia/Kolkata,Open-Meteo Historical Weather API
MH-Latur,2020-12-09,22.5,30.7,15.8,0.0,0.0,0.0,49,4.21,0.269,0.282,0.351,23.1,22.8,18.39721,76.56784,ERA5,Asia/Kolkata,Open-Meteo Historical Weather API
MH-Latur,2020-12-10,23.7,30.8,18.6,0.0,0.0,0.0,45,4.37,0.267,0.281,0.348,24.1,23.3,18.39721,76.56784,ERA5,Asia/Kolkata,Open-Meteo Historical Weather API
MH-Latur,2020-12-11,24.2,30.4,19.0,0.0,0.0,0.0,50,4.29,0.264,0.281,0.345,24.7,23.9,18.39721,76.56784,ERA5,Asia/Kolkata,Open-Meteo Historical Weather API
MH-Latur,2020-12-12,24.3,30.2,20.0,0.0,0.0,0.0,49,4.6,0.265,0.282,0.343,25.3,24.5,18.39721,76.56784,ERA5,Asia/Kolkata,Open-Meteo Historical Weather API
MH-Latur,2020-12-13,23.4,28.7,19.0,0.0,0.0,0.0,55,3.78,0.265,0.286,0.345,24.8,24.6,18.39721,76.56784,ERA5,Asia/Kolkata,Open-Meteo Historical Weather API
MH-Latur,2020-12-14,23.7,28.9,20.1,0.4,0.4,2.0,58,3.7,0.263,0.286,0.345,24.9,24.6,18.39721,76.56784,ERA5,Asia/Kolkata,Open-Meteo Historical Weather API
MH-Latur,2020-12-15,23.7,29.7,18.5,0.0,0.0,0.0,60,3.63,0.264,0.287,0.345,24.9,24.5,18.39721,76.56784,ERA5,Asia/Kolkata,Open-Meteo Historical Weather API
MH-Latur,2020-12-16,23.5,29.9,18.4,0.0,0.0,0.0,59,4.14,0.264,0.288,0.346,24.8,24.6,18.39721,76.56784,ERA5,Asia/Kolkata,Open-Meteo Historical Weather API
MH-Latur,2020-12-17,23.0,29.2,18.8,0.0,0.0,0.0,60,4.1,0.264,0.288,0.346,24.5,24.5,18.39721,76.56784,ERA5,Asia/Kolkata,Open-Meteo Historical Weather API
MH-Latur,2020-12-18,22.1,28.5,17.0,0.0,0.0,0.0,66,3.63,0.27,0.291,0.348,23.5,24.0,18.39721,76.56784,ERA5,Asia/Kolkata,Open-Meteo Historical Weather API
MH-Latur,2020-12-19,21.6,27.8,16.3,0.0,0.0,0.0,60,4.07,0.274,0.291,0.348,23.0,23.4,18.39721,76.56784,ERA5,Asia/Kolkata,Open-Meteo Historical Weather API
MH-Latur,2020-12-20,20.1,27.3,14.5,0.0,0.0,0.0,52,4.24,0.273,0.291,0.347,21.8,22.7,18.39721,76.56784,ERA5,Asia/Kolkata,Open-Meteo Historical Weather API
MH-Latur,2020-12-21,19.1,27.6,12.2,0.0,0.0,0.0,45,4.4,0.273,0.289,0.346,20.8,21.8,18.39721,76.56784,ERA5,Asia/Kolkata,Open-Meteo Historical Weather API
MH-Latur,2020-12-22,18.6,27.7,10.8,0.0,0.0,0.0,48,4.29,0.273,0.287,0.344,20.1,21.3,18.39721,76.56784,ERA5,Asia/Kolkata,Open-Meteo Historical Weather API
MH-Latur,2020-12-23,19.3,27.4,11.4,0.0,0.0,0.0,49,4.21,0.276,0.288,0.344,20.3,21.1,18.39721,76.56784,ERA5,Asia/Kolkata,Open-Meteo Historical Weather API
MH-Latur,2020-12-24,20.6,28.6,13.2,0.0,0.0,0.0,52,4.24,0.278,0.287,0.344,21.2,21.4,18.39721,76.56784,ERA5,Asia/Kolkata,Open-Meteo Historical Weather API
MH-Latur,2020-12-25,20.7,28.1,14.5,0.0,0.0,0.0,58,4.07,0.277,0.287,0.344,21.7,21.9,18.39721,76.56784,ERA5,Asia/Kolkata,Open-Meteo Historical Weather API
MH-Latur,2020-12-26,20.6,28.6,14.0,0.0,0.0,0.0,58,4.03,0.278,0.289,0.345,21.8,22.0,18.39721,76.56784,ERA5,Asia/Kolkata,Open-Meteo Historical Weather API
MH-Latur,2020-12-27,21.3,30.0,14.3,0.0,0.0,0.0,56,4.08,0.28,0.292,0.347,22.0,22.1,18.39721,76.56784,ERA5,Asia/Kolkata,Open-Meteo Historical Weather API
MH-Latur,2020-12-28,22.0,29.6,16.8,0.0,0.0,0.0,56,4.0,0.282,0.292,0.347,22.7,22.5,18.39721,76.56784,ERA5,Asia/Kolkata,Open-Meteo Historical Weather API
MH-Latur,2020-12-29,21.7,29.2,15.4,0.0,0.0,0.0,60,4.07,0.284,0.295,0.349,22.4,22.6,18.39721,76.56784,ERA5,Asia/Kolkata,Open-Meteo Historical Weather API
MH-Latur,2020-12-30,22.0,29.0,16.9,0.0,0.0,0.0,58,4.35,0.285,0.296,0.35,22.8,22.8,18.39721,76.56784,ERA5,Asia/Kolkata,Open-Meteo Historical Weather API
MH-Latur,2020-12-31,21.8,27.6,16.8,0.0,0.0,0.0,67,3.3,0.288,0.3,0.354,22.4,22.7,18.39721,76.56784,ERA5,Asia/Kolkata,Open-Meteo Historical Weather API
MH-Latur,2021-01-01,22.6,27.6,17.5,0.0,0.0,0.0,68,3.24,0.29,0.304,0.356,22.9,22.9,18.39721,76.56784,ERA5,Asia/Kolkata,Open-Meteo Historical Weather API
MH-Latur,2021-01-02,22.0,28.0,17.3,0.0,0.0,0.0,66,3.72,0.296,0.305,0.357,23.2,23.2,18.39721,76.56784,ERA5,Asia/Kolkata,Open-Meteo Historical Weather API
MH-Latur,2021-01-03,21.4,28.0,16.0,0.0,0.0,0.0,60,4.0,0.295,0.307,0.359,22.4,22.7,18.39721,76.56784,ERA5,Asia/Kolkata,Open-Meteo Historical Weather API
MH-Latur,2021-01-04,22.1,27.0,17.6,0.0,0.0,0.0,61,3.33,0.295,0.306,0.358,22.6,22.7,18.39721,76.56784,ERA5,Asia/Kolkata,Open-Meteo Historical Weather API
MH-Latur,2021-01-05,22.1,27.4,18.3,0.0,0.0,0.0,62,2.92,0.294,0.305,0.357,22.9,22.7,18.39721,76.56784,ERA5,Asia/Kolkata,Open-Meteo Historical Weather API
MH-Latur,2021-01-06,24.3,29.5,19.5,0.0,0.0,0.0,62,3.82,0.29,0.302,0.355,24.6,23.2,18.39721,76.56784,ERA5,Asia/Kolkata,Open-Meteo Historical Weather API
MH-Latur,2021-01-07,23.7,27.9,20.6,0.0,0.0,0.0,76,2.72,0.287,0.3,0.353,24.4,23.8,18.39721,76.56784,ERA5,Asia/Kolkata,Open-Meteo Historical Weather API
MH-Latur,2021-01-08,24.6,29.1,21.1,0.4,0.4,2.0,67,3.55,0.29,0.3,0.353,25.2,24.0,18.39721,76.56784,ERA5,Asia/Kolkata,Open-Meteo Historical Weather API
MH-Latur,2021-01-09,24.9,29.4,21.2,0.0,0.0,0.0,66,3.49,0.287,0.299,0.352,25.3,24.4,18.39721,76.56784,ERA5,Asia/Kolkata,Open-Meteo Historical Weather API
MH-Latur,2021-01-10,24.5,30.9,19.2,0.0,0.0,0.0,51,4.42,0.286,0.299,0.352,25.3,24.5,18.39721,76.56784,ERA5,Asia/Kolkata,Open-Meteo Historical Weather API
MH-Latur,2021-01-11,23.8,31.7,17.9,0.0,0.0,0.0,51,4.67,0.283,0.298,0.351,24.5,24.2,18.39721,76.56784,ERA5,Asia/Kolkata,Open-Meteo Historical Weather API
MH-Latur,2021-01-12,23.9,31.0,18.5,0.0,0.0,0.0,57,4.22,0.282,0.295,0.349,24.0,24.0,18.39721,76.56784,ERA5,Asia/Kolkata,Open-Meteo Historical Weather API
MH-Latur,2021-01-13,23.3,30.3,17.6,0.0,0.0,0.0,61,4.18,0.279,0.293,0.347,24.3,24.0,18.39721,76.56784,ERA5,Asia/Kolkata,Open-Meteo Historical Weather API
MH-Latur,2021-01-14,23.5,30.7,17.8,0.0,0.0,0.0,59,4.23,0.277,0.292,0.346,24.5,24.2,18.39721,76.56784,ERA5,Asia/Kolkata,Open-Meteo Historical Weather API
MH-Latur,2021-01-15,23.8,30.3,18.5,0.0,0.0,0.0,59,4.26,0.276,0.292,0.345,24.8,24.4,18.39721,76.56784,ERA5,Asia/Kolkata,Open-Meteo Historical Weather API
MH-Latur,2021-01-16,24.4,30.5,19.2,0.0,0.0,0.0,59,4.05,0.278,0.293,0.346,25.3,24.8,18.39721,76.56784,ERA5,Asia/Kolkata,Open-Meteo Historical Weather API
MH-Latur,2021-01-17,24.4,30.0,19.9,0.0,0.0,0.0,59,3.62,0.28,0.293,0.346,24.8,24.9,18.39721,76.56784,ERA5,Asia/Kolkata,Open-Meteo Historical Weather API
MH-Latur,2021-01-18,24.6,30.1,20.7,0.0,0.0,0.0,57,4.21,0.28,0.296,0.347,25.5,25.2,18.39721,76.56784,ERA5,Asia/Kolkata,Open-Meteo Historical Weather API
MH-Latur,2021-01-19,24.2,30.8,19.2,0.0,0.0,0.0,59,4.08,0.277,0.295,0.347,25.4,25.2,18.39721,76.56784,ERA5,Asia/Kolkata,Open-Meteo Historical Weather API
MH-Latur,2021-01-20,24.5,31.1,19.2,0.0,0.0,0.0,58,4.31,0.275,0.295,0.346,25.4,25.1,18.39721,76.56784,ERA5,Asia/Kolkata,Open-Meteo Historical Weather API
MH-Latur,2021-01-21,24.1,30.8,18.7,0.0,0.0,0.0,62,4.14,0.275,0.292,0.344,25.2,25.1,18.39721,76.56784,ERA5,Asia/Kolkata,Open-Meteo Historical Weather API
MH-Latur,2021-01-22,23.9,31.5,18.1,0.0,0.0,0.0,60,4.29,0.273,0.291,0.343,25.1,25.0,18.39721,76.56784,ERA5,Asia/Kolkata,Open-Meteo Historical Weather API
MH-Latur,2021-01-23,24.0,31.7,17.8,0.0,0.0,0.0,60,4.29,0.272,0.291,0.343,25.2,25.0,18.39721,76.56784,ERA5,Asia/Kolkata,Open-Meteo Historical Weather API
MH-Latur,2021-01-24,24.8,32.0,18.9,0.0,0.0,0.0,57,4.28,0.269,0.29,0.342,25.6,25.1,18.39721,76.56784,ERA5,Asia/Kolkata,Open-Meteo Historical Weather API
MH-Latur,2021-01-25,24.3,31.2,18.6,0.0,0.0,0.0,59,4.27,0.268,0.29,0.343,25.5,25.2,18.39721,76.56784,ERA5,Asia/Kolkata,Open-Meteo Historical Weather API
MH-Latur,2021-01-26,24.4,31.4,19.0,0.0,0.0,0.0,56,4.29,0.268,0.289,0.341,25.7,25.5,18.39721,76.56784,ERA5,Asia/Kolkata,Open-Meteo Historical Weather API
MH-Latur,2021-01-27,24.2,31.3,19.0,0.0,0.0,0.0,55,4.56,0.268,0.286,0.338,25.5,25.5,18.39721,76.56784,ERA5,Asia/Kolkata,Open-Meteo Historical Weather API
MH-Latur,2021-01-28,24.0,29.8,17.9,0.0,0.0,0.0,56,4.43,0.268,0.289,0.338,25.0,25.3,18.39721,76.56784,ERA5,Asia/Kolkata,Open-Meteo Historical Weather API
MH-Latur,2021-01-29,24.0,29.4,19.4,0.0,0.0,0.0,54,4.01,0.267,0.288,0.338,25.2,25.3,18.39721,76.56784,ERA5,Asia/Kolkata,Open-Meteo Historical Weather API
MH-Latur,2021-01-30,23.9,29.4,19.3,0.0,0.0,0.0,53,4.21,0.266,0.287,0.337,25.3,25.4,18.39721,76.56784,ERA5,Asia/Kolkata,Open-Meteo Historical Weather API
MH-Latur,2021-01-31,23.5,28.8,18.3,0.0,0.0,0.0,57,3.81,0.266,0.287,0.337,24.9,25.3,18.39721,76.56784,ERA5,Asia/Kolkata,Open-Meteo Historical Weather API
MH-Latur,2021-02-01,23.5,29.9,18.7,0.0,0.0,0.0,55,4.52,0.268,0.291,0.339,25.0,25.2,18.39721,76.56784,ERA5,Asia/Kolkata,Open-Meteo Historical Weather API
MH-Latur,2021-02-02,22.1,30.1,15.7,0.0,0.0,0.0,47,5.08,0.269,0.293,0.339,23.8,24.4,18.39721,76.56784,ERA5,Asia/Kolkata,Open-Meteo Historical Weather API
MH-Latur,2021-02-03,22.4,30.2,15.7,0.0,0.0,0.0,37,5.45,0.266,0.289,0.336,23.7,23.9,18.39721,76.56784,ERA5,Asia/Kolkata,Open-Meteo Historical Weather API
MH-Latur,2021-02-04,22.3,30.1,16.0,0.0,0.0,0.0,40,5.24,0.265,0.286,0.333,23.7,23.9,18.39721,76.56784,ERA5,Asia/Kolkata,Open-Meteo Historical Weather API
MH-Latur,2021-02-05,22.7,30.3,16.3,0.0,0.0,0.0,46,5.02,0.264,0.287,0.333,23.8,23.9,18.39721,76.56784,ERA5,Asia/Kolkata,Open-Meteo Historical Weather API
MH-Latur,2021-02-06,22.7,29.8,16.9,0.0,0.0,0.0,46,4.96,0.266,0.288,0.334,24.2,24.0,18.39721,76.56784,ERA5,Asia/Kolkata,Open-Meteo Historical Weather API
MH-Latur,2021-02-07,21.4,28.7,15.5,0.0,0.0,0.0,46,5.19,0.27,0.29,0.335,23.4,23.8,18.39721,76.56784,ERA5,Asia/Kolkata,Open-Meteo Historical Weather API
MH-Latur,2021-02-08,20.6,28.8,13.5,0.0,0.0,0.0,43,5.21,0.271,0.292,0.336,22.5,23.1,18.39721,76.56784,ERA5,Asia/Kolkata,Open-Meteo Historical Weather API
MH-Latur,2021-02-09,21.2,31.1,12.9,0.0,0.0,0.0,38,5.26,0.27,0.29,0.334,22.4,22.7,18.39721,76.56784,ERA5,Asia/Kolkata,Open-Meteo Historical Weather API
MH-Latur,2021-02-10,22.6,31.5,13.9,0.0,0.0,0.0,41,5.05,0.27,0.286,0.331,23.3,23.1,18.39721,76.56784,ERA5,Asia/Kolkata,Open-Meteo Historical Weather API
MH-Latur,2021-02-11,23.5,32.1,15.9,0.0,0.0,0.0,40,5.21,0.266,0.284,0.328,24.1,23.7,18.39721,76.56784,ERA5,Asia/Kolkata,Open-Meteo Historical Weather API
MH-Latur,2021-02-12,23.9,31.5,18.2,0.0,0.0,0.0,45,5.37,0.268,0.286,0.33,25.1,24.4,18.39721,76.56784,ERA5,Asia/Kolkata,Open-Meteo Historical Weather API
MH-Latur,2021-02-13,24.0,31.6,18.3,0.0,0.0,0.0,44,5.49,0.269,0.288,0.33,25.2,24.6,18.39721,76.56784,ERA5,Asia/Kolkata,Open-Meteo Historical Weather API
MH-Latur,2021-02-14,24.5,31.8,17.5,0.0,0.0,0.0,45,5.12,0.27,0.289,0.331,25.4,24.7,18.39721,76.56784,ERA5,Asia/Kolkata,Open-Meteo Historical Weather API
MH-Latur,2021-02-15,25.3,32.0,19.7,0.0,0.0,0.0,43,5.5,0.271,0.29,0.331,26.0,25.2,18.39721,76.56784,ERA5,Asia/Kolkata,Open-Meteo Historical Weather API
MH-Latur,2021-02-16,25.4,31.9,19.1,0.0,0.0,0.0,43,5.74,0.27,0.289,0.33,25.9,25.2,18.39721,76.56784,ERA5,Asia/Kolkata,Open-Meteo Historical Weather API
MH-Latur,2021-02-17,25.4,31.7,20.9,0.0,0.0,0.0,45,4.98,0.276,0.29,0.33,26.5,25.6,18.39721,76.56784,ERA5,Asia/Kolkata,Open-Meteo Historical Weather API
MH-Latur,2021-02-18,23.2,28.1,19.2,0.7,0.7,4.0,50,4.63,0.278,0.291,0.332,25.2,25.4,18.39721,76.56784,ERA5,Asia/Kolkata,Open-Meteo Historical Weather API
MH-Latur,2021-02-19,18.5,21.5,15.7,14.0,14.0,13.0,78,2.13,0.355,0.298,0.333,21.4,23.5,18.39721,76.56784,ERA5,Asia/Kolkata,Open-Meteo Historical Weather API
MH-Latur,2021-02-20,21.1,27.6,14.7,0.0,0.0,0.0,66,4.19,0.381,0.31,0.333,21.8,21.9,18.39721,76.56784,ERA5,Asia/Kolkata,Open-Meteo Historical Weather API
MH-Latur,2021-02-21,22.9,29.1,17.4,0.0,0.0,0.0,59,4.55,0.358,0.308,0.331,23.5,22.8,18.39721,76.56784,ERA5,Asia/Kolkata,Open-Meteo Historical Weather API
MH-Latur,2021-02-22,23.7,30.2,17.7,0.0,0.0,0.0,57,5.0,0.34,0.305,0.329,24.3,23.6,18.39721,76.56784,ERA5,Asia/Kolkata,Open-Meteo Historical Weather API
MH-Latur,2021-02-23,24.4,32.1,17.7,0.0,0.0,0.0,49,5.34,0.325,0.305,0.329,24.7,24.1,18.39721,76.56784,ERA5,Asia/Kolkata,Open-Meteo Historical Weather API
MH-Latur,2021-02-24,24.9,33.0,18.5,0.0,0.0,0.0,46,5.5,0.312,0.305,0.33,24.9,24.4,18.39721,76.56784,ERA5,Asia/Kolkata,Open-Meteo Historical Weather API
MH-Latur,2021-02-25,25.9,34.3,18.2,0.0,0.0,0.0,44,5.64,0.302,0.303,0.33,26.1,24.9,18.39721,76.56784,ERA5,Asia/Kolkata,Open-Meteo Historical Weather API
MH-Latur,2021-02-26,26.4,33.5,20.5,0.0,0.0,0.0,43,5.57,0.292,0.3,0.328,26.5,25.5,18.39721,76.56784,ERA5,Asia/Kolkata,Open-Meteo Historical Weather API
MH-Latur,2021-02-27,26.4,34.4,19.7,0.0,0.0,0.0,39,6.04,0.284,0.297,0.326,26.7,25.9,18.39721,76.56784,ERA5,Asia/Kolkata,Open-Meteo Historical Weather API
MH-Latur,2021-02-28,27.0,35.4,19.8,0.0,0.0,0.0,37,6.23,0.279,0.294,0.324,27.2,26.1,18.39721,76.56784,ERA5,Asia/Kolkata,Open-Meteo Historical Weather API
MH-Latur,2021-03-01,28.0,35.2,22.7,0.0,0.0,0.0,35,5.23,0.276,0.29,0.32,27.8,26.6,18.39721,76.56784,ERA5,Asia/Kolkata,Open-Meteo Historical Weather API
MH-Latur,2021-03-02,27.9,35.9,22.1,0.0,0.0,0.0,33,6.72,0.271,0.286,0.318,28.3,27.0,18.39721,76.56784,ERA5,Asia/Kolkata,Open-Meteo Historical Weather API
MH-Latur,2021-03-03,27.2,35.9,19.5,0.0,0.0,0.0,31,6.83,0.267,0.285,0.317,27.7,26.9,18.39721,76.56784,ERA5,Asia/Kolkata,Open-Meteo Historical Weather API
MH-Latur,2021-03-04,26.7,35.9,18.5,0.0,0.0,0.0,31,6.56,0.265,0.284,0.316,27.6,26.9,18.39721,76.56784,ERA5,Asia/Kolkata,Open-Meteo Historical Weather API
MH-Latur,2021-03-05,27.9,35.6,21.5,0.0,0.0,0.0,32,6.27,0.263,0.284,0.316,28.4,27.2,18.39721,76.56784,ERA5,Asia/Kolkata,Open-Meteo Historical Weather API
MH-Latur,2021-03-06,27.5,36.1,18.3,0.0,0.0,0.0,33,6.25,0.264,0.285,0.317,28.1,27.3,18.39721,76.56784,ERA5,Asia/Kolkata,Open-Meteo Historical Weather API
MH-Latur,2021-03-07,28.5,36.3,21.3,0.0,0.0,0.0,31,5.99,0.262,0.285,0.317,28.5,27.5,18.39721,76.56784,ERA5,Asia/Kolkata,Open-Meteo Historical Weather API
MH-Latur,2021-03-08,28.0,35.7,19.7,0.0,0.0,0.0,37,5.95,0.264,0.287,0.319,28.6,27.7,18.39721,76.56784,ERA5,Asia/Kolkata,Open-Meteo Historical Weather API
MH-Latur,2021-03-09,28.0,34.5,23.0,0.0,0.0,0.0,38,5.96,0.266,0.291,0.323,29.0,28.2,18.39721,76.56784,ERA5,Asia/Kolkata,Open-Meteo Historical Weather API
MH-Latur,2021-03-10,28.4,35.3,23.2,0.0,0.0,0.0,36,6.5,0.267,0.297,0.329,29.3,28.4,18.39721,76.56784,ERA5,Asia/Kolkata,Open-Meteo Historical Weather API
MH-Latur,2021-03-11,28.0,34.6,22.7,0.0,0.0,0.0,36,6.49,0.271,0.297,0.33,28.7,28.3,18.39721,76.56784,ERA5,Asia/Kolkata,Open-Meteo Historical Weather API
MH-Latur,2021-03-12,28.1,35.1,22.8,0.0,0.0,0.0,34,7.6,0.268,0.296,0.329,28.7,27.9,18.39721,76.56784,ERA5,Asia/Kolkata,Open-Meteo Historical Weather API
MH-Latur,2021-03-13,27.5,33.7,21.4,0.0,0.0,0.0,36,6.4,0.268,0.297,0.33,28.9,28.0,18.39721,76.56784,ERA5,Asia/Kolkata,Open-Meteo Historical Weather API
MH-Latur,2021-03-14,27.0,34.8,20.5,0.0,0.0,0.0,36,6.56,0.266,0.296,0.33,28.5,27.9,18.39721,76.56784,ERA5,Asia/Kolkata,Open-Meteo Historical Weather API
MH-Latur,2021-03-15,27.3,35.1,19.4,0.0,0.0,0.0,37,6.64,0.265,0.297,0.331,28.4,27.8,18.39721,76.56784,ERA5,Asia/Kolkata,Open-Meteo Historical Weather API
MH-Latur,2021-03-16,27.8,35.5,21.2,0.0,0.0,0.0,38,6.38,0.265,0.298,0.332,28.9,28.2,18.39721,76.56784,ERA5,Asia/Kolkata,Open-Meteo Historical Weather API
MH-Latur,2021-03-17,28.0,34.9,21.6,0.0,0.0,0.0,41,5.26,0.264,0.299,0.334,28.5,28.1,18.39721,76.56784,ERA5,Asia/Kolkata,Open-Meteo Historical Weather API
MH-Latur,2021-03-18,28.6,35.4,22.5,0.0,0.0,0.0,42,6.06,0.268,0.298,0.333,29.0,28.2,18.39721,76.56784,ERA5,Asia/Kolkata,Open-Meteo Historical Weather API
MH-Latur,2021-03-19,28.5,34.8,23.3,0.0,0.0,0.0,44,5.94,0.268,0.3,0.335,29.3,28.6,18.39721,76.56784,ERA5,Asia/Kolkata,Open-Meteo Historical Weather API
MH-Latur,2021-03-20,27.1,33.4,22.5,0.0,0.0,0.0,52,5.6,0.27,0.304,0.339,28.8,28.5,18.39721,76.56784,ERA5,Asia/Kolkata,Open-Meteo Historical Weather API
MH-Latur,2021-03-21,26.9,34.4,20.2,0.0,0.0,0.0,50,5.61,0.272,0.308,0.343,28.4,28.0,18.39721,76.56784,ERA5,Asia/Kolkata,Open-Meteo Historical Weather API
MH-Latur,2021-03-22,27.5,33.6,21.2,0.0,0.0,0.0,49,5.52,0.275,0.309,0.344,28.6,28.2,18.39721,76.56784,ERA5,Asia/Kolkata,Open-Meteo Historical Weather API
MH-Latur,2021-03-23,25.6,32.2,21.3,0.8,0.8,2.0,64,5.31,0.288,0.314,0.35,27.9,28.1,18.39721,76.56784,ERA5,Asia/Kolkata,Open-Meteo Historical Weather API
MH-Latur,2021-03-24,27.6,35.0,22.2,1.2,1.2,1.0,57,5.65,0.294,0.313,0.35,28.7,27.9,18.39721,76.56784,ERA5,Asia/Kolkata,Open-Meteo Historical Weather API
MH-Latur,2021-03-25,28.4,35.7,21.5,0.2,0.2,1.0,50,6.37,0.296,0.309,0.348,28.9,28.2,18.39721,76.56784,ERA5,Asia/Kolkata,Open-Meteo Historical Weather API
MH-Latur,2021-03-26,28.9,36.2,21.4,0.0,0.0,0.0,40,6.97,0.288,0.305,0.346,29.3,28.4,18.39721,76.56784,ERA5,Asia/Kolkata,Open-Meteo Historical Weather API
MH-Latur,2021-03-27,29.0,37.2,20.7,0.0,0.0,0.0,36,7.03,0.279,0.3,0.343,29.6,28.7,18.39721,76.56784,ERA5,Asia/Kolkata,Open-Meteo Historical Weather API
MH-Latur,2021-03-28,29.0,38.1,22.0,0.0,0.0,0.0,32,7.34,0.273,0.296,0.339,29.5,28.7,18.39721,76.56784,ERA5,Asia/Kolkata,Open-Meteo Historical Weather API
MH-Latur,2021-03-29,30.6,38.9,23.9,0.0,0.0,0.0,27,7.18,0.265,0.289,0.334,30.5,28.9,18.39721,76.56784,ERA5,Asia/Kolkata,Open-Meteo Historical Weather API
MH-Latur,2021-03-30,30.5,38.6,21.9,0.0,0.0,0.0,27,8.14,0.259,0.285,0.33,30.8,29.5,18.39721,76.56784,ERA5,Asia/Kolkata,Open-Meteo Historical Weather API
MH-Latur,2021-03-31,30.7,39.2,22.8,0.0,0.0,0.0,22,8.42,0.251,0.28,0.324,31.4,29.9,18.39721,76.56784,ERA5,Asia/Kolkata,Open-Meteo Historical Weather API
MH-Latur,2021-04-01,31.0,38.5,23.9,0.0,0.0,0.0,27,8.35,0.246,0.275,0.317,31.9,30.4,18.39721,76.56784,ERA5,Asia/Kolkata,Open-Meteo Historical Weather API
MH-Latur,2021-04-02,30.3,38.2,24.1,0.0,0.0,0.0,31,7.62,0.247,0.274,0.314,32.0,30.6,18.39721,76.56784,ERA5,Asia/Kolkata,Open-Meteo Historical Weather API
MH-Latur,2021-04-03,30.8,39.1,23.5,0.0,0.0,0.0,25,7.59,0.246,0.274,0.311,32.2,30.7,18.39721,76.56784,ERA5,Asia/Kolkata,Open-Meteo Historical Weather API
MH-Latur,2021-04-04,31.0,38.4,25.1,0.0,0.0,0.0,29,8.2,0.244,0.273,0.31,32.4,31.1,18.39721,76.56784,ERA5,Asia/Kolkata,Open-Meteo Historical Weather API
MH-Latur,2021-04-05,31.2,39.2,25.1,0.0,0.0,0.0,28,8.23,0.246,0.274,0.311,32.5,31.2,18.39721,76.56784,ERA5,Asia/Kolkata,Open-Meteo Historical Weather API
MH-Latur,2021-04-06,31.5,38.4,24.8,0.0,0.0,0.0,33,6.96,0.247,0.277,0.315,32.9,31.3,18.39721,76.56784,ERA5,Asia/Kolkata,Open-Meteo Historical Weather API
MH-Latur,2021-04-07,32.4,38.4,26.3,0.0,0.0,0.0,34,6.09,0.249,0.279,0.316,33.5,31.9,18.39721,76.56784,ERA5,Asia/Kolkata,Open-Meteo Historical Weather API
MH-Latur,2021-04-08,31.2,36.2,28.2,0.0,0.0,0.0,34,4.5,0.251,0.281,0.316,32.4,31.9,18.39721,76.56784,ERA5,Asia/Kolkata,Open-Meteo Historical Weather API
MH-Latur,2021-04-09,30.2,35.9,26.7,0.0,0.0,0.0,35,5.33,0.258,0.283,0.317,31.3,30.9,18.39721,76.56784,ERA5,Asia/Kolkata,Open-Meteo Historical Weather API
MH-Latur,2021-04-10,30.0,35.7,25.8,1.8,1.8,2.0,47,5.54,0.266,0.284,0.317,31.5,30.8,18.39721,76.56784,ERA5,Asia/Kolkata,Open-Meteo Historical Weather API
MH-Latur,2021-04-11,27.7,33.4,23.5,2.2,2.2,4.0,60,5.23,0.282,0.287,0.321,30.7,30.5,18.39721,76.56784,ERA5,Asia/Kolkata,Open-Meteo Historical Weather API
MH-Latur,2021-04-12,28.1,35.0,23.8,0.2,0.2,1.0,56,5.26,0.288,0.285,0.319,30.6,30.2,18.39721,76.56784,ERA5,Asia/Kolkata,Open-Meteo Historical Weather API
MH-Latur,2021-04-13,27.9,36.0,23.2,1.4,1.4,4.0,56,5.18,0.302,0.284,0.318,30.1,30.1,18.39721,76.56784,ERA5,Asia/Kolkata,Open-Meteo Historical Weather API
MH-Latur,2021-04-14,25.8,32.0,21.8,3.5,3.5,7.0,64,5.25,0.326,0.288,0.322,28.9,29.7,18.39721,76.56784,ERA5,Asia/Kolkata,Open-Meteo Historical Weather API
MH-Latur,2021-04-15,27.3,34.9,20.0,0.0,0.0,0.0,49,6.06,0.325,0.291,0.325,29.1,29.1,18.39721,76.56784,ERA5,Asia/Kolkata,Open-Meteo Historical Weather API
MH-Latur,2021-04-16,30.0,36.6,21.7,0.0,0.0,0.0,36,7.02,0.308,0.292,0.326,30.2,29.2,18.39721,76.56784,ERA5,Asia/Kolkata,Open-Meteo Historical Weather API
MH-Latur,2021-04-17,30.4,37.3,23.9,0.0,0.0,0.0,34,6.22,0.291,0.287,0.323,31.0,29.7,18.39721,76.56784,ERA5,Asia/Kolkata,Open-Meteo Historical Weather API
MH-Latur,2021-04-18,31.1,38.0,23.3,0.0,0.0,0.0,33,6.59,0.28,0.283,0.319,31.5,30.4,18.39721,76.56784,ERA5,Asia/Kolkata,Open-Meteo Historical Weather API
MH-Latur,2021-04-19,31.8,38.1,25.4,0.0,0.0,0.0,35,6.81,0.272,0.282,0.317,32.4,31.0,18.39721,76.56784,ERA5,Asia/Kolkata,Open-Meteo Historical Weather API
MH-Latur,2021-04-20,31.9,37.6,26.1,0.0,0.0,0.0,32,7.11,0.264,0.28,0.315,33.0,31.6,18.39721,76.56784,ERA5,Asia/Kolkata,Open-Meteo Historical Weather API
MH-Latur,2021-04-21,30.8,36.8,24.9,0.0,0.0,0.0,31,7.28,0.262,0.281,0.315,32.5,31.7,18.39721,76.56784,ERA5,Asia/Kolkata,Open-Meteo Historical Weather API
MH-Latur,2021-04-22,30.8,37.8,25.7,0.0,0.0,0.0,32,7.24,0.259,0.281,0.313,32.5,31.5,18.39721,76.56784,ERA5,Asia/Kolkata,Open-Meteo Historical Weather API
MH-Latur,2021-04-23,30.2,36.4,23.9,0.0,0.0,0.0,34,5.75,0.258,0.281,0.313,31.9,31.4,18.39721,76.56784,ERA5,Asia/Kolkata,Open-Meteo Historical Weather API
MH-Latur,2021-04-24,30.9,38.2,23.4,0.0,0.0,0.0,31,6.74,0.255,0.277,0.312,32.4,31.4,18.39721,76.56784,ERA5,Asia/Kolkata,Open-Meteo Historical Weather API
MH-Latur,2021-04-25,31.7,38.8,24.3,0.0,0.0,0.0,31,6.54,0.253,0.276,0.31,33.2,31.8,18.39721,76.56784,ERA5,Asia/Kolkata,Open-Meteo Historical Weather API
MH-Latur,2021-04-26,30.5,37.1,25.5,2.6,2.6,4.0,40,6.48,0.261,0.279,0.311,32.6,32.4,18.39721,76.56784,ERA5,Asia/Kolkata,Open-Meteo Historical Weather API
MH-Latur,2021-04-27,30.6,38.1,25.4,4.0,4.0,4.0,38,6.91,0.275,0.279,0.311,32.7,32.0,18.39721,76.56784,ERA5,Asia/Kolkata,Open-Meteo Historical Weather API
MH-Latur,2021-04-28,31.0,38.0,24.8,0.0,0.0,0.0,38,6.43,0.292,0.279,0.311,32.5,31.9,18.39721,76.56784,ERA5,Asia/Kolkata,Open-Meteo Historical Weather API
MH-Latur,2021-04-29,31.3,39.2,24.6,0.0,0.0,0.0,33,6.51,0.282,0.279,0.309,32.7,31.8,18.39721,76.56784,ERA5,Asia/Kolkata,Open-Meteo Historical Weather API
MH-Latur,2021-04-30,30.9,38.1,23.7,0.0,0.0,0.0,36,6.28,0.274,0.281,0.309,32.8,32.1,18.39721,76.56784,ERA5,Asia/Kolkata,Open-Meteo Historical Weather API
MH-Latur,2021-05-01,29.9,34.7,25.5,0.0,0.0,0.0,41,5.5,0.272,0.279,0.307,32.0,32.0,18.39721,76.56784,ERA5,Asia/Kolkata,Open-Meteo Historical Weather API
MH-Latur,2021-05-02,28.4,33.4,23.5,0.8,0.8,2.0,52,5.26,0.275,0.281,0.31,31.6,31.7,18.39721,76.56784,ERA5,Asia/Kolkata,Open-Meteo Historical Weather API
MH-Latur,2021-05-03,27.1,34.6,22.0,1.6,1.6,2.0,62,4.8,0.285,0.283,0.312,29.9,30.9,18.39721,76.56784,ERA5,Asia/Kolkata,Open-Meteo Historical Weather API
MH-Latur,2021-05-04,29.8,35.8,23.8,0.0,0.0,0.0,49,5.48,0.292,0.285,0.315,31.3,30.7,18.39721,76.56784,ERA5,Asia/Kolkata,Open-Meteo Historical Weather API
MH-Latur,2021-05-05,30.2,36.0,25.4,0.6,0.6,1.0,50,5.66,0.288,0.287,0.316,31.9,31.3,18.39721,76.56784,ERA5,Asia/Kolkata,Open-Meteo Historical Weather API
MH-Latur,2021-05-06,30.6,37.0,25.4,0.0,0.0,0.0,52,5.45,0.287,0.291,0.321,32.1,31.6,18.39721,76.56784,ERA5,Asia/Kolkata,Open-Meteo Historical Weather API
MH-Latur,2021-05-07,29.6,34.2,26.4,2.6,2.6,3.0,56,5.1,0.294,0.292,0.322,31.8,31.6,18.39721,76.56784,ERA5,Asia/Kolkata,Open-Meteo Historical Weather API
MH-Latur,2021-05-08,29.9,36.4,24.9,1.4,1.4,3.0,61,5.41,0.308,0.291,0.321,32.1,31.3,18.39721,76.56784,ERA5,Asia/Kolkata,Open-Meteo Historical Weather API
MH-Latur,2021-05-09,29.6,36.5,25.5,0.9,0.9,2.0,62,5.41,0.319,0.293,0.322,31.5,31.4,18.39721,76.56784,ERA5,Asia/Kolkata,Open-Meteo Historical Weather API
MH-Latur,2021-05-10,30.6,35.4,25.1,0.0,0.0,0.0,57,5.34,0.308,0.29,0.32,31.9,31.1,18.39721,76.56784,ERA5,Asia/Kolkata,Open-Meteo Historical Weather API
MH-Latur,2021-05-11,32.3,38.1,27.7,0.0,0.0,0.0,40,7.79,0.292,0.284,0.314,33.3,31.9,18.39721,76.56784,ERA5,Asia/Kolkata,Open-Meteo Historical Weather API
MH-Latur,2021-05-12,32.0,38.4,25.9,0.0,0.0,0.0,37,6.95,0.282,0.283,0.313,33.6,32.4,18.39721,76.56784,ERA5,Asia/Kolkata,Open-Meteo Historical Weather API
MH-Latur,2021-05-13,31.9,38.0,26.4,0.0,0.0,0.0,43,6.47,0.277,0.281,0.311,33.8,32.8,18.39721,76.56784,ERA5,Asia/Kolkata,Open-Meteo Historical Weather API
MH-Latur,2021-05-14,31.5,38.1,26.3,0.6,0.6,1.0,48,5.77,0.273,0.281,0.31,33.6,32.7,18.39721,76.56784,ERA5,Asia/Kolkata,Open-Meteo Historical Weather API
MH-Latur,2021-05-15,31.0,37.8,27.1,0.2,0.2,1.0,52,7.49,0.275,0.28,0.31,33.0,32.5,18.39721,76.56784,ERA5,Asia/Kolkata,Open-Meteo Historical Weather API
MH-Latur,2021-05-16,28.2,34.8,25.1,5.7,5.7,8.0,68,3.95,0.293,0.275,0.305,30.1,31.0,18.39721,76.56784,ERA5,Asia/Kolkata,Open-Meteo Historical Weather API
MH-Latur,2021-05-17,29.3,33.5,25.3,0.0,0.0,0.0,56,6.34,0.317,0.274,0.303,30.3,29.7,18.39721,76.56784,ERA5,Asia/Kolkata,Open-Meteo Historical Weather API
MH-Latur,2021-05-18,29.3,34.1,25.5,0.0,0.0,0.0,61,5.86,0.302,0.273,0.302,30.7,30.2,18.39721,76.56784,ERA5,Asia/Kolkata,Open-Meteo Historical Weather API
MH-Latur,2021-05-19,28.5,33.3,24.3,2.7,2.7,7.0,68,5.45,0.333,0.27,0.297,30.2,29.8,18.39721,76.56784,ERA5,Asia/Kolkata,Open-Meteo Historical Weather API
MH-Latur,2021-05-20,29.3,35.1,23.4,0.0,0.0,0.0,55,6.45,0.327,0.271,0.297,30.7,29.8,18.39721,76.56784,ERA5,Asia/Kolkata,Open-Meteo Historical Weather API
MH-Latur,2021-05-21,30.8,36.0,25.6,0.0,0.0,0.0,44,6.59,0.307,0.271,0.296,31.9,30.7,18.39721,76.56784,ERA5,Asia/Kolkata,Open-Meteo Historical Weather API
MH-Latur,2021-05-22,31.1,36.2,27.0,0.0,0.0,0.0,46,6.43,0.295,0.272,0.297,32.4,31.4,18.39721,76.56784,ERA5,Asia/Kolkata,Open-Meteo Historical Weather API
MH-Latur,2021-05-23,30.8,36.8,27.4,0.0,0.0,0.0,48,6.39,0.292,0.274,0.3,32.4,31.7,18.39721,76.56784,ERA5,Asia/Kolkata,Open-Meteo Historical Weather API
MH-Latur,2021-05-24,30.6,36.8,26.4,0.0,0.0,0.0,45,6.5,0.29,0.277,0.304,31.8,31.5,18.39721,76.56784,ERA5,Asia/Kolkata,Open-Meteo Historical Weather API
MH-Latur,2021-05-25,31.1,36.6,26.5,0.0,0.0,0.0,42,7.26,0.289,0.278,0.305,32.1,31.4,18.39721,76.56784,ERA5,Asia/Kolkata,Open-Meteo Historical Weather API
MH-Latur,2021-05-26,31.6,37.6,26.1,0.0,0.0,0.0,42,8.02,0.282,0.28,0.307,32.5,31.5,18.39721,76.56784,ERA5,Asia/Kolkata,Open-Meteo Historical Weather API
MH-Latur,2021-05-27,30.6,37.3,24.6,0.0,0.0,0.0,49,7.84,0.276,0.28,0.307,32.5,31.6,18.39721,76.56784,ERA5,Asia/Kolkata,Open-Meteo Historical Weather API
MH-Latur,2021-05-28,30.2,36.8,25.3,0.0,0.0,0.0,55,5.52,0.274,0.284,0.311,32.5,31.8,18.39721,76.56784,ERA5,Asia/Kolkata,Open-Meteo Historical Weather API
MH-Latur,2021-05-29,30.2,38.2,25.7,1.6,1.6,3.0,57,5.91,0.278,0.286,0.313,32.6,32.0,18.39721,76.56784,ERA5,Asia/Kolkata,Open-Meteo Historical Weather API
MH-Latur,2021-05-30,29.6,35.4,24.6,0.7,0.7,2.0,58,4.74,0.295,0.287,0.313,31.5,31.4,18.39721,76.56784,ERA5,Asia/Kolkata,Open-Meteo Historical Weather API
MH-Latur,2021-05-31,28.8,34.1,25.2,12.0,12.0,6.0,67,4.8,0.319,0.278,0.306,31.5,31.3,18.39721,76.56784,ERA5,Asia/Kolkata,Open-Meteo Historical Weather API
MH-Latur,2021-06-01,28.2,35.4,24.4,9.4,9.4,5.0,72,5.0,0.397,0.285,0.305,31.0,30.9,18.39721,76.56784,ERA5,Asia/Kolkata,Open-Meteo Historical Weather API
MH-Latur,2021-06-02,27.7,33.9,24.0,3.7,3.7,2.0,73,4.25,0.403,0.302,0.305,30.2,30.5,18.39721,76.56784,ERA5,Asia/Kolkata,Open-Meteo Historical Weather API
MH-Latur,2021-06-03,27.2,32.0,22.5,6.1,6.1,8.0,73,3.57,0.433,0.316,0.307,29.1,29.7,18.39721,76.56784,ERA5,Asia/Kolkata,Open-Meteo Historical Weather API
MH-Latur,2021-06-04,26.4,30.5,23.8,0.1,0.1,1.0,72,2.81,0.405,0.321,0.306,28.3,29.0,18.39721,76.56784,ERA5,Asia/Kolkata,Open-Meteo Historical Weather API
MH-Latur,2021-06-05,26.7,31.2,23.8,2.0,2.0,6.0,71,3.9,0.391,0.323,0.307,28.3,28.5,18.39721,76.56784,ERA5,Asia/Kolkata,Open-Meteo Historical Weather API
MH-Latur,2021-06-06,27.1,32.2,23.2,0.9,0.9,3.0,71,4.18,0.385,0.322,0.306,28.8,28.5,18.39721,76.56784,ERA5,Asia/Kolkata,Open-Meteo Historical Weather API
MH-Latur,2021-06-07,26.8,31.7,23.4,5.5,5.5,13.0,76,3.56,0.415,0.321,0.303,28.0,28.3,18.39721,76.56784,ERA5,Asia/Kolkata,Open-Meteo Historical Weather API
MH-Latur,2021-06-08,27.9,33.3,23.0,5.5,5.5,11.0,69,5.34,0.44,0.331,0.3,28.6,28.0,18.39721,76.56784,ERA5,Asia/Kolkata,Open-Meteo Historical Weather API
MH-Latur,2021-06-09,25.9,28.4,24.0,7.1,7.1,9.0,78,3.42,0.45,0.339,0.298,27.4,28.1,18.39721,76.56784,ERA5,Asia/Kolkata,Open-Meteo Historical Weather API
MH-Latur,2021-06-10,25.6,29.7,23.5,16.3,16.3,15.0,78,3.55,0.46,0.358,0.297,26.6,27.1,18.39721,76.56784,ERA5,Asia/Kolkata,Open-Meteo Historical Weather API
MH-Latur,2021-06-11,26.2,30.3,22.9,0.2,0.2,2.0,71,4.67,0.45,0.389,0.296,26.9,26.9,18.39721,76.56784,ERA5,Asia/Kolkata,Open-Meteo Historical Weather API
MH-Latur,2021-06-12,27.1,31.9,22.8,3.3,3.3,8.0,73,4.63,0.428,0.386,0.296,27.5,27.2,18.39721,76.56784,ERA5,Asia/Kolkata,Open-Meteo Historical Weather API
MH-Latur,2021-06-13,27.2,31.3,23.1,0.1,0.1,1.0,71,4.56,0.419,0.382,0.296,27.7,27.5,18.39721,76.56784,ERA5,Asia/Kolkata,Open-Meteo Historical Weather API
MH-Latur,2021-06-14,27.0,31.8,23.6,0.0,0.0,0.0,73,4.45,0.4,0.378,0.296,27.9,27.7,18.39721,76.56784,ERA5,Asia/Kolkata,Open-Meteo Historical Weather API
MH-Latur,2021-06-15,26.7,31.8,23.8,1.3,1.3,3.0,74,4.75,0.387,0.371,0.295,27.9,27.8,18.39721,76.56784,ERA5,Asia/Kolkata,Open-Meteo Historical Weather API
MH-Latur,2021-06-16,24.9,28.8,22.5,5.9,5.9,15.0,85,2.81,0.405,0.367,0.294,26.2,27.1,18.39721,76.56784,ERA5,Asia/Kolkata,Open-Meteo Historical Weather API
MH-Latur,2021-06-17,25.8,29.1,22.2,5.6,5.6,14.0,77,3.48,0.433,0.37,0.293,26.3,26.3,18.39721,76.56784,ERA5,Asia/Kolkata,Open-Meteo Historical Weather API
MH-Latur,2021-06-18,25.8,30.1,23.1,2.2,2.2,9.0,79,4.08,0.422,0.373,0.292,26.8,26.4,18.39721,76.56784,ERA5,Asia/Kolkata,Open-Meteo Historical Weather API
MH-Latur,2021-06-19,25.7,30.8,22.3,3.0,3.0,5.0,78,4.34,0.428,0.374,0.292,26.7,26.5,18.39721,76.56784,ERA5,Asia/Kolkata,Open-Meteo Historical Weather API
MH-Latur,2021-06-20,27.2,31.9,22.9,0.2,0.2,2.0,68,5.66,0.404,0.372,0.291,27.6,26.8,18.39721,76.56784,ERA5,Asia/Kolkata,Open-Meteo Historical Weather API
MH-Latur,2021-06-21,27.2,31.4,22.3,0.0,0.0,0.0,67,5.16,0.381,0.363,0.288,27.9,27.1,18.39721,76.56784,ERA5,Asia/Kolkata,Open-Meteo Historical Weather API
MH-Latur,2021-06-22,28.1,33.4,23.0,0.5,0.5,2.0,64,5.72,0.362,0.354,0.286,28.7,27.6,18.39721,76.56784,ERA5,Asia/Kolkata,Open-Meteo Historical Weather API
MH-Latur,2021-06-23,27.9,31.6,25.0,0.2,0.2,2.0,64,4.25,0.35,0.346,0.283,28.6,27.9,18.39721,76.56784,ERA5,Asia/Kolkata,Open-Meteo Historical Weather API
MH-Latur,2021-06-24,25.6,29.3,23.2,5.1,5.1,12.0,77,2.94,0.392,0.341,0.281,26.9,27.2,18.39721,76.56784,ERA5,Asia/Kolkata,Open-Meteo Historical Weather API
MH-Latur,2021-06-25,25.7,30.6,22.4,10.7,10.7,7.0,78,3.71,0.427,0.345,0.281,26.6,26.4,18.39721,76.56784,ERA5,Asia/Kolkata,Open-Meteo Historical Weather API
MH-Latur,2021-06-26,26.3,29.7,22.9,1.0,1.0,3.0,73,4.39,0.439,0.363,0.28,27.1,26.6,18.39721,76.56784,ERA5,Asia/Kolkata,Open-Meteo Historical Weather API
MH-Latur,2021-06-27,25.2,28.4,23.2,3.7,3.7,11.0,78,2.83,0.442,0.365,0.28,25.9,26.4,18.39721,76.56784,ERA5,Asia/Kolkata,Open-Meteo Historical Weather API
MH-Latur,2021-06-28,24.9,27.3,22.5,11.3,11.3,19.0,85,1.9,0.479,0.386,0.28,25.5,25.7,18.39721,76.56784,ERA5,Asia/Kolkata,Open-Meteo Historical Weather API
MH-Latur,2021-06-29,27.4,32.0,22.7,0.0,0.0,0.0,73,4.11,0.45,0.403,0.28,27.3,26.0,18.39721,76.56784,ERA5,Asia/Kolkata,Open-Meteo Historical Weather API
MH-Latur,2021-06-30,29.0,33.7,24.4,0.0,0.0,0.0,66,5.68,0.419,0.394,0.278,29.0,27.3,18.39721,76.56784,ERA5,Asia/Kolkata,Open-Meteo Historical Weather API
MH-Latur,2021-07-01,28.5,32.1,24.9,0.0,0.0,0.0,68,5.09,0.393,0.383,0.277,29.1,28.1,18.39721,76.56784,ERA5,Asia/Kolkata,Open-Meteo Historical Weather API
MH-Latur,2021-07-02,27.4,30.9,23.6,0.3,0.3,1.0,66,4.44,0.376,0.377,0.278,28.0,27.7,18.39721,76.56784,ERA5,Asia/Kolkata,Open-Meteo Historical Weather API
MH-Latur,2021-07-03,28.6,33.6,23.4,0.0,0.0,0.0,61,5.44,0.363,0.365,0.275,28.8,27.6,18.39721,76.56784,ERA5,Asia/Kolkata,Open-Meteo Historical Weather API
MH-Latur,2021-07-04,28.9,34.5,24.1,0.0,0.0,0.0,60,5.6,0.34,0.352,0.272,29.5,28.2,18.39721,76.56784,ERA5,Asia/Kolkata,Open-Meteo Historical Weather API
MH-Latur,2021-07-05,29.0,32.7,25.0,0.0,0.0,0.0,62,5.1,0.326,0.345,0.272,30.1,28.9,18.39721,76.56784,ERA5,Asia/Kolkata,Open-Meteo Historical Weather API
MH-Latur,2021-07-06,28.8,34.5,25.3,0.0,0.0,0.0,62,5.16,0.313,0.339,0.273,30.3,29.3,18.39721,76.56784,ERA5,Asia/Kolkata,Open-Meteo Historical Weather API
MH-Latur,2021-07-07,28.5,35.1,24.0,8.0,8.0,6.0,68,4.65,0.322,0.333,0.274,30.3,29.5,18.39721,76.56784,ERA5,Asia/Kolkata,Open-Meteo Historical Weather API
MH-Latur,2021-07-08,25.3,28.4,22.9,17.3,17.3,22.0,84,2.0,0.468,0.37,0.275,27.0,28.3,18.39721,76.56784,ERA5,Asia/Kolkata,Open-Meteo Historical Weather API
MH-Latur,2021-07-09,24.6,27.1,23.0,55.6,55.6,21.0,87,1.79,0.501,0.468,0.293,25.9,26.6,18.39721,76.56784,ERA5,Asia/Kolkata,Open-Meteo Historical Weather API
MH-Latur,2021-07-10,26.2,31.0,22.9,0.9,0.9,5.0,78,3.23,0.489,0.482,0.309,26.8,26.4,18.39721,76.56784,ERA5,Asia/Kolkata,Open-Meteo Historical Weather API
MH-Latur,2021-07-11,25.4,27.6,24.2,79.3,79.3,18.0,87,1.6,0.496,0.489,0.325,26.1,26.3,18.39721,76.56784,ERA5,Asia/Kolkata,Open-Meteo Historical Weather API
MH-Latur,2021-07-12,25.4,27.7,23.3,8.1,8.1,18.0,86,2.62,0.505,0.502,0.388,26.1,25.9,18.39721,76.56784,ERA5,Asia/Kolkata,Open-Meteo Historical Weather API
MH-Latur,2021-07-13,24.2,27.5,22.1,36.9,36.9,18.0,88,1.84,0.506,0.508,0.419,24.9,25.5,18.39721,76.56784,ERA5,Asia/Kolkata,Open-Meteo Historical Weather API
MH-Latur,2021-07-14,23.5,25.0,22.1,136.3,136.3,24.0,91,1.07,0.514,0.516,0.487,24.1,25.0,18.39721,76.56784,ERA5,Asia/Kolkata,Open-Meteo Historical Weather API
MH-Latur,2021-07-15,24.0,26.8,22.4,29.5,29.5,21.0,92,1.51,0.508,0.508,0.512,24.4,24.6,18.39721,76.56784,ERA5,Asia/Kolkata,Open-Meteo Historical Weather API
MH-Latur,2021-07-16,25.3,28.7,22.6,16.9,16.9,18.0,87,2.57,0.501,0.511,0.511,25.7,25.1,18.39721,76.56784,ERA5,Asia/Kolkata,Open-Meteo Historical Weather API
MH-Latur,2021-07-17,26.5,30.2,23.2,3.8,3.8,12.0,82,3.72,0.49,0.497,0.51,26.7,25.8,18.39721,76.56784,ERA5,Asia/Kolkata,Open-Meteo Historical Weather API
MH-Latur,2021-07-18,26.3,30.4,23.6,8.4,8.4,6.0,83,3.5,0.492,0.491,0.505,27.1,26.4,18.39721,76.56784,ERA5,Asia/Kolkata,Open-Meteo Historical Weather API
MH-Latur,2021-07-19,25.5,29.2,23.2,13.0,13.0,15.0,84,3.31,0.501,0.505,0.501,26.4,26.3,18.39721,76.56784,ERA5,Asia/Kolkata,Open-Meteo Historical Weather API
MH-Latur,2021-07-20,24.4,27.9,22.4,10.3,10.3,24.0,86,2.02,0.507,0.511,0.505,24.9,25.6,18.39721,76.56784,ERA5,Asia/Kolkata,Open-Meteo Historical Weather API
MH-Latur,2021-07-21,23.4,25.6,22.3,33.3,33.3,20.0,91,1.25,0.502,0.511,0.512,23.8,24.6,18.39721,76.56784,ERA5,Asia/Kolkata,Open-Meteo Historical Weather API
MH-Latur,2021-07-22,23.2,25.6,21.6,26.7,26.7,21.0,92,1.25,0.506,0.5,0.517,23.4,24.0,18.39721,76.56784,ERA5,Asia/Kolkata,Open-Meteo Historical Weather API
MH-Latur,2021-07-23,23.8,26.8,22.3,23.8,23.8,22.0,89,1.59,0.506,0.508,0.515,23.8,24.0,18.39721,76.56784,ERA5,Asia/Kolkata,Open-Meteo Historical Weather API
MH-Latur,2021-07-24,25.8,29.4,22.6,0.9,0.9,6.0,80,3.76,0.492,0.499,0.512,25.2,24.5,18.39721,76.56784,ERA5,Asia/Kolkata,Open-Meteo Historical Weather API
MH-Latur,2021-07-25,26.3,29.7,23.2,0.0,0.0,0.0,77,4.45,0.473,0.48,0.507,26.1,25.4,18.39721,76.56784,ERA5,Asia/Kolkata,Open-Meteo Historical Weather API
MH-Latur,2021-07-26,26.6,30.1,23.7,0.3,0.3,2.0,76,4.82,0.457,0.466,0.502,26.7,25.9,18.39721,76.56784,ERA5,Asia/Kolkata,Open-Meteo Historical Weather API
MH-Latur,2021-07-27,26.0,30.0,22.6,0.0,0.0,0.0,74,4.59,0.443,0.456,0.497,26.1,25.8,18.39721,76.56784,ERA5,Asia/Kolkata,Open-Meteo Historical Weather API
MH-Latur,2021-07-28,25.6,29.9,22.5,0.0,0.0,0.0,74,4.12,0.431,0.447,0.493,25.6,25.5,18.39721,76.56784,ERA5,Asia/Kolkata,Open-Meteo Historical Weather API
MH-Latur,2021-07-29,24.6,26.9,23.0,0.0,0.0,0.0,80,2.53,0.425,0.442,0.49,24.9,25.1,18.39721,76.56784,ERA5,Asia/Kolkata,Open-Meteo Historical Weather API
MH-Latur,2021-07-30,24.4,26.0,23.2,0.1,0.1,1.0,82,1.99,0.424,0.439,0.487,24.5,24.7,18.39721,76.56784,ERA5,Asia/Kolkata,Open-Meteo Historical Weather API
MH-Latur,2021-07-31,25.2,28.3,22.5,0.8,0.8,4.0,77,4.24,0.424,0.436,0.485,25.2,24.6,18.39721,76.56784,ERA5,Asia/Kolkata,Open-Meteo Historical Weather API
MH-Latur,2021-08-01,25.1,28.5,22.4,0.8,0.8,5.0,78,3.98,0.421,0.431,0.482,25.4,25.1,18.39721,76.56784,ERA5,Asia/Kolkata,Open-Meteo Historical Weather API
MH-Latur,2021-08-02,25.1,28.4,22.6,0.5,0.5,3.0,77,4.24,0.415,0.427,0.479,25.6,25.3,18.39721,76.56784,ERA5,Asia/Kolkata,Open-Meteo Historical Weather API
MH-Latur,2021-08-03,25.4,29.4,22.1,1.2,1.2,6.0,78,3.57,0.408,0.421,0.476,25.5,25.2,18.39721,76.56784,ERA5,Asia/Kolkata,Open-Meteo Historical Weather API
MH-Latur,2021-08-04,25.9,29.8,23.2,0.8,0.8,4.0,77,4.41,0.403,0.416,0.473,26.0,25.4,18.39721,76.56784,ERA5,Asia/Kolkata,Open-Meteo Historical Weather API
MH-Latur,2021-08-05,25.9,29.4,22.8,0.5,0.5,4.0,77,4.19,0.397,0.412,0.47,26.0,25.6,18.39721,76.56784,ERA5,Asia/Kolkata,Open-Meteo Historical Weather API
MH-Latur,2021-08-06,26.4,29.9,23.1,0.4,0.4,4.0,73,4.23,0.39,0.407,0.467,26.4,25.8,18.39721,76.56784,ERA5,Asia/Kolkata,Open-Meteo Historical Weather API
MH-Latur,2021-08-07,26.7,30.9,22.6,0.2,0.2,1.0,73,4.06,0.381,0.401,0.464,26.5,25.8,18.39721,76.56784,ERA5,Asia/Kolkata,Open-Meteo Historical Weather API
MH-Latur,2021-08-08,27.1,31.2,23.4,0.0,0.0,0.0,73,4.38,0.371,0.394,0.46,27.1,26.1,18.39721,76.56784,ERA5,Asia/Kolkata,Open-Meteo Historical Weather API
MH-Latur,2021-08-09,27.6,31.1,24.0,0.5,0.5,4.0,74,4.57,0.36,0.387,0.457,27.7,26.5,18.39721,76.56784,ERA5,Asia/Kolkata,Open-Meteo Historical Weather API
MH-Latur,2021-08-10,27.1,31.0,24.0,0.0,0.0,0.0,72,4.26,0.353,0.382,0.453,27.4,26.6,18.39721,76.56784,ERA5,Asia/Kolkata,Open-Meteo Historical Weather API
MH-Latur,2021-08-11,26.9,30.6,23.2,0.4,0.4,3.0,71,4.5,0.344,0.377,0.45,27.2,26.6,18.39721,76.56784,ERA5,Asia/Kolkata,Open-Meteo Historical Weather API
MH-Latur,2021-08-12,26.5,30.6,23.4,0.8,0.8,3.0,75,4.43,0.34,0.372,0.447,27.2,26.6,18.39721,76.56784,ERA5,Asia/Kolkata,Open-Meteo Historical Weather API
MH-Latur,2021-08-13,26.5,30.1,23.1,0.0,0.0,0.0,72,4.22,0.334,0.368,0.444,27.0,26.5,18.39721,76.56784,ERA5,Asia/Kolkata,Open-Meteo Historical Weather API
MH-Latur,2021-08-14,26.1,30.0,23.0,0.1,0.1,1.0,72,4.74,0.325,0.362,0.439,26.9,26.4,18.39721,76.56784,ERA5,Asia/Kolkata,Open-Meteo Historical Weather API
MH-Latur,2021-08-15,25.6,29.6,22.6,0.7,0.7,3.0,77,3.58,0.321,0.358,0.436,26.4,26.3,18.39721,76.56784,ERA5,Asia/Kolkata,Open-Meteo Historical Weather API
MH-Latur,2021-08-16,24.5,28.7,22.2,6.2,6.2,10.0,84,2.76,0.334,0.356,0.434,25.8,26.0,18.39721,76.56784,ERA5,Asia/Kolkata,Open-Meteo Historical Weather API
MH-Latur,2021-08-17,23.3,24.2,22.6,21.5,21.5,24.0,93,0.93,0.476,0.387,0.432,24.2,25.2,18.39721,76.56784,ERA5,Asia/Kolkata,Open-Meteo Historical Weather API
MH-Latur,2021-08-18,24.0,26.8,22.0,3.5,3.5,15.0,85,2.6,0.478,0.436,0.432,24.4,24.5,18.39721,76.56784,ERA5,Asia/Kolkata,Open-Meteo Historical Weather API
MH-Latur,2021-08-19,23.4,25.0,22.1,4.2,4.2,17.0,90,1.96,0.472,0.444,0.431,24.1,24.4,18.39721,76.56784,ERA5,Asia/Kolkata,Open-Meteo Historical Weather API
MH-Latur,2021-08-20,24.2,26.5,22.1,1.0,1.0,7.0,85,2.02,0.467,0.449,0.43,24.3,24.3,18.39721,76.56784,ERA5,Asia/Kolkata,Open-Meteo Historical Weather API
MH-Latur,2021-08-21,24.4,27.4,22.1,3.8,3.8,3.0,85,2.68,0.467,0.45,0.429,24.6,24.4,18.39721,76.56784,ERA5,Asia/Kolkata,Open-Meteo Historical Weather API
MH-Latur,2021-08-22,25.2,29.4,21.8,2.0,2.0,8.0,80,3.75,0.471,0.453,0.428,25.4,24.7,18.39721,76.56784,ERA5,Asia/Kolkata,Open-Meteo Historical Weather API
MH-Latur,2021-08-23,26.5,31.6,22.6,0.0,0.0,0.0,75,4.62,0.447,0.448,0.425,26.5,25.3,18.39721,76.56784,ERA5,Asia/Kolkata,Open-Meteo Historical Weather API
MH-Latur,2021-08-24,26.4,31.0,22.2,2.0,2.0,4.0,79,4.18,0.433,0.438,0.423,26.7,25.8,18.39721,76.56784,ERA5,Asia/Kolkata,Open-Meteo Historical Weather API
MH-Latur,2021-08-25,26.4,29.6,23.6,0.8,0.8,4.0,77,4.3,0.432,0.431,0.421,26.8,26.1,18.39721,76.56784,ERA5,Asia/Kolkata,Open-Meteo Historical Weather API
MH-Latur,2021-08-26,26.1,30.0,22.9,0.2,0.2,2.0,76,4.11,0.419,0.424,0.419,26.5,26.0,18.39721,76.56784,ERA5,Asia/Kolkata,Open-Meteo Historical Weather API
MH-Latur,2021-08-27,26.0,29.7,22.8,0.1,0.1,1.0,76,4.29,0.406,0.417,0.417,26.5,26.0,18.39721,76.56784,ERA5,Asia/Kolkata,Open-Meteo Historical Weather API
MH-Latur,2021-08-28,25.6,29.4,23.5,7.2,7.2,8.0,82,3.35,0.42,0.411,0.416,26.5,26.0,18.39721,76.56784,ERA5,Asia/Kolkata,Open-Meteo Historical Weather API
MH-Latur,2021-08-29,25.4,28.7,22.9,5.9,5.9,13.0,83,3.47,0.466,0.417,0.416,26.2,25.9,18.39721,76.56784,ERA5,Asia/Kolkata,Open-Meteo Historical Weather API
MH-Latur,2021-08-30,24.3,26.4,22.4,14.7,14.7,20.0,87,1.79,0.49,0.441,0.415,24.8,25.2,18.39721,76.56784,ERA5,Asia/Kolkata,Open-Meteo Historical Weather API
MH-Latur,2021-08-31,23.2,24.6,22.0,14.6,14.6,20.0,93,1.04,0.505,0.487,0.417,23.9,24.3,18.39721,76.56784,ERA5,Asia/Kolkata,Open-Meteo Historical Weather API
MH-Latur,2021-09-01,24.8,28.5,22.2,6.1,6.1,10.0,85,2.9,0.497,0.493,0.423,24.9,24.2,18.39721,76.56784,ERA5,Asia/Kolkata,Open-Meteo Historical Weather API
MH-Latur,2021-09-02,25.4,29.9,22.5,2.1,2.1,4.0,82,3.95,0.484,0.486,0.426,25.9,24.9,18.39721,76.56784,ERA5,Asia/Kolkata,Open-Meteo Historical Weather API
MH-Latur,2021-09-03,26.0,29.7,22.8,0.6,0.6,3.0,78,3.81,0.474,0.476,0.426,26.2,25.4,18.39721,76.56784,ERA5,Asia/Kolkata,Open-Meteo Historical Weather API
MH-Latur,2021-09-04,25.4,30.0,22.7,19.1,19.1,20.0,83,3.1,0.498,0.482,0.426,25.7,25.5,18.39721,76.56784,ERA5,Asia/Kolkata,Open-Meteo Historical Weather API
MH-Latur,2021-09-05,24.4,28.8,21.8,18.1,18.1,21.0,86,2.79,0.508,0.508,0.439,25.1,25.2,18.39721,76.56784,ERA5,Asia/Kolkata,Open-Meteo Historical Weather API
MH-Latur,2021-09-06,23.9,26.7,22.6,10.0,10.0,21.0,89,1.55,0.506,0.503,0.45,24.4,24.7,18.39721,76.56784,ERA5,Asia/Kolkata,Open-Meteo Historical Weather API
MH-Latur,2021-09-07,23.1,23.7,22.5,104.5,104.5,24.0,95,0.73,0.513,0.512,0.499,23.7,24.0,18.39721,76.56784,ERA5,Asia/Kolkata,Open-Meteo Historical Weather API
MH-Latur,2021-09-08,24.8,28.4,21.9,3.7,3.7,8.0,85,3.19,0.49,0.478,0.511,24.6,24.1,18.39721,76.56784,ERA5,Asia/Kolkata,Open-Meteo Historical Weather API
MH-Latur,2021-09-09,25.5,28.9,22.8,0.2,0.2,1.0,80,3.84,0.467,0.468,0.504,25.4,24.8,18.39721,76.56784,ERA5,Asia/Kolkata,Open-Meteo Historical Weather API
MH-Latur,2021-09-10,25.6,29.5,22.6,1.0,1.0,3.0,80,3.88,0.456,0.459,0.5,25.6,25.1,18.39721,76.56784,ERA5,Asia/Kolkata,Open-Meteo Historical Weather API
MH-Latur,2021-09-11,25.2,28.2,22.3,0.9,0.9,4.0,83,3.45,0.451,0.453,0.496,25.5,25.1,18.39721,76.56784,ERA5,Asia/Kolkata,Open-Meteo Historical Weather API
MH-Latur,2021-09-12,25.3,28.7,22.6,5.6,5.6,8.0,84,3.41,0.451,0.448,0.493,25.5,25.0,18.39721,76.56784,ERA5,Asia/Kolkata,Open-Meteo Historical Weather API
MH-Latur,2021-09-13,25.2,29.1,22.7,8.1,8.1,14.0,87,2.92,0.483,0.455,0.49,25.5,25.1,18.39721,76.56784,ERA5,Asia/Kolkata,Open-Meteo Historical Weather API
MH-Latur,2021-09-14,25.6,28.3,23.4,8.3,8.3,8.0,82,3.07,0.492,0.488,0.488,25.5,25.0,18.39721,76.56784,ERA5,Asia/Kolkata,Open-Meteo Historical Weather API
MH-Latur,2021-09-15,25.8,29.3,22.6,0.0,0.0,0.0,78,3.93,0.474,0.484,0.487,25.7,25.0,18.39721,76.56784,ERA5,Asia/Kolkata,Open-Meteo Historical Weather API
MH-Latur,2021-09-16,25.7,29.3,22.2,0.0,0.0,0.0,76,3.94,0.46,0.474,0.485,25.6,24.9,18.39721,76.56784,ERA5,Asia/Kolkata,Open-Meteo Historical Weather API
MH-Latur,2021-09-17,25.5,29.6,21.7,0.0,0.0,0.0,74,4.06,0.447,0.463,0.482,25.5,24.8,18.39721,76.56784,ERA5,Asia/Kolkata,Open-Meteo Historical Weather API
MH-Latur,2021-09-18,25.9,30.2,22.9,0.0,0.0,0.0,72,4.61,0.433,0.453,0.479,26.2,25.1,18.39721,76.56784,ERA5,Asia/Kolkata,Open-Meteo Historical Weather API
MH-Latur,2021-09-19,26.7,30.9,23.2,0.1,0.1,1.0,73,4.52,0.422,0.443,0.476,26.7,25.5,18.39721,76.56784,ERA5,Asia/Kolkata,Open-Meteo Historical Weather API
MH-Latur,2021-09-20,25.5,30.2,23.0,9.1,9.1,10.0,84,2.96,0.443,0.436,0.473,26.2,25.7,18.39721,76.56784,ERA5,Asia/Kolkata,Open-Meteo Historical Weather API
MH-Latur,2021-09-21,24.2,28.4,22.4,9.5,9.5,17.0,88,2.04,0.491,0.459,0.471,25.0,25.1,18.39721,76.56784,ERA5,Asia/Kolkata,Open-Meteo Historical Weather API
MH-Latur,2021-09-22,23.8,26.9,22.4,29.4,29.4,21.0,91,1.5,0.509,0.502,0.475,24.3,24.5,18.39721,76.56784,ERA5,Asia/Kolkata,Open-Meteo Historical Weather API
MH-Latur,2021-09-23,23.6,25.7,22.7,65.7,65.7,24.0,92,0.72,0.51,0.512,0.507,23.8,24.0,18.39721,76.56784,ERA5,Asia/Kolkata,Open-Meteo Historical Weather API
MH-Latur,2021-09-24,24.9,27.7,22.5,18.4,18.4,13.0,84,2.56,0.501,0.499,0.516,24.7,24.0,18.39721,76.56784,ERA5,Asia/Kolkata,Open-Meteo Historical Weather API
MH-Latur,2021-09-25,25.2,28.5,23.3,1.7,1.7,8.0,83,2.79,0.487,0.484,0.505,25.3,24.5,18.39721,76.56784,ERA5,Asia/Kolkata,Open-Meteo Historical Weather API
MH-Latur,2021-09-26,23.5,25.9,22.1,24.9,24.9,23.0,89,1.08,0.507,0.507,0.501,23.9,24.2,18.39721,76.56784,ERA5,Asia/Kolkata,Open-Meteo Historical Weather API
MH-Latur,2021-09-27,24.2,27.2,22.9,17.0,17.0,15.0,92,1.81,0.505,0.51,0.504,24.3,23.8,18.39721,76.56784,ERA5,Asia/Kolkata,Open-Meteo Historical Weather API
MH-Latur,2021-09-28,22.9,24.1,22.2,104.3,104.3,23.0,93,0.93,0.509,0.513,0.492,23.4,23.7,18.39721,76.56784,ERA5,Asia/Kolkata,Open-Meteo Historical Weather API
MH-Latur,2021-09-29,24.7,28.5,21.6,0.3,0.3,2.0,84,2.92,0.49,0.5,0.474,24.4,23.6,18.39721,76.56784,ERA5,Asia/Kolkata,Open-Meteo Historical Weather API
MH-Latur,2021-09-30,25.8,30.5,22.2,0.3,0.3,2.0,81,4.07,0.476,0.486,0.465,25.9,24.5,18.39721,76.56784,ERA5,Asia/Kolkata,Open-Meteo Historical Weather API
MH-Latur,2021-10-01,26.1,30.6,23.3,7.5,7.5,10.0,82,3.53,0.48,0.478,0.457,26.6,25.3,18.39721,76.56784,ERA5,Asia/Kolkata,Open-Meteo Historical Weather API
MH-Latur,2021-10-02,25.2,29.4,21.9,5.5,5.5,3.0,85,2.59,0.494,0.5,0.454,26.0,25.4,18.39721,76.56784,ERA5,Asia/Kolkata,Open-Meteo Historical Weather API
MH-Latur,2021-10-03,26.2,30.7,22.3,4.5,4.5,10.0,82,3.8,0.485,0.487,0.451,26.6,25.5,18.39721,76.56784,ERA5,Asia/Kolkata,Open-Meteo Historical Weather API
MH-Latur,2021-10-04,26.2,32.0,22.5,4.7,4.7,4.0,82,4.1,0.491,0.49,0.448,27.2,25.9,18.39721,76.56784,ERA5,Asia/Kolkata,Open-Meteo Historical Weather API
MH-Latur,2021-10-05,25.4,31.0,22.3,3.6,3.6,4.0,83,3.35,0.498,0.491,0.445,26.4,25.9,18.39721,76.56784,ERA5,Asia/Kolkata,Open-Meteo Historical Weather API
MH-Latur,2021-10-06,25.7,30.1,23.2,4.3,4.3,8.0,85,2.93,0.493,0.489,0.445,26.2,25.6,18.39721,76.56784,ERA5,Asia/Kolkata,Open-Meteo Historical Weather API
MH-Latur,2021-10-07,26.2,30.8,22.2,0.3,0.3,2.0,82,3.66,0.478,0.481,0.443,26.4,25.5,18.39721,76.56784,ERA5,Asia/Kolkata,Open-Meteo Historical Weather API
MH-Latur,2021-10-08,27.2,31.8,24.0,10.8,10.8,10.0,78,3.76,0.477,0.474,0.44,27.4,25.9,18.39721,76.56784,ERA5,Asia/Kolkata,Open-Meteo Historical Weather API
MH-Latur,2021-10-09,25.1,30.1,22.5,7.0,7.0,8.0,85,2.92,0.496,0.493,0.438,26.4,26.0,18.39721,76.56784,ERA5,Asia/Kolkata,Open-Meteo Historical Weather API
MH-Latur,2021-10-10,25.7,30.7,22.2,0.3,0.3,2.0,83,3.52,0.482,0.49,0.439,26.3,25.7,18.39721,76.56784,ERA5,Asia/Kolkata,Open-Meteo Historical Weather API
MH-Latur,2021-10-11,25.7,31.0,21.8,0.0,0.0,0.0,74,4.47,0.464,0.476,0.436,26.3,25.7,18.39721,76.56784,ERA5,Asia/Kolkata,Open-Meteo Historical Weather API
MH-Latur,2021-10-12,25.5,31.3,20.2,0.0,0.0,0.0,65,4.81,0.444,0.462,0.431,25.2,25.0,18.39721,76.56784,ERA5,Asia/Kolkata,Open-Meteo Historical Weather API
MH-Latur,2021-10-13,25.5,30.8,19.6,0.0,0.0,0.0,68,4.39,0.428,0.449,0.426,25.1,24.6,18.39721,76.56784,ERA5,Asia/Kolkata,Open-Meteo Historical Weather API
MH-Latur,2021-10-14,25.9,30.9,21.4,0.0,0.0,0.0,70,4.39,0.412,0.437,0.421,25.7,24.8,18.39721,76.56784,ERA5,Asia/Kolkata,Open-Meteo Historical Weather API
MH-Latur,2021-10-15,25.0,31.0,20.4,0.0,0.0,0.0,66,5.0,0.394,0.422,0.414,25.4,24.9,18.39721,76.56784,ERA5,Asia/Kolkata,Open-Meteo Historical Weather API
MH-Latur,2021-10-16,24.0,27.2,21.3,0.6,0.6,5.0,72,2.52,0.383,0.409,0.407,24.4,24.3,18.39721,76.56784,ERA5,Asia/Kolkata,Open-Meteo Historical Weather API
MH-Latur,2021-10-17,24.6,27.8,22.1,3.7,3.7,10.0,85,2.25,0.415,0.405,0.404,24.8,24.3,18.39721,76.56784,ERA5,Asia/Kolkata,Open-Meteo Historical Weather API
MH-Latur,2021-10-18,25.8,30.0,22.4,0.0,0.0,0.0,73,4.29,0.408,0.404,0.401,25.8,24.8,18.39721,76.56784,ERA5,Asia/Kolkata,Open-Meteo Historical Weather API
MH-Latur,2021-10-19,25.2,30.9,21.2,0.0,0.0,0.0,65,4.93,0.386,0.393,0.395,25.9,25.1,18.39721,76.56784,ERA5,Asia/Kolkata,Open-Meteo Historical Weather API
MH-Latur,2021-10-20,24.6,30.9,20.0,0.0,0.0,0.0,63,4.87,0.363,0.378,0.387,25.2,24.6,18.39721,76.56784,ERA5,Asia/Kolkata,Open-Meteo Historical Weather API
MH-Latur,2021-10-21,24.3,31.3,18.9,0.0,0.0,0.0,63,4.89,0.343,0.364,0.379,24.9,24.3,18.39721,76.56784,ERA5,Asia/Kolkata,Open-Meteo Historical Weather API
MH-Latur,2021-10-22,24.3,31.4,18.3,0.0,0.0,0.0,59,4.9,0.325,0.35,0.371,24.6,24.2,18.39721,76.56784,ERA5,Asia/Kolkata,Open-Meteo Historical Weather API
MH-Latur,2021-10-23,24.7,31.6,19.5,0.0,0.0,0.0,57,4.48,0.31,0.337,0.363,24.7,24.4,18.39721,76.56784,ERA5,Asia/Kolkata,Open-Meteo Historical Weather API
MH-Latur,2021-10-24,24.7,31.6,19.4,0.0,0.0,0.0,61,4.52,0.297,0.325,0.356,25.2,24.7,18.39721,76.56784,ERA5,Asia/Kolkata,Open-Meteo Historical Weather API
MH-Latur,2021-10-25,24.0,30.0,18.3,0.0,0.0,0.0,58,4.89,0.287,0.314,0.349,25.2,24.9,18.39721,76.56784,ERA5,Asia/Kolkata,Open-Meteo Historical Weather API
MH-Latur,2021-10-26,23.9,30.6,17.2,0.0,0.0,0.0,53,5.29,0.28,0.304,0.343,24.8,24.6,18.39721,76.56784,ERA5,Asia/Kolkata,Open-Meteo Historical Weather API
MH-Latur,2021-10-27,24.2,30.4,17.3,0.0,0.0,0.0,57,5.08,0.274,0.295,0.336,24.9,24.5,18.39721,76.56784,ERA5,Asia/Kolkata,Open-Meteo Historical Weather API
MH-Latur,2021-10-28,23.9,29.6,18.4,0.0,0.0,0.0,61,4.58,0.272,0.289,0.331,24.9,24.8,18.39721,76.56784,ERA5,Asia/Kolkata,Open-Meteo Historical Weather API
MH-Latur,2021-10-29,23.5,30.0,16.8,0.0,0.0,0.0,58,5.02,0.27,0.284,0.327,24.7,24.6,18.39721,76.56784,ERA5,Asia/Kolkata,Open-Meteo Historical Weather API
MH-Latur,2021-10-30,24.3,30.8,18.4,0.0,0.0,0.0,58,5.02,0.269,0.28,0.323,25.5,25.0,18.39721,76.56784,ERA5,Asia/Kolkata,Open-Meteo Historical Weather API
MH-Latur,2021-10-31,24.9,31.4,19.6,0.0,0.0,0.0,60,4.6,0.267,0.276,0.317,26.2,25.5,18.39721,76.56784,ERA5,Asia/Kolkata,Open-Meteo Historical Weather API
MH-Latur,2021-11-01,24.8,32.0,18.7,0.0,0.0,0.0,56,4.99,0.269,0.272,0.311,26.3,25.8,18.39721,76.56784,ERA5,Asia/Kolkata,Open-Meteo Historical Weather API
MH-Latur,2021-11-02,25.5,32.3,19.7,0.0,0.0,0.0,49,5.33,0.265,0.27,0.307,26.6,26.0,18.39721,76.56784,ERA5,Asia/Kolkata,Open-Meteo Historical Weather API
MH-Latur,2021-11-03,25.0,32.3,19.9,2.6,2.6,7.0,73,3.7,0.268,0.268,0.304,26.6,26.1,18.39721,76.56784,ERA5,Asia/Kolkata,Open-Meteo Historical Weather API
MH-Latur,2021-11-04,25.0,30.1,21.8,3.4,3.4,9.0,78,3.26,0.294,0.267,0.3,26.7,26.0,18.39721,76.56784,ERA5,Asia/Kolkata,Open-Meteo Historical Weather API
MH-Latur,2021-11-05,25.8,31.7,21.2,0.0,0.0,0.0,69,3.89,0.299,0.267,0.298,26.9,25.9,18.39721,76.56784,ERA5,Asia/Kolkata,Open-Meteo Historical Weather API
MH-Latur,2021-11-06,26.0,32.1,21.4,0.0,0.0,0.0,62,4.91,0.29,0.266,0.296,27.4,26.3,18.39721,76.56784,ERA5,Asia/Kolkata,Open-Meteo Historical Weather API
MH-Latur,2021-11-07,24.5,31.0,18.7,0.0,0.0,0.0,53,5.04,0.282,0.266,0.295,26.2,26.1,18.39721,76.56784,ERA5,Asia/Kolkata,Open-Meteo Historical Weather API
MH-Latur,2021-11-08,23.5,30.6,17.0,0.0,0.0,0.0,51,5.0,0.277,0.267,0.293,25.3,25.5,18.39721,76.56784,ERA5,Asia/Kolkata,Open-Meteo Historical Weather API
MH-Latur,2021-11-09,22.5,30.1,16.4,0.0,0.0,0.0,52,4.95,0.276,0.268,0.294,24.4,25.0,18.39721,76.56784,ERA5,Asia/Kolkata,Open-Meteo Historical Weather API
MH-Latur,2021-11-10,22.4,30.4,15.3,0.0,0.0,0.0,54,4.88,0.275,0.269,0.294,23.9,24.5,18.39721,76.56784,ERA5,Asia/Kolkata,Open-Meteo Historical Weather API
MH-Latur,2021-11-11,22.4,27.9,17.0,0.0,0.0,0.0,50,4.36,0.272,0.268,0.291,23.6,24.4,18.39721,76.56784,ERA5,Asia/Kolkata,Open-Meteo Historical Weather API
MH-Latur,2021-11-12,24.3,29.7,18.0,0.6,0.6,3.0,58,4.35,0.271,0.267,0.288,25.1,24.7,18.39721,76.56784,ERA5,Asia/Kolkata,Open-Meteo Historical Weather API
MH-Latur,2021-11-13,24.9,29.5,21.2,1.7,1.7,6.0,77,3.19,0.272,0.267,0.288,26.3,25.6,18.39721,76.56784,ERA5,Asia/Kolkata,Open-Meteo Historical Weather API
MH-Latur,2021-11-14,25.8,31.1,22.1,1.4,1.4,5.0,76,3.31,0.282,0.267,0.288,27.2,26.1,18.39721,76.56784,ERA5,Asia/Kolkata,Open-Meteo Historical Weather API
MH-Latur,2021-11-15,25.8,30.2,22.6,0.9,0.9,6.0,75,3.23,0.294,0.266,0.286,27.0,26.3,18.39721,76.56784,ERA5,Asia/Kolkata,Open-Meteo Historical Weather API
MH-Latur,2021-11-16,25.6,31.1,22.6,2.3,2.3,10.0,76,3.18,0.304,0.266,0.287,26.7,26.2,18.39721,76.56784,ERA5,Asia/Kolkata,Open-Meteo Historical Weather API
MH-Latur,2021-11-17,25.7,30.5,22.6,0.2,0.2,1.0,74,2.92,0.325,0.266,0.289,26.5,25.9,18.39721,76.56784,ERA5,Asia/Kolkata,Open-Meteo Historical Weather API
MH-Latur,2021-11-18,25.9,31.8,22.4,0.6,0.6,2.0,75,3.04,0.32,0.265,0.29,27.0,26.0,18.39721,76.56784,ERA5,Asia/Kolkata,Open-Meteo Historical Weather API
MH-Latur,2021-11-19,25.0,28.6,22.6,2.5,2.5,5.0,77,2.7,0.317,0.266,0.292,26.4,26.1,18.39721,76.56784,ERA5,Asia/Kolkata,Open-Meteo Historical Weather API
MH-Latur,2021-11-20,25.1,28.7,22.3,1.7,1.7,7.0,79,2.86,0.324,0.266,0.293,26.0,25.6,18.39721,76.56784,ERA5,Asia/Kolkata,Open-Meteo Historical Weather API
MH-Latur,2021-11-21,24.5,28.0,22.5,2.7,2.7,7.0,82,1.97,0.333,0.267,0.296,25.6,25.4,18.39721,76.56784,ERA5,Asia/Kolkata,Open-Meteo Historical Weather API
MH-Latur,2021-11-22,25.5,30.8,21.7,2.1,2.1,11.0,80,2.96,0.344,0.267,0.297,26.5,25.3,18.39721,76.56784,ERA5,Asia/Kolkata,Open-Meteo Historical Weather API
MH-Latur,2021-11-23,26.7,31.7,22.4,0.3,0.3,2.0,75,3.34,0.338,0.268,0.293,27.6,26.0,18.39721,76.56784,ERA5,Asia/Kolkata,Open-Meteo Historical Weather API
MH-Latur,2021-11-24,26.0,31.5,22.5,0.3,0.3,2.0,71,3.51,0.329,0.267,0.29,27.1,26.4,18.39721,76.56784,ERA5,Asia/Kolkata,Open-Meteo Historical Weather API
MH-Latur,2021-11-25,25.6,32.1,20.5,0.0,0.0,0.0,62,4.53,0.314,0.267,0.288,26.9,26.2,18.39721,76.56784,ERA5,Asia/Kolkata,Open-Meteo Historical Weather API
MH-Latur,2021-11-26,24.8,31.5,18.9,0.0,0.0,0.0,60,4.48,0.302,0.268,0.287,26.3,25.9,18.39721,76.56784,ERA5,Asia/Kolkata,Open-Meteo Historical Weather API
MH-Latur,2021-11-27,23.6,29.5,18.4,0.0,0.0,0.0,59,4.38,0.297,0.269,0.29,25.3,25.6,18.39721,76.56784,ERA5,Asia/Kolkata,Open-Meteo Historical Weather API
MH-Latur,2021-11-28,22.8,29.2,16.7,0.0,0.0,0.0,52,4.8,0.289,0.269,0.29,24.3,24.9,18.39721,76.56784,ERA5,Asia/Kolkata,Open-Meteo Historical Weather API
MH-Latur,2021-11-29,23.4,28.0,18.7,0.0,0.0,0.0,52,3.8,0.284,0.269,0.29,24.4,24.7,18.39721,76.56784,ERA5,Asia/Kolkata,Open-Meteo Historical Weather API
MH-Latur,2021-11-30,23.6,28.1,20.3,0.5,0.5,2.0,56,3.2,0.283,0.269,0.29,24.6,24.8,18.39721,76.56784,ERA5,Asia/Kolkata,Open-Meteo Historical Weather API
MH-Latur,2021-12-01,23.8,28.4,19.2,0.0,0.0,0.0,54,3.94,0.293,0.272,0.295,24.5,24.3,18.39721,76.56784,ERA5,Asia/Kolkata,Open-Meteo Historical Weather API
MH-Latur,2021-12-02,23.4,27.9,21.1,0.8,0.8,3.0,69,2.33,0.305,0.277,0.303,24.4,24.6,18.39721,76.56784,ERA5,Asia/Kolkata,Open-Meteo Historical Weather API
MH-Latur,2021-12-03,23.0,26.7,20.4,1.7,1.7,8.0,79,2.1,0.319,0.281,0.308,24.4,24.3,18.39721,76.56784,ERA5,Asia/Kolkata,Open-Meteo Historical Weather API
MH-Latur,2021-12-04,22.6,29.0,19.2,0.7,0.7,4.0,73,2.48,0.327,0.281,0.307,24.0,24.2,18.39721,76.56784,ERA5,Asia/Kolkata,Open-Meteo Historical Weather API
MH-Latur,2021-12-05,23.7,30.3,18.8,0.0,0.0,0.0,63,3.46,0.319,0.28,0.307,24.6,24.2,18.39721,76.56784,ERA5,Asia/Kolkata,Open-Meteo Historical Weather API
MH-Latur,2021-12-06,24.4,30.6,18.6,0.0,0.0,0.0,57,4.02,0.306,0.278,0.304,25.3,24.8,18.39721,76.56784,ERA5,Asia/Kolkata,Open-Meteo Historical Weather API
MH-Latur,2021-12-07,24.0,28.9,20.4,0.0,0.0,0.0,58,4.04,0.297,0.275,0.301,25.2,25.1,18.39721,76.56784,ERA5,Asia/Kolkata,Open-Meteo Historical Weather API
MH-Latur,2021-12-08,23.9,29.3,20.0,0.0,0.0,0.0,54,4.06,0.294,0.278,0.305,25.1,25.2,18.39721,76.56784,ERA5,Asia/Kolkata,Open-Meteo Historical Weather API
MH-Latur,2021-12-09,24.0,29.3,20.6,0.0,0.0,0.0,56,3.22,0.296,0.283,0.311,24.9,25.0,18.39721,76.56784,ERA5,Asia/Kolkata,Open-Meteo Historical Weather API
MH-Latur,2021-12-10,23.1,28.1,18.2,0.0,0.0,0.0,61,3.21,0.294,0.285,0.313,24.0,24.5,18.39721,76.56784,ERA5,Asia/Kolkata,Open-Meteo Historical Weather API
MH-Latur,2021-12-11,23.1,29.0,17.3,0.0,0.0,0.0,61,3.65,0.292,0.286,0.315,24.0,24.4,18.39721,76.56784,ERA5,Asia/Kolkata,Open-Meteo Historical Weather API
MH-Latur,2021-12-12,23.1,28.7,18.7,0.0,0.0,0.0,55,4.03,0.29,0.288,0.317,24.2,24.6,18.39721,76.56784,ERA5,Asia/Kolkata,Open-Meteo Historical Weather API
MH-Latur,2021-12-13,22.6,28.6,18.3,0.0,0.0,0.0,55,3.88,0.283,0.278,0.311,24.2,24.4,18.39721,76.56784,ERA5,Asia/Kolkata,Open-Meteo Historical Weather API
MH-Latur,2021-12-14,22.4,27.9,18.2,0.0,0.0,0.0,56,3.28,0.287,0.279,0.314,23.6,24.1,18.39721,76.56784,ERA5,Asia/Kolkata,Open-Meteo Historical Weather API
MH-Latur,2021-12-15,22.4,27.3,18.2,0.0,0.0,0.0,56,3.32,0.289,0.282,0.318,23.5,24.0,18.39721,76.56784,ERA5,Asia/Kolkata,Open-Meteo Historical Weather API
MH-Latur,2021-12-16,21.0,27.8,15.5,0.0,0.0,0.0,57,3.6,0.289,0.283,0.319,22.6,23.4,18.39721,76.56784,ERA5,Asia/Kolkata,Open-Meteo Historical Weather API
MH-Latur,2021-12-17,21.0,28.2,15.9,0.0,0.0,0.0,54,4.11,0.287,0.285,0.322,22.5,23.2,18.39721,76.56784,ERA5,Asia/Kolkata,Open-Meteo Historical Weather API
MH-Latur,2021-12-18,20.5,27.4,14.1,0.0,0.0,0.0,54,4.24,0.285,0.286,0.323,21.9,22.7,18.39721,76.56784,ERA5,Asia/Kolkata,Open-Meteo Historical Weather API
MH-Latur,2021-12-19,19.7,26.5,14.1,0.0,0.0,0.0,63,3.79,0.284,0.286,0.322,21.6,22.2,18.39721,76.56784,ERA5,Asia/Kolkata,Open-Meteo Historical Weather API
MH-Latur,2021-12-20,19.5,27.0,13.9,0.0,0.0,0.0,62,3.78,0.281,0.285,0.322,21.3,21.9,18.39721,76.56784,ERA5,Asia/Kolkata,Open-Meteo Historical Weather API
MH-Latur,2021-12-21,19.4,28.1,12.4,0.0,0.0,0.0,56,3.84,0.279,0.283,0.32,21.2,21.8,18.39721,76.56784,ERA5,Asia/Kolkata,Open-Meteo Historical Weather API
MH-Latur,2021-12-22,20.4,29.4,13.7,0.0,0.0,0.0,53,3.93,0.275,0.279,0.316,21.4,21.9,18.39721,76.56784,ERA5,Asia/Kolkata,Open-Meteo Historical Weather API
MH-Latur,2021-12-23,21.4,30.3,13.9,0.0,0.0,0.0,50,3.83,0.272,0.28,0.317,22.1,22.3,18.39721,76.56784,ERA5,Asia/Kolkata,Open-Meteo Historical Weather API
MH-Latur,2021-12-24,22.5,31.2,15.9,0.0,0.0,0.0,53,3.97,0.268,0.283,0.318,22.7,22.6,18.39721,76.56784,ERA5,Asia/Kolkata,Open-Meteo Historical Weather API
MH-Latur,2021-12-25,22.4,30.0,16.5,0.0,0.0,0.0,62,3.81,0.266,0.285,0.32,23.4,23.0,18.39721,76.56784,ERA5,Asia/Kolkata,Open-Meteo Historical Weather API
MH-Latur,2021-12-26,22.4,30.2,15.9,0.0,0.0,0.0,61,3.84,0.266,0.286,0.32,23.4,23.3,18.39721,76.56784,ERA5,Asia/Kolkata,Open-Meteo Historical Weather API
MH-Latur,2021-12-27,22.2,28.6,17.5,0.0,0.0,0.0,64,3.5,0.269,0.289,0.322,23.1,23.3,18.39721,76.56784,ERA5,Asia/Kolkata,Open-Meteo Historical Weather API
MH-Latur,2021-12-28,22.7,29.4,18.3,0.0,0.0,0.0,61,4.04,0.27,0.288,0.321,23.6,23.4,18.39721,76.56784,ERA5,Asia/Kolkata,Open-Meteo Historical Weather API
MH-Latur,2021-12-29,21.8,27.7,17.2,0.0,0.0,0.0,62,3.59,0.268,0.287,0.321,23.5,23.5,18.39721,76.56784,ERA5,Asia/Kolkata,Open-Meteo Historical Weather API
MH-Latur,2021-12-30,20.1,25.5,16.9,0.0,0.0,0.0,76,2.64,0.266,0.286,0.319,21.9,22.8,18.39721,76.56784,ERA5,Asia/Kolkata,Open-Meteo Historical Weather API
MH-Latur,2021-12-31,20.4,26.3,16.1,0.0,0.0,0.0,74,3.25,0.267,0.287,0.32,22.1,22.4,18.39721,76.56784,ERA5,Asia/Kolkata,Open-Meteo Historical Weather API
MH-Latur,2022-01-01,21.6,27.4,17.2,0.0,0.0,0.0,70,3.26,0.269,0.292,0.325,22.9,22.8,18.39721,76.56784,ERA5,Asia/Kolkata,Open-Meteo Historical Weather API
MH-Latur,2022-01-02,22.4,27.5,19.0,0.0,0.0,0.0,65,3.25,0.27,0.292,0.325,23.4,23.1,18.39721,76.56784,ERA5,Asia/Kolkata,Open-Meteo Historical Weather API
MH-Latur,2022-01-03,21.8,28.3,16.5,0.0,0.0,0.0,63,3.78,0.269,0.291,0.324,23.4,23.2,18.39721,76.56784,ERA5,Asia/Kolkata,Open-Meteo Historical Weather API
MH-Latur,2022-01-04,21.7,28.4,16.8,0.0,0.0,0.0,58,4.1,0.268,0.29,0.324,23.2,23.1,18.39721,76.56784,ERA5,Asia/Kolkata,Open-Meteo Historical Weather API
MH-Latur,2022-01-05,21.4,28.5,16.2,0.0,0.0,0.0,58,3.98,0.266,0.289,0.323,22.8,22.9,18.39721,76.56784,ERA5,Asia/Kolkata,Open-Meteo Historical Weather API
MH-Latur,2022-01-06,21.7,29.1,15.9,0.0,0.0,0.0,56,4.19,0.265,0.286,0.321,22.9,22.9,18.39721,76.56784,ERA5,Asia/Kolkata,Open-Meteo Historical Weather API
MH-Latur,2022-01-07,22.3,28.9,17.0,0.0,0.0,0.0,58,4.18,0.264,0.282,0.318,23.1,23.1,18.39721,76.56784,ERA5,Asia/Kolkata,Open-Meteo Historical Weather API
MH-Latur,2022-01-08,23.4,29.0,19.7,0.5,0.5,5.0,61,4.09,0.268,0.284,0.319,24.0,23.5,18.39721,76.56784,ERA5,Asia/Kolkata,Open-Meteo Historical Weather API
MH-Latur,2022-01-09,23.4,29.3,19.3,0.2,0.2,2.0,58,4.33,0.27,0.284,0.319,24.3,23.8,18.39721,76.56784,ERA5,Asia/Kolkata,Open-Meteo Historical Weather API
MH-Latur,2022-01-10,22.1,27.9,17.6,0.2,0.2,2.0,65,3.33,0.27,0.284,0.319,23.8,23.6,18.39721,76.56784,ERA5,Asia/Kolkata,Open-Meteo Historical Weather API
MH-Latur,2022-01-11,22.0,27.4,19.1,0.4,0.4,3.0,74,2.95,0.272,0.284,0.319,23.5,23.3,18.39721,76.56784,ERA5,Asia/Kolkata,Open-Meteo Historical Weather API
MH-Latur,2022-01-12,21.2,25.9,18.2,0.5,0.5,4.0,76,2.84,0.278,0.284,0.32,23.0,23.1,18.39721,76.56784,ERA5,Asia/Kolkata,Open-Meteo Historical Weather API
MH-Latur,2022-01-13,20.5,26.2,18.0,1.2,1.2,9.0,88,1.84,0.288,0.287,0.322,22.1,22.6,18.39721,76.56784,ERA5,Asia/Kolkata,Open-Meteo Historical Weather API
MH-Latur,2022-01-14,21.6,28.0,18.1,0.7,0.7,5.0,70,3.77,0.3,0.286,0.321,23.1,22.5,18.39721,76.56784,ERA5,Asia/Kolkata,Open-Meteo Historical Weather API
MH-Latur,2022-01-15,20.3,25.3,17.3,0.0,0.0,0.0,73,2.81,0.298,0.287,0.322,22.2,22.6,18.39721,76.56784,ERA5,Asia/Kolkata,Open-Meteo Historical Weather API
MH-Latur,2022-01-16,20.0,25.3,16.0,0.0,0.0,0.0,75,2.85,0.299,0.292,0.326,21.4,22.0,18.39721,76.56784,ERA5,Asia/Kolkata,Open-Meteo Historical Weather API
MH-Latur,2022-01-17,21.1,26.7,16.8,0.1,0.1,1.0,72,2.97,0.298,0.294,0.328,22.1,22.0,18.39721,76.56784,ERA5,Asia/Kolkata,Open-Meteo Historical Weather API
MH-Latur,2022-01-18,22.1,29.1,16.7,0.0,0.0,0.0,61,4.16,0.292,0.291,0.325,23.2,22.5,18.39721,76.56784,ERA5,Asia/Kolkata,Open-Meteo Historical Weather API
MH-Latur,2022-01-19,21.4,29.3,15.0,0.0,0.0,0.0,56,4.36,0.284,0.286,0.322,22.6,22.7,18.39721,76.56784,ERA5,Asia/Kolkata,Open-Meteo Historical Weather API
MH-Latur,2022-01-20,21.9,31.5,14.1,0.0,0.0,0.0,50,4.7,0.275,0.279,0.315,22.7,22.6,18.39721,76.56784,ERA5,Asia/Kolkata,Open-Meteo Historical Weather API
MH-Latur,2022-01-21,23.2,31.1,17.6,0.0,0.0,0.0,46,5.06,0.27,0.276,0.312,23.6,23.0,18.39721,76.56784,ERA5,Asia/Kolkata,Open-Meteo Historical Weather API
MH-Latur,2022-01-22,23.1,30.9,16.9,0.0,0.0,0.0,50,5.12,0.265,0.274,0.309,23.8,23.2,18.39721,76.56784,ERA5,Asia/Kolkata,Open-Meteo Historical Weather API
MH-Latur,2022-01-23,21.7,27.1,16.8,0.0,0.0,0.0,60,4.31,0.261,0.272,0.306,23.4,23.4,18.39721,76.56784,ERA5,Asia/Kolkata,Open-Meteo Historical Weather API
MH-Latur,2022-01-24,18.7,24.0,14.7,0.0,0.0,0.0,54,4.08,0.261,0.272,0.306,22.0,22.4,18.39721,76.56784,ERA5,Asia/Kolkata,Open-Meteo Historical Weather API
MH-Latur,2022-01-25,18.8,25.5,12.9,0.0,0.0,0.0,52,4.13,0.263,0.274,0.31,21.3,21.6,18.39721,76.56784,ERA5,Asia/Kolkata,Open-Meteo Historical Weather API
MH-Latur,2022-01-26,19.4,26.2,13.9,0.0,0.0,0.0,53,4.37,0.263,0.276,0.312,21.4,21.5,18.39721,76.56784,ERA5,Asia/Kolkata,Open-Meteo Historical Weather API
MH-Latur,2022-01-27,19.6,26.1,14.3,0.0,0.0,0.0,53,4.48,0.265,0.279,0.314,21.6,21.7,18.39721,76.56784,ERA5,Asia/Kolkata,Open-Meteo Historical Weather API
MH-Latur,2022-01-28,19.5,26.8,13.4,0.0,0.0,0.0,49,4.62,0.265,0.28,0.315,21.5,21.6,18.39721,76.56784,ERA5,Asia/Kolkata,Open-Meteo Historical Weather API
MH-Latur,2022-01-29,19.1,27.8,12.5,0.0,0.0,0.0,46,4.63,0.264,0.279,0.313,20.9,21.4,18.39721,76.56784,ERA5,Asia/Kolkata,Open-Meteo Historical Weather API
MH-Latur,2022-01-30,21.0,30.5,13.1,0.0,0.0,0.0,42,4.47,0.262,0.275,0.308,21.7,21.5,18.39721,76.56784,ERA5,Asia/Kolkata,Open-Meteo Historical Weather API
MH-Latur,2022-01-31,22.9,31.4,15.9,0.0,0.0,0.0,37,4.76,0.261,0.274,0.303,22.7,22.1,18.39721,76.56784,ERA5,Asia/Kolkata,Open-Meteo Historical Weather API
MH-Latur,2022-02-01,22.8,30.9,14.8,0.0,0.0,0.0,41,4.93,0.26,0.275,0.302,23.4,22.7,18.39721,76.56784,ERA5,Asia/Kolkata,Open-Meteo Historical Weather API
MH-Latur,2022-02-02,23.8,32.8,14.9,0.0,0.0,0.0,41,4.5,0.259,0.274,0.299,24.1,23.2,18.39721,76.56784,ERA5,Asia/Kolkata,Open-Meteo Historical Weather API
MH-Latur,2022-02-03,24.4,33.2,16.7,0.0,0.0,0.0,37,5.92,0.257,0.272,0.294,24.9,23.8,18.39721,76.56784,ERA5,Asia/Kolkata,Open-Meteo Historical Weather API
MH-Latur,2022-02-04,21.1,27.2,16.0,0.0,0.0,0.0,46,4.95,0.257,0.271,0.295,23.7,23.8,18.39721,76.56784,ERA5,Asia/Kolkata,Open-Meteo Historical Weather API
MH-Latur,2022-02-05,21.4,29.8,13.4,0.0,0.0,0.0,42,4.85,0.259,0.272,0.295,22.9,22.9,18.39721,76.56784,ERA5,Asia/Kolkata,Open-Meteo Historical Weather API
MH-Latur,2022-02-06,22.5,30.7,15.4,0.0,0.0,0.0,42,5.2,0.26,0.273,0.296,23.8,23.2,18.39721,76.56784,ERA5,Asia/Kolkata,Open-Meteo Historical Weather API
MH-Latur,2022-02-07,23.9,32.5,16.1,0.0,0.0,0.0,48,4.79,0.259,0.273,0.295,24.8,23.8,18.39721,76.56784,ERA5,Asia/Kolkata,Open-Meteo Historical Weather API
MH-Latur,2022-02-08,24.9,32.1,18.7,0.0,0.0,0.0,52,5.05,0.257,0.273,0.295,25.8,24.8,18.39721,76.56784,ERA5,Asia/Kolkata,Open-Meteo Historical Weather API
MH-Latur,2022-02-09,24.5,31.1,19.9,0.0,0.0,0.0,50,4.79,0.257,0.275,0.296,26.4,25.4,18.39721,76.56784,ERA5,Asia/Kolkata,Open-Meteo Historical Weather API
MH-Latur,2022-02-10,23.2,28.3,18.4,0.0,0.0,0.0,51,4.33,0.259,0.276,0.297,25.2,25.1,18.39721,76.56784,ERA5,Asia/Kolkata,Open-Meteo Historical Weather API
MH-Latur,2022-02-11,22.3,28.6,17.7,0.0,0.0,0.0,54,4.95,0.264,0.28,0.302,24.5,24.6,18.39721,76.56784,ERA5,Asia/Kolkata,Open-Meteo Historical Weather API
MH-Latur,2022-02-12,22.6,30.1,15.7,0.0,0.0,0.0,46,5.11,0.267,0.283,0.305,24.5,24.3,18.39721,76.56784,ERA5,Asia/Kolkata,Open-Meteo Historical Weather API
MH-Latur,2022-02-13,22.8,30.4,15.4,0.0,0.0,0.0,45,5.15,0.269,0.286,0.307,24.5,24.2,18.39721,76.56784,ERA5,Asia/Kolkata,Open-Meteo Historical Weather API
MH-Latur,2022-02-14,24.2,31.7,17.4,0.0,0.0,0.0,42,5.29,0.269,0.287,0.307,25.2,24.4,18.39721,76.56784,ERA5,Asia/Kolkata,Open-Meteo Historical Weather API
MH-Latur,2022-02-15,24.8,30.4,19.1,0.0,0.0,0.0,48,4.68,0.27,0.289,0.309,25.5,25.0,18.39721,76.56784,ERA5,Asia/Kolkata,Open-Meteo Historical Weather API
MH-Latur,2022-02-16,25.0,31.8,19.7,0.0,0.0,0.0,49,4.56,0.27,0.289,0.31,25.8,25.2,18.39721,76.56784,ERA5,Asia/Kolkata,Open-Meteo Historical Weather API
MH-Latur,2022-02-17,24.6,30.6,18.8,0.0,0.0,0.0,48,3.92,0.272,0.288,0.309,25.7,25.1,18.39721,76.56784,ERA5,Asia/Kolkata,Open-Meteo Historical Weather API
MH-Latur,2022-02-18,24.9,30.4,20.4,0.0,0.0,0.0,49,4.78,0.274,0.293,0.313,25.8,25.3,18.39721,76.56784,ERA5,Asia/Kolkata,Open-Meteo Historical Weather API
MH-Latur,2022-02-19,25.8,32.3,20.4,0.0,0.0,0.0,45,5.76,0.274,0.294,0.314,26.7,25.6,18.39721,76.56784,ERA5,Asia/Kolkata,Open-Meteo Historical Weather API
MH-Latur,2022-02-20,25.7,32.9,20.8,0.0,0.0,0.0,45,5.62,0.274,0.291,0.313,27.0,26.2,18.39721,76.56784,ERA5,Asia/Kolkata,Open-Meteo Historical Weather API
MH-Latur,2022-02-21,24.8,32.8,18.2,0.0,0.0,0.0,38,5.77,0.272,0.288,0.311,26.3,25.8,18.39721,76.56784,ERA5,Asia/Kolkata,Open-Meteo Historical Weather API
MH-Latur,2022-02-22,25.5,34.0,17.0,0.0,0.0,0.0,34,5.79,0.273,0.282,0.306,26.2,25.5,18.39721,76.56784,ERA5,Asia/Kolkata,Open-Meteo Historical Weather API
MH-Latur,2022-02-23,26.7,34.7,19.9,0.0,0.0,0.0,40,6.17,0.269,0.279,0.303,27.5,26.1,18.39721,76.56784,ERA5,Asia/Kolkata,Open-Meteo Historical Weather API
MH-Latur,2022-02-24,26.9,33.1,20.9,0.0,0.0,0.0,42,5.81,0.268,0.278,0.302,27.9,26.9,18.39721,76.56784,ERA5,Asia/Kolkata,Open-Meteo Historical Weather API
MH-Latur,2022-02-25,26.9,34.2,19.2,0.0,0.0,0.0,35,5.56,0.27,0.281,0.304,28.1,27.2,18.39721,76.56784,ERA5,Asia/Kolkata,Open-Meteo Historical Weather API
MH-Latur,2022-02-26,27.2,33.9,22.2,0.0,0.0,0.0,36,6.32,0.27,0.284,0.305,28.2,27.3,18.39721,76.56784,ERA5,Asia/Kolkata,Open-Meteo Historical Weather API
MH-Latur,2022-02-27,27.2,33.0,22.6,0.0,0.0,0.0,37,5.81,0.27,0.283,0.305,28.6,27.4,18.39721,76.56784,ERA5,Asia/Kolkata,Open-Meteo Historical Weather API
MH-Latur,2022-02-28,26.9,33.6,21.1,0.0,0.0,0.0,37,5.67,0.27,0.283,0.305,28.3,27.5,18.39721,76.56784,ERA5,Asia/Kolkata,Open-Meteo Historical Weather API
MH-Latur,2022-03-01,27.3,34.1,20.6,0.0,0.0,0.0,34,5.87,0.271,0.282,0.304,28.4,27.4,18.39721,76.56784,ERA5,Asia/Kolkata,Open-Meteo Historical Weather API
MH-Latur,2022-03-02,27.7,34.9,21.5,0.0,0.0,0.0,32,6.44,0.268,0.279,0.301,28.8,27.8,18.39721,76.56784,ERA5,Asia/Kolkata,Open-Meteo Historical Weather API
MH-Latur,2022-03-03,27.6,34.4,23.0,0.0,0.0,0.0,34,5.7,0.267,0.279,0.301,28.5,27.8,18.39721,76.56784,ERA5,Asia/Kolkata,Open-Meteo Historical Weather API
MH-Latur,2022-03-04,27.1,34.4,21.2,0.0,0.0,0.0,36,5.58,0.266,0.278,0.299,28.6,27.7,18.39721,76.56784,ERA5,Asia/Kolkata,Open-Meteo Historical Weather API
MH-Latur,2022-03-05,27.4,33.5,22.4,0.0,0.0,0.0,39,5.35,0.264,0.278,0.299,29.0,27.9,18.39721,76.56784,ERA5,Asia/Kolkata,Open-Meteo Historical Weather API
MH-Latur,2022-03-06,27.1,33.0,21.1,0.0,0.0,0.0,43,5.2,0.269,0.281,0.302,28.5,27.8,18.39721,76.56784,ERA5,Asia/Kolkata,Open-Meteo Historical Weather API
MH-Latur,2022-03-07,27.3,33.5,22.4,0.0,0.0,0.0,42,5.76,0.268,0.284,0.304,28.5,27.7,18.39721,76.56784,ERA5,Asia/Kolkata,Open-Meteo Historical Weather API
MH-Latur,2022-03-08,27.0,32.0,22.5,0.0,0.0,0.0,42,5.51,0.268,0.285,0.305,28.4,27.7,18.39721,76.56784,ERA5,Asia/Kolkata,Open-Meteo Historical Weather API
MH-Latur,2022-03-09,25.7,31.5,20.4,0.0,0.0,0.0,47,4.94,0.27,0.289,0.309,27.8,27.5,18.39721,76.56784,ERA5,Asia/Kolkata,Open-Meteo Historical Weather API
MH-Latur,2022-03-10,25.9,32.1,21.3,0.0,0.0,0.0,46,4.55,0.273,0.294,0.313,27.2,27.4,18.39721,76.56784,ERA5,Asia/Kolkata,Open-Meteo Historical Weather API
MH-Latur,2022-03-11,26.3,33.0,22.0,0.5,0.5,2.0,50,4.57,0.279,0.298,0.317,27.6,27.3,18.39721,76.56784,ERA5,Asia/Kolkata,Open-Meteo Historical Weather API
MH-Latur,2022-03-12,26.6,32.7,21.3,0.0,0.0,0.0,47,4.68,0.285,0.303,0.322,27.6,27.2,18.39721,76.56784,ERA5,Asia/Kolkata,Open-Meteo Historical Weather API
MH-Latur,2022-03-13,27.6,34.5,21.7,0.0,0.0,0.0,41,6.39,0.281,0.3,0.32,28.3,27.5,18.39721,76.56784,ERA5,Asia/Kolkata,Open-Meteo Historical Weather API
MH-Latur,2022-03-14,27.5,35.1,19.3,0.0,0.0,0.0,32,6.83,0.275,0.295,0.317,28.4,27.8,18.39721,76.56784,ERA5,Asia/Kolkata,Open-Meteo Historical Weather API
MH-Latur,2022-03-15,27.9,36.4,19.8,0.0,0.0,0.0,32,7.06,0.267,0.287,0.311,28.6,27.8,18.39721,76.56784,ERA5,Asia/Kolkata,Open-Meteo Historical Weather API
MH-Latur,2022-03-16,29.1,38.1,21.9,0.0,0.0,0.0,30,7.37,0.264,0.281,0.306,29.5,28.3,18.39721,76.56784,ERA5,Asia/Kolkata,Open-Meteo Historical Weather API
MH-Latur,2022-03-17,30.0,39.0,21.4,0.0,0.0,0.0,29,7.52,0.26,0.276,0.302,30.2,28.8,18.39721,76.56784,ERA5,Asia/Kolkata,Open-Meteo Historical Weather API
MH-Latur,2022-03-18,30.3,39.3,23.4,0.0,0.0,0.0,28,7.71,0.259,0.273,0.297,31.0,29.6,18.39721,76.56784,ERA5,Asia/Kolkata,Open-Meteo Historical Weather API
MH-Latur,2022-03-19,30.4,37.9,24.5,0.0,0.0,0.0,29,6.93,0.26,0.274,0.299,31.1,29.9,18.39721,76.56784,ERA5,Asia/Kolkata,Open-Meteo Historical Weather API
MH-Latur,2022-03-20,30.2,37.1,24.9,0.0,0.0,0.0,31,6.47,0.259,0.275,0.3,31.3,30.1,18.39721,76.56784,ERA5,Asia/Kolkata,Open-Meteo Historical Weather API
MH-Latur,2022-03-21,30.2,37.9,24.5,0.0,0.0,0.0,29,7.46,0.256,0.274,0.298,31.2,30.1,18.39721,76.56784,ERA5,Asia/Kolkata,Open-Meteo Historical Weather API
MH-Latur,2022-03-22,30.2,37.6,24.6,0.0,0.0,0.0,33,6.55,0.257,0.274,0.297,31.4,30.2,18.39721,76.56784,ERA5,Asia/Kolkata,Open-Meteo Historical Weather API
MH-Latur,2022-03-23,30.9,37.9,24.1,0.0,0.0,0.0,35,6.32,0.262,0.276,0.298,31.6,30.3,18.39721,76.56784,ERA5,Asia/Kolkata,Open-Meteo Historical Weather API
MH-Latur,2022-03-24,30.8,37.1,25.6,0.0,0.0,0.0,36,5.7,0.261,0.277,0.298,31.4,30.4,18.39721,76.56784,ERA5,Asia/Kolkata,Open-Meteo Historical Weather API
MH-Latur,2022-03-25,30.8,37.6,25.9,0.0,0.0,0.0,42,5.2,0.263,0.277,0.298,31.8,30.5,18.39721,76.56784,ERA5,Asia/Kolkata,Open-Meteo Historical Weather API
MH-Latur,2022-03-26,30.9,37.0,27.1,0.0,0.0,0.0,38,5.02,0.262,0.278,0.298,31.9,30.9,18.39721,76.56784,ERA5,Asia/Kolkata,Open-Meteo Historical Weather API
MH-Latur,2022-03-27,31.3,39.2,23.4,0.0,0.0,0.0,35,6.86,0.26,0.279,0.298,32.1,30.9,18.39721,76.56784,ERA5,Asia/Kolkata,Open-Meteo Historical Weather API
MH-Latur,2022-03-28,31.9,39.6,24.6,0.0,0.0,0.0,27,7.34,0.261,0.278,0.296,32.4,31.3,18.39721,76.56784,ERA5,Asia/Kolkata,Open-Meteo Historical Weather API
MH-Latur,2022-03-29,31.6,40.1,24.5,0.0,0.0,0.0,24,7.97,0.258,0.276,0.293,32.5,31.3,18.39721,76.56784,ERA5,Asia/Kolkata,Open-Meteo Historical Weather API
MH-Latur,2022-03-30,32.3,40.5,25.4,0.0,0.0,0.0,22,7.74,0.253,0.272,0.289,33.4,31.7,18.39721,76.56784,ERA5,Asia/Kolkata,Open-Meteo Historical Weather API
MH-Latur,2022-03-31,31.9,40.2,22.9,0.0,0.0,0.0,21,7.77,0.248,0.27,0.285,33.3,31.8,18.39721,76.56784,ERA5,Asia/Kolkata,Open-Meteo Historical Weather API
MH-Latur,2022-04-01,31.5,40.2,22.9,0.0,0.0,0.0,21,7.61,0.245,0.269,0.281,33.2,31.9,18.39721,76.56784,ERA5,Asia/Kolkata,Open-Meteo Historical Weather API
MH-Latur,2022-04-02,31.9,40.0,23.8,0.0,0.0,0.0,24,7.35,0.245,0.27,0.277,33.6,32.2,18.39721,76.56784,ERA5,Asia/Kolkata,Open-Meteo Historical Weather API
MH-Latur,2022-04-03,32.3,39.3,25.1,0.0,0.0,0.0,35,6.39,0.248,0.273,0.28,34.2,32.7,18.39721,76.56784,ERA5,Asia/Kolkata,Open-Meteo Historical Weather API
MH-Latur,2022-04-04,32.5,39.3,26.6,0.0,0.0,0.0,34,6.29,0.254,0.273,0.281,34.2,33.0,18.39721,76.56784,ERA5,Asia/Kolkata,Open-Meteo Historical Weather API
MH-Latur,2022-04-05,32.4,39.4,26.0,0.0,0.0,0.0,36,6.77,0.255,0.273,0.28,34.0,33.0,18.39721,76.56784,ERA5,Asia/Kolkata,Open-Meteo Historical Weather API
MH-Latur,2022-04-06,32.8,40.5,26.7,0.0,0.0,0.0,34,6.17,0.258,0.275,0.283,34.5,33.1,18.39721,76.56784,ERA5,Asia/Kolkata,Open-Meteo Historical Weather API
MH-Latur,2022-04-07,33.3,40.5,27.0,0.0,0.0,0.0,30,7.54,0.253,0.273,0.28,35.0,33.5,18.39721,76.56784,ERA5,Asia/Kolkata,Open-Meteo Historical Weather API
MH-Latur,2022-04-08,32.7,38.8,26.3,0.0,0.0,0.0,32,6.59,0.249,0.272,0.279,34.6,33.6,18.39721,76.56784,ERA5,Asia/Kolkata,Open-Meteo Historical Weather API
MH-Latur,2022-04-09,32.8,38.7,26.9,0.0,0.0,0.0,32,6.36,0.251,0.272,0.279,34.5,33.5,18.39721,76.56784,ERA5,Asia/Kolkata,Open-Meteo Historical Weather API
MH-Latur,2022-04-10,32.9,39.0,27.7,0.0,0.0,0.0,36,6.14,0.253,0.275,0.283,34.9,33.7,18.39721,76.56784,ERA5,Asia/Kolkata,Open-Meteo Historical Weather API
MH-Latur,2022-04-11,32.9,39.1,27.1,0.0,0.0,0.0,36,6.4,0.252,0.276,0.284,34.8,33.7,18.39721,76.56784,ERA5,Asia/Kolkata,Open-Meteo Historical Weather API
MH-Latur,2022-04-12,33.4,39.3,28.1,0.0,0.0,0.0,33,5.99,0.248,0.275,0.283,35.3,33.9,18.39721,76.56784,ERA5,Asia/Kolkata,Open-Meteo Historical Weather API
MH-Latur,2022-04-13,33.0,38.6,28.4,0.0,0.0,0.0,34,6.0,0.247,0.275,0.284,35.1,34.0,18.39721,76.56784,ERA5,Asia/Kolkata,Open-Meteo Historical Weather API
MH-Latur,2022-04-14,32.9,39.8,28.3,0.1,0.1,1.0,34,6.98,0.249,0.276,0.284,35.2,34.1,18.39721,76.56784,ERA5,Asia/Kolkata,Open-Meteo Historical Weather API
MH-Latur,2022-04-15,32.9,39.0,28.5,0.0,0.0,0.0,34,7.22,0.248,0.274,0.284,35.2,34.2,18.39721,76.56784,ERA5,Asia/Kolkata,Open-Meteo Historical Weather API
MH-Latur,2022-04-16,33.1,40.7,27.0,0.0,0.0,0.0,28,7.7,0.244,0.268,0.276,35.2,34.1,18.39721,76.56784,ERA5,Asia/Kolkata,Open-Meteo Historical Weather API
MH-Latur,2022-04-17,33.4,40.5,26.5,0.0,0.0,0.0,30,7.36,0.24,0.266,0.271,35.8,34.4,18.39721,76.56784,ERA5,Asia/Kolkata,Open-Meteo Historical Weather API
MH-Latur,2022-04-18,33.2,40.2,28.2,0.0,0.0,0.0,32,7.3,0.241,0.265,0.27,35.7,34.5,18.39721,76.56784,ERA5,Asia/Kolkata,Open-Meteo Historical Weather API
MH-Latur,2022-04-19,33.7,40.8,27.5,0.0,0.0,0.0,27,7.33,0.245,0.266,0.271,35.7,34.4,18.39721,76.56784,ERA5,Asia/Kolkata,Open-Meteo Historical Weather API
MH-Latur,2022-04-20,34.7,42.1,28.5,0.0,0.0,0.0,26,7.99,0.246,0.267,0.27,36.2,34.6,18.39721,76.56784,ERA5,Asia/Kolkata,Open-Meteo Historical Weather API
MH-Latur,2022-04-21,33.5,39.9,28.4,0.0,0.0,0.0,27,6.76,0.251,0.267,0.27,35.8,34.8,18.39721,76.56784,ERA5,Asia/Kolkata,Open-Meteo Historical Weather API
MH-Latur,2022-04-22,31.7,37.2,26.6,0.1,0.1,1.0,33,6.38,0.257,0.268,0.272,34.2,34.3,18.39721,76.56784,ERA5,Asia/Kolkata,Open-Meteo Historical Weather API
MH-Latur,2022-04-23,31.7,38.2,26.1,1.0,1.0,2.0,43,5.56,0.266,0.267,0.271,34.2,33.8,18.39721,76.56784,ERA5,Asia/Kolkata,Open-Meteo Historical Weather API
MH-Latur,2022-04-24,31.0,37.5,27.8,1.2,1.2,1.0,44,6.14,0.282,0.267,0.271,33.7,33.5,18.39721,76.56784,ERA5,Asia/Kolkata,Open-Meteo Historical Weather API
MH-Latur,2022-04-25,32.6,40.5,24.7,0.0,0.0,0.0,34,7.4,0.285,0.267,0.272,34.2,33.3,18.39721,76.56784,ERA5,Asia/Kolkata,Open-Meteo Historical Weather API
MH-Latur,2022-04-26,33.2,40.5,27.1,0.0,0.0,0.0,34,7.78,0.28,0.268,0.273,34.8,33.9,18.39721,76.56784,ERA5,Asia/Kolkata,Open-Meteo Historical Weather API
MH-Latur,2022-04-27,34.2,41.9,26.6,0.0,0.0,0.0,27,7.77,0.272,0.268,0.272,35.4,34.2,18.39721,76.56784,ERA5,Asia/Kolkata,Open-Meteo Historical Weather API
MH-Latur,2022-04-28,33.8,42.2,26.3,0.0,0.0,0.0,31,6.65,0.266,0.268,0.271,35.5,34.6,18.39721,76.56784,ERA5,Asia/Kolkata,Open-Meteo Historical Weather API
MH-Latur,2022-04-29,34.2,42.2,27.3,0.0,0.0,0.0,29,8.85,0.261,0.269,0.272,35.8,34.8,18.39721,76.56784,ERA5,Asia/Kolkata,Open-Meteo Historical Weather API
MH-Latur,2022-04-30,34.2,40.7,28.2,0.0,0.0,0.0,24,7.3,0.255,0.269,0.273,36.2,34.9,18.39721,76.56784,ERA5,Asia/Kolkata,Open-Meteo Historical Weather API
MH-Latur,2022-05-01,34.0,40.6,26.5,0.0,0.0,0.0,27,7.47,0.249,0.267,0.271,35.8,34.8,18.39721,76.56784,ERA5,Asia/Kolkata,Open-Meteo Historical Weather API
MH-Latur,2022-05-02,34.0,40.9,28.1,0.0,0.0,0.0,31,7.8,0.244,0.266,0.268,36.1,34.8,18.39721,76.56784,ERA5,Asia/Kolkata,Open-Meteo Historical Weather API
MH-Latur,2022-05-03,34.4,40.6,28.1,0.0,0.0,0.0,31,7.73,0.244,0.266,0.268,36.3,34.9,18.39721,76.56784,ERA5,Asia/Kolkata,Open-Meteo Historical Weather API
MH-Latur,2022-05-04,32.9,38.9,27.7,0.0,0.0,0.0,35,7.33,0.244,0.267,0.271,35.7,35.2,18.39721,76.56784,ERA5,Asia/Kolkata,Open-Meteo Historical Weather API
MH-Latur,2022-05-05,33.5,39.7,28.0,0.0,0.0,0.0,29,7.37,0.244,0.268,0.271,36.0,35.2,18.39721,76.56784,ERA5,Asia/Kolkata,Open-Meteo Historical Weather API
MH-Latur,2022-05-06,33.9,40.6,27.9,0.0,0.0,0.0,25,7.87,0.243,0.267,0.27,35.9,35.0,18.39721,76.56784,ERA5,Asia/Kolkata,Open-Meteo Historical Weather API
MH-Latur,2022-05-07,34.6,40.9,29.0,0.0,0.0,0.0,23,8.33,0.242,0.267,0.27,36.1,34.9,18.39721,76.56784,ERA5,Asia/Kolkata,Open-Meteo Historical Weather API
MH-Latur,2022-05-08,34.1,39.2,29.0,0.0,0.0,0.0,27,6.81,0.242,0.267,0.269,36.2,35.1,18.39721,76.56784,ERA5,Asia/Kolkata,Open-Meteo Historical Weather API
MH-Latur,2022-05-09,34.8,41.4,28.3,0.0,0.0,0.0,24,8.64,0.242,0.268,0.271,36.3,35.1,18.39721,76.56784,ERA5,Asia/Kolkata,Open-Meteo Historical Weather API
MH-Latur,2022-05-10,36.0,41.2,29.7,0.0,0.0,0.0,21,9.92,0.242,0.268,0.27,37.0,35.4,18.39721,76.56784,ERA5,Asia/Kolkata,Open-Meteo Historical Weather API
MH-Latur,2022-05-11,34.9,38.2,30.3,0.0,0.0,0.0,27,7.59,0.24,0.267,0.269,37.0,35.8,18.39721,76.56784,ERA5,Asia/Kolkata,Open-Meteo Historical Weather API
MH-Latur,2022-05-12,33.3,38.6,27.5,0.0,0.0,0.0,40,6.62,0.24,0.266,0.268,35.1,35.0,18.39721,76.56784,ERA5,Asia/Kolkata,Open-Meteo Historical Weather API
MH-Latur,2022-05-13,33.3,38.8,27.8,0.0,0.0,0.0,40,6.68,0.24,0.266,0.268,35.5,34.9,18.39721,76.56784,ERA5,Asia/Kolkata,Open-Meteo Historical Weather API
MH-Latur,2022-05-14,34.0,40.8,29.3,0.0,0.0,0.0,34,7.26,0.241,0.266,0.27,36.4,35.5,18.39721,76.56784,ERA5,Asia/Kolkata,Open-Meteo Historical Weather API
MH-Latur,2022-05-15,34.1,40.8,29.1,0.1,0.1,1.0,34,7.07,0.241,0.266,0.27,36.3,35.7,18.39721,76.56784,ERA5,Asia/Kolkata,Open-Meteo Historical Weather API
MH-Latur,2022-05-16,33.2,38.4,29.0,0.0,0.0,0.0,34,6.7,0.246,0.269,0.275,35.6,35.7,18.39721,76.56784,ERA5,Asia/Kolkata,Open-Meteo Historical Weather API
MH-Latur,2022-05-17,33.6,40.5,28.1,0.0,0.0,0.0,39,7.28,0.246,0.269,0.278,36.3,35.3,18.39721,76.56784,ERA5,Asia/Kolkata,Open-Meteo Historical Weather API
MH-Latur,2022-05-18,31.9,38.1,28.0,0.0,0.0,0.0,40,4.46,0.245,0.269,0.277,34.0,34.7,18.39721,76.56784,ERA5,Asia/Kolkata,Open-Meteo Historical Weather API
MH-Latur,2022-05-19,30.1,34.7,28.1,4.4,4.4,9.0,62,3.7,0.264,0.269,0.278,33.5,33.8,18.39721,76.56784,ERA5,Asia/Kolkata,Open-Meteo Historical Weather API
MH-Latur,2022-05-20,29.8,35.3,25.7,0.4,0.4,4.0,62,4.23,0.312,0.269,0.278,32.4,32.6,18.39721,76.56784,ERA5,Asia/Kolkata,Open-Meteo Historical Weather API
MH-Latur,2022-05-21,31.5,37.4,25.5,0.2,0.2,2.0,43,7.48,0.302,0.27,0.28,33.0,32.5,18.39721,76.56784,ERA5,Asia/Kolkata,Open-Meteo Historical Weather API
MH-Latur,2022-05-22,31.7,38.7,24.5,0.0,0.0,0.0,42,9.1,0.285,0.27,0.279,33.5,32.8,18.39721,76.56784,ERA5,Asia/Kolkata,Open-Meteo Historical Weather API
MH-Latur,2022-05-23,32.4,39.2,25.2,0.0,0.0,0.0,41,8.99,0.269,0.268,0.276,34.4,33.2,18.39721,76.56784,ERA5,Asia/Kolkata,Open-Meteo Historical Weather API
MH-Latur,2022-05-24,32.4,39.0,25.6,0.0,0.0,0.0,41,7.94,0.261,0.267,0.273,35.0,33.6,18.39721,76.56784,ERA5,Asia/Kolkata,Open-Meteo Historical Weather API
MH-Latur,2022-05-25,32.9,39.1,27.1,0.0,0.0,0.0,40,7.18,0.256,0.267,0.273,35.6,34.3,18.39721,76.56784,ERA5,Asia/Kolkata,Open-Meteo Historical Weather API
MH-Latur,2022-05-26,32.5,37.0,27.4,0.0,0.0,0.0,40,7.4,0.253,0.267,0.274,35.5,34.6,18.39721,76.56784,ERA5,Asia/Kolkata,Open-Meteo Historical Weather API
MH-Latur,2022-05-27,32.4,38.3,26.4,0.0,0.0,0.0,38,8.05,0.25,0.267,0.273,35.5,34.5,18.39721,76.56784,ERA5,Asia/Kolkata,Open-Meteo Historical Weather API
MH-Latur,2022-05-28,32.3,38.6,26.0,0.0,0.0,0.0,38,7.99,0.246,0.267,0.271,35.5,34.4,18.39721,76.56784,ERA5,Asia/Kolkata,Open-Meteo Historical Weather API
MH-Latur,2022-05-29,32.6,39.2,26.9,0.0,0.0,0.0,39,7.84,0.246,0.267,0.272,35.6,34.5,18.39721,76.56784,ERA5,Asia/Kolkata,Open-Meteo Historical Weather API
MH-Latur,2022-05-30,32.7,39.2,26.9,0.0,0.0,0.0,40,7.54,0.245,0.266,0.271,35.8,34.7,18.39721,76.56784,ERA5,Asia/Kolkata,Open-Meteo Historical Weather API
MH-Latur,2022-05-31,31.9,38.6,27.0,0.0,0.0,0.0,42,7.72,0.25,0.268,0.276,35.4,34.9,18.39721,76.56784,ERA5,Asia/Kolkata,Open-Meteo Historical Weather API
MH-Latur,2022-06-01,30.8,37.2,27.0,0.7,0.7,2.0,52,6.48,0.256,0.271,0.279,34.4,34.6,18.39721,76.56784,ERA5,Asia/Kolkata,Open-Meteo Historical Weather API
MH-Latur,2022-06-02,33.0,40.1,26.8,0.1,0.1,1.0,43,7.32,0.262,0.271,0.28,35.2,34.3,18.39721,76.56784,ERA5,Asia/Kolkata,Open-Meteo Historical Weather API
MH-Latur,2022-06-03,32.8,38.4,27.7,0.0,0.0,0.0,39,7.13,0.265,0.272,0.285,35.3,34.8,18.39721,76.56784,ERA5,Asia/Kolkata,Open-Meteo Historical Weather API
MH-Latur,2022-06-04,32.5,36.9,28.5,0.0,0.0,0.0,36,5.38,0.26,0.273,0.287,34.4,34.5,18.39721,76.56784,ERA5,Asia/Kolkata,Open-Meteo Historical Weather API
MH-Latur,2022-06-05,33.2,40.8,28.0,1.5,1.5,2.0,35,6.8,0.261,0.273,0.288,35.1,34.5,18.39721,76.56784,ERA5,Asia/Kolkata,Open-Meteo Historical Weather API
MH-Latur,2022-06-06,31.0,36.9,28.0,1.3,1.3,2.0,47,6.38,0.266,0.273,0.289,34.2,34.4,18.39721,76.56784,ERA5,Asia/Kolkata,Open-Meteo Historical Weather API
MH-Latur,2022-06-07,32.6,39.4,27.5,0.0,0.0,0.0,40,7.59,0.266,0.272,0.292,34.6,34.0,18.39721,76.56784,ERA5,Asia/Kolkata,Open-Meteo Historical Weather API
MH-Latur,2022-06-08,31.6,39.6,27.3,1.5,1.5,2.0,49,7.34,0.263,0.272,0.295,34.7,34.2,18.39721,76.56784,ERA5,Asia/Kolkata,Open-Meteo Historical Weather API
MH-Latur,2022-06-09,28.9,35.7,22.7,2.8,2.8,3.0,61,4.09,0.297,0.274,0.303,31.7,32.9,18.39721,76.56784,ERA5,Asia/Kolkata,Open-Meteo Historical Weather API
MH-Latur,2022-06-10,30.3,35.5,25.8,0.2,0.2,1.0,57,6.1,0.291,0.274,0.304,32.4,32.2,18.39721,76.56784,ERA5,Asia/Kolkata,Open-Meteo Historical Weather API
MH-Latur,2022-06-11,28.3,34.0,24.7,9.6,9.6,7.0,66,5.1,0.322,0.274,0.301,31.4,32.0,18.39721,76.56784,ERA5,Asia/Kolkata,Open-Meteo Historical Weather API
MH-Latur,2022-06-12,27.8,34.4,24.2,4.9,4.9,11.0,70,4.41,0.38,0.275,0.299,30.0,30.7,18.39721,76.56784,ERA5,Asia/Kolkata,Open-Meteo Historical Weather API
MH-Latur,2022-06-13,29.0,34.6,24.0,0.1,0.1,1.0,63,5.45,0.395,0.278,0.296,30.5,30.4,18.39721,76.56784,ERA5,Asia/Kolkata,Open-Meteo Historical Weather API
MH-Latur,2022-06-14,28.7,33.2,25.1,2.0,2.0,5.0,65,5.04,0.369,0.281,0.296,30.9,30.9,18.39721,76.56784,ERA5,Asia/Kolkata,Open-Meteo Historical Weather API
MH-Latur,2022-06-15,29.1,34.4,25.7,0.0,0.0,0.0,57,4.7,0.359,0.286,0.299,30.8,30.9,18.39721,76.56784,ERA5,Asia/Kolkata,Open-Meteo Historical Weather API
MH-Latur,2022-06-16,29.1,33.1,25.2,0.3,0.3,3.0,59,4.63,0.342,0.288,0.3,30.9,30.8,18.39721,76.56784,ERA5,Asia/Kolkata,Open-Meteo Historical Weather API
MH-Latur,2022-06-17,29.2,34.9,25.5,7.5,7.5,4.0,63,4.56,0.344,0.287,0.299,31.5,31.2,18.39721,76.56784,ERA5,Asia/Kolkata,Open-Meteo Historical Weather API
MH-Latur,2022-06-18,28.7,33.4,25.3,6.8,6.8,6.0,68,4.19,0.4,0.289,0.295,31.1,31.0,18.39721,76.56784,ERA5,Asia/Kolkata,Open-Meteo Historical Weather API
MH-Latur,2022-06-19,28.0,31.8,24.7,4.6,4.6,9.0,69,4.28,0.405,0.298,0.293,30.2,30.6,18.39721,76.56784,ERA5,Asia/Kolkata,Open-Meteo Historical Weather API
MH-Latur,2022-06-20,27.7,32.7,25.0,6.9,6.9,4.0,69,4.95,0.414,0.302,0.29,29.7,30.1,18.39721,76.56784,ERA5,Asia/Kolkata,Open-Meteo Historical Weather API
MH-Latur,2022-06-21,26.5,31.3,24.0,4.6,4.6,8.0,73,3.92,0.411,0.306,0.286,28.5,29.4,18.39721,76.56784,ERA5,Asia/Kolkata,Open-Meteo Historical Weather API
MH-Latur,2022-06-22,26.2,31.0,23.6,15.1,15.1,14.0,76,3.36,0.44,0.331,0.282,28.2,28.6,18.39721,76.56784,ERA5,Asia/Kolkata,Open-Meteo Historical Weather API
MH-Latur,2022-06-23,26.6,30.6,23.5,8.1,8.1,16.0,76,3.41,0.465,0.369,0.28,28.5,28.5,18.39721,76.56784,ERA5,Asia/Kolkata,Open-Meteo Historical Weather API
MH-Latur,2022-06-24,26.8,30.2,23.7,0.8,0.8,5.0,74,3.94,0.441,0.379,0.28,28.2,28.4,18.39721,76.56784,ERA5,Asia/Kolkata,Open-Meteo Historical Weather API
MH-Latur,2022-06-25,26.0,29.4,23.3,0.1,0.1,1.0,74,3.52,0.419,0.376,0.279,27.5,28.1,18.39721,76.56784,ERA5,Asia/Kolkata,Open-Meteo Historical Weather API
MH-Latur,2022-06-26,25.7,29.3,22.4,8.5,8.5,21.0,78,3.57,0.438,0.379,0.278,27.1,27.5,18.39721,76.56784,ERA5,Asia/Kolkata,Open-Meteo Historical Weather API
MH-Latur,2022-06-27,25.4,29.1,23.0,9.8,9.8,21.0,80,3.16,0.465,0.397,0.278,26.5,27.0,18.39721,76.56784,ERA5,Asia/Kolkata,Open-Meteo Historical Weather API
MH-Latur,2022-06-28,25.9,31.3,22.4,4.8,4.8,9.0,79,3.7,0.464,0.402,0.278,26.6,26.8,18.39721,76.56784,ERA5,Asia/Kolkata,Open-Meteo Historical Weather API
MH-Latur,2022-06-29,26.4,30.8,23.1,11.1,11.1,9.0,77,3.61,0.472,0.419,0.279,27.1,27.1,18.39721,76.56784,ERA5,Asia/Kolkata,Open-Meteo Historical Weather API
MH-Latur,2022-06-30,26.9,31.5,23.9,3.2,3.2,5.0,76,4.01,0.476,0.437,0.278,27.6,27.5,18.39721,76.56784,ERA5,Asia/Kolkata,Open-Meteo Historical Weather API
MH-Latur,2022-07-01,26.2,30.0,23.5,3.5,3.5,8.0,78,3.63,0.473,0.436,0.279,27.1,27.3,18.39721,76.56784,ERA5,Asia/Kolkata,Open-Meteo Historical Weather API
MH-Latur,2022-07-02,26.5,30.7,23.3,0.6,0.6,2.0,76,4.05,0.46,0.437,0.281,27.2,27.2,18.39721,76.56784,ERA5,Asia/Kolkata,Open-Meteo Historical Weather API
MH-Latur,2022-07-03,27.2,31.0,24.2,5.6,5.6,9.0,74,4.35,0.448,0.428,0.281,27.7,27.4,18.39721,76.56784,ERA5,Asia/Kolkata,Open-Meteo Historical Weather API
MH-Latur,2022-07-04,25.9,28.6,24.0,11.1,11.1,22.0,82,2.41,0.479,0.431,0.281,26.7,26.9,18.39721,76.56784,ERA5,Asia/Kolkata,Open-Meteo Historical Weather API
MH-Latur,2022-07-05,24.2,26.8,22.8,39.7,39.7,21.0,89,1.55,0.512,0.495,0.294,25.1,26.0,18.39721,76.56784,ERA5,Asia/Kolkata,Open-Meteo Historical Weather API
MH-Latur,2022-07-06,25.2,28.5,22.4,2.9,2.9,17.0,84,2.39,0.493,0.489,0.316,25.3,25.4,18.39721,76.56784,ERA5,Asia/Kolkata,Open-Meteo Historical Weather API
MH-Latur,2022-07-07,25.3,28.5,23.3,1.9,1.9,8.0,83,2.91,0.476,0.472,0.32,25.6,25.6,18.39721,76.56784,ERA5,Asia/Kolkata,Open-Meteo Historical Weather API
MH-Latur,2022-07-08,24.0,27.9,22.3,39.3,39.3,24.0,89,1.73,0.504,0.491,0.328,24.7,25.4,18.39721,76.56784,ERA5,Asia/Kolkata,Open-Meteo Historical Weather API
MH-Latur,2022-07-09,22.8,24.5,22.0,32.5,32.5,24.0,93,1.12,0.512,0.511,0.375,23.5,24.6,18.39721,76.56784,ERA5,Asia/Kolkata,Open-Meteo Historical Weather API
MH-Latur,2022-07-10,23.3,25.3,22.1,13.0,13.0,23.0,91,1.57,0.511,0.506,0.403,23.5,24.3,18.39721,76.56784,ERA5,Asia/Kolkata,Open-Meteo Historical Weather API
MH-Latur,2022-07-11,23.2,24.5,22.5,48.1,48.1,24.0,92,1.33,0.509,0.516,0.437,23.4,24.1,18.39721,76.56784,ERA5,Asia/Kolkata,Open-Meteo Historical Weather API
MH-Latur,2022-07-12,22.7,23.8,21.9,40.4,40.4,24.0,92,1.19,0.512,0.515,0.481,23.0,23.8,18.39721,76.56784,ERA5,Asia/Kolkata,Open-Meteo Historical Weather API
MH-Latur,2022-07-13,21.9,22.8,21.3,72.1,72.1,24.0,94,0.78,0.507,0.513,0.512,22.3,23.5,18.39721,76.56784,ERA5,Asia/Kolkata,Open-Meteo Historical Weather API
MH-Latur,2022-07-14,23.0,24.8,21.5,29.5,29.5,20.0,90,1.34,0.504,0.503,0.516,22.5,23.2,18.39721,76.56784,ERA5,Asia/Kolkata,Open-Meteo Historical Weather API
MH-Latur,2022-07-15,24.9,27.8,23.0,0.7,0.7,5.0,81,3.37,0.484,0.485,0.508,24.6,24.0,18.39721,76.56784,ERA5,Asia/Kolkata,Open-Meteo Historical Weather API
MH-Latur,2022-07-16,25.2,29.5,22.3,1.4,1.4,7.0,82,3.39,0.474,0.474,0.503,25.3,24.9,18.39721,76.56784,ERA5,Asia/Kolkata,Open-Meteo Historical Weather API
MH-Latur,2022-07-17,25.4,29.9,23.0,7.1,7.1,18.0,82,3.42,0.478,0.469,0.498,25.7,25.3,18.39721,76.56784,ERA5,Asia/Kolkata,Open-Meteo Historical Weather API
MH-Latur,2022-07-18,23.6,25.6,22.2,15.2,15.2,19.0,91,1.26,0.508,0.505,0.499,24.1,24.9,18.39721,76.56784,ERA5,Asia/Kolkata,Open-Meteo Historical Weather API
MH-Latur,2022-07-19,25.0,28.0,22.5,1.2,1.2,5.0,82,3.59,0.489,0.499,0.5,25.3,24.7,18.39721,76.56784,ERA5,Asia/Kolkata,Open-Meteo Historical Weather API
MH-Latur,2022-07-20,25.6,29.8,21.8,0.9,0.9,8.0,80,4.07,0.477,0.487,0.498,25.8,25.3,18.39721,76.56784,ERA5,Asia/Kolkata,Open-Meteo Historical Weather API
MH-Latur,2022-07-21,25.4,28.5,22.6,1.9,1.9,9.0,80,2.84,0.473,0.477,0.495,25.7,25.6,18.39721,76.56784,ERA5,Asia/Kolkata,Open-Meteo Historical Weather API
MH-Latur,2022-07-22,25.4,27.9,23.5,1.2,1.2,6.0,81,3.12,0.472,0.471,0.492,25.9,25.6,18.39721,76.56784,ERA5,Asia/Kolkata,Open-Meteo Historical Weather API
MH-Latur,2022-07-23,23.9,25.9,22.4,13.9,13.9,21.0,87,1.77,0.493,0.478,0.49,24.6,25.2,18.39721,76.56784,ERA5,Asia/Kolkata,Open-Meteo Historical Weather API
MH-Latur,2022-07-24,23.8,26.5,22.1,9.9,9.9,24.0,88,2.04,0.506,0.509,0.495,24.3,24.5,18.39721,76.56784,ERA5,Asia/Kolkata,Open-Meteo Historical Weather API
MH-Latur,2022-07-25,24.8,29.0,22.2,9.6,9.6,14.0,85,2.84,0.499,0.503,0.498,24.9,24.6,18.39721,76.56784,ERA5,Asia/Kolkata,Open-Meteo Historical Weather API
MH-Latur,2022-07-26,23.0,24.1,22.3,23.1,23.1,23.0,93,1.05,0.507,0.514,0.507,23.9,24.6,18.39721,76.56784,ERA5,Asia/Kolkata,Open-Meteo Historical Weather API
MH-Latur,2022-07-27,25.4,29.8,22.2,9.3,9.3,15.0,83,3.21,0.504,0.509,0.51,25.4,24.5,18.39721,76.56784,ERA5,Asia/Kolkata,Open-Meteo Historical Weather API
MH-Latur,2022-07-28,25.9,30.2,22.9,4.1,4.1,9.0,85,4.1,0.491,0.499,0.507,26.9,25.6,18.39721,76.56784,ERA5,Asia/Kolkata,Open-Meteo Historical Weather API
MH-Latur,2022-07-29,25.9,30.6,22.4,9.1,9.1,10.0,82,3.89,0.491,0.488,0.503,27.1,26.3,18.39721,76.56784,ERA5,Asia/Kolkata,Open-Meteo Historical Weather API
MH-Latur,2022-07-30,25.7,30.2,22.6,6.7,6.7,15.0,82,3.84,0.498,0.495,0.5,27.1,26.6,18.39721,76.56784,ERA5,Asia/Kolkata,Open-Meteo Historical Weather API
MH-Latur,2022-07-31,25.9,30.4,23.0,4.1,4.1,8.0,83,3.45,0.496,0.495,0.498,26.9,26.6,18.39721,76.56784,ERA5,Asia/Kolkata,Open-Meteo Historical Weather API
MH-Latur,2022-08-01,26.4,29.7,24.0,2.4,2.4,2.0,80,4.32,0.481,0.49,0.496,27.3,26.5,18.39721,76.56784,ERA5,Asia/Kolkata,Open-Meteo Historical Weather API
MH-Latur,2022-08-02,26.5,29.5,24.1,2.4,2.4,9.0,78,4.22,0.475,0.48,0.493,27.2,26.7,18.39721,76.56784,ERA5,Asia/Kolkata,Open-Meteo Historical Weather API
MH-Latur,2022-08-03,26.0,29.4,23.9,8.5,8.5,11.0,82,3.81,0.481,0.477,0.491,27.2,26.7,18.39721,76.56784,ERA5,Asia/Kolkata,Open-Meteo Historical Weather API
MH-Latur,2022-08-04,25.9,29.9,23.2,10.2,10.2,13.0,85,3.03,0.501,0.494,0.49,27.0,26.6,18.39721,76.56784,ERA5,Asia/Kolkata,Open-Meteo Historical Weather API
MH-Latur,2022-08-05,25.5,28.4,23.4,20.8,20.8,19.0,86,3.17,0.505,0.51,0.503,26.8,26.6,18.39721,76.56784,ERA5,Asia/Kolkata,Open-Meteo Historical Weather API
MH-Latur,2022-08-06,25.4,27.9,23.3,12.5,12.5,13.0,84,2.69,0.497,0.506,0.506,26.1,26.1,18.39721,76.56784,ERA5,Asia/Kolkata,Open-Meteo Historical Weather API
MH-Latur,2022-08-07,24.5,28.0,22.5,12.6,12.6,18.0,87,2.19,0.504,0.51,0.507,25.3,25.5,18.39721,76.56784,ERA5,Asia/Kolkata,Open-Meteo Historical Weather API
MH-Latur,2022-08-08,23.1,24.3,22.2,69.5,69.5,24.0,93,1.03,0.512,0.506,0.517,23.8,24.8,18.39721,76.56784,ERA5,Asia/Kolkata,Open-Meteo Historical Weather API
MH-Latur,2022-08-09,23.6,25.8,22.1,4.8,4.8,21.0,88,1.66,0.503,0.5,0.514,23.7,24.2,18.39721,76.56784,ERA5,Asia/Kolkata,Open-Meteo Historical Weather API
MH-Latur,2022-08-10,24.4,26.8,22.1,0.0,0.0,0.0,82,3.02,0.487,0.487,0.509,24.3,24.2,18.39721,76.56784,ERA5,Asia/Kolkata,Open-Meteo Historical Weather API
MH-Latur,2022-08-11,24.8,27.5,22.9,0.7,0.7,7.0,81,2.98,0.471,0.475,0.505,24.7,24.6,18.39721,76.56784,ERA5,Asia/Kolkata,Open-Meteo Historical Weather API
MH-Latur,2022-08-12,25.3,28.4,23.2,0.5,0.5,4.0,79,3.91,0.457,0.465,0.501,25.4,25.0,18.39721,76.56784,ERA5,Asia/Kolkata,Open-Meteo Historical Weather API
MH-Latur,2022-08-13,24.8,28.6,22.1,2.7,2.7,8.0,83,3.14,0.456,0.457,0.498,25.2,25.2,18.39721,76.56784,ERA5,Asia/Kolkata,Open-Meteo Historical Weather API
MH-Latur,2022-08-14,24.5,26.5,22.5,1.4,1.4,10.0,83,2.72,0.461,0.454,0.494,24.8,25.0,18.39721,76.56784,ERA5,Asia/Kolkata,Open-Meteo Historical Weather API
MH-Latur,2022-08-15,23.2,24.4,22.0,19.2,19.2,22.0,91,1.45,0.502,0.479,0.492,23.7,24.4,18.39721,76.56784,ERA5,Asia/Kolkata,Open-Meteo Historical Weather API
MH-Latur,2022-08-16,24.4,27.7,21.7,0.7,0.7,6.0,83,2.98,0.493,0.501,0.493,24.3,24.1,18.39721,76.56784,ERA5,Asia/Kolkata,Open-Meteo Historical Weather API
MH-Latur,2022-08-17,25.2,28.8,21.8,0.6,0.6,4.0,81,3.79,0.478,0.489,0.492,25.1,24.5,18.39721,76.56784,ERA5,Asia/Kolkata,Open-Meteo Historical Weather API
MH-Latur,2022-08-18,25.8,29.7,22.0,0.3,0.3,3.0,79,4.06,0.468,0.479,0.49,25.7,25.0,18.39721,76.56784,ERA5,Asia/Kolkata,Open-Meteo Historical Weather API
MH-Latur,2022-08-19,25.5,29.3,22.1,0.3,0.3,2.0,80,3.43,0.457,0.469,0.487,25.6,25.2,18.39721,76.56784,ERA5,Asia/Kolkata,Open-Meteo Historical Weather API
MH-Latur,2022-08-20,25.3,28.5,22.2,3.5,3.5,8.0,82,3.61,0.453,0.461,0.484,25.6,25.2,18.39721,76.56784,ERA5,Asia/Kolkata,Open-Meteo Historical Weather API
MH-Latur,2022-08-21,25.7,29.2,22.4,1.2,1.2,7.0,77,3.94,0.45,0.454,0.48,25.5,25.2,18.39721,76.56784,ERA5,Asia/Kolkata,Open-Meteo Historical Weather API
MH-Latur,2022-08-22,25.6,28.8,22.5,0.4,0.4,4.0,76,3.91,0.441,0.448,0.477,25.6,25.2,18.39721,76.56784,ERA5,Asia/Kolkata,Open-Meteo Historical Weather API
MH-Latur,2022-08-23,25.4,28.6,22.7,0.6,0.6,5.0,80,3.24,0.432,0.441,0.473,25.5,25.2,18.39721,76.56784,ERA5,Asia/Kolkata,Open-Meteo Historical Weather API
MH-Latur,2022-08-24,25.8,30.1,22.0,2.0,2.0,7.0,80,4.12,0.431,0.434,0.47,26.0,25.3,18.39721,76.56784,ERA5,Asia/Kolkata,Open-Meteo Historical Weather API
MH-Latur,2022-08-25,26.1,30.0,22.3,0.2,0.2,2.0,76,4.23,0.431,0.427,0.466,26.4,25.6,18.39721,76.56784,ERA5,Asia/Kolkata,Open-Meteo Historical Weather API
MH-Latur,2022-08-26,26.2,30.2,23.3,1.2,1.2,6.0,80,4.18,0.419,0.421,0.463,26.7,25.9,18.39721,76.56784,ERA5,Asia/Kolkata,Open-Meteo Historical Weather API
MH-Latur,2022-08-27,25.9,29.5,22.6,0.6,0.6,6.0,76,4.3,0.411,0.415,0.459,26.4,25.8,18.39721,76.56784,ERA5,Asia/Kolkata,Open-Meteo Historical Weather API
MH-Latur,2022-08-28,26.0,29.9,22.3,0.4,0.4,4.0,75,4.31,0.399,0.408,0.455,26.4,25.8,18.39721,76.56784,ERA5,Asia/Kolkata,Open-Meteo Historical Weather API
MH-Latur,2022-08-29,25.5,28.4,23.3,1.1,1.1,8.0,79,3.99,0.391,0.402,0.451,26.6,25.9,18.39721,76.56784,ERA5,Asia/Kolkata,Open-Meteo Historical Weather API
MH-Latur,2022-08-30,25.9,29.4,23.2,12.5,12.5,14.0,86,3.22,0.413,0.4,0.448,26.9,26.0,18.39721,76.56784,ERA5,Asia/Kolkata,Open-Meteo Historical Weather API
MH-Latur,2022-08-31,26.7,31.9,22.9,14.3,14.3,15.0,81,4.29,0.48,0.421,0.445,27.7,26.4,18.39721,76.56784,ERA5,Asia/Kolkata,Open-Meteo Historical Weather API
MH-Latur,2022-09-01,25.9,30.4,23.1,12.0,12.0,16.0,85,4.11,0.494,0.468,0.443,27.4,26.9,18.39721,76.56784,ERA5,Asia/Kolkata,Open-Meteo Historical Weather API
MH-Latur,2022-09-02,26.6,30.5,22.3,1.3,1.3,2.0,80,4.21,0.484,0.488,0.444,27.5,26.8,18.39721,76.56784,ERA5,Asia/Kolkata,Open-Meteo Historical Weather API
MH-Latur,2022-09-03,27.5,32.1,23.2,2.6,2.6,9.0,78,4.38,0.47,0.475,0.443,28.0,26.9,18.39721,76.56784,ERA5,Asia/Kolkata,Open-Meteo Historical Weather API
MH-Latur,2022-09-04,25.3,28.9,22.7,8.2,8.2,16.0,86,2.97,0.492,0.474,0.443,26.7,26.8,18.39721,76.56784,ERA5,Asia/Kolkata,Open-Meteo Historical Weather API
MH-Latur,2022-09-05,25.2,29.3,22.8,27.7,27.7,17.0,87,2.87,0.503,0.505,0.452,26.1,26.2,18.39721,76.56784,ERA5,Asia/Kolkata,Open-Meteo Historical Weather API
MH-Latur,2022-09-06,25.4,29.3,22.5,2.6,2.6,6.0,84,3.47,0.492,0.498,0.463,26.4,26.1,18.39721,76.56784,ERA5,Asia/Kolkata,Open-Meteo Historical Weather API
MH-Latur,2022-09-07,25.4,29.4,22.5,11.5,11.5,18.0,86,3.4,0.495,0.493,0.463,26.6,26.2,18.39721,76.56784,ERA5,Asia/Kolkata,Open-Meteo Historical Weather API
MH-Latur,2022-09-08,24.6,29.2,22.2,15.9,15.9,21.0,89,2.57,0.507,0.509,0.468,26.0,26.1,18.39721,76.56784,ERA5,Asia/Kolkata,Open-Meteo Historical Weather API
MH-Latur,2022-09-09,24.8,28.5,22.7,20.8,20.8,21.0,90,2.52,0.501,0.51,0.484,26.0,25.9,18.39721,76.56784,ERA5,Asia/Kolkata,Open-Meteo Historical Weather API
MH-Latur,2022-09-10,24.1,25.7,22.8,17.9,17.9,24.0,93,0.96,0.51,0.512,0.496,25.0,25.4,18.39721,76.56784,ERA5,Asia/Kolkata,Open-Meteo Historical Weather API
MH-Latur,2022-09-11,23.9,26.1,22.8,19.6,19.6,22.0,93,1.85,0.509,0.514,0.51,24.9,25.0,18.39721,76.56784,ERA5,Asia/Kolkata,Open-Meteo Historical Weather API
MH-Latur,2022-09-12,24.6,28.8,22.2,5.9,5.9,21.0,89,2.05,0.507,0.509,0.513,24.8,24.8,18.39721,76.56784,ERA5,Asia/Kolkata,Open-Meteo Historical Weather API
MH-Latur,2022-09-13,24.8,28.0,22.9,11.4,11.4,17.0,88,2.7,0.498,0.499,0.509,25.0,24.8,18.39721,76.56784,ERA5,Asia/Kolkata,Open-Meteo Historical Weather API
MH-Latur,2022-09-14,24.9,27.6,22.3,0.3,0.3,3.0,82,3.34,0.486,0.494,0.507,25.0,24.9,18.39721,76.56784,ERA5,Asia/Kolkata,Open-Meteo Historical Weather API
MH-Latur,2022-09-15,24.8,28.4,21.8,0.3,0.3,3.0,82,3.44,0.471,0.479,0.504,25.0,24.9,18.39721,76.56784,ERA5,Asia/Kolkata,Open-Meteo Historical Weather API
MH-Latur,2022-09-16,24.7,27.7,22.2,0.4,0.4,4.0,81,3.11,0.46,0.469,0.501,24.9,24.9,18.39721,76.56784,ERA5,Asia/Kolkata,Open-Meteo Historical Weather API
MH-Latur,2022-09-17,25.1,29.1,22.7,3.1,3.1,7.0,81,3.89,0.46,0.461,0.498,25.6,25.1,18.39721,76.56784,ERA5,Asia/Kolkata,Open-Meteo Historical Weather API
MH-Latur,2022-09-18,25.3,28.9,22.2,3.9,3.9,9.0,80,3.63,0.466,0.457,0.494,25.6,25.2,18.39721,76.56784,ERA5,Asia/Kolkata,Open-Meteo Historical Weather API
MH-Latur,2022-09-19,24.0,26.7,21.8,0.9,0.9,8.0,83,2.43,0.461,0.455,0.49,24.5,24.8,18.39721,76.56784,ERA5,Asia/Kolkata,Open-Meteo Historical Weather API
MH-Latur,2022-09-20,23.3,27.1,21.7,1.9,1.9,8.0,85,2.21,0.462,0.454,0.487,23.9,24.2,18.39721,76.56784,ERA5,Asia/Kolkata,Open-Meteo Historical Weather API
MH-Latur,2022-09-21,24.8,29.5,21.1,0.5,0.5,5.0,80,4.13,0.453,0.451,0.483,25.0,24.3,18.39721,76.56784,ERA5,Asia/Kolkata,Open-Meteo Historical Weather API
MH-Latur,2022-09-22,24.4,27.4,21.6,0.0,0.0,0.0,80,3.51,0.439,0.445,0.479,24.9,24.7,18.39721,76.56784,ERA5,Asia/Kolkata,Open-Meteo Historical Weather API
MH-Latur,2022-09-23,24.6,28.4,21.1,0.1,0.1,1.0,75,4.03,0.429,0.439,0.475,25.0,24.6,18.39721,76.56784,ERA5,Asia/Kolkata,Open-Meteo Historical Weather API
MH-Latur,2022-09-24,25.0,29.3,20.6,0.5,0.5,4.0,77,3.93,0.417,0.431,0.471,25.2,24.6,18.39721,76.56784,ERA5,Asia/Kolkata,Open-Meteo Historical Weather API
MH-Latur,2022-09-25,25.4,30.2,21.5,0.7,0.7,5.0,80,3.87,0.414,0.423,0.467,25.9,25.0,18.39721,76.56784,ERA5,Asia/Kolkata,Open-Meteo Historical Weather API
MH-Latur,2022-09-26,25.0,28.7,22.6,1.2,1.2,8.0,82,3.57,0.411,0.419,0.463,26.0,25.3,18.39721,76.56784,ERA5,Asia/Kolkata,Open-Meteo Historical Weather API
MH-Latur,2022-09-27,25.3,29.7,21.9,1.8,1.8,4.0,82,3.66,0.409,0.415,0.459,25.9,25.3,18.39721,76.56784,ERA5,Asia/Kolkata,Open-Meteo Historical Weather API
MH-Latur,2022-09-28,25.5,29.7,22.9,6.5,6.5,15.0,83,3.32,0.443,0.413,0.453,26.1,25.4,18.39721,76.56784,ERA5,Asia/Kolkata,Open-Meteo Historical Weather API
MH-Latur,2022-09-29,25.4,29.5,22.3,7.8,7.8,18.0,83,3.61,0.467,0.425,0.449,26.3,25.5,18.39721,76.56784,ERA5,Asia/Kolkata,Open-Meteo Historical Weather API
MH-Latur,2022-09-30,25.9,30.9,22.6,1.3,1.3,6.0,80,4.21,0.459,0.43,0.446,26.4,25.8,18.39721,76.56784,ERA5,Asia/Kolkata,Open-Meteo Historical Weather API
MH-Latur,2022-10-01,26.1,31.1,22.8,1.1,1.1,4.0,78,4.51,0.438,0.425,0.442,26.6,26.0,18.39721,76.56784,ERA5,Asia/Kolkata,Open-Meteo Historical Weather API
MH-Latur,2022-10-02,25.5,31.1,21.9,0.8,0.8,5.0,77,4.34,0.431,0.418,0.437,26.1,25.8,18.39721,76.56784,ERA5,Asia/Kolkata,Open-Meteo Historical Weather API
MH-Latur,2022-10-03,25.9,30.8,21.7,0.7,0.7,5.0,77,4.61,0.415,0.41,0.432,26.2,25.6,18.39721,76.56784,ERA5,Asia/Kolkata,Open-Meteo Historical Weather API
MH-Latur,2022-10-04,26.1,30.5,22.8,0.2,0.2,1.0,71,4.36,0.399,0.402,0.427,26.1,25.6,18.39721,76.56784,ERA5,Asia/Kolkata,Open-Meteo Historical Weather API
MH-Latur,2022-10-05,26.3,30.7,23.0,2.0,2.0,7.0,72,4.37,0.387,0.392,0.421,26.5,25.6,18.39721,76.56784,ERA5,Asia/Kolkata,Open-Meteo Historical Weather API
MH-Latur,2022-10-06,23.7,26.1,22.3,21.7,21.7,23.0,89,1.32,0.444,0.396,0.418,24.7,25.3,18.39721,76.56784,ERA5,Asia/Kolkata,Open-Meteo Historical Weather API
MH-Latur,2022-10-07,23.9,28.6,21.9,21.1,21.1,16.0,89,2.8,0.501,0.483,0.425,24.8,24.6,18.39721,76.56784,ERA5,Asia/Kolkata,Open-Meteo Historical Weather API
MH-Latur,2022-10-08,25.2,29.4,21.4,0.2,0.2,2.0,78,3.75,0.479,0.48,0.428,25.4,24.8,18.39721,76.56784,ERA5,Asia/Kolkata,Open-Meteo Historical Weather API
MH-Latur,2022-10-09,25.5,30.1,23.5,6.4,6.4,12.0,81,2.89,0.474,0.471,0.426,26.1,25.3,18.39721,76.56784,ERA5,Asia/Kolkata,Open-Meteo Historical Weather API
MH-Latur,2022-10-10,24.2,27.8,21.9,38.5,38.5,19.0,88,2.19,0.499,0.504,0.439,25.5,25.2,18.39721,76.56784,ERA5,Asia/Kolkata,Open-Meteo Historical Weather API
MH-Latur,2022-10-11,24.6,28.1,22.3,8.7,8.7,17.0,86,2.68,0.505,0.508,0.452,25.7,25.1,18.39721,76.56784,ERA5,Asia/Kolkata,Open-Meteo Historical Weather API
MH-Latur,2022-10-12,24.7,29.0,21.8,4.5,4.5,12.0,87,2.36,0.496,0.503,0.465,25.4,25.0,18.39721,76.56784,ERA5,Asia/Kolkata,Open-Meteo Historical Weather API
MH-Latur,2022-10-13,24.4,27.9,22.4,20.3,20.3,17.0,89,2.05,0.499,0.508,0.476,25.3,24.8,18.39721,76.56784,ERA5,Asia/Kolkata,Open-Meteo Historical Weather API
MH-Latur,2022-10-14,23.6,27.7,21.4,9.4,9.4,16.0,89,2.77,0.497,0.507,0.487,25.0,24.7,18.39721,76.56784,ERA5,Asia/Kolkata,Open-Meteo Historical Weather API
MH-Latur,2022-10-15,24.3,27.7,20.9,2.8,2.8,9.0,84,3.2,0.491,0.5,0.49,25.0,24.8,18.39721,76.56784,ERA5,Asia/Kolkata,Open-Meteo Historical Weather API
MH-Latur,2022-10-16,24.0,27.8,21.6,14.7,14.7,17.0,89,1.72,0.506,0.505,0.491,24.6,24.5,18.39721,76.56784,ERA5,Asia/Kolkata,Open-Meteo Historical Weather API
MH-Latur,2022-10-17,25.2,30.0,22.2,1.5,1.5,7.0,84,3.09,0.489,0.5,0.495,25.6,24.5,18.39721,76.56784,ERA5,Asia/Kolkata,Open-Meteo Historical Weather API
MH-Latur,2022-10-18,24.7,28.3,22.2,2.7,2.7,8.0,86,2.91,0.487,0.49,0.494,25.8,25.0,18.39721,76.56784,ERA5,Asia/Kolkata,Open-Meteo Historical Weather API
MH-Latur,2022-10-19,25.3,29.7,22.0,5.3,5.3,12.0,83,3.27,0.492,0.488,0.494,26.1,25.1,18.39721,76.56784,ERA5,Asia/Kolkata,Open-Meteo Historical Weather API
MH-Latur,2022-10-20,24.9,29.3,21.7,4.2,4.2,18.0,85,3.41,0.492,0.488,0.492,26.2,25.3,18.39721,76.56784,ERA5,Asia/Kolkata,Open-Meteo Historical Weather API
MH-Latur,2022-10-21,24.3,28.4,22.1,2.7,2.7,12.0,88,2.73,0.49,0.486,0.491,25.7,25.2,18.39721,76.56784,ERA5,Asia/Kolkata,Open-Meteo Historical Weather API
MH-Latur,2022-10-22,23.9,28.4,19.3,0.0,0.0,0.0,68,4.54,0.472,0.48,0.49,24.9,24.9,18.39721,76.56784,ERA5,Asia/Kolkata,Open-Meteo Historical Weather API
MH-Latur,2022-10-23,22.2,28.5,16.9,0.0,0.0,0.0,64,4.8,0.452,0.468,0.487,22.9,23.6,18.39721,76.56784,ERA5,Asia/Kolkata,Open-Meteo Historical Weather API
MH-Latur,2022-10-24,21.9,28.9,16.9,0.0,0.0,0.0,63,4.88,0.433,0.456,0.484,22.3,22.8,18.39721,76.56784,ERA5,Asia/Kolkata,Open-Meteo Historical Weather API
MH-Latur,2022-10-25,22.0,29.6,15.0,0.0,0.0,0.0,65,4.76,0.417,0.444,0.481,22.3,22.4,18.39721,76.56784,ERA5,Asia/Kolkata,Open-Meteo Historical Weather API
MH-Latur,2022-10-26,22.3,29.2,15.7,0.0,0.0,0.0,65,4.75,0.402,0.43,0.477,22.5,22.4,18.39721,76.56784,ERA5,Asia/Kolkata,Open-Meteo Historical Weather API
MH-Latur,2022-10-27,22.5,29.2,17.6,0.0,0.0,0.0,65,4.72,0.386,0.417,0.473,22.6,22.4,18.39721,76.56784,ERA5,Asia/Kolkata,Open-Meteo Historical Weather API
MH-Latur,2022-10-28,22.2,28.7,16.9,0.0,0.0,0.0,59,4.86,0.371,0.405,0.469,22.4,22.4,18.39721,76.56784,ERA5,Asia/Kolkata,Open-Meteo Historical Weather API
MH-Latur,2022-10-29,22.0,29.0,15.3,0.0,0.0,0.0,58,4.92,0.354,0.393,0.464,22.1,22.2,18.39721,76.56784,ERA5,Asia/Kolkata,Open-Meteo Historical Weather API
MH-Latur,2022-10-30,22.0,29.1,15.7,0.0,0.0,0.0,60,4.83,0.339,0.381,0.46,22.1,22.1,18.39721,76.56784,ERA5,Asia/Kolkata,Open-Meteo Historical Weather API
MH-Latur,2022-10-31,22.0,28.0,16.9,0.0,0.0,0.0,64,4.4,0.326,0.371,0.456,22.3,22.2,18.39721,76.56784,ERA5,Asia/Kolkata,Open-Meteo Historical Weather API
MH-Latur,2022-11-01,21.8,27.5,15.1,0.1,0.1,1.0,69,4.26,0.316,0.364,0.451,22.4,22.2,18.39721,76.56784,ERA5,Asia/Kolkata,Open-Meteo Historical Weather API
MH-Latur,2022-11-02,23.4,28.7,18.7,0.0,0.0,0.0,72,3.94,0.309,0.358,0.447,23.8,23.0,18.39721,76.56784,ERA5,Asia/Kolkata,Open-Meteo Historical Weather API
MH-Latur,2022-11-03,22.7,29.2,17.7,0.0,0.0,0.0,62,4.66,0.301,0.35,0.441,23.1,23.1,18.39721,76.56784,ERA5,Asia/Kolkata,Open-Meteo Historical Weather API
MH-Latur,2022-11-04,22.8,29.7,17.3,0.0,0.0,0.0,59,4.79,0.291,0.342,0.434,23.2,23.0,18.39721,76.56784,ERA5,Asia/Kolkata,Open-Meteo Historical Weather API
MH-Latur,2022-11-05,22.3,30.2,15.7,0.0,0.0,0.0,60,4.76,0.286,0.337,0.428,22.8,22.7,18.39721,76.56784,ERA5,Asia/Kolkata,Open-Meteo Historical Weather API
MH-Latur,2022-11-06,22.5,30.2,15.2,0.0,0.0,0.0,59,4.85,0.281,0.331,0.422,22.4,22.6,18.39721,76.56784,ERA5,Asia/Kolkata,Open-Meteo Historical Weather API
MH-Latur,2022-11-07,23.1,30.3,17.4,0.0,0.0,0.0,59,4.56,0.276,0.323,0.414,22.7,22.7,18.39721,76.56784,ERA5,Asia/Kolkata,Open-Meteo Historical Weather API
MH-Latur,2022-11-08,22.8,30.4,15.7,0.0,0.0,0.0,59,4.65,0.273,0.317,0.408,23.2,23.1,18.39721,76.56784,ERA5,Asia/Kolkata,Open-Meteo Historical Weather API
MH-Latur,2022-11-09,22.4,29.8,15.6,0.0,0.0,0.0,53,4.88,0.271,0.312,0.403,23.2,23.2,18.39721,76.56784,ERA5,Asia/Kolkata,Open-Meteo Historical Weather API
MH-Latur,2022-11-10,22.0,28.3,15.5,0.0,0.0,0.0,60,4.68,0.27,0.308,0.398,22.8,22.9,18.39721,76.56784,ERA5,Asia/Kolkata,Open-Meteo Historical Weather API
MH-Latur,2022-11-11,22.3,29.3,15.4,0.0,0.0,0.0,61,4.74,0.269,0.306,0.395,22.8,22.8,18.39721,76.56784,ERA5,Asia/Kolkata,Open-Meteo Historical Weather API
MH-Latur,2022-11-12,22.1,28.4,15.9,0.0,0.0,0.0,63,4.58,0.268,0.302,0.391,22.8,23.0,18.39721,76.56784,ERA5,Asia/Kolkata,Open-Meteo Historical Weather API
MH-Latur,2022-11-13,22.4,29.2,15.9,0.0,0.0,0.0,64,4.34,0.266,0.299,0.387,23.2,23.0,18.39721,76.56784,ERA5,Asia/Kolkata,Open-Meteo Historical Weather API
MH-Latur,2022-11-14,23.1,30.0,17.8,0.0,0.0,0.0,63,4.21,0.264,0.296,0.383,24.1,23.5,18.39721,76.56784,ERA5,Asia/Kolkata,Open-Meteo Historical Weather API
MH-Latur,2022-11-15,23.0,29.5,18.1,0.0,0.0,0.0,60,4.21,0.264,0.296,0.381,24.2,24.1,18.39721,76.56784,ERA5,Asia/Kolkata,Open-Meteo Historical Weather API
MH-Latur,2022-11-16,21.4,29.4,14.4,0.0,0.0,0.0,58,4.52,0.265,0.294,0.379,22.9,23.6,18.39721,76.56784,ERA5,Asia/Kolkata,Open-Meteo Historical Weather API
MH-Latur,2022-11-17,21.4,29.0,15.0,0.0,0.0,0.0,57,4.52,0.264,0.291,0.375,22.4,22.9,18.39721,76.56784,ERA5,Asia/Kolkata,Open-Meteo Historical Weather API
MH-Latur,2022-11-18,20.7,27.8,14.6,0.0,0.0,0.0,62,4.18,0.264,0.289,0.372,22.1,22.7,18.39721,76.56784,ERA5,Asia/Kolkata,Open-Meteo Historical Weather API
MH-Latur,2022-11-19,20.0,26.8,14.4,0.0,0.0,0.0,56,4.4,0.265,0.289,0.371,21.6,22.3,18.39721,76.56784,ERA5,Asia/Kolkata,Open-Meteo Historical Weather API
MH-Latur,2022-11-20,19.3,26.2,13.1,0.0,0.0,0.0,53,4.35,0.265,0.285,0.366,20.8,21.6,18.39721,76.56784,ERA5,Asia/Kolkata,Open-Meteo Historical Weather API
MH-Latur,2022-11-21,20.1,28.2,11.9,0.0,0.0,0.0,56,4.09,0.265,0.282,0.363,21.0,21.4,18.39721,76.56784,ERA5,Asia/Kolkata,Open-Meteo Historical Weather API
MH-Latur,2022-11-22,22.5,29.1,16.9,0.0,0.0,0.0,56,3.71,0.264,0.28,0.359,22.9,22.5,18.39721,76.56784,ERA5,Asia/Kolkata,Open-Meteo Historical Weather API
MH-Latur,2022-11-23,23.0,28.9,17.8,0.0,0.0,0.0,57,4.16,0.263,0.277,0.356,23.8,23.3,18.39721,76.56784,ERA5,Asia/Kolkata,Open-Meteo Historical Weather API
MH-Latur,2022-11-24,23.2,29.4,17.8,0.0,0.0,0.0,60,3.96,0.265,0.28,0.356,24.2,23.8,18.39721,76.56784,ERA5,Asia/Kolkata,Open-Meteo Historical Weather API
MH-Latur,2022-11-25,23.8,29.9,18.5,0.0,0.0,0.0,57,3.97,0.266,0.281,0.357,24.7,24.2,18.39721,76.56784,ERA5,Asia/Kolkata,Open-Meteo Historical Weather API
MH-Latur,2022-11-26,23.2,30.0,18.3,0.0,0.0,0.0,58,3.69,0.266,0.282,0.355,24.5,24.3,18.39721,76.56784,ERA5,Asia/Kolkata,Open-Meteo Historical Weather API
MH-Latur,2022-11-27,23.0,30.3,16.8,0.0,0.0,0.0,62,3.61,0.268,0.279,0.352,24.1,24.1,18.39721,76.56784,ERA5,Asia/Kolkata,Open-Meteo Historical Weather API
MH-Latur,2022-11-28,23.4,30.5,17.5,0.0,0.0,0.0,60,3.73,0.268,0.277,0.35,24.4,24.2,18.39721,76.56784,ERA5,Asia/Kolkata,Open-Meteo Historical Weather API
MH-Latur,2022-11-29,22.8,30.0,17.7,0.0,0.0,0.0,55,4.32,0.271,0.279,0.349,24.2,24.4,18.39721,76.56784,ERA5,Asia/Kolkata,Open-Meteo Historical Weather API
MH-Latur,2022-11-30,20.9,29.0,14.3,0.0,0.0,0.0,56,4.3,0.273,0.282,0.35,22.9,23.7,18.39721,76.56784,ERA5,Asia/Kolkata,Open-Meteo Historical Weather API
MH-Latur,2022-12-01,20.9,29.1,13.2,0.0,0.0,0.0,61,3.99,0.276,0.286,0.352,22.4,22.9,18.39721,76.56784,ERA5,Asia/Kolkata,Open-Meteo Historical Weather API
MH-Latur,2022-12-02,22.0,29.4,15.8,0.0,0.0,0.0,68,3.34,0.279,0.292,0.356,22.8,22.9,18.39721,76.56784,ERA5,Asia/Kolkata,Open-Meteo Historical Weather API
MH-Latur,2022-12-03,23.6,29.5,19.3,0.0,0.0,0.0,74,3.02,0.282,0.296,0.359,24.0,23.6,18.39721,76.56784,ERA5,Asia/Kolkata,Open-Meteo Historical Weather API
MH-Latur,2022-12-04,24.1,29.0,20.5,0.5,0.5,4.0,74,3.19,0.284,0.297,0.359,24.8,24.3,18.39721,76.56784,ERA5,Asia/Kolkata,Open-Meteo Historical Weather API
MH-Latur,2022-12-05,23.8,29.7,19.9,0.0,0.0,0.0,65,4.03,0.285,0.298,0.36,24.9,24.5,18.39721,76.56784,ERA5,Asia/Kolkata,Open-Meteo Historical Weather API
MH-Latur,2022-12-06,22.0,29.3,15.4,0.0,0.0,0.0,59,4.14,0.284,0.298,0.359,23.3,24.0,18.39721,76.56784,ERA5,Asia/Kolkata,Open-Meteo Historical Weather API
MH-Latur,2022-12-07,21.5,27.8,16.0,0.0,0.0,0.0,69,3.75,0.285,0.301,0.361,22.7,23.4,18.39721,76.56784,ERA5,Asia/Kolkata,Open-Meteo Historical Weather API
MH-Latur,2022-12-08,19.7,26.3,14.5,0.0,0.0,0.0,65,3.81,0.287,0.305,0.365,21.6,22.8,18.39721,76.56784,ERA5,Asia/Kolkata,Open-Meteo Historical Weather API
MH-Latur,2022-12-09,18.7,26.7,12.4,0.0,0.0,0.0,52,4.25,0.286,0.305,0.364,19.9,21.3,18.39721,76.56784,ERA5,Asia/Kolkata,Open-Meteo Historical Weather API
MH-Latur,2022-12-10,21.4,28.8,14.5,0.0,0.0,0.0,53,4.21,0.279,0.297,0.359,21.6,21.4,18.39721,76.56784,ERA5,Asia/Kolkata,Open-Meteo Historical Weather API
MH-Latur,2022-12-11,22.6,27.7,18.5,5.9,5.9,13.0,74,2.81,0.3,0.293,0.356,23.1,22.6,18.39721,76.56784,ERA5,Asia/Kolkata,Open-Meteo Historical Weather API
MH-Latur,2022-12-12,22.3,24.8,19.8,2.3,2.3,11.0,87,1.81,0.37,0.293,0.355,23.2,23.0,18.39721,76.56784,ERA5,Asia/Kolkata,Open-Meteo Historical Weather API
MH-Latur,2022-12-13,23.4,27.1,20.5,0.2,0.2,2.0,79,2.49,0.364,0.294,0.355,23.7,23.1,18.39721,76.56784,ERA5,Asia/Kolkata,Open-Meteo Historical Weather API
MH-Latur,2022-12-14,24.4,29.7,20.9,0.2,0.2,1.0,74,3.53,0.353,0.292,0.352,24.8,23.6,18.39721,76.56784,ERA5,Asia/Kolkata,Open-Meteo Historical Weather API
MH-Latur,2022-12-15,24.5,30.3,19.4,0.0,0.0,0.0,72,3.42,0.339,0.288,0.348,25.1,24.0,18.39721,76.56784,ERA5,Asia/Kolkata,Open-Meteo Historical Weather API
MH-Latur,2022-12-16,24.8,31.2,19.5,0.0,0.0,0.0,69,3.69,0.324,0.284,0.343,25.4,24.3,18.39721,76.56784,ERA5,Asia/Kolkata,Open-Meteo Historical Weather API
MH-Latur,2022-12-17,24.6,29.8,20.7,0.0,0.0,0.0,70,3.4,0.314,0.28,0.34,25.1,24.6,18.39721,76.56784,ERA5,Asia/Kolkata,Open-Meteo Historical Weather API
MH-Latur,2022-12-18,23.2,29.4,18.0,0.0,0.0,0.0,64,4.09,0.309,0.282,0.34,24.4,24.3,18.39721,76.56784,ERA5,Asia/Kolkata,Open-Meteo Historical Weather API
MH-Latur,2022-12-19,21.2,29.0,15.3,0.0,0.0,0.0,53,4.2,0.3,0.281,0.338,22.5,23.1,18.39721,76.56784,ERA5,Asia/Kolkata,Open-Meteo Historical Weather API
MH-Latur,2022-12-20,21.7,30.3,15.1,0.0,0.0,0.0,54,4.1,0.292,0.277,0.334,22.5,22.7,18.39721,76.56784,ERA5,Asia/Kolkata,Open-Meteo Historical Weather API
MH-Latur,2022-12-21,22.2,30.8,15.4,0.0,0.0,0.0,54,4.15,0.288,0.276,0.332,23.0,22.9,18.39721,76.56784,ERA5,Asia/Kolkata,Open-Meteo Historical Weather API
MH-Latur,2022-12-22,22.3,30.9,15.8,0.0,0.0,0.0,54,4.33,0.286,0.277,0.332,23.1,23.1,18.39721,76.56784,ERA5,Asia/Kolkata,Open-Meteo Historical Weather API
MH-Latur,2022-12-23,22.8,31.5,15.7,0.0,0.0,0.0,51,4.25,0.281,0.275,0.328,23.6,23.3,18.39721,76.56784,ERA5,Asia/Kolkata,Open-Meteo Historical Weather API
MH-Latur,2022-12-24,23.1,31.3,16.9,0.0,0.0,0.0,51,4.34,0.278,0.274,0.325,23.7,23.5,18.39721,76.56784,ERA5,Asia/Kolkata,Open-Meteo Historical Weather API
MH-Latur,2022-12-25,22.7,30.9,16.2,0.0,0.0,0.0,53,4.43,0.281,0.275,0.326,23.6,23.5,18.39721,76.56784,ERA5,Asia/Kolkata,Open-Meteo Historical Weather API
MH-Latur,2022-12-26,23.6,29.9,18.0,0.0,0.0,0.0,66,3.76,0.281,0.274,0.325,23.9,23.5,18.39721,76.56784,ERA5,Asia/Kolkata,Open-Meteo Historical Weather API
MH-Latur,2022-12-27,25.4,31.9,19.4,0.0,0.0,0.0,68,3.35,0.282,0.274,0.325,25.4,24.4,18.39721,76.56784,ERA5,Asia/Kolkata,Open-Meteo Historical Weather API
MH-Latur,2022-12-28,25.4,31.4,21.1,0.0,0.0,0.0,58,4.0,0.284,0.272,0.323,26.0,25.2,18.39721,76.56784,ERA5,Asia/Kolkata,Open-Meteo Historical Weather API
MH-Latur,2022-12-29,24.0,31.4,17.6,0.0,0.0,0.0,59,3.83,0.282,0.272,0.323,25.1,24.9,18.39721,76.56784,ERA5,Asia/Kolkata,Open-Meteo Historical Weather API
MH-Latur,2022-12-30,24.3,31.1,18.9,0.0,0.0,0.0,60,3.5,0.28,0.272,0.324,25.2,24.9,18.39721,76.56784,ERA5,Asia/Kolkata,Open-Meteo Historical Weather API
MH-Latur,2022-12-31,24.3,30.8,20.2,0.0,0.0,0.0,56,3.84,0.276,0.273,0.323,25.3,25.0,18.39721,76.56784,ERA5,Asia/Kolkata,Open-Meteo Historical Weather API
MH-Latur,2023-01-01,23.5,30.9,16.9,0.0,0.0,0.0,61,3.9,0.277,0.276,0.328,24.6,24.7,18.39721,76.56784,ERA5,Asia/Kolkata,Open-Meteo Historical Weather API
MH-Latur,2023-01-02,23.0,30.4,16.7,0.0,0.0,0.0,66,3.8,0.281,0.281,0.33,24.4,24.5,18.39721,76.56784,ERA5,Asia/Kolkata,Open-Meteo Historical Weather API
MH-Latur,2023-01-03,23.4,29.0,18.8,0.0,0.0,0.0,65,3.24,0.285,0.285,0.333,24.3,24.4,18.39721,76.56784,ERA5,Asia/Kolkata,Open-Meteo Historical Weather API
MH-Latur,2023-01-04,23.1,27.0,19.6,0.0,0.0,0.0,62,3.13,0.287,0.286,0.333,24.2,24.5,18.39721,76.56784,ERA5,Asia/Kolkata,Open-Meteo Historical Weather API
MH-Latur,2023-01-05,21.9,26.8,18.7,0.0,0.0,0.0,72,3.16,0.291,0.294,0.34,23.5,24.1,18.39721,76.56784,ERA5,Asia/Kolkata,Open-Meteo Historical Weather API
MH-Latur,2023-01-06,21.5,26.3,17.9,0.2,0.2,2.0,77,2.95,0.297,0.302,0.347,22.9,23.4,18.39721,76.56784,ERA5,Asia/Kolkata,Open-Meteo Historical Weather API
MH-Latur,2023-01-07,21.3,27.4,17.5,0.0,0.0,0.0,72,3.25,0.305,0.307,0.35,22.7,23.1,18.39721,76.56784,ERA5,Asia/Kolkata,Open-Meteo Historical Weather API
MH-Latur,2023-01-08,19.3,27.2,13.3,0.0,0.0,0.0,61,4.06,0.302,0.307,0.351,21.1,22.3,18.39721,76.56784,ERA5,Asia/Kolkata,Open-Meteo Historical Weather API
MH-Latur,2023-01-09,18.9,28.3,10.6,0.0,0.0,0.0,51,4.25,0.295,0.302,0.348,20.1,21.3,18.39721,76.56784,ERA5,Asia/Kolkata,Open-Meteo Historical Weather API
MH-Latur,2023-01-10,19.7,29.2,11.9,0.0,0.0,0.0,52,4.35,0.287,0.297,0.343,20.5,21.2,18.39721,76.56784,ERA5,Asia/Kolkata,Open-Meteo Historical Weather API
MH-Latur,2023-01-11,21.5,30.3,14.7,0.0,0.0,0.0,49,4.05,0.281,0.294,0.341,21.2,21.4,18.39721,76.56784,ERA5,Asia/Kolkata,Open-Meteo Historical Weather API
MH-Latur,2023-01-12,22.0,30.9,16.0,0.0,0.0,0.0,49,4.3,0.278,0.292,0.34,21.7,21.8,18.39721,76.56784,ERA5,Asia/Kolkata,Open-Meteo Historical Weather API
MH-Latur,2023-01-13,21.9,29.7,15.2,0.0,0.0,0.0,52,4.04,0.277,0.289,0.338,22.2,21.9,18.39721,76.56784,ERA5,Asia/Kolkata,Open-Meteo Historical Weather API
MH-Latur,2023-01-14,21.7,29.6,15.2,0.0,0.0,0.0,60,4.01,0.278,0.29,0.339,22.3,22.1,18.39721,76.56784,ERA5,Asia/Kolkata,Open-Meteo Historical Weather API
MH-Latur,2023-01-15,22.2,30.3,15.1,0.0,0.0,0.0,63,4.01,0.279,0.292,0.341,22.7,22.4,18.39721,76.56784,ERA5,Asia/Kolkata,Open-Meteo Historical Weather API
MH-Latur,2023-01-16,22.3,30.9,15.5,0.0,0.0,0.0,57,4.61,0.275,0.287,0.336,22.8,22.6,18.39721,76.56784,ERA5,Asia/Kolkata,Open-Meteo Historical Weather API
MH-Latur,2023-01-17,22.6,30.7,16.8,0.0,0.0,0.0,51,4.82,0.273,0.285,0.334,23.2,22.8,18.39721,76.56784,ERA5,Asia/Kolkata,Open-Meteo Historical Weather API
MH-Latur,2023-01-18,22.0,30.3,15.7,0.0,0.0,0.0,51,4.49,0.273,0.287,0.334,23.1,22.8,18.39721,76.56784,ERA5,Asia/Kolkata,Open-Meteo Historical Weather API
MH-Latur,2023-01-19,22.8,30.7,17.0,0.0,0.0,0.0,54,4.55,0.272,0.285,0.331,23.6,23.0,18.39721,76.56784,ERA5,Asia/Kolkata,Open-Meteo Historical Weather API
MH-Latur,2023-01-20,22.5,29.5,17.1,0.0,0.0,0.0,56,4.64,0.275,0.285,0.33,23.5,23.2,18.39721,76.56784,ERA5,Asia/Kolkata,Open-Meteo Historical Weather API
MH-Latur,2023-01-21,22.8,29.5,18.1,0.0,0.0,0.0,54,4.6,0.278,0.285,0.33,23.8,23.3,18.39721,76.56784,ERA5,Asia/Kolkata,Open-Meteo Historical Weather API
MH-Latur,2023-01-22,23.2,29.8,17.6,0.0,0.0,0.0,51,4.89,0.276,0.284,0.328,24.0,23.5,18.39721,76.56784,ERA5,Asia/Kolkata,Open-Meteo Historical Weather API
MH-Latur,2023-01-23,23.0,29.4,17.2,0.0,0.0,0.0,57,4.69,0.274,0.285,0.328,24.0,23.5,18.39721,76.56784,ERA5,Asia/Kolkata,Open-Meteo Historical Weather API
MH-Latur,2023-01-24,23.7,30.0,18.1,0.0,0.0,0.0,60,4.81,0.272,0.284,0.328,24.5,23.8,18.39721,76.56784,ERA5,Asia/Kolkata,Open-Meteo Historical Weather API
MH-Latur,2023-01-25,24.6,30.0,20.7,0.0,0.0,0.0,58,4.54,0.273,0.285,0.328,25.4,24.4,18.39721,76.56784,ERA5,Asia/Kolkata,Open-Meteo Historical Weather API
MH-Latur,2023-01-26,24.1,30.3,19.9,0.0,0.0,0.0,49,4.6,0.273,0.287,0.329,25.4,24.7,18.39721,76.56784,ERA5,Asia/Kolkata,Open-Meteo Historical Weather API
MH-Latur,2023-01-27,23.0,30.8,17.1,0.0,0.0,0.0,45,4.95,0.274,0.291,0.332,24.4,24.2,18.39721,76.56784,ERA5,Asia/Kolkata,Open-Meteo Historical Weather API
MH-Latur,2023-01-28,23.1,31.0,16.1,0.0,0.0,0.0,48,5.08,0.273,0.289,0.331,24.0,23.7,18.39721,76.56784,ERA5,Asia/Kolkata,Open-Meteo Historical Weather API
MH-Latur,2023-01-29,23.2,30.8,16.3,0.0,0.0,0.0,47,5.36,0.27,0.286,0.328,24.0,23.6,18.39721,76.56784,ERA5,Asia/Kolkata,Open-Meteo Historical Weather API
MH-Latur,2023-01-30,24.0,30.2,18.5,0.1,0.1,1.0,58,4.64,0.27,0.287,0.328,24.8,23.9,18.39721,76.56784,ERA5,Asia/Kolkata,Open-Meteo Historical Weather API
MH-Latur,2023-01-31,23.4,28.3,19.0,0.6,0.6,5.0,70,3.42,0.277,0.288,0.329,24.7,24.4,18.39721,76.56784,ERA5,Asia/Kolkata,Open-Meteo Historical Weather API
MH-Latur,2023-02-01,23.0,27.8,19.1,0.0,0.0,0.0,60,4.07,0.282,0.292,0.332,24.2,24.2,18.39721,76.56784,ERA5,Asia/Kolkata,Open-Meteo Historical Weather API
MH-Latur,2023-02-02,22.3,29.1,17.0,0.0,0.0,0.0,53,4.93,0.285,0.296,0.336,23.7,23.9,18.39721,76.56784,ERA5,Asia/Kolkata,Open-Meteo Historical Weather API
MH-Latur,2023-02-03,21.6,29.5,14.4,0.0,0.0,0.0,40,5.12,0.283,0.297,0.336,22.9,23.2,18.39721,76.56784,ERA5,Asia/Kolkata,Open-Meteo Historical Weather API
MH-Latur,2023-02-04,22.1,31.2,14.0,0.0,0.0,0.0,42,5.18,0.279,0.295,0.335,22.9,23.0,18.39721,76.56784,ERA5,Asia/Kolkata,Open-Meteo Historical Weather API
MH-Latur,2023-02-05,22.7,31.4,14.8,0.0,0.0,0.0,44,5.02,0.276,0.293,0.333,23.5,23.2,18.39721,76.56784,ERA5,Asia/Kolkata,Open-Meteo Historical Weather API
MH-Latur,2023-02-06,24.1,32.7,16.0,0.0,0.0,0.0,47,4.96,0.275,0.289,0.331,24.4,23.7,18.39721,76.56784,ERA5,Asia/Kolkata,Open-Meteo Historical Weather API
MH-Latur,2023-02-07,24.6,32.1,18.0,0.0,0.0,0.0,50,4.67,0.276,0.286,0.329,25.2,24.3,18.39721,76.56784,ERA5,Asia/Kolkata,Open-Meteo Historical Weather API
MH-Latur,2023-02-08,24.6,32.1,17.8,0.0,0.0,0.0,48,5.31,0.273,0.285,0.328,25.4,24.8,18.39721,76.56784,ERA5,Asia/Kolkata,Open-Meteo Historical Weather API
MH-Latur,2023-02-09,24.5,33.3,16.6,0.0,0.0,0.0,45,5.28,0.269,0.283,0.325,25.1,24.6,18.39721,76.56784,ERA5,Asia/Kolkata,Open-Meteo Historical Weather API
MH-Latur,2023-02-10,25.2,34.0,17.8,0.0,0.0,0.0,38,5.29,0.267,0.28,0.322,25.1,24.7,18.39721,76.56784,ERA5,Asia/Kolkata,Open-Meteo Historical Weather API
MH-Latur,2023-02-11,26.3,34.7,20.6,0.0,0.0,0.0,34,5.42,0.264,0.275,0.317,25.6,24.9,18.39721,76.56784,ERA5,Asia/Kolkata,Open-Meteo Historical Weather API
MH-Latur,2023-02-12,25.0,33.4,17.6,0.0,0.0,0.0,38,6.08,0.264,0.272,0.314,25.8,25.2,18.39721,76.56784,ERA5,Asia/Kolkata,Open-Meteo Historical Weather API
MH-Latur,2023-02-13,23.2,31.5,16.2,0.0,0.0,0.0,39,5.88,0.267,0.275,0.318,24.8,24.9,18.39721,76.56784,ERA5,Asia/Kolkata,Open-Meteo Historical Weather API
MH-Latur,2023-02-14,22.7,31.7,14.5,0.0,0.0,0.0,35,5.78,0.267,0.276,0.319,23.8,24.1,18.39721,76.56784,ERA5,Asia/Kolkata,Open-Meteo Historical Weather API
MH-Latur,2023-02-15,23.7,33.3,14.4,0.0,0.0,0.0,36,5.93,0.265,0.276,0.317,24.1,24.0,18.39721,76.56784,ERA5,Asia/Kolkata,Open-Meteo Historical Weather API
MH-Latur,2023-02-16,24.5,33.6,16.1,0.0,0.0,0.0,35,6.29,0.265,0.275,0.315,24.7,24.2,18.39721,76.56784,ERA5,Asia/Kolkata,Open-Meteo Historical Weather API
MH-Latur,2023-02-17,24.5,33.4,16.5,0.0,0.0,0.0,36,6.25,0.268,0.274,0.313,25.0,24.6,18.39721,76.56784,ERA5,Asia/Kolkata,Open-Meteo Historical Weather API
MH-Latur,2023-02-18,24.6,32.8,16.5,0.0,0.0,0.0,39,5.95,0.267,0.273,0.311,25.2,24.8,18.39721,76.56784,ERA5,Asia/Kolkata,Open-Meteo Historical Weather API
MH-Latur,2023-02-19,24.9,33.2,17.0,0.0,0.0,0.0,43,5.9,0.267,0.274,0.311,25.6,25.0,18.39721,76.56784,ERA5,Asia/Kolkata,Open-Meteo Historical Weather API
MH-Latur,2023-02-20,25.5,34.3,18.5,0.0,0.0,0.0,42,5.71,0.269,0.276,0.312,25.9,25.2,18.39721,76.56784,ERA5,Asia/Kolkata,Open-Meteo Historical Weather API
MH-Latur,2023-02-21,26.6,35.6,17.8,0.0,0.0,0.0,39,5.75,0.267,0.277,0.312,26.8,25.6,18.39721,76.56784,ERA5,Asia/Kolkata,Open-Meteo Historical Weather API
MH-Latur,2023-02-22,27.0,35.2,18.4,0.0,0.0,0.0,35,5.79,0.27,0.276,0.31,27.1,26.1,18.39721,76.56784,ERA5,Asia/Kolkata,Open-Meteo Historical Weather API
MH-Latur,2023-02-23,26.3,35.0,19.1,0.0,0.0,0.0,33,6.05,0.267,0.275,0.307,27.1,26.2,18.39721,76.56784,ERA5,Asia/Kolkata,Open-Meteo Historical Weather API
MH-Latur,2023-02-24,26.3,35.1,17.3,0.0,0.0,0.0,31,6.14,0.266,0.275,0.304,27.1,26.3,18.39721,76.56784,ERA5,Asia/Kolkata,Open-Meteo Historical Weather API
MH-Latur,2023-02-25,26.8,35.0,20.4,0.0,0.0,0.0,31,5.86,0.264,0.275,0.303,27.4,26.4,18.39721,76.56784,ERA5,Asia/Kolkata,Open-Meteo Historical Weather API
MH-Latur,2023-02-26,27.1,35.0,19.9,0.0,0.0,0.0,31,6.13,0.264,0.276,0.303,27.5,26.6,18.39721,76.56784,ERA5,Asia/Kolkata,Open-Meteo Historical Weather API
MH-Latur,2023-02-27,26.5,34.4,19.1,0.0,0.0,0.0,35,6.31,0.265,0.276,0.301,27.5,26.8,18.39721,76.56784,ERA5,Asia/Kolkata,Open-Meteo Historical Weather API
MH-Latur,2023-02-28,26.4,34.3,20.5,0.0,0.0,0.0,40,5.84,0.269,0.278,0.303,27.6,27.0,18.39721,76.56784,ERA5,Asia/Kolkata,Open-Meteo Historical Weather API
MH-Latur,2023-03-01,26.8,34.6,20.3,0.0,0.0,0.0,36,6.55,0.275,0.281,0.304,27.9,27.2,18.39721,76.56784,ERA5,Asia/Kolkata,Open-Meteo Historical Weather API
MH-Latur,2023-03-02,26.5,34.2,20.4,0.0,0.0,0.0,39,6.21,0.276,0.284,0.307,27.7,27.2,18.39721,76.56784,ERA5,Asia/Kolkata,Open-Meteo Historical Weather API
MH-Latur,2023-03-03,26.8,34.7,18.9,0.0,0.0,0.0,39,6.29,0.277,0.287,0.309,27.7,27.1,18.39721,76.56784,ERA5,Asia/Kolkata,Open-Meteo Historical Weather API
MH-Latur,2023-03-04,27.6,35.0,21.4,0.0,0.0,0.0,39,6.2,0.274,0.285,0.308,28.5,27.5,18.39721,76.56784,ERA5,Asia/Kolkata,Open-Meteo Historical Weather API
MH-Latur,2023-03-05,27.4,34.5,21.1,0.0,0.0,0.0,38,6.36,0.272,0.286,0.309,28.5,27.7,18.39721,76.56784,ERA5,Asia/Kolkata,Open-Meteo Historical Weather API
MH-Latur,2023-03-06,26.6,34.0,20.8,0.2,0.2,2.0,42,5.52,0.275,0.288,0.31,28.1,27.6,18.39721,76.56784,ERA5,Asia/Kolkata,Open-Meteo Historical Weather API
MH-Latur,2023-03-07,23.0,28.7,20.0,0.4,0.4,2.0,56,5.2,0.283,0.301,0.322,25.9,27.0,18.39721,76.56784,ERA5,Asia/Kolkata,Open-Meteo Historical Weather API
MH-Latur,2023-03-08,24.8,32.9,16.8,0.1,0.1,1.0,46,5.34,0.282,0.303,0.324,25.8,26.0,18.39721,76.56784,ERA5,Asia/Kolkata,Open-Meteo Historical Weather API
MH-Latur,2023-03-09,26.2,32.4,20.0,0.0,0.0,0.0,40,5.46,0.277,0.3,0.323,26.9,26.4,18.39721,76.56784,ERA5,Asia/Kolkata,Open-Meteo Historical Weather API
MH-Latur,2023-03-10,26.3,32.6,20.1,0.2,0.2,1.0,41,5.17,0.273,0.297,0.321,27.6,26.8,18.39721,76.56784,ERA5,Asia/Kolkata,Open-Meteo Historical Weather API
MH-Latur,2023-03-11,26.9,33.4,20.9,0.0,0.0,0.0,41,5.2,0.272,0.295,0.32,28.0,27.2,18.39721,76.56784,ERA5,Asia/Kolkata,Open-Meteo Historical Weather API
MH-Latur,2023-03-12,27.2,34.2,20.7,0.0,0.0,0.0,42,6.07,0.272,0.295,0.321,28.1,27.3,18.39721,76.56784,ERA5,Asia/Kolkata,Open-Meteo Historical Weather API
MH-Latur,2023-03-13,27.5,34.6,21.2,0.0,0.0,0.0,37,6.12,0.273,0.294,0.32,28.3,27.5,18.39721,76.56784,ERA5,Asia/Kolkata,Open-Meteo Historical Weather API
MH-Latur,2023-03-14,26.7,32.9,20.5,0.0,0.0,0.0,38,5.76,0.27,0.294,0.321,28.1,27.5,18.39721,76.56784,ERA5,Asia/Kolkata,Open-Meteo Historical Weather API
MH-Latur,2023-03-15,26.1,33.0,19.3,0.1,0.1,1.0,41,5.15,0.272,0.297,0.323,27.2,27.1,18.39721,76.56784,ERA5,Asia/Kolkata,Open-Meteo Historical Weather API
MH-Latur,2023-03-16,24.3,29.6,20.0,1.3,1.3,5.0,55,4.31,0.283,0.305,0.331,26.4,26.9,18.39721,76.56784,ERA5,Asia/Kolkata,Open-Meteo Historical Weather API
MH-Latur,2023-03-17,23.0,29.7,18.4,3.1,3.1,8.0,74,3.74,0.33,0.309,0.334,25.6,26.0,18.39721,76.56784,ERA5,Asia/Kolkata,Open-Meteo Historical Weather API
MH-Latur,2023-03-18,22.1,28.0,18.2,35.1,35.1,18.0,79,3.82,0.431,0.318,0.331,25.0,25.4,18.39721,76.56784,ERA5,Asia/Kolkata,Open-Meteo Historical Weather API
MH-Latur,2023-03-19,22.8,28.9,17.2,0.4,0.4,3.0,66,4.67,0.436,0.348,0.327,24.7,24.9,18.39721,76.56784,ERA5,Asia/Kolkata,Open-Meteo Historical Weather API
MH-Latur,2023-03-20,24.0,29.9,19.0,0.0,0.0,0.0,50,5.61,0.393,0.342,0.322,25.0,24.6,18.39721,76.56784,ERA5,Asia/Kolkata,Open-Meteo Historical Weather API
MH-Latur,2023-03-21,24.4,30.3,19.8,0.0,0.0,0.0,47,5.86,0.363,0.332,0.317,25.4,24.7,18.39721,76.56784,ERA5,Asia/Kolkata,Open-Meteo Historical Weather API
MH-Latur,2023-03-22,25.4,30.6,20.3,0.0,0.0,0.0,50,5.45,0.337,0.323,0.312,26.2,25.2,18.39721,76.56784,ERA5,Asia/Kolkata,Open-Meteo Historical Weather API
MH-Latur,2023-03-23,25.9,32.1,19.8,0.0,0.0,0.0,49,5.76,0.316,0.314,0.308,26.8,25.7,18.39721,76.56784,ERA5,Asia/Kolkata,Open-Meteo Historical Weather API
MH-Latur,2023-03-24,27.1,33.6,20.9,0.0,0.0,0.0,42,5.88,0.298,0.305,0.303,27.7,26.3,18.39721,76.56784,ERA5,Asia/Kolkata,Open-Meteo Historical Weather API
MH-Latur,2023-03-25,27.6,33.8,22.1,0.0,0.0,0.0,44,5.66,0.283,0.295,0.297,28.6,27.2,18.39721,76.56784,ERA5,Asia/Kolkata,Open-Meteo Historical Weather API
MH-Latur,2023-03-26,28.1,35.0,21.9,0.0,0.0,0.0,40,6.51,0.27,0.285,0.29,29.6,27.9,18.39721,76.56784,ERA5,Asia/Kolkata,Open-Meteo Historical Weather API
MH-Latur,2023-03-27,27.6,35.1,21.2,0.0,0.0,0.0,29,7.17,0.263,0.279,0.286,29.6,28.3,18.39721,76.56784,ERA5,Asia/Kolkata,Open-Meteo Historical Weather API
MH-Latur,2023-03-28,28.0,35.8,20.7,0.0,0.0,0.0,29,6.72,0.258,0.276,0.285,29.7,28.2,18.39721,76.56784,ERA5,Asia/Kolkata,Open-Meteo Historical Weather API
MH-Latur,2023-03-29,29.5,37.6,21.0,0.0,0.0,0.0,30,7.66,0.253,0.274,0.282,30.7,28.9,18.39721,76.56784,ERA5,Asia/Kolkata,Open-Meteo Historical Weather API
MH-Latur,2023-03-30,29.8,37.1,23.7,0.0,0.0,0.0,30,8.2,0.252,0.272,0.28,31.6,29.8,18.39721,76.56784,ERA5,Asia/Kolkata,Open-Meteo Historical Weather API
MH-Latur,2023-03-31,28.7,34.8,23.9,0.0,0.0,0.0,39,6.51,0.248,0.269,0.277,31.1,29.7,18.39721,76.56784,ERA5,Asia/Kolkata,Open-Meteo Historical Weather API
MH-Latur,2023-04-01,28.3,35.1,22.9,0.0,0.0,0.0,35,7.12,0.246,0.268,0.275,31.0,29.7,18.39721,76.56784,ERA5,Asia/Kolkata,Open-Meteo Historical Weather API
MH-Latur,2023-04-02,28.7,35.8,20.9,0.0,0.0,0.0,30,6.71,0.25,0.269,0.277,30.9,29.6,18.39721,76.56784,ERA5,Asia/Kolkata,Open-Meteo Historical Weather API
MH-Latur,2023-04-03,29.5,36.2,23.6,0.0,0.0,0.0,32,6.81,0.252,0.27,0.28,31.5,29.9,18.39721,76.56784,ERA5,Asia/Kolkata,Open-Meteo Historical Weather API
MH-Latur,2023-04-04,30.3,36.9,24.1,0.0,0.0,0.0,31,6.47,0.256,0.271,0.281,31.7,30.3,18.39721,76.56784,ERA5,Asia/Kolkata,Open-Meteo Historical Weather API
MH-Latur,2023-04-05,30.4,37.1,24.3,0.0,0.0,0.0,33,7.04,0.257,0.271,0.282,31.7,30.4,18.39721,76.56784,ERA5,Asia/Kolkata,Open-Meteo Historical Weather API
MH-Latur,2023-04-06,30.8,36.7,24.9,0.0,0.0,0.0,33,6.65,0.258,0.271,0.282,32.2,30.7,18.39721,76.56784,ERA5,Asia/Kolkata,Open-Meteo Historical Weather API
MH-Latur,2023-04-07,27.4,32.0,22.7,2.7,2.7,6.0,57,4.93,0.276,0.275,0.288,30.6,30.8,18.39721,76.56784,ERA5,Asia/Kolkata,Open-Meteo Historical Weather API
MH-Latur,2023-04-08,26.0,32.2,20.5,0.5,0.5,1.0,64,4.96,0.307,0.282,0.296,29.0,29.3,18.39721,76.56784,ERA5,Asia/Kolkata,Open-Meteo Historical Weather API
MH-Latur,2023-04-09,28.6,34.2,21.6,0.7,0.7,2.0,54,5.18,0.306,0.279,0.294,30.1,29.1,18.39721,76.56784,ERA5,Asia/Kolkata,Open-Meteo Historical Weather API
MH-Latur,2023-04-10,29.6,36.7,22.6,0.0,0.0,0.0,45,6.07,0.294,0.277,0.292,30.8,29.6,18.39721,76.56784,ERA5,Asia/Kolkata,Open-Meteo Historical Weather API
MH-Latur,2023-04-11,31.2,37.2,24.8,0.0,0.0,0.0,37,6.51,0.283,0.277,0.291,32.2,30.5,18.39721,76.56784,ERA5,Asia/Kolkata,Open-Meteo Historical Weather API
MH-Latur,2023-04-12,31.7,38.4,23.9,0.0,0.0,0.0,36,6.63,0.277,0.277,0.292,32.7,31.1,18.39721,76.56784,ERA5,Asia/Kolkata,Open-Meteo Historical Weather API
MH-Latur,2023-04-13,32.0,38.2,25.9,0.1,0.1,1.0,36,6.02,0.273,0.276,0.292,33.1,31.5,18.39721,76.56784,ERA5,Asia/Kolkata,Open-Meteo Historical Weather API
MH-Latur,2023-04-14,30.8,38.3,25.0,2.1,2.1,6.0,42,5.79,0.281,0.276,0.295,32.4,31.7,18.39721,76.56784,ERA5,Asia/Kolkata,Open-Meteo Historical Weather API
MH-Latur,2023-04-15,27.0,34.4,19.9,2.8,2.8,4.0,56,4.87,0.325,0.281,0.304,29.2,30.2,18.39721,76.56784,ERA5,Asia/Kolkata,Open-Meteo Historical Weather API
MH-Latur,2023-04-16,29.0,36.5,21.4,0.1,0.1,1.0,46,5.95,0.318,0.286,0.309,29.8,29.3,18.39721,76.56784,ERA5,Asia/Kolkata,Open-Meteo Historical Weather API
MH-Latur,2023-04-17,31.2,37.7,25.7,0.1,0.1,1.0,39,6.59,0.301,0.286,0.308,31.5,30.2,18.39721,76.56784,ERA5,Asia/Kolkata,Open-Meteo Historical Weather API
MH-Latur,2023-04-18,32.1,39.2,24.9,0.0,0.0,0.0,34,6.39,0.29,0.282,0.305,32.5,30.9,18.39721,76.56784,ERA5,Asia/Kolkata,Open-Meteo Historical Weather API
MH-Latur,2023-04-19,32.2,39.1,25.7,0.0,0.0,0.0,34,6.15,0.28,0.28,0.302,32.9,31.4,18.39721,76.56784,ERA5,Asia/Kolkata,Open-Meteo Historical Weather API
MH-Latur,2023-04-20,31.7,38.5,26.3,0.3,0.3,2.0,35,6.48,0.274,0.28,0.303,33.2,31.9,18.39721,76.56784,ERA5,Asia/Kolkata,Open-Meteo Historical Weather API
MH-Latur,2023-04-21,29.1,35.7,24.5,2.0,2.0,2.0,46,5.87,0.278,0.282,0.306,31.6,31.7,18.39721,76.56784,ERA5,Asia/Kolkata,Open-Meteo Historical Weather API
MH-Latur,2023-04-22,29.9,37.4,22.8,0.0,0.0,0.0,35,7.22,0.276,0.282,0.306,31.7,31.1,18.39721,76.56784,ERA5,Asia/Kolkata,Open-Meteo Historical Weather API
MH-Latur,2023-04-23,29.1,34.6,23.2,0.0,0.0,0.0,40,6.3,0.268,0.279,0.303,31.6,31.0,18.39721,76.56784,ERA5,Asia/Kolkata,Open-Meteo Historical Weather API
MH-Latur,2023-04-24,30.0,37.2,24.3,0.0,0.0,0.0,33,6.35,0.26,0.276,0.3,31.6,30.9,18.39721,76.56784,ERA5,Asia/Kolkata,Open-Meteo Historical Weather API
MH-Latur,2023-04-25,30.1,37.5,25.2,0.0,0.0,0.0,48,6.84,0.257,0.276,0.299,31.8,31.1,18.39721,76.56784,ERA5,Asia/Kolkata,Open-Meteo Historical Weather API
MH-Latur,2023-04-26,29.4,36.8,23.4,0.1,0.1,1.0,49,6.29,0.257,0.278,0.302,31.7,31.3,18.39721,76.56784,ERA5,Asia/Kolkata,Open-Meteo Historical Weather API
MH-Latur,2023-04-27,26.7,33.5,22.3,26.9,26.9,14.0,67,5.01,0.339,0.29,0.308,30.8,31.1,18.39721,76.56784,ERA5,Asia/Kolkata,Open-Meteo Historical Weather API
MH-Latur,2023-04-28,25.1,29.8,21.0,14.7,14.7,10.0,76,4.85,0.462,0.365,0.312,28.4,29.5,18.39721,76.56784,ERA5,Asia/Kolkata,Open-Meteo Historical Weather API
MH-Latur,2023-04-29,25.0,29.8,20.3,16.9,16.9,17.0,78,4.67,0.472,0.403,0.312,28.0,28.6,18.39721,76.56784,ERA5,Asia/Kolkata,Open-Meteo Historical Weather API
MH-Latur,2023-04-30,24.9,31.1,21.0,7.2,7.2,11.0,80,4.52,0.479,0.441,0.314,27.7,28.3,18.39721,76.56784,ERA5,Asia/Kolkata,Open-Meteo Historical Weather API
MH-Latur,2023-05-01,25.9,32.0,20.3,0.4,0.4,3.0,71,5.05,0.453,0.434,0.316,27.8,27.8,18.39721,76.56784,ERA5,Asia/Kolkata,Open-Meteo Historical Weather API
MH-Latur,2023-05-02,26.9,31.5,22.2,0.3,0.3,3.0,66,5.13,0.424,0.42,0.316,28.2,27.8,18.39721,76.56784,ERA5,Asia/Kolkata,Open-Meteo Historical Weather API
MH-Latur,2023-05-03,26.4,31.4,22.6,0.7,0.7,4.0,69,4.89,0.402,0.408,0.316,28.4,28.1,18.39721,76.56784,ERA5,Asia/Kolkata,Open-Meteo Historical Weather API
MH-Latur,2023-05-04,26.0,31.1,22.5,1.9,1.9,8.0,74,4.54,0.394,0.4,0.317,28.0,28.0,18.39721,76.56784,ERA5,Asia/Kolkata,Open-Meteo Historical Weather API
MH-Latur,2023-05-05,26.3,31.8,22.4,2.1,2.1,8.0,73,4.65,0.384,0.394,0.319,28.1,27.9,18.39721,76.56784,ERA5,Asia/Kolkata,Open-Meteo Historical Weather API
MH-Latur,2023-05-06,28.3,33.4,23.4,0.1,0.1,1.0,64,5.01,0.379,0.383,0.318,29.3,28.3,18.39721,76.56784,ERA5,Asia/Kolkata,Open-Meteo Historical Weather API
MH-Latur,2023-05-07,28.5,34.6,24.4,0.6,0.6,4.0,64,5.14,0.364,0.375,0.317,29.5,28.7,18.39721,76.56784,ERA5,Asia/Kolkata,Open-Meteo Historical Weather API
MH-Latur,2023-05-08,29.7,35.3,24.4,0.1,0.1,1.0,62,5.28,0.346,0.363,0.315,30.2,29.0,18.39721,76.56784,ERA5,Asia/Kolkata,Open-Meteo Historical Weather API
MH-Latur,2023-05-09,30.6,36.4,25.6,0.0,0.0,0.0,58,5.7,0.33,0.352,0.311,31.2,29.7,18.39721,76.56784,ERA5,Asia/Kolkata,Open-Meteo Historical Weather API
MH-Latur,2023-05-10,31.8,38.8,26.3,0.0,0.0,0.0,48,7.01,0.313,0.339,0.307,31.8,30.4,18.39721,76.56784,ERA5,Asia/Kolkata,Open-Meteo Historical Weather API
MH-Latur,2023-05-11,32.2,39.0,25.5,0.0,0.0,0.0,41,7.31,0.294,0.324,0.301,32.4,30.7,18.39721,76.56784,ERA5,Asia/Kolkata,Open-Meteo Historical Weather API
MH-Latur,2023-05-12,32.3,40.0,26.8,0.0,0.0,0.0,38,7.24,0.279,0.313,0.297,32.9,31.3,18.39721,76.56784,ERA5,Asia/Kolkata,Open-Meteo Historical Weather API
MH-Latur,2023-05-13,32.7,40.9,25.0,0.0,0.0,0.0,27,8.34,0.271,0.303,0.293,33.0,31.5,18.39721,76.56784,ERA5,Asia/Kolkata,Open-Meteo Historical Weather API
MH-Latur,2023-05-14,33.3,39.8,27.1,0.0,0.0,0.0,31,8.35,0.265,0.298,0.292,33.9,32.1,18.39721,76.56784,ERA5,Asia/Kolkata,Open-Meteo Historical Weather API
MH-Latur,2023-05-15,33.4,39.7,27.8,0.0,0.0,0.0,33,8.75,0.26,0.294,0.291,34.5,32.6,18.39721,76.56784,ERA5,Asia/Kolkata,Open-Meteo Historical Weather API
MH-Latur,2023-05-16,32.7,38.9,26.7,0.0,0.0,0.0,34,8.44,0.254,0.29,0.289,34.6,32.9,18.39721,76.56784,ERA5,Asia/Kolkata,Open-Meteo Historical Weather API
MH-Latur,2023-05-17,32.9,39.1,27.0,0.0,0.0,0.0,37,7.93,0.251,0.289,0.29,34.8,33.1,18.39721,76.56784,ERA5,Asia/Kolkata,Open-Meteo Historical Weather API
MH-Latur,2023-05-18,33.2,38.6,28.2,0.0,0.0,0.0,35,7.07,0.248,0.285,0.286,34.8,33.3,18.39721,76.56784,ERA5,Asia/Kolkata,Open-Meteo Historical Weather API
MH-Latur,2023-05-19,33.8,40.3,28.2,0.0,0.0,0.0,30,7.91,0.245,0.281,0.284,35.3,33.6,18.39721,76.56784,ERA5,Asia/Kolkata,Open-Meteo Historical Weather API
MH-Latur,2023-05-20,34.3,40.2,28.5,0.0,0.0,0.0,30,7.65,0.244,0.28,0.283,35.9,34.0,18.39721,76.56784,ERA5,Asia/Kolkata,Open-Meteo Historical Weather API
MH-Latur,2023-05-21,34.1,40.5,27.3,0.0,0.0,0.0,31,7.23,0.243,0.279,0.283,35.8,34.3,18.39721,76.56784,ERA5,Asia/Kolkata,Open-Meteo Historical Weather API
MH-Latur,2023-05-22,32.9,39.0,25.8,0.0,0.0,0.0,34,6.43,0.244,0.278,0.283,35.1,34.3,18.39721,76.56784,ERA5,Asia/Kolkata,Open-Meteo Historical Weather API
MH-Latur,2023-05-23,33.2,39.2,28.2,0.0,0.0,0.0,36,6.05,0.244,0.279,0.284,35.4,34.4,18.39721,76.56784,ERA5,Asia/Kolkata,Open-Meteo Historical Weather API
MH-Latur,2023-05-24,33.8,40.0,29.6,0.7,0.7,2.0,36,6.86,0.244,0.283,0.288,36.0,34.6,18.39721,76.56784,ERA5,Asia/Kolkata,Open-Meteo Historical Weather API
MH-Latur,2023-05-25,33.5,38.6,29.3,0.0,0.0,0.0,38,8.1,0.244,0.287,0.293,35.9,34.8,18.39721,76.56784,ERA5,Asia/Kolkata,Open-Meteo Historical Weather API
MH-Latur,2023-05-26,32.7,38.3,26.8,0.0,0.0,0.0,40,7.65,0.243,0.285,0.292,35.1,34.2,18.39721,76.56784,ERA5,Asia/Kolkata,Open-Meteo Historical Weather API
MH-Latur,2023-05-27,32.6,39.0,26.8,0.0,0.0,0.0,39,7.54,0.243,0.283,0.291,35.2,33.9,18.39721,76.56784,ERA5,Asia/Kolkata,Open-Meteo Historical Weather API
MH-Latur,2023-05-28,33.0,39.1,27.2,0.0,0.0,0.0,39,7.17,0.242,0.282,0.29,35.3,33.9,18.39721,76.56784,ERA5,Asia/Kolkata,Open-Meteo Historical Weather API
MH-Latur,2023-05-29,33.4,39.0,29.4,1.2,1.2,3.0,39,7.59,0.243,0.283,0.291,35.7,34.3,18.39721,76.56784,ERA5,Asia/Kolkata,Open-Meteo Historical Weather API
MH-Latur,2023-05-30,32.5,37.8,27.3,0.0,0.0,0.0,40,6.28,0.243,0.282,0.291,35.4,34.6,18.39721,76.56784,ERA5,Asia/Kolkata,Open-Meteo Historical Weather API
MH-Latur,2023-05-31,33.0,39.5,27.5,0.0,0.0,0.0,34,7.42,0.244,0.286,0.295,35.2,34.6,18.39721,76.56784,ERA5,Asia/Kolkata,Open-Meteo Historical Weather API
MH-Latur,2023-06-01,33.2,39.4,26.8,0.0,0.0,0.0,32,7.28,0.245,0.287,0.296,35.1,34.3,18.39721,76.56784,ERA5,Asia/Kolkata,Open-Meteo Historical Weather API
MH-Latur,2023-06-02,34.1,39.7,29.4,0.0,0.0,0.0,29,8.67,0.245,0.287,0.297,35.6,34.4,18.39721,76.56784,ERA5,Asia/Kolkata,Open-Meteo Historical Weather API
MH-Latur,2023-06-03,33.8,38.9,28.3,0.0,0.0,0.0,38,7.68,0.244,0.284,0.295,35.9,34.4,18.39721,76.56784,ERA5,Asia/Kolkata,Open-Meteo Historical Weather API
MH-Latur,2023-06-04,30.3,37.2,25.4,2.5,2.5,3.0,53,6.46,0.251,0.286,0.296,34.5,34.6,18.39721,76.56784,ERA5,Asia/Kolkata,Open-Meteo Historical Weather API
MH-Latur,2023-06-05,30.7,37.0,23.6,0.0,0.0,0.0,49,6.28,0.267,0.297,0.306,32.9,33.3,18.39721,76.56784,ERA5,Asia/Kolkata,Open-Meteo Historical Weather API
MH-Latur,2023-06-06,32.3,37.7,27.3,0.0,0.0,0.0,46,6.75,0.264,0.295,0.306,34.3,33.4,18.39721,76.56784,ERA5,Asia/Kolkata,Open-Meteo Historical Weather API
MH-Latur,2023-06-07,32.6,37.9,28.7,0.1,0.1,1.0,44,6.5,0.261,0.295,0.308,34.4,33.7,18.39721,76.56784,ERA5,Asia/Kolkata,Open-Meteo Historical Weather API
MH-Latur,2023-06-08,32.5,37.7,26.7,0.0,0.0,0.0,45,6.72,0.259,0.293,0.307,34.2,33.6,18.39721,76.56784,ERA5,Asia/Kolkata,Open-Meteo Historical Weather API
MH-Latur,2023-06-09,33.0,39.0,27.2,0.0,0.0,0.0,47,7.51,0.256,0.291,0.306,34.8,33.7,18.39721,76.56784,ERA5,Asia/Kolkata,Open-Meteo Historical Weather API
MH-Latur,2023-06-10,31.8,37.9,27.7,0.3,0.3,2.0,50,6.77,0.256,0.29,0.306,34.3,33.9,18.39721,76.56784,ERA5,Asia/Kolkata,Open-Meteo Historical Weather API
MH-Latur,2023-06-11,30.8,37.1,26.4,0.5,0.5,1.0,54,6.39,0.259,0.289,0.306,33.2,33.2,18.39721,76.56784,ERA5,Asia/Kolkata,Open-Meteo Historical Weather API
MH-Latur,2023-06-12,31.9,37.3,26.3,0.0,0.0,0.0,46,7.76,0.257,0.287,0.305,33.7,32.9,18.39721,76.56784,ERA5,Asia/Kolkata,Open-Meteo Historical Weather API
MH-Latur,2023-06-13,31.8,37.4,25.8,0.0,0.0,0.0,48,8.33,0.254,0.285,0.304,33.8,32.9,18.39721,76.56784,ERA5,Asia/Kolkata,Open-Meteo Historical Weather API
MH-Latur,2023-06-14,31.7,37.4,26.3,0.0,0.0,0.0,49,8.18,0.252,0.284,0.302,33.8,33.0,18.39721,76.56784,ERA5,Asia/Kolkata,Open-Meteo Historical Weather API
MH-Latur,2023-06-15,31.6,36.8,25.8,0.0,0.0,0.0,48,7.81,0.25,0.284,0.302,33.5,32.8,18.39721,76.56784,ERA5,Asia/Kolkata,Open-Meteo Historical Weather API
MH-Latur,2023-06-16,31.5,37.9,25.9,0.0,0.0,0.0,48,8.06,0.247,0.282,0.301,33.6,32.7,18.39721,76.56784,ERA5,Asia/Kolkata,Open-Meteo Historical Weather API
MH-Latur,2023-06-17,31.7,37.1,25.6,0.0,0.0,0.0,51,7.87,0.246,0.281,0.299,33.8,32.7,18.39721,76.56784,ERA5,Asia/Kolkata,Open-Meteo Historical Weather API
MH-Latur,2023-06-18,31.8,37.8,26.0,0.0,0.0,0.0,50,7.45,0.246,0.28,0.298,33.9,32.9,18.39721,76.56784,ERA5,Asia/Kolkata,Open-Meteo Historical Weather API
MH-Latur,2023-06-19,32.0,37.6,26.0,0.0,0.0,0.0,48,7.92,0.244,0.283,0.301,34.5,33.1,18.39721,76.56784,ERA5,Asia/Kolkata,Open-Meteo Historical Weather API
MH-Latur,2023-06-20,32.2,37.9,27.0,0.1,0.1,1.0,47,7.94,0.245,0.283,0.301,34.9,33.7,18.39721,76.56784,ERA5,Asia/Kolkata,Open-Meteo Historical Weather API
MH-Latur,2023-06-21,31.4,36.6,26.5,0.1,0.1,1.0,51,7.01,0.246,0.288,0.305,34.3,33.6,18.39721,76.56784,ERA5,Asia/Kolkata,Open-Meteo Historical Weather API
MH-Latur,2023-06-22,31.8,37.0,27.1,0.0,0.0,0.0,46,7.02,0.248,0.291,0.309,34.2,33.6,18.39721,76.56784,ERA5,Asia/Kolkata,Open-Meteo Historical Weather API
MH-Latur,2023-06-23,30.6,35.2,27.1,1.6,1.6,3.0,54,5.71,0.252,0.29,0.309,33.3,33.4,18.39721,76.56784,ERA5,Asia/Kolkata,Open-Meteo Historical Weather API
MH-Latur,2023-06-24,27.2,32.5,23.1,8.8,8.8,19.0,75,3.08,0.304,0.291,0.311,30.6,31.8,18.39721,76.56784,ERA5,Asia/Kolkata,Open-Meteo Historical Weather API
MH-Latur,2023-06-25,25.3,29.2,22.6,42.3,42.3,24.0,87,2.14,0.48,0.378,0.311,27.3,29.3,18.39721,76.56784,ERA5,Asia/Kolkata,Open-Meteo Historical Weather API
MH-Latur,2023-06-26,25.6,28.3,24.0,8.0,8.0,14.0,82,2.18,0.48,0.431,0.312,26.6,27.8,18.39721,76.56784,ERA5,Asia/Kolkata,Open-Meteo Historical Weather API
MH-Latur,2023-06-27,25.1,27.9,23.1,11.8,11.8,12.0,83,2.59,0.482,0.447,0.313,26.2,27.1,18.39721,76.56784,ERA5,Asia/Kolkata,Open-Meteo Historical Weather API
MH-Latur,2023-06-28,25.4,28.9,22.9,7.1,7.1,17.0,83,2.82,0.494,0.473,0.316,26.2,26.8,18.39721,76.56784,ERA5,Asia/Kolkata,Open-Meteo Historical Weather API
MH-Latur,2023-06-29,26.4,30.2,23.2,1.5,1.5,8.0,76,4.25,0.475,0.465,0.317,27.0,27.2,18.39721,76.56784,ERA5,Asia/Kolkata,Open-Meteo Historical Weather API
MH-Latur,2023-06-30,26.8,30.7,23.5,1.1,1.1,7.0,73,4.47,0.455,0.452,0.318,27.3,27.4,18.39721,76.56784,ERA5,Asia/Kolkata,Open-Meteo Historical Weather API
MH-Latur,2023-07-01,27.1,31.3,23.7,1.7,1.7,7.0,73,4.79,0.44,0.44,0.318,27.7,27.5,18.39721,76.56784,ERA5,Asia/Kolkata,Open-Meteo Historical Weather API
MH-Latur,2023-07-02,26.8,31.7,23.0,5.9,5.9,9.0,77,3.94,0.45,0.43,0.316,27.6,27.5,18.39721,76.56784,ERA5,Asia/Kolkata,Open-Meteo Historical Weather API
MH-Latur,2023-07-03,27.5,32.4,23.1,2.5,2.5,10.0,77,4.28,0.462,0.432,0.315,27.9,27.5,18.39721,76.56784,ERA5,Asia/Kolkata,Open-Meteo Historical Weather API
MH-Latur,2023-07-04,27.6,32.4,25.0,7.5,7.5,11.0,78,3.9,0.464,0.426,0.314,28.5,28.0,18.39721,76.56784,ERA5,Asia/Kolkata,Open-Meteo Historical Weather API
MH-Latur,2023-07-05,26.1,29.7,23.8,4.0,4.0,13.0,80,2.55,0.472,0.432,0.313,27.0,27.6,18.39721,76.56784,ERA5,Asia/Kolkata,Open-Meteo Historical Weather API
MH-Latur,2023-07-06,25.5,29.0,23.1,11.4,11.4,17.0,83,2.93,0.481,0.442,0.313,26.4,26.8,18.39721,76.56784,ERA5,Asia/Kolkata,Open-Meteo Historical Weather API
MH-Latur,2023-07-07,25.5,29.8,22.7,5.7,5.7,17.0,81,2.83,0.489,0.461,0.313,25.7,26.1,18.39721,76.56784,ERA5,Asia/Kolkata,Open-Meteo Historical Weather API
MH-Latur,2023-07-08,26.4,30.1,23.7,3.1,3.1,14.0,78,3.96,0.479,0.464,0.314,26.4,26.1,18.39721,76.56784,ERA5,Asia/Kolkata,Open-Meteo Historical Weather API
MH-Latur,2023-07-09,26.2,29.9,23.4,3.7,3.7,9.0,78,3.13,0.477,0.46,0.316,26.2,26.2,18.39721,76.56784,ERA5,Asia/Kolkata,Open-Meteo Historical Weather API
MH-Latur,2023-07-10,27.1,30.5,23.5,0.7,0.7,6.0,73,4.35,0.46,0.452,0.316,27.1,26.5,18.39721,76.56784,ERA5,Asia/Kolkata,Open-Meteo Historical Weather API
MH-Latur,2023-07-11,25.4,28.0,23.0,3.1,3.1,9.0,80,2.79,0.454,0.444,0.318,26.3,26.6,18.39721,76.56784,ERA5,Asia/Kolkata,Open-Meteo Historical Weather API
MH-Latur,2023-07-12,25.0,27.6,22.6,4.0,4.0,10.0,82,2.45,0.478,0.449,0.32,25.6,26.0,18.39721,76.56784,ERA5,Asia/Kolkata,Open-Meteo Historical Weather API
MH-Latur,2023-07-13,26.6,31.1,23.0,10.5,10.5,16.0,80,3.62,0.484,0.453,0.32,26.7,26.1,18.39721,76.56784,ERA5,Asia/Kolkata,Open-Meteo Historical Weather API
MH-Latur,2023-07-14,26.3,30.1,23.1,9.3,9.3,11.0,81,3.64,0.49,0.469,0.321,26.7,26.5,18.39721,76.56784,ERA5,Asia/Kolkata,Open-Meteo Historical Weather API
MH-Latur,2023-07-15,25.5,29.4,22.7,3.9,3.9,11.0,82,2.9,0.483,0.472,0.324,26.2,26.3,18.39721,76.56784,ERA5,Asia/Kolkata,Open-Meteo Historical Weather API
MH-Latur,2023-07-16,24.8,27.8,22.8,10.7,10.7,18.0,85,2.59,0.493,0.472,0.328,25.4,25.9,18.39721,76.56784,ERA5,Asia/Kolkata,Open-Meteo Historical Weather API
MH-Latur,2023-07-17,24.7,27.5,22.2,8.2,8.2,17.0,85,1.98,0.501,0.493,0.334,24.8,25.3,18.39721,76.56784,ERA5,Asia/Kolkata,Open-Meteo Historical Weather API
MH-Latur,2023-07-18,23.4,23.8,22.8,63.0,63.0,24.0,92,0.93,0.509,0.511,0.363,23.9,24.8,18.39721,76.56784,ERA5,Asia/Kolkata,Open-Meteo Historical Weather API
MH-Latur,2023-07-19,23.4,24.8,22.2,59.5,59.5,24.0,93,1.03,0.508,0.515,0.442,23.5,24.2,18.39721,76.56784,ERA5,Asia/Kolkata,Open-Meteo Historical Weather API
MH-Latur,2023-07-20,23.6,25.0,22.1,25.9,25.9,24.0,91,1.21,0.51,0.514,0.475,23.4,24.0,18.39721,76.56784,ERA5,Asia/Kolkata,Open-Meteo Historical Weather API
MH-Latur,2023-07-21,23.9,26.1,22.4,13.0,13.0,24.0,91,1.71,0.509,0.512,0.494,24.0,24.1,18.39721,76.56784,ERA5,Asia/Kolkata,Open-Meteo Historical Weather API
MH-Latur,2023-07-22,24.2,26.6,22.4,6.7,6.7,18.0,88,2.03,0.506,0.511,0.503,24.1,24.3,18.39721,76.56784,ERA5,Asia/Kolkata,Open-Meteo Historical Weather API
MH-Latur,2023-07-23,25.2,27.8,23.5,13.3,13.3,12.0,86,2.53,0.496,0.506,0.503,25.0,24.7,18.39721,76.56784,ERA5,Asia/Kolkata,Open-Meteo Historical Weather API
MH-Latur,2023-07-24,25.0,28.3,22.9,9.1,9.1,14.0,87,2.21,0.499,0.505,0.505,24.9,24.8,18.39721,76.56784,ERA5,Asia/Kolkata,Open-Meteo Historical Weather API
MH-Latur,2023-07-25,23.8,25.0,22.4,9.0,9.0,23.0,91,1.34,0.508,0.512,0.507,24.0,24.5,18.39721,76.56784,ERA5,Asia/Kolkata,Open-Meteo Historical Weather API
MH-Latur,2023-07-26,24.5,27.4,21.9,1.3,1.3,10.0,87,2.27,0.493,0.5,0.505,24.3,24.3,18.39721,76.56784,ERA5,Asia/Kolkata,Open-Meteo Historical Weather API
MH-Latur,2023-07-27,23.0,24.0,22.3,21.9,21.9,24.0,94,1.11,0.507,0.508,0.506,23.6,24.3,18.39721,76.56784,ERA5,Asia/Kolkata,Open-Meteo Historical Weather API
MH-Latur,2023-07-28,23.6,25.6,22.1,20.6,20.6,24.0,90,1.49,0.506,0.507,0.514,23.4,23.8,18.39721,76.56784,ERA5,Asia/Kolkata,Open-Meteo Historical Weather API
MH-Latur,2023-07-29,24.9,29.0,22.4,8.0,8.0,7.0,83,3.32,0.494,0.495,0.506,24.7,24.2,18.39721,76.56784,ERA5,Asia/Kolkata,Open-Meteo Historical Weather API
MH-Latur,2023-07-30,25.1,28.3,22.3,0.8,0.8,5.0,81,3.43,0.485,0.492,0.502,25.0,24.8,18.39721,76.56784,ERA5,Asia/Kolkata,Open-Meteo Historical Weather API
MH-Latur,2023-07-31,25.0,28.0,22.4,2.8,2.8,8.0,84,3.61,0.483,0.484,0.498,25.4,25.2,18.39721,76.56784,ERA5,Asia/Kolkata,Open-Meteo Historical Weather API
MH-Latur,2023-08-01,25.0,27.6,22.4,1.2,1.2,8.0,84,3.26,0.486,0.484,0.496,25.3,25.2,18.39721,76.56784,ERA5,Asia/Kolkata,Open-Meteo Historical Weather API
MH-Latur,2023-08-02,25.5,28.1,23.1,1.4,1.4,9.0,80,3.5,0.477,0.48,0.493,25.6,25.3,18.39721,76.56784,ERA5,Asia/Kolkata,Open-Meteo Historical Weather API
MH-Latur,2023-08-03,25.3,27.0,23.7,0.6,0.6,5.0,80,3.0,0.465,0.472,0.49,25.4,25.3,18.39721,76.56784,ERA5,Asia/Kolkata,Open-Meteo Historical Weather API
MH-Latur,2023-08-04,26.5,30.0,23.7,0.3,0.3,3.0,75,4.56,0.456,0.465,0.488,26.2,25.4,18.39721,76.56784,ERA5,Asia/Kolkata,Open-Meteo Historical Weather API
MH-Latur,2023-08-05,26.1,29.9,23.0,1.1,1.1,7.0,79,3.91,0.448,0.457,0.485,26.1,25.7,18.39721,76.56784,ERA5,Asia/Kolkata,Open-Meteo Historical Weather API
MH-Latur,2023-08-06,25.9,29.4,22.4,1.5,1.5,7.0,77,4.37,0.443,0.45,0.482,26.1,25.7,18.39721,76.56784,ERA5,Asia/Kolkata,Open-Meteo Historical Weather API
MH-Latur,2023-08-07,25.9,28.9,22.2,0.5,0.5,5.0,75,3.84,0.435,0.443,0.479,25.9,25.6,18.39721,76.56784,ERA5,Asia/Kolkata,Open-Meteo Historical Weather API
MH-Latur,2023-08-08,25.9,29.5,22.3,0.9,0.9,7.0,76,4.22,0.427,0.437,0.476,26.0,25.6,18.39721,76.56784,ERA5,Asia/Kolkata,Open-Meteo Historical Weather API
MH-Latur,2023-08-09,25.8,29.6,22.2,0.9,0.9,6.0,78,3.48,0.421,0.431,0.474,25.7,25.5,18.39721,76.56784,ERA5,Asia/Kolkata,Open-Meteo Historical Weather API
MH-Latur,2023-08-10,26.3,31.2,22.5,0.7,0.7,6.0,75,4.3,0.417,0.424,0.471,26.3,25.6,18.39721,76.56784,ERA5,Asia/Kolkata,Open-Meteo Historical Weather API
MH-Latur,2023-08-11,26.4,30.8,22.6,0.6,0.6,5.0,75,4.57,0.41,0.417,0.468,26.6,25.8,18.39721,76.56784,ERA5,Asia/Kolkata,Open-Meteo Historical Weather API
MH-Latur,2023-08-12,26.4,30.5,22.6,1.0,1.0,7.0,75,4.65,0.402,0.41,0.465,26.6,26.0,18.39721,76.56784,ERA5,Asia/Kolkata,Open-Meteo Historical Weather API
MH-Latur,2023-08-13,26.0,29.7,21.8,0.7,0.7,5.0,75,4.25,0.395,0.403,0.462,26.2,25.9,18.39721,76.56784,ERA5,Asia/Kolkata,Open-Meteo Historical Weather API
MH-Latur,2023-08-14,26.0,30.1,21.9,0.4,0.4,4.0,75,3.53,0.387,0.399,0.46,26.1,25.7,18.39721,76.56784,ERA5,Asia/Kolkata,Open-Meteo Historical Weather API
MH-Latur,2023-08-15,26.2,29.9,22.6,0.5,0.5,4.0,74,4.59,0.38,0.395,0.457,26.7,25.9,18.39721,76.56784,ERA5,Asia/Kolkata,Open-Meteo Historical Weather API
MH-Latur,2023-08-16,26.4,30.2,23.0,0.7,0.7,5.0,74,4.38,0.372,0.39,0.454,26.7,26.1,18.39721,76.56784,ERA5,Asia/Kolkata,Open-Meteo Historical Weather API
MH-Latur,2023-08-17,26.6,30.2,23.6,0.0,0.0,0.0,72,4.62,0.362,0.385,0.451,26.9,26.2,18.39721,76.56784,ERA5,Asia/Kolkata,Open-Meteo Historical Weather API
MH-Latur,2023-08-18,24.5,26.6,22.9,0.9,0.9,7.0,80,2.37,0.355,0.382,0.448,25.3,25.8,18.39721,76.56784,ERA5,Asia/Kolkata,Open-Meteo Historical Weather API
MH-Latur,2023-08-19,23.3,25.3,22.3,14.9,14.9,19.0,90,1.22,0.429,0.389,0.447,23.9,24.8,18.39721,76.56784,ERA5,Asia/Kolkata,Open-Meteo Historical Weather API
MH-Latur,2023-08-20,24.3,27.9,22.0,8.9,8.9,8.0,87,3.15,0.473,0.415,0.446,24.9,24.5,18.39721,76.56784,ERA5,Asia/Kolkata,Open-Meteo Historical Weather API
MH-Latur,2023-08-21,25.2,29.5,21.6,0.8,0.8,4.0,81,3.53,0.457,0.428,0.445,25.3,24.9,18.39721,76.56784,ERA5,Asia/Kolkata,Open-Meteo Historical Weather API
MH-Latur,2023-08-22,26.2,29.7,22.8,0.3,0.3,3.0,77,4.45,0.436,0.425,0.443,26.3,25.4,18.39721,76.56784,ERA5,Asia/Kolkata,Open-Meteo Historical Weather API
MH-Latur,2023-08-23,26.3,29.6,23.5,0.2,0.2,2.0,77,4.1,0.42,0.419,0.441,26.7,26.1,18.39721,76.56784,ERA5,Asia/Kolkata,Open-Meteo Historical Weather API
MH-Latur,2023-08-24,25.9,29.2,21.8,0.4,0.4,4.0,75,3.72,0.407,0.413,0.439,26.1,25.9,18.39721,76.56784,ERA5,Asia/Kolkata,Open-Meteo Historical Weather API
MH-Latur,2023-08-25,26.0,30.7,22.7,6.7,6.7,9.0,80,3.85,0.404,0.407,0.437,26.4,25.8,18.39721,76.56784,ERA5,Asia/Kolkata,Open-Meteo Historical Weather API
MH-Latur,2023-08-26,26.3,31.1,22.8,0.5,0.5,4.0,77,4.14,0.407,0.403,0.434,26.4,25.9,18.39721,76.56784,ERA5,Asia/Kolkata,Open-Meteo Historical Weather API
MH-Latur,2023-08-27,26.0,30.9,22.5,1.0,1.0,6.0,78,3.91,0.397,0.398,0.433,26.4,26.0,18.39721,76.56784,ERA5,Asia/Kolkata,Open-Meteo Historical Weather API
MH-Latur,2023-08-28,25.7,30.2,21.7,0.4,0.4,3.0,77,4.23,0.389,0.393,0.43,26.2,25.8,18.39721,76.56784,ERA5,Asia/Kolkata,Open-Meteo Historical Weather API
MH-Latur,2023-08-29,25.6,29.4,22.1,0.7,0.7,5.0,77,4.02,0.382,0.388,0.428,26.1,25.8,18.39721,76.56784,ERA5,Asia/Kolkata,Open-Meteo Historical Weather API
MH-Latur,2023-08-30,26.3,30.9,21.9,0.5,0.5,5.0,76,4.58,0.374,0.383,0.426,26.5,25.7,18.39721,76.56784,ERA5,Asia/Kolkata,Open-Meteo Historical Weather API
MH-Latur,2023-08-31,26.8,31.6,22.2,0.0,0.0,0.0,72,4.95,0.361,0.376,0.423,27.0,26.1,18.39721,76.56784,ERA5,Asia/Kolkata,Open-Meteo Historical Weather API
MH-Latur,2023-09-01,27.0,32.3,22.0,0.0,0.0,0.0,72,5.01,0.346,0.369,0.419,27.3,26.3,18.39721,76.56784,ERA5,Asia/Kolkata,Open-Meteo Historical Weather API
MH-Latur,2023-09-02,27.1,31.2,23.1,0.6,0.6,5.0,74,4.52,0.336,0.363,0.417,27.6,26.7,18.39721,76.56784,ERA5,Asia/Kolkata,Open-Meteo Historical Weather API
MH-Latur,2023-09-03,26.1,29.9,22.8,10.3,10.3,7.0,80,3.45,0.35,0.359,0.415,27.2,26.9,18.39721,76.56784,ERA5,Asia/Kolkata,Open-Meteo Historical Weather API
MH-Latur,2023-09-04,25.0,28.8,22.8,3.9,3.9,16.0,83,2.52,0.463,0.37,0.414,25.7,26.3,18.39721,76.56784,ERA5,Asia/Kolkata,Open-Meteo Historical Weather API
MH-Latur,2023-09-05,26.5,30.1,23.3,0.1,0.1,1.0,74,4.34,0.43,0.378,0.413,26.5,26.0,18.39721,76.56784,ERA5,Asia/Kolkata,Open-Meteo Historical Weather API
MH-Latur,2023-09-06,26.4,29.7,24.2,0.8,0.8,5.0,74,3.77,0.411,0.376,0.411,26.3,26.2,18.39721,76.56784,ERA5,Asia/Kolkata,Open-Meteo Historical Weather API
MH-Latur,2023-09-07,23.4,25.4,22.7,64.3,64.3,22.0,90,1.2,0.48,0.44,0.414,24.4,25.5,18.39721,76.56784,ERA5,Asia/Kolkata,Open-Meteo Historical Weather API
MH-Latur,2023-09-08,23.5,25.7,21.8,21.2,21.2,22.0,93,1.33,0.507,0.511,0.452,23.8,24.3,18.39721,76.56784,ERA5,Asia/Kolkata,Open-Meteo Historical Weather API
MH-Latur,2023-09-09,23.9,25.0,22.4,6.7,6.7,17.0,90,1.99,0.504,0.504,0.466,24.1,24.3,18.39721,76.56784,ERA5,Asia/Kolkata,Open-Meteo Historical Weather API
MH-Latur,2023-09-10,24.8,26.8,22.7,5.0,5.0,10.0,85,2.53,0.496,0.498,0.47,24.8,24.7,18.39721,76.56784,ERA5,Asia/Kolkata,Open-Meteo Historical Weather API
MH-Latur,2023-09-11,25.9,30.1,21.7,0.5,0.5,4.0,80,4.02,0.484,0.493,0.472,25.6,25.0,18.39721,76.56784,ERA5,Asia/Kolkata,Open-Meteo Historical Weather API
MH-Latur,2023-09-12,25.9,30.2,22.1,0.2,0.2,2.0,78,4.6,0.456,0.466,0.447,26.1,25.5,18.39721,76.56784,ERA5,Asia/Kolkata,Open-Meteo Historical Weather API
MH-Latur,2023-09-13,25.7,29.4,22.1,1.3,1.3,5.0,77,4.16,0.457,0.467,0.464,26.0,25.6,18.39721,76.56784,ERA5,Asia/Kolkata,Open-Meteo Historical Weather API
MH-Latur,2023-09-14,26.0,29.7,23.4,1.5,1.5,10.0,77,3.76,0.448,0.449,0.445,26.1,25.6,18.39721,76.56784,ERA5,Asia/Kolkata,Open-Meteo Historical Weather API
MH-Latur,2023-09-15,25.1,26.8,23.0,1.2,1.2,9.0,81,2.63,0.462,0.448,0.439,25.3,25.3,18.39721,76.56784,ERA5,Asia/Kolkata,Open-Meteo Historical Weather API
MH-Latur,2023-09-16,25.4,28.8,22.8,1.3,1.3,8.0,78,3.51,0.453,0.449,0.438,25.4,25.0,18.39721,76.56784,ERA5,Asia/Kolkata,Open-Meteo Historical Weather API
MH-Latur,2023-09-17,25.9,29.9,22.7,0.0,0.0,0.0,75,4.21,0.438,0.442,0.436,25.7,25.2,18.39721,76.56784,ERA5,Asia/Kolkata,Open-Meteo Historical Weather API
MH-Latur,2023-09-18,25.7,30.8,21.9,1.8,1.8,4.0,79,3.86,0.429,0.433,0.433,25.8,25.2,18.39721,76.56784,ERA5,Asia/Kolkata,Open-Meteo Historical Weather API
MH-Latur,2023-09-19,26.1,30.6,22.0,2.3,2.3,5.0,80,3.79,0.425,0.424,0.43,26.1,25.4,18.39721,76.56784,ERA5,Asia/Kolkata,Open-Meteo Historical Weather API
MH-Latur,2023-09-20,26.4,30.8,22.5,6.8,6.8,10.0,81,3.42,0.433,0.419,0.427,26.5,25.7,18.39721,76.56784,ERA5,Asia/Kolkata,Open-Meteo Historical Weather API
MH-Latur,2023-09-21,25.5,28.0,23.6,20.8,20.8,15.0,86,2.21,0.461,0.425,0.426,25.9,25.7,18.39721,76.56784,ERA5,Asia/Kolkata,Open-Meteo Historical Weather API
MH-Latur,2023-09-22,24.3,26.7,22.7,15.3,15.3,22.0,91,2.43,0.488,0.454,0.425,25.3,25.4,18.39721,76.56784,ERA5,Asia/Kolkata,Open-Meteo Historical Weather API
MH-Latur,2023-09-23,24.8,28.1,22.7,6.6,6.6,21.0,88,2.35,0.494,0.478,0.427,25.4,25.2,18.39721,76.56784,ERA5,Asia/Kolkata,Open-Meteo Historical Weather API
MH-Latur,2023-09-24,24.0,26.4,22.5,55.4,55.4,24.0,92,1.14,0.5,0.495,0.437,24.5,24.8,18.39721,76.56784,ERA5,Asia/Kolkata,Open-Meteo Historical Weather API
MH-Latur,2023-09-25,24.3,27.1,22.6,16.9,16.9,23.0,89,2.05,0.5,0.5,0.446,24.7,24.5,18.39721,76.56784,ERA5,Asia/Kolkata,Open-Meteo Historical Weather API
MH-Latur,2023-09-26,23.9,27.2,21.6,8.5,8.5,19.0,90,1.91,0.502,0.506,0.46,24.8,24.6,18.39721,76.56784,ERA5,Asia/Kolkata,Open-Meteo Historical Weather API
MH-Latur,2023-09-27,24.6,28.6,21.6,10.8,10.8,16.0,89,2.7,0.499,0.504,0.473,25.3,24.9,18.39721,76.56784,ERA5,Asia/Kolkata,Open-Meteo Historical Weather API
MH-Latur,2023-09-28,25.4,29.9,22.2,3.4,3.4,6.0,86,3.35,0.491,0.499,0.476,26.1,25.3,18.39721,76.56784,ERA5,Asia/Kolkata,Open-Meteo Historical Weather API
MH-Latur,2023-09-29,24.8,28.8,22.2,15.1,15.1,11.0,89,2.61,0.494,0.501,0.482,25.8,25.5,18.39721,76.56784,ERA5,Asia/Kolkata,Open-Meteo Historical Weather API
MH-Latur,2023-09-30,25.0,29.8,22.1,15.1,15.1,13.0,86,3.46,0.495,0.5,0.487,25.9,25.5,18.39721,76.56784,ERA5,Asia/Kolkata,Open-Meteo Historical Weather API
MH-Latur,2023-10-01,25.4,29.7,22.6,13.5,13.5,10.0,88,3.19,0.495,0.502,0.491,26.4,25.7,18.39721,76.56784,ERA5,Asia/Kolkata,Open-Meteo Historical Weather API
MH-Latur,2023-10-02,26.0,30.4,23.1,0.3,0.3,2.0,81,3.42,0.486,0.496,0.493,26.2,25.8,18.39721,76.56784,ERA5,Asia/Kolkata,Open-Meteo Historical Weather API
MH-Latur,2023-10-03,26.5,31.1,23.4,0.0,0.0,0.0,73,4.42,0.468,0.481,0.491,26.3,25.6,18.39721,76.56784,ERA5,Asia/Kolkata,Open-Meteo Historical Weather API
MH-Latur,2023-10-04,26.1,31.6,22.1,0.0,0.0,0.0,69,5.06,0.449,0.467,0.487,26.1,25.6,18.39721,76.56784,ERA5,Asia/Kolkata,Open-Meteo Historical Weather API
MH-Latur,2023-10-05,25.7,31.5,20.9,0.0,0.0,0.0,66,5.25,0.433,0.454,0.484,25.7,25.2,18.39721,76.56784,ERA5,Asia/Kolkata,Open-Meteo Historical Weather API
MH-Latur,2023-10-06,25.6,31.7,20.5,0.0,0.0,0.0,66,5.28,0.417,0.442,0.48,25.5,24.9,18.39721,76.56784,ERA5,Asia/Kolkata,Open-Meteo Historical Weather API
MH-Latur,2023-10-07,25.7,32.1,20.2,0.0,0.0,0.0,69,4.89,0.404,0.431,0.476,25.7,25.0,18.39721,76.56784,ERA5,Asia/Kolkata,Open-Meteo Historical Weather API
MH-Latur,2023-10-08,26.3,32.2,20.5,0.0,0.0,0.0,68,4.48,0.391,0.421,0.472,26.0,25.3,18.39721,76.56784,ERA5,Asia/Kolkata,Open-Meteo Historical Weather API
MH-Latur,2023-10-09,26.6,32.7,20.3,0.0,0.0,0.0,66,4.9,0.38,0.413,0.469,26.2,25.4,18.39721,76.56784,ERA5,Asia/Kolkata,Open-Meteo Historical Weather API
MH-Latur,2023-10-10,26.8,32.5,22.0,0.0,0.0,0.0,66,4.55,0.368,0.404,0.465,26.5,25.8,18.39721,76.56784,ERA5,Asia/Kolkata,Open-Meteo Historical Weather API
MH-Latur,2023-10-11,26.4,32.1,20.8,0.0,0.0,0.0,71,4.18,0.358,0.397,0.462,26.2,25.6,18.39721,76.56784,ERA5,Asia/Kolkata,Open-Meteo Historical Weather API
MH-Latur,2023-10-12,26.8,33.3,22.2,0.0,0.0,0.0,63,4.97,0.35,0.391,0.459,26.3,25.7,18.39721,76.56784,ERA5,Asia/Kolkata,Open-Meteo Historical Weather API
MH-Latur,2023-10-13,26.9,32.8,21.2,0.0,0.0,0.0,61,5.05,0.34,0.384,0.455,26.7,25.9,18.39721,76.56784,ERA5,Asia/Kolkata,Open-Meteo Historical Weather API
MH-Latur,2023-10-14,26.2,32.1,20.9,0.0,0.0,0.0,69,4.15,0.331,0.377,0.451,26.5,26.0,18.39721,76.56784,ERA5,Asia/Kolkata,Open-Meteo Historical Weather API
MH-Latur,2023-10-15,26.5,31.7,22.2,0.0,0.0,0.0,65,4.5,0.322,0.371,0.447,26.3,25.8,18.39721,76.56784,ERA5,Asia/Kolkata,Open-Meteo Historical Weather API
MH-Latur,2023-10-16,26.1,32.0,20.5,0.0,0.0,0.0,67,4.21,0.314,0.364,0.442,26.2,25.8,18.39721,76.56784,ERA5,Asia/Kolkata,Open-Meteo Historical Weather API
MH-Latur,2023-10-17,26.1,31.7,21.2,0.1,0.1,1.0,68,4.28,0.308,0.357,0.437,26.3,25.8,18.39721,76.56784,ERA5,Asia/Kolkata,Open-Meteo Historical Weather API
MH-Latur,2023-10-18,25.8,31.2,20.6,0.1,0.1,1.0,70,4.06,0.303,0.352,0.433,26.1,25.7,18.39721,76.56784,ERA5,Asia/Kolkata,Open-Meteo Historical Weather API
MH-Latur,2023-10-19,26.1,31.3,21.5,0.3,0.3,3.0,73,3.86,0.302,0.346,0.429,26.2,25.7,18.39721,76.56784,ERA5,Asia/Kolkata,Open-Meteo Historical Weather API
MH-Latur,2023-10-20,26.0,31.6,21.3,0.0,0.0,0.0,69,4.52,0.299,0.343,0.426,26.5,25.9,18.39721,76.56784,ERA5,Asia/Kolkata,Open-Meteo Historical Weather API
MH-Latur,2023-10-21,25.6,30.6,20.7,0.0,0.0,0.0,69,4.19,0.298,0.341,0.423,26.2,25.8,18.39721,76.56784,ERA5,Asia/Kolkata,Open-Meteo Historical Weather API
MH-Latur,2023-10-22,25.0,31.3,20.5,0.0,0.0,0.0,62,5.0,0.296,0.339,0.422,25.7,25.5,18.39721,76.56784,ERA5,Asia/Kolkata,Open-Meteo Historical Weather API
MH-Latur,2023-10-23,24.6,31.2,19.8,0.0,0.0,0.0,63,4.88,0.293,0.338,0.42,24.9,25.1,18.39721,76.56784,ERA5,Asia/Kolkata,Open-Meteo Historical Weather API
MH-Latur,2023-10-24,24.6,31.1,20.3,0.0,0.0,0.0,61,4.96,0.292,0.335,0.418,24.7,24.8,18.39721,76.56784,ERA5,Asia/Kolkata,Open-Meteo Historical Weather API
MH-Latur,2023-10-25,23.8,30.9,18.3,0.0,0.0,0.0,61,4.96,0.288,0.332,0.415,24.7,24.8,18.39721,76.56784,ERA5,Asia/Kolkata,Open-Meteo Historical Weather API
MH-Latur,2023-10-26,23.5,30.5,17.3,0.0,0.0,0.0,59,4.95,0.286,0.329,0.412,24.1,24.4,18.39721,76.56784,ERA5,Asia/Kolkata,Open-Meteo Historical Weather API
MH-Latur,2023-10-27,23.3,30.5,17.6,0.0,0.0,0.0,57,4.97,0.283,0.325,0.409,23.8,24.2,18.39721,76.56784,ERA5,Asia/Kolkata,Open-Meteo Historical Weather API
MH-Latur,2023-10-28,23.6,30.7,16.6,0.0,0.0,0.0,53,5.08,0.28,0.322,0.405,24.1,24.1,18.39721,76.56784,ERA5,Asia/Kolkata,Open-Meteo Historical Weather API
MH-Latur,2023-10-29,23.6,30.7,17.8,0.0,0.0,0.0,54,5.05,0.279,0.318,0.402,24.4,24.3,18.39721,76.56784,ERA5,Asia/Kolkata,Open-Meteo Historical Weather API
MH-Latur,2023-10-30,23.4,30.6,16.9,0.0,0.0,0.0,57,4.9,0.275,0.314,0.398,24.3,24.4,18.39721,76.56784,ERA5,Asia/Kolkata,Open-Meteo Historical Weather API
MH-Latur,2023-10-31,23.2,30.0,17.1,0.0,0.0,0.0,60,4.76,0.274,0.312,0.395,24.4,24.4,18.39721,76.56784,ERA5,Asia/Kolkata,Open-Meteo Historical Weather API
MH-Latur,2023-11-01,23.3,29.6,17.7,0.0,0.0,0.0,62,4.3,0.274,0.312,0.395,24.3,24.4,18.39721,76.56784,ERA5,Asia/Kolkata,Open-Meteo Historical Weather API
MH-Latur,2023-11-02,23.6,29.9,17.4,0.0,0.0,0.0,65,4.15,0.274,0.311,0.393,24.6,24.5,18.39721,76.56784,ERA5,Asia/Kolkata,Open-Meteo Historical Weather API
MH-Latur,2023-11-03,24.3,30.8,18.9,0.0,0.0,0.0,64,4.49,0.272,0.31,0.392,25.2,24.9,18.39721,76.56784,ERA5,Asia/Kolkata,Open-Meteo Historical Weather API
MH-Latur,2023-11-04,25.0,31.2,19.7,0.0,0.0,0.0,59,4.68,0.273,0.309,0.391,25.7,25.2,18.39721,76.56784,ERA5,Asia/Kolkata,Open-Meteo Historical Weather API
MH-Latur,2023-11-05,24.1,30.1,19.4,0.0,0.0,0.0,56,4.77,0.275,0.312,0.392,25.2,25.2,18.39721,76.56784,ERA5,Asia/Kolkata,Open-Meteo Historical Weather API
MH-Latur,2023-11-06,24.0,29.9,18.1,0.0,0.0,0.0,61,4.61,0.276,0.315,0.394,24.9,24.8,18.39721,76.56784,ERA5,Asia/Kolkata,Open-Meteo Historical Weather API
MH-Latur,2023-11-07,25.2,29.9,20.1,0.4,0.4,4.0,71,3.64,0.276,0.313,0.391,25.9,25.2,18.39721,76.56784,ERA5,Asia/Kolkata,Open-Meteo Historical Weather API
MH-Latur,2023-11-08,24.2,28.7,22.1,6.1,6.1,15.0,83,2.48,0.301,0.31,0.389,25.7,25.5,18.39721,76.56784,ERA5,Asia/Kolkata,Open-Meteo Historical Weather API
MH-Latur,2023-11-09,25.2,30.1,22.3,0.0,0.0,0.0,72,3.26,0.334,0.311,0.386,25.8,25.3,18.39721,76.56784,ERA5,Asia/Kolkata,Open-Meteo Historical Weather API
MH-Latur,2023-11-10,25.4,31.0,21.4,0.0,0.0,0.0,66,3.21,0.335,0.309,0.383,25.9,25.3,18.39721,76.56784,ERA5,Asia/Kolkata,Open-Meteo Historical Weather API
MH-Latur,2023-11-11,25.5,31.0,21.9,0.0,0.0,0.0,60,3.97,0.323,0.306,0.379,26.0,25.4,18.39721,76.56784,ERA5,Asia/Kolkata,Open-Meteo Historical Weather API
MH-Latur,2023-11-12,25.1,31.7,20.0,0.0,0.0,0.0,58,4.65,0.312,0.303,0.376,25.6,25.3,18.39721,76.56784,ERA5,Asia/Kolkata,Open-Meteo Historical Weather API
MH-Latur,2023-11-13,24.5,31.2,19.0,0.0,0.0,0.0,58,4.38,0.303,0.301,0.374,25.5,25.2,18.39721,76.56784,ERA5,Asia/Kolkata,Open-Meteo Historical Weather API
MH-Latur,2023-11-14,23.9,30.7,18.7,0.0,0.0,0.0,54,4.39,0.297,0.3,0.373,25.0,25.1,18.39721,76.56784,ERA5,Asia/Kolkata,Open-Meteo Historical Weather API
MH-Latur,2023-11-15,23.4,30.2,17.1,0.0,0.0,0.0,53,4.71,0.292,0.3,0.372,24.5,24.7,18.39721,76.56784,ERA5,Asia/Kolkata,Open-Meteo Historical Weather API
MH-Latur,2023-11-16,22.9,29.5,17.2,0.0,0.0,0.0,60,4.43,0.29,0.302,0.374,24.1,24.5,18.39721,76.56784,ERA5,Asia/Kolkata,Open-Meteo Historical Weather API
MH-Latur,2023-11-17,23.4,30.0,17.8,0.0,0.0,0.0,60,4.38,0.285,0.301,0.373,24.5,24.4,18.39721,76.56784,ERA5,Asia/Kolkata,Open-Meteo Historical Weather API
MH-Latur,2023-11-18,24.4,30.6,18.8,0.0,0.0,0.0,66,3.76,0.283,0.302,0.373,25.1,24.8,18.39721,76.56784,ERA5,Asia/Kolkata,Open-Meteo Historical Weather API
MH-Latur,2023-11-19,25.1,30.9,20.4,0.0,0.0,0.0,64,3.95,0.284,0.305,0.375,25.8,25.4,18.39721,76.56784,ERA5,Asia/Kolkata,Open-Meteo Historical Weather API
MH-Latur,2023-11-20,24.5,30.6,19.6,0.0,0.0,0.0,61,4.42,0.286,0.308,0.377,25.7,25.5,18.39721,76.56784,ERA5,Asia/Kolkata,Open-Meteo Historical Weather API
MH-Latur,2023-11-21,23.9,30.6,17.4,0.0,0.0,0.0,62,4.28,0.286,0.31,0.378,25.0,25.2,18.39721,76.56784,ERA5,Asia/Kolkata,Open-Meteo Historical Weather API
MH-Latur,2023-11-22,24.3,30.7,19.6,0.0,0.0,0.0,61,4.03,0.287,0.31,0.378,25.3,25.3,18.39721,76.56784,ERA5,Asia/Kolkata,Open-Meteo Historical Weather API
MH-Latur,2023-11-23,23.9,29.0,20.5,1.0,1.0,6.0,70,2.84,0.29,0.311,0.379,24.9,25.2,18.39721,76.56784,ERA5,Asia/Kolkata,Open-Meteo Historical Weather API
MH-Latur,2023-11-24,23.5,28.0,19.3,1.7,1.7,8.0,81,2.94,0.297,0.311,0.378,24.7,24.8,18.39721,76.56784,ERA5,Asia/Kolkata,Open-Meteo Historical Weather API
MH-Latur,2023-11-25,24.7,29.3,20.7,0.6,0.6,5.0,75,3.14,0.312,0.31,0.378,25.5,24.9,18.39721,76.56784,ERA5,Asia/Kolkata,Open-Meteo Historical Weather API
MH-Latur,2023-11-26,24.3,28.5,20.9,5.6,5.6,8.0,75,3.21,0.324,0.309,0.376,25.4,25.0,18.39721,76.56784,ERA5,Asia/Kolkata,Open-Meteo Historical Weather API
MH-Latur,2023-11-27,23.5,27.8,19.9,0.4,0.4,2.0,76,3.28,0.392,0.326,0.378,24.7,24.9,18.39721,76.56784,ERA5,Asia/Kolkata,Open-Meteo Historical Weather API
MH-Latur,2023-11-28,22.9,26.6,20.3,10.3,10.3,20.0,84,2.54,0.432,0.34,0.378,24.6,24.7,18.39721,76.56784,ERA5,Asia/Kolkata,Open-Meteo Historical Weather API
MH-Latur,2023-11-29,23.0,27.1,19.7,3.5,3.5,9.0,84,2.28,0.468,0.388,0.379,24.1,24.2,18.39721,76.56784,ERA5,Asia/Kolkata,Open-Meteo Historical Weather API
MH-Latur,2023-11-30,24.0,28.2,20.9,0.3,0.3,2.0,77,2.71,0.441,0.394,0.379,24.3,23.9,18.39721,76.56784,ERA5,Asia/Kolkata,Open-Meteo Historical Weather API
MH-Latur,2023-12-01,23.5,28.3,20.9,0.8,0.8,8.0,83,2.66,0.435,0.394,0.379,24.6,24.2,18.39721,76.56784,ERA5,Asia/Kolkata,Open-Meteo Historical Weather API
MH-Latur,2023-12-02,23.5,29.1,19.9,0.0,0.0,0.0,78,3.49,0.419,0.393,0.379,24.5,24.2,18.39721,76.56784,ERA5,Asia/Kolkata,Open-Meteo Historical Weather API
MH-Latur,2023-12-03,23.5,29.3,18.9,0.0,0.0,0.0,74,3.69,0.401,0.39,0.38,24.4,24.2,18.39721,76.56784,ERA5,Asia/Kolkata,Open-Meteo Historical Weather API
MH-Latur,2023-12-04,23.0,28.3,19.2,0.3,0.3,3.0,75,3.16,0.386,0.386,0.38,23.7,23.9,18.39721,76.56784,ERA5,Asia/Kolkata,Open-Meteo Historical Weather API
MH-Latur,2023-12-05,22.7,26.7,19.4,0.0,0.0,0.0,80,2.63,0.379,0.384,0.382,23.5,23.8,18.39721,76.56784,ERA5,Asia/Kolkata,Open-Meteo Historical Weather API
MH-Latur,2023-12-06,21.2,22.5,20.0,0.0,0.0,0.0,86,1.6,0.378,0.385,0.385,22.7,23.5,18.39721,76.56784,ERA5,Asia/Kolkata,Open-Meteo Historical Weather API
MH-Latur,2023-12-07,20.9,24.3,18.4,0.9,0.9,6.0,85,2.49,0.38,0.387,0.389,22.5,23.1,18.39721,76.56784,ERA5,Asia/Kolkata,Open-Meteo Historical Weather API
MH-Latur,2023-12-08,21.5,27.1,17.2,0.0,0.0,0.0,79,2.81,0.351,0.349,0.379,22.4,22.9,18.39721,76.56784,ERA5,Asia/Kolkata,Open-Meteo Historical Weather API
MH-Latur,2023-12-09,22.1,28.0,17.3,0.0,0.0,0.0,74,3.13,0.336,0.337,0.375,23.0,23.1,18.39721,76.56784,ERA5,Asia/Kolkata,Open-Meteo Historical Weather API
MH-Latur,2023-12-10,22.4,27.7,18.2,0.0,0.0,0.0,67,3.16,0.327,0.334,0.373,23.2,23.4,18.39721,76.56784,ERA5,Asia/Kolkata,Open-Meteo Historical Weather API
MH-Latur,2023-12-11,22.0,28.1,17.8,0.0,0.0,0.0,66,3.38,0.317,0.332,0.372,23.0,23.4,18.39721,76.56784,ERA5,Asia/Kolkata,Open-Meteo Historical Weather API
MH-Latur,2023-12-12,21.7,28.3,16.9,0.0,0.0,0.0,65,3.3,0.309,0.33,0.37,22.5,23.1,18.39721,76.56784,ERA5,Asia/Kolkata,Open-Meteo Historical Weather API
MH-Latur,2023-12-13,21.7,27.4,17.6,0.0,0.0,0.0,63,3.48,0.306,0.331,0.372,22.7,23.3,18.39721,76.56784,ERA5,Asia/Kolkata,Open-Meteo Historical Weather API
MH-Latur,2023-12-14,20.5,26.7,16.7,0.0,0.0,0.0,65,3.8,0.303,0.329,0.372,22.0,22.7,18.39721,76.56784,ERA5,Asia/Kolkata,Open-Meteo Historical Weather API
MH-Latur,2023-12-15,20.2,26.5,16.1,0.0,0.0,0.0,66,3.6,0.297,0.325,0.37,21.7,22.3,18.39721,76.56784,ERA5,Asia/Kolkata,Open-Meteo Historical Weather API
MH-Latur,2023-12-16,19.9,26.3,14.7,0.0,0.0,0.0,73,2.95,0.296,0.326,0.372,21.1,21.9,18.39721,76.56784,ERA5,Asia/Kolkata,Open-Meteo Historical Weather API
MH-Latur,2023-12-17,21.1,25.9,16.9,0.0,0.0,0.0,67,3.07,0.296,0.327,0.374,21.7,22.0,18.39721,76.56784,ERA5,Asia/Kolkata,Open-Meteo Historical Weather API
MH-Latur,2023-12-18,20.6,25.8,16.6,0.0,0.0,0.0,65,3.68,0.295,0.328,0.375,21.8,22.1,18.39721,76.56784,ERA5,Asia/Kolkata,Open-Meteo Historical Weather API
MH-Latur,2023-12-19,19.3,24.6,15.8,0.0,0.0,0.0,59,3.31,0.292,0.326,0.375,20.8,21.7,18.39721,76.56784,ERA5,Asia/Kolkata,Open-Meteo Historical Weather API
MH-Latur,2023-12-20,19.0,25.6,14.2,0.0,0.0,0.0,60,3.67,0.29,0.325,0.374,20.5,21.1,18.39721,76.56784,ERA5,Asia/Kolkata,Open-Meteo Historical Weather API
MH-Latur,2023-12-21,19.3,27.6,14.1,0.0,0.0,0.0,60,3.78,0.289,0.323,0.373,20.4,20.9,18.39721,76.56784,ERA5,Asia/Kolkata,Open-Meteo Historical Weather API
MH-Latur,2023-12-22,19.6,28.1,13.3,0.0,0.0,0.0,57,3.83,0.288,0.322,0.374,20.3,20.8,18.39721,76.56784,ERA5,Asia/Kolkata,Open-Meteo Historical Weather API
MH-Latur,2023-12-23,20.2,28.6,14.0,0.0,0.0,0.0,56,4.14,0.288,0.322,0.375,20.5,20.9,18.39721,76.56784,ERA5,Asia/Kolkata,Open-Meteo Historical Weather API
MH-Latur,2023-12-24,20.1,28.7,13.8,0.0,0.0,0.0,62,3.9,0.286,0.32,0.374,20.7,20.9,18.39721,76.56784,ERA5,Asia/Kolkata,Open-Meteo Historical Weather API
MH-Latur,2023-12-25,19.9,28.0,13.6,0.0,0.0,0.0,66,3.88,0.286,0.321,0.375,20.7,21.1,18.39721,76.56784,ERA5,Asia/Kolkata,Open-Meteo Historical Weather API
MH-Latur,2023-12-26,20.5,28.0,14.4,0.0,0.0,0.0,65,3.86,0.287,0.321,0.375,21.0,21.2,18.39721,76.56784,ERA5,Asia/Kolkata,Open-Meteo Historical Weather API
MH-Latur,2023-12-27,20.8,29.3,14.9,0.0,0.0,0.0,66,3.98,0.286,0.321,0.376,21.5,21.5,18.39721,76.56784,ERA5,Asia/Kolkata,Open-Meteo Historical Weather API
MH-Latur,2023-12-28,20.7,28.3,15.6,0.0,0.0,0.0,71,3.81,0.288,0.322,0.378,21.5,21.6,18.39721,76.56784,ERA5,Asia/Kolkata,Open-Meteo Historical Weather API
MH-Latur,2023-12-29,20.9,28.6,15.7,0.0,0.0,0.0,74,3.64,0.288,0.324,0.38,21.7,21.6,18.39721,76.56784,ERA5,Asia/Kolkata,Open-Meteo Historical Weather API
MH-Latur,2023-12-30,21.3,28.7,16.0,0.0,0.0,0.0,73,3.64,0.287,0.324,0.38,22.2,21.9,18.39721,76.56784,ERA5,Asia/Kolkata,Open-Meteo Historical Weather API
MH-Latur,2023-12-31,21.3,28.6,16.9,0.0,0.0,0.0,69,3.86,0.286,0.324,0.381,22.1,22.1,18.39721,76.56784,ERA5,Asia/Kolkata,Open-Meteo Historical Weather API
MH-Latur,2024-01-01,21.0,28.5,16.0,0.0,0.0,0.0,69,3.73,0.287,0.325,0.382,21.9,22.0,18.39721,76.56784,ERA5,Asia/Kolkata,Open-Meteo Historical Weather API
MH-Latur,2024-01-02,21.3,28.3,16.2,0.0,0.0,0.0,67,3.82,0.289,0.325,0.383,22.1,22.1,18.39721,76.56784,ERA5,Asia/Kolkata,Open-Meteo Historical Weather API
MH-Latur,2024-01-03,21.9,28.1,17.1,0.0,0.0,0.0,68,3.79,0.289,0.327,0.384,22.5,22.3,18.39721,76.56784,ERA5,Asia/Kolkata,Open-Meteo Historical Weather API
MH-Latur,2024-01-04,22.2,28.2,18.8,0.2,0.2,2.0,69,3.42,0.293,0.327,0.385,22.7,22.8,18.39721,76.56784,ERA5,Asia/Kolkata,Open-Meteo Historical Weather API
MH-Latur,2024-01-05,22.4,27.9,18.8,0.0,0.0,0.0,68,3.52,0.295,0.327,0.386,22.7,22.6,18.39721,76.56784,ERA5,Asia/Kolkata,Open-Meteo Historical Weather API
MH-Latur,2024-01-06,21.9,27.6,17.8,0.0,0.0,0.0,63,3.63,0.295,0.329,0.388,22.6,22.5,18.39721,76.56784,ERA5,Asia/Kolkata,Open-Meteo Historical Weather API
MH-Latur,2024-01-07,22.1,27.9,18.3,0.0,0.0,0.0,63,3.94,0.297,0.329,0.389,22.6,22.5,18.39721,76.56784,ERA5,Asia/Kolkata,Open-Meteo Historical Weather API
MH-Latur,2024-01-08,21.9,28.6,16.6,0.0,0.0,0.0,65,4.15,0.298,0.332,0.392,22.3,22.4,18.39721,76.56784,ERA5,Asia/Kolkata,Open-Meteo Historical Weather API
MH-Latur,2024-01-09,21.3,24.6,18.7,0.5,0.5,5.0,72,1.92,0.3,0.332,0.392,21.7,22.3,18.39721,76.56784,ERA5,Asia/Kolkata,Open-Meteo Historical Weather API
MH-Latur,2024-01-10,22.0,26.7,17.2,0.0,0.0,0.0,67,3.19,0.3,0.332,0.393,22.2,22.0,18.39721,76.56784,ERA5,Asia/Kolkata,Open-Meteo Historical Weather API
MH-Latur,2024-01-11,23.3,30.1,18.9,0.0,0.0,0.0,62,4.08,0.295,0.329,0.392,23.5,22.8,18.39721,76.56784,ERA5,Asia/Kolkata,Open-Meteo Historical Weather API
MH-Latur,2024-01-12,23.0,30.2,17.3,0.0,0.0,0.0,66,3.84,0.291,0.327,0.391,23.3,23.0,18.39721,76.56784,ERA5,Asia/Kolkata,Open-Meteo Historical Weather API
MH-Latur,2024-01-13,24.2,30.6,20.2,0.0,0.0,0.0,65,3.77,0.29,0.327,0.391,24.3,23.7,18.39721,76.56784,ERA5,Asia/Kolkata,Open-Meteo Historical Weather API
MH-Latur,2024-01-14,23.9,31.2,18.8,0.0,0.0,0.0,61,4.18,0.29,0.325,0.39,24.1,23.9,18.39721,76.56784,ERA5,Asia/Kolkata,Open-Meteo Historical Weather API
MH-Latur,2024-01-15,22.2,29.6,16.8,0.0,0.0,0.0,57,4.24,0.284,0.319,0.386,23.3,23.5,18.39721,76.56784,ERA5,Asia/Kolkata,Open-Meteo Historical Weather API
MH-Latur,2024-01-16,22.3,30.0,15.3,0.0,0.0,0.0,58,4.28,0.281,0.314,0.383,22.7,22.8,18.39721,76.56784,ERA5,Asia/Kolkata,Open-Meteo Historical Weather API
MH-Latur,2024-01-17,23.2,30.1,18.3,0.0,0.0,0.0,64,4.39,0.28,0.311,0.381,23.6,23.3,18.39721,76.56784,ERA5,Asia/Kolkata,Open-Meteo Historical Weather API
MH-Latur,2024-01-18,22.5,29.1,17.4,0.0,0.0,0.0,64,3.89,0.282,0.309,0.379,23.6,23.3,18.39721,76.56784,ERA5,Asia/Kolkata,Open-Meteo Historical Weather API
MH-Latur,2024-01-19,22.3,29.7,15.7,0.0,0.0,0.0,64,3.98,0.286,0.308,0.377,22.9,23.0,18.39721,76.56784,ERA5,Asia/Kolkata,Open-Meteo Historical Weather API
MH-Latur,2024-01-20,23.9,29.5,19.3,0.0,0.0,0.0,62,3.75,0.283,0.309,0.378,23.5,23.4,18.39721,76.56784,ERA5,Asia/Kolkata,Open-Meteo Historical Weather API
MH-Latur,2024-01-21,22.7,28.6,18.3,0.0,0.0,0.0,69,3.58,0.285,0.312,0.381,23.7,23.5,18.39721,76.56784,ERA5,Asia/Kolkata,Open-Meteo Historical Weather API
MH-Latur,2024-01-22,22.7,29.9,17.3,0.0,0.0,0.0,66,4.1,0.289,0.316,0.385,23.4,23.5,18.39721,76.56784,ERA5,Asia/Kolkata,Open-Meteo Historical Weather API
MH-Latur,2024-01-23,22.5,28.3,18.2,0.0,0.0,0.0,64,4.19,0.29,0.316,0.384,23.7,23.5,18.39721,76.56784,ERA5,Asia/Kolkata,Open-Meteo Historical Weather API
MH-Latur,2024-01-24,20.5,27.0,15.7,0.0,0.0,0.0,56,4.46,0.292,0.317,0.385,22.2,22.9,18.39721,76.56784,ERA5,Asia/Kolkata,Open-Meteo Historical Weather API
MH-Latur,2024-01-25,19.9,27.1,13.8,0.0,0.0,0.0,54,4.43,0.292,0.317,0.385,21.3,22.1,18.39721,76.56784,ERA5,Asia/Kolkata,Open-Meteo Historical Weather API
MH-Latur,2024-01-26,21.0,28.5,14.5,0.0,0.0,0.0,60,4.23,0.291,0.319,0.387,21.7,21.9,18.39721,76.56784,ERA5,Asia/Kolkata,Open-Meteo Historical Weather API
MH-Latur,2024-01-27,21.8,28.9,16.3,0.0,0.0,0.0,71,3.7,0.29,0.321,0.388,22.6,22.5,18.39721,76.56784,ERA5,Asia/Kolkata,Open-Meteo Historical Weather API
MH-Latur,2024-01-28,22.3,29.2,16.9,0.0,0.0,0.0,64,4.06,0.288,0.32,0.387,23.2,22.8,18.39721,76.56784,ERA5,Asia/Kolkata,Open-Meteo Historical Weather API
MH-Latur,2024-01-29,22.4,29.7,16.4,0.0,0.0,0.0,62,3.94,0.29,0.322,0.39,23.1,23.0,18.39721,76.56784,ERA5,Asia/Kolkata,Open-Meteo Historical Weather API
MH-Latur,2024-01-30,23.0,30.0,17.3,0.0,0.0,0.0,63,3.9,0.288,0.323,0.39,23.3,23.1,18.39721,76.56784,ERA5,Asia/Kolkata,Open-Meteo Historical Weather API
MH-Latur,2024-01-31,22.9,30.8,16.8,0.0,0.0,0.0,63,4.47,0.288,0.322,0.389,23.4,23.3,18.39721,76.56784,ERA5,Asia/Kolkata,Open-Meteo Historical Weather API
MH-Latur,2024-02-01,23.0,30.0,18.4,0.0,0.0,0.0,55,4.67,0.284,0.32,0.388,23.8,23.4,18.39721,76.56784,ERA5,Asia/Kolkata,Open-Meteo Historical Weather API
MH-Latur,2024-02-02,22.7,29.6,17.5,0.0,0.0,0.0,57,4.73,0.281,0.319,0.387,23.5,23.2,18.39721,76.56784,ERA5,Asia/Kolkata,Open-Meteo Historical Weather API
MH-Latur,2024-02-03,23.1,30.2,17.4,0.0,0.0,0.0,62,4.56,0.282,0.319,0.388,23.9,23.4,18.39721,76.56784,ERA5,Asia/Kolkata,Open-Meteo Historical Weather API
MH-Latur,2024-02-04,24.0,31.2,17.2,0.0,0.0,0.0,65,4.31,0.283,0.32,0.388,24.4,23.8,18.39721,76.56784,ERA5,Asia/Kolkata,Open-Meteo Historical Weather API
MH-Latur,2024-02-05,25.8,32.3,20.1,0.0,0.0,0.0,66,4.2,0.286,0.318,0.387,25.6,24.6,18.39721,76.56784,ERA5,Asia/Kolkata,Open-Meteo Historical Weather API
MH-Latur,2024-02-06,26.3,33.3,20.7,0.0,0.0,0.0,57,4.43,0.287,0.315,0.386,26.5,25.4,18.39721,76.56784,ERA5,Asia/Kolkata,Open-Meteo Historical Weather API
MH-Latur,2024-02-07,26.4,33.4,20.6,0.0,0.0,0.0,55,4.86,0.284,0.313,0.384,26.4,25.4,18.39721,76.56784,ERA5,Asia/Kolkata,Open-Meteo Historical Weather API
MH-Latur,2024-02-08,24.6,30.7,20.0,0.0,0.0,0.0,61,4.72,0.282,0.312,0.383,25.9,25.4,18.39721,76.56784,ERA5,Asia/Kolkata,Open-Meteo Historical Weather API
MH-Latur,2024-02-09,24.7,32.8,17.7,0.0,0.0,0.0,59,4.67,0.28,0.312,0.383,25.2,25.0,18.39721,76.56784,ERA5,Asia/Kolkata,Open-Meteo Historical Weather API
MH-Latur,2024-02-10,25.4,32.4,19.8,0.0,0.0,0.0,61,5.14,0.28,0.313,0.384,25.7,25.0,18.39721,76.56784,ERA5,Asia/Kolkata,Open-Meteo Historical Weather API
MH-Latur,2024-02-11,25.7,32.5,19.2,0.0,0.0,0.0,55,4.89,0.278,0.314,0.384,25.8,25.1,18.39721,76.56784,ERA5,Asia/Kolkata,Open-Meteo Historical Weather API
MH-Latur,2024-02-12,25.4,32.1,19.1,0.0,0.0,0.0,55,5.09,0.28,0.316,0.386,25.7,25.1,18.39721,76.56784,ERA5,Asia/Kolkata,Open-Meteo Historical Weather API
MH-Latur,2024-02-13,25.5,32.5,18.9,0.0,0.0,0.0,54,5.17,0.281,0.318,0.387,25.8,25.1,18.39721,76.56784,ERA5,Asia/Kolkata,Open-Meteo Historical Weather API
MH-Latur,2024-02-14,24.5,30.9,19.3,0.0,0.0,0.0,56,4.39,0.281,0.319,0.388,25.6,25.1,18.39721,76.56784,ERA5,Asia/Kolkata,Open-Meteo Historical Weather API
MH-Latur,2024-02-15,24.9,31.5,20.0,0.0,0.0,0.0,58,4.38,0.279,0.316,0.386,25.7,25.1,18.39721,76.56784,ERA5,Asia/Kolkata,Open-Meteo Historical Weather API
MH-Latur,2024-02-16,25.0,31.8,20.7,0.0,0.0,0.0,46,5.25,0.277,0.313,0.383,25.8,25.3,18.39721,76.56784,ERA5,Asia/Kolkata,Open-Meteo Historical Weather API
MH-Latur,2024-02-17,26.0,32.9,18.8,0.0,0.0,0.0,39,5.45,0.277,0.309,0.38,25.6,24.9,18.39721,76.56784,ERA5,Asia/Kolkata,Open-Meteo Historical Weather API
MH-Latur,2024-02-18,26.1,33.4,20.3,0.0,0.0,0.0,39,6.04,0.274,0.304,0.376,26.1,25.4,18.39721,76.56784,ERA5,Asia/Kolkata,Open-Meteo Historical Weather API
MH-Latur,2024-02-19,26.0,33.7,18.5,0.0,0.0,0.0,41,5.93,0.273,0.301,0.372,26.1,25.5,18.39721,76.56784,ERA5,Asia/Kolkata,Open-Meteo Historical Weather API
MH-Latur,2024-02-20,25.5,32.9,19.2,0.0,0.0,0.0,45,5.35,0.271,0.297,0.369,26.4,25.6,18.39721,76.56784,ERA5,Asia/Kolkata,Open-Meteo Historical Weather API
MH-Latur,2024-02-21,26.0,33.5,20.1,0.0,0.0,0.0,37,6.32,0.269,0.295,0.366,26.6,25.8,18.39721,76.56784,ERA5,Asia/Kolkata,Open-Meteo Historical Weather API
MH-Latur,2024-02-22,25.5,32.1,19.7,0.0,0.0,0.0,41,5.85,0.263,0.29,0.36,26.6,25.7,18.39721,76.56784,ERA5,Asia/Kolkata,Open-Meteo Historical Weather API
MH-Latur,2024-02-23,24.7,31.3,19.6,0.0,0.0,0.0,43,5.51,0.259,0.288,0.358,26.3,25.6,18.39721,76.56784,ERA5,Asia/Kolkata,Open-Meteo Historical Weather API
MH-Latur,2024-02-24,24.8,31.9,18.1,0.0,0.0,0.0,42,5.66,0.257,0.288,0.356,26.1,25.4,18.39721,76.56784,ERA5,Asia/Kolkata,Open-Meteo Historical Weather API
MH-Latur,2024-02-25,25.8,32.4,18.7,0.0,0.0,0.0,42,5.68,0.256,0.291,0.358,26.9,25.8,18.39721,76.56784,ERA5,Asia/Kolkata,Open-Meteo Historical Weather API
MH-Latur,2024-02-26,26.2,32.0,21.9,0.0,0.0,0.0,61,4.77,0.258,0.296,0.361,27.3,26.5,18.39721,76.56784,ERA5,Asia/Kolkata,Open-Meteo Historical Weather API
MH-Latur,2024-02-27,27.0,32.5,22.2,0.0,0.0,0.0,55,5.04,0.261,0.297,0.362,27.9,26.7,18.39721,76.56784,ERA5,Asia/Kolkata,Open-Meteo Historical Weather API
MH-Latur,2024-02-28,26.9,32.9,22.6,0.0,0.0,0.0,54,4.92,0.26,0.295,0.36,28.2,27.2,18.39721,76.56784,ERA5,Asia/Kolkata,Open-Meteo Historical Weather API
MH-Latur,2024-02-29,27.4,33.5,21.7,0.0,0.0,0.0,49,5.05,0.262,0.293,0.359,27.9,27.2,18.39721,76.56784,ERA5,Asia/Kolkata,Open-Meteo Historical Weather API
MH-Latur,2024-03-01,28.0,34.0,23.2,0.0,0.0,0.0,47,5.57,0.265,0.293,0.358,28.4,27.4,18.39721,76.56784,ERA5,Asia/Kolkata,Open-Meteo Historical Weather API
MH-Latur,2024-03-02,28.4,34.8,23.3,0.0,0.0,0.0,42,6.36,0.266,0.292,0.357,28.3,27.4,18.39721,76.56784,ERA5,Asia/Kolkata,Open-Meteo Historical Weather API
MH-Latur,2024-03-03,27.4,33.2,22.3,0.0,0.0,0.0,44,5.76,0.262,0.29,0.354,28.6,27.4,18.39721,76.56784,ERA5,Asia/Kolkata,Open-Meteo Historical Weather API
MH-Latur,2024-03-04,26.3,32.5,20.8,0.0,0.0,0.0,44,5.7,0.262,0.29,0.354,28.1,27.4,18.39721,76.56784,ERA5,Asia/Kolkata,Open-Meteo Historical Weather API
MH-Latur,2024-03-05,26.5,34.3,18.7,0.0,0.0,0.0,39,5.96,0.264,0.289,0.352,27.7,27.1,18.39721,76.56784,ERA5,Asia/Kolkata,Open-Meteo Historical Weather API
MH-Latur,2024-03-06,28.1,36.0,21.7,0.0,0.0,0.0,37,6.5,0.261,0.287,0.349,28.9,27.6,18.39721,76.56784,ERA5,Asia/Kolkata,Open-Meteo Historical Weather API
MH-Latur,2024-03-07,27.1,34.5,20.5,0.0,0.0,0.0,31,6.75,0.261,0.286,0.347,28.6,27.8,18.39721,76.56784,ERA5,Asia/Kolkata,Open-Meteo Historical Weather API
MH-Latur,2024-03-08,27.0,33.9,20.5,0.0,0.0,0.0,37,6.61,0.261,0.286,0.346,28.2,27.6,18.39721,76.56784,ERA5,Asia/Kolkata,Open-Meteo Historical Weather API
MH-Latur,2024-03-09,27.1,34.8,19.8,0.0,0.0,0.0,36,6.29,0.262,0.286,0.345,28.5,27.6,18.39721,76.56784,ERA5,Asia/Kolkata,Open-Meteo Historical Weather API
MH-Latur,2024-03-10,28.1,34.2,20.8,0.0,0.0,0.0,45,5.25,0.266,0.287,0.345,28.6,27.8,18.39721,76.56784,ERA5,Asia/Kolkata,Open-Meteo Historical Weather API
MH-Latur,2024-03-11,29.3,35.6,23.2,0.0,0.0,0.0,42,5.62,0.267,0.287,0.344,30.1,28.6,18.39721,76.56784,ERA5,Asia/Kolkata,Open-Meteo Historical Weather API
MH-Latur,2024-03-12,29.4,36.0,22.9,0.0,0.0,0.0,39,5.75,0.267,0.284,0.341,30.3,29.1,18.39721,76.56784,ERA5,Asia/Kolkata,Open-Meteo Historical Weather API
MH-Latur,2024-03-13,29.2,36.0,23.8,0.0,0.0,0.0,37,6.86,0.264,0.284,0.34,30.3,29.3,18.39721,76.56784,ERA5,Asia/Kolkata,Open-Meteo Historical Weather API
MH-Latur,2024-03-14,28.2,35.4,21.4,0.0,0.0,0.0,33,6.94,0.263,0.284,0.339,29.7,28.9,18.39721,76.56784,ERA5,Asia/Kolkata,Open-Meteo Historical Weather API
MH-Latur,2024-03-15,28.5,35.2,21.8,0.0,0.0,0.0,35,6.68,0.261,0.286,0.338,29.7,28.7,18.39721,76.56784,ERA5,Asia/Kolkata,Open-Meteo Historical Weather API
MH-Latur,2024-03-16,29.1,35.3,23.0,0.0,0.0,0.0,34,6.11,0.258,0.286,0.338,30.4,29.1,18.39721,76.56784,ERA5,Asia/Kolkata,Open-Meteo Historical Weather API
MH-Latur,2024-03-17,27.9,34.2,22.5,0.0,0.0,0.0,50,5.19,0.26,0.284,0.34,30.0,29.3,18.39721,76.56784,ERA5,Asia/Kolkata,Open-Meteo Historical Weather API
MH-Latur,2024-03-18,28.5,35.3,21.8,0.0,0.0,0.0,45,6.16,0.26,0.287,0.343,30.0,29.0,18.39721,76.56784,ERA5,Asia/Kolkata,Open-Meteo Historical Weather API
MH-Latur,2024-03-19,28.8,35.5,23.4,0.0,0.0,0.0,33,7.2,0.258,0.289,0.343,30.0,29.0,18.39721,76.56784,ERA5,Asia/Kolkata,Open-Meteo Historical Weather API
MH-Latur,2024-03-20,27.3,34.0,21.2,0.0,0.0,0.0,43,7.0,0.258,0.29,0.344,29.3,28.9,18.39721,76.56784,ERA5,Asia/Kolkata,Open-Meteo Historical Weather API
MH-Latur,2024-03-21,27.5,34.1,20.8,0.0,0.0,0.0,45,6.33,0.259,0.292,0.345,29.1,28.4,18.39721,76.56784,ERA5,Asia/Kolkata,Open-Meteo Historical Weather API
MH-Latur,2024-03-22,29.4,36.5,22.1,0.0,0.0,0.0,41,6.16,0.255,0.289,0.343,30.4,28.9,18.39721,76.56784,ERA5,Asia/Kolkata,Open-Meteo Historical Weather API
MH-Latur,2024-03-23,30.4,36.6,24.5,0.0,0.0,0.0,36,6.22,0.247,0.286,0.338,31.5,29.7,18.39721,76.56784,ERA5,Asia/Kolkata,Open-Meteo Historical Weather API
MH-Latur,2024-03-24,30.7,36.7,25.1,0.0,0.0,0.0,40,6.37,0.25,0.285,0.336,31.8,30.3,18.39721,76.56784,ERA5,Asia/Kolkata,Open-Meteo Historical Weather API
MH-Latur,2024-03-25,31.3,36.8,25.9,0.0,0.0,0.0,38,6.31,0.251,0.285,0.336,32.4,30.7,18.39721,76.56784,ERA5,Asia/Kolkata,Open-Meteo Historical Weather API
MH-Latur,2024-03-26,31.7,36.8,26.4,0.0,0.0,0.0,36,6.5,0.25,0.285,0.335,32.6,31.2,18.39721,76.56784,ERA5,Asia/Kolkata,Open-Meteo Historical Weather API
MH-Latur,2024-03-27,32.3,38.6,27.2,0.0,0.0,0.0,36,6.74,0.25,0.284,0.334,33.0,31.5,18.39721,76.56784,ERA5,Asia/Kolkata,Open-Meteo Historical Weather API
MH-Latur,2024-03-28,32.1,38.0,25.6,0.0,0.0,0.0,36,6.49,0.252,0.284,0.334,32.7,31.5,18.39721,76.56784,ERA5,Asia/Kolkata,Open-Meteo Historical Weather API
MH-Latur,2024-03-29,32.7,38.2,26.9,0.0,0.0,0.0,37,6.24,0.254,0.285,0.334,33.1,31.7,18.39721,76.56784,ERA5,Asia/Kolkata,Open-Meteo Historical Weather API
MH-Latur,2024-03-30,32.3,39.0,27.4,0.1,0.1,1.0,40,6.49,0.258,0.286,0.335,33.5,32.0,18.39721,76.56784,ERA5,Asia/Kolkata,Open-Meteo Historical Weather API
MH-Latur,2024-03-31,31.4,36.8,27.0,0.0,0.0,0.0,44,5.48,0.262,0.29,0.339,33.0,32.1,18.39721,76.56784,ERA5,Asia/Kolkata,Open-Meteo Historical Weather API
MH-Latur,2024-04-01,32.2,38.7,26.5,0.0,0.0,0.0,37,5.9,0.257,0.287,0.336,33.4,32.1,18.39721,76.56784,ERA5,Asia/Kolkata,Open-Meteo Historical Weather API
MH-Latur,2024-04-02,32.5,38.7,27.0,0.0,0.0,0.0,31,6.65,0.25,0.283,0.331,33.7,32.2,18.39721,76.56784,ERA5,Asia/Kolkata,Open-Meteo Historical Weather API
MH-Latur,2024-04-03,32.9,39.0,27.6,0.0,0.0,0.0,30,6.39,0.25,0.281,0.329,33.6,32.4,18.39721,76.56784,ERA5,Asia/Kolkata,Open-Meteo Historical Weather API
MH-Latur,2024-04-04,33.1,39.3,27.2,0.0,0.0,0.0,30,7.21,0.25,0.279,0.327,34.2,32.8,18.39721,76.56784,ERA5,Asia/Kolkata,Open-Meteo Historical Weather API
MH-Latur,2024-04-05,32.9,39.0,27.1,0.0,0.0,0.0,31,6.85,0.253,0.279,0.325,34.5,33.1,18.39721,76.56784,ERA5,Asia/Kolkata,Open-Meteo Historical Weather API
MH-Latur,2024-04-06,33.0,38.5,27.4,0.0,0.0,0.0,30,6.98,0.251,0.276,0.321,34.2,33.2,18.39721,76.56784,ERA5,Asia/Kolkata,Open-Meteo Historical Weather API
MH-Latur,2024-04-07,32.7,37.9,28.2,0.0,0.0,0.0,30,7.21,0.249,0.275,0.318,34.1,33.1,18.39721,76.56784,ERA5,Asia/Kolkata,Open-Meteo Historical Weather API
MH-Latur,2024-04-08,31.6,37.2,26.0,0.0,0.0,0.0,37,6.97,0.254,0.279,0.321,33.6,32.8,18.39721,76.56784,ERA5,Asia/Kolkata,Open-Meteo Historical Weather API
MH-Latur,2024-04-09,31.0,36.0,27.3,0.0,0.0,0.0,46,6.69,0.256,0.282,0.323,33.0,32.4,18.39721,76.56784,ERA5,Asia/Kolkata,Open-Meteo Historical Weather API
MH-Latur,2024-04-10,31.0,37.4,25.8,0.0,0.0,0.0,43,6.79,0.259,0.284,0.325,32.7,32.3,18.39721,76.56784,ERA5,Asia/Kolkata,Open-Meteo Historical Weather API
MH-Latur,2024-04-11,29.0,34.9,24.9,0.9,0.9,4.0,50,5.32,0.263,0.288,0.329,31.5,31.9,18.39721,76.56784,ERA5,Asia/Kolkata,Open-Meteo Historical Weather API
MH-Latur,2024-04-12,29.1,35.0,23.6,0.0,0.0,0.0,53,5.76,0.27,0.293,0.333,30.9,30.9,18.39721,76.56784,ERA5,Asia/Kolkata,Open-Meteo Historical Weather API
MH-Latur,2024-04-13,27.3,32.5,21.6,1.2,1.2,4.0,65,5.08,0.285,0.303,0.341,29.9,30.5,18.39721,76.56784,ERA5,Asia/Kolkata,Open-Meteo Historical Weather API
MH-Latur,2024-04-14,29.4,36.2,24.4,2.7,2.7,6.0,61,5.5,0.29,0.309,0.347,31.5,30.7,18.39721,76.56784,ERA5,Asia/Kolkata,Open-Meteo Historical Weather API
MH-Latur,2024-04-15,31.5,37.5,26.5,0.0,0.0,0.0,49,6.17,0.29,0.306,0.346,32.2,31.2,18.39721,76.56784,ERA5,Asia/Kolkata,Open-Meteo Historical Weather API
MH-Latur,2024-04-16,31.2,36.3,25.8,0.0,0.0,0.0,44,5.84,0.281,0.302,0.343,32.7,31.6,18.39721,76.56784,ERA5,Asia/Kolkata,Open-Meteo Historical Weather API
MH-Latur,2024-04-17,31.8,36.9,26.8,0.0,0.0,0.0,46,5.75,0.276,0.299,0.34,33.1,32.1,18.39721,76.56784,ERA5,Asia/Kolkata,Open-Meteo Historical Weather API
MH-Latur,2024-04-18,32.4,38.3,27.1,0.0,0.0,0.0,40,6.38,0.27,0.295,0.338,33.4,32.4,18.39721,76.56784,ERA5,Asia/Kolkata,Open-Meteo Historical Weather API
MH-Latur,2024-04-19,32.2,39.0,26.9,1.7,1.7,4.0,45,5.84,0.268,0.296,0.338,33.5,32.7,18.39721,76.56784,ERA5,Asia/Kolkata,Open-Meteo Historical Weather API
MH-Latur,2024-04-20,30.2,36.1,25.9,0.4,0.4,2.0,51,6.03,0.277,0.304,0.345,32.3,32.3,18.39721,76.56784,ERA5,Asia/Kolkata,Open-Meteo Historical Weather API
MH-Latur,2024-04-21,29.2,37.3,24.3,9.4,9.4,5.0,61,5.41,0.297,0.307,0.348,31.5,31.6,18.39721,76.56784,ERA5,Asia/Kolkata,Open-Meteo Historical Weather API
MH-Latur,2024-04-22,28.7,36.4,23.5,2.2,2.2,6.0,68,5.2,0.375,0.308,0.349,30.9,31.0,18.39721,76.56784,ERA5,Asia/Kolkata,Open-Meteo Historical Weather API
MH-Latur,2024-04-23,29.3,35.9,23.1,0.0,0.0,0.0,60,5.67,0.364,0.312,0.352,30.8,30.5,18.39721,76.56784,ERA5,Asia/Kolkata,Open-Meteo Historical Weather API
MH-Latur,2024-04-24,31.1,36.8,26.5,0.0,0.0,0.0,47,6.17,0.345,0.311,0.352,31.5,31.0,18.39721,76.56784,ERA5,Asia/Kolkata,Open-Meteo Historical Weather API
MH-Latur,2024-04-25,31.7,38.3,26.0,0.0,0.0,0.0,45,6.58,0.321,0.309,0.351,32.1,31.3,18.39721,76.56784,ERA5,Asia/Kolkata,Open-Meteo Historical Weather API
MH-Latur,2024-04-26,32.3,39.3,25.4,0.0,0.0,0.0,41,7.03,0.303,0.305,0.349,32.5,31.7,18.39721,76.56784,ERA5,Asia/Kolkata,Open-Meteo Historical Weather API
MH-Latur,2024-04-27,32.7,39.0,26.8,0.0,0.0,0.0,41,6.8,0.29,0.303,0.347,33.2,32.0,18.39721,76.56784,ERA5,Asia/Kolkata,Open-Meteo Historical Weather API
MH-Latur,2024-04-28,33.4,40.0,27.5,0.0,0.0,0.0,40,7.42,0.279,0.299,0.343,34.0,32.5,18.39721,76.56784,ERA5,Asia/Kolkata,Open-Meteo Historical Weather API
MH-Latur,2024-04-29,34.2,40.8,29.2,0.0,0.0,0.0,39,7.49,0.27,0.295,0.34,34.7,33.2,18.39721,76.56784,ERA5,Asia/Kolkata,Open-Meteo Historical Weather API
MH-Latur,2024-04-30,34.1,40.3,29.6,0.0,0.0,0.0,33,8.26,0.264,0.291,0.337,35.1,33.6,18.39721,76.56784,ERA5,Asia/Kolkata,Open-Meteo Historical Weather API
MH-Latur,2024-05-01,33.9,40.4,28.2,0.0,0.0,0.0,28,8.61,0.257,0.288,0.334,34.9,33.5,18.39721,76.56784,ERA5,Asia/Kolkata,Open-Meteo Historical Weather API
MH-Latur,2024-05-02,32.7,39.5,26.0,0.0,0.0,0.0,24,8.26,0.253,0.285,0.331,34.4,33.4,18.39721,76.56784,ERA5,Asia/Kolkata,Open-Meteo Historical Weather API
MH-Latur,2024-05-03,32.7,39.9,25.5,0.0,0.0,0.0,24,8.32,0.248,0.281,0.326,34.1,32.9,18.39721,76.56784,ERA5,Asia/Kolkata,Open-Meteo Historical Weather API
MH-Latur,2024-05-04,33.5,41.1,26.9,0.0,0.0,0.0,20,8.51,0.244,0.277,0.32,34.7,33.2,18.39721,76.56784,ERA5,Asia/Kolkata,Open-Meteo Historical Weather API
MH-Latur,2024-05-05,34.7,41.5,28.1,0.0,0.0,0.0,26,8.74,0.242,0.272,0.312,35.6,33.8,18.39721,76.56784,ERA5,Asia/Kolkata,Open-Meteo Historical Weather API
MH-Latur,2024-05-06,35.1,41.1,29.3,0.0,0.0,0.0,30,8.21,0.243,0.271,0.307,36.8,34.7,18.39721,76.56784,ERA5,Asia/Kolkata,Open-Meteo Historical Weather API
MH-Latur,2024-05-07,33.9,40.6,28.2,0.0,0.0,0.0,30,7.8,0.247,0.271,0.31,36.4,35.1,18.39721,76.56784,ERA5,Asia/Kolkata,Open-Meteo Historical Weather API
MH-Latur,2024-05-08,31.9,37.9,26.4,1.1,1.1,2.0,46,6.26,0.252,0.275,0.319,35.0,34.8,18.39721,76.56784,ERA5,Asia/Kolkata,Open-Meteo Historical Weather API
MH-Latur,2024-05-09,30.6,37.5,27.2,1.3,1.3,3.0,47,6.27,0.267,0.28,0.324,33.5,34.1,18.39721,76.56784,ERA5,Asia/Kolkata,Open-Meteo Historical Weather API
MH-Latur,2024-05-10,31.1,36.6,26.4,1.0,1.0,1.0,51,5.83,0.284,0.286,0.331,33.3,33.1,18.39721,76.56784,ERA5,Asia/Kolkata,Open-Meteo Historical Weather API
MH-Latur,2024-05-11,31.6,38.9,26.0,0.1,0.1,1.0,51,6.04,0.29,0.285,0.33,33.8,33.3,18.39721,76.56784,ERA5,Asia/Kolkata,Open-Meteo Historical Weather API
MH-Latur,2024-05-12,29.4,33.9,26.4,0.4,0.4,3.0,56,5.17,0.301,0.289,0.335,32.4,33.0,18.39721,76.56784,ERA5,Asia/Kolkata,Open-Meteo Historical Weather API
MH-Latur,2024-05-13,30.2,37.0,23.8,0.1,0.1,1.0,51,5.92,0.303,0.296,0.34,32.1,32.2,18.39721,76.56784,ERA5,Asia/Kolkata,Open-Meteo Historical Weather API
MH-Latur,2024-05-14,30.4,37.1,26.4,1.1,1.1,1.0,51,5.87,0.302,0.293,0.337,32.6,32.4,18.39721,76.56784,ERA5,Asia/Kolkata,Open-Meteo Historical Weather API
MH-Latur,2024-05-15,29.2,35.1,23.5,1.4,1.4,5.0,57,5.3,0.311,0.294,0.337,31.4,31.8,18.39721,76.56784,ERA5,Asia/Kolkata,Open-Meteo Historical Weather API
MH-Latur,2024-05-16,29.5,35.8,25.5,1.7,1.7,5.0,59,5.06,0.315,0.293,0.336,31.6,31.5,18.39721,76.56784,ERA5,Asia/Kolkata,Open-Meteo Historical Weather API
MH-Latur,2024-05-17,28.1,33.8,24.3,2.0,2.0,5.0,67,4.06,0.324,0.295,0.337,30.0,30.9,18.39721,76.56784,ERA5,Asia/Kolkata,Open-Meteo Historical Weather API
MH-Latur,2024-05-18,30.3,36.5,24.9,0.0,0.0,0.0,58,6.06,0.323,0.291,0.333,31.6,30.8,18.39721,76.56784,ERA5,Asia/Kolkata,Open-Meteo Historical Weather API
MH-Latur,2024-05-19,31.2,38.6,26.2,0.0,0.0,0.0,56,6.47,0.306,0.286,0.329,32.7,31.8,18.39721,76.56784,ERA5,Asia/Kolkata,Open-Meteo Historical Weather API
MH-Latur,2024-05-20,32.0,38.3,26.6,0.2,0.2,1.0,54,6.31,0.299,0.282,0.324,33.6,32.4,18.39721,76.56784,ERA5,Asia/Kolkata,Open-Meteo Historical Weather API
MH-Latur,2024-05-21,32.8,39.5,26.8,0.8,0.8,1.0,51,6.25,0.308,0.278,0.321,34.3,32.9,18.39721,76.56784,ERA5,Asia/Kolkata,Open-Meteo Historical Weather API
MH-Latur,2024-05-22,32.4,38.6,28.3,0.7,0.7,3.0,52,6.42,0.301,0.278,0.319,34.3,33.2,18.39721,76.56784,ERA5,Asia/Kolkata,Open-Meteo Historical Weather API
MH-Latur,2024-05-23,33.1,39.9,27.1,0.7,0.7,2.0,45,6.85,0.294,0.275,0.315,34.7,33.6,18.39721,76.56784,ERA5,Asia/Kolkata,Open-Meteo Historical Weather API
MH-Latur,2024-05-24,34.0,39.5,29.2,0.0,0.0,0.0,40,6.71,0.294,0.276,0.318,34.8,34.0,18.39721,76.56784,ERA5,Asia/Kolkata,Open-Meteo Historical Weather API
MH-Latur,2024-05-25,34.0,39.5,29.2,0.0,0.0,0.0,37,7.84,0.284,0.278,0.321,34.5,33.9,18.39721,76.56784,ERA5,Asia/Kolkata,Open-Meteo Historical Weather API
MH-Latur,2024-05-26,33.2,39.8,27.2,0.0,0.0,0.0,45,7.87,0.279,0.28,0.326,34.5,33.8,18.39721,76.56784,ERA5,Asia/Kolkata,Open-Meteo Historical Weather API
MH-Latur,2024-05-27,32.2,37.5,26.8,0.0,0.0,0.0,51,7.72,0.28,0.285,0.333,34.2,33.8,18.39721,76.56784,ERA5,Asia/Kolkata,Open-Meteo Historical Weather API
MH-Latur,2024-05-28,32.7,39.8,25.5,0.0,0.0,0.0,48,8.31,0.278,0.288,0.337,34.1,33.4,18.39721,76.56784,ERA5,Asia/Kolkata,Open-Meteo Historical Weather API
MH-Latur,2024-05-29,33.0,40.2,25.6,0.0,0.0,0.0,44,8.06,0.272,0.285,0.334,34.4,33.4,18.39721,76.56784,ERA5,Asia/Kolkata,Open-Meteo Historical Weather API
MH-Latur,2024-05-30,33.3,40.5,25.9,0.0,0.0,0.0,41,7.97,0.263,0.281,0.329,34.8,33.6,18.39721,76.56784,ERA5,Asia/Kolkata,Open-Meteo Historical Weather API
MH-Latur,2024-05-31,33.8,40.0,27.2,0.0,0.0,0.0,41,7.38,0.259,0.279,0.326,35.3,33.9,18.39721,76.56784,ERA5,Asia/Kolkata,Open-Meteo Historical Weather API
MH-Latur,2024-06-01,33.7,38.6,29.0,0.4,0.4,3.0,46,6.57,0.254,0.279,0.325,35.7,34.3,18.39721,76.56784,ERA5,Asia/Kolkata,Open-Meteo Historical Weather API
MH-Latur,2024-06-02,32.7,38.4,28.4,1.8,1.8,6.0,50,6.2,0.256,0.277,0.323,35.1,34.5,18.39721,76.56784,ERA5,Asia/Kolkata,Open-Meteo Historical Weather API
MH-Latur,2024-06-03,30.0,36.2,26.7,0.7,0.7,4.0,60,5.51,0.272,0.284,0.327,33.0,33.6,18.39721,76.56784,ERA5,Asia/Kolkata,Open-Meteo Historical Weather API
MH-Latur,2024-06-04,29.0,36.5,24.2,18.3,18.3,8.0,67,4.96,0.323,0.289,0.332,32.3,33.1,18.39721,76.56784,ERA5,Asia/Kolkata,Open-Meteo Historical Weather API
MH-Latur,2024-06-05,27.8,34.7,24.1,6.6,6.6,4.0,77,4.38,0.425,0.3,0.333,30.6,31.7,18.39721,76.56784,ERA5,Asia/Kolkata,Open-Meteo Historical Weather API
MH-Latur,2024-06-06,28.1,34.2,24.5,13.9,13.9,18.0,77,4.71,0.452,0.318,0.332,30.5,30.9,18.39721,76.56784,ERA5,Asia/Kolkata,Open-Meteo Historical Weather API
MH-Latur,2024-06-07,26.9,32.3,23.7,6.3,6.3,12.0,78,2.93,0.468,0.375,0.332,28.9,30.1,18.39721,76.56784,ERA5,Asia/Kolkata,Open-Meteo Historical Weather API
MH-Latur,2024-06-08,26.6,32.9,22.9,17.7,17.7,18.0,84,3.93,0.468,0.389,0.332,28.9,29.5,18.39721,76.56784,ERA5,Asia/Kolkata,Open-Meteo Historical Weather API
MH-Latur,2024-06-09,26.3,31.5,23.4,43.7,43.7,24.0,86,2.96,0.494,0.445,0.339,28.4,29.2,18.39721,76.56784,ERA5,Asia/Kolkata,Open-Meteo Historical Weather API
MH-Latur,2024-06-10,26.3,31.7,23.6,14.2,14.2,16.0,83,3.75,0.497,0.483,0.362,28.1,28.8,18.39721,76.56784,ERA5,Asia/Kolkata,Open-Meteo Historical Weather API
MH-Latur,2024-06-11,25.2,28.7,23.5,35.2,35.2,24.0,87,1.79,0.508,0.506,0.393,26.4,27.9,18.39721,76.56784,ERA5,Asia/Kolkata,Open-Meteo Historical Weather API
MH-Latur,2024-06-12,26.3,32.4,22.4,12.8,12.8,15.0,80,3.73,0.498,0.5,0.409,27.0,27.2,18.39721,76.56784,ERA5,Asia/Kolkata,Open-Meteo Historical Weather API
MH-Latur,2024-06-13,26.9,31.8,23.9,14.1,14.1,14.0,81,4.03,0.494,0.496,0.417,27.8,27.6,18.39721,76.56784,ERA5,Asia/Kolkata,Open-Meteo Historical Weather API
MH-Latur,2024-06-14,26.1,29.7,23.9,24.9,24.9,21.0,85,3.04,0.501,0.5,0.43,27.3,27.6,18.39721,76.56784,ERA5,Asia/Kolkata,Open-Meteo Historical Weather API
MH-Latur,2024-06-15,27.7,32.1,23.5,1.0,1.0,6.0,75,4.69,0.493,0.5,0.44,28.2,27.6,18.39721,76.56784,ERA5,Asia/Kolkata,Open-Meteo Historical Weather API
MH-Latur,2024-06-16,28.1,33.3,24.4,9.4,9.4,10.0,77,4.24,0.485,0.487,0.44,28.8,28.2,18.39721,76.56784,ERA5,Asia/Kolkata,Open-Meteo Historical Weather API
MH-Latur,2024-06-17,27.0,31.8,24.4,8.0,8.0,16.0,83,3.78,0.501,0.496,0.441,28.5,28.3,18.39721,76.56784,ERA5,Asia/Kolkata,Open-Meteo Historical Weather API
MH-Latur,2024-06-18,28.6,33.1,24.5,0.3,0.3,2.0,73,5.12,0.483,0.492,0.444,29.1,28.4,18.39721,76.56784,ERA5,Asia/Kolkata,Open-Meteo Historical Weather API
MH-Latur,2024-06-19,27.7,31.4,24.7,2.9,2.9,8.0,75,4.1,0.467,0.476,0.442,28.5,28.2,18.39721,76.56784,ERA5,Asia/Kolkata,Open-Meteo Historical Weather API
MH-Latur,2024-06-20,27.1,31.4,24.2,8.9,8.9,9.0,76,3.58,0.475,0.468,0.44,27.7,27.5,18.39721,76.56784,ERA5,Asia/Kolkata,Open-Meteo Historical Weather API
MH-Latur,2024-06-21,27.4,31.0,24.1,3.4,3.4,5.0,78,4.29,0.483,0.473,0.439,27.9,27.4,18.39721,76.56784,ERA5,Asia/Kolkata,Open-Meteo Historical Weather API
MH-Latur,2024-06-22,27.4,30.8,24.3,3.7,3.7,10.0,74,3.6,0.472,0.467,0.437,27.8,27.6,18.39721,76.56784,ERA5,Asia/Kolkata,Open-Meteo Historical Weather API
MH-Latur,2024-06-23,27.3,31.3,24.6,4.8,4.8,12.0,78,3.16,0.491,0.477,0.435,27.9,27.5,18.39721,76.56784,ERA5,Asia/Kolkata,Open-Meteo Historical Weather API
MH-Latur,2024-06-24,27.8,32.3,24.0,4.1,4.1,18.0,76,4.43,0.482,0.475,0.435,28.3,27.6,18.39721,76.56784,ERA5,Asia/Kolkata,Open-Meteo Historical Weather API
MH-Latur,2024-06-25,28.1,33.2,24.5,2.8,2.8,11.0,75,4.31,0.468,0.468,0.433,28.4,27.7,18.39721,76.56784,ERA5,Asia/Kolkata,Open-Meteo Historical Weather API
MH-Latur,2024-06-26,27.9,32.4,24.2,8.0,8.0,12.0,77,3.77,0.478,0.463,0.431,28.2,27.6,18.39721,76.56784,ERA5,Asia/Kolkata,Open-Meteo Historical Weather API
MH-Latur,2024-06-27,26.8,29.3,24.8,4.5,4.5,17.0,78,2.63,0.481,0.466,0.43,26.9,27.0,18.39721,76.56784,ERA5,Asia/Kolkata,Open-Meteo Historical Weather API
MH-Latur,2024-06-28,26.0,29.2,23.8,7.8,7.8,21.0,82,2.43,0.49,0.471,0.43,26.0,26.2,18.39721,76.56784,ERA5,Asia/Kolkata,Open-Meteo Historical Weather API
MH-Latur,2024-06-29,26.6,31.1,24.0,6.9,6.9,14.0,82,3.34,0.49,0.476,0.43,26.6,26.3,18.39721,76.56784,ERA5,Asia/Kolkata,Open-Meteo Historical Weather API
MH-Latur,2024-06-30,26.1,29.6,24.0,5.8,5.8,12.0,84,3.13,0.487,0.48,0.43,26.6,26.5,18.39721,76.56784,ERA5,Asia/Kolkata,Open-Meteo Historical Weather API
MH-Latur,2024-07-01,26.4,29.8,23.6,2.4,2.4,8.0,80,3.36,0.487,0.481,0.431,26.3,26.2,18.39721,76.56784,ERA5,Asia/Kolkata,Open-Meteo Historical Weather API
MH-Latur,2024-07-02,25.8,30.1,23.2,2.0,2.0,7.0,82,3.52,0.476,0.475,0.431,26.4,26.4,18.39721,76.56784,ERA5,Asia/Kolkata,Open-Meteo Historical Weather API
MH-Latur,2024-07-03,27.2,31.9,23.0,1.1,1.1,4.0,76,4.9,0.465,0.467,0.431,27.0,26.5,18.39721,76.56784,ERA5,Asia/Kolkata,Open-Meteo Historical Weather API
MH-Latur,2024-07-04,26.7,30.4,23.8,6.4,6.4,12.0,81,3.23,0.478,0.463,0.429,26.9,26.7,18.39721,76.56784,ERA5,Asia/Kolkata,Open-Meteo Historical Weather API
MH-Latur,2024-07-05,26.9,30.1,24.1,1.2,1.2,6.0,79,4.01,0.474,0.465,0.429,27.0,26.5,18.39721,76.56784,ERA5,Asia/Kolkata,Open-Meteo Historical Weather API
MH-Latur,2024-07-06,26.0,28.3,23.5,11.1,11.1,14.0,84,3.33,0.478,0.463,0.428,26.6,26.6,18.39721,76.56784,ERA5,Asia/Kolkata,Open-Meteo Historical Weather API
MH-Latur,2024-07-07,25.4,28.7,22.8,11.8,11.8,23.0,85,2.4,0.499,0.481,0.428,25.9,26.1,18.39721,76.56784,ERA5,Asia/Kolkata,Open-Meteo Historical Weather API
MH-Latur,2024-07-08,25.9,28.7,22.9,5.9,5.9,16.0,83,2.66,0.5,0.496,0.431,26.1,25.8,18.39721,76.56784,ERA5,Asia/Kolkata,Open-Meteo Historical Weather API
MH-Latur,2024-07-09,25.9,30.4,23.1,9.9,9.9,20.0,82,3.34,0.497,0.493,0.434,26.3,26.1,18.39721,76.56784,ERA5,Asia/Kolkata,Open-Meteo Historical Weather API
MH-Latur,2024-07-10,26.2,30.5,23.1,5.7,5.7,15.0,81,3.4,0.496,0.497,0.439,26.4,26.0,18.39721,76.56784,ERA5,Asia/Kolkata,Open-Meteo Historical Weather API
MH-Latur,2024-07-11,26.8,31.1,23.2,2.7,2.7,10.0,78,3.91,0.489,0.488,0.441,27.0,26.3,18.39721,76.56784,ERA5,Asia/Kolkata,Open-Meteo Historical Weather API
MH-Latur,2024-07-12,26.1,30.6,23.7,8.0,8.0,10.0,82,3.27,0.484,0.481,0.441,26.5,26.3,18.39721,76.56784,ERA5,Asia/Kolkata,Open-Meteo Historical Weather API
MH-Latur,2024-07-13,25.8,30.5,23.7,12.9,12.9,22.0,81,2.73,0.498,0.487,0.441,25.7,25.9,18.39721,76.56784,ERA5,Asia/Kolkata,Open-Meteo Historical Weather API
MH-Latur,2024-07-14,25.1,27.6,23.1,18.5,18.5,22.0,88,2.04,0.507,0.508,0.447,25.4,25.4,18.39721,76.56784,ERA5,Asia/Kolkata,Open-Meteo Historical Weather API
MH-Latur,2024-07-15,25.2,28.5,23.2,11.2,11.2,24.0,88,1.7,0.507,0.507,0.457,25.2,25.3,18.39721,76.56784,ERA5,Asia/Kolkata,Open-Meteo Historical Weather API
MH-Latur,2024-07-16,25.9,28.9,23.4,7.0,7.0,19.0,83,2.65,0.501,0.505,0.466,25.7,25.2,18.39721,76.56784,ERA5,Asia/Kolkata,Open-Meteo Historical Weather API
MH-Latur,2024-07-17,25.1,28.1,23.1,18.6,18.6,19.0,87,1.93,0.504,0.504,0.469,25.0,25.2,18.39721,76.56784,ERA5,Asia/Kolkata,Open-Meteo Historical Weather API
MH-Latur,2024-07-18,25.6,28.7,23.4,30.3,30.3,24.0,85,2.06,0.507,0.511,0.489,25.2,24.9,18.39721,76.56784,ERA5,Asia/Kolkata,Open-Meteo Historical Weather API
MH-Latur,2024-07-19,24.9,26.9,23.2,15.3,15.3,24.0,89,1.45,0.506,0.509,0.493,24.6,24.8,18.39721,76.56784,ERA5,Asia/Kolkata,Open-Meteo Historical Weather API
MH-Latur,2024-07-20,23.9,25.1,22.7,21.9,21.9,24.0,93,1.15,0.511,0.514,0.499,24.1,24.4,18.39721,76.56784,ERA5,Asia/Kolkata,Open-Meteo Historical Weather API
MH-Latur,2024-07-21,24.5,27.1,22.1,18.1,18.1,24.0,90,1.78,0.508,0.51,0.506,24.0,24.1,18.39721,76.56784,ERA5,Asia/Kolkata,Open-Meteo Historical Weather API
MH-Latur,2024-07-22,24.6,27.2,22.8,13.4,13.4,17.0,89,1.8,0.502,0.508,0.51,24.1,24.2,18.39721,76.56784,ERA5,Asia/Kolkata,Open-Meteo Historical Weather API
MH-Latur,2024-07-23,24.8,26.5,23.1,5.2,5.2,20.0,86,2.2,0.495,0.495,0.508,24.5,24.5,18.39721,76.56784,ERA5,Asia/Kolkata,Open-Meteo Historical Weather API
MH-Latur,2024-07-24,23.4,24.2,22.7,20.8,20.8,24.0,94,1.08,0.51,0.512,0.51,23.5,24.1,18.39721,76.56784,ERA5,Asia/Kolkata,Open-Meteo Historical Weather API
MH-Latur,2024-07-25,22.9,24.0,22.2,34.4,34.4,24.0,95,0.94,0.509,0.507,0.517,23.0,23.7,18.39721,76.56784,ERA5,Asia/Kolkata,Open-Meteo Historical Weather API
MH-Latur,2024-07-26,24.3,26.6,22.1,2.3,2.3,11.0,86,2.18,0.496,0.496,0.512,23.8,23.6,18.39721,76.56784,ERA5,Asia/Kolkata,Open-Meteo Historical Weather API
MH-Latur,2024-07-27,25.0,26.7,24.0,4.9,4.9,15.0,86,1.83,0.492,0.487,0.508,24.3,24.1,18.39721,76.56784,ERA5,Asia/Kolkata,Open-Meteo Historical Weather API
MH-Latur,2024-07-28,24.1,25.7,23.0,20.6,20.6,22.0,92,1.82,0.504,0.505,0.508,24.1,24.1,18.39721,76.56784,ERA5,Asia/Kolkata,Open-Meteo Historical Weather API
MH-Latur,2024-07-29,25.2,27.2,23.2,1.1,1.1,4.0,87,1.77,0.491,0.499,0.508,24.7,24.3,18.39721,76.56784,ERA5,Asia/Kolkata,Open-Meteo Historical Weather API
MH-Latur,2024-07-30,25.8,29.9,23.6,13.2,13.2,18.0,87,3.12,0.501,0.501,0.506,25.6,24.8,18.39721,76.56784,ERA5,Asia/Kolkata,Open-Meteo Historical Weather API
MH-Latur,2024-07-31,26.2,30.6,23.3,9.3,9.3,15.0,84,2.93,0.498,0.507,0.506,25.7,25.2,18.39721,76.56784,ERA5,Asia/Kolkata,Open-Meteo Historical Weather API
MH-Latur,2024-08-01,25.6,29.1,23.7,2.7,2.7,13.0,84,2.13,0.496,0.504,0.506,25.3,24.9,18.39721,76.56784,ERA5,Asia/Kolkata,Open-Meteo Historical Weather API
MH-Latur,2024-08-02,25.4,27.9,23.8,3.4,3.4,17.0,85,2.51,0.494,0.497,0.504,25.2,24.8,18.39721,76.56784,ERA5,Asia/Kolkata,Open-Meteo Historical Weather API
MH-Latur,2024-08-03,25.0,26.8,23.6,7.5,7.5,15.0,86,1.87,0.497,0.496,0.502,24.6,24.5,18.39721,76.56784,ERA5,Asia/Kolkata,Open-Meteo Historical Weather API
MH-Latur,2024-08-04,24.5,27.2,22.7,10.4,10.4,24.0,89,2.01,0.507,0.509,0.503,24.3,24.2,18.39721,76.56784,ERA5,Asia/Kolkata,Open-Meteo Historical Weather API
MH-Latur,2024-08-05,25.7,29.3,23.1,2.6,2.6,8.0,84,2.99,0.492,0.504,0.506,25.3,24.4,18.39721,76.56784,ERA5,Asia/Kolkata,Open-Meteo Historical Weather API
MH-Latur,2024-08-06,25.4,28.4,23.2,2.1,2.1,12.0,85,2.73,0.489,0.491,0.504,25.4,24.9,18.39721,76.56784,ERA5,Asia/Kolkata,Open-Meteo Historical Weather API
MH-Latur,2024-08-07,24.8,28.1,23.4,6.4,6.4,20.0,87,1.94,0.496,0.488,0.502,24.9,24.7,18.39721,76.56784,ERA5,Asia/Kolkata,Open-Meteo Historical Weather API
MH-Latur,2024-08-08,25.4,29.0,22.6,3.6,3.6,16.0,84,2.96,0.494,0.493,0.501,25.2,24.6,18.39721,76.56784,ERA5,Asia/Kolkata,Open-Meteo Historical Weather API
MH-Latur,2024-08-09,25.1,28.1,22.8,3.7,3.7,10.0,86,3.25,0.487,0.487,0.499,25.6,25.0,18.39721,76.56784,ERA5,Asia/Kolkata,Open-Meteo Historical Weather API
MH-Latur,2024-08-10,25.4,29.1,22.4,3.4,3.4,16.0,84,3.72,0.487,0.485,0.497,25.7,25.1,18.39721,76.56784,ERA5,Asia/Kolkata,Open-Meteo Historical Weather API
MH-Latur,2024-08-11,26.0,30.0,22.8,2.5,2.5,9.0,82,3.38,0.484,0.482,0.495,25.9,25.3,18.39721,76.56784,ERA5,Asia/Kolkata,Open-Meteo Historical Weather API
MH-Latur,2024-08-12,26.5,30.5,23.2,1.5,1.5,7.0,81,4.04,0.473,0.475,0.492,26.6,25.6,18.39721,76.56784,ERA5,Asia/Kolkata,Open-Meteo Historical Weather API
MH-Latur,2024-08-13,27.3,30.7,23.4,0.9,0.9,6.0,79,3.84,0.463,0.468,0.49,27.2,26.0,18.39721,76.56784,ERA5,Asia/Kolkata,Open-Meteo Historical Weather API
MH-Latur,2024-08-14,27.4,30.7,25.0,4.5,4.5,8.0,82,3.56,0.462,0.461,0.487,27.7,26.5,18.39721,76.56784,ERA5,Asia/Kolkata,Open-Meteo Historical Weather API
MH-Latur,2024-08-15,27.1,31.2,24.7,1.8,1.8,7.0,84,3.13,0.465,0.459,0.485,27.6,26.7,18.39721,76.56784,ERA5,Asia/Kolkata,Open-Meteo Historical Weather API
MH-Latur,2024-08-16,26.1,29.1,24.0,13.6,13.6,21.0,88,2.5,0.481,0.469,0.483,26.8,26.5,18.39721,76.56784,ERA5,Asia/Kolkata,Open-Meteo Historical Weather API
MH-Latur,2024-08-17,25.7,28.2,23.7,9.9,9.9,18.0,89,2.27,0.503,0.503,0.484,26.2,26.0,18.39721,76.56784,ERA5,Asia/Kolkata,Open-Meteo Historical Weather API
MH-Latur,2024-08-18,26.5,29.9,23.6,10.1,10.1,16.0,86,2.88,0.502,0.508,0.491,26.9,25.9,18.39721,76.56784,ERA5,Asia/Kolkata,Open-Meteo Historical Weather API
MH-Latur,2024-08-19,25.4,28.9,23.1,19.9,19.9,17.0,88,3.08,0.503,0.506,0.494,26.9,26.3,18.39721,76.56784,ERA5,Asia/Kolkata,Open-Meteo Historical Weather API
MH-Latur,2024-08-20,25.7,30.1,22.5,7.4,7.4,14.0,85,2.7,0.501,0.51,0.508,26.4,26.3,18.39721,76.56784,ERA5,Asia/Kolkata,Open-Meteo Historical Weather API
MH-Latur,2024-08-21,27.1,31.4,24.1,3.0,3.0,9.0,83,3.61,0.489,0.494,0.507,27.5,26.5,18.39721,76.56784,ERA5,Asia/Kolkata,Open-Meteo Historical Weather API
MH-Latur,2024-08-22,26.4,30.6,23.5,5.3,5.3,10.0,85,3.55,0.497,0.492,0.504,27.0,26.6,18.39721,76.56784,ERA5,Asia/Kolkata,Open-Meteo Historical Weather API
MH-Latur,2024-08-23,25.3,29.6,23.2,5.7,5.7,13.0,86,2.62,0.493,0.491,0.502,25.8,26.1,18.39721,76.56784,ERA5,Asia/Kolkata,Open-Meteo Historical Weather API
MH-Latur,2024-08-24,23.8,25.8,22.6,64.0,64.0,24.0,93,1.26,0.507,0.512,0.514,24.5,25.2,18.39721,76.56784,ERA5,Asia/Kolkata,Open-Meteo Historical Weather API
MH-Latur,2024-08-25,24.0,26.3,21.9,7.3,7.3,19.0,89,2.23,0.503,0.499,0.515,24.2,24.5,18.39721,76.56784,ERA5,Asia/Kolkata,Open-Meteo Historical Weather API
MH-Latur,2024-08-26,25.1,29.2,22.7,1.8,1.8,10.0,83,3.91,0.485,0.485,0.511,25.1,24.7,18.39721,76.56784,ERA5,Asia/Kolkata,Open-Meteo Historical Weather API
MH-Latur,2024-08-27,25.0,28.4,22.0,0.8,0.8,5.0,84,3.87,0.47,0.472,0.505,25.4,25.0,18.39721,76.56784,ERA5,Asia/Kolkata,Open-Meteo Historical Weather API
MH-Latur,2024-08-28,25.5,29.2,21.9,0.8,0.8,4.0,80,3.96,0.459,0.462,0.499,25.5,25.2,18.39721,76.56784,ERA5,Asia/Kolkata,Open-Meteo Historical Weather API
MH-Latur,2024-08-29,25.8,29.9,22.3,0.4,0.4,3.0,80,3.13,0.447,0.455,0.492,25.5,25.3,18.39721,76.56784,ERA5,Asia/Kolkata,Open-Meteo Historical Weather API
MH-Latur,2024-08-30,25.7,29.0,22.8,1.8,1.8,8.0,81,2.54,0.443,0.45,0.486,25.4,25.1,18.39721,76.56784,ERA5,Asia/Kolkata,Open-Meteo Historical Weather API
MH-Latur,2024-08-31,25.0,27.3,22.8,5.8,5.8,21.0,87,2.01,0.473,0.453,0.482,24.9,24.9,18.39721,76.56784,ERA5,Asia/Kolkata,Open-Meteo Historical Weather API
MH-Latur,2024-09-01,23.0,24.5,22.4,47.0,47.0,24.0,92,0.99,0.507,0.501,0.487,23.4,24.1,18.39721,76.56784,ERA5,Asia/Kolkata,Open-Meteo Historical Weather API
MH-Latur,2024-09-02,22.1,22.9,21.1,109.2,109.2,24.0,93,1.1,0.51,0.513,0.507,22.6,23.4,18.39721,76.56784,ERA5,Asia/Kolkata,Open-Meteo Historical Weather API
MH-Latur,2024-09-03,24.5,27.5,22.1,15.8,15.8,13.0,87,1.91,0.5,0.504,0.489,23.9,23.5,18.39721,76.56784,ERA5,Asia/Kolkata,Open-Meteo Historical Weather API
MH-Latur,2024-09-04,25.0,27.8,23.0,1.4,1.4,9.0,85,2.27,0.487,0.494,0.473,24.4,24.0,18.39721,76.56784,ERA5,Asia/Kolkata,Open-Meteo Historical Weather API
MH-Latur,2024-09-05,25.2,29.9,22.5,1.3,1.3,6.0,86,3.37,0.481,0.485,0.464,25.1,24.5,18.39721,76.56784,ERA5,Asia/Kolkata,Open-Meteo Historical Weather API
MH-Latur,2024-09-06,25.0,27.8,22.5,19.4,19.4,15.0,87,2.35,0.494,0.501,0.461,24.8,24.7,18.39721,76.56784,ERA5,Asia/Kolkata,Open-Meteo Historical Weather API
MH-Latur,2024-09-07,25.0,28.7,22.7,5.7,5.7,20.0,86,2.62,0.499,0.498,0.462,25.0,24.6,18.39721,76.56784,ERA5,Asia/Kolkata,Open-Meteo Historical Weather API
MH-Latur,2024-09-08,25.1,29.3,22.1,1.8,1.8,9.0,85,2.27,0.489,0.492,0.459,24.8,24.5,18.39721,76.56784,ERA5,Asia/Kolkata,Open-Meteo Historical Weather API
MH-Latur,2024-09-09,25.5,29.3,22.6,1.2,1.2,5.0,81,2.8,0.482,0.485,0.455,25.0,24.5,18.39721,76.56784,ERA5,Asia/Kolkata,Open-Meteo Historical Weather API
MH-Latur,2024-09-10,25.6,29.7,23.1,1.5,1.5,9.0,81,3.1,0.48,0.479,0.451,25.3,24.7,18.39721,76.56784,ERA5,Asia/Kolkata,Open-Meteo Historical Weather API
MH-Latur,2024-09-11,25.1,28.7,21.9,0.7,0.7,4.0,81,3.76,0.469,0.472,0.447,25.2,24.7,18.39721,76.56784,ERA5,Asia/Kolkata,Open-Meteo Historical Weather API
MH-Latur,2024-09-12,25.5,28.6,22.5,0.7,0.7,4.0,79,3.69,0.46,0.464,0.443,25.5,24.9,18.39721,76.56784,ERA5,Asia/Kolkata,Open-Meteo Historical Weather API
MH-Latur,2024-09-13,24.8,28.3,21.0,0.8,0.8,5.0,78,3.6,0.45,0.457,0.439,24.9,24.7,18.39721,76.56784,ERA5,Asia/Kolkata,Open-Meteo Historical Weather API
MH-Latur,2024-09-14,25.0,29.3,20.7,0.5,0.5,5.0,75,4.09,0.44,0.448,0.434,25.1,24.5,18.39721,76.56784,ERA5,Asia/Kolkata,Open-Meteo Historical Weather API
MH-Latur,2024-09-15,24.5,28.3,21.0,0.1,0.1,1.0,79,3.16,0.428,0.44,0.429,24.8,24.4,18.39721,76.56784,ERA5,Asia/Kolkata,Open-Meteo Historical Weather API
MH-Latur,2024-09-16,24.9,28.9,20.9,0.3,0.3,2.0,78,3.19,0.42,0.434,0.425,24.6,24.1,18.39721,76.56784,ERA5,Asia/Kolkata,Open-Meteo Historical Weather API
MH-Latur,2024-09-17,25.8,30.5,22.4,0.0,0.0,0.0,72,5.15,0.41,0.425,0.421,25.7,24.4,18.39721,76.56784,ERA5,Asia/Kolkata,Open-Meteo Historical Weather API
MH-Latur,2024-09-18,25.4,30.1,21.4,0.2,0.2,2.0,73,4.53,0.393,0.414,0.416,25.7,24.7,18.39721,76.56784,ERA5,Asia/Kolkata,Open-Meteo Historical Weather API
MH-Latur,2024-09-19,26.3,30.6,21.9,1.1,1.1,6.0,77,4.48,0.384,0.406,0.412,26.4,25.0,18.39721,76.56784,ERA5,Asia/Kolkata,Open-Meteo Historical Weather API
MH-Latur,2024-09-20,26.4,31.3,23.3,1.6,1.6,8.0,79,4.21,0.387,0.397,0.408,26.9,25.6,18.39721,76.56784,ERA5,Asia/Kolkata,Open-Meteo Historical Weather API
MH-Latur,2024-09-21,25.3,29.3,22.8,9.4,9.4,15.0,86,2.57,0.439,0.394,0.404,25.7,25.5,18.39721,76.56784,ERA5,Asia/Kolkata,Open-Meteo Historical Weather API
MH-Latur,2024-09-22,25.2,29.9,23.0,14.2,14.2,20.0,86,2.89,0.474,0.407,0.403,25.9,25.3,18.39721,76.56784,ERA5,Asia/Kolkata,Open-Meteo Historical Weather API
MH-Latur,2024-09-23,25.7,31.0,23.1,13.7,13.7,21.0,88,2.85,0.496,0.453,0.401,26.1,25.4,18.39721,76.56784,ERA5,Asia/Kolkata,Open-Meteo Historical Weather API
MH-Latur,2024-09-24,25.0,28.1,22.9,5.8,5.8,15.0,90,2.68,0.5,0.488,0.403,26.0,25.6,18.39721,76.56784,ERA5,Asia/Kolkata,Open-Meteo Historical Weather API
MH-Latur,2024-09-25,25.2,28.8,23.4,21.8,21.8,22.0,91,1.97,0.509,0.506,0.418,25.8,25.5,18.39721,76.56784,ERA5,Asia/Kolkata,Open-Meteo Historical Weather API
MH-Latur,2024-09-26,25.1,28.8,23.2,6.9,6.9,15.0,87,2.33,0.502,0.503,0.431,25.4,25.2,18.39721,76.56784,ERA5,Asia/Kolkata,Open-Meteo Historical Weather API
MH-Latur,2024-09-27,25.6,28.9,22.2,0.3,0.3,2.0,80,3.58,0.482,0.488,0.435,25.6,25.0,18.39721,76.56784,ERA5,Asia/Kolkata,Open-Meteo Historical Weather API
MH-Latur,2024-09-28,26.0,29.4,22.3,1.0,1.0,6.0,80,3.86,0.465,0.475,0.434,25.9,25.2,18.39721,76.56784,ERA5,Asia/Kolkata,Open-Meteo Historical Weather API
MH-Latur,2024-09-29,27.0,31.7,22.9,0.5,0.5,5.0,78,4.2,0.454,0.464,0.432,26.9,25.6,18.39721,76.56784,ERA5,Asia/Kolkata,Open-Meteo Historical Weather API
MH-Latur,2024-09-30,27.2,32.1,23.5,2.0,2.0,6.0,81,3.69,0.449,0.455,0.429,27.5,26.0,18.39721,76.56784,ERA5,Asia/Kolkata,Open-Meteo Historical Weather API
MH-Latur,2024-10-01,27.3,32.7,23.5,3.2,3.2,10.0,81,4.23,0.454,0.448,0.425,27.9,26.5,18.39721,76.56784,ERA5,Asia/Kolkata,Open-Meteo Historical Weather API
MH-Latur,2024-10-02,27.1,32.5,22.8,5.9,5.9,7.0,81,4.38,0.461,0.445,0.423,27.8,26.7,18.39721,76.56784,ERA5,Asia/Kolkata,Open-Meteo Historical Weather API
MH-Latur,2024-10-03,27.1,31.9,24.0,1.0,1.0,7.0,80,4.38,0.465,0.452,0.42,27.7,26.8,18.39721,76.56784,ERA5,Asia/Kolkata,Open-Meteo Historical Weather API
MH-Latur,2024-10-04,26.4,31.3,23.1,1.2,1.2,8.0,80,4.29,0.447,0.444,0.416,27.1,26.5,18.39721,76.56784,ERA5,Asia/Kolkata,Open-Meteo Historical Weather API
MH-Latur,2024-10-05,25.9,29.5,23.3,0.4,0.4,4.0,82,3.35,0.436,0.435,0.412,26.8,26.3,18.39721,76.56784,ERA5,Asia/Kolkata,Open-Meteo Historical Weather API
MH-Latur,2024-10-06,26.7,30.5,23.4,2.3,2.3,9.0,78,4.06,0.431,0.427,0.409,27.2,26.2,18.39721,76.56784,ERA5,Asia/Kolkata,Open-Meteo Historical Weather API
MH-Latur,2024-10-07,26.6,31.6,22.5,0.2,0.2,2.0,77,4.09,0.419,0.418,0.404,27.0,26.2,18.39721,76.56784,ERA5,Asia/Kolkata,Open-Meteo Historical Weather API
MH-Latur,2024-10-08,26.1,30.4,22.9,8.1,8.1,7.0,82,3.56,0.429,0.413,0.4,26.8,26.1,18.39721,76.56784,ERA5,Asia/Kolkata,Open-Meteo Historical Weather API
MH-Latur,2024-10-09,25.7,30.0,22.2,2.2,2.2,9.0,81,3.6,0.452,0.419,0.398,26.6,25.9,18.39721,76.56784,ERA5,Asia/Kolkata,Open-Meteo Historical Weather API
MH-Latur,2024-10-10,25.8,30.3,22.5,6.7,6.7,7.0,82,3.76,0.455,0.419,0.394,26.6,25.9,18.39721,76.56784,ERA5,Asia/Kolkata,Open-Meteo Historical Weather API
MH-Latur,2024-10-11,24.9,29.7,22.6,9.9,9.9,8.0,87,2.56,0.47,0.434,0.393,25.9,25.7,18.39721,76.56784,ERA5,Asia/Kolkata,Open-Meteo Historical Weather API
MH-Latur,2024-10-12,25.8,30.2,22.6,5.0,5.0,7.0,85,2.76,0.473,0.449,0.394,26.1,25.3,18.39721,76.56784,ERA5,Asia/Kolkata,Open-Meteo Historical Weather API
MH-Latur,2024-10-13,26.5,31.9,22.6,3.2,3.2,9.0,80,3.77,0.467,0.448,0.393,26.9,25.6,18.39721,76.56784,ERA5,Asia/Kolkata,Open-Meteo Historical Weather API
MH-Latur,2024-10-14,26.5,30.7,22.8,1.7,1.7,11.0,80,3.78,0.461,0.446,0.391,27.1,26.1,18.39721,76.56784,ERA5,Asia/Kolkata,Open-Meteo Historical Weather API
MH-Latur,2024-10-15,26.3,30.4,23.7,1.7,1.7,11.0,82,3.61,0.452,0.439,0.391,27.2,26.3,18.39721,76.56784,ERA5,Asia/Kolkata,Open-Meteo Historical Weather API
MH-Latur,2024-10-16,26.1,29.9,23.0,0.9,0.9,8.0,82,3.26,0.446,0.434,0.39,26.7,26.2,18.39721,76.56784,ERA5,Asia/Kolkata,Open-Meteo Historical Weather API
MH-Latur,2024-10-17,26.3,30.9,23.5,11.0,11.0,10.0,84,3.28,0.458,0.435,0.389,26.8,26.1,18.39721,76.56784,ERA5,Asia/Kolkata,Open-Meteo Historical Weather API
MH-Latur,2024-10-18,26.5,31.3,22.7,2.1,2.1,8.0,83,3.38,0.472,0.454,0.388,27.0,25.9,18.39721,76.56784,ERA5,Asia/Kolkata,Open-Meteo Historical Weather API
MH-Latur,2024-10-19,26.6,32.0,23.3,8.8,8.8,13.0,81,3.62,0.471,0.448,0.384,27.1,26.1,18.39721,76.56784,ERA5,Asia/Kolkata,Open-Meteo Historical Weather API
MH-Latur,2024-10-20,25.0,29.7,22.0,7.7,7.7,11.0,86,2.05,0.49,0.469,0.385,25.9,25.8,18.39721,76.56784,ERA5,Asia/Kolkata,Open-Meteo Historical Weather API
MH-Latur,2024-10-21,25.0,30.7,22.3,12.7,12.7,12.0,86,2.94,0.494,0.483,0.388,26.2,25.5,18.39721,76.56784,ERA5,Asia/Kolkata,Open-Meteo Historical Weather API
MH-Latur,2024-10-22,25.0,29.2,21.9,4.2,4.2,12.0,86,2.86,0.493,0.485,0.393,26.0,25.4,18.39721,76.56784,ERA5,Asia/Kolkata,Open-Meteo Historical Weather API
MH-Latur,2024-10-23,25.5,30.9,21.7,0.0,0.0,0.0,78,4.19,0.476,0.476,0.394,26.3,25.5,18.39721,76.56784,ERA5,Asia/Kolkata,Open-Meteo Historical Weather API
MH-Latur,2024-10-24,25.1,30.7,21.4,0.0,0.0,0.0,72,4.46,0.453,0.463,0.393,25.4,25.2,18.39721,76.56784,ERA5,Asia/Kolkata,Open-Meteo Historical Weather API
MH-Latur,2024-10-25,24.1,30.2,19.8,0.0,0.0,0.0,70,4.63,0.433,0.449,0.39,24.8,24.7,18.39721,76.56784,ERA5,Asia/Kolkata,Open-Meteo Historical Weather API
MH-Latur,2024-10-26,24.6,30.9,19.6,0.0,0.0,0.0,72,4.43,0.413,0.435,0.386,24.7,24.3,18.39721,76.56784,ERA5,Asia/Kolkata,Open-Meteo Historical Weather API
MH-Latur,2024-10-27,24.8,31.2,19.7,0.0,0.0,0.0,68,4.63,0.396,0.42,0.382,24.9,24.4,18.39721,76.56784,ERA5,Asia/Kolkata,Open-Meteo Historical Weather API
MH-Latur,2024-10-28,25.0,30.7,18.6,0.0,0.0,0.0,67,4.46,0.379,0.407,0.378,25.1,24.5,18.39721,76.56784,ERA5,Asia/Kolkata,Open-Meteo Historical Weather API
MH-Latur,2024-10-29,25.8,30.2,21.7,0.3,0.3,2.0,69,3.68,0.367,0.395,0.373,25.7,25.0,18.39721,76.56784,ERA5,Asia/Kolkata,Open-Meteo Historical Weather API
MH-Latur,2024-10-30,26.4,31.1,22.6,0.3,0.3,2.0,72,3.62,0.357,0.385,0.37,26.4,25.3,18.39721,76.56784,ERA5,Asia/Kolkata,Open-Meteo Historical Weather API
MH-Latur,2024-10-31,26.6,31.8,22.6,1.0,1.0,5.0,76,3.67,0.348,0.375,0.366,27.1,25.8,18.39721,76.56784,ERA5,Asia/Kolkata,Open-Meteo Historical Weather API
MH-Latur,2024-11-01,25.9,31.8,22.7,3.0,3.0,5.0,80,3.3,0.347,0.367,0.362,26.8,26.0,18.39721,76.56784,ERA5,Asia/Kolkata,Open-Meteo Historical Weather API
MH-Latur,2024-11-02,25.7,31.7,21.2,0.0,0.0,0.0,69,4.46,0.339,0.359,0.359,26.3,25.7,18.39721,76.56784,ERA5,Asia/Kolkata,Open-Meteo Historical Weather API
MH-Latur,2024-11-03,24.8,31.7,19.2,0.0,0.0,0.0,63,4.65,0.322,0.347,0.353,25.6,25.3,18.39721,76.56784,ERA5,Asia/Kolkata,Open-Meteo Historical Weather API
MH-Latur,2024-11-04,24.7,29.7,20.0,0.0,0.0,0.0,63,3.95,0.312,0.337,0.347,25.4,25.1,18.39721,76.56784,ERA5,Asia/Kolkata,Open-Meteo Historical Weather API
MH-Latur,2024-11-05,25.1,30.9,20.6,0.0,0.0,0.0,58,4.44,0.3,0.327,0.342,25.7,25.3,18.39721,76.56784,ERA5,Asia/Kolkata,Open-Meteo Historical Weather API
MH-Latur,2024-11-06,24.5,31.1,18.1,0.0,0.0,0.0,62,4.52,0.289,0.317,0.337,25.4,25.2,18.39721,76.56784,ERA5,Asia/Kolkata,Open-Meteo Historical Weather API
MH-Latur,2024-11-07,24.6,30.9,19.2,0.0,0.0,0.0,63,4.4,0.283,0.308,0.332,25.7,25.3,18.39721,76.56784,ERA5,Asia/Kolkata,Open-Meteo Historical Weather API
MH-Latur,2024-11-08,24.3,30.9,19.8,0.0,0.0,0.0,61,4.44,0.277,0.301,0.328,25.6,25.4,18.39721,76.56784,ERA5,Asia/Kolkata,Open-Meteo Historical Weather API
MH-Latur,2024-11-09,23.9,31.1,17.6,0.0,0.0,0.0,61,3.81,0.275,0.297,0.326,24.9,24.9,18.39721,76.56784,ERA5,Asia/Kolkata,Open-Meteo Historical Weather API
MH-Latur,2024-11-10,23.7,30.7,18.1,0.0,0.0,0.0,58,4.24,0.273,0.295,0.326,25.0,24.9,18.39721,76.56784,ERA5,Asia/Kolkata,Open-Meteo Historical Weather API
MH-Latur,2024-11-11,23.4,29.9,17.6,0.0,0.0,0.0,61,4.3,0.272,0.295,0.326,24.7,24.8,18.39721,76.56784,ERA5,Asia/Kolkata,Open-Meteo Historical Weather API
MH-Latur,2024-11-12,23.4,30.3,17.0,0.0,0.0,0.0,64,4.5,0.271,0.294,0.326,24.6,24.6,18.39721,76.56784,ERA5,Asia/Kolkata,Open-Meteo Historical Weather API
MH-Latur,2024-11-13,23.9,30.7,18.0,0.0,0.0,0.0,62,4.14,0.271,0.291,0.325,25.0,24.8,18.39721,76.56784,ERA5,Asia/Kolkata,Open-Meteo Historical Weather API
MH-Latur,2024-11-14,25.1,30.8,20.0,0.0,0.0,0.0,64,3.9,0.271,0.291,0.326,25.8,25.2,18.39721,76.56784,ERA5,Asia/Kolkata,Open-Meteo Historical Weather API
MH-Latur,2024-11-15,25.8,31.1,20.7,0.0,0.0,0.0,62,3.98,0.27,0.291,0.326,26.7,25.7,18.39721,76.56784,ERA5,Asia/Kolkata,Open-Meteo Historical Weather API
MH-Latur,2024-11-16,25.2,31.1,21.1,0.0,0.0,0.0,59,4.5,0.269,0.29,0.325,26.6,26.0,18.39721,76.56784,ERA5,Asia/Kolkata,Open-Meteo Historical Weather API
MH-Latur,2024-11-17,23.7,30.1,19.2,0.0,0.0,0.0,56,4.6,0.268,0.289,0.324,25.6,25.8,18.39721,76.56784,ERA5,Asia/Kolkata,Open-Meteo Historical Weather API
MH-Latur,2024-11-18,21.9,29.1,15.9,0.0,0.0,0.0,57,4.55,0.269,0.288,0.324,24.0,24.7,18.39721,76.56784,ERA5,Asia/Kolkata,Open-Meteo Historical Weather API
MH-Latur,2024-11-19,21.8,28.7,15.9,0.0,0.0,0.0,60,4.27,0.269,0.287,0.323,23.4,23.9,18.39721,76.56784,ERA5,Asia/Kolkata,Open-Meteo Historical Weather API
MH-Latur,2024-11-20,21.3,28.5,15.5,0.0,0.0,0.0,57,4.34,0.268,0.286,0.323,23.3,23.7,18.39721,76.56784,ERA5,Asia/Kolkata,Open-Meteo Historical Weather API
MH-Latur,2024-11-21,21.4,28.5,15.1,0.0,0.0,0.0,60,4.19,0.268,0.288,0.324,23.1,23.4,18.39721,76.56784,ERA5,Asia/Kolkata,Open-Meteo Historical Weather API
MH-Latur,2024-11-22,21.4,28.5,15.6,0.0,0.0,0.0,62,4.15,0.268,0.289,0.325,23.2,23.4,18.39721,76.56784,ERA5,Asia/Kolkata,Open-Meteo Historical Weather API
MH-Latur,2024-11-23,21.5,28.7,14.8,0.0,0.0,0.0,63,4.11,0.267,0.29,0.326,23.2,23.5,18.39721,76.56784,ERA5,Asia/Kolkata,Open-Meteo Historical Weather API
MH-Latur,2024-11-24,21.0,28.3,15.2,0.0,0.0,0.0,63,4.12,0.267,0.291,0.327,23.0,23.5,18.39721,76.56784,ERA5,Asia/Kolkata,Open-Meteo Historical Weather API
MH-Latur,2024-11-25,20.1,27.0,14.0,0.0,0.0,0.0,63,3.97,0.266,0.291,0.327,22.1,23.0,18.39721,76.56784,ERA5,Asia/Kolkata,Open-Meteo Historical Weather API
MH-Latur,2024-11-26,20.0,27.7,13.1,0.0,0.0,0.0,58,4.29,0.265,0.29,0.327,21.7,22.5,18.39721,76.56784,ERA5,Asia/Kolkata,Open-Meteo Historical Weather API
MH-Latur,2024-11-27,20.1,27.4,14.4,0.0,0.0,0.0,54,4.38,0.266,0.291,0.328,21.5,22.3,18.39721,76.56784,ERA5,Asia/Kolkata,Open-Meteo Historical Weather API
MH-Latur,2024-11-28,19.9,26.8,14.4,0.0,0.0,0.0,54,4.62,0.269,0.292,0.329,21.3,22.1,18.39721,76.56784,ERA5,Asia/Kolkata,Open-Meteo Historical Weather API
MH-Latur,2024-11-29,20.1,28.2,13.1,0.0,0.0,0.0,56,4.36,0.269,0.291,0.329,21.3,21.8,18.39721,76.56784,ERA5,Asia/Kolkata,Open-Meteo Historical Weather API
MH-Latur,2024-11-30,21.4,27.6,15.4,0.0,0.0,0.0,64,3.75,0.27,0.292,0.33,22.3,22.2,18.39721,76.56784,ERA5,Asia/Kolkata,Open-Meteo Historical Weather API
MH-Latur,2024-12-01,23.7,28.0,19.4,0.0,0.0,0.0,69,3.13,0.269,0.291,0.329,24.0,23.3,18.39721,76.56784,ERA5,Asia/Kolkata,Open-Meteo Historical Weather API
MH-Latur,2024-12-02,23.3,25.0,20.8,0.3,0.3,1.0,81,1.62,0.275,0.292,0.33,23.8,23.9,18.39721,76.56784,ERA5,Asia/Kolkata,Open-Meteo Historical Weather API
MH-Latur,2024-12-03,24.2,27.6,21.7,0.2,0.2,2.0,80,2.15,0.284,0.295,0.333,24.5,23.9,18.39721,76.56784,ERA5,Asia/Kolkata,Open-Meteo Historical Weather API
MH-Latur,2024-12-04,24.6,28.2,22.0,0.9,0.9,8.0,80,2.54,0.289,0.298,0.335,25.2,24.2,18.39721,76.56784,ERA5,Asia/Kolkata,Open-Meteo Historical Weather API
MH-Latur,2024-12-05,25.6,30.8,21.0,0.1,0.1,1.0,76,3.19,0.289,0.295,0.333,26.2,24.7,18.39721,76.56784,ERA5,Asia/Kolkata,Open-Meteo Historical Weather API
MH-Latur,2024-12-06,25.2,29.4,22.1,1.3,1.3,10.0,79,2.6,0.29,0.295,0.333,26.4,25.3,18.39721,76.56784,ERA5,Asia/Kolkata,Open-Meteo Historical Weather API
MH-Latur,2024-12-07,25.0,29.7,21.7,0.6,0.6,5.0,79,2.71,0.295,0.295,0.333,26.0,25.3,18.39721,76.56784,ERA5,Asia/Kolkata,Open-Meteo Historical Weather API
MH-Latur,2024-12-08,24.5,29.7,20.8,1.0,1.0,8.0,79,2.78,0.298,0.297,0.335,25.4,25.0,18.39721,76.56784,ERA5,Asia/Kolkata,Open-Meteo Historical Weather API
MH-Latur,2024-12-09,23.3,29.0,19.7,0.6,0.6,6.0,70,3.48,0.298,0.295,0.334,24.8,24.6,18.39721,76.56784,ERA5,Asia/Kolkata,Open-Meteo Historical Weather API
MH-Latur,2024-12-10,21.4,27.9,16.4,0.0,0.0,0.0,59,3.83,0.295,0.296,0.335,23.3,23.8,18.39721,76.56784,ERA5,Asia/Kolkata,Open-Meteo Historical Weather API
MH-Latur,2024-12-11,21.3,28.2,16.2,0.0,0.0,0.0,63,3.94,0.29,0.296,0.335,23.0,23.2,18.39721,76.56784,ERA5,Asia/Kolkata,Open-Meteo Historical Weather API
MH-Latur,2024-12-12,20.7,28.2,14.6,0.0,0.0,0.0,56,4.07,0.287,0.295,0.335,22.3,22.8,18.39721,76.56784,ERA5,Asia/Kolkata,Open-Meteo Historical Weather API
MH-Latur,2024-12-13,20.1,27.5,14.6,0.0,0.0,0.0,54,4.14,0.284,0.295,0.335,21.7,22.3,18.39721,76.56784,ERA5,Asia/Kolkata,Open-Meteo Historical Weather API
MH-Latur,2024-12-14,19.2,27.1,13.4,0.0,0.0,0.0,56,4.12,0.282,0.294,0.335,21.0,21.8,18.39721,76.56784,ERA5,Asia/Kolkata,Open-Meteo Historical Weather API
MH-Latur,2024-12-15,18.7,27.5,12.0,0.0,0.0,0.0,52,4.18,0.283,0.292,0.333,20.2,21.2,18.39721,76.56784,ERA5,Asia/Kolkata,Open-Meteo Historical Weather API
MH-Latur,2024-12-16,18.2,28.1,9.9,0.0,0.0,0.0,52,4.27,0.281,0.291,0.332,19.5,20.6,18.39721,76.56784,ERA5,Asia/Kolkata,Open-Meteo Historical Weather API
MH-Latur,2024-12-17,19.0,29.4,10.4,0.0,0.0,0.0,55,4.24,0.279,0.288,0.33,20.0,20.5,18.39721,76.56784,ERA5,Asia/Kolkata,Open-Meteo Historical Weather API
MH-Latur,2024-12-18,19.8,29.2,13.2,0.0,0.0,0.0,53,4.16,0.275,0.283,0.326,20.3,20.7,18.39721,76.56784,ERA5,Asia/Kolkata,Open-Meteo Historical Weather API
MH-Latur,2024-12-19,20.7,30.1,12.2,0.0,0.0,0.0,53,4.08,0.273,0.282,0.325,21.3,21.2,18.39721,76.56784,ERA5,Asia/Kolkata,Open-Meteo Historical Weather API
MH-Latur,2024-12-20,22.6,30.2,16.7,0.0,0.0,0.0,57,3.94,0.274,0.284,0.326,22.9,22.3,18.39721,76.56784,ERA5,Asia/Kolkata,Open-Meteo Historical Weather API
MH-Latur,2024-12-21,23.3,29.0,19.0,0.2,0.2,2.0,68,2.9,0.274,0.289,0.33,23.6,23.2,18.39721,76.56784,ERA5,Asia/Kolkata,Open-Meteo Historical Weather API
MH-Latur,2024-12-22,23.7,29.1,19.8,0.0,0.0,0.0,64,3.28,0.275,0.292,0.332,24.2,23.8,18.39721,76.56784,ERA5,Asia/Kolkata,Open-Meteo Historical Weather API
MH-Latur,2024-12-23,23.6,28.9,20.1,0.3,0.3,3.0,70,2.92,0.279,0.294,0.334,24.0,23.9,18.39721,76.56784,ERA5,Asia/Kolkata,Open-Meteo Historical Weather API
MH-Latur,2024-12-24,24.1,30.3,20.4,0.0,0.0,0.0,64,3.66,0.28,0.294,0.334,24.8,24.1,18.39721,76.56784,ERA5,Asia/Kolkata,Open-Meteo Historical Weather API
MH-Latur,2024-12-25,23.2,28.9,19.1,0.2,0.2,2.0,67,3.36,0.28,0.297,0.336,24.1,24.0,18.39721,76.56784,ERA5,Asia/Kolkata,Open-Meteo Historical Weather API
MH-Latur,2024-12-26,22.3,27.1,18.3,0.5,0.5,5.0,80,2.52,0.285,0.302,0.342,23.4,23.6,18.39721,76.56784,ERA5,Asia/Kolkata,Open-Meteo Historical Weather API
MH-Latur,2024-12-27,23.3,28.6,20.5,2.2,2.2,10.0,79,2.48,0.297,0.302,0.342,23.8,23.5,18.39721,76.56784,ERA5,Asia/Kolkata,Open-Meteo Historical Weather API
MH-Latur,2024-12-28,23.9,30.7,19.0,0.0,0.0,0.0,66,3.98,0.295,0.297,0.338,24.5,23.6,18.39721,76.56784,ERA5,Asia/Kolkata,Open-Meteo Historical Weather API
MH-Latur,2024-12-29,23.9,30.1,19.5,0.0,0.0,0.0,68,3.55,0.29,0.296,0.338,24.9,24.0,18.39721,76.56784,ERA5,Asia/Kolkata,Open-Meteo Historical Weather API
MH-Latur,2024-12-30,24.0,29.8,19.3,0.0,0.0,0.0,68,3.84,0.287,0.298,0.339,25.0,24.2,18.39721,76.56784,ERA5,Asia/Kolkata,Open-Meteo Historical Weather API
MH-Latur,2024-12-31,23.8,30.4,19.4,0.0,0.0,0.0,64,4.15,0.284,0.297,0.339,25.0,24.5,18.39721,76.56784,ERA5,Asia/Kolkata,Open-Meteo Historical Weather API
MH-Latur,2025-01-01,22.3,28.8,18.2,0.0,0.0,0.0,72,3.48,0.282,0.297,0.34,23.8,24.0,18.39721,76.56784,ERA5,Asia/Kolkata,Open-Meteo Historical Weather API
MH-Latur,2025-01-02,21.6,29.3,16.4,0.0,0.0,0.0,65,4.04,0.28,0.297,0.34,22.9,23.3,18.39721,76.56784,ERA5,Asia/Kolkata,Open-Meteo Historical Weather API
MH-Latur,2025-01-03,21.1,29.9,14.4,0.0,0.0,0.0,51,4.61,0.277,0.294,0.338,22.2,22.7,18.39721,76.56784,ERA5,Asia/Kolkata,Open-Meteo Historical Weather API
MH-Latur,2025-01-04,20.9,30.1,12.5,0.0,0.0,0.0,50,4.57,0.275,0.288,0.333,21.7,22.1,18.39721,76.56784,ERA5,Asia/Kolkata,Open-Meteo Historical Weather API
MH-Latur,2025-01-05,21.3,30.7,14.6,0.0,0.0,0.0,49,4.53,0.272,0.285,0.33,22.3,22.1,18.39721,76.56784,ERA5,Asia/Kolkata,Open-Meteo Historical Weather API
MH-Latur,2025-01-06,21.9,30.5,15.8,0.0,0.0,0.0,55,4.26,0.271,0.288,0.332,22.8,22.4,18.39721,76.56784,ERA5,Asia/Kolkata,Open-Meteo Historical Weather API
MH-Latur,2025-01-07,21.3,28.4,16.3,0.0,0.0,0.0,64,3.99,0.273,0.291,0.334,22.7,22.7,18.39721,76.56784,ERA5,Asia/Kolkata,Open-Meteo Historical Weather API
MH-Latur,2025-01-08,20.0,27.2,14.8,0.0,0.0,0.0,60,4.06,0.277,0.294,0.336,22.0,22.5,18.39721,76.56784,ERA5,Asia/Kolkata,Open-Meteo Historical Weather API
MH-Latur,2025-01-09,19.5,26.7,13.0,0.0,0.0,0.0,56,4.15,0.279,0.297,0.339,21.1,21.7,18.39721,76.56784,ERA5,Asia/Kolkata,Open-Meteo Historical Weather API
MH-Latur,2025-01-10,20.7,27.4,15.0,0.0,0.0,0.0,63,3.95,0.283,0.299,0.341,21.7,21.8,18.39721,76.56784,ERA5,Asia/Kolkata,Open-Meteo Historical Weather API
MH-Latur,2025-01-11,21.6,26.8,17.1,0.0,0.0,0.0,71,2.96,0.288,0.304,0.345,22.3,22.2,18.39721,76.56784,ERA5,Asia/Kolkata,Open-Meteo Historical Weather API
MH-Latur,2025-01-12,22.4,27.9,17.9,0.0,0.0,0.0,72,3.14,0.291,0.308,0.348,23.1,22.6,18.39721,76.56784,ERA5,Asia/Kolkata,Open-Meteo Historical Weather API
MH-Latur,2025-01-13,22.0,27.0,17.5,0.1,0.1,1.0,72,3.16,0.294,0.311,0.352,23.1,23.0,18.39721,76.56784,ERA5,Asia/Kolkata,Open-Meteo Historical Weather API
MH-Latur,2025-01-14,22.6,28.6,17.5,0.0,0.0,0.0,65,3.8,0.295,0.315,0.356,23.2,23.0,18.39721,76.56784,ERA5,Asia/Kolkata,Open-Meteo Historical Weather API
MH-Latur,2025-01-15,22.2,27.2,18.0,0.0,0.0,0.0,69,3.07,0.299,0.32,0.361,22.8,22.9,18.39721,76.56784,ERA5,Asia/Kolkata,Open-Meteo Historical Weather API
MH-Latur,2025-01-16,22.8,28.2,19.4,0.0,0.0,0.0,66,3.57,0.298,0.321,0.362,23.6,23.0,18.39721,76.56784,ERA5,Asia/Kolkata,Open-Meteo Historical Weather API
MH-Latur,2025-01-17,22.4,28.1,18.5,0.0,0.0,0.0,64,4.05,0.296,0.321,0.363,23.3,23.1,18.39721,76.56784,ERA5,Asia/Kolkata,Open-Meteo Historical Weather API
MH-Latur,2025-01-18,21.0,27.8,15.3,0.0,0.0,0.0,62,4.3,0.296,0.321,0.364,22.2,22.4,18.39721,76.56784,ERA5,Asia/Kolkata,Open-Meteo Historical Weather API
MH-Latur,2025-01-19,21.0,28.4,15.1,0.0,0.0,0.0,62,4.26,0.295,0.32,0.364,22.0,22.1,18.39721,76.56784,ERA5,Asia/Kolkata,Open-Meteo Historical Weather API
MH-Latur,2025-01-20,21.0,29.3,14.0,0.0,0.0,0.0,58,4.45,0.292,0.316,0.362,21.9,21.9,18.39721,76.56784,ERA5,Asia/Kolkata,Open-Meteo Historical Weather API
MH-Latur,2025-01-21,21.2,30.1,13.3,0.0,0.0,0.0,54,4.6,0.287,0.31,0.358,21.8,21.8,18.39721,76.56784,ERA5,Asia/Kolkata,Open-Meteo Historical Weather API
MH-Latur,2025-01-22,22.3,31.8,15.3,0.0,0.0,0.0,50,4.91,0.281,0.305,0.354,22.6,22.1,18.39721,76.56784,ERA5,Asia/Kolkata,Open-Meteo Historical Weather API
MH-Latur,2025-01-23,22.9,31.2,15.9,0.0,0.0,0.0,52,4.86,0.282,0.305,0.355,23.1,22.5,18.39721,76.56784,ERA5,Asia/Kolkata,Open-Meteo Historical Weather API
MH-Latur,2025-01-24,23.2,31.9,15.9,0.0,0.0,0.0,58,4.58,0.283,0.307,0.357,23.6,22.7,18.39721,76.56784,ERA5,Asia/Kolkata,Open-Meteo Historical Weather API
MH-Latur,2025-01-25,23.9,32.2,17.6,0.0,0.0,0.0,58,4.68,0.28,0.304,0.355,24.4,23.4,18.39721,76.56784,ERA5,Asia/Kolkata,Open-Meteo Historical Weather API
MH-Latur,2025-01-26,24.0,32.0,18.0,0.0,0.0,0.0,53,4.87,0.278,0.302,0.354,24.5,23.6,18.39721,76.56784,ERA5,Asia/Kolkata,Open-Meteo Historical Weather API
MH-Latur,2025-01-27,24.0,32.4,17.8,0.0,0.0,0.0,55,4.73,0.275,0.299,0.351,24.4,23.7,18.39721,76.56784,ERA5,Asia/Kolkata,Open-Meteo Historical Weather API
MH-Latur,2025-01-28,24.1,32.8,17.0,0.0,0.0,0.0,58,4.6,0.275,0.297,0.35,24.7,24.0,18.39721,76.56784,ERA5,Asia/Kolkata,Open-Meteo Historical Weather API
MH-Latur,2025-01-29,24.3,32.2,18.3,0.0,0.0,0.0,58,4.63,0.277,0.299,0.352,25.1,24.3,18.39721,76.56784,ERA5,Asia/Kolkata,Open-Meteo Historical Weather API
MH-Latur,2025-01-30,24.8,31.9,19.1,0.0,0.0,0.0,58,4.87,0.274,0.298,0.351,25.4,24.6,18.39721,76.56784,ERA5,Asia/Kolkata,Open-Meteo Historical Weather API
MH-Latur,2025-01-31,25.2,33.0,18.7,0.0,0.0,0.0,51,5.21,0.272,0.297,0.35,25.6,24.8,18.39721,76.56784,ERA5,Asia/Kolkata,Open-Meteo Historical Weather API
MH-Latur,2025-02-01,24.8,32.8,18.3,0.0,0.0,0.0,52,5.04,0.27,0.297,0.349,25.5,24.9,18.39721,76.56784,ERA5,Asia/Kolkata,Open-Meteo Historical Weather API
MH-Latur,2025-02-02,24.9,32.8,18.1,0.0,0.0,0.0,56,4.71,0.268,0.296,0.348,25.6,25.0,18.39721,76.56784,ERA5,Asia/Kolkata,Open-Meteo Historical Weather API
MH-Latur,2025-02-03,25.8,33.0,19.4,0.0,0.0,0.0,48,5.37,0.268,0.293,0.346,26.1,25.3,18.39721,76.56784,ERA5,Asia/Kolkata,Open-Meteo Historical Weather API
MH-Latur,2025-02-04,25.7,34.0,19.0,0.0,0.0,0.0,39,5.84,0.265,0.291,0.344,26.1,25.4,18.39721,76.56784,ERA5,Asia/Kolkata,Open-Meteo Historical Weather API
MH-Latur,2025-02-05,24.7,32.1,18.7,0.0,0.0,0.0,49,4.91,0.264,0.289,0.342,26.0,25.4,18.39721,76.56784,ERA5,Asia/Kolkata,Open-Meteo Historical Weather API
MH-Latur,2025-02-06,25.0,31.7,18.8,0.0,0.0,0.0,55,4.76,0.262,0.289,0.341,26.1,25.4,18.39721,76.56784,ERA5,Asia/Kolkata,Open-Meteo Historical Weather API
MH-Latur,2025-02-07,25.9,32.0,20.5,0.0,0.0,0.0,53,4.62,0.26,0.287,0.339,26.8,25.8,18.39721,76.56784,ERA5,Asia/Kolkata,Open-Meteo Historical Weather API
MH-Latur,2025-02-08,26.7,32.7,22.1,0.0,0.0,0.0,50,5.06,0.257,0.286,0.338,27.7,26.3,18.39721,76.56784,ERA5,Asia/Kolkata,Open-Meteo Historical Weather API
MH-Latur,2025-02-09,26.3,32.9,20.5,0.0,0.0,0.0,52,4.97,0.258,0.287,0.338,27.5,26.6,18.39721,76.56784,ERA5,Asia/Kolkata,Open-Meteo Historical Weather API
MH-Latur,2025-02-10,26.3,32.4,21.6,0.0,0.0,0.0,54,4.66,0.261,0.29,0.339,27.5,26.7,18.39721,76.56784,ERA5,Asia/Kolkata,Open-Meteo Historical Weather API
MH-Latur,2025-02-11,27.3,33.3,22.4,0.0,0.0,0.0,54,4.74,0.262,0.29,0.338,28.2,27.0,18.39721,76.56784,ERA5,Asia/Kolkata,Open-Meteo Historical Weather API
MH-Latur,2025-02-12,26.9,33.8,21.8,0.0,0.0,0.0,49,5.28,0.263,0.288,0.337,28.2,27.4,18.39721,76.56784,ERA5,Asia/Kolkata,Open-Meteo Historical Weather API
MH-Latur,2025-02-13,24.9,32.0,18.6,0.0,0.0,0.0,42,5.56,0.264,0.288,0.337,26.6,26.5,18.39721,76.56784,ERA5,Asia/Kolkata,Open-Meteo Historical Weather API
MH-Latur,2025-02-14,24.2,31.3,17.3,0.0,0.0,0.0,41,5.55,0.265,0.289,0.336,25.8,25.8,18.39721,76.56784,ERA5,Asia/Kolkata,Open-Meteo Historical Weather API
MH-Latur,2025-02-15,25.0,33.3,16.4,0.0,0.0,0.0,38,5.63,0.263,0.285,0.333,25.4,25.4,18.39721,76.56784,ERA5,Asia/Kolkata,Open-Meteo Historical Weather API
MH-Latur,2025-02-16,26.2,34.4,18.1,0.0,0.0,0.0,36,5.27,0.26,0.283,0.331,26.1,25.4,18.39721,76.56784,ERA5,Asia/Kolkata,Open-Meteo Historical Weather API
MH-Latur,2025-02-17,26.3,34.0,20.1,0.0,0.0,0.0,35,5.39,0.259,0.28,0.328,26.6,25.8,18.39721,76.56784,ERA5,Asia/Kolkata,Open-Meteo Historical Weather API
MH-Latur,2025-02-18,27.1,34.6,18.4,0.0,0.0,0.0,41,5.16,0.258,0.278,0.325,27.5,26.4,18.39721,76.56784,ERA5,Asia/Kolkata,Open-Meteo Historical Weather API
MH-Latur,2025-02-19,27.2,34.3,19.5,0.0,0.0,0.0,43,5.32,0.259,0.279,0.324,28.1,26.9,18.39721,76.56784,ERA5,Asia/Kolkata,Open-Meteo Historical Weather API
MH-Latur,2025-02-20,26.8,33.8,20.2,0.0,0.0,0.0,40,5.93,0.261,0.28,0.324,27.9,27.1,18.39721,76.56784,ERA5,Asia/Kolkata,Open-Meteo Historical Weather API
MH-Latur,2025-02-21,26.9,33.9,20.0,0.0,0.0,0.0,38,6.02,0.26,0.279,0.322,28.0,27.1,18.39721,76.56784,ERA5,Asia/Kolkata,Open-Meteo Historical Weather API
MH-Latur,2025-02-22,26.7,34.4,19.5,0.0,0.0,0.0,39,5.97,0.261,0.277,0.319,27.8,27.1,18.39721,76.56784,ERA5,Asia/Kolkata,Open-Meteo Historical Weather API
MH-Latur,2025-02-23,26.1,34.0,18.4,0.0,0.0,0.0,38,6.03,0.263,0.279,0.32,27.6,26.9,18.39721,76.56784,ERA5,Asia/Kolkata,Open-Meteo Historical Weather API
MH-Latur,2025-02-24,26.9,33.8,20.4,0.0,0.0,0.0,37,5.94,0.265,0.281,0.321,27.5,26.7,18.39721,76.56784,ERA5,Asia/Kolkata,Open-Meteo Historical Weather API
MH-Latur,2025-02-25,25.9,32.7,18.6,0.0,0.0,0.0,41,5.92,0.266,0.283,0.321,27.3,26.7,18.39721,76.56784,ERA5,Asia/Kolkata,Open-Meteo Historical Weather API
MH-Latur,2025-02-26,26.3,33.5,19.8,0.0,0.0,0.0,45,6.07,0.27,0.284,0.322,27.5,26.7,18.39721,76.56784,ERA5,Asia/Kolkata,Open-Meteo Historical Weather API
MH-Latur,2025-02-27,26.3,33.9,19.1,0.0,0.0,0.0,45,5.96,0.269,0.285,0.322,27.7,26.8,18.39721,76.56784,ERA5,Asia/Kolkata,Open-Meteo Historical Weather API
MH-Latur,2025-02-28,27.1,34.5,20.9,0.0,0.0,0.0,48,5.97,0.272,0.289,0.324,28.1,27.2,18.39721,76.56784,ERA5,Asia/Kolkata,Open-Meteo Historical Weather API
MH-Latur,2025-03-01,27.2,35.0,21.2,0.0,0.0,0.0,48,6.01,0.275,0.293,0.328,28.5,27.5,18.39721,76.56784,ERA5,Asia/Kolkata,Open-Meteo Historical Weather API
MH-Latur,2025-03-02,28.0,35.1,21.6,0.0,0.0,0.0,43,5.65,0.274,0.295,0.329,28.9,27.6,18.39721,76.56784,ERA5,Asia/Kolkata,Open-Meteo Historical Weather API
MH-Latur,2025-03-03,28.2,35.2,21.5,0.0,0.0,0.0,40,6.43,0.275,0.293,0.327,28.9,28.0,18.39721,76.56784,ERA5,Asia/Kolkata,Open-Meteo Historical Weather API
MH-Latur,2025-03-04,27.5,35.1,20.1,0.0,0.0,0.0,39,6.51,0.274,0.292,0.326,28.3,27.8,18.39721,76.56784,ERA5,Asia/Kolkata,Open-Meteo Historical Weather API
MH-Latur,2025-03-05,26.4,33.3,20.7,0.0,0.0,0.0,38,6.8,0.275,0.293,0.327,27.7,27.4,18.39721,76.56784,ERA5,Asia/Kolkata,Open-Meteo Historical Weather API
MH-Latur,2025-03-06,24.8,32.8,16.7,0.0,0.0,0.0,27,6.66,0.273,0.294,0.328,26.2,26.4,18.39721,76.56784,ERA5,Asia/Kolkata,Open-Meteo Historical Weather API
MH-Latur,2025-03-07,25.6,34.8,16.9,0.0,0.0,0.0,29,6.4,0.269,0.291,0.326,25.9,25.9,18.39721,76.56784,ERA5,Asia/Kolkata,Open-Meteo Historical Weather API
MH-Latur,2025-03-08,27.0,36.1,17.8,0.0,0.0,0.0,30,6.45,0.27,0.287,0.323,27.2,26.2,18.39721,76.56784,ERA5,Asia/Kolkata,Open-Meteo Historical Weather API
MH-Latur,2025-03-09,27.6,35.9,19.6,0.0,0.0,0.0,35,6.42,0.268,0.287,0.322,28.2,27.0,18.39721,76.56784,ERA5,Asia/Kolkata,Open-Meteo Historical Weather API
MH-Latur,2025-03-10,28.0,35.1,22.0,0.0,0.0,0.0,46,6.53,0.267,0.288,0.323,28.9,27.8,18.39721,76.56784,ERA5,Asia/Kolkata,Open-Meteo Historical Weather API
MH-Latur,2025-03-11,28.2,35.6,21.4,0.0,0.0,0.0,47,6.49,0.266,0.291,0.324,29.3,28.2,18.39721,76.56784,ERA5,Asia/Kolkata,Open-Meteo Historical Weather API
MH-Latur,2025-03-12,29.2,37.2,21.6,0.0,0.0,0.0,42,6.5,0.265,0.29,0.323,30.1,28.5,18.39721,76.56784,ERA5,Asia/Kolkata,Open-Meteo Historical Weather API
MH-Latur,2025-03-13,30.5,37.7,23.4,0.0,0.0,0.0,36,6.59,0.262,0.287,0.321,31.0,29.2,18.39721,76.56784,ERA5,Asia/Kolkata,Open-Meteo Historical Weather API
MH-Latur,2025-03-14,31.0,38.1,25.3,0.0,0.0,0.0,35,6.55,0.261,0.285,0.319,31.8,30.0,18.39721,76.56784,ERA5,Asia/Kolkata,Open-Meteo Historical Weather API
MH-Latur,2025-03-15,30.0,37.0,23.0,0.0,0.0,0.0,39,5.99,0.267,0.286,0.319,31.1,30.1,18.39721,76.56784,ERA5,Asia/Kolkata,Open-Meteo Historical Weather API
MH-Latur,2025-03-16,30.7,38.4,24.6,0.0,0.0,0.0,36,6.62,0.268,0.286,0.318,31.2,30.0,18.39721,76.56784,ERA5,Asia/Kolkata,Open-Meteo Historical Weather API
MH-Latur,2025-03-17,29.9,36.8,24.2,0.0,0.0,0.0,34,6.62,0.265,0.285,0.318,31.1,30.0,18.39721,76.56784,ERA5,Asia/Kolkata,Open-Meteo Historical Weather API
MH-Latur,2025-03-18,30.4,37.5,23.2,0.0,0.0,0.0,34,6.57,0.262,0.285,0.317,31.3,30.0,18.39721,76.56784,ERA5,Asia/Kolkata,Open-Meteo Historical Weather API
MH-Latur,2025-03-19,31.3,37.9,24.6,0.0,0.0,0.0,35,7.39,0.261,0.283,0.314,31.7,30.4,18.39721,76.56784,ERA5,Asia/Kolkata,Open-Meteo Historical Weather API
MH-Latur,2025-03-20,30.0,36.9,24.8,0.5,0.5,2.0,45,5.84,0.265,0.282,0.313,31.8,30.7,18.39721,76.56784,ERA5,Asia/Kolkata,Open-Meteo Historical Weather API
MH-Latur,2025-03-21,29.2,34.8,24.6,0.3,0.3,3.0,43,5.67,0.273,0.284,0.316,31.3,30.5,18.39721,76.56784,ERA5,Asia/Kolkata,Open-Meteo Historical Weather API
MH-Latur,2025-03-22,28.3,35.2,21.6,0.0,0.0,0.0,42,5.82,0.269,0.285,0.316,30.3,29.9,18.39721,76.56784,ERA5,Asia/Kolkata,Open-Meteo Historical Weather API
MH-Latur,2025-03-23,29.1,36.5,22.6,0.0,0.0,0.0,50,5.33,0.266,0.284,0.315,30.9,29.9,18.39721,76.56784,ERA5,Asia/Kolkata,Open-Meteo Historical Weather API
MH-Latur,2025-03-24,28.9,36.7,22.5,0.0,0.0,0.0,44,6.15,0.266,0.285,0.314,30.8,30.0,18.39721,76.56784,ERA5,Asia/Kolkata,Open-Meteo Historical Weather API
MH-Latur,2025-03-25,29.3,37.2,21.7,0.0,0.0,0.0,44,6.39,0.269,0.29,0.318,30.9,30.1,18.39721,76.56784,ERA5,Asia/Kolkata,Open-Meteo Historical Weather API
MH-Latur,2025-03-26,30.4,38.0,23.4,0.0,0.0,0.0,39,6.17,0.266,0.288,0.317,31.3,30.2,18.39721,76.56784,ERA5,Asia/Kolkata,Open-Meteo Historical Weather API
MH-Latur,2025-03-27,31.3,37.8,25.7,0.0,0.0,0.0,36,6.5,0.263,0.285,0.315,32.5,30.9,18.39721,76.56784,ERA5,Asia/Kolkata,Open-Meteo Historical Weather API
MH-Latur,2025-03-28,31.1,37.7,26.1,0.0,0.0,0.0,36,7.11,0.259,0.283,0.313,32.5,31.2,18.39721,76.56784,ERA5,Asia/Kolkata,Open-Meteo Historical Weather API
MH-Latur,2025-03-29,31.1,37.8,25.9,0.0,0.0,0.0,36,6.45,0.265,0.285,0.316,32.0,31.2,18.39721,76.56784,ERA5,Asia/Kolkata,Open-Meteo Historical Weather API
MH-Latur,2025-03-30,31.1,37.8,25.5,0.0,0.0,0.0,38,5.81,0.269,0.287,0.318,32.1,31.1,18.39721,76.56784,ERA5,Asia/Kolkata,Open-Meteo Historical Weather API
MH-Latur,2025-03-31,31.3,37.9,25.8,0.0,0.0,0.0,37,6.07,0.265,0.286,0.317,32.5,31.4,18.39721,76.56784,ERA5,Asia/Kolkata,Open-Meteo Historical Weather API
MH-Latur,2025-04-01,30.2,36.3,25.4,0.0,0.0,0.0,39,5.82,0.265,0.289,0.32,31.8,31.4,18.39721,76.56784,ERA5,Asia/Kolkata,Open-Meteo Historical Weather API
MH-Latur,2025-04-02,28.9,33.6,24.7,0.3,0.3,2.0,47,6.01,0.265,0.294,0.324,31.0,30.9,18.39721,76.56784,ERA5,Asia/Kolkata,Open-Meteo Historical Weather API
MH-Latur,2025-04-03,27.0,34.0,22.7,5.8,5.8,6.0,61,4.76,0.291,0.293,0.324,30.0,30.4,18.39721,76.56784,ERA5,Asia/Kolkata,Open-Meteo Historical Weather API
MH-Latur,2025-04-04,27.4,34.1,21.8,0.1,0.1,1.0,62,5.56,0.358,0.295,0.326,29.6,29.5,18.39721,76.56784,ERA5,Asia/Kolkata,Open-Meteo Historical Weather API
MH-Latur,2025-04-05,29.1,36.0,23.0,0.0,0.0,0.0,49,6.07,0.333,0.292,0.323,30.3,29.5,18.39721,76.56784,ERA5,Asia/Kolkata,Open-Meteo Historical Weather API
MH-Latur,2025-04-06,30.2,38.2,22.3,0.0,0.0,0.0,38,7.04,0.312,0.288,0.319,30.7,29.7,18.39721,76.56784,ERA5,Asia/Kolkata,Open-Meteo Historical Weather API
MH-Latur,2025-04-07,31.5,39.4,23.6,0.0,0.0,0.0,33,7.2,0.295,0.284,0.316,31.5,30.2,18.39721,76.56784,ERA5,Asia/Kolkata,Open-Meteo Historical Weather API
MH-Latur,2025-04-08,31.7,38.9,26.0,0.0,0.0,0.0,36,7.05,0.286,0.283,0.314,32.5,31.0,18.39721,76.56784,ERA5,Asia/Kolkata,Open-Meteo Historical Weather API
MH-Latur,2025-04-09,31.2,38.5,25.8,0.0,0.0,0.0,37,7.22,0.277,0.284,0.315,32.6,31.4,18.39721,76.56784,ERA5,Asia/Kolkata,Open-Meteo Historical Weather API
MH-Latur,2025-04-10,31.7,39.0,26.7,0.0,0.0,0.0,34,7.4,0.274,0.286,0.317,32.7,31.6,18.39721,76.56784,ERA5,Asia/Kolkata,Open-Meteo Historical Weather API
MH-Latur,2025-04-11,30.5,38.2,23.7,0.0,0.0,0.0,33,6.67,0.275,0.29,0.321,31.7,31.1,18.39721,76.56784,ERA5,Asia/Kolkata,Open-Meteo Historical Weather API
MH-Latur,2025-04-12,30.8,37.6,25.1,0.0,0.0,0.0,29,7.67,0.271,0.289,0.32,32.0,31.0,18.39721,76.56784,ERA5,Asia/Kolkata,Open-Meteo Historical Weather API
MH-Latur,2025-04-13,30.9,37.9,25.2,0.0,0.0,0.0,32,7.35,0.266,0.286,0.318,32.3,31.1,18.39721,76.56784,ERA5,Asia/Kolkata,Open-Meteo Historical Weather API
MH-Latur,2025-04-14,31.8,38.9,25.7,0.0,0.0,0.0,28,7.64,0.259,0.285,0.318,32.8,31.4,18.39721,76.56784,ERA5,Asia/Kolkata,Open-Meteo Historical Weather API
MH-Latur,2025-04-15,31.7,39.0,24.6,0.0,0.0,0.0,28,6.92,0.254,0.281,0.315,33.1,31.6,18.39721,76.56784,ERA5,Asia/Kolkata,Open-Meteo Historical Weather API
MH-Latur,2025-04-16,32.0,39.1,26.9,0.0,0.0,0.0,32,6.71,0.253,0.279,0.313,33.7,32.1,18.39721,76.56784,ERA5,Asia/Kolkata,Open-Meteo Historical Weather API
MH-Latur,2025-04-17,32.4,39.8,26.8,0.0,0.0,0.0,33,6.86,0.251,0.279,0.31,33.5,32.4,18.39721,76.56784,ERA5,Asia/Kolkata,Open-Meteo Historical Weather API
MH-Latur,2025-04-18,32.1,39.0,26.4,0.0,0.0,0.0,35,6.8,0.251,0.279,0.308,33.6,32.6,18.39721,76.56784,ERA5,Asia/Kolkata,Open-Meteo Historical Weather API
MH-Latur,2025-04-19,32.8,40.2,25.7,0.0,0.0,0.0,35,7.47,0.248,0.278,0.307,34.0,32.8,18.39721,76.56784,ERA5,Asia/Kolkata,Open-Meteo Historical Weather API
MH-Latur,2025-04-20,33.3,41.0,26.7,0.0,0.0,0.0,28,7.46,0.244,0.275,0.303,34.5,33.1,18.39721,76.56784,ERA5,Asia/Kolkata,Open-Meteo Historical Weather API
MH-Latur,2025-04-21,33.1,40.7,27.0,0.0,0.0,0.0,23,7.48,0.243,0.275,0.3,34.5,33.2,18.39721,76.56784,ERA5,Asia/Kolkata,Open-Meteo Historical Weather API
MH-Latur,2025-04-22,34.1,41.5,26.3,0.0,0.0,0.0,28,7.67,0.246,0.274,0.296,35.3,33.5,18.39721,76.56784,ERA5,Asia/Kolkata,Open-Meteo Historical Weather API
MH-Latur,2025-04-23,34.5,41.9,28.5,0.0,0.0,0.0,28,7.64,0.246,0.273,0.292,36.1,34.3,18.39721,76.56784,ERA5,Asia/Kolkata,Open-Meteo Historical Weather API
MH-Latur,2025-04-24,33.9,41.4,26.6,0.0,0.0,0.0,28,7.61,0.246,0.272,0.291,35.8,34.4,18.39721,76.56784,ERA5,Asia/Kolkata,Open-Meteo Historical Weather API
MH-Latur,2025-04-25,33.9,40.6,27.5,0.0,0.0,0.0,31,7.77,0.245,0.271,0.29,35.7,34.6,18.39721,76.56784,ERA5,Asia/Kolkata,Open-Meteo Historical Weather API
MH-Latur,2025-04-26,31.7,39.0,27.7,1.5,1.5,3.0,40,6.01,0.254,0.273,0.291,34.2,34.4,18.39721,76.56784,ERA5,Asia/Kolkata,Open-Meteo Historical Weather API
MH-Latur,2025-04-27,31.5,37.4,27.0,0.0,0.0,0.0,40,5.98,0.269,0.275,0.294,34.0,33.6,18.39721,76.56784,ERA5,Asia/Kolkata,Open-Meteo Historical Weather API
MH-Latur,2025-04-28,33.0,40.0,26.5,0.0,0.0,0.0,38,7.36,0.269,0.277,0.295,34.7,33.7,18.39721,76.56784,ERA5,Asia/Kolkata,Open-Meteo Historical Weather API
MH-Latur,2025-04-29,33.8,40.2,28.9,0.0,0.0,0.0,33,7.48,0.263,0.278,0.296,35.6,34.1,18.39721,76.56784,ERA5,Asia/Kolkata,Open-Meteo Historical Weather API
MH-Latur,2025-04-30,34.4,41.0,27.7,0.0,0.0,0.0,28,8.38,0.257,0.276,0.292,35.6,34.3,18.39721,76.56784,ERA5,Asia/Kolkata,Open-Meteo Historical Weather API
MH-Latur,2025-05-01,33.3,40.5,27.6,0.0,0.0,0.0,26,7.86,0.25,0.274,0.287,35.2,34.1,18.39721,76.56784,ERA5,Asia/Kolkata,Open-Meteo Historical Weather API
MH-Latur,2025-05-02,33.8,40.4,27.9,0.0,0.0,0.0,25,8.42,0.248,0.272,0.284,35.4,34.1,18.39721,76.56784,ERA5,Asia/Kolkata,Open-Meteo Historical Weather API
MH-Latur,2025-05-03,33.7,40.6,27.4,0.1,0.1,1.0,24,7.22,0.246,0.271,0.283,35.3,34.2,18.39721,76.56784,ERA5,Asia/Kolkata,Open-Meteo Historical Weather API
MH-Latur,2025-05-04,32.9,39.0,26.8,0.0,0.0,0.0,27,8.24,0.245,0.27,0.282,35.5,34.3,18.39721,76.56784,ERA5,Asia/Kolkata,Open-Meteo Historical Weather API
MH-Latur,2025-05-05,32.0,39.7,26.2,1.0,1.0,2.0,35,7.48,0.25,0.269,0.28,34.9,34.2,18.39721,76.56784,ERA5,Asia/Kolkata,Open-Meteo Historical Weather API
MH-Latur,2025-05-06,31.6,37.4,26.5,0.0,0.0,0.0,31,7.02,0.259,0.271,0.284,34.4,34.0,18.39721,76.56784,ERA5,Asia/Kolkata,Open-Meteo Historical Weather API
MH-Latur,2025-05-07,30.4,35.9,24.3,0.0,0.0,0.0,35,7.43,0.259,0.272,0.285,33.6,33.5,18.39721,76.56784,ERA5,Asia/Kolkata,Open-Meteo Historical Weather API
MH-Latur,2025-05-08,30.3,37.1,23.9,0.0,0.0,0.0,38,6.52,0.259,0.274,0.287,33.0,32.8,18.39721,76.56784,ERA5,Asia/Kolkata,Open-Meteo Historical Weather API
MH-Latur,2025-05-09,30.5,36.1,24.5,0.0,0.0,0.0,42,5.94,0.257,0.274,0.287,32.7,32.3,18.39721,76.56784,ERA5,Asia/Kolkata,Open-Meteo Historical Weather API
MH-Latur,2025-05-10,31.5,37.7,25.8,0.0,0.0,0.0,43,6.06,0.256,0.274,0.287,33.6,32.5,18.39721,76.56784,ERA5,Asia/Kolkata,Open-Meteo Historical Weather API
MH-Latur,2025-05-11,31.3,37.1,26.7,0.7,0.7,3.0,47,5.83,0.256,0.276,0.287,33.9,33.1,18.39721,76.56784,ERA5,Asia/Kolkata,Open-Meteo Historical Weather API
MH-Latur,2025-05-12,28.5,34.4,24.2,3.0,3.0,11.0,63,4.96,0.283,0.278,0.288,31.9,32.5,18.39721,76.56784,ERA5,Asia/Kolkata,Open-Meteo Historical Weather API
MH-Latur,2025-05-13,28.7,34.7,24.7,13.0,13.0,14.0,67,5.28,0.311,0.278,0.288,31.8,31.8,18.39721,76.56784,ERA5,Asia/Kolkata,Open-Meteo Historical Weather API
MH-Latur,2025-05-14,28.2,32.4,23.7,2.5,2.5,7.0,69,4.5,0.387,0.279,0.287,31.0,31.4,18.39721,76.56784,ERA5,Asia/Kolkata,Open-Meteo Historical Weather API
MH-Latur,2025-05-15,29.0,35.2,25.7,2.4,2.4,9.0,64,4.94,0.374,0.28,0.287,31.7,31.5,18.39721,76.56784,ERA5,Asia/Kolkata,Open-Meteo Historical Weather API
MH-Latur,2025-05-16,29.0,34.7,25.3,2.4,2.4,6.0,66,5.25,0.383,0.285,0.288,31.7,31.7,18.39721,76.56784,ERA5,Asia/Kolkata,Open-Meteo Historical Weather API
MH-Latur,2025-05-17,28.4,33.6,25.0,11.1,11.1,5.0,73,4.69,0.407,0.286,0.286,31.2,31.4,18.39721,76.56784,ERA5,Asia/Kolkata,Open-Meteo Historical Weather API
MH-Latur,2025-05-18,28.0,33.1,23.7,14.3,14.3,14.0,76,4.1,0.457,0.333,0.285,30.1,30.5,18.39721,76.56784,ERA5,Asia/Kolkata,Open-Meteo Historical Weather API
MH-Latur,2025-05-19,27.9,33.4,24.3,11.5,11.5,12.0,77,4.42,0.464,0.362,0.284,30.3,30.3,18.39721,76.56784,ERA5,Asia/Kolkata,Open-Meteo Historical Weather API
MH-Latur,2025-05-20,28.2,32.2,24.2,12.0,12.0,13.0,75,4.75,0.468,0.393,0.285,30.8,30.4,18.39721,76.56784,ERA5,Asia/Kolkata,Open-Meteo Historical Weather API
MH-Latur,2025-05-21,25.1,30.4,22.5,21.2,21.2,21.0,87,2.0,0.493,0.455,0.288,27.7,29.5,18.39721,76.56784,ERA5,Asia/Kolkata,Open-Meteo Historical Weather API
MH-Latur,2025-05-22,24.9,28.0,22.7,27.6,27.6,24.0,90,2.36,0.509,0.499,0.306,26.8,27.9,18.39721,76.56784,ERA5,Asia/Kolkata,Open-Meteo Historical Weather API
MH-Latur,2025-05-23,24.7,26.9,23.0,35.8,35.8,18.0,89,1.41,0.503,0.502,0.33,25.9,27.1,18.39721,76.56784,ERA5,Asia/Kolkata,Open-Meteo Historical Weather API
MH-Latur,2025-05-24,24.7,27.5,22.7,16.3,16.3,19.0,89,1.78,0.502,0.497,0.362,25.7,26.4,18.39721,76.56784,ERA5,Asia/Kolkata,Open-Meteo Historical Weather API
MH-Latur,2025-05-25,25.1,27.1,23.8,5.8,5.8,15.0,86,2.12,0.496,0.49,0.371,25.9,26.4,18.39721,76.56784,ERA5,Asia/Kolkata,Open-Meteo Historical Weather API
MH-Latur,2025-05-26,26.1,30.4,23.4,27.3,27.3,17.0,87,3.01,0.5,0.497,0.381,27.0,26.7,18.39721,76.56784,ERA5,Asia/Kolkata,Open-Meteo Historical Weather API
MH-Latur,2025-05-27,25.7,29.1,23.3,7.7,7.7,12.0,86,2.46,0.502,0.5,0.401,26.8,27.0,18.39721,76.56784,ERA5,Asia/Kolkata,Open-Meteo Historical Weather API
MH-Latur,2025-05-28,25.3,29.7,23.1,40.1,40.1,20.0,87,2.79,0.505,0.51,0.422,26.4,26.7,18.39721,76.56784,ERA5,Asia/Kolkata,Open-Meteo Historical Weather API
MH-Latur,2025-05-29,26.6,32.1,23.4,10.2,10.2,19.0,82,3.84,0.503,0.503,0.45,27.4,26.9,18.39721,76.56784,ERA5,Asia/Kolkata,Open-Meteo Historical Weather API
MH-Latur,2025-05-30,27.8,32.5,23.9,0.0,0.0,0.0,72,4.44,0.489,0.496,0.456,27.6,27.2,18.39721,76.56784,ERA5,Asia/Kolkata,Open-Meteo Historical Weather API
MH-Latur,2025-05-31,28.5,33.3,23.5,0.3,0.3,2.0,67,6.39,0.463,0.479,0.456,28.5,27.5,18.39721,76.56784,ERA5,Asia/Kolkata,Open-Meteo Historical Weather API
MH-Latur,2025-06-01,27.8,32.0,24.0,0.4,0.4,1.0,69,5.72,0.445,0.465,0.453,28.3,27.6,18.39721,76.56784,ERA5,Asia/Kolkata,Open-Meteo Historical Weather API
MH-Latur,2025-06-02,27.5,31.4,23.4,0.2,0.2,2.0,70,5.16,0.431,0.453,0.451,28.0,27.4,18.39721,76.56784,ERA5,Asia/Kolkata,Open-Meteo Historical Weather API
MH-Latur,2025-06-03,28.3,32.4,23.8,0.2,0.2,2.0,67,5.18,0.415,0.44,0.448,28.3,27.2,18.39721,76.56784,ERA5,Asia/Kolkata,Open-Meteo Historical Weather API
MH-Latur,2025-06-04,27.1,31.3,23.7,0.9,0.9,6.0,73,4.42,0.403,0.429,0.445,27.8,27.2,18.39721,76.56784,ERA5,Asia/Kolkata,Open-Meteo Historical Weather API
MH-Latur,2025-06-05,25.6,28.9,22.0,2.7,2.7,10.0,78,3.53,0.417,0.421,0.443,26.9,27.0,18.39721,76.56784,ERA5,Asia/Kolkata,Open-Meteo Historical Weather API
MH-Latur,2025-06-06,28.6,33.7,24.0,0.3,0.3,2.0,69,5.5,0.407,0.413,0.44,28.8,27.4,18.39721,76.56784,ERA5,Asia/Kolkata,Open-Meteo Historical Weather API
MH-Latur,2025-06-07,28.3,33.3,25.1,3.0,3.0,6.0,71,5.44,0.399,0.405,0.436,29.2,28.2,18.39721,76.56784,ERA5,Asia/Kolkata,Open-Meteo Historical Weather API
MH-Latur,2025-06-08,28.7,34.1,25.1,0.0,0.0,0.0,67,5.75,0.394,0.398,0.434,29.3,28.5,18.39721,76.56784,ERA5,Asia/Kolkata,Open-Meteo Historical Weather API
MH-Latur,2025-06-09,27.4,32.0,23.7,1.0,1.0,3.0,73,4.98,0.378,0.394,0.432,28.5,28.5,18.39721,76.56784,ERA5,Asia/Kolkata,Open-Meteo Historical Weather API
MH-Latur,2025-06-10,26.5,30.2,23.3,0.0,0.0,0.0,73,4.6,0.368,0.391,0.432,27.9,28.2,18.39721,76.56784,ERA5,Asia/Kolkata,Open-Meteo Historical Weather API
MH-Latur,2025-06-11,25.8,28.6,24.4,10.9,10.9,11.0,79,2.82,0.397,0.393,0.433,26.9,27.8,18.39721,76.56784,ERA5,Asia/Kolkata,Open-Meteo Historical Weather API
MH-Latur,2025-06-12,26.4,30.4,23.2,3.7,3.7,10.0,81,3.46,0.478,0.417,0.433,27.0,27.1,18.39721,76.56784,ERA5,Asia/Kolkata,Open-Meteo Historical Weather API
MH-Latur,2025-06-13,25.9,30.4,23.6,35.2,35.2,15.0,90,2.54,0.482,0.451,0.433,27.3,27.2,18.39721,76.56784,ERA5,Asia/Kolkata,Open-Meteo Historical Weather API
MH-Latur,2025-06-14,27.3,31.2,23.9,5.3,5.3,10.0,82,4.0,0.49,0.488,0.436,28.0,27.2,18.39721,76.56784,ERA5,Asia/Kolkata,Open-Meteo Historical Weather API
MH-Latur,2025-06-15,26.8,30.9,24.6,0.9,0.9,6.0,81,3.69,0.482,0.483,0.437,27.6,27.3,18.39721,76.56784,ERA5,Asia/Kolkata,Open-Meteo Historical Weather API
MH-Latur,2025-06-16,26.4,29.8,24.3,3.6,3.6,14.0,79,3.36,0.475,0.473,0.437,26.7,26.9,18.39721,76.56784,ERA5,Asia/Kolkata,Open-Meteo Historical Weather API
MH-Latur,2025-06-17,27.5,32.1,23.6,0.6,0.6,6.0,73,5.35,0.47,0.468,0.437,27.4,26.5,18.39721,76.56784,ERA5,Asia/Kolkata,Open-Meteo Historical Weather API
MH-Latur,2025-06-18,27.3,31.4,23.5,1.6,1.6,7.0,75,4.79,0.453,0.459,0.435,27.3,26.8,18.39721,76.56784,ERA5,Asia/Kolkata,Open-Meteo Historical Weather API
MH-Latur,2025-06-19,26.1,31.2,23.8,7.8,7.8,11.0,80,3.85,0.466,0.457,0.433,26.8,26.8,18.39721,76.56784,ERA5,Asia/Kolkata,Open-Meteo Historical Weather API
MH-Latur,2025-06-20,27.0,30.3,23.8,0.9,0.9,6.0,76,4.31,0.475,0.468,0.433,26.8,26.5,18.39721,76.56784,ERA5,Asia/Kolkata,Open-Meteo Historical Weather API
MH-Latur,2025-06-21,27.3,31.6,23.9,0.7,0.7,5.0,73,4.89,0.458,0.461,0.431,27.3,26.7,18.39721,76.56784,ERA5,Asia/Kolkata,Open-Meteo Historical Weather API
MH-Latur,2025-06-22,27.2,32.5,23.1,0.1,0.1,1.0,73,4.94,0.44,0.451,0.43,27.3,26.8,18.39721,76.56784,ERA5,Asia/Kolkata,Open-Meteo Historical Weather API
MH-Latur,2025-06-23,26.5,30.0,23.3,1.6,1.6,4.0,75,4.56,0.426,0.441,0.428,26.9,26.7,18.39721,76.56784,ERA5,Asia/Kolkata,Open-Meteo Historical Weather API
MH-Latur,2025-06-24,26.0,28.5,23.7,2.7,2.7,9.0,78,3.74,0.44,0.436,0.426,26.5,26.4,18.39721,76.56784,ERA5,Asia/Kolkata,Open-Meteo Historical Weather API
MH-Latur,2025-06-25,25.8,27.7,23.6,6.6,6.6,19.0,82,3.04,0.471,0.438,0.425,26.0,26.1,18.39721,76.56784,ERA5,Asia/Kolkata,Open-Meteo Historical Weather API
MH-Latur,2025-06-26,24.7,26.5,23.5,7.8,7.8,21.0,87,1.95,0.487,0.451,0.425,25.1,25.6,18.39721,76.56784,ERA5,Asia/Kolkata,Open-Meteo Historical Weather API
MH-Latur,2025-06-27,26.3,30.5,22.7,0.4,0.4,4.0,78,4.58,0.473,0.462,0.425,26.3,25.6,18.39721,76.56784,ERA5,Asia/Kolkata,Open-Meteo Historical Weather API
MH-Latur,2025-06-28,27.1,31.3,23.3,0.2,0.2,2.0,71,5.02,0.45,0.454,0.424,27.0,26.3,18.39721,76.56784,ERA5,Asia/Kolkata,Open-Meteo Historical Weather API
MH-Latur,2025-06-29,25.5,28.5,23.1,3.5,3.5,6.0,78,3.83,0.439,0.445,0.422,26.2,26.4,18.39721,76.56784,ERA5,Asia/Kolkata,Open-Meteo Historical Weather API
MH-Latur,2025-06-30,25.2,28.5,23.3,4.7,4.7,18.0,82,3.07,0.45,0.44,0.421,25.5,25.8,18.39721,76.56784,ERA5,Asia/Kolkata,Open-Meteo Historical Weather API
MH-Latur,2025-07-01,24.9,28.6,23.0,5.5,5.5,16.0,83,2.63,0.465,0.441,0.421,25.2,25.4,18.39721,76.56784,ERA5,Asia/Kolkata,Open-Meteo Historical Weather API
MH-Latur,2025-07-02,24.8,28.4,22.4,8.3,8.3,15.0,85,2.42,0.494,0.461,0.421,24.8,25.0,18.39721,76.56784,ERA5,Asia/Kolkata,Open-Meteo Historical Weather API
MH-Latur,2025-07-03,25.8,29.6,23.6,1.7,1.7,13.0,80,3.21,0.478,0.466,0.421,25.7,25.3,18.39721,76.56784,ERA5,Asia/Kolkata,Open-Meteo Historical Weather API
MH-Latur,2025-07-04,26.2,29.8,23.6,2.7,2.7,8.0,79,3.65,0.47,0.462,0.42,25.9,25.5,18.39721,76.56784,ERA5,Asia/Kolkata,Open-Meteo Historical Weather API
MH-Latur,2025-07-05,25.8,28.9,23.4,5.6,5.6,9.0,81,3.83,0.473,0.459,0.42,26.1,25.7,18.39721,76.56784,ERA5,Asia/Kolkata,Open-Meteo Historical Weather API
MH-Latur,2025-07-06,25.8,28.3,23.2,1.5,1.5,5.0,78,3.38,0.469,0.461,0.42,25.8,25.6,18.39721,76.56784,ERA5,Asia/Kolkata,Open-Meteo Historical Weather API
MH-Latur,2025-07-07,24.4,26.3,22.6,8.6,8.6,20.0,86,1.66,0.492,0.468,0.42,24.5,25.1,18.39721,76.56784,ERA5,Asia/Kolkata,Open-Meteo Historical Weather API
MH-Latur,2025-07-08,24.2,27.0,23.0,4.6,4.6,7.0,86,1.72,0.488,0.478,0.422,24.3,24.5,18.39721,76.56784,ERA5,Asia/Kolkata,Open-Meteo Historical Weather API
MH-Latur,2025-07-09,24.8,27.4,22.9,0.9,0.9,5.0,83,2.38,0.481,0.479,0.424,24.6,24.4,18.39721,76.56784,ERA5,Asia/Kolkata,Open-Meteo Historical Weather API
MH-Latur,2025-07-10,25.6,29.2,22.4,1.0,1.0,7.0,80,3.64,0.47,0.471,0.425,25.5,25.0,18.39721,76.56784,ERA5,Asia/Kolkata,Open-Meteo Historical Weather API
MH-Latur,2025-07-11,26.6,29.9,23.1,0.5,0.5,5.0,76,3.95,0.457,0.462,0.424,26.5,25.5,18.39721,76.56784,ERA5,Asia/Kolkata,Open-Meteo Historical Weather API
MH-Latur,2025-07-12,26.8,30.3,23.6,1.0,1.0,6.0,75,4.37,0.448,0.453,0.422,26.8,26.0,18.39721,76.56784,ERA5,Asia/Kolkata,Open-Meteo Historical Weather API
MH-Latur,2025-07-13,26.6,30.1,22.9,1.2,1.2,6.0,74,4.68,0.441,0.445,0.421,26.9,26.2,18.39721,76.56784,ERA5,Asia/Kolkata,Open-Meteo Historical Weather API
MH-Latur,2025-07-14,26.7,30.7,22.7,1.1,1.1,4.0,75,4.53,0.434,0.437,0.418,26.9,26.3,18.39721,76.56784,ERA5,Asia/Kolkata,Open-Meteo Historical Weather API
MH-Latur,2025-07-15,25.9,28.2,23.6,17.7,17.7,8.0,83,3.22,0.458,0.438,0.417,26.5,26.2,18.39721,76.56784,ERA5,Asia/Kolkata,Open-Meteo Historical Weather API
MH-Latur,2025-07-16,26.6,30.6,23.4,4.6,4.6,9.0,81,3.59,0.468,0.451,0.416,26.9,26.2,18.39721,76.56784,ERA5,Asia/Kolkata,Open-Meteo Historical Weather API
MH-Latur,2025-07-17,26.7,31.1,24.7,5.3,5.3,10.0,81,3.45,0.468,0.45,0.415,27.2,26.5,18.39721,76.56784,ERA5,Asia/Kolkata,Open-Meteo Historical Weather API
MH-Latur,2025-07-18,26.2,30.4,24.2,8.4,8.4,15.0,83,2.68,0.479,0.455,0.415,26.6,26.4,18.39721,76.56784,ERA5,Asia/Kolkata,Open-Meteo Historical Weather API
MH-Latur,2025-07-19,26.9,30.4,23.8,0.6,0.6,4.0,74,3.9,0.476,0.463,0.414,27.0,26.2,18.39721,76.56784,ERA5,Asia/Kolkata,Open-Meteo Historical Weather API
MH-Latur,2025-07-20,27.2,31.3,23.8,1.1,1.1,5.0,74,3.64,0.455,0.455,0.413,27.1,26.3,18.39721,76.56784,ERA5,Asia/Kolkata,Open-Meteo Historical Weather API
MH-Latur,2025-07-21,26.6,31.9,23.6,7.8,7.8,14.0,81,3.47,0.467,0.451,0.412,26.8,26.3,18.39721,76.56784,ERA5,Asia/Kolkata,Open-Meteo Historical Weather API
MH-Latur,2025-07-22,25.6,29.2,23.1,6.2,6.2,20.0,84,2.56,0.495,0.471,0.412,25.9,26.0,18.39721,76.56784,ERA5,Asia/Kolkata,Open-Meteo Historical Weather API
MH-Latur,2025-07-23,24.3,26.3,22.8,12.7,12.7,24.0,89,1.6,0.501,0.485,0.414,24.8,25.3,18.39721,76.56784,ERA5,Asia/Kolkata,Open-Meteo Historical Weather API
MH-Latur,2025-07-24,23.9,26.2,22.1,8.0,8.0,23.0,89,1.5,0.505,0.498,0.42,24.0,24.5,18.39721,76.56784,ERA5,Asia/Kolkata,Open-Meteo Historical Weather API
MH-Latur,2025-07-25,23.7,26.1,22.5,20.3,20.3,24.0,93,1.09,0.51,0.51,0.434,23.7,24.1,18.39721,76.56784,ERA5,Asia/Kolkata,Open-Meteo Historical Weather API
MH-Latur,2025-07-26,23.0,23.9,22.2,28.3,28.3,24.0,95,0.82,0.513,0.514,0.461,23.3,23.8,18.39721,76.56784,ERA5,Asia/Kolkata,Open-Meteo Historical Weather API
MH-Latur,2025-07-27,24.6,27.8,22.5,5.0,5.0,15.0,84,3.32,0.498,0.505,0.478,24.3,23.9,18.39721,76.56784,ERA5,Asia/Kolkata,Open-Meteo Historical Weather API
MH-Latur,2025-07-28,25.1,28.0,22.5,0.5,0.5,5.0,79,3.9,0.478,0.49,0.479,25.2,24.7,18.39721,76.56784,ERA5,Asia/Kolkata,Open-Meteo Historical Weather API
MH-Latur,2025-07-29,24.9,26.9,23.0,0.5,0.5,5.0,80,3.36,0.467,0.479,0.477,25.2,25.0,18.39721,76.56784,ERA5,Asia/Kolkata,Open-Meteo Historical Weather API
MH-Latur,2025-07-30,24.3,25.2,23.4,0.5,0.5,3.0,86,1.7,0.462,0.471,0.475,24.4,24.7,18.39721,76.56784,ERA5,Asia/Kolkata,Open-Meteo Historical Weather API
MH-Latur,2025-07-31,25.5,28.2,23.1,1.0,1.0,7.0,82,3.38,0.459,0.465,0.473,25.3,24.6,18.39721,76.56784,ERA5,Asia/Kolkata,Open-Meteo Historical Weather API
MH-Latur,2025-08-01,26.0,29.6,23.1,0.5,0.5,5.0,79,3.77,0.45,0.458,0.471,25.8,25.1,18.39721,76.56784,ERA5,Asia/Kolkata,Open-Meteo Historical Weather API
MH-Latur,2025-08-02,26.3,30.1,22.5,0.5,0.5,5.0,77,3.9,0.44,0.451,0.469,26.1,25.4,18.39721,76.56784,ERA5,Asia/Kolkata,Open-Meteo Historical Weather API
MH-Latur,2025-08-03,26.7,30.2,23.6,0.9,0.9,8.0,75,4.33,0.432,0.443,0.466,26.8,25.8,18.39721,76.56784,ERA5,Asia/Kolkata,Open-Meteo Historical Weather API
MH-Latur,2025-08-04,26.7,30.4,23.7,0.9,0.9,7.0,77,3.99,0.423,0.435,0.464,26.9,26.1,18.39721,76.56784,ERA5,Asia/Kolkata,Open-Meteo Historical Weather API
MH-Latur,2025-08-05,26.6,31.2,23.7,2.8,2.8,8.0,81,3.29,0.428,0.429,0.461,27.1,26.2,18.39721,76.56784,ERA5,Asia/Kolkata,Open-Meteo Historical Weather API
MH-Latur,2025-08-06,26.2,28.9,22.9,3.2,3.2,10.0,85,3.4,0.454,0.429,0.46,27.0,26.2,18.39721,76.56784,ERA5,Asia/Kolkata,Open-Meteo Historical Weather API
MH-Latur,2025-08-07,25.7,29.4,22.3,10.5,10.5,18.0,87,2.31,0.473,0.435,0.458,26.6,26.2,18.39721,76.56784,ERA5,Asia/Kolkata,Open-Meteo Historical Weather API
MH-Latur,2025-08-08,24.3,27.1,21.7,8.8,8.8,21.0,88,1.97,0.497,0.473,0.458,25.3,25.5,18.39721,76.56784,ERA5,Asia/Kolkata,Open-Meteo Historical Weather API
MH-Latur,2025-08-09,24.2,26.0,23.0,26.3,26.3,21.0,89,2.22,0.501,0.495,0.461,25.0,25.1,18.39721,76.56784,ERA5,Asia/Kolkata,Open-Meteo Historical Weather API
MH-Latur,2025-08-10,24.6,28.6,22.0,27.0,27.0,19.0,87,2.33,0.5,0.51,0.481,25.0,24.9,18.39721,76.56784,ERA5,Asia/Kolkata,Open-Meteo Historical Weather API
MH-Latur,2025-08-11,25.2,29.8,22.0,7.3,7.3,12.0,83,3.46,0.497,0.506,0.493,25.5,24.9,18.39721,76.56784,ERA5,Asia/Kolkata,Open-Meteo Historical Weather API
MH-Latur,2025-08-12,25.3,29.0,22.5,3.2,3.2,6.0,82,3.31,0.492,0.5,0.493,25.6,25.2,18.39721,76.56784,ERA5,Asia/Kolkata,Open-Meteo Historical Weather API
MH-Latur,2025-08-13,24.3,26.8,22.6,3.0,3.0,16.0,85,2.67,0.486,0.49,0.491,25.2,25.1,18.39721,76.56784,ERA5,Asia/Kolkata,Open-Meteo Historical Weather API
MH-Latur,2025-08-14,23.7,26.9,22.4,13.8,13.8,19.0,92,1.87,0.5,0.491,0.49,24.5,24.6,18.39721,76.56784,ERA5,Asia/Kolkata,Open-Meteo Historical Weather API
MH-Latur,2025-08-15,24.2,27.2,22.5,7.3,7.3,16.0,90,1.57,0.504,0.503,0.49,24.2,24.3,18.39721,76.56784,ERA5,Asia/Kolkata,Open-Meteo Historical Weather API
MH-Latur,2025-08-16,23.3,24.9,22.2,31.0,31.0,20.0,91,1.09,0.505,0.513,0.504,23.5,23.9,18.39721,76.56784,ERA5,Asia/Kolkata,Open-Meteo Historical Weather API
MH-Latur,2025-08-17,24.6,28.3,22.0,18.1,18.1,16.0,86,2.84,0.501,0.502,0.51,24.4,23.9,18.39721,76.56784,ERA5,Asia/Kolkata,Open-Meteo Historical Weather API
MH-Latur,2025-08-18,22.9,23.7,22.0,20.8,20.8,23.0,93,1.34,0.507,0.513,0.515,23.4,24.0,18.39721,76.56784,ERA5,Asia/Kolkata,Open-Meteo Historical Weather API
MH-Latur,2025-08-19,23.1,25.6,21.7,16.7,16.7,24.0,94,1.3,0.512,0.512,0.513,23.2,23.5,18.39721,76.56784,ERA5,Asia/Kolkata,Open-Meteo Historical Weather API
MH-Latur,2025-08-20,24.0,25.9,22.0,14.4,14.4,14.0,87,2.66,0.496,0.497,0.514,23.9,23.6,18.39721,76.56784,ERA5,Asia/Kolkata,Open-Meteo Historical Weather API
MH-Latur,2025-08-21,25.2,29.0,22.6,1.2,1.2,7.0,82,3.69,0.477,0.478,0.508,25.0,24.3,18.39721,76.56784,ERA5,Asia/Kolkata,Open-Meteo Historical Weather API
MH-Latur,2025-08-22,25.0,28.1,22.5,0.0,0.0,0.0,81,3.08,0.464,0.468,0.502,24.8,24.6,18.39721,76.56784,ERA5,Asia/Kolkata,Open-Meteo Historical Weather API
MH-Latur,2025-08-23,24.9,28.4,21.9,1.0,1.0,6.0,80,3.81,0.452,0.46,0.498,24.9,24.5,18.39721,76.56784,ERA5,Asia/Kolkata,Open-Meteo Historical Weather API
MH-Latur,2025-08-24,25.0,29.1,21.9,0.2,0.2,2.0,77,3.98,0.443,0.453,0.494,24.9,24.5,18.39721,76.56784,ERA5,Asia/Kolkata,Open-Meteo Historical Weather API
MH-Latur,2025-08-25,24.7,28.6,21.6,1.5,1.5,7.0,80,3.49,0.436,0.446,0.49,24.8,24.4,18.39721,76.56784,ERA5,Asia/Kolkata,Open-Meteo Historical Weather API
MH-Latur,2025-08-26,24.6,27.1,22.5,6.4,6.4,13.0,85,2.74,0.446,0.443,0.487,24.8,24.5,18.39721,76.56784,ERA5,Asia/Kolkata,Open-Meteo Historical Weather API
MH-Latur,2025-08-27,23.7,26.1,22.5,21.9,21.9,24.0,92,1.52,0.5,0.475,0.485,24.1,24.2,18.39721,76.56784,ERA5,Asia/Kolkata,Open-Meteo Historical Weather API
MH-Latur,2025-08-28,23.5,25.0,22.7,33.3,33.3,24.0,92,0.96,0.508,0.515,0.501,23.6,23.7,18.39721,76.56784,ERA5,Asia/Kolkata,Open-Meteo Historical Weather API
MH-Latur,2025-08-29,24.1,27.0,22.0,9.0,9.0,13.0,87,2.02,0.502,0.499,0.515,23.8,23.5,18.39721,76.56784,ERA5,Asia/Kolkata,Open-Meteo Historical Weather API
MH-Latur,2025-08-30,25.0,28.5,22.1,0.6,0.6,5.0,84,2.89,0.482,0.485,0.509,24.7,23.9,18.39721,76.56784,ERA5,Asia/Kolkata,Open-Meteo Historical Weather API
MH-Latur,2025-08-31,25.0,28.4,22.8,4.3,4.3,12.0,85,3.07,0.476,0.474,0.504,25.1,24.5,18.39721,76.56784,ERA5,Asia/Kolkata,Open-Meteo Historical Weather API
MH-Latur,2025-09-01,24.5,28.7,22.6,5.6,5.6,11.0,85,2.86,0.477,0.468,0.5,24.8,24.5,18.39721,76.56784,ERA5,Asia/Kolkata,Open-Meteo Historical Weather API
MH-Latur,2025-09-02,24.6,27.6,22.1,4.6,4.6,18.0,86,2.89,0.487,0.472,0.497,24.8,24.4,18.39721,76.56784,ERA5,Asia/Kolkata,Open-Meteo Historical Weather API
MH-Latur,2025-09-03,24.6,27.6,22.2,3.3,3.3,14.0,84,3.0,0.485,0.475,0.495,24.7,24.4,18.39721,76.56784,ERA5,Asia/Kolkata,Open-Meteo Historical Weather API
MH-Latur,2025-09-04,25.2,28.8,22.0,1.6,1.6,9.0,79,3.77,0.486,0.476,0.492,25.0,24.4,18.39721,76.56784,ERA5,Asia/Kolkata,Open-Meteo Historical Weather API
MH-Latur,2025-09-05,25.1,28.2,22.5,1.0,1.0,6.0,81,3.18,0.471,0.472,0.49,24.9,24.5,18.39721,76.56784,ERA5,Asia/Kolkata,Open-Meteo Historical Weather API
MH-Latur,2025-09-06,25.0,28.0,22.5,1.1,1.1,5.0,82,2.69,0.466,0.467,0.488,24.9,24.4,18.39721,76.56784,ERA5,Asia/Kolkata,Open-Meteo Historical Weather API
MH-Latur,2025-09-07,24.9,28.0,21.3,0.6,0.6,4.0,81,3.72,0.457,0.461,0.486,25.0,24.3,18.39721,76.56784,ERA5,Asia/Kolkata,Open-Meteo Historical Weather API
MH-Latur,2025-09-08,25.6,29.4,22.1,0.0,0.0,0.0,78,4.04,0.443,0.453,0.484,25.6,24.6,18.39721,76.56784,ERA5,Asia/Kolkata,Open-Meteo Historical Weather API
MH-Latur,2025-09-09,26.4,31.1,22.4,1.4,1.4,11.0,78,4.34,0.431,0.445,0.481,26.4,25.1,18.39721,76.56784,ERA5,Asia/Kolkata,Open-Meteo Historical Weather API
MH-Latur,2025-09-10,26.1,29.9,23.1,0.7,0.7,5.0,79,3.8,0.428,0.436,0.479,26.5,25.5,18.39721,76.56784,ERA5,Asia/Kolkata,Open-Meteo Historical Weather API
MH-Latur,2025-09-11,23.8,25.4,22.6,11.9,11.9,23.0,90,1.52,0.48,0.443,0.477,24.5,25.0,18.39721,76.56784,ERA5,Asia/Kolkata,Open-Meteo Historical Weather API
MH-Latur,2025-09-12,23.4,24.7,21.9,21.6,21.6,24.0,90,2.13,0.505,0.481,0.477,24.1,24.1,18.39721,76.56784,ERA5,Asia/Kolkata,Open-Meteo Historical Weather API
MH-Latur,2025-09-13,23.7,27.5,21.0,9.2,9.2,22.0,89,1.9,0.508,0.51,0.485,24.0,23.7,18.39721,76.56784,ERA5,Asia/Kolkata,Open-Meteo Historical Weather API
MH-Latur,2025-09-14,24.6,27.8,22.9,24.2,24.2,24.0,93,2.02,0.507,0.512,0.502,25.0,24.1,18.39721,76.56784,ERA5,Asia/Kolkata,Open-Meteo Historical Weather API
MH-Latur,2025-09-15,24.9,27.3,23.3,13.8,13.8,19.0,91,1.37,0.506,0.511,0.51,24.9,24.4,18.39721,76.56784,ERA5,Asia/Kolkata,Open-Meteo Historical Weather API
MH-Latur,2025-09-16,24.0,26.9,22.6,18.5,18.5,23.0,94,1.6,0.51,0.514,0.513,24.6,24.2,18.39721,76.56784,ERA5,Asia/Kolkata,Open-Meteo Historical Weather API
MH-Latur,2025-09-17,25.1,29.0,22.8,16.5,16.5,22.0,89,2.7,0.506,0.504,0.515,25.5,24.5,18.39721,76.56784,ERA5,Asia/Kolkata,Open-Meteo Historical Weather API
MH-Latur,2025-09-18,25.4,30.6,22.6,13.9,13.9,21.0,88,2.92,0.503,0.506,0.513,26.0,24.9,18.39721,76.56784,ERA5,Asia/Kolkata,Open-Meteo Historical Weather API
MH-Latur,2025-09-19,25.6,29.9,23.5,47.1,47.1,23.0,88,2.53,0.507,0.503,0.517,25.9,25.0,18.39721,76.56784,ERA5,Asia/Kolkata,Open-Meteo Historical Weather API
MH-Latur,2025-09-20,26.0,30.8,23.2,6.5,6.5,11.0,85,3.17,0.499,0.499,0.514,26.0,25.1,18.39721,76.56784,ERA5,Asia/Kolkata,Open-Meteo Historical Weather API
MH-Latur,2025-09-21,25.5,30.5,22.6,7.4,7.4,18.0,86,3.29,0.504,0.501,0.511,26.0,25.2,18.39721,76.56784,ERA5,Asia/Kolkata,Open-Meteo Historical Weather API
MH-Latur,2025-09-22,24.6,28.4,22.7,17.5,17.5,24.0,89,2.13,0.509,0.514,0.512,25.2,25.0,18.39721,76.56784,ERA5,Asia/Kolkata,Open-Meteo Historical Weather API
MH-Latur,2025-09-23,23.5,25.5,22.0,20.8,20.8,14.0,93,1.55,0.506,0.5,0.498,24.4,24.5,18.39721,76.56784,ERA5,Asia/Kolkata,Open-Meteo Historical Weather API
MH-Latur,2025-09-24,24.8,29.2,21.6,1.4,1.4,10.0,82,3.45,0.484,0.487,0.479,24.8,24.2,18.39721,76.56784,ERA5,Asia/Kolkata,Open-Meteo Historical Weather API
MH-Latur,2025-09-25,24.7,28.2,22.5,4.0,4.0,8.0,80,3.15,0.475,0.476,0.472,24.8,24.4,18.39721,76.56784,ERA5,Asia/Kolkata,Open-Meteo Historical Weather API
MH-Latur,2025-09-26,23.1,24.8,22.2,32.8,32.8,24.0,93,1.14,0.51,0.508,0.479,23.6,23.9,18.39721,76.56784,ERA5,Asia/Kolkata,Open-Meteo Historical Weather API
MH-Latur,2025-09-27,23.2,24.2,21.9,77.6,77.6,24.0,95,0.71,0.511,0.509,0.497,23.3,23.5,18.39721,76.56784,ERA5,Asia/Kolkata,Open-Meteo Historical Weather API
MH-Latur,2025-09-28,23.4,26.2,21.6,7.8,7.8,15.0,88,2.25,0.503,0.509,0.5,23.7,23.4,18.39721,76.56784,ERA5,Asia/Kolkata,Open-Meteo Historical Weather API
MH-Latur,2025-09-29,24.3,28.9,21.0,1.2,1.2,4.0,82,3.43,0.483,0.494,0.494,24.3,23.7,18.39721,76.56784,ERA5,Asia/Kolkata,Open-Meteo Historical Weather API
MH-Latur,2025-09-30,24.9,29.0,20.9,0.3,0.3,3.0,81,3.47,0.472,0.482,0.486,24.8,24.0,18.39721,76.56784,ERA5,Asia/Kolkata,Open-Meteo Historical Weather API
MH-Latur,2025-10-01,24.9,29.8,21.1,0.4,0.4,3.0,82,3.49,0.461,0.472,0.477,25.0,24.2,18.39721,76.56784,ERA5,Asia/Kolkata,Open-Meteo Historical Weather API
MH-Latur,2025-10-02,25.2,29.7,21.7,0.4,0.4,3.0,81,3.12,0.453,0.464,0.47,25.1,24.4,18.39721,76.56784,ERA5,Asia/Kolkata,Open-Meteo Historical Weather API
MH-Latur,2025-10-03,26.0,30.6,22.8,0.4,0.4,4.0,78,3.94,0.443,0.456,0.463,25.8,24.8,18.39721,76.56784,ERA5,Asia/Kolkata,Open-Meteo Historical Weather API
MH-Latur,2025-10-04,26.0,30.6,23.1,1.3,1.3,9.0,80,3.78,0.434,0.448,0.456,26.0,25.1,18.39721,76.56784,ERA5,Asia/Kolkata,Open-Meteo Historical Weather API
MH-Latur,2025-10-05,24.8,27.6,23.1,17.9,17.9,13.0,86,2.54,0.46,0.454,0.451,25.4,25.0,18.39721,76.56784,ERA5,Asia/Kolkata,Open-Meteo Historical Weather API
MH-Latur,2025-10-06,24.5,27.8,22.1,2.5,2.5,6.0,85,2.77,0.49,0.48,0.447,25.1,24.7,18.39721,76.56784,ERA5,Asia/Kolkata,Open-Meteo Historical Weather API
MH-Latur,2025-10-07,25.2,29.6,21.0,0.3,0.3,3.0,78,4.09,0.477,0.48,0.444,25.5,24.6,18.39721,76.56784,ERA5,Asia/Kolkata,Open-Meteo Historical Weather API
MH-Latur,2025-10-08,25.7,30.9,21.4,0.0,0.0,0.0,76,4.15,0.459,0.469,0.44,25.8,24.7,18.39721,76.56784,ERA5,Asia/Kolkata,Open-Meteo Historical Weather API
MH-Latur,2025-10-09,25.8,30.5,22.4,0.0,0.0,0.0,72,4.52,0.442,0.457,0.435,26.1,25.1,18.39721,76.56784,ERA5,Asia/Kolkata,Open-Meteo Historical Weather API
MH-Latur,2025-10-10,24.9,31.0,20.6,0.0,0.0,0.0,67,4.95,0.424,0.445,0.429,25.4,24.7,18.39721,76.56784,ERA5,Asia/Kolkata,Open-Meteo Historical Weather API
MH-Latur,2025-10-11,24.3,30.5,19.2,0.0,0.0,0.0,68,4.92,0.407,0.431,0.422,24.7,24.2,18.39721,76.56784,ERA5,Asia/Kolkata,Open-Meteo Historical Weather API
MH-Latur,2025-10-12,24.5,30.3,19.2,0.0,0.0,0.0,72,4.72,0.391,0.418,0.416,25.0,24.2,18.39721,76.56784,ERA5,Asia/Kolkata,Open-Meteo Historical Weather API
MH-Latur,2025-10-13,24.2,29.6,19.3,0.0,0.0,0.0,72,4.62,0.376,0.406,0.411,24.8,24.3,18.39721,76.56784,ERA5,Asia/Kolkata,Open-Meteo Historical Weather API
MH-Latur,2025-10-14,24.6,30.2,18.9,0.3,0.3,3.0,75,4.04,0.365,0.397,0.407,24.9,24.2,18.39721,76.56784,ERA5,Asia/Kolkata,Open-Meteo Historical Weather API
MH-Latur,2025-10-15,25.7,29.7,22.0,1.9,1.9,4.0,81,3.76,0.364,0.389,0.403,26.2,24.9,18.39721,76.56784,ERA5,Asia/Kolkata,Open-Meteo Historical Weather API
MH-Latur,2025-10-16,26.1,31.1,21.7,0.2,0.2,2.0,75,4.33,0.367,0.381,0.398,26.6,25.3,18.39721,76.56784,ERA5,Asia/Kolkata,Open-Meteo Historical Weather API
MH-Latur,2025-10-17,26.0,30.7,21.5,0.1,0.1,1.0,73,4.19,0.353,0.372,0.394,26.3,25.4,18.39721,76.56784,ERA5,Asia/Kolkata,Open-Meteo Historical Weather API
MH-Latur,2025-10-18,25.2,30.9,20.3,0.0,0.0,0.0,73,4.29,0.34,0.364,0.39,26.0,25.2,18.39721,76.56784,ERA5,Asia/Kolkata,Open-Meteo Historical Weather API
MH-Latur,2025-10-19,25.1,30.2,21.3,0.0,0.0,0.0,72,4.25,0.329,0.358,0.387,25.7,25.2,18.39721,76.56784,ERA5,Asia/Kolkata,Open-Meteo Historical Weather API
MH-Latur,2025-10-20,24.8,29.9,19.3,0.6,0.6,4.0,71,4.27,0.32,0.352,0.385,25.5,25.0,18.39721,76.56784,ERA5,Asia/Kolkata,Open-Meteo Historical Weather API
MH-Latur,2025-10-21,25.2,28.9,21.8,2.1,2.1,3.0,81,3.43,0.328,0.347,0.382,26.2,25.3,18.39721,76.56784,ERA5,Asia/Kolkata,Open-Meteo Historical Weather API
MH-Latur,2025-10-22,25.5,29.6,21.9,2.5,2.5,7.0,80,3.34,0.341,0.344,0.381,26.2,25.4,18.39721,76.56784,ERA5,Asia/Kolkata,Open-Meteo Historical Weather API
MH-Latur,2025-10-23,25.9,30.3,22.0,1.9,1.9,9.0,80,3.88,0.35,0.339,0.377,26.6,25.6,18.39721,76.56784,ERA5,Asia/Kolkata,Open-Meteo Historical Weather API
MH-Latur,2025-10-24,24.7,30.8,22.1,9.1,9.1,11.0,85,2.94,0.398,0.337,0.374,26.0,25.7,18.39721,76.56784,ERA5,Asia/Kolkata,Open-Meteo Historical Weather API
MH-Latur,2025-10-25,24.7,27.4,21.9,1.3,1.3,11.0,82,2.55,0.431,0.348,0.372,25.5,25.2,18.39721,76.56784,ERA5,Asia/Kolkata,Open-Meteo Historical Weather API
MH-Latur,2025-10-26,24.9,29.4,22.1,1.6,1.6,6.0,82,2.91,0.412,0.349,0.37,25.6,25.0,18.39721,76.56784,ERA5,Asia/Kolkata,Open-Meteo Historical Weather API
MH-Latur,2025-10-27,24.9,29.3,22.4,4.0,4.0,10.0,83,3.27,0.417,0.35,0.369,25.6,25.0,18.39721,76.56784,ERA5,Asia/Kolkata,Open-Meteo Historical Weather API
MH-Latur,2025-10-28,24.8,28.0,22.1,4.4,4.4,8.0,84,2.36,0.434,0.353,0.367,25.4,24.9,18.39721,76.56784,ERA5,Asia/Kolkata,Open-Meteo Historical Weather API
MH-Latur,2025-10-29,23.9,27.3,22.1,20.9,20.9,23.0,92,1.54,0.494,0.409,0.367,24.7,24.7,18.39721,76.56784,ERA5,Asia/Kolkata,Open-Meteo Historical Weather API
MH-Latur,2025-10-30,24.6,28.7,22.2,2.3,2.3,8.0,81,2.77,0.477,0.45,0.367,24.7,24.5,18.39721,76.56784,ERA5,Asia/Kolkata,Open-Meteo Historical Weather API
MH-Latur,2025-10-31,24.6,28.4,20.1,0.1,0.1,1.0,77,3.38,0.451,0.444,0.367,24.7,24.2,18.39721,76.56784,ERA5,Asia/Kolkata,Open-Meteo Historical Weather API
MH-Latur,2025-11-01,25.4,30.0,22.2,1.6,1.6,8.0,82,3.26,0.438,0.435,0.366,25.7,24.6,18.39721,76.56784,ERA5,Asia/Kolkata,Open-Meteo Historical Weather API
MH-Latur,2025-11-02,25.2,28.7,23.1,2.3,2.3,5.0,82,2.91,0.438,0.427,0.364,25.6,25.0,18.39721,76.56784,ERA5,Asia/Kolkata,Open-Meteo Historical Weather API
MH-Latur,2025-11-03,25.6,30.1,22.5,0.6,0.6,5.0,81,3.18,0.431,0.422,0.363,26.0,25.1,18.39721,76.56784,ERA5,Asia/Kolkata,Open-Meteo Historical Weather API
MH-Latur,2025-11-04,24.9,28.6,22.4,0.4,0.4,4.0,80,3.18,0.418,0.415,0.362,25.7,25.1,18.39721,76.56784,ERA5,Asia/Kolkata,Open-Meteo Historical Weather API
MH-Latur,2025-11-05,24.3,28.1,20.9,1.1,1.1,6.0,80,3.08,0.41,0.408,0.36,25.1,24.6,18.39721,76.56784,ERA5,Asia/Kolkata,Open-Meteo Historical Weather API
MH-Latur,2025-11-06,24.3,29.1,21.0,0.0,0.0,0.0,72,3.7,0.401,0.4,0.358,24.9,24.3,18.39721,76.56784,ERA5,Asia/Kolkata,Open-Meteo Historical Weather API
MH-Latur,2025-11-07,23.4,29.8,18.5,0.0,0.0,0.0,65,4.4,0.382,0.388,0.354,24.4,24.2,18.39721,76.56784,ERA5,Asia/Kolkata,Open-Meteo Historical Weather API
MH-Latur,2025-11-08,21.5,28.8,14.8,0.0,0.0,0.0,55,4.72,0.362,0.374,0.349,22.6,23.2,18.39721,76.56784,ERA5,Asia/Kolkata,Open-Meteo Historical Weather API
MH-Latur,2025-11-09,20.7,27.9,14.1,0.0,0.0,0.0,61,4.4,0.344,0.36,0.342,21.7,22.3,18.39721,76.56784,ERA5,Asia/Kolkata,Open-Meteo Historical Weather API
MH-Latur,2025-11-10,20.3,27.9,14.4,0.0,0.0,0.0,62,4.25,0.327,0.349,0.336,21.6,22.1,18.39721,76.56784,ERA5,Asia/Kolkata,Open-Meteo Historical Weather API
MH-Latur,2025-11-11,20.7,28.6,14.5,0.0,0.0,0.0,60,4.29,0.313,0.338,0.331,21.8,22.0,18.39721,76.56784,ERA5,Asia/Kolkata,Open-Meteo Historical Weather API
MH-Latur,2025-11-12,21.0,28.5,14.8,0.0,0.0,0.0,58,4.49,0.3,0.327,0.326,22.1,22.2,18.39721,76.56784,ERA5,Asia/Kolkata,Open-Meteo Historical Weather API
MH-Latur,2025-11-13,20.8,28.0,14.4,0.0,0.0,0.0,58,4.5,0.29,0.318,0.322,22.0,22.1,18.39721,76.56784,ERA5,Asia/Kolkata,Open-Meteo Historical Weather API
MH-Latur,2025-11-14,20.1,27.7,13.6,0.0,0.0,0.0,59,4.41,0.283,0.312,0.319,21.6,21.9,18.39721,76.56784,ERA5,Asia/Kolkata,Open-Meteo Historical Weather API
MH-Latur,2025-11-15,19.9,27.9,13.1,0.0,0.0,0.0,60,4.34,0.277,0.305,0.316,21.4,21.7,18.39721,76.56784,ERA5,Asia/Kolkata,Open-Meteo Historical Weather API
MH-Latur,2025-11-16,19.5,27.0,13.1,0.0,0.0,0.0,58,4.42,0.273,0.3,0.314,21.1,21.5,18.39721,76.56784,ERA5,Asia/Kolkata,Open-Meteo Historical Weather API
MH-Latur,2025-11-17,19.1,26.6,13.1,0.0,0.0,0.0,55,4.46,0.27,0.295,0.311,20.8,21.2,18.39721,76.56784,ERA5,Asia/Kolkata,Open-Meteo Historical Weather API
MH-Latur,2025-11-18,19.0,27.4,11.8,0.0,0.0,0.0,59,4.27,0.267,0.293,0.311,20.8,21.1,18.39721,76.56784,ERA5,Asia/Kolkata,Open-Meteo Historical Weather API
MH-Latur,2025-11-19,20.0,28.3,12.8,0.0,0.0,0.0,58,4.35,0.266,0.292,0.311,21.5,21.3,18.39721,76.56784,ERA5,Asia/Kolkata,Open-Meteo Historical Weather API
MH-Latur,2025-11-20,20.2,28.4,13.3,0.0,0.0,0.0,60,4.33,0.266,0.292,0.312,21.6,21.6,18.39721,76.56784,ERA5,Asia/Kolkata,Open-Meteo Historical Weather API
MH-Latur,2025-11-21,21.5,29.6,14.2,0.0,0.0,0.0,62,4.25,0.265,0.291,0.312,22.6,22.0,18.39721,76.56784,ERA5,Asia/Kolkata,Open-Meteo Historical Weather API
MH-Latur,2025-11-22,23.5,31.3,17.1,0.0,0.0,0.0,63,4.32,0.265,0.292,0.314,24.2,22.9,18.39721,76.56784,ERA5,Asia/Kolkata,Open-Meteo Historical Weather API
MH-Latur,2025-11-23,24.2,30.8,18.0,0.0,0.0,0.0,65,4.12,0.264,0.294,0.317,25.1,23.8,18.39721,76.56784,ERA5,Asia/Kolkata,Open-Meteo Historical Weather API
MH-Latur,2025-11-24,24.3,30.3,20.5,0.0,0.0,0.0,62,4.25,0.265,0.298,0.32,25.5,24.6,18.39721,76.56784,ERA5,Asia/Kolkata,Open-Meteo Historical Weather API
MH-Latur,2025-11-25,23.8,30.2,18.8,0.0,0.0,0.0,59,4.42,0.265,0.3,0.323,25.0,24.6,18.39721,76.56784,ERA5,Asia/Kolkata,Open-Meteo Historical Weather API
MH-Latur,2025-11-26,23.2,29.4,18.1,0.0,0.0,0.0,64,4.26,0.266,0.303,0.326,24.5,24.3,18.39721,76.56784,ERA5,Asia/Kolkata,Open-Meteo Historical Weather API
MH-Latur,2025-11-27,23.0,28.6,18.4,0.0,0.0,0.0,67,4.09,0.266,0.305,0.329,24.5,24.2,18.39721,76.56784,ERA5,Asia/Kolkata,Open-Meteo Historical Weather API
MH-Latur,2025-11-28,21.6,27.9,17.0,0.0,0.0,0.0,67,4.12,0.267,0.307,0.332,23.4,23.7,18.39721,76.56784,ERA5,Asia/Kolkata,Open-Meteo Historical Weather API
MH-Latur,2025-11-29,19.9,26.4,14.5,0.0,0.0,0.0,54,4.33,0.267,0.307,0.333,21.9,22.6,18.39721,76.56784,ERA5,Asia/Kolkata,Open-Meteo Historical Weather API
MH-Latur,2025-11-30,20.2,27.3,12.9,0.0,0.0,0.0,61,4.05,0.266,0.303,0.331,21.7,22.0,18.39721,76.56784,ERA5,Asia/Kolkata,Open-Meteo Historical Weather API
MH-Latur,2025-12-01,20.7,28.0,14.5,0.0,0.0,0.0,63,4.06,0.264,0.3,0.33,22.2,22.2,18.39721,76.56784,ERA5,Asia/Kolkata,Open-Meteo Historical Weather API
MH-Latur,2025-12-02,20.3,26.8,14.8,0.0,0.0,0.0,63,3.64,0.264,0.299,0.33,21.8,22.1,18.39721,76.56784,ERA5,Asia/Kolkata,Open-Meteo Historical Weather API
MH-Latur,2025-12-03,20.7,27.2,14.5,0.0,0.0,0.0,68,3.8,0.264,0.3,0.332,21.9,22.1,18.39721,76.56784,ERA5,Asia/Kolkata,Open-Meteo Historical Weather API
MH-Latur,2025-12-04,21.8,28.0,16.2,0.0,0.0,0.0,67,3.77,0.265,0.301,0.333,22.9,22.5,18.39721,76.56784,ERA5,Asia/Kolkata,Open-Meteo Historical Weather API
MH-Latur,2025-12-05,21.4,27.1,17.4,0.0,0.0,0.0,59,4.11,0.265,0.302,0.335,22.9,22.8,18.39721,76.56784,ERA5,Asia/Kolkata,Open-Meteo Historical Weather API
MH-Latur,2025-12-06,20.2,26.8,14.7,0.0,0.0,0.0,60,3.88,0.267,0.306,0.339,21.8,22.3,18.39721,76.56784,ERA5,Asia/Kolkata,Open-Meteo Historical Weather API
MH-Latur,2025-12-07,20.3,28.1,13.9,0.0,0.0,0.0,55,4.17,0.268,0.305,0.339,21.7,21.9,18.39721,76.56784,ERA5,Asia/Kolkata,Open-Meteo Historical Weather API
MH-Latur,2025-12-08,19.7,27.4,13.0,0.0,0.0,0.0,52,4.28,0.267,0.303,0.337,20.8,21.5,18.39721,76.56784,ERA5,Asia/Kolkata,Open-Meteo Historical Weather API
MH-Latur,2025-12-09,19.7,28.0,12.3,0.0,0.0,0.0,49,4.61,0.267,0.3,0.336,20.4,21.0,18.39721,76.56784,ERA5,Asia/Kolkata,Open-Meteo Historical Weather API
MH-Latur,2025-12-10,19.6,28.4,12.7,0.0,0.0,0.0,50,4.62,0.265,0.295,0.333,20.5,20.8,18.39721,76.56784,ERA5,Asia/Kolkata,Open-Meteo Historical Weather API
MH-Latur,2025-12-11,18.9,27.7,11.6,0.0,0.0,0.0,48,4.42,0.264,0.292,0.33,20.0,20.5,18.39721,76.56784,ERA5,Asia/Kolkata,Open-Meteo Historical Weather API
MH-Latur,2025-12-12,18.6,27.5,10.6,0.0,0.0,0.0,51,4.24,0.265,0.292,0.331,19.6,20.2,18.39721,76.56784,ERA5,Asia/Kolkata,Open-Meteo Historical Weather API
MH-Latur,2025-12-13,19.4,28.4,11.5,0.0,0.0,0.0,52,4.21,0.265,0.292,0.331,20.0,20.3,18.39721,76.56784,ERA5,Asia/Kolkata,Open-Meteo Historical Weather API
MH-Latur,2025-12-14,19.6,28.5,11.8,0.0,0.0,0.0,53,4.29,0.264,0.29,0.33,20.5,20.7,18.39721,76.56784,ERA5,Asia/Kolkata,Open-Meteo Historical Weather API
MH-Latur,2025-12-15,19.5,27.7,12.6,0.0,0.0,0.0,56,4.14,0.264,0.289,0.329,20.6,20.8,18.39721,76.56784,ERA5,Asia/Kolkata,Open-Meteo Historical Weather API
MH-Latur,2025-12-16,19.7,27.9,11.8,0.0,0.0,0.0,61,3.99,0.263,0.288,0.329,20.8,20.9,18.39721,76.56784,ERA5,Asia/Kolkata,Open-Meteo Historical Weather API
MH-Latur,2025-12-17,20.1,29.0,13.0,0.0,0.0,0.0,61,4.12,0.263,0.29,0.33,21.2,21.2,18.39721,76.56784,ERA5,Asia/Kolkata,Open-Meteo Historical Weather API
MH-Latur,2025-12-18,19.7,28.6,12.3,0.0,0.0,0.0,57,4.28,0.263,0.29,0.331,20.4,20.9,18.39721,76.56784,ERA5,Asia/Kolkata,Open-Meteo Historical Weather API
MH-Latur,2025-12-19,19.2,28.2,12.9,0.0,0.0,0.0,55,4.32,0.262,0.287,0.328,20.0,20.5,18.39721,76.56784,ERA5,Asia/Kolkata,Open-Meteo Historical Weather API
MH-Latur,2025-12-20,18.8,27.6,11.2,0.0,0.0,0.0,54,4.33,0.262,0.284,0.326,19.8,20.2,18.39721,76.56784,ERA5,Asia/Kolkata,Open-Meteo Historical Weather API
MH-Latur,2025-12-21,18.7,27.1,10.9,0.0,0.0,0.0,57,4.03,0.262,0.284,0.326,19.6,20.0,18.39721,76.56784,ERA5,Asia/Kolkata,Open-Meteo Historical Weather API
MH-Latur,2025-12-22,19.3,27.8,12.1,0.0,0.0,0.0,57,4.11,0.263,0.285,0.326,20.2,20.3,18.39721,76.56784,ERA5,Asia/Kolkata,Open-Meteo Historical Weather API
MH-Latur,2025-12-23,19.5,27.7,12.6,0.0,0.0,0.0,58,4.2,0.263,0.285,0.326,20.3,20.4,18.39721,76.56784,ERA5,Asia/Kolkata,Open-Meteo Historical Weather API
MH-Latur,2025-12-24,19.2,26.9,12.4,0.0,0.0,0.0,55,4.18,0.263,0.285,0.326,20.2,20.3,18.39721,76.56784,ERA5,Asia/Kolkata,Open-Meteo Historical Weather API
MH-Latur,2025-12-25,19.3,27.3,11.8,0.0,0.0,0.0,58,3.97,0.263,0.286,0.326,20.4,20.4,18.39721,76.56784,ERA5,Asia/Kolkata,Open-Meteo Historical Weather API
MH-Latur,2025-12-26,19.9,27.5,12.5,0.0,0.0,0.0,58,4.09,0.262,0.285,0.325,21.0,20.6,18.39721,76.56784,ERA5,Asia/Kolkata,Open-Meteo Historical Weather API
MH-Latur,2025-12-27,19.7,27.6,12.4,0.0,0.0,0.0,56,4.09,0.261,0.284,0.324,21.1,20.9,18.39721,76.56784,ERA5,Asia/Kolkata,Open-Meteo Historical Weather API
MH-Latur,2025-12-28,19.3,27.0,12.3,0.0,0.0,0.0,59,3.94,0.261,0.287,0.326,20.8,20.9,18.39721,76.56784,ERA5,Asia/Kolkata,Open-Meteo Historical Weather API
MH-Latur,2025-12-29,19.1,27.3,12.0,0.0,0.0,0.0,61,3.88,0.261,0.288,0.327,20.7,20.9,18.39721,76.56784,ERA5,Asia/Kolkata,Open-Meteo Historical Weather API
MH-Latur,2025-12-30,20.0,28.7,12.3,0.0,0.0,0.0,58,3.79,0.262,0.288,0.327,21.0,20.9,18.39721,76.56784,ERA5,Asia/Kolkata,Open-Meteo Historical Weather API
MH-Latur,2025-12-31,20.8,29.1,13.7,0.0,0.0,0.0,52,4.06,0.262,0.289,0.328,21.4,21.2,18.39721,76.56784,ERA5,Asia/Kolkata,Open-Meteo Historical Weather API
