region,date,temperature_2m_mean,temperature_2m_max,temperature_2m_min,precipitation_sum,rain_sum,precipitation_hours,relative_humidity_2m_mean,et0_fao_evapotranspiration,soil_moisture_0_to_7cm_mean,soil_moisture_7_to_28cm_mean,soil_moisture_28_to_100cm_mean,soil_temperature_0_to_7cm_mean,soil_temperature_7_to_28cm_mean,latitude_requested,longitude_requested,weather_model,timezone,source
RJ-Jodhpur,2011-01-01,13.8,21.3,7.6,0.0,0.0,0.0,62,3.09,0.11,0.185,0.235,15.8,16.8,26.26841,73.00594,ERA5,Asia/Kolkata,Open-Meteo Historical Weather API
RJ-Jodhpur,2011-01-02,13.2,20.6,7.7,0.0,0.0,0.0,63,2.95,0.098,0.182,0.233,15.8,16.6,26.26841,73.00594,ERA5,Asia/Kolkata,Open-Meteo Historical Weather API
RJ-Jodhpur,2011-01-03,13.4,20.6,7.9,0.0,0.0,0.0,54,3.27,0.093,0.181,0.232,15.3,16.5,26.26841,73.00594,ERA5,Asia/Kolkata,Open-Meteo Historical Weather API
RJ-Jodhpur,2011-01-04,12.8,19.8,7.2,0.0,0.0,0.0,55,3.28,0.092,0.183,0.234,14.8,16.3,26.26841,73.00594,ERA5,Asia/Kolkata,Open-Meteo Historical Weather API
RJ-Jodhpur,2011-01-05,12.5,19.2,7.1,0.0,0.0,0.0,61,3.17,0.093,0.184,0.235,14.7,16.1,26.26841,73.00594,ERA5,Asia/Kolkata,Open-Meteo Historical Weather API
RJ-Jodhpur,2011-01-06,12.9,20.8,6.4,0.0,0.0,0.0,62,3.19,0.09,0.184,0.236,14.6,16.0,26.26841,73.00594,ERA5,Asia/Kolkata,Open-Meteo Historical Weather API
RJ-Jodhpur,2011-01-07,14.1,23.2,7.4,0.0,0.0,0.0,60,3.07,0.086,0.183,0.236,15.8,16.4,26.26841,73.00594,ERA5,Asia/Kolkata,Open-Meteo Historical Weather API
RJ-Jodhpur,2011-01-08,13.6,21.6,6.6,0.0,0.0,0.0,59,3.3,0.081,0.183,0.235,15.8,16.6,26.26841,73.00594,ERA5,Asia/Kolkata,Open-Meteo Historical Weather API
RJ-Jodhpur,2011-01-09,12.7,20.5,6.1,0.0,0.0,0.0,58,3.37,0.075,0.181,0.234,15.0,16.5,26.26841,73.00594,ERA5,Asia/Kolkata,Open-Meteo Historical Weather API
RJ-Jodhpur,2011-01-10,13.7,22.8,6.7,0.0,0.0,0.0,53,3.4,0.073,0.18,0.234,15.7,16.2,26.26841,73.00594,ERA5,Asia/Kolkata,Open-Meteo Historical Weather API
RJ-Jodhpur,2011-01-11,15.6,24.7,7.3,0.0,0.0,0.0,44,3.31,0.072,0.178,0.232,16.6,16.6,26.26841,73.00594,ERA5,Asia/Kolkata,Open-Meteo Historical Weather API
RJ-Jodhpur,2011-01-12,17.5,26.2,8.7,0.0,0.0,0.0,36,3.74,0.073,0.176,0.231,17.4,17.2,26.26841,73.00594,ERA5,Asia/Kolkata,Open-Meteo Historical Weather API
RJ-Jodhpur,2011-01-13,19.1,26.5,12.5,0.0,0.0,0.0,57,3.89,0.074,0.175,0.23,19.5,18.4,26.26841,73.00594,ERA5,Asia/Kolkata,Open-Meteo Historical Weather API
RJ-Jodhpur,2011-01-14,17.8,24.1,11.5,0.0,0.0,0.0,54,3.96,0.074,0.175,0.23,19.2,19.0,26.26841,73.00594,ERA5,Asia/Kolkata,Open-Meteo Historical Weather API
RJ-Jodhpur,2011-01-15,14.9,20.7,9.9,0.0,0.0,0.0,23,4.3,0.074,0.175,0.23,17.6,18.4,26.26841,73.00594,ERA5,Asia/Kolkata,Open-Meteo Historical Weather API
RJ-Jodhpur,2011-01-16,12.7,21.2,5.2,0.0,0.0,0.0,29,3.86,0.076,0.175,0.23,15.2,16.8,26.26841,73.00594,ERA5,Asia/Kolkata,Open-Meteo Historical Weather API
RJ-Jodhpur,2011-01-17,15.3,24.8,6.6,0.0,0.0,0.0,32,4.26,0.077,0.175,0.23,16.3,16.6,26.26841,73.00594,ERA5,Asia/Kolkata,Open-Meteo Historical Weather API
RJ-Jodhpur,2011-01-18,17.0,24.6,9.9,0.0,0.0,0.0,29,4.13,0.079,0.174,0.23,18.1,17.7,26.26841,73.00594,ERA5,Asia/Kolkata,Open-Meteo Historical Weather API
RJ-Jodhpur,2011-01-19,15.3,22.3,8.8,0.0,0.0,0.0,36,3.96,0.079,0.174,0.23,17.6,18.0,26.26841,73.00594,ERA5,Asia/Kolkata,Open-Meteo Historical Weather API
RJ-Jodhpur,2011-01-20,16.7,25.3,8.5,0.0,0.0,0.0,39,3.3,0.083,0.174,0.23,17.3,17.6,26.26841,73.00594,ERA5,Asia/Kolkata,Open-Meteo Historical Weather API
RJ-Jodhpur,2011-01-21,18.2,26.2,10.2,0.0,0.0,0.0,43,3.71,0.087,0.176,0.231,18.7,18.1,26.26841,73.00594,ERA5,Asia/Kolkata,Open-Meteo Historical Weather API
RJ-Jodhpur,2011-01-22,19.0,26.3,12.4,0.0,0.0,0.0,44,3.53,0.089,0.177,0.232,19.6,18.8,26.26841,73.00594,ERA5,Asia/Kolkata,Open-Meteo Historical Weather API
RJ-Jodhpur,2011-01-23,19.5,25.7,14.0,0.0,0.0,0.0,45,4.05,0.086,0.177,0.232,20.6,19.7,26.26841,73.00594,ERA5,Asia/Kolkata,Open-Meteo Historical Weather API
RJ-Jodhpur,2011-01-24,18.9,25.3,13.9,0.0,0.0,0.0,44,4.06,0.083,0.177,0.232,20.4,20.0,26.26841,73.00594,ERA5,Asia/Kolkata,Open-Meteo Historical Weather API
RJ-Jodhpur,2011-01-25,17.9,24.5,12.5,0.0,0.0,0.0,45,4.26,0.086,0.178,0.233,19.5,19.7,26.26841,73.00594,ERA5,Asia/Kolkata,Open-Meteo Historical Weather API
RJ-Jodhpur,2011-01-26,16.7,23.3,9.6,0.0,0.0,0.0,38,4.75,0.089,0.178,0.233,18.2,19.0,26.26841,73.00594,ERA5,Asia/Kolkata,Open-Meteo Historical Weather API
RJ-Jodhpur,2011-01-27,16.2,22.1,10.4,0.0,0.0,0.0,38,4.62,0.089,0.178,0.233,17.8,18.5,26.26841,73.00594,ERA5,Asia/Kolkata,Open-Meteo Historical Weather API
RJ-Jodhpur,2011-01-28,16.1,23.6,9.3,0.0,0.0,0.0,41,4.23,0.089,0.179,0.233,17.5,18.2,26.26841,73.00594,ERA5,Asia/Kolkata,Open-Meteo Historical Weather API
RJ-Jodhpur,2011-01-29,17.2,24.8,11.7,0.0,0.0,0.0,46,4.18,0.085,0.179,0.234,18.6,18.6,26.26841,73.00594,ERA5,Asia/Kolkata,Open-Meteo Historical Weather API
RJ-Jodhpur,2011-01-30,17.4,24.0,11.8,0.0,0.0,0.0,45,4.58,0.083,0.179,0.234,18.8,18.9,26.26841,73.00594,ERA5,Asia/Kolkata,Open-Meteo Historical Weather API
RJ-Jodhpur,2011-01-31,17.4,23.7,11.4,0.0,0.0,0.0,47,4.36,0.084,0.179,0.234,19.0,19.1,26.26841,73.00594,ERA5,Asia/Kolkata,Open-Meteo Historical Weather API
RJ-Jodhpur,2011-02-01,17.5,24.8,11.6,0.0,0.0,0.0,47,4.13,0.084,0.181,0.235,19.1,19.1,26.26841,73.00594,ERA5,Asia/Kolkata,Open-Meteo Historical Weather API
RJ-Jodhpur,2011-02-02,18.9,27.8,11.0,0.0,0.0,0.0,44,4.15,0.082,0.181,0.235,19.7,19.3,26.26841,73.00594,ERA5,Asia/Kolkata,Open-Meteo Historical Weather API
RJ-Jodhpur,2011-02-03,21.3,30.5,12.9,0.0,0.0,0.0,42,4.26,0.079,0.181,0.236,21.0,20.0,26.26841,73.00594,ERA5,Asia/Kolkata,Open-Meteo Historical Weather API
RJ-Jodhpur,2011-02-04,21.4,30.5,12.9,0.0,0.0,0.0,46,4.92,0.078,0.181,0.236,21.5,20.6,26.26841,73.00594,ERA5,Asia/Kolkata,Open-Meteo Historical Weather API
RJ-Jodhpur,2011-02-05,21.4,29.2,13.9,0.0,0.0,0.0,49,4.7,0.078,0.181,0.236,21.9,21.1,26.26841,73.00594,ERA5,Asia/Kolkata,Open-Meteo Historical Weather API
RJ-Jodhpur,2011-02-06,21.2,27.5,15.1,0.0,0.0,0.0,53,5.09,0.078,0.181,0.236,22.1,21.4,26.26841,73.00594,ERA5,Asia/Kolkata,Open-Meteo Historical Weather API
RJ-Jodhpur,2011-02-07,21.0,26.5,16.6,0.0,0.0,0.0,59,3.97,0.074,0.18,0.236,21.8,21.5,26.26841,73.00594,ERA5,Asia/Kolkata,Open-Meteo Historical Weather API
RJ-Jodhpur,2011-02-08,18.6,26.0,12.6,0.0,0.0,0.0,30,4.89,0.08,0.181,0.237,20.8,20.7,26.26841,73.00594,ERA5,Asia/Kolkata,Open-Meteo Historical Weather API
RJ-Jodhpur,2011-02-09,18.9,26.1,12.8,0.0,0.0,0.0,35,5.14,0.084,0.182,0.238,20.4,20.2,26.26841,73.00594,ERA5,Asia/Kolkata,Open-Meteo Historical Weather API
RJ-Jodhpur,2011-02-10,20.1,27.2,13.9,0.0,0.0,0.0,34,5.28,0.081,0.182,0.238,21.3,20.4,26.26841,73.00594,ERA5,Asia/Kolkata,Open-Meteo Historical Weather API
RJ-Jodhpur,2011-02-11,21.8,29.7,15.5,0.0,0.0,0.0,39,5.08,0.081,0.183,0.238,22.4,21.1,26.26841,73.00594,ERA5,Asia/Kolkata,Open-Meteo Historical Weather API
RJ-Jodhpur,2011-02-12,22.5,30.5,15.8,0.0,0.0,0.0,46,5.28,0.083,0.184,0.24,22.9,21.8,26.26841,73.00594,ERA5,Asia/Kolkata,Open-Meteo Historical Weather API
RJ-Jodhpur,2011-02-13,21.0,26.4,15.1,0.0,0.0,0.0,53,4.52,0.081,0.185,0.24,22.6,21.9,26.26841,73.00594,ERA5,Asia/Kolkata,Open-Meteo Historical Weather API
RJ-Jodhpur,2011-02-14,19.8,23.2,17.3,12.4,12.4,9.0,76,2.49,0.106,0.185,0.24,22.4,21.9,26.26841,73.00594,ERA5,Asia/Kolkata,Open-Meteo Historical Weather API
RJ-Jodhpur,2011-02-15,17.9,21.8,14.2,4.6,4.6,3.0,80,2.98,0.295,0.197,0.24,20.8,20.9,26.26841,73.00594,ERA5,Asia/Kolkata,Open-Meteo Historical Weather API
RJ-Jodhpur,2011-02-16,17.7,23.2,13.8,0.0,0.0,0.0,71,3.52,0.257,0.203,0.24,19.6,19.8,26.26841,73.00594,ERA5,Asia/Kolkata,Open-Meteo Historical Weather API
RJ-Jodhpur,2011-02-17,18.0,24.1,12.4,0.0,0.0,0.0,58,4.08,0.222,0.203,0.24,19.3,19.2,26.26841,73.00594,ERA5,Asia/Kolkata,Open-Meteo Historical Weather API
RJ-Jodhpur,2011-02-18,18.6,24.7,13.5,0.0,0.0,0.0,54,4.17,0.19,0.202,0.239,19.2,19.0,26.26841,73.00594,ERA5,Asia/Kolkata,Open-Meteo Historical Weather API
RJ-Jodhpur,2011-02-19,18.9,25.3,13.3,0.0,0.0,0.0,58,3.96,0.164,0.202,0.239,19.9,19.4,26.26841,73.00594,ERA5,Asia/Kolkata,Open-Meteo Historical Weather API
RJ-Jodhpur,2011-02-20,19.0,24.1,14.7,0.0,0.0,0.0,58,4.24,0.143,0.201,0.239,20.3,19.8,26.26841,73.00594,ERA5,Asia/Kolkata,Open-Meteo Historical Weather API
RJ-Jodhpur,2011-02-21,17.1,22.8,12.2,0.0,0.0,0.0,62,4.13,0.125,0.201,0.239,19.5,19.5,26.26841,73.00594,ERA5,Asia/Kolkata,Open-Meteo Historical Weather API
RJ-Jodhpur,2011-02-22,19.0,26.1,13.1,0.0,0.0,0.0,57,4.25,0.11,0.2,0.238,20.1,19.4,26.26841,73.00594,ERA5,Asia/Kolkata,Open-Meteo Historical Weather API
RJ-Jodhpur,2011-02-23,20.0,27.3,13.6,0.0,0.0,0.0,51,4.6,0.099,0.198,0.238,21.2,20.0,26.26841,73.00594,ERA5,Asia/Kolkata,Open-Meteo Historical Weather API
RJ-Jodhpur,2011-02-24,21.0,27.2,15.3,0.0,0.0,0.0,45,5.22,0.092,0.197,0.237,22.4,20.9,26.26841,73.00594,ERA5,Asia/Kolkata,Open-Meteo Historical Weather API
RJ-Jodhpur,2011-02-25,21.0,27.9,14.6,0.0,0.0,0.0,44,5.17,0.092,0.196,0.237,23.0,21.6,26.26841,73.00594,ERA5,Asia/Kolkata,Open-Meteo Historical Weather API
RJ-Jodhpur,2011-02-26,19.8,25.5,14.5,0.0,0.0,0.0,53,4.57,0.1,0.195,0.236,22.9,22.0,26.26841,73.00594,ERA5,Asia/Kolkata,Open-Meteo Historical Weather API
RJ-Jodhpur,2011-02-27,19.9,26.1,13.4,0.0,0.0,0.0,46,5.37,0.093,0.195,0.237,21.8,21.4,26.26841,73.00594,ERA5,Asia/Kolkata,Open-Meteo Historical Weather API
RJ-Jodhpur,2011-02-28,21.1,27.8,15.6,0.0,0.0,0.0,45,5.45,0.089,0.195,0.238,22.7,21.6,26.26841,73.00594,ERA5,Asia/Kolkata,Open-Meteo Historical Weather API
RJ-Jodhpur,2011-03-01,21.5,26.7,17.4,0.0,0.0,0.0,44,5.15,0.089,0.197,0.239,23.2,22.2,26.26841,73.00594,ERA5,Asia/Kolkata,Open-Meteo Historical Weather API
RJ-Jodhpur,2011-03-02,22.7,29.2,17.0,0.0,0.0,0.0,46,6.03,0.087,0.197,0.24,24.3,22.8,26.26841,73.00594,ERA5,Asia/Kolkata,Open-Meteo Historical Weather API
RJ-Jodhpur,2011-03-03,22.1,27.8,17.7,0.5,0.5,1.0,56,4.76,0.082,0.196,0.24,24.7,23.3,26.26841,73.00594,ERA5,Asia/Kolkata,Open-Meteo Historical Weather API
RJ-Jodhpur,2011-03-04,22.9,28.7,17.9,0.0,0.0,0.0,53,4.91,0.077,0.195,0.24,25.1,23.4,26.26841,73.00594,ERA5,Asia/Kolkata,Open-Meteo Historical Weather API
RJ-Jodhpur,2011-03-05,23.9,29.9,18.6,0.0,0.0,0.0,48,5.25,0.076,0.195,0.24,25.9,24.1,26.26841,73.00594,ERA5,Asia/Kolkata,Open-Meteo Historical Weather API
RJ-Jodhpur,2011-03-06,24.4,31.1,17.8,0.0,0.0,0.0,45,5.96,0.074,0.193,0.24,26.3,24.6,26.26841,73.00594,ERA5,Asia/Kolkata,Open-Meteo Historical Weather API
RJ-Jodhpur,2011-03-07,25.5,32.3,19.2,0.0,0.0,0.0,41,6.04,0.073,0.192,0.24,27.3,25.2,26.26841,73.00594,ERA5,Asia/Kolkata,Open-Meteo Historical Weather API
RJ-Jodhpur,2011-03-08,24.7,31.0,18.9,0.0,0.0,0.0,40,5.92,0.072,0.191,0.24,26.7,25.5,26.26841,73.00594,ERA5,Asia/Kolkata,Open-Meteo Historical Weather API
RJ-Jodhpur,2011-03-09,23.1,28.5,17.8,0.0,0.0,0.0,36,5.65,0.069,0.189,0.239,26.6,25.4,26.26841,73.00594,ERA5,Asia/Kolkata,Open-Meteo Historical Weather API
RJ-Jodhpur,2011-03-10,21.8,29.3,14.1,0.0,0.0,0.0,34,6.17,0.071,0.189,0.239,24.7,24.5,26.26841,73.00594,ERA5,Asia/Kolkata,Open-Meteo Historical Weather API
RJ-Jodhpur,2011-03-11,22.5,30.6,15.4,0.0,0.0,0.0,34,6.0,0.073,0.189,0.24,24.9,24.1,26.26841,73.00594,ERA5,Asia/Kolkata,Open-Meteo Historical Weather API
RJ-Jodhpur,2011-03-12,23.4,32.1,14.5,0.0,0.0,0.0,37,5.53,0.074,0.188,0.24,25.5,24.3,26.26841,73.00594,ERA5,Asia/Kolkata,Open-Meteo Historical Weather API
RJ-Jodhpur,2011-03-13,25.9,35.0,17.8,0.0,0.0,0.0,29,6.2,0.073,0.187,0.24,26.5,24.9,26.26841,73.00594,ERA5,Asia/Kolkata,Open-Meteo Historical Weather API
RJ-Jodhpur,2011-03-14,27.2,36.4,19.2,0.0,0.0,0.0,29,5.83,0.072,0.186,0.239,28.2,25.8,26.26841,73.00594,ERA5,Asia/Kolkata,Open-Meteo Historical Weather API
RJ-Jodhpur,2011-03-15,27.7,37.3,19.0,0.0,0.0,0.0,35,6.27,0.071,0.185,0.239,28.9,26.7,26.26841,73.00594,ERA5,Asia/Kolkata,Open-Meteo Historical Weather API
RJ-Jodhpur,2011-03-16,28.7,37.7,20.3,0.0,0.0,0.0,33,6.54,0.071,0.184,0.239,30.1,27.6,26.26841,73.00594,ERA5,Asia/Kolkata,Open-Meteo Historical Weather API
RJ-Jodhpur,2011-03-17,30.0,38.8,22.0,0.0,0.0,0.0,31,7.28,0.07,0.183,0.238,30.7,28.3,26.26841,73.00594,ERA5,Asia/Kolkata,Open-Meteo Historical Weather API
RJ-Jodhpur,2011-03-18,30.5,38.2,23.9,0.0,0.0,0.0,25,8.88,0.069,0.182,0.238,30.9,28.7,26.26841,73.00594,ERA5,Asia/Kolkata,Open-Meteo Historical Weather API
RJ-Jodhpur,2011-03-19,28.9,35.6,23.1,0.0,0.0,0.0,29,8.53,0.068,0.18,0.237,30.0,28.6,26.26841,73.00594,ERA5,Asia/Kolkata,Open-Meteo Historical Weather API
RJ-Jodhpur,2011-03-20,27.4,34.4,21.0,0.0,0.0,0.0,28,7.15,0.069,0.179,0.236,29.9,28.3,26.26841,73.00594,ERA5,Asia/Kolkata,Open-Meteo Historical Weather API
RJ-Jodhpur,2011-03-21,27.1,34.9,19.3,0.0,0.0,0.0,23,7.38,0.069,0.179,0.236,29.0,27.7,26.26841,73.00594,ERA5,Asia/Kolkata,Open-Meteo Historical Weather API
RJ-Jodhpur,2011-03-22,27.0,34.5,19.3,0.0,0.0,0.0,28,7.68,0.069,0.178,0.236,28.9,27.6,26.26841,73.00594,ERA5,Asia/Kolkata,Open-Meteo Historical Weather API
RJ-Jodhpur,2011-03-23,27.3,33.6,21.7,0.0,0.0,0.0,34,7.08,0.068,0.178,0.235,29.6,27.8,26.26841,73.00594,ERA5,Asia/Kolkata,Open-Meteo Historical Weather API
RJ-Jodhpur,2011-03-24,27.7,35.5,19.9,0.0,0.0,0.0,31,6.62,0.069,0.177,0.235,29.8,28.1,26.26841,73.00594,ERA5,Asia/Kolkata,Open-Meteo Historical Weather API
RJ-Jodhpur,2011-03-25,28.3,36.6,20.6,0.0,0.0,0.0,26,6.45,0.068,0.176,0.235,30.8,28.5,26.26841,73.00594,ERA5,Asia/Kolkata,Open-Meteo Historical Weather API
RJ-Jodhpur,2011-03-26,28.6,37.5,19.4,0.0,0.0,0.0,27,7.47,0.068,0.175,0.234,30.4,28.8,26.26841,73.00594,ERA5,Asia/Kolkata,Open-Meteo Historical Weather API
RJ-Jodhpur,2011-03-27,30.4,37.9,23.4,0.0,0.0,0.0,21,8.49,0.067,0.174,0.233,31.7,29.3,26.26841,73.00594,ERA5,Asia/Kolkata,Open-Meteo Historical Weather API
RJ-Jodhpur,2011-03-28,30.6,37.7,23.5,0.0,0.0,0.0,23,9.48,0.066,0.173,0.232,31.6,29.6,26.26841,73.00594,ERA5,Asia/Kolkata,Open-Meteo Historical Weather API
RJ-Jodhpur,2011-03-29,29.9,36.0,25.0,0.0,0.0,0.0,33,7.96,0.066,0.172,0.232,32.2,29.9,26.26841,73.00594,ERA5,Asia/Kolkata,Open-Meteo Historical Weather API
RJ-Jodhpur,2011-03-30,29.5,35.4,23.7,0.0,0.0,0.0,28,7.25,0.066,0.173,0.232,32.6,30.1,26.26841,73.00594,ERA5,Asia/Kolkata,Open-Meteo Historical Weather API
RJ-Jodhpur,2011-03-31,28.8,35.1,22.7,0.0,0.0,0.0,27,8.13,0.067,0.172,0.232,31.5,30.0,26.26841,73.00594,ERA5,Asia/Kolkata,Open-Meteo Historical Weather API
RJ-Jodhpur,2011-04-01,29.4,36.0,22.4,0.0,0.0,0.0,26,7.94,0.068,0.173,0.232,31.7,29.8,26.26841,73.00594,ERA5,Asia/Kolkata,Open-Meteo Historical Weather API
RJ-Jodhpur,2011-04-02,28.6,35.4,21.7,0.0,0.0,0.0,21,8.29,0.068,0.172,0.232,31.4,29.9,26.26841,73.00594,ERA5,Asia/Kolkata,Open-Meteo Historical Weather API
RJ-Jodhpur,2011-04-03,27.4,33.4,21.5,0.0,0.0,0.0,24,8.47,0.071,0.172,0.231,30.4,29.6,26.26841,73.00594,ERA5,Asia/Kolkata,Open-Meteo Historical Weather API
RJ-Jodhpur,2011-04-04,27.7,34.3,21.0,0.0,0.0,0.0,19,6.88,0.07,0.172,0.231,30.5,29.3,26.26841,73.00594,ERA5,Asia/Kolkata,Open-Meteo Historical Weather API
RJ-Jodhpur,2011-04-05,27.6,35.6,18.8,0.0,0.0,0.0,21,7.23,0.07,0.172,0.231,29.8,28.9,26.26841,73.00594,ERA5,Asia/Kolkata,Open-Meteo Historical Weather API
RJ-Jodhpur,2011-04-06,27.8,35.6,19.0,0.0,0.0,0.0,22,6.97,0.071,0.173,0.232,29.9,28.8,26.26841,73.00594,ERA5,Asia/Kolkata,Open-Meteo Historical Weather API
RJ-Jodhpur,2011-04-07,29.3,36.0,21.5,0.0,0.0,0.0,24,7.46,0.071,0.173,0.232,31.8,29.7,26.26841,73.00594,ERA5,Asia/Kolkata,Open-Meteo Historical Weather API
RJ-Jodhpur,2011-04-08,29.5,36.0,23.3,0.0,0.0,0.0,27,8.39,0.069,0.173,0.232,32.2,30.4,26.26841,73.00594,ERA5,Asia/Kolkata,Open-Meteo Historical Weather API
RJ-Jodhpur,2011-04-09,30.0,37.0,21.5,0.0,0.0,0.0,29,6.49,0.068,0.172,0.231,33.1,30.5,26.26841,73.00594,ERA5,Asia/Kolkata,Open-Meteo Historical Weather API
RJ-Jodhpur,2011-04-10,31.4,37.9,24.1,0.0,0.0,0.0,26,8.3,0.067,0.171,0.231,33.7,31.3,26.26841,73.00594,ERA5,Asia/Kolkata,Open-Meteo Historical Weather API
RJ-Jodhpur,2011-04-11,30.2,35.8,24.2,0.0,0.0,0.0,29,6.96,0.068,0.171,0.231,32.5,31.3,26.26841,73.00594,ERA5,Asia/Kolkata,Open-Meteo Historical Weather API
RJ-Jodhpur,2011-04-12,28.8,34.4,23.0,0.0,0.0,0.0,41,6.93,0.067,0.171,0.23,32.4,30.8,26.26841,73.00594,ERA5,Asia/Kolkata,Open-Meteo Historical Weather API
RJ-Jodhpur,2011-04-13,30.5,35.7,25.1,0.0,0.0,0.0,33,7.17,0.064,0.169,0.229,34.0,31.4,26.26841,73.00594,ERA5,Asia/Kolkata,Open-Meteo Historical Weather API
RJ-Jodhpur,2011-04-14,31.6,37.2,25.3,0.0,0.0,0.0,26,7.49,0.064,0.168,0.228,34.7,32.1,26.26841,73.00594,ERA5,Asia/Kolkata,Open-Meteo Historical Weather API
RJ-Jodhpur,2011-04-15,32.1,38.6,24.5,0.0,0.0,0.0,26,7.01,0.064,0.167,0.227,34.8,32.3,26.26841,73.00594,ERA5,Asia/Kolkata,Open-Meteo Historical Weather API
RJ-Jodhpur,2011-04-16,32.0,38.7,26.4,0.3,0.3,1.0,32,7.71,0.067,0.167,0.227,34.4,33.0,26.26841,73.00594,ERA5,Asia/Kolkata,Open-Meteo Historical Weather API
RJ-Jodhpur,2011-04-17,29.4,35.6,23.7,0.0,0.0,0.0,44,7.2,0.071,0.168,0.227,32.9,32.3,26.26841,73.00594,ERA5,Asia/Kolkata,Open-Meteo Historical Weather API
RJ-Jodhpur,2011-04-18,29.3,35.6,22.9,0.0,0.0,0.0,33,7.34,0.064,0.167,0.227,33.3,31.8,26.26841,73.00594,ERA5,Asia/Kolkata,Open-Meteo Historical Weather API
RJ-Jodhpur,2011-04-19,29.3,36.9,22.0,0.0,0.0,0.0,22,8.19,0.065,0.167,0.226,32.6,31.5,26.26841,73.00594,ERA5,Asia/Kolkata,Open-Meteo Historical Weather API
RJ-Jodhpur,2011-04-20,30.8,37.3,24.2,0.0,0.0,0.0,20,8.36,0.066,0.166,0.225,33.9,31.9,26.26841,73.00594,ERA5,Asia/Kolkata,Open-Meteo Historical Weather API
RJ-Jodhpur,2011-04-21,31.2,38.3,24.0,0.0,0.0,0.0,17,8.38,0.066,0.165,0.224,34.3,32.2,26.26841,73.00594,ERA5,Asia/Kolkata,Open-Meteo Historical Weather API
RJ-Jodhpur,2011-04-22,31.8,39.1,24.3,0.0,0.0,0.0,17,8.56,0.065,0.164,0.223,34.3,32.4,26.26841,73.00594,ERA5,Asia/Kolkata,Open-Meteo Historical Weather API
RJ-Jodhpur,2011-04-23,32.2,40.2,23.5,0.0,0.0,0.0,17,8.09,0.064,0.164,0.223,34.8,32.7,26.26841,73.00594,ERA5,Asia/Kolkata,Open-Meteo Historical Weather API
RJ-Jodhpur,2011-04-24,32.3,41.4,22.5,0.0,0.0,0.0,19,8.55,0.064,0.163,0.222,34.8,32.9,26.26841,73.00594,ERA5,Asia/Kolkata,Open-Meteo Historical Weather API
RJ-Jodhpur,2011-04-25,33.8,42.2,26.1,0.0,0.0,0.0,17,8.29,0.064,0.163,0.221,35.7,33.2,26.26841,73.00594,ERA5,Asia/Kolkata,Open-Meteo Historical Weather API
RJ-Jodhpur,2011-04-26,34.8,42.0,28.3,0.0,0.0,0.0,16,8.9,0.063,0.163,0.221,36.7,33.8,26.26841,73.00594,ERA5,Asia/Kolkata,Open-Meteo Historical Weather API
RJ-Jodhpur,2011-04-27,35.0,42.0,28.3,0.0,0.0,0.0,17,9.19,0.063,0.161,0.219,37.4,34.6,26.26841,73.00594,ERA5,Asia/Kolkata,Open-Meteo Historical Weather API
RJ-Jodhpur,2011-04-28,35.0,40.8,29.6,0.0,0.0,0.0,19,8.6,0.062,0.161,0.218,37.8,35.1,26.26841,73.00594,ERA5,Asia/Kolkata,Open-Meteo Historical Weather API
RJ-Jodhpur,2011-04-29,34.3,39.6,28.5,0.0,0.0,0.0,27,9.83,0.063,0.161,0.218,36.7,35.1,26.26841,73.00594,ERA5,Asia/Kolkata,Open-Meteo Historical Weather API
RJ-Jodhpur,2011-04-30,33.9,40.1,27.8,0.0,0.0,0.0,29,9.44,0.062,0.161,0.217,36.6,34.6,26.26841,73.00594,ERA5,Asia/Kolkata,Open-Meteo Historical Weather API
RJ-Jodhpur,2011-05-01,33.5,39.0,27.0,0.0,0.0,0.0,28,8.82,0.064,0.161,0.217,36.4,34.6,26.26841,73.00594,ERA5,Asia/Kolkata,Open-Meteo Historical Weather API
RJ-Jodhpur,2011-05-02,33.8,39.2,28.9,0.0,0.0,0.0,36,9.15,0.065,0.161,0.217,36.7,34.7,26.26841,73.00594,ERA5,Asia/Kolkata,Open-Meteo Historical Weather API
RJ-Jodhpur,2011-05-03,33.9,39.2,28.7,0.0,0.0,0.0,36,10.05,0.063,0.161,0.217,36.7,34.9,26.26841,73.00594,ERA5,Asia/Kolkata,Open-Meteo Historical Weather API
RJ-Jodhpur,2011-05-04,32.7,38.2,27.5,0.0,0.0,0.0,43,9.4,0.062,0.161,0.216,36.2,34.7,26.26841,73.00594,ERA5,Asia/Kolkata,Open-Meteo Historical Weather API
RJ-Jodhpur,2011-05-05,32.8,38.8,27.6,0.0,0.0,0.0,41,9.23,0.061,0.16,0.216,36.3,34.6,26.26841,73.00594,ERA5,Asia/Kolkata,Open-Meteo Historical Weather API
RJ-Jodhpur,2011-05-06,31.8,37.7,26.5,0.0,0.0,0.0,33,8.47,0.062,0.161,0.216,35.8,34.5,26.26841,73.00594,ERA5,Asia/Kolkata,Open-Meteo Historical Weather API
RJ-Jodhpur,2011-05-07,33.4,39.9,26.6,0.0,0.0,0.0,29,7.61,0.062,0.161,0.215,36.5,34.5,26.26841,73.00594,ERA5,Asia/Kolkata,Open-Meteo Historical Weather API
RJ-Jodhpur,2011-05-08,35.8,42.1,29.3,0.0,0.0,0.0,23,10.27,0.061,0.16,0.215,38.0,35.3,26.26841,73.00594,ERA5,Asia/Kolkata,Open-Meteo Historical Weather API
RJ-Jodhpur,2011-05-09,35.6,42.0,30.0,0.0,0.0,0.0,23,11.25,0.059,0.159,0.214,38.2,35.7,26.26841,73.00594,ERA5,Asia/Kolkata,Open-Meteo Historical Weather API
RJ-Jodhpur,2011-05-10,34.1,40.3,28.4,0.0,0.0,0.0,39,9.95,0.058,0.159,0.213,37.3,35.6,26.26841,73.00594,ERA5,Asia/Kolkata,Open-Meteo Historical Weather API
RJ-Jodhpur,2011-05-11,34.0,40.6,28.0,0.0,0.0,0.0,43,9.91,0.057,0.158,0.213,37.3,35.5,26.26841,73.00594,ERA5,Asia/Kolkata,Open-Meteo Historical Weather API
RJ-Jodhpur,2011-05-12,34.2,40.2,28.4,0.0,0.0,0.0,44,9.83,0.056,0.158,0.212,37.3,35.5,26.26841,73.00594,ERA5,Asia/Kolkata,Open-Meteo Historical Weather API
RJ-Jodhpur,2011-05-13,34.6,40.3,28.8,0.0,0.0,0.0,43,9.07,0.056,0.157,0.211,38.1,35.8,26.26841,73.00594,ERA5,Asia/Kolkata,Open-Meteo Historical Weather API
RJ-Jodhpur,2011-05-14,34.7,41.1,29.4,0.4,0.4,2.0,38,8.51,0.058,0.158,0.211,38.1,36.1,26.26841,73.00594,ERA5,Asia/Kolkata,Open-Meteo Historical Weather API
RJ-Jodhpur,2011-05-15,35.3,41.5,30.3,0.1,0.1,1.0,29,8.65,0.059,0.158,0.211,38.5,36.3,26.26841,73.00594,ERA5,Asia/Kolkata,Open-Meteo Historical Weather API
RJ-Jodhpur,2011-05-16,34.8,42.0,30.2,0.3,0.3,1.0,34,8.06,0.065,0.158,0.211,38.4,36.6,26.26841,73.00594,ERA5,Asia/Kolkata,Open-Meteo Historical Weather API
RJ-Jodhpur,2011-05-17,34.5,41.0,29.3,3.5,3.5,3.0,40,6.85,0.087,0.158,0.211,36.4,36.1,26.26841,73.00594,ERA5,Asia/Kolkata,Open-Meteo Historical Weather API
RJ-Jodhpur,2011-05-18,35.2,42.0,28.9,0.0,0.0,0.0,37,9.32,0.092,0.16,0.213,36.4,34.9,26.26841,73.00594,ERA5,Asia/Kolkata,Open-Meteo Historical Weather API
RJ-Jodhpur,2011-05-19,35.5,41.6,29.4,0.0,0.0,0.0,37,10.95,0.072,0.16,0.212,37.7,35.5,26.26841,73.00594,ERA5,Asia/Kolkata,Open-Meteo Historical Weather API
RJ-Jodhpur,2011-05-20,34.8,40.5,28.8,0.0,0.0,0.0,44,10.88,0.067,0.159,0.212,37.8,35.9,26.26841,73.00594,ERA5,Asia/Kolkata,Open-Meteo Historical Weather API
RJ-Jodhpur,2011-05-21,34.1,39.4,28.8,0.0,0.0,0.0,48,9.76,0.066,0.16,0.212,37.5,36.0,26.26841,73.00594,ERA5,Asia/Kolkata,Open-Meteo Historical Weather API
RJ-Jodhpur,2011-05-22,32.9,37.5,27.6,0.0,0.0,0.0,49,8.94,0.066,0.161,0.213,36.8,35.9,26.26841,73.00594,ERA5,Asia/Kolkata,Open-Meteo Historical Weather API
RJ-Jodhpur,2011-05-23,33.9,38.9,28.7,0.0,0.0,0.0,46,9.18,0.065,0.162,0.213,37.5,35.9,26.26841,73.00594,ERA5,Asia/Kolkata,Open-Meteo Historical Weather API
RJ-Jodhpur,2011-05-24,34.6,39.7,30.1,0.0,0.0,0.0,43,10.06,0.064,0.162,0.213,37.9,36.2,26.26841,73.00594,ERA5,Asia/Kolkata,Open-Meteo Historical Weather API
RJ-Jodhpur,2011-05-25,34.3,39.8,29.0,0.0,0.0,0.0,43,9.7,0.063,0.162,0.213,37.5,36.0,26.26841,73.00594,ERA5,Asia/Kolkata,Open-Meteo Historical Weather API
RJ-Jodhpur,2011-05-26,34.2,39.6,29.3,0.0,0.0,0.0,44,9.38,0.063,0.162,0.212,37.5,36.0,26.26841,73.00594,ERA5,Asia/Kolkata,Open-Meteo Historical Weather API
RJ-Jodhpur,2011-05-27,34.3,39.9,29.8,0.0,0.0,0.0,41,9.2,0.063,0.162,0.213,37.8,36.2,26.26841,73.00594,ERA5,Asia/Kolkata,Open-Meteo Historical Weather API
RJ-Jodhpur,2011-05-28,34.2,40.0,28.7,0.0,0.0,0.0,40,9.17,0.065,0.163,0.213,37.6,36.4,26.26841,73.00594,ERA5,Asia/Kolkata,Open-Meteo Historical Weather API
RJ-Jodhpur,2011-05-29,35.6,41.5,30.8,0.0,0.0,0.0,35,10.29,0.066,0.163,0.213,38.3,36.7,26.26841,73.00594,ERA5,Asia/Kolkata,Open-Meteo Historical Weather API
RJ-Jodhpur,2011-05-30,35.0,40.7,29.6,0.0,0.0,0.0,38,10.7,0.065,0.163,0.213,38.0,36.6,26.26841,73.00594,ERA5,Asia/Kolkata,Open-Meteo Historical Weather API
RJ-Jodhpur,2011-05-31,34.6,39.7,28.8,0.0,0.0,0.0,45,10.73,0.064,0.163,0.213,37.8,36.4,26.26841,73.00594,ERA5,Asia/Kolkata,Open-Meteo Historical Weather API
RJ-Jodhpur,2011-06-01,33.9,38.9,28.4,0.0,0.0,0.0,45,10.09,0.062,0.163,0.212,37.3,36.0,26.26841,73.00594,ERA5,Asia/Kolkata,Open-Meteo Historical Weather API
RJ-Jodhpur,2011-06-02,33.3,38.2,29.3,0.0,0.0,0.0,44,8.01,0.062,0.163,0.213,37.8,36.2,26.26841,73.00594,ERA5,Asia/Kolkata,Open-Meteo Historical Weather API
RJ-Jodhpur,2011-06-03,35.5,40.5,29.5,0.0,0.0,0.0,34,6.38,0.061,0.162,0.212,39.5,36.8,26.26841,73.00594,ERA5,Asia/Kolkata,Open-Meteo Historical Weather API
RJ-Jodhpur,2011-06-04,37.1,43.3,30.4,0.0,0.0,0.0,27,7.68,0.062,0.162,0.212,40.8,38.1,26.26841,73.00594,ERA5,Asia/Kolkata,Open-Meteo Historical Weather API
RJ-Jodhpur,2011-06-05,37.6,44.6,29.9,0.0,0.0,0.0,22,7.11,0.063,0.161,0.211,41.0,38.5,26.26841,73.00594,ERA5,Asia/Kolkata,Open-Meteo Historical Weather API
RJ-Jodhpur,2011-06-06,38.7,45.8,31.0,0.0,0.0,0.0,21,7.93,0.063,0.161,0.211,41.3,38.7,26.26841,73.00594,ERA5,Asia/Kolkata,Open-Meteo Historical Weather API
RJ-Jodhpur,2011-06-07,39.6,46.7,32.4,0.0,0.0,0.0,20,10.28,0.063,0.159,0.21,41.6,39.0,26.26841,73.00594,ERA5,Asia/Kolkata,Open-Meteo Historical Weather API
RJ-Jodhpur,2011-06-08,37.5,42.3,33.0,0.0,0.0,0.0,33,11.83,0.062,0.159,0.21,40.7,39.1,26.26841,73.00594,ERA5,Asia/Kolkata,Open-Meteo Historical Weather API
RJ-Jodhpur,2011-06-09,35.8,40.8,30.6,0.0,0.0,0.0,40,10.76,0.064,0.16,0.21,39.4,38.5,26.26841,73.00594,ERA5,Asia/Kolkata,Open-Meteo Historical Weather API
RJ-Jodhpur,2011-06-10,34.3,39.6,29.0,0.0,0.0,0.0,46,9.77,0.065,0.161,0.211,38.4,38.0,26.26841,73.00594,ERA5,Asia/Kolkata,Open-Meteo Historical Weather API
RJ-Jodhpur,2011-06-11,35.1,41.0,29.6,0.0,0.0,0.0,44,10.01,0.066,0.161,0.211,38.5,37.7,26.26841,73.00594,ERA5,Asia/Kolkata,Open-Meteo Historical Weather API
RJ-Jodhpur,2011-06-12,34.6,40.1,29.5,0.0,0.0,0.0,47,8.89,0.065,0.161,0.211,38.3,37.5,26.26841,73.00594,ERA5,Asia/Kolkata,Open-Meteo Historical Weather API
RJ-Jodhpur,2011-06-13,34.3,38.6,29.2,0.0,0.0,0.0,48,8.96,0.065,0.161,0.211,38.9,37.8,26.26841,73.00594,ERA5,Asia/Kolkata,Open-Meteo Historical Weather API
RJ-Jodhpur,2011-06-14,35.4,40.4,31.2,0.1,0.1,1.0,48,9.4,0.067,0.161,0.211,39.3,38.0,26.26841,73.00594,ERA5,Asia/Kolkata,Open-Meteo Historical Weather API
RJ-Jodhpur,2011-06-15,33.6,37.5,29.5,0.0,0.0,0.0,51,9.59,0.069,0.162,0.211,37.7,37.6,26.26841,73.00594,ERA5,Asia/Kolkata,Open-Meteo Historical Weather API
RJ-Jodhpur,2011-06-16,33.9,38.4,29.4,0.0,0.0,0.0,51,9.4,0.069,0.162,0.211,37.5,36.8,26.26841,73.00594,ERA5,Asia/Kolkata,Open-Meteo Historical Weather API
RJ-Jodhpur,2011-06-17,33.5,38.2,28.6,0.0,0.0,0.0,51,8.95,0.069,0.162,0.211,37.4,36.5,26.26841,73.00594,ERA5,Asia/Kolkata,Open-Meteo Historical Weather API
RJ-Jodhpur,2011-06-18,33.4,38.3,29.4,0.0,0.0,0.0,55,7.98,0.07,0.162,0.212,37.0,36.3,26.26841,73.00594,ERA5,Asia/Kolkata,Open-Meteo Historical Weather API
RJ-Jodhpur,2011-06-19,33.6,38.2,29.2,0.0,0.0,0.0,52,8.58,0.068,0.162,0.211,37.5,36.4,26.26841,73.00594,ERA5,Asia/Kolkata,Open-Meteo Historical Weather API
RJ-Jodhpur,2011-06-20,33.6,38.3,29.5,0.0,0.0,0.0,51,8.63,0.068,0.162,0.211,37.6,36.6,26.26841,73.00594,ERA5,Asia/Kolkata,Open-Meteo Historical Weather API
RJ-Jodhpur,2011-06-21,34.1,39.2,29.0,0.0,0.0,0.0,50,9.09,0.066,0.161,0.211,37.6,36.6,26.26841,73.00594,ERA5,Asia/Kolkata,Open-Meteo Historical Weather API
RJ-Jodhpur,2011-06-22,33.8,38.7,29.4,0.0,0.0,0.0,52,8.8,0.066,0.161,0.211,37.6,36.8,26.26841,73.00594,ERA5,Asia/Kolkata,Open-Meteo Historical Weather API
RJ-Jodhpur,2011-06-23,31.7,34.2,28.8,0.0,0.0,0.0,57,6.28,0.069,0.161,0.211,35.0,36.0,26.26841,73.00594,ERA5,Asia/Kolkata,Open-Meteo Historical Weather API
RJ-Jodhpur,2011-06-24,32.9,37.8,27.9,0.0,0.0,0.0,54,8.95,0.069,0.161,0.21,36.3,35.2,26.26841,73.00594,ERA5,Asia/Kolkata,Open-Meteo Historical Weather API
RJ-Jodhpur,2011-06-25,33.1,38.2,27.9,0.0,0.0,0.0,53,8.94,0.068,0.161,0.21,36.8,35.8,26.26841,73.00594,ERA5,Asia/Kolkata,Open-Meteo Historical Weather API
RJ-Jodhpur,2011-06-26,32.8,37.2,28.5,0.0,0.0,0.0,53,7.92,0.069,0.161,0.21,36.6,35.9,26.26841,73.00594,ERA5,Asia/Kolkata,Open-Meteo Historical Weather API
RJ-Jodhpur,2011-06-27,32.5,35.8,29.3,0.0,0.0,0.0,57,6.85,0.068,0.161,0.211,36.0,35.6,26.26841,73.00594,ERA5,Asia/Kolkata,Open-Meteo Historical Weather API
RJ-Jodhpur,2011-06-28,32.9,37.3,29.5,0.0,0.0,0.0,55,8.25,0.067,0.161,0.211,36.9,35.6,26.26841,73.00594,ERA5,Asia/Kolkata,Open-Meteo Historical Weather API
RJ-Jodhpur,2011-06-29,32.8,37.0,29.0,0.0,0.0,0.0,53,8.09,0.067,0.161,0.211,36.3,35.7,26.26841,73.00594,ERA5,Asia/Kolkata,Open-Meteo Historical Weather API
RJ-Jodhpur,2011-06-30,32.3,34.8,28.8,0.2,0.2,2.0,54,7.54,0.067,0.16,0.209,35.3,35.2,26.26841,73.00594,ERA5,Asia/Kolkata,Open-Meteo Historical Weather API
RJ-Jodhpur,2011-07-01,32.2,36.2,28.6,0.0,0.0,0.0,54,7.27,0.066,0.161,0.209,34.8,34.6,26.26841,73.00594,ERA5,Asia/Kolkata,Open-Meteo Historical Weather API
RJ-Jodhpur,2011-07-02,32.1,36.0,28.3,0.0,0.0,0.0,53,7.08,0.063,0.16,0.208,34.9,34.4,26.26841,73.00594,ERA5,Asia/Kolkata,Open-Meteo Historical Weather API
RJ-Jodhpur,2011-07-03,33.0,37.4,29.3,0.0,0.0,0.0,49,7.92,0.06,0.159,0.207,36.1,34.7,26.26841,73.00594,ERA5,Asia/Kolkata,Open-Meteo Historical Weather API
RJ-Jodhpur,2011-07-04,33.7,37.5,29.7,0.0,0.0,0.0,47,7.98,0.058,0.158,0.206,37.5,35.5,26.26841,73.00594,ERA5,Asia/Kolkata,Open-Meteo Historical Weather API
RJ-Jodhpur,2011-07-05,34.4,38.2,31.0,0.0,0.0,0.0,46,7.38,0.06,0.158,0.206,38.8,36.6,26.26841,73.00594,ERA5,Asia/Kolkata,Open-Meteo Historical Weather API
RJ-Jodhpur,2011-07-06,33.5,40.1,28.6,0.5,0.5,2.0,53,6.9,0.065,0.158,0.206,37.5,37.0,26.26841,73.00594,ERA5,Asia/Kolkata,Open-Meteo Historical Weather API
RJ-Jodhpur,2011-07-07,34.5,40.3,29.4,0.4,0.4,1.0,51,7.3,0.07,0.157,0.205,38.7,36.9,26.26841,73.00594,ERA5,Asia/Kolkata,Open-Meteo Historical Weather API
RJ-Jodhpur,2011-07-08,32.6,36.6,28.3,0.3,0.3,1.0,60,6.78,0.074,0.156,0.205,37.0,36.8,26.26841,73.00594,ERA5,Asia/Kolkata,Open-Meteo Historical Weather API
RJ-Jodhpur,2011-07-09,28.3,31.6,25.7,11.6,11.6,11.0,79,4.25,0.192,0.158,0.205,31.8,34.5,26.26841,73.00594,ERA5,Asia/Kolkata,Open-Meteo Historical Weather API
RJ-Jodhpur,2011-07-10,27.8,31.6,24.7,15.2,15.2,13.0,82,3.57,0.305,0.166,0.205,30.1,31.9,26.26841,73.00594,ERA5,Asia/Kolkata,Open-Meteo Historical Weather API
RJ-Jodhpur,2011-07-11,29.2,33.6,25.5,1.0,1.0,4.0,75,4.51,0.283,0.18,0.206,30.0,30.9,26.26841,73.00594,ERA5,Asia/Kolkata,Open-Meteo Historical Weather API
RJ-Jodhpur,2011-07-12,31.1,34.8,27.9,0.0,0.0,0.0,66,6.56,0.222,0.182,0.204,32.0,31.5,26.26841,73.00594,ERA5,Asia/Kolkata,Open-Meteo Historical Weather API
RJ-Jodhpur,2011-07-13,32.2,37.4,28.3,0.0,0.0,0.0,62,6.75,0.162,0.181,0.204,32.8,32.1,26.26841,73.00594,ERA5,Asia/Kolkata,Open-Meteo Historical Weather API
RJ-Jodhpur,2011-07-14,32.6,36.9,28.9,0.2,0.2,1.0,60,6.87,0.118,0.179,0.203,34.4,33.0,26.26841,73.00594,ERA5,Asia/Kolkata,Open-Meteo Historical Weather API
RJ-Jodhpur,2011-07-15,32.0,36.9,27.3,2.5,2.5,5.0,64,6.36,0.103,0.178,0.202,35.1,33.8,26.26841,73.00594,ERA5,Asia/Kolkata,Open-Meteo Historical Weather API
RJ-Jodhpur,2011-07-16,29.9,34.0,25.7,5.3,5.3,10.0,73,4.91,0.153,0.18,0.204,33.3,33.7,26.26841,73.00594,ERA5,Asia/Kolkata,Open-Meteo Historical Weather API
RJ-Jodhpur,2011-07-17,31.8,36.6,27.8,0.5,0.5,2.0,68,5.25,0.151,0.18,0.203,34.0,33.4,26.26841,73.00594,ERA5,Asia/Kolkata,Open-Meteo Historical Weather API
RJ-Jodhpur,2011-07-18,32.2,36.9,28.4,0.0,0.0,0.0,64,5.97,0.118,0.18,0.202,35.3,33.8,26.26841,73.00594,ERA5,Asia/Kolkata,Open-Meteo Historical Weather API
RJ-Jodhpur,2011-07-19,31.7,36.9,27.6,3.6,3.6,2.0,67,6.38,0.103,0.18,0.203,35.0,34.4,26.26841,73.00594,ERA5,Asia/Kolkata,Open-Meteo Historical Weather API
RJ-Jodhpur,2011-07-20,31.0,35.3,27.1,0.0,0.0,0.0,63,7.31,0.101,0.179,0.203,34.0,33.8,26.26841,73.00594,ERA5,Asia/Kolkata,Open-Meteo Historical Weather API
RJ-Jodhpur,2011-07-21,30.8,34.6,27.3,0.0,0.0,0.0,60,6.92,0.091,0.179,0.203,33.7,33.4,26.26841,73.00594,ERA5,Asia/Kolkata,Open-Meteo Historical Weather API
RJ-Jodhpur,2011-07-22,30.5,34.2,27.0,0.0,0.0,0.0,59,6.07,0.085,0.178,0.204,33.2,33.1,26.26841,73.00594,ERA5,Asia/Kolkata,Open-Meteo Historical Weather API
RJ-Jodhpur,2011-07-23,30.5,34.2,28.0,0.0,0.0,0.0,64,5.48,0.086,0.177,0.204,33.4,33.0,26.26841,73.00594,ERA5,Asia/Kolkata,Open-Meteo Historical Weather API
RJ-Jodhpur,2011-07-24,29.9,34.2,26.6,9.3,9.3,11.0,74,3.92,0.138,0.177,0.204,31.9,32.6,26.26841,73.00594,ERA5,Asia/Kolkata,Open-Meteo Historical Weather API
RJ-Jodhpur,2011-07-25,30.7,34.9,27.4,0.9,0.9,6.0,77,4.56,0.176,0.175,0.202,32.8,32.3,26.26841,73.00594,ERA5,Asia/Kolkata,Open-Meteo Historical Weather API
RJ-Jodhpur,2011-07-26,31.7,36.5,27.9,3.3,3.3,6.0,72,4.94,0.169,0.173,0.2,33.5,32.5,26.26841,73.00594,ERA5,Asia/Kolkata,Open-Meteo Historical Weather API
RJ-Jodhpur,2011-07-27,31.3,36.3,27.9,1.6,1.6,5.0,72,5.44,0.185,0.172,0.199,33.0,32.6,26.26841,73.00594,ERA5,Asia/Kolkata,Open-Meteo Historical Weather API
RJ-Jodhpur,2011-07-28,30.6,34.5,27.6,0.1,0.1,1.0,74,4.74,0.146,0.172,0.197,32.5,32.3,26.26841,73.00594,ERA5,Asia/Kolkata,Open-Meteo Historical Weather API
RJ-Jodhpur,2011-07-29,30.2,34.2,26.3,0.1,0.1,1.0,73,4.63,0.123,0.172,0.197,32.1,32.2,26.26841,73.00594,ERA5,Asia/Kolkata,Open-Meteo Historical Weather API
RJ-Jodhpur,2011-07-30,31.7,36.0,27.6,0.0,0.0,0.0,67,5.95,0.101,0.171,0.197,34.3,32.7,26.26841,73.00594,ERA5,Asia/Kolkata,Open-Meteo Historical Weather API
RJ-Jodhpur,2011-07-31,31.4,35.9,27.7,0.2,0.2,1.0,68,5.4,0.086,0.169,0.195,34.8,33.4,26.26841,73.00594,ERA5,Asia/Kolkata,Open-Meteo Historical Weather API
RJ-Jodhpur,2011-08-01,30.8,34.6,27.5,0.0,0.0,0.0,68,5.06,0.086,0.168,0.195,34.2,33.6,26.26841,73.00594,ERA5,Asia/Kolkata,Open-Meteo Historical Weather API
RJ-Jodhpur,2011-08-02,31.5,36.0,27.4,0.0,0.0,0.0,65,5.85,0.084,0.168,0.195,34.8,33.5,26.26841,73.00594,ERA5,Asia/Kolkata,Open-Meteo Historical Weather API
RJ-Jodhpur,2011-08-03,32.4,37.3,28.2,0.0,0.0,0.0,60,6.69,0.08,0.167,0.195,36.0,34.2,26.26841,73.00594,ERA5,Asia/Kolkata,Open-Meteo Historical Weather API
RJ-Jodhpur,2011-08-04,32.1,37.5,28.4,0.0,0.0,0.0,62,6.29,0.08,0.167,0.196,35.9,34.7,26.26841,73.00594,ERA5,Asia/Kolkata,Open-Meteo Historical Weather API
RJ-Jodhpur,2011-08-05,31.9,36.6,28.3,0.5,0.5,1.0,63,6.64,0.078,0.166,0.196,36.0,34.8,26.26841,73.00594,ERA5,Asia/Kolkata,Open-Meteo Historical Weather API
RJ-Jodhpur,2011-08-06,31.4,35.5,28.1,0.0,0.0,0.0,64,6.63,0.085,0.167,0.197,35.0,34.5,26.26841,73.00594,ERA5,Asia/Kolkata,Open-Meteo Historical Weather API
RJ-Jodhpur,2011-08-07,31.7,35.9,28.0,0.0,0.0,0.0,62,6.02,0.083,0.167,0.198,34.6,34.1,26.26841,73.00594,ERA5,Asia/Kolkata,Open-Meteo Historical Weather API
RJ-Jodhpur,2011-08-08,31.6,36.9,26.5,7.0,7.0,6.0,67,5.4,0.091,0.167,0.198,35.6,34.3,26.26841,73.00594,ERA5,Asia/Kolkata,Open-Meteo Historical Weather API
RJ-Jodhpur,2011-08-09,28.7,33.0,26.3,32.6,32.6,22.0,86,2.41,0.263,0.18,0.198,32.1,33.2,26.26841,73.00594,ERA5,Asia/Kolkata,Open-Meteo Historical Weather API
RJ-Jodhpur,2011-08-10,28.2,31.2,26.4,12.7,12.7,13.0,87,2.99,0.383,0.256,0.198,30.5,31.4,26.26841,73.00594,ERA5,Asia/Kolkata,Open-Meteo Historical Weather API
RJ-Jodhpur,2011-08-11,28.3,30.5,26.3,3.3,3.3,6.0,80,2.57,0.361,0.292,0.199,29.3,30.1,26.26841,73.00594,ERA5,Asia/Kolkata,Open-Meteo Historical Weather API
RJ-Jodhpur,2011-08-12,28.7,31.3,25.9,1.2,1.2,3.0,78,2.84,0.324,0.295,0.199,29.9,29.9,26.26841,73.00594,ERA5,Asia/Kolkata,Open-Meteo Historical Weather API
RJ-Jodhpur,2011-08-13,28.3,31.0,26.3,9.8,9.8,12.0,84,3.09,0.331,0.294,0.199,30.7,30.3,26.26841,73.00594,ERA5,Asia/Kolkata,Open-Meteo Historical Weather API
RJ-Jodhpur,2011-08-14,28.4,32.1,25.9,8.7,8.7,9.0,85,3.06,0.379,0.313,0.2,30.5,30.5,26.26841,73.00594,ERA5,Asia/Kolkata,Open-Meteo Historical Weather API
RJ-Jodhpur,2011-08-15,27.5,30.0,26.3,27.7,27.7,20.0,88,2.46,0.408,0.349,0.203,29.7,30.1,26.26841,73.00594,ERA5,Asia/Kolkata,Open-Meteo Historical Weather API
RJ-Jodhpur,2011-08-16,27.7,30.4,25.5,13.5,13.5,12.0,87,1.86,0.415,0.411,0.216,28.7,29.2,26.26841,73.00594,ERA5,Asia/Kolkata,Open-Meteo Historical Weather API
RJ-Jodhpur,2011-08-17,28.6,32.0,25.5,0.1,0.1,1.0,79,3.85,0.376,0.387,0.226,29.0,28.9,26.26841,73.00594,ERA5,Asia/Kolkata,Open-Meteo Historical Weather API
RJ-Jodhpur,2011-08-18,29.6,32.8,26.3,0.6,0.6,4.0,76,4.45,0.35,0.369,0.23,29.7,29.2,26.26841,73.00594,ERA5,Asia/Kolkata,Open-Meteo Historical Weather API
RJ-Jodhpur,2011-08-19,29.9,32.9,27.7,0.9,0.9,6.0,76,4.18,0.327,0.355,0.232,30.4,29.5,26.26841,73.00594,ERA5,Asia/Kolkata,Open-Meteo Historical Weather API
RJ-Jodhpur,2011-08-20,29.4,32.8,26.9,0.2,0.2,2.0,78,3.45,0.307,0.343,0.233,30.2,29.5,26.26841,73.00594,ERA5,Asia/Kolkata,Open-Meteo Historical Weather API
RJ-Jodhpur,2011-08-21,29.3,32.8,26.4,13.0,13.0,14.0,82,3.46,0.377,0.348,0.234,30.3,29.6,26.26841,73.00594,ERA5,Asia/Kolkata,Open-Meteo Historical Weather API
RJ-Jodhpur,2011-08-22,30.3,34.3,26.8,0.3,0.3,3.0,80,4.61,0.349,0.35,0.236,31.3,30.2,26.26841,73.00594,ERA5,Asia/Kolkata,Open-Meteo Historical Weather API
RJ-Jodhpur,2011-08-23,30.4,33.5,27.6,0.0,0.0,0.0,78,4.59,0.31,0.34,0.236,31.1,30.4,26.26841,73.00594,ERA5,Asia/Kolkata,Open-Meteo Historical Weather API
RJ-Jodhpur,2011-08-24,28.2,29.6,27.1,1.4,1.4,5.0,82,2.89,0.294,0.33,0.237,29.3,29.7,26.26841,73.00594,ERA5,Asia/Kolkata,Open-Meteo Historical Weather API
RJ-Jodhpur,2011-08-25,28.4,31.6,26.0,1.6,1.6,4.0,84,3.44,0.299,0.322,0.237,29.5,29.1,26.26841,73.00594,ERA5,Asia/Kolkata,Open-Meteo Historical Weather API
RJ-Jodhpur,2011-08-26,28.9,32.3,25.9,1.5,1.5,5.0,81,4.35,0.296,0.318,0.238,30.2,29.4,26.26841,73.00594,ERA5,Asia/Kolkata,Open-Meteo Historical Weather API
RJ-Jodhpur,2011-08-27,30.4,34.4,26.5,1.3,1.3,6.0,78,4.0,0.279,0.313,0.237,31.3,30.0,26.26841,73.00594,ERA5,Asia/Kolkata,Open-Meteo Historical Weather API
RJ-Jodhpur,2011-08-28,29.8,33.5,26.9,12.0,12.0,6.0,81,4.07,0.345,0.321,0.237,31.3,30.5,26.26841,73.00594,ERA5,Asia/Kolkata,Open-Meteo Historical Weather API
RJ-Jodhpur,2011-08-29,30.4,34.8,27.1,1.6,1.6,4.0,75,4.74,0.325,0.321,0.237,31.3,30.4,26.26841,73.00594,ERA5,Asia/Kolkata,Open-Meteo Historical Weather API
RJ-Jodhpur,2011-08-30,29.8,32.3,27.5,5.7,5.7,8.0,79,4.53,0.317,0.317,0.237,30.7,30.3,26.26841,73.00594,ERA5,Asia/Kolkata,Open-Meteo Historical Weather API
RJ-Jodhpur,2011-08-31,29.4,32.6,26.8,5.1,5.1,5.0,81,4.36,0.346,0.318,0.237,30.6,30.2,26.26841,73.00594,ERA5,Asia/Kolkata,Open-Meteo Historical Weather API
RJ-Jodhpur,2011-09-01,29.3,32.9,26.2,5.4,5.4,6.0,79,4.31,0.345,0.321,0.238,30.5,30.2,26.26841,73.00594,ERA5,Asia/Kolkata,Open-Meteo Historical Weather API
RJ-Jodhpur,2011-09-02,28.3,31.8,25.1,3.3,3.3,4.0,80,4.41,0.34,0.322,0.239,29.9,30.1,26.26841,73.00594,ERA5,Asia/Kolkata,Open-Meteo Historical Weather API
RJ-Jodhpur,2011-09-03,28.0,31.4,25.3,13.5,13.5,12.0,81,4.04,0.395,0.336,0.239,29.3,29.7,26.26841,73.00594,ERA5,Asia/Kolkata,Open-Meteo Historical Weather API
RJ-Jodhpur,2011-09-04,28.0,31.9,25.9,13.8,13.8,17.0,86,2.72,0.405,0.362,0.241,28.9,28.9,26.26841,73.00594,ERA5,Asia/Kolkata,Open-Meteo Historical Weather API
RJ-Jodhpur,2011-09-05,27.8,30.6,25.7,10.9,10.9,14.0,88,2.92,0.419,0.401,0.247,29.1,28.9,26.26841,73.00594,ERA5,Asia/Kolkata,Open-Meteo Historical Weather API
RJ-Jodhpur,2011-09-06,28.0,30.6,25.9,3.4,3.4,6.0,85,2.46,0.404,0.4,0.256,28.6,28.8,26.26841,73.00594,ERA5,Asia/Kolkata,Open-Meteo Historical Weather API
RJ-Jodhpur,2011-09-07,27.6,29.5,26.3,0.2,0.2,1.0,82,2.66,0.382,0.387,0.262,28.1,28.2,26.26841,73.00594,ERA5,Asia/Kolkata,Open-Meteo Historical Weather API
RJ-Jodhpur,2011-09-08,27.1,29.0,25.5,0.8,0.8,5.0,83,2.39,0.365,0.374,0.265,27.3,27.7,26.26841,73.00594,ERA5,Asia/Kolkata,Open-Meteo Historical Weather API
RJ-Jodhpur,2011-09-09,27.4,29.6,25.5,0.3,0.3,3.0,82,3.32,0.346,0.363,0.268,27.9,27.8,26.26841,73.00594,ERA5,Asia/Kolkata,Open-Meteo Historical Weather API
RJ-Jodhpur,2011-09-10,28.3,32.0,25.1,2.5,2.5,7.0,80,3.65,0.329,0.352,0.269,29.3,28.4,26.26841,73.00594,ERA5,Asia/Kolkata,Open-Meteo Historical Weather API
RJ-Jodhpur,2011-09-11,28.5,31.7,25.9,6.9,6.9,13.0,84,3.28,0.35,0.348,0.27,30.1,29.2,26.26841,73.00594,ERA5,Asia/Kolkata,Open-Meteo Historical Weather API
RJ-Jodhpur,2011-09-12,28.1,31.1,25.9,16.2,16.2,19.0,86,2.24,0.416,0.381,0.272,29.4,29.0,26.26841,73.00594,ERA5,Asia/Kolkata,Open-Meteo Historical Weather API
RJ-Jodhpur,2011-09-13,28.9,32.1,26.3,1.2,1.2,6.0,80,3.88,0.386,0.387,0.276,29.7,28.8,26.26841,73.00594,ERA5,Asia/Kolkata,Open-Meteo Historical Weather API
RJ-Jodhpur,2011-09-14,29.3,32.5,26.8,0.1,0.1,1.0,79,3.96,0.358,0.374,0.278,29.9,28.9,26.26841,73.00594,ERA5,Asia/Kolkata,Open-Meteo Historical Weather API
RJ-Jodhpur,2011-09-15,29.2,32.2,26.3,0.3,0.3,2.0,77,4.36,0.331,0.361,0.279,29.9,29.0,26.26841,73.00594,ERA5,Asia/Kolkata,Open-Meteo Historical Weather API
RJ-Jodhpur,2011-09-16,28.8,32.3,25.7,0.0,0.0,0.0,75,4.79,0.304,0.348,0.279,29.4,28.8,26.26841,73.00594,ERA5,Asia/Kolkata,Open-Meteo Historical Weather API
RJ-Jodhpur,2011-09-17,26.2,27.1,25.4,30.8,30.8,18.0,88,1.4,0.345,0.349,0.279,27.4,27.9,26.26841,73.00594,ERA5,Asia/Kolkata,Open-Meteo Historical Weather API
RJ-Jodhpur,2011-09-18,27.4,30.7,24.6,0.5,0.5,3.0,81,3.89,0.393,0.393,0.284,27.9,27.4,26.26841,73.00594,ERA5,Asia/Kolkata,Open-Meteo Historical Weather API
RJ-Jodhpur,2011-09-19,27.3,30.6,24.6,0.9,0.9,4.0,80,3.8,0.362,0.377,0.288,28.0,27.6,26.26841,73.00594,ERA5,Asia/Kolkata,Open-Meteo Historical Weather API
RJ-Jodhpur,2011-09-20,26.8,30.3,23.5,0.0,0.0,0.0,78,4.05,0.336,0.364,0.289,27.8,27.4,26.26841,73.00594,ERA5,Asia/Kolkata,Open-Meteo Historical Weather API
RJ-Jodhpur,2011-09-21,26.6,30.5,23.4,0.0,0.0,0.0,78,3.97,0.313,0.351,0.29,27.5,27.0,26.26841,73.00594,ERA5,Asia/Kolkata,Open-Meteo Historical Weather API
RJ-Jodhpur,2011-09-22,26.7,30.8,22.9,0.0,0.0,0.0,77,4.03,0.294,0.34,0.29,27.5,26.9,26.26841,73.00594,ERA5,Asia/Kolkata,Open-Meteo Historical Weather API
RJ-Jodhpur,2011-09-23,27.2,31.1,23.2,0.0,0.0,0.0,75,4.7,0.274,0.329,0.289,28.1,27.3,26.26841,73.00594,ERA5,Asia/Kolkata,Open-Meteo Historical Weather API
RJ-Jodhpur,2011-09-24,27.4,31.1,23.9,0.0,0.0,0.0,74,4.73,0.25,0.318,0.288,28.3,27.6,26.26841,73.00594,ERA5,Asia/Kolkata,Open-Meteo Historical Weather API
RJ-Jodhpur,2011-09-25,27.0,31.0,23.7,0.0,0.0,0.0,75,4.98,0.227,0.308,0.286,28.2,27.6,26.26841,73.00594,ERA5,Asia/Kolkata,Open-Meteo Historical Weather API
RJ-Jodhpur,2011-09-26,26.6,30.4,23.3,0.0,0.0,0.0,73,4.84,0.205,0.298,0.285,27.7,27.4,26.26841,73.00594,ERA5,Asia/Kolkata,Open-Meteo Historical Weather API
RJ-Jodhpur,2011-09-27,26.5,30.6,23.0,0.0,0.0,0.0,73,5.05,0.184,0.289,0.284,27.6,27.3,26.26841,73.00594,ERA5,Asia/Kolkata,Open-Meteo Historical Weather API
RJ-Jodhpur,2011-09-28,26.7,30.9,22.7,0.0,0.0,0.0,71,5.2,0.163,0.28,0.283,27.8,27.3,26.26841,73.00594,ERA5,Asia/Kolkata,Open-Meteo Historical Weather API
RJ-Jodhpur,2011-09-29,26.6,31.3,22.5,0.0,0.0,0.0,70,5.17,0.143,0.271,0.281,27.9,27.4,26.26841,73.00594,ERA5,Asia/Kolkata,Open-Meteo Historical Weather API
RJ-Jodhpur,2011-09-30,27.0,32.3,22.6,0.0,0.0,0.0,68,5.26,0.124,0.263,0.28,28.3,27.6,26.26841,73.00594,ERA5,Asia/Kolkata,Open-Meteo Historical Weather API
RJ-Jodhpur,2011-10-01,27.2,32.4,22.8,0.0,0.0,0.0,66,5.55,0.11,0.256,0.278,28.7,27.9,26.26841,73.00594,ERA5,Asia/Kolkata,Open-Meteo Historical Weather API
RJ-Jodhpur,2011-10-02,27.1,32.4,22.7,0.0,0.0,0.0,63,5.8,0.1,0.249,0.277,28.7,28.1,26.26841,73.00594,ERA5,Asia/Kolkata,Open-Meteo Historical Weather API
RJ-Jodhpur,2011-10-03,26.3,31.3,21.7,0.0,0.0,0.0,63,5.64,0.092,0.243,0.276,28.2,28.0,26.26841,73.00594,ERA5,Asia/Kolkata,Open-Meteo Historical Weather API
RJ-Jodhpur,2011-10-04,26.5,31.8,21.7,0.0,0.0,0.0,62,5.55,0.083,0.237,0.275,28.7,28.1,26.26841,73.00594,ERA5,Asia/Kolkata,Open-Meteo Historical Weather API
RJ-Jodhpur,2011-10-05,26.8,32.7,21.1,0.0,0.0,0.0,62,5.29,0.078,0.232,0.273,29.3,28.4,26.26841,73.00594,ERA5,Asia/Kolkata,Open-Meteo Historical Weather API
RJ-Jodhpur,2011-10-06,27.4,33.9,21.0,0.0,0.0,0.0,62,5.15,0.078,0.227,0.272,29.7,28.8,26.26841,73.00594,ERA5,Asia/Kolkata,Open-Meteo Historical Weather API
RJ-Jodhpur,2011-10-07,27.8,34.3,21.3,0.0,0.0,0.0,56,5.38,0.078,0.224,0.271,29.9,29.1,26.26841,73.00594,ERA5,Asia/Kolkata,Open-Meteo Historical Weather API
RJ-Jodhpur,2011-10-08,29.1,35.1,22.7,0.0,0.0,0.0,52,5.48,0.075,0.22,0.27,31.1,29.6,26.26841,73.00594,ERA5,Asia/Kolkata,Open-Meteo Historical Weather API
RJ-Jodhpur,2011-10-09,29.4,35.6,23.6,0.0,0.0,0.0,51,4.93,0.071,0.217,0.269,31.8,30.3,26.26841,73.00594,ERA5,Asia/Kolkata,Open-Meteo Historical Weather API
RJ-Jodhpur,2011-10-10,29.2,36.3,23.0,0.0,0.0,0.0,45,5.2,0.071,0.215,0.269,31.5,30.5,26.26841,73.00594,ERA5,Asia/Kolkata,Open-Meteo Historical Weather API
RJ-Jodhpur,2011-10-11,29.6,36.4,23.3,0.0,0.0,0.0,46,4.97,0.072,0.212,0.268,31.7,30.8,26.26841,73.00594,ERA5,Asia/Kolkata,Open-Meteo Historical Weather API
RJ-Jodhpur,2011-10-12,29.4,36.5,22.9,0.0,0.0,0.0,44,5.07,0.072,0.21,0.267,31.6,30.9,26.26841,73.00594,ERA5,Asia/Kolkata,Open-Meteo Historical Weather API
RJ-Jodhpur,2011-10-13,29.5,36.0,23.8,0.0,0.0,0.0,45,5.02,0.072,0.208,0.267,32.0,31.2,26.26841,73.00594,ERA5,Asia/Kolkata,Open-Meteo Historical Weather API
RJ-Jodhpur,2011-10-14,29.4,36.3,23.5,0.0,0.0,0.0,43,5.15,0.072,0.207,0.266,31.9,31.4,26.26841,73.00594,ERA5,Asia/Kolkata,Open-Meteo Historical Weather API
RJ-Jodhpur,2011-10-15,28.1,36.3,20.3,0.0,0.0,0.0,41,5.2,0.073,0.205,0.266,30.6,30.7,26.26841,73.00594,ERA5,Asia/Kolkata,Open-Meteo Historical Weather API
RJ-Jodhpur,2011-10-16,28.3,36.2,21.4,0.0,0.0,0.0,44,4.98,0.072,0.203,0.265,30.3,30.4,26.26841,73.00594,ERA5,Asia/Kolkata,Open-Meteo Historical Weather API
RJ-Jodhpur,2011-10-17,28.9,35.8,22.3,0.0,0.0,0.0,44,4.73,0.075,0.202,0.265,30.9,30.3,26.26841,73.00594,ERA5,Asia/Kolkata,Open-Meteo Historical Weather API
RJ-Jodhpur,2011-10-18,28.1,35.9,21.5,0.0,0.0,0.0,37,5.01,0.076,0.201,0.264,30.2,30.3,26.26841,73.00594,ERA5,Asia/Kolkata,Open-Meteo Historical Weather API
RJ-Jodhpur,2011-10-19,27.4,35.8,19.5,0.0,0.0,0.0,36,5.55,0.073,0.2,0.264,29.3,29.7,26.26841,73.00594,ERA5,Asia/Kolkata,Open-Meteo Historical Weather API
RJ-Jodhpur,2011-10-20,28.1,34.2,22.6,0.0,0.0,0.0,40,4.89,0.071,0.199,0.263,30.2,30.0,26.26841,73.00594,ERA5,Asia/Kolkata,Open-Meteo Historical Weather API
RJ-Jodhpur,2011-10-21,28.1,35.3,22.4,0.0,0.0,0.0,45,5.12,0.072,0.198,0.263,30.6,30.1,26.26841,73.00594,ERA5,Asia/Kolkata,Open-Meteo Historical Weather API
RJ-Jodhpur,2011-10-22,27.4,34.9,21.1,0.0,0.0,0.0,46,4.93,0.073,0.199,0.263,30.0,30.0,26.26841,73.00594,ERA5,Asia/Kolkata,Open-Meteo Historical Weather API
RJ-Jodhpur,2011-10-23,27.0,35.0,19.7,0.0,0.0,0.0,47,5.15,0.074,0.198,0.263,29.5,29.9,26.26841,73.00594,ERA5,Asia/Kolkata,Open-Meteo Historical Weather API
RJ-Jodhpur,2011-10-24,27.0,35.0,20.4,0.0,0.0,0.0,40,5.16,0.075,0.197,0.263,29.3,29.7,26.26841,73.00594,ERA5,Asia/Kolkata,Open-Meteo Historical Weather API
RJ-Jodhpur,2011-10-25,26.5,33.6,19.4,0.0,0.0,0.0,43,4.94,0.073,0.197,0.263,28.9,29.2,26.26841,73.00594,ERA5,Asia/Kolkata,Open-Meteo Historical Weather API
RJ-Jodhpur,2011-10-26,26.8,33.8,21.0,0.0,0.0,0.0,38,5.66,0.077,0.197,0.263,29.0,29.3,26.26841,73.00594,ERA5,Asia/Kolkata,Open-Meteo Historical Weather API
RJ-Jodhpur,2011-10-27,25.7,32.8,19.3,0.0,0.0,0.0,34,5.17,0.074,0.196,0.263,27.9,28.8,26.26841,73.00594,ERA5,Asia/Kolkata,Open-Meteo Historical Weather API
RJ-Jodhpur,2011-10-28,25.1,33.0,17.5,0.0,0.0,0.0,36,4.85,0.072,0.195,0.262,27.3,28.2,26.26841,73.00594,ERA5,Asia/Kolkata,Open-Meteo Historical Weather API
RJ-Jodhpur,2011-10-29,25.8,32.8,18.0,0.0,0.0,0.0,38,4.55,0.073,0.194,0.261,27.3,28.1,26.26841,73.00594,ERA5,Asia/Kolkata,Open-Meteo Historical Weather API
RJ-Jodhpur,2011-10-30,25.0,32.8,17.6,0.0,0.0,0.0,42,4.37,0.073,0.194,0.261,27.4,28.2,26.26841,73.00594,ERA5,Asia/Kolkata,Open-Meteo Historical Weather API
RJ-Jodhpur,2011-10-31,25.0,33.0,17.7,0.0,0.0,0.0,45,4.22,0.074,0.192,0.26,27.2,28.0,26.26841,73.00594,ERA5,Asia/Kolkata,Open-Meteo Historical Weather API
RJ-Jodhpur,2011-11-01,25.0,33.7,16.5,0.0,0.0,0.0,42,4.29,0.076,0.191,0.259,26.9,27.8,26.26841,73.00594,ERA5,Asia/Kolkata,Open-Meteo Historical Weather API
RJ-Jodhpur,2011-11-02,24.9,33.5,16.5,0.0,0.0,0.0,41,4.65,0.075,0.19,0.259,26.7,27.4,26.26841,73.00594,ERA5,Asia/Kolkata,Open-Meteo Historical Weather API
RJ-Jodhpur,2011-11-03,25.6,31.2,20.0,0.0,0.0,0.0,41,3.5,0.073,0.189,0.258,26.9,27.6,26.26841,73.00594,ERA5,Asia/Kolkata,Open-Meteo Historical Weather API
RJ-Jodhpur,2011-11-04,26.1,32.8,19.9,0.0,0.0,0.0,49,4.06,0.073,0.189,0.258,28.2,27.9,26.26841,73.00594,ERA5,Asia/Kolkata,Open-Meteo Historical Weather API
RJ-Jodhpur,2011-11-05,26.6,33.7,20.4,0.0,0.0,0.0,50,4.07,0.071,0.188,0.257,28.6,28.4,26.26841,73.00594,ERA5,Asia/Kolkata,Open-Meteo Historical Weather API
RJ-Jodhpur,2011-11-06,26.0,33.5,19.7,0.0,0.0,0.0,44,4.25,0.071,0.187,0.257,28.4,28.5,26.26841,73.00594,ERA5,Asia/Kolkata,Open-Meteo Historical Weather API
RJ-Jodhpur,2011-11-07,25.7,33.7,19.1,0.0,0.0,0.0,48,4.55,0.07,0.186,0.256,28.2,28.3,26.26841,73.00594,ERA5,Asia/Kolkata,Open-Meteo Historical Weather API
RJ-Jodhpur,2011-11-08,25.8,33.3,19.0,0.0,0.0,0.0,47,4.19,0.07,0.186,0.256,28.1,28.5,26.26841,73.00594,ERA5,Asia/Kolkata,Open-Meteo Historical Weather API
RJ-Jodhpur,2011-11-09,26.0,32.9,19.6,0.0,0.0,0.0,49,3.7,0.071,0.186,0.256,28.2,28.5,26.26841,73.00594,ERA5,Asia/Kolkata,Open-Meteo Historical Weather API
RJ-Jodhpur,2011-11-10,26.5,33.4,20.5,0.0,0.0,0.0,47,4.44,0.07,0.186,0.255,28.8,28.7,26.26841,73.00594,ERA5,Asia/Kolkata,Open-Meteo Historical Weather API
RJ-Jodhpur,2011-11-11,26.2,33.1,19.8,0.0,0.0,0.0,48,4.27,0.071,0.186,0.255,28.3,28.7,26.26841,73.00594,ERA5,Asia/Kolkata,Open-Meteo Historical Weather API
RJ-Jodhpur,2011-11-12,25.8,32.4,19.9,0.0,0.0,0.0,51,4.19,0.072,0.185,0.255,28.6,28.8,26.26841,73.00594,ERA5,Asia/Kolkata,Open-Meteo Historical Weather API
RJ-Jodhpur,2011-11-13,25.4,32.5,18.8,0.0,0.0,0.0,51,3.85,0.07,0.184,0.254,27.9,28.4,26.26841,73.00594,ERA5,Asia/Kolkata,Open-Meteo Historical Weather API
RJ-Jodhpur,2011-11-14,25.5,32.8,20.0,0.0,0.0,0.0,45,4.34,0.069,0.184,0.253,28.1,28.5,26.26841,73.00594,ERA5,Asia/Kolkata,Open-Meteo Historical Weather API
RJ-Jodhpur,2011-11-15,24.9,32.4,18.8,0.0,0.0,0.0,46,4.22,0.07,0.183,0.253,27.4,28.1,26.26841,73.00594,ERA5,Asia/Kolkata,Open-Meteo Historical Weather API
RJ-Jodhpur,2011-11-16,24.9,31.9,19.0,0.0,0.0,0.0,46,4.04,0.072,0.183,0.253,27.4,27.8,26.26841,73.00594,ERA5,Asia/Kolkata,Open-Meteo Historical Weather API
RJ-Jodhpur,2011-11-17,24.7,31.8,19.0,0.0,0.0,0.0,48,4.15,0.074,0.183,0.252,26.6,27.5,26.26841,73.00594,ERA5,Asia/Kolkata,Open-Meteo Historical Weather API
RJ-Jodhpur,2011-11-18,24.2,31.8,17.4,0.0,0.0,0.0,53,4.4,0.074,0.183,0.252,26.2,27.1,26.26841,73.00594,ERA5,Asia/Kolkata,Open-Meteo Historical Weather API
RJ-Jodhpur,2011-11-19,23.9,31.6,17.8,0.0,0.0,0.0,56,4.16,0.073,0.182,0.251,26.1,26.8,26.26841,73.00594,ERA5,Asia/Kolkata,Open-Meteo Historical Weather API
RJ-Jodhpur,2011-11-20,24.0,31.9,18.5,0.0,0.0,0.0,56,3.56,0.074,0.182,0.251,25.8,26.6,26.26841,73.00594,ERA5,Asia/Kolkata,Open-Meteo Historical Weather API
RJ-Jodhpur,2011-11-21,24.1,32.7,17.0,0.0,0.0,0.0,48,4.01,0.071,0.182,0.251,26.0,26.6,26.26841,73.00594,ERA5,Asia/Kolkata,Open-Meteo Historical Weather API
RJ-Jodhpur,2011-11-22,23.8,32.3,17.3,0.0,0.0,0.0,44,4.36,0.068,0.182,0.25,26.0,26.7,26.26841,73.00594,ERA5,Asia/Kolkata,Open-Meteo Historical Weather API
RJ-Jodhpur,2011-11-23,22.9,30.4,16.6,0.0,0.0,0.0,46,4.44,0.068,0.182,0.25,25.3,26.4,26.26841,73.00594,ERA5,Asia/Kolkata,Open-Meteo Historical Weather API
RJ-Jodhpur,2011-11-24,22.2,28.5,17.4,0.0,0.0,0.0,54,3.96,0.069,0.182,0.25,24.9,26.1,26.26841,73.00594,ERA5,Asia/Kolkata,Open-Meteo Historical Weather API
RJ-Jodhpur,2011-11-25,21.9,28.6,16.9,0.0,0.0,0.0,54,3.85,0.074,0.183,0.251,24.3,25.6,26.26841,73.00594,ERA5,Asia/Kolkata,Open-Meteo Historical Weather API
RJ-Jodhpur,2011-11-26,21.8,28.6,16.1,0.0,0.0,0.0,53,3.56,0.074,0.183,0.251,24.1,25.3,26.26841,73.00594,ERA5,Asia/Kolkata,Open-Meteo Historical Weather API
RJ-Jodhpur,2011-11-27,21.8,28.9,16.3,0.0,0.0,0.0,55,3.65,0.079,0.184,0.252,23.9,25.2,26.26841,73.00594,ERA5,Asia/Kolkata,Open-Meteo Historical Weather API
RJ-Jodhpur,2011-11-28,21.9,28.5,15.9,0.0,0.0,0.0,51,4.27,0.076,0.184,0.252,23.9,24.9,26.26841,73.00594,ERA5,Asia/Kolkata,Open-Meteo Historical Weather API
RJ-Jodhpur,2011-11-29,21.1,28.1,15.3,0.0,0.0,0.0,45,4.45,0.075,0.184,0.252,23.3,24.7,26.26841,73.00594,ERA5,Asia/Kolkata,Open-Meteo Historical Weather API
RJ-Jodhpur,2011-11-30,20.9,28.7,13.7,0.0,0.0,0.0,44,3.96,0.072,0.183,0.251,23.2,24.2,26.26841,73.00594,ERA5,Asia/Kolkata,Open-Meteo Historical Weather API
RJ-Jodhpur,2011-12-01,21.7,30.3,13.7,0.0,0.0,0.0,37,4.25,0.072,0.182,0.25,23.4,24.1,26.26841,73.00594,ERA5,Asia/Kolkata,Open-Meteo Historical Weather API
RJ-Jodhpur,2011-12-02,23.2,30.1,17.5,0.0,0.0,0.0,34,4.46,0.072,0.181,0.249,24.7,24.6,26.26841,73.00594,ERA5,Asia/Kolkata,Open-Meteo Historical Weather API
RJ-Jodhpur,2011-12-03,24.0,30.5,17.9,0.0,0.0,0.0,38,3.58,0.07,0.18,0.248,25.4,25.2,26.26841,73.00594,ERA5,Asia/Kolkata,Open-Meteo Historical Weather API
RJ-Jodhpur,2011-12-04,23.8,31.4,16.7,0.0,0.0,0.0,49,3.57,0.069,0.18,0.248,25.3,25.5,26.26841,73.00594,ERA5,Asia/Kolkata,Open-Meteo Historical Weather API
RJ-Jodhpur,2011-12-05,23.5,31.4,17.3,0.0,0.0,0.0,61,3.52,0.069,0.181,0.248,25.1,25.4,26.26841,73.00594,ERA5,Asia/Kolkata,Open-Meteo Historical Weather API
RJ-Jodhpur,2011-12-06,22.8,30.1,16.5,0.0,0.0,0.0,58,3.43,0.07,0.18,0.248,24.5,25.2,26.26841,73.00594,ERA5,Asia/Kolkata,Open-Meteo Historical Weather API
RJ-Jodhpur,2011-12-07,21.7,28.9,15.0,0.0,0.0,0.0,53,3.4,0.073,0.181,0.248,23.6,24.8,26.26841,73.00594,ERA5,Asia/Kolkata,Open-Meteo Historical Weather API
RJ-Jodhpur,2011-12-08,21.1,28.3,15.0,0.0,0.0,0.0,60,3.6,0.077,0.182,0.249,23.3,24.5,26.26841,73.00594,ERA5,Asia/Kolkata,Open-Meteo Historical Weather API
RJ-Jodhpur,2011-12-09,19.7,26.1,14.5,0.0,0.0,0.0,52,3.76,0.079,0.182,0.249,22.3,23.9,26.26841,73.00594,ERA5,Asia/Kolkata,Open-Meteo Historical Weather API
RJ-Jodhpur,2011-12-10,17.0,24.9,10.8,0.0,0.0,0.0,33,4.02,0.074,0.182,0.248,19.8,22.5,26.26841,73.00594,ERA5,Asia/Kolkata,Open-Meteo Historical Weather API
RJ-Jodhpur,2011-12-11,16.1,24.1,8.3,0.0,0.0,0.0,39,2.95,0.074,0.182,0.248,18.3,21.1,26.26841,73.00594,ERA5,Asia/Kolkata,Open-Meteo Historical Weather API
RJ-Jodhpur,2011-12-12,16.3,25.6,8.9,0.0,0.0,0.0,38,3.74,0.078,0.183,0.249,18.2,20.4,26.26841,73.00594,ERA5,Asia/Kolkata,Open-Meteo Historical Weather API
RJ-Jodhpur,2011-12-13,17.1,25.9,10.4,0.0,0.0,0.0,42,3.93,0.079,0.184,0.249,18.6,20.3,26.26841,73.00594,ERA5,Asia/Kolkata,Open-Meteo Historical Weather API
RJ-Jodhpur,2011-12-14,16.8,25.2,10.0,0.0,0.0,0.0,41,3.76,0.08,0.183,0.249,18.7,20.3,26.26841,73.00594,ERA5,Asia/Kolkata,Open-Meteo Historical Weather API
RJ-Jodhpur,2011-12-15,16.9,25.9,11.0,0.0,0.0,0.0,36,3.82,0.078,0.183,0.249,18.7,20.1,26.26841,73.00594,ERA5,Asia/Kolkata,Open-Meteo Historical Weather API
RJ-Jodhpur,2011-12-16,16.8,25.9,9.3,0.0,0.0,0.0,37,3.85,0.078,0.183,0.249,18.4,19.9,26.26841,73.00594,ERA5,Asia/Kolkata,Open-Meteo Historical Weather API
RJ-Jodhpur,2011-12-17,18.0,26.6,11.3,0.0,0.0,0.0,40,3.71,0.074,0.183,0.248,18.9,20.0,26.26841,73.00594,ERA5,Asia/Kolkata,Open-Meteo Historical Weather API
RJ-Jodhpur,2011-12-18,17.3,26.5,10.2,0.0,0.0,0.0,44,3.11,0.073,0.183,0.249,18.7,20.0,26.26841,73.00594,ERA5,Asia/Kolkata,Open-Meteo Historical Weather API
RJ-Jodhpur,2011-12-19,17.3,26.6,10.1,0.0,0.0,0.0,48,3.47,0.072,0.184,0.249,18.6,19.8,26.26841,73.00594,ERA5,Asia/Kolkata,Open-Meteo Historical Weather API
RJ-Jodhpur,2011-12-20,16.6,25.0,10.2,0.0,0.0,0.0,48,3.19,0.075,0.184,0.249,17.9,19.6,26.26841,73.00594,ERA5,Asia/Kolkata,Open-Meteo Historical Weather API
RJ-Jodhpur,2011-12-21,17.1,23.9,11.6,0.0,0.0,0.0,48,4.14,0.078,0.185,0.25,18.3,19.6,26.26841,73.00594,ERA5,Asia/Kolkata,Open-Meteo Historical Weather API
RJ-Jodhpur,2011-12-22,16.9,23.2,12.0,0.0,0.0,0.0,55,3.98,0.077,0.184,0.25,18.4,19.6,26.26841,73.00594,ERA5,Asia/Kolkata,Open-Meteo Historical Weather API
RJ-Jodhpur,2011-12-23,16.6,23.5,11.8,0.0,0.0,0.0,48,4.04,0.07,0.184,0.249,18.6,19.6,26.26841,73.00594,ERA5,Asia/Kolkata,Open-Meteo Historical Weather API
RJ-Jodhpur,2011-12-24,16.8,24.1,10.9,0.0,0.0,0.0,42,3.93,0.07,0.184,0.249,18.8,19.5,26.26841,73.00594,ERA5,Asia/Kolkata,Open-Meteo Historical Weather API
RJ-Jodhpur,2011-12-25,17.3,24.7,11.8,0.0,0.0,0.0,46,3.79,0.074,0.184,0.249,19.3,19.8,26.26841,73.00594,ERA5,Asia/Kolkata,Open-Meteo Historical Weather API
RJ-Jodhpur,2011-12-26,17.8,25.7,11.6,0.0,0.0,0.0,49,3.53,0.076,0.184,0.25,19.3,19.9,26.26841,73.00594,ERA5,Asia/Kolkata,Open-Meteo Historical Weather API
RJ-Jodhpur,2011-12-27,18.0,25.0,12.5,0.0,0.0,0.0,56,3.46,0.077,0.184,0.252,19.5,20.0,26.26841,73.00594,ERA5,Asia/Kolkata,Open-Meteo Historical Weather API
RJ-Jodhpur,2011-12-28,17.6,24.3,12.6,0.0,0.0,0.0,44,3.99,0.078,0.185,0.253,19.2,20.1,26.26841,73.00594,ERA5,Asia/Kolkata,Open-Meteo Historical Weather API
RJ-Jodhpur,2011-12-29,16.4,23.3,10.5,0.0,0.0,0.0,46,3.96,0.075,0.186,0.253,18.3,19.5,26.26841,73.00594,ERA5,Asia/Kolkata,Open-Meteo Historical Weather API
RJ-Jodhpur,2011-12-30,16.0,22.7,10.2,0.0,0.0,0.0,54,3.59,0.073,0.186,0.253,17.9,19.1,26.26841,73.00594,ERA5,Asia/Kolkata,Open-Meteo Historical Weather API
RJ-Jodhpur,2011-12-31,15.9,22.4,10.3,0.0,0.0,0.0,46,3.92,0.069,0.186,0.252,17.9,18.9,26.26841,73.00594,ERA5,Asia/Kolkata,Open-Meteo Historical Weather API
RJ-Jodhpur,2012-01-01,15.7,20.9,11.9,0.0,0.0,0.0,52,3.74,0.07,0.186,0.253,18.0,19.0,26.26841,73.00594,ERA5,Asia/Kolkata,Open-Meteo Historical Weather API
RJ-Jodhpur,2012-01-02,14.3,21.4,7.8,0.0,0.0,0.0,49,3.42,0.072,0.187,0.254,16.8,18.3,26.26841,73.00594,ERA5,Asia/Kolkata,Open-Meteo Historical Weather API
RJ-Jodhpur,2012-01-03,15.5,23.1,9.8,0.0,0.0,0.0,55,3.16,0.077,0.189,0.255,17.3,18.3,26.26841,73.00594,ERA5,Asia/Kolkata,Open-Meteo Historical Weather API
RJ-Jodhpur,2012-01-04,16.3,23.7,9.6,0.0,0.0,0.0,56,3.23,0.08,0.19,0.256,17.9,18.4,26.26841,73.00594,ERA5,Asia/Kolkata,Open-Meteo Historical Weather API
RJ-Jodhpur,2012-01-05,18.3,24.0,13.6,0.3,0.3,1.0,60,3.04,0.069,0.188,0.255,19.5,19.2,26.26841,73.00594,ERA5,Asia/Kolkata,Open-Meteo Historical Weather API
RJ-Jodhpur,2012-01-06,17.6,24.3,11.9,0.0,0.0,0.0,54,3.69,0.066,0.188,0.255,19.8,19.8,26.26841,73.00594,ERA5,Asia/Kolkata,Open-Meteo Historical Weather API
RJ-Jodhpur,2012-01-07,14.7,21.2,8.4,0.0,0.0,0.0,36,3.66,0.067,0.188,0.255,17.9,19.2,26.26841,73.00594,ERA5,Asia/Kolkata,Open-Meteo Historical Weather API
RJ-Jodhpur,2012-01-08,12.7,18.6,7.6,0.0,0.0,0.0,46,3.56,0.076,0.189,0.256,15.5,18.0,26.26841,73.00594,ERA5,Asia/Kolkata,Open-Meteo Historical Weather API
RJ-Jodhpur,2012-01-09,12.9,19.4,6.3,0.0,0.0,0.0,51,3.25,0.074,0.189,0.256,15.6,17.1,26.26841,73.00594,ERA5,Asia/Kolkata,Open-Meteo Historical Weather API
RJ-Jodhpur,2012-01-10,13.7,20.2,8.1,0.0,0.0,0.0,43,3.75,0.074,0.188,0.256,16.0,17.0,26.26841,73.00594,ERA5,Asia/Kolkata,Open-Meteo Historical Weather API
RJ-Jodhpur,2012-01-11,13.7,21.0,8.3,0.0,0.0,0.0,39,3.49,0.073,0.188,0.255,16.0,17.0,26.26841,73.00594,ERA5,Asia/Kolkata,Open-Meteo Historical Weather API
RJ-Jodhpur,2012-01-12,14.4,22.5,8.0,0.0,0.0,0.0,44,3.39,0.074,0.187,0.254,16.2,17.1,26.26841,73.00594,ERA5,Asia/Kolkata,Open-Meteo Historical Weather API
RJ-Jodhpur,2012-01-13,15.7,24.6,7.4,0.0,0.0,0.0,40,3.39,0.071,0.186,0.253,16.3,17.2,26.26841,73.00594,ERA5,Asia/Kolkata,Open-Meteo Historical Weather API
RJ-Jodhpur,2012-01-14,16.8,25.4,8.6,0.0,0.0,0.0,38,3.89,0.069,0.184,0.252,17.4,17.6,26.26841,73.00594,ERA5,Asia/Kolkata,Open-Meteo Historical Weather API
RJ-Jodhpur,2012-01-15,18.0,25.0,10.2,0.0,0.0,0.0,44,4.48,0.071,0.183,0.251,18.4,18.3,26.26841,73.00594,ERA5,Asia/Kolkata,Open-Meteo Historical Weather API
RJ-Jodhpur,2012-01-16,18.3,22.6,14.3,2.6,2.6,7.0,57,3.52,0.093,0.182,0.25,20.1,19.6,26.26841,73.00594,ERA5,Asia/Kolkata,Open-Meteo Historical Weather API
RJ-Jodhpur,2012-01-17,14.4,20.4,9.9,0.0,0.0,0.0,47,3.63,0.086,0.182,0.25,17.4,18.7,26.26841,73.00594,ERA5,Asia/Kolkata,Open-Meteo Historical Weather API
RJ-Jodhpur,2012-01-18,12.5,19.6,6.9,0.0,0.0,0.0,56,3.02,0.085,0.183,0.25,15.4,17.5,26.26841,73.00594,ERA5,Asia/Kolkata,Open-Meteo Historical Weather API
RJ-Jodhpur,2012-01-19,13.1,20.7,7.3,0.0,0.0,0.0,48,3.26,0.082,0.182,0.25,15.4,16.8,26.26841,73.00594,ERA5,Asia/Kolkata,Open-Meteo Historical Weather API
RJ-Jodhpur,2012-01-20,13.7,21.0,7.6,0.0,0.0,0.0,44,3.68,0.078,0.181,0.249,15.7,16.8,26.26841,73.00594,ERA5,Asia/Kolkata,Open-Meteo Historical Weather API
RJ-Jodhpur,2012-01-21,14.6,21.3,8.9,0.0,0.0,0.0,37,4.34,0.075,0.18,0.248,16.3,17.0,26.26841,73.00594,ERA5,Asia/Kolkata,Open-Meteo Historical Weather API
RJ-Jodhpur,2012-01-22,14.9,21.7,9.5,0.0,0.0,0.0,39,3.44,0.08,0.181,0.249,16.1,17.1,26.26841,73.00594,ERA5,Asia/Kolkata,Open-Meteo Historical Weather API
RJ-Jodhpur,2012-01-23,16.1,23.9,8.9,0.0,0.0,0.0,40,4.14,0.078,0.181,0.249,17.1,17.1,26.26841,73.00594,ERA5,Asia/Kolkata,Open-Meteo Historical Weather API
RJ-Jodhpur,2012-01-24,17.6,23.8,11.0,0.0,0.0,0.0,35,4.72,0.075,0.18,0.248,18.6,18.0,26.26841,73.00594,ERA5,Asia/Kolkata,Open-Meteo Historical Weather API
RJ-Jodhpur,2012-01-25,18.2,23.4,13.5,1.5,1.5,4.0,41,4.1,0.074,0.179,0.247,19.7,19.0,26.26841,73.00594,ERA5,Asia/Kolkata,Open-Meteo Historical Weather API
RJ-Jodhpur,2012-01-26,17.7,23.7,12.8,0.0,0.0,0.0,42,4.74,0.072,0.178,0.246,19.5,19.3,26.26841,73.00594,ERA5,Asia/Kolkata,Open-Meteo Historical Weather API
RJ-Jodhpur,2012-01-27,17.3,23.4,11.8,0.0,0.0,0.0,42,4.25,0.072,0.178,0.246,19.4,19.2,26.26841,73.00594,ERA5,Asia/Kolkata,Open-Meteo Historical Weather API
RJ-Jodhpur,2012-01-28,17.0,23.1,11.6,0.0,0.0,0.0,35,4.72,0.072,0.178,0.246,19.0,19.2,26.26841,73.00594,ERA5,Asia/Kolkata,Open-Meteo Historical Weather API
RJ-Jodhpur,2012-01-29,16.2,22.7,10.7,0.0,0.0,0.0,33,4.84,0.077,0.179,0.246,18.1,18.8,26.26841,73.00594,ERA5,Asia/Kolkata,Open-Meteo Historical Weather API
RJ-Jodhpur,2012-01-30,15.5,23.2,9.1,0.0,0.0,0.0,40,4.23,0.084,0.179,0.246,17.3,18.3,26.26841,73.00594,ERA5,Asia/Kolkata,Open-Meteo Historical Weather API
RJ-Jodhpur,2012-01-31,15.8,23.7,9.2,0.0,0.0,0.0,37,4.12,0.085,0.179,0.246,17.5,17.9,26.26841,73.00594,ERA5,Asia/Kolkata,Open-Meteo Historical Weather API
RJ-Jodhpur,2012-02-01,15.9,23.9,8.8,0.0,0.0,0.0,40,4.22,0.085,0.179,0.246,17.5,17.9,26.26841,73.00594,ERA5,Asia/Kolkata,Open-Meteo Historical Weather API
RJ-Jodhpur,2012-02-02,17.3,24.8,10.7,0.0,0.0,0.0,39,4.33,0.083,0.179,0.246,18.5,18.2,26.26841,73.00594,ERA5,Asia/Kolkata,Open-Meteo Historical Weather API
RJ-Jodhpur,2012-02-03,18.9,27.3,12.5,0.0,0.0,0.0,40,4.44,0.082,0.179,0.245,19.7,19.0,26.26841,73.00594,ERA5,Asia/Kolkata,Open-Meteo Historical Weather API
RJ-Jodhpur,2012-02-04,18.4,25.7,11.4,0.0,0.0,0.0,47,4.58,0.08,0.179,0.245,19.3,19.2,26.26841,73.00594,ERA5,Asia/Kolkata,Open-Meteo Historical Weather API
RJ-Jodhpur,2012-02-05,17.2,22.6,12.3,0.0,0.0,0.0,48,4.08,0.077,0.18,0.245,19.7,19.4,26.26841,73.00594,ERA5,Asia/Kolkata,Open-Meteo Historical Weather API
RJ-Jodhpur,2012-02-06,16.2,22.7,11.0,0.0,0.0,0.0,45,4.64,0.081,0.18,0.246,18.5,19.0,26.26841,73.00594,ERA5,Asia/Kolkata,Open-Meteo Historical Weather API
RJ-Jodhpur,2012-02-07,15.0,20.7,10.8,0.0,0.0,0.0,32,4.43,0.083,0.18,0.246,17.7,18.6,26.26841,73.00594,ERA5,Asia/Kolkata,Open-Meteo Historical Weather API
RJ-Jodhpur,2012-02-08,12.1,18.5,6.2,0.0,0.0,0.0,31,4.32,0.087,0.181,0.246,15.5,17.5,26.26841,73.00594,ERA5,Asia/Kolkata,Open-Meteo Historical Weather API
RJ-Jodhpur,2012-02-09,12.8,20.2,6.4,0.0,0.0,0.0,33,4.21,0.089,0.181,0.246,15.2,16.4,26.26841,73.00594,ERA5,Asia/Kolkata,Open-Meteo Historical Weather API
RJ-Jodhpur,2012-02-10,14.2,23.1,6.0,0.0,0.0,0.0,33,4.17,0.091,0.182,0.246,15.9,16.5,26.26841,73.00594,ERA5,Asia/Kolkata,Open-Meteo Historical Weather API
RJ-Jodhpur,2012-02-11,17.7,26.7,9.5,0.0,0.0,0.0,32,4.35,0.091,0.183,0.247,17.6,17.2,26.26841,73.00594,ERA5,Asia/Kolkata,Open-Meteo Historical Weather API
RJ-Jodhpur,2012-02-12,18.9,26.6,11.2,0.0,0.0,0.0,40,4.65,0.086,0.184,0.248,19.4,18.3,26.26841,73.00594,ERA5,Asia/Kolkata,Open-Meteo Historical Weather API
RJ-Jodhpur,2012-02-13,18.1,24.2,12.5,0.0,0.0,0.0,46,4.41,0.078,0.183,0.247,20.1,19.1,26.26841,73.00594,ERA5,Asia/Kolkata,Open-Meteo Historical Weather API
RJ-Jodhpur,2012-02-14,17.9,24.0,12.6,0.0,0.0,0.0,35,4.52,0.079,0.183,0.247,20.0,19.3,26.26841,73.00594,ERA5,Asia/Kolkata,Open-Meteo Historical Weather API
RJ-Jodhpur,2012-02-15,17.1,22.6,12.6,0.0,0.0,0.0,34,5.24,0.079,0.184,0.247,19.4,19.3,26.26841,73.00594,ERA5,Asia/Kolkata,Open-Meteo Historical Weather API
RJ-Jodhpur,2012-02-16,16.2,22.3,10.3,0.0,0.0,0.0,28,4.9,0.077,0.184,0.247,18.5,18.8,26.26841,73.00594,ERA5,Asia/Kolkata,Open-Meteo Historical Weather API
RJ-Jodhpur,2012-02-17,16.9,23.9,10.6,0.0,0.0,0.0,30,5.36,0.084,0.185,0.248,18.5,18.6,26.26841,73.00594,ERA5,Asia/Kolkata,Open-Meteo Historical Weather API
RJ-Jodhpur,2012-02-18,18.0,25.3,11.6,0.0,0.0,0.0,34,5.18,0.084,0.185,0.248,19.5,19.0,26.26841,73.00594,ERA5,Asia/Kolkata,Open-Meteo Historical Weather API
RJ-Jodhpur,2012-02-19,20.4,28.5,12.7,0.0,0.0,0.0,30,4.74,0.083,0.185,0.248,20.8,19.6,26.26841,73.00594,ERA5,Asia/Kolkata,Open-Meteo Historical Weather API
RJ-Jodhpur,2012-02-20,21.9,30.6,12.7,0.0,0.0,0.0,37,5.7,0.079,0.184,0.248,21.7,20.3,26.26841,73.00594,ERA5,Asia/Kolkata,Open-Meteo Historical Weather API
RJ-Jodhpur,2012-02-21,23.1,29.9,17.1,0.0,0.0,0.0,45,5.94,0.076,0.183,0.247,23.2,21.4,26.26841,73.00594,ERA5,Asia/Kolkata,Open-Meteo Historical Weather API
RJ-Jodhpur,2012-02-22,22.5,28.2,16.4,0.0,0.0,0.0,51,5.12,0.077,0.183,0.246,23.9,22.2,26.26841,73.00594,ERA5,Asia/Kolkata,Open-Meteo Historical Weather API
RJ-Jodhpur,2012-02-23,20.3,26.4,14.6,0.0,0.0,0.0,41,5.19,0.075,0.183,0.246,23.0,22.1,26.26841,73.00594,ERA5,Asia/Kolkata,Open-Meteo Historical Weather API
RJ-Jodhpur,2012-02-24,18.0,24.6,11.8,0.0,0.0,0.0,28,5.25,0.078,0.183,0.246,21.1,21.4,26.26841,73.00594,ERA5,Asia/Kolkata,Open-Meteo Historical Weather API
RJ-Jodhpur,2012-02-25,18.8,25.6,13.1,0.0,0.0,0.0,30,5.99,0.079,0.183,0.246,20.6,20.7,26.26841,73.00594,ERA5,Asia/Kolkata,Open-Meteo Historical Weather API
RJ-Jodhpur,2012-02-26,19.3,26.6,12.7,0.0,0.0,0.0,24,6.1,0.081,0.184,0.246,20.9,20.6,26.26841,73.00594,ERA5,Asia/Kolkata,Open-Meteo Historical Weather API
RJ-Jodhpur,2012-02-27,20.7,29.0,13.0,0.0,0.0,0.0,28,5.61,0.079,0.183,0.246,22.1,20.8,26.26841,73.00594,ERA5,Asia/Kolkata,Open-Meteo Historical Weather API
RJ-Jodhpur,2012-02-28,21.0,29.5,12.4,0.0,0.0,0.0,29,6.1,0.075,0.183,0.246,22.6,21.4,26.26841,73.00594,ERA5,Asia/Kolkata,Open-Meteo Historical Weather API
RJ-Jodhpur,2012-02-29,21.1,29.6,12.3,0.0,0.0,0.0,27,6.09,0.073,0.182,0.245,22.7,21.6,26.26841,73.00594,ERA5,Asia/Kolkata,Open-Meteo Historical Weather API
RJ-Jodhpur,2012-03-01,22.3,29.1,16.4,0.0,0.0,0.0,40,5.65,0.072,0.181,0.245,23.9,22.3,26.26841,73.00594,ERA5,Asia/Kolkata,Open-Meteo Historical Weather API
RJ-Jodhpur,2012-03-02,22.9,30.2,15.5,0.0,0.0,0.0,46,5.27,0.074,0.181,0.244,24.6,22.8,26.26841,73.00594,ERA5,Asia/Kolkata,Open-Meteo Historical Weather API
RJ-Jodhpur,2012-03-03,25.0,31.5,19.0,0.0,0.0,0.0,47,6.38,0.071,0.181,0.244,26.0,23.7,26.26841,73.00594,ERA5,Asia/Kolkata,Open-Meteo Historical Weather API
RJ-Jodhpur,2012-03-04,27.0,33.8,21.3,0.0,0.0,0.0,41,7.78,0.063,0.179,0.243,27.4,24.6,26.26841,73.00594,ERA5,Asia/Kolkata,Open-Meteo Historical Weather API
RJ-Jodhpur,2012-03-05,25.6,30.9,20.3,0.0,0.0,0.0,39,7.33,0.065,0.178,0.242,27.2,25.3,26.26841,73.00594,ERA5,Asia/Kolkata,Open-Meteo Historical Weather API
RJ-Jodhpur,2012-03-06,23.6,29.7,18.4,0.0,0.0,0.0,33,6.17,0.065,0.178,0.242,26.2,24.7,26.26841,73.00594,ERA5,Asia/Kolkata,Open-Meteo Historical Weather API
RJ-Jodhpur,2012-03-07,22.5,29.0,16.2,0.0,0.0,0.0,23,6.71,0.066,0.178,0.242,24.4,23.8,26.26841,73.00594,ERA5,Asia/Kolkata,Open-Meteo Historical Weather API
RJ-Jodhpur,2012-03-08,19.9,26.1,13.3,0.0,0.0,0.0,14,7.21,0.066,0.178,0.241,22.7,23.0,26.26841,73.00594,ERA5,Asia/Kolkata,Open-Meteo Historical Weather API
RJ-Jodhpur,2012-03-09,19.6,27.1,12.7,0.0,0.0,0.0,25,5.41,0.068,0.177,0.241,22.9,22.3,26.26841,73.00594,ERA5,Asia/Kolkata,Open-Meteo Historical Weather API
RJ-Jodhpur,2012-03-10,20.2,28.7,10.6,0.0,0.0,0.0,25,5.57,0.07,0.177,0.241,22.7,22.3,26.26841,73.00594,ERA5,Asia/Kolkata,Open-Meteo Historical Weather API
RJ-Jodhpur,2012-03-11,22.5,30.1,15.0,0.0,0.0,0.0,24,7.16,0.074,0.178,0.241,23.6,22.9,26.26841,73.00594,ERA5,Asia/Kolkata,Open-Meteo Historical Weather API
RJ-Jodhpur,2012-03-12,23.5,30.0,16.8,0.0,0.0,0.0,22,7.74,0.072,0.177,0.241,24.8,23.4,26.26841,73.00594,ERA5,Asia/Kolkata,Open-Meteo Historical Weather API
RJ-Jodhpur,2012-03-13,21.8,27.5,15.6,0.0,0.0,0.0,33,6.13,0.071,0.177,0.24,24.8,23.9,26.26841,73.00594,ERA5,Asia/Kolkata,Open-Meteo Historical Weather API
RJ-Jodhpur,2012-03-14,23.1,31.1,15.1,0.0,0.0,0.0,26,5.31,0.071,0.176,0.24,25.1,23.8,26.26841,73.00594,ERA5,Asia/Kolkata,Open-Meteo Historical Weather API
RJ-Jodhpur,2012-03-15,24.4,33.0,14.6,0.0,0.0,0.0,28,6.14,0.07,0.176,0.239,26.0,24.2,26.26841,73.00594,ERA5,Asia/Kolkata,Open-Meteo Historical Weather API
RJ-Jodhpur,2012-03-16,26.7,35.0,17.8,0.0,0.0,0.0,30,7.41,0.068,0.175,0.239,27.4,25.1,26.26841,73.00594,ERA5,Asia/Kolkata,Open-Meteo Historical Weather API
RJ-Jodhpur,2012-03-17,26.9,34.5,19.6,0.0,0.0,0.0,34,6.99,0.066,0.174,0.238,28.6,26.2,26.26841,73.00594,ERA5,Asia/Kolkata,Open-Meteo Historical Weather API
RJ-Jodhpur,2012-03-18,28.3,36.7,21.1,0.0,0.0,0.0,35,7.3,0.066,0.174,0.238,29.7,26.8,26.26841,73.00594,ERA5,Asia/Kolkata,Open-Meteo Historical Weather API
RJ-Jodhpur,2012-03-19,28.6,36.6,21.0,0.0,0.0,0.0,34,8.44,0.065,0.174,0.237,29.6,27.2,26.26841,73.00594,ERA5,Asia/Kolkata,Open-Meteo Historical Weather API
RJ-Jodhpur,2012-03-20,25.7,30.3,21.2,0.0,0.0,0.0,16,7.85,0.063,0.172,0.236,28.7,27.2,26.26841,73.00594,ERA5,Asia/Kolkata,Open-Meteo Historical Weather API
RJ-Jodhpur,2012-03-21,22.5,29.5,15.7,0.0,0.0,0.0,17,7.38,0.066,0.173,0.236,25.7,25.5,26.26841,73.00594,ERA5,Asia/Kolkata,Open-Meteo Historical Weather API
RJ-Jodhpur,2012-03-22,23.3,31.2,16.1,0.0,0.0,0.0,18,7.17,0.07,0.173,0.236,26.1,25.1,26.26841,73.00594,ERA5,Asia/Kolkata,Open-Meteo Historical Weather API
RJ-Jodhpur,2012-03-23,25.1,35.2,16.0,0.0,0.0,0.0,20,6.39,0.07,0.173,0.236,26.8,25.4,26.26841,73.00594,ERA5,Asia/Kolkata,Open-Meteo Historical Weather API
RJ-Jodhpur,2012-03-24,26.8,36.3,16.0,0.0,0.0,0.0,21,5.85,0.069,0.173,0.235,27.8,26.1,26.26841,73.00594,ERA5,Asia/Kolkata,Open-Meteo Historical Weather API
RJ-Jodhpur,2012-03-25,27.7,37.5,17.7,0.0,0.0,0.0,21,7.48,0.068,0.172,0.235,28.9,26.7,26.26841,73.00594,ERA5,Asia/Kolkata,Open-Meteo Historical Weather API
RJ-Jodhpur,2012-03-26,28.5,36.6,20.4,0.0,0.0,0.0,27,7.29,0.068,0.171,0.234,30.2,27.6,26.26841,73.00594,ERA5,Asia/Kolkata,Open-Meteo Historical Weather API
RJ-Jodhpur,2012-03-27,29.5,36.1,23.4,0.0,0.0,0.0,30,6.55,0.069,0.172,0.234,31.3,28.6,26.26841,73.00594,ERA5,Asia/Kolkata,Open-Meteo Historical Weather API
RJ-Jodhpur,2012-03-28,29.8,36.7,22.2,0.0,0.0,0.0,30,6.76,0.067,0.172,0.234,31.5,29.0,26.26841,73.00594,ERA5,Asia/Kolkata,Open-Meteo Historical Weather API
RJ-Jodhpur,2012-03-29,30.0,36.5,23.7,0.0,0.0,0.0,28,7.88,0.066,0.172,0.233,32.2,29.6,26.26841,73.00594,ERA5,Asia/Kolkata,Open-Meteo Historical Weather API
RJ-Jodhpur,2012-03-30,30.3,38.6,21.5,0.0,0.0,0.0,29,7.62,0.066,0.17,0.232,32.3,29.8,26.26841,73.00594,ERA5,Asia/Kolkata,Open-Meteo Historical Weather API
RJ-Jodhpur,2012-03-31,31.7,39.5,24.2,0.0,0.0,0.0,28,7.58,0.065,0.17,0.232,33.4,30.5,26.26841,73.00594,ERA5,Asia/Kolkata,Open-Meteo Historical Weather API
RJ-Jodhpur,2012-04-01,31.9,39.8,24.4,0.0,0.0,0.0,26,8.35,0.065,0.17,0.231,33.6,31.2,26.26841,73.00594,ERA5,Asia/Kolkata,Open-Meteo Historical Weather API
RJ-Jodhpur,2012-04-02,31.6,39.4,23.6,0.0,0.0,0.0,24,7.94,0.066,0.17,0.231,33.3,31.2,26.26841,73.00594,ERA5,Asia/Kolkata,Open-Meteo Historical Weather API
RJ-Jodhpur,2012-04-03,32.1,39.4,23.8,0.0,0.0,0.0,27,7.49,0.066,0.17,0.231,34.2,31.5,26.26841,73.00594,ERA5,Asia/Kolkata,Open-Meteo Historical Weather API
RJ-Jodhpur,2012-04-04,32.7,39.1,25.9,0.2,0.2,1.0,29,7.91,0.066,0.17,0.231,35.4,32.2,26.26841,73.00594,ERA5,Asia/Kolkata,Open-Meteo Historical Weather API
RJ-Jodhpur,2012-04-05,32.5,39.0,25.2,0.0,0.0,0.0,28,7.73,0.066,0.17,0.23,35.1,32.6,26.26841,73.00594,ERA5,Asia/Kolkata,Open-Meteo Historical Weather API
RJ-Jodhpur,2012-04-06,32.7,39.8,25.4,0.0,0.0,0.0,26,7.87,0.066,0.169,0.23,35.1,32.5,26.26841,73.00594,ERA5,Asia/Kolkata,Open-Meteo Historical Weather API
RJ-Jodhpur,2012-04-07,33.0,40.0,26.5,0.0,0.0,0.0,28,8.06,0.067,0.17,0.23,34.9,32.5,26.26841,73.00594,ERA5,Asia/Kolkata,Open-Meteo Historical Weather API
RJ-Jodhpur,2012-04-08,33.1,39.8,25.6,0.1,0.1,1.0,28,7.72,0.067,0.17,0.23,35.4,32.6,26.26841,73.00594,ERA5,Asia/Kolkata,Open-Meteo Historical Weather API
RJ-Jodhpur,2012-04-09,32.7,39.2,25.5,0.0,0.0,0.0,25,8.51,0.066,0.169,0.229,35.1,32.8,26.26841,73.00594,ERA5,Asia/Kolkata,Open-Meteo Historical Weather API
RJ-Jodhpur,2012-04-10,33.6,39.9,26.7,0.0,0.0,0.0,26,8.75,0.065,0.169,0.229,35.7,33.0,26.26841,73.00594,ERA5,Asia/Kolkata,Open-Meteo Historical Weather API
RJ-Jodhpur,2012-04-11,31.9,37.5,25.8,0.0,0.0,0.0,30,7.99,0.066,0.169,0.229,34.4,32.9,26.26841,73.00594,ERA5,Asia/Kolkata,Open-Meteo Historical Weather API
RJ-Jodhpur,2012-04-12,31.2,38.0,24.9,0.6,0.6,2.0,29,6.8,0.07,0.17,0.23,33.4,32.2,26.26841,73.00594,ERA5,Asia/Kolkata,Open-Meteo Historical Weather API
RJ-Jodhpur,2012-04-13,29.6,34.2,25.5,0.5,0.5,1.0,43,7.45,0.073,0.168,0.229,32.4,31.8,26.26841,73.00594,ERA5,Asia/Kolkata,Open-Meteo Historical Weather API
RJ-Jodhpur,2012-04-14,27.4,34.2,22.4,0.8,0.8,2.0,53,6.28,0.086,0.166,0.227,31.7,31.3,26.26841,73.00594,ERA5,Asia/Kolkata,Open-Meteo Historical Weather API
RJ-Jodhpur,2012-04-15,28.1,34.6,21.7,0.0,0.0,0.0,47,6.2,0.078,0.166,0.226,32.4,31.1,26.26841,73.00594,ERA5,Asia/Kolkata,Open-Meteo Historical Weather API
RJ-Jodhpur,2012-04-16,30.5,37.4,22.2,0.0,0.0,0.0,37,7.72,0.073,0.165,0.226,33.3,31.5,26.26841,73.00594,ERA5,Asia/Kolkata,Open-Meteo Historical Weather API
RJ-Jodhpur,2012-04-17,31.3,37.7,25.0,0.0,0.0,0.0,32,8.36,0.072,0.165,0.225,33.9,32.1,26.26841,73.00594,ERA5,Asia/Kolkata,Open-Meteo Historical Weather API
RJ-Jodhpur,2012-04-18,30.3,35.8,25.8,0.0,0.0,0.0,33,7.85,0.072,0.166,0.226,33.2,32.2,26.26841,73.00594,ERA5,Asia/Kolkata,Open-Meteo Historical Weather API
RJ-Jodhpur,2012-04-19,30.2,35.4,24.6,0.0,0.0,0.0,35,7.23,0.069,0.166,0.226,33.0,31.7,26.26841,73.00594,ERA5,Asia/Kolkata,Open-Meteo Historical Weather API
RJ-Jodhpur,2012-04-20,27.6,31.3,24.9,0.0,0.0,0.0,41,5.46,0.07,0.167,0.226,31.1,31.2,26.26841,73.00594,ERA5,Asia/Kolkata,Open-Meteo Historical Weather API
RJ-Jodhpur,2012-04-21,28.6,34.7,22.2,0.0,0.0,0.0,40,7.12,0.072,0.168,0.227,32.0,30.6,26.26841,73.00594,ERA5,Asia/Kolkata,Open-Meteo Historical Weather API
RJ-Jodhpur,2012-04-22,29.6,35.5,23.2,0.0,0.0,0.0,32,7.55,0.073,0.167,0.226,33.0,31.2,26.26841,73.00594,ERA5,Asia/Kolkata,Open-Meteo Historical Weather API
RJ-Jodhpur,2012-04-23,29.8,35.9,23.5,0.0,0.0,0.0,33,7.34,0.071,0.165,0.225,33.4,31.5,26.26841,73.00594,ERA5,Asia/Kolkata,Open-Meteo Historical Weather API
RJ-Jodhpur,2012-04-24,30.0,35.7,24.7,0.0,0.0,0.0,34,6.67,0.072,0.165,0.224,33.8,32.0,26.26841,73.00594,ERA5,Asia/Kolkata,Open-Meteo Historical Weather API
RJ-Jodhpur,2012-04-25,30.8,37.4,23.8,0.0,0.0,0.0,34,7.42,0.07,0.164,0.224,34.6,32.4,26.26841,73.00594,ERA5,Asia/Kolkata,Open-Meteo Historical Weather API
RJ-Jodhpur,2012-04-26,30.4,36.5,24.5,0.0,0.0,0.0,37,7.26,0.07,0.164,0.223,34.3,32.9,26.26841,73.00594,ERA5,Asia/Kolkata,Open-Meteo Historical Weather API
RJ-Jodhpur,2012-04-27,30.9,36.7,24.6,0.0,0.0,0.0,35,7.36,0.066,0.164,0.223,34.6,32.7,26.26841,73.00594,ERA5,Asia/Kolkata,Open-Meteo Historical Weather API
RJ-Jodhpur,2012-04-28,32.2,38.3,24.5,0.0,0.0,0.0,28,9.1,0.065,0.164,0.223,34.7,32.7,26.26841,73.00594,ERA5,Asia/Kolkata,Open-Meteo Historical Weather API
RJ-Jodhpur,2012-04-29,31.9,38.8,24.1,0.0,0.0,0.0,17,9.89,0.065,0.163,0.222,34.4,32.6,26.26841,73.00594,ERA5,Asia/Kolkata,Open-Meteo Historical Weather API
RJ-Jodhpur,2012-04-30,31.2,38.6,21.9,0.0,0.0,0.0,15,9.45,0.065,0.162,0.221,33.5,32.2,26.26841,73.00594,ERA5,Asia/Kolkata,Open-Meteo Historical Weather API
RJ-Jodhpur,2012-05-01,31.4,38.5,23.5,0.0,0.0,0.0,19,8.54,0.066,0.162,0.22,34.5,32.5,26.26841,73.00594,ERA5,Asia/Kolkata,Open-Meteo Historical Weather API
RJ-Jodhpur,2012-05-02,31.7,39.3,22.8,0.0,0.0,0.0,18,7.88,0.067,0.161,0.22,34.5,32.6,26.26841,73.00594,ERA5,Asia/Kolkata,Open-Meteo Historical Weather API
RJ-Jodhpur,2012-05-03,33.0,40.1,24.2,0.0,0.0,0.0,24,8.53,0.066,0.161,0.219,35.2,33.0,26.26841,73.00594,ERA5,Asia/Kolkata,Open-Meteo Historical Weather API
RJ-Jodhpur,2012-05-04,33.2,40.0,25.8,0.0,0.0,0.0,28,7.79,0.067,0.162,0.22,36.3,33.7,26.26841,73.00594,ERA5,Asia/Kolkata,Open-Meteo Historical Weather API
RJ-Jodhpur,2012-05-05,33.4,40.2,27.5,0.0,0.0,0.0,33,9.15,0.066,0.162,0.219,35.9,34.0,26.26841,73.00594,ERA5,Asia/Kolkata,Open-Meteo Historical Weather API
RJ-Jodhpur,2012-05-06,34.1,39.8,29.4,0.0,0.0,0.0,34,9.65,0.065,0.162,0.219,36.6,34.3,26.26841,73.00594,ERA5,Asia/Kolkata,Open-Meteo Historical Weather API
RJ-Jodhpur,2012-05-07,33.9,39.3,29.8,1.8,1.8,4.0,42,8.34,0.07,0.16,0.218,36.7,34.6,26.26841,73.00594,ERA5,Asia/Kolkata,Open-Meteo Historical Weather API
RJ-Jodhpur,2012-05-08,32.9,39.0,27.3,0.0,0.0,0.0,44,8.11,0.079,0.159,0.217,35.5,34.2,26.26841,73.00594,ERA5,Asia/Kolkata,Open-Meteo Historical Weather API
RJ-Jodhpur,2012-05-09,33.9,40.1,27.8,0.0,0.0,0.0,38,8.24,0.072,0.159,0.217,36.7,34.5,26.26841,73.00594,ERA5,Asia/Kolkata,Open-Meteo Historical Weather API
RJ-Jodhpur,2012-05-10,35.3,41.7,29.6,0.4,0.4,1.0,33,9.5,0.067,0.159,0.216,38.1,35.5,26.26841,73.00594,ERA5,Asia/Kolkata,Open-Meteo Historical Weather API
RJ-Jodhpur,2012-05-11,34.0,39.6,29.5,0.4,0.4,1.0,35,8.45,0.07,0.158,0.216,37.3,35.7,26.26841,73.00594,ERA5,Asia/Kolkata,Open-Meteo Historical Weather API
RJ-Jodhpur,2012-05-12,32.5,38.4,27.7,0.0,0.0,0.0,42,8.45,0.072,0.158,0.215,35.8,34.9,26.26841,73.00594,ERA5,Asia/Kolkata,Open-Meteo Historical Weather API
RJ-Jodhpur,2012-05-13,31.7,37.6,26.6,0.4,0.4,2.0,47,7.56,0.069,0.158,0.215,35.6,34.7,26.26841,73.00594,ERA5,Asia/Kolkata,Open-Meteo Historical Weather API
RJ-Jodhpur,2012-05-14,32.4,39.0,25.6,0.0,0.0,0.0,39,8.12,0.07,0.159,0.216,35.7,34.6,26.26841,73.00594,ERA5,Asia/Kolkata,Open-Meteo Historical Weather API
RJ-Jodhpur,2012-05-15,34.3,40.5,28.7,0.0,0.0,0.0,36,9.7,0.068,0.159,0.216,37.0,34.9,26.26841,73.00594,ERA5,Asia/Kolkata,Open-Meteo Historical Weather API
RJ-Jodhpur,2012-05-16,34.8,40.6,29.3,0.0,0.0,0.0,35,10.19,0.066,0.159,0.216,37.5,35.3,26.26841,73.00594,ERA5,Asia/Kolkata,Open-Meteo Historical Weather API
RJ-Jodhpur,2012-05-17,33.4,39.0,28.0,0.0,0.0,0.0,42,8.89,0.067,0.159,0.216,37.2,35.5,26.26841,73.00594,ERA5,Asia/Kolkata,Open-Meteo Historical Weather API
RJ-Jodhpur,2012-05-18,32.6,37.5,28.3,2.5,2.5,2.0,44,7.67,0.075,0.159,0.215,36.3,35.4,26.26841,73.00594,ERA5,Asia/Kolkata,Open-Meteo Historical Weather API
RJ-Jodhpur,2012-05-19,33.6,40.9,27.1,0.0,0.0,0.0,40,8.14,0.076,0.159,0.214,36.0,34.7,26.26841,73.00594,ERA5,Asia/Kolkata,Open-Meteo Historical Weather API
RJ-Jodhpur,2012-05-20,34.4,41.0,26.7,0.0,0.0,0.0,30,8.74,0.066,0.158,0.214,37.2,35.1,26.26841,73.00594,ERA5,Asia/Kolkata,Open-Meteo Historical Weather API
RJ-Jodhpur,2012-05-21,35.0,41.2,29.1,0.0,0.0,0.0,31,9.56,0.065,0.158,0.213,37.8,35.7,26.26841,73.00594,ERA5,Asia/Kolkata,Open-Meteo Historical Weather API
RJ-Jodhpur,2012-05-22,35.2,41.1,29.8,0.0,0.0,0.0,35,9.05,0.065,0.158,0.213,38.3,36.1,26.26841,73.00594,ERA5,Asia/Kolkata,Open-Meteo Historical Weather API
RJ-Jodhpur,2012-05-23,36.4,42.8,30.4,0.0,0.0,0.0,31,10.15,0.063,0.158,0.213,39.0,36.3,26.26841,73.00594,ERA5,Asia/Kolkata,Open-Meteo Historical Weather API
RJ-Jodhpur,2012-05-24,36.7,42.7,31.4,0.0,0.0,0.0,33,10.32,0.062,0.158,0.212,39.5,36.8,26.26841,73.00594,ERA5,Asia/Kolkata,Open-Meteo Historical Weather API
RJ-Jodhpur,2012-05-25,36.2,42.5,30.1,0.0,0.0,0.0,31,11.43,0.061,0.157,0.212,38.8,36.8,26.26841,73.00594,ERA5,Asia/Kolkata,Open-Meteo Historical Weather API
RJ-Jodhpur,2012-05-26,34.6,40.0,29.0,0.0,0.0,0.0,33,9.84,0.06,0.157,0.212,38.2,36.5,26.26841,73.00594,ERA5,Asia/Kolkata,Open-Meteo Historical Weather API
RJ-Jodhpur,2012-05-27,36.2,41.6,31.3,0.0,0.0,0.0,32,9.47,0.059,0.157,0.211,39.1,36.6,26.26841,73.00594,ERA5,Asia/Kolkata,Open-Meteo Historical Weather API
RJ-Jodhpur,2012-05-28,36.7,42.5,31.2,0.0,0.0,0.0,31,10.34,0.059,0.156,0.211,39.6,37.1,26.26841,73.00594,ERA5,Asia/Kolkata,Open-Meteo Historical Weather API
RJ-Jodhpur,2012-05-29,36.6,42.5,31.5,0.0,0.0,0.0,34,10.06,0.058,0.155,0.21,39.7,37.4,26.26841,73.00594,ERA5,Asia/Kolkata,Open-Meteo Historical Weather API
RJ-Jodhpur,2012-05-30,36.6,43.0,31.2,0.0,0.0,0.0,33,11.05,0.056,0.155,0.209,39.2,37.4,26.26841,73.00594,ERA5,Asia/Kolkata,Open-Meteo Historical Weather API
RJ-Jodhpur,2012-05-31,36.1,42.0,30.3,0.0,0.0,0.0,37,11.07,0.054,0.153,0.207,38.9,37.1,26.26841,73.00594,ERA5,Asia/Kolkata,Open-Meteo Historical Weather API
RJ-Jodhpur,2012-06-01,35.0,39.9,30.1,0.0,0.0,0.0,43,10.21,0.052,0.152,0.206,38.5,36.9,26.26841,73.00594,ERA5,Asia/Kolkata,Open-Meteo Historical Weather API
RJ-Jodhpur,2012-06-02,34.4,39.6,29.4,0.0,0.0,0.0,44,9.81,0.05,0.152,0.205,38.0,36.5,26.26841,73.00594,ERA5,Asia/Kolkata,Open-Meteo Historical Weather API
RJ-Jodhpur,2012-06-03,33.7,38.7,28.6,0.0,0.0,0.0,46,9.82,0.048,0.152,0.204,37.4,36.2,26.26841,73.00594,ERA5,Asia/Kolkata,Open-Meteo Historical Weather API
RJ-Jodhpur,2012-06-04,33.8,39.1,28.1,0.0,0.0,0.0,46,9.78,0.044,0.151,0.203,37.3,36.0,26.26841,73.00594,ERA5,Asia/Kolkata,Open-Meteo Historical Weather API
RJ-Jodhpur,2012-06-05,33.8,38.9,28.5,0.0,0.0,0.0,46,9.64,0.043,0.151,0.202,37.2,36.0,26.26841,73.00594,ERA5,Asia/Kolkata,Open-Meteo Historical Weather API
RJ-Jodhpur,2012-06-06,33.1,38.1,28.5,0.0,0.0,0.0,44,8.38,0.045,0.15,0.202,37.1,36.0,26.26841,73.00594,ERA5,Asia/Kolkata,Open-Meteo Historical Weather API
RJ-Jodhpur,2012-06-07,31.5,36.3,27.8,0.0,0.0,0.0,49,7.67,0.056,0.15,0.203,36.0,36.0,26.26841,73.00594,ERA5,Asia/Kolkata,Open-Meteo Historical Weather API
RJ-Jodhpur,2012-06-08,32.8,37.8,27.2,1.4,1.4,5.0,46,7.56,0.067,0.151,0.204,35.9,35.5,26.26841,73.00594,ERA5,Asia/Kolkata,Open-Meteo Historical Weather API
RJ-Jodhpur,2012-06-09,34.2,39.1,29.7,0.0,0.0,0.0,38,10.12,0.062,0.151,0.203,37.0,35.7,26.26841,73.00594,ERA5,Asia/Kolkata,Open-Meteo Historical Weather API
RJ-Jodhpur,2012-06-10,33.9,38.8,29.0,0.0,0.0,0.0,41,10.04,0.059,0.15,0.203,37.3,36.0,26.26841,73.00594,ERA5,Asia/Kolkata,Open-Meteo Historical Weather API
RJ-Jodhpur,2012-06-11,34.1,39.3,29.8,0.0,0.0,0.0,42,8.84,0.058,0.15,0.203,37.8,36.1,26.26841,73.00594,ERA5,Asia/Kolkata,Open-Meteo Historical Weather API
RJ-Jodhpur,2012-06-12,33.6,38.8,28.7,0.1,0.1,1.0,48,6.47,0.059,0.15,0.203,37.9,36.4,26.26841,73.00594,ERA5,Asia/Kolkata,Open-Meteo Historical Weather API
RJ-Jodhpur,2012-06-13,33.7,39.6,29.1,1.3,1.3,4.0,49,6.46,0.069,0.15,0.205,38.6,36.9,26.26841,73.00594,ERA5,Asia/Kolkata,Open-Meteo Historical Weather API
RJ-Jodhpur,2012-06-14,33.7,38.5,29.5,0.4,0.4,1.0,55,7.34,0.073,0.151,0.205,37.7,36.8,26.26841,73.00594,ERA5,Asia/Kolkata,Open-Meteo Historical Weather API
RJ-Jodhpur,2012-06-15,34.4,39.6,30.5,0.5,0.5,2.0,51,8.55,0.068,0.151,0.205,38.2,36.7,26.26841,73.00594,ERA5,Asia/Kolkata,Open-Meteo Historical Weather API
RJ-Jodhpur,2012-06-16,34.2,38.5,30.5,0.0,0.0,0.0,53,8.72,0.065,0.151,0.205,37.9,36.7,26.26841,73.00594,ERA5,Asia/Kolkata,Open-Meteo Historical Weather API
RJ-Jodhpur,2012-06-17,34.1,39.1,29.6,0.0,0.0,0.0,49,9.27,0.063,0.151,0.205,37.9,36.5,26.26841,73.00594,ERA5,Asia/Kolkata,Open-Meteo Historical Weather API
RJ-Jodhpur,2012-06-18,34.4,39.9,29.1,0.0,0.0,0.0,47,9.58,0.062,0.15,0.204,38.0,36.6,26.26841,73.00594,ERA5,Asia/Kolkata,Open-Meteo Historical Weather API
RJ-Jodhpur,2012-06-19,34.6,39.8,29.1,0.0,0.0,0.0,47,9.35,0.063,0.151,0.204,38.1,36.6,26.26841,73.00594,ERA5,Asia/Kolkata,Open-Meteo Historical Weather API
RJ-Jodhpur,2012-06-20,34.1,38.7,29.2,0.0,0.0,0.0,49,10.0,0.065,0.151,0.204,37.6,36.6,26.26841,73.00594,ERA5,Asia/Kolkata,Open-Meteo Historical Weather API
RJ-Jodhpur,2012-06-21,33.7,38.7,28.5,0.0,0.0,0.0,49,9.92,0.064,0.151,0.204,37.2,36.2,26.26841,73.00594,ERA5,Asia/Kolkata,Open-Meteo Historical Weather API
RJ-Jodhpur,2012-06-22,33.7,38.9,28.4,0.0,0.0,0.0,48,9.88,0.063,0.151,0.204,37.3,36.1,26.26841,73.00594,ERA5,Asia/Kolkata,Open-Meteo Historical Weather API
RJ-Jodhpur,2012-06-23,33.6,38.4,28.9,0.0,0.0,0.0,50,9.43,0.063,0.151,0.204,37.2,36.1,26.26841,73.00594,ERA5,Asia/Kolkata,Open-Meteo Historical Weather API
RJ-Jodhpur,2012-06-24,34.1,38.9,29.0,0.0,0.0,0.0,49,9.71,0.062,0.151,0.203,37.4,36.1,26.26841,73.00594,ERA5,Asia/Kolkata,Open-Meteo Historical Weather API
RJ-Jodhpur,2012-06-25,33.8,37.9,28.3,0.0,0.0,0.0,48,10.21,0.062,0.151,0.203,37.2,36.1,26.26841,73.00594,ERA5,Asia/Kolkata,Open-Meteo Historical Weather API
RJ-Jodhpur,2012-06-26,33.0,37.4,28.4,0.0,0.0,0.0,50,9.93,0.063,0.151,0.203,36.6,35.9,26.26841,73.00594,ERA5,Asia/Kolkata,Open-Meteo Historical Weather API
RJ-Jodhpur,2012-06-27,32.9,37.6,28.8,0.0,0.0,0.0,50,9.36,0.064,0.152,0.203,36.3,35.6,26.26841,73.00594,ERA5,Asia/Kolkata,Open-Meteo Historical Weather API
RJ-Jodhpur,2012-06-28,33.3,38.1,28.5,0.0,0.0,0.0,48,8.65,0.064,0.152,0.203,36.9,35.7,26.26841,73.00594,ERA5,Asia/Kolkata,Open-Meteo Historical Weather API
RJ-Jodhpur,2012-06-29,34.0,38.7,29.6,0.0,0.0,0.0,48,8.86,0.063,0.152,0.203,37.7,36.1,26.26841,73.00594,ERA5,Asia/Kolkata,Open-Meteo Historical Weather API
RJ-Jodhpur,2012-06-30,34.6,39.8,29.8,0.0,0.0,0.0,45,9.24,0.064,0.152,0.203,38.1,36.6,26.26841,73.00594,ERA5,Asia/Kolkata,Open-Meteo Historical Weather API
RJ-Jodhpur,2012-07-01,35.1,40.5,30.0,0.0,0.0,0.0,45,9.25,0.064,0.152,0.203,38.5,36.9,26.26841,73.00594,ERA5,Asia/Kolkata,Open-Meteo Historical Weather API
RJ-Jodhpur,2012-07-02,36.0,41.9,30.9,0.0,0.0,0.0,44,8.78,0.065,0.152,0.203,39.5,37.4,26.26841,73.00594,ERA5,Asia/Kolkata,Open-Meteo Historical Weather API
RJ-Jodhpur,2012-07-03,37.0,41.7,32.6,0.0,0.0,0.0,42,9.23,0.065,0.152,0.203,40.2,38.1,26.26841,73.00594,ERA5,Asia/Kolkata,Open-Meteo Historical Weather API
RJ-Jodhpur,2012-07-04,35.5,40.5,31.1,0.0,0.0,0.0,47,9.95,0.064,0.152,0.203,39.4,38.3,26.26841,73.00594,ERA5,Asia/Kolkata,Open-Meteo Historical Weather API
RJ-Jodhpur,2012-07-05,33.0,37.0,29.8,0.0,0.0,0.0,56,6.77,0.061,0.152,0.202,36.5,37.0,26.26841,73.00594,ERA5,Asia/Kolkata,Open-Meteo Historical Weather API
RJ-Jodhpur,2012-07-06,33.1,37.4,29.4,0.0,0.0,0.0,52,8.61,0.06,0.151,0.201,36.7,36.1,26.26841,73.00594,ERA5,Asia/Kolkata,Open-Meteo Historical Weather API
RJ-Jodhpur,2012-07-07,32.1,35.4,28.3,0.0,0.0,0.0,56,6.56,0.064,0.151,0.202,34.9,35.6,26.26841,73.00594,ERA5,Asia/Kolkata,Open-Meteo Historical Weather API
RJ-Jodhpur,2012-07-08,33.0,37.9,28.9,0.0,0.0,0.0,52,8.46,0.063,0.151,0.201,37.1,35.5,26.26841,73.00594,ERA5,Asia/Kolkata,Open-Meteo Historical Weather API
RJ-Jodhpur,2012-07-09,34.6,40.2,30.6,0.4,0.4,3.0,49,7.82,0.066,0.151,0.201,38.5,36.6,26.26841,73.00594,ERA5,Asia/Kolkata,Open-Meteo Historical Weather API
RJ-Jodhpur,2012-07-10,32.5,36.8,28.1,0.2,0.2,1.0,60,4.38,0.081,0.151,0.2,35.4,36.2,26.26841,73.00594,ERA5,Asia/Kolkata,Open-Meteo Historical Weather API
RJ-Jodhpur,2012-07-11,27.4,30.6,25.5,8.5,8.5,9.0,83,2.85,0.122,0.151,0.2,32.0,34.2,26.26841,73.00594,ERA5,Asia/Kolkata,Open-Meteo Historical Weather API
RJ-Jodhpur,2012-07-12,27.8,30.9,25.4,17.3,17.3,18.0,87,2.02,0.31,0.162,0.2,29.7,31.2,26.26841,73.00594,ERA5,Asia/Kolkata,Open-Meteo Historical Weather API
RJ-Jodhpur,2012-07-13,30.0,33.9,27.1,0.3,0.3,2.0,73,5.76,0.284,0.178,0.199,30.5,30.6,26.26841,73.00594,ERA5,Asia/Kolkata,Open-Meteo Historical Weather API
RJ-Jodhpur,2012-07-14,29.3,31.4,26.7,0.3,0.3,3.0,73,4.22,0.231,0.181,0.199,30.1,30.5,26.26841,73.00594,ERA5,Asia/Kolkata,Open-Meteo Historical Weather API
RJ-Jodhpur,2012-07-15,29.6,32.0,26.8,0.5,0.5,4.0,71,4.93,0.198,0.181,0.199,30.4,30.4,26.26841,73.00594,ERA5,Asia/Kolkata,Open-Meteo Historical Weather API
RJ-Jodhpur,2012-07-16,29.9,33.1,26.8,0.3,0.3,2.0,69,5.05,0.163,0.18,0.198,31.1,30.6,26.26841,73.00594,ERA5,Asia/Kolkata,Open-Meteo Historical Weather API
RJ-Jodhpur,2012-07-17,30.9,34.4,27.3,0.8,0.8,3.0,68,5.94,0.13,0.178,0.196,32.3,31.3,26.26841,73.00594,ERA5,Asia/Kolkata,Open-Meteo Historical Weather API
RJ-Jodhpur,2012-07-18,31.7,36.0,27.7,0.0,0.0,0.0,63,7.42,0.099,0.176,0.195,33.7,32.1,26.26841,73.00594,ERA5,Asia/Kolkata,Open-Meteo Historical Weather API
RJ-Jodhpur,2012-07-19,31.0,34.9,27.5,0.3,0.3,2.0,64,6.59,0.081,0.173,0.194,33.5,32.6,26.26841,73.00594,ERA5,Asia/Kolkata,Open-Meteo Historical Weather API
RJ-Jodhpur,2012-07-20,31.4,35.1,28.3,0.0,0.0,0.0,62,5.75,0.075,0.172,0.194,34.2,32.8,26.26841,73.00594,ERA5,Asia/Kolkata,Open-Meteo Historical Weather API
RJ-Jodhpur,2012-07-21,32.4,36.8,28.8,0.0,0.0,0.0,58,6.93,0.071,0.171,0.194,36.4,33.8,26.26841,73.00594,ERA5,Asia/Kolkata,Open-Meteo Historical Weather API
RJ-Jodhpur,2012-07-22,33.2,38.4,28.8,0.5,0.5,1.0,58,6.59,0.071,0.169,0.193,36.4,34.7,26.26841,73.00594,ERA5,Asia/Kolkata,Open-Meteo Historical Weather API
RJ-Jodhpur,2012-07-23,32.3,36.8,28.3,0.1,0.1,1.0,60,7.06,0.074,0.169,0.192,35.8,34.9,26.26841,73.00594,ERA5,Asia/Kolkata,Open-Meteo Historical Weather API
RJ-Jodhpur,2012-07-24,31.6,36.9,27.9,0.0,0.0,0.0,59,7.28,0.076,0.168,0.193,34.9,34.6,26.26841,73.00594,ERA5,Asia/Kolkata,Open-Meteo Historical Weather API
RJ-Jodhpur,2012-07-25,31.6,36.3,28.0,0.0,0.0,0.0,59,7.07,0.072,0.168,0.193,35.0,34.2,26.26841,73.00594,ERA5,Asia/Kolkata,Open-Meteo Historical Weather API
RJ-Jodhpur,2012-07-26,31.8,36.3,28.1,0.0,0.0,0.0,57,7.23,0.069,0.167,0.192,35.5,34.3,26.26841,73.00594,ERA5,Asia/Kolkata,Open-Meteo Historical Weather API
RJ-Jodhpur,2012-07-27,32.5,37.0,28.4,0.0,0.0,0.0,55,7.76,0.066,0.166,0.192,36.4,34.8,26.26841,73.00594,ERA5,Asia/Kolkata,Open-Meteo Historical Weather API
RJ-Jodhpur,2012-07-28,32.2,36.1,28.8,0.2,0.2,1.0,57,6.75,0.07,0.165,0.192,35.8,35.2,26.26841,73.00594,ERA5,Asia/Kolkata,Open-Meteo Historical Weather API
RJ-Jodhpur,2012-07-29,30.4,33.9,27.3,2.4,2.4,6.0,61,6.5,0.104,0.164,0.192,33.7,34.4,26.26841,73.00594,ERA5,Asia/Kolkata,Open-Meteo Historical Weather API
RJ-Jodhpur,2012-07-30,28.9,31.6,27.0,6.7,6.7,11.0,69,3.62,0.142,0.164,0.192,30.5,32.4,26.26841,73.00594,ERA5,Asia/Kolkata,Open-Meteo Historical Weather API
RJ-Jodhpur,2012-07-31,29.3,32.6,26.3,2.0,2.0,5.0,70,4.74,0.144,0.165,0.191,30.7,31.1,26.26841,73.00594,ERA5,Asia/Kolkata,Open-Meteo Historical Weather API
RJ-Jodhpur,2012-08-01,29.9,34.0,26.6,0.0,0.0,0.0,69,5.35,0.12,0.165,0.19,31.6,31.4,26.26841,73.00594,ERA5,Asia/Kolkata,Open-Meteo Historical Weather API
RJ-Jodhpur,2012-08-02,29.9,32.9,27.0,0.1,0.1,1.0,64,5.33,0.099,0.164,0.19,31.4,31.7,26.26841,73.00594,ERA5,Asia/Kolkata,Open-Meteo Historical Weather API
RJ-Jodhpur,2012-08-03,30.5,34.9,26.7,0.3,0.3,2.0,59,7.27,0.088,0.164,0.19,32.6,31.8,26.26841,73.00594,ERA5,Asia/Kolkata,Open-Meteo Historical Weather API
RJ-Jodhpur,2012-08-04,30.1,33.3,27.1,0.2,0.2,2.0,61,5.45,0.082,0.163,0.189,32.3,32.1,26.26841,73.00594,ERA5,Asia/Kolkata,Open-Meteo Historical Weather API
RJ-Jodhpur,2012-08-05,31.2,34.6,27.7,0.0,0.0,0.0,61,5.45,0.075,0.162,0.189,33.8,32.5,26.26841,73.00594,ERA5,Asia/Kolkata,Open-Meteo Historical Weather API
RJ-Jodhpur,2012-08-06,32.1,37.4,28.0,0.0,0.0,0.0,57,6.08,0.07,0.161,0.188,35.9,33.6,26.26841,73.00594,ERA5,Asia/Kolkata,Open-Meteo Historical Weather API
RJ-Jodhpur,2012-08-07,29.6,34.0,26.7,8.7,8.7,5.0,71,3.88,0.085,0.161,0.188,34.0,34.1,26.26841,73.00594,ERA5,Asia/Kolkata,Open-Meteo Historical Weather API
RJ-Jodhpur,2012-08-08,26.7,28.6,25.0,22.4,22.4,24.0,91,1.55,0.252,0.168,0.187,29.8,32.0,26.26841,73.00594,ERA5,Asia/Kolkata,Open-Meteo Historical Weather API
RJ-Jodhpur,2012-08-09,26.2,28.2,24.8,24.6,24.6,16.0,91,1.73,0.394,0.251,0.187,28.2,29.4,26.26841,73.00594,ERA5,Asia/Kolkata,Open-Meteo Historical Weather API
RJ-Jodhpur,2012-08-10,28.7,32.3,25.8,0.0,0.0,0.0,78,5.19,0.323,0.284,0.188,29.7,29.3,26.26841,73.00594,ERA5,Asia/Kolkata,Open-Meteo Historical Weather API
RJ-Jodhpur,2012-08-11,27.8,30.9,26.3,7.8,7.8,8.0,83,3.28,0.309,0.282,0.189,29.5,29.9,26.26841,73.00594,ERA5,Asia/Kolkata,Open-Meteo Historical Weather API
RJ-Jodhpur,2012-08-12,27.0,32.1,24.4,12.4,12.4,19.0,89,3.07,0.394,0.31,0.191,29.2,29.7,26.26841,73.00594,ERA5,Asia/Kolkata,Open-Meteo Historical Weather API
RJ-Jodhpur,2012-08-13,26.2,29.3,24.5,32.6,32.6,17.0,93,2.3,0.401,0.351,0.194,28.7,29.4,26.26841,73.00594,ERA5,Asia/Kolkata,Open-Meteo Historical Weather API
RJ-Jodhpur,2012-08-14,25.8,28.8,24.4,83.4,83.4,24.0,94,0.83,0.437,0.432,0.23,27.3,28.5,26.26841,73.00594,ERA5,Asia/Kolkata,Open-Meteo Historical Weather API
RJ-Jodhpur,2012-08-15,24.9,25.9,24.3,87.8,87.8,24.0,94,0.69,0.436,0.435,0.344,26.3,27.4,26.26841,73.00594,ERA5,Asia/Kolkata,Open-Meteo Historical Weather API
RJ-Jodhpur,2012-08-16,26.1,28.7,24.5,7.3,7.3,15.0,86,2.11,0.42,0.424,0.38,26.4,27.0,26.26841,73.00594,ERA5,Asia/Kolkata,Open-Meteo Historical Weather API
RJ-Jodhpur,2012-08-17,27.2,30.1,25.3,0.3,0.3,2.0,80,3.42,0.387,0.407,0.384,27.4,27.3,26.26841,73.00594,ERA5,Asia/Kolkata,Open-Meteo Historical Weather API
RJ-Jodhpur,2012-08-18,28.5,32.5,25.5,0.0,0.0,0.0,75,4.33,0.361,0.392,0.383,28.3,27.9,26.26841,73.00594,ERA5,Asia/Kolkata,Open-Meteo Historical Weather API
RJ-Jodhpur,2012-08-19,29.6,33.0,25.9,0.0,0.0,0.0,74,5.03,0.336,0.378,0.381,29.8,28.8,26.26841,73.00594,ERA5,Asia/Kolkata,Open-Meteo Historical Weather API
RJ-Jodhpur,2012-08-20,29.6,32.7,27.1,0.5,0.5,3.0,78,4.25,0.32,0.365,0.378,30.4,29.5,26.26841,73.00594,ERA5,Asia/Kolkata,Open-Meteo Historical Weather API
RJ-Jodhpur,2012-08-21,29.2,31.6,27.6,1.6,1.6,5.0,77,3.44,0.31,0.355,0.375,29.4,29.3,26.26841,73.00594,ERA5,Asia/Kolkata,Open-Meteo Historical Weather API
RJ-Jodhpur,2012-08-22,27.3,29.2,26.2,4.9,4.9,19.0,83,2.37,0.346,0.352,0.373,28.0,28.3,26.26841,73.00594,ERA5,Asia/Kolkata,Open-Meteo Historical Weather API
RJ-Jodhpur,2012-08-23,26.8,29.8,25.1,5.0,5.0,13.0,87,1.92,0.388,0.362,0.371,27.3,27.6,26.26841,73.00594,ERA5,Asia/Kolkata,Open-Meteo Historical Weather API
RJ-Jodhpur,2012-08-24,27.5,30.3,25.4,7.7,7.7,16.0,83,2.45,0.385,0.369,0.37,27.4,27.4,26.26841,73.00594,ERA5,Asia/Kolkata,Open-Meteo Historical Weather API
RJ-Jodhpur,2012-08-25,27.8,30.3,25.6,3.6,3.6,9.0,81,3.6,0.394,0.385,0.37,27.9,27.6,26.26841,73.00594,ERA5,Asia/Kolkata,Open-Meteo Historical Weather API
RJ-Jodhpur,2012-08-26,28.3,31.1,25.8,0.3,0.3,2.0,79,4.31,0.355,0.379,0.37,28.7,28.1,26.26841,73.00594,ERA5,Asia/Kolkata,Open-Meteo Historical Weather API
RJ-Jodhpur,2012-08-27,28.7,32.8,25.8,3.2,3.2,12.0,81,3.71,0.342,0.37,0.368,29.0,28.6,26.26841,73.00594,ERA5,Asia/Kolkata,Open-Meteo Historical Weather API
RJ-Jodhpur,2012-08-28,28.3,31.6,25.8,4.9,4.9,6.0,83,3.81,0.36,0.367,0.367,29.5,29.0,26.26841,73.00594,ERA5,Asia/Kolkata,Open-Meteo Historical Weather API
RJ-Jodhpur,2012-08-29,27.9,31.6,24.7,7.6,7.6,11.0,84,3.23,0.39,0.377,0.366,29.4,29.1,26.26841,73.00594,ERA5,Asia/Kolkata,Open-Meteo Historical Weather API
RJ-Jodhpur,2012-08-30,29.4,33.7,25.9,5.7,5.7,10.0,82,4.32,0.376,0.377,0.365,30.8,29.7,26.26841,73.00594,ERA5,Asia/Kolkata,Open-Meteo Historical Weather API
RJ-Jodhpur,2012-08-31,29.4,33.0,26.3,5.4,5.4,8.0,81,3.82,0.391,0.379,0.364,31.1,30.2,26.26841,73.00594,ERA5,Asia/Kolkata,Open-Meteo Historical Weather API
RJ-Jodhpur,2012-09-01,30.2,35.1,26.5,2.1,2.1,6.0,79,4.53,0.376,0.381,0.363,31.4,30.4,26.26841,73.00594,ERA5,Asia/Kolkata,Open-Meteo Historical Weather API
RJ-Jodhpur,2012-09-02,29.8,34.1,27.2,8.7,8.7,9.0,81,4.05,0.376,0.377,0.362,31.4,30.6,26.26841,73.00594,ERA5,Asia/Kolkata,Open-Meteo Historical Weather API
RJ-Jodhpur,2012-09-03,27.4,31.0,24.3,30.5,30.5,18.0,87,2.75,0.417,0.405,0.364,29.6,29.9,26.26841,73.00594,ERA5,Asia/Kolkata,Open-Meteo Historical Weather API
RJ-Jodhpur,2012-09-04,27.9,31.4,24.4,5.7,5.7,5.0,84,3.23,0.413,0.42,0.378,29.3,29.4,26.26841,73.00594,ERA5,Asia/Kolkata,Open-Meteo Historical Weather API
RJ-Jodhpur,2012-09-05,29.2,32.2,26.5,0.0,0.0,0.0,78,4.55,0.387,0.406,0.381,30.1,29.4,26.26841,73.00594,ERA5,Asia/Kolkata,Open-Meteo Historical Weather API
RJ-Jodhpur,2012-09-06,29.3,32.4,26.8,0.0,0.0,0.0,76,4.66,0.359,0.39,0.381,29.8,29.5,26.26841,73.00594,ERA5,Asia/Kolkata,Open-Meteo Historical Weather API
RJ-Jodhpur,2012-09-07,28.3,31.5,25.7,7.9,7.9,10.0,82,3.36,0.364,0.38,0.379,29.4,29.2,26.26841,73.00594,ERA5,Asia/Kolkata,Open-Meteo Historical Weather API
RJ-Jodhpur,2012-09-08,26.7,29.7,25.1,26.7,26.7,22.0,91,1.61,0.428,0.425,0.388,28.1,28.5,26.26841,73.00594,ERA5,Asia/Kolkata,Open-Meteo Historical Weather API
RJ-Jodhpur,2012-09-09,28.7,32.0,25.9,0.2,0.2,2.0,79,4.15,0.402,0.417,0.396,28.9,28.4,26.26841,73.00594,ERA5,Asia/Kolkata,Open-Meteo Historical Weather API
RJ-Jodhpur,2012-09-10,29.5,33.2,26.3,0.1,0.1,1.0,77,4.45,0.374,0.4,0.395,29.9,28.9,26.26841,73.00594,ERA5,Asia/Kolkata,Open-Meteo Historical Weather API
RJ-Jodhpur,2012-09-11,28.1,32.9,25.8,17.9,17.9,12.0,86,3.23,0.381,0.395,0.393,30.0,29.3,26.26841,73.00594,ERA5,Asia/Kolkata,Open-Meteo Historical Weather API
RJ-Jodhpur,2012-09-12,27.4,31.4,25.5,13.6,13.6,15.0,89,2.71,0.422,0.423,0.396,29.3,29.2,26.26841,73.00594,ERA5,Asia/Kolkata,Open-Meteo Historical Weather API
RJ-Jodhpur,2012-09-13,27.8,31.1,25.5,3.6,3.6,3.0,82,2.93,0.404,0.422,0.406,28.6,28.6,26.26841,73.00594,ERA5,Asia/Kolkata,Open-Meteo Historical Weather API
RJ-Jodhpur,2012-09-14,27.7,29.8,25.9,3.2,3.2,11.0,84,3.22,0.389,0.405,0.404,28.5,28.3,26.26841,73.00594,ERA5,Asia/Kolkata,Open-Meteo Historical Weather API
RJ-Jodhpur,2012-09-15,27.6,30.2,25.3,0.0,0.0,0.0,80,3.49,0.377,0.397,0.401,28.4,28.2,26.26841,73.00594,ERA5,Asia/Kolkata,Open-Meteo Historical Weather API
RJ-Jodhpur,2012-09-16,27.4,29.7,25.3,0.2,0.2,2.0,78,3.58,0.357,0.385,0.397,28.0,27.9,26.26841,73.00594,ERA5,Asia/Kolkata,Open-Meteo Historical Weather API
RJ-Jodhpur,2012-09-17,27.6,31.0,25.2,0.5,0.5,4.0,77,4.05,0.342,0.374,0.394,28.2,27.7,26.26841,73.00594,ERA5,Asia/Kolkata,Open-Meteo Historical Weather API
RJ-Jodhpur,2012-09-18,27.4,31.3,25.3,0.0,0.0,0.0,76,4.03,0.324,0.365,0.39,28.3,27.7,26.26841,73.00594,ERA5,Asia/Kolkata,Open-Meteo Historical Weather API
RJ-Jodhpur,2012-09-19,27.8,31.9,23.6,1.1,1.1,6.0,77,4.32,0.31,0.355,0.387,28.7,27.8,26.26841,73.00594,ERA5,Asia/Kolkata,Open-Meteo Historical Weather API
RJ-Jodhpur,2012-09-20,28.7,32.8,25.2,0.8,0.8,2.0,76,4.41,0.301,0.346,0.384,29.6,28.5,26.26841,73.00594,ERA5,Asia/Kolkata,Open-Meteo Historical Weather API
RJ-Jodhpur,2012-09-21,29.0,33.0,25.4,0.0,0.0,0.0,74,4.91,0.281,0.337,0.38,29.9,28.9,26.26841,73.00594,ERA5,Asia/Kolkata,Open-Meteo Historical Weather API
RJ-Jodhpur,2012-09-22,28.6,32.6,25.8,0.0,0.0,0.0,73,4.93,0.253,0.327,0.377,29.4,28.9,26.26841,73.00594,ERA5,Asia/Kolkata,Open-Meteo Historical Weather API
RJ-Jodhpur,2012-09-23,27.6,31.7,24.4,0.0,0.0,0.0,74,5.04,0.23,0.317,0.374,28.7,28.4,26.26841,73.00594,ERA5,Asia/Kolkata,Open-Meteo Historical Weather API
RJ-Jodhpur,2012-09-24,26.9,31.2,23.7,0.0,0.0,0.0,72,5.1,0.207,0.308,0.37,28.1,27.9,26.26841,73.00594,ERA5,Asia/Kolkata,Open-Meteo Historical Weather API
RJ-Jodhpur,2012-09-25,26.3,30.6,22.8,0.0,0.0,0.0,73,4.85,0.187,0.299,0.367,27.6,27.5,26.26841,73.00594,ERA5,Asia/Kolkata,Open-Meteo Historical Weather API
RJ-Jodhpur,2012-09-26,26.7,31.3,22.6,0.0,0.0,0.0,71,4.63,0.172,0.292,0.364,27.9,27.5,26.26841,73.00594,ERA5,Asia/Kolkata,Open-Meteo Historical Weather API
RJ-Jodhpur,2012-09-27,27.2,33.3,22.7,0.0,0.0,0.0,69,4.62,0.161,0.285,0.361,28.4,27.9,26.26841,73.00594,ERA5,Asia/Kolkata,Open-Meteo Historical Weather API
RJ-Jodhpur,2012-09-28,27.6,34.1,22.2,0.0,0.0,0.0,64,5.05,0.147,0.279,0.358,28.4,28.0,26.26841,73.00594,ERA5,Asia/Kolkata,Open-Meteo Historical Weather API
RJ-Jodhpur,2012-09-29,28.1,35.1,22.6,0.0,0.0,0.0,59,5.18,0.134,0.274,0.356,28.7,28.2,26.26841,73.00594,ERA5,Asia/Kolkata,Open-Meteo Historical Weather API
RJ-Jodhpur,2012-09-30,28.3,35.9,22.6,0.0,0.0,0.0,60,5.23,0.124,0.269,0.353,28.9,28.4,26.26841,73.00594,ERA5,Asia/Kolkata,Open-Meteo Historical Weather API
RJ-Jodhpur,2012-10-01,27.9,36.4,21.0,0.0,0.0,0.0,56,5.37,0.114,0.264,0.35,28.6,28.4,26.26841,73.00594,ERA5,Asia/Kolkata,Open-Meteo Historical Weather API
RJ-Jodhpur,2012-10-02,28.3,36.4,20.9,0.0,0.0,0.0,53,5.09,0.104,0.259,0.347,29.2,28.6,26.26841,73.00594,ERA5,Asia/Kolkata,Open-Meteo Historical Weather API
RJ-Jodhpur,2012-10-03,29.0,36.2,22.8,0.0,0.0,0.0,51,4.75,0.101,0.256,0.345,29.7,29.2,26.26841,73.00594,ERA5,Asia/Kolkata,Open-Meteo Historical Weather API
RJ-Jodhpur,2012-10-04,29.2,36.3,23.5,0.0,0.0,0.0,50,5.86,0.1,0.254,0.343,30.1,29.5,26.26841,73.00594,ERA5,Asia/Kolkata,Open-Meteo Historical Weather API
RJ-Jodhpur,2012-10-05,28.8,35.3,24.1,0.0,0.0,0.0,53,5.77,0.094,0.251,0.341,30.3,29.7,26.26841,73.00594,ERA5,Asia/Kolkata,Open-Meteo Historical Weather API
RJ-Jodhpur,2012-10-06,28.3,34.8,22.8,0.0,0.0,0.0,61,4.87,0.092,0.248,0.339,30.0,29.7,26.26841,73.00594,ERA5,Asia/Kolkata,Open-Meteo Historical Weather API
RJ-Jodhpur,2012-10-07,28.5,34.5,23.6,0.0,0.0,0.0,60,4.53,0.092,0.246,0.337,30.4,29.8,26.26841,73.00594,ERA5,Asia/Kolkata,Open-Meteo Historical Weather API
RJ-Jodhpur,2012-10-08,27.8,35.3,21.5,0.0,0.0,0.0,60,4.96,0.091,0.245,0.335,29.9,29.7,26.26841,73.00594,ERA5,Asia/Kolkata,Open-Meteo Historical Weather API
RJ-Jodhpur,2012-10-09,27.1,35.1,20.3,0.0,0.0,0.0,49,5.25,0.09,0.243,0.333,29.0,29.2,26.26841,73.00594,ERA5,Asia/Kolkata,Open-Meteo Historical Weather API
RJ-Jodhpur,2012-10-10,26.3,34.8,19.1,0.0,0.0,0.0,48,4.91,0.092,0.241,0.332,28.0,28.6,26.26841,73.00594,ERA5,Asia/Kolkata,Open-Meteo Historical Weather API
RJ-Jodhpur,2012-10-11,26.3,34.4,19.4,0.0,0.0,0.0,49,4.98,0.09,0.239,0.33,27.8,28.2,26.26841,73.00594,ERA5,Asia/Kolkata,Open-Meteo Historical Weather API
RJ-Jodhpur,2012-10-12,26.3,34.8,18.8,0.0,0.0,0.0,49,5.55,0.094,0.238,0.329,27.7,28.1,26.26841,73.00594,ERA5,Asia/Kolkata,Open-Meteo Historical Weather API
RJ-Jodhpur,2012-10-13,26.3,34.4,19.9,0.0,0.0,0.0,55,5.26,0.095,0.236,0.328,27.9,28.0,26.26841,73.00594,ERA5,Asia/Kolkata,Open-Meteo Historical Weather API
RJ-Jodhpur,2012-10-14,26.6,34.2,19.6,0.0,0.0,0.0,58,4.98,0.093,0.234,0.326,28.3,28.2,26.26841,73.00594,ERA5,Asia/Kolkata,Open-Meteo Historical Weather API
RJ-Jodhpur,2012-10-15,27.1,34.4,20.7,0.0,0.0,0.0,55,5.46,0.093,0.234,0.324,28.5,28.5,26.26841,73.00594,ERA5,Asia/Kolkata,Open-Meteo Historical Weather API
RJ-Jodhpur,2012-10-16,26.2,32.8,20.6,0.0,0.0,0.0,54,5.04,0.094,0.233,0.323,28.2,28.4,26.26841,73.00594,ERA5,Asia/Kolkata,Open-Meteo Historical Weather API
RJ-Jodhpur,2012-10-17,26.5,33.0,21.0,0.4,0.4,1.0,59,4.7,0.098,0.233,0.322,28.6,28.4,26.26841,73.00594,ERA5,Asia/Kolkata,Open-Meteo Historical Weather API
RJ-Jodhpur,2012-10-18,26.5,33.6,20.6,0.0,0.0,0.0,57,4.31,0.1,0.233,0.32,28.4,28.3,26.26841,73.00594,ERA5,Asia/Kolkata,Open-Meteo Historical Weather API
RJ-Jodhpur,2012-10-19,26.3,34.1,20.3,0.0,0.0,0.0,55,4.72,0.096,0.232,0.319,27.7,28.0,26.26841,73.00594,ERA5,Asia/Kolkata,Open-Meteo Historical Weather API
RJ-Jodhpur,2012-10-20,26.0,33.3,19.8,0.0,0.0,0.0,55,4.46,0.098,0.231,0.318,27.5,27.8,26.26841,73.00594,ERA5,Asia/Kolkata,Open-Meteo Historical Weather API
RJ-Jodhpur,2012-10-21,26.4,33.8,20.7,0.0,0.0,0.0,50,4.66,0.095,0.23,0.317,27.9,27.9,26.26841,73.00594,ERA5,Asia/Kolkata,Open-Meteo Historical Weather API
RJ-Jodhpur,2012-10-22,26.3,33.6,20.9,0.0,0.0,0.0,52,4.38,0.093,0.23,0.316,27.9,27.9,26.26841,73.00594,ERA5,Asia/Kolkata,Open-Meteo Historical Weather API
RJ-Jodhpur,2012-10-23,25.8,33.7,19.3,0.0,0.0,0.0,51,4.81,0.093,0.229,0.315,27.5,27.8,26.26841,73.00594,ERA5,Asia/Kolkata,Open-Meteo Historical Weather API
RJ-Jodhpur,2012-10-24,24.4,31.3,19.3,0.0,0.0,0.0,45,5.32,0.09,0.228,0.314,26.7,27.5,26.26841,73.00594,ERA5,Asia/Kolkata,Open-Meteo Historical Weather API
RJ-Jodhpur,2012-10-25,22.9,31.2,16.0,0.0,0.0,0.0,44,4.83,0.088,0.226,0.313,25.3,26.4,26.26841,73.00594,ERA5,Asia/Kolkata,Open-Meteo Historical Weather API
RJ-Jodhpur,2012-10-26,23.3,31.9,16.0,0.0,0.0,0.0,44,4.83,0.091,0.225,0.312,25.0,26.0,26.26841,73.00594,ERA5,Asia/Kolkata,Open-Meteo Historical Weather API
RJ-Jodhpur,2012-10-27,23.3,32.0,15.5,0.0,0.0,0.0,46,4.56,0.092,0.224,0.311,25.0,25.9,26.26841,73.00594,ERA5,Asia/Kolkata,Open-Meteo Historical Weather API
RJ-Jodhpur,2012-10-28,23.4,32.6,15.2,0.0,0.0,0.0,49,4.29,0.091,0.223,0.31,24.9,25.9,26.26841,73.00594,ERA5,Asia/Kolkata,Open-Meteo Historical Weather API
RJ-Jodhpur,2012-10-29,23.5,32.7,15.0,0.0,0.0,0.0,51,4.17,0.09,0.222,0.309,25.1,25.8,26.26841,73.00594,ERA5,Asia/Kolkata,Open-Meteo Historical Weather API
RJ-Jodhpur,2012-10-30,23.2,32.7,15.8,0.0,0.0,0.0,49,4.33,0.088,0.221,0.308,24.9,25.7,26.26841,73.00594,ERA5,Asia/Kolkata,Open-Meteo Historical Weather API
RJ-Jodhpur,2012-10-31,23.0,32.4,15.3,0.0,0.0,0.0,48,4.79,0.086,0.22,0.307,24.5,25.4,26.26841,73.00594,ERA5,Asia/Kolkata,Open-Meteo Historical Weather API
RJ-Jodhpur,2012-11-01,23.0,31.6,16.1,0.0,0.0,0.0,51,4.83,0.084,0.219,0.306,24.6,25.5,26.26841,73.00594,ERA5,Asia/Kolkata,Open-Meteo Historical Weather API
RJ-Jodhpur,2012-11-02,22.5,31.1,16.0,0.0,0.0,0.0,50,4.8,0.082,0.218,0.305,24.3,25.3,26.26841,73.00594,ERA5,Asia/Kolkata,Open-Meteo Historical Weather API
RJ-Jodhpur,2012-11-03,21.9,30.8,14.7,0.0,0.0,0.0,51,4.49,0.081,0.217,0.304,24.0,25.0,26.26841,73.00594,ERA5,Asia/Kolkata,Open-Meteo Historical Weather API
RJ-Jodhpur,2012-11-04,21.7,30.9,14.4,0.0,0.0,0.0,54,4.05,0.081,0.217,0.303,23.9,25.0,26.26841,73.00594,ERA5,Asia/Kolkata,Open-Meteo Historical Weather API
RJ-Jodhpur,2012-11-05,21.7,30.7,14.4,0.0,0.0,0.0,53,4.04,0.084,0.216,0.303,23.7,24.9,26.26841,73.00594,ERA5,Asia/Kolkata,Open-Meteo Historical Weather API
RJ-Jodhpur,2012-11-06,22.3,31.0,15.1,0.0,0.0,0.0,49,4.31,0.085,0.216,0.303,23.7,24.9,26.26841,73.00594,ERA5,Asia/Kolkata,Open-Meteo Historical Weather API
RJ-Jodhpur,2012-11-07,22.7,30.6,16.8,0.0,0.0,0.0,52,3.92,0.084,0.216,0.302,23.8,25.0,26.26841,73.00594,ERA5,Asia/Kolkata,Open-Meteo Historical Weather API
RJ-Jodhpur,2012-11-08,21.9,31.0,14.7,0.0,0.0,0.0,54,4.13,0.087,0.216,0.301,23.4,24.5,26.26841,73.00594,ERA5,Asia/Kolkata,Open-Meteo Historical Weather API
RJ-Jodhpur,2012-11-09,22.7,31.4,15.2,0.0,0.0,0.0,54,4.5,0.091,0.215,0.301,23.7,24.4,26.26841,73.00594,ERA5,Asia/Kolkata,Open-Meteo Historical Weather API
RJ-Jodhpur,2012-11-10,23.4,31.7,16.8,0.0,0.0,0.0,56,4.19,0.093,0.216,0.3,24.4,24.8,26.26841,73.00594,ERA5,Asia/Kolkata,Open-Meteo Historical Weather API
RJ-Jodhpur,2012-11-11,22.9,29.6,17.4,0.0,0.0,0.0,61,3.32,0.095,0.216,0.3,24.0,24.8,26.26841,73.00594,ERA5,Asia/Kolkata,Open-Meteo Historical Weather API
RJ-Jodhpur,2012-11-12,22.4,31.0,16.0,0.0,0.0,0.0,59,3.79,0.094,0.215,0.299,23.9,24.6,26.26841,73.00594,ERA5,Asia/Kolkata,Open-Meteo Historical Weather API
RJ-Jodhpur,2012-11-13,22.1,31.1,15.2,0.0,0.0,0.0,46,4.21,0.085,0.215,0.298,23.6,24.3,26.26841,73.00594,ERA5,Asia/Kolkata,Open-Meteo Historical Weather API
RJ-Jodhpur,2012-11-14,21.4,30.8,14.2,0.0,0.0,0.0,46,3.86,0.082,0.214,0.298,23.3,24.2,26.26841,73.00594,ERA5,Asia/Kolkata,Open-Meteo Historical Weather API
RJ-Jodhpur,2012-11-15,20.8,30.9,13.2,0.0,0.0,0.0,49,3.78,0.081,0.213,0.297,22.7,23.9,26.26841,73.00594,ERA5,Asia/Kolkata,Open-Meteo Historical Weather API
RJ-Jodhpur,2012-11-16,20.7,30.5,13.0,0.0,0.0,0.0,49,3.73,0.083,0.213,0.297,22.4,23.7,26.26841,73.00594,ERA5,Asia/Kolkata,Open-Meteo Historical Weather API
RJ-Jodhpur,2012-11-17,20.7,30.2,12.9,0.0,0.0,0.0,51,3.77,0.087,0.214,0.297,22.1,23.4,26.26841,73.00594,ERA5,Asia/Kolkata,Open-Meteo Historical Weather API
RJ-Jodhpur,2012-11-18,21.6,29.8,15.1,0.0,0.0,0.0,51,3.37,0.089,0.214,0.297,22.2,23.3,26.26841,73.00594,ERA5,Asia/Kolkata,Open-Meteo Historical Weather API
RJ-Jodhpur,2012-11-19,21.7,29.0,16.3,0.0,0.0,0.0,50,4.02,0.084,0.214,0.296,23.0,23.6,26.26841,73.00594,ERA5,Asia/Kolkata,Open-Meteo Historical Weather API
RJ-Jodhpur,2012-11-20,21.0,28.4,15.4,0.0,0.0,0.0,46,4.39,0.083,0.213,0.295,22.7,23.6,26.26841,73.00594,ERA5,Asia/Kolkata,Open-Meteo Historical Weather API
RJ-Jodhpur,2012-11-21,20.1,28.0,14.1,0.0,0.0,0.0,51,3.74,0.084,0.213,0.295,22.0,23.1,26.26841,73.00594,ERA5,Asia/Kolkata,Open-Meteo Historical Weather API
RJ-Jodhpur,2012-11-22,20.1,28.0,13.9,0.0,0.0,0.0,56,3.46,0.087,0.214,0.295,21.8,23.1,26.26841,73.00594,ERA5,Asia/Kolkata,Open-Meteo Historical Weather API
RJ-Jodhpur,2012-11-23,19.9,28.8,12.6,0.0,0.0,0.0,58,3.55,0.089,0.214,0.295,21.1,22.5,26.26841,73.00594,ERA5,Asia/Kolkata,Open-Meteo Historical Weather API
RJ-Jodhpur,2012-11-24,20.0,28.4,14.3,0.0,0.0,0.0,51,3.48,0.088,0.214,0.295,21.0,22.3,26.26841,73.00594,ERA5,Asia/Kolkata,Open-Meteo Historical Weather API
RJ-Jodhpur,2012-11-25,19.3,27.2,13.1,0.0,0.0,0.0,50,3.67,0.09,0.214,0.295,20.8,22.1,26.26841,73.00594,ERA5,Asia/Kolkata,Open-Meteo Historical Weather API
RJ-Jodhpur,2012-11-26,19.4,28.0,13.4,0.0,0.0,0.0,51,3.9,0.088,0.213,0.294,20.9,21.8,26.26841,73.00594,ERA5,Asia/Kolkata,Open-Meteo Historical Weather API
RJ-Jodhpur,2012-11-27,19.5,28.4,13.1,0.0,0.0,0.0,50,3.9,0.088,0.213,0.293,20.9,21.8,26.26841,73.00594,ERA5,Asia/Kolkata,Open-Meteo Historical Weather API
RJ-Jodhpur,2012-11-28,20.1,28.4,13.0,0.0,0.0,0.0,51,3.38,0.088,0.213,0.293,20.9,21.8,26.26841,73.00594,ERA5,Asia/Kolkata,Open-Meteo Historical Weather API
RJ-Jodhpur,2012-11-29,19.8,27.9,13.2,0.0,0.0,0.0,55,4.04,0.091,0.213,0.292,20.7,21.7,26.26841,73.00594,ERA5,Asia/Kolkata,Open-Meteo Historical Weather API
RJ-Jodhpur,2012-11-30,17.6,24.6,12.0,0.0,0.0,0.0,50,4.06,0.09,0.213,0.292,19.7,21.4,26.26841,73.00594,ERA5,Asia/Kolkata,Open-Meteo Historical Weather API
RJ-Jodhpur,2012-12-01,16.7,24.0,10.6,0.0,0.0,0.0,50,3.91,0.09,0.213,0.291,18.7,20.3,26.26841,73.00594,ERA5,Asia/Kolkata,Open-Meteo Historical Weather API
RJ-Jodhpur,2012-12-02,17.9,25.7,11.4,0.0,0.0,0.0,50,4.04,0.092,0.213,0.291,19.1,20.1,26.26841,73.00594,ERA5,Asia/Kolkata,Open-Meteo Historical Weather API
RJ-Jodhpur,2012-12-03,19.5,27.0,13.3,0.0,0.0,0.0,49,4.38,0.087,0.213,0.291,20.4,20.6,26.26841,73.00594,ERA5,Asia/Kolkata,Open-Meteo Historical Weather API
RJ-Jodhpur,2012-12-04,20.3,27.8,14.5,0.0,0.0,0.0,53,4.01,0.085,0.212,0.29,21.5,21.4,26.26841,73.00594,ERA5,Asia/Kolkata,Open-Meteo Historical Weather API
RJ-Jodhpur,2012-12-05,20.0,28.2,14.1,0.0,0.0,0.0,58,3.39,0.088,0.212,0.29,21.4,21.8,26.26841,73.00594,ERA5,Asia/Kolkata,Open-Meteo Historical Weather API
RJ-Jodhpur,2012-12-06,20.3,28.9,13.7,0.0,0.0,0.0,56,3.65,0.09,0.213,0.291,21.3,21.7,26.26841,73.00594,ERA5,Asia/Kolkata,Open-Meteo Historical Weather API
RJ-Jodhpur,2012-12-07,19.7,28.2,13.6,0.0,0.0,0.0,52,3.36,0.092,0.214,0.291,20.6,21.4,26.26841,73.00594,ERA5,Asia/Kolkata,Open-Meteo Historical Weather API
RJ-Jodhpur,2012-12-08,19.6,28.1,12.5,0.0,0.0,0.0,54,2.99,0.093,0.214,0.291,20.1,20.9,26.26841,73.00594,ERA5,Asia/Kolkata,Open-Meteo Historical Weather API
RJ-Jodhpur,2012-12-09,18.9,28.0,11.0,0.0,0.0,0.0,61,2.88,0.092,0.214,0.291,19.5,20.7,26.26841,73.00594,ERA5,Asia/Kolkata,Open-Meteo Historical Weather API
RJ-Jodhpur,2012-12-10,19.3,27.9,12.0,0.0,0.0,0.0,64,3.25,0.091,0.214,0.29,20.2,20.7,26.26841,73.00594,ERA5,Asia/Kolkata,Open-Meteo Historical Weather API
RJ-Jodhpur,2012-12-11,19.8,27.7,14.3,0.0,0.0,0.0,52,3.69,0.088,0.213,0.29,20.6,21.1,26.26841,73.00594,ERA5,Asia/Kolkata,Open-Meteo Historical Weather API
RJ-Jodhpur,2012-12-12,18.2,26.6,11.1,0.0,0.0,0.0,51,3.44,0.087,0.213,0.29,19.4,20.6,26.26841,73.00594,ERA5,Asia/Kolkata,Open-Meteo Historical Weather API
RJ-Jodhpur,2012-12-13,18.9,24.6,12.7,0.0,0.0,0.0,55,3.53,0.088,0.212,0.289,19.6,20.4,26.26841,73.00594,ERA5,Asia/Kolkata,Open-Meteo Historical Weather API
RJ-Jodhpur,2012-12-14,18.7,23.0,15.3,0.3,0.3,2.0,73,2.23,0.092,0.212,0.288,20.5,20.9,26.26841,73.00594,ERA5,Asia/Kolkata,Open-Meteo Historical Weather API
RJ-Jodhpur,2012-12-15,17.7,23.5,13.0,0.0,0.0,0.0,75,2.94,0.1,0.212,0.289,19.7,20.7,26.26841,73.00594,ERA5,Asia/Kolkata,Open-Meteo Historical Weather API
RJ-Jodhpur,2012-12-16,18.6,24.1,14.3,0.0,0.0,0.0,72,3.21,0.094,0.212,0.289,20.3,20.6,26.26841,73.00594,ERA5,Asia/Kolkata,Open-Meteo Historical Weather API
RJ-Jodhpur,2012-12-17,18.7,25.0,13.7,0.0,0.0,0.0,59,3.74,0.082,0.21,0.287,20.4,20.6,26.26841,73.00594,ERA5,Asia/Kolkata,Open-Meteo Historical Weather API
RJ-Jodhpur,2012-12-18,19.1,26.1,13.5,0.0,0.0,0.0,48,3.96,0.073,0.209,0.286,21.0,20.7,26.26841,73.00594,ERA5,Asia/Kolkata,Open-Meteo Historical Weather API
RJ-Jodhpur,2012-12-19,17.3,23.9,12.2,0.0,0.0,0.0,49,3.78,0.074,0.207,0.285,19.7,20.6,26.26841,73.00594,ERA5,Asia/Kolkata,Open-Meteo Historical Weather API
RJ-Jodhpur,2012-12-20,15.6,24.3,9.2,0.0,0.0,0.0,47,3.58,0.077,0.207,0.284,17.9,19.5,26.26841,73.00594,ERA5,Asia/Kolkata,Open-Meteo Historical Weather API
RJ-Jodhpur,2012-12-21,16.1,25.7,8.8,0.0,0.0,0.0,39,4.01,0.081,0.206,0.284,17.4,18.8,26.26841,73.00594,ERA5,Asia/Kolkata,Open-Meteo Historical Weather API
RJ-Jodhpur,2012-12-22,16.4,26.9,9.1,0.0,0.0,0.0,40,4.07,0.08,0.205,0.283,17.7,18.8,26.26841,73.00594,ERA5,Asia/Kolkata,Open-Meteo Historical Weather API
RJ-Jodhpur,2012-12-23,17.0,27.1,9.8,0.0,0.0,0.0,42,3.72,0.08,0.204,0.282,17.9,18.6,26.26841,73.00594,ERA5,Asia/Kolkata,Open-Meteo Historical Weather API
RJ-Jodhpur,2012-12-24,16.7,26.0,10.1,0.0,0.0,0.0,44,3.63,0.081,0.202,0.282,17.9,18.8,26.26841,73.00594,ERA5,Asia/Kolkata,Open-Meteo Historical Weather API
RJ-Jodhpur,2012-12-25,16.2,24.5,9.8,0.0,0.0,0.0,49,3.58,0.08,0.202,0.281,17.6,18.8,26.26841,73.00594,ERA5,Asia/Kolkata,Open-Meteo Historical Weather API
RJ-Jodhpur,2012-12-26,16.3,25.3,9.4,0.0,0.0,0.0,55,3.16,0.078,0.2,0.28,17.8,18.8,26.26841,73.00594,ERA5,Asia/Kolkata,Open-Meteo Historical Weather API
RJ-Jodhpur,2012-12-27,16.7,25.6,9.1,0.0,0.0,0.0,52,3.17,0.081,0.201,0.28,17.7,18.7,26.26841,73.00594,ERA5,Asia/Kolkata,Open-Meteo Historical Weather API
RJ-Jodhpur,2012-12-28,15.8,22.8,9.7,0.0,0.0,0.0,50,3.69,0.088,0.202,0.28,17.0,18.4,26.26841,73.00594,ERA5,Asia/Kolkata,Open-Meteo Historical Weather API
RJ-Jodhpur,2012-12-29,13.8,20.0,8.7,0.0,0.0,0.0,42,3.89,0.087,0.202,0.28,16.0,17.8,26.26841,73.00594,ERA5,Asia/Kolkata,Open-Meteo Historical Weather API
RJ-Jodhpur,2012-12-30,13.6,20.4,8.5,0.0,0.0,0.0,57,3.43,0.087,0.202,0.28,15.5,17.1,26.26841,73.00594,ERA5,Asia/Kolkata,Open-Meteo Historical Weather API
RJ-Jodhpur,2012-12-31,13.3,20.5,7.4,0.0,0.0,0.0,57,3.35,0.081,0.202,0.28,15.1,16.8,26.26841,73.00594,ERA5,Asia/Kolkata,Open-Meteo Historical Weather API
RJ-Jodhpur,2013-01-01,13.3,21.4,7.4,0.0,0.0,0.0,54,3.19,0.079,0.201,0.279,15.6,16.6,26.26841,73.00594,ERA5,Asia/Kolkata,Open-Meteo Historical Weather API
RJ-Jodhpur,2013-01-02,13.2,21.1,7.5,0.0,0.0,0.0,50,3.42,0.076,0.201,0.278,15.1,16.5,26.26841,73.00594,ERA5,Asia/Kolkata,Open-Meteo Historical Weather API
RJ-Jodhpur,2013-01-03,12.9,21.4,6.6,0.0,0.0,0.0,50,3.23,0.076,0.201,0.278,15.2,16.3,26.26841,73.00594,ERA5,Asia/Kolkata,Open-Meteo Historical Weather API
RJ-Jodhpur,2013-01-04,12.9,20.5,7.2,0.0,0.0,0.0,48,3.45,0.079,0.202,0.278,15.0,16.3,26.26841,73.00594,ERA5,Asia/Kolkata,Open-Meteo Historical Weather API
RJ-Jodhpur,2013-01-05,12.5,20.2,6.2,0.0,0.0,0.0,53,3.37,0.078,0.201,0.278,14.7,16.2,26.26841,73.00594,ERA5,Asia/Kolkata,Open-Meteo Historical Weather API
RJ-Jodhpur,2013-01-06,12.7,21.2,6.3,0.0,0.0,0.0,47,3.48,0.069,0.199,0.276,14.8,16.0,26.26841,73.00594,ERA5,Asia/Kolkata,Open-Meteo Historical Weather API
RJ-Jodhpur,2013-01-07,13.0,21.2,6.3,0.0,0.0,0.0,39,3.76,0.073,0.198,0.275,15.0,16.1,26.26841,73.00594,ERA5,Asia/Kolkata,Open-Meteo Historical Weather API
RJ-Jodhpur,2013-01-08,13.7,22.2,6.8,0.0,0.0,0.0,41,3.48,0.073,0.197,0.274,15.5,16.2,26.26841,73.00594,ERA5,Asia/Kolkata,Open-Meteo Historical Weather API
RJ-Jodhpur,2013-01-09,15.9,24.8,9.3,0.0,0.0,0.0,40,3.83,0.073,0.195,0.273,17.1,16.8,26.26841,73.00594,ERA5,Asia/Kolkata,Open-Meteo Historical Weather API
RJ-Jodhpur,2013-01-10,17.1,26.0,10.1,0.0,0.0,0.0,50,3.32,0.07,0.194,0.271,18.2,17.7,26.26841,73.00594,ERA5,Asia/Kolkata,Open-Meteo Historical Weather API
RJ-Jodhpur,2013-01-11,18.3,26.8,11.4,0.0,0.0,0.0,59,3.2,0.073,0.194,0.271,19.1,18.4,26.26841,73.00594,ERA5,Asia/Kolkata,Open-Meteo Historical Weather API
RJ-Jodhpur,2013-01-12,20.0,28.4,12.6,0.0,0.0,0.0,54,4.38,0.076,0.194,0.271,19.6,19.0,26.26841,73.00594,ERA5,Asia/Kolkata,Open-Meteo Historical Weather API
RJ-Jodhpur,2013-01-13,18.8,25.7,12.7,0.0,0.0,0.0,38,3.4,0.075,0.193,0.27,19.5,19.5,26.26841,73.00594,ERA5,Asia/Kolkata,Open-Meteo Historical Weather API
RJ-Jodhpur,2013-01-14,17.0,24.5,11.2,0.0,0.0,0.0,46,3.82,0.074,0.193,0.27,18.4,18.8,26.26841,73.00594,ERA5,Asia/Kolkata,Open-Meteo Historical Weather API
RJ-Jodhpur,2013-01-15,16.8,24.4,10.2,0.0,0.0,0.0,48,3.68,0.079,0.195,0.271,18.0,18.6,26.26841,73.00594,ERA5,Asia/Kolkata,Open-Meteo Historical Weather API
RJ-Jodhpur,2013-01-16,17.5,24.1,11.2,0.0,0.0,0.0,57,3.18,0.082,0.196,0.271,18.1,18.4,26.26841,73.00594,ERA5,Asia/Kolkata,Open-Meteo Historical Weather API
RJ-Jodhpur,2013-01-17,15.2,17.0,14.0,16.6,16.6,21.0,76,1.42,0.165,0.196,0.271,16.9,18.1,26.26841,73.00594,ERA5,Asia/Kolkata,Open-Meteo Historical Weather API
RJ-Jodhpur,2013-01-18,14.2,17.6,10.5,1.3,1.3,7.0,75,2.59,0.293,0.202,0.271,16.4,17.0,26.26841,73.00594,ERA5,Asia/Kolkata,Open-Meteo Historical Weather API
RJ-Jodhpur,2013-01-19,13.2,19.5,6.8,0.0,0.0,0.0,69,2.95,0.258,0.206,0.27,14.8,15.7,26.26841,73.00594,ERA5,Asia/Kolkata,Open-Meteo Historical Weather API
RJ-Jodhpur,2013-01-20,12.9,19.4,7.2,0.0,0.0,0.0,56,3.45,0.23,0.207,0.268,14.3,15.3,26.26841,73.00594,ERA5,Asia/Kolkata,Open-Meteo Historical Weather API
RJ-Jodhpur,2013-01-21,13.5,20.6,7.2,0.0,0.0,0.0,55,3.57,0.201,0.205,0.266,14.4,14.8,26.26841,73.00594,ERA5,Asia/Kolkata,Open-Meteo Historical Weather API
RJ-Jodhpur,2013-01-22,13.9,21.7,8.0,0.0,0.0,0.0,53,3.81,0.173,0.203,0.264,14.5,15.0,26.26841,73.00594,ERA5,Asia/Kolkata,Open-Meteo Historical Weather API
RJ-Jodhpur,2013-01-23,15.1,23.0,9.1,0.0,0.0,0.0,47,4.15,0.146,0.201,0.262,15.4,15.2,26.26841,73.00594,ERA5,Asia/Kolkata,Open-Meteo Historical Weather API
RJ-Jodhpur,2013-01-24,15.0,22.4,8.6,0.0,0.0,0.0,51,4.15,0.123,0.199,0.261,15.6,15.6,26.26841,73.00594,ERA5,Asia/Kolkata,Open-Meteo Historical Weather API
RJ-Jodhpur,2013-01-25,14.8,23.0,8.6,0.0,0.0,0.0,53,3.86,0.107,0.198,0.26,15.7,15.9,26.26841,73.00594,ERA5,Asia/Kolkata,Open-Meteo Historical Weather API
RJ-Jodhpur,2013-01-26,14.8,23.3,7.9,0.0,0.0,0.0,53,3.73,0.098,0.198,0.26,15.8,16.0,26.26841,73.00594,ERA5,Asia/Kolkata,Open-Meteo Historical Weather API
RJ-Jodhpur,2013-01-27,16.1,24.9,8.5,0.0,0.0,0.0,52,3.68,0.093,0.197,0.26,16.7,16.5,26.26841,73.00594,ERA5,Asia/Kolkata,Open-Meteo Historical Weather API
RJ-Jodhpur,2013-01-28,17.7,26.3,11.6,0.0,0.0,0.0,44,3.92,0.09,0.196,0.259,18.0,17.6,26.26841,73.00594,ERA5,Asia/Kolkata,Open-Meteo Historical Weather API
RJ-Jodhpur,2013-01-29,18.2,26.9,11.5,0.0,0.0,0.0,42,4.21,0.086,0.195,0.259,18.7,18.0,26.26841,73.00594,ERA5,Asia/Kolkata,Open-Meteo Historical Weather API
RJ-Jodhpur,2013-01-30,19.1,27.4,13.4,0.0,0.0,0.0,42,3.99,0.086,0.194,0.258,19.1,18.4,26.26841,73.00594,ERA5,Asia/Kolkata,Open-Meteo Historical Weather API
RJ-Jodhpur,2013-01-31,20.1,27.0,15.1,0.0,0.0,0.0,42,4.17,0.086,0.195,0.259,20.3,19.2,26.26841,73.00594,ERA5,Asia/Kolkata,Open-Meteo Historical Weather API
RJ-Jodhpur,2013-02-01,20.5,27.4,15.3,0.0,0.0,0.0,43,4.73,0.085,0.196,0.26,20.6,19.8,26.26841,73.00594,ERA5,Asia/Kolkata,Open-Meteo Historical Weather API
RJ-Jodhpur,2013-02-02,21.5,27.8,17.4,0.0,0.0,0.0,45,4.38,0.085,0.196,0.261,22.0,20.4,26.26841,73.00594,ERA5,Asia/Kolkata,Open-Meteo Historical Weather API
RJ-Jodhpur,2013-02-03,22.0,27.4,17.5,0.8,0.8,4.0,48,4.15,0.086,0.196,0.261,22.4,21.0,26.26841,73.00594,ERA5,Asia/Kolkata,Open-Meteo Historical Weather API
RJ-Jodhpur,2013-02-04,19.4,23.6,16.2,4.9,4.9,10.0,65,2.81,0.107,0.198,0.262,21.0,21.2,26.26841,73.00594,ERA5,Asia/Kolkata,Open-Meteo Historical Weather API
RJ-Jodhpur,2013-02-05,17.6,21.4,14.1,0.1,0.1,1.0,65,3.45,0.139,0.198,0.263,19.3,19.9,26.26841,73.00594,ERA5,Asia/Kolkata,Open-Meteo Historical Weather API
RJ-Jodhpur,2013-02-06,16.1,22.2,10.2,0.0,0.0,0.0,57,4.0,0.119,0.198,0.262,18.1,18.4,26.26841,73.00594,ERA5,Asia/Kolkata,Open-Meteo Historical Weather API
RJ-Jodhpur,2013-02-07,16.2,21.8,11.0,0.0,0.0,0.0,54,4.17,0.1,0.197,0.261,18.3,18.2,26.26841,73.00594,ERA5,Asia/Kolkata,Open-Meteo Historical Weather API
RJ-Jodhpur,2013-02-08,15.9,22.8,9.9,0.0,0.0,0.0,53,4.18,0.089,0.196,0.26,18.0,18.1,26.26841,73.00594,ERA5,Asia/Kolkata,Open-Meteo Historical Weather API
RJ-Jodhpur,2013-02-09,16.7,24.7,9.5,0.0,0.0,0.0,46,4.38,0.082,0.194,0.259,18.4,18.2,26.26841,73.00594,ERA5,Asia/Kolkata,Open-Meteo Historical Weather API
RJ-Jodhpur,2013-02-10,18.8,26.9,11.7,0.0,0.0,0.0,37,5.01,0.081,0.193,0.258,19.7,18.8,26.26841,73.00594,ERA5,Asia/Kolkata,Open-Meteo Historical Weather API
RJ-Jodhpur,2013-02-11,20.2,27.4,13.7,0.0,0.0,0.0,36,5.82,0.076,0.191,0.257,20.9,19.7,26.26841,73.00594,ERA5,Asia/Kolkata,Open-Meteo Historical Weather API
RJ-Jodhpur,2013-02-12,21.4,28.6,15.2,0.0,0.0,0.0,38,5.83,0.073,0.19,0.257,22.1,20.6,26.26841,73.00594,ERA5,Asia/Kolkata,Open-Meteo Historical Weather API
RJ-Jodhpur,2013-02-13,22.3,29.1,16.4,0.0,0.0,0.0,43,5.36,0.072,0.19,0.257,23.3,21.5,26.26841,73.00594,ERA5,Asia/Kolkata,Open-Meteo Historical Weather API
RJ-Jodhpur,2013-02-14,22.9,29.7,17.0,0.0,0.0,0.0,43,5.33,0.068,0.189,0.256,24.1,22.2,26.26841,73.00594,ERA5,Asia/Kolkata,Open-Meteo Historical Weather API
RJ-Jodhpur,2013-02-15,20.1,26.7,14.5,0.3,0.3,2.0,47,4.48,0.071,0.189,0.256,22.9,22.2,26.26841,73.00594,ERA5,Asia/Kolkata,Open-Meteo Historical Weather API
RJ-Jodhpur,2013-02-16,16.0,18.9,12.9,1.5,1.5,7.0,74,2.69,0.105,0.19,0.256,19.5,21.1,26.26841,73.00594,ERA5,Asia/Kolkata,Open-Meteo Historical Weather API
RJ-Jodhpur,2013-02-17,16.8,23.0,10.8,0.0,0.0,0.0,71,3.54,0.101,0.19,0.256,19.7,19.5,26.26841,73.00594,ERA5,Asia/Kolkata,Open-Meteo Historical Weather API
RJ-Jodhpur,2013-02-18,18.8,25.3,12.1,0.0,0.0,0.0,55,4.03,0.09,0.189,0.255,20.7,19.8,26.26841,73.00594,ERA5,Asia/Kolkata,Open-Meteo Historical Weather API
RJ-Jodhpur,2013-02-19,20.8,26.4,15.0,0.0,0.0,0.0,45,4.45,0.08,0.188,0.254,22.5,20.9,26.26841,73.00594,ERA5,Asia/Kolkata,Open-Meteo Historical Weather API
RJ-Jodhpur,2013-02-20,21.8,28.3,16.0,0.0,0.0,0.0,43,5.2,0.074,0.187,0.253,23.6,21.7,26.26841,73.00594,ERA5,Asia/Kolkata,Open-Meteo Historical Weather API
RJ-Jodhpur,2013-02-21,23.2,29.9,16.2,0.0,0.0,0.0,41,6.1,0.075,0.186,0.252,24.1,22.5,26.26841,73.00594,ERA5,Asia/Kolkata,Open-Meteo Historical Weather API
RJ-Jodhpur,2013-02-22,23.3,29.8,16.4,0.0,0.0,0.0,42,5.77,0.072,0.186,0.252,24.6,22.9,26.26841,73.00594,ERA5,Asia/Kolkata,Open-Meteo Historical Weather API
RJ-Jodhpur,2013-02-23,19.9,24.0,15.6,0.2,0.2,2.0,60,4.56,0.075,0.186,0.252,23.7,22.9,26.26841,73.00594,ERA5,Asia/Kolkata,Open-Meteo Historical Weather API
RJ-Jodhpur,2013-02-24,19.1,24.8,13.8,0.0,0.0,0.0,60,4.52,0.074,0.186,0.252,22.4,21.9,26.26841,73.00594,ERA5,Asia/Kolkata,Open-Meteo Historical Weather API
RJ-Jodhpur,2013-02-25,20.5,27.1,14.0,0.0,0.0,0.0,51,4.73,0.072,0.185,0.252,23.0,21.9,26.26841,73.00594,ERA5,Asia/Kolkata,Open-Meteo Historical Weather API
RJ-Jodhpur,2013-02-26,23.1,30.0,16.1,0.0,0.0,0.0,40,6.33,0.07,0.185,0.251,24.2,22.5,26.26841,73.00594,ERA5,Asia/Kolkata,Open-Meteo Historical Weather API
RJ-Jodhpur,2013-02-27,21.3,27.3,15.8,0.0,0.0,0.0,42,5.41,0.071,0.185,0.251,23.7,22.9,26.26841,73.00594,ERA5,Asia/Kolkata,Open-Meteo Historical Weather API
RJ-Jodhpur,2013-02-28,20.5,27.4,13.9,0.0,0.0,0.0,33,6.01,0.074,0.184,0.25,22.6,22.2,26.26841,73.00594,ERA5,Asia/Kolkata,Open-Meteo Historical Weather API
RJ-Jodhpur,2013-03-01,20.4,27.2,14.3,0.0,0.0,0.0,37,5.97,0.074,0.184,0.25,22.4,22.0,26.26841,73.00594,ERA5,Asia/Kolkata,Open-Meteo Historical Weather API
RJ-Jodhpur,2013-03-02,20.5,30.0,12.7,0.0,0.0,0.0,37,5.59,0.071,0.183,0.249,22.6,21.9,26.26841,73.00594,ERA5,Asia/Kolkata,Open-Meteo Historical Weather API
RJ-Jodhpur,2013-03-03,22.1,32.5,12.5,0.0,0.0,0.0,30,5.47,0.071,0.182,0.249,23.4,22.4,26.26841,73.00594,ERA5,Asia/Kolkata,Open-Meteo Historical Weather API
RJ-Jodhpur,2013-03-04,23.6,34.2,14.3,0.0,0.0,0.0,27,5.32,0.071,0.183,0.249,24.4,23.0,26.26841,73.00594,ERA5,Asia/Kolkata,Open-Meteo Historical Weather API
RJ-Jodhpur,2013-03-05,24.5,34.1,16.2,0.0,0.0,0.0,25,6.58,0.071,0.183,0.249,25.3,23.7,26.26841,73.00594,ERA5,Asia/Kolkata,Open-Meteo Historical Weather API
RJ-Jodhpur,2013-03-06,25.6,34.1,18.3,0.0,0.0,0.0,25,6.8,0.074,0.183,0.249,26.6,24.6,26.26841,73.00594,ERA5,Asia/Kolkata,Open-Meteo Historical Weather API
RJ-Jodhpur,2013-03-07,25.9,34.6,17.6,0.0,0.0,0.0,27,6.44,0.073,0.182,0.249,26.7,25.0,26.26841,73.00594,ERA5,Asia/Kolkata,Open-Meteo Historical Weather API
RJ-Jodhpur,2013-03-08,25.8,35.7,16.8,0.0,0.0,0.0,27,6.53,0.071,0.182,0.248,26.8,25.1,26.26841,73.00594,ERA5,Asia/Kolkata,Open-Meteo Historical Weather API
RJ-Jodhpur,2013-03-09,26.6,34.4,18.2,0.0,0.0,0.0,24,7.81,0.07,0.182,0.248,27.2,25.6,26.26841,73.00594,ERA5,Asia/Kolkata,Open-Meteo Historical Weather API
RJ-Jodhpur,2013-03-10,25.6,32.9,19.5,0.0,0.0,0.0,30,6.04,0.069,0.181,0.247,27.7,25.8,26.26841,73.00594,ERA5,Asia/Kolkata,Open-Meteo Historical Weather API
RJ-Jodhpur,2013-03-11,25.8,32.7,19.3,0.0,0.0,0.0,35,5.3,0.07,0.182,0.247,27.3,25.6,26.26841,73.00594,ERA5,Asia/Kolkata,Open-Meteo Historical Weather API
RJ-Jodhpur,2013-03-12,26.6,34.2,20.4,0.0,0.0,0.0,33,5.97,0.069,0.181,0.247,28.5,26.2,26.26841,73.00594,ERA5,Asia/Kolkata,Open-Meteo Historical Weather API
RJ-Jodhpur,2013-03-13,25.8,33.7,18.9,0.3,0.3,1.0,36,6.61,0.068,0.181,0.247,27.6,26.3,26.26841,73.00594,ERA5,Asia/Kolkata,Open-Meteo Historical Weather API
RJ-Jodhpur,2013-03-14,25.0,31.7,18.8,0.0,0.0,0.0,45,5.69,0.064,0.182,0.248,28.0,26.2,26.26841,73.00594,ERA5,Asia/Kolkata,Open-Meteo Historical Weather API
RJ-Jodhpur,2013-03-15,25.6,31.7,19.4,0.0,0.0,0.0,34,6.55,0.071,0.182,0.248,27.7,26.4,26.26841,73.00594,ERA5,Asia/Kolkata,Open-Meteo Historical Weather API
RJ-Jodhpur,2013-03-16,25.9,32.1,20.4,0.0,0.0,0.0,36,6.53,0.073,0.183,0.248,27.9,26.5,26.26841,73.00594,ERA5,Asia/Kolkata,Open-Meteo Historical Weather API
RJ-Jodhpur,2013-03-17,25.7,32.9,18.8,0.0,0.0,0.0,33,6.37,0.071,0.183,0.248,28.2,26.6,26.26841,73.00594,ERA5,Asia/Kolkata,Open-Meteo Historical Weather API
RJ-Jodhpur,2013-03-18,27.2,34.3,20.3,0.0,0.0,0.0,29,6.45,0.069,0.182,0.247,28.8,26.9,26.26841,73.00594,ERA5,Asia/Kolkata,Open-Meteo Historical Weather API
RJ-Jodhpur,2013-03-19,27.2,35.1,18.6,0.0,0.0,0.0,29,6.71,0.068,0.181,0.246,28.9,27.0,26.26841,73.00594,ERA5,Asia/Kolkata,Open-Meteo Historical Weather API
RJ-Jodhpur,2013-03-20,27.6,34.8,20.7,0.0,0.0,0.0,28,6.93,0.068,0.181,0.246,29.5,27.5,26.26841,73.00594,ERA5,Asia/Kolkata,Open-Meteo Historical Weather API
RJ-Jodhpur,2013-03-21,27.2,34.6,20.5,0.0,0.0,0.0,28,6.16,0.069,0.181,0.246,29.7,27.8,26.26841,73.00594,ERA5,Asia/Kolkata,Open-Meteo Historical Weather API
RJ-Jodhpur,2013-03-22,27.3,34.1,20.6,0.0,0.0,0.0,33,6.38,0.07,0.182,0.247,28.7,27.6,26.26841,73.00594,ERA5,Asia/Kolkata,Open-Meteo Historical Weather API
RJ-Jodhpur,2013-03-23,27.1,33.5,22.1,0.0,0.0,0.0,37,7.46,0.067,0.181,0.246,29.3,27.5,26.26841,73.00594,ERA5,Asia/Kolkata,Open-Meteo Historical Weather API
RJ-Jodhpur,2013-03-24,25.9,31.7,19.8,0.0,0.0,0.0,42,6.35,0.065,0.18,0.246,29.1,27.8,26.26841,73.00594,ERA5,Asia/Kolkata,Open-Meteo Historical Weather API
RJ-Jodhpur,2013-03-25,25.8,31.5,20.8,0.0,0.0,0.0,41,6.8,0.067,0.181,0.246,29.1,27.7,26.26841,73.00594,ERA5,Asia/Kolkata,Open-Meteo Historical Weather API
RJ-Jodhpur,2013-03-26,25.4,31.8,19.8,0.0,0.0,0.0,39,5.71,0.069,0.18,0.246,28.7,27.6,26.26841,73.00594,ERA5,Asia/Kolkata,Open-Meteo Historical Weather API
RJ-Jodhpur,2013-03-27,25.7,32.0,21.1,0.0,0.0,0.0,37,5.6,0.074,0.182,0.247,27.1,27.0,26.26841,73.00594,ERA5,Asia/Kolkata,Open-Meteo Historical Weather API
RJ-Jodhpur,2013-03-28,25.9,31.3,20.6,0.0,0.0,0.0,46,6.35,0.069,0.182,0.247,28.7,27.0,26.26841,73.00594,ERA5,Asia/Kolkata,Open-Meteo Historical Weather API
RJ-Jodhpur,2013-03-29,25.4,30.9,19.4,0.0,0.0,0.0,47,5.8,0.07,0.181,0.246,28.3,27.4,26.26841,73.00594,ERA5,Asia/Kolkata,Open-Meteo Historical Weather API
RJ-Jodhpur,2013-03-30,25.7,32.1,19.2,0.0,0.0,0.0,46,5.9,0.068,0.181,0.245,29.3,27.5,26.26841,73.00594,ERA5,Asia/Kolkata,Open-Meteo Historical Weather API
RJ-Jodhpur,2013-03-31,27.5,34.3,20.2,0.0,0.0,0.0,38,6.46,0.068,0.18,0.245,30.3,28.1,26.26841,73.00594,ERA5,Asia/Kolkata,Open-Meteo Historical Weather API
RJ-Jodhpur,2013-04-01,28.6,35.8,21.6,0.0,0.0,0.0,31,7.12,0.068,0.179,0.244,30.8,28.7,26.26841,73.00594,ERA5,Asia/Kolkata,Open-Meteo Historical Weather API
RJ-Jodhpur,2013-04-02,28.4,35.6,21.2,0.0,0.0,0.0,28,7.42,0.071,0.179,0.244,30.7,29.0,26.26841,73.00594,ERA5,Asia/Kolkata,Open-Meteo Historical Weather API
RJ-Jodhpur,2013-04-03,27.6,33.8,20.8,0.0,0.0,0.0,35,6.85,0.07,0.179,0.244,30.6,28.9,26.26841,73.00594,ERA5,Asia/Kolkata,Open-Meteo Historical Weather API
RJ-Jodhpur,2013-04-04,28.3,34.6,21.9,0.0,0.0,0.0,32,7.36,0.071,0.179,0.244,31.2,29.2,26.26841,73.00594,ERA5,Asia/Kolkata,Open-Meteo Historical Weather API
RJ-Jodhpur,2013-04-05,28.5,36.0,20.4,0.0,0.0,0.0,27,7.53,0.071,0.177,0.243,30.8,29.2,26.26841,73.00594,ERA5,Asia/Kolkata,Open-Meteo Historical Weather API
RJ-Jodhpur,2013-04-06,29.4,37.3,20.7,0.0,0.0,0.0,26,7.73,0.069,0.177,0.242,31.3,29.3,26.26841,73.00594,ERA5,Asia/Kolkata,Open-Meteo Historical Weather API
RJ-Jodhpur,2013-04-07,29.6,36.4,22.4,0.0,0.0,0.0,25,7.74,0.07,0.177,0.242,32.0,29.7,26.26841,73.00594,ERA5,Asia/Kolkata,Open-Meteo Historical Weather API
RJ-Jodhpur,2013-04-08,28.4,34.1,21.9,0.0,0.0,0.0,29,7.64,0.07,0.176,0.241,31.2,29.8,26.26841,73.00594,ERA5,Asia/Kolkata,Open-Meteo Historical Weather API
RJ-Jodhpur,2013-04-09,29.0,33.8,24.0,0.5,0.5,1.0,43,6.29,0.071,0.176,0.241,32.7,30.1,26.26841,73.00594,ERA5,Asia/Kolkata,Open-Meteo Historical Weather API
RJ-Jodhpur,2013-04-10,29.0,34.3,23.4,0.0,0.0,0.0,34,7.2,0.074,0.175,0.24,32.3,30.3,26.26841,73.00594,ERA5,Asia/Kolkata,Open-Meteo Historical Weather API
RJ-Jodhpur,2013-04-11,29.1,34.9,22.6,0.0,0.0,0.0,33,6.47,0.07,0.174,0.239,32.6,30.5,26.26841,73.00594,ERA5,Asia/Kolkata,Open-Meteo Historical Weather API
RJ-Jodhpur,2013-04-12,30.4,36.5,24.4,0.0,0.0,0.0,30,6.42,0.069,0.174,0.238,33.2,30.9,26.26841,73.00594,ERA5,Asia/Kolkata,Open-Meteo Historical Weather API
RJ-Jodhpur,2013-04-13,31.3,37.6,24.2,0.0,0.0,0.0,28,7.86,0.069,0.173,0.238,33.7,31.4,26.26841,73.00594,ERA5,Asia/Kolkata,Open-Meteo Historical Weather API
RJ-Jodhpur,2013-04-14,31.5,38.3,23.3,0.0,0.0,0.0,25,7.91,0.068,0.172,0.237,34.1,31.8,26.26841,73.00594,ERA5,Asia/Kolkata,Open-Meteo Historical Weather API
RJ-Jodhpur,2013-04-15,31.8,39.2,24.4,0.0,0.0,0.0,25,7.88,0.068,0.171,0.236,34.6,32.1,26.26841,73.00594,ERA5,Asia/Kolkata,Open-Meteo Historical Weather API
RJ-Jodhpur,2013-04-16,32.4,39.0,26.6,0.0,0.0,0.0,24,9.61,0.066,0.17,0.235,34.1,32.2,26.26841,73.00594,ERA5,Asia/Kolkata,Open-Meteo Historical Weather API
RJ-Jodhpur,2013-04-17,31.4,37.8,23.7,0.0,0.0,0.0,20,8.98,0.065,0.17,0.234,33.7,31.7,26.26841,73.00594,ERA5,Asia/Kolkata,Open-Meteo Historical Weather API
RJ-Jodhpur,2013-04-18,31.4,38.4,26.3,0.0,0.0,0.0,28,8.27,0.065,0.17,0.234,33.5,31.8,26.26841,73.00594,ERA5,Asia/Kolkata,Open-Meteo Historical Weather API
RJ-Jodhpur,2013-04-19,30.9,37.7,25.0,0.0,0.0,0.0,30,8.05,0.064,0.17,0.233,33.7,31.8,26.26841,73.00594,ERA5,Asia/Kolkata,Open-Meteo Historical Weather API
RJ-Jodhpur,2013-04-20,29.8,35.7,25.2,0.4,0.4,2.0,36,7.84,0.069,0.17,0.233,33.1,32.0,26.26841,73.00594,ERA5,Asia/Kolkata,Open-Meteo Historical Weather API
RJ-Jodhpur,2013-04-21,28.9,34.8,22.9,0.0,0.0,0.0,40,6.43,0.073,0.17,0.233,33.1,32.0,26.26841,73.00594,ERA5,Asia/Kolkata,Open-Meteo Historical Weather API
RJ-Jodhpur,2013-04-22,28.9,36.2,23.2,0.6,0.6,2.0,46,6.2,0.07,0.17,0.233,32.5,31.9,26.26841,73.00594,ERA5,Asia/Kolkata,Open-Meteo Historical Weather API
RJ-Jodhpur,2013-04-23,30.5,36.6,23.3,0.0,0.0,0.0,37,6.91,0.067,0.169,0.232,34.3,32.0,26.26841,73.00594,ERA5,Asia/Kolkata,Open-Meteo Historical Weather API
RJ-Jodhpur,2013-04-24,33.0,38.7,25.6,0.0,0.0,0.0,32,7.86,0.067,0.169,0.232,35.8,33.1,26.26841,73.00594,ERA5,Asia/Kolkata,Open-Meteo Historical Weather API
RJ-Jodhpur,2013-04-25,33.0,37.7,27.7,0.0,0.0,0.0,34,8.27,0.068,0.169,0.231,35.8,33.6,26.26841,73.00594,ERA5,Asia/Kolkata,Open-Meteo Historical Weather API
RJ-Jodhpur,2013-04-26,32.7,38.7,26.2,0.0,0.0,0.0,30,7.53,0.067,0.168,0.231,36.3,33.9,26.26841,73.00594,ERA5,Asia/Kolkata,Open-Meteo Historical Weather API
RJ-Jodhpur,2013-04-27,33.3,39.4,26.5,0.0,0.0,0.0,29,8.37,0.066,0.168,0.23,36.7,34.1,26.26841,73.00594,ERA5,Asia/Kolkata,Open-Meteo Historical Weather API
RJ-Jodhpur,2013-04-28,33.2,38.6,26.9,0.0,0.0,0.0,30,7.35,0.065,0.168,0.23,37.3,34.6,26.26841,73.00594,ERA5,Asia/Kolkata,Open-Meteo Historical Weather API
RJ-Jodhpur,2013-04-29,33.4,38.5,27.6,0.0,0.0,0.0,28,8.94,0.064,0.167,0.229,37.3,34.9,26.26841,73.00594,ERA5,Asia/Kolkata,Open-Meteo Historical Weather API
RJ-Jodhpur,2013-04-30,33.1,39.1,27.2,0.0,0.0,0.0,19,9.18,0.064,0.166,0.228,36.1,34.7,26.26841,73.00594,ERA5,Asia/Kolkata,Open-Meteo Historical Weather API
RJ-Jodhpur,2013-05-01,32.3,39.3,25.1,0.0,0.0,0.0,14,9.55,0.066,0.166,0.228,35.1,34.0,26.26841,73.00594,ERA5,Asia/Kolkata,Open-Meteo Historical Weather API
RJ-Jodhpur,2013-05-02,31.6,39.2,22.7,0.0,0.0,0.0,15,8.58,0.068,0.165,0.226,34.8,33.6,26.26841,73.00594,ERA5,Asia/Kolkata,Open-Meteo Historical Weather API
RJ-Jodhpur,2013-05-03,32.5,40.8,23.4,0.0,0.0,0.0,16,8.66,0.067,0.165,0.226,34.5,33.2,26.26841,73.00594,ERA5,Asia/Kolkata,Open-Meteo Historical Weather API
RJ-Jodhpur,2013-05-04,34.5,41.5,26.0,0.0,0.0,0.0,26,9.99,0.066,0.165,0.226,36.1,33.7,26.26841,73.00594,ERA5,Asia/Kolkata,Open-Meteo Historical Weather API
RJ-Jodhpur,2013-05-05,35.2,41.0,29.6,0.0,0.0,0.0,31,9.72,0.066,0.165,0.225,37.8,34.8,26.26841,73.00594,ERA5,Asia/Kolkata,Open-Meteo Historical Weather API
RJ-Jodhpur,2013-05-06,35.1,41.8,28.7,0.0,0.0,0.0,23,8.52,0.065,0.165,0.225,38.2,35.6,26.26841,73.00594,ERA5,Asia/Kolkata,Open-Meteo Historical Weather API
RJ-Jodhpur,2013-05-07,34.9,42.1,26.3,0.0,0.0,0.0,19,8.39,0.065,0.165,0.224,37.3,35.3,26.26841,73.00594,ERA5,Asia/Kolkata,Open-Meteo Historical Weather API
RJ-Jodhpur,2013-05-08,35.0,40.6,29.8,0.0,0.0,0.0,24,10.13,0.065,0.165,0.224,37.6,35.7,26.26841,73.00594,ERA5,Asia/Kolkata,Open-Meteo Historical Weather API
RJ-Jodhpur,2013-05-09,33.1,39.6,27.1,0.0,0.0,0.0,27,9.85,0.066,0.165,0.224,36.2,34.9,26.26841,73.00594,ERA5,Asia/Kolkata,Open-Meteo Historical Weather API
RJ-Jodhpur,2013-05-10,32.7,38.5,28.3,0.0,0.0,0.0,30,10.11,0.066,0.165,0.224,35.7,34.7,26.26841,73.00594,ERA5,Asia/Kolkata,Open-Meteo Historical Weather API
RJ-Jodhpur,2013-05-11,31.4,37.3,27.0,0.5,0.5,1.0,37,9.07,0.069,0.166,0.224,34.8,34.2,26.26841,73.00594,ERA5,Asia/Kolkata,Open-Meteo Historical Weather API
RJ-Jodhpur,2013-05-12,32.1,38.8,25.6,0.0,0.0,0.0,39,8.66,0.073,0.166,0.224,35.1,34.0,26.26841,73.00594,ERA5,Asia/Kolkata,Open-Meteo Historical Weather API
RJ-Jodhpur,2013-05-13,32.7,39.5,25.4,0.0,0.0,0.0,36,7.16,0.071,0.167,0.224,36.3,34.5,26.26841,73.00594,ERA5,Asia/Kolkata,Open-Meteo Historical Weather API
RJ-Jodhpur,2013-05-14,34.8,41.0,28.7,0.0,0.0,0.0,31,7.98,0.069,0.166,0.224,37.5,35.2,26.26841,73.00594,ERA5,Asia/Kolkata,Open-Meteo Historical Weather API
RJ-Jodhpur,2013-05-15,36.2,42.1,30.6,0.0,0.0,0.0,25,10.01,0.067,0.165,0.223,38.3,35.9,26.26841,73.00594,ERA5,Asia/Kolkata,Open-Meteo Historical Weather API
RJ-Jodhpur,2013-05-16,36.7,43.6,30.4,0.0,0.0,0.0,24,10.45,0.065,0.165,0.223,38.7,36.2,26.26841,73.00594,ERA5,Asia/Kolkata,Open-Meteo Historical Weather API
RJ-Jodhpur,2013-05-17,36.9,43.7,30.9,0.0,0.0,0.0,32,11.43,0.064,0.165,0.222,38.9,36.4,26.26841,73.00594,ERA5,Asia/Kolkata,Open-Meteo Historical Weather API
RJ-Jodhpur,2013-05-18,37.1,43.8,30.5,0.0,0.0,0.0,29,11.24,0.063,0.164,0.222,39.3,36.7,26.26841,73.00594,ERA5,Asia/Kolkata,Open-Meteo Historical Weather API
RJ-Jodhpur,2013-05-19,36.4,42.8,30.2,0.0,0.0,0.0,19,11.66,0.062,0.164,0.221,38.8,36.6,26.26841,73.00594,ERA5,Asia/Kolkata,Open-Meteo Historical Weather API
RJ-Jodhpur,2013-05-20,36.5,43.7,29.3,0.0,0.0,0.0,24,11.53,0.061,0.163,0.221,38.7,36.5,26.26841,73.00594,ERA5,Asia/Kolkata,Open-Meteo Historical Weather API
RJ-Jodhpur,2013-05-21,36.5,43.0,29.7,0.0,0.0,0.0,20,12.63,0.061,0.163,0.22,38.5,36.7,26.26841,73.00594,ERA5,Asia/Kolkata,Open-Meteo Historical Weather API
RJ-Jodhpur,2013-05-22,34.7,40.9,28.8,0.0,0.0,0.0,26,10.21,0.062,0.163,0.22,38.0,36.5,26.26841,73.00594,ERA5,Asia/Kolkata,Open-Meteo Historical Weather API
RJ-Jodhpur,2013-05-23,35.3,42.0,29.8,0.0,0.0,0.0,36,9.93,0.06,0.162,0.219,38.0,36.2,26.26841,73.00594,ERA5,Asia/Kolkata,Open-Meteo Historical Weather API
RJ-Jodhpur,2013-05-24,35.0,40.4,29.7,0.0,0.0,0.0,40,10.55,0.06,0.161,0.218,37.9,36.3,26.26841,73.00594,ERA5,Asia/Kolkata,Open-Meteo Historical Weather API
RJ-Jodhpur,2013-05-25,34.4,39.7,28.4,0.0,0.0,0.0,43,10.56,0.059,0.16,0.217,37.4,36.0,26.26841,73.00594,ERA5,Asia/Kolkata,Open-Meteo Historical Weather API
RJ-Jodhpur,2013-05-26,34.1,39.1,28.0,0.0,0.0,0.0,46,10.51,0.054,0.159,0.216,37.3,35.9,26.26841,73.00594,ERA5,Asia/Kolkata,Open-Meteo Historical Weather API
RJ-Jodhpur,2013-05-27,34.5,39.6,29.1,0.0,0.0,0.0,46,9.92,0.06,0.159,0.216,38.0,36.1,26.26841,73.00594,ERA5,Asia/Kolkata,Open-Meteo Historical Weather API
RJ-Jodhpur,2013-05-28,34.5,40.3,29.2,0.0,0.0,0.0,40,9.67,0.061,0.159,0.216,38.0,36.3,26.26841,73.00594,ERA5,Asia/Kolkata,Open-Meteo Historical Weather API
RJ-Jodhpur,2013-05-29,34.5,39.9,29.2,0.0,0.0,0.0,38,9.49,0.061,0.159,0.216,37.9,36.3,26.26841,73.00594,ERA5,Asia/Kolkata,Open-Meteo Historical Weather API
RJ-Jodhpur,2013-05-30,35.6,41.0,30.4,0.0,0.0,0.0,35,9.42,0.059,0.16,0.216,38.8,36.6,26.26841,73.00594,ERA5,Asia/Kolkata,Open-Meteo Historical Weather API
RJ-Jodhpur,2013-05-31,36.2,42.3,30.8,0.0,0.0,0.0,35,9.46,0.061,0.16,0.216,39.3,37.1,26.26841,73.00594,ERA5,Asia/Kolkata,Open-Meteo Historical Weather API
RJ-Jodhpur,2013-06-01,36.1,40.9,30.9,0.0,0.0,0.0,37,9.54,0.061,0.16,0.215,39.5,37.4,26.26841,73.00594,ERA5,Asia/Kolkata,Open-Meteo Historical Weather API
RJ-Jodhpur,2013-06-02,36.3,41.3,31.3,0.0,0.0,0.0,34,10.02,0.063,0.16,0.215,39.5,37.6,26.26841,73.00594,ERA5,Asia/Kolkata,Open-Meteo Historical Weather API
RJ-Jodhpur,2013-06-03,37.2,42.3,32.2,0.0,0.0,0.0,32,9.05,0.063,0.16,0.215,40.0,37.8,26.26841,73.00594,ERA5,Asia/Kolkata,Open-Meteo Historical Weather API
RJ-Jodhpur,2013-06-04,38.2,44.2,33.0,0.0,0.0,0.0,31,10.15,0.063,0.16,0.215,40.6,38.2,26.26841,73.00594,ERA5,Asia/Kolkata,Open-Meteo Historical Weather API
RJ-Jodhpur,2013-06-05,37.1,42.9,32.2,0.0,0.0,0.0,40,9.91,0.064,0.16,0.215,40.3,38.5,26.26841,73.00594,ERA5,Asia/Kolkata,Open-Meteo Historical Weather API
RJ-Jodhpur,2013-06-06,37.2,42.5,32.2,0.0,0.0,0.0,39,10.93,0.064,0.16,0.215,40.2,38.5,26.26841,73.00594,ERA5,Asia/Kolkata,Open-Meteo Historical Weather API
RJ-Jodhpur,2013-06-07,35.7,41.3,30.5,0.0,0.0,0.0,45,9.61,0.065,0.161,0.215,39.6,38.3,26.26841,73.00594,ERA5,Asia/Kolkata,Open-Meteo Historical Weather API
RJ-Jodhpur,2013-06-08,35.8,41.4,30.8,0.0,0.0,0.0,45,9.19,0.066,0.161,0.215,39.7,38.3,26.26841,73.00594,ERA5,Asia/Kolkata,Open-Meteo Historical Weather API
RJ-Jodhpur,2013-06-09,35.1,40.5,31.6,0.2,0.2,1.0,49,8.71,0.069,0.161,0.215,39.4,38.4,26.26841,73.00594,ERA5,Asia/Kolkata,Open-Meteo Historical Weather API
RJ-Jodhpur,2013-06-10,33.9,39.6,30.2,0.0,0.0,0.0,55,7.55,0.075,0.162,0.216,38.5,37.9,26.26841,73.00594,ERA5,Asia/Kolkata,Open-Meteo Historical Weather API
RJ-Jodhpur,2013-06-11,32.1,37.3,28.0,0.6,0.6,1.0,61,6.88,0.077,0.163,0.216,37.2,37.2,26.26841,73.00594,ERA5,Asia/Kolkata,Open-Meteo Historical Weather API
RJ-Jodhpur,2013-06-12,30.8,35.2,27.3,6.9,6.9,8.0,69,3.9,0.103,0.166,0.218,35.9,36.3,26.26841,73.00594,ERA5,Asia/Kolkata,Open-Meteo Historical Weather API
RJ-Jodhpur,2013-06-13,31.1,35.7,26.6,2.3,2.3,4.0,71,5.13,0.228,0.166,0.216,34.2,34.4,26.26841,73.00594,ERA5,Asia/Kolkata,Open-Meteo Historical Weather API
RJ-Jodhpur,2013-06-14,31.7,35.5,28.1,0.5,0.5,2.0,69,5.47,0.178,0.168,0.216,34.3,34.2,26.26841,73.00594,ERA5,Asia/Kolkata,Open-Meteo Historical Weather API
RJ-Jodhpur,2013-06-15,32.5,37.7,29.0,2.0,2.0,3.0,64,6.09,0.139,0.167,0.216,35.5,34.5,26.26841,73.00594,ERA5,Asia/Kolkata,Open-Meteo Historical Weather API
RJ-Jodhpur,2013-06-16,32.5,37.4,28.9,0.3,0.3,2.0,63,6.02,0.121,0.168,0.216,35.0,34.7,26.26841,73.00594,ERA5,Asia/Kolkata,Open-Meteo Historical Weather API
RJ-Jodhpur,2013-06-17,30.4,35.0,26.4,8.6,8.6,9.0,74,4.98,0.115,0.169,0.217,34.5,34.5,26.26841,73.00594,ERA5,Asia/Kolkata,Open-Meteo Historical Weather API
RJ-Jodhpur,2013-06-18,29.4,34.7,26.3,10.0,10.0,8.0,79,4.26,0.17,0.175,0.217,32.4,33.3,26.26841,73.00594,ERA5,Asia/Kolkata,Open-Meteo Historical Weather API
RJ-Jodhpur,2013-06-19,31.2,36.3,26.0,0.2,0.2,1.0,70,6.06,0.151,0.178,0.217,33.2,32.9,26.26841,73.00594,ERA5,Asia/Kolkata,Open-Meteo Historical Weather API
RJ-Jodhpur,2013-06-20,32.7,37.5,27.2,0.0,0.0,0.0,58,7.89,0.114,0.179,0.217,34.9,33.6,26.26841,73.00594,ERA5,Asia/Kolkata,Open-Meteo Historical Weather API
RJ-Jodhpur,2013-06-21,33.3,37.9,29.0,0.0,0.0,0.0,52,9.24,0.095,0.177,0.217,36.1,34.4,26.26841,73.00594,ERA5,Asia/Kolkata,Open-Meteo Historical Weather API
RJ-Jodhpur,2013-06-22,33.0,37.4,29.3,0.0,0.0,0.0,54,8.82,0.085,0.176,0.216,36.3,34.8,26.26841,73.00594,ERA5,Asia/Kolkata,Open-Meteo Historical Weather API
RJ-Jodhpur,2013-06-23,33.0,37.7,29.1,0.0,0.0,0.0,53,8.55,0.077,0.174,0.215,36.5,35.0,26.26841,73.00594,ERA5,Asia/Kolkata,Open-Meteo Historical Weather API
RJ-Jodhpur,2013-06-24,33.5,38.0,29.7,0.0,0.0,0.0,51,8.56,0.071,0.172,0.215,37.1,35.3,26.26841,73.00594,ERA5,Asia/Kolkata,Open-Meteo Historical Weather API
RJ-Jodhpur,2013-06-25,33.8,37.7,30.2,0.0,0.0,0.0,50,8.51,0.073,0.172,0.214,37.5,35.8,26.26841,73.00594,ERA5,Asia/Kolkata,Open-Meteo Historical Weather API
RJ-Jodhpur,2013-06-26,33.6,38.3,28.9,0.0,0.0,0.0,52,8.93,0.074,0.171,0.215,37.3,36.0,26.26841,73.00594,ERA5,Asia/Kolkata,Open-Meteo Historical Weather API
RJ-Jodhpur,2013-06-27,32.8,36.8,28.9,0.0,0.0,0.0,55,8.28,0.072,0.17,0.214,36.0,35.6,26.26841,73.00594,ERA5,Asia/Kolkata,Open-Meteo Historical Weather API
RJ-Jodhpur,2013-06-28,32.3,35.9,28.8,0.2,0.2,1.0,59,6.97,0.072,0.169,0.214,35.2,35.1,26.26841,73.00594,ERA5,Asia/Kolkata,Open-Meteo Historical Weather API
RJ-Jodhpur,2013-06-29,31.6,33.9,28.9,0.2,0.2,2.0,61,6.18,0.077,0.168,0.213,34.2,34.4,26.26841,73.00594,ERA5,Asia/Kolkata,Open-Meteo Historical Weather API
RJ-Jodhpur,2013-06-30,31.9,35.8,28.2,0.3,0.3,2.0,60,6.51,0.078,0.168,0.213,34.2,33.9,26.26841,73.00594,ERA5,Asia/Kolkata,Open-Meteo Historical Weather API
RJ-Jodhpur,2013-07-01,33.0,37.8,29.6,0.0,0.0,0.0,55,7.83,0.07,0.167,0.212,35.8,34.3,26.26841,73.00594,ERA5,Asia/Kolkata,Open-Meteo Historical Weather API
RJ-Jodhpur,2013-07-02,33.4,38.3,29.6,0.0,0.0,0.0,52,8.36,0.071,0.166,0.212,36.9,35.2,26.26841,73.00594,ERA5,Asia/Kolkata,Open-Meteo Historical Weather API
RJ-Jodhpur,2013-07-03,33.2,38.4,28.5,0.7,0.7,2.0,55,6.33,0.071,0.166,0.213,36.4,35.7,26.26841,73.00594,ERA5,Asia/Kolkata,Open-Meteo Historical Weather API
RJ-Jodhpur,2013-07-04,31.6,36.1,28.0,0.4,0.4,2.0,63,4.94,0.075,0.167,0.213,35.3,35.4,26.26841,73.00594,ERA5,Asia/Kolkata,Open-Meteo Historical Weather API
RJ-Jodhpur,2013-07-05,30.6,34.6,26.9,0.3,0.3,2.0,70,4.86,0.082,0.168,0.214,34.0,34.6,26.26841,73.00594,ERA5,Asia/Kolkata,Open-Meteo Historical Weather API
RJ-Jodhpur,2013-07-06,30.6,34.3,27.0,0.0,0.0,0.0,72,4.7,0.083,0.168,0.214,33.4,33.7,26.26841,73.00594,ERA5,Asia/Kolkata,Open-Meteo Historical Weather API
RJ-Jodhpur,2013-07-07,32.2,37.3,28.6,1.4,1.4,6.0,63,5.17,0.084,0.168,0.214,33.9,33.5,26.26841,73.00594,ERA5,Asia/Kolkata,Open-Meteo Historical Weather API
RJ-Jodhpur,2013-07-08,32.2,37.2,28.4,0.0,0.0,0.0,61,6.84,0.076,0.167,0.213,34.9,33.8,26.26841,73.00594,ERA5,Asia/Kolkata,Open-Meteo Historical Weather API
RJ-Jodhpur,2013-07-09,31.1,34.8,28.1,0.0,0.0,0.0,65,5.54,0.075,0.166,0.213,34.0,33.9,26.26841,73.00594,ERA5,Asia/Kolkata,Open-Meteo Historical Weather API
RJ-Jodhpur,2013-07-10,31.5,35.5,28.1,0.1,0.1,1.0,63,6.19,0.078,0.167,0.214,34.2,33.6,26.26841,73.00594,ERA5,Asia/Kolkata,Open-Meteo Historical Weather API
RJ-Jodhpur,2013-07-11,31.1,35.0,28.2,0.0,0.0,0.0,61,6.28,0.074,0.167,0.214,35.0,34.0,26.26841,73.00594,ERA5,Asia/Kolkata,Open-Meteo Historical Weather API
RJ-Jodhpur,2013-07-12,31.2,36.4,26.9,3.9,3.9,6.0,66,5.25,0.108,0.168,0.215,33.7,34.0,26.26841,73.00594,ERA5,Asia/Kolkata,Open-Meteo Historical Weather API
RJ-Jodhpur,2013-07-13,30.1,33.3,27.8,3.3,3.3,4.0,75,4.3,0.112,0.169,0.215,33.4,33.6,26.26841,73.00594,ERA5,Asia/Kolkata,Open-Meteo Historical Weather API
RJ-Jodhpur,2013-07-14,29.8,33.7,26.4,0.0,0.0,0.0,76,4.46,0.101,0.169,0.215,32.3,32.8,26.26841,73.00594,ERA5,Asia/Kolkata,Open-Meteo Historical Weather API
RJ-Jodhpur,2013-07-15,30.2,33.4,27.3,0.4,0.4,1.0,70,4.47,0.086,0.168,0.214,32.3,32.3,26.26841,73.00594,ERA5,Asia/Kolkata,Open-Meteo Historical Weather API
RJ-Jodhpur,2013-07-16,31.3,36.2,27.0,1.2,1.2,6.0,65,5.49,0.103,0.167,0.214,33.4,32.4,26.26841,73.00594,ERA5,Asia/Kolkata,Open-Meteo Historical Weather API
RJ-Jodhpur,2013-07-17,32.2,36.5,28.5,0.0,0.0,0.0,62,6.04,0.09,0.166,0.213,35.2,33.3,26.26841,73.00594,ERA5,Asia/Kolkata,Open-Meteo Historical Weather API
RJ-Jodhpur,2013-07-18,31.0,35.1,27.3,2.7,2.7,8.0,68,5.33,0.109,0.166,0.213,33.4,33.6,26.26841,73.00594,ERA5,Asia/Kolkata,Open-Meteo Historical Weather API
RJ-Jodhpur,2013-07-19,31.2,35.7,27.9,0.0,0.0,0.0,66,6.07,0.097,0.166,0.212,33.4,33.0,26.26841,73.00594,ERA5,Asia/Kolkata,Open-Meteo Historical Weather API
RJ-Jodhpur,2013-07-20,30.8,35.4,27.4,0.5,0.5,2.0,65,5.72,0.088,0.165,0.212,33.8,33.0,26.26841,73.00594,ERA5,Asia/Kolkata,Open-Meteo Historical Weather API
RJ-Jodhpur,2013-07-21,29.9,33.1,26.7,1.9,1.9,5.0,71,3.91,0.109,0.165,0.211,32.1,32.5,26.26841,73.00594,ERA5,Asia/Kolkata,Open-Meteo Historical Weather API
RJ-Jodhpur,2013-07-22,31.6,36.1,27.8,0.0,0.0,0.0,63,5.71,0.099,0.165,0.211,33.8,32.6,26.26841,73.00594,ERA5,Asia/Kolkata,Open-Meteo Historical Weather API
RJ-Jodhpur,2013-07-23,31.8,36.3,28.1,0.0,0.0,0.0,65,4.98,0.093,0.165,0.211,35.1,33.6,26.26841,73.00594,ERA5,Asia/Kolkata,Open-Meteo Historical Weather API
RJ-Jodhpur,2013-07-24,32.4,36.6,28.2,1.9,1.9,4.0,66,5.42,0.102,0.165,0.211,36.7,34.5,26.26841,73.00594,ERA5,Asia/Kolkata,Open-Meteo Historical Weather API
RJ-Jodhpur,2013-07-25,30.5,35.2,26.4,12.0,12.0,7.0,74,4.35,0.137,0.166,0.21,34.2,34.6,26.26841,73.00594,ERA5,Asia/Kolkata,Open-Meteo Historical Weather API
RJ-Jodhpur,2013-07-26,27.4,30.1,25.2,18.8,18.8,20.0,88,1.98,0.33,0.181,0.21,29.8,31.8,26.26841,73.00594,ERA5,Asia/Kolkata,Open-Meteo Historical Weather API
RJ-Jodhpur,2013-07-27,27.4,30.5,26.2,4.4,4.4,16.0,89,1.84,0.355,0.213,0.21,29.5,30.1,26.26841,73.00594,ERA5,Asia/Kolkata,Open-Meteo Historical Weather API
RJ-Jodhpur,2013-07-28,27.6,29.6,26.0,9.7,9.7,15.0,88,2.11,0.369,0.243,0.21,28.7,29.3,26.26841,73.00594,ERA5,Asia/Kolkata,Open-Meteo Historical Weather API
RJ-Jodhpur,2013-07-29,28.0,31.4,26.1,2.3,2.3,6.0,84,2.85,0.338,0.266,0.21,28.9,29.0,26.26841,73.00594,ERA5,Asia/Kolkata,Open-Meteo Historical Weather API
RJ-Jodhpur,2013-07-30,28.6,31.5,25.9,0.2,0.2,1.0,81,3.17,0.301,0.27,0.209,29.3,29.0,26.26841,73.00594,ERA5,Asia/Kolkata,Open-Meteo Historical Weather API
RJ-Jodhpur,2013-07-31,28.6,30.6,26.5,0.0,0.0,0.0,79,3.39,0.27,0.268,0.209,29.6,29.4,26.26841,73.00594,ERA5,Asia/Kolkata,Open-Meteo Historical Weather API
RJ-Jodhpur,2013-08-01,28.8,31.5,26.5,0.1,0.1,1.0,81,2.63,0.248,0.266,0.209,29.5,29.2,26.26841,73.00594,ERA5,Asia/Kolkata,Open-Meteo Historical Weather API
RJ-Jodhpur,2013-08-02,30.7,34.6,27.0,8.6,8.6,6.0,78,5.1,0.27,0.264,0.209,31.5,30.1,26.26841,73.00594,ERA5,Asia/Kolkata,Open-Meteo Historical Weather API
RJ-Jodhpur,2013-08-03,29.3,31.8,27.2,4.3,4.3,8.0,80,4.02,0.283,0.266,0.208,30.7,30.5,26.26841,73.00594,ERA5,Asia/Kolkata,Open-Meteo Historical Weather API
RJ-Jodhpur,2013-08-04,28.4,31.2,26.1,0.2,0.2,2.0,79,3.24,0.288,0.269,0.208,29.4,29.5,26.26841,73.00594,ERA5,Asia/Kolkata,Open-Meteo Historical Weather API
RJ-Jodhpur,2013-08-05,28.8,31.9,26.3,0.4,0.4,3.0,78,3.92,0.262,0.268,0.208,29.5,29.2,26.26841,73.00594,ERA5,Asia/Kolkata,Open-Meteo Historical Weather API
RJ-Jodhpur,2013-08-06,29.0,31.9,26.5,0.4,0.4,4.0,76,3.79,0.233,0.265,0.208,29.7,29.2,26.26841,73.00594,ERA5,Asia/Kolkata,Open-Meteo Historical Weather API
RJ-Jodhpur,2013-08-07,29.4,32.0,26.9,1.6,1.6,7.0,77,3.91,0.216,0.261,0.207,30.1,29.4,26.26841,73.00594,ERA5,Asia/Kolkata,Open-Meteo Historical Weather API
RJ-Jodhpur,2013-08-08,29.1,32.2,26.6,0.7,0.7,4.0,76,3.83,0.206,0.258,0.207,29.7,29.2,26.26841,73.00594,ERA5,Asia/Kolkata,Open-Meteo Historical Weather API
RJ-Jodhpur,2013-08-09,28.3,30.7,25.9,4.3,4.3,11.0,79,3.96,0.235,0.255,0.207,29.4,29.0,26.26841,73.00594,ERA5,Asia/Kolkata,Open-Meteo Historical Weather API
RJ-Jodhpur,2013-08-10,28.0,31.0,25.8,2.4,2.4,7.0,81,3.36,0.22,0.254,0.206,29.0,28.9,26.26841,73.00594,ERA5,Asia/Kolkata,Open-Meteo Historical Weather API
RJ-Jodhpur,2013-08-11,28.0,30.8,25.6,0.1,0.1,1.0,83,2.32,0.208,0.252,0.206,28.5,28.5,26.26841,73.00594,ERA5,Asia/Kolkata,Open-Meteo Historical Weather API
RJ-Jodhpur,2013-08-12,28.3,31.5,26.7,7.4,7.4,17.0,86,2.27,0.231,0.251,0.206,28.9,28.4,26.26841,73.00594,ERA5,Asia/Kolkata,Open-Meteo Historical Weather API
RJ-Jodhpur,2013-08-13,26.9,29.2,25.9,16.0,16.0,16.0,92,1.51,0.365,0.271,0.206,28.6,28.3,26.26841,73.00594,ERA5,Asia/Kolkata,Open-Meteo Historical Weather API
RJ-Jodhpur,2013-08-14,26.4,27.8,25.3,5.8,5.8,11.0,92,1.23,0.379,0.301,0.207,27.6,27.9,26.26841,73.00594,ERA5,Asia/Kolkata,Open-Meteo Historical Weather API
RJ-Jodhpur,2013-08-15,26.2,27.8,25.5,0.9,0.9,5.0,90,1.4,0.357,0.315,0.208,26.8,27.1,26.26841,73.00594,ERA5,Asia/Kolkata,Open-Meteo Historical Weather API
RJ-Jodhpur,2013-08-16,27.4,30.2,24.9,4.3,4.3,14.0,89,2.35,0.361,0.319,0.21,27.8,27.2,26.26841,73.00594,ERA5,Asia/Kolkata,Open-Meteo Historical Weather API
RJ-Jodhpur,2013-08-17,28.5,32.4,26.0,2.7,2.7,8.0,85,3.32,0.355,0.324,0.212,28.7,27.9,26.26841,73.00594,ERA5,Asia/Kolkata,Open-Meteo Historical Weather API
RJ-Jodhpur,2013-08-18,28.5,31.8,26.0,0.0,0.0,0.0,77,4.07,0.32,0.322,0.212,28.9,28.2,26.26841,73.00594,ERA5,Asia/Kolkata,Open-Meteo Historical Weather API
RJ-Jodhpur,2013-08-19,28.5,32.5,25.4,0.0,0.0,0.0,76,4.43,0.286,0.315,0.212,28.7,28.1,26.26841,73.00594,ERA5,Asia/Kolkata,Open-Meteo Historical Weather API
RJ-Jodhpur,2013-08-20,28.4,31.9,24.8,0.0,0.0,0.0,75,4.98,0.251,0.306,0.212,29.1,28.1,26.26841,73.00594,ERA5,Asia/Kolkata,Open-Meteo Historical Weather API
RJ-Jodhpur,2013-08-21,28.1,30.7,25.4,0.0,0.0,0.0,77,3.77,0.222,0.296,0.212,28.8,28.2,26.26841,73.00594,ERA5,Asia/Kolkata,Open-Meteo Historical Weather API
RJ-Jodhpur,2013-08-22,27.8,31.0,25.5,0.0,0.0,0.0,77,3.68,0.205,0.289,0.212,28.8,28.1,26.26841,73.00594,ERA5,Asia/Kolkata,Open-Meteo Historical Weather API
RJ-Jodhpur,2013-08-23,28.9,33.0,25.0,0.0,0.0,0.0,76,4.28,0.186,0.281,0.212,29.5,28.4,26.26841,73.00594,ERA5,Asia/Kolkata,Open-Meteo Historical Weather API
RJ-Jodhpur,2013-08-24,29.5,34.1,26.1,1.9,1.9,3.0,78,4.19,0.182,0.274,0.212,30.6,29.4,26.26841,73.00594,ERA5,Asia/Kolkata,Open-Meteo Historical Weather API
RJ-Jodhpur,2013-08-25,29.8,33.5,26.6,0.0,0.0,0.0,78,5.03,0.19,0.267,0.212,31.0,30.0,26.26841,73.00594,ERA5,Asia/Kolkata,Open-Meteo Historical Weather API
RJ-Jodhpur,2013-08-26,28.9,32.4,26.0,0.0,0.0,0.0,72,5.77,0.161,0.262,0.212,30.5,30.0,26.26841,73.00594,ERA5,Asia/Kolkata,Open-Meteo Historical Weather API
RJ-Jodhpur,2013-08-27,27.9,31.7,25.3,0.0,0.0,0.0,73,4.56,0.14,0.257,0.212,29.5,29.5,26.26841,73.00594,ERA5,Asia/Kolkata,Open-Meteo Historical Weather API
RJ-Jodhpur,2013-08-28,27.6,30.4,25.0,0.0,0.0,0.0,74,3.81,0.13,0.252,0.213,28.9,29.0,26.26841,73.00594,ERA5,Asia/Kolkata,Open-Meteo Historical Weather API
RJ-Jodhpur,2013-08-29,28.5,32.5,25.5,0.0,0.0,0.0,71,5.15,0.121,0.247,0.212,30.1,29.2,26.26841,73.00594,ERA5,Asia/Kolkata,Open-Meteo Historical Weather API
RJ-Jodhpur,2013-08-30,28.4,32.1,24.9,0.0,0.0,0.0,72,5.03,0.111,0.242,0.213,30.2,29.6,26.26841,73.00594,ERA5,Asia/Kolkata,Open-Meteo Historical Weather API
RJ-Jodhpur,2013-08-31,28.5,32.3,25.0,0.0,0.0,0.0,70,5.26,0.104,0.238,0.213,30.5,29.9,26.26841,73.00594,ERA5,Asia/Kolkata,Open-Meteo Historical Weather API
RJ-Jodhpur,2013-09-01,28.7,33.1,24.8,0.0,0.0,0.0,69,5.37,0.098,0.233,0.213,30.9,30.2,26.26841,73.00594,ERA5,Asia/Kolkata,Open-Meteo Historical Weather API
RJ-Jodhpur,2013-09-02,29.0,33.3,25.2,0.0,0.0,0.0,66,5.91,0.092,0.229,0.213,31.5,30.5,26.26841,73.00594,ERA5,Asia/Kolkata,Open-Meteo Historical Weather API
RJ-Jodhpur,2013-09-03,28.6,33.2,25.1,0.0,0.0,0.0,65,6.23,0.089,0.225,0.213,31.5,30.8,26.26841,73.00594,ERA5,Asia/Kolkata,Open-Meteo Historical Weather API
RJ-Jodhpur,2013-09-04,28.5,33.0,24.9,0.0,0.0,0.0,64,6.15,0.085,0.222,0.213,31.3,30.8,26.26841,73.00594,ERA5,Asia/Kolkata,Open-Meteo Historical Weather API
RJ-Jodhpur,2013-09-05,28.6,33.2,24.7,0.0,0.0,0.0,62,6.51,0.083,0.218,0.213,31.1,30.7,26.26841,73.00594,ERA5,Asia/Kolkata,Open-Meteo Historical Weather API
RJ-Jodhpur,2013-09-06,28.6,33.2,24.5,0.0,0.0,0.0,62,6.23,0.08,0.214,0.213,31.3,30.7,26.26841,73.00594,ERA5,Asia/Kolkata,Open-Meteo Historical Weather API
RJ-Jodhpur,2013-09-07,28.9,33.2,24.8,0.0,0.0,0.0,63,5.93,0.075,0.211,0.212,32.1,31.0,26.26841,73.00594,ERA5,Asia/Kolkata,Open-Meteo Historical Weather API
RJ-Jodhpur,2013-09-08,29.6,34.6,24.5,0.0,0.0,0.0,61,5.87,0.073,0.207,0.212,32.9,31.5,26.26841,73.00594,ERA5,Asia/Kolkata,Open-Meteo Historical Weather API
RJ-Jodhpur,2013-09-09,30.5,36.0,25.4,0.0,0.0,0.0,57,5.77,0.069,0.203,0.211,34.2,32.4,26.26841,73.00594,ERA5,Asia/Kolkata,Open-Meteo Historical Weather API
RJ-Jodhpur,2013-09-10,31.4,36.6,26.7,0.0,0.0,0.0,54,6.09,0.069,0.2,0.211,35.0,33.1,26.26841,73.00594,ERA5,Asia/Kolkata,Open-Meteo Historical Weather API
RJ-Jodhpur,2013-09-11,31.9,37.2,26.9,0.0,0.0,0.0,51,5.81,0.068,0.198,0.211,35.4,33.7,26.26841,73.00594,ERA5,Asia/Kolkata,Open-Meteo Historical Weather API
RJ-Jodhpur,2013-09-12,32.5,37.7,26.9,0.0,0.0,0.0,51,5.57,0.067,0.195,0.21,36.1,34.2,26.26841,73.00594,ERA5,Asia/Kolkata,Open-Meteo Historical Weather API
RJ-Jodhpur,2013-09-13,33.2,38.6,28.8,0.0,0.0,0.0,48,5.58,0.067,0.193,0.211,36.0,34.7,26.26841,73.00594,ERA5,Asia/Kolkata,Open-Meteo Historical Weather API
RJ-Jodhpur,2013-09-14,34.1,39.5,29.0,0.0,0.0,0.0,40,6.55,0.067,0.191,0.211,36.6,35.0,26.26841,73.00594,ERA5,Asia/Kolkata,Open-Meteo Historical Weather API
RJ-Jodhpur,2013-09-15,33.8,39.3,28.6,0.0,0.0,0.0,43,6.89,0.066,0.189,0.21,37.1,35.3,26.26841,73.00594,ERA5,Asia/Kolkata,Open-Meteo Historical Weather API
RJ-Jodhpur,2013-09-16,32.1,37.3,28.1,0.0,0.0,0.0,48,6.63,0.068,0.187,0.211,36.0,35.5,26.26841,73.00594,ERA5,Asia/Kolkata,Open-Meteo Historical Weather API
RJ-Jodhpur,2013-09-17,31.9,37.5,27.4,0.5,0.5,2.0,50,5.78,0.072,0.186,0.211,36.2,35.2,26.26841,73.00594,ERA5,Asia/Kolkata,Open-Meteo Historical Weather API
RJ-Jodhpur,2013-09-18,32.3,38.5,26.4,0.0,0.0,0.0,52,5.71,0.076,0.185,0.211,35.6,35.0,26.26841,73.00594,ERA5,Asia/Kolkata,Open-Meteo Historical Weather API
RJ-Jodhpur,2013-09-19,33.2,40.3,27.4,0.0,0.0,0.0,42,6.77,0.069,0.185,0.211,36.1,35.1,26.26841,73.00594,ERA5,Asia/Kolkata,Open-Meteo Historical Weather API
RJ-Jodhpur,2013-09-20,32.6,39.1,26.1,0.0,0.0,0.0,36,7.11,0.067,0.183,0.211,35.9,35.0,26.26841,73.00594,ERA5,Asia/Kolkata,Open-Meteo Historical Weather API
RJ-Jodhpur,2013-09-21,29.9,36.1,26.1,5.1,5.1,3.0,70,4.86,0.092,0.18,0.21,34.0,34.6,26.26841,73.00594,ERA5,Asia/Kolkata,Open-Meteo Historical Weather API
RJ-Jodhpur,2013-09-22,28.6,32.0,26.4,1.1,1.1,2.0,77,3.83,0.131,0.18,0.211,31.7,32.9,26.26841,73.00594,ERA5,Asia/Kolkata,Open-Meteo Historical Weather API
RJ-Jodhpur,2013-09-23,29.0,33.0,26.5,3.3,3.3,5.0,76,4.05,0.134,0.182,0.212,31.8,32.1,26.26841,73.00594,ERA5,Asia/Kolkata,Open-Meteo Historical Weather API
RJ-Jodhpur,2013-09-24,29.2,34.2,26.6,1.3,1.3,2.0,76,4.13,0.184,0.184,0.213,31.0,31.7,26.26841,73.00594,ERA5,Asia/Kolkata,Open-Meteo Historical Weather API
RJ-Jodhpur,2013-09-25,28.0,31.0,25.0,0.8,0.8,4.0,75,3.48,0.196,0.186,0.212,29.5,30.6,26.26841,73.00594,ERA5,Asia/Kolkata,Open-Meteo Historical Weather API
RJ-Jodhpur,2013-09-26,28.2,32.0,24.2,0.0,0.0,0.0,70,4.45,0.163,0.186,0.211,29.7,29.9,26.26841,73.00594,ERA5,Asia/Kolkata,Open-Meteo Historical Weather API
RJ-Jodhpur,2013-09-27,27.0,32.7,23.3,23.3,23.3,9.0,73,4.37,0.163,0.186,0.211,29.5,30.0,26.26841,73.00594,ERA5,Asia/Kolkata,Open-Meteo Historical Weather API
RJ-Jodhpur,2013-09-28,25.2,27.3,23.8,65.7,65.7,21.0,89,1.52,0.419,0.352,0.213,27.0,28.5,26.26841,73.00594,ERA5,Asia/Kolkata,Open-Meteo Historical Weather API
RJ-Jodhpur,2013-09-29,25.5,27.3,23.9,8.5,8.5,17.0,88,1.93,0.416,0.409,0.228,26.6,27.5,26.26841,73.00594,ERA5,Asia/Kolkata,Open-Meteo Historical Weather API
RJ-Jodhpur,2013-09-30,27.0,31.4,24.3,29.3,29.3,12.0,83,3.12,0.416,0.415,0.251,27.2,27.4,26.26841,73.00594,ERA5,Asia/Kolkata,Open-Meteo Historical Weather API
RJ-Jodhpur,2013-10-01,28.0,31.4,25.2,3.4,3.4,2.0,81,3.89,0.384,0.391,0.264,28.6,28.1,26.26841,73.00594,ERA5,Asia/Kolkata,Open-Meteo Historical Weather API
RJ-Jodhpur,2013-10-02,28.6,31.7,25.5,0.2,0.2,1.0,77,4.24,0.361,0.376,0.267,29.1,28.6,26.26841,73.00594,ERA5,Asia/Kolkata,Open-Meteo Historical Weather API
RJ-Jodhpur,2013-10-03,28.3,32.0,25.6,0.0,0.0,0.0,77,4.46,0.333,0.361,0.269,29.1,28.8,26.26841,73.00594,ERA5,Asia/Kolkata,Open-Meteo Historical Weather API
RJ-Jodhpur,2013-10-04,27.6,31.3,24.1,0.0,0.0,0.0,75,4.54,0.308,0.348,0.27,28.8,28.6,26.26841,73.00594,ERA5,Asia/Kolkata,Open-Meteo Historical Weather API
RJ-Jodhpur,2013-10-05,27.6,31.7,23.5,0.0,0.0,0.0,76,4.06,0.285,0.336,0.27,28.7,28.4,26.26841,73.00594,ERA5,Asia/Kolkata,Open-Meteo Historical Weather API
RJ-Jodhpur,2013-10-06,28.6,33.1,24.0,0.0,0.0,0.0,75,4.38,0.266,0.325,0.27,29.6,28.8,26.26841,73.00594,ERA5,Asia/Kolkata,Open-Meteo Historical Weather API
RJ-Jodhpur,2013-10-07,29.1,33.5,25.2,0.2,0.2,2.0,79,3.86,0.251,0.314,0.27,30.1,29.3,26.26841,73.00594,ERA5,Asia/Kolkata,Open-Meteo Historical Weather API
RJ-Jodhpur,2013-10-08,28.4,32.1,24.8,0.2,0.2,1.0,80,4.16,0.237,0.305,0.27,30.1,29.6,26.26841,73.00594,ERA5,Asia/Kolkata,Open-Meteo Historical Weather API
RJ-Jodhpur,2013-10-09,27.8,32.3,24.0,0.0,0.0,0.0,77,4.11,0.216,0.296,0.27,29.4,29.3,26.26841,73.00594,ERA5,Asia/Kolkata,Open-Meteo Historical Weather API
RJ-Jodhpur,2013-10-10,28.8,33.7,25.1,0.0,0.0,0.0,72,4.67,0.195,0.288,0.269,29.6,29.2,26.26841,73.00594,ERA5,Asia/Kolkata,Open-Meteo Historical Weather API
RJ-Jodhpur,2013-10-11,27.9,34.0,24.3,0.3,0.3,1.0,71,4.64,0.176,0.279,0.268,29.4,29.2,26.26841,73.00594,ERA5,Asia/Kolkata,Open-Meteo Historical Weather API
RJ-Jodhpur,2013-10-12,26.9,31.9,23.0,0.0,0.0,0.0,71,4.47,0.162,0.272,0.268,28.7,29.0,26.26841,73.00594,ERA5,Asia/Kolkata,Open-Meteo Historical Weather API
RJ-Jodhpur,2013-10-13,27.0,31.9,22.5,0.0,0.0,0.0,71,4.41,0.147,0.266,0.268,28.5,28.6,26.26841,73.00594,ERA5,Asia/Kolkata,Open-Meteo Historical Weather API
RJ-Jodhpur,2013-10-14,27.6,33.4,23.1,0.0,0.0,0.0,68,4.63,0.131,0.259,0.267,29.0,28.7,26.26841,73.00594,ERA5,Asia/Kolkata,Open-Meteo Historical Weather API
RJ-Jodhpur,2013-10-15,27.8,34.4,22.6,0.0,0.0,0.0,69,4.69,0.119,0.253,0.266,29.2,28.8,26.26841,73.00594,ERA5,Asia/Kolkata,Open-Meteo Historical Weather API
RJ-Jodhpur,2013-10-16,28.4,35.3,23.4,0.0,0.0,0.0,68,4.88,0.111,0.249,0.267,29.5,29.1,26.26841,73.00594,ERA5,Asia/Kolkata,Open-Meteo Historical Weather API
RJ-Jodhpur,2013-10-17,28.0,34.4,23.0,0.0,0.0,0.0,67,4.89,0.103,0.245,0.267,29.7,29.2,26.26841,73.00594,ERA5,Asia/Kolkata,Open-Meteo Historical Weather API
RJ-Jodhpur,2013-10-18,28.2,35.6,22.4,0.0,0.0,0.0,59,4.9,0.097,0.241,0.266,29.4,29.2,26.26841,73.00594,ERA5,Asia/Kolkata,Open-Meteo Historical Weather API
RJ-Jodhpur,2013-10-19,27.6,35.1,21.1,0.0,0.0,0.0,53,4.46,0.093,0.237,0.266,28.8,29.2,26.26841,73.00594,ERA5,Asia/Kolkata,Open-Meteo Historical Weather API
RJ-Jodhpur,2013-10-20,26.9,34.9,21.1,0.0,0.0,0.0,50,4.59,0.091,0.233,0.266,27.9,28.6,26.26841,73.00594,ERA5,Asia/Kolkata,Open-Meteo Historical Weather API
RJ-Jodhpur,2013-10-21,26.8,35.1,20.6,0.0,0.0,0.0,52,5.36,0.086,0.229,0.266,28.3,28.6,26.26841,73.00594,ERA5,Asia/Kolkata,Open-Meteo Historical Weather API
RJ-Jodhpur,2013-10-22,26.6,35.2,19.7,0.0,0.0,0.0,51,5.25,0.085,0.226,0.266,28.1,28.5,26.26841,73.00594,ERA5,Asia/Kolkata,Open-Meteo Historical Weather API
RJ-Jodhpur,2013-10-23,26.3,34.4,20.0,0.0,0.0,0.0,50,4.49,0.084,0.223,0.265,28.1,28.5,26.26841,73.00594,ERA5,Asia/Kolkata,Open-Meteo Historical Weather API
RJ-Jodhpur,2013-10-24,25.7,33.0,20.0,0.0,0.0,0.0,50,5.29,0.082,0.221,0.265,27.7,28.2,26.26841,73.00594,ERA5,Asia/Kolkata,Open-Meteo Historical Weather API
RJ-Jodhpur,2013-10-25,25.2,32.6,18.9,0.0,0.0,0.0,53,5.08,0.08,0.218,0.265,27.3,27.9,26.26841,73.00594,ERA5,Asia/Kolkata,Open-Meteo Historical Weather API
RJ-Jodhpur,2013-10-26,25.0,32.9,18.8,0.0,0.0,0.0,52,4.63,0.078,0.216,0.264,27.4,27.8,26.26841,73.00594,ERA5,Asia/Kolkata,Open-Meteo Historical Weather API
RJ-Jodhpur,2013-10-27,24.8,32.9,18.4,0.0,0.0,0.0,52,4.47,0.08,0.215,0.264,27.2,28.0,26.26841,73.00594,ERA5,Asia/Kolkata,Open-Meteo Historical Weather API
RJ-Jodhpur,2013-10-28,25.0,33.4,18.0,0.0,0.0,0.0,52,5.08,0.084,0.213,0.264,26.6,27.7,26.26841,73.00594,ERA5,Asia/Kolkata,Open-Meteo Historical Weather API
RJ-Jodhpur,2013-10-29,25.0,32.8,19.1,0.0,0.0,0.0,53,5.05,0.085,0.212,0.265,26.8,27.4,26.26841,73.00594,ERA5,Asia/Kolkata,Open-Meteo Historical Weather API
RJ-Jodhpur,2013-10-30,24.7,31.9,18.1,0.0,0.0,0.0,57,4.65,0.086,0.211,0.265,26.6,27.2,26.26841,73.00594,ERA5,Asia/Kolkata,Open-Meteo Historical Weather API
RJ-Jodhpur,2013-10-31,24.6,32.0,18.4,0.0,0.0,0.0,60,4.45,0.088,0.211,0.264,26.5,27.1,26.26841,73.00594,ERA5,Asia/Kolkata,Open-Meteo Historical Weather API
RJ-Jodhpur,2013-11-01,24.6,31.4,19.7,0.0,0.0,0.0,59,3.78,0.086,0.21,0.264,26.5,27.2,26.26841,73.00594,ERA5,Asia/Kolkata,Open-Meteo Historical Weather API
RJ-Jodhpur,2013-11-02,23.1,30.1,18.1,0.0,0.0,0.0,47,4.61,0.084,0.21,0.265,25.6,26.8,26.26841,73.00594,ERA5,Asia/Kolkata,Open-Meteo Historical Weather API
RJ-Jodhpur,2013-11-03,22.0,30.6,15.2,0.0,0.0,0.0,47,4.57,0.085,0.209,0.265,24.3,25.9,26.26841,73.00594,ERA5,Asia/Kolkata,Open-Meteo Historical Weather API
RJ-Jodhpur,2013-11-04,23.0,30.9,17.0,0.0,0.0,0.0,45,4.91,0.084,0.209,0.265,24.6,25.6,26.26841,73.00594,ERA5,Asia/Kolkata,Open-Meteo Historical Weather API
RJ-Jodhpur,2013-11-05,24.2,31.7,18.0,0.0,0.0,0.0,47,4.61,0.082,0.208,0.265,25.3,25.9,26.26841,73.00594,ERA5,Asia/Kolkata,Open-Meteo Historical Weather API
RJ-Jodhpur,2013-11-06,23.5,30.5,18.3,0.0,0.0,0.0,55,4.25,0.084,0.207,0.265,25.7,26.3,26.26841,73.00594,ERA5,Asia/Kolkata,Open-Meteo Historical Weather API
RJ-Jodhpur,2013-11-07,22.0,27.0,17.6,0.0,0.0,0.0,61,3.41,0.094,0.208,0.266,24.4,26.1,26.26841,73.00594,ERA5,Asia/Kolkata,Open-Meteo Historical Weather API
RJ-Jodhpur,2013-11-08,21.5,27.2,17.3,0.2,0.2,2.0,65,3.77,0.093,0.207,0.266,24.4,25.3,26.26841,73.00594,ERA5,Asia/Kolkata,Open-Meteo Historical Weather API
RJ-Jodhpur,2013-11-09,21.3,27.0,17.1,0.0,0.0,0.0,58,4.26,0.09,0.207,0.266,23.8,24.8,26.26841,73.00594,ERA5,Asia/Kolkata,Open-Meteo Historical Weather API
RJ-Jodhpur,2013-11-10,20.3,26.4,15.5,0.0,0.0,0.0,55,4.24,0.087,0.206,0.265,23.0,24.4,26.26841,73.00594,ERA5,Asia/Kolkata,Open-Meteo Historical Weather API
RJ-Jodhpur,2013-11-11,19.6,26.8,14.1,0.0,0.0,0.0,52,4.04,0.083,0.205,0.265,22.5,24.0,26.26841,73.00594,ERA5,Asia/Kolkata,Open-Meteo Historical Weather API
RJ-Jodhpur,2013-11-12,19.6,27.8,12.2,0.0,0.0,0.0,47,4.3,0.083,0.203,0.265,21.8,23.5,26.26841,73.00594,ERA5,Asia/Kolkata,Open-Meteo Historical Weather API
RJ-Jodhpur,2013-11-13,20.6,28.3,14.9,0.0,0.0,0.0,45,4.61,0.081,0.202,0.264,22.6,23.5,26.26841,73.00594,ERA5,Asia/Kolkata,Open-Meteo Historical Weather API
RJ-Jodhpur,2013-11-14,19.6,27.0,13.9,0.0,0.0,0.0,39,4.84,0.082,0.201,0.264,21.9,23.4,26.26841,73.00594,ERA5,Asia/Kolkata,Open-Meteo Historical Weather API
RJ-Jodhpur,2013-11-15,19.4,27.4,12.7,0.0,0.0,0.0,44,4.44,0.082,0.201,0.264,21.4,22.8,26.26841,73.00594,ERA5,Asia/Kolkata,Open-Meteo Historical Weather API
RJ-Jodhpur,2013-11-16,19.7,27.7,12.7,0.0,0.0,0.0,47,4.33,0.083,0.201,0.264,21.6,22.6,26.26841,73.00594,ERA5,Asia/Kolkata,Open-Meteo Historical Weather API
RJ-Jodhpur,2013-11-17,20.1,28.1,13.7,0.0,0.0,0.0,42,4.66,0.083,0.2,0.264,21.7,22.5,26.26841,73.00594,ERA5,Asia/Kolkata,Open-Meteo Historical Weather API
RJ-Jodhpur,2013-11-18,19.9,29.1,13.1,0.0,0.0,0.0,43,4.58,0.084,0.199,0.263,21.3,22.4,26.26841,73.00594,ERA5,Asia/Kolkata,Open-Meteo Historical Weather API
RJ-Jodhpur,2013-11-19,20.3,28.9,12.2,0.0,0.0,0.0,48,3.51,0.08,0.199,0.263,21.4,22.4,26.26841,73.00594,ERA5,Asia/Kolkata,Open-Meteo Historical Weather API
RJ-Jodhpur,2013-11-20,20.1,29.5,12.6,0.0,0.0,0.0,52,3.74,0.079,0.199,0.264,21.2,22.4,26.26841,73.00594,ERA5,Asia/Kolkata,Open-Meteo Historical Weather API
RJ-Jodhpur,2013-11-21,21.0,30.3,12.7,0.0,0.0,0.0,52,3.45,0.083,0.199,0.263,21.7,22.5,26.26841,73.00594,ERA5,Asia/Kolkata,Open-Meteo Historical Weather API
RJ-Jodhpur,2013-11-22,21.1,30.0,14.6,0.0,0.0,0.0,51,4.28,0.086,0.199,0.263,21.9,22.7,26.26841,73.00594,ERA5,Asia/Kolkata,Open-Meteo Historical Weather API
RJ-Jodhpur,2013-11-23,21.1,29.8,15.3,0.0,0.0,0.0,49,4.05,0.082,0.199,0.263,21.7,22.7,26.26841,73.00594,ERA5,Asia/Kolkata,Open-Meteo Historical Weather API
RJ-Jodhpur,2013-11-24,20.4,29.9,13.8,0.0,0.0,0.0,51,3.96,0.083,0.199,0.264,21.5,22.4,26.26841,73.00594,ERA5,Asia/Kolkata,Open-Meteo Historical Weather API
RJ-Jodhpur,2013-11-25,20.5,30.3,13.7,0.0,0.0,0.0,52,3.93,0.08,0.199,0.264,21.7,22.4,26.26841,73.00594,ERA5,Asia/Kolkata,Open-Meteo Historical Weather API
RJ-Jodhpur,2013-11-26,20.5,30.1,13.6,0.0,0.0,0.0,57,3.49,0.081,0.199,0.264,21.6,22.4,26.26841,73.00594,ERA5,Asia/Kolkata,Open-Meteo Historical Weather API
RJ-Jodhpur,2013-11-27,21.1,30.9,13.2,0.0,0.0,0.0,53,3.61,0.081,0.199,0.264,21.7,22.5,26.26841,73.00594,ERA5,Asia/Kolkata,Open-Meteo Historical Weather API
RJ-Jodhpur,2013-11-28,21.5,30.6,14.7,0.0,0.0,0.0,48,4.44,0.079,0.199,0.264,22.1,22.6,26.26841,73.00594,ERA5,Asia/Kolkata,Open-Meteo Historical Weather API
RJ-Jodhpur,2013-11-29,20.8,29.3,14.7,0.0,0.0,0.0,51,4.24,0.079,0.198,0.264,22.1,22.7,26.26841,73.00594,ERA5,Asia/Kolkata,Open-Meteo Historical Weather API
RJ-Jodhpur,2013-11-30,20.0,28.3,13.1,0.0,0.0,0.0,52,3.43,0.079,0.199,0.265,21.3,22.4,26.26841,73.00594,ERA5,Asia/Kolkata,Open-Meteo Historical Weather API
RJ-Jodhpur,2013-12-01,19.7,28.7,11.6,0.0,0.0,0.0,51,3.25,0.081,0.199,0.265,20.5,22.0,26.26841,73.00594,ERA5,Asia/Kolkata,Open-Meteo Historical Weather API
RJ-Jodhpur,2013-12-02,19.1,28.1,11.7,0.0,0.0,0.0,52,3.29,0.085,0.2,0.266,19.9,21.6,26.26841,73.00594,ERA5,Asia/Kolkata,Open-Meteo Historical Weather API
RJ-Jodhpur,2013-12-03,18.6,28.0,10.9,0.0,0.0,0.0,51,3.58,0.088,0.2,0.266,19.5,21.1,26.26841,73.00594,ERA5,Asia/Kolkata,Open-Meteo Historical Weather API
RJ-Jodhpur,2013-12-04,19.3,27.7,13.4,0.0,0.0,0.0,51,3.97,0.088,0.2,0.266,20.3,21.1,26.26841,73.00594,ERA5,Asia/Kolkata,Open-Meteo Historical Weather API
RJ-Jodhpur,2013-12-05,18.5,27.1,12.8,0.0,0.0,0.0,50,3.83,0.085,0.2,0.267,20.0,21.1,26.26841,73.00594,ERA5,Asia/Kolkata,Open-Meteo Historical Weather API
RJ-Jodhpur,2013-12-06,17.7,27.0,10.9,0.0,0.0,0.0,54,3.29,0.084,0.199,0.266,19.4,20.7,26.26841,73.00594,ERA5,Asia/Kolkata,Open-Meteo Historical Weather API
RJ-Jodhpur,2013-12-07,18.9,27.8,11.2,0.0,0.0,0.0,57,3.14,0.086,0.2,0.267,19.6,20.7,26.26841,73.00594,ERA5,Asia/Kolkata,Open-Meteo Historical Weather API
RJ-Jodhpur,2013-12-08,19.0,27.0,11.9,0.0,0.0,0.0,63,2.84,0.087,0.2,0.267,19.8,20.9,26.26841,73.00594,ERA5,Asia/Kolkata,Open-Meteo Historical Weather API
RJ-Jodhpur,2013-12-09,18.9,28.1,11.8,0.0,0.0,0.0,62,2.92,0.087,0.199,0.267,20.3,21.0,26.26841,73.00594,ERA5,Asia/Kolkata,Open-Meteo Historical Weather API
RJ-Jodhpur,2013-12-10,19.3,28.2,13.2,0.0,0.0,0.0,56,3.19,0.086,0.2,0.267,20.3,21.0,26.26841,73.00594,ERA5,Asia/Kolkata,Open-Meteo Historical Weather API
RJ-Jodhpur,2013-12-11,19.2,27.8,12.5,0.0,0.0,0.0,55,3.08,0.084,0.2,0.267,20.1,21.0,26.26841,73.00594,ERA5,Asia/Kolkata,Open-Meteo Historical Weather API
RJ-Jodhpur,2013-12-12,18.2,27.6,11.6,0.0,0.0,0.0,60,3.22,0.083,0.199,0.267,19.7,20.8,26.26841,73.00594,ERA5,Asia/Kolkata,Open-Meteo Historical Weather API
RJ-Jodhpur,2013-12-13,17.8,26.5,11.2,0.0,0.0,0.0,62,3.31,0.082,0.198,0.266,19.6,20.6,26.26841,73.00594,ERA5,Asia/Kolkata,Open-Meteo Historical Weather API
RJ-Jodhpur,2013-12-14,18.1,27.2,12.0,0.0,0.0,0.0,60,3.38,0.081,0.198,0.266,19.4,20.4,26.26841,73.00594,ERA5,Asia/Kolkata,Open-Meteo Historical Weather API
RJ-Jodhpur,2013-12-15,18.5,26.5,11.7,0.0,0.0,0.0,62,3.02,0.081,0.197,0.266,19.3,20.2,26.26841,73.00594,ERA5,Asia/Kolkata,Open-Meteo Historical Weather API
RJ-Jodhpur,2013-12-16,18.4,26.0,12.6,0.0,0.0,0.0,61,2.87,0.083,0.197,0.265,18.7,20.0,26.26841,73.00594,ERA5,Asia/Kolkata,Open-Meteo Historical Weather API
RJ-Jodhpur,2013-12-17,18.1,25.9,10.4,0.0,0.0,0.0,64,2.86,0.083,0.197,0.265,18.7,19.7,26.26841,73.00594,ERA5,Asia/Kolkata,Open-Meteo Historical Weather API
RJ-Jodhpur,2013-12-18,18.6,26.2,13.0,0.0,0.0,0.0,61,3.37,0.082,0.196,0.265,19.5,20.0,26.26841,73.00594,ERA5,Asia/Kolkata,Open-Meteo Historical Weather API
RJ-Jodhpur,2013-12-19,15.1,21.3,10.8,0.0,0.0,0.0,69,2.88,0.088,0.197,0.265,17.7,19.8,26.26841,73.00594,ERA5,Asia/Kolkata,Open-Meteo Historical Weather API
RJ-Jodhpur,2013-12-20,14.0,19.1,10.4,0.0,0.0,0.0,72,2.69,0.096,0.199,0.267,16.4,18.8,26.26841,73.00594,ERA5,Asia/Kolkata,Open-Meteo Historical Weather API
RJ-Jodhpur,2013-12-21,13.8,20.3,9.0,0.0,0.0,0.0,73,2.59,0.101,0.201,0.269,16.0,18.1,26.26841,73.00594,ERA5,Asia/Kolkata,Open-Meteo Historical Weather API
RJ-Jodhpur,2013-12-22,13.9,19.3,10.0,0.0,0.0,0.0,75,2.66,0.109,0.205,0.271,15.8,17.8,26.26841,73.00594,ERA5,Asia/Kolkata,Open-Meteo Historical Weather API
RJ-Jodhpur,2013-12-23,13.4,19.5,9.3,0.0,0.0,0.0,75,2.57,0.113,0.207,0.273,15.2,17.4,26.26841,73.00594,ERA5,Asia/Kolkata,Open-Meteo Historical Weather API
RJ-Jodhpur,2013-12-24,13.9,20.7,9.1,0.0,0.0,0.0,63,3.1,0.104,0.207,0.273,15.5,16.9,26.26841,73.00594,ERA5,Asia/Kolkata,Open-Meteo Historical Weather API
RJ-Jodhpur,2013-12-25,14.8,22.0,9.5,0.0,0.0,0.0,50,3.72,0.088,0.204,0.272,16.3,17.0,26.26841,73.00594,ERA5,Asia/Kolkata,Open-Meteo Historical Weather API
RJ-Jodhpur,2013-12-26,15.7,22.9,10.1,0.0,0.0,0.0,44,3.97,0.083,0.202,0.27,16.8,17.4,26.26841,73.00594,ERA5,Asia/Kolkata,Open-Meteo Historical Weather API
RJ-Jodhpur,2013-12-27,16.2,22.8,12.0,0.0,0.0,0.0,46,3.76,0.079,0.201,0.269,17.9,18.1,26.26841,73.00594,ERA5,Asia/Kolkata,Open-Meteo Historical Weather API
RJ-Jodhpur,2013-12-28,14.7,21.9,9.6,0.0,0.0,0.0,49,3.48,0.077,0.199,0.268,17.1,18.0,26.26841,73.00594,ERA5,Asia/Kolkata,Open-Meteo Historical Weather API
RJ-Jodhpur,2013-12-29,13.9,21.3,8.8,0.0,0.0,0.0,42,3.77,0.076,0.198,0.268,16.1,17.3,26.26841,73.00594,ERA5,Asia/Kolkata,Open-Meteo Historical Weather API
RJ-Jodhpur,2013-12-30,14.0,21.4,9.0,0.0,0.0,0.0,49,2.96,0.08,0.199,0.268,15.9,17.0,26.26841,73.00594,ERA5,Asia/Kolkata,Open-Meteo Historical Weather API
RJ-Jodhpur,2013-12-31,12.1,18.5,6.9,0.0,0.0,0.0,34,3.99,0.088,0.199,0.268,14.5,16.7,26.26841,73.00594,ERA5,Asia/Kolkata,Open-Meteo Historical Weather API
RJ-Jodhpur,2014-01-01,11.0,17.5,5.6,0.0,0.0,0.0,45,3.66,0.091,0.199,0.268,13.0,15.6,26.26841,73.00594,ERA5,Asia/Kolkata,Open-Meteo Historical Weather API
RJ-Jodhpur,2014-01-02,12.1,19.5,5.4,0.0,0.0,0.0,47,3.62,0.085,0.198,0.268,13.7,15.2,26.26841,73.00594,ERA5,Asia/Kolkata,Open-Meteo Historical Weather API
RJ-Jodhpur,2014-01-03,15.1,22.4,9.0,0.0,0.0,0.0,49,3.09,0.078,0.197,0.267,15.9,16.0,26.26841,73.00594,ERA5,Asia/Kolkata,Open-Meteo Historical Weather API
RJ-Jodhpur,2014-01-04,16.3,23.5,10.9,0.0,0.0,0.0,53,3.22,0.076,0.195,0.266,17.9,17.4,26.26841,73.00594,ERA5,Asia/Kolkata,Open-Meteo Historical Weather API
RJ-Jodhpur,2014-01-05,14.4,22.5,7.7,0.0,0.0,0.0,47,3.46,0.078,0.195,0.266,16.7,17.6,26.26841,73.00594,ERA5,Asia/Kolkata,Open-Meteo Historical Weather API
RJ-Jodhpur,2014-01-06,13.1,21.6,6.2,0.0,0.0,0.0,44,3.47,0.083,0.195,0.265,15.1,16.8,26.26841,73.00594,ERA5,Asia/Kolkata,Open-Meteo Historical Weather API
RJ-Jodhpur,2014-01-07,14.7,22.9,8.4,0.0,0.0,0.0,42,3.97,0.077,0.194,0.265,15.9,16.4,26.26841,73.00594,ERA5,Asia/Kolkata,Open-Meteo Historical Weather API
RJ-Jodhpur,2014-01-08,16.7,25.0,10.9,0.0,0.0,0.0,45,4.12,0.071,0.192,0.264,17.7,17.1,26.26841,73.00594,ERA5,Asia/Kolkata,Open-Meteo Historical Weather API
RJ-Jodhpur,2014-01-09,15.9,21.5,11.6,0.0,0.0,0.0,45,4.12,0.073,0.192,0.263,17.8,17.9,26.26841,73.00594,ERA5,Asia/Kolkata,Open-Meteo Historical Weather API
RJ-Jodhpur,2014-01-10,14.5,20.4,9.5,0.0,0.0,0.0,54,3.51,0.075,0.192,0.263,17.0,17.5,26.26841,73.00594,ERA5,Asia/Kolkata,Open-Meteo Historical Weather API
RJ-Jodhpur,2014-01-11,13.5,19.7,8.8,0.0,0.0,0.0,47,3.75,0.083,0.192,0.263,15.8,17.3,26.26841,73.00594,ERA5,Asia/Kolkata,Open-Meteo Historical Weather API
RJ-Jodhpur,2014-01-12,13.1,20.7,6.6,0.0,0.0,0.0,47,3.6,0.082,0.192,0.263,15.0,16.3,26.26841,73.00594,ERA5,Asia/Kolkata,Open-Meteo Historical Weather API
RJ-Jodhpur,2014-01-13,14.8,22.8,8.6,0.0,0.0,0.0,49,3.55,0.078,0.191,0.262,16.1,16.4,26.26841,73.00594,ERA5,Asia/Kolkata,Open-Meteo Historical Weather API
RJ-Jodhpur,2014-01-14,16.4,23.6,10.8,0.0,0.0,0.0,57,3.6,0.074,0.19,0.261,17.7,17.3,26.26841,73.00594,ERA5,Asia/Kolkata,Open-Meteo Historical Weather API
RJ-Jodhpur,2014-01-15,16.0,22.2,9.9,0.0,0.0,0.0,46,4.01,0.073,0.189,0.261,17.6,18.0,26.26841,73.00594,ERA5,Asia/Kolkata,Open-Meteo Historical Weather API
RJ-Jodhpur,2014-01-16,15.3,22.9,9.3,0.0,0.0,0.0,51,3.57,0.072,0.189,0.261,17.2,17.8,26.26841,73.00594,ERA5,Asia/Kolkata,Open-Meteo Historical Weather API
RJ-Jodhpur,2014-01-17,14.7,20.6,10.0,0.0,0.0,0.0,57,3.37,0.074,0.19,0.261,16.9,17.6,26.26841,73.00594,ERA5,Asia/Kolkata,Open-Meteo Historical Weather API
RJ-Jodhpur,2014-01-18,14.6,20.9,9.3,0.0,0.0,0.0,63,3.26,0.074,0.19,0.26,16.9,17.5,26.26841,73.00594,ERA5,Asia/Kolkata,Open-Meteo Historical Weather API
RJ-Jodhpur,2014-01-19,14.4,20.0,9.4,0.0,0.0,0.0,66,3.3,0.083,0.192,0.262,16.6,17.4,26.26841,73.00594,ERA5,Asia/Kolkata,Open-Meteo Historical Weather API
RJ-Jodhpur,2014-01-20,15.1,21.6,8.2,0.0,0.0,0.0,68,3.1,0.086,0.193,0.263,16.5,17.2,26.26841,73.00594,ERA5,Asia/Kolkata,Open-Meteo Historical Weather API
RJ-Jodhpur,2014-01-21,17.2,23.1,12.5,0.0,0.0,0.0,71,2.71,0.085,0.194,0.263,18.5,18.2,26.26841,73.00594,ERA5,Asia/Kolkata,Open-Meteo Historical Weather API
RJ-Jodhpur,2014-01-22,17.4,22.2,13.4,0.0,0.0,0.0,72,2.91,0.087,0.195,0.264,19.3,18.8,26.26841,73.00594,ERA5,Asia/Kolkata,Open-Meteo Historical Weather API
RJ-Jodhpur,2014-01-23,16.1,21.4,12.3,0.0,0.0,0.0,71,2.96,0.09,0.195,0.266,18.0,18.5,26.26841,73.00594,ERA5,Asia/Kolkata,Open-Meteo Historical Weather API
RJ-Jodhpur,2014-01-24,15.4,20.9,11.7,0.0,0.0,0.0,72,3.05,0.098,0.197,0.267,17.5,18.0,26.26841,73.00594,ERA5,Asia/Kolkata,Open-Meteo Historical Weather API
RJ-Jodhpur,2014-01-25,16.2,22.4,10.9,0.0,0.0,0.0,65,3.44,0.094,0.198,0.268,17.8,17.8,26.26841,73.00594,ERA5,Asia/Kolkata,Open-Meteo Historical Weather API
RJ-Jodhpur,2014-01-26,16.7,24.5,10.6,0.0,0.0,0.0,56,3.83,0.082,0.196,0.266,18.2,18.0,26.26841,73.00594,ERA5,Asia/Kolkata,Open-Meteo Historical Weather API
RJ-Jodhpur,2014-01-27,18.0,26.5,11.0,0.0,0.0,0.0,50,4.27,0.075,0.194,0.265,18.9,18.2,26.26841,73.00594,ERA5,Asia/Kolkata,Open-Meteo Historical Weather API
RJ-Jodhpur,2014-01-28,18.3,26.6,11.9,0.0,0.0,0.0,47,3.78,0.07,0.192,0.263,19.8,18.9,26.26841,73.00594,ERA5,Asia/Kolkata,Open-Meteo Historical Weather API
RJ-Jodhpur,2014-01-29,18.2,27.7,10.4,0.0,0.0,0.0,45,3.73,0.072,0.191,0.263,19.7,19.1,26.26841,73.00594,ERA5,Asia/Kolkata,Open-Meteo Historical Weather API
RJ-Jodhpur,2014-01-30,18.8,27.8,11.6,0.0,0.0,0.0,47,4.3,0.073,0.19,0.262,20.2,19.5,26.26841,73.00594,ERA5,Asia/Kolkata,Open-Meteo Historical Weather API
RJ-Jodhpur,2014-01-31,19.9,27.5,13.7,0.0,0.0,0.0,50,4.31,0.071,0.188,0.26,21.0,19.9,26.26841,73.00594,ERA5,Asia/Kolkata,Open-Meteo Historical Weather API
RJ-Jodhpur,2014-02-01,20.0,27.2,14.5,0.0,0.0,0.0,48,4.31,0.071,0.188,0.26,21.3,20.4,26.26841,73.00594,ERA5,Asia/Kolkata,Open-Meteo Historical Weather API
RJ-Jodhpur,2014-02-02,20.9,27.7,15.0,0.0,0.0,0.0,51,3.98,0.074,0.188,0.26,21.6,20.9,26.26841,73.00594,ERA5,Asia/Kolkata,Open-Meteo Historical Weather API
RJ-Jodhpur,2014-02-03,20.6,28.3,13.8,0.0,0.0,0.0,52,4.24,0.073,0.188,0.26,21.5,20.9,26.26841,73.00594,ERA5,Asia/Kolkata,Open-Meteo Historical Weather API
RJ-Jodhpur,2014-02-04,20.6,27.6,13.8,0.0,0.0,0.0,49,4.08,0.072,0.187,0.259,22.1,21.0,26.26841,73.00594,ERA5,Asia/Kolkata,Open-Meteo Historical Weather API
RJ-Jodhpur,2014-02-05,21.3,27.8,15.7,0.0,0.0,0.0,54,3.76,0.072,0.187,0.258,22.7,21.4,26.26841,73.00594,ERA5,Asia/Kolkata,Open-Meteo Historical Weather API
RJ-Jodhpur,2014-02-06,22.1,29.4,15.3,0.0,0.0,0.0,49,5.08,0.074,0.187,0.258,22.9,21.9,26.26841,73.00594,ERA5,Asia/Kolkata,Open-Meteo Historical Weather API
RJ-Jodhpur,2014-02-07,20.7,24.4,17.2,0.0,0.0,0.0,58,4.11,0.072,0.185,0.257,22.6,22.1,26.26841,73.00594,ERA5,Asia/Kolkata,Open-Meteo Historical Weather API
RJ-Jodhpur,2014-02-08,17.7,22.4,13.6,0.0,0.0,0.0,54,4.2,0.072,0.185,0.257,21.2,21.2,26.26841,73.00594,ERA5,Asia/Kolkata,Open-Meteo Historical Weather API
RJ-Jodhpur,2014-02-09,15.6,21.7,9.7,0.0,0.0,0.0,43,4.17,0.07,0.185,0.257,19.3,20.2,26.26841,73.00594,ERA5,Asia/Kolkata,Open-Meteo Historical Weather API
RJ-Jodhpur,2014-02-10,15.9,23.1,8.8,0.0,0.0,0.0,37,3.72,0.073,0.186,0.257,18.0,19.1,26.26841,73.00594,ERA5,Asia/Kolkata,Open-Meteo Historical Weather API
RJ-Jodhpur,2014-02-11,16.8,24.4,10.4,0.0,0.0,0.0,40,3.93,0.069,0.185,0.257,19.4,19.1,26.26841,73.00594,ERA5,Asia/Kolkata,Open-Meteo Historical Weather API
RJ-Jodhpur,2014-02-12,18.2,25.0,12.1,0.0,0.0,0.0,37,5.05,0.067,0.184,0.256,20.1,19.7,26.26841,73.00594,ERA5,Asia/Kolkata,Open-Meteo Historical Weather API
RJ-Jodhpur,2014-02-13,18.0,23.3,13.4,0.1,0.1,1.0,41,4.71,0.069,0.184,0.255,19.6,19.9,26.26841,73.00594,ERA5,Asia/Kolkata,Open-Meteo Historical Weather API
RJ-Jodhpur,2014-02-14,17.7,23.6,13.5,0.0,0.0,0.0,42,4.66,0.071,0.185,0.256,20.4,20.2,26.26841,73.00594,ERA5,Asia/Kolkata,Open-Meteo Historical Weather API
RJ-Jodhpur,2014-02-15,17.3,24.3,9.7,0.0,0.0,0.0,39,4.6,0.078,0.187,0.256,19.3,19.5,26.26841,73.00594,ERA5,Asia/Kolkata,Open-Meteo Historical Weather API
RJ-Jodhpur,2014-02-16,18.1,24.7,12.8,0.0,0.0,0.0,39,5.1,0.087,0.19,0.258,19.9,19.7,26.26841,73.00594,ERA5,Asia/Kolkata,Open-Meteo Historical Weather API
RJ-Jodhpur,2014-02-17,17.2,24.2,11.1,0.0,0.0,0.0,41,4.65,0.084,0.19,0.258,19.4,19.5,26.26841,73.00594,ERA5,Asia/Kolkata,Open-Meteo Historical Weather API
RJ-Jodhpur,2014-02-18,17.4,25.9,9.5,0.0,0.0,0.0,38,4.48,0.079,0.189,0.258,19.3,19.1,26.26841,73.00594,ERA5,Asia/Kolkata,Open-Meteo Historical Weather API
RJ-Jodhpur,2014-02-19,19.1,27.2,11.0,0.0,0.0,0.0,41,4.29,0.08,0.189,0.257,20.2,19.6,26.26841,73.00594,ERA5,Asia/Kolkata,Open-Meteo Historical Weather API
RJ-Jodhpur,2014-02-20,20.4,27.4,12.8,0.0,0.0,0.0,43,4.38,0.081,0.189,0.257,21.0,20.2,26.26841,73.00594,ERA5,Asia/Kolkata,Open-Meteo Historical Weather API
RJ-Jodhpur,2014-02-21,20.3,27.0,12.7,0.0,0.0,0.0,46,4.76,0.083,0.19,0.258,21.2,20.6,26.26841,73.00594,ERA5,Asia/Kolkata,Open-Meteo Historical Weather API
RJ-Jodhpur,2014-02-22,19.0,25.8,13.1,0.0,0.0,0.0,49,5.13,0.081,0.19,0.258,21.0,20.9,26.26841,73.00594,ERA5,Asia/Kolkata,Open-Meteo Historical Weather API
RJ-Jodhpur,2014-02-23,19.1,24.6,14.2,0.0,0.0,0.0,49,4.93,0.078,0.19,0.258,21.2,20.7,26.26841,73.00594,ERA5,Asia/Kolkata,Open-Meteo Historical Weather API
RJ-Jodhpur,2014-02-24,19.2,25.0,13.6,0.0,0.0,0.0,47,4.93,0.081,0.192,0.259,21.2,20.7,26.26841,73.00594,ERA5,Asia/Kolkata,Open-Meteo Historical Weather API
RJ-Jodhpur,2014-02-25,21.6,28.1,16.0,0.0,0.0,0.0,47,4.78,0.074,0.191,0.259,23.1,21.3,26.26841,73.00594,ERA5,Asia/Kolkata,Open-Meteo Historical Weather API
RJ-Jodhpur,2014-02-26,21.9,28.5,16.9,0.0,0.0,0.0,55,4.78,0.072,0.19,0.258,24.2,22.3,26.26841,73.00594,ERA5,Asia/Kolkata,Open-Meteo Historical Weather API
RJ-Jodhpur,2014-02-27,21.4,28.3,15.8,0.0,0.0,0.0,55,4.33,0.074,0.19,0.258,23.8,22.6,26.26841,73.00594,ERA5,Asia/Kolkata,Open-Meteo Historical Weather API
RJ-Jodhpur,2014-02-28,19.4,24.0,16.1,1.3,1.3,4.0,53,4.7,0.084,0.19,0.258,22.3,22.4,26.26841,73.00594,ERA5,Asia/Kolkata,Open-Meteo Historical Weather API
RJ-Jodhpur,2014-03-01,18.1,24.9,11.3,0.0,0.0,0.0,55,4.55,0.088,0.189,0.257,21.3,21.2,26.26841,73.00594,ERA5,Asia/Kolkata,Open-Meteo Historical Weather API
RJ-Jodhpur,2014-03-02,19.6,26.6,12.8,0.0,0.0,0.0,42,5.11,0.081,0.188,0.255,22.4,21.3,26.26841,73.00594,ERA5,Asia/Kolkata,Open-Meteo Historical Weather API
RJ-Jodhpur,2014-03-03,20.6,27.0,14.6,0.0,0.0,0.0,43,5.16,0.083,0.188,0.256,22.4,21.8,26.26841,73.00594,ERA5,Asia/Kolkata,Open-Meteo Historical Weather API
RJ-Jodhpur,2014-03-04,21.6,28.3,14.5,0.0,0.0,0.0,40,4.79,0.08,0.188,0.256,23.4,22.1,26.26841,73.00594,ERA5,Asia/Kolkata,Open-Meteo Historical Weather API
RJ-Jodhpur,2014-03-05,22.2,29.2,15.1,0.0,0.0,0.0,42,5.45,0.077,0.187,0.255,24.5,22.8,26.26841,73.00594,ERA5,Asia/Kolkata,Open-Meteo Historical Weather API
RJ-Jodhpur,2014-03-06,22.6,29.4,16.9,0.0,0.0,0.0,37,5.91,0.074,0.186,0.254,24.9,23.3,26.26841,73.00594,ERA5,Asia/Kolkata,Open-Meteo Historical Weather API
RJ-Jodhpur,2014-03-07,23.2,30.2,17.0,0.0,0.0,0.0,36,6.1,0.073,0.186,0.254,25.0,23.5,26.26841,73.00594,ERA5,Asia/Kolkata,Open-Meteo Historical Weather API
RJ-Jodhpur,2014-03-08,24.0,31.4,17.1,0.0,0.0,0.0,38,5.77,0.074,0.186,0.253,25.9,23.9,26.26841,73.00594,ERA5,Asia/Kolkata,Open-Meteo Historical Weather API
RJ-Jodhpur,2014-03-09,24.7,31.9,17.4,0.0,0.0,0.0,39,5.61,0.074,0.185,0.253,26.0,24.5,26.26841,73.00594,ERA5,Asia/Kolkata,Open-Meteo Historical Weather API
RJ-Jodhpur,2014-03-10,24.7,32.0,17.5,0.0,0.0,0.0,37,6.2,0.072,0.185,0.252,25.8,24.6,26.26841,73.00594,ERA5,Asia/Kolkata,Open-Meteo Historical Weather API
RJ-Jodhpur,2014-03-11,23.5,30.1,17.9,0.0,0.0,0.0,29,6.7,0.07,0.184,0.252,25.8,24.7,26.26841,73.00594,ERA5,Asia/Kolkata,Open-Meteo Historical Weather API
RJ-Jodhpur,2014-03-12,21.0,27.0,15.7,0.0,0.0,0.0,31,6.24,0.075,0.185,0.252,23.8,23.9,26.26841,73.00594,ERA5,Asia/Kolkata,Open-Meteo Historical Weather API
RJ-Jodhpur,2014-03-13,21.7,27.9,15.9,0.0,0.0,0.0,35,6.31,0.078,0.185,0.252,24.0,23.3,26.26841,73.00594,ERA5,Asia/Kolkata,Open-Meteo Historical Weather API
RJ-Jodhpur,2014-03-14,22.4,30.6,14.8,0.0,0.0,0.0,32,5.95,0.077,0.185,0.252,24.6,23.5,26.26841,73.00594,ERA5,Asia/Kolkata,Open-Meteo Historical Weather API
RJ-Jodhpur,2014-03-15,24.8,33.5,16.1,0.0,0.0,0.0,34,5.95,0.078,0.184,0.251,25.8,24.0,26.26841,73.00594,ERA5,Asia/Kolkata,Open-Meteo Historical Weather API
RJ-Jodhpur,2014-03-16,26.4,35.0,17.3,0.0,0.0,0.0,36,5.69,0.078,0.184,0.251,26.8,25.0,26.26841,73.00594,ERA5,Asia/Kolkata,Open-Meteo Historical Weather API
RJ-Jodhpur,2014-03-17,26.8,33.9,18.4,0.0,0.0,0.0,42,7.49,0.074,0.184,0.251,27.5,25.6,26.26841,73.00594,ERA5,Asia/Kolkata,Open-Meteo Historical Weather API
RJ-Jodhpur,2014-03-18,26.0,32.0,20.1,0.0,0.0,0.0,32,6.8,0.072,0.183,0.25,28.7,26.5,26.26841,73.00594,ERA5,Asia/Kolkata,Open-Meteo Historical Weather API
RJ-Jodhpur,2014-03-19,24.7,32.2,17.9,0.0,0.0,0.0,32,6.26,0.075,0.183,0.25,27.1,25.9,26.26841,73.00594,ERA5,Asia/Kolkata,Open-Meteo Historical Weather API
RJ-Jodhpur,2014-03-20,25.1,33.7,16.9,0.0,0.0,0.0,34,6.22,0.073,0.184,0.251,27.2,25.7,26.26841,73.00594,ERA5,Asia/Kolkata,Open-Meteo Historical Weather API
RJ-Jodhpur,2014-03-21,25.0,31.9,17.5,0.0,0.0,0.0,35,6.78,0.073,0.183,0.251,27.0,25.9,26.26841,73.00594,ERA5,Asia/Kolkata,Open-Meteo Historical Weather API
RJ-Jodhpur,2014-03-22,26.3,33.4,19.2,0.0,0.0,0.0,46,5.77,0.076,0.184,0.251,28.6,26.3,26.26841,73.00594,ERA5,Asia/Kolkata,Open-Meteo Historical Weather API
RJ-Jodhpur,2014-03-23,28.2,34.9,21.1,0.1,0.1,1.0,49,6.07,0.073,0.184,0.251,30.2,27.3,26.26841,73.00594,ERA5,Asia/Kolkata,Open-Meteo Historical Weather API
RJ-Jodhpur,2014-03-24,27.3,33.6,22.2,0.0,0.0,0.0,42,6.73,0.074,0.184,0.251,29.5,27.9,26.26841,73.00594,ERA5,Asia/Kolkata,Open-Meteo Historical Weather API
RJ-Jodhpur,2014-03-25,26.7,32.2,20.6,0.0,0.0,0.0,46,6.03,0.072,0.183,0.251,29.7,27.8,26.26841,73.00594,ERA5,Asia/Kolkata,Open-Meteo Historical Weather API
RJ-Jodhpur,2014-03-26,27.3,32.0,22.5,0.0,0.0,0.0,42,6.13,0.068,0.183,0.25,29.9,28.1,26.26841,73.00594,ERA5,Asia/Kolkata,Open-Meteo Historical Weather API
RJ-Jodhpur,2014-03-27,27.6,32.5,23.1,0.0,0.0,0.0,43,6.16,0.071,0.183,0.25,30.0,28.3,26.26841,73.00594,ERA5,Asia/Kolkata,Open-Meteo Historical Weather API
RJ-Jodhpur,2014-03-28,28.1,34.1,22.8,0.0,0.0,0.0,41,6.17,0.071,0.183,0.25,30.4,28.4,26.26841,73.00594,ERA5,Asia/Kolkata,Open-Meteo Historical Weather API
RJ-Jodhpur,2014-03-29,28.0,33.9,21.5,0.0,0.0,0.0,46,6.1,0.068,0.182,0.249,31.0,28.7,26.26841,73.00594,ERA5,Asia/Kolkata,Open-Meteo Historical Weather API
RJ-Jodhpur,2014-03-30,27.8,33.1,22.2,0.0,0.0,0.0,39,6.97,0.069,0.181,0.249,30.3,28.9,26.26841,73.00594,ERA5,Asia/Kolkata,Open-Meteo Historical Weather API
RJ-Jodhpur,2014-03-31,28.5,34.4,22.5,0.0,0.0,0.0,33,6.54,0.067,0.18,0.248,31.2,28.9,26.26841,73.00594,ERA5,Asia/Kolkata,Open-Meteo Historical Weather API
RJ-Jodhpur,2014-04-01,29.0,35.8,21.4,0.0,0.0,0.0,33,7.47,0.067,0.18,0.247,31.1,29.1,26.26841,73.00594,ERA5,Asia/Kolkata,Open-Meteo Historical Weather API
RJ-Jodhpur,2014-04-02,29.6,35.1,24.0,0.0,0.0,0.0,31,7.93,0.065,0.178,0.246,31.6,29.4,26.26841,73.00594,ERA5,Asia/Kolkata,Open-Meteo Historical Weather API
RJ-Jodhpur,2014-04-03,29.5,35.5,23.6,0.0,0.0,0.0,28,6.89,0.064,0.176,0.244,32.5,29.8,26.26841,73.00594,ERA5,Asia/Kolkata,Open-Meteo Historical Weather API
RJ-Jodhpur,2014-04-04,30.0,37.4,21.7,0.0,0.0,0.0,30,7.12,0.065,0.176,0.243,32.4,30.1,26.26841,73.00594,ERA5,Asia/Kolkata,Open-Meteo Historical Weather API
RJ-Jodhpur,2014-04-05,31.2,38.5,22.5,0.0,0.0,0.0,28,8.33,0.064,0.175,0.243,32.9,30.5,26.26841,73.00594,ERA5,Asia/Kolkata,Open-Meteo Historical Weather API
RJ-Jodhpur,2014-04-06,30.7,37.3,24.2,0.3,0.3,1.0,27,8.28,0.064,0.174,0.242,32.5,30.7,26.26841,73.00594,ERA5,Asia/Kolkata,Open-Meteo Historical Weather API
RJ-Jodhpur,2014-04-07,29.4,35.0,24.1,0.0,0.0,0.0,34,7.52,0.07,0.175,0.242,32.4,30.7,26.26841,73.00594,ERA5,Asia/Kolkata,Open-Meteo Historical Weather API
RJ-Jodhpur,2014-04-08,28.2,34.8,22.0,0.0,0.0,0.0,32,6.7,0.066,0.174,0.241,32.0,30.4,26.26841,73.00594,ERA5,Asia/Kolkata,Open-Meteo Historical Weather API
RJ-Jodhpur,2014-04-09,28.3,36.3,20.1,0.0,0.0,0.0,26,6.59,0.066,0.174,0.24,31.3,29.9,26.26841,73.00594,ERA5,Asia/Kolkata,Open-Meteo Historical Weather API
RJ-Jodhpur,2014-04-10,29.0,37.3,20.6,0.0,0.0,0.0,22,7.7,0.067,0.174,0.24,31.2,29.9,26.26841,73.00594,ERA5,Asia/Kolkata,Open-Meteo Historical Weather API
RJ-Jodhpur,2014-04-11,29.3,38.2,20.2,0.0,0.0,0.0,21,7.01,0.067,0.173,0.239,31.6,29.8,26.26841,73.00594,ERA5,Asia/Kolkata,Open-Meteo Historical Weather API
RJ-Jodhpur,2014-04-12,30.4,38.7,22.0,0.0,0.0,0.0,22,7.74,0.069,0.173,0.239,32.2,30.2,26.26841,73.00594,ERA5,Asia/Kolkata,Open-Meteo Historical Weather API
RJ-Jodhpur,2014-04-13,31.2,38.2,25.1,0.0,0.0,0.0,25,8.35,0.067,0.172,0.238,33.1,30.9,26.26841,73.00594,ERA5,Asia/Kolkata,Open-Meteo Historical Weather API
RJ-Jodhpur,2014-04-14,30.8,38.0,23.5,0.0,0.0,0.0,32,7.49,0.067,0.173,0.238,33.5,31.3,26.26841,73.00594,ERA5,Asia/Kolkata,Open-Meteo Historical Weather API
RJ-Jodhpur,2014-04-15,31.8,39.9,23.6,0.0,0.0,0.0,27,7.72,0.068,0.173,0.238,34.1,31.7,26.26841,73.00594,ERA5,Asia/Kolkata,Open-Meteo Historical Weather API
RJ-Jodhpur,2014-04-16,31.4,40.0,23.1,1.0,1.0,2.0,31,7.22,0.069,0.173,0.238,34.2,31.9,26.26841,73.00594,ERA5,Asia/Kolkata,Open-Meteo Historical Weather API
RJ-Jodhpur,2014-04-17,32.0,38.2,27.6,1.2,1.2,2.0,35,7.77,0.078,0.173,0.238,34.1,32.3,26.26841,73.00594,ERA5,Asia/Kolkata,Open-Meteo Historical Weather API
RJ-Jodhpur,2014-04-18,28.8,34.9,23.2,0.4,0.4,1.0,46,6.33,0.086,0.174,0.239,32.1,31.6,26.26841,73.00594,ERA5,Asia/Kolkata,Open-Meteo Historical Weather API
RJ-Jodhpur,2014-04-19,28.2,34.3,22.7,0.3,0.3,3.0,48,5.55,0.084,0.176,0.24,32.4,31.1,26.26841,73.00594,ERA5,Asia/Kolkata,Open-Meteo Historical Weather API
RJ-Jodhpur,2014-04-20,30.0,35.8,24.4,0.0,0.0,0.0,35,6.89,0.079,0.176,0.24,33.3,31.4,26.26841,73.00594,ERA5,Asia/Kolkata,Open-Meteo Historical Weather API
RJ-Jodhpur,2014-04-21,29.6,36.3,22.5,0.0,0.0,0.0,35,6.12,0.076,0.176,0.24,33.3,31.7,26.26841,73.00594,ERA5,Asia/Kolkata,Open-Meteo Historical Weather API
RJ-Jodhpur,2014-04-22,30.3,36.5,24.2,0.0,0.0,0.0,32,7.51,0.076,0.178,0.242,33.9,32.1,26.26841,73.00594,ERA5,Asia/Kolkata,Open-Meteo Historical Weather API
RJ-Jodhpur,2014-04-23,30.6,37.1,23.2,0.0,0.0,0.0,35,6.85,0.074,0.177,0.241,34.1,32.2,26.26841,73.00594,ERA5,Asia/Kolkata,Open-Meteo Historical Weather API
RJ-Jodhpur,2014-04-24,31.9,39.0,24.0,0.0,0.0,0.0,33,7.45,0.071,0.176,0.24,35.0,32.6,26.26841,73.00594,ERA5,Asia/Kolkata,Open-Meteo Historical Weather API
RJ-Jodhpur,2014-04-25,32.9,39.2,27.1,0.0,0.0,0.0,27,8.46,0.069,0.175,0.24,35.5,33.1,26.26841,73.00594,ERA5,Asia/Kolkata,Open-Meteo Historical Weather API
RJ-Jodhpur,2014-04-26,33.8,40.1,26.9,0.0,0.0,0.0,28,7.76,0.068,0.174,0.239,36.6,33.5,26.26841,73.00594,ERA5,Asia/Kolkata,Open-Meteo Historical Weather API
RJ-Jodhpur,2014-04-27,33.9,40.7,27.5,0.0,0.0,0.0,23,8.2,0.068,0.173,0.238,36.7,34.1,26.26841,73.00594,ERA5,Asia/Kolkata,Open-Meteo Historical Weather API
RJ-Jodhpur,2014-04-28,33.9,41.8,25.7,0.0,0.0,0.0,23,8.33,0.067,0.171,0.237,36.4,34.0,26.26841,73.00594,ERA5,Asia/Kolkata,Open-Meteo Historical Weather API
RJ-Jodhpur,2014-04-29,35.0,42.8,26.4,0.0,0.0,0.0,23,7.96,0.066,0.171,0.236,37.1,34.4,26.26841,73.00594,ERA5,Asia/Kolkata,Open-Meteo Historical Weather API
RJ-Jodhpur,2014-04-30,35.8,42.1,30.5,0.0,0.0,0.0,21,8.73,0.064,0.17,0.235,37.9,35.0,26.26841,73.00594,ERA5,Asia/Kolkata,Open-Meteo Historical Weather API
RJ-Jodhpur,2014-05-01,34.5,41.1,28.3,0.0,0.0,0.0,23,9.76,0.063,0.169,0.234,37.0,34.8,26.26841,73.00594,ERA5,Asia/Kolkata,Open-Meteo Historical Weather API
RJ-Jodhpur,2014-05-02,34.2,40.5,29.0,0.0,0.0,0.0,28,9.93,0.063,0.169,0.233,36.7,34.7,26.26841,73.00594,ERA5,Asia/Kolkata,Open-Meteo Historical Weather API
RJ-Jodhpur,2014-05-03,33.0,39.0,28.2,2.2,2.2,2.0,35,8.54,0.068,0.169,0.233,36.0,34.5,26.26841,73.00594,ERA5,Asia/Kolkata,Open-Meteo Historical Weather API
RJ-Jodhpur,2014-05-04,31.4,36.2,25.1,1.8,1.8,4.0,40,7.42,0.077,0.169,0.233,34.4,33.7,26.26841,73.00594,ERA5,Asia/Kolkata,Open-Meteo Historical Weather API
RJ-Jodhpur,2014-05-05,32.3,38.1,26.5,0.0,0.0,0.0,39,6.7,0.082,0.17,0.233,35.2,33.5,26.26841,73.00594,ERA5,Asia/Kolkata,Open-Meteo Historical Weather API
RJ-Jodhpur,2014-05-06,33.5,39.9,25.9,0.0,0.0,0.0,33,7.63,0.068,0.17,0.232,36.4,34.0,26.26841,73.00594,ERA5,Asia/Kolkata,Open-Meteo Historical Weather API
RJ-Jodhpur,2014-05-07,33.9,40.6,26.8,0.0,0.0,0.0,29,7.58,0.067,0.17,0.232,37.0,34.9,26.26841,73.00594,ERA5,Asia/Kolkata,Open-Meteo Historical Weather API
RJ-Jodhpur,2014-05-08,34.2,40.4,26.5,0.0,0.0,0.0,24,8.78,0.067,0.17,0.232,36.6,34.8,26.26841,73.00594,ERA5,Asia/Kolkata,Open-Meteo Historical Weather API
RJ-Jodhpur,2014-05-09,33.7,39.8,26.4,0.0,0.0,0.0,20,9.16,0.066,0.169,0.232,36.7,34.8,26.26841,73.00594,ERA5,Asia/Kolkata,Open-Meteo Historical Weather API
RJ-Jodhpur,2014-05-10,32.6,37.3,28.2,0.0,0.0,0.0,30,8.49,0.067,0.169,0.231,36.1,34.8,26.26841,73.00594,ERA5,Asia/Kolkata,Open-Meteo Historical Weather API
RJ-Jodhpur,2014-05-11,31.4,38.2,25.8,0.0,0.0,0.0,44,7.94,0.069,0.169,0.231,35.1,34.4,26.26841,73.00594,ERA5,Asia/Kolkata,Open-Meteo Historical Weather API
RJ-Jodhpur,2014-05-12,30.7,37.1,24.0,0.2,0.2,1.0,45,8.31,0.079,0.169,0.231,33.3,33.5,26.26841,73.00594,ERA5,Asia/Kolkata,Open-Meteo Historical Weather API
RJ-Jodhpur,2014-05-13,30.0,35.8,24.8,1.8,1.8,3.0,54,7.63,0.076,0.169,0.231,33.3,33.1,26.26841,73.00594,ERA5,Asia/Kolkata,Open-Meteo Historical Weather API
RJ-Jodhpur,2014-05-14,29.5,35.4,23.8,0.0,0.0,0.0,53,7.26,0.077,0.17,0.232,33.0,32.8,26.26841,73.00594,ERA5,Asia/Kolkata,Open-Meteo Historical Weather API
RJ-Jodhpur,2014-05-15,29.2,34.8,25.5,1.7,1.7,3.0,53,6.23,0.081,0.17,0.232,32.7,32.9,26.26841,73.00594,ERA5,Asia/Kolkata,Open-Meteo Historical Weather API
RJ-Jodhpur,2014-05-16,30.2,37.1,24.2,1.7,1.7,3.0,58,6.54,0.084,0.168,0.23,34.0,32.8,26.26841,73.00594,ERA5,Asia/Kolkata,Open-Meteo Historical Weather API
RJ-Jodhpur,2014-05-17,30.9,36.9,26.0,0.0,0.0,0.0,56,6.6,0.099,0.169,0.23,34.2,33.1,26.26841,73.00594,ERA5,Asia/Kolkata,Open-Meteo Historical Weather API
RJ-Jodhpur,2014-05-18,32.1,37.9,26.1,0.0,0.0,0.0,44,6.94,0.083,0.169,0.23,35.4,33.6,26.26841,73.00594,ERA5,Asia/Kolkata,Open-Meteo Historical Weather API
RJ-Jodhpur,2014-05-19,32.9,39.5,25.9,0.0,0.0,0.0,33,8.03,0.076,0.169,0.23,36.2,34.0,26.26841,73.00594,ERA5,Asia/Kolkata,Open-Meteo Historical Weather API
RJ-Jodhpur,2014-05-20,32.8,39.3,25.8,0.0,0.0,0.0,30,7.51,0.075,0.169,0.23,36.3,34.4,26.26841,73.00594,ERA5,Asia/Kolkata,Open-Meteo Historical Weather API
RJ-Jodhpur,2014-05-21,33.8,40.8,26.9,0.0,0.0,0.0,29,8.28,0.073,0.17,0.23,36.8,34.5,26.26841,73.00594,ERA5,Asia/Kolkata,Open-Meteo Historical Weather API
RJ-Jodhpur,2014-05-22,35.1,41.7,28.1,0.0,0.0,0.0,25,10.21,0.069,0.169,0.229,36.9,34.8,26.26841,73.00594,ERA5,Asia/Kolkata,Open-Meteo Historical Weather API
RJ-Jodhpur,2014-05-23,36.2,42.4,29.9,0.0,0.0,0.0,30,10.72,0.066,0.168,0.228,38.1,35.4,26.26841,73.00594,ERA5,Asia/Kolkata,Open-Meteo Historical Weather API
RJ-Jodhpur,2014-05-24,35.8,41.5,30.9,0.0,0.0,0.0,34,8.66,0.065,0.167,0.227,38.9,36.0,26.26841,73.00594,ERA5,Asia/Kolkata,Open-Meteo Historical Weather API
RJ-Jodhpur,2014-05-25,34.5,41.5,27.7,0.1,0.1,1.0,36,8.11,0.067,0.167,0.227,38.5,36.3,26.26841,73.00594,ERA5,Asia/Kolkata,Open-Meteo Historical Weather API
RJ-Jodhpur,2014-05-26,34.9,42.3,27.3,0.0,0.0,0.0,32,7.55,0.068,0.167,0.227,38.8,36.5,26.26841,73.00594,ERA5,Asia/Kolkata,Open-Meteo Historical Weather API
RJ-Jodhpur,2014-05-27,35.9,43.2,28.7,0.0,0.0,0.0,29,7.83,0.069,0.168,0.227,38.8,36.6,26.26841,73.00594,ERA5,Asia/Kolkata,Open-Meteo Historical Weather API
RJ-Jodhpur,2014-05-28,38.1,45.4,30.3,0.0,0.0,0.0,21,10.13,0.067,0.166,0.227,39.3,36.8,26.26841,73.00594,ERA5,Asia/Kolkata,Open-Meteo Historical Weather API
RJ-Jodhpur,2014-05-29,38.1,43.7,32.2,0.0,0.0,0.0,22,12.84,0.066,0.165,0.225,39.5,37.2,26.26841,73.00594,ERA5,Asia/Kolkata,Open-Meteo Historical Weather API
RJ-Jodhpur,2014-05-30,35.7,41.0,30.4,0.0,0.0,0.0,36,10.63,0.064,0.165,0.225,38.6,36.9,26.26841,73.00594,ERA5,Asia/Kolkata,Open-Meteo Historical Weather API
RJ-Jodhpur,2014-05-31,35.2,40.3,30.2,0.0,0.0,0.0,44,9.49,0.064,0.165,0.224,38.7,36.9,26.26841,73.00594,ERA5,Asia/Kolkata,Open-Meteo Historical Weather API
RJ-Jodhpur,2014-06-01,35.2,40.6,30.7,0.0,0.0,0.0,45,8.73,0.065,0.165,0.224,39.0,37.1,26.26841,73.00594,ERA5,Asia/Kolkata,Open-Meteo Historical Weather API
RJ-Jodhpur,2014-06-02,36.5,44.0,29.9,0.0,0.0,0.0,34,9.21,0.065,0.165,0.224,39.5,37.3,26.26841,73.00594,ERA5,Asia/Kolkata,Open-Meteo Historical Weather API
RJ-Jodhpur,2014-06-03,36.9,43.9,29.0,0.0,0.0,0.0,31,7.94,0.066,0.165,0.224,39.6,37.6,26.26841,73.00594,ERA5,Asia/Kolkata,Open-Meteo Historical Weather API
RJ-Jodhpur,2014-06-04,38.1,44.5,30.6,0.0,0.0,0.0,26,8.96,0.065,0.165,0.224,40.3,38.1,26.26841,73.00594,ERA5,Asia/Kolkata,Open-Meteo Historical Weather API
RJ-Jodhpur,2014-06-05,38.5,44.6,32.8,0.0,0.0,0.0,29,10.01,0.065,0.164,0.223,40.9,38.5,26.26841,73.00594,ERA5,Asia/Kolkata,Open-Meteo Historical Weather API
RJ-Jodhpur,2014-06-06,38.5,44.6,33.2,0.0,0.0,0.0,26,11.04,0.064,0.164,0.223,40.9,38.7,26.26841,73.00594,ERA5,Asia/Kolkata,Open-Meteo Historical Weather API
RJ-Jodhpur,2014-06-07,37.6,44.4,31.3,0.0,0.0,0.0,26,10.82,0.063,0.163,0.222,40.3,38.5,26.26841,73.00594,ERA5,Asia/Kolkata,Open-Meteo Historical Weather API
RJ-Jodhpur,2014-06-08,36.9,43.2,31.9,0.0,0.0,0.0,33,10.3,0.064,0.163,0.222,40.1,38.3,26.26841,73.00594,ERA5,Asia/Kolkata,Open-Meteo Historical Weather API
RJ-Jodhpur,2014-06-09,36.9,42.8,31.6,0.0,0.0,0.0,39,9.94,0.063,0.163,0.221,40.1,38.1,26.26841,73.00594,ERA5,Asia/Kolkata,Open-Meteo Historical Weather API
RJ-Jodhpur,2014-06-10,36.2,41.6,31.5,0.0,0.0,0.0,35,10.53,0.062,0.162,0.221,39.7,38.2,26.26841,73.00594,ERA5,Asia/Kolkata,Open-Meteo Historical Weather API
RJ-Jodhpur,2014-06-11,36.0,41.3,31.3,0.0,0.0,0.0,39,10.32,0.06,0.162,0.22,39.2,37.7,26.26841,73.00594,ERA5,Asia/Kolkata,Open-Meteo Historical Weather API
RJ-Jodhpur,2014-06-12,34.5,39.0,30.1,0.2,0.2,1.0,46,9.78,0.062,0.161,0.22,38.4,37.7,26.26841,73.00594,ERA5,Asia/Kolkata,Open-Meteo Historical Weather API
RJ-Jodhpur,2014-06-13,34.3,37.9,30.9,0.0,0.0,0.0,45,8.79,0.064,0.162,0.22,37.5,37.2,26.26841,73.00594,ERA5,Asia/Kolkata,Open-Meteo Historical Weather API
RJ-Jodhpur,2014-06-14,33.9,37.6,30.4,0.0,0.0,0.0,49,8.0,0.064,0.161,0.219,36.6,36.5,26.26841,73.00594,ERA5,Asia/Kolkata,Open-Meteo Historical Weather API
RJ-Jodhpur,2014-06-15,34.0,38.6,29.9,0.3,0.3,3.0,53,8.0,0.064,0.161,0.219,37.0,36.0,26.26841,73.00594,ERA5,Asia/Kolkata,Open-Meteo Historical Weather API
RJ-Jodhpur,2014-06-16,35.4,40.1,30.8,0.0,0.0,0.0,46,9.06,0.054,0.158,0.216,38.5,36.5,26.26841,73.00594,ERA5,Asia/Kolkata,Open-Meteo Historical Weather API
RJ-Jodhpur,2014-06-17,35.1,39.9,30.2,0.0,0.0,0.0,50,8.94,0.05,0.155,0.213,38.3,36.9,26.26841,73.00594,ERA5,Asia/Kolkata,Open-Meteo Historical Weather API
RJ-Jodhpur,2014-06-18,35.1,38.9,31.5,0.0,0.0,0.0,47,8.27,0.049,0.154,0.212,38.0,36.9,26.26841,73.00594,ERA5,Asia/Kolkata,Open-Meteo Historical Weather API
RJ-Jodhpur,2014-06-19,35.2,40.0,30.5,0.0,0.0,0.0,48,7.62,0.051,0.154,0.211,38.1,36.7,26.26841,73.00594,ERA5,Asia/Kolkata,Open-Meteo Historical Weather API
RJ-Jodhpur,2014-06-20,35.3,39.8,30.7,0.0,0.0,0.0,45,9.72,0.056,0.153,0.211,38.7,37.0,26.26841,73.00594,ERA5,Asia/Kolkata,Open-Meteo Historical Weather API
RJ-Jodhpur,2014-06-21,34.8,39.6,30.0,0.0,0.0,0.0,49,10.03,0.056,0.153,0.21,38.3,37.0,26.26841,73.00594,ERA5,Asia/Kolkata,Open-Meteo Historical Weather API
RJ-Jodhpur,2014-06-22,33.9,38.4,29.2,0.0,0.0,0.0,52,9.07,0.06,0.153,0.21,37.4,36.6,26.26841,73.00594,ERA5,Asia/Kolkata,Open-Meteo Historical Weather API
RJ-Jodhpur,2014-06-23,33.2,38.2,28.8,0.1,0.1,1.0,54,7.98,0.065,0.153,0.21,36.1,36.0,26.26841,73.00594,ERA5,Asia/Kolkata,Open-Meteo Historical Weather API
RJ-Jodhpur,2014-06-24,32.9,38.1,26.8,0.0,0.0,0.0,54,9.49,0.068,0.153,0.21,36.4,35.7,26.26841,73.00594,ERA5,Asia/Kolkata,Open-Meteo Historical Weather API
RJ-Jodhpur,2014-06-25,33.2,37.9,28.2,0.0,0.0,0.0,51,9.63,0.065,0.153,0.21,36.6,35.8,26.26841,73.00594,ERA5,Asia/Kolkata,Open-Meteo Historical Weather API
RJ-Jodhpur,2014-06-26,33.0,37.2,28.8,0.0,0.0,0.0,50,7.94,0.064,0.153,0.21,36.5,35.7,26.26841,73.00594,ERA5,Asia/Kolkata,Open-Meteo Historical Weather API
RJ-Jodhpur,2014-06-27,33.5,37.7,29.5,0.0,0.0,0.0,49,8.99,0.065,0.153,0.21,37.2,35.8,26.26841,73.00594,ERA5,Asia/Kolkata,Open-Meteo Historical Weather API
RJ-Jodhpur,2014-06-28,33.8,38.3,29.0,0.0,0.0,0.0,47,9.72,0.064,0.153,0.21,37.4,36.1,26.26841,73.00594,ERA5,Asia/Kolkata,Open-Meteo Historical Weather API
RJ-Jodhpur,2014-06-29,33.4,38.4,28.0,0.0,0.0,0.0,49,10.32,0.066,0.153,0.21,36.8,36.0,26.26841,73.00594,ERA5,Asia/Kolkata,Open-Meteo Historical Weather API
RJ-Jodhpur,2014-06-30,32.6,37.1,28.2,0.0,0.0,0.0,50,9.7,0.065,0.153,0.21,36.0,35.4,26.26841,73.00594,ERA5,Asia/Kolkata,Open-Meteo Historical Weather API
RJ-Jodhpur,2014-07-01,31.8,35.1,28.7,0.0,0.0,0.0,54,7.11,0.066,0.154,0.209,34.3,34.8,26.26841,73.00594,ERA5,Asia/Kolkata,Open-Meteo Historical Weather API
RJ-Jodhpur,2014-07-02,31.5,33.6,28.4,0.6,0.6,4.0,57,6.3,0.072,0.155,0.211,33.9,34.1,26.26841,73.00594,ERA5,Asia/Kolkata,Open-Meteo Historical Weather API
RJ-Jodhpur,2014-07-03,31.2,34.1,27.9,0.0,0.0,0.0,58,6.03,0.073,0.155,0.211,33.3,33.7,26.26841,73.00594,ERA5,Asia/Kolkata,Open-Meteo Historical Weather API
RJ-Jodhpur,2014-07-04,31.9,36.1,28.1,0.0,0.0,0.0,54,7.37,0.069,0.155,0.21,34.4,33.6,26.26841,73.00594,ERA5,Asia/Kolkata,Open-Meteo Historical Weather API
RJ-Jodhpur,2014-07-05,33.1,37.5,28.9,0.0,0.0,0.0,49,8.54,0.066,0.155,0.21,36.5,34.6,26.26841,73.00594,ERA5,Asia/Kolkata,Open-Meteo Historical Weather API
RJ-Jodhpur,2014-07-06,34.1,38.8,29.8,0.0,0.0,0.0,45,8.91,0.065,0.155,0.21,37.4,35.6,26.26841,73.00594,ERA5,Asia/Kolkata,Open-Meteo Historical Weather API
RJ-Jodhpur,2014-07-07,34.6,39.2,30.7,0.0,0.0,0.0,44,9.44,0.066,0.155,0.21,37.7,36.1,26.26841,73.00594,ERA5,Asia/Kolkata,Open-Meteo Historical Weather API
RJ-Jodhpur,2014-07-08,34.1,38.8,29.4,0.0,0.0,0.0,46,9.57,0.065,0.155,0.209,37.6,36.2,26.26841,73.00594,ERA5,Asia/Kolkata,Open-Meteo Historical Weather API
RJ-Jodhpur,2014-07-09,34.3,39.4,29.4,0.0,0.0,0.0,44,9.29,0.064,0.155,0.209,37.8,36.2,26.26841,73.00594,ERA5,Asia/Kolkata,Open-Meteo Historical Weather API
RJ-Jodhpur,2014-07-10,35.0,39.4,30.5,0.0,0.0,0.0,44,8.82,0.063,0.155,0.209,38.4,36.6,26.26841,73.00594,ERA5,Asia/Kolkata,Open-Meteo Historical Weather API
RJ-Jodhpur,2014-07-11,35.5,40.4,31.5,0.0,0.0,0.0,45,8.95,0.063,0.155,0.209,39.1,37.1,26.26841,73.00594,ERA5,Asia/Kolkata,Open-Meteo Historical Weather API
RJ-Jodhpur,2014-07-12,35.3,39.4,31.1,0.0,0.0,0.0,46,8.33,0.063,0.155,0.208,39.3,37.6,26.26841,73.00594,ERA5,Asia/Kolkata,Open-Meteo Historical Weather API
RJ-Jodhpur,2014-07-13,33.8,38.2,30.2,0.0,0.0,0.0,54,7.66,0.062,0.154,0.208,38.3,37.5,26.26841,73.00594,ERA5,Asia/Kolkata,Open-Meteo Historical Weather API
RJ-Jodhpur,2014-07-14,33.8,38.3,29.4,0.0,0.0,0.0,54,6.98,0.062,0.154,0.208,37.5,36.9,26.26841,73.00594,ERA5,Asia/Kolkata,Open-Meteo Historical Weather API
RJ-Jodhpur,2014-07-15,35.4,41.0,30.6,0.0,0.0,0.0,49,8.2,0.062,0.153,0.206,39.3,37.2,26.26841,73.00594,ERA5,Asia/Kolkata,Open-Meteo Historical Weather API
RJ-Jodhpur,2014-07-16,32.5,37.1,28.9,0.2,0.2,1.0,60,5.17,0.065,0.153,0.206,37.1,37.2,26.26841,73.00594,ERA5,Asia/Kolkata,Open-Meteo Historical Weather API
RJ-Jodhpur,2014-07-17,28.9,32.9,25.7,46.3,46.3,24.0,83,2.98,0.352,0.197,0.206,32.9,34.9,26.26841,73.00594,ERA5,Asia/Kolkata,Open-Meteo Historical Weather API
RJ-Jodhpur,2014-07-18,29.2,33.8,26.1,1.2,1.2,4.0,81,4.13,0.342,0.253,0.206,31.7,32.8,26.26841,73.00594,ERA5,Asia/Kolkata,Open-Meteo Historical Weather API
RJ-Jodhpur,2014-07-19,29.6,33.6,25.7,0.5,0.5,3.0,76,4.26,0.293,0.257,0.206,30.6,31.7,26.26841,73.00594,ERA5,Asia/Kolkata,Open-Meteo Historical Weather API
RJ-Jodhpur,2014-07-20,30.0,34.2,26.3,0.0,0.0,0.0,70,5.93,0.244,0.256,0.205,31.0,31.2,26.26841,73.00594,ERA5,Asia/Kolkata,Open-Meteo Historical Weather API
RJ-Jodhpur,2014-07-21,30.2,34.4,26.7,0.0,0.0,0.0,67,6.7,0.189,0.251,0.204,31.5,31.3,26.26841,73.00594,ERA5,Asia/Kolkata,Open-Meteo Historical Weather API
RJ-Jodhpur,2014-07-22,30.7,35.1,26.9,0.0,0.0,0.0,65,6.77,0.146,0.245,0.203,32.2,31.6,26.26841,73.00594,ERA5,Asia/Kolkata,Open-Meteo Historical Weather API
RJ-Jodhpur,2014-07-23,31.4,36.0,28.5,1.2,1.2,3.0,65,6.0,0.118,0.239,0.203,33.2,32.3,26.26841,73.00594,ERA5,Asia/Kolkata,Open-Meteo Historical Weather API
RJ-Jodhpur,2014-07-24,31.1,35.2,27.5,1.2,1.2,4.0,71,4.97,0.123,0.235,0.203,33.8,32.9,26.26841,73.00594,ERA5,Asia/Kolkata,Open-Meteo Historical Weather API
RJ-Jodhpur,2014-07-25,29.4,32.7,26.6,9.7,9.7,13.0,82,2.78,0.211,0.231,0.202,31.1,32.0,26.26841,73.00594,ERA5,Asia/Kolkata,Open-Meteo Historical Weather API
RJ-Jodhpur,2014-07-26,28.8,30.9,26.9,15.1,15.1,15.0,84,2.95,0.302,0.239,0.202,30.3,30.6,26.26841,73.00594,ERA5,Asia/Kolkata,Open-Meteo Historical Weather API
RJ-Jodhpur,2014-07-27,30.0,33.9,26.6,2.2,2.2,7.0,78,4.02,0.343,0.263,0.201,30.5,30.3,26.26841,73.00594,ERA5,Asia/Kolkata,Open-Meteo Historical Weather API
RJ-Jodhpur,2014-07-28,29.7,32.5,27.3,1.2,1.2,6.0,77,3.41,0.307,0.268,0.2,30.4,30.3,26.26841,73.00594,ERA5,Asia/Kolkata,Open-Meteo Historical Weather API
RJ-Jodhpur,2014-07-29,27.9,31.1,25.6,24.3,24.3,16.0,86,2.37,0.338,0.281,0.2,29.8,30.0,26.26841,73.00594,ERA5,Asia/Kolkata,Open-Meteo Historical Weather API
RJ-Jodhpur,2014-07-30,28.4,32.5,26.0,11.2,11.2,16.0,86,2.69,0.4,0.353,0.203,29.8,29.7,26.26841,73.00594,ERA5,Asia/Kolkata,Open-Meteo Historical Weather API
RJ-Jodhpur,2014-07-31,31.0,35.2,27.6,1.9,1.9,5.0,78,4.59,0.36,0.356,0.205,31.8,30.6,26.26841,73.00594,ERA5,Asia/Kolkata,Open-Meteo Historical Weather API
RJ-Jodhpur,2014-08-01,29.6,33.5,26.5,7.1,7.1,11.0,84,3.86,0.375,0.351,0.207,31.7,31.1,26.26841,73.00594,ERA5,Asia/Kolkata,Open-Meteo Historical Weather API
RJ-Jodhpur,2014-08-02,29.6,33.4,26.2,4.4,4.4,13.0,80,4.05,0.376,0.355,0.21,30.9,30.7,26.26841,73.00594,ERA5,Asia/Kolkata,Open-Meteo Historical Weather API
RJ-Jodhpur,2014-08-03,29.7,33.2,27.4,0.9,0.9,2.0,80,4.61,0.343,0.348,0.212,30.8,30.5,26.26841,73.00594,ERA5,Asia/Kolkata,Open-Meteo Historical Weather API
RJ-Jodhpur,2014-08-04,29.2,31.7,27.1,0.0,0.0,0.0,76,3.82,0.317,0.338,0.213,29.9,29.9,26.26841,73.00594,ERA5,Asia/Kolkata,Open-Meteo Historical Weather API
RJ-Jodhpur,2014-08-05,28.5,30.1,27.1,0.5,0.5,3.0,79,2.72,0.307,0.329,0.214,29.1,29.1,26.26841,73.00594,ERA5,Asia/Kolkata,Open-Meteo Historical Weather API
RJ-Jodhpur,2014-08-06,27.6,30.1,26.3,9.6,9.6,17.0,88,2.03,0.352,0.328,0.215,28.5,28.5,26.26841,73.00594,ERA5,Asia/Kolkata,Open-Meteo Historical Weather API
RJ-Jodhpur,2014-08-07,26.0,26.8,25.3,7.3,7.3,18.0,94,1.33,0.38,0.339,0.216,27.3,27.9,26.26841,73.00594,ERA5,Asia/Kolkata,Open-Meteo Historical Weather API
RJ-Jodhpur,2014-08-08,27.4,31.2,25.0,5.7,5.7,12.0,87,2.55,0.392,0.358,0.219,28.0,27.8,26.26841,73.00594,ERA5,Asia/Kolkata,Open-Meteo Historical Weather API
RJ-Jodhpur,2014-08-09,27.9,30.2,25.8,9.4,9.4,14.0,87,2.63,0.391,0.363,0.222,28.7,28.2,26.26841,73.00594,ERA5,Asia/Kolkata,Open-Meteo Historical Weather API
RJ-Jodhpur,2014-08-10,29.4,32.5,26.5,0.4,0.4,3.0,79,4.47,0.369,0.367,0.225,29.8,28.8,26.26841,73.00594,ERA5,Asia/Kolkata,Open-Meteo Historical Weather API
RJ-Jodhpur,2014-08-11,28.8,31.0,27.4,0.1,0.1,1.0,79,3.65,0.333,0.355,0.227,29.5,29.1,26.26841,73.00594,ERA5,Asia/Kolkata,Open-Meteo Historical Weather API
RJ-Jodhpur,2014-08-12,28.8,31.6,26.5,0.0,0.0,0.0,79,4.02,0.307,0.343,0.229,29.3,28.9,26.26841,73.00594,ERA5,Asia/Kolkata,Open-Meteo Historical Weather API
RJ-Jodhpur,2014-08-13,28.8,31.9,26.3,0.0,0.0,0.0,78,4.48,0.282,0.331,0.229,29.3,28.8,26.26841,73.00594,ERA5,Asia/Kolkata,Open-Meteo Historical Weather API
RJ-Jodhpur,2014-08-14,28.5,30.9,26.1,1.0,1.0,7.0,78,4.18,0.266,0.32,0.23,29.0,28.7,26.26841,73.00594,ERA5,Asia/Kolkata,Open-Meteo Historical Weather API
RJ-Jodhpur,2014-08-15,28.1,30.5,25.8,1.1,1.1,6.0,76,4.36,0.256,0.311,0.23,28.7,28.5,26.26841,73.00594,ERA5,Asia/Kolkata,Open-Meteo Historical Weather API
RJ-Jodhpur,2014-08-16,27.6,30.0,25.8,1.0,1.0,7.0,78,3.56,0.248,0.303,0.23,28.2,28.2,26.26841,73.00594,ERA5,Asia/Kolkata,Open-Meteo Historical Weather API
RJ-Jodhpur,2014-08-17,28.3,32.3,25.0,0.8,0.8,7.0,77,4.17,0.243,0.296,0.23,28.8,28.3,26.26841,73.00594,ERA5,Asia/Kolkata,Open-Meteo Historical Weather API
RJ-Jodhpur,2014-08-18,29.1,32.8,25.8,0.7,0.7,5.0,76,4.35,0.223,0.288,0.229,29.5,28.7,26.26841,73.00594,ERA5,Asia/Kolkata,Open-Meteo Historical Weather API
RJ-Jodhpur,2014-08-19,30.0,34.6,25.9,0.0,0.0,0.0,71,5.83,0.195,0.28,0.229,30.5,29.3,26.26841,73.00594,ERA5,Asia/Kolkata,Open-Meteo Historical Weather API
RJ-Jodhpur,2014-08-20,30.1,34.8,25.8,0.0,0.0,0.0,67,6.21,0.16,0.271,0.228,30.9,29.8,26.26841,73.00594,ERA5,Asia/Kolkata,Open-Meteo Historical Weather API
RJ-Jodhpur,2014-08-21,30.1,34.9,26.2,0.0,0.0,0.0,66,6.34,0.13,0.261,0.227,31.4,30.2,26.26841,73.00594,ERA5,Asia/Kolkata,Open-Meteo Historical Weather API
RJ-Jodhpur,2014-08-22,30.6,35.2,26.4,0.0,0.0,0.0,63,6.19,0.106,0.252,0.225,32.4,30.7,26.26841,73.00594,ERA5,Asia/Kolkata,Open-Meteo Historical Weather API
RJ-Jodhpur,2014-08-23,31.5,35.9,27.3,0.0,0.0,0.0,60,5.75,0.09,0.243,0.224,34.1,31.7,26.26841,73.00594,ERA5,Asia/Kolkata,Open-Meteo Historical Weather API
RJ-Jodhpur,2014-08-24,32.3,37.3,27.8,0.0,0.0,0.0,59,6.02,0.085,0.236,0.223,35.0,32.8,26.26841,73.00594,ERA5,Asia/Kolkata,Open-Meteo Historical Weather API
RJ-Jodhpur,2014-08-25,31.7,35.7,28.1,0.0,0.0,0.0,60,6.22,0.081,0.23,0.223,34.6,33.3,26.26841,73.00594,ERA5,Asia/Kolkata,Open-Meteo Historical Weather API
RJ-Jodhpur,2014-08-26,31.3,35.2,27.9,0.0,0.0,0.0,58,6.18,0.077,0.225,0.222,34.2,33.2,26.26841,73.00594,ERA5,Asia/Kolkata,Open-Meteo Historical Weather API
RJ-Jodhpur,2014-08-27,31.0,35.2,28.0,0.0,0.0,0.0,58,6.42,0.08,0.221,0.222,34.3,33.3,26.26841,73.00594,ERA5,Asia/Kolkata,Open-Meteo Historical Weather API
RJ-Jodhpur,2014-08-28,30.4,35.3,26.9,0.0,0.0,0.0,62,5.07,0.079,0.218,0.222,34.4,33.4,26.26841,73.00594,ERA5,Asia/Kolkata,Open-Meteo Historical Weather API
RJ-Jodhpur,2014-08-29,31.3,35.6,26.7,2.6,2.6,4.0,64,5.2,0.093,0.214,0.221,34.4,33.4,26.26841,73.00594,ERA5,Asia/Kolkata,Open-Meteo Historical Weather API
RJ-Jodhpur,2014-08-30,31.2,35.7,28.0,0.2,0.2,1.0,63,5.26,0.09,0.212,0.222,34.7,33.7,26.26841,73.00594,ERA5,Asia/Kolkata,Open-Meteo Historical Weather API
RJ-Jodhpur,2014-08-31,30.3,34.6,27.3,0.7,0.7,1.0,69,4.35,0.092,0.212,0.223,33.6,33.4,26.26841,73.00594,ERA5,Asia/Kolkata,Open-Meteo Historical Weather API
RJ-Jodhpur,2014-09-01,30.4,35.8,27.3,1.4,1.4,5.0,70,5.39,0.092,0.21,0.224,34.2,33.4,26.26841,73.00594,ERA5,Asia/Kolkata,Open-Meteo Historical Weather API
RJ-Jodhpur,2014-09-02,29.3,33.2,26.5,4.8,4.8,5.0,74,4.41,0.102,0.209,0.224,32.4,33.1,26.26841,73.00594,ERA5,Asia/Kolkata,Open-Meteo Historical Weather API
RJ-Jodhpur,2014-09-03,27.4,30.4,25.7,23.6,23.6,15.0,86,2.26,0.192,0.21,0.224,30.4,31.4,26.26841,73.00594,ERA5,Asia/Kolkata,Open-Meteo Historical Weather API
RJ-Jodhpur,2014-09-04,25.8,26.5,25.3,51.4,51.4,21.0,95,0.8,0.416,0.322,0.225,28.1,29.5,26.26841,73.00594,ERA5,Asia/Kolkata,Open-Meteo Historical Weather API
RJ-Jodhpur,2014-09-05,28.4,31.6,25.7,0.1,0.1,1.0,80,4.84,0.381,0.388,0.234,29.2,28.9,26.26841,73.00594,ERA5,Asia/Kolkata,Open-Meteo Historical Weather API
RJ-Jodhpur,2014-09-06,28.0,30.8,25.3,0.0,0.0,0.0,77,3.87,0.343,0.366,0.238,29.0,28.9,26.26841,73.00594,ERA5,Asia/Kolkata,Open-Meteo Historical Weather API
RJ-Jodhpur,2014-09-07,28.2,32.1,24.8,0.0,0.0,0.0,76,4.11,0.321,0.351,0.24,29.3,28.9,26.26841,73.00594,ERA5,Asia/Kolkata,Open-Meteo Historical Weather API
RJ-Jodhpur,2014-09-08,29.8,34.1,26.6,0.8,0.8,2.0,76,4.32,0.303,0.338,0.24,30.4,29.4,26.26841,73.00594,ERA5,Asia/Kolkata,Open-Meteo Historical Weather API
RJ-Jodhpur,2014-09-09,28.4,30.5,26.4,3.7,3.7,11.0,86,3.82,0.321,0.329,0.241,30.6,30.1,26.26841,73.00594,ERA5,Asia/Kolkata,Open-Meteo Historical Weather API
RJ-Jodhpur,2014-09-10,26.1,27.7,24.7,5.6,5.6,9.0,92,1.64,0.387,0.341,0.242,28.2,29.2,26.26841,73.00594,ERA5,Asia/Kolkata,Open-Meteo Historical Weather API
RJ-Jodhpur,2014-09-11,26.8,29.9,24.2,6.1,6.1,12.0,88,2.8,0.386,0.355,0.244,28.2,28.4,26.26841,73.00594,ERA5,Asia/Kolkata,Open-Meteo Historical Weather API
RJ-Jodhpur,2014-09-12,27.5,31.0,24.6,0.1,0.1,1.0,85,3.71,0.361,0.359,0.246,28.5,28.5,26.26841,73.00594,ERA5,Asia/Kolkata,Open-Meteo Historical Weather API
RJ-Jodhpur,2014-09-13,27.9,31.1,24.9,0.4,0.4,2.0,79,4.36,0.327,0.349,0.248,28.9,28.7,26.26841,73.00594,ERA5,Asia/Kolkata,Open-Meteo Historical Weather API
RJ-Jodhpur,2014-09-14,27.7,31.1,24.3,0.0,0.0,0.0,79,4.35,0.297,0.338,0.249,28.9,28.6,26.26841,73.00594,ERA5,Asia/Kolkata,Open-Meteo Historical Weather API
RJ-Jodhpur,2014-09-15,28.0,32.0,24.6,0.0,0.0,0.0,79,4.64,0.269,0.327,0.249,29.4,28.8,26.26841,73.00594,ERA5,Asia/Kolkata,Open-Meteo Historical Weather API
RJ-Jodhpur,2014-09-16,28.4,32.8,24.8,0.0,0.0,0.0,78,4.99,0.243,0.315,0.25,29.6,29.0,26.26841,73.00594,ERA5,Asia/Kolkata,Open-Meteo Historical Weather API
RJ-Jodhpur,2014-09-17,28.3,32.4,24.5,0.0,0.0,0.0,75,5.3,0.217,0.304,0.25,29.4,29.0,26.26841,73.00594,ERA5,Asia/Kolkata,Open-Meteo Historical Weather API
RJ-Jodhpur,2014-09-18,28.0,32.7,23.9,0.0,0.0,0.0,74,5.39,0.193,0.294,0.249,29.3,28.9,26.26841,73.00594,ERA5,Asia/Kolkata,Open-Meteo Historical Weather API
RJ-Jodhpur,2014-09-19,28.2,33.0,23.8,0.0,0.0,0.0,70,5.7,0.169,0.284,0.248,29.3,28.9,26.26841,73.00594,ERA5,Asia/Kolkata,Open-Meteo Historical Weather API
RJ-Jodhpur,2014-09-20,27.9,32.7,23.6,0.0,0.0,0.0,69,5.75,0.146,0.274,0.247,29.3,28.9,26.26841,73.00594,ERA5,Asia/Kolkata,Open-Meteo Historical Weather API
RJ-Jodhpur,2014-09-21,27.7,32.7,23.4,0.0,0.0,0.0,69,5.6,0.129,0.265,0.247,29.5,28.9,26.26841,73.00594,ERA5,Asia/Kolkata,Open-Meteo Historical Weather API
RJ-Jodhpur,2014-09-22,28.1,33.2,23.1,0.0,0.0,0.0,67,5.83,0.116,0.258,0.246,29.6,29.1,26.26841,73.00594,ERA5,Asia/Kolkata,Open-Meteo Historical Weather API
RJ-Jodhpur,2014-09-23,28.4,33.4,23.9,0.0,0.0,0.0,63,6.28,0.1,0.25,0.245,30.1,29.3,26.26841,73.00594,ERA5,Asia/Kolkata,Open-Meteo Historical Weather API
RJ-Jodhpur,2014-09-24,28.4,33.3,24.3,0.0,0.0,0.0,63,6.07,0.092,0.243,0.244,30.6,29.7,26.26841,73.00594,ERA5,Asia/Kolkata,Open-Meteo Historical Weather API
RJ-Jodhpur,2014-09-25,28.6,33.7,24.1,0.0,0.0,0.0,64,5.5,0.088,0.238,0.244,30.7,29.9,26.26841,73.00594,ERA5,Asia/Kolkata,Open-Meteo Historical Weather API
RJ-Jodhpur,2014-09-26,29.1,34.2,24.5,0.0,0.0,0.0,62,5.68,0.084,0.233,0.244,31.5,30.3,26.26841,73.00594,ERA5,Asia/Kolkata,Open-Meteo Historical Weather API
RJ-Jodhpur,2014-09-27,29.1,34.2,24.5,0.0,0.0,0.0,62,5.68,0.08,0.228,0.243,31.7,30.7,26.26841,73.00594,ERA5,Asia/Kolkata,Open-Meteo Historical Weather API
RJ-Jodhpur,2014-09-28,29.2,34.5,24.1,0.0,0.0,0.0,60,5.69,0.078,0.224,0.243,32.0,30.9,26.26841,73.00594,ERA5,Asia/Kolkata,Open-Meteo Historical Weather API
RJ-Jodhpur,2014-09-29,29.7,35.3,24.1,0.0,0.0,0.0,58,5.99,0.076,0.22,0.242,32.3,31.1,26.26841,73.00594,ERA5,Asia/Kolkata,Open-Meteo Historical Weather API
RJ-Jodhpur,2014-09-30,29.8,35.0,24.3,0.0,0.0,0.0,58,5.9,0.075,0.216,0.242,32.5,31.4,26.26841,73.00594,ERA5,Asia/Kolkata,Open-Meteo Historical Weather API
RJ-Jodhpur,2014-10-01,30.2,36.1,24.8,0.0,0.0,0.0,57,5.63,0.072,0.213,0.241,33.0,31.8,26.26841,73.00594,ERA5,Asia/Kolkata,Open-Meteo Historical Weather API
RJ-Jodhpur,2014-10-02,30.9,36.7,25.8,0.0,0.0,0.0,51,5.91,0.07,0.209,0.241,33.3,32.1,26.26841,73.00594,ERA5,Asia/Kolkata,Open-Meteo Historical Weather API
RJ-Jodhpur,2014-10-03,31.2,37.1,25.9,0.0,0.0,0.0,47,6.58,0.067,0.205,0.24,33.5,32.4,26.26841,73.00594,ERA5,Asia/Kolkata,Open-Meteo Historical Weather API
RJ-Jodhpur,2014-10-04,31.1,36.8,26.5,0.0,0.0,0.0,45,6.77,0.066,0.202,0.239,33.5,32.5,26.26841,73.00594,ERA5,Asia/Kolkata,Open-Meteo Historical Weather API
RJ-Jodhpur,2014-10-05,30.6,37.0,25.1,0.0,0.0,0.0,45,5.93,0.066,0.2,0.238,33.2,32.5,26.26841,73.00594,ERA5,Asia/Kolkata,Open-Meteo Historical Weather API
RJ-Jodhpur,2014-10-06,30.9,37.5,24.3,0.0,0.0,0.0,44,5.51,0.066,0.197,0.238,33.3,32.5,26.26841,73.00594,ERA5,Asia/Kolkata,Open-Meteo Historical Weather API
RJ-Jodhpur,2014-10-07,32.0,38.5,25.8,0.0,0.0,0.0,36,6.16,0.065,0.195,0.237,34.2,32.9,26.26841,73.00594,ERA5,Asia/Kolkata,Open-Meteo Historical Weather API
RJ-Jodhpur,2014-10-08,30.7,38.2,23.7,0.0,0.0,0.0,35,5.98,0.066,0.194,0.237,33.4,32.9,26.26841,73.00594,ERA5,Asia/Kolkata,Open-Meteo Historical Weather API
RJ-Jodhpur,2014-10-09,30.2,37.3,23.9,0.0,0.0,0.0,41,5.57,0.067,0.193,0.237,33.1,32.7,26.26841,73.00594,ERA5,Asia/Kolkata,Open-Meteo Historical Weather API
RJ-Jodhpur,2014-10-10,30.1,37.8,23.3,0.0,0.0,0.0,39,5.28,0.07,0.194,0.239,33.2,32.6,26.26841,73.00594,ERA5,Asia/Kolkata,Open-Meteo Historical Weather API
RJ-Jodhpur,2014-10-11,29.9,38.7,21.9,0.0,0.0,0.0,36,5.2,0.07,0.192,0.239,32.3,32.4,26.26841,73.00594,ERA5,Asia/Kolkata,Open-Meteo Historical Weather API
RJ-Jodhpur,2014-10-12,29.3,38.4,21.5,0.0,0.0,0.0,34,5.43,0.07,0.191,0.238,31.8,31.9,26.26841,73.00594,ERA5,Asia/Kolkata,Open-Meteo Historical Weather API
RJ-Jodhpur,2014-10-13,28.9,36.9,22.1,0.0,0.0,0.0,36,6.35,0.071,0.19,0.238,31.2,31.7,26.26841,73.00594,ERA5,Asia/Kolkata,Open-Meteo Historical Weather API
RJ-Jodhpur,2014-10-14,27.5,33.6,21.7,0.0,0.0,0.0,52,5.32,0.07,0.19,0.239,31.2,31.3,26.26841,73.00594,ERA5,Asia/Kolkata,Open-Meteo Historical Weather API
RJ-Jodhpur,2014-10-15,28.2,34.6,22.8,0.0,0.0,0.0,52,5.73,0.068,0.19,0.239,32.0,31.6,26.26841,73.00594,ERA5,Asia/Kolkata,Open-Meteo Historical Weather API
RJ-Jodhpur,2014-10-16,27.3,33.7,22.0,0.0,0.0,0.0,53,5.38,0.069,0.19,0.24,31.1,31.6,26.26841,73.00594,ERA5,Asia/Kolkata,Open-Meteo Historical Weather API
RJ-Jodhpur,2014-10-17,28.0,34.5,22.3,0.0,0.0,0.0,39,5.79,0.065,0.189,0.24,31.2,31.2,26.26841,73.00594,ERA5,Asia/Kolkata,Open-Meteo Historical Weather API
RJ-Jodhpur,2014-10-18,27.9,34.8,22.1,0.0,0.0,0.0,34,6.02,0.067,0.188,0.239,31.0,31.3,26.26841,73.00594,ERA5,Asia/Kolkata,Open-Meteo Historical Weather API
RJ-Jodhpur,2014-10-19,27.9,35.8,21.3,0.0,0.0,0.0,34,5.64,0.068,0.185,0.237,30.8,31.0,26.26841,73.00594,ERA5,Asia/Kolkata,Open-Meteo Historical Weather API
RJ-Jodhpur,2014-10-20,28.2,36.4,21.1,0.0,0.0,0.0,34,5.69,0.068,0.183,0.236,30.7,31.1,26.26841,73.00594,ERA5,Asia/Kolkata,Open-Meteo Historical Weather API
RJ-Jodhpur,2014-10-21,28.2,37.2,20.5,0.0,0.0,0.0,35,5.29,0.067,0.181,0.235,30.5,31.0,26.26841,73.00594,ERA5,Asia/Kolkata,Open-Meteo Historical Weather API
RJ-Jodhpur,2014-10-22,28.4,37.3,20.8,0.0,0.0,0.0,37,5.1,0.067,0.179,0.233,30.9,31.1,26.26841,73.00594,ERA5,Asia/Kolkata,Open-Meteo Historical Weather API
RJ-Jodhpur,2014-10-23,28.7,37.0,21.3,0.0,0.0,0.0,36,5.02,0.066,0.178,0.233,30.9,31.1,26.26841,73.00594,ERA5,Asia/Kolkata,Open-Meteo Historical Weather API
RJ-Jodhpur,2014-10-24,29.6,36.4,24.9,0.0,0.0,0.0,33,5.39,0.066,0.177,0.232,31.4,31.5,26.26841,73.00594,ERA5,Asia/Kolkata,Open-Meteo Historical Weather API
RJ-Jodhpur,2014-10-25,28.2,36.0,23.4,0.1,0.1,1.0,39,5.3,0.069,0.177,0.232,31.0,31.1,26.26841,73.00594,ERA5,Asia/Kolkata,Open-Meteo Historical Weather API
RJ-Jodhpur,2014-10-26,28.1,35.9,22.2,0.0,0.0,0.0,37,5.52,0.07,0.178,0.232,30.5,30.9,26.26841,73.00594,ERA5,Asia/Kolkata,Open-Meteo Historical Weather API
RJ-Jodhpur,2014-10-27,27.8,35.4,21.6,0.0,0.0,0.0,41,4.69,0.071,0.178,0.232,30.2,30.7,26.26841,73.00594,ERA5,Asia/Kolkata,Open-Meteo Historical Weather API
RJ-Jodhpur,2014-10-28,28.0,35.4,22.5,0.0,0.0,0.0,42,5.28,0.069,0.178,0.232,29.9,30.4,26.26841,73.00594,ERA5,Asia/Kolkata,Open-Meteo Historical Weather API
RJ-Jodhpur,2014-10-29,27.9,34.4,22.9,0.0,0.0,0.0,43,4.89,0.07,0.178,0.232,30.2,30.5,26.26841,73.00594,ERA5,Asia/Kolkata,Open-Meteo Historical Weather API
RJ-Jodhpur,2014-10-30,27.6,34.4,22.3,0.0,0.0,0.0,44,4.34,0.075,0.179,0.233,29.2,30.1,26.26841,73.00594,ERA5,Asia/Kolkata,Open-Meteo Historical Weather API
RJ-Jodhpur,2014-10-31,26.7,29.4,25.0,0.0,0.0,0.0,47,3.91,0.077,0.178,0.233,28.6,29.7,26.26841,73.00594,ERA5,Asia/Kolkata,Open-Meteo Historical Weather API
RJ-Jodhpur,2014-11-01,25.1,29.7,20.7,2.9,2.9,10.0,60,3.0,0.09,0.176,0.231,27.8,28.8,26.26841,73.00594,ERA5,Asia/Kolkata,Open-Meteo Historical Weather API
RJ-Jodhpur,2014-11-02,26.2,33.5,20.3,0.0,0.0,0.0,52,3.94,0.083,0.175,0.229,28.4,28.4,26.26841,73.00594,ERA5,Asia/Kolkata,Open-Meteo Historical Weather API
RJ-Jodhpur,2014-11-03,27.0,34.7,20.6,0.0,0.0,0.0,49,4.58,0.078,0.173,0.228,29.4,29.2,26.26841,73.00594,ERA5,Asia/Kolkata,Open-Meteo Historical Weather API
RJ-Jodhpur,2014-11-04,27.0,33.7,21.9,0.0,0.0,0.0,51,5.04,0.076,0.173,0.227,29.3,29.5,26.26841,73.00594,ERA5,Asia/Kolkata,Open-Meteo Historical Weather API
RJ-Jodhpur,2014-11-05,26.2,33.6,20.5,0.0,0.0,0.0,49,4.54,0.074,0.172,0.227,28.9,29.1,26.26841,73.00594,ERA5,Asia/Kolkata,Open-Meteo Historical Weather API
RJ-Jodhpur,2014-11-06,26.5,33.9,20.8,0.0,0.0,0.0,51,4.64,0.07,0.172,0.226,28.7,29.1,26.26841,73.00594,ERA5,Asia/Kolkata,Open-Meteo Historical Weather API
RJ-Jodhpur,2014-11-07,26.0,33.4,20.0,0.0,0.0,0.0,51,4.87,0.071,0.172,0.226,28.3,29.0,26.26841,73.00594,ERA5,Asia/Kolkata,Open-Meteo Historical Weather API
RJ-Jodhpur,2014-11-08,25.9,33.0,19.7,0.0,0.0,0.0,51,4.29,0.073,0.171,0.225,28.4,28.8,26.26841,73.00594,ERA5,Asia/Kolkata,Open-Meteo Historical Weather API
RJ-Jodhpur,2014-11-09,25.7,32.3,20.6,0.0,0.0,0.0,50,5.22,0.072,0.171,0.225,28.1,28.9,26.26841,73.00594,ERA5,Asia/Kolkata,Open-Meteo Historical Weather API
RJ-Jodhpur,2014-11-10,24.8,31.7,19.8,0.0,0.0,0.0,36,5.61,0.076,0.171,0.226,27.6,28.7,26.26841,73.00594,ERA5,Asia/Kolkata,Open-Meteo Historical Weather API
RJ-Jodhpur,2014-11-11,24.3,32.0,19.1,0.0,0.0,0.0,30,5.44,0.079,0.171,0.226,26.9,28.4,26.26841,73.00594,ERA5,Asia/Kolkata,Open-Meteo Historical Weather API
RJ-Jodhpur,2014-11-12,23.7,31.8,17.2,0.0,0.0,0.0,28,5.89,0.077,0.171,0.226,25.8,27.4,26.26841,73.00594,ERA5,Asia/Kolkata,Open-Meteo Historical Weather API
RJ-Jodhpur,2014-11-13,24.2,32.0,18.3,0.0,0.0,0.0,34,5.56,0.077,0.171,0.225,26.3,27.3,26.26841,73.00594,ERA5,Asia/Kolkata,Open-Meteo Historical Weather API
RJ-Jodhpur,2014-11-14,23.8,31.9,19.1,0.0,0.0,0.0,29,5.62,0.077,0.17,0.225,26.0,27.4,26.26841,73.00594,ERA5,Asia/Kolkata,Open-Meteo Historical Weather API
RJ-Jodhpur,2014-11-15,21.1,30.4,14.6,0.0,0.0,0.0,27,4.85,0.074,0.17,0.225,24.0,26.4,26.26841,73.00594,ERA5,Asia/Kolkata,Open-Meteo Historical Weather API
RJ-Jodhpur,2014-11-16,21.6,31.6,13.8,0.0,0.0,0.0,26,5.26,0.074,0.169,0.224,23.7,25.5,26.26841,73.00594,ERA5,Asia/Kolkata,Open-Meteo Historical Weather API
RJ-Jodhpur,2014-11-17,21.9,32.0,14.2,0.0,0.0,0.0,32,4.76,0.076,0.169,0.224,23.9,25.4,26.26841,73.00594,ERA5,Asia/Kolkata,Open-Meteo Historical Weather API
RJ-Jodhpur,2014-11-18,22.0,31.8,14.8,0.0,0.0,0.0,37,4.23,0.077,0.169,0.224,24.3,25.5,26.26841,73.00594,ERA5,Asia/Kolkata,Open-Meteo Historical Weather API
RJ-Jodhpur,2014-11-19,21.8,31.6,14.5,0.0,0.0,0.0,39,4.21,0.075,0.169,0.224,24.3,25.5,26.26841,73.00594,ERA5,Asia/Kolkata,Open-Meteo Historical Weather API
RJ-Jodhpur,2014-11-20,22.0,31.7,14.1,0.0,0.0,0.0,40,4.09,0.074,0.169,0.224,24.2,25.2,26.26841,73.00594,ERA5,Asia/Kolkata,Open-Meteo Historical Weather API
RJ-Jodhpur,2014-11-21,22.4,31.5,14.9,0.0,0.0,0.0,40,3.96,0.075,0.169,0.224,24.6,25.4,26.26841,73.00594,ERA5,Asia/Kolkata,Open-Meteo Historical Weather API
RJ-Jodhpur,2014-11-22,22.3,31.7,14.8,0.0,0.0,0.0,44,4.03,0.074,0.17,0.225,24.3,25.3,26.26841,73.00594,ERA5,Asia/Kolkata,Open-Meteo Historical Weather API
RJ-Jodhpur,2014-11-23,22.4,31.1,16.0,0.0,0.0,0.0,36,4.52,0.074,0.17,0.225,24.6,25.3,26.26841,73.00594,ERA5,Asia/Kolkata,Open-Meteo Historical Weather API
RJ-Jodhpur,2014-11-24,22.0,30.7,15.8,0.0,0.0,0.0,35,4.73,0.076,0.169,0.224,24.3,25.3,26.26841,73.00594,ERA5,Asia/Kolkata,Open-Meteo Historical Weather API
RJ-Jodhpur,2014-11-25,21.8,31.3,15.3,0.0,0.0,0.0,36,4.42,0.077,0.169,0.224,24.0,25.0,26.26841,73.00594,ERA5,Asia/Kolkata,Open-Meteo Historical Weather API
RJ-Jodhpur,2014-11-26,22.0,31.3,13.8,0.0,0.0,0.0,37,3.9,0.076,0.169,0.224,23.3,24.7,26.26841,73.00594,ERA5,Asia/Kolkata,Open-Meteo Historical Weather API
RJ-Jodhpur,2014-11-27,22.5,31.9,14.9,0.0,0.0,0.0,43,4.39,0.076,0.169,0.224,23.3,24.5,26.26841,73.00594,ERA5,Asia/Kolkata,Open-Meteo Historical Weather API
RJ-Jodhpur,2014-11-28,22.6,31.0,15.9,0.0,0.0,0.0,56,4.04,0.079,0.17,0.225,24.1,24.8,26.26841,73.00594,ERA5,Asia/Kolkata,Open-Meteo Historical Weather API
RJ-Jodhpur,2014-11-29,23.0,31.0,16.9,0.0,0.0,0.0,63,3.44,0.079,0.169,0.224,24.8,25.2,26.26841,73.00594,ERA5,Asia/Kolkata,Open-Meteo Historical Weather API
RJ-Jodhpur,2014-11-30,22.9,30.6,17.4,0.0,0.0,0.0,57,3.23,0.077,0.17,0.224,25.1,25.5,26.26841,73.00594,ERA5,Asia/Kolkata,Open-Meteo Historical Weather API
RJ-Jodhpur,2014-12-01,22.4,30.4,16.9,0.0,0.0,0.0,48,4.17,0.074,0.17,0.224,24.4,25.3,26.26841,73.00594,ERA5,Asia/Kolkata,Open-Meteo Historical Weather API
RJ-Jodhpur,2014-12-02,21.1,30.2,14.7,0.0,0.0,0.0,46,3.68,0.074,0.169,0.224,23.3,24.8,26.26841,73.00594,ERA5,Asia/Kolkata,Open-Meteo Historical Weather API
RJ-Jodhpur,2014-12-03,21.0,30.0,13.8,0.0,0.0,0.0,45,3.59,0.072,0.168,0.223,23.2,24.4,26.26841,73.00594,ERA5,Asia/Kolkata,Open-Meteo Historical Weather API
RJ-Jodhpur,2014-12-04,21.5,30.6,14.8,0.0,0.0,0.0,46,3.62,0.071,0.169,0.223,23.6,24.3,26.26841,73.00594,ERA5,Asia/Kolkata,Open-Meteo Historical Weather API
RJ-Jodhpur,2014-12-05,21.8,30.5,15.0,0.0,0.0,0.0,42,4.3,0.071,0.168,0.223,23.5,24.3,26.26841,73.00594,ERA5,Asia/Kolkata,Open-Meteo Historical Weather API
RJ-Jodhpur,2014-12-06,20.9,29.4,14.4,0.0,0.0,0.0,40,4.23,0.074,0.167,0.223,22.8,24.2,26.26841,73.00594,ERA5,Asia/Kolkata,Open-Meteo Historical Weather API
RJ-Jodhpur,2014-12-07,20.0,28.8,13.4,0.0,0.0,0.0,43,3.89,0.075,0.166,0.222,22.1,23.8,26.26841,73.00594,ERA5,Asia/Kolkata,Open-Meteo Historical Weather API
RJ-Jodhpur,2014-12-08,19.6,28.8,12.4,0.0,0.0,0.0,46,3.27,0.075,0.165,0.221,21.4,23.2,26.26841,73.00594,ERA5,Asia/Kolkata,Open-Meteo Historical Weather API
RJ-Jodhpur,2014-12-09,18.8,28.4,10.8,0.0,0.0,0.0,44,3.68,0.075,0.166,0.222,20.9,22.7,26.26841,73.00594,ERA5,Asia/Kolkata,Open-Meteo Historical Weather API
RJ-Jodhpur,2014-12-10,18.8,26.8,13.7,0.0,0.0,0.0,39,4.78,0.081,0.166,0.222,20.5,22.5,26.26841,73.00594,ERA5,Asia/Kolkata,Open-Meteo Historical Weather API
RJ-Jodhpur,2014-12-11,18.6,26.5,13.1,0.0,0.0,0.0,31,5.13,0.082,0.166,0.222,20.2,21.9,26.26841,73.00594,ERA5,Asia/Kolkata,Open-Meteo Historical Weather API
RJ-Jodhpur,2014-12-12,19.1,25.8,13.8,0.0,0.0,0.0,36,5.03,0.079,0.165,0.221,20.5,22.0,26.26841,73.00594,ERA5,Asia/Kolkata,Open-Meteo Historical Weather API
RJ-Jodhpur,2014-12-13,18.1,24.1,13.3,0.0,0.0,0.0,50,3.51,0.075,0.164,0.22,20.5,22.4,26.26841,73.00594,ERA5,Asia/Kolkata,Open-Meteo Historical Weather API
RJ-Jodhpur,2014-12-14,15.9,22.4,9.8,0.0,0.0,0.0,51,3.45,0.077,0.165,0.221,19.2,21.7,26.26841,73.00594,ERA5,Asia/Kolkata,Open-Meteo Historical Weather API
RJ-Jodhpur,2014-12-15,14.6,21.5,9.1,0.0,0.0,0.0,62,3.0,0.088,0.167,0.222,17.7,20.4,26.26841,73.00594,ERA5,Asia/Kolkata,Open-Meteo Historical Weather API
RJ-Jodhpur,2014-12-16,14.9,22.4,9.4,0.0,0.0,0.0,61,3.13,0.091,0.168,0.223,17.4,19.6,26.26841,73.00594,ERA5,Asia/Kolkata,Open-Meteo Historical Weather API
RJ-Jodhpur,2014-12-17,15.2,24.0,8.8,0.0,0.0,0.0,55,3.33,0.083,0.167,0.222,17.5,19.3,26.26841,73.00594,ERA5,Asia/Kolkata,Open-Meteo Historical Weather API
RJ-Jodhpur,2014-12-18,15.9,24.9,8.9,0.0,0.0,0.0,46,3.47,0.08,0.166,0.222,17.7,19.3,26.26841,73.00594,ERA5,Asia/Kolkata,Open-Meteo Historical Weather API
RJ-Jodhpur,2014-12-19,16.7,23.8,11.3,0.0,0.0,0.0,45,3.16,0.081,0.166,0.223,18.0,19.5,26.26841,73.00594,ERA5,Asia/Kolkata,Open-Meteo Historical Weather API
RJ-Jodhpur,2014-12-20,16.0,23.9,10.3,0.0,0.0,0.0,51,3.71,0.08,0.166,0.223,18.1,19.7,26.26841,73.00594,ERA5,Asia/Kolkata,Open-Meteo Historical Weather API
RJ-Jodhpur,2014-12-21,16.1,25.5,8.7,0.0,0.0,0.0,52,3.29,0.072,0.166,0.222,18.4,19.4,26.26841,73.00594,ERA5,Asia/Kolkata,Open-Meteo Historical Weather API
RJ-Jodhpur,2014-12-22,16.6,25.3,10.5,0.0,0.0,0.0,46,3.62,0.075,0.167,0.223,18.0,19.6,26.26841,73.00594,ERA5,Asia/Kolkata,Open-Meteo Historical Weather API
RJ-Jodhpur,2014-12-23,15.3,23.0,9.1,0.0,0.0,0.0,58,3.34,0.079,0.168,0.224,17.6,19.4,26.26841,73.00594,ERA5,Asia/Kolkata,Open-Meteo Historical Weather API
RJ-Jodhpur,2014-12-24,15.2,22.9,9.3,0.0,0.0,0.0,65,3.22,0.078,0.168,0.225,17.3,19.4,26.26841,73.00594,ERA5,Asia/Kolkata,Open-Meteo Historical Weather API
RJ-Jodhpur,2014-12-25,15.4,24.0,9.0,0.0,0.0,0.0,57,3.48,0.067,0.168,0.224,17.7,19.3,26.26841,73.00594,ERA5,Asia/Kolkata,Open-Meteo Historical Weather API
RJ-Jodhpur,2014-12-26,15.8,24.5,8.9,0.0,0.0,0.0,50,3.49,0.061,0.166,0.222,18.0,19.3,26.26841,73.00594,ERA5,Asia/Kolkata,Open-Meteo Historical Weather API
RJ-Jodhpur,2014-12-27,15.9,25.2,8.6,0.0,0.0,0.0,46,3.18,0.06,0.165,0.22,18.6,19.4,26.26841,73.00594,ERA5,Asia/Kolkata,Open-Meteo Historical Weather API
RJ-Jodhpur,2014-12-28,16.7,24.9,10.6,0.0,0.0,0.0,36,4.14,0.069,0.165,0.22,18.6,19.4,26.26841,73.00594,ERA5,Asia/Kolkata,Open-Meteo Historical Weather API
RJ-Jodhpur,2014-12-29,15.4,22.9,9.5,0.0,0.0,0.0,37,4.14,0.071,0.164,0.219,17.5,19.1,26.26841,73.00594,ERA5,Asia/Kolkata,Open-Meteo Historical Weather API
RJ-Jodhpur,2014-12-30,14.3,21.7,7.7,0.0,0.0,0.0,43,3.91,0.071,0.163,0.218,16.6,18.6,26.26841,73.00594,ERA5,Asia/Kolkata,Open-Meteo Historical Weather API
RJ-Jodhpur,2014-12-31,13.6,19.9,8.4,0.0,0.0,0.0,53,3.66,0.071,0.163,0.219,15.9,18.2,26.26841,73.00594,ERA5,Asia/Kolkata,Open-Meteo Historical Weather API
RJ-Jodhpur,2015-01-01,14.9,20.5,10.0,0.9,0.9,4.0,69,2.55,0.084,0.168,0.233,16.2,18.1,26.26841,73.00594,ERA5,Asia/Kolkata,Open-Meteo Historical Weather API
RJ-Jodhpur,2015-01-02,18.0,23.1,12.9,0.2,0.2,1.0,67,3.1,0.102,0.169,0.237,18.8,18.8,26.26841,73.00594,ERA5,Asia/Kolkata,Open-Meteo Historical Weather API
RJ-Jodhpur,2015-01-03,17.2,22.3,13.1,0.0,0.0,0.0,70,2.9,0.096,0.169,0.237,19.4,19.6,26.26841,73.00594,ERA5,Asia/Kolkata,Open-Meteo Historical Weather API
RJ-Jodhpur,2015-01-04,17.3,24.5,12.4,0.0,0.0,0.0,60,3.39,0.093,0.171,0.239,18.7,19.4,26.26841,73.00594,ERA5,Asia/Kolkata,Open-Meteo Historical Weather API
RJ-Jodhpur,2015-01-05,16.7,24.9,10.8,0.0,0.0,0.0,62,3.22,0.085,0.171,0.239,18.4,19.2,26.26841,73.00594,ERA5,Asia/Kolkata,Open-Meteo Historical Weather API
RJ-Jodhpur,2015-01-06,17.3,25.6,10.2,0.0,0.0,0.0,58,3.41,0.081,0.171,0.237,18.4,19.1,26.26841,73.00594,ERA5,Asia/Kolkata,Open-Meteo Historical Weather API
RJ-Jodhpur,2015-01-07,17.4,25.6,11.2,0.0,0.0,0.0,59,3.27,0.08,0.171,0.237,18.9,19.2,26.26841,73.00594,ERA5,Asia/Kolkata,Open-Meteo Historical Weather API
RJ-Jodhpur,2015-01-08,17.7,26.2,11.7,0.0,0.0,0.0,55,3.35,0.075,0.171,0.236,19.5,19.6,26.26841,73.00594,ERA5,Asia/Kolkata,Open-Meteo Historical Weather API
RJ-Jodhpur,2015-01-09,17.7,26.6,11.8,0.0,0.0,0.0,44,3.79,0.072,0.171,0.235,19.4,19.7,26.26841,73.00594,ERA5,Asia/Kolkata,Open-Meteo Historical Weather API
RJ-Jodhpur,2015-01-10,17.9,26.9,10.5,0.0,0.0,0.0,48,3.77,0.07,0.171,0.235,19.6,19.8,26.26841,73.00594,ERA5,Asia/Kolkata,Open-Meteo Historical Weather API
RJ-Jodhpur,2015-01-11,17.9,26.7,11.1,0.0,0.0,0.0,55,3.39,0.067,0.171,0.233,20.0,20.1,26.26841,73.00594,ERA5,Asia/Kolkata,Open-Meteo Historical Weather API
RJ-Jodhpur,2015-01-12,18.0,27.1,10.1,0.0,0.0,0.0,51,3.41,0.07,0.171,0.233,19.5,20.2,26.26841,73.00594,ERA5,Asia/Kolkata,Open-Meteo Historical Weather API
RJ-Jodhpur,2015-01-13,17.9,25.5,11.0,0.0,0.0,0.0,54,3.61,0.077,0.172,0.235,18.9,19.9,26.26841,73.00594,ERA5,Asia/Kolkata,Open-Meteo Historical Weather API
RJ-Jodhpur,2015-01-14,16.3,20.9,12.5,0.0,0.0,0.0,66,3.19,0.085,0.172,0.236,18.5,19.9,26.26841,73.00594,ERA5,Asia/Kolkata,Open-Meteo Historical Weather API
RJ-Jodhpur,2015-01-15,14.0,20.0,10.4,0.0,0.0,0.0,71,3.01,0.092,0.172,0.238,16.9,18.9,26.26841,73.00594,ERA5,Asia/Kolkata,Open-Meteo Historical Weather API
RJ-Jodhpur,2015-01-16,14.1,20.6,8.9,0.0,0.0,0.0,67,3.18,0.092,0.172,0.238,16.4,18.1,26.26841,73.00594,ERA5,Asia/Kolkata,Open-Meteo Historical Weather API
RJ-Jodhpur,2015-01-17,15.3,22.8,9.3,0.0,0.0,0.0,57,3.55,0.082,0.172,0.238,17.0,18.2,26.26841,73.00594,ERA5,Asia/Kolkata,Open-Meteo Historical Weather API
RJ-Jodhpur,2015-01-18,16.1,24.4,9.7,0.0,0.0,0.0,50,3.78,0.077,0.172,0.237,17.6,18.5,26.26841,73.00594,ERA5,Asia/Kolkata,Open-Meteo Historical Weather API
RJ-Jodhpur,2015-01-19,17.3,25.3,11.0,0.0,0.0,0.0,46,4.32,0.073,0.172,0.236,18.4,18.8,26.26841,73.00594,ERA5,Asia/Kolkata,Open-Meteo Historical Weather API
RJ-Jodhpur,2015-01-20,18.2,26.0,11.5,0.0,0.0,0.0,49,3.69,0.071,0.172,0.236,18.9,19.3,26.26841,73.00594,ERA5,Asia/Kolkata,Open-Meteo Historical Weather API
RJ-Jodhpur,2015-01-21,17.9,21.8,14.8,1.0,1.0,3.0,65,2.24,0.085,0.173,0.237,19.3,20.1,26.26841,73.00594,ERA5,Asia/Kolkata,Open-Meteo Historical Weather API
RJ-Jodhpur,2015-01-22,17.0,20.6,14.3,0.5,0.5,4.0,80,2.44,0.112,0.174,0.238,19.3,19.9,26.26841,73.00594,ERA5,Asia/Kolkata,Open-Meteo Historical Weather API
RJ-Jodhpur,2015-01-23,15.7,20.1,12.6,0.0,0.0,0.0,74,2.86,0.117,0.176,0.24,18.3,19.2,26.26841,73.00594,ERA5,Asia/Kolkata,Open-Meteo Historical Weather API
RJ-Jodhpur,2015-01-24,15.1,20.8,10.4,0.0,0.0,0.0,68,3.2,0.113,0.177,0.241,17.5,18.3,26.26841,73.00594,ERA5,Asia/Kolkata,Open-Meteo Historical Weather API
RJ-Jodhpur,2015-01-25,15.4,21.1,11.0,0.0,0.0,0.0,69,3.19,0.107,0.179,0.243,17.5,18.2,26.26841,73.00594,ERA5,Asia/Kolkata,Open-Meteo Historical Weather API
RJ-Jodhpur,2015-01-26,15.4,21.1,11.7,0.0,0.0,0.0,60,3.44,0.099,0.179,0.244,17.7,18.6,26.26841,73.00594,ERA5,Asia/Kolkata,Open-Meteo Historical Weather API
RJ-Jodhpur,2015-01-27,14.3,20.8,9.2,0.0,0.0,0.0,58,3.61,0.09,0.179,0.244,17.0,18.2,26.26841,73.00594,ERA5,Asia/Kolkata,Open-Meteo Historical Weather API
RJ-Jodhpur,2015-01-28,13.2,19.6,7.7,0.0,0.0,0.0,58,3.36,0.087,0.179,0.244,15.9,17.7,26.26841,73.00594,ERA5,Asia/Kolkata,Open-Meteo Historical Weather API
RJ-Jodhpur,2015-01-29,14.4,22.6,7.9,0.0,0.0,0.0,50,3.77,0.078,0.179,0.243,16.8,17.4,26.26841,73.00594,ERA5,Asia/Kolkata,Open-Meteo Historical Weather API
RJ-Jodhpur,2015-01-30,15.5,23.9,9.2,0.0,0.0,0.0,43,4.09,0.076,0.178,0.243,17.4,17.9,26.26841,73.00594,ERA5,Asia/Kolkata,Open-Meteo Historical Weather API
RJ-Jodhpur,2015-01-31,17.9,27.4,10.0,0.0,0.0,0.0,39,3.86,0.079,0.178,0.242,18.5,18.4,26.26841,73.00594,ERA5,Asia/Kolkata,Open-Meteo Historical Weather API
RJ-Jodhpur,2015-02-01,18.7,27.1,11.0,0.0,0.0,0.0,41,4.33,0.078,0.178,0.241,19.2,19.0,26.26841,73.00594,ERA5,Asia/Kolkata,Open-Meteo Historical Weather API
RJ-Jodhpur,2015-02-02,19.3,26.3,12.6,0.0,0.0,0.0,54,3.97,0.079,0.178,0.242,20.2,19.6,26.26841,73.00594,ERA5,Asia/Kolkata,Open-Meteo Historical Weather API
RJ-Jodhpur,2015-02-03,17.9,24.3,11.9,0.0,0.0,0.0,61,3.78,0.078,0.179,0.242,20.6,20.5,26.26841,73.00594,ERA5,Asia/Kolkata,Open-Meteo Historical Weather API
RJ-Jodhpur,2015-02-04,18.1,25.7,12.3,0.0,0.0,0.0,52,4.59,0.075,0.178,0.241,19.9,19.9,26.26841,73.00594,ERA5,Asia/Kolkata,Open-Meteo Historical Weather API
RJ-Jodhpur,2015-02-05,17.6,25.6,11.7,0.0,0.0,0.0,43,4.19,0.07,0.177,0.239,20.0,19.7,26.26841,73.00594,ERA5,Asia/Kolkata,Open-Meteo Historical Weather API
RJ-Jodhpur,2015-02-06,18.9,27.2,12.8,0.0,0.0,0.0,32,4.77,0.068,0.176,0.238,20.7,20.0,26.26841,73.00594,ERA5,Asia/Kolkata,Open-Meteo Historical Weather API
RJ-Jodhpur,2015-02-07,19.2,27.8,12.8,0.0,0.0,0.0,43,4.33,0.071,0.176,0.238,21.0,20.5,26.26841,73.00594,ERA5,Asia/Kolkata,Open-Meteo Historical Weather API
RJ-Jodhpur,2015-02-08,19.3,27.4,13.1,0.0,0.0,0.0,55,4.12,0.07,0.176,0.238,21.0,20.7,26.26841,73.00594,ERA5,Asia/Kolkata,Open-Meteo Historical Weather API
RJ-Jodhpur,2015-02-09,20.2,26.5,14.8,0.0,0.0,0.0,47,4.78,0.066,0.175,0.238,21.9,21.2,26.26841,73.00594,ERA5,Asia/Kolkata,Open-Meteo Historical Weather API
RJ-Jodhpur,2015-02-10,20.7,26.6,14.9,0.0,0.0,0.0,39,5.1,0.066,0.175,0.237,23.0,21.9,26.26841,73.00594,ERA5,Asia/Kolkata,Open-Meteo Historical Weather API
RJ-Jodhpur,2015-02-11,19.8,26.8,14.3,0.0,0.0,0.0,33,5.48,0.068,0.174,0.237,22.2,22.0,26.26841,73.00594,ERA5,Asia/Kolkata,Open-Meteo Historical Weather API
RJ-Jodhpur,2015-02-12,19.0,27.2,12.3,0.0,0.0,0.0,33,4.95,0.07,0.174,0.237,21.2,21.4,26.26841,73.00594,ERA5,Asia/Kolkata,Open-Meteo Historical Weather API
RJ-Jodhpur,2015-02-13,21.2,30.7,12.4,0.0,0.0,0.0,36,5.52,0.073,0.174,0.237,21.9,21.3,26.26841,73.00594,ERA5,Asia/Kolkata,Open-Meteo Historical Weather API
RJ-Jodhpur,2015-02-14,23.2,30.8,17.0,0.0,0.0,0.0,45,5.34,0.072,0.174,0.237,23.8,22.4,26.26841,73.00594,ERA5,Asia/Kolkata,Open-Meteo Historical Weather API
RJ-Jodhpur,2015-02-15,24.0,32.3,16.4,0.0,0.0,0.0,55,4.65,0.076,0.174,0.237,24.5,23.1,26.26841,73.00594,ERA5,Asia/Kolkata,Open-Meteo Historical Weather API
RJ-Jodhpur,2015-02-16,24.4,31.8,18.5,0.0,0.0,0.0,56,5.41,0.078,0.176,0.238,24.8,23.7,26.26841,73.00594,ERA5,Asia/Kolkata,Open-Meteo Historical Weather API
RJ-Jodhpur,2015-02-17,23.2,30.3,17.3,0.0,0.0,0.0,59,4.46,0.081,0.177,0.239,24.9,23.8,26.26841,73.00594,ERA5,Asia/Kolkata,Open-Meteo Historical Weather API
RJ-Jodhpur,2015-02-18,23.7,31.4,17.4,0.0,0.0,0.0,57,4.73,0.078,0.178,0.239,25.3,24.1,26.26841,73.00594,ERA5,Asia/Kolkata,Open-Meteo Historical Weather API
RJ-Jodhpur,2015-02-19,24.9,32.7,18.2,0.0,0.0,0.0,48,5.6,0.079,0.179,0.24,25.6,24.4,26.26841,73.00594,ERA5,Asia/Kolkata,Open-Meteo Historical Weather API
RJ-Jodhpur,2015-02-20,24.3,32.1,17.0,0.0,0.0,0.0,50,5.04,0.077,0.18,0.241,25.2,24.4,26.26841,73.00594,ERA5,Asia/Kolkata,Open-Meteo Historical Weather API
RJ-Jodhpur,2015-02-21,25.2,32.8,19.0,0.0,0.0,0.0,52,4.96,0.079,0.18,0.242,26.4,24.7,26.26841,73.00594,ERA5,Asia/Kolkata,Open-Meteo Historical Weather API
RJ-Jodhpur,2015-02-22,25.1,32.5,19.3,0.0,0.0,0.0,48,5.03,0.073,0.18,0.241,26.8,25.3,26.26841,73.00594,ERA5,Asia/Kolkata,Open-Meteo Historical Weather API
RJ-Jodhpur,2015-02-23,26.4,34.9,19.1,0.0,0.0,0.0,40,5.88,0.073,0.181,0.242,27.0,25.7,26.26841,73.00594,ERA5,Asia/Kolkata,Open-Meteo Historical Weather API
RJ-Jodhpur,2015-02-24,25.4,30.5,20.5,0.0,0.0,0.0,43,5.02,0.073,0.181,0.242,26.5,25.8,26.26841,73.00594,ERA5,Asia/Kolkata,Open-Meteo Historical Weather API
RJ-Jodhpur,2015-02-25,22.0,26.0,17.5,0.0,0.0,0.0,32,6.27,0.075,0.181,0.242,25.2,25.4,26.26841,73.00594,ERA5,Asia/Kolkata,Open-Meteo Historical Weather API
RJ-Jodhpur,2015-02-26,18.5,25.0,13.3,0.0,0.0,0.0,26,5.16,0.075,0.18,0.242,22.6,23.5,26.26841,73.00594,ERA5,Asia/Kolkata,Open-Meteo Historical Weather API
RJ-Jodhpur,2015-02-27,19.5,26.4,12.9,0.0,0.0,0.0,26,5.38,0.076,0.18,0.241,22.6,22.8,26.26841,73.00594,ERA5,Asia/Kolkata,Open-Meteo Historical Weather API
RJ-Jodhpur,2015-02-28,19.7,27.1,16.6,3.7,3.7,4.0,49,4.77,0.099,0.181,0.242,22.2,22.9,26.26841,73.00594,ERA5,Asia/Kolkata,Open-Meteo Historical Weather API
RJ-Jodhpur,2015-03-01,18.7,23.1,15.2,5.4,5.4,7.0,73,3.67,0.149,0.183,0.243,21.3,22.1,26.26841,73.00594,ERA5,Asia/Kolkata,Open-Meteo Historical Weather API
RJ-Jodhpur,2015-03-02,17.9,22.7,14.7,0.0,0.0,0.0,75,3.21,0.181,0.188,0.243,20.7,21.3,26.26841,73.00594,ERA5,Asia/Kolkata,Open-Meteo Historical Weather API
RJ-Jodhpur,2015-03-03,19.1,25.4,13.3,0.0,0.0,0.0,61,3.7,0.149,0.189,0.242,20.6,20.5,26.26841,73.00594,ERA5,Asia/Kolkata,Open-Meteo Historical Weather API
RJ-Jodhpur,2015-03-04,20.4,27.7,14.3,0.0,0.0,0.0,47,4.87,0.123,0.188,0.24,22.0,20.8,26.26841,73.00594,ERA5,Asia/Kolkata,Open-Meteo Historical Weather API
RJ-Jodhpur,2015-03-05,20.7,27.8,14.2,0.0,0.0,0.0,49,4.52,0.103,0.187,0.239,22.2,21.6,26.26841,73.00594,ERA5,Asia/Kolkata,Open-Meteo Historical Weather API
RJ-Jodhpur,2015-03-06,22.1,28.8,16.1,0.0,0.0,0.0,54,4.28,0.094,0.187,0.239,24.0,22.4,26.26841,73.00594,ERA5,Asia/Kolkata,Open-Meteo Historical Weather API
RJ-Jodhpur,2015-03-07,23.4,28.8,17.9,0.0,0.0,0.0,52,5.48,0.088,0.187,0.239,25.3,23.5,26.26841,73.00594,ERA5,Asia/Kolkata,Open-Meteo Historical Weather API
RJ-Jodhpur,2015-03-08,23.1,29.1,18.8,0.0,0.0,0.0,44,6.44,0.083,0.187,0.239,25.7,23.9,26.26841,73.00594,ERA5,Asia/Kolkata,Open-Meteo Historical Weather API
RJ-Jodhpur,2015-03-09,20.3,27.0,13.8,0.0,0.0,0.0,25,6.95,0.077,0.186,0.238,23.4,23.2,26.26841,73.00594,ERA5,Asia/Kolkata,Open-Meteo Historical Weather API
RJ-Jodhpur,2015-03-10,19.9,27.2,13.6,0.0,0.0,0.0,40,5.99,0.077,0.185,0.238,22.9,22.6,26.26841,73.00594,ERA5,Asia/Kolkata,Open-Meteo Historical Weather API
RJ-Jodhpur,2015-03-11,23.2,30.9,15.2,0.0,0.0,0.0,36,6.27,0.074,0.184,0.238,25.0,23.1,26.26841,73.00594,ERA5,Asia/Kolkata,Open-Meteo Historical Weather API
RJ-Jodhpur,2015-03-12,25.9,33.6,19.6,0.0,0.0,0.0,34,6.38,0.072,0.184,0.237,26.8,24.7,26.26841,73.00594,ERA5,Asia/Kolkata,Open-Meteo Historical Weather API
RJ-Jodhpur,2015-03-13,25.9,31.9,20.9,0.0,0.0,0.0,40,6.24,0.068,0.182,0.236,27.4,25.4,26.26841,73.00594,ERA5,Asia/Kolkata,Open-Meteo Historical Weather API
RJ-Jodhpur,2015-03-14,22.6,28.1,19.1,3.4,3.4,6.0,58,4.29,0.085,0.182,0.237,25.1,25.2,26.26841,73.00594,ERA5,Asia/Kolkata,Open-Meteo Historical Weather API
RJ-Jodhpur,2015-03-15,21.7,27.1,17.6,0.0,0.0,0.0,57,5.17,0.099,0.183,0.237,23.8,24.0,26.26841,73.00594,ERA5,Asia/Kolkata,Open-Meteo Historical Weather API
RJ-Jodhpur,2015-03-16,22.2,28.6,16.3,0.0,0.0,0.0,53,5.24,0.085,0.183,0.237,24.9,23.7,26.26841,73.00594,ERA5,Asia/Kolkata,Open-Meteo Historical Weather API
RJ-Jodhpur,2015-03-17,23.3,29.2,17.3,0.0,0.0,0.0,49,5.96,0.072,0.182,0.236,26.1,24.4,26.26841,73.00594,ERA5,Asia/Kolkata,Open-Meteo Historical Weather API
RJ-Jodhpur,2015-03-18,24.2,31.6,17.3,0.0,0.0,0.0,46,5.27,0.065,0.18,0.235,27.4,25.2,26.26841,73.00594,ERA5,Asia/Kolkata,Open-Meteo Historical Weather API
RJ-Jodhpur,2015-03-19,26.0,33.5,18.7,0.0,0.0,0.0,33,6.15,0.064,0.179,0.234,28.2,26.0,26.26841,73.00594,ERA5,Asia/Kolkata,Open-Meteo Historical Weather API
RJ-Jodhpur,2015-03-20,28.2,35.8,20.0,0.0,0.0,0.0,30,6.21,0.065,0.178,0.233,29.5,26.9,26.26841,73.00594,ERA5,Asia/Kolkata,Open-Meteo Historical Weather API
RJ-Jodhpur,2015-03-21,29.5,37.0,21.7,0.0,0.0,0.0,33,6.27,0.064,0.176,0.233,31.1,28.1,26.26841,73.00594,ERA5,Asia/Kolkata,Open-Meteo Historical Weather API
RJ-Jodhpur,2015-03-22,30.2,36.7,24.1,0.0,0.0,0.0,33,6.94,0.06,0.175,0.232,31.9,29.1,26.26841,73.00594,ERA5,Asia/Kolkata,Open-Meteo Historical Weather API
RJ-Jodhpur,2015-03-23,30.3,38.8,22.2,0.0,0.0,0.0,35,6.86,0.062,0.174,0.23,32.3,29.6,26.26841,73.00594,ERA5,Asia/Kolkata,Open-Meteo Historical Weather API
RJ-Jodhpur,2015-03-24,31.1,39.2,23.1,0.0,0.0,0.0,31,6.86,0.064,0.173,0.23,32.6,30.1,26.26841,73.00594,ERA5,Asia/Kolkata,Open-Meteo Historical Weather API
RJ-Jodhpur,2015-03-25,31.7,39.6,26.0,0.0,0.0,0.0,26,6.56,0.065,0.174,0.23,33.4,30.5,26.26841,73.00594,ERA5,Asia/Kolkata,Open-Meteo Historical Weather API
RJ-Jodhpur,2015-03-26,31.6,38.7,24.7,0.0,0.0,0.0,30,7.69,0.068,0.175,0.231,33.1,31.0,26.26841,73.00594,ERA5,Asia/Kolkata,Open-Meteo Historical Weather API
RJ-Jodhpur,2015-03-27,32.1,39.8,24.6,0.0,0.0,0.0,34,7.33,0.068,0.175,0.231,33.9,31.4,26.26841,73.00594,ERA5,Asia/Kolkata,Open-Meteo Historical Weather API
RJ-Jodhpur,2015-03-28,32.4,40.0,25.5,0.0,0.0,0.0,30,8.54,0.066,0.173,0.23,34.2,31.7,26.26841,73.00594,ERA5,Asia/Kolkata,Open-Meteo Historical Weather API
RJ-Jodhpur,2015-03-29,31.4,37.1,27.3,0.0,0.0,0.0,32,7.47,0.066,0.173,0.23,32.7,31.5,26.26841,73.00594,ERA5,Asia/Kolkata,Open-Meteo Historical Weather API
RJ-Jodhpur,2015-03-30,29.2,35.2,24.5,0.0,0.0,0.0,32,7.24,0.064,0.173,0.23,32.6,30.7,26.26841,73.00594,ERA5,Asia/Kolkata,Open-Meteo Historical Weather API
RJ-Jodhpur,2015-03-31,29.2,35.4,23.5,0.0,0.0,0.0,36,6.92,0.064,0.173,0.229,32.8,30.8,26.26841,73.00594,ERA5,Asia/Kolkata,Open-Meteo Historical Weather API
RJ-Jodhpur,2015-04-01,30.2,36.8,23.4,0.0,0.0,0.0,28,8.87,0.064,0.173,0.229,32.4,30.8,26.26841,73.00594,ERA5,Asia/Kolkata,Open-Meteo Historical Weather API
RJ-Jodhpur,2015-04-02,30.6,36.2,25.4,0.0,0.0,0.0,46,7.88,0.064,0.173,0.229,33.0,31.1,26.26841,73.00594,ERA5,Asia/Kolkata,Open-Meteo Historical Weather API
RJ-Jodhpur,2015-04-03,29.2,35.5,24.0,1.1,1.1,2.0,45,8.46,0.068,0.173,0.23,31.8,31.2,26.26841,73.00594,ERA5,Asia/Kolkata,Open-Meteo Historical Weather API
RJ-Jodhpur,2015-04-04,25.0,30.1,19.2,3.0,3.0,4.0,73,4.16,0.107,0.174,0.23,28.9,29.6,26.26841,73.00594,ERA5,Asia/Kolkata,Open-Meteo Historical Weather API
RJ-Jodhpur,2015-04-05,27.9,33.2,23.6,0.0,0.0,0.0,57,5.65,0.099,0.175,0.23,30.9,29.1,26.26841,73.00594,ERA5,Asia/Kolkata,Open-Meteo Historical Weather API
RJ-Jodhpur,2015-04-06,28.9,34.4,23.9,0.3,0.3,1.0,45,6.68,0.08,0.176,0.23,32.1,29.9,26.26841,73.00594,ERA5,Asia/Kolkata,Open-Meteo Historical Weather API
RJ-Jodhpur,2015-04-07,27.5,33.8,20.7,0.8,0.8,3.0,51,6.37,0.082,0.177,0.231,31.0,30.3,26.26841,73.00594,ERA5,Asia/Kolkata,Open-Meteo Historical Weather API
RJ-Jodhpur,2015-04-08,29.9,35.8,24.1,0.0,0.0,0.0,35,7.87,0.066,0.177,0.231,32.7,30.4,26.26841,73.00594,ERA5,Asia/Kolkata,Open-Meteo Historical Weather API
RJ-Jodhpur,2015-04-09,29.9,36.2,23.9,0.0,0.0,0.0,28,7.23,0.059,0.175,0.23,33.5,31.0,26.26841,73.00594,ERA5,Asia/Kolkata,Open-Meteo Historical Weather API
RJ-Jodhpur,2015-04-10,30.8,37.9,22.8,0.0,0.0,0.0,26,7.09,0.063,0.174,0.228,33.9,31.4,26.26841,73.00594,ERA5,Asia/Kolkata,Open-Meteo Historical Weather API
RJ-Jodhpur,2015-04-11,28.9,35.4,24.0,1.2,1.2,2.0,34,6.1,0.071,0.174,0.229,32.3,31.7,26.26841,73.00594,ERA5,Asia/Kolkata,Open-Meteo Historical Weather API
RJ-Jodhpur,2015-04-12,26.0,30.0,22.0,0.8,0.8,1.0,51,4.97,0.083,0.176,0.231,29.2,30.1,26.26841,73.00594,ERA5,Asia/Kolkata,Open-Meteo Historical Weather API
RJ-Jodhpur,2015-04-13,27.5,33.3,21.8,0.0,0.0,0.0,48,6.55,0.072,0.176,0.23,30.4,29.3,26.26841,73.00594,ERA5,Asia/Kolkata,Open-Meteo Historical Weather API
RJ-Jodhpur,2015-04-14,28.4,33.5,23.1,0.0,0.0,0.0,47,6.95,0.061,0.175,0.229,31.7,30.0,26.26841,73.00594,ERA5,Asia/Kolkata,Open-Meteo Historical Weather API
RJ-Jodhpur,2015-04-15,29.8,35.9,23.5,0.0,0.0,0.0,42,6.75,0.061,0.174,0.229,33.0,30.7,26.26841,73.00594,ERA5,Asia/Kolkata,Open-Meteo Historical Weather API
RJ-Jodhpur,2015-04-16,31.9,38.0,25.4,0.0,0.0,0.0,37,7.08,0.058,0.172,0.227,34.9,31.9,26.26841,73.00594,ERA5,Asia/Kolkata,Open-Meteo Historical Weather API
RJ-Jodhpur,2015-04-17,33.9,41.7,25.9,0.0,0.0,0.0,31,8.77,0.057,0.171,0.226,35.6,32.8,26.26841,73.00594,ERA5,Asia/Kolkata,Open-Meteo Historical Weather API
RJ-Jodhpur,2015-04-18,35.3,42.9,29.1,0.0,0.0,0.0,27,9.52,0.058,0.171,0.226,36.8,33.5,26.26841,73.00594,ERA5,Asia/Kolkata,Open-Meteo Historical Weather API
RJ-Jodhpur,2015-04-19,35.6,42.1,29.4,0.0,0.0,0.0,26,10.45,0.058,0.171,0.226,37.3,34.2,26.26841,73.00594,ERA5,Asia/Kolkata,Open-Meteo Historical Weather API
RJ-Jodhpur,2015-04-20,34.8,40.8,29.7,0.0,0.0,0.0,21,10.32,0.057,0.17,0.225,36.9,34.2,26.26841,73.00594,ERA5,Asia/Kolkata,Open-Meteo Historical Weather API
RJ-Jodhpur,2015-04-21,34.4,40.4,28.9,0.0,0.0,0.0,28,8.03,0.06,0.17,0.225,37.3,34.2,26.26841,73.00594,ERA5,Asia/Kolkata,Open-Meteo Historical Weather API
RJ-Jodhpur,2015-04-22,33.8,40.6,27.7,0.0,0.0,0.0,22,8.95,0.062,0.17,0.225,36.7,34.5,26.26841,73.00594,ERA5,Asia/Kolkata,Open-Meteo Historical Weather API
RJ-Jodhpur,2015-04-23,33.1,40.4,26.9,0.0,0.0,0.0,24,9.27,0.063,0.17,0.225,35.4,33.9,26.26841,73.00594,ERA5,Asia/Kolkata,Open-Meteo Historical Weather API
RJ-Jodhpur,2015-04-24,33.5,40.8,27.8,0.0,0.0,0.0,27,9.21,0.064,0.17,0.225,35.6,33.7,26.26841,73.00594,ERA5,Asia/Kolkata,Open-Meteo Historical Weather API
RJ-Jodhpur,2015-04-25,34.6,41.7,28.1,0.0,0.0,0.0,27,9.46,0.063,0.17,0.224,36.4,34.1,26.26841,73.00594,ERA5,Asia/Kolkata,Open-Meteo Historical Weather API
RJ-Jodhpur,2015-04-26,35.6,42.6,29.7,0.0,0.0,0.0,28,10.37,0.062,0.17,0.224,37.6,34.8,26.26841,73.00594,ERA5,Asia/Kolkata,Open-Meteo Historical Weather API
RJ-Jodhpur,2015-04-27,36.1,42.4,30.0,0.0,0.0,0.0,28,11.26,0.061,0.169,0.224,37.9,35.2,26.26841,73.00594,ERA5,Asia/Kolkata,Open-Meteo Historical Weather API
RJ-Jodhpur,2015-04-28,36.1,41.6,31.7,0.0,0.0,0.0,29,10.25,0.06,0.168,0.223,38.7,35.6,26.26841,73.00594,ERA5,Asia/Kolkata,Open-Meteo Historical Weather API
RJ-Jodhpur,2015-04-29,35.1,42.0,28.8,0.0,0.0,0.0,22,8.96,0.061,0.169,0.224,38.0,35.5,26.26841,73.00594,ERA5,Asia/Kolkata,Open-Meteo Historical Weather API
RJ-Jodhpur,2015-04-30,35.2,41.3,30.1,0.0,0.0,0.0,26,10.94,0.062,0.17,0.224,37.3,35.5,26.26841,73.00594,ERA5,Asia/Kolkata,Open-Meteo Historical Weather API
RJ-Jodhpur,2015-05-01,33.9,40.5,26.5,0.0,0.0,0.0,25,8.52,0.063,0.17,0.225,37.6,35.3,26.26841,73.00594,ERA5,Asia/Kolkata,Open-Meteo Historical Weather API
RJ-Jodhpur,2015-05-02,34.4,40.8,28.0,0.0,0.0,0.0,23,7.46,0.065,0.171,0.225,37.9,35.5,26.26841,73.00594,ERA5,Asia/Kolkata,Open-Meteo Historical Weather API
RJ-Jodhpur,2015-05-03,34.7,42.6,27.3,0.0,0.0,0.0,22,8.17,0.066,0.171,0.225,37.4,35.4,26.26841,73.00594,ERA5,Asia/Kolkata,Open-Meteo Historical Weather API
RJ-Jodhpur,2015-05-04,35.2,42.6,27.9,0.0,0.0,0.0,22,8.96,0.067,0.17,0.225,37.6,35.4,26.26841,73.00594,ERA5,Asia/Kolkata,Open-Meteo Historical Weather API
RJ-Jodhpur,2015-05-05,34.9,42.4,27.9,0.1,0.1,1.0,22,8.93,0.068,0.17,0.225,37.6,35.6,26.26841,73.00594,ERA5,Asia/Kolkata,Open-Meteo Historical Weather API
RJ-Jodhpur,2015-05-06,35.7,42.2,28.9,0.0,0.0,0.0,20,10.31,0.066,0.17,0.225,38.0,35.8,26.26841,73.00594,ERA5,Asia/Kolkata,Open-Meteo Historical Weather API
RJ-Jodhpur,2015-05-07,34.4,40.9,28.5,0.0,0.0,0.0,25,10.25,0.067,0.169,0.225,37.1,35.9,26.26841,73.00594,ERA5,Asia/Kolkata,Open-Meteo Historical Weather API
RJ-Jodhpur,2015-05-08,34.4,40.6,29.5,0.0,0.0,0.0,30,9.7,0.067,0.169,0.225,36.8,35.4,26.26841,73.00594,ERA5,Asia/Kolkata,Open-Meteo Historical Weather API
RJ-Jodhpur,2015-05-09,34.2,40.5,28.5,0.0,0.0,0.0,29,9.71,0.066,0.168,0.224,36.9,35.4,26.26841,73.00594,ERA5,Asia/Kolkata,Open-Meteo Historical Weather API
RJ-Jodhpur,2015-05-10,33.7,39.9,27.5,0.2,0.2,2.0,36,7.75,0.07,0.169,0.224,36.8,35.3,26.26841,73.00594,ERA5,Asia/Kolkata,Open-Meteo Historical Weather API
RJ-Jodhpur,2015-05-11,33.6,39.1,29.2,0.2,0.2,1.0,43,7.92,0.075,0.169,0.225,36.9,35.5,26.26841,73.00594,ERA5,Asia/Kolkata,Open-Meteo Historical Weather API
RJ-Jodhpur,2015-05-12,32.1,39.0,26.4,0.0,0.0,0.0,50,6.97,0.079,0.17,0.225,36.6,35.5,26.26841,73.00594,ERA5,Asia/Kolkata,Open-Meteo Historical Weather API
RJ-Jodhpur,2015-05-13,32.4,39.0,26.8,0.0,0.0,0.0,42,7.45,0.074,0.172,0.227,36.3,35.5,26.26841,73.00594,ERA5,Asia/Kolkata,Open-Meteo Historical Weather API
RJ-Jodhpur,2015-05-14,33.0,38.4,27.6,0.0,0.0,0.0,39,6.17,0.071,0.172,0.227,37.3,35.6,26.26841,73.00594,ERA5,Asia/Kolkata,Open-Meteo Historical Weather API
RJ-Jodhpur,2015-05-15,34.9,41.8,27.1,0.0,0.0,0.0,33,7.95,0.07,0.171,0.226,38.0,36.1,26.26841,73.00594,ERA5,Asia/Kolkata,Open-Meteo Historical Weather API
RJ-Jodhpur,2015-05-16,36.8,43.9,29.6,0.0,0.0,0.0,22,10.23,0.067,0.17,0.225,38.6,36.3,26.26841,73.00594,ERA5,Asia/Kolkata,Open-Meteo Historical Weather API
RJ-Jodhpur,2015-05-17,36.8,44.1,30.8,0.0,0.0,0.0,25,10.63,0.064,0.168,0.224,39.1,36.7,26.26841,73.00594,ERA5,Asia/Kolkata,Open-Meteo Historical Weather API
RJ-Jodhpur,2015-05-18,36.9,43.5,30.9,0.0,0.0,0.0,29,10.83,0.063,0.167,0.224,39.2,37.0,26.26841,73.00594,ERA5,Asia/Kolkata,Open-Meteo Historical Weather API
RJ-Jodhpur,2015-05-19,35.9,42.4,31.3,0.0,0.0,0.0,41,8.88,0.063,0.167,0.223,39.2,37.4,26.26841,73.00594,ERA5,Asia/Kolkata,Open-Meteo Historical Weather API
RJ-Jodhpur,2015-05-20,35.7,41.7,30.6,0.7,0.7,1.0,40,8.39,0.065,0.168,0.224,39.1,37.4,26.26841,73.00594,ERA5,Asia/Kolkata,Open-Meteo Historical Weather API
RJ-Jodhpur,2015-05-21,36.1,42.4,30.7,0.0,0.0,0.0,40,9.03,0.075,0.169,0.224,38.9,37.3,26.26841,73.00594,ERA5,Asia/Kolkata,Open-Meteo Historical Weather API
RJ-Jodhpur,2015-05-22,35.7,42.4,30.1,0.0,0.0,0.0,33,10.62,0.085,0.169,0.224,36.9,36.4,26.26841,73.00594,ERA5,Asia/Kolkata,Open-Meteo Historical Weather API
RJ-Jodhpur,2015-05-23,36.2,43.1,30.3,0.0,0.0,0.0,38,10.62,0.067,0.168,0.224,38.0,36.2,26.26841,73.00594,ERA5,Asia/Kolkata,Open-Meteo Historical Weather API
RJ-Jodhpur,2015-05-24,35.9,42.1,30.6,0.0,0.0,0.0,42,10.78,0.066,0.168,0.224,38.3,36.5,26.26841,73.00594,ERA5,Asia/Kolkata,Open-Meteo Historical Weather API
RJ-Jodhpur,2015-05-25,36.5,42.2,30.4,0.0,0.0,0.0,39,11.38,0.064,0.168,0.224,38.7,36.7,26.26841,73.00594,ERA5,Asia/Kolkata,Open-Meteo Historical Weather API
RJ-Jodhpur,2015-05-26,36.2,41.9,30.5,0.0,0.0,0.0,43,10.13,0.063,0.168,0.224,39.1,37.0,26.26841,73.00594,ERA5,Asia/Kolkata,Open-Meteo Historical Weather API
RJ-Jodhpur,2015-05-27,36.8,42.0,31.8,0.0,0.0,0.0,44,9.47,0.063,0.167,0.223,40.0,37.5,26.26841,73.00594,ERA5,Asia/Kolkata,Open-Meteo Historical Weather API
RJ-Jodhpur,2015-05-28,35.8,41.6,29.9,0.0,0.0,0.0,41,9.64,0.063,0.167,0.223,39.2,37.6,26.26841,73.00594,ERA5,Asia/Kolkata,Open-Meteo Historical Weather API
RJ-Jodhpur,2015-05-29,36.2,41.1,31.6,0.0,0.0,0.0,33,9.77,0.063,0.167,0.223,39.5,37.7,26.26841,73.00594,ERA5,Asia/Kolkata,Open-Meteo Historical Weather API
RJ-Jodhpur,2015-05-30,36.7,42.3,31.3,0.0,0.0,0.0,28,9.47,0.063,0.167,0.223,39.7,37.6,26.26841,73.00594,ERA5,Asia/Kolkata,Open-Meteo Historical Weather API
RJ-Jodhpur,2015-05-31,36.7,43.5,30.4,0.0,0.0,0.0,29,9.16,0.064,0.166,0.223,39.5,37.7,26.26841,73.00594,ERA5,Asia/Kolkata,Open-Meteo Historical Weather API
RJ-Jodhpur,2015-06-01,36.2,42.3,31.6,0.0,0.0,0.0,34,10.0,0.065,0.166,0.223,39.2,37.8,26.26841,73.00594,ERA5,Asia/Kolkata,Open-Meteo Historical Weather API
RJ-Jodhpur,2015-06-02,32.8,38.3,28.2,0.1,0.1,1.0,42,7.27,0.068,0.166,0.223,37.3,37.4,26.26841,73.00594,ERA5,Asia/Kolkata,Open-Meteo Historical Weather API
RJ-Jodhpur,2015-06-03,28.1,33.1,23.4,2.5,2.5,8.0,59,5.05,0.086,0.167,0.223,33.2,35.8,26.26841,73.00594,ERA5,Asia/Kolkata,Open-Meteo Historical Weather API
RJ-Jodhpur,2015-06-04,29.9,36.4,23.9,0.0,0.0,0.0,55,5.95,0.094,0.169,0.224,34.3,34.5,26.26841,73.00594,ERA5,Asia/Kolkata,Open-Meteo Historical Weather API
RJ-Jodhpur,2015-06-05,33.6,39.5,25.9,0.0,0.0,0.0,38,6.82,0.08,0.169,0.224,36.8,35.2,26.26841,73.00594,ERA5,Asia/Kolkata,Open-Meteo Historical Weather API
RJ-Jodhpur,2015-06-06,35.4,41.7,28.2,0.0,0.0,0.0,31,7.66,0.074,0.168,0.223,38.8,36.2,26.26841,73.00594,ERA5,Asia/Kolkata,Open-Meteo Historical Weather API
RJ-Jodhpur,2015-06-07,36.7,43.0,30.3,0.0,0.0,0.0,29,8.44,0.071,0.167,0.223,39.4,37.1,26.26841,73.00594,ERA5,Asia/Kolkata,Open-Meteo Historical Weather API
RJ-Jodhpur,2015-06-08,36.2,41.1,32.4,0.0,0.0,0.0,34,9.19,0.068,0.166,0.222,39.2,37.4,26.26841,73.00594,ERA5,Asia/Kolkata,Open-Meteo Historical Weather API
RJ-Jodhpur,2015-06-09,32.0,34.7,28.9,0.1,0.1,1.0,53,5.48,0.066,0.165,0.221,35.8,36.6,26.26841,73.00594,ERA5,Asia/Kolkata,Open-Meteo Historical Weather API
RJ-Jodhpur,2015-06-10,32.7,38.5,29.0,0.0,0.0,0.0,53,6.38,0.072,0.165,0.221,35.5,35.4,26.26841,73.00594,ERA5,Asia/Kolkata,Open-Meteo Historical Weather API
RJ-Jodhpur,2015-06-11,32.6,38.1,26.7,1.8,1.8,4.0,56,6.55,0.074,0.165,0.221,36.8,35.9,26.26841,73.00594,ERA5,Asia/Kolkata,Open-Meteo Historical Weather API
RJ-Jodhpur,2015-06-12,32.8,39.0,26.1,0.0,0.0,0.0,58,6.74,0.081,0.165,0.221,35.7,35.7,26.26841,73.00594,ERA5,Asia/Kolkata,Open-Meteo Historical Weather API
RJ-Jodhpur,2015-06-13,34.4,39.3,30.5,0.0,0.0,0.0,47,8.87,0.071,0.166,0.221,37.3,36.1,26.26841,73.00594,ERA5,Asia/Kolkata,Open-Meteo Historical Weather API
RJ-Jodhpur,2015-06-14,33.7,38.9,30.0,0.0,0.0,0.0,50,8.53,0.07,0.166,0.222,37.3,36.5,26.26841,73.00594,ERA5,Asia/Kolkata,Open-Meteo Historical Weather API
RJ-Jodhpur,2015-06-15,33.7,38.5,30.2,0.0,0.0,0.0,50,8.03,0.069,0.166,0.222,37.6,36.5,26.26841,73.00594,ERA5,Asia/Kolkata,Open-Meteo Historical Weather API
RJ-Jodhpur,2015-06-16,34.1,39.0,29.7,0.0,0.0,0.0,50,7.35,0.069,0.166,0.221,38.3,36.8,26.26841,73.00594,ERA5,Asia/Kolkata,Open-Meteo Historical Weather API
RJ-Jodhpur,2015-06-17,33.7,40.0,29.2,1.2,1.2,2.0,53,7.05,0.071,0.166,0.221,38.9,37.2,26.26841,73.00594,ERA5,Asia/Kolkata,Open-Meteo Historical Weather API
RJ-Jodhpur,2015-06-18,34.5,40.0,29.1,0.0,0.0,0.0,52,6.82,0.07,0.164,0.22,38.5,37.3,26.26841,73.00594,ERA5,Asia/Kolkata,Open-Meteo Historical Weather API
RJ-Jodhpur,2015-06-19,36.4,42.7,31.7,0.0,0.0,0.0,45,7.08,0.064,0.162,0.218,40.0,37.9,26.26841,73.00594,ERA5,Asia/Kolkata,Open-Meteo Historical Weather API
RJ-Jodhpur,2015-06-20,36.0,42.5,31.9,0.1,0.1,1.0,47,7.91,0.062,0.161,0.217,40.5,38.7,26.26841,73.00594,ERA5,Asia/Kolkata,Open-Meteo Historical Weather API
RJ-Jodhpur,2015-06-21,34.3,40.4,30.3,1.4,1.4,2.0,54,6.09,0.072,0.163,0.219,39.9,38.9,26.26841,73.00594,ERA5,Asia/Kolkata,Open-Meteo Historical Weather API
RJ-Jodhpur,2015-06-22,33.2,39.3,28.8,0.0,0.0,0.0,61,6.12,0.074,0.163,0.219,38.7,38.5,26.26841,73.00594,ERA5,Asia/Kolkata,Open-Meteo Historical Weather API
RJ-Jodhpur,2015-06-23,32.4,38.0,28.4,3.3,3.3,5.0,64,6.19,0.088,0.162,0.218,37.9,37.9,26.26841,73.00594,ERA5,Asia/Kolkata,Open-Meteo Historical Weather API
RJ-Jodhpur,2015-06-24,31.0,35.3,28.3,9.1,9.1,6.0,69,4.37,0.118,0.163,0.218,36.1,36.7,26.26841,73.00594,ERA5,Asia/Kolkata,Open-Meteo Historical Weather API
RJ-Jodhpur,2015-06-25,30.4,35.8,27.2,2.6,2.6,9.0,74,5.3,0.171,0.163,0.217,33.9,34.8,26.26841,73.00594,ERA5,Asia/Kolkata,Open-Meteo Historical Weather API
RJ-Jodhpur,2015-06-26,30.9,35.2,27.3,0.0,0.0,0.0,66,5.56,0.144,0.164,0.217,32.5,33.3,26.26841,73.00594,ERA5,Asia/Kolkata,Open-Meteo Historical Weather API
RJ-Jodhpur,2015-06-27,31.9,36.9,27.8,0.0,0.0,0.0,60,7.47,0.109,0.164,0.216,34.2,33.3,26.26841,73.00594,ERA5,Asia/Kolkata,Open-Meteo Historical Weather API
RJ-Jodhpur,2015-06-28,33.5,39.2,28.8,0.0,0.0,0.0,53,8.26,0.082,0.163,0.215,36.3,34.5,26.26841,73.00594,ERA5,Asia/Kolkata,Open-Meteo Historical Weather API
RJ-Jodhpur,2015-06-29,33.5,39.1,28.6,0.0,0.0,0.0,53,8.54,0.076,0.162,0.214,37.2,35.6,26.26841,73.00594,ERA5,Asia/Kolkata,Open-Meteo Historical Weather API
RJ-Jodhpur,2015-06-30,33.2,37.9,29.2,0.0,0.0,0.0,51,8.49,0.073,0.162,0.214,37.0,36.0,26.26841,73.00594,ERA5,Asia/Kolkata,Open-Meteo Historical Weather API
RJ-Jodhpur,2015-07-01,33.5,37.7,30.6,0.0,0.0,0.0,49,8.87,0.069,0.161,0.214,37.0,36.0,26.26841,73.00594,ERA5,Asia/Kolkata,Open-Meteo Historical Weather API
RJ-Jodhpur,2015-07-02,32.6,36.5,28.7,0.0,0.0,0.0,53,7.98,0.068,0.161,0.214,36.4,35.9,26.26841,73.00594,ERA5,Asia/Kolkata,Open-Meteo Historical Weather API
RJ-Jodhpur,2015-07-03,33.2,37.4,29.0,0.0,0.0,0.0,52,8.08,0.068,0.162,0.214,36.2,35.6,26.26841,73.00594,ERA5,Asia/Kolkata,Open-Meteo Historical Weather API
RJ-Jodhpur,2015-07-04,33.3,38.7,28.4,0.0,0.0,0.0,53,9.64,0.067,0.161,0.214,36.4,35.4,26.26841,73.00594,ERA5,Asia/Kolkata,Open-Meteo Historical Weather API
RJ-Jodhpur,2015-07-05,33.1,37.8,28.9,0.0,0.0,0.0,54,9.35,0.068,0.161,0.214,36.4,35.5,26.26841,73.00594,ERA5,Asia/Kolkata,Open-Meteo Historical Weather API
RJ-Jodhpur,2015-07-06,32.5,36.1,29.7,0.5,0.5,3.0,58,6.71,0.07,0.161,0.214,34.9,35.1,26.26841,73.00594,ERA5,Asia/Kolkata,Open-Meteo Historical Weather API
RJ-Jodhpur,2015-07-07,31.3,34.2,29.0,0.0,0.0,0.0,62,5.48,0.075,0.163,0.214,34.2,34.4,26.26841,73.00594,ERA5,Asia/Kolkata,Open-Meteo Historical Weather API
RJ-Jodhpur,2015-07-08,32.1,36.0,29.3,0.6,0.6,1.0,61,6.05,0.074,0.163,0.215,34.3,34.1,26.26841,73.00594,ERA5,Asia/Kolkata,Open-Meteo Historical Weather API
RJ-Jodhpur,2015-07-09,31.4,36.8,27.8,5.5,5.5,10.0,63,6.13,0.126,0.163,0.215,32.9,33.7,26.26841,73.00594,ERA5,Asia/Kolkata,Open-Meteo Historical Weather API
RJ-Jodhpur,2015-07-10,32.1,36.9,28.1,0.0,0.0,0.0,57,7.67,0.104,0.164,0.215,34.5,33.6,26.26841,73.00594,ERA5,Asia/Kolkata,Open-Meteo Historical Weather API
RJ-Jodhpur,2015-07-11,33.3,38.4,29.2,0.0,0.0,0.0,52,6.22,0.084,0.163,0.214,35.8,34.3,26.26841,73.00594,ERA5,Asia/Kolkata,Open-Meteo Historical Weather API
RJ-Jodhpur,2015-07-12,32.8,37.6,29.4,1.5,1.5,7.0,56,6.23,0.081,0.162,0.213,36.0,34.9,26.26841,73.00594,ERA5,Asia/Kolkata,Open-Meteo Historical Weather API
RJ-Jodhpur,2015-07-13,31.9,36.3,28.0,3.5,3.5,8.0,62,6.14,0.108,0.162,0.213,34.1,34.3,26.26841,73.00594,ERA5,Asia/Kolkata,Open-Meteo Historical Weather API
RJ-Jodhpur,2015-07-14,33.4,37.2,30.1,0.0,0.0,0.0,52,8.06,0.091,0.162,0.213,35.6,34.3,26.26841,73.00594,ERA5,Asia/Kolkata,Open-Meteo Historical Weather API
RJ-Jodhpur,2015-07-15,33.4,37.1,29.8,0.0,0.0,0.0,50,9.06,0.078,0.162,0.212,36.4,35.0,26.26841,73.00594,ERA5,Asia/Kolkata,Open-Meteo Historical Weather API
RJ-Jodhpur,2015-07-16,32.6,36.7,28.7,0.0,0.0,0.0,54,8.0,0.074,0.161,0.212,35.9,35.1,26.26841,73.00594,ERA5,Asia/Kolkata,Open-Meteo Historical Weather API
RJ-Jodhpur,2015-07-17,32.7,36.7,30.2,0.0,0.0,0.0,56,6.97,0.068,0.161,0.212,36.1,35.0,26.26841,73.00594,ERA5,Asia/Kolkata,Open-Meteo Historical Weather API
RJ-Jodhpur,2015-07-18,33.1,37.3,30.5,0.0,0.0,0.0,54,7.35,0.067,0.161,0.211,36.5,35.3,26.26841,73.00594,ERA5,Asia/Kolkata,Open-Meteo Historical Weather API
RJ-Jodhpur,2015-07-19,31.8,35.1,29.3,1.6,1.6,6.0,59,5.7,0.077,0.16,0.211,34.5,35.1,26.26841,73.00594,ERA5,Asia/Kolkata,Open-Meteo Historical Weather API
RJ-Jodhpur,2015-07-20,31.3,36.2,29.2,1.0,1.0,5.0,63,4.97,0.083,0.16,0.211,34.5,34.3,26.26841,73.00594,ERA5,Asia/Kolkata,Open-Meteo Historical Weather API
RJ-Jodhpur,2015-07-21,30.0,36.9,26.4,16.8,16.8,16.0,74,4.17,0.159,0.163,0.211,33.6,33.8,26.26841,73.00594,ERA5,Asia/Kolkata,Open-Meteo Historical Weather API
RJ-Jodhpur,2015-07-22,29.5,33.9,25.9,8.6,8.6,10.0,80,3.57,0.322,0.176,0.21,32.3,32.7,26.26841,73.00594,ERA5,Asia/Kolkata,Open-Meteo Historical Weather API
RJ-Jodhpur,2015-07-23,30.2,35.2,27.2,19.7,19.7,12.0,79,4.59,0.36,0.221,0.208,32.8,32.5,26.26841,73.00594,ERA5,Asia/Kolkata,Open-Meteo Historical Weather API
RJ-Jodhpur,2015-07-24,28.7,31.7,27.2,54.9,54.9,18.0,85,3.04,0.414,0.335,0.208,31.3,31.8,26.26841,73.00594,ERA5,Asia/Kolkata,Open-Meteo Historical Weather API
RJ-Jodhpur,2015-07-25,27.5,30.6,26.1,45.5,45.5,22.0,90,1.76,0.427,0.413,0.223,29.9,30.7,26.26841,73.00594,ERA5,Asia/Kolkata,Open-Meteo Historical Weather API
RJ-Jodhpur,2015-07-26,27.4,30.3,25.3,17.0,17.0,15.0,88,2.43,0.423,0.421,0.26,29.1,29.8,26.26841,73.00594,ERA5,Asia/Kolkata,Open-Meteo Historical Weather API
RJ-Jodhpur,2015-07-27,26.7,29.2,24.8,16.1,16.1,16.0,90,2.16,0.419,0.416,0.278,29.0,29.6,26.26841,73.00594,ERA5,Asia/Kolkata,Open-Meteo Historical Weather API
RJ-Jodhpur,2015-07-28,25.8,27.5,24.4,6.5,6.5,15.0,87,1.93,0.416,0.414,0.291,27.4,28.7,26.26841,73.00594,ERA5,Asia/Kolkata,Open-Meteo Historical Weather API
RJ-Jodhpur,2015-07-29,25.6,27.6,24.5,7.6,7.6,18.0,88,1.79,0.417,0.41,0.301,26.7,27.9,26.26841,73.00594,ERA5,Asia/Kolkata,Open-Meteo Historical Weather API
RJ-Jodhpur,2015-07-30,26.2,28.6,24.0,8.1,8.1,19.0,88,2.42,0.416,0.408,0.31,27.0,27.6,26.26841,73.00594,ERA5,Asia/Kolkata,Open-Meteo Historical Weather API
RJ-Jodhpur,2015-07-31,26.8,28.7,25.1,3.8,3.8,14.0,85,2.66,0.411,0.408,0.317,27.2,27.5,26.26841,73.00594,ERA5,Asia/Kolkata,Open-Meteo Historical Weather API
RJ-Jodhpur,2015-08-01,27.0,28.8,25.4,1.2,1.2,5.0,84,2.69,0.392,0.397,0.323,27.4,27.5,26.26841,73.00594,ERA5,Asia/Kolkata,Open-Meteo Historical Weather API
RJ-Jodhpur,2015-08-02,28.0,30.7,25.5,0.9,0.9,7.0,78,3.23,0.375,0.385,0.326,27.9,27.6,26.26841,73.00594,ERA5,Asia/Kolkata,Open-Meteo Historical Weather API
RJ-Jodhpur,2015-08-03,28.8,32.0,26.1,0.0,0.0,0.0,75,4.11,0.352,0.375,0.327,28.8,28.1,26.26841,73.00594,ERA5,Asia/Kolkata,Open-Meteo Historical Weather API
RJ-Jodhpur,2015-08-04,29.2,32.8,26.2,0.0,0.0,0.0,73,5.18,0.323,0.363,0.327,29.5,28.5,26.26841,73.00594,ERA5,Asia/Kolkata,Open-Meteo Historical Weather API
RJ-Jodhpur,2015-08-05,29.2,32.6,26.6,0.0,0.0,0.0,74,4.45,0.296,0.349,0.325,29.5,28.6,26.26841,73.00594,ERA5,Asia/Kolkata,Open-Meteo Historical Weather API
RJ-Jodhpur,2015-08-06,29.2,33.2,26.4,0.0,0.0,0.0,74,4.89,0.275,0.338,0.323,29.7,28.6,26.26841,73.00594,ERA5,Asia/Kolkata,Open-Meteo Historical Weather API
RJ-Jodhpur,2015-08-07,29.8,33.8,26.8,0.0,0.0,0.0,72,5.35,0.249,0.325,0.322,30.2,29.0,26.26841,73.00594,ERA5,Asia/Kolkata,Open-Meteo Historical Weather API
RJ-Jodhpur,2015-08-08,29.9,33.2,26.9,0.0,0.0,0.0,72,4.83,0.226,0.313,0.32,30.3,29.3,26.26841,73.00594,ERA5,Asia/Kolkata,Open-Meteo Historical Weather API
RJ-Jodhpur,2015-08-09,29.7,33.1,26.6,0.0,0.0,0.0,71,4.71,0.207,0.303,0.318,30.2,29.3,26.26841,73.00594,ERA5,Asia/Kolkata,Open-Meteo Historical Weather API
RJ-Jodhpur,2015-08-10,29.8,33.5,26.6,0.0,0.0,0.0,72,4.97,0.186,0.293,0.316,30.6,29.7,26.26841,73.00594,ERA5,Asia/Kolkata,Open-Meteo Historical Weather API
RJ-Jodhpur,2015-08-11,28.7,32.0,27.1,8.4,8.4,12.0,80,2.75,0.207,0.286,0.315,29.9,29.7,26.26841,73.00594,ERA5,Asia/Kolkata,Open-Meteo Historical Weather API
RJ-Jodhpur,2015-08-12,28.6,30.9,26.7,8.7,8.7,16.0,85,2.58,0.316,0.291,0.314,29.3,29.1,26.26841,73.00594,ERA5,Asia/Kolkata,Open-Meteo Historical Weather API
RJ-Jodhpur,2015-08-13,28.1,31.8,26.2,4.7,4.7,13.0,86,2.82,0.34,0.299,0.314,29.3,29.0,26.26841,73.00594,ERA5,Asia/Kolkata,Open-Meteo Historical Weather API
RJ-Jodhpur,2015-08-14,28.3,31.5,25.9,17.5,17.5,12.0,85,3.16,0.389,0.322,0.313,29.5,29.0,26.26841,73.00594,ERA5,Asia/Kolkata,Open-Meteo Historical Weather API
RJ-Jodhpur,2015-08-15,28.4,32.5,26.0,7.7,7.7,13.0,85,3.45,0.389,0.355,0.313,29.7,29.2,26.26841,73.00594,ERA5,Asia/Kolkata,Open-Meteo Historical Weather API
RJ-Jodhpur,2015-08-16,28.4,32.4,25.5,1.7,1.7,3.0,84,3.16,0.388,0.382,0.316,28.8,29.0,26.26841,73.00594,ERA5,Asia/Kolkata,Open-Meteo Historical Weather API
RJ-Jodhpur,2015-08-17,29.2,32.8,26.6,0.0,0.0,0.0,79,4.1,0.355,0.375,0.317,29.3,29.0,26.26841,73.00594,ERA5,Asia/Kolkata,Open-Meteo Historical Weather API
RJ-Jodhpur,2015-08-18,29.5,32.9,26.8,0.2,0.2,2.0,77,4.75,0.327,0.363,0.318,29.6,29.1,26.26841,73.00594,ERA5,Asia/Kolkata,Open-Meteo Historical Weather API
RJ-Jodhpur,2015-08-19,29.0,32.0,26.9,0.0,0.0,0.0,76,4.77,0.302,0.351,0.317,29.4,29.0,26.26841,73.00594,ERA5,Asia/Kolkata,Open-Meteo Historical Weather API
RJ-Jodhpur,2015-08-20,28.7,32.0,25.9,0.1,0.1,1.0,72,4.81,0.279,0.34,0.317,28.7,28.6,26.26841,73.00594,ERA5,Asia/Kolkata,Open-Meteo Historical Weather API
RJ-Jodhpur,2015-08-21,28.5,31.7,25.9,0.4,0.4,2.0,72,4.54,0.26,0.329,0.316,28.5,28.2,26.26841,73.00594,ERA5,Asia/Kolkata,Open-Meteo Historical Weather API
RJ-Jodhpur,2015-08-22,28.7,31.7,26.5,0.5,0.5,3.0,73,4.71,0.246,0.319,0.315,28.9,28.3,26.26841,73.00594,ERA5,Asia/Kolkata,Open-Meteo Historical Weather API
RJ-Jodhpur,2015-08-23,28.7,31.6,26.4,0.2,0.2,2.0,74,4.08,0.234,0.31,0.315,28.7,28.5,26.26841,73.00594,ERA5,Asia/Kolkata,Open-Meteo Historical Weather API
RJ-Jodhpur,2015-08-24,28.6,31.9,26.1,0.4,0.4,3.0,74,3.74,0.224,0.302,0.313,28.6,28.4,26.26841,73.00594,ERA5,Asia/Kolkata,Open-Meteo Historical Weather API
RJ-Jodhpur,2015-08-25,28.8,32.3,26.5,0.0,0.0,0.0,73,4.82,0.206,0.294,0.312,29.2,28.7,26.26841,73.00594,ERA5,Asia/Kolkata,Open-Meteo Historical Weather API
RJ-Jodhpur,2015-08-26,28.8,32.7,26.3,0.0,0.0,0.0,72,5.26,0.182,0.287,0.31,29.5,28.9,26.26841,73.00594,ERA5,Asia/Kolkata,Open-Meteo Historical Weather API
RJ-Jodhpur,2015-08-27,29.2,33.3,25.9,0.0,0.0,0.0,70,5.28,0.158,0.279,0.309,30.0,29.3,26.26841,73.00594,ERA5,Asia/Kolkata,Open-Meteo Historical Weather API
RJ-Jodhpur,2015-08-28,29.7,34.5,25.8,0.0,0.0,0.0,68,5.36,0.138,0.271,0.308,30.8,29.9,26.26841,73.00594,ERA5,Asia/Kolkata,Open-Meteo Historical Weather API
RJ-Jodhpur,2015-08-29,30.1,35.0,25.9,0.0,0.0,0.0,66,5.83,0.12,0.264,0.306,31.5,30.5,26.26841,73.00594,ERA5,Asia/Kolkata,Open-Meteo Historical Weather API
RJ-Jodhpur,2015-08-30,29.9,34.3,26.1,0.0,0.0,0.0,66,6.08,0.108,0.258,0.305,31.8,30.8,26.26841,73.00594,ERA5,Asia/Kolkata,Open-Meteo Historical Weather API
RJ-Jodhpur,2015-08-31,29.8,34.0,26.9,0.0,0.0,0.0,66,5.48,0.099,0.252,0.304,31.7,30.9,26.26841,73.00594,ERA5,Asia/Kolkata,Open-Meteo Historical Weather API
RJ-Jodhpur,2015-09-01,29.9,34.3,26.3,0.0,0.0,0.0,62,6.47,0.092,0.246,0.303,32.2,31.0,26.26841,73.00594,ERA5,Asia/Kolkata,Open-Meteo Historical Weather API
RJ-Jodhpur,2015-09-02,29.4,33.7,26.1,0.0,0.0,0.0,59,6.65,0.085,0.241,0.301,32.1,31.1,26.26841,73.00594,ERA5,Asia/Kolkata,Open-Meteo Historical Weather API
RJ-Jodhpur,2015-09-03,29.4,34.9,24.8,0.0,0.0,0.0,59,6.16,0.082,0.237,0.3,32.3,31.1,26.26841,73.00594,ERA5,Asia/Kolkata,Open-Meteo Historical Weather API
RJ-Jodhpur,2015-09-04,30.0,35.8,24.7,0.0,0.0,0.0,56,5.74,0.077,0.232,0.298,32.8,31.6,26.26841,73.00594,ERA5,Asia/Kolkata,Open-Meteo Historical Weather API
RJ-Jodhpur,2015-09-05,31.0,36.6,25.8,0.0,0.0,0.0,52,6.44,0.076,0.227,0.296,33.4,32.0,26.26841,73.00594,ERA5,Asia/Kolkata,Open-Meteo Historical Weather API
RJ-Jodhpur,2015-09-06,30.5,35.3,26.4,0.0,0.0,0.0,54,6.39,0.073,0.224,0.294,33.3,32.3,26.26841,73.00594,ERA5,Asia/Kolkata,Open-Meteo Historical Weather API
RJ-Jodhpur,2015-09-07,29.9,34.8,25.3,0.0,0.0,0.0,56,5.94,0.071,0.22,0.293,33.0,32.2,26.26841,73.00594,ERA5,Asia/Kolkata,Open-Meteo Historical Weather API
RJ-Jodhpur,2015-09-08,30.1,35.5,25.0,0.0,0.0,0.0,57,6.02,0.071,0.218,0.291,33.3,32.2,26.26841,73.00594,ERA5,Asia/Kolkata,Open-Meteo Historical Weather API
RJ-Jodhpur,2015-09-09,30.6,36.0,25.8,0.0,0.0,0.0,57,5.78,0.069,0.215,0.29,33.6,32.5,26.26841,73.00594,ERA5,Asia/Kolkata,Open-Meteo Historical Weather API
RJ-Jodhpur,2015-09-10,31.5,37.2,26.2,0.0,0.0,0.0,55,5.55,0.068,0.213,0.289,34.3,32.9,26.26841,73.00594,ERA5,Asia/Kolkata,Open-Meteo Historical Weather API
RJ-Jodhpur,2015-09-11,32.6,38.3,27.6,0.0,0.0,0.0,47,5.62,0.067,0.21,0.287,35.0,33.5,26.26841,73.00594,ERA5,Asia/Kolkata,Open-Meteo Historical Weather API
RJ-Jodhpur,2015-09-12,33.0,39.2,26.9,0.0,0.0,0.0,45,5.8,0.067,0.208,0.286,35.3,33.8,26.26841,73.00594,ERA5,Asia/Kolkata,Open-Meteo Historical Weather API
RJ-Jodhpur,2015-09-13,33.5,39.4,27.9,0.0,0.0,0.0,43,6.14,0.068,0.207,0.285,35.9,34.4,26.26841,73.00594,ERA5,Asia/Kolkata,Open-Meteo Historical Weather API
RJ-Jodhpur,2015-09-14,33.4,38.7,28.9,0.0,0.0,0.0,43,7.13,0.068,0.205,0.284,36.0,34.8,26.26841,73.00594,ERA5,Asia/Kolkata,Open-Meteo Historical Weather API
RJ-Jodhpur,2015-09-15,32.9,38.5,28.4,0.0,0.0,0.0,50,6.54,0.066,0.203,0.282,35.9,34.8,26.26841,73.00594,ERA5,Asia/Kolkata,Open-Meteo Historical Weather API
RJ-Jodhpur,2015-09-16,33.1,38.4,28.4,0.0,0.0,0.0,48,6.15,0.066,0.202,0.281,36.1,34.8,26.26841,73.00594,ERA5,Asia/Kolkata,Open-Meteo Historical Weather API
RJ-Jodhpur,2015-09-17,33.3,39.9,28.2,0.0,0.0,0.0,41,6.55,0.066,0.2,0.28,35.6,34.9,26.26841,73.00594,ERA5,Asia/Kolkata,Open-Meteo Historical Weather API
RJ-Jodhpur,2015-09-18,32.0,37.8,27.9,0.0,0.0,0.0,51,6.69,0.07,0.2,0.279,34.2,34.4,26.26841,73.00594,ERA5,Asia/Kolkata,Open-Meteo Historical Weather API
RJ-Jodhpur,2015-09-19,31.6,36.6,27.7,1.4,1.4,2.0,62,6.1,0.084,0.2,0.279,33.7,33.9,26.26841,73.00594,ERA5,Asia/Kolkata,Open-Meteo Historical Weather API
RJ-Jodhpur,2015-09-20,30.3,34.9,26.5,0.0,0.0,0.0,61,5.43,0.078,0.201,0.279,33.2,33.4,26.26841,73.00594,ERA5,Asia/Kolkata,Open-Meteo Historical Weather API
RJ-Jodhpur,2015-09-21,28.1,29.9,26.3,3.0,3.0,5.0,71,3.54,0.081,0.2,0.279,31.0,32.5,26.26841,73.00594,ERA5,Asia/Kolkata,Open-Meteo Historical Weather API
RJ-Jodhpur,2015-09-22,27.1,30.1,24.3,8.2,8.2,13.0,81,3.43,0.153,0.2,0.278,29.4,30.8,26.26841,73.00594,ERA5,Asia/Kolkata,Open-Meteo Historical Weather API
RJ-Jodhpur,2015-09-23,28.5,33.4,25.1,0.2,0.2,2.0,70,5.18,0.138,0.198,0.276,30.1,30.2,26.26841,73.00594,ERA5,Asia/Kolkata,Open-Meteo Historical Weather API
RJ-Jodhpur,2015-09-24,27.9,32.7,24.1,0.0,0.0,0.0,64,5.6,0.108,0.196,0.273,30.2,29.9,26.26841,73.00594,ERA5,Asia/Kolkata,Open-Meteo Historical Weather API
RJ-Jodhpur,2015-09-25,27.9,32.4,24.4,0.0,0.0,0.0,63,5.89,0.086,0.194,0.272,30.4,29.9,26.26841,73.00594,ERA5,Asia/Kolkata,Open-Meteo Historical Weather API
RJ-Jodhpur,2015-09-26,28.5,33.3,24.3,0.0,0.0,0.0,63,5.84,0.071,0.193,0.27,31.2,30.4,26.26841,73.00594,ERA5,Asia/Kolkata,Open-Meteo Historical Weather API
RJ-Jodhpur,2015-09-27,29.1,34.6,24.9,0.0,0.0,0.0,62,5.74,0.07,0.192,0.269,32.3,31.0,26.26841,73.00594,ERA5,Asia/Kolkata,Open-Meteo Historical Weather API
RJ-Jodhpur,2015-09-28,29.0,35.5,22.9,0.0,0.0,0.0,55,5.51,0.068,0.192,0.268,32.4,31.4,26.26841,73.00594,ERA5,Asia/Kolkata,Open-Meteo Historical Weather API
RJ-Jodhpur,2015-09-29,30.5,37.3,23.8,0.0,0.0,0.0,46,5.17,0.067,0.191,0.267,33.2,32.0,26.26841,73.00594,ERA5,Asia/Kolkata,Open-Meteo Historical Weather API
RJ-Jodhpur,2015-09-30,31.5,37.5,26.7,0.0,0.0,0.0,36,7.1,0.066,0.19,0.266,34.1,32.8,26.26841,73.00594,ERA5,Asia/Kolkata,Open-Meteo Historical Weather API
RJ-Jodhpur,2015-10-01,30.7,37.9,25.0,0.0,0.0,0.0,42,5.92,0.067,0.19,0.266,33.6,32.9,26.26841,73.00594,ERA5,Asia/Kolkata,Open-Meteo Historical Weather API
RJ-Jodhpur,2015-10-02,30.1,38.7,22.2,0.0,0.0,0.0,36,5.63,0.066,0.19,0.265,32.8,32.6,26.26841,73.00594,ERA5,Asia/Kolkata,Open-Meteo Historical Weather API
RJ-Jodhpur,2015-10-03,30.3,38.6,22.8,0.0,0.0,0.0,37,6.62,0.067,0.19,0.264,32.4,32.5,26.26841,73.00594,ERA5,Asia/Kolkata,Open-Meteo Historical Weather API
RJ-Jodhpur,2015-10-04,29.9,37.5,23.7,0.0,0.0,0.0,39,6.57,0.069,0.19,0.264,32.1,32.3,26.26841,73.00594,ERA5,Asia/Kolkata,Open-Meteo Historical Weather API
RJ-Jodhpur,2015-10-05,29.6,37.3,22.7,0.0,0.0,0.0,44,5.65,0.071,0.191,0.264,32.1,32.1,26.26841,73.00594,ERA5,Asia/Kolkata,Open-Meteo Historical Weather API
RJ-Jodhpur,2015-10-06,30.1,37.5,23.0,0.0,0.0,0.0,42,5.44,0.073,0.191,0.265,32.8,32.4,26.26841,73.00594,ERA5,Asia/Kolkata,Open-Meteo Historical Weather API
RJ-Jodhpur,2015-10-07,30.6,37.6,24.7,0.0,0.0,0.0,42,5.06,0.075,0.192,0.265,32.9,32.6,26.26841,73.00594,ERA5,Asia/Kolkata,Open-Meteo Historical Weather API
RJ-Jodhpur,2015-10-08,30.2,37.7,23.5,0.0,0.0,0.0,41,5.49,0.075,0.192,0.265,32.9,32.6,26.26841,73.00594,ERA5,Asia/Kolkata,Open-Meteo Historical Weather API
RJ-Jodhpur,2015-10-09,30.2,37.7,23.9,0.0,0.0,0.0,38,6.77,0.074,0.192,0.265,32.1,32.4,26.26841,73.00594,ERA5,Asia/Kolkata,Open-Meteo Historical Weather API
RJ-Jodhpur,2015-10-10,30.5,37.4,25.3,0.0,0.0,0.0,36,7.89,0.072,0.191,0.264,32.2,32.1,26.26841,73.00594,ERA5,Asia/Kolkata,Open-Meteo Historical Weather API
RJ-Jodhpur,2015-10-11,29.4,36.2,24.1,0.0,0.0,0.0,42,6.79,0.071,0.19,0.263,31.7,31.9,26.26841,73.00594,ERA5,Asia/Kolkata,Open-Meteo Historical Weather API
RJ-Jodhpur,2015-10-12,28.9,35.8,22.4,0.0,0.0,0.0,46,5.75,0.071,0.189,0.262,31.6,31.7,26.26841,73.00594,ERA5,Asia/Kolkata,Open-Meteo Historical Weather API
RJ-Jodhpur,2015-10-13,28.8,36.0,22.3,0.0,0.0,0.0,48,5.57,0.071,0.189,0.262,31.4,31.7,26.26841,73.00594,ERA5,Asia/Kolkata,Open-Meteo Historical Weather API
RJ-Jodhpur,2015-10-14,29.2,36.5,22.5,0.0,0.0,0.0,51,5.12,0.072,0.189,0.262,31.9,31.7,26.26841,73.00594,ERA5,Asia/Kolkata,Open-Meteo Historical Weather API
RJ-Jodhpur,2015-10-15,30.0,36.5,24.6,0.0,0.0,0.0,49,4.94,0.073,0.189,0.262,32.7,32.1,26.26841,73.00594,ERA5,Asia/Kolkata,Open-Meteo Historical Weather API
RJ-Jodhpur,2015-10-16,30.4,37.5,24.5,0.0,0.0,0.0,46,4.72,0.074,0.189,0.262,33.0,32.6,26.26841,73.00594,ERA5,Asia/Kolkata,Open-Meteo Historical Weather API
RJ-Jodhpur,2015-10-17,30.7,38.0,25.2,0.0,0.0,0.0,42,5.5,0.073,0.189,0.261,33.3,32.8,26.26841,73.00594,ERA5,Asia/Kolkata,Open-Meteo Historical Weather API
RJ-Jodhpur,2015-10-18,30.0,37.8,24.1,0.0,0.0,0.0,43,5.46,0.073,0.188,0.261,32.4,32.6,26.26841,73.00594,ERA5,Asia/Kolkata,Open-Meteo Historical Weather API
RJ-Jodhpur,2015-10-19,30.0,35.6,24.3,0.0,0.0,0.0,45,4.81,0.073,0.188,0.26,32.4,32.4,26.26841,73.00594,ERA5,Asia/Kolkata,Open-Meteo Historical Weather API
RJ-Jodhpur,2015-10-20,30.0,36.8,25.1,0.0,0.0,0.0,44,5.42,0.072,0.188,0.26,32.2,32.3,26.26841,73.00594,ERA5,Asia/Kolkata,Open-Meteo Historical Weather API
RJ-Jodhpur,2015-10-21,29.1,35.0,23.9,0.0,0.0,0.0,45,4.77,0.074,0.189,0.261,31.9,32.0,26.26841,73.00594,ERA5,Asia/Kolkata,Open-Meteo Historical Weather API
RJ-Jodhpur,2015-10-22,28.6,35.5,23.4,0.0,0.0,0.0,39,5.35,0.075,0.189,0.26,31.3,31.8,26.26841,73.00594,ERA5,Asia/Kolkata,Open-Meteo Historical Weather API
RJ-Jodhpur,2015-10-23,27.5,35.3,21.1,0.0,0.0,0.0,37,5.03,0.073,0.188,0.259,30.4,31.1,26.26841,73.00594,ERA5,Asia/Kolkata,Open-Meteo Historical Weather API
RJ-Jodhpur,2015-10-24,27.6,36.1,20.3,0.0,0.0,0.0,41,5.38,0.072,0.187,0.259,30.1,30.8,26.26841,73.00594,ERA5,Asia/Kolkata,Open-Meteo Historical Weather API
RJ-Jodhpur,2015-10-25,27.1,35.0,20.6,0.0,0.0,0.0,43,4.97,0.071,0.187,0.259,29.7,30.6,26.26841,73.00594,ERA5,Asia/Kolkata,Open-Meteo Historical Weather API
RJ-Jodhpur,2015-10-26,26.8,33.6,21.3,0.0,0.0,0.0,45,5.03,0.073,0.188,0.259,29.7,30.3,26.26841,73.00594,ERA5,Asia/Kolkata,Open-Meteo Historical Weather API
RJ-Jodhpur,2015-10-27,26.3,33.1,20.8,0.0,0.0,0.0,47,5.44,0.076,0.188,0.259,29.3,30.1,26.26841,73.00594,ERA5,Asia/Kolkata,Open-Meteo Historical Weather API
RJ-Jodhpur,2015-10-28,24.3,30.2,20.4,0.0,0.0,0.0,40,5.92,0.079,0.188,0.259,27.6,29.4,26.26841,73.00594,ERA5,Asia/Kolkata,Open-Meteo Historical Weather API
RJ-Jodhpur,2015-10-29,22.5,29.1,16.3,0.0,0.0,0.0,49,5.11,0.078,0.189,0.259,25.7,27.9,26.26841,73.00594,ERA5,Asia/Kolkata,Open-Meteo Historical Weather API
RJ-Jodhpur,2015-10-30,23.6,29.8,18.0,0.0,0.0,0.0,51,4.91,0.076,0.189,0.259,26.4,27.5,26.26841,73.00594,ERA5,Asia/Kolkata,Open-Meteo Historical Weather API
RJ-Jodhpur,2015-10-31,24.1,29.8,18.5,0.0,0.0,0.0,52,4.89,0.074,0.189,0.259,26.7,27.7,26.26841,73.00594,ERA5,Asia/Kolkata,Open-Meteo Historical Weather API
RJ-Jodhpur,2015-11-01,24.8,31.0,19.1,0.0,0.0,0.0,53,4.74,0.073,0.188,0.258,27.0,27.8,26.26841,73.00594,ERA5,Asia/Kolkata,Open-Meteo Historical Weather API
RJ-Jodhpur,2015-11-02,26.2,32.1,21.0,0.0,0.0,0.0,52,4.0,0.077,0.189,0.258,27.7,28.5,26.26841,73.00594,ERA5,Asia/Kolkata,Open-Meteo Historical Weather API
RJ-Jodhpur,2015-11-03,26.3,33.4,21.0,0.0,0.0,0.0,49,3.77,0.078,0.191,0.26,27.9,28.7,26.26841,73.00594,ERA5,Asia/Kolkata,Open-Meteo Historical Weather API
RJ-Jodhpur,2015-11-04,26.2,34.0,20.6,0.0,0.0,0.0,46,4.87,0.073,0.191,0.259,28.2,28.7,26.26841,73.00594,ERA5,Asia/Kolkata,Open-Meteo Historical Weather API
RJ-Jodhpur,2015-11-05,26.2,33.3,20.2,0.0,0.0,0.0,46,4.92,0.074,0.19,0.259,28.0,28.7,26.26841,73.00594,ERA5,Asia/Kolkata,Open-Meteo Historical Weather API
RJ-Jodhpur,2015-11-06,24.7,30.6,20.4,0.0,0.0,0.0,42,5.28,0.077,0.191,0.259,27.5,28.6,26.26841,73.00594,ERA5,Asia/Kolkata,Open-Meteo Historical Weather API
RJ-Jodhpur,2015-11-07,23.6,30.5,18.6,0.0,0.0,0.0,51,4.57,0.082,0.192,0.26,26.3,27.7,26.26841,73.00594,ERA5,Asia/Kolkata,Open-Meteo Historical Weather API
RJ-Jodhpur,2015-11-08,24.6,31.1,19.7,0.0,0.0,0.0,52,4.54,0.08,0.192,0.26,26.7,27.6,26.26841,73.00594,ERA5,Asia/Kolkata,Open-Meteo Historical Weather API
RJ-Jodhpur,2015-11-09,25.2,32.0,20.3,0.0,0.0,0.0,54,4.11,0.077,0.193,0.26,27.5,27.9,26.26841,73.00594,ERA5,Asia/Kolkata,Open-Meteo Historical Weather API
RJ-Jodhpur,2015-11-10,25.3,32.1,19.8,0.0,0.0,0.0,51,4.52,0.075,0.193,0.26,27.6,28.0,26.26841,73.00594,ERA5,Asia/Kolkata,Open-Meteo Historical Weather API
RJ-Jodhpur,2015-11-11,24.9,31.7,20.1,0.0,0.0,0.0,55,4.56,0.075,0.193,0.259,27.2,28.0,26.26841,73.00594,ERA5,Asia/Kolkata,Open-Meteo Historical Weather API
RJ-Jodhpur,2015-11-12,25.0,32.5,19.3,0.0,0.0,0.0,50,4.13,0.076,0.193,0.26,26.7,27.7,26.26841,73.00594,ERA5,Asia/Kolkata,Open-Meteo Historical Weather API
RJ-Jodhpur,2015-11-13,25.2,33.6,18.0,0.0,0.0,0.0,50,3.92,0.074,0.193,0.26,26.8,27.5,26.26841,73.00594,ERA5,Asia/Kolkata,Open-Meteo Historical Weather API
RJ-Jodhpur,2015-11-14,24.6,33.1,17.9,0.0,0.0,0.0,52,3.89,0.075,0.193,0.259,26.4,27.4,26.26841,73.00594,ERA5,Asia/Kolkata,Open-Meteo Historical Weather API
RJ-Jodhpur,2015-11-15,24.1,32.2,18.1,0.0,0.0,0.0,53,4.36,0.077,0.193,0.259,26.1,27.2,26.26841,73.00594,ERA5,Asia/Kolkata,Open-Meteo Historical Weather API
RJ-Jodhpur,2015-11-16,24.1,30.9,19.0,0.0,0.0,0.0,49,4.96,0.078,0.192,0.259,25.9,27.0,26.26841,73.00594,ERA5,Asia/Kolkata,Open-Meteo Historical Weather API
RJ-Jodhpur,2015-11-17,21.9,29.4,16.7,0.0,0.0,0.0,37,4.82,0.075,0.191,0.259,24.5,26.4,26.26841,73.00594,ERA5,Asia/Kolkata,Open-Meteo Historical Weather API
RJ-Jodhpur,2015-11-18,20.7,30.0,13.7,0.0,0.0,0.0,37,4.67,0.079,0.19,0.258,22.8,25.1,26.26841,73.00594,ERA5,Asia/Kolkata,Open-Meteo Historical Weather API
RJ-Jodhpur,2015-11-19,21.6,30.9,14.7,0.0,0.0,0.0,37,4.76,0.079,0.19,0.258,23.2,24.6,26.26841,73.00594,ERA5,Asia/Kolkata,Open-Meteo Historical Weather API
RJ-Jodhpur,2015-11-20,21.5,30.4,15.1,0.0,0.0,0.0,43,4.53,0.079,0.19,0.258,23.1,24.6,26.26841,73.00594,ERA5,Asia/Kolkata,Open-Meteo Historical Weather API
RJ-Jodhpur,2015-11-21,22.0,30.9,15.3,0.0,0.0,0.0,44,4.57,0.08,0.19,0.257,23.3,24.5,26.26841,73.00594,ERA5,Asia/Kolkata,Open-Meteo Historical Weather API
RJ-Jodhpur,2015-11-22,22.4,31.2,16.3,0.0,0.0,0.0,45,4.28,0.08,0.19,0.257,23.6,24.7,26.26841,73.00594,ERA5,Asia/Kolkata,Open-Meteo Historical Weather API
RJ-Jodhpur,2015-11-23,22.9,30.8,17.5,0.0,0.0,0.0,48,3.95,0.08,0.191,0.258,24.1,25.0,26.26841,73.00594,ERA5,Asia/Kolkata,Open-Meteo Historical Weather API
RJ-Jodhpur,2015-11-24,22.9,31.0,16.9,0.0,0.0,0.0,55,3.78,0.083,0.192,0.259,24.0,25.2,26.26841,73.00594,ERA5,Asia/Kolkata,Open-Meteo Historical Weather API
RJ-Jodhpur,2015-11-25,23.8,31.0,18.7,0.0,0.0,0.0,53,3.76,0.085,0.194,0.261,24.5,25.6,26.26841,73.00594,ERA5,Asia/Kolkata,Open-Meteo Historical Weather API
RJ-Jodhpur,2015-11-26,22.1,28.9,17.7,0.0,0.0,0.0,43,4.62,0.083,0.194,0.26,23.7,25.5,26.26841,73.00594,ERA5,Asia/Kolkata,Open-Meteo Historical Weather API
RJ-Jodhpur,2015-11-27,18.5,25.3,14.0,0.0,0.0,0.0,48,3.92,0.089,0.194,0.26,21.0,23.8,26.26841,73.00594,ERA5,Asia/Kolkata,Open-Meteo Historical Weather API
RJ-Jodhpur,2015-11-28,18.5,25.6,13.6,0.0,0.0,0.0,49,3.81,0.092,0.195,0.261,20.5,22.7,26.26841,73.00594,ERA5,Asia/Kolkata,Open-Meteo Historical Weather API
RJ-Jodhpur,2015-11-29,18.9,26.7,12.8,0.0,0.0,0.0,56,3.61,0.091,0.196,0.262,20.3,22.3,26.26841,73.00594,ERA5,Asia/Kolkata,Open-Meteo Historical Weather API
RJ-Jodhpur,2015-11-30,20.2,28.7,13.7,0.0,0.0,0.0,57,3.87,0.082,0.195,0.261,21.3,22.6,26.26841,73.00594,ERA5,Asia/Kolkata,Open-Meteo Historical Weather API
RJ-Jodhpur,2015-12-01,20.8,28.1,16.0,0.0,0.0,0.0,56,4.11,0.078,0.194,0.261,22.4,23.3,26.26841,73.00594,ERA5,Asia/Kolkata,Open-Meteo Historical Weather API
RJ-Jodhpur,2015-12-02,19.9,27.5,13.8,0.0,0.0,0.0,53,3.96,0.074,0.193,0.26,22.0,23.2,26.26841,73.00594,ERA5,Asia/Kolkata,Open-Meteo Historical Weather API
RJ-Jodhpur,2015-12-03,19.0,26.5,12.6,0.0,0.0,0.0,58,3.56,0.076,0.193,0.26,21.4,22.8,26.26841,73.00594,ERA5,Asia/Kolkata,Open-Meteo Historical Weather API
RJ-Jodhpur,2015-12-04,19.8,28.8,11.4,0.0,0.0,0.0,51,3.1,0.074,0.191,0.259,21.0,22.3,26.26841,73.00594,ERA5,Asia/Kolkata,Open-Meteo Historical Weather API
RJ-Jodhpur,2015-12-05,19.6,29.6,11.1,0.0,0.0,0.0,50,3.45,0.076,0.191,0.259,20.7,22.1,26.26841,73.00594,ERA5,Asia/Kolkata,Open-Meteo Historical Weather API
RJ-Jodhpur,2015-12-06,19.8,30.6,11.2,0.0,0.0,0.0,47,3.29,0.077,0.191,0.259,20.6,22.1,26.26841,73.00594,ERA5,Asia/Kolkata,Open-Meteo Historical Weather API
RJ-Jodhpur,2015-12-07,20.3,30.1,11.8,0.0,0.0,0.0,47,3.38,0.075,0.192,0.259,21.1,22.1,26.26841,73.00594,ERA5,Asia/Kolkata,Open-Meteo Historical Weather API
RJ-Jodhpur,2015-12-08,20.4,29.7,12.4,0.0,0.0,0.0,48,3.38,0.074,0.192,0.259,21.3,22.3,26.26841,73.00594,ERA5,Asia/Kolkata,Open-Meteo Historical Weather API
RJ-Jodhpur,2015-12-09,19.6,25.7,13.8,0.0,0.0,0.0,57,2.54,0.078,0.193,0.26,20.4,22.0,26.26841,73.00594,ERA5,Asia/Kolkata,Open-Meteo Historical Weather API
RJ-Jodhpur,2015-12-10,19.4,26.1,13.5,0.0,0.0,0.0,61,3.57,0.084,0.194,0.261,21.2,22.0,26.26841,73.00594,ERA5,Asia/Kolkata,Open-Meteo Historical Weather API
RJ-Jodhpur,2015-12-11,16.5,23.1,11.8,0.0,0.0,0.0,47,3.77,0.08,0.194,0.26,19.3,21.4,26.26841,73.00594,ERA5,Asia/Kolkata,Open-Meteo Historical Weather API
RJ-Jodhpur,2015-12-12,15.0,22.4,9.9,0.0,0.0,0.0,45,3.88,0.082,0.194,0.26,17.3,19.8,26.26841,73.00594,ERA5,Asia/Kolkata,Open-Meteo Historical Weather API
RJ-Jodhpur,2015-12-13,14.4,22.8,8.4,0.0,0.0,0.0,41,3.84,0.083,0.193,0.26,16.5,18.9,26.26841,73.00594,ERA5,Asia/Kolkata,Open-Meteo Historical Weather API
RJ-Jodhpur,2015-12-14,14.5,22.9,8.6,0.0,0.0,0.0,39,4.05,0.082,0.192,0.259,16.3,18.6,26.26841,73.00594,ERA5,Asia/Kolkata,Open-Meteo Historical Weather API
RJ-Jodhpur,2015-12-15,14.3,23.5,7.1,0.0,0.0,0.0,44,3.71,0.083,0.191,0.258,16.1,18.2,26.26841,73.00594,ERA5,Asia/Kolkata,Open-Meteo Historical Weather API
RJ-Jodhpur,2015-12-16,15.3,25.2,8.4,0.0,0.0,0.0,46,3.54,0.084,0.19,0.257,16.7,18.2,26.26841,73.00594,ERA5,Asia/Kolkata,Open-Meteo Historical Weather API
RJ-Jodhpur,2015-12-17,16.1,24.3,9.2,0.0,0.0,0.0,43,3.72,0.085,0.189,0.257,16.9,18.3,26.26841,73.00594,ERA5,Asia/Kolkata,Open-Meteo Historical Weather API
RJ-Jodhpur,2015-12-18,15.4,23.3,9.3,0.0,0.0,0.0,48,3.67,0.083,0.188,0.256,17.0,18.5,26.26841,73.00594,ERA5,Asia/Kolkata,Open-Meteo Historical Weather API
RJ-Jodhpur,2015-12-19,15.5,24.4,9.5,0.0,0.0,0.0,47,3.38,0.078,0.187,0.256,17.0,18.4,26.26841,73.00594,ERA5,Asia/Kolkata,Open-Meteo Historical Weather API
RJ-Jodhpur,2015-12-20,15.6,23.8,9.4,0.0,0.0,0.0,45,3.65,0.078,0.187,0.256,17.2,18.3,26.26841,73.00594,ERA5,Asia/Kolkata,Open-Meteo Historical Weather API
RJ-Jodhpur,2015-12-21,15.4,23.5,10.0,0.0,0.0,0.0,46,3.51,0.077,0.187,0.256,17.3,18.6,26.26841,73.00594,ERA5,Asia/Kolkata,Open-Meteo Historical Weather API
RJ-Jodhpur,2015-12-22,15.5,23.7,9.7,0.0,0.0,0.0,46,3.27,0.077,0.187,0.256,17.1,18.4,26.26841,73.00594,ERA5,Asia/Kolkata,Open-Meteo Historical Weather API
RJ-Jodhpur,2015-12-23,15.6,23.6,9.4,0.0,0.0,0.0,45,3.64,0.077,0.187,0.256,17.3,18.4,26.26841,73.00594,ERA5,Asia/Kolkata,Open-Meteo Historical Weather API
RJ-Jodhpur,2015-12-24,14.3,20.8,9.4,0.0,0.0,0.0,48,3.68,0.079,0.187,0.255,16.5,18.4,26.26841,73.00594,ERA5,Asia/Kolkata,Open-Meteo Historical Weather API
RJ-Jodhpur,2015-12-25,13.7,23.0,6.8,0.0,0.0,0.0,45,3.44,0.081,0.186,0.255,15.5,17.4,26.26841,73.00594,ERA5,Asia/Kolkata,Open-Meteo Historical Weather API
RJ-Jodhpur,2015-12-26,15.9,25.9,9.0,0.0,0.0,0.0,39,3.3,0.082,0.185,0.254,16.6,17.6,26.26841,73.00594,ERA5,Asia/Kolkata,Open-Meteo Historical Weather API
RJ-Jodhpur,2015-12-27,17.8,28.2,10.3,0.0,0.0,0.0,39,3.78,0.083,0.184,0.254,18.1,18.4,26.26841,73.00594,ERA5,Asia/Kolkata,Open-Meteo Historical Weather API
RJ-Jodhpur,2015-12-28,19.2,29.6,11.7,0.0,0.0,0.0,36,4.17,0.077,0.182,0.251,19.4,19.2,26.26841,73.00594,ERA5,Asia/Kolkata,Open-Meteo Historical Weather API
RJ-Jodhpur,2015-12-29,19.7,29.6,12.4,0.0,0.0,0.0,44,3.62,0.073,0.18,0.25,20.2,19.9,26.26841,73.00594,ERA5,Asia/Kolkata,Open-Meteo Historical Weather API
RJ-Jodhpur,2015-12-30,20.3,30.0,12.9,0.0,0.0,0.0,46,3.72,0.071,0.181,0.25,21.0,20.5,26.26841,73.00594,ERA5,Asia/Kolkata,Open-Meteo Historical Weather API
RJ-Jodhpur,2015-12-31,20.5,28.6,14.8,0.0,0.0,0.0,52,3.98,0.074,0.18,0.25,21.0,21.0,26.26841,73.00594,ERA5,Asia/Kolkata,Open-Meteo Historical Weather API
RJ-Jodhpur,2016-01-01,20.3,27.9,14.6,0.0,0.0,0.0,52,3.92,0.077,0.18,0.25,21.2,21.2,26.26841,73.00594,ERA5,Asia/Kolkata,Open-Meteo Historical Weather API
RJ-Jodhpur,2016-01-02,20.1,28.3,13.7,0.0,0.0,0.0,51,3.87,0.078,0.18,0.25,21.2,21.4,26.26841,73.00594,ERA5,Asia/Kolkata,Open-Meteo Historical Weather API
RJ-Jodhpur,2016-01-03,19.5,28.4,13.3,0.0,0.0,0.0,49,3.51,0.083,0.18,0.251,20.6,21.2,26.26841,73.00594,ERA5,Asia/Kolkata,Open-Meteo Historical Weather API
RJ-Jodhpur,2016-01-04,20.2,28.9,12.2,0.0,0.0,0.0,50,3.52,0.085,0.18,0.251,20.4,20.9,26.26841,73.00594,ERA5,Asia/Kolkata,Open-Meteo Historical Weather API
RJ-Jodhpur,2016-01-05,20.1,28.1,13.5,0.0,0.0,0.0,56,3.26,0.087,0.181,0.251,20.7,21.2,26.26841,73.00594,ERA5,Asia/Kolkata,Open-Meteo Historical Weather API
RJ-Jodhpur,2016-01-06,19.5,27.0,13.0,0.3,0.3,1.0,57,3.33,0.087,0.181,0.252,20.5,21.1,26.26841,73.00594,ERA5,Asia/Kolkata,Open-Meteo Historical Weather API
RJ-Jodhpur,2016-01-07,19.8,26.9,14.8,0.0,0.0,0.0,56,3.05,0.087,0.182,0.252,20.6,21.1,26.26841,73.00594,ERA5,Asia/Kolkata,Open-Meteo Historical Weather API
RJ-Jodhpur,2016-01-08,18.9,25.8,13.6,0.0,0.0,0.0,60,3.6,0.08,0.182,0.252,20.7,21.1,26.26841,73.00594,ERA5,Asia/Kolkata,Open-Meteo Historical Weather API
RJ-Jodhpur,2016-01-09,17.8,25.7,11.2,0.0,0.0,0.0,58,3.19,0.076,0.181,0.251,19.9,20.7,26.26841,73.00594,ERA5,Asia/Kolkata,Open-Meteo Historical Weather API
RJ-Jodhpur,2016-01-10,17.5,27.5,9.7,0.0,0.0,0.0,53,3.35,0.079,0.181,0.251,19.0,20.2,26.26841,73.00594,ERA5,Asia/Kolkata,Open-Meteo Historical Weather API
RJ-Jodhpur,2016-01-11,17.7,27.2,10.7,0.0,0.0,0.0,53,3.48,0.082,0.182,0.252,19.2,20.1,26.26841,73.00594,ERA5,Asia/Kolkata,Open-Meteo Historical Weather API
RJ-Jodhpur,2016-01-12,18.5,25.3,11.7,0.0,0.0,0.0,58,3.21,0.084,0.182,0.252,19.1,19.9,26.26841,73.00594,ERA5,Asia/Kolkata,Open-Meteo Historical Weather API
RJ-Jodhpur,2016-01-13,18.3,23.4,14.4,0.0,0.0,0.0,58,3.49,0.082,0.183,0.253,20.2,20.6,26.26841,73.00594,ERA5,Asia/Kolkata,Open-Meteo Historical Weather API
RJ-Jodhpur,2016-01-14,16.0,23.2,10.6,0.0,0.0,0.0,62,3.07,0.082,0.183,0.253,18.5,19.8,26.26841,73.00594,ERA5,Asia/Kolkata,Open-Meteo Historical Weather API
RJ-Jodhpur,2016-01-15,16.1,22.8,11.4,0.0,0.0,0.0,59,3.76,0.079,0.184,0.253,18.1,19.2,26.26841,73.00594,ERA5,Asia/Kolkata,Open-Meteo Historical Weather API
RJ-Jodhpur,2016-01-16,15.3,23.9,8.8,0.0,0.0,0.0,56,3.43,0.076,0.183,0.253,17.5,18.9,26.26841,73.00594,ERA5,Asia/Kolkata,Open-Meteo Historical Weather API
RJ-Jodhpur,2016-01-17,16.8,24.6,10.3,0.0,0.0,0.0,52,3.56,0.072,0.183,0.253,18.6,19.0,26.26841,73.00594,ERA5,Asia/Kolkata,Open-Meteo Historical Weather API
RJ-Jodhpur,2016-01-18,17.8,24.8,13.1,0.1,0.1,1.0,53,3.43,0.075,0.183,0.253,19.6,19.8,26.26841,73.00594,ERA5,Asia/Kolkata,Open-Meteo Historical Weather API
RJ-Jodhpur,2016-01-19,16.4,22.0,12.3,0.0,0.0,0.0,63,3.42,0.074,0.183,0.252,18.9,19.9,26.26841,73.00594,ERA5,Asia/Kolkata,Open-Meteo Historical Weather API
RJ-Jodhpur,2016-01-20,15.0,22.5,8.5,0.0,0.0,0.0,61,3.33,0.073,0.183,0.252,18.0,19.4,26.26841,73.00594,ERA5,Asia/Kolkata,Open-Meteo Historical Weather API
RJ-Jodhpur,2016-01-21,15.4,24.7,8.7,0.0,0.0,0.0,52,3.54,0.069,0.182,0.252,17.9,19.0,26.26841,73.00594,ERA5,Asia/Kolkata,Open-Meteo Historical Weather API
RJ-Jodhpur,2016-01-22,15.2,23.9,7.2,0.0,0.0,0.0,44,3.61,0.072,0.182,0.251,17.4,18.6,26.26841,73.00594,ERA5,Asia/Kolkata,Open-Meteo Historical Weather API
RJ-Jodhpur,2016-01-23,15.4,24.1,7.3,0.0,0.0,0.0,47,3.72,0.073,0.182,0.25,17.4,18.5,26.26841,73.00594,ERA5,Asia/Kolkata,Open-Meteo Historical Weather API
RJ-Jodhpur,2016-01-24,15.9,23.3,9.6,0.0,0.0,0.0,57,3.64,0.071,0.182,0.25,18.4,18.8,26.26841,73.00594,ERA5,Asia/Kolkata,Open-Meteo Historical Weather API
RJ-Jodhpur,2016-01-25,16.6,24.7,10.1,0.0,0.0,0.0,54,3.54,0.065,0.18,0.249,19.0,19.1,26.26841,73.00594,ERA5,Asia/Kolkata,Open-Meteo Historical Weather API
RJ-Jodhpur,2016-01-26,17.0,24.9,9.4,0.0,0.0,0.0,52,3.76,0.068,0.18,0.248,19.2,19.4,26.26841,73.00594,ERA5,Asia/Kolkata,Open-Meteo Historical Weather API
RJ-Jodhpur,2016-01-27,18.3,25.2,12.1,0.0,0.0,0.0,58,3.73,0.068,0.18,0.249,20.5,19.9,26.26841,73.00594,ERA5,Asia/Kolkata,Open-Meteo Historical Weather API
RJ-Jodhpur,2016-01-28,19.0,26.5,12.9,0.0,0.0,0.0,56,3.6,0.062,0.179,0.248,21.4,20.6,26.26841,73.00594,ERA5,Asia/Kolkata,Open-Meteo Historical Weather API
RJ-Jodhpur,2016-01-29,20.9,29.5,13.6,0.0,0.0,0.0,56,4.34,0.068,0.18,0.249,21.8,21.1,26.26841,73.00594,ERA5,Asia/Kolkata,Open-Meteo Historical Weather API
RJ-Jodhpur,2016-01-30,21.1,27.0,16.2,0.0,0.0,0.0,65,3.66,0.072,0.18,0.249,22.5,21.7,26.26841,73.00594,ERA5,Asia/Kolkata,Open-Meteo Historical Weather API
RJ-Jodhpur,2016-01-31,21.5,27.2,17.3,0.0,0.0,0.0,56,4.22,0.072,0.181,0.249,23.2,22.3,26.26841,73.00594,ERA5,Asia/Kolkata,Open-Meteo Historical Weather API
RJ-Jodhpur,2016-02-01,19.8,26.1,14.4,0.0,0.0,0.0,39,4.67,0.066,0.181,0.249,22.2,22.2,26.26841,73.00594,ERA5,Asia/Kolkata,Open-Meteo Historical Weather API
RJ-Jodhpur,2016-02-02,18.2,25.6,12.5,0.0,0.0,0.0,33,4.66,0.069,0.181,0.248,20.8,21.5,26.26841,73.00594,ERA5,Asia/Kolkata,Open-Meteo Historical Weather API
RJ-Jodhpur,2016-02-03,17.6,25.7,10.7,0.0,0.0,0.0,31,4.91,0.072,0.18,0.247,19.5,20.5,26.26841,73.00594,ERA5,Asia/Kolkata,Open-Meteo Historical Weather API
RJ-Jodhpur,2016-02-04,17.7,26.4,9.4,0.0,0.0,0.0,36,4.73,0.077,0.179,0.246,19.3,20.1,26.26841,73.00594,ERA5,Asia/Kolkata,Open-Meteo Historical Weather API
RJ-Jodhpur,2016-02-05,18.9,27.4,12.0,0.0,0.0,0.0,34,4.98,0.077,0.178,0.246,20.1,20.2,26.26841,73.00594,ERA5,Asia/Kolkata,Open-Meteo Historical Weather API
RJ-Jodhpur,2016-02-06,19.0,27.7,13.2,0.0,0.0,0.0,40,4.82,0.079,0.177,0.245,20.4,20.6,26.26841,73.00594,ERA5,Asia/Kolkata,Open-Meteo Historical Weather API
RJ-Jodhpur,2016-02-07,19.3,27.0,12.2,0.0,0.0,0.0,37,5.12,0.084,0.177,0.245,20.5,20.7,26.26841,73.00594,ERA5,Asia/Kolkata,Open-Meteo Historical Weather API
RJ-Jodhpur,2016-02-08,19.0,26.9,12.4,0.0,0.0,0.0,43,4.47,0.084,0.177,0.244,20.7,20.7,26.26841,73.00594,ERA5,Asia/Kolkata,Open-Meteo Historical Weather API
RJ-Jodhpur,2016-02-09,19.5,27.9,13.2,0.0,0.0,0.0,43,4.27,0.082,0.177,0.243,21.0,20.9,26.26841,73.00594,ERA5,Asia/Kolkata,Open-Meteo Historical Weather API
RJ-Jodhpur,2016-02-10,19.4,27.9,12.1,0.0,0.0,0.0,40,5.01,0.079,0.176,0.243,20.9,20.8,26.26841,73.00594,ERA5,Asia/Kolkata,Open-Meteo Historical Weather API
RJ-Jodhpur,2016-02-11,19.4,26.2,13.2,0.0,0.0,0.0,38,4.47,0.076,0.176,0.242,21.1,21.1,26.26841,73.00594,ERA5,Asia/Kolkata,Open-Meteo Historical Weather API
RJ-Jodhpur,2016-02-12,19.8,26.8,14.3,0.0,0.0,0.0,38,5.1,0.079,0.176,0.243,21.3,21.0,26.26841,73.00594,ERA5,Asia/Kolkata,Open-Meteo Historical Weather API
RJ-Jodhpur,2016-02-13,18.0,24.8,13.1,0.0,0.0,0.0,38,5.03,0.083,0.177,0.244,20.3,20.8,26.26841,73.00594,ERA5,Asia/Kolkata,Open-Meteo Historical Weather API
RJ-Jodhpur,2016-02-14,18.4,24.9,13.0,0.0,0.0,0.0,39,4.99,0.083,0.177,0.245,20.4,20.4,26.26841,73.00594,ERA5,Asia/Kolkata,Open-Meteo Historical Weather API
RJ-Jodhpur,2016-02-15,19.3,26.2,13.8,0.0,0.0,0.0,36,5.74,0.084,0.177,0.245,20.7,20.5,26.26841,73.00594,ERA5,Asia/Kolkata,Open-Meteo Historical Weather API
RJ-Jodhpur,2016-02-16,20.0,26.3,14.5,0.0,0.0,0.0,32,6.29,0.083,0.177,0.245,21.1,20.9,26.26841,73.00594,ERA5,Asia/Kolkata,Open-Meteo Historical Weather API
RJ-Jodhpur,2016-02-17,20.9,26.6,15.7,0.0,0.0,0.0,39,5.47,0.077,0.177,0.245,21.5,21.4,26.26841,73.00594,ERA5,Asia/Kolkata,Open-Meteo Historical Weather API
RJ-Jodhpur,2016-02-18,21.4,25.7,16.7,0.1,0.1,1.0,59,3.63,0.087,0.177,0.247,21.8,22.0,26.26841,73.00594,ERA5,Asia/Kolkata,Open-Meteo Historical Weather API
RJ-Jodhpur,2016-02-19,24.3,30.1,20.0,0.0,0.0,0.0,61,3.9,0.094,0.179,0.249,23.8,22.8,26.26841,73.00594,ERA5,Asia/Kolkata,Open-Meteo Historical Weather API
RJ-Jodhpur,2016-02-20,22.6,27.6,18.8,0.0,0.0,0.0,57,4.98,0.089,0.18,0.25,24.5,23.4,26.26841,73.00594,ERA5,Asia/Kolkata,Open-Meteo Historical Weather API
RJ-Jodhpur,2016-02-21,20.8,28.9,14.9,0.0,0.0,0.0,51,4.92,0.08,0.18,0.249,23.1,22.7,26.26841,73.00594,ERA5,Asia/Kolkata,Open-Meteo Historical Weather API
RJ-Jodhpur,2016-02-22,20.3,30.0,11.9,0.0,0.0,0.0,38,4.92,0.076,0.179,0.248,22.2,22.3,26.26841,73.00594,ERA5,Asia/Kolkata,Open-Meteo Historical Weather API
RJ-Jodhpur,2016-02-23,21.4,32.1,11.6,0.0,0.0,0.0,33,5.1,0.072,0.178,0.247,22.4,22.2,26.26841,73.00594,ERA5,Asia/Kolkata,Open-Meteo Historical Weather API
RJ-Jodhpur,2016-02-24,22.5,32.3,13.3,0.0,0.0,0.0,29,4.97,0.071,0.178,0.247,23.1,22.6,26.26841,73.00594,ERA5,Asia/Kolkata,Open-Meteo Historical Weather API
RJ-Jodhpur,2016-02-25,23.3,33.2,13.8,0.0,0.0,0.0,29,5.38,0.071,0.178,0.247,24.1,23.1,26.26841,73.00594,ERA5,Asia/Kolkata,Open-Meteo Historical Weather API
RJ-Jodhpur,2016-02-26,24.2,33.9,16.0,0.0,0.0,0.0,27,6.27,0.075,0.178,0.247,25.1,23.9,26.26841,73.00594,ERA5,Asia/Kolkata,Open-Meteo Historical Weather API
RJ-Jodhpur,2016-02-27,24.0,33.3,16.4,0.0,0.0,0.0,31,5.75,0.076,0.178,0.246,25.4,24.2,26.26841,73.00594,ERA5,Asia/Kolkata,Open-Meteo Historical Weather API
RJ-Jodhpur,2016-02-28,24.4,34.0,16.3,0.0,0.0,0.0,32,5.4,0.076,0.178,0.245,25.8,24.5,26.26841,73.00594,ERA5,Asia/Kolkata,Open-Meteo Historical Weather API
RJ-Jodhpur,2016-02-29,25.8,34.8,17.4,0.0,0.0,0.0,33,5.43,0.077,0.177,0.244,26.7,25.1,26.26841,73.00594,ERA5,Asia/Kolkata,Open-Meteo Historical Weather API
RJ-Jodhpur,2016-03-01,26.2,35.6,18.0,0.0,0.0,0.0,30,5.54,0.074,0.176,0.243,26.9,25.6,26.26841,73.00594,ERA5,Asia/Kolkata,Open-Meteo Historical Weather API
RJ-Jodhpur,2016-03-02,26.7,36.0,18.4,0.3,0.3,1.0,35,6.61,0.073,0.176,0.243,27.3,25.9,26.26841,73.00594,ERA5,Asia/Kolkata,Open-Meteo Historical Weather API
RJ-Jodhpur,2016-03-03,27.4,35.1,21.2,0.0,0.0,0.0,40,5.76,0.075,0.175,0.243,28.2,26.5,26.26841,73.00594,ERA5,Asia/Kolkata,Open-Meteo Historical Weather API
RJ-Jodhpur,2016-03-04,26.2,34.1,19.6,0.0,0.0,0.0,37,5.69,0.069,0.174,0.244,28.4,26.6,26.26841,73.00594,ERA5,Asia/Kolkata,Open-Meteo Historical Weather API
RJ-Jodhpur,2016-03-05,25.6,31.7,20.7,0.0,0.0,0.0,42,6.5,0.069,0.175,0.244,28.1,26.9,26.26841,73.00594,ERA5,Asia/Kolkata,Open-Meteo Historical Weather API
RJ-Jodhpur,2016-03-06,24.6,30.8,19.4,0.0,0.0,0.0,46,6.04,0.069,0.176,0.244,27.9,26.7,26.26841,73.00594,ERA5,Asia/Kolkata,Open-Meteo Historical Weather API
RJ-Jodhpur,2016-03-07,23.6,29.1,18.3,0.0,0.0,0.0,50,5.62,0.07,0.177,0.244,26.9,26.3,26.26841,73.00594,ERA5,Asia/Kolkata,Open-Meteo Historical Weather API
RJ-Jodhpur,2016-03-08,24.2,30.6,18.3,0.0,0.0,0.0,46,5.46,0.065,0.177,0.244,27.4,26.1,26.26841,73.00594,ERA5,Asia/Kolkata,Open-Meteo Historical Weather API
RJ-Jodhpur,2016-03-09,25.6,32.4,18.9,0.0,0.0,0.0,38,5.49,0.065,0.176,0.243,28.4,26.7,26.26841,73.00594,ERA5,Asia/Kolkata,Open-Meteo Historical Weather API
RJ-Jodhpur,2016-03-10,27.2,34.1,19.7,0.0,0.0,0.0,36,6.54,0.065,0.175,0.242,29.1,27.3,26.26841,73.00594,ERA5,Asia/Kolkata,Open-Meteo Historical Weather API
RJ-Jodhpur,2016-03-11,27.9,33.4,24.0,0.0,0.0,0.0,37,6.83,0.063,0.174,0.241,29.3,27.9,26.26841,73.00594,ERA5,Asia/Kolkata,Open-Meteo Historical Weather API
RJ-Jodhpur,2016-03-12,26.1,31.2,22.1,0.0,0.0,0.0,43,6.73,0.058,0.174,0.24,28.9,27.5,26.26841,73.00594,ERA5,Asia/Kolkata,Open-Meteo Historical Weather API
RJ-Jodhpur,2016-03-13,24.8,30.8,19.2,0.0,0.0,0.0,34,5.68,0.058,0.174,0.239,28.1,27.0,26.26841,73.00594,ERA5,Asia/Kolkata,Open-Meteo Historical Weather API
RJ-Jodhpur,2016-03-14,25.2,31.5,19.7,0.0,0.0,0.0,33,5.95,0.057,0.174,0.239,28.6,27.1,26.26841,73.00594,ERA5,Asia/Kolkata,Open-Meteo Historical Weather API
RJ-Jodhpur,2016-03-15,26.1,32.4,20.4,0.0,0.0,0.0,30,6.35,0.057,0.174,0.239,29.1,27.5,26.26841,73.00594,ERA5,Asia/Kolkata,Open-Meteo Historical Weather API
RJ-Jodhpur,2016-03-16,26.4,33.4,19.8,0.0,0.0,0.0,31,6.17,0.061,0.174,0.239,29.3,27.8,26.26841,73.00594,ERA5,Asia/Kolkata,Open-Meteo Historical Weather API
RJ-Jodhpur,2016-03-17,27.9,33.1,22.3,0.0,0.0,0.0,38,7.37,0.065,0.174,0.239,29.3,28.1,26.26841,73.00594,ERA5,Asia/Kolkata,Open-Meteo Historical Weather API
RJ-Jodhpur,2016-03-18,28.1,33.1,23.6,0.0,0.0,0.0,49,6.0,0.064,0.174,0.238,30.7,28.7,26.26841,73.00594,ERA5,Asia/Kolkata,Open-Meteo Historical Weather API
RJ-Jodhpur,2016-03-19,28.9,35.0,23.8,0.0,0.0,0.0,37,7.15,0.063,0.174,0.238,31.1,29.1,26.26841,73.00594,ERA5,Asia/Kolkata,Open-Meteo Historical Weather API
RJ-Jodhpur,2016-03-20,28.1,34.7,22.9,0.0,0.0,0.0,33,7.09,0.064,0.174,0.238,30.3,29.0,26.26841,73.00594,ERA5,Asia/Kolkata,Open-Meteo Historical Weather API
RJ-Jodhpur,2016-03-21,28.4,35.5,21.2,0.0,0.0,0.0,30,7.4,0.065,0.175,0.238,30.4,28.7,26.26841,73.00594,ERA5,Asia/Kolkata,Open-Meteo Historical Weather API
RJ-Jodhpur,2016-03-22,26.5,34.0,20.6,0.0,0.0,0.0,29,7.13,0.067,0.175,0.238,29.7,28.9,26.26841,73.00594,ERA5,Asia/Kolkata,Open-Meteo Historical Weather API
RJ-Jodhpur,2016-03-23,27.3,36.4,18.4,0.0,0.0,0.0,27,6.44,0.068,0.174,0.237,29.1,28.2,26.26841,73.00594,ERA5,Asia/Kolkata,Open-Meteo Historical Weather API
RJ-Jodhpur,2016-03-24,29.7,39.0,21.3,0.0,0.0,0.0,24,7.04,0.067,0.174,0.237,30.7,28.8,26.26841,73.00594,ERA5,Asia/Kolkata,Open-Meteo Historical Weather API
RJ-Jodhpur,2016-03-25,29.7,38.0,22.0,0.0,0.0,0.0,27,7.22,0.066,0.174,0.237,31.6,29.4,26.26841,73.00594,ERA5,Asia/Kolkata,Open-Meteo Historical Weather API
RJ-Jodhpur,2016-03-26,27.6,32.8,22.6,0.0,0.0,0.0,38,7.48,0.066,0.175,0.237,30.7,29.8,26.26841,73.00594,ERA5,Asia/Kolkata,Open-Meteo Historical Weather API
RJ-Jodhpur,2016-03-27,27.5,34.2,21.8,0.0,0.0,0.0,28,7.69,0.065,0.174,0.237,30.5,29.3,26.26841,73.00594,ERA5,Asia/Kolkata,Open-Meteo Historical Weather API
RJ-Jodhpur,2016-03-28,28.2,35.3,21.2,0.0,0.0,0.0,23,7.21,0.066,0.173,0.235,30.9,29.2,26.26841,73.00594,ERA5,Asia/Kolkata,Open-Meteo Historical Weather API
RJ-Jodhpur,2016-03-29,28.9,37.0,21.0,0.0,0.0,0.0,26,6.77,0.067,0.173,0.234,31.6,29.7,26.26841,73.00594,ERA5,Asia/Kolkata,Open-Meteo Historical Weather API
RJ-Jodhpur,2016-03-30,30.0,37.5,23.9,0.0,0.0,0.0,24,6.66,0.066,0.172,0.234,32.0,30.3,26.26841,73.00594,ERA5,Asia/Kolkata,Open-Meteo Historical Weather API
RJ-Jodhpur,2016-03-31,30.0,37.0,22.6,0.0,0.0,0.0,27,7.54,0.067,0.172,0.233,32.3,30.6,26.26841,73.00594,ERA5,Asia/Kolkata,Open-Meteo Historical Weather API
RJ-Jodhpur,2016-04-01,32.1,38.8,26.6,0.0,0.0,0.0,35,8.02,0.067,0.172,0.233,33.7,31.2,26.26841,73.00594,ERA5,Asia/Kolkata,Open-Meteo Historical Weather API
RJ-Jodhpur,2016-04-02,32.1,38.7,26.3,0.0,0.0,0.0,36,7.41,0.065,0.172,0.232,33.7,31.6,26.26841,73.00594,ERA5,Asia/Kolkata,Open-Meteo Historical Weather API
RJ-Jodhpur,2016-04-03,31.4,36.9,27.2,0.0,0.0,0.0,33,8.01,0.063,0.171,0.232,33.4,31.9,26.26841,73.00594,ERA5,Asia/Kolkata,Open-Meteo Historical Weather API
RJ-Jodhpur,2016-04-04,30.7,36.7,25.9,0.0,0.0,0.0,34,7.6,0.064,0.171,0.232,33.2,31.6,26.26841,73.00594,ERA5,Asia/Kolkata,Open-Meteo Historical Weather API
RJ-Jodhpur,2016-04-05,30.3,36.3,24.6,0.0,0.0,0.0,28,7.82,0.064,0.171,0.231,32.7,31.3,26.26841,73.00594,ERA5,Asia/Kolkata,Open-Meteo Historical Weather API
RJ-Jodhpur,2016-04-06,29.7,35.1,24.9,0.0,0.0,0.0,28,8.04,0.065,0.171,0.231,32.7,31.2,26.26841,73.00594,ERA5,Asia/Kolkata,Open-Meteo Historical Weather API
RJ-Jodhpur,2016-04-07,30.1,35.4,24.2,0.0,0.0,0.0,31,6.46,0.065,0.171,0.231,33.5,31.3,26.26841,73.00594,ERA5,Asia/Kolkata,Open-Meteo Historical Weather API
RJ-Jodhpur,2016-04-08,29.9,35.9,24.1,0.0,0.0,0.0,32,7.58,0.065,0.172,0.231,32.9,31.5,26.26841,73.00594,ERA5,Asia/Kolkata,Open-Meteo Historical Weather API
RJ-Jodhpur,2016-04-09,30.1,36.6,24.5,0.0,0.0,0.0,31,6.64,0.065,0.172,0.231,33.1,31.5,26.26841,73.00594,ERA5,Asia/Kolkata,Open-Meteo Historical Weather API
RJ-Jodhpur,2016-04-10,30.9,37.0,25.0,0.0,0.0,0.0,28,7.37,0.064,0.172,0.231,33.3,31.6,26.26841,73.00594,ERA5,Asia/Kolkata,Open-Meteo Historical Weather API
RJ-Jodhpur,2016-04-11,30.0,35.8,24.4,0.0,0.0,0.0,33,7.91,0.068,0.173,0.232,33.5,31.9,26.26841,73.00594,ERA5,Asia/Kolkata,Open-Meteo Historical Weather API
RJ-Jodhpur,2016-04-12,30.1,36.4,24.4,0.0,0.0,0.0,29,7.68,0.065,0.173,0.231,33.8,32.0,26.26841,73.00594,ERA5,Asia/Kolkata,Open-Meteo Historical Weather API
RJ-Jodhpur,2016-04-13,31.3,39.1,23.1,0.0,0.0,0.0,26,8.25,0.064,0.172,0.231,33.7,31.9,26.26841,73.00594,ERA5,Asia/Kolkata,Open-Meteo Historical Weather API
RJ-Jodhpur,2016-04-14,33.1,40.2,26.6,0.0,0.0,0.0,24,9.34,0.063,0.172,0.23,34.9,32.5,26.26841,73.00594,ERA5,Asia/Kolkata,Open-Meteo Historical Weather API
RJ-Jodhpur,2016-04-15,32.8,39.5,27.7,0.0,0.0,0.0,30,8.62,0.063,0.171,0.23,35.0,33.0,26.26841,73.00594,ERA5,Asia/Kolkata,Open-Meteo Historical Weather API
RJ-Jodhpur,2016-04-16,33.0,38.9,27.9,0.0,0.0,0.0,31,9.24,0.063,0.171,0.229,35.1,33.3,26.26841,73.00594,ERA5,Asia/Kolkata,Open-Meteo Historical Weather API
RJ-Jodhpur,2016-04-17,32.1,37.7,27.3,0.0,0.0,0.0,38,8.79,0.061,0.171,0.229,34.8,33.2,26.26841,73.00594,ERA5,Asia/Kolkata,Open-Meteo Historical Weather API
RJ-Jodhpur,2016-04-18,31.6,37.5,27.1,0.0,0.0,0.0,28,8.49,0.059,0.171,0.229,34.4,32.8,26.26841,73.00594,ERA5,Asia/Kolkata,Open-Meteo Historical Weather API
RJ-Jodhpur,2016-04-19,30.8,36.4,25.9,0.0,0.0,0.0,29,7.08,0.061,0.17,0.228,33.2,32.4,26.26841,73.00594,ERA5,Asia/Kolkata,Open-Meteo Historical Weather API
RJ-Jodhpur,2016-04-20,31.8,38.9,25.8,0.0,0.0,0.0,25,6.99,0.063,0.17,0.228,34.7,32.5,26.26841,73.00594,ERA5,Asia/Kolkata,Open-Meteo Historical Weather API
RJ-Jodhpur,2016-04-21,32.8,39.9,25.3,0.0,0.0,0.0,26,8.22,0.063,0.17,0.228,35.3,33.1,26.26841,73.00594,ERA5,Asia/Kolkata,Open-Meteo Historical Weather API
RJ-Jodhpur,2016-04-22,32.2,38.4,26.9,0.0,0.0,0.0,29,9.22,0.063,0.17,0.228,35.1,33.6,26.26841,73.00594,ERA5,Asia/Kolkata,Open-Meteo Historical Weather API
RJ-Jodhpur,2016-04-23,31.3,38.7,22.4,0.0,0.0,0.0,21,8.67,0.063,0.17,0.228,34.4,33.0,26.26841,73.00594,ERA5,Asia/Kolkata,Open-Meteo Historical Weather API
RJ-Jodhpur,2016-04-24,32.1,38.9,25.5,0.0,0.0,0.0,25,8.54,0.063,0.17,0.227,35.0,33.1,26.26841,73.00594,ERA5,Asia/Kolkata,Open-Meteo Historical Weather API
RJ-Jodhpur,2016-04-25,33.0,39.1,27.1,0.0,0.0,0.0,24,8.93,0.062,0.169,0.227,35.6,33.5,26.26841,73.00594,ERA5,Asia/Kolkata,Open-Meteo Historical Weather API
RJ-Jodhpur,2016-04-26,32.9,39.4,26.6,0.0,0.0,0.0,22,8.97,0.062,0.169,0.226,35.7,33.7,26.26841,73.00594,ERA5,Asia/Kolkata,Open-Meteo Historical Weather API
RJ-Jodhpur,2016-04-27,33.5,41.0,26.8,0.0,0.0,0.0,22,7.99,0.063,0.169,0.226,36.4,34.0,26.26841,73.00594,ERA5,Asia/Kolkata,Open-Meteo Historical Weather API
RJ-Jodhpur,2016-04-28,34.5,42.1,28.3,0.0,0.0,0.0,18,8.74,0.063,0.168,0.225,36.9,34.5,26.26841,73.00594,ERA5,Asia/Kolkata,Open-Meteo Historical Weather API
RJ-Jodhpur,2016-04-29,34.9,42.7,26.3,0.0,0.0,0.0,18,8.55,0.064,0.167,0.224,37.2,34.8,26.26841,73.00594,ERA5,Asia/Kolkata,Open-Meteo Historical Weather API
RJ-Jodhpur,2016-04-30,35.8,43.7,27.5,0.0,0.0,0.0,19,8.83,0.064,0.167,0.223,38.1,35.3,26.26841,73.00594,ERA5,Asia/Kolkata,Open-Meteo Historical Weather API
RJ-Jodhpur,2016-05-01,35.8,42.6,29.5,0.0,0.0,0.0,23,9.95,0.063,0.166,0.222,38.0,35.7,26.26841,73.00594,ERA5,Asia/Kolkata,Open-Meteo Historical Weather API
RJ-Jodhpur,2016-05-02,35.2,41.7,30.1,0.2,0.2,2.0,28,9.09,0.064,0.166,0.223,36.9,35.4,26.26841,73.00594,ERA5,Asia/Kolkata,Open-Meteo Historical Weather API
RJ-Jodhpur,2016-05-03,35.0,40.3,30.0,0.0,0.0,0.0,28,10.43,0.061,0.166,0.222,37.4,35.1,26.26841,73.00594,ERA5,Asia/Kolkata,Open-Meteo Historical Weather API
RJ-Jodhpur,2016-05-04,34.2,39.8,29.8,0.0,0.0,0.0,29,9.17,0.059,0.166,0.222,37.3,35.2,26.26841,73.00594,ERA5,Asia/Kolkata,Open-Meteo Historical Weather API
RJ-Jodhpur,2016-05-05,31.0,36.6,25.4,1.6,1.6,2.0,36,7.01,0.064,0.166,0.222,35.0,34.9,26.26841,73.00594,ERA5,Asia/Kolkata,Open-Meteo Historical Weather API
RJ-Jodhpur,2016-05-06,31.6,37.8,25.2,0.0,0.0,0.0,40,6.76,0.06,0.167,0.222,36.0,34.3,26.26841,73.00594,ERA5,Asia/Kolkata,Open-Meteo Historical Weather API
RJ-Jodhpur,2016-05-07,34.1,41.3,26.3,0.0,0.0,0.0,32,7.29,0.062,0.167,0.222,37.6,35.2,26.26841,73.00594,ERA5,Asia/Kolkata,Open-Meteo Historical Weather API
RJ-Jodhpur,2016-05-08,35.8,41.9,29.6,0.0,0.0,0.0,29,7.84,0.063,0.167,0.222,38.0,35.8,26.26841,73.00594,ERA5,Asia/Kolkata,Open-Meteo Historical Weather API
RJ-Jodhpur,2016-05-09,36.8,43.6,30.9,0.0,0.0,0.0,30,10.05,0.062,0.166,0.221,38.8,36.1,26.26841,73.00594,ERA5,Asia/Kolkata,Open-Meteo Historical Weather API
RJ-Jodhpur,2016-05-10,36.1,42.4,31.5,0.0,0.0,0.0,31,10.03,0.061,0.167,0.221,38.9,36.7,26.26841,73.00594,ERA5,Asia/Kolkata,Open-Meteo Historical Weather API
RJ-Jodhpur,2016-05-11,36.1,42.7,31.1,0.0,0.0,0.0,30,9.38,0.061,0.167,0.221,38.7,36.7,26.26841,73.00594,ERA5,Asia/Kolkata,Open-Meteo Historical Weather API
RJ-Jodhpur,2016-05-12,36.5,42.9,31.1,0.0,0.0,0.0,28,9.68,0.06,0.167,0.221,39.1,36.9,26.26841,73.00594,ERA5,Asia/Kolkata,Open-Meteo Historical Weather API
RJ-Jodhpur,2016-05-13,36.4,42.5,31.4,0.0,0.0,0.0,28,10.21,0.061,0.166,0.221,39.0,37.0,26.26841,73.00594,ERA5,Asia/Kolkata,Open-Meteo Historical Weather API
RJ-Jodhpur,2016-05-14,36.6,42.3,31.3,0.0,0.0,0.0,30,9.39,0.061,0.166,0.221,39.3,37.2,26.26841,73.00594,ERA5,Asia/Kolkata,Open-Meteo Historical Weather API
RJ-Jodhpur,2016-05-15,37.2,42.9,32.4,0.0,0.0,0.0,28,9.81,0.061,0.166,0.221,40.1,37.5,26.26841,73.00594,ERA5,Asia/Kolkata,Open-Meteo Historical Weather API
RJ-Jodhpur,2016-05-16,37.1,43.0,31.7,0.2,0.2,1.0,30,8.79,0.063,0.166,0.221,40.2,37.8,26.26841,73.00594,ERA5,Asia/Kolkata,Open-Meteo Historical Weather API
RJ-Jodhpur,2016-05-17,38.2,45.4,30.6,0.0,0.0,0.0,27,9.69,0.064,0.167,0.221,40.5,38.1,26.26841,73.00594,ERA5,Asia/Kolkata,Open-Meteo Historical Weather API
RJ-Jodhpur,2016-05-18,40.2,47.4,33.8,0.0,0.0,0.0,24,10.91,0.063,0.166,0.22,41.9,38.8,26.26841,73.00594,ERA5,Asia/Kolkata,Open-Meteo Historical Weather API
RJ-Jodhpur,2016-05-19,40.1,47.7,34.3,0.0,0.0,0.0,20,10.37,0.062,0.165,0.22,42.4,39.4,26.26841,73.00594,ERA5,Asia/Kolkata,Open-Meteo Historical Weather API
RJ-Jodhpur,2016-05-20,39.5,45.7,34.3,0.0,0.0,0.0,28,11.27,0.061,0.163,0.218,42.2,39.5,26.26841,73.00594,ERA5,Asia/Kolkata,Open-Meteo Historical Weather API
RJ-Jodhpur,2016-05-21,37.0,42.4,31.1,0.0,0.0,0.0,44,10.96,0.06,0.163,0.217,40.6,39.0,26.26841,73.00594,ERA5,Asia/Kolkata,Open-Meteo Historical Weather API
RJ-Jodhpur,2016-05-22,35.3,40.7,29.8,0.0,0.0,0.0,51,10.29,0.06,0.163,0.217,39.0,38.1,26.26841,73.00594,ERA5,Asia/Kolkata,Open-Meteo Historical Weather API
RJ-Jodhpur,2016-05-23,35.6,43.7,29.5,0.0,0.0,0.0,47,11.09,0.061,0.163,0.218,38.7,37.5,26.26841,73.00594,ERA5,Asia/Kolkata,Open-Meteo Historical Weather API
RJ-Jodhpur,2016-05-24,34.4,40.7,28.3,0.0,0.0,0.0,49,10.33,0.067,0.164,0.218,37.8,37.1,26.26841,73.00594,ERA5,Asia/Kolkata,Open-Meteo Historical Weather API
RJ-Jodhpur,2016-05-25,34.9,41.0,29.6,0.0,0.0,0.0,47,11.1,0.064,0.164,0.219,38.0,36.8,26.26841,73.00594,ERA5,Asia/Kolkata,Open-Meteo Historical Weather API
RJ-Jodhpur,2016-05-26,34.7,40.3,28.9,0.0,0.0,0.0,47,10.72,0.064,0.165,0.219,37.7,36.6,26.26841,73.00594,ERA5,Asia/Kolkata,Open-Meteo Historical Weather API
RJ-Jodhpur,2016-05-27,34.6,39.7,29.5,0.0,0.0,0.0,47,10.07,0.063,0.165,0.219,37.9,36.6,26.26841,73.00594,ERA5,Asia/Kolkata,Open-Meteo Historical Weather API
RJ-Jodhpur,2016-05-28,34.3,39.7,29.6,0.0,0.0,0.0,48,10.01,0.063,0.165,0.219,37.5,36.6,26.26841,73.00594,ERA5,Asia/Kolkata,Open-Meteo Historical Weather API
RJ-Jodhpur,2016-05-29,33.9,38.8,28.4,0.0,0.0,0.0,50,9.94,0.063,0.165,0.219,37.5,36.4,26.26841,73.00594,ERA5,Asia/Kolkata,Open-Meteo Historical Weather API
RJ-Jodhpur,2016-05-30,33.6,38.3,28.5,0.0,0.0,0.0,50,9.05,0.064,0.165,0.219,37.5,36.4,26.26841,73.00594,ERA5,Asia/Kolkata,Open-Meteo Historical Weather API
RJ-Jodhpur,2016-05-31,34.1,38.8,29.8,0.0,0.0,0.0,47,8.6,0.063,0.165,0.219,38.1,36.6,26.26841,73.00594,ERA5,Asia/Kolkata,Open-Meteo Historical Weather API
RJ-Jodhpur,2016-06-01,34.6,40.1,30.6,0.0,0.0,0.0,45,8.84,0.063,0.166,0.219,38.1,36.7,26.26841,73.00594,ERA5,Asia/Kolkata,Open-Meteo Historical Weather API
RJ-Jodhpur,2016-06-02,34.9,40.0,30.4,0.0,0.0,0.0,45,8.4,0.063,0.165,0.219,38.6,36.9,26.26841,73.00594,ERA5,Asia/Kolkata,Open-Meteo Historical Weather API
RJ-Jodhpur,2016-06-03,36.0,42.4,31.0,0.0,0.0,0.0,36,9.15,0.062,0.165,0.219,39.1,37.2,26.26841,73.00594,ERA5,Asia/Kolkata,Open-Meteo Historical Weather API
RJ-Jodhpur,2016-06-04,36.9,43.8,30.5,0.0,0.0,0.0,29,8.99,0.062,0.164,0.218,39.7,37.6,26.26841,73.00594,ERA5,Asia/Kolkata,Open-Meteo Historical Weather API
RJ-Jodhpur,2016-06-05,37.6,44.6,31.6,0.0,0.0,0.0,20,9.32,0.063,0.163,0.217,40.3,38.0,26.26841,73.00594,ERA5,Asia/Kolkata,Open-Meteo Historical Weather API
RJ-Jodhpur,2016-06-06,37.7,45.1,30.3,0.0,0.0,0.0,22,10.15,0.063,0.162,0.216,40.2,38.2,26.26841,73.00594,ERA5,Asia/Kolkata,Open-Meteo Historical Weather API
RJ-Jodhpur,2016-06-07,37.4,43.6,32.2,0.0,0.0,0.0,30,10.15,0.063,0.162,0.215,40.4,38.4,26.26841,73.00594,ERA5,Asia/Kolkata,Open-Meteo Historical Weather API
RJ-Jodhpur,2016-06-08,36.7,43.0,31.9,0.0,0.0,0.0,39,10.19,0.063,0.162,0.216,39.9,38.5,26.26841,73.00594,ERA5,Asia/Kolkata,Open-Meteo Historical Weather API
RJ-Jodhpur,2016-06-09,35.3,40.3,30.9,0.0,0.0,0.0,47,9.67,0.063,0.162,0.215,39.0,38.0,26.26841,73.00594,ERA5,Asia/Kolkata,Open-Meteo Historical Weather API
RJ-Jodhpur,2016-06-10,35.1,38.9,31.1,0.0,0.0,0.0,50,9.21,0.06,0.163,0.216,39.0,37.7,26.26841,73.00594,ERA5,Asia/Kolkata,Open-Meteo Historical Weather API
RJ-Jodhpur,2016-06-11,34.0,38.6,29.6,0.0,0.0,0.0,53,9.14,0.064,0.164,0.217,38.1,37.5,26.26841,73.00594,ERA5,Asia/Kolkata,Open-Meteo Historical Weather API
RJ-Jodhpur,2016-06-12,33.6,37.8,29.0,0.0,0.0,0.0,52,9.27,0.064,0.165,0.217,37.6,37.1,26.26841,73.00594,ERA5,Asia/Kolkata,Open-Meteo Historical Weather API
RJ-Jodhpur,2016-06-13,33.5,38.3,29.0,0.0,0.0,0.0,53,9.16,0.065,0.165,0.217,37.3,36.8,26.26841,73.00594,ERA5,Asia/Kolkata,Open-Meteo Historical Weather API
RJ-Jodhpur,2016-06-14,33.7,38.2,29.5,0.0,0.0,0.0,51,8.92,0.066,0.165,0.217,37.0,36.5,26.26841,73.00594,ERA5,Asia/Kolkata,Open-Meteo Historical Weather API
RJ-Jodhpur,2016-06-15,33.9,38.6,29.3,0.0,0.0,0.0,50,9.45,0.062,0.165,0.217,37.2,36.2,26.26841,73.00594,ERA5,Asia/Kolkata,Open-Meteo Historical Weather API
RJ-Jodhpur,2016-06-16,34.4,39.4,29.4,0.0,0.0,0.0,49,9.06,0.061,0.165,0.217,37.9,36.4,26.26841,73.00594,ERA5,Asia/Kolkata,Open-Meteo Historical Weather API
RJ-Jodhpur,2016-06-17,34.9,39.9,30.4,0.0,0.0,0.0,47,8.99,0.061,0.164,0.216,38.8,36.9,26.26841,73.00594,ERA5,Asia/Kolkata,Open-Meteo Historical Weather API
RJ-Jodhpur,2016-06-18,34.9,40.2,30.2,0.0,0.0,0.0,44,9.11,0.062,0.164,0.216,38.7,37.3,26.26841,73.00594,ERA5,Asia/Kolkata,Open-Meteo Historical Weather API
RJ-Jodhpur,2016-06-19,36.6,42.2,32.1,0.0,0.0,0.0,39,9.28,0.062,0.164,0.216,39.6,37.8,26.26841,73.00594,ERA5,Asia/Kolkata,Open-Meteo Historical Weather API
RJ-Jodhpur,2016-06-20,37.3,43.1,33.0,0.0,0.0,0.0,38,9.71,0.062,0.163,0.216,40.5,38.6,26.26841,73.00594,ERA5,Asia/Kolkata,Open-Meteo Historical Weather API
RJ-Jodhpur,2016-06-21,35.8,41.1,32.1,0.0,0.0,0.0,45,9.53,0.063,0.163,0.216,39.4,38.7,26.26841,73.00594,ERA5,Asia/Kolkata,Open-Meteo Historical Weather API
RJ-Jodhpur,2016-06-22,34.7,40.1,30.0,0.0,0.0,0.0,48,7.23,0.063,0.163,0.216,37.9,37.8,26.26841,73.00594,ERA5,Asia/Kolkata,Open-Meteo Historical Weather API
RJ-Jodhpur,2016-06-23,35.3,40.2,31.1,0.0,0.0,0.0,47,8.1,0.064,0.163,0.215,39.5,37.8,26.26841,73.00594,ERA5,Asia/Kolkata,Open-Meteo Historical Weather API
RJ-Jodhpur,2016-06-24,35.1,40.9,31.8,0.2,0.2,1.0,49,7.66,0.063,0.162,0.215,39.5,38.3,26.26841,73.00594,ERA5,Asia/Kolkata,Open-Meteo Historical Weather API
RJ-Jodhpur,2016-06-25,34.1,39.5,28.8,1.1,1.1,6.0,56,6.39,0.073,0.162,0.214,38.3,38.1,26.26841,73.00594,ERA5,Asia/Kolkata,Open-Meteo Historical Weather API
RJ-Jodhpur,2016-06-26,33.0,39.0,28.9,2.3,2.3,6.0,59,5.61,0.08,0.161,0.214,37.3,37.4,26.26841,73.00594,ERA5,Asia/Kolkata,Open-Meteo Historical Weather API
RJ-Jodhpur,2016-06-27,33.0,38.3,29.2,1.2,1.2,5.0,58,6.39,0.095,0.16,0.212,37.5,37.0,26.26841,73.00594,ERA5,Asia/Kolkata,Open-Meteo Historical Weather API
RJ-Jodhpur,2016-06-28,30.9,35.4,26.8,13.1,13.1,9.0,74,4.83,0.214,0.164,0.211,34.7,35.9,26.26841,73.00594,ERA5,Asia/Kolkata,Open-Meteo Historical Weather API
RJ-Jodhpur,2016-06-29,32.1,35.9,28.8,17.1,17.1,8.0,73,4.34,0.293,0.184,0.21,34.3,34.5,26.26841,73.00594,ERA5,Asia/Kolkata,Open-Meteo Historical Weather API
RJ-Jodhpur,2016-06-30,32.7,37.6,28.2,0.8,0.8,2.0,70,5.72,0.257,0.191,0.209,34.5,34.1,26.26841,73.00594,ERA5,Asia/Kolkata,Open-Meteo Historical Weather API
RJ-Jodhpur,2016-07-01,33.0,37.6,29.9,0.0,0.0,0.0,65,6.3,0.196,0.19,0.209,33.6,33.8,26.26841,73.00594,ERA5,Asia/Kolkata,Open-Meteo Historical Weather API
RJ-Jodhpur,2016-07-02,31.9,36.8,28.3,0.1,0.1,1.0,67,5.0,0.151,0.189,0.208,32.9,33.3,26.26841,73.00594,ERA5,Asia/Kolkata,Open-Meteo Historical Weather API
RJ-Jodhpur,2016-07-03,31.9,37.3,28.2,3.5,3.5,5.0,67,5.78,0.125,0.188,0.208,34.5,33.8,26.26841,73.00594,ERA5,Asia/Kolkata,Open-Meteo Historical Weather API
RJ-Jodhpur,2016-07-04,31.7,36.6,27.1,0.0,0.0,0.0,65,6.31,0.129,0.189,0.209,34.1,34.1,26.26841,73.00594,ERA5,Asia/Kolkata,Open-Meteo Historical Weather API
RJ-Jodhpur,2016-07-05,33.6,39.0,30.1,0.0,0.0,0.0,54,8.4,0.103,0.188,0.21,35.4,34.5,26.26841,73.00594,ERA5,Asia/Kolkata,Open-Meteo Historical Weather API
RJ-Jodhpur,2016-07-06,33.6,37.6,29.9,0.0,0.0,0.0,52,8.67,0.087,0.186,0.21,36.7,35.2,26.26841,73.00594,ERA5,Asia/Kolkata,Open-Meteo Historical Weather API
RJ-Jodhpur,2016-07-07,32.6,37.1,29.6,0.0,0.0,0.0,57,7.17,0.081,0.184,0.21,35.8,35.2,26.26841,73.00594,ERA5,Asia/Kolkata,Open-Meteo Historical Weather API
RJ-Jodhpur,2016-07-08,33.1,37.5,29.5,0.0,0.0,0.0,57,7.42,0.077,0.183,0.21,36.5,35.1,26.26841,73.00594,ERA5,Asia/Kolkata,Open-Meteo Historical Weather API
RJ-Jodhpur,2016-07-09,33.2,38.3,29.6,0.0,0.0,0.0,58,7.54,0.075,0.181,0.209,37.1,35.7,26.26841,73.00594,ERA5,Asia/Kolkata,Open-Meteo Historical Weather API
RJ-Jodhpur,2016-07-10,33.8,39.5,29.9,0.0,0.0,0.0,55,7.88,0.074,0.18,0.21,37.7,36.4,26.26841,73.00594,ERA5,Asia/Kolkata,Open-Meteo Historical Weather API
RJ-Jodhpur,2016-07-11,32.2,36.1,29.0,0.6,0.6,2.0,59,5.89,0.076,0.18,0.21,35.7,36.1,26.26841,73.00594,ERA5,Asia/Kolkata,Open-Meteo Historical Weather API
RJ-Jodhpur,2016-07-12,29.6,34.0,27.7,11.9,11.9,16.0,79,3.18,0.169,0.181,0.211,32.5,34.0,26.26841,73.00594,ERA5,Asia/Kolkata,Open-Meteo Historical Weather API
RJ-Jodhpur,2016-07-13,29.4,32.4,27.0,8.2,8.2,12.0,81,3.29,0.285,0.187,0.212,31.3,31.9,26.26841,73.00594,ERA5,Asia/Kolkata,Open-Meteo Historical Weather API
RJ-Jodhpur,2016-07-14,30.1,33.6,26.5,1.3,1.3,6.0,77,3.98,0.27,0.193,0.211,31.1,31.2,26.26841,73.00594,ERA5,Asia/Kolkata,Open-Meteo Historical Weather API
RJ-Jodhpur,2016-07-15,30.2,32.5,28.2,0.0,0.0,0.0,76,3.69,0.232,0.194,0.209,31.0,31.1,26.26841,73.00594,ERA5,Asia/Kolkata,Open-Meteo Historical Weather API
RJ-Jodhpur,2016-07-16,29.9,32.6,28.0,4.6,4.6,10.0,76,3.96,0.212,0.195,0.209,30.7,30.8,26.26841,73.00594,ERA5,Asia/Kolkata,Open-Meteo Historical Weather API
RJ-Jodhpur,2016-07-17,30.2,33.4,27.6,0.0,0.0,0.0,73,4.83,0.211,0.196,0.208,30.9,30.5,26.26841,73.00594,ERA5,Asia/Kolkata,Open-Meteo Historical Weather API
RJ-Jodhpur,2016-07-18,29.7,33.3,26.7,1.7,1.7,6.0,75,4.06,0.185,0.195,0.207,30.4,30.5,26.26841,73.00594,ERA5,Asia/Kolkata,Open-Meteo Historical Weather API
RJ-Jodhpur,2016-07-19,30.4,34.7,27.2,0.0,0.0,0.0,69,5.89,0.154,0.193,0.206,31.2,30.7,26.26841,73.00594,ERA5,Asia/Kolkata,Open-Meteo Historical Weather API
RJ-Jodhpur,2016-07-20,31.4,36.7,27.8,0.0,0.0,0.0,62,6.9,0.118,0.192,0.206,32.9,31.5,26.26841,73.00594,ERA5,Asia/Kolkata,Open-Meteo Historical Weather API
RJ-Jodhpur,2016-07-21,32.2,37.3,28.2,0.0,0.0,0.0,56,7.93,0.089,0.188,0.205,35.0,32.8,26.26841,73.00594,ERA5,Asia/Kolkata,Open-Meteo Historical Weather API
RJ-Jodhpur,2016-07-22,32.4,37.6,28.5,0.0,0.0,0.0,54,7.83,0.08,0.185,0.204,35.7,33.7,26.26841,73.00594,ERA5,Asia/Kolkata,Open-Meteo Historical Weather API
RJ-Jodhpur,2016-07-23,33.3,38.4,29.0,0.0,0.0,0.0,52,6.68,0.07,0.181,0.203,36.5,34.3,26.26841,73.00594,ERA5,Asia/Kolkata,Open-Meteo Historical Weather API
RJ-Jodhpur,2016-07-24,33.6,39.3,29.1,0.0,0.0,0.0,51,5.84,0.064,0.177,0.202,37.8,35.4,26.26841,73.00594,ERA5,Asia/Kolkata,Open-Meteo Historical Weather API
RJ-Jodhpur,2016-07-25,32.7,39.2,27.9,1.1,1.1,5.0,58,5.91,0.07,0.176,0.201,37.8,36.1,26.26841,73.00594,ERA5,Asia/Kolkata,Open-Meteo Historical Weather API
RJ-Jodhpur,2016-07-26,32.0,36.7,28.4,2.8,2.8,6.0,65,5.78,0.078,0.175,0.202,36.0,35.8,26.26841,73.00594,ERA5,Asia/Kolkata,Open-Meteo Historical Weather API
RJ-Jodhpur,2016-07-27,28.6,31.7,26.3,21.3,21.3,20.0,82,3.12,0.19,0.175,0.201,31.7,34.0,26.26841,73.00594,ERA5,Asia/Kolkata,Open-Meteo Historical Weather API
RJ-Jodhpur,2016-07-28,27.6,29.7,26.0,7.6,7.6,18.0,88,1.65,0.349,0.196,0.201,29.5,31.0,26.26841,73.00594,ERA5,Asia/Kolkata,Open-Meteo Historical Weather API
RJ-Jodhpur,2016-07-29,28.7,33.8,26.3,4.9,4.9,12.0,83,3.72,0.329,0.214,0.2,30.1,30.2,26.26841,73.00594,ERA5,Asia/Kolkata,Open-Meteo Historical Weather API
RJ-Jodhpur,2016-07-30,28.1,30.8,25.9,2.4,2.4,9.0,84,2.52,0.32,0.225,0.2,29.3,30.1,26.26841,73.00594,ERA5,Asia/Kolkata,Open-Meteo Historical Weather API
RJ-Jodhpur,2016-07-31,29.8,33.3,26.9,0.6,0.6,3.0,76,4.36,0.291,0.232,0.2,30.1,30.1,26.26841,73.00594,ERA5,Asia/Kolkata,Open-Meteo Historical Weather API
RJ-Jodhpur,2016-08-01,30.3,34.5,28.1,0.2,0.2,2.0,71,5.27,0.245,0.232,0.2,30.9,30.7,26.26841,73.00594,ERA5,Asia/Kolkata,Open-Meteo Historical Weather API
RJ-Jodhpur,2016-08-02,28.7,31.6,27.0,2.6,2.6,10.0,78,3.75,0.219,0.231,0.201,29.9,30.6,26.26841,73.00594,ERA5,Asia/Kolkata,Open-Meteo Historical Weather API
RJ-Jodhpur,2016-08-03,27.3,29.7,26.0,15.9,15.9,17.0,88,2.39,0.3,0.237,0.201,29.3,29.9,26.26841,73.00594,ERA5,Asia/Kolkata,Open-Meteo Historical Weather API
RJ-Jodhpur,2016-08-04,28.0,32.2,25.1,11.0,11.0,9.0,86,3.24,0.342,0.251,0.202,29.8,29.8,26.26841,73.00594,ERA5,Asia/Kolkata,Open-Meteo Historical Weather API
RJ-Jodhpur,2016-08-05,29.7,33.7,26.6,9.2,9.2,8.0,82,3.96,0.356,0.27,0.202,31.3,30.4,26.26841,73.00594,ERA5,Asia/Kolkata,Open-Meteo Historical Weather API
RJ-Jodhpur,2016-08-06,30.3,34.3,27.4,4.6,4.6,7.0,79,4.87,0.356,0.284,0.202,32.3,31.2,26.26841,73.00594,ERA5,Asia/Kolkata,Open-Meteo Historical Weather API
RJ-Jodhpur,2016-08-07,29.6,33.4,26.9,5.0,5.0,7.0,80,3.86,0.343,0.289,0.202,31.5,31.2,26.26841,73.00594,ERA5,Asia/Kolkata,Open-Meteo Historical Weather API
RJ-Jodhpur,2016-08-08,28.1,31.5,26.7,18.8,18.8,16.0,88,2.37,0.384,0.314,0.202,30.0,30.4,26.26841,73.00594,ERA5,Asia/Kolkata,Open-Meteo Historical Weather API
RJ-Jodhpur,2016-08-09,27.2,29.3,25.4,57.3,57.3,24.0,90,1.39,0.431,0.415,0.216,28.7,29.3,26.26841,73.00594,ERA5,Asia/Kolkata,Open-Meteo Historical Weather API
RJ-Jodhpur,2016-08-10,26.1,27.4,25.0,55.5,55.5,14.0,91,1.37,0.427,0.429,0.289,27.7,28.4,26.26841,73.00594,ERA5,Asia/Kolkata,Open-Meteo Historical Weather API
RJ-Jodhpur,2016-08-11,27.6,30.2,25.9,0.6,0.6,3.0,84,2.9,0.392,0.402,0.31,28.0,28.2,26.26841,73.00594,ERA5,Asia/Kolkata,Open-Meteo Historical Weather API
RJ-Jodhpur,2016-08-12,28.4,31.9,25.8,0.0,0.0,0.0,79,3.83,0.363,0.385,0.314,28.7,28.6,26.26841,73.00594,ERA5,Asia/Kolkata,Open-Meteo Historical Weather API
RJ-Jodhpur,2016-08-13,28.7,31.8,26.1,0.0,0.0,0.0,77,4.56,0.334,0.37,0.315,29.3,29.0,26.26841,73.00594,ERA5,Asia/Kolkata,Open-Meteo Historical Weather API
RJ-Jodhpur,2016-08-14,28.7,32.6,25.9,0.0,0.0,0.0,75,5.14,0.306,0.356,0.315,29.4,29.0,26.26841,73.00594,ERA5,Asia/Kolkata,Open-Meteo Historical Weather API
RJ-Jodhpur,2016-08-15,28.2,31.2,25.6,0.0,0.0,0.0,76,4.42,0.282,0.343,0.315,28.9,28.8,26.26841,73.00594,ERA5,Asia/Kolkata,Open-Meteo Historical Weather API
RJ-Jodhpur,2016-08-16,28.2,31.6,25.7,0.0,0.0,0.0,74,4.83,0.262,0.33,0.314,29.0,28.5,26.26841,73.00594,ERA5,Asia/Kolkata,Open-Meteo Historical Weather API
RJ-Jodhpur,2016-08-17,28.3,31.6,25.7,0.0,0.0,0.0,74,4.25,0.245,0.32,0.313,28.9,28.5,26.26841,73.00594,ERA5,Asia/Kolkata,Open-Meteo Historical Weather API
RJ-Jodhpur,2016-08-18,27.4,30.2,25.2,0.0,0.0,0.0,80,2.43,0.238,0.311,0.312,27.8,28.1,26.26841,73.00594,ERA5,Asia/Kolkata,Open-Meteo Historical Weather API
RJ-Jodhpur,2016-08-19,28.1,30.9,26.3,0.5,0.5,3.0,79,2.95,0.236,0.305,0.312,28.1,27.9,26.26841,73.00594,ERA5,Asia/Kolkata,Open-Meteo Historical Weather API
RJ-Jodhpur,2016-08-20,28.3,32.6,25.6,8.0,8.0,7.0,80,3.81,0.242,0.3,0.311,28.8,28.1,26.26841,73.00594,ERA5,Asia/Kolkata,Open-Meteo Historical Weather API
RJ-Jodhpur,2016-08-21,28.2,31.8,25.3,1.6,1.6,7.0,85,3.26,0.321,0.313,0.31,29.1,28.9,26.26841,73.00594,ERA5,Asia/Kolkata,Open-Meteo Historical Weather API
RJ-Jodhpur,2016-08-22,28.1,32.1,25.6,11.1,11.1,20.0,86,3.31,0.347,0.318,0.311,29.2,29.1,26.26841,73.00594,ERA5,Asia/Kolkata,Open-Meteo Historical Weather API
RJ-Jodhpur,2016-08-23,28.4,32.2,26.4,14.6,14.6,16.0,83,3.1,0.402,0.361,0.313,29.3,29.0,26.26841,73.00594,ERA5,Asia/Kolkata,Open-Meteo Historical Weather API
RJ-Jodhpur,2016-08-24,27.3,30.4,25.6,21.2,21.2,9.0,88,2.96,0.403,0.385,0.317,28.4,28.8,26.26841,73.00594,ERA5,Asia/Kolkata,Open-Meteo Historical Weather API
RJ-Jodhpur,2016-08-25,27.4,30.5,25.5,1.9,1.9,5.0,90,2.05,0.399,0.394,0.324,28.3,28.3,26.26841,73.00594,ERA5,Asia/Kolkata,Open-Meteo Historical Weather API
RJ-Jodhpur,2016-08-26,29.4,33.1,25.9,0.5,0.5,3.0,81,4.13,0.373,0.385,0.327,30.0,28.9,26.26841,73.00594,ERA5,Asia/Kolkata,Open-Meteo Historical Weather API
RJ-Jodhpur,2016-08-27,30.1,33.9,27.4,3.8,3.8,9.0,80,4.34,0.358,0.373,0.328,31.2,29.9,26.26841,73.00594,ERA5,Asia/Kolkata,Open-Meteo Historical Weather API
RJ-Jodhpur,2016-08-28,28.2,30.3,26.8,8.9,8.9,11.0,85,3.07,0.387,0.371,0.329,29.7,29.8,26.26841,73.00594,ERA5,Asia/Kolkata,Open-Meteo Historical Weather API
RJ-Jodhpur,2016-08-29,28.4,32.5,26.0,5.2,5.2,12.0,84,2.72,0.4,0.385,0.33,29.3,29.1,26.26841,73.00594,ERA5,Asia/Kolkata,Open-Meteo Historical Weather API
RJ-Jodhpur,2016-08-30,28.3,31.6,26.4,6.5,6.5,13.0,87,3.0,0.398,0.387,0.331,29.4,28.9,26.26841,73.00594,ERA5,Asia/Kolkata,Open-Meteo Historical Weather API
RJ-Jodhpur,2016-08-31,28.3,32.7,25.9,4.0,4.0,12.0,85,3.22,0.4,0.399,0.333,29.2,28.9,26.26841,73.00594,ERA5,Asia/Kolkata,Open-Meteo Historical Weather API
RJ-Jodhpur,2016-09-01,28.3,31.3,25.8,1.9,1.9,9.0,82,4.08,0.379,0.393,0.336,29.3,28.9,26.26841,73.00594,ERA5,Asia/Kolkata,Open-Meteo Historical Weather API
RJ-Jodhpur,2016-09-02,28.3,31.7,25.5,0.0,0.0,0.0,76,4.78,0.349,0.38,0.337,29.2,28.8,26.26841,73.00594,ERA5,Asia/Kolkata,Open-Meteo Historical Weather API
RJ-Jodhpur,2016-09-03,27.8,31.5,24.9,0.0,0.0,0.0,76,4.68,0.32,0.366,0.337,28.6,28.2,26.26841,73.00594,ERA5,Asia/Kolkata,Open-Meteo Historical Weather API
RJ-Jodhpur,2016-09-04,27.6,30.9,25.1,0.0,0.0,0.0,74,5.16,0.295,0.353,0.337,28.4,27.8,26.26841,73.00594,ERA5,Asia/Kolkata,Open-Meteo Historical Weather API
RJ-Jodhpur,2016-09-05,27.4,30.6,24.2,0.0,0.0,0.0,75,4.56,0.274,0.341,0.336,27.9,27.6,26.26841,73.00594,ERA5,Asia/Kolkata,Open-Meteo Historical Weather API
RJ-Jodhpur,2016-09-06,27.3,30.5,24.4,0.0,0.0,0.0,74,4.19,0.259,0.331,0.335,27.7,27.5,26.26841,73.00594,ERA5,Asia/Kolkata,Open-Meteo Historical Weather API
RJ-Jodhpur,2016-09-07,27.1,30.7,24.1,0.0,0.0,0.0,75,4.17,0.242,0.321,0.333,27.6,27.3,26.26841,73.00594,ERA5,Asia/Kolkata,Open-Meteo Historical Weather API
RJ-Jodhpur,2016-09-08,27.3,30.9,24.5,0.0,0.0,0.0,75,4.58,0.223,0.312,0.332,28.1,27.5,26.26841,73.00594,ERA5,Asia/Kolkata,Open-Meteo Historical Weather API
RJ-Jodhpur,2016-09-09,27.4,31.2,24.4,0.0,0.0,0.0,73,4.82,0.204,0.304,0.33,28.3,27.8,26.26841,73.00594,ERA5,Asia/Kolkata,Open-Meteo Historical Weather API
RJ-Jodhpur,2016-09-10,27.4,30.8,24.4,0.0,0.0,0.0,72,5.14,0.182,0.295,0.329,28.3,27.9,26.26841,73.00594,ERA5,Asia/Kolkata,Open-Meteo Historical Weather API
RJ-Jodhpur,2016-09-11,27.4,31.0,24.6,0.0,0.0,0.0,71,5.33,0.161,0.287,0.328,28.6,28.1,26.26841,73.00594,ERA5,Asia/Kolkata,Open-Meteo Historical Weather API
RJ-Jodhpur,2016-09-12,28.1,32.6,24.2,0.0,0.0,0.0,69,5.4,0.141,0.279,0.326,29.3,28.4,26.26841,73.00594,ERA5,Asia/Kolkata,Open-Meteo Historical Weather API
RJ-Jodhpur,2016-09-13,28.8,34.1,24.2,0.0,0.0,0.0,67,5.39,0.125,0.271,0.324,30.4,29.0,26.26841,73.00594,ERA5,Asia/Kolkata,Open-Meteo Historical Weather API
RJ-Jodhpur,2016-09-14,29.9,35.6,24.7,0.0,0.0,0.0,66,5.1,0.114,0.265,0.322,31.4,29.9,26.26841,73.00594,ERA5,Asia/Kolkata,Open-Meteo Historical Weather API
RJ-Jodhpur,2016-09-15,31.1,37.1,26.4,0.0,0.0,0.0,59,5.28,0.104,0.258,0.321,32.0,30.6,26.26841,73.00594,ERA5,Asia/Kolkata,Open-Meteo Historical Weather API
RJ-Jodhpur,2016-09-16,31.4,37.4,26.0,0.0,0.0,0.0,60,5.21,0.099,0.253,0.319,32.9,31.0,26.26841,73.00594,ERA5,Asia/Kolkata,Open-Meteo Historical Weather API
RJ-Jodhpur,2016-09-17,31.8,38.8,26.6,0.0,0.0,0.0,57,5.83,0.093,0.248,0.317,33.9,31.7,26.26841,73.00594,ERA5,Asia/Kolkata,Open-Meteo Historical Weather API
RJ-Jodhpur,2016-09-18,31.7,38.5,26.2,0.0,0.0,0.0,61,5.7,0.088,0.243,0.316,34.0,32.3,26.26841,73.00594,ERA5,Asia/Kolkata,Open-Meteo Historical Weather API
RJ-Jodhpur,2016-09-19,31.8,38.0,27.4,0.0,0.0,0.0,63,6.02,0.087,0.239,0.314,34.2,32.6,26.26841,73.00594,ERA5,Asia/Kolkata,Open-Meteo Historical Weather API
RJ-Jodhpur,2016-09-20,31.7,38.2,27.2,0.0,0.0,0.0,58,6.8,0.085,0.236,0.313,33.8,32.7,26.26841,73.00594,ERA5,Asia/Kolkata,Open-Meteo Historical Weather API
RJ-Jodhpur,2016-09-21,31.5,37.3,27.2,0.0,0.0,0.0,59,6.4,0.079,0.232,0.311,33.9,32.7,26.26841,73.00594,ERA5,Asia/Kolkata,Open-Meteo Historical Weather API
RJ-Jodhpur,2016-09-22,31.6,37.6,26.5,0.0,0.0,0.0,56,5.88,0.076,0.228,0.309,34.5,33.1,26.26841,73.00594,ERA5,Asia/Kolkata,Open-Meteo Historical Weather API
RJ-Jodhpur,2016-09-23,32.7,39.5,27.2,0.0,0.0,0.0,48,6.12,0.075,0.225,0.308,34.8,33.5,26.26841,73.00594,ERA5,Asia/Kolkata,Open-Meteo Historical Weather API
RJ-Jodhpur,2016-09-24,32.3,38.2,27.2,0.0,0.0,0.0,47,6.41,0.074,0.223,0.306,34.5,33.6,26.26841,73.00594,ERA5,Asia/Kolkata,Open-Meteo Historical Weather API
RJ-Jodhpur,2016-09-25,32.1,38.0,27.2,0.0,0.0,0.0,49,6.56,0.073,0.22,0.304,34.5,33.7,26.26841,73.00594,ERA5,Asia/Kolkata,Open-Meteo Historical Weather API
RJ-Jodhpur,2016-09-26,32.1,38.2,26.7,0.0,0.0,0.0,53,6.2,0.071,0.217,0.303,34.5,33.6,26.26841,73.00594,ERA5,Asia/Kolkata,Open-Meteo Historical Weather API
RJ-Jodhpur,2016-09-27,31.9,37.5,27.2,0.0,0.0,0.0,53,6.63,0.071,0.215,0.301,34.5,33.7,26.26841,73.00594,ERA5,Asia/Kolkata,Open-Meteo Historical Weather API
RJ-Jodhpur,2016-09-28,30.8,37.0,26.8,0.0,0.0,0.0,52,6.72,0.07,0.213,0.299,33.6,33.4,26.26841,73.00594,ERA5,Asia/Kolkata,Open-Meteo Historical Weather API
RJ-Jodhpur,2016-09-29,30.1,35.8,25.5,0.0,0.0,0.0,58,5.98,0.069,0.211,0.298,33.2,32.9,26.26841,73.00594,ERA5,Asia/Kolkata,Open-Meteo Historical Weather API
RJ-Jodhpur,2016-09-30,30.8,36.2,25.2,0.0,0.0,0.0,57,5.19,0.068,0.209,0.296,33.6,32.9,26.26841,73.00594,ERA5,Asia/Kolkata,Open-Meteo Historical Weather API
RJ-Jodhpur,2016-10-01,31.7,37.7,27.0,0.0,0.0,0.0,54,5.4,0.07,0.208,0.296,34.2,33.3,26.26841,73.00594,ERA5,Asia/Kolkata,Open-Meteo Historical Weather API
RJ-Jodhpur,2016-10-02,30.9,34.5,27.7,0.2,0.2,1.0,65,4.6,0.072,0.207,0.294,34.6,33.7,26.26841,73.00594,ERA5,Asia/Kolkata,Open-Meteo Historical Weather API
RJ-Jodhpur,2016-10-03,30.4,37.0,27.4,2.0,2.0,3.0,68,4.09,0.086,0.205,0.293,34.2,33.8,26.26841,73.00594,ERA5,Asia/Kolkata,Open-Meteo Historical Weather API
RJ-Jodhpur,2016-10-04,29.3,35.4,24.9,14.1,14.1,9.0,74,4.03,0.128,0.204,0.29,33.5,33.4,26.26841,73.00594,ERA5,Asia/Kolkata,Open-Meteo Historical Weather API
RJ-Jodhpur,2016-10-05,26.2,29.2,24.9,19.1,19.1,18.0,89,2.0,0.294,0.222,0.289,29.8,31.5,26.26841,73.00594,ERA5,Asia/Kolkata,Open-Meteo Historical Weather API
RJ-Jodhpur,2016-10-06,28.4,33.1,24.7,0.2,0.2,1.0,81,3.71,0.343,0.268,0.289,30.4,30.4,26.26841,73.00594,ERA5,Asia/Kolkata,Open-Meteo Historical Weather API
RJ-Jodhpur,2016-10-07,29.7,34.7,25.5,0.1,0.1,1.0,74,4.3,0.294,0.271,0.288,31.1,30.6,26.26841,73.00594,ERA5,Asia/Kolkata,Open-Meteo Historical Weather API
RJ-Jodhpur,2016-10-08,30.1,35.2,26.7,0.1,0.1,1.0,73,4.83,0.249,0.268,0.286,31.0,30.7,26.26841,73.00594,ERA5,Asia/Kolkata,Open-Meteo Historical Weather API
RJ-Jodhpur,2016-10-09,29.7,34.6,26.5,0.0,0.0,0.0,70,5.32,0.207,0.263,0.284,30.5,30.3,26.26841,73.00594,ERA5,Asia/Kolkata,Open-Meteo Historical Weather API
RJ-Jodhpur,2016-10-10,28.0,32.9,24.0,0.0,0.0,0.0,74,4.89,0.172,0.258,0.282,29.7,29.9,26.26841,73.00594,ERA5,Asia/Kolkata,Open-Meteo Historical Weather API
RJ-Jodhpur,2016-10-11,27.6,33.3,23.3,0.0,0.0,0.0,72,4.89,0.143,0.251,0.28,29.4,29.3,26.26841,73.00594,ERA5,Asia/Kolkata,Open-Meteo Historical Weather API
RJ-Jodhpur,2016-10-12,27.3,33.2,22.9,0.0,0.0,0.0,66,5.08,0.116,0.244,0.278,29.4,29.1,26.26841,73.00594,ERA5,Asia/Kolkata,Open-Meteo Historical Weather API
RJ-Jodhpur,2016-10-13,27.3,33.5,22.9,0.0,0.0,0.0,65,4.87,0.1,0.238,0.276,29.5,29.3,26.26841,73.00594,ERA5,Asia/Kolkata,Open-Meteo Historical Weather API
RJ-Jodhpur,2016-10-14,27.7,34.6,22.5,0.0,0.0,0.0,59,5.12,0.092,0.234,0.275,29.7,29.4,26.26841,73.00594,ERA5,Asia/Kolkata,Open-Meteo Historical Weather API
RJ-Jodhpur,2016-10-15,27.9,35.0,22.0,0.0,0.0,0.0,54,4.91,0.089,0.23,0.274,29.5,29.5,26.26841,73.00594,ERA5,Asia/Kolkata,Open-Meteo Historical Weather API
RJ-Jodhpur,2016-10-16,27.9,34.5,23.3,0.0,0.0,0.0,53,4.39,0.084,0.226,0.273,29.6,29.6,26.26841,73.00594,ERA5,Asia/Kolkata,Open-Meteo Historical Weather API
RJ-Jodhpur,2016-10-17,27.6,35.7,20.4,0.0,0.0,0.0,53,4.98,0.083,0.222,0.273,29.4,29.6,26.26841,73.00594,ERA5,Asia/Kolkata,Open-Meteo Historical Weather API
RJ-Jodhpur,2016-10-18,27.7,35.2,21.2,0.0,0.0,0.0,49,5.4,0.082,0.219,0.272,29.5,29.6,26.26841,73.00594,ERA5,Asia/Kolkata,Open-Meteo Historical Weather API
RJ-Jodhpur,2016-10-19,27.3,34.9,21.5,0.0,0.0,0.0,48,5.65,0.08,0.216,0.27,29.4,29.4,26.26841,73.00594,ERA5,Asia/Kolkata,Open-Meteo Historical Weather API
RJ-Jodhpur,2016-10-20,26.3,34.0,19.5,0.0,0.0,0.0,51,5.3,0.078,0.212,0.269,28.7,29.0,26.26841,73.00594,ERA5,Asia/Kolkata,Open-Meteo Historical Weather API
RJ-Jodhpur,2016-10-21,26.4,33.5,20.1,0.0,0.0,0.0,57,4.85,0.078,0.21,0.268,28.9,28.9,26.26841,73.00594,ERA5,Asia/Kolkata,Open-Meteo Historical Weather API
RJ-Jodhpur,2016-10-22,27.2,34.0,22.2,0.0,0.0,0.0,54,5.07,0.075,0.208,0.267,29.6,29.3,26.26841,73.00594,ERA5,Asia/Kolkata,Open-Meteo Historical Weather API
RJ-Jodhpur,2016-10-23,27.6,34.1,22.8,0.0,0.0,0.0,55,5.16,0.073,0.206,0.266,29.9,29.6,26.26841,73.00594,ERA5,Asia/Kolkata,Open-Meteo Historical Weather API
RJ-Jodhpur,2016-10-24,27.6,33.0,24.0,0.0,0.0,0.0,51,5.46,0.07,0.204,0.265,30.1,29.9,26.26841,73.00594,ERA5,Asia/Kolkata,Open-Meteo Historical Weather API
RJ-Jodhpur,2016-10-25,26.6,33.2,21.7,0.0,0.0,0.0,55,4.84,0.07,0.202,0.264,29.5,29.7,26.26841,73.00594,ERA5,Asia/Kolkata,Open-Meteo Historical Weather API
RJ-Jodhpur,2016-10-26,27.2,34.1,22.0,0.0,0.0,0.0,57,4.46,0.071,0.201,0.264,29.6,29.6,26.26841,73.00594,ERA5,Asia/Kolkata,Open-Meteo Historical Weather API
RJ-Jodhpur,2016-10-27,27.1,35.4,21.6,0.0,0.0,0.0,50,4.17,0.074,0.2,0.264,29.1,29.7,26.26841,73.00594,ERA5,Asia/Kolkata,Open-Meteo Historical Weather API
RJ-Jodhpur,2016-10-28,25.3,35.1,17.9,0.0,0.0,0.0,47,4.89,0.078,0.2,0.264,27.3,28.8,26.26841,73.00594,ERA5,Asia/Kolkata,Open-Meteo Historical Weather API
RJ-Jodhpur,2016-10-29,25.7,34.6,19.1,0.0,0.0,0.0,48,4.59,0.077,0.199,0.263,27.5,28.3,26.26841,73.00594,ERA5,Asia/Kolkata,Open-Meteo Historical Weather API
RJ-Jodhpur,2016-10-30,25.4,34.4,17.8,0.0,0.0,0.0,47,4.29,0.076,0.198,0.263,27.1,28.1,26.26841,73.00594,ERA5,Asia/Kolkata,Open-Meteo Historical Weather API
RJ-Jodhpur,2016-10-31,24.7,34.0,17.9,0.0,0.0,0.0,43,4.44,0.075,0.198,0.263,26.7,27.8,26.26841,73.00594,ERA5,Asia/Kolkata,Open-Meteo Historical Weather API
RJ-Jodhpur,2016-11-01,24.5,33.8,17.2,0.0,0.0,0.0,46,4.26,0.078,0.197,0.263,26.2,27.5,26.26841,73.00594,ERA5,Asia/Kolkata,Open-Meteo Historical Weather API
RJ-Jodhpur,2016-11-02,23.9,33.4,16.6,0.0,0.0,0.0,48,4.18,0.079,0.197,0.263,25.7,27.1,26.26841,73.00594,ERA5,Asia/Kolkata,Open-Meteo Historical Weather API
RJ-Jodhpur,2016-11-03,23.2,32.5,15.8,0.0,0.0,0.0,54,4.3,0.081,0.198,0.264,25.4,26.8,26.26841,73.00594,ERA5,Asia/Kolkata,Open-Meteo Historical Weather API
RJ-Jodhpur,2016-11-04,23.2,32.9,16.4,0.0,0.0,0.0,56,4.1,0.083,0.198,0.264,25.4,26.6,26.26841,73.00594,ERA5,Asia/Kolkata,Open-Meteo Historical Weather API
RJ-Jodhpur,2016-11-05,23.5,33.6,16.4,0.0,0.0,0.0,52,4.53,0.085,0.198,0.264,24.9,26.4,26.26841,73.00594,ERA5,Asia/Kolkata,Open-Meteo Historical Weather API
RJ-Jodhpur,2016-11-06,23.9,34.0,16.3,0.0,0.0,0.0,47,5.14,0.083,0.197,0.263,24.9,26.2,26.26841,73.00594,ERA5,Asia/Kolkata,Open-Meteo Historical Weather API
RJ-Jodhpur,2016-11-07,23.3,32.4,17.0,0.0,0.0,0.0,44,4.37,0.081,0.196,0.263,25.0,26.1,26.26841,73.00594,ERA5,Asia/Kolkata,Open-Meteo Historical Weather API
RJ-Jodhpur,2016-11-08,22.4,32.6,14.4,0.0,0.0,0.0,48,4.47,0.081,0.195,0.262,24.2,25.7,26.26841,73.00594,ERA5,Asia/Kolkata,Open-Meteo Historical Weather API
RJ-Jodhpur,2016-11-09,22.9,33.0,15.1,0.0,0.0,0.0,50,4.44,0.082,0.195,0.262,24.2,25.4,26.26841,73.00594,ERA5,Asia/Kolkata,Open-Meteo Historical Weather API
RJ-Jodhpur,2016-11-10,23.5,32.6,17.3,0.0,0.0,0.0,48,4.62,0.08,0.194,0.261,25.0,25.4,26.26841,73.00594,ERA5,Asia/Kolkata,Open-Meteo Historical Weather API
RJ-Jodhpur,2016-11-11,23.0,31.5,16.2,0.0,0.0,0.0,50,4.53,0.08,0.192,0.26,24.7,25.4,26.26841,73.00594,ERA5,Asia/Kolkata,Open-Meteo Historical Weather API
RJ-Jodhpur,2016-11-12,22.5,31.0,15.4,0.0,0.0,0.0,54,3.87,0.081,0.191,0.26,24.2,25.3,26.26841,73.00594,ERA5,Asia/Kolkata,Open-Meteo Historical Weather API
RJ-Jodhpur,2016-11-13,21.2,28.4,16.1,0.0,0.0,0.0,48,4.53,0.089,0.193,0.26,23.3,25.0,26.26841,73.00594,ERA5,Asia/Kolkata,Open-Meteo Historical Weather API
RJ-Jodhpur,2016-11-14,20.0,27.8,13.9,0.0,0.0,0.0,58,3.93,0.092,0.194,0.261,22.2,24.2,26.26841,73.00594,ERA5,Asia/Kolkata,Open-Meteo Historical Weather API
RJ-Jodhpur,2016-11-15,19.8,28.5,13.5,0.0,0.0,0.0,59,3.91,0.094,0.195,0.262,21.6,23.7,26.26841,73.00594,ERA5,Asia/Kolkata,Open-Meteo Historical Weather API
RJ-Jodhpur,2016-11-16,20.5,29.6,14.3,0.0,0.0,0.0,51,4.12,0.09,0.195,0.262,21.9,23.4,26.26841,73.00594,ERA5,Asia/Kolkata,Open-Meteo Historical Weather API
RJ-Jodhpur,2016-11-17,20.4,29.8,13.1,0.0,0.0,0.0,54,3.81,0.085,0.195,0.262,22.1,23.4,26.26841,73.00594,ERA5,Asia/Kolkata,Open-Meteo Historical Weather API
RJ-Jodhpur,2016-11-18,20.8,30.7,12.2,0.0,0.0,0.0,54,3.42,0.081,0.194,0.262,22.0,23.4,26.26841,73.00594,ERA5,Asia/Kolkata,Open-Meteo Historical Weather API
RJ-Jodhpur,2016-11-19,20.8,31.3,13.8,0.0,0.0,0.0,55,3.79,0.078,0.193,0.261,22.1,23.4,26.26841,73.00594,ERA5,Asia/Kolkata,Open-Meteo Historical Weather API
RJ-Jodhpur,2016-11-20,20.6,31.1,13.0,0.0,0.0,0.0,56,3.7,0.077,0.193,0.261,22.2,23.5,26.26841,73.00594,ERA5,Asia/Kolkata,Open-Meteo Historical Weather API
RJ-Jodhpur,2016-11-21,20.8,31.0,14.2,0.0,0.0,0.0,57,3.59,0.074,0.193,0.261,22.3,23.4,26.26841,73.00594,ERA5,Asia/Kolkata,Open-Meteo Historical Weather API
RJ-Jodhpur,2016-11-22,21.1,30.9,13.9,0.0,0.0,0.0,55,3.68,0.075,0.193,0.261,22.6,23.5,26.26841,73.00594,ERA5,Asia/Kolkata,Open-Meteo Historical Weather API
RJ-Jodhpur,2016-11-23,21.5,31.0,14.6,0.0,0.0,0.0,53,3.43,0.074,0.191,0.26,22.6,23.6,26.26841,73.00594,ERA5,Asia/Kolkata,Open-Meteo Historical Weather API
RJ-Jodhpur,2016-11-24,21.0,30.9,12.6,0.0,0.0,0.0,52,3.71,0.074,0.19,0.259,22.4,23.5,26.26841,73.00594,ERA5,Asia/Kolkata,Open-Meteo Historical Weather API
RJ-Jodhpur,2016-11-25,21.4,30.7,14.5,0.0,0.0,0.0,48,4.29,0.072,0.189,0.259,22.8,23.6,26.26841,73.00594,ERA5,Asia/Kolkata,Open-Meteo Historical Weather API
RJ-Jodhpur,2016-11-26,21.1,30.8,13.8,0.0,0.0,0.0,47,3.61,0.073,0.187,0.258,22.4,23.5,26.26841,73.00594,ERA5,Asia/Kolkata,Open-Meteo Historical Weather API
RJ-Jodhpur,2016-11-27,21.6,31.3,13.5,0.0,0.0,0.0,47,3.3,0.071,0.187,0.257,22.4,23.4,26.26841,73.00594,ERA5,Asia/Kolkata,Open-Meteo Historical Weather API
RJ-Jodhpur,2016-11-28,21.2,31.4,12.9,0.0,0.0,0.0,48,3.44,0.071,0.186,0.256,21.9,23.3,26.26841,73.00594,ERA5,Asia/Kolkata,Open-Meteo Historical Weather API
RJ-Jodhpur,2016-11-29,21.8,31.5,12.9,0.0,0.0,0.0,50,3.21,0.07,0.186,0.256,21.9,23.1,26.26841,73.00594,ERA5,Asia/Kolkata,Open-Meteo Historical Weather API
RJ-Jodhpur,2016-11-30,21.5,30.5,13.5,0.0,0.0,0.0,55,3.31,0.074,0.186,0.256,22.4,23.3,26.26841,73.00594,ERA5,Asia/Kolkata,Open-Meteo Historical Weather API
RJ-Jodhpur,2016-12-01,21.1,30.1,13.7,0.0,0.0,0.0,55,3.59,0.076,0.188,0.257,21.8,23.2,26.26841,73.00594,ERA5,Asia/Kolkata,Open-Meteo Historical Weather API
RJ-Jodhpur,2016-12-02,21.2,29.5,16.2,0.0,0.0,0.0,48,4.37,0.072,0.187,0.257,22.4,23.3,26.26841,73.00594,ERA5,Asia/Kolkata,Open-Meteo Historical Weather API
RJ-Jodhpur,2016-12-03,20.2,29.1,14.4,0.0,0.0,0.0,51,4.1,0.07,0.187,0.257,21.9,23.1,26.26841,73.00594,ERA5,Asia/Kolkata,Open-Meteo Historical Weather API
RJ-Jodhpur,2016-12-04,19.3,28.2,12.5,0.0,0.0,0.0,53,3.71,0.074,0.187,0.257,21.0,22.6,26.26841,73.00594,ERA5,Asia/Kolkata,Open-Meteo Historical Weather API
RJ-Jodhpur,2016-12-05,19.4,29.1,13.0,0.0,0.0,0.0,54,3.42,0.074,0.187,0.257,21.1,22.3,26.26841,73.00594,ERA5,Asia/Kolkata,Open-Meteo Historical Weather API
RJ-Jodhpur,2016-12-06,20.0,30.8,12.2,0.0,0.0,0.0,53,3.76,0.077,0.188,0.258,20.9,22.2,26.26841,73.00594,ERA5,Asia/Kolkata,Open-Meteo Historical Weather API
RJ-Jodhpur,2016-12-07,20.4,31.3,12.6,0.0,0.0,0.0,54,3.37,0.078,0.187,0.257,21.3,22.3,26.26841,73.00594,ERA5,Asia/Kolkata,Open-Meteo Historical Weather API
RJ-Jodhpur,2016-12-08,20.9,31.4,12.2,0.0,0.0,0.0,54,3.4,0.077,0.186,0.256,21.3,22.2,26.26841,73.00594,ERA5,Asia/Kolkata,Open-Meteo Historical Weather API
RJ-Jodhpur,2016-12-09,20.9,30.5,13.5,0.0,0.0,0.0,56,3.61,0.073,0.185,0.255,22.0,22.4,26.26841,73.00594,ERA5,Asia/Kolkata,Open-Meteo Historical Weather API
RJ-Jodhpur,2016-12-10,22.0,30.3,15.5,0.0,0.0,0.0,56,4.21,0.071,0.184,0.255,22.9,22.8,26.26841,73.00594,ERA5,Asia/Kolkata,Open-Meteo Historical Weather API
RJ-Jodhpur,2016-12-11,21.3,28.6,15.9,0.0,0.0,0.0,62,3.08,0.071,0.184,0.254,23.0,23.2,26.26841,73.00594,ERA5,Asia/Kolkata,Open-Meteo Historical Weather API
RJ-Jodhpur,2016-12-12,20.7,28.5,14.0,0.0,0.0,0.0,55,3.08,0.072,0.184,0.254,22.1,22.9,26.26841,73.00594,ERA5,Asia/Kolkata,Open-Meteo Historical Weather API
RJ-Jodhpur,2016-12-13,20.5,28.4,14.0,0.0,0.0,0.0,52,3.07,0.072,0.184,0.253,21.8,22.6,26.26841,73.00594,ERA5,Asia/Kolkata,Open-Meteo Historical Weather API
RJ-Jodhpur,2016-12-14,20.9,28.2,15.1,0.0,0.0,0.0,57,3.76,0.073,0.184,0.253,22.2,22.7,26.26841,73.00594,ERA5,Asia/Kolkata,Open-Meteo Historical Weather API
RJ-Jodhpur,2016-12-15,20.7,28.4,15.1,0.0,0.0,0.0,51,3.49,0.066,0.182,0.252,22.4,23.0,26.26841,73.00594,ERA5,Asia/Kolkata,Open-Meteo Historical Weather API
RJ-Jodhpur,2016-12-16,19.8,28.4,13.5,0.0,0.0,0.0,55,3.27,0.07,0.182,0.252,21.6,22.6,26.26841,73.00594,ERA5,Asia/Kolkata,Open-Meteo Historical Weather API
RJ-Jodhpur,2016-12-17,19.8,27.4,13.0,0.0,0.0,0.0,53,3.03,0.074,0.182,0.252,21.0,22.2,26.26841,73.00594,ERA5,Asia/Kolkata,Open-Meteo Historical Weather API
RJ-Jodhpur,2016-12-18,19.0,27.5,12.7,0.0,0.0,0.0,56,3.2,0.074,0.182,0.251,21.0,21.9,26.26841,73.00594,ERA5,Asia/Kolkata,Open-Meteo Historical Weather API
RJ-Jodhpur,2016-12-19,19.3,27.7,13.1,0.0,0.0,0.0,51,3.48,0.072,0.182,0.251,21.2,21.9,26.26841,73.00594,ERA5,Asia/Kolkata,Open-Meteo Historical Weather API
RJ-Jodhpur,2016-12-20,18.5,27.0,12.2,0.0,0.0,0.0,44,3.87,0.071,0.182,0.251,20.4,21.6,26.26841,73.00594,ERA5,Asia/Kolkata,Open-Meteo Historical Weather API
RJ-Jodhpur,2016-12-21,18.2,27.3,10.4,0.0,0.0,0.0,50,3.1,0.071,0.181,0.251,19.6,21.2,26.26841,73.00594,ERA5,Asia/Kolkata,Open-Meteo Historical Weather API
RJ-Jodhpur,2016-12-22,18.4,28.6,9.5,0.0,0.0,0.0,49,3.16,0.075,0.181,0.25,19.0,20.8,26.26841,73.00594,ERA5,Asia/Kolkata,Open-Meteo Historical Weather API
RJ-Jodhpur,2016-12-23,19.4,29.4,11.7,0.0,0.0,0.0,49,3.44,0.076,0.182,0.251,19.3,20.6,26.26841,73.00594,ERA5,Asia/Kolkata,Open-Meteo Historical Weather API
RJ-Jodhpur,2016-12-24,19.3,28.3,12.7,0.0,0.0,0.0,49,3.74,0.076,0.182,0.251,19.9,20.8,26.26841,73.00594,ERA5,Asia/Kolkata,Open-Meteo Historical Weather API
RJ-Jodhpur,2016-12-25,17.7,25.5,11.2,0.0,0.0,0.0,48,3.99,0.076,0.182,0.251,19.2,20.7,26.26841,73.00594,ERA5,Asia/Kolkata,Open-Meteo Historical Weather API
RJ-Jodhpur,2016-12-26,17.0,25.0,11.2,0.0,0.0,0.0,57,3.41,0.078,0.181,0.251,18.7,20.2,26.26841,73.00594,ERA5,Asia/Kolkata,Open-Meteo Historical Weather API
RJ-Jodhpur,2016-12-27,17.5,27.1,10.6,0.0,0.0,0.0,60,3.11,0.079,0.182,0.251,18.9,20.0,26.26841,73.00594,ERA5,Asia/Kolkata,Open-Meteo Historical Weather API
RJ-Jodhpur,2016-12-28,19.2,28.8,11.0,0.0,0.0,0.0,54,3.09,0.082,0.184,0.253,19.4,20.2,26.26841,73.00594,ERA5,Asia/Kolkata,Open-Meteo Historical Weather API
RJ-Jodhpur,2016-12-29,19.9,29.6,11.1,0.0,0.0,0.0,55,3.11,0.086,0.185,0.254,19.1,20.3,26.26841,73.00594,ERA5,Asia/Kolkata,Open-Meteo Historical Weather API
RJ-Jodhpur,2016-12-30,19.6,29.4,12.3,0.0,0.0,0.0,58,3.36,0.083,0.186,0.254,19.5,20.5,26.26841,73.00594,ERA5,Asia/Kolkata,Open-Meteo Historical Weather API
RJ-Jodhpur,2016-12-31,18.1,25.5,12.0,0.0,0.0,0.0,64,3.12,0.087,0.188,0.257,19.1,20.5,26.26841,73.00594,ERA5,Asia/Kolkata,Open-Meteo Historical Weather API
RJ-Jodhpur,2017-01-01,15.9,22.2,11.9,0.0,0.0,0.0,77,2.77,0.092,0.19,0.258,18.1,20.3,26.26841,73.00594,ERA5,Asia/Kolkata,Open-Meteo Historical Weather API
RJ-Jodhpur,2017-01-02,15.8,22.3,10.6,0.0,0.0,0.0,76,2.74,0.096,0.192,0.26,17.5,19.5,26.26841,73.00594,ERA5,Asia/Kolkata,Open-Meteo Historical Weather API
RJ-Jodhpur,2017-01-03,17.5,26.5,11.4,0.0,0.0,0.0,68,3.13,0.093,0.192,0.26,18.4,19.5,26.26841,73.00594,ERA5,Asia/Kolkata,Open-Meteo Historical Weather API
RJ-Jodhpur,2017-01-04,17.5,25.0,11.0,0.0,0.0,0.0,65,3.13,0.088,0.191,0.26,18.2,19.6,26.26841,73.00594,ERA5,Asia/Kolkata,Open-Meteo Historical Weather API
RJ-Jodhpur,2017-01-05,16.7,24.3,10.6,0.0,0.0,0.0,71,2.99,0.086,0.191,0.259,18.4,19.5,26.26841,73.00594,ERA5,Asia/Kolkata,Open-Meteo Historical Weather API
RJ-Jodhpur,2017-01-06,17.2,22.4,13.0,0.0,0.0,0.0,75,2.44,0.091,0.192,0.26,18.9,19.6,26.26841,73.00594,ERA5,Asia/Kolkata,Open-Meteo Historical Weather API
RJ-Jodhpur,2017-01-07,17.3,21.6,14.0,0.1,0.1,1.0,79,2.16,0.095,0.192,0.26,19.0,19.8,26.26841,73.00594,ERA5,Asia/Kolkata,Open-Meteo Historical Weather API
RJ-Jodhpur,2017-01-08,15.8,21.3,11.6,0.0,0.0,0.0,66,3.02,0.096,0.192,0.26,18.1,19.2,26.26841,73.00594,ERA5,Asia/Kolkata,Open-Meteo Historical Weather API
RJ-Jodhpur,2017-01-09,15.2,20.4,11.6,0.0,0.0,0.0,65,2.98,0.095,0.194,0.261,17.3,18.8,26.26841,73.00594,ERA5,Asia/Kolkata,Open-Meteo Historical Weather API
RJ-Jodhpur,2017-01-10,13.4,20.2,7.9,0.0,0.0,0.0,59,3.11,0.091,0.193,0.261,16.2,18.1,26.26841,73.00594,ERA5,Asia/Kolkata,Open-Meteo Historical Weather API
RJ-Jodhpur,2017-01-11,12.3,20.1,6.1,0.0,0.0,0.0,48,3.27,0.084,0.191,0.26,15.2,17.2,26.26841,73.00594,ERA5,Asia/Kolkata,Open-Meteo Historical Weather API
RJ-Jodhpur,2017-01-12,12.5,21.4,5.8,0.0,0.0,0.0,40,3.62,0.08,0.189,0.258,14.7,16.6,26.26841,73.00594,ERA5,Asia/Kolkata,Open-Meteo Historical Weather API
RJ-Jodhpur,2017-01-13,14.2,22.6,7.3,0.0,0.0,0.0,39,3.99,0.081,0.188,0.257,15.5,16.7,26.26841,73.00594,ERA5,Asia/Kolkata,Open-Meteo Historical Weather API
RJ-Jodhpur,2017-01-14,15.6,21.4,11.1,0.0,0.0,0.0,42,3.9,0.079,0.187,0.257,16.6,17.2,26.26841,73.00594,ERA5,Asia/Kolkata,Open-Meteo Historical Weather API
RJ-Jodhpur,2017-01-15,16.7,24.3,12.0,0.0,0.0,0.0,47,3.75,0.077,0.187,0.256,17.6,17.8,26.26841,73.00594,ERA5,Asia/Kolkata,Open-Meteo Historical Weather API
RJ-Jodhpur,2017-01-16,13.8,18.9,9.9,0.0,0.0,0.0,59,3.23,0.076,0.186,0.256,16.8,17.9,26.26841,73.00594,ERA5,Asia/Kolkata,Open-Meteo Historical Weather API
RJ-Jodhpur,2017-01-17,13.4,20.1,7.6,0.0,0.0,0.0,57,3.15,0.074,0.186,0.256,16.1,17.3,26.26841,73.00594,ERA5,Asia/Kolkata,Open-Meteo Historical Weather API
RJ-Jodhpur,2017-01-18,15.6,23.6,9.4,0.0,0.0,0.0,47,3.91,0.067,0.184,0.254,17.2,17.4,26.26841,73.00594,ERA5,Asia/Kolkata,Open-Meteo Historical Weather API
RJ-Jodhpur,2017-01-19,15.7,22.4,10.3,0.0,0.0,0.0,47,4.58,0.064,0.183,0.253,17.4,18.0,26.26841,73.00594,ERA5,Asia/Kolkata,Open-Meteo Historical Weather API
RJ-Jodhpur,2017-01-20,15.8,21.7,10.2,0.0,0.0,0.0,47,4.15,0.064,0.182,0.253,17.7,18.1,26.26841,73.00594,ERA5,Asia/Kolkata,Open-Meteo Historical Weather API
RJ-Jodhpur,2017-01-21,17.7,24.0,12.7,0.0,0.0,0.0,43,3.7,0.068,0.183,0.253,18.9,18.8,26.26841,73.00594,ERA5,Asia/Kolkata,Open-Meteo Historical Weather API
RJ-Jodhpur,2017-01-22,19.8,27.0,14.1,0.0,0.0,0.0,53,3.92,0.066,0.183,0.253,21.1,19.9,26.26841,73.00594,ERA5,Asia/Kolkata,Open-Meteo Historical Weather API
RJ-Jodhpur,2017-01-23,20.6,28.6,14.4,0.0,0.0,0.0,61,3.8,0.067,0.184,0.253,21.8,20.9,26.26841,73.00594,ERA5,Asia/Kolkata,Open-Meteo Historical Weather API
RJ-Jodhpur,2017-01-24,20.9,28.5,14.2,0.0,0.0,0.0,59,3.99,0.069,0.184,0.253,22.0,21.4,26.26841,73.00594,ERA5,Asia/Kolkata,Open-Meteo Historical Weather API
RJ-Jodhpur,2017-01-25,20.5,26.7,15.8,0.0,0.0,0.0,61,3.78,0.068,0.183,0.253,22.4,22.0,26.26841,73.00594,ERA5,Asia/Kolkata,Open-Meteo Historical Weather API
RJ-Jodhpur,2017-01-26,17.9,22.1,14.8,0.7,0.7,3.0,71,2.83,0.075,0.184,0.253,21.0,21.6,26.26841,73.00594,ERA5,Asia/Kolkata,Open-Meteo Historical Weather API
RJ-Jodhpur,2017-01-27,16.0,21.9,10.5,0.0,0.0,0.0,71,3.17,0.082,0.184,0.253,19.2,20.2,26.26841,73.00594,ERA5,Asia/Kolkata,Open-Meteo Historical Weather API
RJ-Jodhpur,2017-01-28,17.0,23.7,11.4,0.0,0.0,0.0,61,3.62,0.079,0.184,0.253,19.1,19.7,26.26841,73.00594,ERA5,Asia/Kolkata,Open-Meteo Historical Weather API
RJ-Jodhpur,2017-01-29,18.6,26.5,12.4,0.0,0.0,0.0,59,3.76,0.072,0.183,0.252,20.5,20.0,26.26841,73.00594,ERA5,Asia/Kolkata,Open-Meteo Historical Weather API
RJ-Jodhpur,2017-01-30,19.4,28.3,12.2,0.0,0.0,0.0,51,4.32,0.066,0.18,0.25,21.2,20.5,26.26841,73.00594,ERA5,Asia/Kolkata,Open-Meteo Historical Weather API
RJ-Jodhpur,2017-01-31,19.8,28.0,12.6,0.0,0.0,0.0,48,4.13,0.067,0.179,0.249,21.3,20.8,26.26841,73.00594,ERA5,Asia/Kolkata,Open-Meteo Historical Weather API
RJ-Jodhpur,2017-02-01,20.1,27.4,14.1,0.0,0.0,0.0,54,4.15,0.064,0.178,0.248,22.0,21.5,26.26841,73.00594,ERA5,Asia/Kolkata,Open-Meteo Historical Weather API
RJ-Jodhpur,2017-02-02,21.3,28.8,14.9,0.0,0.0,0.0,54,4.15,0.065,0.178,0.248,22.7,21.8,26.26841,73.00594,ERA5,Asia/Kolkata,Open-Meteo Historical Weather API
RJ-Jodhpur,2017-02-03,22.4,30.1,16.6,0.0,0.0,0.0,54,4.31,0.065,0.179,0.248,23.2,22.4,26.26841,73.00594,ERA5,Asia/Kolkata,Open-Meteo Historical Weather API
RJ-Jodhpur,2017-02-04,21.2,26.4,15.8,0.0,0.0,0.0,56,4.56,0.07,0.18,0.249,22.3,22.4,26.26841,73.00594,ERA5,Asia/Kolkata,Open-Meteo Historical Weather API
RJ-Jodhpur,2017-02-05,19.5,24.4,15.1,0.0,0.0,0.0,51,4.4,0.072,0.18,0.249,22.5,22.3,26.26841,73.00594,ERA5,Asia/Kolkata,Open-Meteo Historical Weather API
RJ-Jodhpur,2017-02-06,16.6,23.1,10.4,0.0,0.0,0.0,39,4.33,0.077,0.18,0.249,19.5,20.7,26.26841,73.00594,ERA5,Asia/Kolkata,Open-Meteo Historical Weather API
RJ-Jodhpur,2017-02-07,17.0,24.2,11.0,0.0,0.0,0.0,41,4.19,0.077,0.18,0.248,19.3,20.0,26.26841,73.00594,ERA5,Asia/Kolkata,Open-Meteo Historical Weather API
RJ-Jodhpur,2017-02-08,18.0,25.9,11.4,0.0,0.0,0.0,39,4.56,0.075,0.179,0.248,20.0,20.1,26.26841,73.00594,ERA5,Asia/Kolkata,Open-Meteo Historical Weather API
RJ-Jodhpur,2017-02-09,17.8,25.3,10.9,0.0,0.0,0.0,40,4.56,0.077,0.179,0.247,20.0,20.4,26.26841,73.00594,ERA5,Asia/Kolkata,Open-Meteo Historical Weather API
RJ-Jodhpur,2017-02-10,17.8,24.9,11.5,0.0,0.0,0.0,39,4.9,0.08,0.178,0.246,19.8,20.2,26.26841,73.00594,ERA5,Asia/Kolkata,Open-Meteo Historical Weather API
RJ-Jodhpur,2017-02-11,18.2,25.8,11.1,0.0,0.0,0.0,38,5.06,0.082,0.178,0.246,19.9,20.1,26.26841,73.00594,ERA5,Asia/Kolkata,Open-Meteo Historical Weather API
RJ-Jodhpur,2017-02-12,18.8,26.1,12.5,0.0,0.0,0.0,39,5.2,0.084,0.179,0.246,20.2,20.3,26.26841,73.00594,ERA5,Asia/Kolkata,Open-Meteo Historical Weather API
RJ-Jodhpur,2017-02-13,19.5,27.2,13.1,0.0,0.0,0.0,33,5.84,0.086,0.18,0.247,20.3,20.4,26.26841,73.00594,ERA5,Asia/Kolkata,Open-Meteo Historical Weather API
RJ-Jodhpur,2017-02-14,19.9,28.4,12.4,0.0,0.0,0.0,33,5.54,0.084,0.18,0.247,20.7,20.5,26.26841,73.00594,ERA5,Asia/Kolkata,Open-Meteo Historical Weather API
RJ-Jodhpur,2017-02-15,21.7,31.5,13.5,0.0,0.0,0.0,35,5.35,0.082,0.179,0.246,21.9,21.1,26.26841,73.00594,ERA5,Asia/Kolkata,Open-Meteo Historical Weather API
RJ-Jodhpur,2017-02-16,23.4,31.8,15.6,0.0,0.0,0.0,42,4.72,0.079,0.179,0.246,23.8,22.1,26.26841,73.00594,ERA5,Asia/Kolkata,Open-Meteo Historical Weather API
RJ-Jodhpur,2017-02-17,24.8,33.2,17.9,0.0,0.0,0.0,40,4.91,0.08,0.179,0.246,24.9,23.4,26.26841,73.00594,ERA5,Asia/Kolkata,Open-Meteo Historical Weather API
RJ-Jodhpur,2017-02-18,25.5,34.1,17.9,0.0,0.0,0.0,44,4.81,0.076,0.179,0.245,25.9,24.1,26.26841,73.00594,ERA5,Asia/Kolkata,Open-Meteo Historical Weather API
RJ-Jodhpur,2017-02-19,25.9,34.5,18.1,0.0,0.0,0.0,41,6.12,0.072,0.179,0.245,26.1,24.5,26.26841,73.00594,ERA5,Asia/Kolkata,Open-Meteo Historical Weather API
RJ-Jodhpur,2017-02-20,24.5,30.8,18.7,0.0,0.0,0.0,33,6.67,0.072,0.178,0.245,26.1,24.9,26.26841,73.00594,ERA5,Asia/Kolkata,Open-Meteo Historical Weather API
RJ-Jodhpur,2017-02-21,20.7,28.4,14.0,0.0,0.0,0.0,26,5.58,0.073,0.178,0.245,23.7,23.8,26.26841,73.00594,ERA5,Asia/Kolkata,Open-Meteo Historical Weather API
RJ-Jodhpur,2017-02-22,20.9,29.4,13.3,0.0,0.0,0.0,30,4.79,0.074,0.18,0.245,23.0,22.8,26.26841,73.00594,ERA5,Asia/Kolkata,Open-Meteo Historical Weather API
RJ-Jodhpur,2017-02-23,20.8,29.4,13.6,0.0,0.0,0.0,29,5.37,0.08,0.181,0.246,23.0,22.6,26.26841,73.00594,ERA5,Asia/Kolkata,Open-Meteo Historical Weather API
RJ-Jodhpur,2017-02-24,21.1,29.6,13.7,0.0,0.0,0.0,31,5.62,0.082,0.181,0.246,22.8,22.6,26.26841,73.00594,ERA5,Asia/Kolkata,Open-Meteo Historical Weather API
RJ-Jodhpur,2017-02-25,22.7,32.0,13.4,0.0,0.0,0.0,34,6.01,0.079,0.181,0.246,23.7,22.6,26.26841,73.00594,ERA5,Asia/Kolkata,Open-Meteo Historical Weather API
RJ-Jodhpur,2017-02-26,23.5,31.6,16.5,0.0,0.0,0.0,33,5.23,0.077,0.18,0.245,25.4,23.8,26.26841,73.00594,ERA5,Asia/Kolkata,Open-Meteo Historical Weather API
RJ-Jodhpur,2017-02-27,24.9,34.3,16.6,0.0,0.0,0.0,30,6.37,0.074,0.179,0.244,25.6,24.2,26.26841,73.00594,ERA5,Asia/Kolkata,Open-Meteo Historical Weather API
RJ-Jodhpur,2017-02-28,25.4,33.7,17.7,0.2,0.2,1.0,37,6.22,0.072,0.179,0.244,26.1,24.8,26.26841,73.00594,ERA5,Asia/Kolkata,Open-Meteo Historical Weather API
RJ-Jodhpur,2017-03-01,25.2,32.4,19.1,0.0,0.0,0.0,37,5.77,0.072,0.179,0.244,27.1,25.3,26.26841,73.00594,ERA5,Asia/Kolkata,Open-Meteo Historical Weather API
RJ-Jodhpur,2017-03-02,25.3,31.5,20.1,0.0,0.0,0.0,33,6.54,0.074,0.179,0.244,27.0,25.7,26.26841,73.00594,ERA5,Asia/Kolkata,Open-Meteo Historical Weather API
RJ-Jodhpur,2017-03-03,24.1,29.9,19.4,0.0,0.0,0.0,32,6.62,0.072,0.179,0.243,26.5,25.6,26.26841,73.00594,ERA5,Asia/Kolkata,Open-Meteo Historical Weather API
RJ-Jodhpur,2017-03-04,23.6,30.3,17.8,0.0,0.0,0.0,29,6.23,0.073,0.178,0.243,26.1,25.3,26.26841,73.00594,ERA5,Asia/Kolkata,Open-Meteo Historical Weather API
RJ-Jodhpur,2017-03-05,23.4,31.2,16.5,0.0,0.0,0.0,27,5.78,0.073,0.178,0.242,25.9,25.0,26.26841,73.00594,ERA5,Asia/Kolkata,Open-Meteo Historical Weather API
RJ-Jodhpur,2017-03-06,23.8,32.6,15.4,0.0,0.0,0.0,29,5.57,0.074,0.178,0.242,25.4,24.9,26.26841,73.00594,ERA5,Asia/Kolkata,Open-Meteo Historical Weather API
RJ-Jodhpur,2017-03-07,24.2,32.4,16.0,0.0,0.0,0.0,33,6.12,0.071,0.178,0.242,25.9,25.0,26.26841,73.00594,ERA5,Asia/Kolkata,Open-Meteo Historical Weather API
RJ-Jodhpur,2017-03-08,24.8,30.8,19.2,0.0,0.0,0.0,40,5.65,0.07,0.178,0.243,27.1,25.7,26.26841,73.00594,ERA5,Asia/Kolkata,Open-Meteo Historical Weather API
RJ-Jodhpur,2017-03-09,24.3,29.7,18.6,0.0,0.0,0.0,40,5.27,0.07,0.178,0.242,27.2,25.9,26.26841,73.00594,ERA5,Asia/Kolkata,Open-Meteo Historical Weather API
RJ-Jodhpur,2017-03-10,23.2,28.6,18.4,0.0,0.0,0.0,34,6.58,0.074,0.181,0.245,25.9,25.6,26.26841,73.00594,ERA5,Asia/Kolkata,Open-Meteo Historical Weather API
RJ-Jodhpur,2017-03-11,20.8,26.6,14.2,0.0,0.0,0.0,32,6.34,0.072,0.181,0.245,24.3,24.5,26.26841,73.00594,ERA5,Asia/Kolkata,Open-Meteo Historical Weather API
RJ-Jodhpur,2017-03-12,20.3,27.2,13.3,0.0,0.0,0.0,24,5.35,0.072,0.182,0.245,23.8,23.8,26.26841,73.00594,ERA5,Asia/Kolkata,Open-Meteo Historical Weather API
RJ-Jodhpur,2017-03-13,21.5,29.4,12.0,0.0,0.0,0.0,24,5.34,0.072,0.182,0.245,23.3,23.5,26.26841,73.00594,ERA5,Asia/Kolkata,Open-Meteo Historical Weather API
RJ-Jodhpur,2017-03-14,22.3,30.4,13.0,0.0,0.0,0.0,26,5.17,0.072,0.182,0.245,23.8,23.4,26.26841,73.00594,ERA5,Asia/Kolkata,Open-Meteo Historical Weather API
RJ-Jodhpur,2017-03-15,25.4,33.5,18.6,0.0,0.0,0.0,24,6.72,0.072,0.181,0.245,26.7,24.8,26.26841,73.00594,ERA5,Asia/Kolkata,Open-Meteo Historical Weather API
RJ-Jodhpur,2017-03-16,24.7,32.9,17.1,0.0,0.0,0.0,32,6.14,0.072,0.181,0.245,27.2,25.6,26.26841,73.00594,ERA5,Asia/Kolkata,Open-Meteo Historical Weather API
RJ-Jodhpur,2017-03-17,25.8,32.6,19.4,0.0,0.0,0.0,35,5.92,0.07,0.18,0.244,28.5,26.3,26.26841,73.00594,ERA5,Asia/Kolkata,Open-Meteo Historical Weather API
RJ-Jodhpur,2017-03-18,25.5,34.6,19.3,9.9,9.9,6.0,51,5.86,0.092,0.18,0.244,28.8,27.1,26.26841,73.00594,ERA5,Asia/Kolkata,Open-Meteo Historical Weather API
RJ-Jodhpur,2017-03-19,23.8,29.8,18.2,0.1,0.1,1.0,70,4.63,0.169,0.185,0.246,25.9,26.2,26.26841,73.00594,ERA5,Asia/Kolkata,Open-Meteo Historical Weather API
RJ-Jodhpur,2017-03-20,26.3,32.6,19.0,0.0,0.0,0.0,49,4.96,0.138,0.187,0.246,25.8,25.3,26.26841,73.00594,ERA5,Asia/Kolkata,Open-Meteo Historical Weather API
RJ-Jodhpur,2017-03-21,27.3,35.0,19.2,0.0,0.0,0.0,44,5.79,0.111,0.186,0.246,26.8,25.5,26.26841,73.00594,ERA5,Asia/Kolkata,Open-Meteo Historical Weather API
RJ-Jodhpur,2017-03-22,28.1,36.4,19.7,0.0,0.0,0.0,42,6.35,0.092,0.186,0.245,28.7,26.5,26.26841,73.00594,ERA5,Asia/Kolkata,Open-Meteo Historical Weather API
RJ-Jodhpur,2017-03-23,29.1,36.0,22.9,0.0,0.0,0.0,35,6.9,0.081,0.184,0.245,30.3,27.6,26.26841,73.00594,ERA5,Asia/Kolkata,Open-Meteo Historical Weather API
RJ-Jodhpur,2017-03-24,29.3,36.5,22.0,0.0,0.0,0.0,38,6.02,0.08,0.184,0.245,30.5,28.3,26.26841,73.00594,ERA5,Asia/Kolkata,Open-Meteo Historical Weather API
RJ-Jodhpur,2017-03-25,30.0,37.7,22.5,0.0,0.0,0.0,36,7.1,0.075,0.184,0.245,31.3,28.8,26.26841,73.00594,ERA5,Asia/Kolkata,Open-Meteo Historical Weather API
RJ-Jodhpur,2017-03-26,31.4,39.3,23.7,0.0,0.0,0.0,31,6.34,0.071,0.182,0.244,32.5,29.5,26.26841,73.00594,ERA5,Asia/Kolkata,Open-Meteo Historical Weather API
RJ-Jodhpur,2017-03-27,32.0,41.0,22.9,0.0,0.0,0.0,34,6.68,0.068,0.181,0.242,33.5,30.3,26.26841,73.00594,ERA5,Asia/Kolkata,Open-Meteo Historical Weather API
RJ-Jodhpur,2017-03-28,33.2,41.0,25.8,0.0,0.0,0.0,26,8.49,0.066,0.179,0.242,34.0,31.2,26.26841,73.00594,ERA5,Asia/Kolkata,Open-Meteo Historical Weather API
RJ-Jodhpur,2017-03-29,32.1,39.7,25.5,0.0,0.0,0.0,26,8.23,0.066,0.178,0.241,33.8,31.2,26.26841,73.00594,ERA5,Asia/Kolkata,Open-Meteo Historical Weather API
RJ-Jodhpur,2017-03-30,31.4,39.0,24.1,0.0,0.0,0.0,25,8.5,0.066,0.178,0.24,33.2,31.2,26.26841,73.00594,ERA5,Asia/Kolkata,Open-Meteo Historical Weather API
RJ-Jodhpur,2017-03-31,31.6,38.7,25.6,0.0,0.0,0.0,26,8.73,0.065,0.177,0.239,33.1,31.0,26.26841,73.00594,ERA5,Asia/Kolkata,Open-Meteo Historical Weather API
RJ-Jodhpur,2017-04-01,31.6,39.3,25.3,0.0,0.0,0.0,28,8.0,0.064,0.176,0.239,33.4,31.1,26.26841,73.00594,ERA5,Asia/Kolkata,Open-Meteo Historical Weather API
RJ-Jodhpur,2017-04-02,33.1,40.5,25.4,0.0,0.0,0.0,30,8.39,0.064,0.175,0.238,34.3,31.5,26.26841,73.00594,ERA5,Asia/Kolkata,Open-Meteo Historical Weather API
RJ-Jodhpur,2017-04-03,33.3,39.7,27.2,0.0,0.0,0.0,31,8.66,0.064,0.174,0.237,35.0,32.3,26.26841,73.00594,ERA5,Asia/Kolkata,Open-Meteo Historical Weather API
RJ-Jodhpur,2017-04-04,32.8,38.4,27.6,0.0,0.0,0.0,36,9.0,0.064,0.174,0.237,34.8,32.5,26.26841,73.00594,ERA5,Asia/Kolkata,Open-Meteo Historical Weather API
RJ-Jodhpur,2017-04-05,33.3,39.4,28.2,0.0,0.0,0.0,33,10.72,0.063,0.174,0.237,34.6,32.4,26.26841,73.00594,ERA5,Asia/Kolkata,Open-Meteo Historical Weather API
RJ-Jodhpur,2017-04-06,30.2,33.9,26.5,0.0,0.0,0.0,24,10.48,0.061,0.173,0.236,33.4,32.1,26.26841,73.00594,ERA5,Asia/Kolkata,Open-Meteo Historical Weather API
RJ-Jodhpur,2017-04-07,27.2,33.2,21.0,0.0,0.0,0.0,16,7.77,0.061,0.171,0.235,31.3,30.7,26.26841,73.00594,ERA5,Asia/Kolkata,Open-Meteo Historical Weather API
RJ-Jodhpur,2017-04-08,26.9,34.7,18.1,0.0,0.0,0.0,17,7.69,0.063,0.171,0.234,30.3,29.8,26.26841,73.00594,ERA5,Asia/Kolkata,Open-Meteo Historical Weather API
RJ-Jodhpur,2017-04-09,28.4,35.2,21.5,0.0,0.0,0.0,18,8.61,0.065,0.17,0.233,31.1,30.0,26.26841,73.00594,ERA5,Asia/Kolkata,Open-Meteo Historical Weather API
RJ-Jodhpur,2017-04-10,28.8,37.7,19.1,0.0,0.0,0.0,20,7.46,0.066,0.169,0.231,31.5,30.1,26.26841,73.00594,ERA5,Asia/Kolkata,Open-Meteo Historical Weather API
RJ-Jodhpur,2017-04-11,31.1,40.6,20.6,0.0,0.0,0.0,20,7.68,0.066,0.169,0.231,32.0,30.5,26.26841,73.00594,ERA5,Asia/Kolkata,Open-Meteo Historical Weather API
RJ-Jodhpur,2017-04-12,32.1,42.5,22.4,0.0,0.0,0.0,19,7.97,0.065,0.169,0.23,32.8,31.0,26.26841,73.00594,ERA5,Asia/Kolkata,Open-Meteo Historical Weather API
RJ-Jodhpur,2017-04-13,33.5,43.3,23.5,0.0,0.0,0.0,18,8.44,0.065,0.168,0.23,34.5,31.8,26.26841,73.00594,ERA5,Asia/Kolkata,Open-Meteo Historical Weather API
RJ-Jodhpur,2017-04-14,34.6,43.7,26.4,0.0,0.0,0.0,19,9.86,0.064,0.168,0.229,35.4,32.7,26.26841,73.00594,ERA5,Asia/Kolkata,Open-Meteo Historical Weather API
RJ-Jodhpur,2017-04-15,36.1,43.8,30.0,0.0,0.0,0.0,20,10.38,0.063,0.168,0.228,37.2,33.7,26.26841,73.00594,ERA5,Asia/Kolkata,Open-Meteo Historical Weather API
RJ-Jodhpur,2017-04-16,35.8,43.5,29.2,0.0,0.0,0.0,23,9.87,0.061,0.167,0.227,37.4,34.3,26.26841,73.00594,ERA5,Asia/Kolkata,Open-Meteo Historical Weather API
RJ-Jodhpur,2017-04-17,35.2,42.6,28.8,0.0,0.0,0.0,23,9.95,0.06,0.166,0.226,37.2,34.6,26.26841,73.00594,ERA5,Asia/Kolkata,Open-Meteo Historical Weather API
RJ-Jodhpur,2017-04-18,34.2,41.4,27.9,0.0,0.0,0.0,28,9.71,0.061,0.166,0.226,36.7,34.6,26.26841,73.00594,ERA5,Asia/Kolkata,Open-Meteo Historical Weather API
RJ-Jodhpur,2017-04-19,33.8,40.0,27.8,0.0,0.0,0.0,33,9.02,0.06,0.166,0.225,36.6,34.3,26.26841,73.00594,ERA5,Asia/Kolkata,Open-Meteo Historical Weather API
RJ-Jodhpur,2017-04-20,35.0,41.8,28.9,0.0,0.0,0.0,33,10.58,0.058,0.166,0.224,36.9,34.5,26.26841,73.00594,ERA5,Asia/Kolkata,Open-Meteo Historical Weather API
RJ-Jodhpur,2017-04-21,35.0,40.8,29.3,0.0,0.0,0.0,31,11.62,0.057,0.165,0.223,37.0,34.7,26.26841,73.00594,ERA5,Asia/Kolkata,Open-Meteo Historical Weather API
RJ-Jodhpur,2017-04-22,33.2,38.1,28.4,0.0,0.0,0.0,34,10.16,0.056,0.164,0.222,36.2,34.4,26.26841,73.00594,ERA5,Asia/Kolkata,Open-Meteo Historical Weather API
RJ-Jodhpur,2017-04-23,32.0,37.0,27.8,0.0,0.0,0.0,40,9.2,0.054,0.165,0.222,35.6,34.0,26.26841,73.00594,ERA5,Asia/Kolkata,Open-Meteo Historical Weather API
RJ-Jodhpur,2017-04-24,31.7,36.6,27.8,0.0,0.0,0.0,41,8.31,0.057,0.165,0.223,35.4,33.9,26.26841,73.00594,ERA5,Asia/Kolkata,Open-Meteo Historical Weather API
RJ-Jodhpur,2017-04-25,32.0,37.1,27.7,0.0,0.0,0.0,35,8.73,0.058,0.165,0.223,35.4,33.8,26.26841,73.00594,ERA5,Asia/Kolkata,Open-Meteo Historical Weather API
RJ-Jodhpur,2017-04-26,32.2,38.2,26.2,0.0,0.0,0.0,28,9.69,0.06,0.166,0.223,34.9,33.5,26.26841,73.00594,ERA5,Asia/Kolkata,Open-Meteo Historical Weather API
RJ-Jodhpur,2017-04-27,32.8,39.2,27.5,0.0,0.0,0.0,36,9.25,0.059,0.165,0.223,35.8,33.7,26.26841,73.00594,ERA5,Asia/Kolkata,Open-Meteo Historical Weather API
RJ-Jodhpur,2017-04-28,33.1,38.7,27.9,0.0,0.0,0.0,36,8.8,0.059,0.165,0.222,36.4,34.2,26.26841,73.00594,ERA5,Asia/Kolkata,Open-Meteo Historical Weather API
RJ-Jodhpur,2017-04-29,33.0,38.6,27.5,0.0,0.0,0.0,35,8.91,0.06,0.166,0.222,36.0,34.3,26.26841,73.00594,ERA5,Asia/Kolkata,Open-Meteo Historical Weather API
RJ-Jodhpur,2017-04-30,33.5,39.7,28.1,0.0,0.0,0.0,29,8.43,0.06,0.167,0.223,36.7,34.5,26.26841,73.00594,ERA5,Asia/Kolkata,Open-Meteo Historical Weather API
RJ-Jodhpur,2017-05-01,34.4,40.6,27.1,0.0,0.0,0.0,21,7.75,0.06,0.167,0.223,36.9,34.5,26.26841,73.00594,ERA5,Asia/Kolkata,Open-Meteo Historical Weather API
RJ-Jodhpur,2017-05-02,35.0,41.2,28.2,0.1,0.1,1.0,20,8.74,0.06,0.166,0.223,37.2,35.0,26.26841,73.00594,ERA5,Asia/Kolkata,Open-Meteo Historical Weather API
RJ-Jodhpur,2017-05-03,36.0,41.4,30.9,0.2,0.2,1.0,25,8.31,0.061,0.166,0.222,38.7,35.9,26.26841,73.00594,ERA5,Asia/Kolkata,Open-Meteo Historical Weather API
RJ-Jodhpur,2017-05-04,35.9,41.8,30.6,0.0,0.0,0.0,24,7.63,0.06,0.166,0.222,39.3,36.3,26.26841,73.00594,ERA5,Asia/Kolkata,Open-Meteo Historical Weather API
RJ-Jodhpur,2017-05-05,35.5,41.0,29.8,0.0,0.0,0.0,24,8.52,0.06,0.166,0.222,38.3,36.3,26.26841,73.00594,ERA5,Asia/Kolkata,Open-Meteo Historical Weather API
RJ-Jodhpur,2017-05-06,36.6,43.6,29.9,0.0,0.0,0.0,25,9.99,0.06,0.166,0.221,38.8,36.3,26.26841,73.00594,ERA5,Asia/Kolkata,Open-Meteo Historical Weather API
RJ-Jodhpur,2017-05-07,36.7,43.5,30.2,0.0,0.0,0.0,24,10.28,0.06,0.165,0.221,39.0,36.6,26.26841,73.00594,ERA5,Asia/Kolkata,Open-Meteo Historical Weather API
RJ-Jodhpur,2017-05-08,36.7,43.6,30.2,0.1,0.1,1.0,25,9.96,0.06,0.165,0.22,39.2,36.8,26.26841,73.00594,ERA5,Asia/Kolkata,Open-Meteo Historical Weather API
RJ-Jodhpur,2017-05-09,36.6,42.9,30.5,0.0,0.0,0.0,24,10.87,0.061,0.165,0.22,38.9,36.9,26.26841,73.00594,ERA5,Asia/Kolkata,Open-Meteo Historical Weather API
RJ-Jodhpur,2017-05-10,36.3,42.2,30.9,0.0,0.0,0.0,29,10.66,0.061,0.165,0.22,38.8,36.8,26.26841,73.00594,ERA5,Asia/Kolkata,Open-Meteo Historical Weather API
RJ-Jodhpur,2017-05-11,35.4,40.6,30.2,0.0,0.0,0.0,32,8.74,0.061,0.164,0.22,38.7,36.8,26.26841,73.00594,ERA5,Asia/Kolkata,Open-Meteo Historical Weather API
RJ-Jodhpur,2017-05-12,36.4,42.7,29.5,0.0,0.0,0.0,27,7.34,0.062,0.164,0.219,40.1,37.3,26.26841,73.00594,ERA5,Asia/Kolkata,Open-Meteo Historical Weather API
RJ-Jodhpur,2017-05-13,37.1,43.0,30.6,0.0,0.0,0.0,24,10.06,0.064,0.162,0.217,39.8,37.7,26.26841,73.00594,ERA5,Asia/Kolkata,Open-Meteo Historical Weather API
RJ-Jodhpur,2017-05-14,36.2,42.1,30.9,0.0,0.0,0.0,27,10.17,0.064,0.162,0.217,39.3,37.5,26.26841,73.00594,ERA5,Asia/Kolkata,Open-Meteo Historical Weather API
RJ-Jodhpur,2017-05-15,35.7,41.2,30.8,0.0,0.0,0.0,31,10.69,0.063,0.162,0.217,38.6,37.1,26.26841,73.00594,ERA5,Asia/Kolkata,Open-Meteo Historical Weather API
RJ-Jodhpur,2017-05-16,34.6,40.1,30.6,0.0,0.0,0.0,37,8.97,0.064,0.163,0.217,38.3,37.1,26.26841,73.00594,ERA5,Asia/Kolkata,Open-Meteo Historical Weather API
RJ-Jodhpur,2017-05-17,33.7,40.3,27.1,0.1,0.1,1.0,37,8.0,0.068,0.164,0.218,37.2,36.7,26.26841,73.00594,ERA5,Asia/Kolkata,Open-Meteo Historical Weather API
RJ-Jodhpur,2017-05-18,34.9,40.9,28.5,0.0,0.0,0.0,37,8.9,0.07,0.165,0.218,38.1,36.7,26.26841,73.00594,ERA5,Asia/Kolkata,Open-Meteo Historical Weather API
RJ-Jodhpur,2017-05-19,35.3,42.7,29.8,0.0,0.0,0.0,36,10.18,0.068,0.165,0.219,38.2,36.8,26.26841,73.00594,ERA5,Asia/Kolkata,Open-Meteo Historical Weather API
RJ-Jodhpur,2017-05-20,34.6,40.6,29.5,1.3,1.3,2.0,39,9.55,0.07,0.165,0.218,37.9,36.7,26.26841,73.00594,ERA5,Asia/Kolkata,Open-Meteo Historical Weather API
RJ-Jodhpur,2017-05-21,31.2,37.2,25.4,5.8,5.8,6.0,57,7.22,0.085,0.165,0.218,35.9,36.0,26.26841,73.00594,ERA5,Asia/Kolkata,Open-Meteo Historical Weather API
RJ-Jodhpur,2017-05-22,30.1,36.2,23.6,0.0,0.0,0.0,57,6.8,0.099,0.167,0.22,33.8,34.5,26.26841,73.00594,ERA5,Asia/Kolkata,Open-Meteo Historical Weather API
RJ-Jodhpur,2017-05-23,33.7,39.5,28.4,0.0,0.0,0.0,49,7.89,0.084,0.168,0.22,36.7,35.0,26.26841,73.00594,ERA5,Asia/Kolkata,Open-Meteo Historical Weather API
RJ-Jodhpur,2017-05-24,35.5,41.9,30.4,0.7,0.7,1.0,41,8.04,0.082,0.168,0.22,38.5,36.2,26.26841,73.00594,ERA5,Asia/Kolkata,Open-Meteo Historical Weather API
RJ-Jodhpur,2017-05-25,36.1,42.4,29.7,0.0,0.0,0.0,38,8.84,0.084,0.167,0.22,38.5,36.6,26.26841,73.00594,ERA5,Asia/Kolkata,Open-Meteo Historical Weather API
RJ-Jodhpur,2017-05-26,37.4,44.5,31.7,0.0,0.0,0.0,37,10.71,0.075,0.166,0.22,39.4,37.2,26.26841,73.00594,ERA5,Asia/Kolkata,Open-Meteo Historical Weather API
RJ-Jodhpur,2017-05-27,36.3,42.4,31.1,0.0,0.0,0.0,41,10.61,0.068,0.165,0.219,39.0,37.2,26.26841,73.00594,ERA5,Asia/Kolkata,Open-Meteo Historical Weather API
RJ-Jodhpur,2017-05-28,35.8,40.9,31.3,0.0,0.0,0.0,47,10.04,0.066,0.165,0.219,38.9,37.1,26.26841,73.00594,ERA5,Asia/Kolkata,Open-Meteo Historical Weather API
RJ-Jodhpur,2017-05-29,33.8,39.0,29.2,0.0,0.0,0.0,53,7.82,0.066,0.166,0.219,38.1,36.9,26.26841,73.00594,ERA5,Asia/Kolkata,Open-Meteo Historical Weather API
RJ-Jodhpur,2017-05-30,35.6,41.4,30.3,0.0,0.0,0.0,48,8.9,0.068,0.167,0.22,39.0,37.1,26.26841,73.00594,ERA5,Asia/Kolkata,Open-Meteo Historical Weather API
RJ-Jodhpur,2017-05-31,35.9,40.8,31.9,0.0,0.0,0.0,46,9.47,0.068,0.167,0.22,39.4,37.7,26.26841,73.00594,ERA5,Asia/Kolkata,Open-Meteo Historical Weather API
RJ-Jodhpur,2017-06-01,35.1,39.6,31.5,0.0,0.0,0.0,44,7.36,0.069,0.168,0.221,39.7,37.9,26.26841,73.00594,ERA5,Asia/Kolkata,Open-Meteo Historical Weather API
RJ-Jodhpur,2017-06-02,37.0,43.0,30.1,0.0,0.0,0.0,39,7.4,0.07,0.168,0.221,40.3,38.3,26.26841,73.00594,ERA5,Asia/Kolkata,Open-Meteo Historical Weather API
RJ-Jodhpur,2017-06-03,38.8,44.5,33.4,0.0,0.0,0.0,32,9.53,0.067,0.167,0.221,41.2,38.8,26.26841,73.00594,ERA5,Asia/Kolkata,Open-Meteo Historical Weather API
RJ-Jodhpur,2017-06-04,37.6,41.9,33.5,0.0,0.0,0.0,42,10.87,0.067,0.166,0.22,40.7,39.1,26.26841,73.00594,ERA5,Asia/Kolkata,Open-Meteo Historical Weather API
RJ-Jodhpur,2017-06-05,36.4,40.4,32.6,0.0,0.0,0.0,44,10.66,0.065,0.165,0.22,40.0,38.7,26.26841,73.00594,ERA5,Asia/Kolkata,Open-Meteo Historical Weather API
RJ-Jodhpur,2017-06-06,35.5,39.6,31.6,0.0,0.0,0.0,45,10.23,0.064,0.164,0.219,39.2,38.1,26.26841,73.00594,ERA5,Asia/Kolkata,Open-Meteo Historical Weather API
RJ-Jodhpur,2017-06-07,34.8,39.5,30.8,0.0,0.0,0.0,47,8.9,0.064,0.164,0.219,38.9,37.8,26.26841,73.00594,ERA5,Asia/Kolkata,Open-Meteo Historical Weather API
RJ-Jodhpur,2017-06-08,33.8,38.7,30.8,0.5,0.5,2.0,51,7.74,0.066,0.164,0.219,38.5,37.8,26.26841,73.00594,ERA5,Asia/Kolkata,Open-Meteo Historical Weather API
RJ-Jodhpur,2017-06-09,32.7,39.3,27.6,2.3,2.3,3.0,56,6.55,0.081,0.165,0.219,37.1,37.3,26.26841,73.00594,ERA5,Asia/Kolkata,Open-Meteo Historical Weather API
RJ-Jodhpur,2017-06-10,33.9,39.0,29.3,0.0,0.0,0.0,52,7.15,0.079,0.165,0.22,37.8,37.0,26.26841,73.00594,ERA5,Asia/Kolkata,Open-Meteo Historical Weather API
RJ-Jodhpur,2017-06-11,34.5,40.0,28.0,0.0,0.0,0.0,46,6.35,0.076,0.165,0.22,39.0,37.6,26.26841,73.00594,ERA5,Asia/Kolkata,Open-Meteo Historical Weather API
RJ-Jodhpur,2017-06-12,36.0,41.0,31.3,0.0,0.0,0.0,38,8.68,0.07,0.165,0.22,39.6,38.2,26.26841,73.00594,ERA5,Asia/Kolkata,Open-Meteo Historical Weather API
RJ-Jodhpur,2017-06-13,35.0,39.6,30.8,0.0,0.0,0.0,42,9.79,0.068,0.165,0.22,38.6,37.9,26.26841,73.00594,ERA5,Asia/Kolkata,Open-Meteo Historical Weather API
RJ-Jodhpur,2017-06-14,35.0,40.0,30.8,0.0,0.0,0.0,47,9.37,0.067,0.165,0.22,38.7,37.6,26.26841,73.00594,ERA5,Asia/Kolkata,Open-Meteo Historical Weather API
RJ-Jodhpur,2017-06-15,35.3,40.5,30.6,0.0,0.0,0.0,43,10.13,0.065,0.164,0.219,38.6,37.4,26.26841,73.00594,ERA5,Asia/Kolkata,Open-Meteo Historical Weather API
RJ-Jodhpur,2017-06-16,34.1,38.9,29.1,0.0,0.0,0.0,51,9.4,0.065,0.164,0.219,37.9,37.1,26.26841,73.00594,ERA5,Asia/Kolkata,Open-Meteo Historical Weather API
RJ-Jodhpur,2017-06-17,33.3,37.2,30.0,0.0,0.0,0.0,51,6.91,0.065,0.163,0.219,36.4,36.6,26.26841,73.00594,ERA5,Asia/Kolkata,Open-Meteo Historical Weather API
RJ-Jodhpur,2017-06-18,33.7,38.6,29.2,0.0,0.0,0.0,51,8.28,0.065,0.163,0.218,36.4,36.0,26.26841,73.00594,ERA5,Asia/Kolkata,Open-Meteo Historical Weather API
RJ-Jodhpur,2017-06-19,34.4,38.6,30.4,0.0,0.0,0.0,49,9.4,0.06,0.162,0.218,37.4,36.2,26.26841,73.00594,ERA5,Asia/Kolkata,Open-Meteo Historical Weather API
RJ-Jodhpur,2017-06-20,33.0,36.1,30.1,0.0,0.0,0.0,54,6.7,0.06,0.162,0.217,35.8,35.9,26.26841,73.00594,ERA5,Asia/Kolkata,Open-Meteo Historical Weather API
RJ-Jodhpur,2017-06-21,30.6,35.8,25.4,2.8,2.8,6.0,62,5.39,0.079,0.161,0.217,33.4,34.9,26.26841,73.00594,ERA5,Asia/Kolkata,Open-Meteo Historical Weather API
RJ-Jodhpur,2017-06-22,31.2,34.8,27.5,0.0,0.0,0.0,61,6.33,0.105,0.162,0.217,33.9,34.2,26.26841,73.00594,ERA5,Asia/Kolkata,Open-Meteo Historical Weather API
RJ-Jodhpur,2017-06-23,31.5,35.6,27.8,3.3,3.3,4.0,62,5.62,0.11,0.162,0.217,34.1,34.2,26.26841,73.00594,ERA5,Asia/Kolkata,Open-Meteo Historical Weather API
RJ-Jodhpur,2017-06-24,33.3,38.2,29.1,0.2,0.2,1.0,58,5.97,0.098,0.161,0.216,35.5,34.4,26.26841,73.00594,ERA5,Asia/Kolkata,Open-Meteo Historical Weather API
RJ-Jodhpur,2017-06-25,34.3,39.3,30.1,0.5,0.5,3.0,55,6.31,0.086,0.16,0.215,37.4,35.4,26.26841,73.00594,ERA5,Asia/Kolkata,Open-Meteo Historical Weather API
RJ-Jodhpur,2017-06-26,34.6,40.8,29.6,0.7,0.7,3.0,54,6.86,0.083,0.161,0.215,38.8,36.6,26.26841,73.00594,ERA5,Asia/Kolkata,Open-Meteo Historical Weather API
RJ-Jodhpur,2017-06-27,31.7,38.2,27.7,1.1,1.1,3.0,66,5.22,0.089,0.16,0.214,37.0,36.9,26.26841,73.00594,ERA5,Asia/Kolkata,Open-Meteo Historical Weather API
RJ-Jodhpur,2017-06-28,29.1,33.2,26.4,12.4,12.4,17.0,81,3.27,0.214,0.169,0.213,32.5,34.9,26.26841,73.00594,ERA5,Asia/Kolkata,Open-Meteo Historical Weather API
RJ-Jodhpur,2017-06-29,29.6,32.7,27.9,11.4,11.4,15.0,80,3.59,0.275,0.182,0.212,32.4,33.1,26.26841,73.00594,ERA5,Asia/Kolkata,Open-Meteo Historical Weather API
RJ-Jodhpur,2017-06-30,29.1,32.9,27.1,4.6,4.6,12.0,83,2.56,0.341,0.199,0.214,31.3,32.0,26.26841,73.00594,ERA5,Asia/Kolkata,Open-Meteo Historical Weather API
RJ-Jodhpur,2017-07-01,29.7,34.1,26.8,7.3,7.3,10.0,81,3.83,0.327,0.219,0.213,31.6,31.6,26.26841,73.00594,ERA5,Asia/Kolkata,Open-Meteo Historical Weather API
RJ-Jodhpur,2017-07-02,29.5,33.2,26.5,0.3,0.3,3.0,80,4.63,0.318,0.23,0.213,31.1,31.6,26.26841,73.00594,ERA5,Asia/Kolkata,Open-Meteo Historical Weather API
RJ-Jodhpur,2017-07-03,30.1,33.9,27.3,0.0,0.0,0.0,75,5.59,0.263,0.231,0.212,31.2,31.2,26.26841,73.00594,ERA5,Asia/Kolkata,Open-Meteo Historical Weather API
RJ-Jodhpur,2017-07-04,30.2,33.6,27.5,0.0,0.0,0.0,73,6.14,0.209,0.229,0.212,31.4,31.1,26.26841,73.00594,ERA5,Asia/Kolkata,Open-Meteo Historical Weather API
RJ-Jodhpur,2017-07-05,30.2,33.3,27.3,0.2,0.2,1.0,67,6.3,0.168,0.225,0.211,31.4,30.9,26.26841,73.00594,ERA5,Asia/Kolkata,Open-Meteo Historical Weather API
RJ-Jodhpur,2017-07-06,30.4,34.6,27.5,0.3,0.3,3.0,67,6.02,0.136,0.222,0.211,31.6,30.9,26.26841,73.00594,ERA5,Asia/Kolkata,Open-Meteo Historical Weather API
RJ-Jodhpur,2017-07-07,30.9,35.0,27.2,0.1,0.1,1.0,64,5.64,0.114,0.219,0.211,32.2,31.2,26.26841,73.00594,ERA5,Asia/Kolkata,Open-Meteo Historical Weather API
RJ-Jodhpur,2017-07-08,32.1,37.4,28.0,0.0,0.0,0.0,60,7.55,0.096,0.214,0.21,34.4,32.2,26.26841,73.00594,ERA5,Asia/Kolkata,Open-Meteo Historical Weather API
RJ-Jodhpur,2017-07-09,32.2,36.6,28.3,0.0,0.0,0.0,58,7.78,0.079,0.208,0.208,35.3,33.2,26.26841,73.00594,ERA5,Asia/Kolkata,Open-Meteo Historical Weather API
RJ-Jodhpur,2017-07-10,31.7,34.9,28.5,0.0,0.0,0.0,60,6.18,0.075,0.204,0.207,33.8,33.2,26.26841,73.00594,ERA5,Asia/Kolkata,Open-Meteo Historical Weather API
RJ-Jodhpur,2017-07-11,30.7,33.4,28.1,0.6,0.6,4.0,64,5.0,0.083,0.202,0.207,32.6,32.4,26.26841,73.00594,ERA5,Asia/Kolkata,Open-Meteo Historical Weather API
RJ-Jodhpur,2017-07-12,30.1,32.5,28.0,1.3,1.3,7.0,69,4.35,0.087,0.2,0.207,32.1,31.9,26.26841,73.00594,ERA5,Asia/Kolkata,Open-Meteo Historical Weather API
RJ-Jodhpur,2017-07-13,29.0,32.8,27.4,7.8,7.8,14.0,79,3.18,0.138,0.199,0.207,31.2,31.5,26.26841,73.00594,ERA5,Asia/Kolkata,Open-Meteo Historical Weather API
RJ-Jodhpur,2017-07-14,29.3,34.4,25.7,23.2,23.2,12.0,82,4.34,0.265,0.21,0.207,31.4,31.2,26.26841,73.00594,ERA5,Asia/Kolkata,Open-Meteo Historical Weather API
RJ-Jodhpur,2017-07-15,29.6,34.2,27.1,3.0,3.0,8.0,85,4.03,0.346,0.248,0.207,31.7,31.4,26.26841,73.00594,ERA5,Asia/Kolkata,Open-Meteo Historical Weather API
RJ-Jodhpur,2017-07-16,29.8,33.4,26.5,3.5,3.5,4.0,81,3.79,0.307,0.253,0.207,31.5,31.1,26.26841,73.00594,ERA5,Asia/Kolkata,Open-Meteo Historical Weather API
RJ-Jodhpur,2017-07-17,29.8,33.3,27.4,1.5,1.5,5.0,82,3.64,0.301,0.254,0.207,31.5,31.1,26.26841,73.00594,ERA5,Asia/Kolkata,Open-Meteo Historical Weather API
RJ-Jodhpur,2017-07-18,30.2,34.8,27.4,11.0,11.0,10.0,78,4.3,0.298,0.254,0.204,31.9,31.2,26.26841,73.00594,ERA5,Asia/Kolkata,Open-Meteo Historical Weather API
RJ-Jodhpur,2017-07-19,30.4,35.5,26.9,5.3,5.3,7.0,79,4.77,0.318,0.26,0.204,32.4,31.6,26.26841,73.00594,ERA5,Asia/Kolkata,Open-Meteo Historical Weather API
RJ-Jodhpur,2017-07-20,29.6,33.3,27.0,4.8,4.8,10.0,82,4.26,0.327,0.263,0.203,32.1,31.8,26.26841,73.00594,ERA5,Asia/Kolkata,Open-Meteo Historical Weather API
RJ-Jodhpur,2017-07-21,29.9,35.0,26.1,12.1,12.1,14.0,79,4.28,0.369,0.282,0.204,31.4,31.3,26.26841,73.00594,ERA5,Asia/Kolkata,Open-Meteo Historical Weather API
RJ-Jodhpur,2017-07-22,28.8,31.8,26.7,27.2,27.2,18.0,88,2.19,0.406,0.327,0.207,30.5,30.8,26.26841,73.00594,ERA5,Asia/Kolkata,Open-Meteo Historical Weather API
RJ-Jodhpur,2017-07-23,29.3,33.3,27.0,28.6,28.6,21.0,86,3.2,0.423,0.412,0.22,30.2,30.2,26.26841,73.00594,ERA5,Asia/Kolkata,Open-Meteo Historical Weather API
RJ-Jodhpur,2017-07-24,28.5,30.7,27.1,38.6,38.6,22.0,88,2.26,0.429,0.425,0.248,29.6,29.8,26.26841,73.00594,ERA5,Asia/Kolkata,Open-Meteo Historical Weather API
RJ-Jodhpur,2017-07-25,28.0,31.5,26.4,10.5,10.5,17.0,89,2.65,0.422,0.419,0.277,29.5,29.6,26.26841,73.00594,ERA5,Asia/Kolkata,Open-Meteo Historical Weather API
RJ-Jodhpur,2017-07-26,29.2,33.5,26.3,0.7,0.7,3.0,84,3.92,0.393,0.401,0.289,30.2,29.6,26.26841,73.00594,ERA5,Asia/Kolkata,Open-Meteo Historical Weather API
RJ-Jodhpur,2017-07-27,29.2,32.7,26.5,5.8,5.8,10.0,85,3.43,0.387,0.384,0.292,30.6,30.2,26.26841,73.00594,ERA5,Asia/Kolkata,Open-Meteo Historical Weather API
RJ-Jodhpur,2017-07-28,28.5,32.1,26.5,9.5,9.5,10.0,89,3.09,0.399,0.386,0.295,30.0,30.1,26.26841,73.00594,ERA5,Asia/Kolkata,Open-Meteo Historical Weather API
RJ-Jodhpur,2017-07-29,27.0,29.8,25.7,63.5,63.5,24.0,93,1.6,0.435,0.433,0.322,28.6,29.4,26.26841,73.00594,ERA5,Asia/Kolkata,Open-Meteo Historical Weather API
RJ-Jodhpur,2017-07-30,26.8,29.0,25.4,5.3,5.3,13.0,91,1.44,0.421,0.423,0.358,27.7,28.3,26.26841,73.00594,ERA5,Asia/Kolkata,Open-Meteo Historical Weather API
RJ-Jodhpur,2017-07-31,28.1,30.7,26.1,0.4,0.4,2.0,84,2.98,0.391,0.406,0.364,28.3,28.2,26.26841,73.00594,ERA5,Asia/Kolkata,Open-Meteo Historical Weather API
RJ-Jodhpur,2017-08-01,28.5,31.0,26.5,0.6,0.6,4.0,80,3.56,0.373,0.393,0.365,28.7,28.4,26.26841,73.00594,ERA5,Asia/Kolkata,Open-Meteo Historical Weather API
RJ-Jodhpur,2017-08-02,28.2,30.3,26.4,0.3,0.3,3.0,81,3.54,0.357,0.382,0.366,28.6,28.5,26.26841,73.00594,ERA5,Asia/Kolkata,Open-Meteo Historical Weather API
RJ-Jodhpur,2017-08-03,28.2,30.7,25.7,0.5,0.5,5.0,79,3.92,0.343,0.372,0.366,28.5,28.3,26.26841,73.00594,ERA5,Asia/Kolkata,Open-Meteo Historical Weather API
RJ-Jodhpur,2017-08-04,28.5,31.1,26.1,0.1,0.1,1.0,76,4.22,0.327,0.363,0.365,28.7,28.2,26.26841,73.00594,ERA5,Asia/Kolkata,Open-Meteo Historical Weather API
RJ-Jodhpur,2017-08-05,28.8,31.6,26.3,0.0,0.0,0.0,77,3.74,0.31,0.356,0.364,28.9,28.3,26.26841,73.00594,ERA5,Asia/Kolkata,Open-Meteo Historical Weather API
RJ-Jodhpur,2017-08-06,29.1,32.4,26.6,0.0,0.0,0.0,76,4.44,0.296,0.347,0.362,29.5,28.7,26.26841,73.00594,ERA5,Asia/Kolkata,Open-Meteo Historical Weather API
RJ-Jodhpur,2017-08-07,29.5,32.6,26.8,0.7,0.7,1.0,77,4.32,0.281,0.337,0.36,30.1,29.0,26.26841,73.00594,ERA5,Asia/Kolkata,Open-Meteo Historical Weather API
RJ-Jodhpur,2017-08-08,28.4,29.8,27.4,6.3,6.3,9.0,83,2.35,0.317,0.332,0.359,28.9,28.7,26.26841,73.00594,ERA5,Asia/Kolkata,Open-Meteo Historical Weather API
RJ-Jodhpur,2017-08-09,27.4,28.8,26.3,4.7,4.7,14.0,88,1.81,0.343,0.335,0.358,28.0,28.0,26.26841,73.00594,ERA5,Asia/Kolkata,Open-Meteo Historical Weather API
RJ-Jodhpur,2017-08-10,28.1,30.4,25.9,2.6,2.6,10.0,85,2.19,0.357,0.342,0.357,27.9,27.6,26.26841,73.00594,ERA5,Asia/Kolkata,Open-Meteo Historical Weather API
RJ-Jodhpur,2017-08-11,28.5,31.3,26.3,0.7,0.7,5.0,81,4.04,0.339,0.345,0.356,28.5,27.9,26.26841,73.00594,ERA5,Asia/Kolkata,Open-Meteo Historical Weather API
RJ-Jodhpur,2017-08-12,27.6,29.9,26.0,0.6,0.6,4.0,84,3.06,0.317,0.342,0.355,28.1,28.1,26.26841,73.00594,ERA5,Asia/Kolkata,Open-Meteo Historical Weather API
RJ-Jodhpur,2017-08-13,27.6,30.1,25.5,1.4,1.4,6.0,81,3.63,0.314,0.338,0.354,27.9,27.8,26.26841,73.00594,ERA5,Asia/Kolkata,Open-Meteo Historical Weather API
RJ-Jodhpur,2017-08-14,27.9,30.7,25.9,1.1,1.1,6.0,80,3.73,0.304,0.334,0.353,28.2,27.9,26.26841,73.00594,ERA5,Asia/Kolkata,Open-Meteo Historical Weather API
RJ-Jodhpur,2017-08-15,28.4,31.6,26.4,0.0,0.0,0.0,78,4.13,0.282,0.329,0.351,28.8,28.2,26.26841,73.00594,ERA5,Asia/Kolkata,Open-Meteo Historical Weather API
RJ-Jodhpur,2017-08-16,28.4,32.5,25.5,0.0,0.0,0.0,77,4.99,0.255,0.322,0.35,28.8,28.3,26.26841,73.00594,ERA5,Asia/Kolkata,Open-Meteo Historical Weather API
RJ-Jodhpur,2017-08-17,28.3,32.0,25.5,0.0,0.0,0.0,76,5.16,0.226,0.314,0.348,29.0,28.4,26.26841,73.00594,ERA5,Asia/Kolkata,Open-Meteo Historical Weather API
RJ-Jodhpur,2017-08-18,28.6,33.0,25.4,0.0,0.0,0.0,76,5.02,0.202,0.306,0.347,29.4,28.6,26.26841,73.00594,ERA5,Asia/Kolkata,Open-Meteo Historical Weather API
RJ-Jodhpur,2017-08-19,30.0,35.3,25.8,0.0,0.0,0.0,73,5.27,0.181,0.298,0.345,30.5,29.2,26.26841,73.00594,ERA5,Asia/Kolkata,Open-Meteo Historical Weather API
RJ-Jodhpur,2017-08-20,30.3,34.9,27.2,0.0,0.0,0.0,76,4.94,0.162,0.29,0.343,31.6,30.3,26.26841,73.00594,ERA5,Asia/Kolkata,Open-Meteo Historical Weather API
RJ-Jodhpur,2017-08-21,31.4,35.0,26.6,0.0,0.0,0.0,74,5.23,0.145,0.282,0.341,32.4,31.1,26.26841,73.00594,ERA5,Asia/Kolkata,Open-Meteo Historical Weather API
RJ-Jodhpur,2017-08-22,31.5,35.7,28.2,0.5,0.5,3.0,73,5.17,0.127,0.274,0.339,33.3,31.5,26.26841,73.00594,ERA5,Asia/Kolkata,Open-Meteo Historical Weather API
RJ-Jodhpur,2017-08-23,30.0,35.0,27.1,0.3,0.3,1.0,76,4.22,0.116,0.266,0.336,32.5,31.6,26.26841,73.00594,ERA5,Asia/Kolkata,Open-Meteo Historical Weather API
RJ-Jodhpur,2017-08-24,30.0,34.6,26.7,1.4,1.4,7.0,74,4.38,0.115,0.261,0.334,31.9,31.3,26.26841,73.00594,ERA5,Asia/Kolkata,Open-Meteo Historical Weather API
RJ-Jodhpur,2017-08-25,29.2,32.7,26.7,0.0,0.0,0.0,73,4.06,0.118,0.257,0.332,31.2,31.1,26.26841,73.00594,ERA5,Asia/Kolkata,Open-Meteo Historical Weather API
RJ-Jodhpur,2017-08-26,29.8,35.8,26.0,1.3,1.3,4.0,72,4.58,0.117,0.254,0.331,32.4,31.2,26.26841,73.00594,ERA5,Asia/Kolkata,Open-Meteo Historical Weather API
RJ-Jodhpur,2017-08-27,31.1,36.1,26.5,0.8,0.8,2.0,71,5.1,0.123,0.25,0.329,33.7,32.0,26.26841,73.00594,ERA5,Asia/Kolkata,Open-Meteo Historical Weather API
RJ-Jodhpur,2017-08-28,30.9,36.4,27.1,0.0,0.0,0.0,71,5.32,0.121,0.248,0.327,33.3,32.4,26.26841,73.00594,ERA5,Asia/Kolkata,Open-Meteo Historical Weather API
RJ-Jodhpur,2017-08-29,29.6,34.0,27.3,1.3,1.3,2.0,77,4.53,0.116,0.246,0.326,32.2,32.1,26.26841,73.00594,ERA5,Asia/Kolkata,Open-Meteo Historical Weather API
RJ-Jodhpur,2017-08-30,29.5,33.1,27.5,5.0,5.0,3.0,78,4.21,0.139,0.243,0.324,31.3,31.5,26.26841,73.00594,ERA5,Asia/Kolkata,Open-Meteo Historical Weather API
RJ-Jodhpur,2017-08-31,28.1,30.3,26.1,3.0,3.0,6.0,79,3.23,0.167,0.243,0.323,30.0,30.5,26.26841,73.00594,ERA5,Asia/Kolkata,Open-Meteo Historical Weather API
RJ-Jodhpur,2017-09-01,27.3,29.7,25.0,0.0,0.0,0.0,78,3.4,0.164,0.243,0.322,28.9,29.5,26.26841,73.00594,ERA5,Asia/Kolkata,Open-Meteo Historical Weather API
RJ-Jodhpur,2017-09-02,26.2,28.3,25.2,1.3,1.3,7.0,85,2.16,0.16,0.243,0.321,27.8,28.7,26.26841,73.00594,ERA5,Asia/Kolkata,Open-Meteo Historical Weather API
RJ-Jodhpur,2017-09-03,27.5,31.0,24.6,5.4,5.4,12.0,82,2.15,0.204,0.243,0.32,27.8,28.1,26.26841,73.00594,ERA5,Asia/Kolkata,Open-Meteo Historical Weather API
RJ-Jodhpur,2017-09-04,28.6,32.1,26.1,0.0,0.0,0.0,75,4.74,0.193,0.244,0.318,29.4,28.6,26.26841,73.00594,ERA5,Asia/Kolkata,Open-Meteo Historical Weather API
RJ-Jodhpur,2017-09-05,28.8,31.9,26.4,0.0,0.0,0.0,73,4.65,0.159,0.241,0.316,29.9,29.3,26.26841,73.00594,ERA5,Asia/Kolkata,Open-Meteo Historical Weather API
RJ-Jodhpur,2017-09-06,28.4,31.8,25.4,0.0,0.0,0.0,72,4.65,0.132,0.239,0.314,30.0,29.3,26.26841,73.00594,ERA5,Asia/Kolkata,Open-Meteo Historical Weather API
RJ-Jodhpur,2017-09-07,29.0,33.9,24.6,0.0,0.0,0.0,68,5.07,0.111,0.236,0.312,30.9,29.7,26.26841,73.00594,ERA5,Asia/Kolkata,Open-Meteo Historical Weather API
RJ-Jodhpur,2017-09-08,30.3,35.3,25.5,0.0,0.0,0.0,62,5.6,0.093,0.233,0.311,33.0,30.7,26.26841,73.00594,ERA5,Asia/Kolkata,Open-Meteo Historical Weather API
RJ-Jodhpur,2017-09-09,31.3,36.3,26.7,0.0,0.0,0.0,62,5.52,0.087,0.229,0.309,34.1,32.0,26.26841,73.00594,ERA5,Asia/Kolkata,Open-Meteo Historical Weather API
RJ-Jodhpur,2017-09-10,31.5,35.8,27.7,0.0,0.0,0.0,63,5.83,0.081,0.226,0.307,34.8,32.9,26.26841,73.00594,ERA5,Asia/Kolkata,Open-Meteo Historical Weather API
RJ-Jodhpur,2017-09-11,31.5,35.5,28.2,0.2,0.2,1.0,59,5.35,0.081,0.223,0.305,35.6,33.5,26.26841,73.00594,ERA5,Asia/Kolkata,Open-Meteo Historical Weather API
RJ-Jodhpur,2017-09-12,30.7,35.7,26.1,0.4,0.4,3.0,64,5.02,0.084,0.221,0.304,34.1,33.5,26.26841,73.00594,ERA5,Asia/Kolkata,Open-Meteo Historical Weather API
RJ-Jodhpur,2017-09-13,30.5,34.7,27.4,0.0,0.0,0.0,63,4.86,0.083,0.219,0.303,33.8,33.2,26.26841,73.00594,ERA5,Asia/Kolkata,Open-Meteo Historical Weather API
RJ-Jodhpur,2017-09-14,30.7,36.0,27.0,0.2,0.2,1.0,64,4.91,0.083,0.217,0.301,34.4,33.3,26.26841,73.00594,ERA5,Asia/Kolkata,Open-Meteo Historical Weather API
RJ-Jodhpur,2017-09-15,30.9,36.2,27.3,0.1,0.1,1.0,64,4.68,0.084,0.217,0.301,34.6,33.7,26.26841,73.00594,ERA5,Asia/Kolkata,Open-Meteo Historical Weather API
RJ-Jodhpur,2017-09-16,29.8,35.5,26.9,0.1,0.1,1.0,67,3.8,0.086,0.217,0.3,33.3,33.3,26.26841,73.00594,ERA5,Asia/Kolkata,Open-Meteo Historical Weather API
RJ-Jodhpur,2017-09-17,30.3,36.3,25.3,0.0,0.0,0.0,63,5.17,0.087,0.217,0.3,33.0,32.6,26.26841,73.00594,ERA5,Asia/Kolkata,Open-Meteo Historical Weather API
RJ-Jodhpur,2017-09-18,31.2,37.3,26.1,0.0,0.0,0.0,57,5.16,0.078,0.215,0.298,34.0,33.1,26.26841,73.00594,ERA5,Asia/Kolkata,Open-Meteo Historical Weather API
RJ-Jodhpur,2017-09-19,32.4,38.6,28.3,0.0,0.0,0.0,51,5.91,0.074,0.213,0.297,35.3,33.9,26.26841,73.00594,ERA5,Asia/Kolkata,Open-Meteo Historical Weather API
RJ-Jodhpur,2017-09-20,32.5,38.5,27.7,0.0,0.0,0.0,51,5.93,0.073,0.212,0.296,35.4,34.2,26.26841,73.00594,ERA5,Asia/Kolkata,Open-Meteo Historical Weather API
RJ-Jodhpur,2017-09-21,33.7,40.2,29.2,0.0,0.0,0.0,45,6.7,0.071,0.209,0.294,35.7,34.5,26.26841,73.00594,ERA5,Asia/Kolkata,Open-Meteo Historical Weather API
RJ-Jodhpur,2017-09-22,32.4,38.3,28.0,0.0,0.0,0.0,50,7.59,0.072,0.207,0.293,34.9,34.4,26.26841,73.00594,ERA5,Asia/Kolkata,Open-Meteo Historical Weather API
RJ-Jodhpur,2017-09-23,31.2,35.9,27.4,0.0,0.0,0.0,54,7.01,0.07,0.206,0.291,34.2,33.9,26.26841,73.00594,ERA5,Asia/Kolkata,Open-Meteo Historical Weather API
RJ-Jodhpur,2017-09-24,30.8,35.8,27.2,0.0,0.0,0.0,54,6.39,0.069,0.204,0.29,33.9,33.5,26.26841,73.00594,ERA5,Asia/Kolkata,Open-Meteo Historical Weather API
RJ-Jodhpur,2017-09-25,30.6,35.2,26.8,0.0,0.0,0.0,56,6.3,0.068,0.203,0.289,34.0,33.4,26.26841,73.00594,ERA5,Asia/Kolkata,Open-Meteo Historical Weather API
RJ-Jodhpur,2017-09-26,30.6,35.8,25.6,0.0,0.0,0.0,56,5.86,0.067,0.202,0.288,34.0,33.3,26.26841,73.00594,ERA5,Asia/Kolkata,Open-Meteo Historical Weather API
RJ-Jodhpur,2017-09-27,31.2,36.8,26.5,0.0,0.0,0.0,51,5.79,0.067,0.201,0.287,34.3,33.5,26.26841,73.00594,ERA5,Asia/Kolkata,Open-Meteo Historical Weather API
RJ-Jodhpur,2017-09-28,31.8,37.4,26.9,0.0,0.0,0.0,47,5.91,0.067,0.199,0.285,34.7,33.9,26.26841,73.00594,ERA5,Asia/Kolkata,Open-Meteo Historical Weather API
RJ-Jodhpur,2017-09-29,31.9,37.9,27.1,0.0,0.0,0.0,43,6.17,0.067,0.199,0.284,35.1,34.1,26.26841,73.00594,ERA5,Asia/Kolkata,Open-Meteo Historical Weather API
RJ-Jodhpur,2017-09-30,32.3,38.3,27.2,0.0,0.0,0.0,40,6.1,0.066,0.197,0.283,35.3,34.3,26.26841,73.00594,ERA5,Asia/Kolkata,Open-Meteo Historical Weather API
RJ-Jodhpur,2017-10-01,31.7,38.2,26.0,0.0,0.0,0.0,38,6.58,0.067,0.196,0.282,34.5,34.2,26.26841,73.00594,ERA5,Asia/Kolkata,Open-Meteo Historical Weather API
RJ-Jodhpur,2017-10-02,31.3,37.4,26.5,0.0,0.0,0.0,39,6.26,0.067,0.195,0.28,34.1,34.0,26.26841,73.00594,ERA5,Asia/Kolkata,Open-Meteo Historical Weather API
RJ-Jodhpur,2017-10-03,31.0,38.0,25.0,0.0,0.0,0.0,40,5.97,0.067,0.194,0.279,33.7,33.7,26.26841,73.00594,ERA5,Asia/Kolkata,Open-Meteo Historical Weather API
RJ-Jodhpur,2017-10-04,31.1,37.8,25.3,0.0,0.0,0.0,40,6.18,0.069,0.194,0.279,33.7,33.7,26.26841,73.00594,ERA5,Asia/Kolkata,Open-Meteo Historical Weather API
RJ-Jodhpur,2017-10-05,31.3,38.2,25.3,0.0,0.0,0.0,39,6.04,0.068,0.193,0.277,33.7,33.6,26.26841,73.00594,ERA5,Asia/Kolkata,Open-Meteo Historical Weather API
RJ-Jodhpur,2017-10-06,30.7,38.1,24.7,0.0,0.0,0.0,42,5.63,0.069,0.193,0.277,33.4,33.5,26.26841,73.00594,ERA5,Asia/Kolkata,Open-Meteo Historical Weather API
RJ-Jodhpur,2017-10-07,30.4,37.9,23.0,0.0,0.0,0.0,41,5.65,0.07,0.194,0.277,32.8,33.1,26.26841,73.00594,ERA5,Asia/Kolkata,Open-Meteo Historical Weather API
RJ-Jodhpur,2017-10-08,30.1,38.0,23.2,0.0,0.0,0.0,42,5.48,0.069,0.194,0.276,32.7,32.9,26.26841,73.00594,ERA5,Asia/Kolkata,Open-Meteo Historical Weather API
RJ-Jodhpur,2017-10-09,30.3,38.5,23.0,0.0,0.0,0.0,42,5.87,0.069,0.193,0.276,32.8,32.9,26.26841,73.00594,ERA5,Asia/Kolkata,Open-Meteo Historical Weather API
RJ-Jodhpur,2017-10-10,30.1,38.6,22.5,0.0,0.0,0.0,41,5.43,0.068,0.193,0.275,32.9,33.0,26.26841,73.00594,ERA5,Asia/Kolkata,Open-Meteo Historical Weather API
RJ-Jodhpur,2017-10-11,30.6,38.5,23.6,0.0,0.0,0.0,39,5.27,0.069,0.193,0.274,32.9,33.1,26.26841,73.00594,ERA5,Asia/Kolkata,Open-Meteo Historical Weather API
RJ-Jodhpur,2017-10-12,29.3,37.9,22.3,0.0,0.0,0.0,43,4.63,0.071,0.193,0.274,31.6,32.5,26.26841,73.00594,ERA5,Asia/Kolkata,Open-Meteo Historical Weather API
RJ-Jodhpur,2017-10-13,29.8,38.0,23.4,0.0,0.0,0.0,49,5.56,0.071,0.192,0.274,32.2,32.2,26.26841,73.00594,ERA5,Asia/Kolkata,Open-Meteo Historical Weather API
RJ-Jodhpur,2017-10-14,30.2,38.3,24.4,0.0,0.0,0.0,40,6.34,0.071,0.192,0.273,32.2,32.3,26.26841,73.00594,ERA5,Asia/Kolkata,Open-Meteo Historical Weather API
RJ-Jodhpur,2017-10-15,29.6,38.9,22.1,0.0,0.0,0.0,37,6.8,0.071,0.191,0.272,31.1,32.0,26.26841,73.00594,ERA5,Asia/Kolkata,Open-Meteo Historical Weather API
RJ-Jodhpur,2017-10-16,29.3,38.4,22.2,0.0,0.0,0.0,35,6.29,0.072,0.191,0.271,31.1,31.7,26.26841,73.00594,ERA5,Asia/Kolkata,Open-Meteo Historical Weather API
RJ-Jodhpur,2017-10-17,29.6,38.6,22.4,0.0,0.0,0.0,39,5.49,0.071,0.19,0.271,31.1,31.6,26.26841,73.00594,ERA5,Asia/Kolkata,Open-Meteo Historical Weather API
RJ-Jodhpur,2017-10-18,28.4,38.7,21.0,0.0,0.0,0.0,42,5.15,0.072,0.19,0.27,30.3,31.3,26.26841,73.00594,ERA5,Asia/Kolkata,Open-Meteo Historical Weather API
RJ-Jodhpur,2017-10-19,28.1,37.8,20.1,0.0,0.0,0.0,42,4.93,0.073,0.191,0.27,29.9,30.7,26.26841,73.00594,ERA5,Asia/Kolkata,Open-Meteo Historical Weather API
RJ-Jodhpur,2017-10-20,27.6,37.4,19.3,0.0,0.0,0.0,41,5.2,0.073,0.191,0.27,30.0,30.6,26.26841,73.00594,ERA5,Asia/Kolkata,Open-Meteo Historical Weather API
RJ-Jodhpur,2017-10-21,28.7,38.1,20.9,0.0,0.0,0.0,38,6.07,0.074,0.19,0.269,30.0,30.7,26.26841,73.00594,ERA5,Asia/Kolkata,Open-Meteo Historical Weather API
RJ-Jodhpur,2017-10-22,27.3,36.5,21.1,0.0,0.0,0.0,36,6.49,0.075,0.19,0.269,29.2,30.5,26.26841,73.00594,ERA5,Asia/Kolkata,Open-Meteo Historical Weather API
RJ-Jodhpur,2017-10-23,26.6,35.1,19.2,0.0,0.0,0.0,36,5.47,0.074,0.19,0.269,28.7,29.7,26.26841,73.00594,ERA5,Asia/Kolkata,Open-Meteo Historical Weather API
RJ-Jodhpur,2017-10-24,27.0,35.2,19.8,0.0,0.0,0.0,39,4.86,0.074,0.19,0.269,28.6,29.3,26.26841,73.00594,ERA5,Asia/Kolkata,Open-Meteo Historical Weather API
RJ-Jodhpur,2017-10-25,26.5,36.5,18.9,0.0,0.0,0.0,45,5.05,0.077,0.191,0.269,27.9,29.1,26.26841,73.00594,ERA5,Asia/Kolkata,Open-Meteo Historical Weather API
RJ-Jodhpur,2017-10-26,27.2,35.9,19.9,0.0,0.0,0.0,42,5.65,0.075,0.191,0.268,28.7,29.2,26.26841,73.00594,ERA5,Asia/Kolkata,Open-Meteo Historical Weather API
RJ-Jodhpur,2017-10-27,27.5,34.4,21.2,0.0,0.0,0.0,41,4.2,0.074,0.19,0.268,29.0,29.7,26.26841,73.00594,ERA5,Asia/Kolkata,Open-Meteo Historical Weather API
RJ-Jodhpur,2017-10-28,27.5,35.1,21.7,0.0,0.0,0.0,41,4.95,0.073,0.19,0.268,29.8,29.9,26.26841,73.00594,ERA5,Asia/Kolkata,Open-Meteo Historical Weather API
RJ-Jodhpur,2017-10-29,27.5,35.0,22.0,0.0,0.0,0.0,41,4.5,0.072,0.189,0.267,29.6,30.0,26.26841,73.00594,ERA5,Asia/Kolkata,Open-Meteo Historical Weather API
RJ-Jodhpur,2017-10-30,26.7,35.3,19.9,0.0,0.0,0.0,42,4.34,0.073,0.189,0.266,28.9,29.7,26.26841,73.00594,ERA5,Asia/Kolkata,Open-Meteo Historical Weather API
RJ-Jodhpur,2017-10-31,25.8,34.9,19.1,0.0,0.0,0.0,40,4.69,0.072,0.189,0.266,28.0,29.2,26.26841,73.00594,ERA5,Asia/Kolkata,Open-Meteo Historical Weather API
RJ-Jodhpur,2017-11-01,26.0,34.6,20.1,0.0,0.0,0.0,40,4.69,0.076,0.189,0.266,27.6,28.8,26.26841,73.00594,ERA5,Asia/Kolkata,Open-Meteo Historical Weather API
RJ-Jodhpur,2017-11-02,26.1,35.2,19.4,0.0,0.0,0.0,39,4.55,0.073,0.189,0.265,27.6,28.6,26.26841,73.00594,ERA5,Asia/Kolkata,Open-Meteo Historical Weather API
RJ-Jodhpur,2017-11-03,25.9,34.5,20.2,0.0,0.0,0.0,38,4.06,0.072,0.188,0.265,27.4,28.5,26.26841,73.00594,ERA5,Asia/Kolkata,Open-Meteo Historical Weather API
RJ-Jodhpur,2017-11-04,24.7,33.5,18.0,0.0,0.0,0.0,43,4.87,0.072,0.188,0.264,27.1,28.3,26.26841,73.00594,ERA5,Asia/Kolkata,Open-Meteo Historical Weather API
RJ-Jodhpur,2017-11-05,24.4,32.3,19.2,0.0,0.0,0.0,48,4.76,0.073,0.189,0.265,27.0,28.2,26.26841,73.00594,ERA5,Asia/Kolkata,Open-Meteo Historical Weather API
RJ-Jodhpur,2017-11-06,24.0,32.1,17.4,0.0,0.0,0.0,52,4.26,0.073,0.189,0.265,26.7,27.9,26.26841,73.00594,ERA5,Asia/Kolkata,Open-Meteo Historical Weather API
RJ-Jodhpur,2017-11-07,24.4,32.5,17.3,0.0,0.0,0.0,48,3.95,0.071,0.189,0.265,26.7,27.7,26.26841,73.00594,ERA5,Asia/Kolkata,Open-Meteo Historical Weather API
RJ-Jodhpur,2017-11-08,25.0,32.6,18.4,0.0,0.0,0.0,48,3.73,0.071,0.189,0.264,26.9,27.9,26.26841,73.00594,ERA5,Asia/Kolkata,Open-Meteo Historical Weather API
RJ-Jodhpur,2017-11-09,24.9,32.0,19.0,0.0,0.0,0.0,45,3.71,0.072,0.188,0.264,26.8,27.9,26.26841,73.00594,ERA5,Asia/Kolkata,Open-Meteo Historical Weather API
RJ-Jodhpur,2017-11-10,24.5,31.9,18.9,0.0,0.0,0.0,44,4.21,0.068,0.188,0.263,26.7,27.8,26.26841,73.00594,ERA5,Asia/Kolkata,Open-Meteo Historical Weather API
RJ-Jodhpur,2017-11-11,24.0,31.9,18.9,0.0,0.0,0.0,42,4.28,0.067,0.188,0.263,26.4,27.6,26.26841,73.00594,ERA5,Asia/Kolkata,Open-Meteo Historical Weather API
RJ-Jodhpur,2017-11-12,23.2,31.7,17.4,0.0,0.0,0.0,44,4.11,0.063,0.188,0.263,25.9,27.3,26.26841,73.00594,ERA5,Asia/Kolkata,Open-Meteo Historical Weather API
RJ-Jodhpur,2017-11-13,23.0,30.7,17.1,0.0,0.0,0.0,45,4.53,0.066,0.189,0.263,25.4,27.0,26.26841,73.00594,ERA5,Asia/Kolkata,Open-Meteo Historical Weather API
RJ-Jodhpur,2017-11-14,22.3,30.1,16.2,0.0,0.0,0.0,51,4.0,0.069,0.19,0.264,24.6,26.4,26.26841,73.00594,ERA5,Asia/Kolkata,Open-Meteo Historical Weather API
RJ-Jodhpur,2017-11-15,22.4,28.0,18.1,0.0,0.0,0.0,52,3.83,0.086,0.192,0.265,24.9,26.4,26.26841,73.00594,ERA5,Asia/Kolkata,Open-Meteo Historical Weather API
RJ-Jodhpur,2017-11-16,21.5,27.4,17.7,0.0,0.0,0.0,62,4.01,0.093,0.194,0.267,23.8,25.7,26.26841,73.00594,ERA5,Asia/Kolkata,Open-Meteo Historical Weather API
RJ-Jodhpur,2017-11-17,21.4,26.6,17.5,0.0,0.0,0.0,62,3.95,0.086,0.194,0.266,23.8,25.2,26.26841,73.00594,ERA5,Asia/Kolkata,Open-Meteo Historical Weather API
RJ-Jodhpur,2017-11-18,20.9,25.6,17.2,0.0,0.0,0.0,61,3.82,0.079,0.193,0.266,23.6,25.0,26.26841,73.00594,ERA5,Asia/Kolkata,Open-Meteo Historical Weather API
RJ-Jodhpur,2017-11-19,20.2,25.8,16.5,0.0,0.0,0.0,43,4.66,0.081,0.193,0.265,22.9,24.6,26.26841,73.00594,ERA5,Asia/Kolkata,Open-Meteo Historical Weather API
RJ-Jodhpur,2017-11-20,18.6,26.3,13.1,0.0,0.0,0.0,39,4.51,0.084,0.193,0.265,21.3,23.7,26.26841,73.00594,ERA5,Asia/Kolkata,Open-Meteo Historical Weather API
RJ-Jodhpur,2017-11-21,18.2,26.6,12.1,0.0,0.0,0.0,40,4.21,0.082,0.192,0.264,20.8,23.0,26.26841,73.00594,ERA5,Asia/Kolkata,Open-Meteo Historical Weather API
RJ-Jodhpur,2017-11-22,18.2,26.6,11.6,0.0,0.0,0.0,41,4.27,0.082,0.19,0.263,20.5,22.5,26.26841,73.00594,ERA5,Asia/Kolkata,Open-Meteo Historical Weather API
RJ-Jodhpur,2017-11-23,17.9,27.4,10.4,0.0,0.0,0.0,41,4.04,0.08,0.189,0.262,20.1,22.1,26.26841,73.00594,ERA5,Asia/Kolkata,Open-Meteo Historical Weather API
RJ-Jodhpur,2017-11-24,18.4,28.5,10.8,0.0,0.0,0.0,43,3.84,0.079,0.188,0.262,20.2,21.9,26.26841,73.00594,ERA5,Asia/Kolkata,Open-Meteo Historical Weather API
RJ-Jodhpur,2017-11-25,19.0,29.3,10.4,0.0,0.0,0.0,46,3.41,0.081,0.189,0.262,20.4,22.0,26.26841,73.00594,ERA5,Asia/Kolkata,Open-Meteo Historical Weather API
RJ-Jodhpur,2017-11-26,19.5,30.2,11.3,0.0,0.0,0.0,47,3.81,0.081,0.189,0.263,20.8,22.2,26.26841,73.00594,ERA5,Asia/Kolkata,Open-Meteo Historical Weather API
RJ-Jodhpur,2017-11-27,20.3,30.3,12.1,0.0,0.0,0.0,38,3.67,0.08,0.19,0.262,21.3,22.4,26.26841,73.00594,ERA5,Asia/Kolkata,Open-Meteo Historical Weather API
RJ-Jodhpur,2017-11-28,19.6,29.8,11.1,0.0,0.0,0.0,47,3.48,0.078,0.191,0.262,20.8,22.2,26.26841,73.00594,ERA5,Asia/Kolkata,Open-Meteo Historical Weather API
RJ-Jodhpur,2017-11-29,19.6,29.6,11.5,0.0,0.0,0.0,50,3.22,0.078,0.192,0.262,20.9,22.2,26.26841,73.00594,ERA5,Asia/Kolkata,Open-Meteo Historical Weather API
RJ-Jodhpur,2017-11-30,19.9,30.1,12.2,0.0,0.0,0.0,45,3.91,0.08,0.192,0.262,21.2,22.3,26.26841,73.00594,ERA5,Asia/Kolkata,Open-Meteo Historical Weather API
RJ-Jodhpur,2017-12-01,20.7,29.2,15.0,0.0,0.0,0.0,44,4.08,0.079,0.192,0.262,22.1,22.6,26.26841,73.00594,ERA5,Asia/Kolkata,Open-Meteo Historical Weather API
RJ-Jodhpur,2017-12-02,20.2,28.4,14.3,0.0,0.0,0.0,48,3.97,0.078,0.191,0.261,21.9,22.7,26.26841,73.00594,ERA5,Asia/Kolkata,Open-Meteo Historical Weather API
RJ-Jodhpur,2017-12-03,19.5,27.3,14.6,0.0,0.0,0.0,48,3.47,0.08,0.192,0.262,21.0,22.6,26.26841,73.00594,ERA5,Asia/Kolkata,Open-Meteo Historical Weather API
RJ-Jodhpur,2017-12-04,18.8,25.9,13.8,0.0,0.0,0.0,50,3.43,0.08,0.192,0.262,20.5,22.1,26.26841,73.00594,ERA5,Asia/Kolkata,Open-Meteo Historical Weather API
RJ-Jodhpur,2017-12-05,18.2,21.9,15.6,0.0,0.0,0.0,56,2.17,0.082,0.192,0.262,19.2,21.6,26.26841,73.00594,ERA5,Asia/Kolkata,Open-Meteo Historical Weather API
RJ-Jodhpur,2017-12-06,18.3,22.8,15.4,0.0,0.0,0.0,59,2.2,0.087,0.192,0.262,19.2,21.0,26.26841,73.00594,ERA5,Asia/Kolkata,Open-Meteo Historical Weather API
RJ-Jodhpur,2017-12-07,18.1,24.9,13.7,0.0,0.0,0.0,44,4.12,0.098,0.193,0.262,19.4,20.7,26.26841,73.00594,ERA5,Asia/Kolkata,Open-Meteo Historical Weather API
RJ-Jodhpur,2017-12-08,17.9,26.5,11.9,0.0,0.0,0.0,38,4.32,0.094,0.193,0.262,19.1,20.4,26.26841,73.00594,ERA5,Asia/Kolkata,Open-Meteo Historical Weather API
RJ-Jodhpur,2017-12-09,20.2,29.1,12.9,0.0,0.0,0.0,54,3.58,0.091,0.192,0.262,21.0,20.7,26.26841,73.00594,ERA5,Asia/Kolkata,Open-Meteo Historical Weather API
RJ-Jodhpur,2017-12-10,20.3,24.5,17.2,0.9,0.9,2.0,66,2.05,0.096,0.192,0.262,20.9,21.7,26.26841,73.00594,ERA5,Asia/Kolkata,Open-Meteo Historical Weather API
RJ-Jodhpur,2017-12-11,18.8,24.3,14.4,0.9,0.9,3.0,68,2.95,0.108,0.193,0.262,20.5,21.6,26.26841,73.00594,ERA5,Asia/Kolkata,Open-Meteo Historical Weather API
RJ-Jodhpur,2017-12-12,15.3,22.0,10.5,0.0,0.0,0.0,74,2.4,0.101,0.191,0.261,19.0,20.4,26.26841,73.00594,ERA5,Asia/Kolkata,Open-Meteo Historical Weather API
RJ-Jodhpur,2017-12-13,15.7,22.7,9.5,0.0,0.0,0.0,57,3.33,0.092,0.191,0.261,17.7,19.3,26.26841,73.00594,ERA5,Asia/Kolkata,Open-Meteo Historical Weather API
RJ-Jodhpur,2017-12-14,16.7,22.4,12.1,0.0,0.0,0.0,56,3.45,0.085,0.191,0.262,18.1,19.5,26.26841,73.00594,ERA5,Asia/Kolkata,Open-Meteo Historical Weather API
RJ-Jodhpur,2017-12-15,16.7,22.3,11.7,0.0,0.0,0.0,54,3.86,0.078,0.191,0.261,18.5,19.9,26.26841,73.00594,ERA5,Asia/Kolkata,Open-Meteo Historical Weather API
RJ-Jodhpur,2017-12-16,16.3,23.3,11.3,0.0,0.0,0.0,47,4.08,0.071,0.189,0.26,18.4,19.9,26.26841,73.00594,ERA5,Asia/Kolkata,Open-Meteo Historical Weather API
RJ-Jodhpur,2017-12-17,16.7,25.3,9.6,0.0,0.0,0.0,37,4.43,0.064,0.187,0.258,18.2,19.4,26.26841,73.00594,ERA5,Asia/Kolkata,Open-Meteo Historical Weather API
RJ-Jodhpur,2017-12-18,17.9,27.1,10.7,0.0,0.0,0.0,33,4.41,0.066,0.186,0.257,19.1,19.5,26.26841,73.00594,ERA5,Asia/Kolkata,Open-Meteo Historical Weather API
RJ-Jodhpur,2017-12-19,18.1,27.2,10.7,0.0,0.0,0.0,37,4.27,0.07,0.186,0.257,19.2,19.8,26.26841,73.00594,ERA5,Asia/Kolkata,Open-Meteo Historical Weather API
RJ-Jodhpur,2017-12-20,19.8,27.2,14.7,0.0,0.0,0.0,38,4.26,0.073,0.187,0.257,20.3,20.4,26.26841,73.00594,ERA5,Asia/Kolkata,Open-Meteo Historical Weather API
RJ-Jodhpur,2017-12-21,20.4,28.2,14.3,0.0,0.0,0.0,41,4.65,0.07,0.185,0.256,21.0,21.0,26.26841,73.00594,ERA5,Asia/Kolkata,Open-Meteo Historical Weather API
RJ-Jodhpur,2017-12-22,18.9,26.3,13.4,0.0,0.0,0.0,48,3.82,0.069,0.184,0.255,20.1,21.1,26.26841,73.00594,ERA5,Asia/Kolkata,Open-Meteo Historical Weather API
RJ-Jodhpur,2017-12-23,18.0,26.6,11.4,0.0,0.0,0.0,44,3.14,0.07,0.183,0.255,19.3,20.5,26.26841,73.00594,ERA5,Asia/Kolkata,Open-Meteo Historical Weather API
RJ-Jodhpur,2017-12-24,17.4,26.4,10.0,0.0,0.0,0.0,47,3.22,0.072,0.183,0.255,19.0,20.1,26.26841,73.00594,ERA5,Asia/Kolkata,Open-Meteo Historical Weather API
RJ-Jodhpur,2017-12-25,17.6,26.6,10.4,0.0,0.0,0.0,43,3.87,0.075,0.183,0.255,18.9,20.1,26.26841,73.00594,ERA5,Asia/Kolkata,Open-Meteo Historical Weather API
RJ-Jodhpur,2017-12-26,17.7,27.2,10.9,0.0,0.0,0.0,42,3.82,0.071,0.182,0.254,19.0,20.0,26.26841,73.00594,ERA5,Asia/Kolkata,Open-Meteo Historical Weather API
RJ-Jodhpur,2017-12-27,18.1,27.6,9.7,0.0,0.0,0.0,45,3.29,0.072,0.182,0.254,19.1,20.0,26.26841,73.00594,ERA5,Asia/Kolkata,Open-Meteo Historical Weather API
RJ-Jodhpur,2017-12-28,18.0,27.7,10.6,0.0,0.0,0.0,50,3.47,0.078,0.183,0.255,19.2,20.0,26.26841,73.00594,ERA5,Asia/Kolkata,Open-Meteo Historical Weather API
RJ-Jodhpur,2017-12-29,18.5,26.0,12.0,0.0,0.0,0.0,47,4.02,0.081,0.184,0.255,19.5,20.2,26.26841,73.00594,ERA5,Asia/Kolkata,Open-Meteo Historical Weather API
RJ-Jodhpur,2017-12-30,17.8,25.4,11.7,0.0,0.0,0.0,49,4.01,0.084,0.183,0.255,19.2,20.4,26.26841,73.00594,ERA5,Asia/Kolkata,Open-Meteo Historical Weather API
RJ-Jodhpur,2017-12-31,16.5,25.2,10.2,0.0,0.0,0.0,41,3.99,0.084,0.183,0.255,18.2,19.9,26.26841,73.00594,ERA5,Asia/Kolkata,Open-Meteo Historical Weather API
RJ-Jodhpur,2018-01-01,15.4,24.8,8.1,0.0,0.0,0.0,43,3.88,0.085,0.183,0.254,17.1,19.2,26.26841,73.00594,ERA5,Asia/Kolkata,Open-Meteo Historical Weather API
RJ-Jodhpur,2018-01-02,15.6,25.4,8.2,0.0,0.0,0.0,43,3.83,0.082,0.181,0.254,17.1,18.6,26.26841,73.00594,ERA5,Asia/Kolkata,Open-Meteo Historical Weather API
RJ-Jodhpur,2018-01-03,16.0,25.3,9.3,0.0,0.0,0.0,44,3.59,0.081,0.18,0.253,17.3,18.6,26.26841,73.00594,ERA5,Asia/Kolkata,Open-Meteo Historical Weather API
RJ-Jodhpur,2018-01-04,15.9,24.9,7.8,0.0,0.0,0.0,43,3.55,0.08,0.18,0.252,16.7,18.3,26.26841,73.00594,ERA5,Asia/Kolkata,Open-Meteo Historical Weather API
RJ-Jodhpur,2018-01-05,16.8,24.5,8.6,0.0,0.0,0.0,49,3.1,0.082,0.179,0.251,17.2,18.3,26.26841,73.00594,ERA5,Asia/Kolkata,Open-Meteo Historical Weather API
RJ-Jodhpur,2018-01-06,16.1,23.8,9.4,0.0,0.0,0.0,48,3.63,0.085,0.18,0.251,17.9,18.7,26.26841,73.00594,ERA5,Asia/Kolkata,Open-Meteo Historical Weather API
RJ-Jodhpur,2018-01-07,15.2,23.2,9.1,0.0,0.0,0.0,55,3.25,0.08,0.178,0.25,17.4,18.6,26.26841,73.00594,ERA5,Asia/Kolkata,Open-Meteo Historical Weather API
RJ-Jodhpur,2018-01-08,15.7,24.3,8.7,0.0,0.0,0.0,44,3.76,0.076,0.177,0.249,17.4,18.3,26.26841,73.00594,ERA5,Asia/Kolkata,Open-Meteo Historical Weather API
RJ-Jodhpur,2018-01-09,17.0,25.0,10.7,0.0,0.0,0.0,42,4.02,0.078,0.178,0.249,18.1,18.7,26.26841,73.00594,ERA5,Asia/Kolkata,Open-Meteo Historical Weather API
RJ-Jodhpur,2018-01-10,17.6,25.6,11.6,0.0,0.0,0.0,39,4.12,0.078,0.178,0.25,18.7,19.1,26.26841,73.00594,ERA5,Asia/Kolkata,Open-Meteo Historical Weather API
RJ-Jodhpur,2018-01-11,17.2,25.7,10.5,0.0,0.0,0.0,40,3.77,0.073,0.177,0.249,18.9,19.3,26.26841,73.00594,ERA5,Asia/Kolkata,Open-Meteo Historical Weather API
RJ-Jodhpur,2018-01-12,18.3,27.4,10.8,0.0,0.0,0.0,38,3.18,0.074,0.178,0.249,19.2,19.6,26.26841,73.00594,ERA5,Asia/Kolkata,Open-Meteo Historical Weather API
RJ-Jodhpur,2018-01-13,19.7,28.1,12.3,0.0,0.0,0.0,44,3.53,0.073,0.178,0.249,20.5,20.3,26.26841,73.00594,ERA5,Asia/Kolkata,Open-Meteo Historical Weather API
RJ-Jodhpur,2018-01-14,20.3,28.9,13.5,0.0,0.0,0.0,43,4.04,0.079,0.178,0.249,21.4,21.1,26.26841,73.00594,ERA5,Asia/Kolkata,Open-Meteo Historical Weather API
RJ-Jodhpur,2018-01-15,19.2,27.8,12.0,0.0,0.0,0.0,40,4.09,0.08,0.177,0.248,20.6,20.9,26.26841,73.00594,ERA5,Asia/Kolkata,Open-Meteo Historical Weather API
RJ-Jodhpur,2018-01-16,18.5,28.8,9.3,0.0,0.0,0.0,41,4.07,0.078,0.176,0.247,19.6,20.2,26.26841,73.00594,ERA5,Asia/Kolkata,Open-Meteo Historical Weather API
RJ-Jodhpur,2018-01-17,19.3,27.6,12.9,0.0,0.0,0.0,51,3.95,0.077,0.176,0.246,20.0,20.3,26.26841,73.00594,ERA5,Asia/Kolkata,Open-Meteo Historical Weather API
RJ-Jodhpur,2018-01-18,18.3,27.0,10.6,0.0,0.0,0.0,50,3.6,0.08,0.176,0.247,19.4,20.1,26.26841,73.00594,ERA5,Asia/Kolkata,Open-Meteo Historical Weather API
RJ-Jodhpur,2018-01-19,18.5,26.5,12.2,0.0,0.0,0.0,52,4.02,0.08,0.177,0.247,19.9,20.2,26.26841,73.00594,ERA5,Asia/Kolkata,Open-Meteo Historical Weather API
RJ-Jodhpur,2018-01-20,17.4,25.4,10.5,0.0,0.0,0.0,47,3.97,0.078,0.177,0.247,19.3,20.1,26.26841,73.00594,ERA5,Asia/Kolkata,Open-Meteo Historical Weather API
RJ-Jodhpur,2018-01-21,17.2,27.2,8.7,0.0,0.0,0.0,45,3.67,0.079,0.177,0.247,18.7,19.6,26.26841,73.00594,ERA5,Asia/Kolkata,Open-Meteo Historical Weather API
RJ-Jodhpur,2018-01-22,18.1,27.0,10.4,0.0,0.0,0.0,48,4.04,0.078,0.177,0.247,19.3,19.6,26.26841,73.00594,ERA5,Asia/Kolkata,Open-Meteo Historical Weather API
RJ-Jodhpur,2018-01-23,18.4,24.9,13.9,0.0,0.0,0.0,44,4.48,0.081,0.178,0.248,19.8,20.1,26.26841,73.00594,ERA5,Asia/Kolkata,Open-Meteo Historical Weather API
RJ-Jodhpur,2018-01-24,16.0,23.0,9.6,0.0,0.0,0.0,51,3.56,0.086,0.179,0.248,18.5,19.5,26.26841,73.00594,ERA5,Asia/Kolkata,Open-Meteo Historical Weather API
RJ-Jodhpur,2018-01-25,16.9,24.6,9.4,0.0,0.0,0.0,47,3.64,0.085,0.179,0.248,18.0,19.0,26.26841,73.00594,ERA5,Asia/Kolkata,Open-Meteo Historical Weather API
RJ-Jodhpur,2018-01-26,17.9,26.2,8.4,0.0,0.0,0.0,41,3.4,0.083,0.179,0.249,17.8,18.9,26.26841,73.00594,ERA5,Asia/Kolkata,Open-Meteo Historical Weather API
RJ-Jodhpur,2018-01-27,17.4,27.3,9.2,0.0,0.0,0.0,44,3.56,0.08,0.179,0.248,18.6,19.0,26.26841,73.00594,ERA5,Asia/Kolkata,Open-Meteo Historical Weather API
RJ-Jodhpur,2018-01-28,17.8,27.0,10.2,0.0,0.0,0.0,42,4.0,0.076,0.178,0.247,19.3,19.4,26.26841,73.00594,ERA5,Asia/Kolkata,Open-Meteo Historical Weather API
RJ-Jodhpur,2018-01-29,19.2,29.6,11.5,0.0,0.0,0.0,37,3.72,0.073,0.177,0.245,20.2,19.9,26.26841,73.00594,ERA5,Asia/Kolkata,Open-Meteo Historical Weather API
RJ-Jodhpur,2018-01-30,19.7,29.8,11.3,0.0,0.0,0.0,40,4.28,0.071,0.176,0.244,20.8,20.4,26.26841,73.00594,ERA5,Asia/Kolkata,Open-Meteo Historical Weather API
RJ-Jodhpur,2018-01-31,21.2,30.7,13.3,0.0,0.0,0.0,40,4.3,0.069,0.175,0.243,22.0,21.1,26.26841,73.00594,ERA5,Asia/Kolkata,Open-Meteo Historical Weather API
RJ-Jodhpur,2018-02-01,21.0,29.3,13.3,0.0,0.0,0.0,42,4.33,0.072,0.175,0.243,21.7,21.4,26.26841,73.00594,ERA5,Asia/Kolkata,Open-Meteo Historical Weather API
RJ-Jodhpur,2018-02-02,19.6,27.4,13.5,0.0,0.0,0.0,47,4.34,0.076,0.175,0.243,21.4,21.4,26.26841,73.00594,ERA5,Asia/Kolkata,Open-Meteo Historical Weather API
RJ-Jodhpur,2018-02-03,19.2,26.5,13.1,0.0,0.0,0.0,35,4.76,0.076,0.175,0.243,20.9,21.1,26.26841,73.00594,ERA5,Asia/Kolkata,Open-Meteo Historical Weather API
RJ-Jodhpur,2018-02-04,18.8,26.1,12.8,0.0,0.0,0.0,29,5.37,0.079,0.175,0.243,20.2,20.7,26.26841,73.00594,ERA5,Asia/Kolkata,Open-Meteo Historical Weather API
RJ-Jodhpur,2018-02-05,19.1,25.6,13.5,0.0,0.0,0.0,33,4.64,0.086,0.177,0.244,19.8,20.4,26.26841,73.00594,ERA5,Asia/Kolkata,Open-Meteo Historical Weather API
RJ-Jodhpur,2018-02-06,19.3,25.3,14.5,0.0,0.0,0.0,40,4.37,0.087,0.178,0.245,19.8,20.6,26.26841,73.00594,ERA5,Asia/Kolkata,Open-Meteo Historical Weather API
RJ-Jodhpur,2018-02-07,19.0,26.6,13.9,0.0,0.0,0.0,25,5.33,0.078,0.177,0.244,20.4,20.6,26.26841,73.00594,ERA5,Asia/Kolkata,Open-Meteo Historical Weather API
RJ-Jodhpur,2018-02-08,17.3,25.9,9.1,0.0,0.0,0.0,30,3.83,0.076,0.177,0.244,18.8,20.0,26.26841,73.00594,ERA5,Asia/Kolkata,Open-Meteo Historical Weather API
RJ-Jodhpur,2018-02-09,18.3,27.8,9.2,0.0,0.0,0.0,31,4.45,0.075,0.176,0.244,19.5,19.8,26.26841,73.00594,ERA5,Asia/Kolkata,Open-Meteo Historical Weather API
RJ-Jodhpur,2018-02-10,19.9,28.9,11.9,0.0,0.0,0.0,33,4.75,0.075,0.176,0.243,20.5,20.3,26.26841,73.00594,ERA5,Asia/Kolkata,Open-Meteo Historical Weather API
RJ-Jodhpur,2018-02-11,20.5,26.8,15.1,0.0,0.0,0.0,37,5.01,0.078,0.176,0.243,21.5,21.1,26.26841,73.00594,ERA5,Asia/Kolkata,Open-Meteo Historical Weather API
RJ-Jodhpur,2018-02-12,18.6,25.7,11.9,0.0,0.0,0.0,48,3.96,0.081,0.177,0.243,21.2,21.2,26.26841,73.00594,ERA5,Asia/Kolkata,Open-Meteo Historical Weather API
RJ-Jodhpur,2018-02-13,19.4,27.4,12.6,0.0,0.0,0.0,40,4.99,0.079,0.178,0.244,20.8,20.9,26.26841,73.00594,ERA5,Asia/Kolkata,Open-Meteo Historical Weather API
RJ-Jodhpur,2018-02-14,20.1,27.2,14.3,0.0,0.0,0.0,41,5.01,0.077,0.178,0.244,21.8,21.3,26.26841,73.00594,ERA5,Asia/Kolkata,Open-Meteo Historical Weather API
RJ-Jodhpur,2018-02-15,21.1,29.3,13.9,0.0,0.0,0.0,42,4.26,0.073,0.177,0.243,22.9,21.9,26.26841,73.00594,ERA5,Asia/Kolkata,Open-Meteo Historical Weather API
RJ-Jodhpur,2018-02-16,22.2,30.5,14.1,0.0,0.0,0.0,39,4.66,0.068,0.176,0.243,23.6,22.6,26.26841,73.00594,ERA5,Asia/Kolkata,Open-Meteo Historical Weather API
RJ-Jodhpur,2018-02-17,22.3,31.1,13.9,0.0,0.0,0.0,38,5.32,0.069,0.176,0.242,24.0,23.0,26.26841,73.00594,ERA5,Asia/Kolkata,Open-Meteo Historical Weather API
RJ-Jodhpur,2018-02-18,23.0,31.0,15.2,0.0,0.0,0.0,37,4.55,0.07,0.176,0.242,24.5,23.4,26.26841,73.00594,ERA5,Asia/Kolkata,Open-Meteo Historical Weather API
RJ-Jodhpur,2018-02-19,23.9,33.1,15.3,0.0,0.0,0.0,36,4.34,0.071,0.177,0.243,24.9,23.8,26.26841,73.00594,ERA5,Asia/Kolkata,Open-Meteo Historical Weather API
RJ-Jodhpur,2018-02-20,24.7,33.5,16.9,0.0,0.0,0.0,37,5.13,0.071,0.177,0.243,25.9,24.3,26.26841,73.00594,ERA5,Asia/Kolkata,Open-Meteo Historical Weather API
RJ-Jodhpur,2018-02-21,25.5,33.9,17.8,0.0,0.0,0.0,39,5.3,0.07,0.177,0.243,26.5,24.9,26.26841,73.00594,ERA5,Asia/Kolkata,Open-Meteo Historical Weather API
RJ-Jodhpur,2018-02-22,25.9,34.1,19.2,0.0,0.0,0.0,36,5.59,0.07,0.177,0.242,27.1,25.4,26.26841,73.00594,ERA5,Asia/Kolkata,Open-Meteo Historical Weather API
RJ-Jodhpur,2018-02-23,25.5,32.5,19.2,0.0,0.0,0.0,37,5.4,0.07,0.177,0.242,26.3,25.5,26.26841,73.00594,ERA5,Asia/Kolkata,Open-Meteo Historical Weather API
RJ-Jodhpur,2018-02-24,25.5,32.6,19.4,0.0,0.0,0.0,38,6.21,0.07,0.177,0.242,26.9,25.5,26.26841,73.00594,ERA5,Asia/Kolkata,Open-Meteo Historical Weather API
RJ-Jodhpur,2018-02-25,25.2,31.6,19.9,0.0,0.0,0.0,42,6.42,0.072,0.176,0.242,27.1,25.9,26.26841,73.00594,ERA5,Asia/Kolkata,Open-Meteo Historical Weather API
RJ-Jodhpur,2018-02-26,24.8,31.7,18.6,0.0,0.0,0.0,42,5.45,0.068,0.175,0.241,27.2,25.8,26.26841,73.00594,ERA5,Asia/Kolkata,Open-Meteo Historical Weather API
RJ-Jodhpur,2018-02-27,26.0,33.8,19.5,0.0,0.0,0.0,41,5.17,0.07,0.174,0.24,27.9,26.3,26.26841,73.00594,ERA5,Asia/Kolkata,Open-Meteo Historical Weather API
RJ-Jodhpur,2018-02-28,26.3,33.6,19.0,0.0,0.0,0.0,39,5.47,0.07,0.174,0.24,27.9,26.7,26.26841,73.00594,ERA5,Asia/Kolkata,Open-Meteo Historical Weather API
RJ-Jodhpur,2018-03-01,26.6,34.4,20.4,0.0,0.0,0.0,36,6.22,0.071,0.174,0.24,28.0,26.9,26.26841,73.00594,ERA5,Asia/Kolkata,Open-Meteo Historical Weather API
RJ-Jodhpur,2018-03-02,26.4,34.0,19.7,0.0,0.0,0.0,34,5.99,0.071,0.174,0.24,28.1,26.8,26.26841,73.00594,ERA5,Asia/Kolkata,Open-Meteo Historical Weather API
RJ-Jodhpur,2018-03-03,26.7,33.6,20.6,0.0,0.0,0.0,31,6.47,0.07,0.174,0.239,27.9,26.8,26.26841,73.00594,ERA5,Asia/Kolkata,Open-Meteo Historical Weather API
RJ-Jodhpur,2018-03-04,25.6,32.6,19.4,0.0,0.0,0.0,37,5.79,0.07,0.174,0.239,28.4,26.9,26.26841,73.00594,ERA5,Asia/Kolkata,Open-Meteo Historical Weather API
RJ-Jodhpur,2018-03-05,25.3,31.9,18.9,0.0,0.0,0.0,36,6.11,0.068,0.174,0.238,28.1,26.9,26.26841,73.00594,ERA5,Asia/Kolkata,Open-Meteo Historical Weather API
RJ-Jodhpur,2018-03-06,25.0,32.4,17.9,0.0,0.0,0.0,30,6.5,0.069,0.173,0.238,27.5,26.8,26.26841,73.00594,ERA5,Asia/Kolkata,Open-Meteo Historical Weather API
RJ-Jodhpur,2018-03-07,25.3,33.3,17.8,0.0,0.0,0.0,28,5.93,0.069,0.171,0.236,27.7,26.7,26.26841,73.00594,ERA5,Asia/Kolkata,Open-Meteo Historical Weather API
RJ-Jodhpur,2018-03-08,26.3,34.5,18.9,0.0,0.0,0.0,28,6.44,0.07,0.171,0.236,27.7,26.9,26.26841,73.00594,ERA5,Asia/Kolkata,Open-Meteo Historical Weather API
RJ-Jodhpur,2018-03-09,27.5,35.1,18.7,0.0,0.0,0.0,29,5.98,0.073,0.172,0.237,28.2,27.0,26.26841,73.00594,ERA5,Asia/Kolkata,Open-Meteo Historical Weather API
RJ-Jodhpur,2018-03-10,26.4,34.7,19.2,0.0,0.0,0.0,34,6.44,0.076,0.173,0.237,28.2,27.1,26.26841,73.00594,ERA5,Asia/Kolkata,Open-Meteo Historical Weather API
RJ-Jodhpur,2018-03-11,26.6,35.0,18.1,0.0,0.0,0.0,29,6.58,0.071,0.173,0.237,28.2,27.0,26.26841,73.00594,ERA5,Asia/Kolkata,Open-Meteo Historical Weather API
RJ-Jodhpur,2018-03-12,27.1,35.9,18.9,0.0,0.0,0.0,29,6.4,0.07,0.173,0.236,28.7,27.4,26.26841,73.00594,ERA5,Asia/Kolkata,Open-Meteo Historical Weather API
RJ-Jodhpur,2018-03-13,27.1,34.9,19.2,0.0,0.0,0.0,27,7.45,0.069,0.172,0.236,28.6,27.5,26.26841,73.00594,ERA5,Asia/Kolkata,Open-Meteo Historical Weather API
RJ-Jodhpur,2018-03-14,26.4,32.8,20.9,0.0,0.0,0.0,34,7.21,0.066,0.172,0.235,28.6,27.4,26.26841,73.00594,ERA5,Asia/Kolkata,Open-Meteo Historical Weather API
RJ-Jodhpur,2018-03-15,27.5,33.7,22.4,0.0,0.0,0.0,36,6.25,0.066,0.172,0.235,29.7,27.9,26.26841,73.00594,ERA5,Asia/Kolkata,Open-Meteo Historical Weather API
RJ-Jodhpur,2018-03-16,27.5,34.1,21.6,0.0,0.0,0.0,28,6.69,0.067,0.171,0.235,29.8,28.2,26.26841,73.00594,ERA5,Asia/Kolkata,Open-Meteo Historical Weather API
RJ-Jodhpur,2018-03-17,27.6,34.6,21.3,0.0,0.0,0.0,26,6.47,0.067,0.171,0.234,30.2,28.5,26.26841,73.00594,ERA5,Asia/Kolkata,Open-Meteo Historical Weather API
RJ-Jodhpur,2018-03-18,27.9,35.9,20.0,0.0,0.0,0.0,25,6.75,0.067,0.17,0.233,29.9,28.6,26.26841,73.00594,ERA5,Asia/Kolkata,Open-Meteo Historical Weather API
RJ-Jodhpur,2018-03-19,27.5,33.3,23.4,0.4,0.4,2.0,35,4.82,0.071,0.171,0.234,29.3,28.7,26.26841,73.00594,ERA5,Asia/Kolkata,Open-Meteo Historical Weather API
RJ-Jodhpur,2018-03-20,27.5,33.8,22.1,0.0,0.0,0.0,32,7.26,0.071,0.171,0.234,29.3,28.4,26.26841,73.00594,ERA5,Asia/Kolkata,Open-Meteo Historical Weather API
RJ-Jodhpur,2018-03-21,26.2,31.3,21.3,0.0,0.0,0.0,35,6.96,0.071,0.171,0.234,29.0,28.3,26.26841,73.00594,ERA5,Asia/Kolkata,Open-Meteo Historical Weather API
RJ-Jodhpur,2018-03-22,25.5,31.2,19.5,0.0,0.0,0.0,38,6.59,0.069,0.171,0.233,29.0,28.0,26.26841,73.00594,ERA5,Asia/Kolkata,Open-Meteo Historical Weather API
RJ-Jodhpur,2018-03-23,26.5,33.0,19.6,0.0,0.0,0.0,38,6.01,0.069,0.17,0.232,29.7,28.2,26.26841,73.00594,ERA5,Asia/Kolkata,Open-Meteo Historical Weather API
RJ-Jodhpur,2018-03-24,28.2,35.5,20.0,0.0,0.0,0.0,32,6.26,0.07,0.17,0.232,30.6,28.8,26.26841,73.00594,ERA5,Asia/Kolkata,Open-Meteo Historical Weather API
RJ-Jodhpur,2018-03-25,29.0,36.8,20.9,0.0,0.0,0.0,28,7.22,0.07,0.167,0.23,31.3,29.5,26.26841,73.00594,ERA5,Asia/Kolkata,Open-Meteo Historical Weather API
RJ-Jodhpur,2018-03-26,29.2,37.7,20.6,0.0,0.0,0.0,25,6.9,0.07,0.166,0.228,31.5,29.9,26.26841,73.00594,ERA5,Asia/Kolkata,Open-Meteo Historical Weather API
RJ-Jodhpur,2018-03-27,30.2,38.7,21.0,0.0,0.0,0.0,21,7.88,0.07,0.165,0.227,31.3,29.8,26.26841,73.00594,ERA5,Asia/Kolkata,Open-Meteo Historical Weather API
RJ-Jodhpur,2018-03-28,30.7,40.2,21.8,0.0,0.0,0.0,20,7.1,0.068,0.165,0.227,32.3,30.1,26.26841,73.00594,ERA5,Asia/Kolkata,Open-Meteo Historical Weather API
RJ-Jodhpur,2018-03-29,31.2,40.2,21.7,0.0,0.0,0.0,19,7.58,0.067,0.165,0.227,32.9,30.6,26.26841,73.00594,ERA5,Asia/Kolkata,Open-Meteo Historical Weather API
RJ-Jodhpur,2018-03-30,31.4,40.8,21.3,0.0,0.0,0.0,20,8.27,0.067,0.166,0.227,32.6,30.9,26.26841,73.00594,ERA5,Asia/Kolkata,Open-Meteo Historical Weather API
RJ-Jodhpur,2018-03-31,31.9,40.7,23.7,0.0,0.0,0.0,19,9.07,0.066,0.166,0.226,33.2,31.0,26.26841,73.00594,ERA5,Asia/Kolkata,Open-Meteo Historical Weather API
RJ-Jodhpur,2018-04-01,31.8,40.0,24.6,0.0,0.0,0.0,23,8.18,0.065,0.165,0.226,33.7,31.6,26.26841,73.00594,ERA5,Asia/Kolkata,Open-Meteo Historical Weather API
RJ-Jodhpur,2018-04-02,31.4,39.8,23.3,0.0,0.0,0.0,24,8.1,0.065,0.165,0.226,33.5,31.7,26.26841,73.00594,ERA5,Asia/Kolkata,Open-Meteo Historical Weather API
RJ-Jodhpur,2018-04-03,31.6,39.3,23.9,0.0,0.0,0.0,23,8.76,0.064,0.165,0.225,33.5,32.0,26.26841,73.00594,ERA5,Asia/Kolkata,Open-Meteo Historical Weather API
RJ-Jodhpur,2018-04-04,32.3,39.6,25.1,0.0,0.0,0.0,23,8.91,0.063,0.165,0.224,34.1,32.1,26.26841,73.00594,ERA5,Asia/Kolkata,Open-Meteo Historical Weather API
RJ-Jodhpur,2018-04-05,31.9,39.0,25.3,0.0,0.0,0.0,24,7.63,0.064,0.165,0.225,34.6,32.4,26.26841,73.00594,ERA5,Asia/Kolkata,Open-Meteo Historical Weather API
RJ-Jodhpur,2018-04-06,32.0,38.8,25.4,0.0,0.0,0.0,28,8.19,0.065,0.166,0.225,34.6,32.7,26.26841,73.00594,ERA5,Asia/Kolkata,Open-Meteo Historical Weather API
RJ-Jodhpur,2018-04-07,32.1,38.8,25.1,0.0,0.0,0.0,27,6.8,0.065,0.166,0.225,35.0,32.9,26.26841,73.00594,ERA5,Asia/Kolkata,Open-Meteo Historical Weather API
RJ-Jodhpur,2018-04-08,32.7,40.3,25.6,0.0,0.0,0.0,27,7.56,0.065,0.166,0.225,34.9,33.0,26.26841,73.00594,ERA5,Asia/Kolkata,Open-Meteo Historical Weather API
RJ-Jodhpur,2018-04-09,32.6,39.1,26.2,0.0,0.0,0.0,28,7.17,0.065,0.167,0.225,35.5,33.3,26.26841,73.00594,ERA5,Asia/Kolkata,Open-Meteo Historical Weather API
RJ-Jodhpur,2018-04-10,32.6,38.9,25.9,0.0,0.0,0.0,29,8.0,0.064,0.167,0.226,35.2,33.5,26.26841,73.00594,ERA5,Asia/Kolkata,Open-Meteo Historical Weather API
RJ-Jodhpur,2018-04-11,32.2,38.6,26.2,0.0,0.0,0.0,28,7.2,0.064,0.167,0.226,35.3,33.5,26.26841,73.00594,ERA5,Asia/Kolkata,Open-Meteo Historical Weather API
RJ-Jodhpur,2018-04-12,31.9,38.2,24.9,0.0,0.0,0.0,28,7.76,0.065,0.168,0.226,35.1,33.4,26.26841,73.00594,ERA5,Asia/Kolkata,Open-Meteo Historical Weather API
RJ-Jodhpur,2018-04-13,32.4,37.9,26.5,0.0,0.0,0.0,28,7.24,0.064,0.167,0.225,35.3,33.4,26.26841,73.00594,ERA5,Asia/Kolkata,Open-Meteo Historical Weather API
RJ-Jodhpur,2018-04-14,33.4,40.9,25.6,0.0,0.0,0.0,27,7.67,0.065,0.167,0.225,35.6,33.6,26.26841,73.00594,ERA5,Asia/Kolkata,Open-Meteo Historical Weather API
RJ-Jodhpur,2018-04-15,33.5,40.7,26.4,0.0,0.0,0.0,24,9.07,0.065,0.166,0.225,35.5,33.7,26.26841,73.00594,ERA5,Asia/Kolkata,Open-Meteo Historical Weather API
RJ-Jodhpur,2018-04-16,33.6,39.1,27.5,0.0,0.0,0.0,26,8.5,0.066,0.167,0.225,36.2,34.0,26.26841,73.00594,ERA5,Asia/Kolkata,Open-Meteo Historical Weather API
RJ-Jodhpur,2018-04-17,32.6,39.0,27.0,0.0,0.0,0.0,23,8.3,0.065,0.167,0.225,36.1,34.1,26.26841,73.00594,ERA5,Asia/Kolkata,Open-Meteo Historical Weather API
RJ-Jodhpur,2018-04-18,33.0,40.1,27.1,0.0,0.0,0.0,23,8.58,0.065,0.166,0.225,35.8,33.9,26.26841,73.00594,ERA5,Asia/Kolkata,Open-Meteo Historical Weather API
RJ-Jodhpur,2018-04-19,34.0,39.8,28.1,0.0,0.0,0.0,24,8.97,0.066,0.165,0.224,36.7,34.3,26.26841,73.00594,ERA5,Asia/Kolkata,Open-Meteo Historical Weather API
RJ-Jodhpur,2018-04-20,31.7,35.8,27.7,0.0,0.0,0.0,26,10.25,0.066,0.165,0.224,34.9,34.1,26.26841,73.00594,ERA5,Asia/Kolkata,Open-Meteo Historical Weather API
RJ-Jodhpur,2018-04-21,29.3,35.6,22.6,0.0,0.0,0.0,14,7.9,0.064,0.164,0.222,33.9,32.8,26.26841,73.00594,ERA5,Asia/Kolkata,Open-Meteo Historical Weather API
RJ-Jodhpur,2018-04-22,30.1,36.8,23.0,0.0,0.0,0.0,17,8.41,0.064,0.163,0.221,33.8,32.5,26.26841,73.00594,ERA5,Asia/Kolkata,Open-Meteo Historical Weather API
RJ-Jodhpur,2018-04-23,31.1,38.7,22.5,0.0,0.0,0.0,19,7.89,0.065,0.162,0.22,34.2,32.7,26.26841,73.00594,ERA5,Asia/Kolkata,Open-Meteo Historical Weather API
RJ-Jodhpur,2018-04-24,31.4,40.3,22.2,0.0,0.0,0.0,19,8.47,0.065,0.162,0.22,33.8,32.8,26.26841,73.00594,ERA5,Asia/Kolkata,Open-Meteo Historical Weather API
RJ-Jodhpur,2018-04-25,33.5,41.5,25.0,0.0,0.0,0.0,19,10.07,0.064,0.161,0.219,35.1,33.2,26.26841,73.00594,ERA5,Asia/Kolkata,Open-Meteo Historical Weather API
RJ-Jodhpur,2018-04-26,35.1,42.0,29.2,0.0,0.0,0.0,28,9.86,0.062,0.161,0.219,36.9,34.2,26.26841,73.00594,ERA5,Asia/Kolkata,Open-Meteo Historical Weather API
RJ-Jodhpur,2018-04-27,36.1,43.2,30.1,0.0,0.0,0.0,27,10.61,0.062,0.161,0.219,37.9,35.0,26.26841,73.00594,ERA5,Asia/Kolkata,Open-Meteo Historical Weather API
RJ-Jodhpur,2018-04-28,37.0,43.1,31.2,0.0,0.0,0.0,24,10.86,0.06,0.161,0.219,38.9,35.8,26.26841,73.00594,ERA5,Asia/Kolkata,Open-Meteo Historical Weather API
RJ-Jodhpur,2018-04-29,37.3,43.1,32.5,0.0,0.0,0.0,28,11.03,0.058,0.161,0.218,39.3,36.3,26.26841,73.00594,ERA5,Asia/Kolkata,Open-Meteo Historical Weather API
RJ-Jodhpur,2018-04-30,36.1,42.6,30.4,0.0,0.0,0.0,32,10.62,0.057,0.161,0.218,38.5,36.3,26.26841,73.00594,ERA5,Asia/Kolkata,Open-Meteo Historical Weather API
RJ-Jodhpur,2018-05-01,36.5,44.1,30.2,0.2,0.2,1.0,28,11.72,0.056,0.161,0.218,38.3,36.1,26.26841,73.00594,ERA5,Asia/Kolkata,Open-Meteo Historical Weather API
RJ-Jodhpur,2018-05-02,35.8,42.8,29.8,0.0,0.0,0.0,31,10.8,0.054,0.161,0.217,38.5,36.2,26.26841,73.00594,ERA5,Asia/Kolkata,Open-Meteo Historical Weather API
RJ-Jodhpur,2018-05-03,34.9,40.5,29.0,0.0,0.0,0.0,30,9.7,0.053,0.16,0.216,38.3,36.3,26.26841,73.00594,ERA5,Asia/Kolkata,Open-Meteo Historical Weather API
RJ-Jodhpur,2018-05-04,36.1,41.7,30.5,0.0,0.0,0.0,29,8.73,0.053,0.16,0.216,39.0,36.4,26.26841,73.00594,ERA5,Asia/Kolkata,Open-Meteo Historical Weather API
RJ-Jodhpur,2018-05-05,37.1,43.2,31.5,0.0,0.0,0.0,25,10.42,0.054,0.16,0.216,39.7,37.0,26.26841,73.00594,ERA5,Asia/Kolkata,Open-Meteo Historical Weather API
RJ-Jodhpur,2018-05-06,35.4,41.1,30.5,0.0,0.0,0.0,21,10.23,0.054,0.16,0.216,38.8,37.1,26.26841,73.00594,ERA5,Asia/Kolkata,Open-Meteo Historical Weather API
RJ-Jodhpur,2018-05-07,33.4,39.2,28.7,0.0,0.0,0.0,31,9.4,0.054,0.16,0.215,37.1,36.2,26.26841,73.00594,ERA5,Asia/Kolkata,Open-Meteo Historical Weather API
RJ-Jodhpur,2018-05-08,31.8,37.7,27.3,1.4,1.4,4.0,43,8.04,0.063,0.16,0.216,36.1,35.8,26.26841,73.00594,ERA5,Asia/Kolkata,Open-Meteo Historical Weather API
RJ-Jodhpur,2018-05-09,34.2,39.8,28.4,0.0,0.0,0.0,38,7.94,0.082,0.161,0.216,36.8,35.5,26.26841,73.00594,ERA5,Asia/Kolkata,Open-Meteo Historical Weather API
RJ-Jodhpur,2018-05-10,35.7,41.9,30.5,0.1,0.1,1.0,33,8.7,0.076,0.162,0.216,38.3,35.9,26.26841,73.00594,ERA5,Asia/Kolkata,Open-Meteo Historical Weather API
RJ-Jodhpur,2018-05-11,36.8,42.8,31.1,0.0,0.0,0.0,27,9.96,0.071,0.161,0.216,39.0,36.5,26.26841,73.00594,ERA5,Asia/Kolkata,Open-Meteo Historical Weather API
RJ-Jodhpur,2018-05-12,35.8,41.5,29.7,0.0,0.0,0.0,24,10.31,0.066,0.161,0.215,38.5,36.8,26.26841,73.00594,ERA5,Asia/Kolkata,Open-Meteo Historical Weather API
RJ-Jodhpur,2018-05-13,35.5,40.8,30.6,0.0,0.0,0.0,30,9.29,0.065,0.161,0.215,38.7,36.6,26.26841,73.00594,ERA5,Asia/Kolkata,Open-Meteo Historical Weather API
RJ-Jodhpur,2018-05-14,36.0,42.2,29.6,0.0,0.0,0.0,27,10.35,0.065,0.161,0.216,39.0,36.8,26.26841,73.00594,ERA5,Asia/Kolkata,Open-Meteo Historical Weather API
RJ-Jodhpur,2018-05-15,36.7,42.1,32.1,0.0,0.0,0.0,29,10.02,0.065,0.161,0.216,39.7,37.2,26.26841,73.00594,ERA5,Asia/Kolkata,Open-Meteo Historical Weather API
RJ-Jodhpur,2018-05-16,36.1,41.9,31.6,0.0,0.0,0.0,31,9.11,0.065,0.162,0.216,39.3,37.5,26.26841,73.00594,ERA5,Asia/Kolkata,Open-Meteo Historical Weather API
RJ-Jodhpur,2018-05-17,36.5,42.5,31.4,0.0,0.0,0.0,29,9.94,0.065,0.162,0.216,39.0,37.2,26.26841,73.00594,ERA5,Asia/Kolkata,Open-Meteo Historical Weather API
RJ-Jodhpur,2018-05-18,36.4,42.4,29.5,0.0,0.0,0.0,23,9.41,0.065,0.162,0.216,39.1,37.2,26.26841,73.00594,ERA5,Asia/Kolkata,Open-Meteo Historical Weather API
RJ-Jodhpur,2018-05-19,36.5,42.6,30.3,0.0,0.0,0.0,25,7.8,0.065,0.162,0.216,39.9,37.4,26.26841,73.00594,ERA5,Asia/Kolkata,Open-Meteo Historical Weather API
RJ-Jodhpur,2018-05-20,37.0,42.7,31.3,0.0,0.0,0.0,24,8.05,0.064,0.162,0.216,40.2,37.8,26.26841,73.00594,ERA5,Asia/Kolkata,Open-Meteo Historical Weather API
RJ-Jodhpur,2018-05-21,37.5,43.7,31.3,0.0,0.0,0.0,23,10.1,0.063,0.162,0.216,40.7,38.2,26.26841,73.00594,ERA5,Asia/Kolkata,Open-Meteo Historical Weather API
RJ-Jodhpur,2018-05-22,37.7,44.1,31.6,0.0,0.0,0.0,22,10.03,0.06,0.161,0.215,40.8,38.6,26.26841,73.00594,ERA5,Asia/Kolkata,Open-Meteo Historical Weather API
RJ-Jodhpur,2018-05-23,38.2,44.2,32.0,0.0,0.0,0.0,19,11.44,0.06,0.16,0.214,40.8,38.6,26.26841,73.00594,ERA5,Asia/Kolkata,Open-Meteo Historical Weather API
RJ-Jodhpur,2018-05-24,37.0,43.4,29.2,0.0,0.0,0.0,16,9.08,0.06,0.158,0.213,40.6,38.5,26.26841,73.00594,ERA5,Asia/Kolkata,Open-Meteo Historical Weather API
RJ-Jodhpur,2018-05-25,36.4,43.4,29.5,0.0,0.0,0.0,20,9.67,0.061,0.158,0.212,39.8,38.3,26.26841,73.00594,ERA5,Asia/Kolkata,Open-Meteo Historical Weather API
RJ-Jodhpur,2018-05-26,37.5,44.9,29.3,0.0,0.0,0.0,19,10.0,0.061,0.158,0.211,40.2,38.4,26.26841,73.00594,ERA5,Asia/Kolkata,Open-Meteo Historical Weather API
RJ-Jodhpur,2018-05-27,37.6,44.9,27.9,0.0,0.0,0.0,15,8.95,0.061,0.157,0.211,40.1,38.3,26.26841,73.00594,ERA5,Asia/Kolkata,Open-Meteo Historical Weather API
RJ-Jodhpur,2018-05-28,38.3,45.5,30.4,0.0,0.0,0.0,18,8.49,0.062,0.156,0.21,41.5,38.9,26.26841,73.00594,ERA5,Asia/Kolkata,Open-Meteo Historical Weather API
RJ-Jodhpur,2018-05-29,37.6,43.4,32.8,0.0,0.0,0.0,30,10.58,0.06,0.156,0.21,40.6,39.0,26.26841,73.00594,ERA5,Asia/Kolkata,Open-Meteo Historical Weather API
RJ-Jodhpur,2018-05-30,36.3,42.4,31.3,0.0,0.0,0.0,41,9.06,0.061,0.157,0.21,40.3,38.7,26.26841,73.00594,ERA5,Asia/Kolkata,Open-Meteo Historical Weather API
RJ-Jodhpur,2018-05-31,37.5,43.6,32.6,0.0,0.0,0.0,35,10.7,0.062,0.158,0.211,40.4,38.7,26.26841,73.00594,ERA5,Asia/Kolkata,Open-Meteo Historical Weather API
RJ-Jodhpur,2018-06-01,38.0,43.0,33.9,0.0,0.0,0.0,32,11.64,0.061,0.158,0.21,40.9,39.0,26.26841,73.00594,ERA5,Asia/Kolkata,Open-Meteo Historical Weather API
RJ-Jodhpur,2018-06-02,37.6,43.0,32.7,0.0,0.0,0.0,29,11.41,0.06,0.158,0.21,40.8,39.0,26.26841,73.00594,ERA5,Asia/Kolkata,Open-Meteo Historical Weather API
RJ-Jodhpur,2018-06-03,37.4,43.2,32.0,0.0,0.0,0.0,30,11.91,0.059,0.158,0.21,40.3,38.7,26.26841,73.00594,ERA5,Asia/Kolkata,Open-Meteo Historical Weather API
RJ-Jodhpur,2018-06-04,36.6,43.3,30.5,0.0,0.0,0.0,37,10.73,0.058,0.157,0.209,39.7,38.3,26.26841,73.00594,ERA5,Asia/Kolkata,Open-Meteo Historical Weather API
RJ-Jodhpur,2018-06-05,37.1,43.9,31.3,0.0,0.0,0.0,37,10.36,0.055,0.156,0.208,40.2,38.4,26.26841,73.00594,ERA5,Asia/Kolkata,Open-Meteo Historical Weather API
RJ-Jodhpur,2018-06-06,37.0,43.0,32.0,0.0,0.0,0.0,34,9.93,0.055,0.155,0.208,40.2,38.6,26.26841,73.00594,ERA5,Asia/Kolkata,Open-Meteo Historical Weather API
RJ-Jodhpur,2018-06-07,36.5,41.4,31.3,0.0,0.0,0.0,41,9.94,0.054,0.155,0.208,40.3,38.7,26.26841,73.00594,ERA5,Asia/Kolkata,Open-Meteo Historical Weather API
RJ-Jodhpur,2018-06-08,35.3,40.0,30.9,0.0,0.0,0.0,48,9.43,0.055,0.156,0.208,39.8,38.7,26.26841,73.00594,ERA5,Asia/Kolkata,Open-Meteo Historical Weather API
RJ-Jodhpur,2018-06-09,34.9,39.5,31.1,0.0,0.0,0.0,49,8.85,0.056,0.156,0.208,39.4,38.5,26.26841,73.00594,ERA5,Asia/Kolkata,Open-Meteo Historical Weather API
RJ-Jodhpur,2018-06-10,34.6,38.6,31.1,0.0,0.0,0.0,48,8.66,0.058,0.158,0.209,39.2,38.4,26.26841,73.00594,ERA5,Asia/Kolkata,Open-Meteo Historical Weather API
RJ-Jodhpur,2018-06-11,35.6,41.2,30.1,0.0,0.0,0.0,46,9.81,0.06,0.159,0.21,39.2,38.4,26.26841,73.00594,ERA5,Asia/Kolkata,Open-Meteo Historical Weather API
RJ-Jodhpur,2018-06-12,34.9,40.0,29.3,0.0,0.0,0.0,49,10.82,0.062,0.159,0.209,38.5,38.1,26.26841,73.00594,ERA5,Asia/Kolkata,Open-Meteo Historical Weather API
RJ-Jodhpur,2018-06-13,34.2,39.0,29.2,0.0,0.0,0.0,48,10.97,0.06,0.159,0.209,37.8,37.3,26.26841,73.00594,ERA5,Asia/Kolkata,Open-Meteo Historical Weather API
RJ-Jodhpur,2018-06-14,33.6,38.1,28.9,0.0,0.0,0.0,47,10.95,0.056,0.159,0.209,37.0,36.6,26.26841,73.00594,ERA5,Asia/Kolkata,Open-Meteo Historical Weather API
RJ-Jodhpur,2018-06-15,33.3,37.7,28.3,0.0,0.0,0.0,48,10.58,0.052,0.158,0.209,36.5,36.1,26.26841,73.00594,ERA5,Asia/Kolkata,Open-Meteo Historical Weather API
RJ-Jodhpur,2018-06-16,33.5,37.7,28.7,0.0,0.0,0.0,47,9.78,0.05,0.159,0.209,36.6,36.0,26.26841,73.00594,ERA5,Asia/Kolkata,Open-Meteo Historical Weather API
RJ-Jodhpur,2018-06-17,33.7,37.7,29.9,0.0,0.0,0.0,48,8.13,0.049,0.158,0.209,36.7,36.0,26.26841,73.00594,ERA5,Asia/Kolkata,Open-Meteo Historical Weather API
RJ-Jodhpur,2018-06-18,33.7,38.4,29.6,0.0,0.0,0.0,49,8.15,0.054,0.159,0.21,37.4,36.4,26.26841,73.00594,ERA5,Asia/Kolkata,Open-Meteo Historical Weather API
RJ-Jodhpur,2018-06-19,34.9,39.2,31.6,0.0,0.0,0.0,44,8.55,0.053,0.16,0.21,38.7,37.0,26.26841,73.00594,ERA5,Asia/Kolkata,Open-Meteo Historical Weather API
RJ-Jodhpur,2018-06-20,34.9,39.9,30.5,0.0,0.0,0.0,40,8.64,0.054,0.161,0.211,38.9,37.6,26.26841,73.00594,ERA5,Asia/Kolkata,Open-Meteo Historical Weather API
RJ-Jodhpur,2018-06-21,35.8,40.9,31.2,0.0,0.0,0.0,41,8.46,0.055,0.161,0.211,39.6,38.0,26.26841,73.00594,ERA5,Asia/Kolkata,Open-Meteo Historical Weather API
RJ-Jodhpur,2018-06-22,35.7,41.5,31.7,0.0,0.0,0.0,45,8.75,0.057,0.161,0.211,39.9,38.4,26.26841,73.00594,ERA5,Asia/Kolkata,Open-Meteo Historical Weather API
RJ-Jodhpur,2018-06-23,35.3,39.9,31.8,0.0,0.0,0.0,47,7.91,0.059,0.16,0.211,40.0,38.5,26.26841,73.00594,ERA5,Asia/Kolkata,Open-Meteo Historical Weather API
RJ-Jodhpur,2018-06-24,34.6,39.7,31.0,0.4,0.4,2.0,50,7.96,0.064,0.161,0.211,39.3,38.6,26.26841,73.00594,ERA5,Asia/Kolkata,Open-Meteo Historical Weather API
RJ-Jodhpur,2018-06-25,34.1,39.0,30.4,0.5,0.5,1.0,50,7.87,0.066,0.161,0.211,38.4,38.2,26.26841,73.00594,ERA5,Asia/Kolkata,Open-Meteo Historical Weather API
RJ-Jodhpur,2018-06-26,32.7,37.0,29.7,0.2,0.2,2.0,55,7.15,0.071,0.161,0.212,37.1,37.5,26.26841,73.00594,ERA5,Asia/Kolkata,Open-Meteo Historical Weather API
RJ-Jodhpur,2018-06-27,29.3,33.6,26.6,5.0,5.0,8.0,71,3.21,0.1,0.162,0.213,33.6,36.1,26.26841,73.00594,ERA5,Asia/Kolkata,Open-Meteo Historical Weather API
RJ-Jodhpur,2018-06-28,29.9,33.0,27.3,1.4,1.4,8.0,73,3.52,0.153,0.163,0.213,32.9,34.1,26.26841,73.00594,ERA5,Asia/Kolkata,Open-Meteo Historical Weather API
RJ-Jodhpur,2018-06-29,28.5,31.1,26.8,18.7,18.7,18.0,84,2.51,0.234,0.168,0.213,31.1,32.7,26.26841,73.00594,ERA5,Asia/Kolkata,Open-Meteo Historical Weather API
RJ-Jodhpur,2018-06-30,30.4,34.6,26.9,2.0,2.0,6.0,71,5.69,0.271,0.18,0.213,31.3,31.7,26.26841,73.00594,ERA5,Asia/Kolkata,Open-Meteo Historical Weather API
RJ-Jodhpur,2018-07-01,32.5,36.7,28.5,0.1,0.1,1.0,59,6.68,0.199,0.18,0.212,32.4,32.1,26.26841,73.00594,ERA5,Asia/Kolkata,Open-Meteo Historical Weather API
RJ-Jodhpur,2018-07-02,33.9,38.7,30.0,0.0,0.0,0.0,50,8.35,0.131,0.177,0.21,33.8,32.6,26.26841,73.00594,ERA5,Asia/Kolkata,Open-Meteo Historical Weather API
RJ-Jodhpur,2018-07-03,33.8,37.4,30.4,0.0,0.0,0.0,52,8.19,0.091,0.174,0.207,34.9,33.4,26.26841,73.00594,ERA5,Asia/Kolkata,Open-Meteo Historical Weather API
RJ-Jodhpur,2018-07-04,32.9,37.3,29.0,0.2,0.2,2.0,56,7.2,0.077,0.171,0.206,35.0,33.8,26.26841,73.00594,ERA5,Asia/Kolkata,Open-Meteo Historical Weather API
RJ-Jodhpur,2018-07-05,32.7,36.5,29.6,0.0,0.0,0.0,54,6.19,0.074,0.169,0.205,35.2,34.3,26.26841,73.00594,ERA5,Asia/Kolkata,Open-Meteo Historical Weather API
RJ-Jodhpur,2018-07-06,34.1,38.3,30.4,0.0,0.0,0.0,49,7.11,0.072,0.168,0.205,37.0,34.8,26.26841,73.00594,ERA5,Asia/Kolkata,Open-Meteo Historical Weather API
RJ-Jodhpur,2018-07-07,34.8,38.7,31.4,0.0,0.0,0.0,46,8.06,0.068,0.167,0.204,38.4,36.0,26.26841,73.00594,ERA5,Asia/Kolkata,Open-Meteo Historical Weather API
RJ-Jodhpur,2018-07-08,35.7,40.6,32.0,0.0,0.0,0.0,45,8.84,0.066,0.166,0.204,39.1,36.9,26.26841,73.00594,ERA5,Asia/Kolkata,Open-Meteo Historical Weather API
RJ-Jodhpur,2018-07-09,35.8,41.0,31.4,0.0,0.0,0.0,47,8.52,0.065,0.165,0.204,39.3,37.3,26.26841,73.00594,ERA5,Asia/Kolkata,Open-Meteo Historical Weather API
RJ-Jodhpur,2018-07-10,35.2,40.4,31.6,0.0,0.0,0.0,49,8.79,0.065,0.164,0.204,39.3,37.7,26.26841,73.00594,ERA5,Asia/Kolkata,Open-Meteo Historical Weather API
RJ-Jodhpur,2018-07-11,32.6,36.7,29.6,0.5,0.5,2.0,60,5.91,0.067,0.163,0.204,36.1,36.9,26.26841,73.00594,ERA5,Asia/Kolkata,Open-Meteo Historical Weather API
RJ-Jodhpur,2018-07-12,33.8,39.3,29.2,0.0,0.0,0.0,56,7.94,0.066,0.163,0.204,37.1,35.7,26.26841,73.00594,ERA5,Asia/Kolkata,Open-Meteo Historical Weather API
RJ-Jodhpur,2018-07-13,32.0,35.8,28.3,0.4,0.4,1.0,62,4.52,0.067,0.162,0.204,35.5,35.9,26.26841,73.00594,ERA5,Asia/Kolkata,Open-Meteo Historical Weather API
RJ-Jodhpur,2018-07-14,32.2,36.2,28.6,5.5,5.5,10.0,66,5.18,0.1,0.162,0.203,35.0,35.1,26.26841,73.00594,ERA5,Asia/Kolkata,Open-Meteo Historical Weather API
RJ-Jodhpur,2018-07-15,30.9,34.1,27.2,3.6,3.6,9.0,71,4.57,0.113,0.162,0.203,34.4,34.8,26.26841,73.00594,ERA5,Asia/Kolkata,Open-Meteo Historical Weather API
RJ-Jodhpur,2018-07-16,30.2,35.0,26.7,13.4,13.4,10.0,79,4.17,0.227,0.163,0.203,33.4,34.0,26.26841,73.00594,ERA5,Asia/Kolkata,Open-Meteo Historical Weather API
RJ-Jodhpur,2018-07-17,29.9,33.1,27.5,9.1,9.1,15.0,81,3.7,0.317,0.177,0.203,32.6,33.2,26.26841,73.00594,ERA5,Asia/Kolkata,Open-Meteo Historical Weather API
RJ-Jodhpur,2018-07-18,29.7,33.6,27.3,22.2,22.2,14.0,84,3.65,0.359,0.202,0.203,32.3,32.6,26.26841,73.00594,ERA5,Asia/Kolkata,Open-Meteo Historical Weather API
RJ-Jodhpur,2018-07-19,28.4,31.2,26.6,38.7,38.7,23.0,89,1.86,0.412,0.314,0.203,30.7,31.6,26.26841,73.00594,ERA5,Asia/Kolkata,Open-Meteo Historical Weather API
RJ-Jodhpur,2018-07-20,28.0,30.3,26.3,14.3,14.3,15.0,89,1.69,0.421,0.397,0.211,29.7,30.5,26.26841,73.00594,ERA5,Asia/Kolkata,Open-Meteo Historical Weather API
RJ-Jodhpur,2018-07-21,28.8,32.0,26.4,2.2,2.2,5.0,85,3.06,0.394,0.395,0.222,29.7,30.0,26.26841,73.00594,ERA5,Asia/Kolkata,Open-Meteo Historical Weather API
RJ-Jodhpur,2018-07-22,27.6,29.9,25.8,8.9,8.9,12.0,86,2.44,0.381,0.379,0.228,28.9,29.7,26.26841,73.00594,ERA5,Asia/Kolkata,Open-Meteo Historical Weather API
RJ-Jodhpur,2018-07-23,28.2,30.3,26.3,0.8,0.8,3.0,83,2.72,0.39,0.385,0.233,29.0,29.3,26.26841,73.00594,ERA5,Asia/Kolkata,Open-Meteo Historical Weather API
RJ-Jodhpur,2018-07-24,27.9,30.4,26.4,10.9,10.9,17.0,88,2.11,0.405,0.387,0.238,28.7,29.0,26.26841,73.00594,ERA5,Asia/Kolkata,Open-Meteo Historical Weather API
RJ-Jodhpur,2018-07-25,28.8,31.5,26.4,0.1,0.1,1.0,80,3.71,0.383,0.386,0.244,29.1,29.0,26.26841,73.00594,ERA5,Asia/Kolkata,Open-Meteo Historical Weather API
RJ-Jodhpur,2018-07-26,28.1,30.0,26.3,0.4,0.4,3.0,77,3.83,0.352,0.371,0.248,28.6,28.8,26.26841,73.00594,ERA5,Asia/Kolkata,Open-Meteo Historical Weather API
RJ-Jodhpur,2018-07-27,27.8,29.2,26.5,0.3,0.3,3.0,78,3.77,0.327,0.357,0.251,28.7,28.7,26.26841,73.00594,ERA5,Asia/Kolkata,Open-Meteo Historical Weather API
RJ-Jodhpur,2018-07-28,28.6,31.4,26.4,0.0,0.0,0.0,74,4.67,0.301,0.344,0.253,29.0,28.9,26.26841,73.00594,ERA5,Asia/Kolkata,Open-Meteo Historical Weather API
RJ-Jodhpur,2018-07-29,28.8,31.0,26.6,0.0,0.0,0.0,73,4.72,0.275,0.332,0.253,29.3,29.0,26.26841,73.00594,ERA5,Asia/Kolkata,Open-Meteo Historical Weather API
RJ-Jodhpur,2018-07-30,29.0,32.3,26.2,0.0,0.0,0.0,72,4.88,0.251,0.321,0.253,29.5,29.1,26.26841,73.00594,ERA5,Asia/Kolkata,Open-Meteo Historical Weather API
RJ-Jodhpur,2018-07-31,29.5,33.2,26.8,0.0,0.0,0.0,68,6.28,0.223,0.309,0.253,29.9,29.3,26.26841,73.00594,ERA5,Asia/Kolkata,Open-Meteo Historical Weather API
RJ-Jodhpur,2018-08-01,29.7,33.3,26.8,0.0,0.0,0.0,67,6.1,0.198,0.299,0.253,30.1,29.5,26.26841,73.00594,ERA5,Asia/Kolkata,Open-Meteo Historical Weather API
RJ-Jodhpur,2018-08-02,30.0,33.9,26.7,0.1,0.1,1.0,65,6.32,0.172,0.288,0.252,30.4,29.6,26.26841,73.00594,ERA5,Asia/Kolkata,Open-Meteo Historical Weather API
RJ-Jodhpur,2018-08-03,30.2,34.1,26.9,0.0,0.0,0.0,62,6.62,0.149,0.278,0.251,30.7,29.9,26.26841,73.00594,ERA5,Asia/Kolkata,Open-Meteo Historical Weather API
RJ-Jodhpur,2018-08-04,30.0,33.6,26.5,0.0,0.0,0.0,62,5.96,0.13,0.269,0.251,30.5,30.0,26.26841,73.00594,ERA5,Asia/Kolkata,Open-Meteo Historical Weather API
RJ-Jodhpur,2018-08-05,29.7,32.4,27.2,0.0,0.0,0.0,64,5.21,0.118,0.261,0.25,30.3,30.1,26.26841,73.00594,ERA5,Asia/Kolkata,Open-Meteo Historical Weather API
RJ-Jodhpur,2018-08-06,29.5,32.7,27.3,0.1,0.1,1.0,66,4.83,0.115,0.256,0.25,30.5,30.0,26.26841,73.00594,ERA5,Asia/Kolkata,Open-Meteo Historical Weather API
RJ-Jodhpur,2018-08-07,29.5,32.3,27.3,0.0,0.0,0.0,66,4.64,0.11,0.251,0.25,30.6,30.1,26.26841,73.00594,ERA5,Asia/Kolkata,Open-Meteo Historical Weather API
RJ-Jodhpur,2018-08-08,29.2,32.2,27.1,6.2,6.2,7.0,74,3.83,0.149,0.246,0.25,30.2,30.0,26.26841,73.00594,ERA5,Asia/Kolkata,Open-Meteo Historical Weather API
RJ-Jodhpur,2018-08-09,29.3,33.1,26.5,2.5,2.5,4.0,79,3.62,0.152,0.242,0.249,31.1,30.3,26.26841,73.00594,ERA5,Asia/Kolkata,Open-Meteo Historical Weather API
RJ-Jodhpur,2018-08-10,30.6,34.9,27.3,5.7,5.7,5.0,72,4.64,0.189,0.24,0.249,30.9,30.4,26.26841,73.00594,ERA5,Asia/Kolkata,Open-Meteo Historical Weather API
RJ-Jodhpur,2018-08-11,30.3,33.6,27.9,0.0,0.0,0.0,66,5.9,0.161,0.238,0.248,31.1,30.3,26.26841,73.00594,ERA5,Asia/Kolkata,Open-Meteo Historical Weather API
RJ-Jodhpur,2018-08-12,29.1,31.0,27.1,0.4,0.4,4.0,70,4.18,0.136,0.234,0.247,30.1,30.1,26.26841,73.00594,ERA5,Asia/Kolkata,Open-Meteo Historical Weather API
RJ-Jodhpur,2018-08-13,29.9,32.5,27.7,0.3,0.3,3.0,67,4.24,0.127,0.231,0.247,30.4,29.9,26.26841,73.00594,ERA5,Asia/Kolkata,Open-Meteo Historical Weather API
RJ-Jodhpur,2018-08-14,30.3,33.6,28.1,0.0,0.0,0.0,68,5.03,0.115,0.228,0.246,31.8,30.5,26.26841,73.00594,ERA5,Asia/Kolkata,Open-Meteo Historical Weather API
RJ-Jodhpur,2018-08-15,30.1,33.8,26.9,0.0,0.0,0.0,67,4.86,0.102,0.225,0.245,32.1,31.1,26.26841,73.00594,ERA5,Asia/Kolkata,Open-Meteo Historical Weather API
RJ-Jodhpur,2018-08-16,30.8,34.5,27.2,0.0,0.0,0.0,65,3.75,0.091,0.221,0.244,32.6,31.4,26.26841,73.00594,ERA5,Asia/Kolkata,Open-Meteo Historical Weather API
RJ-Jodhpur,2018-08-17,29.8,33.3,26.7,18.4,18.4,16.0,78,3.83,0.188,0.219,0.243,32.2,31.7,26.26841,73.00594,ERA5,Asia/Kolkata,Open-Meteo Historical Weather API
RJ-Jodhpur,2018-08-18,29.2,33.5,26.2,2.6,2.6,5.0,84,3.72,0.216,0.224,0.243,31.0,31.1,26.26841,73.00594,ERA5,Asia/Kolkata,Open-Meteo Historical Weather API
RJ-Jodhpur,2018-08-19,28.6,31.8,25.8,8.9,8.9,10.0,85,3.16,0.262,0.229,0.242,30.1,30.3,26.26841,73.00594,ERA5,Asia/Kolkata,Open-Meteo Historical Weather API
RJ-Jodhpur,2018-08-20,29.1,31.8,26.9,0.0,0.0,0.0,80,3.38,0.295,0.242,0.241,30.0,29.8,26.26841,73.00594,ERA5,Asia/Kolkata,Open-Meteo Historical Weather API
RJ-Jodhpur,2018-08-21,28.6,31.6,26.8,5.7,5.7,9.0,81,3.04,0.296,0.245,0.241,29.4,29.4,26.26841,73.00594,ERA5,Asia/Kolkata,Open-Meteo Historical Weather API
RJ-Jodhpur,2018-08-22,27.8,30.6,25.7,4.1,4.1,15.0,83,3.28,0.305,0.25,0.241,28.8,29.0,26.26841,73.00594,ERA5,Asia/Kolkata,Open-Meteo Historical Weather API
RJ-Jodhpur,2018-08-23,27.4,29.3,25.9,2.5,2.5,7.0,85,2.32,0.301,0.254,0.241,28.1,28.5,26.26841,73.00594,ERA5,Asia/Kolkata,Open-Meteo Historical Weather API
RJ-Jodhpur,2018-08-24,28.0,30.7,25.8,0.5,0.5,4.0,79,4.05,0.292,0.257,0.241,28.3,28.2,26.26841,73.00594,ERA5,Asia/Kolkata,Open-Meteo Historical Weather API
RJ-Jodhpur,2018-08-25,28.0,30.7,25.6,0.4,0.4,3.0,78,3.92,0.263,0.256,0.241,28.6,28.3,26.26841,73.00594,ERA5,Asia/Kolkata,Open-Meteo Historical Weather API
RJ-Jodhpur,2018-08-26,28.0,31.4,25.8,0.1,0.1,1.0,77,3.8,0.233,0.254,0.241,28.8,28.4,26.26841,73.00594,ERA5,Asia/Kolkata,Open-Meteo Historical Weather API
RJ-Jodhpur,2018-08-27,28.4,32.4,24.9,0.0,0.0,0.0,76,4.67,0.202,0.251,0.241,29.2,28.7,26.26841,73.00594,ERA5,Asia/Kolkata,Open-Meteo Historical Weather API
RJ-Jodhpur,2018-08-28,29.4,34.4,25.9,0.0,0.0,0.0,71,4.84,0.169,0.247,0.241,30.0,29.3,26.26841,73.00594,ERA5,Asia/Kolkata,Open-Meteo Historical Weather API
RJ-Jodhpur,2018-08-29,28.3,32.7,26.3,0.8,0.8,5.0,77,3.37,0.151,0.244,0.241,29.3,29.5,26.26841,73.00594,ERA5,Asia/Kolkata,Open-Meteo Historical Weather API
RJ-Jodhpur,2018-08-30,28.5,32.3,24.9,2.2,2.2,6.0,80,3.64,0.174,0.242,0.241,29.1,28.8,26.26841,73.00594,ERA5,Asia/Kolkata,Open-Meteo Historical Weather API
RJ-Jodhpur,2018-08-31,28.5,31.9,25.9,0.0,0.0,0.0,74,5.13,0.152,0.24,0.241,30.0,29.2,26.26841,73.00594,ERA5,Asia/Kolkata,Open-Meteo Historical Weather API
RJ-Jodhpur,2018-09-01,28.5,32.3,25.5,0.0,0.0,0.0,73,4.45,0.13,0.237,0.241,30.0,29.5,26.26841,73.00594,ERA5,Asia/Kolkata,Open-Meteo Historical Weather API
RJ-Jodhpur,2018-09-02,28.9,33.0,25.6,0.0,0.0,0.0,71,4.67,0.118,0.233,0.241,30.6,29.8,26.26841,73.00594,ERA5,Asia/Kolkata,Open-Meteo Historical Weather API
RJ-Jodhpur,2018-09-03,28.5,31.9,25.7,0.0,0.0,0.0,70,4.83,0.115,0.232,0.241,30.8,30.2,26.26841,73.00594,ERA5,Asia/Kolkata,Open-Meteo Historical Weather API
RJ-Jodhpur,2018-09-04,28.5,32.3,25.5,0.0,0.0,0.0,67,4.4,0.11,0.229,0.242,30.5,30.1,26.26841,73.00594,ERA5,Asia/Kolkata,Open-Meteo Historical Weather API
RJ-Jodhpur,2018-09-05,29.0,33.1,26.0,0.0,0.0,0.0,64,6.14,0.106,0.227,0.242,31.3,30.2,26.26841,73.00594,ERA5,Asia/Kolkata,Open-Meteo Historical Weather API
RJ-Jodhpur,2018-09-06,28.9,33.2,25.9,0.0,0.0,0.0,60,6.41,0.097,0.224,0.242,31.7,30.7,26.26841,73.00594,ERA5,Asia/Kolkata,Open-Meteo Historical Weather API
RJ-Jodhpur,2018-09-07,27.0,29.3,25.3,2.8,2.8,9.0,72,3.17,0.114,0.221,0.242,29.1,30.2,26.26841,73.00594,ERA5,Asia/Kolkata,Open-Meteo Historical Weather API
RJ-Jodhpur,2018-09-08,27.8,32.8,24.1,0.8,0.8,5.0,75,3.45,0.134,0.22,0.242,29.3,29.3,26.26841,73.00594,ERA5,Asia/Kolkata,Open-Meteo Historical Weather API
RJ-Jodhpur,2018-09-09,26.5,28.9,24.4,13.2,13.2,20.0,87,2.15,0.259,0.222,0.242,28.0,28.9,26.26841,73.00594,ERA5,Asia/Kolkata,Open-Meteo Historical Weather API
RJ-Jodhpur,2018-09-10,26.9,30.3,24.3,0.9,0.9,4.0,83,3.45,0.276,0.227,0.242,27.8,28.2,26.26841,73.00594,ERA5,Asia/Kolkata,Open-Meteo Historical Weather API
RJ-Jodhpur,2018-09-11,27.9,31.8,24.8,0.1,0.1,1.0,76,4.78,0.242,0.229,0.242,28.4,28.3,26.26841,73.00594,ERA5,Asia/Kolkata,Open-Meteo Historical Weather API
RJ-Jodhpur,2018-09-12,28.2,32.3,25.0,0.0,0.0,0.0,72,5.59,0.197,0.227,0.241,28.9,28.6,26.26841,73.00594,ERA5,Asia/Kolkata,Open-Meteo Historical Weather API
RJ-Jodhpur,2018-09-13,27.7,31.7,24.7,0.0,0.0,0.0,70,5.36,0.16,0.225,0.241,28.8,28.6,26.26841,73.00594,ERA5,Asia/Kolkata,Open-Meteo Historical Weather API
RJ-Jodhpur,2018-09-14,28.0,32.0,24.5,0.0,0.0,0.0,67,5.31,0.131,0.223,0.241,29.3,28.7,26.26841,73.00594,ERA5,Asia/Kolkata,Open-Meteo Historical Weather API
RJ-Jodhpur,2018-09-15,28.6,33.5,24.2,0.0,0.0,0.0,63,5.71,0.107,0.219,0.239,30.4,29.1,26.26841,73.00594,ERA5,Asia/Kolkata,Open-Meteo Historical Weather API
RJ-Jodhpur,2018-09-16,29.6,35.1,23.8,0.0,0.0,0.0,58,5.62,0.094,0.215,0.239,31.7,30.0,26.26841,73.00594,ERA5,Asia/Kolkata,Open-Meteo Historical Weather API
RJ-Jodhpur,2018-09-17,30.4,35.9,25.1,0.0,0.0,0.0,52,5.73,0.084,0.21,0.237,32.9,31.0,26.26841,73.00594,ERA5,Asia/Kolkata,Open-Meteo Historical Weather API
RJ-Jodhpur,2018-09-18,31.3,37.3,25.7,0.0,0.0,0.0,46,6.4,0.08,0.206,0.236,33.4,31.8,26.26841,73.00594,ERA5,Asia/Kolkata,Open-Meteo Historical Weather API
RJ-Jodhpur,2018-09-19,31.3,37.7,25.9,0.0,0.0,0.0,43,6.79,0.076,0.202,0.235,33.3,32.1,26.26841,73.00594,ERA5,Asia/Kolkata,Open-Meteo Historical Weather API
RJ-Jodhpur,2018-09-20,31.6,38.1,25.4,0.0,0.0,0.0,41,5.94,0.073,0.199,0.234,33.5,32.3,26.26841,73.00594,ERA5,Asia/Kolkata,Open-Meteo Historical Weather API
RJ-Jodhpur,2018-09-21,32.6,40.0,26.6,0.0,0.0,0.0,37,7.5,0.071,0.196,0.233,34.2,32.7,26.26841,73.00594,ERA5,Asia/Kolkata,Open-Meteo Historical Weather API
RJ-Jodhpur,2018-09-22,28.4,32.6,25.5,0.2,0.2,1.0,71,3.68,0.076,0.195,0.233,31.2,32.3,26.26841,73.00594,ERA5,Asia/Kolkata,Open-Meteo Historical Weather API
RJ-Jodhpur,2018-09-23,26.9,31.3,24.1,8.7,8.7,10.0,81,3.08,0.109,0.195,0.234,29.8,30.6,26.26841,73.00594,ERA5,Asia/Kolkata,Open-Meteo Historical Weather API
RJ-Jodhpur,2018-09-24,29.2,34.8,25.1,0.0,0.0,0.0,70,4.36,0.166,0.198,0.234,30.2,30.2,26.26841,73.00594,ERA5,Asia/Kolkata,Open-Meteo Historical Weather API
RJ-Jodhpur,2018-09-25,30.5,36.3,26.4,0.0,0.0,0.0,53,6.67,0.128,0.198,0.234,31.0,30.4,26.26841,73.00594,ERA5,Asia/Kolkata,Open-Meteo Historical Weather API
RJ-Jodhpur,2018-09-26,30.6,37.4,25.4,0.0,0.0,0.0,44,6.85,0.1,0.195,0.233,31.9,30.7,26.26841,73.00594,ERA5,Asia/Kolkata,Open-Meteo Historical Weather API
RJ-Jodhpur,2018-09-27,30.5,37.6,24.3,0.0,0.0,0.0,43,6.62,0.087,0.192,0.232,32.6,31.3,26.26841,73.00594,ERA5,Asia/Kolkata,Open-Meteo Historical Weather API
RJ-Jodhpur,2018-09-28,30.5,37.8,24.4,0.0,0.0,0.0,37,6.61,0.081,0.19,0.231,32.4,31.6,26.26841,73.00594,ERA5,Asia/Kolkata,Open-Meteo Historical Weather API
RJ-Jodhpur,2018-09-29,30.7,38.0,24.1,0.0,0.0,0.0,36,6.62,0.077,0.188,0.23,32.7,31.8,26.26841,73.00594,ERA5,Asia/Kolkata,Open-Meteo Historical Weather API
RJ-Jodhpur,2018-09-30,31.4,37.8,25.6,0.0,0.0,0.0,38,5.81,0.073,0.186,0.23,33.2,32.2,26.26841,73.00594,ERA5,Asia/Kolkata,Open-Meteo Historical Weather API
RJ-Jodhpur,2018-10-01,32.2,38.7,26.4,0.0,0.0,0.0,38,6.33,0.071,0.184,0.229,33.9,32.6,26.26841,73.00594,ERA5,Asia/Kolkata,Open-Meteo Historical Weather API
RJ-Jodhpur,2018-10-02,31.7,38.6,24.7,0.0,0.0,0.0,40,6.08,0.069,0.183,0.229,33.4,32.7,26.26841,73.00594,ERA5,Asia/Kolkata,Open-Meteo Historical Weather API
RJ-Jodhpur,2018-10-03,31.6,38.3,25.5,0.0,0.0,0.0,39,6.2,0.069,0.182,0.228,33.6,32.8,26.26841,73.00594,ERA5,Asia/Kolkata,Open-Meteo Historical Weather API
RJ-Jodhpur,2018-10-04,31.4,38.1,24.8,0.0,0.0,0.0,36,6.08,0.068,0.18,0.228,33.2,32.8,26.26841,73.00594,ERA5,Asia/Kolkata,Open-Meteo Historical Weather API
RJ-Jodhpur,2018-10-05,31.1,38.4,25.0,0.0,0.0,0.0,38,5.94,0.068,0.179,0.227,33.2,32.6,26.26841,73.00594,ERA5,Asia/Kolkata,Open-Meteo Historical Weather API
RJ-Jodhpur,2018-10-06,31.9,39.7,25.3,0.0,0.0,0.0,33,5.73,0.067,0.178,0.227,33.5,32.7,26.26841,73.00594,ERA5,Asia/Kolkata,Open-Meteo Historical Weather API
RJ-Jodhpur,2018-10-07,31.8,39.5,24.6,0.0,0.0,0.0,32,5.62,0.067,0.177,0.226,33.5,32.8,26.26841,73.00594,ERA5,Asia/Kolkata,Open-Meteo Historical Weather API
RJ-Jodhpur,2018-10-08,31.2,40.2,23.5,0.0,0.0,0.0,30,7.52,0.066,0.176,0.226,32.8,32.6,26.26841,73.00594,ERA5,Asia/Kolkata,Open-Meteo Historical Weather API
RJ-Jodhpur,2018-10-09,31.2,38.7,25.4,0.0,0.0,0.0,31,7.57,0.066,0.175,0.225,32.8,32.7,26.26841,73.00594,ERA5,Asia/Kolkata,Open-Meteo Historical Weather API
RJ-Jodhpur,2018-10-10,29.7,36.9,24.8,0.0,0.0,0.0,35,5.65,0.068,0.175,0.225,32.4,32.5,26.26841,73.00594,ERA5,Asia/Kolkata,Open-Meteo Historical Weather API
RJ-Jodhpur,2018-10-11,29.9,36.9,23.4,0.0,0.0,0.0,30,6.38,0.068,0.174,0.225,32.6,32.1,26.26841,73.00594,ERA5,Asia/Kolkata,Open-Meteo Historical Weather API
RJ-Jodhpur,2018-10-12,30.3,37.0,24.4,0.0,0.0,0.0,28,6.98,0.069,0.172,0.224,32.7,32.3,26.26841,73.00594,ERA5,Asia/Kolkata,Open-Meteo Historical Weather API
RJ-Jodhpur,2018-10-13,29.8,36.9,23.0,0.0,0.0,0.0,32,6.07,0.066,0.171,0.222,33.1,32.5,26.26841,73.00594,ERA5,Asia/Kolkata,Open-Meteo Historical Weather API
RJ-Jodhpur,2018-10-14,29.5,38.1,22.9,0.0,0.0,0.0,27,6.91,0.066,0.17,0.222,32.3,32.4,26.26841,73.00594,ERA5,Asia/Kolkata,Open-Meteo Historical Weather API
RJ-Jodhpur,2018-10-15,29.1,37.6,21.5,0.0,0.0,0.0,26,6.56,0.067,0.17,0.222,31.0,31.6,26.26841,73.00594,ERA5,Asia/Kolkata,Open-Meteo Historical Weather API
RJ-Jodhpur,2018-10-16,29.6,36.8,23.3,0.0,0.0,0.0,31,6.34,0.068,0.169,0.222,30.9,31.4,26.26841,73.00594,ERA5,Asia/Kolkata,Open-Meteo Historical Weather API
RJ-Jodhpur,2018-10-17,29.5,37.2,23.0,0.0,0.0,0.0,33,6.11,0.07,0.169,0.221,31.8,31.5,26.26841,73.00594,ERA5,Asia/Kolkata,Open-Meteo Historical Weather API
RJ-Jodhpur,2018-10-18,29.3,36.7,22.3,0.0,0.0,0.0,34,5.48,0.071,0.169,0.221,31.7,31.8,26.26841,73.00594,ERA5,Asia/Kolkata,Open-Meteo Historical Weather API
RJ-Jodhpur,2018-10-19,28.6,37.0,21.7,0.0,0.0,0.0,34,6.15,0.071,0.169,0.221,31.1,31.5,26.26841,73.00594,ERA5,Asia/Kolkata,Open-Meteo Historical Weather API
RJ-Jodhpur,2018-10-20,28.1,36.6,20.8,0.0,0.0,0.0,30,6.3,0.072,0.169,0.222,30.6,31.1,26.26841,73.00594,ERA5,Asia/Kolkata,Open-Meteo Historical Weather API
RJ-Jodhpur,2018-10-21,27.0,34.9,20.5,0.0,0.0,0.0,33,5.69,0.073,0.169,0.222,30.2,30.8,26.26841,73.00594,ERA5,Asia/Kolkata,Open-Meteo Historical Weather API
RJ-Jodhpur,2018-10-22,26.6,35.2,19.3,0.0,0.0,0.0,32,5.44,0.074,0.168,0.221,29.5,30.4,26.26841,73.00594,ERA5,Asia/Kolkata,Open-Meteo Historical Weather API
RJ-Jodhpur,2018-10-23,27.0,36.2,19.3,0.0,0.0,0.0,31,5.46,0.072,0.168,0.221,29.3,30.2,26.26841,73.00594,ERA5,Asia/Kolkata,Open-Meteo Historical Weather API
RJ-Jodhpur,2018-10-24,28.1,36.8,20.5,0.0,0.0,0.0,31,5.47,0.072,0.169,0.222,29.7,30.3,26.26841,73.00594,ERA5,Asia/Kolkata,Open-Meteo Historical Weather API
RJ-Jodhpur,2018-10-25,28.1,35.4,22.5,0.0,0.0,0.0,34,4.6,0.072,0.168,0.221,30.1,30.2,26.26841,73.00594,ERA5,Asia/Kolkata,Open-Meteo Historical Weather API
RJ-Jodhpur,2018-10-26,28.1,36.0,20.9,0.0,0.0,0.0,37,4.92,0.071,0.167,0.221,30.6,30.2,26.26841,73.00594,ERA5,Asia/Kolkata,Open-Meteo Historical Weather API
RJ-Jodhpur,2018-10-27,27.9,36.2,21.0,0.0,0.0,0.0,34,5.34,0.07,0.166,0.22,30.5,30.4,26.26841,73.00594,ERA5,Asia/Kolkata,Open-Meteo Historical Weather API
RJ-Jodhpur,2018-10-28,27.8,36.1,20.4,0.0,0.0,0.0,33,5.84,0.069,0.165,0.219,30.2,30.3,26.26841,73.00594,ERA5,Asia/Kolkata,Open-Meteo Historical Weather API
RJ-Jodhpur,2018-10-29,27.5,35.7,20.6,0.0,0.0,0.0,34,5.74,0.07,0.165,0.219,30.0,30.3,26.26841,73.00594,ERA5,Asia/Kolkata,Open-Meteo Historical Weather API
RJ-Jodhpur,2018-10-30,26.5,35.4,19.1,0.0,0.0,0.0,36,5.32,0.068,0.164,0.218,29.1,29.9,26.26841,73.00594,ERA5,Asia/Kolkata,Open-Meteo Historical Weather API
RJ-Jodhpur,2018-10-31,26.3,34.8,18.5,0.0,0.0,0.0,38,5.44,0.068,0.164,0.218,28.7,29.6,26.26841,73.00594,ERA5,Asia/Kolkata,Open-Meteo Historical Weather API
RJ-Jodhpur,2018-11-01,26.4,35.2,18.8,0.0,0.0,0.0,41,4.69,0.067,0.164,0.218,28.9,29.5,26.26841,73.00594,ERA5,Asia/Kolkata,Open-Meteo Historical Weather API
RJ-Jodhpur,2018-11-02,26.4,35.3,18.4,0.0,0.0,0.0,38,4.98,0.068,0.163,0.217,28.6,29.5,26.26841,73.00594,ERA5,Asia/Kolkata,Open-Meteo Historical Weather API
RJ-Jodhpur,2018-11-03,26.6,34.6,19.0,0.0,0.0,0.0,35,5.72,0.07,0.163,0.217,28.4,29.3,26.26841,73.00594,ERA5,Asia/Kolkata,Open-Meteo Historical Weather API
RJ-Jodhpur,2018-11-04,24.2,30.8,19.9,0.0,0.0,0.0,34,6.1,0.076,0.164,0.217,27.2,28.9,26.26841,73.00594,ERA5,Asia/Kolkata,Open-Meteo Historical Weather API
RJ-Jodhpur,2018-11-05,22.3,30.5,15.0,0.0,0.0,0.0,28,5.62,0.076,0.163,0.217,25.1,27.3,26.26841,73.00594,ERA5,Asia/Kolkata,Open-Meteo Historical Weather API
RJ-Jodhpur,2018-11-06,21.4,29.5,14.6,0.0,0.0,0.0,34,5.16,0.08,0.163,0.217,24.1,26.4,26.26841,73.00594,ERA5,Asia/Kolkata,Open-Meteo Historical Weather API
RJ-Jodhpur,2018-11-07,20.9,30.8,12.7,0.0,0.0,0.0,35,4.44,0.078,0.163,0.217,23.5,25.7,26.26841,73.00594,ERA5,Asia/Kolkata,Open-Meteo Historical Weather API
RJ-Jodhpur,2018-11-08,22.3,32.9,12.9,0.0,0.0,0.0,37,4.61,0.078,0.163,0.217,24.3,25.6,26.26841,73.00594,ERA5,Asia/Kolkata,Open-Meteo Historical Weather API
RJ-Jodhpur,2018-11-09,22.9,33.2,14.7,0.0,0.0,0.0,38,4.43,0.075,0.163,0.217,24.9,26.0,26.26841,73.00594,ERA5,Asia/Kolkata,Open-Meteo Historical Weather API
RJ-Jodhpur,2018-11-10,24.0,34.1,14.8,0.0,0.0,0.0,35,3.87,0.072,0.163,0.217,25.3,26.1,26.26841,73.00594,ERA5,Asia/Kolkata,Open-Meteo Historical Weather API
RJ-Jodhpur,2018-11-11,24.3,34.5,15.4,0.0,0.0,0.0,38,4.3,0.07,0.162,0.217,25.5,26.5,26.26841,73.00594,ERA5,Asia/Kolkata,Open-Meteo Historical Weather API
RJ-Jodhpur,2018-11-12,25.3,34.8,16.8,0.0,0.0,0.0,39,4.84,0.068,0.162,0.217,26.6,26.9,26.26841,73.00594,ERA5,Asia/Kolkata,Open-Meteo Historical Weather API
RJ-Jodhpur,2018-11-13,26.0,33.4,20.0,0.0,0.0,0.0,42,4.82,0.068,0.162,0.216,27.3,27.4,26.26841,73.00594,ERA5,Asia/Kolkata,Open-Meteo Historical Weather API
RJ-Jodhpur,2018-11-14,25.0,32.6,18.7,0.0,0.0,0.0,45,4.16,0.068,0.162,0.217,27.3,27.6,26.26841,73.00594,ERA5,Asia/Kolkata,Open-Meteo Historical Weather API
RJ-Jodhpur,2018-11-15,23.7,30.6,19.2,0.0,0.0,0.0,40,5.16,0.075,0.163,0.217,26.2,27.4,26.26841,73.00594,ERA5,Asia/Kolkata,Open-Meteo Historical Weather API
RJ-Jodhpur,2018-11-16,22.5,30.3,15.6,0.0,0.0,0.0,43,3.87,0.075,0.163,0.217,24.8,26.4,26.26841,73.00594,ERA5,Asia/Kolkata,Open-Meteo Historical Weather API
RJ-Jodhpur,2018-11-17,22.8,32.4,14.1,0.0,0.0,0.0,43,4.04,0.071,0.162,0.217,24.6,25.9,26.26841,73.00594,ERA5,Asia/Kolkata,Open-Meteo Historical Weather API
RJ-Jodhpur,2018-11-18,24.0,33.4,15.4,0.0,0.0,0.0,43,4.27,0.07,0.162,0.217,25.1,26.0,26.26841,73.00594,ERA5,Asia/Kolkata,Open-Meteo Historical Weather API
RJ-Jodhpur,2018-11-19,25.0,33.3,18.2,0.0,0.0,0.0,45,4.01,0.07,0.163,0.217,26.4,26.6,26.26841,73.00594,ERA5,Asia/Kolkata,Open-Meteo Historical Weather API
RJ-Jodhpur,2018-11-20,25.2,32.9,19.8,0.0,0.0,0.0,40,5.45,0.075,0.163,0.218,26.6,27.1,26.26841,73.00594,ERA5,Asia/Kolkata,Open-Meteo Historical Weather API
RJ-Jodhpur,2018-11-21,24.2,31.8,18.5,0.0,0.0,0.0,41,4.98,0.073,0.164,0.218,26.1,26.9,26.26841,73.00594,ERA5,Asia/Kolkata,Open-Meteo Historical Weather API
RJ-Jodhpur,2018-11-22,24.4,32.2,20.0,0.0,0.0,0.0,42,4.6,0.073,0.164,0.219,26.7,27.2,26.26841,73.00594,ERA5,Asia/Kolkata,Open-Meteo Historical Weather API
RJ-Jodhpur,2018-11-23,23.2,31.7,16.8,0.0,0.0,0.0,45,4.72,0.075,0.166,0.22,25.2,26.6,26.26841,73.00594,ERA5,Asia/Kolkata,Open-Meteo Historical Weather API
RJ-Jodhpur,2018-11-24,21.9,30.5,14.6,0.0,0.0,0.0,45,3.91,0.077,0.166,0.22,24.3,26.1,26.26841,73.00594,ERA5,Asia/Kolkata,Open-Meteo Historical Weather API
RJ-Jodhpur,2018-11-25,21.3,30.8,13.4,0.0,0.0,0.0,49,3.52,0.077,0.165,0.22,23.3,25.2,26.26841,73.00594,ERA5,Asia/Kolkata,Open-Meteo Historical Weather API
RJ-Jodhpur,2018-11-26,21.7,30.5,15.2,0.0,0.0,0.0,43,3.64,0.077,0.166,0.221,23.0,24.9,26.26841,73.00594,ERA5,Asia/Kolkata,Open-Meteo Historical Weather API
RJ-Jodhpur,2018-11-27,21.8,30.3,14.7,0.0,0.0,0.0,45,3.83,0.08,0.166,0.221,22.9,24.6,26.26841,73.00594,ERA5,Asia/Kolkata,Open-Meteo Historical Weather API
RJ-Jodhpur,2018-11-28,22.4,30.3,17.4,0.0,0.0,0.0,45,4.48,0.076,0.166,0.221,24.0,24.9,26.26841,73.00594,ERA5,Asia/Kolkata,Open-Meteo Historical Weather API
RJ-Jodhpur,2018-11-29,21.0,29.1,15.0,0.0,0.0,0.0,52,4.2,0.075,0.167,0.222,23.0,24.6,26.26841,73.00594,ERA5,Asia/Kolkata,Open-Meteo Historical Weather API
RJ-Jodhpur,2018-11-30,20.8,29.4,13.6,0.0,0.0,0.0,48,4.16,0.076,0.168,0.223,22.8,24.3,26.26841,73.00594,ERA5,Asia/Kolkata,Open-Meteo Historical Weather API
RJ-Jodhpur,2018-12-01,20.0,28.6,13.5,0.0,0.0,0.0,46,3.48,0.07,0.167,0.222,22.5,24.0,26.26841,73.00594,ERA5,Asia/Kolkata,Open-Meteo Historical Weather API
RJ-Jodhpur,2018-12-02,19.7,28.5,12.0,0.0,0.0,0.0,47,3.42,0.071,0.167,0.223,22.0,23.7,26.26841,73.00594,ERA5,Asia/Kolkata,Open-Meteo Historical Weather API
RJ-Jodhpur,2018-12-03,19.5,28.1,12.6,0.0,0.0,0.0,47,4.01,0.076,0.168,0.223,21.6,23.5,26.26841,73.00594,ERA5,Asia/Kolkata,Open-Meteo Historical Weather API
RJ-Jodhpur,2018-12-04,19.5,27.5,13.0,0.0,0.0,0.0,46,4.03,0.077,0.168,0.224,21.3,23.1,26.26841,73.00594,ERA5,Asia/Kolkata,Open-Meteo Historical Weather API
RJ-Jodhpur,2018-12-05,19.6,28.3,13.3,0.0,0.0,0.0,52,3.51,0.075,0.169,0.224,21.9,23.2,26.26841,73.00594,ERA5,Asia/Kolkata,Open-Meteo Historical Weather API
RJ-Jodhpur,2018-12-06,19.2,28.1,12.8,0.0,0.0,0.0,52,3.44,0.075,0.17,0.225,21.5,22.9,26.26841,73.00594,ERA5,Asia/Kolkata,Open-Meteo Historical Weather API
RJ-Jodhpur,2018-12-07,20.2,28.6,13.8,0.0,0.0,0.0,52,3.45,0.074,0.17,0.225,21.9,22.9,26.26841,73.00594,ERA5,Asia/Kolkata,Open-Meteo Historical Weather API
RJ-Jodhpur,2018-12-08,20.1,28.3,14.1,0.0,0.0,0.0,48,3.54,0.074,0.17,0.225,22.2,23.0,26.26841,73.00594,ERA5,Asia/Kolkata,Open-Meteo Historical Weather API
RJ-Jodhpur,2018-12-09,19.7,28.3,12.9,0.0,0.0,0.0,46,3.5,0.076,0.17,0.225,21.3,22.9,26.26841,73.00594,ERA5,Asia/Kolkata,Open-Meteo Historical Weather API
RJ-Jodhpur,2018-12-10,19.6,28.0,12.0,0.0,0.0,0.0,48,3.42,0.079,0.172,0.227,20.8,22.4,26.26841,73.00594,ERA5,Asia/Kolkata,Open-Meteo Historical Weather API
RJ-Jodhpur,2018-12-11,19.6,25.8,15.2,0.0,0.0,0.0,52,3.46,0.082,0.173,0.227,21.5,22.4,26.26841,73.00594,ERA5,Asia/Kolkata,Open-Meteo Historical Weather API
RJ-Jodhpur,2018-12-12,17.9,24.1,13.5,0.0,0.0,0.0,60,3.6,0.08,0.172,0.227,20.6,22.1,26.26841,73.00594,ERA5,Asia/Kolkata,Open-Meteo Historical Weather API
RJ-Jodhpur,2018-12-13,16.6,22.7,11.9,0.0,0.0,0.0,56,3.6,0.08,0.173,0.228,19.3,21.2,26.26841,73.00594,ERA5,Asia/Kolkata,Open-Meteo Historical Weather API
RJ-Jodhpur,2018-12-14,15.7,22.4,10.5,0.0,0.0,0.0,53,3.7,0.077,0.173,0.228,18.2,20.3,26.26841,73.00594,ERA5,Asia/Kolkata,Open-Meteo Historical Weather API
RJ-Jodhpur,2018-12-15,15.7,22.5,10.0,0.0,0.0,0.0,50,3.88,0.073,0.172,0.227,18.1,19.9,26.26841,73.00594,ERA5,Asia/Kolkata,Open-Meteo Historical Weather API
RJ-Jodhpur,2018-12-16,16.1,23.1,9.5,0.0,0.0,0.0,46,4.07,0.07,0.171,0.226,18.2,19.7,26.26841,73.00594,ERA5,Asia/Kolkata,Open-Meteo Historical Weather API
RJ-Jodhpur,2018-12-17,16.6,22.9,11.8,0.0,0.0,0.0,39,4.04,0.072,0.17,0.226,18.4,20.0,26.26841,73.00594,ERA5,Asia/Kolkata,Open-Meteo Historical Weather API
RJ-Jodhpur,2018-12-18,15.6,24.6,8.6,0.0,0.0,0.0,41,3.76,0.072,0.169,0.225,17.8,19.7,26.26841,73.00594,ERA5,Asia/Kolkata,Open-Meteo Historical Weather API
RJ-Jodhpur,2018-12-19,15.9,26.9,7.9,0.0,0.0,0.0,41,3.62,0.072,0.169,0.225,17.5,19.4,26.26841,73.00594,ERA5,Asia/Kolkata,Open-Meteo Historical Weather API
RJ-Jodhpur,2018-12-20,15.5,25.9,5.7,0.0,0.0,0.0,39,3.53,0.072,0.168,0.224,17.3,19.1,26.26841,73.00594,ERA5,Asia/Kolkata,Open-Meteo Historical Weather API
RJ-Jodhpur,2018-12-21,15.9,25.8,7.7,0.0,0.0,0.0,34,3.85,0.075,0.167,0.224,17.7,19.1,26.26841,73.00594,ERA5,Asia/Kolkata,Open-Meteo Historical Weather API
RJ-Jodhpur,2018-12-22,16.1,26.3,7.9,0.0,0.0,0.0,42,3.59,0.074,0.166,0.223,17.6,19.1,26.26841,73.00594,ERA5,Asia/Kolkata,Open-Meteo Historical Weather API
RJ-Jodhpur,2018-12-23,17.0,25.9,9.6,0.0,0.0,0.0,44,3.52,0.072,0.166,0.223,18.5,19.3,26.26841,73.00594,ERA5,Asia/Kolkata,Open-Meteo Historical Weather API
RJ-Jodhpur,2018-12-24,16.3,24.2,10.2,0.0,0.0,0.0,46,3.89,0.078,0.167,0.224,18.1,19.5,26.26841,73.00594,ERA5,Asia/Kolkata,Open-Meteo Historical Weather API
RJ-Jodhpur,2018-12-25,16.3,24.0,10.0,0.0,0.0,0.0,49,3.96,0.075,0.166,0.224,18.0,19.4,26.26841,73.00594,ERA5,Asia/Kolkata,Open-Meteo Historical Weather API
RJ-Jodhpur,2018-12-26,16.3,23.9,11.0,0.0,0.0,0.0,35,4.07,0.065,0.165,0.222,18.5,19.4,26.26841,73.00594,ERA5,Asia/Kolkata,Open-Meteo Historical Weather API
RJ-Jodhpur,2018-12-27,15.2,24.1,6.8,0.0,0.0,0.0,44,3.37,0.068,0.164,0.222,17.4,19.1,26.26841,73.00594,ERA5,Asia/Kolkata,Open-Meteo Historical Weather API
RJ-Jodhpur,2018-12-28,14.7,23.8,6.9,0.0,0.0,0.0,39,3.18,0.072,0.164,0.221,16.8,18.6,26.26841,73.00594,ERA5,Asia/Kolkata,Open-Meteo Historical Weather API
RJ-Jodhpur,2018-12-29,14.5,24.4,6.1,0.0,0.0,0.0,37,3.39,0.078,0.164,0.222,16.1,18.1,26.26841,73.00594,ERA5,Asia/Kolkata,Open-Meteo Historical Weather API
RJ-Jodhpur,2018-12-30,15.7,25.9,7.9,0.0,0.0,0.0,43,3.37,0.081,0.164,0.223,16.9,18.1,26.26841,73.00594,ERA5,Asia/Kolkata,Open-Meteo Historical Weather API
RJ-Jodhpur,2018-12-31,16.3,26.3,8.7,0.0,0.0,0.0,46,3.47,0.08,0.164,0.223,17.4,18.4,26.26841,73.00594,ERA5,Asia/Kolkata,Open-Meteo Historical Weather API
RJ-Jodhpur,2019-01-01,16.6,26.7,8.5,0.0,0.0,0.0,44,3.64,0.078,0.164,0.223,17.8,18.7,26.26841,73.00594,ERA5,Asia/Kolkata,Open-Meteo Historical Weather API
RJ-Jodhpur,2019-01-02,16.8,26.7,8.6,0.0,0.0,0.0,44,3.73,0.079,0.164,0.223,17.6,18.8,26.26841,73.00594,ERA5,Asia/Kolkata,Open-Meteo Historical Weather API
RJ-Jodhpur,2019-01-03,17.1,25.5,10.4,0.0,0.0,0.0,46,3.77,0.077,0.164,0.223,18.4,19.0,26.26841,73.00594,ERA5,Asia/Kolkata,Open-Meteo Historical Weather API
RJ-Jodhpur,2019-01-04,17.7,25.0,11.6,0.0,0.0,0.0,45,3.49,0.076,0.164,0.224,18.4,19.2,26.26841,73.00594,ERA5,Asia/Kolkata,Open-Meteo Historical Weather API
RJ-Jodhpur,2019-01-05,18.1,26.0,10.2,0.0,0.0,0.0,48,3.75,0.077,0.165,0.224,18.8,19.4,26.26841,73.00594,ERA5,Asia/Kolkata,Open-Meteo Historical Weather API
RJ-Jodhpur,2019-01-06,15.5,21.3,10.7,0.0,0.0,0.0,60,3.5,0.081,0.166,0.225,17.9,19.4,26.26841,73.00594,ERA5,Asia/Kolkata,Open-Meteo Historical Weather API
RJ-Jodhpur,2019-01-07,14.8,21.7,9.0,0.0,0.0,0.0,59,3.33,0.08,0.166,0.225,17.0,18.4,26.26841,73.00594,ERA5,Asia/Kolkata,Open-Meteo Historical Weather API
RJ-Jodhpur,2019-01-08,15.2,22.7,9.1,0.0,0.0,0.0,54,3.42,0.076,0.166,0.225,17.4,18.3,26.26841,73.00594,ERA5,Asia/Kolkata,Open-Meteo Historical Weather API
RJ-Jodhpur,2019-01-09,15.6,23.0,9.2,0.0,0.0,0.0,52,3.5,0.074,0.166,0.225,17.6,18.5,26.26841,73.00594,ERA5,Asia/Kolkata,Open-Meteo Historical Weather API
RJ-Jodhpur,2019-01-10,17.7,26.4,10.4,0.0,0.0,0.0,47,3.76,0.072,0.165,0.224,18.7,18.8,26.26841,73.00594,ERA5,Asia/Kolkata,Open-Meteo Historical Weather API
RJ-Jodhpur,2019-01-11,18.6,25.7,12.2,0.0,0.0,0.0,47,3.14,0.07,0.165,0.223,19.8,19.4,26.26841,73.00594,ERA5,Asia/Kolkata,Open-Meteo Historical Weather API
RJ-Jodhpur,2019-01-12,18.7,25.4,13.2,0.0,0.0,0.0,49,3.66,0.071,0.166,0.224,20.1,20.0,26.26841,73.00594,ERA5,Asia/Kolkata,Open-Meteo Historical Weather API
RJ-Jodhpur,2019-01-13,18.1,24.1,13.5,0.0,0.0,0.0,53,4.12,0.078,0.167,0.225,20.0,20.4,26.26841,73.00594,ERA5,Asia/Kolkata,Open-Meteo Historical Weather API
RJ-Jodhpur,2019-01-14,16.8,22.6,12.5,0.0,0.0,0.0,51,4.01,0.076,0.166,0.224,19.2,20.2,26.26841,73.00594,ERA5,Asia/Kolkata,Open-Meteo Historical Weather API
RJ-Jodhpur,2019-01-15,15.7,24.4,8.7,0.0,0.0,0.0,33,3.68,0.078,0.167,0.224,17.9,19.2,26.26841,73.00594,ERA5,Asia/Kolkata,Open-Meteo Historical Weather API
RJ-Jodhpur,2019-01-16,17.1,26.9,8.1,0.0,0.0,0.0,36,3.88,0.074,0.166,0.224,18.4,19.0,26.26841,73.00594,ERA5,Asia/Kolkata,Open-Meteo Historical Weather API
RJ-Jodhpur,2019-01-17,18.2,26.8,10.8,0.0,0.0,0.0,36,4.53,0.077,0.167,0.225,19.1,19.4,26.26841,73.00594,ERA5,Asia/Kolkata,Open-Meteo Historical Weather API
RJ-Jodhpur,2019-01-18,19.7,29.0,12.2,0.0,0.0,0.0,41,4.01,0.072,0.166,0.224,20.3,20.0,26.26841,73.00594,ERA5,Asia/Kolkata,Open-Meteo Historical Weather API
RJ-Jodhpur,2019-01-19,20.0,29.0,11.1,0.0,0.0,0.0,47,3.56,0.074,0.167,0.225,20.2,20.5,26.26841,73.00594,ERA5,Asia/Kolkata,Open-Meteo Historical Weather API
RJ-Jodhpur,2019-01-20,20.4,29.8,11.5,0.0,0.0,0.0,50,4.0,0.074,0.166,0.224,20.6,20.8,26.26841,73.00594,ERA5,Asia/Kolkata,Open-Meteo Historical Weather API
RJ-Jodhpur,2019-01-21,18.1,24.4,14.0,1.0,1.0,2.0,56,3.53,0.077,0.167,0.225,20.0,20.7,26.26841,73.00594,ERA5,Asia/Kolkata,Open-Meteo Historical Weather API
RJ-Jodhpur,2019-01-22,15.4,20.8,11.1,0.3,0.3,1.0,69,3.0,0.096,0.167,0.225,18.9,19.9,26.26841,73.00594,ERA5,Asia/Kolkata,Open-Meteo Historical Weather API
RJ-Jodhpur,2019-01-23,16.1,22.0,11.0,0.0,0.0,0.0,59,3.38,0.1,0.169,0.226,18.1,19.0,26.26841,73.00594,ERA5,Asia/Kolkata,Open-Meteo Historical Weather API
RJ-Jodhpur,2019-01-24,15.2,19.9,12.0,0.0,0.0,0.0,62,3.24,0.101,0.17,0.227,17.4,18.7,26.26841,73.00594,ERA5,Asia/Kolkata,Open-Meteo Historical Weather API
RJ-Jodhpur,2019-01-25,13.8,19.9,8.7,0.0,0.0,0.0,53,3.66,0.1,0.171,0.228,16.4,17.9,26.26841,73.00594,ERA5,Asia/Kolkata,Open-Meteo Historical Weather API
RJ-Jodhpur,2019-01-26,13.6,20.5,7.6,0.0,0.0,0.0,50,3.83,0.09,0.171,0.229,16.0,17.3,26.26841,73.00594,ERA5,Asia/Kolkata,Open-Meteo Historical Weather API
RJ-Jodhpur,2019-01-27,14.1,20.7,8.3,0.0,0.0,0.0,44,3.93,0.083,0.171,0.228,16.4,17.2,26.26841,73.00594,ERA5,Asia/Kolkata,Open-Meteo Historical Weather API
RJ-Jodhpur,2019-01-28,13.9,21.5,6.9,0.0,0.0,0.0,48,3.7,0.08,0.17,0.227,16.4,17.3,26.26841,73.00594,ERA5,Asia/Kolkata,Open-Meteo Historical Weather API
RJ-Jodhpur,2019-01-29,14.4,22.5,7.2,0.0,0.0,0.0,48,3.68,0.08,0.168,0.226,16.6,17.4,26.26841,73.00594,ERA5,Asia/Kolkata,Open-Meteo Historical Weather API
RJ-Jodhpur,2019-01-30,16.6,24.5,8.8,0.0,0.0,0.0,38,3.61,0.077,0.168,0.225,17.9,17.8,26.26841,73.00594,ERA5,Asia/Kolkata,Open-Meteo Historical Weather API
RJ-Jodhpur,2019-01-31,16.6,22.7,11.7,0.0,0.0,0.0,46,3.88,0.083,0.168,0.226,18.3,18.5,26.26841,73.00594,ERA5,Asia/Kolkata,Open-Meteo Historical Weather API
RJ-Jodhpur,2019-02-01,14.0,19.4,9.6,0.0,0.0,0.0,64,3.46,0.085,0.168,0.226,17.0,18.3,26.26841,73.00594,ERA5,Asia/Kolkata,Open-Meteo Historical Weather API
RJ-Jodhpur,2019-02-02,14.5,21.0,9.1,0.0,0.0,0.0,59,3.73,0.085,0.168,0.226,16.7,17.5,26.26841,73.00594,ERA5,Asia/Kolkata,Open-Meteo Historical Weather API
RJ-Jodhpur,2019-02-03,15.6,22.8,9.4,0.0,0.0,0.0,55,4.09,0.075,0.168,0.226,17.4,17.7,26.26841,73.00594,ERA5,Asia/Kolkata,Open-Meteo Historical Weather API
RJ-Jodhpur,2019-02-04,19.3,28.0,11.8,0.0,0.0,0.0,48,4.32,0.064,0.167,0.225,20.1,18.7,26.26841,73.00594,ERA5,Asia/Kolkata,Open-Meteo Historical Weather API
RJ-Jodhpur,2019-02-05,20.7,28.7,14.7,0.0,0.0,0.0,44,4.56,0.063,0.166,0.224,22.0,20.5,26.26841,73.00594,ERA5,Asia/Kolkata,Open-Meteo Historical Weather API
RJ-Jodhpur,2019-02-06,19.1,26.2,12.4,0.0,0.0,0.0,40,4.66,0.07,0.166,0.224,21.3,20.9,26.26841,73.00594,ERA5,Asia/Kolkata,Open-Meteo Historical Weather API
RJ-Jodhpur,2019-02-07,16.5,21.2,12.9,0.0,0.0,0.0,33,5.0,0.07,0.166,0.224,19.5,20.3,26.26841,73.00594,ERA5,Asia/Kolkata,Open-Meteo Historical Weather API
RJ-Jodhpur,2019-02-08,13.8,20.3,7.7,0.0,0.0,0.0,39,3.8,0.071,0.166,0.224,17.6,18.8,26.26841,73.00594,ERA5,Asia/Kolkata,Open-Meteo Historical Weather API
RJ-Jodhpur,2019-02-09,14.6,22.0,7.1,0.0,0.0,0.0,41,3.91,0.071,0.166,0.224,17.8,18.4,26.26841,73.00594,ERA5,Asia/Kolkata,Open-Meteo Historical Weather API
RJ-Jodhpur,2019-02-10,15.9,23.8,7.9,0.0,0.0,0.0,40,4.03,0.075,0.166,0.224,18.0,18.6,26.26841,73.00594,ERA5,Asia/Kolkata,Open-Meteo Historical Weather API
RJ-Jodhpur,2019-02-11,18.2,25.6,11.7,0.0,0.0,0.0,35,4.56,0.075,0.165,0.224,19.5,19.2,26.26841,73.00594,ERA5,Asia/Kolkata,Open-Meteo Historical Weather API
RJ-Jodhpur,2019-02-12,20.7,28.6,14.0,0.0,0.0,0.0,38,5.35,0.073,0.165,0.224,21.3,20.2,26.26841,73.00594,ERA5,Asia/Kolkata,Open-Meteo Historical Weather API
RJ-Jodhpur,2019-02-13,23.1,31.1,17.4,0.0,0.0,0.0,42,5.45,0.072,0.166,0.225,23.4,21.6,26.26841,73.00594,ERA5,Asia/Kolkata,Open-Meteo Historical Weather API
RJ-Jodhpur,2019-02-14,20.7,26.8,15.6,0.0,0.0,0.0,43,4.96,0.07,0.166,0.225,22.8,22.2,26.26841,73.00594,ERA5,Asia/Kolkata,Open-Meteo Historical Weather API
RJ-Jodhpur,2019-02-15,19.4,25.4,14.4,0.0,0.0,0.0,44,4.88,0.07,0.166,0.225,22.1,21.7,26.26841,73.00594,ERA5,Asia/Kolkata,Open-Meteo Historical Weather API
RJ-Jodhpur,2019-02-16,18.6,25.2,12.8,0.0,0.0,0.0,42,4.93,0.073,0.166,0.225,21.2,21.3,26.26841,73.00594,ERA5,Asia/Kolkata,Open-Meteo Historical Weather API
RJ-Jodhpur,2019-02-17,19.1,26.4,11.2,0.0,0.0,0.0,40,4.36,0.073,0.166,0.225,21.5,21.0,26.26841,73.00594,ERA5,Asia/Kolkata,Open-Meteo Historical Weather API
RJ-Jodhpur,2019-02-18,22.2,27.9,17.2,0.0,0.0,0.0,38,6.49,0.071,0.165,0.224,22.9,21.6,26.26841,73.00594,ERA5,Asia/Kolkata,Open-Meteo Historical Weather API
RJ-Jodhpur,2019-02-19,22.8,28.7,16.6,0.0,0.0,0.0,51,4.89,0.067,0.165,0.224,24.4,22.5,26.26841,73.00594,ERA5,Asia/Kolkata,Open-Meteo Historical Weather API
RJ-Jodhpur,2019-02-20,24.1,30.3,19.3,0.1,0.1,1.0,50,4.37,0.069,0.165,0.224,24.8,23.5,26.26841,73.00594,ERA5,Asia/Kolkata,Open-Meteo Historical Weather API
RJ-Jodhpur,2019-02-21,22.7,27.4,18.4,0.0,0.0,0.0,57,4.72,0.071,0.166,0.225,24.9,23.8,26.26841,73.00594,ERA5,Asia/Kolkata,Open-Meteo Historical Weather API
RJ-Jodhpur,2019-02-22,19.8,25.3,15.1,0.0,0.0,0.0,49,4.85,0.074,0.166,0.225,23.4,23.2,26.26841,73.00594,ERA5,Asia/Kolkata,Open-Meteo Historical Weather API
RJ-Jodhpur,2019-02-23,20.1,26.4,14.5,0.0,0.0,0.0,35,5.34,0.068,0.166,0.225,22.8,22.4,26.26841,73.00594,ERA5,Asia/Kolkata,Open-Meteo Historical Weather API
RJ-Jodhpur,2019-02-24,21.2,28.2,15.0,0.0,0.0,0.0,31,5.53,0.068,0.166,0.224,23.9,22.6,26.26841,73.00594,ERA5,Asia/Kolkata,Open-Meteo Historical Weather API
RJ-Jodhpur,2019-02-25,20.8,27.8,14.1,0.0,0.0,0.0,29,5.61,0.068,0.166,0.224,23.4,22.8,26.26841,73.00594,ERA5,Asia/Kolkata,Open-Meteo Historical Weather API
RJ-Jodhpur,2019-02-26,20.0,25.9,16.2,0.4,0.4,2.0,30,4.75,0.069,0.166,0.224,22.8,22.6,26.26841,73.00594,ERA5,Asia/Kolkata,Open-Meteo Historical Weather API
RJ-Jodhpur,2019-02-27,18.9,24.5,14.8,0.0,0.0,0.0,35,5.68,0.073,0.167,0.224,22.2,21.9,26.26841,73.00594,ERA5,Asia/Kolkata,Open-Meteo Historical Weather API
RJ-Jodhpur,2019-02-28,18.9,25.7,12.1,0.0,0.0,0.0,33,5.19,0.072,0.168,0.225,21.8,21.5,26.26841,73.00594,ERA5,Asia/Kolkata,Open-Meteo Historical Weather API
RJ-Jodhpur,2019-03-01,21.5,28.3,14.3,0.0,0.0,0.0,32,5.34,0.072,0.167,0.224,23.1,21.9,26.26841,73.00594,ERA5,Asia/Kolkata,Open-Meteo Historical Weather API
RJ-Jodhpur,2019-03-02,22.5,27.3,18.7,0.1,0.1,1.0,37,5.15,0.074,0.168,0.226,23.8,22.9,26.26841,73.00594,ERA5,Asia/Kolkata,Open-Meteo Historical Weather API
RJ-Jodhpur,2019-03-03,22.1,27.4,17.6,0.0,0.0,0.0,45,5.42,0.069,0.168,0.226,24.7,23.4,26.26841,73.00594,ERA5,Asia/Kolkata,Open-Meteo Historical Weather API
RJ-Jodhpur,2019-03-04,20.5,26.4,15.4,0.0,0.0,0.0,56,4.8,0.067,0.168,0.226,23.8,23.3,26.26841,73.00594,ERA5,Asia/Kolkata,Open-Meteo Historical Weather API
RJ-Jodhpur,2019-03-05,20.8,27.0,15.5,0.0,0.0,0.0,46,4.88,0.058,0.168,0.225,24.7,23.2,26.26841,73.00594,ERA5,Asia/Kolkata,Open-Meteo Historical Weather API
RJ-Jodhpur,2019-03-06,22.0,29.0,15.5,0.0,0.0,0.0,34,5.04,0.059,0.167,0.224,24.2,23.4,26.26841,73.00594,ERA5,Asia/Kolkata,Open-Meteo Historical Weather API
RJ-Jodhpur,2019-03-07,23.2,30.4,16.3,0.0,0.0,0.0,31,5.32,0.06,0.167,0.224,25.3,23.7,26.26841,73.00594,ERA5,Asia/Kolkata,Open-Meteo Historical Weather API
RJ-Jodhpur,2019-03-08,24.2,30.8,17.9,0.0,0.0,0.0,35,6.41,0.064,0.167,0.224,25.8,24.4,26.26841,73.00594,ERA5,Asia/Kolkata,Open-Meteo Historical Weather API
RJ-Jodhpur,2019-03-09,22.6,28.2,17.5,0.0,0.0,0.0,42,6.11,0.068,0.167,0.224,25.7,24.7,26.26841,73.00594,ERA5,Asia/Kolkata,Open-Meteo Historical Weather API
RJ-Jodhpur,2019-03-10,23.4,30.0,17.2,0.0,0.0,0.0,34,5.74,0.065,0.166,0.223,26.0,24.6,26.26841,73.00594,ERA5,Asia/Kolkata,Open-Meteo Historical Weather API
RJ-Jodhpur,2019-03-11,22.8,28.2,18.6,0.0,0.0,0.0,36,6.0,0.066,0.166,0.223,25.6,24.9,26.26841,73.00594,ERA5,Asia/Kolkata,Open-Meteo Historical Weather API
RJ-Jodhpur,2019-03-12,22.5,27.7,17.7,0.0,0.0,0.0,41,5.29,0.069,0.166,0.223,25.2,24.4,26.26841,73.00594,ERA5,Asia/Kolkata,Open-Meteo Historical Weather API
RJ-Jodhpur,2019-03-13,23.3,28.0,19.9,0.0,0.0,0.0,36,5.46,0.071,0.167,0.223,25.8,24.7,26.26841,73.00594,ERA5,Asia/Kolkata,Open-Meteo Historical Weather API
RJ-Jodhpur,2019-03-14,22.8,29.1,17.3,0.0,0.0,0.0,38,6.12,0.069,0.167,0.223,25.5,24.6,26.26841,73.00594,ERA5,Asia/Kolkata,Open-Meteo Historical Weather API
RJ-Jodhpur,2019-03-15,22.7,28.6,17.4,0.0,0.0,0.0,38,6.43,0.062,0.167,0.223,25.7,24.5,26.26841,73.00594,ERA5,Asia/Kolkata,Open-Meteo Historical Weather API
RJ-Jodhpur,2019-03-16,22.9,28.8,16.4,0.0,0.0,0.0,34,6.13,0.064,0.167,0.222,25.6,24.6,26.26841,73.00594,ERA5,Asia/Kolkata,Open-Meteo Historical Weather API
RJ-Jodhpur,2019-03-17,23.8,30.6,16.8,0.0,0.0,0.0,30,6.43,0.063,0.166,0.221,26.6,25.0,26.26841,73.00594,ERA5,Asia/Kolkata,Open-Meteo Historical Weather API
RJ-Jodhpur,2019-03-18,24.5,32.0,17.4,0.0,0.0,0.0,32,6.35,0.065,0.165,0.221,27.4,25.6,26.26841,73.00594,ERA5,Asia/Kolkata,Open-Meteo Historical Weather API
RJ-Jodhpur,2019-03-19,26.4,34.7,17.2,0.0,0.0,0.0,31,7.64,0.065,0.165,0.22,27.9,26.1,26.26841,73.00594,ERA5,Asia/Kolkata,Open-Meteo Historical Weather API
RJ-Jodhpur,2019-03-20,26.1,32.3,20.2,0.0,0.0,0.0,30,6.94,0.063,0.165,0.22,28.8,26.6,26.26841,73.00594,ERA5,Asia/Kolkata,Open-Meteo Historical Weather API
RJ-Jodhpur,2019-03-21,26.5,32.6,20.9,0.0,0.0,0.0,35,6.99,0.071,0.165,0.22,28.7,26.8,26.26841,73.00594,ERA5,Asia/Kolkata,Open-Meteo Historical Weather API
RJ-Jodhpur,2019-03-22,26.7,33.3,21.0,0.0,0.0,0.0,30,7.6,0.07,0.165,0.22,28.7,27.1,26.26841,73.00594,ERA5,Asia/Kolkata,Open-Meteo Historical Weather API
RJ-Jodhpur,2019-03-23,27.4,35.1,19.6,0.0,0.0,0.0,30,6.57,0.07,0.164,0.219,29.2,27.2,26.26841,73.00594,ERA5,Asia/Kolkata,Open-Meteo Historical Weather API
RJ-Jodhpur,2019-03-24,27.6,35.8,20.2,0.0,0.0,0.0,32,7.32,0.069,0.165,0.219,29.0,27.5,26.26841,73.00594,ERA5,Asia/Kolkata,Open-Meteo Historical Weather API
RJ-Jodhpur,2019-03-25,27.1,33.4,21.6,0.0,0.0,0.0,40,7.0,0.065,0.164,0.219,29.8,28.0,26.26841,73.00594,ERA5,Asia/Kolkata,Open-Meteo Historical Weather API
RJ-Jodhpur,2019-03-26,27.2,34.6,20.7,0.0,0.0,0.0,33,6.95,0.065,0.163,0.218,30.0,28.1,26.26841,73.00594,ERA5,Asia/Kolkata,Open-Meteo Historical Weather API
RJ-Jodhpur,2019-03-27,28.6,36.9,19.2,0.0,0.0,0.0,27,6.01,0.067,0.163,0.217,30.4,28.4,26.26841,73.00594,ERA5,Asia/Kolkata,Open-Meteo Historical Weather API
RJ-Jodhpur,2019-03-28,31.3,40.2,21.9,0.0,0.0,0.0,27,7.84,0.066,0.163,0.217,32.2,29.4,26.26841,73.00594,ERA5,Asia/Kolkata,Open-Meteo Historical Weather API
RJ-Jodhpur,2019-03-29,31.7,40.2,21.7,0.0,0.0,0.0,20,7.38,0.067,0.163,0.217,32.5,30.1,26.26841,73.00594,ERA5,Asia/Kolkata,Open-Meteo Historical Weather API
RJ-Jodhpur,2019-03-30,32.5,39.9,25.0,0.0,0.0,0.0,25,7.69,0.066,0.162,0.216,34.2,30.7,26.26841,73.00594,ERA5,Asia/Kolkata,Open-Meteo Historical Weather API
RJ-Jodhpur,2019-03-31,32.0,38.6,26.1,0.0,0.0,0.0,27,8.49,0.066,0.162,0.216,34.2,31.3,26.26841,73.00594,ERA5,Asia/Kolkata,Open-Meteo Historical Weather API
RJ-Jodhpur,2019-04-01,31.0,38.7,24.1,0.0,0.0,0.0,21,7.69,0.066,0.162,0.216,33.5,31.2,26.26841,73.00594,ERA5,Asia/Kolkata,Open-Meteo Historical Weather API
RJ-Jodhpur,2019-04-02,31.4,39.8,23.2,0.0,0.0,0.0,23,7.02,0.066,0.162,0.216,33.2,31.0,26.26841,73.00594,ERA5,Asia/Kolkata,Open-Meteo Historical Weather API
RJ-Jodhpur,2019-04-03,32.5,41.1,23.3,0.0,0.0,0.0,22,7.05,0.065,0.162,0.216,33.8,31.2,26.26841,73.00594,ERA5,Asia/Kolkata,Open-Meteo Historical Weather API
RJ-Jodhpur,2019-04-04,33.8,42.4,25.2,0.0,0.0,0.0,23,7.58,0.064,0.162,0.215,34.9,31.8,26.26841,73.00594,ERA5,Asia/Kolkata,Open-Meteo Historical Weather API
RJ-Jodhpur,2019-04-05,35.2,41.9,28.5,0.0,0.0,0.0,20,9.7,0.063,0.161,0.214,36.0,32.6,26.26841,73.00594,ERA5,Asia/Kolkata,Open-Meteo Historical Weather API
RJ-Jodhpur,2019-04-06,34.5,41.2,28.3,0.0,0.0,0.0,27,9.86,0.062,0.161,0.214,36.1,33.1,26.26841,73.00594,ERA5,Asia/Kolkata,Open-Meteo Historical Weather API
RJ-Jodhpur,2019-04-07,34.4,41.6,28.5,0.0,0.0,0.0,27,8.04,0.064,0.161,0.213,36.4,33.5,26.26841,73.00594,ERA5,Asia/Kolkata,Open-Meteo Historical Weather API
RJ-Jodhpur,2019-04-08,33.6,40.8,26.1,0.0,0.0,0.0,24,9.13,0.066,0.161,0.213,35.3,33.3,26.26841,73.00594,ERA5,Asia/Kolkata,Open-Meteo Historical Weather API
RJ-Jodhpur,2019-04-09,34.7,41.4,28.4,0.0,0.0,0.0,25,9.66,0.064,0.161,0.213,36.5,33.5,26.26841,73.00594,ERA5,Asia/Kolkata,Open-Meteo Historical Weather API
RJ-Jodhpur,2019-04-10,34.6,40.3,29.1,0.0,0.0,0.0,27,8.81,0.064,0.16,0.213,36.7,33.9,26.26841,73.00594,ERA5,Asia/Kolkata,Open-Meteo Historical Weather API
RJ-Jodhpur,2019-04-11,34.6,41.2,28.2,0.0,0.0,0.0,24,9.94,0.066,0.16,0.212,36.4,33.8,26.26841,73.00594,ERA5,Asia/Kolkata,Open-Meteo Historical Weather API
RJ-Jodhpur,2019-04-12,33.7,40.2,27.0,0.0,0.0,0.0,26,7.86,0.067,0.161,0.212,36.6,34.0,26.26841,73.00594,ERA5,Asia/Kolkata,Open-Meteo Historical Weather API
RJ-Jodhpur,2019-04-13,34.0,40.0,28.0,0.0,0.0,0.0,23,8.44,0.066,0.16,0.212,36.5,34.2,26.26841,73.00594,ERA5,Asia/Kolkata,Open-Meteo Historical Weather API
RJ-Jodhpur,2019-04-14,33.9,40.2,27.7,0.0,0.0,0.0,27,8.11,0.067,0.16,0.212,36.7,34.4,26.26841,73.00594,ERA5,Asia/Kolkata,Open-Meteo Historical Weather API
RJ-Jodhpur,2019-04-15,32.6,39.8,27.4,0.1,0.1,1.0,29,8.29,0.069,0.16,0.212,35.2,34.2,26.26841,73.00594,ERA5,Asia/Kolkata,Open-Meteo Historical Weather API
RJ-Jodhpur,2019-04-16,26.3,32.4,22.0,2.8,2.8,4.0,51,6.25,0.076,0.161,0.212,31.0,32.5,26.26841,73.00594,ERA5,Asia/Kolkata,Open-Meteo Historical Weather API
RJ-Jodhpur,2019-04-17,24.6,29.1,19.9,0.2,0.2,1.0,57,5.39,0.085,0.162,0.212,28.6,30.2,26.26841,73.00594,ERA5,Asia/Kolkata,Open-Meteo Historical Weather API
RJ-Jodhpur,2019-04-18,27.1,32.7,21.0,0.0,0.0,0.0,44,7.23,0.072,0.162,0.212,30.8,29.8,26.26841,73.00594,ERA5,Asia/Kolkata,Open-Meteo Historical Weather API
RJ-Jodhpur,2019-04-19,28.6,34.7,21.5,0.0,0.0,0.0,39,6.97,0.064,0.161,0.211,32.8,30.8,26.26841,73.00594,ERA5,Asia/Kolkata,Open-Meteo Historical Weather API
RJ-Jodhpur,2019-04-20,31.0,37.6,23.6,0.0,0.0,0.0,32,7.34,0.064,0.16,0.21,34.3,31.7,26.26841,73.00594,ERA5,Asia/Kolkata,Open-Meteo Historical Weather API
RJ-Jodhpur,2019-04-21,32.9,39.8,25.5,0.0,0.0,0.0,27,8.41,0.064,0.159,0.21,35.2,32.6,26.26841,73.00594,ERA5,Asia/Kolkata,Open-Meteo Historical Weather API
RJ-Jodhpur,2019-04-22,35.0,41.6,28.7,0.0,0.0,0.0,24,9.04,0.062,0.159,0.209,36.7,33.6,26.26841,73.00594,ERA5,Asia/Kolkata,Open-Meteo Historical Weather API
RJ-Jodhpur,2019-04-23,35.8,41.9,29.7,0.0,0.0,0.0,22,9.2,0.061,0.159,0.209,38.1,34.6,26.26841,73.00594,ERA5,Asia/Kolkata,Open-Meteo Historical Weather API
RJ-Jodhpur,2019-04-24,35.4,41.5,29.9,0.0,0.0,0.0,23,10.09,0.06,0.158,0.209,37.8,35.1,26.26841,73.00594,ERA5,Asia/Kolkata,Open-Meteo Historical Weather API
RJ-Jodhpur,2019-04-25,34.5,40.4,28.5,0.0,0.0,0.0,30,8.88,0.062,0.159,0.209,37.3,35.0,26.26841,73.00594,ERA5,Asia/Kolkata,Open-Meteo Historical Weather API
RJ-Jodhpur,2019-04-26,35.7,41.8,29.3,0.0,0.0,0.0,28,7.85,0.067,0.159,0.209,38.4,35.2,26.26841,73.00594,ERA5,Asia/Kolkata,Open-Meteo Historical Weather API
RJ-Jodhpur,2019-04-27,35.4,42.5,27.7,0.0,0.0,0.0,24,8.4,0.071,0.16,0.209,37.5,35.2,26.26841,73.00594,ERA5,Asia/Kolkata,Open-Meteo Historical Weather API
RJ-Jodhpur,2019-04-28,35.1,42.7,26.8,0.0,0.0,0.0,21,8.39,0.068,0.159,0.208,37.8,35.2,26.26841,73.00594,ERA5,Asia/Kolkata,Open-Meteo Historical Weather API
RJ-Jodhpur,2019-04-29,35.3,42.6,27.7,0.0,0.0,0.0,20,9.73,0.066,0.157,0.207,37.4,35.3,26.26841,73.00594,ERA5,Asia/Kolkata,Open-Meteo Historical Weather API
RJ-Jodhpur,2019-04-30,34.8,40.6,29.5,0.0,0.0,0.0,23,10.52,0.065,0.158,0.207,37.2,35.3,26.26841,73.00594,ERA5,Asia/Kolkata,Open-Meteo Historical Weather API
RJ-Jodhpur,2019-05-01,35.4,41.5,30.4,0.0,0.0,0.0,24,8.92,0.064,0.157,0.206,38.4,35.4,26.26841,73.00594,ERA5,Asia/Kolkata,Open-Meteo Historical Weather API
RJ-Jodhpur,2019-05-02,35.0,41.0,29.4,0.0,0.0,0.0,21,8.06,0.064,0.157,0.205,38.2,35.8,26.26841,73.00594,ERA5,Asia/Kolkata,Open-Meteo Historical Weather API
RJ-Jodhpur,2019-05-03,34.3,40.0,29.0,0.0,0.0,0.0,20,7.95,0.065,0.157,0.205,38.1,35.9,26.26841,73.00594,ERA5,Asia/Kolkata,Open-Meteo Historical Weather API
RJ-Jodhpur,2019-05-04,34.1,40.4,27.3,0.2,0.2,1.0,26,7.33,0.067,0.157,0.206,38.1,35.9,26.26841,73.00594,ERA5,Asia/Kolkata,Open-Meteo Historical Weather API
RJ-Jodhpur,2019-05-05,34.4,40.9,27.0,0.0,0.0,0.0,25,8.02,0.067,0.159,0.206,37.3,35.7,26.26841,73.00594,ERA5,Asia/Kolkata,Open-Meteo Historical Weather API
RJ-Jodhpur,2019-05-06,34.8,41.5,27.5,0.0,0.0,0.0,19,10.26,0.065,0.158,0.206,37.0,35.3,26.26841,73.00594,ERA5,Asia/Kolkata,Open-Meteo Historical Weather API
RJ-Jodhpur,2019-05-07,35.8,42.1,29.4,0.0,0.0,0.0,20,11.77,0.062,0.158,0.206,37.7,35.6,26.26841,73.00594,ERA5,Asia/Kolkata,Open-Meteo Historical Weather API
RJ-Jodhpur,2019-05-08,34.9,40.5,29.3,0.0,0.0,0.0,27,11.13,0.06,0.157,0.205,37.6,35.7,26.26841,73.00594,ERA5,Asia/Kolkata,Open-Meteo Historical Weather API
RJ-Jodhpur,2019-05-09,33.8,38.8,28.6,0.0,0.0,0.0,23,11.34,0.059,0.157,0.205,36.7,35.4,26.26841,73.00594,ERA5,Asia/Kolkata,Open-Meteo Historical Weather API
RJ-Jodhpur,2019-05-10,32.3,36.6,28.2,0.0,0.0,0.0,38,8.66,0.057,0.157,0.205,36.2,34.9,26.26841,73.00594,ERA5,Asia/Kolkata,Open-Meteo Historical Weather API
RJ-Jodhpur,2019-05-11,32.6,39.9,27.3,1.1,1.1,1.0,43,7.77,0.062,0.158,0.205,36.1,34.9,26.26841,73.00594,ERA5,Asia/Kolkata,Open-Meteo Historical Weather API
RJ-Jodhpur,2019-05-12,31.3,38.8,26.2,2.1,2.1,3.0,47,7.06,0.075,0.158,0.205,35.0,35.0,26.26841,73.00594,ERA5,Asia/Kolkata,Open-Meteo Historical Weather API
RJ-Jodhpur,2019-05-13,33.2,38.9,27.4,0.4,0.4,1.0,40,7.98,0.077,0.158,0.204,36.4,34.8,26.26841,73.00594,ERA5,Asia/Kolkata,Open-Meteo Historical Weather API
RJ-Jodhpur,2019-05-14,32.7,39.5,27.8,2.8,2.8,4.0,39,8.22,0.082,0.158,0.204,36.2,35.2,26.26841,73.00594,ERA5,Asia/Kolkata,Open-Meteo Historical Weather API
RJ-Jodhpur,2019-05-15,31.4,37.7,27.7,0.0,0.0,0.0,46,7.81,0.09,0.159,0.205,34.9,34.6,26.26841,73.00594,ERA5,Asia/Kolkata,Open-Meteo Historical Weather API
RJ-Jodhpur,2019-05-16,31.4,37.1,25.4,0.0,0.0,0.0,42,7.7,0.079,0.16,0.205,34.9,34.2,26.26841,73.00594,ERA5,Asia/Kolkata,Open-Meteo Historical Weather API
RJ-Jodhpur,2019-05-17,30.1,36.6,23.8,0.1,0.1,1.0,46,7.62,0.079,0.161,0.206,34.1,34.3,26.26841,73.00594,ERA5,Asia/Kolkata,Open-Meteo Historical Weather API
RJ-Jodhpur,2019-05-18,31.0,37.0,23.7,0.0,0.0,0.0,48,6.83,0.077,0.162,0.207,35.4,34.0,26.26841,73.00594,ERA5,Asia/Kolkata,Open-Meteo Historical Weather API
RJ-Jodhpur,2019-05-19,33.6,38.5,27.5,0.0,0.0,0.0,37,7.4,0.073,0.161,0.207,37.1,34.8,26.26841,73.00594,ERA5,Asia/Kolkata,Open-Meteo Historical Weather API
RJ-Jodhpur,2019-05-20,34.3,39.4,29.0,0.0,0.0,0.0,36,8.27,0.071,0.161,0.207,37.8,35.5,26.26841,73.00594,ERA5,Asia/Kolkata,Open-Meteo Historical Weather API
RJ-Jodhpur,2019-05-21,35.4,40.6,29.8,0.3,0.3,2.0,35,7.7,0.07,0.161,0.207,38.5,36.2,26.26841,73.00594,ERA5,Asia/Kolkata,Open-Meteo Historical Weather API
RJ-Jodhpur,2019-05-22,36.1,42.0,29.8,0.0,0.0,0.0,36,8.53,0.068,0.16,0.207,39.3,36.6,26.26841,73.00594,ERA5,Asia/Kolkata,Open-Meteo Historical Weather API
RJ-Jodhpur,2019-05-23,35.9,39.9,32.0,0.0,0.0,0.0,34,9.44,0.066,0.159,0.206,39.2,36.9,26.26841,73.00594,ERA5,Asia/Kolkata,Open-Meteo Historical Weather API
RJ-Jodhpur,2019-05-24,35.3,40.0,30.5,0.0,0.0,0.0,36,8.06,0.067,0.159,0.206,38.8,36.9,26.26841,73.00594,ERA5,Asia/Kolkata,Open-Meteo Historical Weather API
RJ-Jodhpur,2019-05-25,36.0,41.1,30.4,0.0,0.0,0.0,27,8.24,0.065,0.159,0.206,39.6,36.9,26.26841,73.00594,ERA5,Asia/Kolkata,Open-Meteo Historical Weather API
RJ-Jodhpur,2019-05-26,37.4,42.3,31.9,0.0,0.0,0.0,25,10.34,0.063,0.158,0.205,39.7,37.2,26.26841,73.00594,ERA5,Asia/Kolkata,Open-Meteo Historical Weather API
RJ-Jodhpur,2019-05-27,37.3,42.8,32.3,0.0,0.0,0.0,27,9.49,0.06,0.158,0.205,40.1,37.5,26.26841,73.00594,ERA5,Asia/Kolkata,Open-Meteo Historical Weather API
RJ-Jodhpur,2019-05-28,37.4,43.1,32.6,0.0,0.0,0.0,29,9.06,0.06,0.158,0.205,40.4,37.7,26.26841,73.00594,ERA5,Asia/Kolkata,Open-Meteo Historical Weather API
RJ-Jodhpur,2019-05-29,37.7,43.8,32.8,0.0,0.0,0.0,30,8.9,0.059,0.158,0.205,40.6,38.0,26.26841,73.00594,ERA5,Asia/Kolkata,Open-Meteo Historical Weather API
RJ-Jodhpur,2019-05-30,37.1,43.5,31.8,0.0,0.0,0.0,31,8.8,0.059,0.158,0.205,40.1,38.1,26.26841,73.00594,ERA5,Asia/Kolkata,Open-Meteo Historical Weather API
RJ-Jodhpur,2019-05-31,37.2,43.6,30.9,0.0,0.0,0.0,34,8.67,0.06,0.158,0.205,40.1,38.0,26.26841,73.00594,ERA5,Asia/Kolkata,Open-Meteo Historical Weather API
RJ-Jodhpur,2019-06-01,38.1,43.7,33.0,0.0,0.0,0.0,33,10.3,0.061,0.158,0.205,40.8,38.5,26.26841,73.00594,ERA5,Asia/Kolkata,Open-Meteo Historical Weather API
RJ-Jodhpur,2019-06-02,38.9,45.6,32.9,0.0,0.0,0.0,32,10.55,0.061,0.158,0.205,41.1,38.8,26.26841,73.00594,ERA5,Asia/Kolkata,Open-Meteo Historical Weather API
RJ-Jodhpur,2019-06-03,39.1,45.4,34.0,0.0,0.0,0.0,28,11.07,0.061,0.157,0.205,41.5,39.0,26.26841,73.00594,ERA5,Asia/Kolkata,Open-Meteo Historical Weather API
RJ-Jodhpur,2019-06-04,37.9,44.7,32.1,0.0,0.0,0.0,32,11.39,0.061,0.157,0.205,40.5,38.7,26.26841,73.00594,ERA5,Asia/Kolkata,Open-Meteo Historical Weather API
RJ-Jodhpur,2019-06-05,37.3,43.0,31.8,0.0,0.0,0.0,40,9.78,0.061,0.157,0.205,40.7,38.7,26.26841,73.00594,ERA5,Asia/Kolkata,Open-Meteo Historical Weather API
RJ-Jodhpur,2019-06-06,38.4,43.9,34.1,0.0,0.0,0.0,36,8.3,0.061,0.157,0.205,41.5,39.0,26.26841,73.00594,ERA5,Asia/Kolkata,Open-Meteo Historical Weather API
RJ-Jodhpur,2019-06-07,38.3,44.4,32.5,0.0,0.0,0.0,28,8.15,0.062,0.157,0.205,41.6,39.2,26.26841,73.00594,ERA5,Asia/Kolkata,Open-Meteo Historical Weather API
RJ-Jodhpur,2019-06-08,38.6,45.2,31.9,0.0,0.0,0.0,22,8.8,0.062,0.157,0.205,41.4,39.2,26.26841,73.00594,ERA5,Asia/Kolkata,Open-Meteo Historical Weather API
RJ-Jodhpur,2019-06-09,39.5,45.6,33.8,0.0,0.0,0.0,26,10.32,0.062,0.157,0.205,41.8,39.5,26.26841,73.00594,ERA5,Asia/Kolkata,Open-Meteo Historical Weather API
RJ-Jodhpur,2019-06-10,38.3,43.8,33.6,0.0,0.0,0.0,30,10.99,0.06,0.156,0.204,41.4,39.5,26.26841,73.00594,ERA5,Asia/Kolkata,Open-Meteo Historical Weather API
RJ-Jodhpur,2019-06-11,37.4,43.1,32.7,0.0,0.0,0.0,35,10.53,0.059,0.156,0.204,40.4,39.1,26.26841,73.00594,ERA5,Asia/Kolkata,Open-Meteo Historical Weather API
RJ-Jodhpur,2019-06-12,36.8,42.3,33.0,1.5,1.5,2.0,38,8.13,0.06,0.154,0.203,40.8,39.1,26.26841,73.00594,ERA5,Asia/Kolkata,Open-Meteo Historical Weather API
RJ-Jodhpur,2019-06-13,32.7,36.4,29.6,0.2,0.2,1.0,57,6.16,0.068,0.154,0.203,38.1,38.4,26.26841,73.00594,ERA5,Asia/Kolkata,Open-Meteo Historical Weather API
RJ-Jodhpur,2019-06-14,35.3,40.4,30.2,1.2,1.2,4.0,47,6.87,0.069,0.152,0.2,38.5,37.1,26.26841,73.00594,ERA5,Asia/Kolkata,Open-Meteo Historical Weather API
RJ-Jodhpur,2019-06-15,34.6,39.2,31.5,0.1,0.1,1.0,50,8.4,0.06,0.151,0.199,38.7,37.5,26.26841,73.00594,ERA5,Asia/Kolkata,Open-Meteo Historical Weather API
RJ-Jodhpur,2019-06-16,33.9,38.3,30.0,0.0,0.0,0.0,53,7.93,0.062,0.152,0.2,37.9,37.2,26.26841,73.00594,ERA5,Asia/Kolkata,Open-Meteo Historical Weather API
RJ-Jodhpur,2019-06-17,33.8,37.9,30.4,0.0,0.0,0.0,50,9.05,0.061,0.152,0.2,37.7,37.1,26.26841,73.00594,ERA5,Asia/Kolkata,Open-Meteo Historical Weather API
RJ-Jodhpur,2019-06-18,30.3,32.4,27.7,0.4,0.4,4.0,65,4.93,0.072,0.152,0.2,35.0,36.3,26.26841,73.00594,ERA5,Asia/Kolkata,Open-Meteo Historical Weather API
RJ-Jodhpur,2019-06-19,30.3,36.3,27.2,4.1,4.1,4.0,69,5.34,0.084,0.153,0.202,35.9,35.6,26.26841,73.00594,ERA5,Asia/Kolkata,Open-Meteo Historical Weather API
RJ-Jodhpur,2019-06-20,32.0,37.8,27.5,0.7,0.7,3.0,62,6.33,0.089,0.155,0.204,35.3,35.6,26.26841,73.00594,ERA5,Asia/Kolkata,Open-Meteo Historical Weather API
RJ-Jodhpur,2019-06-21,32.0,36.3,27.6,0.0,0.0,0.0,59,5.81,0.08,0.154,0.203,36.5,35.8,26.26841,73.00594,ERA5,Asia/Kolkata,Open-Meteo Historical Weather API
RJ-Jodhpur,2019-06-22,35.4,41.3,29.8,0.0,0.0,0.0,46,6.53,0.074,0.154,0.203,39.7,37.0,26.26841,73.00594,ERA5,Asia/Kolkata,Open-Meteo Historical Weather API
RJ-Jodhpur,2019-06-23,35.9,41.5,32.0,0.3,0.3,1.0,44,7.76,0.072,0.154,0.203,40.2,38.2,26.26841,73.00594,ERA5,Asia/Kolkata,Open-Meteo Historical Weather API
RJ-Jodhpur,2019-06-24,32.4,37.9,28.5,3.3,3.3,2.0,59,6.65,0.082,0.155,0.204,38.5,38.2,26.26841,73.00594,ERA5,Asia/Kolkata,Open-Meteo Historical Weather API
RJ-Jodhpur,2019-06-25,33.8,38.4,29.3,0.2,0.2,1.0,54,7.14,0.097,0.155,0.204,37.0,37.0,26.26841,73.00594,ERA5,Asia/Kolkata,Open-Meteo Historical Weather API
RJ-Jodhpur,2019-06-26,35.4,40.0,31.6,0.0,0.0,0.0,46,7.92,0.078,0.155,0.204,38.4,37.1,26.26841,73.00594,ERA5,Asia/Kolkata,Open-Meteo Historical Weather API
RJ-Jodhpur,2019-06-27,34.5,39.8,30.6,0.3,0.3,1.0,50,8.27,0.073,0.155,0.203,38.7,37.6,26.26841,73.00594,ERA5,Asia/Kolkata,Open-Meteo Historical Weather API
RJ-Jodhpur,2019-06-28,35.1,40.1,31.5,0.0,0.0,0.0,47,9.16,0.071,0.154,0.203,39.1,37.7,26.26841,73.00594,ERA5,Asia/Kolkata,Open-Meteo Historical Weather API
RJ-Jodhpur,2019-06-29,35.2,40.4,31.2,0.0,0.0,0.0,47,9.08,0.069,0.154,0.203,39.0,37.8,26.26841,73.00594,ERA5,Asia/Kolkata,Open-Meteo Historical Weather API
RJ-Jodhpur,2019-06-30,35.1,40.5,31.0,0.0,0.0,0.0,50,9.15,0.067,0.154,0.203,39.1,37.9,26.26841,73.00594,ERA5,Asia/Kolkata,Open-Meteo Historical Weather API
RJ-Jodhpur,2019-07-01,35.0,40.3,30.1,0.0,0.0,0.0,50,8.38,0.066,0.154,0.203,39.2,38.0,26.26841,73.00594,ERA5,Asia/Kolkata,Open-Meteo Historical Weather API
RJ-Jodhpur,2019-07-02,35.1,39.9,30.9,0.2,0.2,1.0,47,7.14,0.07,0.155,0.204,39.5,38.4,26.26841,73.00594,ERA5,Asia/Kolkata,Open-Meteo Historical Weather API
RJ-Jodhpur,2019-07-03,34.9,40.8,30.3,0.8,0.8,2.0,51,7.94,0.074,0.155,0.204,39.2,38.6,26.26841,73.00594,ERA5,Asia/Kolkata,Open-Meteo Historical Weather API
RJ-Jodhpur,2019-07-04,33.5,38.8,28.5,0.0,0.0,0.0,57,7.67,0.078,0.156,0.205,36.9,37.8,26.26841,73.00594,ERA5,Asia/Kolkata,Open-Meteo Historical Weather API
RJ-Jodhpur,2019-07-05,33.3,38.2,28.9,0.0,0.0,0.0,56,7.41,0.076,0.158,0.205,36.9,36.9,26.26841,73.00594,ERA5,Asia/Kolkata,Open-Meteo Historical Weather API
RJ-Jodhpur,2019-07-06,33.1,38.2,29.3,0.1,0.1,1.0,57,7.75,0.081,0.16,0.208,37.3,36.9,26.26841,73.00594,ERA5,Asia/Kolkata,Open-Meteo Historical Weather API
RJ-Jodhpur,2019-07-07,33.0,37.9,28.8,0.0,0.0,0.0,56,8.04,0.081,0.164,0.21,37.0,36.9,26.26841,73.00594,ERA5,Asia/Kolkata,Open-Meteo Historical Weather API
RJ-Jodhpur,2019-07-08,34.3,38.6,30.6,0.0,0.0,0.0,51,9.02,0.077,0.164,0.211,37.8,36.9,26.26841,73.00594,ERA5,Asia/Kolkata,Open-Meteo Historical Weather API
RJ-Jodhpur,2019-07-09,33.9,38.0,29.5,0.0,0.0,0.0,52,9.2,0.074,0.164,0.211,37.6,36.9,26.26841,73.00594,ERA5,Asia/Kolkata,Open-Meteo Historical Weather API
RJ-Jodhpur,2019-07-10,34.1,38.7,29.4,0.0,0.0,0.0,49,9.26,0.071,0.164,0.211,37.3,36.7,26.26841,73.00594,ERA5,Asia/Kolkata,Open-Meteo Historical Weather API
RJ-Jodhpur,2019-07-11,33.9,38.4,29.6,0.0,0.0,0.0,51,9.87,0.07,0.163,0.211,37.1,36.5,26.26841,73.00594,ERA5,Asia/Kolkata,Open-Meteo Historical Weather API
RJ-Jodhpur,2019-07-12,33.5,37.7,29.5,0.0,0.0,0.0,51,8.97,0.068,0.163,0.212,36.6,36.2,26.26841,73.00594,ERA5,Asia/Kolkata,Open-Meteo Historical Weather API
RJ-Jodhpur,2019-07-13,33.9,37.9,29.3,0.0,0.0,0.0,49,9.98,0.066,0.163,0.211,37.0,36.1,26.26841,73.00594,ERA5,Asia/Kolkata,Open-Meteo Historical Weather API
RJ-Jodhpur,2019-07-14,33.0,37.0,29.5,0.0,0.0,0.0,53,8.82,0.068,0.163,0.212,35.9,35.9,26.26841,73.00594,ERA5,Asia/Kolkata,Open-Meteo Historical Weather API
RJ-Jodhpur,2019-07-15,32.7,36.7,29.6,0.3,0.3,2.0,54,7.8,0.07,0.162,0.212,35.1,35.2,26.26841,73.00594,ERA5,Asia/Kolkata,Open-Meteo Historical Weather API
RJ-Jodhpur,2019-07-16,32.5,36.2,29.5,0.2,0.2,2.0,54,6.85,0.069,0.163,0.212,34.6,34.8,26.26841,73.00594,ERA5,Asia/Kolkata,Open-Meteo Historical Weather API
RJ-Jodhpur,2019-07-17,32.4,34.6,30.1,0.0,0.0,0.0,54,6.43,0.068,0.162,0.212,34.9,34.7,26.26841,73.00594,ERA5,Asia/Kolkata,Open-Meteo Historical Weather API
RJ-Jodhpur,2019-07-18,33.1,36.2,30.5,0.0,0.0,0.0,53,7.39,0.067,0.162,0.212,36.5,35.2,26.26841,73.00594,ERA5,Asia/Kolkata,Open-Meteo Historical Weather API
RJ-Jodhpur,2019-07-19,33.5,38.2,30.7,0.0,0.0,0.0,52,6.87,0.067,0.162,0.212,38.0,36.2,26.26841,73.00594,ERA5,Asia/Kolkata,Open-Meteo Historical Weather API
RJ-Jodhpur,2019-07-20,33.2,37.8,29.5,1.6,1.6,7.0,57,5.0,0.073,0.161,0.212,37.3,36.7,26.26841,73.00594,ERA5,Asia/Kolkata,Open-Meteo Historical Weather API
RJ-Jodhpur,2019-07-21,33.8,38.6,29.3,1.2,1.2,3.0,55,5.72,0.081,0.16,0.21,37.5,36.6,26.26841,73.00594,ERA5,Asia/Kolkata,Open-Meteo Historical Weather API
RJ-Jodhpur,2019-07-22,33.6,40.3,30.3,0.7,0.7,2.0,56,6.27,0.07,0.16,0.21,38.5,37.1,26.26841,73.00594,ERA5,Asia/Kolkata,Open-Meteo Historical Weather API
RJ-Jodhpur,2019-07-23,34.3,40.5,29.2,0.0,0.0,0.0,58,6.59,0.065,0.156,0.207,38.8,37.4,26.26841,73.00594,ERA5,Asia/Kolkata,Open-Meteo Historical Weather API
RJ-Jodhpur,2019-07-24,35.5,40.4,33.0,1.0,1.0,3.0,51,8.17,0.058,0.154,0.206,39.2,37.9,26.26841,73.00594,ERA5,Asia/Kolkata,Open-Meteo Historical Weather API
RJ-Jodhpur,2019-07-25,32.5,35.5,28.6,0.1,0.1,1.0,57,6.78,0.065,0.154,0.205,36.0,37.0,26.26841,73.00594,ERA5,Asia/Kolkata,Open-Meteo Historical Weather API
RJ-Jodhpur,2019-07-26,31.5,34.7,29.3,0.2,0.2,1.0,63,4.85,0.069,0.155,0.206,34.5,35.4,26.26841,73.00594,ERA5,Asia/Kolkata,Open-Meteo Historical Weather API
RJ-Jodhpur,2019-07-27,31.0,34.9,26.8,6.1,6.1,9.0,66,4.34,0.086,0.155,0.206,33.2,34.4,26.26841,73.00594,ERA5,Asia/Kolkata,Open-Meteo Historical Weather API
RJ-Jodhpur,2019-07-28,26.7,28.3,25.8,68.0,68.0,24.0,92,0.92,0.399,0.268,0.206,29.4,32.0,26.26841,73.00594,ERA5,Asia/Kolkata,Open-Meteo Historical Weather API
RJ-Jodhpur,2019-07-29,29.5,33.2,26.2,0.4,0.4,3.0,83,3.61,0.373,0.351,0.21,30.4,30.8,26.26841,73.00594,ERA5,Asia/Kolkata,Open-Meteo Historical Weather API
RJ-Jodhpur,2019-07-30,31.3,35.4,28.6,2.1,2.1,6.0,77,4.46,0.334,0.342,0.212,32.7,31.9,26.26841,73.00594,ERA5,Asia/Kolkata,Open-Meteo Historical Weather API
RJ-Jodhpur,2019-07-31,31.2,34.6,28.1,0.0,0.0,0.0,75,4.4,0.339,0.336,0.214,32.4,32.1,26.26841,73.00594,ERA5,Asia/Kolkata,Open-Meteo Historical Weather API
RJ-Jodhpur,2019-08-01,29.9,32.6,28.4,1.8,1.8,4.0,80,3.83,0.326,0.33,0.215,31.6,31.7,26.26841,73.00594,ERA5,Asia/Kolkata,Open-Meteo Historical Weather API
RJ-Jodhpur,2019-08-02,30.1,33.3,27.2,0.6,0.6,4.0,78,3.58,0.308,0.326,0.215,31.0,31.0,26.26841,73.00594,ERA5,Asia/Kolkata,Open-Meteo Historical Weather API
RJ-Jodhpur,2019-08-03,29.7,32.4,27.8,2.2,2.2,11.0,79,4.09,0.296,0.32,0.215,31.4,31.2,26.26841,73.00594,ERA5,Asia/Kolkata,Open-Meteo Historical Weather API
RJ-Jodhpur,2019-08-04,30.3,33.5,27.2,1.3,1.3,5.0,79,3.2,0.284,0.315,0.217,31.1,31.1,26.26841,73.00594,ERA5,Asia/Kolkata,Open-Meteo Historical Weather API
RJ-Jodhpur,2019-08-05,30.5,34.7,27.8,0.0,0.0,0.0,76,4.99,0.259,0.308,0.217,31.5,31.1,26.26841,73.00594,ERA5,Asia/Kolkata,Open-Meteo Historical Weather API
RJ-Jodhpur,2019-08-06,29.7,33.9,27.1,3.9,3.9,8.0,77,4.4,0.26,0.301,0.217,30.7,30.9,26.26841,73.00594,ERA5,Asia/Kolkata,Open-Meteo Historical Weather API
RJ-Jodhpur,2019-08-07,29.3,32.1,27.1,0.2,0.2,1.0,77,4.23,0.236,0.295,0.218,30.6,30.8,26.26841,73.00594,ERA5,Asia/Kolkata,Open-Meteo Historical Weather API
RJ-Jodhpur,2019-08-08,29.3,33.3,26.7,21.4,21.4,15.0,82,3.73,0.273,0.292,0.218,31.1,30.9,26.26841,73.00594,ERA5,Asia/Kolkata,Open-Meteo Historical Weather API
RJ-Jodhpur,2019-08-09,29.9,33.5,27.0,10.8,10.8,8.0,77,3.91,0.39,0.348,0.22,30.4,30.8,26.26841,73.00594,ERA5,Asia/Kolkata,Open-Meteo Historical Weather API
RJ-Jodhpur,2019-08-10,29.3,31.8,27.4,0.3,0.3,2.0,78,4.38,0.347,0.348,0.222,30.0,30.3,26.26841,73.00594,ERA5,Asia/Kolkata,Open-Meteo Historical Weather API
RJ-Jodhpur,2019-08-11,28.1,30.4,26.8,4.6,4.6,4.0,82,2.2,0.335,0.34,0.224,28.6,29.3,26.26841,73.00594,ERA5,Asia/Kolkata,Open-Meteo Historical Weather API
RJ-Jodhpur,2019-08-12,29.0,32.2,26.4,0.0,0.0,0.0,79,3.54,0.324,0.334,0.225,29.3,29.0,26.26841,73.00594,ERA5,Asia/Kolkata,Open-Meteo Historical Weather API
RJ-Jodhpur,2019-08-13,29.4,32.7,26.5,0.6,0.6,4.0,77,4.59,0.297,0.326,0.226,29.9,29.5,26.26841,73.00594,ERA5,Asia/Kolkata,Open-Meteo Historical Weather API
RJ-Jodhpur,2019-08-14,28.4,30.9,26.9,8.6,8.6,14.0,82,2.77,0.305,0.319,0.226,29.3,29.5,26.26841,73.00594,ERA5,Asia/Kolkata,Open-Meteo Historical Weather API
RJ-Jodhpur,2019-08-15,27.4,30.0,26.1,22.1,22.1,24.0,89,1.79,0.401,0.34,0.227,28.5,28.8,26.26841,73.00594,ERA5,Asia/Kolkata,Open-Meteo Historical Weather API
RJ-Jodhpur,2019-08-16,26.2,26.9,25.6,24.7,24.7,24.0,93,1.0,0.431,0.41,0.239,27.5,28.2,26.26841,73.00594,ERA5,Asia/Kolkata,Open-Meteo Historical Weather API
RJ-Jodhpur,2019-08-17,27.1,29.5,25.7,13.0,13.0,22.0,89,1.89,0.424,0.419,0.262,27.5,27.8,26.26841,73.00594,ERA5,Asia/Kolkata,Open-Meteo Historical Weather API
RJ-Jodhpur,2019-08-18,28.6,31.6,25.9,0.6,0.6,3.0,80,3.67,0.391,0.398,0.274,28.5,28.2,26.26841,73.00594,ERA5,Asia/Kolkata,Open-Meteo Historical Weather API
RJ-Jodhpur,2019-08-19,29.3,32.9,26.5,0.3,0.3,2.0,77,4.61,0.359,0.38,0.277,29.5,28.8,26.26841,73.00594,ERA5,Asia/Kolkata,Open-Meteo Historical Weather API
RJ-Jodhpur,2019-08-20,29.7,33.5,26.2,0.0,0.0,0.0,76,5.16,0.329,0.364,0.279,30.2,29.3,26.26841,73.00594,ERA5,Asia/Kolkata,Open-Meteo Historical Weather API
RJ-Jodhpur,2019-08-21,29.4,32.9,26.3,0.0,0.0,0.0,74,5.34,0.299,0.349,0.279,30.1,29.5,26.26841,73.00594,ERA5,Asia/Kolkata,Open-Meteo Historical Weather API
RJ-Jodhpur,2019-08-22,29.2,33.1,25.8,0.0,0.0,0.0,73,5.21,0.268,0.335,0.279,29.8,29.2,26.26841,73.00594,ERA5,Asia/Kolkata,Open-Meteo Historical Weather API
RJ-Jodhpur,2019-08-23,29.3,33.4,25.8,0.0,0.0,0.0,72,5.07,0.24,0.321,0.278,29.8,29.2,26.26841,73.00594,ERA5,Asia/Kolkata,Open-Meteo Historical Weather API
RJ-Jodhpur,2019-08-24,29.5,33.3,26.2,0.0,0.0,0.0,72,5.54,0.213,0.309,0.277,30.3,29.5,26.26841,73.00594,ERA5,Asia/Kolkata,Open-Meteo Historical Weather API
RJ-Jodhpur,2019-08-25,29.4,33.9,26.2,0.0,0.0,0.0,72,5.13,0.191,0.298,0.276,30.0,29.8,26.26841,73.00594,ERA5,Asia/Kolkata,Open-Meteo Historical Weather API
RJ-Jodhpur,2019-08-26,29.6,34.7,26.6,2.2,2.2,7.0,72,3.77,0.195,0.289,0.275,29.6,29.7,26.26841,73.00594,ERA5,Asia/Kolkata,Open-Meteo Historical Weather API
RJ-Jodhpur,2019-08-27,28.4,32.4,26.6,5.7,5.7,6.0,83,4.25,0.204,0.283,0.275,30.6,30.1,26.26841,73.00594,ERA5,Asia/Kolkata,Open-Meteo Historical Weather API
RJ-Jodhpur,2019-08-28,27.6,30.9,26.5,30.8,30.8,21.0,89,2.29,0.316,0.296,0.275,29.6,29.7,26.26841,73.00594,ERA5,Asia/Kolkata,Open-Meteo Historical Weather API
RJ-Jodhpur,2019-08-29,28.8,32.2,26.2,6.5,6.5,6.0,84,3.64,0.385,0.36,0.276,30.1,29.7,26.26841,73.00594,ERA5,Asia/Kolkata,Open-Meteo Historical Weather API
RJ-Jodhpur,2019-08-30,28.7,32.4,26.9,6.1,6.1,9.0,85,3.36,0.361,0.359,0.278,30.2,29.8,26.26841,73.00594,ERA5,Asia/Kolkata,Open-Meteo Historical Weather API
RJ-Jodhpur,2019-08-31,28.5,31.9,25.8,10.0,10.0,17.0,85,3.32,0.399,0.368,0.28,30.2,29.6,26.26841,73.00594,ERA5,Asia/Kolkata,Open-Meteo Historical Weather API
RJ-Jodhpur,2019-09-01,29.3,33.6,26.5,1.9,1.9,6.0,82,3.9,0.381,0.371,0.281,30.8,30.0,26.26841,73.00594,ERA5,Asia/Kolkata,Open-Meteo Historical Weather API
RJ-Jodhpur,2019-09-02,28.9,32.3,26.3,2.2,2.2,6.0,86,3.13,0.37,0.366,0.283,30.2,30.0,26.26841,73.00594,ERA5,Asia/Kolkata,Open-Meteo Historical Weather API
RJ-Jodhpur,2019-09-03,30.4,34.3,27.2,6.5,6.5,14.0,80,3.93,0.369,0.362,0.284,31.2,30.1,26.26841,73.00594,ERA5,Asia/Kolkata,Open-Meteo Historical Weather API
RJ-Jodhpur,2019-09-04,30.8,35.2,28.1,8.3,8.3,6.0,78,4.18,0.379,0.365,0.285,31.9,30.5,26.26841,73.00594,ERA5,Asia/Kolkata,Open-Meteo Historical Weather API
RJ-Jodhpur,2019-09-05,30.2,35.3,27.4,1.1,1.1,6.0,80,3.57,0.39,0.378,0.286,31.7,30.8,26.26841,73.00594,ERA5,Asia/Kolkata,Open-Meteo Historical Weather API
RJ-Jodhpur,2019-09-06,30.4,34.1,27.0,4.3,4.3,7.0,79,3.72,0.381,0.375,0.288,31.7,30.8,26.26841,73.00594,ERA5,Asia/Kolkata,Open-Meteo Historical Weather API
RJ-Jodhpur,2019-09-07,28.6,31.3,27.4,2.7,2.7,5.0,84,2.39,0.382,0.374,0.291,30.4,30.3,26.26841,73.00594,ERA5,Asia/Kolkata,Open-Meteo Historical Weather API
RJ-Jodhpur,2019-09-08,30.4,34.9,26.4,0.0,0.0,0.0,79,4.18,0.359,0.37,0.293,30.9,30.1,26.26841,73.00594,ERA5,Asia/Kolkata,Open-Meteo Historical Weather API
RJ-Jodhpur,2019-09-09,31.5,35.7,28.2,0.0,0.0,0.0,77,4.19,0.327,0.359,0.294,32.0,30.7,26.26841,73.00594,ERA5,Asia/Kolkata,Open-Meteo Historical Weather API
RJ-Jodhpur,2019-09-10,31.1,34.6,27.8,0.1,0.1,1.0,80,4.39,0.304,0.348,0.294,31.6,30.9,26.26841,73.00594,ERA5,Asia/Kolkata,Open-Meteo Historical Weather API
RJ-Jodhpur,2019-09-11,30.6,34.3,27.8,0.0,0.0,0.0,80,4.58,0.281,0.337,0.294,31.4,30.8,26.26841,73.00594,ERA5,Asia/Kolkata,Open-Meteo Historical Weather API
RJ-Jodhpur,2019-09-12,29.7,32.8,27.4,0.0,0.0,0.0,82,4.36,0.259,0.327,0.294,30.9,30.5,26.26841,73.00594,ERA5,Asia/Kolkata,Open-Meteo Historical Weather API
RJ-Jodhpur,2019-09-13,29.2,32.7,26.7,0.0,0.0,0.0,81,4.26,0.243,0.318,0.294,30.3,30.2,26.26841,73.00594,ERA5,Asia/Kolkata,Open-Meteo Historical Weather API
RJ-Jodhpur,2019-09-14,29.2,32.4,26.9,0.0,0.0,0.0,82,4.25,0.225,0.31,0.294,30.4,30.2,26.26841,73.00594,ERA5,Asia/Kolkata,Open-Meteo Historical Weather API
RJ-Jodhpur,2019-09-15,29.2,32.8,26.2,0.0,0.0,0.0,80,4.5,0.205,0.302,0.294,30.4,30.2,26.26841,73.00594,ERA5,Asia/Kolkata,Open-Meteo Historical Weather API
RJ-Jodhpur,2019-09-16,29.3,33.3,26.4,0.0,0.0,0.0,79,5.07,0.183,0.293,0.293,30.7,30.2,26.26841,73.00594,ERA5,Asia/Kolkata,Open-Meteo Historical Weather API
RJ-Jodhpur,2019-09-17,29.1,33.7,25.6,0.0,0.0,0.0,78,4.92,0.162,0.284,0.292,30.7,30.2,26.26841,73.00594,ERA5,Asia/Kolkata,Open-Meteo Historical Weather API
RJ-Jodhpur,2019-09-18,29.6,35.2,26.0,0.0,0.0,0.0,74,5.05,0.143,0.276,0.291,31.3,30.6,26.26841,73.00594,ERA5,Asia/Kolkata,Open-Meteo Historical Weather API
RJ-Jodhpur,2019-09-19,30.5,34.8,26.3,0.0,0.0,0.0,72,5.18,0.128,0.269,0.29,32.4,31.3,26.26841,73.00594,ERA5,Asia/Kolkata,Open-Meteo Historical Weather API
RJ-Jodhpur,2019-09-20,29.7,34.0,25.9,0.0,0.0,0.0,69,5.24,0.113,0.261,0.289,32.2,31.5,26.26841,73.00594,ERA5,Asia/Kolkata,Open-Meteo Historical Weather API
RJ-Jodhpur,2019-09-21,29.6,34.6,26.0,0.1,0.1,1.0,71,5.11,0.105,0.255,0.288,32.5,31.6,26.26841,73.00594,ERA5,Asia/Kolkata,Open-Meteo Historical Weather API
RJ-Jodhpur,2019-09-22,29.7,35.6,25.4,0.3,0.3,2.0,72,4.94,0.099,0.248,0.287,33.0,32.0,26.26841,73.00594,ERA5,Asia/Kolkata,Open-Meteo Historical Weather API
RJ-Jodhpur,2019-09-23,29.8,34.5,25.8,0.0,0.0,0.0,66,5.08,0.096,0.243,0.285,33.4,32.4,26.26841,73.00594,ERA5,Asia/Kolkata,Open-Meteo Historical Weather API
RJ-Jodhpur,2019-09-24,29.6,34.4,25.8,0.0,0.0,0.0,67,5.15,0.089,0.237,0.284,33.2,32.5,26.26841,73.00594,ERA5,Asia/Kolkata,Open-Meteo Historical Weather API
RJ-Jodhpur,2019-09-25,29.5,34.2,26.0,0.0,0.0,0.0,69,5.14,0.089,0.233,0.283,32.9,32.4,26.26841,73.00594,ERA5,Asia/Kolkata,Open-Meteo Historical Weather API
RJ-Jodhpur,2019-09-26,29.5,33.9,25.9,0.6,0.6,3.0,72,4.42,0.09,0.229,0.282,32.6,32.2,26.26841,73.00594,ERA5,Asia/Kolkata,Open-Meteo Historical Weather API
RJ-Jodhpur,2019-09-27,28.7,33.7,25.6,2.8,2.8,7.0,75,3.64,0.1,0.225,0.28,32.7,32.3,26.26841,73.00594,ERA5,Asia/Kolkata,Open-Meteo Historical Weather API
RJ-Jodhpur,2019-09-28,28.5,32.7,24.9,0.6,0.6,2.0,76,4.1,0.119,0.224,0.28,32.0,32.0,26.26841,73.00594,ERA5,Asia/Kolkata,Open-Meteo Historical Weather API
RJ-Jodhpur,2019-09-29,27.6,30.7,25.7,1.6,1.6,5.0,78,3.38,0.121,0.223,0.279,31.1,31.6,26.26841,73.00594,ERA5,Asia/Kolkata,Open-Meteo Historical Weather API
RJ-Jodhpur,2019-09-30,28.4,32.8,24.4,0.0,0.0,0.0,73,4.43,0.118,0.222,0.278,31.7,31.1,26.26841,73.00594,ERA5,Asia/Kolkata,Open-Meteo Historical Weather API
RJ-Jodhpur,2019-10-01,29.8,35.0,25.3,0.9,0.9,2.0,65,4.51,0.104,0.219,0.277,33.1,31.8,26.26841,73.00594,ERA5,Asia/Kolkata,Open-Meteo Historical Weather API
RJ-Jodhpur,2019-10-02,27.3,33.2,23.2,10.5,10.5,9.0,77,3.82,0.136,0.218,0.276,31.2,31.9,26.26841,73.00594,ERA5,Asia/Kolkata,Open-Meteo Historical Weather API
RJ-Jodhpur,2019-10-03,27.7,32.9,24.3,9.3,9.3,8.0,76,4.13,0.224,0.218,0.274,30.1,30.6,26.26841,73.00594,ERA5,Asia/Kolkata,Open-Meteo Historical Weather API
RJ-Jodhpur,2019-10-04,26.6,31.9,22.3,0.9,0.9,4.0,75,4.11,0.296,0.225,0.272,29.1,29.7,26.26841,73.00594,ERA5,Asia/Kolkata,Open-Meteo Historical Weather API
RJ-Jodhpur,2019-10-05,27.7,33.3,23.4,0.4,0.4,1.0,68,4.42,0.258,0.227,0.269,29.5,29.5,26.26841,73.00594,ERA5,Asia/Kolkata,Open-Meteo Historical Weather API
RJ-Jodhpur,2019-10-06,27.4,32.9,23.4,0.3,0.3,3.0,68,4.0,0.224,0.226,0.267,28.9,29.1,26.26841,73.00594,ERA5,Asia/Kolkata,Open-Meteo Historical Weather API
RJ-Jodhpur,2019-10-07,27.3,32.4,23.6,0.4,0.4,2.0,69,4.45,0.196,0.223,0.265,29.0,29.1,26.26841,73.00594,ERA5,Asia/Kolkata,Open-Meteo Historical Weather API
RJ-Jodhpur,2019-10-08,27.3,33.4,22.8,0.0,0.0,0.0,61,5.04,0.159,0.22,0.263,28.8,29.0,26.26841,73.00594,ERA5,Asia/Kolkata,Open-Meteo Historical Weather API
RJ-Jodhpur,2019-10-09,27.3,34.1,20.4,0.0,0.0,0.0,57,4.64,0.123,0.215,0.26,28.8,28.6,26.26841,73.00594,ERA5,Asia/Kolkata,Open-Meteo Historical Weather API
RJ-Jodhpur,2019-10-10,28.4,34.8,22.7,0.0,0.0,0.0,49,4.61,0.104,0.212,0.259,29.7,29.0,26.26841,73.00594,ERA5,Asia/Kolkata,Open-Meteo Historical Weather API
RJ-Jodhpur,2019-10-11,28.5,35.7,22.2,0.0,0.0,0.0,50,5.04,0.09,0.209,0.258,30.4,29.6,26.26841,73.00594,ERA5,Asia/Kolkata,Open-Meteo Historical Weather API
RJ-Jodhpur,2019-10-12,29.0,36.2,23.2,0.0,0.0,0.0,47,5.11,0.084,0.206,0.257,31.1,30.2,26.26841,73.00594,ERA5,Asia/Kolkata,Open-Meteo Historical Weather API
RJ-Jodhpur,2019-10-13,29.9,36.5,24.6,0.0,0.0,0.0,43,5.01,0.08,0.203,0.256,32.1,30.8,26.26841,73.00594,ERA5,Asia/Kolkata,Open-Meteo Historical Weather API
RJ-Jodhpur,2019-10-14,29.9,36.6,24.2,0.0,0.0,0.0,45,4.7,0.077,0.201,0.255,32.4,31.4,26.26841,73.00594,ERA5,Asia/Kolkata,Open-Meteo Historical Weather API
RJ-Jodhpur,2019-10-15,30.0,36.0,25.2,0.0,0.0,0.0,47,4.53,0.075,0.199,0.254,32.3,31.7,26.26841,73.00594,ERA5,Asia/Kolkata,Open-Meteo Historical Weather API
RJ-Jodhpur,2019-10-16,29.9,36.8,23.7,0.0,0.0,0.0,45,4.77,0.074,0.197,0.253,32.3,31.6,26.26841,73.00594,ERA5,Asia/Kolkata,Open-Meteo Historical Weather API
RJ-Jodhpur,2019-10-17,29.7,36.4,23.9,0.0,0.0,0.0,43,4.4,0.071,0.194,0.252,32.2,31.7,26.26841,73.00594,ERA5,Asia/Kolkata,Open-Meteo Historical Weather API
RJ-Jodhpur,2019-10-18,29.0,35.1,23.4,0.0,0.0,0.0,47,4.93,0.071,0.193,0.251,31.8,31.5,26.26841,73.00594,ERA5,Asia/Kolkata,Open-Meteo Historical Weather API
RJ-Jodhpur,2019-10-19,28.8,35.5,23.4,0.0,0.0,0.0,47,4.88,0.073,0.191,0.251,31.5,31.4,26.26841,73.00594,ERA5,Asia/Kolkata,Open-Meteo Historical Weather API
RJ-Jodhpur,2019-10-20,28.0,34.6,22.4,0.2,0.2,1.0,47,4.89,0.071,0.19,0.25,30.7,31.1,26.26841,73.00594,ERA5,Asia/Kolkata,Open-Meteo Historical Weather API
RJ-Jodhpur,2019-10-21,26.9,34.9,20.8,0.0,0.0,0.0,44,4.94,0.073,0.19,0.25,30.0,30.5,26.26841,73.00594,ERA5,Asia/Kolkata,Open-Meteo Historical Weather API
RJ-Jodhpur,2019-10-22,25.9,34.0,18.7,0.0,0.0,0.0,46,4.41,0.069,0.189,0.25,29.1,30.0,26.26841,73.00594,ERA5,Asia/Kolkata,Open-Meteo Historical Weather API
RJ-Jodhpur,2019-10-23,26.1,34.8,18.8,0.0,0.0,0.0,42,4.93,0.071,0.188,0.249,28.9,29.8,26.26841,73.00594,ERA5,Asia/Kolkata,Open-Meteo Historical Weather API
RJ-Jodhpur,2019-10-24,26.1,35.1,18.7,0.0,0.0,0.0,44,4.69,0.068,0.186,0.248,28.8,29.5,26.26841,73.00594,ERA5,Asia/Kolkata,Open-Meteo Historical Weather API
RJ-Jodhpur,2019-10-25,26.4,34.5,19.8,0.0,0.0,0.0,44,4.87,0.068,0.186,0.248,28.8,29.5,26.26841,73.00594,ERA5,Asia/Kolkata,Open-Meteo Historical Weather API
RJ-Jodhpur,2019-10-26,26.0,33.5,19.9,0.0,0.0,0.0,46,5.6,0.069,0.185,0.247,28.6,29.4,26.26841,73.00594,ERA5,Asia/Kolkata,Open-Meteo Historical Weather API
RJ-Jodhpur,2019-10-27,25.2,32.8,18.9,0.0,0.0,0.0,48,5.33,0.068,0.184,0.246,27.8,29.1,26.26841,73.00594,ERA5,Asia/Kolkata,Open-Meteo Historical Weather API
RJ-Jodhpur,2019-10-28,25.1,32.5,19.0,0.0,0.0,0.0,51,4.46,0.073,0.185,0.248,27.1,28.5,26.26841,73.00594,ERA5,Asia/Kolkata,Open-Meteo Historical Weather API
RJ-Jodhpur,2019-10-29,26.4,31.8,21.9,0.0,0.0,0.0,55,3.71,0.072,0.185,0.248,28.4,28.6,26.26841,73.00594,ERA5,Asia/Kolkata,Open-Meteo Historical Weather API
RJ-Jodhpur,2019-10-30,27.3,32.8,23.1,0.3,0.3,1.0,64,3.15,0.069,0.185,0.247,29.5,29.2,26.26841,73.00594,ERA5,Asia/Kolkata,Open-Meteo Historical Weather API
RJ-Jodhpur,2019-10-31,28.5,35.0,22.9,0.0,0.0,0.0,58,4.13,0.065,0.183,0.246,31.2,30.1,26.26841,73.00594,ERA5,Asia/Kolkata,Open-Meteo Historical Weather API
RJ-Jodhpur,2019-11-01,27.8,34.2,22.6,0.0,0.0,0.0,51,4.8,0.065,0.182,0.245,31.0,30.6,26.26841,73.00594,ERA5,Asia/Kolkata,Open-Meteo Historical Weather API
RJ-Jodhpur,2019-11-02,26.4,31.9,22.8,0.0,0.0,0.0,52,4.96,0.07,0.183,0.246,29.5,30.2,26.26841,73.00594,ERA5,Asia/Kolkata,Open-Meteo Historical Weather API
RJ-Jodhpur,2019-11-03,26.1,31.0,22.5,0.7,0.7,3.0,64,3.68,0.069,0.183,0.246,29.5,29.7,26.26841,73.00594,ERA5,Asia/Kolkata,Open-Meteo Historical Weather API
RJ-Jodhpur,2019-11-04,27.0,33.0,22.0,0.0,0.0,0.0,55,4.52,0.066,0.182,0.245,30.3,29.8,26.26841,73.00594,ERA5,Asia/Kolkata,Open-Meteo Historical Weather API
RJ-Jodhpur,2019-11-05,26.3,33.2,20.5,0.0,0.0,0.0,45,4.92,0.063,0.181,0.244,29.3,29.7,26.26841,73.00594,ERA5,Asia/Kolkata,Open-Meteo Historical Weather API
RJ-Jodhpur,2019-11-06,26.1,32.9,20.5,0.0,0.0,0.0,54,4.51,0.066,0.18,0.243,28.3,29.1,26.26841,73.00594,ERA5,Asia/Kolkata,Open-Meteo Historical Weather API
RJ-Jodhpur,2019-11-07,25.6,31.0,21.1,1.9,1.9,3.0,57,3.87,0.086,0.18,0.243,29.0,29.0,26.26841,73.00594,ERA5,Asia/Kolkata,Open-Meteo Historical Weather API
RJ-Jodhpur,2019-11-08,24.1,30.3,18.6,0.0,0.0,0.0,49,5.37,0.084,0.179,0.243,27.0,28.2,26.26841,73.00594,ERA5,Asia/Kolkata,Open-Meteo Historical Weather API
RJ-Jodhpur,2019-11-09,23.5,29.0,19.4,0.0,0.0,0.0,53,4.6,0.086,0.18,0.243,26.2,27.6,26.26841,73.00594,ERA5,Asia/Kolkata,Open-Meteo Historical Weather API
RJ-Jodhpur,2019-11-10,24.5,30.7,20.0,0.0,0.0,0.0,49,4.41,0.084,0.18,0.242,26.9,27.5,26.26841,73.00594,ERA5,Asia/Kolkata,Open-Meteo Historical Weather API
RJ-Jodhpur,2019-11-11,25.2,31.3,19.9,0.0,0.0,0.0,52,3.69,0.083,0.179,0.242,27.4,27.8,26.26841,73.00594,ERA5,Asia/Kolkata,Open-Meteo Historical Weather API
RJ-Jodhpur,2019-11-12,25.6,32.3,20.8,0.4,0.4,2.0,58,3.71,0.081,0.178,0.241,28.1,28.3,26.26841,73.00594,ERA5,Asia/Kolkata,Open-Meteo Historical Weather API
RJ-Jodhpur,2019-11-13,24.9,31.3,20.0,0.0,0.0,0.0,61,3.51,0.085,0.179,0.241,27.3,28.2,26.26841,73.00594,ERA5,Asia/Kolkata,Open-Meteo Historical Weather API
RJ-Jodhpur,2019-11-14,23.7,28.8,20.9,0.0,0.0,0.0,64,3.57,0.081,0.18,0.242,26.7,27.9,26.26841,73.00594,ERA5,Asia/Kolkata,Open-Meteo Historical Weather API
RJ-Jodhpur,2019-11-15,22.3,28.7,18.7,3.2,3.2,4.0,73,3.4,0.095,0.18,0.242,25.8,27.2,26.26841,73.00594,ERA5,Asia/Kolkata,Open-Meteo Historical Weather API
RJ-Jodhpur,2019-11-16,23.3,29.8,18.8,0.0,0.0,0.0,69,3.73,0.113,0.181,0.243,25.3,26.4,26.26841,73.00594,ERA5,Asia/Kolkata,Open-Meteo Historical Weather API
RJ-Jodhpur,2019-11-17,23.0,28.8,18.9,0.0,0.0,0.0,70,3.79,0.095,0.181,0.242,25.3,26.2,26.26841,73.00594,ERA5,Asia/Kolkata,Open-Meteo Historical Weather API
RJ-Jodhpur,2019-11-18,22.3,28.7,17.4,0.0,0.0,0.0,70,3.47,0.083,0.18,0.241,25.4,26.1,26.26841,73.00594,ERA5,Asia/Kolkata,Open-Meteo Historical Weather API
RJ-Jodhpur,2019-11-19,22.1,28.9,16.8,0.0,0.0,0.0,62,3.55,0.073,0.179,0.24,25.6,26.1,26.26841,73.00594,ERA5,Asia/Kolkata,Open-Meteo Historical Weather API
RJ-Jodhpur,2019-11-20,22.6,30.4,16.3,0.0,0.0,0.0,56,3.88,0.075,0.178,0.239,25.4,26.1,26.26841,73.00594,ERA5,Asia/Kolkata,Open-Meteo Historical Weather API
RJ-Jodhpur,2019-11-21,23.7,31.3,17.3,0.0,0.0,0.0,55,3.95,0.07,0.177,0.239,25.8,26.2,26.26841,73.00594,ERA5,Asia/Kolkata,Open-Meteo Historical Weather API
RJ-Jodhpur,2019-11-22,24.5,31.4,20.1,0.0,0.0,0.0,57,3.82,0.071,0.176,0.238,26.3,26.8,26.26841,73.00594,ERA5,Asia/Kolkata,Open-Meteo Historical Weather API
RJ-Jodhpur,2019-11-23,23.9,29.6,19.8,0.0,0.0,0.0,60,3.87,0.07,0.175,0.237,26.5,27.1,26.26841,73.00594,ERA5,Asia/Kolkata,Open-Meteo Historical Weather API
RJ-Jodhpur,2019-11-24,22.6,28.2,18.5,0.0,0.0,0.0,58,3.45,0.067,0.175,0.237,25.0,26.6,26.26841,73.00594,ERA5,Asia/Kolkata,Open-Meteo Historical Weather API
RJ-Jodhpur,2019-11-25,23.4,30.2,18.4,0.0,0.0,0.0,58,3.79,0.068,0.175,0.237,26.0,26.4,26.26841,73.00594,ERA5,Asia/Kolkata,Open-Meteo Historical Weather API
RJ-Jodhpur,2019-11-26,22.3,26.8,18.7,1.0,1.0,5.0,68,3.1,0.075,0.174,0.236,25.1,26.4,26.26841,73.00594,ERA5,Asia/Kolkata,Open-Meteo Historical Weather API
RJ-Jodhpur,2019-11-27,21.3,27.3,17.0,1.5,1.5,4.0,72,3.1,0.09,0.174,0.236,24.3,25.7,26.26841,73.00594,ERA5,Asia/Kolkata,Open-Meteo Historical Weather API
RJ-Jodhpur,2019-11-28,20.3,26.7,15.9,0.0,0.0,0.0,59,4.01,0.085,0.174,0.236,23.1,24.8,26.26841,73.00594,ERA5,Asia/Kolkata,Open-Meteo Historical Weather API
RJ-Jodhpur,2019-11-29,19.1,25.0,15.0,0.0,0.0,0.0,70,3.53,0.084,0.175,0.237,22.2,24.0,26.26841,73.00594,ERA5,Asia/Kolkata,Open-Meteo Historical Weather API
RJ-Jodhpur,2019-11-30,18.4,24.8,13.6,0.0,0.0,0.0,72,3.09,0.087,0.176,0.238,21.2,23.2,26.26841,73.00594,ERA5,Asia/Kolkata,Open-Meteo Historical Weather API
RJ-Jodhpur,2019-12-01,19.3,25.9,14.5,0.0,0.0,0.0,61,3.79,0.081,0.177,0.238,21.8,23.1,26.26841,73.00594,ERA5,Asia/Kolkata,Open-Meteo Historical Weather API
RJ-Jodhpur,2019-12-02,19.4,27.3,13.6,0.0,0.0,0.0,50,4.37,0.073,0.176,0.238,21.6,23.0,26.26841,73.00594,ERA5,Asia/Kolkata,Open-Meteo Historical Weather API
RJ-Jodhpur,2019-12-03,18.7,27.2,12.0,0.0,0.0,0.0,46,4.31,0.07,0.175,0.236,20.9,22.6,26.26841,73.00594,ERA5,Asia/Kolkata,Open-Meteo Historical Weather API
RJ-Jodhpur,2019-12-04,19.3,28.7,12.0,0.0,0.0,0.0,42,4.26,0.071,0.173,0.235,21.1,22.4,26.26841,73.00594,ERA5,Asia/Kolkata,Open-Meteo Historical Weather API
RJ-Jodhpur,2019-12-05,20.9,28.8,15.1,0.0,0.0,0.0,40,4.61,0.066,0.172,0.234,22.6,22.8,26.26841,73.00594,ERA5,Asia/Kolkata,Open-Meteo Historical Weather API
RJ-Jodhpur,2019-12-06,19.3,25.0,14.6,0.0,0.0,0.0,46,3.9,0.066,0.172,0.233,21.3,23.0,26.26841,73.00594,ERA5,Asia/Kolkata,Open-Meteo Historical Weather API
RJ-Jodhpur,2019-12-07,18.3,25.4,12.8,0.0,0.0,0.0,56,3.84,0.066,0.172,0.233,20.7,22.3,26.26841,73.00594,ERA5,Asia/Kolkata,Open-Meteo Historical Weather API
RJ-Jodhpur,2019-12-08,17.8,25.7,11.7,0.0,0.0,0.0,60,3.59,0.066,0.171,0.233,20.2,21.9,26.26841,73.00594,ERA5,Asia/Kolkata,Open-Meteo Historical Weather API
RJ-Jodhpur,2019-12-09,18.5,26.4,12.7,0.0,0.0,0.0,53,3.62,0.068,0.171,0.232,20.5,21.9,26.26841,73.00594,ERA5,Asia/Kolkata,Open-Meteo Historical Weather API
RJ-Jodhpur,2019-12-10,18.8,27.5,12.5,0.0,0.0,0.0,54,3.43,0.068,0.17,0.231,20.9,22.1,26.26841,73.00594,ERA5,Asia/Kolkata,Open-Meteo Historical Weather API
RJ-Jodhpur,2019-12-11,19.7,27.6,12.9,0.0,0.0,0.0,54,3.24,0.069,0.17,0.231,21.6,22.3,26.26841,73.00594,ERA5,Asia/Kolkata,Open-Meteo Historical Weather API
RJ-Jodhpur,2019-12-12,20.0,25.3,16.8,2.5,2.5,8.0,68,3.02,0.09,0.17,0.231,22.2,22.9,26.26841,73.00594,ERA5,Asia/Kolkata,Open-Meteo Historical Weather API
RJ-Jodhpur,2019-12-13,16.5,20.5,13.2,0.0,0.0,0.0,76,2.6,0.116,0.169,0.231,20.5,21.8,26.26841,73.00594,ERA5,Asia/Kolkata,Open-Meteo Historical Weather API
RJ-Jodhpur,2019-12-14,15.7,22.1,10.6,0.0,0.0,0.0,66,3.08,0.108,0.17,0.232,18.3,20.2,26.26841,73.00594,ERA5,Asia/Kolkata,Open-Meteo Historical Weather API
RJ-Jodhpur,2019-12-15,15.1,20.5,11.0,0.0,0.0,0.0,69,3.01,0.102,0.17,0.233,17.6,19.5,26.26841,73.00594,ERA5,Asia/Kolkata,Open-Meteo Historical Weather API
RJ-Jodhpur,2019-12-16,13.8,19.6,10.0,0.0,0.0,0.0,70,2.79,0.101,0.171,0.234,16.7,19.0,26.26841,73.00594,ERA5,Asia/Kolkata,Open-Meteo Historical Weather API
RJ-Jodhpur,2019-12-17,13.3,19.5,8.1,0.0,0.0,0.0,65,2.99,0.093,0.172,0.235,15.9,18.3,26.26841,73.00594,ERA5,Asia/Kolkata,Open-Meteo Historical Weather API
RJ-Jodhpur,2019-12-18,14.8,22.9,8.5,0.0,0.0,0.0,58,3.22,0.081,0.17,0.232,16.9,18.2,26.26841,73.00594,ERA5,Asia/Kolkata,Open-Meteo Historical Weather API
RJ-Jodhpur,2019-12-19,17.3,25.5,10.5,0.0,0.0,0.0,46,3.59,0.072,0.169,0.23,18.9,19.0,26.26841,73.00594,ERA5,Asia/Kolkata,Open-Meteo Historical Weather API
RJ-Jodhpur,2019-12-20,19.3,27.2,13.4,0.0,0.0,0.0,46,3.58,0.069,0.169,0.229,20.9,20.5,26.26841,73.00594,ERA5,Asia/Kolkata,Open-Meteo Historical Weather API
RJ-Jodhpur,2019-12-21,18.8,25.6,13.8,0.0,0.0,0.0,49,4.09,0.064,0.169,0.228,20.5,21.0,26.26841,73.00594,ERA5,Asia/Kolkata,Open-Meteo Historical Weather API
RJ-Jodhpur,2019-12-22,17.6,24.9,11.8,0.0,0.0,0.0,49,4.28,0.052,0.168,0.226,19.9,20.8,26.26841,73.00594,ERA5,Asia/Kolkata,Open-Meteo Historical Weather API
RJ-Jodhpur,2019-12-23,17.5,25.4,10.7,0.0,0.0,0.0,47,4.24,0.051,0.168,0.224,19.7,20.5,26.26841,73.00594,ERA5,Asia/Kolkata,Open-Meteo Historical Weather API
RJ-Jodhpur,2019-12-24,18.8,24.4,14.7,0.0,0.0,0.0,44,3.87,0.058,0.168,0.224,20.6,21.2,26.26841,73.00594,ERA5,Asia/Kolkata,Open-Meteo Historical Weather API
RJ-Jodhpur,2019-12-25,16.5,22.8,10.9,0.0,0.0,0.0,53,3.73,0.059,0.167,0.224,19.5,20.9,26.26841,73.00594,ERA5,Asia/Kolkata,Open-Meteo Historical Weather API
RJ-Jodhpur,2019-12-26,14.9,23.3,8.2,0.0,0.0,0.0,41,3.81,0.059,0.167,0.224,17.9,19.8,26.26841,73.00594,ERA5,Asia/Kolkata,Open-Meteo Historical Weather API
RJ-Jodhpur,2019-12-27,15.0,24.5,7.1,0.0,0.0,0.0,35,4.13,0.062,0.167,0.223,17.4,19.0,26.26841,73.00594,ERA5,Asia/Kolkata,Open-Meteo Historical Weather API
RJ-Jodhpur,2019-12-28,14.5,23.6,6.9,0.0,0.0,0.0,36,4.17,0.068,0.167,0.223,16.4,18.6,26.26841,73.00594,ERA5,Asia/Kolkata,Open-Meteo Historical Weather API
RJ-Jodhpur,2019-12-29,13.8,21.2,7.1,0.0,0.0,0.0,47,3.76,0.07,0.166,0.224,15.8,18.2,26.26841,73.00594,ERA5,Asia/Kolkata,Open-Meteo Historical Weather API
RJ-Jodhpur,2019-12-30,13.8,21.4,7.2,0.0,0.0,0.0,46,3.49,0.067,0.166,0.224,16.3,18.1,26.26841,73.00594,ERA5,Asia/Kolkata,Open-Meteo Historical Weather API
RJ-Jodhpur,2019-12-31,13.5,19.9,8.0,0.0,0.0,0.0,53,3.49,0.075,0.165,0.225,15.7,18.0,26.26841,73.00594,ERA5,Asia/Kolkata,Open-Meteo Historical Weather API
RJ-Jodhpur,2020-01-01,14.5,20.8,8.3,0.0,0.0,0.0,62,3.21,0.076,0.164,0.227,16.0,18.0,26.26841,73.00594,ERA5,Asia/Kolkata,Open-Meteo Historical Weather API
RJ-Jodhpur,2020-01-02,15.9,21.3,10.9,0.0,0.0,0.0,63,3.1,0.078,0.164,0.229,17.7,18.8,26.26841,73.00594,ERA5,Asia/Kolkata,Open-Meteo Historical Weather API
RJ-Jodhpur,2020-01-03,16.7,23.0,11.5,0.0,0.0,0.0,54,3.6,0.07,0.164,0.229,18.6,19.2,26.26841,73.00594,ERA5,Asia/Kolkata,Open-Meteo Historical Weather API
RJ-Jodhpur,2020-01-04,16.5,23.7,10.8,0.0,0.0,0.0,53,3.22,0.064,0.164,0.229,18.9,19.3,26.26841,73.00594,ERA5,Asia/Kolkata,Open-Meteo Historical Weather API
RJ-Jodhpur,2020-01-05,16.7,24.8,10.0,0.0,0.0,0.0,56,3.08,0.068,0.164,0.23,18.6,19.5,26.26841,73.00594,ERA5,Asia/Kolkata,Open-Meteo Historical Weather API
RJ-Jodhpur,2020-01-06,17.3,23.9,11.9,0.3,0.3,1.0,56,3.11,0.072,0.164,0.23,18.5,19.6,26.26841,73.00594,ERA5,Asia/Kolkata,Open-Meteo Historical Weather API
RJ-Jodhpur,2020-01-07,16.5,22.3,12.3,0.0,0.0,0.0,69,3.02,0.075,0.164,0.23,19.0,19.7,26.26841,73.00594,ERA5,Asia/Kolkata,Open-Meteo Historical Weather API
RJ-Jodhpur,2020-01-08,14.7,19.3,11.6,0.0,0.0,0.0,67,2.93,0.076,0.165,0.233,18.1,19.2,26.26841,73.00594,ERA5,Asia/Kolkata,Open-Meteo Historical Weather API
RJ-Jodhpur,2020-01-09,13.6,20.2,7.8,0.0,0.0,0.0,57,3.43,0.07,0.165,0.233,16.3,18.0,26.26841,73.00594,ERA5,Asia/Kolkata,Open-Meteo Historical Weather API
RJ-Jodhpur,2020-01-10,13.6,20.4,7.4,0.0,0.0,0.0,49,3.83,0.061,0.165,0.231,16.1,17.6,26.26841,73.00594,ERA5,Asia/Kolkata,Open-Meteo Historical Weather API
RJ-Jodhpur,2020-01-11,16.2,24.1,9.8,0.0,0.0,0.0,38,4.16,0.058,0.164,0.23,17.8,18.0,26.26841,73.00594,ERA5,Asia/Kolkata,Open-Meteo Historical Weather API
RJ-Jodhpur,2020-01-12,18.7,26.7,10.9,0.0,0.0,0.0,50,3.55,0.066,0.164,0.231,19.6,19.1,26.26841,73.00594,ERA5,Asia/Kolkata,Open-Meteo Historical Weather API
RJ-Jodhpur,2020-01-13,16.0,19.2,12.1,1.3,1.3,5.0,75,1.72,0.086,0.164,0.231,18.1,20.0,26.26841,73.00594,ERA5,Asia/Kolkata,Open-Meteo Historical Weather API
RJ-Jodhpur,2020-01-14,13.5,19.3,8.0,0.0,0.0,0.0,69,2.82,0.096,0.164,0.232,16.3,17.8,26.26841,73.00594,ERA5,Asia/Kolkata,Open-Meteo Historical Weather API
RJ-Jodhpur,2020-01-15,14.2,20.3,9.1,0.0,0.0,0.0,65,3.0,0.092,0.164,0.232,16.0,17.4,26.26841,73.00594,ERA5,Asia/Kolkata,Open-Meteo Historical Weather API
RJ-Jodhpur,2020-01-16,13.7,17.6,11.5,0.0,0.0,0.0,64,2.2,0.088,0.165,0.232,15.6,17.4,26.26841,73.00594,ERA5,Asia/Kolkata,Open-Meteo Historical Weather API
RJ-Jodhpur,2020-01-17,13.7,19.9,8.0,0.0,0.0,0.0,61,3.07,0.082,0.165,0.232,16.5,17.0,26.26841,73.00594,ERA5,Asia/Kolkata,Open-Meteo Historical Weather API
RJ-Jodhpur,2020-01-18,14.2,21.6,7.9,0.0,0.0,0.0,58,3.49,0.076,0.165,0.232,16.6,17.3,26.26841,73.00594,ERA5,Asia/Kolkata,Open-Meteo Historical Weather API
RJ-Jodhpur,2020-01-19,14.2,21.0,8.5,0.0,0.0,0.0,54,3.59,0.076,0.165,0.232,16.5,17.5,26.26841,73.00594,ERA5,Asia/Kolkata,Open-Meteo Historical Weather API
RJ-Jodhpur,2020-01-20,15.0,21.9,9.1,0.0,0.0,0.0,52,3.17,0.077,0.165,0.232,16.8,17.6,26.26841,73.00594,ERA5,Asia/Kolkata,Open-Meteo Historical Weather API
RJ-Jodhpur,2020-01-21,16.7,24.1,10.0,0.0,0.0,0.0,48,3.83,0.072,0.165,0.231,18.5,18.2,26.26841,73.00594,ERA5,Asia/Kolkata,Open-Meteo Historical Weather API
RJ-Jodhpur,2020-01-22,17.1,24.1,11.3,0.0,0.0,0.0,59,3.99,0.07,0.165,0.231,18.7,18.8,26.26841,73.00594,ERA5,Asia/Kolkata,Open-Meteo Historical Weather API
RJ-Jodhpur,2020-01-23,16.4,23.1,10.2,0.0,0.0,0.0,45,4.23,0.064,0.165,0.231,18.6,18.9,26.26841,73.00594,ERA5,Asia/Kolkata,Open-Meteo Historical Weather API
RJ-Jodhpur,2020-01-24,15.8,23.8,9.1,0.0,0.0,0.0,41,3.87,0.066,0.165,0.23,18.2,18.7,26.26841,73.00594,ERA5,Asia/Kolkata,Open-Meteo Historical Weather API
RJ-Jodhpur,2020-01-25,17.7,26.3,9.9,0.0,0.0,0.0,38,3.82,0.067,0.165,0.23,19.2,18.9,26.26841,73.00594,ERA5,Asia/Kolkata,Open-Meteo Historical Weather API
RJ-Jodhpur,2020-01-26,19.7,28.0,10.1,0.0,0.0,0.0,40,3.64,0.068,0.165,0.23,20.4,19.9,26.26841,73.00594,ERA5,Asia/Kolkata,Open-Meteo Historical Weather API
RJ-Jodhpur,2020-01-27,20.5,27.3,14.8,0.0,0.0,0.0,46,4.03,0.072,0.165,0.23,21.3,20.7,26.26841,73.00594,ERA5,Asia/Kolkata,Open-Meteo Historical Weather API
RJ-Jodhpur,2020-01-28,17.7,21.7,14.5,0.0,0.0,0.0,58,3.16,0.072,0.165,0.23,20.3,20.7,26.26841,73.00594,ERA5,Asia/Kolkata,Open-Meteo Historical Weather API
RJ-Jodhpur,2020-01-29,16.3,22.4,11.0,0.0,0.0,0.0,51,3.28,0.075,0.165,0.23,19.0,19.7,26.26841,73.00594,ERA5,Asia/Kolkata,Open-Meteo Historical Weather API
RJ-Jodhpur,2020-01-30,16.4,23.1,10.1,0.0,0.0,0.0,42,4.11,0.075,0.165,0.23,18.9,19.3,26.26841,73.00594,ERA5,Asia/Kolkata,Open-Meteo Historical Weather API
RJ-Jodhpur,2020-01-31,16.2,23.4,10.3,0.0,0.0,0.0,44,3.97,0.071,0.165,0.229,19.0,19.3,26.26841,73.00594,ERA5,Asia/Kolkata,Open-Meteo Historical Weather API
RJ-Jodhpur,2020-02-01,16.0,23.8,8.8,0.0,0.0,0.0,41,3.87,0.075,0.165,0.229,18.6,19.2,26.26841,73.00594,ERA5,Asia/Kolkata,Open-Meteo Historical Weather API
RJ-Jodhpur,2020-02-02,16.9,24.5,10.4,0.0,0.0,0.0,40,4.41,0.079,0.165,0.229,18.8,19.2,26.26841,73.00594,ERA5,Asia/Kolkata,Open-Meteo Historical Weather API
RJ-Jodhpur,2020-02-03,17.1,24.8,10.9,0.0,0.0,0.0,42,4.11,0.079,0.165,0.229,19.1,19.3,26.26841,73.00594,ERA5,Asia/Kolkata,Open-Meteo Historical Weather API
RJ-Jodhpur,2020-02-04,17.7,25.3,11.1,0.0,0.0,0.0,44,4.39,0.078,0.165,0.228,19.5,19.4,26.26841,73.00594,ERA5,Asia/Kolkata,Open-Meteo Historical Weather API
RJ-Jodhpur,2020-02-05,17.9,24.5,12.1,0.0,0.0,0.0,48,4.51,0.077,0.165,0.228,20.1,19.8,26.26841,73.00594,ERA5,Asia/Kolkata,Open-Meteo Historical Weather API
RJ-Jodhpur,2020-02-06,16.3,23.4,10.2,0.0,0.0,0.0,43,4.12,0.076,0.165,0.228,19.4,19.9,26.26841,73.00594,ERA5,Asia/Kolkata,Open-Meteo Historical Weather API
RJ-Jodhpur,2020-02-07,16.7,25.0,9.1,0.0,0.0,0.0,38,4.72,0.077,0.165,0.228,18.5,19.3,26.26841,73.00594,ERA5,Asia/Kolkata,Open-Meteo Historical Weather API
RJ-Jodhpur,2020-02-08,17.1,24.5,10.5,0.0,0.0,0.0,39,4.78,0.081,0.165,0.228,18.9,19.3,26.26841,73.00594,ERA5,Asia/Kolkata,Open-Meteo Historical Weather API
RJ-Jodhpur,2020-02-09,17.3,24.9,10.3,0.0,0.0,0.0,39,4.6,0.084,0.165,0.229,19.1,19.3,26.26841,73.00594,ERA5,Asia/Kolkata,Open-Meteo Historical Weather API
RJ-Jodhpur,2020-02-10,17.6,25.3,10.4,0.0,0.0,0.0,43,4.58,0.085,0.166,0.229,19.2,19.3,26.26841,73.00594,ERA5,Asia/Kolkata,Open-Meteo Historical Weather API
RJ-Jodhpur,2020-02-11,19.3,27.4,12.6,0.0,0.0,0.0,42,4.81,0.082,0.166,0.229,20.4,19.8,26.26841,73.00594,ERA5,Asia/Kolkata,Open-Meteo Historical Weather API
RJ-Jodhpur,2020-02-12,21.0,29.2,14.5,0.0,0.0,0.0,45,4.79,0.082,0.167,0.23,21.9,20.8,26.26841,73.00594,ERA5,Asia/Kolkata,Open-Meteo Historical Weather API
RJ-Jodhpur,2020-02-13,21.9,30.2,15.1,0.0,0.0,0.0,41,5.23,0.078,0.168,0.23,22.9,21.7,26.26841,73.00594,ERA5,Asia/Kolkata,Open-Meteo Historical Weather API
RJ-Jodhpur,2020-02-14,20.9,28.0,14.2,0.0,0.0,0.0,45,4.72,0.076,0.168,0.23,23.0,22.2,26.26841,73.00594,ERA5,Asia/Kolkata,Open-Meteo Historical Weather API
RJ-Jodhpur,2020-02-15,20.3,30.0,12.3,0.0,0.0,0.0,41,4.58,0.081,0.168,0.23,22.1,22.0,26.26841,73.00594,ERA5,Asia/Kolkata,Open-Meteo Historical Weather API
RJ-Jodhpur,2020-02-16,20.8,31.6,10.6,0.0,0.0,0.0,35,4.85,0.086,0.167,0.228,21.6,21.6,26.26841,73.00594,ERA5,Asia/Kolkata,Open-Meteo Historical Weather API
RJ-Jodhpur,2020-02-17,22.0,32.6,12.3,0.0,0.0,0.0,34,5.1,0.087,0.167,0.226,22.5,21.8,26.26841,73.00594,ERA5,Asia/Kolkata,Open-Meteo Historical Weather API
RJ-Jodhpur,2020-02-18,22.8,32.6,14.2,0.0,0.0,0.0,31,5.25,0.085,0.167,0.224,23.1,22.3,26.26841,73.00594,ERA5,Asia/Kolkata,Open-Meteo Historical Weather API
RJ-Jodhpur,2020-02-19,22.9,31.9,13.5,0.0,0.0,0.0,34,5.72,0.081,0.167,0.223,22.3,22.2,26.26841,73.00594,ERA5,Asia/Kolkata,Open-Meteo Historical Weather API
RJ-Jodhpur,2020-02-20,23.0,31.2,16.0,0.0,0.0,0.0,41,5.86,0.078,0.167,0.224,24.4,22.9,26.26841,73.00594,ERA5,Asia/Kolkata,Open-Meteo Historical Weather API
RJ-Jodhpur,2020-02-21,20.0,25.7,14.6,0.0,0.0,0.0,48,5.03,0.077,0.167,0.224,23.2,23.1,26.26841,73.00594,ERA5,Asia/Kolkata,Open-Meteo Historical Weather API
RJ-Jodhpur,2020-02-22,20.5,26.9,14.8,0.0,0.0,0.0,55,4.85,0.081,0.168,0.225,22.8,22.5,26.26841,73.00594,ERA5,Asia/Kolkata,Open-Meteo Historical Weather API
RJ-Jodhpur,2020-02-23,21.7,27.4,16.9,0.0,0.0,0.0,55,5.02,0.08,0.168,0.226,23.7,22.8,26.26841,73.00594,ERA5,Asia/Kolkata,Open-Meteo Historical Weather API
RJ-Jodhpur,2020-02-24,22.2,28.8,15.8,0.0,0.0,0.0,50,5.05,0.078,0.169,0.226,24.3,23.2,26.26841,73.00594,ERA5,Asia/Kolkata,Open-Meteo Historical Weather API
RJ-Jodhpur,2020-02-25,23.0,30.7,15.5,0.0,0.0,0.0,46,4.76,0.08,0.169,0.226,24.8,23.6,26.26841,73.00594,ERA5,Asia/Kolkata,Open-Meteo Historical Weather API
RJ-Jodhpur,2020-02-26,24.4,32.6,16.0,0.0,0.0,0.0,42,5.23,0.078,0.169,0.227,25.3,24.0,26.26841,73.00594,ERA5,Asia/Kolkata,Open-Meteo Historical Weather API
RJ-Jodhpur,2020-02-27,25.7,33.3,18.1,0.0,0.0,0.0,40,5.42,0.076,0.169,0.229,25.6,24.5,26.26841,73.00594,ERA5,Asia/Kolkata,Open-Meteo Historical Weather API
RJ-Jodhpur,2020-02-28,26.1,32.7,20.6,0.0,0.0,0.0,34,6.64,0.072,0.17,0.229,26.6,25.3,26.26841,73.00594,ERA5,Asia/Kolkata,Open-Meteo Historical Weather API
RJ-Jodhpur,2020-02-29,25.2,32.6,18.8,0.0,0.0,0.0,38,5.96,0.07,0.17,0.229,27.2,25.5,26.26841,73.00594,ERA5,Asia/Kolkata,Open-Meteo Historical Weather API
RJ-Jodhpur,2020-03-01,24.6,30.6,19.1,0.0,0.0,0.0,47,5.64,0.077,0.171,0.23,27.0,25.9,26.26841,73.00594,ERA5,Asia/Kolkata,Open-Meteo Historical Weather API
RJ-Jodhpur,2020-03-02,25.3,31.4,20.0,0.0,0.0,0.0,50,5.38,0.076,0.173,0.231,27.6,26.0,26.26841,73.00594,ERA5,Asia/Kolkata,Open-Meteo Historical Weather API
RJ-Jodhpur,2020-03-03,25.6,31.9,20.6,0.0,0.0,0.0,38,5.56,0.074,0.173,0.231,28.1,26.4,26.26841,73.00594,ERA5,Asia/Kolkata,Open-Meteo Historical Weather API
RJ-Jodhpur,2020-03-04,24.9,30.8,19.8,0.0,0.0,0.0,34,6.27,0.071,0.174,0.232,27.1,26.2,26.26841,73.00594,ERA5,Asia/Kolkata,Open-Meteo Historical Weather API
RJ-Jodhpur,2020-03-05,23.3,29.4,16.6,4.4,4.4,4.0,43,6.2,0.077,0.174,0.232,26.3,26.0,26.26841,73.00594,ERA5,Asia/Kolkata,Open-Meteo Historical Weather API
RJ-Jodhpur,2020-03-06,18.3,21.4,15.7,1.6,1.6,6.0,71,3.81,0.136,0.174,0.232,22.4,24.2,26.26841,73.00594,ERA5,Asia/Kolkata,Open-Meteo Historical Weather API
RJ-Jodhpur,2020-03-07,19.7,26.0,14.0,0.0,0.0,0.0,66,4.25,0.119,0.175,0.232,22.7,22.6,26.26841,73.00594,ERA5,Asia/Kolkata,Open-Meteo Historical Weather API
RJ-Jodhpur,2020-03-08,22.4,28.8,15.8,0.0,0.0,0.0,47,5.5,0.097,0.176,0.232,24.2,23.0,26.26841,73.00594,ERA5,Asia/Kolkata,Open-Meteo Historical Weather API
RJ-Jodhpur,2020-03-09,24.0,29.9,17.8,0.0,0.0,0.0,38,5.9,0.083,0.175,0.231,26.0,24.1,26.26841,73.00594,ERA5,Asia/Kolkata,Open-Meteo Historical Weather API
RJ-Jodhpur,2020-03-10,24.1,30.0,20.0,0.2,0.2,1.0,42,5.52,0.08,0.175,0.231,26.3,25.1,26.26841,73.00594,ERA5,Asia/Kolkata,Open-Meteo Historical Weather API
RJ-Jodhpur,2020-03-11,22.2,26.9,17.9,0.0,0.0,0.0,44,6.31,0.084,0.176,0.232,24.6,24.7,26.26841,73.00594,ERA5,Asia/Kolkata,Open-Meteo Historical Weather API
RJ-Jodhpur,2020-03-12,21.1,27.4,15.1,0.0,0.0,0.0,33,6.82,0.08,0.176,0.232,23.5,23.5,26.26841,73.00594,ERA5,Asia/Kolkata,Open-Meteo Historical Weather API
RJ-Jodhpur,2020-03-13,20.3,26.4,14.1,0.0,0.0,0.0,34,5.74,0.074,0.175,0.231,23.8,23.0,26.26841,73.00594,ERA5,Asia/Kolkata,Open-Meteo Historical Weather API
RJ-Jodhpur,2020-03-14,20.7,26.8,14.8,0.0,0.0,0.0,45,5.58,0.072,0.175,0.231,24.2,23.4,26.26841,73.00594,ERA5,Asia/Kolkata,Open-Meteo Historical Weather API
RJ-Jodhpur,2020-03-15,21.3,27.3,14.9,0.0,0.0,0.0,42,5.46,0.074,0.176,0.232,23.8,23.5,26.26841,73.00594,ERA5,Asia/Kolkata,Open-Meteo Historical Weather API
RJ-Jodhpur,2020-03-16,22.3,29.0,16.5,0.0,0.0,0.0,42,5.63,0.075,0.176,0.232,25.1,23.9,26.26841,73.00594,ERA5,Asia/Kolkata,Open-Meteo Historical Weather API
RJ-Jodhpur,2020-03-17,24.4,32.1,17.4,0.0,0.0,0.0,38,6.22,0.074,0.177,0.232,26.2,24.5,26.26841,73.00594,ERA5,Asia/Kolkata,Open-Meteo Historical Weather API
RJ-Jodhpur,2020-03-18,26.5,34.2,19.3,0.0,0.0,0.0,37,6.15,0.071,0.178,0.232,28.4,25.8,26.26841,73.00594,ERA5,Asia/Kolkata,Open-Meteo Historical Weather API
RJ-Jodhpur,2020-03-19,27.2,35.7,18.6,0.0,0.0,0.0,32,6.13,0.069,0.176,0.232,28.9,26.7,26.26841,73.00594,ERA5,Asia/Kolkata,Open-Meteo Historical Weather API
RJ-Jodhpur,2020-03-20,27.7,35.0,20.4,0.0,0.0,0.0,31,7.1,0.07,0.176,0.232,29.1,27.2,26.26841,73.00594,ERA5,Asia/Kolkata,Open-Meteo Historical Weather API
RJ-Jodhpur,2020-03-21,27.5,33.5,21.4,0.0,0.0,0.0,37,6.74,0.07,0.177,0.232,29.6,27.6,26.26841,73.00594,ERA5,Asia/Kolkata,Open-Meteo Historical Weather API
RJ-Jodhpur,2020-03-22,27.9,35.1,22.1,0.6,0.6,1.0,46,5.95,0.074,0.177,0.233,30.9,28.3,26.26841,73.00594,ERA5,Asia/Kolkata,Open-Meteo Historical Weather API
RJ-Jodhpur,2020-03-23,27.9,34.2,23.0,0.0,0.0,0.0,53,4.34,0.083,0.178,0.233,29.6,28.4,26.26841,73.00594,ERA5,Asia/Kolkata,Open-Meteo Historical Weather API
RJ-Jodhpur,2020-03-24,28.5,33.5,24.1,0.3,0.3,1.0,44,5.6,0.077,0.178,0.233,29.7,28.1,26.26841,73.00594,ERA5,Asia/Kolkata,Open-Meteo Historical Weather API
RJ-Jodhpur,2020-03-25,27.1,34.2,20.8,1.2,1.2,1.0,49,4.72,0.078,0.178,0.233,29.8,27.9,26.26841,73.00594,ERA5,Asia/Kolkata,Open-Meteo Historical Weather API
RJ-Jodhpur,2020-03-26,23.2,24.9,19.1,2.8,2.8,7.0,66,3.24,0.104,0.18,0.235,26.3,27.5,26.26841,73.00594,ERA5,Asia/Kolkata,Open-Meteo Historical Weather API
RJ-Jodhpur,2020-03-27,22.3,27.9,18.2,1.8,1.8,6.0,72,4.39,0.145,0.181,0.236,24.9,25.6,26.26841,73.00594,ERA5,Asia/Kolkata,Open-Meteo Historical Weather API
RJ-Jodhpur,2020-03-28,24.3,31.8,17.2,0.0,0.0,0.0,57,5.28,0.114,0.181,0.234,26.7,25.2,26.26841,73.00594,ERA5,Asia/Kolkata,Open-Meteo Historical Weather API
RJ-Jodhpur,2020-03-29,27.2,33.7,20.4,0.0,0.0,0.0,36,6.6,0.082,0.178,0.233,29.6,26.6,26.26841,73.00594,ERA5,Asia/Kolkata,Open-Meteo Historical Weather API
RJ-Jodhpur,2020-03-30,28.2,35.4,21.7,0.0,0.0,0.0,34,6.58,0.072,0.177,0.231,30.8,28.0,26.26841,73.00594,ERA5,Asia/Kolkata,Open-Meteo Historical Weather API
RJ-Jodhpur,2020-03-31,29.0,36.0,22.9,0.0,0.0,0.0,33,7.93,0.072,0.178,0.232,30.4,28.6,26.26841,73.00594,ERA5,Asia/Kolkata,Open-Meteo Historical Weather API
RJ-Jodhpur,2020-04-01,28.2,34.2,22.4,0.0,0.0,0.0,39,7.28,0.078,0.178,0.232,31.1,28.8,26.26841,73.00594,ERA5,Asia/Kolkata,Open-Meteo Historical Weather API
RJ-Jodhpur,2020-04-02,28.3,34.7,22.0,0.0,0.0,0.0,36,6.96,0.072,0.176,0.231,31.6,29.2,26.26841,73.00594,ERA5,Asia/Kolkata,Open-Meteo Historical Weather API
RJ-Jodhpur,2020-04-03,28.6,35.3,22.4,0.0,0.0,0.0,28,7.59,0.074,0.175,0.23,31.4,29.4,26.26841,73.00594,ERA5,Asia/Kolkata,Open-Meteo Historical Weather API
RJ-Jodhpur,2020-04-04,29.3,38.0,21.1,0.0,0.0,0.0,23,6.8,0.071,0.174,0.23,31.7,29.6,26.26841,73.00594,ERA5,Asia/Kolkata,Open-Meteo Historical Weather API
RJ-Jodhpur,2020-04-05,30.2,38.5,22.7,0.0,0.0,0.0,28,8.0,0.071,0.176,0.231,32.0,30.0,26.26841,73.00594,ERA5,Asia/Kolkata,Open-Meteo Historical Weather API
RJ-Jodhpur,2020-04-06,31.0,39.2,23.3,0.0,0.0,0.0,27,6.84,0.071,0.176,0.232,32.8,30.4,26.26841,73.00594,ERA5,Asia/Kolkata,Open-Meteo Historical Weather API
RJ-Jodhpur,2020-04-07,31.5,38.3,25.2,0.0,0.0,0.0,25,9.35,0.069,0.176,0.232,33.1,30.8,26.26841,73.00594,ERA5,Asia/Kolkata,Open-Meteo Historical Weather API
RJ-Jodhpur,2020-04-08,30.1,37.2,23.7,0.0,0.0,0.0,32,7.91,0.071,0.176,0.232,32.8,30.8,26.26841,73.00594,ERA5,Asia/Kolkata,Open-Meteo Historical Weather API
RJ-Jodhpur,2020-04-09,30.7,38.0,23.6,0.0,0.0,0.0,29,7.5,0.07,0.176,0.232,33.1,30.9,26.26841,73.00594,ERA5,Asia/Kolkata,Open-Meteo Historical Weather API
RJ-Jodhpur,2020-04-10,31.4,39.4,23.7,0.0,0.0,0.0,30,7.45,0.069,0.176,0.232,33.5,31.2,26.26841,73.00594,ERA5,Asia/Kolkata,Open-Meteo Historical Weather API
RJ-Jodhpur,2020-04-11,32.4,39.8,25.2,0.0,0.0,0.0,29,8.29,0.068,0.175,0.232,34.5,31.7,26.26841,73.00594,ERA5,Asia/Kolkata,Open-Meteo Historical Weather API
RJ-Jodhpur,2020-04-12,32.7,40.0,25.0,0.0,0.0,0.0,31,7.98,0.066,0.173,0.23,35.2,32.4,26.26841,73.00594,ERA5,Asia/Kolkata,Open-Meteo Historical Weather API
RJ-Jodhpur,2020-04-13,33.7,41.1,25.7,0.0,0.0,0.0,27,8.13,0.065,0.173,0.23,35.4,32.9,26.26841,73.00594,ERA5,Asia/Kolkata,Open-Meteo Historical Weather API
RJ-Jodhpur,2020-04-14,35.1,40.1,30.0,0.0,0.0,0.0,21,10.18,0.065,0.171,0.229,35.7,33.3,26.26841,73.00594,ERA5,Asia/Kolkata,Open-Meteo Historical Weather API
RJ-Jodhpur,2020-04-15,34.0,40.3,28.5,0.5,0.5,1.0,27,9.14,0.064,0.17,0.228,35.9,33.5,26.26841,73.00594,ERA5,Asia/Kolkata,Open-Meteo Historical Weather API
RJ-Jodhpur,2020-04-16,33.6,40.2,26.7,0.0,0.0,0.0,31,7.79,0.064,0.17,0.228,36.0,33.4,26.26841,73.00594,ERA5,Asia/Kolkata,Open-Meteo Historical Weather API
RJ-Jodhpur,2020-04-17,33.7,39.4,27.9,0.0,0.0,0.0,30,9.97,0.064,0.17,0.228,35.8,33.7,26.26841,73.00594,ERA5,Asia/Kolkata,Open-Meteo Historical Weather API
RJ-Jodhpur,2020-04-18,32.8,38.2,27.0,0.0,0.0,0.0,27,9.78,0.065,0.17,0.228,35.3,33.3,26.26841,73.00594,ERA5,Asia/Kolkata,Open-Meteo Historical Weather API
RJ-Jodhpur,2020-04-19,32.5,38.2,27.0,0.0,0.0,0.0,32,7.1,0.064,0.17,0.227,36.0,33.4,26.26841,73.00594,ERA5,Asia/Kolkata,Open-Meteo Historical Weather API
RJ-Jodhpur,2020-04-20,30.3,34.4,27.3,0.0,0.0,0.0,37,7.19,0.066,0.172,0.229,34.1,33.4,26.26841,73.00594,ERA5,Asia/Kolkata,Open-Meteo Historical Weather API
RJ-Jodhpur,2020-04-21,31.1,37.9,24.3,0.0,0.0,0.0,38,7.76,0.068,0.172,0.229,34.1,32.6,26.26841,73.00594,ERA5,Asia/Kolkata,Open-Meteo Historical Weather API
RJ-Jodhpur,2020-04-22,32.6,38.9,25.2,0.0,0.0,0.0,32,7.03,0.065,0.171,0.228,35.5,33.0,26.26841,73.00594,ERA5,Asia/Kolkata,Open-Meteo Historical Weather API
RJ-Jodhpur,2020-04-23,32.9,39.6,27.7,0.3,0.3,1.0,34,8.27,0.065,0.17,0.228,36.6,34.1,26.26841,73.00594,ERA5,Asia/Kolkata,Open-Meteo Historical Weather API
RJ-Jodhpur,2020-04-24,32.5,39.1,25.6,0.0,0.0,0.0,38,6.46,0.064,0.169,0.227,35.8,34.1,26.26841,73.00594,ERA5,Asia/Kolkata,Open-Meteo Historical Weather API
RJ-Jodhpur,2020-04-25,32.1,38.3,27.3,0.0,0.0,0.0,38,7.84,0.065,0.17,0.227,34.9,33.8,26.26841,73.00594,ERA5,Asia/Kolkata,Open-Meteo Historical Weather API
RJ-Jodhpur,2020-04-26,32.1,39.7,25.3,0.4,0.4,2.0,42,7.69,0.067,0.17,0.227,35.3,33.7,26.26841,73.00594,ERA5,Asia/Kolkata,Open-Meteo Historical Weather API
RJ-Jodhpur,2020-04-27,32.8,39.9,26.2,0.0,0.0,0.0,37,8.07,0.067,0.17,0.228,35.6,34.1,26.26841,73.00594,ERA5,Asia/Kolkata,Open-Meteo Historical Weather API
RJ-Jodhpur,2020-04-28,33.8,41.2,26.5,0.0,0.0,0.0,29,8.72,0.066,0.17,0.227,36.1,34.3,26.26841,73.00594,ERA5,Asia/Kolkata,Open-Meteo Historical Weather API
RJ-Jodhpur,2020-04-29,34.9,42.5,28.0,0.0,0.0,0.0,28,7.92,0.065,0.168,0.226,37.5,34.7,26.26841,73.00594,ERA5,Asia/Kolkata,Open-Meteo Historical Weather API
RJ-Jodhpur,2020-04-30,35.4,42.4,27.5,0.0,0.0,0.0,27,8.9,0.065,0.168,0.225,37.5,35.1,26.26841,73.00594,ERA5,Asia/Kolkata,Open-Meteo Historical Weather API
RJ-Jodhpur,2020-05-01,35.7,42.0,28.6,0.0,0.0,0.0,23,10.3,0.065,0.167,0.225,37.4,35.4,26.26841,73.00594,ERA5,Asia/Kolkata,Open-Meteo Historical Weather API
RJ-Jodhpur,2020-05-02,35.1,41.3,29.8,0.0,0.0,0.0,32,10.32,0.064,0.167,0.225,37.4,35.2,26.26841,73.00594,ERA5,Asia/Kolkata,Open-Meteo Historical Weather API
RJ-Jodhpur,2020-05-03,35.2,40.8,31.0,0.8,0.8,1.0,34,9.94,0.066,0.167,0.224,38.0,35.6,26.26841,73.00594,ERA5,Asia/Kolkata,Open-Meteo Historical Weather API
RJ-Jodhpur,2020-05-04,32.6,39.4,28.1,1.6,1.6,3.0,40,8.02,0.079,0.168,0.225,37.1,35.7,26.26841,73.00594,ERA5,Asia/Kolkata,Open-Meteo Historical Weather API
RJ-Jodhpur,2020-05-05,32.9,39.7,25.9,0.0,0.0,0.0,40,7.27,0.08,0.169,0.225,36.2,35.0,26.26841,73.00594,ERA5,Asia/Kolkata,Open-Meteo Historical Weather API
RJ-Jodhpur,2020-05-06,34.0,40.6,28.6,0.3,0.3,1.0,29,8.56,0.071,0.169,0.225,36.7,35.2,26.26841,73.00594,ERA5,Asia/Kolkata,Open-Meteo Historical Weather API
RJ-Jodhpur,2020-05-07,34.3,42.3,25.9,0.0,0.0,0.0,26,8.94,0.07,0.17,0.226,36.7,35.1,26.26841,73.00594,ERA5,Asia/Kolkata,Open-Meteo Historical Weather API
RJ-Jodhpur,2020-05-08,36.7,43.3,30.5,0.0,0.0,0.0,26,9.79,0.067,0.169,0.226,38.5,35.8,26.26841,73.00594,ERA5,Asia/Kolkata,Open-Meteo Historical Weather API
RJ-Jodhpur,2020-05-09,36.9,43.0,32.1,0.0,0.0,0.0,26,10.36,0.065,0.169,0.225,39.2,36.3,26.26841,73.00594,ERA5,Asia/Kolkata,Open-Meteo Historical Weather API
RJ-Jodhpur,2020-05-10,35.9,41.9,30.7,0.0,0.0,0.0,29,9.22,0.064,0.168,0.225,39.0,36.5,26.26841,73.00594,ERA5,Asia/Kolkata,Open-Meteo Historical Weather API
RJ-Jodhpur,2020-05-11,35.3,41.6,29.9,0.0,0.0,0.0,32,9.07,0.063,0.167,0.224,38.1,36.4,26.26841,73.00594,ERA5,Asia/Kolkata,Open-Meteo Historical Weather API
RJ-Jodhpur,2020-05-12,34.2,40.9,28.2,0.0,0.0,0.0,36,7.94,0.066,0.168,0.225,37.9,36.4,26.26841,73.00594,ERA5,Asia/Kolkata,Open-Meteo Historical Weather API
RJ-Jodhpur,2020-05-13,34.3,40.6,28.8,0.0,0.0,0.0,36,8.59,0.07,0.169,0.226,38.1,36.7,26.26841,73.00594,ERA5,Asia/Kolkata,Open-Meteo Historical Weather API
RJ-Jodhpur,2020-05-14,35.0,41.3,29.5,0.0,0.0,0.0,29,9.61,0.07,0.169,0.226,37.8,36.6,26.26841,73.00594,ERA5,Asia/Kolkata,Open-Meteo Historical Weather API
RJ-Jodhpur,2020-05-15,35.1,41.2,29.0,0.0,0.0,0.0,27,8.38,0.067,0.168,0.225,38.6,36.3,26.26841,73.00594,ERA5,Asia/Kolkata,Open-Meteo Historical Weather API
RJ-Jodhpur,2020-05-16,35.4,41.1,29.3,0.0,0.0,0.0,30,7.87,0.066,0.167,0.224,39.0,36.7,26.26841,73.00594,ERA5,Asia/Kolkata,Open-Meteo Historical Weather API
RJ-Jodhpur,2020-05-17,35.8,42.1,30.9,0.0,0.0,0.0,22,9.62,0.065,0.166,0.224,38.6,36.8,26.26841,73.00594,ERA5,Asia/Kolkata,Open-Meteo Historical Weather API
RJ-Jodhpur,2020-05-18,35.3,40.9,30.4,0.0,0.0,0.0,22,8.34,0.063,0.166,0.223,38.6,36.7,26.26841,73.00594,ERA5,Asia/Kolkata,Open-Meteo Historical Weather API
RJ-Jodhpur,2020-05-19,35.7,42.7,28.3,0.0,0.0,0.0,22,10.17,0.063,0.165,0.222,38.0,36.4,26.26841,73.00594,ERA5,Asia/Kolkata,Open-Meteo Historical Weather API
RJ-Jodhpur,2020-05-20,35.2,42.2,29.0,0.0,0.0,0.0,18,9.38,0.063,0.164,0.221,38.6,36.5,26.26841,73.00594,ERA5,Asia/Kolkata,Open-Meteo Historical Weather API
RJ-Jodhpur,2020-05-21,36.2,44.2,26.2,0.0,0.0,0.0,20,10.39,0.064,0.163,0.22,37.9,36.3,26.26841,73.00594,ERA5,Asia/Kolkata,Open-Meteo Historical Weather API
RJ-Jodhpur,2020-05-22,37.1,43.7,31.7,0.0,0.0,0.0,26,11.3,0.063,0.163,0.22,39.1,36.8,26.26841,73.00594,ERA5,Asia/Kolkata,Open-Meteo Historical Weather API
RJ-Jodhpur,2020-05-23,37.0,42.8,32.4,0.0,0.0,0.0,30,10.34,0.062,0.163,0.219,39.5,37.2,26.26841,73.00594,ERA5,Asia/Kolkata,Open-Meteo Historical Weather API
RJ-Jodhpur,2020-05-24,37.2,43.6,31.9,0.0,0.0,0.0,27,10.52,0.062,0.163,0.219,39.7,37.4,26.26841,73.00594,ERA5,Asia/Kolkata,Open-Meteo Historical Weather API
RJ-Jodhpur,2020-05-25,37.9,44.1,32.3,0.0,0.0,0.0,28,11.49,0.061,0.162,0.219,40.2,37.8,26.26841,73.00594,ERA5,Asia/Kolkata,Open-Meteo Historical Weather API
RJ-Jodhpur,2020-05-26,37.4,43.8,31.6,0.0,0.0,0.0,33,11.53,0.06,0.162,0.218,39.9,37.8,26.26841,73.00594,ERA5,Asia/Kolkata,Open-Meteo Historical Weather API
RJ-Jodhpur,2020-05-27,37.3,43.8,31.7,0.0,0.0,0.0,39,11.18,0.06,0.162,0.218,40.0,37.9,26.26841,73.00594,ERA5,Asia/Kolkata,Open-Meteo Historical Weather API
RJ-Jodhpur,2020-05-28,37.2,43.6,31.4,0.0,0.0,0.0,37,11.62,0.059,0.161,0.217,39.6,37.8,26.26841,73.00594,ERA5,Asia/Kolkata,Open-Meteo Historical Weather API
RJ-Jodhpur,2020-05-29,34.8,39.9,29.6,0.0,0.0,0.0,46,10.36,0.061,0.162,0.217,38.2,37.4,26.26841,73.00594,ERA5,Asia/Kolkata,Open-Meteo Historical Weather API
RJ-Jodhpur,2020-05-30,30.4,36.3,24.6,11.3,11.3,6.0,63,6.81,0.143,0.164,0.218,34.0,36.0,26.26841,73.00594,ERA5,Asia/Kolkata,Open-Meteo Historical Weather API
RJ-Jodhpur,2020-05-31,28.9,35.2,23.6,0.4,0.4,1.0,72,5.66,0.165,0.168,0.219,32.6,33.9,26.26841,73.00594,ERA5,Asia/Kolkata,Open-Meteo Historical Weather API
RJ-Jodhpur,2020-06-01,31.1,37.7,25.6,0.0,0.0,0.0,56,6.69,0.132,0.17,0.219,33.3,33.6,26.26841,73.00594,ERA5,Asia/Kolkata,Open-Meteo Historical Weather API
RJ-Jodhpur,2020-06-02,32.1,39.6,25.7,0.0,0.0,0.0,46,6.92,0.103,0.171,0.219,34.8,34.1,26.26841,73.00594,ERA5,Asia/Kolkata,Open-Meteo Historical Weather API
RJ-Jodhpur,2020-06-03,31.7,37.9,26.3,1.6,1.6,3.0,51,6.82,0.095,0.172,0.22,36.5,35.3,26.26841,73.00594,ERA5,Asia/Kolkata,Open-Meteo Historical Weather API
RJ-Jodhpur,2020-06-04,30.7,36.5,25.8,1.0,1.0,4.0,55,5.89,0.104,0.173,0.222,34.6,35.0,26.26841,73.00594,ERA5,Asia/Kolkata,Open-Meteo Historical Weather API
RJ-Jodhpur,2020-06-05,30.4,36.5,25.6,3.4,3.4,5.0,56,6.68,0.102,0.174,0.223,34.8,34.8,26.26841,73.00594,ERA5,Asia/Kolkata,Open-Meteo Historical Weather API
RJ-Jodhpur,2020-06-06,30.3,37.1,24.4,4.3,4.3,5.0,62,6.01,0.19,0.175,0.222,32.5,33.6,26.26841,73.00594,ERA5,Asia/Kolkata,Open-Meteo Historical Weather API
RJ-Jodhpur,2020-06-07,31.5,36.6,26.9,0.0,0.0,0.0,58,6.78,0.142,0.176,0.221,33.2,32.9,26.26841,73.00594,ERA5,Asia/Kolkata,Open-Meteo Historical Weather API
RJ-Jodhpur,2020-06-08,32.4,38.8,26.9,0.0,0.0,0.0,57,6.91,0.109,0.175,0.221,34.4,33.3,26.26841,73.00594,ERA5,Asia/Kolkata,Open-Meteo Historical Weather API
RJ-Jodhpur,2020-06-09,34.0,39.6,28.0,0.0,0.0,0.0,54,7.42,0.09,0.173,0.22,36.9,34.5,26.26841,73.00594,ERA5,Asia/Kolkata,Open-Meteo Historical Weather API
RJ-Jodhpur,2020-06-10,35.3,40.3,31.2,0.0,0.0,0.0,48,8.24,0.082,0.172,0.219,38.4,35.9,26.26841,73.00594,ERA5,Asia/Kolkata,Open-Meteo Historical Weather API
RJ-Jodhpur,2020-06-11,34.8,40.1,30.1,0.1,0.1,1.0,52,7.9,0.08,0.172,0.22,38.3,36.5,26.26841,73.00594,ERA5,Asia/Kolkata,Open-Meteo Historical Weather API
RJ-Jodhpur,2020-06-12,34.8,41.3,31.1,1.1,1.1,3.0,52,7.21,0.078,0.171,0.219,38.9,37.1,26.26841,73.00594,ERA5,Asia/Kolkata,Open-Meteo Historical Weather API
RJ-Jodhpur,2020-06-13,33.0,37.8,29.1,0.3,0.3,1.0,57,6.04,0.085,0.17,0.22,37.4,36.7,26.26841,73.00594,ERA5,Asia/Kolkata,Open-Meteo Historical Weather API
RJ-Jodhpur,2020-06-14,34.9,40.9,29.7,0.0,0.0,0.0,50,6.26,0.086,0.172,0.221,38.4,36.7,26.26841,73.00594,ERA5,Asia/Kolkata,Open-Meteo Historical Weather API
RJ-Jodhpur,2020-06-15,36.5,43.1,30.1,0.0,0.0,0.0,44,8.2,0.081,0.172,0.221,39.7,37.4,26.26841,73.00594,ERA5,Asia/Kolkata,Open-Meteo Historical Weather API
RJ-Jodhpur,2020-06-16,37.7,42.9,33.4,0.0,0.0,0.0,40,9.37,0.076,0.17,0.221,40.2,38.2,26.26841,73.00594,ERA5,Asia/Kolkata,Open-Meteo Historical Weather API
RJ-Jodhpur,2020-06-17,37.5,42.3,33.4,0.0,0.0,0.0,40,11.28,0.072,0.17,0.221,39.9,38.2,26.26841,73.00594,ERA5,Asia/Kolkata,Open-Meteo Historical Weather API
RJ-Jodhpur,2020-06-18,36.3,40.9,32.2,0.0,0.0,0.0,46,10.54,0.068,0.169,0.22,39.3,37.8,26.26841,73.00594,ERA5,Asia/Kolkata,Open-Meteo Historical Weather API
RJ-Jodhpur,2020-06-19,35.9,40.2,32.0,0.0,0.0,0.0,49,9.82,0.067,0.168,0.22,39.1,37.6,26.26841,73.00594,ERA5,Asia/Kolkata,Open-Meteo Historical Weather API
RJ-Jodhpur,2020-06-20,35.0,39.4,31.4,0.0,0.0,0.0,50,9.12,0.065,0.167,0.22,38.7,37.5,26.26841,73.00594,ERA5,Asia/Kolkata,Open-Meteo Historical Weather API
RJ-Jodhpur,2020-06-21,34.2,38.5,31.2,0.0,0.0,0.0,54,7.7,0.069,0.167,0.22,38.1,37.3,26.26841,73.00594,ERA5,Asia/Kolkata,Open-Meteo Historical Weather API
RJ-Jodhpur,2020-06-22,34.6,39.7,29.8,0.0,0.0,0.0,53,7.98,0.066,0.167,0.22,38.7,37.2,26.26841,73.00594,ERA5,Asia/Kolkata,Open-Meteo Historical Weather API
RJ-Jodhpur,2020-06-23,34.9,39.1,31.4,0.3,0.3,2.0,51,7.66,0.066,0.166,0.22,39.0,37.6,26.26841,73.00594,ERA5,Asia/Kolkata,Open-Meteo Historical Weather API
RJ-Jodhpur,2020-06-24,33.0,36.8,30.1,1.9,1.9,6.0,58,6.3,0.082,0.167,0.22,36.0,37.0,26.26841,73.00594,ERA5,Asia/Kolkata,Open-Meteo Historical Weather API
RJ-Jodhpur,2020-06-25,32.5,38.1,26.6,0.4,0.4,3.0,63,6.83,0.081,0.167,0.221,36.0,36.1,26.26841,73.00594,ERA5,Asia/Kolkata,Open-Meteo Historical Weather API
RJ-Jodhpur,2020-06-26,34.4,38.6,30.2,0.0,0.0,0.0,57,8.15,0.08,0.168,0.221,37.6,36.5,26.26841,73.00594,ERA5,Asia/Kolkata,Open-Meteo Historical Weather API
RJ-Jodhpur,2020-06-27,35.1,39.8,31.4,0.0,0.0,0.0,50,9.33,0.078,0.167,0.221,38.1,36.9,26.26841,73.00594,ERA5,Asia/Kolkata,Open-Meteo Historical Weather API
RJ-Jodhpur,2020-06-28,35.5,39.9,31.6,0.0,0.0,0.0,50,9.27,0.074,0.167,0.221,38.5,37.1,26.26841,73.00594,ERA5,Asia/Kolkata,Open-Meteo Historical Weather API
RJ-Jodhpur,2020-06-29,36.0,41.1,32.0,0.0,0.0,0.0,50,8.63,0.071,0.166,0.221,39.5,37.4,26.26841,73.00594,ERA5,Asia/Kolkata,Open-Meteo Historical Weather API
RJ-Jodhpur,2020-06-30,36.4,42.4,32.4,0.0,0.0,0.0,49,7.73,0.07,0.165,0.22,40.4,38.1,26.26841,73.00594,ERA5,Asia/Kolkata,Open-Meteo Historical Weather API
RJ-Jodhpur,2020-07-01,34.8,41.5,31.9,0.6,0.6,2.0,54,7.61,0.072,0.164,0.22,39.0,38.5,26.26841,73.00594,ERA5,Asia/Kolkata,Open-Meteo Historical Weather API
RJ-Jodhpur,2020-07-02,34.4,39.4,29.0,0.0,0.0,0.0,57,7.82,0.075,0.164,0.22,38.2,37.8,26.26841,73.00594,ERA5,Asia/Kolkata,Open-Meteo Historical Weather API
RJ-Jodhpur,2020-07-03,35.9,40.8,32.1,0.0,0.0,0.0,50,8.81,0.072,0.164,0.22,39.2,38.0,26.26841,73.00594,ERA5,Asia/Kolkata,Open-Meteo Historical Weather API
RJ-Jodhpur,2020-07-04,35.3,40.2,31.5,0.1,0.1,1.0,53,8.08,0.071,0.164,0.22,39.2,38.2,26.26841,73.00594,ERA5,Asia/Kolkata,Open-Meteo Historical Weather API
RJ-Jodhpur,2020-07-05,34.2,38.3,30.3,2.7,2.7,3.0,56,5.81,0.07,0.164,0.22,38.1,38.0,26.26841,73.00594,ERA5,Asia/Kolkata,Open-Meteo Historical Weather API
RJ-Jodhpur,2020-07-06,31.8,38.1,27.4,2.3,2.3,4.0,65,5.39,0.08,0.166,0.221,37.4,37.6,26.26841,73.00594,ERA5,Asia/Kolkata,Open-Meteo Historical Weather API
RJ-Jodhpur,2020-07-07,32.5,37.3,28.4,0.1,0.1,1.0,65,5.25,0.093,0.17,0.224,35.9,36.7,26.26841,73.00594,ERA5,Asia/Kolkata,Open-Meteo Historical Weather API
RJ-Jodhpur,2020-07-08,32.8,37.3,29.8,0.1,0.1,1.0,62,6.28,0.084,0.171,0.225,36.8,36.3,26.26841,73.00594,ERA5,Asia/Kolkata,Open-Meteo Historical Weather API
RJ-Jodhpur,2020-07-09,33.0,37.7,28.6,0.0,0.0,0.0,62,6.54,0.076,0.172,0.226,36.2,36.1,26.26841,73.00594,ERA5,Asia/Kolkata,Open-Meteo Historical Weather API
RJ-Jodhpur,2020-07-10,33.3,38.0,29.4,0.0,0.0,0.0,60,6.87,0.068,0.171,0.225,36.3,36.0,26.26841,73.00594,ERA5,Asia/Kolkata,Open-Meteo Historical Weather API
RJ-Jodhpur,2020-07-11,31.9,36.8,29.1,0.9,0.9,5.0,69,4.78,0.072,0.17,0.225,34.4,35.2,26.26841,73.00594,ERA5,Asia/Kolkata,Open-Meteo Historical Weather API
RJ-Jodhpur,2020-07-12,32.0,35.6,29.0,0.5,0.5,3.0,67,6.13,0.075,0.17,0.225,35.0,34.6,26.26841,73.00594,ERA5,Asia/Kolkata,Open-Meteo Historical Weather API
RJ-Jodhpur,2020-07-13,32.3,36.8,27.8,0.0,0.0,0.0,64,6.65,0.07,0.17,0.225,35.9,34.9,26.26841,73.00594,ERA5,Asia/Kolkata,Open-Meteo Historical Weather API
RJ-Jodhpur,2020-07-14,33.8,39.5,30.0,0.0,0.0,0.0,60,6.53,0.067,0.169,0.224,37.9,35.9,26.26841,73.00594,ERA5,Asia/Kolkata,Open-Meteo Historical Weather API
RJ-Jodhpur,2020-07-15,35.0,40.6,31.3,1.9,1.9,3.0,55,6.47,0.076,0.168,0.224,38.5,36.8,26.26841,73.00594,ERA5,Asia/Kolkata,Open-Meteo Historical Weather API
RJ-Jodhpur,2020-07-16,34.1,40.0,29.1,0.5,0.5,3.0,56,7.0,0.075,0.168,0.224,38.6,37.3,26.26841,73.00594,ERA5,Asia/Kolkata,Open-Meteo Historical Weather API
RJ-Jodhpur,2020-07-17,34.2,39.3,29.0,0.9,0.9,3.0,60,6.36,0.08,0.168,0.223,38.9,37.7,26.26841,73.00594,ERA5,Asia/Kolkata,Open-Meteo Historical Weather API
RJ-Jodhpur,2020-07-18,33.8,38.1,30.4,0.6,0.6,3.0,64,5.64,0.087,0.166,0.223,38.0,37.3,26.26841,73.00594,ERA5,Asia/Kolkata,Open-Meteo Historical Weather API
RJ-Jodhpur,2020-07-19,33.3,37.4,29.9,2.0,2.0,4.0,61,5.99,0.098,0.165,0.222,35.6,36.1,26.26841,73.00594,ERA5,Asia/Kolkata,Open-Meteo Historical Weather API
RJ-Jodhpur,2020-07-20,32.3,35.4,29.5,0.0,0.0,0.0,64,6.26,0.086,0.165,0.221,34.8,35.1,26.26841,73.00594,ERA5,Asia/Kolkata,Open-Meteo Historical Weather API
RJ-Jodhpur,2020-07-21,30.4,32.7,28.5,1.6,1.6,7.0,71,4.73,0.094,0.165,0.222,33.2,34.3,26.26841,73.00594,ERA5,Asia/Kolkata,Open-Meteo Historical Weather API
RJ-Jodhpur,2020-07-22,31.3,35.3,27.2,0.3,0.3,2.0,64,5.78,0.094,0.166,0.222,33.3,33.7,26.26841,73.00594,ERA5,Asia/Kolkata,Open-Meteo Historical Weather API
RJ-Jodhpur,2020-07-23,33.7,37.7,29.8,0.0,0.0,0.0,54,7.73,0.082,0.165,0.222,36.1,34.5,26.26841,73.00594,ERA5,Asia/Kolkata,Open-Meteo Historical Weather API
RJ-Jodhpur,2020-07-24,32.7,35.7,30.4,0.0,0.0,0.0,58,6.59,0.076,0.165,0.222,37.3,35.8,26.26841,73.00594,ERA5,Asia/Kolkata,Open-Meteo Historical Weather API
RJ-Jodhpur,2020-07-25,30.3,33.4,27.4,11.8,11.8,8.0,69,4.6,0.098,0.165,0.222,35.5,35.9,26.26841,73.00594,ERA5,Asia/Kolkata,Open-Meteo Historical Weather API
RJ-Jodhpur,2020-07-26,30.5,34.4,26.5,2.8,2.8,10.0,77,4.84,0.247,0.171,0.222,33.3,34.1,26.26841,73.00594,ERA5,Asia/Kolkata,Open-Meteo Historical Weather API
RJ-Jodhpur,2020-07-27,31.7,35.1,28.1,0.0,0.0,0.0,72,5.78,0.19,0.174,0.221,33.3,33.1,26.26841,73.00594,ERA5,Asia/Kolkata,Open-Meteo Historical Weather API
RJ-Jodhpur,2020-07-28,32.1,35.5,28.9,0.0,0.0,0.0,67,5.86,0.145,0.174,0.22,33.4,33.0,26.26841,73.00594,ERA5,Asia/Kolkata,Open-Meteo Historical Weather API
RJ-Jodhpur,2020-07-29,32.2,35.9,29.5,0.0,0.0,0.0,66,5.84,0.115,0.173,0.219,33.9,33.2,26.26841,73.00594,ERA5,Asia/Kolkata,Open-Meteo Historical Weather API
RJ-Jodhpur,2020-07-30,32.7,37.6,30.0,0.0,0.0,0.0,62,6.44,0.091,0.172,0.219,36.1,34.2,26.26841,73.00594,ERA5,Asia/Kolkata,Open-Meteo Historical Weather API
RJ-Jodhpur,2020-07-31,30.8,34.8,27.9,3.0,3.0,9.0,72,4.2,0.096,0.171,0.219,34.7,34.6,26.26841,73.00594,ERA5,Asia/Kolkata,Open-Meteo Historical Weather API
RJ-Jodhpur,2020-08-01,29.8,33.0,26.8,11.5,11.5,11.0,81,3.38,0.234,0.175,0.219,32.2,33.2,26.26841,73.00594,ERA5,Asia/Kolkata,Open-Meteo Historical Weather API
RJ-Jodhpur,2020-08-02,31.5,35.8,27.7,0.0,0.0,0.0,77,5.47,0.207,0.177,0.218,32.8,32.4,26.26841,73.00594,ERA5,Asia/Kolkata,Open-Meteo Historical Weather API
RJ-Jodhpur,2020-08-03,31.7,34.8,28.4,0.0,0.0,0.0,71,5.93,0.164,0.178,0.219,33.2,32.7,26.26841,73.00594,ERA5,Asia/Kolkata,Open-Meteo Historical Weather API
RJ-Jodhpur,2020-08-04,32.4,36.6,28.8,0.0,0.0,0.0,67,5.61,0.125,0.178,0.219,34.0,33.0,26.26841,73.00594,ERA5,Asia/Kolkata,Open-Meteo Historical Weather API
RJ-Jodhpur,2020-08-05,33.4,39.4,29.2,0.0,0.0,0.0,62,5.89,0.101,0.177,0.219,35.8,34.0,26.26841,73.00594,ERA5,Asia/Kolkata,Open-Meteo Historical Weather API
RJ-Jodhpur,2020-08-06,31.9,37.3,29.8,2.9,2.9,2.0,70,5.23,0.098,0.176,0.218,34.9,34.8,26.26841,73.00594,ERA5,Asia/Kolkata,Open-Meteo Historical Weather API
RJ-Jodhpur,2020-08-07,30.6,35.5,28.5,5.2,5.2,3.0,77,4.16,0.138,0.176,0.218,33.5,34.0,26.26841,73.00594,ERA5,Asia/Kolkata,Open-Meteo Historical Weather API
RJ-Jodhpur,2020-08-08,28.7,31.2,27.1,19.1,19.1,17.0,86,1.45,0.31,0.189,0.218,30.5,31.9,26.26841,73.00594,ERA5,Asia/Kolkata,Open-Meteo Historical Weather API
RJ-Jodhpur,2020-08-09,30.1,33.7,27.4,1.1,1.1,6.0,81,3.67,0.319,0.213,0.218,30.9,30.7,26.26841,73.00594,ERA5,Asia/Kolkata,Open-Meteo Historical Weather API
RJ-Jodhpur,2020-08-10,29.6,33.9,27.4,3.0,3.0,9.0,83,3.23,0.29,0.218,0.217,30.7,30.7,26.26841,73.00594,ERA5,Asia/Kolkata,Open-Meteo Historical Weather API
RJ-Jodhpur,2020-08-11,29.6,32.4,27.7,2.2,2.2,14.0,83,2.65,0.299,0.223,0.217,30.2,30.3,26.26841,73.00594,ERA5,Asia/Kolkata,Open-Meteo Historical Weather API
RJ-Jodhpur,2020-08-12,30.3,33.6,27.7,1.8,1.8,5.0,81,4.02,0.283,0.228,0.216,30.6,30.2,26.26841,73.00594,ERA5,Asia/Kolkata,Open-Meteo Historical Weather API
RJ-Jodhpur,2020-08-13,30.1,32.8,27.7,0.0,0.0,0.0,78,4.0,0.244,0.228,0.216,30.7,30.4,26.26841,73.00594,ERA5,Asia/Kolkata,Open-Meteo Historical Weather API
RJ-Jodhpur,2020-08-14,29.9,32.9,27.3,0.1,0.1,1.0,80,3.71,0.213,0.227,0.216,30.8,30.5,26.26841,73.00594,ERA5,Asia/Kolkata,Open-Meteo Historical Weather API
RJ-Jodhpur,2020-08-15,28.1,30.6,26.9,17.1,17.1,14.0,91,1.58,0.264,0.231,0.216,29.4,30.1,26.26841,73.00594,ERA5,Asia/Kolkata,Open-Meteo Historical Weather API
RJ-Jodhpur,2020-08-16,28.9,33.0,26.4,6.6,6.6,12.0,90,2.94,0.353,0.248,0.216,30.1,29.8,26.26841,73.00594,ERA5,Asia/Kolkata,Open-Meteo Historical Weather API
RJ-Jodhpur,2020-08-17,29.7,33.3,27.5,5.2,5.2,12.0,87,3.27,0.344,0.26,0.216,30.7,30.3,26.26841,73.00594,ERA5,Asia/Kolkata,Open-Meteo Historical Weather API
RJ-Jodhpur,2020-08-18,29.8,32.9,27.5,7.5,7.5,10.0,85,3.75,0.341,0.268,0.216,30.8,30.5,26.26841,73.00594,ERA5,Asia/Kolkata,Open-Meteo Historical Weather API
RJ-Jodhpur,2020-08-19,29.8,33.0,27.6,0.0,0.0,0.0,80,3.67,0.324,0.274,0.217,30.3,30.1,26.26841,73.00594,ERA5,Asia/Kolkata,Open-Meteo Historical Weather API
RJ-Jodhpur,2020-08-20,29.1,31.9,26.2,5.5,5.5,7.0,84,2.84,0.304,0.272,0.217,29.9,29.8,26.26841,73.00594,ERA5,Asia/Kolkata,Open-Meteo Historical Weather API
RJ-Jodhpur,2020-08-21,30.8,35.0,27.2,6.2,6.2,9.0,78,4.68,0.339,0.277,0.217,31.8,30.4,26.26841,73.00594,ERA5,Asia/Kolkata,Open-Meteo Historical Weather API
RJ-Jodhpur,2020-08-22,30.3,33.6,27.8,2.6,2.6,5.0,81,4.25,0.302,0.278,0.216,31.7,30.9,26.26841,73.00594,ERA5,Asia/Kolkata,Open-Meteo Historical Weather API
RJ-Jodhpur,2020-08-23,29.6,33.1,26.5,2.8,2.8,7.0,83,3.89,0.302,0.278,0.217,31.2,30.8,26.26841,73.00594,ERA5,Asia/Kolkata,Open-Meteo Historical Weather API
RJ-Jodhpur,2020-08-24,27.4,30.2,25.3,22.9,22.9,17.0,92,2.13,0.354,0.3,0.217,29.7,30.4,26.26841,73.00594,ERA5,Asia/Kolkata,Open-Meteo Historical Weather API
RJ-Jodhpur,2020-08-25,26.8,29.1,25.1,4.0,4.0,14.0,91,1.87,0.387,0.344,0.222,28.0,29.1,26.26841,73.00594,ERA5,Asia/Kolkata,Open-Meteo Historical Weather API
RJ-Jodhpur,2020-08-26,28.1,31.1,25.3,1.3,1.3,11.0,82,3.9,0.362,0.344,0.225,28.6,28.6,26.26841,73.00594,ERA5,Asia/Kolkata,Open-Meteo Historical Weather API
RJ-Jodhpur,2020-08-27,28.7,32.3,26.4,1.1,1.1,6.0,80,4.02,0.336,0.338,0.226,29.3,28.9,26.26841,73.00594,ERA5,Asia/Kolkata,Open-Meteo Historical Weather API
RJ-Jodhpur,2020-08-28,29.5,33.3,26.3,0.6,0.6,4.0,78,3.89,0.317,0.331,0.227,30.1,29.3,26.26841,73.00594,ERA5,Asia/Kolkata,Open-Meteo Historical Weather API
RJ-Jodhpur,2020-08-29,29.5,33.3,26.6,0.7,0.7,2.0,82,4.0,0.295,0.324,0.227,30.8,29.9,26.26841,73.00594,ERA5,Asia/Kolkata,Open-Meteo Historical Weather API
RJ-Jodhpur,2020-08-30,28.0,32.8,25.7,35.7,35.7,19.0,87,2.7,0.367,0.334,0.228,30.1,30.0,26.26841,73.00594,ERA5,Asia/Kolkata,Open-Meteo Historical Weather API
RJ-Jodhpur,2020-08-31,25.6,27.0,24.6,23.7,23.7,19.0,94,1.95,0.425,0.414,0.243,27.8,29.0,26.26841,73.00594,ERA5,Asia/Kolkata,Open-Meteo Historical Weather API
RJ-Jodhpur,2020-09-01,26.6,28.8,24.0,2.8,2.8,11.0,90,3.03,0.399,0.398,0.255,27.8,28.2,26.26841,73.00594,ERA5,Asia/Kolkata,Open-Meteo Historical Weather API
RJ-Jodhpur,2020-09-02,28.5,31.7,25.6,0.2,0.2,2.0,82,4.05,0.372,0.382,0.261,29.1,28.6,26.26841,73.00594,ERA5,Asia/Kolkata,Open-Meteo Historical Weather API
RJ-Jodhpur,2020-09-03,28.0,30.9,26.4,8.5,8.5,9.0,85,2.56,0.38,0.373,0.264,29.2,28.9,26.26841,73.00594,ERA5,Asia/Kolkata,Open-Meteo Historical Weather API
RJ-Jodhpur,2020-09-04,27.3,31.0,25.9,7.5,7.5,12.0,87,2.72,0.409,0.388,0.267,28.8,28.8,26.26841,73.00594,ERA5,Asia/Kolkata,Open-Meteo Historical Weather API
RJ-Jodhpur,2020-09-05,27.3,30.7,24.9,3.7,3.7,10.0,87,2.43,0.399,0.391,0.272,28.2,28.4,26.26841,73.00594,ERA5,Asia/Kolkata,Open-Meteo Historical Weather API
RJ-Jodhpur,2020-09-06,28.0,31.6,25.9,4.1,4.1,14.0,87,3.14,0.395,0.386,0.278,29.1,28.6,26.26841,73.00594,ERA5,Asia/Kolkata,Open-Meteo Historical Weather API
RJ-Jodhpur,2020-09-07,29.2,32.5,26.0,0.4,0.4,2.0,80,4.32,0.371,0.379,0.281,29.9,29.1,26.26841,73.00594,ERA5,Asia/Kolkata,Open-Meteo Historical Weather API
RJ-Jodhpur,2020-09-08,29.9,34.4,26.7,0.0,0.0,0.0,76,4.37,0.339,0.366,0.283,30.3,29.4,26.26841,73.00594,ERA5,Asia/Kolkata,Open-Meteo Historical Weather API
RJ-Jodhpur,2020-09-09,30.3,34.6,27.1,0.0,0.0,0.0,74,4.8,0.312,0.353,0.284,31.2,29.8,26.26841,73.00594,ERA5,Asia/Kolkata,Open-Meteo Historical Weather API
RJ-Jodhpur,2020-09-10,30.9,35.0,27.0,0.0,0.0,0.0,77,4.71,0.289,0.34,0.284,31.7,30.3,26.26841,73.00594,ERA5,Asia/Kolkata,Open-Meteo Historical Weather API
RJ-Jodhpur,2020-09-11,30.7,34.9,27.9,0.0,0.0,0.0,75,4.92,0.265,0.329,0.283,31.9,30.7,26.26841,73.00594,ERA5,Asia/Kolkata,Open-Meteo Historical Weather API
RJ-Jodhpur,2020-09-12,30.9,35.6,27.0,0.0,0.0,0.0,76,4.9,0.241,0.317,0.283,31.9,30.9,26.26841,73.00594,ERA5,Asia/Kolkata,Open-Meteo Historical Weather API
RJ-Jodhpur,2020-09-13,31.9,37.1,27.8,0.0,0.0,0.0,68,5.04,0.218,0.306,0.282,32.1,31.1,26.26841,73.00594,ERA5,Asia/Kolkata,Open-Meteo Historical Weather API
RJ-Jodhpur,2020-09-14,31.6,36.4,27.9,0.0,0.0,0.0,72,5.02,0.196,0.295,0.281,32.3,31.3,26.26841,73.00594,ERA5,Asia/Kolkata,Open-Meteo Historical Weather API
RJ-Jodhpur,2020-09-15,31.4,35.6,28.1,0.1,0.1,1.0,74,5.08,0.172,0.286,0.28,32.4,31.4,26.26841,73.00594,ERA5,Asia/Kolkata,Open-Meteo Historical Weather API
RJ-Jodhpur,2020-09-16,31.2,35.7,27.3,0.0,0.0,0.0,72,4.98,0.149,0.276,0.278,32.4,31.4,26.26841,73.00594,ERA5,Asia/Kolkata,Open-Meteo Historical Weather API
RJ-Jodhpur,2020-09-17,31.2,35.9,27.8,0.0,0.0,0.0,72,5.32,0.131,0.268,0.278,32.7,31.6,26.26841,73.00594,ERA5,Asia/Kolkata,Open-Meteo Historical Weather API
RJ-Jodhpur,2020-09-18,30.9,34.9,27.9,0.0,0.0,0.0,73,5.01,0.118,0.26,0.277,32.6,31.7,26.26841,73.00594,ERA5,Asia/Kolkata,Open-Meteo Historical Weather API
RJ-Jodhpur,2020-09-19,30.9,35.3,27.7,0.0,0.0,0.0,71,5.06,0.107,0.254,0.276,33.3,32.0,26.26841,73.00594,ERA5,Asia/Kolkata,Open-Meteo Historical Weather API
RJ-Jodhpur,2020-09-20,31.4,36.9,27.8,0.0,0.0,0.0,69,5.2,0.098,0.248,0.275,34.1,32.6,26.26841,73.00594,ERA5,Asia/Kolkata,Open-Meteo Historical Weather API
RJ-Jodhpur,2020-09-21,31.6,37.8,27.1,0.0,0.0,0.0,64,5.24,0.096,0.244,0.276,34.2,33.2,26.26841,73.00594,ERA5,Asia/Kolkata,Open-Meteo Historical Weather API
RJ-Jodhpur,2020-09-22,32.2,39.1,27.3,0.0,0.0,0.0,57,5.71,0.089,0.239,0.275,34.4,33.1,26.26841,73.00594,ERA5,Asia/Kolkata,Open-Meteo Historical Weather API
RJ-Jodhpur,2020-09-23,31.7,38.2,26.5,0.0,0.0,0.0,59,5.57,0.086,0.235,0.274,34.4,33.2,26.26841,73.00594,ERA5,Asia/Kolkata,Open-Meteo Historical Weather API
RJ-Jodhpur,2020-09-24,32.0,38.3,26.8,0.0,0.0,0.0,61,6.37,0.082,0.231,0.274,34.0,33.2,26.26841,73.00594,ERA5,Asia/Kolkata,Open-Meteo Historical Weather API
RJ-Jodhpur,2020-09-25,31.7,37.1,28.3,0.0,0.0,0.0,63,6.25,0.08,0.227,0.273,34.1,33.2,26.26841,73.00594,ERA5,Asia/Kolkata,Open-Meteo Historical Weather API
RJ-Jodhpur,2020-09-26,29.8,34.0,26.7,0.1,0.1,1.0,66,5.42,0.081,0.223,0.272,32.9,32.8,26.26841,73.00594,ERA5,Asia/Kolkata,Open-Meteo Historical Weather API
RJ-Jodhpur,2020-09-27,29.5,34.3,25.7,0.0,0.0,0.0,64,5.5,0.08,0.22,0.272,32.6,32.3,26.26841,73.00594,ERA5,Asia/Kolkata,Open-Meteo Historical Weather API
RJ-Jodhpur,2020-09-28,29.7,35.0,25.2,0.0,0.0,0.0,64,5.25,0.078,0.218,0.271,33.1,32.4,26.26841,73.00594,ERA5,Asia/Kolkata,Open-Meteo Historical Weather API
RJ-Jodhpur,2020-09-29,29.9,35.7,26.1,0.0,0.0,0.0,62,4.9,0.075,0.215,0.27,33.4,32.7,26.26841,73.00594,ERA5,Asia/Kolkata,Open-Meteo Historical Weather API
RJ-Jodhpur,2020-09-30,30.3,35.8,25.7,0.0,0.0,0.0,58,5.33,0.074,0.213,0.27,33.7,32.9,26.26841,73.00594,ERA5,Asia/Kolkata,Open-Meteo Historical Weather API
RJ-Jodhpur,2020-10-01,31.0,37.3,26.3,0.0,0.0,0.0,52,6.05,0.073,0.211,0.27,33.5,33.0,26.26841,73.00594,ERA5,Asia/Kolkata,Open-Meteo Historical Weather API
RJ-Jodhpur,2020-10-02,31.1,37.8,25.7,0.0,0.0,0.0,50,6.4,0.073,0.209,0.269,33.5,32.8,26.26841,73.00594,ERA5,Asia/Kolkata,Open-Meteo Historical Weather API
RJ-Jodhpur,2020-10-03,31.1,37.3,26.6,0.0,0.0,0.0,50,5.86,0.07,0.206,0.268,33.6,33.0,26.26841,73.00594,ERA5,Asia/Kolkata,Open-Meteo Historical Weather API
RJ-Jodhpur,2020-10-04,31.5,37.7,26.8,0.0,0.0,0.0,46,6.25,0.069,0.203,0.267,33.7,33.0,26.26841,73.00594,ERA5,Asia/Kolkata,Open-Meteo Historical Weather API
RJ-Jodhpur,2020-10-05,31.8,38.2,26.4,0.0,0.0,0.0,39,6.05,0.068,0.201,0.265,34.2,33.3,26.26841,73.00594,ERA5,Asia/Kolkata,Open-Meteo Historical Weather API
RJ-Jodhpur,2020-10-06,30.9,37.5,25.2,0.0,0.0,0.0,40,5.45,0.067,0.199,0.264,34.2,33.5,26.26841,73.00594,ERA5,Asia/Kolkata,Open-Meteo Historical Weather API
RJ-Jodhpur,2020-10-07,30.6,37.2,24.3,0.0,0.0,0.0,43,5.28,0.068,0.197,0.264,33.6,33.4,26.26841,73.00594,ERA5,Asia/Kolkata,Open-Meteo Historical Weather API
RJ-Jodhpur,2020-10-08,30.3,36.8,25.1,0.0,0.0,0.0,41,5.12,0.068,0.196,0.263,33.2,33.3,26.26841,73.00594,ERA5,Asia/Kolkata,Open-Meteo Historical Weather API
RJ-Jodhpur,2020-10-09,30.2,37.4,23.5,0.0,0.0,0.0,41,5.29,0.068,0.194,0.262,33.3,33.2,26.26841,73.00594,ERA5,Asia/Kolkata,Open-Meteo Historical Weather API
RJ-Jodhpur,2020-10-10,29.6,37.8,23.8,0.0,0.0,0.0,39,5.56,0.067,0.193,0.261,32.3,32.9,26.26841,73.00594,ERA5,Asia/Kolkata,Open-Meteo Historical Weather API
RJ-Jodhpur,2020-10-11,29.0,37.4,22.3,0.0,0.0,0.0,39,5.53,0.067,0.191,0.26,31.9,32.5,26.26841,73.00594,ERA5,Asia/Kolkata,Open-Meteo Historical Weather API
RJ-Jodhpur,2020-10-12,29.2,37.7,22.4,0.0,0.0,0.0,39,5.44,0.068,0.19,0.259,31.7,32.2,26.26841,73.00594,ERA5,Asia/Kolkata,Open-Meteo Historical Weather API
RJ-Jodhpur,2020-10-13,29.0,37.5,22.2,0.0,0.0,0.0,37,5.36,0.068,0.189,0.259,31.4,32.0,26.26841,73.00594,ERA5,Asia/Kolkata,Open-Meteo Historical Weather API
RJ-Jodhpur,2020-10-14,28.4,37.4,20.8,0.0,0.0,0.0,37,6.24,0.07,0.189,0.259,30.4,31.5,26.26841,73.00594,ERA5,Asia/Kolkata,Open-Meteo Historical Weather API
RJ-Jodhpur,2020-10-15,29.6,36.0,24.3,0.0,0.0,0.0,47,6.07,0.07,0.189,0.259,31.6,31.6,26.26841,73.00594,ERA5,Asia/Kolkata,Open-Meteo Historical Weather API
RJ-Jodhpur,2020-10-16,30.5,36.1,25.7,0.0,0.0,0.0,46,6.29,0.073,0.189,0.258,32.6,32.4,26.26841,73.00594,ERA5,Asia/Kolkata,Open-Meteo Historical Weather API
RJ-Jodhpur,2020-10-17,30.8,35.0,26.8,0.0,0.0,0.0,49,5.29,0.074,0.187,0.257,33.2,32.8,26.26841,73.00594,ERA5,Asia/Kolkata,Open-Meteo Historical Weather API
RJ-Jodhpur,2020-10-18,30.4,37.2,27.9,0.0,0.0,0.0,54,3.95,0.071,0.186,0.256,33.3,33.0,26.26841,73.00594,ERA5,Asia/Kolkata,Open-Meteo Historical Weather API
RJ-Jodhpur,2020-10-19,29.0,34.5,26.1,0.8,0.8,2.0,64,3.77,0.074,0.186,0.256,32.8,32.7,26.26841,73.00594,ERA5,Asia/Kolkata,Open-Meteo Historical Weather API
RJ-Jodhpur,2020-10-20,29.3,35.1,24.9,0.0,0.0,0.0,66,4.02,0.073,0.185,0.255,32.9,32.6,26.26841,73.00594,ERA5,Asia/Kolkata,Open-Meteo Historical Weather API
RJ-Jodhpur,2020-10-21,29.6,35.9,25.0,0.0,0.0,0.0,58,4.47,0.07,0.184,0.254,32.7,32.7,26.26841,73.00594,ERA5,Asia/Kolkata,Open-Meteo Historical Weather API
RJ-Jodhpur,2020-10-22,28.6,36.0,23.4,0.0,0.0,0.0,30,5.76,0.07,0.184,0.254,31.4,32.3,26.26841,73.00594,ERA5,Asia/Kolkata,Open-Meteo Historical Weather API
RJ-Jodhpur,2020-10-23,26.7,36.0,20.5,0.0,0.0,0.0,36,5.11,0.07,0.184,0.254,29.7,31.0,26.26841,73.00594,ERA5,Asia/Kolkata,Open-Meteo Historical Weather API
RJ-Jodhpur,2020-10-24,26.5,34.9,19.6,0.0,0.0,0.0,42,5.04,0.071,0.184,0.254,29.2,30.4,26.26841,73.00594,ERA5,Asia/Kolkata,Open-Meteo Historical Weather API
RJ-Jodhpur,2020-10-25,27.2,34.6,21.3,0.0,0.0,0.0,37,5.75,0.072,0.184,0.254,29.6,30.4,26.26841,73.00594,ERA5,Asia/Kolkata,Open-Meteo Historical Weather API
RJ-Jodhpur,2020-10-26,26.0,34.5,18.6,0.0,0.0,0.0,38,5.15,0.075,0.184,0.254,28.7,30.0,26.26841,73.00594,ERA5,Asia/Kolkata,Open-Meteo Historical Weather API
RJ-Jodhpur,2020-10-27,24.6,33.1,17.9,0.0,0.0,0.0,38,4.77,0.075,0.185,0.254,28.0,29.4,26.26841,73.00594,ERA5,Asia/Kolkata,Open-Meteo Historical Weather API
RJ-Jodhpur,2020-10-28,24.1,33.1,16.7,0.0,0.0,0.0,41,4.91,0.074,0.185,0.254,26.8,28.6,26.26841,73.00594,ERA5,Asia/Kolkata,Open-Meteo Historical Weather API
RJ-Jodhpur,2020-10-29,24.5,32.9,17.5,0.0,0.0,0.0,40,4.54,0.078,0.185,0.255,26.3,28.2,26.26841,73.00594,ERA5,Asia/Kolkata,Open-Meteo Historical Weather API
RJ-Jodhpur,2020-10-30,24.1,32.7,16.3,0.0,0.0,0.0,43,4.34,0.076,0.186,0.255,26.3,27.8,26.26841,73.00594,ERA5,Asia/Kolkata,Open-Meteo Historical Weather API
RJ-Jodhpur,2020-10-31,23.4,32.6,16.8,0.0,0.0,0.0,44,4.62,0.082,0.187,0.256,25.8,27.6,26.26841,73.00594,ERA5,Asia/Kolkata,Open-Meteo Historical Weather API
RJ-Jodhpur,2020-11-01,22.7,32.0,16.0,0.0,0.0,0.0,46,4.27,0.085,0.188,0.257,25.0,26.9,26.26841,73.00594,ERA5,Asia/Kolkata,Open-Meteo Historical Weather API
RJ-Jodhpur,2020-11-02,22.5,32.4,14.8,0.0,0.0,0.0,49,4.22,0.084,0.188,0.257,24.4,26.4,26.26841,73.00594,ERA5,Asia/Kolkata,Open-Meteo Historical Weather API
RJ-Jodhpur,2020-11-03,23.1,32.9,15.7,0.0,0.0,0.0,42,4.45,0.079,0.187,0.256,23.8,26.0,26.26841,73.00594,ERA5,Asia/Kolkata,Open-Meteo Historical Weather API
RJ-Jodhpur,2020-11-04,22.7,32.4,15.5,0.0,0.0,0.0,46,4.62,0.08,0.187,0.256,23.9,25.7,26.26841,73.00594,ERA5,Asia/Kolkata,Open-Meteo Historical Weather API
RJ-Jodhpur,2020-11-05,23.0,32.0,15.2,0.0,0.0,0.0,50,4.69,0.082,0.188,0.256,24.7,25.7,26.26841,73.00594,ERA5,Asia/Kolkata,Open-Meteo Historical Weather API
RJ-Jodhpur,2020-11-06,23.2,32.2,15.0,0.0,0.0,0.0,57,4.0,0.083,0.188,0.256,24.9,26.0,26.26841,73.00594,ERA5,Asia/Kolkata,Open-Meteo Historical Weather API
RJ-Jodhpur,2020-11-07,23.2,32.8,15.7,0.0,0.0,0.0,51,4.17,0.084,0.187,0.256,25.0,26.0,26.26841,73.00594,ERA5,Asia/Kolkata,Open-Meteo Historical Weather API
RJ-Jodhpur,2020-11-08,23.5,32.7,15.8,0.0,0.0,0.0,49,4.16,0.082,0.187,0.256,24.7,25.9,26.26841,73.00594,ERA5,Asia/Kolkata,Open-Meteo Historical Weather API
RJ-Jodhpur,2020-11-09,22.9,32.4,15.6,0.0,0.0,0.0,49,4.04,0.08,0.185,0.255,24.8,25.8,26.26841,73.00594,ERA5,Asia/Kolkata,Open-Meteo Historical Weather API
RJ-Jodhpur,2020-11-10,22.4,31.4,14.9,0.0,0.0,0.0,46,4.04,0.079,0.186,0.255,24.2,25.6,26.26841,73.00594,ERA5,Asia/Kolkata,Open-Meteo Historical Weather API
RJ-Jodhpur,2020-11-11,21.6,30.3,15.5,0.0,0.0,0.0,47,4.64,0.082,0.188,0.257,23.5,25.2,26.26841,73.00594,ERA5,Asia/Kolkata,Open-Meteo Historical Weather API
RJ-Jodhpur,2020-11-12,21.0,28.5,16.1,0.0,0.0,0.0,57,4.1,0.085,0.19,0.258,23.2,24.9,26.26841,73.00594,ERA5,Asia/Kolkata,Open-Meteo Historical Weather API
RJ-Jodhpur,2020-11-13,21.4,29.5,15.6,0.0,0.0,0.0,56,4.06,0.085,0.19,0.258,23.4,24.7,26.26841,73.00594,ERA5,Asia/Kolkata,Open-Meteo Historical Weather API
RJ-Jodhpur,2020-11-14,22.7,31.0,16.3,0.0,0.0,0.0,56,4.13,0.081,0.19,0.258,24.2,25.0,26.26841,73.00594,ERA5,Asia/Kolkata,Open-Meteo Historical Weather API
RJ-Jodhpur,2020-11-15,23.7,31.7,17.7,0.0,0.0,0.0,55,4.43,0.08,0.19,0.258,25.3,25.8,26.26841,73.00594,ERA5,Asia/Kolkata,Open-Meteo Historical Weather API
RJ-Jodhpur,2020-11-16,22.1,28.0,17.1,0.0,0.0,0.0,56,4.35,0.084,0.192,0.26,24.4,25.5,26.26841,73.00594,ERA5,Asia/Kolkata,Open-Meteo Historical Weather API
RJ-Jodhpur,2020-11-17,21.0,26.5,17.7,0.0,0.0,0.0,63,3.97,0.088,0.194,0.261,23.8,25.1,26.26841,73.00594,ERA5,Asia/Kolkata,Open-Meteo Historical Weather API
RJ-Jodhpur,2020-11-18,20.1,25.9,15.8,0.0,0.0,0.0,56,3.93,0.084,0.194,0.261,22.9,24.4,26.26841,73.00594,ERA5,Asia/Kolkata,Open-Meteo Historical Weather API
RJ-Jodhpur,2020-11-19,20.1,27.4,15.2,0.0,0.0,0.0,39,4.47,0.079,0.193,0.26,22.7,24.1,26.26841,73.00594,ERA5,Asia/Kolkata,Open-Meteo Historical Weather API
RJ-Jodhpur,2020-11-20,19.2,27.0,12.6,0.0,0.0,0.0,38,4.42,0.078,0.193,0.26,21.8,23.5,26.26841,73.00594,ERA5,Asia/Kolkata,Open-Meteo Historical Weather API
RJ-Jodhpur,2020-11-21,18.5,26.3,12.9,0.0,0.0,0.0,47,4.03,0.083,0.192,0.259,21.1,23.0,26.26841,73.00594,ERA5,Asia/Kolkata,Open-Meteo Historical Weather API
RJ-Jodhpur,2020-11-22,18.2,27.3,11.4,0.0,0.0,0.0,50,3.73,0.082,0.191,0.259,20.3,22.3,26.26841,73.00594,ERA5,Asia/Kolkata,Open-Meteo Historical Weather API
RJ-Jodhpur,2020-11-23,19.1,27.8,11.9,0.0,0.0,0.0,48,3.61,0.079,0.191,0.258,20.7,22.3,26.26841,73.00594,ERA5,Asia/Kolkata,Open-Meteo Historical Weather API
RJ-Jodhpur,2020-11-24,20.1,27.0,13.0,0.0,0.0,0.0,53,3.29,0.079,0.19,0.258,21.5,22.6,26.26841,73.00594,ERA5,Asia/Kolkata,Open-Meteo Historical Weather API
RJ-Jodhpur,2020-11-25,21.1,26.7,17.0,0.0,0.0,0.0,54,3.87,0.077,0.19,0.258,23.2,23.3,26.26841,73.00594,ERA5,Asia/Kolkata,Open-Meteo Historical Weather API
RJ-Jodhpur,2020-11-26,19.5,25.1,15.1,0.0,0.0,0.0,61,4.2,0.08,0.19,0.258,21.9,23.4,26.26841,73.00594,ERA5,Asia/Kolkata,Open-Meteo Historical Weather API
RJ-Jodhpur,2020-11-27,19.3,26.0,15.0,0.0,0.0,0.0,54,4.34,0.077,0.19,0.258,21.5,22.8,26.26841,73.00594,ERA5,Asia/Kolkata,Open-Meteo Historical Weather API
RJ-Jodhpur,2020-11-28,18.7,26.2,12.9,0.0,0.0,0.0,53,3.89,0.073,0.189,0.257,21.1,22.2,26.26841,73.00594,ERA5,Asia/Kolkata,Open-Meteo Historical Weather API
RJ-Jodhpur,2020-11-29,18.9,28.3,11.8,0.0,0.0,0.0,49,3.87,0.073,0.188,0.256,20.8,22.0,26.26841,73.00594,ERA5,Asia/Kolkata,Open-Meteo Historical Weather API
RJ-Jodhpur,2020-11-30,19.9,30.1,11.8,0.0,0.0,0.0,51,3.64,0.072,0.187,0.255,21.5,22.2,26.26841,73.00594,ERA5,Asia/Kolkata,Open-Meteo Historical Weather API
RJ-Jodhpur,2020-12-01,21.2,31.5,13.1,0.0,0.0,0.0,48,3.82,0.073,0.185,0.254,22.6,22.7,26.26841,73.00594,ERA5,Asia/Kolkata,Open-Meteo Historical Weather API
RJ-Jodhpur,2020-12-02,21.3,31.7,13.6,0.0,0.0,0.0,48,3.76,0.071,0.184,0.253,22.7,23.1,26.26841,73.00594,ERA5,Asia/Kolkata,Open-Meteo Historical Weather API
RJ-Jodhpur,2020-12-03,21.2,32.2,12.6,0.0,0.0,0.0,47,3.44,0.069,0.185,0.254,22.4,23.1,26.26841,73.00594,ERA5,Asia/Kolkata,Open-Meteo Historical Weather API
RJ-Jodhpur,2020-12-04,21.4,31.8,13.4,0.0,0.0,0.0,53,3.62,0.069,0.184,0.253,22.7,23.1,26.26841,73.00594,ERA5,Asia/Kolkata,Open-Meteo Historical Weather API
RJ-Jodhpur,2020-12-05,21.9,30.5,15.6,0.0,0.0,0.0,57,3.61,0.071,0.184,0.253,23.2,23.5,26.26841,73.00594,ERA5,Asia/Kolkata,Open-Meteo Historical Weather API
RJ-Jodhpur,2020-12-06,21.9,29.8,15.9,0.0,0.0,0.0,56,3.4,0.074,0.185,0.254,22.8,23.6,26.26841,73.00594,ERA5,Asia/Kolkata,Open-Meteo Historical Weather API
RJ-Jodhpur,2020-12-07,21.7,31.1,15.4,0.0,0.0,0.0,54,3.62,0.079,0.186,0.255,22.8,23.5,26.26841,73.00594,ERA5,Asia/Kolkata,Open-Meteo Historical Weather API
RJ-Jodhpur,2020-12-08,21.7,31.1,14.8,0.0,0.0,0.0,62,3.46,0.076,0.186,0.254,23.0,23.5,26.26841,73.00594,ERA5,Asia/Kolkata,Open-Meteo Historical Weather API
RJ-Jodhpur,2020-12-09,21.6,30.0,14.6,0.0,0.0,0.0,62,3.37,0.074,0.185,0.254,22.7,23.6,26.26841,73.00594,ERA5,Asia/Kolkata,Open-Meteo Historical Weather API
RJ-Jodhpur,2020-12-10,21.1,28.6,15.7,0.0,0.0,0.0,61,3.44,0.078,0.186,0.254,23.0,23.7,26.26841,73.00594,ERA5,Asia/Kolkata,Open-Meteo Historical Weather API
RJ-Jodhpur,2020-12-11,21.3,28.0,16.0,0.3,0.3,2.0,63,3.43,0.082,0.186,0.254,22.8,23.5,26.26841,73.00594,ERA5,Asia/Kolkata,Open-Meteo Historical Weather API
RJ-Jodhpur,2020-12-12,18.7,23.6,14.7,0.0,0.0,0.0,59,3.43,0.083,0.188,0.255,21.6,23.0,26.26841,73.00594,ERA5,Asia/Kolkata,Open-Meteo Historical Weather API
RJ-Jodhpur,2020-12-13,17.4,22.6,13.9,0.0,0.0,0.0,55,3.54,0.082,0.188,0.256,20.0,21.9,26.26841,73.00594,ERA5,Asia/Kolkata,Open-Meteo Historical Weather API
RJ-Jodhpur,2020-12-14,17.7,23.5,13.7,0.0,0.0,0.0,51,3.7,0.078,0.188,0.255,20.0,21.5,26.26841,73.00594,ERA5,Asia/Kolkata,Open-Meteo Historical Weather API
RJ-Jodhpur,2020-12-15,17.3,22.5,13.5,0.0,0.0,0.0,56,3.17,0.077,0.187,0.255,19.8,21.5,26.26841,73.00594,ERA5,Asia/Kolkata,Open-Meteo Historical Weather API
RJ-Jodhpur,2020-12-16,15.7,21.8,11.1,0.0,0.0,0.0,60,3.45,0.079,0.188,0.256,18.5,20.9,26.26841,73.00594,ERA5,Asia/Kolkata,Open-Meteo Historical Weather API
RJ-Jodhpur,2020-12-17,13.9,20.6,8.6,0.0,0.0,0.0,47,3.57,0.072,0.188,0.255,17.4,19.9,26.26841,73.00594,ERA5,Asia/Kolkata,Open-Meteo Historical Weather API
RJ-Jodhpur,2020-12-18,13.8,22.3,7.2,0.0,0.0,0.0,45,3.59,0.071,0.187,0.255,16.4,18.9,26.26841,73.00594,ERA5,Asia/Kolkata,Open-Meteo Historical Weather API
RJ-Jodhpur,2020-12-19,15.6,25.2,7.8,0.0,0.0,0.0,39,4.08,0.074,0.186,0.254,17.0,18.7,26.26841,73.00594,ERA5,Asia/Kolkata,Open-Meteo Historical Weather API
RJ-Jodhpur,2020-12-20,16.6,25.6,9.0,0.0,0.0,0.0,41,3.7,0.083,0.185,0.253,17.3,19.1,26.26841,73.00594,ERA5,Asia/Kolkata,Open-Meteo Historical Weather API
RJ-Jodhpur,2020-12-21,16.9,26.7,9.1,0.0,0.0,0.0,46,3.08,0.084,0.185,0.253,17.7,19.1,26.26841,73.00594,ERA5,Asia/Kolkata,Open-Meteo Historical Weather API
RJ-Jodhpur,2020-12-22,17.7,27.1,11.1,0.0,0.0,0.0,48,3.53,0.086,0.184,0.253,18.6,19.3,26.26841,73.00594,ERA5,Asia/Kolkata,Open-Meteo Historical Weather API
RJ-Jodhpur,2020-12-23,17.8,26.5,11.4,0.0,0.0,0.0,50,3.66,0.083,0.184,0.252,19.0,19.6,26.26841,73.00594,ERA5,Asia/Kolkata,Open-Meteo Historical Weather API
RJ-Jodhpur,2020-12-24,18.4,26.0,12.5,0.0,0.0,0.0,51,4.0,0.079,0.184,0.252,19.5,20.0,26.26841,73.00594,ERA5,Asia/Kolkata,Open-Meteo Historical Weather API
RJ-Jodhpur,2020-12-25,18.1,25.8,12.8,0.0,0.0,0.0,53,3.78,0.08,0.184,0.253,19.4,20.2,26.26841,73.00594,ERA5,Asia/Kolkata,Open-Meteo Historical Weather API
RJ-Jodhpur,2020-12-26,18.7,26.8,12.1,0.0,0.0,0.0,53,3.27,0.082,0.185,0.253,19.4,20.2,26.26841,73.00594,ERA5,Asia/Kolkata,Open-Meteo Historical Weather API
RJ-Jodhpur,2020-12-27,16.2,23.5,11.2,0.0,0.0,0.0,45,3.96,0.081,0.185,0.253,17.6,19.8,26.26841,73.00594,ERA5,Asia/Kolkata,Open-Meteo Historical Weather API
RJ-Jodhpur,2020-12-28,12.9,20.9,5.5,0.0,0.0,0.0,41,2.95,0.088,0.185,0.253,15.3,18.1,26.26841,73.00594,ERA5,Asia/Kolkata,Open-Meteo Historical Weather API
RJ-Jodhpur,2020-12-29,12.6,21.3,5.7,0.0,0.0,0.0,41,3.65,0.09,0.185,0.253,14.5,17.0,26.26841,73.00594,ERA5,Asia/Kolkata,Open-Meteo Historical Weather API
RJ-Jodhpur,2020-12-30,12.8,20.0,7.0,0.0,0.0,0.0,48,3.7,0.086,0.184,0.252,14.7,16.8,26.26841,73.00594,ERA5,Asia/Kolkata,Open-Meteo Historical Weather API
RJ-Jodhpur,2020-12-31,13.2,19.9,7.5,0.0,0.0,0.0,46,3.79,0.079,0.183,0.252,15.0,16.7,26.26841,73.00594,ERA5,Asia/Kolkata,Open-Meteo Historical Weather API
RJ-Jodhpur,2021-01-01,16.0,23.4,9.6,0.0,0.0,0.0,52,3.18,0.074,0.182,0.251,17.1,17.3,26.26841,73.00594,ERA5,Asia/Kolkata,Open-Meteo Historical Weather API
RJ-Jodhpur,2021-01-02,17.4,24.7,11.7,0.0,0.0,0.0,65,3.16,0.073,0.181,0.25,19.2,19.2,26.26841,73.00594,ERA5,Asia/Kolkata,Open-Meteo Historical Weather API
RJ-Jodhpur,2021-01-03,15.3,21.8,9.4,0.0,0.0,0.0,73,2.79,0.076,0.182,0.25,17.9,19.3,26.26841,73.00594,ERA5,Asia/Kolkata,Open-Meteo Historical Weather API
RJ-Jodhpur,2021-01-04,17.4,23.5,12.7,1.1,1.1,3.0,80,2.59,0.083,0.182,0.25,19.2,19.3,26.26841,73.00594,ERA5,Asia/Kolkata,Open-Meteo Historical Weather API
RJ-Jodhpur,2021-01-05,17.8,21.8,15.4,0.4,0.4,3.0,84,2.21,0.102,0.183,0.25,19.9,19.9,26.26841,73.00594,ERA5,Asia/Kolkata,Open-Meteo Historical Weather API
RJ-Jodhpur,2021-01-06,15.3,20.1,11.5,0.0,0.0,0.0,77,2.61,0.102,0.181,0.25,18.0,19.3,26.26841,73.00594,ERA5,Asia/Kolkata,Open-Meteo Historical Weather API
RJ-Jodhpur,2021-01-07,14.0,19.8,9.7,0.0,0.0,0.0,72,2.89,0.106,0.183,0.251,16.3,18.2,26.26841,73.00594,ERA5,Asia/Kolkata,Open-Meteo Historical Weather API
RJ-Jodhpur,2021-01-08,14.5,20.9,9.7,0.0,0.0,0.0,78,2.35,0.105,0.184,0.251,16.4,17.8,26.26841,73.00594,ERA5,Asia/Kolkata,Open-Meteo Historical Weather API
RJ-Jodhpur,2021-01-09,14.5,17.7,11.0,1.3,1.3,7.0,80,1.37,0.117,0.184,0.252,15.8,17.9,26.26841,73.00594,ERA5,Asia/Kolkata,Open-Meteo Historical Weather API
RJ-Jodhpur,2021-01-10,15.3,21.0,10.9,0.0,0.0,0.0,62,3.3,0.114,0.185,0.252,17.0,17.6,26.26841,73.00594,ERA5,Asia/Kolkata,Open-Meteo Historical Weather API
RJ-Jodhpur,2021-01-11,14.6,22.6,8.9,0.0,0.0,0.0,50,3.86,0.094,0.183,0.25,16.3,17.4,26.26841,73.00594,ERA5,Asia/Kolkata,Open-Meteo Historical Weather API
RJ-Jodhpur,2021-01-12,14.8,24.4,6.9,0.0,0.0,0.0,50,3.86,0.077,0.179,0.246,16.4,17.3,26.26841,73.00594,ERA5,Asia/Kolkata,Open-Meteo Historical Weather API
RJ-Jodhpur,2021-01-13,15.7,26.4,7.2,0.0,0.0,0.0,46,3.88,0.073,0.175,0.244,17.2,17.6,26.26841,73.00594,ERA5,Asia/Kolkata,Open-Meteo Historical Weather API
RJ-Jodhpur,2021-01-14,17.5,27.1,9.6,0.0,0.0,0.0,41,4.02,0.075,0.174,0.243,18.7,18.1,26.26841,73.00594,ERA5,Asia/Kolkata,Open-Meteo Historical Weather API
RJ-Jodhpur,2021-01-15,18.6,26.7,12.3,0.0,0.0,0.0,45,3.78,0.075,0.174,0.242,20.1,19.3,26.26841,73.00594,ERA5,Asia/Kolkata,Open-Meteo Historical Weather API
RJ-Jodhpur,2021-01-16,18.5,27.2,11.3,0.0,0.0,0.0,50,4.16,0.071,0.173,0.241,19.8,19.6,26.26841,73.00594,ERA5,Asia/Kolkata,Open-Meteo Historical Weather API
RJ-Jodhpur,2021-01-17,20.0,29.1,13.0,0.0,0.0,0.0,50,3.92,0.062,0.172,0.24,21.2,20.3,26.26841,73.00594,ERA5,Asia/Kolkata,Open-Meteo Historical Weather API
RJ-Jodhpur,2021-01-18,18.4,24.4,14.0,0.0,0.0,0.0,66,3.53,0.075,0.174,0.242,20.7,21.2,26.26841,73.00594,ERA5,Asia/Kolkata,Open-Meteo Historical Weather API
RJ-Jodhpur,2021-01-19,16.4,23.4,10.7,0.0,0.0,0.0,72,3.13,0.079,0.176,0.244,19.0,20.6,26.26841,73.00594,ERA5,Asia/Kolkata,Open-Meteo Historical Weather API
RJ-Jodhpur,2021-01-20,17.4,26.5,10.7,0.0,0.0,0.0,62,3.46,0.071,0.176,0.242,19.5,19.9,26.26841,73.00594,ERA5,Asia/Kolkata,Open-Meteo Historical Weather API
RJ-Jodhpur,2021-01-21,18.5,28.4,9.7,0.0,0.0,0.0,48,3.8,0.062,0.172,0.239,19.9,20.0,26.26841,73.00594,ERA5,Asia/Kolkata,Open-Meteo Historical Weather API
RJ-Jodhpur,2021-01-22,20.0,29.2,11.4,0.0,0.0,0.0,44,4.63,0.062,0.171,0.238,20.4,20.3,26.26841,73.00594,ERA5,Asia/Kolkata,Open-Meteo Historical Weather API
RJ-Jodhpur,2021-01-23,19.7,27.1,13.9,0.0,0.0,0.0,47,4.67,0.069,0.172,0.238,21.0,20.9,26.26841,73.00594,ERA5,Asia/Kolkata,Open-Meteo Historical Weather API
RJ-Jodhpur,2021-01-24,16.3,23.8,10.6,0.0,0.0,0.0,42,4.44,0.073,0.173,0.238,18.8,20.1,26.26841,73.00594,ERA5,Asia/Kolkata,Open-Meteo Historical Weather API
RJ-Jodhpur,2021-01-25,15.1,22.7,8.7,0.0,0.0,0.0,44,4.13,0.077,0.173,0.238,17.5,18.8,26.26841,73.00594,ERA5,Asia/Kolkata,Open-Meteo Historical Weather API
RJ-Jodhpur,2021-01-26,14.9,23.0,7.9,0.0,0.0,0.0,45,4.14,0.075,0.172,0.238,16.9,18.2,26.26841,73.00594,ERA5,Asia/Kolkata,Open-Meteo Historical Weather API
RJ-Jodhpur,2021-01-27,15.5,23.4,8.3,0.0,0.0,0.0,44,4.14,0.07,0.172,0.237,17.4,18.2,26.26841,73.00594,ERA5,Asia/Kolkata,Open-Meteo Historical Weather API
RJ-Jodhpur,2021-01-28,15.9,23.6,9.3,0.0,0.0,0.0,42,4.24,0.072,0.171,0.237,18.0,18.5,26.26841,73.00594,ERA5,Asia/Kolkata,Open-Meteo Historical Weather API
RJ-Jodhpur,2021-01-29,15.9,24.7,8.7,0.0,0.0,0.0,39,4.29,0.075,0.171,0.236,17.8,18.5,26.26841,73.00594,ERA5,Asia/Kolkata,Open-Meteo Historical Weather API
RJ-Jodhpur,2021-01-30,16.4,26.1,8.3,0.0,0.0,0.0,36,3.93,0.076,0.169,0.235,17.7,18.6,26.26841,73.00594,ERA5,Asia/Kolkata,Open-Meteo Historical Weather API
RJ-Jodhpur,2021-01-31,17.4,27.5,7.1,0.0,0.0,0.0,37,3.98,0.079,0.168,0.234,17.6,18.5,26.26841,73.00594,ERA5,Asia/Kolkata,Open-Meteo Historical Weather API
RJ-Jodhpur,2021-02-01,19.3,28.4,9.4,0.0,0.0,0.0,38,3.68,0.081,0.168,0.234,18.7,19.0,26.26841,73.00594,ERA5,Asia/Kolkata,Open-Meteo Historical Weather API
RJ-Jodhpur,2021-02-02,19.4,29.7,9.9,0.0,0.0,0.0,46,4.62,0.083,0.168,0.234,19.7,19.5,26.26841,73.00594,ERA5,Asia/Kolkata,Open-Meteo Historical Weather API
RJ-Jodhpur,2021-02-03,19.4,28.1,12.1,0.0,0.0,0.0,48,4.07,0.083,0.168,0.233,20.6,20.1,26.26841,73.00594,ERA5,Asia/Kolkata,Open-Meteo Historical Weather API
RJ-Jodhpur,2021-02-04,19.2,26.5,13.3,0.0,0.0,0.0,47,4.74,0.088,0.17,0.234,20.3,20.2,26.26841,73.00594,ERA5,Asia/Kolkata,Open-Meteo Historical Weather API
RJ-Jodhpur,2021-02-05,17.8,24.8,11.2,0.0,0.0,0.0,50,4.37,0.088,0.171,0.235,19.8,20.0,26.26841,73.00594,ERA5,Asia/Kolkata,Open-Meteo Historical Weather API
RJ-Jodhpur,2021-02-06,17.4,25.2,11.2,0.0,0.0,0.0,48,4.23,0.083,0.17,0.235,19.3,19.6,26.26841,73.00594,ERA5,Asia/Kolkata,Open-Meteo Historical Weather API
RJ-Jodhpur,2021-02-07,17.7,26.9,9.8,0.0,0.0,0.0,45,4.08,0.085,0.17,0.235,19.0,19.4,26.26841,73.00594,ERA5,Asia/Kolkata,Open-Meteo Historical Weather API
RJ-Jodhpur,2021-02-08,19.6,29.6,10.7,0.0,0.0,0.0,41,4.07,0.081,0.168,0.233,19.8,19.7,26.26841,73.00594,ERA5,Asia/Kolkata,Open-Meteo Historical Weather API
RJ-Jodhpur,2021-02-09,19.5,29.4,10.8,0.0,0.0,0.0,46,4.45,0.08,0.168,0.232,20.3,20.2,26.26841,73.00594,ERA5,Asia/Kolkata,Open-Meteo Historical Weather API
RJ-Jodhpur,2021-02-10,21.2,31.0,13.2,0.0,0.0,0.0,39,4.09,0.083,0.168,0.232,21.3,20.7,26.26841,73.00594,ERA5,Asia/Kolkata,Open-Meteo Historical Weather API
RJ-Jodhpur,2021-02-11,20.8,30.5,13.1,0.0,0.0,0.0,37,4.61,0.082,0.167,0.231,21.6,21.0,26.26841,73.00594,ERA5,Asia/Kolkata,Open-Meteo Historical Weather API
RJ-Jodhpur,2021-02-12,22.4,32.1,15.6,0.0,0.0,0.0,35,4.79,0.081,0.166,0.23,22.6,21.7,26.26841,73.00594,ERA5,Asia/Kolkata,Open-Meteo Historical Weather API
RJ-Jodhpur,2021-02-13,22.6,31.4,14.7,0.0,0.0,0.0,37,4.96,0.079,0.166,0.23,22.8,22.0,26.26841,73.00594,ERA5,Asia/Kolkata,Open-Meteo Historical Weather API
RJ-Jodhpur,2021-02-14,21.8,31.5,13.4,0.0,0.0,0.0,41,4.61,0.079,0.167,0.231,22.3,21.9,26.26841,73.00594,ERA5,Asia/Kolkata,Open-Meteo Historical Weather API
RJ-Jodhpur,2021-02-15,22.0,30.5,14.9,0.0,0.0,0.0,40,4.88,0.081,0.168,0.231,22.4,21.9,26.26841,73.00594,ERA5,Asia/Kolkata,Open-Meteo Historical Weather API
RJ-Jodhpur,2021-02-16,21.9,31.2,14.2,0.0,0.0,0.0,39,4.6,0.081,0.168,0.231,22.8,22.1,26.26841,73.00594,ERA5,Asia/Kolkata,Open-Meteo Historical Weather API
RJ-Jodhpur,2021-02-17,22.1,31.2,14.9,0.0,0.0,0.0,32,5.19,0.077,0.168,0.231,23.5,22.5,26.26841,73.00594,ERA5,Asia/Kolkata,Open-Meteo Historical Weather API
RJ-Jodhpur,2021-02-18,22.4,31.2,14.5,0.0,0.0,0.0,30,5.74,0.076,0.168,0.23,23.6,22.7,26.26841,73.00594,ERA5,Asia/Kolkata,Open-Meteo Historical Weather API
RJ-Jodhpur,2021-02-19,22.4,30.4,15.1,0.0,0.0,0.0,33,5.82,0.076,0.166,0.228,24.0,23.1,26.26841,73.00594,ERA5,Asia/Kolkata,Open-Meteo Historical Weather API
RJ-Jodhpur,2021-02-20,22.4,30.8,15.1,0.0,0.0,0.0,34,5.59,0.076,0.166,0.228,23.9,23.1,26.26841,73.00594,ERA5,Asia/Kolkata,Open-Meteo Historical Weather API
RJ-Jodhpur,2021-02-21,23.0,32.1,14.8,0.0,0.0,0.0,34,4.99,0.077,0.165,0.227,24.0,23.3,26.26841,73.00594,ERA5,Asia/Kolkata,Open-Meteo Historical Weather API
RJ-Jodhpur,2021-02-22,22.6,32.8,14.0,0.0,0.0,0.0,37,5.31,0.074,0.165,0.226,23.9,23.3,26.26841,73.00594,ERA5,Asia/Kolkata,Open-Meteo Historical Weather API
RJ-Jodhpur,2021-02-23,23.6,32.8,15.6,0.0,0.0,0.0,36,5.75,0.073,0.165,0.226,24.4,23.6,26.26841,73.00594,ERA5,Asia/Kolkata,Open-Meteo Historical Weather API
RJ-Jodhpur,2021-02-24,24.0,32.6,16.0,0.0,0.0,0.0,38,5.9,0.073,0.165,0.226,25.0,23.9,26.26841,73.00594,ERA5,Asia/Kolkata,Open-Meteo Historical Weather API
RJ-Jodhpur,2021-02-25,24.9,33.5,17.4,0.0,0.0,0.0,40,5.81,0.072,0.165,0.226,26.1,24.4,26.26841,73.00594,ERA5,Asia/Kolkata,Open-Meteo Historical Weather API
RJ-Jodhpur,2021-02-26,26.9,34.9,19.7,0.0,0.0,0.0,43,6.7,0.07,0.165,0.225,27.5,25.2,26.26841,73.00594,ERA5,Asia/Kolkata,Open-Meteo Historical Weather API
RJ-Jodhpur,2021-02-27,26.9,33.2,22.0,0.0,0.0,0.0,42,6.2,0.068,0.164,0.225,28.5,26.2,26.26841,73.00594,ERA5,Asia/Kolkata,Open-Meteo Historical Weather API
RJ-Jodhpur,2021-02-28,25.5,31.9,19.3,0.0,0.0,0.0,29,5.92,0.068,0.163,0.224,28.2,26.3,26.26841,73.00594,ERA5,Asia/Kolkata,Open-Meteo Historical Weather API
RJ-Jodhpur,2021-03-01,24.5,32.4,17.6,0.0,0.0,0.0,27,5.79,0.07,0.164,0.224,27.0,26.0,26.26841,73.00594,ERA5,Asia/Kolkata,Open-Meteo Historical Weather API
RJ-Jodhpur,2021-03-02,24.7,32.7,17.0,0.0,0.0,0.0,27,5.59,0.074,0.163,0.223,26.3,25.5,26.26841,73.00594,ERA5,Asia/Kolkata,Open-Meteo Historical Weather API
RJ-Jodhpur,2021-03-03,24.2,33.9,14.7,0.0,0.0,0.0,35,5.66,0.08,0.164,0.223,25.2,25.1,26.26841,73.00594,ERA5,Asia/Kolkata,Open-Meteo Historical Weather API
RJ-Jodhpur,2021-03-04,25.0,34.8,15.9,0.0,0.0,0.0,33,6.24,0.074,0.165,0.223,25.8,25.0,26.26841,73.00594,ERA5,Asia/Kolkata,Open-Meteo Historical Weather API
RJ-Jodhpur,2021-03-05,26.1,35.0,17.3,0.0,0.0,0.0,27,5.92,0.071,0.165,0.223,27.5,25.8,26.26841,73.00594,ERA5,Asia/Kolkata,Open-Meteo Historical Weather API
RJ-Jodhpur,2021-03-06,27.5,36.5,17.6,0.0,0.0,0.0,30,7.53,0.069,0.164,0.223,27.9,26.2,26.26841,73.00594,ERA5,Asia/Kolkata,Open-Meteo Historical Weather API
RJ-Jodhpur,2021-03-07,28.5,35.0,21.2,0.0,0.0,0.0,33,8.31,0.068,0.165,0.222,29.3,27.1,26.26841,73.00594,ERA5,Asia/Kolkata,Open-Meteo Historical Weather API
RJ-Jodhpur,2021-03-08,27.9,33.5,23.4,0.0,0.0,0.0,45,6.49,0.069,0.165,0.223,30.1,27.8,26.26841,73.00594,ERA5,Asia/Kolkata,Open-Meteo Historical Weather API
RJ-Jodhpur,2021-03-09,27.6,34.8,21.0,0.0,0.0,0.0,38,6.01,0.069,0.165,0.222,29.5,27.8,26.26841,73.00594,ERA5,Asia/Kolkata,Open-Meteo Historical Weather API
RJ-Jodhpur,2021-03-10,27.8,35.0,21.4,0.0,0.0,0.0,35,5.61,0.069,0.166,0.223,30.1,28.1,26.26841,73.00594,ERA5,Asia/Kolkata,Open-Meteo Historical Weather API
RJ-Jodhpur,2021-03-11,27.3,35.1,20.1,0.0,0.0,0.0,34,6.62,0.069,0.167,0.224,29.5,28.0,26.26841,73.00594,ERA5,Asia/Kolkata,Open-Meteo Historical Weather API
RJ-Jodhpur,2021-03-12,27.2,34.5,20.6,0.0,0.0,0.0,33,6.27,0.069,0.167,0.223,29.6,28.1,26.26841,73.00594,ERA5,Asia/Kolkata,Open-Meteo Historical Weather API
RJ-Jodhpur,2021-03-13,26.7,33.2,20.1,0.0,0.0,0.0,32,6.17,0.068,0.167,0.224,29.5,28.1,26.26841,73.00594,ERA5,Asia/Kolkata,Open-Meteo Historical Weather API
RJ-Jodhpur,2021-03-14,27.6,34.5,21.4,0.0,0.0,0.0,32,6.1,0.066,0.166,0.223,30.2,28.4,26.26841,73.00594,ERA5,Asia/Kolkata,Open-Meteo Historical Weather API
RJ-Jodhpur,2021-03-15,28.4,35.7,22.1,0.0,0.0,0.0,29,6.31,0.066,0.166,0.223,30.6,28.8,26.26841,73.00594,ERA5,Asia/Kolkata,Open-Meteo Historical Weather API
RJ-Jodhpur,2021-03-16,29.0,36.8,22.4,0.0,0.0,0.0,27,6.8,0.066,0.166,0.223,31.1,29.0,26.26841,73.00594,ERA5,Asia/Kolkata,Open-Meteo Historical Weather API
RJ-Jodhpur,2021-03-17,28.7,36.7,20.7,0.0,0.0,0.0,28,6.3,0.067,0.166,0.222,30.9,29.2,26.26841,73.00594,ERA5,Asia/Kolkata,Open-Meteo Historical Weather API
RJ-Jodhpur,2021-03-18,28.9,37.0,22.5,0.0,0.0,0.0,29,6.28,0.069,0.166,0.223,30.9,29.3,26.26841,73.00594,ERA5,Asia/Kolkata,Open-Meteo Historical Weather API
RJ-Jodhpur,2021-03-19,28.9,35.5,22.7,0.1,0.1,1.0,29,6.1,0.067,0.166,0.223,31.4,29.3,26.26841,73.00594,ERA5,Asia/Kolkata,Open-Meteo Historical Weather API
RJ-Jodhpur,2021-03-20,28.9,35.9,22.4,0.0,0.0,0.0,32,6.14,0.064,0.165,0.222,32.0,29.7,26.26841,73.00594,ERA5,Asia/Kolkata,Open-Meteo Historical Weather API
RJ-Jodhpur,2021-03-21,29.5,36.9,22.1,0.0,0.0,0.0,30,7.64,0.064,0.166,0.223,31.5,29.7,26.26841,73.00594,ERA5,Asia/Kolkata,Open-Meteo Historical Weather API
RJ-Jodhpur,2021-03-22,28.9,35.7,23.7,0.0,0.0,0.0,30,6.84,0.067,0.167,0.223,31.5,29.9,26.26841,73.00594,ERA5,Asia/Kolkata,Open-Meteo Historical Weather API
RJ-Jodhpur,2021-03-23,27.8,34.3,22.0,0.0,0.0,0.0,29,7.5,0.07,0.167,0.223,30.5,29.8,26.26841,73.00594,ERA5,Asia/Kolkata,Open-Meteo Historical Weather API
RJ-Jodhpur,2021-03-24,27.6,34.1,20.9,0.0,0.0,0.0,27,7.5,0.069,0.167,0.224,30.6,29.3,26.26841,73.00594,ERA5,Asia/Kolkata,Open-Meteo Historical Weather API
RJ-Jodhpur,2021-03-25,27.2,33.9,20.9,0.0,0.0,0.0,31,6.76,0.073,0.168,0.224,30.3,29.2,26.26841,73.00594,ERA5,Asia/Kolkata,Open-Meteo Historical Weather API
RJ-Jodhpur,2021-03-26,28.6,36.8,19.7,0.0,0.0,0.0,30,6.73,0.069,0.167,0.223,30.6,29.1,26.26841,73.00594,ERA5,Asia/Kolkata,Open-Meteo Historical Weather API
RJ-Jodhpur,2021-03-27,30.3,39.7,22.0,0.0,0.0,0.0,24,7.34,0.067,0.166,0.223,31.7,29.6,26.26841,73.00594,ERA5,Asia/Kolkata,Open-Meteo Historical Weather API
RJ-Jodhpur,2021-03-28,31.8,40.8,23.1,0.0,0.0,0.0,19,9.17,0.066,0.165,0.222,32.6,30.1,26.26841,73.00594,ERA5,Asia/Kolkata,Open-Meteo Historical Weather API
RJ-Jodhpur,2021-03-29,32.7,40.3,24.8,0.0,0.0,0.0,22,10.51,0.065,0.164,0.221,33.2,30.8,26.26841,73.00594,ERA5,Asia/Kolkata,Open-Meteo Historical Weather API
RJ-Jodhpur,2021-03-30,33.0,41.2,27.0,0.0,0.0,0.0,28,10.5,0.064,0.163,0.22,34.0,31.4,26.26841,73.00594,ERA5,Asia/Kolkata,Open-Meteo Historical Weather API
RJ-Jodhpur,2021-03-31,31.5,38.3,25.4,0.0,0.0,0.0,14,9.77,0.063,0.163,0.22,33.0,31.2,26.26841,73.00594,ERA5,Asia/Kolkata,Open-Meteo Historical Weather API
RJ-Jodhpur,2021-04-01,30.0,38.6,21.4,0.0,0.0,0.0,20,8.25,0.067,0.163,0.22,32.5,30.8,26.26841,73.00594,ERA5,Asia/Kolkata,Open-Meteo Historical Weather API
RJ-Jodhpur,2021-04-02,29.7,38.5,21.4,0.0,0.0,0.0,20,7.64,0.066,0.163,0.219,32.3,30.6,26.26841,73.00594,ERA5,Asia/Kolkata,Open-Meteo Historical Weather API
RJ-Jodhpur,2021-04-03,30.9,39.3,23.7,0.0,0.0,0.0,18,7.26,0.066,0.163,0.219,32.7,30.9,26.26841,73.00594,ERA5,Asia/Kolkata,Open-Meteo Historical Weather API
RJ-Jodhpur,2021-04-04,31.5,40.5,22.0,0.0,0.0,0.0,22,8.48,0.065,0.163,0.219,32.8,31.0,26.26841,73.00594,ERA5,Asia/Kolkata,Open-Meteo Historical Weather API
RJ-Jodhpur,2021-04-05,33.2,40.4,25.9,0.0,0.0,0.0,21,10.63,0.065,0.162,0.218,34.1,31.7,26.26841,73.00594,ERA5,Asia/Kolkata,Open-Meteo Historical Weather API
RJ-Jodhpur,2021-04-06,32.8,40.0,26.3,0.0,0.0,0.0,26,10.03,0.065,0.162,0.218,34.2,32.1,26.26841,73.00594,ERA5,Asia/Kolkata,Open-Meteo Historical Weather API
RJ-Jodhpur,2021-04-07,31.0,37.6,24.7,0.0,0.0,0.0,30,7.95,0.064,0.162,0.219,34.6,32.2,26.26841,73.00594,ERA5,Asia/Kolkata,Open-Meteo Historical Weather API
RJ-Jodhpur,2021-04-08,30.4,36.4,25.4,0.0,0.0,0.0,24,8.12,0.063,0.162,0.218,34.3,32.3,26.26841,73.00594,ERA5,Asia/Kolkata,Open-Meteo Historical Weather API
RJ-Jodhpur,2021-04-09,30.2,37.7,22.8,0.0,0.0,0.0,18,7.66,0.066,0.162,0.218,33.4,31.9,26.26841,73.00594,ERA5,Asia/Kolkata,Open-Meteo Historical Weather API
RJ-Jodhpur,2021-04-10,30.7,39.1,21.9,0.0,0.0,0.0,19,7.93,0.069,0.161,0.217,33.2,31.8,26.26841,73.00594,ERA5,Asia/Kolkata,Open-Meteo Historical Weather API
RJ-Jodhpur,2021-04-11,31.8,39.9,24.9,0.0,0.0,0.0,18,8.36,0.068,0.16,0.216,34.0,32.1,26.26841,73.00594,ERA5,Asia/Kolkata,Open-Meteo Historical Weather API
RJ-Jodhpur,2021-04-12,32.0,41.1,22.2,0.0,0.0,0.0,21,7.18,0.07,0.161,0.216,34.0,32.3,26.26841,73.00594,ERA5,Asia/Kolkata,Open-Meteo Historical Weather API
RJ-Jodhpur,2021-04-13,32.6,41.0,23.6,0.3,0.3,1.0,23,7.92,0.071,0.161,0.216,34.3,32.4,26.26841,73.00594,ERA5,Asia/Kolkata,Open-Meteo Historical Weather API
RJ-Jodhpur,2021-04-14,33.1,39.1,27.7,0.0,0.0,0.0,20,9.39,0.068,0.161,0.216,35.1,32.8,26.26841,73.00594,ERA5,Asia/Kolkata,Open-Meteo Historical Weather API
RJ-Jodhpur,2021-04-15,32.1,38.2,26.1,0.0,0.0,0.0,26,9.46,0.066,0.16,0.215,34.4,32.8,26.26841,73.00594,ERA5,Asia/Kolkata,Open-Meteo Historical Weather API
RJ-Jodhpur,2021-04-16,31.8,38.0,27.3,0.4,0.4,1.0,34,8.29,0.065,0.16,0.215,34.6,32.8,26.26841,73.00594,ERA5,Asia/Kolkata,Open-Meteo Historical Weather API
RJ-Jodhpur,2021-04-17,30.9,36.4,25.3,0.0,0.0,0.0,33,7.03,0.064,0.161,0.216,34.8,32.8,26.26841,73.00594,ERA5,Asia/Kolkata,Open-Meteo Historical Weather API
RJ-Jodhpur,2021-04-18,32.1,39.5,25.1,0.0,0.0,0.0,27,7.71,0.067,0.161,0.216,35.1,33.0,26.26841,73.00594,ERA5,Asia/Kolkata,Open-Meteo Historical Weather API
RJ-Jodhpur,2021-04-19,33.2,40.3,26.4,0.0,0.0,0.0,23,8.65,0.066,0.161,0.215,35.3,33.1,26.26841,73.00594,ERA5,Asia/Kolkata,Open-Meteo Historical Weather API
RJ-Jodhpur,2021-04-20,31.8,37.8,26.3,0.1,0.1,1.0,30,8.58,0.067,0.161,0.215,34.4,33.4,26.26841,73.00594,ERA5,Asia/Kolkata,Open-Meteo Historical Weather API
RJ-Jodhpur,2021-04-21,29.0,35.3,23.0,0.0,0.0,0.0,39,7.2,0.067,0.161,0.215,33.6,32.3,26.26841,73.00594,ERA5,Asia/Kolkata,Open-Meteo Historical Weather API
RJ-Jodhpur,2021-04-22,31.5,38.9,23.3,0.0,0.0,0.0,26,8.84,0.066,0.161,0.215,34.3,32.5,26.26841,73.00594,ERA5,Asia/Kolkata,Open-Meteo Historical Weather API
RJ-Jodhpur,2021-04-23,32.9,38.7,28.6,0.0,0.0,0.0,32,9.4,0.065,0.162,0.215,35.7,33.3,26.26841,73.00594,ERA5,Asia/Kolkata,Open-Meteo Historical Weather API
RJ-Jodhpur,2021-04-24,31.2,37.9,25.3,0.0,0.0,0.0,26,9.19,0.06,0.161,0.214,35.0,33.3,26.26841,73.00594,ERA5,Asia/Kolkata,Open-Meteo Historical Weather API
RJ-Jodhpur,2021-04-25,31.9,39.2,24.8,0.0,0.0,0.0,23,8.5,0.063,0.16,0.214,35.1,33.2,26.26841,73.00594,ERA5,Asia/Kolkata,Open-Meteo Historical Weather API
RJ-Jodhpur,2021-04-26,32.2,41.5,22.4,0.0,0.0,0.0,22,7.47,0.065,0.161,0.214,35.2,33.4,26.26841,73.00594,ERA5,Asia/Kolkata,Open-Meteo Historical Weather API
RJ-Jodhpur,2021-04-27,33.3,41.6,25.3,0.0,0.0,0.0,20,7.98,0.068,0.162,0.215,35.6,33.8,26.26841,73.00594,ERA5,Asia/Kolkata,Open-Meteo Historical Weather API
RJ-Jodhpur,2021-04-28,34.8,41.8,27.9,0.0,0.0,0.0,21,8.59,0.068,0.161,0.214,37.0,34.3,26.26841,73.00594,ERA5,Asia/Kolkata,Open-Meteo Historical Weather API
RJ-Jodhpur,2021-04-29,34.8,41.7,27.8,0.0,0.0,0.0,23,7.77,0.068,0.16,0.214,38.0,35.0,26.26841,73.00594,ERA5,Asia/Kolkata,Open-Meteo Historical Weather API
RJ-Jodhpur,2021-04-30,35.1,41.1,28.6,0.0,0.0,0.0,24,7.76,0.066,0.16,0.213,38.3,35.4,26.26841,73.00594,ERA5,Asia/Kolkata,Open-Meteo Historical Weather API
RJ-Jodhpur,2021-05-01,34.5,40.0,29.1,0.0,0.0,0.0,24,8.96,0.066,0.16,0.213,37.4,35.3,26.26841,73.00594,ERA5,Asia/Kolkata,Open-Meteo Historical Weather API
RJ-Jodhpur,2021-05-02,33.7,37.9,29.4,0.0,0.0,0.0,28,8.19,0.065,0.16,0.214,36.9,35.4,26.26841,73.00594,ERA5,Asia/Kolkata,Open-Meteo Historical Weather API
RJ-Jodhpur,2021-05-03,33.1,39.2,27.6,0.0,0.0,0.0,28,8.8,0.065,0.16,0.213,36.4,34.9,26.26841,73.00594,ERA5,Asia/Kolkata,Open-Meteo Historical Weather API
RJ-Jodhpur,2021-05-04,33.1,38.4,27.9,0.0,0.0,0.0,30,9.14,0.066,0.16,0.213,36.1,34.7,26.26841,73.00594,ERA5,Asia/Kolkata,Open-Meteo Historical Weather API
RJ-Jodhpur,2021-05-05,34.2,39.9,28.6,0.0,0.0,0.0,29,8.82,0.066,0.16,0.213,37.3,34.9,26.26841,73.00594,ERA5,Asia/Kolkata,Open-Meteo Historical Weather API
RJ-Jodhpur,2021-05-06,33.2,38.8,28.4,0.0,0.0,0.0,31,7.46,0.066,0.16,0.213,37.3,35.5,26.26841,73.00594,ERA5,Asia/Kolkata,Open-Meteo Historical Weather API
RJ-Jodhpur,2021-05-07,33.6,39.2,27.9,0.0,0.0,0.0,31,8.09,0.066,0.16,0.213,37.8,35.9,26.26841,73.00594,ERA5,Asia/Kolkata,Open-Meteo Historical Weather API
RJ-Jodhpur,2021-05-08,34.7,40.8,27.7,0.0,0.0,0.0,26,7.26,0.066,0.16,0.213,38.4,36.1,26.26841,73.00594,ERA5,Asia/Kolkata,Open-Meteo Historical Weather API
RJ-Jodhpur,2021-05-09,35.3,41.6,29.0,0.0,0.0,0.0,26,7.74,0.065,0.16,0.213,38.6,36.3,26.26841,73.00594,ERA5,Asia/Kolkata,Open-Meteo Historical Weather API
RJ-Jodhpur,2021-05-10,35.3,40.7,30.4,0.0,0.0,0.0,27,9.56,0.065,0.159,0.212,38.6,36.6,26.26841,73.00594,ERA5,Asia/Kolkata,Open-Meteo Historical Weather API
RJ-Jodhpur,2021-05-11,33.9,38.3,30.1,0.0,0.0,0.0,35,9.21,0.065,0.16,0.213,37.5,36.3,26.26841,73.00594,ERA5,Asia/Kolkata,Open-Meteo Historical Weather API
RJ-Jodhpur,2021-05-12,32.9,38.2,27.0,0.6,0.6,2.0,41,8.61,0.069,0.16,0.213,37.0,36.0,26.26841,73.00594,ERA5,Asia/Kolkata,Open-Meteo Historical Weather API
RJ-Jodhpur,2021-05-13,31.7,38.1,24.8,0.6,0.6,2.0,47,8.23,0.081,0.16,0.213,35.2,35.2,26.26841,73.00594,ERA5,Asia/Kolkata,Open-Meteo Historical Weather API
RJ-Jodhpur,2021-05-14,33.6,39.1,29.4,0.0,0.0,0.0,40,7.29,0.074,0.16,0.213,37.1,35.2,26.26841,73.00594,ERA5,Asia/Kolkata,Open-Meteo Historical Weather API
RJ-Jodhpur,2021-05-15,34.2,40.1,28.9,0.0,0.0,0.0,34,7.86,0.072,0.162,0.214,38.0,35.9,26.26841,73.00594,ERA5,Asia/Kolkata,Open-Meteo Historical Weather API
RJ-Jodhpur,2021-05-16,34.4,39.8,28.9,0.0,0.0,0.0,34,8.94,0.071,0.163,0.215,37.2,36.2,26.26841,73.00594,ERA5,Asia/Kolkata,Open-Meteo Historical Weather API
RJ-Jodhpur,2021-05-17,31.7,34.5,29.7,0.0,0.0,0.0,50,7.05,0.064,0.161,0.214,35.1,35.4,26.26841,73.00594,ERA5,Asia/Kolkata,Open-Meteo Historical Weather API
RJ-Jodhpur,2021-05-18,25.2,29.9,22.5,12.8,12.8,15.0,73,3.08,0.13,0.165,0.213,29.0,32.4,26.26841,73.00594,ERA5,Asia/Kolkata,Open-Meteo Historical Weather API
RJ-Jodhpur,2021-05-19,23.9,26.3,22.3,28.6,28.6,12.0,80,2.39,0.358,0.222,0.213,25.9,28.4,26.26841,73.00594,ERA5,Asia/Kolkata,Open-Meteo Historical Weather API
RJ-Jodhpur,2021-05-20,28.1,35.2,21.2,0.0,0.0,0.0,65,6.58,0.299,0.252,0.212,28.4,27.5,26.26841,73.00594,ERA5,Asia/Kolkata,Open-Meteo Historical Weather API
RJ-Jodhpur,2021-05-21,31.1,35.9,27.6,0.0,0.0,0.0,64,7.54,0.231,0.248,0.21,30.9,29.4,26.26841,73.00594,ERA5,Asia/Kolkata,Open-Meteo Historical Weather API
RJ-Jodhpur,2021-05-22,30.6,35.0,27.5,0.0,0.0,0.0,61,6.98,0.17,0.241,0.208,31.4,30.3,26.26841,73.00594,ERA5,Asia/Kolkata,Open-Meteo Historical Weather API
RJ-Jodhpur,2021-05-23,28.8,34.8,23.8,0.1,0.1,1.0,63,6.17,0.13,0.236,0.207,30.5,30.8,26.26841,73.00594,ERA5,Asia/Kolkata,Open-Meteo Historical Weather API
RJ-Jodhpur,2021-05-24,32.0,38.8,25.4,0.0,0.0,0.0,54,6.92,0.1,0.229,0.205,33.5,31.4,26.26841,73.00594,ERA5,Asia/Kolkata,Open-Meteo Historical Weather API
RJ-Jodhpur,2021-05-25,33.9,40.5,28.3,0.0,0.0,0.0,44,8.72,0.08,0.222,0.204,35.7,32.7,26.26841,73.00594,ERA5,Asia/Kolkata,Open-Meteo Historical Weather API
RJ-Jodhpur,2021-05-26,33.6,39.5,30.0,0.0,0.0,0.0,50,8.31,0.074,0.217,0.204,36.1,33.7,26.26841,73.00594,ERA5,Asia/Kolkata,Open-Meteo Historical Weather API
RJ-Jodhpur,2021-05-27,34.9,40.7,30.2,0.2,0.2,1.0,50,9.12,0.073,0.213,0.204,37.1,34.5,26.26841,73.00594,ERA5,Asia/Kolkata,Open-Meteo Historical Weather API
RJ-Jodhpur,2021-05-28,34.8,39.9,30.8,0.0,0.0,0.0,49,9.15,0.073,0.209,0.203,37.5,35.0,26.26841,73.00594,ERA5,Asia/Kolkata,Open-Meteo Historical Weather API
RJ-Jodhpur,2021-05-29,34.8,40.4,30.7,0.0,0.0,0.0,47,9.49,0.072,0.206,0.204,37.3,35.2,26.26841,73.00594,ERA5,Asia/Kolkata,Open-Meteo Historical Weather API
RJ-Jodhpur,2021-05-30,34.2,39.3,30.4,0.0,0.0,0.0,45,9.53,0.07,0.204,0.204,36.9,35.2,26.26841,73.00594,ERA5,Asia/Kolkata,Open-Meteo Historical Weather API
RJ-Jodhpur,2021-05-31,34.0,39.5,29.7,0.0,0.0,0.0,47,9.13,0.07,0.201,0.204,36.7,35.0,26.26841,73.00594,ERA5,Asia/Kolkata,Open-Meteo Historical Weather API
RJ-Jodhpur,2021-06-01,32.9,37.5,29.1,0.0,0.0,0.0,52,7.72,0.073,0.201,0.205,36.7,35.2,26.26841,73.00594,ERA5,Asia/Kolkata,Open-Meteo Historical Weather API
RJ-Jodhpur,2021-06-02,33.1,37.8,29.9,0.0,0.0,0.0,48,8.14,0.07,0.199,0.206,36.7,35.3,26.26841,73.00594,ERA5,Asia/Kolkata,Open-Meteo Historical Weather API
RJ-Jodhpur,2021-06-03,31.7,37.2,26.7,0.0,0.0,0.0,47,7.47,0.068,0.197,0.205,35.5,35.3,26.26841,73.00594,ERA5,Asia/Kolkata,Open-Meteo Historical Weather API
RJ-Jodhpur,2021-06-04,33.4,38.5,28.2,0.0,0.0,0.0,44,7.66,0.069,0.195,0.206,37.4,35.7,26.26841,73.00594,ERA5,Asia/Kolkata,Open-Meteo Historical Weather API
RJ-Jodhpur,2021-06-05,32.7,38.7,27.4,1.0,1.0,3.0,48,8.01,0.069,0.192,0.206,36.9,36.3,26.26841,73.00594,ERA5,Asia/Kolkata,Open-Meteo Historical Weather API
RJ-Jodhpur,2021-06-06,33.1,38.5,27.3,0.0,0.0,0.0,49,7.6,0.072,0.189,0.204,36.8,35.9,26.26841,73.00594,ERA5,Asia/Kolkata,Open-Meteo Historical Weather API
RJ-Jodhpur,2021-06-07,34.7,39.8,29.9,0.0,0.0,0.0,46,8.95,0.069,0.188,0.205,37.6,36.2,26.26841,73.00594,ERA5,Asia/Kolkata,Open-Meteo Historical Weather API
RJ-Jodhpur,2021-06-08,34.8,39.4,31.1,0.0,0.0,0.0,47,9.59,0.067,0.186,0.204,37.7,36.3,26.26841,73.00594,ERA5,Asia/Kolkata,Open-Meteo Historical Weather API
RJ-Jodhpur,2021-06-09,34.3,39.2,29.6,0.0,0.0,0.0,49,9.47,0.066,0.185,0.204,37.5,36.1,26.26841,73.00594,ERA5,Asia/Kolkata,Open-Meteo Historical Weather API
RJ-Jodhpur,2021-06-10,34.3,39.3,29.7,0.0,0.0,0.0,48,9.61,0.065,0.183,0.204,37.4,36.0,26.26841,73.00594,ERA5,Asia/Kolkata,Open-Meteo Historical Weather API
RJ-Jodhpur,2021-06-11,34.5,39.5,29.3,0.0,0.0,0.0,49,9.86,0.063,0.182,0.204,37.4,35.9,26.26841,73.00594,ERA5,Asia/Kolkata,Open-Meteo Historical Weather API
RJ-Jodhpur,2021-06-12,34.4,39.2,29.7,0.0,0.0,0.0,49,9.06,0.062,0.18,0.204,37.4,36.0,26.26841,73.00594,ERA5,Asia/Kolkata,Open-Meteo Historical Weather API
RJ-Jodhpur,2021-06-13,33.4,37.6,29.9,0.0,0.0,0.0,51,7.86,0.064,0.179,0.204,37.2,36.1,26.26841,73.00594,ERA5,Asia/Kolkata,Open-Meteo Historical Weather API
RJ-Jodhpur,2021-06-14,33.9,38.6,30.6,0.0,0.0,0.0,51,8.22,0.065,0.179,0.204,37.6,36.1,26.26841,73.00594,ERA5,Asia/Kolkata,Open-Meteo Historical Weather API
RJ-Jodhpur,2021-06-15,33.8,38.3,30.1,0.0,0.0,0.0,51,8.54,0.064,0.178,0.204,37.4,36.3,26.26841,73.00594,ERA5,Asia/Kolkata,Open-Meteo Historical Weather API
RJ-Jodhpur,2021-06-16,32.1,36.5,28.3,0.0,0.0,0.0,53,6.62,0.068,0.177,0.204,35.1,35.7,26.26841,73.00594,ERA5,Asia/Kolkata,Open-Meteo Historical Weather API
RJ-Jodhpur,2021-06-17,31.5,36.8,28.7,1.9,1.9,2.0,59,6.13,0.07,0.176,0.204,35.8,35.2,26.26841,73.00594,ERA5,Asia/Kolkata,Open-Meteo Historical Weather API
RJ-Jodhpur,2021-06-18,31.8,37.0,28.6,0.5,0.5,1.0,59,5.68,0.075,0.175,0.203,36.5,35.3,26.26841,73.00594,ERA5,Asia/Kolkata,Open-Meteo Historical Weather API
RJ-Jodhpur,2021-06-19,29.5,34.0,26.1,0.1,0.1,1.0,73,4.46,0.086,0.174,0.203,33.4,34.8,26.26841,73.00594,ERA5,Asia/Kolkata,Open-Meteo Historical Weather API
RJ-Jodhpur,2021-06-20,30.0,36.1,26.2,0.0,0.0,0.0,70,5.19,0.079,0.173,0.203,33.5,33.7,26.26841,73.00594,ERA5,Asia/Kolkata,Open-Meteo Historical Weather API
RJ-Jodhpur,2021-06-21,30.4,35.2,26.3,0.0,0.0,0.0,68,5.47,0.079,0.174,0.204,33.6,33.5,26.26841,73.00594,ERA5,Asia/Kolkata,Open-Meteo Historical Weather API
RJ-Jodhpur,2021-06-22,31.8,36.1,27.7,0.3,0.3,2.0,63,6.03,0.077,0.174,0.204,34.4,33.9,26.26841,73.00594,ERA5,Asia/Kolkata,Open-Meteo Historical Weather API
RJ-Jodhpur,2021-06-23,33.1,38.6,28.6,0.3,0.3,1.0,57,7.71,0.078,0.174,0.205,36.2,34.6,26.26841,73.00594,ERA5,Asia/Kolkata,Open-Meteo Historical Weather API
RJ-Jodhpur,2021-06-24,32.8,37.9,29.1,0.0,0.0,0.0,56,7.86,0.077,0.174,0.205,36.2,35.2,26.26841,73.00594,ERA5,Asia/Kolkata,Open-Meteo Historical Weather API
RJ-Jodhpur,2021-06-25,32.9,37.8,29.0,0.0,0.0,0.0,55,8.11,0.075,0.174,0.205,36.4,35.3,26.26841,73.00594,ERA5,Asia/Kolkata,Open-Meteo Historical Weather API
RJ-Jodhpur,2021-06-26,32.3,36.5,29.1,0.0,0.0,0.0,56,7.27,0.074,0.174,0.206,36.2,35.2,26.26841,73.00594,ERA5,Asia/Kolkata,Open-Meteo Historical Weather API
RJ-Jodhpur,2021-06-27,33.3,38.5,29.0,0.0,0.0,0.0,52,6.94,0.072,0.174,0.206,37.3,35.6,26.26841,73.00594,ERA5,Asia/Kolkata,Open-Meteo Historical Weather API
RJ-Jodhpur,2021-06-28,35.0,40.3,29.8,0.0,0.0,0.0,46,7.35,0.075,0.175,0.208,38.4,36.6,26.26841,73.00594,ERA5,Asia/Kolkata,Open-Meteo Historical Weather API
RJ-Jodhpur,2021-06-29,35.7,40.6,31.5,0.0,0.0,0.0,47,8.83,0.072,0.175,0.208,39.0,37.3,26.26841,73.00594,ERA5,Asia/Kolkata,Open-Meteo Historical Weather API
RJ-Jodhpur,2021-06-30,35.3,38.9,31.9,0.0,0.0,0.0,47,10.11,0.068,0.174,0.208,38.5,37.3,26.26841,73.00594,ERA5,Asia/Kolkata,Open-Meteo Historical Weather API
RJ-Jodhpur,2021-07-01,33.9,38.1,29.4,0.0,0.0,0.0,52,9.52,0.067,0.173,0.208,37.4,36.5,26.26841,73.00594,ERA5,Asia/Kolkata,Open-Meteo Historical Weather API
RJ-Jodhpur,2021-07-02,33.7,37.9,29.7,0.0,0.0,0.0,51,9.05,0.065,0.172,0.208,37.0,36.0,26.26841,73.00594,ERA5,Asia/Kolkata,Open-Meteo Historical Weather API
RJ-Jodhpur,2021-07-03,33.4,37.3,30.1,0.0,0.0,0.0,52,7.64,0.063,0.171,0.207,36.6,35.8,26.26841,73.00594,ERA5,Asia/Kolkata,Open-Meteo Historical Weather API
RJ-Jodhpur,2021-07-04,33.1,36.6,30.1,0.0,0.0,0.0,51,8.24,0.063,0.17,0.207,37.0,35.7,26.26841,73.00594,ERA5,Asia/Kolkata,Open-Meteo Historical Weather API
RJ-Jodhpur,2021-07-05,33.6,37.8,30.5,0.0,0.0,0.0,51,8.07,0.065,0.17,0.207,37.5,36.1,26.26841,73.00594,ERA5,Asia/Kolkata,Open-Meteo Historical Weather API
RJ-Jodhpur,2021-07-06,34.6,39.1,30.5,0.0,0.0,0.0,47,8.56,0.066,0.169,0.207,38.1,36.5,26.26841,73.00594,ERA5,Asia/Kolkata,Open-Meteo Historical Weather API
RJ-Jodhpur,2021-07-07,34.3,38.8,30.6,0.0,0.0,0.0,47,9.0,0.065,0.168,0.207,37.8,36.7,26.26841,73.00594,ERA5,Asia/Kolkata,Open-Meteo Historical Weather API
RJ-Jodhpur,2021-07-08,33.7,37.9,29.9,0.0,0.0,0.0,50,8.72,0.064,0.167,0.206,37.6,36.5,26.26841,73.00594,ERA5,Asia/Kolkata,Open-Meteo Historical Weather API
RJ-Jodhpur,2021-07-09,34.1,38.8,30.0,0.0,0.0,0.0,52,8.01,0.064,0.167,0.206,38.3,36.6,26.26841,73.00594,ERA5,Asia/Kolkata,Open-Meteo Historical Weather API
RJ-Jodhpur,2021-07-10,35.0,39.4,31.2,0.0,0.0,0.0,51,7.1,0.065,0.167,0.206,39.5,37.3,26.26841,73.00594,ERA5,Asia/Kolkata,Open-Meteo Historical Weather API
RJ-Jodhpur,2021-07-11,34.9,40.8,30.8,1.1,1.1,3.0,54,6.87,0.068,0.167,0.206,39.7,38.2,26.26841,73.00594,ERA5,Asia/Kolkata,Open-Meteo Historical Weather API
RJ-Jodhpur,2021-07-12,31.7,37.3,27.9,1.3,1.3,7.0,71,4.39,0.082,0.166,0.206,35.4,37.1,26.26841,73.00594,ERA5,Asia/Kolkata,Open-Meteo Historical Weather API
RJ-Jodhpur,2021-07-13,33.0,38.2,29.6,0.0,0.0,0.0,61,6.41,0.078,0.167,0.207,36.6,36.1,26.26841,73.00594,ERA5,Asia/Kolkata,Open-Meteo Historical Weather API
RJ-Jodhpur,2021-07-14,33.0,38.4,29.6,0.2,0.2,1.0,60,5.83,0.075,0.167,0.207,37.6,36.8,26.26841,73.00594,ERA5,Asia/Kolkata,Open-Meteo Historical Weather API
RJ-Jodhpur,2021-07-15,31.6,37.2,27.6,11.0,11.0,9.0,71,5.15,0.169,0.168,0.207,34.3,35.8,26.26841,73.00594,ERA5,Asia/Kolkata,Open-Meteo Historical Weather API
RJ-Jodhpur,2021-07-16,34.4,39.2,30.3,0.0,0.0,0.0,61,6.64,0.147,0.169,0.207,35.6,34.9,26.26841,73.00594,ERA5,Asia/Kolkata,Open-Meteo Historical Weather API
RJ-Jodhpur,2021-07-17,34.2,38.4,30.0,0.0,0.0,0.0,59,7.12,0.109,0.169,0.206,36.8,35.3,26.26841,73.00594,ERA5,Asia/Kolkata,Open-Meteo Historical Weather API
RJ-Jodhpur,2021-07-18,33.3,36.1,31.2,0.0,0.0,0.0,62,5.93,0.093,0.169,0.206,35.9,35.6,26.26841,73.00594,ERA5,Asia/Kolkata,Open-Meteo Historical Weather API
RJ-Jodhpur,2021-07-19,31.4,34.1,29.2,0.0,0.0,0.0,66,4.82,0.089,0.169,0.207,33.9,34.7,26.26841,73.00594,ERA5,Asia/Kolkata,Open-Meteo Historical Weather API
RJ-Jodhpur,2021-07-20,29.7,32.0,27.4,0.9,0.9,5.0,75,3.69,0.108,0.171,0.207,32.0,33.4,26.26841,73.00594,ERA5,Asia/Kolkata,Open-Meteo Historical Weather API
RJ-Jodhpur,2021-07-21,30.3,34.0,27.4,1.0,1.0,9.0,74,4.0,0.118,0.171,0.207,31.7,32.4,26.26841,73.00594,ERA5,Asia/Kolkata,Open-Meteo Historical Weather API
RJ-Jodhpur,2021-07-22,31.4,35.2,28.0,0.0,0.0,0.0,67,5.71,0.105,0.171,0.207,34.2,33.0,26.26841,73.00594,ERA5,Asia/Kolkata,Open-Meteo Historical Weather API
RJ-Jodhpur,2021-07-23,30.9,35.8,28.9,1.2,1.2,3.0,68,3.93,0.096,0.171,0.207,33.7,33.8,26.26841,73.00594,ERA5,Asia/Kolkata,Open-Meteo Historical Weather API
RJ-Jodhpur,2021-07-24,31.6,36.4,27.6,0.3,0.3,1.0,68,5.22,0.098,0.171,0.208,34.1,33.6,26.26841,73.00594,ERA5,Asia/Kolkata,Open-Meteo Historical Weather API
RJ-Jodhpur,2021-07-25,31.6,36.1,28.6,0.0,0.0,0.0,68,5.89,0.093,0.171,0.207,35.1,34.1,26.26841,73.00594,ERA5,Asia/Kolkata,Open-Meteo Historical Weather API
RJ-Jodhpur,2021-07-26,29.3,32.0,27.1,13.6,13.6,10.0,79,4.28,0.206,0.175,0.208,31.8,33.1,26.26841,73.00594,ERA5,Asia/Kolkata,Open-Meteo Historical Weather API
RJ-Jodhpur,2021-07-27,28.8,30.7,27.5,1.8,1.8,6.0,79,3.54,0.208,0.18,0.208,30.3,31.2,26.26841,73.00594,ERA5,Asia/Kolkata,Open-Meteo Historical Weather API
RJ-Jodhpur,2021-07-28,27.7,29.7,26.6,1.4,1.4,8.0,84,2.99,0.206,0.185,0.208,29.3,30.3,26.26841,73.00594,ERA5,Asia/Kolkata,Open-Meteo Historical Weather API
RJ-Jodhpur,2021-07-29,27.1,28.4,25.8,2.4,2.4,12.0,89,2.35,0.205,0.189,0.21,28.7,29.8,26.26841,73.00594,ERA5,Asia/Kolkata,Open-Meteo Historical Weather API
RJ-Jodhpur,2021-07-30,28.5,30.8,26.5,0.0,0.0,0.0,80,3.91,0.194,0.192,0.21,29.6,29.8,26.26841,73.00594,ERA5,Asia/Kolkata,Open-Meteo Historical Weather API
RJ-Jodhpur,2021-07-31,28.1,30.5,26.4,0.6,0.6,2.0,79,3.3,0.167,0.194,0.211,29.4,29.9,26.26841,73.00594,ERA5,Asia/Kolkata,Open-Meteo Historical Weather API
RJ-Jodhpur,2021-08-01,26.9,28.1,25.4,8.6,8.6,15.0,85,1.87,0.211,0.2,0.211,27.9,29.0,26.26841,73.00594,ERA5,Asia/Kolkata,Open-Meteo Historical Weather API
RJ-Jodhpur,2021-08-02,28.1,30.8,26.2,0.0,0.0,0.0,78,4.0,0.206,0.207,0.211,28.8,28.7,26.26841,73.00594,ERA5,Asia/Kolkata,Open-Meteo Historical Weather API
RJ-Jodhpur,2021-08-03,29.0,33.6,26.3,0.0,0.0,0.0,76,4.52,0.174,0.208,0.211,29.6,29.3,26.26841,73.00594,ERA5,Asia/Kolkata,Open-Meteo Historical Weather API
RJ-Jodhpur,2021-08-04,29.8,34.4,26.7,0.0,0.0,0.0,71,5.33,0.147,0.206,0.211,31.0,30.1,26.26841,73.00594,ERA5,Asia/Kolkata,Open-Meteo Historical Weather API
RJ-Jodhpur,2021-08-05,30.2,34.8,27.1,0.0,0.0,0.0,67,5.42,0.124,0.204,0.212,31.8,30.8,26.26841,73.00594,ERA5,Asia/Kolkata,Open-Meteo Historical Weather API
RJ-Jodhpur,2021-08-06,31.3,35.5,27.7,0.0,0.0,0.0,63,6.76,0.11,0.202,0.212,34.1,31.9,26.26841,73.00594,ERA5,Asia/Kolkata,Open-Meteo Historical Weather API
RJ-Jodhpur,2021-08-07,30.4,34.3,27.3,1.4,1.4,5.0,67,4.89,0.119,0.2,0.211,32.4,32.3,26.26841,73.00594,ERA5,Asia/Kolkata,Open-Meteo Historical Weather API
RJ-Jodhpur,2021-08-08,32.0,36.7,28.4,0.0,0.0,0.0,60,6.36,0.11,0.198,0.211,33.6,32.2,26.26841,73.00594,ERA5,Asia/Kolkata,Open-Meteo Historical Weather API
RJ-Jodhpur,2021-08-09,32.1,36.2,29.0,0.0,0.0,0.0,57,6.49,0.1,0.196,0.212,34.3,32.9,26.26841,73.00594,ERA5,Asia/Kolkata,Open-Meteo Historical Weather API
RJ-Jodhpur,2021-08-10,31.7,36.1,28.8,0.0,0.0,0.0,56,7.4,0.093,0.194,0.211,34.6,33.1,26.26841,73.00594,ERA5,Asia/Kolkata,Open-Meteo Historical Weather API
RJ-Jodhpur,2021-08-11,31.1,35.1,28.0,0.0,0.0,0.0,56,7.58,0.088,0.191,0.211,34.3,33.1,26.26841,73.00594,ERA5,Asia/Kolkata,Open-Meteo Historical Weather API
RJ-Jodhpur,2021-08-12,31.3,35.6,27.9,0.0,0.0,0.0,56,7.3,0.083,0.188,0.211,34.4,33.3,26.26841,73.00594,ERA5,Asia/Kolkata,Open-Meteo Historical Weather API
RJ-Jodhpur,2021-08-13,31.2,35.4,27.7,0.0,0.0,0.0,56,7.47,0.078,0.186,0.21,34.3,33.3,26.26841,73.00594,ERA5,Asia/Kolkata,Open-Meteo Historical Weather API
RJ-Jodhpur,2021-08-14,31.0,34.9,27.7,0.0,0.0,0.0,56,7.35,0.074,0.183,0.21,34.2,33.3,26.26841,73.00594,ERA5,Asia/Kolkata,Open-Meteo Historical Weather API
RJ-Jodhpur,2021-08-15,30.8,34.6,27.5,0.0,0.0,0.0,56,6.42,0.072,0.181,0.21,33.9,33.1,26.26841,73.00594,ERA5,Asia/Kolkata,Open-Meteo Historical Weather API
RJ-Jodhpur,2021-08-16,31.8,36.7,27.5,0.0,0.0,0.0,53,6.46,0.07,0.178,0.209,35.4,33.4,26.26841,73.00594,ERA5,Asia/Kolkata,Open-Meteo Historical Weather API
RJ-Jodhpur,2021-08-17,33.2,38.5,28.1,0.0,0.0,0.0,48,6.93,0.068,0.176,0.208,36.7,34.4,26.26841,73.00594,ERA5,Asia/Kolkata,Open-Meteo Historical Weather API
RJ-Jodhpur,2021-08-18,33.5,38.4,29.5,0.0,0.0,0.0,48,6.8,0.068,0.174,0.208,36.7,35.2,26.26841,73.00594,ERA5,Asia/Kolkata,Open-Meteo Historical Weather API
RJ-Jodhpur,2021-08-19,33.1,37.4,29.6,0.0,0.0,0.0,51,7.49,0.068,0.172,0.208,36.6,35.3,26.26841,73.00594,ERA5,Asia/Kolkata,Open-Meteo Historical Weather API
RJ-Jodhpur,2021-08-20,32.6,36.4,29.2,0.0,0.0,0.0,53,7.02,0.069,0.172,0.208,36.2,35.4,26.26841,73.00594,ERA5,Asia/Kolkata,Open-Meteo Historical Weather API
RJ-Jodhpur,2021-08-21,31.7,38.1,28.6,0.5,0.5,2.0,58,5.28,0.069,0.171,0.208,34.8,34.9,26.26841,73.00594,ERA5,Asia/Kolkata,Open-Meteo Historical Weather API
RJ-Jodhpur,2021-08-22,28.8,32.6,26.2,6.4,6.4,11.0,73,3.56,0.103,0.17,0.208,32.0,33.7,26.26841,73.00594,ERA5,Asia/Kolkata,Open-Meteo Historical Weather API
RJ-Jodhpur,2021-08-23,31.5,37.0,26.7,0.0,0.0,0.0,63,6.66,0.146,0.17,0.208,32.3,32.1,26.26841,73.00594,ERA5,Asia/Kolkata,Open-Meteo Historical Weather API
RJ-Jodhpur,2021-08-24,32.4,36.9,29.0,0.0,0.0,0.0,57,7.72,0.106,0.169,0.207,33.6,32.6,26.26841,73.00594,ERA5,Asia/Kolkata,Open-Meteo Historical Weather API
RJ-Jodhpur,2021-08-25,31.2,34.7,28.1,0.0,0.0,0.0,58,7.17,0.086,0.168,0.207,33.5,33.0,26.26841,73.00594,ERA5,Asia/Kolkata,Open-Meteo Historical Weather API
RJ-Jodhpur,2021-08-26,30.7,34.8,27.0,0.0,0.0,0.0,56,7.3,0.078,0.168,0.207,33.5,33.0,26.26841,73.00594,ERA5,Asia/Kolkata,Open-Meteo Historical Weather API
RJ-Jodhpur,2021-08-27,30.7,35.0,27.3,0.0,0.0,0.0,56,6.57,0.076,0.168,0.208,33.8,33.1,26.26841,73.00594,ERA5,Asia/Kolkata,Open-Meteo Historical Weather API
RJ-Jodhpur,2021-08-28,31.5,35.8,27.5,0.0,0.0,0.0,54,5.83,0.072,0.167,0.207,34.8,33.5,26.26841,73.00594,ERA5,Asia/Kolkata,Open-Meteo Historical Weather API
RJ-Jodhpur,2021-08-29,32.2,36.3,27.7,0.0,0.0,0.0,53,5.4,0.07,0.166,0.207,35.6,34.1,26.26841,73.00594,ERA5,Asia/Kolkata,Open-Meteo Historical Weather API
RJ-Jodhpur,2021-08-30,33.5,38.8,29.2,0.1,0.1,1.0,51,5.8,0.069,0.165,0.207,37.0,35.1,26.26841,73.00594,ERA5,Asia/Kolkata,Open-Meteo Historical Weather API
RJ-Jodhpur,2021-08-31,30.9,36.1,28.2,1.6,1.6,3.0,66,5.66,0.072,0.164,0.207,35.8,35.4,26.26841,73.00594,ERA5,Asia/Kolkata,Open-Meteo Historical Weather API
RJ-Jodhpur,2021-09-01,29.0,32.6,26.0,6.1,6.1,14.0,79,4.36,0.133,0.165,0.207,32.5,34.0,26.26841,73.00594,ERA5,Asia/Kolkata,Open-Meteo Historical Weather API
RJ-Jodhpur,2021-09-02,28.7,34.1,26.6,11.4,11.4,11.0,80,3.4,0.165,0.168,0.207,32.1,32.8,26.26841,73.00594,ERA5,Asia/Kolkata,Open-Meteo Historical Weather API
RJ-Jodhpur,2021-09-03,29.2,32.9,26.3,5.0,5.0,6.0,78,3.45,0.284,0.184,0.208,31.3,31.6,26.26841,73.00594,ERA5,Asia/Kolkata,Open-Meteo Historical Weather API
RJ-Jodhpur,2021-09-04,30.4,34.1,27.1,0.0,0.0,0.0,73,4.65,0.248,0.187,0.207,31.8,31.4,26.26841,73.00594,ERA5,Asia/Kolkata,Open-Meteo Historical Weather API
RJ-Jodhpur,2021-09-05,31.1,35.2,27.7,0.2,0.2,1.0,71,4.87,0.198,0.184,0.204,32.4,31.7,26.26841,73.00594,ERA5,Asia/Kolkata,Open-Meteo Historical Weather API
RJ-Jodhpur,2021-09-06,30.9,35.4,28.4,0.0,0.0,0.0,72,4.85,0.158,0.181,0.203,32.9,32.2,26.26841,73.00594,ERA5,Asia/Kolkata,Open-Meteo Historical Weather API
RJ-Jodhpur,2021-09-07,31.3,36.5,27.1,0.2,0.2,1.0,72,5.23,0.126,0.18,0.203,33.6,32.8,26.26841,73.00594,ERA5,Asia/Kolkata,Open-Meteo Historical Weather API
RJ-Jodhpur,2021-09-08,31.7,35.6,28.4,0.0,0.0,0.0,66,5.89,0.1,0.179,0.203,34.4,33.3,26.26841,73.00594,ERA5,Asia/Kolkata,Open-Meteo Historical Weather API
RJ-Jodhpur,2021-09-09,30.7,33.8,27.9,1.0,1.0,3.0,71,4.39,0.092,0.178,0.203,34.4,33.6,26.26841,73.00594,ERA5,Asia/Kolkata,Open-Meteo Historical Weather API
RJ-Jodhpur,2021-09-10,27.7,32.2,24.9,17.9,17.9,17.0,86,2.88,0.165,0.179,0.203,31.5,32.6,26.26841,73.00594,ERA5,Asia/Kolkata,Open-Meteo Historical Weather API
RJ-Jodhpur,2021-09-11,27.3,31.6,25.2,17.5,17.5,22.0,89,2.11,0.324,0.194,0.204,29.6,30.8,26.26841,73.00594,ERA5,Asia/Kolkata,Open-Meteo Historical Weather API
RJ-Jodhpur,2021-09-12,27.9,30.4,25.5,3.7,3.7,12.0,85,2.7,0.349,0.229,0.204,29.5,29.9,26.26841,73.00594,ERA5,Asia/Kolkata,Open-Meteo Historical Weather API
RJ-Jodhpur,2021-09-13,29.5,34.0,26.8,0.0,0.0,0.0,78,4.46,0.304,0.239,0.203,30.4,30.0,26.26841,73.00594,ERA5,Asia/Kolkata,Open-Meteo Historical Weather API
RJ-Jodhpur,2021-09-14,29.7,33.8,27.1,2.4,2.4,4.0,76,4.63,0.255,0.238,0.203,30.5,30.4,26.26841,73.00594,ERA5,Asia/Kolkata,Open-Meteo Historical Weather API
RJ-Jodhpur,2021-09-15,30.5,34.2,27.3,0.0,0.0,0.0,71,4.75,0.23,0.234,0.202,30.8,30.5,26.26841,73.00594,ERA5,Asia/Kolkata,Open-Meteo Historical Weather API
RJ-Jodhpur,2021-09-16,31.2,35.4,27.2,0.0,0.0,0.0,66,5.25,0.184,0.229,0.2,31.9,30.7,26.26841,73.00594,ERA5,Asia/Kolkata,Open-Meteo Historical Weather API
RJ-Jodhpur,2021-09-17,30.5,34.6,27.2,0.0,0.0,0.0,75,4.42,0.152,0.224,0.199,32.1,31.2,26.26841,73.00594,ERA5,Asia/Kolkata,Open-Meteo Historical Weather API
RJ-Jodhpur,2021-09-18,30.3,34.6,26.4,0.3,0.3,2.0,73,4.66,0.131,0.221,0.198,32.0,31.4,26.26841,73.00594,ERA5,Asia/Kolkata,Open-Meteo Historical Weather API
RJ-Jodhpur,2021-09-19,28.0,31.8,25.5,8.6,8.6,16.0,87,1.9,0.16,0.22,0.199,29.9,30.9,26.26841,73.00594,ERA5,Asia/Kolkata,Open-Meteo Historical Weather API
RJ-Jodhpur,2021-09-20,27.2,29.1,25.7,17.2,17.2,22.0,91,2.16,0.32,0.241,0.199,29.0,29.7,26.26841,73.00594,ERA5,Asia/Kolkata,Open-Meteo Historical Weather API
RJ-Jodhpur,2021-09-21,26.3,28.3,24.8,17.9,17.9,19.0,93,1.18,0.395,0.285,0.201,28.1,28.9,26.26841,73.00594,ERA5,Asia/Kolkata,Open-Meteo Historical Weather API
RJ-Jodhpur,2021-09-22,27.0,30.9,24.7,4.6,4.6,5.0,89,2.55,0.368,0.315,0.202,28.5,28.6,26.26841,73.00594,ERA5,Asia/Kolkata,Open-Meteo Historical Weather API
RJ-Jodhpur,2021-09-23,28.1,32.4,25.2,3.3,3.3,12.0,84,2.88,0.368,0.321,0.201,29.3,28.9,26.26841,73.00594,ERA5,Asia/Kolkata,Open-Meteo Historical Weather API
RJ-Jodhpur,2021-09-24,29.1,33.1,26.1,2.1,2.1,6.0,80,4.06,0.35,0.324,0.202,30.4,29.6,26.26841,73.00594,ERA5,Asia/Kolkata,Open-Meteo Historical Weather API
RJ-Jodhpur,2021-09-25,29.4,33.1,26.3,2.8,2.8,4.0,80,3.98,0.338,0.323,0.206,30.8,30.0,26.26841,73.00594,ERA5,Asia/Kolkata,Open-Meteo Historical Weather API
RJ-Jodhpur,2021-09-26,29.6,34.0,26.2,0.6,0.6,4.0,79,3.76,0.318,0.317,0.207,30.9,30.0,26.26841,73.00594,ERA5,Asia/Kolkata,Open-Meteo Historical Weather API
RJ-Jodhpur,2021-09-27,29.3,33.6,27.2,2.8,2.8,7.0,79,4.07,0.297,0.311,0.206,30.6,30.0,26.26841,73.00594,ERA5,Asia/Kolkata,Open-Meteo Historical Weather API
RJ-Jodhpur,2021-09-28,29.6,34.5,26.1,0.3,0.3,1.0,75,4.99,0.278,0.305,0.207,30.3,29.9,26.26841,73.00594,ERA5,Asia/Kolkata,Open-Meteo Historical Weather API
RJ-Jodhpur,2021-09-29,30.4,34.0,27.3,0.0,0.0,0.0,70,5.37,0.24,0.296,0.206,30.5,29.9,26.26841,73.00594,ERA5,Asia/Kolkata,Open-Meteo Historical Weather API
RJ-Jodhpur,2021-09-30,30.1,33.7,27.5,0.2,0.2,1.0,72,4.03,0.212,0.286,0.204,30.7,30.0,26.26841,73.00594,ERA5,Asia/Kolkata,Open-Meteo Historical Weather API
RJ-Jodhpur,2021-10-01,29.3,33.5,26.8,0.0,0.0,0.0,77,4.31,0.197,0.277,0.203,31.1,30.3,26.26841,73.00594,ERA5,Asia/Kolkata,Open-Meteo Historical Weather API
RJ-Jodhpur,2021-10-02,29.5,33.1,26.3,0.1,0.1,1.0,76,4.33,0.177,0.271,0.203,31.0,30.4,26.26841,73.00594,ERA5,Asia/Kolkata,Open-Meteo Historical Weather API
RJ-Jodhpur,2021-10-03,29.6,33.9,26.4,0.0,0.0,0.0,70,5.26,0.153,0.264,0.203,31.1,30.3,26.26841,73.00594,ERA5,Asia/Kolkata,Open-Meteo Historical Weather API
RJ-Jodhpur,2021-10-04,29.0,32.5,26.1,0.0,0.0,0.0,73,4.4,0.135,0.256,0.202,30.5,30.0,26.26841,73.00594,ERA5,Asia/Kolkata,Open-Meteo Historical Weather API
RJ-Jodhpur,2021-10-05,29.1,32.9,25.5,0.0,0.0,0.0,73,3.93,0.125,0.251,0.202,30.8,29.9,26.26841,73.00594,ERA5,Asia/Kolkata,Open-Meteo Historical Weather API
RJ-Jodhpur,2021-10-06,30.1,35.1,25.4,0.0,0.0,0.0,66,4.62,0.112,0.245,0.202,32.1,30.4,26.26841,73.00594,ERA5,Asia/Kolkata,Open-Meteo Historical Weather API
RJ-Jodhpur,2021-10-07,30.6,36.1,26.6,0.0,0.0,0.0,61,4.71,0.1,0.238,0.202,32.8,31.3,26.26841,73.00594,ERA5,Asia/Kolkata,Open-Meteo Historical Weather API
RJ-Jodhpur,2021-10-08,30.5,36.8,25.2,0.0,0.0,0.0,57,4.97,0.088,0.231,0.201,32.7,31.7,26.26841,73.00594,ERA5,Asia/Kolkata,Open-Meteo Historical Weather API
RJ-Jodhpur,2021-10-09,30.5,35.4,26.0,0.0,0.0,0.0,60,4.6,0.086,0.226,0.201,32.5,31.8,26.26841,73.00594,ERA5,Asia/Kolkata,Open-Meteo Historical Weather API
RJ-Jodhpur,2021-10-10,30.5,36.3,26.7,0.0,0.0,0.0,63,5.47,0.082,0.222,0.201,33.0,32.0,26.26841,73.00594,ERA5,Asia/Kolkata,Open-Meteo Historical Weather API
RJ-Jodhpur,2021-10-11,30.0,35.1,25.6,0.0,0.0,0.0,62,5.39,0.078,0.217,0.2,33.1,32.0,26.26841,73.00594,ERA5,Asia/Kolkata,Open-Meteo Historical Weather API
RJ-Jodhpur,2021-10-12,30.1,36.0,26.0,0.0,0.0,0.0,57,5.08,0.078,0.214,0.2,33.1,32.0,26.26841,73.00594,ERA5,Asia/Kolkata,Open-Meteo Historical Weather API
RJ-Jodhpur,2021-10-13,29.1,35.9,23.7,0.0,0.0,0.0,47,5.49,0.082,0.212,0.201,31.7,31.7,26.26841,73.00594,ERA5,Asia/Kolkata,Open-Meteo Historical Weather API
RJ-Jodhpur,2021-10-14,27.9,36.0,20.9,0.0,0.0,0.0,38,5.34,0.077,0.21,0.202,30.2,30.7,26.26841,73.00594,ERA5,Asia/Kolkata,Open-Meteo Historical Weather API
RJ-Jodhpur,2021-10-15,27.0,35.8,19.3,0.0,0.0,0.0,39,4.71,0.076,0.207,0.202,29.3,30.0,26.26841,73.00594,ERA5,Asia/Kolkata,Open-Meteo Historical Weather API
RJ-Jodhpur,2021-10-16,26.2,35.4,18.0,0.0,0.0,0.0,41,4.68,0.075,0.205,0.202,28.8,29.6,26.26841,73.00594,ERA5,Asia/Kolkata,Open-Meteo Historical Weather API
RJ-Jodhpur,2021-10-17,26.3,33.0,20.7,0.0,0.0,0.0,45,4.56,0.078,0.204,0.203,28.4,29.2,26.26841,73.00594,ERA5,Asia/Kolkata,Open-Meteo Historical Weather API
RJ-Jodhpur,2021-10-18,28.3,35.0,23.0,0.0,0.0,0.0,61,4.99,0.077,0.201,0.203,30.8,30.0,26.26841,73.00594,ERA5,Asia/Kolkata,Open-Meteo Historical Weather API
RJ-Jodhpur,2021-10-19,27.9,35.0,22.3,0.0,0.0,0.0,58,4.47,0.075,0.199,0.203,31.0,30.6,26.26841,73.00594,ERA5,Asia/Kolkata,Open-Meteo Historical Weather API
RJ-Jodhpur,2021-10-20,27.2,35.8,20.2,0.0,0.0,0.0,42,6.06,0.074,0.196,0.202,29.5,30.2,26.26841,73.00594,ERA5,Asia/Kolkata,Open-Meteo Historical Weather API
RJ-Jodhpur,2021-10-21,27.5,34.0,22.2,0.0,0.0,0.0,42,6.32,0.072,0.193,0.202,29.7,30.0,26.26841,73.00594,ERA5,Asia/Kolkata,Open-Meteo Historical Weather API
RJ-Jodhpur,2021-10-22,26.2,32.2,21.9,0.0,0.0,0.0,51,6.08,0.071,0.191,0.201,28.8,29.6,26.26841,73.00594,ERA5,Asia/Kolkata,Open-Meteo Historical Weather API
RJ-Jodhpur,2021-10-23,25.9,30.9,22.1,0.0,0.0,0.0,58,5.54,0.073,0.19,0.201,28.7,29.1,26.26841,73.00594,ERA5,Asia/Kolkata,Open-Meteo Historical Weather API
RJ-Jodhpur,2021-10-24,25.4,31.1,22.1,2.1,2.1,5.0,68,3.92,0.1,0.189,0.202,28.0,28.8,26.26841,73.00594,ERA5,Asia/Kolkata,Open-Meteo Historical Weather API
RJ-Jodhpur,2021-10-25,25.7,31.1,21.0,0.0,0.0,0.0,63,4.42,0.096,0.188,0.202,28.5,28.4,26.26841,73.00594,ERA5,Asia/Kolkata,Open-Meteo Historical Weather API
RJ-Jodhpur,2021-10-26,25.5,31.6,20.3,0.0,0.0,0.0,53,4.65,0.084,0.185,0.201,28.7,28.5,26.26841,73.00594,ERA5,Asia/Kolkata,Open-Meteo Historical Weather API
RJ-Jodhpur,2021-10-27,25.5,32.2,20.1,0.0,0.0,0.0,41,5.42,0.076,0.184,0.2,28.5,28.5,26.26841,73.00594,ERA5,Asia/Kolkata,Open-Meteo Historical Weather API
RJ-Jodhpur,2021-10-28,25.0,32.4,19.1,0.0,0.0,0.0,43,5.03,0.075,0.182,0.199,28.1,28.4,26.26841,73.00594,ERA5,Asia/Kolkata,Open-Meteo Historical Weather API
RJ-Jodhpur,2021-10-29,24.7,32.4,18.3,0.0,0.0,0.0,43,5.32,0.078,0.181,0.199,27.4,28.1,26.26841,73.00594,ERA5,Asia/Kolkata,Open-Meteo Historical Weather API
RJ-Jodhpur,2021-10-30,24.0,33.2,17.2,0.0,0.0,0.0,45,4.99,0.081,0.18,0.199,26.3,27.6,26.26841,73.00594,ERA5,Asia/Kolkata,Open-Meteo Historical Weather API
RJ-Jodhpur,2021-10-31,23.9,33.5,15.8,0.0,0.0,0.0,44,4.96,0.083,0.179,0.199,25.4,27.0,26.26841,73.00594,ERA5,Asia/Kolkata,Open-Meteo Historical Weather API
RJ-Jodhpur,2021-11-01,23.9,33.4,16.2,0.0,0.0,0.0,42,5.33,0.08,0.179,0.2,25.4,26.8,26.26841,73.00594,ERA5,Asia/Kolkata,Open-Meteo Historical Weather API
RJ-Jodhpur,2021-11-02,24.1,32.5,15.9,0.0,0.0,0.0,47,3.94,0.079,0.18,0.201,26.1,26.9,26.26841,73.00594,ERA5,Asia/Kolkata,Open-Meteo Historical Weather API
RJ-Jodhpur,2021-11-03,24.0,32.4,17.7,0.0,0.0,0.0,45,4.83,0.087,0.18,0.202,26.4,27.1,26.26841,73.00594,ERA5,Asia/Kolkata,Open-Meteo Historical Weather API
RJ-Jodhpur,2021-11-04,22.5,31.5,15.7,0.0,0.0,0.0,46,4.66,0.091,0.182,0.204,24.8,26.6,26.26841,73.00594,ERA5,Asia/Kolkata,Open-Meteo Historical Weather API
RJ-Jodhpur,2021-11-05,21.8,31.4,15.2,0.0,0.0,0.0,48,4.57,0.094,0.183,0.206,23.6,25.7,26.26841,73.00594,ERA5,Asia/Kolkata,Open-Meteo Historical Weather API
RJ-Jodhpur,2021-11-06,22.0,31.7,14.5,0.0,0.0,0.0,48,4.35,0.094,0.184,0.208,23.5,25.3,26.26841,73.00594,ERA5,Asia/Kolkata,Open-Meteo Historical Weather API
RJ-Jodhpur,2021-11-07,22.6,32.1,15.3,0.0,0.0,0.0,52,3.78,0.093,0.185,0.209,23.9,25.2,26.26841,73.00594,ERA5,Asia/Kolkata,Open-Meteo Historical Weather API
RJ-Jodhpur,2021-11-08,22.8,32.5,15.0,0.0,0.0,0.0,53,4.06,0.093,0.187,0.211,24.0,25.2,26.26841,73.00594,ERA5,Asia/Kolkata,Open-Meteo Historical Weather API
RJ-Jodhpur,2021-11-09,23.0,32.5,15.2,0.0,0.0,0.0,52,3.8,0.093,0.188,0.213,23.7,25.1,26.26841,73.00594,ERA5,Asia/Kolkata,Open-Meteo Historical Weather API
RJ-Jodhpur,2021-11-10,23.1,32.1,14.6,0.0,0.0,0.0,49,3.53,0.09,0.19,0.215,23.3,24.8,26.26841,73.00594,ERA5,Asia/Kolkata,Open-Meteo Historical Weather API
RJ-Jodhpur,2021-11-11,22.2,31.9,13.8,0.0,0.0,0.0,50,3.86,0.09,0.192,0.217,23.3,24.6,26.26841,73.00594,ERA5,Asia/Kolkata,Open-Meteo Historical Weather API
RJ-Jodhpur,2021-11-12,21.7,31.6,13.8,0.0,0.0,0.0,45,4.37,0.089,0.191,0.217,23.1,24.4,26.26841,73.00594,ERA5,Asia/Kolkata,Open-Meteo Historical Weather API
RJ-Jodhpur,2021-11-13,20.9,30.0,14.4,0.0,0.0,0.0,47,4.46,0.088,0.192,0.219,22.6,24.2,26.26841,73.00594,ERA5,Asia/Kolkata,Open-Meteo Historical Weather API
RJ-Jodhpur,2021-11-14,20.0,29.3,13.3,0.0,0.0,0.0,52,3.77,0.092,0.192,0.22,21.7,23.7,26.26841,73.00594,ERA5,Asia/Kolkata,Open-Meteo Historical Weather API
RJ-Jodhpur,2021-11-15,19.5,29.2,11.7,0.0,0.0,0.0,54,4.09,0.092,0.192,0.221,21.1,23.2,26.26841,73.00594,ERA5,Asia/Kolkata,Open-Meteo Historical Weather API
RJ-Jodhpur,2021-11-16,19.4,28.6,12.1,0.0,0.0,0.0,49,4.38,0.091,0.193,0.223,21.0,22.9,26.26841,73.00594,ERA5,Asia/Kolkata,Open-Meteo Historical Weather API
RJ-Jodhpur,2021-11-17,19.2,27.7,13.0,0.0,0.0,0.0,48,4.59,0.09,0.193,0.224,20.7,22.5,26.26841,73.00594,ERA5,Asia/Kolkata,Open-Meteo Historical Weather API
RJ-Jodhpur,2021-11-18,19.7,25.4,15.1,0.0,0.0,0.0,57,3.54,0.087,0.194,0.225,21.2,22.4,26.26841,73.00594,ERA5,Asia/Kolkata,Open-Meteo Historical Weather API
RJ-Jodhpur,2021-11-19,20.3,23.9,17.8,0.1,0.1,1.0,71,2.69,0.094,0.195,0.226,22.0,23.0,26.26841,73.00594,ERA5,Asia/Kolkata,Open-Meteo Historical Weather API
RJ-Jodhpur,2021-11-20,22.2,27.2,18.3,0.0,0.0,0.0,75,2.98,0.104,0.196,0.227,23.5,23.4,26.26841,73.00594,ERA5,Asia/Kolkata,Open-Meteo Historical Weather API
RJ-Jodhpur,2021-11-21,23.1,29.5,18.2,0.0,0.0,0.0,71,3.61,0.098,0.196,0.227,24.4,24.1,26.26841,73.00594,ERA5,Asia/Kolkata,Open-Meteo Historical Weather API
RJ-Jodhpur,2021-11-22,22.5,29.8,16.7,0.0,0.0,0.0,46,4.47,0.088,0.194,0.227,24.5,24.6,26.26841,73.00594,ERA5,Asia/Kolkata,Open-Meteo Historical Weather API
RJ-Jodhpur,2021-11-23,20.2,30.3,12.3,0.0,0.0,0.0,48,3.72,0.088,0.193,0.227,22.2,23.7,26.26841,73.00594,ERA5,Asia/Kolkata,Open-Meteo Historical Weather API
RJ-Jodhpur,2021-11-24,20.4,30.5,12.7,0.0,0.0,0.0,54,3.73,0.086,0.192,0.227,22.0,23.2,26.26841,73.00594,ERA5,Asia/Kolkata,Open-Meteo Historical Weather API
RJ-Jodhpur,2021-11-25,21.5,30.6,13.6,0.0,0.0,0.0,55,3.29,0.085,0.19,0.227,22.6,23.2,26.26841,73.00594,ERA5,Asia/Kolkata,Open-Meteo Historical Weather API
RJ-Jodhpur,2021-11-26,22.1,31.5,14.9,0.0,0.0,0.0,52,3.3,0.081,0.188,0.226,23.1,23.5,26.26841,73.00594,ERA5,Asia/Kolkata,Open-Meteo Historical Weather API
RJ-Jodhpur,2021-11-27,21.6,31.4,14.2,0.0,0.0,0.0,52,3.57,0.078,0.187,0.226,23.2,23.7,26.26841,73.00594,ERA5,Asia/Kolkata,Open-Meteo Historical Weather API
RJ-Jodhpur,2021-11-28,21.6,31.0,14.9,0.0,0.0,0.0,51,3.72,0.078,0.187,0.226,23.2,23.8,26.26841,73.00594,ERA5,Asia/Kolkata,Open-Meteo Historical Weather API
RJ-Jodhpur,2021-11-29,21.7,29.9,16.2,0.0,0.0,0.0,50,4.25,0.08,0.187,0.227,23.2,23.8,26.26841,73.00594,ERA5,Asia/Kolkata,Open-Meteo Historical Weather API
RJ-Jodhpur,2021-11-30,20.8,28.0,15.7,0.0,0.0,0.0,41,4.46,0.08,0.187,0.228,22.5,23.6,26.26841,73.00594,ERA5,Asia/Kolkata,Open-Meteo Historical Weather API
RJ-Jodhpur,2021-12-01,19.7,24.2,16.8,0.0,0.0,0.0,57,2.8,0.085,0.185,0.221,21.0,23.1,26.26841,73.00594,ERA5,Asia/Kolkata,Open-Meteo Historical Weather API
RJ-Jodhpur,2021-12-02,19.0,24.1,15.3,0.0,0.0,0.0,57,3.52,0.084,0.185,0.219,21.5,22.7,26.26841,73.00594,ERA5,Asia/Kolkata,Open-Meteo Historical Weather API
RJ-Jodhpur,2021-12-03,18.4,25.9,12.9,0.0,0.0,0.0,58,3.55,0.084,0.184,0.219,20.5,21.9,26.26841,73.00594,ERA5,Asia/Kolkata,Open-Meteo Historical Weather API
RJ-Jodhpur,2021-12-04,19.9,27.0,14.1,0.0,0.0,0.0,61,3.27,0.078,0.184,0.219,21.7,22.0,26.26841,73.00594,ERA5,Asia/Kolkata,Open-Meteo Historical Weather API
RJ-Jodhpur,2021-12-05,20.8,27.0,16.4,0.0,0.0,0.0,67,2.54,0.079,0.183,0.219,22.5,22.8,26.26841,73.00594,ERA5,Asia/Kolkata,Open-Meteo Historical Weather API
RJ-Jodhpur,2021-12-06,20.5,27.5,15.3,0.0,0.0,0.0,59,3.92,0.082,0.183,0.22,22.2,22.9,26.26841,73.00594,ERA5,Asia/Kolkata,Open-Meteo Historical Weather API
RJ-Jodhpur,2021-12-07,19.9,26.7,15.2,0.0,0.0,0.0,51,3.94,0.079,0.183,0.22,21.9,22.7,26.26841,73.00594,ERA5,Asia/Kolkata,Open-Meteo Historical Weather API
RJ-Jodhpur,2021-12-08,18.5,26.0,13.3,0.0,0.0,0.0,46,3.83,0.076,0.182,0.22,20.9,22.2,26.26841,73.00594,ERA5,Asia/Kolkata,Open-Meteo Historical Weather API
RJ-Jodhpur,2021-12-09,18.0,25.5,12.1,0.0,0.0,0.0,45,4.0,0.075,0.18,0.219,20.2,21.7,26.26841,73.00594,ERA5,Asia/Kolkata,Open-Meteo Historical Weather API
RJ-Jodhpur,2021-12-10,17.7,25.4,12.5,0.0,0.0,0.0,46,3.98,0.074,0.179,0.218,20.0,21.5,26.26841,73.00594,ERA5,Asia/Kolkata,Open-Meteo Historical Weather API
RJ-Jodhpur,2021-12-11,16.7,25.2,10.5,0.0,0.0,0.0,49,3.67,0.076,0.178,0.218,19.1,20.9,26.26841,73.00594,ERA5,Asia/Kolkata,Open-Meteo Historical Weather API
RJ-Jodhpur,2021-12-12,16.9,25.6,10.2,0.0,0.0,0.0,50,3.34,0.077,0.178,0.218,19.1,20.5,26.26841,73.00594,ERA5,Asia/Kolkata,Open-Meteo Historical Weather API
RJ-Jodhpur,2021-12-13,17.4,25.0,12.5,0.0,0.0,0.0,61,2.96,0.078,0.183,0.229,19.3,20.5,26.26841,73.00594,ERA5,Asia/Kolkata,Open-Meteo Historical Weather API
RJ-Jodhpur,2021-12-14,16.7,25.0,10.8,0.0,0.0,0.0,58,3.44,0.076,0.183,0.23,18.8,20.3,26.26841,73.00594,ERA5,Asia/Kolkata,Open-Meteo Historical Weather API
RJ-Jodhpur,2021-12-15,16.1,23.4,10.7,0.0,0.0,0.0,53,3.37,0.072,0.182,0.23,18.5,20.0,26.26841,73.00594,ERA5,Asia/Kolkata,Open-Meteo Historical Weather API
RJ-Jodhpur,2021-12-16,15.7,22.9,10.5,0.0,0.0,0.0,48,3.87,0.075,0.182,0.23,18.0,19.7,26.26841,73.00594,ERA5,Asia/Kolkata,Open-Meteo Historical Weather API
RJ-Jodhpur,2021-12-17,14.4,20.9,10.1,0.0,0.0,0.0,41,4.19,0.077,0.182,0.231,16.7,19.1,26.26841,73.00594,ERA5,Asia/Kolkata,Open-Meteo Historical Weather API
RJ-Jodhpur,2021-12-18,13.5,22.2,7.5,0.0,0.0,0.0,42,3.9,0.076,0.181,0.23,15.6,18.1,26.26841,73.00594,ERA5,Asia/Kolkata,Open-Meteo Historical Weather API
RJ-Jodhpur,2021-12-19,13.7,23.4,6.4,0.0,0.0,0.0,39,3.71,0.074,0.179,0.229,15.5,17.5,26.26841,73.00594,ERA5,Asia/Kolkata,Open-Meteo Historical Weather API
RJ-Jodhpur,2021-12-20,15.7,25.7,7.8,0.0,0.0,0.0,36,3.19,0.083,0.178,0.228,16.5,17.7,26.26841,73.00594,ERA5,Asia/Kolkata,Open-Meteo Historical Weather API
RJ-Jodhpur,2021-12-21,15.7,26.0,7.1,0.0,0.0,0.0,48,3.17,0.097,0.178,0.228,16.4,17.8,26.26841,73.00594,ERA5,Asia/Kolkata,Open-Meteo Historical Weather API
RJ-Jodhpur,2021-12-22,16.6,26.4,8.4,0.0,0.0,0.0,54,3.05,0.093,0.178,0.228,17.3,17.9,26.26841,73.00594,ERA5,Asia/Kolkata,Open-Meteo Historical Weather API
RJ-Jodhpur,2021-12-23,18.4,25.0,11.8,0.0,0.0,0.0,63,2.91,0.089,0.176,0.227,18.9,18.7,26.26841,73.00594,ERA5,Asia/Kolkata,Open-Meteo Historical Weather API
RJ-Jodhpur,2021-12-24,19.8,24.8,16.0,0.0,0.0,0.0,68,2.72,0.085,0.176,0.227,21.1,20.1,26.26841,73.00594,ERA5,Asia/Kolkata,Open-Meteo Historical Weather API
RJ-Jodhpur,2021-12-25,18.6,25.9,12.9,0.0,0.0,0.0,58,3.29,0.081,0.177,0.228,20.4,20.4,26.26841,73.00594,ERA5,Asia/Kolkata,Open-Meteo Historical Weather API
RJ-Jodhpur,2021-12-26,18.5,25.2,13.2,0.0,0.0,0.0,62,3.17,0.082,0.177,0.228,20.3,20.3,26.26841,73.00594,ERA5,Asia/Kolkata,Open-Meteo Historical Weather API
RJ-Jodhpur,2021-12-27,18.2,22.6,15.0,0.1,0.1,1.0,77,2.54,0.097,0.18,0.23,20.1,20.6,26.26841,73.00594,ERA5,Asia/Kolkata,Open-Meteo Historical Weather API
RJ-Jodhpur,2021-12-28,17.0,20.0,14.3,4.1,4.1,10.0,78,2.15,0.143,0.182,0.231,19.1,20.3,26.26841,73.00594,ERA5,Asia/Kolkata,Open-Meteo Historical Weather API
RJ-Jodhpur,2021-12-29,15.8,21.8,11.8,0.0,0.0,0.0,70,2.89,0.14,0.181,0.23,17.8,19.0,26.26841,73.00594,ERA5,Asia/Kolkata,Open-Meteo Historical Weather API
RJ-Jodhpur,2021-12-30,15.2,22.5,9.9,0.0,0.0,0.0,57,3.35,0.118,0.18,0.229,16.9,18.2,26.26841,73.00594,ERA5,Asia/Kolkata,Open-Meteo Historical Weather API
RJ-Jodhpur,2021-12-31,14.7,20.1,10.4,0.0,0.0,0.0,50,2.97,0.102,0.178,0.228,16.0,17.6,26.26841,73.00594,ERA5,Asia/Kolkata,Open-Meteo Historical Weather API
RJ-Jodhpur,2022-01-01,15.7,23.2,9.9,0.0,0.0,0.0,53,3.56,0.089,0.176,0.227,17.1,17.5,26.26841,73.00594,ERA5,Asia/Kolkata,Open-Meteo Historical Weather API
RJ-Jodhpur,2022-01-02,17.5,24.7,12.0,0.0,0.0,0.0,56,3.77,0.08,0.175,0.226,18.8,18.5,26.26841,73.00594,ERA5,Asia/Kolkata,Open-Meteo Historical Weather API
RJ-Jodhpur,2022-01-03,18.3,26.1,12.3,0.0,0.0,0.0,54,3.33,0.077,0.174,0.225,20.1,19.5,26.26841,73.00594,ERA5,Asia/Kolkata,Open-Meteo Historical Weather API
RJ-Jodhpur,2022-01-04,19.6,26.1,13.7,0.3,0.3,1.0,65,2.66,0.077,0.174,0.225,21.1,20.3,26.26841,73.00594,ERA5,Asia/Kolkata,Open-Meteo Historical Weather API
RJ-Jodhpur,2022-01-05,18.1,20.5,16.8,5.5,5.5,12.0,86,1.25,0.118,0.175,0.226,19.7,20.7,26.26841,73.00594,ERA5,Asia/Kolkata,Open-Meteo Historical Weather API
RJ-Jodhpur,2022-01-06,15.4,17.9,13.3,0.0,0.0,0.0,86,1.42,0.169,0.177,0.226,18.1,19.2,26.26841,73.00594,ERA5,Asia/Kolkata,Open-Meteo Historical Weather API
RJ-Jodhpur,2022-01-07,15.3,20.5,11.0,3.4,3.4,8.0,87,2.11,0.173,0.179,0.229,17.2,18.1,26.26841,73.00594,ERA5,Asia/Kolkata,Open-Meteo Historical Weather API
RJ-Jodhpur,2022-01-08,15.3,18.4,12.0,0.2,0.2,2.0,81,2.19,0.193,0.181,0.229,18.3,18.6,26.26841,73.00594,ERA5,Asia/Kolkata,Open-Meteo Historical Weather API
RJ-Jodhpur,2022-01-09,12.7,17.7,8.6,0.0,0.0,0.0,77,2.52,0.171,0.182,0.228,15.6,17.1,26.26841,73.00594,ERA5,Asia/Kolkata,Open-Meteo Historical Weather API
RJ-Jodhpur,2022-01-10,12.9,19.1,7.6,0.0,0.0,0.0,74,2.45,0.154,0.183,0.229,14.9,16.2,26.26841,73.00594,ERA5,Asia/Kolkata,Open-Meteo Historical Weather API
RJ-Jodhpur,2022-01-11,13.1,19.0,8.5,0.0,0.0,0.0,72,2.69,0.137,0.183,0.228,15.1,16.2,26.26841,73.00594,ERA5,Asia/Kolkata,Open-Meteo Historical Weather API
RJ-Jodhpur,2022-01-12,12.6,18.9,7.2,0.0,0.0,0.0,73,2.47,0.122,0.183,0.229,15.0,16.1,26.26841,73.00594,ERA5,Asia/Kolkata,Open-Meteo Historical Weather API
RJ-Jodhpur,2022-01-13,13.4,20.1,7.6,0.0,0.0,0.0,65,2.98,0.106,0.181,0.228,15.4,16.3,26.26841,73.00594,ERA5,Asia/Kolkata,Open-Meteo Historical Weather API
RJ-Jodhpur,2022-01-14,13.6,20.3,8.0,0.0,0.0,0.0,65,3.24,0.094,0.179,0.227,15.5,16.4,26.26841,73.00594,ERA5,Asia/Kolkata,Open-Meteo Historical Weather API
RJ-Jodhpur,2022-01-15,13.7,20.0,8.4,0.0,0.0,0.0,66,3.14,0.088,0.178,0.226,15.9,16.6,26.26841,73.00594,ERA5,Asia/Kolkata,Open-Meteo Historical Weather API
RJ-Jodhpur,2022-01-16,13.8,21.1,8.1,0.0,0.0,0.0,63,3.18,0.086,0.178,0.226,15.9,16.7,26.26841,73.00594,ERA5,Asia/Kolkata,Open-Meteo Historical Weather API
RJ-Jodhpur,2022-01-17,14.8,22.5,9.1,0.0,0.0,0.0,65,2.98,0.083,0.177,0.225,16.9,17.0,26.26841,73.00594,ERA5,Asia/Kolkata,Open-Meteo Historical Weather API
RJ-Jodhpur,2022-01-18,15.5,23.8,9.4,0.0,0.0,0.0,59,3.37,0.077,0.176,0.224,17.7,17.5,26.26841,73.00594,ERA5,Asia/Kolkata,Open-Meteo Historical Weather API
RJ-Jodhpur,2022-01-19,18.3,27.3,11.4,0.0,0.0,0.0,48,3.99,0.067,0.172,0.221,19.6,18.3,26.26841,73.00594,ERA5,Asia/Kolkata,Open-Meteo Historical Weather API
RJ-Jodhpur,2022-01-20,18.1,25.9,11.7,0.0,0.0,0.0,50,3.67,0.069,0.17,0.221,19.9,19.1,26.26841,73.00594,ERA5,Asia/Kolkata,Open-Meteo Historical Weather API
RJ-Jodhpur,2022-01-21,19.1,26.3,12.9,0.6,0.6,2.0,67,3.79,0.07,0.17,0.221,20.4,19.6,26.26841,73.00594,ERA5,Asia/Kolkata,Open-Meteo Historical Weather API
RJ-Jodhpur,2022-01-22,17.6,19.5,14.0,0.4,0.4,4.0,68,3.09,0.086,0.171,0.221,19.8,20.1,26.26841,73.00594,ERA5,Asia/Kolkata,Open-Meteo Historical Weather API
RJ-Jodhpur,2022-01-23,14.2,19.4,9.5,0.0,0.0,0.0,56,3.29,0.09,0.171,0.222,17.4,18.6,26.26841,73.00594,ERA5,Asia/Kolkata,Open-Meteo Historical Weather API
RJ-Jodhpur,2022-01-24,13.5,20.3,7.6,0.0,0.0,0.0,62,3.09,0.086,0.171,0.222,16.5,17.8,26.26841,73.00594,ERA5,Asia/Kolkata,Open-Meteo Historical Weather API
RJ-Jodhpur,2022-01-25,14.0,21.1,8.3,0.0,0.0,0.0,53,3.29,0.08,0.17,0.221,17.0,17.6,26.26841,73.00594,ERA5,Asia/Kolkata,Open-Meteo Historical Weather API
RJ-Jodhpur,2022-01-26,14.2,22.1,7.1,0.0,0.0,0.0,50,3.61,0.077,0.168,0.22,16.9,17.5,26.26841,73.00594,ERA5,Asia/Kolkata,Open-Meteo Historical Weather API
RJ-Jodhpur,2022-01-27,14.6,22.4,7.9,0.0,0.0,0.0,44,3.78,0.074,0.165,0.218,17.2,17.6,26.26841,73.00594,ERA5,Asia/Kolkata,Open-Meteo Historical Weather API
RJ-Jodhpur,2022-01-28,15.3,24.4,7.8,0.0,0.0,0.0,39,3.58,0.074,0.163,0.216,17.2,17.7,26.26841,73.00594,ERA5,Asia/Kolkata,Open-Meteo Historical Weather API
RJ-Jodhpur,2022-01-29,16.2,26.4,7.2,0.0,0.0,0.0,42,3.91,0.076,0.161,0.214,17.5,17.9,26.26841,73.00594,ERA5,Asia/Kolkata,Open-Meteo Historical Weather API
RJ-Jodhpur,2022-01-30,17.8,27.1,8.4,0.0,0.0,0.0,42,4.47,0.074,0.159,0.213,18.5,18.3,26.26841,73.00594,ERA5,Asia/Kolkata,Open-Meteo Historical Weather API
RJ-Jodhpur,2022-01-31,19.5,27.1,13.1,0.0,0.0,0.0,57,3.86,0.074,0.159,0.212,20.5,19.3,26.26841,73.00594,ERA5,Asia/Kolkata,Open-Meteo Historical Weather API
RJ-Jodhpur,2022-02-01,20.7,28.7,14.6,0.0,0.0,0.0,55,4.36,0.074,0.159,0.212,21.8,20.3,26.26841,73.00594,ERA5,Asia/Kolkata,Open-Meteo Historical Weather API
RJ-Jodhpur,2022-02-02,20.5,29.4,11.1,0.0,0.0,0.0,46,5.47,0.074,0.159,0.212,21.0,20.3,26.26841,73.00594,ERA5,Asia/Kolkata,Open-Meteo Historical Weather API
RJ-Jodhpur,2022-02-03,18.9,23.5,14.3,0.0,0.0,0.0,45,4.79,0.075,0.16,0.213,21.0,20.7,26.26841,73.00594,ERA5,Asia/Kolkata,Open-Meteo Historical Weather API
RJ-Jodhpur,2022-02-04,17.1,25.6,10.3,0.0,0.0,0.0,40,4.76,0.077,0.16,0.213,18.4,19.3,26.26841,73.00594,ERA5,Asia/Kolkata,Open-Meteo Historical Weather API
RJ-Jodhpur,2022-02-05,18.1,26.8,10.3,0.0,0.0,0.0,38,4.37,0.077,0.16,0.213,18.9,18.9,26.26841,73.00594,ERA5,Asia/Kolkata,Open-Meteo Historical Weather API
RJ-Jodhpur,2022-02-06,19.0,27.2,11.4,0.0,0.0,0.0,44,4.52,0.077,0.161,0.213,19.8,19.3,26.26841,73.00594,ERA5,Asia/Kolkata,Open-Meteo Historical Weather API
RJ-Jodhpur,2022-02-07,19.8,26.5,13.1,0.0,0.0,0.0,56,3.96,0.08,0.161,0.214,21.0,20.0,26.26841,73.00594,ERA5,Asia/Kolkata,Open-Meteo Historical Weather API
RJ-Jodhpur,2022-02-08,20.2,27.2,14.3,0.0,0.0,0.0,59,3.66,0.077,0.161,0.214,22.1,20.8,26.26841,73.00594,ERA5,Asia/Kolkata,Open-Meteo Historical Weather API
RJ-Jodhpur,2022-02-09,19.8,25.3,15.1,0.0,0.0,0.0,55,4.56,0.075,0.161,0.213,22.4,21.4,26.26841,73.00594,ERA5,Asia/Kolkata,Open-Meteo Historical Weather API
RJ-Jodhpur,2022-02-10,18.4,25.2,12.9,0.0,0.0,0.0,48,4.56,0.073,0.162,0.214,21.0,21.0,26.26841,73.00594,ERA5,Asia/Kolkata,Open-Meteo Historical Weather API
RJ-Jodhpur,2022-02-11,18.2,26.1,11.4,0.0,0.0,0.0,42,4.6,0.076,0.162,0.214,20.5,20.5,26.26841,73.00594,ERA5,Asia/Kolkata,Open-Meteo Historical Weather API
RJ-Jodhpur,2022-02-12,18.9,27.4,10.5,0.0,0.0,0.0,37,4.11,0.075,0.161,0.213,20.4,20.4,26.26841,73.00594,ERA5,Asia/Kolkata,Open-Meteo Historical Weather API
RJ-Jodhpur,2022-02-13,18.9,28.3,9.9,0.0,0.0,0.0,40,4.34,0.078,0.161,0.212,20.4,20.4,26.26841,73.00594,ERA5,Asia/Kolkata,Open-Meteo Historical Weather API
RJ-Jodhpur,2022-02-14,20.0,28.4,12.5,0.0,0.0,0.0,41,4.56,0.077,0.16,0.212,21.5,20.8,26.26841,73.00594,ERA5,Asia/Kolkata,Open-Meteo Historical Weather API
RJ-Jodhpur,2022-02-15,21.0,29.3,13.4,0.0,0.0,0.0,43,4.58,0.08,0.16,0.212,22.1,21.4,26.26841,73.00594,ERA5,Asia/Kolkata,Open-Meteo Historical Weather API
RJ-Jodhpur,2022-02-16,21.1,29.9,13.4,0.0,0.0,0.0,40,4.84,0.083,0.161,0.213,22.0,21.6,26.26841,73.00594,ERA5,Asia/Kolkata,Open-Meteo Historical Weather API
RJ-Jodhpur,2022-02-17,21.2,30.3,13.6,0.0,0.0,0.0,39,4.74,0.081,0.161,0.213,22.1,21.6,26.26841,73.00594,ERA5,Asia/Kolkata,Open-Meteo Historical Weather API
RJ-Jodhpur,2022-02-18,21.3,30.2,13.5,0.0,0.0,0.0,37,4.94,0.079,0.162,0.213,22.3,21.7,26.26841,73.00594,ERA5,Asia/Kolkata,Open-Meteo Historical Weather API
RJ-Jodhpur,2022-02-19,21.7,29.7,15.4,0.0,0.0,0.0,36,5.62,0.08,0.163,0.214,23.0,22.1,26.26841,73.00594,ERA5,Asia/Kolkata,Open-Meteo Historical Weather API
RJ-Jodhpur,2022-02-20,21.7,30.8,13.2,0.0,0.0,0.0,34,6.23,0.077,0.163,0.214,22.3,22.0,26.26841,73.00594,ERA5,Asia/Kolkata,Open-Meteo Historical Weather API
RJ-Jodhpur,2022-02-21,23.0,32.8,13.6,0.0,0.0,0.0,35,5.99,0.074,0.164,0.214,23.6,22.3,26.26841,73.00594,ERA5,Asia/Kolkata,Open-Meteo Historical Weather API
RJ-Jodhpur,2022-02-22,25.3,31.7,19.0,0.0,0.0,0.0,42,7.46,0.071,0.163,0.214,25.4,23.4,26.26841,73.00594,ERA5,Asia/Kolkata,Open-Meteo Historical Weather API
RJ-Jodhpur,2022-02-23,23.7,30.2,17.7,0.0,0.0,0.0,42,4.99,0.071,0.164,0.214,25.9,24.0,26.26841,73.00594,ERA5,Asia/Kolkata,Open-Meteo Historical Weather API
RJ-Jodhpur,2022-02-24,23.0,30.5,16.6,0.0,0.0,0.0,41,4.96,0.075,0.166,0.215,25.0,23.9,26.26841,73.00594,ERA5,Asia/Kolkata,Open-Meteo Historical Weather API
RJ-Jodhpur,2022-02-25,23.6,31.7,16.5,0.0,0.0,0.0,35,6.22,0.075,0.165,0.215,24.8,23.8,26.26841,73.00594,ERA5,Asia/Kolkata,Open-Meteo Historical Weather API
RJ-Jodhpur,2022-02-26,23.2,30.7,16.0,0.0,0.0,0.0,35,5.57,0.075,0.167,0.216,25.0,23.8,26.26841,73.00594,ERA5,Asia/Kolkata,Open-Meteo Historical Weather API
RJ-Jodhpur,2022-02-27,22.1,28.7,16.7,0.0,0.0,0.0,47,6.03,0.079,0.168,0.217,24.5,24.0,26.26841,73.00594,ERA5,Asia/Kolkata,Open-Meteo Historical Weather API
RJ-Jodhpur,2022-02-28,21.6,28.6,15.7,0.0,0.0,0.0,37,5.58,0.076,0.168,0.217,24.2,23.6,26.26841,73.00594,ERA5,Asia/Kolkata,Open-Meteo Historical Weather API
RJ-Jodhpur,2022-03-01,22.9,31.1,15.2,0.0,0.0,0.0,32,5.56,0.073,0.168,0.217,25.0,23.7,26.26841,73.00594,ERA5,Asia/Kolkata,Open-Meteo Historical Weather API
RJ-Jodhpur,2022-03-02,24.6,32.0,17.3,0.0,0.0,0.0,34,6.24,0.074,0.168,0.217,26.0,24.4,26.26841,73.00594,ERA5,Asia/Kolkata,Open-Meteo Historical Weather API
RJ-Jodhpur,2022-03-03,22.2,28.5,17.0,0.0,0.0,0.0,49,5.62,0.079,0.168,0.218,24.9,24.5,26.26841,73.00594,ERA5,Asia/Kolkata,Open-Meteo Historical Weather API
RJ-Jodhpur,2022-03-04,22.3,29.4,16.4,0.0,0.0,0.0,46,5.83,0.073,0.168,0.218,24.7,24.0,26.26841,73.00594,ERA5,Asia/Kolkata,Open-Meteo Historical Weather API
RJ-Jodhpur,2022-03-05,22.8,30.4,15.9,0.0,0.0,0.0,42,5.52,0.072,0.168,0.217,25.4,24.1,26.26841,73.00594,ERA5,Asia/Kolkata,Open-Meteo Historical Weather API
RJ-Jodhpur,2022-03-06,24.4,31.8,16.6,0.0,0.0,0.0,37,4.97,0.075,0.167,0.217,25.5,24.6,26.26841,73.00594,ERA5,Asia/Kolkata,Open-Meteo Historical Weather API
RJ-Jodhpur,2022-03-07,24.9,33.1,16.1,0.0,0.0,0.0,37,5.31,0.072,0.168,0.217,26.4,24.9,26.26841,73.00594,ERA5,Asia/Kolkata,Open-Meteo Historical Weather API
RJ-Jodhpur,2022-03-08,25.3,34.0,18.0,0.0,0.0,0.0,42,6.1,0.078,0.169,0.219,26.8,25.4,26.26841,73.00594,ERA5,Asia/Kolkata,Open-Meteo Historical Weather API
RJ-Jodhpur,2022-03-09,25.5,33.0,19.3,0.0,0.0,0.0,49,5.59,0.074,0.169,0.219,27.5,25.8,26.26841,73.00594,ERA5,Asia/Kolkata,Open-Meteo Historical Weather API
RJ-Jodhpur,2022-03-10,25.7,32.9,19.1,0.0,0.0,0.0,41,6.25,0.071,0.169,0.219,27.8,26.2,26.26841,73.00594,ERA5,Asia/Kolkata,Open-Meteo Historical Weather API
RJ-Jodhpur,2022-03-11,26.3,34.2,19.4,0.0,0.0,0.0,39,6.23,0.074,0.169,0.218,28.3,26.5,26.26841,73.00594,ERA5,Asia/Kolkata,Open-Meteo Historical Weather API
RJ-Jodhpur,2022-03-12,27.0,36.1,18.6,0.0,0.0,0.0,39,5.51,0.071,0.168,0.218,28.7,26.8,26.26841,73.00594,ERA5,Asia/Kolkata,Open-Meteo Historical Weather API
RJ-Jodhpur,2022-03-13,28.9,37.7,20.0,0.0,0.0,0.0,31,6.16,0.068,0.167,0.217,29.7,27.3,26.26841,73.00594,ERA5,Asia/Kolkata,Open-Meteo Historical Weather API
RJ-Jodhpur,2022-03-14,29.8,38.9,21.7,0.0,0.0,0.0,30,6.6,0.068,0.166,0.217,30.6,28.1,26.26841,73.00594,ERA5,Asia/Kolkata,Open-Meteo Historical Weather API
RJ-Jodhpur,2022-03-15,30.2,39.6,21.5,0.0,0.0,0.0,27,7.32,0.067,0.166,0.217,31.1,28.6,26.26841,73.00594,ERA5,Asia/Kolkata,Open-Meteo Historical Weather API
RJ-Jodhpur,2022-03-16,30.7,40.1,22.7,0.0,0.0,0.0,26,7.66,0.066,0.165,0.216,31.6,29.1,26.26841,73.00594,ERA5,Asia/Kolkata,Open-Meteo Historical Weather API
RJ-Jodhpur,2022-03-17,31.1,40.3,23.4,0.0,0.0,0.0,26,7.55,0.066,0.164,0.215,32.0,29.4,26.26841,73.00594,ERA5,Asia/Kolkata,Open-Meteo Historical Weather API
RJ-Jodhpur,2022-03-18,30.1,39.6,21.5,0.0,0.0,0.0,26,7.56,0.067,0.163,0.215,31.4,29.6,26.26841,73.00594,ERA5,Asia/Kolkata,Open-Meteo Historical Weather API
RJ-Jodhpur,2022-03-19,30.3,39.2,22.4,0.0,0.0,0.0,27,8.19,0.067,0.163,0.214,31.4,29.5,26.26841,73.00594,ERA5,Asia/Kolkata,Open-Meteo Historical Weather API
RJ-Jodhpur,2022-03-20,30.1,37.2,24.1,0.0,0.0,0.0,30,7.74,0.068,0.163,0.215,31.8,29.7,26.26841,73.00594,ERA5,Asia/Kolkata,Open-Meteo Historical Weather API
RJ-Jodhpur,2022-03-21,30.8,38.3,24.6,0.0,0.0,0.0,29,6.75,0.07,0.164,0.215,32.8,29.9,26.26841,73.00594,ERA5,Asia/Kolkata,Open-Meteo Historical Weather API
RJ-Jodhpur,2022-03-22,31.0,37.6,25.6,0.0,0.0,0.0,22,8.18,0.069,0.163,0.215,32.6,30.3,26.26841,73.00594,ERA5,Asia/Kolkata,Open-Meteo Historical Weather API
RJ-Jodhpur,2022-03-23,29.4,35.7,23.8,0.0,0.0,0.0,26,7.84,0.071,0.162,0.214,31.5,30.0,26.26841,73.00594,ERA5,Asia/Kolkata,Open-Meteo Historical Weather API
RJ-Jodhpur,2022-03-24,29.8,36.6,24.2,0.0,0.0,0.0,28,7.63,0.07,0.161,0.213,32.2,30.1,26.26841,73.00594,ERA5,Asia/Kolkata,Open-Meteo Historical Weather API
RJ-Jodhpur,2022-03-25,30.2,38.4,22.8,0.0,0.0,0.0,24,7.25,0.069,0.161,0.213,32.2,30.2,26.26841,73.00594,ERA5,Asia/Kolkata,Open-Meteo Historical Weather API
RJ-Jodhpur,2022-03-26,30.1,39.5,20.9,0.0,0.0,0.0,24,7.29,0.07,0.161,0.213,32.1,30.3,26.26841,73.00594,ERA5,Asia/Kolkata,Open-Meteo Historical Weather API
RJ-Jodhpur,2022-03-27,30.6,39.6,22.5,0.0,0.0,0.0,22,7.64,0.07,0.161,0.213,31.7,30.2,26.26841,73.00594,ERA5,Asia/Kolkata,Open-Meteo Historical Weather API
RJ-Jodhpur,2022-03-28,30.7,39.4,22.6,0.0,0.0,0.0,23,8.19,0.068,0.161,0.212,32.3,30.4,26.26841,73.00594,ERA5,Asia/Kolkata,Open-Meteo Historical Weather API
RJ-Jodhpur,2022-03-29,31.4,40.1,24.8,0.0,0.0,0.0,25,8.14,0.067,0.16,0.212,33.0,30.6,26.26841,73.00594,ERA5,Asia/Kolkata,Open-Meteo Historical Weather API
RJ-Jodhpur,2022-03-30,32.1,40.6,25.1,0.0,0.0,0.0,28,8.32,0.066,0.16,0.212,33.5,31.0,26.26841,73.00594,ERA5,Asia/Kolkata,Open-Meteo Historical Weather API
RJ-Jodhpur,2022-03-31,32.0,40.3,23.6,0.0,0.0,0.0,20,7.7,0.066,0.159,0.211,34.1,31.5,26.26841,73.00594,ERA5,Asia/Kolkata,Open-Meteo Historical Weather API
RJ-Jodhpur,2022-04-01,31.5,39.8,23.6,0.0,0.0,0.0,20,7.49,0.067,0.159,0.21,33.6,31.7,26.26841,73.00594,ERA5,Asia/Kolkata,Open-Meteo Historical Weather API
RJ-Jodhpur,2022-04-02,32.2,40.8,23.6,0.0,0.0,0.0,18,8.36,0.066,0.159,0.21,32.9,31.4,26.26841,73.00594,ERA5,Asia/Kolkata,Open-Meteo Historical Weather API
RJ-Jodhpur,2022-04-03,32.1,40.9,23.9,0.0,0.0,0.0,18,8.15,0.066,0.158,0.209,33.9,31.6,26.26841,73.00594,ERA5,Asia/Kolkata,Open-Meteo Historical Weather API
RJ-Jodhpur,2022-04-04,31.9,41.2,22.8,0.0,0.0,0.0,20,7.44,0.068,0.158,0.209,33.9,31.9,26.26841,73.00594,ERA5,Asia/Kolkata,Open-Meteo Historical Weather API
RJ-Jodhpur,2022-04-05,32.0,40.8,22.3,0.0,0.0,0.0,23,8.14,0.068,0.158,0.208,33.6,31.9,26.26841,73.00594,ERA5,Asia/Kolkata,Open-Meteo Historical Weather API
RJ-Jodhpur,2022-04-06,32.9,41.7,24.8,0.0,0.0,0.0,20,6.9,0.067,0.158,0.209,34.7,32.4,26.26841,73.00594,ERA5,Asia/Kolkata,Open-Meteo Historical Weather API
RJ-Jodhpur,2022-04-07,33.2,42.5,23.5,0.0,0.0,0.0,22,7.0,0.066,0.159,0.209,34.6,32.5,26.26841,73.00594,ERA5,Asia/Kolkata,Open-Meteo Historical Weather API
RJ-Jodhpur,2022-04-08,33.9,43.1,25.2,0.0,0.0,0.0,21,8.81,0.066,0.159,0.209,35.2,32.9,26.26841,73.00594,ERA5,Asia/Kolkata,Open-Meteo Historical Weather API
RJ-Jodhpur,2022-04-09,33.9,41.6,26.7,0.0,0.0,0.0,21,9.12,0.065,0.158,0.208,35.8,33.5,26.26841,73.00594,ERA5,Asia/Kolkata,Open-Meteo Historical Weather API
RJ-Jodhpur,2022-04-10,32.9,41.3,24.9,0.0,0.0,0.0,25,8.51,0.064,0.157,0.208,34.9,33.2,26.26841,73.00594,ERA5,Asia/Kolkata,Open-Meteo Historical Weather API
RJ-Jodhpur,2022-04-11,33.3,40.4,26.6,0.0,0.0,0.0,26,9.19,0.064,0.157,0.207,35.4,33.3,26.26841,73.00594,ERA5,Asia/Kolkata,Open-Meteo Historical Weather API
RJ-Jodhpur,2022-04-12,32.2,38.2,26.2,0.0,0.0,0.0,24,10.04,0.064,0.157,0.207,34.6,33.2,26.26841,73.00594,ERA5,Asia/Kolkata,Open-Meteo Historical Weather API
RJ-Jodhpur,2022-04-13,31.8,38.4,26.1,0.0,0.0,0.0,31,7.96,0.064,0.157,0.207,34.9,33.0,26.26841,73.00594,ERA5,Asia/Kolkata,Open-Meteo Historical Weather API
RJ-Jodhpur,2022-04-14,33.7,40.8,26.2,0.0,0.0,0.0,29,9.1,0.065,0.158,0.207,35.7,33.3,26.26841,73.00594,ERA5,Asia/Kolkata,Open-Meteo Historical Weather API
RJ-Jodhpur,2022-04-15,34.0,41.1,27.6,0.0,0.0,0.0,26,9.91,0.065,0.157,0.207,36.1,33.8,26.26841,73.00594,ERA5,Asia/Kolkata,Open-Meteo Historical Weather API
RJ-Jodhpur,2022-04-16,34.0,41.4,27.3,0.0,0.0,0.0,30,9.31,0.064,0.158,0.207,36.1,33.8,26.26841,73.00594,ERA5,Asia/Kolkata,Open-Meteo Historical Weather API
RJ-Jodhpur,2022-04-17,34.6,41.2,29.1,0.0,0.0,0.0,31,9.75,0.064,0.158,0.207,36.6,34.1,26.26841,73.00594,ERA5,Asia/Kolkata,Open-Meteo Historical Weather API
RJ-Jodhpur,2022-04-18,34.3,40.9,28.5,0.0,0.0,0.0,30,9.22,0.067,0.158,0.207,36.7,34.4,26.26841,73.00594,ERA5,Asia/Kolkata,Open-Meteo Historical Weather API
RJ-Jodhpur,2022-04-19,34.7,41.1,28.9,0.0,0.0,0.0,28,9.3,0.066,0.157,0.207,37.0,34.4,26.26841,73.00594,ERA5,Asia/Kolkata,Open-Meteo Historical Weather API
RJ-Jodhpur,2022-04-20,34.6,40.6,28.6,0.0,0.0,0.0,25,8.75,0.066,0.157,0.207,37.0,34.7,26.26841,73.00594,ERA5,Asia/Kolkata,Open-Meteo Historical Weather API
RJ-Jodhpur,2022-04-21,33.7,39.4,28.7,0.0,0.0,0.0,28,8.39,0.065,0.158,0.207,36.6,34.9,26.26841,73.00594,ERA5,Asia/Kolkata,Open-Meteo Historical Weather API
RJ-Jodhpur,2022-04-22,32.8,39.5,26.4,0.0,0.0,0.0,24,8.33,0.067,0.158,0.207,35.9,34.5,26.26841,73.00594,ERA5,Asia/Kolkata,Open-Meteo Historical Weather API
RJ-Jodhpur,2022-04-23,33.0,40.7,24.5,0.0,0.0,0.0,22,6.98,0.067,0.158,0.207,36.2,34.1,26.26841,73.00594,ERA5,Asia/Kolkata,Open-Meteo Historical Weather API
RJ-Jodhpur,2022-04-24,34.2,41.8,26.7,0.0,0.0,0.0,21,7.86,0.066,0.158,0.207,36.4,34.4,26.26841,73.00594,ERA5,Asia/Kolkata,Open-Meteo Historical Weather API
RJ-Jodhpur,2022-04-25,35.0,41.8,28.7,0.0,0.0,0.0,20,9.0,0.064,0.157,0.206,37.2,34.8,26.26841,73.00594,ERA5,Asia/Kolkata,Open-Meteo Historical Weather API
RJ-Jodhpur,2022-04-26,35.3,42.2,29.0,0.0,0.0,0.0,24,8.91,0.064,0.156,0.206,37.8,35.2,26.26841,73.00594,ERA5,Asia/Kolkata,Open-Meteo Historical Weather API
RJ-Jodhpur,2022-04-27,36.5,43.0,30.3,0.0,0.0,0.0,22,9.09,0.062,0.155,0.205,38.7,35.7,26.26841,73.00594,ERA5,Asia/Kolkata,Open-Meteo Historical Weather API
RJ-Jodhpur,2022-04-28,36.6,43.3,30.3,0.0,0.0,0.0,19,10.19,0.062,0.154,0.204,38.7,36.1,26.26841,73.00594,ERA5,Asia/Kolkata,Open-Meteo Historical Weather API
RJ-Jodhpur,2022-04-29,35.3,41.8,28.8,0.0,0.0,0.0,24,9.56,0.062,0.154,0.203,37.8,35.9,26.26841,73.00594,ERA5,Asia/Kolkata,Open-Meteo Historical Weather API
RJ-Jodhpur,2022-04-30,35.9,42.6,30.6,0.0,0.0,0.0,31,8.72,0.063,0.154,0.204,38.5,35.9,26.26841,73.00594,ERA5,Asia/Kolkata,Open-Meteo Historical Weather API
RJ-Jodhpur,2022-05-01,36.8,44.0,31.5,0.0,0.0,0.0,30,10.0,0.063,0.155,0.204,39.0,36.2,26.26841,73.00594,ERA5,Asia/Kolkata,Open-Meteo Historical Weather API
RJ-Jodhpur,2022-05-02,36.3,41.8,31.2,0.0,0.0,0.0,28,12.03,0.063,0.155,0.204,38.5,36.5,26.26841,73.00594,ERA5,Asia/Kolkata,Open-Meteo Historical Weather API
RJ-Jodhpur,2022-05-03,34.4,39.0,29.1,0.0,0.0,0.0,29,10.62,0.061,0.154,0.203,37.2,35.8,26.26841,73.00594,ERA5,Asia/Kolkata,Open-Meteo Historical Weather API
RJ-Jodhpur,2022-05-04,34.4,39.6,29.4,0.0,0.0,0.0,34,9.68,0.061,0.155,0.204,37.5,35.6,26.26841,73.00594,ERA5,Asia/Kolkata,Open-Meteo Historical Weather API
RJ-Jodhpur,2022-05-05,34.6,40.8,29.0,0.0,0.0,0.0,31,8.65,0.062,0.155,0.204,37.5,35.6,26.26841,73.00594,ERA5,Asia/Kolkata,Open-Meteo Historical Weather API
RJ-Jodhpur,2022-05-06,34.9,40.5,29.4,0.2,0.2,2.0,31,7.37,0.065,0.156,0.204,38.4,36.2,26.26841,73.00594,ERA5,Asia/Kolkata,Open-Meteo Historical Weather API
RJ-Jodhpur,2022-05-07,36.3,42.5,29.8,0.0,0.0,0.0,25,9.28,0.064,0.156,0.204,39.1,36.6,26.26841,73.00594,ERA5,Asia/Kolkata,Open-Meteo Historical Weather API
RJ-Jodhpur,2022-05-08,37.1,43.8,30.5,0.0,0.0,0.0,22,9.38,0.063,0.155,0.204,40.0,37.1,26.26841,73.00594,ERA5,Asia/Kolkata,Open-Meteo Historical Weather API
RJ-Jodhpur,2022-05-09,37.7,43.9,32.0,0.0,0.0,0.0,21,10.37,0.062,0.154,0.203,40.2,37.4,26.26841,73.00594,ERA5,Asia/Kolkata,Open-Meteo Historical Weather API
RJ-Jodhpur,2022-05-10,38.0,44.9,31.6,0.0,0.0,0.0,21,9.81,0.061,0.154,0.202,40.3,37.6,26.26841,73.00594,ERA5,Asia/Kolkata,Open-Meteo Historical Weather API
RJ-Jodhpur,2022-05-11,38.3,45.0,32.6,0.0,0.0,0.0,21,9.3,0.062,0.153,0.202,41.0,37.9,26.26841,73.00594,ERA5,Asia/Kolkata,Open-Meteo Historical Weather API
RJ-Jodhpur,2022-05-12,38.6,45.3,32.8,0.0,0.0,0.0,20,10.09,0.063,0.152,0.201,41.2,38.3,26.26841,73.00594,ERA5,Asia/Kolkata,Open-Meteo Historical Weather API
RJ-Jodhpur,2022-05-13,38.5,45.5,32.0,0.0,0.0,0.0,24,11.58,0.062,0.152,0.2,40.8,38.4,26.26841,73.00594,ERA5,Asia/Kolkata,Open-Meteo Historical Weather API
RJ-Jodhpur,2022-05-14,38.0,44.7,31.9,0.0,0.0,0.0,31,10.75,0.061,0.152,0.2,40.7,38.3,26.26841,73.00594,ERA5,Asia/Kolkata,Open-Meteo Historical Weather API
RJ-Jodhpur,2022-05-15,37.2,43.0,32.5,0.0,0.0,0.0,27,12.04,0.06,0.152,0.2,40.0,38.1,26.26841,73.00594,ERA5,Asia/Kolkata,Open-Meteo Historical Weather API
RJ-Jodhpur,2022-05-16,34.9,41.1,29.4,0.0,0.0,0.0,34,10.67,0.059,0.152,0.2,38.5,37.4,26.26841,73.00594,ERA5,Asia/Kolkata,Open-Meteo Historical Weather API
RJ-Jodhpur,2022-05-17,34.9,39.8,30.6,0.0,0.0,0.0,30,9.54,0.06,0.153,0.2,38.8,37.0,26.26841,73.00594,ERA5,Asia/Kolkata,Open-Meteo Historical Weather API
RJ-Jodhpur,2022-05-18,35.8,41.9,29.6,0.0,0.0,0.0,34,7.95,0.061,0.153,0.2,39.7,37.0,26.26841,73.00594,ERA5,Asia/Kolkata,Open-Meteo Historical Weather API
RJ-Jodhpur,2022-05-19,37.8,44.3,31.1,0.0,0.0,0.0,27,8.9,0.062,0.152,0.199,40.9,38.0,26.26841,73.00594,ERA5,Asia/Kolkata,Open-Meteo Historical Weather API
RJ-Jodhpur,2022-05-20,37.9,43.6,32.7,0.0,0.0,0.0,25,12.08,0.061,0.152,0.199,40.3,38.5,26.26841,73.00594,ERA5,Asia/Kolkata,Open-Meteo Historical Weather API
RJ-Jodhpur,2022-05-21,34.7,41.5,29.4,0.0,0.0,0.0,40,10.55,0.061,0.151,0.198,38.2,37.5,26.26841,73.00594,ERA5,Asia/Kolkata,Open-Meteo Historical Weather API
RJ-Jodhpur,2022-05-22,34.2,39.6,29.4,0.0,0.0,0.0,52,9.53,0.065,0.153,0.199,37.6,36.7,26.26841,73.00594,ERA5,Asia/Kolkata,Open-Meteo Historical Weather API
RJ-Jodhpur,2022-05-23,33.2,38.4,28.8,0.3,0.3,1.0,52,9.1,0.071,0.155,0.2,36.7,36.2,26.26841,73.00594,ERA5,Asia/Kolkata,Open-Meteo Historical Weather API
RJ-Jodhpur,2022-05-24,33.4,39.8,27.8,0.0,0.0,0.0,46,9.29,0.069,0.157,0.202,37.0,36.1,26.26841,73.00594,ERA5,Asia/Kolkata,Open-Meteo Historical Weather API
RJ-Jodhpur,2022-05-25,35.5,41.0,30.4,0.0,0.0,0.0,39,9.28,0.067,0.156,0.202,38.7,36.6,26.26841,73.00594,ERA5,Asia/Kolkata,Open-Meteo Historical Weather API
RJ-Jodhpur,2022-05-26,35.4,40.2,31.8,0.0,0.0,0.0,39,9.96,0.065,0.156,0.202,38.8,37.0,26.26841,73.00594,ERA5,Asia/Kolkata,Open-Meteo Historical Weather API
RJ-Jodhpur,2022-05-27,34.0,39.0,29.2,0.0,0.0,0.0,49,9.51,0.064,0.155,0.201,37.7,36.7,26.26841,73.00594,ERA5,Asia/Kolkata,Open-Meteo Historical Weather API
RJ-Jodhpur,2022-05-28,33.9,39.1,28.5,0.0,0.0,0.0,51,9.49,0.063,0.155,0.201,37.5,36.3,26.26841,73.00594,ERA5,Asia/Kolkata,Open-Meteo Historical Weather API
RJ-Jodhpur,2022-05-29,34.4,39.0,29.8,0.0,0.0,0.0,50,9.96,0.063,0.155,0.201,37.8,36.3,26.26841,73.00594,ERA5,Asia/Kolkata,Open-Meteo Historical Weather API
RJ-Jodhpur,2022-05-30,34.8,40.1,29.9,0.0,0.0,0.0,48,9.54,0.063,0.155,0.202,38.1,36.4,26.26841,73.00594,ERA5,Asia/Kolkata,Open-Meteo Historical Weather API
RJ-Jodhpur,2022-05-31,35.3,40.3,30.4,0.0,0.0,0.0,44,9.33,0.063,0.155,0.201,38.8,36.7,26.26841,73.00594,ERA5,Asia/Kolkata,Open-Meteo Historical Weather API
RJ-Jodhpur,2022-06-01,36.0,42.2,31.2,0.0,0.0,0.0,35,10.0,0.062,0.155,0.201,39.0,37.0,26.26841,73.00594,ERA5,Asia/Kolkata,Open-Meteo Historical Weather API
RJ-Jodhpur,2022-06-02,36.3,41.7,31.8,0.0,0.0,0.0,36,9.18,0.063,0.155,0.201,39.3,37.2,26.26841,73.00594,ERA5,Asia/Kolkata,Open-Meteo Historical Weather API
RJ-Jodhpur,2022-06-03,36.9,42.7,32.0,0.0,0.0,0.0,32,10.64,0.063,0.155,0.201,39.5,37.4,26.26841,73.00594,ERA5,Asia/Kolkata,Open-Meteo Historical Weather API
RJ-Jodhpur,2022-06-04,36.1,42.1,30.9,0.0,0.0,0.0,29,10.87,0.061,0.154,0.201,39.1,37.4,26.26841,73.00594,ERA5,Asia/Kolkata,Open-Meteo Historical Weather API
RJ-Jodhpur,2022-06-05,35.8,41.6,30.2,0.0,0.0,0.0,32,10.98,0.06,0.153,0.2,38.7,37.2,26.26841,73.00594,ERA5,Asia/Kolkata,Open-Meteo Historical Weather API
RJ-Jodhpur,2022-06-06,35.6,42.0,29.7,0.0,0.0,0.0,36,10.49,0.059,0.153,0.2,38.6,36.9,26.26841,73.00594,ERA5,Asia/Kolkata,Open-Meteo Historical Weather API
RJ-Jodhpur,2022-06-07,35.8,41.7,30.2,0.0,0.0,0.0,33,11.59,0.058,0.152,0.199,38.8,37.0,26.26841,73.00594,ERA5,Asia/Kolkata,Open-Meteo Historical Weather API
RJ-Jodhpur,2022-06-08,35.0,40.8,29.2,0.0,0.0,0.0,40,10.96,0.057,0.152,0.199,38.0,36.7,26.26841,73.00594,ERA5,Asia/Kolkata,Open-Meteo Historical Weather API
RJ-Jodhpur,2022-06-09,34.7,40.3,29.1,0.0,0.0,0.0,43,10.43,0.054,0.152,0.198,37.9,36.6,26.26841,73.00594,ERA5,Asia/Kolkata,Open-Meteo Historical Weather API
RJ-Jodhpur,2022-06-10,34.9,41.1,29.1,0.0,0.0,0.0,41,10.11,0.055,0.151,0.197,38.0,36.5,26.26841,73.00594,ERA5,Asia/Kolkata,Open-Meteo Historical Weather API
RJ-Jodhpur,2022-06-11,35.1,40.5,30.3,0.0,0.0,0.0,43,9.64,0.051,0.15,0.196,38.5,36.7,26.26841,73.00594,ERA5,Asia/Kolkata,Open-Meteo Historical Weather API
RJ-Jodhpur,2022-06-12,34.3,39.4,30.0,0.1,0.1,1.0,47,8.71,0.052,0.151,0.196,38.6,37.2,26.26841,73.00594,ERA5,Asia/Kolkata,Open-Meteo Historical Weather API
RJ-Jodhpur,2022-06-13,31.8,38.8,26.7,5.9,5.9,4.0,62,5.85,0.061,0.15,0.195,37.7,37.1,26.26841,73.00594,ERA5,Asia/Kolkata,Open-Meteo Historical Weather API
RJ-Jodhpur,2022-06-14,29.0,32.0,26.1,26.9,26.9,16.0,83,3.41,0.314,0.167,0.193,32.1,34.3,26.26841,73.00594,ERA5,Asia/Kolkata,Open-Meteo Historical Weather API
RJ-Jodhpur,2022-06-15,32.1,35.6,28.7,0.0,0.0,0.0,68,6.52,0.277,0.185,0.193,32.9,32.7,26.26841,73.00594,ERA5,Asia/Kolkata,Open-Meteo Historical Weather API
RJ-Jodhpur,2022-06-16,32.4,36.5,29.3,0.0,0.0,0.0,61,7.52,0.206,0.186,0.192,33.0,32.7,26.26841,73.00594,ERA5,Asia/Kolkata,Open-Meteo Historical Weather API
RJ-Jodhpur,2022-06-17,32.2,36.9,28.6,0.0,0.0,0.0,59,7.58,0.151,0.185,0.193,33.0,32.7,26.26841,73.00594,ERA5,Asia/Kolkata,Open-Meteo Historical Weather API
RJ-Jodhpur,2022-06-18,32.0,36.2,28.5,0.0,0.0,0.0,60,6.48,0.122,0.186,0.193,32.9,32.9,26.26841,73.00594,ERA5,Asia/Kolkata,Open-Meteo Historical Weather API
RJ-Jodhpur,2022-06-19,32.0,36.2,29.0,0.3,0.3,3.0,59,6.56,0.109,0.186,0.194,34.0,33.2,26.26841,73.00594,ERA5,Asia/Kolkata,Open-Meteo Historical Weather API
RJ-Jodhpur,2022-06-20,32.7,37.6,29.1,0.0,0.0,0.0,54,7.31,0.094,0.185,0.195,34.9,33.9,26.26841,73.00594,ERA5,Asia/Kolkata,Open-Meteo Historical Weather API
RJ-Jodhpur,2022-06-21,30.9,34.6,27.6,0.2,0.2,2.0,55,5.77,0.093,0.186,0.196,33.3,33.9,26.26841,73.00594,ERA5,Asia/Kolkata,Open-Meteo Historical Weather API
RJ-Jodhpur,2022-06-22,31.4,37.7,24.6,1.9,1.9,3.0,54,6.36,0.1,0.185,0.197,34.4,33.6,26.26841,73.00594,ERA5,Asia/Kolkata,Open-Meteo Historical Weather API
RJ-Jodhpur,2022-06-23,34.0,39.1,28.6,0.0,0.0,0.0,48,7.44,0.088,0.183,0.196,37.3,35.0,26.26841,73.00594,ERA5,Asia/Kolkata,Open-Meteo Historical Weather API
RJ-Jodhpur,2022-06-24,35.0,40.7,28.8,0.0,0.0,0.0,40,7.05,0.081,0.18,0.195,39.2,36.2,26.26841,73.00594,ERA5,Asia/Kolkata,Open-Meteo Historical Weather API
RJ-Jodhpur,2022-06-25,36.1,42.5,30.0,0.0,0.0,0.0,34,8.33,0.077,0.178,0.195,38.7,36.8,26.26841,73.00594,ERA5,Asia/Kolkata,Open-Meteo Historical Weather API
RJ-Jodhpur,2022-06-26,37.9,44.3,32.6,0.0,0.0,0.0,32,8.37,0.073,0.177,0.195,40.2,37.3,26.26841,73.00594,ERA5,Asia/Kolkata,Open-Meteo Historical Weather API
RJ-Jodhpur,2022-06-27,36.0,40.7,32.0,0.0,0.0,0.0,45,8.43,0.074,0.177,0.196,39.3,37.7,26.26841,73.00594,ERA5,Asia/Kolkata,Open-Meteo Historical Weather API
RJ-Jodhpur,2022-06-28,35.6,40.1,32.9,0.0,0.0,0.0,51,8.83,0.073,0.177,0.198,39.2,37.8,26.26841,73.00594,ERA5,Asia/Kolkata,Open-Meteo Historical Weather API
RJ-Jodhpur,2022-06-29,35.1,39.7,32.0,0.0,0.0,0.0,51,9.36,0.073,0.176,0.198,38.5,37.4,26.26841,73.00594,ERA5,Asia/Kolkata,Open-Meteo Historical Weather API
RJ-Jodhpur,2022-06-30,33.8,37.5,30.4,0.0,0.0,0.0,53,7.74,0.073,0.176,0.198,37.2,36.9,26.26841,73.00594,ERA5,Asia/Kolkata,Open-Meteo Historical Weather API
RJ-Jodhpur,2022-07-01,31.9,35.0,28.7,0.7,0.7,7.0,64,5.31,0.081,0.175,0.199,35.6,36.2,26.26841,73.00594,ERA5,Asia/Kolkata,Open-Meteo Historical Weather API
RJ-Jodhpur,2022-07-02,28.7,31.4,27.4,11.0,11.0,19.0,86,2.6,0.159,0.176,0.199,32.1,34.0,26.26841,73.00594,ERA5,Asia/Kolkata,Open-Meteo Historical Weather API
RJ-Jodhpur,2022-07-03,28.5,30.9,27.0,51.5,51.5,17.0,88,2.38,0.389,0.302,0.201,30.8,32.0,26.26841,73.00594,ERA5,Asia/Kolkata,Open-Meteo Historical Weather API
RJ-Jodhpur,2022-07-04,30.9,34.9,26.3,3.2,3.2,15.0,78,4.49,0.373,0.357,0.205,32.2,31.5,26.26841,73.00594,ERA5,Asia/Kolkata,Open-Meteo Historical Weather API
RJ-Jodhpur,2022-07-05,32.2,36.1,28.5,15.5,15.5,10.0,74,4.98,0.352,0.351,0.208,33.5,32.3,26.26841,73.00594,ERA5,Asia/Kolkata,Open-Meteo Historical Weather API
RJ-Jodhpur,2022-07-06,32.0,38.1,27.2,2.4,2.4,3.0,74,5.64,0.384,0.377,0.211,33.1,32.6,26.26841,73.00594,ERA5,Asia/Kolkata,Open-Meteo Historical Weather API
RJ-Jodhpur,2022-07-07,31.0,35.2,28.2,17.0,17.0,15.0,80,4.42,0.377,0.366,0.214,33.1,32.5,26.26841,73.00594,ERA5,Asia/Kolkata,Open-Meteo Historical Weather API
RJ-Jodhpur,2022-07-08,29.5,32.1,27.0,13.6,13.6,13.0,86,3.13,0.41,0.388,0.219,31.9,32.1,26.26841,73.00594,ERA5,Asia/Kolkata,Open-Meteo Historical Weather API
RJ-Jodhpur,2022-07-09,30.3,34.1,27.4,0.4,0.4,3.0,78,4.51,0.377,0.384,0.226,31.5,31.4,26.26841,73.00594,ERA5,Asia/Kolkata,Open-Meteo Historical Weather API
RJ-Jodhpur,2022-07-10,29.2,31.4,27.5,1.5,1.5,11.0,80,3.3,0.351,0.367,0.229,30.9,30.9,26.26841,73.00594,ERA5,Asia/Kolkata,Open-Meteo Historical Weather API
RJ-Jodhpur,2022-07-11,30.6,35.2,27.3,1.6,1.6,16.0,79,4.7,0.335,0.355,0.231,31.7,30.7,26.26841,73.00594,ERA5,Asia/Kolkata,Open-Meteo Historical Weather API
RJ-Jodhpur,2022-07-12,30.8,34.6,27.3,0.3,0.3,3.0,77,5.01,0.308,0.343,0.231,32.1,31.2,26.26841,73.00594,ERA5,Asia/Kolkata,Open-Meteo Historical Weather API
RJ-Jodhpur,2022-07-13,30.1,32.5,27.8,3.6,3.6,12.0,79,3.77,0.308,0.333,0.232,31.9,31.2,26.26841,73.00594,ERA5,Asia/Kolkata,Open-Meteo Historical Weather API
RJ-Jodhpur,2022-07-14,29.9,33.3,26.7,6.5,6.5,9.0,80,4.54,0.308,0.327,0.233,32.1,31.4,26.26841,73.00594,ERA5,Asia/Kolkata,Open-Meteo Historical Weather API
RJ-Jodhpur,2022-07-15,28.8,32.5,26.3,6.7,6.7,7.0,82,4.22,0.333,0.33,0.235,30.3,31.1,26.26841,73.00594,ERA5,Asia/Kolkata,Open-Meteo Historical Weather API
RJ-Jodhpur,2022-07-16,29.1,32.3,26.4,4.0,4.0,12.0,83,3.61,0.345,0.331,0.237,30.1,30.4,26.26841,73.00594,ERA5,Asia/Kolkata,Open-Meteo Historical Weather API
RJ-Jodhpur,2022-07-17,29.9,33.1,27.5,2.4,2.4,11.0,78,4.7,0.321,0.33,0.238,31.1,30.4,26.26841,73.00594,ERA5,Asia/Kolkata,Open-Meteo Historical Weather API
RJ-Jodhpur,2022-07-18,29.8,33.0,27.5,5.6,5.6,19.0,83,4.16,0.324,0.326,0.24,31.4,30.9,26.26841,73.00594,ERA5,Asia/Kolkata,Open-Meteo Historical Weather API
RJ-Jodhpur,2022-07-19,30.5,34.9,27.9,4.5,4.5,20.0,83,4.06,0.342,0.325,0.241,32.0,31.1,26.26841,73.00594,ERA5,Asia/Kolkata,Open-Meteo Historical Weather API
RJ-Jodhpur,2022-07-20,30.4,33.3,27.8,0.5,0.5,3.0,77,4.53,0.327,0.323,0.241,31.1,30.7,26.26841,73.00594,ERA5,Asia/Kolkata,Open-Meteo Historical Weather API
RJ-Jodhpur,2022-07-21,29.9,33.2,27.5,0.6,0.6,5.0,77,4.32,0.286,0.317,0.241,30.3,30.1,26.26841,73.00594,ERA5,Asia/Kolkata,Open-Meteo Historical Weather API
RJ-Jodhpur,2022-07-22,29.7,32.8,27.1,0.6,0.6,6.0,77,4.71,0.258,0.309,0.241,30.5,29.9,26.26841,73.00594,ERA5,Asia/Kolkata,Open-Meteo Historical Weather API
RJ-Jodhpur,2022-07-23,28.0,30.5,26.3,12.6,12.6,17.0,88,2.44,0.27,0.303,0.241,29.6,29.7,26.26841,73.00594,ERA5,Asia/Kolkata,Open-Meteo Historical Weather API
RJ-Jodhpur,2022-07-24,28.7,32.2,26.1,27.1,27.1,17.0,86,3.31,0.409,0.384,0.247,29.6,29.4,26.26841,73.00594,ERA5,Asia/Kolkata,Open-Meteo Historical Weather API
RJ-Jodhpur,2022-07-25,28.5,31.2,26.4,6.5,6.5,12.0,84,3.46,0.382,0.382,0.254,29.5,29.4,26.26841,73.00594,ERA5,Asia/Kolkata,Open-Meteo Historical Weather API
RJ-Jodhpur,2022-07-26,26.8,28.7,25.7,112.9,112.9,19.0,91,2.08,0.427,0.424,0.292,28.4,28.8,26.26841,73.00594,ERA5,Asia/Kolkata,Open-Meteo Historical Weather API
RJ-Jodhpur,2022-07-27,27.3,31.0,26.0,8.2,8.2,21.0,89,2.21,0.408,0.406,0.313,28.0,28.2,26.26841,73.00594,ERA5,Asia/Kolkata,Open-Meteo Historical Weather API
RJ-Jodhpur,2022-07-28,28.3,31.4,26.0,1.0,1.0,8.0,83,3.8,0.396,0.404,0.319,28.5,28.2,26.26841,73.00594,ERA5,Asia/Kolkata,Open-Meteo Historical Weather API
RJ-Jodhpur,2022-07-29,29.3,32.7,26.6,0.1,0.1,1.0,77,4.71,0.36,0.386,0.323,29.3,28.7,26.26841,73.00594,ERA5,Asia/Kolkata,Open-Meteo Historical Weather API
RJ-Jodhpur,2022-07-30,29.2,32.2,27.1,0.8,0.8,7.0,77,4.31,0.336,0.371,0.324,29.4,28.7,26.26841,73.00594,ERA5,Asia/Kolkata,Open-Meteo Historical Weather API
RJ-Jodhpur,2022-07-31,28.2,31.0,26.1,5.0,5.0,18.0,84,3.31,0.346,0.361,0.324,28.7,28.5,26.26841,73.00594,ERA5,Asia/Kolkata,Open-Meteo Historical Weather API
RJ-Jodhpur,2022-08-01,28.3,31.1,26.4,3.1,3.1,18.0,84,3.6,0.347,0.356,0.324,28.8,28.4,26.26841,73.00594,ERA5,Asia/Kolkata,Open-Meteo Historical Weather API
RJ-Jodhpur,2022-08-02,29.4,32.9,27.1,1.9,1.9,13.0,81,3.93,0.338,0.352,0.324,29.4,28.7,26.26841,73.00594,ERA5,Asia/Kolkata,Open-Meteo Historical Weather API
RJ-Jodhpur,2022-08-03,30.1,33.4,27.1,0.9,0.9,5.0,78,4.42,0.315,0.346,0.323,30.5,29.3,26.26841,73.00594,ERA5,Asia/Kolkata,Open-Meteo Historical Weather API
RJ-Jodhpur,2022-08-04,29.4,33.0,26.8,13.1,13.1,18.0,83,3.92,0.363,0.348,0.322,31.0,30.0,26.26841,73.00594,ERA5,Asia/Kolkata,Open-Meteo Historical Weather API
RJ-Jodhpur,2022-08-05,28.3,32.4,26.6,4.7,4.7,19.0,87,3.01,0.392,0.364,0.323,30.0,29.9,26.26841,73.00594,ERA5,Asia/Kolkata,Open-Meteo Historical Weather API
RJ-Jodhpur,2022-08-06,29.8,33.7,26.1,1.3,1.3,6.0,82,4.31,0.369,0.367,0.324,30.9,30.0,26.26841,73.00594,ERA5,Asia/Kolkata,Open-Meteo Historical Weather API
RJ-Jodhpur,2022-08-07,30.1,34.5,27.4,1.1,1.1,7.0,82,4.37,0.339,0.359,0.323,31.5,30.6,26.26841,73.00594,ERA5,Asia/Kolkata,Open-Meteo Historical Weather API
RJ-Jodhpur,2022-08-08,29.7,32.8,26.4,13.2,13.2,15.0,83,4.02,0.388,0.369,0.325,31.2,30.6,26.26841,73.00594,ERA5,Asia/Kolkata,Open-Meteo Historical Weather API
RJ-Jodhpur,2022-08-09,30.9,34.5,27.8,0.6,0.6,5.0,78,4.96,0.366,0.372,0.326,31.2,30.7,26.26841,73.00594,ERA5,Asia/Kolkata,Open-Meteo Historical Weather API
RJ-Jodhpur,2022-08-10,31.6,35.4,28.0,0.8,0.8,7.0,76,5.04,0.351,0.365,0.327,31.6,30.7,26.26841,73.00594,ERA5,Asia/Kolkata,Open-Meteo Historical Weather API
RJ-Jodhpur,2022-08-11,30.5,32.5,29.0,3.8,3.8,5.0,74,4.34,0.333,0.357,0.326,30.6,30.4,26.26841,73.00594,ERA5,Asia/Kolkata,Open-Meteo Historical Weather API
RJ-Jodhpur,2022-08-12,28.9,30.7,26.8,16.6,16.6,12.0,83,3.01,0.358,0.354,0.329,29.8,29.6,26.26841,73.00594,ERA5,Asia/Kolkata,Open-Meteo Historical Weather API
RJ-Jodhpur,2022-08-13,26.2,26.8,25.4,17.7,17.7,21.0,95,1.1,0.418,0.401,0.331,28.0,28.8,26.26841,73.00594,ERA5,Asia/Kolkata,Open-Meteo Historical Weather API
RJ-Jodhpur,2022-08-14,27.9,31.0,25.4,0.7,0.7,6.0,83,3.98,0.397,0.408,0.34,28.5,28.2,26.26841,73.00594,ERA5,Asia/Kolkata,Open-Meteo Historical Weather API
RJ-Jodhpur,2022-08-15,28.2,30.6,26.1,9.3,9.3,12.0,85,2.2,0.395,0.395,0.343,28.8,28.5,26.26841,73.00594,ERA5,Asia/Kolkata,Open-Meteo Historical Weather API
RJ-Jodhpur,2022-08-16,27.9,30.7,26.4,7.1,7.1,17.0,87,2.33,0.417,0.411,0.347,28.7,28.6,26.26841,73.00594,ERA5,Asia/Kolkata,Open-Meteo Historical Weather API
RJ-Jodhpur,2022-08-17,26.4,27.3,25.8,10.2,10.2,18.0,93,0.9,0.418,0.414,0.353,27.1,27.7,26.26841,73.00594,ERA5,Asia/Kolkata,Open-Meteo Historical Weather API
RJ-Jodhpur,2022-08-18,26.9,29.7,25.1,3.9,3.9,11.0,88,2.62,0.405,0.41,0.36,27.2,27.3,26.26841,73.00594,ERA5,Asia/Kolkata,Open-Meteo Historical Weather API
RJ-Jodhpur,2022-08-19,28.3,31.8,25.3,0.6,0.6,5.0,84,4.04,0.382,0.398,0.363,28.6,27.8,26.26841,73.00594,ERA5,Asia/Kolkata,Open-Meteo Historical Weather API
RJ-Jodhpur,2022-08-20,28.2,30.6,26.3,0.8,0.8,8.0,83,3.52,0.362,0.385,0.363,28.8,28.3,26.26841,73.00594,ERA5,Asia/Kolkata,Open-Meteo Historical Weather API
RJ-Jodhpur,2022-08-21,28.5,31.9,25.4,0.3,0.3,3.0,80,4.09,0.348,0.376,0.363,29.0,28.3,26.26841,73.00594,ERA5,Asia/Kolkata,Open-Meteo Historical Weather API
RJ-Jodhpur,2022-08-22,27.8,30.8,25.4,2.1,2.1,6.0,83,3.23,0.337,0.367,0.362,28.7,28.3,26.26841,73.00594,ERA5,Asia/Kolkata,Open-Meteo Historical Weather API
RJ-Jodhpur,2022-08-23,27.3,30.5,25.6,14.8,14.8,18.0,86,2.74,0.402,0.389,0.361,28.0,28.1,26.26841,73.00594,ERA5,Asia/Kolkata,Open-Meteo Historical Weather API
RJ-Jodhpur,2022-08-24,25.8,26.9,24.8,3.3,3.3,13.0,93,1.04,0.399,0.395,0.362,26.4,27.2,26.26841,73.00594,ERA5,Asia/Kolkata,Open-Meteo Historical Weather API
RJ-Jodhpur,2022-08-25,26.9,30.5,24.8,3.9,3.9,8.0,84,3.47,0.394,0.397,0.364,27.3,26.9,26.26841,73.00594,ERA5,Asia/Kolkata,Open-Meteo Historical Weather API
RJ-Jodhpur,2022-08-26,27.6,30.9,24.9,0.6,0.6,4.0,81,4.39,0.364,0.388,0.365,28.1,27.3,26.26841,73.00594,ERA5,Asia/Kolkata,Open-Meteo Historical Weather API
RJ-Jodhpur,2022-08-27,27.9,31.6,24.1,0.2,0.2,2.0,78,4.25,0.341,0.376,0.364,28.2,27.4,26.26841,73.00594,ERA5,Asia/Kolkata,Open-Meteo Historical Weather API
RJ-Jodhpur,2022-08-28,27.8,31.2,24.4,0.5,0.5,5.0,78,4.06,0.324,0.365,0.363,28.2,27.4,26.26841,73.00594,ERA5,Asia/Kolkata,Open-Meteo Historical Weather API
RJ-Jodhpur,2022-08-29,28.2,32.0,24.9,1.8,1.8,7.0,81,3.62,0.319,0.356,0.362,28.7,27.6,26.26841,73.00594,ERA5,Asia/Kolkata,Open-Meteo Historical Weather API
RJ-Jodhpur,2022-08-30,29.8,33.4,26.5,0.4,0.4,4.0,77,4.6,0.31,0.349,0.36,30.3,28.6,26.26841,73.00594,ERA5,Asia/Kolkata,Open-Meteo Historical Weather API
RJ-Jodhpur,2022-08-31,30.2,34.5,26.4,0.6,0.6,2.0,77,4.83,0.291,0.341,0.359,30.6,29.3,26.26841,73.00594,ERA5,Asia/Kolkata,Open-Meteo Historical Weather API
RJ-Jodhpur,2022-09-01,29.6,33.3,26.8,0.0,0.0,0.0,78,5.03,0.267,0.332,0.357,30.6,29.5,26.26841,73.00594,ERA5,Asia/Kolkata,Open-Meteo Historical Weather API
RJ-Jodhpur,2022-09-02,29.4,33.3,26.0,0.0,0.0,0.0,78,4.47,0.244,0.323,0.355,30.2,29.4,26.26841,73.00594,ERA5,Asia/Kolkata,Open-Meteo Historical Weather API
RJ-Jodhpur,2022-09-03,29.7,33.7,26.5,0.0,0.0,0.0,76,5.38,0.223,0.314,0.353,30.4,29.5,26.26841,73.00594,ERA5,Asia/Kolkata,Open-Meteo Historical Weather API
RJ-Jodhpur,2022-09-04,28.5,31.3,26.2,0.0,0.0,0.0,77,4.15,0.204,0.306,0.352,29.2,29.0,26.26841,73.00594,ERA5,Asia/Kolkata,Open-Meteo Historical Weather API
RJ-Jodhpur,2022-09-05,28.3,31.3,25.8,0.6,0.6,5.0,75,4.24,0.194,0.298,0.35,29.0,28.5,26.26841,73.00594,ERA5,Asia/Kolkata,Open-Meteo Historical Weather API
RJ-Jodhpur,2022-09-06,28.5,32.2,25.0,1.0,1.0,6.0,76,4.01,0.186,0.291,0.348,29.4,28.5,26.26841,73.00594,ERA5,Asia/Kolkata,Open-Meteo Historical Weather API
RJ-Jodhpur,2022-09-07,29.6,34.6,24.8,0.0,0.0,0.0,73,4.8,0.175,0.285,0.346,30.5,29.1,26.26841,73.00594,ERA5,Asia/Kolkata,Open-Meteo Historical Weather API
RJ-Jodhpur,2022-09-08,30.8,36.5,26.3,0.0,0.0,0.0,69,5.43,0.154,0.279,0.344,31.3,29.8,26.26841,73.00594,ERA5,Asia/Kolkata,Open-Meteo Historical Weather API
RJ-Jodhpur,2022-09-09,31.5,36.9,26.7,0.0,0.0,0.0,69,5.45,0.134,0.273,0.341,31.9,30.4,26.26841,73.00594,ERA5,Asia/Kolkata,Open-Meteo Historical Weather API
RJ-Jodhpur,2022-09-10,31.5,37.1,27.5,0.0,0.0,0.0,69,5.37,0.118,0.267,0.339,32.7,31.1,26.26841,73.00594,ERA5,Asia/Kolkata,Open-Meteo Historical Weather API
RJ-Jodhpur,2022-09-11,29.9,33.9,26.9,2.8,2.8,7.0,78,4.42,0.122,0.262,0.337,32.3,31.6,26.26841,73.00594,ERA5,Asia/Kolkata,Open-Meteo Historical Weather API
RJ-Jodhpur,2022-09-12,30.3,35.8,26.3,0.3,0.3,1.0,73,5.2,0.13,0.259,0.336,32.0,31.4,26.26841,73.00594,ERA5,Asia/Kolkata,Open-Meteo Historical Weather API
RJ-Jodhpur,2022-09-13,30.5,34.9,27.3,0.1,0.1,1.0,71,4.96,0.12,0.256,0.334,32.2,31.4,26.26841,73.00594,ERA5,Asia/Kolkata,Open-Meteo Historical Weather API
RJ-Jodhpur,2022-09-14,30.3,34.8,27.4,3.5,3.5,4.0,72,4.74,0.123,0.253,0.332,32.6,31.5,26.26841,73.00594,ERA5,Asia/Kolkata,Open-Meteo Historical Weather API
RJ-Jodhpur,2022-09-15,30.4,34.9,26.6,0.0,0.0,0.0,73,4.81,0.137,0.25,0.331,32.2,31.5,26.26841,73.00594,ERA5,Asia/Kolkata,Open-Meteo Historical Weather API
RJ-Jodhpur,2022-09-16,29.7,33.9,26.8,0.0,0.0,0.0,72,5.71,0.122,0.248,0.33,31.7,31.3,26.26841,73.00594,ERA5,Asia/Kolkata,Open-Meteo Historical Weather API
RJ-Jodhpur,2022-09-17,28.6,32.8,25.6,0.1,0.1,1.0,72,5.17,0.108,0.245,0.328,30.9,30.7,26.26841,73.00594,ERA5,Asia/Kolkata,Open-Meteo Historical Weather API
RJ-Jodhpur,2022-09-18,29.1,33.8,24.6,0.0,0.0,0.0,69,5.09,0.099,0.242,0.326,31.6,30.5,26.26841,73.00594,ERA5,Asia/Kolkata,Open-Meteo Historical Weather API
RJ-Jodhpur,2022-09-19,29.9,35.6,25.1,0.0,0.0,0.0,62,5.78,0.091,0.239,0.324,32.3,31.1,26.26841,73.00594,ERA5,Asia/Kolkata,Open-Meteo Historical Weather API
RJ-Jodhpur,2022-09-20,30.2,35.0,25.9,0.0,0.0,0.0,61,6.06,0.086,0.236,0.322,32.9,31.6,26.26841,73.00594,ERA5,Asia/Kolkata,Open-Meteo Historical Weather API
RJ-Jodhpur,2022-09-21,30.6,36.3,26.0,0.0,0.0,0.0,58,6.31,0.084,0.234,0.321,32.8,31.8,26.26841,73.00594,ERA5,Asia/Kolkata,Open-Meteo Historical Weather API
RJ-Jodhpur,2022-09-22,31.2,37.0,26.7,0.0,0.0,0.0,55,6.02,0.082,0.231,0.319,33.1,32.0,26.26841,73.00594,ERA5,Asia/Kolkata,Open-Meteo Historical Weather API
RJ-Jodhpur,2022-09-23,31.0,36.4,27.4,0.0,0.0,0.0,56,5.91,0.082,0.23,0.318,33.0,32.2,26.26841,73.00594,ERA5,Asia/Kolkata,Open-Meteo Historical Weather API
RJ-Jodhpur,2022-09-24,30.0,35.1,26.9,0.0,0.0,0.0,61,6.78,0.081,0.228,0.317,32.8,32.1,26.26841,73.00594,ERA5,Asia/Kolkata,Open-Meteo Historical Weather API
RJ-Jodhpur,2022-09-25,28.8,33.2,25.5,0.0,0.0,0.0,65,5.76,0.083,0.226,0.316,31.7,31.6,26.26841,73.00594,ERA5,Asia/Kolkata,Open-Meteo Historical Weather API
RJ-Jodhpur,2022-09-26,29.0,33.6,24.4,0.0,0.0,0.0,65,4.75,0.082,0.225,0.314,32.0,31.2,26.26841,73.00594,ERA5,Asia/Kolkata,Open-Meteo Historical Weather API
RJ-Jodhpur,2022-09-27,29.7,35.4,24.9,0.1,0.1,1.0,60,5.19,0.078,0.223,0.312,32.8,31.7,26.26841,73.00594,ERA5,Asia/Kolkata,Open-Meteo Historical Weather API
RJ-Jodhpur,2022-09-28,30.0,35.5,25.2,0.0,0.0,0.0,59,5.19,0.076,0.22,0.311,33.0,32.1,26.26841,73.00594,ERA5,Asia/Kolkata,Open-Meteo Historical Weather API
RJ-Jodhpur,2022-09-29,30.4,36.0,25.8,0.0,0.0,0.0,59,5.26,0.074,0.218,0.309,33.5,32.3,26.26841,73.00594,ERA5,Asia/Kolkata,Open-Meteo Historical Weather API
RJ-Jodhpur,2022-09-30,30.8,36.3,26.6,0.1,0.1,1.0,54,5.53,0.072,0.215,0.307,33.6,32.7,26.26841,73.00594,ERA5,Asia/Kolkata,Open-Meteo Historical Weather API
RJ-Jodhpur,2022-10-01,30.6,36.0,26.0,0.0,0.0,0.0,50,6.02,0.071,0.214,0.305,32.9,32.5,26.26841,73.00594,ERA5,Asia/Kolkata,Open-Meteo Historical Weather API
RJ-Jodhpur,2022-10-02,29.8,35.2,25.7,0.0,0.0,0.0,54,6.1,0.07,0.212,0.303,32.7,32.2,26.26841,73.00594,ERA5,Asia/Kolkata,Open-Meteo Historical Weather API
RJ-Jodhpur,2022-10-03,29.6,35.6,25.1,0.0,0.0,0.0,55,5.49,0.073,0.211,0.302,32.7,32.0,26.26841,73.00594,ERA5,Asia/Kolkata,Open-Meteo Historical Weather API
RJ-Jodhpur,2022-10-04,30.4,36.7,25.6,0.0,0.0,0.0,50,5.44,0.07,0.21,0.301,33.2,32.1,26.26841,73.00594,ERA5,Asia/Kolkata,Open-Meteo Historical Weather API
RJ-Jodhpur,2022-10-05,30.3,37.6,23.5,0.0,0.0,0.0,39,6.22,0.07,0.208,0.299,32.4,32.1,26.26841,73.00594,ERA5,Asia/Kolkata,Open-Meteo Historical Weather API
RJ-Jodhpur,2022-10-06,29.6,36.4,23.2,0.0,0.0,0.0,44,5.67,0.07,0.207,0.298,32.2,31.9,26.26841,73.00594,ERA5,Asia/Kolkata,Open-Meteo Historical Weather API
RJ-Jodhpur,2022-10-07,29.8,35.6,25.9,0.0,0.0,0.0,55,5.55,0.073,0.206,0.297,32.2,32.0,26.26841,73.00594,ERA5,Asia/Kolkata,Open-Meteo Historical Weather API
RJ-Jodhpur,2022-10-08,27.5,32.0,25.0,1.8,1.8,8.0,71,3.74,0.083,0.205,0.296,30.3,31.2,26.26841,73.00594,ERA5,Asia/Kolkata,Open-Meteo Historical Weather API
RJ-Jodhpur,2022-10-09,27.7,31.2,24.5,0.8,0.8,8.0,73,3.63,0.09,0.205,0.294,30.3,30.6,26.26841,73.00594,ERA5,Asia/Kolkata,Open-Meteo Historical Weather API
RJ-Jodhpur,2022-10-10,28.3,33.3,24.0,0.0,0.0,0.0,68,4.16,0.087,0.205,0.294,31.1,30.7,26.26841,73.00594,ERA5,Asia/Kolkata,Open-Meteo Historical Weather API
RJ-Jodhpur,2022-10-11,28.3,35.5,22.5,0.0,0.0,0.0,56,5.18,0.081,0.204,0.293,31.2,30.8,26.26841,73.00594,ERA5,Asia/Kolkata,Open-Meteo Historical Weather API
RJ-Jodhpur,2022-10-12,28.7,36.0,22.6,0.0,0.0,0.0,48,4.97,0.076,0.203,0.291,31.1,30.8,26.26841,73.00594,ERA5,Asia/Kolkata,Open-Meteo Historical Weather API
RJ-Jodhpur,2022-10-13,28.6,36.3,22.1,0.0,0.0,0.0,41,5.57,0.075,0.201,0.289,31.1,31.0,26.26841,73.00594,ERA5,Asia/Kolkata,Open-Meteo Historical Weather API
RJ-Jodhpur,2022-10-14,28.2,36.2,21.5,0.0,0.0,0.0,42,5.16,0.074,0.199,0.287,30.8,30.9,26.26841,73.00594,ERA5,Asia/Kolkata,Open-Meteo Historical Weather API
RJ-Jodhpur,2022-10-15,27.3,35.7,20.7,0.0,0.0,0.0,45,5.06,0.075,0.198,0.285,30.1,30.6,26.26841,73.00594,ERA5,Asia/Kolkata,Open-Meteo Historical Weather API
RJ-Jodhpur,2022-10-16,26.9,35.4,18.8,0.0,0.0,0.0,45,5.38,0.072,0.196,0.284,29.4,30.1,26.26841,73.00594,ERA5,Asia/Kolkata,Open-Meteo Historical Weather API
RJ-Jodhpur,2022-10-17,26.6,35.4,19.0,0.0,0.0,0.0,43,5.47,0.073,0.193,0.281,29.2,29.9,26.26841,73.00594,ERA5,Asia/Kolkata,Open-Meteo Historical Weather API
RJ-Jodhpur,2022-10-18,26.9,35.2,20.0,0.0,0.0,0.0,43,4.85,0.07,0.192,0.279,29.3,29.8,26.26841,73.00594,ERA5,Asia/Kolkata,Open-Meteo Historical Weather API
RJ-Jodhpur,2022-10-19,27.0,35.5,19.3,0.0,0.0,0.0,41,4.85,0.07,0.192,0.279,29.2,29.7,26.26841,73.00594,ERA5,Asia/Kolkata,Open-Meteo Historical Weather API
RJ-Jodhpur,2022-10-20,27.0,35.2,19.8,0.0,0.0,0.0,42,5.05,0.075,0.192,0.278,28.9,29.6,26.26841,73.00594,ERA5,Asia/Kolkata,Open-Meteo Historical Weather API
RJ-Jodhpur,2022-10-21,26.6,35.3,19.9,0.0,0.0,0.0,43,5.27,0.077,0.192,0.277,28.8,29.4,26.26841,73.00594,ERA5,Asia/Kolkata,Open-Meteo Historical Weather API
RJ-Jodhpur,2022-10-22,26.3,35.0,19.3,0.0,0.0,0.0,39,4.87,0.076,0.192,0.276,28.4,29.0,26.26841,73.00594,ERA5,Asia/Kolkata,Open-Meteo Historical Weather API
RJ-Jodhpur,2022-10-23,26.0,34.9,18.5,0.0,0.0,0.0,40,4.94,0.076,0.191,0.275,27.9,28.8,26.26841,73.00594,ERA5,Asia/Kolkata,Open-Meteo Historical Weather API
RJ-Jodhpur,2022-10-24,25.8,34.4,17.9,0.0,0.0,0.0,40,4.64,0.072,0.191,0.274,27.9,28.6,26.26841,73.00594,ERA5,Asia/Kolkata,Open-Meteo Historical Weather API
RJ-Jodhpur,2022-10-25,25.6,34.7,17.9,0.0,0.0,0.0,43,5.73,0.072,0.19,0.274,27.3,28.3,26.26841,73.00594,ERA5,Asia/Kolkata,Open-Meteo Historical Weather API
RJ-Jodhpur,2022-10-26,26.2,34.5,19.9,0.0,0.0,0.0,47,5.32,0.072,0.19,0.273,28.0,28.3,26.26841,73.00594,ERA5,Asia/Kolkata,Open-Meteo Historical Weather API
RJ-Jodhpur,2022-10-27,26.7,34.7,20.3,0.0,0.0,0.0,47,5.25,0.074,0.191,0.273,28.3,28.5,26.26841,73.00594,ERA5,Asia/Kolkata,Open-Meteo Historical Weather API
RJ-Jodhpur,2022-10-28,27.0,34.7,21.1,0.0,0.0,0.0,45,5.01,0.074,0.191,0.273,28.9,28.8,26.26841,73.00594,ERA5,Asia/Kolkata,Open-Meteo Historical Weather API
RJ-Jodhpur,2022-10-29,26.9,34.1,21.8,0.0,0.0,0.0,42,4.35,0.074,0.19,0.272,29.1,29.2,26.26841,73.00594,ERA5,Asia/Kolkata,Open-Meteo Historical Weather API
RJ-Jodhpur,2022-10-30,26.0,34.4,19.8,0.0,0.0,0.0,43,4.37,0.074,0.19,0.272,28.5,29.2,26.26841,73.00594,ERA5,Asia/Kolkata,Open-Meteo Historical Weather API
RJ-Jodhpur,2022-10-31,25.4,34.4,17.4,0.0,0.0,0.0,45,4.53,0.073,0.189,0.271,27.6,28.6,26.26841,73.00594,ERA5,Asia/Kolkata,Open-Meteo Historical Weather API
RJ-Jodhpur,2022-11-01,25.8,34.7,19.3,0.0,0.0,0.0,42,4.7,0.072,0.189,0.27,27.5,28.4,26.26841,73.00594,ERA5,Asia/Kolkata,Open-Meteo Historical Weather API
RJ-Jodhpur,2022-11-02,26.3,35.3,19.2,0.0,0.0,0.0,43,4.74,0.072,0.189,0.27,27.6,28.4,26.26841,73.00594,ERA5,Asia/Kolkata,Open-Meteo Historical Weather API
RJ-Jodhpur,2022-11-03,26.1,35.6,18.9,0.0,0.0,0.0,46,5.25,0.073,0.189,0.269,27.5,28.2,26.26841,73.00594,ERA5,Asia/Kolkata,Open-Meteo Historical Weather API
RJ-Jodhpur,2022-11-04,26.4,36.7,19.0,0.0,0.0,0.0,42,5.59,0.074,0.189,0.269,27.7,28.2,26.26841,73.00594,ERA5,Asia/Kolkata,Open-Meteo Historical Weather API
RJ-Jodhpur,2022-11-05,26.1,35.9,18.6,0.0,0.0,0.0,44,5.15,0.073,0.188,0.268,27.7,28.2,26.26841,73.00594,ERA5,Asia/Kolkata,Open-Meteo Historical Weather API
RJ-Jodhpur,2022-11-06,25.8,34.5,18.1,0.0,0.0,0.0,47,4.35,0.074,0.189,0.269,27.6,28.3,26.26841,73.00594,ERA5,Asia/Kolkata,Open-Meteo Historical Weather API
RJ-Jodhpur,2022-11-07,26.2,33.0,20.7,0.0,0.0,0.0,47,3.57,0.077,0.191,0.269,27.8,28.4,26.26841,73.00594,ERA5,Asia/Kolkata,Open-Meteo Historical Weather API
RJ-Jodhpur,2022-11-08,25.2,32.3,20.2,0.0,0.0,0.0,48,4.35,0.078,0.191,0.27,27.4,28.3,26.26841,73.00594,ERA5,Asia/Kolkata,Open-Meteo Historical Weather API
RJ-Jodhpur,2022-11-09,23.9,32.2,17.9,0.0,0.0,0.0,55,4.35,0.084,0.193,0.271,26.3,27.6,26.26841,73.00594,ERA5,Asia/Kolkata,Open-Meteo Historical Weather API
RJ-Jodhpur,2022-11-10,24.0,31.6,18.3,0.0,0.0,0.0,53,3.88,0.086,0.195,0.272,26.1,27.1,26.26841,73.00594,ERA5,Asia/Kolkata,Open-Meteo Historical Weather API
RJ-Jodhpur,2022-11-11,23.5,31.0,18.7,0.0,0.0,0.0,53,4.37,0.088,0.196,0.272,25.7,26.9,26.26841,73.00594,ERA5,Asia/Kolkata,Open-Meteo Historical Weather API
RJ-Jodhpur,2022-11-12,22.5,30.8,16.1,0.0,0.0,0.0,50,3.97,0.085,0.196,0.272,24.7,26.2,26.26841,73.00594,ERA5,Asia/Kolkata,Open-Meteo Historical Weather API
RJ-Jodhpur,2022-11-13,22.1,31.4,13.9,0.0,0.0,0.0,52,3.82,0.086,0.196,0.272,23.7,25.6,26.26841,73.00594,ERA5,Asia/Kolkata,Open-Meteo Historical Weather API
RJ-Jodhpur,2022-11-14,22.0,30.9,14.9,0.0,0.0,0.0,55,4.19,0.089,0.197,0.272,23.7,25.3,26.26841,73.00594,ERA5,Asia/Kolkata,Open-Meteo Historical Weather API
RJ-Jodhpur,2022-11-15,22.7,29.5,17.4,0.0,0.0,0.0,59,3.9,0.091,0.198,0.273,24.4,25.3,26.26841,73.00594,ERA5,Asia/Kolkata,Open-Meteo Historical Weather API
RJ-Jodhpur,2022-11-16,21.5,29.0,16.2,0.0,0.0,0.0,57,3.74,0.086,0.198,0.273,24.1,25.3,26.26841,73.00594,ERA5,Asia/Kolkata,Open-Meteo Historical Weather API
RJ-Jodhpur,2022-11-17,20.9,29.2,13.9,0.0,0.0,0.0,52,3.6,0.086,0.197,0.273,23.3,24.7,26.26841,73.00594,ERA5,Asia/Kolkata,Open-Meteo Historical Weather API
RJ-Jodhpur,2022-11-18,21.1,29.8,13.5,0.0,0.0,0.0,49,3.76,0.081,0.196,0.271,22.8,24.3,26.26841,73.00594,ERA5,Asia/Kolkata,Open-Meteo Historical Weather API
RJ-Jodhpur,2022-11-19,21.6,30.3,14.6,0.0,0.0,0.0,51,3.77,0.079,0.195,0.27,23.5,24.5,26.26841,73.00594,ERA5,Asia/Kolkata,Open-Meteo Historical Weather API
RJ-Jodhpur,2022-11-20,21.3,29.8,14.4,0.0,0.0,0.0,51,3.97,0.082,0.195,0.27,23.2,24.4,26.26841,73.00594,ERA5,Asia/Kolkata,Open-Meteo Historical Weather API
RJ-Jodhpur,2022-11-21,20.4,29.0,13.8,0.0,0.0,0.0,50,3.82,0.084,0.195,0.27,22.3,24.1,26.26841,73.00594,ERA5,Asia/Kolkata,Open-Meteo Historical Weather API
RJ-Jodhpur,2022-11-22,19.7,28.5,12.1,0.0,0.0,0.0,53,3.48,0.087,0.194,0.27,21.3,23.4,26.26841,73.00594,ERA5,Asia/Kolkata,Open-Meteo Historical Weather API
RJ-Jodhpur,2022-11-23,19.6,28.4,11.4,0.0,0.0,0.0,53,3.45,0.087,0.194,0.27,20.9,23.0,26.26841,73.00594,ERA5,Asia/Kolkata,Open-Meteo Historical Weather API
RJ-Jodhpur,2022-11-24,18.3,28.3,10.2,0.0,0.0,0.0,51,3.26,0.088,0.193,0.269,19.7,22.4,26.26841,73.00594,ERA5,Asia/Kolkata,Open-Meteo Historical Weather API
RJ-Jodhpur,2022-11-25,18.5,29.2,9.9,0.0,0.0,0.0,50,3.83,0.087,0.193,0.269,19.7,21.9,26.26841,73.00594,ERA5,Asia/Kolkata,Open-Meteo Historical Weather API
RJ-Jodhpur,2022-11-26,19.0,29.2,9.8,0.0,0.0,0.0,51,3.32,0.086,0.194,0.27,20.0,21.8,26.26841,73.00594,ERA5,Asia/Kolkata,Open-Meteo Historical Weather API
RJ-Jodhpur,2022-11-27,19.2,29.3,9.5,0.0,0.0,0.0,53,3.12,0.084,0.194,0.271,19.5,21.6,26.26841,73.00594,ERA5,Asia/Kolkata,Open-Meteo Historical Weather API
RJ-Jodhpur,2022-11-28,19.7,29.1,11.2,0.0,0.0,0.0,54,3.16,0.087,0.194,0.272,20.1,21.7,26.26841,73.00594,ERA5,Asia/Kolkata,Open-Meteo Historical Weather API
RJ-Jodhpur,2022-11-29,19.2,28.8,12.3,0.0,0.0,0.0,54,3.79,0.083,0.193,0.272,20.5,21.8,26.26841,73.00594,ERA5,Asia/Kolkata,Open-Meteo Historical Weather API
RJ-Jodhpur,2022-11-30,18.7,28.2,11.4,0.0,0.0,0.0,52,3.82,0.082,0.193,0.272,20.4,21.8,26.26841,73.00594,ERA5,Asia/Kolkata,Open-Meteo Historical Weather API
RJ-Jodhpur,2022-12-01,18.4,27.7,11.6,0.0,0.0,0.0,52,3.56,0.08,0.193,0.271,20.1,21.7,26.26841,73.00594,ERA5,Asia/Kolkata,Open-Meteo Historical Weather API
RJ-Jodhpur,2022-12-02,18.7,27.9,10.8,0.0,0.0,0.0,53,3.28,0.08,0.193,0.271,19.6,21.5,26.26841,73.00594,ERA5,Asia/Kolkata,Open-Meteo Historical Weather API
RJ-Jodhpur,2022-12-03,18.2,27.2,11.0,0.0,0.0,0.0,59,3.31,0.086,0.194,0.272,19.5,21.2,26.26841,73.00594,ERA5,Asia/Kolkata,Open-Meteo Historical Weather API
RJ-Jodhpur,2022-12-04,17.9,27.0,12.2,0.0,0.0,0.0,56,3.51,0.085,0.195,0.273,19.5,21.2,26.26841,73.00594,ERA5,Asia/Kolkata,Open-Meteo Historical Weather API
RJ-Jodhpur,2022-12-05,17.8,26.9,10.8,0.0,0.0,0.0,51,3.79,0.083,0.196,0.273,19.2,20.9,26.26841,73.00594,ERA5,Asia/Kolkata,Open-Meteo Historical Weather API
RJ-Jodhpur,2022-12-06,17.8,26.5,11.7,0.0,0.0,0.0,47,3.95,0.078,0.195,0.272,19.4,20.8,26.26841,73.00594,ERA5,Asia/Kolkata,Open-Meteo Historical Weather API
RJ-Jodhpur,2022-12-07,17.5,27.5,10.7,0.0,0.0,0.0,47,3.93,0.076,0.194,0.271,19.2,20.6,26.26841,73.00594,ERA5,Asia/Kolkata,Open-Meteo Historical Weather API
RJ-Jodhpur,2022-12-08,18.6,29.0,11.0,0.0,0.0,0.0,47,3.7,0.076,0.193,0.271,19.7,20.6,26.26841,73.00594,ERA5,Asia/Kolkata,Open-Meteo Historical Weather API
RJ-Jodhpur,2022-12-09,18.9,29.0,11.4,0.0,0.0,0.0,49,3.89,0.08,0.192,0.27,19.8,20.9,26.26841,73.00594,ERA5,Asia/Kolkata,Open-Meteo Historical Weather API
RJ-Jodhpur,2022-12-10,19.2,28.5,12.4,0.0,0.0,0.0,53,3.89,0.08,0.191,0.269,20.0,21.0,26.26841,73.00594,ERA5,Asia/Kolkata,Open-Meteo Historical Weather API
RJ-Jodhpur,2022-12-11,19.3,27.6,13.1,0.0,0.0,0.0,55,4.09,0.081,0.191,0.269,20.1,21.1,26.26841,73.00594,ERA5,Asia/Kolkata,Open-Meteo Historical Weather API
RJ-Jodhpur,2022-12-12,20.1,28.4,13.9,0.0,0.0,0.0,51,4.26,0.083,0.192,0.27,20.8,21.3,26.26841,73.00594,ERA5,Asia/Kolkata,Open-Meteo Historical Weather API
RJ-Jodhpur,2022-12-13,20.6,28.3,14.9,0.0,0.0,0.0,42,4.91,0.088,0.192,0.27,21.0,21.7,26.26841,73.00594,ERA5,Asia/Kolkata,Open-Meteo Historical Weather API
RJ-Jodhpur,2022-12-14,19.0,27.0,13.4,0.0,0.0,0.0,48,4.01,0.088,0.192,0.27,20.4,21.4,26.26841,73.00594,ERA5,Asia/Kolkata,Open-Meteo Historical Weather API
RJ-Jodhpur,2022-12-15,17.6,26.9,11.6,0.0,0.0,0.0,50,3.65,0.089,0.193,0.27,19.1,20.7,26.26841,73.00594,ERA5,Asia/Kolkata,Open-Meteo Historical Weather API
RJ-Jodhpur,2022-12-16,16.1,26.9,7.9,0.0,0.0,0.0,57,3.15,0.09,0.194,0.271,17.6,19.8,26.26841,73.00594,ERA5,Asia/Kolkata,Open-Meteo Historical Weather API
RJ-Jodhpur,2022-12-17,16.9,28.2,9.0,0.0,0.0,0.0,53,3.6,0.088,0.194,0.27,17.9,19.4,26.26841,73.00594,ERA5,Asia/Kolkata,Open-Meteo Historical Weather API
RJ-Jodhpur,2022-12-18,18.5,28.8,11.3,0.0,0.0,0.0,58,3.22,0.083,0.194,0.27,19.1,19.8,26.26841,73.00594,ERA5,Asia/Kolkata,Open-Meteo Historical Weather API
RJ-Jodhpur,2022-12-19,18.3,27.7,11.1,0.0,0.0,0.0,56,3.23,0.081,0.194,0.27,19.4,20.3,26.26841,73.00594,ERA5,Asia/Kolkata,Open-Meteo Historical Weather API
RJ-Jodhpur,2022-12-20,18.2,27.8,11.0,0.0,0.0,0.0,54,3.36,0.076,0.194,0.269,19.5,20.3,26.26841,73.00594,ERA5,Asia/Kolkata,Open-Meteo Historical Weather API
RJ-Jodhpur,2022-12-21,18.1,26.8,11.6,0.0,0.0,0.0,53,3.85,0.074,0.194,0.269,19.4,20.3,26.26841,73.00594,ERA5,Asia/Kolkata,Open-Meteo Historical Weather API
RJ-Jodhpur,2022-12-22,17.5,24.4,12.1,0.0,0.0,0.0,53,3.86,0.073,0.193,0.269,19.3,20.4,26.26841,73.00594,ERA5,Asia/Kolkata,Open-Meteo Historical Weather API
RJ-Jodhpur,2022-12-23,16.7,23.2,11.6,0.0,0.0,0.0,53,3.67,0.072,0.193,0.269,19.0,20.2,26.26841,73.00594,ERA5,Asia/Kolkata,Open-Meteo Historical Weather API
RJ-Jodhpur,2022-12-24,15.3,22.6,10.0,0.0,0.0,0.0,52,3.73,0.072,0.192,0.269,17.8,19.7,26.26841,73.00594,ERA5,Asia/Kolkata,Open-Meteo Historical Weather API
RJ-Jodhpur,2022-12-25,14.7,23.2,8.8,0.0,0.0,0.0,50,3.61,0.072,0.192,0.268,17.2,19.0,26.26841,73.00594,ERA5,Asia/Kolkata,Open-Meteo Historical Weather API
RJ-Jodhpur,2022-12-26,15.0,23.7,8.4,0.0,0.0,0.0,44,3.87,0.071,0.19,0.266,17.0,18.6,26.26841,73.00594,ERA5,Asia/Kolkata,Open-Meteo Historical Weather API
RJ-Jodhpur,2022-12-27,15.6,24.2,8.8,0.0,0.0,0.0,43,3.97,0.068,0.188,0.265,17.4,18.6,26.26841,73.00594,ERA5,Asia/Kolkata,Open-Meteo Historical Weather API
RJ-Jodhpur,2022-12-28,16.7,26.4,9.1,0.0,0.0,0.0,41,3.56,0.063,0.186,0.262,18.0,18.8,26.26841,73.00594,ERA5,Asia/Kolkata,Open-Meteo Historical Weather API
RJ-Jodhpur,2022-12-29,18.4,28.1,10.5,0.0,0.0,0.0,37,4.18,0.067,0.186,0.263,19.1,19.5,26.26841,73.00594,ERA5,Asia/Kolkata,Open-Meteo Historical Weather API
RJ-Jodhpur,2022-12-30,18.3,24.2,14.5,0.0,0.0,0.0,53,3.59,0.079,0.186,0.263,19.9,20.4,26.26841,73.00594,ERA5,Asia/Kolkata,Open-Meteo Historical Weather API
RJ-Jodhpur,2022-12-31,14.9,22.2,10.0,0.0,0.0,0.0,63,3.13,0.083,0.187,0.263,17.5,19.5,26.26841,73.00594,ERA5,Asia/Kolkata,Open-Meteo Historical Weather API
RJ-Jodhpur,2023-01-01,14.5,23.4,7.7,0.0,0.0,0.0,54,3.0,0.077,0.186,0.262,16.7,18.5,26.26841,73.00594,ERA5,Asia/Kolkata,Open-Meteo Historical Weather API
RJ-Jodhpur,2023-01-02,15.1,24.1,7.9,0.0,0.0,0.0,50,3.4,0.078,0.186,0.262,16.7,18.1,26.26841,73.00594,ERA5,Asia/Kolkata,Open-Meteo Historical Weather API
RJ-Jodhpur,2023-01-03,15.3,22.7,9.6,0.0,0.0,0.0,52,3.73,0.077,0.187,0.263,16.9,18.2,26.26841,73.00594,ERA5,Asia/Kolkata,Open-Meteo Historical Weather API
RJ-Jodhpur,2023-01-04,13.5,20.6,7.6,0.0,0.0,0.0,50,3.75,0.073,0.186,0.262,15.7,17.9,26.26841,73.00594,ERA5,Asia/Kolkata,Open-Meteo Historical Weather API
RJ-Jodhpur,2023-01-05,12.9,21.3,6.1,0.0,0.0,0.0,47,3.88,0.071,0.185,0.261,14.9,17.2,26.26841,73.00594,ERA5,Asia/Kolkata,Open-Meteo Historical Weather API
RJ-Jodhpur,2023-01-06,14.1,23.4,6.1,0.0,0.0,0.0,43,4.05,0.069,0.184,0.26,15.5,17.0,26.26841,73.00594,ERA5,Asia/Kolkata,Open-Meteo Historical Weather API
RJ-Jodhpur,2023-01-07,16.6,25.6,9.4,0.0,0.0,0.0,44,3.84,0.067,0.182,0.259,18.0,17.9,26.26841,73.00594,ERA5,Asia/Kolkata,Open-Meteo Historical Weather API
RJ-Jodhpur,2023-01-08,18.7,27.9,11.2,0.0,0.0,0.0,42,4.12,0.063,0.181,0.257,20.2,19.1,26.26841,73.00594,ERA5,Asia/Kolkata,Open-Meteo Historical Weather API
RJ-Jodhpur,2023-01-09,18.8,27.0,11.5,0.0,0.0,0.0,42,3.74,0.062,0.18,0.256,20.6,19.9,26.26841,73.00594,ERA5,Asia/Kolkata,Open-Meteo Historical Weather API
RJ-Jodhpur,2023-01-10,18.3,26.6,11.2,0.0,0.0,0.0,41,3.75,0.061,0.179,0.255,20.3,20.2,26.26841,73.00594,ERA5,Asia/Kolkata,Open-Meteo Historical Weather API
RJ-Jodhpur,2023-01-11,19.0,27.3,11.5,0.0,0.0,0.0,38,4.68,0.062,0.179,0.255,20.2,20.0,26.26841,73.00594,ERA5,Asia/Kolkata,Open-Meteo Historical Weather API
RJ-Jodhpur,2023-01-12,18.8,24.2,14.0,0.0,0.0,0.0,58,3.28,0.067,0.179,0.255,20.7,20.7,26.26841,73.00594,ERA5,Asia/Kolkata,Open-Meteo Historical Weather API
RJ-Jodhpur,2023-01-13,15.2,21.3,10.8,0.0,0.0,0.0,59,3.33,0.08,0.18,0.256,18.2,20.2,26.26841,73.00594,ERA5,Asia/Kolkata,Open-Meteo Historical Weather API
RJ-Jodhpur,2023-01-14,12.5,19.3,7.5,0.0,0.0,0.0,49,3.55,0.08,0.18,0.256,15.4,18.3,26.26841,73.00594,ERA5,Asia/Kolkata,Open-Meteo Historical Weather API
RJ-Jodhpur,2023-01-15,11.3,19.4,4.7,0.0,0.0,0.0,42,3.39,0.08,0.18,0.256,14.3,16.9,26.26841,73.00594,ERA5,Asia/Kolkata,Open-Meteo Historical Weather API
RJ-Jodhpur,2023-01-16,12.4,21.3,3.9,0.0,0.0,0.0,35,4.01,0.083,0.179,0.255,14.1,16.2,26.26841,73.00594,ERA5,Asia/Kolkata,Open-Meteo Historical Weather API
RJ-Jodhpur,2023-01-17,13.5,22.1,6.6,0.0,0.0,0.0,36,3.99,0.083,0.178,0.255,15.1,16.5,26.26841,73.00594,ERA5,Asia/Kolkata,Open-Meteo Historical Weather API
RJ-Jodhpur,2023-01-18,14.8,23.6,7.5,0.0,0.0,0.0,38,4.17,0.086,0.178,0.254,15.8,16.7,26.26841,73.00594,ERA5,Asia/Kolkata,Open-Meteo Historical Weather API
RJ-Jodhpur,2023-01-19,16.7,24.7,10.5,0.0,0.0,0.0,41,4.48,0.084,0.178,0.254,17.3,17.4,26.26841,73.00594,ERA5,Asia/Kolkata,Open-Meteo Historical Weather API
RJ-Jodhpur,2023-01-20,16.8,23.3,12.2,0.0,0.0,0.0,45,4.04,0.079,0.178,0.253,18.4,18.2,26.26841,73.00594,ERA5,Asia/Kolkata,Open-Meteo Historical Weather API
RJ-Jodhpur,2023-01-21,16.3,23.2,10.8,0.0,0.0,0.0,55,3.58,0.08,0.178,0.254,18.1,18.4,26.26841,73.00594,ERA5,Asia/Kolkata,Open-Meteo Historical Weather API
RJ-Jodhpur,2023-01-22,15.9,22.0,11.0,0.0,0.0,0.0,61,3.56,0.084,0.179,0.255,17.8,18.5,26.26841,73.00594,ERA5,Asia/Kolkata,Open-Meteo Historical Weather API
RJ-Jodhpur,2023-01-23,16.6,22.7,11.8,0.0,0.0,0.0,61,3.77,0.086,0.181,0.256,18.3,18.6,26.26841,73.00594,ERA5,Asia/Kolkata,Open-Meteo Historical Weather API
RJ-Jodhpur,2023-01-24,15.5,21.4,11.4,0.0,0.0,0.0,57,3.58,0.084,0.181,0.256,17.8,18.7,26.26841,73.00594,ERA5,Asia/Kolkata,Open-Meteo Historical Weather API
RJ-Jodhpur,2023-01-25,14.1,21.4,8.2,0.0,0.0,0.0,41,4.02,0.082,0.181,0.256,16.5,18.0,26.26841,73.00594,ERA5,Asia/Kolkata,Open-Meteo Historical Weather API
RJ-Jodhpur,2023-01-26,14.5,21.7,9.1,0.0,0.0,0.0,39,4.54,0.08,0.181,0.255,16.3,17.3,26.26841,73.00594,ERA5,Asia/Kolkata,Open-Meteo Historical Weather API
RJ-Jodhpur,2023-01-27,14.5,22.1,8.0,0.0,0.0,0.0,35,4.66,0.078,0.18,0.254,16.1,17.1,26.26841,73.00594,ERA5,Asia/Kolkata,Open-Meteo Historical Weather API
RJ-Jodhpur,2023-01-28,16.2,25.0,8.2,0.0,0.0,0.0,36,4.39,0.079,0.179,0.253,17.1,17.3,26.26841,73.00594,ERA5,Asia/Kolkata,Open-Meteo Historical Weather API
RJ-Jodhpur,2023-01-29,17.6,21.9,15.4,7.0,7.0,14.0,75,2.1,0.104,0.178,0.252,17.9,18.3,26.26841,73.00594,ERA5,Asia/Kolkata,Open-Meteo Historical Weather API
RJ-Jodhpur,2023-01-30,17.1,22.2,12.8,0.0,0.0,0.0,81,2.98,0.149,0.18,0.254,18.9,18.7,26.26841,73.00594,ERA5,Asia/Kolkata,Open-Meteo Historical Weather API
RJ-Jodhpur,2023-01-31,16.1,22.6,11.7,0.0,0.0,0.0,69,3.61,0.137,0.184,0.256,17.7,18.3,26.26841,73.00594,ERA5,Asia/Kolkata,Open-Meteo Historical Weather API
RJ-Jodhpur,2023-02-01,15.6,24.3,9.3,0.0,0.0,0.0,62,3.79,0.115,0.183,0.255,16.9,17.6,26.26841,73.00594,ERA5,Asia/Kolkata,Open-Meteo Historical Weather API
RJ-Jodhpur,2023-02-02,17.4,27.6,9.0,0.0,0.0,0.0,54,4.29,0.091,0.18,0.252,18.1,17.8,26.26841,73.00594,ERA5,Asia/Kolkata,Open-Meteo Historical Weather API
RJ-Jodhpur,2023-02-03,20.3,29.8,12.1,0.0,0.0,0.0,38,4.31,0.075,0.176,0.248,20.3,19.0,26.26841,73.00594,ERA5,Asia/Kolkata,Open-Meteo Historical Weather API
RJ-Jodhpur,2023-02-04,20.3,30.2,11.6,0.0,0.0,0.0,40,3.95,0.074,0.174,0.245,21.2,19.9,26.26841,73.00594,ERA5,Asia/Kolkata,Open-Meteo Historical Weather API
RJ-Jodhpur,2023-02-05,21.5,31.1,13.3,0.0,0.0,0.0,38,5.04,0.073,0.172,0.244,22.3,20.9,26.26841,73.00594,ERA5,Asia/Kolkata,Open-Meteo Historical Weather API
RJ-Jodhpur,2023-02-06,21.5,29.1,14.9,0.0,0.0,0.0,43,4.67,0.073,0.171,0.243,22.9,21.6,26.26841,73.00594,ERA5,Asia/Kolkata,Open-Meteo Historical Weather API
RJ-Jodhpur,2023-02-07,20.2,27.9,13.2,0.0,0.0,0.0,45,4.35,0.078,0.172,0.243,22.0,21.7,26.26841,73.00594,ERA5,Asia/Kolkata,Open-Meteo Historical Weather API
RJ-Jodhpur,2023-02-08,20.2,29.6,11.8,0.0,0.0,0.0,43,4.51,0.079,0.171,0.242,21.2,21.0,26.26841,73.00594,ERA5,Asia/Kolkata,Open-Meteo Historical Weather API
RJ-Jodhpur,2023-02-09,22.3,31.9,13.2,0.0,0.0,0.0,40,6.31,0.079,0.171,0.242,21.9,21.1,26.26841,73.00594,ERA5,Asia/Kolkata,Open-Meteo Historical Weather API
RJ-Jodhpur,2023-02-10,22.7,29.8,17.0,0.0,0.0,0.0,48,5.5,0.079,0.171,0.241,23.1,22.1,26.26841,73.00594,ERA5,Asia/Kolkata,Open-Meteo Historical Weather API
RJ-Jodhpur,2023-02-11,21.9,29.3,16.2,0.0,0.0,0.0,51,4.45,0.082,0.172,0.242,23.1,22.1,26.26841,73.00594,ERA5,Asia/Kolkata,Open-Meteo Historical Weather API
RJ-Jodhpur,2023-02-12,19.8,27.2,14.3,0.0,0.0,0.0,30,5.77,0.085,0.172,0.242,21.2,21.6,26.26841,73.00594,ERA5,Asia/Kolkata,Open-Meteo Historical Weather API
RJ-Jodhpur,2023-02-13,18.1,27.3,9.5,0.0,0.0,0.0,31,4.34,0.086,0.171,0.241,19.5,20.5,26.26841,73.00594,ERA5,Asia/Kolkata,Open-Meteo Historical Weather API
RJ-Jodhpur,2023-02-14,20.9,30.4,10.8,0.0,0.0,0.0,33,4.18,0.087,0.173,0.241,20.0,20.3,26.26841,73.00594,ERA5,Asia/Kolkata,Open-Meteo Historical Weather API
RJ-Jodhpur,2023-02-15,22.2,33.1,12.9,0.0,0.0,0.0,37,4.97,0.086,0.173,0.241,21.4,20.9,26.26841,73.00594,ERA5,Asia/Kolkata,Open-Meteo Historical Weather API
RJ-Jodhpur,2023-02-16,24.3,34.4,15.2,0.0,0.0,0.0,35,4.78,0.081,0.174,0.241,22.4,21.6,26.26841,73.00594,ERA5,Asia/Kolkata,Open-Meteo Historical Weather API
RJ-Jodhpur,2023-02-17,25.4,35.0,15.0,0.0,0.0,0.0,37,4.37,0.077,0.173,0.24,23.7,22.5,26.26841,73.00594,ERA5,Asia/Kolkata,Open-Meteo Historical Weather API
RJ-Jodhpur,2023-02-18,24.2,34.6,14.8,0.0,0.0,0.0,41,4.6,0.078,0.174,0.24,24.0,23.1,26.26841,73.00594,ERA5,Asia/Kolkata,Open-Meteo Historical Weather API
RJ-Jodhpur,2023-02-19,24.5,34.6,15.3,0.0,0.0,0.0,39,5.49,0.077,0.174,0.24,24.0,23.1,26.26841,73.00594,ERA5,Asia/Kolkata,Open-Meteo Historical Weather API
RJ-Jodhpur,2023-02-20,25.5,35.2,17.1,0.0,0.0,0.0,35,7.44,0.072,0.174,0.24,24.9,23.6,26.26841,73.00594,ERA5,Asia/Kolkata,Open-Meteo Historical Weather API
RJ-Jodhpur,2023-02-21,24.9,31.8,19.2,0.0,0.0,0.0,46,5.58,0.073,0.174,0.24,26.2,24.4,26.26841,73.00594,ERA5,Asia/Kolkata,Open-Meteo Historical Weather API
RJ-Jodhpur,2023-02-22,24.9,32.6,18.5,0.0,0.0,0.0,52,5.09,0.078,0.176,0.241,26.3,24.8,26.26841,73.00594,ERA5,Asia/Kolkata,Open-Meteo Historical Weather API
RJ-Jodhpur,2023-02-23,24.4,31.6,18.8,0.0,0.0,0.0,52,4.88,0.085,0.178,0.242,25.9,24.8,26.26841,73.00594,ERA5,Asia/Kolkata,Open-Meteo Historical Weather API
RJ-Jodhpur,2023-02-24,24.0,31.9,16.6,0.0,0.0,0.0,45,4.5,0.085,0.179,0.243,25.1,24.5,26.26841,73.00594,ERA5,Asia/Kolkata,Open-Meteo Historical Weather API
RJ-Jodhpur,2023-02-25,24.0,32.5,16.7,0.0,0.0,0.0,46,4.88,0.082,0.179,0.243,25.1,24.3,26.26841,73.00594,ERA5,Asia/Kolkata,Open-Meteo Historical Weather API
RJ-Jodhpur,2023-02-26,24.5,32.8,17.1,0.0,0.0,0.0,41,4.44,0.083,0.179,0.243,25.3,24.5,26.26841,73.00594,ERA5,Asia/Kolkata,Open-Meteo Historical Weather API
RJ-Jodhpur,2023-02-27,25.2,33.7,17.2,0.0,0.0,0.0,40,5.01,0.083,0.179,0.242,25.7,24.8,26.26841,73.00594,ERA5,Asia/Kolkata,Open-Meteo Historical Weather API
RJ-Jodhpur,2023-02-28,25.4,34.0,17.2,0.0,0.0,0.0,38,5.22,0.077,0.18,0.243,26.0,24.9,26.26841,73.00594,ERA5,Asia/Kolkata,Open-Meteo Historical Weather API
RJ-Jodhpur,2023-03-01,25.7,33.8,18.0,0.0,0.0,0.0,39,5.17,0.083,0.182,0.245,26.3,25.2,26.26841,73.00594,ERA5,Asia/Kolkata,Open-Meteo Historical Weather API
RJ-Jodhpur,2023-03-02,26.0,33.6,19.5,0.0,0.0,0.0,45,5.1,0.085,0.185,0.247,27.0,25.4,26.26841,73.00594,ERA5,Asia/Kolkata,Open-Meteo Historical Weather API
RJ-Jodhpur,2023-03-03,26.7,34.3,20.4,0.0,0.0,0.0,43,6.22,0.083,0.185,0.247,27.7,25.9,26.26841,73.00594,ERA5,Asia/Kolkata,Open-Meteo Historical Weather API
RJ-Jodhpur,2023-03-04,26.2,32.4,22.0,0.6,0.6,5.0,44,6.08,0.083,0.185,0.247,27.6,26.2,26.26841,73.00594,ERA5,Asia/Kolkata,Open-Meteo Historical Weather API
RJ-Jodhpur,2023-03-05,25.5,33.2,18.6,0.0,0.0,0.0,46,5.57,0.087,0.185,0.248,27.1,26.1,26.26841,73.00594,ERA5,Asia/Kolkata,Open-Meteo Historical Weather API
RJ-Jodhpur,2023-03-06,25.9,34.1,20.0,0.0,0.0,0.0,41,5.54,0.084,0.184,0.247,27.5,26.0,26.26841,73.00594,ERA5,Asia/Kolkata,Open-Meteo Historical Weather API
RJ-Jodhpur,2023-03-07,25.3,32.7,19.8,0.4,0.4,2.0,46,5.49,0.084,0.185,0.248,26.9,26.1,26.26841,73.00594,ERA5,Asia/Kolkata,Open-Meteo Historical Weather API
RJ-Jodhpur,2023-03-08,24.0,30.5,18.3,0.3,0.3,2.0,52,5.23,0.087,0.186,0.248,26.7,25.9,26.26841,73.00594,ERA5,Asia/Kolkata,Open-Meteo Historical Weather API
RJ-Jodhpur,2023-03-09,24.1,32.1,16.5,0.0,0.0,0.0,46,5.61,0.089,0.186,0.249,25.9,25.5,26.26841,73.00594,ERA5,Asia/Kolkata,Open-Meteo Historical Weather API
RJ-Jodhpur,2023-03-10,24.1,32.8,16.2,0.0,0.0,0.0,41,5.38,0.081,0.186,0.249,26.2,25.3,26.26841,73.00594,ERA5,Asia/Kolkata,Open-Meteo Historical Weather API
RJ-Jodhpur,2023-03-11,25.7,34.4,16.0,0.0,0.0,0.0,36,5.31,0.075,0.185,0.248,26.7,25.5,26.26841,73.00594,ERA5,Asia/Kolkata,Open-Meteo Historical Weather API
RJ-Jodhpur,2023-03-12,26.3,34.5,17.9,0.0,0.0,0.0,37,5.03,0.072,0.184,0.247,27.4,26.2,26.26841,73.00594,ERA5,Asia/Kolkata,Open-Meteo Historical Weather API
RJ-Jodhpur,2023-03-13,27.1,35.3,19.8,0.0,0.0,0.0,35,5.89,0.071,0.183,0.247,28.6,27.0,26.26841,73.00594,ERA5,Asia/Kolkata,Open-Meteo Historical Weather API
RJ-Jodhpur,2023-03-14,27.3,36.5,18.7,0.0,0.0,0.0,33,5.7,0.068,0.181,0.247,29.1,27.3,26.26841,73.00594,ERA5,Asia/Kolkata,Open-Meteo Historical Weather API
RJ-Jodhpur,2023-03-15,26.8,34.4,20.1,0.0,0.0,0.0,34,5.81,0.069,0.181,0.246,28.1,27.3,26.26841,73.00594,ERA5,Asia/Kolkata,Open-Meteo Historical Weather API
RJ-Jodhpur,2023-03-16,27.3,32.5,23.8,0.2,0.2,1.0,36,5.34,0.07,0.181,0.247,29.3,27.7,26.26841,73.00594,ERA5,Asia/Kolkata,Open-Meteo Historical Weather API
RJ-Jodhpur,2023-03-17,24.8,30.8,20.9,2.1,2.1,6.0,49,5.93,0.087,0.183,0.248,27.7,27.6,26.26841,73.00594,ERA5,Asia/Kolkata,Open-Meteo Historical Weather API
RJ-Jodhpur,2023-03-18,24.2,30.3,18.7,0.1,0.1,1.0,51,5.86,0.087,0.183,0.248,26.8,26.7,26.26841,73.00594,ERA5,Asia/Kolkata,Open-Meteo Historical Weather API
RJ-Jodhpur,2023-03-19,23.3,28.9,20.0,1.2,1.2,2.0,56,5.48,0.08,0.183,0.248,26.9,26.6,26.26841,73.00594,ERA5,Asia/Kolkata,Open-Meteo Historical Weather API
RJ-Jodhpur,2023-03-20,23.2,28.9,17.8,0.0,0.0,0.0,59,4.83,0.08,0.182,0.247,26.3,26.1,26.26841,73.00594,ERA5,Asia/Kolkata,Open-Meteo Historical Weather API
RJ-Jodhpur,2023-03-21,24.9,31.3,18.3,0.0,0.0,0.0,45,5.52,0.07,0.181,0.246,28.0,26.3,26.26841,73.00594,ERA5,Asia/Kolkata,Open-Meteo Historical Weather API
RJ-Jodhpur,2023-03-22,25.2,30.8,19.8,0.1,0.1,1.0,41,5.76,0.068,0.181,0.246,28.2,27.1,26.26841,73.00594,ERA5,Asia/Kolkata,Open-Meteo Historical Weather API
RJ-Jodhpur,2023-03-23,26.3,32.4,21.0,0.0,0.0,0.0,42,5.76,0.068,0.18,0.246,28.6,27.3,26.26841,73.00594,ERA5,Asia/Kolkata,Open-Meteo Historical Weather API
RJ-Jodhpur,2023-03-24,26.2,30.5,22.5,0.2,0.2,2.0,45,6.85,0.068,0.18,0.245,28.5,27.5,26.26841,73.00594,ERA5,Asia/Kolkata,Open-Meteo Historical Weather API
RJ-Jodhpur,2023-03-25,25.6,30.8,20.9,0.0,0.0,0.0,41,5.61,0.068,0.179,0.245,28.9,27.3,26.26841,73.00594,ERA5,Asia/Kolkata,Open-Meteo Historical Weather API
RJ-Jodhpur,2023-03-26,26.3,31.7,20.9,0.0,0.0,0.0,35,6.81,0.069,0.179,0.245,29.3,27.5,26.26841,73.00594,ERA5,Asia/Kolkata,Open-Meteo Historical Weather API
RJ-Jodhpur,2023-03-27,26.3,32.0,20.4,0.0,0.0,0.0,36,6.27,0.067,0.178,0.244,29.7,27.9,26.26841,73.00594,ERA5,Asia/Kolkata,Open-Meteo Historical Weather API
RJ-Jodhpur,2023-03-28,27.0,33.9,19.5,0.0,0.0,0.0,34,6.53,0.066,0.177,0.243,29.7,28.1,26.26841,73.00594,ERA5,Asia/Kolkata,Open-Meteo Historical Weather API
RJ-Jodhpur,2023-03-29,27.3,33.9,20.6,0.0,0.0,0.0,33,6.81,0.067,0.177,0.243,29.8,28.4,26.26841,73.00594,ERA5,Asia/Kolkata,Open-Meteo Historical Weather API
RJ-Jodhpur,2023-03-30,25.4,30.5,21.5,0.9,0.9,3.0,49,5.62,0.075,0.178,0.244,29.4,28.7,26.26841,73.00594,ERA5,Asia/Kolkata,Open-Meteo Historical Weather API
RJ-Jodhpur,2023-03-31,24.7,30.2,19.8,0.0,0.0,0.0,59,5.66,0.084,0.179,0.244,27.8,27.7,26.26841,73.00594,ERA5,Asia/Kolkata,Open-Meteo Historical Weather API
RJ-Jodhpur,2023-04-01,26.3,33.2,18.6,0.0,0.0,0.0,52,5.67,0.077,0.179,0.244,28.7,27.5,26.26841,73.00594,ERA5,Asia/Kolkata,Open-Meteo Historical Weather API
RJ-Jodhpur,2023-04-02,27.8,34.8,20.8,0.0,0.0,0.0,35,7.75,0.073,0.179,0.244,29.8,28.1,26.26841,73.00594,ERA5,Asia/Kolkata,Open-Meteo Historical Weather API
RJ-Jodhpur,2023-04-03,28.4,33.8,22.0,0.0,0.0,0.0,37,8.07,0.07,0.178,0.243,30.1,28.4,26.26841,73.00594,ERA5,Asia/Kolkata,Open-Meteo Historical Weather API
RJ-Jodhpur,2023-04-04,28.5,34.1,24.1,0.0,0.0,0.0,37,6.84,0.071,0.177,0.243,31.2,29.1,26.26841,73.00594,ERA5,Asia/Kolkata,Open-Meteo Historical Weather API
RJ-Jodhpur,2023-04-05,28.2,35.6,21.2,0.0,0.0,0.0,33,6.7,0.069,0.177,0.242,30.9,29.0,26.26841,73.00594,ERA5,Asia/Kolkata,Open-Meteo Historical Weather API
RJ-Jodhpur,2023-04-06,28.0,34.8,21.2,0.0,0.0,0.0,33,7.49,0.069,0.177,0.243,31.2,29.3,26.26841,73.00594,ERA5,Asia/Kolkata,Open-Meteo Historical Weather API
RJ-Jodhpur,2023-04-07,29.2,35.1,24.0,0.1,0.1,1.0,28,8.41,0.066,0.176,0.242,31.3,29.7,26.26841,73.00594,ERA5,Asia/Kolkata,Open-Meteo Historical Weather API
RJ-Jodhpur,2023-04-08,29.6,36.2,23.6,0.0,0.0,0.0,24,7.87,0.066,0.174,0.24,31.7,29.7,26.26841,73.00594,ERA5,Asia/Kolkata,Open-Meteo Historical Weather API
RJ-Jodhpur,2023-04-09,29.3,36.8,21.6,0.0,0.0,0.0,26,6.8,0.067,0.174,0.24,32.0,30.0,26.26841,73.00594,ERA5,Asia/Kolkata,Open-Meteo Historical Weather API
RJ-Jodhpur,2023-04-10,30.7,38.2,22.5,0.0,0.0,0.0,25,8.16,0.068,0.174,0.24,32.4,30.5,26.26841,73.00594,ERA5,Asia/Kolkata,Open-Meteo Historical Weather API
RJ-Jodhpur,2023-04-11,32.3,37.9,25.1,0.0,0.0,0.0,25,7.6,0.068,0.173,0.239,33.8,31.4,26.26841,73.00594,ERA5,Asia/Kolkata,Open-Meteo Historical Weather API
RJ-Jodhpur,2023-04-12,31.7,38.1,26.0,0.0,0.0,0.0,28,7.97,0.068,0.172,0.238,34.0,31.8,26.26841,73.00594,ERA5,Asia/Kolkata,Open-Meteo Historical Weather API
RJ-Jodhpur,2023-04-13,31.4,38.4,24.4,0.0,0.0,0.0,32,7.29,0.065,0.172,0.238,34.3,31.9,26.26841,73.00594,ERA5,Asia/Kolkata,Open-Meteo Historical Weather API
RJ-Jodhpur,2023-04-14,32.5,39.5,26.8,0.0,0.0,0.0,28,7.85,0.064,0.171,0.237,35.0,32.4,26.26841,73.00594,ERA5,Asia/Kolkata,Open-Meteo Historical Weather API
RJ-Jodhpur,2023-04-15,32.6,38.6,26.3,0.0,0.0,0.0,29,8.76,0.064,0.17,0.236,34.8,32.6,26.26841,73.00594,ERA5,Asia/Kolkata,Open-Meteo Historical Weather API
RJ-Jodhpur,2023-04-16,32.0,38.2,24.5,0.0,0.0,0.0,33,8.39,0.065,0.17,0.236,34.5,32.5,26.26841,73.00594,ERA5,Asia/Kolkata,Open-Meteo Historical Weather API
RJ-Jodhpur,2023-04-17,33.0,38.7,27.5,0.0,0.0,0.0,33,8.3,0.064,0.17,0.235,35.1,32.7,26.26841,73.00594,ERA5,Asia/Kolkata,Open-Meteo Historical Weather API
RJ-Jodhpur,2023-04-18,33.1,39.7,26.9,0.0,0.0,0.0,29,9.27,0.065,0.17,0.235,34.9,32.9,26.26841,73.00594,ERA5,Asia/Kolkata,Open-Meteo Historical Weather API
RJ-Jodhpur,2023-04-19,31.0,36.4,24.4,0.0,0.0,0.0,39,7.97,0.066,0.169,0.235,33.9,32.7,26.26841,73.00594,ERA5,Asia/Kolkata,Open-Meteo Historical Weather API
RJ-Jodhpur,2023-04-20,30.6,35.9,25.2,0.0,0.0,0.0,30,7.58,0.066,0.169,0.234,34.0,32.4,26.26841,73.00594,ERA5,Asia/Kolkata,Open-Meteo Historical Weather API
RJ-Jodhpur,2023-04-21,30.5,36.8,24.1,0.0,0.0,0.0,21,8.39,0.064,0.169,0.234,33.7,32.1,26.26841,73.00594,ERA5,Asia/Kolkata,Open-Meteo Historical Weather API
RJ-Jodhpur,2023-04-22,30.4,37.4,22.9,0.0,0.0,0.0,23,8.05,0.064,0.169,0.234,33.7,32.1,26.26841,73.00594,ERA5,Asia/Kolkata,Open-Meteo Historical Weather API
RJ-Jodhpur,2023-04-23,30.4,36.6,24.9,0.0,0.0,0.0,21,9.49,0.065,0.169,0.234,33.6,32.1,26.26841,73.00594,ERA5,Asia/Kolkata,Open-Meteo Historical Weather API
RJ-Jodhpur,2023-04-24,29.0,35.3,21.0,0.0,0.0,0.0,27,7.92,0.066,0.169,0.233,32.8,31.7,26.26841,73.00594,ERA5,Asia/Kolkata,Open-Meteo Historical Weather API
RJ-Jodhpur,2023-04-25,30.8,37.3,23.9,0.0,0.0,0.0,26,8.84,0.066,0.168,0.232,33.4,31.9,26.26841,73.00594,ERA5,Asia/Kolkata,Open-Meteo Historical Weather API
RJ-Jodhpur,2023-04-26,30.8,36.5,26.1,0.0,0.0,0.0,27,7.18,0.065,0.168,0.232,32.8,32.1,26.26841,73.00594,ERA5,Asia/Kolkata,Open-Meteo Historical Weather API
RJ-Jodhpur,2023-04-27,29.6,36.8,23.6,0.2,0.2,2.0,37,6.8,0.067,0.169,0.233,33.2,31.9,26.26841,73.00594,ERA5,Asia/Kolkata,Open-Meteo Historical Weather API
RJ-Jodhpur,2023-04-28,28.9,34.4,24.0,0.7,0.7,3.0,46,5.93,0.075,0.169,0.233,33.7,32.4,26.26841,73.00594,ERA5,Asia/Kolkata,Open-Meteo Historical Weather API
RJ-Jodhpur,2023-04-29,25.8,32.2,21.2,3.3,3.3,12.0,61,5.89,0.098,0.17,0.233,30.7,31.7,26.26841,73.00594,ERA5,Asia/Kolkata,Open-Meteo Historical Weather API
RJ-Jodhpur,2023-04-30,25.4,29.4,22.8,5.4,5.4,11.0,68,4.53,0.129,0.168,0.232,29.3,30.1,26.26841,73.00594,ERA5,Asia/Kolkata,Open-Meteo Historical Weather API
RJ-Jodhpur,2023-05-01,26.5,31.9,21.3,0.0,0.0,0.0,63,5.46,0.127,0.166,0.229,29.7,29.3,26.26841,73.00594,ERA5,Asia/Kolkata,Open-Meteo Historical Weather API
RJ-Jodhpur,2023-05-02,27.7,33.0,23.1,0.1,0.1,1.0,59,5.52,0.101,0.165,0.228,31.5,30.0,26.26841,73.00594,ERA5,Asia/Kolkata,Open-Meteo Historical Weather API
RJ-Jodhpur,2023-05-03,29.0,35.8,22.7,0.0,0.0,0.0,51,6.68,0.093,0.165,0.227,32.3,30.7,26.26841,73.00594,ERA5,Asia/Kolkata,Open-Meteo Historical Weather API
RJ-Jodhpur,2023-05-04,30.6,37.1,24.3,0.0,0.0,0.0,43,6.38,0.076,0.164,0.225,34.5,31.8,26.26841,73.00594,ERA5,Asia/Kolkata,Open-Meteo Historical Weather API
RJ-Jodhpur,2023-05-05,31.7,38.5,25.3,0.0,0.0,0.0,38,6.52,0.072,0.164,0.225,35.1,32.7,26.26841,73.00594,ERA5,Asia/Kolkata,Open-Meteo Historical Weather API
RJ-Jodhpur,2023-05-06,32.5,39.2,26.9,0.0,0.0,0.0,35,7.42,0.071,0.164,0.225,35.9,33.5,26.26841,73.00594,ERA5,Asia/Kolkata,Open-Meteo Historical Weather API
RJ-Jodhpur,2023-05-07,33.2,39.3,26.4,0.0,0.0,0.0,32,8.55,0.069,0.164,0.225,35.8,33.8,26.26841,73.00594,ERA5,Asia/Kolkata,Open-Meteo Historical Weather API
RJ-Jodhpur,2023-05-08,33.3,40.6,25.5,0.0,0.0,0.0,24,9.46,0.068,0.164,0.224,35.5,33.6,26.26841,73.00594,ERA5,Asia/Kolkata,Open-Meteo Historical Weather API
RJ-Jodhpur,2023-05-09,33.7,40.7,25.8,0.0,0.0,0.0,19,8.91,0.067,0.164,0.224,35.8,33.6,26.26841,73.00594,ERA5,Asia/Kolkata,Open-Meteo Historical Weather API
RJ-Jodhpur,2023-05-10,33.8,42.0,25.8,0.0,0.0,0.0,20,9.27,0.067,0.162,0.222,36.1,33.9,26.26841,73.00594,ERA5,Asia/Kolkata,Open-Meteo Historical Weather API
RJ-Jodhpur,2023-05-11,33.7,42.9,23.9,0.0,0.0,0.0,24,8.19,0.067,0.162,0.222,36.4,34.2,26.26841,73.00594,ERA5,Asia/Kolkata,Open-Meteo Historical Weather API
RJ-Jodhpur,2023-05-12,35.8,43.9,26.5,0.0,0.0,0.0,21,10.08,0.066,0.162,0.221,37.4,34.7,26.26841,73.00594,ERA5,Asia/Kolkata,Open-Meteo Historical Weather API
RJ-Jodhpur,2023-05-13,36.4,43.8,28.7,0.0,0.0,0.0,23,10.54,0.065,0.161,0.221,38.2,35.4,26.26841,73.00594,ERA5,Asia/Kolkata,Open-Meteo Historical Weather API
RJ-Jodhpur,2023-05-14,35.5,41.4,29.9,0.0,0.0,0.0,28,10.21,0.064,0.161,0.22,37.8,35.8,26.26841,73.00594,ERA5,Asia/Kolkata,Open-Meteo Historical Weather API
RJ-Jodhpur,2023-05-15,33.7,40.2,28.4,0.4,0.4,3.0,43,9.65,0.068,0.162,0.22,36.6,35.6,26.26841,73.00594,ERA5,Asia/Kolkata,Open-Meteo Historical Weather API
RJ-Jodhpur,2023-05-16,33.3,39.3,27.4,0.0,0.0,0.0,45,8.7,0.07,0.163,0.221,36.2,35.1,26.26841,73.00594,ERA5,Asia/Kolkata,Open-Meteo Historical Weather API
RJ-Jodhpur,2023-05-17,34.3,38.9,30.2,0.1,0.1,1.0,47,8.9,0.07,0.163,0.221,37.6,35.3,26.26841,73.00594,ERA5,Asia/Kolkata,Open-Meteo Historical Weather API
RJ-Jodhpur,2023-05-18,33.0,37.6,28.8,0.0,0.0,0.0,47,7.75,0.071,0.163,0.221,36.7,35.3,26.26841,73.00594,ERA5,Asia/Kolkata,Open-Meteo Historical Weather API
RJ-Jodhpur,2023-05-19,35.2,41.6,28.9,0.0,0.0,0.0,36,7.97,0.067,0.164,0.221,38.6,35.6,26.26841,73.00594,ERA5,Asia/Kolkata,Open-Meteo Historical Weather API
RJ-Jodhpur,2023-05-20,36.5,42.6,29.8,0.0,0.0,0.0,29,9.97,0.065,0.164,0.221,38.5,36.0,26.26841,73.00594,ERA5,Asia/Kolkata,Open-Meteo Historical Weather API
RJ-Jodhpur,2023-05-21,36.2,41.9,30.5,0.0,0.0,0.0,30,11.02,0.063,0.162,0.22,38.7,36.3,26.26841,73.00594,ERA5,Asia/Kolkata,Open-Meteo Historical Weather API
RJ-Jodhpur,2023-05-22,35.1,40.8,29.8,0.0,0.0,0.0,37,10.37,0.061,0.162,0.219,37.9,36.2,26.26841,73.00594,ERA5,Asia/Kolkata,Open-Meteo Historical Weather API
RJ-Jodhpur,2023-05-23,34.8,39.7,30.6,0.0,0.0,0.0,39,9.59,0.059,0.161,0.219,37.8,36.0,26.26841,73.00594,ERA5,Asia/Kolkata,Open-Meteo Historical Weather API
RJ-Jodhpur,2023-05-24,33.6,38.5,26.1,4.3,4.3,5.0,52,8.55,0.074,0.162,0.219,37.6,36.1,26.26841,73.00594,ERA5,Asia/Kolkata,Open-Meteo Historical Weather API
RJ-Jodhpur,2023-05-25,31.3,39.3,25.3,2.5,2.5,5.0,57,7.96,0.118,0.164,0.22,33.5,34.7,26.26841,73.00594,ERA5,Asia/Kolkata,Open-Meteo Historical Weather API
RJ-Jodhpur,2023-05-26,31.0,36.4,24.8,0.0,0.0,0.0,59,7.79,0.111,0.165,0.221,32.6,33.4,26.26841,73.00594,ERA5,Asia/Kolkata,Open-Meteo Historical Weather API
RJ-Jodhpur,2023-05-27,32.8,37.8,28.0,0.0,0.0,0.0,57,7.72,0.088,0.166,0.222,35.2,33.7,26.26841,73.00594,ERA5,Asia/Kolkata,Open-Meteo Historical Weather API
RJ-Jodhpur,2023-05-28,29.0,36.8,22.6,20.3,20.3,7.0,69,5.93,0.133,0.169,0.222,33.7,34.1,26.26841,73.00594,ERA5,Asia/Kolkata,Open-Meteo Historical Weather API
RJ-Jodhpur,2023-05-29,27.0,34.4,21.3,5.1,5.1,6.0,67,5.04,0.218,0.181,0.221,29.4,31.3,26.26841,73.00594,ERA5,Asia/Kolkata,Open-Meteo Historical Weather API
RJ-Jodhpur,2023-05-30,26.3,30.1,23.1,2.8,2.8,4.0,74,5.26,0.181,0.187,0.22,30.1,31.2,26.26841,73.00594,ERA5,Asia/Kolkata,Open-Meteo Historical Weather API
RJ-Jodhpur,2023-05-31,29.0,34.3,23.1,1.0,1.0,2.0,65,5.92,0.151,0.187,0.22,31.4,30.9,26.26841,73.00594,ERA5,Asia/Kolkata,Open-Meteo Historical Weather API
RJ-Jodhpur,2023-06-01,29.8,34.6,25.9,0.1,0.1,1.0,63,5.22,0.125,0.187,0.219,31.4,31.2,26.26841,73.00594,ERA5,Asia/Kolkata,Open-Meteo Historical Weather API
RJ-Jodhpur,2023-06-02,32.4,37.1,27.8,0.0,0.0,0.0,57,6.99,0.101,0.185,0.218,34.5,32.0,26.26841,73.00594,ERA5,Asia/Kolkata,Open-Meteo Historical Weather API
RJ-Jodhpur,2023-06-03,32.8,38.8,28.8,1.4,1.4,2.0,55,6.5,0.1,0.183,0.218,35.5,33.4,26.26841,73.00594,ERA5,Asia/Kolkata,Open-Meteo Historical Weather API
RJ-Jodhpur,2023-06-04,29.9,36.6,23.9,0.0,0.0,0.0,53,6.37,0.094,0.183,0.218,33.7,33.6,26.26841,73.00594,ERA5,Asia/Kolkata,Open-Meteo Historical Weather API
RJ-Jodhpur,2023-06-05,32.2,38.4,25.7,0.0,0.0,0.0,52,6.58,0.088,0.182,0.219,36.2,34.2,26.26841,73.00594,ERA5,Asia/Kolkata,Open-Meteo Historical Weather API
RJ-Jodhpur,2023-06-06,32.6,38.6,27.7,0.0,0.0,0.0,46,7.13,0.086,0.181,0.22,36.3,35.0,26.26841,73.00594,ERA5,Asia/Kolkata,Open-Meteo Historical Weather API
RJ-Jodhpur,2023-06-07,32.9,39.1,26.0,0.0,0.0,0.0,48,7.08,0.085,0.18,0.22,36.1,35.0,26.26841,73.00594,ERA5,Asia/Kolkata,Open-Meteo Historical Weather API
RJ-Jodhpur,2023-06-08,34.5,39.5,30.0,0.0,0.0,0.0,49,8.36,0.08,0.179,0.22,37.2,35.5,26.26841,73.00594,ERA5,Asia/Kolkata,Open-Meteo Historical Weather API
RJ-Jodhpur,2023-06-09,34.1,39.7,29.5,0.0,0.0,0.0,46,8.88,0.077,0.178,0.22,36.9,35.4,26.26841,73.00594,ERA5,Asia/Kolkata,Open-Meteo Historical Weather API
RJ-Jodhpur,2023-06-10,34.2,39.2,29.5,0.0,0.0,0.0,45,9.37,0.075,0.176,0.22,36.9,35.4,26.26841,73.00594,ERA5,Asia/Kolkata,Open-Meteo Historical Weather API
RJ-Jodhpur,2023-06-11,35.1,40.0,30.4,0.0,0.0,0.0,45,9.17,0.073,0.175,0.22,37.7,35.8,26.26841,73.00594,ERA5,Asia/Kolkata,Open-Meteo Historical Weather API
RJ-Jodhpur,2023-06-12,35.0,39.9,30.2,0.0,0.0,0.0,44,9.09,0.07,0.174,0.22,38.1,36.1,26.26841,73.00594,ERA5,Asia/Kolkata,Open-Meteo Historical Weather API
RJ-Jodhpur,2023-06-13,34.4,39.0,29.9,0.0,0.0,0.0,48,8.83,0.067,0.173,0.22,38.1,36.3,26.26841,73.00594,ERA5,Asia/Kolkata,Open-Meteo Historical Weather API
RJ-Jodhpur,2023-06-14,33.9,38.9,29.3,0.1,0.1,1.0,51,8.9,0.063,0.171,0.219,37.5,36.2,26.26841,73.00594,ERA5,Asia/Kolkata,Open-Meteo Historical Weather API
RJ-Jodhpur,2023-06-15,32.1,37.9,28.8,0.0,0.0,0.0,57,7.34,0.069,0.171,0.22,36.2,35.8,26.26841,73.00594,ERA5,Asia/Kolkata,Open-Meteo Historical Weather API
RJ-Jodhpur,2023-06-16,30.0,35.5,26.1,13.3,13.3,8.0,69,5.31,0.124,0.174,0.223,33.7,34.6,26.26841,73.00594,ERA5,Asia/Kolkata,Open-Meteo Historical Weather API
RJ-Jodhpur,2023-06-17,26.4,28.4,25.4,41.7,41.7,23.0,92,1.3,0.381,0.251,0.224,28.6,31.4,26.26841,73.00594,ERA5,Asia/Kolkata,Open-Meteo Historical Weather API
RJ-Jodhpur,2023-06-18,27.2,29.4,26.1,53.0,53.0,19.0,89,1.24,0.424,0.392,0.235,27.7,29.1,26.26841,73.00594,ERA5,Asia/Kolkata,Open-Meteo Historical Weather API
RJ-Jodhpur,2023-06-19,30.1,34.5,26.6,0.4,0.4,4.0,77,5.16,0.388,0.402,0.258,30.0,29.2,26.26841,73.00594,ERA5,Asia/Kolkata,Open-Meteo Historical Weather API
RJ-Jodhpur,2023-06-20,30.4,34.2,26.6,0.0,0.0,0.0,73,6.22,0.342,0.377,0.263,30.9,30.2,26.26841,73.00594,ERA5,Asia/Kolkata,Open-Meteo Historical Weather API
RJ-Jodhpur,2023-06-21,30.9,34.9,27.2,0.0,0.0,0.0,71,6.39,0.306,0.358,0.264,31.3,30.3,26.26841,73.00594,ERA5,Asia/Kolkata,Open-Meteo Historical Weather API
RJ-Jodhpur,2023-06-22,30.7,34.2,27.7,0.0,0.0,0.0,71,5.98,0.276,0.342,0.265,31.3,30.3,26.26841,73.00594,ERA5,Asia/Kolkata,Open-Meteo Historical Weather API
RJ-Jodhpur,2023-06-23,31.3,34.9,27.9,0.0,0.0,0.0,69,6.29,0.245,0.326,0.265,31.6,30.3,26.26841,73.00594,ERA5,Asia/Kolkata,Open-Meteo Historical Weather API
RJ-Jodhpur,2023-06-24,31.6,35.2,28.3,0.0,0.0,0.0,70,6.31,0.215,0.312,0.264,32.1,30.5,26.26841,73.00594,ERA5,Asia/Kolkata,Open-Meteo Historical Weather API
RJ-Jodhpur,2023-06-25,30.5,33.1,28.1,0.0,0.0,0.0,74,4.23,0.195,0.301,0.264,31.4,30.8,26.26841,73.00594,ERA5,Asia/Kolkata,Open-Meteo Historical Weather API
RJ-Jodhpur,2023-06-26,29.6,32.9,28.0,0.6,0.6,1.0,76,4.45,0.188,0.292,0.264,31.2,30.6,26.26841,73.00594,ERA5,Asia/Kolkata,Open-Meteo Historical Weather API
RJ-Jodhpur,2023-06-27,29.5,33.1,26.9,1.8,1.8,10.0,82,4.24,0.182,0.284,0.264,30.8,30.5,26.26841,73.00594,ERA5,Asia/Kolkata,Open-Meteo Historical Weather API
RJ-Jodhpur,2023-06-28,29.2,33.8,26.0,6.8,6.8,12.0,84,4.22,0.2,0.279,0.264,30.7,30.7,26.26841,73.00594,ERA5,Asia/Kolkata,Open-Meteo Historical Weather API
RJ-Jodhpur,2023-06-29,28.4,32.9,24.8,7.7,7.7,16.0,87,3.96,0.292,0.282,0.264,30.1,30.4,26.26841,73.00594,ERA5,Asia/Kolkata,Open-Meteo Historical Weather API
RJ-Jodhpur,2023-06-30,29.0,33.2,25.2,1.4,1.4,7.0,83,4.79,0.278,0.288,0.265,29.9,30.2,26.26841,73.00594,ERA5,Asia/Kolkata,Open-Meteo Historical Weather API
RJ-Jodhpur,2023-07-01,30.1,34.6,26.1,0.1,0.1,1.0,78,4.7,0.24,0.286,0.265,30.7,30.3,26.26841,73.00594,ERA5,Asia/Kolkata,Open-Meteo Historical Weather API
RJ-Jodhpur,2023-07-02,30.2,33.5,27.2,0.0,0.0,0.0,78,4.57,0.209,0.282,0.266,31.0,30.4,26.26841,73.00594,ERA5,Asia/Kolkata,Open-Meteo Historical Weather API
RJ-Jodhpur,2023-07-03,31.4,35.8,27.5,0.0,0.0,0.0,74,6.14,0.18,0.277,0.266,32.1,30.9,26.26841,73.00594,ERA5,Asia/Kolkata,Open-Meteo Historical Weather API
RJ-Jodhpur,2023-07-04,31.9,36.1,28.0,0.0,0.0,0.0,72,6.4,0.151,0.271,0.266,33.0,31.6,26.26841,73.00594,ERA5,Asia/Kolkata,Open-Meteo Historical Weather API
RJ-Jodhpur,2023-07-05,32.1,36.7,29.1,0.0,0.0,0.0,69,6.38,0.13,0.265,0.266,33.8,32.1,26.26841,73.00594,ERA5,Asia/Kolkata,Open-Meteo Historical Weather API
RJ-Jodhpur,2023-07-06,31.0,36.1,27.5,2.0,2.0,4.0,71,5.09,0.121,0.259,0.266,33.3,32.5,26.26841,73.00594,ERA5,Asia/Kolkata,Open-Meteo Historical Weather API
RJ-Jodhpur,2023-07-07,29.1,35.2,25.8,12.3,12.3,16.0,83,3.83,0.168,0.256,0.266,31.9,32.4,26.26841,73.00594,ERA5,Asia/Kolkata,Open-Meteo Historical Weather API
RJ-Jodhpur,2023-07-08,28.5,32.8,25.8,23.0,23.0,23.0,89,2.9,0.332,0.282,0.27,30.7,31.4,26.26841,73.00594,ERA5,Asia/Kolkata,Open-Meteo Historical Weather API
RJ-Jodhpur,2023-07-09,28.1,31.5,26.0,46.2,46.2,24.0,90,2.24,0.427,0.404,0.279,30.1,30.3,26.26841,73.00594,ERA5,Asia/Kolkata,Open-Meteo Historical Weather API
RJ-Jodhpur,2023-07-10,28.9,32.7,26.4,3.6,3.6,13.0,88,2.4,0.412,0.412,0.296,30.0,30.0,26.26841,73.00594,ERA5,Asia/Kolkata,Open-Meteo Historical Weather API
RJ-Jodhpur,2023-07-11,31.4,35.8,28.3,0.0,0.0,0.0,77,5.67,0.372,0.393,0.302,31.4,30.3,26.26841,73.00594,ERA5,Asia/Kolkata,Open-Meteo Historical Weather API
RJ-Jodhpur,2023-07-12,31.0,34.5,27.8,0.0,0.0,0.0,75,5.76,0.333,0.373,0.304,31.5,30.5,26.26841,73.00594,ERA5,Asia/Kolkata,Open-Meteo Historical Weather API
RJ-Jodhpur,2023-07-13,30.4,33.9,27.8,0.0,0.0,0.0,76,5.83,0.303,0.357,0.304,31.2,30.5,26.26841,73.00594,ERA5,Asia/Kolkata,Open-Meteo Historical Weather API
RJ-Jodhpur,2023-07-14,30.1,33.1,27.3,0.0,0.0,0.0,75,5.69,0.277,0.344,0.305,31.1,30.5,26.26841,73.00594,ERA5,Asia/Kolkata,Open-Meteo Historical Weather API
RJ-Jodhpur,2023-07-15,30.3,33.4,27.4,0.0,0.0,0.0,73,5.87,0.251,0.331,0.304,30.9,30.4,26.26841,73.00594,ERA5,Asia/Kolkata,Open-Meteo Historical Weather API
RJ-Jodhpur,2023-07-16,30.4,33.8,27.1,0.0,0.0,0.0,74,5.16,0.226,0.319,0.304,31.0,30.3,26.26841,73.00594,ERA5,Asia/Kolkata,Open-Meteo Historical Weather API
RJ-Jodhpur,2023-07-17,30.2,33.0,28.3,0.0,0.0,0.0,77,4.6,0.208,0.308,0.303,31.0,30.4,26.26841,73.00594,ERA5,Asia/Kolkata,Open-Meteo Historical Weather API
RJ-Jodhpur,2023-07-18,30.7,34.5,27.9,0.2,0.2,2.0,77,5.11,0.192,0.299,0.303,31.3,30.6,26.26841,73.00594,ERA5,Asia/Kolkata,Open-Meteo Historical Weather API
RJ-Jodhpur,2023-07-19,29.3,32.8,26.8,2.6,2.6,17.0,84,3.73,0.193,0.292,0.302,30.6,30.8,26.26841,73.00594,ERA5,Asia/Kolkata,Open-Meteo Historical Weather API
RJ-Jodhpur,2023-07-20,30.5,34.9,26.6,11.1,11.1,12.0,82,4.49,0.246,0.288,0.303,31.6,31.0,26.26841,73.00594,ERA5,Asia/Kolkata,Open-Meteo Historical Weather API
RJ-Jodhpur,2023-07-21,30.6,36.1,26.2,24.5,24.5,9.0,82,4.58,0.306,0.297,0.302,32.6,31.5,26.26841,73.00594,ERA5,Asia/Kolkata,Open-Meteo Historical Weather API
RJ-Jodhpur,2023-07-22,30.5,35.3,26.5,4.2,4.2,5.0,79,4.88,0.392,0.388,0.305,31.8,31.5,26.26841,73.00594,ERA5,Asia/Kolkata,Open-Meteo Historical Weather API
RJ-Jodhpur,2023-07-23,31.1,34.9,28.1,0.3,0.3,2.0,75,5.33,0.342,0.372,0.308,31.2,31.2,26.26841,73.00594,ERA5,Asia/Kolkata,Open-Meteo Historical Weather API
RJ-Jodhpur,2023-07-24,30.9,35.1,28.1,7.2,7.2,7.0,79,4.55,0.349,0.362,0.309,31.9,31.0,26.26841,73.00594,ERA5,Asia/Kolkata,Open-Meteo Historical Weather API
RJ-Jodhpur,2023-07-25,29.4,32.0,27.5,1.4,1.4,11.0,86,3.14,0.39,0.372,0.309,31.1,30.7,26.26841,73.00594,ERA5,Asia/Kolkata,Open-Meteo Historical Weather API
RJ-Jodhpur,2023-07-26,29.8,33.2,27.5,9.1,9.1,20.0,83,3.95,0.389,0.374,0.311,30.9,30.3,26.26841,73.00594,ERA5,Asia/Kolkata,Open-Meteo Historical Weather API
RJ-Jodhpur,2023-07-27,29.4,32.1,27.7,11.6,11.6,22.0,86,3.32,0.403,0.38,0.313,30.8,30.4,26.26841,73.00594,ERA5,Asia/Kolkata,Open-Meteo Historical Weather API
RJ-Jodhpur,2023-07-28,29.2,32.0,27.4,6.6,6.6,17.0,82,3.05,0.416,0.406,0.318,29.7,29.7,26.26841,73.00594,ERA5,Asia/Kolkata,Open-Meteo Historical Weather API
RJ-Jodhpur,2023-07-29,28.4,30.4,26.5,4.3,4.3,15.0,84,3.71,0.401,0.398,0.324,29.3,29.1,26.26841,73.00594,ERA5,Asia/Kolkata,Open-Meteo Historical Weather API
RJ-Jodhpur,2023-07-30,29.1,32.3,26.5,2.6,2.6,16.0,81,4.37,0.391,0.396,0.327,29.4,29.0,26.26841,73.00594,ERA5,Asia/Kolkata,Open-Meteo Historical Weather API
RJ-Jodhpur,2023-07-31,29.4,32.5,26.9,2.1,2.1,12.0,81,4.4,0.367,0.384,0.33,29.8,29.1,26.26841,73.00594,ERA5,Asia/Kolkata,Open-Meteo Historical Weather API
RJ-Jodhpur,2023-08-01,29.8,33.7,27.2,0.5,0.5,5.0,79,4.39,0.344,0.373,0.331,29.9,29.2,26.26841,73.00594,ERA5,Asia/Kolkata,Open-Meteo Historical Weather API
RJ-Jodhpur,2023-08-02,29.2,31.4,27.5,0.8,0.8,8.0,80,3.96,0.326,0.362,0.331,29.5,29.1,26.26841,73.00594,ERA5,Asia/Kolkata,Open-Meteo Historical Weather API
RJ-Jodhpur,2023-08-03,28.7,31.2,26.3,1.0,1.0,9.0,79,4.06,0.314,0.352,0.331,29.2,28.8,26.26841,73.00594,ERA5,Asia/Kolkata,Open-Meteo Historical Weather API
RJ-Jodhpur,2023-08-04,29.0,31.9,26.2,0.2,0.2,2.0,79,4.21,0.298,0.344,0.331,29.3,28.8,26.26841,73.00594,ERA5,Asia/Kolkata,Open-Meteo Historical Weather API
RJ-Jodhpur,2023-08-05,29.2,32.3,26.8,0.2,0.2,2.0,79,4.32,0.281,0.336,0.33,29.5,29.0,26.26841,73.00594,ERA5,Asia/Kolkata,Open-Meteo Historical Weather API
RJ-Jodhpur,2023-08-06,28.5,30.5,26.3,0.3,0.3,3.0,78,4.19,0.262,0.327,0.329,29.1,28.8,26.26841,73.00594,ERA5,Asia/Kolkata,Open-Meteo Historical Weather API
RJ-Jodhpur,2023-08-07,28.1,29.9,26.6,1.5,1.5,10.0,79,3.84,0.256,0.319,0.328,28.5,28.3,26.26841,73.00594,ERA5,Asia/Kolkata,Open-Meteo Historical Weather API
RJ-Jodhpur,2023-08-08,28.0,30.1,26.1,1.2,1.2,8.0,80,3.69,0.255,0.314,0.328,28.2,28.0,26.26841,73.00594,ERA5,Asia/Kolkata,Open-Meteo Historical Weather API
RJ-Jodhpur,2023-08-09,28.0,30.9,26.0,1.4,1.4,7.0,80,3.55,0.253,0.308,0.327,28.3,28.0,26.26841,73.00594,ERA5,Asia/Kolkata,Open-Meteo Historical Weather API
RJ-Jodhpur,2023-08-10,28.3,31.1,26.0,0.7,0.7,6.0,79,3.87,0.244,0.304,0.327,28.5,28.2,26.26841,73.00594,ERA5,Asia/Kolkata,Open-Meteo Historical Weather API
RJ-Jodhpur,2023-08-11,28.3,30.9,25.6,0.5,0.5,5.0,78,3.84,0.23,0.299,0.326,28.6,28.3,26.26841,73.00594,ERA5,Asia/Kolkata,Open-Meteo Historical Weather API
RJ-Jodhpur,2023-08-12,28.1,30.9,25.8,0.6,0.6,6.0,79,4.07,0.214,0.293,0.324,28.7,28.3,26.26841,73.00594,ERA5,Asia/Kolkata,Open-Meteo Historical Weather API
RJ-Jodhpur,2023-08-13,27.8,30.0,25.7,0.4,0.4,4.0,79,3.5,0.203,0.288,0.323,28.3,28.1,26.26841,73.00594,ERA5,Asia/Kolkata,Open-Meteo Historical Weather API
RJ-Jodhpur,2023-08-14,28.3,30.6,26.3,0.8,0.8,8.0,79,3.26,0.198,0.283,0.322,28.4,27.9,26.26841,73.00594,ERA5,Asia/Kolkata,Open-Meteo Historical Weather API
RJ-Jodhpur,2023-08-15,28.9,32.0,26.3,0.5,0.5,5.0,76,3.86,0.191,0.279,0.321,29.0,28.2,26.26841,73.00594,ERA5,Asia/Kolkata,Open-Meteo Historical Weather API
RJ-Jodhpur,2023-08-16,28.6,32.6,25.5,0.2,0.2,2.0,76,4.86,0.176,0.275,0.32,29.3,28.6,26.26841,73.00594,ERA5,Asia/Kolkata,Open-Meteo Historical Weather API
RJ-Jodhpur,2023-08-17,28.5,32.1,25.6,0.0,0.0,0.0,77,4.81,0.157,0.27,0.319,29.5,28.9,26.26841,73.00594,ERA5,Asia/Kolkata,Open-Meteo Historical Weather API
RJ-Jodhpur,2023-08-18,28.3,32.0,25.5,0.0,0.0,0.0,74,5.46,0.139,0.266,0.318,30.1,29.1,26.26841,73.00594,ERA5,Asia/Kolkata,Open-Meteo Historical Weather API
RJ-Jodhpur,2023-08-19,28.9,33.8,25.6,2.4,2.4,7.0,76,4.99,0.131,0.261,0.317,30.6,29.5,26.26841,73.00594,ERA5,Asia/Kolkata,Open-Meteo Historical Weather API
RJ-Jodhpur,2023-08-20,29.2,33.2,26.8,0.2,0.2,1.0,75,4.05,0.148,0.258,0.316,30.3,29.7,26.26841,73.00594,ERA5,Asia/Kolkata,Open-Meteo Historical Weather API
RJ-Jodhpur,2023-08-21,29.6,34.4,25.7,0.0,0.0,0.0,76,4.45,0.134,0.255,0.315,30.9,29.9,26.26841,73.00594,ERA5,Asia/Kolkata,Open-Meteo Historical Weather API
RJ-Jodhpur,2023-08-22,30.3,34.3,26.9,0.0,0.0,0.0,72,5.9,0.121,0.252,0.314,31.9,30.6,26.26841,73.00594,ERA5,Asia/Kolkata,Open-Meteo Historical Weather API
RJ-Jodhpur,2023-08-23,28.8,31.6,26.5,0.0,0.0,0.0,71,5.44,0.117,0.25,0.314,30.7,30.5,26.26841,73.00594,ERA5,Asia/Kolkata,Open-Meteo Historical Weather API
RJ-Jodhpur,2023-08-24,28.3,30.8,26.0,0.8,0.8,5.0,73,4.38,0.12,0.248,0.313,29.6,29.8,26.26841,73.00594,ERA5,Asia/Kolkata,Open-Meteo Historical Weather API
RJ-Jodhpur,2023-08-25,28.5,31.6,25.9,0.5,0.5,5.0,71,4.58,0.121,0.246,0.313,29.4,29.2,26.26841,73.00594,ERA5,Asia/Kolkata,Open-Meteo Historical Weather API
RJ-Jodhpur,2023-08-26,28.9,32.7,25.6,0.4,0.4,4.0,69,5.04,0.118,0.244,0.312,29.7,29.2,26.26841,73.00594,ERA5,Asia/Kolkata,Open-Meteo Historical Weather API
RJ-Jodhpur,2023-08-27,29.0,33.3,25.5,0.1,0.1,1.0,67,5.2,0.114,0.242,0.312,29.8,29.3,26.26841,73.00594,ERA5,Asia/Kolkata,Open-Meteo Historical Weather API
RJ-Jodhpur,2023-08-28,28.9,32.7,25.7,0.0,0.0,0.0,66,5.91,0.108,0.24,0.311,30.4,29.5,26.26841,73.00594,ERA5,Asia/Kolkata,Open-Meteo Historical Weather API
RJ-Jodhpur,2023-08-29,28.7,31.9,26.1,0.1,0.1,1.0,68,4.69,0.106,0.239,0.31,30.2,29.6,26.26841,73.00594,ERA5,Asia/Kolkata,Open-Meteo Historical Weather API
RJ-Jodhpur,2023-08-30,29.3,34.2,25.8,0.0,0.0,0.0,67,6.06,0.102,0.237,0.31,31.2,29.8,26.26841,73.00594,ERA5,Asia/Kolkata,Open-Meteo Historical Weather API
RJ-Jodhpur,2023-08-31,29.7,34.7,25.1,0.0,0.0,0.0,65,5.95,0.094,0.235,0.309,31.9,30.4,26.26841,73.00594,ERA5,Asia/Kolkata,Open-Meteo Historical Weather API
RJ-Jodhpur,2023-09-01,30.4,35.7,26.1,0.0,0.0,0.0,61,6.33,0.089,0.232,0.307,32.8,31.0,26.26841,73.00594,ERA5,Asia/Kolkata,Open-Meteo Historical Weather API
RJ-Jodhpur,2023-09-02,30.6,35.9,26.0,0.0,0.0,0.0,59,6.77,0.085,0.229,0.306,32.8,31.4,26.26841,73.00594,ERA5,Asia/Kolkata,Open-Meteo Historical Weather API
RJ-Jodhpur,2023-09-03,30.5,35.6,26.0,0.0,0.0,0.0,60,6.7,0.082,0.227,0.305,32.9,31.6,26.26841,73.00594,ERA5,Asia/Kolkata,Open-Meteo Historical Weather API
RJ-Jodhpur,2023-09-04,30.2,34.9,26.3,0.0,0.0,0.0,58,6.58,0.081,0.225,0.304,33.0,31.8,26.26841,73.00594,ERA5,Asia/Kolkata,Open-Meteo Historical Weather API
RJ-Jodhpur,2023-09-05,30.9,36.6,25.3,0.0,0.0,0.0,59,6.26,0.085,0.223,0.303,33.3,31.9,26.26841,73.00594,ERA5,Asia/Kolkata,Open-Meteo Historical Weather API
RJ-Jodhpur,2023-09-06,32.7,38.5,27.8,0.0,0.0,0.0,52,6.66,0.081,0.222,0.303,34.1,32.6,26.26841,73.00594,ERA5,Asia/Kolkata,Open-Meteo Historical Weather API
RJ-Jodhpur,2023-09-07,32.0,37.5,27.4,0.0,0.0,0.0,61,5.99,0.081,0.22,0.302,34.6,33.1,26.26841,73.00594,ERA5,Asia/Kolkata,Open-Meteo Historical Weather API
RJ-Jodhpur,2023-09-08,32.2,38.2,27.5,0.0,0.0,0.0,62,5.83,0.085,0.22,0.302,35.0,33.5,26.26841,73.00594,ERA5,Asia/Kolkata,Open-Meteo Historical Weather API
RJ-Jodhpur,2023-09-09,32.0,38.0,27.0,0.0,0.0,0.0,64,5.23,0.086,0.22,0.302,34.8,33.6,26.26841,73.00594,ERA5,Asia/Kolkata,Open-Meteo Historical Weather API
RJ-Jodhpur,2023-09-10,32.2,37.9,27.4,0.0,0.0,0.0,61,6.68,0.08,0.219,0.301,34.8,33.6,26.26841,73.00594,ERA5,Asia/Kolkata,Open-Meteo Historical Weather API
RJ-Jodhpur,2023-09-11,32.0,36.2,28.2,0.0,0.0,0.0,57,7.23,0.078,0.218,0.301,34.9,33.7,26.26841,73.00594,ERA5,Asia/Kolkata,Open-Meteo Historical Weather API
RJ-Jodhpur,2023-09-12,31.2,35.8,27.5,0.0,0.0,0.0,58,6.96,0.115,0.177,0.236,34.3,33.6,26.26841,73.00594,ERA5,Asia/Kolkata,Open-Meteo Historical Weather API
RJ-Jodhpur,2023-09-13,30.3,34.6,27.6,0.0,0.0,0.0,62,5.99,0.089,0.208,0.285,33.3,33.2,26.26841,73.00594,ERA5,Asia/Kolkata,Open-Meteo Historical Weather API
RJ-Jodhpur,2023-09-14,29.1,32.6,27.4,1.2,1.2,4.0,71,4.28,0.117,0.18,0.241,31.9,32.4,26.26841,73.00594,ERA5,Asia/Kolkata,Open-Meteo Historical Weather API
RJ-Jodhpur,2023-09-15,28.9,33.4,25.9,4.7,4.7,12.0,78,3.98,0.166,0.174,0.231,31.4,31.8,26.26841,73.00594,ERA5,Asia/Kolkata,Open-Meteo Historical Weather API
RJ-Jodhpur,2023-09-16,29.2,35.3,25.3,7.4,7.4,10.0,82,4.27,0.231,0.179,0.231,30.8,31.5,26.26841,73.00594,ERA5,Asia/Kolkata,Open-Meteo Historical Weather API
RJ-Jodhpur,2023-09-17,28.4,32.0,26.3,3.7,3.7,11.0,84,3.04,0.256,0.192,0.23,29.8,30.6,26.26841,73.00594,ERA5,Asia/Kolkata,Open-Meteo Historical Weather API
RJ-Jodhpur,2023-09-18,27.0,29.3,25.6,11.2,11.2,18.0,89,2.43,0.272,0.204,0.231,28.8,29.7,26.26841,73.00594,ERA5,Asia/Kolkata,Open-Meteo Historical Weather API
RJ-Jodhpur,2023-09-19,27.5,30.3,24.9,1.7,1.7,8.0,86,2.7,0.301,0.226,0.231,28.5,29.0,26.26841,73.00594,ERA5,Asia/Kolkata,Open-Meteo Historical Weather API
RJ-Jodhpur,2023-09-20,29.0,32.7,26.3,1.1,1.1,6.0,80,3.83,0.271,0.234,0.231,29.6,29.1,26.26841,73.00594,ERA5,Asia/Kolkata,Open-Meteo Historical Weather API
RJ-Jodhpur,2023-09-21,29.9,33.9,26.7,0.2,0.2,2.0,78,4.57,0.244,0.231,0.229,30.9,30.0,26.26841,73.00594,ERA5,Asia/Kolkata,Open-Meteo Historical Weather API
RJ-Jodhpur,2023-09-22,30.1,34.2,26.5,0.0,0.0,0.0,75,4.69,0.22,0.226,0.228,31.1,30.3,26.26841,73.00594,ERA5,Asia/Kolkata,Open-Meteo Historical Weather API
RJ-Jodhpur,2023-09-23,30.3,34.6,26.8,0.0,0.0,0.0,77,4.81,0.198,0.221,0.226,31.3,30.3,26.26841,73.00594,ERA5,Asia/Kolkata,Open-Meteo Historical Weather API
RJ-Jodhpur,2023-09-24,29.7,34.3,26.8,0.2,0.2,2.0,79,4.53,0.187,0.216,0.225,31.2,30.5,26.26841,73.00594,ERA5,Asia/Kolkata,Open-Meteo Historical Weather API
RJ-Jodhpur,2023-09-25,29.4,33.6,25.9,0.4,0.4,1.0,78,4.31,0.181,0.213,0.225,31.2,30.5,26.26841,73.00594,ERA5,Asia/Kolkata,Open-Meteo Historical Weather API
RJ-Jodhpur,2023-09-26,30.0,35.2,26.1,0.4,0.4,3.0,69,4.7,0.17,0.208,0.223,32.0,30.9,26.26841,73.00594,ERA5,Asia/Kolkata,Open-Meteo Historical Weather API
RJ-Jodhpur,2023-09-27,29.8,36.3,26.0,0.7,0.7,2.0,70,4.59,0.165,0.207,0.224,32.4,31.5,26.26841,73.00594,ERA5,Asia/Kolkata,Open-Meteo Historical Weather API
RJ-Jodhpur,2023-09-28,29.8,35.4,25.5,0.0,0.0,0.0,69,4.71,0.164,0.207,0.226,32.1,31.6,26.26841,73.00594,ERA5,Asia/Kolkata,Open-Meteo Historical Weather API
RJ-Jodhpur,2023-09-29,29.9,36.6,25.1,0.0,0.0,0.0,62,5.08,0.157,0.205,0.226,32.3,31.5,26.26841,73.00594,ERA5,Asia/Kolkata,Open-Meteo Historical Weather API
RJ-Jodhpur,2023-09-30,30.3,36.4,25.4,0.0,0.0,0.0,59,5.31,0.156,0.205,0.228,32.6,31.7,26.26841,73.00594,ERA5,Asia/Kolkata,Open-Meteo Historical Weather API
RJ-Jodhpur,2023-10-01,30.0,36.9,24.8,0.0,0.0,0.0,54,5.95,0.154,0.203,0.229,32.1,31.5,26.26841,73.00594,ERA5,Asia/Kolkata,Open-Meteo Historical Weather API
RJ-Jodhpur,2023-10-02,29.5,37.7,23.0,0.0,0.0,0.0,45,6.39,0.151,0.202,0.23,31.7,31.3,26.26841,73.00594,ERA5,Asia/Kolkata,Open-Meteo Historical Weather API
RJ-Jodhpur,2023-10-03,29.4,37.7,23.5,0.0,0.0,0.0,44,6.09,0.146,0.199,0.229,31.8,31.2,26.26841,73.00594,ERA5,Asia/Kolkata,Open-Meteo Historical Weather API
RJ-Jodhpur,2023-10-04,29.3,37.8,22.0,0.0,0.0,0.0,45,6.61,0.142,0.195,0.228,31.2,31.0,26.26841,73.00594,ERA5,Asia/Kolkata,Open-Meteo Historical Weather API
RJ-Jodhpur,2023-10-05,29.1,36.3,23.3,0.0,0.0,0.0,49,6.74,0.139,0.192,0.227,31.3,30.9,26.26841,73.00594,ERA5,Asia/Kolkata,Open-Meteo Historical Weather API
RJ-Jodhpur,2023-10-06,28.1,34.3,23.6,0.0,0.0,0.0,56,6.34,0.138,0.19,0.226,30.6,30.6,26.26841,73.00594,ERA5,Asia/Kolkata,Open-Meteo Historical Weather API
RJ-Jodhpur,2023-10-07,27.9,33.8,23.1,0.0,0.0,0.0,62,5.83,0.136,0.188,0.226,30.4,30.4,26.26841,73.00594,ERA5,Asia/Kolkata,Open-Meteo Historical Weather API
RJ-Jodhpur,2023-10-08,28.5,34.6,23.8,0.0,0.0,0.0,62,5.95,0.136,0.187,0.226,30.6,30.3,26.26841,73.00594,ERA5,Asia/Kolkata,Open-Meteo Historical Weather API
RJ-Jodhpur,2023-10-09,29.0,35.0,24.7,0.0,0.0,0.0,59,6.45,0.136,0.186,0.226,30.7,30.5,26.26841,73.00594,ERA5,Asia/Kolkata,Open-Meteo Historical Weather API
RJ-Jodhpur,2023-10-10,28.9,34.0,25.1,0.0,0.0,0.0,63,5.63,0.135,0.185,0.226,31.2,30.6,26.26841,73.00594,ERA5,Asia/Kolkata,Open-Meteo Historical Weather API
RJ-Jodhpur,2023-10-11,29.6,35.6,24.6,0.0,0.0,0.0,62,5.23,0.136,0.184,0.226,31.9,30.8,26.26841,73.00594,ERA5,Asia/Kolkata,Open-Meteo Historical Weather API
RJ-Jodhpur,2023-10-12,29.9,36.1,25.4,0.0,0.0,0.0,58,5.52,0.137,0.184,0.226,32.4,31.4,26.26841,73.00594,ERA5,Asia/Kolkata,Open-Meteo Historical Weather API
RJ-Jodhpur,2023-10-13,29.1,35.8,23.7,0.0,0.0,0.0,53,5.52,0.139,0.184,0.226,31.5,31.4,26.26841,73.00594,ERA5,Asia/Kolkata,Open-Meteo Historical Weather API
RJ-Jodhpur,2023-10-14,28.9,35.5,21.9,0.0,0.0,0.0,56,5.62,0.143,0.184,0.227,31.3,31.1,26.26841,73.00594,ERA5,Asia/Kolkata,Open-Meteo Historical Weather API
RJ-Jodhpur,2023-10-15,29.6,35.4,25.9,0.0,0.0,0.0,51,6.23,0.143,0.184,0.227,31.8,31.3,26.26841,73.00594,ERA5,Asia/Kolkata,Open-Meteo Historical Weather API
RJ-Jodhpur,2023-10-16,28.1,34.5,24.9,0.4,0.4,1.0,54,5.86,0.146,0.183,0.228,30.6,31.0,26.26841,73.00594,ERA5,Asia/Kolkata,Open-Meteo Historical Weather API
RJ-Jodhpur,2023-10-17,26.4,33.2,21.7,0.0,0.0,0.0,56,4.56,0.159,0.184,0.229,29.2,30.3,26.26841,73.00594,ERA5,Asia/Kolkata,Open-Meteo Historical Weather API
RJ-Jodhpur,2023-10-18,26.9,32.6,21.7,0.0,0.0,0.0,54,5.09,0.151,0.183,0.228,29.8,29.8,26.26841,73.00594,ERA5,Asia/Kolkata,Open-Meteo Historical Weather API
RJ-Jodhpur,2023-10-19,27.0,33.4,21.9,0.0,0.0,0.0,54,4.63,0.14,0.18,0.227,30.1,29.8,26.26841,73.00594,ERA5,Asia/Kolkata,Open-Meteo Historical Weather API
RJ-Jodhpur,2023-10-20,27.1,34.0,21.0,0.0,0.0,0.0,51,4.66,0.134,0.179,0.225,30.0,29.8,26.26841,73.00594,ERA5,Asia/Kolkata,Open-Meteo Historical Weather API
RJ-Jodhpur,2023-10-21,27.5,35.1,20.8,0.0,0.0,0.0,50,4.63,0.133,0.179,0.226,30.1,29.9,26.26841,73.00594,ERA5,Asia/Kolkata,Open-Meteo Historical Weather API
RJ-Jodhpur,2023-10-22,27.2,33.7,22.3,0.1,0.1,1.0,55,4.56,0.136,0.183,0.229,30.3,30.1,26.26841,73.00594,ERA5,Asia/Kolkata,Open-Meteo Historical Weather API
RJ-Jodhpur,2023-10-23,26.9,34.1,21.0,0.0,0.0,0.0,53,4.63,0.138,0.183,0.23,30.0,30.0,26.26841,73.00594,ERA5,Asia/Kolkata,Open-Meteo Historical Weather API
RJ-Jodhpur,2023-10-24,26.0,33.3,20.1,0.0,0.0,0.0,52,4.49,0.136,0.185,0.231,28.8,29.5,26.26841,73.00594,ERA5,Asia/Kolkata,Open-Meteo Historical Weather API
RJ-Jodhpur,2023-10-25,26.0,34.6,20.2,0.0,0.0,0.0,53,4.6,0.136,0.187,0.234,28.0,28.7,26.26841,73.00594,ERA5,Asia/Kolkata,Open-Meteo Historical Weather API
RJ-Jodhpur,2023-10-26,25.8,34.4,19.8,0.0,0.0,0.0,51,4.6,0.136,0.188,0.235,27.8,28.3,26.26841,73.00594,ERA5,Asia/Kolkata,Open-Meteo Historical Weather API
RJ-Jodhpur,2023-10-27,25.5,34.6,18.1,0.0,0.0,0.0,52,4.85,0.137,0.188,0.236,27.1,28.0,26.26841,73.00594,ERA5,Asia/Kolkata,Open-Meteo Historical Weather API
RJ-Jodhpur,2023-10-28,25.6,33.4,20.1,0.0,0.0,0.0,52,4.29,0.143,0.189,0.237,27.5,28.0,26.26841,73.00594,ERA5,Asia/Kolkata,Open-Meteo Historical Weather API
RJ-Jodhpur,2023-10-29,25.9,34.8,19.1,0.0,0.0,0.0,54,4.36,0.145,0.189,0.237,27.9,28.2,26.26841,73.00594,ERA5,Asia/Kolkata,Open-Meteo Historical Weather API
RJ-Jodhpur,2023-10-30,26.4,35.2,19.4,0.0,0.0,0.0,51,4.74,0.145,0.189,0.238,28.0,28.4,26.26841,73.00594,ERA5,Asia/Kolkata,Open-Meteo Historical Weather API
RJ-Jodhpur,2023-10-31,27.0,34.8,21.9,0.0,0.0,0.0,47,4.95,0.143,0.19,0.239,28.0,28.3,26.26841,73.00594,ERA5,Asia/Kolkata,Open-Meteo Historical Weather API
RJ-Jodhpur,2023-11-01,26.3,34.3,20.2,0.0,0.0,0.0,50,4.73,0.141,0.19,0.239,27.5,27.8,26.26841,73.00594,ERA5,Asia/Kolkata,Open-Meteo Historical Weather API
RJ-Jodhpur,2023-11-02,25.4,34.1,19.7,0.0,0.0,0.0,54,3.97,0.142,0.19,0.24,27.0,27.5,26.26841,73.00594,ERA5,Asia/Kolkata,Open-Meteo Historical Weather API
RJ-Jodhpur,2023-11-03,25.4,33.7,17.9,0.0,0.0,0.0,52,4.46,0.141,0.192,0.242,26.6,27.2,26.26841,73.00594,ERA5,Asia/Kolkata,Open-Meteo Historical Weather API
RJ-Jodhpur,2023-11-04,25.6,33.7,20.0,0.0,0.0,0.0,53,4.18,0.144,0.194,0.244,26.8,27.4,26.26841,73.00594,ERA5,Asia/Kolkata,Open-Meteo Historical Weather API
RJ-Jodhpur,2023-11-05,25.5,34.7,18.0,0.0,0.0,0.0,55,4.45,0.146,0.195,0.245,26.4,27.1,26.26841,73.00594,ERA5,Asia/Kolkata,Open-Meteo Historical Weather API
RJ-Jodhpur,2023-11-06,25.2,33.6,18.8,0.0,0.0,0.0,53,4.56,0.148,0.195,0.246,26.2,27.0,26.26841,73.00594,ERA5,Asia/Kolkata,Open-Meteo Historical Weather API
RJ-Jodhpur,2023-11-07,25.0,33.4,19.8,0.0,0.0,0.0,55,4.03,0.154,0.196,0.247,25.7,26.8,26.26841,73.00594,ERA5,Asia/Kolkata,Open-Meteo Historical Weather API
RJ-Jodhpur,2023-11-08,24.5,33.0,18.4,0.0,0.0,0.0,58,3.63,0.154,0.197,0.248,25.7,26.5,26.26841,73.00594,ERA5,Asia/Kolkata,Open-Meteo Historical Weather API
RJ-Jodhpur,2023-11-09,23.6,31.7,18.1,0.0,0.0,0.0,62,3.73,0.152,0.198,0.248,25.2,26.3,26.26841,73.00594,ERA5,Asia/Kolkata,Open-Meteo Historical Weather API
RJ-Jodhpur,2023-11-10,25.0,32.3,20.1,0.0,0.0,0.0,52,4.87,0.151,0.198,0.249,25.8,26.2,26.26841,73.00594,ERA5,Asia/Kolkata,Open-Meteo Historical Weather API
RJ-Jodhpur,2023-11-11,21.7,29.1,16.1,0.0,0.0,0.0,62,4.19,0.149,0.197,0.249,24.2,25.8,26.26841,73.00594,ERA5,Asia/Kolkata,Open-Meteo Historical Weather API
RJ-Jodhpur,2023-11-12,21.0,28.6,14.5,0.0,0.0,0.0,64,3.72,0.147,0.196,0.248,23.6,24.8,26.26841,73.00594,ERA5,Asia/Kolkata,Open-Meteo Historical Weather API
RJ-Jodhpur,2023-11-13,21.4,29.1,14.7,0.0,0.0,0.0,58,3.86,0.145,0.195,0.248,23.2,24.4,26.26841,73.00594,ERA5,Asia/Kolkata,Open-Meteo Historical Weather API
RJ-Jodhpur,2023-11-14,22.1,28.8,18.4,0.0,0.0,0.0,56,3.61,0.147,0.196,0.249,23.5,24.6,26.26841,73.00594,ERA5,Asia/Kolkata,Open-Meteo Historical Weather API
RJ-Jodhpur,2023-11-15,21.1,28.4,16.2,0.0,0.0,0.0,56,4.16,0.148,0.196,0.249,23.0,24.3,26.26841,73.00594,ERA5,Asia/Kolkata,Open-Meteo Historical Weather API
RJ-Jodhpur,2023-11-16,20.7,28.3,15.0,0.0,0.0,0.0,56,4.1,0.151,0.197,0.249,22.5,23.9,26.26841,73.00594,ERA5,Asia/Kolkata,Open-Meteo Historical Weather API
RJ-Jodhpur,2023-11-17,20.5,27.8,15.0,0.0,0.0,0.0,54,4.24,0.15,0.197,0.25,22.2,23.6,26.26841,73.00594,ERA5,Asia/Kolkata,Open-Meteo Historical Weather API
RJ-Jodhpur,2023-11-18,20.4,28.6,14.3,0.0,0.0,0.0,59,3.67,0.15,0.197,0.25,22.1,23.5,26.26841,73.00594,ERA5,Asia/Kolkata,Open-Meteo Historical Weather API
RJ-Jodhpur,2023-11-19,20.9,29.1,14.7,0.0,0.0,0.0,60,3.71,0.151,0.199,0.251,22.4,23.5,26.26841,73.00594,ERA5,Asia/Kolkata,Open-Meteo Historical Weather API
RJ-Jodhpur,2023-11-20,21.7,29.0,16.3,0.0,0.0,0.0,59,4.11,0.15,0.199,0.252,23.0,23.8,26.26841,73.00594,ERA5,Asia/Kolkata,Open-Meteo Historical Weather API
RJ-Jodhpur,2023-11-21,21.4,28.8,16.7,0.0,0.0,0.0,54,4.26,0.151,0.199,0.252,22.9,23.8,26.26841,73.00594,ERA5,Asia/Kolkata,Open-Meteo Historical Weather API
RJ-Jodhpur,2023-11-22,19.8,28.7,13.1,0.0,0.0,0.0,59,3.46,0.149,0.199,0.252,21.8,23.2,26.26841,73.00594,ERA5,Asia/Kolkata,Open-Meteo Historical Weather API
RJ-Jodhpur,2023-11-23,19.7,29.2,12.5,0.0,0.0,0.0,58,3.54,0.146,0.199,0.252,21.0,22.6,26.26841,73.00594,ERA5,Asia/Kolkata,Open-Meteo Historical Weather API
RJ-Jodhpur,2023-11-24,20.5,29.2,13.9,0.0,0.0,0.0,55,4.03,0.146,0.2,0.253,21.3,22.5,26.26841,73.00594,ERA5,Asia/Kolkata,Open-Meteo Historical Weather API
RJ-Jodhpur,2023-11-25,20.5,28.4,14.9,0.0,0.0,0.0,54,3.97,0.147,0.201,0.254,21.6,22.6,26.26841,73.00594,ERA5,Asia/Kolkata,Open-Meteo Historical Weather API
RJ-Jodhpur,2023-11-26,18.6,21.6,17.3,7.7,7.7,13.0,69,2.23,0.181,0.203,0.256,20.0,22.4,26.26841,73.00594,ERA5,Asia/Kolkata,Open-Meteo Historical Weather API
RJ-Jodhpur,2023-11-27,18.4,22.1,16.0,17.5,17.5,10.0,82,1.97,0.316,0.227,0.256,20.2,21.5,26.26841,73.00594,ERA5,Asia/Kolkata,Open-Meteo Historical Weather API
RJ-Jodhpur,2023-11-28,18.6,22.6,16.1,0.4,0.4,4.0,83,2.45,0.279,0.24,0.256,20.1,21.0,26.26841,73.00594,ERA5,Asia/Kolkata,Open-Meteo Historical Weather API
RJ-Jodhpur,2023-11-29,18.7,23.9,15.1,0.1,0.1,1.0,83,2.53,0.259,0.242,0.257,20.0,20.7,26.26841,73.00594,ERA5,Asia/Kolkata,Open-Meteo Historical Weather API
RJ-Jodhpur,2023-11-30,19.5,25.9,15.0,0.0,0.0,0.0,77,3.03,0.243,0.242,0.257,20.4,20.8,26.26841,73.00594,ERA5,Asia/Kolkata,Open-Meteo Historical Weather API
RJ-Jodhpur,2023-12-01,19.3,24.2,15.8,0.0,0.0,0.0,78,2.98,0.225,0.242,0.257,20.3,20.8,26.26841,73.00594,ERA5,Asia/Kolkata,Open-Meteo Historical Weather API
RJ-Jodhpur,2023-12-02,20.3,25.4,16.5,0.0,0.0,0.0,72,3.3,0.212,0.24,0.257,20.7,20.7,26.26841,73.00594,ERA5,Asia/Kolkata,Open-Meteo Historical Weather API
RJ-Jodhpur,2023-12-03,20.1,24.5,17.2,0.8,0.8,5.0,76,2.65,0.199,0.238,0.257,20.7,21.1,26.26841,73.00594,ERA5,Asia/Kolkata,Open-Meteo Historical Weather API
RJ-Jodhpur,2023-12-04,18.7,24.6,15.2,0.0,0.0,0.0,73,3.15,0.194,0.236,0.256,20.1,20.9,26.26841,73.00594,ERA5,Asia/Kolkata,Open-Meteo Historical Weather API
RJ-Jodhpur,2023-12-05,18.0,24.6,13.1,0.0,0.0,0.0,61,3.59,0.19,0.235,0.257,18.7,19.8,26.26841,73.00594,ERA5,Asia/Kolkata,Open-Meteo Historical Weather API
RJ-Jodhpur,2023-12-06,18.0,24.9,13.1,0.0,0.0,0.0,61,3.56,0.181,0.232,0.256,18.8,19.5,26.26841,73.00594,ERA5,Asia/Kolkata,Open-Meteo Historical Weather API
RJ-Jodhpur,2023-12-07,17.5,25.4,12.0,0.0,0.0,0.0,62,3.35,0.173,0.228,0.255,18.7,19.4,26.26841,73.00594,ERA5,Asia/Kolkata,Open-Meteo Historical Weather API
RJ-Jodhpur,2023-12-08,17.3,26.0,11.0,0.0,0.0,0.0,63,2.98,0.132,0.234,0.273,18.4,19.3,26.26841,73.00594,ERA5,Asia/Kolkata,Open-Meteo Historical Weather API
RJ-Jodhpur,2023-12-09,17.9,26.5,10.4,0.0,0.0,0.0,60,2.92,0.12,0.234,0.278,18.3,19.3,26.26841,73.00594,ERA5,Asia/Kolkata,Open-Meteo Historical Weather API
RJ-Jodhpur,2023-12-10,17.7,26.4,10.2,0.0,0.0,0.0,57,3.01,0.113,0.232,0.277,18.4,19.3,26.26841,73.00594,ERA5,Asia/Kolkata,Open-Meteo Historical Weather API
RJ-Jodhpur,2023-12-11,17.3,27.1,9.8,0.0,0.0,0.0,58,3.1,0.106,0.23,0.277,18.2,19.2,26.26841,73.00594,ERA5,Asia/Kolkata,Open-Meteo Historical Weather API
RJ-Jodhpur,2023-12-12,17.4,26.6,9.7,0.0,0.0,0.0,60,2.98,0.105,0.229,0.277,18.1,19.2,26.26841,73.00594,ERA5,Asia/Kolkata,Open-Meteo Historical Weather API
RJ-Jodhpur,2023-12-13,17.6,26.6,10.3,0.0,0.0,0.0,60,3.06,0.102,0.227,0.277,18.6,19.3,26.26841,73.00594,ERA5,Asia/Kolkata,Open-Meteo Historical Weather API
RJ-Jodhpur,2023-12-14,18.1,27.0,11.6,0.0,0.0,0.0,59,3.18,0.097,0.224,0.276,19.3,19.6,26.26841,73.00594,ERA5,Asia/Kolkata,Open-Meteo Historical Weather API
RJ-Jodhpur,2023-12-15,18.3,26.6,10.4,0.0,0.0,0.0,57,2.95,0.096,0.222,0.275,18.9,19.8,26.26841,73.00594,ERA5,Asia/Kolkata,Open-Meteo Historical Weather API
RJ-Jodhpur,2023-12-16,18.1,26.5,11.5,0.0,0.0,0.0,57,2.91,0.096,0.22,0.275,18.7,19.7,26.26841,73.00594,ERA5,Asia/Kolkata,Open-Meteo Historical Weather API
RJ-Jodhpur,2023-12-17,17.5,26.1,11.0,0.0,0.0,0.0,56,3.15,0.095,0.219,0.275,18.7,19.5,26.26841,73.00594,ERA5,Asia/Kolkata,Open-Meteo Historical Weather API
RJ-Jodhpur,2023-12-18,17.3,25.0,12.5,0.0,0.0,0.0,50,3.98,0.096,0.218,0.275,18.4,19.5,26.26841,73.00594,ERA5,Asia/Kolkata,Open-Meteo Historical Weather API
RJ-Jodhpur,2023-12-19,16.2,23.9,10.2,0.0,0.0,0.0,51,3.55,0.092,0.216,0.274,17.7,19.0,26.26841,73.00594,ERA5,Asia/Kolkata,Open-Meteo Historical Weather API
RJ-Jodhpur,2023-12-20,16.0,23.2,10.0,0.0,0.0,0.0,52,3.13,0.094,0.215,0.273,17.0,18.8,26.26841,73.00594,ERA5,Asia/Kolkata,Open-Meteo Historical Weather API
RJ-Jodhpur,2023-12-21,17.5,26.8,11.2,0.0,0.0,0.0,51,3.69,0.093,0.213,0.273,17.8,18.8,26.26841,73.00594,ERA5,Asia/Kolkata,Open-Meteo Historical Weather API
RJ-Jodhpur,2023-12-22,18.9,27.7,11.3,0.0,0.0,0.0,49,3.67,0.087,0.21,0.272,19.2,19.1,26.26841,73.00594,ERA5,Asia/Kolkata,Open-Meteo Historical Weather API
RJ-Jodhpur,2023-12-23,18.9,27.5,12.5,0.0,0.0,0.0,53,3.6,0.088,0.209,0.271,19.7,19.8,26.26841,73.00594,ERA5,Asia/Kolkata,Open-Meteo Historical Weather API
RJ-Jodhpur,2023-12-24,18.4,26.2,12.7,0.0,0.0,0.0,56,3.8,0.092,0.211,0.272,19.1,19.9,26.26841,73.00594,ERA5,Asia/Kolkata,Open-Meteo Historical Weather API
RJ-Jodhpur,2023-12-25,18.3,26.0,11.4,0.0,0.0,0.0,58,3.59,0.091,0.21,0.272,19.3,19.7,26.26841,73.00594,ERA5,Asia/Kolkata,Open-Meteo Historical Weather API
RJ-Jodhpur,2023-12-26,18.4,26.7,11.5,0.0,0.0,0.0,63,3.08,0.089,0.209,0.271,19.4,19.7,26.26841,73.00594,ERA5,Asia/Kolkata,Open-Meteo Historical Weather API
RJ-Jodhpur,2023-12-27,18.9,27.1,12.7,0.0,0.0,0.0,63,3.58,0.088,0.208,0.27,19.8,20.0,26.26841,73.00594,ERA5,Asia/Kolkata,Open-Meteo Historical Weather API
RJ-Jodhpur,2023-12-28,18.2,26.4,11.9,0.0,0.0,0.0,53,3.99,0.084,0.207,0.27,19.4,20.1,26.26841,73.00594,ERA5,Asia/Kolkata,Open-Meteo Historical Weather API
RJ-Jodhpur,2023-12-29,18.0,25.4,12.4,0.0,0.0,0.0,59,3.54,0.083,0.206,0.27,19.2,19.8,26.26841,73.00594,ERA5,Asia/Kolkata,Open-Meteo Historical Weather API
RJ-Jodhpur,2023-12-30,17.7,23.6,12.9,0.0,0.0,0.0,64,3.3,0.089,0.208,0.272,19.3,20.1,26.26841,73.00594,ERA5,Asia/Kolkata,Open-Meteo Historical Weather API
RJ-Jodhpur,2023-12-31,17.5,24.0,13.0,0.0,0.0,0.0,61,3.65,0.085,0.208,0.272,19.2,20.0,26.26841,73.00594,ERA5,Asia/Kolkata,Open-Meteo Historical Weather API
RJ-Jodhpur,2024-01-01,16.0,22.6,10.9,0.0,0.0,0.0,62,3.39,0.087,0.208,0.272,18.3,19.7,26.26841,73.00594,ERA5,Asia/Kolkata,Open-Meteo Historical Weather API
RJ-Jodhpur,2024-01-02,14.4,20.5,9.5,0.0,0.0,0.0,70,2.92,0.096,0.21,0.274,16.9,18.8,26.26841,73.00594,ERA5,Asia/Kolkata,Open-Meteo Historical Weather API
RJ-Jodhpur,2024-01-03,14.0,20.8,8.7,0.0,0.0,0.0,70,2.92,0.101,0.209,0.275,16.0,18.0,26.26841,73.00594,ERA5,Asia/Kolkata,Open-Meteo Historical Weather API
RJ-Jodhpur,2024-01-04,13.4,20.2,8.5,0.0,0.0,0.0,69,2.88,0.098,0.208,0.276,15.7,17.4,26.26841,73.00594,ERA5,Asia/Kolkata,Open-Meteo Historical Weather API
RJ-Jodhpur,2024-01-05,13.6,20.6,7.7,0.0,0.0,0.0,67,3.01,0.096,0.209,0.276,15.5,17.0,26.26841,73.00594,ERA5,Asia/Kolkata,Open-Meteo Historical Weather API
RJ-Jodhpur,2024-01-06,14.0,20.7,9.0,0.0,0.0,0.0,69,2.98,0.095,0.209,0.276,15.9,17.1,26.26841,73.00594,ERA5,Asia/Kolkata,Open-Meteo Historical Weather API
RJ-Jodhpur,2024-01-07,14.0,20.4,8.3,0.0,0.0,0.0,72,2.92,0.097,0.21,0.277,16.0,17.1,26.26841,73.00594,ERA5,Asia/Kolkata,Open-Meteo Historical Weather API
RJ-Jodhpur,2024-01-08,14.4,20.8,9.7,0.0,0.0,0.0,75,2.75,0.104,0.212,0.278,16.0,17.1,26.26841,73.00594,ERA5,Asia/Kolkata,Open-Meteo Historical Weather API
RJ-Jodhpur,2024-01-09,14.6,20.2,10.8,0.0,0.0,0.0,74,2.84,0.107,0.212,0.278,16.2,17.2,26.26841,73.00594,ERA5,Asia/Kolkata,Open-Meteo Historical Weather API
RJ-Jodhpur,2024-01-10,13.9,21.7,8.3,0.0,0.0,0.0,64,3.24,0.096,0.211,0.278,15.7,16.7,26.26841,73.00594,ERA5,Asia/Kolkata,Open-Meteo Historical Weather API
RJ-Jodhpur,2024-01-11,14.9,24.2,7.3,0.0,0.0,0.0,54,3.57,0.076,0.206,0.274,16.6,16.7,26.26841,73.00594,ERA5,Asia/Kolkata,Open-Meteo Historical Weather API
RJ-Jodhpur,2024-01-12,16.9,26.4,9.0,0.0,0.0,0.0,54,3.37,0.07,0.202,0.272,18.0,17.6,26.26841,73.00594,ERA5,Asia/Kolkata,Open-Meteo Historical Weather API
RJ-Jodhpur,2024-01-13,17.7,26.5,10.3,0.0,0.0,0.0,52,3.31,0.069,0.2,0.271,18.5,18.5,26.26841,73.00594,ERA5,Asia/Kolkata,Open-Meteo Historical Weather API
RJ-Jodhpur,2024-01-14,16.4,25.4,9.1,0.0,0.0,0.0,50,3.58,0.073,0.2,0.271,17.9,18.4,26.26841,73.00594,ERA5,Asia/Kolkata,Open-Meteo Historical Weather API
RJ-Jodhpur,2024-01-15,16.8,25.4,9.9,0.0,0.0,0.0,54,3.23,0.069,0.199,0.27,18.6,18.4,26.26841,73.00594,ERA5,Asia/Kolkata,Open-Meteo Historical Weather API
RJ-Jodhpur,2024-01-16,17.4,26.1,9.4,0.0,0.0,0.0,49,3.27,0.071,0.198,0.269,18.4,18.4,26.26841,73.00594,ERA5,Asia/Kolkata,Open-Meteo Historical Weather API
RJ-Jodhpur,2024-01-17,15.9,23.3,9.6,0.0,0.0,0.0,58,3.36,0.082,0.2,0.271,17.7,18.3,26.26841,73.00594,ERA5,Asia/Kolkata,Open-Meteo Historical Weather API
RJ-Jodhpur,2024-01-18,16.2,23.2,10.4,0.0,0.0,0.0,69,3.19,0.083,0.199,0.27,18.0,18.4,26.26841,73.00594,ERA5,Asia/Kolkata,Open-Meteo Historical Weather API
RJ-Jodhpur,2024-01-19,16.6,24.7,10.2,0.0,0.0,0.0,62,3.23,0.079,0.198,0.27,18.3,18.5,26.26841,73.00594,ERA5,Asia/Kolkata,Open-Meteo Historical Weather API
RJ-Jodhpur,2024-01-20,16.5,24.6,10.3,0.0,0.0,0.0,56,3.56,0.077,0.198,0.27,18.4,18.7,26.26841,73.00594,ERA5,Asia/Kolkata,Open-Meteo Historical Weather API
RJ-Jodhpur,2024-01-21,15.9,24.0,9.6,0.0,0.0,0.0,62,3.28,0.079,0.199,0.271,17.9,18.5,26.26841,73.00594,ERA5,Asia/Kolkata,Open-Meteo Historical Weather API
RJ-Jodhpur,2024-01-22,17.2,25.2,9.1,0.0,0.0,0.0,52,3.12,0.075,0.198,0.27,18.0,18.4,26.26841,73.00594,ERA5,Asia/Kolkata,Open-Meteo Historical Weather API
RJ-Jodhpur,2024-01-23,16.0,23.7,9.8,0.0,0.0,0.0,56,3.5,0.083,0.199,0.271,17.7,18.5,26.26841,73.00594,ERA5,Asia/Kolkata,Open-Meteo Historical Weather API
RJ-Jodhpur,2024-01-24,14.8,22.5,8.7,0.0,0.0,0.0,66,3.16,0.082,0.198,0.271,17.2,18.2,26.26841,73.00594,ERA5,Asia/Kolkata,Open-Meteo Historical Weather API
RJ-Jodhpur,2024-01-25,17.0,26.0,9.1,0.0,0.0,0.0,53,3.58,0.073,0.196,0.27,17.9,18.1,26.26841,73.00594,ERA5,Asia/Kolkata,Open-Meteo Historical Weather API
RJ-Jodhpur,2024-01-26,16.8,25.1,9.6,0.0,0.0,0.0,53,3.66,0.08,0.196,0.27,18.2,18.4,26.26841,73.00594,ERA5,Asia/Kolkata,Open-Meteo Historical Weather API
RJ-Jodhpur,2024-01-27,17.5,25.6,10.0,0.0,0.0,0.0,58,3.6,0.079,0.196,0.27,18.9,18.8,26.26841,73.00594,ERA5,Asia/Kolkata,Open-Meteo Historical Weather API
RJ-Jodhpur,2024-01-28,18.3,26.2,11.4,0.0,0.0,0.0,55,3.92,0.075,0.195,0.269,19.6,19.1,26.26841,73.00594,ERA5,Asia/Kolkata,Open-Meteo Historical Weather API
RJ-Jodhpur,2024-01-29,18.8,26.2,12.4,0.0,0.0,0.0,57,3.65,0.074,0.195,0.268,20.2,19.4,26.26841,73.00594,ERA5,Asia/Kolkata,Open-Meteo Historical Weather API
RJ-Jodhpur,2024-01-30,19.9,26.4,13.9,0.0,0.0,0.0,58,3.08,0.074,0.194,0.268,20.7,20.0,26.26841,73.00594,ERA5,Asia/Kolkata,Open-Meteo Historical Weather API
RJ-Jodhpur,2024-01-31,21.4,27.2,16.4,0.0,0.0,0.0,58,3.95,0.075,0.196,0.27,22.3,20.8,26.26841,73.00594,ERA5,Asia/Kolkata,Open-Meteo Historical Weather API
RJ-Jodhpur,2024-02-01,21.4,27.5,15.8,0.0,0.0,0.0,59,3.99,0.073,0.195,0.27,22.7,21.6,26.26841,73.00594,ERA5,Asia/Kolkata,Open-Meteo Historical Weather API
RJ-Jodhpur,2024-02-02,20.3,26.4,15.6,0.0,0.0,0.0,51,3.85,0.078,0.195,0.27,21.8,21.5,26.26841,73.00594,ERA5,Asia/Kolkata,Open-Meteo Historical Weather API
RJ-Jodhpur,2024-02-03,20.2,26.1,16.4,0.3,0.3,2.0,63,3.19,0.093,0.198,0.272,21.1,21.3,26.26841,73.00594,ERA5,Asia/Kolkata,Open-Meteo Historical Weather API
RJ-Jodhpur,2024-02-04,19.0,23.0,16.5,5.0,5.0,11.0,81,2.13,0.123,0.199,0.272,19.9,20.7,26.26841,73.00594,ERA5,Asia/Kolkata,Open-Meteo Historical Weather API
RJ-Jodhpur,2024-02-05,18.1,23.3,13.6,0.0,0.0,0.0,75,3.2,0.148,0.199,0.272,20.4,20.1,26.26841,73.00594,ERA5,Asia/Kolkata,Open-Meteo Historical Weather API
RJ-Jodhpur,2024-02-06,18.7,24.6,14.2,0.0,0.0,0.0,51,4.5,0.128,0.199,0.271,19.8,19.7,26.26841,73.00594,ERA5,Asia/Kolkata,Open-Meteo Historical Weather API
RJ-Jodhpur,2024-02-07,18.6,24.1,15.3,0.0,0.0,0.0,50,4.34,0.11,0.199,0.27,20.2,19.9,26.26841,73.00594,ERA5,Asia/Kolkata,Open-Meteo Historical Weather API
RJ-Jodhpur,2024-02-08,16.6,23.6,10.8,0.0,0.0,0.0,52,3.84,0.098,0.198,0.27,18.8,19.4,26.26841,73.00594,ERA5,Asia/Kolkata,Open-Meteo Historical Weather API
RJ-Jodhpur,2024-02-09,16.0,25.3,7.8,0.0,0.0,0.0,50,4.15,0.093,0.196,0.268,17.8,18.6,26.26841,73.00594,ERA5,Asia/Kolkata,Open-Meteo Historical Weather API
RJ-Jodhpur,2024-02-10,17.8,25.6,11.5,0.0,0.0,0.0,39,5.11,0.09,0.195,0.267,18.8,18.7,26.26841,73.00594,ERA5,Asia/Kolkata,Open-Meteo Historical Weather API
RJ-Jodhpur,2024-02-11,17.5,25.4,10.3,0.0,0.0,0.0,40,4.76,0.086,0.194,0.266,19.1,18.9,26.26841,73.00594,ERA5,Asia/Kolkata,Open-Meteo Historical Weather API
RJ-Jodhpur,2024-02-12,17.3,24.4,11.0,0.0,0.0,0.0,45,4.26,0.09,0.194,0.266,19.0,19.0,26.26841,73.00594,ERA5,Asia/Kolkata,Open-Meteo Historical Weather API
RJ-Jodhpur,2024-02-13,17.8,24.7,11.5,0.0,0.0,0.0,49,4.38,0.093,0.195,0.267,19.3,19.1,26.26841,73.00594,ERA5,Asia/Kolkata,Open-Meteo Historical Weather API
RJ-Jodhpur,2024-02-14,18.3,25.3,12.3,0.0,0.0,0.0,46,4.75,0.09,0.195,0.266,19.8,19.5,26.26841,73.00594,ERA5,Asia/Kolkata,Open-Meteo Historical Weather API
RJ-Jodhpur,2024-02-15,19.2,27.7,11.9,0.0,0.0,0.0,46,4.86,0.087,0.194,0.266,20.1,19.7,26.26841,73.00594,ERA5,Asia/Kolkata,Open-Meteo Historical Weather API
RJ-Jodhpur,2024-02-16,20.2,28.9,13.0,0.0,0.0,0.0,45,5.05,0.086,0.194,0.265,20.8,20.2,26.26841,73.00594,ERA5,Asia/Kolkata,Open-Meteo Historical Weather API
RJ-Jodhpur,2024-02-17,21.1,30.2,12.2,0.0,0.0,0.0,43,4.63,0.08,0.192,0.264,21.2,20.5,26.26841,73.00594,ERA5,Asia/Kolkata,Open-Meteo Historical Weather API
RJ-Jodhpur,2024-02-18,21.5,30.8,12.1,0.0,0.0,0.0,44,5.88,0.082,0.193,0.265,21.3,20.6,26.26841,73.00594,ERA5,Asia/Kolkata,Open-Meteo Historical Weather API
RJ-Jodhpur,2024-02-19,24.1,31.4,18.1,0.0,0.0,0.0,47,6.58,0.075,0.192,0.264,23.5,21.6,26.26841,73.00594,ERA5,Asia/Kolkata,Open-Meteo Historical Weather API
RJ-Jodhpur,2024-02-20,23.7,28.7,19.3,0.0,0.0,0.0,61,4.79,0.077,0.192,0.264,24.7,22.8,26.26841,73.00594,ERA5,Asia/Kolkata,Open-Meteo Historical Weather API
RJ-Jodhpur,2024-02-21,22.2,29.1,16.9,0.0,0.0,0.0,48,4.85,0.082,0.192,0.264,23.8,22.6,26.26841,73.00594,ERA5,Asia/Kolkata,Open-Meteo Historical Weather API
RJ-Jodhpur,2024-02-22,20.9,27.3,15.2,0.0,0.0,0.0,36,5.05,0.087,0.193,0.264,22.8,22.1,26.26841,73.00594,ERA5,Asia/Kolkata,Open-Meteo Historical Weather API
RJ-Jodhpur,2024-02-23,19.5,27.8,13.0,0.0,0.0,0.0,37,5.43,0.086,0.193,0.264,21.0,21.2,26.26841,73.00594,ERA5,Asia/Kolkata,Open-Meteo Historical Weather API
RJ-Jodhpur,2024-02-24,18.8,27.2,12.4,0.0,0.0,0.0,33,5.56,0.089,0.193,0.264,20.4,20.7,26.26841,73.00594,ERA5,Asia/Kolkata,Open-Meteo Historical Weather API
RJ-Jodhpur,2024-02-25,18.7,26.2,10.9,0.0,0.0,0.0,40,5.2,0.096,0.194,0.265,19.7,20.2,26.26841,73.00594,ERA5,Asia/Kolkata,Open-Meteo Historical Weather API
RJ-Jodhpur,2024-02-26,20.5,25.4,17.2,0.0,0.0,0.0,42,4.25,0.095,0.195,0.265,20.2,20.6,26.26841,73.00594,ERA5,Asia/Kolkata,Open-Meteo Historical Weather API
RJ-Jodhpur,2024-02-27,21.0,27.3,15.9,0.0,0.0,0.0,45,5.79,0.09,0.195,0.265,21.7,20.7,26.26841,73.00594,ERA5,Asia/Kolkata,Open-Meteo Historical Weather API
RJ-Jodhpur,2024-02-28,21.2,28.4,14.9,0.0,0.0,0.0,44,5.48,0.083,0.194,0.264,22.6,21.5,26.26841,73.00594,ERA5,Asia/Kolkata,Open-Meteo Historical Weather API
RJ-Jodhpur,2024-02-29,23.2,31.6,15.5,0.0,0.0,0.0,44,5.54,0.08,0.192,0.263,23.9,22.2,26.26841,73.00594,ERA5,Asia/Kolkata,Open-Meteo Historical Weather API
RJ-Jodhpur,2024-03-01,24.9,31.9,19.0,0.0,0.0,0.0,44,6.44,0.081,0.193,0.263,25.0,23.4,26.26841,73.00594,ERA5,Asia/Kolkata,Open-Meteo Historical Weather API
RJ-Jodhpur,2024-03-02,22.1,26.3,17.5,2.1,2.1,6.0,52,4.57,0.087,0.192,0.263,23.4,23.5,26.26841,73.00594,ERA5,Asia/Kolkata,Open-Meteo Historical Weather API
RJ-Jodhpur,2024-03-03,17.6,23.7,11.2,0.0,0.0,0.0,36,5.11,0.086,0.191,0.262,21.0,21.5,26.26841,73.00594,ERA5,Asia/Kolkata,Open-Meteo Historical Weather API
RJ-Jodhpur,2024-03-04,16.9,23.8,11.0,0.0,0.0,0.0,32,5.03,0.084,0.19,0.261,20.4,20.5,26.26841,73.00594,ERA5,Asia/Kolkata,Open-Meteo Historical Weather API
RJ-Jodhpur,2024-03-05,18.3,25.2,11.2,0.0,0.0,0.0,33,5.8,0.086,0.19,0.261,20.4,20.2,26.26841,73.00594,ERA5,Asia/Kolkata,Open-Meteo Historical Weather API
RJ-Jodhpur,2024-03-06,19.6,26.0,13.6,0.0,0.0,0.0,33,4.91,0.08,0.189,0.259,21.9,20.9,26.26841,73.00594,ERA5,Asia/Kolkata,Open-Meteo Historical Weather API
RJ-Jodhpur,2024-03-07,21.1,29.1,12.7,0.0,0.0,0.0,39,5.55,0.076,0.187,0.258,23.1,21.4,26.26841,73.00594,ERA5,Asia/Kolkata,Open-Meteo Historical Weather API
RJ-Jodhpur,2024-03-08,21.7,28.5,15.3,0.0,0.0,0.0,33,5.8,0.075,0.186,0.257,24.1,22.5,26.26841,73.00594,ERA5,Asia/Kolkata,Open-Meteo Historical Weather API
RJ-Jodhpur,2024-03-09,22.4,29.2,16.6,0.0,0.0,0.0,35,6.39,0.078,0.186,0.257,24.1,22.9,26.26841,73.00594,ERA5,Asia/Kolkata,Open-Meteo Historical Weather API
RJ-Jodhpur,2024-03-10,24.4,31.0,17.2,0.0,0.0,0.0,33,6.04,0.077,0.185,0.256,25.5,23.4,26.26841,73.00594,ERA5,Asia/Kolkata,Open-Meteo Historical Weather API
RJ-Jodhpur,2024-03-11,25.8,33.3,19.4,0.0,0.0,0.0,30,6.52,0.072,0.185,0.256,27.2,24.8,26.26841,73.00594,ERA5,Asia/Kolkata,Open-Meteo Historical Weather API
RJ-Jodhpur,2024-03-12,25.3,32.2,19.6,0.0,0.0,0.0,35,5.93,0.071,0.184,0.255,27.2,25.2,26.26841,73.00594,ERA5,Asia/Kolkata,Open-Meteo Historical Weather API
RJ-Jodhpur,2024-03-13,24.8,32.0,17.2,0.0,0.0,0.0,39,6.48,0.071,0.183,0.255,26.6,24.9,26.26841,73.00594,ERA5,Asia/Kolkata,Open-Meteo Historical Weather API
RJ-Jodhpur,2024-03-14,24.9,30.7,18.6,0.0,0.0,0.0,37,5.83,0.071,0.182,0.254,27.6,25.2,26.26841,73.00594,ERA5,Asia/Kolkata,Open-Meteo Historical Weather API
RJ-Jodhpur,2024-03-15,24.7,31.2,18.9,0.0,0.0,0.0,34,6.89,0.074,0.181,0.253,26.9,25.4,26.26841,73.00594,ERA5,Asia/Kolkata,Open-Meteo Historical Weather API
RJ-Jodhpur,2024-03-16,25.1,32.0,18.6,0.0,0.0,0.0,27,7.01,0.073,0.179,0.251,27.2,25.5,26.26841,73.00594,ERA5,Asia/Kolkata,Open-Meteo Historical Weather API
RJ-Jodhpur,2024-03-17,24.5,31.9,18.1,0.0,0.0,0.0,25,6.6,0.074,0.177,0.25,26.5,25.4,26.26841,73.00594,ERA5,Asia/Kolkata,Open-Meteo Historical Weather API
RJ-Jodhpur,2024-03-18,24.7,33.0,16.8,0.0,0.0,0.0,30,6.35,0.074,0.176,0.248,26.3,25.1,26.26841,73.00594,ERA5,Asia/Kolkata,Open-Meteo Historical Weather API
RJ-Jodhpur,2024-03-19,25.8,34.9,16.5,0.0,0.0,0.0,32,6.47,0.072,0.176,0.248,27.0,25.3,26.26841,73.00594,ERA5,Asia/Kolkata,Open-Meteo Historical Weather API
RJ-Jodhpur,2024-03-20,26.9,34.3,20.4,0.0,0.0,0.0,28,7.36,0.075,0.176,0.247,28.2,26.3,26.26841,73.00594,ERA5,Asia/Kolkata,Open-Meteo Historical Weather API
RJ-Jodhpur,2024-03-21,27.7,35.9,19.4,0.0,0.0,0.0,28,6.44,0.071,0.176,0.247,29.0,26.7,26.26841,73.00594,ERA5,Asia/Kolkata,Open-Meteo Historical Weather API
RJ-Jodhpur,2024-03-22,28.3,37.1,18.8,0.0,0.0,0.0,26,7.14,0.069,0.176,0.247,29.4,27.3,26.26841,73.00594,ERA5,Asia/Kolkata,Open-Meteo Historical Weather API
RJ-Jodhpur,2024-03-23,29.2,37.2,21.0,0.0,0.0,0.0,33,6.83,0.068,0.176,0.246,30.3,27.8,26.26841,73.00594,ERA5,Asia/Kolkata,Open-Meteo Historical Weather API
RJ-Jodhpur,2024-03-24,30.2,36.2,24.7,0.0,0.0,0.0,33,7.53,0.066,0.176,0.246,31.8,29.0,26.26841,73.00594,ERA5,Asia/Kolkata,Open-Meteo Historical Weather API
RJ-Jodhpur,2024-03-25,29.9,36.8,22.4,0.0,0.0,0.0,33,6.27,0.066,0.176,0.246,32.2,29.4,26.26841,73.00594,ERA5,Asia/Kolkata,Open-Meteo Historical Weather API
RJ-Jodhpur,2024-03-26,30.7,38.4,22.2,0.0,0.0,0.0,34,6.76,0.065,0.176,0.245,32.4,29.8,26.26841,73.00594,ERA5,Asia/Kolkata,Open-Meteo Historical Weather API
RJ-Jodhpur,2024-03-27,32.2,39.1,24.8,0.0,0.0,0.0,32,7.52,0.065,0.176,0.245,33.4,30.4,26.26841,73.00594,ERA5,Asia/Kolkata,Open-Meteo Historical Weather API
RJ-Jodhpur,2024-03-28,31.8,38.4,25.2,0.0,0.0,0.0,30,7.59,0.066,0.176,0.245,33.5,30.9,26.26841,73.00594,ERA5,Asia/Kolkata,Open-Meteo Historical Weather API
RJ-Jodhpur,2024-03-29,31.0,37.5,23.9,0.0,0.0,0.0,32,7.46,0.066,0.175,0.245,32.8,30.6,26.26841,73.00594,ERA5,Asia/Kolkata,Open-Meteo Historical Weather API
RJ-Jodhpur,2024-03-30,29.5,35.4,24.2,0.0,0.0,0.0,26,8.46,0.066,0.175,0.244,31.9,30.3,26.26841,73.00594,ERA5,Asia/Kolkata,Open-Meteo Historical Weather API
RJ-Jodhpur,2024-03-31,29.3,35.6,23.7,0.0,0.0,0.0,29,7.23,0.067,0.174,0.243,32.0,30.0,26.26841,73.00594,ERA5,Asia/Kolkata,Open-Meteo Historical Weather API
RJ-Jodhpur,2024-04-01,28.9,35.1,23.1,0.0,0.0,0.0,31,7.11,0.067,0.173,0.242,32.1,30.2,26.26841,73.00594,ERA5,Asia/Kolkata,Open-Meteo Historical Weather API
RJ-Jodhpur,2024-04-02,29.3,36.5,21.3,0.0,0.0,0.0,25,7.22,0.067,0.172,0.241,32.2,30.2,26.26841,73.00594,ERA5,Asia/Kolkata,Open-Meteo Historical Weather API
RJ-Jodhpur,2024-04-03,29.7,35.0,25.1,0.0,0.0,0.0,31,7.47,0.067,0.172,0.241,31.5,30.3,26.26841,73.00594,ERA5,Asia/Kolkata,Open-Meteo Historical Weather API
RJ-Jodhpur,2024-04-04,30.3,36.2,24.8,0.0,0.0,0.0,35,7.11,0.067,0.172,0.24,32.2,30.2,26.26841,73.00594,ERA5,Asia/Kolkata,Open-Meteo Historical Weather API
RJ-Jodhpur,2024-04-05,29.3,34.0,25.1,0.1,0.1,1.0,39,5.88,0.071,0.174,0.241,32.2,30.5,26.26841,73.00594,ERA5,Asia/Kolkata,Open-Meteo Historical Weather API
RJ-Jodhpur,2024-04-06,29.1,35.9,22.4,0.0,0.0,0.0,36,5.74,0.074,0.175,0.242,32.3,30.4,26.26841,73.00594,ERA5,Asia/Kolkata,Open-Meteo Historical Weather API
RJ-Jodhpur,2024-04-07,30.3,37.7,23.5,0.0,0.0,0.0,25,7.26,0.072,0.175,0.242,32.5,30.9,26.26841,73.00594,ERA5,Asia/Kolkata,Open-Meteo Historical Weather API
RJ-Jodhpur,2024-04-08,30.5,38.9,21.4,0.0,0.0,0.0,23,7.49,0.07,0.174,0.241,32.4,30.7,26.26841,73.00594,ERA5,Asia/Kolkata,Open-Meteo Historical Weather API
RJ-Jodhpur,2024-04-09,31.5,39.1,23.2,0.0,0.0,0.0,23,6.35,0.069,0.174,0.241,33.2,31.1,26.26841,73.00594,ERA5,Asia/Kolkata,Open-Meteo Historical Weather API
RJ-Jodhpur,2024-04-10,32.2,39.9,25.2,0.0,0.0,0.0,25,7.22,0.067,0.174,0.241,34.4,31.8,26.26841,73.00594,ERA5,Asia/Kolkata,Open-Meteo Historical Weather API
RJ-Jodhpur,2024-04-11,32.0,39.3,25.9,0.0,0.0,0.0,27,7.72,0.065,0.173,0.24,35.0,32.4,26.26841,73.00594,ERA5,Asia/Kolkata,Open-Meteo Historical Weather API
RJ-Jodhpur,2024-04-12,31.1,37.4,24.5,0.0,0.0,0.0,36,7.13,0.064,0.173,0.24,34.6,32.5,26.26841,73.00594,ERA5,Asia/Kolkata,Open-Meteo Historical Weather API
RJ-Jodhpur,2024-04-13,30.9,36.2,26.6,0.0,0.0,0.0,38,7.4,0.065,0.173,0.239,34.0,32.6,26.26841,73.00594,ERA5,Asia/Kolkata,Open-Meteo Historical Weather API
RJ-Jodhpur,2024-04-14,29.2,34.6,25.1,0.1,0.1,1.0,49,6.24,0.071,0.175,0.241,32.1,32.1,26.26841,73.00594,ERA5,Asia/Kolkata,Open-Meteo Historical Weather API
RJ-Jodhpur,2024-04-15,30.1,34.8,25.5,0.0,0.0,0.0,45,6.17,0.073,0.175,0.241,32.2,31.3,26.26841,73.00594,ERA5,Asia/Kolkata,Open-Meteo Historical Weather API
RJ-Jodhpur,2024-04-16,31.6,36.7,26.1,0.0,0.0,0.0,33,7.56,0.07,0.174,0.24,34.3,31.7,26.26841,73.00594,ERA5,Asia/Kolkata,Open-Meteo Historical Weather API
RJ-Jodhpur,2024-04-17,31.3,37.1,25.1,0.0,0.0,0.0,33,6.11,0.066,0.173,0.239,34.3,32.3,26.26841,73.00594,ERA5,Asia/Kolkata,Open-Meteo Historical Weather API
RJ-Jodhpur,2024-04-18,31.2,37.2,24.8,0.0,0.0,0.0,32,7.82,0.065,0.172,0.238,33.6,32.3,26.26841,73.00594,ERA5,Asia/Kolkata,Open-Meteo Historical Weather API
RJ-Jodhpur,2024-04-19,31.1,36.8,24.5,0.0,0.0,0.0,32,9.56,0.065,0.171,0.238,33.3,32.0,26.26841,73.00594,ERA5,Asia/Kolkata,Open-Meteo Historical Weather API
RJ-Jodhpur,2024-04-20,29.7,34.4,24.9,0.0,0.0,0.0,38,7.34,0.065,0.171,0.237,33.1,31.8,26.26841,73.00594,ERA5,Asia/Kolkata,Open-Meteo Historical Weather API
RJ-Jodhpur,2024-04-21,31.4,36.5,26.3,0.0,0.0,0.0,33,7.84,0.064,0.17,0.237,34.2,32.1,26.26841,73.00594,ERA5,Asia/Kolkata,Open-Meteo Historical Weather API
RJ-Jodhpur,2024-04-22,31.4,37.1,25.1,0.0,0.0,0.0,30,7.03,0.064,0.17,0.236,34.9,32.5,26.26841,73.00594,ERA5,Asia/Kolkata,Open-Meteo Historical Weather API
RJ-Jodhpur,2024-04-23,32.2,38.5,25.7,0.0,0.0,0.0,27,7.62,0.065,0.17,0.236,35.5,33.1,26.26841,73.00594,ERA5,Asia/Kolkata,Open-Meteo Historical Weather API
RJ-Jodhpur,2024-04-24,32.7,39.4,25.1,0.0,0.0,0.0,25,8.08,0.064,0.169,0.235,35.6,33.2,26.26841,73.00594,ERA5,Asia/Kolkata,Open-Meteo Historical Weather API
RJ-Jodhpur,2024-04-25,33.6,39.9,25.7,0.0,0.0,0.0,25,8.64,0.064,0.169,0.235,36.3,33.6,26.26841,73.00594,ERA5,Asia/Kolkata,Open-Meteo Historical Weather API
RJ-Jodhpur,2024-04-26,32.7,37.7,27.8,0.0,0.0,0.0,30,9.25,0.065,0.169,0.234,35.5,33.9,26.26841,73.00594,ERA5,Asia/Kolkata,Open-Meteo Historical Weather API
RJ-Jodhpur,2024-04-27,31.7,37.2,26.5,0.0,0.0,0.0,30,8.41,0.067,0.169,0.234,34.6,33.4,26.26841,73.00594,ERA5,Asia/Kolkata,Open-Meteo Historical Weather API
RJ-Jodhpur,2024-04-28,32.7,38.2,27.1,0.0,0.0,0.0,25,8.35,0.066,0.169,0.234,35.6,33.4,26.26841,73.00594,ERA5,Asia/Kolkata,Open-Meteo Historical Weather API
RJ-Jodhpur,2024-04-29,32.3,37.9,25.8,0.0,0.0,0.0,22,9.34,0.066,0.168,0.233,35.2,33.5,26.26841,73.00594,ERA5,Asia/Kolkata,Open-Meteo Historical Weather API
RJ-Jodhpur,2024-04-30,30.7,37.5,21.8,0.0,0.0,0.0,16,8.75,0.065,0.168,0.233,34.3,32.9,26.26841,73.00594,ERA5,Asia/Kolkata,Open-Meteo Historical Weather API
RJ-Jodhpur,2024-05-01,30.0,36.2,23.1,0.0,0.0,0.0,21,8.72,0.064,0.167,0.232,34.3,32.8,26.26841,73.00594,ERA5,Asia/Kolkata,Open-Meteo Historical Weather API
RJ-Jodhpur,2024-05-02,30.2,37.3,21.5,0.0,0.0,0.0,21,7.59,0.063,0.166,0.23,33.6,32.6,26.26841,73.00594,ERA5,Asia/Kolkata,Open-Meteo Historical Weather API
RJ-Jodhpur,2024-05-03,31.5,39.6,21.0,0.0,0.0,0.0,21,7.87,0.064,0.166,0.23,33.2,32.2,26.26841,73.00594,ERA5,Asia/Kolkata,Open-Meteo Historical Weather API
RJ-Jodhpur,2024-05-04,33.4,38.4,28.8,0.0,0.0,0.0,27,8.48,0.064,0.166,0.23,34.8,33.0,26.26841,73.00594,ERA5,Asia/Kolkata,Open-Meteo Historical Weather API
RJ-Jodhpur,2024-05-05,34.5,40.5,28.2,0.0,0.0,0.0,26,9.11,0.063,0.165,0.229,37.1,33.8,26.26841,73.00594,ERA5,Asia/Kolkata,Open-Meteo Historical Weather API
RJ-Jodhpur,2024-05-06,34.6,41.0,28.0,0.0,0.0,0.0,28,7.57,0.063,0.165,0.228,37.6,34.8,26.26841,73.00594,ERA5,Asia/Kolkata,Open-Meteo Historical Weather API
RJ-Jodhpur,2024-05-07,36.4,42.3,30.8,0.0,0.0,0.0,26,7.49,0.063,0.164,0.227,38.2,35.5,26.26841,73.00594,ERA5,Asia/Kolkata,Open-Meteo Historical Weather API
RJ-Jodhpur,2024-05-08,37.4,43.9,32.0,0.0,0.0,0.0,24,8.03,0.064,0.164,0.226,39.8,36.1,26.26841,73.00594,ERA5,Asia/Kolkata,Open-Meteo Historical Weather API
RJ-Jodhpur,2024-05-09,37.0,44.0,29.6,0.0,0.0,0.0,27,10.18,0.064,0.163,0.226,38.8,36.3,26.26841,73.00594,ERA5,Asia/Kolkata,Open-Meteo Historical Weather API
RJ-Jodhpur,2024-05-10,35.8,42.0,31.6,1.2,1.2,3.0,35,9.43,0.072,0.163,0.225,38.5,36.5,26.26841,73.00594,ERA5,Asia/Kolkata,Open-Meteo Historical Weather API
RJ-Jodhpur,2024-05-11,33.7,40.3,27.6,0.0,0.0,0.0,41,7.31,0.079,0.164,0.225,36.0,35.5,26.26841,73.00594,ERA5,Asia/Kolkata,Open-Meteo Historical Weather API
RJ-Jodhpur,2024-05-12,34.0,40.5,26.9,0.0,0.0,0.0,36,8.29,0.073,0.165,0.226,36.9,35.4,26.26841,73.00594,ERA5,Asia/Kolkata,Open-Meteo Historical Weather API
RJ-Jodhpur,2024-05-13,36.0,41.7,30.5,0.0,0.0,0.0,28,8.62,0.071,0.165,0.226,39.1,36.3,26.26841,73.00594,ERA5,Asia/Kolkata,Open-Meteo Historical Weather API
RJ-Jodhpur,2024-05-14,34.0,40.1,28.0,0.1,0.1,1.0,35,7.88,0.072,0.167,0.227,38.2,36.5,26.26841,73.00594,ERA5,Asia/Kolkata,Open-Meteo Historical Weather API
RJ-Jodhpur,2024-05-15,35.1,41.7,27.8,0.0,0.0,0.0,32,8.15,0.072,0.168,0.228,38.4,36.5,26.26841,73.00594,ERA5,Asia/Kolkata,Open-Meteo Historical Weather API
RJ-Jodhpur,2024-05-16,37.1,43.6,30.4,0.0,0.0,0.0,25,8.42,0.07,0.167,0.227,40.1,36.9,26.26841,73.00594,ERA5,Asia/Kolkata,Open-Meteo Historical Weather API
RJ-Jodhpur,2024-05-17,37.8,44.4,30.0,0.0,0.0,0.0,24,8.6,0.068,0.166,0.227,40.3,37.3,26.26841,73.00594,ERA5,Asia/Kolkata,Open-Meteo Historical Weather API
RJ-Jodhpur,2024-05-18,38.8,45.0,33.3,0.0,0.0,0.0,22,9.44,0.067,0.166,0.226,40.7,37.9,26.26841,73.00594,ERA5,Asia/Kolkata,Open-Meteo Historical Weather API
RJ-Jodhpur,2024-05-19,38.6,44.4,32.9,0.0,0.0,0.0,21,8.42,0.065,0.166,0.226,41.3,38.1,26.26841,73.00594,ERA5,Asia/Kolkata,Open-Meteo Historical Weather API
RJ-Jodhpur,2024-05-20,38.1,44.3,31.5,0.0,0.0,0.0,23,9.63,0.065,0.166,0.226,40.3,38.2,26.26841,73.00594,ERA5,Asia/Kolkata,Open-Meteo Historical Weather API
RJ-Jodhpur,2024-05-21,37.9,43.9,31.7,0.0,0.0,0.0,28,9.26,0.063,0.164,0.225,40.8,38.2,26.26841,73.00594,ERA5,Asia/Kolkata,Open-Meteo Historical Weather API
RJ-Jodhpur,2024-05-22,38.8,45.5,31.9,0.0,0.0,0.0,27,8.69,0.062,0.163,0.224,41.4,38.5,26.26841,73.00594,ERA5,Asia/Kolkata,Open-Meteo Historical Weather API
RJ-Jodhpur,2024-05-23,39.6,46.3,33.3,0.0,0.0,0.0,21,8.52,0.062,0.163,0.223,42.2,39.1,26.26841,73.00594,ERA5,Asia/Kolkata,Open-Meteo Historical Weather API
RJ-Jodhpur,2024-05-24,38.8,46.6,31.2,0.0,0.0,0.0,20,9.25,0.061,0.162,0.222,42.2,39.4,26.26841,73.00594,ERA5,Asia/Kolkata,Open-Meteo Historical Weather API
RJ-Jodhpur,2024-05-25,38.8,45.4,31.8,0.0,0.0,0.0,26,8.49,0.061,0.161,0.221,42.1,39.5,26.26841,73.00594,ERA5,Asia/Kolkata,Open-Meteo Historical Weather API
RJ-Jodhpur,2024-05-26,39.8,46.7,31.7,0.0,0.0,0.0,26,9.21,0.06,0.16,0.22,42.0,39.5,26.26841,73.00594,ERA5,Asia/Kolkata,Open-Meteo Historical Weather API
RJ-Jodhpur,2024-05-27,40.2,48.0,34.6,0.0,0.0,0.0,25,11.25,0.059,0.16,0.22,42.4,39.9,26.26841,73.00594,ERA5,Asia/Kolkata,Open-Meteo Historical Weather API
RJ-Jodhpur,2024-05-28,38.0,44.1,32.5,0.0,0.0,0.0,35,11.61,0.059,0.16,0.219,40.4,39.1,26.26841,73.00594,ERA5,Asia/Kolkata,Open-Meteo Historical Weather API
RJ-Jodhpur,2024-05-29,36.6,41.7,31.4,0.0,0.0,0.0,46,10.73,0.059,0.16,0.219,40.1,38.8,26.26841,73.00594,ERA5,Asia/Kolkata,Open-Meteo Historical Weather API
RJ-Jodhpur,2024-05-30,36.8,43.3,31.3,0.0,0.0,0.0,45,10.17,0.059,0.16,0.219,40.3,38.4,26.26841,73.00594,ERA5,Asia/Kolkata,Open-Meteo Historical Weather API
RJ-Jodhpur,2024-05-31,36.7,42.2,31.5,0.0,0.0,0.0,39,10.47,0.057,0.159,0.218,40.0,38.3,26.26841,73.00594,ERA5,Asia/Kolkata,Open-Meteo Historical Weather API
RJ-Jodhpur,2024-06-01,35.8,40.4,31.7,0.0,0.0,0.0,41,9.35,0.055,0.159,0.217,39.7,38.1,26.26841,73.00594,ERA5,Asia/Kolkata,Open-Meteo Historical Weather API
RJ-Jodhpur,2024-06-02,35.3,40.3,31.5,0.0,0.0,0.0,40,8.68,0.056,0.159,0.217,39.1,38.0,26.26841,73.00594,ERA5,Asia/Kolkata,Open-Meteo Historical Weather API
RJ-Jodhpur,2024-06-03,36.5,41.7,30.8,0.0,0.0,0.0,34,9.2,0.058,0.16,0.217,39.4,37.9,26.26841,73.00594,ERA5,Asia/Kolkata,Open-Meteo Historical Weather API
RJ-Jodhpur,2024-06-04,36.7,41.8,32.9,0.0,0.0,0.0,30,10.98,0.057,0.159,0.217,39.8,38.1,26.26841,73.00594,ERA5,Asia/Kolkata,Open-Meteo Historical Weather API
RJ-Jodhpur,2024-06-05,35.1,39.9,30.4,0.0,0.0,0.0,38,10.35,0.055,0.158,0.216,38.7,37.6,26.26841,73.00594,ERA5,Asia/Kolkata,Open-Meteo Historical Weather API
RJ-Jodhpur,2024-06-06,34.5,39.9,30.2,0.0,0.0,0.0,41,8.78,0.054,0.158,0.215,38.4,37.3,26.26841,73.00594,ERA5,Asia/Kolkata,Open-Meteo Historical Weather API
RJ-Jodhpur,2024-06-07,35.8,41.5,31.6,0.0,0.0,0.0,39,8.52,0.055,0.158,0.215,39.1,37.6,26.26841,73.00594,ERA5,Asia/Kolkata,Open-Meteo Historical Weather API
RJ-Jodhpur,2024-06-08,33.7,39.9,28.2,0.0,0.0,0.0,46,7.75,0.062,0.159,0.216,38.0,38.1,26.26841,73.00594,ERA5,Asia/Kolkata,Open-Meteo Historical Weather API
RJ-Jodhpur,2024-06-09,35.3,41.1,29.2,0.0,0.0,0.0,34,8.11,0.062,0.16,0.216,38.7,37.8,26.26841,73.00594,ERA5,Asia/Kolkata,Open-Meteo Historical Weather API
RJ-Jodhpur,2024-06-10,35.8,41.6,29.7,0.0,0.0,0.0,30,8.64,0.062,0.16,0.216,39.0,37.9,26.26841,73.00594,ERA5,Asia/Kolkata,Open-Meteo Historical Weather API
RJ-Jodhpur,2024-06-11,36.0,41.7,31.7,0.0,0.0,0.0,39,8.96,0.063,0.16,0.216,39.3,38.1,26.26841,73.00594,ERA5,Asia/Kolkata,Open-Meteo Historical Weather API
RJ-Jodhpur,2024-06-12,35.5,40.3,31.0,0.0,0.0,0.0,41,8.87,0.063,0.16,0.216,39.2,38.0,26.26841,73.00594,ERA5,Asia/Kolkata,Open-Meteo Historical Weather API
RJ-Jodhpur,2024-06-13,35.3,39.9,31.6,0.0,0.0,0.0,42,9.69,0.061,0.159,0.215,38.8,37.7,26.26841,73.00594,ERA5,Asia/Kolkata,Open-Meteo Historical Weather API
RJ-Jodhpur,2024-06-14,34.9,40.0,31.0,0.0,0.0,0.0,43,9.44,0.06,0.159,0.215,38.5,37.4,26.26841,73.00594,ERA5,Asia/Kolkata,Open-Meteo Historical Weather API
RJ-Jodhpur,2024-06-15,35.8,40.8,31.8,0.0,0.0,0.0,41,9.28,0.057,0.158,0.214,39.1,37.4,26.26841,73.00594,ERA5,Asia/Kolkata,Open-Meteo Historical Weather API
RJ-Jodhpur,2024-06-16,36.7,41.4,32.4,0.0,0.0,0.0,40,9.3,0.055,0.157,0.212,40.0,37.9,26.26841,73.00594,ERA5,Asia/Kolkata,Open-Meteo Historical Weather API
RJ-Jodhpur,2024-06-17,37.3,41.4,33.2,0.0,0.0,0.0,40,9.76,0.053,0.156,0.212,40.5,38.5,26.26841,73.00594,ERA5,Asia/Kolkata,Open-Meteo Historical Weather API
RJ-Jodhpur,2024-06-18,36.8,40.6,33.3,0.0,0.0,0.0,42,10.58,0.048,0.155,0.211,40.3,38.6,26.26841,73.00594,ERA5,Asia/Kolkata,Open-Meteo Historical Weather API
RJ-Jodhpur,2024-06-19,35.6,39.5,31.3,0.0,0.0,0.0,47,9.23,0.051,0.155,0.211,39.1,38.2,26.26841,73.00594,ERA5,Asia/Kolkata,Open-Meteo Historical Weather API
RJ-Jodhpur,2024-06-20,35.8,40.4,31.8,0.0,0.0,0.0,46,9.16,0.049,0.155,0.21,39.6,38.0,26.26841,73.00594,ERA5,Asia/Kolkata,Open-Meteo Historical Weather API
RJ-Jodhpur,2024-06-21,34.2,39.0,30.0,0.0,0.0,0.0,49,7.92,0.056,0.156,0.212,38.7,38.0,26.26841,73.00594,ERA5,Asia/Kolkata,Open-Meteo Historical Weather API
RJ-Jodhpur,2024-06-22,34.3,38.9,30.3,0.1,0.1,1.0,47,7.5,0.058,0.157,0.213,38.7,38.1,26.26841,73.00594,ERA5,Asia/Kolkata,Open-Meteo Historical Weather API
RJ-Jodhpur,2024-06-23,36.0,41.7,30.9,0.0,0.0,0.0,41,5.98,0.061,0.159,0.214,39.6,38.4,26.26841,73.00594,ERA5,Asia/Kolkata,Open-Meteo Historical Weather API
RJ-Jodhpur,2024-06-24,35.0,40.7,32.2,0.0,0.0,0.0,48,5.65,0.065,0.162,0.216,38.8,38.5,26.26841,73.00594,ERA5,Asia/Kolkata,Open-Meteo Historical Weather API
RJ-Jodhpur,2024-06-25,34.6,40.9,29.6,0.0,0.0,0.0,54,6.56,0.069,0.163,0.217,38.9,37.8,26.26841,73.00594,ERA5,Asia/Kolkata,Open-Meteo Historical Weather API
RJ-Jodhpur,2024-06-26,32.5,36.6,28.9,3.1,3.1,4.0,66,5.1,0.089,0.163,0.218,37.2,37.8,26.26841,73.00594,ERA5,Asia/Kolkata,Open-Meteo Historical Weather API
RJ-Jodhpur,2024-06-27,29.8,32.2,27.5,15.0,15.0,15.0,83,3.33,0.224,0.173,0.219,33.0,35.4,26.26841,73.00594,ERA5,Asia/Kolkata,Open-Meteo Historical Weather API
RJ-Jodhpur,2024-06-28,29.9,32.4,27.5,10.1,10.1,16.0,83,3.66,0.323,0.196,0.221,32.5,33.5,26.26841,73.00594,ERA5,Asia/Kolkata,Open-Meteo Historical Weather API
RJ-Jodhpur,2024-06-29,31.0,34.2,28.6,0.6,0.6,5.0,76,4.63,0.275,0.205,0.22,32.5,32.8,26.26841,73.00594,ERA5,Asia/Kolkata,Open-Meteo Historical Weather API
RJ-Jodhpur,2024-06-30,31.7,35.4,28.2,2.9,2.9,12.0,74,4.25,0.25,0.206,0.219,32.5,32.4,26.26841,73.00594,ERA5,Asia/Kolkata,Open-Meteo Historical Weather API
RJ-Jodhpur,2024-07-01,31.6,36.0,27.9,0.2,0.2,2.0,72,4.59,0.214,0.204,0.218,32.2,32.1,26.26841,73.00594,ERA5,Asia/Kolkata,Open-Meteo Historical Weather API
RJ-Jodhpur,2024-07-02,31.0,34.5,28.2,0.4,0.4,4.0,74,4.37,0.178,0.202,0.217,32.0,31.9,26.26841,73.00594,ERA5,Asia/Kolkata,Open-Meteo Historical Weather API
RJ-Jodhpur,2024-07-03,32.6,37.3,28.5,0.0,0.0,0.0,68,6.1,0.142,0.199,0.216,33.4,32.2,26.26841,73.00594,ERA5,Asia/Kolkata,Open-Meteo Historical Weather API
RJ-Jodhpur,2024-07-04,31.3,34.8,29.6,0.2,0.2,1.0,72,3.98,0.115,0.198,0.215,32.9,32.8,26.26841,73.00594,ERA5,Asia/Kolkata,Open-Meteo Historical Weather API
RJ-Jodhpur,2024-07-05,31.5,35.3,28.2,0.0,0.0,0.0,70,4.61,0.109,0.198,0.216,32.9,32.8,26.26841,73.00594,ERA5,Asia/Kolkata,Open-Meteo Historical Weather API
RJ-Jodhpur,2024-07-06,31.8,36.6,27.7,0.0,0.0,0.0,66,6.62,0.104,0.198,0.217,33.8,32.8,26.26841,73.00594,ERA5,Asia/Kolkata,Open-Meteo Historical Weather API
RJ-Jodhpur,2024-07-07,31.5,34.5,29.3,0.2,0.2,2.0,66,5.05,0.102,0.198,0.218,33.5,33.2,26.26841,73.00594,ERA5,Asia/Kolkata,Open-Meteo Historical Weather API
RJ-Jodhpur,2024-07-08,32.8,36.6,29.6,0.6,0.6,5.0,65,5.17,0.09,0.196,0.217,35.9,33.7,26.26841,73.00594,ERA5,Asia/Kolkata,Open-Meteo Historical Weather API
RJ-Jodhpur,2024-07-09,31.9,34.9,30.0,9.7,9.7,9.0,70,4.12,0.14,0.194,0.216,34.0,34.1,26.26841,73.00594,ERA5,Asia/Kolkata,Open-Meteo Historical Weather API
RJ-Jodhpur,2024-07-10,33.0,37.1,29.7,0.3,0.3,2.0,69,5.82,0.139,0.194,0.216,34.8,33.8,26.26841,73.00594,ERA5,Asia/Kolkata,Open-Meteo Historical Weather API
RJ-Jodhpur,2024-07-11,33.3,38.4,29.8,0.2,0.2,2.0,63,6.8,0.111,0.193,0.215,35.3,34.2,26.26841,73.00594,ERA5,Asia/Kolkata,Open-Meteo Historical Weather API
RJ-Jodhpur,2024-07-12,32.9,37.4,28.7,0.0,0.0,0.0,61,6.97,0.099,0.191,0.215,35.5,34.5,26.26841,73.00594,ERA5,Asia/Kolkata,Open-Meteo Historical Weather API
RJ-Jodhpur,2024-07-13,32.8,37.8,28.9,0.0,0.0,0.0,58,6.62,0.09,0.188,0.214,35.5,34.6,26.26841,73.00594,ERA5,Asia/Kolkata,Open-Meteo Historical Weather API
RJ-Jodhpur,2024-07-14,33.2,37.1,29.2,0.0,0.0,0.0,58,6.8,0.085,0.187,0.214,37.2,35.5,26.26841,73.00594,ERA5,Asia/Kolkata,Open-Meteo Historical Weather API
RJ-Jodhpur,2024-07-15,33.2,37.7,29.6,0.0,0.0,0.0,58,5.85,0.086,0.188,0.216,37.4,36.2,26.26841,73.00594,ERA5,Asia/Kolkata,Open-Meteo Historical Weather API
RJ-Jodhpur,2024-07-16,33.9,38.2,30.0,0.1,0.1,1.0,59,5.87,0.083,0.187,0.217,38.0,36.6,26.26841,73.00594,ERA5,Asia/Kolkata,Open-Meteo Historical Weather API
RJ-Jodhpur,2024-07-17,33.6,38.2,30.2,1.7,1.7,2.0,65,6.24,0.092,0.185,0.216,37.8,36.6,26.26841,73.00594,ERA5,Asia/Kolkata,Open-Meteo Historical Weather API
RJ-Jodhpur,2024-07-18,32.6,38.0,28.7,0.0,0.0,0.0,67,5.92,0.085,0.185,0.217,38.0,36.7,26.26841,73.00594,ERA5,Asia/Kolkata,Open-Meteo Historical Weather API
RJ-Jodhpur,2024-07-19,31.6,36.0,28.0,1.1,1.1,5.0,73,5.06,0.095,0.186,0.218,35.9,36.4,26.26841,73.00594,ERA5,Asia/Kolkata,Open-Meteo Historical Weather API
RJ-Jodhpur,2024-07-20,33.1,37.3,29.6,0.7,0.7,7.0,68,5.27,0.089,0.184,0.218,37.0,36.1,26.26841,73.00594,ERA5,Asia/Kolkata,Open-Meteo Historical Weather API
RJ-Jodhpur,2024-07-21,33.8,37.7,29.5,0.0,0.0,0.0,62,5.75,0.081,0.185,0.219,38.1,36.6,26.26841,73.00594,ERA5,Asia/Kolkata,Open-Meteo Historical Weather API
RJ-Jodhpur,2024-07-22,33.0,38.4,29.0,0.8,0.8,3.0,66,6.15,0.084,0.188,0.222,38.0,37.1,26.26841,73.00594,ERA5,Asia/Kolkata,Open-Meteo Historical Weather API
RJ-Jodhpur,2024-07-23,32.8,37.4,29.0,0.5,0.5,4.0,68,5.18,0.091,0.189,0.224,35.8,36.2,26.26841,73.00594,ERA5,Asia/Kolkata,Open-Meteo Historical Weather API
RJ-Jodhpur,2024-07-24,32.5,36.6,29.4,0.1,0.1,1.0,67,5.44,0.076,0.186,0.223,36.4,35.7,26.26841,73.00594,ERA5,Asia/Kolkata,Open-Meteo Historical Weather API
RJ-Jodhpur,2024-07-25,32.2,35.1,30.3,0.2,0.2,2.0,65,5.17,0.073,0.185,0.222,35.4,35.5,26.26841,73.00594,ERA5,Asia/Kolkata,Open-Meteo Historical Weather API
RJ-Jodhpur,2024-07-26,30.7,33.4,28.5,14.7,14.7,11.0,78,3.72,0.221,0.185,0.222,32.8,33.9,26.26841,73.00594,ERA5,Asia/Kolkata,Open-Meteo Historical Weather API
RJ-Jodhpur,2024-07-27,30.5,33.9,28.7,0.1,0.1,1.0,77,4.06,0.228,0.187,0.222,31.9,32.4,26.26841,73.00594,ERA5,Asia/Kolkata,Open-Meteo Historical Weather API
RJ-Jodhpur,2024-07-28,30.2,33.8,27.4,8.0,8.0,8.0,81,2.67,0.278,0.189,0.222,31.4,31.7,26.26841,73.00594,ERA5,Asia/Kolkata,Open-Meteo Historical Weather API
RJ-Jodhpur,2024-07-29,32.7,36.7,29.4,0.3,0.3,3.0,73,5.2,0.25,0.192,0.221,33.3,32.5,26.26841,73.00594,ERA5,Asia/Kolkata,Open-Meteo Historical Weather API
RJ-Jodhpur,2024-07-30,31.5,34.9,28.7,2.7,2.7,7.0,79,4.42,0.215,0.193,0.222,33.2,33.0,26.26841,73.00594,ERA5,Asia/Kolkata,Open-Meteo Historical Weather API
RJ-Jodhpur,2024-07-31,31.4,35.1,28.6,0.3,0.3,3.0,75,4.39,0.199,0.192,0.221,32.4,32.3,26.26841,73.00594,ERA5,Asia/Kolkata,Open-Meteo Historical Weather API
RJ-Jodhpur,2024-08-01,29.4,31.7,28.1,3.0,3.0,7.0,77,3.04,0.176,0.192,0.221,30.8,31.4,26.26841,73.00594,ERA5,Asia/Kolkata,Open-Meteo Historical Weather API
RJ-Jodhpur,2024-08-02,27.3,28.7,26.4,56.9,56.9,24.0,93,1.17,0.392,0.26,0.222,29.1,30.1,26.26841,73.00594,ERA5,Asia/Kolkata,Open-Meteo Historical Weather API
RJ-Jodhpur,2024-08-03,27.0,28.6,25.7,88.6,88.6,18.0,95,1.07,0.429,0.422,0.26,28.3,29.0,26.26841,73.00594,ERA5,Asia/Kolkata,Open-Meteo Historical Weather API
RJ-Jodhpur,2024-08-04,28.7,32.1,26.5,25.9,25.9,20.0,86,2.97,0.417,0.413,0.289,29.4,29.2,26.26841,73.00594,ERA5,Asia/Kolkata,Open-Meteo Historical Weather API
RJ-Jodhpur,2024-08-05,27.0,28.2,26.1,60.3,60.3,24.0,94,0.84,0.436,0.433,0.32,28.4,29.3,26.26841,73.00594,ERA5,Asia/Kolkata,Open-Meteo Historical Weather API
RJ-Jodhpur,2024-08-06,26.1,27.2,25.4,82.8,82.8,23.0,96,0.74,0.433,0.436,0.407,27.3,28.1,26.26841,73.00594,ERA5,Asia/Kolkata,Open-Meteo Historical Weather API
RJ-Jodhpur,2024-08-07,27.6,29.5,26.2,0.9,0.9,9.0,86,2.72,0.399,0.418,0.42,28.0,28.1,26.26841,73.00594,ERA5,Asia/Kolkata,Open-Meteo Historical Weather API
RJ-Jodhpur,2024-08-08,28.7,31.7,26.1,0.8,0.8,7.0,79,3.64,0.378,0.4,0.414,28.6,28.4,26.26841,73.00594,ERA5,Asia/Kolkata,Open-Meteo Historical Weather API
RJ-Jodhpur,2024-08-09,29.2,32.1,26.8,4.1,4.1,10.0,81,3.19,0.37,0.388,0.41,29.3,28.7,26.26841,73.00594,ERA5,Asia/Kolkata,Open-Meteo Historical Weather API
RJ-Jodhpur,2024-08-10,28.9,31.1,27.1,1.3,1.3,5.0,82,3.17,0.374,0.383,0.405,29.1,28.8,26.26841,73.00594,ERA5,Asia/Kolkata,Open-Meteo Historical Weather API
RJ-Jodhpur,2024-08-11,29.3,32.0,27.2,0.6,0.6,6.0,80,3.66,0.353,0.376,0.401,29.4,28.9,26.26841,73.00594,ERA5,Asia/Kolkata,Open-Meteo Historical Weather API
RJ-Jodhpur,2024-08-12,29.4,32.3,27.5,0.5,0.5,5.0,79,3.33,0.336,0.368,0.398,29.4,28.9,26.26841,73.00594,ERA5,Asia/Kolkata,Open-Meteo Historical Weather API
RJ-Jodhpur,2024-08-13,29.8,34.2,27.1,0.4,0.4,3.0,79,4.55,0.316,0.359,0.394,30.2,29.3,26.26841,73.00594,ERA5,Asia/Kolkata,Open-Meteo Historical Weather API
RJ-Jodhpur,2024-08-14,29.2,32.2,27.7,12.6,12.6,17.0,84,2.9,0.335,0.353,0.391,29.9,29.5,26.26841,73.00594,ERA5,Asia/Kolkata,Open-Meteo Historical Weather API
RJ-Jodhpur,2024-08-15,28.7,30.6,27.6,5.5,5.5,21.0,86,2.71,0.399,0.371,0.389,29.4,29.3,26.26841,73.00594,ERA5,Asia/Kolkata,Open-Meteo Historical Weather API
RJ-Jodhpur,2024-08-16,27.2,29.1,25.9,70.1,70.1,18.0,89,2.12,0.422,0.425,0.413,28.1,28.7,26.26841,73.00594,ERA5,Asia/Kolkata,Open-Meteo Historical Weather API
RJ-Jodhpur,2024-08-17,28.0,30.6,25.7,1.0,1.0,7.0,84,2.89,0.396,0.414,0.419,28.3,28.2,26.26841,73.00594,ERA5,Asia/Kolkata,Open-Meteo Historical Weather API
RJ-Jodhpur,2024-08-18,29.4,32.7,26.5,0.7,0.7,6.0,79,3.97,0.377,0.399,0.414,29.3,28.4,26.26841,73.00594,ERA5,Asia/Kolkata,Open-Meteo Historical Weather API
RJ-Jodhpur,2024-08-19,30.2,34.0,26.8,0.3,0.3,2.0,76,4.72,0.355,0.385,0.409,30.2,29.0,26.26841,73.00594,ERA5,Asia/Kolkata,Open-Meteo Historical Weather API
RJ-Jodhpur,2024-08-20,30.4,34.0,27.3,0.2,0.2,2.0,75,4.77,0.33,0.371,0.405,30.7,29.5,26.26841,73.00594,ERA5,Asia/Kolkata,Open-Meteo Historical Weather API
RJ-Jodhpur,2024-08-21,30.1,33.9,27.5,0.3,0.3,3.0,76,4.5,0.31,0.359,0.401,30.7,29.8,26.26841,73.00594,ERA5,Asia/Kolkata,Open-Meteo Historical Weather API
RJ-Jodhpur,2024-08-22,29.9,33.4,27.2,0.0,0.0,0.0,77,3.9,0.294,0.348,0.396,30.6,30.0,26.26841,73.00594,ERA5,Asia/Kolkata,Open-Meteo Historical Weather API
RJ-Jodhpur,2024-08-23,28.9,32.8,26.6,9.4,9.4,12.0,84,3.7,0.315,0.345,0.393,30.5,30.1,26.26841,73.00594,ERA5,Asia/Kolkata,Open-Meteo Historical Weather API
RJ-Jodhpur,2024-08-24,28.8,32.3,25.9,0.3,0.3,2.0,83,3.54,0.332,0.352,0.39,30.0,29.9,26.26841,73.00594,ERA5,Asia/Kolkata,Open-Meteo Historical Weather API
RJ-Jodhpur,2024-08-25,27.7,30.9,26.4,10.2,10.2,19.0,88,2.48,0.363,0.354,0.387,29.0,29.5,26.26841,73.00594,ERA5,Asia/Kolkata,Open-Meteo Historical Weather API
RJ-Jodhpur,2024-08-26,28.3,30.3,26.8,0.7,0.7,7.0,82,3.39,0.372,0.365,0.386,28.7,28.9,26.26841,73.00594,ERA5,Asia/Kolkata,Open-Meteo Historical Weather API
RJ-Jodhpur,2024-08-27,28.1,30.9,26.3,0.1,0.1,1.0,77,4.61,0.33,0.361,0.384,28.4,28.6,26.26841,73.00594,ERA5,Asia/Kolkata,Open-Meteo Historical Weather API
RJ-Jodhpur,2024-08-28,28.1,30.9,25.7,1.3,1.3,5.0,77,3.76,0.311,0.352,0.382,28.1,28.1,26.26841,73.00594,ERA5,Asia/Kolkata,Open-Meteo Historical Weather API
RJ-Jodhpur,2024-08-29,28.8,31.9,26.2,0.3,0.3,3.0,77,4.45,0.298,0.345,0.38,29.0,28.4,26.26841,73.00594,ERA5,Asia/Kolkata,Open-Meteo Historical Weather API
RJ-Jodhpur,2024-08-30,29.1,32.4,26.2,0.6,0.6,6.0,75,4.25,0.277,0.338,0.378,29.6,29.0,26.26841,73.00594,ERA5,Asia/Kolkata,Open-Meteo Historical Weather API
RJ-Jodhpur,2024-08-31,28.9,32.1,26.6,1.7,1.7,7.0,81,4.21,0.268,0.331,0.376,30.2,29.5,26.26841,73.00594,ERA5,Asia/Kolkata,Open-Meteo Historical Weather API
RJ-Jodhpur,2024-09-01,29.8,33.7,26.4,0.3,0.3,3.0,78,4.23,0.26,0.324,0.373,30.3,29.8,26.26841,73.00594,ERA5,Asia/Kolkata,Open-Meteo Historical Weather API
RJ-Jodhpur,2024-09-02,30.1,34.0,27.3,4.3,4.3,6.0,78,3.55,0.249,0.318,0.371,30.8,29.9,26.26841,73.00594,ERA5,Asia/Kolkata,Open-Meteo Historical Weather API
RJ-Jodhpur,2024-09-03,28.0,31.3,25.8,21.1,21.1,20.0,87,3.3,0.369,0.335,0.37,30.4,30.1,26.26841,73.00594,ERA5,Asia/Kolkata,Open-Meteo Historical Weather API
RJ-Jodhpur,2024-09-04,27.0,29.2,25.5,13.1,13.1,18.0,90,2.18,0.411,0.389,0.372,28.8,29.4,26.26841,73.00594,ERA5,Asia/Kolkata,Open-Meteo Historical Weather API
RJ-Jodhpur,2024-09-05,28.0,31.1,25.3,1.4,1.4,9.0,85,3.29,0.38,0.391,0.375,29.3,28.9,26.26841,73.00594,ERA5,Asia/Kolkata,Open-Meteo Historical Weather API
RJ-Jodhpur,2024-09-06,28.2,32.2,25.7,3.9,3.9,20.0,86,3.28,0.372,0.384,0.375,29.4,29.1,26.26841,73.00594,ERA5,Asia/Kolkata,Open-Meteo Historical Weather API
RJ-Jodhpur,2024-09-07,28.7,33.3,25.8,1.3,1.3,7.0,83,3.78,0.367,0.381,0.375,29.6,29.3,26.26841,73.00594,ERA5,Asia/Kolkata,Open-Meteo Historical Weather API
RJ-Jodhpur,2024-09-08,29.4,34.1,26.2,1.2,1.2,7.0,81,4.29,0.351,0.374,0.374,30.1,29.4,26.26841,73.00594,ERA5,Asia/Kolkata,Open-Meteo Historical Weather API
RJ-Jodhpur,2024-09-09,30.5,35.1,26.8,1.4,1.4,12.0,77,4.56,0.343,0.368,0.373,30.7,29.7,26.26841,73.00594,ERA5,Asia/Kolkata,Open-Meteo Historical Weather API
RJ-Jodhpur,2024-09-10,29.5,32.1,27.1,0.8,0.8,3.0,82,4.03,0.325,0.36,0.372,30.6,30.0,26.26841,73.00594,ERA5,Asia/Kolkata,Open-Meteo Historical Weather API
RJ-Jodhpur,2024-09-11,29.1,32.8,26.3,0.1,0.1,1.0,82,4.45,0.311,0.352,0.37,30.1,29.9,26.26841,73.00594,ERA5,Asia/Kolkata,Open-Meteo Historical Weather API
RJ-Jodhpur,2024-09-12,29.0,32.8,26.5,0.3,0.3,2.0,81,4.43,0.287,0.344,0.369,29.7,29.6,26.26841,73.00594,ERA5,Asia/Kolkata,Open-Meteo Historical Weather API
RJ-Jodhpur,2024-09-13,28.1,30.9,26.1,0.0,0.0,0.0,79,4.37,0.269,0.336,0.367,29.1,29.0,26.26841,73.00594,ERA5,Asia/Kolkata,Open-Meteo Historical Weather API
RJ-Jodhpur,2024-09-14,27.3,30.3,25.1,0.4,0.4,4.0,78,3.73,0.251,0.327,0.366,28.1,28.2,26.26841,73.00594,ERA5,Asia/Kolkata,Open-Meteo Historical Weather API
RJ-Jodhpur,2024-09-15,27.1,30.3,24.4,0.0,0.0,0.0,78,3.81,0.237,0.319,0.364,27.9,27.7,26.26841,73.00594,ERA5,Asia/Kolkata,Open-Meteo Historical Weather API
RJ-Jodhpur,2024-09-16,27.2,31.4,23.9,0.0,0.0,0.0,77,4.44,0.221,0.312,0.362,28.2,27.8,26.26841,73.00594,ERA5,Asia/Kolkata,Open-Meteo Historical Weather API
RJ-Jodhpur,2024-09-17,27.4,32.3,23.3,0.0,0.0,0.0,76,4.91,0.202,0.304,0.36,28.5,27.9,26.26841,73.00594,ERA5,Asia/Kolkata,Open-Meteo Historical Weather API
RJ-Jodhpur,2024-09-18,29.2,35.1,24.2,0.0,0.0,0.0,67,4.92,0.184,0.297,0.358,29.2,28.5,26.26841,73.00594,ERA5,Asia/Kolkata,Open-Meteo Historical Weather API
RJ-Jodhpur,2024-09-19,28.4,33.3,24.5,0.0,0.0,0.0,75,4.71,0.167,0.29,0.356,29.7,29.1,26.26841,73.00594,ERA5,Asia/Kolkata,Open-Meteo Historical Weather API
RJ-Jodhpur,2024-09-20,28.8,33.5,24.4,0.1,0.1,1.0,76,3.95,0.156,0.285,0.354,30.0,29.5,26.26841,73.00594,ERA5,Asia/Kolkata,Open-Meteo Historical Weather API
RJ-Jodhpur,2024-09-21,30.4,35.1,26.4,0.0,0.0,0.0,71,4.61,0.145,0.28,0.352,30.8,29.9,26.26841,73.00594,ERA5,Asia/Kolkata,Open-Meteo Historical Weather API
RJ-Jodhpur,2024-09-22,30.8,36.2,27.4,0.0,0.0,0.0,67,5.41,0.133,0.275,0.351,31.4,30.5,26.26841,73.00594,ERA5,Asia/Kolkata,Open-Meteo Historical Weather API
RJ-Jodhpur,2024-09-23,31.0,36.8,26.3,0.0,0.0,0.0,68,4.89,0.121,0.269,0.348,32.0,30.8,26.26841,73.00594,ERA5,Asia/Kolkata,Open-Meteo Historical Weather API
RJ-Jodhpur,2024-09-24,31.8,37.7,27.6,0.0,0.0,0.0,64,5.32,0.112,0.265,0.346,33.1,31.6,26.26841,73.00594,ERA5,Asia/Kolkata,Open-Meteo Historical Weather API
RJ-Jodhpur,2024-09-25,32.1,37.5,27.8,0.0,0.0,0.0,63,5.35,0.104,0.26,0.344,33.9,32.2,26.26841,73.00594,ERA5,Asia/Kolkata,Open-Meteo Historical Weather API
RJ-Jodhpur,2024-09-26,31.5,36.6,28.1,0.7,0.7,1.0,69,5.13,0.101,0.256,0.342,34.2,32.9,26.26841,73.00594,ERA5,Asia/Kolkata,Open-Meteo Historical Weather API
RJ-Jodhpur,2024-09-27,30.4,35.4,27.0,0.0,0.0,0.0,73,4.76,0.105,0.255,0.341,33.4,32.9,26.26841,73.00594,ERA5,Asia/Kolkata,Open-Meteo Historical Weather API
RJ-Jodhpur,2024-09-28,29.8,34.4,26.4,0.0,0.0,0.0,73,4.42,0.1,0.252,0.339,32.9,32.6,26.26841,73.00594,ERA5,Asia/Kolkata,Open-Meteo Historical Weather API
RJ-Jodhpur,2024-09-29,30.7,35.7,26.1,0.4,0.4,2.0,67,4.42,0.097,0.248,0.337,33.6,32.6,26.26841,73.00594,ERA5,Asia/Kolkata,Open-Meteo Historical Weather API
RJ-Jodhpur,2024-09-30,31.4,35.4,27.9,0.0,0.0,0.0,66,4.86,0.098,0.244,0.335,33.6,32.9,26.26841,73.00594,ERA5,Asia/Kolkata,Open-Meteo Historical Weather API
RJ-Jodhpur,2024-10-01,31.8,37.4,27.6,0.0,0.0,0.0,59,5.78,0.092,0.242,0.333,33.6,32.9,26.26841,73.00594,ERA5,Asia/Kolkata,Open-Meteo Historical Weather API
RJ-Jodhpur,2024-10-02,31.5,37.6,27.0,0.0,0.0,0.0,55,6.75,0.088,0.239,0.331,33.1,32.8,26.26841,73.00594,ERA5,Asia/Kolkata,Open-Meteo Historical Weather API
RJ-Jodhpur,2024-10-03,30.8,36.2,27.1,0.0,0.0,0.0,56,6.89,0.085,0.237,0.329,32.8,32.6,26.26841,73.00594,ERA5,Asia/Kolkata,Open-Meteo Historical Weather API
RJ-Jodhpur,2024-10-04,29.6,34.3,26.1,0.0,0.0,0.0,64,5.92,0.086,0.235,0.328,32.2,32.2,26.26841,73.00594,ERA5,Asia/Kolkata,Open-Meteo Historical Weather API
RJ-Jodhpur,2024-10-05,29.1,33.5,25.9,0.0,0.0,0.0,65,5.37,0.083,0.233,0.326,31.9,31.8,26.26841,73.00594,ERA5,Asia/Kolkata,Open-Meteo Historical Weather API
RJ-Jodhpur,2024-10-06,29.0,34.4,24.1,0.0,0.0,0.0,65,4.73,0.083,0.231,0.325,32.1,31.6,26.26841,73.00594,ERA5,Asia/Kolkata,Open-Meteo Historical Weather API
RJ-Jodhpur,2024-10-07,30.3,36.3,25.5,0.0,0.0,0.0,59,4.78,0.079,0.229,0.323,32.7,31.9,26.26841,73.00594,ERA5,Asia/Kolkata,Open-Meteo Historical Weather API
RJ-Jodhpur,2024-10-08,29.8,36.1,24.8,0.1,0.1,1.0,58,4.56,0.078,0.227,0.321,32.4,32.1,26.26841,73.00594,ERA5,Asia/Kolkata,Open-Meteo Historical Weather API
RJ-Jodhpur,2024-10-09,29.9,36.6,24.8,0.1,0.1,1.0,54,4.5,0.078,0.225,0.32,32.3,32.1,26.26841,73.00594,ERA5,Asia/Kolkata,Open-Meteo Historical Weather API
RJ-Jodhpur,2024-10-10,29.3,35.0,23.6,0.0,0.0,0.0,51,4.82,0.077,0.224,0.318,31.9,32.1,26.26841,73.00594,ERA5,Asia/Kolkata,Open-Meteo Historical Weather API
RJ-Jodhpur,2024-10-11,28.9,35.3,24.1,0.0,0.0,0.0,54,4.99,0.078,0.222,0.316,31.7,32.0,26.26841,73.00594,ERA5,Asia/Kolkata,Open-Meteo Historical Weather API
RJ-Jodhpur,2024-10-12,27.9,33.8,22.7,0.1,0.1,1.0,57,4.72,0.079,0.22,0.315,30.6,31.4,26.26841,73.00594,ERA5,Asia/Kolkata,Open-Meteo Historical Weather API
RJ-Jodhpur,2024-10-13,27.6,31.6,25.2,0.2,0.2,2.0,62,3.21,0.077,0.219,0.314,30.1,30.9,26.26841,73.00594,ERA5,Asia/Kolkata,Open-Meteo Historical Weather API
RJ-Jodhpur,2024-10-14,28.4,34.8,23.1,0.0,0.0,0.0,62,4.86,0.075,0.217,0.312,31.0,30.5,26.26841,73.00594,ERA5,Asia/Kolkata,Open-Meteo Historical Weather API
RJ-Jodhpur,2024-10-15,28.9,35.4,24.2,0.0,0.0,0.0,55,4.55,0.073,0.216,0.31,31.3,31.0,26.26841,73.00594,ERA5,Asia/Kolkata,Open-Meteo Historical Weather API
RJ-Jodhpur,2024-10-16,28.1,36.0,21.3,0.0,0.0,0.0,51,5.19,0.075,0.214,0.308,30.3,30.7,26.26841,73.00594,ERA5,Asia/Kolkata,Open-Meteo Historical Weather API
RJ-Jodhpur,2024-10-17,29.1,36.1,22.3,0.0,0.0,0.0,50,5.14,0.074,0.212,0.307,31.0,30.9,26.26841,73.00594,ERA5,Asia/Kolkata,Open-Meteo Historical Weather API
RJ-Jodhpur,2024-10-18,29.3,36.6,23.7,0.0,0.0,0.0,48,5.14,0.072,0.211,0.305,31.6,31.4,26.26841,73.00594,ERA5,Asia/Kolkata,Open-Meteo Historical Weather API
RJ-Jodhpur,2024-10-19,28.5,36.8,21.8,0.0,0.0,0.0,51,4.93,0.073,0.209,0.303,31.0,31.3,26.26841,73.00594,ERA5,Asia/Kolkata,Open-Meteo Historical Weather API
RJ-Jodhpur,2024-10-20,28.5,36.1,22.4,0.0,0.0,0.0,53,4.62,0.071,0.208,0.302,30.8,31.1,26.26841,73.00594,ERA5,Asia/Kolkata,Open-Meteo Historical Weather API
RJ-Jodhpur,2024-10-21,27.9,34.5,23.9,0.0,0.0,0.0,58,4.37,0.072,0.209,0.303,31.0,31.3,26.26841,73.00594,ERA5,Asia/Kolkata,Open-Meteo Historical Weather API
RJ-Jodhpur,2024-10-22,27.5,33.4,22.2,0.0,0.0,0.0,61,4.22,0.071,0.208,0.301,31.0,31.1,26.26841,73.00594,ERA5,Asia/Kolkata,Open-Meteo Historical Weather API
RJ-Jodhpur,2024-10-23,28.0,34.7,22.7,0.0,0.0,0.0,57,4.52,0.071,0.207,0.3,30.8,31.0,26.26841,73.00594,ERA5,Asia/Kolkata,Open-Meteo Historical Weather API
RJ-Jodhpur,2024-10-24,27.6,35.9,21.0,0.0,0.0,0.0,50,5.16,0.075,0.207,0.3,29.8,30.5,26.26841,73.00594,ERA5,Asia/Kolkata,Open-Meteo Historical Weather API
RJ-Jodhpur,2024-10-25,27.0,35.6,19.6,0.0,0.0,0.0,52,4.6,0.076,0.207,0.299,29.3,30.0,26.26841,73.00594,ERA5,Asia/Kolkata,Open-Meteo Historical Weather API
RJ-Jodhpur,2024-10-26,27.9,37.2,20.7,0.0,0.0,0.0,53,4.62,0.074,0.207,0.298,29.4,30.0,26.26841,73.00594,ERA5,Asia/Kolkata,Open-Meteo Historical Weather API
RJ-Jodhpur,2024-10-27,28.2,37.4,21.1,0.0,0.0,0.0,49,4.85,0.071,0.206,0.297,29.9,30.2,26.26841,73.00594,ERA5,Asia/Kolkata,Open-Meteo Historical Weather API
RJ-Jodhpur,2024-10-28,28.5,37.8,21.4,0.0,0.0,0.0,48,5.19,0.071,0.205,0.296,30.1,30.4,26.26841,73.00594,ERA5,Asia/Kolkata,Open-Meteo Historical Weather API
RJ-Jodhpur,2024-10-29,28.4,37.5,22.0,0.0,0.0,0.0,49,5.18,0.071,0.205,0.296,30.0,30.4,26.26841,73.00594,ERA5,Asia/Kolkata,Open-Meteo Historical Weather API
RJ-Jodhpur,2024-10-30,27.9,36.6,21.3,0.0,0.0,0.0,46,4.98,0.07,0.204,0.295,29.9,30.3,26.26841,73.00594,ERA5,Asia/Kolkata,Open-Meteo Historical Weather API
RJ-Jodhpur,2024-10-31,27.6,35.9,21.0,0.0,0.0,0.0,44,4.75,0.072,0.203,0.294,29.6,30.1,26.26841,73.00594,ERA5,Asia/Kolkata,Open-Meteo Historical Weather API
RJ-Jodhpur,2024-11-01,27.5,35.9,21.3,0.0,0.0,0.0,46,5.11,0.071,0.202,0.293,29.1,29.9,26.26841,73.00594,ERA5,Asia/Kolkata,Open-Meteo Historical Weather API
RJ-Jodhpur,2024-11-02,27.0,35.2,21.2,0.0,0.0,0.0,47,4.92,0.071,0.202,0.292,28.9,29.8,26.26841,73.00594,ERA5,Asia/Kolkata,Open-Meteo Historical Weather API
RJ-Jodhpur,2024-11-03,26.6,34.8,19.7,0.0,0.0,0.0,50,4.3,0.072,0.201,0.291,28.7,29.5,26.26841,73.00594,ERA5,Asia/Kolkata,Open-Meteo Historical Weather API
RJ-Jodhpur,2024-11-04,27.1,35.6,20.1,0.0,0.0,0.0,48,4.61,0.071,0.201,0.29,28.8,29.4,26.26841,73.00594,ERA5,Asia/Kolkata,Open-Meteo Historical Weather API
RJ-Jodhpur,2024-11-05,26.7,35.1,19.7,0.0,0.0,0.0,54,4.1,0.073,0.2,0.289,28.9,29.5,26.26841,73.00594,ERA5,Asia/Kolkata,Open-Meteo Historical Weather API
RJ-Jodhpur,2024-11-06,27.2,35.4,21.0,0.0,0.0,0.0,53,3.83,0.074,0.199,0.288,28.8,29.5,26.26841,73.00594,ERA5,Asia/Kolkata,Open-Meteo Historical Weather API
RJ-Jodhpur,2024-11-07,26.3,35.0,19.5,0.0,0.0,0.0,57,4.15,0.076,0.199,0.287,28.3,29.2,26.26841,73.00594,ERA5,Asia/Kolkata,Open-Meteo Historical Weather API
RJ-Jodhpur,2024-11-08,25.9,34.9,19.1,0.0,0.0,0.0,54,4.3,0.076,0.199,0.287,27.7,28.7,26.26841,73.00594,ERA5,Asia/Kolkata,Open-Meteo Historical Weather API
RJ-Jodhpur,2024-11-09,25.6,35.0,18.3,0.0,0.0,0.0,52,4.23,0.072,0.199,0.286,27.2,28.4,26.26841,73.00594,ERA5,Asia/Kolkata,Open-Meteo Historical Weather API
RJ-Jodhpur,2024-11-10,25.6,34.3,19.1,0.0,0.0,0.0,48,3.85,0.073,0.198,0.285,26.6,28.1,26.26841,73.00594,ERA5,Asia/Kolkata,Open-Meteo Historical Weather API
RJ-Jodhpur,2024-11-11,24.7,33.6,18.4,0.0,0.0,0.0,51,4.01,0.075,0.198,0.284,25.9,27.7,26.26841,73.00594,ERA5,Asia/Kolkata,Open-Meteo Historical Weather API
RJ-Jodhpur,2024-11-12,24.3,32.7,18.1,0.0,0.0,0.0,54,3.67,0.076,0.199,0.285,25.9,27.4,26.26841,73.00594,ERA5,Asia/Kolkata,Open-Meteo Historical Weather API
RJ-Jodhpur,2024-11-13,23.6,32.3,16.5,0.0,0.0,0.0,54,3.85,0.077,0.199,0.285,25.5,27.1,26.26841,73.00594,ERA5,Asia/Kolkata,Open-Meteo Historical Weather API
RJ-Jodhpur,2024-11-14,23.7,32.3,16.6,0.0,0.0,0.0,53,3.96,0.078,0.2,0.285,25.4,26.9,26.26841,73.00594,ERA5,Asia/Kolkata,Open-Meteo Historical Weather API
RJ-Jodhpur,2024-11-15,23.1,31.4,16.0,0.0,0.0,0.0,55,3.68,0.078,0.201,0.285,25.3,26.8,26.26841,73.00594,ERA5,Asia/Kolkata,Open-Meteo Historical Weather API
RJ-Jodhpur,2024-11-16,23.6,31.6,17.5,0.0,0.0,0.0,54,3.79,0.077,0.2,0.285,25.3,26.7,26.26841,73.00594,ERA5,Asia/Kolkata,Open-Meteo Historical Weather API
RJ-Jodhpur,2024-11-17,23.1,30.0,19.2,0.0,0.0,0.0,52,4.24,0.079,0.201,0.284,25.5,26.9,26.26841,73.00594,ERA5,Asia/Kolkata,Open-Meteo Historical Weather API
RJ-Jodhpur,2024-11-18,20.7,28.8,14.9,0.0,0.0,0.0,50,4.04,0.079,0.201,0.284,23.5,25.8,26.26841,73.00594,ERA5,Asia/Kolkata,Open-Meteo Historical Weather API
RJ-Jodhpur,2024-11-19,20.1,28.3,13.2,0.0,0.0,0.0,48,3.99,0.077,0.2,0.283,22.7,24.8,26.26841,73.00594,ERA5,Asia/Kolkata,Open-Meteo Historical Weather API
RJ-Jodhpur,2024-11-20,19.8,28.3,12.9,0.0,0.0,0.0,49,3.83,0.074,0.199,0.282,22.4,24.4,26.26841,73.00594,ERA5,Asia/Kolkata,Open-Meteo Historical Weather API
RJ-Jodhpur,2024-11-21,19.2,28.1,11.9,0.0,0.0,0.0,52,3.62,0.076,0.198,0.282,21.8,24.1,26.26841,73.00594,ERA5,Asia/Kolkata,Open-Meteo Historical Weather API
RJ-Jodhpur,2024-11-22,19.2,28.5,11.7,0.0,0.0,0.0,56,3.53,0.079,0.198,0.282,21.5,23.7,26.26841,73.00594,ERA5,Asia/Kolkata,Open-Meteo Historical Weather API
RJ-Jodhpur,2024-11-23,19.5,28.8,12.4,0.0,0.0,0.0,55,3.52,0.081,0.197,0.281,21.4,23.6,26.26841,73.00594,ERA5,Asia/Kolkata,Open-Meteo Historical Weather API
RJ-Jodhpur,2024-11-24,19.8,29.3,12.6,0.0,0.0,0.0,59,3.23,0.083,0.198,0.281,21.4,23.4,26.26841,73.00594,ERA5,Asia/Kolkata,Open-Meteo Historical Weather API
RJ-Jodhpur,2024-11-25,20.6,29.4,13.1,0.0,0.0,0.0,55,3.33,0.082,0.2,0.282,21.8,23.5,26.26841,73.00594,ERA5,Asia/Kolkata,Open-Meteo Historical Weather API
RJ-Jodhpur,2024-11-26,20.5,29.6,13.5,0.0,0.0,0.0,58,3.5,0.079,0.199,0.281,22.2,23.6,26.26841,73.00594,ERA5,Asia/Kolkata,Open-Meteo Historical Weather API
RJ-Jodhpur,2024-11-27,21.5,30.3,13.8,0.0,0.0,0.0,54,3.7,0.079,0.198,0.28,22.5,23.8,26.26841,73.00594,ERA5,Asia/Kolkata,Open-Meteo Historical Weather API
RJ-Jodhpur,2024-11-28,20.9,29.6,15.4,0.0,0.0,0.0,53,3.47,0.079,0.198,0.28,22.6,23.9,26.26841,73.00594,ERA5,Asia/Kolkata,Open-Meteo Historical Weather API
RJ-Jodhpur,2024-11-29,20.0,28.3,14.3,0.0,0.0,0.0,49,4.08,0.078,0.198,0.28,21.9,23.7,26.26841,73.00594,ERA5,Asia/Kolkata,Open-Meteo Historical Weather API
RJ-Jodhpur,2024-11-30,19.1,27.3,12.6,0.0,0.0,0.0,54,3.73,0.079,0.197,0.279,21.1,22.9,26.26841,73.00594,ERA5,Asia/Kolkata,Open-Meteo Historical Weather API
RJ-Jodhpur,2024-12-01,19.8,28.0,12.7,0.0,0.0,0.0,57,3.75,0.077,0.197,0.278,21.5,22.8,26.26841,73.00594,ERA5,Asia/Kolkata,Open-Meteo Historical Weather API
RJ-Jodhpur,2024-12-02,20.3,28.2,14.0,0.0,0.0,0.0,58,3.86,0.075,0.196,0.278,22.1,23.1,26.26841,73.00594,ERA5,Asia/Kolkata,Open-Meteo Historical Weather API
RJ-Jodhpur,2024-12-03,20.4,28.1,14.6,0.0,0.0,0.0,57,3.89,0.079,0.197,0.278,21.9,23.2,26.26841,73.00594,ERA5,Asia/Kolkata,Open-Meteo Historical Weather API
RJ-Jodhpur,2024-12-04,20.0,27.5,14.5,0.0,0.0,0.0,57,3.76,0.083,0.197,0.278,21.7,22.9,26.26841,73.00594,ERA5,Asia/Kolkata,Open-Meteo Historical Weather API
RJ-Jodhpur,2024-12-05,19.1,27.1,12.6,0.0,0.0,0.0,57,3.24,0.083,0.196,0.277,20.9,22.6,26.26841,73.00594,ERA5,Asia/Kolkata,Open-Meteo Historical Weather API
RJ-Jodhpur,2024-12-06,18.5,27.0,11.0,0.0,0.0,0.0,60,3.07,0.083,0.196,0.277,20.2,22.0,26.26841,73.00594,ERA5,Asia/Kolkata,Open-Meteo Historical Weather API
RJ-Jodhpur,2024-12-07,18.3,27.2,11.5,0.0,0.0,0.0,54,3.39,0.084,0.197,0.278,19.2,21.6,26.26841,73.00594,ERA5,Asia/Kolkata,Open-Meteo Historical Weather API
RJ-Jodhpur,2024-12-08,16.9,26.0,9.2,0.0,0.0,0.0,41,4.47,0.086,0.197,0.278,17.9,20.5,26.26841,73.00594,ERA5,Asia/Kolkata,Open-Meteo Historical Weather API
RJ-Jodhpur,2024-12-09,15.3,22.6,9.0,0.0,0.0,0.0,53,3.55,0.086,0.197,0.277,17.6,20.0,26.26841,73.00594,ERA5,Asia/Kolkata,Open-Meteo Historical Weather API
RJ-Jodhpur,2024-12-10,15.5,22.7,10.0,0.0,0.0,0.0,53,3.56,0.084,0.197,0.277,17.6,19.6,26.26841,73.00594,ERA5,Asia/Kolkata,Open-Meteo Historical Weather API
RJ-Jodhpur,2024-12-11,15.3,23.7,8.9,0.0,0.0,0.0,46,3.73,0.082,0.197,0.277,17.1,19.3,26.26841,73.00594,ERA5,Asia/Kolkata,Open-Meteo Historical Weather API
RJ-Jodhpur,2024-12-12,15.4,23.7,8.2,0.0,0.0,0.0,43,3.76,0.08,0.195,0.275,17.3,19.2,26.26841,73.00594,ERA5,Asia/Kolkata,Open-Meteo Historical Weather API
RJ-Jodhpur,2024-12-13,15.4,23.1,9.5,0.0,0.0,0.0,41,4.16,0.081,0.194,0.274,16.8,19.0,26.26841,73.00594,ERA5,Asia/Kolkata,Open-Meteo Historical Weather API
RJ-Jodhpur,2024-12-14,14.9,24.3,7.1,0.0,0.0,0.0,42,3.88,0.08,0.192,0.273,16.4,18.5,26.26841,73.00594,ERA5,Asia/Kolkata,Open-Meteo Historical Weather API
RJ-Jodhpur,2024-12-15,15.8,26.2,7.4,0.0,0.0,0.0,42,3.74,0.083,0.191,0.272,16.6,18.4,26.26841,73.00594,ERA5,Asia/Kolkata,Open-Meteo Historical Weather API
RJ-Jodhpur,2024-12-16,16.3,25.4,8.2,0.0,0.0,0.0,49,3.07,0.08,0.19,0.272,17.1,18.6,26.26841,73.00594,ERA5,Asia/Kolkata,Open-Meteo Historical Weather API
RJ-Jodhpur,2024-12-17,15.6,24.9,8.1,0.0,0.0,0.0,53,3.62,0.081,0.19,0.271,17.1,18.6,26.26841,73.00594,ERA5,Asia/Kolkata,Open-Meteo Historical Weather API
RJ-Jodhpur,2024-12-18,16.2,24.2,10.1,0.0,0.0,0.0,50,3.71,0.079,0.191,0.271,17.4,18.8,26.26841,73.00594,ERA5,Asia/Kolkata,Open-Meteo Historical Weather API
RJ-Jodhpur,2024-12-19,16.5,24.2,10.0,0.0,0.0,0.0,53,3.45,0.075,0.19,0.271,18.0,19.1,26.26841,73.00594,ERA5,Asia/Kolkata,Open-Meteo Historical Weather API
RJ-Jodhpur,2024-12-20,16.5,22.8,11.1,0.0,0.0,0.0,61,3.52,0.074,0.19,0.271,18.0,19.5,26.26841,73.00594,ERA5,Asia/Kolkata,Open-Meteo Historical Weather API
RJ-Jodhpur,2024-12-21,16.9,24.0,11.2,0.0,0.0,0.0,62,3.3,0.079,0.192,0.272,18.3,19.6,26.26841,73.00594,ERA5,Asia/Kolkata,Open-Meteo Historical Weather API
RJ-Jodhpur,2024-12-22,18.8,25.9,13.0,0.0,0.0,0.0,57,3.14,0.078,0.193,0.272,19.1,19.9,26.26841,73.00594,ERA5,Asia/Kolkata,Open-Meteo Historical Weather API
RJ-Jodhpur,2024-12-23,18.2,23.6,14.5,0.9,0.9,7.0,68,2.63,0.082,0.193,0.272,20.1,20.7,26.26841,73.00594,ERA5,Asia/Kolkata,Open-Meteo Historical Weather API
RJ-Jodhpur,2024-12-24,16.0,21.4,11.7,0.0,0.0,0.0,71,2.92,0.086,0.193,0.273,18.2,19.9,26.26841,73.00594,ERA5,Asia/Kolkata,Open-Meteo Historical Weather API
RJ-Jodhpur,2024-12-25,16.1,21.4,11.6,0.0,0.0,0.0,66,3.19,0.087,0.194,0.273,18.0,19.4,26.26841,73.00594,ERA5,Asia/Kolkata,Open-Meteo Historical Weather API
RJ-Jodhpur,2024-12-26,17.3,22.0,12.2,0.2,0.2,2.0,71,2.51,0.085,0.195,0.273,18.4,19.5,26.26841,73.00594,ERA5,Asia/Kolkata,Open-Meteo Historical Weather API
RJ-Jodhpur,2024-12-27,18.4,22.3,15.2,0.0,0.0,0.0,76,2.42,0.089,0.195,0.274,20.0,20.5,26.26841,73.00594,ERA5,Asia/Kolkata,Open-Meteo Historical Weather API
RJ-Jodhpur,2024-12-28,15.2,21.2,10.5,0.0,0.0,0.0,69,2.98,0.086,0.196,0.273,17.9,19.9,26.26841,73.00594,ERA5,Asia/Kolkata,Open-Meteo Historical Weather API
RJ-Jodhpur,2024-12-29,14.1,21.2,9.0,0.0,0.0,0.0,64,3.2,0.084,0.196,0.273,16.3,18.7,26.26841,73.00594,ERA5,Asia/Kolkata,Open-Meteo Historical Weather API
RJ-Jodhpur,2024-12-30,13.8,21.8,8.4,0.0,0.0,0.0,65,3.01,0.08,0.196,0.272,16.1,18.1,26.26841,73.00594,ERA5,Asia/Kolkata,Open-Meteo Historical Weather API
RJ-Jodhpur,2024-12-31,15.0,23.3,8.6,0.0,0.0,0.0,59,3.0,0.074,0.195,0.272,16.8,18.1,26.26841,73.00594,ERA5,Asia/Kolkata,Open-Meteo Historical Weather API
RJ-Jodhpur,2025-01-01,16.1,24.2,9.6,0.0,0.0,0.0,58,3.29,0.074,0.193,0.271,17.6,18.6,26.26841,73.00594,ERA5,Asia/Kolkata,Open-Meteo Historical Weather API
RJ-Jodhpur,2025-01-02,17.3,27.0,9.9,0.0,0.0,0.0,55,3.0,0.068,0.191,0.269,18.6,19.2,26.26841,73.00594,ERA5,Asia/Kolkata,Open-Meteo Historical Weather API
RJ-Jodhpur,2025-01-03,19.0,28.9,10.3,0.0,0.0,0.0,52,3.15,0.065,0.189,0.267,19.3,19.8,26.26841,73.00594,ERA5,Asia/Kolkata,Open-Meteo Historical Weather API
RJ-Jodhpur,2025-01-04,19.3,28.6,10.7,0.0,0.0,0.0,59,3.7,0.064,0.187,0.266,20.4,20.4,26.26841,73.00594,ERA5,Asia/Kolkata,Open-Meteo Historical Weather API
RJ-Jodhpur,2025-01-05,18.0,24.2,12.5,0.0,0.0,0.0,58,3.53,0.073,0.187,0.265,20.1,20.7,26.26841,73.00594,ERA5,Asia/Kolkata,Open-Meteo Historical Weather API
RJ-Jodhpur,2025-01-06,16.1,22.1,11.3,0.0,0.0,0.0,56,3.72,0.074,0.187,0.265,18.3,20.0,26.26841,73.00594,ERA5,Asia/Kolkata,Open-Meteo Historical Weather API
RJ-Jodhpur,2025-01-07,14.4,21.8,8.5,0.0,0.0,0.0,59,3.28,0.071,0.187,0.265,16.8,18.9,26.26841,73.00594,ERA5,Asia/Kolkata,Open-Meteo Historical Weather API
RJ-Jodhpur,2025-01-08,14.4,24.2,6.3,0.0,0.0,0.0,53,3.02,0.071,0.185,0.264,16.5,18.3,26.26841,73.00594,ERA5,Asia/Kolkata,Open-Meteo Historical Weather API
RJ-Jodhpur,2025-01-09,17.1,26.9,9.1,0.0,0.0,0.0,46,3.72,0.07,0.183,0.263,17.9,18.5,26.26841,73.00594,ERA5,Asia/Kolkata,Open-Meteo Historical Weather API
RJ-Jodhpur,2025-01-10,18.2,26.7,12.1,0.0,0.0,0.0,52,3.76,0.07,0.183,0.262,19.1,19.4,26.26841,73.00594,ERA5,Asia/Kolkata,Open-Meteo Historical Weather API
RJ-Jodhpur,2025-01-11,16.1,21.2,13.6,1.9,1.9,8.0,72,2.17,0.097,0.184,0.262,17.7,19.5,26.26841,73.00594,ERA5,Asia/Kolkata,Open-Meteo Historical Weather API
RJ-Jodhpur,2025-01-12,13.2,17.7,9.4,0.0,0.0,0.0,82,2.23,0.109,0.186,0.264,16.0,18.1,26.26841,73.00594,ERA5,Asia/Kolkata,Open-Meteo Historical Weather API
RJ-Jodhpur,2025-01-13,12.6,18.0,8.9,0.0,0.0,0.0,78,2.5,0.111,0.189,0.266,15.0,16.9,26.26841,73.00594,ERA5,Asia/Kolkata,Open-Meteo Historical Weather API
RJ-Jodhpur,2025-01-14,14.1,21.4,8.3,0.0,0.0,0.0,73,2.94,0.107,0.191,0.267,15.5,16.8,26.26841,73.00594,ERA5,Asia/Kolkata,Open-Meteo Historical Weather API
RJ-Jodhpur,2025-01-15,15.7,22.2,10.6,0.0,0.0,0.0,69,2.99,0.095,0.189,0.266,16.8,17.3,26.26841,73.00594,ERA5,Asia/Kolkata,Open-Meteo Historical Weather API
RJ-Jodhpur,2025-01-16,15.1,22.2,9.0,0.0,0.0,0.0,64,3.35,0.084,0.188,0.265,16.9,17.8,26.26841,73.00594,ERA5,Asia/Kolkata,Open-Meteo Historical Weather API
RJ-Jodhpur,2025-01-17,14.7,21.0,9.6,0.0,0.0,0.0,62,3.55,0.08,0.187,0.265,16.5,17.7,26.26841,73.00594,ERA5,Asia/Kolkata,Open-Meteo Historical Weather API
RJ-Jodhpur,2025-01-18,16.6,24.7,9.9,0.0,0.0,0.0,66,3.08,0.076,0.187,0.264,17.8,17.8,26.26841,73.00594,ERA5,Asia/Kolkata,Open-Meteo Historical Weather API
RJ-Jodhpur,2025-01-19,19.3,27.2,12.2,0.0,0.0,0.0,66,3.61,0.071,0.185,0.263,20.2,19.4,26.26841,73.00594,ERA5,Asia/Kolkata,Open-Meteo Historical Weather API
RJ-Jodhpur,2025-01-20,19.4,26.9,13.3,0.0,0.0,0.0,68,3.42,0.07,0.185,0.262,21.1,20.5,26.26841,73.00594,ERA5,Asia/Kolkata,Open-Meteo Historical Weather API
RJ-Jodhpur,2025-01-21,20.1,26.7,14.3,0.0,0.0,0.0,61,3.6,0.064,0.183,0.261,22.1,21.0,26.26841,73.00594,ERA5,Asia/Kolkata,Open-Meteo Historical Weather API
RJ-Jodhpur,2025-01-22,20.5,27.4,14.7,0.0,0.0,0.0,49,4.33,0.062,0.182,0.26,22.4,21.6,26.26841,73.00594,ERA5,Asia/Kolkata,Open-Meteo Historical Weather API
RJ-Jodhpur,2025-01-23,19.0,24.8,13.5,0.0,0.0,0.0,44,4.74,0.067,0.182,0.26,21.2,21.4,26.26841,73.00594,ERA5,Asia/Kolkata,Open-Meteo Historical Weather API
RJ-Jodhpur,2025-01-24,17.7,24.7,11.7,0.0,0.0,0.0,42,4.58,0.076,0.182,0.26,19.6,20.5,26.26841,73.00594,ERA5,Asia/Kolkata,Open-Meteo Historical Weather API
RJ-Jodhpur,2025-01-25,16.1,24.9,9.1,0.0,0.0,0.0,40,4.22,0.088,0.183,0.26,17.8,19.5,26.26841,73.00594,ERA5,Asia/Kolkata,Open-Meteo Historical Weather API
RJ-Jodhpur,2025-01-26,15.9,26.0,6.8,0.0,0.0,0.0,41,4.32,0.092,0.184,0.261,16.9,18.6,26.26841,73.00594,ERA5,Asia/Kolkata,Open-Meteo Historical Weather API
RJ-Jodhpur,2025-01-27,16.6,26.8,7.6,0.0,0.0,0.0,44,4.23,0.091,0.184,0.26,17.5,18.5,26.26841,73.00594,ERA5,Asia/Kolkata,Open-Meteo Historical Weather API
RJ-Jodhpur,2025-01-28,18.3,27.7,8.3,0.0,0.0,0.0,44,3.65,0.091,0.184,0.26,18.1,18.7,26.26841,73.00594,ERA5,Asia/Kolkata,Open-Meteo Historical Weather API
RJ-Jodhpur,2025-01-29,19.8,29.5,11.8,0.0,0.0,0.0,43,4.51,0.087,0.184,0.26,19.4,19.4,26.26841,73.00594,ERA5,Asia/Kolkata,Open-Meteo Historical Weather API
RJ-Jodhpur,2025-01-30,18.5,27.2,10.6,0.0,0.0,0.0,46,4.02,0.089,0.183,0.259,19.6,19.7,26.26841,73.00594,ERA5,Asia/Kolkata,Open-Meteo Historical Weather API
RJ-Jodhpur,2025-01-31,18.2,25.6,11.5,0.0,0.0,0.0,55,3.8,0.086,0.183,0.259,19.9,19.9,26.26841,73.00594,ERA5,Asia/Kolkata,Open-Meteo Historical Weather API
RJ-Jodhpur,2025-02-01,18.4,26.3,11.5,0.0,0.0,0.0,51,3.93,0.089,0.184,0.259,19.6,19.9,26.26841,73.00594,ERA5,Asia/Kolkata,Open-Meteo Historical Weather API
RJ-Jodhpur,2025-02-02,18.9,25.6,13.6,0.0,0.0,0.0,52,4.67,0.089,0.184,0.259,19.8,19.9,26.26841,73.00594,ERA5,Asia/Kolkata,Open-Meteo Historical Weather API
RJ-Jodhpur,2025-02-03,19.6,25.9,14.0,0.0,0.0,0.0,50,4.24,0.081,0.183,0.258,20.6,20.2,26.26841,73.00594,ERA5,Asia/Kolkata,Open-Meteo Historical Weather API
RJ-Jodhpur,2025-02-04,18.9,25.3,14.4,0.0,0.0,0.0,39,4.64,0.085,0.183,0.258,20.9,20.8,26.26841,73.00594,ERA5,Asia/Kolkata,Open-Meteo Historical Weather API
RJ-Jodhpur,2025-02-05,17.4,25.2,9.5,0.0,0.0,0.0,40,3.9,0.083,0.184,0.257,19.3,20.1,26.26841,73.00594,ERA5,Asia/Kolkata,Open-Meteo Historical Weather API
RJ-Jodhpur,2025-02-06,17.6,26.0,9.5,0.0,0.0,0.0,38,4.67,0.088,0.183,0.257,19.0,19.6,26.26841,73.00594,ERA5,Asia/Kolkata,Open-Meteo Historical Weather API
RJ-Jodhpur,2025-02-07,18.0,25.4,11.3,0.0,0.0,0.0,37,4.93,0.086,0.183,0.257,19.3,19.6,26.26841,73.00594,ERA5,Asia/Kolkata,Open-Meteo Historical Weather API
RJ-Jodhpur,2025-02-08,19.0,27.6,12.2,0.0,0.0,0.0,38,4.59,0.089,0.182,0.256,19.9,20.0,26.26841,73.00594,ERA5,Asia/Kolkata,Open-Meteo Historical Weather API
RJ-Jodhpur,2025-02-09,20.0,29.3,11.2,0.0,0.0,0.0,41,4.36,0.088,0.181,0.255,20.3,20.2,26.26841,73.00594,ERA5,Asia/Kolkata,Open-Meteo Historical Weather API
RJ-Jodhpur,2025-02-10,20.5,30.7,12.2,0.0,0.0,0.0,42,4.79,0.09,0.183,0.256,20.2,20.4,26.26841,73.00594,ERA5,Asia/Kolkata,Open-Meteo Historical Weather API
RJ-Jodhpur,2025-02-11,20.3,30.0,11.9,0.0,0.0,0.0,46,4.89,0.087,0.182,0.255,20.7,20.6,26.26841,73.00594,ERA5,Asia/Kolkata,Open-Meteo Historical Weather API
RJ-Jodhpur,2025-02-12,20.8,28.8,13.8,0.0,0.0,0.0,47,4.19,0.088,0.182,0.255,21.4,21.1,26.26841,73.00594,ERA5,Asia/Kolkata,Open-Meteo Historical Weather API
RJ-Jodhpur,2025-02-13,20.2,29.1,12.7,0.0,0.0,0.0,45,4.2,0.088,0.182,0.255,21.2,21.2,26.26841,73.00594,ERA5,Asia/Kolkata,Open-Meteo Historical Weather API
RJ-Jodhpur,2025-02-14,21.5,30.9,13.0,0.0,0.0,0.0,44,5.03,0.086,0.182,0.254,21.5,21.3,26.26841,73.00594,ERA5,Asia/Kolkata,Open-Meteo Historical Weather API
RJ-Jodhpur,2025-02-15,23.0,31.5,16.2,0.0,0.0,0.0,44,5.32,0.081,0.182,0.254,23.1,22.0,26.26841,73.00594,ERA5,Asia/Kolkata,Open-Meteo Historical Weather API
RJ-Jodhpur,2025-02-16,23.3,31.5,15.1,0.0,0.0,0.0,43,4.95,0.081,0.183,0.254,24.2,22.6,26.26841,73.00594,ERA5,Asia/Kolkata,Open-Meteo Historical Weather API
RJ-Jodhpur,2025-02-17,24.2,31.4,16.9,0.0,0.0,0.0,50,4.29,0.082,0.184,0.254,25.3,23.8,26.26841,73.00594,ERA5,Asia/Kolkata,Open-Meteo Historical Weather API
RJ-Jodhpur,2025-02-18,24.6,31.2,19.2,0.0,0.0,0.0,50,4.64,0.081,0.184,0.254,26.1,24.5,26.26841,73.00594,ERA5,Asia/Kolkata,Open-Meteo Historical Weather API
RJ-Jodhpur,2025-02-19,24.5,31.3,18.4,0.0,0.0,0.0,47,5.18,0.078,0.183,0.254,25.5,24.5,26.26841,73.00594,ERA5,Asia/Kolkata,Open-Meteo Historical Weather API
RJ-Jodhpur,2025-02-20,23.7,30.2,18.0,0.0,0.0,0.0,39,5.72,0.074,0.183,0.253,25.5,24.4,26.26841,73.00594,ERA5,Asia/Kolkata,Open-Meteo Historical Weather API
RJ-Jodhpur,2025-02-21,22.3,28.7,17.1,0.0,0.0,0.0,37,5.53,0.074,0.183,0.253,24.7,24.1,26.26841,73.00594,ERA5,Asia/Kolkata,Open-Meteo Historical Weather API
RJ-Jodhpur,2025-02-22,22.3,29.3,16.1,0.0,0.0,0.0,38,5.2,0.074,0.183,0.253,24.6,23.8,26.26841,73.00594,ERA5,Asia/Kolkata,Open-Meteo Historical Weather API
RJ-Jodhpur,2025-02-23,23.2,30.5,16.4,0.0,0.0,0.0,40,5.24,0.073,0.182,0.252,25.2,24.1,26.26841,73.00594,ERA5,Asia/Kolkata,Open-Meteo Historical Weather API
RJ-Jodhpur,2025-02-24,24.0,32.2,17.1,0.0,0.0,0.0,40,5.45,0.077,0.182,0.252,25.4,24.5,26.26841,73.00594,ERA5,Asia/Kolkata,Open-Meteo Historical Weather API
RJ-Jodhpur,2025-02-25,23.8,31.1,16.3,0.0,0.0,0.0,42,5.14,0.08,0.183,0.252,24.9,24.6,26.26841,73.00594,ERA5,Asia/Kolkata,Open-Meteo Historical Weather API
RJ-Jodhpur,2025-02-26,25.6,33.1,16.7,0.0,0.0,0.0,42,5.45,0.077,0.184,0.253,25.6,24.7,26.26841,73.00594,ERA5,Asia/Kolkata,Open-Meteo Historical Weather API
RJ-Jodhpur,2025-02-27,24.8,32.2,18.1,0.0,0.0,0.0,43,5.62,0.076,0.185,0.254,25.9,25.2,26.26841,73.00594,ERA5,Asia/Kolkata,Open-Meteo Historical Weather API
RJ-Jodhpur,2025-02-28,24.6,30.6,18.7,0.0,0.0,0.0,43,5.04,0.077,0.185,0.254,25.6,25.0,26.26841,73.00594,ERA5,Asia/Kolkata,Open-Meteo Historical Weather API
RJ-Jodhpur,2025-03-01,24.7,30.4,19.7,0.0,0.0,0.0,49,5.54,0.08,0.185,0.254,26.6,25.1,26.26841,73.00594,ERA5,Asia/Kolkata,Open-Meteo Historical Weather API
RJ-Jodhpur,2025-03-02,24.4,30.0,19.8,0.0,0.0,0.0,57,4.64,0.076,0.186,0.254,26.9,25.5,26.26841,73.00594,ERA5,Asia/Kolkata,Open-Meteo Historical Weather API
RJ-Jodhpur,2025-03-03,25.1,32.3,17.3,0.0,0.0,0.0,41,6.99,0.074,0.185,0.254,26.5,25.5,26.26841,73.00594,ERA5,Asia/Kolkata,Open-Meteo Historical Weather API
RJ-Jodhpur,2025-03-04,22.1,26.6,17.4,0.0,0.0,0.0,19,7.68,0.075,0.185,0.254,25.1,25.4,26.26841,73.00594,ERA5,Asia/Kolkata,Open-Meteo Historical Weather API
RJ-Jodhpur,2025-03-05,20.5,28.6,13.6,0.0,0.0,0.0,28,6.13,0.075,0.185,0.253,23.3,23.7,26.26841,73.00594,ERA5,Asia/Kolkata,Open-Meteo Historical Weather API
RJ-Jodhpur,2025-03-06,22.7,32.9,13.6,0.0,0.0,0.0,27,6.02,0.074,0.184,0.253,23.7,23.4,26.26841,73.00594,ERA5,Asia/Kolkata,Open-Meteo Historical Weather API
RJ-Jodhpur,2025-03-07,25.1,34.9,15.9,0.0,0.0,0.0,31,6.63,0.075,0.183,0.252,25.6,24.2,26.26841,73.00594,ERA5,Asia/Kolkata,Open-Meteo Historical Weather API
RJ-Jodhpur,2025-03-08,26.0,34.6,17.0,0.0,0.0,0.0,33,5.86,0.073,0.182,0.251,27.5,25.6,26.26841,73.00594,ERA5,Asia/Kolkata,Open-Meteo Historical Weather API
RJ-Jodhpur,2025-03-09,27.1,35.6,17.4,0.0,0.0,0.0,33,6.12,0.071,0.182,0.251,27.8,26.4,26.26841,73.00594,ERA5,Asia/Kolkata,Open-Meteo Historical Weather API
RJ-Jodhpur,2025-03-10,27.9,37.5,19.0,0.0,0.0,0.0,34,5.76,0.069,0.182,0.251,28.6,26.9,26.26841,73.00594,ERA5,Asia/Kolkata,Open-Meteo Historical Weather API
RJ-Jodhpur,2025-03-11,28.4,38.1,19.3,0.0,0.0,0.0,34,6.37,0.07,0.182,0.251,29.0,27.3,26.26841,73.00594,ERA5,Asia/Kolkata,Open-Meteo Historical Weather API
RJ-Jodhpur,2025-03-12,28.6,36.9,20.3,0.0,0.0,0.0,39,6.59,0.069,0.181,0.25,29.9,27.8,26.26841,73.00594,ERA5,Asia/Kolkata,Open-Meteo Historical Weather API
RJ-Jodhpur,2025-03-13,29.1,36.8,22.4,0.0,0.0,0.0,37,6.39,0.068,0.18,0.25,30.5,28.4,26.26841,73.00594,ERA5,Asia/Kolkata,Open-Meteo Historical Weather API
RJ-Jodhpur,2025-03-14,28.4,35.4,21.6,0.0,0.0,0.0,38,6.86,0.069,0.18,0.25,29.5,28.2,26.26841,73.00594,ERA5,Asia/Kolkata,Open-Meteo Historical Weather API
RJ-Jodhpur,2025-03-15,27.8,33.0,23.0,0.0,0.0,0.0,32,7.25,0.071,0.18,0.249,29.5,28.2,26.26841,73.00594,ERA5,Asia/Kolkata,Open-Meteo Historical Weather API
RJ-Jodhpur,2025-03-16,26.4,32.2,20.5,0.0,0.0,0.0,40,6.26,0.073,0.18,0.249,29.2,28.0,26.26841,73.00594,ERA5,Asia/Kolkata,Open-Meteo Historical Weather API
RJ-Jodhpur,2025-03-17,25.4,31.8,19.6,0.0,0.0,0.0,33,6.44,0.071,0.179,0.249,28.9,27.9,26.26841,73.00594,ERA5,Asia/Kolkata,Open-Meteo Historical Weather API
RJ-Jodhpur,2025-03-18,25.8,33.6,18.0,0.0,0.0,0.0,29,6.61,0.071,0.179,0.248,28.3,27.4,26.26841,73.00594,ERA5,Asia/Kolkata,Open-Meteo Historical Weather API
RJ-Jodhpur,2025-03-19,27.2,35.4,18.8,0.0,0.0,0.0,27,6.82,0.07,0.178,0.248,28.8,27.5,26.26841,73.00594,ERA5,Asia/Kolkata,Open-Meteo Historical Weather API
RJ-Jodhpur,2025-03-20,27.3,34.5,19.8,0.0,0.0,0.0,30,6.34,0.069,0.177,0.247,29.3,28.0,26.26841,73.00594,ERA5,Asia/Kolkata,Open-Meteo Historical Weather API
RJ-Jodhpur,2025-03-21,28.2,34.8,23.1,0.0,0.0,0.0,31,6.75,0.073,0.177,0.246,30.1,28.3,26.26841,73.00594,ERA5,Asia/Kolkata,Open-Meteo Historical Weather API
RJ-Jodhpur,2025-03-22,27.6,36.0,18.8,0.0,0.0,0.0,31,6.44,0.069,0.176,0.245,29.8,28.3,26.26841,73.00594,ERA5,Asia/Kolkata,Open-Meteo Historical Weather API
RJ-Jodhpur,2025-03-23,28.3,37.6,19.0,0.0,0.0,0.0,27,7.28,0.068,0.176,0.245,30.0,28.4,26.26841,73.00594,ERA5,Asia/Kolkata,Open-Meteo Historical Weather API
RJ-Jodhpur,2025-03-24,29.9,38.3,22.8,0.0,0.0,0.0,25,7.07,0.067,0.176,0.245,30.6,28.9,26.26841,73.00594,ERA5,Asia/Kolkata,Open-Meteo Historical Weather API
RJ-Jodhpur,2025-03-25,29.5,37.7,20.7,0.0,0.0,0.0,26,7.3,0.069,0.176,0.244,31.2,29.4,26.26841,73.00594,ERA5,Asia/Kolkata,Open-Meteo Historical Weather API
RJ-Jodhpur,2025-03-26,29.8,37.0,22.1,0.0,0.0,0.0,29,8.16,0.069,0.175,0.244,31.2,29.6,26.26841,73.00594,ERA5,Asia/Kolkata,Open-Meteo Historical Weather API
RJ-Jodhpur,2025-03-27,28.7,34.5,23.7,0.0,0.0,0.0,25,8.54,0.067,0.174,0.243,31.0,29.6,26.26841,73.00594,ERA5,Asia/Kolkata,Open-Meteo Historical Weather API
RJ-Jodhpur,2025-03-28,25.8,31.5,19.6,0.0,0.0,0.0,15,8.48,0.068,0.174,0.242,29.0,28.7,26.26841,73.00594,ERA5,Asia/Kolkata,Open-Meteo Historical Weather API
RJ-Jodhpur,2025-03-29,24.7,31.3,18.5,0.0,0.0,0.0,20,7.51,0.073,0.174,0.242,27.2,27.6,26.26841,73.00594,ERA5,Asia/Kolkata,Open-Meteo Historical Weather API
RJ-Jodhpur,2025-03-30,25.5,34.6,16.1,0.0,0.0,0.0,25,6.37,0.074,0.174,0.242,28.0,27.2,26.26841,73.00594,ERA5,Asia/Kolkata,Open-Meteo Historical Weather API
RJ-Jodhpur,2025-03-31,27.1,36.1,16.2,0.0,0.0,0.0,25,6.31,0.072,0.174,0.241,29.0,27.8,26.26841,73.00594,ERA5,Asia/Kolkata,Open-Meteo Historical Weather API
RJ-Jodhpur,2025-04-01,28.3,36.9,19.3,0.0,0.0,0.0,22,6.66,0.071,0.174,0.241,30.2,28.5,26.26841,73.00594,ERA5,Asia/Kolkata,Open-Meteo Historical Weather API
RJ-Jodhpur,2025-04-02,29.4,38.3,19.9,0.0,0.0,0.0,22,7.99,0.071,0.173,0.24,30.7,29.1,26.26841,73.00594,ERA5,Asia/Kolkata,Open-Meteo Historical Weather API
RJ-Jodhpur,2025-04-03,29.8,38.7,21.0,0.0,0.0,0.0,23,7.8,0.069,0.173,0.24,31.6,29.6,26.26841,73.00594,ERA5,Asia/Kolkata,Open-Meteo Historical Weather API
RJ-Jodhpur,2025-04-04,30.0,39.0,20.2,0.0,0.0,0.0,22,7.7,0.069,0.173,0.24,31.5,29.8,26.26841,73.00594,ERA5,Asia/Kolkata,Open-Meteo Historical Weather API
RJ-Jodhpur,2025-04-05,31.6,39.6,23.3,0.0,0.0,0.0,24,7.74,0.068,0.173,0.239,33.1,30.5,26.26841,73.00594,ERA5,Asia/Kolkata,Open-Meteo Historical Weather API
RJ-Jodhpur,2025-04-06,32.9,41.9,23.3,0.0,0.0,0.0,23,8.65,0.066,0.171,0.237,33.5,30.9,26.26841,73.00594,ERA5,Asia/Kolkata,Open-Meteo Historical Weather API
RJ-Jodhpur,2025-04-07,34.3,42.5,27.1,0.0,0.0,0.0,20,10.0,0.065,0.17,0.237,35.0,31.8,26.26841,73.00594,ERA5,Asia/Kolkata,Open-Meteo Historical Weather API
RJ-Jodhpur,2025-04-08,35.1,42.9,26.6,0.0,0.0,0.0,18,9.54,0.064,0.17,0.236,35.9,32.5,26.26841,73.00594,ERA5,Asia/Kolkata,Open-Meteo Historical Weather API
RJ-Jodhpur,2025-04-09,35.0,42.7,26.7,0.0,0.0,0.0,19,9.72,0.063,0.169,0.235,36.0,33.1,26.26841,73.00594,ERA5,Asia/Kolkata,Open-Meteo Historical Weather API
RJ-Jodhpur,2025-04-10,33.5,40.5,25.6,0.0,0.0,0.0,21,10.1,0.064,0.169,0.235,35.1,33.0,26.26841,73.00594,ERA5,Asia/Kolkata,Open-Meteo Historical Weather API
RJ-Jodhpur,2025-04-11,31.2,37.5,27.4,2.3,2.3,1.0,35,8.21,0.067,0.169,0.234,33.7,32.8,26.26841,73.00594,ERA5,Asia/Kolkata,Open-Meteo Historical Weather API
RJ-Jodhpur,2025-04-12,31.7,38.7,25.3,0.0,0.0,0.0,39,8.72,0.072,0.171,0.235,33.1,31.7,26.26841,73.00594,ERA5,Asia/Kolkata,Open-Meteo Historical Weather API
RJ-Jodhpur,2025-04-13,33.0,40.4,26.2,0.0,0.0,0.0,34,7.87,0.069,0.171,0.235,35.0,32.3,26.26841,73.00594,ERA5,Asia/Kolkata,Open-Meteo Historical Weather API
RJ-Jodhpur,2025-04-14,33.7,41.4,25.3,0.0,0.0,0.0,31,6.66,0.067,0.17,0.234,36.3,33.1,26.26841,73.00594,ERA5,Asia/Kolkata,Open-Meteo Historical Weather API
RJ-Jodhpur,2025-04-15,33.8,42.0,26.7,0.0,0.0,0.0,33,7.36,0.065,0.171,0.235,36.8,33.9,26.26841,73.00594,ERA5,Asia/Kolkata,Open-Meteo Historical Weather API
RJ-Jodhpur,2025-04-16,34.3,42.2,27.3,0.0,0.0,0.0,32,8.23,0.063,0.172,0.236,36.6,34.2,26.26841,73.00594,ERA5,Asia/Kolkata,Open-Meteo Historical Weather API
RJ-Jodhpur,2025-04-17,35.0,41.5,30.1,0.2,0.2,1.0,35,8.91,0.065,0.173,0.237,37.1,34.6,26.26841,73.00594,ERA5,Asia/Kolkata,Open-Meteo Historical Weather API
RJ-Jodhpur,2025-04-18,35.6,42.7,30.0,0.0,0.0,0.0,26,11.57,0.065,0.172,0.236,36.9,34.6,26.26841,73.00594,ERA5,Asia/Kolkata,Open-Meteo Historical Weather API
RJ-Jodhpur,2025-04-19,33.1,38.8,27.2,0.0,0.0,0.0,34,9.94,0.064,0.171,0.235,35.5,34.1,26.26841,73.00594,ERA5,Asia/Kolkata,Open-Meteo Historical Weather API
RJ-Jodhpur,2025-04-20,33.3,39.1,29.4,0.0,0.0,0.0,27,10.1,0.064,0.171,0.235,35.9,34.0,26.26841,73.00594,ERA5,Asia/Kolkata,Open-Meteo Historical Weather API
RJ-Jodhpur,2025-04-21,31.5,39.0,23.4,0.0,0.0,0.0,17,8.04,0.065,0.171,0.235,34.4,33.3,26.26841,73.00594,ERA5,Asia/Kolkata,Open-Meteo Historical Weather API
RJ-Jodhpur,2025-04-22,31.1,39.8,21.4,0.0,0.0,0.0,18,8.2,0.068,0.171,0.235,33.6,32.9,26.26841,73.00594,ERA5,Asia/Kolkata,Open-Meteo Historical Weather API
RJ-Jodhpur,2025-04-23,31.5,40.4,21.9,0.0,0.0,0.0,17,8.23,0.071,0.171,0.235,33.7,32.6,26.26841,73.00594,ERA5,Asia/Kolkata,Open-Meteo Historical Weather API
RJ-Jodhpur,2025-04-24,33.5,41.8,24.6,0.0,0.0,0.0,20,9.95,0.068,0.171,0.234,34.8,32.8,26.26841,73.00594,ERA5,Asia/Kolkata,Open-Meteo Historical Weather API
RJ-Jodhpur,2025-04-25,34.9,41.3,29.2,0.0,0.0,0.0,24,9.96,0.064,0.17,0.234,36.6,33.8,26.26841,73.00594,ERA5,Asia/Kolkata,Open-Meteo Historical Weather API
RJ-Jodhpur,2025-04-26,34.3,41.2,29.5,0.0,0.0,0.0,25,8.95,0.064,0.169,0.233,36.5,34.3,26.26841,73.00594,ERA5,Asia/Kolkata,Open-Meteo Historical Weather API
RJ-Jodhpur,2025-04-27,34.3,43.0,26.2,0.0,0.0,0.0,24,8.64,0.064,0.169,0.233,36.4,34.3,26.26841,73.00594,ERA5,Asia/Kolkata,Open-Meteo Historical Weather API
RJ-Jodhpur,2025-04-28,34.4,43.5,24.9,0.0,0.0,0.0,24,8.69,0.064,0.169,0.233,36.8,34.5,26.26841,73.00594,ERA5,Asia/Kolkata,Open-Meteo Historical Weather API
RJ-Jodhpur,2025-04-29,35.3,43.5,27.2,0.0,0.0,0.0,25,8.36,0.064,0.169,0.232,37.9,35.0,26.26841,73.00594,ERA5,Asia/Kolkata,Open-Meteo Historical Weather API
RJ-Jodhpur,2025-04-30,35.4,43.1,28.7,0.0,0.0,0.0,27,8.55,0.064,0.169,0.232,37.9,35.5,26.26841,73.00594,ERA5,Asia/Kolkata,Open-Meteo Historical Weather API
RJ-Jodhpur,2025-05-01,35.1,42.1,30.3,1.1,1.1,3.0,29,8.81,0.065,0.169,0.232,37.8,35.6,26.26841,73.00594,ERA5,Asia/Kolkata,Open-Meteo Historical Weather API
RJ-Jodhpur,2025-05-02,34.2,40.8,29.6,1.4,1.4,2.0,34,8.17,0.068,0.169,0.232,36.8,35.3,26.26841,73.00594,ERA5,Asia/Kolkata,Open-Meteo Historical Weather API
RJ-Jodhpur,2025-05-03,33.8,40.7,29.6,1.4,1.4,3.0,37,8.1,0.075,0.169,0.232,36.6,35.2,26.26841,73.00594,ERA5,Asia/Kolkata,Open-Meteo Historical Weather API
RJ-Jodhpur,2025-05-04,30.8,36.8,25.5,1.2,1.2,5.0,45,6.87,0.104,0.17,0.232,33.7,34.4,26.26841,73.00594,ERA5,Asia/Kolkata,Open-Meteo Historical Weather API
RJ-Jodhpur,2025-05-05,26.2,30.7,21.3,11.5,11.5,10.0,64,4.86,0.147,0.173,0.234,30.6,32.6,26.26841,73.00594,ERA5,Asia/Kolkata,Open-Meteo Historical Weather API
RJ-Jodhpur,2025-05-06,25.2,30.1,22.0,2.8,2.8,6.0,74,4.94,0.262,0.178,0.235,29.1,30.8,26.26841,73.00594,ERA5,Asia/Kolkata,Open-Meteo Historical Weather API
RJ-Jodhpur,2025-05-07,27.4,32.1,22.7,0.0,0.0,0.0,70,5.67,0.23,0.184,0.236,30.0,30.2,26.26841,73.00594,ERA5,Asia/Kolkata,Open-Meteo Historical Weather API
RJ-Jodhpur,2025-05-08,28.7,33.7,24.9,0.4,0.4,3.0,67,5.81,0.179,0.186,0.237,30.6,30.5,26.26841,73.00594,ERA5,Asia/Kolkata,Open-Meteo Historical Weather API
RJ-Jodhpur,2025-05-09,28.6,34.1,23.7,0.0,0.0,0.0,64,6.02,0.144,0.187,0.238,30.8,30.9,26.26841,73.00594,ERA5,Asia/Kolkata,Open-Meteo Historical Weather API
RJ-Jodhpur,2025-05-10,32.2,38.6,26.8,0.0,0.0,0.0,49,7.11,0.108,0.187,0.238,33.9,31.8,26.26841,73.00594,ERA5,Asia/Kolkata,Open-Meteo Historical Weather API
RJ-Jodhpur,2025-05-11,33.5,39.0,29.2,0.0,0.0,0.0,44,8.07,0.09,0.186,0.238,36.3,33.3,26.26841,73.00594,ERA5,Asia/Kolkata,Open-Meteo Historical Weather API
RJ-Jodhpur,2025-05-12,33.2,39.3,28.4,0.0,0.0,0.0,45,8.54,0.085,0.186,0.239,36.0,34.3,26.26841,73.00594,ERA5,Asia/Kolkata,Open-Meteo Historical Weather API
RJ-Jodhpur,2025-05-13,33.9,39.9,28.4,0.0,0.0,0.0,41,8.71,0.081,0.185,0.239,36.4,34.5,26.26841,73.00594,ERA5,Asia/Kolkata,Open-Meteo Historical Weather API
RJ-Jodhpur,2025-05-14,34.4,40.3,28.7,0.0,0.0,0.0,42,8.5,0.077,0.185,0.239,37.2,34.7,26.26841,73.00594,ERA5,Asia/Kolkata,Open-Meteo Historical Weather API
RJ-Jodhpur,2025-05-15,35.3,41.6,29.5,0.0,0.0,0.0,38,8.49,0.075,0.184,0.239,37.7,35.3,26.26841,73.00594,ERA5,Asia/Kolkata,Open-Meteo Historical Weather API
RJ-Jodhpur,2025-05-16,36.2,42.1,30.7,0.0,0.0,0.0,38,9.5,0.072,0.182,0.239,38.3,35.8,26.26841,73.00594,ERA5,Asia/Kolkata,Open-Meteo Historical Weather API
RJ-Jodhpur,2025-05-17,35.9,41.0,31.4,0.0,0.0,0.0,40,9.56,0.069,0.181,0.238,38.4,36.1,26.26841,73.00594,ERA5,Asia/Kolkata,Open-Meteo Historical Weather API
RJ-Jodhpur,2025-05-18,36.2,41.3,31.4,0.0,0.0,0.0,43,9.61,0.068,0.179,0.238,38.9,36.3,26.26841,73.00594,ERA5,Asia/Kolkata,Open-Meteo Historical Weather API
RJ-Jodhpur,2025-05-19,36.5,41.7,31.1,0.0,0.0,0.0,42,9.57,0.066,0.178,0.237,39.1,36.7,26.26841,73.00594,ERA5,Asia/Kolkata,Open-Meteo Historical Weather API
RJ-Jodhpur,2025-05-20,36.5,42.0,31.3,0.0,0.0,0.0,36,9.87,0.065,0.177,0.236,39.1,36.9,26.26841,73.00594,ERA5,Asia/Kolkata,Open-Meteo Historical Weather API
RJ-Jodhpur,2025-05-21,36.7,42.9,30.3,0.0,0.0,0.0,36,10.07,0.065,0.176,0.236,39.0,36.8,26.26841,73.00594,ERA5,Asia/Kolkata,Open-Meteo Historical Weather API
RJ-Jodhpur,2025-05-22,36.7,42.6,31.7,0.0,0.0,0.0,37,9.35,0.065,0.175,0.236,39.4,37.2,26.26841,73.00594,ERA5,Asia/Kolkata,Open-Meteo Historical Weather API
RJ-Jodhpur,2025-05-23,37.8,44.3,31.5,0.0,0.0,0.0,27,10.45,0.064,0.174,0.235,39.9,37.5,26.26841,73.00594,ERA5,Asia/Kolkata,Open-Meteo Historical Weather API
RJ-Jodhpur,2025-05-24,37.9,45.6,32.2,0.0,0.0,0.0,27,9.22,0.063,0.172,0.234,40.4,37.8,26.26841,73.00594,ERA5,Asia/Kolkata,Open-Meteo Historical Weather API
RJ-Jodhpur,2025-05-25,35.6,41.6,30.1,0.0,0.0,0.0,33,8.51,0.066,0.174,0.235,39.9,38.1,26.26841,73.00594,ERA5,Asia/Kolkata,Open-Meteo Historical Weather API
RJ-Jodhpur,2025-05-26,36.5,42.3,31.0,0.0,0.0,0.0,38,8.98,0.067,0.174,0.236,40.6,38.4,26.26841,73.00594,ERA5,Asia/Kolkata,Open-Meteo Historical Weather API
RJ-Jodhpur,2025-05-27,37.0,42.1,31.6,0.0,0.0,0.0,40,7.75,0.068,0.174,0.236,41.2,38.6,26.26841,73.00594,ERA5,Asia/Kolkata,Open-Meteo Historical Weather API
RJ-Jodhpur,2025-05-28,35.3,42.0,29.3,1.5,1.5,2.0,46,7.34,0.072,0.173,0.235,39.9,38.9,26.26841,73.00594,ERA5,Asia/Kolkata,Open-Meteo Historical Weather API
RJ-Jodhpur,2025-05-29,33.0,38.6,28.2,0.5,0.5,2.0,54,7.17,0.082,0.173,0.236,36.6,37.8,26.26841,73.00594,ERA5,Asia/Kolkata,Open-Meteo Historical Weather API
RJ-Jodhpur,2025-05-30,33.0,38.4,26.0,1.0,1.0,4.0,53,8.21,0.084,0.175,0.237,36.4,36.9,26.26841,73.00594,ERA5,Asia/Kolkata,Open-Meteo Historical Weather API
RJ-Jodhpur,2025-05-31,34.2,38.6,29.2,0.0,0.0,0.0,49,9.99,0.077,0.175,0.237,37.2,36.4,26.26841,73.00594,ERA5,Asia/Kolkata,Open-Meteo Historical Weather API
RJ-Jodhpur,2025-06-01,33.1,37.5,28.6,0.0,0.0,0.0,50,9.03,0.073,0.174,0.237,36.8,36.1,26.26841,73.00594,ERA5,Asia/Kolkata,Open-Meteo Historical Weather API
RJ-Jodhpur,2025-06-02,32.9,37.7,29.1,0.1,0.1,1.0,50,7.99,0.075,0.174,0.237,36.3,35.8,26.26841,73.00594,ERA5,Asia/Kolkata,Open-Meteo Historical Weather API
RJ-Jodhpur,2025-06-03,32.1,37.1,28.2,0.0,0.0,0.0,48,8.31,0.075,0.174,0.238,35.7,35.7,26.26841,73.00594,ERA5,Asia/Kolkata,Open-Meteo Historical Weather API
RJ-Jodhpur,2025-06-04,32.2,37.1,28.1,0.0,0.0,0.0,44,8.28,0.075,0.175,0.238,35.8,35.5,26.26841,73.00594,ERA5,Asia/Kolkata,Open-Meteo Historical Weather API
RJ-Jodhpur,2025-06-05,33.4,38.3,28.6,0.0,0.0,0.0,44,8.06,0.074,0.175,0.238,36.7,35.7,26.26841,73.00594,ERA5,Asia/Kolkata,Open-Meteo Historical Weather API
RJ-Jodhpur,2025-06-06,35.3,40.9,30.0,0.0,0.0,0.0,39,9.14,0.071,0.174,0.238,37.7,36.1,26.26841,73.00594,ERA5,Asia/Kolkata,Open-Meteo Historical Weather API
RJ-Jodhpur,2025-06-07,36.2,42.4,30.9,0.0,0.0,0.0,32,10.2,0.067,0.173,0.237,38.5,36.5,26.26841,73.00594,ERA5,Asia/Kolkata,Open-Meteo Historical Weather API
RJ-Jodhpur,2025-06-08,36.7,43.4,30.8,0.0,0.0,0.0,30,10.57,0.065,0.172,0.236,38.8,36.7,26.26841,73.00594,ERA5,Asia/Kolkata,Open-Meteo Historical Weather API
RJ-Jodhpur,2025-06-09,36.7,43.4,30.9,0.0,0.0,0.0,31,10.66,0.063,0.171,0.236,38.8,36.9,26.26841,73.00594,ERA5,Asia/Kolkata,Open-Meteo Historical Weather API
RJ-Jodhpur,2025-06-10,36.6,42.6,31.2,0.0,0.0,0.0,33,10.45,0.062,0.169,0.235,39.1,37.1,26.26841,73.00594,ERA5,Asia/Kolkata,Open-Meteo Historical Weather API
RJ-Jodhpur,2025-06-11,36.5,42.4,31.4,0.0,0.0,0.0,33,9.57,0.06,0.168,0.234,39.5,37.3,26.26841,73.00594,ERA5,Asia/Kolkata,Open-Meteo Historical Weather API
RJ-Jodhpur,2025-06-12,36.9,43.2,31.4,0.0,0.0,0.0,34,8.91,0.058,0.167,0.232,40.0,37.6,26.26841,73.00594,ERA5,Asia/Kolkata,Open-Meteo Historical Weather API
RJ-Jodhpur,2025-06-13,37.9,44.1,31.7,0.0,0.0,0.0,34,7.53,0.059,0.166,0.232,41.0,38.2,26.26841,73.00594,ERA5,Asia/Kolkata,Open-Meteo Historical Weather API
RJ-Jodhpur,2025-06-14,34.5,37.3,32.8,0.0,0.0,0.0,49,5.61,0.063,0.167,0.232,38.1,38.2,26.26841,73.00594,ERA5,Asia/Kolkata,Open-Meteo Historical Weather API
RJ-Jodhpur,2025-06-15,32.1,38.3,25.5,1.2,1.2,3.0,58,5.51,0.08,0.169,0.234,36.3,37.0,26.26841,73.00594,ERA5,Asia/Kolkata,Open-Meteo Historical Weather API
RJ-Jodhpur,2025-06-16,29.7,34.3,25.6,4.2,4.2,10.0,76,3.58,0.14,0.172,0.236,32.2,34.6,26.26841,73.00594,ERA5,Asia/Kolkata,Open-Meteo Historical Weather API
RJ-Jodhpur,2025-06-17,30.3,34.4,27.3,15.3,15.3,13.0,78,4.63,0.239,0.174,0.235,32.4,32.9,26.26841,73.00594,ERA5,Asia/Kolkata,Open-Meteo Historical Weather API
RJ-Jodhpur,2025-06-18,31.3,35.6,27.5,0.4,0.4,2.0,75,5.03,0.256,0.179,0.235,32.8,32.8,26.26841,73.00594,ERA5,Asia/Kolkata,Open-Meteo Historical Weather API
RJ-Jodhpur,2025-06-19,31.9,36.0,28.7,0.0,0.0,0.0,69,7.04,0.203,0.18,0.234,33.1,33.0,26.26841,73.00594,ERA5,Asia/Kolkata,Open-Meteo Historical Weather API
RJ-Jodhpur,2025-06-20,30.7,33.9,28.0,0.0,0.0,0.0,70,5.65,0.153,0.181,0.234,32.2,32.6,26.26841,73.00594,ERA5,Asia/Kolkata,Open-Meteo Historical Weather API
RJ-Jodhpur,2025-06-21,28.4,29.7,27.5,20.2,20.2,17.0,88,2.49,0.275,0.192,0.234,30.4,31.5,26.26841,73.00594,ERA5,Asia/Kolkata,Open-Meteo Historical Weather API
RJ-Jodhpur,2025-06-22,30.8,35.8,26.5,0.8,0.8,6.0,79,4.24,0.274,0.203,0.234,31.3,30.9,26.26841,73.00594,ERA5,Asia/Kolkata,Open-Meteo Historical Weather API
RJ-Jodhpur,2025-06-23,30.5,32.8,28.4,0.0,0.0,0.0,79,3.46,0.235,0.204,0.233,31.3,31.1,26.26841,73.00594,ERA5,Asia/Kolkata,Open-Meteo Historical Weather API
RJ-Jodhpur,2025-06-24,31.5,35.2,28.1,2.2,2.2,6.0,77,4.37,0.217,0.203,0.232,31.7,31.0,26.26841,73.00594,ERA5,Asia/Kolkata,Open-Meteo Historical Weather API
RJ-Jodhpur,2025-06-25,31.4,36.0,28.4,2.5,2.5,3.0,78,4.41,0.188,0.202,0.231,32.4,31.6,26.26841,73.00594,ERA5,Asia/Kolkata,Open-Meteo Historical Weather API
RJ-Jodhpur,2025-06-26,30.9,35.9,27.4,12.4,12.4,8.0,80,4.16,0.239,0.201,0.231,32.4,31.8,26.26841,73.00594,ERA5,Asia/Kolkata,Open-Meteo Historical Weather API
RJ-Jodhpur,2025-06-27,29.9,33.5,27.4,7.9,7.9,10.0,82,4.22,0.343,0.214,0.231,31.5,31.6,26.26841,73.00594,ERA5,Asia/Kolkata,Open-Meteo Historical Weather API
RJ-Jodhpur,2025-06-28,30.8,34.9,27.3,0.4,0.4,4.0,74,4.93,0.324,0.237,0.23,31.6,31.1,26.26841,73.00594,ERA5,Asia/Kolkata,Open-Meteo Historical Weather API
RJ-Jodhpur,2025-06-29,30.2,33.2,28.1,1.4,1.4,9.0,78,4.23,0.275,0.239,0.229,31.2,30.8,26.26841,73.00594,ERA5,Asia/Kolkata,Open-Meteo Historical Weather API
RJ-Jodhpur,2025-06-30,29.7,32.5,27.1,1.0,1.0,10.0,79,3.66,0.248,0.239,0.228,30.2,30.1,26.26841,73.00594,ERA5,Asia/Kolkata,Open-Meteo Historical Weather API
RJ-Jodhpur,2025-07-01,30.5,34.1,27.7,0.4,0.4,3.0,75,5.15,0.221,0.237,0.228,31.1,30.3,26.26841,73.00594,ERA5,Asia/Kolkata,Open-Meteo Historical Weather API
RJ-Jodhpur,2025-07-02,29.2,31.1,27.9,1.7,1.7,8.0,80,4.21,0.2,0.237,0.228,30.9,30.6,26.26841,73.00594,ERA5,Asia/Kolkata,Open-Meteo Historical Weather API
RJ-Jodhpur,2025-07-03,28.1,31.8,26.4,16.6,16.6,18.0,89,3.39,0.278,0.245,0.229,30.4,30.6,26.26841,73.00594,ERA5,Asia/Kolkata,Open-Meteo Historical Weather API
RJ-Jodhpur,2025-07-04,29.6,33.2,26.4,0.8,0.8,6.0,82,3.88,0.322,0.26,0.229,30.3,30.1,26.26841,73.00594,ERA5,Asia/Kolkata,Open-Meteo Historical Weather API
RJ-Jodhpur,2025-07-05,29.9,33.0,27.2,1.2,1.2,10.0,81,3.88,0.289,0.261,0.229,30.6,30.1,26.26841,73.00594,ERA5,Asia/Kolkata,Open-Meteo Historical Weather API
RJ-Jodhpur,2025-07-06,29.9,33.4,27.3,0.5,0.5,4.0,81,4.33,0.258,0.26,0.229,30.8,30.3,26.26841,73.00594,ERA5,Asia/Kolkata,Open-Meteo Historical Weather API
RJ-Jodhpur,2025-07-07,29.3,32.7,26.7,0.9,0.9,7.0,80,4.11,0.229,0.258,0.229,30.3,30.2,26.26841,73.00594,ERA5,Asia/Kolkata,Open-Meteo Historical Weather API
RJ-Jodhpur,2025-07-08,29.6,33.1,26.7,0.5,0.5,5.0,78,3.83,0.204,0.255,0.229,30.4,30.0,26.26841,73.00594,ERA5,Asia/Kolkata,Open-Meteo Historical Weather API
RJ-Jodhpur,2025-07-09,30.0,33.3,27.3,0.0,0.0,0.0,75,4.59,0.179,0.251,0.229,30.7,30.1,26.26841,73.00594,ERA5,Asia/Kolkata,Open-Meteo Historical Weather API
RJ-Jodhpur,2025-07-10,30.0,33.2,27.2,0.0,0.0,0.0,74,4.6,0.154,0.248,0.23,31.0,30.3,26.26841,73.00594,ERA5,Asia/Kolkata,Open-Meteo Historical Weather API
RJ-Jodhpur,2025-07-11,30.0,34.0,26.0,0.1,0.1,1.0,73,5.02,0.137,0.244,0.229,31.7,30.8,26.26841,73.00594,ERA5,Asia/Kolkata,Open-Meteo Historical Weather API
RJ-Jodhpur,2025-07-12,28.4,32.8,25.2,3.2,3.2,13.0,80,3.16,0.146,0.242,0.23,29.6,30.5,26.26841,73.00594,ERA5,Asia/Kolkata,Open-Meteo Historical Weather API
RJ-Jodhpur,2025-07-13,29.9,34.2,27.1,4.1,4.1,13.0,77,4.53,0.153,0.24,0.231,31.5,30.6,26.26841,73.00594,ERA5,Asia/Kolkata,Open-Meteo Historical Weather API
RJ-Jodhpur,2025-07-14,28.6,32.6,26.7,6.7,6.7,18.0,84,3.58,0.213,0.243,0.232,30.2,30.7,26.26841,73.00594,ERA5,Asia/Kolkata,Open-Meteo Historical Weather API
RJ-Jodhpur,2025-07-15,28.5,32.7,25.8,8.2,8.2,20.0,83,2.89,0.266,0.253,0.232,28.8,29.7,26.26841,73.00594,ERA5,Asia/Kolkata,Open-Meteo Historical Weather API
RJ-Jodhpur,2025-07-16,29.6,33.4,26.3,0.0,0.0,0.0,76,5.05,0.248,0.256,0.233,30.0,29.6,26.26841,73.00594,ERA5,Asia/Kolkata,Open-Meteo Historical Weather API
RJ-Jodhpur,2025-07-17,29.1,31.8,27.7,2.0,2.0,11.0,79,3.67,0.222,0.255,0.234,30.1,29.9,26.26841,73.00594,ERA5,Asia/Kolkata,Open-Meteo Historical Weather API
RJ-Jodhpur,2025-07-18,27.2,29.2,25.9,24.8,24.8,24.0,89,1.34,0.347,0.272,0.236,28.0,28.9,26.26841,73.00594,ERA5,Asia/Kolkata,Open-Meteo Historical Weather API
RJ-Jodhpur,2025-07-19,26.0,27.8,25.0,35.9,35.9,24.0,96,0.8,0.43,0.377,0.242,26.9,27.8,26.26841,73.00594,ERA5,Asia/Kolkata,Open-Meteo Historical Weather API
RJ-Jodhpur,2025-07-20,27.3,31.1,24.9,1.0,1.0,5.0,87,2.22,0.404,0.407,0.258,27.3,27.5,26.26841,73.00594,ERA5,Asia/Kolkata,Open-Meteo Historical Weather API
RJ-Jodhpur,2025-07-21,29.5,32.8,27.0,1.7,1.7,6.0,82,3.56,0.375,0.385,0.264,29.2,28.3,26.26841,73.00594,ERA5,Asia/Kolkata,Open-Meteo Historical Weather API
RJ-Jodhpur,2025-07-22,30.3,33.6,27.7,0.4,0.4,4.0,79,4.16,0.354,0.371,0.267,30.1,29.0,26.26841,73.00594,ERA5,Asia/Kolkata,Open-Meteo Historical Weather API
RJ-Jodhpur,2025-07-23,30.3,33.1,27.6,0.1,0.1,1.0,76,4.31,0.325,0.358,0.268,30.0,29.1,26.26841,73.00594,ERA5,Asia/Kolkata,Open-Meteo Historical Weather API
RJ-Jodhpur,2025-07-24,30.2,33.1,27.2,0.4,0.4,4.0,76,4.44,0.301,0.345,0.268,30.2,29.1,26.26841,73.00594,ERA5,Asia/Kolkata,Open-Meteo Historical Weather API
RJ-Jodhpur,2025-07-25,30.8,34.1,27.5,0.8,0.8,6.0,76,4.78,0.282,0.333,0.268,30.7,29.5,26.26841,73.00594,ERA5,Asia/Kolkata,Open-Meteo Historical Weather API
RJ-Jodhpur,2025-07-26,28.9,31.4,27.2,8.5,8.5,11.0,85,3.61,0.282,0.327,0.269,30.3,29.8,26.26841,73.00594,ERA5,Asia/Kolkata,Open-Meteo Historical Weather API
RJ-Jodhpur,2025-07-27,28.3,31.3,26.3,4.0,4.0,11.0,89,2.0,0.326,0.333,0.27,29.1,29.3,26.26841,73.00594,ERA5,Asia/Kolkata,Open-Meteo Historical Weather API
RJ-Jodhpur,2025-07-28,28.2,30.5,26.4,5.5,5.5,12.0,89,1.97,0.371,0.342,0.272,28.7,28.5,26.26841,73.00594,ERA5,Asia/Kolkata,Open-Meteo Historical Weather API
RJ-Jodhpur,2025-07-29,28.5,30.4,27.0,0.3,0.3,3.0,83,3.55,0.34,0.342,0.274,29.1,28.5,26.26841,73.00594,ERA5,Asia/Kolkata,Open-Meteo Historical Weather API
RJ-Jodhpur,2025-07-30,27.7,30.0,26.1,0.7,0.7,5.0,84,2.92,0.313,0.335,0.274,28.5,28.3,26.26841,73.00594,ERA5,Asia/Kolkata,Open-Meteo Historical Weather API
RJ-Jodhpur,2025-07-31,27.7,29.4,26.4,5.8,5.8,13.0,87,1.63,0.338,0.333,0.275,27.8,27.8,26.26841,73.00594,ERA5,Asia/Kolkata,Open-Meteo Historical Weather API
RJ-Jodhpur,2025-08-01,28.7,31.9,26.5,0.3,0.3,2.0,82,3.39,0.329,0.334,0.276,28.6,27.8,26.26841,73.00594,ERA5,Asia/Kolkata,Open-Meteo Historical Weather API
RJ-Jodhpur,2025-08-02,29.2,32.2,26.5,0.0,0.0,0.0,77,3.76,0.299,0.328,0.276,28.8,28.0,26.26841,73.00594,ERA5,Asia/Kolkata,Open-Meteo Historical Weather API
RJ-Jodhpur,2025-08-03,29.6,33.0,26.1,0.0,0.0,0.0,75,4.73,0.267,0.32,0.275,29.4,28.3,26.26841,73.00594,ERA5,Asia/Kolkata,Open-Meteo Historical Weather API
RJ-Jodhpur,2025-08-04,29.5,32.1,26.6,0.0,0.0,0.0,75,4.66,0.238,0.311,0.274,29.5,28.6,26.26841,73.00594,ERA5,Asia/Kolkata,Open-Meteo Historical Weather API
RJ-Jodhpur,2025-08-05,29.3,32.3,26.8,0.3,0.3,3.0,75,4.67,0.214,0.301,0.274,29.6,28.7,26.26841,73.00594,ERA5,Asia/Kolkata,Open-Meteo Historical Weather API
RJ-Jodhpur,2025-08-06,29.4,32.6,26.6,0.5,0.5,5.0,72,4.71,0.196,0.292,0.272,29.6,28.7,26.26841,73.00594,ERA5,Asia/Kolkata,Open-Meteo Historical Weather API
RJ-Jodhpur,2025-08-07,29.7,33.6,26.5,0.0,0.0,0.0,70,5.91,0.172,0.283,0.271,30.3,29.2,26.26841,73.00594,ERA5,Asia/Kolkata,Open-Meteo Historical Weather API
RJ-Jodhpur,2025-08-08,29.9,33.3,26.9,0.0,0.0,0.0,68,5.95,0.145,0.274,0.27,30.9,29.6,26.26841,73.00594,ERA5,Asia/Kolkata,Open-Meteo Historical Weather API
RJ-Jodhpur,2025-08-09,29.7,33.1,27.0,0.0,0.0,0.0,68,5.55,0.126,0.266,0.269,31.5,30.1,26.26841,73.00594,ERA5,Asia/Kolkata,Open-Meteo Historical Weather API
RJ-Jodhpur,2025-08-10,30.4,34.6,26.4,0.0,0.0,0.0,66,5.96,0.113,0.259,0.268,32.0,30.5,26.26841,73.00594,ERA5,Asia/Kolkata,Open-Meteo Historical Weather API
RJ-Jodhpur,2025-08-11,30.5,34.2,27.2,0.0,0.0,0.0,66,6.01,0.103,0.252,0.268,32.4,30.9,26.26841,73.00594,ERA5,Asia/Kolkata,Open-Meteo Historical Weather API
RJ-Jodhpur,2025-08-12,30.1,32.8,27.1,0.0,0.0,0.0,66,4.9,0.099,0.246,0.267,31.5,30.9,26.26841,73.00594,ERA5,Asia/Kolkata,Open-Meteo Historical Weather API
RJ-Jodhpur,2025-08-13,30.3,34.0,27.3,0.0,0.0,0.0,65,4.71,0.089,0.24,0.266,31.9,30.8,26.26841,73.00594,ERA5,Asia/Kolkata,Open-Meteo Historical Weather API
RJ-Jodhpur,2025-08-14,30.6,34.5,28.3,0.6,0.6,2.0,67,3.38,0.084,0.234,0.265,32.5,31.0,26.26841,73.00594,ERA5,Asia/Kolkata,Open-Meteo Historical Weather API
RJ-Jodhpur,2025-08-15,31.8,36.7,27.8,0.9,0.9,3.0,67,4.8,0.086,0.228,0.263,34.8,31.9,26.26841,73.00594,ERA5,Asia/Kolkata,Open-Meteo Historical Weather API
RJ-Jodhpur,2025-08-16,30.5,34.1,27.1,1.1,1.1,4.0,78,4.2,0.112,0.224,0.262,33.4,32.6,26.26841,73.00594,ERA5,Asia/Kolkata,Open-Meteo Historical Weather API
RJ-Jodhpur,2025-08-17,32.3,37.2,28.0,1.4,1.4,4.0,70,5.51,0.111,0.221,0.261,33.9,32.5,26.26841,73.00594,ERA5,Asia/Kolkata,Open-Meteo Historical Weather API
RJ-Jodhpur,2025-08-18,32.3,35.9,28.8,1.6,1.6,5.0,69,5.24,0.105,0.216,0.259,34.6,32.8,26.26841,73.00594,ERA5,Asia/Kolkata,Open-Meteo Historical Weather API
RJ-Jodhpur,2025-08-19,32.3,36.2,28.3,0.1,0.1,1.0,67,5.94,0.094,0.212,0.258,35.0,33.2,26.26841,73.00594,ERA5,Asia/Kolkata,Open-Meteo Historical Weather API
RJ-Jodhpur,2025-08-20,32.3,36.7,28.3,4.7,4.7,7.0,66,6.0,0.121,0.208,0.256,34.4,33.3,26.26841,73.00594,ERA5,Asia/Kolkata,Open-Meteo Historical Weather API
RJ-Jodhpur,2025-08-21,29.4,32.7,25.4,11.7,11.7,13.0,80,3.59,0.133,0.206,0.254,33.5,33.0,26.26841,73.00594,ERA5,Asia/Kolkata,Open-Meteo Historical Weather API
RJ-Jodhpur,2025-08-22,28.2,31.6,25.3,15.0,15.0,15.0,85,2.58,0.313,0.236,0.253,30.0,31.1,26.26841,73.00594,ERA5,Asia/Kolkata,Open-Meteo Historical Weather API
RJ-Jodhpur,2025-08-23,27.4,29.1,25.8,13.8,13.8,21.0,89,1.55,0.364,0.261,0.252,28.6,29.3,26.26841,73.00594,ERA5,Asia/Kolkata,Open-Meteo Historical Weather API
RJ-Jodhpur,2025-08-24,27.6,31.8,25.8,24.9,24.9,22.0,88,2.82,0.394,0.299,0.254,28.9,28.8,26.26841,73.00594,ERA5,Asia/Kolkata,Open-Meteo Historical Weather API
RJ-Jodhpur,2025-08-25,27.7,30.9,25.6,31.3,31.3,18.0,89,1.5,0.416,0.382,0.267,28.2,28.6,26.26841,73.00594,ERA5,Asia/Kolkata,Open-Meteo Historical Weather API
RJ-Jodhpur,2025-08-26,28.1,31.6,25.9,2.2,2.2,11.0,85,2.77,0.388,0.386,0.276,28.4,28.4,26.26841,73.00594,ERA5,Asia/Kolkata,Open-Meteo Historical Weather API
RJ-Jodhpur,2025-08-27,28.8,32.9,25.8,0.0,0.0,0.0,82,3.93,0.356,0.374,0.279,29.1,28.9,26.26841,73.00594,ERA5,Asia/Kolkata,Open-Meteo Historical Weather API
RJ-Jodhpur,2025-08-28,29.6,33.8,26.3,3.3,3.3,11.0,83,3.99,0.337,0.361,0.281,30.0,29.5,26.26841,73.00594,ERA5,Asia/Kolkata,Open-Meteo Historical Weather API
RJ-Jodhpur,2025-08-29,29.2,32.1,27.6,1.1,1.1,10.0,85,3.56,0.335,0.352,0.282,30.3,29.8,26.26841,73.00594,ERA5,Asia/Kolkata,Open-Meteo Historical Weather API
RJ-Jodhpur,2025-08-30,28.0,30.9,25.3,12.7,12.7,21.0,88,2.3,0.369,0.352,0.284,29.2,29.4,26.26841,73.00594,ERA5,Asia/Kolkata,Open-Meteo Historical Weather API
RJ-Jodhpur,2025-08-31,27.3,30.4,24.9,3.5,3.5,13.0,88,2.67,0.388,0.371,0.286,28.1,28.7,26.26841,73.00594,ERA5,Asia/Kolkata,Open-Meteo Historical Weather API
RJ-Jodhpur,2025-09-01,27.1,29.7,24.7,9.8,9.8,12.0,86,2.48,0.403,0.386,0.289,27.8,28.1,26.26841,73.00594,ERA5,Asia/Kolkata,Open-Meteo Historical Weather API
RJ-Jodhpur,2025-09-02,28.6,32.1,25.9,0.0,0.0,0.0,79,4.24,0.363,0.381,0.292,28.8,28.2,26.26841,73.00594,ERA5,Asia/Kolkata,Open-Meteo Historical Weather API
RJ-Jodhpur,2025-09-03,28.4,32.6,26.0,1.1,1.1,5.0,83,4.08,0.334,0.366,0.295,29.4,28.7,26.26841,73.00594,ERA5,Asia/Kolkata,Open-Meteo Historical Weather API
RJ-Jodhpur,2025-09-04,27.1,29.6,25.1,1.5,1.5,11.0,91,1.84,0.333,0.355,0.296,28.4,28.7,26.26841,73.00594,ERA5,Asia/Kolkata,Open-Meteo Historical Weather API
RJ-Jodhpur,2025-09-05,28.8,34.6,25.8,5.8,5.8,11.0,83,4.23,0.352,0.349,0.295,29.2,28.7,26.26841,73.00594,ERA5,Asia/Kolkata,Open-Meteo Historical Weather API
RJ-Jodhpur,2025-09-06,27.2,28.9,26.0,13.7,13.7,20.0,90,1.89,0.394,0.36,0.296,27.9,28.4,26.26841,73.00594,ERA5,Asia/Kolkata,Open-Meteo Historical Weather API
RJ-Jodhpur,2025-09-07,27.5,30.1,25.0,7.0,7.0,13.0,84,3.01,0.4,0.392,0.299,27.7,27.7,26.26841,73.00594,ERA5,Asia/Kolkata,Open-Meteo Historical Weather API
RJ-Jodhpur,2025-09-08,27.4,31.0,24.8,3.2,3.2,10.0,78,4.14,0.379,0.385,0.303,27.6,27.6,26.26841,73.00594,ERA5,Asia/Kolkata,Open-Meteo Historical Weather API
RJ-Jodhpur,2025-09-09,28.0,31.2,24.6,0.6,0.6,4.0,77,4.13,0.347,0.372,0.305,28.4,27.6,26.26841,73.00594,ERA5,Asia/Kolkata,Open-Meteo Historical Weather API
RJ-Jodhpur,2025-09-10,28.0,32.4,23.8,0.0,0.0,0.0,75,4.87,0.322,0.36,0.306,28.6,27.8,26.26841,73.00594,ERA5,Asia/Kolkata,Open-Meteo Historical Weather API
RJ-Jodhpur,2025-09-11,27.9,31.4,24.5,0.1,0.1,1.0,75,4.5,0.296,0.348,0.306,28.3,27.7,26.26841,73.00594,ERA5,Asia/Kolkata,Open-Meteo Historical Weather API
RJ-Jodhpur,2025-09-12,28.1,32.2,24.7,0.0,0.0,0.0,74,4.51,0.274,0.336,0.306,28.4,27.6,26.26841,73.00594,ERA5,Asia/Kolkata,Open-Meteo Historical Weather API
RJ-Jodhpur,2025-09-13,28.8,32.8,25.1,0.1,0.1,1.0,74,4.59,0.252,0.324,0.304,29.1,27.9,26.26841,73.00594,ERA5,Asia/Kolkata,Open-Meteo Historical Weather API
RJ-Jodhpur,2025-09-14,28.9,33.1,25.0,0.0,0.0,0.0,73,5.2,0.227,0.313,0.303,29.7,28.5,26.26841,73.00594,ERA5,Asia/Kolkata,Open-Meteo Historical Weather API
RJ-Jodhpur,2025-09-15,28.3,32.1,25.2,0.0,0.0,0.0,75,5.1,0.203,0.302,0.302,29.3,28.6,26.26841,73.00594,ERA5,Asia/Kolkata,Open-Meteo Historical Weather API
RJ-Jodhpur,2025-09-16,28.4,32.0,24.9,0.1,0.1,1.0,75,4.51,0.183,0.293,0.301,29.1,28.3,26.26841,73.00594,ERA5,Asia/Kolkata,Open-Meteo Historical Weather API
RJ-Jodhpur,2025-09-17,28.7,33.0,24.8,0.0,0.0,0.0,74,4.64,0.164,0.284,0.3,29.6,28.5,26.26841,73.00594,ERA5,Asia/Kolkata,Open-Meteo Historical Weather API
RJ-Jodhpur,2025-09-18,29.1,34.2,25.1,0.0,0.0,0.0,72,5.01,0.147,0.276,0.298,30.0,28.9,26.26841,73.00594,ERA5,Asia/Kolkata,Open-Meteo Historical Weather API
RJ-Jodhpur,2025-09-19,29.1,33.6,24.9,0.0,0.0,0.0,72,5.09,0.133,0.269,0.298,30.3,29.3,26.26841,73.00594,ERA5,Asia/Kolkata,Open-Meteo Historical Weather API
RJ-Jodhpur,2025-09-20,29.4,33.6,25.5,0.0,0.0,0.0,70,5.15,0.122,0.264,0.297,31.0,29.8,26.26841,73.00594,ERA5,Asia/Kolkata,Open-Meteo Historical Weather API
RJ-Jodhpur,2025-09-21,29.6,34.2,25.6,0.0,0.0,0.0,69,5.25,0.114,0.258,0.297,31.3,30.1,26.26841,73.00594,ERA5,Asia/Kolkata,Open-Meteo Historical Weather API
RJ-Jodhpur,2025-09-22,29.5,34.3,25.2,0.0,0.0,0.0,68,5.46,0.105,0.254,0.297,31.5,30.3,26.26841,73.00594,ERA5,Asia/Kolkata,Open-Meteo Historical Weather API
RJ-Jodhpur,2025-09-23,29.2,34.2,24.9,0.0,0.0,0.0,66,5.77,0.097,0.248,0.295,31.5,30.5,26.26841,73.00594,ERA5,Asia/Kolkata,Open-Meteo Historical Weather API
RJ-Jodhpur,2025-09-24,28.9,33.6,24.8,0.0,0.0,0.0,65,5.7,0.09,0.243,0.294,31.5,30.5,26.26841,73.00594,ERA5,Asia/Kolkata,Open-Meteo Historical Weather API
RJ-Jodhpur,2025-09-25,29.1,34.0,24.3,0.0,0.0,0.0,66,5.36,0.086,0.238,0.293,31.9,30.6,26.26841,73.00594,ERA5,Asia/Kolkata,Open-Meteo Historical Weather API
RJ-Jodhpur,2025-09-26,30.0,35.8,24.9,0.0,0.0,0.0,60,5.24,0.085,0.234,0.292,32.7,31.1,26.26841,73.00594,ERA5,Asia/Kolkata,Open-Meteo Historical Weather API
RJ-Jodhpur,2025-09-27,31.1,37.9,25.8,0.0,0.0,0.0,55,5.97,0.083,0.231,0.291,32.8,31.5,26.26841,73.00594,ERA5,Asia/Kolkata,Open-Meteo Historical Weather API
RJ-Jodhpur,2025-09-28,31.1,36.7,26.0,0.0,0.0,0.0,63,5.91,0.084,0.228,0.29,33.0,31.8,26.26841,73.00594,ERA5,Asia/Kolkata,Open-Meteo Historical Weather API
RJ-Jodhpur,2025-09-29,30.6,35.3,27.6,6.6,6.6,6.0,71,5.06,0.099,0.225,0.29,33.0,32.1,26.26841,73.00594,ERA5,Asia/Kolkata,Open-Meteo Historical Weather API
RJ-Jodhpur,2025-09-30,28.1,31.3,25.3,3.7,3.7,10.0,76,3.4,0.149,0.223,0.289,30.7,31.1,26.26841,73.00594,ERA5,Asia/Kolkata,Open-Meteo Historical Weather API
RJ-Jodhpur,2025-10-01,27.9,31.5,24.6,0.3,0.3,3.0,78,3.55,0.171,0.223,0.288,30.2,30.2,26.26841,73.00594,ERA5,Asia/Kolkata,Open-Meteo Historical Weather API
RJ-Jodhpur,2025-10-02,29.1,33.0,25.6,0.1,0.1,1.0,74,4.2,0.143,0.222,0.286,31.3,30.4,26.26841,73.00594,ERA5,Asia/Kolkata,Open-Meteo Historical Weather API
RJ-Jodhpur,2025-10-03,28.4,33.6,26.0,6.5,6.5,9.0,79,3.8,0.167,0.22,0.285,30.7,30.7,26.26841,73.00594,ERA5,Asia/Kolkata,Open-Meteo Historical Weather API
RJ-Jodhpur,2025-10-04,28.0,32.5,24.8,1.2,1.2,5.0,81,3.98,0.182,0.221,0.284,30.1,30.3,26.26841,73.00594,ERA5,Asia/Kolkata,Open-Meteo Historical Weather API
RJ-Jodhpur,2025-10-05,28.0,32.7,24.7,0.2,0.2,1.0,75,4.7,0.162,0.222,0.284,29.4,29.7,26.26841,73.00594,ERA5,Asia/Kolkata,Open-Meteo Historical Weather API
RJ-Jodhpur,2025-10-06,26.5,30.1,23.9,10.7,10.7,20.0,81,3.7,0.211,0.224,0.283,28.3,29.0,26.26841,73.00594,ERA5,Asia/Kolkata,Open-Meteo Historical Weather API
RJ-Jodhpur,2025-10-07,26.3,29.7,23.8,0.1,0.1,1.0,75,4.05,0.21,0.228,0.283,28.0,28.2,26.26841,73.00594,ERA5,Asia/Kolkata,Open-Meteo Historical Weather API
RJ-Jodhpur,2025-10-08,25.5,30.4,22.1,0.0,0.0,0.0,71,4.54,0.173,0.228,0.281,27.9,27.7,26.26841,73.00594,ERA5,Asia/Kolkata,Open-Meteo Historical Weather API
RJ-Jodhpur,2025-10-09,25.3,31.9,20.3,0.0,0.0,0.0,64,4.79,0.141,0.226,0.28,27.4,27.3,26.26841,73.00594,ERA5,Asia/Kolkata,Open-Meteo Historical Weather API
RJ-Jodhpur,2025-10-10,25.7,32.7,19.4,0.0,0.0,0.0,56,4.94,0.116,0.223,0.278,27.7,27.3,26.26841,73.00594,ERA5,Asia/Kolkata,Open-Meteo Historical Weather API
RJ-Jodhpur,2025-10-11,25.9,33.5,18.6,0.0,0.0,0.0,52,4.95,0.099,0.22,0.277,27.9,27.5,26.26841,73.00594,ERA5,Asia/Kolkata,Open-Meteo Historical Weather API
RJ-Jodhpur,2025-10-12,25.8,33.3,19.1,0.0,0.0,0.0,52,5.04,0.093,0.216,0.276,28.3,27.8,26.26841,73.00594,ERA5,Asia/Kolkata,Open-Meteo Historical Weather API
RJ-Jodhpur,2025-10-13,25.9,33.6,19.1,0.0,0.0,0.0,53,4.9,0.09,0.214,0.275,28.3,28.1,26.26841,73.00594,ERA5,Asia/Kolkata,Open-Meteo Historical Weather API
RJ-Jodhpur,2025-10-14,25.6,33.5,18.0,0.0,0.0,0.0,53,5.0,0.088,0.211,0.274,28.2,28.1,26.26841,73.00594,ERA5,Asia/Kolkata,Open-Meteo Historical Weather API
RJ-Jodhpur,2025-10-15,25.6,33.3,18.6,0.0,0.0,0.0,50,5.26,0.084,0.208,0.272,28.1,28.1,26.26841,73.00594,ERA5,Asia/Kolkata,Open-Meteo Historical Weather API
RJ-Jodhpur,2025-10-16,25.6,33.8,18.5,0.0,0.0,0.0,51,5.3,0.082,0.207,0.272,27.9,28.0,26.26841,73.00594,ERA5,Asia/Kolkata,Open-Meteo Historical Weather API
RJ-Jodhpur,2025-10-17,25.8,34.3,17.9,0.0,0.0,0.0,50,5.47,0.082,0.204,0.271,27.8,27.9,26.26841,73.00594,ERA5,Asia/Kolkata,Open-Meteo Historical Weather API
RJ-Jodhpur,2025-10-18,25.7,34.3,17.2,0.0,0.0,0.0,51,5.1,0.085,0.203,0.271,27.5,27.8,26.26841,73.00594,ERA5,Asia/Kolkata,Open-Meteo Historical Weather API
RJ-Jodhpur,2025-10-19,25.5,33.2,18.3,0.0,0.0,0.0,51,5.21,0.082,0.201,0.27,27.5,27.8,26.26841,73.00594,ERA5,Asia/Kolkata,Open-Meteo Historical Weather API
RJ-Jodhpur,2025-10-20,25.7,33.7,18.9,0.0,0.0,0.0,53,4.67,0.08,0.199,0.269,27.7,27.9,26.26841,73.00594,ERA5,Asia/Kolkata,Open-Meteo Historical Weather API
RJ-Jodhpur,2025-10-21,27.3,34.5,22.2,0.0,0.0,0.0,52,4.66,0.08,0.198,0.268,28.5,28.3,26.26841,73.00594,ERA5,Asia/Kolkata,Open-Meteo Historical Weather API
RJ-Jodhpur,2025-10-22,26.7,34.1,21.1,0.0,0.0,0.0,53,4.81,0.079,0.198,0.268,28.8,28.6,26.26841,73.00594,ERA5,Asia/Kolkata,Open-Meteo Historical Weather API
RJ-Jodhpur,2025-10-23,26.2,34.1,19.8,0.0,0.0,0.0,49,5.48,0.079,0.197,0.268,28.2,28.4,26.26841,73.00594,ERA5,Asia/Kolkata,Open-Meteo Historical Weather API
RJ-Jodhpur,2025-10-24,25.7,34.2,18.4,0.0,0.0,0.0,45,5.62,0.079,0.196,0.267,27.4,28.0,26.26841,73.00594,ERA5,Asia/Kolkata,Open-Meteo Historical Weather API
RJ-Jodhpur,2025-10-25,25.3,34.1,17.5,0.0,0.0,0.0,46,5.78,0.08,0.195,0.267,26.8,27.5,26.26841,73.00594,ERA5,Asia/Kolkata,Open-Meteo Historical Weather API
RJ-Jodhpur,2025-10-26,25.5,33.3,18.6,0.0,0.0,0.0,45,6.03,0.077,0.194,0.266,26.8,27.3,26.26841,73.00594,ERA5,Asia/Kolkata,Open-Meteo Historical Weather API
RJ-Jodhpur,2025-10-27,24.6,29.0,21.9,0.0,0.0,0.0,65,4.21,0.08,0.195,0.267,26.3,27.4,26.26841,73.00594,ERA5,Asia/Kolkata,Open-Meteo Historical Weather API
RJ-Jodhpur,2025-10-28,23.0,26.2,20.6,0.0,0.0,0.0,73,3.32,0.085,0.196,0.268,25.1,26.7,26.26841,73.00594,ERA5,Asia/Kolkata,Open-Meteo Historical Weather API
RJ-Jodhpur,2025-10-29,24.2,28.6,20.5,0.0,0.0,0.0,69,3.78,0.087,0.197,0.268,25.9,26.2,26.26841,73.00594,ERA5,Asia/Kolkata,Open-Meteo Historical Weather API
RJ-Jodhpur,2025-10-30,24.7,27.9,22.0,3.8,3.8,12.0,77,2.83,0.119,0.197,0.268,25.8,26.3,26.26841,73.00594,ERA5,Asia/Kolkata,Open-Meteo Historical Weather API
RJ-Jodhpur,2025-10-31,25.7,30.9,22.6,0.0,0.0,0.0,72,3.69,0.119,0.198,0.268,27.2,26.8,26.26841,73.00594,ERA5,Asia/Kolkata,Open-Meteo Historical Weather API
RJ-Jodhpur,2025-11-01,25.0,32.4,19.3,0.0,0.0,0.0,65,4.36,0.108,0.198,0.268,26.6,26.7,26.26841,73.00594,ERA5,Asia/Kolkata,Open-Meteo Historical Weather API
RJ-Jodhpur,2025-11-02,24.3,32.9,17.5,0.0,0.0,0.0,58,4.09,0.099,0.197,0.267,26.1,26.5,26.26841,73.00594,ERA5,Asia/Kolkata,Open-Meteo Historical Weather API
RJ-Jodhpur,2025-11-03,24.7,32.9,16.8,0.9,0.9,5.0,61,4.08,0.09,0.195,0.266,26.7,26.5,26.26841,73.00594,ERA5,Asia/Kolkata,Open-Meteo Historical Weather API
RJ-Jodhpur,2025-11-04,25.6,30.8,22.1,6.8,6.8,6.0,74,4.12,0.161,0.197,0.265,27.3,27.4,26.26841,73.00594,ERA5,Asia/Kolkata,Open-Meteo Historical Weather API
RJ-Jodhpur,2025-11-05,24.2,31.2,19.3,0.0,0.0,0.0,65,3.68,0.142,0.199,0.265,25.8,26.2,26.26841,73.00594,ERA5,Asia/Kolkata,Open-Meteo Historical Weather API
RJ-Jodhpur,2025-11-06,21.6,30.5,15.6,0.0,0.0,0.0,51,4.49,0.121,0.2,0.265,23.7,25.0,26.26841,73.00594,ERA5,Asia/Kolkata,Open-Meteo Historical Weather API
RJ-Jodhpur,2025-11-07,20.5,30.6,12.3,0.0,0.0,0.0,51,3.95,0.107,0.201,0.265,22.6,24.0,26.26841,73.00594,ERA5,Asia/Kolkata,Open-Meteo Historical Weather API
RJ-Jodhpur,2025-11-08,21.1,31.2,14.0,0.0,0.0,0.0,47,4.12,0.1,0.199,0.264,22.5,23.8,26.26841,73.00594,ERA5,Asia/Kolkata,Open-Meteo Historical Weather API
RJ-Jodhpur,2025-11-09,21.2,31.1,13.9,0.0,0.0,0.0,51,3.97,0.098,0.197,0.263,22.8,23.8,26.26841,73.00594,ERA5,Asia/Kolkata,Open-Meteo Historical Weather API
RJ-Jodhpur,2025-11-10,21.2,30.8,14.2,0.0,0.0,0.0,53,4.12,0.096,0.196,0.263,22.6,23.7,26.26841,73.00594,ERA5,Asia/Kolkata,Open-Meteo Historical Weather API
RJ-Jodhpur,2025-11-11,21.7,30.5,16.0,0.0,0.0,0.0,51,3.71,0.091,0.194,0.262,23.0,23.7,26.26841,73.00594,ERA5,Asia/Kolkata,Open-Meteo Historical Weather API
RJ-Jodhpur,2025-11-12,21.8,30.4,15.2,0.0,0.0,0.0,51,3.71,0.087,0.192,0.261,23.1,24.0,26.26841,73.00594,ERA5,Asia/Kolkata,Open-Meteo Historical Weather API
RJ-Jodhpur,2025-11-13,21.2,30.4,14.2,0.0,0.0,0.0,50,4.01,0.089,0.191,0.26,23.4,24.0,26.26841,73.00594,ERA5,Asia/Kolkata,Open-Meteo Historical Weather API
RJ-Jodhpur,2025-11-14,20.0,30.3,12.7,0.0,0.0,0.0,45,4.37,0.09,0.189,0.259,22.0,23.4,26.26841,73.00594,ERA5,Asia/Kolkata,Open-Meteo Historical Weather API
RJ-Jodhpur,2025-11-15,19.2,29.5,11.3,0.0,0.0,0.0,45,4.45,0.09,0.188,0.258,20.8,22.7,26.26841,73.00594,ERA5,Asia/Kolkata,Open-Meteo Historical Weather API
RJ-Jodhpur,2025-11-16,18.8,29.2,10.5,0.0,0.0,0.0,47,4.36,0.087,0.187,0.257,20.3,22.1,26.26841,73.00594,ERA5,Asia/Kolkata,Open-Meteo Historical Weather API
RJ-Jodhpur,2025-11-17,18.6,29.4,10.0,0.0,0.0,0.0,51,4.08,0.088,0.186,0.257,20.1,21.8,26.26841,73.00594,ERA5,Asia/Kolkata,Open-Meteo Historical Weather API
RJ-Jodhpur,2025-11-18,19.0,29.1,10.8,0.0,0.0,0.0,50,4.24,0.086,0.185,0.257,20.4,21.7,26.26841,73.00594,ERA5,Asia/Kolkata,Open-Meteo Historical Weather API
RJ-Jodhpur,2025-11-19,19.4,29.7,11.2,0.0,0.0,0.0,50,4.11,0.081,0.184,0.256,20.5,21.6,26.26841,73.00594,ERA5,Asia/Kolkata,Open-Meteo Historical Weather API
RJ-Jodhpur,2025-11-20,19.5,30.0,10.7,0.0,0.0,0.0,52,3.9,0.077,0.183,0.255,20.9,21.8,26.26841,73.00594,ERA5,Asia/Kolkata,Open-Meteo Historical Weather API
RJ-Jodhpur,2025-11-21,20.2,30.2,12.4,0.0,0.0,0.0,55,3.8,0.076,0.182,0.255,21.7,22.2,26.26841,73.00594,ERA5,Asia/Kolkata,Open-Meteo Historical Weather API
RJ-Jodhpur,2025-11-22,20.0,29.8,12.7,0.0,0.0,0.0,55,3.54,0.079,0.181,0.255,21.8,22.5,26.26841,73.00594,ERA5,Asia/Kolkata,Open-Meteo Historical Weather API
RJ-Jodhpur,2025-11-23,20.1,29.0,12.9,0.0,0.0,0.0,52,3.84,0.074,0.181,0.254,21.8,22.5,26.26841,73.00594,ERA5,Asia/Kolkata,Open-Meteo Historical Weather API
RJ-Jodhpur,2025-11-24,20.9,28.6,15.0,0.0,0.0,0.0,46,4.72,0.073,0.18,0.254,22.2,22.7,26.26841,73.00594,ERA5,Asia/Kolkata,Open-Meteo Historical Weather API
RJ-Jodhpur,2025-11-25,20.3,27.3,14.8,0.0,0.0,0.0,41,4.89,0.073,0.181,0.254,21.9,22.7,26.26841,73.00594,ERA5,Asia/Kolkata,Open-Meteo Historical Weather API
RJ-Jodhpur,2025-11-26,20.4,27.5,14.5,0.0,0.0,0.0,45,4.84,0.074,0.181,0.254,21.7,22.5,26.26841,73.00594,ERA5,Asia/Kolkata,Open-Meteo Historical Weather API
RJ-Jodhpur,2025-11-27,21.5,27.4,16.6,0.0,0.0,0.0,53,4.13,0.075,0.181,0.254,22.7,23.0,26.26841,73.00594,ERA5,Asia/Kolkata,Open-Meteo Historical Weather API
RJ-Jodhpur,2025-11-28,21.7,28.0,16.9,0.0,0.0,0.0,61,3.43,0.075,0.181,0.254,23.2,23.4,26.26841,73.00594,ERA5,Asia/Kolkata,Open-Meteo Historical Weather API
RJ-Jodhpur,2025-11-29,21.6,28.3,16.4,0.0,0.0,0.0,62,3.49,0.073,0.181,0.254,23.6,23.7,26.26841,73.00594,ERA5,Asia/Kolkata,Open-Meteo Historical Weather API
RJ-Jodhpur,2025-11-30,21.2,28.4,15.9,0.0,0.0,0.0,58,3.56,0.076,0.182,0.254,23.3,23.7,26.26841,73.00594,ERA5,Asia/Kolkata,Open-Meteo Historical Weather API
RJ-Jodhpur,2025-12-01,20.5,28.9,14.5,0.0,0.0,0.0,59,3.78,0.082,0.183,0.255,22.3,23.2,26.26841,73.00594,ERA5,Asia/Kolkata,Open-Meteo Historical Weather API
RJ-Jodhpur,2025-12-02,19.6,27.9,12.7,0.0,0.0,0.0,53,3.39,0.084,0.183,0.255,21.5,22.6,26.26841,73.00594,ERA5,Asia/Kolkata,Open-Meteo Historical Weather API
RJ-Jodhpur,2025-12-03,19.1,27.2,13.2,0.0,0.0,0.0,48,4.11,0.086,0.184,0.256,20.7,22.0,26.26841,73.00594,ERA5,Asia/Kolkata,Open-Meteo Historical Weather API
RJ-Jodhpur,2025-12-04,18.3,26.7,12.4,0.0,0.0,0.0,45,3.97,0.081,0.184,0.256,20.2,21.6,26.26841,73.00594,ERA5,Asia/Kolkata,Open-Meteo Historical Weather API
RJ-Jodhpur,2025-12-05,18.4,27.6,11.8,0.0,0.0,0.0,41,4.23,0.082,0.184,0.256,19.9,21.2,26.26841,73.00594,ERA5,Asia/Kolkata,Open-Meteo Historical Weather API
RJ-Jodhpur,2025-12-06,17.7,26.2,11.1,0.0,0.0,0.0,42,3.89,0.083,0.183,0.255,18.9,20.8,26.26841,73.00594,ERA5,Asia/Kolkata,Open-Meteo Historical Weather API
RJ-Jodhpur,2025-12-07,18.9,30.0,11.4,0.0,0.0,0.0,45,3.96,0.081,0.182,0.254,19.8,20.7,26.26841,73.00594,ERA5,Asia/Kolkata,Open-Meteo Historical Weather API
RJ-Jodhpur,2025-12-08,19.1,29.8,11.4,0.0,0.0,0.0,44,4.15,0.083,0.18,0.253,20.0,21.0,26.26841,73.00594,ERA5,Asia/Kolkata,Open-Meteo Historical Weather API
RJ-Jodhpur,2025-12-09,18.4,29.5,10.0,0.0,0.0,0.0,50,3.54,0.079,0.178,0.252,19.5,20.9,26.26841,73.00594,ERA5,Asia/Kolkata,Open-Meteo Historical Weather API
RJ-Jodhpur,2025-12-10,18.6,29.2,9.5,0.0,0.0,0.0,47,3.22,0.078,0.178,0.251,18.9,20.6,26.26841,73.00594,ERA5,Asia/Kolkata,Open-Meteo Historical Weather API
RJ-Jodhpur,2025-12-11,18.8,29.2,9.2,0.0,0.0,0.0,47,3.07,0.079,0.179,0.252,18.5,20.2,26.26841,73.00594,ERA5,Asia/Kolkata,Open-Meteo Historical Weather API
RJ-Jodhpur,2025-12-12,19.0,29.6,10.3,0.0,0.0,0.0,49,3.06,0.081,0.181,0.253,18.6,20.2,26.26841,73.00594,ERA5,Asia/Kolkata,Open-Meteo Historical Weather API
RJ-Jodhpur,2025-12-13,18.6,29.0,10.3,0.0,0.0,0.0,56,2.98,0.084,0.183,0.254,19.6,20.3,26.26841,73.00594,ERA5,Asia/Kolkata,Open-Meteo Historical Weather API
RJ-Jodhpur,2025-12-14,18.8,28.8,10.9,0.0,0.0,0.0,61,3.09,0.085,0.183,0.254,19.5,20.4,26.26841,73.00594,ERA5,Asia/Kolkata,Open-Meteo Historical Weather API
RJ-Jodhpur,2025-12-15,18.7,28.6,11.5,0.0,0.0,0.0,64,3.34,0.081,0.183,0.254,19.9,20.6,26.26841,73.00594,ERA5,Asia/Kolkata,Open-Meteo Historical Weather API
RJ-Jodhpur,2025-12-16,18.6,27.9,11.6,0.0,0.0,0.0,58,3.69,0.08,0.182,0.253,19.7,20.5,26.26841,73.00594,ERA5,Asia/Kolkata,Open-Meteo Historical Weather API
RJ-Jodhpur,2025-12-17,19.1,30.3,11.2,0.0,0.0,0.0,49,3.65,0.071,0.179,0.251,20.1,20.5,26.26841,73.00594,ERA5,Asia/Kolkata,Open-Meteo Historical Weather API
RJ-Jodhpur,2025-12-18,19.3,30.3,11.1,0.0,0.0,0.0,45,3.55,0.068,0.177,0.249,20.4,20.7,26.26841,73.00594,ERA5,Asia/Kolkata,Open-Meteo Historical Weather API
RJ-Jodhpur,2025-12-19,19.5,30.1,11.8,0.0,0.0,0.0,48,3.51,0.069,0.177,0.249,21.0,21.1,26.26841,73.00594,ERA5,Asia/Kolkata,Open-Meteo Historical Weather API
RJ-Jodhpur,2025-12-20,20.7,31.3,12.4,0.0,0.0,0.0,50,3.35,0.072,0.176,0.248,21.8,21.5,26.26841,73.00594,ERA5,Asia/Kolkata,Open-Meteo Historical Weather API
RJ-Jodhpur,2025-12-21,22.2,31.3,14.4,0.0,0.0,0.0,50,3.34,0.081,0.176,0.248,22.3,22.1,26.26841,73.00594,ERA5,Asia/Kolkata,Open-Meteo Historical Weather API
RJ-Jodhpur,2025-12-22,20.5,28.8,13.4,0.0,0.0,0.0,60,3.19,0.085,0.177,0.249,21.4,22.0,26.26841,73.00594,ERA5,Asia/Kolkata,Open-Meteo Historical Weather API
RJ-Jodhpur,2025-12-23,19.9,26.5,15.1,0.0,0.0,0.0,64,3.56,0.084,0.178,0.249,21.2,21.7,26.26841,73.00594,ERA5,Asia/Kolkata,Open-Meteo Historical Weather API
RJ-Jodhpur,2025-12-24,17.1,24.6,11.5,0.0,0.0,0.0,55,3.53,0.078,0.176,0.248,19.5,20.9,26.26841,73.00594,ERA5,Asia/Kolkata,Open-Meteo Historical Weather API
RJ-Jodhpur,2025-12-25,16.5,26.2,9.3,0.0,0.0,0.0,48,3.43,0.079,0.176,0.247,18.1,19.7,26.26841,73.00594,ERA5,Asia/Kolkata,Open-Meteo Historical Weather API
RJ-Jodhpur,2025-12-26,17.9,26.6,11.4,0.0,0.0,0.0,51,3.56,0.079,0.176,0.247,19.4,19.8,26.26841,73.00594,ERA5,Asia/Kolkata,Open-Meteo Historical Weather API
RJ-Jodhpur,2025-12-27,17.7,26.1,11.8,0.0,0.0,0.0,47,3.62,0.079,0.176,0.246,19.2,20.0,26.26841,73.00594,ERA5,Asia/Kolkata,Open-Meteo Historical Weather API
RJ-Jodhpur,2025-12-28,17.2,26.4,10.4,0.0,0.0,0.0,52,3.33,0.081,0.175,0.246,18.7,19.8,26.26841,73.00594,ERA5,Asia/Kolkata,Open-Meteo Historical Weather API
RJ-Jodhpur,2025-12-29,18.0,27.2,11.5,0.0,0.0,0.0,57,3.24,0.083,0.175,0.246,19.4,20.0,26.26841,73.00594,ERA5,Asia/Kolkata,Open-Meteo Historical Weather API
RJ-Jodhpur,2025-12-30,18.2,26.7,11.5,0.0,0.0,0.0,59,3.38,0.084,0.175,0.246,19.6,20.1,26.26841,73.00594,ERA5,Asia/Kolkata,Open-Meteo Historical Weather API
RJ-Jodhpur,2025-12-31,18.1,24.4,12.1,0.1,0.1,1.0,70,2.78,0.085,0.175,0.246,19.2,20.0,26.26841,73.00594,ERA5,Asia/Kolkata,Open-Meteo Historical Weather API
