region,date,temperature_2m_mean,temperature_2m_max,temperature_2m_min,precipitation_sum,rain_sum,precipitation_hours,relative_humidity_2m_mean,et0_fao_evapotranspiration,soil_moisture_0_to_7cm_mean,soil_moisture_7_to_28cm_mean,soil_moisture_28_to_100cm_mean,soil_temperature_0_to_7cm_mean,soil_temperature_7_to_28cm_mean,latitude_requested,longitude_requested,weather_model,timezone,source
MP-Indore,2011-01-01,14.4,21.1,9.2,0.0,0.0,0.0,43,3.91,0.277,0.315,0.335,16.6,18.6,22.71792,75.8333,ERA5,Asia/Kolkata,Open-Meteo Historical Weather API
MP-Indore,2011-01-02,14.1,22.2,7.2,0.0,0.0,0.0,50,3.46,0.276,0.312,0.335,16.1,17.5,22.71792,75.8333,ERA5,Asia/Kolkata,Open-Meteo Historical Weather API
MP-Indore,2011-01-03,14.8,22.0,8.5,0.0,0.0,0.0,53,3.5,0.278,0.314,0.337,16.3,17.4,22.71792,75.8333,ERA5,Asia/Kolkata,Open-Meteo Historical Weather API
MP-Indore,2011-01-04,15.2,22.3,8.8,0.0,0.0,0.0,55,3.41,0.277,0.313,0.338,17.0,17.8,22.71792,75.8333,ERA5,Asia/Kolkata,Open-Meteo Historical Weather API
MP-Indore,2011-01-05,14.8,22.8,7.5,0.0,0.0,0.0,49,3.58,0.277,0.313,0.339,16.7,17.7,22.71792,75.8333,ERA5,Asia/Kolkata,Open-Meteo Historical Weather API
MP-Indore,2011-01-06,13.9,22.7,6.7,0.0,0.0,0.0,51,3.66,0.277,0.312,0.339,15.6,17.1,22.71792,75.8333,ERA5,Asia/Kolkata,Open-Meteo Historical Weather API
MP-Indore,2011-01-07,14.9,24.2,7.0,0.0,0.0,0.0,48,3.88,0.273,0.303,0.334,15.9,16.8,22.71792,75.8333,ERA5,Asia/Kolkata,Open-Meteo Historical Weather API
MP-Indore,2011-01-08,16.6,25.8,7.4,0.0,0.0,0.0,41,3.67,0.27,0.3,0.331,16.4,17.0,22.71792,75.8333,ERA5,Asia/Kolkata,Open-Meteo Historical Weather API
MP-Indore,2011-01-09,16.5,24.8,8.3,0.0,0.0,0.0,46,3.66,0.27,0.3,0.332,16.5,17.2,22.71792,75.8333,ERA5,Asia/Kolkata,Open-Meteo Historical Weather API
MP-Indore,2011-01-10,15.1,23.2,9.0,0.0,0.0,0.0,49,3.77,0.269,0.296,0.33,16.7,17.5,22.71792,75.8333,ERA5,Asia/Kolkata,Open-Meteo Historical Weather API
MP-Indore,2011-01-11,15.8,25.2,6.8,0.0,0.0,0.0,47,3.37,0.271,0.297,0.331,16.4,17.3,22.71792,75.8333,ERA5,Asia/Kolkata,Open-Meteo Historical Weather API
MP-Indore,2011-01-12,18.5,27.9,11.2,0.0,0.0,0.0,49,3.93,0.273,0.299,0.334,17.3,17.7,22.71792,75.8333,ERA5,Asia/Kolkata,Open-Meteo Historical Weather API
MP-Indore,2011-01-13,19.7,28.6,13.5,0.0,0.0,0.0,47,4.11,0.27,0.295,0.331,18.6,18.5,22.71792,75.8333,ERA5,Asia/Kolkata,Open-Meteo Historical Weather API
MP-Indore,2011-01-14,18.8,27.6,11.2,0.0,0.0,0.0,51,4.24,0.268,0.291,0.33,19.2,19.0,22.71792,75.8333,ERA5,Asia/Kolkata,Open-Meteo Historical Weather API
MP-Indore,2011-01-15,18.3,25.1,11.8,0.0,0.0,0.0,59,3.8,0.268,0.291,0.33,19.5,19.3,22.71792,75.8333,ERA5,Asia/Kolkata,Open-Meteo Historical Weather API
MP-Indore,2011-01-16,15.1,21.4,9.9,0.0,0.0,0.0,39,4.08,0.274,0.296,0.335,17.6,18.8,22.71792,75.8333,ERA5,Asia/Kolkata,Open-Meteo Historical Weather API
MP-Indore,2011-01-17,15.5,25.7,6.7,0.0,0.0,0.0,40,3.9,0.277,0.297,0.337,16.5,17.6,22.71792,75.8333,ERA5,Asia/Kolkata,Open-Meteo Historical Weather API
MP-Indore,2011-01-18,18.4,27.2,11.0,0.0,0.0,0.0,43,4.28,0.276,0.295,0.335,18.3,18.0,22.71792,75.8333,ERA5,Asia/Kolkata,Open-Meteo Historical Weather API
MP-Indore,2011-01-19,18.3,25.4,12.6,0.0,0.0,0.0,50,4.02,0.274,0.292,0.333,19.2,19.0,22.71792,75.8333,ERA5,Asia/Kolkata,Open-Meteo Historical Weather API
MP-Indore,2011-01-20,17.3,25.2,10.4,0.0,0.0,0.0,45,3.87,0.273,0.291,0.329,18.8,19.0,22.71792,75.8333,ERA5,Asia/Kolkata,Open-Meteo Historical Weather API
MP-Indore,2011-01-21,18.1,26.6,9.9,0.0,0.0,0.0,48,3.81,0.274,0.292,0.327,18.8,19.1,22.71792,75.8333,ERA5,Asia/Kolkata,Open-Meteo Historical Weather API
MP-Indore,2011-01-22,20.0,28.0,13.5,0.0,0.0,0.0,50,3.92,0.272,0.292,0.323,19.5,19.4,22.71792,75.8333,ERA5,Asia/Kolkata,Open-Meteo Historical Weather API
MP-Indore,2011-01-23,20.1,28.6,12.8,0.0,0.0,0.0,49,4.13,0.268,0.291,0.319,20.4,19.9,22.71792,75.8333,ERA5,Asia/Kolkata,Open-Meteo Historical Weather API
MP-Indore,2011-01-24,20.3,28.5,13.7,0.0,0.0,0.0,46,4.2,0.266,0.291,0.319,20.7,20.3,22.71792,75.8333,ERA5,Asia/Kolkata,Open-Meteo Historical Weather API
MP-Indore,2011-01-25,20.0,27.6,13.7,0.0,0.0,0.0,53,4.08,0.267,0.291,0.321,20.7,20.5,22.71792,75.8333,ERA5,Asia/Kolkata,Open-Meteo Historical Weather API
MP-Indore,2011-01-26,18.9,25.8,13.2,0.0,0.0,0.0,53,4.15,0.27,0.295,0.325,20.3,20.7,22.71792,75.8333,ERA5,Asia/Kolkata,Open-Meteo Historical Weather API
MP-Indore,2011-01-27,18.7,26.0,12.1,0.0,0.0,0.0,54,4.07,0.272,0.297,0.328,20.0,20.4,22.71792,75.8333,ERA5,Asia/Kolkata,Open-Meteo Historical Weather API
MP-Indore,2011-01-28,20.0,27.9,13.5,0.0,0.0,0.0,52,4.4,0.271,0.298,0.331,20.8,20.8,22.71792,75.8333,ERA5,Asia/Kolkata,Open-Meteo Historical Weather API
MP-Indore,2011-01-29,19.5,26.9,12.9,0.0,0.0,0.0,56,4.09,0.269,0.297,0.331,20.7,20.8,22.71792,75.8333,ERA5,Asia/Kolkata,Open-Meteo Historical Weather API
MP-Indore,2011-01-30,18.9,26.6,12.3,0.0,0.0,0.0,53,4.12,0.267,0.298,0.332,20.5,20.8,22.71792,75.8333,ERA5,Asia/Kolkata,Open-Meteo Historical Weather API
MP-Indore,2011-01-31,19.2,26.1,13.7,0.0,0.0,0.0,56,4.16,0.266,0.298,0.332,20.4,20.6,22.71792,75.8333,ERA5,Asia/Kolkata,Open-Meteo Historical Weather API
MP-Indore,2011-02-01,20.0,26.9,14.2,0.0,0.0,0.0,54,4.24,0.267,0.3,0.334,21.1,21.0,22.71792,75.8333,ERA5,Asia/Kolkata,Open-Meteo Historical Weather API
MP-Indore,2011-02-02,20.3,27.9,13.9,0.0,0.0,0.0,51,4.34,0.269,0.302,0.335,21.5,21.2,22.71792,75.8333,ERA5,Asia/Kolkata,Open-Meteo Historical Weather API
MP-Indore,2011-02-03,20.3,29.1,12.8,0.0,0.0,0.0,45,4.68,0.27,0.3,0.335,21.1,21.2,22.71792,75.8333,ERA5,Asia/Kolkata,Open-Meteo Historical Weather API
MP-Indore,2011-02-04,21.9,30.2,13.0,0.0,0.0,0.0,43,4.44,0.268,0.295,0.331,21.5,21.3,22.71792,75.8333,ERA5,Asia/Kolkata,Open-Meteo Historical Weather API
MP-Indore,2011-02-05,23.0,30.3,16.6,0.0,0.0,0.0,40,4.49,0.265,0.292,0.327,21.7,21.5,22.71792,75.8333,ERA5,Asia/Kolkata,Open-Meteo Historical Weather API
MP-Indore,2011-02-06,22.6,30.9,14.5,0.0,0.0,0.0,40,4.94,0.264,0.29,0.325,21.9,21.7,22.71792,75.8333,ERA5,Asia/Kolkata,Open-Meteo Historical Weather API
MP-Indore,2011-02-07,22.5,30.4,15.9,0.0,0.0,0.0,46,5.27,0.26,0.289,0.322,22.8,22.2,22.71792,75.8333,ERA5,Asia/Kolkata,Open-Meteo Historical Weather API
MP-Indore,2011-02-08,21.2,27.7,15.5,0.0,0.0,0.0,54,4.03,0.26,0.288,0.323,22.6,22.3,22.71792,75.8333,ERA5,Asia/Kolkata,Open-Meteo Historical Weather API
MP-Indore,2011-02-09,21.6,28.7,15.5,0.0,0.0,0.0,54,4.45,0.263,0.29,0.327,22.9,22.4,22.71792,75.8333,ERA5,Asia/Kolkata,Open-Meteo Historical Weather API
MP-Indore,2011-02-10,22.3,30.0,15.5,0.0,0.0,0.0,51,4.53,0.262,0.29,0.327,23.2,22.6,22.71792,75.8333,ERA5,Asia/Kolkata,Open-Meteo Historical Weather API
MP-Indore,2011-02-11,23.4,30.7,17.1,0.0,0.0,0.0,47,4.79,0.263,0.291,0.329,23.8,23.1,22.71792,75.8333,ERA5,Asia/Kolkata,Open-Meteo Historical Weather API
MP-Indore,2011-02-12,23.8,31.7,17.5,0.0,0.0,0.0,45,5.17,0.261,0.291,0.329,24.2,23.4,22.71792,75.8333,ERA5,Asia/Kolkata,Open-Meteo Historical Weather API
MP-Indore,2011-02-13,24.1,31.6,16.9,0.0,0.0,0.0,45,4.96,0.261,0.29,0.329,24.5,23.7,22.71792,75.8333,ERA5,Asia/Kolkata,Open-Meteo Historical Weather API
MP-Indore,2011-02-14,23.5,30.3,19.0,0.0,0.0,0.0,43,4.43,0.262,0.293,0.331,24.9,24.1,22.71792,75.8333,ERA5,Asia/Kolkata,Open-Meteo Historical Weather API
MP-Indore,2011-02-15,22.4,28.7,17.6,0.0,0.0,0.0,51,5.05,0.264,0.297,0.335,24.0,23.8,22.71792,75.8333,ERA5,Asia/Kolkata,Open-Meteo Historical Weather API
MP-Indore,2011-02-16,20.8,25.9,16.7,0.0,0.0,0.0,59,3.64,0.264,0.297,0.335,23.0,23.2,22.71792,75.8333,ERA5,Asia/Kolkata,Open-Meteo Historical Weather API
MP-Indore,2011-02-17,19.6,24.9,14.2,0.0,0.0,0.0,54,4.35,0.264,0.3,0.338,22.2,22.5,22.71792,75.8333,ERA5,Asia/Kolkata,Open-Meteo Historical Weather API
MP-Indore,2011-02-18,19.8,26.0,14.4,0.0,0.0,0.0,54,4.18,0.265,0.301,0.339,21.9,22.2,22.71792,75.8333,ERA5,Asia/Kolkata,Open-Meteo Historical Weather API
MP-Indore,2011-02-19,20.7,26.9,14.8,0.0,0.0,0.0,47,4.59,0.265,0.302,0.34,22.3,22.2,22.71792,75.8333,ERA5,Asia/Kolkata,Open-Meteo Historical Weather API
MP-Indore,2011-02-20,20.8,25.3,16.7,0.0,0.0,0.0,47,4.34,0.265,0.301,0.34,22.5,22.6,22.71792,75.8333,ERA5,Asia/Kolkata,Open-Meteo Historical Weather API
MP-Indore,2011-02-21,19.5,25.6,13.7,0.0,0.0,0.0,54,4.58,0.265,0.303,0.342,21.9,22.2,22.71792,75.8333,ERA5,Asia/Kolkata,Open-Meteo Historical Weather API
MP-Indore,2011-02-22,20.2,27.3,13.3,0.0,0.0,0.0,49,4.69,0.264,0.303,0.343,21.9,21.9,22.71792,75.8333,ERA5,Asia/Kolkata,Open-Meteo Historical Weather API
MP-Indore,2011-02-23,21.9,29.8,14.0,0.0,0.0,0.0,46,5.1,0.263,0.302,0.341,22.5,22.0,22.71792,75.8333,ERA5,Asia/Kolkata,Open-Meteo Historical Weather API
MP-Indore,2011-02-24,22.8,29.9,16.7,0.0,0.0,0.0,41,5.26,0.261,0.301,0.341,23.7,22.9,22.71792,75.8333,ERA5,Asia/Kolkata,Open-Meteo Historical Weather API
MP-Indore,2011-02-25,21.3,28.0,14.8,0.0,0.0,0.0,41,5.28,0.26,0.302,0.342,23.3,23.1,22.71792,75.8333,ERA5,Asia/Kolkata,Open-Meteo Historical Weather API
MP-Indore,2011-02-26,21.9,28.5,13.9,0.0,0.0,0.0,43,4.67,0.259,0.302,0.342,23.1,22.8,22.71792,75.8333,ERA5,Asia/Kolkata,Open-Meteo Historical Weather API
MP-Indore,2011-02-27,21.9,29.4,14.1,0.0,0.0,0.0,44,4.95,0.259,0.3,0.342,23.1,22.9,22.71792,75.8333,ERA5,Asia/Kolkata,Open-Meteo Historical Weather API
MP-Indore,2011-02-28,22.7,29.6,16.4,0.0,0.0,0.0,48,5.08,0.259,0.301,0.342,23.8,23.3,22.71792,75.8333,ERA5,Asia/Kolkata,Open-Meteo Historical Weather API
MP-Indore,2011-03-01,24.1,31.2,18.2,0.0,0.0,0.0,47,4.97,0.261,0.304,0.344,24.5,23.8,22.71792,75.8333,ERA5,Asia/Kolkata,Open-Meteo Historical Weather API
MP-Indore,2011-03-02,24.6,32.3,17.2,0.0,0.0,0.0,45,5.49,0.26,0.306,0.346,24.8,24.0,22.71792,75.8333,ERA5,Asia/Kolkata,Open-Meteo Historical Weather API
MP-Indore,2011-03-03,25.4,33.0,17.8,0.0,0.0,0.0,44,6.01,0.255,0.3,0.342,25.8,24.6,22.71792,75.8333,ERA5,Asia/Kolkata,Open-Meteo Historical Weather API
MP-Indore,2011-03-04,25.0,32.8,18.2,0.0,0.0,0.0,42,5.97,0.253,0.298,0.341,25.8,25.1,22.71792,75.8333,ERA5,Asia/Kolkata,Open-Meteo Historical Weather API
MP-Indore,2011-03-05,24.2,32.0,16.6,0.0,0.0,0.0,41,5.77,0.252,0.297,0.34,25.7,25.0,22.71792,75.8333,ERA5,Asia/Kolkata,Open-Meteo Historical Weather API
MP-Indore,2011-03-06,24.8,32.9,16.8,0.0,0.0,0.0,42,5.48,0.251,0.295,0.339,26.3,25.2,22.71792,75.8333,ERA5,Asia/Kolkata,Open-Meteo Historical Weather API
MP-Indore,2011-03-07,25.8,34.4,17.6,0.0,0.0,0.0,39,5.94,0.25,0.291,0.336,26.9,25.6,22.71792,75.8333,ERA5,Asia/Kolkata,Open-Meteo Historical Weather API
MP-Indore,2011-03-08,26.3,35.2,17.3,0.0,0.0,0.0,34,7.09,0.25,0.289,0.334,27.0,26.0,22.71792,75.8333,ERA5,Asia/Kolkata,Open-Meteo Historical Weather API
MP-Indore,2011-03-09,24.9,31.6,17.9,0.0,0.0,0.0,35,6.56,0.251,0.289,0.333,26.6,26.1,22.71792,75.8333,ERA5,Asia/Kolkata,Open-Meteo Historical Weather API
MP-Indore,2011-03-10,23.4,30.3,16.7,0.0,0.0,0.0,37,6.13,0.255,0.291,0.335,25.5,25.5,22.71792,75.8333,ERA5,Asia/Kolkata,Open-Meteo Historical Weather API
MP-Indore,2011-03-11,23.1,29.5,17.7,0.0,0.0,0.0,33,6.72,0.259,0.294,0.337,25.1,25.2,22.71792,75.8333,ERA5,Asia/Kolkata,Open-Meteo Historical Weather API
MP-Indore,2011-03-12,22.4,29.8,15.4,0.0,0.0,0.0,35,6.23,0.263,0.298,0.34,24.5,24.6,22.71792,75.8333,ERA5,Asia/Kolkata,Open-Meteo Historical Weather API
MP-Indore,2011-03-13,24.5,32.5,15.7,0.0,0.0,0.0,33,5.93,0.263,0.298,0.34,25.0,24.4,22.71792,75.8333,ERA5,Asia/Kolkata,Open-Meteo Historical Weather API
MP-Indore,2011-03-14,26.0,34.3,17.0,0.0,0.0,0.0,33,5.82,0.261,0.295,0.338,25.5,24.9,22.71792,75.8333,ERA5,Asia/Kolkata,Open-Meteo Historical Weather API
MP-Indore,2011-03-15,26.5,34.8,17.3,0.0,0.0,0.0,32,6.95,0.259,0.293,0.336,26.6,25.5,22.71792,75.8333,ERA5,Asia/Kolkata,Open-Meteo Historical Weather API
MP-Indore,2011-03-16,26.7,35.2,18.3,0.0,0.0,0.0,31,6.04,0.258,0.29,0.334,26.8,26.1,22.71792,75.8333,ERA5,Asia/Kolkata,Open-Meteo Historical Weather API
MP-Indore,2011-03-17,27.5,37.1,17.2,0.0,0.0,0.0,28,6.9,0.257,0.285,0.329,27.3,26.2,22.71792,75.8333,ERA5,Asia/Kolkata,Open-Meteo Historical Weather API
MP-Indore,2011-03-18,29.3,37.0,21.6,0.0,0.0,0.0,26,8.14,0.256,0.281,0.325,29.0,27.4,22.71792,75.8333,ERA5,Asia/Kolkata,Open-Meteo Historical Weather API
MP-Indore,2011-03-19,28.5,36.4,21.2,0.0,0.0,0.0,26,8.47,0.256,0.279,0.323,29.0,27.8,22.71792,75.8333,ERA5,Asia/Kolkata,Open-Meteo Historical Weather API
MP-Indore,2011-03-20,27.3,34.8,21.0,0.0,0.0,0.0,29,8.01,0.255,0.279,0.323,28.5,27.6,22.71792,75.8333,ERA5,Asia/Kolkata,Open-Meteo Historical Weather API
MP-Indore,2011-03-21,27.9,35.4,20.8,0.0,0.0,0.0,31,7.16,0.253,0.28,0.321,29.0,27.5,22.71792,75.8333,ERA5,Asia/Kolkata,Open-Meteo Historical Weather API
MP-Indore,2011-03-22,27.2,34.6,20.2,0.0,0.0,0.0,27,7.46,0.25,0.279,0.32,28.7,27.7,22.71792,75.8333,ERA5,Asia/Kolkata,Open-Meteo Historical Weather API
MP-Indore,2011-03-23,27.4,34.6,20.6,0.0,0.0,0.0,27,6.73,0.246,0.277,0.317,29.1,27.8,22.71792,75.8333,ERA5,Asia/Kolkata,Open-Meteo Historical Weather API
MP-Indore,2011-03-24,27.5,34.0,20.8,0.0,0.0,0.0,28,7.0,0.245,0.276,0.316,29.5,28.3,22.71792,75.8333,ERA5,Asia/Kolkata,Open-Meteo Historical Weather API
MP-Indore,2011-03-25,27.8,34.9,20.3,0.0,0.0,0.0,28,6.36,0.245,0.276,0.315,29.8,28.5,22.71792,75.8333,ERA5,Asia/Kolkata,Open-Meteo Historical Weather API
MP-Indore,2011-03-26,28.4,35.2,21.8,0.0,0.0,0.0,22,7.25,0.248,0.276,0.314,29.8,28.6,22.71792,75.8333,ERA5,Asia/Kolkata,Open-Meteo Historical Weather API
MP-Indore,2011-03-27,29.0,36.5,21.4,0.0,0.0,0.0,21,6.11,0.251,0.275,0.313,29.5,28.5,22.71792,75.8333,ERA5,Asia/Kolkata,Open-Meteo Historical Weather API
MP-Indore,2011-03-28,28.8,36.0,20.6,0.0,0.0,0.0,20,8.29,0.252,0.274,0.31,29.9,28.7,22.71792,75.8333,ERA5,Asia/Kolkata,Open-Meteo Historical Weather API
MP-Indore,2011-03-29,29.2,36.7,21.8,0.0,0.0,0.0,20,8.88,0.248,0.272,0.305,30.1,28.9,22.71792,75.8333,ERA5,Asia/Kolkata,Open-Meteo Historical Weather API
MP-Indore,2011-03-30,29.4,35.7,22.9,0.0,0.0,0.0,25,9.01,0.248,0.272,0.304,30.7,29.4,22.71792,75.8333,ERA5,Asia/Kolkata,Open-Meteo Historical Weather API
MP-Indore,2011-03-31,28.9,35.9,23.3,0.0,0.0,0.0,22,9.04,0.247,0.272,0.303,30.6,29.5,22.71792,75.8333,ERA5,Asia/Kolkata,Open-Meteo Historical Weather API
MP-Indore,2011-04-01,28.3,34.9,21.3,0.0,0.0,0.0,27,8.02,0.247,0.272,0.303,30.3,29.2,22.71792,75.8333,ERA5,Asia/Kolkata,Open-Meteo Historical Weather API
MP-Indore,2011-04-02,28.9,35.3,22.5,0.0,0.0,0.0,31,7.5,0.245,0.272,0.301,31.0,29.5,22.71792,75.8333,ERA5,Asia/Kolkata,Open-Meteo Historical Weather API
MP-Indore,2011-04-03,28.5,34.7,21.7,0.0,0.0,0.0,25,8.48,0.248,0.273,0.302,30.7,29.9,22.71792,75.8333,ERA5,Asia/Kolkata,Open-Meteo Historical Weather API
MP-Indore,2011-04-04,27.4,34.0,21.0,0.0,0.0,0.0,25,7.35,0.249,0.274,0.303,29.9,29.5,22.71792,75.8333,ERA5,Asia/Kolkata,Open-Meteo Historical Weather API
MP-Indore,2011-04-05,27.8,34.6,21.2,0.0,0.0,0.0,22,7.68,0.248,0.274,0.302,29.8,29.0,22.71792,75.8333,ERA5,Asia/Kolkata,Open-Meteo Historical Weather API
MP-Indore,2011-04-06,28.8,35.2,21.3,0.0,0.0,0.0,24,7.44,0.249,0.275,0.303,30.2,29.3,22.71792,75.8333,ERA5,Asia/Kolkata,Open-Meteo Historical Weather API
MP-Indore,2011-04-07,29.1,35.9,22.0,0.0,0.0,0.0,30,6.32,0.252,0.279,0.306,30.6,29.7,22.71792,75.8333,ERA5,Asia/Kolkata,Open-Meteo Historical Weather API
MP-Indore,2011-04-08,28.9,35.6,21.3,0.0,0.0,0.0,39,7.62,0.253,0.283,0.31,30.8,30.0,22.71792,75.8333,ERA5,Asia/Kolkata,Open-Meteo Historical Weather API
MP-Indore,2011-04-09,29.6,36.3,21.7,0.0,0.0,0.0,26,7.13,0.25,0.282,0.31,31.5,30.2,22.71792,75.8333,ERA5,Asia/Kolkata,Open-Meteo Historical Weather API
MP-Indore,2011-04-10,30.3,37.3,22.4,0.0,0.0,0.0,27,6.84,0.249,0.281,0.308,31.8,30.4,22.71792,75.8333,ERA5,Asia/Kolkata,Open-Meteo Historical Weather API
MP-Indore,2011-04-11,31.7,37.8,25.6,0.0,0.0,0.0,26,6.59,0.244,0.278,0.305,32.8,31.0,22.71792,75.8333,ERA5,Asia/Kolkata,Open-Meteo Historical Weather API
MP-Indore,2011-04-12,31.4,37.4,25.0,0.0,0.0,0.0,27,8.33,0.242,0.276,0.302,33.1,31.8,22.71792,75.8333,ERA5,Asia/Kolkata,Open-Meteo Historical Weather API
MP-Indore,2011-04-13,31.0,36.7,25.4,0.0,0.0,0.0,29,7.99,0.243,0.277,0.303,33.3,32.0,22.71792,75.8333,ERA5,Asia/Kolkata,Open-Meteo Historical Weather API
MP-Indore,2011-04-14,30.6,37.1,23.5,0.0,0.0,0.0,29,6.71,0.246,0.279,0.305,33.1,31.8,22.71792,75.8333,ERA5,Asia/Kolkata,Open-Meteo Historical Weather API
MP-Indore,2011-04-15,30.9,37.3,23.9,0.0,0.0,0.0,31,6.71,0.248,0.282,0.307,33.0,31.8,22.71792,75.8333,ERA5,Asia/Kolkata,Open-Meteo Historical Weather API
MP-Indore,2011-04-16,32.1,38.9,24.0,0.0,0.0,0.0,28,7.05,0.247,0.281,0.306,33.8,32.1,22.71792,75.8333,ERA5,Asia/Kolkata,Open-Meteo Historical Weather API
MP-Indore,2011-04-17,32.5,38.3,26.2,0.0,0.0,0.0,32,7.6,0.241,0.278,0.303,34.1,32.7,22.71792,75.8333,ERA5,Asia/Kolkata,Open-Meteo Historical Weather API
MP-Indore,2011-04-18,31.6,36.5,25.9,0.0,0.0,0.0,34,7.68,0.237,0.277,0.304,34.2,32.8,22.71792,75.8333,ERA5,Asia/Kolkata,Open-Meteo Historical Weather API
MP-Indore,2011-04-19,31.1,37.0,24.6,0.0,0.0,0.0,22,8.65,0.239,0.278,0.304,33.5,32.5,22.71792,75.8333,ERA5,Asia/Kolkata,Open-Meteo Historical Weather API
MP-Indore,2011-04-20,30.7,36.8,23.5,0.0,0.0,0.0,19,6.94,0.24,0.279,0.304,33.2,32.3,22.71792,75.8333,ERA5,Asia/Kolkata,Open-Meteo Historical Weather API
MP-Indore,2011-04-21,30.7,37.7,23.7,0.0,0.0,0.0,24,6.67,0.24,0.278,0.302,32.8,31.9,22.71792,75.8333,ERA5,Asia/Kolkata,Open-Meteo Historical Weather API
MP-Indore,2011-04-22,29.6,35.3,23.4,0.1,0.1,1.0,32,6.34,0.245,0.28,0.304,31.8,31.4,22.71792,75.8333,ERA5,Asia/Kolkata,Open-Meteo Historical Weather API
MP-Indore,2011-04-23,30.4,36.7,24.3,0.0,0.0,0.0,28,6.35,0.248,0.281,0.306,32.4,31.3,22.71792,75.8333,ERA5,Asia/Kolkata,Open-Meteo Historical Weather API
MP-Indore,2011-04-24,31.4,38.1,24.9,0.0,0.0,0.0,23,7.47,0.251,0.286,0.31,33.0,31.9,22.71792,75.8333,ERA5,Asia/Kolkata,Open-Meteo Historical Weather API
MP-Indore,2011-04-25,31.6,39.2,23.0,0.0,0.0,0.0,20,8.22,0.252,0.287,0.31,33.1,32.0,22.71792,75.8333,ERA5,Asia/Kolkata,Open-Meteo Historical Weather API
MP-Indore,2011-04-26,32.9,40.2,24.3,0.0,0.0,0.0,19,8.55,0.249,0.285,0.309,34.1,32.4,22.71792,75.8333,ERA5,Asia/Kolkata,Open-Meteo Historical Weather API
MP-Indore,2011-04-27,33.0,40.1,25.1,0.0,0.0,0.0,19,9.08,0.246,0.283,0.306,34.3,32.8,22.71792,75.8333,ERA5,Asia/Kolkata,Open-Meteo Historical Weather API
MP-Indore,2011-04-28,33.3,39.8,25.0,0.0,0.0,0.0,23,8.1,0.243,0.28,0.304,34.8,33.1,22.71792,75.8333,ERA5,Asia/Kolkata,Open-Meteo Historical Weather API
MP-Indore,2011-04-29,34.4,39.5,27.9,0.0,0.0,0.0,22,9.23,0.244,0.279,0.302,35.8,34.0,22.71792,75.8333,ERA5,Asia/Kolkata,Open-Meteo Historical Weather API
MP-Indore,2011-04-30,34.1,39.2,28.7,0.0,0.0,0.0,25,8.88,0.244,0.279,0.301,35.8,34.4,22.71792,75.8333,ERA5,Asia/Kolkata,Open-Meteo Historical Weather API
MP-Indore,2011-05-01,34.2,39.3,28.6,0.0,0.0,0.0,24,8.61,0.245,0.28,0.302,36.1,34.4,22.71792,75.8333,ERA5,Asia/Kolkata,Open-Meteo Historical Weather API
MP-Indore,2011-05-02,33.5,39.5,28.0,0.0,0.0,0.0,26,9.78,0.246,0.279,0.301,35.7,34.7,22.71792,75.8333,ERA5,Asia/Kolkata,Open-Meteo Historical Weather API
MP-Indore,2011-05-03,31.7,37.5,25.6,0.0,0.0,0.0,26,10.08,0.245,0.278,0.299,34.5,33.9,22.71792,75.8333,ERA5,Asia/Kolkata,Open-Meteo Historical Weather API
MP-Indore,2011-05-04,31.0,37.2,25.1,0.0,0.0,0.0,38,8.94,0.244,0.276,0.296,34.2,33.4,22.71792,75.8333,ERA5,Asia/Kolkata,Open-Meteo Historical Weather API
MP-Indore,2011-05-05,31.7,38.0,25.5,0.0,0.0,0.0,38,8.92,0.24,0.274,0.294,34.7,33.4,22.71792,75.8333,ERA5,Asia/Kolkata,Open-Meteo Historical Weather API
MP-Indore,2011-05-06,31.7,37.4,25.5,0.0,0.0,0.0,35,8.88,0.239,0.272,0.291,35.0,33.6,22.71792,75.8333,ERA5,Asia/Kolkata,Open-Meteo Historical Weather API
MP-Indore,2011-05-07,31.5,37.9,24.3,0.0,0.0,0.0,31,8.74,0.24,0.272,0.291,34.7,33.6,22.71792,75.8333,ERA5,Asia/Kolkata,Open-Meteo Historical Weather API
MP-Indore,2011-05-08,32.6,38.6,26.4,0.0,0.0,0.0,36,7.92,0.239,0.271,0.291,35.3,33.9,22.71792,75.8333,ERA5,Asia/Kolkata,Open-Meteo Historical Weather API
MP-Indore,2011-05-09,33.4,40.0,27.5,0.0,0.0,0.0,29,8.72,0.239,0.271,0.287,35.4,34.1,22.71792,75.8333,ERA5,Asia/Kolkata,Open-Meteo Historical Weather API
MP-Indore,2011-05-10,32.8,39.3,25.8,0.0,0.0,0.0,27,9.99,0.237,0.27,0.284,35.3,34.1,22.71792,75.8333,ERA5,Asia/Kolkata,Open-Meteo Historical Weather API
MP-Indore,2011-05-11,32.5,39.0,25.7,0.0,0.0,0.0,32,9.73,0.237,0.269,0.283,35.3,34.1,22.71792,75.8333,ERA5,Asia/Kolkata,Open-Meteo Historical Weather API
MP-Indore,2011-05-12,33.0,39.5,26.0,0.0,0.0,0.0,33,9.6,0.238,0.269,0.284,35.5,34.2,22.71792,75.8333,ERA5,Asia/Kolkata,Open-Meteo Historical Weather API
MP-Indore,2011-05-13,33.2,39.9,25.8,0.0,0.0,0.0,37,9.06,0.238,0.269,0.284,35.9,34.4,22.71792,75.8333,ERA5,Asia/Kolkata,Open-Meteo Historical Weather API
MP-Indore,2011-05-14,33.5,40.2,25.9,0.0,0.0,0.0,35,9.53,0.24,0.269,0.286,36.1,34.7,22.71792,75.8333,ERA5,Asia/Kolkata,Open-Meteo Historical Weather API
MP-Indore,2011-05-15,34.0,40.8,26.4,0.0,0.0,0.0,32,8.91,0.239,0.269,0.286,36.7,35.1,22.71792,75.8333,ERA5,Asia/Kolkata,Open-Meteo Historical Weather API
MP-Indore,2011-05-16,33.7,40.2,27.9,1.3,1.3,1.0,34,7.52,0.247,0.269,0.29,36.7,35.5,22.71792,75.8333,ERA5,Asia/Kolkata,Open-Meteo Historical Weather API
MP-Indore,2011-05-17,34.0,41.1,28.1,0.6,0.6,1.0,33,7.8,0.27,0.27,0.292,36.1,35.3,22.71792,75.8333,ERA5,Asia/Kolkata,Open-Meteo Historical Weather API
MP-Indore,2011-05-18,34.6,41.3,28.5,0.6,0.6,1.0,33,8.71,0.282,0.27,0.292,36.1,35.0,22.71792,75.8333,ERA5,Asia/Kolkata,Open-Meteo Historical Weather API
MP-Indore,2011-05-19,34.1,40.3,28.2,0.0,0.0,0.0,35,9.79,0.276,0.27,0.29,36.2,35.0,22.71792,75.8333,ERA5,Asia/Kolkata,Open-Meteo Historical Weather API
MP-Indore,2011-05-20,32.8,39.7,26.6,0.0,0.0,0.0,46,9.52,0.264,0.269,0.289,35.7,34.7,22.71792,75.8333,ERA5,Asia/Kolkata,Open-Meteo Historical Weather API
MP-Indore,2011-05-21,31.6,37.8,26.1,0.0,0.0,0.0,54,8.47,0.257,0.269,0.289,35.0,34.2,22.71792,75.8333,ERA5,Asia/Kolkata,Open-Meteo Historical Weather API
MP-Indore,2011-05-22,31.1,36.6,27.0,0.0,0.0,0.0,53,7.39,0.255,0.268,0.292,34.2,33.7,22.71792,75.8333,ERA5,Asia/Kolkata,Open-Meteo Historical Weather API
MP-Indore,2011-05-23,31.6,37.7,25.1,0.0,0.0,0.0,50,7.98,0.257,0.269,0.296,34.4,33.5,22.71792,75.8333,ERA5,Asia/Kolkata,Open-Meteo Historical Weather API
MP-Indore,2011-05-24,32.6,38.7,26.0,0.0,0.0,0.0,49,8.33,0.255,0.27,0.298,35.2,34.0,22.71792,75.8333,ERA5,Asia/Kolkata,Open-Meteo Historical Weather API
MP-Indore,2011-05-25,32.9,39.2,26.9,0.0,0.0,0.0,43,8.25,0.251,0.27,0.298,35.9,34.5,22.71792,75.8333,ERA5,Asia/Kolkata,Open-Meteo Historical Weather API
MP-Indore,2011-05-26,32.6,38.3,26.8,0.0,0.0,0.0,43,7.49,0.257,0.271,0.305,35.6,34.7,22.71792,75.8333,ERA5,Asia/Kolkata,Open-Meteo Historical Weather API
MP-Indore,2011-05-27,33.0,39.2,27.2,0.5,0.5,1.0,41,7.72,0.261,0.271,0.31,35.8,34.9,22.71792,75.8333,ERA5,Asia/Kolkata,Open-Meteo Historical Weather API
MP-Indore,2011-05-28,33.8,40.2,27.5,0.0,0.0,0.0,37,8.74,0.261,0.272,0.312,35.8,35.0,22.71792,75.8333,ERA5,Asia/Kolkata,Open-Meteo Historical Weather API
MP-Indore,2011-05-29,34.0,39.1,27.8,0.0,0.0,0.0,36,8.76,0.254,0.272,0.31,36.0,35.0,22.71792,75.8333,ERA5,Asia/Kolkata,Open-Meteo Historical Weather API
MP-Indore,2011-05-30,34.3,39.8,28.6,0.0,0.0,0.0,37,9.24,0.248,0.271,0.306,36.4,35.1,22.71792,75.8333,ERA5,Asia/Kolkata,Open-Meteo Historical Weather API
MP-Indore,2011-05-31,33.4,38.9,27.9,0.0,0.0,0.0,40,9.48,0.244,0.27,0.302,36.2,35.0,22.71792,75.8333,ERA5,Asia/Kolkata,Open-Meteo Historical Weather API
MP-Indore,2011-06-01,32.3,38.3,26.8,0.0,0.0,0.0,47,8.14,0.245,0.271,0.301,35.6,34.7,22.71792,75.8333,ERA5,Asia/Kolkata,Open-Meteo Historical Weather API
MP-Indore,2011-06-02,32.0,37.2,26.8,0.0,0.0,0.0,45,7.3,0.253,0.271,0.303,35.6,34.7,22.71792,75.8333,ERA5,Asia/Kolkata,Open-Meteo Historical Weather API
MP-Indore,2011-06-03,30.2,35.0,27.3,0.0,0.0,0.0,48,4.54,0.265,0.275,0.314,33.1,34.2,22.71792,75.8333,ERA5,Asia/Kolkata,Open-Meteo Historical Weather API
MP-Indore,2011-06-04,31.3,36.2,26.0,0.1,0.1,1.0,51,4.52,0.267,0.274,0.312,33.6,33.3,22.71792,75.8333,ERA5,Asia/Kolkata,Open-Meteo Historical Weather API
MP-Indore,2011-06-05,33.1,39.1,28.0,0.2,0.2,1.0,46,6.29,0.272,0.272,0.307,35.2,34.0,22.71792,75.8333,ERA5,Asia/Kolkata,Open-Meteo Historical Weather API
MP-Indore,2011-06-06,33.4,39.8,27.7,0.0,0.0,0.0,48,6.33,0.276,0.271,0.305,35.8,34.6,22.71792,75.8333,ERA5,Asia/Kolkata,Open-Meteo Historical Weather API
MP-Indore,2011-06-07,32.9,40.1,28.7,3.3,3.3,1.0,49,6.79,0.275,0.271,0.306,36.2,35.2,22.71792,75.8333,ERA5,Asia/Kolkata,Open-Meteo Historical Weather API
MP-Indore,2011-06-08,31.1,38.3,26.4,4.1,4.1,4.0,60,7.01,0.295,0.273,0.311,34.7,34.7,22.71792,75.8333,ERA5,Asia/Kolkata,Open-Meteo Historical Weather API
MP-Indore,2011-06-09,31.0,36.9,25.9,1.4,1.4,2.0,57,6.68,0.318,0.273,0.312,34.3,34.1,22.71792,75.8333,ERA5,Asia/Kolkata,Open-Meteo Historical Weather API
MP-Indore,2011-06-10,30.4,35.6,25.7,0.3,0.3,2.0,59,6.47,0.313,0.274,0.311,33.7,33.9,22.71792,75.8333,ERA5,Asia/Kolkata,Open-Meteo Historical Weather API
MP-Indore,2011-06-11,30.7,35.4,26.6,0.5,0.5,1.0,61,5.99,0.302,0.275,0.313,33.6,33.6,22.71792,75.8333,ERA5,Asia/Kolkata,Open-Meteo Historical Weather API
MP-Indore,2011-06-12,31.5,37.2,26.0,0.1,0.1,1.0,52,7.64,0.289,0.275,0.312,34.3,33.6,22.71792,75.8333,ERA5,Asia/Kolkata,Open-Meteo Historical Weather API
MP-Indore,2011-06-13,30.9,36.9,25.1,0.3,0.3,1.0,55,7.24,0.278,0.275,0.31,34.1,33.8,22.71792,75.8333,ERA5,Asia/Kolkata,Open-Meteo Historical Weather API
MP-Indore,2011-06-14,30.7,37.8,26.2,0.3,0.3,1.0,57,7.64,0.271,0.275,0.309,33.9,33.7,22.71792,75.8333,ERA5,Asia/Kolkata,Open-Meteo Historical Weather API
MP-Indore,2011-06-15,28.3,34.7,24.7,0.2,0.2,2.0,66,6.48,0.275,0.28,0.316,32.0,33.0,22.71792,75.8333,ERA5,Asia/Kolkata,Open-Meteo Historical Weather API
MP-Indore,2011-06-16,29.0,33.8,25.1,0.3,0.3,1.0,66,6.22,0.277,0.282,0.318,31.9,32.2,22.71792,75.8333,ERA5,Asia/Kolkata,Open-Meteo Historical Weather API
MP-Indore,2011-06-17,30.3,35.5,25.3,0.7,0.7,2.0,62,7.1,0.274,0.279,0.315,32.8,32.1,22.71792,75.8333,ERA5,Asia/Kolkata,Open-Meteo Historical Weather API
MP-Indore,2011-06-18,29.3,34.7,25.5,0.5,0.5,1.0,63,6.75,0.277,0.279,0.315,32.2,32.1,22.71792,75.8333,ERA5,Asia/Kolkata,Open-Meteo Historical Weather API
MP-Indore,2011-06-19,28.4,32.8,25.9,0.0,0.0,0.0,67,4.6,0.274,0.279,0.313,30.9,31.5,22.71792,75.8333,ERA5,Asia/Kolkata,Open-Meteo Historical Weather API
MP-Indore,2011-06-20,29.6,35.8,24.9,0.6,0.6,2.0,62,6.9,0.272,0.278,0.312,31.6,31.1,22.71792,75.8333,ERA5,Asia/Kolkata,Open-Meteo Historical Weather API
MP-Indore,2011-06-21,29.4,34.6,25.4,1.0,1.0,2.0,61,6.14,0.289,0.28,0.314,31.6,31.4,22.71792,75.8333,ERA5,Asia/Kolkata,Open-Meteo Historical Weather API
MP-Indore,2011-06-22,27.2,29.8,24.9,4.9,4.9,15.0,73,3.98,0.331,0.283,0.317,29.8,30.7,22.71792,75.8333,ERA5,Asia/Kolkata,Open-Meteo Historical Weather API
MP-Indore,2011-06-23,25.3,27.4,23.7,16.1,16.1,24.0,85,2.67,0.435,0.299,0.318,27.3,28.9,22.71792,75.8333,ERA5,Asia/Kolkata,Open-Meteo Historical Weather API
MP-Indore,2011-06-24,24.2,25.0,23.5,48.5,48.5,22.0,93,0.94,0.483,0.381,0.32,25.9,27.4,22.71792,75.8333,ERA5,Asia/Kolkata,Open-Meteo Historical Weather API
MP-Indore,2011-06-25,26.3,29.2,24.0,1.6,1.6,6.0,77,3.96,0.48,0.471,0.329,27.0,27.1,22.71792,75.8333,ERA5,Asia/Kolkata,Open-Meteo Historical Weather API
MP-Indore,2011-06-26,26.0,27.7,23.7,12.3,12.3,18.0,82,2.25,0.498,0.477,0.332,26.3,27.1,22.71792,75.8333,ERA5,Asia/Kolkata,Open-Meteo Historical Weather API
MP-Indore,2011-06-27,27.3,30.0,25.2,0.6,0.6,1.0,74,4.15,0.476,0.476,0.337,27.7,27.3,22.71792,75.8333,ERA5,Asia/Kolkata,Open-Meteo Historical Weather API
MP-Indore,2011-06-28,25.1,26.8,24.0,31.3,31.3,21.0,87,2.57,0.494,0.476,0.341,26.9,27.5,22.71792,75.8333,ERA5,Asia/Kolkata,Open-Meteo Historical Weather API
MP-Indore,2011-06-29,25.5,27.3,23.8,13.6,13.6,18.0,87,1.87,0.504,0.504,0.366,26.0,26.7,22.71792,75.8333,ERA5,Asia/Kolkata,Open-Meteo Historical Weather API
MP-Indore,2011-06-30,27.3,30.9,24.1,0.3,0.3,3.0,74,4.29,0.48,0.482,0.374,27.3,26.8,22.71792,75.8333,ERA5,Asia/Kolkata,Open-Meteo Historical Weather API
MP-Indore,2011-07-01,27.8,31.5,23.9,0.2,0.2,1.0,71,4.85,0.459,0.466,0.375,28.0,27.4,22.71792,75.8333,ERA5,Asia/Kolkata,Open-Meteo Historical Weather API
MP-Indore,2011-07-02,27.4,31.7,23.9,0.8,0.8,4.0,73,4.8,0.443,0.452,0.372,28.1,27.7,22.71792,75.8333,ERA5,Asia/Kolkata,Open-Meteo Historical Weather API
MP-Indore,2011-07-03,27.2,30.6,23.6,0.9,0.9,5.0,73,4.71,0.428,0.439,0.37,28.2,27.8,22.71792,75.8333,ERA5,Asia/Kolkata,Open-Meteo Historical Weather API
MP-Indore,2011-07-04,27.7,31.9,23.9,0.3,0.3,2.0,71,5.02,0.41,0.426,0.367,28.6,27.9,22.71792,75.8333,ERA5,Asia/Kolkata,Open-Meteo Historical Weather API
MP-Indore,2011-07-05,26.5,30.1,24.1,1.1,1.1,4.0,78,3.39,0.399,0.417,0.367,28.0,28.0,22.71792,75.8333,ERA5,Asia/Kolkata,Open-Meteo Historical Weather API
MP-Indore,2011-07-06,25.7,29.3,23.0,23.8,23.8,20.0,87,2.66,0.487,0.446,0.367,27.1,27.5,22.71792,75.8333,ERA5,Asia/Kolkata,Open-Meteo Historical Weather API
MP-Indore,2011-07-07,26.4,29.7,24.1,11.7,11.7,14.0,86,2.68,0.5,0.491,0.374,27.7,27.3,22.71792,75.8333,ERA5,Asia/Kolkata,Open-Meteo Historical Weather API
MP-Indore,2011-07-08,25.1,28.5,23.5,22.1,22.1,20.0,92,1.87,0.508,0.506,0.388,26.8,27.0,22.71792,75.8333,ERA5,Asia/Kolkata,Open-Meteo Historical Weather API
MP-Indore,2011-07-09,23.9,26.5,23.0,10.4,10.4,22.0,94,1.48,0.508,0.506,0.408,25.5,26.2,22.71792,75.8333,ERA5,Asia/Kolkata,Open-Meteo Historical Weather API
MP-Indore,2011-07-10,24.0,26.6,22.0,11.7,11.7,23.0,90,1.81,0.506,0.502,0.418,24.8,25.4,22.71792,75.8333,ERA5,Asia/Kolkata,Open-Meteo Historical Weather API
MP-Indore,2011-07-11,24.3,26.6,22.6,4.5,4.5,11.0,91,1.59,0.504,0.502,0.429,24.8,25.1,22.71792,75.8333,ERA5,Asia/Kolkata,Open-Meteo Historical Weather API
MP-Indore,2011-07-12,25.9,29.2,23.4,8.2,8.2,11.0,87,2.93,0.5,0.497,0.436,26.2,25.5,22.71792,75.8333,ERA5,Asia/Kolkata,Open-Meteo Historical Weather API
MP-Indore,2011-07-13,26.1,29.4,24.0,7.0,7.0,19.0,88,2.38,0.503,0.498,0.441,26.3,26.0,22.71792,75.8333,ERA5,Asia/Kolkata,Open-Meteo Historical Weather API
MP-Indore,2011-07-14,26.0,29.8,24.1,8.0,8.0,10.0,89,2.28,0.5,0.5,0.447,26.7,26.2,22.71792,75.8333,ERA5,Asia/Kolkata,Open-Meteo Historical Weather API
MP-Indore,2011-07-15,26.0,29.3,24.5,7.9,7.9,6.0,90,2.53,0.5,0.503,0.453,26.9,26.4,22.71792,75.8333,ERA5,Asia/Kolkata,Open-Meteo Historical Weather API
MP-Indore,2011-07-16,25.9,29.0,23.8,11.4,11.4,20.0,87,2.26,0.502,0.502,0.459,26.3,26.3,22.71792,75.8333,ERA5,Asia/Kolkata,Open-Meteo Historical Weather API
MP-Indore,2011-07-17,25.4,27.8,24.2,17.0,17.0,16.0,90,1.7,0.506,0.511,0.475,26.3,26.2,22.71792,75.8333,ERA5,Asia/Kolkata,Open-Meteo Historical Weather API
MP-Indore,2011-07-18,25.7,28.2,24.0,20.5,20.5,17.0,91,2.05,0.5,0.508,0.488,26.3,26.1,22.71792,75.8333,ERA5,Asia/Kolkata,Open-Meteo Historical Weather API
MP-Indore,2011-07-19,24.6,26.3,23.2,7.4,7.4,17.0,94,1.34,0.502,0.509,0.496,25.6,26.0,22.71792,75.8333,ERA5,Asia/Kolkata,Open-Meteo Historical Weather API
MP-Indore,2011-07-20,25.6,27.9,24.0,0.4,0.4,4.0,85,2.63,0.49,0.5,0.497,25.9,25.7,22.71792,75.8333,ERA5,Asia/Kolkata,Open-Meteo Historical Weather API
MP-Indore,2011-07-21,25.5,27.4,24.4,0.1,0.1,1.0,84,2.38,0.478,0.488,0.495,26.0,25.9,22.71792,75.8333,ERA5,Asia/Kolkata,Open-Meteo Historical Weather API
MP-Indore,2011-07-22,25.0,26.4,23.9,1.3,1.3,4.0,85,1.94,0.475,0.481,0.492,25.4,25.6,22.71792,75.8333,ERA5,Asia/Kolkata,Open-Meteo Historical Weather API
MP-Indore,2011-07-23,23.2,23.9,22.5,24.3,24.3,24.0,94,0.87,0.508,0.506,0.495,24.1,24.9,22.71792,75.8333,ERA5,Asia/Kolkata,Open-Meteo Historical Weather API
MP-Indore,2011-07-24,22.4,23.6,21.2,38.0,38.0,20.0,93,0.99,0.503,0.51,0.515,23.1,23.9,22.71792,75.8333,ERA5,Asia/Kolkata,Open-Meteo Historical Weather API
MP-Indore,2011-07-25,25.2,27.7,23.2,2.2,2.2,9.0,92,1.92,0.498,0.495,0.511,25.1,24.3,22.71792,75.8333,ERA5,Asia/Kolkata,Open-Meteo Historical Weather API
MP-Indore,2011-07-26,26.9,30.5,23.2,8.2,8.2,6.0,86,3.64,0.49,0.491,0.507,27.2,25.7,22.71792,75.8333,ERA5,Asia/Kolkata,Open-Meteo Historical Weather API
MP-Indore,2011-07-27,27.4,31.3,24.4,9.5,9.5,16.0,83,3.66,0.502,0.504,0.504,27.9,26.6,22.71792,75.8333,ERA5,Asia/Kolkata,Open-Meteo Historical Weather API
MP-Indore,2011-07-28,26.4,29.5,24.4,3.7,3.7,10.0,86,3.36,0.501,0.504,0.502,27.4,26.8,22.71792,75.8333,ERA5,Asia/Kolkata,Open-Meteo Historical Weather API
MP-Indore,2011-07-29,25.9,29.0,24.2,2.8,2.8,7.0,88,2.14,0.499,0.504,0.501,26.5,26.4,22.71792,75.8333,ERA5,Asia/Kolkata,Open-Meteo Historical Weather API
MP-Indore,2011-07-30,25.9,28.2,24.1,8.7,8.7,18.0,90,2.44,0.503,0.506,0.5,26.6,26.2,22.71792,75.8333,ERA5,Asia/Kolkata,Open-Meteo Historical Weather API
MP-Indore,2011-07-31,25.9,28.3,24.0,6.2,6.2,7.0,87,2.76,0.496,0.506,0.501,26.6,26.2,22.71792,75.8333,ERA5,Asia/Kolkata,Open-Meteo Historical Weather API
MP-Indore,2011-08-01,25.4,28.8,23.3,4.6,4.6,17.0,88,2.23,0.499,0.503,0.502,25.9,26.0,22.71792,75.8333,ERA5,Asia/Kolkata,Open-Meteo Historical Weather API
MP-Indore,2011-08-02,26.2,29.2,24.0,5.1,5.1,7.0,88,2.57,0.496,0.498,0.5,26.5,26.0,22.71792,75.8333,ERA5,Asia/Kolkata,Open-Meteo Historical Weather API
MP-Indore,2011-08-03,25.7,29.3,23.6,11.5,11.5,13.0,89,2.49,0.498,0.502,0.499,26.5,26.2,22.71792,75.8333,ERA5,Asia/Kolkata,Open-Meteo Historical Weather API
MP-Indore,2011-08-04,24.6,27.3,23.0,18.9,18.9,23.0,92,1.86,0.506,0.512,0.508,25.5,25.9,22.71792,75.8333,ERA5,Asia/Kolkata,Open-Meteo Historical Weather API
MP-Indore,2011-08-05,25.3,27.8,23.2,1.4,1.4,7.0,89,2.19,0.499,0.505,0.509,25.7,25.6,22.71792,75.8333,ERA5,Asia/Kolkata,Open-Meteo Historical Weather API
MP-Indore,2011-08-06,25.5,27.5,23.7,5.0,5.0,17.0,86,2.57,0.5,0.498,0.506,25.9,25.7,22.71792,75.8333,ERA5,Asia/Kolkata,Open-Meteo Historical Weather API
MP-Indore,2011-08-07,24.9,27.2,23.8,6.7,6.7,18.0,90,1.68,0.504,0.501,0.504,25.4,25.5,22.71792,75.8333,ERA5,Asia/Kolkata,Open-Meteo Historical Weather API
MP-Indore,2011-08-08,23.5,24.6,22.8,47.5,47.5,24.0,97,0.77,0.508,0.51,0.512,24.6,25.0,22.71792,75.8333,ERA5,Asia/Kolkata,Open-Meteo Historical Weather API
MP-Indore,2011-08-09,23.4,24.5,22.8,67.3,67.3,23.0,97,0.65,0.513,0.508,0.519,24.0,24.5,22.71792,75.8333,ERA5,Asia/Kolkata,Open-Meteo Historical Weather API
MP-Indore,2011-08-10,24.1,25.6,22.7,2.1,2.1,11.0,92,1.68,0.493,0.489,0.514,24.5,24.4,22.71792,75.8333,ERA5,Asia/Kolkata,Open-Meteo Historical Weather API
MP-Indore,2011-08-11,24.2,26.1,23.0,1.4,1.4,6.0,90,1.3,0.484,0.478,0.509,24.4,24.5,22.71792,75.8333,ERA5,Asia/Kolkata,Open-Meteo Historical Weather API
MP-Indore,2011-08-12,23.3,24.7,22.4,4.5,4.5,16.0,94,1.13,0.486,0.475,0.505,24.0,24.4,22.71792,75.8333,ERA5,Asia/Kolkata,Open-Meteo Historical Weather API
MP-Indore,2011-08-13,24.0,25.8,22.5,13.3,13.3,21.0,93,1.3,0.509,0.503,0.504,24.2,24.2,22.71792,75.8333,ERA5,Asia/Kolkata,Open-Meteo Historical Weather API
MP-Indore,2011-08-14,25.0,27.1,23.2,11.2,11.2,16.0,92,2.03,0.5,0.511,0.508,25.2,24.6,22.71792,75.8333,ERA5,Asia/Kolkata,Open-Meteo Historical Weather API
MP-Indore,2011-08-15,25.4,28.6,23.2,1.7,1.7,7.0,86,3.25,0.49,0.497,0.508,25.6,25.1,22.71792,75.8333,ERA5,Asia/Kolkata,Open-Meteo Historical Weather API
MP-Indore,2011-08-16,25.0,28.0,23.1,2.7,2.7,8.0,87,2.96,0.486,0.484,0.505,25.6,25.4,22.71792,75.8333,ERA5,Asia/Kolkata,Open-Meteo Historical Weather API
MP-Indore,2011-08-17,25.5,28.3,23.5,7.5,7.5,4.0,86,2.9,0.49,0.487,0.503,25.9,25.4,22.71792,75.8333,ERA5,Asia/Kolkata,Open-Meteo Historical Weather API
MP-Indore,2011-08-18,24.9,27.6,23.0,11.5,11.5,14.0,89,2.14,0.499,0.499,0.502,25.3,25.3,22.71792,75.8333,ERA5,Asia/Kolkata,Open-Meteo Historical Weather API
MP-Indore,2011-08-19,25.5,28.8,23.5,4.9,4.9,8.0,86,2.91,0.493,0.497,0.502,26.1,25.3,22.71792,75.8333,ERA5,Asia/Kolkata,Open-Meteo Historical Weather API
MP-Indore,2011-08-20,24.9,28.1,23.2,16.0,16.0,17.0,90,1.67,0.504,0.509,0.507,25.6,25.3,22.71792,75.8333,ERA5,Asia/Kolkata,Open-Meteo Historical Weather API
MP-Indore,2011-08-21,25.5,29.1,23.0,9.5,9.5,14.0,88,2.53,0.5,0.506,0.509,26.2,25.4,22.71792,75.8333,ERA5,Asia/Kolkata,Open-Meteo Historical Weather API
MP-Indore,2011-08-22,26.3,29.7,23.7,2.0,2.0,9.0,85,3.49,0.486,0.49,0.508,26.9,25.9,22.71792,75.8333,ERA5,Asia/Kolkata,Open-Meteo Historical Weather API
MP-Indore,2011-08-23,26.2,29.2,24.2,7.4,7.4,5.0,87,2.68,0.484,0.484,0.505,26.8,26.2,22.71792,75.8333,ERA5,Asia/Kolkata,Open-Meteo Historical Weather API
MP-Indore,2011-08-24,25.3,28.4,23.8,14.4,14.4,16.0,91,2.17,0.498,0.499,0.503,26.2,26.0,22.71792,75.8333,ERA5,Asia/Kolkata,Open-Meteo Historical Weather API
MP-Indore,2011-08-25,24.8,27.8,23.3,27.3,27.3,24.0,92,1.96,0.508,0.511,0.51,25.8,25.6,22.71792,75.8333,ERA5,Asia/Kolkata,Open-Meteo Historical Weather API
MP-Indore,2011-08-26,24.0,25.8,22.8,18.7,18.7,24.0,95,1.23,0.51,0.507,0.517,25.1,25.3,22.71792,75.8333,ERA5,Asia/Kolkata,Open-Meteo Historical Weather API
MP-Indore,2011-08-27,24.8,28.4,22.9,9.4,9.4,17.0,90,2.08,0.503,0.497,0.498,25.5,25.0,22.71792,75.8333,ERA5,Asia/Kolkata,Open-Meteo Historical Weather API
MP-Indore,2011-08-28,25.1,29.5,23.3,26.9,26.9,13.0,92,2.16,0.502,0.502,0.493,26.1,25.4,22.71792,75.8333,ERA5,Asia/Kolkata,Open-Meteo Historical Weather API
MP-Indore,2011-08-29,25.1,28.8,23.0,28.9,28.9,19.0,91,1.9,0.502,0.505,0.497,25.7,25.4,22.71792,75.8333,ERA5,Asia/Kolkata,Open-Meteo Historical Weather API
MP-Indore,2011-08-30,26.0,29.3,23.6,9.0,9.0,7.0,89,3.05,0.495,0.499,0.482,26.7,25.7,22.71792,75.8333,ERA5,Asia/Kolkata,Open-Meteo Historical Weather API
MP-Indore,2011-08-31,25.9,29.2,23.7,10.1,10.1,9.0,89,2.47,0.503,0.505,0.478,26.8,26.0,22.71792,75.8333,ERA5,Asia/Kolkata,Open-Meteo Historical Weather API
MP-Indore,2011-09-01,25.7,29.1,23.4,17.8,17.8,18.0,88,2.24,0.504,0.511,0.482,26.5,26.1,22.71792,75.8333,ERA5,Asia/Kolkata,Open-Meteo Historical Weather API
MP-Indore,2011-09-02,25.1,27.6,23.2,18.2,18.2,20.0,90,1.79,0.508,0.51,0.494,26.0,25.8,22.71792,75.8333,ERA5,Asia/Kolkata,Open-Meteo Historical Weather API
MP-Indore,2011-09-03,25.3,28.2,23.2,4.0,4.0,14.0,91,2.27,0.503,0.504,0.493,25.9,25.5,22.71792,75.8333,ERA5,Asia/Kolkata,Open-Meteo Historical Weather API
MP-Indore,2011-09-04,25.0,27.0,23.6,8.4,8.4,17.0,94,1.71,0.504,0.507,0.489,25.8,25.5,22.71792,75.8333,ERA5,Asia/Kolkata,Open-Meteo Historical Weather API
MP-Indore,2011-09-05,25.3,28.2,23.7,0.1,0.1,1.0,89,2.06,0.49,0.5,0.486,25.8,25.4,22.71792,75.8333,ERA5,Asia/Kolkata,Open-Meteo Historical Weather API
MP-Indore,2011-09-06,25.7,28.9,23.5,1.5,1.5,6.0,84,3.14,0.479,0.489,0.48,26.0,25.6,22.71792,75.8333,ERA5,Asia/Kolkata,Open-Meteo Historical Weather API
MP-Indore,2011-09-07,25.3,27.9,23.5,0.1,0.1,1.0,84,3.16,0.473,0.481,0.473,25.8,25.6,22.71792,75.8333,ERA5,Asia/Kolkata,Open-Meteo Historical Weather API
MP-Indore,2011-09-08,25.0,27.8,22.9,0.6,0.6,4.0,85,2.69,0.466,0.473,0.466,25.4,25.4,22.71792,75.8333,ERA5,Asia/Kolkata,Open-Meteo Historical Weather API
MP-Indore,2011-09-09,24.9,27.7,22.6,1.2,1.2,6.0,84,3.15,0.462,0.467,0.46,25.4,25.3,22.71792,75.8333,ERA5,Asia/Kolkata,Open-Meteo Historical Weather API
MP-Indore,2011-09-10,24.1,25.7,22.8,6.7,6.7,12.0,90,1.4,0.472,0.465,0.455,24.7,25.0,22.71792,75.8333,ERA5,Asia/Kolkata,Open-Meteo Historical Weather API
MP-Indore,2011-09-11,23.2,24.0,22.4,38.2,38.2,24.0,94,0.68,0.509,0.51,0.471,23.9,24.3,22.71792,75.8333,ERA5,Asia/Kolkata,Open-Meteo Historical Weather API
MP-Indore,2011-09-12,24.7,27.8,22.1,5.2,5.2,12.0,89,2.72,0.5,0.505,0.488,24.8,24.2,22.71792,75.8333,ERA5,Asia/Kolkata,Open-Meteo Historical Weather API
MP-Indore,2011-09-13,25.9,29.6,22.4,0.0,0.0,0.0,82,3.69,0.48,0.493,0.486,26.3,25.1,22.71792,75.8333,ERA5,Asia/Kolkata,Open-Meteo Historical Weather API
MP-Indore,2011-09-14,25.9,29.7,22.7,0.7,0.7,4.0,83,3.69,0.469,0.481,0.481,26.5,25.7,22.71792,75.8333,ERA5,Asia/Kolkata,Open-Meteo Historical Weather API
MP-Indore,2011-09-15,26.3,30.3,23.8,3.4,3.4,6.0,85,3.66,0.47,0.473,0.476,27.1,26.2,22.71792,75.8333,ERA5,Asia/Kolkata,Open-Meteo Historical Weather API
MP-Indore,2011-09-16,25.5,28.4,23.6,10.5,10.5,8.0,87,2.33,0.488,0.476,0.471,26.2,26.0,22.71792,75.8333,ERA5,Asia/Kolkata,Open-Meteo Historical Weather API
MP-Indore,2011-09-17,25.6,29.8,22.4,0.0,0.0,0.0,80,3.65,0.479,0.483,0.468,26.0,25.6,22.71792,75.8333,ERA5,Asia/Kolkata,Open-Meteo Historical Weather API
MP-Indore,2011-09-18,24.9,28.1,22.9,0.4,0.4,3.0,83,3.5,0.463,0.473,0.464,25.9,25.6,22.71792,75.8333,ERA5,Asia/Kolkata,Open-Meteo Historical Weather API
MP-Indore,2011-09-19,24.6,27.4,21.6,1.3,1.3,7.0,84,3.39,0.456,0.465,0.46,25.5,25.3,22.71792,75.8333,ERA5,Asia/Kolkata,Open-Meteo Historical Weather API
MP-Indore,2011-09-20,25.0,29.4,21.3,0.0,0.0,0.0,79,4.24,0.446,0.458,0.456,25.8,25.3,22.71792,75.8333,ERA5,Asia/Kolkata,Open-Meteo Historical Weather API
MP-Indore,2011-09-21,25.3,29.1,22.2,0.2,0.2,2.0,80,3.95,0.432,0.449,0.452,25.9,25.4,22.71792,75.8333,ERA5,Asia/Kolkata,Open-Meteo Historical Weather API
MP-Indore,2011-09-22,24.9,28.8,21.2,0.6,0.6,4.0,78,4.03,0.424,0.44,0.448,25.8,25.3,22.71792,75.8333,ERA5,Asia/Kolkata,Open-Meteo Historical Weather API
MP-Indore,2011-09-23,25.1,29.6,21.7,0.5,0.5,3.0,79,4.1,0.418,0.432,0.444,26.0,25.4,22.71792,75.8333,ERA5,Asia/Kolkata,Open-Meteo Historical Weather API
MP-Indore,2011-09-24,25.6,30.2,22.2,0.7,0.7,3.0,77,4.37,0.411,0.422,0.439,26.3,25.6,22.71792,75.8333,ERA5,Asia/Kolkata,Open-Meteo Historical Weather API
MP-Indore,2011-09-25,25.7,30.5,21.9,0.5,0.5,1.0,78,4.12,0.4,0.412,0.433,26.3,25.6,22.71792,75.8333,ERA5,Asia/Kolkata,Open-Meteo Historical Weather API
MP-Indore,2011-09-26,25.6,30.3,22.4,0.9,0.9,3.0,80,3.76,0.391,0.404,0.427,26.4,25.7,22.71792,75.8333,ERA5,Asia/Kolkata,Open-Meteo Historical Weather API
MP-Indore,2011-09-27,25.5,29.7,21.9,0.4,0.4,1.0,78,3.99,0.383,0.396,0.422,26.4,25.7,22.71792,75.8333,ERA5,Asia/Kolkata,Open-Meteo Historical Weather API
MP-Indore,2011-09-28,25.7,31.2,21.6,0.3,0.3,2.0,77,4.49,0.371,0.387,0.417,26.8,25.8,22.71792,75.8333,ERA5,Asia/Kolkata,Open-Meteo Historical Weather API
MP-Indore,2011-09-29,26.1,30.8,21.6,0.2,0.2,1.0,74,4.58,0.36,0.376,0.41,27.0,26.1,22.71792,75.8333,ERA5,Asia/Kolkata,Open-Meteo Historical Weather API
MP-Indore,2011-09-30,26.3,31.9,21.5,0.0,0.0,0.0,70,4.51,0.344,0.365,0.403,27.1,26.3,22.71792,75.8333,ERA5,Asia/Kolkata,Open-Meteo Historical Weather API
MP-Indore,2011-10-01,26.6,31.8,21.4,0.0,0.0,0.0,65,4.72,0.329,0.352,0.395,27.0,26.2,22.71792,75.8333,ERA5,Asia/Kolkata,Open-Meteo Historical Weather API
MP-Indore,2011-10-02,26.3,31.8,21.4,0.0,0.0,0.0,62,4.98,0.311,0.34,0.386,26.9,26.2,22.71792,75.8333,ERA5,Asia/Kolkata,Open-Meteo Historical Weather API
MP-Indore,2011-10-03,25.9,31.4,20.0,0.0,0.0,0.0,61,4.92,0.296,0.327,0.378,26.7,26.1,22.71792,75.8333,ERA5,Asia/Kolkata,Open-Meteo Historical Weather API
MP-Indore,2011-10-04,25.5,31.2,19.6,0.0,0.0,0.0,64,4.99,0.281,0.314,0.369,26.9,26.2,22.71792,75.8333,ERA5,Asia/Kolkata,Open-Meteo Historical Weather API
MP-Indore,2011-10-05,26.3,32.3,20.0,0.0,0.0,0.0,59,4.95,0.271,0.303,0.36,27.5,26.5,22.71792,75.8333,ERA5,Asia/Kolkata,Open-Meteo Historical Weather API
MP-Indore,2011-10-06,27.1,33.0,21.0,0.0,0.0,0.0,53,4.85,0.268,0.297,0.355,28.0,27.1,22.71792,75.8333,ERA5,Asia/Kolkata,Open-Meteo Historical Weather API
MP-Indore,2011-10-07,27.1,32.6,21.9,0.0,0.0,0.0,52,4.74,0.263,0.294,0.35,28.1,27.4,22.71792,75.8333,ERA5,Asia/Kolkata,Open-Meteo Historical Weather API
MP-Indore,2011-10-08,27.5,33.6,22.2,0.0,0.0,0.0,50,5.0,0.262,0.289,0.346,28.3,27.6,22.71792,75.8333,ERA5,Asia/Kolkata,Open-Meteo Historical Weather API
MP-Indore,2011-10-09,28.0,34.1,22.7,0.0,0.0,0.0,46,5.39,0.26,0.287,0.344,28.6,27.8,22.71792,75.8333,ERA5,Asia/Kolkata,Open-Meteo Historical Weather API
MP-Indore,2011-10-10,28.2,34.1,23.3,0.0,0.0,0.0,44,5.26,0.259,0.286,0.342,28.8,27.9,22.71792,75.8333,ERA5,Asia/Kolkata,Open-Meteo Historical Weather API
MP-Indore,2011-10-11,27.8,33.7,22.8,0.0,0.0,0.0,47,4.82,0.258,0.28,0.337,28.7,28.1,22.71792,75.8333,ERA5,Asia/Kolkata,Open-Meteo Historical Weather API
MP-Indore,2011-10-12,27.6,33.8,21.4,0.0,0.0,0.0,43,4.99,0.257,0.278,0.335,28.7,28.1,22.71792,75.8333,ERA5,Asia/Kolkata,Open-Meteo Historical Weather API
MP-Indore,2011-10-13,28.1,34.7,21.7,0.0,0.0,0.0,42,5.32,0.257,0.275,0.329,28.9,28.4,22.71792,75.8333,ERA5,Asia/Kolkata,Open-Meteo Historical Weather API
MP-Indore,2011-10-14,28.5,34.8,22.4,0.0,0.0,0.0,43,5.32,0.251,0.27,0.319,29.6,28.8,22.71792,75.8333,ERA5,Asia/Kolkata,Open-Meteo Historical Weather API
MP-Indore,2011-10-15,28.5,34.8,22.5,0.4,0.4,2.0,50,4.72,0.253,0.269,0.315,30.1,29.4,22.71792,75.8333,ERA5,Asia/Kolkata,Open-Meteo Historical Weather API
MP-Indore,2011-10-16,28.2,34.5,23.3,0.9,0.9,1.0,53,4.08,0.26,0.27,0.316,30.1,29.8,22.71792,75.8333,ERA5,Asia/Kolkata,Open-Meteo Historical Weather API
MP-Indore,2011-10-17,27.8,33.9,21.9,0.0,0.0,0.0,51,4.53,0.26,0.271,0.318,29.6,29.5,22.71792,75.8333,ERA5,Asia/Kolkata,Open-Meteo Historical Weather API
MP-Indore,2011-10-18,27.7,34.6,21.3,0.0,0.0,0.0,47,4.66,0.259,0.272,0.321,29.4,29.3,22.71792,75.8333,ERA5,Asia/Kolkata,Open-Meteo Historical Weather API
MP-Indore,2011-10-19,26.8,33.8,20.6,0.0,0.0,0.0,33,5.63,0.261,0.274,0.322,28.6,29.1,22.71792,75.8333,ERA5,Asia/Kolkata,Open-Meteo Historical Weather API
MP-Indore,2011-10-20,25.5,33.0,18.4,0.0,0.0,0.0,34,5.09,0.264,0.274,0.321,27.1,28.1,22.71792,75.8333,ERA5,Asia/Kolkata,Open-Meteo Historical Weather API
MP-Indore,2011-10-21,25.9,33.4,18.3,0.0,0.0,0.0,37,5.43,0.264,0.274,0.318,27.4,27.8,22.71792,75.8333,ERA5,Asia/Kolkata,Open-Meteo Historical Weather API
MP-Indore,2011-10-22,25.6,32.9,19.5,0.0,0.0,0.0,36,5.94,0.268,0.277,0.318,27.0,27.6,22.71792,75.8333,ERA5,Asia/Kolkata,Open-Meteo Historical Weather API
MP-Indore,2011-10-23,25.2,32.7,17.3,0.0,0.0,0.0,42,5.05,0.267,0.275,0.316,26.6,27.2,22.71792,75.8333,ERA5,Asia/Kolkata,Open-Meteo Historical Weather API
MP-Indore,2011-10-24,25.8,33.3,18.2,0.0,0.0,0.0,44,5.08,0.265,0.274,0.313,26.8,27.1,22.71792,75.8333,ERA5,Asia/Kolkata,Open-Meteo Historical Weather API
MP-Indore,2011-10-25,25.6,32.3,19.6,0.0,0.0,0.0,47,3.99,0.267,0.273,0.312,26.6,27.2,22.71792,75.8333,ERA5,Asia/Kolkata,Open-Meteo Historical Weather API
MP-Indore,2011-10-26,25.8,32.3,19.5,0.0,0.0,0.0,46,4.94,0.268,0.276,0.316,26.9,27.1,22.71792,75.8333,ERA5,Asia/Kolkata,Open-Meteo Historical Weather API
MP-Indore,2011-10-27,25.3,32.1,18.5,0.0,0.0,0.0,43,5.08,0.267,0.276,0.316,26.4,26.9,22.71792,75.8333,ERA5,Asia/Kolkata,Open-Meteo Historical Weather API
MP-Indore,2011-10-28,24.6,31.8,17.2,0.0,0.0,0.0,44,5.12,0.269,0.276,0.317,26.0,26.5,22.71792,75.8333,ERA5,Asia/Kolkata,Open-Meteo Historical Weather API
MP-Indore,2011-10-29,24.5,31.3,17.6,0.0,0.0,0.0,44,5.08,0.268,0.276,0.317,25.9,26.3,22.71792,75.8333,ERA5,Asia/Kolkata,Open-Meteo Historical Weather API
MP-Indore,2011-10-30,24.2,31.3,16.4,0.0,0.0,0.0,46,4.35,0.271,0.276,0.317,25.9,26.2,22.71792,75.8333,ERA5,Asia/Kolkata,Open-Meteo Historical Weather API
MP-Indore,2011-10-31,24.2,31.1,16.8,0.0,0.0,0.0,48,4.63,0.271,0.277,0.319,25.6,26.1,22.71792,75.8333,ERA5,Asia/Kolkata,Open-Meteo Historical Weather API
MP-Indore,2011-11-01,24.1,31.1,16.6,0.0,0.0,0.0,45,4.72,0.271,0.278,0.32,25.4,25.9,22.71792,75.8333,ERA5,Asia/Kolkata,Open-Meteo Historical Weather API
MP-Indore,2011-11-02,23.7,31.0,17.0,0.0,0.0,0.0,42,5.13,0.267,0.276,0.317,25.2,25.7,22.71792,75.8333,ERA5,Asia/Kolkata,Open-Meteo Historical Weather API
MP-Indore,2011-11-03,24.1,31.2,18.7,0.0,0.0,0.0,39,4.98,0.263,0.274,0.314,25.7,25.7,22.71792,75.8333,ERA5,Asia/Kolkata,Open-Meteo Historical Weather API
MP-Indore,2011-11-04,24.8,31.3,19.5,0.0,0.0,0.0,41,4.42,0.264,0.273,0.312,26.0,25.9,22.71792,75.8333,ERA5,Asia/Kolkata,Open-Meteo Historical Weather API
MP-Indore,2011-11-05,25.6,32.8,19.3,0.0,0.0,0.0,42,4.46,0.261,0.272,0.309,26.4,26.2,22.71792,75.8333,ERA5,Asia/Kolkata,Open-Meteo Historical Weather API
MP-Indore,2011-11-06,26.3,33.2,19.6,0.0,0.0,0.0,42,4.51,0.264,0.271,0.308,27.3,26.9,22.71792,75.8333,ERA5,Asia/Kolkata,Open-Meteo Historical Weather API
MP-Indore,2011-11-07,26.2,33.0,20.1,0.0,0.0,0.0,41,4.46,0.265,0.271,0.307,27.7,27.4,22.71792,75.8333,ERA5,Asia/Kolkata,Open-Meteo Historical Weather API
MP-Indore,2011-11-08,25.6,32.5,19.4,0.0,0.0,0.0,44,4.49,0.266,0.272,0.307,27.4,27.3,22.71792,75.8333,ERA5,Asia/Kolkata,Open-Meteo Historical Weather API
MP-Indore,2011-11-09,24.8,32.3,18.5,0.0,0.0,0.0,43,4.57,0.266,0.272,0.305,26.7,26.9,22.71792,75.8333,ERA5,Asia/Kolkata,Open-Meteo Historical Weather API
MP-Indore,2011-11-10,24.9,32.7,16.3,0.0,0.0,0.0,45,4.21,0.264,0.271,0.303,26.2,26.5,22.71792,75.8333,ERA5,Asia/Kolkata,Open-Meteo Historical Weather API
MP-Indore,2011-11-11,25.4,33.1,18.1,0.0,0.0,0.0,48,4.63,0.263,0.27,0.3,26.6,26.7,22.71792,75.8333,ERA5,Asia/Kolkata,Open-Meteo Historical Weather API
MP-Indore,2011-11-12,25.3,32.4,18.8,0.0,0.0,0.0,47,4.36,0.26,0.27,0.298,26.7,26.7,22.71792,75.8333,ERA5,Asia/Kolkata,Open-Meteo Historical Weather API
MP-Indore,2011-11-13,25.6,31.9,19.0,0.0,0.0,0.0,48,3.73,0.258,0.27,0.297,26.9,26.8,22.71792,75.8333,ERA5,Asia/Kolkata,Open-Meteo Historical Weather API
MP-Indore,2011-11-14,25.8,31.1,21.1,0.0,0.0,0.0,47,3.69,0.258,0.269,0.293,27.3,27.2,22.71792,75.8333,ERA5,Asia/Kolkata,Open-Meteo Historical Weather API
MP-Indore,2011-11-15,24.4,31.4,18.3,0.0,0.0,0.0,41,4.53,0.259,0.27,0.293,26.5,26.9,22.71792,75.8333,ERA5,Asia/Kolkata,Open-Meteo Historical Weather API
MP-Indore,2011-11-16,23.9,31.2,17.2,0.0,0.0,0.0,37,4.01,0.26,0.27,0.292,25.1,26.0,22.71792,75.8333,ERA5,Asia/Kolkata,Open-Meteo Historical Weather API
MP-Indore,2011-11-17,23.6,31.1,16.8,0.0,0.0,0.0,41,4.1,0.26,0.27,0.291,25.1,25.6,22.71792,75.8333,ERA5,Asia/Kolkata,Open-Meteo Historical Weather API
MP-Indore,2011-11-18,23.7,32.2,15.7,0.0,0.0,0.0,43,3.94,0.264,0.269,0.292,25.3,25.6,22.71792,75.8333,ERA5,Asia/Kolkata,Open-Meteo Historical Weather API
MP-Indore,2011-11-19,24.0,32.6,16.1,0.0,0.0,0.0,45,4.06,0.263,0.268,0.292,25.1,25.5,22.71792,75.8333,ERA5,Asia/Kolkata,Open-Meteo Historical Weather API
MP-Indore,2011-11-20,24.3,32.4,16.5,0.0,0.0,0.0,43,4.71,0.259,0.269,0.286,25.3,25.4,22.71792,75.8333,ERA5,Asia/Kolkata,Open-Meteo Historical Weather API
MP-Indore,2011-11-21,24.0,31.6,17.0,0.0,0.0,0.0,43,4.87,0.255,0.269,0.283,25.4,25.6,22.71792,75.8333,ERA5,Asia/Kolkata,Open-Meteo Historical Weather API
MP-Indore,2011-11-22,22.7,29.6,16.6,0.0,0.0,0.0,48,4.63,0.256,0.27,0.283,24.8,25.5,22.71792,75.8333,ERA5,Asia/Kolkata,Open-Meteo Historical Weather API
MP-Indore,2011-11-23,21.5,27.8,15.6,0.0,0.0,0.0,54,4.11,0.257,0.269,0.283,24.1,25.0,22.71792,75.8333,ERA5,Asia/Kolkata,Open-Meteo Historical Weather API
MP-Indore,2011-11-24,21.8,27.6,16.5,0.0,0.0,0.0,55,3.99,0.256,0.269,0.284,24.2,24.7,22.71792,75.8333,ERA5,Asia/Kolkata,Open-Meteo Historical Weather API
MP-Indore,2011-11-25,21.3,27.8,15.5,0.0,0.0,0.0,56,4.01,0.257,0.27,0.286,23.6,24.5,22.71792,75.8333,ERA5,Asia/Kolkata,Open-Meteo Historical Weather API
MP-Indore,2011-11-26,21.8,28.2,16.4,0.0,0.0,0.0,52,4.13,0.257,0.271,0.287,23.7,24.3,22.71792,75.8333,ERA5,Asia/Kolkata,Open-Meteo Historical Weather API
MP-Indore,2011-11-27,22.9,30.0,17.5,0.0,0.0,0.0,52,3.93,0.257,0.271,0.287,24.4,24.4,22.71792,75.8333,ERA5,Asia/Kolkata,Open-Meteo Historical Weather API
MP-Indore,2011-11-28,23.3,29.2,18.8,0.0,0.0,0.0,56,3.5,0.259,0.272,0.289,24.8,24.9,22.71792,75.8333,ERA5,Asia/Kolkata,Open-Meteo Historical Weather API
MP-Indore,2011-11-29,23.2,29.4,18.1,0.0,0.0,0.0,55,4.07,0.259,0.274,0.29,25.1,25.0,22.71792,75.8333,ERA5,Asia/Kolkata,Open-Meteo Historical Weather API
MP-Indore,2011-11-30,22.2,29.3,16.7,0.0,0.0,0.0,44,4.09,0.263,0.275,0.292,24.6,25.0,22.71792,75.8333,ERA5,Asia/Kolkata,Open-Meteo Historical Weather API
MP-Indore,2011-12-01,21.7,29.6,15.0,0.0,0.0,0.0,42,4.2,0.265,0.276,0.294,23.8,24.4,22.71792,75.8333,ERA5,Asia/Kolkata,Open-Meteo Historical Weather API
MP-Indore,2011-12-02,21.2,28.7,14.2,0.0,0.0,0.0,42,4.21,0.265,0.277,0.294,23.3,24.0,22.71792,75.8333,ERA5,Asia/Kolkata,Open-Meteo Historical Weather API
MP-Indore,2011-12-03,21.9,29.4,15.2,0.0,0.0,0.0,48,3.64,0.264,0.275,0.292,23.7,24.0,22.71792,75.8333,ERA5,Asia/Kolkata,Open-Meteo Historical Weather API
MP-Indore,2011-12-04,23.6,31.0,17.3,0.0,0.0,0.0,51,3.48,0.263,0.276,0.293,24.4,24.3,22.71792,75.8333,ERA5,Asia/Kolkata,Open-Meteo Historical Weather API
MP-Indore,2011-12-05,24.4,31.5,18.1,0.0,0.0,0.0,54,3.76,0.264,0.275,0.292,24.9,24.7,22.71792,75.8333,ERA5,Asia/Kolkata,Open-Meteo Historical Weather API
MP-Indore,2011-12-06,24.3,31.2,19.1,0.0,0.0,0.0,53,3.76,0.26,0.274,0.288,25.1,25.1,22.71792,75.8333,ERA5,Asia/Kolkata,Open-Meteo Historical Weather API
MP-Indore,2011-12-07,24.1,30.8,17.3,0.0,0.0,0.0,51,4.03,0.259,0.275,0.288,24.9,25.0,22.71792,75.8333,ERA5,Asia/Kolkata,Open-Meteo Historical Weather API
MP-Indore,2011-12-08,23.4,30.4,17.9,0.0,0.0,0.0,50,4.24,0.26,0.275,0.287,24.8,24.8,22.71792,75.8333,ERA5,Asia/Kolkata,Open-Meteo Historical Weather API
MP-Indore,2011-12-09,22.8,30.2,16.9,0.0,0.0,0.0,50,3.86,0.26,0.276,0.287,24.3,24.5,22.71792,75.8333,ERA5,Asia/Kolkata,Open-Meteo Historical Weather API
MP-Indore,2011-12-10,20.9,27.8,15.9,0.0,0.0,0.0,53,3.98,0.266,0.279,0.29,23.2,24.1,22.71792,75.8333,ERA5,Asia/Kolkata,Open-Meteo Historical Weather API
MP-Indore,2011-12-11,18.2,25.2,11.7,0.0,0.0,0.0,36,4.1,0.269,0.281,0.293,21.3,23.0,22.71792,75.8333,ERA5,Asia/Kolkata,Open-Meteo Historical Weather API
MP-Indore,2011-12-12,17.6,25.2,10.9,0.0,0.0,0.0,39,4.07,0.27,0.281,0.293,20.2,21.7,22.71792,75.8333,ERA5,Asia/Kolkata,Open-Meteo Historical Weather API
MP-Indore,2011-12-13,17.7,25.7,11.2,0.0,0.0,0.0,45,3.79,0.267,0.28,0.292,20.1,21.2,22.71792,75.8333,ERA5,Asia/Kolkata,Open-Meteo Historical Weather API
MP-Indore,2011-12-14,17.9,26.8,10.3,0.0,0.0,0.0,49,3.72,0.265,0.28,0.292,20.1,21.0,22.71792,75.8333,ERA5,Asia/Kolkata,Open-Meteo Historical Weather API
MP-Indore,2011-12-15,18.4,27.1,10.9,0.0,0.0,0.0,50,3.55,0.264,0.279,0.292,20.4,21.0,22.71792,75.8333,ERA5,Asia/Kolkata,Open-Meteo Historical Weather API
MP-Indore,2011-12-16,18.9,27.1,12.1,0.0,0.0,0.0,51,3.63,0.262,0.279,0.292,20.8,21.2,22.71792,75.8333,ERA5,Asia/Kolkata,Open-Meteo Historical Weather API
MP-Indore,2011-12-17,19.1,27.2,12.2,0.0,0.0,0.0,48,3.6,0.26,0.277,0.291,20.9,21.3,22.71792,75.8333,ERA5,Asia/Kolkata,Open-Meteo Historical Weather API
MP-Indore,2011-12-18,19.7,27.7,13.1,0.0,0.0,0.0,48,3.61,0.259,0.279,0.292,21.2,21.4,22.71792,75.8333,ERA5,Asia/Kolkata,Open-Meteo Historical Weather API
MP-Indore,2011-12-19,19.7,27.8,12.8,0.0,0.0,0.0,48,3.64,0.258,0.28,0.293,20.9,21.5,22.71792,75.8333,ERA5,Asia/Kolkata,Open-Meteo Historical Weather API
MP-Indore,2011-12-20,19.8,27.5,12.9,0.0,0.0,0.0,50,3.86,0.257,0.279,0.292,21.1,21.4,22.71792,75.8333,ERA5,Asia/Kolkata,Open-Meteo Historical Weather API
MP-Indore,2011-12-21,19.9,27.7,13.7,0.0,0.0,0.0,45,3.98,0.254,0.276,0.289,21.4,21.4,22.71792,75.8333,ERA5,Asia/Kolkata,Open-Meteo Historical Weather API
MP-Indore,2011-12-22,20.3,27.8,14.4,0.0,0.0,0.0,40,3.86,0.255,0.275,0.289,21.6,21.5,22.71792,75.8333,ERA5,Asia/Kolkata,Open-Meteo Historical Weather API
MP-Indore,2011-12-23,20.4,27.8,14.6,0.0,0.0,0.0,43,3.76,0.253,0.274,0.289,21.6,21.6,22.71792,75.8333,ERA5,Asia/Kolkata,Open-Meteo Historical Weather API
MP-Indore,2011-12-24,20.0,27.9,12.6,0.0,0.0,0.0,46,3.47,0.253,0.276,0.291,21.0,21.5,22.71792,75.8333,ERA5,Asia/Kolkata,Open-Meteo Historical Weather API
MP-Indore,2011-12-25,20.2,27.9,12.6,0.0,0.0,0.0,47,3.45,0.254,0.276,0.291,21.1,21.5,22.71792,75.8333,ERA5,Asia/Kolkata,Open-Meteo Historical Weather API
MP-Indore,2011-12-26,19.9,27.8,12.7,0.0,0.0,0.0,46,3.78,0.253,0.276,0.292,20.8,21.3,22.71792,75.8333,ERA5,Asia/Kolkata,Open-Meteo Historical Weather API
MP-Indore,2011-12-27,19.3,27.0,13.6,0.0,0.0,0.0,48,3.42,0.257,0.279,0.294,20.4,21.1,22.71792,75.8333,ERA5,Asia/Kolkata,Open-Meteo Historical Weather API
MP-Indore,2011-12-28,18.6,25.8,13.4,0.0,0.0,0.0,53,3.72,0.26,0.282,0.297,20.1,20.9,22.71792,75.8333,ERA5,Asia/Kolkata,Open-Meteo Historical Weather API
MP-Indore,2011-12-29,17.9,25.1,11.8,0.0,0.0,0.0,53,3.73,0.261,0.283,0.298,19.9,20.8,22.71792,75.8333,ERA5,Asia/Kolkata,Open-Meteo Historical Weather API
MP-Indore,2011-12-30,18.0,25.2,11.7,0.0,0.0,0.0,52,3.6,0.262,0.285,0.3,20.0,20.7,22.71792,75.8333,ERA5,Asia/Kolkata,Open-Meteo Historical Weather API
MP-Indore,2011-12-31,19.9,27.1,13.3,0.0,0.0,0.0,62,3.2,0.261,0.285,0.3,20.7,20.8,22.71792,75.8333,ERA5,Asia/Kolkata,Open-Meteo Historical Weather API
MP-Indore,2012-01-01,19.6,24.2,16.2,0.7,0.7,3.0,77,2.91,0.267,0.287,0.302,21.8,21.8,22.71792,75.8333,ERA5,Asia/Kolkata,Open-Meteo Historical Weather API
MP-Indore,2012-01-02,17.3,23.1,12.7,0.0,0.0,0.0,68,3.39,0.272,0.292,0.307,20.4,21.2,22.71792,75.8333,ERA5,Asia/Kolkata,Open-Meteo Historical Weather API
MP-Indore,2012-01-03,16.7,23.9,10.6,0.0,0.0,0.0,71,3.06,0.274,0.296,0.312,19.3,20.4,22.71792,75.8333,ERA5,Asia/Kolkata,Open-Meteo Historical Weather API
MP-Indore,2012-01-04,18.5,26.7,12.1,0.0,0.0,0.0,67,3.44,0.273,0.297,0.314,20.1,20.3,22.71792,75.8333,ERA5,Asia/Kolkata,Open-Meteo Historical Weather API
MP-Indore,2012-01-05,19.3,26.9,12.7,0.0,0.0,0.0,54,3.73,0.268,0.291,0.31,20.3,20.5,22.71792,75.8333,ERA5,Asia/Kolkata,Open-Meteo Historical Weather API
MP-Indore,2012-01-06,19.2,26.7,13.3,0.0,0.0,0.0,62,3.66,0.263,0.286,0.305,20.7,20.6,22.71792,75.8333,ERA5,Asia/Kolkata,Open-Meteo Historical Weather API
MP-Indore,2012-01-07,18.4,24.9,13.3,0.0,0.0,0.0,55,3.68,0.259,0.283,0.303,20.6,20.9,22.71792,75.8333,ERA5,Asia/Kolkata,Open-Meteo Historical Weather API
MP-Indore,2012-01-08,16.9,23.1,11.8,0.0,0.0,0.0,60,3.37,0.262,0.285,0.305,19.3,20.4,22.71792,75.8333,ERA5,Asia/Kolkata,Open-Meteo Historical Weather API
MP-Indore,2012-01-09,15.9,21.6,10.8,0.0,0.0,0.0,63,3.37,0.265,0.287,0.309,18.7,20.0,22.71792,75.8333,ERA5,Asia/Kolkata,Open-Meteo Historical Weather API
MP-Indore,2012-01-10,14.8,21.0,9.2,0.0,0.0,0.0,55,3.57,0.265,0.288,0.31,17.5,19.1,22.71792,75.8333,ERA5,Asia/Kolkata,Open-Meteo Historical Weather API
MP-Indore,2012-01-11,14.9,22.0,8.5,0.0,0.0,0.0,49,3.63,0.264,0.286,0.308,17.6,18.7,22.71792,75.8333,ERA5,Asia/Kolkata,Open-Meteo Historical Weather API
MP-Indore,2012-01-12,15.2,22.1,8.6,0.0,0.0,0.0,42,3.91,0.262,0.283,0.305,17.6,18.6,22.71792,75.8333,ERA5,Asia/Kolkata,Open-Meteo Historical Weather API
MP-Indore,2012-01-13,14.7,22.7,7.8,0.0,0.0,0.0,42,3.85,0.26,0.281,0.301,17.3,18.3,22.71792,75.8333,ERA5,Asia/Kolkata,Open-Meteo Historical Weather API
MP-Indore,2012-01-14,15.9,24.5,7.8,0.0,0.0,0.0,38,3.93,0.261,0.281,0.299,17.2,18.0,22.71792,75.8333,ERA5,Asia/Kolkata,Open-Meteo Historical Weather API
MP-Indore,2012-01-15,18.2,26.9,10.7,0.0,0.0,0.0,38,4.27,0.262,0.28,0.3,18.3,18.4,22.71792,75.8333,ERA5,Asia/Kolkata,Open-Meteo Historical Weather API
MP-Indore,2012-01-16,19.6,27.8,12.1,0.0,0.0,0.0,45,4.75,0.259,0.278,0.299,19.8,19.4,22.71792,75.8333,ERA5,Asia/Kolkata,Open-Meteo Historical Weather API
MP-Indore,2012-01-17,19.1,25.8,13.2,0.0,0.0,0.0,58,3.99,0.256,0.276,0.298,20.5,20.3,22.71792,75.8333,ERA5,Asia/Kolkata,Open-Meteo Historical Weather API
MP-Indore,2012-01-18,16.3,22.8,10.9,0.0,0.0,0.0,45,4.11,0.257,0.277,0.298,18.9,19.9,22.71792,75.8333,ERA5,Asia/Kolkata,Open-Meteo Historical Weather API
MP-Indore,2012-01-19,14.6,21.6,8.4,0.0,0.0,0.0,43,3.84,0.26,0.279,0.301,17.5,18.8,22.71792,75.8333,ERA5,Asia/Kolkata,Open-Meteo Historical Weather API
MP-Indore,2012-01-20,14.3,20.7,8.0,0.0,0.0,0.0,51,3.66,0.26,0.279,0.301,17.0,18.1,22.71792,75.8333,ERA5,Asia/Kolkata,Open-Meteo Historical Weather API
MP-Indore,2012-01-21,14.6,21.1,8.2,0.0,0.0,0.0,40,4.11,0.259,0.279,0.301,16.9,18.0,22.71792,75.8333,ERA5,Asia/Kolkata,Open-Meteo Historical Weather API
MP-Indore,2012-01-22,17.3,24.5,10.4,0.0,0.0,0.0,41,4.2,0.259,0.279,0.302,18.1,18.3,22.71792,75.8333,ERA5,Asia/Kolkata,Open-Meteo Historical Weather API
MP-Indore,2012-01-23,18.5,26.1,11.7,0.0,0.0,0.0,54,3.46,0.261,0.279,0.303,19.3,19.2,22.71792,75.8333,ERA5,Asia/Kolkata,Open-Meteo Historical Weather API
MP-Indore,2012-01-24,18.8,26.8,12.4,0.0,0.0,0.0,53,3.91,0.262,0.281,0.305,20.3,20.0,22.71792,75.8333,ERA5,Asia/Kolkata,Open-Meteo Historical Weather API
MP-Indore,2012-01-25,19.2,25.7,13.5,0.0,0.0,0.0,54,3.45,0.263,0.286,0.311,20.5,20.3,22.71792,75.8333,ERA5,Asia/Kolkata,Open-Meteo Historical Weather API
MP-Indore,2012-01-26,19.4,24.8,15.1,0.0,0.0,0.0,57,3.4,0.266,0.289,0.315,20.9,20.8,22.71792,75.8333,ERA5,Asia/Kolkata,Open-Meteo Historical Weather API
MP-Indore,2012-01-27,19.0,25.1,13.2,0.0,0.0,0.0,58,3.49,0.268,0.29,0.316,20.5,20.6,22.71792,75.8333,ERA5,Asia/Kolkata,Open-Meteo Historical Weather API
MP-Indore,2012-01-28,18.9,25.8,13.0,0.0,0.0,0.0,55,4.2,0.266,0.289,0.316,20.6,20.5,22.71792,75.8333,ERA5,Asia/Kolkata,Open-Meteo Historical Weather API
MP-Indore,2012-01-29,17.5,23.4,12.1,0.0,0.0,0.0,61,3.75,0.267,0.293,0.319,19.5,20.2,22.71792,75.8333,ERA5,Asia/Kolkata,Open-Meteo Historical Weather API
MP-Indore,2012-01-30,17.6,23.3,12.4,0.6,0.6,3.0,60,3.48,0.273,0.298,0.323,19.2,19.9,22.71792,75.8333,ERA5,Asia/Kolkata,Open-Meteo Historical Weather API
MP-Indore,2012-01-31,18.1,23.7,12.5,0.4,0.4,2.0,63,3.42,0.281,0.303,0.328,19.6,20.0,22.71792,75.8333,ERA5,Asia/Kolkata,Open-Meteo Historical Weather API
MP-Indore,2012-02-01,17.5,23.7,12.7,0.0,0.0,0.0,44,4.54,0.282,0.304,0.329,19.4,20.0,22.71792,75.8333,ERA5,Asia/Kolkata,Open-Meteo Historical Weather API
MP-Indore,2012-02-02,17.5,24.9,10.3,0.0,0.0,0.0,45,4.12,0.279,0.302,0.329,19.2,19.4,22.71792,75.8333,ERA5,Asia/Kolkata,Open-Meteo Historical Weather API
MP-Indore,2012-02-03,19.8,27.9,12.0,0.0,0.0,0.0,46,4.31,0.274,0.299,0.327,20.1,19.9,22.71792,75.8333,ERA5,Asia/Kolkata,Open-Meteo Historical Weather API
MP-Indore,2012-02-04,21.3,29.1,13.9,0.0,0.0,0.0,51,4.81,0.27,0.295,0.325,21.2,20.6,22.71792,75.8333,ERA5,Asia/Kolkata,Open-Meteo Historical Weather API
MP-Indore,2012-02-05,20.8,26.8,15.1,0.0,0.0,0.0,56,4.0,0.267,0.294,0.324,22.2,21.4,22.71792,75.8333,ERA5,Asia/Kolkata,Open-Meteo Historical Weather API
MP-Indore,2012-02-06,20.9,28.1,15.4,0.0,0.0,0.0,54,4.32,0.27,0.299,0.328,22.1,21.9,22.71792,75.8333,ERA5,Asia/Kolkata,Open-Meteo Historical Weather API
MP-Indore,2012-02-07,20.2,27.2,15.2,0.0,0.0,0.0,53,4.62,0.269,0.302,0.331,21.8,22.0,22.71792,75.8333,ERA5,Asia/Kolkata,Open-Meteo Historical Weather API
MP-Indore,2012-02-08,15.1,20.9,10.2,0.0,0.0,0.0,35,4.92,0.27,0.305,0.335,18.7,20.7,22.71792,75.8333,ERA5,Asia/Kolkata,Open-Meteo Historical Weather API
MP-Indore,2012-02-09,14.2,20.9,7.3,0.0,0.0,0.0,34,4.57,0.275,0.31,0.339,16.9,18.6,22.71792,75.8333,ERA5,Asia/Kolkata,Open-Meteo Historical Weather API
MP-Indore,2012-02-10,15.1,22.4,7.9,0.0,0.0,0.0,37,4.48,0.276,0.311,0.341,17.2,18.1,22.71792,75.8333,ERA5,Asia/Kolkata,Open-Meteo Historical Weather API
MP-Indore,2012-02-11,17.5,26.2,9.3,0.0,0.0,0.0,35,4.89,0.273,0.306,0.338,18.3,18.4,22.71792,75.8333,ERA5,Asia/Kolkata,Open-Meteo Historical Weather API
MP-Indore,2012-02-12,20.6,28.6,13.1,0.0,0.0,0.0,40,5.16,0.267,0.299,0.333,20.3,19.5,22.71792,75.8333,ERA5,Asia/Kolkata,Open-Meteo Historical Weather API
MP-Indore,2012-02-13,21.5,27.9,15.7,0.0,0.0,0.0,48,4.96,0.261,0.293,0.329,22.0,20.8,22.71792,75.8333,ERA5,Asia/Kolkata,Open-Meteo Historical Weather API
MP-Indore,2012-02-14,21.0,28.2,14.6,0.0,0.0,0.0,52,4.57,0.257,0.292,0.328,22.5,21.6,22.71792,75.8333,ERA5,Asia/Kolkata,Open-Meteo Historical Weather API
MP-Indore,2012-02-15,20.4,27.9,13.8,0.0,0.0,0.0,46,5.04,0.255,0.293,0.329,22.2,21.7,22.71792,75.8333,ERA5,Asia/Kolkata,Open-Meteo Historical Weather API
MP-Indore,2012-02-16,18.7,24.7,12.6,0.0,0.0,0.0,51,4.58,0.257,0.293,0.33,21.2,21.5,22.71792,75.8333,ERA5,Asia/Kolkata,Open-Meteo Historical Weather API
MP-Indore,2012-02-17,19.1,25.6,13.3,0.0,0.0,0.0,51,4.77,0.259,0.295,0.331,20.9,21.3,22.71792,75.8333,ERA5,Asia/Kolkata,Open-Meteo Historical Weather API
MP-Indore,2012-02-18,20.9,28.3,13.9,0.0,0.0,0.0,45,5.07,0.262,0.297,0.333,22.1,21.4,22.71792,75.8333,ERA5,Asia/Kolkata,Open-Meteo Historical Weather API
MP-Indore,2012-02-19,21.7,29.1,14.8,0.0,0.0,0.0,40,4.9,0.261,0.295,0.331,23.0,22.1,22.71792,75.8333,ERA5,Asia/Kolkata,Open-Meteo Historical Weather API
MP-Indore,2012-02-20,23.2,31.8,15.1,0.0,0.0,0.0,39,5.34,0.257,0.286,0.324,23.8,22.7,22.71792,75.8333,ERA5,Asia/Kolkata,Open-Meteo Historical Weather API
MP-Indore,2012-02-21,24.6,34.3,16.6,0.0,0.0,0.0,33,6.29,0.255,0.278,0.317,24.7,23.3,22.71792,75.8333,ERA5,Asia/Kolkata,Open-Meteo Historical Weather API
MP-Indore,2012-02-22,24.6,33.6,16.0,0.0,0.0,0.0,31,6.13,0.253,0.275,0.313,25.0,23.8,22.71792,75.8333,ERA5,Asia/Kolkata,Open-Meteo Historical Weather API
MP-Indore,2012-02-23,24.1,33.1,15.5,0.0,0.0,0.0,36,5.89,0.254,0.274,0.311,25.3,24.2,22.71792,75.8333,ERA5,Asia/Kolkata,Open-Meteo Historical Weather API
MP-Indore,2012-02-24,23.5,31.5,16.1,0.0,0.0,0.0,34,5.61,0.257,0.276,0.311,25.1,24.3,22.71792,75.8333,ERA5,Asia/Kolkata,Open-Meteo Historical Weather API
MP-Indore,2012-02-25,23.6,32.2,15.8,0.0,0.0,0.0,30,5.99,0.258,0.277,0.312,24.9,24.1,22.71792,75.8333,ERA5,Asia/Kolkata,Open-Meteo Historical Weather API
MP-Indore,2012-02-26,22.5,30.0,15.8,0.0,0.0,0.0,42,5.18,0.261,0.281,0.316,24.4,24.1,22.71792,75.8333,ERA5,Asia/Kolkata,Open-Meteo Historical Weather API
MP-Indore,2012-02-27,23.5,32.5,15.5,0.0,0.0,0.0,35,5.68,0.261,0.282,0.316,25.0,24.1,22.71792,75.8333,ERA5,Asia/Kolkata,Open-Meteo Historical Weather API
MP-Indore,2012-02-28,23.7,31.9,16.4,0.0,0.0,0.0,33,6.52,0.26,0.281,0.315,24.5,23.9,22.71792,75.8333,ERA5,Asia/Kolkata,Open-Meteo Historical Weather API
MP-Indore,2012-02-29,22.4,30.0,14.6,0.0,0.0,0.0,29,5.71,0.259,0.28,0.314,24.4,23.9,22.71792,75.8333,ERA5,Asia/Kolkata,Open-Meteo Historical Weather API
MP-Indore,2012-03-01,22.2,29.7,14.2,0.0,0.0,0.0,33,5.77,0.259,0.281,0.314,24.1,23.7,22.71792,75.8333,ERA5,Asia/Kolkata,Open-Meteo Historical Weather API
MP-Indore,2012-03-02,22.3,29.4,14.3,0.0,0.0,0.0,36,5.77,0.256,0.281,0.315,24.3,23.7,22.71792,75.8333,ERA5,Asia/Kolkata,Open-Meteo Historical Weather API
MP-Indore,2012-03-03,23.7,30.9,17.2,0.0,0.0,0.0,45,5.49,0.252,0.279,0.312,25.4,24.2,22.71792,75.8333,ERA5,Asia/Kolkata,Open-Meteo Historical Weather API
MP-Indore,2012-03-04,25.6,33.6,17.6,0.0,0.0,0.0,34,6.29,0.246,0.275,0.307,26.7,24.9,22.71792,75.8333,ERA5,Asia/Kolkata,Open-Meteo Historical Weather API
MP-Indore,2012-03-05,26.3,34.1,19.1,0.0,0.0,0.0,34,6.9,0.243,0.273,0.305,27.3,25.9,22.71792,75.8333,ERA5,Asia/Kolkata,Open-Meteo Historical Weather API
MP-Indore,2012-03-06,25.0,32.5,19.0,0.0,0.0,0.0,32,7.24,0.249,0.274,0.305,26.6,26.0,22.71792,75.8333,ERA5,Asia/Kolkata,Open-Meteo Historical Weather API
MP-Indore,2012-03-07,22.6,29.5,15.3,0.0,0.0,0.0,33,6.04,0.253,0.276,0.308,25.5,25.3,22.71792,75.8333,ERA5,Asia/Kolkata,Open-Meteo Historical Weather API
MP-Indore,2012-03-08,21.9,28.6,15.2,0.0,0.0,0.0,27,6.86,0.255,0.279,0.31,24.5,24.7,22.71792,75.8333,ERA5,Asia/Kolkata,Open-Meteo Historical Weather API
MP-Indore,2012-03-09,19.6,26.3,13.1,0.0,0.0,0.0,22,6.07,0.259,0.282,0.313,23.2,23.6,22.71792,75.8333,ERA5,Asia/Kolkata,Open-Meteo Historical Weather API
MP-Indore,2012-03-10,20.0,27.2,11.9,0.0,0.0,0.0,25,6.31,0.264,0.287,0.317,22.1,22.8,22.71792,75.8333,ERA5,Asia/Kolkata,Open-Meteo Historical Weather API
MP-Indore,2012-03-11,23.0,30.9,16.1,0.0,0.0,0.0,29,6.94,0.264,0.287,0.318,23.8,23.1,22.71792,75.8333,ERA5,Asia/Kolkata,Open-Meteo Historical Weather API
MP-Indore,2012-03-12,24.1,32.0,16.5,0.0,0.0,0.0,30,6.76,0.259,0.285,0.316,24.7,23.8,22.71792,75.8333,ERA5,Asia/Kolkata,Open-Meteo Historical Weather API
MP-Indore,2012-03-13,23.0,29.6,16.7,0.0,0.0,0.0,31,6.95,0.257,0.285,0.316,24.8,24.3,22.71792,75.8333,ERA5,Asia/Kolkata,Open-Meteo Historical Weather API
MP-Indore,2012-03-14,22.7,30.3,15.5,0.0,0.0,0.0,28,6.29,0.26,0.288,0.318,24.8,24.3,22.71792,75.8333,ERA5,Asia/Kolkata,Open-Meteo Historical Weather API
MP-Indore,2012-03-15,25.3,33.1,16.2,0.0,0.0,0.0,31,5.74,0.259,0.287,0.318,25.6,24.6,22.71792,75.8333,ERA5,Asia/Kolkata,Open-Meteo Historical Weather API
MP-Indore,2012-03-16,26.7,35.8,16.8,0.0,0.0,0.0,31,6.43,0.254,0.281,0.313,26.8,25.3,22.71792,75.8333,ERA5,Asia/Kolkata,Open-Meteo Historical Weather API
MP-Indore,2012-03-17,27.5,35.6,19.0,0.0,0.0,0.0,26,7.58,0.247,0.274,0.306,28.2,26.4,22.71792,75.8333,ERA5,Asia/Kolkata,Open-Meteo Historical Weather API
MP-Indore,2012-03-18,27.7,35.6,19.2,0.0,0.0,0.0,25,7.56,0.245,0.272,0.301,28.8,27.1,22.71792,75.8333,ERA5,Asia/Kolkata,Open-Meteo Historical Weather API
MP-Indore,2012-03-19,28.5,36.7,19.7,0.0,0.0,0.0,27,7.1,0.245,0.271,0.298,29.8,27.9,22.71792,75.8333,ERA5,Asia/Kolkata,Open-Meteo Historical Weather API
MP-Indore,2012-03-20,28.7,36.5,20.9,0.0,0.0,0.0,22,8.15,0.244,0.27,0.297,30.0,28.5,22.71792,75.8333,ERA5,Asia/Kolkata,Open-Meteo Historical Weather API
MP-Indore,2012-03-21,26.7,34.3,19.6,0.0,0.0,0.0,24,7.07,0.249,0.272,0.299,29.4,28.4,22.71792,75.8333,ERA5,Asia/Kolkata,Open-Meteo Historical Weather API
MP-Indore,2012-03-22,25.8,34.0,17.9,0.0,0.0,0.0,19,7.05,0.255,0.275,0.303,28.3,27.7,22.71792,75.8333,ERA5,Asia/Kolkata,Open-Meteo Historical Weather API
MP-Indore,2012-03-23,26.5,36.1,17.0,0.0,0.0,0.0,20,6.82,0.258,0.277,0.304,28.2,27.4,22.71792,75.8333,ERA5,Asia/Kolkata,Open-Meteo Historical Weather API
MP-Indore,2012-03-24,28.1,36.6,19.2,0.0,0.0,0.0,20,6.76,0.256,0.276,0.301,29.0,27.7,22.71792,75.8333,ERA5,Asia/Kolkata,Open-Meteo Historical Weather API
MP-Indore,2012-03-25,28.9,37.5,19.5,0.0,0.0,0.0,18,7.12,0.253,0.272,0.295,30.0,28.3,22.71792,75.8333,ERA5,Asia/Kolkata,Open-Meteo Historical Weather API
MP-Indore,2012-03-26,28.7,38.0,19.1,0.0,0.0,0.0,19,7.28,0.252,0.27,0.292,30.3,28.8,22.71792,75.8333,ERA5,Asia/Kolkata,Open-Meteo Historical Weather API
MP-Indore,2012-03-27,29.2,37.7,20.1,0.0,0.0,0.0,22,7.35,0.252,0.271,0.292,30.4,28.9,22.71792,75.8333,ERA5,Asia/Kolkata,Open-Meteo Historical Weather API
MP-Indore,2012-03-28,30.6,38.3,23.3,0.0,0.0,0.0,25,8.09,0.248,0.272,0.291,31.4,29.5,22.71792,75.8333,ERA5,Asia/Kolkata,Open-Meteo Historical Weather API
MP-Indore,2012-03-29,30.4,37.4,22.6,0.0,0.0,0.0,24,7.69,0.244,0.271,0.289,32.2,30.3,22.71792,75.8333,ERA5,Asia/Kolkata,Open-Meteo Historical Weather API
MP-Indore,2012-03-30,30.3,37.2,21.4,0.0,0.0,0.0,24,7.25,0.242,0.271,0.286,32.4,30.7,22.71792,75.8333,ERA5,Asia/Kolkata,Open-Meteo Historical Weather API
MP-Indore,2012-03-31,30.9,37.8,23.4,0.0,0.0,0.0,27,6.72,0.24,0.27,0.286,33.0,31.2,22.71792,75.8333,ERA5,Asia/Kolkata,Open-Meteo Historical Weather API
MP-Indore,2012-04-01,31.5,38.7,23.2,0.0,0.0,0.0,29,6.31,0.242,0.271,0.286,33.0,31.5,22.71792,75.8333,ERA5,Asia/Kolkata,Open-Meteo Historical Weather API
MP-Indore,2012-04-02,32.2,39.6,25.5,0.0,0.0,0.0,24,6.33,0.241,0.27,0.285,33.5,31.8,22.71792,75.8333,ERA5,Asia/Kolkata,Open-Meteo Historical Weather API
MP-Indore,2012-04-03,32.8,39.2,25.6,0.0,0.0,0.0,24,8.35,0.24,0.268,0.283,34.4,32.2,22.71792,75.8333,ERA5,Asia/Kolkata,Open-Meteo Historical Weather API
MP-Indore,2012-04-04,32.5,38.7,25.9,0.0,0.0,0.0,28,8.76,0.239,0.267,0.283,34.3,32.5,22.71792,75.8333,ERA5,Asia/Kolkata,Open-Meteo Historical Weather API
MP-Indore,2012-04-05,32.2,38.0,26.2,0.0,0.0,0.0,25,8.83,0.24,0.269,0.284,34.2,32.6,22.71792,75.8333,ERA5,Asia/Kolkata,Open-Meteo Historical Weather API
MP-Indore,2012-04-06,31.7,37.8,25.0,0.0,0.0,0.0,27,8.43,0.238,0.269,0.283,34.1,32.5,22.71792,75.8333,ERA5,Asia/Kolkata,Open-Meteo Historical Weather API
MP-Indore,2012-04-07,31.9,38.4,24.6,0.0,0.0,0.0,28,7.81,0.239,0.269,0.283,34.1,32.5,22.71792,75.8333,ERA5,Asia/Kolkata,Open-Meteo Historical Weather API
MP-Indore,2012-04-08,32.7,39.4,25.6,0.0,0.0,0.0,26,8.48,0.238,0.269,0.282,34.6,32.8,22.71792,75.8333,ERA5,Asia/Kolkata,Open-Meteo Historical Weather API
MP-Indore,2012-04-09,33.2,39.7,25.6,0.0,0.0,0.0,21,9.6,0.239,0.267,0.281,34.9,33.1,22.71792,75.8333,ERA5,Asia/Kolkata,Open-Meteo Historical Weather API
MP-Indore,2012-04-10,32.6,39.4,26.0,0.1,0.1,1.0,23,9.29,0.238,0.267,0.28,34.5,33.1,22.71792,75.8333,ERA5,Asia/Kolkata,Open-Meteo Historical Weather API
MP-Indore,2012-04-11,31.7,38.8,25.3,0.0,0.0,0.0,26,9.29,0.241,0.268,0.281,33.8,32.8,22.71792,75.8333,ERA5,Asia/Kolkata,Open-Meteo Historical Weather API
MP-Indore,2012-04-12,31.0,37.5,24.6,0.0,0.0,0.0,26,8.41,0.241,0.27,0.282,33.4,32.6,22.71792,75.8333,ERA5,Asia/Kolkata,Open-Meteo Historical Weather API
MP-Indore,2012-04-13,29.9,36.8,23.0,0.0,0.0,0.0,28,8.09,0.24,0.27,0.282,32.8,32.2,22.71792,75.8333,ERA5,Asia/Kolkata,Open-Meteo Historical Weather API
MP-Indore,2012-04-14,29.9,36.2,21.9,0.0,0.0,0.0,31,7.46,0.241,0.272,0.283,32.8,32.0,22.71792,75.8333,ERA5,Asia/Kolkata,Open-Meteo Historical Weather API
MP-Indore,2012-04-15,30.5,36.7,23.5,0.0,0.0,0.0,30,7.8,0.241,0.27,0.282,33.3,32.2,22.71792,75.8333,ERA5,Asia/Kolkata,Open-Meteo Historical Weather API
MP-Indore,2012-04-16,31.4,37.9,23.3,0.0,0.0,0.0,30,8.25,0.241,0.269,0.281,34.0,32.5,22.71792,75.8333,ERA5,Asia/Kolkata,Open-Meteo Historical Weather API
MP-Indore,2012-04-17,31.8,37.8,25.3,0.0,0.0,0.0,30,8.87,0.242,0.27,0.281,34.2,33.0,22.71792,75.8333,ERA5,Asia/Kolkata,Open-Meteo Historical Weather API
MP-Indore,2012-04-18,31.6,37.2,25.0,0.0,0.0,0.0,31,8.28,0.244,0.271,0.282,33.9,33.0,22.71792,75.8333,ERA5,Asia/Kolkata,Open-Meteo Historical Weather API
MP-Indore,2012-04-19,31.5,37.0,25.8,0.0,0.0,0.0,30,7.47,0.246,0.272,0.283,33.8,32.8,22.71792,75.8333,ERA5,Asia/Kolkata,Open-Meteo Historical Weather API
MP-Indore,2012-04-20,28.8,33.8,24.8,0.0,0.0,0.0,39,6.93,0.257,0.273,0.284,32.5,32.6,22.71792,75.8333,ERA5,Asia/Kolkata,Open-Meteo Historical Weather API
MP-Indore,2012-04-21,28.7,35.4,22.5,0.0,0.0,0.0,42,6.94,0.264,0.277,0.287,31.9,31.7,22.71792,75.8333,ERA5,Asia/Kolkata,Open-Meteo Historical Weather API
MP-Indore,2012-04-22,30.4,36.9,23.8,0.0,0.0,0.0,31,8.61,0.259,0.277,0.287,32.7,31.7,22.71792,75.8333,ERA5,Asia/Kolkata,Open-Meteo Historical Weather API
MP-Indore,2012-04-23,30.2,36.8,22.7,0.0,0.0,0.0,26,8.29,0.252,0.275,0.285,33.1,31.9,22.71792,75.8333,ERA5,Asia/Kolkata,Open-Meteo Historical Weather API
MP-Indore,2012-04-24,30.1,36.3,23.4,0.0,0.0,0.0,33,8.83,0.248,0.274,0.284,32.9,32.0,22.71792,75.8333,ERA5,Asia/Kolkata,Open-Meteo Historical Weather API
MP-Indore,2012-04-25,31.3,37.2,25.1,0.0,0.0,0.0,31,8.44,0.244,0.272,0.283,33.9,32.3,22.71792,75.8333,ERA5,Asia/Kolkata,Open-Meteo Historical Weather API
MP-Indore,2012-04-26,32.0,38.2,25.5,0.0,0.0,0.0,28,9.12,0.242,0.271,0.282,34.5,32.9,22.71792,75.8333,ERA5,Asia/Kolkata,Open-Meteo Historical Weather API
MP-Indore,2012-04-27,31.3,37.1,24.7,0.0,0.0,0.0,28,9.25,0.24,0.27,0.281,34.2,33.1,22.71792,75.8333,ERA5,Asia/Kolkata,Open-Meteo Historical Weather API
MP-Indore,2012-04-28,32.2,37.6,25.1,0.0,0.0,0.0,25,9.17,0.24,0.269,0.279,35.0,33.3,22.71792,75.8333,ERA5,Asia/Kolkata,Open-Meteo Historical Weather API
MP-Indore,2012-04-29,32.5,38.7,26.0,0.0,0.0,0.0,23,9.86,0.239,0.268,0.278,35.0,33.6,22.71792,75.8333,ERA5,Asia/Kolkata,Open-Meteo Historical Weather API
MP-Indore,2012-04-30,32.4,39.1,25.7,0.0,0.0,0.0,23,9.86,0.238,0.266,0.276,34.7,33.6,22.71792,75.8333,ERA5,Asia/Kolkata,Open-Meteo Historical Weather API
MP-Indore,2012-05-01,32.1,38.6,25.6,0.0,0.0,0.0,23,9.33,0.238,0.265,0.275,34.9,33.6,22.71792,75.8333,ERA5,Asia/Kolkata,Open-Meteo Historical Weather API
MP-Indore,2012-05-02,32.2,38.6,24.4,0.0,0.0,0.0,22,9.42,0.237,0.264,0.274,34.9,33.5,22.71792,75.8333,ERA5,Asia/Kolkata,Open-Meteo Historical Weather API
MP-Indore,2012-05-03,32.6,39.0,25.3,0.0,0.0,0.0,23,9.07,0.238,0.263,0.273,35.2,33.9,22.71792,75.8333,ERA5,Asia/Kolkata,Open-Meteo Historical Weather API
MP-Indore,2012-05-04,31.6,37.8,25.2,0.0,0.0,0.0,33,8.15,0.236,0.263,0.275,34.7,33.9,22.71792,75.8333,ERA5,Asia/Kolkata,Open-Meteo Historical Weather API
MP-Indore,2012-05-05,30.4,36.3,24.1,0.0,0.0,0.0,42,6.93,0.237,0.264,0.277,34.3,33.6,22.71792,75.8333,ERA5,Asia/Kolkata,Open-Meteo Historical Weather API
MP-Indore,2012-05-06,30.0,36.8,24.0,3.2,3.2,5.0,47,7.12,0.251,0.265,0.279,33.6,33.4,22.71792,75.8333,ERA5,Asia/Kolkata,Open-Meteo Historical Weather API
MP-Indore,2012-05-07,28.5,36.8,24.7,3.7,3.7,5.0,54,6.46,0.29,0.266,0.281,32.6,32.9,22.71792,75.8333,ERA5,Asia/Kolkata,Open-Meteo Historical Weather API
MP-Indore,2012-05-08,28.9,34.9,22.9,1.8,1.8,3.0,49,6.18,0.315,0.272,0.288,31.8,32.2,22.71792,75.8333,ERA5,Asia/Kolkata,Open-Meteo Historical Weather API
MP-Indore,2012-05-09,30.3,36.5,23.7,2.4,2.4,4.0,45,6.59,0.32,0.275,0.291,32.7,32.4,22.71792,75.8333,ERA5,Asia/Kolkata,Open-Meteo Historical Weather API
MP-Indore,2012-05-10,30.5,37.9,25.9,1.9,1.9,2.0,46,6.67,0.327,0.275,0.291,32.6,32.4,22.71792,75.8333,ERA5,Asia/Kolkata,Open-Meteo Historical Weather API
MP-Indore,2012-05-11,31.1,38.0,25.8,1.2,1.2,1.0,43,7.12,0.325,0.278,0.293,32.7,32.2,22.71792,75.8333,ERA5,Asia/Kolkata,Open-Meteo Historical Weather API
MP-Indore,2012-05-12,31.7,37.8,25.7,0.0,0.0,0.0,36,8.09,0.307,0.276,0.291,33.4,32.4,22.71792,75.8333,ERA5,Asia/Kolkata,Open-Meteo Historical Weather API
MP-Indore,2012-05-13,30.8,37.0,24.3,0.0,0.0,0.0,43,8.1,0.289,0.276,0.291,33.3,32.5,22.71792,75.8333,ERA5,Asia/Kolkata,Open-Meteo Historical Weather API
MP-Indore,2012-05-14,31.4,37.9,24.8,0.0,0.0,0.0,41,8.23,0.274,0.274,0.289,33.7,32.5,22.71792,75.8333,ERA5,Asia/Kolkata,Open-Meteo Historical Weather API
MP-Indore,2012-05-15,32.8,39.1,26.1,0.0,0.0,0.0,32,8.86,0.263,0.271,0.286,34.6,33.0,22.71792,75.8333,ERA5,Asia/Kolkata,Open-Meteo Historical Weather API
MP-Indore,2012-05-16,33.1,39.2,26.4,0.0,0.0,0.0,28,9.63,0.251,0.268,0.283,35.1,33.4,22.71792,75.8333,ERA5,Asia/Kolkata,Open-Meteo Historical Weather API
MP-Indore,2012-05-17,33.2,39.7,26.5,0.0,0.0,0.0,29,10.04,0.241,0.265,0.279,35.6,33.8,22.71792,75.8333,ERA5,Asia/Kolkata,Open-Meteo Historical Weather API
MP-Indore,2012-05-18,33.7,40.3,27.2,0.0,0.0,0.0,29,9.54,0.24,0.264,0.277,36.2,34.4,22.71792,75.8333,ERA5,Asia/Kolkata,Open-Meteo Historical Weather API
MP-Indore,2012-05-19,33.5,39.4,26.8,0.0,0.0,0.0,27,9.27,0.241,0.264,0.278,36.1,34.8,22.71792,75.8333,ERA5,Asia/Kolkata,Open-Meteo Historical Weather API
MP-Indore,2012-05-20,34.0,39.9,27.4,0.0,0.0,0.0,27,8.03,0.243,0.264,0.278,36.4,35.1,22.71792,75.8333,ERA5,Asia/Kolkata,Open-Meteo Historical Weather API
MP-Indore,2012-05-21,34.6,40.6,28.1,0.0,0.0,0.0,25,9.36,0.241,0.264,0.277,37.0,35.3,22.71792,75.8333,ERA5,Asia/Kolkata,Open-Meteo Historical Weather API
MP-Indore,2012-05-22,33.8,39.3,27.0,0.0,0.0,0.0,31,8.53,0.241,0.263,0.277,36.7,35.4,22.71792,75.8333,ERA5,Asia/Kolkata,Open-Meteo Historical Weather API
MP-Indore,2012-05-23,34.2,39.7,27.6,0.0,0.0,0.0,34,9.0,0.239,0.263,0.277,36.9,35.3,22.71792,75.8333,ERA5,Asia/Kolkata,Open-Meteo Historical Weather API
MP-Indore,2012-05-24,34.6,40.3,27.7,0.0,0.0,0.0,33,10.04,0.238,0.263,0.275,37.0,35.4,22.71792,75.8333,ERA5,Asia/Kolkata,Open-Meteo Historical Weather API
MP-Indore,2012-05-25,34.9,41.0,28.1,0.0,0.0,0.0,34,10.01,0.24,0.262,0.272,37.4,35.7,22.71792,75.8333,ERA5,Asia/Kolkata,Open-Meteo Historical Weather API
MP-Indore,2012-05-26,34.7,40.8,28.5,0.0,0.0,0.0,28,10.49,0.238,0.261,0.269,37.4,35.8,22.71792,75.8333,ERA5,Asia/Kolkata,Open-Meteo Historical Weather API
MP-Indore,2012-05-27,34.4,40.2,28.3,0.0,0.0,0.0,32,9.83,0.239,0.261,0.269,37.2,35.7,22.71792,75.8333,ERA5,Asia/Kolkata,Open-Meteo Historical Weather API
MP-Indore,2012-05-28,34.5,40.3,27.9,0.0,0.0,0.0,34,8.89,0.237,0.261,0.267,37.1,35.7,22.71792,75.8333,ERA5,Asia/Kolkata,Open-Meteo Historical Weather API
MP-Indore,2012-05-29,34.7,40.5,28.5,0.0,0.0,0.0,32,9.52,0.237,0.261,0.265,37.3,35.9,22.71792,75.8333,ERA5,Asia/Kolkata,Open-Meteo Historical Weather API
MP-Indore,2012-05-30,34.6,40.2,28.3,0.3,0.3,2.0,34,9.49,0.239,0.261,0.264,37.1,35.9,22.71792,75.8333,ERA5,Asia/Kolkata,Open-Meteo Historical Weather API
MP-Indore,2012-05-31,34.1,40.0,27.3,0.0,0.0,0.0,38,9.12,0.239,0.26,0.262,37.1,35.7,22.71792,75.8333,ERA5,Asia/Kolkata,Open-Meteo Historical Weather API
MP-Indore,2012-06-01,32.9,39.0,26.7,0.0,0.0,0.0,42,9.08,0.241,0.26,0.261,36.6,35.5,22.71792,75.8333,ERA5,Asia/Kolkata,Open-Meteo Historical Weather API
MP-Indore,2012-06-02,32.1,37.5,26.3,0.0,0.0,0.0,45,8.85,0.239,0.26,0.26,35.9,35.0,22.71792,75.8333,ERA5,Asia/Kolkata,Open-Meteo Historical Weather API
MP-Indore,2012-06-03,31.8,37.4,26.6,0.0,0.0,0.0,46,8.79,0.239,0.26,0.259,35.4,34.6,22.71792,75.8333,ERA5,Asia/Kolkata,Open-Meteo Historical Weather API
MP-Indore,2012-06-04,31.7,37.0,26.0,0.0,0.0,0.0,44,8.42,0.238,0.26,0.259,35.2,34.3,22.71792,75.8333,ERA5,Asia/Kolkata,Open-Meteo Historical Weather API
MP-Indore,2012-06-05,32.8,39.1,26.5,0.0,0.0,0.0,44,8.46,0.238,0.26,0.259,36.0,34.5,22.71792,75.8333,ERA5,Asia/Kolkata,Open-Meteo Historical Weather API
MP-Indore,2012-06-06,30.3,34.5,26.8,0.0,0.0,0.0,50,4.92,0.242,0.26,0.258,33.9,34.2,22.71792,75.8333,ERA5,Asia/Kolkata,Open-Meteo Historical Weather API
MP-Indore,2012-06-07,29.4,33.1,26.8,0.2,0.2,2.0,55,5.47,0.248,0.26,0.26,33.5,33.3,22.71792,75.8333,ERA5,Asia/Kolkata,Open-Meteo Historical Weather API
MP-Indore,2012-06-08,30.8,36.3,25.4,0.1,0.1,1.0,50,7.17,0.256,0.26,0.264,33.9,33.5,22.71792,75.8333,ERA5,Asia/Kolkata,Open-Meteo Historical Weather API
MP-Indore,2012-06-09,30.4,36.3,26.0,0.0,0.0,0.0,54,7.16,0.257,0.26,0.267,34.0,33.8,22.71792,75.8333,ERA5,Asia/Kolkata,Open-Meteo Historical Weather API
MP-Indore,2012-06-10,29.4,35.1,25.2,0.0,0.0,0.0,59,5.3,0.261,0.26,0.269,32.4,33.0,22.71792,75.8333,ERA5,Asia/Kolkata,Open-Meteo Historical Weather API
MP-Indore,2012-06-11,30.0,36.2,25.1,0.3,0.3,2.0,57,5.52,0.261,0.26,0.269,32.9,32.5,22.71792,75.8333,ERA5,Asia/Kolkata,Open-Meteo Historical Weather API
MP-Indore,2012-06-12,30.4,37.3,26.7,4.2,4.2,5.0,58,5.25,0.283,0.261,0.271,33.6,33.2,22.71792,75.8333,ERA5,Asia/Kolkata,Open-Meteo Historical Weather API
MP-Indore,2012-06-13,29.7,35.4,26.0,11.6,11.6,8.0,66,5.1,0.339,0.261,0.273,32.8,33.0,22.71792,75.8333,ERA5,Asia/Kolkata,Open-Meteo Historical Weather API
MP-Indore,2012-06-14,29.4,36.8,24.9,3.7,3.7,3.0,69,5.54,0.412,0.272,0.27,32.5,32.6,22.71792,75.8333,ERA5,Asia/Kolkata,Open-Meteo Historical Weather API
MP-Indore,2012-06-15,30.9,37.0,27.2,0.1,0.1,1.0,58,7.19,0.382,0.279,0.269,33.0,32.6,22.71792,75.8333,ERA5,Asia/Kolkata,Open-Meteo Historical Weather API
MP-Indore,2012-06-16,28.6,34.9,25.4,4.8,4.8,5.0,70,5.43,0.367,0.281,0.27,31.6,32.2,22.71792,75.8333,ERA5,Asia/Kolkata,Open-Meteo Historical Weather API
MP-Indore,2012-06-17,28.5,32.6,25.3,2.3,2.3,8.0,73,5.05,0.398,0.284,0.27,31.0,31.3,22.71792,75.8333,ERA5,Asia/Kolkata,Open-Meteo Historical Weather API
MP-Indore,2012-06-18,29.1,33.3,25.3,0.0,0.0,0.0,63,6.22,0.37,0.288,0.27,31.2,31.2,22.71792,75.8333,ERA5,Asia/Kolkata,Open-Meteo Historical Weather API
MP-Indore,2012-06-19,29.2,34.2,25.0,0.0,0.0,0.0,60,6.74,0.342,0.29,0.271,31.1,31.3,22.71792,75.8333,ERA5,Asia/Kolkata,Open-Meteo Historical Weather API
MP-Indore,2012-06-20,28.8,32.9,25.5,0.0,0.0,0.0,62,5.64,0.325,0.293,0.273,30.5,30.9,22.71792,75.8333,ERA5,Asia/Kolkata,Open-Meteo Historical Weather API
MP-Indore,2012-06-21,30.0,34.8,25.7,0.0,0.0,0.0,56,7.15,0.308,0.292,0.274,31.5,30.8,22.71792,75.8333,ERA5,Asia/Kolkata,Open-Meteo Historical Weather API
MP-Indore,2012-06-22,30.2,35.4,25.6,0.0,0.0,0.0,56,7.8,0.292,0.29,0.273,32.3,31.3,22.71792,75.8333,ERA5,Asia/Kolkata,Open-Meteo Historical Weather API
MP-Indore,2012-06-23,30.1,34.9,25.4,0.0,0.0,0.0,55,7.05,0.281,0.288,0.272,32.3,31.6,22.71792,75.8333,ERA5,Asia/Kolkata,Open-Meteo Historical Weather API
MP-Indore,2012-06-24,29.9,34.6,25.7,0.2,0.2,1.0,59,6.77,0.274,0.287,0.272,32.2,31.7,22.71792,75.8333,ERA5,Asia/Kolkata,Open-Meteo Historical Weather API
MP-Indore,2012-06-25,30.4,35.4,25.6,0.0,0.0,0.0,57,7.57,0.27,0.285,0.271,32.7,31.7,22.71792,75.8333,ERA5,Asia/Kolkata,Open-Meteo Historical Weather API
MP-Indore,2012-06-26,30.3,35.7,25.6,0.0,0.0,0.0,55,7.73,0.262,0.282,0.269,32.5,31.8,22.71792,75.8333,ERA5,Asia/Kolkata,Open-Meteo Historical Weather API
MP-Indore,2012-06-27,30.4,35.8,24.8,0.2,0.2,1.0,56,7.17,0.258,0.279,0.268,32.6,31.8,22.71792,75.8333,ERA5,Asia/Kolkata,Open-Meteo Historical Weather API
MP-Indore,2012-06-28,30.0,34.4,25.8,0.9,0.9,4.0,60,5.98,0.263,0.275,0.267,32.6,31.9,22.71792,75.8333,ERA5,Asia/Kolkata,Open-Meteo Historical Weather API
MP-Indore,2012-06-29,29.1,35.4,25.3,1.6,1.6,4.0,63,5.31,0.277,0.275,0.267,32.2,31.9,22.71792,75.8333,ERA5,Asia/Kolkata,Open-Meteo Historical Weather API
MP-Indore,2012-06-30,29.4,35.8,26.0,3.7,3.7,2.0,63,5.94,0.306,0.28,0.271,32.4,32.1,22.71792,75.8333,ERA5,Asia/Kolkata,Open-Meteo Historical Weather API
MP-Indore,2012-07-01,28.4,33.5,24.3,0.8,0.8,1.0,67,4.16,0.336,0.289,0.278,30.8,31.5,22.71792,75.8333,ERA5,Asia/Kolkata,Open-Meteo Historical Weather API
MP-Indore,2012-07-02,28.3,34.3,23.8,11.5,11.5,9.0,73,4.77,0.385,0.299,0.284,30.3,30.9,22.71792,75.8333,ERA5,Asia/Kolkata,Open-Meteo Historical Weather API
MP-Indore,2012-07-03,27.3,31.6,24.3,21.8,21.8,7.0,78,4.61,0.43,0.317,0.285,30.0,30.6,22.71792,75.8333,ERA5,Asia/Kolkata,Open-Meteo Historical Weather API
MP-Indore,2012-07-04,25.7,29.1,23.5,102.4,102.4,20.0,88,2.27,0.497,0.46,0.319,27.9,29.6,22.71792,75.8333,ERA5,Asia/Kolkata,Open-Meteo Historical Weather API
MP-Indore,2012-07-05,25.9,27.9,24.4,15.2,15.2,21.0,88,2.49,0.502,0.496,0.343,27.6,28.5,22.71792,75.8333,ERA5,Asia/Kolkata,Open-Meteo Historical Weather API
MP-Indore,2012-07-06,24.9,26.2,23.5,5.8,5.8,17.0,90,1.38,0.5,0.492,0.353,26.4,27.5,22.71792,75.8333,ERA5,Asia/Kolkata,Open-Meteo Historical Weather API
MP-Indore,2012-07-07,25.7,28.4,23.7,8.2,8.2,21.0,86,2.8,0.501,0.488,0.359,26.6,27.0,22.71792,75.8333,ERA5,Asia/Kolkata,Open-Meteo Historical Weather API
MP-Indore,2012-07-08,25.7,28.6,23.8,4.4,4.4,9.0,85,2.06,0.499,0.489,0.365,26.5,26.8,22.71792,75.8333,ERA5,Asia/Kolkata,Open-Meteo Historical Weather API
MP-Indore,2012-07-09,25.5,28.1,24.2,23.2,23.2,19.0,90,2.23,0.502,0.492,0.37,26.4,26.8,22.71792,75.8333,ERA5,Asia/Kolkata,Open-Meteo Historical Weather API
MP-Indore,2012-07-10,23.9,26.0,23.1,60.6,60.6,23.0,95,1.12,0.508,0.515,0.427,25.3,26.5,22.71792,75.8333,ERA5,Asia/Kolkata,Open-Meteo Historical Weather API
MP-Indore,2012-07-11,26.6,30.0,23.2,3.6,3.6,14.0,82,4.07,0.498,0.502,0.457,27.0,26.4,22.71792,75.8333,ERA5,Asia/Kolkata,Open-Meteo Historical Weather API
MP-Indore,2012-07-12,27.5,31.6,24.4,1.6,1.6,6.0,80,4.39,0.482,0.488,0.459,28.0,27.4,22.71792,75.8333,ERA5,Asia/Kolkata,Open-Meteo Historical Weather API
MP-Indore,2012-07-13,27.3,30.4,24.7,1.7,1.7,10.0,79,3.82,0.472,0.478,0.458,27.9,27.7,22.71792,75.8333,ERA5,Asia/Kolkata,Open-Meteo Historical Weather API
MP-Indore,2012-07-14,26.3,28.8,24.6,2.5,2.5,8.0,81,2.99,0.477,0.472,0.457,27.1,27.3,22.71792,75.8333,ERA5,Asia/Kolkata,Open-Meteo Historical Weather API
MP-Indore,2012-07-15,27.5,30.9,24.4,0.9,0.9,8.0,74,4.67,0.472,0.47,0.456,27.8,27.2,22.71792,75.8333,ERA5,Asia/Kolkata,Open-Meteo Historical Weather API
MP-Indore,2012-07-16,27.4,30.7,24.5,1.4,1.4,5.0,76,4.36,0.46,0.463,0.454,28.1,27.5,22.71792,75.8333,ERA5,Asia/Kolkata,Open-Meteo Historical Weather API
MP-Indore,2012-07-17,26.6,29.3,24.3,7.3,7.3,6.0,81,3.41,0.467,0.462,0.451,27.7,27.5,22.71792,75.8333,ERA5,Asia/Kolkata,Open-Meteo Historical Weather API
MP-Indore,2012-07-18,27.5,31.2,24.8,0.0,0.0,0.0,78,4.34,0.455,0.458,0.448,28.2,27.6,22.71792,75.8333,ERA5,Asia/Kolkata,Open-Meteo Historical Weather API
MP-Indore,2012-07-19,27.0,30.1,24.5,1.3,1.3,6.0,77,4.12,0.446,0.452,0.446,27.9,27.6,22.71792,75.8333,ERA5,Asia/Kolkata,Open-Meteo Historical Weather API
MP-Indore,2012-07-20,27.4,30.8,24.6,0.4,0.4,3.0,77,3.75,0.438,0.445,0.444,27.8,27.5,22.71792,75.8333,ERA5,Asia/Kolkata,Open-Meteo Historical Weather API
MP-Indore,2012-07-21,27.8,31.0,24.9,1.4,1.4,6.0,77,4.18,0.434,0.438,0.442,28.2,27.6,22.71792,75.8333,ERA5,Asia/Kolkata,Open-Meteo Historical Weather API
MP-Indore,2012-07-22,25.2,27.4,24.2,26.3,26.3,22.0,90,1.54,0.494,0.469,0.441,26.3,27.1,22.71792,75.8333,ERA5,Asia/Kolkata,Open-Meteo Historical Weather API
MP-Indore,2012-07-23,24.2,25.1,23.7,57.1,57.1,24.0,93,1.28,0.511,0.513,0.47,25.2,26.0,22.71792,75.8333,ERA5,Asia/Kolkata,Open-Meteo Historical Weather API
MP-Indore,2012-07-24,24.9,26.9,23.9,4.4,4.4,17.0,89,1.99,0.501,0.509,0.494,25.5,25.6,22.71792,75.8333,ERA5,Asia/Kolkata,Open-Meteo Historical Weather API
MP-Indore,2012-07-25,25.6,27.6,23.8,0.4,0.4,3.0,85,2.42,0.49,0.499,0.494,25.8,25.8,22.71792,75.8333,ERA5,Asia/Kolkata,Open-Meteo Historical Weather API
MP-Indore,2012-07-26,25.8,28.2,24.5,3.4,3.4,7.0,83,2.48,0.481,0.49,0.492,26.0,26.0,22.71792,75.8333,ERA5,Asia/Kolkata,Open-Meteo Historical Weather API
MP-Indore,2012-07-27,24.0,24.8,23.5,27.2,27.2,23.0,93,1.0,0.507,0.508,0.497,24.8,25.5,22.71792,75.8333,ERA5,Asia/Kolkata,Open-Meteo Historical Weather API
MP-Indore,2012-07-28,23.9,24.4,23.1,56.9,56.9,24.0,92,0.97,0.509,0.514,0.516,24.5,24.9,22.71792,75.8333,ERA5,Asia/Kolkata,Open-Meteo Historical Weather API
MP-Indore,2012-07-29,23.8,24.6,23.2,21.0,21.0,24.0,90,1.43,0.51,0.51,0.516,24.2,24.6,22.71792,75.8333,ERA5,Asia/Kolkata,Open-Meteo Historical Weather API
MP-Indore,2012-07-30,23.5,24.9,22.5,28.7,28.7,24.0,92,1.06,0.511,0.507,0.516,23.8,24.2,22.71792,75.8333,ERA5,Asia/Kolkata,Open-Meteo Historical Weather API
MP-Indore,2012-07-31,23.2,24.7,22.1,26.0,26.0,21.0,92,1.23,0.503,0.5,0.516,23.8,24.2,22.71792,75.8333,ERA5,Asia/Kolkata,Open-Meteo Historical Weather API
MP-Indore,2012-08-01,24.9,28.2,22.7,4.1,4.1,12.0,85,2.57,0.494,0.484,0.509,24.8,24.5,22.71792,75.8333,ERA5,Asia/Kolkata,Open-Meteo Historical Weather API
MP-Indore,2012-08-02,25.4,28.4,23.3,1.0,1.0,5.0,82,3.48,0.484,0.481,0.504,25.6,25.2,22.71792,75.8333,ERA5,Asia/Kolkata,Open-Meteo Historical Weather API
MP-Indore,2012-08-03,25.5,27.4,23.8,0.6,0.6,3.0,81,3.17,0.469,0.472,0.5,25.7,25.6,22.71792,75.8333,ERA5,Asia/Kolkata,Open-Meteo Historical Weather API
MP-Indore,2012-08-04,25.2,27.2,23.5,0.8,0.8,4.0,85,1.82,0.464,0.466,0.497,25.3,25.5,22.71792,75.8333,ERA5,Asia/Kolkata,Open-Meteo Historical Weather API
MP-Indore,2012-08-05,25.9,28.7,23.6,1.6,1.6,9.0,82,3.66,0.463,0.461,0.493,26.2,25.6,22.71792,75.8333,ERA5,Asia/Kolkata,Open-Meteo Historical Weather API
MP-Indore,2012-08-06,25.5,27.7,23.6,6.9,6.9,12.0,86,2.4,0.476,0.461,0.491,25.8,25.9,22.71792,75.8333,ERA5,Asia/Kolkata,Open-Meteo Historical Weather API
MP-Indore,2012-08-07,24.5,26.6,23.4,45.9,45.9,22.0,90,1.83,0.509,0.506,0.496,25.0,25.3,22.71792,75.8333,ERA5,Asia/Kolkata,Open-Meteo Historical Weather API
MP-Indore,2012-08-08,24.5,26.8,23.6,13.6,13.6,17.0,92,1.95,0.505,0.508,0.514,25.2,25.0,22.71792,75.8333,ERA5,Asia/Kolkata,Open-Meteo Historical Weather API
MP-Indore,2012-08-09,23.9,25.0,23.3,20.5,20.5,24.0,95,1.18,0.508,0.512,0.515,24.6,24.9,22.71792,75.8333,ERA5,Asia/Kolkata,Open-Meteo Historical Weather API
MP-Indore,2012-08-10,23.8,24.7,22.6,15.2,15.2,23.0,93,1.25,0.506,0.508,0.516,24.4,24.6,22.71792,75.8333,ERA5,Asia/Kolkata,Open-Meteo Historical Weather API
MP-Indore,2012-08-11,23.3,23.9,22.6,39.0,39.0,24.0,95,0.67,0.512,0.508,0.518,23.9,24.2,22.71792,75.8333,ERA5,Asia/Kolkata,Open-Meteo Historical Weather API
MP-Indore,2012-08-12,22.8,23.7,22.3,98.1,98.1,24.0,97,0.82,0.514,0.503,0.509,23.5,24.0,22.71792,75.8333,ERA5,Asia/Kolkata,Open-Meteo Historical Weather API
MP-Indore,2012-08-13,22.3,23.0,21.7,63.5,63.5,24.0,93,1.22,0.509,0.512,0.486,22.9,23.5,22.71792,75.8333,ERA5,Asia/Kolkata,Open-Meteo Historical Weather API
MP-Indore,2012-08-14,23.9,26.2,22.4,10.6,10.6,15.0,90,1.9,0.504,0.509,0.493,23.9,23.6,22.71792,75.8333,ERA5,Asia/Kolkata,Open-Meteo Historical Weather API
MP-Indore,2012-08-15,24.2,26.4,22.3,8.3,8.3,19.0,87,2.78,0.501,0.505,0.473,24.4,24.2,22.71792,75.8333,ERA5,Asia/Kolkata,Open-Meteo Historical Weather API
MP-Indore,2012-08-16,24.6,27.2,22.5,0.0,0.0,0.0,83,3.54,0.483,0.494,0.467,25.1,24.7,22.71792,75.8333,ERA5,Asia/Kolkata,Open-Meteo Historical Weather API
MP-Indore,2012-08-17,24.2,25.9,22.8,3.9,3.9,7.0,87,2.18,0.48,0.485,0.46,24.7,24.9,22.71792,75.8333,ERA5,Asia/Kolkata,Open-Meteo Historical Weather API
MP-Indore,2012-08-18,24.8,27.4,22.6,2.8,2.8,8.0,86,2.4,0.483,0.485,0.455,24.8,24.7,22.71792,75.8333,ERA5,Asia/Kolkata,Open-Meteo Historical Weather API
MP-Indore,2012-08-19,25.1,26.8,23.1,6.2,6.2,12.0,86,1.76,0.487,0.484,0.451,25.0,24.8,22.71792,75.8333,ERA5,Asia/Kolkata,Open-Meteo Historical Weather API
MP-Indore,2012-08-20,25.2,26.6,23.9,18.0,18.0,20.0,91,1.92,0.502,0.496,0.452,25.3,24.9,22.71792,75.8333,ERA5,Asia/Kolkata,Open-Meteo Historical Weather API
MP-Indore,2012-08-21,24.5,26.8,23.0,10.0,10.0,20.0,89,1.77,0.508,0.502,0.459,24.9,24.8,22.71792,75.8333,ERA5,Asia/Kolkata,Open-Meteo Historical Weather API
MP-Indore,2012-08-22,24.0,26.2,22.7,17.9,17.9,19.0,91,1.48,0.508,0.51,0.47,24.3,24.6,22.71792,75.8333,ERA5,Asia/Kolkata,Open-Meteo Historical Weather API
MP-Indore,2012-08-23,25.3,28.9,22.7,0.9,0.9,5.0,84,3.36,0.489,0.497,0.474,25.3,24.7,22.71792,75.8333,ERA5,Asia/Kolkata,Open-Meteo Historical Weather API
MP-Indore,2012-08-24,25.4,29.2,22.8,7.6,7.6,7.0,82,3.43,0.486,0.487,0.471,25.6,25.3,22.71792,75.8333,ERA5,Asia/Kolkata,Open-Meteo Historical Weather API
MP-Indore,2012-08-25,25.5,28.9,22.8,1.0,1.0,6.0,84,3.42,0.482,0.483,0.467,26.0,25.5,22.71792,75.8333,ERA5,Asia/Kolkata,Open-Meteo Historical Weather API
MP-Indore,2012-08-26,24.7,27.6,22.8,13.7,13.7,11.0,88,2.72,0.489,0.486,0.464,25.6,25.6,22.71792,75.8333,ERA5,Asia/Kolkata,Open-Meteo Historical Weather API
MP-Indore,2012-08-27,24.6,26.3,23.4,11.9,11.9,23.0,91,1.96,0.508,0.505,0.465,25.4,25.3,22.71792,75.8333,ERA5,Asia/Kolkata,Open-Meteo Historical Weather API
MP-Indore,2012-08-28,25.2,27.9,23.4,8.7,8.7,10.0,91,1.9,0.5,0.506,0.47,25.6,25.2,22.71792,75.8333,ERA5,Asia/Kolkata,Open-Meteo Historical Weather API
MP-Indore,2012-08-29,26.1,28.3,23.9,4.1,4.1,8.0,88,2.52,0.497,0.502,0.473,26.4,25.5,22.71792,75.8333,ERA5,Asia/Kolkata,Open-Meteo Historical Weather API
MP-Indore,2012-08-30,26.2,29.5,24.0,8.8,8.8,9.0,87,2.37,0.498,0.501,0.477,26.7,25.8,22.71792,75.8333,ERA5,Asia/Kolkata,Open-Meteo Historical Weather API
MP-Indore,2012-08-31,25.8,29.5,23.5,10.4,10.4,12.0,89,3.0,0.5,0.504,0.481,26.9,26.0,22.71792,75.8333,ERA5,Asia/Kolkata,Open-Meteo Historical Weather API
MP-Indore,2012-09-01,26.1,29.2,23.8,17.5,17.5,8.0,89,2.49,0.499,0.507,0.487,26.9,26.2,22.71792,75.8333,ERA5,Asia/Kolkata,Open-Meteo Historical Weather API
MP-Indore,2012-09-02,26.4,30.5,24.2,2.9,2.9,3.0,87,3.3,0.489,0.497,0.492,27.3,26.4,22.71792,75.8333,ERA5,Asia/Kolkata,Open-Meteo Historical Weather API
MP-Indore,2012-09-03,25.7,28.8,23.6,12.0,12.0,12.0,88,2.74,0.497,0.494,0.49,26.8,26.4,22.71792,75.8333,ERA5,Asia/Kolkata,Open-Meteo Historical Weather API
MP-Indore,2012-09-04,25.5,29.3,23.1,8.9,8.9,18.0,88,2.54,0.5,0.507,0.495,26.6,26.3,22.71792,75.8333,ERA5,Asia/Kolkata,Open-Meteo Historical Weather API
MP-Indore,2012-09-05,25.0,27.2,23.5,24.2,24.2,18.0,92,1.85,0.503,0.504,0.498,26.1,26.0,22.71792,75.8333,ERA5,Asia/Kolkata,Open-Meteo Historical Weather API
MP-Indore,2012-09-06,23.5,25.9,22.8,35.9,35.9,23.0,97,1.5,0.507,0.511,0.491,25.1,25.6,22.71792,75.8333,ERA5,Asia/Kolkata,Open-Meteo Historical Weather API
MP-Indore,2012-09-07,23.6,25.7,22.4,34.6,34.6,20.0,95,1.07,0.505,0.509,0.494,24.2,24.8,22.71792,75.8333,ERA5,Asia/Kolkata,Open-Meteo Historical Weather API
MP-Indore,2012-09-08,26.0,29.9,22.8,0.8,0.8,4.0,84,3.7,0.484,0.491,0.494,26.0,25.0,22.71792,75.8333,ERA5,Asia/Kolkata,Open-Meteo Historical Weather API
MP-Indore,2012-09-09,26.1,28.8,23.2,0.7,0.7,3.0,85,4.09,0.469,0.477,0.486,27.0,25.9,22.71792,75.8333,ERA5,Asia/Kolkata,Open-Meteo Historical Weather API
MP-Indore,2012-09-10,26.1,30.1,23.5,3.3,3.3,4.0,84,3.68,0.462,0.468,0.478,27.1,26.4,22.71792,75.8333,ERA5,Asia/Kolkata,Open-Meteo Historical Weather API
MP-Indore,2012-09-11,24.0,25.7,23.2,23.7,23.7,14.0,88,1.58,0.504,0.506,0.481,25.2,25.9,22.71792,75.8333,ERA5,Asia/Kolkata,Open-Meteo Historical Weather API
MP-Indore,2012-09-12,24.6,26.7,22.7,0.3,0.3,3.0,85,3.09,0.484,0.495,0.482,25.3,25.2,22.71792,75.8333,ERA5,Asia/Kolkata,Open-Meteo Historical Weather API
MP-Indore,2012-09-13,24.8,27.8,22.1,1.1,1.1,5.0,85,3.38,0.476,0.483,0.477,25.5,25.3,22.71792,75.8333,ERA5,Asia/Kolkata,Open-Meteo Historical Weather API
MP-Indore,2012-09-14,24.9,28.2,22.8,1.4,1.4,7.0,86,2.41,0.473,0.476,0.472,25.4,25.4,22.71792,75.8333,ERA5,Asia/Kolkata,Open-Meteo Historical Weather API
MP-Indore,2012-09-15,25.0,27.5,22.3,1.0,1.0,5.0,83,3.27,0.47,0.471,0.467,25.6,25.4,22.71792,75.8333,ERA5,Asia/Kolkata,Open-Meteo Historical Weather API
MP-Indore,2012-09-16,24.8,28.2,22.3,0.0,0.0,0.0,81,3.45,0.459,0.464,0.462,25.5,25.5,22.71792,75.8333,ERA5,Asia/Kolkata,Open-Meteo Historical Weather API
MP-Indore,2012-09-17,24.9,28.9,21.3,0.7,0.7,6.0,82,3.41,0.45,0.457,0.457,25.4,25.3,22.71792,75.8333,ERA5,Asia/Kolkata,Open-Meteo Historical Weather API
MP-Indore,2012-09-18,25.3,28.7,21.8,0.1,0.1,1.0,79,3.96,0.441,0.45,0.452,26.0,25.4,22.71792,75.8333,ERA5,Asia/Kolkata,Open-Meteo Historical Weather API
MP-Indore,2012-09-19,25.7,29.0,22.3,0.7,0.7,3.0,80,3.82,0.429,0.441,0.446,26.4,25.7,22.71792,75.8333,ERA5,Asia/Kolkata,Open-Meteo Historical Weather API
MP-Indore,2012-09-20,26.3,31.1,22.8,2.3,2.3,5.0,80,4.08,0.438,0.434,0.441,26.9,26.1,22.71792,75.8333,ERA5,Asia/Kolkata,Open-Meteo Historical Weather API
MP-Indore,2012-09-21,26.2,30.9,23.3,4.0,4.0,4.0,81,4.03,0.451,0.435,0.436,27.1,26.4,22.71792,75.8333,ERA5,Asia/Kolkata,Open-Meteo Historical Weather API
MP-Indore,2012-09-22,26.0,30.6,23.3,3.9,3.9,5.0,82,3.63,0.452,0.438,0.432,26.9,26.4,22.71792,75.8333,ERA5,Asia/Kolkata,Open-Meteo Historical Weather API
MP-Indore,2012-09-23,25.9,29.8,23.4,0.9,0.9,2.0,82,3.53,0.453,0.436,0.428,26.8,26.3,22.71792,75.8333,ERA5,Asia/Kolkata,Open-Meteo Historical Weather API
MP-Indore,2012-09-24,24.7,29.1,22.9,8.6,8.6,7.0,85,2.97,0.458,0.437,0.424,26.1,26.0,22.71792,75.8333,ERA5,Asia/Kolkata,Open-Meteo Historical Weather API
MP-Indore,2012-09-25,24.5,29.3,21.7,1.8,1.8,5.0,83,3.13,0.465,0.442,0.421,25.7,25.5,22.71792,75.8333,ERA5,Asia/Kolkata,Open-Meteo Historical Weather API
MP-Indore,2012-09-26,25.0,28.7,21.9,4.4,4.4,9.0,81,3.7,0.461,0.443,0.418,26.2,25.5,22.71792,75.8333,ERA5,Asia/Kolkata,Open-Meteo Historical Weather API
MP-Indore,2012-09-27,25.7,30.4,22.2,0.1,0.1,1.0,75,4.18,0.452,0.446,0.416,26.5,25.8,22.71792,75.8333,ERA5,Asia/Kolkata,Open-Meteo Historical Weather API
MP-Indore,2012-09-28,25.9,31.6,21.0,0.0,0.0,0.0,67,4.66,0.431,0.435,0.413,26.4,25.8,22.71792,75.8333,ERA5,Asia/Kolkata,Open-Meteo Historical Weather API
MP-Indore,2012-09-29,26.3,32.4,20.6,0.0,0.0,0.0,63,5.07,0.409,0.422,0.409,26.2,25.7,22.71792,75.8333,ERA5,Asia/Kolkata,Open-Meteo Historical Weather API
MP-Indore,2012-09-30,27.3,33.0,21.8,0.0,0.0,0.0,61,5.11,0.388,0.408,0.403,27.0,26.0,22.71792,75.8333,ERA5,Asia/Kolkata,Open-Meteo Historical Weather API
MP-Indore,2012-10-01,27.9,33.0,23.2,1.5,1.5,1.0,63,4.86,0.372,0.393,0.396,27.7,26.6,22.71792,75.8333,ERA5,Asia/Kolkata,Open-Meteo Historical Weather API
MP-Indore,2012-10-02,27.9,32.7,23.5,0.1,0.1,1.0,64,4.79,0.362,0.379,0.389,28.1,27.1,22.71792,75.8333,ERA5,Asia/Kolkata,Open-Meteo Historical Weather API
MP-Indore,2012-10-03,27.5,33.8,22.1,0.0,0.0,0.0,61,4.85,0.343,0.365,0.381,28.2,27.3,22.71792,75.8333,ERA5,Asia/Kolkata,Open-Meteo Historical Weather API
MP-Indore,2012-10-04,27.5,32.9,22.6,0.0,0.0,0.0,67,4.93,0.326,0.354,0.376,28.0,27.4,22.71792,75.8333,ERA5,Asia/Kolkata,Open-Meteo Historical Weather API
MP-Indore,2012-10-05,27.1,32.6,22.5,0.0,0.0,0.0,71,4.12,0.316,0.344,0.37,28.3,27.6,22.71792,75.8333,ERA5,Asia/Kolkata,Open-Meteo Historical Weather API
MP-Indore,2012-10-06,27.8,33.7,22.9,0.0,0.0,0.0,66,4.34,0.308,0.338,0.366,28.6,27.7,22.71792,75.8333,ERA5,Asia/Kolkata,Open-Meteo Historical Weather API
MP-Indore,2012-10-07,27.7,32.3,23.0,0.0,0.0,0.0,61,4.5,0.298,0.328,0.36,28.5,27.8,22.71792,75.8333,ERA5,Asia/Kolkata,Open-Meteo Historical Weather API
MP-Indore,2012-10-08,27.7,33.5,23.6,0.8,0.8,1.0,59,4.41,0.289,0.319,0.354,28.6,27.9,22.71792,75.8333,ERA5,Asia/Kolkata,Open-Meteo Historical Weather API
MP-Indore,2012-10-09,26.9,32.4,22.4,0.0,0.0,0.0,60,4.18,0.286,0.312,0.35,28.2,27.9,22.71792,75.8333,ERA5,Asia/Kolkata,Open-Meteo Historical Weather API
MP-Indore,2012-10-10,27.5,33.7,21.6,0.0,0.0,0.0,55,4.56,0.282,0.306,0.346,28.4,27.9,22.71792,75.8333,ERA5,Asia/Kolkata,Open-Meteo Historical Weather API
MP-Indore,2012-10-11,27.2,32.9,21.7,0.0,0.0,0.0,46,5.34,0.274,0.297,0.337,28.2,27.9,22.71792,75.8333,ERA5,Asia/Kolkata,Open-Meteo Historical Weather API
MP-Indore,2012-10-12,26.9,33.5,20.9,0.0,0.0,0.0,45,5.45,0.268,0.29,0.33,28.0,27.7,22.71792,75.8333,ERA5,Asia/Kolkata,Open-Meteo Historical Weather API
MP-Indore,2012-10-13,27.0,33.9,20.4,0.0,0.0,0.0,44,5.27,0.265,0.286,0.326,28.3,27.9,22.71792,75.8333,ERA5,Asia/Kolkata,Open-Meteo Historical Weather API
MP-Indore,2012-10-14,27.1,34.5,20.9,0.0,0.0,0.0,42,5.18,0.266,0.284,0.324,28.2,28.1,22.71792,75.8333,ERA5,Asia/Kolkata,Open-Meteo Historical Weather API
MP-Indore,2012-10-15,26.4,33.7,20.1,0.0,0.0,0.0,43,5.08,0.264,0.282,0.322,27.7,27.9,22.71792,75.8333,ERA5,Asia/Kolkata,Open-Meteo Historical Weather API
MP-Indore,2012-10-16,26.8,33.8,21.3,0.0,0.0,0.0,44,5.19,0.263,0.282,0.322,27.6,27.6,22.71792,75.8333,ERA5,Asia/Kolkata,Open-Meteo Historical Weather API
MP-Indore,2012-10-17,26.2,33.3,20.3,0.0,0.0,0.0,46,4.86,0.265,0.283,0.323,27.4,27.5,22.71792,75.8333,ERA5,Asia/Kolkata,Open-Meteo Historical Weather API
MP-Indore,2012-10-18,26.6,33.1,20.7,0.0,0.0,0.0,44,4.89,0.261,0.28,0.32,27.6,27.4,22.71792,75.8333,ERA5,Asia/Kolkata,Open-Meteo Historical Weather API
MP-Indore,2012-10-19,26.6,33.2,21.1,0.0,0.0,0.0,42,4.9,0.26,0.278,0.317,27.5,27.6,22.71792,75.8333,ERA5,Asia/Kolkata,Open-Meteo Historical Weather API
MP-Indore,2012-10-20,26.4,32.8,20.7,0.0,0.0,0.0,45,5.05,0.259,0.278,0.318,27.4,27.5,22.71792,75.8333,ERA5,Asia/Kolkata,Open-Meteo Historical Weather API
MP-Indore,2012-10-21,26.2,33.0,18.8,0.0,0.0,0.0,48,4.94,0.257,0.277,0.317,27.5,27.5,22.71792,75.8333,ERA5,Asia/Kolkata,Open-Meteo Historical Weather API
MP-Indore,2012-10-22,25.6,32.1,19.7,0.0,0.0,0.0,54,4.77,0.26,0.276,0.315,27.7,27.5,22.71792,75.8333,ERA5,Asia/Kolkata,Open-Meteo Historical Weather API
MP-Indore,2012-10-23,26.0,32.7,19.7,0.0,0.0,0.0,51,4.63,0.259,0.276,0.315,27.5,27.4,22.71792,75.8333,ERA5,Asia/Kolkata,Open-Meteo Historical Weather API
MP-Indore,2012-10-24,26.3,32.9,19.7,0.0,0.0,0.0,44,4.87,0.26,0.276,0.315,27.4,27.4,22.71792,75.8333,ERA5,Asia/Kolkata,Open-Meteo Historical Weather API
MP-Indore,2012-10-25,25.5,32.1,19.6,0.0,0.0,0.0,43,4.57,0.257,0.274,0.313,27.3,27.5,22.71792,75.8333,ERA5,Asia/Kolkata,Open-Meteo Historical Weather API
MP-Indore,2012-10-26,25.2,31.9,19.5,0.0,0.0,0.0,43,4.63,0.259,0.272,0.31,27.3,27.4,22.71792,75.8333,ERA5,Asia/Kolkata,Open-Meteo Historical Weather API
MP-Indore,2012-10-27,24.8,31.7,19.4,0.0,0.0,0.0,46,4.96,0.261,0.271,0.307,27.0,27.2,22.71792,75.8333,ERA5,Asia/Kolkata,Open-Meteo Historical Weather API
MP-Indore,2012-10-28,24.4,31.5,18.5,0.0,0.0,0.0,38,5.44,0.261,0.271,0.304,26.6,26.9,22.71792,75.8333,ERA5,Asia/Kolkata,Open-Meteo Historical Weather API
MP-Indore,2012-10-29,23.7,31.7,15.7,0.0,0.0,0.0,38,5.34,0.261,0.272,0.302,25.7,26.3,22.71792,75.8333,ERA5,Asia/Kolkata,Open-Meteo Historical Weather API
MP-Indore,2012-10-30,23.3,30.8,16.9,0.0,0.0,0.0,41,5.41,0.262,0.272,0.301,25.3,26.0,22.71792,75.8333,ERA5,Asia/Kolkata,Open-Meteo Historical Weather API
MP-Indore,2012-10-31,22.5,30.0,15.4,0.0,0.0,0.0,44,5.12,0.263,0.272,0.301,24.6,25.5,22.71792,75.8333,ERA5,Asia/Kolkata,Open-Meteo Historical Weather API
MP-Indore,2012-11-01,22.9,29.8,16.7,0.0,0.0,0.0,41,5.03,0.262,0.272,0.301,24.5,25.2,22.71792,75.8333,ERA5,Asia/Kolkata,Open-Meteo Historical Weather API
MP-Indore,2012-11-02,24.3,30.8,18.8,0.0,0.0,0.0,41,5.31,0.26,0.271,0.299,25.5,25.5,22.71792,75.8333,ERA5,Asia/Kolkata,Open-Meteo Historical Weather API
MP-Indore,2012-11-03,23.7,30.6,17.4,0.0,0.0,0.0,43,5.32,0.258,0.271,0.297,25.6,25.8,22.71792,75.8333,ERA5,Asia/Kolkata,Open-Meteo Historical Weather API
MP-Indore,2012-11-04,22.8,30.4,16.4,0.0,0.0,0.0,39,5.14,0.255,0.27,0.295,25.1,25.8,22.71792,75.8333,ERA5,Asia/Kolkata,Open-Meteo Historical Weather API
MP-Indore,2012-11-05,21.7,29.2,14.9,0.0,0.0,0.0,39,4.79,0.258,0.27,0.294,24.4,25.3,22.71792,75.8333,ERA5,Asia/Kolkata,Open-Meteo Historical Weather API
MP-Indore,2012-11-06,21.2,29.5,14.0,0.0,0.0,0.0,39,4.71,0.261,0.271,0.291,23.7,24.7,22.71792,75.8333,ERA5,Asia/Kolkata,Open-Meteo Historical Weather API
MP-Indore,2012-11-07,21.3,29.7,13.7,0.0,0.0,0.0,37,4.42,0.26,0.27,0.288,23.4,24.5,22.71792,75.8333,ERA5,Asia/Kolkata,Open-Meteo Historical Weather API
MP-Indore,2012-11-08,21.7,30.1,13.5,0.0,0.0,0.0,39,4.19,0.265,0.27,0.291,23.2,24.3,22.71792,75.8333,ERA5,Asia/Kolkata,Open-Meteo Historical Weather API
MP-Indore,2012-11-09,22.5,30.3,15.5,0.0,0.0,0.0,42,4.47,0.267,0.272,0.294,23.6,24.3,22.71792,75.8333,ERA5,Asia/Kolkata,Open-Meteo Historical Weather API
MP-Indore,2012-11-10,22.7,30.0,16.0,0.0,0.0,0.0,46,4.53,0.267,0.272,0.293,23.7,24.3,22.71792,75.8333,ERA5,Asia/Kolkata,Open-Meteo Historical Weather API
MP-Indore,2012-11-11,23.9,31.2,16.8,0.0,0.0,0.0,45,4.35,0.264,0.271,0.293,24.6,24.8,22.71792,75.8333,ERA5,Asia/Kolkata,Open-Meteo Historical Weather API
MP-Indore,2012-11-12,23.6,29.6,18.7,0.0,0.0,0.0,50,3.7,0.266,0.271,0.294,24.7,25.2,22.71792,75.8333,ERA5,Asia/Kolkata,Open-Meteo Historical Weather API
MP-Indore,2012-11-13,23.1,29.5,17.8,0.0,0.0,0.0,51,3.59,0.266,0.272,0.297,24.2,24.8,22.71792,75.8333,ERA5,Asia/Kolkata,Open-Meteo Historical Weather API
MP-Indore,2012-11-14,23.3,29.5,18.6,0.0,0.0,0.0,48,3.59,0.265,0.271,0.296,24.5,24.7,22.71792,75.8333,ERA5,Asia/Kolkata,Open-Meteo Historical Weather API
MP-Indore,2012-11-15,21.7,29.3,15.3,0.0,0.0,0.0,45,4.32,0.266,0.269,0.294,23.9,24.7,22.71792,75.8333,ERA5,Asia/Kolkata,Open-Meteo Historical Weather API
MP-Indore,2012-11-16,20.9,29.3,13.4,0.0,0.0,0.0,37,4.57,0.265,0.27,0.292,22.9,24.1,22.71792,75.8333,ERA5,Asia/Kolkata,Open-Meteo Historical Weather API
MP-Indore,2012-11-17,20.9,28.9,14.1,0.0,0.0,0.0,36,4.7,0.265,0.27,0.29,22.8,23.7,22.71792,75.8333,ERA5,Asia/Kolkata,Open-Meteo Historical Weather API
MP-Indore,2012-11-18,20.7,29.0,12.7,0.0,0.0,0.0,38,4.81,0.265,0.27,0.29,22.4,23.6,22.71792,75.8333,ERA5,Asia/Kolkata,Open-Meteo Historical Weather API
MP-Indore,2012-11-19,20.8,28.9,13.3,0.0,0.0,0.0,39,4.77,0.264,0.27,0.289,22.4,23.4,22.71792,75.8333,ERA5,Asia/Kolkata,Open-Meteo Historical Weather API
MP-Indore,2012-11-20,20.6,27.8,14.3,0.0,0.0,0.0,41,4.63,0.263,0.27,0.286,22.4,23.3,22.71792,75.8333,ERA5,Asia/Kolkata,Open-Meteo Historical Weather API
MP-Indore,2012-11-21,20.2,27.7,13.5,0.0,0.0,0.0,45,4.35,0.264,0.27,0.286,22.0,23.0,22.71792,75.8333,ERA5,Asia/Kolkata,Open-Meteo Historical Weather API
MP-Indore,2012-11-22,20.8,28.6,14.2,0.0,0.0,0.0,47,3.97,0.268,0.272,0.288,21.9,22.7,22.71792,75.8333,ERA5,Asia/Kolkata,Open-Meteo Historical Weather API
MP-Indore,2012-11-23,21.2,29.6,14.0,0.0,0.0,0.0,46,4.39,0.268,0.273,0.289,22.2,22.7,22.71792,75.8333,ERA5,Asia/Kolkata,Open-Meteo Historical Weather API
MP-Indore,2012-11-24,21.3,29.4,14.2,0.0,0.0,0.0,44,4.07,0.269,0.273,0.289,22.5,23.0,22.71792,75.8333,ERA5,Asia/Kolkata,Open-Meteo Historical Weather API
MP-Indore,2012-11-25,21.8,29.7,13.8,0.0,0.0,0.0,45,3.94,0.269,0.273,0.288,22.3,22.9,22.71792,75.8333,ERA5,Asia/Kolkata,Open-Meteo Historical Weather API
MP-Indore,2012-11-26,22.6,30.3,14.8,0.0,0.0,0.0,47,3.78,0.266,0.274,0.286,23.0,23.0,22.71792,75.8333,ERA5,Asia/Kolkata,Open-Meteo Historical Weather API
MP-Indore,2012-11-27,22.7,30.2,15.5,0.0,0.0,0.0,53,3.97,0.271,0.274,0.285,23.6,23.4,22.71792,75.8333,ERA5,Asia/Kolkata,Open-Meteo Historical Weather API
MP-Indore,2012-11-28,23.0,30.9,16.8,0.0,0.0,0.0,50,3.88,0.268,0.272,0.284,24.1,24.0,22.71792,75.8333,ERA5,Asia/Kolkata,Open-Meteo Historical Weather API
MP-Indore,2012-11-29,21.8,30.4,13.9,0.0,0.0,0.0,40,4.27,0.271,0.272,0.284,23.4,23.9,22.71792,75.8333,ERA5,Asia/Kolkata,Open-Meteo Historical Weather API
MP-Indore,2012-11-30,21.0,28.7,14.9,0.0,0.0,0.0,44,4.26,0.271,0.272,0.285,22.7,23.5,22.71792,75.8333,ERA5,Asia/Kolkata,Open-Meteo Historical Weather API
MP-Indore,2012-12-01,20.3,27.3,14.6,0.0,0.0,0.0,52,4.04,0.273,0.273,0.286,22.4,23.1,22.71792,75.8333,ERA5,Asia/Kolkata,Open-Meteo Historical Weather API
MP-Indore,2012-12-02,21.5,28.7,15.6,0.0,0.0,0.0,55,3.87,0.275,0.273,0.287,23.0,23.0,22.71792,75.8333,ERA5,Asia/Kolkata,Open-Meteo Historical Weather API
MP-Indore,2012-12-03,22.3,29.0,16.8,0.0,0.0,0.0,57,3.89,0.272,0.273,0.285,23.7,23.4,22.71792,75.8333,ERA5,Asia/Kolkata,Open-Meteo Historical Weather API
MP-Indore,2012-12-04,21.8,28.6,16.8,0.0,0.0,0.0,48,4.34,0.27,0.272,0.285,23.4,23.7,22.71792,75.8333,ERA5,Asia/Kolkata,Open-Meteo Historical Weather API
MP-Indore,2012-12-05,21.5,29.3,14.9,0.0,0.0,0.0,43,4.18,0.266,0.272,0.284,23.0,23.2,22.71792,75.8333,ERA5,Asia/Kolkata,Open-Meteo Historical Weather API
MP-Indore,2012-12-06,22.4,30.5,15.3,0.0,0.0,0.0,41,4.13,0.262,0.271,0.282,23.6,23.3,22.71792,75.8333,ERA5,Asia/Kolkata,Open-Meteo Historical Weather API
MP-Indore,2012-12-07,23.4,32.0,15.5,0.0,0.0,0.0,44,3.91,0.262,0.272,0.285,24.0,23.7,22.71792,75.8333,ERA5,Asia/Kolkata,Open-Meteo Historical Weather API
MP-Indore,2012-12-08,24.3,32.3,18.2,0.0,0.0,0.0,48,3.96,0.263,0.275,0.288,24.4,24.2,22.71792,75.8333,ERA5,Asia/Kolkata,Open-Meteo Historical Weather API
MP-Indore,2012-12-09,23.1,31.0,17.2,0.0,0.0,0.0,47,4.29,0.27,0.275,0.289,24.4,24.6,22.71792,75.8333,ERA5,Asia/Kolkata,Open-Meteo Historical Weather API
MP-Indore,2012-12-10,21.8,29.4,15.4,0.0,0.0,0.0,45,4.11,0.267,0.275,0.289,23.7,24.2,22.71792,75.8333,ERA5,Asia/Kolkata,Open-Meteo Historical Weather API
MP-Indore,2012-12-11,21.2,27.8,15.7,0.0,0.0,0.0,47,4.3,0.266,0.274,0.288,23.1,23.7,22.71792,75.8333,ERA5,Asia/Kolkata,Open-Meteo Historical Weather API
MP-Indore,2012-12-12,19.9,27.1,13.9,0.0,0.0,0.0,48,3.69,0.266,0.275,0.289,22.0,23.1,22.71792,75.8333,ERA5,Asia/Kolkata,Open-Meteo Historical Weather API
MP-Indore,2012-12-13,20.0,27.9,13.4,0.0,0.0,0.0,46,3.91,0.267,0.276,0.29,21.3,22.4,22.71792,75.8333,ERA5,Asia/Kolkata,Open-Meteo Historical Weather API
MP-Indore,2012-12-14,19.9,29.0,12.7,0.0,0.0,0.0,48,3.81,0.266,0.274,0.288,21.5,22.1,22.71792,75.8333,ERA5,Asia/Kolkata,Open-Meteo Historical Weather API
MP-Indore,2012-12-15,21.0,28.8,14.7,0.0,0.0,0.0,52,3.58,0.264,0.274,0.289,21.8,22.3,22.71792,75.8333,ERA5,Asia/Kolkata,Open-Meteo Historical Weather API
MP-Indore,2012-12-16,22.0,29.1,14.9,0.0,0.0,0.0,53,3.31,0.266,0.276,0.29,22.4,22.5,22.71792,75.8333,ERA5,Asia/Kolkata,Open-Meteo Historical Weather API
MP-Indore,2012-12-17,20.9,27.7,15.6,0.0,0.0,0.0,58,3.48,0.265,0.279,0.291,22.5,22.9,22.71792,75.8333,ERA5,Asia/Kolkata,Open-Meteo Historical Weather API
MP-Indore,2012-12-18,20.6,28.1,14.7,0.0,0.0,0.0,59,3.53,0.267,0.28,0.293,22.4,22.8,22.71792,75.8333,ERA5,Asia/Kolkata,Open-Meteo Historical Weather API
MP-Indore,2012-12-19,19.5,26.3,14.4,0.0,0.0,0.0,53,3.75,0.271,0.282,0.295,21.6,22.5,22.71792,75.8333,ERA5,Asia/Kolkata,Open-Meteo Historical Weather API
MP-Indore,2012-12-20,18.0,25.6,11.8,0.0,0.0,0.0,47,3.62,0.272,0.284,0.296,20.5,21.7,22.71792,75.8333,ERA5,Asia/Kolkata,Open-Meteo Historical Weather API
MP-Indore,2012-12-21,18.3,26.4,11.3,0.0,0.0,0.0,42,3.84,0.272,0.282,0.296,20.0,21.0,22.71792,75.8333,ERA5,Asia/Kolkata,Open-Meteo Historical Weather API
MP-Indore,2012-12-22,19.1,27.0,12.5,0.0,0.0,0.0,41,4.0,0.268,0.279,0.294,20.7,21.0,22.71792,75.8333,ERA5,Asia/Kolkata,Open-Meteo Historical Weather API
MP-Indore,2012-12-23,18.5,26.1,11.7,0.0,0.0,0.0,42,3.99,0.266,0.279,0.293,20.3,21.0,22.71792,75.8333,ERA5,Asia/Kolkata,Open-Meteo Historical Weather API
MP-Indore,2012-12-24,18.4,26.5,12.1,0.0,0.0,0.0,41,3.87,0.267,0.279,0.294,20.2,20.9,22.71792,75.8333,ERA5,Asia/Kolkata,Open-Meteo Historical Weather API
MP-Indore,2012-12-25,17.1,25.7,10.2,0.0,0.0,0.0,40,3.91,0.267,0.278,0.293,19.2,20.5,22.71792,75.8333,ERA5,Asia/Kolkata,Open-Meteo Historical Weather API
MP-Indore,2012-12-26,17.3,25.6,10.4,0.0,0.0,0.0,41,3.87,0.266,0.276,0.291,19.1,20.0,22.71792,75.8333,ERA5,Asia/Kolkata,Open-Meteo Historical Weather API
MP-Indore,2012-12-27,16.9,25.0,10.0,0.0,0.0,0.0,46,3.78,0.264,0.276,0.29,18.8,19.9,22.71792,75.8333,ERA5,Asia/Kolkata,Open-Meteo Historical Weather API
MP-Indore,2012-12-28,17.5,26.0,10.1,0.0,0.0,0.0,47,3.87,0.265,0.276,0.29,18.8,19.7,22.71792,75.8333,ERA5,Asia/Kolkata,Open-Meteo Historical Weather API
MP-Indore,2012-12-29,19.0,26.6,11.7,0.0,0.0,0.0,48,3.7,0.263,0.276,0.291,19.3,19.7,22.71792,75.8333,ERA5,Asia/Kolkata,Open-Meteo Historical Weather API
MP-Indore,2012-12-30,19.7,27.2,12.2,0.0,0.0,0.0,57,3.7,0.262,0.277,0.292,20.0,20.2,22.71792,75.8333,ERA5,Asia/Kolkata,Open-Meteo Historical Weather API
MP-Indore,2012-12-31,20.0,26.9,15.1,0.0,0.0,0.0,64,3.3,0.263,0.279,0.295,21.2,21.2,22.71792,75.8333,ERA5,Asia/Kolkata,Open-Meteo Historical Weather API
MP-Indore,2013-01-01,20.8,28.2,15.6,0.0,0.0,0.0,61,3.49,0.264,0.281,0.297,22.1,22.1,22.71792,75.8333,ERA5,Asia/Kolkata,Open-Meteo Historical Weather API
MP-Indore,2013-01-02,18.4,25.4,13.3,0.0,0.0,0.0,49,3.81,0.265,0.284,0.3,20.7,22.0,22.71792,75.8333,ERA5,Asia/Kolkata,Open-Meteo Historical Weather API
MP-Indore,2013-01-03,16.7,24.1,11.1,0.0,0.0,0.0,56,3.53,0.264,0.284,0.301,19.4,20.8,22.71792,75.8333,ERA5,Asia/Kolkata,Open-Meteo Historical Weather API
MP-Indore,2013-01-04,16.6,25.5,9.0,0.0,0.0,0.0,51,3.47,0.266,0.284,0.301,18.5,20.0,22.71792,75.8333,ERA5,Asia/Kolkata,Open-Meteo Historical Weather API
MP-Indore,2013-01-05,16.4,24.2,9.1,0.0,0.0,0.0,49,3.56,0.268,0.284,0.303,18.4,19.7,22.71792,75.8333,ERA5,Asia/Kolkata,Open-Meteo Historical Weather API
MP-Indore,2013-01-06,15.6,22.8,9.3,0.0,0.0,0.0,45,3.98,0.267,0.283,0.302,17.9,19.5,22.71792,75.8333,ERA5,Asia/Kolkata,Open-Meteo Historical Weather API
MP-Indore,2013-01-07,14.3,21.4,8.5,0.0,0.0,0.0,40,4.08,0.269,0.285,0.304,16.9,18.8,22.71792,75.8333,ERA5,Asia/Kolkata,Open-Meteo Historical Weather API
MP-Indore,2013-01-08,14.1,22.6,7.0,0.0,0.0,0.0,39,4.01,0.27,0.285,0.305,16.3,18.0,22.71792,75.8333,ERA5,Asia/Kolkata,Open-Meteo Historical Weather API
MP-Indore,2013-01-09,16.1,25.7,8.6,0.0,0.0,0.0,38,3.85,0.269,0.283,0.303,17.4,18.1,22.71792,75.8333,ERA5,Asia/Kolkata,Open-Meteo Historical Weather API
MP-Indore,2013-01-10,16.8,26.0,9.0,0.0,0.0,0.0,42,3.99,0.269,0.281,0.3,18.0,18.7,22.71792,75.8333,ERA5,Asia/Kolkata,Open-Meteo Historical Weather API
MP-Indore,2013-01-11,17.7,26.4,10.3,0.0,0.0,0.0,48,3.96,0.268,0.279,0.298,18.8,19.2,22.71792,75.8333,ERA5,Asia/Kolkata,Open-Meteo Historical Weather API
MP-Indore,2013-01-12,19.5,28.3,12.0,0.0,0.0,0.0,48,3.53,0.267,0.279,0.297,19.5,19.7,22.71792,75.8333,ERA5,Asia/Kolkata,Open-Meteo Historical Weather API
MP-Indore,2013-01-13,20.6,29.9,13.3,0.0,0.0,0.0,47,4.48,0.265,0.279,0.296,20.7,20.5,22.71792,75.8333,ERA5,Asia/Kolkata,Open-Meteo Historical Weather API
MP-Indore,2013-01-14,20.6,29.1,13.7,0.0,0.0,0.0,55,4.02,0.265,0.278,0.297,21.3,21.1,22.71792,75.8333,ERA5,Asia/Kolkata,Open-Meteo Historical Weather API
MP-Indore,2013-01-15,20.7,29.1,13.3,0.0,0.0,0.0,57,3.98,0.265,0.279,0.299,21.5,21.5,22.71792,75.8333,ERA5,Asia/Kolkata,Open-Meteo Historical Weather API
MP-Indore,2013-01-16,20.4,27.0,14.9,0.0,0.0,0.0,55,3.22,0.265,0.279,0.3,21.4,21.7,22.71792,75.8333,ERA5,Asia/Kolkata,Open-Meteo Historical Weather API
MP-Indore,2013-01-17,22.0,29.3,16.5,0.0,0.0,0.0,52,4.64,0.264,0.28,0.301,22.1,22.0,22.71792,75.8333,ERA5,Asia/Kolkata,Open-Meteo Historical Weather API
MP-Indore,2013-01-18,18.3,23.3,12.2,0.0,0.0,0.0,51,4.22,0.263,0.281,0.302,21.1,21.8,22.71792,75.8333,ERA5,Asia/Kolkata,Open-Meteo Historical Weather API
MP-Indore,2013-01-19,14.8,21.2,9.4,0.0,0.0,0.0,47,3.99,0.266,0.284,0.306,18.0,19.8,22.71792,75.8333,ERA5,Asia/Kolkata,Open-Meteo Historical Weather API
MP-Indore,2013-01-20,14.7,21.1,8.9,0.0,0.0,0.0,48,3.99,0.269,0.288,0.311,17.4,18.9,22.71792,75.8333,ERA5,Asia/Kolkata,Open-Meteo Historical Weather API
MP-Indore,2013-01-21,14.9,22.0,8.3,0.0,0.0,0.0,41,4.15,0.269,0.289,0.313,17.2,18.3,22.71792,75.8333,ERA5,Asia/Kolkata,Open-Meteo Historical Weather API
MP-Indore,2013-01-22,15.9,23.4,9.0,0.0,0.0,0.0,43,4.32,0.268,0.289,0.313,17.7,18.4,22.71792,75.8333,ERA5,Asia/Kolkata,Open-Meteo Historical Weather API
MP-Indore,2013-01-23,16.4,22.0,11.4,1.0,1.0,4.0,55,3.46,0.275,0.29,0.314,18.0,18.9,22.71792,75.8333,ERA5,Asia/Kolkata,Open-Meteo Historical Weather API
MP-Indore,2013-01-24,16.8,21.7,12.4,0.0,0.0,0.0,61,3.62,0.279,0.29,0.315,18.5,19.2,22.71792,75.8333,ERA5,Asia/Kolkata,Open-Meteo Historical Weather API
MP-Indore,2013-01-25,17.0,23.2,11.4,0.0,0.0,0.0,52,4.02,0.28,0.293,0.317,18.7,19.4,22.71792,75.8333,ERA5,Asia/Kolkata,Open-Meteo Historical Weather API
MP-Indore,2013-01-26,17.2,24.2,10.7,0.0,0.0,0.0,49,4.16,0.279,0.295,0.32,18.9,19.5,22.71792,75.8333,ERA5,Asia/Kolkata,Open-Meteo Historical Weather API
MP-Indore,2013-01-27,17.2,24.3,11.6,0.0,0.0,0.0,44,3.91,0.277,0.295,0.32,18.9,19.6,22.71792,75.8333,ERA5,Asia/Kolkata,Open-Meteo Historical Weather API
MP-Indore,2013-01-28,18.0,25.5,11.1,0.0,0.0,0.0,42,4.08,0.273,0.293,0.318,19.2,19.6,22.71792,75.8333,ERA5,Asia/Kolkata,Open-Meteo Historical Weather API
MP-Indore,2013-01-29,18.3,25.6,11.3,0.0,0.0,0.0,39,4.08,0.271,0.291,0.317,19.5,19.8,22.71792,75.8333,ERA5,Asia/Kolkata,Open-Meteo Historical Weather API
MP-Indore,2013-01-30,18.9,25.5,12.8,0.0,0.0,0.0,41,4.26,0.268,0.289,0.316,19.8,19.9,22.71792,75.8333,ERA5,Asia/Kolkata,Open-Meteo Historical Weather API
MP-Indore,2013-01-31,20.1,25.8,15.0,0.0,0.0,0.0,44,4.05,0.268,0.292,0.319,20.6,20.4,22.71792,75.8333,ERA5,Asia/Kolkata,Open-Meteo Historical Weather API
MP-Indore,2013-02-01,21.2,28.7,14.9,0.0,0.0,0.0,49,4.28,0.266,0.293,0.32,21.9,21.2,22.71792,75.8333,ERA5,Asia/Kolkata,Open-Meteo Historical Weather API
MP-Indore,2013-02-02,21.9,29.0,15.8,0.0,0.0,0.0,53,4.21,0.266,0.294,0.321,22.6,21.9,22.71792,75.8333,ERA5,Asia/Kolkata,Open-Meteo Historical Weather API
MP-Indore,2013-02-03,21.7,28.4,16.0,0.0,0.0,0.0,56,4.37,0.266,0.296,0.323,22.8,22.2,22.71792,75.8333,ERA5,Asia/Kolkata,Open-Meteo Historical Weather API
MP-Indore,2013-02-04,22.9,28.9,18.7,3.3,3.3,5.0,58,4.0,0.269,0.293,0.321,23.4,22.7,22.71792,75.8333,ERA5,Asia/Kolkata,Open-Meteo Historical Weather API
MP-Indore,2013-02-05,20.8,25.7,17.3,2.1,2.1,4.0,71,3.49,0.338,0.293,0.321,22.6,22.6,22.71792,75.8333,ERA5,Asia/Kolkata,Open-Meteo Historical Weather API
MP-Indore,2013-02-06,19.8,25.0,16.1,0.1,0.1,1.0,59,3.76,0.328,0.294,0.322,21.9,21.9,22.71792,75.8333,ERA5,Asia/Kolkata,Open-Meteo Historical Weather API
MP-Indore,2013-02-07,18.3,23.8,13.7,0.0,0.0,0.0,62,4.02,0.317,0.296,0.324,20.4,21.1,22.71792,75.8333,ERA5,Asia/Kolkata,Open-Meteo Historical Weather API
MP-Indore,2013-02-08,17.5,23.4,12.2,0.0,0.0,0.0,54,4.45,0.308,0.298,0.326,20.0,20.6,22.71792,75.8333,ERA5,Asia/Kolkata,Open-Meteo Historical Weather API
MP-Indore,2013-02-09,18.2,25.1,11.4,0.0,0.0,0.0,53,4.34,0.299,0.298,0.326,19.8,20.1,22.71792,75.8333,ERA5,Asia/Kolkata,Open-Meteo Historical Weather API
MP-Indore,2013-02-10,21.4,27.9,14.8,0.0,0.0,0.0,59,4.17,0.291,0.294,0.324,21.5,21.0,22.71792,75.8333,ERA5,Asia/Kolkata,Open-Meteo Historical Weather API
MP-Indore,2013-02-11,22.8,29.5,17.8,2.4,2.4,3.0,63,3.98,0.289,0.293,0.323,23.3,22.4,22.71792,75.8333,ERA5,Asia/Kolkata,Open-Meteo Historical Weather API
MP-Indore,2013-02-12,21.6,28.1,17.5,1.3,1.3,5.0,69,3.76,0.309,0.295,0.325,23.2,22.8,22.71792,75.8333,ERA5,Asia/Kolkata,Open-Meteo Historical Weather API
MP-Indore,2013-02-13,23.0,28.8,18.1,0.0,0.0,0.0,62,3.92,0.316,0.294,0.324,23.3,22.8,22.71792,75.8333,ERA5,Asia/Kolkata,Open-Meteo Historical Weather API
MP-Indore,2013-02-14,21.7,26.3,18.2,0.0,0.0,0.0,64,3.72,0.309,0.296,0.326,22.8,22.7,22.71792,75.8333,ERA5,Asia/Kolkata,Open-Meteo Historical Weather API
MP-Indore,2013-02-15,20.1,26.0,16.5,9.9,9.9,8.0,77,3.58,0.335,0.301,0.33,22.5,22.5,22.71792,75.8333,ERA5,Asia/Kolkata,Open-Meteo Historical Weather API
MP-Indore,2013-02-16,18.8,23.7,14.0,7.0,7.0,6.0,65,4.14,0.421,0.311,0.331,21.1,21.9,22.71792,75.8333,ERA5,Asia/Kolkata,Open-Meteo Historical Weather API
MP-Indore,2013-02-17,16.4,21.9,10.7,0.0,0.0,0.0,62,4.0,0.392,0.317,0.331,19.2,20.1,22.71792,75.8333,ERA5,Asia/Kolkata,Open-Meteo Historical Weather API
MP-Indore,2013-02-18,17.4,23.7,11.1,0.0,0.0,0.0,58,4.23,0.368,0.316,0.331,19.2,19.6,22.71792,75.8333,ERA5,Asia/Kolkata,Open-Meteo Historical Weather API
MP-Indore,2013-02-19,18.8,25.8,12.0,0.0,0.0,0.0,56,4.29,0.346,0.313,0.329,20.1,19.9,22.71792,75.8333,ERA5,Asia/Kolkata,Open-Meteo Historical Weather API
MP-Indore,2013-02-20,20.2,26.5,13.6,0.0,0.0,0.0,54,4.69,0.326,0.308,0.326,21.1,20.6,22.71792,75.8333,ERA5,Asia/Kolkata,Open-Meteo Historical Weather API
MP-Indore,2013-02-21,21.2,28.2,14.5,0.0,0.0,0.0,51,5.01,0.309,0.301,0.322,22.0,21.3,22.71792,75.8333,ERA5,Asia/Kolkata,Open-Meteo Historical Weather API
MP-Indore,2013-02-22,23.4,31.0,15.8,0.2,0.2,1.0,52,5.08,0.295,0.295,0.318,23.6,22.1,22.71792,75.8333,ERA5,Asia/Kolkata,Open-Meteo Historical Weather API
MP-Indore,2013-02-23,23.6,29.9,18.2,0.1,0.1,1.0,51,5.47,0.287,0.294,0.318,24.4,23.2,22.71792,75.8333,ERA5,Asia/Kolkata,Open-Meteo Historical Weather API
MP-Indore,2013-02-24,20.5,26.6,14.3,0.0,0.0,0.0,54,5.15,0.283,0.295,0.319,23.0,23.0,22.71792,75.8333,ERA5,Asia/Kolkata,Open-Meteo Historical Weather API
MP-Indore,2013-02-25,21.0,28.0,14.2,0.0,0.0,0.0,53,4.99,0.277,0.294,0.319,22.9,22.5,22.71792,75.8333,ERA5,Asia/Kolkata,Open-Meteo Historical Weather API
MP-Indore,2013-02-26,23.8,31.0,16.1,0.0,0.0,0.0,43,5.94,0.271,0.292,0.318,23.9,22.8,22.71792,75.8333,ERA5,Asia/Kolkata,Open-Meteo Historical Weather API
MP-Indore,2013-02-27,23.8,30.9,17.5,0.0,0.0,0.0,35,5.69,0.269,0.291,0.317,24.6,23.6,22.71792,75.8333,ERA5,Asia/Kolkata,Open-Meteo Historical Weather API
MP-Indore,2013-02-28,22.2,29.7,15.2,0.0,0.0,0.0,39,5.67,0.267,0.291,0.317,23.9,23.5,22.71792,75.8333,ERA5,Asia/Kolkata,Open-Meteo Historical Weather API
MP-Indore,2013-03-01,21.9,28.8,15.5,0.0,0.0,0.0,39,6.04,0.268,0.292,0.319,23.6,23.4,22.71792,75.8333,ERA5,Asia/Kolkata,Open-Meteo Historical Weather API
MP-Indore,2013-03-02,21.3,30.1,12.7,0.0,0.0,0.0,34,5.8,0.267,0.293,0.319,22.9,22.9,22.71792,75.8333,ERA5,Asia/Kolkata,Open-Meteo Historical Weather API
MP-Indore,2013-03-03,22.6,31.7,13.5,0.0,0.0,0.0,32,6.04,0.264,0.289,0.317,23.6,22.9,22.71792,75.8333,ERA5,Asia/Kolkata,Open-Meteo Historical Weather API
MP-Indore,2013-03-04,23.8,32.6,15.6,0.0,0.0,0.0,30,6.09,0.26,0.283,0.313,24.5,23.5,22.71792,75.8333,ERA5,Asia/Kolkata,Open-Meteo Historical Weather API
MP-Indore,2013-03-05,24.9,32.3,17.2,0.0,0.0,0.0,29,6.66,0.26,0.281,0.311,25.3,24.3,22.71792,75.8333,ERA5,Asia/Kolkata,Open-Meteo Historical Weather API
MP-Indore,2013-03-06,25.4,32.5,18.3,0.0,0.0,0.0,27,6.79,0.262,0.281,0.31,26.2,25.0,22.71792,75.8333,ERA5,Asia/Kolkata,Open-Meteo Historical Weather API
MP-Indore,2013-03-07,25.2,32.9,17.2,0.0,0.0,0.0,26,6.67,0.26,0.28,0.309,26.1,25.1,22.71792,75.8333,ERA5,Asia/Kolkata,Open-Meteo Historical Weather API
MP-Indore,2013-03-08,25.7,34.1,16.9,0.0,0.0,0.0,27,6.36,0.258,0.278,0.307,26.7,25.5,22.71792,75.8333,ERA5,Asia/Kolkata,Open-Meteo Historical Weather API
MP-Indore,2013-03-09,26.7,34.8,18.9,0.0,0.0,0.0,26,6.83,0.257,0.277,0.305,27.1,26.0,22.71792,75.8333,ERA5,Asia/Kolkata,Open-Meteo Historical Weather API
MP-Indore,2013-03-10,26.7,34.9,18.9,0.0,0.0,0.0,27,7.16,0.258,0.278,0.305,27.3,26.4,22.71792,75.8333,ERA5,Asia/Kolkata,Open-Meteo Historical Weather API
MP-Indore,2013-03-11,26.5,34.4,18.5,0.0,0.0,0.0,31,6.76,0.259,0.276,0.303,27.5,26.5,22.71792,75.8333,ERA5,Asia/Kolkata,Open-Meteo Historical Weather API
MP-Indore,2013-03-12,26.7,34.6,18.7,0.0,0.0,0.0,28,6.8,0.258,0.277,0.302,28.0,26.9,22.71792,75.8333,ERA5,Asia/Kolkata,Open-Meteo Historical Weather API
MP-Indore,2013-03-13,26.4,34.3,19.6,0.0,0.0,0.0,28,6.38,0.254,0.275,0.3,28.1,27.0,22.71792,75.8333,ERA5,Asia/Kolkata,Open-Meteo Historical Weather API
MP-Indore,2013-03-14,26.2,33.0,20.4,0.0,0.0,0.0,32,6.59,0.251,0.274,0.3,28.3,27.2,22.71792,75.8333,ERA5,Asia/Kolkata,Open-Meteo Historical Weather API
MP-Indore,2013-03-15,25.6,32.1,19.3,0.2,0.2,1.0,35,6.23,0.255,0.279,0.304,27.4,26.9,22.71792,75.8333,ERA5,Asia/Kolkata,Open-Meteo Historical Weather API
MP-Indore,2013-03-16,23.1,30.0,17.9,9.8,9.8,10.0,64,4.73,0.291,0.28,0.305,26.3,26.7,22.71792,75.8333,ERA5,Asia/Kolkata,Open-Meteo Historical Weather API
MP-Indore,2013-03-17,23.1,29.7,16.6,0.0,0.0,0.0,63,4.98,0.396,0.286,0.307,25.3,25.7,22.71792,75.8333,ERA5,Asia/Kolkata,Open-Meteo Historical Weather API
MP-Indore,2013-03-18,25.1,31.7,18.2,0.0,0.0,0.0,47,5.94,0.361,0.287,0.305,26.4,25.6,22.71792,75.8333,ERA5,Asia/Kolkata,Open-Meteo Historical Weather API
MP-Indore,2013-03-19,26.8,33.7,18.9,0.0,0.0,0.0,35,5.89,0.33,0.282,0.302,27.2,25.9,22.71792,75.8333,ERA5,Asia/Kolkata,Open-Meteo Historical Weather API
MP-Indore,2013-03-20,27.8,34.6,22.1,0.0,0.0,0.0,37,6.46,0.309,0.28,0.301,28.3,27.0,22.71792,75.8333,ERA5,Asia/Kolkata,Open-Meteo Historical Weather API
MP-Indore,2013-03-21,27.1,34.2,19.8,0.0,0.0,0.0,31,6.63,0.294,0.281,0.302,28.3,27.4,22.71792,75.8333,ERA5,Asia/Kolkata,Open-Meteo Historical Weather API
MP-Indore,2013-03-22,27.1,34.9,20.9,0.0,0.0,0.0,32,6.22,0.282,0.28,0.301,28.1,27.2,22.71792,75.8333,ERA5,Asia/Kolkata,Open-Meteo Historical Weather API
MP-Indore,2013-03-23,27.5,35.1,18.8,0.0,0.0,0.0,33,6.17,0.27,0.275,0.295,28.9,27.3,22.71792,75.8333,ERA5,Asia/Kolkata,Open-Meteo Historical Weather API
MP-Indore,2013-03-24,28.5,34.8,21.8,0.0,0.0,0.0,32,6.95,0.26,0.272,0.292,30.1,28.4,22.71792,75.8333,ERA5,Asia/Kolkata,Open-Meteo Historical Weather API
MP-Indore,2013-03-25,28.8,35.5,22.6,0.0,0.0,0.0,30,7.46,0.257,0.273,0.294,30.6,29.1,22.71792,75.8333,ERA5,Asia/Kolkata,Open-Meteo Historical Weather API
MP-Indore,2013-03-26,28.6,35.7,21.1,0.0,0.0,0.0,28,6.82,0.255,0.275,0.296,30.6,29.3,22.71792,75.8333,ERA5,Asia/Kolkata,Open-Meteo Historical Weather API
MP-Indore,2013-03-27,29.0,35.1,22.6,0.0,0.0,0.0,30,6.2,0.25,0.274,0.294,30.6,29.4,22.71792,75.8333,ERA5,Asia/Kolkata,Open-Meteo Historical Weather API
MP-Indore,2013-03-28,27.8,34.1,21.6,1.0,1.0,4.0,38,6.53,0.254,0.272,0.293,30.3,29.3,22.71792,75.8333,ERA5,Asia/Kolkata,Open-Meteo Historical Weather API
MP-Indore,2013-03-29,26.7,33.4,20.0,0.0,0.0,0.0,32,7.51,0.255,0.274,0.296,29.5,28.9,22.71792,75.8333,ERA5,Asia/Kolkata,Open-Meteo Historical Weather API
MP-Indore,2013-03-30,26.7,33.1,19.8,0.0,0.0,0.0,33,7.12,0.252,0.274,0.294,29.5,28.6,22.71792,75.8333,ERA5,Asia/Kolkata,Open-Meteo Historical Weather API
MP-Indore,2013-03-31,28.0,34.2,21.5,0.0,0.0,0.0,31,5.95,0.247,0.272,0.293,30.3,28.9,22.71792,75.8333,ERA5,Asia/Kolkata,Open-Meteo Historical Weather API
MP-Indore,2013-04-01,29.1,36.4,20.9,0.0,0.0,0.0,28,7.54,0.242,0.27,0.289,30.8,29.3,22.71792,75.8333,ERA5,Asia/Kolkata,Open-Meteo Historical Weather API
MP-Indore,2013-04-02,29.3,36.2,22.9,0.0,0.0,0.0,23,8.17,0.239,0.27,0.288,31.4,30.0,22.71792,75.8333,ERA5,Asia/Kolkata,Open-Meteo Historical Weather API
MP-Indore,2013-04-03,28.3,34.6,21.7,0.0,0.0,0.0,28,7.67,0.238,0.27,0.289,31.2,30.2,22.71792,75.8333,ERA5,Asia/Kolkata,Open-Meteo Historical Weather API
MP-Indore,2013-04-04,28.4,34.7,21.7,0.0,0.0,0.0,30,7.23,0.239,0.27,0.289,31.4,30.2,22.71792,75.8333,ERA5,Asia/Kolkata,Open-Meteo Historical Weather API
MP-Indore,2013-04-05,29.0,35.7,22.6,0.0,0.0,0.0,26,7.72,0.242,0.269,0.289,31.4,30.4,22.71792,75.8333,ERA5,Asia/Kolkata,Open-Meteo Historical Weather API
MP-Indore,2013-04-06,29.6,36.9,20.7,0.0,0.0,0.0,22,6.55,0.247,0.271,0.29,31.5,30.3,22.71792,75.8333,ERA5,Asia/Kolkata,Open-Meteo Historical Weather API
MP-Indore,2013-04-07,30.5,37.9,23.2,0.0,0.0,0.0,21,7.91,0.248,0.272,0.291,32.4,30.8,22.71792,75.8333,ERA5,Asia/Kolkata,Open-Meteo Historical Weather API
MP-Indore,2013-04-08,30.6,37.8,23.0,0.0,0.0,0.0,23,8.3,0.248,0.272,0.29,32.7,31.4,22.71792,75.8333,ERA5,Asia/Kolkata,Open-Meteo Historical Weather API
MP-Indore,2013-04-09,31.0,38.6,22.7,0.0,0.0,0.0,25,8.08,0.248,0.272,0.289,33.0,31.5,22.71792,75.8333,ERA5,Asia/Kolkata,Open-Meteo Historical Weather API
MP-Indore,2013-04-10,31.2,37.2,24.3,0.0,0.0,0.0,30,7.51,0.245,0.271,0.287,33.5,32.0,22.71792,75.8333,ERA5,Asia/Kolkata,Open-Meteo Historical Weather API
MP-Indore,2013-04-11,30.6,37.0,24.6,0.0,0.0,0.0,25,8.34,0.243,0.271,0.288,33.4,32.1,22.71792,75.8333,ERA5,Asia/Kolkata,Open-Meteo Historical Weather API
MP-Indore,2013-04-12,30.9,37.7,23.9,0.0,0.0,0.0,26,8.5,0.244,0.272,0.289,33.2,32.0,22.71792,75.8333,ERA5,Asia/Kolkata,Open-Meteo Historical Weather API
MP-Indore,2013-04-13,31.3,37.6,24.9,0.0,0.0,0.0,23,7.51,0.244,0.272,0.289,33.3,32.1,22.71792,75.8333,ERA5,Asia/Kolkata,Open-Meteo Historical Weather API
MP-Indore,2013-04-14,31.9,38.5,24.9,0.0,0.0,0.0,21,9.36,0.244,0.273,0.289,33.8,32.4,22.71792,75.8333,ERA5,Asia/Kolkata,Open-Meteo Historical Weather API
MP-Indore,2013-04-15,32.1,38.4,25.2,0.0,0.0,0.0,23,9.48,0.242,0.273,0.288,34.1,32.7,22.71792,75.8333,ERA5,Asia/Kolkata,Open-Meteo Historical Weather API
MP-Indore,2013-04-16,31.5,37.8,25.5,0.0,0.0,0.0,28,9.53,0.243,0.272,0.287,34.0,32.8,22.71792,75.8333,ERA5,Asia/Kolkata,Open-Meteo Historical Weather API
MP-Indore,2013-04-17,30.5,36.5,23.4,0.0,0.0,0.0,33,9.02,0.241,0.272,0.286,33.4,32.5,22.71792,75.8333,ERA5,Asia/Kolkata,Open-Meteo Historical Weather API
MP-Indore,2013-04-18,27.8,34.8,23.4,1.6,1.6,4.0,46,5.9,0.246,0.274,0.291,31.8,31.9,22.71792,75.8333,ERA5,Asia/Kolkata,Open-Meteo Historical Weather API
MP-Indore,2013-04-19,26.6,33.1,22.5,2.3,2.3,5.0,50,5.93,0.264,0.277,0.294,30.3,30.7,22.71792,75.8333,ERA5,Asia/Kolkata,Open-Meteo Historical Weather API
MP-Indore,2013-04-20,24.4,29.5,20.9,3.3,3.3,4.0,55,5.41,0.294,0.277,0.296,28.6,29.7,22.71792,75.8333,ERA5,Asia/Kolkata,Open-Meteo Historical Weather API
MP-Indore,2013-04-21,25.5,32.3,20.4,1.5,1.5,3.0,58,5.38,0.31,0.278,0.299,28.9,29.1,22.71792,75.8333,ERA5,Asia/Kolkata,Open-Meteo Historical Weather API
MP-Indore,2013-04-22,27.0,33.6,20.2,0.1,0.1,1.0,50,5.75,0.313,0.278,0.302,29.6,29.2,22.71792,75.8333,ERA5,Asia/Kolkata,Open-Meteo Historical Weather API
MP-Indore,2013-04-23,29.2,34.7,22.3,0.0,0.0,0.0,40,5.83,0.293,0.277,0.301,31.0,30.0,22.71792,75.8333,ERA5,Asia/Kolkata,Open-Meteo Historical Weather API
MP-Indore,2013-04-24,30.8,36.9,24.0,0.0,0.0,0.0,38,6.46,0.281,0.276,0.3,32.3,30.8,22.71792,75.8333,ERA5,Asia/Kolkata,Open-Meteo Historical Weather API
MP-Indore,2013-04-25,32.2,38.0,26.4,0.0,0.0,0.0,33,7.82,0.271,0.275,0.298,33.6,31.9,22.71792,75.8333,ERA5,Asia/Kolkata,Open-Meteo Historical Weather API
MP-Indore,2013-04-26,31.9,38.2,24.4,0.0,0.0,0.0,31,8.58,0.261,0.275,0.296,33.5,32.3,22.71792,75.8333,ERA5,Asia/Kolkata,Open-Meteo Historical Weather API
MP-Indore,2013-04-27,32.9,39.5,25.7,0.0,0.0,0.0,26,9.24,0.256,0.275,0.295,34.4,32.7,22.71792,75.8333,ERA5,Asia/Kolkata,Open-Meteo Historical Weather API
MP-Indore,2013-04-28,33.8,40.3,26.6,0.0,0.0,0.0,25,9.6,0.253,0.274,0.294,35.2,33.4,22.71792,75.8333,ERA5,Asia/Kolkata,Open-Meteo Historical Weather API
MP-Indore,2013-04-29,34.1,40.9,27.6,0.0,0.0,0.0,23,9.74,0.248,0.273,0.292,35.7,34.0,22.71792,75.8333,ERA5,Asia/Kolkata,Open-Meteo Historical Weather API
MP-Indore,2013-04-30,34.3,40.8,27.2,0.0,0.0,0.0,27,9.53,0.246,0.272,0.29,36.2,34.3,22.71792,75.8333,ERA5,Asia/Kolkata,Open-Meteo Historical Weather API
MP-Indore,2013-05-01,34.2,41.4,26.9,0.0,0.0,0.0,22,9.97,0.249,0.272,0.29,36.2,34.6,22.71792,75.8333,ERA5,Asia/Kolkata,Open-Meteo Historical Weather API
MP-Indore,2013-05-02,33.4,40.2,24.7,0.0,0.0,0.0,19,9.88,0.252,0.272,0.291,35.6,34.5,22.71792,75.8333,ERA5,Asia/Kolkata,Open-Meteo Historical Weather API
MP-Indore,2013-05-03,32.8,39.5,24.7,0.0,0.0,0.0,19,9.94,0.254,0.274,0.291,35.0,34.0,22.71792,75.8333,ERA5,Asia/Kolkata,Open-Meteo Historical Weather API
MP-Indore,2013-05-04,33.2,39.1,26.4,0.0,0.0,0.0,32,9.18,0.25,0.274,0.291,35.3,33.8,22.71792,75.8333,ERA5,Asia/Kolkata,Open-Meteo Historical Weather API
MP-Indore,2013-05-05,33.9,40.4,27.2,0.0,0.0,0.0,30,9.5,0.246,0.272,0.288,36.2,34.3,22.71792,75.8333,ERA5,Asia/Kolkata,Open-Meteo Historical Weather API
MP-Indore,2013-05-06,33.1,39.9,25.4,0.0,0.0,0.0,31,9.05,0.245,0.272,0.288,35.8,34.6,22.71792,75.8333,ERA5,Asia/Kolkata,Open-Meteo Historical Weather API
MP-Indore,2013-05-07,34.2,40.8,26.7,0.0,0.0,0.0,32,9.18,0.244,0.272,0.289,36.5,34.9,22.71792,75.8333,ERA5,Asia/Kolkata,Open-Meteo Historical Weather API
MP-Indore,2013-05-08,34.7,41.1,28.4,0.0,0.0,0.0,30,9.89,0.246,0.272,0.289,37.0,35.4,22.71792,75.8333,ERA5,Asia/Kolkata,Open-Meteo Historical Weather API
MP-Indore,2013-05-09,33.3,39.7,26.8,0.0,0.0,0.0,21,10.34,0.245,0.272,0.289,36.0,35.2,22.71792,75.8333,ERA5,Asia/Kolkata,Open-Meteo Historical Weather API
MP-Indore,2013-05-10,32.4,39.1,25.6,0.0,0.0,0.0,26,9.61,0.246,0.273,0.291,35.1,34.5,22.71792,75.8333,ERA5,Asia/Kolkata,Open-Meteo Historical Weather API
MP-Indore,2013-05-11,32.1,37.5,27.0,0.0,0.0,0.0,29,9.56,0.244,0.274,0.29,35.1,34.2,22.71792,75.8333,ERA5,Asia/Kolkata,Open-Meteo Historical Weather API
MP-Indore,2013-05-12,31.6,37.9,25.7,0.0,0.0,0.0,33,8.76,0.247,0.275,0.293,34.7,33.9,22.71792,75.8333,ERA5,Asia/Kolkata,Open-Meteo Historical Weather API
MP-Indore,2013-05-13,31.9,37.3,25.6,0.0,0.0,0.0,33,7.19,0.25,0.276,0.295,34.8,33.9,22.71792,75.8333,ERA5,Asia/Kolkata,Open-Meteo Historical Weather API
MP-Indore,2013-05-14,33.0,38.3,27.7,0.0,0.0,0.0,31,7.3,0.249,0.276,0.294,35.4,34.3,22.71792,75.8333,ERA5,Asia/Kolkata,Open-Meteo Historical Weather API
MP-Indore,2013-05-15,33.8,39.2,27.7,0.0,0.0,0.0,31,8.56,0.252,0.274,0.292,35.7,34.5,22.71792,75.8333,ERA5,Asia/Kolkata,Open-Meteo Historical Weather API
MP-Indore,2013-05-16,34.0,39.7,27.6,0.0,0.0,0.0,30,8.91,0.248,0.274,0.291,36.1,34.8,22.71792,75.8333,ERA5,Asia/Kolkata,Open-Meteo Historical Weather API
MP-Indore,2013-05-17,33.9,41.2,26.6,0.0,0.0,0.0,35,9.15,0.244,0.272,0.289,36.3,34.8,22.71792,75.8333,ERA5,Asia/Kolkata,Open-Meteo Historical Weather API
MP-Indore,2013-05-18,34.6,41.1,27.2,0.0,0.0,0.0,32,9.15,0.242,0.272,0.289,36.8,35.2,22.71792,75.8333,ERA5,Asia/Kolkata,Open-Meteo Historical Weather API
MP-Indore,2013-05-19,35.6,42.3,27.7,0.0,0.0,0.0,28,9.65,0.239,0.271,0.288,37.5,35.7,22.71792,75.8333,ERA5,Asia/Kolkata,Open-Meteo Historical Weather API
MP-Indore,2013-05-20,35.7,41.9,28.0,0.0,0.0,0.0,24,9.84,0.242,0.27,0.285,37.8,36.3,22.71792,75.8333,ERA5,Asia/Kolkata,Open-Meteo Historical Weather API
MP-Indore,2013-05-21,35.7,42.0,29.6,0.0,0.0,0.0,21,11.08,0.242,0.27,0.284,37.5,36.4,22.71792,75.8333,ERA5,Asia/Kolkata,Open-Meteo Historical Weather API
MP-Indore,2013-05-22,34.8,41.4,28.1,0.0,0.0,0.0,24,11.09,0.245,0.27,0.284,37.2,36.2,22.71792,75.8333,ERA5,Asia/Kolkata,Open-Meteo Historical Weather API
MP-Indore,2013-05-23,33.8,40.0,27.4,0.0,0.0,0.0,25,10.79,0.243,0.27,0.283,36.5,35.7,22.71792,75.8333,ERA5,Asia/Kolkata,Open-Meteo Historical Weather API
MP-Indore,2013-05-24,33.1,39.3,26.7,0.0,0.0,0.0,36,10.13,0.242,0.27,0.283,36.0,35.2,22.71792,75.8333,ERA5,Asia/Kolkata,Open-Meteo Historical Weather API
MP-Indore,2013-05-25,32.7,38.7,26.7,0.0,0.0,0.0,44,9.5,0.246,0.27,0.283,36.0,34.9,22.71792,75.8333,ERA5,Asia/Kolkata,Open-Meteo Historical Weather API
MP-Indore,2013-05-26,32.8,39.0,26.9,0.0,0.0,0.0,45,9.39,0.246,0.27,0.284,36.0,34.8,22.71792,75.8333,ERA5,Asia/Kolkata,Open-Meteo Historical Weather API
MP-Indore,2013-05-27,32.7,38.0,27.3,0.0,0.0,0.0,48,8.88,0.251,0.271,0.287,35.8,34.9,22.71792,75.8333,ERA5,Asia/Kolkata,Open-Meteo Historical Weather API
MP-Indore,2013-05-28,32.8,37.9,27.4,0.0,0.0,0.0,47,7.91,0.249,0.272,0.288,35.5,34.7,22.71792,75.8333,ERA5,Asia/Kolkata,Open-Meteo Historical Weather API
MP-Indore,2013-05-29,33.2,38.0,27.6,0.0,0.0,0.0,42,8.17,0.248,0.272,0.288,35.7,34.7,22.71792,75.8333,ERA5,Asia/Kolkata,Open-Meteo Historical Weather API
MP-Indore,2013-05-30,33.0,38.7,27.3,0.0,0.0,0.0,37,8.64,0.252,0.271,0.288,35.7,34.9,22.71792,75.8333,ERA5,Asia/Kolkata,Open-Meteo Historical Weather API
MP-Indore,2013-05-31,32.8,39.2,27.0,0.0,0.0,0.0,42,8.24,0.255,0.274,0.293,35.6,35.1,22.71792,75.8333,ERA5,Asia/Kolkata,Open-Meteo Historical Weather API
MP-Indore,2013-06-01,32.1,38.9,27.6,0.8,0.8,2.0,46,7.7,0.261,0.275,0.298,35.6,35.0,22.71792,75.8333,ERA5,Asia/Kolkata,Open-Meteo Historical Weather API
MP-Indore,2013-06-02,31.2,37.6,27.2,1.5,1.5,1.0,47,6.43,0.277,0.278,0.305,34.6,34.6,22.71792,75.8333,ERA5,Asia/Kolkata,Open-Meteo Historical Weather API
MP-Indore,2013-06-03,31.3,37.4,26.1,0.2,0.2,1.0,49,6.16,0.292,0.281,0.31,34.2,34.1,22.71792,75.8333,ERA5,Asia/Kolkata,Open-Meteo Historical Weather API
MP-Indore,2013-06-04,30.8,37.3,27.2,2.2,2.2,2.0,58,6.85,0.293,0.286,0.316,33.9,34.1,22.71792,75.8333,ERA5,Asia/Kolkata,Open-Meteo Historical Weather API
MP-Indore,2013-06-05,30.1,35.7,24.8,0.0,0.0,0.0,60,7.17,0.3,0.295,0.324,32.8,33.5,22.71792,75.8333,ERA5,Asia/Kolkata,Open-Meteo Historical Weather API
MP-Indore,2013-06-06,30.1,35.6,26.5,7.5,7.5,3.0,62,5.99,0.331,0.304,0.332,32.6,33.2,22.71792,75.8333,ERA5,Asia/Kolkata,Open-Meteo Historical Weather API
MP-Indore,2013-06-07,28.5,32.9,25.0,2.0,2.0,4.0,69,4.51,0.379,0.311,0.338,30.9,32.2,22.71792,75.8333,ERA5,Asia/Kolkata,Open-Meteo Historical Weather API
MP-Indore,2013-06-08,28.2,32.6,24.5,9.3,9.3,11.0,75,4.52,0.402,0.311,0.337,30.6,31.5,22.71792,75.8333,ERA5,Asia/Kolkata,Open-Meteo Historical Weather API
MP-Indore,2013-06-09,28.1,34.0,24.9,8.0,8.0,12.0,74,4.25,0.446,0.329,0.336,30.1,30.9,22.71792,75.8333,ERA5,Asia/Kolkata,Open-Meteo Historical Weather API
MP-Indore,2013-06-10,28.1,31.9,24.5,6.4,6.4,4.0,74,4.71,0.453,0.347,0.334,29.9,30.2,22.71792,75.8333,ERA5,Asia/Kolkata,Open-Meteo Historical Weather API
MP-Indore,2013-06-11,26.4,30.2,24.1,6.2,6.2,7.0,80,2.88,0.449,0.361,0.333,28.8,29.7,22.71792,75.8333,ERA5,Asia/Kolkata,Open-Meteo Historical Weather API
MP-Indore,2013-06-12,26.8,30.5,23.6,2.1,2.1,5.0,77,3.1,0.458,0.382,0.332,28.4,28.9,22.71792,75.8333,ERA5,Asia/Kolkata,Open-Meteo Historical Weather API
MP-Indore,2013-06-13,27.9,32.0,24.1,2.4,2.4,5.0,70,4.01,0.422,0.381,0.33,29.0,28.9,22.71792,75.8333,ERA5,Asia/Kolkata,Open-Meteo Historical Weather API
MP-Indore,2013-06-14,27.4,32.3,24.3,27.1,27.1,15.0,80,3.91,0.463,0.394,0.329,29.1,29.2,22.71792,75.8333,ERA5,Asia/Kolkata,Open-Meteo Historical Weather API
MP-Indore,2013-06-15,26.1,28.9,23.6,42.8,42.8,22.0,88,2.4,0.501,0.472,0.339,27.9,28.6,22.71792,75.8333,ERA5,Asia/Kolkata,Open-Meteo Historical Weather API
MP-Indore,2013-06-16,25.3,27.8,23.8,73.6,73.6,24.0,93,1.56,0.508,0.512,0.388,27.2,28.0,22.71792,75.8333,ERA5,Asia/Kolkata,Open-Meteo Historical Weather API
MP-Indore,2013-06-17,24.4,25.8,23.5,44.0,44.0,24.0,95,0.94,0.506,0.514,0.452,26.1,27.1,22.71792,75.8333,ERA5,Asia/Kolkata,Open-Meteo Historical Weather API
MP-Indore,2013-06-18,25.5,28.8,23.6,8.3,8.3,8.0,84,3.9,0.499,0.504,0.47,27.1,27.0,22.71792,75.8333,ERA5,Asia/Kolkata,Open-Meteo Historical Weather API
MP-Indore,2013-06-19,26.7,30.5,23.4,5.9,5.9,13.0,82,3.13,0.498,0.502,0.472,27.3,27.2,22.71792,75.8333,ERA5,Asia/Kolkata,Open-Meteo Historical Weather API
MP-Indore,2013-06-20,27.4,31.3,23.9,0.0,0.0,0.0,76,3.96,0.477,0.489,0.471,27.9,27.6,22.71792,75.8333,ERA5,Asia/Kolkata,Open-Meteo Historical Weather API
MP-Indore,2013-06-21,27.4,30.9,24.6,0.7,0.7,1.0,77,4.5,0.462,0.475,0.468,28.3,28.0,22.71792,75.8333,ERA5,Asia/Kolkata,Open-Meteo Historical Weather API
MP-Indore,2013-06-22,26.7,29.8,24.8,5.9,5.9,6.0,80,3.83,0.467,0.469,0.465,28.0,28.0,22.71792,75.8333,ERA5,Asia/Kolkata,Open-Meteo Historical Weather API
MP-Indore,2013-06-23,26.8,29.2,24.3,1.3,1.3,3.0,80,2.41,0.473,0.473,0.463,27.3,27.5,22.71792,75.8333,ERA5,Asia/Kolkata,Open-Meteo Historical Weather API
MP-Indore,2013-06-24,26.3,29.0,24.8,3.8,3.8,6.0,82,2.34,0.475,0.473,0.462,26.8,26.9,22.71792,75.8333,ERA5,Asia/Kolkata,Open-Meteo Historical Weather API
MP-Indore,2013-06-25,25.0,27.4,23.3,16.5,16.5,20.0,88,2.16,0.501,0.491,0.466,26.0,26.5,22.71792,75.8333,ERA5,Asia/Kolkata,Open-Meteo Historical Weather API
MP-Indore,2013-06-26,24.1,25.3,23.4,24.0,24.0,24.0,93,1.1,0.512,0.513,0.477,25.1,25.9,22.71792,75.8333,ERA5,Asia/Kolkata,Open-Meteo Historical Weather API
MP-Indore,2013-06-27,24.1,25.9,22.9,24.0,24.0,18.0,93,1.34,0.505,0.507,0.495,24.9,25.4,22.71792,75.8333,ERA5,Asia/Kolkata,Open-Meteo Historical Weather API
MP-Indore,2013-06-28,25.7,28.3,23.5,1.2,1.2,6.0,84,3.04,0.489,0.491,0.495,25.9,25.6,22.71792,75.8333,ERA5,Asia/Kolkata,Open-Meteo Historical Weather API
MP-Indore,2013-06-29,26.3,29.1,23.4,1.5,1.5,9.0,81,3.46,0.48,0.482,0.492,26.6,26.2,22.71792,75.8333,ERA5,Asia/Kolkata,Open-Meteo Historical Weather API
MP-Indore,2013-06-30,26.7,29.6,23.8,1.7,1.7,9.0,79,4.02,0.468,0.473,0.489,27.1,26.6,22.71792,75.8333,ERA5,Asia/Kolkata,Open-Meteo Historical Weather API
MP-Indore,2013-07-01,26.6,29.2,24.5,1.0,1.0,6.0,80,3.62,0.463,0.467,0.485,27.2,26.9,22.71792,75.8333,ERA5,Asia/Kolkata,Open-Meteo Historical Weather API
MP-Indore,2013-07-02,25.7,28.3,23.3,1.4,1.4,5.0,85,2.32,0.471,0.464,0.483,26.2,26.6,22.71792,75.8333,ERA5,Asia/Kolkata,Open-Meteo Historical Weather API
MP-Indore,2013-07-03,23.9,24.7,22.8,204.8,204.8,24.0,96,0.74,0.508,0.508,0.501,25.0,25.9,22.71792,75.8333,ERA5,Asia/Kolkata,Open-Meteo Historical Weather API
MP-Indore,2013-07-04,23.0,24.2,21.6,56.1,56.1,24.0,95,1.02,0.507,0.508,0.518,24.1,25.0,22.71792,75.8333,ERA5,Asia/Kolkata,Open-Meteo Historical Weather API
MP-Indore,2013-07-05,23.0,25.6,20.8,29.1,29.1,23.0,91,1.56,0.511,0.508,0.517,23.5,24.1,22.71792,75.8333,ERA5,Asia/Kolkata,Open-Meteo Historical Weather API
MP-Indore,2013-07-06,25.3,28.2,23.3,3.8,3.8,13.0,90,2.12,0.5,0.505,0.514,25.3,24.6,22.71792,75.8333,ERA5,Asia/Kolkata,Open-Meteo Historical Weather API
MP-Indore,2013-07-07,26.4,29.9,23.9,4.2,4.2,9.0,84,3.17,0.495,0.497,0.51,26.5,25.6,22.71792,75.8333,ERA5,Asia/Kolkata,Open-Meteo Historical Weather API
MP-Indore,2013-07-08,26.2,28.1,24.7,3.6,3.6,11.0,86,2.54,0.497,0.49,0.505,26.6,26.1,22.71792,75.8333,ERA5,Asia/Kolkata,Open-Meteo Historical Weather API
MP-Indore,2013-07-09,25.9,28.2,24.0,3.0,3.0,5.0,85,3.03,0.494,0.49,0.503,26.5,26.2,22.71792,75.8333,ERA5,Asia/Kolkata,Open-Meteo Historical Weather API
MP-Indore,2013-07-10,24.8,26.9,23.6,3.3,3.3,6.0,89,1.48,0.495,0.496,0.501,25.5,25.8,22.71792,75.8333,ERA5,Asia/Kolkata,Open-Meteo Historical Weather API
MP-Indore,2013-07-11,25.0,27.8,23.5,5.8,5.8,16.0,88,2.22,0.498,0.498,0.501,25.5,25.4,22.71792,75.8333,ERA5,Asia/Kolkata,Open-Meteo Historical Weather API
MP-Indore,2013-07-12,25.1,28.3,23.3,31.9,31.9,23.0,92,2.11,0.506,0.511,0.508,25.8,25.5,22.71792,75.8333,ERA5,Asia/Kolkata,Open-Meteo Historical Weather API
MP-Indore,2013-07-13,24.1,25.6,23.2,18.8,18.8,24.0,95,1.11,0.507,0.507,0.497,25.2,25.5,22.71792,75.8333,ERA5,Asia/Kolkata,Open-Meteo Historical Weather API
MP-Indore,2013-07-14,24.3,26.2,22.8,10.9,10.9,20.0,88,1.88,0.503,0.504,0.493,24.8,24.9,22.71792,75.8333,ERA5,Asia/Kolkata,Open-Meteo Historical Weather API
MP-Indore,2013-07-15,24.4,25.8,23.3,7.8,7.8,23.0,90,1.86,0.506,0.502,0.491,24.8,24.8,22.71792,75.8333,ERA5,Asia/Kolkata,Open-Meteo Historical Weather API
MP-Indore,2013-07-16,24.0,25.2,23.0,13.3,13.3,22.0,93,1.38,0.505,0.503,0.494,24.5,24.7,22.71792,75.8333,ERA5,Asia/Kolkata,Open-Meteo Historical Weather API
MP-Indore,2013-07-17,24.3,26.8,23.4,26.4,26.4,24.0,96,1.24,0.509,0.514,0.505,24.9,24.7,22.71792,75.8333,ERA5,Asia/Kolkata,Open-Meteo Historical Weather API
MP-Indore,2013-07-18,24.7,27.2,23.2,9.3,9.3,17.0,94,1.28,0.505,0.509,0.514,25.0,24.8,22.71792,75.8333,ERA5,Asia/Kolkata,Open-Meteo Historical Weather API
MP-Indore,2013-07-19,25.5,28.5,23.8,4.7,4.7,15.0,88,2.31,0.504,0.499,0.513,25.6,25.1,22.71792,75.8333,ERA5,Asia/Kolkata,Open-Meteo Historical Weather API
MP-Indore,2013-07-20,24.8,26.4,23.2,8.3,8.3,14.0,90,1.78,0.501,0.498,0.508,25.0,25.1,22.71792,75.8333,ERA5,Asia/Kolkata,Open-Meteo Historical Weather API
MP-Indore,2013-07-21,24.6,26.4,23.4,5.2,5.2,17.0,91,1.82,0.498,0.5,0.504,25.0,24.9,22.71792,75.8333,ERA5,Asia/Kolkata,Open-Meteo Historical Weather API
MP-Indore,2013-07-22,24.7,26.7,23.7,12.8,12.8,18.0,94,1.64,0.499,0.5,0.501,25.2,25.1,22.71792,75.8333,ERA5,Asia/Kolkata,Open-Meteo Historical Weather API
MP-Indore,2013-07-23,24.9,27.4,23.3,10.3,10.3,21.0,96,1.17,0.507,0.508,0.502,25.2,25.1,22.71792,75.8333,ERA5,Asia/Kolkata,Open-Meteo Historical Weather API
MP-Indore,2013-07-24,25.6,28.8,24.1,21.5,21.5,22.0,94,1.94,0.504,0.514,0.51,26.2,25.4,22.71792,75.8333,ERA5,Asia/Kolkata,Open-Meteo Historical Weather API
MP-Indore,2013-07-25,24.6,27.2,23.1,6.4,6.4,17.0,93,1.35,0.503,0.5,0.515,25.2,25.4,22.71792,75.8333,ERA5,Asia/Kolkata,Open-Meteo Historical Weather API
MP-Indore,2013-07-26,23.7,25.1,22.8,12.5,12.5,24.0,95,0.87,0.508,0.506,0.513,24.4,24.7,22.71792,75.8333,ERA5,Asia/Kolkata,Open-Meteo Historical Weather API
MP-Indore,2013-07-27,23.7,25.4,22.6,16.0,16.0,24.0,95,1.08,0.509,0.504,0.51,24.1,24.2,22.71792,75.8333,ERA5,Asia/Kolkata,Open-Meteo Historical Weather API
MP-Indore,2013-07-28,23.3,24.3,22.8,25.2,25.2,24.0,97,0.85,0.512,0.513,0.51,23.8,24.0,22.71792,75.8333,ERA5,Asia/Kolkata,Open-Meteo Historical Weather API
MP-Indore,2013-07-29,23.7,25.8,22.4,8.4,8.4,20.0,91,1.91,0.505,0.502,0.512,24.1,24.0,22.71792,75.8333,ERA5,Asia/Kolkata,Open-Meteo Historical Weather API
MP-Indore,2013-07-30,24.1,26.5,21.9,8.5,8.5,13.0,90,2.06,0.504,0.503,0.503,24.3,24.2,22.71792,75.8333,ERA5,Asia/Kolkata,Open-Meteo Historical Weather API
MP-Indore,2013-07-31,23.5,24.4,23.0,18.2,18.2,19.0,96,0.98,0.507,0.51,0.499,24.2,24.3,22.71792,75.8333,ERA5,Asia/Kolkata,Open-Meteo Historical Weather API
MP-Indore,2013-08-01,23.5,25.8,22.6,22.6,22.6,24.0,98,0.74,0.511,0.515,0.508,24.0,24.1,22.71792,75.8333,ERA5,Asia/Kolkata,Open-Meteo Historical Weather API
MP-Indore,2013-08-02,23.9,26.6,22.8,26.8,26.8,23.0,97,1.34,0.507,0.505,0.514,24.6,24.3,22.71792,75.8333,ERA5,Asia/Kolkata,Open-Meteo Historical Weather API
MP-Indore,2013-08-03,24.4,27.3,22.1,1.0,1.0,3.0,86,2.26,0.495,0.498,0.483,24.6,24.4,22.71792,75.8333,ERA5,Asia/Kolkata,Open-Meteo Historical Weather API
MP-Indore,2013-08-04,24.4,27.2,22.2,3.0,3.0,8.0,88,2.99,0.487,0.488,0.468,25.0,24.6,22.71792,75.8333,ERA5,Asia/Kolkata,Open-Meteo Historical Weather API
MP-Indore,2013-08-05,24.9,27.4,23.0,0.0,0.0,0.0,86,2.73,0.479,0.483,0.459,25.4,25.0,22.71792,75.8333,ERA5,Asia/Kolkata,Open-Meteo Historical Weather API
MP-Indore,2013-08-06,24.5,26.6,23.2,6.2,6.2,17.0,89,1.31,0.491,0.483,0.452,24.8,24.9,22.71792,75.8333,ERA5,Asia/Kolkata,Open-Meteo Historical Weather API
MP-Indore,2013-08-07,24.2,26.2,22.9,20.2,20.2,23.0,93,1.5,0.509,0.509,0.454,24.7,24.5,22.71792,75.8333,ERA5,Asia/Kolkata,Open-Meteo Historical Weather API
MP-Indore,2013-08-08,24.0,25.3,23.0,13.8,13.8,24.0,92,1.22,0.512,0.508,0.462,24.4,24.4,22.71792,75.8333,ERA5,Asia/Kolkata,Open-Meteo Historical Weather API
MP-Indore,2013-08-09,23.2,24.5,22.6,19.9,19.9,24.0,95,0.79,0.513,0.513,0.475,23.8,24.0,22.71792,75.8333,ERA5,Asia/Kolkata,Open-Meteo Historical Weather API
MP-Indore,2013-08-10,23.3,25.5,22.2,20.0,20.0,18.0,93,1.64,0.506,0.512,0.495,23.8,23.8,22.71792,75.8333,ERA5,Asia/Kolkata,Open-Meteo Historical Weather API
MP-Indore,2013-08-11,24.9,28.3,22.2,3.1,3.1,12.0,87,3.16,0.493,0.5,0.497,25.1,24.3,22.71792,75.8333,ERA5,Asia/Kolkata,Open-Meteo Historical Weather API
MP-Indore,2013-08-12,24.7,27.2,22.9,7.9,7.9,16.0,90,1.96,0.501,0.501,0.493,25.0,24.7,22.71792,75.8333,ERA5,Asia/Kolkata,Open-Meteo Historical Weather API
MP-Indore,2013-08-13,23.4,24.0,23.0,27.6,27.6,19.0,97,0.63,0.509,0.513,0.506,24.3,24.5,22.71792,75.8333,ERA5,Asia/Kolkata,Open-Meteo Historical Weather API
MP-Indore,2013-08-14,24.8,28.4,22.7,0.3,0.3,2.0,90,2.32,0.492,0.497,0.51,25.0,24.4,22.71792,75.8333,ERA5,Asia/Kolkata,Open-Meteo Historical Weather API
MP-Indore,2013-08-15,25.3,28.2,22.9,0.8,0.8,5.0,84,3.09,0.48,0.482,0.505,25.6,25.0,22.71792,75.8333,ERA5,Asia/Kolkata,Open-Meteo Historical Weather API
MP-Indore,2013-08-16,25.5,29.1,23.1,1.1,1.1,5.0,84,3.56,0.472,0.473,0.499,25.9,25.3,22.71792,75.8333,ERA5,Asia/Kolkata,Open-Meteo Historical Weather API
MP-Indore,2013-08-17,25.2,27.5,23.2,2.8,2.8,7.0,88,2.48,0.475,0.468,0.492,25.8,25.5,22.71792,75.8333,ERA5,Asia/Kolkata,Open-Meteo Historical Weather API
MP-Indore,2013-08-18,25.6,28.7,23.8,1.9,1.9,12.0,85,2.85,0.474,0.468,0.485,25.9,25.4,22.71792,75.8333,ERA5,Asia/Kolkata,Open-Meteo Historical Weather API
MP-Indore,2013-08-19,24.2,25.5,23.1,0.7,0.7,5.0,86,1.71,0.47,0.467,0.479,24.6,24.9,22.71792,75.8333,ERA5,Asia/Kolkata,Open-Meteo Historical Weather API
MP-Indore,2013-08-20,23.2,24.3,22.4,42.3,42.3,24.0,93,1.19,0.505,0.504,0.484,23.8,24.1,22.71792,75.8333,ERA5,Asia/Kolkata,Open-Meteo Historical Weather API
MP-Indore,2013-08-21,23.6,24.8,22.7,24.1,24.1,18.0,88,1.72,0.503,0.503,0.512,23.7,23.7,22.71792,75.8333,ERA5,Asia/Kolkata,Open-Meteo Historical Weather API
MP-Indore,2013-08-22,23.9,26.1,22.8,5.5,5.5,20.0,89,1.62,0.501,0.495,0.51,23.8,23.7,22.71792,75.8333,ERA5,Asia/Kolkata,Open-Meteo Historical Weather API
MP-Indore,2013-08-23,23.1,23.8,22.6,65.0,65.0,24.0,95,0.66,0.507,0.511,0.505,23.3,23.5,22.71792,75.8333,ERA5,Asia/Kolkata,Open-Meteo Historical Weather API
MP-Indore,2013-08-24,23.6,24.6,23.0,21.9,21.9,22.0,99,0.88,0.505,0.513,0.502,24.0,23.6,22.71792,75.8333,ERA5,Asia/Kolkata,Open-Meteo Historical Weather API
MP-Indore,2013-08-25,23.9,25.2,23.2,3.7,3.7,14.0,96,1.28,0.502,0.505,0.493,24.4,24.0,22.71792,75.8333,ERA5,Asia/Kolkata,Open-Meteo Historical Weather API
MP-Indore,2013-08-26,24.6,27.0,23.1,5.0,5.0,18.0,88,2.24,0.498,0.501,0.483,24.8,24.3,22.71792,75.8333,ERA5,Asia/Kolkata,Open-Meteo Historical Weather API
MP-Indore,2013-08-27,24.6,27.5,22.0,1.5,1.5,6.0,82,3.02,0.49,0.494,0.475,24.7,24.4,22.71792,75.8333,ERA5,Asia/Kolkata,Open-Meteo Historical Weather API
MP-Indore,2013-08-28,24.6,27.6,21.9,0.9,0.9,5.0,82,2.94,0.477,0.485,0.467,24.7,24.5,22.71792,75.8333,ERA5,Asia/Kolkata,Open-Meteo Historical Weather API
MP-Indore,2013-08-29,24.8,27.3,22.2,1.0,1.0,6.0,84,3.01,0.472,0.477,0.461,25.0,24.6,22.71792,75.8333,ERA5,Asia/Kolkata,Open-Meteo Historical Weather API
MP-Indore,2013-08-30,25.4,28.9,22.2,1.6,1.6,7.0,82,3.74,0.466,0.47,0.455,25.5,24.9,22.71792,75.8333,ERA5,Asia/Kolkata,Open-Meteo Historical Weather API
MP-Indore,2013-08-31,25.4,29.3,22.8,1.2,1.2,7.0,83,3.87,0.46,0.463,0.449,26.0,25.3,22.71792,75.8333,ERA5,Asia/Kolkata,Open-Meteo Historical Weather API
MP-Indore,2013-09-01,25.7,29.9,22.4,0.5,0.5,2.0,81,3.96,0.454,0.457,0.443,26.3,25.6,22.71792,75.8333,ERA5,Asia/Kolkata,Open-Meteo Historical Weather API
MP-Indore,2013-09-02,26.0,30.3,22.4,1.3,1.3,6.0,80,4.24,0.444,0.45,0.438,26.5,25.7,22.71792,75.8333,ERA5,Asia/Kolkata,Open-Meteo Historical Weather API
MP-Indore,2013-09-03,25.5,30.1,22.2,1.1,1.1,4.0,82,3.9,0.438,0.442,0.432,26.3,25.7,22.71792,75.8333,ERA5,Asia/Kolkata,Open-Meteo Historical Weather API
MP-Indore,2013-09-04,25.5,28.8,22.5,1.1,1.1,3.0,82,3.82,0.433,0.435,0.427,26.2,25.7,22.71792,75.8333,ERA5,Asia/Kolkata,Open-Meteo Historical Weather API
MP-Indore,2013-09-05,24.9,28.4,22.3,0.6,0.6,3.0,83,3.5,0.431,0.428,0.423,25.9,25.5,22.71792,75.8333,ERA5,Asia/Kolkata,Open-Meteo Historical Weather API
MP-Indore,2013-09-06,25.0,28.8,21.8,1.2,1.2,6.0,81,3.92,0.425,0.422,0.419,25.8,25.4,22.71792,75.8333,ERA5,Asia/Kolkata,Open-Meteo Historical Weather API
MP-Indore,2013-09-07,25.1,29.2,21.2,0.6,0.6,4.0,79,3.91,0.416,0.416,0.415,25.9,25.4,22.71792,75.8333,ERA5,Asia/Kolkata,Open-Meteo Historical Weather API
MP-Indore,2013-09-08,26.1,30.5,21.9,0.2,0.2,1.0,76,4.41,0.406,0.407,0.41,26.7,25.7,22.71792,75.8333,ERA5,Asia/Kolkata,Open-Meteo Historical Weather API
MP-Indore,2013-09-09,27.1,32.1,22.9,0.0,0.0,0.0,72,4.72,0.389,0.398,0.404,27.4,26.2,22.71792,75.8333,ERA5,Asia/Kolkata,Open-Meteo Historical Weather API
MP-Indore,2013-09-10,27.2,32.5,22.6,0.0,0.0,0.0,68,5.19,0.369,0.387,0.399,27.6,26.4,22.71792,75.8333,ERA5,Asia/Kolkata,Open-Meteo Historical Weather API
MP-Indore,2013-09-11,28.5,33.9,23.6,0.3,0.3,1.0,66,5.14,0.352,0.374,0.393,28.2,26.9,22.71792,75.8333,ERA5,Asia/Kolkata,Open-Meteo Historical Weather API
MP-Indore,2013-09-12,28.2,33.3,23.7,0.2,0.2,1.0,69,4.97,0.335,0.361,0.386,28.5,27.4,22.71792,75.8333,ERA5,Asia/Kolkata,Open-Meteo Historical Weather API
MP-Indore,2013-09-13,28.4,34.5,23.9,1.0,1.0,2.0,70,4.94,0.323,0.354,0.383,28.9,27.8,22.71792,75.8333,ERA5,Asia/Kolkata,Open-Meteo Historical Weather API
MP-Indore,2013-09-14,28.4,34.1,24.1,0.2,0.2,1.0,70,4.97,0.315,0.345,0.379,29.1,28.0,22.71792,75.8333,ERA5,Asia/Kolkata,Open-Meteo Historical Weather API
MP-Indore,2013-09-15,28.6,34.1,24.4,0.0,0.0,0.0,69,4.87,0.305,0.338,0.376,29.2,28.2,22.71792,75.8333,ERA5,Asia/Kolkata,Open-Meteo Historical Weather API
MP-Indore,2013-09-16,27.7,32.4,24.4,0.7,0.7,2.0,70,4.19,0.297,0.331,0.372,28.5,28.2,22.71792,75.8333,ERA5,Asia/Kolkata,Open-Meteo Historical Weather API
MP-Indore,2013-09-17,28.3,33.3,23.7,0.0,0.0,0.0,63,5.26,0.296,0.323,0.368,29.2,28.3,22.71792,75.8333,ERA5,Asia/Kolkata,Open-Meteo Historical Weather API
MP-Indore,2013-09-18,28.7,33.4,23.7,0.0,0.0,0.0,57,5.63,0.29,0.314,0.362,29.5,28.5,22.71792,75.8333,ERA5,Asia/Kolkata,Open-Meteo Historical Weather API
MP-Indore,2013-09-19,29.1,34.6,23.3,0.0,0.0,0.0,49,6.33,0.277,0.304,0.356,29.6,28.6,22.71792,75.8333,ERA5,Asia/Kolkata,Open-Meteo Historical Weather API
MP-Indore,2013-09-20,28.4,34.5,23.0,1.1,1.1,3.0,56,6.22,0.271,0.3,0.352,29.4,28.8,22.71792,75.8333,ERA5,Asia/Kolkata,Open-Meteo Historical Weather API
MP-Indore,2013-09-21,25.3,28.6,23.6,78.4,78.4,24.0,90,2.07,0.472,0.415,0.35,27.1,28.0,22.71792,75.8333,ERA5,Asia/Kolkata,Open-Meteo Historical Weather API
MP-Indore,2013-09-22,24.9,27.4,23.6,21.4,21.4,14.0,92,1.61,0.504,0.5,0.361,26.3,26.6,22.71792,75.8333,ERA5,Asia/Kolkata,Open-Meteo Historical Weather API
MP-Indore,2013-09-23,23.8,26.0,22.3,8.0,8.0,13.0,91,1.65,0.501,0.498,0.375,25.6,25.9,22.71792,75.8333,ERA5,Asia/Kolkata,Open-Meteo Historical Weather API
MP-Indore,2013-09-24,23.5,26.1,21.6,12.2,12.2,13.0,90,1.7,0.499,0.497,0.386,24.5,25.1,22.71792,75.8333,ERA5,Asia/Kolkata,Open-Meteo Historical Weather API
MP-Indore,2013-09-25,24.3,26.8,21.8,1.5,1.5,6.0,82,2.75,0.487,0.486,0.393,25.0,25.0,22.71792,75.8333,ERA5,Asia/Kolkata,Open-Meteo Historical Weather API
MP-Indore,2013-09-26,25.3,29.5,21.4,0.0,0.0,0.0,78,4.13,0.465,0.472,0.394,25.7,25.2,22.71792,75.8333,ERA5,Asia/Kolkata,Open-Meteo Historical Weather API
MP-Indore,2013-09-27,25.9,30.7,21.5,0.4,0.4,3.0,81,4.2,0.446,0.459,0.393,26.6,25.7,22.71792,75.8333,ERA5,Asia/Kolkata,Open-Meteo Historical Weather API
MP-Indore,2013-09-28,25.5,28.7,22.1,0.1,0.1,1.0,78,4.32,0.429,0.446,0.392,26.5,26.1,22.71792,75.8333,ERA5,Asia/Kolkata,Open-Meteo Historical Weather API
MP-Indore,2013-09-29,25.2,28.3,22.9,0.5,0.5,3.0,81,3.17,0.42,0.436,0.39,26.2,26.0,22.71792,75.8333,ERA5,Asia/Kolkata,Open-Meteo Historical Weather API
MP-Indore,2013-09-30,24.5,28.1,22.4,3.6,3.6,11.0,89,2.05,0.43,0.431,0.39,25.6,25.7,22.71792,75.8333,ERA5,Asia/Kolkata,Open-Meteo Historical Weather API
MP-Indore,2013-10-01,25.0,29.0,22.1,4.6,4.6,10.0,86,2.7,0.452,0.428,0.389,26.1,25.6,22.71792,75.8333,ERA5,Asia/Kolkata,Open-Meteo Historical Weather API
MP-Indore,2013-10-02,25.8,29.6,22.9,3.5,3.5,7.0,84,3.21,0.47,0.431,0.387,26.6,25.9,22.71792,75.8333,ERA5,Asia/Kolkata,Open-Meteo Historical Weather API
MP-Indore,2013-10-03,25.0,27.3,23.2,3.5,3.5,11.0,85,2.28,0.466,0.436,0.386,25.9,25.8,22.71792,75.8333,ERA5,Asia/Kolkata,Open-Meteo Historical Weather API
MP-Indore,2013-10-04,24.5,27.8,22.4,1.5,1.5,8.0,85,2.52,0.458,0.44,0.386,25.6,25.5,22.71792,75.8333,ERA5,Asia/Kolkata,Open-Meteo Historical Weather API
MP-Indore,2013-10-05,24.6,27.9,22.3,0.5,0.5,2.0,87,2.4,0.446,0.436,0.386,25.4,25.3,22.71792,75.8333,ERA5,Asia/Kolkata,Open-Meteo Historical Weather API
MP-Indore,2013-10-06,24.5,28.0,22.1,11.8,11.8,15.0,87,2.63,0.47,0.44,0.385,25.6,25.3,22.71792,75.8333,ERA5,Asia/Kolkata,Open-Meteo Historical Weather API
MP-Indore,2013-10-07,25.6,30.4,22.2,2.5,2.5,10.0,83,3.41,0.479,0.457,0.386,26.5,25.5,22.71792,75.8333,ERA5,Asia/Kolkata,Open-Meteo Historical Weather API
MP-Indore,2013-10-08,24.6,28.1,22.4,9.5,9.5,15.0,87,2.94,0.484,0.461,0.387,26.2,25.8,22.71792,75.8333,ERA5,Asia/Kolkata,Open-Meteo Historical Weather API
MP-Indore,2013-10-09,24.3,27.6,21.7,5.0,5.0,8.0,87,1.98,0.488,0.47,0.39,25.3,25.3,22.71792,75.8333,ERA5,Asia/Kolkata,Open-Meteo Historical Weather API
MP-Indore,2013-10-10,24.7,28.3,21.4,2.3,2.3,9.0,87,3.21,0.482,0.471,0.392,26.0,25.3,22.71792,75.8333,ERA5,Asia/Kolkata,Open-Meteo Historical Weather API
MP-Indore,2013-10-11,25.1,29.4,21.4,2.2,2.2,10.0,82,3.29,0.474,0.465,0.392,26.2,25.6,22.71792,75.8333,ERA5,Asia/Kolkata,Open-Meteo Historical Weather API
MP-Indore,2013-10-12,24.9,29.5,21.2,0.6,0.6,4.0,82,3.58,0.464,0.457,0.392,26.4,25.7,22.71792,75.8333,ERA5,Asia/Kolkata,Open-Meteo Historical Weather API
MP-Indore,2013-10-13,25.3,29.8,21.9,0.0,0.0,0.0,79,3.72,0.451,0.45,0.391,26.2,25.7,22.71792,75.8333,ERA5,Asia/Kolkata,Open-Meteo Historical Weather API
MP-Indore,2013-10-14,25.6,30.3,22.1,0.3,0.3,2.0,78,3.82,0.434,0.44,0.389,26.7,25.9,22.71792,75.8333,ERA5,Asia/Kolkata,Open-Meteo Historical Weather API
MP-Indore,2013-10-15,25.8,30.4,22.0,0.3,0.3,2.0,74,3.92,0.423,0.43,0.387,26.8,26.1,22.71792,75.8333,ERA5,Asia/Kolkata,Open-Meteo Historical Weather API
MP-Indore,2013-10-16,26.1,32.2,21.5,0.0,0.0,0.0,64,4.8,0.404,0.418,0.384,26.7,26.1,22.71792,75.8333,ERA5,Asia/Kolkata,Open-Meteo Historical Weather API
MP-Indore,2013-10-17,25.9,31.8,20.1,0.0,0.0,0.0,61,4.32,0.384,0.406,0.38,26.1,25.7,22.71792,75.8333,ERA5,Asia/Kolkata,Open-Meteo Historical Weather API
MP-Indore,2013-10-18,26.4,32.0,21.0,0.0,0.0,0.0,58,4.7,0.368,0.395,0.376,26.0,25.6,22.71792,75.8333,ERA5,Asia/Kolkata,Open-Meteo Historical Weather API
MP-Indore,2013-10-19,26.2,31.8,21.0,0.0,0.0,0.0,57,4.48,0.351,0.382,0.371,26.3,25.8,22.71792,75.8333,ERA5,Asia/Kolkata,Open-Meteo Historical Weather API
MP-Indore,2013-10-20,25.4,32.4,20.6,0.0,0.0,0.0,56,4.38,0.335,0.368,0.365,25.9,25.7,22.71792,75.8333,ERA5,Asia/Kolkata,Open-Meteo Historical Weather API
MP-Indore,2013-10-21,24.2,30.5,17.5,0.0,0.0,0.0,53,4.56,0.322,0.356,0.361,24.9,25.2,22.71792,75.8333,ERA5,Asia/Kolkata,Open-Meteo Historical Weather API
MP-Indore,2013-10-22,24.2,31.5,17.8,0.0,0.0,0.0,52,5.23,0.312,0.344,0.354,24.9,25.1,22.71792,75.8333,ERA5,Asia/Kolkata,Open-Meteo Historical Weather API
MP-Indore,2013-10-23,24.3,31.2,17.5,0.0,0.0,0.0,42,5.78,0.295,0.328,0.345,24.9,24.9,22.71792,75.8333,ERA5,Asia/Kolkata,Open-Meteo Historical Weather API
MP-Indore,2013-10-24,24.8,30.4,18.6,0.0,0.0,0.0,56,5.05,0.285,0.318,0.34,25.6,25.1,22.71792,75.8333,ERA5,Asia/Kolkata,Open-Meteo Historical Weather API
MP-Indore,2013-10-25,26.0,30.5,21.3,0.1,0.1,1.0,66,4.32,0.277,0.311,0.336,26.6,25.9,22.71792,75.8333,ERA5,Asia/Kolkata,Open-Meteo Historical Weather API
MP-Indore,2013-10-26,25.9,31.2,21.2,0.0,0.0,0.0,61,4.59,0.274,0.306,0.333,27.0,26.4,22.71792,75.8333,ERA5,Asia/Kolkata,Open-Meteo Historical Weather API
MP-Indore,2013-10-27,25.5,31.3,20.6,0.0,0.0,0.0,59,4.34,0.27,0.301,0.33,27.0,26.6,22.71792,75.8333,ERA5,Asia/Kolkata,Open-Meteo Historical Weather API
MP-Indore,2013-10-28,24.7,31.7,18.8,0.0,0.0,0.0,50,4.68,0.265,0.296,0.327,26.4,26.4,22.71792,75.8333,ERA5,Asia/Kolkata,Open-Meteo Historical Weather API
MP-Indore,2013-10-29,24.0,31.8,17.0,0.0,0.0,0.0,51,4.68,0.262,0.294,0.326,26.0,26.3,22.71792,75.8333,ERA5,Asia/Kolkata,Open-Meteo Historical Weather API
MP-Indore,2013-10-30,23.9,31.4,17.1,0.0,0.0,0.0,54,4.54,0.261,0.295,0.327,25.7,25.9,22.71792,75.8333,ERA5,Asia/Kolkata,Open-Meteo Historical Weather API
MP-Indore,2013-10-31,23.9,30.9,17.9,0.0,0.0,0.0,58,4.46,0.259,0.294,0.327,25.7,25.8,22.71792,75.8333,ERA5,Asia/Kolkata,Open-Meteo Historical Weather API
MP-Indore,2013-11-01,24.1,30.8,18.1,0.0,0.0,0.0,58,4.31,0.258,0.292,0.326,25.9,25.8,22.71792,75.8333,ERA5,Asia/Kolkata,Open-Meteo Historical Weather API
MP-Indore,2013-11-02,24.1,30.3,18.0,0.0,0.0,0.0,57,3.75,0.256,0.29,0.325,26.0,26.0,22.71792,75.8333,ERA5,Asia/Kolkata,Open-Meteo Historical Weather API
MP-Indore,2013-11-03,24.5,30.8,18.9,0.0,0.0,0.0,54,4.09,0.253,0.29,0.324,26.2,26.1,22.71792,75.8333,ERA5,Asia/Kolkata,Open-Meteo Historical Weather API
MP-Indore,2013-11-04,24.8,30.7,19.7,0.0,0.0,0.0,53,4.43,0.251,0.29,0.322,26.4,26.3,22.71792,75.8333,ERA5,Asia/Kolkata,Open-Meteo Historical Weather API
MP-Indore,2013-11-05,24.0,30.4,17.8,0.0,0.0,0.0,54,4.47,0.251,0.289,0.321,25.6,26.1,22.71792,75.8333,ERA5,Asia/Kolkata,Open-Meteo Historical Weather API
MP-Indore,2013-11-06,23.6,29.4,19.1,0.0,0.0,0.0,54,4.08,0.255,0.29,0.324,25.0,25.7,22.71792,75.8333,ERA5,Asia/Kolkata,Open-Meteo Historical Weather API
MP-Indore,2013-11-07,23.0,28.7,17.0,0.0,0.0,0.0,57,3.72,0.258,0.291,0.327,24.3,25.1,22.71792,75.8333,ERA5,Asia/Kolkata,Open-Meteo Historical Weather API
MP-Indore,2013-11-08,22.7,28.0,18.3,0.0,0.0,0.0,60,3.45,0.258,0.293,0.329,24.2,24.8,22.71792,75.8333,ERA5,Asia/Kolkata,Open-Meteo Historical Weather API
MP-Indore,2013-11-09,21.8,26.3,18.1,0.1,0.1,1.0,64,2.8,0.261,0.296,0.332,23.6,24.4,22.71792,75.8333,ERA5,Asia/Kolkata,Open-Meteo Historical Weather API
MP-Indore,2013-11-10,21.8,27.2,17.4,0.0,0.0,0.0,63,3.48,0.262,0.296,0.331,23.5,24.2,22.71792,75.8333,ERA5,Asia/Kolkata,Open-Meteo Historical Weather API
MP-Indore,2013-11-11,21.7,27.5,17.6,0.0,0.0,0.0,50,3.83,0.263,0.296,0.331,23.7,24.3,22.71792,75.8333,ERA5,Asia/Kolkata,Open-Meteo Historical Weather API
MP-Indore,2013-11-12,21.1,27.3,15.6,0.0,0.0,0.0,52,3.48,0.263,0.296,0.333,23.0,23.7,22.71792,75.8333,ERA5,Asia/Kolkata,Open-Meteo Historical Weather API
MP-Indore,2013-11-13,21.8,27.9,16.6,0.0,0.0,0.0,51,3.76,0.261,0.298,0.334,23.4,23.9,22.71792,75.8333,ERA5,Asia/Kolkata,Open-Meteo Historical Weather API
MP-Indore,2013-11-14,21.7,27.7,15.8,0.0,0.0,0.0,54,3.64,0.259,0.299,0.334,23.5,23.9,22.71792,75.8333,ERA5,Asia/Kolkata,Open-Meteo Historical Weather API
MP-Indore,2013-11-15,20.9,26.6,15.8,0.0,0.0,0.0,49,4.28,0.258,0.297,0.334,23.2,23.9,22.71792,75.8333,ERA5,Asia/Kolkata,Open-Meteo Historical Weather API
MP-Indore,2013-11-16,19.3,26.1,13.6,0.0,0.0,0.0,38,4.63,0.259,0.297,0.335,21.9,23.1,22.71792,75.8333,ERA5,Asia/Kolkata,Open-Meteo Historical Weather API
MP-Indore,2013-11-17,19.7,27.0,13.7,0.0,0.0,0.0,46,4.42,0.257,0.294,0.333,21.6,22.4,22.71792,75.8333,ERA5,Asia/Kolkata,Open-Meteo Historical Weather API
MP-Indore,2013-11-18,20.3,28.3,13.5,0.0,0.0,0.0,46,4.32,0.257,0.292,0.332,21.8,22.3,22.71792,75.8333,ERA5,Asia/Kolkata,Open-Meteo Historical Weather API
MP-Indore,2013-11-19,20.2,28.8,12.9,0.0,0.0,0.0,41,4.25,0.259,0.29,0.331,21.8,22.5,22.71792,75.8333,ERA5,Asia/Kolkata,Open-Meteo Historical Weather API
MP-Indore,2013-11-20,19.9,28.5,12.1,0.0,0.0,0.0,43,4.05,0.258,0.29,0.331,21.5,22.3,22.71792,75.8333,ERA5,Asia/Kolkata,Open-Meteo Historical Weather API
MP-Indore,2013-11-21,19.8,28.4,11.9,0.0,0.0,0.0,49,4.17,0.258,0.29,0.331,21.1,22.0,22.71792,75.8333,ERA5,Asia/Kolkata,Open-Meteo Historical Weather API
MP-Indore,2013-11-22,20.4,28.1,14.6,0.0,0.0,0.0,46,4.61,0.255,0.289,0.33,21.5,21.9,22.71792,75.8333,ERA5,Asia/Kolkata,Open-Meteo Historical Weather API
MP-Indore,2013-11-23,21.1,29.0,14.3,0.0,0.0,0.0,51,4.19,0.253,0.286,0.328,21.9,22.0,22.71792,75.8333,ERA5,Asia/Kolkata,Open-Meteo Historical Weather API
MP-Indore,2013-11-24,22.7,30.0,16.0,0.0,0.0,0.0,55,4.12,0.254,0.285,0.326,23.3,22.7,22.71792,75.8333,ERA5,Asia/Kolkata,Open-Meteo Historical Weather API
MP-Indore,2013-11-25,23.4,29.4,18.1,0.0,0.0,0.0,51,4.0,0.254,0.283,0.324,24.4,23.8,22.71792,75.8333,ERA5,Asia/Kolkata,Open-Meteo Historical Weather API
MP-Indore,2013-11-26,22.4,29.9,16.6,0.0,0.0,0.0,38,4.68,0.257,0.282,0.324,23.8,24.0,22.71792,75.8333,ERA5,Asia/Kolkata,Open-Meteo Historical Weather API
MP-Indore,2013-11-27,21.6,29.2,15.0,0.0,0.0,0.0,43,4.31,0.257,0.281,0.324,22.8,23.3,22.71792,75.8333,ERA5,Asia/Kolkata,Open-Meteo Historical Weather API
MP-Indore,2013-11-28,21.3,28.4,15.3,0.0,0.0,0.0,45,4.57,0.259,0.281,0.323,22.5,23.0,22.71792,75.8333,ERA5,Asia/Kolkata,Open-Meteo Historical Weather API
MP-Indore,2013-11-29,20.7,27.4,14.7,0.0,0.0,0.0,48,4.46,0.261,0.279,0.322,22.2,22.7,22.71792,75.8333,ERA5,Asia/Kolkata,Open-Meteo Historical Weather API
MP-Indore,2013-11-30,21.1,28.0,15.6,0.0,0.0,0.0,49,4.14,0.262,0.28,0.323,22.5,22.6,22.71792,75.8333,ERA5,Asia/Kolkata,Open-Meteo Historical Weather API
MP-Indore,2013-12-01,21.6,29.2,14.8,0.0,0.0,0.0,50,3.9,0.261,0.278,0.321,22.9,22.8,22.71792,75.8333,ERA5,Asia/Kolkata,Open-Meteo Historical Weather API
MP-Indore,2013-12-02,22.0,27.6,16.6,0.0,0.0,0.0,63,2.99,0.265,0.279,0.321,22.7,23.1,22.71792,75.8333,ERA5,Asia/Kolkata,Open-Meteo Historical Weather API
MP-Indore,2013-12-03,21.7,26.5,18.1,2.2,2.2,11.0,77,2.46,0.277,0.279,0.322,23.1,23.2,22.71792,75.8333,ERA5,Asia/Kolkata,Open-Meteo Historical Weather API
MP-Indore,2013-12-04,22.1,28.0,17.3,0.0,0.0,0.0,67,3.1,0.283,0.28,0.322,23.5,23.4,22.71792,75.8333,ERA5,Asia/Kolkata,Open-Meteo Historical Weather API
MP-Indore,2013-12-05,21.0,27.5,15.7,0.0,0.0,0.0,54,3.87,0.282,0.283,0.325,22.8,23.4,22.71792,75.8333,ERA5,Asia/Kolkata,Open-Meteo Historical Weather API
MP-Indore,2013-12-06,19.1,26.4,13.7,0.0,0.0,0.0,51,3.73,0.283,0.287,0.328,21.4,22.5,22.71792,75.8333,ERA5,Asia/Kolkata,Open-Meteo Historical Weather API
MP-Indore,2013-12-07,18.9,26.7,12.3,0.0,0.0,0.0,52,3.69,0.283,0.29,0.33,20.1,21.5,22.71792,75.8333,ERA5,Asia/Kolkata,Open-Meteo Historical Weather API
MP-Indore,2013-12-08,19.5,27.4,11.6,0.0,0.0,0.0,49,3.51,0.281,0.292,0.332,19.6,20.8,22.71792,75.8333,ERA5,Asia/Kolkata,Open-Meteo Historical Weather API
MP-Indore,2013-12-09,19.2,26.9,12.7,0.0,0.0,0.0,53,3.57,0.282,0.294,0.334,19.3,20.4,22.71792,75.8333,ERA5,Asia/Kolkata,Open-Meteo Historical Weather API
MP-Indore,2013-12-10,18.5,26.6,11.6,0.0,0.0,0.0,56,3.64,0.278,0.293,0.333,19.7,20.3,22.71792,75.8333,ERA5,Asia/Kolkata,Open-Meteo Historical Weather API
MP-Indore,2013-12-11,18.1,26.3,11.1,0.0,0.0,0.0,56,3.53,0.276,0.291,0.332,19.5,20.3,22.71792,75.8333,ERA5,Asia/Kolkata,Open-Meteo Historical Weather API
MP-Indore,2013-12-12,18.0,26.0,11.9,0.0,0.0,0.0,49,3.97,0.275,0.292,0.333,19.3,20.2,22.71792,75.8333,ERA5,Asia/Kolkata,Open-Meteo Historical Weather API
MP-Indore,2013-12-13,17.8,26.0,10.4,0.0,0.0,0.0,54,3.46,0.275,0.293,0.333,19.0,19.9,22.71792,75.8333,ERA5,Asia/Kolkata,Open-Meteo Historical Weather API
MP-Indore,2013-12-14,18.2,27.2,11.5,0.0,0.0,0.0,56,3.48,0.273,0.293,0.334,19.3,20.0,22.71792,75.8333,ERA5,Asia/Kolkata,Open-Meteo Historical Weather API
MP-Indore,2013-12-15,19.0,27.5,11.5,0.0,0.0,0.0,56,3.38,0.273,0.293,0.335,19.3,20.1,22.71792,75.8333,ERA5,Asia/Kolkata,Open-Meteo Historical Weather API
MP-Indore,2013-12-16,18.5,26.8,11.7,0.0,0.0,0.0,58,3.3,0.274,0.294,0.335,18.9,19.9,22.71792,75.8333,ERA5,Asia/Kolkata,Open-Meteo Historical Weather API
MP-Indore,2013-12-17,18.8,26.4,12.9,0.0,0.0,0.0,54,3.34,0.272,0.294,0.335,18.9,19.8,22.71792,75.8333,ERA5,Asia/Kolkata,Open-Meteo Historical Weather API
MP-Indore,2013-12-18,18.2,26.8,11.5,0.0,0.0,0.0,57,3.49,0.269,0.291,0.333,19.3,19.7,22.71792,75.8333,ERA5,Asia/Kolkata,Open-Meteo Historical Weather API
MP-Indore,2013-12-19,18.6,26.7,11.9,0.0,0.0,0.0,57,3.76,0.264,0.286,0.329,19.8,20.0,22.71792,75.8333,ERA5,Asia/Kolkata,Open-Meteo Historical Weather API
MP-Indore,2013-12-20,17.0,24.3,10.9,0.0,0.0,0.0,52,3.19,0.262,0.284,0.328,18.8,20.0,22.71792,75.8333,ERA5,Asia/Kolkata,Open-Meteo Historical Weather API
MP-Indore,2013-12-21,16.7,24.6,10.5,0.0,0.0,0.0,58,3.38,0.263,0.288,0.331,18.1,19.3,22.71792,75.8333,ERA5,Asia/Kolkata,Open-Meteo Historical Weather API
MP-Indore,2013-12-22,17.1,24.2,10.9,0.0,0.0,0.0,64,3.11,0.267,0.295,0.337,18.2,19.1,22.71792,75.8333,ERA5,Asia/Kolkata,Open-Meteo Historical Weather API
MP-Indore,2013-12-23,17.3,23.6,12.5,0.0,0.0,0.0,69,2.86,0.271,0.3,0.341,18.5,19.4,22.71792,75.8333,ERA5,Asia/Kolkata,Open-Meteo Historical Weather API
MP-Indore,2013-12-24,18.4,24.6,13.4,0.0,0.0,0.0,69,3.02,0.274,0.304,0.345,19.4,19.8,22.71792,75.8333,ERA5,Asia/Kolkata,Open-Meteo Historical Weather API
MP-Indore,2013-12-25,19.1,25.3,13.8,0.0,0.0,0.0,67,2.79,0.272,0.304,0.345,20.1,20.2,22.71792,75.8333,ERA5,Asia/Kolkata,Open-Meteo Historical Weather API
MP-Indore,2013-12-26,19.2,24.8,14.8,0.0,0.0,0.0,68,2.94,0.273,0.304,0.346,20.3,20.5,22.71792,75.8333,ERA5,Asia/Kolkata,Open-Meteo Historical Weather API
MP-Indore,2013-12-27,20.1,25.3,16.0,0.0,0.0,0.0,65,3.3,0.273,0.305,0.347,20.8,20.8,22.71792,75.8333,ERA5,Asia/Kolkata,Open-Meteo Historical Weather API
MP-Indore,2013-12-28,17.9,22.3,14.0,0.1,0.1,1.0,75,2.27,0.278,0.306,0.347,19.8,20.7,22.71792,75.8333,ERA5,Asia/Kolkata,Open-Meteo Historical Weather API
MP-Indore,2013-12-29,17.5,23.4,13.0,0.0,0.0,0.0,72,2.87,0.28,0.307,0.349,19.1,20.0,22.71792,75.8333,ERA5,Asia/Kolkata,Open-Meteo Historical Weather API
MP-Indore,2013-12-30,18.8,24.4,14.4,0.6,0.6,4.0,72,2.94,0.283,0.308,0.349,19.7,20.2,22.71792,75.8333,ERA5,Asia/Kolkata,Open-Meteo Historical Weather API
MP-Indore,2013-12-31,18.8,24.4,14.8,0.1,0.1,1.0,77,2.6,0.296,0.307,0.349,19.7,20.3,22.71792,75.8333,ERA5,Asia/Kolkata,Open-Meteo Historical Weather API
MP-Indore,2014-01-01,17.2,22.9,14.4,0.0,0.0,0.0,84,2.42,0.299,0.311,0.354,19.4,20.3,22.71792,75.8333,ERA5,Asia/Kolkata,Open-Meteo Historical Weather API
MP-Indore,2014-01-02,17.4,23.0,13.8,0.0,0.0,0.0,81,2.68,0.303,0.318,0.36,19.3,19.9,22.71792,75.8333,ERA5,Asia/Kolkata,Open-Meteo Historical Weather API
MP-Indore,2014-01-03,19.7,25.5,14.6,0.0,0.0,0.0,71,3.03,0.301,0.32,0.362,20.0,20.0,22.71792,75.8333,ERA5,Asia/Kolkata,Open-Meteo Historical Weather API
MP-Indore,2014-01-04,20.1,25.6,16.4,0.1,0.1,1.0,71,2.85,0.296,0.315,0.359,20.7,20.5,22.71792,75.8333,ERA5,Asia/Kolkata,Open-Meteo Historical Weather API
MP-Indore,2014-01-05,18.2,24.3,13.4,0.0,0.0,0.0,64,3.32,0.294,0.312,0.357,20.2,20.5,22.71792,75.8333,ERA5,Asia/Kolkata,Open-Meteo Historical Weather API
MP-Indore,2014-01-06,16.3,22.5,11.5,0.0,0.0,0.0,67,3.3,0.288,0.309,0.356,18.4,19.5,22.71792,75.8333,ERA5,Asia/Kolkata,Open-Meteo Historical Weather API
MP-Indore,2014-01-07,16.4,23.1,10.7,0.0,0.0,0.0,61,3.47,0.282,0.303,0.351,18.3,19.0,22.71792,75.8333,ERA5,Asia/Kolkata,Open-Meteo Historical Weather API
MP-Indore,2014-01-08,19.2,26.2,13.3,0.0,0.0,0.0,63,3.78,0.276,0.297,0.347,19.6,19.2,22.71792,75.8333,ERA5,Asia/Kolkata,Open-Meteo Historical Weather API
MP-Indore,2014-01-09,20.2,26.7,16.0,0.0,0.0,0.0,64,3.55,0.274,0.294,0.344,21.0,20.5,22.71792,75.8333,ERA5,Asia/Kolkata,Open-Meteo Historical Weather API
MP-Indore,2014-01-10,17.3,24.2,12.6,0.0,0.0,0.0,68,3.46,0.278,0.299,0.348,19.4,20.4,22.71792,75.8333,ERA5,Asia/Kolkata,Open-Meteo Historical Weather API
MP-Indore,2014-01-11,14.6,20.1,10.1,0.0,0.0,0.0,72,2.98,0.282,0.306,0.353,17.4,19.2,22.71792,75.8333,ERA5,Asia/Kolkata,Open-Meteo Historical Weather API
MP-Indore,2014-01-12,14.9,21.6,9.4,0.0,0.0,0.0,62,3.44,0.283,0.309,0.356,17.1,18.1,22.71792,75.8333,ERA5,Asia/Kolkata,Open-Meteo Historical Weather API
MP-Indore,2014-01-13,17.6,24.9,11.7,0.0,0.0,0.0,64,3.39,0.28,0.308,0.355,18.4,18.4,22.71792,75.8333,ERA5,Asia/Kolkata,Open-Meteo Historical Weather API
MP-Indore,2014-01-14,20.0,26.7,15.7,0.0,0.0,0.0,70,2.91,0.278,0.305,0.354,20.1,19.7,22.71792,75.8333,ERA5,Asia/Kolkata,Open-Meteo Historical Weather API
MP-Indore,2014-01-15,18.7,25.1,14.5,0.0,0.0,0.0,67,3.44,0.275,0.302,0.351,20.1,20.3,22.71792,75.8333,ERA5,Asia/Kolkata,Open-Meteo Historical Weather API
MP-Indore,2014-01-16,16.9,22.6,12.6,0.0,0.0,0.0,79,2.94,0.274,0.304,0.353,19.0,19.9,22.71792,75.8333,ERA5,Asia/Kolkata,Open-Meteo Historical Weather API
MP-Indore,2014-01-17,18.3,24.6,13.3,0.0,0.0,0.0,69,3.4,0.277,0.307,0.356,19.3,19.8,22.71792,75.8333,ERA5,Asia/Kolkata,Open-Meteo Historical Weather API
MP-Indore,2014-01-18,15.7,21.5,10.0,0.0,0.0,0.0,62,3.48,0.276,0.306,0.357,18.4,19.4,22.71792,75.8333,ERA5,Asia/Kolkata,Open-Meteo Historical Weather API
MP-Indore,2014-01-19,16.0,22.5,10.6,0.0,0.0,0.0,63,3.52,0.275,0.308,0.358,17.7,18.7,22.71792,75.8333,ERA5,Asia/Kolkata,Open-Meteo Historical Weather API
MP-Indore,2014-01-20,19.1,26.2,12.4,0.0,0.0,0.0,68,3.55,0.275,0.309,0.359,19.4,19.3,22.71792,75.8333,ERA5,Asia/Kolkata,Open-Meteo Historical Weather API
MP-Indore,2014-01-21,20.1,23.1,17.7,1.9,1.9,6.0,74,2.22,0.282,0.312,0.362,20.5,20.5,22.71792,75.8333,ERA5,Asia/Kolkata,Open-Meteo Historical Weather API
MP-Indore,2014-01-22,18.4,23.4,16.3,1.1,1.1,3.0,85,2.4,0.324,0.317,0.366,20.0,20.4,22.71792,75.8333,ERA5,Asia/Kolkata,Open-Meteo Historical Weather API
MP-Indore,2014-01-23,17.5,21.1,15.1,15.4,15.4,23.0,92,1.95,0.414,0.321,0.367,19.4,20.1,22.71792,75.8333,ERA5,Asia/Kolkata,Open-Meteo Historical Weather API
MP-Indore,2014-01-24,17.5,20.6,15.4,3.9,3.9,5.0,89,1.74,0.452,0.341,0.368,19.1,19.6,22.71792,75.8333,ERA5,Asia/Kolkata,Open-Meteo Historical Weather API
MP-Indore,2014-01-25,17.0,20.6,14.0,0.6,0.6,3.0,87,2.09,0.424,0.353,0.37,18.4,19.1,22.71792,75.8333,ERA5,Asia/Kolkata,Open-Meteo Historical Weather API
MP-Indore,2014-01-26,17.6,22.9,13.7,0.4,0.4,2.0,84,2.89,0.408,0.359,0.373,18.9,19.0,22.71792,75.8333,ERA5,Asia/Kolkata,Open-Meteo Historical Weather API
MP-Indore,2014-01-27,17.1,23.2,12.3,0.0,0.0,0.0,70,3.57,0.392,0.358,0.373,18.7,19.0,22.71792,75.8333,ERA5,Asia/Kolkata,Open-Meteo Historical Weather API
MP-Indore,2014-01-28,16.6,24.5,10.5,0.0,0.0,0.0,64,3.75,0.371,0.35,0.368,17.8,18.4,22.71792,75.8333,ERA5,Asia/Kolkata,Open-Meteo Historical Weather API
MP-Indore,2014-01-29,17.7,26.0,10.9,0.0,0.0,0.0,53,4.12,0.35,0.339,0.361,18.2,18.1,22.71792,75.8333,ERA5,Asia/Kolkata,Open-Meteo Historical Weather API
MP-Indore,2014-01-30,18.2,25.8,11.4,0.0,0.0,0.0,49,4.31,0.329,0.326,0.352,18.7,18.5,22.71792,75.8333,ERA5,Asia/Kolkata,Open-Meteo Historical Weather API
MP-Indore,2014-01-31,18.8,25.6,12.4,0.0,0.0,0.0,52,4.28,0.31,0.314,0.344,19.4,18.9,22.71792,75.8333,ERA5,Asia/Kolkata,Open-Meteo Historical Weather API
MP-Indore,2014-02-01,19.2,26.4,12.6,0.0,0.0,0.0,53,4.25,0.297,0.306,0.339,20.0,19.3,22.71792,75.8333,ERA5,Asia/Kolkata,Open-Meteo Historical Weather API
MP-Indore,2014-02-02,19.8,27.4,13.8,0.0,0.0,0.0,55,3.97,0.287,0.3,0.335,20.6,19.9,22.71792,75.8333,ERA5,Asia/Kolkata,Open-Meteo Historical Weather API
MP-Indore,2014-02-03,20.8,28.2,13.3,0.0,0.0,0.0,54,3.93,0.28,0.294,0.33,21.1,20.5,22.71792,75.8333,ERA5,Asia/Kolkata,Open-Meteo Historical Weather API
MP-Indore,2014-02-04,21.5,28.8,16.1,0.0,0.0,0.0,52,4.06,0.275,0.292,0.328,21.5,21.0,22.71792,75.8333,ERA5,Asia/Kolkata,Open-Meteo Historical Weather API
MP-Indore,2014-02-05,21.9,29.4,15.0,0.0,0.0,0.0,52,4.04,0.274,0.29,0.327,21.9,21.4,22.71792,75.8333,ERA5,Asia/Kolkata,Open-Meteo Historical Weather API
MP-Indore,2014-02-06,22.9,30.5,15.6,0.0,0.0,0.0,51,4.85,0.27,0.289,0.326,22.2,21.6,22.71792,75.8333,ERA5,Asia/Kolkata,Open-Meteo Historical Weather API
MP-Indore,2014-02-07,22.5,29.8,15.7,0.0,0.0,0.0,52,5.0,0.268,0.288,0.325,23.0,22.0,22.71792,75.8333,ERA5,Asia/Kolkata,Open-Meteo Historical Weather API
MP-Indore,2014-02-08,21.0,28.0,14.9,0.0,0.0,0.0,55,4.67,0.266,0.287,0.325,22.6,22.1,22.71792,75.8333,ERA5,Asia/Kolkata,Open-Meteo Historical Weather API
MP-Indore,2014-02-09,18.4,25.3,12.3,0.0,0.0,0.0,49,4.39,0.264,0.289,0.327,21.2,21.5,22.71792,75.8333,ERA5,Asia/Kolkata,Open-Meteo Historical Weather API
MP-Indore,2014-02-10,18.3,25.3,11.8,0.0,0.0,0.0,53,4.43,0.268,0.291,0.329,20.6,20.8,22.71792,75.8333,ERA5,Asia/Kolkata,Open-Meteo Historical Weather API
MP-Indore,2014-02-11,18.5,25.0,12.6,0.0,0.0,0.0,43,4.47,0.269,0.293,0.331,20.7,20.7,22.71792,75.8333,ERA5,Asia/Kolkata,Open-Meteo Historical Weather API
MP-Indore,2014-02-12,19.0,25.2,12.7,0.0,0.0,0.0,50,4.72,0.268,0.293,0.331,20.6,20.5,22.71792,75.8333,ERA5,Asia/Kolkata,Open-Meteo Historical Weather API
MP-Indore,2014-02-13,19.8,25.4,15.2,0.0,0.0,0.0,52,4.23,0.267,0.296,0.334,21.1,21.0,22.71792,75.8333,ERA5,Asia/Kolkata,Open-Meteo Historical Weather API
MP-Indore,2014-02-14,18.4,23.2,14.4,0.0,0.0,0.0,58,3.72,0.267,0.297,0.335,20.3,20.8,22.71792,75.8333,ERA5,Asia/Kolkata,Open-Meteo Historical Weather API
MP-Indore,2014-02-15,17.0,22.1,13.4,0.0,0.0,0.0,61,2.67,0.273,0.302,0.339,19.2,19.9,22.71792,75.8333,ERA5,Asia/Kolkata,Open-Meteo Historical Weather API
MP-Indore,2014-02-16,16.6,22.1,11.3,0.0,0.0,0.0,59,3.46,0.279,0.305,0.342,18.9,19.5,22.71792,75.8333,ERA5,Asia/Kolkata,Open-Meteo Historical Weather API
MP-Indore,2014-02-17,16.7,22.6,11.5,0.0,0.0,0.0,48,4.5,0.281,0.308,0.345,18.9,19.2,22.71792,75.8333,ERA5,Asia/Kolkata,Open-Meteo Historical Weather API
MP-Indore,2014-02-18,17.1,24.4,9.3,0.0,0.0,0.0,44,4.67,0.279,0.307,0.345,18.9,19.0,22.71792,75.8333,ERA5,Asia/Kolkata,Open-Meteo Historical Weather API
MP-Indore,2014-02-19,19.9,28.0,12.2,0.0,0.0,0.0,45,4.95,0.275,0.303,0.342,20.1,19.5,22.71792,75.8333,ERA5,Asia/Kolkata,Open-Meteo Historical Weather API
MP-Indore,2014-02-20,22.3,28.8,15.9,0.0,0.0,0.0,47,4.74,0.27,0.299,0.34,21.5,20.5,22.71792,75.8333,ERA5,Asia/Kolkata,Open-Meteo Historical Weather API
MP-Indore,2014-02-21,23.2,29.2,17.9,0.0,0.0,0.0,54,4.27,0.267,0.299,0.339,23.4,22.0,22.71792,75.8333,ERA5,Asia/Kolkata,Open-Meteo Historical Weather API
MP-Indore,2014-02-22,22.1,27.0,17.9,0.0,0.0,0.0,60,3.87,0.269,0.301,0.341,23.8,22.8,22.71792,75.8333,ERA5,Asia/Kolkata,Open-Meteo Historical Weather API
MP-Indore,2014-02-23,20.0,24.4,16.0,0.0,0.0,0.0,65,4.3,0.272,0.308,0.346,22.3,22.5,22.71792,75.8333,ERA5,Asia/Kolkata,Open-Meteo Historical Weather API
MP-Indore,2014-02-24,20.4,26.4,15.0,2.5,2.5,4.0,71,3.83,0.283,0.313,0.351,21.9,21.9,22.71792,75.8333,ERA5,Asia/Kolkata,Open-Meteo Historical Weather API
MP-Indore,2014-02-25,21.5,27.4,17.5,3.5,3.5,9.0,80,3.5,0.339,0.316,0.354,22.6,22.2,22.71792,75.8333,ERA5,Asia/Kolkata,Open-Meteo Historical Weather API
MP-Indore,2014-02-26,20.3,26.0,16.4,9.3,9.3,11.0,81,3.61,0.438,0.325,0.354,22.4,22.2,22.71792,75.8333,ERA5,Asia/Kolkata,Open-Meteo Historical Weather API
MP-Indore,2014-02-27,20.4,26.7,16.0,1.7,1.7,5.0,79,3.68,0.432,0.337,0.355,22.4,22.1,22.71792,75.8333,ERA5,Asia/Kolkata,Open-Meteo Historical Weather API
MP-Indore,2014-02-28,20.8,26.5,16.1,0.0,0.0,0.0,57,4.83,0.404,0.338,0.352,22.0,21.7,22.71792,75.8333,ERA5,Asia/Kolkata,Open-Meteo Historical Weather API
MP-Indore,2014-03-01,18.8,24.8,13.1,0.0,0.0,0.0,47,4.83,0.375,0.334,0.349,20.7,21.0,22.71792,75.8333,ERA5,Asia/Kolkata,Open-Meteo Historical Weather API
MP-Indore,2014-03-02,18.3,24.3,12.2,0.0,0.0,0.0,49,5.12,0.353,0.329,0.346,20.1,20.3,22.71792,75.8333,ERA5,Asia/Kolkata,Open-Meteo Historical Weather API
MP-Indore,2014-03-03,19.2,25.2,13.4,0.0,0.0,0.0,47,5.23,0.333,0.321,0.342,20.6,20.2,22.71792,75.8333,ERA5,Asia/Kolkata,Open-Meteo Historical Weather API
MP-Indore,2014-03-04,19.9,25.9,14.5,0.8,0.8,1.0,56,4.61,0.322,0.317,0.34,21.4,20.7,22.71792,75.8333,ERA5,Asia/Kolkata,Open-Meteo Historical Weather API
MP-Indore,2014-03-05,21.2,27.1,15.8,0.5,0.5,1.0,61,4.01,0.316,0.313,0.338,22.2,21.2,22.71792,75.8333,ERA5,Asia/Kolkata,Open-Meteo Historical Weather API
MP-Indore,2014-03-06,21.6,27.2,17.7,4.9,4.9,9.0,63,4.22,0.34,0.307,0.333,22.9,21.9,22.71792,75.8333,ERA5,Asia/Kolkata,Open-Meteo Historical Weather API
MP-Indore,2014-03-07,22.2,27.6,16.6,0.8,0.8,2.0,64,4.42,0.371,0.305,0.331,23.2,22.1,22.71792,75.8333,ERA5,Asia/Kolkata,Open-Meteo Historical Weather API
MP-Indore,2014-03-08,22.4,27.0,18.0,0.3,0.3,2.0,54,4.51,0.352,0.3,0.327,23.4,22.3,22.71792,75.8333,ERA5,Asia/Kolkata,Open-Meteo Historical Weather API
MP-Indore,2014-03-09,21.9,27.8,17.4,5.8,5.8,8.0,67,4.4,0.344,0.295,0.322,23.7,22.7,22.71792,75.8333,ERA5,Asia/Kolkata,Open-Meteo Historical Weather API
MP-Indore,2014-03-10,22.1,27.3,17.4,0.0,0.0,0.0,67,4.25,0.365,0.291,0.319,23.7,22.8,22.71792,75.8333,ERA5,Asia/Kolkata,Open-Meteo Historical Weather API
MP-Indore,2014-03-11,23.5,30.1,17.6,0.0,0.0,0.0,60,4.8,0.349,0.289,0.317,24.0,23.0,22.71792,75.8333,ERA5,Asia/Kolkata,Open-Meteo Historical Weather API
MP-Indore,2014-03-12,23.9,30.8,17.1,0.0,0.0,0.0,44,5.52,0.327,0.286,0.314,24.7,23.4,22.71792,75.8333,ERA5,Asia/Kolkata,Open-Meteo Historical Weather API
MP-Indore,2014-03-13,24.4,31.2,18.3,0.9,0.9,1.0,46,5.16,0.312,0.285,0.312,25.4,24.0,22.71792,75.8333,ERA5,Asia/Kolkata,Open-Meteo Historical Weather API
MP-Indore,2014-03-14,25.3,32.2,18.4,0.0,0.0,0.0,51,5.0,0.307,0.283,0.311,26.2,24.7,22.71792,75.8333,ERA5,Asia/Kolkata,Open-Meteo Historical Weather API
MP-Indore,2014-03-15,26.8,33.9,20.2,0.0,0.0,0.0,45,5.45,0.293,0.28,0.307,26.9,25.3,22.71792,75.8333,ERA5,Asia/Kolkata,Open-Meteo Historical Weather API
MP-Indore,2014-03-16,27.7,35.5,18.8,0.0,0.0,0.0,37,5.96,0.282,0.276,0.303,27.9,25.9,22.71792,75.8333,ERA5,Asia/Kolkata,Open-Meteo Historical Weather API
MP-Indore,2014-03-17,28.2,36.2,20.3,0.0,0.0,0.0,34,6.99,0.274,0.275,0.302,28.6,26.7,22.71792,75.8333,ERA5,Asia/Kolkata,Open-Meteo Historical Weather API
MP-Indore,2014-03-18,27.4,34.5,20.6,0.0,0.0,0.0,36,7.11,0.271,0.275,0.302,28.7,27.2,22.71792,75.8333,ERA5,Asia/Kolkata,Open-Meteo Historical Weather API
MP-Indore,2014-03-19,25.6,33.8,16.4,0.0,0.0,0.0,28,6.92,0.268,0.277,0.304,27.4,26.7,22.71792,75.8333,ERA5,Asia/Kolkata,Open-Meteo Historical Weather API
MP-Indore,2014-03-20,26.3,35.1,17.8,0.0,0.0,0.0,26,7.09,0.265,0.277,0.304,27.6,26.4,22.71792,75.8333,ERA5,Asia/Kolkata,Open-Meteo Historical Weather API
MP-Indore,2014-03-21,26.3,34.8,18.1,0.0,0.0,0.0,26,8.04,0.263,0.277,0.303,27.3,26.5,22.71792,75.8333,ERA5,Asia/Kolkata,Open-Meteo Historical Weather API
MP-Indore,2014-03-22,26.1,33.6,19.2,0.0,0.0,0.0,39,6.73,0.262,0.278,0.305,27.5,26.4,22.71792,75.8333,ERA5,Asia/Kolkata,Open-Meteo Historical Weather API
MP-Indore,2014-03-23,27.4,34.9,19.5,0.0,0.0,0.0,41,6.45,0.261,0.278,0.303,28.8,27.1,22.71792,75.8333,ERA5,Asia/Kolkata,Open-Meteo Historical Weather API
MP-Indore,2014-03-24,28.0,35.5,20.6,0.0,0.0,0.0,40,6.37,0.257,0.277,0.302,29.2,27.7,22.71792,75.8333,ERA5,Asia/Kolkata,Open-Meteo Historical Weather API
MP-Indore,2014-03-25,28.3,34.8,22.7,0.0,0.0,0.0,35,6.54,0.256,0.276,0.302,30.0,28.3,22.71792,75.8333,ERA5,Asia/Kolkata,Open-Meteo Historical Weather API
MP-Indore,2014-03-26,28.6,35.8,21.0,0.0,0.0,0.0,32,6.91,0.253,0.275,0.301,30.2,28.7,22.71792,75.8333,ERA5,Asia/Kolkata,Open-Meteo Historical Weather API
MP-Indore,2014-03-27,29.5,37.1,22.0,0.0,0.0,0.0,32,6.91,0.252,0.275,0.3,30.7,29.1,22.71792,75.8333,ERA5,Asia/Kolkata,Open-Meteo Historical Weather API
MP-Indore,2014-03-28,29.8,37.6,22.2,0.0,0.0,0.0,30,7.48,0.25,0.274,0.298,31.3,29.5,22.71792,75.8333,ERA5,Asia/Kolkata,Open-Meteo Historical Weather API
MP-Indore,2014-03-29,29.9,37.3,22.8,0.0,0.0,0.0,27,8.26,0.247,0.272,0.296,31.5,29.9,22.71792,75.8333,ERA5,Asia/Kolkata,Open-Meteo Historical Weather API
MP-Indore,2014-03-30,29.5,37.2,21.4,0.0,0.0,0.0,27,8.2,0.249,0.272,0.295,31.3,30.0,22.71792,75.8333,ERA5,Asia/Kolkata,Open-Meteo Historical Weather API
MP-Indore,2014-03-31,29.3,36.8,21.7,0.0,0.0,0.0,28,8.01,0.245,0.271,0.292,31.4,30.1,22.71792,75.8333,ERA5,Asia/Kolkata,Open-Meteo Historical Weather API
MP-Indore,2014-04-01,29.0,35.8,21.6,0.0,0.0,0.0,28,8.06,0.244,0.27,0.29,31.1,30.0,22.71792,75.8333,ERA5,Asia/Kolkata,Open-Meteo Historical Weather API
MP-Indore,2014-04-02,28.5,34.7,22.0,0.0,0.0,0.0,27,8.52,0.242,0.269,0.289,30.8,29.9,22.71792,75.8333,ERA5,Asia/Kolkata,Open-Meteo Historical Weather API
MP-Indore,2014-04-03,29.5,36.0,22.1,0.0,0.0,0.0,32,6.81,0.242,0.269,0.29,31.7,30.1,22.71792,75.8333,ERA5,Asia/Kolkata,Open-Meteo Historical Weather API
MP-Indore,2014-04-04,30.2,36.7,22.6,0.0,0.0,0.0,26,7.06,0.248,0.27,0.289,31.9,30.6,22.71792,75.8333,ERA5,Asia/Kolkata,Open-Meteo Historical Weather API
MP-Indore,2014-04-05,30.9,38.8,22.5,0.0,0.0,0.0,25,7.89,0.248,0.27,0.289,32.1,30.6,22.71792,75.8333,ERA5,Asia/Kolkata,Open-Meteo Historical Weather API
MP-Indore,2014-04-06,31.6,38.7,24.0,0.0,0.0,0.0,25,8.46,0.249,0.27,0.289,32.7,31.2,22.71792,75.8333,ERA5,Asia/Kolkata,Open-Meteo Historical Weather API
MP-Indore,2014-04-07,30.5,36.6,24.4,0.0,0.0,0.0,27,7.72,0.25,0.27,0.29,32.2,31.2,22.71792,75.8333,ERA5,Asia/Kolkata,Open-Meteo Historical Weather API
MP-Indore,2014-04-08,29.3,35.1,23.8,0.0,0.0,0.0,29,7.49,0.253,0.274,0.295,32.1,31.1,22.71792,75.8333,ERA5,Asia/Kolkata,Open-Meteo Historical Weather API
MP-Indore,2014-04-09,29.2,36.8,21.1,0.0,0.0,0.0,26,7.58,0.256,0.275,0.298,31.5,30.8,22.71792,75.8333,ERA5,Asia/Kolkata,Open-Meteo Historical Weather API
MP-Indore,2014-04-10,29.1,36.3,20.3,0.0,0.0,0.0,22,7.69,0.255,0.276,0.298,31.3,30.5,22.71792,75.8333,ERA5,Asia/Kolkata,Open-Meteo Historical Weather API
MP-Indore,2014-04-11,29.7,36.6,22.4,0.0,0.0,0.0,21,8.19,0.254,0.275,0.297,31.6,30.6,22.71792,75.8333,ERA5,Asia/Kolkata,Open-Meteo Historical Weather API
MP-Indore,2014-04-12,29.5,36.7,21.1,0.0,0.0,0.0,24,7.17,0.252,0.275,0.296,31.6,30.8,22.71792,75.8333,ERA5,Asia/Kolkata,Open-Meteo Historical Weather API
MP-Indore,2014-04-13,31.0,38.2,23.1,0.0,0.0,0.0,26,7.75,0.252,0.275,0.296,32.6,31.3,22.71792,75.8333,ERA5,Asia/Kolkata,Open-Meteo Historical Weather API
MP-Indore,2014-04-14,31.1,37.8,24.5,0.0,0.0,0.0,28,7.75,0.25,0.273,0.293,33.3,32.0,22.71792,75.8333,ERA5,Asia/Kolkata,Open-Meteo Historical Weather API
MP-Indore,2014-04-15,31.9,38.6,24.9,0.0,0.0,0.0,29,8.03,0.248,0.273,0.294,34.0,32.5,22.71792,75.8333,ERA5,Asia/Kolkata,Open-Meteo Historical Weather API
MP-Indore,2014-04-16,33.2,39.6,26.6,0.0,0.0,0.0,27,8.49,0.246,0.272,0.292,35.1,33.1,22.71792,75.8333,ERA5,Asia/Kolkata,Open-Meteo Historical Weather API
MP-Indore,2014-04-17,32.1,38.5,26.3,0.0,0.0,0.0,29,7.55,0.241,0.271,0.29,34.9,33.5,22.71792,75.8333,ERA5,Asia/Kolkata,Open-Meteo Historical Weather API
MP-Indore,2014-04-18,30.8,37.3,25.1,0.0,0.0,0.0,34,7.47,0.242,0.272,0.292,34.0,33.2,22.71792,75.8333,ERA5,Asia/Kolkata,Open-Meteo Historical Weather API
MP-Indore,2014-04-19,29.6,35.0,24.2,0.0,0.0,0.0,36,5.93,0.246,0.276,0.298,32.9,32.7,22.71792,75.8333,ERA5,Asia/Kolkata,Open-Meteo Historical Weather API
MP-Indore,2014-04-20,29.4,36.3,23.0,0.1,0.1,1.0,36,6.08,0.255,0.277,0.302,32.5,32.1,22.71792,75.8333,ERA5,Asia/Kolkata,Open-Meteo Historical Weather API
MP-Indore,2014-04-21,29.5,36.2,22.2,0.0,0.0,0.0,35,6.52,0.266,0.28,0.307,32.1,31.7,22.71792,75.8333,ERA5,Asia/Kolkata,Open-Meteo Historical Weather API
MP-Indore,2014-04-22,30.0,36.3,23.9,0.0,0.0,0.0,34,6.74,0.267,0.285,0.313,32.1,31.7,22.71792,75.8333,ERA5,Asia/Kolkata,Open-Meteo Historical Weather API
MP-Indore,2014-04-23,30.5,37.5,22.7,0.0,0.0,0.0,34,7.37,0.267,0.288,0.317,32.0,31.6,22.71792,75.8333,ERA5,Asia/Kolkata,Open-Meteo Historical Weather API
MP-Indore,2014-04-24,31.1,37.7,23.8,0.0,0.0,0.0,27,7.94,0.259,0.284,0.314,32.9,31.8,22.71792,75.8333,ERA5,Asia/Kolkata,Open-Meteo Historical Weather API
MP-Indore,2014-04-25,32.2,39.5,24.0,0.0,0.0,0.0,25,8.01,0.25,0.278,0.306,33.7,32.1,22.71792,75.8333,ERA5,Asia/Kolkata,Open-Meteo Historical Weather API
MP-Indore,2014-04-26,33.1,39.9,25.2,0.0,0.0,0.0,23,8.62,0.245,0.274,0.3,34.7,32.9,22.71792,75.8333,ERA5,Asia/Kolkata,Open-Meteo Historical Weather API
MP-Indore,2014-04-27,33.9,40.6,26.1,0.0,0.0,0.0,25,8.02,0.243,0.272,0.297,35.6,33.7,22.71792,75.8333,ERA5,Asia/Kolkata,Open-Meteo Historical Weather API
MP-Indore,2014-04-28,34.0,40.4,26.1,0.0,0.0,0.0,23,7.64,0.248,0.272,0.297,35.5,34.0,22.71792,75.8333,ERA5,Asia/Kolkata,Open-Meteo Historical Weather API
MP-Indore,2014-04-29,34.3,40.7,26.5,0.0,0.0,0.0,24,6.76,0.25,0.273,0.298,36.0,34.1,22.71792,75.8333,ERA5,Asia/Kolkata,Open-Meteo Historical Weather API
MP-Indore,2014-04-30,34.1,40.7,28.1,0.0,0.0,0.0,25,9.39,0.249,0.274,0.299,35.9,34.4,22.71792,75.8333,ERA5,Asia/Kolkata,Open-Meteo Historical Weather API
MP-Indore,2014-05-01,34.2,40.5,28.1,0.0,0.0,0.0,24,10.14,0.245,0.272,0.297,35.9,34.4,22.71792,75.8333,ERA5,Asia/Kolkata,Open-Meteo Historical Weather API
MP-Indore,2014-05-02,33.3,40.2,26.8,0.0,0.0,0.0,24,9.27,0.244,0.271,0.295,35.4,34.2,22.71792,75.8333,ERA5,Asia/Kolkata,Open-Meteo Historical Weather API
MP-Indore,2014-05-03,32.3,38.8,26.0,0.0,0.0,0.0,27,8.85,0.251,0.272,0.296,34.7,33.9,22.71792,75.8333,ERA5,Asia/Kolkata,Open-Meteo Historical Weather API
MP-Indore,2014-05-04,31.3,37.3,25.0,0.0,0.0,0.0,31,8.09,0.252,0.275,0.3,34.2,33.7,22.71792,75.8333,ERA5,Asia/Kolkata,Open-Meteo Historical Weather API
MP-Indore,2014-05-05,31.1,37.3,25.0,0.0,0.0,0.0,33,7.44,0.256,0.277,0.303,34.0,33.4,22.71792,75.8333,ERA5,Asia/Kolkata,Open-Meteo Historical Weather API
MP-Indore,2014-05-06,31.4,37.9,24.5,0.0,0.0,0.0,34,6.4,0.253,0.278,0.304,34.4,33.6,22.71792,75.8333,ERA5,Asia/Kolkata,Open-Meteo Historical Weather API
MP-Indore,2014-05-07,32.8,39.2,25.7,0.0,0.0,0.0,30,7.08,0.25,0.276,0.302,35.0,34.0,22.71792,75.8333,ERA5,Asia/Kolkata,Open-Meteo Historical Weather API
MP-Indore,2014-05-08,33.2,39.1,27.1,0.0,0.0,0.0,26,8.3,0.252,0.276,0.303,35.3,34.2,22.71792,75.8333,ERA5,Asia/Kolkata,Open-Meteo Historical Weather API
MP-Indore,2014-05-09,33.4,39.2,29.0,0.0,0.0,0.0,21,8.17,0.253,0.279,0.307,35.6,34.7,22.71792,75.8333,ERA5,Asia/Kolkata,Open-Meteo Historical Weather API
MP-Indore,2014-05-10,31.9,37.8,25.9,0.0,0.0,0.0,26,9.31,0.254,0.279,0.306,34.6,34.2,22.71792,75.8333,ERA5,Asia/Kolkata,Open-Meteo Historical Weather API
MP-Indore,2014-05-11,31.4,37.6,25.1,0.0,0.0,0.0,36,8.85,0.25,0.278,0.304,34.1,33.4,22.71792,75.8333,ERA5,Asia/Kolkata,Open-Meteo Historical Weather API
MP-Indore,2014-05-12,31.0,36.2,25.3,0.0,0.0,0.0,39,7.77,0.248,0.277,0.304,33.7,33.2,22.71792,75.8333,ERA5,Asia/Kolkata,Open-Meteo Historical Weather API
MP-Indore,2014-05-13,31.0,36.6,25.4,0.1,0.1,1.0,38,8.12,0.249,0.277,0.304,33.8,33.0,22.71792,75.8333,ERA5,Asia/Kolkata,Open-Meteo Historical Weather API
MP-Indore,2014-05-14,29.9,35.7,24.7,1.6,1.6,1.0,39,7.78,0.257,0.281,0.308,33.0,33.0,22.71792,75.8333,ERA5,Asia/Kolkata,Open-Meteo Historical Weather API
MP-Indore,2014-05-15,30.5,36.5,25.0,0.1,0.1,1.0,44,7.4,0.264,0.284,0.311,33.0,32.6,22.71792,75.8333,ERA5,Asia/Kolkata,Open-Meteo Historical Weather API
MP-Indore,2014-05-16,31.0,37.0,25.9,0.0,0.0,0.0,40,7.87,0.257,0.283,0.309,33.8,32.8,22.71792,75.8333,ERA5,Asia/Kolkata,Open-Meteo Historical Weather API
MP-Indore,2014-05-17,31.1,36.8,25.9,0.0,0.0,0.0,44,6.95,0.256,0.284,0.31,33.7,33.1,22.71792,75.8333,ERA5,Asia/Kolkata,Open-Meteo Historical Weather API
MP-Indore,2014-05-18,32.3,38.0,26.3,0.0,0.0,0.0,37,7.14,0.256,0.285,0.31,34.2,33.3,22.71792,75.8333,ERA5,Asia/Kolkata,Open-Meteo Historical Weather API
MP-Indore,2014-05-19,33.9,39.6,27.7,0.0,0.0,0.0,29,7.18,0.251,0.282,0.307,35.3,33.7,22.71792,75.8333,ERA5,Asia/Kolkata,Open-Meteo Historical Weather API
MP-Indore,2014-05-20,34.3,40.2,26.4,0.0,0.0,0.0,28,8.92,0.257,0.281,0.306,35.9,34.5,22.71792,75.8333,ERA5,Asia/Kolkata,Open-Meteo Historical Weather API
MP-Indore,2014-05-21,33.8,39.9,26.9,0.0,0.0,0.0,24,9.42,0.261,0.283,0.307,35.2,34.1,22.71792,75.8333,ERA5,Asia/Kolkata,Open-Meteo Historical Weather API
MP-Indore,2014-05-22,34.0,39.9,27.3,0.0,0.0,0.0,25,10.05,0.253,0.279,0.304,35.6,34.2,22.71792,75.8333,ERA5,Asia/Kolkata,Open-Meteo Historical Weather API
MP-Indore,2014-05-23,33.8,39.8,27.3,0.0,0.0,0.0,29,9.13,0.247,0.277,0.301,36.1,34.6,22.71792,75.8333,ERA5,Asia/Kolkata,Open-Meteo Historical Weather API
MP-Indore,2014-05-24,34.2,39.7,27.4,0.0,0.0,0.0,29,7.8,0.244,0.276,0.3,36.5,35.0,22.71792,75.8333,ERA5,Asia/Kolkata,Open-Meteo Historical Weather API
MP-Indore,2014-05-25,34.0,39.9,28.4,0.0,0.0,0.0,30,7.72,0.249,0.28,0.304,36.4,35.3,22.71792,75.8333,ERA5,Asia/Kolkata,Open-Meteo Historical Weather API
MP-Indore,2014-05-26,33.4,39.1,27.3,0.0,0.0,0.0,33,6.58,0.25,0.285,0.307,36.2,35.3,22.71792,75.8333,ERA5,Asia/Kolkata,Open-Meteo Historical Weather API
MP-Indore,2014-05-27,34.1,39.7,27.3,0.0,0.0,0.0,31,7.69,0.251,0.284,0.306,36.2,35.2,22.71792,75.8333,ERA5,Asia/Kolkata,Open-Meteo Historical Weather API
MP-Indore,2014-05-28,34.2,40.5,27.4,0.0,0.0,0.0,29,7.71,0.247,0.281,0.303,36.3,35.0,22.71792,75.8333,ERA5,Asia/Kolkata,Open-Meteo Historical Weather API
MP-Indore,2014-05-29,35.2,41.4,28.6,0.0,0.0,0.0,33,9.75,0.245,0.277,0.3,36.8,35.3,22.71792,75.8333,ERA5,Asia/Kolkata,Open-Meteo Historical Weather API
MP-Indore,2014-05-30,34.7,41.1,28.6,0.0,0.0,0.0,34,9.98,0.242,0.274,0.295,37.0,35.5,22.71792,75.8333,ERA5,Asia/Kolkata,Open-Meteo Historical Weather API
MP-Indore,2014-05-31,33.9,41.0,26.9,0.0,0.0,0.0,38,9.4,0.238,0.271,0.292,36.7,35.4,22.71792,75.8333,ERA5,Asia/Kolkata,Open-Meteo Historical Weather API
MP-Indore,2014-06-01,34.1,40.9,26.9,0.0,0.0,0.0,38,8.62,0.241,0.271,0.291,37.0,35.7,22.71792,75.8333,ERA5,Asia/Kolkata,Open-Meteo Historical Weather API
MP-Indore,2014-06-02,35.0,42.0,29.7,0.2,0.2,1.0,33,8.84,0.243,0.272,0.293,37.8,36.3,22.71792,75.8333,ERA5,Asia/Kolkata,Open-Meteo Historical Weather API
MP-Indore,2014-06-03,35.5,42.0,27.8,0.0,0.0,0.0,31,8.73,0.245,0.272,0.294,37.6,36.5,22.71792,75.8333,ERA5,Asia/Kolkata,Open-Meteo Historical Weather API
MP-Indore,2014-06-04,35.4,42.0,28.7,0.0,0.0,0.0,33,8.67,0.245,0.275,0.295,37.9,36.7,22.71792,75.8333,ERA5,Asia/Kolkata,Open-Meteo Historical Weather API
MP-Indore,2014-06-05,35.1,41.9,28.9,0.0,0.0,0.0,38,8.81,0.245,0.277,0.297,37.5,36.6,22.71792,75.8333,ERA5,Asia/Kolkata,Open-Meteo Historical Weather API
MP-Indore,2014-06-06,34.9,42.0,28.9,2.1,2.1,2.0,40,8.83,0.251,0.279,0.298,37.1,36.4,22.71792,75.8333,ERA5,Asia/Kolkata,Open-Meteo Historical Weather API
MP-Indore,2014-06-07,34.8,41.1,29.0,0.9,0.9,1.0,38,8.87,0.263,0.277,0.296,36.8,35.9,22.71792,75.8333,ERA5,Asia/Kolkata,Open-Meteo Historical Weather API
MP-Indore,2014-06-08,34.3,41.2,27.9,0.3,0.3,1.0,37,7.88,0.266,0.275,0.295,36.3,35.5,22.71792,75.8333,ERA5,Asia/Kolkata,Open-Meteo Historical Weather API
MP-Indore,2014-06-09,33.7,39.7,27.6,0.0,0.0,0.0,38,9.26,0.259,0.273,0.294,36.2,35.2,22.71792,75.8333,ERA5,Asia/Kolkata,Open-Meteo Historical Weather API
MP-Indore,2014-06-10,33.7,39.9,27.2,0.0,0.0,0.0,46,8.44,0.255,0.273,0.294,36.5,35.3,22.71792,75.8333,ERA5,Asia/Kolkata,Open-Meteo Historical Weather API
MP-Indore,2014-06-11,32.6,38.3,28.2,2.5,2.5,1.0,52,7.23,0.267,0.273,0.294,35.9,35.6,22.71792,75.8333,ERA5,Asia/Kolkata,Open-Meteo Historical Weather API
MP-Indore,2014-06-12,30.6,36.5,24.9,0.0,0.0,0.0,53,5.91,0.295,0.275,0.296,33.1,34.3,22.71792,75.8333,ERA5,Asia/Kolkata,Open-Meteo Historical Weather API
MP-Indore,2014-06-13,31.0,36.6,25.7,0.0,0.0,0.0,52,7.77,0.289,0.274,0.296,33.8,33.6,22.71792,75.8333,ERA5,Asia/Kolkata,Open-Meteo Historical Weather API
MP-Indore,2014-06-14,30.7,36.0,25.2,1.1,1.1,2.0,57,7.48,0.281,0.273,0.295,33.7,33.5,22.71792,75.8333,ERA5,Asia/Kolkata,Open-Meteo Historical Weather API
MP-Indore,2014-06-15,30.4,35.9,26.0,0.0,0.0,0.0,61,6.71,0.282,0.271,0.292,33.6,33.4,22.71792,75.8333,ERA5,Asia/Kolkata,Open-Meteo Historical Weather API
MP-Indore,2014-06-16,29.7,35.1,26.0,0.8,0.8,1.0,64,5.8,0.281,0.271,0.291,33.1,33.1,22.71792,75.8333,ERA5,Asia/Kolkata,Open-Meteo Historical Weather API
MP-Indore,2014-06-17,30.3,35.3,26.2,0.6,0.6,1.0,62,5.82,0.282,0.269,0.287,32.9,32.7,22.71792,75.8333,ERA5,Asia/Kolkata,Open-Meteo Historical Weather API
MP-Indore,2014-06-18,29.5,34.4,24.7,0.0,0.0,0.0,58,5.46,0.284,0.271,0.291,32.1,32.4,22.71792,75.8333,ERA5,Asia/Kolkata,Open-Meteo Historical Weather API
MP-Indore,2014-06-19,30.4,36.3,26.3,0.4,0.4,2.0,60,5.6,0.279,0.269,0.288,32.3,32.0,22.71792,75.8333,ERA5,Asia/Kolkata,Open-Meteo Historical Weather API
MP-Indore,2014-06-20,30.5,35.1,26.3,0.0,0.0,0.0,59,5.72,0.272,0.267,0.284,32.6,32.2,22.71792,75.8333,ERA5,Asia/Kolkata,Open-Meteo Historical Weather API
MP-Indore,2014-06-21,30.6,36.3,26.0,0.0,0.0,0.0,57,7.48,0.264,0.266,0.283,33.0,32.1,22.71792,75.8333,ERA5,Asia/Kolkata,Open-Meteo Historical Weather API
MP-Indore,2014-06-22,30.4,36.1,25.9,0.0,0.0,0.0,57,7.47,0.26,0.265,0.283,33.0,32.2,22.71792,75.8333,ERA5,Asia/Kolkata,Open-Meteo Historical Weather API
MP-Indore,2014-06-23,30.7,36.5,26.1,0.0,0.0,0.0,57,7.94,0.259,0.265,0.282,33.2,32.2,22.71792,75.8333,ERA5,Asia/Kolkata,Open-Meteo Historical Weather API
MP-Indore,2014-06-24,30.5,36.3,25.7,0.0,0.0,0.0,56,8.1,0.255,0.265,0.282,33.4,32.5,22.71792,75.8333,ERA5,Asia/Kolkata,Open-Meteo Historical Weather API
MP-Indore,2014-06-25,30.5,35.8,25.9,0.0,0.0,0.0,55,7.66,0.252,0.265,0.281,33.4,32.6,22.71792,75.8333,ERA5,Asia/Kolkata,Open-Meteo Historical Weather API
MP-Indore,2014-06-26,30.5,35.6,25.5,0.0,0.0,0.0,52,7.87,0.249,0.264,0.281,33.8,32.7,22.71792,75.8333,ERA5,Asia/Kolkata,Open-Meteo Historical Weather API
MP-Indore,2014-06-27,31.1,36.7,25.8,0.1,0.1,1.0,51,7.2,0.248,0.264,0.282,33.9,33.0,22.71792,75.8333,ERA5,Asia/Kolkata,Open-Meteo Historical Weather API
MP-Indore,2014-06-28,31.6,36.7,26.1,0.0,0.0,0.0,49,7.94,0.249,0.264,0.284,34.4,33.4,22.71792,75.8333,ERA5,Asia/Kolkata,Open-Meteo Historical Weather API
MP-Indore,2014-06-29,31.2,36.4,25.9,0.0,0.0,0.0,50,8.45,0.247,0.264,0.283,34.2,33.4,22.71792,75.8333,ERA5,Asia/Kolkata,Open-Meteo Historical Weather API
MP-Indore,2014-06-30,30.8,35.8,26.1,0.0,0.0,0.0,50,8.06,0.248,0.264,0.283,34.0,33.2,22.71792,75.8333,ERA5,Asia/Kolkata,Open-Meteo Historical Weather API
MP-Indore,2014-07-01,30.8,35.7,26.1,0.0,0.0,0.0,50,8.03,0.245,0.263,0.281,34.0,33.1,22.71792,75.8333,ERA5,Asia/Kolkata,Open-Meteo Historical Weather API
MP-Indore,2014-07-02,31.3,36.3,26.4,0.0,0.0,0.0,52,8.03,0.246,0.263,0.278,34.3,33.3,22.71792,75.8333,ERA5,Asia/Kolkata,Open-Meteo Historical Weather API
MP-Indore,2014-07-03,30.9,35.7,26.4,0.0,0.0,0.0,55,7.46,0.247,0.262,0.277,33.8,33.2,22.71792,75.8333,ERA5,Asia/Kolkata,Open-Meteo Historical Weather API
MP-Indore,2014-07-04,31.0,36.2,25.8,0.0,0.0,0.0,53,7.95,0.247,0.261,0.278,34.0,33.1,22.71792,75.8333,ERA5,Asia/Kolkata,Open-Meteo Historical Weather API
MP-Indore,2014-07-05,31.2,37.0,26.6,0.0,0.0,0.0,49,8.12,0.248,0.261,0.28,34.4,33.6,22.71792,75.8333,ERA5,Asia/Kolkata,Open-Meteo Historical Weather API
MP-Indore,2014-07-06,30.6,36.8,25.3,0.3,0.3,1.0,53,7.03,0.25,0.262,0.286,33.7,33.7,22.71792,75.8333,ERA5,Asia/Kolkata,Open-Meteo Historical Weather API
MP-Indore,2014-07-07,30.6,36.1,25.4,0.8,0.8,2.0,58,6.48,0.254,0.262,0.289,33.5,33.4,22.71792,75.8333,ERA5,Asia/Kolkata,Open-Meteo Historical Weather API
MP-Indore,2014-07-08,30.6,34.2,26.5,0.2,0.2,1.0,56,6.5,0.255,0.262,0.291,33.5,33.2,22.71792,75.8333,ERA5,Asia/Kolkata,Open-Meteo Historical Weather API
MP-Indore,2014-07-09,29.5,35.6,26.4,4.5,4.5,4.0,63,5.08,0.275,0.262,0.292,32.6,32.8,22.71792,75.8333,ERA5,Asia/Kolkata,Open-Meteo Historical Weather API
MP-Indore,2014-07-10,29.0,33.9,25.7,2.4,2.4,4.0,63,5.12,0.32,0.263,0.295,31.4,31.9,22.71792,75.8333,ERA5,Asia/Kolkata,Open-Meteo Historical Weather API
MP-Indore,2014-07-11,29.0,35.0,24.7,0.5,0.5,2.0,64,5.82,0.324,0.265,0.297,31.5,31.8,22.71792,75.8333,ERA5,Asia/Kolkata,Open-Meteo Historical Weather API
MP-Indore,2014-07-12,27.6,31.8,23.5,5.0,5.0,7.0,74,3.98,0.359,0.266,0.298,29.9,31.2,22.71792,75.8333,ERA5,Asia/Kolkata,Open-Meteo Historical Weather API
MP-Indore,2014-07-13,27.2,31.8,23.7,5.2,5.2,10.0,76,3.17,0.404,0.269,0.298,28.7,29.9,22.71792,75.8333,ERA5,Asia/Kolkata,Open-Meteo Historical Weather API
MP-Indore,2014-07-14,26.2,29.0,24.0,16.5,16.5,19.0,83,2.21,0.456,0.302,0.295,27.8,29.0,22.71792,75.8333,ERA5,Asia/Kolkata,Open-Meteo Historical Weather API
MP-Indore,2014-07-15,25.7,28.9,23.7,17.3,17.3,20.0,86,2.18,0.481,0.36,0.294,27.5,28.2,22.71792,75.8333,ERA5,Asia/Kolkata,Open-Meteo Historical Weather API
MP-Indore,2014-07-16,24.3,25.2,23.5,175.0,175.0,24.0,96,0.68,0.516,0.491,0.338,26.1,27.4,22.71792,75.8333,ERA5,Asia/Kolkata,Open-Meteo Historical Weather API
MP-Indore,2014-07-17,25.6,28.7,23.8,32.1,32.1,20.0,89,2.57,0.502,0.51,0.455,26.6,26.9,22.71792,75.8333,ERA5,Asia/Kolkata,Open-Meteo Historical Weather API
MP-Indore,2014-07-18,25.6,28.7,23.8,2.3,2.3,11.0,88,2.54,0.492,0.496,0.464,26.9,27.2,22.71792,75.8333,ERA5,Asia/Kolkata,Open-Meteo Historical Weather API
MP-Indore,2014-07-19,25.0,27.0,23.5,10.5,10.5,14.0,87,1.85,0.505,0.504,0.468,25.8,26.6,22.71792,75.8333,ERA5,Asia/Kolkata,Open-Meteo Historical Weather API
MP-Indore,2014-07-20,25.8,28.9,23.6,0.6,0.6,4.0,81,3.23,0.484,0.494,0.472,26.3,26.5,22.71792,75.8333,ERA5,Asia/Kolkata,Open-Meteo Historical Weather API
MP-Indore,2014-07-21,25.8,28.0,24.3,4.9,4.9,9.0,82,1.99,0.487,0.487,0.472,26.1,26.5,22.71792,75.8333,ERA5,Asia/Kolkata,Open-Meteo Historical Weather API
MP-Indore,2014-07-22,24.4,25.5,24.0,43.0,43.0,21.0,90,1.32,0.507,0.508,0.483,25.1,26.0,22.71792,75.8333,ERA5,Asia/Kolkata,Open-Meteo Historical Weather API
MP-Indore,2014-07-23,22.8,24.2,21.3,59.7,59.7,24.0,95,0.83,0.509,0.513,0.514,24.3,25.3,22.71792,75.8333,ERA5,Asia/Kolkata,Open-Meteo Historical Weather API
MP-Indore,2014-07-24,22.3,23.7,20.6,33.2,33.2,24.0,95,0.89,0.508,0.508,0.517,23.1,24.6,22.71792,75.8333,ERA5,Asia/Kolkata,Open-Meteo Historical Weather API
MP-Indore,2014-07-25,23.8,25.7,22.8,6.6,6.6,14.0,89,1.92,0.499,0.499,0.511,24.3,24.6,22.71792,75.8333,ERA5,Asia/Kolkata,Open-Meteo Historical Weather API
MP-Indore,2014-07-26,24.8,28.0,22.5,2.2,2.2,9.0,87,1.99,0.494,0.495,0.507,24.8,25.0,22.71792,75.8333,ERA5,Asia/Kolkata,Open-Meteo Historical Weather API
MP-Indore,2014-07-27,25.0,27.5,23.8,3.9,3.9,12.0,91,1.77,0.495,0.492,0.504,25.4,25.3,22.71792,75.8333,ERA5,Asia/Kolkata,Open-Meteo Historical Weather API
MP-Indore,2014-07-28,24.5,25.7,23.8,25.5,25.5,24.0,93,1.14,0.507,0.511,0.506,25.3,25.4,22.71792,75.8333,ERA5,Asia/Kolkata,Open-Meteo Historical Weather API
MP-Indore,2014-07-29,25.4,27.9,23.4,6.0,6.0,17.0,89,2.69,0.505,0.507,0.511,26.0,25.6,22.71792,75.8333,ERA5,Asia/Kolkata,Open-Meteo Historical Weather API
MP-Indore,2014-07-30,25.8,28.8,23.7,1.4,1.4,6.0,87,3.37,0.493,0.497,0.507,26.8,26.3,22.71792,75.8333,ERA5,Asia/Kolkata,Open-Meteo Historical Weather API
MP-Indore,2014-07-31,25.9,29.0,24.2,2.9,2.9,10.0,88,2.45,0.49,0.487,0.504,27.0,26.6,22.71792,75.8333,ERA5,Asia/Kolkata,Open-Meteo Historical Weather API
MP-Indore,2014-08-01,26.3,29.3,23.9,5.8,5.8,11.0,84,3.12,0.492,0.487,0.501,27.1,26.6,22.71792,75.8333,ERA5,Asia/Kolkata,Open-Meteo Historical Weather API
MP-Indore,2014-08-02,25.5,28.4,23.3,1.3,1.3,6.0,85,3.12,0.484,0.484,0.498,26.6,26.5,22.71792,75.8333,ERA5,Asia/Kolkata,Open-Meteo Historical Weather API
MP-Indore,2014-08-03,24.7,26.2,23.1,7.7,7.7,14.0,90,1.57,0.491,0.483,0.496,25.6,26.0,22.71792,75.8333,ERA5,Asia/Kolkata,Open-Meteo Historical Weather API
MP-Indore,2014-08-04,25.4,28.7,23.8,16.6,16.6,20.0,86,2.51,0.506,0.509,0.5,25.7,25.6,22.71792,75.8333,ERA5,Asia/Kolkata,Open-Meteo Historical Weather API
MP-Indore,2014-08-05,23.9,25.7,22.6,20.7,20.7,23.0,92,1.48,0.504,0.512,0.512,25.0,25.4,22.71792,75.8333,ERA5,Asia/Kolkata,Open-Meteo Historical Weather API
MP-Indore,2014-08-06,22.8,23.7,22.2,25.8,25.8,21.0,97,0.6,0.51,0.507,0.515,23.9,24.8,22.71792,75.8333,ERA5,Asia/Kolkata,Open-Meteo Historical Weather API
MP-Indore,2014-08-07,24.4,27.1,22.4,3.2,3.2,11.0,90,2.5,0.495,0.496,0.513,24.9,24.7,22.71792,75.8333,ERA5,Asia/Kolkata,Open-Meteo Historical Weather API
MP-Indore,2014-08-08,25.3,28.6,22.8,1.1,1.1,5.0,83,3.52,0.483,0.483,0.508,25.7,25.4,22.71792,75.8333,ERA5,Asia/Kolkata,Open-Meteo Historical Weather API
MP-Indore,2014-08-09,25.4,29.0,22.7,1.0,1.0,7.0,81,3.68,0.472,0.472,0.504,26.1,25.7,22.71792,75.8333,ERA5,Asia/Kolkata,Open-Meteo Historical Weather API
MP-Indore,2014-08-10,25.7,29.2,23.3,4.0,4.0,9.0,83,3.14,0.464,0.464,0.5,26.1,25.8,22.71792,75.8333,ERA5,Asia/Kolkata,Open-Meteo Historical Weather API
MP-Indore,2014-08-11,25.1,27.7,24.0,13.2,13.2,18.0,88,2.03,0.486,0.465,0.497,25.8,25.8,22.71792,75.8333,ERA5,Asia/Kolkata,Open-Meteo Historical Weather API
MP-Indore,2014-08-12,25.0,27.9,23.3,12.8,12.8,17.0,88,2.29,0.507,0.509,0.501,25.6,25.6,22.71792,75.8333,ERA5,Asia/Kolkata,Open-Meteo Historical Weather API
MP-Indore,2014-08-13,25.8,28.9,23.3,0.0,0.0,0.0,80,3.87,0.484,0.497,0.502,26.2,25.8,22.71792,75.8333,ERA5,Asia/Kolkata,Open-Meteo Historical Weather API
MP-Indore,2014-08-14,25.2,28.2,23.0,1.4,1.4,7.0,83,3.4,0.473,0.482,0.5,25.9,25.9,22.71792,75.8333,ERA5,Asia/Kolkata,Open-Meteo Historical Weather API
MP-Indore,2014-08-15,25.1,28.0,23.0,1.8,1.8,10.0,84,3.37,0.47,0.473,0.497,25.9,25.8,22.71792,75.8333,ERA5,Asia/Kolkata,Open-Meteo Historical Weather API
MP-Indore,2014-08-16,24.7,27.6,22.4,1.2,1.2,7.0,83,3.19,0.468,0.467,0.495,25.7,25.7,22.71792,75.8333,ERA5,Asia/Kolkata,Open-Meteo Historical Weather API
MP-Indore,2014-08-17,25.4,29.0,22.2,1.4,1.4,5.0,81,3.73,0.459,0.461,0.492,26.0,25.7,22.71792,75.8333,ERA5,Asia/Kolkata,Open-Meteo Historical Weather API
MP-Indore,2014-08-18,26.6,30.7,22.6,0.5,0.5,5.0,78,4.41,0.448,0.455,0.489,27.0,26.1,22.71792,75.8333,ERA5,Asia/Kolkata,Open-Meteo Historical Weather API
MP-Indore,2014-08-19,27.7,32.1,24.0,1.1,1.1,5.0,80,4.55,0.438,0.447,0.486,28.1,26.8,22.71792,75.8333,ERA5,Asia/Kolkata,Open-Meteo Historical Weather API
MP-Indore,2014-08-20,28.2,32.5,24.8,1.4,1.4,3.0,78,4.67,0.426,0.438,0.482,28.7,27.5,22.71792,75.8333,ERA5,Asia/Kolkata,Open-Meteo Historical Weather API
MP-Indore,2014-08-21,28.1,32.5,25.2,2.8,2.8,4.0,77,4.44,0.423,0.429,0.478,29.0,27.8,22.71792,75.8333,ERA5,Asia/Kolkata,Open-Meteo Historical Weather API
MP-Indore,2014-08-22,27.6,32.3,25.1,1.1,1.1,5.0,79,4.28,0.429,0.424,0.475,28.9,27.9,22.71792,75.8333,ERA5,Asia/Kolkata,Open-Meteo Historical Weather API
MP-Indore,2014-08-23,26.0,29.3,23.8,12.5,12.5,15.0,87,2.93,0.479,0.438,0.472,28.0,27.8,22.71792,75.8333,ERA5,Asia/Kolkata,Open-Meteo Historical Weather API
MP-Indore,2014-08-24,26.7,30.6,23.9,6.2,6.2,7.0,84,3.22,0.478,0.453,0.47,28.0,27.4,22.71792,75.8333,ERA5,Asia/Kolkata,Open-Meteo Historical Weather API
MP-Indore,2014-08-25,26.5,30.5,24.1,12.6,12.6,10.0,84,3.74,0.485,0.469,0.468,27.8,27.5,22.71792,75.8333,ERA5,Asia/Kolkata,Open-Meteo Historical Weather API
MP-Indore,2014-08-26,26.3,29.9,23.8,8.3,8.3,7.0,84,3.59,0.485,0.483,0.468,27.5,27.3,22.71792,75.8333,ERA5,Asia/Kolkata,Open-Meteo Historical Weather API
MP-Indore,2014-08-27,26.1,30.2,22.7,0.5,0.5,2.0,81,4.16,0.474,0.479,0.469,27.3,27.1,22.71792,75.8333,ERA5,Asia/Kolkata,Open-Meteo Historical Weather API
MP-Indore,2014-08-28,25.7,29.2,23.5,7.1,7.1,6.0,84,3.27,0.474,0.474,0.467,26.9,27.0,22.71792,75.8333,ERA5,Asia/Kolkata,Open-Meteo Historical Weather API
MP-Indore,2014-08-29,26.1,30.4,23.0,3.5,3.5,6.0,83,3.86,0.485,0.481,0.467,26.9,26.9,22.71792,75.8333,ERA5,Asia/Kolkata,Open-Meteo Historical Weather API
MP-Indore,2014-08-30,25.3,29.4,22.7,16.2,16.2,22.0,88,2.67,0.504,0.495,0.469,26.7,26.8,22.71792,75.8333,ERA5,Asia/Kolkata,Open-Meteo Historical Weather API
MP-Indore,2014-08-31,25.5,30.1,23.5,24.4,24.4,18.0,87,2.81,0.503,0.507,0.479,26.7,26.6,22.71792,75.8333,ERA5,Asia/Kolkata,Open-Meteo Historical Weather API
MP-Indore,2014-09-01,25.4,28.6,23.1,9.2,9.2,13.0,88,2.9,0.503,0.51,0.491,26.6,26.6,22.71792,75.8333,ERA5,Asia/Kolkata,Open-Meteo Historical Weather API
MP-Indore,2014-09-02,24.7,26.7,23.2,26.5,26.5,23.0,93,1.51,0.507,0.508,0.498,26.0,26.4,22.71792,75.8333,ERA5,Asia/Kolkata,Open-Meteo Historical Weather API
MP-Indore,2014-09-03,25.1,28.6,23.1,17.8,17.8,21.0,88,2.4,0.507,0.505,0.506,25.8,25.8,22.71792,75.8333,ERA5,Asia/Kolkata,Open-Meteo Historical Weather API
MP-Indore,2014-09-04,24.9,27.0,23.2,2.4,2.4,7.0,88,2.23,0.494,0.501,0.507,25.5,25.6,22.71792,75.8333,ERA5,Asia/Kolkata,Open-Meteo Historical Weather API
MP-Indore,2014-09-05,25.0,28.2,22.7,5.5,5.5,9.0,88,1.84,0.497,0.496,0.506,25.2,25.4,22.71792,75.8333,ERA5,Asia/Kolkata,Open-Meteo Historical Weather API
MP-Indore,2014-09-06,25.5,28.6,23.5,0.0,0.0,0.0,81,3.88,0.478,0.487,0.504,26.2,25.7,22.71792,75.8333,ERA5,Asia/Kolkata,Open-Meteo Historical Weather API
MP-Indore,2014-09-07,24.4,26.5,23.1,13.4,13.4,14.0,87,1.96,0.483,0.483,0.501,25.2,25.6,22.71792,75.8333,ERA5,Asia/Kolkata,Open-Meteo Historical Weather API
MP-Indore,2014-09-08,24.4,28.5,22.9,26.9,26.9,22.0,94,1.71,0.506,0.514,0.511,25.4,25.3,22.71792,75.8333,ERA5,Asia/Kolkata,Open-Meteo Historical Weather API
MP-Indore,2014-09-09,23.0,24.8,22.0,9.0,9.0,18.0,96,0.91,0.507,0.507,0.515,24.5,25.0,22.71792,75.8333,ERA5,Asia/Kolkata,Open-Meteo Historical Weather API
MP-Indore,2014-09-10,23.4,25.7,21.8,1.3,1.3,8.0,89,1.62,0.496,0.497,0.512,24.2,24.3,22.71792,75.8333,ERA5,Asia/Kolkata,Open-Meteo Historical Weather API
MP-Indore,2014-09-11,24.1,26.8,21.6,0.2,0.2,2.0,85,2.24,0.479,0.482,0.508,24.4,24.3,22.71792,75.8333,ERA5,Asia/Kolkata,Open-Meteo Historical Weather API
MP-Indore,2014-09-12,24.1,25.8,22.9,8.8,8.8,13.0,91,1.83,0.488,0.482,0.502,24.6,24.5,22.71792,75.8333,ERA5,Asia/Kolkata,Open-Meteo Historical Weather API
MP-Indore,2014-09-13,24.8,28.3,22.5,8.2,8.2,6.0,87,2.98,0.491,0.491,0.497,25.5,24.8,22.71792,75.8333,ERA5,Asia/Kolkata,Open-Meteo Historical Weather API
MP-Indore,2014-09-14,24.8,28.5,22.5,3.0,3.0,6.0,86,3.36,0.489,0.491,0.492,25.7,25.2,22.71792,75.8333,ERA5,Asia/Kolkata,Open-Meteo Historical Weather API
MP-Indore,2014-09-15,25.3,29.9,22.1,1.1,1.1,4.0,84,3.66,0.482,0.485,0.488,26.1,25.5,22.71792,75.8333,ERA5,Asia/Kolkata,Open-Meteo Historical Weather API
MP-Indore,2014-09-16,25.7,29.7,22.5,0.1,0.1,1.0,83,3.92,0.472,0.477,0.483,26.4,25.9,22.71792,75.8333,ERA5,Asia/Kolkata,Open-Meteo Historical Weather API
MP-Indore,2014-09-17,26.1,30.7,22.8,0.4,0.4,1.0,81,4.07,0.461,0.468,0.478,26.7,26.1,22.71792,75.8333,ERA5,Asia/Kolkata,Open-Meteo Historical Weather API
MP-Indore,2014-09-18,26.3,30.1,22.9,0.3,0.3,1.0,83,4.34,0.45,0.46,0.474,27.1,26.3,22.71792,75.8333,ERA5,Asia/Kolkata,Open-Meteo Historical Weather API
MP-Indore,2014-09-19,26.5,30.7,22.6,0.0,0.0,0.0,78,4.7,0.439,0.451,0.469,27.1,26.5,22.71792,75.8333,ERA5,Asia/Kolkata,Open-Meteo Historical Weather API
MP-Indore,2014-09-20,26.2,30.6,22.4,0.4,0.4,1.0,76,4.91,0.426,0.441,0.464,26.9,26.3,22.71792,75.8333,ERA5,Asia/Kolkata,Open-Meteo Historical Weather API
MP-Indore,2014-09-21,26.0,30.3,21.9,0.1,0.1,1.0,77,4.74,0.413,0.431,0.459,26.8,26.2,22.71792,75.8333,ERA5,Asia/Kolkata,Open-Meteo Historical Weather API
MP-Indore,2014-09-22,26.2,30.2,22.6,0.5,0.5,2.0,77,4.41,0.403,0.422,0.454,27.0,26.3,22.71792,75.8333,ERA5,Asia/Kolkata,Open-Meteo Historical Weather API
MP-Indore,2014-09-23,26.3,30.8,22.1,0.1,0.1,1.0,75,4.78,0.393,0.413,0.449,27.1,26.3,22.71792,75.8333,ERA5,Asia/Kolkata,Open-Meteo Historical Weather API
MP-Indore,2014-09-24,26.0,31.0,21.7,0.0,0.0,0.0,76,4.62,0.377,0.403,0.444,27.2,26.3,22.71792,75.8333,ERA5,Asia/Kolkata,Open-Meteo Historical Weather API
MP-Indore,2014-09-25,26.2,31.1,21.5,0.1,0.1,1.0,73,4.34,0.368,0.396,0.439,27.2,26.3,22.71792,75.8333,ERA5,Asia/Kolkata,Open-Meteo Historical Weather API
MP-Indore,2014-09-26,26.7,32.2,22.2,0.4,0.4,2.0,76,4.2,0.358,0.388,0.435,27.7,26.6,22.71792,75.8333,ERA5,Asia/Kolkata,Open-Meteo Historical Weather API
MP-Indore,2014-09-27,26.6,32.2,22.9,1.1,1.1,4.0,78,4.19,0.357,0.383,0.431,27.9,27.0,22.71792,75.8333,ERA5,Asia/Kolkata,Open-Meteo Historical Weather API
MP-Indore,2014-09-28,26.8,32.3,22.8,1.4,1.4,2.0,78,4.07,0.356,0.377,0.427,27.9,27.1,22.71792,75.8333,ERA5,Asia/Kolkata,Open-Meteo Historical Weather API
MP-Indore,2014-09-29,27.3,31.8,22.9,0.7,0.7,3.0,76,4.23,0.352,0.371,0.422,28.1,27.1,22.71792,75.8333,ERA5,Asia/Kolkata,Open-Meteo Historical Weather API
MP-Indore,2014-09-30,27.4,33.1,23.1,0.7,0.7,3.0,74,4.42,0.354,0.365,0.418,28.3,27.4,22.71792,75.8333,ERA5,Asia/Kolkata,Open-Meteo Historical Weather API
MP-Indore,2014-10-01,27.5,33.1,22.5,0.4,0.4,2.0,68,4.46,0.345,0.36,0.414,28.2,27.5,22.71792,75.8333,ERA5,Asia/Kolkata,Open-Meteo Historical Weather API
MP-Indore,2014-10-02,27.5,33.9,22.4,0.0,0.0,0.0,64,4.9,0.333,0.358,0.415,28.1,27.5,22.71792,75.8333,ERA5,Asia/Kolkata,Open-Meteo Historical Weather API
MP-Indore,2014-10-03,27.4,33.9,21.5,0.1,0.1,1.0,63,4.85,0.319,0.353,0.413,27.8,27.4,22.71792,75.8333,ERA5,Asia/Kolkata,Open-Meteo Historical Weather API
MP-Indore,2014-10-04,27.3,33.6,22.0,0.2,0.2,1.0,63,4.71,0.309,0.347,0.409,27.7,27.3,22.71792,75.8333,ERA5,Asia/Kolkata,Open-Meteo Historical Weather API
MP-Indore,2014-10-05,27.1,33.7,21.8,0.0,0.0,0.0,62,4.61,0.302,0.34,0.404,27.8,27.3,22.71792,75.8333,ERA5,Asia/Kolkata,Open-Meteo Historical Weather API
MP-Indore,2014-10-06,27.6,34.0,21.8,0.1,0.1,1.0,58,5.18,0.292,0.333,0.399,27.9,27.4,22.71792,75.8333,ERA5,Asia/Kolkata,Open-Meteo Historical Weather API
MP-Indore,2014-10-07,26.8,33.2,21.4,0.3,0.3,1.0,60,4.85,0.287,0.326,0.393,28.0,27.4,22.71792,75.8333,ERA5,Asia/Kolkata,Open-Meteo Historical Weather API
MP-Indore,2014-10-08,26.3,31.6,22.5,2.3,2.3,2.0,72,4.31,0.289,0.322,0.391,28.2,27.6,22.71792,75.8333,ERA5,Asia/Kolkata,Open-Meteo Historical Weather API
MP-Indore,2014-10-09,26.7,32.7,22.6,0.6,0.6,1.0,70,4.26,0.297,0.32,0.389,28.2,27.7,22.71792,75.8333,ERA5,Asia/Kolkata,Open-Meteo Historical Weather API
MP-Indore,2014-10-10,27.1,33.0,22.2,0.0,0.0,0.0,62,4.94,0.293,0.318,0.388,28.1,27.7,22.71792,75.8333,ERA5,Asia/Kolkata,Open-Meteo Historical Weather API
MP-Indore,2014-10-11,26.8,34.0,20.9,0.0,0.0,0.0,51,5.55,0.282,0.311,0.382,27.6,27.4,22.71792,75.8333,ERA5,Asia/Kolkata,Open-Meteo Historical Weather API
MP-Indore,2014-10-12,26.8,33.8,20.8,0.0,0.0,0.0,47,6.0,0.277,0.303,0.375,27.4,27.3,22.71792,75.8333,ERA5,Asia/Kolkata,Open-Meteo Historical Weather API
MP-Indore,2014-10-13,26.3,32.4,19.9,0.0,0.0,0.0,57,5.43,0.271,0.298,0.37,27.1,27.1,22.71792,75.8333,ERA5,Asia/Kolkata,Open-Meteo Historical Weather API
MP-Indore,2014-10-14,26.7,31.8,22.2,0.1,0.1,1.0,69,4.0,0.269,0.295,0.367,28.5,27.7,22.71792,75.8333,ERA5,Asia/Kolkata,Open-Meteo Historical Weather API
MP-Indore,2014-10-15,27.1,32.1,23.0,0.0,0.0,0.0,63,4.03,0.266,0.293,0.364,28.3,27.7,22.71792,75.8333,ERA5,Asia/Kolkata,Open-Meteo Historical Weather API
MP-Indore,2014-10-16,27.1,32.7,22.0,0.3,0.3,1.0,65,4.01,0.264,0.287,0.359,28.6,27.9,22.71792,75.8333,ERA5,Asia/Kolkata,Open-Meteo Historical Weather API
MP-Indore,2014-10-17,26.6,31.9,22.7,1.1,1.1,3.0,70,3.78,0.269,0.281,0.353,28.5,28.1,22.71792,75.8333,ERA5,Asia/Kolkata,Open-Meteo Historical Weather API
MP-Indore,2014-10-18,26.4,31.4,22.1,0.4,0.4,2.0,66,3.62,0.273,0.278,0.349,28.3,27.9,22.71792,75.8333,ERA5,Asia/Kolkata,Open-Meteo Historical Weather API
MP-Indore,2014-10-19,26.3,32.2,21.2,0.0,0.0,0.0,66,3.92,0.277,0.28,0.348,28.3,27.9,22.71792,75.8333,ERA5,Asia/Kolkata,Open-Meteo Historical Weather API
MP-Indore,2014-10-20,26.6,32.0,21.4,0.2,0.2,2.0,67,3.88,0.276,0.278,0.345,28.2,28.0,22.71792,75.8333,ERA5,Asia/Kolkata,Open-Meteo Historical Weather API
MP-Indore,2014-10-21,26.3,33.0,21.3,0.0,0.0,0.0,59,4.79,0.274,0.277,0.341,27.8,28.0,22.71792,75.8333,ERA5,Asia/Kolkata,Open-Meteo Historical Weather API
MP-Indore,2014-10-22,26.1,33.4,19.4,0.0,0.0,0.0,51,5.1,0.271,0.275,0.336,27.3,27.6,22.71792,75.8333,ERA5,Asia/Kolkata,Open-Meteo Historical Weather API
MP-Indore,2014-10-23,26.6,33.5,21.5,0.0,0.0,0.0,48,4.13,0.267,0.274,0.331,27.3,27.5,22.71792,75.8333,ERA5,Asia/Kolkata,Open-Meteo Historical Weather API
MP-Indore,2014-10-24,26.6,32.3,21.7,0.0,0.0,0.0,47,3.93,0.274,0.275,0.332,27.6,27.8,22.71792,75.8333,ERA5,Asia/Kolkata,Open-Meteo Historical Weather API
MP-Indore,2014-10-25,24.9,29.8,20.9,0.5,0.5,1.0,58,3.82,0.278,0.279,0.338,26.6,27.4,22.71792,75.8333,ERA5,Asia/Kolkata,Open-Meteo Historical Weather API
MP-Indore,2014-10-26,23.6,29.3,18.8,0.0,0.0,0.0,65,3.68,0.278,0.28,0.339,25.9,26.6,22.71792,75.8333,ERA5,Asia/Kolkata,Open-Meteo Historical Weather API
MP-Indore,2014-10-27,24.1,30.6,18.6,0.0,0.0,0.0,63,4.09,0.278,0.281,0.341,25.9,26.4,22.71792,75.8333,ERA5,Asia/Kolkata,Open-Meteo Historical Weather API
MP-Indore,2014-10-28,24.5,31.4,18.8,0.0,0.0,0.0,57,4.35,0.276,0.28,0.339,26.0,26.4,22.71792,75.8333,ERA5,Asia/Kolkata,Open-Meteo Historical Weather API
MP-Indore,2014-10-29,25.1,32.1,18.9,0.0,0.0,0.0,53,4.47,0.275,0.279,0.337,25.8,26.2,22.71792,75.8333,ERA5,Asia/Kolkata,Open-Meteo Historical Weather API
MP-Indore,2014-10-30,25.9,32.0,20.5,0.0,0.0,0.0,52,4.29,0.272,0.28,0.336,26.6,26.7,22.71792,75.8333,ERA5,Asia/Kolkata,Open-Meteo Historical Weather API
MP-Indore,2014-10-31,26.1,32.0,20.6,0.0,0.0,0.0,51,4.12,0.271,0.279,0.331,27.1,27.0,22.71792,75.8333,ERA5,Asia/Kolkata,Open-Meteo Historical Weather API
MP-Indore,2014-11-01,26.2,32.6,21.2,0.0,0.0,0.0,48,4.75,0.263,0.276,0.325,27.5,27.4,22.71792,75.8333,ERA5,Asia/Kolkata,Open-Meteo Historical Weather API
MP-Indore,2014-11-02,25.6,31.9,20.7,0.0,0.0,0.0,52,4.38,0.259,0.275,0.321,27.4,27.7,22.71792,75.8333,ERA5,Asia/Kolkata,Open-Meteo Historical Weather API
MP-Indore,2014-11-03,25.6,32.3,19.5,0.0,0.0,0.0,52,4.32,0.259,0.275,0.317,27.2,27.6,22.71792,75.8333,ERA5,Asia/Kolkata,Open-Meteo Historical Weather API
MP-Indore,2014-11-04,25.8,32.5,20.3,0.0,0.0,0.0,49,3.83,0.261,0.275,0.316,27.2,27.7,22.71792,75.8333,ERA5,Asia/Kolkata,Open-Meteo Historical Weather API
MP-Indore,2014-11-05,25.9,32.8,21.0,0.0,0.0,0.0,46,4.99,0.266,0.276,0.316,27.4,27.7,22.71792,75.8333,ERA5,Asia/Kolkata,Open-Meteo Historical Weather API
MP-Indore,2014-11-06,25.3,32.3,19.9,0.0,0.0,0.0,47,4.73,0.266,0.277,0.316,27.0,27.5,22.71792,75.8333,ERA5,Asia/Kolkata,Open-Meteo Historical Weather API
MP-Indore,2014-11-07,24.8,31.9,17.8,0.0,0.0,0.0,47,4.64,0.263,0.276,0.313,26.5,26.9,22.71792,75.8333,ERA5,Asia/Kolkata,Open-Meteo Historical Weather API
MP-Indore,2014-11-08,24.9,31.6,18.8,0.0,0.0,0.0,47,4.85,0.261,0.275,0.312,26.4,26.8,22.71792,75.8333,ERA5,Asia/Kolkata,Open-Meteo Historical Weather API
MP-Indore,2014-11-09,24.7,31.2,19.2,0.0,0.0,0.0,48,4.87,0.261,0.275,0.31,26.3,26.8,22.71792,75.8333,ERA5,Asia/Kolkata,Open-Meteo Historical Weather API
MP-Indore,2014-11-10,24.9,30.8,19.4,0.0,0.0,0.0,49,4.5,0.263,0.274,0.308,26.3,26.7,22.71792,75.8333,ERA5,Asia/Kolkata,Open-Meteo Historical Weather API
MP-Indore,2014-11-11,25.3,31.3,20.3,1.7,1.7,2.0,57,3.81,0.259,0.272,0.306,27.3,27.1,22.71792,75.8333,ERA5,Asia/Kolkata,Open-Meteo Historical Weather API
MP-Indore,2014-11-12,24.8,29.5,21.0,9.8,9.8,8.0,76,3.3,0.291,0.271,0.305,27.3,27.3,22.71792,75.8333,ERA5,Asia/Kolkata,Open-Meteo Historical Weather API
MP-Indore,2014-11-13,25.4,30.8,21.1,0.6,0.6,2.0,71,3.56,0.356,0.271,0.303,27.0,27.0,22.71792,75.8333,ERA5,Asia/Kolkata,Open-Meteo Historical Weather API
MP-Indore,2014-11-14,25.4,30.9,21.6,0.0,0.0,0.0,65,3.26,0.34,0.271,0.302,26.8,27.0,22.71792,75.8333,ERA5,Asia/Kolkata,Open-Meteo Historical Weather API
MP-Indore,2014-11-15,23.5,28.1,21.0,10.4,10.4,9.0,78,2.68,0.365,0.275,0.308,26.1,26.8,22.71792,75.8333,ERA5,Asia/Kolkata,Open-Meteo Historical Weather API
MP-Indore,2014-11-16,23.1,26.5,20.6,1.1,1.1,3.0,77,2.31,0.422,0.288,0.309,25.4,26.2,22.71792,75.8333,ERA5,Asia/Kolkata,Open-Meteo Historical Weather API
MP-Indore,2014-11-17,23.3,28.5,19.1,0.0,0.0,0.0,74,3.23,0.402,0.295,0.309,25.1,25.8,22.71792,75.8333,ERA5,Asia/Kolkata,Open-Meteo Historical Weather API
MP-Indore,2014-11-18,23.0,29.4,17.9,0.0,0.0,0.0,52,4.2,0.371,0.296,0.308,24.5,25.4,22.71792,75.8333,ERA5,Asia/Kolkata,Open-Meteo Historical Weather API
MP-Indore,2014-11-19,22.5,29.5,16.9,0.0,0.0,0.0,47,4.23,0.347,0.295,0.307,23.9,24.7,22.71792,75.8333,ERA5,Asia/Kolkata,Open-Meteo Historical Weather API
MP-Indore,2014-11-20,22.3,29.5,15.7,0.0,0.0,0.0,51,3.86,0.331,0.296,0.307,23.3,24.3,22.71792,75.8333,ERA5,Asia/Kolkata,Open-Meteo Historical Weather API
MP-Indore,2014-11-21,22.6,29.5,17.2,0.0,0.0,0.0,56,3.91,0.32,0.299,0.31,23.1,24.1,22.71792,75.8333,ERA5,Asia/Kolkata,Open-Meteo Historical Weather API
MP-Indore,2014-11-22,21.7,29.2,15.7,0.0,0.0,0.0,57,3.76,0.31,0.299,0.312,23.1,24.0,22.71792,75.8333,ERA5,Asia/Kolkata,Open-Meteo Historical Weather API
MP-Indore,2014-11-23,22.6,28.9,16.5,0.0,0.0,0.0,57,3.33,0.303,0.3,0.314,23.4,24.1,22.71792,75.8333,ERA5,Asia/Kolkata,Open-Meteo Historical Weather API
MP-Indore,2014-11-24,22.7,29.1,17.9,0.0,0.0,0.0,55,3.86,0.296,0.301,0.317,23.5,24.3,22.71792,75.8333,ERA5,Asia/Kolkata,Open-Meteo Historical Weather API
MP-Indore,2014-11-25,22.3,29.0,17.7,0.0,0.0,0.0,51,3.73,0.29,0.3,0.318,23.1,24.0,22.71792,75.8333,ERA5,Asia/Kolkata,Open-Meteo Historical Weather API
MP-Indore,2014-11-26,22.4,29.3,15.6,0.0,0.0,0.0,53,3.57,0.286,0.3,0.318,22.9,23.7,22.71792,75.8333,ERA5,Asia/Kolkata,Open-Meteo Historical Weather API
MP-Indore,2014-11-27,22.5,29.8,15.7,0.0,0.0,0.0,57,3.6,0.285,0.302,0.321,23.0,23.7,22.71792,75.8333,ERA5,Asia/Kolkata,Open-Meteo Historical Weather API
MP-Indore,2014-11-28,22.9,30.2,16.8,0.0,0.0,0.0,57,3.69,0.284,0.303,0.323,23.2,23.7,22.71792,75.8333,ERA5,Asia/Kolkata,Open-Meteo Historical Weather API
MP-Indore,2014-11-29,22.9,29.7,17.9,0.0,0.0,0.0,53,3.69,0.283,0.304,0.325,23.0,23.8,22.71792,75.8333,ERA5,Asia/Kolkata,Open-Meteo Historical Weather API
MP-Indore,2014-11-30,22.5,29.8,16.0,0.0,0.0,0.0,51,3.42,0.281,0.305,0.327,22.6,23.5,22.71792,75.8333,ERA5,Asia/Kolkata,Open-Meteo Historical Weather API
MP-Indore,2014-12-01,22.2,29.0,15.6,0.0,0.0,0.0,53,3.72,0.279,0.305,0.328,22.8,23.3,22.71792,75.8333,ERA5,Asia/Kolkata,Open-Meteo Historical Weather API
MP-Indore,2014-12-02,21.6,28.5,16.2,0.0,0.0,0.0,53,3.85,0.276,0.301,0.326,23.0,23.5,22.71792,75.8333,ERA5,Asia/Kolkata,Open-Meteo Historical Weather API
MP-Indore,2014-12-03,20.8,28.2,14.5,0.0,0.0,0.0,47,4.05,0.274,0.299,0.325,22.3,23.1,22.71792,75.8333,ERA5,Asia/Kolkata,Open-Meteo Historical Weather API
MP-Indore,2014-12-04,20.7,28.4,14.4,0.0,0.0,0.0,51,4.05,0.273,0.298,0.325,22.1,22.6,22.71792,75.8333,ERA5,Asia/Kolkata,Open-Meteo Historical Weather API
MP-Indore,2014-12-05,20.3,28.1,13.2,0.0,0.0,0.0,51,4.13,0.269,0.293,0.322,21.5,22.3,22.71792,75.8333,ERA5,Asia/Kolkata,Open-Meteo Historical Weather API
MP-Indore,2014-12-06,20.1,27.1,14.5,0.0,0.0,0.0,50,4.02,0.265,0.289,0.319,21.5,22.2,22.71792,75.8333,ERA5,Asia/Kolkata,Open-Meteo Historical Weather API
MP-Indore,2014-12-07,19.5,27.5,12.8,0.0,0.0,0.0,48,3.8,0.265,0.288,0.318,21.2,22.1,22.71792,75.8333,ERA5,Asia/Kolkata,Open-Meteo Historical Weather API
MP-Indore,2014-12-08,19.9,28.0,13.0,0.0,0.0,0.0,54,3.44,0.265,0.289,0.32,21.2,21.9,22.71792,75.8333,ERA5,Asia/Kolkata,Open-Meteo Historical Weather API
MP-Indore,2014-12-09,21.0,29.0,14.4,0.0,0.0,0.0,54,3.61,0.264,0.29,0.321,21.8,22.1,22.71792,75.8333,ERA5,Asia/Kolkata,Open-Meteo Historical Weather API
MP-Indore,2014-12-10,20.9,28.2,14.4,0.0,0.0,0.0,60,3.26,0.263,0.289,0.321,22.0,22.4,22.71792,75.8333,ERA5,Asia/Kolkata,Open-Meteo Historical Weather API
MP-Indore,2014-12-11,20.9,27.1,16.7,2.5,2.5,3.0,58,3.65,0.265,0.29,0.322,22.0,22.9,22.71792,75.8333,ERA5,Asia/Kolkata,Open-Meteo Historical Weather API
MP-Indore,2014-12-12,21.4,28.7,17.2,8.8,8.8,9.0,74,3.02,0.301,0.282,0.315,22.9,23.1,22.71792,75.8333,ERA5,Asia/Kolkata,Open-Meteo Historical Weather API
MP-Indore,2014-12-13,19.7,23.4,16.8,6.0,6.0,15.0,90,1.33,0.407,0.283,0.314,21.5,22.7,22.71792,75.8333,ERA5,Asia/Kolkata,Open-Meteo Historical Weather API
MP-Indore,2014-12-14,17.6,23.1,12.4,0.0,0.0,0.0,64,3.37,0.4,0.287,0.312,20.4,21.5,22.71792,75.8333,ERA5,Asia/Kolkata,Open-Meteo Historical Weather API
MP-Indore,2014-12-15,15.0,20.7,9.9,0.0,0.0,0.0,67,3.06,0.378,0.294,0.316,17.7,19.7,22.71792,75.8333,ERA5,Asia/Kolkata,Open-Meteo Historical Weather API
MP-Indore,2014-12-16,14.7,20.9,9.5,0.0,0.0,0.0,67,3.11,0.362,0.299,0.32,16.9,18.7,22.71792,75.8333,ERA5,Asia/Kolkata,Open-Meteo Historical Weather API
MP-Indore,2014-12-17,14.1,20.6,8.6,0.0,0.0,0.0,68,2.99,0.349,0.301,0.322,16.5,18.1,22.71792,75.8333,ERA5,Asia/Kolkata,Open-Meteo Historical Weather API
MP-Indore,2014-12-18,14.8,22.1,8.8,0.0,0.0,0.0,64,3.15,0.336,0.299,0.321,16.4,17.8,22.71792,75.8333,ERA5,Asia/Kolkata,Open-Meteo Historical Weather API
MP-Indore,2014-12-19,15.4,22.5,8.5,0.0,0.0,0.0,62,3.17,0.324,0.296,0.318,16.8,17.8,22.71792,75.8333,ERA5,Asia/Kolkata,Open-Meteo Historical Weather API
MP-Indore,2014-12-20,16.2,23.0,10.3,0.0,0.0,0.0,62,3.11,0.314,0.294,0.317,17.7,18.3,22.71792,75.8333,ERA5,Asia/Kolkata,Open-Meteo Historical Weather API
MP-Indore,2014-12-21,16.5,24.9,10.0,0.0,0.0,0.0,62,3.32,0.304,0.291,0.316,18.2,18.6,22.71792,75.8333,ERA5,Asia/Kolkata,Open-Meteo Historical Weather API
MP-Indore,2014-12-22,17.7,26.9,10.7,0.0,0.0,0.0,59,3.59,0.291,0.285,0.309,18.7,18.8,22.71792,75.8333,ERA5,Asia/Kolkata,Open-Meteo Historical Weather API
MP-Indore,2014-12-23,18.9,27.1,11.9,0.0,0.0,0.0,55,3.65,0.282,0.281,0.305,19.1,19.2,22.71792,75.8333,ERA5,Asia/Kolkata,Open-Meteo Historical Weather API
MP-Indore,2014-12-24,18.4,26.3,12.2,0.0,0.0,0.0,57,3.36,0.278,0.281,0.306,19.4,19.6,22.71792,75.8333,ERA5,Asia/Kolkata,Open-Meteo Historical Weather API
MP-Indore,2014-12-25,18.3,25.7,12.4,0.0,0.0,0.0,60,3.51,0.274,0.28,0.304,19.7,20.1,22.71792,75.8333,ERA5,Asia/Kolkata,Open-Meteo Historical Weather API
MP-Indore,2014-12-26,16.9,23.8,11.4,0.0,0.0,0.0,52,3.87,0.269,0.278,0.301,18.9,20.0,22.71792,75.8333,ERA5,Asia/Kolkata,Open-Meteo Historical Weather API
MP-Indore,2014-12-27,15.8,23.1,9.7,0.0,0.0,0.0,47,3.7,0.267,0.277,0.3,18.0,19.2,22.71792,75.8333,ERA5,Asia/Kolkata,Open-Meteo Historical Weather API
MP-Indore,2014-12-28,15.5,23.0,9.8,0.0,0.0,0.0,44,3.78,0.265,0.277,0.299,17.6,18.7,22.71792,75.8333,ERA5,Asia/Kolkata,Open-Meteo Historical Weather API
MP-Indore,2014-12-29,15.1,22.6,8.6,0.0,0.0,0.0,47,3.5,0.263,0.275,0.296,17.2,18.3,22.71792,75.8333,ERA5,Asia/Kolkata,Open-Meteo Historical Weather API
MP-Indore,2014-12-30,16.1,23.8,9.5,0.0,0.0,0.0,53,3.51,0.262,0.276,0.297,17.7,18.4,22.71792,75.8333,ERA5,Asia/Kolkata,Open-Meteo Historical Weather API
MP-Indore,2014-12-31,16.0,20.8,12.9,6.0,6.0,4.0,70,2.51,0.275,0.282,0.304,17.5,18.9,22.71792,75.8333,ERA5,Asia/Kolkata,Open-Meteo Historical Weather API
MP-Indore,2015-01-01,15.3,17.1,14.1,36.8,36.8,17.0,94,0.83,0.449,0.306,0.301,17.2,18.6,22.71792,75.8333,ERA5,Asia/Kolkata,Open-Meteo Historical Weather API
MP-Indore,2015-01-02,15.5,16.6,14.5,0.0,0.0,0.0,93,0.83,0.435,0.329,0.301,17.1,18.1,22.71792,75.8333,ERA5,Asia/Kolkata,Open-Meteo Historical Weather API
MP-Indore,2015-01-03,16.5,19.5,14.4,0.0,0.0,0.0,86,2.09,0.412,0.338,0.304,18.2,18.3,22.71792,75.8333,ERA5,Asia/Kolkata,Open-Meteo Historical Weather API
MP-Indore,2015-01-04,15.6,20.2,12.2,0.0,0.0,0.0,81,2.7,0.396,0.347,0.31,17.6,18.5,22.71792,75.8333,ERA5,Asia/Kolkata,Open-Meteo Historical Weather API
MP-Indore,2015-01-05,14.4,21.6,9.4,0.0,0.0,0.0,76,2.88,0.382,0.35,0.313,16.5,17.7,22.71792,75.8333,ERA5,Asia/Kolkata,Open-Meteo Historical Weather API
MP-Indore,2015-01-06,15.8,24.9,8.7,0.0,0.0,0.0,63,3.3,0.367,0.345,0.312,16.3,17.2,22.71792,75.8333,ERA5,Asia/Kolkata,Open-Meteo Historical Weather API
MP-Indore,2015-01-07,16.6,24.8,9.7,0.0,0.0,0.0,60,3.38,0.352,0.339,0.31,16.9,17.3,22.71792,75.8333,ERA5,Asia/Kolkata,Open-Meteo Historical Weather API
MP-Indore,2015-01-08,16.7,24.6,10.5,0.0,0.0,0.0,61,3.43,0.337,0.33,0.306,17.3,17.5,22.71792,75.8333,ERA5,Asia/Kolkata,Open-Meteo Historical Weather API
MP-Indore,2015-01-09,16.6,24.4,10.4,0.0,0.0,0.0,59,3.52,0.319,0.316,0.297,17.9,17.9,22.71792,75.8333,ERA5,Asia/Kolkata,Open-Meteo Historical Weather API
MP-Indore,2015-01-10,16.6,25.1,9.1,0.0,0.0,0.0,60,3.41,0.301,0.302,0.288,17.8,18.1,22.71792,75.8333,ERA5,Asia/Kolkata,Open-Meteo Historical Weather API
MP-Indore,2015-01-11,18.0,26.7,11.5,0.0,0.0,0.0,58,3.48,0.287,0.288,0.281,18.3,18.4,22.71792,75.8333,ERA5,Asia/Kolkata,Open-Meteo Historical Weather API
MP-Indore,2015-01-12,18.2,27.4,11.7,0.0,0.0,0.0,56,3.74,0.275,0.278,0.277,18.9,19.0,22.71792,75.8333,ERA5,Asia/Kolkata,Open-Meteo Historical Weather API
MP-Indore,2015-01-13,17.8,26.4,10.9,0.0,0.0,0.0,58,3.6,0.27,0.275,0.277,19.1,19.2,22.71792,75.8333,ERA5,Asia/Kolkata,Open-Meteo Historical Weather API
MP-Indore,2015-01-14,18.7,26.4,12.8,0.0,0.0,0.0,53,3.7,0.269,0.274,0.279,19.3,19.3,22.71792,75.8333,ERA5,Asia/Kolkata,Open-Meteo Historical Weather API
MP-Indore,2015-01-15,17.2,24.5,11.9,0.0,0.0,0.0,61,3.47,0.27,0.277,0.283,19.0,19.6,22.71792,75.8333,ERA5,Asia/Kolkata,Open-Meteo Historical Weather API
MP-Indore,2015-01-16,16.8,23.2,11.8,0.0,0.0,0.0,67,3.16,0.273,0.285,0.29,18.8,19.6,22.71792,75.8333,ERA5,Asia/Kolkata,Open-Meteo Historical Weather API
MP-Indore,2015-01-17,16.1,22.6,11.0,0.0,0.0,0.0,66,3.28,0.272,0.288,0.292,18.6,19.5,22.71792,75.8333,ERA5,Asia/Kolkata,Open-Meteo Historical Weather API
MP-Indore,2015-01-18,16.2,23.8,10.1,0.0,0.0,0.0,57,3.45,0.269,0.285,0.291,18.5,19.3,22.71792,75.8333,ERA5,Asia/Kolkata,Open-Meteo Historical Weather API
MP-Indore,2015-01-19,17.2,24.4,11.1,0.0,0.0,0.0,56,3.78,0.265,0.28,0.287,19.1,19.3,22.71792,75.8333,ERA5,Asia/Kolkata,Open-Meteo Historical Weather API
MP-Indore,2015-01-20,18.4,25.2,12.8,0.0,0.0,0.0,53,4.01,0.263,0.278,0.286,19.5,19.8,22.71792,75.8333,ERA5,Asia/Kolkata,Open-Meteo Historical Weather API
MP-Indore,2015-01-21,20.0,26.9,13.4,0.0,0.0,0.0,62,3.67,0.262,0.28,0.288,20.6,20.3,22.71792,75.8333,ERA5,Asia/Kolkata,Open-Meteo Historical Weather API
MP-Indore,2015-01-22,19.8,23.9,16.4,0.8,0.8,5.0,73,2.59,0.269,0.284,0.291,21.2,21.0,22.71792,75.8333,ERA5,Asia/Kolkata,Open-Meteo Historical Weather API
MP-Indore,2015-01-23,18.6,23.7,15.9,0.5,0.5,2.0,74,2.66,0.276,0.291,0.297,20.8,20.9,22.71792,75.8333,ERA5,Asia/Kolkata,Open-Meteo Historical Weather API
MP-Indore,2015-01-24,16.7,21.0,13.9,0.2,0.2,1.0,85,1.68,0.283,0.295,0.3,18.9,20.2,22.71792,75.8333,ERA5,Asia/Kolkata,Open-Meteo Historical Weather API
MP-Indore,2015-01-25,18.2,22.8,15.2,2.9,2.9,7.0,83,2.53,0.297,0.3,0.304,19.7,19.9,22.71792,75.8333,ERA5,Asia/Kolkata,Open-Meteo Historical Weather API
MP-Indore,2015-01-26,17.7,22.5,14.1,0.0,0.0,0.0,78,2.68,0.321,0.302,0.306,20.0,20.3,22.71792,75.8333,ERA5,Asia/Kolkata,Open-Meteo Historical Weather API
MP-Indore,2015-01-27,15.9,19.2,13.6,0.6,0.6,3.0,84,1.48,0.32,0.304,0.309,18.1,19.6,22.71792,75.8333,ERA5,Asia/Kolkata,Open-Meteo Historical Weather API
MP-Indore,2015-01-28,15.2,19.6,11.4,0.6,0.6,3.0,74,2.61,0.323,0.307,0.312,17.4,18.5,22.71792,75.8333,ERA5,Asia/Kolkata,Open-Meteo Historical Weather API
MP-Indore,2015-01-29,16.1,22.2,11.2,0.0,0.0,0.0,63,3.67,0.319,0.31,0.315,18.2,18.5,22.71792,75.8333,ERA5,Asia/Kolkata,Open-Meteo Historical Weather API
MP-Indore,2015-01-30,15.9,23.2,9.8,0.0,0.0,0.0,57,3.84,0.308,0.307,0.314,17.7,18.4,22.71792,75.8333,ERA5,Asia/Kolkata,Open-Meteo Historical Weather API
MP-Indore,2015-01-31,17.2,26.2,9.9,0.0,0.0,0.0,55,3.94,0.295,0.3,0.309,18.4,18.4,22.71792,75.8333,ERA5,Asia/Kolkata,Open-Meteo Historical Weather API
MP-Indore,2015-02-01,19.8,28.6,12.6,0.0,0.0,0.0,52,4.53,0.282,0.289,0.302,20.0,19.2,22.71792,75.8333,ERA5,Asia/Kolkata,Open-Meteo Historical Weather API
MP-Indore,2015-02-02,22.0,29.8,16.1,0.0,0.0,0.0,55,4.65,0.274,0.284,0.299,21.6,20.5,22.71792,75.8333,ERA5,Asia/Kolkata,Open-Meteo Historical Weather API
MP-Indore,2015-02-03,22.2,29.1,18.0,0.2,0.2,1.0,53,3.97,0.272,0.285,0.3,22.3,21.5,22.71792,75.8333,ERA5,Asia/Kolkata,Open-Meteo Historical Weather API
MP-Indore,2015-02-04,20.1,25.3,16.3,0.1,0.1,1.0,62,3.75,0.273,0.287,0.302,21.7,21.7,22.71792,75.8333,ERA5,Asia/Kolkata,Open-Meteo Historical Weather API
MP-Indore,2015-02-05,20.0,25.9,14.4,0.0,0.0,0.0,54,3.94,0.273,0.288,0.303,21.6,21.5,22.71792,75.8333,ERA5,Asia/Kolkata,Open-Meteo Historical Weather API
MP-Indore,2015-02-06,21.6,29.0,16.5,0.0,0.0,0.0,51,4.57,0.27,0.289,0.304,22.1,21.9,22.71792,75.8333,ERA5,Asia/Kolkata,Open-Meteo Historical Weather API
MP-Indore,2015-02-07,21.7,27.7,15.8,0.0,0.0,0.0,51,4.26,0.268,0.291,0.307,22.2,22.0,22.71792,75.8333,ERA5,Asia/Kolkata,Open-Meteo Historical Weather API
MP-Indore,2015-02-08,21.1,26.8,16.3,0.2,0.2,1.0,58,4.07,0.264,0.291,0.307,22.8,22.3,22.71792,75.8333,ERA5,Asia/Kolkata,Open-Meteo Historical Weather API
MP-Indore,2015-02-09,20.0,26.2,14.2,0.0,0.0,0.0,60,4.39,0.262,0.291,0.307,22.0,22.0,22.71792,75.8333,ERA5,Asia/Kolkata,Open-Meteo Historical Weather API
MP-Indore,2015-02-10,19.1,23.9,15.1,2.6,2.6,7.0,72,3.26,0.273,0.289,0.306,21.5,21.9,22.71792,75.8333,ERA5,Asia/Kolkata,Open-Meteo Historical Weather API
MP-Indore,2015-02-11,20.8,27.9,14.7,0.0,0.0,0.0,66,3.77,0.297,0.284,0.303,22.0,21.5,22.71792,75.8333,ERA5,Asia/Kolkata,Open-Meteo Historical Weather API
MP-Indore,2015-02-12,21.1,28.0,14.9,0.0,0.0,0.0,58,4.44,0.289,0.283,0.302,22.9,22.1,22.71792,75.8333,ERA5,Asia/Kolkata,Open-Meteo Historical Weather API
MP-Indore,2015-02-13,20.6,28.6,12.9,0.0,0.0,0.0,50,4.33,0.282,0.282,0.301,22.2,22.1,22.71792,75.8333,ERA5,Asia/Kolkata,Open-Meteo Historical Weather API
MP-Indore,2015-02-14,23.0,31.4,16.1,0.0,0.0,0.0,40,4.95,0.276,0.279,0.3,22.4,22.1,22.71792,75.8333,ERA5,Asia/Kolkata,Open-Meteo Historical Weather API
MP-Indore,2015-02-15,23.3,31.4,15.8,0.0,0.0,0.0,43,4.9,0.27,0.277,0.298,23.5,22.8,22.71792,75.8333,ERA5,Asia/Kolkata,Open-Meteo Historical Weather API
MP-Indore,2015-02-16,24.2,33.5,17.1,0.0,0.0,0.0,42,5.1,0.264,0.273,0.293,24.5,23.3,22.71792,75.8333,ERA5,Asia/Kolkata,Open-Meteo Historical Weather API
MP-Indore,2015-02-17,24.2,31.9,16.8,0.0,0.0,0.0,41,5.82,0.261,0.271,0.291,24.9,23.9,22.71792,75.8333,ERA5,Asia/Kolkata,Open-Meteo Historical Weather API
MP-Indore,2015-02-18,24.0,31.8,17.0,0.0,0.0,0.0,49,4.62,0.258,0.271,0.292,25.4,24.4,22.71792,75.8333,ERA5,Asia/Kolkata,Open-Meteo Historical Weather API
MP-Indore,2015-02-19,24.5,31.1,17.1,0.0,0.0,0.0,43,5.05,0.257,0.272,0.294,25.2,24.6,22.71792,75.8333,ERA5,Asia/Kolkata,Open-Meteo Historical Weather API
MP-Indore,2015-02-20,25.3,32.5,17.9,0.0,0.0,0.0,37,4.84,0.255,0.272,0.296,25.2,24.5,22.71792,75.8333,ERA5,Asia/Kolkata,Open-Meteo Historical Weather API
MP-Indore,2015-02-21,25.0,32.4,17.6,0.0,0.0,0.0,40,4.83,0.254,0.272,0.3,25.5,24.7,22.71792,75.8333,ERA5,Asia/Kolkata,Open-Meteo Historical Weather API
MP-Indore,2015-02-22,25.7,33.3,19.4,0.0,0.0,0.0,40,4.91,0.255,0.275,0.304,25.8,25.2,22.71792,75.8333,ERA5,Asia/Kolkata,Open-Meteo Historical Weather API
MP-Indore,2015-02-23,26.4,33.5,19.5,0.0,0.0,0.0,40,5.1,0.254,0.279,0.306,26.3,25.5,22.71792,75.8333,ERA5,Asia/Kolkata,Open-Meteo Historical Weather API
MP-Indore,2015-02-24,26.7,33.6,19.8,0.0,0.0,0.0,37,5.65,0.251,0.281,0.306,26.8,25.8,22.71792,75.8333,ERA5,Asia/Kolkata,Open-Meteo Historical Weather API
MP-Indore,2015-02-25,25.7,32.1,20.4,0.0,0.0,0.0,42,5.93,0.25,0.282,0.308,26.8,26.1,22.71792,75.8333,ERA5,Asia/Kolkata,Open-Meteo Historical Weather API
MP-Indore,2015-02-26,23.1,29.8,18.0,0.0,0.0,0.0,44,5.55,0.255,0.287,0.312,25.6,25.8,22.71792,75.8333,ERA5,Asia/Kolkata,Open-Meteo Historical Weather API
MP-Indore,2015-02-27,21.6,28.6,15.4,0.0,0.0,0.0,32,5.36,0.258,0.29,0.315,24.1,24.6,22.71792,75.8333,ERA5,Asia/Kolkata,Open-Meteo Historical Weather API
MP-Indore,2015-02-28,21.9,28.8,15.1,1.3,1.3,4.0,46,4.95,0.262,0.294,0.318,23.2,23.6,22.71792,75.8333,ERA5,Asia/Kolkata,Open-Meteo Historical Weather API
MP-Indore,2015-03-01,17.9,21.4,16.0,4.0,4.0,12.0,79,2.37,0.299,0.301,0.324,21.3,22.9,22.71792,75.8333,ERA5,Asia/Kolkata,Open-Meteo Historical Weather API
MP-Indore,2015-03-02,18.7,22.9,15.1,0.6,0.6,3.0,79,3.11,0.332,0.305,0.327,21.1,21.5,22.71792,75.8333,ERA5,Asia/Kolkata,Open-Meteo Historical Weather API
MP-Indore,2015-03-03,18.8,24.4,13.7,0.0,0.0,0.0,58,4.55,0.325,0.305,0.328,21.2,21.4,22.71792,75.8333,ERA5,Asia/Kolkata,Open-Meteo Historical Weather API
MP-Indore,2015-03-04,19.7,26.1,13.8,0.0,0.0,0.0,49,4.69,0.309,0.301,0.326,21.9,21.6,22.71792,75.8333,ERA5,Asia/Kolkata,Open-Meteo Historical Weather API
MP-Indore,2015-03-05,21.7,28.2,15.3,0.0,0.0,0.0,46,4.95,0.296,0.296,0.322,22.6,22.1,22.71792,75.8333,ERA5,Asia/Kolkata,Open-Meteo Historical Weather API
MP-Indore,2015-03-06,22.5,29.7,15.3,0.0,0.0,0.0,44,5.21,0.285,0.289,0.317,23.8,22.9,22.71792,75.8333,ERA5,Asia/Kolkata,Open-Meteo Historical Weather API
MP-Indore,2015-03-07,23.4,31.0,16.3,0.0,0.0,0.0,43,5.58,0.275,0.285,0.313,24.7,23.6,22.71792,75.8333,ERA5,Asia/Kolkata,Open-Meteo Historical Weather API
MP-Indore,2015-03-08,24.4,30.9,18.8,0.0,0.0,0.0,44,4.7,0.271,0.283,0.312,25.2,24.1,22.71792,75.8333,ERA5,Asia/Kolkata,Open-Meteo Historical Weather API
MP-Indore,2015-03-09,23.8,30.0,18.2,0.0,0.0,0.0,39,6.44,0.267,0.284,0.313,25.2,24.4,22.71792,75.8333,ERA5,Asia/Kolkata,Open-Meteo Historical Weather API
MP-Indore,2015-03-10,23.7,30.6,17.5,0.0,0.0,0.0,44,5.76,0.266,0.284,0.313,25.4,24.8,22.71792,75.8333,ERA5,Asia/Kolkata,Open-Meteo Historical Weather API
MP-Indore,2015-03-11,25.0,31.9,20.1,7.1,7.1,6.0,55,5.2,0.277,0.279,0.309,26.6,25.3,22.71792,75.8333,ERA5,Asia/Kolkata,Open-Meteo Historical Weather API
MP-Indore,2015-03-12,23.6,29.3,20.6,4.4,4.4,5.0,69,4.58,0.334,0.281,0.312,26.1,25.5,22.71792,75.8333,ERA5,Asia/Kolkata,Open-Meteo Historical Weather API
MP-Indore,2015-03-13,21.3,26.2,18.7,0.1,0.1,1.0,67,3.69,0.364,0.292,0.321,23.7,24.7,22.71792,75.8333,ERA5,Asia/Kolkata,Open-Meteo Historical Weather API
MP-Indore,2015-03-14,20.7,26.1,17.6,2.7,2.7,7.0,75,3.96,0.381,0.307,0.332,22.7,23.5,22.71792,75.8333,ERA5,Asia/Kolkata,Open-Meteo Historical Weather API
MP-Indore,2015-03-15,21.5,26.3,17.0,4.3,4.3,7.0,78,3.97,0.435,0.321,0.335,23.4,23.3,22.71792,75.8333,ERA5,Asia/Kolkata,Open-Meteo Historical Weather API
MP-Indore,2015-03-16,22.9,28.5,18.3,0.0,0.0,0.0,59,5.19,0.406,0.327,0.335,24.0,23.4,22.71792,75.8333,ERA5,Asia/Kolkata,Open-Meteo Historical Weather API
MP-Indore,2015-03-17,22.7,28.7,16.3,0.0,0.0,0.0,54,5.64,0.371,0.323,0.332,23.9,23.3,22.71792,75.8333,ERA5,Asia/Kolkata,Open-Meteo Historical Weather API
MP-Indore,2015-03-18,22.6,28.8,16.4,0.0,0.0,0.0,50,5.75,0.343,0.317,0.329,24.1,23.5,22.71792,75.8333,ERA5,Asia/Kolkata,Open-Meteo Historical Weather API
MP-Indore,2015-03-19,23.4,30.6,15.7,0.0,0.0,0.0,42,5.99,0.319,0.307,0.323,24.3,23.5,22.71792,75.8333,ERA5,Asia/Kolkata,Open-Meteo Historical Weather API
MP-Indore,2015-03-20,25.5,32.9,17.4,0.0,0.0,0.0,38,6.2,0.297,0.297,0.316,25.9,24.2,22.71792,75.8333,ERA5,Asia/Kolkata,Open-Meteo Historical Weather API
MP-Indore,2015-03-21,27.7,35.3,20.3,0.0,0.0,0.0,37,6.23,0.279,0.287,0.309,27.8,25.7,22.71792,75.8333,ERA5,Asia/Kolkata,Open-Meteo Historical Weather API
MP-Indore,2015-03-22,29.1,36.6,21.8,0.0,0.0,0.0,37,6.32,0.267,0.279,0.302,29.5,27.2,22.71792,75.8333,ERA5,Asia/Kolkata,Open-Meteo Historical Weather API
MP-Indore,2015-03-23,29.8,37.6,22.3,0.0,0.0,0.0,36,6.48,0.259,0.274,0.296,30.4,28.3,22.71792,75.8333,ERA5,Asia/Kolkata,Open-Meteo Historical Weather API
MP-Indore,2015-03-24,30.2,37.9,23.4,0.0,0.0,0.0,33,6.83,0.252,0.272,0.292,31.0,29.0,22.71792,75.8333,ERA5,Asia/Kolkata,Open-Meteo Historical Weather API
MP-Indore,2015-03-25,31.1,38.3,24.8,0.0,0.0,0.0,31,6.99,0.248,0.271,0.29,31.9,29.7,22.71792,75.8333,ERA5,Asia/Kolkata,Open-Meteo Historical Weather API
MP-Indore,2015-03-26,31.0,36.7,25.5,0.0,0.0,0.0,32,6.61,0.247,0.272,0.29,31.9,30.2,22.71792,75.8333,ERA5,Asia/Kolkata,Open-Meteo Historical Weather API
MP-Indore,2015-03-27,31.2,37.5,24.5,0.0,0.0,0.0,31,6.37,0.241,0.271,0.288,32.0,30.1,22.71792,75.8333,ERA5,Asia/Kolkata,Open-Meteo Historical Weather API
MP-Indore,2015-03-28,31.3,37.4,26.4,0.8,0.8,1.0,35,6.56,0.238,0.27,0.285,33.2,30.9,22.71792,75.8333,ERA5,Asia/Kolkata,Open-Meteo Historical Weather API
MP-Indore,2015-03-29,30.0,35.6,25.9,1.5,1.5,4.0,36,5.53,0.243,0.27,0.287,31.7,31.0,22.71792,75.8333,ERA5,Asia/Kolkata,Open-Meteo Historical Weather API
MP-Indore,2015-03-30,29.7,35.7,24.6,0.0,0.0,0.0,33,6.91,0.251,0.272,0.29,31.7,30.6,22.71792,75.8333,ERA5,Asia/Kolkata,Open-Meteo Historical Weather API
MP-Indore,2015-03-31,29.2,36.0,22.5,0.0,0.0,0.0,28,7.52,0.246,0.271,0.289,31.6,30.3,22.71792,75.8333,ERA5,Asia/Kolkata,Open-Meteo Historical Weather API
MP-Indore,2015-04-01,28.9,36.4,21.4,0.0,0.0,0.0,26,7.44,0.244,0.27,0.288,31.2,30.0,22.71792,75.8333,ERA5,Asia/Kolkata,Open-Meteo Historical Weather API
MP-Indore,2015-04-02,29.9,36.7,23.0,0.0,0.0,0.0,30,8.35,0.24,0.269,0.286,31.7,30.3,22.71792,75.8333,ERA5,Asia/Kolkata,Open-Meteo Historical Weather API
MP-Indore,2015-04-03,29.6,36.1,24.2,0.0,0.0,0.0,34,8.45,0.239,0.268,0.284,31.7,30.6,22.71792,75.8333,ERA5,Asia/Kolkata,Open-Meteo Historical Weather API
MP-Indore,2015-04-04,27.8,33.7,22.1,0.0,0.0,0.0,44,7.57,0.241,0.269,0.286,30.5,30.2,22.71792,75.8333,ERA5,Asia/Kolkata,Open-Meteo Historical Weather API
MP-Indore,2015-04-05,28.6,33.9,23.3,0.0,0.0,0.0,46,6.49,0.24,0.269,0.287,31.1,30.0,22.71792,75.8333,ERA5,Asia/Kolkata,Open-Meteo Historical Weather API
MP-Indore,2015-04-06,29.3,35.7,22.9,0.0,0.0,0.0,39,5.88,0.237,0.269,0.286,32.1,30.5,22.71792,75.8333,ERA5,Asia/Kolkata,Open-Meteo Historical Weather API
MP-Indore,2015-04-07,29.2,35.3,23.0,0.0,0.0,0.0,41,6.04,0.236,0.271,0.29,32.3,31.1,22.71792,75.8333,ERA5,Asia/Kolkata,Open-Meteo Historical Weather API
MP-Indore,2015-04-08,29.9,35.8,24.4,0.3,0.3,1.0,40,6.6,0.238,0.273,0.293,32.4,31.3,22.71792,75.8333,ERA5,Asia/Kolkata,Open-Meteo Historical Weather API
MP-Indore,2015-04-09,30.9,37.1,24.9,0.0,0.0,0.0,32,6.99,0.238,0.272,0.29,33.1,31.5,22.71792,75.8333,ERA5,Asia/Kolkata,Open-Meteo Historical Weather API
MP-Indore,2015-04-10,31.1,38.1,24.3,0.0,0.0,0.0,31,7.25,0.237,0.271,0.287,33.3,31.8,22.71792,75.8333,ERA5,Asia/Kolkata,Open-Meteo Historical Weather API
MP-Indore,2015-04-11,28.2,34.9,21.4,5.3,5.3,6.0,46,6.41,0.253,0.272,0.289,31.5,31.6,22.71792,75.8333,ERA5,Asia/Kolkata,Open-Meteo Historical Weather API
MP-Indore,2015-04-12,22.7,28.9,19.8,10.5,10.5,8.0,68,4.27,0.356,0.276,0.292,27.3,29.2,22.71792,75.8333,ERA5,Asia/Kolkata,Open-Meteo Historical Weather API
MP-Indore,2015-04-13,22.2,27.1,18.8,1.3,1.3,3.0,67,4.08,0.39,0.278,0.292,26.1,27.4,22.71792,75.8333,ERA5,Asia/Kolkata,Open-Meteo Historical Weather API
MP-Indore,2015-04-14,23.7,28.7,19.0,0.2,0.2,1.0,64,4.32,0.384,0.28,0.291,26.8,26.9,22.71792,75.8333,ERA5,Asia/Kolkata,Open-Meteo Historical Weather API
MP-Indore,2015-04-15,25.1,29.9,19.5,1.8,1.8,2.0,60,4.68,0.359,0.278,0.288,27.6,27.1,22.71792,75.8333,ERA5,Asia/Kolkata,Open-Meteo Historical Weather API
MP-Indore,2015-04-16,27.6,33.7,21.0,0.0,0.0,0.0,52,5.53,0.338,0.274,0.283,29.2,27.9,22.71792,75.8333,ERA5,Asia/Kolkata,Open-Meteo Historical Weather API
MP-Indore,2015-04-17,29.9,37.0,22.0,0.0,0.0,0.0,41,6.61,0.308,0.268,0.277,30.9,29.0,22.71792,75.8333,ERA5,Asia/Kolkata,Open-Meteo Historical Weather API
MP-Indore,2015-04-18,32.4,39.5,24.6,0.0,0.0,0.0,32,8.68,0.286,0.267,0.275,32.1,30.1,22.71792,75.8333,ERA5,Asia/Kolkata,Open-Meteo Historical Weather API
MP-Indore,2015-04-19,34.2,41.3,27.6,0.0,0.0,0.0,28,8.02,0.267,0.265,0.272,34.5,31.7,22.71792,75.8333,ERA5,Asia/Kolkata,Open-Meteo Historical Weather API
MP-Indore,2015-04-20,34.6,41.3,28.1,0.0,0.0,0.0,24,8.01,0.255,0.264,0.27,35.4,33.0,22.71792,75.8333,ERA5,Asia/Kolkata,Open-Meteo Historical Weather API
MP-Indore,2015-04-21,34.8,40.7,28.9,0.0,0.0,0.0,25,9.0,0.249,0.264,0.27,35.6,33.6,22.71792,75.8333,ERA5,Asia/Kolkata,Open-Meteo Historical Weather API
MP-Indore,2015-04-22,34.2,39.7,29.7,0.0,0.0,0.0,23,9.97,0.245,0.264,0.27,35.7,34.0,22.71792,75.8333,ERA5,Asia/Kolkata,Open-Meteo Historical Weather API
MP-Indore,2015-04-23,31.9,37.8,26.8,0.0,0.0,0.0,23,9.78,0.244,0.264,0.27,34.3,33.5,22.71792,75.8333,ERA5,Asia/Kolkata,Open-Meteo Historical Weather API
MP-Indore,2015-04-24,31.9,38.4,25.1,0.0,0.0,0.0,28,8.58,0.24,0.264,0.27,33.8,32.7,22.71792,75.8333,ERA5,Asia/Kolkata,Open-Meteo Historical Weather API
MP-Indore,2015-04-25,32.7,39.3,26.5,0.0,0.0,0.0,29,8.09,0.237,0.263,0.27,34.9,33.1,22.71792,75.8333,ERA5,Asia/Kolkata,Open-Meteo Historical Weather API
MP-Indore,2015-04-26,33.3,40.1,27.4,0.0,0.0,0.0,27,8.26,0.238,0.263,0.27,35.4,33.5,22.71792,75.8333,ERA5,Asia/Kolkata,Open-Meteo Historical Weather API
MP-Indore,2015-04-27,34.3,40.8,27.4,0.1,0.1,1.0,30,9.38,0.237,0.263,0.269,35.9,34.0,22.71792,75.8333,ERA5,Asia/Kolkata,Open-Meteo Historical Weather API
MP-Indore,2015-04-28,34.3,41.1,29.2,0.0,0.0,0.0,28,10.87,0.239,0.262,0.268,36.1,34.4,22.71792,75.8333,ERA5,Asia/Kolkata,Open-Meteo Historical Weather API
MP-Indore,2015-04-29,33.8,40.2,27.4,0.0,0.0,0.0,34,9.51,0.238,0.262,0.269,36.0,34.4,22.71792,75.8333,ERA5,Asia/Kolkata,Open-Meteo Historical Weather API
MP-Indore,2015-04-30,34.4,41.0,28.8,0.0,0.0,0.0,27,10.11,0.237,0.262,0.269,36.5,34.7,22.71792,75.8333,ERA5,Asia/Kolkata,Open-Meteo Historical Weather API
MP-Indore,2015-05-01,33.9,40.1,26.8,0.0,0.0,0.0,29,9.37,0.237,0.262,0.27,36.2,34.6,22.71792,75.8333,ERA5,Asia/Kolkata,Open-Meteo Historical Weather API
MP-Indore,2015-05-02,34.2,40.2,28.6,0.0,0.0,0.0,26,9.09,0.237,0.261,0.27,36.4,34.8,22.71792,75.8333,ERA5,Asia/Kolkata,Open-Meteo Historical Weather API
MP-Indore,2015-05-03,34.3,40.0,27.3,0.0,0.0,0.0,22,7.15,0.24,0.261,0.27,36.5,34.9,22.71792,75.8333,ERA5,Asia/Kolkata,Open-Meteo Historical Weather API
MP-Indore,2015-05-04,34.5,40.4,28.5,0.0,0.0,0.0,20,8.26,0.237,0.26,0.269,36.8,35.3,22.71792,75.8333,ERA5,Asia/Kolkata,Open-Meteo Historical Weather API
MP-Indore,2015-05-05,33.9,40.6,26.7,0.1,0.1,1.0,21,7.84,0.236,0.258,0.268,36.6,35.4,22.71792,75.8333,ERA5,Asia/Kolkata,Open-Meteo Historical Weather API
MP-Indore,2015-05-06,33.9,40.5,27.3,0.0,0.0,0.0,20,7.63,0.234,0.257,0.268,36.3,35.1,22.71792,75.8333,ERA5,Asia/Kolkata,Open-Meteo Historical Weather API
MP-Indore,2015-05-07,34.8,41.8,26.8,0.0,0.0,0.0,22,8.44,0.236,0.257,0.269,36.8,35.3,22.71792,75.8333,ERA5,Asia/Kolkata,Open-Meteo Historical Weather API
MP-Indore,2015-05-08,35.2,41.4,28.3,0.0,0.0,0.0,23,8.69,0.238,0.257,0.269,37.2,35.8,22.71792,75.8333,ERA5,Asia/Kolkata,Open-Meteo Historical Weather API
MP-Indore,2015-05-09,34.1,40.9,28.7,1.1,1.1,1.0,29,7.34,0.24,0.256,0.268,36.3,35.8,22.71792,75.8333,ERA5,Asia/Kolkata,Open-Meteo Historical Weather API
MP-Indore,2015-05-10,33.7,39.6,27.9,0.1,0.1,1.0,29,7.18,0.252,0.257,0.269,36.3,35.1,22.71792,75.8333,ERA5,Asia/Kolkata,Open-Meteo Historical Weather API
MP-Indore,2015-05-11,34.0,40.0,27.2,0.0,0.0,0.0,28,7.69,0.25,0.258,0.27,36.3,35.1,22.71792,75.8333,ERA5,Asia/Kolkata,Open-Meteo Historical Weather API
MP-Indore,2015-05-12,33.5,39.1,28.3,0.4,0.4,1.0,32,7.04,0.251,0.258,0.27,36.2,35.3,22.71792,75.8333,ERA5,Asia/Kolkata,Open-Meteo Historical Weather API
MP-Indore,2015-05-13,32.8,39.6,27.1,0.0,0.0,0.0,35,7.2,0.259,0.258,0.272,35.7,35.1,22.71792,75.8333,ERA5,Asia/Kolkata,Open-Meteo Historical Weather API
MP-Indore,2015-05-14,31.3,36.8,26.2,0.3,0.3,2.0,45,5.05,0.262,0.259,0.274,34.3,34.5,22.71792,75.8333,ERA5,Asia/Kolkata,Open-Meteo Historical Weather API
MP-Indore,2015-05-15,33.2,39.3,27.3,0.0,0.0,0.0,36,6.01,0.26,0.259,0.274,35.6,34.4,22.71792,75.8333,ERA5,Asia/Kolkata,Open-Meteo Historical Weather API
MP-Indore,2015-05-16,34.9,41.8,26.4,0.0,0.0,0.0,31,7.24,0.251,0.258,0.273,36.9,34.9,22.71792,75.8333,ERA5,Asia/Kolkata,Open-Meteo Historical Weather API
MP-Indore,2015-05-17,36.8,43.2,29.8,0.0,0.0,0.0,22,10.04,0.242,0.257,0.271,38.3,36.1,22.71792,75.8333,ERA5,Asia/Kolkata,Open-Meteo Historical Weather API
MP-Indore,2015-05-18,37.1,43.6,30.1,0.0,0.0,0.0,22,11.06,0.237,0.256,0.269,38.7,36.8,22.71792,75.8333,ERA5,Asia/Kolkata,Open-Meteo Historical Weather API
MP-Indore,2015-05-19,36.4,43.6,29.6,0.0,0.0,0.0,30,11.16,0.237,0.256,0.269,38.5,37.1,22.71792,75.8333,ERA5,Asia/Kolkata,Open-Meteo Historical Weather API
MP-Indore,2015-05-20,36.2,42.9,29.6,0.0,0.0,0.0,33,10.01,0.237,0.256,0.268,38.4,37.0,22.71792,75.8333,ERA5,Asia/Kolkata,Open-Meteo Historical Weather API
MP-Indore,2015-05-21,35.9,42.0,29.8,0.0,0.0,0.0,34,10.31,0.235,0.255,0.266,38.6,36.9,22.71792,75.8333,ERA5,Asia/Kolkata,Open-Meteo Historical Weather API
MP-Indore,2015-05-22,35.6,42.1,29.3,0.0,0.0,0.0,34,10.44,0.235,0.255,0.265,38.2,36.9,22.71792,75.8333,ERA5,Asia/Kolkata,Open-Meteo Historical Weather API
MP-Indore,2015-05-23,34.4,40.3,27.8,0.0,0.0,0.0,39,10.21,0.232,0.254,0.264,37.3,36.4,22.71792,75.8333,ERA5,Asia/Kolkata,Open-Meteo Historical Weather API
MP-Indore,2015-05-24,34.2,41.2,27.9,0.0,0.0,0.0,46,9.8,0.231,0.253,0.263,37.1,35.9,22.71792,75.8333,ERA5,Asia/Kolkata,Open-Meteo Historical Weather API
MP-Indore,2015-05-25,33.6,40.4,27.1,0.0,0.0,0.0,50,9.02,0.235,0.253,0.263,36.7,35.7,22.71792,75.8333,ERA5,Asia/Kolkata,Open-Meteo Historical Weather API
MP-Indore,2015-05-26,34.2,40.6,27.7,0.0,0.0,0.0,45,9.35,0.236,0.253,0.263,36.9,35.6,22.71792,75.8333,ERA5,Asia/Kolkata,Open-Meteo Historical Weather API
MP-Indore,2015-05-27,34.6,41.1,27.6,0.0,0.0,0.0,42,9.07,0.238,0.253,0.263,37.4,35.9,22.71792,75.8333,ERA5,Asia/Kolkata,Open-Meteo Historical Weather API
MP-Indore,2015-05-28,34.9,41.4,29.0,0.0,0.0,0.0,41,8.45,0.236,0.252,0.263,37.8,36.4,22.71792,75.8333,ERA5,Asia/Kolkata,Open-Meteo Historical Weather API
MP-Indore,2015-05-29,35.3,41.8,28.2,0.0,0.0,0.0,36,9.31,0.237,0.252,0.264,37.7,36.5,22.71792,75.8333,ERA5,Asia/Kolkata,Open-Meteo Historical Weather API
MP-Indore,2015-05-30,36.3,42.1,30.1,0.0,0.0,0.0,29,10.07,0.236,0.252,0.264,38.5,36.8,22.71792,75.8333,ERA5,Asia/Kolkata,Open-Meteo Historical Weather API
MP-Indore,2015-05-31,36.6,42.7,30.7,0.0,0.0,0.0,27,9.89,0.235,0.252,0.263,39.1,37.3,22.71792,75.8333,ERA5,Asia/Kolkata,Open-Meteo Historical Weather API
MP-Indore,2015-06-01,34.7,40.4,29.8,0.0,0.0,0.0,33,9.32,0.238,0.252,0.263,38.3,37.4,22.71792,75.8333,ERA5,Asia/Kolkata,Open-Meteo Historical Weather API
MP-Indore,2015-06-02,32.8,39.4,26.3,0.0,0.0,0.0,43,8.42,0.24,0.253,0.264,37.0,36.6,22.71792,75.8333,ERA5,Asia/Kolkata,Open-Meteo Historical Weather API
MP-Indore,2015-06-03,32.3,39.3,25.7,0.0,0.0,0.0,43,8.11,0.24,0.253,0.265,36.2,35.8,22.71792,75.8333,ERA5,Asia/Kolkata,Open-Meteo Historical Weather API
MP-Indore,2015-06-04,33.1,38.3,27.3,0.0,0.0,0.0,39,7.3,0.238,0.254,0.266,36.7,35.7,22.71792,75.8333,ERA5,Asia/Kolkata,Open-Meteo Historical Weather API
MP-Indore,2015-06-05,34.5,39.3,28.6,0.0,0.0,0.0,30,7.17,0.236,0.254,0.267,37.5,36.2,22.71792,75.8333,ERA5,Asia/Kolkata,Open-Meteo Historical Weather API
MP-Indore,2015-06-06,34.3,37.9,31.1,0.0,0.0,0.0,30,6.19,0.236,0.253,0.267,36.2,36.0,22.71792,75.8333,ERA5,Asia/Kolkata,Open-Meteo Historical Weather API
MP-Indore,2015-06-07,34.9,41.1,31.1,0.0,0.0,0.0,36,7.66,0.235,0.253,0.267,37.8,36.1,22.71792,75.8333,ERA5,Asia/Kolkata,Open-Meteo Historical Weather API
MP-Indore,2015-06-08,32.8,38.3,28.5,2.2,2.2,2.0,47,6.82,0.248,0.252,0.266,36.2,36.2,22.71792,75.8333,ERA5,Asia/Kolkata,Open-Meteo Historical Weather API
MP-Indore,2015-06-09,30.7,35.2,27.1,6.1,6.1,7.0,60,6.2,0.281,0.251,0.264,34.8,35.0,22.71792,75.8333,ERA5,Asia/Kolkata,Open-Meteo Historical Weather API
MP-Indore,2015-06-10,31.6,37.3,27.4,0.7,0.7,1.0,54,6.3,0.336,0.252,0.263,34.6,34.3,22.71792,75.8333,ERA5,Asia/Kolkata,Open-Meteo Historical Weather API
MP-Indore,2015-06-11,29.1,35.1,24.5,12.4,12.4,10.0,66,5.07,0.352,0.254,0.265,32.9,34.0,22.71792,75.8333,ERA5,Asia/Kolkata,Open-Meteo Historical Weather API
MP-Indore,2015-06-12,27.6,32.5,24.6,24.1,24.1,20.0,78,3.61,0.465,0.292,0.264,30.9,32.4,22.71792,75.8333,ERA5,Asia/Kolkata,Open-Meteo Historical Weather API
MP-Indore,2015-06-13,26.8,32.0,24.1,13.0,13.0,18.0,82,3.91,0.476,0.376,0.264,29.7,30.9,22.71792,75.8333,ERA5,Asia/Kolkata,Open-Meteo Historical Weather API
MP-Indore,2015-06-14,27.4,32.7,24.1,10.5,10.5,9.0,78,4.05,0.466,0.399,0.266,29.3,30.3,22.71792,75.8333,ERA5,Asia/Kolkata,Open-Meteo Historical Weather API
MP-Indore,2015-06-15,27.8,32.2,24.3,2.5,2.5,6.0,74,4.75,0.453,0.401,0.267,29.8,30.2,22.71792,75.8333,ERA5,Asia/Kolkata,Open-Meteo Historical Weather API
MP-Indore,2015-06-16,28.0,33.4,23.9,5.7,5.7,13.0,75,4.29,0.448,0.393,0.27,29.8,30.1,22.71792,75.8333,ERA5,Asia/Kolkata,Open-Meteo Historical Weather API
MP-Indore,2015-06-17,28.2,33.1,24.5,1.4,1.4,5.0,75,3.69,0.452,0.392,0.271,29.9,30.0,22.71792,75.8333,ERA5,Asia/Kolkata,Open-Meteo Historical Weather API
MP-Indore,2015-06-18,28.0,33.0,24.8,2.3,2.3,5.0,75,4.07,0.443,0.39,0.272,29.9,30.2,22.71792,75.8333,ERA5,Asia/Kolkata,Open-Meteo Historical Weather API
MP-Indore,2015-06-19,27.7,32.1,24.8,4.6,4.6,13.0,78,3.97,0.458,0.396,0.273,29.6,30.1,22.71792,75.8333,ERA5,Asia/Kolkata,Open-Meteo Historical Weather API
MP-Indore,2015-06-20,27.5,30.5,25.3,12.3,12.3,7.0,80,3.34,0.475,0.416,0.274,29.3,30.0,22.71792,75.8333,ERA5,Asia/Kolkata,Open-Meteo Historical Weather API
MP-Indore,2015-06-21,28.4,32.9,25.5,10.7,10.7,11.0,78,4.75,0.482,0.436,0.277,30.1,29.8,22.71792,75.8333,ERA5,Asia/Kolkata,Open-Meteo Historical Weather API
MP-Indore,2015-06-22,26.4,30.0,23.9,13.1,13.1,16.0,83,3.45,0.495,0.462,0.285,28.4,29.6,22.71792,75.8333,ERA5,Asia/Kolkata,Open-Meteo Historical Weather API
MP-Indore,2015-06-23,27.2,30.6,23.5,0.5,0.5,4.0,76,4.63,0.465,0.454,0.29,28.4,28.9,22.71792,75.8333,ERA5,Asia/Kolkata,Open-Meteo Historical Weather API
MP-Indore,2015-06-24,26.1,28.6,24.0,11.9,11.9,19.0,85,2.71,0.484,0.451,0.292,27.7,28.6,22.71792,75.8333,ERA5,Asia/Kolkata,Open-Meteo Historical Weather API
MP-Indore,2015-06-25,26.2,30.2,23.6,18.7,18.7,11.0,83,2.93,0.5,0.497,0.303,26.7,27.5,22.71792,75.8333,ERA5,Asia/Kolkata,Open-Meteo Historical Weather API
MP-Indore,2015-06-26,27.0,30.9,23.5,1.0,1.0,6.0,75,4.18,0.476,0.474,0.311,27.4,27.5,22.71792,75.8333,ERA5,Asia/Kolkata,Open-Meteo Historical Weather API
MP-Indore,2015-06-27,28.3,32.8,23.8,0.0,0.0,0.0,71,4.56,0.454,0.458,0.313,28.3,27.8,22.71792,75.8333,ERA5,Asia/Kolkata,Open-Meteo Historical Weather API
MP-Indore,2015-06-28,28.4,33.8,23.8,0.0,0.0,0.0,68,4.44,0.432,0.443,0.314,28.6,28.1,22.71792,75.8333,ERA5,Asia/Kolkata,Open-Meteo Historical Weather API
MP-Indore,2015-06-29,28.6,33.2,24.4,0.0,0.0,0.0,68,4.76,0.409,0.427,0.311,28.9,28.3,22.71792,75.8333,ERA5,Asia/Kolkata,Open-Meteo Historical Weather API
MP-Indore,2015-06-30,28.3,32.5,24.1,0.0,0.0,0.0,68,4.33,0.386,0.412,0.308,28.6,28.2,22.71792,75.8333,ERA5,Asia/Kolkata,Open-Meteo Historical Weather API
MP-Indore,2015-07-01,28.3,32.5,24.3,0.3,0.3,2.0,69,4.99,0.371,0.4,0.307,28.9,28.2,22.71792,75.8333,ERA5,Asia/Kolkata,Open-Meteo Historical Weather API
MP-Indore,2015-07-02,28.5,33.1,24.7,0.0,0.0,0.0,66,5.43,0.355,0.388,0.304,29.2,28.5,22.71792,75.8333,ERA5,Asia/Kolkata,Open-Meteo Historical Weather API
MP-Indore,2015-07-03,28.3,32.5,24.6,0.0,0.0,0.0,66,6.08,0.337,0.376,0.302,29.5,28.7,22.71792,75.8333,ERA5,Asia/Kolkata,Open-Meteo Historical Weather API
MP-Indore,2015-07-04,28.8,32.8,25.1,0.0,0.0,0.0,66,6.35,0.323,0.366,0.3,30.0,29.0,22.71792,75.8333,ERA5,Asia/Kolkata,Open-Meteo Historical Weather API
MP-Indore,2015-07-05,28.6,33.0,24.9,0.0,0.0,0.0,68,5.95,0.313,0.355,0.297,29.9,29.0,22.71792,75.8333,ERA5,Asia/Kolkata,Open-Meteo Historical Weather API
MP-Indore,2015-07-06,27.9,30.9,24.8,0.1,0.1,1.0,70,4.49,0.306,0.349,0.298,29.1,28.8,22.71792,75.8333,ERA5,Asia/Kolkata,Open-Meteo Historical Weather API
MP-Indore,2015-07-07,28.0,31.6,25.0,0.4,0.4,2.0,71,4.44,0.304,0.344,0.297,29.0,28.5,22.71792,75.8333,ERA5,Asia/Kolkata,Open-Meteo Historical Weather API
MP-Indore,2015-07-08,28.3,32.3,25.3,0.0,0.0,0.0,71,5.22,0.3,0.34,0.296,29.5,28.7,22.71792,75.8333,ERA5,Asia/Kolkata,Open-Meteo Historical Weather API
MP-Indore,2015-07-09,27.5,29.7,25.2,0.6,0.6,3.0,73,3.99,0.299,0.336,0.296,28.8,28.7,22.71792,75.8333,ERA5,Asia/Kolkata,Open-Meteo Historical Weather API
MP-Indore,2015-07-10,28.3,32.2,25.3,0.0,0.0,0.0,69,5.47,0.294,0.332,0.296,29.5,28.7,22.71792,75.8333,ERA5,Asia/Kolkata,Open-Meteo Historical Weather API
MP-Indore,2015-07-11,28.1,32.1,24.9,0.0,0.0,0.0,68,5.07,0.288,0.329,0.298,29.7,29.0,22.71792,75.8333,ERA5,Asia/Kolkata,Open-Meteo Historical Weather API
MP-Indore,2015-07-12,28.9,33.0,25.0,0.0,0.0,0.0,67,5.23,0.284,0.324,0.297,30.1,29.2,22.71792,75.8333,ERA5,Asia/Kolkata,Open-Meteo Historical Weather API
MP-Indore,2015-07-13,29.2,34.1,25.0,0.4,0.4,3.0,66,5.5,0.281,0.321,0.297,30.4,29.5,22.71792,75.8333,ERA5,Asia/Kolkata,Open-Meteo Historical Weather API
MP-Indore,2015-07-14,29.3,33.7,25.2,0.3,0.3,2.0,65,5.69,0.281,0.317,0.297,30.9,30.0,22.71792,75.8333,ERA5,Asia/Kolkata,Open-Meteo Historical Weather API
MP-Indore,2015-07-15,28.9,33.4,24.8,0.3,0.3,2.0,65,5.33,0.28,0.314,0.297,30.4,30.0,22.71792,75.8333,ERA5,Asia/Kolkata,Open-Meteo Historical Weather API
MP-Indore,2015-07-16,28.7,32.0,25.1,0.1,0.1,1.0,67,4.83,0.276,0.31,0.296,30.1,29.7,22.71792,75.8333,ERA5,Asia/Kolkata,Open-Meteo Historical Weather API
MP-Indore,2015-07-17,27.7,31.1,24.7,3.0,3.0,7.0,73,3.87,0.279,0.308,0.295,29.4,29.4,22.71792,75.8333,ERA5,Asia/Kolkata,Open-Meteo Historical Weather API
MP-Indore,2015-07-18,24.7,25.9,23.7,22.2,22.2,23.0,92,1.3,0.373,0.309,0.294,26.5,28.0,22.71792,75.8333,ERA5,Asia/Kolkata,Open-Meteo Historical Weather API
MP-Indore,2015-07-19,24.0,24.6,23.6,46.3,46.3,24.0,94,0.91,0.514,0.464,0.299,25.2,26.4,22.71792,75.8333,ERA5,Asia/Kolkata,Open-Meteo Historical Weather API
MP-Indore,2015-07-20,24.6,25.6,24.0,12.8,12.8,23.0,93,1.02,0.509,0.501,0.317,25.2,25.7,22.71792,75.8333,ERA5,Asia/Kolkata,Open-Meteo Historical Weather API
MP-Indore,2015-07-21,25.0,27.1,23.9,18.8,18.8,24.0,94,0.95,0.51,0.502,0.332,25.4,25.5,22.71792,75.8333,ERA5,Asia/Kolkata,Open-Meteo Historical Weather API
MP-Indore,2015-07-22,25.3,27.4,24.0,76.2,76.2,20.0,95,1.19,0.509,0.51,0.395,25.8,25.6,22.71792,75.8333,ERA5,Asia/Kolkata,Open-Meteo Historical Weather API
MP-Indore,2015-07-23,25.9,28.6,24.6,12.6,12.6,15.0,91,2.06,0.504,0.505,0.424,26.4,26.1,22.71792,75.8333,ERA5,Asia/Kolkata,Open-Meteo Historical Weather API
MP-Indore,2015-07-24,25.5,28.2,23.9,15.1,15.1,24.0,90,2.38,0.504,0.503,0.436,26.2,26.3,22.71792,75.8333,ERA5,Asia/Kolkata,Open-Meteo Historical Weather API
MP-Indore,2015-07-25,23.5,24.4,22.1,28.3,28.3,24.0,96,0.77,0.511,0.513,0.456,24.8,25.8,22.71792,75.8333,ERA5,Asia/Kolkata,Open-Meteo Historical Weather API
MP-Indore,2015-07-26,23.3,25.2,22.2,35.7,35.7,24.0,93,1.59,0.509,0.514,0.487,24.0,24.8,22.71792,75.8333,ERA5,Asia/Kolkata,Open-Meteo Historical Weather API
MP-Indore,2015-07-27,22.8,24.0,21.8,31.3,31.3,23.0,95,0.97,0.51,0.51,0.506,23.6,24.4,22.71792,75.8333,ERA5,Asia/Kolkata,Open-Meteo Historical Weather API
MP-Indore,2015-07-28,23.2,24.9,21.5,8.6,8.6,21.0,93,1.77,0.508,0.51,0.51,23.8,24.3,22.71792,75.8333,ERA5,Asia/Kolkata,Open-Meteo Historical Weather API
MP-Indore,2015-07-29,23.6,26.4,22.1,13.1,13.1,20.0,93,1.1,0.503,0.508,0.508,23.8,24.3,22.71792,75.8333,ERA5,Asia/Kolkata,Open-Meteo Historical Weather API
MP-Indore,2015-07-30,25.6,28.8,22.8,0.6,0.6,4.0,83,3.74,0.493,0.504,0.509,25.5,24.7,22.71792,75.8333,ERA5,Asia/Kolkata,Open-Meteo Historical Weather API
MP-Indore,2015-07-31,25.6,28.2,23.1,0.9,0.9,7.0,82,3.4,0.479,0.487,0.504,25.8,25.5,22.71792,75.8333,ERA5,Asia/Kolkata,Open-Meteo Historical Weather API
MP-Indore,2015-08-01,25.8,29.0,23.3,1.4,1.4,6.0,81,3.49,0.471,0.476,0.499,26.0,25.7,22.71792,75.8333,ERA5,Asia/Kolkata,Open-Meteo Historical Weather API
MP-Indore,2015-08-02,25.6,28.4,23.5,2.9,2.9,9.0,82,3.27,0.476,0.471,0.496,25.9,25.7,22.71792,75.8333,ERA5,Asia/Kolkata,Open-Meteo Historical Weather API
MP-Indore,2015-08-03,25.5,28.1,23.0,1.0,1.0,7.0,82,3.49,0.464,0.465,0.492,26.0,25.8,22.71792,75.8333,ERA5,Asia/Kolkata,Open-Meteo Historical Weather API
MP-Indore,2015-08-04,24.8,26.8,23.4,8.2,8.2,19.0,86,2.25,0.487,0.471,0.489,25.2,25.5,22.71792,75.8333,ERA5,Asia/Kolkata,Open-Meteo Historical Weather API
MP-Indore,2015-08-05,23.9,25.4,22.7,11.7,11.7,24.0,91,1.7,0.502,0.49,0.488,24.5,24.9,22.71792,75.8333,ERA5,Asia/Kolkata,Open-Meteo Historical Weather API
MP-Indore,2015-08-06,25.0,27.3,23.1,3.9,3.9,9.0,84,2.63,0.495,0.498,0.49,25.0,24.8,22.71792,75.8333,ERA5,Asia/Kolkata,Open-Meteo Historical Weather API
MP-Indore,2015-08-07,25.9,28.3,23.3,3.5,3.5,9.0,85,3.0,0.485,0.491,0.49,26.0,25.4,22.71792,75.8333,ERA5,Asia/Kolkata,Open-Meteo Historical Weather API
MP-Indore,2015-08-08,25.9,28.2,23.7,5.6,5.6,11.0,85,2.75,0.487,0.486,0.488,26.3,25.9,22.71792,75.8333,ERA5,Asia/Kolkata,Open-Meteo Historical Weather API
MP-Indore,2015-08-09,25.7,27.9,24.1,5.8,5.8,18.0,89,1.62,0.5,0.493,0.487,26.0,25.8,22.71792,75.8333,ERA5,Asia/Kolkata,Open-Meteo Historical Weather API
MP-Indore,2015-08-10,26.3,29.4,24.0,5.4,5.4,11.0,84,3.02,0.498,0.501,0.489,26.5,25.8,22.71792,75.8333,ERA5,Asia/Kolkata,Open-Meteo Historical Weather API
MP-Indore,2015-08-11,25.9,28.2,24.1,2.4,2.4,10.0,85,3.16,0.486,0.493,0.489,26.7,26.2,22.71792,75.8333,ERA5,Asia/Kolkata,Open-Meteo Historical Weather API
MP-Indore,2015-08-12,24.6,26.3,23.7,51.5,51.5,17.0,92,1.57,0.5,0.5,0.493,25.5,25.9,22.71792,75.8333,ERA5,Asia/Kolkata,Open-Meteo Historical Weather API
MP-Indore,2015-08-13,24.5,25.7,23.7,6.5,6.5,17.0,93,1.41,0.505,0.505,0.507,25.3,25.3,22.71792,75.8333,ERA5,Asia/Kolkata,Open-Meteo Historical Weather API
MP-Indore,2015-08-14,25.2,27.2,23.7,5.8,5.8,12.0,88,2.21,0.501,0.503,0.505,25.6,25.2,22.71792,75.8333,ERA5,Asia/Kolkata,Open-Meteo Historical Weather API
MP-Indore,2015-08-15,25.8,28.6,23.9,5.0,5.0,6.0,87,2.61,0.491,0.499,0.503,26.1,25.5,22.71792,75.8333,ERA5,Asia/Kolkata,Open-Meteo Historical Weather API
MP-Indore,2015-08-16,25.1,27.0,23.4,16.6,16.6,10.0,91,2.1,0.496,0.507,0.503,25.6,25.7,22.71792,75.8333,ERA5,Asia/Kolkata,Open-Meteo Historical Weather API
MP-Indore,2015-08-17,25.2,28.2,23.3,6.5,6.5,14.0,91,2.26,0.498,0.505,0.506,25.7,25.6,22.71792,75.8333,ERA5,Asia/Kolkata,Open-Meteo Historical Weather API
MP-Indore,2015-08-18,25.1,27.3,23.5,3.7,3.7,9.0,91,1.41,0.499,0.507,0.505,25.5,25.5,22.71792,75.8333,ERA5,Asia/Kolkata,Open-Meteo Historical Weather API
MP-Indore,2015-08-19,26.4,29.6,23.5,0.5,0.5,3.0,82,3.15,0.486,0.497,0.503,26.1,25.4,22.71792,75.8333,ERA5,Asia/Kolkata,Open-Meteo Historical Weather API
MP-Indore,2015-08-20,26.2,29.9,23.1,0.7,0.7,4.0,79,4.3,0.472,0.483,0.5,26.3,25.8,22.71792,75.8333,ERA5,Asia/Kolkata,Open-Meteo Historical Weather API
MP-Indore,2015-08-21,25.9,29.2,23.3,0.8,0.8,4.0,80,3.47,0.463,0.472,0.496,26.1,25.9,22.71792,75.8333,ERA5,Asia/Kolkata,Open-Meteo Historical Weather API
MP-Indore,2015-08-22,25.8,29.5,23.5,0.0,0.0,0.0,79,4.01,0.45,0.462,0.493,26.3,25.9,22.71792,75.8333,ERA5,Asia/Kolkata,Open-Meteo Historical Weather API
MP-Indore,2015-08-23,25.9,29.9,22.2,0.6,0.6,4.0,79,3.78,0.439,0.453,0.489,26.0,25.7,22.71792,75.8333,ERA5,Asia/Kolkata,Open-Meteo Historical Weather API
MP-Indore,2015-08-24,26.4,30.7,22.6,1.1,1.1,6.0,79,3.96,0.435,0.446,0.486,26.3,25.8,22.71792,75.8333,ERA5,Asia/Kolkata,Open-Meteo Historical Weather API
MP-Indore,2015-08-25,26.5,30.6,22.7,1.0,1.0,8.0,80,3.78,0.432,0.44,0.483,26.5,25.9,22.71792,75.8333,ERA5,Asia/Kolkata,Open-Meteo Historical Weather API
MP-Indore,2015-08-26,26.9,30.6,23.3,1.0,1.0,4.0,78,4.39,0.427,0.434,0.481,27.1,26.2,22.71792,75.8333,ERA5,Asia/Kolkata,Open-Meteo Historical Weather API
MP-Indore,2015-08-27,27.1,31.2,23.4,0.0,0.0,0.0,77,3.63,0.416,0.428,0.478,27.1,26.4,22.71792,75.8333,ERA5,Asia/Kolkata,Open-Meteo Historical Weather API
MP-Indore,2015-08-28,26.7,29.8,24.3,0.0,0.0,0.0,79,3.25,0.404,0.422,0.475,27.1,26.5,22.71792,75.8333,ERA5,Asia/Kolkata,Open-Meteo Historical Weather API
MP-Indore,2015-08-29,26.2,30.2,24.3,12.7,12.7,8.0,83,3.24,0.423,0.424,0.472,26.7,26.5,22.71792,75.8333,ERA5,Asia/Kolkata,Open-Meteo Historical Weather API
MP-Indore,2015-08-30,25.7,28.7,23.4,4.5,4.5,7.0,88,2.47,0.456,0.444,0.471,26.3,26.2,22.71792,75.8333,ERA5,Asia/Kolkata,Open-Meteo Historical Weather API
MP-Indore,2015-08-31,25.4,28.6,23.7,5.5,5.5,8.0,88,2.32,0.463,0.453,0.47,25.8,25.9,22.71792,75.8333,ERA5,Asia/Kolkata,Open-Meteo Historical Weather API
MP-Indore,2015-09-01,25.4,27.9,23.2,2.3,2.3,7.0,83,3.11,0.466,0.453,0.469,26.0,25.7,22.71792,75.8333,ERA5,Asia/Kolkata,Open-Meteo Historical Weather API
MP-Indore,2015-09-02,25.5,29.2,22.3,0.7,0.7,6.0,81,3.96,0.456,0.45,0.468,26.2,25.7,22.71792,75.8333,ERA5,Asia/Kolkata,Open-Meteo Historical Weather API
MP-Indore,2015-09-03,25.9,30.2,22.4,0.2,0.2,2.0,77,4.63,0.44,0.442,0.466,26.8,25.9,22.71792,75.8333,ERA5,Asia/Kolkata,Open-Meteo Historical Weather API
MP-Indore,2015-09-04,26.3,30.9,21.9,0.2,0.2,1.0,77,4.45,0.425,0.435,0.464,27.2,26.3,22.71792,75.8333,ERA5,Asia/Kolkata,Open-Meteo Historical Weather API
MP-Indore,2015-09-05,27.5,32.1,23.4,0.5,0.5,2.0,74,4.69,0.414,0.426,0.462,27.8,26.7,22.71792,75.8333,ERA5,Asia/Kolkata,Open-Meteo Historical Weather API
MP-Indore,2015-09-06,26.9,30.9,23.6,0.6,0.6,2.0,78,4.63,0.404,0.418,0.46,27.8,27.0,22.71792,75.8333,ERA5,Asia/Kolkata,Open-Meteo Historical Weather API
MP-Indore,2015-09-07,26.5,31.0,22.9,0.0,0.0,0.0,72,4.94,0.392,0.409,0.457,27.4,26.8,22.71792,75.8333,ERA5,Asia/Kolkata,Open-Meteo Historical Weather API
MP-Indore,2015-09-08,26.6,31.0,22.7,0.9,0.9,2.0,76,4.73,0.379,0.4,0.454,27.5,26.7,22.71792,75.8333,ERA5,Asia/Kolkata,Open-Meteo Historical Weather API
MP-Indore,2015-09-09,27.2,31.7,23.4,1.1,1.1,2.0,75,4.5,0.372,0.391,0.45,27.8,27.0,22.71792,75.8333,ERA5,Asia/Kolkata,Open-Meteo Historical Weather API
MP-Indore,2015-09-10,27.7,32.7,23.9,0.6,0.6,2.0,75,4.51,0.367,0.384,0.446,28.3,27.3,22.71792,75.8333,ERA5,Asia/Kolkata,Open-Meteo Historical Weather API
MP-Indore,2015-09-11,27.7,32.7,23.8,0.8,0.8,2.0,73,4.58,0.354,0.376,0.442,28.1,27.4,22.71792,75.8333,ERA5,Asia/Kolkata,Open-Meteo Historical Weather API
MP-Indore,2015-09-12,28.3,33.0,23.4,0.0,0.0,0.0,67,4.75,0.342,0.37,0.438,28.0,27.5,22.71792,75.8333,ERA5,Asia/Kolkata,Open-Meteo Historical Weather API
MP-Indore,2015-09-13,27.8,33.6,24.2,2.1,2.1,2.0,70,5.08,0.332,0.363,0.434,28.2,27.7,22.71792,75.8333,ERA5,Asia/Kolkata,Open-Meteo Historical Weather API
MP-Indore,2015-09-14,27.7,33.6,24.3,0.8,0.8,2.0,73,4.61,0.326,0.357,0.43,28.3,27.9,22.71792,75.8333,ERA5,Asia/Kolkata,Open-Meteo Historical Weather API
MP-Indore,2015-09-15,27.5,33.3,24.8,2.3,2.3,2.0,75,4.71,0.333,0.351,0.425,28.3,28.1,22.71792,75.8333,ERA5,Asia/Kolkata,Open-Meteo Historical Weather API
MP-Indore,2015-09-16,28.2,32.9,24.7,0.0,0.0,0.0,71,4.81,0.347,0.346,0.422,28.5,28.1,22.71792,75.8333,ERA5,Asia/Kolkata,Open-Meteo Historical Weather API
MP-Indore,2015-09-17,27.3,32.2,24.6,2.6,2.6,6.0,76,3.87,0.342,0.343,0.419,27.8,27.9,22.71792,75.8333,ERA5,Asia/Kolkata,Open-Meteo Historical Weather API
MP-Indore,2015-09-18,25.1,27.8,23.6,15.9,15.9,17.0,89,2.2,0.44,0.363,0.417,26.2,27.0,22.71792,75.8333,ERA5,Asia/Kolkata,Open-Meteo Historical Weather API
MP-Indore,2015-09-19,24.2,26.1,22.9,0.6,0.6,3.0,87,1.66,0.44,0.382,0.418,25.1,26.1,22.71792,75.8333,ERA5,Asia/Kolkata,Open-Meteo Historical Weather API
MP-Indore,2015-09-20,25.2,28.4,22.7,1.0,1.0,5.0,79,3.66,0.423,0.383,0.416,25.8,25.8,22.71792,75.8333,ERA5,Asia/Kolkata,Open-Meteo Historical Weather API
MP-Indore,2015-09-21,25.8,29.6,22.5,0.6,0.6,5.0,80,3.48,0.411,0.38,0.414,26.3,26.0,22.71792,75.8333,ERA5,Asia/Kolkata,Open-Meteo Historical Weather API
MP-Indore,2015-09-22,26.0,30.0,23.1,9.5,9.5,12.0,81,3.38,0.444,0.383,0.412,26.4,26.1,22.71792,75.8333,ERA5,Asia/Kolkata,Open-Meteo Historical Weather API
MP-Indore,2015-09-23,25.6,29.8,22.4,0.0,0.0,0.0,78,3.82,0.428,0.387,0.41,26.3,26.0,22.71792,75.8333,ERA5,Asia/Kolkata,Open-Meteo Historical Weather API
MP-Indore,2015-09-24,25.7,30.4,22.1,0.0,0.0,0.0,75,4.6,0.4,0.38,0.407,26.7,26.0,22.71792,75.8333,ERA5,Asia/Kolkata,Open-Meteo Historical Weather API
MP-Indore,2015-09-25,24.9,30.1,20.6,0.0,0.0,0.0,72,4.97,0.374,0.371,0.402,26.2,25.8,22.71792,75.8333,ERA5,Asia/Kolkata,Open-Meteo Historical Weather API
MP-Indore,2015-09-26,25.0,30.5,20.2,0.0,0.0,0.0,72,4.91,0.354,0.362,0.398,26.1,25.6,22.71792,75.8333,ERA5,Asia/Kolkata,Open-Meteo Historical Weather API
MP-Indore,2015-09-27,25.9,31.8,20.6,0.0,0.0,0.0,69,4.93,0.337,0.353,0.393,26.8,25.9,22.71792,75.8333,ERA5,Asia/Kolkata,Open-Meteo Historical Weather API
MP-Indore,2015-09-28,26.6,32.7,21.9,0.0,0.0,0.0,68,4.33,0.323,0.345,0.389,27.1,26.4,22.71792,75.8333,ERA5,Asia/Kolkata,Open-Meteo Historical Weather API
MP-Indore,2015-09-29,27.3,33.4,22.1,0.0,0.0,0.0,63,4.6,0.312,0.337,0.384,27.4,26.7,22.71792,75.8333,ERA5,Asia/Kolkata,Open-Meteo Historical Weather API
MP-Indore,2015-09-30,27.7,34.1,22.6,0.0,0.0,0.0,55,5.61,0.302,0.329,0.38,27.9,27.2,22.71792,75.8333,ERA5,Asia/Kolkata,Open-Meteo Historical Weather API
MP-Indore,2015-10-01,27.3,33.8,21.0,0.0,0.0,0.0,53,5.47,0.292,0.321,0.377,27.7,27.1,22.71792,75.8333,ERA5,Asia/Kolkata,Open-Meteo Historical Weather API
MP-Indore,2015-10-02,28.3,34.3,23.2,0.0,0.0,0.0,59,4.78,0.286,0.316,0.373,28.5,27.6,22.71792,75.8333,ERA5,Asia/Kolkata,Open-Meteo Historical Weather API
MP-Indore,2015-10-03,28.2,34.9,22.7,0.0,0.0,0.0,52,5.88,0.278,0.31,0.368,28.7,28.2,22.71792,75.8333,ERA5,Asia/Kolkata,Open-Meteo Historical Weather API
MP-Indore,2015-10-04,27.9,34.9,22.5,0.0,0.0,0.0,61,5.02,0.272,0.306,0.367,28.9,28.3,22.71792,75.8333,ERA5,Asia/Kolkata,Open-Meteo Historical Weather API
MP-Indore,2015-10-05,28.3,34.7,23.1,0.0,0.0,0.0,56,5.18,0.27,0.303,0.366,29.0,28.5,22.71792,75.8333,ERA5,Asia/Kolkata,Open-Meteo Historical Weather API
MP-Indore,2015-10-06,28.4,35.2,22.2,0.0,0.0,0.0,51,5.05,0.265,0.301,0.362,28.9,28.5,22.71792,75.8333,ERA5,Asia/Kolkata,Open-Meteo Historical Weather API
MP-Indore,2015-10-07,28.4,34.9,23.2,0.0,0.0,0.0,51,4.5,0.263,0.299,0.359,29.1,28.7,22.71792,75.8333,ERA5,Asia/Kolkata,Open-Meteo Historical Weather API
MP-Indore,2015-10-08,28.3,34.7,21.7,0.0,0.0,0.0,49,5.27,0.26,0.296,0.357,28.9,28.7,22.71792,75.8333,ERA5,Asia/Kolkata,Open-Meteo Historical Weather API
MP-Indore,2015-10-09,28.7,35.6,23.0,0.0,0.0,0.0,40,5.59,0.259,0.294,0.355,28.9,28.8,22.71792,75.8333,ERA5,Asia/Kolkata,Open-Meteo Historical Weather API
MP-Indore,2015-10-10,28.0,34.6,22.0,0.0,0.0,0.0,48,5.7,0.256,0.29,0.351,29.0,28.8,22.71792,75.8333,ERA5,Asia/Kolkata,Open-Meteo Historical Weather API
MP-Indore,2015-10-11,27.7,34.1,21.7,0.0,0.0,0.0,54,4.99,0.253,0.288,0.349,29.1,28.8,22.71792,75.8333,ERA5,Asia/Kolkata,Open-Meteo Historical Weather API
MP-Indore,2015-10-12,28.2,35.2,22.3,0.0,0.0,0.0,52,4.95,0.254,0.287,0.347,29.3,29.0,22.71792,75.8333,ERA5,Asia/Kolkata,Open-Meteo Historical Weather API
MP-Indore,2015-10-13,28.0,35.5,22.1,0.0,0.0,0.0,49,5.11,0.252,0.286,0.345,29.1,29.0,22.71792,75.8333,ERA5,Asia/Kolkata,Open-Meteo Historical Weather API
MP-Indore,2015-10-14,28.4,35.7,21.9,0.0,0.0,0.0,43,5.67,0.254,0.287,0.346,29.2,29.1,22.71792,75.8333,ERA5,Asia/Kolkata,Open-Meteo Historical Weather API
MP-Indore,2015-10-15,28.2,34.6,22.2,0.0,0.0,0.0,45,5.84,0.255,0.289,0.348,29.2,29.0,22.71792,75.8333,ERA5,Asia/Kolkata,Open-Meteo Historical Weather API
MP-Indore,2015-10-16,28.1,33.7,23.1,0.0,0.0,0.0,52,5.19,0.258,0.291,0.348,29.1,29.1,22.71792,75.8333,ERA5,Asia/Kolkata,Open-Meteo Historical Weather API
MP-Indore,2015-10-17,27.9,34.2,21.6,0.0,0.0,0.0,50,5.07,0.263,0.292,0.348,28.8,28.8,22.71792,75.8333,ERA5,Asia/Kolkata,Open-Meteo Historical Weather API
MP-Indore,2015-10-18,28.3,34.9,21.7,0.0,0.0,0.0,48,4.49,0.261,0.29,0.347,28.9,28.8,22.71792,75.8333,ERA5,Asia/Kolkata,Open-Meteo Historical Weather API
MP-Indore,2015-10-19,28.5,34.8,22.6,0.0,0.0,0.0,48,4.34,0.261,0.289,0.347,29.0,29.0,22.71792,75.8333,ERA5,Asia/Kolkata,Open-Meteo Historical Weather API
MP-Indore,2015-10-20,28.3,34.5,22.7,0.0,0.0,0.0,49,4.65,0.258,0.287,0.346,28.8,29.0,22.71792,75.8333,ERA5,Asia/Kolkata,Open-Meteo Historical Weather API
MP-Indore,2015-10-21,27.6,33.4,22.3,0.0,0.0,0.0,51,4.38,0.261,0.286,0.345,28.8,28.8,22.71792,75.8333,ERA5,Asia/Kolkata,Open-Meteo Historical Weather API
MP-Indore,2015-10-22,27.3,33.5,22.7,0.0,0.0,0.0,49,4.5,0.263,0.287,0.345,28.5,28.7,22.71792,75.8333,ERA5,Asia/Kolkata,Open-Meteo Historical Weather API
MP-Indore,2015-10-23,27.3,34.8,21.4,0.0,0.0,0.0,51,4.65,0.261,0.286,0.343,28.5,28.5,22.71792,75.8333,ERA5,Asia/Kolkata,Open-Meteo Historical Weather API
MP-Indore,2015-10-24,26.9,34.6,20.5,0.0,0.0,0.0,47,4.82,0.262,0.284,0.341,28.4,28.4,22.71792,75.8333,ERA5,Asia/Kolkata,Open-Meteo Historical Weather API
MP-Indore,2015-10-25,27.3,34.0,22.6,0.0,0.0,0.0,48,4.17,0.259,0.283,0.339,28.3,28.4,22.71792,75.8333,ERA5,Asia/Kolkata,Open-Meteo Historical Weather API
MP-Indore,2015-10-26,25.6,29.3,22.9,0.1,0.1,1.0,65,3.52,0.261,0.285,0.34,28.0,28.4,22.71792,75.8333,ERA5,Asia/Kolkata,Open-Meteo Historical Weather API
MP-Indore,2015-10-27,23.7,29.0,20.5,14.7,14.7,13.0,77,3.23,0.347,0.29,0.343,26.9,27.6,22.71792,75.8333,ERA5,Asia/Kolkata,Open-Meteo Historical Weather API
MP-Indore,2015-10-28,23.9,30.3,19.7,1.8,1.8,5.0,73,3.75,0.418,0.298,0.342,26.0,26.7,22.71792,75.8333,ERA5,Asia/Kolkata,Open-Meteo Historical Weather API
MP-Indore,2015-10-29,21.7,27.2,18.0,0.0,0.0,0.0,69,4.19,0.39,0.306,0.344,24.6,25.8,22.71792,75.8333,ERA5,Asia/Kolkata,Open-Meteo Historical Weather API
MP-Indore,2015-10-30,21.1,26.6,16.0,0.0,0.0,0.0,71,3.99,0.369,0.312,0.349,23.6,24.9,22.71792,75.8333,ERA5,Asia/Kolkata,Open-Meteo Historical Weather API
MP-Indore,2015-10-31,21.6,26.9,16.8,0.0,0.0,0.0,65,4.07,0.351,0.314,0.351,23.6,24.4,22.71792,75.8333,ERA5,Asia/Kolkata,Open-Meteo Historical Weather API
MP-Indore,2015-11-01,23.2,29.0,18.1,0.0,0.0,0.0,69,3.66,0.336,0.311,0.35,24.2,24.5,22.71792,75.8333,ERA5,Asia/Kolkata,Open-Meteo Historical Weather API
MP-Indore,2015-11-02,24.6,30.2,19.7,0.0,0.0,0.0,63,3.89,0.322,0.307,0.347,25.1,25.1,22.71792,75.8333,ERA5,Asia/Kolkata,Open-Meteo Historical Weather API
MP-Indore,2015-11-03,25.1,30.9,20.1,0.0,0.0,0.0,60,3.81,0.311,0.302,0.344,25.7,25.6,22.71792,75.8333,ERA5,Asia/Kolkata,Open-Meteo Historical Weather API
MP-Indore,2015-11-04,25.3,31.5,19.2,0.0,0.0,0.0,59,3.46,0.301,0.3,0.343,26.1,25.9,22.71792,75.8333,ERA5,Asia/Kolkata,Open-Meteo Historical Weather API
MP-Indore,2015-11-05,25.5,31.4,20.8,0.0,0.0,0.0,59,3.35,0.298,0.298,0.342,25.8,26.1,22.71792,75.8333,ERA5,Asia/Kolkata,Open-Meteo Historical Weather API
MP-Indore,2015-11-06,24.6,31.8,18.5,0.0,0.0,0.0,54,4.24,0.292,0.296,0.341,25.8,25.9,22.71792,75.8333,ERA5,Asia/Kolkata,Open-Meteo Historical Weather API
MP-Indore,2015-11-07,24.6,32.0,18.4,0.0,0.0,0.0,55,4.06,0.287,0.293,0.339,25.6,25.8,22.71792,75.8333,ERA5,Asia/Kolkata,Open-Meteo Historical Weather API
MP-Indore,2015-11-08,24.8,30.4,20.7,0.0,0.0,0.0,59,3.13,0.285,0.294,0.339,25.0,25.7,22.71792,75.8333,ERA5,Asia/Kolkata,Open-Meteo Historical Weather API
MP-Indore,2015-11-09,24.7,29.9,21.2,0.2,0.2,1.0,63,3.05,0.286,0.296,0.341,25.2,25.5,22.71792,75.8333,ERA5,Asia/Kolkata,Open-Meteo Historical Weather API
MP-Indore,2015-11-10,24.6,31.2,19.2,0.0,0.0,0.0,62,3.76,0.289,0.296,0.342,25.6,25.6,22.71792,75.8333,ERA5,Asia/Kolkata,Open-Meteo Historical Weather API
MP-Indore,2015-11-11,25.1,31.5,20.1,0.0,0.0,0.0,58,3.89,0.287,0.299,0.344,25.9,25.9,22.71792,75.8333,ERA5,Asia/Kolkata,Open-Meteo Historical Weather API
MP-Indore,2015-11-12,25.3,30.9,20.7,0.0,0.0,0.0,57,3.7,0.287,0.3,0.344,25.7,26.0,22.71792,75.8333,ERA5,Asia/Kolkata,Open-Meteo Historical Weather API
MP-Indore,2015-11-13,25.2,31.3,20.4,0.0,0.0,0.0,55,3.66,0.283,0.3,0.345,25.4,25.8,22.71792,75.8333,ERA5,Asia/Kolkata,Open-Meteo Historical Weather API
MP-Indore,2015-11-14,24.5,31.5,19.1,0.0,0.0,0.0,58,4.01,0.282,0.3,0.346,25.6,25.9,22.71792,75.8333,ERA5,Asia/Kolkata,Open-Meteo Historical Weather API
MP-Indore,2015-11-15,24.9,31.5,18.8,0.0,0.0,0.0,57,3.85,0.286,0.301,0.348,25.7,26.0,22.71792,75.8333,ERA5,Asia/Kolkata,Open-Meteo Historical Weather API
MP-Indore,2015-11-16,24.3,31.0,18.2,0.0,0.0,0.0,56,3.87,0.286,0.303,0.35,25.2,25.7,22.71792,75.8333,ERA5,Asia/Kolkata,Open-Meteo Historical Weather API
MP-Indore,2015-11-17,23.3,30.1,17.3,0.0,0.0,0.0,52,4.25,0.29,0.305,0.352,24.6,25.3,22.71792,75.8333,ERA5,Asia/Kolkata,Open-Meteo Historical Weather API
MP-Indore,2015-11-18,22.7,29.1,18.0,0.0,0.0,0.0,52,4.52,0.285,0.304,0.351,24.1,24.9,22.71792,75.8333,ERA5,Asia/Kolkata,Open-Meteo Historical Weather API
MP-Indore,2015-11-19,22.2,28.8,17.2,0.0,0.0,0.0,50,4.5,0.283,0.302,0.35,23.6,24.4,22.71792,75.8333,ERA5,Asia/Kolkata,Open-Meteo Historical Weather API
MP-Indore,2015-11-20,21.7,28.6,16.7,0.0,0.0,0.0,54,4.38,0.28,0.3,0.349,23.1,24.0,22.71792,75.8333,ERA5,Asia/Kolkata,Open-Meteo Historical Weather API
MP-Indore,2015-11-21,22.1,29.0,15.9,0.0,0.0,0.0,53,4.07,0.277,0.298,0.347,23.1,23.8,22.71792,75.8333,ERA5,Asia/Kolkata,Open-Meteo Historical Weather API
MP-Indore,2015-11-22,22.6,28.2,17.0,0.0,0.0,0.0,53,3.23,0.277,0.297,0.347,22.9,23.6,22.71792,75.8333,ERA5,Asia/Kolkata,Open-Meteo Historical Weather API
MP-Indore,2015-11-23,23.3,27.0,19.7,0.0,0.0,0.0,60,2.49,0.277,0.297,0.347,24.0,24.1,22.71792,75.8333,ERA5,Asia/Kolkata,Open-Meteo Historical Weather API
MP-Indore,2015-11-24,24.2,29.9,21.1,0.0,0.0,0.0,62,3.05,0.282,0.295,0.345,24.8,24.8,22.71792,75.8333,ERA5,Asia/Kolkata,Open-Meteo Historical Weather API
MP-Indore,2015-11-25,23.6,30.2,19.6,0.0,0.0,0.0,52,4.2,0.279,0.295,0.344,24.8,25.0,22.71792,75.8333,ERA5,Asia/Kolkata,Open-Meteo Historical Weather API
MP-Indore,2015-11-26,23.8,30.8,18.0,0.0,0.0,0.0,53,3.86,0.277,0.296,0.345,24.6,25.0,22.71792,75.8333,ERA5,Asia/Kolkata,Open-Meteo Historical Weather API
MP-Indore,2015-11-27,21.9,28.3,17.4,0.0,0.0,0.0,57,3.78,0.28,0.297,0.346,24.0,25.0,22.71792,75.8333,ERA5,Asia/Kolkata,Open-Meteo Historical Weather API
MP-Indore,2015-11-28,20.1,25.5,15.8,0.0,0.0,0.0,45,3.18,0.284,0.302,0.35,22.0,23.8,22.71792,75.8333,ERA5,Asia/Kolkata,Open-Meteo Historical Weather API
MP-Indore,2015-11-29,22.7,29.5,16.9,0.9,0.9,2.0,55,3.57,0.289,0.303,0.351,23.0,23.6,22.71792,75.8333,ERA5,Asia/Kolkata,Open-Meteo Historical Weather API
MP-Indore,2015-11-30,24.0,30.6,18.9,1.1,1.1,5.0,66,3.47,0.299,0.301,0.35,24.6,24.5,22.71792,75.8333,ERA5,Asia/Kolkata,Open-Meteo Historical Weather API
MP-Indore,2015-12-01,24.1,30.3,19.6,0.1,0.1,1.0,64,3.51,0.299,0.298,0.349,24.9,24.9,22.71792,75.8333,ERA5,Asia/Kolkata,Open-Meteo Historical Weather API
MP-Indore,2015-12-02,23.4,29.3,18.9,0.0,0.0,0.0,64,3.03,0.298,0.298,0.349,24.2,24.8,22.71792,75.8333,ERA5,Asia/Kolkata,Open-Meteo Historical Weather API
MP-Indore,2015-12-03,21.1,27.6,17.1,0.0,0.0,0.0,62,3.75,0.298,0.303,0.352,23.1,24.2,22.71792,75.8333,ERA5,Asia/Kolkata,Open-Meteo Historical Weather API
MP-Indore,2015-12-04,19.9,27.7,14.4,0.0,0.0,0.0,58,3.59,0.297,0.305,0.355,22.0,23.1,22.71792,75.8333,ERA5,Asia/Kolkata,Open-Meteo Historical Weather API
MP-Indore,2015-12-05,20.3,28.5,13.8,0.0,0.0,0.0,55,3.79,0.293,0.305,0.355,21.5,22.4,22.71792,75.8333,ERA5,Asia/Kolkata,Open-Meteo Historical Weather API
MP-Indore,2015-12-06,20.5,29.2,13.9,0.0,0.0,0.0,49,3.95,0.29,0.304,0.355,21.3,22.1,22.71792,75.8333,ERA5,Asia/Kolkata,Open-Meteo Historical Weather API
MP-Indore,2015-12-07,20.2,28.8,13.0,0.0,0.0,0.0,50,3.91,0.287,0.305,0.355,20.8,21.8,22.71792,75.8333,ERA5,Asia/Kolkata,Open-Meteo Historical Weather API
MP-Indore,2015-12-08,21.0,29.4,13.0,0.0,0.0,0.0,49,3.95,0.284,0.305,0.356,21.1,21.7,22.71792,75.8333,ERA5,Asia/Kolkata,Open-Meteo Historical Weather API
MP-Indore,2015-12-09,21.9,29.2,16.4,0.0,0.0,0.0,48,4.23,0.282,0.303,0.354,21.0,21.6,22.71792,75.8333,ERA5,Asia/Kolkata,Open-Meteo Historical Weather API
MP-Indore,2015-12-10,22.5,28.7,17.7,0.0,0.0,0.0,54,3.94,0.277,0.298,0.35,22.4,22.2,22.71792,75.8333,ERA5,Asia/Kolkata,Open-Meteo Historical Weather API
MP-Indore,2015-12-11,20.8,26.6,15.6,0.0,0.0,0.0,58,3.66,0.278,0.298,0.35,22.5,22.9,22.71792,75.8333,ERA5,Asia/Kolkata,Open-Meteo Historical Weather API
MP-Indore,2015-12-12,17.4,24.6,12.2,0.0,0.0,0.0,49,3.68,0.277,0.299,0.351,19.9,21.6,22.71792,75.8333,ERA5,Asia/Kolkata,Open-Meteo Historical Weather API
MP-Indore,2015-12-13,17.2,24.9,11.2,0.0,0.0,0.0,46,3.85,0.276,0.3,0.352,19.1,20.5,22.71792,75.8333,ERA5,Asia/Kolkata,Open-Meteo Historical Weather API
MP-Indore,2015-12-14,16.7,23.6,11.8,0.0,0.0,0.0,48,3.93,0.277,0.302,0.354,18.7,20.1,22.71792,75.8333,ERA5,Asia/Kolkata,Open-Meteo Historical Weather API
MP-Indore,2015-12-15,15.7,23.3,9.4,0.0,0.0,0.0,45,3.81,0.277,0.303,0.356,17.7,19.4,22.71792,75.8333,ERA5,Asia/Kolkata,Open-Meteo Historical Weather API
MP-Indore,2015-12-16,17.5,25.4,10.3,0.0,0.0,0.0,51,3.46,0.278,0.304,0.357,18.1,19.2,22.71792,75.8333,ERA5,Asia/Kolkata,Open-Meteo Historical Weather API
MP-Indore,2015-12-17,18.3,25.2,12.5,0.0,0.0,0.0,53,3.68,0.277,0.306,0.358,18.5,19.5,22.71792,75.8333,ERA5,Asia/Kolkata,Open-Meteo Historical Weather API
MP-Indore,2015-12-18,16.5,23.5,11.2,0.0,0.0,0.0,47,3.91,0.276,0.305,0.358,18.0,19.4,22.71792,75.8333,ERA5,Asia/Kolkata,Open-Meteo Historical Weather API
MP-Indore,2015-12-19,16.8,25.1,10.0,0.0,0.0,0.0,52,3.63,0.276,0.306,0.359,17.9,18.9,22.71792,75.8333,ERA5,Asia/Kolkata,Open-Meteo Historical Weather API
MP-Indore,2015-12-20,18.9,27.0,12.6,0.0,0.0,0.0,56,3.62,0.274,0.305,0.359,19.5,19.7,22.71792,75.8333,ERA5,Asia/Kolkata,Open-Meteo Historical Weather API
MP-Indore,2015-12-21,16.8,23.4,11.8,0.0,0.0,0.0,56,3.48,0.273,0.303,0.358,18.7,19.8,22.71792,75.8333,ERA5,Asia/Kolkata,Open-Meteo Historical Weather API
MP-Indore,2015-12-22,16.4,23.0,11.0,0.0,0.0,0.0,55,3.48,0.273,0.305,0.36,18.1,19.4,22.71792,75.8333,ERA5,Asia/Kolkata,Open-Meteo Historical Weather API
MP-Indore,2015-12-23,15.5,22.4,10.3,0.0,0.0,0.0,51,3.5,0.275,0.308,0.362,17.4,19.0,22.71792,75.8333,ERA5,Asia/Kolkata,Open-Meteo Historical Weather API
MP-Indore,2015-12-24,14.6,21.4,9.1,0.0,0.0,0.0,50,3.57,0.277,0.309,0.363,16.5,18.4,22.71792,75.8333,ERA5,Asia/Kolkata,Open-Meteo Historical Weather API
MP-Indore,2015-12-25,14.2,21.2,9.3,0.0,0.0,0.0,52,3.47,0.277,0.31,0.364,16.2,17.8,22.71792,75.8333,ERA5,Asia/Kolkata,Open-Meteo Historical Weather API
MP-Indore,2015-12-26,15.2,23.1,8.6,0.0,0.0,0.0,48,3.62,0.278,0.311,0.365,16.4,17.6,22.71792,75.8333,ERA5,Asia/Kolkata,Open-Meteo Historical Weather API
MP-Indore,2015-12-27,17.4,26.5,10.3,0.0,0.0,0.0,46,3.84,0.278,0.312,0.366,17.4,17.8,22.71792,75.8333,ERA5,Asia/Kolkata,Open-Meteo Historical Weather API
MP-Indore,2015-12-28,19.4,28.7,11.5,0.0,0.0,0.0,46,3.97,0.276,0.309,0.365,18.8,18.8,22.71792,75.8333,ERA5,Asia/Kolkata,Open-Meteo Historical Weather API
MP-Indore,2015-12-29,21.0,30.1,12.1,0.0,0.0,0.0,50,3.56,0.275,0.31,0.366,19.8,19.6,22.71792,75.8333,ERA5,Asia/Kolkata,Open-Meteo Historical Weather API
MP-Indore,2015-12-30,22.0,30.0,14.8,0.0,0.0,0.0,53,3.94,0.273,0.311,0.367,20.8,20.5,22.71792,75.8333,ERA5,Asia/Kolkata,Open-Meteo Historical Weather API
MP-Indore,2015-12-31,22.6,29.8,16.0,0.0,0.0,0.0,51,3.74,0.268,0.308,0.365,21.1,20.9,22.71792,75.8333,ERA5,Asia/Kolkata,Open-Meteo Historical Weather API
MP-Indore,2016-01-01,20.2,28.7,13.0,0.0,0.0,0.0,58,3.78,0.266,0.306,0.364,20.8,21.0,22.71792,75.8333,ERA5,Asia/Kolkata,Open-Meteo Historical Weather API
MP-Indore,2016-01-02,19.6,27.4,13.3,0.0,0.0,0.0,58,3.58,0.264,0.305,0.363,20.3,20.7,22.71792,75.8333,ERA5,Asia/Kolkata,Open-Meteo Historical Weather API
MP-Indore,2016-01-03,19.2,26.2,13.6,0.0,0.0,0.0,58,3.55,0.265,0.306,0.363,20.2,20.8,22.71792,75.8333,ERA5,Asia/Kolkata,Open-Meteo Historical Weather API
MP-Indore,2016-01-04,19.5,27.4,13.1,0.0,0.0,0.0,54,3.64,0.266,0.308,0.365,19.7,20.4,22.71792,75.8333,ERA5,Asia/Kolkata,Open-Meteo Historical Weather API
MP-Indore,2016-01-05,19.9,27.3,12.4,0.0,0.0,0.0,53,3.52,0.266,0.309,0.366,19.3,20.1,22.71792,75.8333,ERA5,Asia/Kolkata,Open-Meteo Historical Weather API
MP-Indore,2016-01-06,20.7,27.7,15.6,0.0,0.0,0.0,54,3.66,0.266,0.309,0.366,19.6,20.0,22.71792,75.8333,ERA5,Asia/Kolkata,Open-Meteo Historical Weather API
MP-Indore,2016-01-07,20.0,27.5,12.5,0.0,0.0,0.0,58,3.39,0.267,0.309,0.367,19.4,20.1,22.71792,75.8333,ERA5,Asia/Kolkata,Open-Meteo Historical Weather API
MP-Indore,2016-01-08,20.4,27.3,15.1,0.0,0.0,0.0,57,3.35,0.268,0.31,0.368,19.8,20.2,22.71792,75.8333,ERA5,Asia/Kolkata,Open-Meteo Historical Weather API
MP-Indore,2016-01-09,18.5,26.0,12.9,0.0,0.0,0.0,59,3.49,0.268,0.31,0.368,19.6,20.2,22.71792,75.8333,ERA5,Asia/Kolkata,Open-Meteo Historical Weather API
MP-Indore,2016-01-10,19.4,27.2,12.1,0.0,0.0,0.0,56,3.5,0.269,0.311,0.368,19.4,19.9,22.71792,75.8333,ERA5,Asia/Kolkata,Open-Meteo Historical Weather API
MP-Indore,2016-01-11,20.2,26.9,12.8,0.0,0.0,0.0,55,3.39,0.269,0.31,0.368,19.9,20.0,22.71792,75.8333,ERA5,Asia/Kolkata,Open-Meteo Historical Weather API
MP-Indore,2016-01-12,20.0,27.3,13.8,0.0,0.0,0.0,58,3.51,0.271,0.309,0.368,20.0,20.5,22.71792,75.8333,ERA5,Asia/Kolkata,Open-Meteo Historical Weather API
MP-Indore,2016-01-13,19.6,26.5,14.2,0.0,0.0,0.0,61,3.2,0.27,0.31,0.369,20.2,20.5,22.71792,75.8333,ERA5,Asia/Kolkata,Open-Meteo Historical Weather API
MP-Indore,2016-01-14,19.5,27.0,12.6,0.0,0.0,0.0,63,3.58,0.27,0.312,0.371,20.0,20.5,22.71792,75.8333,ERA5,Asia/Kolkata,Open-Meteo Historical Weather API
MP-Indore,2016-01-15,19.4,26.5,13.3,0.0,0.0,0.0,66,3.1,0.271,0.314,0.372,20.2,20.6,22.71792,75.8333,ERA5,Asia/Kolkata,Open-Meteo Historical Weather API
MP-Indore,2016-01-16,18.3,23.8,14.1,1.7,1.7,5.0,77,2.6,0.276,0.317,0.375,19.8,20.6,22.71792,75.8333,ERA5,Asia/Kolkata,Open-Meteo Historical Weather API
MP-Indore,2016-01-17,18.3,24.0,14.5,3.5,3.5,10.0,79,2.55,0.297,0.317,0.376,19.9,20.5,22.71792,75.8333,ERA5,Asia/Kolkata,Open-Meteo Historical Weather API
MP-Indore,2016-01-18,18.0,23.5,14.4,1.3,1.3,7.0,81,2.55,0.318,0.317,0.376,19.8,20.4,22.71792,75.8333,ERA5,Asia/Kolkata,Open-Meteo Historical Weather API
MP-Indore,2016-01-19,16.9,20.9,14.1,0.3,0.3,3.0,85,2.28,0.34,0.319,0.378,19.3,20.2,22.71792,75.8333,ERA5,Asia/Kolkata,Open-Meteo Historical Weather API
MP-Indore,2016-01-20,15.1,20.9,10.9,0.0,0.0,0.0,70,3.28,0.34,0.325,0.383,17.7,18.9,22.71792,75.8333,ERA5,Asia/Kolkata,Open-Meteo Historical Weather API
MP-Indore,2016-01-21,14.5,21.3,8.7,0.0,0.0,0.0,60,3.46,0.328,0.323,0.381,16.6,17.9,22.71792,75.8333,ERA5,Asia/Kolkata,Open-Meteo Historical Weather API
MP-Indore,2016-01-22,14.5,22.5,7.5,0.0,0.0,0.0,57,3.62,0.315,0.317,0.377,16.4,17.4,22.71792,75.8333,ERA5,Asia/Kolkata,Open-Meteo Historical Weather API
MP-Indore,2016-01-23,15.8,24.2,8.8,0.0,0.0,0.0,53,3.81,0.304,0.31,0.372,17.0,17.3,22.71792,75.8333,ERA5,Asia/Kolkata,Open-Meteo Historical Weather API
MP-Indore,2016-01-24,17.3,26.1,9.9,0.0,0.0,0.0,52,3.97,0.294,0.306,0.368,17.6,17.8,22.71792,75.8333,ERA5,Asia/Kolkata,Open-Meteo Historical Weather API
MP-Indore,2016-01-25,18.4,26.6,10.9,0.0,0.0,0.0,51,3.87,0.286,0.302,0.363,18.1,18.3,22.71792,75.8333,ERA5,Asia/Kolkata,Open-Meteo Historical Weather API
MP-Indore,2016-01-26,18.8,27.3,12.6,0.0,0.0,0.0,45,4.23,0.279,0.301,0.361,18.5,18.6,22.71792,75.8333,ERA5,Asia/Kolkata,Open-Meteo Historical Weather API
MP-Indore,2016-01-27,18.8,26.7,11.3,0.0,0.0,0.0,53,4.17,0.277,0.3,0.361,19.0,18.9,22.71792,75.8333,ERA5,Asia/Kolkata,Open-Meteo Historical Weather API
MP-Indore,2016-01-28,19.9,27.4,13.8,0.0,0.0,0.0,64,3.77,0.272,0.298,0.359,20.5,19.8,22.71792,75.8333,ERA5,Asia/Kolkata,Open-Meteo Historical Weather API
MP-Indore,2016-01-29,21.4,29.4,14.0,0.0,0.0,0.0,60,4.07,0.269,0.296,0.357,21.1,20.5,22.71792,75.8333,ERA5,Asia/Kolkata,Open-Meteo Historical Weather API
MP-Indore,2016-01-30,23.0,30.5,17.7,0.0,0.0,0.0,50,4.7,0.266,0.292,0.354,21.7,21.1,22.71792,75.8333,ERA5,Asia/Kolkata,Open-Meteo Historical Weather API
MP-Indore,2016-01-31,20.8,28.6,14.3,0.0,0.0,0.0,59,4.27,0.262,0.29,0.351,21.7,21.4,22.71792,75.8333,ERA5,Asia/Kolkata,Open-Meteo Historical Weather API
MP-Indore,2016-02-01,20.5,28.5,13.8,0.0,0.0,0.0,57,4.3,0.262,0.29,0.351,21.3,21.2,22.71792,75.8333,ERA5,Asia/Kolkata,Open-Meteo Historical Weather API
MP-Indore,2016-02-02,20.0,27.4,14.2,0.0,0.0,0.0,55,4.24,0.263,0.29,0.351,21.3,21.3,22.71792,75.8333,ERA5,Asia/Kolkata,Open-Meteo Historical Weather API
MP-Indore,2016-02-03,19.0,25.1,13.9,0.0,0.0,0.0,56,4.29,0.263,0.292,0.351,20.6,21.0,22.71792,75.8333,ERA5,Asia/Kolkata,Open-Meteo Historical Weather API
MP-Indore,2016-02-04,18.0,25.0,11.9,0.0,0.0,0.0,45,4.49,0.266,0.294,0.353,19.7,20.5,22.71792,75.8333,ERA5,Asia/Kolkata,Open-Meteo Historical Weather API
MP-Indore,2016-02-05,19.3,28.8,11.8,0.0,0.0,0.0,48,4.48,0.268,0.296,0.355,19.9,20.1,22.71792,75.8333,ERA5,Asia/Kolkata,Open-Meteo Historical Weather API
MP-Indore,2016-02-06,21.4,28.4,15.2,0.0,0.0,0.0,53,4.7,0.27,0.298,0.357,21.3,20.9,22.71792,75.8333,ERA5,Asia/Kolkata,Open-Meteo Historical Weather API
MP-Indore,2016-02-07,19.5,26.1,14.3,0.0,0.0,0.0,47,4.7,0.27,0.3,0.359,21.1,21.2,22.71792,75.8333,ERA5,Asia/Kolkata,Open-Meteo Historical Weather API
MP-Indore,2016-02-08,19.0,26.3,11.8,0.0,0.0,0.0,44,4.7,0.27,0.302,0.36,20.2,20.5,22.71792,75.8333,ERA5,Asia/Kolkata,Open-Meteo Historical Weather API
MP-Indore,2016-02-09,20.2,27.6,13.9,0.0,0.0,0.0,50,4.4,0.269,0.302,0.359,21.0,20.7,22.71792,75.8333,ERA5,Asia/Kolkata,Open-Meteo Historical Weather API
MP-Indore,2016-02-10,21.6,29.6,15.0,0.0,0.0,0.0,49,5.07,0.266,0.3,0.357,21.9,21.4,22.71792,75.8333,ERA5,Asia/Kolkata,Open-Meteo Historical Weather API
MP-Indore,2016-02-11,20.5,27.6,14.4,0.0,0.0,0.0,42,5.09,0.265,0.299,0.356,21.6,21.5,22.71792,75.8333,ERA5,Asia/Kolkata,Open-Meteo Historical Weather API
MP-Indore,2016-02-12,20.5,27.6,14.2,0.0,0.0,0.0,52,4.62,0.264,0.299,0.355,21.5,21.2,22.71792,75.8333,ERA5,Asia/Kolkata,Open-Meteo Historical Weather API
MP-Indore,2016-02-13,19.8,26.1,14.2,0.0,0.0,0.0,52,4.56,0.264,0.301,0.357,21.5,21.4,22.71792,75.8333,ERA5,Asia/Kolkata,Open-Meteo Historical Weather API
MP-Indore,2016-02-14,20.2,27.0,13.5,0.0,0.0,0.0,49,4.19,0.267,0.305,0.36,21.4,21.2,22.71792,75.8333,ERA5,Asia/Kolkata,Open-Meteo Historical Weather API
MP-Indore,2016-02-15,21.5,27.8,15.9,0.0,0.0,0.0,52,4.21,0.267,0.306,0.361,21.8,21.6,22.71792,75.8333,ERA5,Asia/Kolkata,Open-Meteo Historical Weather API
MP-Indore,2016-02-16,21.8,27.8,17.2,0.0,0.0,0.0,66,3.77,0.268,0.308,0.362,22.5,22.4,22.71792,75.8333,ERA5,Asia/Kolkata,Open-Meteo Historical Weather API
MP-Indore,2016-02-17,23.9,30.9,17.1,0.0,0.0,0.0,57,4.98,0.269,0.308,0.362,23.6,23.1,22.71792,75.8333,ERA5,Asia/Kolkata,Open-Meteo Historical Weather API
MP-Indore,2016-02-18,25.3,32.5,20.0,0.0,0.0,0.0,44,5.65,0.265,0.306,0.36,24.9,24.0,22.71792,75.8333,ERA5,Asia/Kolkata,Open-Meteo Historical Weather API
MP-Indore,2016-02-19,26.0,33.1,20.5,0.0,0.0,0.0,48,5.46,0.264,0.304,0.359,25.3,24.3,22.71792,75.8333,ERA5,Asia/Kolkata,Open-Meteo Historical Weather API
MP-Indore,2016-02-20,25.0,29.9,21.8,0.0,0.0,0.0,65,4.0,0.263,0.306,0.359,25.9,24.9,22.71792,75.8333,ERA5,Asia/Kolkata,Open-Meteo Historical Weather API
MP-Indore,2016-02-21,24.1,29.6,19.9,0.0,0.0,0.0,58,4.26,0.262,0.305,0.359,25.5,24.9,22.71792,75.8333,ERA5,Asia/Kolkata,Open-Meteo Historical Weather API
MP-Indore,2016-02-22,23.2,29.5,18.1,0.0,0.0,0.0,43,5.34,0.263,0.305,0.359,24.7,24.5,22.71792,75.8333,ERA5,Asia/Kolkata,Open-Meteo Historical Weather API
MP-Indore,2016-02-23,22.3,29.9,15.5,0.0,0.0,0.0,32,5.59,0.263,0.303,0.358,23.8,24.0,22.71792,75.8333,ERA5,Asia/Kolkata,Open-Meteo Historical Weather API
MP-Indore,2016-02-24,22.6,30.5,15.0,0.0,0.0,0.0,32,5.63,0.261,0.299,0.354,23.4,23.4,22.71792,75.8333,ERA5,Asia/Kolkata,Open-Meteo Historical Weather API
MP-Indore,2016-02-25,23.9,31.0,17.7,0.0,0.0,0.0,31,6.05,0.262,0.297,0.352,24.2,23.8,22.71792,75.8333,ERA5,Asia/Kolkata,Open-Meteo Historical Weather API
MP-Indore,2016-02-26,23.7,30.9,17.1,0.0,0.0,0.0,35,6.19,0.263,0.298,0.352,24.2,24.1,22.71792,75.8333,ERA5,Asia/Kolkata,Open-Meteo Historical Weather API
MP-Indore,2016-02-27,23.9,30.9,17.2,0.0,0.0,0.0,39,6.25,0.263,0.296,0.351,24.8,24.4,22.71792,75.8333,ERA5,Asia/Kolkata,Open-Meteo Historical Weather API
MP-Indore,2016-02-28,24.8,32.3,17.5,0.0,0.0,0.0,41,5.94,0.259,0.294,0.348,25.4,24.7,22.71792,75.8333,ERA5,Asia/Kolkata,Open-Meteo Historical Weather API
MP-Indore,2016-02-29,25.2,32.2,19.7,0.5,0.5,2.0,46,5.32,0.256,0.29,0.345,26.3,25.5,22.71792,75.8333,ERA5,Asia/Kolkata,Open-Meteo Historical Weather API
MP-Indore,2016-03-01,25.3,32.4,19.0,0.0,0.0,0.0,48,5.13,0.255,0.285,0.341,26.4,25.8,22.71792,75.8333,ERA5,Asia/Kolkata,Open-Meteo Historical Weather API
MP-Indore,2016-03-02,26.3,33.4,21.2,2.5,2.5,4.0,47,5.21,0.262,0.284,0.337,27.6,26.2,22.71792,75.8333,ERA5,Asia/Kolkata,Open-Meteo Historical Weather API
MP-Indore,2016-03-03,26.3,32.7,21.4,0.3,0.3,2.0,48,5.03,0.289,0.282,0.333,27.1,26.5,22.71792,75.8333,ERA5,Asia/Kolkata,Open-Meteo Historical Weather API
MP-Indore,2016-03-04,25.8,33.1,19.4,0.6,0.6,1.0,48,5.06,0.292,0.283,0.334,26.5,26.1,22.71792,75.8333,ERA5,Asia/Kolkata,Open-Meteo Historical Weather API
MP-Indore,2016-03-05,26.2,32.9,19.6,0.0,0.0,0.0,45,4.98,0.286,0.286,0.336,26.3,25.9,22.71792,75.8333,ERA5,Asia/Kolkata,Open-Meteo Historical Weather API
MP-Indore,2016-03-06,26.0,33.3,19.7,0.0,0.0,0.0,40,5.91,0.277,0.285,0.335,26.7,25.8,22.71792,75.8333,ERA5,Asia/Kolkata,Open-Meteo Historical Weather API
MP-Indore,2016-03-07,25.5,32.4,19.1,0.0,0.0,0.0,38,5.88,0.266,0.281,0.33,27.0,26.1,22.71792,75.8333,ERA5,Asia/Kolkata,Open-Meteo Historical Weather API
MP-Indore,2016-03-08,25.2,32.0,18.9,0.0,0.0,0.0,40,5.58,0.26,0.28,0.328,26.9,26.2,22.71792,75.8333,ERA5,Asia/Kolkata,Open-Meteo Historical Weather API
MP-Indore,2016-03-09,26.0,33.1,19.9,0.0,0.0,0.0,38,6.23,0.256,0.278,0.326,27.3,26.4,22.71792,75.8333,ERA5,Asia/Kolkata,Open-Meteo Historical Weather API
MP-Indore,2016-03-10,26.6,34.3,19.2,0.0,0.0,0.0,38,6.1,0.251,0.277,0.324,27.9,26.7,22.71792,75.8333,ERA5,Asia/Kolkata,Open-Meteo Historical Weather API
MP-Indore,2016-03-11,27.6,35.7,19.6,0.0,0.0,0.0,38,6.07,0.249,0.275,0.322,28.7,27.3,22.71792,75.8333,ERA5,Asia/Kolkata,Open-Meteo Historical Weather API
MP-Indore,2016-03-12,26.9,32.7,22.0,0.0,0.0,0.0,42,5.7,0.255,0.277,0.323,28.6,27.9,22.71792,75.8333,ERA5,Asia/Kolkata,Open-Meteo Historical Weather API
MP-Indore,2016-03-13,25.5,31.2,20.7,0.2,0.2,1.0,47,5.95,0.258,0.278,0.326,27.8,27.4,22.71792,75.8333,ERA5,Asia/Kolkata,Open-Meteo Historical Weather API
MP-Indore,2016-03-14,24.9,31.1,18.7,0.0,0.0,0.0,40,6.12,0.253,0.278,0.325,27.3,26.8,22.71792,75.8333,ERA5,Asia/Kolkata,Open-Meteo Historical Weather API
MP-Indore,2016-03-15,25.1,31.1,17.7,0.0,0.0,0.0,41,5.87,0.254,0.28,0.328,26.8,26.4,22.71792,75.8333,ERA5,Asia/Kolkata,Open-Meteo Historical Weather API
MP-Indore,2016-03-16,26.0,32.4,19.5,0.0,0.0,0.0,39,6.42,0.249,0.278,0.325,27.8,26.6,22.71792,75.8333,ERA5,Asia/Kolkata,Open-Meteo Historical Weather API
MP-Indore,2016-03-17,28.0,35.1,21.1,0.0,0.0,0.0,33,6.82,0.243,0.275,0.32,29.0,27.4,22.71792,75.8333,ERA5,Asia/Kolkata,Open-Meteo Historical Weather API
MP-Indore,2016-03-18,29.2,35.3,23.4,0.0,0.0,0.0,36,7.73,0.239,0.273,0.316,30.2,28.5,22.71792,75.8333,ERA5,Asia/Kolkata,Open-Meteo Historical Weather API
MP-Indore,2016-03-19,27.9,35.1,20.8,0.0,0.0,0.0,39,7.55,0.24,0.273,0.315,29.5,28.5,22.71792,75.8333,ERA5,Asia/Kolkata,Open-Meteo Historical Weather API
MP-Indore,2016-03-20,28.3,35.1,22.0,0.0,0.0,0.0,35,7.79,0.24,0.273,0.314,29.5,28.6,22.71792,75.8333,ERA5,Asia/Kolkata,Open-Meteo Historical Weather API
MP-Indore,2016-03-21,28.0,34.8,21.1,0.0,0.0,0.0,29,7.61,0.238,0.272,0.313,29.5,28.6,22.71792,75.8333,ERA5,Asia/Kolkata,Open-Meteo Historical Weather API
MP-Indore,2016-03-22,27.6,34.5,21.6,0.0,0.0,0.0,29,7.33,0.241,0.273,0.312,29.6,28.6,22.71792,75.8333,ERA5,Asia/Kolkata,Open-Meteo Historical Weather API
MP-Indore,2016-03-23,27.3,35.9,18.8,0.0,0.0,0.0,24,6.97,0.244,0.273,0.312,29.3,28.5,22.71792,75.8333,ERA5,Asia/Kolkata,Open-Meteo Historical Weather API
MP-Indore,2016-03-24,29.3,38.2,20.9,0.0,0.0,0.0,22,7.14,0.248,0.271,0.31,30.0,28.6,22.71792,75.8333,ERA5,Asia/Kolkata,Open-Meteo Historical Weather API
MP-Indore,2016-03-25,30.9,38.6,23.3,0.0,0.0,0.0,22,7.68,0.244,0.269,0.306,31.2,29.5,22.71792,75.8333,ERA5,Asia/Kolkata,Open-Meteo Historical Weather API
MP-Indore,2016-03-26,30.8,36.6,24.9,0.2,0.2,2.0,29,6.27,0.246,0.27,0.308,31.7,30.5,22.71792,75.8333,ERA5,Asia/Kolkata,Open-Meteo Historical Weather API
MP-Indore,2016-03-27,28.8,36.6,24.1,2.0,2.0,3.0,39,5.51,0.262,0.272,0.31,30.5,30.1,22.71792,75.8333,ERA5,Asia/Kolkata,Open-Meteo Historical Weather API
MP-Indore,2016-03-28,29.0,36.6,21.7,0.0,0.0,0.0,37,6.88,0.272,0.27,0.308,30.5,29.3,22.71792,75.8333,ERA5,Asia/Kolkata,Open-Meteo Historical Weather API
MP-Indore,2016-03-29,29.4,37.5,21.4,0.0,0.0,0.0,32,6.7,0.266,0.27,0.307,30.8,29.7,22.71792,75.8333,ERA5,Asia/Kolkata,Open-Meteo Historical Weather API
MP-Indore,2016-03-30,29.7,37.5,21.7,0.0,0.0,0.0,28,6.6,0.258,0.269,0.304,31.2,30.0,22.71792,75.8333,ERA5,Asia/Kolkata,Open-Meteo Historical Weather API
MP-Indore,2016-03-31,30.2,37.5,21.8,0.0,0.0,0.0,23,7.79,0.251,0.267,0.3,31.7,30.4,22.71792,75.8333,ERA5,Asia/Kolkata,Open-Meteo Historical Weather API
MP-Indore,2016-04-01,30.8,38.3,23.1,0.0,0.0,0.0,29,7.33,0.247,0.267,0.298,32.4,30.8,22.71792,75.8333,ERA5,Asia/Kolkata,Open-Meteo Historical Weather API
MP-Indore,2016-04-02,32.1,39.3,24.5,0.0,0.0,0.0,33,6.67,0.244,0.267,0.296,33.4,31.6,22.71792,75.8333,ERA5,Asia/Kolkata,Open-Meteo Historical Weather API
MP-Indore,2016-04-03,32.6,40.0,26.2,0.0,0.0,0.0,34,8.2,0.244,0.265,0.294,33.8,32.3,22.71792,75.8333,ERA5,Asia/Kolkata,Open-Meteo Historical Weather API
MP-Indore,2016-04-04,31.7,38.2,25.4,0.0,0.0,0.0,32,7.82,0.243,0.265,0.293,33.8,32.6,22.71792,75.8333,ERA5,Asia/Kolkata,Open-Meteo Historical Weather API
MP-Indore,2016-04-05,30.4,36.8,24.6,0.0,0.0,0.0,32,7.49,0.245,0.268,0.295,32.9,32.3,22.71792,75.8333,ERA5,Asia/Kolkata,Open-Meteo Historical Weather API
MP-Indore,2016-04-06,31.0,37.1,25.2,0.0,0.0,0.0,30,8.19,0.245,0.269,0.296,33.2,32.2,22.71792,75.8333,ERA5,Asia/Kolkata,Open-Meteo Historical Weather API
MP-Indore,2016-04-07,29.8,34.9,24.9,0.2,0.2,1.0,33,6.95,0.243,0.268,0.294,32.2,31.8,22.71792,75.8333,ERA5,Asia/Kolkata,Open-Meteo Historical Weather API
MP-Indore,2016-04-08,30.2,37.3,22.8,0.0,0.0,0.0,30,7.8,0.245,0.268,0.293,32.5,31.3,22.71792,75.8333,ERA5,Asia/Kolkata,Open-Meteo Historical Weather API
MP-Indore,2016-04-09,30.7,37.8,23.5,0.0,0.0,0.0,28,8.24,0.244,0.268,0.292,33.0,31.7,22.71792,75.8333,ERA5,Asia/Kolkata,Open-Meteo Historical Weather API
MP-Indore,2016-04-10,31.3,38.1,24.3,0.0,0.0,0.0,28,8.4,0.245,0.267,0.291,33.4,32.1,22.71792,75.8333,ERA5,Asia/Kolkata,Open-Meteo Historical Weather API
MP-Indore,2016-04-11,31.2,37.0,25.4,0.0,0.0,0.0,31,8.77,0.243,0.268,0.291,33.4,32.3,22.71792,75.8333,ERA5,Asia/Kolkata,Open-Meteo Historical Weather API
MP-Indore,2016-04-12,30.9,37.1,23.9,0.0,0.0,0.0,28,8.23,0.245,0.268,0.291,33.4,32.3,22.71792,75.8333,ERA5,Asia/Kolkata,Open-Meteo Historical Weather API
MP-Indore,2016-04-13,31.2,37.6,23.9,0.0,0.0,0.0,25,8.36,0.244,0.267,0.289,33.5,32.3,22.71792,75.8333,ERA5,Asia/Kolkata,Open-Meteo Historical Weather API
MP-Indore,2016-04-14,32.3,39.5,24.3,0.0,0.0,0.0,24,8.17,0.24,0.266,0.287,34.4,32.8,22.71792,75.8333,ERA5,Asia/Kolkata,Open-Meteo Historical Weather API
MP-Indore,2016-04-15,33.1,40.8,25.5,0.0,0.0,0.0,26,8.97,0.24,0.265,0.286,35.0,33.4,22.71792,75.8333,ERA5,Asia/Kolkata,Open-Meteo Historical Weather API
MP-Indore,2016-04-16,32.7,40.3,24.9,0.0,0.0,0.0,28,8.97,0.239,0.264,0.284,34.8,33.5,22.71792,75.8333,ERA5,Asia/Kolkata,Open-Meteo Historical Weather API
MP-Indore,2016-04-17,31.6,37.7,25.3,0.0,0.0,0.0,31,8.73,0.242,0.265,0.284,34.2,33.3,22.71792,75.8333,ERA5,Asia/Kolkata,Open-Meteo Historical Weather API
MP-Indore,2016-04-18,32.1,37.8,26.5,0.0,0.0,0.0,35,8.24,0.24,0.266,0.284,34.7,33.3,22.71792,75.8333,ERA5,Asia/Kolkata,Open-Meteo Historical Weather API
MP-Indore,2016-04-19,32.8,39.6,25.8,0.0,0.0,0.0,32,8.15,0.241,0.267,0.285,35.2,33.6,22.71792,75.8333,ERA5,Asia/Kolkata,Open-Meteo Historical Weather API
MP-Indore,2016-04-20,33.5,39.9,26.5,0.0,0.0,0.0,33,8.43,0.245,0.269,0.286,35.6,34.2,22.71792,75.8333,ERA5,Asia/Kolkata,Open-Meteo Historical Weather API
MP-Indore,2016-04-21,33.0,39.7,26.9,0.0,0.0,0.0,27,9.84,0.244,0.269,0.286,35.3,34.2,22.71792,75.8333,ERA5,Asia/Kolkata,Open-Meteo Historical Weather API
MP-Indore,2016-04-22,31.3,38.0,25.4,0.0,0.0,0.0,26,9.92,0.245,0.269,0.285,34.1,33.6,22.71792,75.8333,ERA5,Asia/Kolkata,Open-Meteo Historical Weather API
MP-Indore,2016-04-23,31.0,36.9,25.0,0.0,0.0,0.0,38,8.65,0.242,0.269,0.285,33.9,33.0,22.71792,75.8333,ERA5,Asia/Kolkata,Open-Meteo Historical Weather API
MP-Indore,2016-04-24,31.0,36.7,25.0,0.0,0.0,0.0,38,8.12,0.24,0.268,0.284,34.1,33.0,22.71792,75.8333,ERA5,Asia/Kolkata,Open-Meteo Historical Weather API
MP-Indore,2016-04-25,31.4,37.0,24.9,0.0,0.0,0.0,32,8.18,0.24,0.268,0.284,34.5,33.2,22.71792,75.8333,ERA5,Asia/Kolkata,Open-Meteo Historical Weather API
MP-Indore,2016-04-26,32.1,37.8,26.3,0.0,0.0,0.0,27,8.43,0.238,0.267,0.283,34.8,33.7,22.71792,75.8333,ERA5,Asia/Kolkata,Open-Meteo Historical Weather API
MP-Indore,2016-04-27,32.1,37.5,26.9,0.0,0.0,0.0,24,7.74,0.243,0.27,0.285,34.5,33.7,22.71792,75.8333,ERA5,Asia/Kolkata,Open-Meteo Historical Weather API
MP-Indore,2016-04-28,33.4,39.9,26.4,0.0,0.0,0.0,23,8.67,0.243,0.271,0.285,35.3,33.9,22.71792,75.8333,ERA5,Asia/Kolkata,Open-Meteo Historical Weather API
MP-Indore,2016-04-29,33.8,39.9,27.6,0.0,0.0,0.0,24,8.55,0.245,0.272,0.286,35.4,34.2,22.71792,75.8333,ERA5,Asia/Kolkata,Open-Meteo Historical Weather API
MP-Indore,2016-04-30,34.1,40.6,27.1,0.0,0.0,0.0,26,9.78,0.241,0.271,0.285,36.0,34.4,22.71792,75.8333,ERA5,Asia/Kolkata,Open-Meteo Historical Weather API
MP-Indore,2016-05-01,34.0,40.2,27.5,0.0,0.0,0.0,28,9.49,0.24,0.271,0.285,36.1,34.7,22.71792,75.8333,ERA5,Asia/Kolkata,Open-Meteo Historical Weather API
MP-Indore,2016-05-02,33.2,38.6,28.2,0.0,0.0,0.0,31,8.77,0.244,0.271,0.285,35.7,34.7,22.71792,75.8333,ERA5,Asia/Kolkata,Open-Meteo Historical Weather API
MP-Indore,2016-05-03,33.7,39.7,27.0,0.6,0.6,2.0,29,9.29,0.244,0.272,0.285,35.5,34.4,22.71792,75.8333,ERA5,Asia/Kolkata,Open-Meteo Historical Weather API
MP-Indore,2016-05-04,31.8,38.6,27.5,1.5,1.5,3.0,36,6.71,0.258,0.269,0.283,34.6,34.1,22.71792,75.8333,ERA5,Asia/Kolkata,Open-Meteo Historical Weather API
MP-Indore,2016-05-05,30.9,38.1,26.6,1.0,1.0,3.0,38,7.05,0.281,0.265,0.28,33.6,33.4,22.71792,75.8333,ERA5,Asia/Kolkata,Open-Meteo Historical Weather API
MP-Indore,2016-05-06,29.8,36.5,24.0,2.4,2.4,2.0,36,6.91,0.285,0.267,0.282,32.7,32.8,22.71792,75.8333,ERA5,Asia/Kolkata,Open-Meteo Historical Weather API
MP-Indore,2016-05-07,30.3,35.6,24.7,0.0,0.0,0.0,42,6.56,0.293,0.268,0.283,32.6,32.4,22.71792,75.8333,ERA5,Asia/Kolkata,Open-Meteo Historical Weather API
MP-Indore,2016-05-08,31.0,36.6,26.4,0.9,0.9,1.0,44,6.93,0.282,0.268,0.283,33.2,32.8,22.71792,75.8333,ERA5,Asia/Kolkata,Open-Meteo Historical Weather API
MP-Indore,2016-05-09,30.0,38.7,25.7,2.3,2.3,3.0,49,6.43,0.297,0.271,0.285,32.8,32.8,22.71792,75.8333,ERA5,Asia/Kolkata,Open-Meteo Historical Weather API
MP-Indore,2016-05-10,30.6,37.8,24.2,0.6,0.6,1.0,46,7.0,0.312,0.274,0.289,32.2,32.4,22.71792,75.8333,ERA5,Asia/Kolkata,Open-Meteo Historical Weather API
MP-Indore,2016-05-11,32.3,39.1,25.4,0.2,0.2,1.0,43,6.99,0.296,0.273,0.288,33.7,32.7,22.71792,75.8333,ERA5,Asia/Kolkata,Open-Meteo Historical Weather API
MP-Indore,2016-05-12,33.9,40.3,27.5,0.0,0.0,0.0,38,8.46,0.28,0.272,0.286,35.1,33.6,22.71792,75.8333,ERA5,Asia/Kolkata,Open-Meteo Historical Weather API
MP-Indore,2016-05-13,34.7,40.8,28.2,0.0,0.0,0.0,32,9.0,0.266,0.268,0.284,35.8,34.1,22.71792,75.8333,ERA5,Asia/Kolkata,Open-Meteo Historical Weather API
MP-Indore,2016-05-14,34.9,41.5,28.2,0.0,0.0,0.0,30,10.17,0.257,0.266,0.282,36.4,34.7,22.71792,75.8333,ERA5,Asia/Kolkata,Open-Meteo Historical Weather API
MP-Indore,2016-05-15,35.3,41.7,28.3,0.0,0.0,0.0,29,9.88,0.249,0.265,0.281,36.9,35.0,22.71792,75.8333,ERA5,Asia/Kolkata,Open-Meteo Historical Weather API
MP-Indore,2016-05-16,35.5,41.3,28.7,0.0,0.0,0.0,29,9.15,0.248,0.265,0.281,37.7,35.8,22.71792,75.8333,ERA5,Asia/Kolkata,Open-Meteo Historical Weather API
MP-Indore,2016-05-17,35.9,42.2,29.6,0.0,0.0,0.0,30,7.85,0.246,0.268,0.283,37.8,36.3,22.71792,75.8333,ERA5,Asia/Kolkata,Open-Meteo Historical Weather API
MP-Indore,2016-05-18,37.7,44.4,30.9,0.0,0.0,0.0,26,9.85,0.244,0.268,0.283,38.7,36.7,22.71792,75.8333,ERA5,Asia/Kolkata,Open-Meteo Historical Weather API
MP-Indore,2016-05-19,38.0,44.3,32.1,0.0,0.0,0.0,25,9.74,0.244,0.268,0.284,38.9,37.1,22.71792,75.8333,ERA5,Asia/Kolkata,Open-Meteo Historical Weather API
MP-Indore,2016-05-20,36.8,43.0,31.5,0.0,0.0,0.0,31,11.18,0.239,0.267,0.283,38.7,37.0,22.71792,75.8333,ERA5,Asia/Kolkata,Open-Meteo Historical Weather API
MP-Indore,2016-05-21,34.1,40.1,28.3,0.0,0.0,0.0,46,9.73,0.243,0.265,0.281,37.3,36.3,22.71792,75.8333,ERA5,Asia/Kolkata,Open-Meteo Historical Weather API
MP-Indore,2016-05-22,32.9,39.0,27.0,0.0,0.0,0.0,50,9.39,0.24,0.263,0.279,36.3,35.4,22.71792,75.8333,ERA5,Asia/Kolkata,Open-Meteo Historical Weather API
MP-Indore,2016-05-23,32.3,38.3,26.2,0.0,0.0,0.0,51,8.97,0.24,0.262,0.277,35.8,34.8,22.71792,75.8333,ERA5,Asia/Kolkata,Open-Meteo Historical Weather API
MP-Indore,2016-05-24,32.5,39.0,25.3,0.0,0.0,0.0,52,8.73,0.241,0.261,0.276,35.5,34.7,22.71792,75.8333,ERA5,Asia/Kolkata,Open-Meteo Historical Weather API
MP-Indore,2016-05-25,32.3,37.9,26.7,0.0,0.0,0.0,54,8.73,0.242,0.261,0.277,35.4,34.7,22.71792,75.8333,ERA5,Asia/Kolkata,Open-Meteo Historical Weather API
MP-Indore,2016-05-26,32.6,38.3,26.5,0.0,0.0,0.0,52,8.51,0.246,0.261,0.277,35.5,34.5,22.71792,75.8333,ERA5,Asia/Kolkata,Open-Meteo Historical Weather API
MP-Indore,2016-05-27,32.7,38.6,26.7,0.0,0.0,0.0,51,8.32,0.245,0.261,0.277,35.8,34.7,22.71792,75.8333,ERA5,Asia/Kolkata,Open-Meteo Historical Weather API
MP-Indore,2016-05-28,32.7,37.8,26.8,0.0,0.0,0.0,50,8.53,0.247,0.262,0.277,35.8,34.8,22.71792,75.8333,ERA5,Asia/Kolkata,Open-Meteo Historical Weather API
MP-Indore,2016-05-29,32.2,37.2,27.3,0.0,0.0,0.0,49,8.37,0.247,0.262,0.277,35.5,34.7,22.71792,75.8333,ERA5,Asia/Kolkata,Open-Meteo Historical Weather API
MP-Indore,2016-05-30,32.0,37.6,25.9,0.0,0.0,0.0,51,7.59,0.249,0.262,0.278,35.1,34.5,22.71792,75.8333,ERA5,Asia/Kolkata,Open-Meteo Historical Weather API
MP-Indore,2016-05-31,32.7,38.7,26.9,0.0,0.0,0.0,49,7.8,0.255,0.263,0.279,35.5,34.5,22.71792,75.8333,ERA5,Asia/Kolkata,Open-Meteo Historical Weather API
MP-Indore,2016-06-01,33.9,38.9,28.4,0.0,0.0,0.0,44,7.74,0.25,0.263,0.28,36.4,34.9,22.71792,75.8333,ERA5,Asia/Kolkata,Open-Meteo Historical Weather API
MP-Indore,2016-06-02,34.4,39.5,29.0,0.2,0.2,1.0,41,8.19,0.247,0.263,0.279,36.9,35.4,22.71792,75.8333,ERA5,Asia/Kolkata,Open-Meteo Historical Weather API
MP-Indore,2016-06-03,34.9,40.6,29.6,0.0,0.0,0.0,39,8.42,0.242,0.263,0.279,37.5,35.9,22.71792,75.8333,ERA5,Asia/Kolkata,Open-Meteo Historical Weather API
MP-Indore,2016-06-04,36.6,42.6,30.8,0.0,0.0,0.0,29,9.36,0.241,0.264,0.28,38.3,36.6,22.71792,75.8333,ERA5,Asia/Kolkata,Open-Meteo Historical Weather API
MP-Indore,2016-06-05,36.8,43.4,30.1,0.0,0.0,0.0,25,9.02,0.242,0.264,0.28,38.5,37.1,22.71792,75.8333,ERA5,Asia/Kolkata,Open-Meteo Historical Weather API
MP-Indore,2016-06-06,36.2,42.8,29.9,0.0,0.0,0.0,30,8.75,0.242,0.267,0.283,38.4,37.2,22.71792,75.8333,ERA5,Asia/Kolkata,Open-Meteo Historical Weather API
MP-Indore,2016-06-07,35.2,41.2,28.8,0.0,0.0,0.0,34,8.37,0.247,0.27,0.289,37.9,37.1,22.71792,75.8333,ERA5,Asia/Kolkata,Open-Meteo Historical Weather API
MP-Indore,2016-06-08,34.4,40.2,28.6,0.1,0.1,1.0,41,8.6,0.248,0.272,0.292,37.4,36.8,22.71792,75.8333,ERA5,Asia/Kolkata,Open-Meteo Historical Weather API
MP-Indore,2016-06-09,33.6,40.1,28.0,0.0,0.0,0.0,47,8.41,0.253,0.273,0.294,36.8,36.2,22.71792,75.8333,ERA5,Asia/Kolkata,Open-Meteo Historical Weather API
MP-Indore,2016-06-10,32.9,38.5,27.8,0.3,0.3,1.0,51,8.26,0.254,0.273,0.297,36.2,35.7,22.71792,75.8333,ERA5,Asia/Kolkata,Open-Meteo Historical Weather API
MP-Indore,2016-06-11,32.9,37.9,28.0,0.0,0.0,0.0,52,8.26,0.25,0.271,0.294,36.0,35.4,22.71792,75.8333,ERA5,Asia/Kolkata,Open-Meteo Historical Weather API
MP-Indore,2016-06-12,32.6,37.8,27.3,0.0,0.0,0.0,51,8.38,0.251,0.27,0.292,35.8,35.1,22.71792,75.8333,ERA5,Asia/Kolkata,Open-Meteo Historical Weather API
MP-Indore,2016-06-13,32.2,37.3,26.7,0.0,0.0,0.0,53,8.49,0.249,0.27,0.292,35.6,34.9,22.71792,75.8333,ERA5,Asia/Kolkata,Open-Meteo Historical Weather API
MP-Indore,2016-06-14,31.8,36.8,27.0,0.0,0.0,0.0,53,8.43,0.249,0.268,0.291,35.2,34.6,22.71792,75.8333,ERA5,Asia/Kolkata,Open-Meteo Historical Weather API
MP-Indore,2016-06-15,31.5,36.6,26.6,0.0,0.0,0.0,53,7.78,0.245,0.267,0.289,34.5,34.1,22.71792,75.8333,ERA5,Asia/Kolkata,Open-Meteo Historical Weather API
MP-Indore,2016-06-16,31.4,36.5,26.3,0.0,0.0,0.0,52,7.95,0.243,0.266,0.289,34.8,33.9,22.71792,75.8333,ERA5,Asia/Kolkata,Open-Meteo Historical Weather API
MP-Indore,2016-06-17,31.8,37.3,27.1,0.0,0.0,0.0,52,7.54,0.247,0.267,0.29,35.1,34.2,22.71792,75.8333,ERA5,Asia/Kolkata,Open-Meteo Historical Weather API
MP-Indore,2016-06-18,28.8,34.1,25.0,7.2,7.2,14.0,63,4.45,0.306,0.269,0.292,31.6,33.3,22.71792,75.8333,ERA5,Asia/Kolkata,Open-Meteo Historical Weather API
MP-Indore,2016-06-19,28.8,34.4,23.6,6.3,6.3,10.0,70,3.38,0.398,0.273,0.29,30.6,31.5,22.71792,75.8333,ERA5,Asia/Kolkata,Open-Meteo Historical Weather API
MP-Indore,2016-06-20,29.2,34.7,24.8,16.6,16.6,12.0,70,4.5,0.444,0.291,0.285,31.4,31.2,22.71792,75.8333,ERA5,Asia/Kolkata,Open-Meteo Historical Weather API
MP-Indore,2016-06-21,28.6,33.8,25.4,15.5,15.5,15.0,78,3.51,0.468,0.33,0.283,30.8,31.1,22.71792,75.8333,ERA5,Asia/Kolkata,Open-Meteo Historical Weather API
MP-Indore,2016-06-22,27.8,33.0,24.5,7.9,7.9,8.0,82,3.82,0.468,0.36,0.282,30.3,30.6,22.71792,75.8333,ERA5,Asia/Kolkata,Open-Meteo Historical Weather API
MP-Indore,2016-06-23,27.7,33.6,25.0,4.4,4.4,8.0,81,3.03,0.462,0.379,0.281,29.2,30.0,22.71792,75.8333,ERA5,Asia/Kolkata,Open-Meteo Historical Weather API
MP-Indore,2016-06-24,28.8,33.3,25.5,15.4,15.4,12.0,74,3.24,0.482,0.423,0.281,29.3,29.5,22.71792,75.8333,ERA5,Asia/Kolkata,Open-Meteo Historical Weather API
MP-Indore,2016-06-25,27.4,31.6,25.1,3.6,3.6,6.0,76,2.85,0.465,0.433,0.28,28.2,29.1,22.71792,75.8333,ERA5,Asia/Kolkata,Open-Meteo Historical Weather API
MP-Indore,2016-06-26,28.8,34.2,25.2,3.5,3.5,8.0,71,4.66,0.451,0.427,0.279,29.5,29.2,22.71792,75.8333,ERA5,Asia/Kolkata,Open-Meteo Historical Weather API
MP-Indore,2016-06-27,28.8,33.7,25.0,0.4,0.4,1.0,71,4.78,0.44,0.415,0.278,29.8,29.5,22.71792,75.8333,ERA5,Asia/Kolkata,Open-Meteo Historical Weather API
MP-Indore,2016-06-28,27.8,31.3,25.1,5.3,5.3,8.0,77,2.89,0.446,0.415,0.277,28.8,29.3,22.71792,75.8333,ERA5,Asia/Kolkata,Open-Meteo Historical Weather API
MP-Indore,2016-06-29,27.4,31.0,24.9,9.2,9.2,15.0,81,3.32,0.485,0.436,0.277,29.1,28.8,22.71792,75.8333,ERA5,Asia/Kolkata,Open-Meteo Historical Weather API
MP-Indore,2016-06-30,28.0,31.3,25.0,3.8,3.8,5.0,78,3.93,0.48,0.456,0.28,29.3,29.0,22.71792,75.8333,ERA5,Asia/Kolkata,Open-Meteo Historical Weather API
MP-Indore,2016-07-01,28.6,32.4,25.6,2.1,2.1,3.0,75,4.38,0.465,0.448,0.283,29.3,29.2,22.71792,75.8333,ERA5,Asia/Kolkata,Open-Meteo Historical Weather API
MP-Indore,2016-07-02,27.9,31.6,25.3,9.1,9.1,11.0,79,3.06,0.466,0.442,0.283,28.8,29.0,22.71792,75.8333,ERA5,Asia/Kolkata,Open-Meteo Historical Weather API
MP-Indore,2016-07-03,25.9,27.8,24.6,4.8,4.8,7.0,89,2.12,0.488,0.456,0.285,27.7,28.3,22.71792,75.8333,ERA5,Asia/Kolkata,Open-Meteo Historical Weather API
MP-Indore,2016-07-04,25.4,27.9,23.9,23.0,23.0,21.0,89,1.9,0.501,0.483,0.291,26.5,27.5,22.71792,75.8333,ERA5,Asia/Kolkata,Open-Meteo Historical Weather API
MP-Indore,2016-07-05,27.4,31.3,24.4,1.1,1.1,7.0,78,3.19,0.491,0.487,0.301,27.4,27.2,22.71792,75.8333,ERA5,Asia/Kolkata,Open-Meteo Historical Weather API
MP-Indore,2016-07-06,27.1,29.9,24.8,0.3,0.3,2.0,77,2.98,0.465,0.468,0.305,27.3,27.5,22.71792,75.8333,ERA5,Asia/Kolkata,Open-Meteo Historical Weather API
MP-Indore,2016-07-07,26.5,28.5,25.2,2.1,2.1,6.0,78,3.04,0.467,0.457,0.307,27.1,27.3,22.71792,75.8333,ERA5,Asia/Kolkata,Open-Meteo Historical Weather API
MP-Indore,2016-07-08,26.2,28.6,24.9,8.8,8.8,20.0,84,2.36,0.483,0.456,0.309,26.5,26.8,22.71792,75.8333,ERA5,Asia/Kolkata,Open-Meteo Historical Weather API
MP-Indore,2016-07-09,24.3,25.0,23.3,56.2,56.2,24.0,95,0.84,0.507,0.497,0.326,25.4,26.2,22.71792,75.8333,ERA5,Asia/Kolkata,Open-Meteo Historical Weather API
MP-Indore,2016-07-10,24.5,26.1,23.8,79.5,79.5,24.0,96,0.69,0.511,0.51,0.382,25.1,25.7,22.71792,75.8333,ERA5,Asia/Kolkata,Open-Meteo Historical Weather API
MP-Indore,2016-07-11,24.6,25.4,23.7,137.3,137.3,24.0,95,0.8,0.514,0.514,0.48,25.1,25.6,22.71792,75.8333,ERA5,Asia/Kolkata,Open-Meteo Historical Weather API
MP-Indore,2016-07-12,23.8,24.5,23.2,94.7,94.7,23.0,97,0.81,0.511,0.512,0.515,24.9,25.4,22.71792,75.8333,ERA5,Asia/Kolkata,Open-Meteo Historical Weather API
MP-Indore,2016-07-13,25.5,28.5,23.4,3.8,3.8,9.0,86,2.71,0.495,0.503,0.512,25.7,25.5,22.71792,75.8333,ERA5,Asia/Kolkata,Open-Meteo Historical Weather API
MP-Indore,2016-07-14,26.5,29.6,23.7,1.4,1.4,7.0,82,3.7,0.479,0.485,0.506,26.8,26.3,22.71792,75.8333,ERA5,Asia/Kolkata,Open-Meteo Historical Weather API
MP-Indore,2016-07-15,26.3,29.5,23.7,4.6,4.6,9.0,80,3.39,0.476,0.474,0.501,26.8,26.7,22.71792,75.8333,ERA5,Asia/Kolkata,Open-Meteo Historical Weather API
MP-Indore,2016-07-16,25.3,27.7,23.5,4.9,4.9,10.0,86,2.07,0.497,0.489,0.498,26.1,26.3,22.71792,75.8333,ERA5,Asia/Kolkata,Open-Meteo Historical Weather API
MP-Indore,2016-07-17,25.3,27.5,23.3,7.6,7.6,15.0,87,1.49,0.5,0.496,0.496,25.5,25.8,22.71792,75.8333,ERA5,Asia/Kolkata,Open-Meteo Historical Weather API
MP-Indore,2016-07-18,25.9,29.0,23.9,4.3,4.3,15.0,85,2.83,0.495,0.496,0.496,26.1,25.7,22.71792,75.8333,ERA5,Asia/Kolkata,Open-Meteo Historical Weather API
MP-Indore,2016-07-19,26.1,29.3,24.1,0.8,0.8,5.0,81,3.77,0.487,0.492,0.494,26.6,26.2,22.71792,75.8333,ERA5,Asia/Kolkata,Open-Meteo Historical Weather API
MP-Indore,2016-07-20,26.6,30.4,23.9,0.7,0.7,4.0,80,3.39,0.476,0.484,0.492,26.8,26.5,22.71792,75.8333,ERA5,Asia/Kolkata,Open-Meteo Historical Weather API
MP-Indore,2016-07-21,27.1,30.5,24.1,1.4,1.4,5.0,80,3.87,0.462,0.473,0.489,27.5,26.8,22.71792,75.8333,ERA5,Asia/Kolkata,Open-Meteo Historical Weather API
MP-Indore,2016-07-22,27.2,30.7,24.5,0.9,0.9,3.0,79,4.36,0.459,0.465,0.486,28.0,27.1,22.71792,75.8333,ERA5,Asia/Kolkata,Open-Meteo Historical Weather API
MP-Indore,2016-07-23,26.5,29.2,24.3,0.2,0.2,2.0,80,2.17,0.456,0.46,0.484,26.8,26.9,22.71792,75.8333,ERA5,Asia/Kolkata,Open-Meteo Historical Weather API
MP-Indore,2016-07-24,25.8,28.5,24.1,16.9,16.9,19.0,89,1.38,0.503,0.493,0.483,26.1,26.1,22.71792,75.8333,ERA5,Asia/Kolkata,Open-Meteo Historical Weather API
MP-Indore,2016-07-25,26.1,29.4,24.1,5.4,5.4,8.0,88,2.29,0.499,0.505,0.487,26.3,26.0,22.71792,75.8333,ERA5,Asia/Kolkata,Open-Meteo Historical Weather API
MP-Indore,2016-07-26,25.7,28.4,24.3,26.3,26.3,21.0,91,2.12,0.505,0.508,0.493,26.5,26.3,22.71792,75.8333,ERA5,Asia/Kolkata,Open-Meteo Historical Weather API
MP-Indore,2016-07-27,24.2,25.3,23.2,27.8,27.8,24.0,96,0.83,0.508,0.51,0.515,25.3,25.8,22.71792,75.8333,ERA5,Asia/Kolkata,Open-Meteo Historical Weather API
MP-Indore,2016-07-28,24.5,26.5,22.8,54.0,54.0,22.0,93,1.51,0.507,0.504,0.514,25.0,25.2,22.71792,75.8333,ERA5,Asia/Kolkata,Open-Meteo Historical Weather API
MP-Indore,2016-07-29,25.5,27.8,23.7,16.1,16.1,7.0,88,2.65,0.497,0.505,0.511,25.8,25.5,22.71792,75.8333,ERA5,Asia/Kolkata,Open-Meteo Historical Weather API
MP-Indore,2016-07-30,26.1,28.8,23.8,12.9,12.9,13.0,86,2.64,0.498,0.505,0.511,26.3,25.8,22.71792,75.8333,ERA5,Asia/Kolkata,Open-Meteo Historical Weather API
MP-Indore,2016-07-31,25.1,27.8,23.8,10.4,10.4,15.0,92,1.93,0.5,0.504,0.51,26.0,25.8,22.71792,75.8333,ERA5,Asia/Kolkata,Open-Meteo Historical Weather API
MP-Indore,2016-08-01,24.8,26.6,23.4,16.5,16.5,21.0,94,1.12,0.508,0.507,0.513,25.5,25.6,22.71792,75.8333,ERA5,Asia/Kolkata,Open-Meteo Historical Weather API
MP-Indore,2016-08-02,24.0,25.0,23.0,22.8,22.8,24.0,95,1.05,0.509,0.508,0.517,24.8,25.3,22.71792,75.8333,ERA5,Asia/Kolkata,Open-Meteo Historical Weather API
MP-Indore,2016-08-03,23.9,24.6,23.3,40.3,40.3,21.0,97,0.93,0.509,0.504,0.516,24.6,24.9,22.71792,75.8333,ERA5,Asia/Kolkata,Open-Meteo Historical Weather API
MP-Indore,2016-08-04,24.6,27.7,23.6,45.4,45.4,17.0,92,1.51,0.507,0.503,0.504,24.9,24.9,22.71792,75.8333,ERA5,Asia/Kolkata,Open-Meteo Historical Weather API
MP-Indore,2016-08-05,25.5,28.5,23.4,4.6,4.6,12.0,91,1.59,0.503,0.499,0.492,25.5,25.1,22.71792,75.8333,ERA5,Asia/Kolkata,Open-Meteo Historical Weather API
MP-Indore,2016-08-06,24.4,25.8,23.2,19.6,19.6,24.0,96,0.77,0.511,0.512,0.492,25.1,25.1,22.71792,75.8333,ERA5,Asia/Kolkata,Open-Meteo Historical Weather API
MP-Indore,2016-08-07,23.5,24.7,22.3,46.1,46.1,24.0,95,1.04,0.506,0.514,0.494,24.1,24.5,22.71792,75.8333,ERA5,Asia/Kolkata,Open-Meteo Historical Weather API
MP-Indore,2016-08-08,23.4,24.8,22.4,18.9,18.9,24.0,96,0.94,0.51,0.513,0.5,23.9,24.2,22.71792,75.8333,ERA5,Asia/Kolkata,Open-Meteo Historical Weather API
MP-Indore,2016-08-09,24.1,26.4,23.1,18.1,18.1,17.0,94,1.13,0.503,0.511,0.503,24.3,24.2,22.71792,75.8333,ERA5,Asia/Kolkata,Open-Meteo Historical Weather API
MP-Indore,2016-08-10,23.9,26.2,22.9,9.4,9.4,15.0,96,0.89,0.504,0.511,0.508,24.2,24.2,22.71792,75.8333,ERA5,Asia/Kolkata,Open-Meteo Historical Weather API
MP-Indore,2016-08-11,24.8,27.9,23.2,3.3,3.3,13.0,90,2.56,0.496,0.502,0.504,25.0,24.6,22.71792,75.8333,ERA5,Asia/Kolkata,Open-Meteo Historical Weather API
MP-Indore,2016-08-12,25.5,28.7,23.2,0.4,0.4,2.0,84,2.91,0.486,0.493,0.496,25.6,25.1,22.71792,75.8333,ERA5,Asia/Kolkata,Open-Meteo Historical Weather API
MP-Indore,2016-08-13,25.1,27.2,23.6,4.2,4.2,10.0,87,2.62,0.481,0.484,0.486,25.7,25.5,22.71792,75.8333,ERA5,Asia/Kolkata,Open-Meteo Historical Weather API
MP-Indore,2016-08-14,25.3,27.9,23.1,0.4,0.4,3.0,84,2.54,0.477,0.48,0.477,25.4,25.3,22.71792,75.8333,ERA5,Asia/Kolkata,Open-Meteo Historical Weather API
MP-Indore,2016-08-15,25.4,28.3,23.1,0.3,0.3,2.0,81,3.12,0.467,0.474,0.47,25.6,25.4,22.71792,75.8333,ERA5,Asia/Kolkata,Open-Meteo Historical Weather API
MP-Indore,2016-08-16,25.2,28.3,22.8,0.1,0.1,1.0,80,3.81,0.455,0.467,0.463,25.6,25.4,22.71792,75.8333,ERA5,Asia/Kolkata,Open-Meteo Historical Weather API
MP-Indore,2016-08-17,25.7,29.1,22.9,0.6,0.6,5.0,78,3.72,0.445,0.458,0.457,25.7,25.4,22.71792,75.8333,ERA5,Asia/Kolkata,Open-Meteo Historical Weather API
MP-Indore,2016-08-18,25.7,29.2,22.6,1.6,1.6,9.0,80,3.94,0.441,0.451,0.451,26.0,25.6,22.71792,75.8333,ERA5,Asia/Kolkata,Open-Meteo Historical Weather API
MP-Indore,2016-08-19,23.6,25.0,22.5,9.0,9.0,13.0,90,1.29,0.459,0.448,0.446,24.3,25.1,22.71792,75.8333,ERA5,Asia/Kolkata,Open-Meteo Historical Weather API
MP-Indore,2016-08-20,22.3,22.9,21.4,133.1,133.1,24.0,94,0.79,0.51,0.509,0.476,23.2,24.1,22.71792,75.8333,ERA5,Asia/Kolkata,Open-Meteo Historical Weather API
MP-Indore,2016-08-21,23.1,24.9,21.6,40.1,40.1,20.0,88,1.79,0.505,0.506,0.482,23.1,23.5,22.71792,75.8333,ERA5,Asia/Kolkata,Open-Meteo Historical Weather API
MP-Indore,2016-08-22,24.1,26.9,22.8,3.8,3.8,11.0,91,1.92,0.497,0.5,0.461,24.1,23.8,22.71792,75.8333,ERA5,Asia/Kolkata,Open-Meteo Historical Weather API
MP-Indore,2016-08-23,24.5,26.7,23.1,3.4,3.4,13.0,90,1.96,0.498,0.495,0.456,24.7,24.4,22.71792,75.8333,ERA5,Asia/Kolkata,Open-Meteo Historical Weather API
MP-Indore,2016-08-24,24.9,28.0,22.9,1.7,1.7,10.0,89,2.36,0.488,0.489,0.452,25.2,24.8,22.71792,75.8333,ERA5,Asia/Kolkata,Open-Meteo Historical Weather API
MP-Indore,2016-08-25,25.5,29.1,22.4,0.0,0.0,0.0,83,3.4,0.474,0.481,0.447,25.8,25.1,22.71792,75.8333,ERA5,Asia/Kolkata,Open-Meteo Historical Weather API
MP-Indore,2016-08-26,26.0,29.6,22.7,1.2,1.2,6.0,83,3.45,0.463,0.471,0.442,26.2,25.5,22.71792,75.8333,ERA5,Asia/Kolkata,Open-Meteo Historical Weather API
MP-Indore,2016-08-27,25.7,29.1,23.9,17.9,17.9,21.0,88,2.37,0.497,0.484,0.44,26.4,25.8,22.71792,75.8333,ERA5,Asia/Kolkata,Open-Meteo Historical Weather API
MP-Indore,2016-08-28,26.4,29.4,23.9,5.0,5.0,13.0,89,2.13,0.497,0.495,0.443,26.8,25.9,22.71792,75.8333,ERA5,Asia/Kolkata,Open-Meteo Historical Weather API
MP-Indore,2016-08-29,27.0,30.8,24.5,1.9,1.9,4.0,85,3.3,0.484,0.486,0.444,27.3,26.2,22.71792,75.8333,ERA5,Asia/Kolkata,Open-Meteo Historical Weather API
MP-Indore,2016-08-30,26.6,30.5,24.3,2.7,2.7,6.0,85,3.34,0.478,0.478,0.441,27.1,26.4,22.71792,75.8333,ERA5,Asia/Kolkata,Open-Meteo Historical Weather API
MP-Indore,2016-08-31,25.4,27.7,23.5,12.9,12.9,13.0,90,2.04,0.489,0.485,0.439,26.3,26.2,22.71792,75.8333,ERA5,Asia/Kolkata,Open-Meteo Historical Weather API
MP-Indore,2016-09-01,24.7,27.1,22.6,16.5,16.5,21.0,90,2.09,0.507,0.506,0.443,25.4,25.5,22.71792,75.8333,ERA5,Asia/Kolkata,Open-Meteo Historical Weather API
MP-Indore,2016-09-02,25.0,27.3,23.2,7.4,7.4,13.0,90,1.94,0.505,0.507,0.453,25.3,25.2,22.71792,75.8333,ERA5,Asia/Kolkata,Open-Meteo Historical Weather API
MP-Indore,2016-09-03,25.4,28.5,22.9,1.6,1.6,7.0,83,3.71,0.486,0.493,0.457,25.9,25.3,22.71792,75.8333,ERA5,Asia/Kolkata,Open-Meteo Historical Weather API
MP-Indore,2016-09-04,25.0,28.9,21.6,0.8,0.8,5.0,79,4.02,0.474,0.481,0.455,25.6,25.2,22.71792,75.8333,ERA5,Asia/Kolkata,Open-Meteo Historical Weather API
MP-Indore,2016-09-05,24.9,28.8,21.8,0.3,0.3,3.0,79,4.0,0.462,0.471,0.452,25.4,25.2,22.71792,75.8333,ERA5,Asia/Kolkata,Open-Meteo Historical Weather API
MP-Indore,2016-09-06,25.1,29.1,21.2,0.0,0.0,0.0,77,3.94,0.448,0.461,0.449,25.3,25.0,22.71792,75.8333,ERA5,Asia/Kolkata,Open-Meteo Historical Weather API
MP-Indore,2016-09-07,24.9,28.5,21.7,0.7,0.7,3.0,83,3.47,0.441,0.454,0.445,25.6,24.9,22.71792,75.8333,ERA5,Asia/Kolkata,Open-Meteo Historical Weather API
MP-Indore,2016-09-08,25.2,28.0,21.8,1.0,1.0,5.0,81,3.91,0.437,0.447,0.441,25.9,25.2,22.71792,75.8333,ERA5,Asia/Kolkata,Open-Meteo Historical Weather API
MP-Indore,2016-09-09,26.0,30.3,22.1,0.4,0.4,4.0,77,3.91,0.429,0.439,0.437,26.1,25.4,22.71792,75.8333,ERA5,Asia/Kolkata,Open-Meteo Historical Weather API
MP-Indore,2016-09-10,26.2,30.2,22.3,0.0,0.0,0.0,75,4.08,0.415,0.429,0.432,26.3,25.6,22.71792,75.8333,ERA5,Asia/Kolkata,Open-Meteo Historical Weather API
MP-Indore,2016-09-11,25.9,30.0,22.6,0.1,0.1,1.0,77,3.95,0.403,0.419,0.427,26.3,25.7,22.71792,75.8333,ERA5,Asia/Kolkata,Open-Meteo Historical Weather API
MP-Indore,2016-09-12,26.2,30.4,22.2,0.0,0.0,0.0,74,3.99,0.391,0.409,0.422,26.3,25.6,22.71792,75.8333,ERA5,Asia/Kolkata,Open-Meteo Historical Weather API
MP-Indore,2016-09-13,27.1,31.2,22.8,0.1,0.1,1.0,71,4.32,0.377,0.399,0.416,27.0,25.9,22.71792,75.8333,ERA5,Asia/Kolkata,Open-Meteo Historical Weather API
MP-Indore,2016-09-14,27.3,31.0,23.8,1.1,1.1,2.0,74,4.51,0.37,0.389,0.411,27.7,26.5,22.71792,75.8333,ERA5,Asia/Kolkata,Open-Meteo Historical Weather API
MP-Indore,2016-09-15,27.3,32.3,24.7,4.0,4.0,5.0,78,3.82,0.379,0.381,0.406,27.8,27.0,22.71792,75.8333,ERA5,Asia/Kolkata,Open-Meteo Historical Weather API
MP-Indore,2016-09-16,26.1,31.0,23.9,12.1,12.1,14.0,86,2.93,0.443,0.385,0.404,27.1,26.8,22.71792,75.8333,ERA5,Asia/Kolkata,Open-Meteo Historical Weather API
MP-Indore,2016-09-17,25.7,29.5,23.7,16.2,16.2,17.0,88,2.84,0.481,0.417,0.403,26.8,26.6,22.71792,75.8333,ERA5,Asia/Kolkata,Open-Meteo Historical Weather API
MP-Indore,2016-09-18,26.1,29.8,23.6,10.4,10.4,16.0,87,3.43,0.495,0.466,0.402,27.2,26.7,22.71792,75.8333,ERA5,Asia/Kolkata,Open-Meteo Historical Weather API
MP-Indore,2016-09-19,25.8,29.5,23.8,8.8,8.8,9.0,89,2.6,0.497,0.491,0.404,27.1,26.7,22.71792,75.8333,ERA5,Asia/Kolkata,Open-Meteo Historical Weather API
MP-Indore,2016-09-20,26.3,31.0,23.9,3.4,3.4,3.0,83,3.44,0.49,0.491,0.409,27.0,26.6,22.71792,75.8333,ERA5,Asia/Kolkata,Open-Meteo Historical Weather API
MP-Indore,2016-09-21,25.7,29.7,23.3,15.0,15.0,11.0,84,3.19,0.488,0.487,0.411,26.7,26.6,22.71792,75.8333,ERA5,Asia/Kolkata,Open-Meteo Historical Weather API
MP-Indore,2016-09-22,25.9,30.5,23.2,13.3,13.3,14.0,85,3.0,0.502,0.495,0.421,26.8,26.5,22.71792,75.8333,ERA5,Asia/Kolkata,Open-Meteo Historical Weather API
MP-Indore,2016-09-23,27.0,30.8,23.4,0.0,0.0,0.0,79,4.28,0.484,0.49,0.428,27.6,26.6,22.71792,75.8333,ERA5,Asia/Kolkata,Open-Meteo Historical Weather API
MP-Indore,2016-09-24,26.9,30.4,24.0,0.0,0.0,0.0,76,4.5,0.459,0.472,0.427,27.4,26.9,22.71792,75.8333,ERA5,Asia/Kolkata,Open-Meteo Historical Weather API
MP-Indore,2016-09-25,27.1,31.4,23.5,0.8,0.8,5.0,76,4.43,0.443,0.458,0.425,27.6,27.0,22.71792,75.8333,ERA5,Asia/Kolkata,Open-Meteo Historical Weather API
MP-Indore,2016-09-26,27.3,31.5,24.3,0.5,0.5,2.0,79,4.39,0.432,0.447,0.422,28.0,27.2,22.71792,75.8333,ERA5,Asia/Kolkata,Open-Meteo Historical Weather API
MP-Indore,2016-09-27,27.4,31.6,24.2,0.8,0.8,3.0,76,4.38,0.421,0.436,0.418,27.8,27.2,22.71792,75.8333,ERA5,Asia/Kolkata,Open-Meteo Historical Weather API
MP-Indore,2016-09-28,27.4,31.4,24.2,0.2,0.2,1.0,73,4.91,0.408,0.425,0.414,27.7,27.2,22.71792,75.8333,ERA5,Asia/Kolkata,Open-Meteo Historical Weather API
MP-Indore,2016-09-29,26.9,31.2,23.8,0.2,0.2,1.0,71,5.04,0.388,0.414,0.411,27.5,27.1,22.71792,75.8333,ERA5,Asia/Kolkata,Open-Meteo Historical Weather API
MP-Indore,2016-09-30,26.5,30.4,23.8,0.7,0.7,3.0,73,3.83,0.374,0.404,0.408,27.3,26.9,22.71792,75.8333,ERA5,Asia/Kolkata,Open-Meteo Historical Weather API
MP-Indore,2016-10-01,25.7,29.0,23.9,13.0,13.0,17.0,85,2.77,0.438,0.405,0.406,26.9,26.8,22.71792,75.8333,ERA5,Asia/Kolkata,Open-Meteo Historical Weather API
MP-Indore,2016-10-02,26.4,30.6,23.7,7.8,7.8,9.0,85,3.32,0.476,0.422,0.404,27.5,26.8,22.71792,75.8333,ERA5,Asia/Kolkata,Open-Meteo Historical Weather API
MP-Indore,2016-10-03,26.3,30.3,23.6,6.3,6.3,9.0,86,3.3,0.485,0.448,0.402,27.7,27.0,22.71792,75.8333,ERA5,Asia/Kolkata,Open-Meteo Historical Weather API
MP-Indore,2016-10-04,26.4,30.9,23.2,4.8,4.8,6.0,87,3.16,0.479,0.457,0.401,27.9,27.0,22.71792,75.8333,ERA5,Asia/Kolkata,Open-Meteo Historical Weather API
MP-Indore,2016-10-05,25.2,28.3,23.6,10.4,10.4,8.0,88,2.39,0.486,0.468,0.401,26.7,26.5,22.71792,75.8333,ERA5,Asia/Kolkata,Open-Meteo Historical Weather API
MP-Indore,2016-10-06,25.0,28.8,23.1,2.2,2.2,9.0,88,1.96,0.487,0.478,0.403,25.9,25.8,22.71792,75.8333,ERA5,Asia/Kolkata,Open-Meteo Historical Weather API
MP-Indore,2016-10-07,25.5,28.3,23.3,1.0,1.0,4.0,85,2.23,0.477,0.474,0.403,26.1,25.7,22.71792,75.8333,ERA5,Asia/Kolkata,Open-Meteo Historical Weather API
MP-Indore,2016-10-08,26.2,31.3,23.1,4.8,4.8,10.0,82,3.0,0.478,0.471,0.403,26.5,25.9,22.71792,75.8333,ERA5,Asia/Kolkata,Open-Meteo Historical Weather API
MP-Indore,2016-10-09,26.7,31.4,23.5,0.3,0.3,1.0,83,4.03,0.464,0.465,0.403,27.2,26.3,22.71792,75.8333,ERA5,Asia/Kolkata,Open-Meteo Historical Weather API
MP-Indore,2016-10-10,26.5,31.0,23.8,0.6,0.6,1.0,81,3.99,0.447,0.454,0.402,27.4,26.8,22.71792,75.8333,ERA5,Asia/Kolkata,Open-Meteo Historical Weather API
MP-Indore,2016-10-11,25.6,30.9,22.3,0.0,0.0,0.0,77,4.49,0.427,0.443,0.4,26.8,26.5,22.71792,75.8333,ERA5,Asia/Kolkata,Open-Meteo Historical Weather API
MP-Indore,2016-10-12,24.6,30.1,20.7,0.0,0.0,0.0,73,4.59,0.407,0.428,0.396,26.0,25.8,22.71792,75.8333,ERA5,Asia/Kolkata,Open-Meteo Historical Weather API
MP-Indore,2016-10-13,23.7,29.6,18.8,0.0,0.0,0.0,69,4.52,0.388,0.415,0.392,25.4,25.3,22.71792,75.8333,ERA5,Asia/Kolkata,Open-Meteo Historical Weather API
MP-Indore,2016-10-14,24.4,30.3,19.5,1.2,1.2,3.0,75,3.76,0.378,0.405,0.389,25.3,25.1,22.71792,75.8333,ERA5,Asia/Kolkata,Open-Meteo Historical Weather API
MP-Indore,2016-10-15,25.5,31.2,20.9,0.0,0.0,0.0,66,3.94,0.371,0.397,0.386,25.9,25.4,22.71792,75.8333,ERA5,Asia/Kolkata,Open-Meteo Historical Weather API
MP-Indore,2016-10-16,25.9,32.2,21.8,0.0,0.0,0.0,60,4.12,0.353,0.385,0.38,26.2,25.7,22.71792,75.8333,ERA5,Asia/Kolkata,Open-Meteo Historical Weather API
MP-Indore,2016-10-17,25.1,31.7,18.3,0.0,0.0,0.0,57,4.68,0.338,0.373,0.375,25.6,25.6,22.71792,75.8333,ERA5,Asia/Kolkata,Open-Meteo Historical Weather API
MP-Indore,2016-10-18,25.3,32.5,20.1,0.0,0.0,0.0,54,4.68,0.324,0.361,0.368,25.8,25.6,22.71792,75.8333,ERA5,Asia/Kolkata,Open-Meteo Historical Weather API
MP-Indore,2016-10-19,25.2,32.7,18.4,0.0,0.0,0.0,51,5.03,0.307,0.347,0.36,25.7,25.5,22.71792,75.8333,ERA5,Asia/Kolkata,Open-Meteo Historical Weather API
MP-Indore,2016-10-20,25.5,32.6,19.5,0.0,0.0,0.0,52,5.08,0.296,0.335,0.354,26.1,25.6,22.71792,75.8333,ERA5,Asia/Kolkata,Open-Meteo Historical Weather API
MP-Indore,2016-10-21,26.0,32.8,20.1,0.0,0.0,0.0,50,5.0,0.285,0.326,0.349,26.6,26.0,22.71792,75.8333,ERA5,Asia/Kolkata,Open-Meteo Historical Weather API
MP-Indore,2016-10-22,26.1,33.0,20.5,0.0,0.0,0.0,50,4.69,0.276,0.316,0.344,26.9,26.4,22.71792,75.8333,ERA5,Asia/Kolkata,Open-Meteo Historical Weather API
MP-Indore,2016-10-23,25.8,32.3,20.6,0.0,0.0,0.0,50,5.12,0.271,0.309,0.34,26.8,26.6,22.71792,75.8333,ERA5,Asia/Kolkata,Open-Meteo Historical Weather API
MP-Indore,2016-10-24,25.0,31.4,19.7,0.0,0.0,0.0,52,5.2,0.265,0.303,0.337,26.5,26.5,22.71792,75.8333,ERA5,Asia/Kolkata,Open-Meteo Historical Weather API
MP-Indore,2016-10-25,24.2,31.1,19.2,0.0,0.0,0.0,54,4.63,0.262,0.3,0.335,26.2,26.2,22.71792,75.8333,ERA5,Asia/Kolkata,Open-Meteo Historical Weather API
MP-Indore,2016-10-26,24.7,31.5,19.3,0.0,0.0,0.0,56,4.3,0.258,0.294,0.331,25.9,26.2,22.71792,75.8333,ERA5,Asia/Kolkata,Open-Meteo Historical Weather API
MP-Indore,2016-10-27,25.3,32.3,18.3,0.0,0.0,0.0,53,5.0,0.255,0.29,0.329,26.3,26.2,22.71792,75.8333,ERA5,Asia/Kolkata,Open-Meteo Historical Weather API
MP-Indore,2016-10-28,24.1,31.7,17.7,0.0,0.0,0.0,48,4.96,0.252,0.288,0.326,25.8,26.1,22.71792,75.8333,ERA5,Asia/Kolkata,Open-Meteo Historical Weather API
MP-Indore,2016-10-29,23.8,31.1,17.7,0.0,0.0,0.0,47,4.85,0.251,0.286,0.325,25.3,25.7,22.71792,75.8333,ERA5,Asia/Kolkata,Open-Meteo Historical Weather API
MP-Indore,2016-10-30,22.8,30.6,16.8,0.0,0.0,0.0,49,4.82,0.251,0.284,0.324,24.4,25.2,22.71792,75.8333,ERA5,Asia/Kolkata,Open-Meteo Historical Weather API
MP-Indore,2016-10-31,23.2,30.7,15.9,0.0,0.0,0.0,44,4.78,0.252,0.282,0.322,24.3,24.9,22.71792,75.8333,ERA5,Asia/Kolkata,Open-Meteo Historical Weather API
MP-Indore,2016-11-01,22.8,31.1,15.3,0.0,0.0,0.0,44,4.98,0.251,0.282,0.322,24.2,24.7,22.71792,75.8333,ERA5,Asia/Kolkata,Open-Meteo Historical Weather API
MP-Indore,2016-11-02,22.5,30.0,16.1,0.0,0.0,0.0,47,4.75,0.25,0.281,0.321,24.3,24.7,22.71792,75.8333,ERA5,Asia/Kolkata,Open-Meteo Historical Weather API
MP-Indore,2016-11-03,22.5,29.9,15.3,0.0,0.0,0.0,53,4.37,0.25,0.279,0.319,24.1,24.7,22.71792,75.8333,ERA5,Asia/Kolkata,Open-Meteo Historical Weather API
MP-Indore,2016-11-04,22.5,29.9,15.7,0.0,0.0,0.0,54,4.14,0.25,0.278,0.319,24.0,24.5,22.71792,75.8333,ERA5,Asia/Kolkata,Open-Meteo Historical Weather API
MP-Indore,2016-11-05,22.4,30.2,16.7,0.0,0.0,0.0,50,4.33,0.252,0.278,0.319,24.0,24.6,22.71792,75.8333,ERA5,Asia/Kolkata,Open-Meteo Historical Weather API
MP-Indore,2016-11-06,22.7,30.9,14.7,0.0,0.0,0.0,44,4.26,0.252,0.279,0.319,24.0,24.5,22.71792,75.8333,ERA5,Asia/Kolkata,Open-Meteo Historical Weather API
MP-Indore,2016-11-07,23.5,31.5,16.0,0.0,0.0,0.0,42,4.49,0.253,0.279,0.32,24.6,24.8,22.71792,75.8333,ERA5,Asia/Kolkata,Open-Meteo Historical Weather API
MP-Indore,2016-11-08,22.8,31.4,15.6,0.0,0.0,0.0,36,4.68,0.256,0.278,0.318,24.0,24.7,22.71792,75.8333,ERA5,Asia/Kolkata,Open-Meteo Historical Weather API
MP-Indore,2016-11-09,21.8,31.1,13.5,0.0,0.0,0.0,40,4.45,0.256,0.281,0.319,23.2,24.2,22.71792,75.8333,ERA5,Asia/Kolkata,Open-Meteo Historical Weather API
MP-Indore,2016-11-10,22.2,31.5,14.6,0.0,0.0,0.0,46,4.49,0.258,0.286,0.322,23.1,23.8,22.71792,75.8333,ERA5,Asia/Kolkata,Open-Meteo Historical Weather API
MP-Indore,2016-11-11,22.8,31.5,14.7,0.0,0.0,0.0,49,4.34,0.255,0.283,0.321,23.9,24.0,22.71792,75.8333,ERA5,Asia/Kolkata,Open-Meteo Historical Weather API
MP-Indore,2016-11-12,23.2,30.7,16.8,0.0,0.0,0.0,47,4.18,0.253,0.28,0.319,23.8,24.2,22.71792,75.8333,ERA5,Asia/Kolkata,Open-Meteo Historical Weather API
MP-Indore,2016-11-13,22.6,29.8,15.9,0.0,0.0,0.0,49,4.01,0.253,0.281,0.319,23.6,24.2,22.71792,75.8333,ERA5,Asia/Kolkata,Open-Meteo Historical Weather API
MP-Indore,2016-11-14,22.5,29.9,17.0,0.0,0.0,0.0,47,4.09,0.252,0.28,0.319,23.4,24.0,22.71792,75.8333,ERA5,Asia/Kolkata,Open-Meteo Historical Weather API
MP-Indore,2016-11-15,22.0,29.9,16.6,0.0,0.0,0.0,46,4.34,0.252,0.281,0.319,23.0,23.7,22.71792,75.8333,ERA5,Asia/Kolkata,Open-Meteo Historical Weather API
MP-Indore,2016-11-16,21.6,29.6,15.0,0.0,0.0,0.0,45,4.48,0.251,0.279,0.318,23.1,23.6,22.71792,75.8333,ERA5,Asia/Kolkata,Open-Meteo Historical Weather API
MP-Indore,2016-11-17,21.0,28.9,13.7,0.0,0.0,0.0,52,4.26,0.25,0.275,0.314,22.9,23.4,22.71792,75.8333,ERA5,Asia/Kolkata,Open-Meteo Historical Weather API
MP-Indore,2016-11-18,21.4,30.5,14.6,0.0,0.0,0.0,52,4.07,0.25,0.273,0.312,22.6,23.3,22.71792,75.8333,ERA5,Asia/Kolkata,Open-Meteo Historical Weather API
MP-Indore,2016-11-19,22.1,30.8,16.1,0.0,0.0,0.0,49,3.77,0.249,0.274,0.312,22.7,23.2,22.71792,75.8333,ERA5,Asia/Kolkata,Open-Meteo Historical Weather API
MP-Indore,2016-11-20,22.7,31.4,16.2,0.0,0.0,0.0,47,4.11,0.249,0.275,0.311,23.1,23.3,22.71792,75.8333,ERA5,Asia/Kolkata,Open-Meteo Historical Weather API
MP-Indore,2016-11-21,22.5,30.6,16.2,0.0,0.0,0.0,45,3.97,0.249,0.276,0.311,22.7,23.4,22.71792,75.8333,ERA5,Asia/Kolkata,Open-Meteo Historical Weather API
MP-Indore,2016-11-22,22.6,30.8,17.3,0.0,0.0,0.0,48,3.73,0.25,0.277,0.311,22.9,23.4,22.71792,75.8333,ERA5,Asia/Kolkata,Open-Meteo Historical Weather API
MP-Indore,2016-11-23,22.2,30.9,15.1,0.0,0.0,0.0,52,3.93,0.25,0.277,0.311,22.9,23.4,22.71792,75.8333,ERA5,Asia/Kolkata,Open-Meteo Historical Weather API
MP-Indore,2016-11-24,21.9,30.2,15.0,0.0,0.0,0.0,49,4.39,0.248,0.275,0.307,22.9,23.2,22.71792,75.8333,ERA5,Asia/Kolkata,Open-Meteo Historical Weather API
MP-Indore,2016-11-25,21.5,30.9,14.0,0.0,0.0,0.0,45,4.4,0.245,0.273,0.302,22.9,23.2,22.71792,75.8333,ERA5,Asia/Kolkata,Open-Meteo Historical Weather API
MP-Indore,2016-11-26,21.7,31.3,13.9,0.0,0.0,0.0,45,4.14,0.245,0.272,0.301,22.9,23.1,22.71792,75.8333,ERA5,Asia/Kolkata,Open-Meteo Historical Weather API
MP-Indore,2016-11-27,22.2,31.7,14.5,0.0,0.0,0.0,43,4.17,0.247,0.27,0.299,23.1,23.2,22.71792,75.8333,ERA5,Asia/Kolkata,Open-Meteo Historical Weather API
MP-Indore,2016-11-28,22.0,31.2,14.2,0.0,0.0,0.0,41,4.0,0.248,0.269,0.297,23.0,23.4,22.71792,75.8333,ERA5,Asia/Kolkata,Open-Meteo Historical Weather API
MP-Indore,2016-11-29,22.5,31.5,15.1,0.0,0.0,0.0,46,3.78,0.249,0.269,0.296,22.7,23.3,22.71792,75.8333,ERA5,Asia/Kolkata,Open-Meteo Historical Weather API
MP-Indore,2016-11-30,23.2,31.7,16.3,0.0,0.0,0.0,47,3.81,0.25,0.269,0.295,23.1,23.3,22.71792,75.8333,ERA5,Asia/Kolkata,Open-Meteo Historical Weather API
MP-Indore,2016-12-01,22.9,30.9,16.2,0.0,0.0,0.0,51,3.74,0.248,0.269,0.29,23.5,23.6,22.71792,75.8333,ERA5,Asia/Kolkata,Open-Meteo Historical Weather API
MP-Indore,2016-12-02,21.4,29.0,15.2,0.0,0.0,0.0,53,4.1,0.244,0.269,0.286,23.2,23.7,22.71792,75.8333,ERA5,Asia/Kolkata,Open-Meteo Historical Weather API
MP-Indore,2016-12-03,20.7,28.0,15.2,0.0,0.0,0.0,58,3.85,0.247,0.269,0.287,22.7,23.4,22.71792,75.8333,ERA5,Asia/Kolkata,Open-Meteo Historical Weather API
MP-Indore,2016-12-04,20.5,27.8,14.6,0.0,0.0,0.0,61,3.62,0.248,0.27,0.288,22.6,23.2,22.71792,75.8333,ERA5,Asia/Kolkata,Open-Meteo Historical Weather API
MP-Indore,2016-12-05,19.7,27.9,13.0,0.0,0.0,0.0,52,3.78,0.247,0.27,0.285,22.1,22.9,22.71792,75.8333,ERA5,Asia/Kolkata,Open-Meteo Historical Weather API
MP-Indore,2016-12-06,20.0,29.0,12.6,0.0,0.0,0.0,48,4.27,0.247,0.27,0.282,21.6,22.4,22.71792,75.8333,ERA5,Asia/Kolkata,Open-Meteo Historical Weather API
MP-Indore,2016-12-07,20.4,29.7,13.1,0.0,0.0,0.0,48,4.13,0.244,0.269,0.277,22.0,22.3,22.71792,75.8333,ERA5,Asia/Kolkata,Open-Meteo Historical Weather API
MP-Indore,2016-12-08,20.1,29.6,12.3,0.0,0.0,0.0,47,3.98,0.245,0.268,0.275,21.8,22.3,22.71792,75.8333,ERA5,Asia/Kolkata,Open-Meteo Historical Weather API
MP-Indore,2016-12-09,20.3,29.5,12.1,0.0,0.0,0.0,44,3.8,0.247,0.269,0.275,21.7,22.2,22.71792,75.8333,ERA5,Asia/Kolkata,Open-Meteo Historical Weather API
MP-Indore,2016-12-10,21.1,29.9,14.1,0.0,0.0,0.0,45,3.62,0.252,0.269,0.275,21.9,22.1,22.71792,75.8333,ERA5,Asia/Kolkata,Open-Meteo Historical Weather API
MP-Indore,2016-12-11,21.3,30.1,14.2,0.0,0.0,0.0,48,3.71,0.253,0.268,0.275,22.0,22.3,22.71792,75.8333,ERA5,Asia/Kolkata,Open-Meteo Historical Weather API
MP-Indore,2016-12-12,20.9,30.3,13.4,0.0,0.0,0.0,47,3.56,0.255,0.27,0.276,22.1,22.4,22.71792,75.8333,ERA5,Asia/Kolkata,Open-Meteo Historical Weather API
MP-Indore,2016-12-13,21.1,29.2,14.2,0.0,0.0,0.0,51,3.9,0.257,0.271,0.278,22.2,22.5,22.71792,75.8333,ERA5,Asia/Kolkata,Open-Meteo Historical Weather API
MP-Indore,2016-12-14,20.8,28.5,15.1,0.0,0.0,0.0,49,4.18,0.257,0.272,0.278,22.3,22.5,22.71792,75.8333,ERA5,Asia/Kolkata,Open-Meteo Historical Weather API
MP-Indore,2016-12-15,20.5,28.6,14.7,0.0,0.0,0.0,49,3.95,0.26,0.273,0.278,22.0,22.5,22.71792,75.8333,ERA5,Asia/Kolkata,Open-Meteo Historical Weather API
MP-Indore,2016-12-16,20.6,28.4,13.3,0.0,0.0,0.0,50,3.64,0.261,0.275,0.281,21.7,22.2,22.71792,75.8333,ERA5,Asia/Kolkata,Open-Meteo Historical Weather API
MP-Indore,2016-12-17,20.4,28.2,13.4,0.0,0.0,0.0,50,3.48,0.262,0.277,0.285,21.4,22.0,22.71792,75.8333,ERA5,Asia/Kolkata,Open-Meteo Historical Weather API
MP-Indore,2016-12-18,19.4,26.5,12.9,0.0,0.0,0.0,59,3.44,0.262,0.277,0.285,21.0,21.7,22.71792,75.8333,ERA5,Asia/Kolkata,Open-Meteo Historical Weather API
MP-Indore,2016-12-19,18.7,26.6,12.6,0.0,0.0,0.0,58,3.56,0.264,0.277,0.287,20.7,21.5,22.71792,75.8333,ERA5,Asia/Kolkata,Open-Meteo Historical Weather API
MP-Indore,2016-12-20,18.3,27.1,11.6,0.0,0.0,0.0,54,3.74,0.266,0.279,0.29,20.2,21.2,22.71792,75.8333,ERA5,Asia/Kolkata,Open-Meteo Historical Weather API
MP-Indore,2016-12-21,19.1,28.2,11.4,0.0,0.0,0.0,49,3.61,0.267,0.281,0.292,20.3,20.9,22.71792,75.8333,ERA5,Asia/Kolkata,Open-Meteo Historical Weather API
MP-Indore,2016-12-22,18.9,29.0,11.3,0.0,0.0,0.0,45,3.89,0.269,0.285,0.297,20.0,20.8,22.71792,75.8333,ERA5,Asia/Kolkata,Open-Meteo Historical Weather API
MP-Indore,2016-12-23,19.5,29.4,11.1,0.0,0.0,0.0,44,3.43,0.27,0.288,0.3,19.8,20.8,22.71792,75.8333,ERA5,Asia/Kolkata,Open-Meteo Historical Weather API
MP-Indore,2016-12-24,20.9,30.1,14.0,0.0,0.0,0.0,47,3.77,0.268,0.288,0.301,20.1,20.7,22.71792,75.8333,ERA5,Asia/Kolkata,Open-Meteo Historical Weather API
MP-Indore,2016-12-25,19.6,27.6,12.3,0.0,0.0,0.0,51,4.07,0.268,0.286,0.299,20.4,21.0,22.71792,75.8333,ERA5,Asia/Kolkata,Open-Meteo Historical Weather API
MP-Indore,2016-12-26,16.8,24.2,10.9,0.0,0.0,0.0,47,3.87,0.27,0.286,0.3,19.0,20.5,22.71792,75.8333,ERA5,Asia/Kolkata,Open-Meteo Historical Weather API
MP-Indore,2016-12-27,17.2,25.4,10.5,0.0,0.0,0.0,59,3.6,0.271,0.286,0.3,18.8,19.8,22.71792,75.8333,ERA5,Asia/Kolkata,Open-Meteo Historical Weather API
MP-Indore,2016-12-28,18.4,27.2,11.1,0.0,0.0,0.0,56,3.7,0.27,0.284,0.298,19.3,19.9,22.71792,75.8333,ERA5,Asia/Kolkata,Open-Meteo Historical Weather API
MP-Indore,2016-12-29,19.6,28.8,12.1,0.0,0.0,0.0,54,3.61,0.27,0.284,0.296,19.8,20.1,22.71792,75.8333,ERA5,Asia/Kolkata,Open-Meteo Historical Weather API
MP-Indore,2016-12-30,21.1,30.0,14.8,0.0,0.0,0.0,51,3.52,0.267,0.283,0.293,20.2,20.4,22.71792,75.8333,ERA5,Asia/Kolkata,Open-Meteo Historical Weather API
MP-Indore,2016-12-31,21.4,29.9,14.5,0.0,0.0,0.0,52,3.9,0.261,0.279,0.289,21.1,21.0,22.71792,75.8333,ERA5,Asia/Kolkata,Open-Meteo Historical Weather API
MP-Indore,2017-01-01,21.0,28.4,15.1,0.0,0.0,0.0,51,3.97,0.262,0.278,0.288,21.1,21.2,22.71792,75.8333,ERA5,Asia/Kolkata,Open-Meteo Historical Weather API
MP-Indore,2017-01-02,18.3,25.9,12.7,0.0,0.0,0.0,61,3.73,0.265,0.282,0.293,20.0,21.1,22.71792,75.8333,ERA5,Asia/Kolkata,Open-Meteo Historical Weather API
MP-Indore,2017-01-03,16.9,23.9,11.8,0.0,0.0,0.0,65,3.28,0.268,0.284,0.295,19.3,20.5,22.71792,75.8333,ERA5,Asia/Kolkata,Open-Meteo Historical Weather API
MP-Indore,2017-01-04,17.9,26.2,10.8,0.0,0.0,0.0,63,3.38,0.265,0.282,0.293,19.5,20.1,22.71792,75.8333,ERA5,Asia/Kolkata,Open-Meteo Historical Weather API
MP-Indore,2017-01-05,18.9,27.4,12.1,0.0,0.0,0.0,55,3.69,0.261,0.279,0.29,19.8,20.2,22.71792,75.8333,ERA5,Asia/Kolkata,Open-Meteo Historical Weather API
MP-Indore,2017-01-06,19.6,27.7,14.0,0.0,0.0,0.0,49,4.03,0.259,0.277,0.289,19.9,20.2,22.71792,75.8333,ERA5,Asia/Kolkata,Open-Meteo Historical Weather API
MP-Indore,2017-01-07,18.4,25.6,12.0,0.0,0.0,0.0,63,3.47,0.26,0.278,0.29,20.0,20.4,22.71792,75.8333,ERA5,Asia/Kolkata,Open-Meteo Historical Weather API
MP-Indore,2017-01-08,18.8,26.0,12.5,0.0,0.0,0.0,63,3.04,0.261,0.279,0.291,20.2,20.5,22.71792,75.8333,ERA5,Asia/Kolkata,Open-Meteo Historical Weather API
MP-Indore,2017-01-09,18.5,25.0,13.6,0.0,0.0,0.0,65,3.12,0.262,0.283,0.295,20.3,20.6,22.71792,75.8333,ERA5,Asia/Kolkata,Open-Meteo Historical Weather API
MP-Indore,2017-01-10,16.2,22.2,11.8,0.0,0.0,0.0,66,3.26,0.264,0.286,0.3,19.1,20.3,22.71792,75.8333,ERA5,Asia/Kolkata,Open-Meteo Historical Weather API
MP-Indore,2017-01-11,14.9,21.5,9.6,0.0,0.0,0.0,55,3.23,0.267,0.287,0.303,17.9,19.3,22.71792,75.8333,ERA5,Asia/Kolkata,Open-Meteo Historical Weather API
MP-Indore,2017-01-12,13.9,20.4,8.6,0.0,0.0,0.0,49,3.51,0.268,0.287,0.304,16.8,18.5,22.71792,75.8333,ERA5,Asia/Kolkata,Open-Meteo Historical Weather API
MP-Indore,2017-01-13,13.9,21.3,7.2,0.0,0.0,0.0,41,3.93,0.27,0.287,0.304,16.4,17.9,22.71792,75.8333,ERA5,Asia/Kolkata,Open-Meteo Historical Weather API
MP-Indore,2017-01-14,15.9,22.9,9.6,0.0,0.0,0.0,47,3.99,0.267,0.285,0.303,17.4,17.9,22.71792,75.8333,ERA5,Asia/Kolkata,Open-Meteo Historical Weather API
MP-Indore,2017-01-15,19.4,26.0,13.5,0.0,0.0,0.0,51,3.88,0.265,0.282,0.301,19.6,19.4,22.71792,75.8333,ERA5,Asia/Kolkata,Open-Meteo Historical Weather API
MP-Indore,2017-01-16,20.2,26.3,15.9,0.0,0.0,0.0,57,3.46,0.265,0.281,0.3,20.2,20.2,22.71792,75.8333,ERA5,Asia/Kolkata,Open-Meteo Historical Weather API
MP-Indore,2017-01-17,18.1,25.3,12.0,0.0,0.0,0.0,58,3.47,0.265,0.283,0.303,20.0,20.5,22.71792,75.8333,ERA5,Asia/Kolkata,Open-Meteo Historical Weather API
MP-Indore,2017-01-18,18.0,24.5,12.4,0.3,0.3,2.0,67,3.18,0.268,0.288,0.307,19.6,20.4,22.71792,75.8333,ERA5,Asia/Kolkata,Open-Meteo Historical Weather API
MP-Indore,2017-01-19,18.0,22.7,13.8,0.1,0.1,1.0,70,2.96,0.273,0.293,0.312,19.4,20.5,22.71792,75.8333,ERA5,Asia/Kolkata,Open-Meteo Historical Weather API
MP-Indore,2017-01-20,18.7,26.1,13.1,0.0,0.0,0.0,63,3.81,0.274,0.295,0.314,20.0,20.6,22.71792,75.8333,ERA5,Asia/Kolkata,Open-Meteo Historical Weather API
MP-Indore,2017-01-21,19.7,27.4,13.9,0.0,0.0,0.0,62,3.88,0.271,0.294,0.314,20.6,20.8,22.71792,75.8333,ERA5,Asia/Kolkata,Open-Meteo Historical Weather API
MP-Indore,2017-01-22,21.3,28.4,16.1,0.0,0.0,0.0,57,3.4,0.268,0.29,0.311,21.7,21.4,22.71792,75.8333,ERA5,Asia/Kolkata,Open-Meteo Historical Weather API
MP-Indore,2017-01-23,22.1,29.8,16.2,0.0,0.0,0.0,56,4.1,0.267,0.286,0.308,22.6,22.1,22.71792,75.8333,ERA5,Asia/Kolkata,Open-Meteo Historical Weather API
MP-Indore,2017-01-24,22.8,30.1,16.6,0.0,0.0,0.0,54,4.38,0.265,0.282,0.306,23.0,22.5,22.71792,75.8333,ERA5,Asia/Kolkata,Open-Meteo Historical Weather API
MP-Indore,2017-01-25,23.2,30.4,18.1,0.0,0.0,0.0,51,4.56,0.263,0.28,0.304,23.5,23.0,22.71792,75.8333,ERA5,Asia/Kolkata,Open-Meteo Historical Weather API
MP-Indore,2017-01-26,22.9,29.8,18.0,0.0,0.0,0.0,50,4.63,0.261,0.28,0.304,23.4,23.1,22.71792,75.8333,ERA5,Asia/Kolkata,Open-Meteo Historical Weather API
MP-Indore,2017-01-27,18.5,23.7,14.6,0.0,0.0,0.0,63,3.94,0.262,0.282,0.307,21.6,22.4,22.71792,75.8333,ERA5,Asia/Kolkata,Open-Meteo Historical Weather API
MP-Indore,2017-01-28,17.2,24.0,11.3,0.0,0.0,0.0,57,3.89,0.263,0.287,0.312,19.9,20.9,22.71792,75.8333,ERA5,Asia/Kolkata,Open-Meteo Historical Weather API
MP-Indore,2017-01-29,19.0,27.9,11.6,0.0,0.0,0.0,56,3.86,0.262,0.285,0.311,20.5,20.6,22.71792,75.8333,ERA5,Asia/Kolkata,Open-Meteo Historical Weather API
MP-Indore,2017-01-30,21.0,29.4,14.0,0.0,0.0,0.0,51,4.03,0.26,0.281,0.306,21.2,21.1,22.71792,75.8333,ERA5,Asia/Kolkata,Open-Meteo Historical Weather API
MP-Indore,2017-01-31,20.4,30.1,12.7,0.0,0.0,0.0,45,4.56,0.258,0.278,0.301,21.5,21.5,22.71792,75.8333,ERA5,Asia/Kolkata,Open-Meteo Historical Weather API
MP-Indore,2017-02-01,20.5,29.8,12.5,0.0,0.0,0.0,44,4.38,0.255,0.274,0.294,21.8,21.6,22.71792,75.8333,ERA5,Asia/Kolkata,Open-Meteo Historical Weather API
MP-Indore,2017-02-02,21.8,30.2,14.8,0.0,0.0,0.0,46,4.57,0.252,0.27,0.289,22.8,22.2,22.71792,75.8333,ERA5,Asia/Kolkata,Open-Meteo Historical Weather API
MP-Indore,2017-02-03,22.8,30.8,15.8,0.0,0.0,0.0,47,4.71,0.252,0.27,0.289,23.7,23.0,22.71792,75.8333,ERA5,Asia/Kolkata,Open-Meteo Historical Weather API
MP-Indore,2017-02-04,23.3,30.8,17.1,0.0,0.0,0.0,50,4.92,0.255,0.271,0.29,24.1,23.5,22.71792,75.8333,ERA5,Asia/Kolkata,Open-Meteo Historical Weather API
MP-Indore,2017-02-05,22.9,29.9,17.1,0.0,0.0,0.0,56,4.68,0.256,0.272,0.292,24.5,23.8,22.71792,75.8333,ERA5,Asia/Kolkata,Open-Meteo Historical Weather API
MP-Indore,2017-02-06,19.2,25.9,13.2,0.0,0.0,0.0,42,4.66,0.265,0.277,0.298,22.4,23.2,22.71792,75.8333,ERA5,Asia/Kolkata,Open-Meteo Historical Weather API
MP-Indore,2017-02-07,19.2,27.4,12.5,0.0,0.0,0.0,45,4.37,0.267,0.28,0.302,21.5,22.0,22.71792,75.8333,ERA5,Asia/Kolkata,Open-Meteo Historical Weather API
MP-Indore,2017-02-08,22.2,30.9,14.4,0.0,0.0,0.0,48,5.06,0.262,0.278,0.3,22.8,22.0,22.71792,75.8333,ERA5,Asia/Kolkata,Open-Meteo Historical Weather API
MP-Indore,2017-02-09,21.0,27.9,15.7,0.0,0.0,0.0,38,5.31,0.263,0.279,0.301,22.9,22.9,22.71792,75.8333,ERA5,Asia/Kolkata,Open-Meteo Historical Weather API
MP-Indore,2017-02-10,19.3,25.8,13.7,0.0,0.0,0.0,46,4.95,0.265,0.282,0.304,21.6,22.4,22.71792,75.8333,ERA5,Asia/Kolkata,Open-Meteo Historical Weather API
MP-Indore,2017-02-11,20.0,26.0,15.2,0.1,0.1,1.0,52,4.29,0.269,0.285,0.307,21.8,22.3,22.71792,75.8333,ERA5,Asia/Kolkata,Open-Meteo Historical Weather API
MP-Indore,2017-02-12,20.4,27.3,14.7,0.0,0.0,0.0,67,3.89,0.27,0.29,0.312,22.2,22.4,22.71792,75.8333,ERA5,Asia/Kolkata,Open-Meteo Historical Weather API
MP-Indore,2017-02-13,21.6,28.8,16.0,0.0,0.0,0.0,68,3.87,0.271,0.295,0.316,22.7,22.8,22.71792,75.8333,ERA5,Asia/Kolkata,Open-Meteo Historical Weather API
MP-Indore,2017-02-14,22.9,29.7,17.3,0.0,0.0,0.0,64,3.98,0.271,0.297,0.318,23.8,23.3,22.71792,75.8333,ERA5,Asia/Kolkata,Open-Meteo Historical Weather API
MP-Indore,2017-02-15,23.7,30.2,18.0,0.0,0.0,0.0,60,4.44,0.269,0.297,0.318,24.8,24.0,22.71792,75.8333,ERA5,Asia/Kolkata,Open-Meteo Historical Weather API
MP-Indore,2017-02-16,23.3,31.0,17.2,0.0,0.0,0.0,46,4.94,0.268,0.294,0.316,24.6,24.3,22.71792,75.8333,ERA5,Asia/Kolkata,Open-Meteo Historical Weather API
MP-Indore,2017-02-17,24.0,32.1,16.1,0.0,0.0,0.0,44,5.11,0.266,0.29,0.314,24.3,24.0,22.71792,75.8333,ERA5,Asia/Kolkata,Open-Meteo Historical Weather API
MP-Indore,2017-02-18,24.7,32.7,17.8,0.0,0.0,0.0,42,5.29,0.262,0.284,0.31,25.4,24.5,22.71792,75.8333,ERA5,Asia/Kolkata,Open-Meteo Historical Weather API
MP-Indore,2017-02-19,25.2,33.8,17.4,0.0,0.0,0.0,44,5.1,0.259,0.279,0.305,25.9,25.0,22.71792,75.8333,ERA5,Asia/Kolkata,Open-Meteo Historical Weather API
MP-Indore,2017-02-20,25.3,33.5,17.9,0.0,0.0,0.0,40,6.59,0.256,0.277,0.303,25.9,25.2,22.71792,75.8333,ERA5,Asia/Kolkata,Open-Meteo Historical Weather API
MP-Indore,2017-02-21,24.0,30.6,19.5,0.0,0.0,0.0,41,6.07,0.256,0.279,0.305,25.6,25.3,22.71792,75.8333,ERA5,Asia/Kolkata,Open-Meteo Historical Weather API
MP-Indore,2017-02-22,22.9,30.6,15.4,0.0,0.0,0.0,42,5.44,0.256,0.279,0.305,24.8,24.6,22.71792,75.8333,ERA5,Asia/Kolkata,Open-Meteo Historical Weather API
MP-Indore,2017-02-23,23.2,30.5,16.7,0.0,0.0,0.0,40,5.46,0.258,0.28,0.306,25.0,24.6,22.71792,75.8333,ERA5,Asia/Kolkata,Open-Meteo Historical Weather API
MP-Indore,2017-02-24,22.7,29.8,16.5,0.0,0.0,0.0,33,6.04,0.26,0.281,0.307,24.5,24.5,22.71792,75.8333,ERA5,Asia/Kolkata,Open-Meteo Historical Weather API
MP-Indore,2017-02-25,22.7,31.5,14.8,0.0,0.0,0.0,33,5.71,0.263,0.282,0.307,24.4,24.2,22.71792,75.8333,ERA5,Asia/Kolkata,Open-Meteo Historical Weather API
MP-Indore,2017-02-26,24.5,32.5,16.8,0.0,0.0,0.0,33,5.59,0.259,0.279,0.304,24.9,24.4,22.71792,75.8333,ERA5,Asia/Kolkata,Open-Meteo Historical Weather API
MP-Indore,2017-02-27,25.0,33.4,17.6,0.0,0.0,0.0,35,5.43,0.255,0.274,0.3,26.0,24.9,22.71792,75.8333,ERA5,Asia/Kolkata,Open-Meteo Historical Weather API
MP-Indore,2017-02-28,26.4,34.1,18.8,0.0,0.0,0.0,34,5.62,0.254,0.272,0.297,26.9,25.6,22.71792,75.8333,ERA5,Asia/Kolkata,Open-Meteo Historical Weather API
MP-Indore,2017-03-01,26.5,34.5,19.0,0.0,0.0,0.0,34,5.77,0.254,0.273,0.297,27.3,26.2,22.71792,75.8333,ERA5,Asia/Kolkata,Open-Meteo Historical Weather API
MP-Indore,2017-03-02,26.4,34.1,20.0,0.0,0.0,0.0,35,6.36,0.258,0.275,0.298,27.6,26.6,22.71792,75.8333,ERA5,Asia/Kolkata,Open-Meteo Historical Weather API
MP-Indore,2017-03-03,24.8,32.9,18.8,0.0,0.0,0.0,34,6.2,0.258,0.277,0.3,26.8,26.5,22.71792,75.8333,ERA5,Asia/Kolkata,Open-Meteo Historical Weather API
MP-Indore,2017-03-04,23.5,30.7,16.4,0.0,0.0,0.0,42,5.58,0.258,0.279,0.301,26.0,25.9,22.71792,75.8333,ERA5,Asia/Kolkata,Open-Meteo Historical Weather API
MP-Indore,2017-03-05,24.3,30.8,19.0,0.0,0.0,0.0,39,6.21,0.259,0.28,0.302,26.3,25.9,22.71792,75.8333,ERA5,Asia/Kolkata,Open-Meteo Historical Weather API
MP-Indore,2017-03-06,24.1,30.7,17.8,0.0,0.0,0.0,27,6.48,0.26,0.28,0.302,26.1,25.8,22.71792,75.8333,ERA5,Asia/Kolkata,Open-Meteo Historical Weather API
MP-Indore,2017-03-07,25.3,32.7,17.5,0.0,0.0,0.0,29,6.54,0.259,0.276,0.299,26.4,25.7,22.71792,75.8333,ERA5,Asia/Kolkata,Open-Meteo Historical Weather API
MP-Indore,2017-03-08,25.5,31.6,19.0,0.0,0.0,0.0,36,6.12,0.252,0.272,0.294,26.7,26.0,22.71792,75.8333,ERA5,Asia/Kolkata,Open-Meteo Historical Weather API
MP-Indore,2017-03-09,25.3,31.8,18.8,0.0,0.0,0.0,37,6.54,0.249,0.272,0.293,27.0,26.1,22.71792,75.8333,ERA5,Asia/Kolkata,Open-Meteo Historical Weather API
MP-Indore,2017-03-10,23.5,28.4,19.5,0.0,0.0,0.0,43,5.8,0.249,0.272,0.294,25.9,26.0,22.71792,75.8333,ERA5,Asia/Kolkata,Open-Meteo Historical Weather API
MP-Indore,2017-03-11,22.5,28.5,18.2,0.0,0.0,0.0,38,6.47,0.248,0.274,0.296,25.4,25.4,22.71792,75.8333,ERA5,Asia/Kolkata,Open-Meteo Historical Weather API
MP-Indore,2017-03-12,21.0,27.8,14.2,0.0,0.0,0.0,23,6.24,0.254,0.277,0.299,24.3,24.7,22.71792,75.8333,ERA5,Asia/Kolkata,Open-Meteo Historical Weather API
MP-Indore,2017-03-13,22.0,30.6,13.9,0.0,0.0,0.0,26,5.6,0.253,0.277,0.299,24.5,24.5,22.71792,75.8333,ERA5,Asia/Kolkata,Open-Meteo Historical Weather API
MP-Indore,2017-03-14,23.2,30.9,14.5,0.0,0.0,0.0,28,6.45,0.254,0.276,0.297,25.1,24.8,22.71792,75.8333,ERA5,Asia/Kolkata,Open-Meteo Historical Weather API
MP-Indore,2017-03-15,24.6,32.2,16.6,0.0,0.0,0.0,26,6.81,0.253,0.274,0.295,26.1,25.4,22.71792,75.8333,ERA5,Asia/Kolkata,Open-Meteo Historical Weather API
MP-Indore,2017-03-16,26.5,34.0,18.5,0.0,0.0,0.0,23,7.44,0.251,0.272,0.292,27.5,26.2,22.71792,75.8333,ERA5,Asia/Kolkata,Open-Meteo Historical Weather API
MP-Indore,2017-03-17,26.5,33.4,20.8,0.0,0.0,0.0,27,7.4,0.252,0.271,0.29,28.1,27.1,22.71792,75.8333,ERA5,Asia/Kolkata,Open-Meteo Historical Weather API
MP-Indore,2017-03-18,26.2,33.1,19.2,0.0,0.0,0.0,35,6.92,0.254,0.273,0.291,27.6,27.1,22.71792,75.8333,ERA5,Asia/Kolkata,Open-Meteo Historical Weather API
MP-Indore,2017-03-19,26.0,32.0,21.3,0.0,0.0,0.0,37,6.73,0.258,0.276,0.294,27.5,27.1,22.71792,75.8333,ERA5,Asia/Kolkata,Open-Meteo Historical Weather API
MP-Indore,2017-03-20,25.7,32.7,18.6,0.0,0.0,0.0,40,6.33,0.253,0.277,0.295,27.9,27.0,22.71792,75.8333,ERA5,Asia/Kolkata,Open-Meteo Historical Weather API
MP-Indore,2017-03-21,27.4,34.5,19.9,0.0,0.0,0.0,32,6.18,0.25,0.276,0.294,28.9,27.5,22.71792,75.8333,ERA5,Asia/Kolkata,Open-Meteo Historical Weather API
MP-Indore,2017-03-22,28.8,36.8,19.8,0.0,0.0,0.0,31,6.19,0.25,0.274,0.292,29.6,28.1,22.71792,75.8333,ERA5,Asia/Kolkata,Open-Meteo Historical Weather API
MP-Indore,2017-03-23,29.9,38.0,21.9,0.0,0.0,0.0,30,7.21,0.251,0.273,0.29,31.0,29.2,22.71792,75.8333,ERA5,Asia/Kolkata,Open-Meteo Historical Weather API
MP-Indore,2017-03-24,30.3,37.4,22.9,0.0,0.0,0.0,30,7.74,0.25,0.272,0.287,31.5,29.9,22.71792,75.8333,ERA5,Asia/Kolkata,Open-Meteo Historical Weather API
MP-Indore,2017-03-25,30.8,38.3,23.6,0.0,0.0,0.0,28,8.15,0.247,0.271,0.286,31.9,30.3,22.71792,75.8333,ERA5,Asia/Kolkata,Open-Meteo Historical Weather API
MP-Indore,2017-03-26,30.9,38.9,23.0,0.0,0.0,0.0,31,7.03,0.25,0.271,0.286,32.2,30.5,22.71792,75.8333,ERA5,Asia/Kolkata,Open-Meteo Historical Weather API
MP-Indore,2017-03-27,31.7,39.3,24.0,0.0,0.0,0.0,30,7.44,0.25,0.27,0.285,32.9,31.1,22.71792,75.8333,ERA5,Asia/Kolkata,Open-Meteo Historical Weather API
MP-Indore,2017-03-28,33.2,41.2,24.8,0.0,0.0,0.0,28,6.76,0.25,0.27,0.283,33.7,31.7,22.71792,75.8333,ERA5,Asia/Kolkata,Open-Meteo Historical Weather API
MP-Indore,2017-03-29,33.4,40.4,26.5,0.0,0.0,0.0,26,8.52,0.25,0.269,0.282,34.4,32.6,22.71792,75.8333,ERA5,Asia/Kolkata,Open-Meteo Historical Weather API
MP-Indore,2017-03-30,33.5,40.5,26.0,0.0,0.0,0.0,24,9.5,0.247,0.269,0.281,34.5,32.8,22.71792,75.8333,ERA5,Asia/Kolkata,Open-Meteo Historical Weather API
MP-Indore,2017-03-31,33.3,40.1,26.6,0.0,0.0,0.0,25,8.93,0.244,0.269,0.279,34.8,33.1,22.71792,75.8333,ERA5,Asia/Kolkata,Open-Meteo Historical Weather API
MP-Indore,2017-04-01,32.8,39.7,26.8,0.0,0.0,0.0,23,9.21,0.244,0.269,0.279,34.3,33.1,22.71792,75.8333,ERA5,Asia/Kolkata,Open-Meteo Historical Weather API
MP-Indore,2017-04-02,31.8,38.8,25.8,0.0,0.0,0.0,23,9.32,0.241,0.268,0.278,33.8,32.8,22.71792,75.8333,ERA5,Asia/Kolkata,Open-Meteo Historical Weather API
MP-Indore,2017-04-03,31.1,38.7,23.6,0.0,0.0,0.0,26,8.47,0.24,0.268,0.277,33.4,32.3,22.71792,75.8333,ERA5,Asia/Kolkata,Open-Meteo Historical Weather API
MP-Indore,2017-04-04,30.9,37.8,23.6,0.0,0.0,0.0,33,8.36,0.238,0.267,0.277,33.4,32.3,22.71792,75.8333,ERA5,Asia/Kolkata,Open-Meteo Historical Weather API
MP-Indore,2017-04-05,30.6,37.5,23.4,0.0,0.0,0.0,39,8.08,0.239,0.266,0.275,33.1,32.1,22.71792,75.8333,ERA5,Asia/Kolkata,Open-Meteo Historical Weather API
MP-Indore,2017-04-06,31.2,38.0,25.0,0.0,0.0,0.0,36,8.64,0.237,0.265,0.275,33.4,32.3,22.71792,75.8333,ERA5,Asia/Kolkata,Open-Meteo Historical Weather API
MP-Indore,2017-04-07,29.1,35.6,24.2,0.0,0.0,0.0,30,8.51,0.238,0.265,0.275,32.3,31.9,22.71792,75.8333,ERA5,Asia/Kolkata,Open-Meteo Historical Weather API
MP-Indore,2017-04-08,28.6,36.5,20.6,0.0,0.0,0.0,20,7.99,0.243,0.266,0.277,31.4,31.0,22.71792,75.8333,ERA5,Asia/Kolkata,Open-Meteo Historical Weather API
MP-Indore,2017-04-09,29.1,37.2,20.4,0.0,0.0,0.0,17,8.42,0.248,0.266,0.278,31.3,30.8,22.71792,75.8333,ERA5,Asia/Kolkata,Open-Meteo Historical Weather API
MP-Indore,2017-04-10,28.9,36.7,21.1,0.0,0.0,0.0,17,8.79,0.253,0.266,0.279,31.2,30.9,22.71792,75.8333,ERA5,Asia/Kolkata,Open-Meteo Historical Weather API
MP-Indore,2017-04-11,29.5,38.5,19.2,0.0,0.0,0.0,19,8.11,0.257,0.267,0.281,31.0,30.5,22.71792,75.8333,ERA5,Asia/Kolkata,Open-Meteo Historical Weather API
MP-Indore,2017-04-12,31.6,40.2,20.6,0.0,0.0,0.0,18,7.87,0.256,0.266,0.28,31.8,30.9,22.71792,75.8333,ERA5,Asia/Kolkata,Open-Meteo Historical Weather API
MP-Indore,2017-04-13,33.1,41.2,24.3,0.0,0.0,0.0,18,8.66,0.253,0.265,0.277,33.8,32.0,22.71792,75.8333,ERA5,Asia/Kolkata,Open-Meteo Historical Weather API
MP-Indore,2017-04-14,34.2,41.5,26.5,0.0,0.0,0.0,17,9.04,0.25,0.266,0.275,35.0,33.0,22.71792,75.8333,ERA5,Asia/Kolkata,Open-Meteo Historical Weather API
MP-Indore,2017-04-15,34.8,41.8,27.2,0.0,0.0,0.0,17,10.58,0.246,0.266,0.273,35.7,33.8,22.71792,75.8333,ERA5,Asia/Kolkata,Open-Meteo Historical Weather API
MP-Indore,2017-04-16,35.0,41.8,28.8,0.0,0.0,0.0,18,10.64,0.243,0.266,0.272,36.2,34.4,22.71792,75.8333,ERA5,Asia/Kolkata,Open-Meteo Historical Weather API
MP-Indore,2017-04-17,35.1,42.4,27.9,0.0,0.0,0.0,18,10.29,0.242,0.266,0.27,36.5,34.7,22.71792,75.8333,ERA5,Asia/Kolkata,Open-Meteo Historical Weather API
MP-Indore,2017-04-18,34.8,42.0,28.1,0.0,0.0,0.0,20,10.72,0.238,0.266,0.269,36.4,34.9,22.71792,75.8333,ERA5,Asia/Kolkata,Open-Meteo Historical Weather API
MP-Indore,2017-04-19,34.0,40.7,27.6,0.0,0.0,0.0,19,10.67,0.238,0.267,0.268,35.9,34.6,22.71792,75.8333,ERA5,Asia/Kolkata,Open-Meteo Historical Weather API
MP-Indore,2017-04-20,33.4,39.9,27.1,0.0,0.0,0.0,27,10.63,0.239,0.266,0.267,35.4,34.2,22.71792,75.8333,ERA5,Asia/Kolkata,Open-Meteo Historical Weather API
MP-Indore,2017-04-21,33.0,40.1,26.4,0.0,0.0,0.0,32,10.03,0.238,0.266,0.266,35.3,34.1,22.71792,75.8333,ERA5,Asia/Kolkata,Open-Meteo Historical Weather API
MP-Indore,2017-04-22,30.9,37.6,24.5,0.0,0.0,0.0,37,8.84,0.24,0.265,0.265,34.2,33.6,22.71792,75.8333,ERA5,Asia/Kolkata,Open-Meteo Historical Weather API
MP-Indore,2017-04-23,30.5,36.6,24.0,0.0,0.0,0.0,37,8.51,0.239,0.265,0.265,33.9,33.1,22.71792,75.8333,ERA5,Asia/Kolkata,Open-Meteo Historical Weather API
MP-Indore,2017-04-24,30.0,36.2,23.3,0.0,0.0,0.0,36,8.58,0.241,0.265,0.265,33.5,32.8,22.71792,75.8333,ERA5,Asia/Kolkata,Open-Meteo Historical Weather API
MP-Indore,2017-04-25,30.3,36.5,23.3,0.0,0.0,0.0,39,8.09,0.243,0.264,0.265,33.6,32.6,22.71792,75.8333,ERA5,Asia/Kolkata,Open-Meteo Historical Weather API
MP-Indore,2017-04-26,31.1,36.8,24.5,0.0,0.0,0.0,31,8.56,0.242,0.264,0.265,34.1,32.9,22.71792,75.8333,ERA5,Asia/Kolkata,Open-Meteo Historical Weather API
MP-Indore,2017-04-27,31.8,39.0,23.4,0.0,0.0,0.0,22,8.13,0.245,0.264,0.265,34.6,33.2,22.71792,75.8333,ERA5,Asia/Kolkata,Open-Meteo Historical Weather API
MP-Indore,2017-04-28,32.0,39.2,24.1,0.0,0.0,0.0,21,8.99,0.244,0.264,0.265,34.6,33.6,22.71792,75.8333,ERA5,Asia/Kolkata,Open-Meteo Historical Weather API
MP-Indore,2017-04-29,32.3,39.0,25.3,0.0,0.0,0.0,26,9.43,0.245,0.265,0.264,34.8,33.7,22.71792,75.8333,ERA5,Asia/Kolkata,Open-Meteo Historical Weather API
MP-Indore,2017-04-30,31.5,38.0,25.7,1.5,1.5,1.0,32,7.88,0.244,0.265,0.265,34.7,33.7,22.71792,75.8333,ERA5,Asia/Kolkata,Open-Meteo Historical Weather API
MP-Indore,2017-05-01,32.4,38.7,26.0,0.0,0.0,0.0,33,7.73,0.247,0.265,0.267,35.1,33.7,22.71792,75.8333,ERA5,Asia/Kolkata,Open-Meteo Historical Weather API
MP-Indore,2017-05-02,33.9,39.6,27.0,0.0,0.0,0.0,23,7.09,0.241,0.266,0.267,35.9,34.3,22.71792,75.8333,ERA5,Asia/Kolkata,Open-Meteo Historical Weather API
MP-Indore,2017-05-03,34.4,40.5,27.2,0.0,0.0,0.0,24,8.5,0.238,0.265,0.265,36.3,34.7,22.71792,75.8333,ERA5,Asia/Kolkata,Open-Meteo Historical Weather API
MP-Indore,2017-05-04,34.4,40.0,28.4,0.0,0.0,0.0,26,8.31,0.243,0.266,0.265,36.9,35.1,22.71792,75.8333,ERA5,Asia/Kolkata,Open-Meteo Historical Weather API
MP-Indore,2017-05-05,35.2,41.5,28.7,0.0,0.0,0.0,23,9.06,0.241,0.266,0.266,37.4,35.6,22.71792,75.8333,ERA5,Asia/Kolkata,Open-Meteo Historical Weather API
MP-Indore,2017-05-06,35.3,41.4,28.4,0.0,0.0,0.0,20,9.7,0.239,0.267,0.266,37.5,35.8,22.71792,75.8333,ERA5,Asia/Kolkata,Open-Meteo Historical Weather API
MP-Indore,2017-05-07,35.2,41.6,29.2,0.0,0.0,0.0,23,8.66,0.24,0.267,0.266,37.5,36.0,22.71792,75.8333,ERA5,Asia/Kolkata,Open-Meteo Historical Weather API
MP-Indore,2017-05-08,33.7,41.5,28.8,0.0,0.0,0.0,31,7.44,0.239,0.267,0.266,36.7,35.9,22.71792,75.8333,ERA5,Asia/Kolkata,Open-Meteo Historical Weather API
MP-Indore,2017-05-09,33.5,40.2,28.3,0.0,0.0,0.0,29,6.61,0.243,0.268,0.267,35.8,35.3,22.71792,75.8333,ERA5,Asia/Kolkata,Open-Meteo Historical Weather API
MP-Indore,2017-05-10,34.3,40.9,27.5,0.0,0.0,0.0,27,7.88,0.241,0.267,0.267,36.7,35.2,22.71792,75.8333,ERA5,Asia/Kolkata,Open-Meteo Historical Weather API
MP-Indore,2017-05-11,34.5,40.2,28.2,0.0,0.0,0.0,28,7.64,0.245,0.266,0.265,37.0,35.6,22.71792,75.8333,ERA5,Asia/Kolkata,Open-Meteo Historical Weather API
MP-Indore,2017-05-12,35.6,41.7,29.8,2.0,2.0,2.0,27,8.34,0.247,0.266,0.265,37.7,36.0,22.71792,75.8333,ERA5,Asia/Kolkata,Open-Meteo Historical Weather API
MP-Indore,2017-05-13,36.8,42.7,31.0,1.9,1.9,2.0,25,8.68,0.245,0.266,0.266,38.1,36.3,22.71792,75.8333,ERA5,Asia/Kolkata,Open-Meteo Historical Weather API
MP-Indore,2017-05-14,36.4,42.2,31.6,0.0,0.0,0.0,27,9.08,0.248,0.266,0.266,38.3,36.6,22.71792,75.8333,ERA5,Asia/Kolkata,Open-Meteo Historical Weather API
MP-Indore,2017-05-15,35.5,41.0,30.1,0.0,0.0,0.0,29,9.89,0.248,0.266,0.266,37.7,36.6,22.71792,75.8333,ERA5,Asia/Kolkata,Open-Meteo Historical Weather API
MP-Indore,2017-05-16,34.2,40.0,28.0,0.0,0.0,0.0,34,9.76,0.247,0.267,0.266,37.3,36.3,22.71792,75.8333,ERA5,Asia/Kolkata,Open-Meteo Historical Weather API
MP-Indore,2017-05-17,34.3,40.2,28.2,0.0,0.0,0.0,30,9.89,0.242,0.267,0.266,37.0,36.0,22.71792,75.8333,ERA5,Asia/Kolkata,Open-Meteo Historical Weather API
MP-Indore,2017-05-18,34.2,39.9,28.6,0.0,0.0,0.0,32,9.31,0.239,0.267,0.267,36.9,35.8,22.71792,75.8333,ERA5,Asia/Kolkata,Open-Meteo Historical Weather API
MP-Indore,2017-05-19,34.9,41.7,28.2,0.0,0.0,0.0,31,10.12,0.24,0.267,0.267,37.2,35.8,22.71792,75.8333,ERA5,Asia/Kolkata,Open-Meteo Historical Weather API
MP-Indore,2017-05-20,34.5,40.5,28.1,0.0,0.0,0.0,31,10.18,0.238,0.267,0.267,37.3,36.0,22.71792,75.8333,ERA5,Asia/Kolkata,Open-Meteo Historical Weather API
MP-Indore,2017-05-21,33.1,38.6,27.2,0.2,0.2,1.0,36,8.5,0.239,0.268,0.268,36.7,35.8,22.71792,75.8333,ERA5,Asia/Kolkata,Open-Meteo Historical Weather API
MP-Indore,2017-05-22,32.5,38.5,25.9,0.5,0.5,1.0,36,8.64,0.239,0.267,0.27,35.9,35.5,22.71792,75.8333,ERA5,Asia/Kolkata,Open-Meteo Historical Weather API
MP-Indore,2017-05-23,34.2,39.4,28.0,0.0,0.0,0.0,32,8.07,0.238,0.268,0.27,36.7,35.7,22.71792,75.8333,ERA5,Asia/Kolkata,Open-Meteo Historical Weather API
MP-Indore,2017-05-24,35.3,40.6,28.9,0.0,0.0,0.0,34,8.15,0.239,0.268,0.271,37.8,36.2,22.71792,75.8333,ERA5,Asia/Kolkata,Open-Meteo Historical Weather API
MP-Indore,2017-05-25,34.2,41.7,29.5,0.6,0.6,2.0,38,8.02,0.244,0.268,0.272,37.5,36.6,22.71792,75.8333,ERA5,Asia/Kolkata,Open-Meteo Historical Weather API
MP-Indore,2017-05-26,35.0,41.2,29.4,0.0,0.0,0.0,38,8.11,0.257,0.268,0.272,37.3,36.3,22.71792,75.8333,ERA5,Asia/Kolkata,Open-Meteo Historical Weather API
MP-Indore,2017-05-27,35.2,41.8,29.7,0.0,0.0,0.0,41,9.32,0.249,0.268,0.271,37.6,36.4,22.71792,75.8333,ERA5,Asia/Kolkata,Open-Meteo Historical Weather API
MP-Indore,2017-05-28,32.9,39.3,27.7,0.0,0.0,0.0,51,8.71,0.247,0.268,0.271,36.7,36.1,22.71792,75.8333,ERA5,Asia/Kolkata,Open-Meteo Historical Weather API
MP-Indore,2017-05-29,32.0,37.9,26.7,0.0,0.0,0.0,53,8.02,0.245,0.27,0.272,35.7,35.3,22.71792,75.8333,ERA5,Asia/Kolkata,Open-Meteo Historical Weather API
MP-Indore,2017-05-30,31.3,36.7,26.3,0.5,0.5,5.0,55,6.49,0.245,0.27,0.273,34.7,34.9,22.71792,75.8333,ERA5,Asia/Kolkata,Open-Meteo Historical Weather API
MP-Indore,2017-05-31,32.4,38.2,26.8,0.6,0.6,2.0,51,6.66,0.249,0.27,0.276,35.7,35.0,22.71792,75.8333,ERA5,Asia/Kolkata,Open-Meteo Historical Weather API
MP-Indore,2017-06-01,31.2,38.8,27.0,5.3,5.3,5.0,57,5.59,0.266,0.271,0.279,35.4,35.2,22.71792,75.8333,ERA5,Asia/Kolkata,Open-Meteo Historical Weather API
MP-Indore,2017-06-02,33.1,40.5,27.0,0.5,0.5,2.0,49,6.1,0.287,0.27,0.28,35.5,34.8,22.71792,75.8333,ERA5,Asia/Kolkata,Open-Meteo Historical Weather API
MP-Indore,2017-06-03,34.9,42.8,28.8,0.0,0.0,0.0,45,7.74,0.275,0.27,0.278,36.9,35.4,22.71792,75.8333,ERA5,Asia/Kolkata,Open-Meteo Historical Weather API
MP-Indore,2017-06-04,33.4,39.4,26.8,0.8,0.8,2.0,54,7.54,0.27,0.27,0.28,36.3,35.8,22.71792,75.8333,ERA5,Asia/Kolkata,Open-Meteo Historical Weather API
MP-Indore,2017-06-05,31.9,37.8,27.8,1.1,1.1,3.0,54,7.05,0.275,0.271,0.282,35.5,35.3,22.71792,75.8333,ERA5,Asia/Kolkata,Open-Meteo Historical Weather API
MP-Indore,2017-06-06,31.4,39.1,25.6,0.4,0.4,1.0,53,7.16,0.276,0.272,0.282,34.3,34.6,22.71792,75.8333,ERA5,Asia/Kolkata,Open-Meteo Historical Weather API
MP-Indore,2017-06-07,29.6,36.1,26.2,3.0,3.0,4.0,61,6.08,0.283,0.273,0.285,33.8,34.4,22.71792,75.8333,ERA5,Asia/Kolkata,Open-Meteo Historical Weather API
MP-Indore,2017-06-08,28.4,35.0,25.1,12.6,12.6,12.0,71,4.88,0.341,0.276,0.287,32.1,33.4,22.71792,75.8333,ERA5,Asia/Kolkata,Open-Meteo Historical Weather API
MP-Indore,2017-06-09,28.1,33.2,25.2,12.3,12.3,12.0,73,4.87,0.421,0.293,0.286,31.2,32.2,22.71792,75.8333,ERA5,Asia/Kolkata,Open-Meteo Historical Weather API
MP-Indore,2017-06-10,28.8,35.6,24.8,4.9,4.9,5.0,70,4.97,0.422,0.308,0.285,31.2,31.7,22.71792,75.8333,ERA5,Asia/Kolkata,Open-Meteo Historical Weather API
MP-Indore,2017-06-11,28.8,34.4,25.4,2.8,2.8,4.0,69,4.57,0.415,0.314,0.285,31.1,31.8,22.71792,75.8333,ERA5,Asia/Kolkata,Open-Meteo Historical Weather API
MP-Indore,2017-06-12,30.5,37.1,25.7,0.1,0.1,1.0,61,6.36,0.395,0.318,0.286,32.2,31.8,22.71792,75.8333,ERA5,Asia/Kolkata,Open-Meteo Historical Weather API
MP-Indore,2017-06-13,29.8,36.3,26.0,9.5,9.5,7.0,65,5.86,0.379,0.318,0.286,32.0,32.2,22.71792,75.8333,ERA5,Asia/Kolkata,Open-Meteo Historical Weather API
MP-Indore,2017-06-14,30.1,35.2,26.1,1.5,1.5,3.0,64,5.87,0.394,0.326,0.286,32.1,32.0,22.71792,75.8333,ERA5,Asia/Kolkata,Open-Meteo Historical Weather API
MP-Indore,2017-06-15,30.5,36.5,26.9,1.9,1.9,3.0,63,6.26,0.376,0.329,0.29,32.4,32.2,22.71792,75.8333,ERA5,Asia/Kolkata,Open-Meteo Historical Weather API
MP-Indore,2017-06-16,30.3,35.3,25.0,0.0,0.0,0.0,60,6.56,0.36,0.33,0.293,32.2,32.2,22.71792,75.8333,ERA5,Asia/Kolkata,Open-Meteo Historical Weather API
MP-Indore,2017-06-17,30.8,36.0,25.3,0.0,0.0,0.0,57,7.11,0.334,0.326,0.292,32.5,32.2,22.71792,75.8333,ERA5,Asia/Kolkata,Open-Meteo Historical Weather API
MP-Indore,2017-06-18,31.3,36.1,26.2,0.0,0.0,0.0,55,7.68,0.311,0.318,0.29,33.1,32.4,22.71792,75.8333,ERA5,Asia/Kolkata,Open-Meteo Historical Weather API
MP-Indore,2017-06-19,31.0,35.4,26.6,0.0,0.0,0.0,54,7.49,0.297,0.312,0.288,33.1,32.4,22.71792,75.8333,ERA5,Asia/Kolkata,Open-Meteo Historical Weather API
MP-Indore,2017-06-20,30.8,35.3,25.7,0.0,0.0,0.0,55,6.68,0.283,0.305,0.286,32.6,32.2,22.71792,75.8333,ERA5,Asia/Kolkata,Open-Meteo Historical Weather API
MP-Indore,2017-06-21,29.7,34.2,24.6,0.0,0.0,0.0,61,6.14,0.277,0.301,0.284,31.7,31.8,22.71792,75.8333,ERA5,Asia/Kolkata,Open-Meteo Historical Weather API
MP-Indore,2017-06-22,28.1,32.4,25.8,3.0,3.0,4.0,69,5.05,0.29,0.3,0.287,31.4,31.6,22.71792,75.8333,ERA5,Asia/Kolkata,Open-Meteo Historical Weather API
MP-Indore,2017-06-23,27.9,32.4,23.6,9.3,9.3,10.0,71,4.45,0.37,0.303,0.289,30.4,30.7,22.71792,75.8333,ERA5,Asia/Kolkata,Open-Meteo Historical Weather API
MP-Indore,2017-06-24,27.1,30.4,24.6,8.4,8.4,7.0,76,3.51,0.409,0.306,0.288,29.4,30.0,22.71792,75.8333,ERA5,Asia/Kolkata,Open-Meteo Historical Weather API
MP-Indore,2017-06-25,28.0,32.8,24.2,11.0,11.0,12.0,78,4.22,0.446,0.319,0.287,30.2,29.7,22.71792,75.8333,ERA5,Asia/Kolkata,Open-Meteo Historical Weather API
MP-Indore,2017-06-26,27.0,29.6,25.2,7.5,7.5,15.0,85,2.79,0.468,0.349,0.286,29.1,29.7,22.71792,75.8333,ERA5,Asia/Kolkata,Open-Meteo Historical Weather API
MP-Indore,2017-06-27,27.4,31.4,24.5,9.3,9.3,15.0,80,3.23,0.459,0.372,0.286,28.9,29.1,22.71792,75.8333,ERA5,Asia/Kolkata,Open-Meteo Historical Weather API
MP-Indore,2017-06-28,27.7,31.8,24.6,0.9,0.9,5.0,78,3.95,0.435,0.38,0.285,28.8,28.9,22.71792,75.8333,ERA5,Asia/Kolkata,Open-Meteo Historical Weather API
MP-Indore,2017-06-29,28.4,32.5,25.0,2.5,2.5,7.0,74,4.58,0.415,0.374,0.283,29.2,28.9,22.71792,75.8333,ERA5,Asia/Kolkata,Open-Meteo Historical Weather API
MP-Indore,2017-06-30,27.8,31.2,24.4,1.0,1.0,4.0,75,4.2,0.408,0.369,0.282,28.8,29.0,22.71792,75.8333,ERA5,Asia/Kolkata,Open-Meteo Historical Weather API
MP-Indore,2017-07-01,26.2,30.0,23.8,5.4,5.4,10.0,84,2.83,0.406,0.365,0.281,27.9,28.3,22.71792,75.8333,ERA5,Asia/Kolkata,Open-Meteo Historical Weather API
MP-Indore,2017-07-02,25.4,27.6,23.5,24.9,24.9,19.0,87,1.86,0.479,0.423,0.281,26.5,27.5,22.71792,75.8333,ERA5,Asia/Kolkata,Open-Meteo Historical Weather API
MP-Indore,2017-07-03,25.7,28.8,23.8,1.6,1.6,9.0,84,3.07,0.471,0.441,0.283,26.9,27.2,22.71792,75.8333,ERA5,Asia/Kolkata,Open-Meteo Historical Weather API
MP-Indore,2017-07-04,25.6,28.3,23.6,2.0,2.0,7.0,84,2.47,0.466,0.44,0.286,26.4,26.9,22.71792,75.8333,ERA5,Asia/Kolkata,Open-Meteo Historical Weather API
MP-Indore,2017-07-05,27.2,30.6,23.9,0.1,0.1,1.0,75,3.85,0.444,0.435,0.286,27.3,26.9,22.71792,75.8333,ERA5,Asia/Kolkata,Open-Meteo Historical Weather API
MP-Indore,2017-07-06,27.8,31.3,24.9,0.2,0.2,2.0,72,4.54,0.42,0.424,0.287,28.1,27.5,22.71792,75.8333,ERA5,Asia/Kolkata,Open-Meteo Historical Weather API
MP-Indore,2017-07-07,28.5,32.6,23.9,0.4,0.4,3.0,69,5.34,0.4,0.41,0.285,28.8,27.9,22.71792,75.8333,ERA5,Asia/Kolkata,Open-Meteo Historical Weather API
MP-Indore,2017-07-08,28.3,32.6,24.8,0.8,0.8,3.0,72,5.06,0.381,0.394,0.283,29.2,28.4,22.71792,75.8333,ERA5,Asia/Kolkata,Open-Meteo Historical Weather API
MP-Indore,2017-07-09,28.2,32.3,24.8,0.0,0.0,0.0,70,4.83,0.367,0.382,0.281,29.2,28.6,22.71792,75.8333,ERA5,Asia/Kolkata,Open-Meteo Historical Weather API
MP-Indore,2017-07-10,27.8,31.4,25.5,0.0,0.0,0.0,72,4.43,0.355,0.373,0.281,28.9,28.6,22.71792,75.8333,ERA5,Asia/Kolkata,Open-Meteo Historical Weather API
MP-Indore,2017-07-11,27.2,30.5,24.9,1.8,1.8,9.0,76,4.57,0.349,0.366,0.28,28.7,28.4,22.71792,75.8333,ERA5,Asia/Kolkata,Open-Meteo Historical Weather API
MP-Indore,2017-07-12,25.8,28.6,24.1,4.5,4.5,13.0,82,3.18,0.386,0.359,0.278,27.5,27.9,22.71792,75.8333,ERA5,Asia/Kolkata,Open-Meteo Historical Weather API
MP-Indore,2017-07-13,23.8,24.3,23.4,59.1,59.1,24.0,95,0.86,0.494,0.417,0.28,25.6,26.8,22.71792,75.8333,ERA5,Asia/Kolkata,Open-Meteo Historical Weather API
MP-Indore,2017-07-14,24.2,24.8,23.5,84.0,84.0,19.0,96,0.98,0.508,0.512,0.353,25.3,25.9,22.71792,75.8333,ERA5,Asia/Kolkata,Open-Meteo Historical Weather API
MP-Indore,2017-07-15,25.0,27.8,23.3,11.5,11.5,19.0,91,2.02,0.502,0.497,0.392,25.6,25.7,22.71792,75.8333,ERA5,Asia/Kolkata,Open-Meteo Historical Weather API
MP-Indore,2017-07-16,25.7,28.7,23.3,2.3,2.3,9.0,85,3.02,0.493,0.49,0.401,26.2,26.1,22.71792,75.8333,ERA5,Asia/Kolkata,Open-Meteo Historical Weather API
MP-Indore,2017-07-17,25.5,28.8,23.4,6.9,6.9,18.0,89,2.08,0.492,0.483,0.405,26.3,26.3,22.71792,75.8333,ERA5,Asia/Kolkata,Open-Meteo Historical Weather API
MP-Indore,2017-07-18,26.7,30.2,24.2,6.5,6.5,7.0,84,3.69,0.49,0.485,0.408,27.7,26.8,22.71792,75.8333,ERA5,Asia/Kolkata,Open-Meteo Historical Weather API
MP-Indore,2017-07-19,25.9,28.0,24.5,23.7,23.7,10.0,88,2.35,0.496,0.491,0.414,27.2,27.2,22.71792,75.8333,ERA5,Asia/Kolkata,Open-Meteo Historical Weather API
MP-Indore,2017-07-20,24.9,26.1,23.8,28.1,28.1,24.0,94,1.13,0.508,0.511,0.44,26.1,26.6,22.71792,75.8333,ERA5,Asia/Kolkata,Open-Meteo Historical Weather API
MP-Indore,2017-07-21,25.0,27.2,23.6,14.5,14.5,20.0,92,1.9,0.508,0.51,0.461,25.9,26.1,22.71792,75.8333,ERA5,Asia/Kolkata,Open-Meteo Historical Weather API
MP-Indore,2017-07-22,24.6,25.6,23.5,43.5,43.5,24.0,96,0.9,0.508,0.513,0.484,25.3,25.8,22.71792,75.8333,ERA5,Asia/Kolkata,Open-Meteo Historical Weather API
MP-Indore,2017-07-23,23.7,25.2,22.8,9.4,9.4,17.0,95,0.94,0.503,0.511,0.5,24.4,25.1,22.71792,75.8333,ERA5,Asia/Kolkata,Open-Meteo Historical Weather API
MP-Indore,2017-07-24,23.8,26.1,22.7,4.9,4.9,12.0,88,2.22,0.494,0.501,0.5,24.5,24.9,22.71792,75.8333,ERA5,Asia/Kolkata,Open-Meteo Historical Weather API
MP-Indore,2017-07-25,23.2,24.5,22.4,8.0,8.0,21.0,95,1.01,0.503,0.5,0.498,23.9,24.7,22.71792,75.8333,ERA5,Asia/Kolkata,Open-Meteo Historical Weather API
MP-Indore,2017-07-26,22.7,23.7,21.9,22.8,22.8,20.0,96,0.83,0.506,0.509,0.502,23.3,24.3,22.71792,75.8333,ERA5,Asia/Kolkata,Open-Meteo Historical Weather API
MP-Indore,2017-07-27,23.3,25.1,22.1,12.3,12.3,22.0,94,1.31,0.508,0.51,0.509,23.6,24.0,22.71792,75.8333,ERA5,Asia/Kolkata,Open-Meteo Historical Weather API
MP-Indore,2017-07-28,23.0,24.1,22.1,48.0,48.0,21.0,96,0.56,0.51,0.512,0.516,23.5,23.9,22.71792,75.8333,ERA5,Asia/Kolkata,Open-Meteo Historical Weather API
MP-Indore,2017-07-29,24.8,28.2,22.7,1.9,1.9,10.0,89,3.11,0.492,0.494,0.511,25.0,24.4,22.71792,75.8333,ERA5,Asia/Kolkata,Open-Meteo Historical Weather API
MP-Indore,2017-07-30,25.5,28.3,23.0,0.5,0.5,4.0,85,3.6,0.479,0.481,0.505,26.0,25.5,22.71792,75.8333,ERA5,Asia/Kolkata,Open-Meteo Historical Weather API
MP-Indore,2017-07-31,25.9,28.5,23.2,1.2,1.2,7.0,83,3.43,0.467,0.471,0.5,26.4,26.0,22.71792,75.8333,ERA5,Asia/Kolkata,Open-Meteo Historical Weather API
MP-Indore,2017-08-01,25.7,28.4,23.6,2.7,2.7,2.0,86,3.36,0.466,0.464,0.496,26.6,26.2,22.71792,75.8333,ERA5,Asia/Kolkata,Open-Meteo Historical Weather API
MP-Indore,2017-08-02,25.5,28.2,23.3,1.4,1.4,7.0,83,3.44,0.465,0.461,0.493,26.2,26.2,22.71792,75.8333,ERA5,Asia/Kolkata,Open-Meteo Historical Weather API
MP-Indore,2017-08-03,25.1,27.3,22.9,1.5,1.5,8.0,85,3.11,0.458,0.457,0.489,25.8,26.0,22.71792,75.8333,ERA5,Asia/Kolkata,Open-Meteo Historical Weather API
MP-Indore,2017-08-04,25.6,28.6,23.2,0.4,0.4,3.0,81,3.47,0.451,0.452,0.487,26.0,25.9,22.71792,75.8333,ERA5,Asia/Kolkata,Open-Meteo Historical Weather API
MP-Indore,2017-08-05,26.2,29.7,22.8,0.0,0.0,0.0,78,3.98,0.436,0.446,0.483,26.5,26.0,22.71792,75.8333,ERA5,Asia/Kolkata,Open-Meteo Historical Weather API
MP-Indore,2017-08-06,25.9,28.8,22.9,0.7,0.7,5.0,80,3.21,0.428,0.44,0.481,26.4,26.1,22.71792,75.8333,ERA5,Asia/Kolkata,Open-Meteo Historical Weather API
MP-Indore,2017-08-07,25.6,27.6,23.6,0.0,0.0,0.0,84,2.48,0.424,0.435,0.478,26.2,26.1,22.71792,75.8333,ERA5,Asia/Kolkata,Open-Meteo Historical Weather API
MP-Indore,2017-08-08,24.9,26.6,23.9,23.1,23.1,19.0,90,1.25,0.476,0.449,0.476,25.3,25.6,22.71792,75.8333,ERA5,Asia/Kolkata,Open-Meteo Historical Weather API
MP-Indore,2017-08-09,25.7,28.4,22.8,1.6,1.6,8.0,84,3.57,0.493,0.495,0.477,26.0,25.5,22.71792,75.8333,ERA5,Asia/Kolkata,Open-Meteo Historical Weather API
MP-Indore,2017-08-10,26.1,29.7,23.3,0.5,0.5,4.0,83,3.56,0.476,0.484,0.478,26.4,26.1,22.71792,75.8333,ERA5,Asia/Kolkata,Open-Meteo Historical Weather API
MP-Indore,2017-08-11,26.1,29.0,23.9,0.0,0.0,0.0,81,3.81,0.462,0.475,0.476,26.6,26.3,22.71792,75.8333,ERA5,Asia/Kolkata,Open-Meteo Historical Weather API
MP-Indore,2017-08-12,25.4,28.7,23.6,1.6,1.6,10.0,85,3.2,0.456,0.466,0.474,26.3,26.2,22.71792,75.8333,ERA5,Asia/Kolkata,Open-Meteo Historical Weather API
MP-Indore,2017-08-13,24.9,27.4,23.0,1.1,1.1,5.0,87,2.48,0.455,0.461,0.474,25.7,25.9,22.71792,75.8333,ERA5,Asia/Kolkata,Open-Meteo Historical Weather API
MP-Indore,2017-08-14,25.6,29.0,23.0,0.7,0.7,4.0,82,3.68,0.45,0.456,0.472,26.0,25.8,22.71792,75.8333,ERA5,Asia/Kolkata,Open-Meteo Historical Weather API
MP-Indore,2017-08-15,25.6,28.7,22.8,4.5,4.5,10.0,84,3.22,0.454,0.451,0.47,26.2,25.9,22.71792,75.8333,ERA5,Asia/Kolkata,Open-Meteo Historical Weather API
MP-Indore,2017-08-16,26.4,29.9,23.3,0.3,0.3,2.0,79,4.39,0.452,0.45,0.469,26.6,26.1,22.71792,75.8333,ERA5,Asia/Kolkata,Open-Meteo Historical Weather API
MP-Indore,2017-08-17,26.4,29.9,22.8,0.0,0.0,0.0,78,4.19,0.434,0.443,0.466,26.7,26.3,22.71792,75.8333,ERA5,Asia/Kolkata,Open-Meteo Historical Weather API
MP-Indore,2017-08-18,26.3,29.3,23.7,1.2,1.2,6.0,80,3.61,0.428,0.435,0.464,26.7,26.4,22.71792,75.8333,ERA5,Asia/Kolkata,Open-Meteo Historical Weather API
MP-Indore,2017-08-19,25.8,28.1,24.3,28.7,28.7,16.0,86,2.64,0.459,0.45,0.463,26.4,26.4,22.71792,75.8333,ERA5,Asia/Kolkata,Open-Meteo Historical Weather API
MP-Indore,2017-08-20,26.5,30.6,23.9,16.4,16.4,22.0,88,3.33,0.504,0.504,0.469,27.1,26.4,22.71792,75.8333,ERA5,Asia/Kolkata,Open-Meteo Historical Weather API
MP-Indore,2017-08-21,26.3,29.9,23.9,6.1,6.1,9.0,88,3.39,0.498,0.506,0.479,27.4,26.9,22.71792,75.8333,ERA5,Asia/Kolkata,Open-Meteo Historical Weather API
MP-Indore,2017-08-22,25.5,27.8,23.8,6.1,6.1,13.0,90,2.24,0.493,0.499,0.483,26.6,26.6,22.71792,75.8333,ERA5,Asia/Kolkata,Open-Meteo Historical Weather API
MP-Indore,2017-08-23,25.5,28.3,23.7,3.1,3.1,8.0,85,2.14,0.494,0.499,0.486,26.0,26.0,22.71792,75.8333,ERA5,Asia/Kolkata,Open-Meteo Historical Weather API
MP-Indore,2017-08-24,25.1,26.5,23.7,8.6,8.6,7.0,89,2.45,0.497,0.499,0.486,25.9,25.8,22.71792,75.8333,ERA5,Asia/Kolkata,Open-Meteo Historical Weather API
MP-Indore,2017-08-25,25.3,28.9,23.6,14.7,14.7,18.0,89,2.17,0.502,0.504,0.488,25.8,25.8,22.71792,75.8333,ERA5,Asia/Kolkata,Open-Meteo Historical Weather API
MP-Indore,2017-08-26,25.6,29.7,23.6,12.1,12.1,14.0,88,2.23,0.505,0.509,0.495,25.9,25.7,22.71792,75.8333,ERA5,Asia/Kolkata,Open-Meteo Historical Weather API
MP-Indore,2017-08-27,25.2,27.8,23.6,22.4,22.4,21.0,92,1.69,0.508,0.514,0.506,25.8,25.7,22.71792,75.8333,ERA5,Asia/Kolkata,Open-Meteo Historical Weather API
MP-Indore,2017-08-28,25.5,30.0,23.3,14.4,14.4,16.0,90,2.4,0.502,0.51,0.512,26.0,25.7,22.71792,75.8333,ERA5,Asia/Kolkata,Open-Meteo Historical Weather API
MP-Indore,2017-08-29,25.4,27.7,23.9,18.1,18.1,19.0,93,1.55,0.506,0.512,0.514,26.0,25.8,22.71792,75.8333,ERA5,Asia/Kolkata,Open-Meteo Historical Weather API
MP-Indore,2017-08-30,25.0,27.6,23.6,5.8,5.8,12.0,91,1.99,0.5,0.501,0.514,25.8,25.6,22.71792,75.8333,ERA5,Asia/Kolkata,Open-Meteo Historical Weather API
MP-Indore,2017-08-31,25.7,29.2,22.5,1.8,1.8,8.0,83,3.72,0.483,0.485,0.508,26.0,25.6,22.71792,75.8333,ERA5,Asia/Kolkata,Open-Meteo Historical Weather API
MP-Indore,2017-09-01,25.3,29.2,21.9,1.5,1.5,8.0,82,3.58,0.473,0.474,0.504,25.8,25.6,22.71792,75.8333,ERA5,Asia/Kolkata,Open-Meteo Historical Weather API
MP-Indore,2017-09-02,25.2,29.2,21.9,0.9,0.9,4.0,84,3.75,0.466,0.465,0.499,25.9,25.6,22.71792,75.8333,ERA5,Asia/Kolkata,Open-Meteo Historical Weather API
MP-Indore,2017-09-03,24.0,25.3,22.6,14.7,14.7,11.0,91,1.32,0.48,0.471,0.497,24.9,25.4,22.71792,75.8333,ERA5,Asia/Kolkata,Open-Meteo Historical Weather API
MP-Indore,2017-09-04,25.7,29.3,23.0,0.9,0.9,3.0,86,3.09,0.48,0.481,0.497,26.0,25.3,22.71792,75.8333,ERA5,Asia/Kolkata,Open-Meteo Historical Weather API
MP-Indore,2017-09-05,25.9,29.5,22.9,2.3,2.3,6.0,84,3.38,0.471,0.473,0.494,26.5,25.9,22.71792,75.8333,ERA5,Asia/Kolkata,Open-Meteo Historical Weather API
MP-Indore,2017-09-06,26.3,30.0,23.1,0.2,0.2,1.0,80,3.95,0.459,0.465,0.491,26.9,26.1,22.71792,75.8333,ERA5,Asia/Kolkata,Open-Meteo Historical Weather API
MP-Indore,2017-09-07,26.4,31.1,22.3,0.0,0.0,0.0,75,4.54,0.443,0.456,0.489,27.1,26.3,22.71792,75.8333,ERA5,Asia/Kolkata,Open-Meteo Historical Weather API
MP-Indore,2017-09-08,26.8,31.4,22.3,0.2,0.2,1.0,76,3.97,0.43,0.446,0.486,27.0,26.4,22.71792,75.8333,ERA5,Asia/Kolkata,Open-Meteo Historical Weather API
MP-Indore,2017-09-09,26.9,31.2,24.4,10.3,10.3,7.0,81,3.23,0.451,0.443,0.483,27.6,26.8,22.71792,75.8333,ERA5,Asia/Kolkata,Open-Meteo Historical Weather API
MP-Indore,2017-09-10,26.8,31.2,24.4,7.2,7.2,8.0,84,3.96,0.48,0.454,0.481,28.2,27.2,22.71792,75.8333,ERA5,Asia/Kolkata,Open-Meteo Historical Weather API
MP-Indore,2017-09-11,27.0,31.7,24.1,7.9,7.9,6.0,83,3.18,0.483,0.47,0.479,27.9,27.4,22.71792,75.8333,ERA5,Asia/Kolkata,Open-Meteo Historical Weather API
MP-Indore,2017-09-12,26.2,30.8,23.7,10.4,10.4,14.0,85,3.31,0.497,0.496,0.48,27.3,27.2,22.71792,75.8333,ERA5,Asia/Kolkata,Open-Meteo Historical Weather API
MP-Indore,2017-09-13,25.4,28.9,23.2,18.0,18.0,11.0,88,2.6,0.5,0.503,0.485,26.6,26.9,22.71792,75.8333,ERA5,Asia/Kolkata,Open-Meteo Historical Weather API
MP-Indore,2017-09-14,25.6,29.4,22.9,2.2,2.2,7.0,85,3.25,0.492,0.499,0.493,26.6,26.6,22.71792,75.8333,ERA5,Asia/Kolkata,Open-Meteo Historical Weather API
MP-Indore,2017-09-15,24.8,27.4,23.3,14.8,14.8,18.0,91,2.33,0.506,0.507,0.497,26.3,26.5,22.71792,75.8333,ERA5,Asia/Kolkata,Open-Meteo Historical Weather API
MP-Indore,2017-09-16,25.0,28.2,23.3,15.6,15.6,21.0,88,2.39,0.506,0.512,0.506,26.4,26.3,22.71792,75.8333,ERA5,Asia/Kolkata,Open-Meteo Historical Weather API
MP-Indore,2017-09-17,26.0,30.8,23.1,11.1,11.1,14.0,87,3.19,0.499,0.507,0.508,27.0,26.3,22.71792,75.8333,ERA5,Asia/Kolkata,Open-Meteo Historical Weather API
MP-Indore,2017-09-18,25.4,29.4,23.3,25.2,25.2,14.0,89,2.36,0.501,0.511,0.514,26.6,26.4,22.71792,75.8333,ERA5,Asia/Kolkata,Open-Meteo Historical Weather API
MP-Indore,2017-09-19,27.4,32.2,23.6,0.0,0.0,0.0,79,4.42,0.479,0.49,0.513,27.6,26.8,22.71792,75.8333,ERA5,Asia/Kolkata,Open-Meteo Historical Weather API
MP-Indore,2017-09-20,27.3,32.8,23.3,0.2,0.2,2.0,76,4.35,0.46,0.47,0.507,27.6,27.1,22.71792,75.8333,ERA5,Asia/Kolkata,Open-Meteo Historical Weather API
MP-Indore,2017-09-21,25.1,26.4,24.2,9.7,9.7,17.0,90,1.59,0.493,0.478,0.503,26.0,26.8,22.71792,75.8333,ERA5,Asia/Kolkata,Open-Meteo Historical Weather API
MP-Indore,2017-09-22,24.7,27.8,23.6,4.0,4.0,13.0,89,1.95,0.492,0.486,0.501,25.4,25.9,22.71792,75.8333,ERA5,Asia/Kolkata,Open-Meteo Historical Weather API
MP-Indore,2017-09-23,25.7,30.2,22.0,0.0,0.0,0.0,80,3.85,0.473,0.48,0.499,26.0,25.6,22.71792,75.8333,ERA5,Asia/Kolkata,Open-Meteo Historical Weather API
MP-Indore,2017-09-24,26.2,31.4,21.8,0.0,0.0,0.0,78,4.78,0.452,0.468,0.496,26.7,25.9,22.71792,75.8333,ERA5,Asia/Kolkata,Open-Meteo Historical Weather API
MP-Indore,2017-09-25,26.5,31.6,22.5,0.2,0.2,1.0,78,4.67,0.435,0.456,0.493,27.1,26.3,22.71792,75.8333,ERA5,Asia/Kolkata,Open-Meteo Historical Weather API
MP-Indore,2017-09-26,26.6,31.7,22.1,0.0,0.0,0.0,76,4.84,0.419,0.444,0.489,27.2,26.4,22.71792,75.8333,ERA5,Asia/Kolkata,Open-Meteo Historical Weather API
MP-Indore,2017-09-27,27.3,33.0,22.4,0.0,0.0,0.0,74,4.74,0.404,0.433,0.485,27.7,26.6,22.71792,75.8333,ERA5,Asia/Kolkata,Open-Meteo Historical Weather API
MP-Indore,2017-09-28,27.5,32.8,23.1,0.0,0.0,0.0,71,4.5,0.39,0.422,0.481,27.7,27.0,22.71792,75.8333,ERA5,Asia/Kolkata,Open-Meteo Historical Weather API
MP-Indore,2017-09-29,27.8,32.9,23.5,0.0,0.0,0.0,65,4.8,0.374,0.41,0.476,27.6,26.9,22.71792,75.8333,ERA5,Asia/Kolkata,Open-Meteo Historical Weather API
MP-Indore,2017-09-30,27.7,33.9,22.6,0.0,0.0,0.0,64,5.39,0.357,0.398,0.471,27.6,26.9,22.71792,75.8333,ERA5,Asia/Kolkata,Open-Meteo Historical Weather API
MP-Indore,2017-10-01,27.6,34.3,22.2,0.0,0.0,0.0,61,5.09,0.341,0.385,0.465,27.4,26.9,22.71792,75.8333,ERA5,Asia/Kolkata,Open-Meteo Historical Weather API
MP-Indore,2017-10-02,27.4,34.1,22.0,0.0,0.0,0.0,59,5.2,0.324,0.374,0.459,27.1,26.9,22.71792,75.8333,ERA5,Asia/Kolkata,Open-Meteo Historical Weather API
MP-Indore,2017-10-03,27.3,34.0,22.2,0.0,0.0,0.0,59,5.19,0.311,0.363,0.454,27.1,26.9,22.71792,75.8333,ERA5,Asia/Kolkata,Open-Meteo Historical Weather API
MP-Indore,2017-10-04,26.9,33.9,19.4,0.0,0.0,0.0,57,5.74,0.296,0.352,0.449,26.8,26.7,22.71792,75.8333,ERA5,Asia/Kolkata,Open-Meteo Historical Weather API
MP-Indore,2017-10-05,27.3,33.7,21.1,0.0,0.0,0.0,55,5.67,0.282,0.34,0.443,27.1,26.7,22.71792,75.8333,ERA5,Asia/Kolkata,Open-Meteo Historical Weather API
MP-Indore,2017-10-06,27.9,32.7,22.9,0.3,0.3,2.0,63,4.82,0.275,0.332,0.435,28.0,27.2,22.71792,75.8333,ERA5,Asia/Kolkata,Open-Meteo Historical Weather API
MP-Indore,2017-10-07,28.1,33.4,23.7,0.5,0.5,2.0,68,4.63,0.269,0.323,0.426,28.6,27.7,22.71792,75.8333,ERA5,Asia/Kolkata,Open-Meteo Historical Weather API
MP-Indore,2017-10-08,27.9,32.6,23.2,0.0,0.0,0.0,67,4.68,0.266,0.316,0.417,28.6,28.0,22.71792,75.8333,ERA5,Asia/Kolkata,Open-Meteo Historical Weather API
MP-Indore,2017-10-09,27.0,31.4,23.7,2.9,2.9,4.0,75,3.79,0.277,0.31,0.411,28.5,28.1,22.71792,75.8333,ERA5,Asia/Kolkata,Open-Meteo Historical Weather API
MP-Indore,2017-10-10,25.6,28.7,23.2,8.8,8.8,9.0,83,2.7,0.337,0.313,0.41,27.2,27.5,22.71792,75.8333,ERA5,Asia/Kolkata,Open-Meteo Historical Weather API
MP-Indore,2017-10-11,26.6,31.0,23.8,0.0,0.0,0.0,74,3.42,0.372,0.314,0.408,27.3,27.1,22.71792,75.8333,ERA5,Asia/Kolkata,Open-Meteo Historical Weather API
MP-Indore,2017-10-12,26.9,31.5,23.5,0.0,0.0,0.0,66,3.67,0.354,0.312,0.404,27.6,27.3,22.71792,75.8333,ERA5,Asia/Kolkata,Open-Meteo Historical Weather API
MP-Indore,2017-10-13,27.0,30.7,24.2,0.4,0.4,1.0,73,3.34,0.343,0.312,0.402,28.1,27.6,22.71792,75.8333,ERA5,Asia/Kolkata,Open-Meteo Historical Weather API
MP-Indore,2017-10-14,27.9,33.7,23.4,0.0,0.0,0.0,64,4.55,0.331,0.311,0.398,28.1,27.6,22.71792,75.8333,ERA5,Asia/Kolkata,Open-Meteo Historical Weather API
MP-Indore,2017-10-15,27.7,34.4,22.2,0.0,0.0,0.0,62,4.42,0.315,0.31,0.393,28.0,27.7,22.71792,75.8333,ERA5,Asia/Kolkata,Open-Meteo Historical Weather API
MP-Indore,2017-10-16,27.1,34.8,20.9,0.0,0.0,0.0,51,5.34,0.303,0.309,0.391,27.7,27.7,22.71792,75.8333,ERA5,Asia/Kolkata,Open-Meteo Historical Weather API
MP-Indore,2017-10-17,26.6,35.2,19.6,0.0,0.0,0.0,43,6.14,0.29,0.302,0.384,26.8,27.0,22.71792,75.8333,ERA5,Asia/Kolkata,Open-Meteo Historical Weather API
MP-Indore,2017-10-18,26.6,34.5,19.4,0.0,0.0,0.0,39,6.31,0.283,0.294,0.378,26.4,26.6,22.71792,75.8333,ERA5,Asia/Kolkata,Open-Meteo Historical Weather API
MP-Indore,2017-10-19,25.6,32.5,18.7,0.0,0.0,0.0,47,5.71,0.275,0.29,0.373,26.2,26.4,22.71792,75.8333,ERA5,Asia/Kolkata,Open-Meteo Historical Weather API
MP-Indore,2017-10-20,27.0,33.5,20.7,0.0,0.0,0.0,59,4.48,0.272,0.289,0.371,27.5,26.9,22.71792,75.8333,ERA5,Asia/Kolkata,Open-Meteo Historical Weather API
MP-Indore,2017-10-21,28.0,34.0,22.7,0.0,0.0,0.0,59,4.14,0.264,0.284,0.366,28.5,27.7,22.71792,75.8333,ERA5,Asia/Kolkata,Open-Meteo Historical Weather API
MP-Indore,2017-10-22,27.8,34.3,23.0,0.0,0.0,0.0,46,5.45,0.259,0.279,0.36,28.6,28.2,22.71792,75.8333,ERA5,Asia/Kolkata,Open-Meteo Historical Weather API
MP-Indore,2017-10-23,26.0,32.8,19.5,0.0,0.0,0.0,37,5.98,0.259,0.276,0.355,27.3,27.7,22.71792,75.8333,ERA5,Asia/Kolkata,Open-Meteo Historical Weather API
MP-Indore,2017-10-24,25.6,33.1,19.3,0.0,0.0,0.0,42,5.08,0.259,0.275,0.351,26.9,27.2,22.71792,75.8333,ERA5,Asia/Kolkata,Open-Meteo Historical Weather API
MP-Indore,2017-10-25,25.2,33.5,17.7,0.0,0.0,0.0,38,4.48,0.26,0.275,0.351,25.8,26.5,22.71792,75.8333,ERA5,Asia/Kolkata,Open-Meteo Historical Weather API
MP-Indore,2017-10-26,25.3,32.9,19.2,0.0,0.0,0.0,39,4.76,0.257,0.274,0.349,25.6,26.2,22.71792,75.8333,ERA5,Asia/Kolkata,Open-Meteo Historical Weather API
MP-Indore,2017-10-27,25.0,32.7,18.5,0.0,0.0,0.0,40,4.22,0.255,0.273,0.346,25.4,26.2,22.71792,75.8333,ERA5,Asia/Kolkata,Open-Meteo Historical Weather API
MP-Indore,2017-10-28,24.9,32.2,18.2,0.0,0.0,0.0,41,4.05,0.255,0.272,0.343,25.4,26.1,22.71792,75.8333,ERA5,Asia/Kolkata,Open-Meteo Historical Weather API
MP-Indore,2017-10-29,24.8,32.6,19.0,0.0,0.0,0.0,42,3.42,0.255,0.274,0.343,25.4,26.1,22.71792,75.8333,ERA5,Asia/Kolkata,Open-Meteo Historical Weather API
MP-Indore,2017-10-30,24.7,32.6,18.8,0.0,0.0,0.0,38,5.29,0.258,0.274,0.341,25.7,25.9,22.71792,75.8333,ERA5,Asia/Kolkata,Open-Meteo Historical Weather API
MP-Indore,2017-10-31,24.1,31.8,17.0,0.0,0.0,0.0,39,5.23,0.257,0.273,0.339,25.4,25.8,22.71792,75.8333,ERA5,Asia/Kolkata,Open-Meteo Historical Weather API
MP-Indore,2017-11-01,24.2,31.4,18.3,0.0,0.0,0.0,42,5.23,0.257,0.273,0.337,25.5,25.8,22.71792,75.8333,ERA5,Asia/Kolkata,Open-Meteo Historical Weather API
MP-Indore,2017-11-02,24.0,31.7,16.8,0.0,0.0,0.0,46,4.93,0.254,0.272,0.334,25.4,25.8,22.71792,75.8333,ERA5,Asia/Kolkata,Open-Meteo Historical Weather API
MP-Indore,2017-11-03,24.3,31.8,16.8,0.0,0.0,0.0,43,5.08,0.254,0.271,0.331,25.4,25.8,22.71792,75.8333,ERA5,Asia/Kolkata,Open-Meteo Historical Weather API
MP-Indore,2017-11-04,24.0,30.7,17.9,0.0,0.0,0.0,44,5.24,0.256,0.271,0.331,25.6,25.9,22.71792,75.8333,ERA5,Asia/Kolkata,Open-Meteo Historical Weather API
MP-Indore,2017-11-05,23.4,30.2,18.2,0.0,0.0,0.0,49,4.83,0.257,0.272,0.329,25.2,25.6,22.71792,75.8333,ERA5,Asia/Kolkata,Open-Meteo Historical Weather API
MP-Indore,2017-11-06,23.6,30.6,17.3,0.0,0.0,0.0,54,4.39,0.258,0.271,0.327,25.1,25.4,22.71792,75.8333,ERA5,Asia/Kolkata,Open-Meteo Historical Weather API
MP-Indore,2017-11-07,23.6,30.9,17.3,0.0,0.0,0.0,54,4.33,0.255,0.27,0.324,25.2,25.5,22.71792,75.8333,ERA5,Asia/Kolkata,Open-Meteo Historical Weather API
MP-Indore,2017-11-08,23.6,30.8,17.1,0.0,0.0,0.0,54,4.04,0.252,0.269,0.321,25.4,25.7,22.71792,75.8333,ERA5,Asia/Kolkata,Open-Meteo Historical Weather API
MP-Indore,2017-11-09,23.5,30.2,17.8,0.0,0.0,0.0,51,3.42,0.253,0.27,0.321,25.4,25.9,22.71792,75.8333,ERA5,Asia/Kolkata,Open-Meteo Historical Weather API
MP-Indore,2017-11-10,22.6,29.8,16.2,0.0,0.0,0.0,48,4.22,0.258,0.271,0.323,24.5,25.6,22.71792,75.8333,ERA5,Asia/Kolkata,Open-Meteo Historical Weather API
MP-Indore,2017-11-11,22.4,29.4,16.7,0.0,0.0,0.0,44,4.82,0.262,0.271,0.323,24.1,25.1,22.71792,75.8333,ERA5,Asia/Kolkata,Open-Meteo Historical Weather API
MP-Indore,2017-11-12,21.8,29.2,16.2,0.0,0.0,0.0,45,4.43,0.262,0.272,0.322,23.7,24.6,22.71792,75.8333,ERA5,Asia/Kolkata,Open-Meteo Historical Weather API
MP-Indore,2017-11-13,21.1,28.8,14.3,0.0,0.0,0.0,50,4.26,0.265,0.273,0.323,23.1,24.2,22.71792,75.8333,ERA5,Asia/Kolkata,Open-Meteo Historical Weather API
MP-Indore,2017-11-14,21.7,28.9,15.1,0.0,0.0,0.0,53,3.82,0.265,0.275,0.326,23.1,23.9,22.71792,75.8333,ERA5,Asia/Kolkata,Open-Meteo Historical Weather API
MP-Indore,2017-11-15,22.1,28.9,16.4,0.0,0.0,0.0,53,3.48,0.266,0.278,0.328,23.5,24.0,22.71792,75.8333,ERA5,Asia/Kolkata,Open-Meteo Historical Weather API
MP-Indore,2017-11-16,21.9,29.1,15.2,0.0,0.0,0.0,54,3.56,0.265,0.279,0.328,23.5,24.1,22.71792,75.8333,ERA5,Asia/Kolkata,Open-Meteo Historical Weather API
MP-Indore,2017-11-17,23.2,29.1,17.7,0.0,0.0,0.0,56,3.62,0.264,0.28,0.328,24.3,24.5,22.71792,75.8333,ERA5,Asia/Kolkata,Open-Meteo Historical Weather API
MP-Indore,2017-11-18,23.1,29.2,17.9,0.0,0.0,0.0,62,3.62,0.26,0.279,0.328,24.9,24.9,22.71792,75.8333,ERA5,Asia/Kolkata,Open-Meteo Historical Weather API
MP-Indore,2017-11-19,22.4,27.4,18.0,0.0,0.0,0.0,62,3.31,0.258,0.279,0.328,24.4,24.9,22.71792,75.8333,ERA5,Asia/Kolkata,Open-Meteo Historical Weather API
MP-Indore,2017-11-20,22.8,28.6,18.5,0.0,0.0,0.0,57,3.38,0.26,0.282,0.33,24.3,24.7,22.71792,75.8333,ERA5,Asia/Kolkata,Open-Meteo Historical Weather API
MP-Indore,2017-11-21,22.6,27.0,19.6,0.0,0.0,0.0,54,3.31,0.257,0.281,0.33,24.4,24.9,22.71792,75.8333,ERA5,Asia/Kolkata,Open-Meteo Historical Weather API
MP-Indore,2017-11-22,22.3,28.8,17.5,0.0,0.0,0.0,56,3.94,0.254,0.28,0.329,24.5,24.8,22.71792,75.8333,ERA5,Asia/Kolkata,Open-Meteo Historical Weather API
MP-Indore,2017-11-23,21.7,28.6,16.5,0.0,0.0,0.0,56,3.87,0.253,0.28,0.328,24.1,24.7,22.71792,75.8333,ERA5,Asia/Kolkata,Open-Meteo Historical Weather API
MP-Indore,2017-11-24,21.2,28.7,15.3,0.0,0.0,0.0,52,3.92,0.256,0.281,0.328,23.4,24.5,22.71792,75.8333,ERA5,Asia/Kolkata,Open-Meteo Historical Weather API
MP-Indore,2017-11-25,20.4,28.6,13.9,0.0,0.0,0.0,48,3.8,0.259,0.282,0.328,22.6,23.9,22.71792,75.8333,ERA5,Asia/Kolkata,Open-Meteo Historical Weather API
MP-Indore,2017-11-26,20.6,29.6,12.3,0.0,0.0,0.0,46,3.96,0.258,0.28,0.326,22.2,23.3,22.71792,75.8333,ERA5,Asia/Kolkata,Open-Meteo Historical Weather API
MP-Indore,2017-11-27,20.5,29.4,12.9,0.0,0.0,0.0,49,3.69,0.258,0.279,0.324,22.2,23.1,22.71792,75.8333,ERA5,Asia/Kolkata,Open-Meteo Historical Weather API
MP-Indore,2017-11-28,21.1,29.7,13.4,0.0,0.0,0.0,45,4.09,0.258,0.278,0.324,22.1,23.0,22.71792,75.8333,ERA5,Asia/Kolkata,Open-Meteo Historical Weather API
MP-Indore,2017-11-29,21.2,29.0,14.0,0.0,0.0,0.0,47,3.97,0.257,0.279,0.324,22.1,22.7,22.71792,75.8333,ERA5,Asia/Kolkata,Open-Meteo Historical Weather API
MP-Indore,2017-11-30,21.0,28.5,13.9,0.0,0.0,0.0,50,3.92,0.255,0.278,0.322,22.3,22.7,22.71792,75.8333,ERA5,Asia/Kolkata,Open-Meteo Historical Weather API
MP-Indore,2017-12-01,20.9,27.5,15.4,0.0,0.0,0.0,45,4.33,0.253,0.274,0.318,22.3,22.8,22.71792,75.8333,ERA5,Asia/Kolkata,Open-Meteo Historical Weather API
MP-Indore,2017-12-02,20.1,26.9,14.8,0.0,0.0,0.0,47,4.01,0.252,0.272,0.314,21.9,22.5,22.71792,75.8333,ERA5,Asia/Kolkata,Open-Meteo Historical Weather API
MP-Indore,2017-12-03,19.9,26.4,14.5,0.0,0.0,0.0,49,3.73,0.253,0.271,0.311,21.6,22.3,22.71792,75.8333,ERA5,Asia/Kolkata,Open-Meteo Historical Weather API
MP-Indore,2017-12-04,20.3,26.6,15.3,0.0,0.0,0.0,53,3.58,0.253,0.272,0.311,21.7,22.3,22.71792,75.8333,ERA5,Asia/Kolkata,Open-Meteo Historical Weather API
MP-Indore,2017-12-05,19.3,24.0,16.4,2.2,2.2,10.0,58,2.67,0.268,0.274,0.313,20.7,22.2,22.71792,75.8333,ERA5,Asia/Kolkata,Open-Meteo Historical Weather API
MP-Indore,2017-12-06,19.0,24.0,15.5,3.0,3.0,4.0,64,2.77,0.293,0.279,0.32,20.1,21.4,22.71792,75.8333,ERA5,Asia/Kolkata,Open-Meteo Historical Weather API
MP-Indore,2017-12-07,20.2,24.5,17.1,0.1,0.1,1.0,70,2.63,0.298,0.285,0.324,21.4,21.8,22.71792,75.8333,ERA5,Asia/Kolkata,Open-Meteo Historical Weather API
MP-Indore,2017-12-08,21.2,27.0,17.4,0.0,0.0,0.0,67,3.32,0.296,0.284,0.324,22.3,22.3,22.71792,75.8333,ERA5,Asia/Kolkata,Open-Meteo Historical Weather API
MP-Indore,2017-12-09,21.9,28.4,16.6,0.0,0.0,0.0,61,3.44,0.287,0.279,0.32,23.0,22.8,22.71792,75.8333,ERA5,Asia/Kolkata,Open-Meteo Historical Weather API
MP-Indore,2017-12-10,21.3,28.2,16.3,0.0,0.0,0.0,47,3.89,0.281,0.276,0.317,22.7,23.0,22.71792,75.8333,ERA5,Asia/Kolkata,Open-Meteo Historical Weather API
MP-Indore,2017-12-11,20.9,28.2,15.1,0.2,0.2,1.0,55,3.55,0.276,0.275,0.315,21.8,22.4,22.71792,75.8333,ERA5,Asia/Kolkata,Open-Meteo Historical Weather API
MP-Indore,2017-12-12,20.1,26.9,15.4,0.0,0.0,0.0,67,3.19,0.272,0.273,0.313,22.2,22.5,22.71792,75.8333,ERA5,Asia/Kolkata,Open-Meteo Historical Weather API
MP-Indore,2017-12-13,20.0,27.4,14.7,0.0,0.0,0.0,63,2.94,0.267,0.272,0.311,21.7,22.1,22.71792,75.8333,ERA5,Asia/Kolkata,Open-Meteo Historical Weather API
MP-Indore,2017-12-14,20.3,26.9,14.8,0.2,0.2,2.0,69,2.91,0.265,0.271,0.309,21.7,22.0,22.71792,75.8333,ERA5,Asia/Kolkata,Open-Meteo Historical Weather API
MP-Indore,2017-12-15,20.9,27.5,16.2,0.0,0.0,0.0,65,3.17,0.265,0.271,0.308,21.8,22.3,22.71792,75.8333,ERA5,Asia/Kolkata,Open-Meteo Historical Weather API
MP-Indore,2017-12-16,19.7,25.1,16.1,0.0,0.0,0.0,65,3.04,0.265,0.272,0.308,21.5,22.5,22.71792,75.8333,ERA5,Asia/Kolkata,Open-Meteo Historical Weather API
MP-Indore,2017-12-17,19.4,26.1,14.6,0.0,0.0,0.0,58,3.87,0.267,0.272,0.308,21.3,22.2,22.71792,75.8333,ERA5,Asia/Kolkata,Open-Meteo Historical Weather API
MP-Indore,2017-12-18,18.6,26.2,12.7,0.0,0.0,0.0,47,3.68,0.268,0.274,0.31,20.4,21.7,22.71792,75.8333,ERA5,Asia/Kolkata,Open-Meteo Historical Weather API
MP-Indore,2017-12-19,19.0,26.7,12.7,0.0,0.0,0.0,43,3.54,0.27,0.278,0.312,19.8,21.0,22.71792,75.8333,ERA5,Asia/Kolkata,Open-Meteo Historical Weather API
MP-Indore,2017-12-20,19.9,26.9,15.7,0.0,0.0,0.0,45,4.07,0.272,0.281,0.314,20.7,21.2,22.71792,75.8333,ERA5,Asia/Kolkata,Open-Meteo Historical Weather API
MP-Indore,2017-12-21,19.4,27.3,13.1,0.0,0.0,0.0,51,4.08,0.271,0.28,0.314,20.6,21.2,22.71792,75.8333,ERA5,Asia/Kolkata,Open-Meteo Historical Weather API
MP-Indore,2017-12-22,18.3,25.5,12.6,0.0,0.0,0.0,56,3.44,0.269,0.279,0.312,19.7,20.9,22.71792,75.8333,ERA5,Asia/Kolkata,Open-Meteo Historical Weather API
MP-Indore,2017-12-23,18.6,26.1,13.2,0.0,0.0,0.0,55,3.33,0.267,0.278,0.311,19.9,20.7,22.71792,75.8333,ERA5,Asia/Kolkata,Open-Meteo Historical Weather API
MP-Indore,2017-12-24,19.4,27.7,12.3,0.0,0.0,0.0,53,3.48,0.265,0.278,0.31,20.4,20.8,22.71792,75.8333,ERA5,Asia/Kolkata,Open-Meteo Historical Weather API
MP-Indore,2017-12-25,18.9,26.5,13.2,0.0,0.0,0.0,50,4.18,0.266,0.278,0.309,20.2,20.9,22.71792,75.8333,ERA5,Asia/Kolkata,Open-Meteo Historical Weather API
MP-Indore,2017-12-26,17.8,25.9,11.6,0.0,0.0,0.0,47,3.93,0.264,0.276,0.306,19.7,20.6,22.71792,75.8333,ERA5,Asia/Kolkata,Open-Meteo Historical Weather API
MP-Indore,2017-12-27,17.9,26.7,10.3,0.0,0.0,0.0,48,3.75,0.262,0.275,0.3,19.5,20.2,22.71792,75.8333,ERA5,Asia/Kolkata,Open-Meteo Historical Weather API
MP-Indore,2017-12-28,18.4,27.4,11.0,0.0,0.0,0.0,50,3.83,0.26,0.273,0.295,19.7,20.2,22.71792,75.8333,ERA5,Asia/Kolkata,Open-Meteo Historical Weather API
MP-Indore,2017-12-29,19.1,27.4,12.2,0.0,0.0,0.0,50,3.7,0.258,0.271,0.29,20.4,20.5,22.71792,75.8333,ERA5,Asia/Kolkata,Open-Meteo Historical Weather API
MP-Indore,2017-12-30,19.5,27.1,13.0,0.0,0.0,0.0,53,3.54,0.256,0.27,0.287,20.9,21.0,22.71792,75.8333,ERA5,Asia/Kolkata,Open-Meteo Historical Weather API
MP-Indore,2017-12-31,19.2,26.5,14.0,0.0,0.0,0.0,53,3.44,0.259,0.272,0.289,20.8,21.3,22.71792,75.8333,ERA5,Asia/Kolkata,Open-Meteo Historical Weather API
MP-Indore,2018-01-01,18.9,26.2,12.8,0.0,0.0,0.0,56,3.37,0.263,0.274,0.292,20.6,21.2,22.71792,75.8333,ERA5,Asia/Kolkata,Open-Meteo Historical Weather API
MP-Indore,2018-01-02,18.1,24.8,12.9,0.0,0.0,0.0,54,3.73,0.263,0.276,0.293,20.4,21.2,22.71792,75.8333,ERA5,Asia/Kolkata,Open-Meteo Historical Weather API
MP-Indore,2018-01-03,17.3,24.9,10.8,0.0,0.0,0.0,45,3.64,0.263,0.275,0.292,19.6,20.7,22.71792,75.8333,ERA5,Asia/Kolkata,Open-Meteo Historical Weather API
MP-Indore,2018-01-04,18.3,26.6,12.1,0.0,0.0,0.0,46,3.87,0.263,0.274,0.292,19.8,20.5,22.71792,75.8333,ERA5,Asia/Kolkata,Open-Meteo Historical Weather API
MP-Indore,2018-01-05,18.1,26.3,11.6,0.0,0.0,0.0,50,3.7,0.261,0.272,0.289,19.9,20.4,22.71792,75.8333,ERA5,Asia/Kolkata,Open-Meteo Historical Weather API
MP-Indore,2018-01-06,17.5,25.8,10.6,0.0,0.0,0.0,47,3.85,0.26,0.269,0.285,19.6,20.3,22.71792,75.8333,ERA5,Asia/Kolkata,Open-Meteo Historical Weather API
MP-Indore,2018-01-07,17.6,24.8,11.3,0.0,0.0,0.0,50,3.56,0.257,0.269,0.282,19.5,20.1,22.71792,75.8333,ERA5,Asia/Kolkata,Open-Meteo Historical Weather API
MP-Indore,2018-01-08,18.1,25.2,12.2,0.0,0.0,0.0,47,3.94,0.258,0.27,0.28,19.9,20.3,22.71792,75.8333,ERA5,Asia/Kolkata,Open-Meteo Historical Weather API
MP-Indore,2018-01-09,18.3,25.3,13.0,0.0,0.0,0.0,49,3.94,0.26,0.272,0.283,20.0,20.5,22.71792,75.8333,ERA5,Asia/Kolkata,Open-Meteo Historical Weather API
MP-Indore,2018-01-10,18.5,25.1,12.1,0.0,0.0,0.0,46,3.97,0.262,0.273,0.284,20.2,20.7,22.71792,75.8333,ERA5,Asia/Kolkata,Open-Meteo Historical Weather API
MP-Indore,2018-01-11,18.8,26.6,12.0,0.0,0.0,0.0,45,3.74,0.264,0.274,0.286,20.4,20.9,22.71792,75.8333,ERA5,Asia/Kolkata,Open-Meteo Historical Weather API
MP-Indore,2018-01-12,19.8,27.7,12.3,0.0,0.0,0.0,48,3.64,0.266,0.276,0.289,21.1,21.5,22.71792,75.8333,ERA5,Asia/Kolkata,Open-Meteo Historical Weather API
MP-Indore,2018-01-13,21.1,27.1,16.3,0.0,0.0,0.0,43,3.53,0.269,0.278,0.291,21.9,22.2,22.71792,75.8333,ERA5,Asia/Kolkata,Open-Meteo Historical Weather API
MP-Indore,2018-01-14,22.0,27.9,17.1,0.0,0.0,0.0,51,2.99,0.267,0.277,0.291,22.4,22.3,22.71792,75.8333,ERA5,Asia/Kolkata,Open-Meteo Historical Weather API
MP-Indore,2018-01-15,21.7,29.0,16.1,0.0,0.0,0.0,54,3.83,0.265,0.274,0.29,22.8,22.6,22.71792,75.8333,ERA5,Asia/Kolkata,Open-Meteo Historical Weather API
MP-Indore,2018-01-16,20.8,28.6,13.8,0.0,0.0,0.0,46,4.24,0.265,0.272,0.29,22.2,22.5,22.71792,75.8333,ERA5,Asia/Kolkata,Open-Meteo Historical Weather API
MP-Indore,2018-01-17,21.2,28.6,14.5,0.0,0.0,0.0,47,3.47,0.263,0.271,0.288,21.7,22.2,22.71792,75.8333,ERA5,Asia/Kolkata,Open-Meteo Historical Weather API
MP-Indore,2018-01-18,21.4,28.6,15.5,0.0,0.0,0.0,50,3.59,0.261,0.269,0.286,22.5,22.4,22.71792,75.8333,ERA5,Asia/Kolkata,Open-Meteo Historical Weather API
MP-Indore,2018-01-19,21.0,28.6,13.8,0.0,0.0,0.0,47,3.71,0.26,0.268,0.285,22.4,22.4,22.71792,75.8333,ERA5,Asia/Kolkata,Open-Meteo Historical Weather API
MP-Indore,2018-01-20,20.5,28.3,13.2,0.0,0.0,0.0,51,3.78,0.263,0.268,0.283,22.3,22.5,22.71792,75.8333,ERA5,Asia/Kolkata,Open-Meteo Historical Weather API
MP-Indore,2018-01-21,21.1,28.8,13.8,0.0,0.0,0.0,52,4.1,0.26,0.267,0.278,22.6,22.5,22.71792,75.8333,ERA5,Asia/Kolkata,Open-Meteo Historical Weather API
MP-Indore,2018-01-22,21.5,28.8,15.3,0.0,0.0,0.0,48,4.51,0.26,0.267,0.276,22.8,22.7,22.71792,75.8333,ERA5,Asia/Kolkata,Open-Meteo Historical Weather API
MP-Indore,2018-01-23,20.9,27.6,16.2,0.0,0.0,0.0,48,4.69,0.263,0.267,0.276,22.6,22.9,22.71792,75.8333,ERA5,Asia/Kolkata,Open-Meteo Historical Weather API
MP-Indore,2018-01-24,17.8,24.4,12.7,0.0,0.0,0.0,48,4.13,0.266,0.27,0.281,20.9,22.0,22.71792,75.8333,ERA5,Asia/Kolkata,Open-Meteo Historical Weather API
MP-Indore,2018-01-25,16.9,25.1,9.5,0.0,0.0,0.0,42,3.89,0.27,0.272,0.285,19.6,20.8,22.71792,75.8333,ERA5,Asia/Kolkata,Open-Meteo Historical Weather API
MP-Indore,2018-01-26,17.6,26.1,10.5,0.0,0.0,0.0,40,4.19,0.268,0.271,0.283,19.7,20.5,22.71792,75.8333,ERA5,Asia/Kolkata,Open-Meteo Historical Weather API
MP-Indore,2018-01-27,18.8,27.2,11.0,0.0,0.0,0.0,40,4.36,0.269,0.269,0.279,20.2,20.6,22.71792,75.8333,ERA5,Asia/Kolkata,Open-Meteo Historical Weather API
MP-Indore,2018-01-28,20.3,28.1,12.1,0.0,0.0,0.0,40,4.28,0.268,0.269,0.278,20.9,21.0,22.71792,75.8333,ERA5,Asia/Kolkata,Open-Meteo Historical Weather API
MP-Indore,2018-01-29,20.9,28.6,13.8,0.0,0.0,0.0,44,4.05,0.263,0.269,0.277,21.5,21.4,22.71792,75.8333,ERA5,Asia/Kolkata,Open-Meteo Historical Weather API
MP-Indore,2018-01-30,21.2,30.7,13.2,0.0,0.0,0.0,43,4.59,0.263,0.268,0.277,22.2,22.0,22.71792,75.8333,ERA5,Asia/Kolkata,Open-Meteo Historical Weather API
MP-Indore,2018-01-31,22.3,31.0,14.4,0.0,0.0,0.0,38,4.3,0.261,0.269,0.278,22.4,22.4,22.71792,75.8333,ERA5,Asia/Kolkata,Open-Meteo Historical Weather API
MP-Indore,2018-02-01,22.8,31.1,14.8,0.0,0.0,0.0,37,4.4,0.262,0.269,0.277,22.9,22.8,22.71792,75.8333,ERA5,Asia/Kolkata,Open-Meteo Historical Weather API
MP-Indore,2018-02-02,22.7,30.6,15.6,0.0,0.0,0.0,40,4.71,0.259,0.268,0.273,23.6,23.2,22.71792,75.8333,ERA5,Asia/Kolkata,Open-Meteo Historical Weather API
MP-Indore,2018-02-03,21.8,30.2,15.3,0.0,0.0,0.0,44,4.52,0.259,0.268,0.274,23.5,23.4,22.71792,75.8333,ERA5,Asia/Kolkata,Open-Meteo Historical Weather API
MP-Indore,2018-02-04,21.5,28.4,16.0,0.0,0.0,0.0,49,4.32,0.262,0.269,0.277,23.3,23.4,22.71792,75.8333,ERA5,Asia/Kolkata,Open-Meteo Historical Weather API
MP-Indore,2018-02-05,22.6,29.2,16.7,0.0,0.0,0.0,52,4.19,0.265,0.27,0.283,23.8,23.6,22.71792,75.8333,ERA5,Asia/Kolkata,Open-Meteo Historical Weather API
MP-Indore,2018-02-06,22.4,29.4,17.5,0.0,0.0,0.0,52,4.04,0.271,0.272,0.291,23.6,23.9,22.71792,75.8333,ERA5,Asia/Kolkata,Open-Meteo Historical Weather API
MP-Indore,2018-02-07,20.7,26.1,17.4,1.0,1.0,7.0,52,3.05,0.276,0.272,0.29,22.4,23.5,22.71792,75.8333,ERA5,Asia/Kolkata,Open-Meteo Historical Weather API
MP-Indore,2018-02-08,21.8,28.7,15.7,0.0,0.0,0.0,49,4.4,0.28,0.272,0.292,22.5,22.7,22.71792,75.8333,ERA5,Asia/Kolkata,Open-Meteo Historical Weather API
MP-Indore,2018-02-09,20.6,27.8,13.9,0.0,0.0,0.0,34,5.01,0.276,0.273,0.292,22.2,22.7,22.71792,75.8333,ERA5,Asia/Kolkata,Open-Meteo Historical Weather API
MP-Indore,2018-02-10,21.2,28.3,14.9,0.0,0.0,0.0,39,5.25,0.273,0.274,0.294,22.1,22.3,22.71792,75.8333,ERA5,Asia/Kolkata,Open-Meteo Historical Weather API
MP-Indore,2018-02-11,21.8,27.1,16.1,2.5,2.5,9.0,47,4.16,0.284,0.272,0.292,22.4,22.5,22.71792,75.8333,ERA5,Asia/Kolkata,Open-Meteo Historical Weather API
MP-Indore,2018-02-12,21.3,26.9,16.9,0.0,0.0,0.0,50,4.03,0.286,0.274,0.293,23.3,22.9,22.71792,75.8333,ERA5,Asia/Kolkata,Open-Meteo Historical Weather API
MP-Indore,2018-02-13,20.4,26.8,15.4,1.2,1.2,2.0,59,3.9,0.294,0.277,0.299,22.2,22.6,22.71792,75.8333,ERA5,Asia/Kolkata,Open-Meteo Historical Weather API
MP-Indore,2018-02-14,19.7,26.0,14.8,0.0,0.0,0.0,52,4.59,0.302,0.278,0.3,21.6,22.0,22.71792,75.8333,ERA5,Asia/Kolkata,Open-Meteo Historical Weather API
MP-Indore,2018-02-15,20.4,28.2,13.2,0.0,0.0,0.0,41,4.82,0.29,0.276,0.298,21.8,21.7,22.71792,75.8333,ERA5,Asia/Kolkata,Open-Meteo Historical Weather API
MP-Indore,2018-02-16,21.7,30.1,14.0,0.0,0.0,0.0,43,4.88,0.281,0.275,0.294,22.9,22.3,22.71792,75.8333,ERA5,Asia/Kolkata,Open-Meteo Historical Weather API
MP-Indore,2018-02-17,23.3,31.7,14.4,0.0,0.0,0.0,40,4.84,0.273,0.272,0.29,23.9,23.2,22.71792,75.8333,ERA5,Asia/Kolkata,Open-Meteo Historical Weather API
MP-Indore,2018-02-18,23.5,31.3,15.5,0.0,0.0,0.0,38,4.8,0.267,0.269,0.285,24.6,23.9,22.71792,75.8333,ERA5,Asia/Kolkata,Open-Meteo Historical Weather API
MP-Indore,2018-02-19,23.6,31.8,15.9,0.0,0.0,0.0,39,5.0,0.261,0.268,0.282,24.9,24.2,22.71792,75.8333,ERA5,Asia/Kolkata,Open-Meteo Historical Weather API
MP-Indore,2018-02-20,25.0,32.3,17.9,0.0,0.0,0.0,34,5.56,0.255,0.268,0.279,25.9,24.8,22.71792,75.8333,ERA5,Asia/Kolkata,Open-Meteo Historical Weather API
MP-Indore,2018-02-21,25.8,33.3,18.2,0.0,0.0,0.0,32,5.0,0.255,0.268,0.277,26.8,25.5,22.71792,75.8333,ERA5,Asia/Kolkata,Open-Meteo Historical Weather API
MP-Indore,2018-02-22,25.5,33.6,16.7,0.0,0.0,0.0,35,5.6,0.254,0.268,0.278,26.3,25.7,22.71792,75.8333,ERA5,Asia/Kolkata,Open-Meteo Historical Weather API
MP-Indore,2018-02-23,25.6,34.1,17.7,0.0,0.0,0.0,38,5.71,0.257,0.268,0.278,26.9,26.0,22.71792,75.8333,ERA5,Asia/Kolkata,Open-Meteo Historical Weather API
MP-Indore,2018-02-24,26.4,34.2,19.7,0.0,0.0,0.0,39,4.86,0.257,0.269,0.279,27.0,26.2,22.71792,75.8333,ERA5,Asia/Kolkata,Open-Meteo Historical Weather API
MP-Indore,2018-02-25,26.4,33.9,19.2,0.0,0.0,0.0,39,5.61,0.257,0.269,0.28,27.6,26.5,22.71792,75.8333,ERA5,Asia/Kolkata,Open-Meteo Historical Weather API
MP-Indore,2018-02-26,26.4,33.0,20.4,0.0,0.0,0.0,37,5.93,0.256,0.27,0.28,27.9,26.9,22.71792,75.8333,ERA5,Asia/Kolkata,Open-Meteo Historical Weather API
MP-Indore,2018-02-27,26.8,33.6,19.9,0.0,0.0,0.0,36,5.67,0.255,0.27,0.28,28.3,27.2,22.71792,75.8333,ERA5,Asia/Kolkata,Open-Meteo Historical Weather API
MP-Indore,2018-02-28,27.4,34.2,21.0,0.0,0.0,0.0,35,5.75,0.255,0.27,0.279,28.8,27.6,22.71792,75.8333,ERA5,Asia/Kolkata,Open-Meteo Historical Weather API
MP-Indore,2018-03-01,27.8,34.9,21.7,0.0,0.0,0.0,36,5.13,0.254,0.271,0.281,28.9,27.9,22.71792,75.8333,ERA5,Asia/Kolkata,Open-Meteo Historical Weather API
MP-Indore,2018-03-02,27.5,34.9,20.6,0.0,0.0,0.0,35,6.02,0.257,0.272,0.282,28.6,27.8,22.71792,75.8333,ERA5,Asia/Kolkata,Open-Meteo Historical Weather API
MP-Indore,2018-03-03,27.6,34.9,20.9,0.0,0.0,0.0,30,7.31,0.256,0.272,0.283,28.6,27.9,22.71792,75.8333,ERA5,Asia/Kolkata,Open-Meteo Historical Weather API
MP-Indore,2018-03-04,26.8,33.7,20.9,0.0,0.0,0.0,35,5.35,0.255,0.272,0.283,28.1,27.7,22.71792,75.8333,ERA5,Asia/Kolkata,Open-Meteo Historical Weather API
MP-Indore,2018-03-05,26.5,33.3,20.9,0.0,0.0,0.0,36,5.86,0.256,0.273,0.284,28.4,27.7,22.71792,75.8333,ERA5,Asia/Kolkata,Open-Meteo Historical Weather API
MP-Indore,2018-03-06,26.6,33.2,19.9,0.0,0.0,0.0,36,6.17,0.254,0.273,0.284,28.4,27.5,22.71792,75.8333,ERA5,Asia/Kolkata,Open-Meteo Historical Weather API
MP-Indore,2018-03-07,25.8,31.1,21.2,0.1,0.1,1.0,35,5.35,0.256,0.272,0.284,27.6,27.5,22.71792,75.8333,ERA5,Asia/Kolkata,Open-Meteo Historical Weather API
MP-Indore,2018-03-08,26.2,32.6,21.6,0.8,0.8,3.0,43,5.76,0.267,0.274,0.286,27.9,27.5,22.71792,75.8333,ERA5,Asia/Kolkata,Open-Meteo Historical Weather API
MP-Indore,2018-03-09,27.0,34.0,20.4,0.0,0.0,0.0,40,5.22,0.269,0.276,0.288,28.2,27.4,22.71792,75.8333,ERA5,Asia/Kolkata,Open-Meteo Historical Weather API
MP-Indore,2018-03-10,27.6,34.5,20.5,0.0,0.0,0.0,37,5.64,0.265,0.276,0.289,28.0,27.4,22.71792,75.8333,ERA5,Asia/Kolkata,Open-Meteo Historical Weather API
MP-Indore,2018-03-11,27.3,35.2,20.5,0.0,0.0,0.0,34,6.03,0.262,0.278,0.291,28.7,27.8,22.71792,75.8333,ERA5,Asia/Kolkata,Open-Meteo Historical Weather API
MP-Indore,2018-03-12,27.5,36.0,19.9,0.0,0.0,0.0,26,6.93,0.26,0.277,0.289,28.9,28.2,22.71792,75.8333,ERA5,Asia/Kolkata,Open-Meteo Historical Weather API
MP-Indore,2018-03-13,27.8,36.5,18.7,0.0,0.0,0.0,27,6.8,0.258,0.277,0.289,29.2,28.2,22.71792,75.8333,ERA5,Asia/Kolkata,Open-Meteo Historical Weather API
MP-Indore,2018-03-14,28.1,35.3,21.2,0.0,0.0,0.0,29,6.86,0.252,0.275,0.287,29.8,28.7,22.71792,75.8333,ERA5,Asia/Kolkata,Open-Meteo Historical Weather API
MP-Indore,2018-03-15,27.0,33.6,21.7,0.0,0.0,0.0,30,5.81,0.253,0.274,0.286,29.0,28.6,22.71792,75.8333,ERA5,Asia/Kolkata,Open-Meteo Historical Weather API
MP-Indore,2018-03-16,26.6,33.5,19.6,0.0,0.0,0.0,32,6.61,0.253,0.273,0.285,28.6,28.0,22.71792,75.8333,ERA5,Asia/Kolkata,Open-Meteo Historical Weather API
MP-Indore,2018-03-17,27.3,34.8,20.3,0.0,0.0,0.0,28,5.83,0.251,0.273,0.284,29.2,28.2,22.71792,75.8333,ERA5,Asia/Kolkata,Open-Meteo Historical Weather API
MP-Indore,2018-03-18,28.5,35.2,22.0,0.0,0.0,0.0,27,6.37,0.248,0.272,0.283,29.7,28.7,22.71792,75.8333,ERA5,Asia/Kolkata,Open-Meteo Historical Weather API
MP-Indore,2018-03-19,28.8,35.2,24.8,0.6,0.6,2.0,36,6.05,0.255,0.272,0.283,30.2,29.2,22.71792,75.8333,ERA5,Asia/Kolkata,Open-Meteo Historical Weather API
MP-Indore,2018-03-20,28.8,36.2,23.3,0.0,0.0,0.0,41,6.23,0.26,0.27,0.279,30.5,29.3,22.71792,75.8333,ERA5,Asia/Kolkata,Open-Meteo Historical Weather API
MP-Indore,2018-03-21,27.6,34.1,21.2,0.0,0.0,0.0,26,8.06,0.255,0.27,0.278,30.0,29.3,22.71792,75.8333,ERA5,Asia/Kolkata,Open-Meteo Historical Weather API
MP-Indore,2018-03-22,26.8,33.1,19.6,0.0,0.0,0.0,32,7.21,0.251,0.27,0.278,29.6,28.9,22.71792,75.8333,ERA5,Asia/Kolkata,Open-Meteo Historical Weather API
MP-Indore,2018-03-23,27.1,33.3,20.1,0.0,0.0,0.0,29,6.9,0.248,0.27,0.278,29.8,28.9,22.71792,75.8333,ERA5,Asia/Kolkata,Open-Meteo Historical Weather API
MP-Indore,2018-03-24,27.8,34.6,20.6,0.0,0.0,0.0,27,7.31,0.251,0.271,0.279,29.8,29.1,22.71792,75.8333,ERA5,Asia/Kolkata,Open-Meteo Historical Weather API
MP-Indore,2018-03-25,28.5,35.7,21.0,0.0,0.0,0.0,26,7.38,0.251,0.271,0.279,30.2,29.4,22.71792,75.8333,ERA5,Asia/Kolkata,Open-Meteo Historical Weather API
MP-Indore,2018-03-26,28.9,36.9,20.7,0.0,0.0,0.0,24,7.26,0.252,0.271,0.279,30.7,29.7,22.71792,75.8333,ERA5,Asia/Kolkata,Open-Meteo Historical Weather API
MP-Indore,2018-03-27,29.8,38.2,20.0,0.0,0.0,0.0,23,7.22,0.252,0.272,0.279,31.0,29.9,22.71792,75.8333,ERA5,Asia/Kolkata,Open-Meteo Historical Weather API
MP-Indore,2018-03-28,30.3,37.9,23.1,0.0,0.0,0.0,20,8.17,0.248,0.271,0.277,31.9,30.6,22.71792,75.8333,ERA5,Asia/Kolkata,Open-Meteo Historical Weather API
MP-Indore,2018-03-29,30.7,39.1,23.4,0.0,0.0,0.0,19,7.81,0.249,0.271,0.277,32.1,30.9,22.71792,75.8333,ERA5,Asia/Kolkata,Open-Meteo Historical Weather API
MP-Indore,2018-03-30,31.1,39.1,22.8,0.0,0.0,0.0,19,8.6,0.248,0.271,0.277,32.2,31.0,22.71792,75.8333,ERA5,Asia/Kolkata,Open-Meteo Historical Weather API
MP-Indore,2018-03-31,31.8,39.0,23.9,0.0,0.0,0.0,19,9.58,0.248,0.271,0.276,32.9,31.5,22.71792,75.8333,ERA5,Asia/Kolkata,Open-Meteo Historical Weather API
MP-Indore,2018-04-01,31.4,39.0,25.0,0.0,0.0,0.0,20,8.29,0.241,0.27,0.275,33.4,31.9,22.71792,75.8333,ERA5,Asia/Kolkata,Open-Meteo Historical Weather API
MP-Indore,2018-04-02,31.3,38.6,22.9,0.0,0.0,0.0,20,7.07,0.24,0.269,0.274,33.5,32.0,22.71792,75.8333,ERA5,Asia/Kolkata,Open-Meteo Historical Weather API
MP-Indore,2018-04-03,31.8,38.8,24.2,0.0,0.0,0.0,21,8.23,0.243,0.268,0.274,33.8,32.5,22.71792,75.8333,ERA5,Asia/Kolkata,Open-Meteo Historical Weather API
MP-Indore,2018-04-04,32.7,39.6,25.0,0.0,0.0,0.0,20,9.22,0.242,0.269,0.273,34.2,32.8,22.71792,75.8333,ERA5,Asia/Kolkata,Open-Meteo Historical Weather API
MP-Indore,2018-04-05,32.5,39.1,25.5,0.0,0.0,0.0,22,9.44,0.244,0.269,0.273,34.3,33.1,22.71792,75.8333,ERA5,Asia/Kolkata,Open-Meteo Historical Weather API
MP-Indore,2018-04-06,31.4,37.9,26.0,0.9,0.9,1.0,26,7.88,0.248,0.269,0.273,33.3,32.9,22.71792,75.8333,ERA5,Asia/Kolkata,Open-Meteo Historical Weather API
MP-Indore,2018-04-07,31.0,38.0,25.3,0.0,0.0,0.0,29,8.38,0.255,0.269,0.275,33.1,32.3,22.71792,75.8333,ERA5,Asia/Kolkata,Open-Meteo Historical Weather API
MP-Indore,2018-04-08,30.8,37.4,23.1,0.0,0.0,0.0,26,7.32,0.251,0.27,0.276,33.2,32.1,22.71792,75.8333,ERA5,Asia/Kolkata,Open-Meteo Historical Weather API
MP-Indore,2018-04-09,30.8,38.1,24.3,0.9,0.9,2.0,28,6.27,0.242,0.269,0.274,33.3,32.3,22.71792,75.8333,ERA5,Asia/Kolkata,Open-Meteo Historical Weather API
MP-Indore,2018-04-10,31.0,37.0,25.6,1.0,1.0,2.0,29,6.17,0.248,0.269,0.273,33.2,32.2,22.71792,75.8333,ERA5,Asia/Kolkata,Open-Meteo Historical Weather API
MP-Indore,2018-04-11,30.9,37.8,24.7,0.0,0.0,0.0,32,7.16,0.252,0.268,0.273,33.4,32.2,22.71792,75.8333,ERA5,Asia/Kolkata,Open-Meteo Historical Weather API
MP-Indore,2018-04-12,30.0,36.0,24.3,0.0,0.0,0.0,37,6.31,0.254,0.268,0.276,32.7,32.2,22.71792,75.8333,ERA5,Asia/Kolkata,Open-Meteo Historical Weather API
MP-Indore,2018-04-13,31.6,38.1,25.3,0.0,0.0,0.0,33,6.54,0.25,0.268,0.276,33.7,32.3,22.71792,75.8333,ERA5,Asia/Kolkata,Open-Meteo Historical Weather API
MP-Indore,2018-04-14,32.6,39.5,26.1,0.0,0.0,0.0,26,7.87,0.243,0.267,0.274,34.8,33.1,22.71792,75.8333,ERA5,Asia/Kolkata,Open-Meteo Historical Weather API
MP-Indore,2018-04-15,32.9,39.6,26.5,0.0,0.0,0.0,27,8.3,0.24,0.268,0.272,35.1,33.5,22.71792,75.8333,ERA5,Asia/Kolkata,Open-Meteo Historical Weather API
MP-Indore,2018-04-16,33.1,39.7,26.0,0.0,0.0,0.0,27,8.71,0.238,0.267,0.271,35.3,33.9,22.71792,75.8333,ERA5,Asia/Kolkata,Open-Meteo Historical Weather API
MP-Indore,2018-04-17,33.4,39.9,27.0,0.1,0.1,1.0,28,8.92,0.243,0.267,0.271,35.2,34.0,22.71792,75.8333,ERA5,Asia/Kolkata,Open-Meteo Historical Weather API
MP-Indore,2018-04-18,32.9,39.6,26.5,0.0,0.0,0.0,22,9.45,0.244,0.268,0.272,35.1,33.9,22.71792,75.8333,ERA5,Asia/Kolkata,Open-Meteo Historical Weather API
MP-Indore,2018-04-19,33.8,40.4,26.2,0.0,0.0,0.0,22,9.59,0.242,0.269,0.272,35.8,34.2,22.71792,75.8333,ERA5,Asia/Kolkata,Open-Meteo Historical Weather API
MP-Indore,2018-04-20,32.9,38.8,26.6,0.0,0.0,0.0,25,9.8,0.24,0.268,0.271,35.3,34.4,22.71792,75.8333,ERA5,Asia/Kolkata,Open-Meteo Historical Weather API
MP-Indore,2018-04-21,31.9,37.7,25.7,0.0,0.0,0.0,27,9.0,0.238,0.268,0.27,35.0,34.0,22.71792,75.8333,ERA5,Asia/Kolkata,Open-Meteo Historical Weather API
MP-Indore,2018-04-22,31.3,38.2,24.6,0.0,0.0,0.0,23,7.54,0.241,0.268,0.27,34.9,33.7,22.71792,75.8333,ERA5,Asia/Kolkata,Open-Meteo Historical Weather API
MP-Indore,2018-04-23,31.2,38.0,23.6,0.0,0.0,0.0,20,7.98,0.241,0.268,0.27,34.6,33.6,22.71792,75.8333,ERA5,Asia/Kolkata,Open-Meteo Historical Weather API
MP-Indore,2018-04-24,31.7,39.8,22.2,0.0,0.0,0.0,18,7.24,0.248,0.268,0.272,34.6,33.5,22.71792,75.8333,ERA5,Asia/Kolkata,Open-Meteo Historical Weather API
MP-Indore,2018-04-25,32.9,40.2,24.7,0.0,0.0,0.0,19,9.09,0.247,0.269,0.272,35.0,33.8,22.71792,75.8333,ERA5,Asia/Kolkata,Open-Meteo Historical Weather API
MP-Indore,2018-04-26,33.7,40.3,26.2,0.0,0.0,0.0,21,9.26,0.241,0.267,0.27,36.1,34.4,22.71792,75.8333,ERA5,Asia/Kolkata,Open-Meteo Historical Weather API
MP-Indore,2018-04-27,34.3,40.8,26.7,0.0,0.0,0.0,26,9.12,0.241,0.266,0.268,36.4,35.0,22.71792,75.8333,ERA5,Asia/Kolkata,Open-Meteo Historical Weather API
MP-Indore,2018-04-28,34.9,41.6,28.7,0.0,0.0,0.0,29,9.11,0.238,0.266,0.267,36.9,35.4,22.71792,75.8333,ERA5,Asia/Kolkata,Open-Meteo Historical Weather API
MP-Indore,2018-04-29,34.7,41.2,29.4,0.0,0.0,0.0,26,11.24,0.239,0.265,0.265,36.7,35.5,22.71792,75.8333,ERA5,Asia/Kolkata,Open-Meteo Historical Weather API
MP-Indore,2018-04-30,33.7,40.5,27.3,0.0,0.0,0.0,33,9.57,0.237,0.264,0.265,36.1,35.1,22.71792,75.8333,ERA5,Asia/Kolkata,Open-Meteo Historical Weather API
MP-Indore,2018-05-01,34.4,41.2,27.6,0.0,0.0,0.0,33,9.48,0.237,0.265,0.265,36.5,35.0,22.71792,75.8333,ERA5,Asia/Kolkata,Open-Meteo Historical Weather API
MP-Indore,2018-05-02,35.2,41.6,28.5,0.0,0.0,0.0,29,10.26,0.24,0.265,0.265,37.3,35.3,22.71792,75.8333,ERA5,Asia/Kolkata,Open-Meteo Historical Weather API
MP-Indore,2018-05-03,34.1,40.6,27.3,0.0,0.0,0.0,30,9.04,0.237,0.264,0.265,37.2,35.7,22.71792,75.8333,ERA5,Asia/Kolkata,Open-Meteo Historical Weather API
MP-Indore,2018-05-04,33.3,40.0,25.9,0.0,0.0,0.0,32,8.87,0.238,0.264,0.265,36.6,35.6,22.71792,75.8333,ERA5,Asia/Kolkata,Open-Meteo Historical Weather API
MP-Indore,2018-05-05,34.0,40.8,26.9,0.0,0.0,0.0,34,8.7,0.236,0.265,0.266,36.9,35.5,22.71792,75.8333,ERA5,Asia/Kolkata,Open-Meteo Historical Weather API
MP-Indore,2018-05-06,35.1,41.5,29.4,0.0,0.0,0.0,28,9.91,0.236,0.265,0.266,37.5,36.0,22.71792,75.8333,ERA5,Asia/Kolkata,Open-Meteo Historical Weather API
MP-Indore,2018-05-07,33.4,39.3,27.6,0.0,0.0,0.0,25,10.08,0.235,0.266,0.266,36.5,35.8,22.71792,75.8333,ERA5,Asia/Kolkata,Open-Meteo Historical Weather API
MP-Indore,2018-05-08,32.4,38.8,25.9,0.0,0.0,0.0,31,9.54,0.235,0.266,0.267,35.6,35.1,22.71792,75.8333,ERA5,Asia/Kolkata,Open-Meteo Historical Weather API
MP-Indore,2018-05-09,33.5,39.7,27.0,0.0,0.0,0.0,33,8.57,0.238,0.266,0.268,36.2,35.0,22.71792,75.8333,ERA5,Asia/Kolkata,Open-Meteo Historical Weather API
MP-Indore,2018-05-10,35.3,41.1,28.5,0.0,0.0,0.0,29,8.88,0.238,0.266,0.269,37.6,35.8,22.71792,75.8333,ERA5,Asia/Kolkata,Open-Meteo Historical Weather API
MP-Indore,2018-05-11,36.3,42.1,30.8,0.0,0.0,0.0,24,10.07,0.239,0.266,0.268,38.5,36.6,22.71792,75.8333,ERA5,Asia/Kolkata,Open-Meteo Historical Weather API
MP-Indore,2018-05-12,35.7,41.4,29.7,0.0,0.0,0.0,26,10.44,0.235,0.266,0.267,38.0,36.8,22.71792,75.8333,ERA5,Asia/Kolkata,Open-Meteo Historical Weather API
MP-Indore,2018-05-13,34.7,40.6,29.0,0.0,0.0,0.0,29,9.88,0.234,0.266,0.267,37.7,36.5,22.71792,75.8333,ERA5,Asia/Kolkata,Open-Meteo Historical Weather API
MP-Indore,2018-05-14,34.7,40.3,28.4,0.0,0.0,0.0,30,9.38,0.236,0.266,0.268,37.6,36.4,22.71792,75.8333,ERA5,Asia/Kolkata,Open-Meteo Historical Weather API
MP-Indore,2018-05-15,34.1,40.0,29.6,0.2,0.2,1.0,33,7.85,0.235,0.266,0.27,37.5,36.5,22.71792,75.8333,ERA5,Asia/Kolkata,Open-Meteo Historical Weather API
MP-Indore,2018-05-16,34.4,40.5,28.2,0.1,0.1,1.0,33,8.59,0.235,0.266,0.27,37.3,36.4,22.71792,75.8333,ERA5,Asia/Kolkata,Open-Meteo Historical Weather API
MP-Indore,2018-05-17,35.7,42.0,29.4,0.0,0.0,0.0,28,10.01,0.234,0.267,0.27,38.1,36.5,22.71792,75.8333,ERA5,Asia/Kolkata,Open-Meteo Historical Weather API
MP-Indore,2018-05-18,35.3,41.3,29.2,0.0,0.0,0.0,26,10.78,0.232,0.266,0.268,37.8,36.7,22.71792,75.8333,ERA5,Asia/Kolkata,Open-Meteo Historical Weather API
MP-Indore,2018-05-19,35.2,41.4,28.5,0.0,0.0,0.0,30,9.92,0.232,0.266,0.269,38.0,36.5,22.71792,75.8333,ERA5,Asia/Kolkata,Open-Meteo Historical Weather API
MP-Indore,2018-05-20,35.2,41.6,28.4,0.0,0.0,0.0,31,8.88,0.231,0.266,0.27,38.4,36.7,22.71792,75.8333,ERA5,Asia/Kolkata,Open-Meteo Historical Weather API
MP-Indore,2018-05-21,35.9,42.1,29.2,0.0,0.0,0.0,29,9.72,0.23,0.265,0.269,38.9,37.2,22.71792,75.8333,ERA5,Asia/Kolkata,Open-Meteo Historical Weather API
MP-Indore,2018-05-22,35.9,42.2,29.7,0.0,0.0,0.0,28,9.68,0.228,0.264,0.268,39.0,37.5,22.71792,75.8333,ERA5,Asia/Kolkata,Open-Meteo Historical Weather API
MP-Indore,2018-05-23,36.1,42.2,30.3,0.0,0.0,0.0,30,9.67,0.228,0.264,0.268,39.2,37.7,22.71792,75.8333,ERA5,Asia/Kolkata,Open-Meteo Historical Weather API
MP-Indore,2018-05-24,36.2,41.5,30.3,0.0,0.0,0.0,26,11.52,0.228,0.263,0.268,38.9,37.7,22.71792,75.8333,ERA5,Asia/Kolkata,Open-Meteo Historical Weather API
MP-Indore,2018-05-25,35.6,42.0,28.7,0.0,0.0,0.0,28,10.35,0.228,0.264,0.269,38.6,37.5,22.71792,75.8333,ERA5,Asia/Kolkata,Open-Meteo Historical Weather API
MP-Indore,2018-05-26,35.7,42.1,29.4,0.0,0.0,0.0,28,8.75,0.228,0.264,0.269,38.5,37.5,22.71792,75.8333,ERA5,Asia/Kolkata,Open-Meteo Historical Weather API
MP-Indore,2018-05-27,37.0,43.4,30.7,0.0,0.0,0.0,27,9.24,0.229,0.264,0.271,39.3,37.7,22.71792,75.8333,ERA5,Asia/Kolkata,Open-Meteo Historical Weather API
MP-Indore,2018-05-28,37.2,43.5,29.6,0.0,0.0,0.0,29,9.91,0.23,0.264,0.27,39.4,38.1,22.71792,75.8333,ERA5,Asia/Kolkata,Open-Meteo Historical Weather API
MP-Indore,2018-05-29,36.1,41.4,30.9,0.0,0.0,0.0,35,9.12,0.228,0.263,0.267,38.9,37.9,22.71792,75.8333,ERA5,Asia/Kolkata,Open-Meteo Historical Weather API
MP-Indore,2018-05-30,34.3,41.0,27.9,0.0,0.0,0.0,45,9.08,0.227,0.262,0.267,38.4,37.2,22.71792,75.8333,ERA5,Asia/Kolkata,Open-Meteo Historical Weather API
MP-Indore,2018-05-31,34.4,40.5,27.7,0.0,0.0,0.0,42,8.03,0.227,0.262,0.266,38.2,37.1,22.71792,75.8333,ERA5,Asia/Kolkata,Open-Meteo Historical Weather API
MP-Indore,2018-06-01,34.4,40.1,29.6,0.0,0.0,0.0,42,7.61,0.227,0.262,0.266,38.0,37.4,22.71792,75.8333,ERA5,Asia/Kolkata,Open-Meteo Historical Weather API
MP-Indore,2018-06-02,33.4,40.1,28.6,0.2,0.2,1.0,46,6.97,0.229,0.263,0.269,37.1,37.0,22.71792,75.8333,ERA5,Asia/Kolkata,Open-Meteo Historical Weather API
MP-Indore,2018-06-03,32.5,39.5,27.2,1.8,1.8,2.0,46,8.56,0.238,0.267,0.278,36.1,36.5,22.71792,75.8333,ERA5,Asia/Kolkata,Open-Meteo Historical Weather API
MP-Indore,2018-06-04,33.8,39.6,27.9,0.0,0.0,0.0,46,8.51,0.245,0.268,0.282,36.8,36.2,22.71792,75.8333,ERA5,Asia/Kolkata,Open-Meteo Historical Weather API
MP-Indore,2018-06-05,33.9,40.0,28.6,0.6,0.6,1.0,45,8.29,0.247,0.268,0.282,36.9,36.4,22.71792,75.8333,ERA5,Asia/Kolkata,Open-Meteo Historical Weather API
MP-Indore,2018-06-06,33.5,40.5,29.0,0.9,0.9,1.0,45,8.24,0.252,0.271,0.288,36.4,36.4,22.71792,75.8333,ERA5,Asia/Kolkata,Open-Meteo Historical Weather API
MP-Indore,2018-06-07,33.8,39.0,28.4,0.0,0.0,0.0,45,8.61,0.249,0.271,0.289,36.5,36.2,22.71792,75.8333,ERA5,Asia/Kolkata,Open-Meteo Historical Weather API
MP-Indore,2018-06-08,33.0,38.6,28.1,0.0,0.0,0.0,48,8.62,0.251,0.273,0.293,36.7,36.3,22.71792,75.8333,ERA5,Asia/Kolkata,Open-Meteo Historical Weather API
MP-Indore,2018-06-09,31.5,37.2,26.8,0.2,0.2,1.0,56,7.62,0.254,0.275,0.296,35.3,35.9,22.71792,75.8333,ERA5,Asia/Kolkata,Open-Meteo Historical Weather API
MP-Indore,2018-06-10,30.8,36.6,26.3,0.4,0.4,2.0,59,6.71,0.258,0.28,0.301,34.4,35.0,22.71792,75.8333,ERA5,Asia/Kolkata,Open-Meteo Historical Weather API
MP-Indore,2018-06-11,31.4,35.6,26.2,0.0,0.0,0.0,58,7.24,0.263,0.283,0.305,34.4,34.5,22.71792,75.8333,ERA5,Asia/Kolkata,Open-Meteo Historical Weather API
MP-Indore,2018-06-12,31.5,36.8,25.9,0.0,0.0,0.0,57,8.47,0.261,0.283,0.306,34.6,34.3,22.71792,75.8333,ERA5,Asia/Kolkata,Open-Meteo Historical Weather API
MP-Indore,2018-06-13,31.5,36.9,26.1,0.0,0.0,0.0,56,8.33,0.255,0.282,0.304,34.5,34.0,22.71792,75.8333,ERA5,Asia/Kolkata,Open-Meteo Historical Weather API
MP-Indore,2018-06-14,31.5,37.3,26.1,0.0,0.0,0.0,51,8.96,0.252,0.28,0.302,34.4,33.7,22.71792,75.8333,ERA5,Asia/Kolkata,Open-Meteo Historical Weather API
MP-Indore,2018-06-15,31.3,36.3,26.2,0.1,0.1,1.0,52,8.14,0.247,0.276,0.298,34.2,33.5,22.71792,75.8333,ERA5,Asia/Kolkata,Open-Meteo Historical Weather API
MP-Indore,2018-06-16,31.0,36.3,25.8,0.0,0.0,0.0,54,7.54,0.246,0.274,0.295,33.7,33.3,22.71792,75.8333,ERA5,Asia/Kolkata,Open-Meteo Historical Weather API
MP-Indore,2018-06-17,30.3,35.2,25.9,1.3,1.3,8.0,60,6.21,0.253,0.272,0.292,33.1,33.0,22.71792,75.8333,ERA5,Asia/Kolkata,Open-Meteo Historical Weather API
MP-Indore,2018-06-18,30.5,35.7,25.2,0.0,0.0,0.0,58,6.34,0.254,0.27,0.287,33.7,33.0,22.71792,75.8333,ERA5,Asia/Kolkata,Open-Meteo Historical Weather API
MP-Indore,2018-06-19,29.9,35.6,24.8,4.0,4.0,5.0,64,6.04,0.266,0.271,0.289,33.8,33.6,22.71792,75.8333,ERA5,Asia/Kolkata,Open-Meteo Historical Weather API
MP-Indore,2018-06-20,30.0,36.8,26.1,5.0,5.0,6.0,63,5.34,0.307,0.274,0.294,33.4,33.5,22.71792,75.8333,ERA5,Asia/Kolkata,Open-Meteo Historical Weather API
MP-Indore,2018-06-21,30.1,36.1,25.6,2.7,2.7,4.0,64,5.46,0.327,0.277,0.298,32.9,33.2,22.71792,75.8333,ERA5,Asia/Kolkata,Open-Meteo Historical Weather API
MP-Indore,2018-06-22,29.0,33.2,25.0,2.5,2.5,2.0,69,4.12,0.372,0.277,0.295,31.3,32.3,22.71792,75.8333,ERA5,Asia/Kolkata,Open-Meteo Historical Weather API
MP-Indore,2018-06-23,28.9,34.3,24.5,4.3,4.3,6.0,70,5.35,0.366,0.281,0.298,31.9,31.9,22.71792,75.8333,ERA5,Asia/Kolkata,Open-Meteo Historical Weather API
MP-Indore,2018-06-24,27.1,31.9,24.5,12.9,12.9,13.0,81,3.5,0.429,0.292,0.301,30.5,31.6,22.71792,75.8333,ERA5,Asia/Kolkata,Open-Meteo Historical Weather API
MP-Indore,2018-06-25,27.3,32.6,23.5,29.5,29.5,16.0,82,3.48,0.477,0.351,0.3,30.0,30.6,22.71792,75.8333,ERA5,Asia/Kolkata,Open-Meteo Historical Weather API
MP-Indore,2018-06-26,24.8,27.0,23.3,22.0,22.0,23.0,92,1.39,0.503,0.444,0.3,27.3,29.1,22.71792,75.8333,ERA5,Asia/Kolkata,Open-Meteo Historical Weather API
MP-Indore,2018-06-27,25.8,28.6,23.6,11.1,11.1,18.0,86,2.16,0.505,0.494,0.31,26.9,27.9,22.71792,75.8333,ERA5,Asia/Kolkata,Open-Meteo Historical Weather API
MP-Indore,2018-06-28,25.3,27.2,24.4,15.2,15.2,17.0,87,1.8,0.503,0.495,0.321,26.5,27.5,22.71792,75.8333,ERA5,Asia/Kolkata,Open-Meteo Historical Weather API
MP-Indore,2018-06-29,25.8,30.4,23.9,3.9,3.9,11.0,85,2.22,0.497,0.493,0.334,26.5,27.2,22.71792,75.8333,ERA5,Asia/Kolkata,Open-Meteo Historical Weather API
MP-Indore,2018-06-30,27.8,31.8,23.9,0.1,0.1,1.0,72,4.62,0.471,0.475,0.34,28.1,27.7,22.71792,75.8333,ERA5,Asia/Kolkata,Open-Meteo Historical Weather API
MP-Indore,2018-07-01,28.2,32.2,24.2,0.0,0.0,0.0,70,4.73,0.442,0.457,0.34,28.8,28.5,22.71792,75.8333,ERA5,Asia/Kolkata,Open-Meteo Historical Weather API
MP-Indore,2018-07-02,28.4,33.0,24.8,1.0,1.0,6.0,71,4.7,0.425,0.441,0.337,29.0,28.7,22.71792,75.8333,ERA5,Asia/Kolkata,Open-Meteo Historical Weather API
MP-Indore,2018-07-03,26.9,29.5,25.0,10.2,10.2,9.0,79,3.42,0.44,0.429,0.333,28.3,28.5,22.71792,75.8333,ERA5,Asia/Kolkata,Open-Meteo Historical Weather API
MP-Indore,2018-07-04,25.0,26.6,23.7,6.5,6.5,12.0,89,1.75,0.474,0.436,0.333,26.4,27.4,22.71792,75.8333,ERA5,Asia/Kolkata,Open-Meteo Historical Weather API
MP-Indore,2018-07-05,25.8,29.4,23.1,14.8,14.8,12.0,86,2.71,0.493,0.477,0.335,26.8,26.9,22.71792,75.8333,ERA5,Asia/Kolkata,Open-Meteo Historical Weather API
MP-Indore,2018-07-06,26.9,30.9,24.0,1.6,1.6,1.0,80,4.15,0.477,0.474,0.34,27.6,27.6,22.71792,75.8333,ERA5,Asia/Kolkata,Open-Meteo Historical Weather API
MP-Indore,2018-07-07,25.4,26.9,23.7,13.0,13.0,14.0,89,1.78,0.498,0.482,0.344,26.6,27.4,22.71792,75.8333,ERA5,Asia/Kolkata,Open-Meteo Historical Weather API
MP-Indore,2018-07-08,26.8,30.8,23.1,7.7,7.7,10.0,83,3.26,0.499,0.491,0.351,27.0,27.0,22.71792,75.8333,ERA5,Asia/Kolkata,Open-Meteo Historical Weather API
MP-Indore,2018-07-09,26.6,30.5,24.0,0.6,0.6,3.0,83,3.25,0.479,0.478,0.356,27.2,27.4,22.71792,75.8333,ERA5,Asia/Kolkata,Open-Meteo Historical Weather API
MP-Indore,2018-07-10,25.2,27.6,23.4,19.5,19.5,20.0,91,1.62,0.501,0.487,0.361,26.2,27.1,22.71792,75.8333,ERA5,Asia/Kolkata,Open-Meteo Historical Weather API
MP-Indore,2018-07-11,24.3,25.2,23.0,18.9,18.9,24.0,97,0.73,0.512,0.509,0.378,25.5,26.5,22.71792,75.8333,ERA5,Asia/Kolkata,Open-Meteo Historical Weather API
MP-Indore,2018-07-12,24.1,25.4,23.2,23.8,23.8,20.0,95,0.82,0.51,0.51,0.407,25.0,25.8,22.71792,75.8333,ERA5,Asia/Kolkata,Open-Meteo Historical Weather API
MP-Indore,2018-07-13,25.2,28.5,23.6,7.5,7.5,13.0,92,1.73,0.501,0.496,0.427,25.6,25.7,22.71792,75.8333,ERA5,Asia/Kolkata,Open-Meteo Historical Weather API
MP-Indore,2018-07-14,25.6,28.3,24.1,10.0,10.0,14.0,91,1.68,0.5,0.498,0.433,26.1,26.0,22.71792,75.8333,ERA5,Asia/Kolkata,Open-Meteo Historical Weather API
MP-Indore,2018-07-15,25.5,28.4,23.8,19.3,19.3,18.0,93,1.67,0.507,0.511,0.45,26.2,26.1,22.71792,75.8333,ERA5,Asia/Kolkata,Open-Meteo Historical Weather API
MP-Indore,2018-07-16,26.2,28.8,24.2,9.6,9.6,9.0,89,2.29,0.498,0.505,0.462,26.9,26.6,22.71792,75.8333,ERA5,Asia/Kolkata,Open-Meteo Historical Weather API
MP-Indore,2018-07-17,25.4,27.2,24.0,1.2,1.2,8.0,89,1.75,0.494,0.499,0.469,26.3,26.5,22.71792,75.8333,ERA5,Asia/Kolkata,Open-Meteo Historical Weather API
MP-Indore,2018-07-18,25.0,26.6,23.6,6.4,6.4,15.0,91,1.86,0.499,0.497,0.471,25.8,26.0,22.71792,75.8333,ERA5,Asia/Kolkata,Open-Meteo Historical Weather API
MP-Indore,2018-07-19,25.1,26.8,23.9,7.1,7.1,11.0,90,1.94,0.495,0.499,0.473,25.8,25.9,22.71792,75.8333,ERA5,Asia/Kolkata,Open-Meteo Historical Weather API
MP-Indore,2018-07-20,25.0,27.4,23.6,10.9,10.9,10.0,90,2.46,0.498,0.504,0.478,25.9,25.9,22.71792,75.8333,ERA5,Asia/Kolkata,Open-Meteo Historical Weather API
MP-Indore,2018-07-21,24.7,26.6,23.2,2.5,2.5,6.0,92,1.54,0.496,0.501,0.483,25.5,25.9,22.71792,75.8333,ERA5,Asia/Kolkata,Open-Meteo Historical Weather API
MP-Indore,2018-07-22,24.2,25.1,23.3,7.4,7.4,19.0,94,1.16,0.503,0.5,0.484,25.0,25.5,22.71792,75.8333,ERA5,Asia/Kolkata,Open-Meteo Historical Weather API
MP-Indore,2018-07-23,23.7,24.1,23.2,15.6,15.6,23.0,95,1.04,0.508,0.509,0.489,24.6,25.1,22.71792,75.8333,ERA5,Asia/Kolkata,Open-Meteo Historical Weather API
MP-Indore,2018-07-24,24.2,25.9,23.3,6.0,6.0,15.0,93,1.25,0.506,0.511,0.498,24.6,24.9,22.71792,75.8333,ERA5,Asia/Kolkata,Open-Meteo Historical Weather API
MP-Indore,2018-07-25,24.2,25.5,23.3,2.0,2.0,7.0,91,1.59,0.495,0.501,0.499,24.8,25.0,22.71792,75.8333,ERA5,Asia/Kolkata,Open-Meteo Historical Weather API
MP-Indore,2018-07-26,24.1,25.9,22.7,0.8,0.8,4.0,89,1.89,0.487,0.494,0.497,24.6,24.9,22.71792,75.8333,ERA5,Asia/Kolkata,Open-Meteo Historical Weather API
MP-Indore,2018-07-27,24.6,26.5,23.0,1.1,1.1,6.0,86,2.78,0.478,0.486,0.495,25.3,25.2,22.71792,75.8333,ERA5,Asia/Kolkata,Open-Meteo Historical Weather API
MP-Indore,2018-07-28,25.7,28.5,23.2,0.5,0.5,4.0,81,3.57,0.471,0.477,0.491,26.1,25.7,22.71792,75.8333,ERA5,Asia/Kolkata,Open-Meteo Historical Weather API
MP-Indore,2018-07-29,26.0,29.1,23.4,0.0,0.0,0.0,78,4.09,0.456,0.468,0.488,26.4,26.2,22.71792,75.8333,ERA5,Asia/Kolkata,Open-Meteo Historical Weather API
MP-Indore,2018-07-30,25.6,28.9,22.7,0.6,0.6,6.0,81,3.48,0.447,0.46,0.485,26.2,26.1,22.71792,75.8333,ERA5,Asia/Kolkata,Open-Meteo Historical Weather API
MP-Indore,2018-07-31,26.1,29.5,22.9,0.1,0.1,1.0,78,4.23,0.439,0.453,0.482,26.4,26.2,22.71792,75.8333,ERA5,Asia/Kolkata,Open-Meteo Historical Weather API
MP-Indore,2018-08-01,26.8,30.3,23.6,0.0,0.0,0.0,76,4.12,0.429,0.445,0.479,26.8,26.3,22.71792,75.8333,ERA5,Asia/Kolkata,Open-Meteo Historical Weather API
MP-Indore,2018-08-02,26.7,30.1,23.9,0.7,0.7,4.0,76,4.07,0.422,0.438,0.477,26.9,26.4,22.71792,75.8333,ERA5,Asia/Kolkata,Open-Meteo Historical Weather API
MP-Indore,2018-08-03,26.7,29.5,23.9,1.1,1.1,6.0,78,3.98,0.417,0.431,0.474,27.0,26.5,22.71792,75.8333,ERA5,Asia/Kolkata,Open-Meteo Historical Weather API
MP-Indore,2018-08-04,26.9,30.5,23.8,0.9,0.9,7.0,76,4.45,0.412,0.424,0.471,27.2,26.7,22.71792,75.8333,ERA5,Asia/Kolkata,Open-Meteo Historical Weather API
MP-Indore,2018-08-05,26.6,29.5,24.2,0.6,0.6,4.0,76,4.08,0.404,0.417,0.468,27.1,26.7,22.71792,75.8333,ERA5,Asia/Kolkata,Open-Meteo Historical Weather API
MP-Indore,2018-08-06,25.9,28.5,23.6,0.4,0.4,3.0,79,3.25,0.4,0.413,0.466,26.5,26.3,22.71792,75.8333,ERA5,Asia/Kolkata,Open-Meteo Historical Weather API
MP-Indore,2018-08-07,25.5,27.9,23.6,1.0,1.0,4.0,81,2.57,0.398,0.409,0.463,26.0,26.0,22.71792,75.8333,ERA5,Asia/Kolkata,Open-Meteo Historical Weather API
MP-Indore,2018-08-08,24.0,24.8,23.1,16.8,16.8,23.0,91,1.0,0.461,0.417,0.462,24.8,25.4,22.71792,75.8333,ERA5,Asia/Kolkata,Open-Meteo Historical Weather API
MP-Indore,2018-08-09,24.7,27.2,22.8,27.6,27.6,16.0,92,1.65,0.507,0.5,0.471,25.0,25.0,22.71792,75.8333,ERA5,Asia/Kolkata,Open-Meteo Historical Weather API
MP-Indore,2018-08-10,25.2,27.0,23.8,1.2,1.2,6.0,88,2.1,0.494,0.497,0.477,25.5,25.3,22.71792,75.8333,ERA5,Asia/Kolkata,Open-Meteo Historical Weather API
MP-Indore,2018-08-11,25.8,28.9,23.5,3.7,3.7,12.0,83,3.13,0.492,0.493,0.477,25.9,25.5,22.71792,75.8333,ERA5,Asia/Kolkata,Open-Meteo Historical Weather API
MP-Indore,2018-08-12,25.5,27.9,23.9,2.2,2.2,10.0,83,3.33,0.483,0.487,0.477,26.1,25.8,22.71792,75.8333,ERA5,Asia/Kolkata,Open-Meteo Historical Weather API
MP-Indore,2018-08-13,25.7,28.7,23.4,1.7,1.7,9.0,84,3.26,0.481,0.481,0.476,26.3,25.9,22.71792,75.8333,ERA5,Asia/Kolkata,Open-Meteo Historical Weather API
MP-Indore,2018-08-14,25.9,28.8,23.6,0.6,0.6,5.0,84,2.21,0.473,0.476,0.474,25.9,25.9,22.71792,75.8333,ERA5,Asia/Kolkata,Open-Meteo Historical Weather API
MP-Indore,2018-08-15,25.7,28.0,23.9,2.8,2.8,10.0,86,2.65,0.48,0.474,0.471,26.1,25.8,22.71792,75.8333,ERA5,Asia/Kolkata,Open-Meteo Historical Weather API
MP-Indore,2018-08-16,25.9,29.7,23.5,9.6,9.6,16.0,89,1.7,0.499,0.487,0.47,25.9,25.7,22.71792,75.8333,ERA5,Asia/Kolkata,Open-Meteo Historical Weather API
MP-Indore,2018-08-17,25.3,28.5,22.8,17.7,17.7,21.0,93,2.35,0.506,0.509,0.478,26.5,25.9,22.71792,75.8333,ERA5,Asia/Kolkata,Open-Meteo Historical Weather API
MP-Indore,2018-08-18,24.0,25.4,22.7,6.8,6.8,13.0,92,1.56,0.501,0.508,0.488,25.2,25.6,22.71792,75.8333,ERA5,Asia/Kolkata,Open-Meteo Historical Weather API
MP-Indore,2018-08-19,24.9,26.6,23.6,1.3,1.3,8.0,89,1.79,0.489,0.497,0.49,25.3,25.2,22.71792,75.8333,ERA5,Asia/Kolkata,Open-Meteo Historical Weather API
MP-Indore,2018-08-20,24.2,25.6,23.4,18.6,18.6,15.0,94,1.12,0.497,0.503,0.493,24.9,25.1,22.71792,75.8333,ERA5,Asia/Kolkata,Open-Meteo Historical Weather API
MP-Indore,2018-08-21,23.3,24.2,22.5,102.2,102.2,24.0,97,0.63,0.51,0.513,0.516,24.3,24.7,22.71792,75.8333,ERA5,Asia/Kolkata,Open-Meteo Historical Weather API
MP-Indore,2018-08-22,22.8,24.1,21.7,41.1,41.1,24.0,96,0.78,0.51,0.508,0.518,23.4,24.2,22.71792,75.8333,ERA5,Asia/Kolkata,Open-Meteo Historical Weather API
MP-Indore,2018-08-23,24.0,25.8,22.6,8.8,8.8,17.0,93,1.3,0.506,0.505,0.515,24.1,24.1,22.71792,75.8333,ERA5,Asia/Kolkata,Open-Meteo Historical Weather API
MP-Indore,2018-08-24,25.0,27.9,23.2,0.5,0.5,2.0,84,2.73,0.488,0.49,0.51,24.9,24.5,22.71792,75.8333,ERA5,Asia/Kolkata,Open-Meteo Historical Weather API
MP-Indore,2018-08-25,24.6,27.1,23.0,2.9,2.9,11.0,87,2.85,0.479,0.478,0.505,25.3,25.0,22.71792,75.8333,ERA5,Asia/Kolkata,Open-Meteo Historical Weather API
MP-Indore,2018-08-26,24.6,28.8,22.8,1.9,1.9,5.0,86,2.86,0.48,0.473,0.501,25.2,25.1,22.71792,75.8333,ERA5,Asia/Kolkata,Open-Meteo Historical Weather API
MP-Indore,2018-08-27,24.3,26.9,22.5,7.8,7.8,10.0,88,1.49,0.493,0.482,0.499,24.7,24.8,22.71792,75.8333,ERA5,Asia/Kolkata,Open-Meteo Historical Weather API
MP-Indore,2018-08-28,24.3,25.3,23.3,8.1,8.1,18.0,90,1.65,0.499,0.492,0.498,24.7,24.6,22.71792,75.8333,ERA5,Asia/Kolkata,Open-Meteo Historical Weather API
MP-Indore,2018-08-29,23.8,24.9,22.9,8.0,8.0,17.0,93,1.12,0.51,0.51,0.501,24.3,24.4,22.71792,75.8333,ERA5,Asia/Kolkata,Open-Meteo Historical Weather API
MP-Indore,2018-08-30,24.4,26.5,23.3,0.7,0.7,2.0,86,2.4,0.487,0.5,0.502,24.8,24.4,22.71792,75.8333,ERA5,Asia/Kolkata,Open-Meteo Historical Weather API
MP-Indore,2018-08-31,24.2,26.4,22.9,4.7,4.7,8.0,90,2.08,0.486,0.489,0.5,24.7,24.6,22.71792,75.8333,ERA5,Asia/Kolkata,Open-Meteo Historical Weather API
MP-Indore,2018-09-01,24.3,26.7,22.9,1.1,1.1,5.0,87,2.04,0.483,0.485,0.499,24.6,24.6,22.71792,75.8333,ERA5,Asia/Kolkata,Open-Meteo Historical Weather API
MP-Indore,2018-09-02,24.5,26.9,22.7,1.8,1.8,4.0,85,2.6,0.474,0.478,0.496,24.8,24.6,22.71792,75.8333,ERA5,Asia/Kolkata,Open-Meteo Historical Weather API
MP-Indore,2018-09-03,24.3,26.9,22.8,2.2,2.2,4.0,86,2.63,0.473,0.473,0.494,25.0,24.8,22.71792,75.8333,ERA5,Asia/Kolkata,Open-Meteo Historical Weather API
MP-Indore,2018-09-04,24.5,27.5,22.7,0.7,0.7,5.0,84,3.48,0.469,0.468,0.493,25.3,25.0,22.71792,75.8333,ERA5,Asia/Kolkata,Open-Meteo Historical Weather API
MP-Indore,2018-09-05,24.3,27.2,22.0,0.7,0.7,3.0,82,2.99,0.461,0.463,0.49,24.9,24.9,22.71792,75.8333,ERA5,Asia/Kolkata,Open-Meteo Historical Weather API
MP-Indore,2018-09-06,24.4,26.8,22.2,0.0,0.0,0.0,79,3.37,0.449,0.457,0.488,24.8,24.7,22.71792,75.8333,ERA5,Asia/Kolkata,Open-Meteo Historical Weather API
MP-Indore,2018-09-07,22.7,24.0,21.5,7.0,7.0,10.0,87,1.58,0.482,0.463,0.486,23.6,24.2,22.71792,75.8333,ERA5,Asia/Kolkata,Open-Meteo Historical Weather API
MP-Indore,2018-09-08,22.6,23.9,21.3,3.3,3.3,10.0,86,2.01,0.484,0.476,0.485,23.2,23.6,22.71792,75.8333,ERA5,Asia/Kolkata,Open-Meteo Historical Weather API
MP-Indore,2018-09-09,23.3,25.8,21.4,0.1,0.1,1.0,87,1.82,0.473,0.476,0.485,23.6,23.5,22.71792,75.8333,ERA5,Asia/Kolkata,Open-Meteo Historical Weather API
MP-Indore,2018-09-10,24.4,28.1,21.1,0.0,0.0,0.0,80,3.26,0.461,0.471,0.483,24.3,23.8,22.71792,75.8333,ERA5,Asia/Kolkata,Open-Meteo Historical Weather API
MP-Indore,2018-09-11,25.0,29.0,22.0,0.0,0.0,0.0,80,3.33,0.449,0.463,0.482,24.9,24.4,22.71792,75.8333,ERA5,Asia/Kolkata,Open-Meteo Historical Weather API
MP-Indore,2018-09-12,25.2,29.3,21.2,0.1,0.1,1.0,78,3.65,0.438,0.454,0.48,25.0,24.6,22.71792,75.8333,ERA5,Asia/Kolkata,Open-Meteo Historical Weather API
MP-Indore,2018-09-13,24.6,28.0,21.3,1.8,1.8,7.0,79,3.26,0.434,0.447,0.478,24.9,24.7,22.71792,75.8333,ERA5,Asia/Kolkata,Open-Meteo Historical Weather API
MP-Indore,2018-09-14,24.7,29.1,20.3,1.7,1.7,8.0,80,3.55,0.436,0.441,0.476,25.1,24.5,22.71792,75.8333,ERA5,Asia/Kolkata,Open-Meteo Historical Weather API
MP-Indore,2018-09-15,25.3,29.6,21.6,0.6,0.6,3.0,78,4.13,0.432,0.436,0.474,25.9,24.9,22.71792,75.8333,ERA5,Asia/Kolkata,Open-Meteo Historical Weather API
MP-Indore,2018-09-16,25.8,29.5,21.7,0.5,0.5,3.0,79,4.25,0.422,0.429,0.471,26.5,25.4,22.71792,75.8333,ERA5,Asia/Kolkata,Open-Meteo Historical Weather API
MP-Indore,2018-09-17,26.5,31.1,22.1,0.3,0.3,1.0,75,4.58,0.407,0.42,0.469,27.0,25.9,22.71792,75.8333,ERA5,Asia/Kolkata,Open-Meteo Historical Weather API
MP-Indore,2018-09-18,26.3,31.3,21.8,0.1,0.1,1.0,76,4.43,0.393,0.411,0.466,26.7,26.0,22.71792,75.8333,ERA5,Asia/Kolkata,Open-Meteo Historical Weather API
MP-Indore,2018-09-19,26.8,31.8,22.3,0.2,0.2,1.0,75,4.49,0.385,0.403,0.463,26.9,26.2,22.71792,75.8333,ERA5,Asia/Kolkata,Open-Meteo Historical Weather API
MP-Indore,2018-09-20,27.1,32.6,22.2,0.0,0.0,0.0,67,5.2,0.368,0.392,0.459,27.0,26.3,22.71792,75.8333,ERA5,Asia/Kolkata,Open-Meteo Historical Weather API
MP-Indore,2018-09-21,26.2,31.6,22.6,3.7,3.7,7.0,75,4.46,0.367,0.383,0.456,26.7,26.2,22.71792,75.8333,ERA5,Asia/Kolkata,Open-Meteo Historical Weather API
MP-Indore,2018-09-22,23.9,25.4,22.2,46.7,46.7,24.0,97,0.9,0.498,0.437,0.454,25.2,25.7,22.71792,75.8333,ERA5,Asia/Kolkata,Open-Meteo Historical Weather API
MP-Indore,2018-09-23,24.1,28.5,21.6,18.4,18.4,14.0,88,2.64,0.502,0.511,0.477,24.8,24.9,22.71792,75.8333,ERA5,Asia/Kolkata,Open-Meteo Historical Weather API
MP-Indore,2018-09-24,25.2,30.2,20.7,0.0,0.0,0.0,82,3.84,0.48,0.493,0.483,25.5,25.0,22.71792,75.8333,ERA5,Asia/Kolkata,Open-Meteo Historical Weather API
MP-Indore,2018-09-25,26.0,30.8,22.5,1.5,1.5,2.0,82,4.28,0.467,0.48,0.482,26.4,25.6,22.71792,75.8333,ERA5,Asia/Kolkata,Open-Meteo Historical Weather API
MP-Indore,2018-09-26,26.4,31.7,22.1,0.0,0.0,0.0,77,4.73,0.454,0.469,0.48,27.0,26.0,22.71792,75.8333,ERA5,Asia/Kolkata,Open-Meteo Historical Weather API
MP-Indore,2018-09-27,25.7,31.7,19.9,0.0,0.0,0.0,72,4.92,0.437,0.458,0.478,26.5,25.9,22.71792,75.8333,ERA5,Asia/Kolkata,Open-Meteo Historical Weather API
MP-Indore,2018-09-28,26.2,32.1,19.7,0.0,0.0,0.0,66,4.75,0.418,0.446,0.476,26.2,25.7,22.71792,75.8333,ERA5,Asia/Kolkata,Open-Meteo Historical Weather API
MP-Indore,2018-09-29,26.2,32.7,20.9,0.0,0.0,0.0,64,4.84,0.401,0.434,0.474,26.0,25.7,22.71792,75.8333,ERA5,Asia/Kolkata,Open-Meteo Historical Weather API
MP-Indore,2018-09-30,26.2,32.8,20.4,0.0,0.0,0.0,61,5.06,0.386,0.422,0.471,25.9,25.7,22.71792,75.8333,ERA5,Asia/Kolkata,Open-Meteo Historical Weather API
MP-Indore,2018-10-01,27.0,32.9,20.2,0.0,0.0,0.0,61,4.76,0.372,0.414,0.469,25.9,25.6,22.71792,75.8333,ERA5,Asia/Kolkata,Open-Meteo Historical Weather API
MP-Indore,2018-10-02,27.6,33.2,21.2,0.0,0.0,0.0,62,4.46,0.36,0.404,0.466,26.5,25.9,22.71792,75.8333,ERA5,Asia/Kolkata,Open-Meteo Historical Weather API
MP-Indore,2018-10-03,27.4,32.8,21.6,0.0,0.0,0.0,65,4.56,0.346,0.395,0.463,27.2,26.4,22.71792,75.8333,ERA5,Asia/Kolkata,Open-Meteo Historical Weather API
MP-Indore,2018-10-04,27.5,32.5,23.6,0.2,0.2,1.0,66,4.48,0.34,0.39,0.462,27.4,26.8,22.71792,75.8333,ERA5,Asia/Kolkata,Open-Meteo Historical Weather API
MP-Indore,2018-10-05,26.6,32.3,21.4,0.4,0.4,1.0,68,4.43,0.336,0.382,0.458,26.9,26.8,22.71792,75.8333,ERA5,Asia/Kolkata,Open-Meteo Historical Weather API
MP-Indore,2018-10-06,27.2,32.6,22.6,0.0,0.0,0.0,63,4.38,0.328,0.377,0.454,26.7,26.6,22.71792,75.8333,ERA5,Asia/Kolkata,Open-Meteo Historical Weather API
MP-Indore,2018-10-07,27.2,32.9,21.9,0.0,0.0,0.0,59,4.35,0.32,0.374,0.451,26.3,26.3,22.71792,75.8333,ERA5,Asia/Kolkata,Open-Meteo Historical Weather API
MP-Indore,2018-10-08,26.6,32.7,19.9,0.0,0.0,0.0,60,4.24,0.313,0.369,0.451,26.1,26.1,22.71792,75.8333,ERA5,Asia/Kolkata,Open-Meteo Historical Weather API
MP-Indore,2018-10-09,26.2,33.7,19.3,0.0,0.0,0.0,59,4.88,0.306,0.365,0.454,26.2,26.1,22.71792,75.8333,ERA5,Asia/Kolkata,Open-Meteo Historical Weather API
MP-Indore,2018-10-10,26.5,33.9,21.1,0.0,0.0,0.0,55,5.33,0.298,0.36,0.452,26.2,26.1,22.71792,75.8333,ERA5,Asia/Kolkata,Open-Meteo Historical Weather API
MP-Indore,2018-10-11,26.6,33.1,21.1,0.0,0.0,0.0,54,5.25,0.291,0.354,0.446,26.4,26.2,22.71792,75.8333,ERA5,Asia/Kolkata,Open-Meteo Historical Weather API
MP-Indore,2018-10-12,26.3,32.0,21.5,0.0,0.0,0.0,55,5.36,0.285,0.348,0.441,26.6,26.3,22.71792,75.8333,ERA5,Asia/Kolkata,Open-Meteo Historical Weather API
MP-Indore,2018-10-13,25.4,31.6,20.6,0.0,0.0,0.0,55,5.09,0.278,0.341,0.434,26.1,26.1,22.71792,75.8333,ERA5,Asia/Kolkata,Open-Meteo Historical Weather API
MP-Indore,2018-10-14,25.3,32.3,18.8,0.0,0.0,0.0,54,5.03,0.271,0.333,0.427,26.0,25.8,22.71792,75.8333,ERA5,Asia/Kolkata,Open-Meteo Historical Weather API
MP-Indore,2018-10-15,26.1,33.1,20.7,0.0,0.0,0.0,57,4.19,0.268,0.329,0.422,26.2,26.0,22.71792,75.8333,ERA5,Asia/Kolkata,Open-Meteo Historical Weather API
MP-Indore,2018-10-16,25.9,32.5,19.9,0.0,0.0,0.0,57,4.42,0.263,0.324,0.418,26.2,26.1,22.71792,75.8333,ERA5,Asia/Kolkata,Open-Meteo Historical Weather API
MP-Indore,2018-10-17,26.0,33.1,19.8,0.0,0.0,0.0,56,4.29,0.259,0.319,0.414,26.2,26.3,22.71792,75.8333,ERA5,Asia/Kolkata,Open-Meteo Historical Weather API
MP-Indore,2018-10-18,25.8,32.4,19.3,0.0,0.0,0.0,57,4.59,0.256,0.316,0.41,26.4,26.3,22.71792,75.8333,ERA5,Asia/Kolkata,Open-Meteo Historical Weather API
MP-Indore,2018-10-19,26.5,32.8,19.9,0.0,0.0,0.0,56,4.13,0.253,0.313,0.406,26.8,26.5,22.71792,75.8333,ERA5,Asia/Kolkata,Open-Meteo Historical Weather API
MP-Indore,2018-10-20,26.8,33.2,21.2,0.1,0.1,1.0,56,4.28,0.253,0.311,0.403,27.1,26.8,22.71792,75.8333,ERA5,Asia/Kolkata,Open-Meteo Historical Weather API
MP-Indore,2018-10-21,26.3,33.1,20.3,0.0,0.0,0.0,50,4.94,0.254,0.309,0.401,26.9,26.9,22.71792,75.8333,ERA5,Asia/Kolkata,Open-Meteo Historical Weather API
MP-Indore,2018-10-22,24.4,32.3,18.2,0.0,0.0,0.0,45,5.24,0.258,0.306,0.398,25.7,26.4,22.71792,75.8333,ERA5,Asia/Kolkata,Open-Meteo Historical Weather API
MP-Indore,2018-10-23,24.6,32.1,16.8,0.0,0.0,0.0,48,4.63,0.26,0.302,0.394,25.4,25.8,22.71792,75.8333,ERA5,Asia/Kolkata,Open-Meteo Historical Weather API
MP-Indore,2018-10-24,24.7,32.7,18.2,0.0,0.0,0.0,48,4.41,0.259,0.302,0.391,25.3,25.7,22.71792,75.8333,ERA5,Asia/Kolkata,Open-Meteo Historical Weather API
MP-Indore,2018-10-25,25.7,32.5,18.3,0.0,0.0,0.0,46,4.12,0.258,0.298,0.386,25.5,25.7,22.71792,75.8333,ERA5,Asia/Kolkata,Open-Meteo Historical Weather API
MP-Indore,2018-10-26,25.4,32.9,18.6,0.0,0.0,0.0,47,4.56,0.256,0.297,0.382,25.7,25.7,22.71792,75.8333,ERA5,Asia/Kolkata,Open-Meteo Historical Weather API
MP-Indore,2018-10-27,25.1,33.0,18.7,0.0,0.0,0.0,46,5.2,0.26,0.297,0.38,25.8,25.9,22.71792,75.8333,ERA5,Asia/Kolkata,Open-Meteo Historical Weather API
MP-Indore,2018-10-28,25.0,32.0,18.3,0.0,0.0,0.0,41,5.67,0.266,0.298,0.38,25.7,25.7,22.71792,75.8333,ERA5,Asia/Kolkata,Open-Meteo Historical Weather API
MP-Indore,2018-10-29,24.0,30.6,18.8,0.0,0.0,0.0,44,5.28,0.264,0.297,0.378,25.5,25.7,22.71792,75.8333,ERA5,Asia/Kolkata,Open-Meteo Historical Weather API
MP-Indore,2018-10-30,23.1,30.0,17.0,0.0,0.0,0.0,49,4.95,0.264,0.296,0.375,24.5,25.1,22.71792,75.8333,ERA5,Asia/Kolkata,Open-Meteo Historical Weather API
MP-Indore,2018-10-31,23.7,30.3,17.6,0.0,0.0,0.0,55,4.89,0.26,0.294,0.372,24.8,25.0,22.71792,75.8333,ERA5,Asia/Kolkata,Open-Meteo Historical Weather API
MP-Indore,2018-11-01,24.9,31.0,18.9,0.0,0.0,0.0,56,4.55,0.259,0.291,0.369,25.4,25.4,22.71792,75.8333,ERA5,Asia/Kolkata,Open-Meteo Historical Weather API
MP-Indore,2018-11-02,25.1,30.7,18.5,0.0,0.0,0.0,58,3.93,0.257,0.292,0.368,25.6,25.7,22.71792,75.8333,ERA5,Asia/Kolkata,Open-Meteo Historical Weather API
MP-Indore,2018-11-03,25.8,32.1,19.1,0.0,0.0,0.0,57,3.63,0.258,0.293,0.368,25.7,26.0,22.71792,75.8333,ERA5,Asia/Kolkata,Open-Meteo Historical Weather API
MP-Indore,2018-11-04,26.1,32.4,21.4,0.0,0.0,0.0,54,3.6,0.262,0.294,0.367,26.2,26.1,22.71792,75.8333,ERA5,Asia/Kolkata,Open-Meteo Historical Weather API
MP-Indore,2018-11-05,24.3,30.8,19.1,0.0,0.0,0.0,52,4.42,0.264,0.296,0.368,25.8,26.0,22.71792,75.8333,ERA5,Asia/Kolkata,Open-Meteo Historical Weather API
MP-Indore,2018-11-06,23.0,29.7,18.2,0.0,0.0,0.0,45,4.83,0.266,0.296,0.367,24.9,25.7,22.71792,75.8333,ERA5,Asia/Kolkata,Open-Meteo Historical Weather API
MP-Indore,2018-11-07,21.3,29.1,15.1,0.0,0.0,0.0,47,4.43,0.269,0.298,0.368,23.4,24.5,22.71792,75.8333,ERA5,Asia/Kolkata,Open-Meteo Historical Weather API
MP-Indore,2018-11-08,21.3,29.9,13.5,0.0,0.0,0.0,51,4.27,0.271,0.3,0.369,22.7,23.7,22.71792,75.8333,ERA5,Asia/Kolkata,Open-Meteo Historical Weather API
MP-Indore,2018-11-09,22.2,30.5,14.2,0.0,0.0,0.0,50,4.12,0.269,0.3,0.368,22.5,23.5,22.71792,75.8333,ERA5,Asia/Kolkata,Open-Meteo Historical Weather API
MP-Indore,2018-11-10,23.2,31.1,15.9,0.0,0.0,0.0,48,4.07,0.266,0.3,0.368,23.0,23.5,22.71792,75.8333,ERA5,Asia/Kolkata,Open-Meteo Historical Weather API
MP-Indore,2018-11-11,22.6,31.2,15.2,0.0,0.0,0.0,50,4.25,0.268,0.298,0.367,23.3,23.8,22.71792,75.8333,ERA5,Asia/Kolkata,Open-Meteo Historical Weather API
MP-Indore,2018-11-12,23.4,31.2,15.8,0.0,0.0,0.0,47,3.95,0.267,0.296,0.369,23.2,23.7,22.71792,75.8333,ERA5,Asia/Kolkata,Open-Meteo Historical Weather API
MP-Indore,2018-11-13,23.4,31.4,16.2,0.0,0.0,0.0,46,4.37,0.268,0.295,0.369,23.4,23.9,22.71792,75.8333,ERA5,Asia/Kolkata,Open-Meteo Historical Weather API
MP-Indore,2018-11-14,23.8,31.3,16.2,0.0,0.0,0.0,48,3.66,0.265,0.294,0.367,23.5,24.0,22.71792,75.8333,ERA5,Asia/Kolkata,Open-Meteo Historical Weather API
MP-Indore,2018-11-15,23.3,31.0,15.4,0.0,0.0,0.0,50,3.83,0.263,0.295,0.367,23.6,24.1,22.71792,75.8333,ERA5,Asia/Kolkata,Open-Meteo Historical Weather API
MP-Indore,2018-11-16,22.4,29.9,16.1,0.0,0.0,0.0,55,4.02,0.263,0.294,0.365,23.5,24.1,22.71792,75.8333,ERA5,Asia/Kolkata,Open-Meteo Historical Weather API
MP-Indore,2018-11-17,22.8,30.5,16.5,0.0,0.0,0.0,53,3.86,0.262,0.293,0.363,23.9,24.2,22.71792,75.8333,ERA5,Asia/Kolkata,Open-Meteo Historical Weather API
MP-Indore,2018-11-18,24.0,31.5,17.5,0.0,0.0,0.0,53,4.09,0.262,0.293,0.362,23.8,24.2,22.71792,75.8333,ERA5,Asia/Kolkata,Open-Meteo Historical Weather API
MP-Indore,2018-11-19,24.5,31.8,17.2,0.0,0.0,0.0,57,3.87,0.261,0.294,0.362,24.3,24.3,22.71792,75.8333,ERA5,Asia/Kolkata,Open-Meteo Historical Weather API
MP-Indore,2018-11-20,24.6,30.9,19.0,0.0,0.0,0.0,63,3.46,0.262,0.299,0.365,24.8,24.8,22.71792,75.8333,ERA5,Asia/Kolkata,Open-Meteo Historical Weather API
MP-Indore,2018-11-21,24.4,30.8,18.9,0.0,0.0,0.0,58,3.67,0.26,0.297,0.363,24.9,24.8,22.71792,75.8333,ERA5,Asia/Kolkata,Open-Meteo Historical Weather API
MP-Indore,2018-11-22,23.9,30.0,17.8,0.0,0.0,0.0,57,3.89,0.257,0.296,0.362,24.7,24.9,22.71792,75.8333,ERA5,Asia/Kolkata,Open-Meteo Historical Weather API
MP-Indore,2018-11-23,23.5,30.3,17.6,0.0,0.0,0.0,56,3.55,0.258,0.296,0.361,24.5,24.9,22.71792,75.8333,ERA5,Asia/Kolkata,Open-Meteo Historical Weather API
MP-Indore,2018-11-24,22.3,29.1,17.5,0.0,0.0,0.0,54,3.9,0.26,0.297,0.362,24.0,24.7,22.71792,75.8333,ERA5,Asia/Kolkata,Open-Meteo Historical Weather API
MP-Indore,2018-11-25,21.2,28.8,15.4,0.0,0.0,0.0,53,3.79,0.264,0.297,0.361,23.0,24.0,22.71792,75.8333,ERA5,Asia/Kolkata,Open-Meteo Historical Weather API
MP-Indore,2018-11-26,20.3,28.5,13.2,0.0,0.0,0.0,52,3.82,0.268,0.298,0.361,21.8,23.2,22.71792,75.8333,ERA5,Asia/Kolkata,Open-Meteo Historical Weather API
MP-Indore,2018-11-27,20.4,28.2,13.1,0.0,0.0,0.0,52,4.04,0.268,0.297,0.36,21.5,22.6,22.71792,75.8333,ERA5,Asia/Kolkata,Open-Meteo Historical Weather API
MP-Indore,2018-11-28,20.7,27.7,15.4,0.0,0.0,0.0,53,3.65,0.267,0.297,0.359,21.8,22.7,22.71792,75.8333,ERA5,Asia/Kolkata,Open-Meteo Historical Weather API
MP-Indore,2018-11-29,20.0,27.4,14.0,0.0,0.0,0.0,58,3.6,0.266,0.297,0.359,21.6,22.5,22.71792,75.8333,ERA5,Asia/Kolkata,Open-Meteo Historical Weather API
MP-Indore,2018-11-30,19.6,26.4,13.6,0.0,0.0,0.0,61,3.61,0.265,0.296,0.358,21.4,22.4,22.71792,75.8333,ERA5,Asia/Kolkata,Open-Meteo Historical Weather API
MP-Indore,2018-12-01,18.9,25.7,13.4,0.0,0.0,0.0,63,3.35,0.265,0.298,0.359,20.8,22.0,22.71792,75.8333,ERA5,Asia/Kolkata,Open-Meteo Historical Weather API
MP-Indore,2018-12-02,19.0,26.4,12.9,0.0,0.0,0.0,60,3.44,0.263,0.298,0.359,20.7,21.6,22.71792,75.8333,ERA5,Asia/Kolkata,Open-Meteo Historical Weather API
MP-Indore,2018-12-03,19.7,26.3,14.8,0.0,0.0,0.0,64,3.35,0.264,0.299,0.359,21.2,21.8,22.71792,75.8333,ERA5,Asia/Kolkata,Open-Meteo Historical Weather API
MP-Indore,2018-12-04,20.0,25.6,15.7,0.0,0.0,0.0,64,3.12,0.265,0.3,0.359,21.2,21.9,22.71792,75.8333,ERA5,Asia/Kolkata,Open-Meteo Historical Weather API
MP-Indore,2018-12-05,20.5,26.7,14.9,0.0,0.0,0.0,60,3.34,0.266,0.3,0.359,21.4,22.0,22.71792,75.8333,ERA5,Asia/Kolkata,Open-Meteo Historical Weather API
MP-Indore,2018-12-06,20.4,27.0,15.3,0.0,0.0,0.0,63,3.26,0.265,0.3,0.359,21.4,22.0,22.71792,75.8333,ERA5,Asia/Kolkata,Open-Meteo Historical Weather API
MP-Indore,2018-12-07,19.8,26.7,14.9,0.0,0.0,0.0,60,3.61,0.264,0.3,0.359,21.3,21.9,22.71792,75.8333,ERA5,Asia/Kolkata,Open-Meteo Historical Weather API
MP-Indore,2018-12-08,20.7,27.5,15.6,0.0,0.0,0.0,60,3.38,0.263,0.298,0.357,21.7,22.1,22.71792,75.8333,ERA5,Asia/Kolkata,Open-Meteo Historical Weather API
MP-Indore,2018-12-09,20.4,26.7,15.7,0.0,0.0,0.0,59,3.38,0.263,0.297,0.357,21.8,22.3,22.71792,75.8333,ERA5,Asia/Kolkata,Open-Meteo Historical Weather API
MP-Indore,2018-12-10,19.1,26.4,13.6,0.0,0.0,0.0,60,3.49,0.264,0.298,0.357,21.0,22.0,22.71792,75.8333,ERA5,Asia/Kolkata,Open-Meteo Historical Weather API
MP-Indore,2018-12-11,18.8,25.9,12.7,0.0,0.0,0.0,53,3.47,0.265,0.299,0.357,20.2,21.4,22.71792,75.8333,ERA5,Asia/Kolkata,Open-Meteo Historical Weather API
MP-Indore,2018-12-12,19.2,26.1,13.6,0.0,0.0,0.0,56,3.39,0.268,0.299,0.357,19.9,20.9,22.71792,75.8333,ERA5,Asia/Kolkata,Open-Meteo Historical Weather API
MP-Indore,2018-12-13,17.9,24.2,13.8,0.0,0.0,0.0,58,3.78,0.27,0.302,0.359,19.8,21.0,22.71792,75.8333,ERA5,Asia/Kolkata,Open-Meteo Historical Weather API
MP-Indore,2018-12-14,16.3,22.5,11.6,0.0,0.0,0.0,61,3.56,0.273,0.305,0.361,18.6,20.2,22.71792,75.8333,ERA5,Asia/Kolkata,Open-Meteo Historical Weather API
MP-Indore,2018-12-15,15.9,22.1,10.6,0.0,0.0,0.0,59,3.53,0.277,0.308,0.364,17.9,19.5,22.71792,75.8333,ERA5,Asia/Kolkata,Open-Meteo Historical Weather API
MP-Indore,2018-12-16,15.6,22.3,10.3,0.0,0.0,0.0,53,3.74,0.276,0.307,0.364,17.5,18.9,22.71792,75.8333,ERA5,Asia/Kolkata,Open-Meteo Historical Weather API
MP-Indore,2018-12-17,15.7,23.1,10.5,0.0,0.0,0.0,52,3.77,0.274,0.305,0.363,17.5,18.6,22.71792,75.8333,ERA5,Asia/Kolkata,Open-Meteo Historical Weather API
MP-Indore,2018-12-18,15.1,22.4,9.0,0.0,0.0,0.0,58,3.29,0.273,0.305,0.363,17.1,18.4,22.71792,75.8333,ERA5,Asia/Kolkata,Open-Meteo Historical Weather API
MP-Indore,2018-12-19,15.0,23.5,8.2,0.0,0.0,0.0,57,3.36,0.272,0.304,0.362,16.7,18.1,22.71792,75.8333,ERA5,Asia/Kolkata,Open-Meteo Historical Weather API
MP-Indore,2018-12-20,16.3,24.7,9.3,0.0,0.0,0.0,57,3.53,0.27,0.303,0.361,17.3,18.0,22.71792,75.8333,ERA5,Asia/Kolkata,Open-Meteo Historical Weather API
MP-Indore,2018-12-21,16.5,25.6,9.2,0.0,0.0,0.0,54,3.44,0.267,0.3,0.359,17.6,18.3,22.71792,75.8333,ERA5,Asia/Kolkata,Open-Meteo Historical Weather API
MP-Indore,2018-12-22,17.1,26.0,9.6,0.0,0.0,0.0,55,3.55,0.264,0.299,0.357,18.0,18.4,22.71792,75.8333,ERA5,Asia/Kolkata,Open-Meteo Historical Weather API
MP-Indore,2018-12-23,18.4,26.5,12.1,0.0,0.0,0.0,55,3.59,0.261,0.296,0.355,18.9,18.9,22.71792,75.8333,ERA5,Asia/Kolkata,Open-Meteo Historical Weather API
MP-Indore,2018-12-24,18.9,26.3,12.5,0.0,0.0,0.0,56,3.57,0.26,0.295,0.354,19.3,19.5,22.71792,75.8333,ERA5,Asia/Kolkata,Open-Meteo Historical Weather API
MP-Indore,2018-12-25,20.0,26.6,14.8,0.0,0.0,0.0,57,3.11,0.258,0.292,0.351,20.2,20.0,22.71792,75.8333,ERA5,Asia/Kolkata,Open-Meteo Historical Weather API
MP-Indore,2018-12-26,18.4,25.3,14.2,0.0,0.0,0.0,52,3.95,0.257,0.289,0.349,19.5,20.2,22.71792,75.8333,ERA5,Asia/Kolkata,Open-Meteo Historical Weather API
MP-Indore,2018-12-27,15.5,22.0,10.8,0.0,0.0,0.0,57,3.56,0.263,0.292,0.351,17.9,19.4,22.71792,75.8333,ERA5,Asia/Kolkata,Open-Meteo Historical Weather API
MP-Indore,2018-12-28,13.4,20.9,6.8,0.0,0.0,0.0,44,3.69,0.271,0.298,0.357,15.8,18.0,22.71792,75.8333,ERA5,Asia/Kolkata,Open-Meteo Historical Weather API
MP-Indore,2018-12-29,13.3,21.6,6.1,0.0,0.0,0.0,45,3.67,0.274,0.299,0.358,15.1,16.7,22.71792,75.8333,ERA5,Asia/Kolkata,Open-Meteo Historical Weather API
MP-Indore,2018-12-30,14.8,23.2,7.6,0.0,0.0,0.0,48,3.74,0.273,0.297,0.356,15.7,16.5,22.71792,75.8333,ERA5,Asia/Kolkata,Open-Meteo Historical Weather API
MP-Indore,2018-12-31,15.9,25.2,8.5,0.0,0.0,0.0,47,3.75,0.27,0.294,0.353,16.5,17.0,22.71792,75.8333,ERA5,Asia/Kolkata,Open-Meteo Historical Weather API
MP-Indore,2019-01-01,17.7,26.9,9.0,0.0,0.0,0.0,48,3.75,0.268,0.293,0.353,17.2,17.5,22.71792,75.8333,ERA5,Asia/Kolkata,Open-Meteo Historical Weather API
MP-Indore,2019-01-02,18.4,26.9,11.8,0.0,0.0,0.0,48,3.62,0.267,0.293,0.353,17.7,18.1,22.71792,75.8333,ERA5,Asia/Kolkata,Open-Meteo Historical Weather API
MP-Indore,2019-01-03,17.6,26.3,10.9,0.0,0.0,0.0,51,3.67,0.268,0.292,0.351,18.2,18.6,22.71792,75.8333,ERA5,Asia/Kolkata,Open-Meteo Historical Weather API
MP-Indore,2019-01-04,17.5,25.8,10.7,0.0,0.0,0.0,52,3.73,0.269,0.294,0.352,18.2,18.6,22.71792,75.8333,ERA5,Asia/Kolkata,Open-Meteo Historical Weather API
MP-Indore,2019-01-05,18.4,26.9,12.3,0.0,0.0,0.0,53,3.89,0.27,0.296,0.354,18.5,18.8,22.71792,75.8333,ERA5,Asia/Kolkata,Open-Meteo Historical Weather API
MP-Indore,2019-01-06,17.2,24.8,11.3,0.0,0.0,0.0,54,3.84,0.271,0.298,0.355,18.3,18.8,22.71792,75.8333,ERA5,Asia/Kolkata,Open-Meteo Historical Weather API
MP-Indore,2019-01-07,14.8,21.4,10.1,0.0,0.0,0.0,59,3.47,0.276,0.305,0.36,16.9,18.3,22.71792,75.8333,ERA5,Asia/Kolkata,Open-Meteo Historical Weather API
MP-Indore,2019-01-08,14.8,22.2,8.4,0.0,0.0,0.0,65,2.95,0.281,0.311,0.365,16.1,17.5,22.71792,75.8333,ERA5,Asia/Kolkata,Open-Meteo Historical Weather API
MP-Indore,2019-01-09,15.3,23.2,8.5,0.0,0.0,0.0,63,3.33,0.281,0.313,0.366,16.4,17.3,22.71792,75.8333,ERA5,Asia/Kolkata,Open-Meteo Historical Weather API
MP-Indore,2019-01-10,15.4,23.2,9.1,0.0,0.0,0.0,60,3.39,0.276,0.308,0.363,16.8,17.4,22.71792,75.8333,ERA5,Asia/Kolkata,Open-Meteo Historical Weather API
MP-Indore,2019-01-11,16.8,24.3,10.1,0.0,0.0,0.0,58,3.52,0.271,0.302,0.358,17.6,17.7,22.71792,75.8333,ERA5,Asia/Kolkata,Open-Meteo Historical Weather API
MP-Indore,2019-01-12,18.1,25.5,11.4,0.0,0.0,0.0,58,3.31,0.269,0.3,0.356,18.3,18.4,22.71792,75.8333,ERA5,Asia/Kolkata,Open-Meteo Historical Weather API
MP-Indore,2019-01-13,17.3,25.2,10.8,0.0,0.0,0.0,63,3.66,0.271,0.302,0.358,18.3,18.8,22.71792,75.8333,ERA5,Asia/Kolkata,Open-Meteo Historical Weather API
MP-Indore,2019-01-14,16.5,23.3,11.4,0.0,0.0,0.0,57,3.86,0.273,0.305,0.361,18.0,19.0,22.71792,75.8333,ERA5,Asia/Kolkata,Open-Meteo Historical Weather API
MP-Indore,2019-01-15,15.8,23.4,9.6,0.0,0.0,0.0,55,3.59,0.275,0.308,0.362,17.5,18.3,22.71792,75.8333,ERA5,Asia/Kolkata,Open-Meteo Historical Weather API
MP-Indore,2019-01-16,17.2,26.6,9.1,0.0,0.0,0.0,50,3.82,0.273,0.304,0.359,17.8,18.1,22.71792,75.8333,ERA5,Asia/Kolkata,Open-Meteo Historical Weather API
MP-Indore,2019-01-17,18.7,27.1,11.2,0.0,0.0,0.0,49,3.69,0.269,0.297,0.354,18.7,18.6,22.71792,75.8333,ERA5,Asia/Kolkata,Open-Meteo Historical Weather API
MP-Indore,2019-01-18,18.4,26.5,11.8,0.0,0.0,0.0,49,4.08,0.266,0.294,0.349,19.0,19.2,22.71792,75.8333,ERA5,Asia/Kolkata,Open-Meteo Historical Weather API
MP-Indore,2019-01-19,18.8,27.7,11.4,0.0,0.0,0.0,45,4.33,0.263,0.291,0.341,19.3,19.3,22.71792,75.8333,ERA5,Asia/Kolkata,Open-Meteo Historical Weather API
MP-Indore,2019-01-20,20.2,29.7,11.4,0.0,0.0,0.0,45,4.53,0.262,0.291,0.335,19.7,19.5,22.71792,75.8333,ERA5,Asia/Kolkata,Open-Meteo Historical Weather API
MP-Indore,2019-01-21,21.5,28.5,15.3,0.0,0.0,0.0,45,5.04,0.261,0.293,0.333,20.7,20.3,22.71792,75.8333,ERA5,Asia/Kolkata,Open-Meteo Historical Weather API
MP-Indore,2019-01-22,19.3,25.0,14.4,0.0,0.0,0.0,57,3.91,0.266,0.295,0.337,20.9,20.8,22.71792,75.8333,ERA5,Asia/Kolkata,Open-Meteo Historical Weather API
MP-Indore,2019-01-23,18.5,24.5,13.2,0.0,0.0,0.0,59,3.52,0.267,0.297,0.34,20.3,20.3,22.71792,75.8333,ERA5,Asia/Kolkata,Open-Meteo Historical Weather API
MP-Indore,2019-01-24,18.0,24.7,13.5,0.0,0.0,0.0,59,3.62,0.269,0.3,0.345,19.7,20.0,22.71792,75.8333,ERA5,Asia/Kolkata,Open-Meteo Historical Weather API
MP-Indore,2019-01-25,16.2,20.9,12.9,0.0,0.0,0.0,70,3.11,0.272,0.303,0.348,18.8,19.5,22.71792,75.8333,ERA5,Asia/Kolkata,Open-Meteo Historical Weather API
MP-Indore,2019-01-26,14.9,20.0,11.2,0.0,0.0,0.0,67,3.2,0.275,0.308,0.352,17.5,18.6,22.71792,75.8333,ERA5,Asia/Kolkata,Open-Meteo Historical Weather API
MP-Indore,2019-01-27,13.9,19.8,9.1,0.0,0.0,0.0,54,3.88,0.277,0.311,0.355,16.5,17.7,22.71792,75.8333,ERA5,Asia/Kolkata,Open-Meteo Historical Weather API
MP-Indore,2019-01-28,13.3,19.8,8.0,0.0,0.0,0.0,48,3.95,0.278,0.313,0.357,15.6,17.0,22.71792,75.8333,ERA5,Asia/Kolkata,Open-Meteo Historical Weather API
MP-Indore,2019-01-29,13.0,20.7,6.5,0.0,0.0,0.0,48,3.84,0.276,0.312,0.356,15.2,16.5,22.71792,75.8333,ERA5,Asia/Kolkata,Open-Meteo Historical Weather API
MP-Indore,2019-01-30,14.6,23.2,5.5,0.0,0.0,0.0,50,3.87,0.273,0.307,0.353,15.7,16.3,22.71792,75.8333,ERA5,Asia/Kolkata,Open-Meteo Historical Weather API
MP-Indore,2019-01-31,17.9,25.8,10.7,0.0,0.0,0.0,47,4.03,0.267,0.301,0.349,17.5,17.3,22.71792,75.8333,ERA5,Asia/Kolkata,Open-Meteo Historical Weather API
MP-Indore,2019-02-01,18.3,26.2,11.2,0.0,0.0,0.0,55,3.92,0.266,0.299,0.347,18.9,18.4,22.71792,75.8333,ERA5,Asia/Kolkata,Open-Meteo Historical Weather API
MP-Indore,2019-02-02,18.3,25.6,12.2,0.0,0.0,0.0,60,3.94,0.267,0.301,0.349,19.3,19.3,22.71792,75.8333,ERA5,Asia/Kolkata,Open-Meteo Historical Weather API
MP-Indore,2019-02-03,19.2,26.3,13.6,0.0,0.0,0.0,60,3.42,0.269,0.303,0.351,19.5,19.7,22.71792,75.8333,ERA5,Asia/Kolkata,Open-Meteo Historical Weather API
MP-Indore,2019-02-04,21.4,28.0,16.0,0.0,0.0,0.0,55,4.22,0.271,0.304,0.353,20.9,20.3,22.71792,75.8333,ERA5,Asia/Kolkata,Open-Meteo Historical Weather API
MP-Indore,2019-02-05,22.5,29.1,17.0,0.0,0.0,0.0,48,4.5,0.268,0.301,0.35,21.8,21.0,22.71792,75.8333,ERA5,Asia/Kolkata,Open-Meteo Historical Weather API
MP-Indore,2019-02-06,22.7,28.8,17.5,0.3,0.3,1.0,55,4.08,0.267,0.298,0.348,22.4,21.6,22.71792,75.8333,ERA5,Asia/Kolkata,Open-Meteo Historical Weather API
MP-Indore,2019-02-07,18.7,23.4,14.3,0.0,0.0,0.0,48,4.7,0.265,0.296,0.346,21.0,21.2,22.71792,75.8333,ERA5,Asia/Kolkata,Open-Meteo Historical Weather API
MP-Indore,2019-02-08,15.5,21.5,9.7,0.0,0.0,0.0,45,4.37,0.267,0.297,0.347,18.6,19.7,22.71792,75.8333,ERA5,Asia/Kolkata,Open-Meteo Historical Weather API
MP-Indore,2019-02-09,14.5,21.1,7.8,0.0,0.0,0.0,42,4.36,0.27,0.3,0.349,17.1,18.4,22.71792,75.8333,ERA5,Asia/Kolkata,Open-Meteo Historical Weather API
MP-Indore,2019-02-10,15.6,23.6,8.3,0.0,0.0,0.0,44,4.26,0.269,0.301,0.35,17.3,17.9,22.71792,75.8333,ERA5,Asia/Kolkata,Open-Meteo Historical Weather API
MP-Indore,2019-02-11,18.4,26.9,10.8,0.0,0.0,0.0,44,4.52,0.267,0.299,0.348,18.9,18.5,22.71792,75.8333,ERA5,Asia/Kolkata,Open-Meteo Historical Weather API
MP-Indore,2019-02-12,21.4,30.0,13.3,0.0,0.0,0.0,50,4.75,0.265,0.297,0.346,20.9,19.8,22.71792,75.8333,ERA5,Asia/Kolkata,Open-Meteo Historical Weather API
MP-Indore,2019-02-13,23.0,29.7,18.2,0.7,0.7,2.0,60,3.96,0.269,0.295,0.345,22.6,21.5,22.71792,75.8333,ERA5,Asia/Kolkata,Open-Meteo Historical Weather API
MP-Indore,2019-02-14,23.3,29.7,17.9,2.1,2.1,4.0,62,4.0,0.313,0.293,0.343,23.5,22.2,22.71792,75.8333,ERA5,Asia/Kolkata,Open-Meteo Historical Weather API
MP-Indore,2019-02-15,21.5,27.6,17.1,0.0,0.0,0.0,49,4.91,0.309,0.296,0.346,22.8,22.3,22.71792,75.8333,ERA5,Asia/Kolkata,Open-Meteo Historical Weather API
MP-Indore,2019-02-16,18.7,25.3,13.4,0.0,0.0,0.0,54,4.4,0.302,0.299,0.349,20.8,21.4,22.71792,75.8333,ERA5,Asia/Kolkata,Open-Meteo Historical Weather API
MP-Indore,2019-02-17,18.9,26.3,11.5,0.0,0.0,0.0,49,4.36,0.296,0.3,0.349,20.4,20.7,22.71792,75.8333,ERA5,Asia/Kolkata,Open-Meteo Historical Weather API
MP-Indore,2019-02-18,20.8,29.7,12.1,0.0,0.0,0.0,43,4.87,0.288,0.298,0.347,21.0,20.7,22.71792,75.8333,ERA5,Asia/Kolkata,Open-Meteo Historical Weather API
MP-Indore,2019-02-19,22.0,31.0,15.1,0.0,0.0,0.0,43,5.21,0.279,0.294,0.343,22.3,21.5,22.71792,75.8333,ERA5,Asia/Kolkata,Open-Meteo Historical Weather API
MP-Indore,2019-02-20,24.0,32.8,14.9,0.0,0.0,0.0,42,5.49,0.273,0.292,0.341,23.1,21.9,22.71792,75.8333,ERA5,Asia/Kolkata,Open-Meteo Historical Weather API
MP-Indore,2019-02-21,26.2,33.7,20.2,0.0,0.0,0.0,48,5.9,0.269,0.292,0.34,25.3,23.5,22.71792,75.8333,ERA5,Asia/Kolkata,Open-Meteo Historical Weather API
MP-Indore,2019-02-22,23.8,30.5,18.1,0.0,0.0,0.0,55,5.1,0.267,0.293,0.341,25.1,24.2,22.71792,75.8333,ERA5,Asia/Kolkata,Open-Meteo Historical Weather API
MP-Indore,2019-02-23,22.6,29.7,17.1,0.0,0.0,0.0,57,4.49,0.267,0.295,0.344,24.3,23.9,22.71792,75.8333,ERA5,Asia/Kolkata,Open-Meteo Historical Weather API
MP-Indore,2019-02-24,22.4,29.9,16.3,0.0,0.0,0.0,51,4.99,0.267,0.295,0.344,23.8,23.7,22.71792,75.8333,ERA5,Asia/Kolkata,Open-Meteo Historical Weather API
MP-Indore,2019-02-25,21.9,28.5,16.7,0.0,0.0,0.0,36,5.78,0.264,0.295,0.344,23.4,23.2,22.71792,75.8333,ERA5,Asia/Kolkata,Open-Meteo Historical Weather API
MP-Indore,2019-02-26,21.4,28.1,15.4,0.0,0.0,0.0,42,5.75,0.262,0.295,0.343,22.6,22.6,22.71792,75.8333,ERA5,Asia/Kolkata,Open-Meteo Historical Weather API
MP-Indore,2019-02-27,20.2,25.6,16.2,0.0,0.0,0.0,52,4.31,0.263,0.297,0.345,21.9,22.3,22.71792,75.8333,ERA5,Asia/Kolkata,Open-Meteo Historical Weather API
MP-Indore,2019-02-28,18.9,24.6,14.2,0.0,0.0,0.0,46,4.96,0.264,0.299,0.347,21.4,21.5,22.71792,75.8333,ERA5,Asia/Kolkata,Open-Meteo Historical Weather API
MP-Indore,2019-03-01,19.8,26.7,13.5,0.0,0.0,0.0,40,5.34,0.264,0.3,0.347,21.4,21.3,22.71792,75.8333,ERA5,Asia/Kolkata,Open-Meteo Historical Weather API
MP-Indore,2019-03-02,22.7,30.3,15.4,0.0,0.0,0.0,43,5.73,0.26,0.297,0.345,23.0,22.0,22.71792,75.8333,ERA5,Asia/Kolkata,Open-Meteo Historical Weather API
MP-Indore,2019-03-03,24.5,30.8,19.9,0.0,0.0,0.0,43,5.27,0.254,0.293,0.342,24.8,23.4,22.71792,75.8333,ERA5,Asia/Kolkata,Open-Meteo Historical Weather API
MP-Indore,2019-03-04,23.2,28.5,18.6,0.0,0.0,0.0,57,4.95,0.252,0.292,0.341,24.4,23.6,22.71792,75.8333,ERA5,Asia/Kolkata,Open-Meteo Historical Weather API
MP-Indore,2019-03-05,21.2,27.0,16.6,0.0,0.0,0.0,44,5.45,0.252,0.291,0.339,23.8,23.3,22.71792,75.8333,ERA5,Asia/Kolkata,Open-Meteo Historical Weather API
MP-Indore,2019-03-06,21.3,28.1,15.1,0.0,0.0,0.0,45,4.95,0.25,0.29,0.337,23.4,23.1,22.71792,75.8333,ERA5,Asia/Kolkata,Open-Meteo Historical Weather API
MP-Indore,2019-03-07,21.9,29.0,15.3,0.0,0.0,0.0,41,5.2,0.252,0.289,0.336,23.9,23.3,22.71792,75.8333,ERA5,Asia/Kolkata,Open-Meteo Historical Weather API
MP-Indore,2019-03-08,23.8,31.2,16.3,0.0,0.0,0.0,40,5.89,0.254,0.29,0.337,24.3,23.5,22.71792,75.8333,ERA5,Asia/Kolkata,Open-Meteo Historical Weather API
MP-Indore,2019-03-09,23.6,30.7,17.8,0.0,0.0,0.0,39,6.45,0.257,0.291,0.337,24.7,24.1,22.71792,75.8333,ERA5,Asia/Kolkata,Open-Meteo Historical Weather API
MP-Indore,2019-03-10,24.0,31.2,17.1,0.0,0.0,0.0,39,5.78,0.256,0.291,0.336,25.2,24.1,22.71792,75.8333,ERA5,Asia/Kolkata,Open-Meteo Historical Weather API
MP-Indore,2019-03-11,25.2,31.5,19.4,0.0,0.0,0.0,39,6.11,0.254,0.29,0.336,25.8,24.7,22.71792,75.8333,ERA5,Asia/Kolkata,Open-Meteo Historical Weather API
MP-Indore,2019-03-12,24.0,31.7,17.1,0.0,0.0,0.0,37,5.73,0.254,0.289,0.334,25.7,24.9,22.71792,75.8333,ERA5,Asia/Kolkata,Open-Meteo Historical Weather API
MP-Indore,2019-03-13,24.8,31.9,18.0,0.0,0.0,0.0,34,6.05,0.25,0.287,0.332,26.3,25.2,22.71792,75.8333,ERA5,Asia/Kolkata,Open-Meteo Historical Weather API
MP-Indore,2019-03-14,24.9,31.2,20.2,0.0,0.0,0.0,37,6.39,0.248,0.285,0.331,26.9,25.7,22.71792,75.8333,ERA5,Asia/Kolkata,Open-Meteo Historical Weather API
MP-Indore,2019-03-15,23.1,30.0,17.0,0.0,0.0,0.0,38,6.35,0.251,0.288,0.334,25.6,25.3,22.71792,75.8333,ERA5,Asia/Kolkata,Open-Meteo Historical Weather API
MP-Indore,2019-03-16,24.5,31.6,18.2,0.0,0.0,0.0,43,6.21,0.254,0.29,0.335,26.0,25.2,22.71792,75.8333,ERA5,Asia/Kolkata,Open-Meteo Historical Weather API
MP-Indore,2019-03-17,25.2,31.9,20.0,0.0,0.0,0.0,40,5.99,0.254,0.288,0.334,27.0,25.8,22.71792,75.8333,ERA5,Asia/Kolkata,Open-Meteo Historical Weather API
MP-Indore,2019-03-18,25.6,32.3,19.2,0.0,0.0,0.0,39,6.25,0.252,0.288,0.333,27.2,26.1,22.71792,75.8333,ERA5,Asia/Kolkata,Open-Meteo Historical Weather API
MP-Indore,2019-03-19,26.4,34.1,18.5,0.0,0.0,0.0,33,6.18,0.248,0.285,0.329,27.9,26.5,22.71792,75.8333,ERA5,Asia/Kolkata,Open-Meteo Historical Weather API
MP-Indore,2019-03-20,27.7,34.7,20.7,0.0,0.0,0.0,33,6.41,0.244,0.281,0.325,28.2,26.8,22.71792,75.8333,ERA5,Asia/Kolkata,Open-Meteo Historical Weather API
MP-Indore,2019-03-21,26.5,33.3,19.6,0.0,0.0,0.0,34,6.85,0.242,0.279,0.322,28.4,27.2,22.71792,75.8333,ERA5,Asia/Kolkata,Open-Meteo Historical Weather API
MP-Indore,2019-03-22,26.1,33.2,19.3,0.0,0.0,0.0,32,6.64,0.244,0.28,0.322,28.2,27.2,22.71792,75.8333,ERA5,Asia/Kolkata,Open-Meteo Historical Weather API
MP-Indore,2019-03-23,27.1,33.7,21.3,0.0,0.0,0.0,34,6.77,0.245,0.28,0.322,28.7,27.4,22.71792,75.8333,ERA5,Asia/Kolkata,Open-Meteo Historical Weather API
MP-Indore,2019-03-24,28.1,35.9,20.9,0.0,0.0,0.0,31,6.31,0.249,0.28,0.32,29.3,27.8,22.71792,75.8333,ERA5,Asia/Kolkata,Open-Meteo Historical Weather API
MP-Indore,2019-03-25,28.5,36.3,20.2,0.2,0.2,1.0,32,6.94,0.248,0.278,0.317,29.7,28.3,22.71792,75.8333,ERA5,Asia/Kolkata,Open-Meteo Historical Weather API
MP-Indore,2019-03-26,28.2,34.9,22.1,0.0,0.0,0.0,31,7.58,0.247,0.276,0.315,30.1,28.7,22.71792,75.8333,ERA5,Asia/Kolkata,Open-Meteo Historical Weather API
MP-Indore,2019-03-27,28.7,35.7,21.7,0.0,0.0,0.0,30,6.99,0.244,0.275,0.312,30.4,28.8,22.71792,75.8333,ERA5,Asia/Kolkata,Open-Meteo Historical Weather API
MP-Indore,2019-03-28,29.9,37.7,21.9,0.0,0.0,0.0,27,7.02,0.244,0.273,0.309,31.1,29.3,22.71792,75.8333,ERA5,Asia/Kolkata,Open-Meteo Historical Weather API
MP-Indore,2019-03-29,31.2,39.5,23.1,0.0,0.0,0.0,28,7.01,0.247,0.273,0.306,31.4,30.0,22.71792,75.8333,ERA5,Asia/Kolkata,Open-Meteo Historical Weather API
MP-Indore,2019-03-30,31.8,39.9,24.8,0.2,0.2,1.0,27,7.73,0.245,0.269,0.301,32.3,30.6,22.71792,75.8333,ERA5,Asia/Kolkata,Open-Meteo Historical Weather API
MP-Indore,2019-03-31,31.5,38.6,25.0,0.0,0.0,0.0,25,9.08,0.243,0.265,0.297,32.4,30.9,22.71792,75.8333,ERA5,Asia/Kolkata,Open-Meteo Historical Weather API
MP-Indore,2019-04-01,30.7,37.6,24.7,0.0,0.0,0.0,27,7.42,0.243,0.266,0.296,32.5,30.9,22.71792,75.8333,ERA5,Asia/Kolkata,Open-Meteo Historical Weather API
MP-Indore,2019-04-02,30.9,39.0,23.4,0.0,0.0,0.0,23,6.65,0.245,0.266,0.296,32.5,30.9,22.71792,75.8333,ERA5,Asia/Kolkata,Open-Meteo Historical Weather API
MP-Indore,2019-04-03,31.6,39.4,24.4,0.0,0.0,0.0,22,7.99,0.246,0.266,0.295,32.8,31.2,22.71792,75.8333,ERA5,Asia/Kolkata,Open-Meteo Historical Weather API
MP-Indore,2019-04-04,32.5,40.3,25.1,0.0,0.0,0.0,23,8.41,0.245,0.265,0.292,33.4,31.7,22.71792,75.8333,ERA5,Asia/Kolkata,Open-Meteo Historical Weather API
MP-Indore,2019-04-05,32.1,39.6,26.3,0.9,0.9,3.0,28,8.79,0.244,0.265,0.29,33.2,31.9,22.71792,75.8333,ERA5,Asia/Kolkata,Open-Meteo Historical Weather API
MP-Indore,2019-04-06,31.8,39.2,25.4,0.0,0.0,0.0,28,8.86,0.245,0.265,0.288,33.2,31.9,22.71792,75.8333,ERA5,Asia/Kolkata,Open-Meteo Historical Weather API
MP-Indore,2019-04-07,31.6,39.1,24.9,0.0,0.0,0.0,28,8.59,0.243,0.265,0.286,33.1,31.8,22.71792,75.8333,ERA5,Asia/Kolkata,Open-Meteo Historical Weather API
MP-Indore,2019-04-08,31.8,39.2,24.2,0.0,0.0,0.0,29,8.61,0.241,0.265,0.286,33.2,31.9,22.71792,75.8333,ERA5,Asia/Kolkata,Open-Meteo Historical Weather API
MP-Indore,2019-04-09,32.1,39.0,25.3,0.0,0.0,0.0,25,9.37,0.24,0.265,0.285,33.6,32.0,22.71792,75.8333,ERA5,Asia/Kolkata,Open-Meteo Historical Weather API
MP-Indore,2019-04-10,32.1,39.4,26.1,0.7,0.7,3.0,28,8.23,0.244,0.265,0.285,33.8,32.3,22.71792,75.8333,ERA5,Asia/Kolkata,Open-Meteo Historical Weather API
MP-Indore,2019-04-11,32.7,40.0,26.4,0.0,0.0,0.0,28,8.51,0.249,0.266,0.285,34.0,32.5,22.71792,75.8333,ERA5,Asia/Kolkata,Open-Meteo Historical Weather API
MP-Indore,2019-04-12,33.2,39.8,26.1,0.0,0.0,0.0,25,8.68,0.248,0.266,0.285,34.5,32.8,22.71792,75.8333,ERA5,Asia/Kolkata,Open-Meteo Historical Weather API
MP-Indore,2019-04-13,33.3,40.5,24.7,0.2,0.2,1.0,24,9.0,0.246,0.266,0.285,34.5,33.1,22.71792,75.8333,ERA5,Asia/Kolkata,Open-Meteo Historical Weather API
MP-Indore,2019-04-14,33.7,40.8,26.4,0.0,0.0,0.0,24,9.1,0.249,0.267,0.285,34.9,33.4,22.71792,75.8333,ERA5,Asia/Kolkata,Open-Meteo Historical Weather API
MP-Indore,2019-04-15,31.3,36.3,25.8,0.8,0.8,2.0,32,6.22,0.258,0.268,0.286,33.1,33.0,22.71792,75.8333,ERA5,Asia/Kolkata,Open-Meteo Historical Weather API
MP-Indore,2019-04-16,26.6,34.3,21.1,5.8,5.8,9.0,58,4.7,0.301,0.272,0.29,30.1,31.0,22.71792,75.8333,ERA5,Asia/Kolkata,Open-Meteo Historical Weather API
MP-Indore,2019-04-17,25.1,31.3,20.6,0.7,0.7,2.0,55,6.22,0.347,0.278,0.295,28.4,29.3,22.71792,75.8333,ERA5,Asia/Kolkata,Open-Meteo Historical Weather API
MP-Indore,2019-04-18,26.9,33.2,20.6,0.0,0.0,0.0,43,6.46,0.321,0.279,0.295,29.1,28.7,22.71792,75.8333,ERA5,Asia/Kolkata,Open-Meteo Historical Weather API
MP-Indore,2019-04-19,28.4,35.0,21.1,0.0,0.0,0.0,40,7.03,0.296,0.276,0.293,30.5,29.2,22.71792,75.8333,ERA5,Asia/Kolkata,Open-Meteo Historical Weather API
MP-Indore,2019-04-20,29.4,36.3,21.9,0.0,0.0,0.0,35,7.16,0.278,0.274,0.291,31.4,30.0,22.71792,75.8333,ERA5,Asia/Kolkata,Open-Meteo Historical Weather API
MP-Indore,2019-04-21,30.4,37.3,23.2,0.0,0.0,0.0,30,7.13,0.266,0.271,0.288,32.4,30.8,22.71792,75.8333,ERA5,Asia/Kolkata,Open-Meteo Historical Weather API
MP-Indore,2019-04-22,31.5,38.4,23.4,0.0,0.0,0.0,28,6.71,0.259,0.27,0.287,33.3,31.6,22.71792,75.8333,ERA5,Asia/Kolkata,Open-Meteo Historical Weather API
MP-Indore,2019-04-23,33.1,40.0,25.6,0.0,0.0,0.0,26,7.49,0.253,0.27,0.286,34.0,32.4,22.71792,75.8333,ERA5,Asia/Kolkata,Open-Meteo Historical Weather API
MP-Indore,2019-04-24,34.3,40.9,27.1,0.0,0.0,0.0,25,8.07,0.251,0.269,0.285,35.4,33.3,22.71792,75.8333,ERA5,Asia/Kolkata,Open-Meteo Historical Weather API
MP-Indore,2019-04-25,34.8,41.0,28.8,0.0,0.0,0.0,26,9.51,0.249,0.27,0.285,36.0,34.1,22.71792,75.8333,ERA5,Asia/Kolkata,Open-Meteo Historical Weather API
MP-Indore,2019-04-26,35.2,41.7,28.8,0.0,0.0,0.0,26,9.88,0.245,0.269,0.284,36.4,34.4,22.71792,75.8333,ERA5,Asia/Kolkata,Open-Meteo Historical Weather API
MP-Indore,2019-04-27,35.5,42.4,28.3,0.0,0.0,0.0,23,9.86,0.244,0.268,0.283,36.9,34.8,22.71792,75.8333,ERA5,Asia/Kolkata,Open-Meteo Historical Weather API
MP-Indore,2019-04-28,35.4,42.4,28.2,0.0,0.0,0.0,19,10.56,0.243,0.268,0.282,36.8,35.1,22.71792,75.8333,ERA5,Asia/Kolkata,Open-Meteo Historical Weather API
MP-Indore,2019-04-29,35.0,42.3,27.5,0.0,0.0,0.0,20,10.4,0.244,0.267,0.281,36.4,35.0,22.71792,75.8333,ERA5,Asia/Kolkata,Open-Meteo Historical Weather API
MP-Indore,2019-04-30,33.8,40.5,27.1,0.0,0.0,0.0,24,9.88,0.24,0.266,0.28,36.0,34.7,22.71792,75.8333,ERA5,Asia/Kolkata,Open-Meteo Historical Weather API
MP-Indore,2019-05-01,32.5,38.7,26.5,0.0,0.0,0.0,30,9.38,0.239,0.265,0.279,35.4,34.2,22.71792,75.8333,ERA5,Asia/Kolkata,Open-Meteo Historical Weather API
MP-Indore,2019-05-02,32.4,39.0,26.4,0.0,0.0,0.0,30,9.14,0.239,0.266,0.28,35.1,33.9,22.71792,75.8333,ERA5,Asia/Kolkata,Open-Meteo Historical Weather API
MP-Indore,2019-05-03,32.7,38.5,27.1,0.0,0.0,0.0,30,9.38,0.239,0.268,0.282,35.3,34.0,22.71792,75.8333,ERA5,Asia/Kolkata,Open-Meteo Historical Weather API
MP-Indore,2019-05-04,31.7,37.2,26.8,0.0,0.0,0.0,33,7.77,0.239,0.269,0.283,34.9,33.9,22.71792,75.8333,ERA5,Asia/Kolkata,Open-Meteo Historical Weather API
MP-Indore,2019-05-05,31.1,36.7,24.7,0.0,0.0,0.0,38,7.13,0.24,0.27,0.284,34.1,33.6,22.71792,75.8333,ERA5,Asia/Kolkata,Open-Meteo Historical Weather API
MP-Indore,2019-05-06,33.2,39.0,27.2,0.0,0.0,0.0,32,8.47,0.243,0.271,0.284,35.2,33.7,22.71792,75.8333,ERA5,Asia/Kolkata,Open-Meteo Historical Weather API
MP-Indore,2019-05-07,33.8,39.6,28.2,0.0,0.0,0.0,26,10.0,0.242,0.272,0.285,35.7,34.3,22.71792,75.8333,ERA5,Asia/Kolkata,Open-Meteo Historical Weather API
MP-Indore,2019-05-08,32.5,38.6,26.6,0.0,0.0,0.0,28,9.86,0.241,0.272,0.285,35.0,34.2,22.71792,75.8333,ERA5,Asia/Kolkata,Open-Meteo Historical Weather API
MP-Indore,2019-05-09,31.9,38.5,25.0,0.0,0.0,0.0,34,9.08,0.241,0.272,0.285,34.7,33.8,22.71792,75.8333,ERA5,Asia/Kolkata,Open-Meteo Historical Weather API
MP-Indore,2019-05-10,31.2,37.1,25.7,0.0,0.0,0.0,38,8.29,0.24,0.272,0.285,34.3,33.6,22.71792,75.8333,ERA5,Asia/Kolkata,Open-Meteo Historical Weather API
MP-Indore,2019-05-11,31.5,37.5,24.6,0.0,0.0,0.0,35,8.47,0.241,0.273,0.287,34.4,33.4,22.71792,75.8333,ERA5,Asia/Kolkata,Open-Meteo Historical Weather API
MP-Indore,2019-05-12,32.1,38.6,26.2,0.2,0.2,1.0,36,8.08,0.244,0.274,0.288,34.8,33.7,22.71792,75.8333,ERA5,Asia/Kolkata,Open-Meteo Historical Weather API
MP-Indore,2019-05-13,32.2,38.2,26.6,0.3,0.3,1.0,36,8.03,0.249,0.273,0.288,34.6,33.8,22.71792,75.8333,ERA5,Asia/Kolkata,Open-Meteo Historical Weather API
MP-Indore,2019-05-14,32.5,39.0,26.1,0.0,0.0,0.0,33,8.67,0.25,0.274,0.289,34.6,33.6,22.71792,75.8333,ERA5,Asia/Kolkata,Open-Meteo Historical Weather API
MP-Indore,2019-05-15,32.3,39.1,26.3,0.0,0.0,0.0,36,8.09,0.246,0.273,0.289,34.9,33.8,22.71792,75.8333,ERA5,Asia/Kolkata,Open-Meteo Historical Weather API
MP-Indore,2019-05-16,31.9,37.9,25.7,0.0,0.0,0.0,39,8.2,0.25,0.273,0.289,34.7,33.8,22.71792,75.8333,ERA5,Asia/Kolkata,Open-Meteo Historical Weather API
MP-Indore,2019-05-17,32.3,39.0,26.3,0.0,0.0,0.0,37,8.71,0.246,0.273,0.288,34.8,33.8,22.71792,75.8333,ERA5,Asia/Kolkata,Open-Meteo Historical Weather API
MP-Indore,2019-05-18,32.0,37.6,26.9,0.0,0.0,0.0,36,8.89,0.247,0.272,0.288,34.6,33.7,22.71792,75.8333,ERA5,Asia/Kolkata,Open-Meteo Historical Weather API
MP-Indore,2019-05-19,32.6,38.1,26.7,0.3,0.3,1.0,35,8.24,0.246,0.271,0.288,34.8,33.6,22.71792,75.8333,ERA5,Asia/Kolkata,Open-Meteo Historical Weather API
MP-Indore,2019-05-20,33.9,39.9,26.9,0.0,0.0,0.0,33,7.87,0.243,0.27,0.286,35.8,34.1,22.71792,75.8333,ERA5,Asia/Kolkata,Open-Meteo Historical Weather API
MP-Indore,2019-05-21,35.2,41.1,29.0,0.0,0.0,0.0,30,9.01,0.242,0.268,0.285,37.1,35.1,22.71792,75.8333,ERA5,Asia/Kolkata,Open-Meteo Historical Weather API
MP-Indore,2019-05-22,34.8,40.5,28.5,0.0,0.0,0.0,32,9.5,0.239,0.267,0.284,37.0,35.5,22.71792,75.8333,ERA5,Asia/Kolkata,Open-Meteo Historical Weather API
MP-Indore,2019-05-23,34.6,40.0,28.7,0.0,0.0,0.0,34,9.15,0.237,0.266,0.283,37.1,35.5,22.71792,75.8333,ERA5,Asia/Kolkata,Open-Meteo Historical Weather API
MP-Indore,2019-05-24,34.2,39.5,29.0,0.0,0.0,0.0,33,9.81,0.233,0.264,0.281,37.0,35.6,22.71792,75.8333,ERA5,Asia/Kolkata,Open-Meteo Historical Weather API
MP-Indore,2019-05-25,34.1,39.4,28.6,0.0,0.0,0.0,35,8.69,0.233,0.265,0.281,36.9,35.5,22.71792,75.8333,ERA5,Asia/Kolkata,Open-Meteo Historical Weather API
MP-Indore,2019-05-26,34.9,40.4,29.4,0.0,0.0,0.0,33,9.17,0.234,0.265,0.281,37.4,35.7,22.71792,75.8333,ERA5,Asia/Kolkata,Open-Meteo Historical Weather API
MP-Indore,2019-05-27,34.9,40.7,28.8,0.0,0.0,0.0,34,9.21,0.234,0.265,0.281,37.5,36.0,22.71792,75.8333,ERA5,Asia/Kolkata,Open-Meteo Historical Weather API
MP-Indore,2019-05-28,35.5,40.9,29.9,0.0,0.0,0.0,30,9.38,0.235,0.265,0.281,37.9,36.2,22.71792,75.8333,ERA5,Asia/Kolkata,Open-Meteo Historical Weather API
MP-Indore,2019-05-29,36.0,42.1,29.8,0.0,0.0,0.0,30,8.79,0.235,0.266,0.281,38.0,36.5,22.71792,75.8333,ERA5,Asia/Kolkata,Open-Meteo Historical Weather API
MP-Indore,2019-05-30,35.3,41.2,30.1,0.0,0.0,0.0,33,8.16,0.234,0.267,0.282,37.7,36.6,22.71792,75.8333,ERA5,Asia/Kolkata,Open-Meteo Historical Weather API
MP-Indore,2019-05-31,35.5,41.2,29.4,0.0,0.0,0.0,32,8.86,0.234,0.266,0.282,37.7,36.4,22.71792,75.8333,ERA5,Asia/Kolkata,Open-Meteo Historical Weather API
MP-Indore,2019-06-01,34.6,40.4,28.3,0.0,0.0,0.0,39,8.78,0.234,0.267,0.282,37.3,36.3,22.71792,75.8333,ERA5,Asia/Kolkata,Open-Meteo Historical Weather API
MP-Indore,2019-06-02,34.7,40.9,28.6,0.0,0.0,0.0,44,8.18,0.234,0.267,0.282,37.5,36.3,22.71792,75.8333,ERA5,Asia/Kolkata,Open-Meteo Historical Weather API
MP-Indore,2019-06-03,35.2,41.4,29.8,0.0,0.0,0.0,40,9.48,0.236,0.268,0.283,37.5,36.4,22.71792,75.8333,ERA5,Asia/Kolkata,Open-Meteo Historical Weather API
MP-Indore,2019-06-04,34.6,40.9,28.7,0.2,0.2,1.0,44,9.22,0.236,0.268,0.283,37.3,36.2,22.71792,75.8333,ERA5,Asia/Kolkata,Open-Meteo Historical Weather API
MP-Indore,2019-06-05,35.3,41.5,29.4,0.0,0.0,0.0,39,9.17,0.236,0.269,0.284,37.7,36.4,22.71792,75.8333,ERA5,Asia/Kolkata,Open-Meteo Historical Weather API
MP-Indore,2019-06-06,35.9,41.6,30.3,0.2,0.2,1.0,36,9.16,0.236,0.27,0.285,37.9,36.6,22.71792,75.8333,ERA5,Asia/Kolkata,Open-Meteo Historical Weather API
MP-Indore,2019-06-07,35.8,42.1,30.2,0.0,0.0,0.0,38,8.98,0.236,0.269,0.285,37.9,36.7,22.71792,75.8333,ERA5,Asia/Kolkata,Open-Meteo Historical Weather API
MP-Indore,2019-06-08,35.7,41.8,30.3,0.0,0.0,0.0,38,9.24,0.236,0.27,0.285,38.0,36.8,22.71792,75.8333,ERA5,Asia/Kolkata,Open-Meteo Historical Weather API
MP-Indore,2019-06-09,35.7,42.1,29.7,0.0,0.0,0.0,37,8.91,0.235,0.268,0.284,38.0,36.9,22.71792,75.8333,ERA5,Asia/Kolkata,Open-Meteo Historical Weather API
MP-Indore,2019-06-10,34.6,41.3,28.7,0.0,0.0,0.0,39,8.85,0.235,0.268,0.284,37.5,36.9,22.71792,75.8333,ERA5,Asia/Kolkata,Open-Meteo Historical Weather API
MP-Indore,2019-06-11,35.4,42.4,29.3,0.0,0.0,0.0,37,7.97,0.236,0.269,0.284,38.1,36.7,22.71792,75.8333,ERA5,Asia/Kolkata,Open-Meteo Historical Weather API
MP-Indore,2019-06-12,35.2,40.7,30.0,0.1,0.1,1.0,44,6.89,0.241,0.268,0.284,38.5,37.3,22.71792,75.8333,ERA5,Asia/Kolkata,Open-Meteo Historical Weather API
MP-Indore,2019-06-13,32.2,37.2,26.6,0.0,0.0,0.0,55,6.7,0.256,0.269,0.285,36.5,36.6,22.71792,75.8333,ERA5,Asia/Kolkata,Open-Meteo Historical Weather API
MP-Indore,2019-06-14,32.8,38.1,28.4,0.7,0.7,1.0,49,6.5,0.257,0.269,0.285,36.6,35.9,22.71792,75.8333,ERA5,Asia/Kolkata,Open-Meteo Historical Weather API
MP-Indore,2019-06-15,32.1,37.3,27.9,0.0,0.0,0.0,52,7.62,0.256,0.268,0.283,35.9,35.6,22.71792,75.8333,ERA5,Asia/Kolkata,Open-Meteo Historical Weather API
MP-Indore,2019-06-16,31.2,36.6,26.7,0.1,0.1,1.0,57,7.04,0.257,0.267,0.282,34.6,34.8,22.71792,75.8333,ERA5,Asia/Kolkata,Open-Meteo Historical Weather API
MP-Indore,2019-06-17,30.8,35.9,26.5,0.0,0.0,0.0,58,7.18,0.256,0.268,0.283,34.2,34.1,22.71792,75.8333,ERA5,Asia/Kolkata,Open-Meteo Historical Weather API
MP-Indore,2019-06-18,30.5,35.3,26.8,0.1,0.1,1.0,59,6.12,0.256,0.269,0.284,33.8,33.7,22.71792,75.8333,ERA5,Asia/Kolkata,Open-Meteo Historical Weather API
MP-Indore,2019-06-19,28.1,32.5,24.0,5.1,5.1,9.0,71,4.35,0.303,0.27,0.285,31.4,32.6,22.71792,75.8333,ERA5,Asia/Kolkata,Open-Meteo Historical Weather API
MP-Indore,2019-06-20,29.4,34.4,26.0,1.3,1.3,4.0,66,5.43,0.313,0.271,0.285,32.1,32.0,22.71792,75.8333,ERA5,Asia/Kolkata,Open-Meteo Historical Weather API
MP-Indore,2019-06-21,30.7,36.3,27.2,2.0,2.0,3.0,60,6.06,0.311,0.27,0.284,33.4,32.4,22.71792,75.8333,ERA5,Asia/Kolkata,Open-Meteo Historical Weather API
MP-Indore,2019-06-22,30.5,36.6,26.9,2.6,2.6,5.0,64,5.46,0.323,0.27,0.283,32.9,32.7,22.71792,75.8333,ERA5,Asia/Kolkata,Open-Meteo Historical Weather API
MP-Indore,2019-06-23,29.8,36.2,25.8,0.5,0.5,3.0,66,5.99,0.321,0.272,0.284,32.7,32.5,22.71792,75.8333,ERA5,Asia/Kolkata,Open-Meteo Historical Weather API
MP-Indore,2019-06-24,29.7,35.2,26.0,3.8,3.8,6.0,67,4.8,0.328,0.272,0.284,31.7,32.4,22.71792,75.8333,ERA5,Asia/Kolkata,Open-Meteo Historical Weather API
MP-Indore,2019-06-25,29.0,33.8,24.0,4.4,4.4,9.0,72,5.17,0.384,0.272,0.283,31.5,31.7,22.71792,75.8333,ERA5,Asia/Kolkata,Open-Meteo Historical Weather API
MP-Indore,2019-06-26,29.3,33.5,26.7,6.9,6.9,7.0,72,4.97,0.39,0.275,0.281,31.7,31.7,22.71792,75.8333,ERA5,Asia/Kolkata,Open-Meteo Historical Weather API
MP-Indore,2019-06-27,28.0,32.4,25.4,7.3,7.3,14.0,78,3.59,0.432,0.29,0.281,30.2,30.9,22.71792,75.8333,ERA5,Asia/Kolkata,Open-Meteo Historical Weather API
MP-Indore,2019-06-28,28.0,32.0,25.4,1.6,1.6,4.0,75,3.96,0.421,0.301,0.28,29.8,30.1,22.71792,75.8333,ERA5,Asia/Kolkata,Open-Meteo Historical Weather API
MP-Indore,2019-06-29,26.7,30.5,23.8,12.2,12.2,5.0,82,3.22,0.431,0.314,0.279,29.0,29.7,22.71792,75.8333,ERA5,Asia/Kolkata,Open-Meteo Historical Weather API
MP-Indore,2019-06-30,25.1,29.0,22.9,14.0,14.0,18.0,89,1.71,0.479,0.37,0.28,26.9,28.5,22.71792,75.8333,ERA5,Asia/Kolkata,Open-Meteo Historical Weather API
MP-Indore,2019-07-01,26.4,30.9,22.5,5.7,5.7,11.0,83,2.66,0.471,0.4,0.281,27.1,27.8,22.71792,75.8333,ERA5,Asia/Kolkata,Open-Meteo Historical Weather API
MP-Indore,2019-07-02,27.5,31.6,24.7,4.8,4.8,9.0,80,3.58,0.463,0.408,0.281,28.3,28.2,22.71792,75.8333,ERA5,Asia/Kolkata,Open-Meteo Historical Weather API
MP-Indore,2019-07-03,24.8,26.5,23.5,32.4,32.4,24.0,92,1.23,0.504,0.469,0.285,26.5,27.8,22.71792,75.8333,ERA5,Asia/Kolkata,Open-Meteo Historical Weather API
MP-Indore,2019-07-04,24.3,25.4,23.4,47.0,47.0,24.0,95,0.98,0.512,0.508,0.317,25.6,26.7,22.71792,75.8333,ERA5,Asia/Kolkata,Open-Meteo Historical Weather API
MP-Indore,2019-07-05,24.2,25.3,23.6,17.0,17.0,19.0,95,0.88,0.506,0.504,0.357,25.2,26.2,22.71792,75.8333,ERA5,Asia/Kolkata,Open-Meteo Historical Weather API
MP-Indore,2019-07-06,23.9,24.7,23.0,30.8,30.8,24.0,96,0.78,0.511,0.51,0.384,24.8,25.7,22.71792,75.8333,ERA5,Asia/Kolkata,Open-Meteo Historical Weather API
MP-Indore,2019-07-07,24.9,27.2,22.8,10.2,10.2,17.0,92,1.44,0.508,0.506,0.412,25.3,25.7,22.71792,75.8333,ERA5,Asia/Kolkata,Open-Meteo Historical Weather API
MP-Indore,2019-07-08,26.6,29.6,23.8,13.3,13.3,15.0,86,2.29,0.502,0.505,0.43,26.4,26.0,22.71792,75.8333,ERA5,Asia/Kolkata,Open-Meteo Historical Weather API
MP-Indore,2019-07-09,27.5,30.5,24.7,1.4,1.4,7.0,80,4.04,0.484,0.488,0.436,27.6,26.7,22.71792,75.8333,ERA5,Asia/Kolkata,Open-Meteo Historical Weather API
MP-Indore,2019-07-10,27.8,31.6,24.4,0.7,0.7,5.0,78,3.99,0.471,0.477,0.436,27.8,27.2,22.71792,75.8333,ERA5,Asia/Kolkata,Open-Meteo Historical Weather API
MP-Indore,2019-07-11,28.1,31.6,24.9,0.7,0.7,4.0,75,4.36,0.454,0.466,0.435,28.1,27.4,22.71792,75.8333,ERA5,Asia/Kolkata,Open-Meteo Historical Weather API
MP-Indore,2019-07-12,28.1,32.1,24.7,1.0,1.0,6.0,74,4.25,0.445,0.457,0.433,28.2,27.5,22.71792,75.8333,ERA5,Asia/Kolkata,Open-Meteo Historical Weather API
MP-Indore,2019-07-13,28.1,31.8,24.5,0.5,0.5,5.0,72,4.93,0.433,0.447,0.429,28.2,27.5,22.71792,75.8333,ERA5,Asia/Kolkata,Open-Meteo Historical Weather API
MP-Indore,2019-07-14,28.3,32.1,24.6,0.6,0.6,3.0,71,5.08,0.421,0.435,0.425,28.4,27.6,22.71792,75.8333,ERA5,Asia/Kolkata,Open-Meteo Historical Weather API
MP-Indore,2019-07-15,28.3,32.0,25.0,0.3,0.3,2.0,69,4.89,0.406,0.423,0.42,28.4,27.6,22.71792,75.8333,ERA5,Asia/Kolkata,Open-Meteo Historical Weather API
MP-Indore,2019-07-16,28.7,32.9,24.8,0.2,0.2,2.0,68,4.93,0.389,0.41,0.414,28.6,27.6,22.71792,75.8333,ERA5,Asia/Kolkata,Open-Meteo Historical Weather API
MP-Indore,2019-07-17,29.0,33.0,25.0,0.0,0.0,0.0,67,5.11,0.373,0.396,0.408,29.0,27.8,22.71792,75.8333,ERA5,Asia/Kolkata,Open-Meteo Historical Weather API
MP-Indore,2019-07-18,29.0,33.7,25.0,1.1,1.1,6.0,70,4.8,0.362,0.383,0.402,29.3,28.1,22.71792,75.8333,ERA5,Asia/Kolkata,Open-Meteo Historical Weather API
MP-Indore,2019-07-19,28.4,32.3,24.7,0.4,0.4,2.0,72,4.97,0.352,0.373,0.397,29.5,28.6,22.71792,75.8333,ERA5,Asia/Kolkata,Open-Meteo Historical Weather API
MP-Indore,2019-07-20,28.6,32.3,25.4,23.1,23.1,11.0,77,3.85,0.402,0.381,0.394,29.0,28.8,22.71792,75.8333,ERA5,Asia/Kolkata,Open-Meteo Historical Weather API
MP-Indore,2019-07-21,28.1,32.7,25.9,6.0,6.0,8.0,82,3.93,0.479,0.418,0.393,29.5,28.8,22.71792,75.8333,ERA5,Asia/Kolkata,Open-Meteo Historical Weather API
MP-Indore,2019-07-22,29.6,33.7,25.6,2.2,2.2,7.0,75,4.98,0.458,0.422,0.391,30.2,29.0,22.71792,75.8333,ERA5,Asia/Kolkata,Open-Meteo Historical Weather API
MP-Indore,2019-07-23,30.5,34.6,26.6,0.3,0.3,2.0,71,5.18,0.434,0.413,0.386,31.0,29.5,22.71792,75.8333,ERA5,Asia/Kolkata,Open-Meteo Historical Weather API
MP-Indore,2019-07-24,29.8,34.2,27.1,1.4,1.4,7.0,75,4.73,0.414,0.403,0.382,30.6,29.7,22.71792,75.8333,ERA5,Asia/Kolkata,Open-Meteo Historical Weather API
MP-Indore,2019-07-25,26.8,28.8,25.0,6.4,6.4,11.0,85,2.87,0.442,0.402,0.379,28.6,29.1,22.71792,75.8333,ERA5,Asia/Kolkata,Open-Meteo Historical Weather API
MP-Indore,2019-07-26,25.5,27.0,24.4,13.6,13.6,22.0,88,2.19,0.488,0.429,0.378,27.0,27.6,22.71792,75.8333,ERA5,Asia/Kolkata,Open-Meteo Historical Weather API
MP-Indore,2019-07-27,24.9,26.9,23.6,22.8,22.8,23.0,92,1.49,0.512,0.505,0.394,26.0,26.6,22.71792,75.8333,ERA5,Asia/Kolkata,Open-Meteo Historical Weather API
MP-Indore,2019-07-28,24.0,24.9,23.1,23.9,23.9,19.0,96,1.27,0.509,0.511,0.422,25.2,26.0,22.71792,75.8333,ERA5,Asia/Kolkata,Open-Meteo Historical Weather API
MP-Indore,2019-07-29,25.2,28.1,23.1,7.0,7.0,11.0,90,2.65,0.498,0.498,0.437,26.1,26.0,22.71792,75.8333,ERA5,Asia/Kolkata,Open-Meteo Historical Weather API
MP-Indore,2019-07-30,24.0,25.2,23.3,8.7,8.7,22.0,96,0.79,0.505,0.503,0.445,25.3,26.1,22.71792,75.8333,ERA5,Asia/Kolkata,Open-Meteo Historical Weather API
MP-Indore,2019-07-31,23.5,24.4,22.6,5.5,5.5,16.0,96,0.82,0.503,0.502,0.454,24.6,25.5,22.71792,75.8333,ERA5,Asia/Kolkata,Open-Meteo Historical Weather API
MP-Indore,2019-08-01,24.2,25.6,23.1,9.0,9.0,16.0,95,1.21,0.507,0.506,0.461,25.0,25.2,22.71792,75.8333,ERA5,Asia/Kolkata,Open-Meteo Historical Weather API
MP-Indore,2019-08-02,24.9,26.9,23.3,8.0,8.0,17.0,93,1.33,0.502,0.503,0.469,25.2,25.3,22.71792,75.8333,ERA5,Asia/Kolkata,Open-Meteo Historical Weather API
MP-Indore,2019-08-03,24.8,26.6,23.5,19.9,19.9,18.0,97,1.02,0.507,0.509,0.48,25.3,25.3,22.71792,75.8333,ERA5,Asia/Kolkata,Open-Meteo Historical Weather API
MP-Indore,2019-08-04,25.5,29.1,23.4,7.7,7.7,16.0,93,2.45,0.504,0.509,0.494,26.3,25.7,22.71792,75.8333,ERA5,Asia/Kolkata,Open-Meteo Historical Weather API
MP-Indore,2019-08-05,25.0,26.6,23.7,20.3,20.3,18.0,93,1.67,0.501,0.506,0.496,25.9,26.1,22.71792,75.8333,ERA5,Asia/Kolkata,Open-Meteo Historical Weather API
MP-Indore,2019-08-06,25.9,28.8,23.6,8.3,8.3,11.0,89,2.11,0.502,0.51,0.505,26.1,25.8,22.71792,75.8333,ERA5,Asia/Kolkata,Open-Meteo Historical Weather API
MP-Indore,2019-08-07,24.4,24.9,23.8,47.2,47.2,24.0,95,0.67,0.509,0.51,0.51,25.1,25.6,22.71792,75.8333,ERA5,Asia/Kolkata,Open-Meteo Historical Weather API
MP-Indore,2019-08-08,23.9,24.5,23.3,61.8,61.8,24.0,98,0.84,0.511,0.51,0.518,24.8,25.1,22.71792,75.8333,ERA5,Asia/Kolkata,Open-Meteo Historical Weather API
MP-Indore,2019-08-09,23.6,24.7,23.0,63.2,63.2,23.0,98,1.37,0.509,0.508,0.517,24.7,25.1,22.71792,75.8333,ERA5,Asia/Kolkata,Open-Meteo Historical Weather API
MP-Indore,2019-08-10,25.1,28.1,22.7,1.1,1.1,7.0,88,3.26,0.492,0.495,0.512,25.5,25.3,22.71792,75.8333,ERA5,Asia/Kolkata,Open-Meteo Historical Weather API
MP-Indore,2019-08-11,24.9,27.9,23.0,0.7,0.7,6.0,88,2.34,0.479,0.48,0.507,25.4,25.6,22.71792,75.8333,ERA5,Asia/Kolkata,Open-Meteo Historical Weather API
MP-Indore,2019-08-12,25.3,27.9,23.1,0.9,0.9,6.0,86,2.98,0.473,0.472,0.503,25.8,25.6,22.71792,75.8333,ERA5,Asia/Kolkata,Open-Meteo Historical Weather API
MP-Indore,2019-08-13,25.7,28.6,23.1,4.9,4.9,13.0,86,3.03,0.474,0.466,0.499,26.1,25.8,22.71792,75.8333,ERA5,Asia/Kolkata,Open-Meteo Historical Weather API
MP-Indore,2019-08-14,24.4,25.0,23.7,23.3,23.3,22.0,94,1.06,0.508,0.499,0.5,25.2,25.6,22.71792,75.8333,ERA5,Asia/Kolkata,Open-Meteo Historical Weather API
MP-Indore,2019-08-15,23.4,24.0,22.7,28.0,28.0,20.0,96,0.84,0.508,0.509,0.515,24.2,24.9,22.71792,75.8333,ERA5,Asia/Kolkata,Open-Meteo Historical Weather API
MP-Indore,2019-08-16,24.6,27.3,22.8,4.8,4.8,15.0,91,2.78,0.497,0.494,0.512,25.0,24.9,22.71792,75.8333,ERA5,Asia/Kolkata,Open-Meteo Historical Weather API
MP-Indore,2019-08-17,25.2,28.6,22.9,0.7,0.7,5.0,85,3.22,0.483,0.482,0.508,25.6,25.3,22.71792,75.8333,ERA5,Asia/Kolkata,Open-Meteo Historical Weather API
MP-Indore,2019-08-18,24.6,27.4,22.8,3.8,3.8,15.0,88,1.95,0.479,0.474,0.504,25.1,25.4,22.71792,75.8333,ERA5,Asia/Kolkata,Open-Meteo Historical Weather API
MP-Indore,2019-08-19,25.3,28.2,22.9,11.0,11.0,11.0,88,2.3,0.497,0.486,0.501,25.4,25.1,22.71792,75.8333,ERA5,Asia/Kolkata,Open-Meteo Historical Weather API
MP-Indore,2019-08-20,26.0,28.8,23.5,2.6,2.6,2.0,84,3.25,0.487,0.491,0.5,26.1,25.5,22.71792,75.8333,ERA5,Asia/Kolkata,Open-Meteo Historical Weather API
MP-Indore,2019-08-21,25.9,29.7,23.5,0.5,0.5,2.0,83,3.46,0.476,0.482,0.498,26.3,25.9,22.71792,75.8333,ERA5,Asia/Kolkata,Open-Meteo Historical Weather API
MP-Indore,2019-08-22,26.2,29.8,22.9,1.0,1.0,4.0,81,4.1,0.465,0.472,0.496,26.4,26.1,22.71792,75.8333,ERA5,Asia/Kolkata,Open-Meteo Historical Weather API
MP-Indore,2019-08-23,25.7,29.2,23.1,0.8,0.8,2.0,83,3.48,0.461,0.464,0.493,26.2,26.1,22.71792,75.8333,ERA5,Asia/Kolkata,Open-Meteo Historical Weather API
MP-Indore,2019-08-24,24.9,27.2,23.8,11.0,11.0,12.0,87,2.07,0.475,0.464,0.491,25.6,25.9,22.71792,75.8333,ERA5,Asia/Kolkata,Open-Meteo Historical Weather API
MP-Indore,2019-08-25,24.0,25.0,23.2,33.3,33.3,24.0,91,1.08,0.507,0.511,0.499,24.6,25.1,22.71792,75.8333,ERA5,Asia/Kolkata,Open-Meteo Historical Weather API
MP-Indore,2019-08-26,23.4,24.6,22.8,48.9,48.9,24.0,95,0.77,0.514,0.503,0.517,24.2,24.5,22.71792,75.8333,ERA5,Asia/Kolkata,Open-Meteo Historical Weather API
MP-Indore,2019-08-27,23.2,24.8,22.3,10.4,10.4,16.0,97,0.77,0.508,0.509,0.516,24.0,24.2,22.71792,75.8333,ERA5,Asia/Kolkata,Open-Meteo Historical Weather API
MP-Indore,2019-08-28,23.4,25.3,22.0,9.5,9.5,20.0,95,0.92,0.506,0.505,0.514,23.8,23.9,22.71792,75.8333,ERA5,Asia/Kolkata,Open-Meteo Historical Weather API
MP-Indore,2019-08-29,25.9,29.6,23.2,2.0,2.0,9.0,85,2.81,0.495,0.499,0.512,25.5,24.5,22.71792,75.8333,ERA5,Asia/Kolkata,Open-Meteo Historical Weather API
MP-Indore,2019-08-30,26.2,28.7,23.8,9.8,9.8,11.0,85,2.98,0.493,0.489,0.507,26.3,25.5,22.71792,75.8333,ERA5,Asia/Kolkata,Open-Meteo Historical Weather API
MP-Indore,2019-08-31,26.2,29.4,23.8,11.6,11.6,17.0,88,2.39,0.505,0.506,0.503,26.5,25.7,22.71792,75.8333,ERA5,Asia/Kolkata,Open-Meteo Historical Weather API
MP-Indore,2019-09-01,26.4,30.7,23.8,16.2,16.2,12.0,86,2.87,0.498,0.506,0.503,26.7,25.9,22.71792,75.8333,ERA5,Asia/Kolkata,Open-Meteo Historical Weather API
MP-Indore,2019-09-02,26.4,29.8,23.9,1.4,1.4,5.0,85,2.77,0.495,0.505,0.504,26.6,25.9,22.71792,75.8333,ERA5,Asia/Kolkata,Open-Meteo Historical Weather API
MP-Indore,2019-09-03,25.7,27.7,24.3,5.5,5.5,16.0,89,1.88,0.493,0.494,0.5,26.2,25.9,22.71792,75.8333,ERA5,Asia/Kolkata,Open-Meteo Historical Weather API
MP-Indore,2019-09-04,25.8,29.0,23.9,15.9,15.9,17.0,90,1.88,0.503,0.502,0.498,26.3,25.7,22.71792,75.8333,ERA5,Asia/Kolkata,Open-Meteo Historical Weather API
MP-Indore,2019-09-05,25.8,29.8,23.4,23.8,23.8,16.0,90,2.08,0.503,0.512,0.511,26.3,25.8,22.71792,75.8333,ERA5,Asia/Kolkata,Open-Meteo Historical Weather API
MP-Indore,2019-09-06,26.1,29.4,24.5,7.2,7.2,7.0,90,2.11,0.502,0.503,0.511,26.8,26.0,22.71792,75.8333,ERA5,Asia/Kolkata,Open-Meteo Historical Weather API
MP-Indore,2019-09-07,26.9,30.4,24.4,1.0,1.0,6.0,86,2.53,0.493,0.5,0.505,26.8,26.0,22.71792,75.8333,ERA5,Asia/Kolkata,Open-Meteo Historical Weather API
MP-Indore,2019-09-08,25.3,28.1,24.1,15.4,15.4,22.0,92,1.43,0.51,0.506,0.499,26.1,26.0,22.71792,75.8333,ERA5,Asia/Kolkata,Open-Meteo Historical Weather API
MP-Indore,2019-09-09,24.9,26.3,24.0,28.8,28.8,24.0,96,1.1,0.511,0.511,0.508,25.5,25.6,22.71792,75.8333,ERA5,Asia/Kolkata,Open-Meteo Historical Weather API
MP-Indore,2019-09-10,23.9,24.6,23.1,50.3,50.3,24.0,98,0.58,0.506,0.512,0.496,24.9,25.1,22.71792,75.8333,ERA5,Asia/Kolkata,Open-Meteo Historical Weather API
MP-Indore,2019-09-11,24.3,25.8,23.3,11.8,11.8,15.0,96,0.99,0.505,0.511,0.486,25.0,24.9,22.71792,75.8333,ERA5,Asia/Kolkata,Open-Meteo Historical Weather API
MP-Indore,2019-09-12,23.9,24.7,22.9,25.5,25.5,19.0,96,0.88,0.504,0.507,0.483,24.6,24.9,22.71792,75.8333,ERA5,Asia/Kolkata,Open-Meteo Historical Weather API
MP-Indore,2019-09-13,23.0,23.6,22.5,96.8,96.8,24.0,96,0.61,0.513,0.516,0.495,23.8,24.4,22.71792,75.8333,ERA5,Asia/Kolkata,Open-Meteo Historical Weather API
MP-Indore,2019-09-14,23.6,24.5,21.9,90.2,90.2,24.0,97,0.55,0.511,0.515,0.501,23.9,24.2,22.71792,75.8333,ERA5,Asia/Kolkata,Open-Meteo Historical Weather API
MP-Indore,2019-09-15,23.9,25.4,22.5,63.2,63.2,19.0,96,0.89,0.505,0.507,0.492,24.0,24.2,22.71792,75.8333,ERA5,Asia/Kolkata,Open-Meteo Historical Weather API
MP-Indore,2019-09-16,25.1,27.1,23.9,5.5,5.5,9.0,91,1.73,0.499,0.501,0.475,25.1,24.5,22.71792,75.8333,ERA5,Asia/Kolkata,Open-Meteo Historical Weather API
MP-Indore,2019-09-17,25.8,29.2,23.7,1.7,1.7,11.0,87,2.47,0.49,0.495,0.468,25.7,25.0,22.71792,75.8333,ERA5,Asia/Kolkata,Open-Meteo Historical Weather API
MP-Indore,2019-09-18,25.9,29.7,23.9,2.6,2.6,10.0,86,3.05,0.491,0.488,0.461,26.2,25.6,22.71792,75.8333,ERA5,Asia/Kolkata,Open-Meteo Historical Weather API
MP-Indore,2019-09-19,25.6,29.0,23.3,18.3,18.3,21.0,86,3.12,0.502,0.499,0.456,26.5,25.9,22.71792,75.8333,ERA5,Asia/Kolkata,Open-Meteo Historical Weather API
MP-Indore,2019-09-20,25.3,28.8,23.2,9.4,9.4,15.0,89,2.89,0.503,0.503,0.461,26.3,26.0,22.71792,75.8333,ERA5,Asia/Kolkata,Open-Meteo Historical Weather API
MP-Indore,2019-09-21,24.9,28.2,23.3,14.3,14.3,9.0,89,2.42,0.499,0.507,0.47,26.1,25.9,22.71792,75.8333,ERA5,Asia/Kolkata,Open-Meteo Historical Weather API
MP-Indore,2019-09-22,25.7,29.3,22.6,12.7,12.7,11.0,87,3.43,0.498,0.507,0.478,26.6,26.0,22.71792,75.8333,ERA5,Asia/Kolkata,Open-Meteo Historical Weather API
MP-Indore,2019-09-23,25.3,27.7,23.3,12.8,12.8,12.0,88,2.29,0.501,0.508,0.484,26.4,26.0,22.71792,75.8333,ERA5,Asia/Kolkata,Open-Meteo Historical Weather API
MP-Indore,2019-09-24,25.8,29.2,22.6,9.8,9.8,8.0,85,3.1,0.496,0.502,0.487,26.4,25.8,22.71792,75.8333,ERA5,Asia/Kolkata,Open-Meteo Historical Weather API
MP-Indore,2019-09-25,25.5,28.5,23.1,12.1,12.1,14.0,87,2.63,0.497,0.504,0.487,26.4,25.9,22.71792,75.8333,ERA5,Asia/Kolkata,Open-Meteo Historical Weather API
MP-Indore,2019-09-26,24.9,27.6,22.8,12.0,12.0,21.0,91,2.09,0.505,0.508,0.491,25.9,25.6,22.71792,75.8333,ERA5,Asia/Kolkata,Open-Meteo Historical Weather API
MP-Indore,2019-09-27,24.4,27.2,22.7,17.4,17.4,24.0,92,1.96,0.507,0.513,0.499,25.5,25.5,22.71792,75.8333,ERA5,Asia/Kolkata,Open-Meteo Historical Weather API
MP-Indore,2019-09-28,24.4,27.4,22.4,8.9,8.9,17.0,88,2.69,0.502,0.509,0.507,25.3,25.2,22.71792,75.8333,ERA5,Asia/Kolkata,Open-Meteo Historical Weather API
MP-Indore,2019-09-29,24.8,28.7,22.1,1.6,1.6,5.0,85,3.07,0.494,0.501,0.507,25.6,25.2,22.71792,75.8333,ERA5,Asia/Kolkata,Open-Meteo Historical Weather API
MP-Indore,2019-09-30,25.1,29.3,21.8,2.4,2.4,6.0,84,3.22,0.489,0.49,0.504,25.7,25.3,22.71792,75.8333,ERA5,Asia/Kolkata,Open-Meteo Historical Weather API
MP-Indore,2019-10-01,24.0,27.8,22.2,4.2,4.2,10.0,88,1.88,0.494,0.488,0.5,24.6,24.9,22.71792,75.8333,ERA5,Asia/Kolkata,Open-Meteo Historical Weather API
MP-Indore,2019-10-02,25.1,29.7,22.3,0.9,0.9,5.0,86,3.32,0.486,0.486,0.495,25.6,24.9,22.71792,75.8333,ERA5,Asia/Kolkata,Open-Meteo Historical Weather API
MP-Indore,2019-10-03,25.6,29.4,22.5,0.4,0.4,1.0,82,3.33,0.472,0.479,0.489,26.3,25.4,22.71792,75.8333,ERA5,Asia/Kolkata,Open-Meteo Historical Weather API
MP-Indore,2019-10-04,25.6,29.5,22.3,0.6,0.6,4.0,80,3.86,0.46,0.47,0.483,26.7,25.8,22.71792,75.8333,ERA5,Asia/Kolkata,Open-Meteo Historical Weather API
MP-Indore,2019-10-05,25.2,29.5,22.3,5.3,5.3,9.0,81,3.47,0.472,0.467,0.478,26.4,26.0,22.71792,75.8333,ERA5,Asia/Kolkata,Open-Meteo Historical Weather API
MP-Indore,2019-10-06,24.8,29.2,21.6,5.3,5.3,9.0,83,3.52,0.487,0.476,0.474,26.2,25.9,22.71792,75.8333,ERA5,Asia/Kolkata,Open-Meteo Historical Weather API
MP-Indore,2019-10-07,25.3,29.6,22.0,3.4,3.4,7.0,82,3.59,0.488,0.482,0.47,26.5,26.0,22.71792,75.8333,ERA5,Asia/Kolkata,Open-Meteo Historical Weather API
MP-Indore,2019-10-08,25.8,30.1,22.0,0.6,0.6,1.0,77,3.91,0.479,0.483,0.467,26.6,26.0,22.71792,75.8333,ERA5,Asia/Kolkata,Open-Meteo Historical Weather API
MP-Indore,2019-10-09,26.0,30.6,22.1,0.5,0.5,3.0,74,4.25,0.462,0.473,0.463,26.7,26.0,22.71792,75.8333,ERA5,Asia/Kolkata,Open-Meteo Historical Weather API
MP-Indore,2019-10-10,25.9,30.6,21.7,0.6,0.6,2.0,76,4.01,0.45,0.463,0.459,26.8,26.1,22.71792,75.8333,ERA5,Asia/Kolkata,Open-Meteo Historical Weather API
MP-Indore,2019-10-11,25.4,30.4,21.1,0.3,0.3,2.0,73,3.98,0.44,0.454,0.454,26.3,26.0,22.71792,75.8333,ERA5,Asia/Kolkata,Open-Meteo Historical Weather API
MP-Indore,2019-10-12,24.6,31.0,20.0,0.0,0.0,0.0,65,4.62,0.427,0.445,0.45,25.4,25.5,22.71792,75.8333,ERA5,Asia/Kolkata,Open-Meteo Historical Weather API
MP-Indore,2019-10-13,24.2,31.2,17.7,0.0,0.0,0.0,62,4.9,0.409,0.432,0.446,24.7,24.8,22.71792,75.8333,ERA5,Asia/Kolkata,Open-Meteo Historical Weather API
MP-Indore,2019-10-14,25.8,31.9,19.0,0.0,0.0,0.0,60,4.2,0.394,0.421,0.441,25.0,24.9,22.71792,75.8333,ERA5,Asia/Kolkata,Open-Meteo Historical Weather API
MP-Indore,2019-10-15,25.5,31.9,20.7,0.0,0.0,0.0,62,4.65,0.381,0.411,0.435,25.3,25.1,22.71792,75.8333,ERA5,Asia/Kolkata,Open-Meteo Historical Weather API
MP-Indore,2019-10-16,25.1,31.5,20.4,0.0,0.0,0.0,63,4.65,0.364,0.397,0.427,25.3,25.2,22.71792,75.8333,ERA5,Asia/Kolkata,Open-Meteo Historical Weather API
MP-Indore,2019-10-17,24.8,30.8,20.0,0.0,0.0,0.0,66,4.47,0.347,0.383,0.419,25.5,25.2,22.71792,75.8333,ERA5,Asia/Kolkata,Open-Meteo Historical Weather API
MP-Indore,2019-10-18,24.7,29.9,19.7,0.1,0.1,1.0,71,3.75,0.336,0.373,0.412,25.2,25.1,22.71792,75.8333,ERA5,Asia/Kolkata,Open-Meteo Historical Weather API
MP-Indore,2019-10-19,24.4,27.6,22.2,5.0,5.0,6.0,78,2.77,0.35,0.366,0.407,25.4,25.2,22.71792,75.8333,ERA5,Asia/Kolkata,Open-Meteo Historical Weather API
MP-Indore,2019-10-20,23.6,26.3,21.2,0.0,0.0,0.0,81,2.81,0.379,0.365,0.405,25.1,25.0,22.71792,75.8333,ERA5,Asia/Kolkata,Open-Meteo Historical Weather API
MP-Indore,2019-10-21,23.8,27.9,20.8,0.0,0.0,0.0,78,2.67,0.367,0.362,0.403,24.9,24.6,22.71792,75.8333,ERA5,Asia/Kolkata,Open-Meteo Historical Weather API
MP-Indore,2019-10-22,23.4,27.4,20.9,1.1,1.1,2.0,79,2.96,0.363,0.359,0.399,24.6,24.6,22.71792,75.8333,ERA5,Asia/Kolkata,Open-Meteo Historical Weather API
MP-Indore,2019-10-23,21.6,24.0,19.7,3.0,3.0,7.0,78,2.13,0.396,0.357,0.397,23.2,24.0,22.71792,75.8333,ERA5,Asia/Kolkata,Open-Meteo Historical Weather API
MP-Indore,2019-10-24,22.3,27.5,18.7,0.0,0.0,0.0,73,3.24,0.386,0.355,0.395,23.2,23.4,22.71792,75.8333,ERA5,Asia/Kolkata,Open-Meteo Historical Weather API
MP-Indore,2019-10-25,22.9,28.0,18.3,0.0,0.0,0.0,68,3.5,0.375,0.35,0.391,23.2,23.4,22.71792,75.8333,ERA5,Asia/Kolkata,Open-Meteo Historical Weather API
MP-Indore,2019-10-26,22.7,25.9,20.6,5.0,5.0,7.0,76,2.6,0.386,0.348,0.389,23.3,23.6,22.71792,75.8333,ERA5,Asia/Kolkata,Open-Meteo Historical Weather API
MP-Indore,2019-10-27,21.9,23.8,20.4,17.0,17.0,21.0,90,1.04,0.464,0.367,0.387,22.9,23.4,22.71792,75.8333,ERA5,Asia/Kolkata,Open-Meteo Historical Weather API
MP-Indore,2019-10-28,23.3,27.7,20.3,11.2,11.2,11.0,87,2.21,0.477,0.413,0.387,23.8,23.3,22.71792,75.8333,ERA5,Asia/Kolkata,Open-Meteo Historical Weather API
MP-Indore,2019-10-29,24.6,29.9,21.1,5.4,5.4,9.0,84,3.17,0.483,0.446,0.386,25.2,24.1,22.71792,75.8333,ERA5,Asia/Kolkata,Open-Meteo Historical Weather API
MP-Indore,2019-10-30,24.9,29.9,20.8,2.4,2.4,3.0,81,3.48,0.474,0.457,0.385,25.8,24.8,22.71792,75.8333,ERA5,Asia/Kolkata,Open-Meteo Historical Weather API
MP-Indore,2019-10-31,25.0,29.8,21.9,1.9,1.9,3.0,81,3.53,0.462,0.451,0.383,25.9,25.1,22.71792,75.8333,ERA5,Asia/Kolkata,Open-Meteo Historical Weather API
MP-Indore,2019-11-01,24.8,29.3,21.7,0.0,0.0,0.0,78,3.43,0.452,0.445,0.382,25.6,25.2,22.71792,75.8333,ERA5,Asia/Kolkata,Open-Meteo Historical Weather API
MP-Indore,2019-11-02,22.9,25.1,21.5,4.9,4.9,9.0,89,1.07,0.459,0.442,0.381,23.8,24.4,22.71792,75.8333,ERA5,Asia/Kolkata,Open-Meteo Historical Weather API
MP-Indore,2019-11-03,23.4,25.9,20.8,1.8,1.8,6.0,87,1.66,0.472,0.448,0.381,24.1,23.8,22.71792,75.8333,ERA5,Asia/Kolkata,Open-Meteo Historical Weather API
MP-Indore,2019-11-04,24.4,29.7,20.7,0.0,0.0,0.0,80,3.35,0.459,0.447,0.381,25.1,24.2,22.71792,75.8333,ERA5,Asia/Kolkata,Open-Meteo Historical Weather API
MP-Indore,2019-11-05,24.2,29.2,20.4,0.1,0.1,1.0,78,3.28,0.441,0.439,0.379,25.1,24.5,22.71792,75.8333,ERA5,Asia/Kolkata,Open-Meteo Historical Weather API
MP-Indore,2019-11-06,23.9,29.0,20.1,2.3,2.3,3.0,81,3.04,0.437,0.432,0.378,25.0,24.6,22.71792,75.8333,ERA5,Asia/Kolkata,Open-Meteo Historical Weather API
MP-Indore,2019-11-07,23.7,27.9,20.2,0.9,0.9,3.0,79,3.15,0.451,0.43,0.377,25.0,24.6,22.71792,75.8333,ERA5,Asia/Kolkata,Open-Meteo Historical Weather API
MP-Indore,2019-11-08,23.8,28.6,20.4,6.0,6.0,6.0,82,2.9,0.471,0.44,0.376,25.2,24.6,22.71792,75.8333,ERA5,Asia/Kolkata,Open-Meteo Historical Weather API
MP-Indore,2019-11-09,23.6,28.2,20.4,0.0,0.0,0.0,76,3.22,0.451,0.44,0.375,24.7,24.6,22.71792,75.8333,ERA5,Asia/Kolkata,Open-Meteo Historical Weather API
MP-Indore,2019-11-10,23.3,28.4,19.4,0.0,0.0,0.0,72,3.33,0.432,0.433,0.374,24.0,24.2,22.71792,75.8333,ERA5,Asia/Kolkata,Open-Meteo Historical Weather API
MP-Indore,2019-11-11,23.4,29.1,18.7,0.0,0.0,0.0,71,3.66,0.416,0.425,0.373,24.0,24.0,22.71792,75.8333,ERA5,Asia/Kolkata,Open-Meteo Historical Weather API
MP-Indore,2019-11-12,23.5,28.0,19.9,0.0,0.0,0.0,73,3.22,0.402,0.416,0.371,23.7,23.9,22.71792,75.8333,ERA5,Asia/Kolkata,Open-Meteo Historical Weather API
MP-Indore,2019-11-13,23.3,28.6,18.9,0.0,0.0,0.0,70,3.56,0.391,0.408,0.37,23.4,23.7,22.71792,75.8333,ERA5,Asia/Kolkata,Open-Meteo Historical Weather API
MP-Indore,2019-11-14,22.2,28.2,17.8,0.0,0.0,0.0,69,3.85,0.379,0.399,0.367,22.8,23.4,22.71792,75.8333,ERA5,Asia/Kolkata,Open-Meteo Historical Weather API
MP-Indore,2019-11-15,21.3,27.2,15.9,0.0,0.0,0.0,67,3.71,0.367,0.391,0.365,22.1,22.8,22.71792,75.8333,ERA5,Asia/Kolkata,Open-Meteo Historical Weather API
MP-Indore,2019-11-16,21.9,28.1,16.6,0.0,0.0,0.0,66,3.51,0.36,0.384,0.364,22.0,22.6,22.71792,75.8333,ERA5,Asia/Kolkata,Open-Meteo Historical Weather API
MP-Indore,2019-11-17,21.2,27.9,16.4,0.0,0.0,0.0,68,3.71,0.349,0.376,0.363,22.2,22.7,22.71792,75.8333,ERA5,Asia/Kolkata,Open-Meteo Historical Weather API
MP-Indore,2019-11-18,21.1,27.6,14.9,0.0,0.0,0.0,66,3.61,0.341,0.369,0.361,21.8,22.5,22.71792,75.8333,ERA5,Asia/Kolkata,Open-Meteo Historical Weather API
MP-Indore,2019-11-19,21.1,27.8,15.9,0.0,0.0,0.0,73,3.45,0.335,0.365,0.361,22.0,22.5,22.71792,75.8333,ERA5,Asia/Kolkata,Open-Meteo Historical Weather API
MP-Indore,2019-11-20,21.0,26.4,16.8,0.0,0.0,0.0,70,3.29,0.33,0.361,0.362,21.6,22.5,22.71792,75.8333,ERA5,Asia/Kolkata,Open-Meteo Historical Weather API
MP-Indore,2019-11-21,21.1,27.7,15.2,0.0,0.0,0.0,69,3.51,0.329,0.358,0.361,21.4,22.2,22.71792,75.8333,ERA5,Asia/Kolkata,Open-Meteo Historical Weather API
MP-Indore,2019-11-22,21.5,28.1,15.7,0.0,0.0,0.0,69,3.53,0.322,0.354,0.361,21.8,22.2,22.71792,75.8333,ERA5,Asia/Kolkata,Open-Meteo Historical Weather API
MP-Indore,2019-11-23,22.1,27.9,17.8,0.0,0.0,0.0,65,3.43,0.32,0.35,0.361,21.8,22.4,22.71792,75.8333,ERA5,Asia/Kolkata,Open-Meteo Historical Weather API
MP-Indore,2019-11-24,22.0,28.1,16.9,0.0,0.0,0.0,69,3.34,0.314,0.346,0.36,22.2,22.5,22.71792,75.8333,ERA5,Asia/Kolkata,Open-Meteo Historical Weather API
MP-Indore,2019-11-25,21.8,27.4,17.1,0.0,0.0,0.0,70,3.46,0.31,0.342,0.359,22.5,22.7,22.71792,75.8333,ERA5,Asia/Kolkata,Open-Meteo Historical Weather API
MP-Indore,2019-11-26,21.8,27.3,17.0,0.0,0.0,0.0,70,3.24,0.308,0.337,0.357,22.4,22.8,22.71792,75.8333,ERA5,Asia/Kolkata,Open-Meteo Historical Weather API
MP-Indore,2019-11-27,22.1,28.4,16.9,0.0,0.0,0.0,71,3.22,0.303,0.334,0.356,22.4,22.7,22.71792,75.8333,ERA5,Asia/Kolkata,Open-Meteo Historical Weather API
MP-Indore,2019-11-28,22.4,28.7,17.2,0.0,0.0,0.0,69,3.52,0.301,0.331,0.356,22.7,22.8,22.71792,75.8333,ERA5,Asia/Kolkata,Open-Meteo Historical Weather API
MP-Indore,2019-11-29,22.4,28.3,17.8,0.0,0.0,0.0,64,3.39,0.297,0.329,0.356,22.3,22.8,22.71792,75.8333,ERA5,Asia/Kolkata,Open-Meteo Historical Weather API
MP-Indore,2019-11-30,21.2,27.1,15.9,0.0,0.0,0.0,70,3.1,0.295,0.329,0.357,22.1,22.7,22.71792,75.8333,ERA5,Asia/Kolkata,Open-Meteo Historical Weather API
MP-Indore,2019-12-01,21.8,26.8,17.6,0.1,0.1,1.0,71,2.89,0.295,0.326,0.356,22.5,22.6,22.71792,75.8333,ERA5,Asia/Kolkata,Open-Meteo Historical Weather API
MP-Indore,2019-12-02,21.3,26.2,17.5,0.7,0.7,3.0,78,2.61,0.3,0.326,0.356,22.4,22.7,22.71792,75.8333,ERA5,Asia/Kolkata,Open-Meteo Historical Weather API
MP-Indore,2019-12-03,20.8,26.1,17.4,0.0,0.0,0.0,74,3.0,0.304,0.325,0.357,22.3,22.6,22.71792,75.8333,ERA5,Asia/Kolkata,Open-Meteo Historical Weather API
MP-Indore,2019-12-04,20.7,26.8,16.2,0.0,0.0,0.0,69,3.35,0.299,0.322,0.355,21.7,22.3,22.71792,75.8333,ERA5,Asia/Kolkata,Open-Meteo Historical Weather API
MP-Indore,2019-12-05,20.4,26.6,16.7,0.0,0.0,0.0,58,3.62,0.297,0.321,0.356,21.6,22.4,22.71792,75.8333,ERA5,Asia/Kolkata,Open-Meteo Historical Weather API
MP-Indore,2019-12-06,18.6,24.3,13.9,0.0,0.0,0.0,53,3.6,0.295,0.321,0.357,20.6,21.7,22.71792,75.8333,ERA5,Asia/Kolkata,Open-Meteo Historical Weather API
MP-Indore,2019-12-07,18.6,24.7,14.7,0.0,0.0,0.0,63,3.38,0.291,0.319,0.357,20.3,21.2,22.71792,75.8333,ERA5,Asia/Kolkata,Open-Meteo Historical Weather API
MP-Indore,2019-12-08,18.1,25.0,12.9,0.0,0.0,0.0,68,3.24,0.287,0.316,0.355,19.7,20.8,22.71792,75.8333,ERA5,Asia/Kolkata,Open-Meteo Historical Weather API
MP-Indore,2019-12-09,19.0,26.2,13.6,0.0,0.0,0.0,73,3.06,0.283,0.313,0.353,20.2,20.8,22.71792,75.8333,ERA5,Asia/Kolkata,Open-Meteo Historical Weather API
MP-Indore,2019-12-10,19.7,26.5,14.2,0.0,0.0,0.0,74,3.11,0.283,0.312,0.354,20.9,21.3,22.71792,75.8333,ERA5,Asia/Kolkata,Open-Meteo Historical Weather API
MP-Indore,2019-12-11,20.6,27.3,15.2,0.0,0.0,0.0,73,2.93,0.28,0.311,0.354,21.0,21.5,22.71792,75.8333,ERA5,Asia/Kolkata,Open-Meteo Historical Weather API
MP-Indore,2019-12-12,20.7,26.8,16.5,0.0,0.0,0.0,72,3.11,0.281,0.308,0.352,21.7,21.9,22.71792,75.8333,ERA5,Asia/Kolkata,Open-Meteo Historical Weather API
MP-Indore,2019-12-13,19.7,25.7,14.7,0.0,0.0,0.0,66,2.96,0.28,0.305,0.35,21.1,21.5,22.71792,75.8333,ERA5,Asia/Kolkata,Open-Meteo Historical Weather API
MP-Indore,2019-12-14,18.7,24.3,14.6,0.0,0.0,0.0,73,2.86,0.282,0.308,0.353,20.5,21.1,22.71792,75.8333,ERA5,Asia/Kolkata,Open-Meteo Historical Weather API
MP-Indore,2019-12-15,17.0,22.5,14.0,0.0,0.0,0.0,80,2.49,0.285,0.313,0.356,19.5,20.9,22.71792,75.8333,ERA5,Asia/Kolkata,Open-Meteo Historical Weather API
MP-Indore,2019-12-16,15.7,21.3,11.8,0.0,0.0,0.0,77,2.16,0.288,0.317,0.36,18.0,19.8,22.71792,75.8333,ERA5,Asia/Kolkata,Open-Meteo Historical Weather API
MP-Indore,2019-12-17,15.1,20.4,11.3,0.0,0.0,0.0,74,2.84,0.292,0.322,0.365,17.5,19.1,22.71792,75.8333,ERA5,Asia/Kolkata,Open-Meteo Historical Weather API
MP-Indore,2019-12-18,16.1,22.8,10.4,0.0,0.0,0.0,79,2.54,0.291,0.324,0.366,17.8,18.9,22.71792,75.8333,ERA5,Asia/Kolkata,Open-Meteo Historical Weather API
MP-Indore,2019-12-19,18.1,25.2,12.0,0.0,0.0,0.0,77,2.76,0.287,0.321,0.365,19.2,19.5,22.71792,75.8333,ERA5,Asia/Kolkata,Open-Meteo Historical Weather API
MP-Indore,2019-12-20,19.2,26.2,13.1,0.0,0.0,0.0,76,2.95,0.284,0.318,0.363,20.2,20.3,22.71792,75.8333,ERA5,Asia/Kolkata,Open-Meteo Historical Weather API
MP-Indore,2019-12-21,20.1,26.8,14.4,0.0,0.0,0.0,75,2.95,0.281,0.315,0.362,20.9,20.9,22.71792,75.8333,ERA5,Asia/Kolkata,Open-Meteo Historical Weather API
MP-Indore,2019-12-22,19.2,24.2,14.8,0.0,0.0,0.0,73,2.7,0.279,0.315,0.362,20.4,21.3,22.71792,75.8333,ERA5,Asia/Kolkata,Open-Meteo Historical Weather API
MP-Indore,2019-12-23,18.7,23.9,14.5,0.5,0.5,5.0,72,2.6,0.277,0.312,0.36,19.9,20.8,22.71792,75.8333,ERA5,Asia/Kolkata,Open-Meteo Historical Weather API
MP-Indore,2019-12-24,19.6,25.2,15.5,1.1,1.1,6.0,78,2.57,0.284,0.312,0.361,20.5,21.0,22.71792,75.8333,ERA5,Asia/Kolkata,Open-Meteo Historical Weather API
MP-Indore,2019-12-25,18.3,22.5,15.6,0.9,0.9,4.0,86,1.91,0.297,0.314,0.363,20.0,20.9,22.71792,75.8333,ERA5,Asia/Kolkata,Open-Meteo Historical Weather API
MP-Indore,2019-12-26,17.0,22.6,12.6,0.0,0.0,0.0,72,3.03,0.302,0.318,0.366,19.4,20.4,22.71792,75.8333,ERA5,Asia/Kolkata,Open-Meteo Historical Weather API
MP-Indore,2019-12-27,14.3,21.0,9.6,0.0,0.0,0.0,52,3.57,0.298,0.317,0.366,17.0,18.9,22.71792,75.8333,ERA5,Asia/Kolkata,Open-Meteo Historical Weather API
MP-Indore,2019-12-28,13.9,21.1,8.2,0.0,0.0,0.0,51,3.55,0.289,0.31,0.361,16.0,17.5,22.71792,75.8333,ERA5,Asia/Kolkata,Open-Meteo Historical Weather API
MP-Indore,2019-12-29,14.5,21.4,8.0,0.0,0.0,0.0,55,3.26,0.284,0.307,0.359,15.8,17.1,22.71792,75.8333,ERA5,Asia/Kolkata,Open-Meteo Historical Weather API
MP-Indore,2019-12-30,16.2,21.9,10.9,0.0,0.0,0.0,57,3.09,0.281,0.306,0.359,17.0,17.6,22.71792,75.8333,ERA5,Asia/Kolkata,Open-Meteo Historical Weather API
MP-Indore,2019-12-31,16.4,20.5,12.1,0.0,0.0,0.0,67,2.27,0.282,0.308,0.36,17.0,18.3,22.71792,75.8333,ERA5,Asia/Kolkata,Open-Meteo Historical Weather API
MP-Indore,2020-01-01,15.9,21.1,11.8,0.6,0.6,4.0,83,2.1,0.288,0.311,0.362,17.1,18.6,22.71792,75.8333,ERA5,Asia/Kolkata,Open-Meteo Historical Weather API
MP-Indore,2020-01-02,16.0,19.1,13.4,1.0,1.0,4.0,90,1.65,0.297,0.314,0.365,17.2,18.4,22.71792,75.8333,ERA5,Asia/Kolkata,Open-Meteo Historical Weather API
MP-Indore,2020-01-03,16.1,20.8,12.8,0.0,0.0,0.0,77,2.73,0.305,0.32,0.369,18.0,18.3,22.71792,75.8333,ERA5,Asia/Kolkata,Open-Meteo Historical Weather API
MP-Indore,2020-01-04,15.0,19.9,11.4,0.0,0.0,0.0,73,2.67,0.306,0.325,0.374,16.8,18.0,22.71792,75.8333,ERA5,Asia/Kolkata,Open-Meteo Historical Weather API
MP-Indore,2020-01-05,14.8,21.3,9.8,0.0,0.0,0.0,70,3.05,0.305,0.328,0.377,16.3,17.3,22.71792,75.8333,ERA5,Asia/Kolkata,Open-Meteo Historical Weather API
MP-Indore,2020-01-06,16.5,24.2,10.7,0.0,0.0,0.0,63,3.5,0.296,0.322,0.374,17.0,17.3,22.71792,75.8333,ERA5,Asia/Kolkata,Open-Meteo Historical Weather API
MP-Indore,2020-01-07,19.4,25.8,13.6,0.0,0.0,0.0,69,3.02,0.288,0.315,0.369,18.7,18.0,22.71792,75.8333,ERA5,Asia/Kolkata,Open-Meteo Historical Weather API
MP-Indore,2020-01-08,19.3,24.3,14.7,0.2,0.2,2.0,74,2.91,0.287,0.313,0.368,19.6,19.2,22.71792,75.8333,ERA5,Asia/Kolkata,Open-Meteo Historical Weather API
MP-Indore,2020-01-09,14.4,20.0,10.6,0.0,0.0,0.0,61,3.38,0.289,0.315,0.37,17.1,18.6,22.71792,75.8333,ERA5,Asia/Kolkata,Open-Meteo Historical Weather API
MP-Indore,2020-01-10,12.7,19.1,7.8,0.0,0.0,0.0,60,3.25,0.29,0.318,0.372,15.2,16.9,22.71792,75.8333,ERA5,Asia/Kolkata,Open-Meteo Historical Weather API
MP-Indore,2020-01-11,14.6,22.3,7.6,0.0,0.0,0.0,66,3.18,0.285,0.316,0.371,15.9,16.4,22.71792,75.8333,ERA5,Asia/Kolkata,Open-Meteo Historical Weather API
MP-Indore,2020-01-12,17.6,25.1,11.0,0.0,0.0,0.0,63,3.37,0.28,0.311,0.368,18.1,17.5,22.71792,75.8333,ERA5,Asia/Kolkata,Open-Meteo Historical Weather API
MP-Indore,2020-01-13,19.9,27.2,14.6,0.0,0.0,0.0,68,3.47,0.276,0.307,0.365,19.4,18.7,22.71792,75.8333,ERA5,Asia/Kolkata,Open-Meteo Historical Weather API
MP-Indore,2020-01-14,18.6,23.2,14.6,0.2,0.2,2.0,83,2.19,0.278,0.308,0.366,19.8,19.6,22.71792,75.8333,ERA5,Asia/Kolkata,Open-Meteo Historical Weather API
MP-Indore,2020-01-15,18.4,23.8,14.6,0.2,0.2,1.0,85,2.08,0.282,0.309,0.366,19.3,19.5,22.71792,75.8333,ERA5,Asia/Kolkata,Open-Meteo Historical Weather API
MP-Indore,2020-01-16,16.5,21.2,12.5,1.2,1.2,6.0,65,3.31,0.298,0.31,0.368,18.7,19.3,22.71792,75.8333,ERA5,Asia/Kolkata,Open-Meteo Historical Weather API
MP-Indore,2020-01-17,14.5,20.6,9.3,0.0,0.0,0.0,74,2.88,0.299,0.314,0.372,17.1,18.0,22.71792,75.8333,ERA5,Asia/Kolkata,Open-Meteo Historical Weather API
MP-Indore,2020-01-18,14.9,21.1,10.1,0.0,0.0,0.0,69,3.19,0.299,0.319,0.375,16.7,17.7,22.71792,75.8333,ERA5,Asia/Kolkata,Open-Meteo Historical Weather API
MP-Indore,2020-01-19,14.8,20.7,10.7,0.0,0.0,0.0,65,3.37,0.298,0.323,0.379,16.6,17.6,22.71792,75.8333,ERA5,Asia/Kolkata,Open-Meteo Historical Weather API
MP-Indore,2020-01-20,14.9,22.0,8.4,0.0,0.0,0.0,71,3.2,0.297,0.324,0.38,16.4,17.2,22.71792,75.8333,ERA5,Asia/Kolkata,Open-Meteo Historical Weather API
MP-Indore,2020-01-21,19.3,26.6,12.3,0.2,0.2,1.0,72,3.16,0.292,0.32,0.378,18.4,17.9,22.71792,75.8333,ERA5,Asia/Kolkata,Open-Meteo Historical Weather API
MP-Indore,2020-01-22,19.7,25.3,14.7,0.6,0.6,3.0,79,2.94,0.29,0.317,0.375,19.6,19.2,22.71792,75.8333,ERA5,Asia/Kolkata,Open-Meteo Historical Weather API
MP-Indore,2020-01-23,17.3,23.3,13.0,0.0,0.0,0.0,69,3.52,0.291,0.318,0.376,19.1,19.6,22.71792,75.8333,ERA5,Asia/Kolkata,Open-Meteo Historical Weather API
MP-Indore,2020-01-24,17.3,25.1,10.9,0.0,0.0,0.0,62,3.51,0.288,0.317,0.376,18.7,18.9,22.71792,75.8333,ERA5,Asia/Kolkata,Open-Meteo Historical Weather API
MP-Indore,2020-01-25,17.7,25.2,11.7,0.0,0.0,0.0,66,3.48,0.285,0.316,0.376,19.0,19.1,22.71792,75.8333,ERA5,Asia/Kolkata,Open-Meteo Historical Weather API
MP-Indore,2020-01-26,19.2,27.2,12.3,0.0,0.0,0.0,67,3.53,0.282,0.315,0.376,19.6,19.4,22.71792,75.8333,ERA5,Asia/Kolkata,Open-Meteo Historical Weather API
MP-Indore,2020-01-27,20.9,28.0,15.3,0.0,0.0,0.0,60,4.27,0.277,0.31,0.372,20.9,20.2,22.71792,75.8333,ERA5,Asia/Kolkata,Open-Meteo Historical Weather API
MP-Indore,2020-01-28,19.0,24.6,15.4,0.0,0.0,0.0,65,3.42,0.273,0.309,0.371,20.3,20.4,22.71792,75.8333,ERA5,Asia/Kolkata,Open-Meteo Historical Weather API
MP-Indore,2020-01-29,17.2,23.1,12.3,0.0,0.0,0.0,65,3.26,0.271,0.309,0.371,19.4,19.7,22.71792,75.8333,ERA5,Asia/Kolkata,Open-Meteo Historical Weather API
MP-Indore,2020-01-30,16.1,22.3,11.0,0.0,0.0,0.0,58,3.68,0.27,0.31,0.372,18.2,18.9,22.71792,75.8333,ERA5,Asia/Kolkata,Open-Meteo Historical Weather API
MP-Indore,2020-01-31,16.4,22.8,11.0,0.0,0.0,0.0,57,3.74,0.27,0.311,0.372,18.1,18.6,22.71792,75.8333,ERA5,Asia/Kolkata,Open-Meteo Historical Weather API
MP-Indore,2020-02-01,16.7,23.6,10.6,0.0,0.0,0.0,58,3.99,0.269,0.311,0.373,18.1,18.6,22.71792,75.8333,ERA5,Asia/Kolkata,Open-Meteo Historical Weather API
MP-Indore,2020-02-02,16.9,23.4,11.3,0.0,0.0,0.0,53,4.14,0.269,0.311,0.372,18.4,18.7,22.71792,75.8333,ERA5,Asia/Kolkata,Open-Meteo Historical Weather API
MP-Indore,2020-02-03,18.2,24.1,12.5,0.0,0.0,0.0,60,3.64,0.266,0.312,0.373,19.2,19.2,22.71792,75.8333,ERA5,Asia/Kolkata,Open-Meteo Historical Weather API
MP-Indore,2020-02-04,19.6,26.4,13.7,0.1,0.1,1.0,62,3.96,0.261,0.311,0.373,20.3,20.0,22.71792,75.8333,ERA5,Asia/Kolkata,Open-Meteo Historical Weather API
MP-Indore,2020-02-05,18.4,24.9,12.8,0.0,0.0,0.0,65,3.77,0.262,0.31,0.372,19.9,20.0,22.71792,75.8333,ERA5,Asia/Kolkata,Open-Meteo Historical Weather API
MP-Indore,2020-02-06,19.4,26.0,14.0,0.0,0.0,0.0,59,3.72,0.262,0.309,0.371,20.3,20.1,22.71792,75.8333,ERA5,Asia/Kolkata,Open-Meteo Historical Weather API
MP-Indore,2020-02-07,18.4,24.2,13.4,0.0,0.0,0.0,61,3.98,0.263,0.31,0.372,20.0,20.3,22.71792,75.8333,ERA5,Asia/Kolkata,Open-Meteo Historical Weather API
MP-Indore,2020-02-08,16.9,22.7,11.8,0.0,0.0,0.0,55,4.44,0.266,0.313,0.375,18.9,19.9,22.71792,75.8333,ERA5,Asia/Kolkata,Open-Meteo Historical Weather API
MP-Indore,2020-02-09,16.0,22.7,10.8,0.0,0.0,0.0,50,4.37,0.269,0.316,0.378,18.0,19.1,22.71792,75.8333,ERA5,Asia/Kolkata,Open-Meteo Historical Weather API
MP-Indore,2020-02-10,17.5,24.9,11.1,0.0,0.0,0.0,56,4.1,0.272,0.317,0.378,18.5,18.8,22.71792,75.8333,ERA5,Asia/Kolkata,Open-Meteo Historical Weather API
MP-Indore,2020-02-11,19.8,26.9,13.7,0.0,0.0,0.0,62,3.88,0.271,0.316,0.378,20.0,19.6,22.71792,75.8333,ERA5,Asia/Kolkata,Open-Meteo Historical Weather API
MP-Indore,2020-02-12,20.8,27.8,15.2,0.0,0.0,0.0,65,4.03,0.269,0.315,0.377,21.5,20.7,22.71792,75.8333,ERA5,Asia/Kolkata,Open-Meteo Historical Weather API
MP-Indore,2020-02-13,21.4,29.0,14.7,0.0,0.0,0.0,58,4.58,0.27,0.314,0.376,21.6,21.1,22.71792,75.8333,ERA5,Asia/Kolkata,Open-Meteo Historical Weather API
MP-Indore,2020-02-14,21.0,28.4,14.5,0.0,0.0,0.0,58,4.54,0.27,0.313,0.376,21.8,21.3,22.71792,75.8333,ERA5,Asia/Kolkata,Open-Meteo Historical Weather API
MP-Indore,2020-02-15,21.2,28.5,14.2,0.0,0.0,0.0,58,4.31,0.269,0.312,0.375,21.9,21.3,22.71792,75.8333,ERA5,Asia/Kolkata,Open-Meteo Historical Weather API
MP-Indore,2020-02-16,21.3,28.5,15.3,0.0,0.0,0.0,45,4.97,0.27,0.308,0.372,22.0,21.7,22.71792,75.8333,ERA5,Asia/Kolkata,Open-Meteo Historical Weather API
MP-Indore,2020-02-17,21.5,29.6,14.7,0.0,0.0,0.0,43,5.05,0.271,0.305,0.37,21.7,21.5,22.71792,75.8333,ERA5,Asia/Kolkata,Open-Meteo Historical Weather API
MP-Indore,2020-02-18,21.7,30.3,13.3,0.0,0.0,0.0,43,4.76,0.268,0.303,0.368,21.5,21.6,22.71792,75.8333,ERA5,Asia/Kolkata,Open-Meteo Historical Weather API
MP-Indore,2020-02-19,23.7,31.0,17.1,0.0,0.0,0.0,43,5.16,0.265,0.299,0.364,21.9,21.7,22.71792,75.8333,ERA5,Asia/Kolkata,Open-Meteo Historical Weather API
MP-Indore,2020-02-20,24.4,31.5,18.3,0.0,0.0,0.0,51,5.3,0.264,0.297,0.363,23.4,22.5,22.71792,75.8333,ERA5,Asia/Kolkata,Open-Meteo Historical Weather API
MP-Indore,2020-02-21,23.0,30.0,17.4,0.0,0.0,0.0,50,4.55,0.265,0.3,0.364,23.8,23.0,22.71792,75.8333,ERA5,Asia/Kolkata,Open-Meteo Historical Weather API
MP-Indore,2020-02-22,21.9,28.6,16.0,0.0,0.0,0.0,55,4.84,0.268,0.304,0.367,23.2,22.9,22.71792,75.8333,ERA5,Asia/Kolkata,Open-Meteo Historical Weather API
MP-Indore,2020-02-23,21.6,28.7,16.0,0.0,0.0,0.0,58,4.84,0.27,0.307,0.369,23.1,23.0,22.71792,75.8333,ERA5,Asia/Kolkata,Open-Meteo Historical Weather API
MP-Indore,2020-02-24,20.8,27.1,15.7,0.0,0.0,0.0,57,4.91,0.271,0.309,0.37,22.8,22.9,22.71792,75.8333,ERA5,Asia/Kolkata,Open-Meteo Historical Weather API
MP-Indore,2020-02-25,20.3,26.8,14.7,0.0,0.0,0.0,56,4.87,0.272,0.311,0.371,22.1,22.3,22.71792,75.8333,ERA5,Asia/Kolkata,Open-Meteo Historical Weather API
MP-Indore,2020-02-26,21.5,28.6,13.7,0.0,0.0,0.0,49,4.6,0.272,0.31,0.371,22.2,22.0,22.71792,75.8333,ERA5,Asia/Kolkata,Open-Meteo Historical Weather API
MP-Indore,2020-02-27,23.6,30.2,15.8,0.0,0.0,0.0,47,4.58,0.267,0.308,0.369,22.9,22.4,22.71792,75.8333,ERA5,Asia/Kolkata,Open-Meteo Historical Weather API
MP-Indore,2020-02-28,24.2,30.8,17.7,0.0,0.0,0.0,46,5.33,0.265,0.305,0.367,23.8,23.0,22.71792,75.8333,ERA5,Asia/Kolkata,Open-Meteo Historical Weather API
MP-Indore,2020-02-29,24.1,31.2,19.3,2.0,2.0,1.0,51,4.87,0.267,0.304,0.366,24.3,23.5,22.71792,75.8333,ERA5,Asia/Kolkata,Open-Meteo Historical Weather API
MP-Indore,2020-03-01,23.9,30.3,19.2,0.0,0.0,0.0,53,4.6,0.277,0.304,0.365,24.2,23.6,22.71792,75.8333,ERA5,Asia/Kolkata,Open-Meteo Historical Weather API
MP-Indore,2020-03-02,24.1,31.2,19.2,0.0,0.0,0.0,46,5.19,0.273,0.302,0.363,24.8,23.6,22.71792,75.8333,ERA5,Asia/Kolkata,Open-Meteo Historical Weather API
MP-Indore,2020-03-03,23.4,30.7,16.9,0.0,0.0,0.0,44,5.69,0.269,0.3,0.362,24.3,23.7,22.71792,75.8333,ERA5,Asia/Kolkata,Open-Meteo Historical Weather API
MP-Indore,2020-03-04,23.3,30.1,17.2,0.0,0.0,0.0,45,5.79,0.265,0.298,0.36,24.4,23.8,22.71792,75.8333,ERA5,Asia/Kolkata,Open-Meteo Historical Weather API
MP-Indore,2020-03-05,22.4,29.0,15.7,0.0,0.0,0.0,45,5.11,0.263,0.297,0.359,23.6,23.6,22.71792,75.8333,ERA5,Asia/Kolkata,Open-Meteo Historical Weather API
MP-Indore,2020-03-06,21.9,27.1,17.5,0.0,0.0,0.0,56,5.0,0.262,0.297,0.358,23.3,23.1,22.71792,75.8333,ERA5,Asia/Kolkata,Open-Meteo Historical Weather API
MP-Indore,2020-03-07,21.0,27.4,14.5,0.0,0.0,0.0,51,4.84,0.262,0.298,0.358,23.2,22.8,22.71792,75.8333,ERA5,Asia/Kolkata,Open-Meteo Historical Weather API
MP-Indore,2020-03-08,21.8,28.3,15.0,0.0,0.0,0.0,46,5.63,0.263,0.298,0.358,23.2,22.8,22.71792,75.8333,ERA5,Asia/Kolkata,Open-Meteo Historical Weather API
MP-Indore,2020-03-09,22.8,28.5,16.9,0.0,0.0,0.0,48,4.92,0.263,0.298,0.357,23.7,23.2,22.71792,75.8333,ERA5,Asia/Kolkata,Open-Meteo Historical Weather API
MP-Indore,2020-03-10,24.2,30.9,19.8,0.0,0.0,0.0,50,5.51,0.26,0.297,0.356,25.1,24.0,22.71792,75.8333,ERA5,Asia/Kolkata,Open-Meteo Historical Weather API
MP-Indore,2020-03-11,22.2,27.9,17.2,0.0,0.0,0.0,56,5.36,0.257,0.296,0.355,24.4,24.1,22.71792,75.8333,ERA5,Asia/Kolkata,Open-Meteo Historical Weather API
MP-Indore,2020-03-12,21.9,28.3,16.2,0.0,0.0,0.0,49,5.69,0.254,0.294,0.353,24.1,23.6,22.71792,75.8333,ERA5,Asia/Kolkata,Open-Meteo Historical Weather API
MP-Indore,2020-03-13,21.1,27.5,14.5,0.0,0.0,0.0,37,5.54,0.255,0.295,0.353,23.3,23.3,22.71792,75.8333,ERA5,Asia/Kolkata,Open-Meteo Historical Weather API
MP-Indore,2020-03-14,21.1,28.0,14.7,0.0,0.0,0.0,38,5.96,0.26,0.296,0.354,23.1,22.9,22.71792,75.8333,ERA5,Asia/Kolkata,Open-Meteo Historical Weather API
MP-Indore,2020-03-15,21.5,27.7,14.9,0.0,0.0,0.0,37,5.99,0.261,0.298,0.355,23.0,22.9,22.71792,75.8333,ERA5,Asia/Kolkata,Open-Meteo Historical Weather API
MP-Indore,2020-03-16,22.8,30.0,15.3,0.0,0.0,0.0,41,5.82,0.261,0.298,0.354,24.0,23.3,22.71792,75.8333,ERA5,Asia/Kolkata,Open-Meteo Historical Weather API
MP-Indore,2020-03-17,25.3,32.6,18.0,0.0,0.0,0.0,43,5.74,0.256,0.294,0.351,25.7,24.3,22.71792,75.8333,ERA5,Asia/Kolkata,Open-Meteo Historical Weather API
MP-Indore,2020-03-18,26.7,33.9,20.8,0.0,0.0,0.0,43,5.66,0.254,0.291,0.348,27.2,25.6,22.71792,75.8333,ERA5,Asia/Kolkata,Open-Meteo Historical Weather API
MP-Indore,2020-03-19,26.6,33.9,20.0,0.0,0.0,0.0,41,5.95,0.256,0.291,0.346,27.2,26.0,22.71792,75.8333,ERA5,Asia/Kolkata,Open-Meteo Historical Weather API
MP-Indore,2020-03-20,26.2,32.1,20.7,0.0,0.0,0.0,35,6.14,0.251,0.288,0.343,26.9,25.9,22.71792,75.8333,ERA5,Asia/Kolkata,Open-Meteo Historical Weather API
MP-Indore,2020-03-21,25.2,32.2,18.5,0.0,0.0,0.0,38,6.35,0.246,0.286,0.341,27.0,26.0,22.71792,75.8333,ERA5,Asia/Kolkata,Open-Meteo Historical Weather API
MP-Indore,2020-03-22,26.2,33.2,19.4,0.0,0.0,0.0,46,5.36,0.247,0.287,0.342,27.5,26.3,22.71792,75.8333,ERA5,Asia/Kolkata,Open-Meteo Historical Weather API
MP-Indore,2020-03-23,27.7,35.0,20.5,0.4,0.4,1.0,42,5.95,0.252,0.286,0.34,28.7,27.0,22.71792,75.8333,ERA5,Asia/Kolkata,Open-Meteo Historical Weather API
MP-Indore,2020-03-24,28.5,35.4,22.3,0.0,0.0,0.0,43,5.73,0.253,0.282,0.335,29.3,27.7,22.71792,75.8333,ERA5,Asia/Kolkata,Open-Meteo Historical Weather API
MP-Indore,2020-03-25,27.6,35.1,23.3,0.5,0.5,2.0,43,6.03,0.251,0.28,0.333,29.2,28.2,22.71792,75.8333,ERA5,Asia/Kolkata,Open-Meteo Historical Weather API
MP-Indore,2020-03-26,26.4,33.6,21.2,0.1,0.1,1.0,59,4.95,0.261,0.283,0.338,28.3,27.9,22.71792,75.8333,ERA5,Asia/Kolkata,Open-Meteo Historical Weather API
MP-Indore,2020-03-27,23.5,27.5,20.1,3.6,3.6,10.0,73,3.92,0.29,0.292,0.345,26.3,27.2,22.71792,75.8333,ERA5,Asia/Kolkata,Open-Meteo Historical Weather API
MP-Indore,2020-03-28,25.5,31.6,20.0,0.0,0.0,0.0,62,4.79,0.302,0.293,0.344,27.4,26.6,22.71792,75.8333,ERA5,Asia/Kolkata,Open-Meteo Historical Weather API
MP-Indore,2020-03-29,27.1,34.0,20.5,0.0,0.0,0.0,49,5.59,0.287,0.287,0.338,28.4,27.0,22.71792,75.8333,ERA5,Asia/Kolkata,Open-Meteo Historical Weather API
MP-Indore,2020-03-30,28.7,36.0,22.1,0.0,0.0,0.0,41,7.01,0.275,0.283,0.334,29.1,27.7,22.71792,75.8333,ERA5,Asia/Kolkata,Open-Meteo Historical Weather API
MP-Indore,2020-03-31,28.8,36.6,21.3,0.0,0.0,0.0,37,7.28,0.264,0.278,0.327,29.7,28.1,22.71792,75.8333,ERA5,Asia/Kolkata,Open-Meteo Historical Weather API
MP-Indore,2020-04-01,29.0,35.9,21.2,0.0,0.0,0.0,35,7.41,0.257,0.276,0.325,30.2,28.6,22.71792,75.8333,ERA5,Asia/Kolkata,Open-Meteo Historical Weather API
MP-Indore,2020-04-02,28.8,35.1,22.6,0.0,0.0,0.0,34,7.47,0.254,0.276,0.323,30.5,29.0,22.71792,75.8333,ERA5,Asia/Kolkata,Open-Meteo Historical Weather API
MP-Indore,2020-04-03,29.3,36.1,22.4,0.0,0.0,0.0,29,7.48,0.251,0.275,0.32,30.7,29.2,22.71792,75.8333,ERA5,Asia/Kolkata,Open-Meteo Historical Weather API
MP-Indore,2020-04-04,29.9,36.6,23.3,0.0,0.0,0.0,28,7.97,0.249,0.273,0.317,31.2,29.6,22.71792,75.8333,ERA5,Asia/Kolkata,Open-Meteo Historical Weather API
MP-Indore,2020-04-05,30.4,37.2,23.9,0.0,0.0,0.0,28,7.62,0.248,0.273,0.316,31.5,29.9,22.71792,75.8333,ERA5,Asia/Kolkata,Open-Meteo Historical Weather API
MP-Indore,2020-04-06,30.6,38.4,23.5,0.0,0.0,0.0,30,7.11,0.247,0.274,0.315,31.6,30.2,22.71792,75.8333,ERA5,Asia/Kolkata,Open-Meteo Historical Weather API
MP-Indore,2020-04-07,30.6,37.8,24.6,0.0,0.0,0.0,28,8.31,0.246,0.273,0.314,31.9,30.5,22.71792,75.8333,ERA5,Asia/Kolkata,Open-Meteo Historical Weather API
MP-Indore,2020-04-08,29.7,36.6,23.4,0.0,0.0,0.0,31,8.01,0.246,0.274,0.313,31.4,30.3,22.71792,75.8333,ERA5,Asia/Kolkata,Open-Meteo Historical Weather API
MP-Indore,2020-04-09,30.3,36.8,24.0,0.0,0.0,0.0,34,6.61,0.247,0.275,0.313,32.0,30.4,22.71792,75.8333,ERA5,Asia/Kolkata,Open-Meteo Historical Weather API
MP-Indore,2020-04-10,30.9,37.8,25.7,0.0,0.0,0.0,29,6.98,0.249,0.277,0.314,32.3,30.9,22.71792,75.8333,ERA5,Asia/Kolkata,Open-Meteo Historical Weather API
MP-Indore,2020-04-11,31.2,37.9,23.8,0.0,0.0,0.0,30,6.53,0.253,0.278,0.315,32.1,30.7,22.71792,75.8333,ERA5,Asia/Kolkata,Open-Meteo Historical Weather API
MP-Indore,2020-04-12,31.8,39.4,23.9,0.0,0.0,0.0,29,7.62,0.254,0.279,0.314,32.6,31.1,22.71792,75.8333,ERA5,Asia/Kolkata,Open-Meteo Historical Weather API
MP-Indore,2020-04-13,32.3,39.2,24.2,0.0,0.0,0.0,29,7.26,0.251,0.278,0.313,33.2,31.5,22.71792,75.8333,ERA5,Asia/Kolkata,Open-Meteo Historical Weather API
MP-Indore,2020-04-14,32.7,39.2,25.2,0.0,0.0,0.0,29,7.14,0.249,0.276,0.309,33.8,32.0,22.71792,75.8333,ERA5,Asia/Kolkata,Open-Meteo Historical Weather API
MP-Indore,2020-04-15,33.4,39.3,27.2,0.0,0.0,0.0,27,8.25,0.247,0.274,0.306,34.4,32.6,22.71792,75.8333,ERA5,Asia/Kolkata,Open-Meteo Historical Weather API
MP-Indore,2020-04-16,33.0,39.8,25.9,0.0,0.0,0.0,28,9.13,0.249,0.273,0.304,34.1,32.7,22.71792,75.8333,ERA5,Asia/Kolkata,Open-Meteo Historical Weather API
MP-Indore,2020-04-17,32.9,39.3,26.6,0.0,0.0,0.0,32,8.23,0.249,0.273,0.303,33.8,32.7,22.71792,75.8333,ERA5,Asia/Kolkata,Open-Meteo Historical Weather API
MP-Indore,2020-04-18,32.3,37.4,27.3,0.0,0.0,0.0,34,7.24,0.251,0.274,0.303,34.0,32.7,22.71792,75.8333,ERA5,Asia/Kolkata,Open-Meteo Historical Weather API
MP-Indore,2020-04-19,31.9,37.3,27.1,0.0,0.0,0.0,30,8.51,0.253,0.275,0.303,33.6,32.6,22.71792,75.8333,ERA5,Asia/Kolkata,Open-Meteo Historical Weather API
MP-Indore,2020-04-20,31.3,37.4,25.0,0.0,0.0,0.0,32,8.2,0.251,0.275,0.304,33.1,32.2,22.71792,75.8333,ERA5,Asia/Kolkata,Open-Meteo Historical Weather API
MP-Indore,2020-04-21,31.1,37.2,23.4,0.0,0.0,0.0,33,7.47,0.247,0.274,0.302,33.1,31.9,22.71792,75.8333,ERA5,Asia/Kolkata,Open-Meteo Historical Weather API
MP-Indore,2020-04-22,31.5,37.8,24.3,0.0,0.0,0.0,32,7.46,0.244,0.272,0.298,33.8,32.4,22.71792,75.8333,ERA5,Asia/Kolkata,Open-Meteo Historical Weather API
MP-Indore,2020-04-23,32.7,38.8,26.2,0.0,0.0,0.0,30,8.75,0.241,0.27,0.295,34.2,32.7,22.71792,75.8333,ERA5,Asia/Kolkata,Open-Meteo Historical Weather API
MP-Indore,2020-04-24,32.7,38.6,26.9,0.0,0.0,0.0,33,9.32,0.239,0.268,0.291,34.4,33.1,22.71792,75.8333,ERA5,Asia/Kolkata,Open-Meteo Historical Weather API
MP-Indore,2020-04-25,31.3,36.9,25.9,0.0,0.0,0.0,32,9.36,0.238,0.267,0.288,33.7,32.9,22.71792,75.8333,ERA5,Asia/Kolkata,Open-Meteo Historical Weather API
MP-Indore,2020-04-26,31.2,37.1,25.3,0.0,0.0,0.0,38,7.34,0.239,0.266,0.287,33.5,32.6,22.71792,75.8333,ERA5,Asia/Kolkata,Open-Meteo Historical Weather API
MP-Indore,2020-04-27,31.5,37.3,25.4,0.3,0.3,1.0,36,7.28,0.241,0.266,0.286,34.2,32.9,22.71792,75.8333,ERA5,Asia/Kolkata,Open-Meteo Historical Weather API
MP-Indore,2020-04-28,32.1,38.6,25.6,0.0,0.0,0.0,32,7.34,0.242,0.266,0.286,34.5,33.1,22.71792,75.8333,ERA5,Asia/Kolkata,Open-Meteo Historical Weather API
MP-Indore,2020-04-29,33.0,40.0,25.1,0.0,0.0,0.0,28,7.39,0.243,0.266,0.285,35.1,33.5,22.71792,75.8333,ERA5,Asia/Kolkata,Open-Meteo Historical Weather API
MP-Indore,2020-04-30,33.5,39.7,26.8,0.0,0.0,0.0,30,6.74,0.246,0.268,0.287,35.2,33.8,22.71792,75.8333,ERA5,Asia/Kolkata,Open-Meteo Historical Weather API
MP-Indore,2020-05-01,34.1,40.5,27.0,0.0,0.0,0.0,28,9.06,0.246,0.268,0.287,35.4,33.9,22.71792,75.8333,ERA5,Asia/Kolkata,Open-Meteo Historical Weather API
MP-Indore,2020-05-02,34.5,40.9,28.0,0.0,0.0,0.0,27,10.11,0.244,0.268,0.287,36.2,34.4,22.71792,75.8333,ERA5,Asia/Kolkata,Open-Meteo Historical Weather API
MP-Indore,2020-05-03,34.3,40.5,28.2,0.0,0.0,0.0,30,9.56,0.242,0.268,0.287,36.4,34.5,22.71792,75.8333,ERA5,Asia/Kolkata,Open-Meteo Historical Weather API
MP-Indore,2020-05-04,33.7,40.4,27.7,0.0,0.0,0.0,34,8.52,0.242,0.268,0.287,35.9,34.7,22.71792,75.8333,ERA5,Asia/Kolkata,Open-Meteo Historical Weather API
MP-Indore,2020-05-05,33.0,39.6,26.6,0.0,0.0,0.0,35,8.46,0.243,0.268,0.286,35.8,34.7,22.71792,75.8333,ERA5,Asia/Kolkata,Open-Meteo Historical Weather API
MP-Indore,2020-05-06,32.7,38.9,27.3,0.0,0.0,0.0,33,6.92,0.249,0.269,0.288,35.2,34.4,22.71792,75.8333,ERA5,Asia/Kolkata,Open-Meteo Historical Weather API
MP-Indore,2020-05-07,33.7,40.4,26.4,0.0,0.0,0.0,32,7.82,0.25,0.27,0.291,35.5,34.1,22.71792,75.8333,ERA5,Asia/Kolkata,Open-Meteo Historical Weather API
MP-Indore,2020-05-08,35.0,41.3,27.7,0.0,0.0,0.0,25,9.61,0.245,0.271,0.29,36.7,34.8,22.71792,75.8333,ERA5,Asia/Kolkata,Open-Meteo Historical Weather API
MP-Indore,2020-05-09,34.9,41.1,28.6,0.0,0.0,0.0,27,8.47,0.244,0.271,0.29,37.1,35.2,22.71792,75.8333,ERA5,Asia/Kolkata,Open-Meteo Historical Weather API
MP-Indore,2020-05-10,33.9,41.0,28.6,0.1,0.1,1.0,30,7.43,0.246,0.271,0.29,36.6,35.4,22.71792,75.8333,ERA5,Asia/Kolkata,Open-Meteo Historical Weather API
MP-Indore,2020-05-11,32.4,38.8,26.2,0.0,0.0,0.0,36,6.87,0.252,0.274,0.295,35.2,34.9,22.71792,75.8333,ERA5,Asia/Kolkata,Open-Meteo Historical Weather API
MP-Indore,2020-05-12,32.9,38.5,27.4,0.0,0.0,0.0,34,6.68,0.249,0.276,0.299,35.5,34.6,22.71792,75.8333,ERA5,Asia/Kolkata,Open-Meteo Historical Weather API
MP-Indore,2020-05-13,33.1,38.9,28.1,0.0,0.0,0.0,35,7.23,0.246,0.276,0.301,35.5,34.6,22.71792,75.8333,ERA5,Asia/Kolkata,Open-Meteo Historical Weather API
MP-Indore,2020-05-14,33.8,39.5,27.7,0.0,0.0,0.0,33,7.45,0.244,0.277,0.302,35.9,34.8,22.71792,75.8333,ERA5,Asia/Kolkata,Open-Meteo Historical Weather API
MP-Indore,2020-05-15,34.8,40.3,29.7,0.0,0.0,0.0,30,8.9,0.242,0.277,0.301,36.6,35.1,22.71792,75.8333,ERA5,Asia/Kolkata,Open-Meteo Historical Weather API
MP-Indore,2020-05-16,34.6,40.4,29.2,0.0,0.0,0.0,30,8.38,0.241,0.276,0.301,36.8,35.4,22.71792,75.8333,ERA5,Asia/Kolkata,Open-Meteo Historical Weather API
MP-Indore,2020-05-17,35.1,40.8,28.8,0.0,0.0,0.0,26,9.87,0.239,0.275,0.299,36.9,35.5,22.71792,75.8333,ERA5,Asia/Kolkata,Open-Meteo Historical Weather API
MP-Indore,2020-05-18,35.1,40.4,29.5,0.0,0.0,0.0,24,10.83,0.237,0.273,0.298,37.1,35.7,22.71792,75.8333,ERA5,Asia/Kolkata,Open-Meteo Historical Weather API
MP-Indore,2020-05-19,35.0,41.1,28.5,0.0,0.0,0.0,24,9.83,0.237,0.271,0.295,37.1,35.7,22.71792,75.8333,ERA5,Asia/Kolkata,Open-Meteo Historical Weather API
MP-Indore,2020-05-20,35.3,41.4,28.9,0.0,0.0,0.0,21,11.03,0.237,0.27,0.293,37.2,35.8,22.71792,75.8333,ERA5,Asia/Kolkata,Open-Meteo Historical Weather API
MP-Indore,2020-05-21,34.4,41.7,26.2,0.0,0.0,0.0,22,10.32,0.235,0.268,0.29,36.4,35.2,22.71792,75.8333,ERA5,Asia/Kolkata,Open-Meteo Historical Weather API
MP-Indore,2020-05-22,35.7,41.3,29.8,0.0,0.0,0.0,23,11.44,0.233,0.266,0.287,37.4,35.7,22.71792,75.8333,ERA5,Asia/Kolkata,Open-Meteo Historical Weather API
MP-Indore,2020-05-23,35.4,41.4,29.2,0.0,0.0,0.0,28,10.39,0.233,0.266,0.286,37.5,35.9,22.71792,75.8333,ERA5,Asia/Kolkata,Open-Meteo Historical Weather API
MP-Indore,2020-05-24,35.7,42.0,30.0,0.0,0.0,0.0,25,10.78,0.232,0.266,0.287,37.6,36.2,22.71792,75.8333,ERA5,Asia/Kolkata,Open-Meteo Historical Weather API
MP-Indore,2020-05-25,35.6,41.9,29.0,0.0,0.0,0.0,26,10.43,0.232,0.265,0.285,37.6,36.3,22.71792,75.8333,ERA5,Asia/Kolkata,Open-Meteo Historical Weather API
MP-Indore,2020-05-26,35.1,41.6,28.8,0.0,0.0,0.0,27,10.28,0.231,0.264,0.282,37.4,36.3,22.71792,75.8333,ERA5,Asia/Kolkata,Open-Meteo Historical Weather API
MP-Indore,2020-05-27,34.8,41.0,28.8,0.0,0.0,0.0,35,10.48,0.231,0.264,0.28,37.2,36.0,22.71792,75.8333,ERA5,Asia/Kolkata,Open-Meteo Historical Weather API
MP-Indore,2020-05-28,34.3,40.9,28.0,0.0,0.0,0.0,42,9.87,0.231,0.264,0.279,36.9,35.7,22.71792,75.8333,ERA5,Asia/Kolkata,Open-Meteo Historical Weather API
MP-Indore,2020-05-29,33.8,39.7,27.5,0.0,0.0,0.0,46,8.85,0.23,0.263,0.277,36.8,35.6,22.71792,75.8333,ERA5,Asia/Kolkata,Open-Meteo Historical Weather API
MP-Indore,2020-05-30,33.2,39.0,27.5,0.0,0.0,0.0,48,8.23,0.234,0.264,0.281,36.5,35.6,22.71792,75.8333,ERA5,Asia/Kolkata,Open-Meteo Historical Weather API
MP-Indore,2020-05-31,33.7,39.2,28.4,0.0,0.0,0.0,40,8.19,0.234,0.264,0.286,36.5,35.5,22.71792,75.8333,ERA5,Asia/Kolkata,Open-Meteo Historical Weather API
MP-Indore,2020-06-01,32.8,37.5,28.5,0.0,0.0,0.0,36,6.83,0.234,0.264,0.289,36.3,35.7,22.71792,75.8333,ERA5,Asia/Kolkata,Open-Meteo Historical Weather API
MP-Indore,2020-06-02,29.1,32.2,27.0,0.0,0.0,0.0,54,4.05,0.234,0.264,0.29,32.9,34.7,22.71792,75.8333,ERA5,Asia/Kolkata,Open-Meteo Historical Weather API
MP-Indore,2020-06-03,26.5,29.1,22.7,10.3,10.3,11.0,68,2.64,0.247,0.264,0.29,29.7,31.7,22.71792,75.8333,ERA5,Asia/Kolkata,Open-Meteo Historical Weather API
MP-Indore,2020-06-04,24.1,28.6,20.9,20.6,20.6,14.0,80,3.25,0.45,0.306,0.293,27.2,29.0,22.71792,75.8333,ERA5,Asia/Kolkata,Open-Meteo Historical Weather API
MP-Indore,2020-06-05,26.9,33.0,23.2,0.4,0.4,2.0,71,4.77,0.413,0.32,0.295,28.6,29.0,22.71792,75.8333,ERA5,Asia/Kolkata,Open-Meteo Historical Weather API
MP-Indore,2020-06-06,27.4,33.3,22.4,4.1,4.1,9.0,72,4.83,0.4,0.317,0.292,29.4,29.5,22.71792,75.8333,ERA5,Asia/Kolkata,Open-Meteo Historical Weather API
MP-Indore,2020-06-07,28.3,33.2,24.9,6.7,6.7,7.0,69,5.35,0.398,0.31,0.285,30.4,29.9,22.71792,75.8333,ERA5,Asia/Kolkata,Open-Meteo Historical Weather API
MP-Indore,2020-06-08,29.0,33.5,24.9,1.7,1.7,4.0,66,5.54,0.4,0.306,0.28,30.6,30.1,22.71792,75.8333,ERA5,Asia/Kolkata,Open-Meteo Historical Weather API
MP-Indore,2020-06-09,30.2,35.7,24.8,0.3,0.3,1.0,61,5.73,0.377,0.298,0.273,31.5,30.5,22.71792,75.8333,ERA5,Asia/Kolkata,Open-Meteo Historical Weather API
MP-Indore,2020-06-10,29.3,35.9,25.6,2.8,2.8,3.0,69,5.61,0.358,0.296,0.271,31.7,31.2,22.71792,75.8333,ERA5,Asia/Kolkata,Open-Meteo Historical Weather API
MP-Indore,2020-06-11,29.2,35.5,24.5,1.3,1.3,5.0,72,4.71,0.355,0.298,0.273,30.9,30.9,22.71792,75.8333,ERA5,Asia/Kolkata,Open-Meteo Historical Weather API
MP-Indore,2020-06-12,28.7,34.8,23.6,6.5,6.5,12.0,74,4.35,0.393,0.301,0.274,30.6,30.8,22.71792,75.8333,ERA5,Asia/Kolkata,Open-Meteo Historical Weather API
MP-Indore,2020-06-13,28.7,34.2,24.2,0.4,0.4,2.0,72,4.32,0.397,0.307,0.276,30.1,30.3,22.71792,75.8333,ERA5,Asia/Kolkata,Open-Meteo Historical Weather API
MP-Indore,2020-06-14,28.0,33.4,24.5,7.8,7.8,12.0,80,3.87,0.41,0.311,0.277,30.0,30.4,22.71792,75.8333,ERA5,Asia/Kolkata,Open-Meteo Historical Weather API
MP-Indore,2020-06-15,28.1,32.8,24.5,15.7,15.7,13.0,81,2.88,0.472,0.375,0.276,29.1,29.6,22.71792,75.8333,ERA5,Asia/Kolkata,Open-Meteo Historical Weather API
MP-Indore,2020-06-16,28.8,34.7,24.8,0.2,0.2,1.0,75,4.67,0.433,0.392,0.278,29.7,29.5,22.71792,75.8333,ERA5,Asia/Kolkata,Open-Meteo Historical Weather API
MP-Indore,2020-06-17,27.7,31.6,25.4,1.6,1.6,6.0,79,3.54,0.415,0.388,0.28,28.9,29.6,22.71792,75.8333,ERA5,Asia/Kolkata,Open-Meteo Historical Weather API
MP-Indore,2020-06-18,28.7,33.4,24.1,0.0,0.0,0.0,71,5.46,0.397,0.383,0.281,29.5,29.4,22.71792,75.8333,ERA5,Asia/Kolkata,Open-Meteo Historical Weather API
MP-Indore,2020-06-19,28.5,33.2,24.8,0.0,0.0,0.0,72,4.9,0.374,0.376,0.282,29.4,29.5,22.71792,75.8333,ERA5,Asia/Kolkata,Open-Meteo Historical Weather API
MP-Indore,2020-06-20,27.8,31.8,23.8,0.0,0.0,0.0,71,3.97,0.358,0.37,0.284,28.7,29.3,22.71792,75.8333,ERA5,Asia/Kolkata,Open-Meteo Historical Weather API
MP-Indore,2020-06-21,28.8,32.9,25.1,0.5,0.5,2.0,69,5.7,0.346,0.365,0.284,30.1,29.4,22.71792,75.8333,ERA5,Asia/Kolkata,Open-Meteo Historical Weather API
MP-Indore,2020-06-22,28.3,33.7,24.6,1.0,1.0,4.0,72,5.38,0.337,0.357,0.284,30.2,29.8,22.71792,75.8333,ERA5,Asia/Kolkata,Open-Meteo Historical Weather API
MP-Indore,2020-06-23,27.4,29.8,24.3,7.7,7.7,16.0,78,2.82,0.398,0.353,0.284,28.7,29.1,22.71792,75.8333,ERA5,Asia/Kolkata,Open-Meteo Historical Weather API
MP-Indore,2020-06-24,26.9,29.7,24.9,9.0,9.0,15.0,79,3.13,0.452,0.364,0.284,28.2,28.2,22.71792,75.8333,ERA5,Asia/Kolkata,Open-Meteo Historical Weather API
MP-Indore,2020-06-25,28.4,34.3,24.1,1.6,1.6,3.0,77,4.86,0.429,0.368,0.283,29.5,28.7,22.71792,75.8333,ERA5,Asia/Kolkata,Open-Meteo Historical Weather API
MP-Indore,2020-06-26,28.4,33.3,26.4,5.4,5.4,3.0,78,4.05,0.44,0.368,0.282,29.8,29.4,22.71792,75.8333,ERA5,Asia/Kolkata,Open-Meteo Historical Weather API
MP-Indore,2020-06-27,27.9,31.9,24.7,1.9,1.9,3.0,77,4.29,0.443,0.376,0.282,29.2,29.3,22.71792,75.8333,ERA5,Asia/Kolkata,Open-Meteo Historical Weather API
MP-Indore,2020-06-28,29.0,33.5,24.9,0.5,0.5,2.0,73,4.81,0.423,0.375,0.282,29.8,29.4,22.71792,75.8333,ERA5,Asia/Kolkata,Open-Meteo Historical Weather API
MP-Indore,2020-06-29,28.7,32.2,25.9,1.0,1.0,5.0,73,4.31,0.398,0.369,0.282,30.3,29.7,22.71792,75.8333,ERA5,Asia/Kolkata,Open-Meteo Historical Weather API
MP-Indore,2020-06-30,29.0,34.2,24.9,2.1,2.1,7.0,75,4.51,0.392,0.364,0.282,30.4,29.9,22.71792,75.8333,ERA5,Asia/Kolkata,Open-Meteo Historical Weather API
MP-Indore,2020-07-01,29.5,33.7,26.1,1.9,1.9,3.0,72,4.24,0.386,0.358,0.281,30.3,30.1,22.71792,75.8333,ERA5,Asia/Kolkata,Open-Meteo Historical Weather API
MP-Indore,2020-07-02,29.1,32.6,26.3,0.4,0.4,1.0,72,4.63,0.372,0.353,0.28,30.3,29.9,22.71792,75.8333,ERA5,Asia/Kolkata,Open-Meteo Historical Weather API
MP-Indore,2020-07-03,27.4,30.0,25.0,5.3,5.3,9.0,81,2.9,0.389,0.35,0.281,28.7,29.4,22.71792,75.8333,ERA5,Asia/Kolkata,Open-Meteo Historical Weather API
MP-Indore,2020-07-04,27.9,32.8,24.1,5.9,5.9,10.0,79,3.34,0.446,0.358,0.281,28.5,28.6,22.71792,75.8333,ERA5,Asia/Kolkata,Open-Meteo Historical Weather API
MP-Indore,2020-07-05,26.7,30.9,24.0,20.6,20.6,14.0,83,2.73,0.453,0.377,0.281,28.4,28.7,22.71792,75.8333,ERA5,Asia/Kolkata,Open-Meteo Historical Weather API
MP-Indore,2020-07-06,25.5,29.2,23.6,5.3,5.3,16.0,91,1.2,0.489,0.434,0.282,26.5,27.4,22.71792,75.8333,ERA5,Asia/Kolkata,Open-Meteo Historical Weather API
MP-Indore,2020-07-07,26.8,31.8,24.0,4.8,4.8,12.0,86,2.72,0.486,0.451,0.284,27.0,27.0,22.71792,75.8333,ERA5,Asia/Kolkata,Open-Meteo Historical Weather API
MP-Indore,2020-07-08,27.7,31.6,24.6,3.6,3.6,6.0,81,4.06,0.472,0.45,0.287,28.3,27.7,22.71792,75.8333,ERA5,Asia/Kolkata,Open-Meteo Historical Weather API
MP-Indore,2020-07-09,27.9,31.1,24.8,2.4,2.4,2.0,79,3.79,0.463,0.443,0.288,28.4,28.0,22.71792,75.8333,ERA5,Asia/Kolkata,Open-Meteo Historical Weather API
MP-Indore,2020-07-10,27.8,30.8,24.9,0.8,0.8,3.0,77,4.46,0.452,0.436,0.289,28.6,28.1,22.71792,75.8333,ERA5,Asia/Kolkata,Open-Meteo Historical Weather API
MP-Indore,2020-07-11,27.7,31.1,24.4,1.7,1.7,7.0,78,4.01,0.438,0.428,0.289,28.4,28.1,22.71792,75.8333,ERA5,Asia/Kolkata,Open-Meteo Historical Weather API
MP-Indore,2020-07-12,26.9,30.9,25.0,1.3,1.3,4.0,82,2.94,0.438,0.421,0.29,27.8,27.9,22.71792,75.8333,ERA5,Asia/Kolkata,Open-Meteo Historical Weather API
MP-Indore,2020-07-13,27.9,32.2,24.5,1.1,1.1,4.0,77,4.34,0.433,0.414,0.289,28.4,27.8,22.71792,75.8333,ERA5,Asia/Kolkata,Open-Meteo Historical Weather API
MP-Indore,2020-07-14,27.9,31.1,25.1,1.0,1.0,4.0,79,3.91,0.427,0.406,0.288,29.0,28.2,22.71792,75.8333,ERA5,Asia/Kolkata,Open-Meteo Historical Weather API
MP-Indore,2020-07-15,26.8,30.5,23.7,18.3,18.3,17.0,86,2.88,0.471,0.421,0.288,28.2,28.2,22.71792,75.8333,ERA5,Asia/Kolkata,Open-Meteo Historical Weather API
MP-Indore,2020-07-16,26.7,30.8,24.1,10.7,10.7,17.0,85,2.61,0.497,0.47,0.291,28.1,27.8,22.71792,75.8333,ERA5,Asia/Kolkata,Open-Meteo Historical Weather API
MP-Indore,2020-07-17,27.0,29.7,24.6,3.3,3.3,9.0,85,3.28,0.485,0.47,0.296,28.1,27.8,22.71792,75.8333,ERA5,Asia/Kolkata,Open-Meteo Historical Weather API
MP-Indore,2020-07-18,28.3,31.8,24.4,0.8,0.8,4.0,78,4.26,0.467,0.46,0.299,29.0,28.1,22.71792,75.8333,ERA5,Asia/Kolkata,Open-Meteo Historical Weather API
MP-Indore,2020-07-19,27.9,31.3,25.3,0.7,0.7,4.0,78,4.01,0.452,0.447,0.3,28.6,28.3,22.71792,75.8333,ERA5,Asia/Kolkata,Open-Meteo Historical Weather API
MP-Indore,2020-07-20,27.8,31.1,25.1,1.8,1.8,3.0,80,3.91,0.445,0.437,0.301,28.6,28.2,22.71792,75.8333,ERA5,Asia/Kolkata,Open-Meteo Historical Weather API
MP-Indore,2020-07-21,27.9,31.5,24.7,1.1,1.1,4.0,78,4.57,0.439,0.427,0.301,28.8,28.2,22.71792,75.8333,ERA5,Asia/Kolkata,Open-Meteo Historical Weather API
MP-Indore,2020-07-22,28.4,31.8,25.2,0.0,0.0,0.0,75,5.23,0.419,0.416,0.3,29.2,28.4,22.71792,75.8333,ERA5,Asia/Kolkata,Open-Meteo Historical Weather API
MP-Indore,2020-07-23,27.5,32.0,24.4,0.5,0.5,2.0,81,3.74,0.404,0.406,0.3,28.8,28.5,22.71792,75.8333,ERA5,Asia/Kolkata,Open-Meteo Historical Weather API
MP-Indore,2020-07-24,26.6,31.6,23.1,11.7,11.7,12.0,82,3.25,0.423,0.404,0.298,27.9,28.1,22.71792,75.8333,ERA5,Asia/Kolkata,Open-Meteo Historical Weather API
MP-Indore,2020-07-25,26.1,30.7,22.9,9.4,9.4,11.0,85,3.06,0.477,0.428,0.299,27.6,27.7,22.71792,75.8333,ERA5,Asia/Kolkata,Open-Meteo Historical Weather API
MP-Indore,2020-07-26,26.9,30.4,23.5,1.6,1.6,7.0,81,3.8,0.465,0.44,0.3,28.0,27.6,22.71792,75.8333,ERA5,Asia/Kolkata,Open-Meteo Historical Weather API
MP-Indore,2020-07-27,27.8,31.2,24.6,1.1,1.1,5.0,76,4.38,0.445,0.432,0.302,28.4,27.9,22.71792,75.8333,ERA5,Asia/Kolkata,Open-Meteo Historical Weather API
MP-Indore,2020-07-28,27.8,31.3,24.4,4.4,4.4,7.0,80,4.2,0.439,0.423,0.302,28.6,28.1,22.71792,75.8333,ERA5,Asia/Kolkata,Open-Meteo Historical Weather API
MP-Indore,2020-07-29,27.0,29.9,24.9,6.7,6.7,10.0,85,2.57,0.455,0.422,0.302,28.0,28.0,22.71792,75.8333,ERA5,Asia/Kolkata,Open-Meteo Historical Weather API
MP-Indore,2020-07-30,27.0,29.9,24.3,8.8,8.8,10.0,86,2.65,0.48,0.438,0.303,28.0,27.6,22.71792,75.8333,ERA5,Asia/Kolkata,Open-Meteo Historical Weather API
MP-Indore,2020-07-31,27.8,31.8,24.2,3.9,3.9,4.0,82,3.6,0.482,0.455,0.304,28.6,27.8,22.71792,75.8333,ERA5,Asia/Kolkata,Open-Meteo Historical Weather API
MP-Indore,2020-08-01,27.6,31.2,24.3,1.0,1.0,4.0,84,3.9,0.467,0.451,0.305,28.7,28.2,22.71792,75.8333,ERA5,Asia/Kolkata,Open-Meteo Historical Weather API
MP-Indore,2020-08-02,28.6,33.3,25.4,0.4,0.4,2.0,78,4.44,0.445,0.439,0.307,29.2,28.5,22.71792,75.8333,ERA5,Asia/Kolkata,Open-Meteo Historical Weather API
MP-Indore,2020-08-03,27.2,29.4,25.5,4.1,4.1,12.0,84,2.75,0.441,0.431,0.309,28.4,28.4,22.71792,75.8333,ERA5,Asia/Kolkata,Open-Meteo Historical Weather API
MP-Indore,2020-08-04,27.1,30.1,24.5,0.0,0.0,0.0,83,2.9,0.449,0.428,0.31,28.1,27.8,22.71792,75.8333,ERA5,Asia/Kolkata,Open-Meteo Historical Weather API
MP-Indore,2020-08-05,26.2,30.1,24.3,15.7,15.7,22.0,89,2.24,0.484,0.439,0.31,27.3,27.6,22.71792,75.8333,ERA5,Asia/Kolkata,Open-Meteo Historical Weather API
MP-Indore,2020-08-06,26.7,28.8,24.4,3.9,3.9,9.0,89,2.09,0.492,0.474,0.313,27.3,27.2,22.71792,75.8333,ERA5,Asia/Kolkata,Open-Meteo Historical Weather API
MP-Indore,2020-08-07,25.7,27.9,24.0,15.8,15.8,16.0,91,1.41,0.498,0.481,0.317,26.4,26.8,22.71792,75.8333,ERA5,Asia/Kolkata,Open-Meteo Historical Weather API
MP-Indore,2020-08-08,26.1,29.0,23.9,5.5,5.5,14.0,86,2.84,0.495,0.49,0.326,26.5,26.4,22.71792,75.8333,ERA5,Asia/Kolkata,Open-Meteo Historical Weather API
MP-Indore,2020-08-09,25.4,27.9,24.0,23.3,23.3,22.0,92,1.83,0.509,0.5,0.337,26.1,26.3,22.71792,75.8333,ERA5,Asia/Kolkata,Open-Meteo Historical Weather API
MP-Indore,2020-08-10,26.1,29.1,24.0,1.4,1.4,5.0,86,2.39,0.494,0.492,0.35,26.3,26.1,22.71792,75.8333,ERA5,Asia/Kolkata,Open-Meteo Historical Weather API
MP-Indore,2020-08-11,26.0,28.0,24.5,1.7,1.7,8.0,86,1.98,0.479,0.476,0.355,26.3,26.3,22.71792,75.8333,ERA5,Asia/Kolkata,Open-Meteo Historical Weather API
MP-Indore,2020-08-12,25.0,26.1,24.0,44.8,44.8,21.0,94,0.96,0.497,0.485,0.361,25.6,26.0,22.71792,75.8333,ERA5,Asia/Kolkata,Open-Meteo Historical Weather API
MP-Indore,2020-08-13,23.7,24.5,23.1,86.3,86.3,24.0,96,0.57,0.511,0.515,0.417,24.6,25.3,22.71792,75.8333,ERA5,Asia/Kolkata,Open-Meteo Historical Weather API
MP-Indore,2020-08-14,24.4,26.4,22.9,12.6,12.6,15.0,93,1.81,0.501,0.507,0.482,24.9,25.0,22.71792,75.8333,ERA5,Asia/Kolkata,Open-Meteo Historical Weather API
MP-Indore,2020-08-15,24.1,25.3,23.1,4.3,4.3,12.0,97,0.82,0.498,0.499,0.485,24.6,25.1,22.71792,75.8333,ERA5,Asia/Kolkata,Open-Meteo Historical Weather API
MP-Indore,2020-08-16,24.7,26.8,23.2,0.8,0.8,4.0,95,1.06,0.495,0.497,0.485,25.0,25.0,22.71792,75.8333,ERA5,Asia/Kolkata,Open-Meteo Historical Weather API
MP-Indore,2020-08-17,24.7,26.5,23.9,11.2,11.2,15.0,96,1.05,0.503,0.504,0.489,25.2,25.1,22.71792,75.8333,ERA5,Asia/Kolkata,Open-Meteo Historical Weather API
MP-Indore,2020-08-18,24.6,26.2,23.6,24.3,24.3,24.0,95,0.9,0.511,0.513,0.499,24.9,25.0,22.71792,75.8333,ERA5,Asia/Kolkata,Open-Meteo Historical Weather API
MP-Indore,2020-08-19,24.8,26.5,23.4,5.2,5.2,21.0,93,1.41,0.502,0.509,0.508,25.0,24.9,22.71792,75.8333,ERA5,Asia/Kolkata,Open-Meteo Historical Weather API
MP-Indore,2020-08-20,24.9,27.5,23.5,15.6,15.6,13.0,93,1.52,0.505,0.509,0.507,25.1,25.0,22.71792,75.8333,ERA5,Asia/Kolkata,Open-Meteo Historical Weather API
MP-Indore,2020-08-21,25.0,26.9,23.6,11.6,11.6,16.0,93,1.8,0.501,0.507,0.508,25.5,25.2,22.71792,75.8333,ERA5,Asia/Kolkata,Open-Meteo Historical Weather API
MP-Indore,2020-08-22,23.7,24.5,23.1,266.7,266.7,24.0,99,0.59,0.515,0.511,0.519,24.6,25.0,22.71792,75.8333,ERA5,Asia/Kolkata,Open-Meteo Historical Weather API
MP-Indore,2020-08-23,23.5,25.0,22.6,39.8,39.8,24.0,98,1.24,0.511,0.503,0.517,24.4,24.7,22.71792,75.8333,ERA5,Asia/Kolkata,Open-Meteo Historical Weather API
MP-Indore,2020-08-24,24.8,28.8,22.3,5.0,5.0,14.0,89,3.12,0.499,0.494,0.515,25.1,24.8,22.71792,75.8333,ERA5,Asia/Kolkata,Open-Meteo Historical Weather API
MP-Indore,2020-08-25,25.5,28.8,22.9,1.2,1.2,6.0,86,3.65,0.48,0.478,0.509,25.9,25.5,22.71792,75.8333,ERA5,Asia/Kolkata,Open-Meteo Historical Weather API
MP-Indore,2020-08-26,25.7,28.8,22.6,1.1,1.1,5.0,84,3.47,0.467,0.468,0.505,26.0,25.7,22.71792,75.8333,ERA5,Asia/Kolkata,Open-Meteo Historical Weather API
MP-Indore,2020-08-27,25.9,29.1,23.4,2.4,2.4,10.0,84,2.79,0.465,0.461,0.501,26.0,25.7,22.71792,75.8333,ERA5,Asia/Kolkata,Open-Meteo Historical Weather API
MP-Indore,2020-08-28,25.2,27.2,23.7,5.6,5.6,14.0,91,1.76,0.487,0.466,0.497,25.5,25.4,22.71792,75.8333,ERA5,Asia/Kolkata,Open-Meteo Historical Weather API
MP-Indore,2020-08-29,24.2,26.4,23.3,18.5,18.5,23.0,96,1.08,0.505,0.492,0.496,25.1,25.0,22.71792,75.8333,ERA5,Asia/Kolkata,Open-Meteo Historical Weather API
MP-Indore,2020-08-30,23.9,25.9,22.9,22.7,22.7,16.0,95,1.43,0.502,0.512,0.513,24.6,24.7,22.71792,75.8333,ERA5,Asia/Kolkata,Open-Meteo Historical Weather API
MP-Indore,2020-08-31,25.2,28.4,22.5,1.1,1.1,6.0,86,3.39,0.486,0.491,0.512,25.3,24.9,22.71792,75.8333,ERA5,Asia/Kolkata,Open-Meteo Historical Weather API
MP-Indore,2020-09-01,25.8,29.8,23.2,0.1,0.1,1.0,82,3.72,0.472,0.475,0.507,26.1,25.5,22.71792,75.8333,ERA5,Asia/Kolkata,Open-Meteo Historical Weather API
MP-Indore,2020-09-02,25.7,29.4,21.8,1.2,1.2,6.0,84,3.4,0.462,0.465,0.503,26.0,25.5,22.71792,75.8333,ERA5,Asia/Kolkata,Open-Meteo Historical Weather API
MP-Indore,2020-09-03,26.3,29.8,24.0,2.1,2.1,5.0,85,3.64,0.457,0.459,0.498,27.1,26.1,22.71792,75.8333,ERA5,Asia/Kolkata,Open-Meteo Historical Weather API
MP-Indore,2020-09-04,27.2,32.3,22.7,0.0,0.0,0.0,80,4.19,0.446,0.452,0.493,27.6,26.5,22.71792,75.8333,ERA5,Asia/Kolkata,Open-Meteo Historical Weather API
MP-Indore,2020-09-05,27.5,32.4,23.1,0.0,0.0,0.0,77,4.8,0.43,0.444,0.488,27.7,26.8,22.71792,75.8333,ERA5,Asia/Kolkata,Open-Meteo Historical Weather API
MP-Indore,2020-09-06,27.4,32.7,23.3,0.9,0.9,4.0,80,4.45,0.421,0.435,0.482,27.8,27.0,22.71792,75.8333,ERA5,Asia/Kolkata,Open-Meteo Historical Weather API
MP-Indore,2020-09-07,27.4,32.0,23.2,0.0,0.0,0.0,77,4.43,0.413,0.427,0.476,27.7,27.0,22.71792,75.8333,ERA5,Asia/Kolkata,Open-Meteo Historical Weather API
MP-Indore,2020-09-08,27.7,31.7,24.0,0.8,0.8,4.0,79,4.31,0.403,0.42,0.471,28.0,27.0,22.71792,75.8333,ERA5,Asia/Kolkata,Open-Meteo Historical Weather API
MP-Indore,2020-09-09,28.0,32.9,24.7,0.6,0.6,3.0,78,4.39,0.395,0.412,0.465,28.6,27.5,22.71792,75.8333,ERA5,Asia/Kolkata,Open-Meteo Historical Weather API
MP-Indore,2020-09-10,27.3,32.2,24.7,3.4,3.4,7.0,81,3.66,0.399,0.403,0.46,28.3,27.8,22.71792,75.8333,ERA5,Asia/Kolkata,Open-Meteo Historical Weather API
MP-Indore,2020-09-11,25.6,30.2,23.1,18.9,18.9,18.0,88,2.49,0.459,0.419,0.456,26.9,27.3,22.71792,75.8333,ERA5,Asia/Kolkata,Open-Meteo Historical Weather API
MP-Indore,2020-09-12,26.7,31.1,23.5,3.4,3.4,7.0,84,3.75,0.462,0.442,0.453,27.6,27.0,22.71792,75.8333,ERA5,Asia/Kolkata,Open-Meteo Historical Weather API
MP-Indore,2020-09-13,27.2,32.2,24.3,12.1,12.1,9.0,83,3.55,0.482,0.448,0.449,27.9,27.4,22.71792,75.8333,ERA5,Asia/Kolkata,Open-Meteo Historical Weather API
MP-Indore,2020-09-14,26.2,31.3,23.3,6.0,6.0,9.0,86,2.96,0.486,0.468,0.447,27.4,27.2,22.71792,75.8333,ERA5,Asia/Kolkata,Open-Meteo Historical Weather API
MP-Indore,2020-09-15,26.2,30.7,23.8,9.9,9.9,8.0,87,2.82,0.485,0.476,0.445,26.9,26.9,22.71792,75.8333,ERA5,Asia/Kolkata,Open-Meteo Historical Weather API
MP-Indore,2020-09-16,26.8,31.8,24.3,3.2,3.2,5.0,86,3.25,0.487,0.481,0.445,27.4,26.8,22.71792,75.8333,ERA5,Asia/Kolkata,Open-Meteo Historical Weather API
MP-Indore,2020-09-17,27.5,32.8,24.5,3.5,3.5,6.0,84,3.66,0.486,0.48,0.445,27.8,27.0,22.71792,75.8333,ERA5,Asia/Kolkata,Open-Meteo Historical Weather API
MP-Indore,2020-09-18,26.9,31.8,24.5,5.2,5.2,6.0,88,3.04,0.488,0.481,0.444,27.8,27.2,22.71792,75.8333,ERA5,Asia/Kolkata,Open-Meteo Historical Weather API
MP-Indore,2020-09-19,26.7,31.9,24.5,2.5,2.5,5.0,86,3.46,0.487,0.482,0.443,27.7,27.3,22.71792,75.8333,ERA5,Asia/Kolkata,Open-Meteo Historical Weather API
MP-Indore,2020-09-20,26.9,32.3,23.1,4.7,4.7,13.0,84,3.43,0.487,0.482,0.443,27.3,27.3,22.71792,75.8333,ERA5,Asia/Kolkata,Open-Meteo Historical Weather API
MP-Indore,2020-09-21,27.7,32.3,24.4,3.9,3.9,6.0,82,3.95,0.477,0.475,0.442,28.1,27.5,22.71792,75.8333,ERA5,Asia/Kolkata,Open-Meteo Historical Weather API
MP-Indore,2020-09-22,27.2,32.1,24.8,15.2,15.2,16.0,83,3.72,0.497,0.484,0.442,28.3,27.7,22.71792,75.8333,ERA5,Asia/Kolkata,Open-Meteo Historical Weather API
MP-Indore,2020-09-23,24.7,25.8,23.8,15.1,15.1,17.0,95,1.01,0.506,0.503,0.454,26.3,27.1,22.71792,75.8333,ERA5,Asia/Kolkata,Open-Meteo Historical Weather API
MP-Indore,2020-09-24,26.4,30.5,23.5,0.7,0.7,4.0,84,2.98,0.491,0.496,0.46,26.5,26.4,22.71792,75.8333,ERA5,Asia/Kolkata,Open-Meteo Historical Weather API
MP-Indore,2020-09-25,27.2,31.7,24.3,0.1,0.1,1.0,80,3.88,0.472,0.483,0.46,27.4,26.6,22.71792,75.8333,ERA5,Asia/Kolkata,Open-Meteo Historical Weather API
MP-Indore,2020-09-26,25.6,28.3,23.3,6.1,6.1,5.0,87,2.85,0.48,0.478,0.46,27.0,26.8,22.71792,75.8333,ERA5,Asia/Kolkata,Open-Meteo Historical Weather API
MP-Indore,2020-09-27,25.7,30.2,22.2,0.0,0.0,0.0,77,4.38,0.474,0.478,0.458,26.7,26.2,22.71792,75.8333,ERA5,Asia/Kolkata,Open-Meteo Historical Weather API
MP-Indore,2020-09-28,25.9,30.2,21.8,0.1,0.1,1.0,76,4.29,0.453,0.467,0.455,26.7,26.2,22.71792,75.8333,ERA5,Asia/Kolkata,Open-Meteo Historical Weather API
MP-Indore,2020-09-29,25.6,30.2,22.0,0.6,0.6,2.0,80,4.15,0.44,0.456,0.452,26.6,26.1,22.71792,75.8333,ERA5,Asia/Kolkata,Open-Meteo Historical Weather API
MP-Indore,2020-09-30,25.9,31.0,22.1,0.3,0.3,2.0,80,4.05,0.432,0.447,0.448,26.8,26.3,22.71792,75.8333,ERA5,Asia/Kolkata,Open-Meteo Historical Weather API
MP-Indore,2020-10-01,26.7,32.0,22.7,0.0,0.0,0.0,73,4.52,0.422,0.437,0.445,26.9,26.5,22.71792,75.8333,ERA5,Asia/Kolkata,Open-Meteo Historical Weather API
MP-Indore,2020-10-02,27.4,33.1,23.7,0.0,0.0,0.0,69,5.13,0.404,0.425,0.441,27.4,26.5,22.71792,75.8333,ERA5,Asia/Kolkata,Open-Meteo Historical Weather API
MP-Indore,2020-10-03,27.3,33.6,23.2,0.0,0.0,0.0,66,5.21,0.384,0.411,0.436,27.3,26.6,22.71792,75.8333,ERA5,Asia/Kolkata,Open-Meteo Historical Weather API
MP-Indore,2020-10-04,27.1,33.6,22.3,0.0,0.0,0.0,65,5.07,0.365,0.398,0.431,26.9,26.4,22.71792,75.8333,ERA5,Asia/Kolkata,Open-Meteo Historical Weather API
MP-Indore,2020-10-05,26.7,33.0,22.0,0.0,0.0,0.0,65,5.12,0.349,0.385,0.425,26.7,26.4,22.71792,75.8333,ERA5,Asia/Kolkata,Open-Meteo Historical Weather API
MP-Indore,2020-10-06,25.9,33.2,19.9,0.0,0.0,0.0,62,5.27,0.335,0.375,0.42,26.2,26.1,22.71792,75.8333,ERA5,Asia/Kolkata,Open-Meteo Historical Weather API
MP-Indore,2020-10-07,26.2,33.6,19.9,0.0,0.0,0.0,55,5.5,0.323,0.365,0.415,26.1,25.8,22.71792,75.8333,ERA5,Asia/Kolkata,Open-Meteo Historical Weather API
MP-Indore,2020-10-08,26.3,32.0,21.5,0.0,0.0,0.0,57,4.91,0.312,0.358,0.41,26.5,26.0,22.71792,75.8333,ERA5,Asia/Kolkata,Open-Meteo Historical Weather API
MP-Indore,2020-10-09,26.8,33.1,21.3,0.0,0.0,0.0,53,5.29,0.305,0.351,0.406,26.6,26.2,22.71792,75.8333,ERA5,Asia/Kolkata,Open-Meteo Historical Weather API
MP-Indore,2020-10-10,26.7,33.1,21.3,0.0,0.0,0.0,54,5.04,0.295,0.341,0.398,27.0,26.5,22.71792,75.8333,ERA5,Asia/Kolkata,Open-Meteo Historical Weather API
MP-Indore,2020-10-11,26.3,31.9,21.4,0.0,0.0,0.0,54,4.59,0.287,0.332,0.392,26.3,26.5,22.71792,75.8333,ERA5,Asia/Kolkata,Open-Meteo Historical Weather API
MP-Indore,2020-10-12,27.0,33.5,21.4,0.0,0.0,0.0,58,4.61,0.279,0.323,0.386,27.0,26.7,22.71792,75.8333,ERA5,Asia/Kolkata,Open-Meteo Historical Weather API
MP-Indore,2020-10-13,26.9,32.3,21.2,0.0,0.0,0.0,69,4.08,0.273,0.317,0.382,27.4,27.1,22.71792,75.8333,ERA5,Asia/Kolkata,Open-Meteo Historical Weather API
MP-Indore,2020-10-14,28.6,34.4,24.2,0.0,0.0,0.0,64,4.76,0.27,0.313,0.379,28.7,27.8,22.71792,75.8333,ERA5,Asia/Kolkata,Open-Meteo Historical Weather API
MP-Indore,2020-10-15,28.3,32.0,24.8,0.0,0.0,0.0,65,4.55,0.266,0.307,0.375,28.8,28.1,22.71792,75.8333,ERA5,Asia/Kolkata,Open-Meteo Historical Weather API
MP-Indore,2020-10-16,27.8,31.7,24.9,0.3,0.3,2.0,72,3.94,0.271,0.304,0.372,29.1,28.3,22.71792,75.8333,ERA5,Asia/Kolkata,Open-Meteo Historical Weather API
MP-Indore,2020-10-17,27.9,32.1,24.5,0.5,0.5,4.0,76,3.9,0.292,0.302,0.37,29.4,28.4,22.71792,75.8333,ERA5,Asia/Kolkata,Open-Meteo Historical Weather API
MP-Indore,2020-10-18,28.0,32.7,24.6,0.8,0.8,4.0,74,3.65,0.295,0.298,0.366,29.5,28.7,22.71792,75.8333,ERA5,Asia/Kolkata,Open-Meteo Historical Weather API
MP-Indore,2020-10-19,27.2,32.8,23.7,4.0,4.0,3.0,76,3.58,0.309,0.296,0.363,28.9,28.6,22.71792,75.8333,ERA5,Asia/Kolkata,Open-Meteo Historical Weather API
MP-Indore,2020-10-20,26.4,32.3,23.7,7.2,7.2,12.0,79,3.31,0.344,0.297,0.363,28.3,28.3,22.71792,75.8333,ERA5,Asia/Kolkata,Open-Meteo Historical Weather API
MP-Indore,2020-10-21,26.4,31.0,23.5,0.6,0.6,2.0,76,3.17,0.394,0.307,0.361,27.8,28.0,22.71792,75.8333,ERA5,Asia/Kolkata,Open-Meteo Historical Weather API
MP-Indore,2020-10-22,26.2,31.2,22.6,0.4,0.4,2.0,72,3.52,0.37,0.309,0.358,27.7,27.8,22.71792,75.8333,ERA5,Asia/Kolkata,Open-Meteo Historical Weather API
MP-Indore,2020-10-23,25.8,32.5,21.1,0.0,0.0,0.0,63,4.14,0.352,0.308,0.356,27.2,27.6,22.71792,75.8333,ERA5,Asia/Kolkata,Open-Meteo Historical Weather API
MP-Indore,2020-10-24,24.8,32.5,18.9,0.0,0.0,0.0,48,5.15,0.333,0.304,0.353,26.0,26.9,22.71792,75.8333,ERA5,Asia/Kolkata,Open-Meteo Historical Weather API
MP-Indore,2020-10-25,24.4,31.7,17.9,0.0,0.0,0.0,49,5.1,0.317,0.302,0.352,25.5,26.1,22.71792,75.8333,ERA5,Asia/Kolkata,Open-Meteo Historical Weather API
MP-Indore,2020-10-26,25.1,32.6,18.4,0.0,0.0,0.0,47,5.01,0.308,0.3,0.35,25.5,25.9,22.71792,75.8333,ERA5,Asia/Kolkata,Open-Meteo Historical Weather API
MP-Indore,2020-10-27,24.2,32.5,16.6,0.0,0.0,0.0,49,4.55,0.298,0.3,0.347,25.3,25.8,22.71792,75.8333,ERA5,Asia/Kolkata,Open-Meteo Historical Weather API
MP-Indore,2020-10-28,23.9,31.8,16.7,0.0,0.0,0.0,53,4.54,0.292,0.299,0.346,25.1,25.6,22.71792,75.8333,ERA5,Asia/Kolkata,Open-Meteo Historical Weather API
MP-Indore,2020-10-29,24.0,31.7,17.6,0.0,0.0,0.0,52,4.44,0.288,0.297,0.345,25.2,25.7,22.71792,75.8333,ERA5,Asia/Kolkata,Open-Meteo Historical Weather API
MP-Indore,2020-10-30,24.3,31.8,17.8,0.0,0.0,0.0,51,4.03,0.286,0.295,0.346,25.4,25.9,22.71792,75.8333,ERA5,Asia/Kolkata,Open-Meteo Historical Weather API
MP-Indore,2020-10-31,23.7,30.9,18.3,0.0,0.0,0.0,45,4.58,0.286,0.292,0.344,25.0,26.0,22.71792,75.8333,ERA5,Asia/Kolkata,Open-Meteo Historical Weather API
MP-Indore,2020-11-01,22.9,30.5,17.0,0.0,0.0,0.0,41,4.94,0.282,0.291,0.342,24.4,25.5,22.71792,75.8333,ERA5,Asia/Kolkata,Open-Meteo Historical Weather API
MP-Indore,2020-11-02,22.8,31.1,16.0,0.0,0.0,0.0,43,4.65,0.279,0.29,0.34,24.1,25.1,22.71792,75.8333,ERA5,Asia/Kolkata,Open-Meteo Historical Weather API
MP-Indore,2020-11-03,22.9,30.9,15.0,0.0,0.0,0.0,43,4.39,0.28,0.29,0.34,24.0,24.8,22.71792,75.8333,ERA5,Asia/Kolkata,Open-Meteo Historical Weather API
MP-Indore,2020-11-04,22.4,31.7,14.2,0.0,0.0,0.0,46,4.72,0.279,0.292,0.342,23.8,24.6,22.71792,75.8333,ERA5,Asia/Kolkata,Open-Meteo Historical Weather API
MP-Indore,2020-11-05,22.2,31.4,15.5,0.0,0.0,0.0,45,4.66,0.277,0.291,0.341,23.5,24.2,22.71792,75.8333,ERA5,Asia/Kolkata,Open-Meteo Historical Weather API
MP-Indore,2020-11-06,22.3,30.8,15.1,0.0,0.0,0.0,48,4.58,0.274,0.291,0.341,23.1,23.9,22.71792,75.8333,ERA5,Asia/Kolkata,Open-Meteo Historical Weather API
MP-Indore,2020-11-07,22.1,30.8,14.8,0.0,0.0,0.0,46,4.88,0.271,0.29,0.339,23.1,23.9,22.71792,75.8333,ERA5,Asia/Kolkata,Open-Meteo Historical Weather API
MP-Indore,2020-11-08,21.6,30.2,14.5,0.0,0.0,0.0,47,4.77,0.268,0.29,0.337,22.7,23.6,22.71792,75.8333,ERA5,Asia/Kolkata,Open-Meteo Historical Weather API
MP-Indore,2020-11-09,21.4,29.2,14.2,0.0,0.0,0.0,51,4.45,0.268,0.289,0.335,22.8,23.5,22.71792,75.8333,ERA5,Asia/Kolkata,Open-Meteo Historical Weather API
MP-Indore,2020-11-10,20.9,28.9,13.8,0.0,0.0,0.0,47,4.55,0.267,0.286,0.333,22.5,23.4,22.71792,75.8333,ERA5,Asia/Kolkata,Open-Meteo Historical Weather API
MP-Indore,2020-11-11,20.2,28.1,13.3,0.0,0.0,0.0,48,4.44,0.265,0.285,0.332,22.0,23.1,22.71792,75.8333,ERA5,Asia/Kolkata,Open-Meteo Historical Weather API
MP-Indore,2020-11-12,20.8,28.7,14.4,0.0,0.0,0.0,54,4.31,0.262,0.284,0.331,22.3,23.0,22.71792,75.8333,ERA5,Asia/Kolkata,Open-Meteo Historical Weather API
MP-Indore,2020-11-13,23.0,30.9,16.5,0.0,0.0,0.0,60,3.72,0.258,0.281,0.327,23.5,23.5,22.71792,75.8333,ERA5,Asia/Kolkata,Open-Meteo Historical Weather API
MP-Indore,2020-11-14,24.0,30.9,19.2,0.0,0.0,0.0,64,3.78,0.256,0.281,0.327,24.8,24.6,22.71792,75.8333,ERA5,Asia/Kolkata,Open-Meteo Historical Weather API
MP-Indore,2020-11-15,24.6,31.6,19.6,0.0,0.0,0.0,61,3.87,0.253,0.279,0.325,25.3,25.1,22.71792,75.8333,ERA5,Asia/Kolkata,Open-Meteo Historical Weather API
MP-Indore,2020-11-16,25.1,31.5,20.3,0.0,0.0,0.0,61,3.39,0.251,0.279,0.324,26.2,25.5,22.71792,75.8333,ERA5,Asia/Kolkata,Open-Meteo Historical Weather API
MP-Indore,2020-11-17,25.0,30.8,20.0,0.0,0.0,0.0,62,3.33,0.251,0.279,0.325,26.3,26.0,22.71792,75.8333,ERA5,Asia/Kolkata,Open-Meteo Historical Weather API
MP-Indore,2020-11-18,24.3,30.5,18.7,0.2,0.2,2.0,67,3.38,0.253,0.28,0.327,25.6,25.8,22.71792,75.8333,ERA5,Asia/Kolkata,Open-Meteo Historical Weather API
MP-Indore,2020-11-19,23.8,29.8,19.5,0.0,0.0,0.0,60,3.67,0.254,0.28,0.327,25.5,25.5,22.71792,75.8333,ERA5,Asia/Kolkata,Open-Meteo Historical Weather API
MP-Indore,2020-11-20,21.7,27.5,17.6,0.0,0.0,0.0,65,3.89,0.253,0.279,0.326,24.5,25.0,22.71792,75.8333,ERA5,Asia/Kolkata,Open-Meteo Historical Weather API
MP-Indore,2020-11-21,19.9,26.2,15.6,0.0,0.0,0.0,53,4.23,0.256,0.281,0.327,22.9,24.1,22.71792,75.8333,ERA5,Asia/Kolkata,Open-Meteo Historical Weather API
MP-Indore,2020-11-22,19.3,27.0,12.4,0.0,0.0,0.0,52,3.88,0.26,0.282,0.329,21.8,23.1,22.71792,75.8333,ERA5,Asia/Kolkata,Open-Meteo Historical Weather API
MP-Indore,2020-11-23,21.4,30.2,14.0,0.0,0.0,0.0,55,4.08,0.259,0.281,0.327,22.7,23.2,22.71792,75.8333,ERA5,Asia/Kolkata,Open-Meteo Historical Weather API
MP-Indore,2020-11-24,21.6,29.5,14.8,0.0,0.0,0.0,60,3.81,0.258,0.281,0.326,23.0,23.6,22.71792,75.8333,ERA5,Asia/Kolkata,Open-Meteo Historical Weather API
MP-Indore,2020-11-25,22.1,28.2,16.8,0.0,0.0,0.0,54,4.02,0.258,0.281,0.326,23.4,23.9,22.71792,75.8333,ERA5,Asia/Kolkata,Open-Meteo Historical Weather API
MP-Indore,2020-11-26,21.5,28.0,15.7,0.0,0.0,0.0,51,4.11,0.259,0.282,0.326,23.2,23.9,22.71792,75.8333,ERA5,Asia/Kolkata,Open-Meteo Historical Weather API
MP-Indore,2020-11-27,19.7,26.3,14.7,0.0,0.0,0.0,54,4.58,0.261,0.283,0.327,22.1,23.5,22.71792,75.8333,ERA5,Asia/Kolkata,Open-Meteo Historical Weather API
MP-Indore,2020-11-28,19.5,26.6,13.5,0.0,0.0,0.0,59,4.08,0.263,0.284,0.328,21.5,22.6,22.71792,75.8333,ERA5,Asia/Kolkata,Open-Meteo Historical Weather API
MP-Indore,2020-11-29,21.2,28.9,14.1,0.0,0.0,0.0,56,3.89,0.262,0.282,0.326,22.4,22.8,22.71792,75.8333,ERA5,Asia/Kolkata,Open-Meteo Historical Weather API
MP-Indore,2020-11-30,22.7,29.8,16.6,0.0,0.0,0.0,58,3.61,0.259,0.279,0.323,24.0,23.8,22.71792,75.8333,ERA5,Asia/Kolkata,Open-Meteo Historical Weather API
MP-Indore,2020-12-01,22.2,30.0,16.0,0.0,0.0,0.0,51,4.01,0.259,0.277,0.322,23.8,24.3,22.71792,75.8333,ERA5,Asia/Kolkata,Open-Meteo Historical Weather API
MP-Indore,2020-12-02,20.8,29.3,13.8,0.0,0.0,0.0,52,3.96,0.261,0.276,0.32,22.7,23.8,22.71792,75.8333,ERA5,Asia/Kolkata,Open-Meteo Historical Weather API
MP-Indore,2020-12-03,20.6,30.0,12.8,0.0,0.0,0.0,54,3.9,0.263,0.278,0.321,22.0,23.1,22.71792,75.8333,ERA5,Asia/Kolkata,Open-Meteo Historical Weather API
MP-Indore,2020-12-04,21.4,30.9,12.9,0.0,0.0,0.0,52,3.79,0.266,0.279,0.322,22.0,22.9,22.71792,75.8333,ERA5,Asia/Kolkata,Open-Meteo Historical Weather API
MP-Indore,2020-12-05,22.3,30.8,15.6,0.0,0.0,0.0,47,3.88,0.267,0.282,0.324,21.9,22.8,22.71792,75.8333,ERA5,Asia/Kolkata,Open-Meteo Historical Weather API
MP-Indore,2020-12-06,22.3,30.3,16.0,0.0,0.0,0.0,45,3.8,0.267,0.284,0.325,21.6,22.6,22.71792,75.8333,ERA5,Asia/Kolkata,Open-Meteo Historical Weather API
MP-Indore,2020-12-07,22.0,30.4,15.4,0.0,0.0,0.0,50,3.62,0.265,0.285,0.326,21.7,22.5,22.71792,75.8333,ERA5,Asia/Kolkata,Open-Meteo Historical Weather API
MP-Indore,2020-12-08,22.1,30.5,15.0,0.0,0.0,0.0,55,3.82,0.265,0.285,0.325,22.6,22.7,22.71792,75.8333,ERA5,Asia/Kolkata,Open-Meteo Historical Weather API
MP-Indore,2020-12-09,22.3,30.4,15.1,0.0,0.0,0.0,57,3.74,0.265,0.286,0.326,22.7,22.9,22.71792,75.8333,ERA5,Asia/Kolkata,Open-Meteo Historical Weather API
MP-Indore,2020-12-10,22.5,29.8,16.4,0.0,0.0,0.0,54,3.51,0.263,0.285,0.325,23.1,23.1,22.71792,75.8333,ERA5,Asia/Kolkata,Open-Meteo Historical Weather API
MP-Indore,2020-12-11,19.6,23.1,18.4,16.8,16.8,14.0,77,1.58,0.327,0.286,0.325,21.4,22.8,22.71792,75.8333,ERA5,Asia/Kolkata,Open-Meteo Historical Weather API
MP-Indore,2020-12-12,19.2,21.6,17.4,7.3,7.3,19.0,88,1.68,0.447,0.302,0.326,21.0,21.7,22.71792,75.8333,ERA5,Asia/Kolkata,Open-Meteo Historical Weather API
MP-Indore,2020-12-13,19.3,21.5,17.2,0.9,0.9,2.0,86,1.76,0.439,0.323,0.328,21.0,21.4,22.71792,75.8333,ERA5,Asia/Kolkata,Open-Meteo Historical Weather API
MP-Indore,2020-12-14,18.6,21.3,16.1,1.7,1.7,9.0,89,1.53,0.421,0.332,0.329,20.2,21.1,22.71792,75.8333,ERA5,Asia/Kolkata,Open-Meteo Historical Weather API
MP-Indore,2020-12-15,18.9,23.1,16.0,1.0,1.0,5.0,90,1.81,0.416,0.337,0.331,20.4,21.1,22.71792,75.8333,ERA5,Asia/Kolkata,Open-Meteo Historical Weather API
MP-Indore,2020-12-16,18.1,22.0,15.0,1.1,1.1,6.0,88,1.86,0.412,0.342,0.333,19.7,21.0,22.71792,75.8333,ERA5,Asia/Kolkata,Open-Meteo Historical Weather API
MP-Indore,2020-12-17,16.7,22.6,13.0,0.0,0.0,0.0,79,2.76,0.4,0.344,0.334,19.0,20.4,22.71792,75.8333,ERA5,Asia/Kolkata,Open-Meteo Historical Weather API
MP-Indore,2020-12-18,15.7,22.7,10.6,0.0,0.0,0.0,71,3.0,0.382,0.344,0.335,18.1,19.5,22.71792,75.8333,ERA5,Asia/Kolkata,Open-Meteo Historical Weather API
MP-Indore,2020-12-19,15.4,23.6,9.3,0.0,0.0,0.0,60,3.36,0.365,0.341,0.334,17.3,18.8,22.71792,75.8333,ERA5,Asia/Kolkata,Open-Meteo Historical Weather API
MP-Indore,2020-12-20,15.6,24.3,8.6,0.0,0.0,0.0,57,3.44,0.349,0.334,0.33,16.6,18.2,22.71792,75.8333,ERA5,Asia/Kolkata,Open-Meteo Historical Weather API
MP-Indore,2020-12-21,16.0,25.4,7.8,0.0,0.0,0.0,59,3.58,0.333,0.326,0.326,16.8,17.9,22.71792,75.8333,ERA5,Asia/Kolkata,Open-Meteo Historical Weather API
MP-Indore,2020-12-22,17.1,26.4,9.0,0.0,0.0,0.0,59,3.61,0.318,0.318,0.321,17.6,18.1,22.71792,75.8333,ERA5,Asia/Kolkata,Open-Meteo Historical Weather API
MP-Indore,2020-12-23,17.8,26.0,10.7,0.0,0.0,0.0,56,3.67,0.306,0.311,0.318,18.4,18.6,22.71792,75.8333,ERA5,Asia/Kolkata,Open-Meteo Historical Weather API
MP-Indore,2020-12-24,18.4,26.7,11.7,0.0,0.0,0.0,56,3.57,0.294,0.302,0.312,19.0,19.0,22.71792,75.8333,ERA5,Asia/Kolkata,Open-Meteo Historical Weather API
MP-Indore,2020-12-25,18.3,25.9,12.3,0.0,0.0,0.0,57,3.77,0.287,0.296,0.309,19.1,19.5,22.71792,75.8333,ERA5,Asia/Kolkata,Open-Meteo Historical Weather API
MP-Indore,2020-12-26,18.8,27.3,12.0,0.0,0.0,0.0,59,3.64,0.282,0.292,0.306,19.6,19.7,22.71792,75.8333,ERA5,Asia/Kolkata,Open-Meteo Historical Weather API
MP-Indore,2020-12-27,19.8,27.8,13.6,0.0,0.0,0.0,61,3.73,0.277,0.288,0.303,20.3,20.3,22.71792,75.8333,ERA5,Asia/Kolkata,Open-Meteo Historical Weather API
MP-Indore,2020-12-28,15.6,22.3,11.1,0.0,0.0,0.0,51,3.73,0.276,0.289,0.305,18.4,20.1,22.71792,75.8333,ERA5,Asia/Kolkata,Open-Meteo Historical Weather API
MP-Indore,2020-12-29,13.9,21.4,7.7,0.0,0.0,0.0,48,3.65,0.279,0.293,0.309,16.4,18.6,22.71792,75.8333,ERA5,Asia/Kolkata,Open-Meteo Historical Weather API
MP-Indore,2020-12-30,14.7,21.2,9.5,0.0,0.0,0.0,59,3.32,0.282,0.298,0.314,16.7,18.4,22.71792,75.8333,ERA5,Asia/Kolkata,Open-Meteo Historical Weather API
MP-Indore,2020-12-31,16.2,24.1,10.4,0.0,0.0,0.0,66,3.27,0.281,0.3,0.316,17.7,18.7,22.71792,75.8333,ERA5,Asia/Kolkata,Open-Meteo Historical Weather API
MP-Indore,2021-01-01,18.9,25.6,12.5,0.0,0.0,0.0,68,3.47,0.279,0.299,0.316,19.1,19.4,22.71792,75.8333,ERA5,Asia/Kolkata,Open-Meteo Historical Weather API
MP-Indore,2021-01-02,21.4,27.0,17.0,0.8,0.8,3.0,66,3.58,0.282,0.299,0.316,21.4,20.8,22.71792,75.8333,ERA5,Asia/Kolkata,Open-Meteo Historical Weather API
MP-Indore,2021-01-03,21.6,26.7,17.7,1.3,1.3,6.0,73,3.15,0.299,0.297,0.316,22.1,21.7,22.71792,75.8333,ERA5,Asia/Kolkata,Open-Meteo Historical Weather API
MP-Indore,2021-01-04,19.4,21.7,17.7,4.2,4.2,13.0,78,1.99,0.32,0.3,0.319,20.3,21.3,22.71792,75.8333,ERA5,Asia/Kolkata,Open-Meteo Historical Weather API
MP-Indore,2021-01-05,20.4,25.9,16.5,0.7,0.7,5.0,74,2.65,0.347,0.303,0.321,20.6,20.6,22.71792,75.8333,ERA5,Asia/Kolkata,Open-Meteo Historical Weather API
MP-Indore,2021-01-06,21.3,27.1,16.0,0.0,0.0,0.0,70,3.03,0.335,0.302,0.321,21.7,21.2,22.71792,75.8333,ERA5,Asia/Kolkata,Open-Meteo Historical Weather API
MP-Indore,2021-01-07,20.4,24.9,16.1,0.0,0.0,0.0,78,2.63,0.326,0.303,0.322,21.3,21.7,22.71792,75.8333,ERA5,Asia/Kolkata,Open-Meteo Historical Weather API
MP-Indore,2021-01-08,21.5,26.2,16.7,0.0,0.0,0.0,73,2.94,0.319,0.304,0.323,21.9,21.9,22.71792,75.8333,ERA5,Asia/Kolkata,Open-Meteo Historical Weather API
MP-Indore,2021-01-09,20.6,22.6,18.4,6.1,6.1,12.0,87,1.41,0.352,0.303,0.323,21.8,22.2,22.71792,75.8333,ERA5,Asia/Kolkata,Open-Meteo Historical Weather API
MP-Indore,2021-01-10,20.2,25.1,16.8,0.1,0.1,1.0,86,2.54,0.361,0.309,0.327,21.5,21.8,22.71792,75.8333,ERA5,Asia/Kolkata,Open-Meteo Historical Weather API
MP-Indore,2021-01-11,20.3,25.8,16.6,0.1,0.1,1.0,83,2.81,0.352,0.313,0.33,21.8,21.9,22.71792,75.8333,ERA5,Asia/Kolkata,Open-Meteo Historical Weather API
MP-Indore,2021-01-12,18.6,24.9,14.2,0.0,0.0,0.0,77,3.11,0.342,0.313,0.331,20.8,21.7,22.71792,75.8333,ERA5,Asia/Kolkata,Open-Meteo Historical Weather API
MP-Indore,2021-01-13,16.2,24.5,10.4,0.0,0.0,0.0,58,3.54,0.331,0.313,0.332,18.7,20.4,22.71792,75.8333,ERA5,Asia/Kolkata,Open-Meteo Historical Weather API
MP-Indore,2021-01-14,17.0,26.0,9.7,0.0,0.0,0.0,55,3.84,0.317,0.309,0.33,18.2,19.2,22.71792,75.8333,ERA5,Asia/Kolkata,Open-Meteo Historical Weather API
MP-Indore,2021-01-15,19.3,28.0,10.9,0.0,0.0,0.0,55,3.83,0.303,0.3,0.325,19.6,19.5,22.71792,75.8333,ERA5,Asia/Kolkata,Open-Meteo Historical Weather API
MP-Indore,2021-01-16,21.2,28.2,15.2,0.0,0.0,0.0,58,3.87,0.291,0.292,0.318,21.6,21.0,22.71792,75.8333,ERA5,Asia/Kolkata,Open-Meteo Historical Weather API
MP-Indore,2021-01-17,22.5,29.2,17.4,0.0,0.0,0.0,58,4.12,0.285,0.289,0.316,22.6,22.1,22.71792,75.8333,ERA5,Asia/Kolkata,Open-Meteo Historical Weather API
MP-Indore,2021-01-18,22.8,29.3,18.3,0.0,0.0,0.0,65,3.33,0.282,0.289,0.317,23.0,22.9,22.71792,75.8333,ERA5,Asia/Kolkata,Open-Meteo Historical Weather API
MP-Indore,2021-01-19,21.1,29.0,15.8,0.0,0.0,0.0,65,3.85,0.282,0.288,0.316,22.8,22.9,22.71792,75.8333,ERA5,Asia/Kolkata,Open-Meteo Historical Weather API
MP-Indore,2021-01-20,19.5,26.7,13.1,0.0,0.0,0.0,64,3.63,0.279,0.289,0.317,21.6,22.2,22.71792,75.8333,ERA5,Asia/Kolkata,Open-Meteo Historical Weather API
MP-Indore,2021-01-21,19.4,27.9,12.1,0.0,0.0,0.0,49,4.06,0.276,0.284,0.314,21.1,21.8,22.71792,75.8333,ERA5,Asia/Kolkata,Open-Meteo Historical Weather API
MP-Indore,2021-01-22,19.7,28.6,11.3,0.0,0.0,0.0,46,4.39,0.272,0.279,0.31,20.2,21.1,22.71792,75.8333,ERA5,Asia/Kolkata,Open-Meteo Historical Weather API
MP-Indore,2021-01-23,20.4,29.1,13.6,0.0,0.0,0.0,56,4.3,0.269,0.277,0.307,20.9,21.2,22.71792,75.8333,ERA5,Asia/Kolkata,Open-Meteo Historical Weather API
MP-Indore,2021-01-24,18.7,26.3,11.9,0.0,0.0,0.0,60,3.87,0.27,0.279,0.309,20.7,21.3,22.71792,75.8333,ERA5,Asia/Kolkata,Open-Meteo Historical Weather API
MP-Indore,2021-01-25,17.2,24.0,11.5,0.0,0.0,0.0,55,4.02,0.272,0.283,0.314,19.9,21.0,22.71792,75.8333,ERA5,Asia/Kolkata,Open-Meteo Historical Weather API
MP-Indore,2021-01-26,15.9,23.5,9.6,0.0,0.0,0.0,54,3.98,0.275,0.288,0.32,18.7,20.3,22.71792,75.8333,ERA5,Asia/Kolkata,Open-Meteo Historical Weather API
MP-Indore,2021-01-27,15.4,23.1,8.3,0.0,0.0,0.0,54,3.92,0.277,0.292,0.324,18.1,19.8,22.71792,75.8333,ERA5,Asia/Kolkata,Open-Meteo Historical Weather API
MP-Indore,2021-01-28,16.3,24.3,9.3,0.0,0.0,0.0,54,4.05,0.278,0.297,0.329,18.4,19.5,22.71792,75.8333,ERA5,Asia/Kolkata,Open-Meteo Historical Weather API
MP-Indore,2021-01-29,15.2,23.0,8.8,0.0,0.0,0.0,51,4.15,0.279,0.3,0.331,17.7,19.3,22.71792,75.8333,ERA5,Asia/Kolkata,Open-Meteo Historical Weather API
MP-Indore,2021-01-30,15.4,24.1,8.2,0.0,0.0,0.0,43,4.23,0.275,0.295,0.328,17.4,18.6,22.71792,75.8333,ERA5,Asia/Kolkata,Open-Meteo Historical Weather API
MP-Indore,2021-01-31,16.9,25.4,9.2,0.0,0.0,0.0,43,4.11,0.273,0.289,0.324,18.2,18.8,22.71792,75.8333,ERA5,Asia/Kolkata,Open-Meteo Historical Weather API
MP-Indore,2021-02-01,18.5,28.0,10.2,0.0,0.0,0.0,41,4.36,0.271,0.285,0.321,19.3,19.4,22.71792,75.8333,ERA5,Asia/Kolkata,Open-Meteo Historical Weather API
MP-Indore,2021-02-02,20.3,30.3,11.6,0.0,0.0,0.0,44,4.64,0.27,0.279,0.315,20.5,20.1,22.71792,75.8333,ERA5,Asia/Kolkata,Open-Meteo Historical Weather API
MP-Indore,2021-02-03,21.7,29.8,14.2,0.0,0.0,0.0,46,4.49,0.268,0.276,0.31,20.8,20.7,22.71792,75.8333,ERA5,Asia/Kolkata,Open-Meteo Historical Weather API
MP-Indore,2021-02-04,21.5,28.7,16.0,0.0,0.0,0.0,49,3.78,0.271,0.276,0.311,21.3,21.2,22.71792,75.8333,ERA5,Asia/Kolkata,Open-Meteo Historical Weather API
MP-Indore,2021-02-05,19.8,25.6,15.3,0.0,0.0,0.0,51,4.26,0.275,0.28,0.316,21.2,21.5,22.71792,75.8333,ERA5,Asia/Kolkata,Open-Meteo Historical Weather API
MP-Indore,2021-02-06,17.6,24.6,12.4,0.0,0.0,0.0,46,4.8,0.277,0.285,0.321,19.9,20.9,22.71792,75.8333,ERA5,Asia/Kolkata,Open-Meteo Historical Weather API
MP-Indore,2021-02-07,17.3,25.1,10.4,0.0,0.0,0.0,48,4.45,0.278,0.289,0.323,19.3,20.0,22.71792,75.8333,ERA5,Asia/Kolkata,Open-Meteo Historical Weather API
MP-Indore,2021-02-08,17.9,26.8,10.3,0.0,0.0,0.0,51,4.41,0.277,0.289,0.324,19.3,19.8,22.71792,75.8333,ERA5,Asia/Kolkata,Open-Meteo Historical Weather API
MP-Indore,2021-02-09,19.7,29.3,10.7,0.0,0.0,0.0,50,4.22,0.274,0.284,0.32,19.8,20.0,22.71792,75.8333,ERA5,Asia/Kolkata,Open-Meteo Historical Weather API
MP-Indore,2021-02-10,21.3,30.0,14.4,0.0,0.0,0.0,47,4.45,0.271,0.278,0.313,20.7,20.6,22.71792,75.8333,ERA5,Asia/Kolkata,Open-Meteo Historical Weather API
MP-Indore,2021-02-11,21.3,29.9,12.5,0.0,0.0,0.0,50,4.53,0.266,0.274,0.305,21.7,21.3,22.71792,75.8333,ERA5,Asia/Kolkata,Open-Meteo Historical Weather API
MP-Indore,2021-02-12,22.2,30.5,14.7,0.0,0.0,0.0,37,4.92,0.268,0.272,0.303,22.8,22.2,22.71792,75.8333,ERA5,Asia/Kolkata,Open-Meteo Historical Weather API
MP-Indore,2021-02-13,22.9,31.1,15.1,0.0,0.0,0.0,44,4.95,0.266,0.272,0.302,23.6,22.8,22.71792,75.8333,ERA5,Asia/Kolkata,Open-Meteo Historical Weather API
MP-Indore,2021-02-14,23.1,31.1,16.1,0.0,0.0,0.0,49,4.5,0.266,0.273,0.304,24.0,23.4,22.71792,75.8333,ERA5,Asia/Kolkata,Open-Meteo Historical Weather API
MP-Indore,2021-02-15,22.9,30.8,15.9,0.1,0.1,1.0,48,4.74,0.27,0.276,0.307,24.0,23.6,22.71792,75.8333,ERA5,Asia/Kolkata,Open-Meteo Historical Weather API
MP-Indore,2021-02-16,22.0,28.9,16.8,0.7,0.7,4.0,54,4.2,0.275,0.278,0.31,23.4,23.4,22.71792,75.8333,ERA5,Asia/Kolkata,Open-Meteo Historical Weather API
MP-Indore,2021-02-17,21.7,29.0,15.4,0.0,0.0,0.0,47,4.55,0.279,0.281,0.312,23.3,23.0,22.71792,75.8333,ERA5,Asia/Kolkata,Open-Meteo Historical Weather API
MP-Indore,2021-02-18,21.3,27.7,15.2,0.0,0.0,0.0,54,4.11,0.278,0.284,0.315,23.0,23.0,22.71792,75.8333,ERA5,Asia/Kolkata,Open-Meteo Historical Weather API
MP-Indore,2021-02-19,21.1,28.1,14.2,0.0,0.0,0.0,47,4.9,0.279,0.285,0.316,22.5,22.6,22.71792,75.8333,ERA5,Asia/Kolkata,Open-Meteo Historical Weather API
MP-Indore,2021-02-20,21.4,28.4,15.4,0.0,0.0,0.0,41,5.67,0.275,0.284,0.315,22.7,22.7,22.71792,75.8333,ERA5,Asia/Kolkata,Open-Meteo Historical Weather API
MP-Indore,2021-02-21,21.9,29.5,15.4,0.0,0.0,0.0,43,5.27,0.274,0.284,0.315,23.1,22.7,22.71792,75.8333,ERA5,Asia/Kolkata,Open-Meteo Historical Weather API
MP-Indore,2021-02-22,22.4,31.3,14.2,0.0,0.0,0.0,44,4.96,0.276,0.284,0.315,23.4,23.1,22.71792,75.8333,ERA5,Asia/Kolkata,Open-Meteo Historical Weather API
MP-Indore,2021-02-23,23.6,32.7,15.8,0.0,0.0,0.0,42,5.03,0.272,0.283,0.313,23.8,23.5,22.71792,75.8333,ERA5,Asia/Kolkata,Open-Meteo Historical Weather API
MP-Indore,2021-02-24,24.1,33.3,16.0,0.0,0.0,0.0,45,5.36,0.271,0.279,0.31,24.8,24.0,22.71792,75.8333,ERA5,Asia/Kolkata,Open-Meteo Historical Weather API
MP-Indore,2021-02-25,24.9,34.0,17.1,0.0,0.0,0.0,47,5.9,0.269,0.278,0.309,25.4,24.5,22.71792,75.8333,ERA5,Asia/Kolkata,Open-Meteo Historical Weather API
MP-Indore,2021-02-26,24.6,33.3,16.7,0.0,0.0,0.0,45,5.88,0.267,0.276,0.307,25.4,24.7,22.71792,75.8333,ERA5,Asia/Kolkata,Open-Meteo Historical Weather API
MP-Indore,2021-02-27,25.9,34.5,18.3,0.0,0.0,0.0,45,6.05,0.265,0.273,0.304,26.0,25.1,22.71792,75.8333,ERA5,Asia/Kolkata,Open-Meteo Historical Weather API
MP-Indore,2021-02-28,26.0,34.1,19.3,0.0,0.0,0.0,42,5.81,0.262,0.272,0.301,26.9,25.7,22.71792,75.8333,ERA5,Asia/Kolkata,Open-Meteo Historical Weather API
MP-Indore,2021-03-01,26.0,34.3,19.2,0.0,0.0,0.0,41,6.63,0.264,0.272,0.301,26.9,26.2,22.71792,75.8333,ERA5,Asia/Kolkata,Open-Meteo Historical Weather API
MP-Indore,2021-03-02,24.5,33.5,16.8,0.0,0.0,0.0,36,5.65,0.263,0.273,0.301,26.2,25.6,22.71792,75.8333,ERA5,Asia/Kolkata,Open-Meteo Historical Weather API
MP-Indore,2021-03-03,24.7,33.8,15.4,0.0,0.0,0.0,38,5.34,0.263,0.273,0.301,25.8,25.5,22.71792,75.8333,ERA5,Asia/Kolkata,Open-Meteo Historical Weather API
MP-Indore,2021-03-04,25.4,35.6,17.1,0.0,0.0,0.0,33,6.42,0.262,0.274,0.302,25.6,25.4,22.71792,75.8333,ERA5,Asia/Kolkata,Open-Meteo Historical Weather API
MP-Indore,2021-03-05,25.5,34.2,18.0,0.0,0.0,0.0,31,6.66,0.26,0.273,0.301,26.3,25.7,22.71792,75.8333,ERA5,Asia/Kolkata,Open-Meteo Historical Weather API
MP-Indore,2021-03-06,26.5,35.0,18.9,0.0,0.0,0.0,26,5.94,0.26,0.272,0.3,26.3,25.8,22.71792,75.8333,ERA5,Asia/Kolkata,Open-Meteo Historical Weather API
MP-Indore,2021-03-07,27.0,35.7,18.5,0.0,0.0,0.0,36,6.71,0.255,0.269,0.295,27.8,26.4,22.71792,75.8333,ERA5,Asia/Kolkata,Open-Meteo Historical Weather API
MP-Indore,2021-03-08,27.0,35.9,19.0,0.0,0.0,0.0,30,6.93,0.257,0.268,0.292,27.8,26.9,22.71792,75.8333,ERA5,Asia/Kolkata,Open-Meteo Historical Weather API
MP-Indore,2021-03-09,26.8,35.4,17.9,0.0,0.0,0.0,35,6.58,0.258,0.269,0.295,27.7,27.1,22.71792,75.8333,ERA5,Asia/Kolkata,Open-Meteo Historical Weather API
MP-Indore,2021-03-10,27.2,35.3,19.8,0.0,0.0,0.0,33,6.68,0.261,0.27,0.296,28.2,27.4,22.71792,75.8333,ERA5,Asia/Kolkata,Open-Meteo Historical Weather API
MP-Indore,2021-03-11,26.9,33.9,19.5,0.0,0.0,0.0,37,5.39,0.265,0.274,0.301,27.8,27.4,22.71792,75.8333,ERA5,Asia/Kolkata,Open-Meteo Historical Weather API
MP-Indore,2021-03-12,24.9,33.6,19.5,1.6,1.6,3.0,50,5.1,0.276,0.279,0.308,27.0,27.2,22.71792,75.8333,ERA5,Asia/Kolkata,Open-Meteo Historical Weather API
MP-Indore,2021-03-13,24.6,32.9,17.2,0.0,0.0,0.0,54,5.33,0.29,0.283,0.313,26.4,26.3,22.71792,75.8333,ERA5,Asia/Kolkata,Open-Meteo Historical Weather API
MP-Indore,2021-03-14,26.8,34.2,19.0,0.0,0.0,0.0,43,5.03,0.281,0.283,0.312,27.3,26.6,22.71792,75.8333,ERA5,Asia/Kolkata,Open-Meteo Historical Weather API
MP-Indore,2021-03-15,27.1,34.3,20.2,0.3,0.3,1.0,43,4.97,0.273,0.281,0.31,27.5,26.8,22.71792,75.8333,ERA5,Asia/Kolkata,Open-Meteo Historical Weather API
MP-Indore,2021-03-16,28.1,35.8,21.3,0.0,0.0,0.0,40,5.39,0.268,0.28,0.309,28.6,27.3,22.71792,75.8333,ERA5,Asia/Kolkata,Open-Meteo Historical Weather API
MP-Indore,2021-03-17,28.8,35.6,23.0,0.0,0.0,0.0,36,5.27,0.263,0.28,0.309,29.0,27.9,22.71792,75.8333,ERA5,Asia/Kolkata,Open-Meteo Historical Weather API
MP-Indore,2021-03-18,27.3,34.3,22.4,0.9,0.9,1.0,43,5.24,0.265,0.28,0.309,28.8,28.3,22.71792,75.8333,ERA5,Asia/Kolkata,Open-Meteo Historical Weather API
MP-Indore,2021-03-19,25.4,32.0,21.5,2.0,2.0,4.0,54,5.04,0.281,0.286,0.315,27.8,28.0,22.71792,75.8333,ERA5,Asia/Kolkata,Open-Meteo Historical Weather API
MP-Indore,2021-03-20,26.0,33.5,19.8,0.2,0.2,1.0,46,5.52,0.295,0.293,0.321,27.0,27.2,22.71792,75.8333,ERA5,Asia/Kolkata,Open-Meteo Historical Weather API
MP-Indore,2021-03-21,26.9,34.2,20.5,0.0,0.0,0.0,45,6.21,0.288,0.295,0.323,27.6,27.1,22.71792,75.8333,ERA5,Asia/Kolkata,Open-Meteo Historical Weather API
MP-Indore,2021-03-22,27.0,34.3,21.0,0.0,0.0,0.0,39,6.25,0.284,0.297,0.325,28.0,27.3,22.71792,75.8333,ERA5,Asia/Kolkata,Open-Meteo Historical Weather API
MP-Indore,2021-03-23,26.4,33.6,19.9,0.1,0.1,1.0,44,5.82,0.281,0.298,0.327,27.3,27.1,22.71792,75.8333,ERA5,Asia/Kolkata,Open-Meteo Historical Weather API
MP-Indore,2021-03-24,26.9,34.5,19.2,0.0,0.0,0.0,42,6.01,0.277,0.298,0.327,27.5,26.9,22.71792,75.8333,ERA5,Asia/Kolkata,Open-Meteo Historical Weather API
MP-Indore,2021-03-25,27.0,34.1,21.0,0.0,0.0,0.0,32,7.33,0.272,0.296,0.326,28.0,27.2,22.71792,75.8333,ERA5,Asia/Kolkata,Open-Meteo Historical Weather API
MP-Indore,2021-03-26,26.7,34.4,18.9,0.0,0.0,0.0,29,7.23,0.267,0.292,0.323,27.9,27.2,22.71792,75.8333,ERA5,Asia/Kolkata,Open-Meteo Historical Weather API
MP-Indore,2021-03-27,28.8,37.1,21.1,0.0,0.0,0.0,29,6.32,0.263,0.287,0.319,28.4,27.4,22.71792,75.8333,ERA5,Asia/Kolkata,Open-Meteo Historical Weather API
MP-Indore,2021-03-28,29.8,38.9,21.2,0.0,0.0,0.0,28,7.39,0.263,0.281,0.314,30.0,28.4,22.71792,75.8333,ERA5,Asia/Kolkata,Open-Meteo Historical Weather API
MP-Indore,2021-03-29,30.6,39.4,22.5,0.0,0.0,0.0,27,8.29,0.26,0.275,0.308,30.7,29.2,22.71792,75.8333,ERA5,Asia/Kolkata,Open-Meteo Historical Weather API
MP-Indore,2021-03-30,30.5,38.1,23.0,0.0,0.0,0.0,26,9.95,0.257,0.27,0.301,30.8,29.6,22.71792,75.8333,ERA5,Asia/Kolkata,Open-Meteo Historical Weather API
MP-Indore,2021-03-31,30.9,37.9,24.5,0.0,0.0,0.0,32,9.24,0.25,0.269,0.298,31.8,30.0,22.71792,75.8333,ERA5,Asia/Kolkata,Open-Meteo Historical Weather API
MP-Indore,2021-04-01,29.4,36.8,23.7,0.0,0.0,0.0,36,7.34,0.249,0.268,0.297,31.8,30.5,22.71792,75.8333,ERA5,Asia/Kolkata,Open-Meteo Historical Weather API
MP-Indore,2021-04-02,29.3,37.7,21.1,0.0,0.0,0.0,23,7.88,0.252,0.27,0.297,31.0,30.1,22.71792,75.8333,ERA5,Asia/Kolkata,Open-Meteo Historical Weather API
MP-Indore,2021-04-03,29.5,37.5,22.1,0.0,0.0,0.0,24,7.77,0.251,0.27,0.297,31.2,30.1,22.71792,75.8333,ERA5,Asia/Kolkata,Open-Meteo Historical Weather API
MP-Indore,2021-04-04,29.9,38.2,22.2,0.0,0.0,0.0,25,7.14,0.253,0.269,0.293,31.6,30.4,22.71792,75.8333,ERA5,Asia/Kolkata,Open-Meteo Historical Weather API
MP-Indore,2021-04-05,30.9,39.0,23.0,0.0,0.0,0.0,29,7.29,0.25,0.27,0.291,32.4,30.8,22.71792,75.8333,ERA5,Asia/Kolkata,Open-Meteo Historical Weather API
MP-Indore,2021-04-06,32.0,39.9,25.2,0.0,0.0,0.0,27,8.49,0.249,0.269,0.289,33.2,31.6,22.71792,75.8333,ERA5,Asia/Kolkata,Open-Meteo Historical Weather API
MP-Indore,2021-04-07,31.7,39.5,23.7,0.0,0.0,0.0,26,8.78,0.248,0.269,0.287,33.1,31.9,22.71792,75.8333,ERA5,Asia/Kolkata,Open-Meteo Historical Weather API
MP-Indore,2021-04-08,31.3,38.0,24.4,0.0,0.0,0.0,25,8.77,0.247,0.269,0.285,33.2,31.9,22.71792,75.8333,ERA5,Asia/Kolkata,Open-Meteo Historical Weather API
MP-Indore,2021-04-09,31.1,37.7,26.1,0.0,0.0,0.0,23,7.39,0.246,0.268,0.283,33.6,32.1,22.71792,75.8333,ERA5,Asia/Kolkata,Open-Meteo Historical Weather API
MP-Indore,2021-04-10,30.2,38.5,22.4,0.0,0.0,0.0,26,7.05,0.247,0.268,0.283,32.6,32.0,22.71792,75.8333,ERA5,Asia/Kolkata,Open-Meteo Historical Weather API
MP-Indore,2021-04-11,31.1,38.8,23.7,0.0,0.0,0.0,23,8.09,0.248,0.268,0.282,32.9,31.9,22.71792,75.8333,ERA5,Asia/Kolkata,Open-Meteo Historical Weather API
MP-Indore,2021-04-12,30.9,38.1,22.6,0.0,0.0,0.0,23,7.02,0.242,0.267,0.28,33.2,31.9,22.71792,75.8333,ERA5,Asia/Kolkata,Open-Meteo Historical Weather API
MP-Indore,2021-04-13,31.7,38.9,24.1,0.0,0.0,0.0,23,6.76,0.243,0.267,0.281,33.5,32.3,22.71792,75.8333,ERA5,Asia/Kolkata,Open-Meteo Historical Weather API
MP-Indore,2021-04-14,30.3,35.8,25.8,0.0,0.0,0.0,24,6.8,0.248,0.267,0.283,33.0,32.3,22.71792,75.8333,ERA5,Asia/Kolkata,Open-Meteo Historical Weather API
MP-Indore,2021-04-15,30.0,37.1,22.8,0.0,0.0,0.0,29,6.58,0.249,0.268,0.286,32.5,31.7,22.71792,75.8333,ERA5,Asia/Kolkata,Open-Meteo Historical Weather API
MP-Indore,2021-04-16,30.9,37.9,22.9,0.0,0.0,0.0,27,8.03,0.249,0.266,0.282,32.9,31.8,22.71792,75.8333,ERA5,Asia/Kolkata,Open-Meteo Historical Weather API
MP-Indore,2021-04-17,31.1,37.7,24.6,0.0,0.0,0.0,29,8.35,0.242,0.265,0.278,33.1,32.1,22.71792,75.8333,ERA5,Asia/Kolkata,Open-Meteo Historical Weather API
MP-Indore,2021-04-18,31.3,38.2,24.5,0.0,0.0,0.0,30,7.92,0.247,0.264,0.277,33.6,32.3,22.71792,75.8333,ERA5,Asia/Kolkata,Open-Meteo Historical Weather API
MP-Indore,2021-04-19,32.3,39.2,25.8,0.0,0.0,0.0,26,7.89,0.246,0.264,0.275,34.4,32.9,22.71792,75.8333,ERA5,Asia/Kolkata,Open-Meteo Historical Weather API
MP-Indore,2021-04-20,32.1,38.7,26.0,0.0,0.0,0.0,27,9.19,0.244,0.264,0.274,34.3,33.2,22.71792,75.8333,ERA5,Asia/Kolkata,Open-Meteo Historical Weather API
MP-Indore,2021-04-21,30.7,36.5,26.2,0.1,0.1,1.0,31,7.64,0.248,0.263,0.273,33.4,32.9,22.71792,75.8333,ERA5,Asia/Kolkata,Open-Meteo Historical Weather API
MP-Indore,2021-04-22,30.3,36.9,22.6,0.0,0.0,0.0,25,6.88,0.251,0.264,0.274,33.3,32.4,22.71792,75.8333,ERA5,Asia/Kolkata,Open-Meteo Historical Weather API
MP-Indore,2021-04-23,31.0,38.0,23.1,0.0,0.0,0.0,25,8.34,0.251,0.263,0.273,33.3,32.4,22.71792,75.8333,ERA5,Asia/Kolkata,Open-Meteo Historical Weather API
MP-Indore,2021-04-24,31.0,37.4,24.4,0.0,0.0,0.0,31,7.32,0.248,0.263,0.274,33.4,32.5,22.71792,75.8333,ERA5,Asia/Kolkata,Open-Meteo Historical Weather API
MP-Indore,2021-04-25,31.4,38.0,25.2,0.0,0.0,0.0,23,8.04,0.251,0.263,0.275,33.7,32.7,22.71792,75.8333,ERA5,Asia/Kolkata,Open-Meteo Historical Weather API
MP-Indore,2021-04-26,32.0,40.0,22.2,0.0,0.0,0.0,20,6.9,0.259,0.264,0.276,33.7,32.7,22.71792,75.8333,ERA5,Asia/Kolkata,Open-Meteo Historical Weather API
MP-Indore,2021-04-27,31.9,39.7,22.5,0.0,0.0,0.0,24,6.84,0.258,0.265,0.279,34.0,33.0,22.71792,75.8333,ERA5,Asia/Kolkata,Open-Meteo Historical Weather API
MP-Indore,2021-04-28,32.7,39.8,25.8,0.0,0.0,0.0,25,8.25,0.263,0.266,0.28,34.2,33.2,22.71792,75.8333,ERA5,Asia/Kolkata,Open-Meteo Historical Weather API
MP-Indore,2021-04-29,33.1,40.3,25.9,0.0,0.0,0.0,25,8.36,0.257,0.266,0.281,34.4,33.4,22.71792,75.8333,ERA5,Asia/Kolkata,Open-Meteo Historical Weather API
MP-Indore,2021-04-30,33.5,40.2,26.2,0.0,0.0,0.0,24,8.48,0.251,0.266,0.279,35.4,33.8,22.71792,75.8333,ERA5,Asia/Kolkata,Open-Meteo Historical Weather API
MP-Indore,2021-05-01,31.4,36.8,27.5,0.5,0.5,2.0,32,7.14,0.25,0.266,0.278,33.8,33.7,22.71792,75.8333,ERA5,Asia/Kolkata,Open-Meteo Historical Weather API
MP-Indore,2021-05-02,30.5,36.7,25.2,0.4,0.4,1.0,36,6.15,0.25,0.266,0.281,33.5,32.9,22.71792,75.8333,ERA5,Asia/Kolkata,Open-Meteo Historical Weather API
MP-Indore,2021-05-03,30.0,35.7,23.6,0.0,0.0,0.0,36,6.71,0.251,0.266,0.281,33.1,32.8,22.71792,75.8333,ERA5,Asia/Kolkata,Open-Meteo Historical Weather API
MP-Indore,2021-05-04,31.4,38.8,23.3,0.0,0.0,0.0,32,7.7,0.249,0.268,0.281,33.4,32.7,22.71792,75.8333,ERA5,Asia/Kolkata,Open-Meteo Historical Weather API
MP-Indore,2021-05-05,32.8,39.7,25.0,0.0,0.0,0.0,28,8.87,0.244,0.267,0.278,34.7,33.0,22.71792,75.8333,ERA5,Asia/Kolkata,Open-Meteo Historical Weather API
MP-Indore,2021-05-06,33.0,39.5,25.7,0.0,0.0,0.0,28,8.02,0.24,0.266,0.276,35.2,33.7,22.71792,75.8333,ERA5,Asia/Kolkata,Open-Meteo Historical Weather API
MP-Indore,2021-05-07,33.3,39.3,28.2,0.0,0.0,0.0,28,8.63,0.238,0.266,0.277,36.1,34.3,22.71792,75.8333,ERA5,Asia/Kolkata,Open-Meteo Historical Weather API
MP-Indore,2021-05-08,33.6,39.1,28.2,0.0,0.0,0.0,30,7.9,0.238,0.266,0.277,36.4,34.8,22.71792,75.8333,ERA5,Asia/Kolkata,Open-Meteo Historical Weather API
MP-Indore,2021-05-09,33.7,39.8,27.4,0.0,0.0,0.0,31,7.38,0.238,0.267,0.277,36.0,34.9,22.71792,75.8333,ERA5,Asia/Kolkata,Open-Meteo Historical Weather API
MP-Indore,2021-05-10,33.0,38.4,27.8,0.0,0.0,0.0,34,7.82,0.238,0.266,0.276,35.8,34.8,22.71792,75.8333,ERA5,Asia/Kolkata,Open-Meteo Historical Weather API
MP-Indore,2021-05-11,32.4,38.6,25.6,0.0,0.0,0.0,32,8.9,0.235,0.266,0.275,35.1,34.4,22.71792,75.8333,ERA5,Asia/Kolkata,Open-Meteo Historical Weather API
MP-Indore,2021-05-12,31.9,38.6,25.4,0.0,0.0,0.0,37,8.49,0.234,0.266,0.275,34.9,34.1,22.71792,75.8333,ERA5,Asia/Kolkata,Open-Meteo Historical Weather API
MP-Indore,2021-05-13,31.8,37.8,25.7,0.0,0.0,0.0,36,8.38,0.235,0.266,0.274,34.8,33.9,22.71792,75.8333,ERA5,Asia/Kolkata,Open-Meteo Historical Weather API
MP-Indore,2021-05-14,32.7,39.3,26.0,0.0,0.0,0.0,32,7.51,0.233,0.265,0.273,35.9,34.3,22.71792,75.8333,ERA5,Asia/Kolkata,Open-Meteo Historical Weather API
MP-Indore,2021-05-15,33.4,39.2,27.6,0.0,0.0,0.0,33,6.48,0.233,0.266,0.273,36.1,34.9,22.71792,75.8333,ERA5,Asia/Kolkata,Open-Meteo Historical Weather API
MP-Indore,2021-05-16,32.6,39.5,27.8,0.0,0.0,0.0,44,8.2,0.238,0.269,0.277,35.6,35.2,22.71792,75.8333,ERA5,Asia/Kolkata,Open-Meteo Historical Weather API
MP-Indore,2021-05-17,28.5,35.5,23.6,7.6,7.6,10.0,67,5.71,0.318,0.273,0.281,32.1,33.5,22.71792,75.8333,ERA5,Asia/Kolkata,Open-Meteo Historical Weather API
MP-Indore,2021-05-18,28.9,33.1,25.4,0.5,0.5,3.0,63,5.03,0.338,0.279,0.288,30.4,31.8,22.71792,75.8333,ERA5,Asia/Kolkata,Open-Meteo Historical Weather API
MP-Indore,2021-05-19,28.1,32.2,24.6,1.0,1.0,6.0,64,6.1,0.329,0.28,0.287,30.5,31.0,22.71792,75.8333,ERA5,Asia/Kolkata,Open-Meteo Historical Weather API
MP-Indore,2021-05-20,28.6,35.3,23.6,0.0,0.0,0.0,52,7.26,0.315,0.278,0.286,30.9,30.6,22.71792,75.8333,ERA5,Asia/Kolkata,Open-Meteo Historical Weather API
MP-Indore,2021-05-21,31.6,38.3,24.6,0.0,0.0,0.0,45,7.32,0.288,0.27,0.276,33.0,31.3,22.71792,75.8333,ERA5,Asia/Kolkata,Open-Meteo Historical Weather API
MP-Indore,2021-05-22,31.7,37.7,26.4,0.0,0.0,0.0,43,7.31,0.271,0.263,0.269,34.2,32.5,22.71792,75.8333,ERA5,Asia/Kolkata,Open-Meteo Historical Weather API
MP-Indore,2021-05-23,31.5,37.8,24.8,0.0,0.0,0.0,45,7.76,0.259,0.259,0.265,34.5,33.0,22.71792,75.8333,ERA5,Asia/Kolkata,Open-Meteo Historical Weather API
MP-Indore,2021-05-24,32.4,38.9,26.3,0.0,0.0,0.0,39,8.46,0.248,0.258,0.264,35.0,33.3,22.71792,75.8333,ERA5,Asia/Kolkata,Open-Meteo Historical Weather API
MP-Indore,2021-05-25,33.7,39.8,27.7,0.0,0.0,0.0,38,9.21,0.244,0.256,0.262,35.7,33.8,22.71792,75.8333,ERA5,Asia/Kolkata,Open-Meteo Historical Weather API
MP-Indore,2021-05-26,32.8,38.3,28.1,0.0,0.0,0.0,44,8.38,0.239,0.255,0.261,35.5,34.1,22.71792,75.8333,ERA5,Asia/Kolkata,Open-Meteo Historical Weather API
MP-Indore,2021-05-27,31.8,37.5,27.1,0.1,0.1,1.0,51,7.71,0.239,0.255,0.261,34.8,34.0,22.71792,75.8333,ERA5,Asia/Kolkata,Open-Meteo Historical Weather API
MP-Indore,2021-05-28,31.9,38.1,25.9,0.1,0.1,1.0,53,7.13,0.243,0.255,0.262,34.9,33.9,22.71792,75.8333,ERA5,Asia/Kolkata,Open-Meteo Historical Weather API
MP-Indore,2021-05-29,30.9,38.5,26.8,1.7,1.7,2.0,55,6.7,0.258,0.255,0.264,34.7,34.3,22.71792,75.8333,ERA5,Asia/Kolkata,Open-Meteo Historical Weather API
MP-Indore,2021-05-30,31.3,37.3,26.4,0.7,0.7,1.0,53,7.04,0.285,0.257,0.268,34.3,34.1,22.71792,75.8333,ERA5,Asia/Kolkata,Open-Meteo Historical Weather API
MP-Indore,2021-05-31,31.7,38.4,25.8,0.0,0.0,0.0,52,7.47,0.293,0.258,0.271,34.3,33.9,22.71792,75.8333,ERA5,Asia/Kolkata,Open-Meteo Historical Weather API
MP-Indore,2021-06-01,31.6,38.2,25.3,0.0,0.0,0.0,51,7.27,0.293,0.26,0.275,34.4,33.9,22.71792,75.8333,ERA5,Asia/Kolkata,Open-Meteo Historical Weather API
MP-Indore,2021-06-02,31.0,37.8,25.2,0.0,0.0,0.0,49,7.21,0.286,0.262,0.281,34.0,33.8,22.71792,75.8333,ERA5,Asia/Kolkata,Open-Meteo Historical Weather API
MP-Indore,2021-06-03,30.3,37.2,25.0,0.6,0.6,1.0,49,6.91,0.28,0.262,0.286,33.6,33.8,22.71792,75.8333,ERA5,Asia/Kolkata,Open-Meteo Historical Weather API
MP-Indore,2021-06-04,29.3,34.1,25.2,4.4,4.4,5.0,57,5.38,0.298,0.264,0.295,33.0,33.5,22.71792,75.8333,ERA5,Asia/Kolkata,Open-Meteo Historical Weather API
MP-Indore,2021-06-05,28.7,34.2,24.5,0.0,0.0,0.0,60,3.59,0.325,0.264,0.297,31.1,32.2,22.71792,75.8333,ERA5,Asia/Kolkata,Open-Meteo Historical Weather API
MP-Indore,2021-06-06,28.0,32.4,24.4,7.1,7.1,12.0,72,4.34,0.365,0.263,0.29,31.3,31.4,22.71792,75.8333,ERA5,Asia/Kolkata,Open-Meteo Historical Weather API
MP-Indore,2021-06-07,28.4,34.4,25.0,11.7,11.7,14.0,72,4.12,0.429,0.276,0.287,30.2,30.6,22.71792,75.8333,ERA5,Asia/Kolkata,Open-Meteo Historical Weather API
MP-Indore,2021-06-08,29.4,34.8,24.8,0.4,0.4,1.0,68,6.06,0.404,0.294,0.285,30.9,30.7,22.71792,75.8333,ERA5,Asia/Kolkata,Open-Meteo Historical Weather API
MP-Indore,2021-06-09,29.4,34.9,24.6,0.5,0.5,1.0,67,5.93,0.37,0.298,0.288,31.1,31.1,22.71792,75.8333,ERA5,Asia/Kolkata,Open-Meteo Historical Weather API
MP-Indore,2021-06-10,29.6,35.0,24.7,0.2,0.2,1.0,67,6.27,0.348,0.297,0.288,31.4,31.2,22.71792,75.8333,ERA5,Asia/Kolkata,Open-Meteo Historical Weather API
MP-Indore,2021-06-11,29.3,35.1,24.9,0.3,0.3,1.0,65,6.36,0.332,0.297,0.29,31.2,31.2,22.71792,75.8333,ERA5,Asia/Kolkata,Open-Meteo Historical Weather API
MP-Indore,2021-06-12,29.6,35.5,23.9,0.0,0.0,0.0,66,5.55,0.321,0.299,0.294,31.0,31.1,22.71792,75.8333,ERA5,Asia/Kolkata,Open-Meteo Historical Weather API
MP-Indore,2021-06-13,30.1,36.0,24.0,0.2,0.2,1.0,63,6.6,0.313,0.3,0.298,31.6,31.3,22.71792,75.8333,ERA5,Asia/Kolkata,Open-Meteo Historical Weather API
MP-Indore,2021-06-14,29.9,35.4,25.4,0.4,0.4,3.0,61,6.31,0.303,0.299,0.299,31.8,31.5,22.71792,75.8333,ERA5,Asia/Kolkata,Open-Meteo Historical Weather API
MP-Indore,2021-06-15,29.6,34.5,25.3,0.4,0.4,1.0,63,6.26,0.301,0.3,0.301,31.7,31.5,22.71792,75.8333,ERA5,Asia/Kolkata,Open-Meteo Historical Weather API
MP-Indore,2021-06-16,29.7,35.5,24.4,0.0,0.0,0.0,63,6.17,0.297,0.298,0.302,31.5,31.3,22.71792,75.8333,ERA5,Asia/Kolkata,Open-Meteo Historical Weather API
MP-Indore,2021-06-17,28.1,33.0,24.3,3.0,3.0,3.0,69,5.15,0.3,0.299,0.305,30.8,31.3,22.71792,75.8333,ERA5,Asia/Kolkata,Open-Meteo Historical Weather API
MP-Indore,2021-06-18,27.5,33.6,23.8,1.3,1.3,6.0,74,4.38,0.317,0.298,0.305,29.8,30.4,22.71792,75.8333,ERA5,Asia/Kolkata,Open-Meteo Historical Weather API
MP-Indore,2021-06-19,27.2,32.8,23.8,3.4,3.4,9.0,72,4.66,0.33,0.297,0.306,28.8,29.5,22.71792,75.8333,ERA5,Asia/Kolkata,Open-Meteo Historical Weather API
MP-Indore,2021-06-20,24.9,26.7,23.5,18.4,18.4,15.0,85,2.06,0.403,0.306,0.304,26.9,28.5,22.71792,75.8333,ERA5,Asia/Kolkata,Open-Meteo Historical Weather API
MP-Indore,2021-06-21,25.6,28.7,23.4,4.7,4.7,7.0,82,3.34,0.447,0.329,0.304,27.1,27.6,22.71792,75.8333,ERA5,Asia/Kolkata,Open-Meteo Historical Weather API
MP-Indore,2021-06-22,26.3,29.4,23.7,1.4,1.4,4.0,80,3.96,0.439,0.344,0.304,27.8,27.9,22.71792,75.8333,ERA5,Asia/Kolkata,Open-Meteo Historical Weather API
MP-Indore,2021-06-23,26.3,29.6,24.1,2.5,2.5,9.0,80,3.74,0.43,0.352,0.305,27.8,28.2,22.71792,75.8333,ERA5,Asia/Kolkata,Open-Meteo Historical Weather API
MP-Indore,2021-06-24,25.7,29.3,23.4,9.5,9.5,15.0,85,3.11,0.459,0.37,0.305,27.1,27.7,22.71792,75.8333,ERA5,Asia/Kolkata,Open-Meteo Historical Weather API
MP-Indore,2021-06-25,26.6,32.1,22.4,5.7,5.7,4.0,81,3.87,0.453,0.388,0.305,27.5,27.5,22.71792,75.8333,ERA5,Asia/Kolkata,Open-Meteo Historical Weather API
MP-Indore,2021-06-26,26.7,29.3,23.7,0.7,0.7,4.0,80,3.76,0.448,0.396,0.304,28.0,27.8,22.71792,75.8333,ERA5,Asia/Kolkata,Open-Meteo Historical Weather API
MP-Indore,2021-06-27,27.3,31.5,24.5,4.3,4.3,7.0,79,4.15,0.431,0.393,0.304,28.4,28.1,22.71792,75.8333,ERA5,Asia/Kolkata,Open-Meteo Historical Weather API
MP-Indore,2021-06-28,27.4,34.2,23.8,5.5,5.5,7.0,80,4.82,0.437,0.391,0.303,28.7,28.5,22.71792,75.8333,ERA5,Asia/Kolkata,Open-Meteo Historical Weather API
MP-Indore,2021-06-29,28.2,33.6,24.0,0.3,0.3,1.0,76,5.16,0.421,0.394,0.304,29.2,28.9,22.71792,75.8333,ERA5,Asia/Kolkata,Open-Meteo Historical Weather API
MP-Indore,2021-06-30,28.6,32.7,25.3,0.4,0.4,2.0,76,4.68,0.399,0.387,0.304,29.5,29.2,22.71792,75.8333,ERA5,Asia/Kolkata,Open-Meteo Historical Weather API
MP-Indore,2021-07-01,28.3,31.7,25.0,0.5,0.5,3.0,72,4.88,0.386,0.379,0.303,29.3,29.0,22.71792,75.8333,ERA5,Asia/Kolkata,Open-Meteo Historical Weather API
MP-Indore,2021-07-02,28.5,32.5,24.4,0.0,0.0,0.0,68,5.07,0.369,0.372,0.302,29.2,28.7,22.71792,75.8333,ERA5,Asia/Kolkata,Open-Meteo Historical Weather API
MP-Indore,2021-07-03,29.2,34.1,24.6,0.0,0.0,0.0,64,6.34,0.35,0.363,0.3,30.0,28.8,22.71792,75.8333,ERA5,Asia/Kolkata,Open-Meteo Historical Weather API
MP-Indore,2021-07-04,28.7,33.1,24.8,0.1,0.1,1.0,64,5.68,0.333,0.353,0.298,30.0,29.2,22.71792,75.8333,ERA5,Asia/Kolkata,Open-Meteo Historical Weather API
MP-Indore,2021-07-05,28.5,33.0,24.7,0.4,0.4,3.0,69,4.96,0.33,0.346,0.297,30.0,29.3,22.71792,75.8333,ERA5,Asia/Kolkata,Open-Meteo Historical Weather API
MP-Indore,2021-07-06,29.1,32.8,25.2,0.0,0.0,0.0,67,5.42,0.322,0.342,0.298,30.4,29.6,22.71792,75.8333,ERA5,Asia/Kolkata,Open-Meteo Historical Weather API
MP-Indore,2021-07-07,29.9,34.8,25.9,0.2,0.2,1.0,63,6.24,0.313,0.335,0.298,31.1,30.2,22.71792,75.8333,ERA5,Asia/Kolkata,Open-Meteo Historical Weather API
MP-Indore,2021-07-08,29.2,33.2,26.0,0.0,0.0,0.0,63,5.38,0.305,0.33,0.298,30.9,30.3,22.71792,75.8333,ERA5,Asia/Kolkata,Open-Meteo Historical Weather API
MP-Indore,2021-07-09,28.2,31.8,25.9,2.3,2.3,6.0,70,3.21,0.31,0.327,0.299,29.7,29.7,22.71792,75.8333,ERA5,Asia/Kolkata,Open-Meteo Historical Weather API
MP-Indore,2021-07-10,28.5,32.8,25.1,5.3,5.3,8.0,74,3.73,0.323,0.326,0.3,29.9,29.6,22.71792,75.8333,ERA5,Asia/Kolkata,Open-Meteo Historical Weather API
MP-Indore,2021-07-11,27.3,30.4,24.6,11.4,11.4,13.0,84,3.11,0.421,0.33,0.303,29.2,29.3,22.71792,75.8333,ERA5,Asia/Kolkata,Open-Meteo Historical Weather API
MP-Indore,2021-07-12,28.2,32.3,24.1,1.3,1.3,9.0,79,4.79,0.445,0.353,0.304,29.5,29.1,22.71792,75.8333,ERA5,Asia/Kolkata,Open-Meteo Historical Weather API
MP-Indore,2021-07-13,28.4,32.3,25.1,8.7,8.7,10.0,78,4.25,0.426,0.354,0.304,29.8,29.4,22.71792,75.8333,ERA5,Asia/Kolkata,Open-Meteo Historical Weather API
MP-Indore,2021-07-14,27.6,31.4,24.7,2.5,2.5,4.0,82,3.74,0.441,0.36,0.304,29.8,29.3,22.71792,75.8333,ERA5,Asia/Kolkata,Open-Meteo Historical Weather API
MP-Indore,2021-07-15,28.1,32.1,24.6,1.3,1.3,5.0,81,4.46,0.434,0.365,0.304,29.9,29.5,22.71792,75.8333,ERA5,Asia/Kolkata,Open-Meteo Historical Weather API
MP-Indore,2021-07-16,28.7,32.2,25.8,0.7,0.7,3.0,76,4.57,0.409,0.363,0.303,29.9,29.5,22.71792,75.8333,ERA5,Asia/Kolkata,Open-Meteo Historical Weather API
MP-Indore,2021-07-17,29.0,32.6,25.3,1.7,1.7,9.0,75,4.2,0.391,0.357,0.301,30.2,29.6,22.71792,75.8333,ERA5,Asia/Kolkata,Open-Meteo Historical Weather API
MP-Indore,2021-07-18,27.6,30.0,25.7,1.0,1.0,2.0,80,3.9,0.386,0.353,0.301,29.9,29.7,22.71792,75.8333,ERA5,Asia/Kolkata,Open-Meteo Historical Weather API
MP-Indore,2021-07-19,26.9,31.2,24.6,4.8,4.8,12.0,84,2.49,0.407,0.35,0.3,28.2,28.7,22.71792,75.8333,ERA5,Asia/Kolkata,Open-Meteo Historical Weather API
MP-Indore,2021-07-20,25.9,28.5,23.9,5.4,5.4,14.0,83,3.07,0.443,0.354,0.298,27.4,27.8,22.71792,75.8333,ERA5,Asia/Kolkata,Open-Meteo Historical Weather API
MP-Indore,2021-07-21,25.7,28.8,24.2,3.4,3.4,12.0,88,2.08,0.451,0.364,0.298,26.7,27.2,22.71792,75.8333,ERA5,Asia/Kolkata,Open-Meteo Historical Weather API
MP-Indore,2021-07-22,26.5,29.1,24.5,1.3,1.3,5.0,83,2.65,0.437,0.371,0.298,27.1,27.1,22.71792,75.8333,ERA5,Asia/Kolkata,Open-Meteo Historical Weather API
MP-Indore,2021-07-23,25.2,26.8,24.3,17.1,17.1,22.0,91,1.51,0.462,0.382,0.298,26.3,26.9,22.71792,75.8333,ERA5,Asia/Kolkata,Open-Meteo Historical Weather API
MP-Indore,2021-07-24,24.6,26.7,23.6,9.8,9.8,17.0,94,1.0,0.493,0.442,0.299,25.7,26.3,22.71792,75.8333,ERA5,Asia/Kolkata,Open-Meteo Historical Weather API
MP-Indore,2021-07-25,23.7,24.1,23.2,197.4,197.4,24.0,98,0.39,0.517,0.51,0.365,24.9,25.6,22.71792,75.8333,ERA5,Asia/Kolkata,Open-Meteo Historical Weather API
MP-Indore,2021-07-26,24.1,25.6,23.3,22.4,22.4,19.0,95,1.02,0.505,0.512,0.478,24.7,25.2,22.71792,75.8333,ERA5,Asia/Kolkata,Open-Meteo Historical Weather API
MP-Indore,2021-07-27,23.6,24.7,22.9,24.2,24.2,24.0,96,0.8,0.507,0.512,0.493,24.3,25.0,22.71792,75.8333,ERA5,Asia/Kolkata,Open-Meteo Historical Weather API
MP-Indore,2021-07-28,24.3,26.2,22.8,3.0,3.0,11.0,91,1.98,0.498,0.505,0.502,24.6,24.8,22.71792,75.8333,ERA5,Asia/Kolkata,Open-Meteo Historical Weather API
MP-Indore,2021-07-29,23.6,24.5,23.0,7.2,7.2,21.0,95,1.08,0.507,0.505,0.501,24.2,24.8,22.71792,75.8333,ERA5,Asia/Kolkata,Open-Meteo Historical Weather API
MP-Indore,2021-07-30,24.3,25.8,22.8,4.7,4.7,13.0,91,2.25,0.502,0.504,0.503,24.7,24.8,22.71792,75.8333,ERA5,Asia/Kolkata,Open-Meteo Historical Weather API
MP-Indore,2021-07-31,24.2,25.8,23.0,0.7,0.7,5.0,90,1.87,0.491,0.498,0.501,24.7,25.1,22.71792,75.8333,ERA5,Asia/Kolkata,Open-Meteo Historical Weather API
MP-Indore,2021-08-01,24.3,25.9,22.8,3.6,3.6,6.0,88,2.18,0.484,0.489,0.498,24.9,25.1,22.71792,75.8333,ERA5,Asia/Kolkata,Open-Meteo Historical Weather API
MP-Indore,2021-08-02,23.4,24.4,22.7,13.2,13.2,15.0,94,1.02,0.506,0.504,0.498,24.0,24.7,22.71792,75.8333,ERA5,Asia/Kolkata,Open-Meteo Historical Weather API
MP-Indore,2021-08-03,23.7,25.8,22.6,7.8,7.8,20.0,91,1.59,0.497,0.503,0.5,24.0,24.4,22.71792,75.8333,ERA5,Asia/Kolkata,Open-Meteo Historical Weather API
MP-Indore,2021-08-04,24.5,27.2,22.9,4.3,4.3,11.0,90,2.09,0.499,0.505,0.501,24.5,24.5,22.71792,75.8333,ERA5,Asia/Kolkata,Open-Meteo Historical Weather API
MP-Indore,2021-08-05,24.3,26.3,22.9,19.8,19.8,18.0,91,1.77,0.504,0.509,0.504,24.7,24.8,22.71792,75.8333,ERA5,Asia/Kolkata,Open-Meteo Historical Weather API
MP-Indore,2021-08-06,23.9,25.0,23.0,23.9,23.9,19.0,93,0.89,0.508,0.512,0.513,24.1,24.5,22.71792,75.8333,ERA5,Asia/Kolkata,Open-Meteo Historical Weather API
MP-Indore,2021-08-07,23.8,24.6,22.8,29.8,29.8,18.0,93,0.95,0.504,0.505,0.514,24.0,24.1,22.71792,75.8333,ERA5,Asia/Kolkata,Open-Meteo Historical Weather API
MP-Indore,2021-08-08,25.2,28.7,23.2,10.8,10.8,10.0,89,2.14,0.5,0.5,0.513,25.0,24.4,22.71792,75.8333,ERA5,Asia/Kolkata,Open-Meteo Historical Weather API
MP-Indore,2021-08-09,25.5,27.8,23.9,6.6,6.6,16.0,89,2.3,0.5,0.498,0.509,25.6,25.1,22.71792,75.8333,ERA5,Asia/Kolkata,Open-Meteo Historical Weather API
MP-Indore,2021-08-10,26.0,29.2,23.8,0.8,0.8,6.0,81,3.46,0.487,0.493,0.505,26.0,25.5,22.71792,75.8333,ERA5,Asia/Kolkata,Open-Meteo Historical Weather API
MP-Indore,2021-08-11,25.7,28.9,23.3,2.1,2.1,9.0,85,3.5,0.476,0.484,0.501,26.2,25.7,22.71792,75.8333,ERA5,Asia/Kolkata,Open-Meteo Historical Weather API
MP-Indore,2021-08-12,25.7,29.2,22.6,0.9,0.9,3.0,85,3.68,0.471,0.474,0.497,26.3,25.8,22.71792,75.8333,ERA5,Asia/Kolkata,Open-Meteo Historical Weather API
MP-Indore,2021-08-13,25.7,29.3,22.7,0.7,0.7,3.0,84,3.61,0.464,0.467,0.494,26.3,25.9,22.71792,75.8333,ERA5,Asia/Kolkata,Open-Meteo Historical Weather API
MP-Indore,2021-08-14,25.6,29.0,22.5,0.9,0.9,5.0,84,3.76,0.457,0.46,0.491,26.3,25.9,22.71792,75.8333,ERA5,Asia/Kolkata,Open-Meteo Historical Weather API
MP-Indore,2021-08-15,26.0,29.3,23.0,1.0,1.0,7.0,83,3.78,0.454,0.455,0.489,26.7,26.0,22.71792,75.8333,ERA5,Asia/Kolkata,Open-Meteo Historical Weather API
MP-Indore,2021-08-16,26.7,30.8,22.5,0.2,0.2,1.0,79,4.29,0.442,0.449,0.486,26.9,26.1,22.71792,75.8333,ERA5,Asia/Kolkata,Open-Meteo Historical Weather API
MP-Indore,2021-08-17,26.2,30.1,23.4,9.5,9.5,10.0,83,3.37,0.454,0.447,0.483,26.7,26.4,22.71792,75.8333,ERA5,Asia/Kolkata,Open-Meteo Historical Weather API
MP-Indore,2021-08-18,24.3,26.9,23.0,15.8,15.8,24.0,94,1.5,0.509,0.489,0.483,25.3,25.9,22.71792,75.8333,ERA5,Asia/Kolkata,Open-Meteo Historical Weather API
MP-Indore,2021-08-19,23.3,24.0,22.6,3.1,3.1,11.0,95,1.0,0.5,0.497,0.488,24.2,25.0,22.71792,75.8333,ERA5,Asia/Kolkata,Open-Meteo Historical Weather API
MP-Indore,2021-08-20,24.1,25.8,22.4,1.2,1.2,5.0,92,1.71,0.488,0.493,0.489,24.4,24.6,22.71792,75.8333,ERA5,Asia/Kolkata,Open-Meteo Historical Weather API
MP-Indore,2021-08-21,24.3,26.6,22.9,9.5,9.5,12.0,93,1.72,0.5,0.501,0.489,24.9,24.8,22.71792,75.8333,ERA5,Asia/Kolkata,Open-Meteo Historical Weather API
MP-Indore,2021-08-22,24.9,28.0,23.4,2.6,2.6,8.0,91,2.41,0.495,0.499,0.491,25.6,25.1,22.71792,75.8333,ERA5,Asia/Kolkata,Open-Meteo Historical Weather API
MP-Indore,2021-08-23,25.4,28.3,23.2,1.6,1.6,4.0,89,2.54,0.49,0.494,0.49,25.8,25.4,22.71792,75.8333,ERA5,Asia/Kolkata,Open-Meteo Historical Weather API
MP-Indore,2021-08-24,25.7,28.7,23.1,0.4,0.4,2.0,86,3.04,0.48,0.487,0.49,26.0,25.5,22.71792,75.8333,ERA5,Asia/Kolkata,Open-Meteo Historical Weather API
MP-Indore,2021-08-25,25.6,28.7,22.7,0.9,0.9,5.0,83,3.24,0.472,0.48,0.488,25.9,25.6,22.71792,75.8333,ERA5,Asia/Kolkata,Open-Meteo Historical Weather API
MP-Indore,2021-08-26,25.5,29.0,22.7,0.5,0.5,4.0,82,3.46,0.464,0.472,0.486,25.8,25.5,22.71792,75.8333,ERA5,Asia/Kolkata,Open-Meteo Historical Weather API
MP-Indore,2021-08-27,25.7,29.2,22.6,1.4,1.4,7.0,82,3.4,0.457,0.465,0.484,26.0,25.5,22.71792,75.8333,ERA5,Asia/Kolkata,Open-Meteo Historical Weather API
MP-Indore,2021-08-28,26.0,29.4,22.7,0.9,0.9,6.0,79,4.01,0.453,0.458,0.481,26.5,25.7,22.71792,75.8333,ERA5,Asia/Kolkata,Open-Meteo Historical Weather API
MP-Indore,2021-08-29,25.7,29.4,23.0,10.3,10.3,10.0,83,3.25,0.465,0.457,0.479,26.2,25.9,22.71792,75.8333,ERA5,Asia/Kolkata,Open-Meteo Historical Weather API
MP-Indore,2021-08-30,25.5,29.8,23.5,14.3,14.3,17.0,89,2.31,0.507,0.503,0.48,26.1,26.0,22.71792,75.8333,ERA5,Asia/Kolkata,Open-Meteo Historical Weather API
MP-Indore,2021-08-31,25.6,28.0,23.8,14.1,14.1,19.0,90,2.36,0.503,0.506,0.487,26.4,25.9,22.71792,75.8333,ERA5,Asia/Kolkata,Open-Meteo Historical Weather API
MP-Indore,2021-09-01,25.6,29.3,23.5,8.2,8.2,13.0,90,2.46,0.501,0.505,0.492,26.3,25.9,22.71792,75.8333,ERA5,Asia/Kolkata,Open-Meteo Historical Weather API
MP-Indore,2021-09-02,25.4,28.8,22.9,6.4,6.4,12.0,88,2.34,0.5,0.505,0.495,25.9,25.6,22.71792,75.8333,ERA5,Asia/Kolkata,Open-Meteo Historical Weather API
MP-Indore,2021-09-03,26.4,29.4,23.2,1.9,1.9,6.0,83,3.77,0.486,0.495,0.496,26.8,25.9,22.71792,75.8333,ERA5,Asia/Kolkata,Open-Meteo Historical Weather API
MP-Indore,2021-09-04,26.3,29.9,23.9,2.9,2.9,7.0,82,3.63,0.476,0.485,0.494,27.0,26.4,22.71792,75.8333,ERA5,Asia/Kolkata,Open-Meteo Historical Weather API
MP-Indore,2021-09-05,25.5,28.7,23.7,9.0,9.0,18.0,88,2.36,0.499,0.492,0.492,26.2,26.2,22.71792,75.8333,ERA5,Asia/Kolkata,Open-Meteo Historical Weather API
MP-Indore,2021-09-06,26.5,30.5,23.6,3.9,3.9,4.0,84,3.05,0.494,0.496,0.492,26.8,26.1,22.71792,75.8333,ERA5,Asia/Kolkata,Open-Meteo Historical Weather API
MP-Indore,2021-09-07,27.1,29.6,24.6,9.3,9.3,13.0,85,3.46,0.495,0.497,0.493,27.2,26.5,22.71792,75.8333,ERA5,Asia/Kolkata,Open-Meteo Historical Weather API
MP-Indore,2021-09-08,26.0,29.2,24.6,23.4,23.4,12.0,88,2.6,0.501,0.504,0.499,26.8,26.5,22.71792,75.8333,ERA5,Asia/Kolkata,Open-Meteo Historical Weather API
MP-Indore,2021-09-09,25.0,27.1,23.7,11.4,11.4,17.0,92,1.76,0.505,0.513,0.508,25.8,25.9,22.71792,75.8333,ERA5,Asia/Kolkata,Open-Meteo Historical Weather API
MP-Indore,2021-09-10,25.1,27.8,23.5,6.2,6.2,14.0,91,2.12,0.501,0.505,0.509,25.8,25.5,22.71792,75.8333,ERA5,Asia/Kolkata,Open-Meteo Historical Weather API
MP-Indore,2021-09-11,25.2,28.0,23.5,4.3,4.3,12.0,91,1.45,0.506,0.505,0.505,25.4,25.3,22.71792,75.8333,ERA5,Asia/Kolkata,Open-Meteo Historical Weather API
MP-Indore,2021-09-12,25.5,29.1,23.1,3.5,3.5,11.0,90,1.85,0.5,0.504,0.504,25.6,25.1,22.71792,75.8333,ERA5,Asia/Kolkata,Open-Meteo Historical Weather API
MP-Indore,2021-09-13,26.5,29.9,23.9,5.4,5.4,11.0,86,2.96,0.494,0.497,0.503,26.8,25.6,22.71792,75.8333,ERA5,Asia/Kolkata,Open-Meteo Historical Weather API
MP-Indore,2021-09-14,25.7,28.3,23.6,8.1,8.1,14.0,91,2.22,0.501,0.502,0.502,26.6,26.0,22.71792,75.8333,ERA5,Asia/Kolkata,Open-Meteo Historical Weather API
MP-Indore,2021-09-15,24.6,26.2,23.2,4.8,4.8,14.0,92,1.56,0.503,0.507,0.503,25.4,25.6,22.71792,75.8333,ERA5,Asia/Kolkata,Open-Meteo Historical Weather API
MP-Indore,2021-09-16,24.4,26.5,22.8,5.2,5.2,16.0,94,1.28,0.506,0.509,0.504,24.7,25.0,22.71792,75.8333,ERA5,Asia/Kolkata,Open-Meteo Historical Weather API
MP-Indore,2021-09-17,25.0,28.4,23.2,3.0,3.0,8.0,90,2.89,0.495,0.5,0.504,25.5,25.1,22.71792,75.8333,ERA5,Asia/Kolkata,Open-Meteo Historical Weather API
MP-Indore,2021-09-18,24.0,27.1,22.5,10.6,10.6,19.0,93,1.18,0.504,0.504,0.504,24.7,25.1,22.71792,75.8333,ERA5,Asia/Kolkata,Open-Meteo Historical Weather API
MP-Indore,2021-09-19,25.0,28.1,22.8,1.1,1.1,6.0,89,2.35,0.493,0.502,0.506,25.3,24.8,22.71792,75.8333,ERA5,Asia/Kolkata,Open-Meteo Historical Weather API
MP-Indore,2021-09-20,24.8,27.1,23.6,10.3,10.3,12.0,92,1.65,0.498,0.5,0.506,25.3,25.1,22.71792,75.8333,ERA5,Asia/Kolkata,Open-Meteo Historical Weather API
MP-Indore,2021-09-21,25.1,27.8,23.7,17.5,17.5,11.0,91,2.1,0.5,0.507,0.512,25.7,25.1,22.71792,75.8333,ERA5,Asia/Kolkata,Open-Meteo Historical Weather API
MP-Indore,2021-09-22,25.6,29.5,23.3,4.8,4.8,9.0,87,2.55,0.494,0.487,0.511,26.1,25.4,22.71792,75.8333,ERA5,Asia/Kolkata,Open-Meteo Historical Weather API
MP-Indore,2021-09-23,25.7,29.7,23.1,7.0,7.0,8.0,86,2.72,0.49,0.486,0.507,26.4,25.7,22.71792,75.8333,ERA5,Asia/Kolkata,Open-Meteo Historical Weather API
MP-Indore,2021-09-24,25.8,29.9,23.1,6.0,6.0,11.0,87,3.4,0.494,0.488,0.504,26.9,26.0,22.71792,75.8333,ERA5,Asia/Kolkata,Open-Meteo Historical Weather API
MP-Indore,2021-09-25,25.1,27.7,23.8,7.4,7.4,13.0,89,2.38,0.497,0.493,0.503,26.3,26.0,22.71792,75.8333,ERA5,Asia/Kolkata,Open-Meteo Historical Weather API
MP-Indore,2021-09-26,24.2,27.1,22.8,24.3,24.3,23.0,93,1.4,0.51,0.507,0.51,25.3,25.4,22.71792,75.8333,ERA5,Asia/Kolkata,Open-Meteo Historical Weather API
MP-Indore,2021-09-27,25.9,29.3,22.6,7.5,7.5,10.0,87,3.14,0.501,0.496,0.509,26.4,25.4,22.71792,75.8333,ERA5,Asia/Kolkata,Open-Meteo Historical Weather API
MP-Indore,2021-09-28,26.2,29.7,23.4,6.2,6.2,14.0,83,3.83,0.496,0.502,0.508,26.6,26.0,22.71792,75.8333,ERA5,Asia/Kolkata,Open-Meteo Historical Weather API
MP-Indore,2021-09-29,25.2,27.6,22.8,1.8,1.8,9.0,86,2.28,0.492,0.492,0.506,25.7,25.7,22.71792,75.8333,ERA5,Asia/Kolkata,Open-Meteo Historical Weather API
MP-Indore,2021-09-30,26.3,29.9,23.5,2.2,2.2,8.0,82,3.64,0.478,0.481,0.503,26.8,25.8,22.71792,75.8333,ERA5,Asia/Kolkata,Open-Meteo Historical Weather API
MP-Indore,2021-10-01,26.0,30.8,23.9,6.1,6.1,7.0,84,3.48,0.484,0.477,0.5,27.3,26.5,22.71792,75.8333,ERA5,Asia/Kolkata,Open-Meteo Historical Weather API
MP-Indore,2021-10-02,25.9,29.9,23.3,2.1,2.1,9.0,85,3.58,0.491,0.483,0.496,27.2,26.7,22.71792,75.8333,ERA5,Asia/Kolkata,Open-Meteo Historical Weather API
MP-Indore,2021-10-03,25.8,30.3,22.7,8.1,8.1,4.0,84,3.67,0.487,0.486,0.493,27.1,26.7,22.71792,75.8333,ERA5,Asia/Kolkata,Open-Meteo Historical Weather API
MP-Indore,2021-10-04,26.7,31.4,22.5,0.1,0.1,1.0,80,3.9,0.48,0.488,0.49,27.4,26.7,22.71792,75.8333,ERA5,Asia/Kolkata,Open-Meteo Historical Weather API
MP-Indore,2021-10-05,27.3,31.9,24.0,1.2,1.2,4.0,78,3.85,0.468,0.478,0.487,28.0,27.0,22.71792,75.8333,ERA5,Asia/Kolkata,Open-Meteo Historical Weather API
MP-Indore,2021-10-06,27.4,32.3,23.4,1.0,1.0,5.0,80,3.81,0.465,0.47,0.484,28.0,27.0,22.71792,75.8333,ERA5,Asia/Kolkata,Open-Meteo Historical Weather API
MP-Indore,2021-10-07,27.6,32.6,23.8,0.1,0.1,1.0,78,3.98,0.462,0.465,0.48,28.2,27.3,22.71792,75.8333,ERA5,Asia/Kolkata,Open-Meteo Historical Weather API
MP-Indore,2021-10-08,27.6,32.3,23.2,1.0,1.0,3.0,77,4.29,0.449,0.457,0.476,28.4,27.5,22.71792,75.8333,ERA5,Asia/Kolkata,Open-Meteo Historical Weather API
MP-Indore,2021-10-09,26.9,31.2,23.2,0.0,0.0,0.0,74,4.27,0.437,0.448,0.472,28.0,27.5,22.71792,75.8333,ERA5,Asia/Kolkata,Open-Meteo Historical Weather API
MP-Indore,2021-10-10,26.8,31.7,23.6,0.4,0.4,3.0,78,3.95,0.423,0.44,0.468,27.7,27.1,22.71792,75.8333,ERA5,Asia/Kolkata,Open-Meteo Historical Weather API
MP-Indore,2021-10-11,26.5,31.4,22.8,0.5,0.5,3.0,78,3.91,0.414,0.431,0.464,27.6,27.0,22.71792,75.8333,ERA5,Asia/Kolkata,Open-Meteo Historical Weather API
MP-Indore,2021-10-12,26.5,32.1,22.1,0.0,0.0,0.0,73,3.94,0.404,0.423,0.459,27.3,26.8,22.71792,75.8333,ERA5,Asia/Kolkata,Open-Meteo Historical Weather API
MP-Indore,2021-10-13,27.0,32.7,22.2,0.0,0.0,0.0,67,4.67,0.389,0.413,0.455,27.3,26.8,22.71792,75.8333,ERA5,Asia/Kolkata,Open-Meteo Historical Weather API
MP-Indore,2021-10-14,26.2,32.0,22.2,0.0,0.0,0.0,57,5.19,0.373,0.401,0.45,26.8,26.5,22.71792,75.8333,ERA5,Asia/Kolkata,Open-Meteo Historical Weather API
MP-Indore,2021-10-15,24.7,31.4,19.5,0.0,0.0,0.0,54,5.2,0.353,0.388,0.443,25.5,25.7,22.71792,75.8333,ERA5,Asia/Kolkata,Open-Meteo Historical Weather API
MP-Indore,2021-10-16,25.5,32.0,18.2,1.2,1.2,3.0,60,4.71,0.338,0.376,0.437,25.4,25.1,22.71792,75.8333,ERA5,Asia/Kolkata,Open-Meteo Historical Weather API
MP-Indore,2021-10-17,24.6,29.4,22.3,18.4,18.4,19.0,88,1.79,0.389,0.377,0.433,25.5,25.7,22.71792,75.8333,ERA5,Asia/Kolkata,Open-Meteo Historical Weather API
MP-Indore,2021-10-18,25.1,29.4,22.0,9.6,9.6,10.0,81,3.17,0.484,0.452,0.432,25.7,25.5,22.71792,75.8333,ERA5,Asia/Kolkata,Open-Meteo Historical Weather API
MP-Indore,2021-10-19,24.4,30.4,20.7,0.0,0.0,0.0,60,4.94,0.452,0.448,0.43,25.1,25.1,22.71792,75.8333,ERA5,Asia/Kolkata,Open-Meteo Historical Weather API
MP-Indore,2021-10-20,24.2,30.7,19.3,0.0,0.0,0.0,63,4.56,0.43,0.437,0.426,24.5,24.6,22.71792,75.8333,ERA5,Asia/Kolkata,Open-Meteo Historical Weather API
MP-Indore,2021-10-21,23.6,31.0,17.4,0.0,0.0,0.0,62,4.56,0.413,0.426,0.421,24.1,24.3,22.71792,75.8333,ERA5,Asia/Kolkata,Open-Meteo Historical Weather API
MP-Indore,2021-10-22,23.2,30.6,17.3,0.0,0.0,0.0,66,4.54,0.396,0.413,0.415,23.9,24.1,22.71792,75.8333,ERA5,Asia/Kolkata,Open-Meteo Historical Weather API
MP-Indore,2021-10-23,23.4,29.5,18.1,0.0,0.0,0.0,64,4.37,0.381,0.402,0.41,24.0,24.1,22.71792,75.8333,ERA5,Asia/Kolkata,Open-Meteo Historical Weather API
MP-Indore,2021-10-24,23.3,29.4,17.3,0.0,0.0,0.0,66,3.87,0.37,0.393,0.405,23.6,23.8,22.71792,75.8333,ERA5,Asia/Kolkata,Open-Meteo Historical Weather API
MP-Indore,2021-10-25,23.5,28.6,17.4,0.0,0.0,0.0,67,3.42,0.361,0.385,0.401,23.8,23.9,22.71792,75.8333,ERA5,Asia/Kolkata,Open-Meteo Historical Weather API
MP-Indore,2021-10-26,23.1,28.3,17.6,0.4,0.4,3.0,69,3.11,0.354,0.376,0.396,24.0,24.0,22.71792,75.8333,ERA5,Asia/Kolkata,Open-Meteo Historical Weather API
MP-Indore,2021-10-27,22.8,27.6,18.8,0.0,0.0,0.0,69,3.54,0.348,0.368,0.392,23.7,23.9,22.71792,75.8333,ERA5,Asia/Kolkata,Open-Meteo Historical Weather API
MP-Indore,2021-10-28,22.1,28.6,16.8,0.0,0.0,0.0,56,4.73,0.335,0.357,0.385,23.2,23.6,22.71792,75.8333,ERA5,Asia/Kolkata,Open-Meteo Historical Weather API
MP-Indore,2021-10-29,21.3,28.1,15.2,0.0,0.0,0.0,55,4.66,0.323,0.345,0.378,22.6,23.0,22.71792,75.8333,ERA5,Asia/Kolkata,Open-Meteo Historical Weather API
MP-Indore,2021-10-30,21.0,28.5,15.0,0.0,0.0,0.0,56,4.64,0.312,0.334,0.371,22.2,22.6,22.71792,75.8333,ERA5,Asia/Kolkata,Open-Meteo Historical Weather API
MP-Indore,2021-10-31,20.5,29.2,13.2,0.0,0.0,0.0,57,4.54,0.304,0.324,0.364,21.6,22.3,22.71792,75.8333,ERA5,Asia/Kolkata,Open-Meteo Historical Weather API
MP-Indore,2021-11-01,21.1,29.3,14.5,0.0,0.0,0.0,57,4.48,0.294,0.316,0.359,21.7,22.2,22.71792,75.8333,ERA5,Asia/Kolkata,Open-Meteo Historical Weather API
MP-Indore,2021-11-02,21.1,28.9,14.7,0.0,0.0,0.0,55,4.56,0.285,0.311,0.356,21.9,22.4,22.71792,75.8333,ERA5,Asia/Kolkata,Open-Meteo Historical Weather API
MP-Indore,2021-11-03,21.1,29.3,13.5,0.0,0.0,0.0,57,4.35,0.28,0.308,0.355,22.0,22.5,22.71792,75.8333,ERA5,Asia/Kolkata,Open-Meteo Historical Weather API
MP-Indore,2021-11-04,21.6,29.2,15.7,0.0,0.0,0.0,55,4.48,0.275,0.306,0.353,22.7,22.8,22.71792,75.8333,ERA5,Asia/Kolkata,Open-Meteo Historical Weather API
MP-Indore,2021-11-05,21.7,29.9,15.4,0.0,0.0,0.0,51,4.39,0.271,0.303,0.352,22.8,23.0,22.71792,75.8333,ERA5,Asia/Kolkata,Open-Meteo Historical Weather API
MP-Indore,2021-11-06,21.6,28.8,14.9,0.0,0.0,0.0,52,4.15,0.267,0.299,0.349,22.6,23.1,22.71792,75.8333,ERA5,Asia/Kolkata,Open-Meteo Historical Weather API
MP-Indore,2021-11-07,21.5,29.2,15.0,0.0,0.0,0.0,48,4.54,0.264,0.296,0.347,22.7,23.1,22.71792,75.8333,ERA5,Asia/Kolkata,Open-Meteo Historical Weather API
MP-Indore,2021-11-08,22.3,30.1,15.8,0.0,0.0,0.0,46,4.85,0.26,0.293,0.345,23.1,23.2,22.71792,75.8333,ERA5,Asia/Kolkata,Open-Meteo Historical Weather API
MP-Indore,2021-11-09,22.4,30.3,17.2,0.0,0.0,0.0,45,4.88,0.257,0.288,0.341,23.4,23.6,22.71792,75.8333,ERA5,Asia/Kolkata,Open-Meteo Historical Weather API
MP-Indore,2021-11-10,21.8,29.5,14.9,0.0,0.0,0.0,45,4.85,0.255,0.287,0.339,23.0,23.3,22.71792,75.8333,ERA5,Asia/Kolkata,Open-Meteo Historical Weather API
MP-Indore,2021-11-11,21.2,29.1,14.8,0.0,0.0,0.0,43,5.01,0.254,0.285,0.338,22.4,23.1,22.71792,75.8333,ERA5,Asia/Kolkata,Open-Meteo Historical Weather API
MP-Indore,2021-11-12,20.6,28.5,13.7,0.0,0.0,0.0,44,4.95,0.253,0.283,0.336,21.9,22.8,22.71792,75.8333,ERA5,Asia/Kolkata,Open-Meteo Historical Weather API
MP-Indore,2021-11-13,21.1,28.8,14.6,0.0,0.0,0.0,51,4.66,0.252,0.28,0.333,22.4,22.9,22.71792,75.8333,ERA5,Asia/Kolkata,Open-Meteo Historical Weather API
MP-Indore,2021-11-14,21.5,29.1,15.4,0.0,0.0,0.0,55,4.13,0.25,0.278,0.331,23.0,23.4,22.71792,75.8333,ERA5,Asia/Kolkata,Open-Meteo Historical Weather API
MP-Indore,2021-11-15,21.5,28.6,15.6,0.0,0.0,0.0,55,4.42,0.25,0.278,0.33,23.3,23.7,22.71792,75.8333,ERA5,Asia/Kolkata,Open-Meteo Historical Weather API
MP-Indore,2021-11-16,20.8,27.8,14.8,0.0,0.0,0.0,52,4.57,0.251,0.279,0.33,22.9,23.7,22.71792,75.8333,ERA5,Asia/Kolkata,Open-Meteo Historical Weather API
MP-Indore,2021-11-17,22.2,28.8,16.1,0.0,0.0,0.0,55,4.28,0.25,0.278,0.329,23.4,23.7,22.71792,75.8333,ERA5,Asia/Kolkata,Open-Meteo Historical Weather API
MP-Indore,2021-11-18,23.4,28.8,20.1,1.9,1.9,6.0,64,3.67,0.255,0.279,0.33,24.8,24.6,22.71792,75.8333,ERA5,Asia/Kolkata,Open-Meteo Historical Weather API
MP-Indore,2021-11-19,23.2,28.8,19.4,0.0,0.0,0.0,65,3.55,0.27,0.28,0.33,24.8,25.0,22.71792,75.8333,ERA5,Asia/Kolkata,Open-Meteo Historical Weather API
MP-Indore,2021-11-20,23.5,27.8,19.9,0.0,0.0,0.0,59,4.1,0.269,0.281,0.331,24.9,25.0,22.71792,75.8333,ERA5,Asia/Kolkata,Open-Meteo Historical Weather API
MP-Indore,2021-11-21,24.3,29.6,20.1,0.0,0.0,0.0,65,3.74,0.266,0.283,0.333,25.6,25.2,22.71792,75.8333,ERA5,Asia/Kolkata,Open-Meteo Historical Weather API
MP-Indore,2021-11-22,25.1,29.4,21.3,0.0,0.0,0.0,65,3.26,0.264,0.282,0.332,26.4,25.7,22.71792,75.8333,ERA5,Asia/Kolkata,Open-Meteo Historical Weather API
MP-Indore,2021-11-23,24.8,30.8,19.7,0.0,0.0,0.0,61,3.51,0.26,0.28,0.33,26.3,25.8,22.71792,75.8333,ERA5,Asia/Kolkata,Open-Meteo Historical Weather API
MP-Indore,2021-11-24,23.8,31.1,18.8,0.0,0.0,0.0,61,3.75,0.26,0.281,0.33,25.7,25.8,22.71792,75.8333,ERA5,Asia/Kolkata,Open-Meteo Historical Weather API
MP-Indore,2021-11-25,23.1,31.0,16.8,0.0,0.0,0.0,59,3.74,0.261,0.282,0.331,25.0,25.2,22.71792,75.8333,ERA5,Asia/Kolkata,Open-Meteo Historical Weather API
MP-Indore,2021-11-26,22.7,30.5,16.7,0.0,0.0,0.0,55,3.73,0.257,0.28,0.328,24.6,25.0,22.71792,75.8333,ERA5,Asia/Kolkata,Open-Meteo Historical Weather API
MP-Indore,2021-11-27,22.4,30.1,16.7,0.0,0.0,0.0,48,4.24,0.256,0.279,0.327,24.1,24.6,22.71792,75.8333,ERA5,Asia/Kolkata,Open-Meteo Historical Weather API
MP-Indore,2021-11-28,21.5,28.6,16.1,0.0,0.0,0.0,42,4.37,0.256,0.277,0.326,23.2,23.9,22.71792,75.8333,ERA5,Asia/Kolkata,Open-Meteo Historical Weather API
MP-Indore,2021-11-29,20.8,27.7,15.0,0.0,0.0,0.0,46,4.2,0.256,0.276,0.323,22.6,23.4,22.71792,75.8333,ERA5,Asia/Kolkata,Open-Meteo Historical Weather API
MP-Indore,2021-11-30,20.3,26.3,15.1,0.0,0.0,0.0,51,3.97,0.258,0.277,0.324,22.2,23.0,22.71792,75.8333,ERA5,Asia/Kolkata,Open-Meteo Historical Weather API
MP-Indore,2021-12-01,19.4,24.0,16.4,3.1,3.1,12.0,58,2.51,0.269,0.282,0.328,21.6,23.0,22.71792,75.8333,ERA5,Asia/Kolkata,Open-Meteo Historical Weather API
MP-Indore,2021-12-02,15.5,17.1,14.2,15.4,15.4,24.0,90,0.66,0.378,0.284,0.329,18.1,21.0,22.71792,75.8333,ERA5,Asia/Kolkata,Open-Meteo Historical Weather API
MP-Indore,2021-12-03,18.7,24.8,14.7,0.0,0.0,0.0,73,2.67,0.406,0.296,0.331,19.6,20.2,22.71792,75.8333,ERA5,Asia/Kolkata,Open-Meteo Historical Weather API
MP-Indore,2021-12-04,19.9,25.7,14.9,0.0,0.0,0.0,71,2.86,0.381,0.297,0.329,20.6,21.1,22.71792,75.8333,ERA5,Asia/Kolkata,Open-Meteo Historical Weather API
MP-Indore,2021-12-05,21.1,27.0,16.3,0.0,0.0,0.0,71,2.64,0.362,0.295,0.328,21.6,22.0,22.71792,75.8333,ERA5,Asia/Kolkata,Open-Meteo Historical Weather API
MP-Indore,2021-12-06,21.1,27.0,17.3,0.0,0.0,0.0,68,2.97,0.348,0.296,0.328,22.3,22.5,22.71792,75.8333,ERA5,Asia/Kolkata,Open-Meteo Historical Weather API
MP-Indore,2021-12-07,20.1,25.6,16.7,0.0,0.0,0.0,68,3.36,0.338,0.298,0.33,21.8,22.3,22.71792,75.8333,ERA5,Asia/Kolkata,Open-Meteo Historical Weather API
MP-Indore,2021-12-08,19.4,25.4,14.6,0.0,0.0,0.0,66,3.04,0.329,0.299,0.33,21.0,21.9,22.71792,75.8333,ERA5,Asia/Kolkata,Open-Meteo Historical Weather API
MP-Indore,2021-12-09,19.6,25.2,15.8,0.0,0.0,0.0,62,2.92,0.325,0.3,0.332,20.8,21.6,22.71792,75.8333,ERA5,Asia/Kolkata,Open-Meteo Historical Weather API
MP-Indore,2021-12-10,19.6,25.4,16.0,0.0,0.0,0.0,64,3.09,0.318,0.3,0.333,20.8,21.5,22.71792,75.8333,ERA5,Asia/Kolkata,Open-Meteo Historical Weather API
MP-Indore,2021-12-11,19.1,26.0,14.7,0.0,0.0,0.0,62,3.38,0.311,0.3,0.333,20.8,21.5,22.71792,75.8333,ERA5,Asia/Kolkata,Open-Meteo Historical Weather API
MP-Indore,2021-12-12,19.4,26.3,13.0,0.0,0.0,0.0,64,3.39,0.304,0.301,0.333,20.6,21.3,22.71792,75.8333,ERA5,Asia/Kolkata,Open-Meteo Historical Weather API
MP-Indore,2021-12-13,19.6,25.8,14.9,0.0,0.0,0.0,67,2.9,0.314,0.332,0.335,20.3,20.9,22.71792,75.8333,ERA5,Asia/Kolkata,Open-Meteo Historical Weather API
MP-Indore,2021-12-14,20.3,26.0,15.4,0.0,0.0,0.0,63,2.65,0.313,0.336,0.336,20.3,20.9,22.71792,75.8333,ERA5,Asia/Kolkata,Open-Meteo Historical Weather API
MP-Indore,2021-12-15,19.8,25.5,14.6,0.0,0.0,0.0,70,2.56,0.31,0.336,0.338,20.2,20.9,22.71792,75.8333,ERA5,Asia/Kolkata,Open-Meteo Historical Weather API
MP-Indore,2021-12-16,19.7,26.4,14.8,0.0,0.0,0.0,71,2.97,0.309,0.333,0.338,20.3,20.8,22.71792,75.8333,ERA5,Asia/Kolkata,Open-Meteo Historical Weather API
MP-Indore,2021-12-17,17.4,22.8,14.2,0.1,0.1,1.0,78,2.37,0.308,0.333,0.339,19.2,20.7,22.71792,75.8333,ERA5,Asia/Kolkata,Open-Meteo Historical Weather API
MP-Indore,2021-12-18,15.4,21.5,11.2,0.0,0.0,0.0,62,3.33,0.307,0.332,0.34,17.9,19.8,22.71792,75.8333,ERA5,Asia/Kolkata,Open-Meteo Historical Weather API
MP-Indore,2021-12-19,13.8,21.5,8.5,0.0,0.0,0.0,46,3.59,0.302,0.33,0.341,16.4,18.5,22.71792,75.8333,ERA5,Asia/Kolkata,Open-Meteo Historical Weather API
MP-Indore,2021-12-20,14.1,23.2,6.6,0.0,0.0,0.0,51,3.4,0.298,0.328,0.341,15.6,17.4,22.71792,75.8333,ERA5,Asia/Kolkata,Open-Meteo Historical Weather API
MP-Indore,2021-12-21,16.0,24.8,7.9,0.0,0.0,0.0,52,3.31,0.295,0.326,0.341,16.0,17.3,22.71792,75.8333,ERA5,Asia/Kolkata,Open-Meteo Historical Weather API
MP-Indore,2021-12-22,17.9,26.2,11.6,0.0,0.0,0.0,50,3.3,0.29,0.323,0.341,16.9,17.7,22.71792,75.8333,ERA5,Asia/Kolkata,Open-Meteo Historical Weather API
MP-Indore,2021-12-23,18.6,26.9,12.8,0.0,0.0,0.0,57,3.49,0.286,0.318,0.338,17.9,18.3,22.71792,75.8333,ERA5,Asia/Kolkata,Open-Meteo Historical Weather API
MP-Indore,2021-12-24,18.4,25.8,11.3,0.0,0.0,0.0,66,3.35,0.279,0.311,0.334,19.0,19.0,22.71792,75.8333,ERA5,Asia/Kolkata,Open-Meteo Historical Weather API
MP-Indore,2021-12-25,18.9,25.5,13.2,0.0,0.0,0.0,71,2.82,0.275,0.307,0.333,19.8,19.8,22.71792,75.8333,ERA5,Asia/Kolkata,Open-Meteo Historical Weather API
MP-Indore,2021-12-26,18.9,26.0,13.6,0.0,0.0,0.0,67,3.03,0.273,0.303,0.331,20.0,20.2,22.71792,75.8333,ERA5,Asia/Kolkata,Open-Meteo Historical Weather API
MP-Indore,2021-12-27,19.4,25.7,14.3,0.0,0.0,0.0,72,2.91,0.273,0.303,0.331,20.3,20.4,22.71792,75.8333,ERA5,Asia/Kolkata,Open-Meteo Historical Weather API
MP-Indore,2021-12-28,17.5,22.1,14.8,4.1,4.1,6.0,80,2.03,0.289,0.308,0.336,19.2,20.2,22.71792,75.8333,ERA5,Asia/Kolkata,Open-Meteo Historical Weather API
MP-Indore,2021-12-29,15.1,19.2,12.2,0.0,0.0,0.0,78,2.15,0.299,0.311,0.338,17.7,19.0,22.71792,75.8333,ERA5,Asia/Kolkata,Open-Meteo Historical Weather API
MP-Indore,2021-12-30,14.1,19.9,9.9,0.0,0.0,0.0,73,2.91,0.301,0.316,0.343,16.2,17.8,22.71792,75.8333,ERA5,Asia/Kolkata,Open-Meteo Historical Weather API
MP-Indore,2021-12-31,15.6,20.7,10.5,0.0,0.0,0.0,73,2.78,0.305,0.323,0.349,16.9,17.8,22.71792,75.8333,ERA5,Asia/Kolkata,Open-Meteo Historical Weather API
MP-Indore,2022-01-01,17.5,22.9,12.4,0.0,0.0,0.0,75,2.54,0.301,0.322,0.349,18.4,18.6,22.71792,75.8333,ERA5,Asia/Kolkata,Open-Meteo Historical Weather API
MP-Indore,2022-01-02,18.3,24.7,13.5,0.0,0.0,0.0,75,2.92,0.297,0.318,0.348,19.5,19.3,22.71792,75.8333,ERA5,Asia/Kolkata,Open-Meteo Historical Weather API
MP-Indore,2022-01-03,18.4,25.4,13.5,0.0,0.0,0.0,73,3.07,0.292,0.316,0.346,19.7,19.7,22.71792,75.8333,ERA5,Asia/Kolkata,Open-Meteo Historical Weather API
MP-Indore,2022-01-04,19.3,26.3,13.9,0.0,0.0,0.0,69,3.22,0.286,0.311,0.342,20.2,19.9,22.71792,75.8333,ERA5,Asia/Kolkata,Open-Meteo Historical Weather API
MP-Indore,2022-01-05,20.3,26.0,15.4,0.0,0.0,0.0,67,3.25,0.282,0.307,0.338,20.7,20.4,22.71792,75.8333,ERA5,Asia/Kolkata,Open-Meteo Historical Weather API
MP-Indore,2022-01-06,19.7,23.8,16.3,2.2,2.2,8.0,78,2.5,0.29,0.308,0.34,20.8,20.8,22.71792,75.8333,ERA5,Asia/Kolkata,Open-Meteo Historical Weather API
MP-Indore,2022-01-07,18.6,23.7,14.9,9.3,9.3,22.0,85,2.3,0.363,0.312,0.341,20.0,20.4,22.71792,75.8333,ERA5,Asia/Kolkata,Open-Meteo Historical Weather API
MP-Indore,2022-01-08,19.1,24.6,15.3,2.6,2.6,7.0,82,2.76,0.4,0.325,0.342,20.4,20.4,22.71792,75.8333,ERA5,Asia/Kolkata,Open-Meteo Historical Weather API
MP-Indore,2022-01-09,15.9,19.8,11.7,2.6,2.6,7.0,72,2.28,0.402,0.329,0.343,18.5,19.7,22.71792,75.8333,ERA5,Asia/Kolkata,Open-Meteo Historical Weather API
MP-Indore,2022-01-10,13.8,20.3,9.5,0.0,0.0,0.0,74,2.98,0.39,0.333,0.344,16.4,18.0,22.71792,75.8333,ERA5,Asia/Kolkata,Open-Meteo Historical Weather API
MP-Indore,2022-01-11,13.5,18.7,9.2,0.0,0.0,0.0,77,2.47,0.378,0.337,0.349,15.7,17.2,22.71792,75.8333,ERA5,Asia/Kolkata,Open-Meteo Historical Weather API
MP-Indore,2022-01-12,13.3,19.4,9.1,0.0,0.0,0.0,75,2.69,0.368,0.341,0.353,15.7,17.1,22.71792,75.8333,ERA5,Asia/Kolkata,Open-Meteo Historical Weather API
MP-Indore,2022-01-13,13.8,20.3,8.7,0.0,0.0,0.0,75,2.78,0.358,0.341,0.354,15.7,16.7,22.71792,75.8333,ERA5,Asia/Kolkata,Open-Meteo Historical Weather API
MP-Indore,2022-01-14,14.9,21.4,9.8,0.0,0.0,0.0,73,2.94,0.348,0.339,0.354,16.2,17.0,22.71792,75.8333,ERA5,Asia/Kolkata,Open-Meteo Historical Weather API
MP-Indore,2022-01-15,14.8,21.5,9.6,0.0,0.0,0.0,74,3.1,0.342,0.34,0.357,16.5,17.4,22.71792,75.8333,ERA5,Asia/Kolkata,Open-Meteo Historical Weather API
MP-Indore,2022-01-16,14.5,20.5,9.7,0.0,0.0,0.0,81,2.79,0.337,0.344,0.36,16.2,17.3,22.71792,75.8333,ERA5,Asia/Kolkata,Open-Meteo Historical Weather API
MP-Indore,2022-01-17,16.4,23.4,10.5,0.0,0.0,0.0,77,3.07,0.332,0.345,0.363,17.1,17.5,22.71792,75.8333,ERA5,Asia/Kolkata,Open-Meteo Historical Weather API
MP-Indore,2022-01-18,17.1,24.7,11.0,0.0,0.0,0.0,74,3.34,0.322,0.339,0.36,18.4,18.1,22.71792,75.8333,ERA5,Asia/Kolkata,Open-Meteo Historical Weather API
MP-Indore,2022-01-19,16.4,25.5,9.5,0.0,0.0,0.0,62,3.35,0.308,0.327,0.352,17.9,18.3,22.71792,75.8333,ERA5,Asia/Kolkata,Open-Meteo Historical Weather API
MP-Indore,2022-01-20,19.1,26.8,12.6,0.0,0.0,0.0,59,4.15,0.296,0.318,0.346,18.9,18.5,22.71792,75.8333,ERA5,Asia/Kolkata,Open-Meteo Historical Weather API
MP-Indore,2022-01-21,19.4,25.4,14.3,0.0,0.0,0.0,67,3.67,0.288,0.312,0.343,20.0,19.5,22.71792,75.8333,ERA5,Asia/Kolkata,Open-Meteo Historical Weather API
MP-Indore,2022-01-22,18.8,22.4,15.6,1.3,1.3,7.0,76,2.62,0.287,0.306,0.34,19.6,19.9,22.71792,75.8333,ERA5,Asia/Kolkata,Open-Meteo Historical Weather API
MP-Indore,2022-01-23,16.1,20.0,11.8,0.0,0.0,0.0,67,3.11,0.291,0.308,0.341,18.8,19.3,22.71792,75.8333,ERA5,Asia/Kolkata,Open-Meteo Historical Weather API
MP-Indore,2022-01-24,13.6,19.3,8.2,0.0,0.0,0.0,62,3.24,0.293,0.312,0.345,16.6,17.8,22.71792,75.8333,ERA5,Asia/Kolkata,Open-Meteo Historical Weather API
MP-Indore,2022-01-25,13.4,19.8,7.8,0.0,0.0,0.0,57,3.47,0.291,0.311,0.346,16.0,17.1,22.71792,75.8333,ERA5,Asia/Kolkata,Open-Meteo Historical Weather API
MP-Indore,2022-01-26,13.4,19.9,7.4,0.0,0.0,0.0,59,3.49,0.288,0.31,0.346,15.7,16.7,22.71792,75.8333,ERA5,Asia/Kolkata,Open-Meteo Historical Weather API
MP-Indore,2022-01-27,13.5,20.3,7.5,0.0,0.0,0.0,54,3.7,0.284,0.308,0.345,15.7,16.5,22.71792,75.8333,ERA5,Asia/Kolkata,Open-Meteo Historical Weather API
MP-Indore,2022-01-28,13.8,21.7,7.4,0.0,0.0,0.0,57,3.6,0.279,0.303,0.341,15.9,16.5,22.71792,75.8333,ERA5,Asia/Kolkata,Open-Meteo Historical Weather API
MP-Indore,2022-01-29,15.5,24.8,7.7,0.0,0.0,0.0,56,3.59,0.276,0.3,0.339,16.4,16.8,22.71792,75.8333,ERA5,Asia/Kolkata,Open-Meteo Historical Weather API
MP-Indore,2022-01-30,17.2,26.7,9.8,0.0,0.0,0.0,53,4.08,0.273,0.302,0.342,17.1,17.4,22.71792,75.8333,ERA5,Asia/Kolkata,Open-Meteo Historical Weather API
MP-Indore,2022-01-31,17.7,26.7,9.7,0.0,0.0,0.0,55,4.21,0.272,0.297,0.339,18.3,18.0,22.71792,75.8333,ERA5,Asia/Kolkata,Open-Meteo Historical Weather API
MP-Indore,2022-02-01,19.0,28.5,11.3,0.0,0.0,0.0,60,4.17,0.27,0.294,0.337,19.3,18.7,22.71792,75.8333,ERA5,Asia/Kolkata,Open-Meteo Historical Weather API
MP-Indore,2022-02-02,20.0,28.6,12.6,0.0,0.0,0.0,62,4.19,0.267,0.288,0.332,20.6,19.7,22.71792,75.8333,ERA5,Asia/Kolkata,Open-Meteo Historical Weather API
MP-Indore,2022-02-03,19.8,26.2,15.3,0.0,0.0,0.0,54,4.93,0.266,0.288,0.332,20.5,20.2,22.71792,75.8333,ERA5,Asia/Kolkata,Open-Meteo Historical Weather API
MP-Indore,2022-02-04,16.7,24.1,11.1,0.0,0.0,0.0,46,4.26,0.27,0.292,0.336,19.2,19.8,22.71792,75.8333,ERA5,Asia/Kolkata,Open-Meteo Historical Weather API
MP-Indore,2022-02-05,17.4,25.2,9.9,0.0,0.0,0.0,45,3.89,0.276,0.298,0.341,18.4,18.9,22.71792,75.8333,ERA5,Asia/Kolkata,Open-Meteo Historical Weather API
MP-Indore,2022-02-06,18.5,26.7,11.3,0.0,0.0,0.0,47,4.38,0.275,0.296,0.34,18.6,18.8,22.71792,75.8333,ERA5,Asia/Kolkata,Open-Meteo Historical Weather API
MP-Indore,2022-02-07,19.9,27.8,13.8,0.0,0.0,0.0,50,4.17,0.271,0.294,0.338,19.5,19.1,22.71792,75.8333,ERA5,Asia/Kolkata,Open-Meteo Historical Weather API
MP-Indore,2022-02-08,19.7,27.7,12.8,0.0,0.0,0.0,54,4.26,0.269,0.292,0.336,20.2,19.8,22.71792,75.8333,ERA5,Asia/Kolkata,Open-Meteo Historical Weather API
MP-Indore,2022-02-09,19.9,26.4,15.1,0.0,0.0,0.0,54,4.44,0.267,0.291,0.336,21.1,20.5,22.71792,75.8333,ERA5,Asia/Kolkata,Open-Meteo Historical Weather API
MP-Indore,2022-02-10,18.3,24.3,14.1,0.0,0.0,0.0,59,4.39,0.271,0.297,0.34,20.2,20.4,22.71792,75.8333,ERA5,Asia/Kolkata,Open-Meteo Historical Weather API
MP-Indore,2022-02-11,16.8,23.5,10.9,0.0,0.0,0.0,52,4.37,0.273,0.3,0.343,19.1,19.6,22.71792,75.8333,ERA5,Asia/Kolkata,Open-Meteo Historical Weather API
MP-Indore,2022-02-12,17.5,25.6,9.9,0.0,0.0,0.0,52,4.17,0.272,0.299,0.343,19.0,19.2,22.71792,75.8333,ERA5,Asia/Kolkata,Open-Meteo Historical Weather API
MP-Indore,2022-02-13,19.2,27.0,11.9,0.0,0.0,0.0,51,4.39,0.27,0.299,0.343,19.8,19.5,22.71792,75.8333,ERA5,Asia/Kolkata,Open-Meteo Historical Weather API
MP-Indore,2022-02-14,20.6,27.8,14.2,0.0,0.0,0.0,52,4.35,0.271,0.301,0.345,20.8,20.2,22.71792,75.8333,ERA5,Asia/Kolkata,Open-Meteo Historical Weather API
MP-Indore,2022-02-15,20.2,27.8,14.5,0.0,0.0,0.0,57,4.57,0.273,0.305,0.349,21.3,21.0,22.71792,75.8333,ERA5,Asia/Kolkata,Open-Meteo Historical Weather API
MP-Indore,2022-02-16,20.1,26.5,13.7,0.0,0.0,0.0,55,4.06,0.273,0.306,0.35,21.0,20.8,22.71792,75.8333,ERA5,Asia/Kolkata,Open-Meteo Historical Weather API
MP-Indore,2022-02-17,21.1,27.7,15.6,0.0,0.0,0.0,43,5.01,0.271,0.303,0.348,21.5,21.2,22.71792,75.8333,ERA5,Asia/Kolkata,Open-Meteo Historical Weather API
MP-Indore,2022-02-18,21.4,27.6,15.4,0.1,0.1,1.0,51,4.05,0.27,0.301,0.347,21.7,21.4,22.71792,75.8333,ERA5,Asia/Kolkata,Open-Meteo Historical Weather API
MP-Indore,2022-02-19,22.7,28.8,17.7,0.1,0.1,1.0,59,3.81,0.272,0.303,0.348,22.8,21.9,22.71792,75.8333,ERA5,Asia/Kolkata,Open-Meteo Historical Weather API
MP-Indore,2022-02-20,21.4,28.7,15.2,0.0,0.0,0.0,47,5.26,0.273,0.305,0.349,22.3,22.2,22.71792,75.8333,ERA5,Asia/Kolkata,Open-Meteo Historical Weather API
MP-Indore,2022-02-21,21.9,30.3,13.9,0.0,0.0,0.0,42,5.37,0.273,0.304,0.349,22.2,21.9,22.71792,75.8333,ERA5,Asia/Kolkata,Open-Meteo Historical Weather API
MP-Indore,2022-02-22,23.4,32.4,15.3,0.0,0.0,0.0,42,5.61,0.27,0.298,0.345,23.1,22.2,22.71792,75.8333,ERA5,Asia/Kolkata,Open-Meteo Historical Weather API
MP-Indore,2022-02-23,23.5,31.8,16.5,0.0,0.0,0.0,47,5.27,0.267,0.295,0.343,23.8,22.6,22.71792,75.8333,ERA5,Asia/Kolkata,Open-Meteo Historical Weather API
MP-Indore,2022-02-24,22.5,30.1,16.9,0.0,0.0,0.0,44,5.43,0.269,0.296,0.343,23.8,23.0,22.71792,75.8333,ERA5,Asia/Kolkata,Open-Meteo Historical Weather API
MP-Indore,2022-02-25,22.6,30.1,15.5,0.0,0.0,0.0,49,5.27,0.266,0.295,0.342,23.5,22.9,22.71792,75.8333,ERA5,Asia/Kolkata,Open-Meteo Historical Weather API
MP-Indore,2022-02-26,23.4,32.2,16.5,0.0,0.0,0.0,42,5.67,0.264,0.293,0.341,24.0,23.0,22.71792,75.8333,ERA5,Asia/Kolkata,Open-Meteo Historical Weather API
MP-Indore,2022-02-27,23.4,31.3,17.0,0.0,0.0,0.0,42,5.21,0.265,0.294,0.341,24.3,23.4,22.71792,75.8333,ERA5,Asia/Kolkata,Open-Meteo Historical Weather API
MP-Indore,2022-02-28,22.5,28.7,17.1,0.0,0.0,0.0,56,5.07,0.266,0.296,0.342,24.1,23.6,22.71792,75.8333,ERA5,Asia/Kolkata,Open-Meteo Historical Weather API
MP-Indore,2022-03-01,23.2,30.3,16.7,0.0,0.0,0.0,43,5.5,0.265,0.296,0.343,24.4,23.7,22.71792,75.8333,ERA5,Asia/Kolkata,Open-Meteo Historical Weather API
MP-Indore,2022-03-02,23.9,31.4,16.8,0.0,0.0,0.0,41,5.37,0.263,0.294,0.342,24.5,23.9,22.71792,75.8333,ERA5,Asia/Kolkata,Open-Meteo Historical Weather API
MP-Indore,2022-03-03,24.3,32.0,17.3,0.2,0.2,1.0,45,4.96,0.265,0.297,0.343,24.8,24.1,22.71792,75.8333,ERA5,Asia/Kolkata,Open-Meteo Historical Weather API
MP-Indore,2022-03-04,23.4,30.5,17.4,0.0,0.0,0.0,46,5.6,0.266,0.3,0.346,24.8,24.1,22.71792,75.8333,ERA5,Asia/Kolkata,Open-Meteo Historical Weather API
MP-Indore,2022-03-05,23.0,29.9,17.5,0.0,0.0,0.0,42,5.77,0.265,0.301,0.347,24.6,24.2,22.71792,75.8333,ERA5,Asia/Kolkata,Open-Meteo Historical Weather API
MP-Indore,2022-03-06,23.8,31.7,16.1,0.0,0.0,0.0,42,5.47,0.265,0.3,0.347,24.8,24.0,22.71792,75.8333,ERA5,Asia/Kolkata,Open-Meteo Historical Weather API
MP-Indore,2022-03-07,24.9,31.1,19.7,0.3,0.3,2.0,45,5.02,0.27,0.303,0.349,25.0,24.5,22.71792,75.8333,ERA5,Asia/Kolkata,Open-Meteo Historical Weather API
MP-Indore,2022-03-08,24.1,28.9,20.3,0.4,0.4,1.0,57,4.96,0.28,0.306,0.351,25.1,24.6,22.71792,75.8333,ERA5,Asia/Kolkata,Open-Meteo Historical Weather API
MP-Indore,2022-03-09,23.0,29.5,18.1,2.6,2.6,9.0,58,4.75,0.285,0.307,0.352,24.6,24.5,22.71792,75.8333,ERA5,Asia/Kolkata,Open-Meteo Historical Weather API
MP-Indore,2022-03-10,23.9,31.3,16.0,0.0,0.0,0.0,54,5.34,0.301,0.308,0.353,24.8,24.3,22.71792,75.8333,ERA5,Asia/Kolkata,Open-Meteo Historical Weather API
MP-Indore,2022-03-11,25.2,32.1,19.7,0.0,0.0,0.0,45,5.89,0.294,0.306,0.352,25.7,24.9,22.71792,75.8333,ERA5,Asia/Kolkata,Open-Meteo Historical Weather API
MP-Indore,2022-03-12,24.8,32.6,17.3,0.0,0.0,0.0,40,5.95,0.284,0.301,0.349,25.6,24.9,22.71792,75.8333,ERA5,Asia/Kolkata,Open-Meteo Historical Weather API
MP-Indore,2022-03-13,25.7,33.9,17.2,0.0,0.0,0.0,40,6.29,0.277,0.296,0.345,26.1,25.0,22.71792,75.8333,ERA5,Asia/Kolkata,Open-Meteo Historical Weather API
MP-Indore,2022-03-14,27.5,35.4,20.1,0.0,0.0,0.0,40,6.16,0.269,0.291,0.34,27.2,25.8,22.71792,75.8333,ERA5,Asia/Kolkata,Open-Meteo Historical Weather API
MP-Indore,2022-03-15,28.3,37.4,20.1,0.0,0.0,0.0,36,6.98,0.263,0.286,0.336,28.0,26.5,22.71792,75.8333,ERA5,Asia/Kolkata,Open-Meteo Historical Weather API
MP-Indore,2022-03-16,29.2,38.2,20.7,0.0,0.0,0.0,31,7.58,0.26,0.283,0.333,28.6,27.2,22.71792,75.8333,ERA5,Asia/Kolkata,Open-Meteo Historical Weather API
MP-Indore,2022-03-17,29.7,38.7,21.4,0.0,0.0,0.0,29,7.81,0.258,0.281,0.329,29.3,27.8,22.71792,75.8333,ERA5,Asia/Kolkata,Open-Meteo Historical Weather API
MP-Indore,2022-03-18,30.0,38.3,22.5,0.0,0.0,0.0,30,7.29,0.256,0.279,0.325,30.2,28.5,22.71792,75.8333,ERA5,Asia/Kolkata,Open-Meteo Historical Weather API
MP-Indore,2022-03-19,29.6,37.7,21.7,0.0,0.0,0.0,35,6.39,0.255,0.279,0.324,30.0,28.8,22.71792,75.8333,ERA5,Asia/Kolkata,Open-Meteo Historical Weather API
MP-Indore,2022-03-20,30.0,37.6,22.5,0.0,0.0,0.0,28,7.0,0.254,0.28,0.325,30.3,29.0,22.71792,75.8333,ERA5,Asia/Kolkata,Open-Meteo Historical Weather API
MP-Indore,2022-03-21,29.3,36.4,24.7,0.0,0.0,0.0,26,7.49,0.256,0.281,0.325,30.0,29.2,22.71792,75.8333,ERA5,Asia/Kolkata,Open-Meteo Historical Weather API
MP-Indore,2022-03-22,29.0,36.9,21.7,0.0,0.0,0.0,31,7.12,0.256,0.281,0.324,29.8,28.9,22.71792,75.8333,ERA5,Asia/Kolkata,Open-Meteo Historical Weather API
MP-Indore,2022-03-23,29.6,36.6,21.0,0.0,0.0,0.0,34,6.45,0.255,0.28,0.323,30.3,28.9,22.71792,75.8333,ERA5,Asia/Kolkata,Open-Meteo Historical Weather API
MP-Indore,2022-03-24,30.1,35.9,25.1,0.0,0.0,0.0,27,6.67,0.253,0.28,0.322,31.2,29.6,22.71792,75.8333,ERA5,Asia/Kolkata,Open-Meteo Historical Weather API
MP-Indore,2022-03-25,29.3,35.9,23.9,0.0,0.0,0.0,28,6.3,0.255,0.28,0.323,30.5,29.7,22.71792,75.8333,ERA5,Asia/Kolkata,Open-Meteo Historical Weather API
MP-Indore,2022-03-26,29.8,37.6,24.0,0.0,0.0,0.0,27,7.6,0.252,0.278,0.32,30.8,29.7,22.71792,75.8333,ERA5,Asia/Kolkata,Open-Meteo Historical Weather API
MP-Indore,2022-03-27,29.5,37.9,19.6,0.0,0.0,0.0,27,7.28,0.253,0.278,0.319,30.2,29.5,22.71792,75.8333,ERA5,Asia/Kolkata,Open-Meteo Historical Weather API
MP-Indore,2022-03-28,30.4,38.5,22.3,0.0,0.0,0.0,28,8.38,0.252,0.276,0.316,30.8,29.7,22.71792,75.8333,ERA5,Asia/Kolkata,Open-Meteo Historical Weather API
MP-Indore,2022-03-29,30.5,38.7,21.7,0.0,0.0,0.0,23,8.88,0.25,0.274,0.311,31.1,30.0,22.71792,75.8333,ERA5,Asia/Kolkata,Open-Meteo Historical Weather API
MP-Indore,2022-03-30,30.5,38.6,22.6,0.0,0.0,0.0,24,8.13,0.25,0.272,0.307,31.5,30.2,22.71792,75.8333,ERA5,Asia/Kolkata,Open-Meteo Historical Weather API
MP-Indore,2022-03-31,30.7,38.6,22.9,0.0,0.0,0.0,24,7.61,0.248,0.271,0.304,32.2,30.6,22.71792,75.8333,ERA5,Asia/Kolkata,Open-Meteo Historical Weather API
MP-Indore,2022-04-01,31.2,38.9,23.8,0.0,0.0,0.0,28,7.5,0.247,0.271,0.302,32.7,31.1,22.71792,75.8333,ERA5,Asia/Kolkata,Open-Meteo Historical Weather API
MP-Indore,2022-04-02,31.6,39.1,23.6,0.0,0.0,0.0,30,7.39,0.242,0.27,0.3,33.2,31.6,22.71792,75.8333,ERA5,Asia/Kolkata,Open-Meteo Historical Weather API
MP-Indore,2022-04-03,31.9,39.6,24.6,0.0,0.0,0.0,27,8.16,0.242,0.27,0.297,33.6,32.0,22.71792,75.8333,ERA5,Asia/Kolkata,Open-Meteo Historical Weather API
MP-Indore,2022-04-04,31.7,39.8,23.5,0.0,0.0,0.0,24,8.2,0.246,0.27,0.296,33.2,32.0,22.71792,75.8333,ERA5,Asia/Kolkata,Open-Meteo Historical Weather API
MP-Indore,2022-04-05,31.6,40.0,23.2,0.0,0.0,0.0,23,7.03,0.25,0.271,0.295,33.3,32.1,22.71792,75.8333,ERA5,Asia/Kolkata,Open-Meteo Historical Weather API
MP-Indore,2022-04-06,32.3,40.0,23.8,0.0,0.0,0.0,27,6.81,0.255,0.272,0.296,33.4,32.1,22.71792,75.8333,ERA5,Asia/Kolkata,Open-Meteo Historical Weather API
MP-Indore,2022-04-07,32.8,40.2,25.5,0.0,0.0,0.0,26,7.47,0.251,0.272,0.295,34.1,32.6,22.71792,75.8333,ERA5,Asia/Kolkata,Open-Meteo Historical Weather API
MP-Indore,2022-04-08,33.1,40.7,24.9,0.0,0.0,0.0,24,6.71,0.252,0.272,0.294,34.2,32.9,22.71792,75.8333,ERA5,Asia/Kolkata,Open-Meteo Historical Weather API
MP-Indore,2022-04-09,32.9,40.8,24.4,0.0,0.0,0.0,26,8.06,0.253,0.273,0.294,34.2,32.9,22.71792,75.8333,ERA5,Asia/Kolkata,Open-Meteo Historical Weather API
MP-Indore,2022-04-10,33.0,40.2,25.8,0.0,0.0,0.0,25,8.62,0.251,0.273,0.293,34.5,33.1,22.71792,75.8333,ERA5,Asia/Kolkata,Open-Meteo Historical Weather API
MP-Indore,2022-04-11,32.7,39.7,26.2,0.0,0.0,0.0,27,8.09,0.249,0.273,0.293,34.6,33.3,22.71792,75.8333,ERA5,Asia/Kolkata,Open-Meteo Historical Weather API
MP-Indore,2022-04-12,32.3,39.0,25.6,0.0,0.0,0.0,25,8.02,0.246,0.273,0.293,34.6,33.5,22.71792,75.8333,ERA5,Asia/Kolkata,Open-Meteo Historical Weather API
MP-Indore,2022-04-13,32.3,39.2,25.4,0.0,0.0,0.0,21,8.86,0.245,0.272,0.292,34.4,33.4,22.71792,75.8333,ERA5,Asia/Kolkata,Open-Meteo Historical Weather API
MP-Indore,2022-04-14,32.3,39.4,24.2,0.0,0.0,0.0,21,9.27,0.246,0.272,0.291,34.0,33.2,22.71792,75.8333,ERA5,Asia/Kolkata,Open-Meteo Historical Weather API
MP-Indore,2022-04-15,31.8,39.3,23.7,0.0,0.0,0.0,23,9.27,0.245,0.272,0.29,33.7,32.9,22.71792,75.8333,ERA5,Asia/Kolkata,Open-Meteo Historical Weather API
MP-Indore,2022-04-16,32.0,39.5,24.7,0.0,0.0,0.0,26,9.3,0.243,0.271,0.289,33.8,32.7,22.71792,75.8333,ERA5,Asia/Kolkata,Open-Meteo Historical Weather API
MP-Indore,2022-04-17,33.0,40.0,26.1,0.0,0.0,0.0,25,9.1,0.24,0.27,0.287,34.8,33.1,22.71792,75.8333,ERA5,Asia/Kolkata,Open-Meteo Historical Weather API
MP-Indore,2022-04-18,33.2,40.0,26.2,0.0,0.0,0.0,27,9.13,0.241,0.27,0.287,35.0,33.6,22.71792,75.8333,ERA5,Asia/Kolkata,Open-Meteo Historical Weather API
MP-Indore,2022-04-19,33.4,40.1,26.0,0.0,0.0,0.0,27,8.91,0.241,0.271,0.287,35.1,33.9,22.71792,75.8333,ERA5,Asia/Kolkata,Open-Meteo Historical Weather API
MP-Indore,2022-04-20,33.5,40.8,25.8,0.0,0.0,0.0,24,9.36,0.242,0.271,0.287,35.5,34.2,22.71792,75.8333,ERA5,Asia/Kolkata,Open-Meteo Historical Weather API
MP-Indore,2022-04-21,31.0,35.5,27.6,0.0,0.0,0.0,34,7.0,0.243,0.271,0.286,34.1,34.0,22.71792,75.8333,ERA5,Asia/Kolkata,Open-Meteo Historical Weather API
MP-Indore,2022-04-22,32.0,38.9,24.5,0.0,0.0,0.0,30,7.09,0.247,0.273,0.288,34.1,33.2,22.71792,75.8333,ERA5,Asia/Kolkata,Open-Meteo Historical Weather API
MP-Indore,2022-04-23,32.9,40.1,25.1,0.0,0.0,0.0,23,9.23,0.251,0.272,0.286,34.6,33.6,22.71792,75.8333,ERA5,Asia/Kolkata,Open-Meteo Historical Weather API
MP-Indore,2022-04-24,33.6,39.5,27.6,0.0,0.0,0.0,23,9.96,0.248,0.271,0.285,35.1,34.0,22.71792,75.8333,ERA5,Asia/Kolkata,Open-Meteo Historical Weather API
MP-Indore,2022-04-25,33.3,40.6,25.7,0.0,0.0,0.0,22,9.68,0.245,0.269,0.283,35.1,34.0,22.71792,75.8333,ERA5,Asia/Kolkata,Open-Meteo Historical Weather API
MP-Indore,2022-04-26,32.9,40.6,24.7,0.0,0.0,0.0,23,9.61,0.246,0.268,0.281,34.8,34.0,22.71792,75.8333,ERA5,Asia/Kolkata,Open-Meteo Historical Weather API
MP-Indore,2022-04-27,33.1,41.2,24.0,0.0,0.0,0.0,23,8.55,0.247,0.268,0.281,35.2,34.0,22.71792,75.8333,ERA5,Asia/Kolkata,Open-Meteo Historical Weather API
MP-Indore,2022-04-28,34.4,42.4,25.5,0.0,0.0,0.0,24,8.75,0.247,0.267,0.279,36.0,34.5,22.71792,75.8333,ERA5,Asia/Kolkata,Open-Meteo Historical Weather API
MP-Indore,2022-04-29,34.8,41.9,27.7,0.0,0.0,0.0,23,10.48,0.244,0.266,0.277,36.4,35.1,22.71792,75.8333,ERA5,Asia/Kolkata,Open-Meteo Historical Weather API
MP-Indore,2022-04-30,33.9,40.1,27.4,0.0,0.0,0.0,27,9.92,0.245,0.266,0.277,36.2,35.0,22.71792,75.8333,ERA5,Asia/Kolkata,Open-Meteo Historical Weather API
MP-Indore,2022-05-01,34.1,40.9,27.5,0.0,0.0,0.0,34,9.59,0.244,0.266,0.277,36.2,34.9,22.71792,75.8333,ERA5,Asia/Kolkata,Open-Meteo Historical Weather API
MP-Indore,2022-05-02,33.6,39.9,27.7,0.0,0.0,0.0,36,9.1,0.244,0.266,0.277,35.9,34.8,22.71792,75.8333,ERA5,Asia/Kolkata,Open-Meteo Historical Weather API
MP-Indore,2022-05-03,33.4,39.6,26.5,0.0,0.0,0.0,34,9.34,0.244,0.266,0.277,36.0,34.7,22.71792,75.8333,ERA5,Asia/Kolkata,Open-Meteo Historical Weather API
MP-Indore,2022-05-04,33.1,39.8,25.6,0.0,0.0,0.0,32,9.0,0.24,0.265,0.277,35.9,34.7,22.71792,75.8333,ERA5,Asia/Kolkata,Open-Meteo Historical Weather API
MP-Indore,2022-05-05,33.2,39.5,25.9,0.0,0.0,0.0,30,8.71,0.238,0.265,0.276,36.0,34.7,22.71792,75.8333,ERA5,Asia/Kolkata,Open-Meteo Historical Weather API
MP-Indore,2022-05-06,33.9,39.8,27.6,0.0,0.0,0.0,28,7.97,0.237,0.265,0.275,36.4,35.1,22.71792,75.8333,ERA5,Asia/Kolkata,Open-Meteo Historical Weather API
MP-Indore,2022-05-07,33.6,39.9,27.9,0.0,0.0,0.0,29,6.62,0.236,0.265,0.275,36.1,35.1,22.71792,75.8333,ERA5,Asia/Kolkata,Open-Meteo Historical Weather API
MP-Indore,2022-05-08,34.8,41.4,27.9,0.0,0.0,0.0,26,8.83,0.236,0.265,0.275,36.7,35.3,22.71792,75.8333,ERA5,Asia/Kolkata,Open-Meteo Historical Weather API
MP-Indore,2022-05-09,35.8,42.5,29.4,0.0,0.0,0.0,24,9.77,0.236,0.266,0.276,37.2,35.8,22.71792,75.8333,ERA5,Asia/Kolkata,Open-Meteo Historical Weather API
MP-Indore,2022-05-10,35.9,41.9,29.9,0.0,0.0,0.0,22,9.62,0.235,0.265,0.274,37.4,35.8,22.71792,75.8333,ERA5,Asia/Kolkata,Open-Meteo Historical Weather API
MP-Indore,2022-05-11,35.6,42.2,28.0,0.0,0.0,0.0,26,7.97,0.235,0.264,0.275,37.6,36.1,22.71792,75.8333,ERA5,Asia/Kolkata,Open-Meteo Historical Weather API
MP-Indore,2022-05-12,36.0,43.7,28.0,0.0,0.0,0.0,24,9.22,0.236,0.264,0.274,37.5,36.2,22.71792,75.8333,ERA5,Asia/Kolkata,Open-Meteo Historical Weather API
MP-Indore,2022-05-13,35.6,42.1,28.5,0.0,0.0,0.0,32,9.18,0.239,0.266,0.276,37.6,36.3,22.71792,75.8333,ERA5,Asia/Kolkata,Open-Meteo Historical Weather API
MP-Indore,2022-05-14,34.5,41.1,28.1,0.0,0.0,0.0,39,9.22,0.238,0.267,0.278,37.2,36.0,22.71792,75.8333,ERA5,Asia/Kolkata,Open-Meteo Historical Weather API
MP-Indore,2022-05-15,34.3,40.8,27.7,0.0,0.0,0.0,38,9.69,0.238,0.267,0.278,37.0,35.8,22.71792,75.8333,ERA5,Asia/Kolkata,Open-Meteo Historical Weather API
MP-Indore,2022-05-16,33.8,40.1,27.6,0.0,0.0,0.0,33,9.66,0.236,0.267,0.278,36.6,35.7,22.71792,75.8333,ERA5,Asia/Kolkata,Open-Meteo Historical Weather API
MP-Indore,2022-05-17,33.2,39.6,26.1,0.0,0.0,0.0,34,8.0,0.235,0.266,0.277,35.8,35.1,22.71792,75.8333,ERA5,Asia/Kolkata,Open-Meteo Historical Weather API
MP-Indore,2022-05-18,33.5,40.0,26.2,0.0,0.0,0.0,32,8.62,0.233,0.265,0.275,36.5,35.2,22.71792,75.8333,ERA5,Asia/Kolkata,Open-Meteo Historical Weather API
MP-Indore,2022-05-19,34.5,41.4,27.5,0.0,0.0,0.0,28,7.99,0.234,0.267,0.277,37.2,35.7,22.71792,75.8333,ERA5,Asia/Kolkata,Open-Meteo Historical Weather API
MP-Indore,2022-05-20,35.3,41.6,29.4,0.0,0.0,0.0,30,10.07,0.233,0.266,0.276,37.7,36.2,22.71792,75.8333,ERA5,Asia/Kolkata,Open-Meteo Historical Weather API
MP-Indore,2022-05-21,32.7,38.5,26.4,0.0,0.0,0.0,42,10.31,0.231,0.265,0.274,36.4,35.8,22.71792,75.8333,ERA5,Asia/Kolkata,Open-Meteo Historical Weather API
MP-Indore,2022-05-22,31.2,37.7,25.3,0.0,0.0,0.0,53,8.82,0.231,0.265,0.274,35.0,34.6,22.71792,75.8333,ERA5,Asia/Kolkata,Open-Meteo Historical Weather API
MP-Indore,2022-05-23,31.0,37.1,26.0,0.1,0.1,1.0,55,8.11,0.231,0.265,0.275,35.0,34.3,22.71792,75.8333,ERA5,Asia/Kolkata,Open-Meteo Historical Weather API
MP-Indore,2022-05-24,31.0,37.4,25.1,0.0,0.0,0.0,50,7.07,0.234,0.266,0.277,34.7,34.4,22.71792,75.8333,ERA5,Asia/Kolkata,Open-Meteo Historical Weather API
MP-Indore,2022-05-25,32.3,37.9,26.5,0.2,0.2,1.0,49,7.43,0.238,0.266,0.277,35.7,34.8,22.71792,75.8333,ERA5,Asia/Kolkata,Open-Meteo Historical Weather API
MP-Indore,2022-05-26,33.1,39.3,27.4,0.0,0.0,0.0,41,8.82,0.238,0.267,0.277,36.0,34.9,22.71792,75.8333,ERA5,Asia/Kolkata,Open-Meteo Historical Weather API
MP-Indore,2022-05-27,31.8,37.3,26.2,0.0,0.0,0.0,48,8.86,0.237,0.266,0.276,35.5,34.6,22.71792,75.8333,ERA5,Asia/Kolkata,Open-Meteo Historical Weather API
MP-Indore,2022-05-28,31.4,36.6,25.9,0.0,0.0,0.0,52,8.37,0.235,0.266,0.275,35.0,34.2,22.71792,75.8333,ERA5,Asia/Kolkata,Open-Meteo Historical Weather API
MP-Indore,2022-05-29,31.0,36.1,26.1,0.0,0.0,0.0,55,7.67,0.235,0.266,0.275,34.5,33.9,22.71792,75.8333,ERA5,Asia/Kolkata,Open-Meteo Historical Weather API
MP-Indore,2022-05-30,32.0,38.0,25.6,0.1,0.1,1.0,51,8.08,0.234,0.266,0.275,35.2,34.0,22.71792,75.8333,ERA5,Asia/Kolkata,Open-Meteo Historical Weather API
MP-Indore,2022-05-31,32.8,39.0,26.6,0.0,0.0,0.0,47,8.34,0.232,0.264,0.274,35.8,34.4,22.71792,75.8333,ERA5,Asia/Kolkata,Open-Meteo Historical Weather API
MP-Indore,2022-06-01,33.4,39.7,28.0,0.2,0.2,1.0,41,8.17,0.233,0.264,0.274,36.1,34.9,22.71792,75.8333,ERA5,Asia/Kolkata,Open-Meteo Historical Weather API
MP-Indore,2022-06-02,34.1,40.7,28.3,0.0,0.0,0.0,33,9.13,0.238,0.264,0.275,36.2,35.0,22.71792,75.8333,ERA5,Asia/Kolkata,Open-Meteo Historical Weather API
MP-Indore,2022-06-03,34.2,40.5,27.9,0.0,0.0,0.0,31,9.88,0.235,0.263,0.274,36.5,35.1,22.71792,75.8333,ERA5,Asia/Kolkata,Open-Meteo Historical Weather API
MP-Indore,2022-06-04,34.3,40.1,29.0,0.0,0.0,0.0,35,8.94,0.232,0.261,0.271,36.5,35.2,22.71792,75.8333,ERA5,Asia/Kolkata,Open-Meteo Historical Weather API
MP-Indore,2022-06-05,34.4,40.2,28.5,0.0,0.0,0.0,31,9.12,0.231,0.261,0.271,36.7,35.4,22.71792,75.8333,ERA5,Asia/Kolkata,Open-Meteo Historical Weather API
MP-Indore,2022-06-06,34.5,40.3,29.3,0.0,0.0,0.0,29,9.81,0.23,0.26,0.27,36.8,35.5,22.71792,75.8333,ERA5,Asia/Kolkata,Open-Meteo Historical Weather API
MP-Indore,2022-06-07,33.8,40.4,27.2,0.0,0.0,0.0,35,10.02,0.229,0.26,0.27,36.6,35.4,22.71792,75.8333,ERA5,Asia/Kolkata,Open-Meteo Historical Weather API
MP-Indore,2022-06-08,33.2,38.4,27.7,0.1,0.1,1.0,47,8.51,0.229,0.26,0.269,36.4,35.3,22.71792,75.8333,ERA5,Asia/Kolkata,Open-Meteo Historical Weather API
MP-Indore,2022-06-09,33.5,39.1,28.1,0.0,0.0,0.0,43,8.68,0.23,0.259,0.269,36.4,35.4,22.71792,75.8333,ERA5,Asia/Kolkata,Open-Meteo Historical Weather API
MP-Indore,2022-06-10,33.1,38.8,27.3,0.0,0.0,0.0,45,7.96,0.23,0.26,0.27,36.4,35.4,22.71792,75.8333,ERA5,Asia/Kolkata,Open-Meteo Historical Weather API
MP-Indore,2022-06-11,31.5,38.5,26.7,1.7,1.7,5.0,53,6.54,0.238,0.259,0.27,35.7,35.5,22.71792,75.8333,ERA5,Asia/Kolkata,Open-Meteo Historical Weather API
MP-Indore,2022-06-12,27.0,30.6,23.6,11.1,11.1,13.0,76,3.74,0.318,0.26,0.271,31.1,33.6,22.71792,75.8333,ERA5,Asia/Kolkata,Open-Meteo Historical Weather API
MP-Indore,2022-06-13,28.5,34.0,24.4,1.9,1.9,11.0,69,5.04,0.355,0.262,0.272,31.5,32.0,22.71792,75.8333,ERA5,Asia/Kolkata,Open-Meteo Historical Weather API
MP-Indore,2022-06-14,30.1,35.9,25.6,0.5,0.5,2.0,60,6.42,0.335,0.264,0.272,32.4,32.2,22.71792,75.8333,ERA5,Asia/Kolkata,Open-Meteo Historical Weather API
MP-Indore,2022-06-15,30.3,35.5,26.4,0.2,0.2,1.0,61,6.28,0.316,0.265,0.273,32.8,32.7,22.71792,75.8333,ERA5,Asia/Kolkata,Open-Meteo Historical Weather API
MP-Indore,2022-06-16,29.9,35.0,25.7,0.7,0.7,3.0,64,5.6,0.304,0.265,0.273,32.4,32.6,22.71792,75.8333,ERA5,Asia/Kolkata,Open-Meteo Historical Weather API
MP-Indore,2022-06-17,29.5,34.8,25.0,0.5,0.5,1.0,64,5.89,0.301,0.267,0.277,32.5,32.7,22.71792,75.8333,ERA5,Asia/Kolkata,Open-Meteo Historical Weather API
MP-Indore,2022-06-18,29.9,34.3,26.8,0.1,0.1,1.0,61,5.89,0.298,0.268,0.278,32.8,32.8,22.71792,75.8333,ERA5,Asia/Kolkata,Open-Meteo Historical Weather API
MP-Indore,2022-06-19,29.0,35.0,25.8,2.1,2.1,3.0,65,5.65,0.296,0.268,0.279,32.4,32.7,22.71792,75.8333,ERA5,Asia/Kolkata,Open-Meteo Historical Weather API
MP-Indore,2022-06-20,28.4,33.1,25.1,4.9,4.9,9.0,70,5.03,0.329,0.268,0.28,31.2,31.8,22.71792,75.8333,ERA5,Asia/Kolkata,Open-Meteo Historical Weather API
MP-Indore,2022-06-21,28.4,33.1,24.9,3.6,3.6,12.0,71,4.78,0.364,0.268,0.28,31.0,31.3,22.71792,75.8333,ERA5,Asia/Kolkata,Open-Meteo Historical Weather API
MP-Indore,2022-06-22,28.1,34.3,24.8,7.0,7.0,11.0,70,4.95,0.39,0.27,0.279,31.6,31.4,22.71792,75.8333,ERA5,Asia/Kolkata,Open-Meteo Historical Weather API
MP-Indore,2022-06-23,27.8,33.2,23.5,1.0,1.0,4.0,73,4.83,0.408,0.282,0.278,31.0,31.5,22.71792,75.8333,ERA5,Asia/Kolkata,Open-Meteo Historical Weather API
MP-Indore,2022-06-24,28.6,34.4,23.7,10.2,10.2,12.0,72,4.23,0.439,0.299,0.279,30.6,31.1,22.71792,75.8333,ERA5,Asia/Kolkata,Open-Meteo Historical Weather API
MP-Indore,2022-06-25,30.1,36.0,24.7,0.0,0.0,0.0,62,5.5,0.4,0.31,0.28,31.6,31.2,22.71792,75.8333,ERA5,Asia/Kolkata,Open-Meteo Historical Weather API
MP-Indore,2022-06-26,29.9,35.3,27.4,0.3,0.3,1.0,62,4.75,0.368,0.315,0.282,31.5,31.6,22.71792,75.8333,ERA5,Asia/Kolkata,Open-Meteo Historical Weather API
MP-Indore,2022-06-27,29.0,32.2,25.5,0.8,0.8,5.0,71,3.84,0.36,0.318,0.284,31.0,31.0,22.71792,75.8333,ERA5,Asia/Kolkata,Open-Meteo Historical Weather API
MP-Indore,2022-06-28,28.5,32.6,26.1,3.2,3.2,3.0,74,4.27,0.353,0.315,0.284,30.6,30.6,22.71792,75.8333,ERA5,Asia/Kolkata,Open-Meteo Historical Weather API
MP-Indore,2022-06-29,28.1,32.1,25.3,2.8,2.8,11.0,74,3.44,0.372,0.313,0.282,29.4,29.8,22.71792,75.8333,ERA5,Asia/Kolkata,Open-Meteo Historical Weather API
MP-Indore,2022-06-30,27.0,29.3,25.6,7.7,7.7,12.0,80,2.7,0.426,0.314,0.281,28.8,29.3,22.71792,75.8333,ERA5,Asia/Kolkata,Open-Meteo Historical Weather API
MP-Indore,2022-07-01,27.2,31.2,24.1,15.4,15.4,16.0,82,2.44,0.447,0.342,0.28,28.1,28.5,22.71792,75.8333,ERA5,Asia/Kolkata,Open-Meteo Historical Weather API
MP-Indore,2022-07-02,26.6,30.2,24.0,10.6,10.6,20.0,85,2.5,0.467,0.384,0.279,27.6,27.8,22.71792,75.8333,ERA5,Asia/Kolkata,Open-Meteo Historical Weather API
MP-Indore,2022-07-03,26.3,29.1,24.3,5.7,5.7,16.0,86,2.13,0.475,0.412,0.281,27.3,27.5,22.71792,75.8333,ERA5,Asia/Kolkata,Open-Meteo Historical Weather API
MP-Indore,2022-07-04,26.8,29.8,24.2,5.2,5.2,12.0,83,2.48,0.471,0.421,0.283,27.5,27.5,22.71792,75.8333,ERA5,Asia/Kolkata,Open-Meteo Historical Weather API
MP-Indore,2022-07-05,25.8,29.6,24.1,25.7,25.7,24.0,89,1.84,0.492,0.442,0.287,27.0,27.4,22.71792,75.8333,ERA5,Asia/Kolkata,Open-Meteo Historical Weather API
MP-Indore,2022-07-06,26.6,31.2,24.0,14.8,14.8,19.0,86,3.19,0.493,0.468,0.299,27.8,27.4,22.71792,75.8333,ERA5,Asia/Kolkata,Open-Meteo Historical Weather API
MP-Indore,2022-07-07,25.7,28.6,24.1,15.5,15.5,23.0,90,1.94,0.504,0.491,0.309,27.2,27.5,22.71792,75.8333,ERA5,Asia/Kolkata,Open-Meteo Historical Weather API
MP-Indore,2022-07-08,25.8,28.9,24.5,9.8,9.8,23.0,89,2.11,0.505,0.493,0.32,26.8,27.1,22.71792,75.8333,ERA5,Asia/Kolkata,Open-Meteo Historical Weather API
MP-Indore,2022-07-09,26.2,29.9,23.8,9.1,9.1,18.0,85,2.86,0.498,0.493,0.331,26.9,26.9,22.71792,75.8333,ERA5,Asia/Kolkata,Open-Meteo Historical Weather API
MP-Indore,2022-07-10,25.5,29.4,23.4,7.9,7.9,18.0,88,3.3,0.501,0.497,0.341,26.9,27.2,22.71792,75.8333,ERA5,Asia/Kolkata,Open-Meteo Historical Weather API
MP-Indore,2022-07-11,24.8,27.2,23.2,17.6,17.6,23.0,92,1.81,0.508,0.5,0.353,26.3,26.9,22.71792,75.8333,ERA5,Asia/Kolkata,Open-Meteo Historical Weather API
MP-Indore,2022-07-12,24.8,26.8,23.8,6.4,6.4,20.0,93,1.65,0.505,0.498,0.367,26.2,26.6,22.71792,75.8333,ERA5,Asia/Kolkata,Open-Meteo Historical Weather API
MP-Indore,2022-07-13,24.7,27.9,23.4,25.6,25.6,24.0,93,1.32,0.507,0.505,0.385,25.7,26.1,22.71792,75.8333,ERA5,Asia/Kolkata,Open-Meteo Historical Weather API
MP-Indore,2022-07-14,25.4,28.5,23.2,25.2,25.2,19.0,91,2.28,0.503,0.51,0.414,26.3,26.1,22.71792,75.8333,ERA5,Asia/Kolkata,Open-Meteo Historical Weather API
MP-Indore,2022-07-15,24.5,26.5,22.9,29.4,29.4,21.0,94,1.64,0.504,0.51,0.445,25.6,26.2,22.71792,75.8333,ERA5,Asia/Kolkata,Open-Meteo Historical Weather API
MP-Indore,2022-07-16,26.4,29.5,23.7,1.4,1.4,9.0,85,2.87,0.487,0.495,0.458,26.8,26.2,22.71792,75.8333,ERA5,Asia/Kolkata,Open-Meteo Historical Weather API
MP-Indore,2022-07-17,26.4,28.8,24.7,10.0,10.0,13.0,86,2.86,0.487,0.487,0.459,27.1,26.8,22.71792,75.8333,ERA5,Asia/Kolkata,Open-Meteo Historical Weather API
MP-Indore,2022-07-18,24.6,25.8,23.7,89.5,89.5,22.0,94,1.16,0.51,0.506,0.473,25.8,26.3,22.71792,75.8333,ERA5,Asia/Kolkata,Open-Meteo Historical Weather API
MP-Indore,2022-07-19,23.6,24.3,23.0,31.7,31.7,18.0,96,0.94,0.504,0.511,0.513,25.0,25.7,22.71792,75.8333,ERA5,Asia/Kolkata,Open-Meteo Historical Weather API
MP-Indore,2022-07-20,24.7,26.9,23.0,0.6,0.6,6.0,90,1.91,0.489,0.496,0.509,25.2,25.4,22.71792,75.8333,ERA5,Asia/Kolkata,Open-Meteo Historical Weather API
MP-Indore,2022-07-21,25.8,28.7,23.6,0.0,0.0,0.0,83,3.33,0.472,0.482,0.504,26.2,26.0,22.71792,75.8333,ERA5,Asia/Kolkata,Open-Meteo Historical Weather API
MP-Indore,2022-07-22,26.0,28.9,24.1,0.5,0.5,4.0,83,3.22,0.459,0.471,0.499,26.7,26.4,22.71792,75.8333,ERA5,Asia/Kolkata,Open-Meteo Historical Weather API
MP-Indore,2022-07-23,24.7,26.3,23.6,8.7,8.7,24.0,91,1.25,0.496,0.475,0.495,25.5,26.0,22.71792,75.8333,ERA5,Asia/Kolkata,Open-Meteo Historical Weather API
MP-Indore,2022-07-24,23.9,24.7,23.3,3.6,3.6,18.0,95,1.13,0.493,0.486,0.494,25.0,25.4,22.71792,75.8333,ERA5,Asia/Kolkata,Open-Meteo Historical Weather API
MP-Indore,2022-07-25,23.9,25.0,22.9,10.9,10.9,24.0,94,1.19,0.501,0.497,0.493,24.6,25.0,22.71792,75.8333,ERA5,Asia/Kolkata,Open-Meteo Historical Weather API
MP-Indore,2022-07-26,24.1,25.7,22.9,10.3,10.3,22.0,93,1.26,0.504,0.51,0.498,24.5,24.8,22.71792,75.8333,ERA5,Asia/Kolkata,Open-Meteo Historical Weather API
MP-Indore,2022-07-27,25.3,28.0,23.1,5.3,5.3,17.0,87,2.69,0.498,0.503,0.5,25.7,25.1,22.71792,75.8333,ERA5,Asia/Kolkata,Open-Meteo Historical Weather API
MP-Indore,2022-07-28,25.8,28.4,23.4,5.1,5.1,17.0,85,3.54,0.503,0.507,0.501,26.4,25.9,22.71792,75.8333,ERA5,Asia/Kolkata,Open-Meteo Historical Weather API
MP-Indore,2022-07-29,26.4,30.4,23.4,3.3,3.3,7.0,82,3.51,0.489,0.498,0.499,26.8,26.3,22.71792,75.8333,ERA5,Asia/Kolkata,Open-Meteo Historical Weather API
MP-Indore,2022-07-30,26.7,29.9,24.0,1.1,1.1,6.0,81,4.0,0.483,0.492,0.497,27.2,26.7,22.71792,75.8333,ERA5,Asia/Kolkata,Open-Meteo Historical Weather API
MP-Indore,2022-07-31,26.3,29.7,23.0,1.0,1.0,7.0,80,4.12,0.474,0.484,0.494,26.8,26.6,22.71792,75.8333,ERA5,Asia/Kolkata,Open-Meteo Historical Weather API
MP-Indore,2022-08-01,26.0,29.0,22.8,1.2,1.2,8.0,82,3.67,0.464,0.474,0.491,26.7,26.5,22.71792,75.8333,ERA5,Asia/Kolkata,Open-Meteo Historical Weather API
MP-Indore,2022-08-02,26.1,29.1,23.1,3.8,3.8,12.0,84,3.38,0.466,0.467,0.49,26.8,26.5,22.71792,75.8333,ERA5,Asia/Kolkata,Open-Meteo Historical Weather API
MP-Indore,2022-08-03,26.7,30.6,23.9,5.9,5.9,10.0,83,3.47,0.47,0.466,0.487,27.4,26.8,22.71792,75.8333,ERA5,Asia/Kolkata,Open-Meteo Historical Weather API
MP-Indore,2022-08-04,26.3,29.3,23.9,15.9,15.9,20.0,87,2.8,0.5,0.489,0.486,27.5,27.0,22.71792,75.8333,ERA5,Asia/Kolkata,Open-Meteo Historical Weather API
MP-Indore,2022-08-05,26.4,30.3,24.1,13.9,13.9,22.0,87,2.91,0.502,0.507,0.494,27.5,27.0,22.71792,75.8333,ERA5,Asia/Kolkata,Open-Meteo Historical Weather API
MP-Indore,2022-08-06,26.5,30.1,23.8,3.3,3.3,9.0,86,3.4,0.497,0.504,0.497,27.6,27.2,22.71792,75.8333,ERA5,Asia/Kolkata,Open-Meteo Historical Weather API
MP-Indore,2022-08-07,26.0,28.6,24.5,7.9,7.9,15.0,89,2.24,0.496,0.502,0.498,27.1,27.1,22.71792,75.8333,ERA5,Asia/Kolkata,Open-Meteo Historical Weather API
MP-Indore,2022-08-08,26.2,30.5,23.7,13.4,13.4,17.0,87,2.85,0.495,0.502,0.498,27.0,26.7,22.71792,75.8333,ERA5,Asia/Kolkata,Open-Meteo Historical Weather API
MP-Indore,2022-08-09,25.9,28.1,24.2,26.9,26.9,19.0,90,2.38,0.507,0.513,0.504,26.9,26.8,22.71792,75.8333,ERA5,Asia/Kolkata,Open-Meteo Historical Weather API
MP-Indore,2022-08-10,24.3,25.1,23.7,34.3,34.3,24.0,97,0.85,0.511,0.507,0.517,25.6,26.2,22.71792,75.8333,ERA5,Asia/Kolkata,Open-Meteo Historical Weather API
MP-Indore,2022-08-11,24.5,26.0,23.1,29.5,29.5,24.0,93,1.48,0.507,0.505,0.516,25.1,25.5,22.71792,75.8333,ERA5,Asia/Kolkata,Open-Meteo Historical Weather API
MP-Indore,2022-08-12,25.1,28.0,23.5,2.6,2.6,12.0,90,2.24,0.495,0.491,0.51,25.4,25.5,22.71792,75.8333,ERA5,Asia/Kolkata,Open-Meteo Historical Weather API
MP-Indore,2022-08-13,25.3,28.7,23.0,5.4,5.4,12.0,87,3.04,0.493,0.494,0.506,25.7,25.6,22.71792,75.8333,ERA5,Asia/Kolkata,Open-Meteo Historical Weather API
MP-Indore,2022-08-14,25.3,27.7,23.5,4.4,4.4,16.0,86,2.22,0.492,0.492,0.504,25.6,25.7,22.71792,75.8333,ERA5,Asia/Kolkata,Open-Meteo Historical Weather API
MP-Indore,2022-08-15,23.7,24.7,23.1,18.7,18.7,24.0,95,0.9,0.507,0.507,0.506,24.6,25.1,22.71792,75.8333,ERA5,Asia/Kolkata,Open-Meteo Historical Weather API
MP-Indore,2022-08-16,23.2,24.0,22.8,42.4,42.4,24.0,98,0.69,0.511,0.506,0.517,24.1,24.6,22.71792,75.8333,ERA5,Asia/Kolkata,Open-Meteo Historical Weather API
MP-Indore,2022-08-17,24.7,27.4,22.4,2.3,2.3,15.0,90,2.83,0.497,0.497,0.513,25.0,24.7,22.71792,75.8333,ERA5,Asia/Kolkata,Open-Meteo Historical Weather API
MP-Indore,2022-08-18,25.2,28.6,23.0,1.0,1.0,8.0,87,3.02,0.479,0.48,0.509,25.6,25.3,22.71792,75.8333,ERA5,Asia/Kolkata,Open-Meteo Historical Weather API
MP-Indore,2022-08-19,25.6,28.5,23.4,2.2,2.2,10.0,86,3.61,0.47,0.469,0.504,26.2,25.7,22.71792,75.8333,ERA5,Asia/Kolkata,Open-Meteo Historical Weather API
MP-Indore,2022-08-20,24.8,27.0,23.5,1.0,1.0,7.0,89,2.36,0.466,0.463,0.5,25.7,25.8,22.71792,75.8333,ERA5,Asia/Kolkata,Open-Meteo Historical Weather API
MP-Indore,2022-08-21,24.6,26.2,23.5,7.9,7.9,19.0,90,1.67,0.486,0.465,0.497,24.9,25.4,22.71792,75.8333,ERA5,Asia/Kolkata,Open-Meteo Historical Weather API
MP-Indore,2022-08-22,23.1,23.7,22.7,40.3,40.3,24.0,96,0.78,0.509,0.503,0.504,23.9,24.7,22.71792,75.8333,ERA5,Asia/Kolkata,Open-Meteo Historical Weather API
MP-Indore,2022-08-23,23.7,26.5,22.4,19.0,19.0,14.0,91,1.61,0.503,0.498,0.514,24.2,24.3,22.71792,75.8333,ERA5,Asia/Kolkata,Open-Meteo Historical Weather API
MP-Indore,2022-08-24,24.9,28.5,22.3,1.5,1.5,10.0,86,3.44,0.483,0.486,0.5,25.2,24.7,22.71792,75.8333,ERA5,Asia/Kolkata,Open-Meteo Historical Weather API
MP-Indore,2022-08-25,25.3,28.8,22.5,0.0,0.0,0.0,81,3.42,0.467,0.474,0.489,25.8,25.3,22.71792,75.8333,ERA5,Asia/Kolkata,Open-Meteo Historical Weather API
MP-Indore,2022-08-26,26.0,29.4,22.9,0.8,0.8,8.0,81,3.86,0.455,0.465,0.48,26.2,25.6,22.71792,75.8333,ERA5,Asia/Kolkata,Open-Meteo Historical Weather API
MP-Indore,2022-08-27,25.8,29.7,22.0,0.0,0.0,0.0,78,4.43,0.444,0.457,0.471,26.4,25.8,22.71792,75.8333,ERA5,Asia/Kolkata,Open-Meteo Historical Weather API
MP-Indore,2022-08-28,26.0,29.2,22.6,0.6,0.6,6.0,79,3.4,0.431,0.448,0.464,26.3,25.8,22.71792,75.8333,ERA5,Asia/Kolkata,Open-Meteo Historical Weather API
MP-Indore,2022-08-29,25.9,29.2,23.3,1.2,1.2,3.0,80,2.84,0.429,0.441,0.457,26.4,25.8,22.71792,75.8333,ERA5,Asia/Kolkata,Open-Meteo Historical Weather API
MP-Indore,2022-08-30,27.0,30.7,23.9,4.9,4.9,10.0,78,3.96,0.447,0.436,0.451,27.3,26.0,22.71792,75.8333,ERA5,Asia/Kolkata,Open-Meteo Historical Weather API
MP-Indore,2022-08-31,27.6,31.4,23.7,4.5,4.5,12.0,81,3.9,0.461,0.438,0.447,27.9,26.7,22.71792,75.8333,ERA5,Asia/Kolkata,Open-Meteo Historical Weather API
MP-Indore,2022-09-01,25.8,28.1,23.9,9.8,9.8,13.0,88,2.77,0.48,0.455,0.443,27.5,27.0,22.71792,75.8333,ERA5,Asia/Kolkata,Open-Meteo Historical Weather API
MP-Indore,2022-09-02,26.7,30.9,23.2,1.3,1.3,6.0,84,3.7,0.479,0.468,0.44,27.5,26.9,22.71792,75.8333,ERA5,Asia/Kolkata,Open-Meteo Historical Weather API
MP-Indore,2022-09-03,27.8,31.9,23.6,1.0,1.0,5.0,81,4.29,0.462,0.46,0.437,28.3,27.3,22.71792,75.8333,ERA5,Asia/Kolkata,Open-Meteo Historical Weather API
MP-Indore,2022-09-04,26.5,29.1,24.2,6.7,6.7,8.0,85,3.46,0.461,0.455,0.433,27.6,27.3,22.71792,75.8333,ERA5,Asia/Kolkata,Open-Meteo Historical Weather API
MP-Indore,2022-09-05,25.9,29.3,23.3,1.9,1.9,9.0,84,3.37,0.468,0.456,0.43,26.8,26.8,22.71792,75.8333,ERA5,Asia/Kolkata,Open-Meteo Historical Weather API
MP-Indore,2022-09-06,26.4,30.1,22.6,0.3,0.3,2.0,79,4.01,0.452,0.449,0.427,27.3,26.6,22.71792,75.8333,ERA5,Asia/Kolkata,Open-Meteo Historical Weather API
MP-Indore,2022-09-07,27.1,30.9,23.8,7.0,7.0,11.0,80,3.95,0.455,0.443,0.423,27.7,26.9,22.71792,75.8333,ERA5,Asia/Kolkata,Open-Meteo Historical Weather API
MP-Indore,2022-09-08,28.0,31.8,24.8,5.7,5.7,16.0,79,4.02,0.475,0.454,0.42,28.2,27.3,22.71792,75.8333,ERA5,Asia/Kolkata,Open-Meteo Historical Weather API
MP-Indore,2022-09-09,28.4,33.1,25.2,2.9,2.9,10.0,79,4.46,0.464,0.454,0.417,28.8,27.7,22.71792,75.8333,ERA5,Asia/Kolkata,Open-Meteo Historical Weather API
MP-Indore,2022-09-10,27.0,31.5,24.7,7.8,7.8,10.0,85,4.2,0.474,0.451,0.416,28.8,28.1,22.71792,75.8333,ERA5,Asia/Kolkata,Open-Meteo Historical Weather API
MP-Indore,2022-09-11,26.9,30.4,23.8,13.4,13.4,16.0,84,3.41,0.487,0.463,0.423,28.1,27.9,22.71792,75.8333,ERA5,Asia/Kolkata,Open-Meteo Historical Weather API
MP-Indore,2022-09-12,26.2,29.4,24.3,15.9,15.9,14.0,86,2.7,0.494,0.473,0.429,27.4,27.3,22.71792,75.8333,ERA5,Asia/Kolkata,Open-Meteo Historical Weather API
MP-Indore,2022-09-13,25.4,27.8,23.9,18.8,18.8,20.0,90,2.03,0.5,0.487,0.436,26.7,26.8,22.71792,75.8333,ERA5,Asia/Kolkata,Open-Meteo Historical Weather API
MP-Indore,2022-09-14,24.5,26.6,23.5,25.3,25.3,24.0,95,1.26,0.509,0.504,0.448,25.8,26.2,22.71792,75.8333,ERA5,Asia/Kolkata,Open-Meteo Historical Weather API
MP-Indore,2022-09-15,24.3,27.6,23.0,10.1,10.1,24.0,93,1.14,0.51,0.508,0.461,25.1,25.5,22.71792,75.8333,ERA5,Asia/Kolkata,Open-Meteo Historical Weather API
MP-Indore,2022-09-16,24.4,26.5,22.7,8.2,8.2,14.0,92,1.76,0.499,0.505,0.469,25.3,25.2,22.71792,75.8333,ERA5,Asia/Kolkata,Open-Meteo Historical Weather API
MP-Indore,2022-09-17,25.6,28.9,22.8,0.8,0.8,5.0,84,3.56,0.48,0.484,0.47,26.2,25.7,22.71792,75.8333,ERA5,Asia/Kolkata,Open-Meteo Historical Weather API
MP-Indore,2022-09-18,26.2,30.0,22.6,0.0,0.0,0.0,77,4.44,0.462,0.47,0.467,26.9,26.1,22.71792,75.8333,ERA5,Asia/Kolkata,Open-Meteo Historical Weather API
MP-Indore,2022-09-19,26.6,31.1,22.7,0.1,0.1,1.0,75,4.56,0.444,0.458,0.463,27.0,26.3,22.71792,75.8333,ERA5,Asia/Kolkata,Open-Meteo Historical Weather API
MP-Indore,2022-09-20,26.1,30.1,23.2,0.9,0.9,4.0,80,4.21,0.438,0.449,0.458,26.9,26.5,22.71792,75.8333,ERA5,Asia/Kolkata,Open-Meteo Historical Weather API
MP-Indore,2022-09-21,26.3,31.1,22.8,0.3,0.3,3.0,78,4.61,0.426,0.44,0.454,26.9,26.4,22.71792,75.8333,ERA5,Asia/Kolkata,Open-Meteo Historical Weather API
MP-Indore,2022-09-22,25.4,28.3,23.2,1.7,1.7,5.0,78,4.3,0.418,0.434,0.45,26.4,26.3,22.71792,75.8333,ERA5,Asia/Kolkata,Open-Meteo Historical Weather API
MP-Indore,2022-09-23,23.2,24.8,22.0,10.6,10.6,14.0,88,1.66,0.469,0.437,0.447,24.4,25.4,22.71792,75.8333,ERA5,Asia/Kolkata,Open-Meteo Historical Weather API
MP-Indore,2022-09-24,25.0,29.5,22.1,0.0,0.0,0.0,79,3.98,0.453,0.443,0.444,25.4,24.9,22.71792,75.8333,ERA5,Asia/Kolkata,Open-Meteo Historical Weather API
MP-Indore,2022-09-25,24.9,29.2,20.5,0.0,0.0,0.0,78,3.47,0.436,0.437,0.44,25.4,25.0,22.71792,75.8333,ERA5,Asia/Kolkata,Open-Meteo Historical Weather API
MP-Indore,2022-09-26,25.5,30.4,20.9,0.0,0.0,0.0,75,4.14,0.42,0.429,0.436,26.1,25.3,22.71792,75.8333,ERA5,Asia/Kolkata,Open-Meteo Historical Weather API
MP-Indore,2022-09-27,26.1,31.0,21.5,0.5,0.5,4.0,75,4.27,0.409,0.419,0.431,26.7,25.7,22.71792,75.8333,ERA5,Asia/Kolkata,Open-Meteo Historical Weather API
MP-Indore,2022-09-28,26.7,31.1,22.7,3.3,3.3,8.0,78,3.98,0.405,0.411,0.427,27.6,26.4,22.71792,75.8333,ERA5,Asia/Kolkata,Open-Meteo Historical Weather API
MP-Indore,2022-09-29,27.1,32.0,22.9,0.3,0.3,1.0,75,4.22,0.407,0.404,0.423,27.6,26.7,22.71792,75.8333,ERA5,Asia/Kolkata,Open-Meteo Historical Weather API
MP-Indore,2022-09-30,27.1,32.8,22.4,0.1,0.1,1.0,71,4.67,0.39,0.397,0.42,27.6,26.9,22.71792,75.8333,ERA5,Asia/Kolkata,Open-Meteo Historical Weather API
MP-Indore,2022-10-01,26.9,31.6,23.2,0.6,0.6,4.0,73,4.43,0.374,0.389,0.416,27.5,27.0,22.71792,75.8333,ERA5,Asia/Kolkata,Open-Meteo Historical Weather API
MP-Indore,2022-10-02,26.8,32.1,22.8,0.3,0.3,1.0,70,4.75,0.362,0.382,0.411,27.4,26.8,22.71792,75.8333,ERA5,Asia/Kolkata,Open-Meteo Historical Weather API
MP-Indore,2022-10-03,26.6,32.4,22.4,0.4,0.4,2.0,69,4.61,0.345,0.372,0.406,27.2,26.6,22.71792,75.8333,ERA5,Asia/Kolkata,Open-Meteo Historical Weather API
MP-Indore,2022-10-04,26.9,32.2,22.2,0.0,0.0,0.0,62,4.68,0.333,0.364,0.401,27.0,26.5,22.71792,75.8333,ERA5,Asia/Kolkata,Open-Meteo Historical Weather API
MP-Indore,2022-10-05,27.1,31.5,24.2,0.7,0.7,2.0,65,3.99,0.32,0.355,0.396,27.4,26.7,22.71792,75.8333,ERA5,Asia/Kolkata,Open-Meteo Historical Weather API
MP-Indore,2022-10-06,25.4,29.2,23.1,15.6,15.6,23.0,88,2.28,0.378,0.359,0.394,26.7,26.8,22.71792,75.8333,ERA5,Asia/Kolkata,Open-Meteo Historical Weather API
MP-Indore,2022-10-07,24.3,29.3,22.2,21.9,21.9,24.0,91,1.89,0.456,0.389,0.393,25.4,26.0,22.71792,75.8333,ERA5,Asia/Kolkata,Open-Meteo Historical Weather API
MP-Indore,2022-10-08,24.7,28.7,22.7,4.5,4.5,17.0,87,2.55,0.479,0.427,0.393,25.7,25.6,22.71792,75.8333,ERA5,Asia/Kolkata,Open-Meteo Historical Weather API
MP-Indore,2022-10-09,25.4,29.5,22.8,0.6,0.6,4.0,84,3.24,0.463,0.432,0.392,26.3,25.7,22.71792,75.8333,ERA5,Asia/Kolkata,Open-Meteo Historical Weather API
MP-Indore,2022-10-10,25.5,28.7,23.4,5.1,5.1,8.0,84,2.67,0.461,0.429,0.391,26.6,26.0,22.71792,75.8333,ERA5,Asia/Kolkata,Open-Meteo Historical Weather API
MP-Indore,2022-10-11,25.3,28.9,22.8,6.2,6.2,16.0,84,2.87,0.476,0.439,0.39,26.7,26.0,22.71792,75.8333,ERA5,Asia/Kolkata,Open-Meteo Historical Weather API
MP-Indore,2022-10-12,26.1,31.4,22.4,0.0,0.0,0.0,72,4.56,0.451,0.435,0.389,26.8,26.2,22.71792,75.8333,ERA5,Asia/Kolkata,Open-Meteo Historical Weather API
MP-Indore,2022-10-13,25.0,30.8,20.8,0.0,0.0,0.0,60,5.13,0.423,0.422,0.385,25.9,25.8,22.71792,75.8333,ERA5,Asia/Kolkata,Open-Meteo Historical Weather API
MP-Indore,2022-10-14,23.8,30.5,18.7,0.0,0.0,0.0,58,5.11,0.398,0.407,0.379,24.7,24.9,22.71792,75.8333,ERA5,Asia/Kolkata,Open-Meteo Historical Weather API
MP-Indore,2022-10-15,23.4,30.3,18.0,0.0,0.0,0.0,57,5.05,0.376,0.391,0.371,24.2,24.3,22.71792,75.8333,ERA5,Asia/Kolkata,Open-Meteo Historical Weather API
MP-Indore,2022-10-16,23.7,30.8,17.3,0.0,0.0,0.0,54,5.13,0.354,0.373,0.362,24.3,24.1,22.71792,75.8333,ERA5,Asia/Kolkata,Open-Meteo Historical Weather API
MP-Indore,2022-10-17,25.0,30.5,19.7,0.0,0.0,0.0,62,4.29,0.339,0.358,0.355,25.4,24.8,22.71792,75.8333,ERA5,Asia/Kolkata,Open-Meteo Historical Weather API
MP-Indore,2022-10-18,25.9,30.5,22.0,0.1,0.1,1.0,71,3.87,0.327,0.348,0.35,27.0,25.9,22.71792,75.8333,ERA5,Asia/Kolkata,Open-Meteo Historical Weather API
MP-Indore,2022-10-19,25.9,32.1,21.9,0.1,0.1,1.0,59,4.11,0.319,0.34,0.346,27.1,26.2,22.71792,75.8333,ERA5,Asia/Kolkata,Open-Meteo Historical Weather API
MP-Indore,2022-10-20,24.8,31.5,19.1,0.0,0.0,0.0,55,4.95,0.306,0.329,0.34,26.3,25.9,22.71792,75.8333,ERA5,Asia/Kolkata,Open-Meteo Historical Weather API
MP-Indore,2022-10-21,24.9,30.7,19.9,0.0,0.0,0.0,56,4.89,0.297,0.321,0.335,26.4,25.9,22.71792,75.8333,ERA5,Asia/Kolkata,Open-Meteo Historical Weather API
MP-Indore,2022-10-22,24.5,31.6,18.6,0.0,0.0,0.0,47,5.36,0.286,0.315,0.33,25.7,25.8,22.71792,75.8333,ERA5,Asia/Kolkata,Open-Meteo Historical Weather API
MP-Indore,2022-10-23,24.4,32.6,17.5,0.0,0.0,0.0,45,5.42,0.276,0.308,0.326,25.7,25.6,22.71792,75.8333,ERA5,Asia/Kolkata,Open-Meteo Historical Weather API
MP-Indore,2022-10-24,24.4,32.6,17.6,0.0,0.0,0.0,41,5.22,0.272,0.305,0.324,25.2,25.4,22.71792,75.8333,ERA5,Asia/Kolkata,Open-Meteo Historical Weather API
MP-Indore,2022-10-25,24.6,33.2,16.7,0.0,0.0,0.0,41,5.25,0.269,0.303,0.323,25.6,25.3,22.71792,75.8333,ERA5,Asia/Kolkata,Open-Meteo Historical Weather API
MP-Indore,2022-10-26,25.0,32.9,18.7,0.0,0.0,0.0,43,5.08,0.264,0.298,0.32,26.3,25.8,22.71792,75.8333,ERA5,Asia/Kolkata,Open-Meteo Historical Weather API
MP-Indore,2022-10-27,24.8,32.6,18.1,0.0,0.0,0.0,49,4.84,0.258,0.294,0.315,26.4,26.1,22.71792,75.8333,ERA5,Asia/Kolkata,Open-Meteo Historical Weather API
MP-Indore,2022-10-28,25.1,32.6,19.4,0.0,0.0,0.0,44,4.65,0.255,0.29,0.314,26.3,26.2,22.71792,75.8333,ERA5,Asia/Kolkata,Open-Meteo Historical Weather API
MP-Indore,2022-10-29,24.9,32.6,18.3,0.0,0.0,0.0,46,4.75,0.252,0.287,0.312,26.2,26.2,22.71792,75.8333,ERA5,Asia/Kolkata,Open-Meteo Historical Weather API
MP-Indore,2022-10-30,24.4,32.2,18.0,0.0,0.0,0.0,46,4.72,0.25,0.284,0.309,26.4,26.3,22.71792,75.8333,ERA5,Asia/Kolkata,Open-Meteo Historical Weather API
MP-Indore,2022-10-31,23.4,31.5,17.4,0.0,0.0,0.0,46,5.09,0.249,0.282,0.308,25.6,26.1,22.71792,75.8333,ERA5,Asia/Kolkata,Open-Meteo Historical Weather API
MP-Indore,2022-11-01,23.0,31.0,16.5,0.0,0.0,0.0,49,4.93,0.249,0.279,0.306,25.2,25.6,22.71792,75.8333,ERA5,Asia/Kolkata,Open-Meteo Historical Weather API
MP-Indore,2022-11-02,24.1,33.0,17.2,0.0,0.0,0.0,50,4.81,0.249,0.278,0.305,25.3,25.5,22.71792,75.8333,ERA5,Asia/Kolkata,Open-Meteo Historical Weather API
MP-Indore,2022-11-03,24.8,33.9,17.6,0.0,0.0,0.0,53,4.53,0.249,0.278,0.304,26.2,25.8,22.71792,75.8333,ERA5,Asia/Kolkata,Open-Meteo Historical Weather API
MP-Indore,2022-11-04,25.6,34.1,18.6,0.0,0.0,0.0,49,4.62,0.249,0.277,0.303,26.6,26.3,22.71792,75.8333,ERA5,Asia/Kolkata,Open-Meteo Historical Weather API
MP-Indore,2022-11-05,26.4,34.2,19.9,0.0,0.0,0.0,46,4.61,0.249,0.277,0.303,27.1,26.7,22.71792,75.8333,ERA5,Asia/Kolkata,Open-Meteo Historical Weather API
MP-Indore,2022-11-06,25.8,33.4,19.2,0.0,0.0,0.0,44,4.61,0.25,0.277,0.302,27.0,27.0,22.71792,75.8333,ERA5,Asia/Kolkata,Open-Meteo Historical Weather API
MP-Indore,2022-11-07,25.3,32.0,18.4,0.0,0.0,0.0,46,4.05,0.252,0.278,0.303,26.4,26.8,22.71792,75.8333,ERA5,Asia/Kolkata,Open-Meteo Historical Weather API
MP-Indore,2022-11-08,25.5,32.0,20.2,0.0,0.0,0.0,47,3.91,0.256,0.283,0.308,26.3,26.6,22.71792,75.8333,ERA5,Asia/Kolkata,Open-Meteo Historical Weather API
MP-Indore,2022-11-09,25.1,31.1,20.1,0.0,0.0,0.0,49,3.91,0.258,0.289,0.313,26.5,26.6,22.71792,75.8333,ERA5,Asia/Kolkata,Open-Meteo Historical Weather API
MP-Indore,2022-11-10,24.7,31.3,19.7,0.0,0.0,0.0,51,3.79,0.257,0.29,0.314,26.4,26.7,22.71792,75.8333,ERA5,Asia/Kolkata,Open-Meteo Historical Weather API
MP-Indore,2022-11-11,24.5,30.6,19.9,0.0,0.0,0.0,51,4.37,0.257,0.293,0.317,26.2,26.5,22.71792,75.8333,ERA5,Asia/Kolkata,Open-Meteo Historical Weather API
MP-Indore,2022-11-12,22.9,29.3,18.1,0.0,0.0,0.0,50,4.52,0.255,0.292,0.317,25.5,26.1,22.71792,75.8333,ERA5,Asia/Kolkata,Open-Meteo Historical Weather API
MP-Indore,2022-11-13,22.0,29.1,16.6,0.0,0.0,0.0,49,4.43,0.256,0.291,0.316,24.4,25.2,22.71792,75.8333,ERA5,Asia/Kolkata,Open-Meteo Historical Weather API
MP-Indore,2022-11-14,22.4,29.4,16.4,0.0,0.0,0.0,54,4.2,0.256,0.29,0.316,24.4,24.8,22.71792,75.8333,ERA5,Asia/Kolkata,Open-Meteo Historical Weather API
MP-Indore,2022-11-15,22.8,30.1,16.9,0.0,0.0,0.0,54,4.0,0.255,0.29,0.318,24.7,24.9,22.71792,75.8333,ERA5,Asia/Kolkata,Open-Meteo Historical Weather API
MP-Indore,2022-11-16,23.2,30.6,17.8,0.0,0.0,0.0,50,3.9,0.255,0.292,0.319,24.6,24.9,22.71792,75.8333,ERA5,Asia/Kolkata,Open-Meteo Historical Weather API
MP-Indore,2022-11-17,22.2,29.1,16.9,0.0,0.0,0.0,44,4.88,0.254,0.29,0.318,24.2,24.9,22.71792,75.8333,ERA5,Asia/Kolkata,Open-Meteo Historical Weather API
MP-Indore,2022-11-18,20.5,27.9,14.1,0.0,0.0,0.0,41,4.48,0.254,0.287,0.316,23.1,24.1,22.71792,75.8333,ERA5,Asia/Kolkata,Open-Meteo Historical Weather API
MP-Indore,2022-11-19,20.0,27.7,13.2,0.0,0.0,0.0,44,4.54,0.253,0.285,0.316,22.4,23.2,22.71792,75.8333,ERA5,Asia/Kolkata,Open-Meteo Historical Weather API
MP-Indore,2022-11-20,19.6,27.3,13.1,0.0,0.0,0.0,48,4.29,0.253,0.284,0.314,22.0,22.8,22.71792,75.8333,ERA5,Asia/Kolkata,Open-Meteo Historical Weather API
MP-Indore,2022-11-21,19.8,28.0,13.4,0.0,0.0,0.0,49,4.2,0.252,0.282,0.314,22.0,22.8,22.71792,75.8333,ERA5,Asia/Kolkata,Open-Meteo Historical Weather API
MP-Indore,2022-11-22,19.8,28.0,12.8,0.0,0.0,0.0,48,4.1,0.251,0.282,0.314,21.9,22.7,22.71792,75.8333,ERA5,Asia/Kolkata,Open-Meteo Historical Weather API
MP-Indore,2022-11-23,20.0,28.3,12.2,0.0,0.0,0.0,48,4.09,0.252,0.282,0.313,21.6,22.4,22.71792,75.8333,ERA5,Asia/Kolkata,Open-Meteo Historical Weather API
MP-Indore,2022-11-24,20.0,28.1,13.1,0.0,0.0,0.0,51,4.04,0.253,0.282,0.313,22.0,22.5,22.71792,75.8333,ERA5,Asia/Kolkata,Open-Meteo Historical Weather API
MP-Indore,2022-11-25,20.0,28.1,13.3,0.0,0.0,0.0,50,4.18,0.253,0.28,0.312,21.9,22.5,22.71792,75.8333,ERA5,Asia/Kolkata,Open-Meteo Historical Weather API
MP-Indore,2022-11-26,19.7,28.3,12.3,0.0,0.0,0.0,46,4.17,0.253,0.278,0.31,21.5,22.3,22.71792,75.8333,ERA5,Asia/Kolkata,Open-Meteo Historical Weather API
MP-Indore,2022-11-27,20.1,28.8,12.2,0.0,0.0,0.0,48,4.04,0.252,0.277,0.309,21.0,21.8,22.71792,75.8333,ERA5,Asia/Kolkata,Open-Meteo Historical Weather API
MP-Indore,2022-11-28,20.3,29.1,12.8,0.0,0.0,0.0,51,4.0,0.251,0.276,0.308,21.6,21.9,22.71792,75.8333,ERA5,Asia/Kolkata,Open-Meteo Historical Weather API
MP-Indore,2022-11-29,20.3,28.8,13.8,0.0,0.0,0.0,52,4.11,0.25,0.275,0.307,21.9,22.1,22.71792,75.8333,ERA5,Asia/Kolkata,Open-Meteo Historical Weather API
MP-Indore,2022-11-30,20.1,27.7,13.8,0.0,0.0,0.0,55,3.88,0.251,0.274,0.306,22.0,22.3,22.71792,75.8333,ERA5,Asia/Kolkata,Open-Meteo Historical Weather API
MP-Indore,2022-12-01,19.7,27.4,14.0,0.0,0.0,0.0,59,3.69,0.252,0.274,0.305,21.8,22.3,22.71792,75.8333,ERA5,Asia/Kolkata,Open-Meteo Historical Weather API
MP-Indore,2022-12-02,20.0,28.0,13.1,0.0,0.0,0.0,62,3.6,0.252,0.274,0.305,21.6,22.1,22.71792,75.8333,ERA5,Asia/Kolkata,Open-Meteo Historical Weather API
MP-Indore,2022-12-03,21.0,28.5,14.3,0.0,0.0,0.0,61,3.34,0.252,0.274,0.306,22.2,22.3,22.71792,75.8333,ERA5,Asia/Kolkata,Open-Meteo Historical Weather API
MP-Indore,2022-12-04,21.4,28.9,15.7,0.0,0.0,0.0,62,3.46,0.254,0.277,0.311,22.5,22.5,22.71792,75.8333,ERA5,Asia/Kolkata,Open-Meteo Historical Weather API
MP-Indore,2022-12-05,22.3,29.1,16.9,0.0,0.0,0.0,61,3.27,0.257,0.283,0.315,23.4,23.1,22.71792,75.8333,ERA5,Asia/Kolkata,Open-Meteo Historical Weather API
MP-Indore,2022-12-06,21.9,27.8,17.4,0.0,0.0,0.0,65,3.12,0.258,0.286,0.317,23.4,23.5,22.71792,75.8333,ERA5,Asia/Kolkata,Open-Meteo Historical Weather API
MP-Indore,2022-12-07,20.4,27.0,15.5,0.0,0.0,0.0,57,3.78,0.261,0.288,0.318,22.7,23.6,22.71792,75.8333,ERA5,Asia/Kolkata,Open-Meteo Historical Weather API
MP-Indore,2022-12-08,18.7,27.0,12.0,0.0,0.0,0.0,46,4.04,0.264,0.288,0.319,20.8,22.2,22.71792,75.8333,ERA5,Asia/Kolkata,Open-Meteo Historical Weather API
MP-Indore,2022-12-09,18.6,27.0,11.8,0.0,0.0,0.0,48,4.18,0.264,0.284,0.316,20.2,21.3,22.71792,75.8333,ERA5,Asia/Kolkata,Open-Meteo Historical Weather API
MP-Indore,2022-12-10,19.3,27.7,12.6,0.0,0.0,0.0,51,4.08,0.261,0.28,0.313,20.6,21.1,22.71792,75.8333,ERA5,Asia/Kolkata,Open-Meteo Historical Weather API
MP-Indore,2022-12-11,21.4,29.0,14.7,0.0,0.0,0.0,59,3.88,0.259,0.278,0.312,22.1,21.8,22.71792,75.8333,ERA5,Asia/Kolkata,Open-Meteo Historical Weather API
MP-Indore,2022-12-12,23.2,28.6,18.6,0.3,0.3,3.0,64,3.49,0.258,0.279,0.312,23.9,23.1,22.71792,75.8333,ERA5,Asia/Kolkata,Open-Meteo Historical Weather API
MP-Indore,2022-12-13,22.0,27.0,19.3,0.6,0.6,5.0,77,2.79,0.264,0.284,0.317,23.5,23.9,22.71792,75.8333,ERA5,Asia/Kolkata,Open-Meteo Historical Weather API
MP-Indore,2022-12-14,21.8,25.9,19.0,0.3,0.3,1.0,60,3.28,0.27,0.287,0.319,23.3,23.6,22.71792,75.8333,ERA5,Asia/Kolkata,Open-Meteo Historical Weather API
MP-Indore,2022-12-15,22.5,28.2,18.2,0.0,0.0,0.0,62,2.94,0.272,0.289,0.321,23.6,23.6,22.71792,75.8333,ERA5,Asia/Kolkata,Open-Meteo Historical Weather API
MP-Indore,2022-12-16,23.5,29.1,18.7,0.0,0.0,0.0,72,3.06,0.272,0.29,0.322,24.4,23.9,22.71792,75.8333,ERA5,Asia/Kolkata,Open-Meteo Historical Weather API
MP-Indore,2022-12-17,23.4,29.4,18.8,0.0,0.0,0.0,66,3.32,0.269,0.289,0.322,24.8,24.4,22.71792,75.8333,ERA5,Asia/Kolkata,Open-Meteo Historical Weather API
MP-Indore,2022-12-18,22.0,28.5,17.7,0.0,0.0,0.0,58,3.66,0.267,0.289,0.322,24.1,24.4,22.71792,75.8333,ERA5,Asia/Kolkata,Open-Meteo Historical Weather API
MP-Indore,2022-12-19,20.9,28.3,15.3,0.0,0.0,0.0,54,3.72,0.266,0.29,0.323,22.7,23.5,22.71792,75.8333,ERA5,Asia/Kolkata,Open-Meteo Historical Weather API
MP-Indore,2022-12-20,20.9,28.5,14.5,0.0,0.0,0.0,53,3.66,0.265,0.289,0.323,22.4,22.9,22.71792,75.8333,ERA5,Asia/Kolkata,Open-Meteo Historical Weather API
MP-Indore,2022-12-21,21.6,29.0,15.4,0.0,0.0,0.0,57,3.66,0.264,0.288,0.322,22.7,22.9,22.71792,75.8333,ERA5,Asia/Kolkata,Open-Meteo Historical Weather API
MP-Indore,2022-12-22,22.1,29.4,15.8,0.0,0.0,0.0,59,3.58,0.263,0.287,0.321,22.8,22.9,22.71792,75.8333,ERA5,Asia/Kolkata,Open-Meteo Historical Weather API
MP-Indore,2022-12-23,21.6,27.7,16.5,0.0,0.0,0.0,57,3.75,0.263,0.287,0.322,22.4,22.9,22.71792,75.8333,ERA5,Asia/Kolkata,Open-Meteo Historical Weather API
MP-Indore,2022-12-24,18.6,25.6,13.2,0.0,0.0,0.0,50,3.56,0.267,0.291,0.325,21.0,22.2,22.71792,75.8333,ERA5,Asia/Kolkata,Open-Meteo Historical Weather API
MP-Indore,2022-12-25,17.4,24.6,12.3,0.0,0.0,0.0,63,3.34,0.27,0.293,0.327,19.8,21.3,22.71792,75.8333,ERA5,Asia/Kolkata,Open-Meteo Historical Weather API
MP-Indore,2022-12-26,18.4,25.9,12.7,0.0,0.0,0.0,69,3.1,0.272,0.295,0.329,20.1,21.2,22.71792,75.8333,ERA5,Asia/Kolkata,Open-Meteo Historical Weather API
MP-Indore,2022-12-27,18.8,26.0,13.1,0.0,0.0,0.0,67,3.2,0.272,0.296,0.33,20.6,21.5,22.71792,75.8333,ERA5,Asia/Kolkata,Open-Meteo Historical Weather API
MP-Indore,2022-12-28,18.0,26.2,12.1,0.0,0.0,0.0,55,3.58,0.272,0.295,0.33,20.1,21.4,22.71792,75.8333,ERA5,Asia/Kolkata,Open-Meteo Historical Weather API
MP-Indore,2022-12-29,19.3,27.7,10.4,0.0,0.0,0.0,48,3.81,0.27,0.294,0.329,19.9,20.8,22.71792,75.8333,ERA5,Asia/Kolkata,Open-Meteo Historical Weather API
MP-Indore,2022-12-30,20.9,28.5,15.8,0.0,0.0,0.0,55,3.82,0.268,0.292,0.328,20.9,21.1,22.71792,75.8333,ERA5,Asia/Kolkata,Open-Meteo Historical Weather API
MP-Indore,2022-12-31,18.8,25.4,13.7,0.0,0.0,0.0,64,3.48,0.266,0.29,0.327,20.9,21.4,22.71792,75.8333,ERA5,Asia/Kolkata,Open-Meteo Historical Weather API
MP-Indore,2023-01-01,17.3,24.1,12.7,0.0,0.0,0.0,61,3.35,0.268,0.292,0.328,19.8,20.9,22.71792,75.8333,ERA5,Asia/Kolkata,Open-Meteo Historical Weather API
MP-Indore,2023-01-02,16.2,23.3,10.3,0.0,0.0,0.0,65,3.23,0.271,0.295,0.331,18.6,20.2,22.71792,75.8333,ERA5,Asia/Kolkata,Open-Meteo Historical Weather API
MP-Indore,2023-01-03,15.3,21.9,10.4,0.0,0.0,0.0,63,3.36,0.277,0.305,0.34,17.7,19.6,22.71792,75.8333,ERA5,Asia/Kolkata,Open-Meteo Historical Weather API
MP-Indore,2023-01-04,13.4,19.5,9.0,0.0,0.0,0.0,63,3.31,0.283,0.316,0.348,16.1,18.7,22.71792,75.8333,ERA5,Asia/Kolkata,Open-Meteo Historical Weather API
MP-Indore,2023-01-05,14.1,19.2,8.9,0.0,0.0,0.0,70,2.73,0.288,0.322,0.354,16.1,18.0,22.71792,75.8333,ERA5,Asia/Kolkata,Open-Meteo Historical Weather API
MP-Indore,2023-01-06,16.6,23.0,11.6,0.0,0.0,0.0,67,3.12,0.288,0.323,0.355,18.1,18.7,22.71792,75.8333,ERA5,Asia/Kolkata,Open-Meteo Historical Weather API
MP-Indore,2023-01-07,17.7,25.1,11.5,0.0,0.0,0.0,61,3.43,0.284,0.318,0.353,19.1,19.4,22.71792,75.8333,ERA5,Asia/Kolkata,Open-Meteo Historical Weather API
MP-Indore,2023-01-08,17.1,25.8,10.8,0.0,0.0,0.0,54,3.72,0.276,0.309,0.347,18.9,19.4,22.71792,75.8333,ERA5,Asia/Kolkata,Open-Meteo Historical Weather API
MP-Indore,2023-01-09,17.1,26.1,9.5,0.0,0.0,0.0,51,3.7,0.27,0.3,0.341,18.4,19.0,22.71792,75.8333,ERA5,Asia/Kolkata,Open-Meteo Historical Weather API
MP-Indore,2023-01-10,17.4,26.7,9.6,0.0,0.0,0.0,52,3.61,0.265,0.294,0.336,18.5,18.9,22.71792,75.8333,ERA5,Asia/Kolkata,Open-Meteo Historical Weather API
MP-Indore,2023-01-11,18.6,27.3,11.1,0.0,0.0,0.0,55,3.93,0.263,0.289,0.333,19.1,19.2,22.71792,75.8333,ERA5,Asia/Kolkata,Open-Meteo Historical Weather API
MP-Indore,2023-01-12,19.1,26.4,12.6,0.0,0.0,0.0,65,3.68,0.261,0.285,0.329,20.0,19.8,22.71792,75.8333,ERA5,Asia/Kolkata,Open-Meteo Historical Weather API
MP-Indore,2023-01-13,18.6,24.9,14.4,0.0,0.0,0.0,61,3.78,0.261,0.285,0.33,20.3,20.4,22.71792,75.8333,ERA5,Asia/Kolkata,Open-Meteo Historical Weather API
MP-Indore,2023-01-14,15.6,22.8,9.6,0.0,0.0,0.0,59,3.42,0.266,0.293,0.336,18.1,19.5,22.71792,75.8333,ERA5,Asia/Kolkata,Open-Meteo Historical Weather API
MP-Indore,2023-01-15,14.8,21.9,9.3,0.0,0.0,0.0,62,3.34,0.269,0.297,0.339,17.3,18.8,22.71792,75.8333,ERA5,Asia/Kolkata,Open-Meteo Historical Weather API
MP-Indore,2023-01-16,15.3,22.9,8.8,0.0,0.0,0.0,57,3.56,0.272,0.3,0.342,17.3,18.3,22.71792,75.8333,ERA5,Asia/Kolkata,Open-Meteo Historical Weather API
MP-Indore,2023-01-17,15.6,23.2,9.3,0.0,0.0,0.0,54,3.66,0.272,0.301,0.343,17.6,18.5,22.71792,75.8333,ERA5,Asia/Kolkata,Open-Meteo Historical Weather API
MP-Indore,2023-01-18,16.1,23.9,9.4,0.0,0.0,0.0,52,3.82,0.271,0.3,0.343,17.7,18.6,22.71792,75.8333,ERA5,Asia/Kolkata,Open-Meteo Historical Weather API
MP-Indore,2023-01-19,17.4,25.3,10.4,0.0,0.0,0.0,58,3.71,0.27,0.298,0.342,18.4,18.8,22.71792,75.8333,ERA5,Asia/Kolkata,Open-Meteo Historical Weather API
MP-Indore,2023-01-20,19.6,27.4,14.0,0.0,0.0,0.0,62,4.03,0.267,0.297,0.341,20.1,19.7,22.71792,75.8333,ERA5,Asia/Kolkata,Open-Meteo Historical Weather API
MP-Indore,2023-01-21,18.9,27.4,12.3,0.0,0.0,0.0,62,3.86,0.268,0.297,0.342,20.1,19.9,22.71792,75.8333,ERA5,Asia/Kolkata,Open-Meteo Historical Weather API
MP-Indore,2023-01-22,18.5,25.3,12.9,0.0,0.0,0.0,59,3.69,0.267,0.299,0.343,20.1,20.1,22.71792,75.8333,ERA5,Asia/Kolkata,Open-Meteo Historical Weather API
MP-Indore,2023-01-23,19.4,26.2,14.1,0.0,0.0,0.0,60,3.76,0.268,0.303,0.346,20.6,20.4,22.71792,75.8333,ERA5,Asia/Kolkata,Open-Meteo Historical Weather API
MP-Indore,2023-01-24,19.0,25.3,13.5,0.0,0.0,0.0,65,3.63,0.268,0.305,0.348,20.7,20.6,22.71792,75.8333,ERA5,Asia/Kolkata,Open-Meteo Historical Weather API
MP-Indore,2023-01-25,18.5,23.9,14.4,0.0,0.0,0.0,63,3.09,0.272,0.31,0.353,20.5,20.7,22.71792,75.8333,ERA5,Asia/Kolkata,Open-Meteo Historical Weather API
MP-Indore,2023-01-26,17.4,21.0,14.9,0.4,0.4,4.0,81,2.08,0.278,0.316,0.358,19.2,20.4,22.71792,75.8333,ERA5,Asia/Kolkata,Open-Meteo Historical Weather API
MP-Indore,2023-01-27,18.3,23.8,14.3,0.1,0.1,1.0,79,3.11,0.285,0.322,0.364,19.9,20.1,22.71792,75.8333,ERA5,Asia/Kolkata,Open-Meteo Historical Weather API
MP-Indore,2023-01-28,19.6,26.7,14.0,0.0,0.0,0.0,73,3.48,0.284,0.324,0.366,20.5,20.5,22.71792,75.8333,ERA5,Asia/Kolkata,Open-Meteo Historical Weather API
MP-Indore,2023-01-29,21.6,27.4,16.8,0.0,0.0,0.0,65,4.12,0.282,0.322,0.365,21.5,21.2,22.71792,75.8333,ERA5,Asia/Kolkata,Open-Meteo Historical Weather API
MP-Indore,2023-01-30,19.2,23.6,15.4,0.2,0.2,1.0,77,3.29,0.283,0.325,0.368,21.0,21.2,22.71792,75.8333,ERA5,Asia/Kolkata,Open-Meteo Historical Weather API
MP-Indore,2023-01-31,18.4,23.7,14.7,0.0,0.0,0.0,74,3.44,0.287,0.328,0.372,20.3,21.1,22.71792,75.8333,ERA5,Asia/Kolkata,Open-Meteo Historical Weather API
MP-Indore,2023-02-01,17.3,24.0,12.2,0.0,0.0,0.0,61,4.03,0.286,0.328,0.373,19.4,20.2,22.71792,75.8333,ERA5,Asia/Kolkata,Open-Meteo Historical Weather API
MP-Indore,2023-02-02,16.6,26.0,9.5,0.0,0.0,0.0,55,4.18,0.28,0.322,0.37,18.5,19.3,22.71792,75.8333,ERA5,Asia/Kolkata,Open-Meteo Historical Weather API
MP-Indore,2023-02-03,18.3,27.3,10.0,0.0,0.0,0.0,53,4.3,0.273,0.311,0.362,18.5,19.0,22.71792,75.8333,ERA5,Asia/Kolkata,Open-Meteo Historical Weather API
MP-Indore,2023-02-04,18.7,27.4,11.1,0.0,0.0,0.0,52,4.26,0.268,0.301,0.354,19.2,19.3,22.71792,75.8333,ERA5,Asia/Kolkata,Open-Meteo Historical Weather API
MP-Indore,2023-02-05,20.3,28.8,13.2,0.0,0.0,0.0,45,4.53,0.265,0.292,0.347,19.8,19.7,22.71792,75.8333,ERA5,Asia/Kolkata,Open-Meteo Historical Weather API
MP-Indore,2023-02-06,21.7,29.9,15.0,0.0,0.0,0.0,40,4.93,0.259,0.283,0.339,21.0,20.4,22.71792,75.8333,ERA5,Asia/Kolkata,Open-Meteo Historical Weather API
MP-Indore,2023-02-07,20.7,28.4,14.5,0.0,0.0,0.0,51,4.59,0.257,0.279,0.334,21.8,21.3,22.71792,75.8333,ERA5,Asia/Kolkata,Open-Meteo Historical Weather API
MP-Indore,2023-02-08,20.7,29.1,12.4,0.0,0.0,0.0,40,4.52,0.26,0.277,0.331,21.6,21.5,22.71792,75.8333,ERA5,Asia/Kolkata,Open-Meteo Historical Weather API
MP-Indore,2023-02-09,22.0,31.1,14.8,0.0,0.0,0.0,45,4.74,0.262,0.274,0.323,21.6,21.4,22.71792,75.8333,ERA5,Asia/Kolkata,Open-Meteo Historical Weather API
MP-Indore,2023-02-10,23.0,32.8,14.9,0.0,0.0,0.0,40,5.67,0.261,0.27,0.316,22.9,22.1,22.71792,75.8333,ERA5,Asia/Kolkata,Open-Meteo Historical Weather API
MP-Indore,2023-02-11,22.5,30.9,15.8,0.0,0.0,0.0,36,5.51,0.263,0.27,0.316,23.2,22.6,22.71792,75.8333,ERA5,Asia/Kolkata,Open-Meteo Historical Weather API
MP-Indore,2023-02-12,21.2,29.5,14.0,0.0,0.0,0.0,46,5.2,0.265,0.274,0.32,22.4,22.4,22.71792,75.8333,ERA5,Asia/Kolkata,Open-Meteo Historical Weather API
MP-Indore,2023-02-13,19.3,27.7,13.4,0.0,0.0,0.0,37,5.11,0.267,0.277,0.322,21.4,21.9,22.71792,75.8333,ERA5,Asia/Kolkata,Open-Meteo Historical Weather API
MP-Indore,2023-02-14,20.4,29.9,11.6,0.0,0.0,0.0,37,4.62,0.267,0.279,0.324,21.3,21.4,22.71792,75.8333,ERA5,Asia/Kolkata,Open-Meteo Historical Weather API
MP-Indore,2023-02-15,22.8,32.2,13.1,0.0,0.0,0.0,39,4.72,0.265,0.279,0.323,21.9,21.8,22.71792,75.8333,ERA5,Asia/Kolkata,Open-Meteo Historical Weather API
MP-Indore,2023-02-16,23.8,33.2,15.7,0.0,0.0,0.0,40,5.35,0.262,0.276,0.319,23.0,22.4,22.71792,75.8333,ERA5,Asia/Kolkata,Open-Meteo Historical Weather API
MP-Indore,2023-02-17,23.1,32.5,14.8,0.0,0.0,0.0,40,5.63,0.26,0.271,0.312,23.6,22.9,22.71792,75.8333,ERA5,Asia/Kolkata,Open-Meteo Historical Weather API
MP-Indore,2023-02-18,22.9,31.7,15.0,0.0,0.0,0.0,43,5.35,0.257,0.269,0.31,23.8,23.3,22.71792,75.8333,ERA5,Asia/Kolkata,Open-Meteo Historical Weather API
MP-Indore,2023-02-19,23.8,32.8,15.4,0.0,0.0,0.0,41,4.81,0.258,0.27,0.309,23.9,23.4,22.71792,75.8333,ERA5,Asia/Kolkata,Open-Meteo Historical Weather API
MP-Indore,2023-02-20,25.1,34.3,17.9,0.0,0.0,0.0,39,5.6,0.258,0.271,0.306,24.3,23.8,22.71792,75.8333,ERA5,Asia/Kolkata,Open-Meteo Historical Weather API
MP-Indore,2023-02-21,24.3,34.1,16.0,0.0,0.0,0.0,37,6.26,0.259,0.271,0.305,24.7,24.1,22.71792,75.8333,ERA5,Asia/Kolkata,Open-Meteo Historical Weather API
MP-Indore,2023-02-22,23.6,32.3,16.1,0.0,0.0,0.0,41,5.63,0.263,0.272,0.307,24.5,24.2,22.71792,75.8333,ERA5,Asia/Kolkata,Open-Meteo Historical Weather API
MP-Indore,2023-02-23,23.6,32.4,16.1,0.0,0.0,0.0,48,5.21,0.263,0.274,0.309,24.8,24.3,22.71792,75.8333,ERA5,Asia/Kolkata,Open-Meteo Historical Weather API
MP-Indore,2023-02-24,23.6,33.0,15.2,0.0,0.0,0.0,40,5.34,0.264,0.273,0.307,24.9,24.3,22.71792,75.8333,ERA5,Asia/Kolkata,Open-Meteo Historical Weather API
MP-Indore,2023-02-25,23.4,32.7,14.6,0.0,0.0,0.0,35,5.6,0.264,0.274,0.306,24.5,24.1,22.71792,75.8333,ERA5,Asia/Kolkata,Open-Meteo Historical Weather API
MP-Indore,2023-02-26,23.6,32.6,15.5,0.0,0.0,0.0,37,5.35,0.262,0.273,0.305,24.9,24.2,22.71792,75.8333,ERA5,Asia/Kolkata,Open-Meteo Historical Weather API
MP-Indore,2023-02-27,23.8,32.6,15.4,0.0,0.0,0.0,37,5.44,0.26,0.271,0.302,24.9,24.3,22.71792,75.8333,ERA5,Asia/Kolkata,Open-Meteo Historical Weather API
MP-Indore,2023-02-28,24.8,33.5,15.8,0.0,0.0,0.0,37,5.72,0.261,0.269,0.302,25.1,24.6,22.71792,75.8333,ERA5,Asia/Kolkata,Open-Meteo Historical Weather API
MP-Indore,2023-03-01,25.8,33.3,18.8,0.0,0.0,0.0,39,4.76,0.263,0.27,0.304,25.9,25.1,22.71792,75.8333,ERA5,Asia/Kolkata,Open-Meteo Historical Weather API
MP-Indore,2023-03-02,26.1,33.5,19.1,0.0,0.0,0.0,43,4.88,0.261,0.272,0.309,26.5,25.6,22.71792,75.8333,ERA5,Asia/Kolkata,Open-Meteo Historical Weather API
MP-Indore,2023-03-03,26.2,34.1,19.2,0.0,0.0,0.0,42,5.47,0.262,0.273,0.309,26.8,25.9,22.71792,75.8333,ERA5,Asia/Kolkata,Open-Meteo Historical Weather API
MP-Indore,2023-03-04,26.8,33.7,21.6,1.8,1.8,3.0,40,5.31,0.272,0.269,0.307,27.3,26.3,22.71792,75.8333,ERA5,Asia/Kolkata,Open-Meteo Historical Weather API
MP-Indore,2023-03-05,25.3,30.8,20.8,1.3,1.3,2.0,50,5.12,0.295,0.269,0.313,27.0,26.3,22.71792,75.8333,ERA5,Asia/Kolkata,Open-Meteo Historical Weather API
MP-Indore,2023-03-06,24.6,32.4,19.5,0.1,0.1,1.0,51,4.63,0.294,0.271,0.321,25.8,25.8,22.71792,75.8333,ERA5,Asia/Kolkata,Open-Meteo Historical Weather API
MP-Indore,2023-03-07,21.7,28.2,17.0,2.7,2.7,6.0,63,4.05,0.301,0.272,0.327,23.9,25.0,22.71792,75.8333,ERA5,Asia/Kolkata,Open-Meteo Historical Weather API
MP-Indore,2023-03-08,23.4,31.0,17.4,0.0,0.0,0.0,52,5.12,0.308,0.271,0.326,24.9,24.4,22.71792,75.8333,ERA5,Asia/Kolkata,Open-Meteo Historical Weather API
MP-Indore,2023-03-09,23.2,30.8,15.9,0.0,0.0,0.0,48,5.32,0.296,0.272,0.326,24.7,24.5,22.71792,75.8333,ERA5,Asia/Kolkata,Open-Meteo Historical Weather API
MP-Indore,2023-03-10,24.3,31.7,16.7,0.0,0.0,0.0,40,6.2,0.282,0.27,0.321,25.5,24.6,22.71792,75.8333,ERA5,Asia/Kolkata,Open-Meteo Historical Weather API
MP-Indore,2023-03-11,25.3,32.7,18.1,0.0,0.0,0.0,39,5.9,0.271,0.268,0.316,26.5,25.4,22.71792,75.8333,ERA5,Asia/Kolkata,Open-Meteo Historical Weather API
MP-Indore,2023-03-12,26.6,33.7,18.8,0.0,0.0,0.0,37,5.69,0.264,0.265,0.311,27.3,26.0,22.71792,75.8333,ERA5,Asia/Kolkata,Open-Meteo Historical Weather API
MP-Indore,2023-03-13,27.0,33.9,21.1,0.1,0.1,1.0,38,5.39,0.261,0.263,0.309,27.6,26.7,22.71792,75.8333,ERA5,Asia/Kolkata,Open-Meteo Historical Weather API
MP-Indore,2023-03-14,26.4,33.0,20.3,0.1,0.1,1.0,39,5.52,0.26,0.264,0.311,27.7,26.7,22.71792,75.8333,ERA5,Asia/Kolkata,Open-Meteo Historical Weather API
MP-Indore,2023-03-15,26.5,32.5,20.4,0.1,0.1,1.0,39,5.17,0.256,0.263,0.312,27.3,26.7,22.71792,75.8333,ERA5,Asia/Kolkata,Open-Meteo Historical Weather API
MP-Indore,2023-03-16,24.9,30.5,20.3,0.0,0.0,0.0,46,5.37,0.256,0.264,0.316,26.9,26.8,22.71792,75.8333,ERA5,Asia/Kolkata,Open-Meteo Historical Weather API
MP-Indore,2023-03-17,23.6,30.4,19.4,1.8,1.8,4.0,51,4.45,0.267,0.265,0.319,26.2,26.4,22.71792,75.8333,ERA5,Asia/Kolkata,Open-Meteo Historical Weather API
MP-Indore,2023-03-18,23.0,29.7,17.6,3.9,3.9,8.0,58,4.73,0.312,0.265,0.319,25.4,25.4,22.71792,75.8333,ERA5,Asia/Kolkata,Open-Meteo Historical Weather API
MP-Indore,2023-03-19,21.5,28.7,17.3,7.5,7.5,9.0,65,4.08,0.34,0.264,0.312,24.1,24.7,22.71792,75.8333,ERA5,Asia/Kolkata,Open-Meteo Historical Weather API
MP-Indore,2023-03-20,21.9,28.1,16.7,0.5,0.5,3.0,64,4.52,0.374,0.265,0.311,24.1,24.1,22.71792,75.8333,ERA5,Asia/Kolkata,Open-Meteo Historical Weather API
MP-Indore,2023-03-21,23.8,29.5,18.7,0.2,0.2,2.0,51,5.47,0.357,0.265,0.308,25.0,24.4,22.71792,75.8333,ERA5,Asia/Kolkata,Open-Meteo Historical Weather API
MP-Indore,2023-03-22,24.6,30.1,19.3,0.1,0.1,1.0,47,5.23,0.33,0.264,0.303,26.0,24.9,22.71792,75.8333,ERA5,Asia/Kolkata,Open-Meteo Historical Weather API
MP-Indore,2023-03-23,24.9,30.4,20.3,0.0,0.0,0.0,53,5.21,0.31,0.263,0.3,26.4,25.6,22.71792,75.8333,ERA5,Asia/Kolkata,Open-Meteo Historical Weather API
MP-Indore,2023-03-24,25.7,31.7,20.5,0.0,0.0,0.0,51,5.87,0.292,0.26,0.293,27.1,25.9,22.71792,75.8333,ERA5,Asia/Kolkata,Open-Meteo Historical Weather API
MP-Indore,2023-03-25,25.7,32.3,19.1,0.0,0.0,0.0,47,6.4,0.282,0.259,0.292,27.8,26.3,22.71792,75.8333,ERA5,Asia/Kolkata,Open-Meteo Historical Weather API
MP-Indore,2023-03-26,25.7,32.6,18.5,0.0,0.0,0.0,39,6.91,0.27,0.258,0.29,27.8,26.7,22.71792,75.8333,ERA5,Asia/Kolkata,Open-Meteo Historical Weather API
MP-Indore,2023-03-27,26.7,33.5,20.0,0.0,0.0,0.0,34,6.96,0.259,0.257,0.287,28.7,27.2,22.71792,75.8333,ERA5,Asia/Kolkata,Open-Meteo Historical Weather API
MP-Indore,2023-03-28,27.5,34.0,20.2,0.0,0.0,0.0,34,6.04,0.251,0.256,0.285,29.4,27.9,22.71792,75.8333,ERA5,Asia/Kolkata,Open-Meteo Historical Weather API
MP-Indore,2023-03-29,28.3,35.3,21.8,0.0,0.0,0.0,29,7.63,0.248,0.256,0.284,30.1,28.6,22.71792,75.8333,ERA5,Asia/Kolkata,Open-Meteo Historical Weather API
MP-Indore,2023-03-30,26.8,33.6,21.5,0.2,0.2,1.0,40,6.65,0.251,0.256,0.287,29.4,28.7,22.71792,75.8333,ERA5,Asia/Kolkata,Open-Meteo Historical Weather API
MP-Indore,2023-03-31,25.7,31.3,20.6,0.0,0.0,0.0,45,6.71,0.254,0.256,0.291,28.8,28.3,22.71792,75.8333,ERA5,Asia/Kolkata,Open-Meteo Historical Weather API
MP-Indore,2023-04-01,25.9,32.2,19.0,0.0,0.0,0.0,42,6.2,0.257,0.258,0.293,28.0,27.6,22.71792,75.8333,ERA5,Asia/Kolkata,Open-Meteo Historical Weather API
MP-Indore,2023-04-02,27.5,34.1,21.1,0.0,0.0,0.0,38,6.52,0.253,0.258,0.293,29.2,27.9,22.71792,75.8333,ERA5,Asia/Kolkata,Open-Meteo Historical Weather API
MP-Indore,2023-04-03,28.0,34.1,21.6,0.0,0.0,0.0,36,7.3,0.25,0.258,0.293,29.9,28.5,22.71792,75.8333,ERA5,Asia/Kolkata,Open-Meteo Historical Weather API
MP-Indore,2023-04-04,28.8,34.5,22.5,0.0,0.0,0.0,34,7.9,0.246,0.257,0.292,30.3,29.0,22.71792,75.8333,ERA5,Asia/Kolkata,Open-Meteo Historical Weather API
MP-Indore,2023-04-05,28.5,34.7,21.6,0.0,0.0,0.0,36,7.34,0.243,0.257,0.293,30.5,29.3,22.71792,75.8333,ERA5,Asia/Kolkata,Open-Meteo Historical Weather API
MP-Indore,2023-04-06,28.2,34.1,22.0,0.3,0.3,1.0,39,6.0,0.249,0.258,0.298,30.3,29.3,22.71792,75.8333,ERA5,Asia/Kolkata,Open-Meteo Historical Weather API
MP-Indore,2023-04-07,28.8,36.2,21.6,0.0,0.0,0.0,35,5.66,0.258,0.259,0.301,30.1,29.2,22.71792,75.8333,ERA5,Asia/Kolkata,Open-Meteo Historical Weather API
MP-Indore,2023-04-08,27.6,33.6,21.8,0.0,0.0,0.0,47,5.5,0.255,0.26,0.304,30.2,29.5,22.71792,75.8333,ERA5,Asia/Kolkata,Open-Meteo Historical Weather API
MP-Indore,2023-04-09,28.7,35.7,22.2,0.0,0.0,0.0,40,6.17,0.249,0.26,0.305,30.7,29.4,22.71792,75.8333,ERA5,Asia/Kolkata,Open-Meteo Historical Weather API
MP-Indore,2023-04-10,29.6,36.3,22.3,0.0,0.0,0.0,35,6.2,0.248,0.26,0.306,31.4,29.9,22.71792,75.8333,ERA5,Asia/Kolkata,Open-Meteo Historical Weather API
MP-Indore,2023-04-11,31.1,38.0,23.2,0.0,0.0,0.0,30,6.88,0.245,0.258,0.305,32.4,30.6,22.71792,75.8333,ERA5,Asia/Kolkata,Open-Meteo Historical Weather API
MP-Indore,2023-04-12,31.2,38.2,24.2,0.1,0.1,1.0,31,7.08,0.241,0.257,0.301,32.7,31.1,22.71792,75.8333,ERA5,Asia/Kolkata,Open-Meteo Historical Weather API
MP-Indore,2023-04-13,31.8,38.2,25.1,0.0,0.0,0.0,31,7.95,0.241,0.257,0.298,33.2,31.4,22.71792,75.8333,ERA5,Asia/Kolkata,Open-Meteo Historical Weather API
MP-Indore,2023-04-14,31.7,37.8,25.6,0.0,0.0,0.0,28,8.11,0.24,0.256,0.296,33.2,31.7,22.71792,75.8333,ERA5,Asia/Kolkata,Open-Meteo Historical Weather API
MP-Indore,2023-04-15,31.4,37.7,24.4,0.0,0.0,0.0,31,7.49,0.239,0.255,0.293,33.2,31.7,22.71792,75.8333,ERA5,Asia/Kolkata,Open-Meteo Historical Weather API
MP-Indore,2023-04-16,31.3,37.8,23.4,0.0,0.0,0.0,30,7.74,0.238,0.255,0.29,33.6,32.0,22.71792,75.8333,ERA5,Asia/Kolkata,Open-Meteo Historical Weather API
MP-Indore,2023-04-17,32.1,39.1,25.1,0.0,0.0,0.0,27,8.32,0.237,0.254,0.287,33.8,32.3,22.71792,75.8333,ERA5,Asia/Kolkata,Open-Meteo Historical Weather API
MP-Indore,2023-04-18,32.2,38.9,24.7,0.0,0.0,0.0,27,8.19,0.239,0.253,0.286,33.9,32.5,22.71792,75.8333,ERA5,Asia/Kolkata,Open-Meteo Historical Weather API
MP-Indore,2023-04-19,32.2,38.6,26.2,0.2,0.2,2.0,31,8.45,0.241,0.253,0.287,34.0,32.9,22.71792,75.8333,ERA5,Asia/Kolkata,Open-Meteo Historical Weather API
MP-Indore,2023-04-20,30.7,37.2,24.4,0.3,0.3,2.0,32,8.01,0.249,0.253,0.288,33.3,32.6,22.71792,75.8333,ERA5,Asia/Kolkata,Open-Meteo Historical Weather API
MP-Indore,2023-04-21,30.4,36.1,23.2,0.1,0.1,1.0,32,7.86,0.251,0.255,0.29,32.8,32.1,22.71792,75.8333,ERA5,Asia/Kolkata,Open-Meteo Historical Weather API
MP-Indore,2023-04-22,29.4,34.8,24.6,0.6,0.6,1.0,33,6.29,0.247,0.254,0.289,32.3,31.8,22.71792,75.8333,ERA5,Asia/Kolkata,Open-Meteo Historical Weather API
MP-Indore,2023-04-23,29.8,35.7,23.9,0.0,0.0,0.0,31,8.39,0.248,0.253,0.291,32.0,31.3,22.71792,75.8333,ERA5,Asia/Kolkata,Open-Meteo Historical Weather API
MP-Indore,2023-04-24,29.6,36.4,21.4,0.0,0.0,0.0,20,8.23,0.244,0.253,0.292,32.4,31.3,22.71792,75.8333,ERA5,Asia/Kolkata,Open-Meteo Historical Weather API
MP-Indore,2023-04-25,30.6,37.3,23.2,0.0,0.0,0.0,31,7.57,0.243,0.253,0.291,33.0,31.7,22.71792,75.8333,ERA5,Asia/Kolkata,Open-Meteo Historical Weather API
MP-Indore,2023-04-26,28.5,35.1,23.6,3.0,3.0,6.0,47,6.48,0.245,0.252,0.288,32.3,31.9,22.71792,75.8333,ERA5,Asia/Kolkata,Open-Meteo Historical Weather API
MP-Indore,2023-04-27,27.6,34.2,21.1,0.1,0.1,1.0,50,6.45,0.256,0.253,0.293,30.9,30.9,22.71792,75.8333,ERA5,Asia/Kolkata,Open-Meteo Historical Weather API
MP-Indore,2023-04-28,27.1,33.5,22.5,1.7,1.7,7.0,53,5.69,0.271,0.254,0.298,30.5,30.8,22.71792,75.8333,ERA5,Asia/Kolkata,Open-Meteo Historical Weather API
MP-Indore,2023-04-29,25.2,29.8,20.5,0.1,0.1,1.0,62,4.51,0.298,0.258,0.311,29.2,30.1,22.71792,75.8333,ERA5,Asia/Kolkata,Open-Meteo Historical Weather API
MP-Indore,2023-04-30,24.3,29.3,21.6,4.3,4.3,12.0,66,4.72,0.319,0.261,0.319,28.3,29.2,22.71792,75.8333,ERA5,Asia/Kolkata,Open-Meteo Historical Weather API
MP-Indore,2023-05-01,24.7,29.8,19.4,0.7,0.7,6.0,63,4.8,0.321,0.263,0.32,27.7,28.3,22.71792,75.8333,ERA5,Asia/Kolkata,Open-Meteo Historical Weather API
MP-Indore,2023-05-02,26.7,31.4,22.2,0.4,0.4,3.0,54,5.82,0.306,0.263,0.318,29.2,28.5,22.71792,75.8333,ERA5,Asia/Kolkata,Open-Meteo Historical Weather API
MP-Indore,2023-05-03,26.5,31.6,21.5,0.3,0.3,2.0,58,5.42,0.298,0.264,0.321,29.5,29.1,22.71792,75.8333,ERA5,Asia/Kolkata,Open-Meteo Historical Weather API
MP-Indore,2023-05-04,26.7,31.6,22.7,2.0,2.0,4.0,59,4.84,0.297,0.266,0.324,30.1,29.5,22.71792,75.8333,ERA5,Asia/Kolkata,Open-Meteo Historical Weather API
MP-Indore,2023-05-05,27.7,33.1,23.2,0.6,0.6,2.0,57,5.11,0.303,0.267,0.326,30.6,29.8,22.71792,75.8333,ERA5,Asia/Kolkata,Open-Meteo Historical Weather API
MP-Indore,2023-05-06,29.5,35.6,24.4,1.4,1.4,3.0,51,5.88,0.302,0.267,0.324,31.5,30.4,22.71792,75.8333,ERA5,Asia/Kolkata,Open-Meteo Historical Weather API
MP-Indore,2023-05-07,30.9,36.1,24.8,0.3,0.3,3.0,46,6.26,0.298,0.267,0.32,31.9,30.7,22.71792,75.8333,ERA5,Asia/Kolkata,Open-Meteo Historical Weather API
MP-Indore,2023-05-08,32.1,37.4,26.3,0.0,0.0,0.0,37,7.35,0.282,0.266,0.316,32.9,31.3,22.71792,75.8333,ERA5,Asia/Kolkata,Open-Meteo Historical Weather API
MP-Indore,2023-05-09,33.1,39.5,25.9,0.0,0.0,0.0,29,8.56,0.269,0.265,0.312,33.9,31.9,22.71792,75.8333,ERA5,Asia/Kolkata,Open-Meteo Historical Weather API
MP-Indore,2023-05-10,33.2,40.3,25.3,0.0,0.0,0.0,23,7.87,0.263,0.264,0.308,34.3,32.5,22.71792,75.8333,ERA5,Asia/Kolkata,Open-Meteo Historical Weather API
MP-Indore,2023-05-11,33.2,41.1,25.8,0.0,0.0,0.0,24,7.44,0.256,0.264,0.306,34.7,32.7,22.71792,75.8333,ERA5,Asia/Kolkata,Open-Meteo Historical Weather API
MP-Indore,2023-05-12,34.0,41.6,27.3,0.0,0.0,0.0,23,8.28,0.255,0.265,0.304,35.3,33.3,22.71792,75.8333,ERA5,Asia/Kolkata,Open-Meteo Historical Weather API
MP-Indore,2023-05-13,34.8,41.9,26.4,0.0,0.0,0.0,23,10.04,0.25,0.265,0.3,35.7,33.9,22.71792,75.8333,ERA5,Asia/Kolkata,Open-Meteo Historical Weather API
MP-Indore,2023-05-14,34.5,40.9,28.2,0.0,0.0,0.0,28,10.01,0.245,0.265,0.298,35.9,34.4,22.71792,75.8333,ERA5,Asia/Kolkata,Open-Meteo Historical Weather API
MP-Indore,2023-05-15,32.7,38.6,26.3,0.1,0.1,1.0,38,9.22,0.246,0.266,0.298,35.0,34.2,22.71792,75.8333,ERA5,Asia/Kolkata,Open-Meteo Historical Weather API
MP-Indore,2023-05-16,31.8,37.2,26.1,0.0,0.0,0.0,48,7.94,0.247,0.268,0.302,34.8,33.8,22.71792,75.8333,ERA5,Asia/Kolkata,Open-Meteo Historical Weather API
MP-Indore,2023-05-17,31.8,37.0,26.1,0.0,0.0,0.0,47,6.97,0.248,0.269,0.304,34.7,33.7,22.71792,75.8333,ERA5,Asia/Kolkata,Open-Meteo Historical Weather API
MP-Indore,2023-05-18,32.9,39.1,25.9,0.0,0.0,0.0,39,8.94,0.247,0.271,0.307,35.0,33.8,22.71792,75.8333,ERA5,Asia/Kolkata,Open-Meteo Historical Weather API
MP-Indore,2023-05-19,33.2,39.1,27.0,0.0,0.0,0.0,36,8.76,0.242,0.27,0.306,35.6,34.1,22.71792,75.8333,ERA5,Asia/Kolkata,Open-Meteo Historical Weather API
MP-Indore,2023-05-20,33.5,40.0,28.0,0.1,0.1,1.0,37,8.5,0.244,0.272,0.307,35.7,34.5,22.71792,75.8333,ERA5,Asia/Kolkata,Open-Meteo Historical Weather API
MP-Indore,2023-05-21,32.0,39.6,27.2,3.3,3.3,4.0,45,7.42,0.251,0.271,0.306,35.1,34.5,22.71792,75.8333,ERA5,Asia/Kolkata,Open-Meteo Historical Weather API
MP-Indore,2023-05-22,32.2,39.0,25.8,0.0,0.0,0.0,40,7.98,0.273,0.273,0.308,34.3,33.8,22.71792,75.8333,ERA5,Asia/Kolkata,Open-Meteo Historical Weather API
MP-Indore,2023-05-23,32.6,38.8,25.8,0.0,0.0,0.0,39,8.26,0.264,0.273,0.309,34.6,33.8,22.71792,75.8333,ERA5,Asia/Kolkata,Open-Meteo Historical Weather API
MP-Indore,2023-05-24,32.3,38.5,26.0,0.0,0.0,0.0,40,8.62,0.261,0.275,0.311,34.4,33.7,22.71792,75.8333,ERA5,Asia/Kolkata,Open-Meteo Historical Weather API
MP-Indore,2023-05-25,31.6,36.7,25.9,0.0,0.0,0.0,44,8.74,0.256,0.276,0.312,34.0,33.5,22.71792,75.8333,ERA5,Asia/Kolkata,Open-Meteo Historical Weather API
MP-Indore,2023-05-26,30.1,36.6,23.3,0.0,0.0,0.0,50,8.0,0.253,0.279,0.314,32.9,33.2,22.71792,75.8333,ERA5,Asia/Kolkata,Open-Meteo Historical Weather API
MP-Indore,2023-05-27,31.4,37.6,25.7,0.1,0.1,1.0,52,8.15,0.253,0.281,0.316,33.8,33.0,22.71792,75.8333,ERA5,Asia/Kolkata,Open-Meteo Historical Weather API
MP-Indore,2023-05-28,30.3,34.7,26.0,0.1,0.1,1.0,54,7.3,0.25,0.283,0.318,34.0,33.2,22.71792,75.8333,ERA5,Asia/Kolkata,Open-Meteo Historical Weather API
MP-Indore,2023-05-29,29.5,36.3,21.7,0.1,0.1,1.0,50,7.0,0.253,0.284,0.318,32.6,33.2,22.71792,75.8333,ERA5,Asia/Kolkata,Open-Meteo Historical Weather API
MP-Indore,2023-05-30,30.4,35.5,25.4,0.0,0.0,0.0,47,7.23,0.249,0.286,0.32,33.8,33.3,22.71792,75.8333,ERA5,Asia/Kolkata,Open-Meteo Historical Weather API
MP-Indore,2023-05-31,31.2,37.9,23.0,0.0,0.0,0.0,40,7.95,0.247,0.287,0.32,33.4,33.0,22.71792,75.8333,ERA5,Asia/Kolkata,Open-Meteo Historical Weather API
MP-Indore,2023-06-01,32.9,39.2,25.4,0.0,0.0,0.0,32,8.72,0.238,0.28,0.314,34.9,33.4,22.71792,75.8333,ERA5,Asia/Kolkata,Open-Meteo Historical Weather API
MP-Indore,2023-06-02,32.8,38.0,26.9,0.0,0.0,0.0,39,8.61,0.237,0.278,0.311,35.1,33.9,22.71792,75.8333,ERA5,Asia/Kolkata,Open-Meteo Historical Weather API
MP-Indore,2023-06-03,31.2,37.4,27.3,4.6,4.6,4.0,55,6.6,0.254,0.281,0.312,34.5,34.1,22.71792,75.8333,ERA5,Asia/Kolkata,Open-Meteo Historical Weather API
MP-Indore,2023-06-04,29.6,34.9,25.4,0.6,0.6,4.0,52,5.98,0.287,0.289,0.318,32.7,33.2,22.71792,75.8333,ERA5,Asia/Kolkata,Open-Meteo Historical Weather API
MP-Indore,2023-06-05,31.1,37.0,25.2,0.0,0.0,0.0,54,6.72,0.282,0.29,0.319,33.2,32.8,22.71792,75.8333,ERA5,Asia/Kolkata,Open-Meteo Historical Weather API
MP-Indore,2023-06-06,31.6,36.5,26.7,0.0,0.0,0.0,51,7.05,0.276,0.288,0.317,33.8,33.2,22.71792,75.8333,ERA5,Asia/Kolkata,Open-Meteo Historical Weather API
MP-Indore,2023-06-07,31.8,37.6,26.4,0.2,0.2,1.0,48,7.39,0.27,0.289,0.318,33.9,33.3,22.71792,75.8333,ERA5,Asia/Kolkata,Open-Meteo Historical Weather API
MP-Indore,2023-06-08,31.8,37.7,26.6,0.2,0.2,2.0,52,6.92,0.266,0.291,0.319,34.1,33.4,22.71792,75.8333,ERA5,Asia/Kolkata,Open-Meteo Historical Weather API
MP-Indore,2023-06-09,32.4,38.4,26.1,0.1,0.1,1.0,47,7.79,0.267,0.292,0.32,34.2,33.4,22.71792,75.8333,ERA5,Asia/Kolkata,Open-Meteo Historical Weather API
MP-Indore,2023-06-10,32.2,37.8,26.3,0.0,0.0,0.0,48,7.64,0.264,0.29,0.319,34.2,33.4,22.71792,75.8333,ERA5,Asia/Kolkata,Open-Meteo Historical Weather API
MP-Indore,2023-06-11,32.4,38.1,26.7,0.0,0.0,0.0,50,6.74,0.257,0.285,0.315,34.5,33.4,22.71792,75.8333,ERA5,Asia/Kolkata,Open-Meteo Historical Weather API
MP-Indore,2023-06-12,32.7,38.1,27.8,0.8,0.8,1.0,47,6.54,0.256,0.283,0.313,34.8,33.8,22.71792,75.8333,ERA5,Asia/Kolkata,Open-Meteo Historical Weather API
MP-Indore,2023-06-13,33.0,39.0,27.1,0.0,0.0,0.0,46,8.04,0.259,0.28,0.31,35.1,33.9,22.71792,75.8333,ERA5,Asia/Kolkata,Open-Meteo Historical Weather API
MP-Indore,2023-06-14,31.7,37.2,27.5,0.1,0.1,1.0,52,7.49,0.254,0.278,0.308,34.4,33.8,22.71792,75.8333,ERA5,Asia/Kolkata,Open-Meteo Historical Weather API
MP-Indore,2023-06-15,31.7,37.6,26.1,0.0,0.0,0.0,51,7.86,0.253,0.278,0.306,34.3,33.5,22.71792,75.8333,ERA5,Asia/Kolkata,Open-Meteo Historical Weather API
MP-Indore,2023-06-16,30.7,35.6,26.8,0.0,0.0,0.0,55,6.87,0.25,0.276,0.305,33.3,33.2,22.71792,75.8333,ERA5,Asia/Kolkata,Open-Meteo Historical Weather API
MP-Indore,2023-06-17,29.8,34.6,25.6,0.4,0.4,3.0,61,6.57,0.253,0.279,0.308,32.5,32.5,22.71792,75.8333,ERA5,Asia/Kolkata,Open-Meteo Historical Weather API
MP-Indore,2023-06-18,30.0,35.0,25.2,0.2,0.2,1.0,59,7.29,0.256,0.28,0.308,32.5,32.1,22.71792,75.8333,ERA5,Asia/Kolkata,Open-Meteo Historical Weather API
MP-Indore,2023-06-19,28.7,32.7,25.8,1.8,1.8,8.0,66,5.11,0.268,0.281,0.309,31.3,31.5,22.71792,75.8333,ERA5,Asia/Kolkata,Open-Meteo Historical Weather API
MP-Indore,2023-06-20,29.3,33.9,26.0,1.7,1.7,11.0,63,5.6,0.278,0.282,0.309,31.3,31.3,22.71792,75.8333,ERA5,Asia/Kolkata,Open-Meteo Historical Weather API
MP-Indore,2023-06-21,29.4,33.8,26.2,2.6,2.6,6.0,64,5.3,0.285,0.286,0.312,31.6,31.4,22.71792,75.8333,ERA5,Asia/Kolkata,Open-Meteo Historical Weather API
MP-Indore,2023-06-22,29.2,33.3,26.6,1.2,1.2,4.0,65,4.78,0.295,0.291,0.317,31.2,31.2,22.71792,75.8333,ERA5,Asia/Kolkata,Open-Meteo Historical Weather API
MP-Indore,2023-06-23,27.8,30.3,25.3,5.7,5.7,13.0,74,3.35,0.32,0.289,0.315,29.9,30.7,22.71792,75.8333,ERA5,Asia/Kolkata,Open-Meteo Historical Weather API
MP-Indore,2023-06-24,25.1,27.1,23.9,14.3,14.3,17.0,88,1.87,0.449,0.304,0.314,27.4,29.0,22.71792,75.8333,ERA5,Asia/Kolkata,Open-Meteo Historical Weather API
MP-Indore,2023-06-25,26.6,31.6,23.8,16.8,16.8,17.0,82,2.93,0.454,0.33,0.315,27.8,28.3,22.71792,75.8333,ERA5,Asia/Kolkata,Open-Meteo Historical Weather API
MP-Indore,2023-06-26,25.4,28.2,23.7,8.1,8.1,23.0,87,2.05,0.475,0.371,0.314,27.0,28.0,22.71792,75.8333,ERA5,Asia/Kolkata,Open-Meteo Historical Weather API
MP-Indore,2023-06-27,25.1,27.6,23.4,7.5,7.5,18.0,91,1.61,0.477,0.398,0.314,26.4,27.2,22.71792,75.8333,ERA5,Asia/Kolkata,Open-Meteo Historical Weather API
MP-Indore,2023-06-28,25.8,28.8,24.4,15.0,15.0,22.0,89,1.96,0.475,0.416,0.314,26.7,27.0,22.71792,75.8333,ERA5,Asia/Kolkata,Open-Meteo Historical Weather API
MP-Indore,2023-06-29,24.6,25.3,23.4,30.9,30.9,24.0,96,1.17,0.507,0.482,0.322,26.2,26.9,22.71792,75.8333,ERA5,Asia/Kolkata,Open-Meteo Historical Weather API
MP-Indore,2023-06-30,24.8,26.8,22.9,91.7,91.7,24.0,93,0.78,0.512,0.513,0.371,25.5,26.3,22.71792,75.8333,ERA5,Asia/Kolkata,Open-Meteo Historical Weather API
MP-Indore,2023-07-01,25.0,27.4,23.6,25.3,25.3,24.0,93,2.02,0.508,0.507,0.421,26.1,26.1,22.71792,75.8333,ERA5,Asia/Kolkata,Open-Meteo Historical Weather API
MP-Indore,2023-07-02,25.7,29.1,23.3,15.1,15.1,13.0,89,1.89,0.504,0.51,0.447,26.1,26.2,22.71792,75.8333,ERA5,Asia/Kolkata,Open-Meteo Historical Weather API
MP-Indore,2023-07-03,27.7,32.2,24.3,2.2,2.2,9.0,81,3.91,0.484,0.492,0.455,28.1,27.1,22.71792,75.8333,ERA5,Asia/Kolkata,Open-Meteo Historical Weather API
MP-Indore,2023-07-04,28.9,33.7,25.6,2.8,2.8,8.0,77,4.97,0.475,0.48,0.455,29.4,28.2,22.71792,75.8333,ERA5,Asia/Kolkata,Open-Meteo Historical Weather API
MP-Indore,2023-07-05,27.8,30.7,25.8,15.4,15.4,18.0,83,3.67,0.494,0.49,0.455,29.1,28.6,22.71792,75.8333,ERA5,Asia/Kolkata,Open-Meteo Historical Weather API
MP-Indore,2023-07-06,26.7,30.3,24.3,20.0,20.0,24.0,86,2.54,0.504,0.509,0.469,28.1,28.1,22.71792,75.8333,ERA5,Asia/Kolkata,Open-Meteo Historical Weather API
MP-Indore,2023-07-07,26.1,28.9,24.0,9.4,9.4,23.0,88,2.2,0.502,0.506,0.483,27.1,27.5,22.71792,75.8333,ERA5,Asia/Kolkata,Open-Meteo Historical Weather API
MP-Indore,2023-07-08,26.2,29.4,24.2,9.6,9.6,17.0,89,2.64,0.501,0.505,0.485,27.2,27.2,22.71792,75.8333,ERA5,Asia/Kolkata,Open-Meteo Historical Weather API
MP-Indore,2023-07-09,25.8,28.5,24.1,3.4,3.4,15.0,88,2.44,0.499,0.504,0.489,26.6,26.8,22.71792,75.8333,ERA5,Asia/Kolkata,Open-Meteo Historical Weather API
MP-Indore,2023-07-10,25.7,28.3,23.7,8.5,8.5,15.0,90,2.36,0.501,0.503,0.49,26.6,26.6,22.71792,75.8333,ERA5,Asia/Kolkata,Open-Meteo Historical Weather API
MP-Indore,2023-07-11,24.6,26.6,23.7,17.2,17.2,19.0,95,1.27,0.505,0.511,0.498,25.7,26.3,22.71792,75.8333,ERA5,Asia/Kolkata,Open-Meteo Historical Weather API
MP-Indore,2023-07-12,25.3,27.5,22.9,12.1,12.1,24.0,91,1.27,0.505,0.513,0.508,25.4,25.8,22.71792,75.8333,ERA5,Asia/Kolkata,Open-Meteo Historical Weather API
MP-Indore,2023-07-13,26.1,29.0,23.7,12.9,12.9,21.0,89,2.62,0.501,0.507,0.509,26.4,26.1,22.71792,75.8333,ERA5,Asia/Kolkata,Open-Meteo Historical Weather API
MP-Indore,2023-07-14,25.5,27.5,24.0,10.6,10.6,18.0,91,1.75,0.505,0.508,0.507,26.0,26.3,22.71792,75.8333,ERA5,Asia/Kolkata,Open-Meteo Historical Weather API
MP-Indore,2023-07-15,24.8,27.5,23.6,25.9,25.9,24.0,94,1.43,0.508,0.512,0.511,25.6,26.0,22.71792,75.8333,ERA5,Asia/Kolkata,Open-Meteo Historical Weather API
MP-Indore,2023-07-16,25.3,27.9,23.3,6.1,6.1,24.0,89,2.11,0.505,0.503,0.512,25.7,25.8,22.71792,75.8333,ERA5,Asia/Kolkata,Open-Meteo Historical Weather API
MP-Indore,2023-07-17,25.4,27.9,23.9,21.0,21.0,21.0,91,1.3,0.509,0.507,0.511,25.6,25.7,22.71792,75.8333,ERA5,Asia/Kolkata,Open-Meteo Historical Weather API
MP-Indore,2023-07-18,25.9,27.7,24.8,18.4,18.4,24.0,92,1.22,0.505,0.51,0.512,25.9,25.7,22.71792,75.8333,ERA5,Asia/Kolkata,Open-Meteo Historical Weather API
MP-Indore,2023-07-19,26.5,29.9,24.3,13.3,13.3,16.0,90,2.89,0.503,0.506,0.512,27.1,26.1,22.71792,75.8333,ERA5,Asia/Kolkata,Open-Meteo Historical Weather API
MP-Indore,2023-07-20,27.4,32.1,24.9,7.2,7.2,17.0,88,3.5,0.499,0.503,0.508,28.2,27.1,22.71792,75.8333,ERA5,Asia/Kolkata,Open-Meteo Historical Weather API
MP-Indore,2023-07-21,26.8,30.1,24.8,13.7,13.7,18.0,87,2.57,0.501,0.508,0.508,27.6,27.2,22.71792,75.8333,ERA5,Asia/Kolkata,Open-Meteo Historical Weather API
MP-Indore,2023-07-22,26.2,30.0,24.6,33.9,33.9,24.0,90,2.11,0.505,0.51,0.512,27.0,26.9,22.71792,75.8333,ERA5,Asia/Kolkata,Open-Meteo Historical Weather API
MP-Indore,2023-07-23,26.6,29.3,24.7,2.7,2.7,13.0,87,3.12,0.498,0.499,0.512,27.3,26.8,22.71792,75.8333,ERA5,Asia/Kolkata,Open-Meteo Historical Weather API
MP-Indore,2023-07-24,26.6,31.1,24.5,2.3,2.3,8.0,85,3.4,0.491,0.488,0.507,27.4,27.0,22.71792,75.8333,ERA5,Asia/Kolkata,Open-Meteo Historical Weather API
MP-Indore,2023-07-25,26.4,30.4,24.4,2.4,2.4,9.0,87,2.61,0.49,0.487,0.503,27.1,26.9,22.71792,75.8333,ERA5,Asia/Kolkata,Open-Meteo Historical Weather API
MP-Indore,2023-07-26,26.9,30.4,24.4,3.1,3.1,13.0,85,3.37,0.486,0.484,0.502,27.4,26.9,22.71792,75.8333,ERA5,Asia/Kolkata,Open-Meteo Historical Weather API
MP-Indore,2023-07-27,26.9,29.0,25.3,7.6,7.6,9.0,87,2.53,0.494,0.492,0.5,27.4,27.0,22.71792,75.8333,ERA5,Asia/Kolkata,Open-Meteo Historical Weather API
MP-Indore,2023-07-28,25.8,28.5,24.3,10.2,10.2,16.0,91,2.15,0.498,0.505,0.501,26.8,26.7,22.71792,75.8333,ERA5,Asia/Kolkata,Open-Meteo Historical Weather API
MP-Indore,2023-07-29,25.2,28.0,23.7,2.9,2.9,16.0,88,2.28,0.499,0.505,0.503,25.8,26.1,22.71792,75.8333,ERA5,Asia/Kolkata,Open-Meteo Historical Weather API
MP-Indore,2023-07-30,25.7,28.2,23.5,3.0,3.0,10.0,85,3.47,0.488,0.495,0.501,26.3,26.2,22.71792,75.8333,ERA5,Asia/Kolkata,Open-Meteo Historical Weather API
MP-Indore,2023-07-31,26.0,29.8,23.8,1.9,1.9,11.0,85,3.6,0.482,0.485,0.499,26.6,26.4,22.71792,75.8333,ERA5,Asia/Kolkata,Open-Meteo Historical Weather API
MP-Indore,2023-08-01,25.9,28.9,24.0,2.0,2.0,12.0,86,3.34,0.478,0.478,0.497,26.7,26.6,22.71792,75.8333,ERA5,Asia/Kolkata,Open-Meteo Historical Weather API
MP-Indore,2023-08-02,25.2,27.3,23.8,1.5,1.5,11.0,87,3.52,0.47,0.472,0.494,26.5,26.5,22.71792,75.8333,ERA5,Asia/Kolkata,Open-Meteo Historical Weather API
MP-Indore,2023-08-03,24.6,25.6,23.7,3.1,3.1,13.0,89,1.65,0.474,0.468,0.492,25.5,26.1,22.71792,75.8333,ERA5,Asia/Kolkata,Open-Meteo Historical Weather API
MP-Indore,2023-08-04,24.4,26.1,23.4,6.6,6.6,18.0,92,1.56,0.497,0.482,0.491,25.0,25.4,22.71792,75.8333,ERA5,Asia/Kolkata,Open-Meteo Historical Weather API
MP-Indore,2023-08-05,25.3,27.4,23.7,1.9,1.9,15.0,89,2.65,0.487,0.487,0.49,25.7,25.5,22.71792,75.8333,ERA5,Asia/Kolkata,Open-Meteo Historical Weather API
MP-Indore,2023-08-06,25.4,27.5,23.8,0.9,0.9,8.0,86,3.06,0.475,0.481,0.489,26.0,25.9,22.71792,75.8333,ERA5,Asia/Kolkata,Open-Meteo Historical Weather API
MP-Indore,2023-08-07,25.4,28.0,23.5,1.0,1.0,7.0,83,3.37,0.468,0.473,0.486,26.0,25.9,22.71792,75.8333,ERA5,Asia/Kolkata,Open-Meteo Historical Weather API
MP-Indore,2023-08-08,25.4,27.6,23.4,1.4,1.4,9.0,83,3.42,0.461,0.466,0.485,26.0,26.0,22.71792,75.8333,ERA5,Asia/Kolkata,Open-Meteo Historical Weather API
MP-Indore,2023-08-09,25.9,29.0,23.4,0.9,0.9,7.0,80,3.73,0.453,0.46,0.483,26.2,26.1,22.71792,75.8333,ERA5,Asia/Kolkata,Open-Meteo Historical Weather API
MP-Indore,2023-08-10,25.9,28.7,23.7,1.4,1.4,12.0,82,3.73,0.447,0.453,0.481,26.5,26.2,22.71792,75.8333,ERA5,Asia/Kolkata,Open-Meteo Historical Weather API
MP-Indore,2023-08-11,25.7,29.2,23.0,1.5,1.5,9.0,81,3.68,0.442,0.447,0.479,26.3,26.2,22.71792,75.8333,ERA5,Asia/Kolkata,Open-Meteo Historical Weather API
MP-Indore,2023-08-12,25.2,29.0,22.4,1.0,1.0,8.0,83,3.62,0.438,0.442,0.477,25.9,26.0,22.71792,75.8333,ERA5,Asia/Kolkata,Open-Meteo Historical Weather API
MP-Indore,2023-08-13,25.2,27.8,22.8,1.1,1.1,10.0,83,3.46,0.433,0.438,0.475,25.8,26.0,22.71792,75.8333,ERA5,Asia/Kolkata,Open-Meteo Historical Weather API
MP-Indore,2023-08-14,25.1,27.5,23.5,1.9,1.9,11.0,85,2.84,0.432,0.434,0.473,25.8,25.9,22.71792,75.8333,ERA5,Asia/Kolkata,Open-Meteo Historical Weather API
MP-Indore,2023-08-15,25.5,29.0,23.2,2.6,2.6,12.0,83,3.36,0.439,0.432,0.471,26.0,25.8,22.71792,75.8333,ERA5,Asia/Kolkata,Open-Meteo Historical Weather API
MP-Indore,2023-08-16,25.6,28.3,23.0,1.7,1.7,9.0,83,3.72,0.441,0.43,0.469,26.3,25.9,22.71792,75.8333,ERA5,Asia/Kolkata,Open-Meteo Historical Weather API
MP-Indore,2023-08-17,25.7,28.5,23.1,0.9,0.9,7.0,81,4.03,0.438,0.427,0.467,26.5,26.1,22.71792,75.8333,ERA5,Asia/Kolkata,Open-Meteo Historical Weather API
MP-Indore,2023-08-18,24.8,26.6,23.4,4.4,4.4,11.0,85,2.54,0.434,0.426,0.465,25.7,26.0,22.71792,75.8333,ERA5,Asia/Kolkata,Open-Meteo Historical Weather API
MP-Indore,2023-08-19,24.2,25.3,23.2,13.2,13.2,24.0,90,1.72,0.486,0.448,0.464,24.8,25.2,22.71792,75.8333,ERA5,Asia/Kolkata,Open-Meteo Historical Weather API
MP-Indore,2023-08-20,23.7,25.9,22.6,20.6,20.6,21.0,93,1.66,0.507,0.499,0.469,24.6,24.8,22.71792,75.8333,ERA5,Asia/Kolkata,Open-Meteo Historical Weather API
MP-Indore,2023-08-21,23.2,24.4,22.4,1.3,1.3,9.0,92,1.17,0.495,0.5,0.476,24.1,24.6,22.71792,75.8333,ERA5,Asia/Kolkata,Open-Meteo Historical Weather API
MP-Indore,2023-08-22,24.6,27.4,22.8,6.7,6.7,13.0,90,2.2,0.491,0.492,0.478,24.9,24.7,22.71792,75.8333,ERA5,Asia/Kolkata,Open-Meteo Historical Weather API
MP-Indore,2023-08-23,25.0,27.9,23.0,1.1,1.1,10.0,87,2.74,0.486,0.49,0.478,25.3,25.2,22.71792,75.8333,ERA5,Asia/Kolkata,Open-Meteo Historical Weather API
MP-Indore,2023-08-24,25.0,27.6,23.2,0.2,0.2,2.0,85,2.47,0.473,0.483,0.478,25.2,25.3,22.71792,75.8333,ERA5,Asia/Kolkata,Open-Meteo Historical Weather API
MP-Indore,2023-08-25,25.6,28.9,22.9,0.9,0.9,7.0,82,3.52,0.464,0.475,0.478,25.7,25.3,22.71792,75.8333,ERA5,Asia/Kolkata,Open-Meteo Historical Weather API
MP-Indore,2023-08-26,25.8,29.3,23.0,1.5,1.5,10.0,81,3.71,0.458,0.467,0.476,26.0,25.6,22.71792,75.8333,ERA5,Asia/Kolkata,Open-Meteo Historical Weather API
MP-Indore,2023-08-27,25.7,29.2,22.9,0.1,0.1,1.0,79,4.32,0.448,0.459,0.474,26.2,25.8,22.71792,75.8333,ERA5,Asia/Kolkata,Open-Meteo Historical Weather API
MP-Indore,2023-08-28,25.6,29.3,22.4,0.3,0.3,3.0,78,4.07,0.434,0.45,0.472,25.9,25.6,22.71792,75.8333,ERA5,Asia/Kolkata,Open-Meteo Historical Weather API
MP-Indore,2023-08-29,25.6,29.5,22.6,0.2,0.2,2.0,77,4.17,0.423,0.442,0.47,26.0,25.4,22.71792,75.8333,ERA5,Asia/Kolkata,Open-Meteo Historical Weather API
MP-Indore,2023-08-30,26.0,30.6,21.4,0.0,0.0,0.0,77,4.36,0.409,0.433,0.467,26.2,25.4,22.71792,75.8333,ERA5,Asia/Kolkata,Open-Meteo Historical Weather API
MP-Indore,2023-08-31,26.9,30.8,23.6,0.0,0.0,0.0,75,4.66,0.398,0.423,0.465,27.2,26.1,22.71792,75.8333,ERA5,Asia/Kolkata,Open-Meteo Historical Weather API
MP-Indore,2023-09-01,27.4,32.0,23.1,0.0,0.0,0.0,74,4.85,0.387,0.414,0.462,27.6,26.5,22.71792,75.8333,ERA5,Asia/Kolkata,Open-Meteo Historical Weather API
MP-Indore,2023-09-02,28.0,32.5,23.9,0.0,0.0,0.0,70,5.21,0.371,0.404,0.458,27.9,26.9,22.71792,75.8333,ERA5,Asia/Kolkata,Open-Meteo Historical Weather API
MP-Indore,2023-09-03,27.8,32.3,23.8,0.6,0.6,3.0,73,5.07,0.36,0.395,0.455,28.1,27.2,22.71792,75.8333,ERA5,Asia/Kolkata,Open-Meteo Historical Weather API
MP-Indore,2023-09-04,27.4,31.0,24.0,0.6,0.6,3.0,75,4.88,0.349,0.389,0.452,27.9,27.3,22.71792,75.8333,ERA5,Asia/Kolkata,Open-Meteo Historical Weather API
MP-Indore,2023-09-05,27.6,32.9,23.5,0.0,0.0,0.0,71,5.45,0.342,0.383,0.448,27.8,27.2,22.71792,75.8333,ERA5,Asia/Kolkata,Open-Meteo Historical Weather API
MP-Indore,2023-09-06,25.6,28.6,23.9,22.8,22.8,19.0,86,2.28,0.42,0.386,0.446,26.4,26.9,22.71792,75.8333,ERA5,Asia/Kolkata,Open-Meteo Historical Weather API
MP-Indore,2023-09-07,25.1,28.3,23.3,27.1,27.1,23.0,93,1.52,0.499,0.448,0.444,25.9,26.1,22.71792,75.8333,ERA5,Asia/Kolkata,Open-Meteo Historical Weather API
MP-Indore,2023-09-08,24.3,25.8,23.5,28.3,28.3,23.0,96,1.17,0.506,0.51,0.463,25.4,25.7,22.71792,75.8333,ERA5,Asia/Kolkata,Open-Meteo Historical Weather API
MP-Indore,2023-09-09,24.2,26.1,23.1,33.9,33.9,24.0,95,1.24,0.507,0.514,0.494,24.9,25.4,22.71792,75.8333,ERA5,Asia/Kolkata,Open-Meteo Historical Weather API
MP-Indore,2023-09-10,24.7,27.2,23.0,21.5,21.5,14.0,88,2.03,0.502,0.508,0.514,24.8,25.2,22.71792,75.8333,ERA5,Asia/Kolkata,Open-Meteo Historical Weather API
MP-Indore,2023-09-11,25.4,28.2,23.5,0.2,0.2,2.0,84,3.63,0.479,0.486,0.51,25.7,25.5,22.71792,75.8333,ERA5,Asia/Kolkata,Open-Meteo Historical Weather API
MP-Indore,2023-09-12,25.2,27.4,23.0,0.0,0.0,0.0,84,3.52,0.465,0.478,0.493,25.8,25.8,22.71792,75.8333,ERA5,Asia/Kolkata,Open-Meteo Historical Weather API
MP-Indore,2023-09-13,24.3,25.8,23.2,1.3,1.3,7.0,88,1.67,0.458,0.464,0.498,24.9,25.4,22.71792,75.8333,ERA5,Asia/Kolkata,Open-Meteo Historical Weather API
MP-Indore,2023-09-14,24.4,25.4,23.5,19.6,19.6,22.0,91,1.49,0.495,0.489,0.492,24.8,25.0,22.71792,75.8333,ERA5,Asia/Kolkata,Open-Meteo Historical Weather API
MP-Indore,2023-09-15,24.6,27.2,23.2,21.9,21.9,21.0,92,2.07,0.502,0.507,0.496,25.0,25.0,22.71792,75.8333,ERA5,Asia/Kolkata,Open-Meteo Historical Weather API
MP-Indore,2023-09-16,22.9,23.6,22.3,171.3,171.3,24.0,99,0.44,0.51,0.511,0.509,23.9,24.7,22.71792,75.8333,ERA5,Asia/Kolkata,Open-Meteo Historical Weather API
MP-Indore,2023-09-17,22.3,22.8,21.5,129.8,129.8,24.0,96,0.84,0.506,0.511,0.498,23.0,24.0,22.71792,75.8333,ERA5,Asia/Kolkata,Open-Meteo Historical Weather API
MP-Indore,2023-09-18,24.5,27.7,22.0,3.7,3.7,12.0,89,2.87,0.495,0.5,0.497,24.6,24.0,22.71792,75.8333,ERA5,Asia/Kolkata,Open-Meteo Historical Weather API
MP-Indore,2023-09-19,25.7,30.2,22.7,2.5,2.5,6.0,85,3.5,0.483,0.488,0.485,26.0,25.1,22.71792,75.8333,ERA5,Asia/Kolkata,Open-Meteo Historical Weather API
MP-Indore,2023-09-20,26.7,30.9,22.8,1.1,1.1,7.0,82,3.84,0.475,0.48,0.475,27.0,25.9,22.71792,75.8333,ERA5,Asia/Kolkata,Open-Meteo Historical Weather API
MP-Indore,2023-09-21,26.4,30.0,23.7,3.7,3.7,7.0,84,3.37,0.469,0.473,0.467,27.1,26.4,22.71792,75.8333,ERA5,Asia/Kolkata,Open-Meteo Historical Weather API
MP-Indore,2023-09-22,25.9,29.5,23.7,1.2,1.2,6.0,84,2.56,0.478,0.474,0.46,26.3,26.2,22.71792,75.8333,ERA5,Asia/Kolkata,Open-Meteo Historical Weather API
MP-Indore,2023-09-23,25.2,27.6,23.6,21.3,21.3,19.0,91,2.02,0.496,0.491,0.459,26.1,25.9,22.71792,75.8333,ERA5,Asia/Kolkata,Open-Meteo Historical Weather API
MP-Indore,2023-09-24,26.5,31.5,23.6,2.3,2.3,10.0,84,3.42,0.489,0.493,0.461,26.7,26.0,22.71792,75.8333,ERA5,Asia/Kolkata,Open-Meteo Historical Weather API
MP-Indore,2023-09-25,25.7,29.8,23.0,4.1,4.1,10.0,86,2.81,0.489,0.491,0.459,26.4,26.2,22.71792,75.8333,ERA5,Asia/Kolkata,Open-Meteo Historical Weather API
MP-Indore,2023-09-26,26.4,30.9,22.8,0.6,0.6,4.0,83,3.87,0.484,0.486,0.457,27.0,26.3,22.71792,75.8333,ERA5,Asia/Kolkata,Open-Meteo Historical Weather API
MP-Indore,2023-09-27,26.9,31.9,23.5,0.7,0.7,6.0,81,4.08,0.476,0.48,0.454,27.4,26.8,22.71792,75.8333,ERA5,Asia/Kolkata,Open-Meteo Historical Weather API
MP-Indore,2023-09-28,27.0,32.5,22.9,0.5,0.5,1.0,77,4.25,0.46,0.469,0.45,27.5,27.0,22.71792,75.8333,ERA5,Asia/Kolkata,Open-Meteo Historical Weather API
MP-Indore,2023-09-29,27.3,32.7,22.9,0.0,0.0,0.0,71,4.69,0.445,0.459,0.445,27.5,26.9,22.71792,75.8333,ERA5,Asia/Kolkata,Open-Meteo Historical Weather API
MP-Indore,2023-09-30,27.3,33.1,22.8,0.0,0.0,0.0,62,5.34,0.428,0.447,0.44,27.4,26.6,22.71792,75.8333,ERA5,Asia/Kolkata,Open-Meteo Historical Weather API
MP-Indore,2023-10-01,27.1,33.6,21.6,0.0,0.0,0.0,60,5.53,0.411,0.435,0.435,26.9,26.2,22.71792,75.8333,ERA5,Asia/Kolkata,Open-Meteo Historical Weather API
MP-Indore,2023-10-02,27.0,33.4,22.2,0.0,0.0,0.0,57,5.57,0.397,0.422,0.429,26.6,26.0,22.71792,75.8333,ERA5,Asia/Kolkata,Open-Meteo Historical Weather API
MP-Indore,2023-10-03,26.7,32.7,22.3,0.0,0.0,0.0,59,5.54,0.379,0.408,0.422,26.7,26.1,22.71792,75.8333,ERA5,Asia/Kolkata,Open-Meteo Historical Weather API
MP-Indore,2023-10-04,26.7,33.1,21.7,0.0,0.0,0.0,55,5.92,0.365,0.395,0.415,26.5,26.0,22.71792,75.8333,ERA5,Asia/Kolkata,Open-Meteo Historical Weather API
MP-Indore,2023-10-05,26.6,33.6,21.1,0.0,0.0,0.0,54,6.19,0.346,0.381,0.407,26.5,26.0,22.71792,75.8333,ERA5,Asia/Kolkata,Open-Meteo Historical Weather API
MP-Indore,2023-10-06,26.7,33.1,21.6,0.0,0.0,0.0,57,5.92,0.328,0.367,0.4,27.0,26.1,22.71792,75.8333,ERA5,Asia/Kolkata,Open-Meteo Historical Weather API
MP-Indore,2023-10-07,27.0,33.9,21.2,0.0,0.0,0.0,63,5.51,0.316,0.355,0.392,27.5,26.4,22.71792,75.8333,ERA5,Asia/Kolkata,Open-Meteo Historical Weather API
MP-Indore,2023-10-08,27.1,34.3,21.0,0.0,0.0,0.0,58,5.46,0.302,0.344,0.386,27.8,26.8,22.71792,75.8333,ERA5,Asia/Kolkata,Open-Meteo Historical Weather API
MP-Indore,2023-10-09,27.7,35.0,21.5,0.0,0.0,0.0,58,5.65,0.292,0.334,0.38,28.3,27.2,22.71792,75.8333,ERA5,Asia/Kolkata,Open-Meteo Historical Weather API
MP-Indore,2023-10-10,27.7,34.9,21.5,0.0,0.0,0.0,58,5.53,0.283,0.325,0.374,28.7,27.7,22.71792,75.8333,ERA5,Asia/Kolkata,Open-Meteo Historical Weather API
MP-Indore,2023-10-11,27.3,34.2,20.9,0.0,0.0,0.0,54,5.42,0.275,0.318,0.369,28.9,27.9,22.71792,75.8333,ERA5,Asia/Kolkata,Open-Meteo Historical Weather API
MP-Indore,2023-10-12,27.5,35.0,20.5,0.0,0.0,0.0,51,5.17,0.27,0.312,0.365,28.9,28.1,22.71792,75.8333,ERA5,Asia/Kolkata,Open-Meteo Historical Weather API
MP-Indore,2023-10-13,28.1,35.0,23.4,0.0,0.0,0.0,44,4.87,0.266,0.307,0.362,29.5,28.7,22.71792,75.8333,ERA5,Asia/Kolkata,Open-Meteo Historical Weather API
MP-Indore,2023-10-14,28.3,34.9,22.6,0.0,0.0,0.0,43,5.1,0.264,0.304,0.36,29.4,28.8,22.71792,75.8333,ERA5,Asia/Kolkata,Open-Meteo Historical Weather API
MP-Indore,2023-10-15,28.1,34.9,22.4,0.0,0.0,0.0,46,5.15,0.261,0.3,0.356,29.4,28.9,22.71792,75.8333,ERA5,Asia/Kolkata,Open-Meteo Historical Weather API
MP-Indore,2023-10-16,27.3,33.1,23.1,0.2,0.2,2.0,57,3.92,0.261,0.298,0.355,29.1,28.8,22.71792,75.8333,ERA5,Asia/Kolkata,Open-Meteo Historical Weather API
MP-Indore,2023-10-17,27.0,33.5,22.2,0.0,0.0,0.0,52,4.73,0.261,0.296,0.352,29.0,28.5,22.71792,75.8333,ERA5,Asia/Kolkata,Open-Meteo Historical Weather API
MP-Indore,2023-10-18,27.4,33.8,22.6,0.0,0.0,0.0,50,4.47,0.258,0.293,0.35,29.3,28.5,22.71792,75.8333,ERA5,Asia/Kolkata,Open-Meteo Historical Weather API
MP-Indore,2023-10-19,27.2,33.3,22.4,0.0,0.0,0.0,55,4.48,0.258,0.292,0.349,29.3,28.7,22.71792,75.8333,ERA5,Asia/Kolkata,Open-Meteo Historical Weather API
MP-Indore,2023-10-20,27.0,32.5,23.0,0.0,0.0,0.0,58,3.97,0.257,0.292,0.348,29.1,28.7,22.71792,75.8333,ERA5,Asia/Kolkata,Open-Meteo Historical Weather API
MP-Indore,2023-10-21,27.0,33.4,22.5,0.0,0.0,0.0,53,4.51,0.257,0.291,0.347,28.9,28.4,22.71792,75.8333,ERA5,Asia/Kolkata,Open-Meteo Historical Weather API
MP-Indore,2023-10-22,27.4,33.2,23.1,0.0,0.0,0.0,48,4.42,0.261,0.294,0.349,28.8,28.5,22.71792,75.8333,ERA5,Asia/Kolkata,Open-Meteo Historical Weather API
MP-Indore,2023-10-23,26.8,33.2,21.3,0.0,0.0,0.0,46,5.25,0.263,0.296,0.351,28.6,28.3,22.71792,75.8333,ERA5,Asia/Kolkata,Open-Meteo Historical Weather API
MP-Indore,2023-10-24,25.9,32.6,20.8,0.0,0.0,0.0,47,5.03,0.263,0.295,0.35,28.2,28.1,22.71792,75.8333,ERA5,Asia/Kolkata,Open-Meteo Historical Weather API
MP-Indore,2023-10-25,25.5,32.6,19.2,0.0,0.0,0.0,40,5.24,0.262,0.295,0.349,27.4,27.6,22.71792,75.8333,ERA5,Asia/Kolkata,Open-Meteo Historical Weather API
MP-Indore,2023-10-26,25.8,33.0,19.5,0.0,0.0,0.0,38,4.63,0.263,0.294,0.349,27.1,27.2,22.71792,75.8333,ERA5,Asia/Kolkata,Open-Meteo Historical Weather API
MP-Indore,2023-10-27,25.4,33.1,18.3,0.0,0.0,0.0,40,4.9,0.263,0.294,0.349,26.8,27.0,22.71792,75.8333,ERA5,Asia/Kolkata,Open-Meteo Historical Weather API
MP-Indore,2023-10-28,25.4,33.0,18.5,0.0,0.0,0.0,41,4.97,0.262,0.292,0.347,27.1,26.9,22.71792,75.8333,ERA5,Asia/Kolkata,Open-Meteo Historical Weather API
MP-Indore,2023-10-29,25.5,33.0,19.7,0.0,0.0,0.0,44,4.92,0.262,0.29,0.345,27.0,27.0,22.71792,75.8333,ERA5,Asia/Kolkata,Open-Meteo Historical Weather API
MP-Indore,2023-10-30,24.9,32.5,18.7,0.0,0.0,0.0,46,4.91,0.261,0.287,0.342,26.7,26.9,22.71792,75.8333,ERA5,Asia/Kolkata,Open-Meteo Historical Weather API
MP-Indore,2023-10-31,25.2,32.6,19.1,0.0,0.0,0.0,47,5.26,0.26,0.285,0.34,26.8,26.9,22.71792,75.8333,ERA5,Asia/Kolkata,Open-Meteo Historical Weather API
MP-Indore,2023-11-01,25.1,32.3,19.2,0.0,0.0,0.0,48,4.99,0.259,0.283,0.337,26.9,26.9,22.71792,75.8333,ERA5,Asia/Kolkata,Open-Meteo Historical Weather API
MP-Indore,2023-11-02,24.8,32.5,18.1,0.0,0.0,0.0,45,5.11,0.258,0.281,0.335,26.7,26.8,22.71792,75.8333,ERA5,Asia/Kolkata,Open-Meteo Historical Weather API
MP-Indore,2023-11-03,24.8,32.4,18.6,0.0,0.0,0.0,44,4.99,0.259,0.283,0.335,26.7,26.7,22.71792,75.8333,ERA5,Asia/Kolkata,Open-Meteo Historical Weather API
MP-Indore,2023-11-04,24.8,32.3,18.6,0.0,0.0,0.0,44,4.92,0.262,0.284,0.337,26.5,26.5,22.71792,75.8333,ERA5,Asia/Kolkata,Open-Meteo Historical Weather API
MP-Indore,2023-11-05,24.7,32.4,18.4,0.0,0.0,0.0,47,4.83,0.261,0.284,0.336,26.4,26.5,22.71792,75.8333,ERA5,Asia/Kolkata,Open-Meteo Historical Weather API
MP-Indore,2023-11-06,24.7,32.1,19.1,0.0,0.0,0.0,45,5.01,0.261,0.285,0.336,26.1,26.3,22.71792,75.8333,ERA5,Asia/Kolkata,Open-Meteo Historical Weather API
MP-Indore,2023-11-07,25.0,32.1,18.8,0.0,0.0,0.0,46,4.65,0.261,0.285,0.336,26.2,26.1,22.71792,75.8333,ERA5,Asia/Kolkata,Open-Meteo Historical Weather API
MP-Indore,2023-11-08,25.7,32.5,19.6,0.0,0.0,0.0,45,4.54,0.261,0.286,0.336,26.6,26.4,22.71792,75.8333,ERA5,Asia/Kolkata,Open-Meteo Historical Weather API
MP-Indore,2023-11-09,25.6,32.8,19.2,0.0,0.0,0.0,47,4.72,0.261,0.286,0.336,26.7,26.6,22.71792,75.8333,ERA5,Asia/Kolkata,Open-Meteo Historical Weather API
MP-Indore,2023-11-10,26.0,32.7,21.6,0.0,0.0,0.0,47,4.6,0.262,0.286,0.336,26.8,26.6,22.71792,75.8333,ERA5,Asia/Kolkata,Open-Meteo Historical Weather API
MP-Indore,2023-11-11,25.0,32.1,19.7,0.0,0.0,0.0,45,4.84,0.262,0.287,0.336,26.8,26.7,22.71792,75.8333,ERA5,Asia/Kolkata,Open-Meteo Historical Weather API
MP-Indore,2023-11-12,23.6,31.2,17.7,0.0,0.0,0.0,44,4.78,0.263,0.287,0.336,25.8,26.2,22.71792,75.8333,ERA5,Asia/Kolkata,Open-Meteo Historical Weather API
MP-Indore,2023-11-13,22.3,29.5,16.6,0.0,0.0,0.0,50,3.87,0.263,0.288,0.336,24.5,25.4,22.71792,75.8333,ERA5,Asia/Kolkata,Open-Meteo Historical Weather API
MP-Indore,2023-11-14,22.8,30.2,16.6,0.0,0.0,0.0,50,4.43,0.263,0.288,0.336,24.7,25.0,22.71792,75.8333,ERA5,Asia/Kolkata,Open-Meteo Historical Weather API
MP-Indore,2023-11-15,22.7,29.9,16.7,0.0,0.0,0.0,50,4.36,0.266,0.288,0.336,24.8,25.1,22.71792,75.8333,ERA5,Asia/Kolkata,Open-Meteo Historical Weather API
MP-Indore,2023-11-16,22.5,29.5,16.7,0.0,0.0,0.0,54,4.32,0.267,0.291,0.337,24.6,25.1,22.71792,75.8333,ERA5,Asia/Kolkata,Open-Meteo Historical Weather API
MP-Indore,2023-11-17,22.3,29.0,17.0,0.0,0.0,0.0,55,4.26,0.27,0.291,0.337,24.6,25.1,22.71792,75.8333,ERA5,Asia/Kolkata,Open-Meteo Historical Weather API
MP-Indore,2023-11-18,22.7,29.8,16.7,0.0,0.0,0.0,57,3.86,0.269,0.292,0.338,24.7,25.1,22.71792,75.8333,ERA5,Asia/Kolkata,Open-Meteo Historical Weather API
MP-Indore,2023-11-19,23.4,30.2,17.8,0.0,0.0,0.0,60,3.77,0.272,0.293,0.34,25.1,25.2,22.71792,75.8333,ERA5,Asia/Kolkata,Open-Meteo Historical Weather API
MP-Indore,2023-11-20,24.2,30.6,19.0,0.0,0.0,0.0,53,4.29,0.273,0.295,0.341,25.7,25.5,22.71792,75.8333,ERA5,Asia/Kolkata,Open-Meteo Historical Weather API
MP-Indore,2023-11-21,23.4,30.1,18.2,0.0,0.0,0.0,56,4.16,0.273,0.297,0.343,25.5,25.7,22.71792,75.8333,ERA5,Asia/Kolkata,Open-Meteo Historical Weather API
MP-Indore,2023-11-22,22.8,29.5,17.3,0.0,0.0,0.0,56,3.73,0.275,0.298,0.344,25.1,25.4,22.71792,75.8333,ERA5,Asia/Kolkata,Open-Meteo Historical Weather API
MP-Indore,2023-11-23,22.6,29.2,17.3,0.0,0.0,0.0,52,3.79,0.276,0.299,0.345,24.6,25.0,22.71792,75.8333,ERA5,Asia/Kolkata,Open-Meteo Historical Weather API
MP-Indore,2023-11-24,22.3,28.7,17.3,0.0,0.0,0.0,52,3.69,0.278,0.3,0.346,24.0,24.8,22.71792,75.8333,ERA5,Asia/Kolkata,Open-Meteo Historical Weather API
MP-Indore,2023-11-25,22.6,29.5,17.4,0.0,0.0,0.0,51,4.19,0.274,0.298,0.344,24.2,24.6,22.71792,75.8333,ERA5,Asia/Kolkata,Open-Meteo Historical Weather API
MP-Indore,2023-11-26,21.3,25.4,18.2,3.3,3.3,3.0,58,3.27,0.276,0.298,0.345,23.1,24.5,22.71792,75.8333,ERA5,Asia/Kolkata,Open-Meteo Historical Weather API
MP-Indore,2023-11-27,17.6,20.3,15.4,39.3,39.3,10.0,88,1.59,0.456,0.349,0.347,20.7,23.0,22.71792,75.8333,ERA5,Asia/Kolkata,Open-Meteo Historical Weather API
MP-Indore,2023-11-28,19.0,22.2,16.4,1.2,1.2,8.0,91,2.04,0.445,0.378,0.348,20.9,21.7,22.71792,75.8333,ERA5,Asia/Kolkata,Open-Meteo Historical Weather API
MP-Indore,2023-11-29,20.0,23.3,17.2,1.3,1.3,9.0,88,2.05,0.43,0.382,0.348,21.5,21.8,22.71792,75.8333,ERA5,Asia/Kolkata,Open-Meteo Historical Weather API
MP-Indore,2023-11-30,21.2,24.8,18.4,2.7,2.7,13.0,91,2.25,0.428,0.383,0.349,22.4,22.2,22.71792,75.8333,ERA5,Asia/Kolkata,Open-Meteo Historical Weather API
MP-Indore,2023-12-01,20.8,22.9,19.2,2.9,2.9,18.0,92,1.92,0.451,0.392,0.35,22.4,22.6,22.71792,75.8333,ERA5,Asia/Kolkata,Open-Meteo Historical Weather API
MP-Indore,2023-12-02,21.0,24.7,18.8,0.4,0.4,1.0,88,2.54,0.433,0.396,0.351,22.5,22.5,22.71792,75.8333,ERA5,Asia/Kolkata,Open-Meteo Historical Weather API
MP-Indore,2023-12-03,22.1,26.9,19.2,0.0,0.0,0.0,84,2.68,0.418,0.395,0.352,22.9,22.8,22.71792,75.8333,ERA5,Asia/Kolkata,Open-Meteo Historical Weather API
MP-Indore,2023-12-04,21.4,25.5,18.7,0.5,0.5,2.0,85,2.84,0.407,0.393,0.354,23.1,23.0,22.71792,75.8333,ERA5,Asia/Kolkata,Open-Meteo Historical Weather API
MP-Indore,2023-12-05,19.7,22.6,17.8,0.5,0.5,5.0,87,2.09,0.4,0.392,0.356,21.6,22.6,22.71792,75.8333,ERA5,Asia/Kolkata,Open-Meteo Historical Weather API
MP-Indore,2023-12-06,19.6,23.8,16.9,0.0,0.0,0.0,83,2.44,0.394,0.392,0.359,21.1,21.8,22.71792,75.8333,ERA5,Asia/Kolkata,Open-Meteo Historical Weather API
MP-Indore,2023-12-07,20.3,24.8,17.5,0.4,0.4,4.0,80,2.37,0.387,0.39,0.36,21.5,21.7,22.71792,75.8333,ERA5,Asia/Kolkata,Open-Meteo Historical Weather API
MP-Indore,2023-12-08,20.0,24.5,16.8,0.3,0.3,3.0,82,2.36,0.385,0.393,0.344,21.4,21.7,22.71792,75.8333,ERA5,Asia/Kolkata,Open-Meteo Historical Weather API
MP-Indore,2023-12-09,20.0,25.7,15.3,0.0,0.0,0.0,75,2.98,0.378,0.39,0.339,21.3,21.5,22.71792,75.8333,ERA5,Asia/Kolkata,Open-Meteo Historical Weather API
MP-Indore,2023-12-10,19.9,25.9,15.3,0.0,0.0,0.0,72,3.01,0.366,0.383,0.338,21.3,21.4,22.71792,75.8333,ERA5,Asia/Kolkata,Open-Meteo Historical Weather API
MP-Indore,2023-12-11,20.5,26.4,14.9,0.0,0.0,0.0,71,3.09,0.357,0.376,0.336,21.3,21.4,22.71792,75.8333,ERA5,Asia/Kolkata,Open-Meteo Historical Weather API
MP-Indore,2023-12-12,20.7,26.6,15.3,0.0,0.0,0.0,71,3.06,0.346,0.369,0.334,21.5,21.7,22.71792,75.8333,ERA5,Asia/Kolkata,Open-Meteo Historical Weather API
MP-Indore,2023-12-13,19.7,25.8,15.1,0.0,0.0,0.0,61,3.4,0.334,0.361,0.331,21.2,21.9,22.71792,75.8333,ERA5,Asia/Kolkata,Open-Meteo Historical Weather API
MP-Indore,2023-12-14,19.3,26.3,14.0,0.0,0.0,0.0,65,3.31,0.324,0.353,0.328,20.7,21.3,22.71792,75.8333,ERA5,Asia/Kolkata,Open-Meteo Historical Weather API
MP-Indore,2023-12-15,20.0,26.4,14.4,0.0,0.0,0.0,66,3.26,0.313,0.346,0.325,21.1,21.2,22.71792,75.8333,ERA5,Asia/Kolkata,Open-Meteo Historical Weather API
MP-Indore,2023-12-16,19.9,25.6,15.1,0.0,0.0,0.0,65,2.63,0.307,0.34,0.323,21.0,21.6,22.71792,75.8333,ERA5,Asia/Kolkata,Open-Meteo Historical Weather API
MP-Indore,2023-12-17,19.3,25.1,14.6,0.0,0.0,0.0,63,3.09,0.301,0.337,0.323,20.9,21.5,22.71792,75.8333,ERA5,Asia/Kolkata,Open-Meteo Historical Weather API
MP-Indore,2023-12-18,17.8,24.1,13.0,0.0,0.0,0.0,56,3.61,0.293,0.331,0.321,19.6,20.7,22.71792,75.8333,ERA5,Asia/Kolkata,Open-Meteo Historical Weather API
MP-Indore,2023-12-19,17.0,23.2,13.2,0.0,0.0,0.0,59,3.33,0.286,0.325,0.319,19.1,20.2,22.71792,75.8333,ERA5,Asia/Kolkata,Open-Meteo Historical Weather API
MP-Indore,2023-12-20,17.3,24.7,12.0,0.0,0.0,0.0,52,3.67,0.281,0.32,0.317,18.8,19.6,22.71792,75.8333,ERA5,Asia/Kolkata,Open-Meteo Historical Weather API
MP-Indore,2023-12-21,18.8,25.5,13.7,0.0,0.0,0.0,51,3.43,0.278,0.313,0.313,19.7,19.9,22.71792,75.8333,ERA5,Asia/Kolkata,Open-Meteo Historical Weather API
MP-Indore,2023-12-22,18.3,23.2,14.9,0.0,0.0,0.0,55,2.55,0.276,0.31,0.312,19.5,20.3,22.71792,75.8333,ERA5,Asia/Kolkata,Open-Meteo Historical Weather API
MP-Indore,2023-12-23,19.3,28.3,12.9,0.0,0.0,0.0,56,3.65,0.276,0.308,0.312,20.2,20.2,22.71792,75.8333,ERA5,Asia/Kolkata,Open-Meteo Historical Weather API
MP-Indore,2023-12-24,20.0,28.4,13.8,0.0,0.0,0.0,59,3.55,0.271,0.302,0.309,21.0,20.7,22.71792,75.8333,ERA5,Asia/Kolkata,Open-Meteo Historical Weather API
MP-Indore,2023-12-25,20.0,27.6,14.0,0.0,0.0,0.0,63,3.37,0.268,0.298,0.307,21.3,21.1,22.71792,75.8333,ERA5,Asia/Kolkata,Open-Meteo Historical Weather API
MP-Indore,2023-12-26,20.5,28.1,14.1,0.0,0.0,0.0,62,3.53,0.266,0.297,0.307,21.5,21.3,22.71792,75.8333,ERA5,Asia/Kolkata,Open-Meteo Historical Weather API
MP-Indore,2023-12-27,21.0,28.8,15.3,0.0,0.0,0.0,62,3.57,0.266,0.296,0.308,22.0,21.6,22.71792,75.8333,ERA5,Asia/Kolkata,Open-Meteo Historical Weather API
MP-Indore,2023-12-28,20.4,27.6,15.0,0.0,0.0,0.0,62,3.54,0.266,0.296,0.309,21.9,21.8,22.71792,75.8333,ERA5,Asia/Kolkata,Open-Meteo Historical Weather API
MP-Indore,2023-12-29,20.4,27.2,14.9,0.0,0.0,0.0,66,3.45,0.263,0.296,0.31,21.8,21.8,22.71792,75.8333,ERA5,Asia/Kolkata,Open-Meteo Historical Weather API
MP-Indore,2023-12-30,21.1,28.0,15.5,0.0,0.0,0.0,70,3.39,0.265,0.298,0.312,22.2,22.0,22.71792,75.8333,ERA5,Asia/Kolkata,Open-Meteo Historical Weather API
MP-Indore,2023-12-31,21.4,27.7,16.5,0.0,0.0,0.0,71,3.2,0.265,0.3,0.315,22.4,22.3,22.71792,75.8333,ERA5,Asia/Kolkata,Open-Meteo Historical Weather API
MP-Indore,2024-01-01,20.5,26.6,15.5,0.0,0.0,0.0,73,2.96,0.268,0.305,0.32,21.6,22.3,22.71792,75.8333,ERA5,Asia/Kolkata,Open-Meteo Historical Weather API
MP-Indore,2024-01-02,19.3,24.9,15.8,0.1,0.1,1.0,76,2.81,0.273,0.312,0.326,20.8,22.0,22.71792,75.8333,ERA5,Asia/Kolkata,Open-Meteo Historical Weather API
MP-Indore,2024-01-03,19.0,24.5,15.9,0.4,0.4,4.0,80,2.68,0.281,0.321,0.335,20.6,21.6,22.71792,75.8333,ERA5,Asia/Kolkata,Open-Meteo Historical Weather API
MP-Indore,2024-01-04,17.5,21.2,15.4,0.2,0.2,2.0,88,1.92,0.288,0.324,0.339,19.8,21.1,22.71792,75.8333,ERA5,Asia/Kolkata,Open-Meteo Historical Weather API
MP-Indore,2024-01-05,17.2,21.2,14.6,0.7,0.7,4.0,88,2.15,0.296,0.329,0.343,19.6,20.7,22.71792,75.8333,ERA5,Asia/Kolkata,Open-Meteo Historical Weather API
MP-Indore,2024-01-06,16.9,21.2,13.9,0.0,0.0,0.0,83,2.38,0.304,0.334,0.349,19.1,20.2,22.71792,75.8333,ERA5,Asia/Kolkata,Open-Meteo Historical Weather API
MP-Indore,2024-01-07,16.3,20.1,13.1,0.4,0.4,3.0,87,1.62,0.308,0.34,0.354,18.1,19.5,22.71792,75.8333,ERA5,Asia/Kolkata,Open-Meteo Historical Weather API
MP-Indore,2024-01-08,18.8,24.1,15.2,0.9,0.9,7.0,85,2.45,0.318,0.343,0.358,19.5,19.8,22.71792,75.8333,ERA5,Asia/Kolkata,Open-Meteo Historical Weather API
MP-Indore,2024-01-09,19.9,25.7,16.3,0.0,0.0,0.0,79,2.83,0.318,0.343,0.359,20.4,20.6,22.71792,75.8333,ERA5,Asia/Kolkata,Open-Meteo Historical Weather API
MP-Indore,2024-01-10,18.4,23.3,15.9,0.4,0.4,4.0,84,2.38,0.317,0.344,0.361,20.3,20.9,22.71792,75.8333,ERA5,Asia/Kolkata,Open-Meteo Historical Weather API
MP-Indore,2024-01-11,19.2,24.3,15.3,0.5,0.5,3.0,82,2.65,0.319,0.345,0.364,20.5,20.9,22.71792,75.8333,ERA5,Asia/Kolkata,Open-Meteo Historical Weather API
MP-Indore,2024-01-12,20.7,27.0,14.7,0.0,0.0,0.0,76,3.18,0.317,0.342,0.363,21.2,21.2,22.71792,75.8333,ERA5,Asia/Kolkata,Open-Meteo Historical Weather API
MP-Indore,2024-01-13,21.4,28.5,16.4,0.0,0.0,0.0,70,3.58,0.306,0.334,0.359,22.1,21.8,22.71792,75.8333,ERA5,Asia/Kolkata,Open-Meteo Historical Weather API
MP-Indore,2024-01-14,19.7,27.3,14.8,0.0,0.0,0.0,64,3.81,0.296,0.325,0.354,21.2,21.6,22.71792,75.8333,ERA5,Asia/Kolkata,Open-Meteo Historical Weather API
MP-Indore,2024-01-15,18.6,25.8,12.6,0.0,0.0,0.0,70,3.37,0.288,0.319,0.351,20.3,20.8,22.71792,75.8333,ERA5,Asia/Kolkata,Open-Meteo Historical Weather API
MP-Indore,2024-01-16,18.8,26.0,13.1,0.0,0.0,0.0,68,3.44,0.28,0.312,0.346,20.4,20.5,22.71792,75.8333,ERA5,Asia/Kolkata,Open-Meteo Historical Weather API
MP-Indore,2024-01-17,18.5,25.6,12.3,0.0,0.0,0.0,65,3.52,0.276,0.307,0.343,20.1,20.5,22.71792,75.8333,ERA5,Asia/Kolkata,Open-Meteo Historical Weather API
MP-Indore,2024-01-18,18.2,25.3,12.2,0.0,0.0,0.0,66,3.57,0.275,0.306,0.342,20.0,20.3,22.71792,75.8333,ERA5,Asia/Kolkata,Open-Meteo Historical Weather API
MP-Indore,2024-01-19,17.9,24.1,12.5,0.0,0.0,0.0,61,3.67,0.276,0.306,0.344,19.8,20.4,22.71792,75.8333,ERA5,Asia/Kolkata,Open-Meteo Historical Weather API
MP-Indore,2024-01-20,17.4,23.9,12.5,0.0,0.0,0.0,60,3.44,0.279,0.311,0.348,19.3,20.2,22.71792,75.8333,ERA5,Asia/Kolkata,Open-Meteo Historical Weather API
MP-Indore,2024-01-21,16.1,22.7,10.5,0.0,0.0,0.0,56,3.64,0.277,0.312,0.349,18.7,19.7,22.71792,75.8333,ERA5,Asia/Kolkata,Open-Meteo Historical Weather API
MP-Indore,2024-01-22,16.3,24.0,9.4,0.0,0.0,0.0,58,3.61,0.275,0.31,0.348,18.3,19.1,22.71792,75.8333,ERA5,Asia/Kolkata,Open-Meteo Historical Weather API
MP-Indore,2024-01-23,16.8,24.1,10.8,0.0,0.0,0.0,49,4.18,0.273,0.306,0.346,18.5,19.2,22.71792,75.8333,ERA5,Asia/Kolkata,Open-Meteo Historical Weather API
MP-Indore,2024-01-24,16.9,24.2,10.0,0.0,0.0,0.0,48,3.8,0.269,0.301,0.343,18.6,18.9,22.71792,75.8333,ERA5,Asia/Kolkata,Open-Meteo Historical Weather API
MP-Indore,2024-01-25,16.9,24.4,10.4,0.0,0.0,0.0,51,4.01,0.266,0.295,0.338,18.7,19.1,22.71792,75.8333,ERA5,Asia/Kolkata,Open-Meteo Historical Weather API
MP-Indore,2024-01-26,17.7,25.9,11.3,0.0,0.0,0.0,49,4.04,0.267,0.292,0.336,19.1,19.2,22.71792,75.8333,ERA5,Asia/Kolkata,Open-Meteo Historical Weather API
MP-Indore,2024-01-27,18.4,26.5,12.2,0.0,0.0,0.0,52,4.1,0.267,0.29,0.335,19.6,19.5,22.71792,75.8333,ERA5,Asia/Kolkata,Open-Meteo Historical Weather API
MP-Indore,2024-01-28,19.9,28.4,12.7,0.0,0.0,0.0,55,4.26,0.267,0.29,0.335,20.3,19.8,22.71792,75.8333,ERA5,Asia/Kolkata,Open-Meteo Historical Weather API
MP-Indore,2024-01-29,19.9,27.3,13.8,0.0,0.0,0.0,56,4.2,0.267,0.291,0.336,20.8,20.4,22.71792,75.8333,ERA5,Asia/Kolkata,Open-Meteo Historical Weather API
MP-Indore,2024-01-30,19.7,26.8,13.5,0.0,0.0,0.0,56,3.75,0.266,0.29,0.334,20.9,20.6,22.71792,75.8333,ERA5,Asia/Kolkata,Open-Meteo Historical Weather API
MP-Indore,2024-01-31,19.7,26.3,14.7,0.0,0.0,0.0,59,3.65,0.266,0.291,0.335,20.9,20.9,22.71792,75.8333,ERA5,Asia/Kolkata,Open-Meteo Historical Weather API
MP-Indore,2024-02-01,20.0,27.2,13.9,0.0,0.0,0.0,64,3.54,0.267,0.293,0.337,21.0,20.8,22.71792,75.8333,ERA5,Asia/Kolkata,Open-Meteo Historical Weather API
MP-Indore,2024-02-02,20.9,26.8,16.2,0.0,0.0,0.0,60,3.78,0.268,0.294,0.337,22.2,21.6,22.71792,75.8333,ERA5,Asia/Kolkata,Open-Meteo Historical Weather API
MP-Indore,2024-02-03,21.5,28.1,15.5,0.0,0.0,0.0,59,4.02,0.267,0.296,0.339,22.3,21.9,22.71792,75.8333,ERA5,Asia/Kolkata,Open-Meteo Historical Weather API
MP-Indore,2024-02-04,23.1,30.3,16.5,0.0,0.0,0.0,58,4.45,0.266,0.297,0.339,23.1,22.2,22.71792,75.8333,ERA5,Asia/Kolkata,Open-Meteo Historical Weather API
MP-Indore,2024-02-05,23.1,29.9,17.7,0.0,0.0,0.0,60,4.6,0.266,0.296,0.34,23.6,22.8,22.71792,75.8333,ERA5,Asia/Kolkata,Open-Meteo Historical Weather API
MP-Indore,2024-02-06,21.5,27.5,16.7,0.0,0.0,0.0,63,4.18,0.266,0.3,0.343,23.3,22.9,22.71792,75.8333,ERA5,Asia/Kolkata,Open-Meteo Historical Weather API
MP-Indore,2024-02-07,20.6,27.3,15.3,0.0,0.0,0.0,65,4.17,0.273,0.305,0.347,22.7,22.6,22.71792,75.8333,ERA5,Asia/Kolkata,Open-Meteo Historical Weather API
MP-Indore,2024-02-08,18.6,23.8,14.5,0.0,0.0,0.0,54,4.15,0.275,0.309,0.35,21.1,22.0,22.71792,75.8333,ERA5,Asia/Kolkata,Open-Meteo Historical Weather API
MP-Indore,2024-02-09,18.8,25.8,12.5,0.0,0.0,0.0,46,4.41,0.274,0.308,0.35,20.7,21.1,22.71792,75.8333,ERA5,Asia/Kolkata,Open-Meteo Historical Weather API
MP-Indore,2024-02-10,19.8,26.3,13.4,0.0,0.0,0.0,49,4.67,0.274,0.307,0.35,21.1,21.1,22.71792,75.8333,ERA5,Asia/Kolkata,Open-Meteo Historical Weather API
MP-Indore,2024-02-11,19.8,26.1,14.1,0.0,0.0,0.0,54,4.52,0.272,0.306,0.349,21.6,21.5,22.71792,75.8333,ERA5,Asia/Kolkata,Open-Meteo Historical Weather API
MP-Indore,2024-02-12,20.6,27.6,14.5,0.0,0.0,0.0,60,4.26,0.274,0.308,0.352,21.9,21.9,22.71792,75.8333,ERA5,Asia/Kolkata,Open-Meteo Historical Weather API
MP-Indore,2024-02-13,20.5,26.8,15.6,0.0,0.0,0.0,68,3.79,0.277,0.315,0.358,22.0,22.0,22.71792,75.8333,ERA5,Asia/Kolkata,Open-Meteo Historical Weather API
MP-Indore,2024-02-14,21.1,27.3,15.3,0.6,0.6,1.0,69,3.94,0.28,0.318,0.361,22.6,22.2,22.71792,75.8333,ERA5,Asia/Kolkata,Open-Meteo Historical Weather API
MP-Indore,2024-02-15,21.4,27.5,16.1,0.0,0.0,0.0,62,4.45,0.282,0.317,0.36,22.7,22.5,22.71792,75.8333,ERA5,Asia/Kolkata,Open-Meteo Historical Weather API
MP-Indore,2024-02-16,22.1,29.0,16.1,0.0,0.0,0.0,60,4.45,0.28,0.316,0.361,23.0,22.7,22.71792,75.8333,ERA5,Asia/Kolkata,Open-Meteo Historical Weather API
MP-Indore,2024-02-17,23.8,30.8,17.0,0.0,0.0,0.0,57,4.19,0.279,0.313,0.359,23.8,23.1,22.71792,75.8333,ERA5,Asia/Kolkata,Open-Meteo Historical Weather API
MP-Indore,2024-02-18,24.3,32.2,18.5,0.0,0.0,0.0,53,5.02,0.272,0.307,0.355,24.7,23.5,22.71792,75.8333,ERA5,Asia/Kolkata,Open-Meteo Historical Weather API
MP-Indore,2024-02-19,23.8,31.6,17.8,0.0,0.0,0.0,44,5.69,0.27,0.304,0.353,24.2,23.6,22.71792,75.8333,ERA5,Asia/Kolkata,Open-Meteo Historical Weather API
MP-Indore,2024-02-20,23.8,31.1,17.3,0.0,0.0,0.0,43,5.68,0.267,0.301,0.351,24.2,23.5,22.71792,75.8333,ERA5,Asia/Kolkata,Open-Meteo Historical Weather API
MP-Indore,2024-02-21,22.4,28.9,17.8,0.0,0.0,0.0,54,5.18,0.266,0.299,0.35,23.8,23.6,22.71792,75.8333,ERA5,Asia/Kolkata,Open-Meteo Historical Weather API
MP-Indore,2024-02-22,21.7,27.2,16.5,0.0,0.0,0.0,54,4.89,0.266,0.3,0.35,23.3,23.2,22.71792,75.8333,ERA5,Asia/Kolkata,Open-Meteo Historical Weather API
MP-Indore,2024-02-23,21.0,27.1,15.0,0.0,0.0,0.0,54,4.33,0.264,0.299,0.35,23.1,22.9,22.71792,75.8333,ERA5,Asia/Kolkata,Open-Meteo Historical Weather API
MP-Indore,2024-02-24,20.6,27.5,13.2,0.0,0.0,0.0,50,4.95,0.265,0.299,0.349,22.6,22.6,22.71792,75.8333,ERA5,Asia/Kolkata,Open-Meteo Historical Weather API
MP-Indore,2024-02-25,20.5,27.1,14.5,0.0,0.0,0.0,43,5.25,0.264,0.297,0.348,22.4,22.5,22.71792,75.8333,ERA5,Asia/Kolkata,Open-Meteo Historical Weather API
MP-Indore,2024-02-26,21.7,27.8,16.4,0.0,0.0,0.0,54,4.69,0.266,0.3,0.35,22.7,22.7,22.71792,75.8333,ERA5,Asia/Kolkata,Open-Meteo Historical Weather API
MP-Indore,2024-02-27,23.8,30.4,19.2,0.8,0.8,3.0,64,4.72,0.268,0.298,0.348,24.6,23.7,22.71792,75.8333,ERA5,Asia/Kolkata,Open-Meteo Historical Weather API
MP-Indore,2024-02-28,22.9,29.8,16.4,0.0,0.0,0.0,65,4.65,0.273,0.295,0.346,24.6,24.1,22.71792,75.8333,ERA5,Asia/Kolkata,Open-Meteo Historical Weather API
MP-Indore,2024-02-29,25.3,32.7,18.2,0.0,0.0,0.0,49,5.01,0.273,0.293,0.345,25.5,24.6,22.71792,75.8333,ERA5,Asia/Kolkata,Open-Meteo Historical Weather API
MP-Indore,2024-03-01,26.5,34.5,19.9,0.0,0.0,0.0,44,6.11,0.27,0.29,0.343,25.8,24.9,22.71792,75.8333,ERA5,Asia/Kolkata,Open-Meteo Historical Weather API
MP-Indore,2024-03-02,25.0,31.0,20.3,0.4,0.4,1.0,52,5.38,0.274,0.297,0.348,25.6,25.1,22.71792,75.8333,ERA5,Asia/Kolkata,Open-Meteo Historical Weather API
MP-Indore,2024-03-03,22.0,27.2,16.0,0.0,0.0,0.0,55,5.22,0.273,0.299,0.349,24.8,24.8,22.71792,75.8333,ERA5,Asia/Kolkata,Open-Meteo Historical Weather API
MP-Indore,2024-03-04,18.9,26.6,10.9,0.0,0.0,0.0,40,5.32,0.271,0.299,0.349,22.0,22.9,22.71792,75.8333,ERA5,Asia/Kolkata,Open-Meteo Historical Weather API
MP-Indore,2024-03-05,21.3,28.9,13.3,0.0,0.0,0.0,41,5.5,0.267,0.295,0.346,23.0,22.6,22.71792,75.8333,ERA5,Asia/Kolkata,Open-Meteo Historical Weather API
MP-Indore,2024-03-06,22.9,30.7,15.4,0.0,0.0,0.0,42,5.8,0.26,0.289,0.341,24.4,23.4,22.71792,75.8333,ERA5,Asia/Kolkata,Open-Meteo Historical Weather API
MP-Indore,2024-03-07,23.4,30.7,15.6,0.0,0.0,0.0,42,5.67,0.257,0.284,0.336,25.2,24.2,22.71792,75.8333,ERA5,Asia/Kolkata,Open-Meteo Historical Weather API
MP-Indore,2024-03-08,23.4,30.6,15.7,0.0,0.0,0.0,35,5.79,0.253,0.282,0.333,25.4,24.7,22.71792,75.8333,ERA5,Asia/Kolkata,Open-Meteo Historical Weather API
MP-Indore,2024-03-09,23.5,31.5,15.7,0.0,0.0,0.0,37,6.17,0.255,0.281,0.332,25.4,24.8,22.71792,75.8333,ERA5,Asia/Kolkata,Open-Meteo Historical Weather API
MP-Indore,2024-03-10,24.4,32.8,17.0,0.0,0.0,0.0,38,6.48,0.257,0.28,0.329,25.5,24.8,22.71792,75.8333,ERA5,Asia/Kolkata,Open-Meteo Historical Weather API
MP-Indore,2024-03-11,25.8,33.7,17.7,0.0,0.0,0.0,39,6.35,0.255,0.278,0.327,26.6,25.4,22.71792,75.8333,ERA5,Asia/Kolkata,Open-Meteo Historical Weather API
MP-Indore,2024-03-12,26.6,33.4,20.4,0.0,0.0,0.0,38,6.86,0.258,0.278,0.325,27.7,26.4,22.71792,75.8333,ERA5,Asia/Kolkata,Open-Meteo Historical Weather API
MP-Indore,2024-03-13,25.7,33.2,19.1,0.0,0.0,0.0,36,6.99,0.257,0.278,0.325,27.2,26.4,22.71792,75.8333,ERA5,Asia/Kolkata,Open-Meteo Historical Weather API
MP-Indore,2024-03-14,25.2,32.0,18.3,0.0,0.0,0.0,37,6.33,0.254,0.276,0.321,27.1,26.3,22.71792,75.8333,ERA5,Asia/Kolkata,Open-Meteo Historical Weather API
MP-Indore,2024-03-15,25.1,32.5,17.1,0.0,0.0,0.0,37,5.94,0.253,0.276,0.321,27.0,26.2,22.71792,75.8333,ERA5,Asia/Kolkata,Open-Meteo Historical Weather API
MP-Indore,2024-03-16,26.1,32.9,20.3,0.0,0.0,0.0,35,6.26,0.252,0.278,0.322,27.7,26.4,22.71792,75.8333,ERA5,Asia/Kolkata,Open-Meteo Historical Weather API
MP-Indore,2024-03-17,26.4,33.3,20.2,0.0,0.0,0.0,36,6.77,0.253,0.279,0.322,27.9,26.9,22.71792,75.8333,ERA5,Asia/Kolkata,Open-Meteo Historical Weather API
MP-Indore,2024-03-18,26.6,32.9,20.8,0.0,0.0,0.0,37,6.62,0.252,0.279,0.322,28.5,27.3,22.71792,75.8333,ERA5,Asia/Kolkata,Open-Meteo Historical Weather API
MP-Indore,2024-03-19,26.2,32.8,19.4,0.0,0.0,0.0,30,7.33,0.252,0.279,0.322,28.1,27.4,22.71792,75.8333,ERA5,Asia/Kolkata,Open-Meteo Historical Weather API
MP-Indore,2024-03-20,26.7,33.9,18.6,0.0,0.0,0.0,27,6.65,0.254,0.279,0.322,27.8,27.1,22.71792,75.8333,ERA5,Asia/Kolkata,Open-Meteo Historical Weather API
MP-Indore,2024-03-21,27.1,34.0,19.4,0.0,0.0,0.0,29,5.78,0.254,0.279,0.321,28.1,27.2,22.71792,75.8333,ERA5,Asia/Kolkata,Open-Meteo Historical Weather API
MP-Indore,2024-03-22,27.7,35.2,19.5,0.0,0.0,0.0,29,6.96,0.253,0.275,0.317,29.0,27.6,22.71792,75.8333,ERA5,Asia/Kolkata,Open-Meteo Historical Weather API
MP-Indore,2024-03-23,28.6,36.7,20.0,0.0,0.0,0.0,27,7.39,0.249,0.272,0.313,29.8,28.3,22.71792,75.8333,ERA5,Asia/Kolkata,Open-Meteo Historical Weather API
MP-Indore,2024-03-24,29.2,36.0,23.1,0.0,0.0,0.0,34,7.12,0.248,0.27,0.309,30.7,29.1,22.71792,75.8333,ERA5,Asia/Kolkata,Open-Meteo Historical Weather API
MP-Indore,2024-03-25,29.3,36.5,22.3,0.0,0.0,0.0,32,7.07,0.244,0.269,0.307,31.0,29.6,22.71792,75.8333,ERA5,Asia/Kolkata,Open-Meteo Historical Weather API
MP-Indore,2024-03-26,30.1,37.1,22.2,0.0,0.0,0.0,33,6.54,0.242,0.269,0.305,31.6,30.0,22.71792,75.8333,ERA5,Asia/Kolkata,Open-Meteo Historical Weather API
MP-Indore,2024-03-27,31.4,38.7,23.7,0.0,0.0,0.0,31,7.63,0.243,0.269,0.305,32.6,30.6,22.71792,75.8333,ERA5,Asia/Kolkata,Open-Meteo Historical Weather API
MP-Indore,2024-03-28,31.8,38.8,25.5,0.0,0.0,0.0,34,7.47,0.242,0.269,0.304,33.0,31.4,22.71792,75.8333,ERA5,Asia/Kolkata,Open-Meteo Historical Weather API
MP-Indore,2024-03-29,31.1,37.1,25.4,0.2,0.2,2.0,37,6.56,0.245,0.27,0.305,32.2,31.4,22.71792,75.8333,ERA5,Asia/Kolkata,Open-Meteo Historical Weather API
MP-Indore,2024-03-30,30.5,37.3,24.0,0.0,0.0,0.0,38,6.88,0.246,0.272,0.306,31.9,30.9,22.71792,75.8333,ERA5,Asia/Kolkata,Open-Meteo Historical Weather API
MP-Indore,2024-03-31,29.6,36.5,23.3,0.0,0.0,0.0,33,7.49,0.249,0.273,0.307,31.6,30.8,22.71792,75.8333,ERA5,Asia/Kolkata,Open-Meteo Historical Weather API
MP-Indore,2024-04-01,28.6,36.1,21.4,0.0,0.0,0.0,27,7.71,0.246,0.271,0.305,30.6,30.2,22.71792,75.8333,ERA5,Asia/Kolkata,Open-Meteo Historical Weather API
MP-Indore,2024-04-02,29.6,36.7,22.7,0.0,0.0,0.0,30,7.71,0.243,0.269,0.302,31.5,30.2,22.71792,75.8333,ERA5,Asia/Kolkata,Open-Meteo Historical Weather API
MP-Indore,2024-04-03,30.3,38.1,23.1,0.0,0.0,0.0,28,7.92,0.243,0.269,0.3,32.2,30.9,22.71792,75.8333,ERA5,Asia/Kolkata,Open-Meteo Historical Weather API
MP-Indore,2024-04-04,30.1,36.8,23.8,0.0,0.0,0.0,32,8.18,0.243,0.269,0.301,32.3,31.3,22.71792,75.8333,ERA5,Asia/Kolkata,Open-Meteo Historical Weather API
MP-Indore,2024-04-05,29.4,35.7,23.0,0.0,0.0,0.0,35,8.16,0.247,0.271,0.303,31.7,31.1,22.71792,75.8333,ERA5,Asia/Kolkata,Open-Meteo Historical Weather API
MP-Indore,2024-04-06,29.6,36.0,23.4,0.0,0.0,0.0,32,7.84,0.247,0.273,0.305,31.7,31.1,22.71792,75.8333,ERA5,Asia/Kolkata,Open-Meteo Historical Weather API
MP-Indore,2024-04-07,29.7,35.4,25.0,0.8,0.8,2.0,32,7.01,0.25,0.274,0.307,31.8,31.1,22.71792,75.8333,ERA5,Asia/Kolkata,Open-Meteo Historical Weather API
MP-Indore,2024-04-08,29.2,36.2,22.8,0.0,0.0,0.0,35,6.47,0.255,0.278,0.312,31.6,30.8,22.71792,75.8333,ERA5,Asia/Kolkata,Open-Meteo Historical Weather API
MP-Indore,2024-04-09,29.0,35.1,23.4,0.0,0.0,0.0,44,6.67,0.257,0.281,0.318,31.0,30.7,22.71792,75.8333,ERA5,Asia/Kolkata,Open-Meteo Historical Weather API
MP-Indore,2024-04-10,27.5,34.3,23.8,0.5,0.5,3.0,59,5.72,0.259,0.286,0.324,30.3,30.4,22.71792,75.8333,ERA5,Asia/Kolkata,Open-Meteo Historical Weather API
MP-Indore,2024-04-11,27.2,32.8,22.9,1.8,1.8,5.0,59,5.62,0.27,0.289,0.33,30.0,29.9,22.71792,75.8333,ERA5,Asia/Kolkata,Open-Meteo Historical Weather API
MP-Indore,2024-04-12,28.0,35.7,23.4,1.1,1.1,5.0,54,6.32,0.295,0.288,0.33,30.1,29.9,22.71792,75.8333,ERA5,Asia/Kolkata,Open-Meteo Historical Weather API
MP-Indore,2024-04-13,27.7,33.6,22.6,0.0,0.0,0.0,59,5.19,0.316,0.289,0.334,29.3,29.6,22.71792,75.8333,ERA5,Asia/Kolkata,Open-Meteo Historical Weather API
MP-Indore,2024-04-14,29.1,35.3,23.4,0.0,0.0,0.0,52,5.92,0.305,0.29,0.337,30.3,29.5,22.71792,75.8333,ERA5,Asia/Kolkata,Open-Meteo Historical Weather API
MP-Indore,2024-04-15,30.8,37.1,24.8,0.0,0.0,0.0,43,6.81,0.289,0.288,0.334,31.6,30.3,22.71792,75.8333,ERA5,Asia/Kolkata,Open-Meteo Historical Weather API
MP-Indore,2024-04-16,30.5,37.2,24.8,0.0,0.0,0.0,38,6.97,0.276,0.285,0.331,32.1,30.9,22.71792,75.8333,ERA5,Asia/Kolkata,Open-Meteo Historical Weather API
MP-Indore,2024-04-17,31.7,38.5,25.1,0.0,0.0,0.0,30,7.86,0.268,0.283,0.328,32.6,31.2,22.71792,75.8333,ERA5,Asia/Kolkata,Open-Meteo Historical Weather API
MP-Indore,2024-04-18,32.6,38.9,26.1,0.0,0.0,0.0,27,8.73,0.256,0.279,0.323,33.5,31.7,22.71792,75.8333,ERA5,Asia/Kolkata,Open-Meteo Historical Weather API
MP-Indore,2024-04-19,32.4,38.1,27.0,0.0,0.0,0.0,32,8.06,0.252,0.276,0.318,33.9,32.5,22.71792,75.8333,ERA5,Asia/Kolkata,Open-Meteo Historical Weather API
MP-Indore,2024-04-20,31.4,37.2,26.2,0.0,0.0,0.0,33,8.43,0.253,0.275,0.317,33.3,32.4,22.71792,75.8333,ERA5,Asia/Kolkata,Open-Meteo Historical Weather API
MP-Indore,2024-04-21,30.3,36.6,23.7,0.0,0.0,0.0,36,7.08,0.251,0.275,0.316,32.6,31.9,22.71792,75.8333,ERA5,Asia/Kolkata,Open-Meteo Historical Weather API
MP-Indore,2024-04-22,29.7,33.9,25.6,0.6,0.6,6.0,41,6.34,0.258,0.278,0.32,32.3,31.8,22.71792,75.8333,ERA5,Asia/Kolkata,Open-Meteo Historical Weather API
MP-Indore,2024-04-23,30.1,36.9,22.8,0.0,0.0,0.0,35,7.67,0.256,0.28,0.321,32.2,31.4,22.71792,75.8333,ERA5,Asia/Kolkata,Open-Meteo Historical Weather API
MP-Indore,2024-04-24,31.3,38.4,23.7,0.0,0.0,0.0,31,7.83,0.252,0.279,0.32,32.9,31.7,22.71792,75.8333,ERA5,Asia/Kolkata,Open-Meteo Historical Weather API
MP-Indore,2024-04-25,31.8,38.8,25.2,0.3,0.3,2.0,34,6.65,0.252,0.277,0.318,33.3,32.1,22.71792,75.8333,ERA5,Asia/Kolkata,Open-Meteo Historical Weather API
MP-Indore,2024-04-26,29.5,33.4,25.9,2.4,2.4,3.0,46,6.01,0.268,0.283,0.327,31.9,32.1,22.71792,75.8333,ERA5,Asia/Kolkata,Open-Meteo Historical Weather API
MP-Indore,2024-04-27,30.7,36.8,23.9,0.0,0.0,0.0,42,6.13,0.276,0.284,0.329,32.1,31.4,22.71792,75.8333,ERA5,Asia/Kolkata,Open-Meteo Historical Weather API
MP-Indore,2024-04-28,31.9,38.1,25.7,0.0,0.0,0.0,30,7.51,0.266,0.283,0.327,33.3,31.9,22.71792,75.8333,ERA5,Asia/Kolkata,Open-Meteo Historical Weather API
MP-Indore,2024-04-29,32.6,38.8,26.7,0.0,0.0,0.0,28,8.86,0.256,0.28,0.323,34.0,32.6,22.71792,75.8333,ERA5,Asia/Kolkata,Open-Meteo Historical Weather API
MP-Indore,2024-04-30,31.9,38.0,25.4,0.0,0.0,0.0,26,9.05,0.248,0.277,0.32,34.1,32.8,22.71792,75.8333,ERA5,Asia/Kolkata,Open-Meteo Historical Weather API
MP-Indore,2024-05-01,30.9,37.3,24.3,0.0,0.0,0.0,22,9.48,0.246,0.277,0.319,33.2,32.5,22.71792,75.8333,ERA5,Asia/Kolkata,Open-Meteo Historical Weather API
MP-Indore,2024-05-02,30.3,36.8,23.2,0.0,0.0,0.0,21,8.08,0.248,0.276,0.318,32.9,32.2,22.71792,75.8333,ERA5,Asia/Kolkata,Open-Meteo Historical Weather API
MP-Indore,2024-05-03,31.3,38.5,24.4,0.0,0.0,0.0,20,8.04,0.246,0.276,0.317,33.5,32.2,22.71792,75.8333,ERA5,Asia/Kolkata,Open-Meteo Historical Weather API
MP-Indore,2024-05-04,32.5,38.9,24.7,0.0,0.0,0.0,25,9.26,0.243,0.275,0.314,34.0,32.7,22.71792,75.8333,ERA5,Asia/Kolkata,Open-Meteo Historical Weather API
MP-Indore,2024-05-05,31.9,36.4,27.4,0.0,0.0,0.0,34,8.53,0.239,0.273,0.312,33.7,33.1,22.71792,75.8333,ERA5,Asia/Kolkata,Open-Meteo Historical Weather API
MP-Indore,2024-05-06,32.5,37.8,26.9,0.0,0.0,0.0,38,8.36,0.239,0.273,0.312,34.5,33.0,22.71792,75.8333,ERA5,Asia/Kolkata,Open-Meteo Historical Weather API
MP-Indore,2024-05-07,32.8,38.8,26.0,0.0,0.0,0.0,37,7.65,0.241,0.275,0.314,35.1,33.5,22.71792,75.8333,ERA5,Asia/Kolkata,Open-Meteo Historical Weather API
MP-Indore,2024-05-08,32.7,38.7,27.9,0.3,0.3,1.0,39,7.36,0.24,0.277,0.316,35.4,34.2,22.71792,75.8333,ERA5,Asia/Kolkata,Open-Meteo Historical Weather API
MP-Indore,2024-05-09,32.9,38.7,27.5,0.0,0.0,0.0,37,8.59,0.241,0.277,0.315,35.3,34.4,22.71792,75.8333,ERA5,Asia/Kolkata,Open-Meteo Historical Weather API
MP-Indore,2024-05-10,32.5,39.4,27.0,0.1,0.1,1.0,42,7.95,0.245,0.281,0.318,35.0,34.3,22.71792,75.8333,ERA5,Asia/Kolkata,Open-Meteo Historical Weather API
MP-Indore,2024-05-11,32.3,37.3,26.9,0.0,0.0,0.0,42,7.12,0.253,0.288,0.326,35.1,34.3,22.71792,75.8333,ERA5,Asia/Kolkata,Open-Meteo Historical Weather API
MP-Indore,2024-05-12,32.7,38.2,28.0,0.1,0.1,1.0,41,6.97,0.254,0.294,0.33,35.2,34.5,22.71792,75.8333,ERA5,Asia/Kolkata,Open-Meteo Historical Weather API
MP-Indore,2024-05-13,31.1,37.5,26.3,1.7,1.7,6.0,45,7.09,0.262,0.3,0.336,34.0,34.1,22.71792,75.8333,ERA5,Asia/Kolkata,Open-Meteo Historical Weather API
MP-Indore,2024-05-14,30.9,37.3,24.4,0.1,0.1,1.0,40,6.87,0.268,0.301,0.337,33.0,33.3,22.71792,75.8333,ERA5,Asia/Kolkata,Open-Meteo Historical Weather API
MP-Indore,2024-05-15,31.6,37.3,25.5,0.0,0.0,0.0,40,5.37,0.271,0.305,0.341,33.2,32.9,22.71792,75.8333,ERA5,Asia/Kolkata,Open-Meteo Historical Weather API
MP-Indore,2024-05-16,33.1,39.3,25.8,0.0,0.0,0.0,38,6.75,0.268,0.301,0.338,34.4,33.0,22.71792,75.8333,ERA5,Asia/Kolkata,Open-Meteo Historical Weather API
MP-Indore,2024-05-17,33.1,39.0,27.3,0.0,0.0,0.0,35,6.99,0.26,0.3,0.338,34.8,33.5,22.71792,75.8333,ERA5,Asia/Kolkata,Open-Meteo Historical Weather API
MP-Indore,2024-05-18,33.6,39.9,28.1,0.8,0.8,1.0,37,7.11,0.261,0.298,0.337,35.0,33.8,22.71792,75.8333,ERA5,Asia/Kolkata,Open-Meteo Historical Weather API
MP-Indore,2024-05-19,35.1,41.0,30.0,0.0,0.0,0.0,32,7.46,0.267,0.294,0.334,36.1,34.2,22.71792,75.8333,ERA5,Asia/Kolkata,Open-Meteo Historical Weather API
MP-Indore,2024-05-20,34.6,41.0,28.6,1.5,1.5,3.0,33,6.61,0.264,0.294,0.333,35.6,34.4,22.71792,75.8333,ERA5,Asia/Kolkata,Open-Meteo Historical Weather API
MP-Indore,2024-05-21,35.3,41.1,29.2,0.0,0.0,0.0,31,7.5,0.265,0.295,0.334,36.0,34.6,22.71792,75.8333,ERA5,Asia/Kolkata,Open-Meteo Historical Weather API
MP-Indore,2024-05-22,35.8,41.7,30.4,0.0,0.0,0.0,31,7.35,0.253,0.291,0.331,36.5,34.9,22.71792,75.8333,ERA5,Asia/Kolkata,Open-Meteo Historical Weather API
MP-Indore,2024-05-23,36.4,42.0,31.0,0.0,0.0,0.0,33,8.46,0.246,0.289,0.329,37.4,35.5,22.71792,75.8333,ERA5,Asia/Kolkata,Open-Meteo Historical Weather API
MP-Indore,2024-05-24,37.1,43.4,31.2,0.0,0.0,0.0,29,8.87,0.244,0.287,0.327,38.2,36.2,22.71792,75.8333,ERA5,Asia/Kolkata,Open-Meteo Historical Weather API
MP-Indore,2024-05-25,36.3,41.8,31.6,0.0,0.0,0.0,32,8.53,0.238,0.284,0.324,38.1,36.5,22.71792,75.8333,ERA5,Asia/Kolkata,Open-Meteo Historical Weather API
MP-Indore,2024-05-26,35.3,41.5,30.4,0.0,0.0,0.0,42,9.48,0.238,0.283,0.322,37.4,36.2,22.71792,75.8333,ERA5,Asia/Kolkata,Open-Meteo Historical Weather API
MP-Indore,2024-05-27,35.6,41.6,30.6,0.0,0.0,0.0,43,10.11,0.237,0.282,0.32,37.5,36.2,22.71792,75.8333,ERA5,Asia/Kolkata,Open-Meteo Historical Weather API
MP-Indore,2024-05-28,33.9,40.3,27.9,0.0,0.0,0.0,49,9.75,0.235,0.278,0.316,36.6,35.7,22.71792,75.8333,ERA5,Asia/Kolkata,Open-Meteo Historical Weather API
MP-Indore,2024-05-29,33.0,39.6,27.4,0.0,0.0,0.0,52,8.85,0.234,0.277,0.315,36.0,35.2,22.71792,75.8333,ERA5,Asia/Kolkata,Open-Meteo Historical Weather API
MP-Indore,2024-05-30,33.0,39.1,26.8,0.0,0.0,0.0,50,8.19,0.234,0.277,0.314,36.2,35.0,22.71792,75.8333,ERA5,Asia/Kolkata,Open-Meteo Historical Weather API
MP-Indore,2024-05-31,33.1,39.3,27.1,0.0,0.0,0.0,49,8.28,0.233,0.275,0.312,36.2,35.1,22.71792,75.8333,ERA5,Asia/Kolkata,Open-Meteo Historical Weather API
MP-Indore,2024-06-01,32.9,38.9,27.3,0.0,0.0,0.0,45,8.44,0.232,0.276,0.311,36.0,35.0,22.71792,75.8333,ERA5,Asia/Kolkata,Open-Meteo Historical Weather API
MP-Indore,2024-06-02,32.9,39.0,26.7,0.0,0.0,0.0,44,8.08,0.232,0.275,0.31,36.1,35.1,22.71792,75.8333,ERA5,Asia/Kolkata,Open-Meteo Historical Weather API
MP-Indore,2024-06-03,33.0,39.1,28.9,0.0,0.0,0.0,41,7.95,0.233,0.277,0.311,36.1,35.3,22.71792,75.8333,ERA5,Asia/Kolkata,Open-Meteo Historical Weather API
MP-Indore,2024-06-04,32.3,38.4,27.7,1.6,1.6,5.0,48,7.32,0.243,0.282,0.316,35.3,35.2,22.71792,75.8333,ERA5,Asia/Kolkata,Open-Meteo Historical Weather API
MP-Indore,2024-06-05,31.4,36.9,26.4,0.0,0.0,0.0,52,7.11,0.261,0.293,0.325,34.6,34.9,22.71792,75.8333,ERA5,Asia/Kolkata,Open-Meteo Historical Weather API
MP-Indore,2024-06-06,33.0,38.1,27.7,0.0,0.0,0.0,48,7.25,0.258,0.295,0.327,35.5,34.8,22.71792,75.8333,ERA5,Asia/Kolkata,Open-Meteo Historical Weather API
MP-Indore,2024-06-07,33.5,39.5,29.7,0.0,0.0,0.0,43,7.85,0.253,0.293,0.325,36.2,35.2,22.71792,75.8333,ERA5,Asia/Kolkata,Open-Meteo Historical Weather API
MP-Indore,2024-06-08,30.0,34.8,25.9,0.4,0.4,3.0,58,4.03,0.257,0.302,0.333,33.3,34.6,22.71792,75.8333,ERA5,Asia/Kolkata,Open-Meteo Historical Weather API
MP-Indore,2024-06-09,31.4,38.0,26.2,1.2,1.2,4.0,54,6.53,0.261,0.302,0.334,33.9,33.6,22.71792,75.8333,ERA5,Asia/Kolkata,Open-Meteo Historical Weather API
MP-Indore,2024-06-10,29.5,33.2,25.2,0.0,0.0,0.0,62,3.93,0.269,0.304,0.336,31.6,33.1,22.71792,75.8333,ERA5,Asia/Kolkata,Open-Meteo Historical Weather API
MP-Indore,2024-06-11,29.1,34.1,26.3,0.0,0.0,0.0,64,3.71,0.273,0.311,0.342,30.8,31.9,22.71792,75.8333,ERA5,Asia/Kolkata,Open-Meteo Historical Weather API
MP-Indore,2024-06-12,30.2,35.3,26.3,0.8,0.8,1.0,58,6.62,0.271,0.309,0.342,32.0,32.1,22.71792,75.8333,ERA5,Asia/Kolkata,Open-Meteo Historical Weather API
MP-Indore,2024-06-13,30.1,35.1,24.8,0.5,0.5,1.0,59,6.39,0.275,0.312,0.344,32.2,32.5,22.71792,75.8333,ERA5,Asia/Kolkata,Open-Meteo Historical Weather API
MP-Indore,2024-06-14,30.4,36.0,26.1,3.1,3.1,3.0,60,5.9,0.278,0.308,0.343,32.7,32.5,22.71792,75.8333,ERA5,Asia/Kolkata,Open-Meteo Historical Weather API
MP-Indore,2024-06-15,29.6,34.5,27.1,4.8,4.8,3.0,65,5.21,0.294,0.304,0.341,32.2,32.3,22.71792,75.8333,ERA5,Asia/Kolkata,Open-Meteo Historical Weather API
MP-Indore,2024-06-16,30.3,35.6,26.5,5.7,5.7,3.0,66,5.69,0.334,0.304,0.341,32.4,32.1,22.71792,75.8333,ERA5,Asia/Kolkata,Open-Meteo Historical Weather API
MP-Indore,2024-06-17,30.8,34.8,28.3,1.2,1.2,4.0,62,6.12,0.356,0.307,0.339,32.8,32.3,22.71792,75.8333,ERA5,Asia/Kolkata,Open-Meteo Historical Weather API
MP-Indore,2024-06-18,30.2,35.5,26.6,2.4,2.4,8.0,66,5.93,0.359,0.308,0.339,32.0,32.1,22.71792,75.8333,ERA5,Asia/Kolkata,Open-Meteo Historical Weather API
MP-Indore,2024-06-19,29.8,35.1,25.3,0.4,0.4,4.0,67,5.41,0.349,0.305,0.336,31.2,31.4,22.71792,75.8333,ERA5,Asia/Kolkata,Open-Meteo Historical Weather API
MP-Indore,2024-06-20,29.6,34.1,25.2,2.1,2.1,6.0,70,4.63,0.339,0.299,0.331,31.1,31.1,22.71792,75.8333,ERA5,Asia/Kolkata,Open-Meteo Historical Weather API
MP-Indore,2024-06-21,27.9,32.9,25.0,4.6,4.6,8.0,75,3.75,0.354,0.3,0.331,30.2,30.6,22.71792,75.8333,ERA5,Asia/Kolkata,Open-Meteo Historical Weather API
MP-Indore,2024-06-22,28.2,31.4,25.8,8.2,8.2,13.0,75,2.94,0.39,0.311,0.332,29.5,30.1,22.71792,75.8333,ERA5,Asia/Kolkata,Open-Meteo Historical Weather API
MP-Indore,2024-06-23,28.5,34.3,24.6,17.7,17.7,19.0,79,3.58,0.434,0.345,0.329,29.6,29.6,22.71792,75.8333,ERA5,Asia/Kolkata,Open-Meteo Historical Weather API
MP-Indore,2024-06-24,27.4,31.6,24.4,19.3,19.3,22.0,84,2.83,0.495,0.415,0.331,29.1,29.5,22.71792,75.8333,ERA5,Asia/Kolkata,Open-Meteo Historical Weather API
MP-Indore,2024-06-25,27.0,30.3,24.8,39.2,39.2,22.0,89,2.35,0.504,0.482,0.344,28.7,29.1,22.71792,75.8333,ERA5,Asia/Kolkata,Open-Meteo Historical Weather API
MP-Indore,2024-06-26,29.5,33.6,26.1,3.4,3.4,14.0,79,4.27,0.491,0.488,0.357,30.3,29.4,22.71792,75.8333,ERA5,Asia/Kolkata,Open-Meteo Historical Weather API
MP-Indore,2024-06-27,28.4,32.8,26.2,3.8,3.8,6.0,80,4.15,0.477,0.474,0.36,30.1,30.0,22.71792,75.8333,ERA5,Asia/Kolkata,Open-Meteo Historical Weather API
MP-Indore,2024-06-28,27.6,31.4,25.7,4.4,4.4,12.0,84,2.95,0.479,0.468,0.362,29.0,29.5,22.71792,75.8333,ERA5,Asia/Kolkata,Open-Meteo Historical Weather API
MP-Indore,2024-06-29,27.0,30.4,25.0,5.0,5.0,15.0,83,3.45,0.479,0.468,0.364,28.3,28.8,22.71792,75.8333,ERA5,Asia/Kolkata,Open-Meteo Historical Weather API
MP-Indore,2024-06-30,25.8,27.4,24.3,20.7,20.7,24.0,91,1.55,0.499,0.484,0.368,27.1,28.0,22.71792,75.8333,ERA5,Asia/Kolkata,Open-Meteo Historical Weather API
MP-Indore,2024-07-01,25.2,26.4,24.0,58.4,58.4,24.0,92,1.11,0.51,0.514,0.421,26.1,27.0,22.71792,75.8333,ERA5,Asia/Kolkata,Open-Meteo Historical Weather API
MP-Indore,2024-07-02,25.1,26.4,23.5,2.7,2.7,12.0,89,1.49,0.496,0.499,0.45,25.6,26.4,22.71792,75.8333,ERA5,Asia/Kolkata,Open-Meteo Historical Weather API
MP-Indore,2024-07-03,26.9,29.8,24.4,1.8,1.8,14.0,83,3.27,0.487,0.49,0.454,27.1,26.6,22.71792,75.8333,ERA5,Asia/Kolkata,Open-Meteo Historical Weather API
MP-Indore,2024-07-04,26.4,28.6,24.8,6.5,6.5,20.0,87,2.42,0.488,0.484,0.455,27.1,27.1,22.71792,75.8333,ERA5,Asia/Kolkata,Open-Meteo Historical Weather API
MP-Indore,2024-07-05,25.2,26.0,24.2,40.5,40.5,24.0,94,1.19,0.511,0.509,0.473,26.1,26.7,22.71792,75.8333,ERA5,Asia/Kolkata,Open-Meteo Historical Weather API
MP-Indore,2024-07-06,26.0,29.0,24.1,2.5,2.5,13.0,88,2.57,0.497,0.504,0.489,26.5,26.4,22.71792,75.8333,ERA5,Asia/Kolkata,Open-Meteo Historical Weather API
MP-Indore,2024-07-07,27.6,30.9,24.5,0.7,0.7,6.0,82,3.34,0.481,0.492,0.488,27.7,27.1,22.71792,75.8333,ERA5,Asia/Kolkata,Open-Meteo Historical Weather API
MP-Indore,2024-07-08,27.2,29.9,25.4,6.8,6.8,5.0,83,2.93,0.476,0.482,0.486,28.2,27.6,22.71792,75.8333,ERA5,Asia/Kolkata,Open-Meteo Historical Weather API
MP-Indore,2024-07-09,27.4,30.4,24.7,25.2,25.2,15.0,85,2.71,0.499,0.494,0.488,28.4,27.8,22.71792,75.8333,ERA5,Asia/Kolkata,Open-Meteo Historical Weather API
MP-Indore,2024-07-10,27.1,29.3,25.1,7.6,7.6,9.0,85,3.07,0.499,0.509,0.5,28.1,27.8,22.71792,75.8333,ERA5,Asia/Kolkata,Open-Meteo Historical Weather API
MP-Indore,2024-07-11,27.5,30.5,25.0,1.9,1.9,9.0,82,3.21,0.488,0.5,0.5,27.9,27.7,22.71792,75.8333,ERA5,Asia/Kolkata,Open-Meteo Historical Weather API
MP-Indore,2024-07-12,27.0,30.0,25.0,9.4,9.4,12.0,85,2.85,0.49,0.495,0.498,27.8,27.5,22.71792,75.8333,ERA5,Asia/Kolkata,Open-Meteo Historical Weather API
MP-Indore,2024-07-13,27.0,30.8,24.5,2.8,2.8,9.0,82,3.21,0.495,0.502,0.498,27.4,27.2,22.71792,75.8333,ERA5,Asia/Kolkata,Open-Meteo Historical Weather API
MP-Indore,2024-07-14,26.9,30.4,24.4,11.3,11.3,23.0,85,3.22,0.496,0.498,0.495,27.7,27.4,22.71792,75.8333,ERA5,Asia/Kolkata,Open-Meteo Historical Weather API
MP-Indore,2024-07-15,26.6,29.7,24.4,17.8,17.8,24.0,88,1.93,0.506,0.513,0.501,27.3,27.3,22.71792,75.8333,ERA5,Asia/Kolkata,Open-Meteo Historical Weather API
MP-Indore,2024-07-16,27.2,30.6,25.4,28.4,28.4,20.0,87,2.98,0.502,0.512,0.511,28.1,27.4,22.71792,75.8333,ERA5,Asia/Kolkata,Open-Meteo Historical Weather API
MP-Indore,2024-07-17,26.4,27.9,25.3,4.3,4.3,12.0,89,2.13,0.5,0.501,0.512,27.6,27.5,22.71792,75.8333,ERA5,Asia/Kolkata,Open-Meteo Historical Weather API
MP-Indore,2024-07-18,26.9,29.9,24.4,2.2,2.2,16.0,83,2.84,0.492,0.489,0.506,27.5,27.2,22.71792,75.8333,ERA5,Asia/Kolkata,Open-Meteo Historical Weather API
MP-Indore,2024-07-19,26.8,31.2,24.4,1.3,1.3,8.0,84,3.19,0.479,0.481,0.502,27.6,27.3,22.71792,75.8333,ERA5,Asia/Kolkata,Open-Meteo Historical Weather API
MP-Indore,2024-07-20,27.0,30.1,24.2,0.5,0.5,4.0,83,3.31,0.466,0.472,0.498,27.8,27.4,22.71792,75.8333,ERA5,Asia/Kolkata,Open-Meteo Historical Weather API
MP-Indore,2024-07-21,26.7,29.3,24.8,3.8,3.8,18.0,86,2.7,0.472,0.467,0.494,27.5,27.4,22.71792,75.8333,ERA5,Asia/Kolkata,Open-Meteo Historical Weather API
MP-Indore,2024-07-22,25.7,27.7,24.7,11.7,11.7,19.0,92,1.82,0.497,0.486,0.494,26.7,27.1,22.71792,75.8333,ERA5,Asia/Kolkata,Open-Meteo Historical Weather API
MP-Indore,2024-07-23,25.0,26.2,24.1,16.4,16.4,22.0,94,0.96,0.5,0.501,0.497,25.7,26.3,22.71792,75.8333,ERA5,Asia/Kolkata,Open-Meteo Historical Weather API
MP-Indore,2024-07-24,24.7,27.7,23.6,9.7,9.7,19.0,95,1.63,0.509,0.513,0.503,25.7,25.9,22.71792,75.8333,ERA5,Asia/Kolkata,Open-Meteo Historical Weather API
MP-Indore,2024-07-25,24.7,26.2,23.7,14.3,14.3,22.0,95,1.21,0.505,0.51,0.506,25.5,25.7,22.71792,75.8333,ERA5,Asia/Kolkata,Open-Meteo Historical Weather API
MP-Indore,2024-07-26,24.5,26.1,23.8,15.8,15.8,24.0,97,1.0,0.513,0.515,0.513,25.3,25.6,22.71792,75.8333,ERA5,Asia/Kolkata,Open-Meteo Historical Weather API
MP-Indore,2024-07-27,24.1,24.5,23.6,96.2,96.2,24.0,98,0.6,0.513,0.512,0.517,24.9,25.3,22.71792,75.8333,ERA5,Asia/Kolkata,Open-Meteo Historical Weather API
MP-Indore,2024-07-28,24.4,25.7,23.8,15.9,15.9,24.0,96,0.98,0.51,0.503,0.514,25.1,25.1,22.71792,75.8333,ERA5,Asia/Kolkata,Open-Meteo Historical Weather API
MP-Indore,2024-07-29,24.8,28.5,23.9,17.6,17.6,22.0,96,1.24,0.508,0.502,0.515,25.4,25.3,22.71792,75.8333,ERA5,Asia/Kolkata,Open-Meteo Historical Weather API
MP-Indore,2024-07-30,25.3,28.3,23.5,2.0,2.0,8.0,91,2.27,0.491,0.49,0.51,25.7,25.5,22.71792,75.8333,ERA5,Asia/Kolkata,Open-Meteo Historical Weather API
MP-Indore,2024-07-31,26.4,29.5,24.0,2.4,2.4,16.0,85,3.18,0.481,0.48,0.506,26.6,26.0,22.71792,75.8333,ERA5,Asia/Kolkata,Open-Meteo Historical Weather API
MP-Indore,2024-08-01,25.1,27.3,24.1,9.4,9.4,16.0,90,1.75,0.485,0.475,0.502,25.9,26.1,22.71792,75.8333,ERA5,Asia/Kolkata,Open-Meteo Historical Weather API
MP-Indore,2024-08-02,23.8,24.5,23.2,31.6,31.6,21.0,96,0.79,0.509,0.508,0.51,24.7,25.3,22.71792,75.8333,ERA5,Asia/Kolkata,Open-Meteo Historical Weather API
MP-Indore,2024-08-03,24.3,25.8,23.1,127.0,127.0,24.0,96,0.93,0.51,0.503,0.517,24.7,24.9,22.71792,75.8333,ERA5,Asia/Kolkata,Open-Meteo Historical Weather API
MP-Indore,2024-08-04,24.3,26.2,23.6,20.3,20.3,24.0,95,1.01,0.508,0.501,0.514,24.8,24.9,22.71792,75.8333,ERA5,Asia/Kolkata,Open-Meteo Historical Weather API
MP-Indore,2024-08-05,24.9,27.3,23.8,4.9,4.9,17.0,92,1.98,0.501,0.498,0.517,25.3,25.0,22.71792,75.8333,ERA5,Asia/Kolkata,Open-Meteo Historical Weather API
MP-Indore,2024-08-06,25.4,28.0,23.7,1.3,1.3,10.0,86,3.51,0.482,0.479,0.51,25.9,25.5,22.71792,75.8333,ERA5,Asia/Kolkata,Open-Meteo Historical Weather API
MP-Indore,2024-08-07,25.6,28.7,23.4,1.7,1.7,11.0,84,2.87,0.473,0.47,0.502,25.9,25.8,22.71792,75.8333,ERA5,Asia/Kolkata,Open-Meteo Historical Weather API
MP-Indore,2024-08-08,25.0,26.6,23.7,2.9,2.9,17.0,86,2.77,0.479,0.467,0.494,25.9,25.8,22.71792,75.8333,ERA5,Asia/Kolkata,Open-Meteo Historical Weather API
MP-Indore,2024-08-09,24.0,25.5,23.1,9.3,9.3,22.0,95,0.82,0.492,0.476,0.486,24.7,25.3,22.71792,75.8333,ERA5,Asia/Kolkata,Open-Meteo Historical Weather API
MP-Indore,2024-08-10,23.9,25.9,23.2,15.1,15.1,20.0,95,0.72,0.506,0.507,0.486,24.3,24.7,22.71792,75.8333,ERA5,Asia/Kolkata,Open-Meteo Historical Weather API
MP-Indore,2024-08-11,24.9,28.2,23.0,1.2,1.2,10.0,89,1.82,0.495,0.502,0.488,24.9,24.6,22.71792,75.8333,ERA5,Asia/Kolkata,Open-Meteo Historical Weather API
MP-Indore,2024-08-12,24.8,27.0,23.6,2.5,2.5,13.0,91,2.39,0.488,0.495,0.485,25.5,25.1,22.71792,75.8333,ERA5,Asia/Kolkata,Open-Meteo Historical Weather API
MP-Indore,2024-08-13,25.3,28.7,23.5,0.2,0.2,2.0,89,2.67,0.478,0.487,0.48,25.8,25.6,22.71792,75.8333,ERA5,Asia/Kolkata,Open-Meteo Historical Weather API
MP-Indore,2024-08-14,26.7,30.0,23.7,0.9,0.9,7.0,85,3.53,0.468,0.479,0.474,27.0,26.0,22.71792,75.8333,ERA5,Asia/Kolkata,Open-Meteo Historical Weather API
MP-Indore,2024-08-15,26.4,28.9,24.6,1.5,1.5,10.0,84,3.09,0.463,0.471,0.469,26.9,26.5,22.71792,75.8333,ERA5,Asia/Kolkata,Open-Meteo Historical Weather API
MP-Indore,2024-08-16,26.2,28.9,23.7,2.4,2.4,13.0,84,3.46,0.467,0.466,0.464,26.9,26.4,22.71792,75.8333,ERA5,Asia/Kolkata,Open-Meteo Historical Weather API
MP-Indore,2024-08-17,26.8,30.3,23.6,0.4,0.4,4.0,82,3.67,0.456,0.46,0.459,27.2,26.5,22.71792,75.8333,ERA5,Asia/Kolkata,Open-Meteo Historical Weather API
MP-Indore,2024-08-18,27.1,30.7,23.9,0.5,0.5,5.0,82,3.67,0.445,0.454,0.454,27.6,26.8,22.71792,75.8333,ERA5,Asia/Kolkata,Open-Meteo Historical Weather API
MP-Indore,2024-08-19,27.7,31.2,24.3,0.7,0.7,6.0,80,4.34,0.437,0.447,0.449,28.1,27.1,22.71792,75.8333,ERA5,Asia/Kolkata,Open-Meteo Historical Weather API
MP-Indore,2024-08-20,26.9,30.9,24.6,1.0,1.0,8.0,83,3.77,0.429,0.439,0.445,28.0,27.5,22.71792,75.8333,ERA5,Asia/Kolkata,Open-Meteo Historical Weather API
MP-Indore,2024-08-21,26.5,29.8,23.6,3.5,3.5,13.0,87,2.89,0.444,0.434,0.441,27.5,27.3,22.71792,75.8333,ERA5,Asia/Kolkata,Open-Meteo Historical Weather API
MP-Indore,2024-08-22,27.2,31.2,24.3,10.6,10.6,17.0,84,3.49,0.466,0.438,0.437,28.1,27.4,22.71792,75.8333,ERA5,Asia/Kolkata,Open-Meteo Historical Weather API
MP-Indore,2024-08-23,24.7,26.3,23.4,22.9,22.9,24.0,93,1.6,0.499,0.477,0.435,26.4,27.0,22.71792,75.8333,ERA5,Asia/Kolkata,Open-Meteo Historical Weather API
MP-Indore,2024-08-24,24.2,25.7,23.0,38.4,38.4,24.0,95,1.31,0.508,0.508,0.452,25.4,26.0,22.71792,75.8333,ERA5,Asia/Kolkata,Open-Meteo Historical Weather API
MP-Indore,2024-08-25,23.3,24.3,22.5,41.6,41.6,24.0,98,0.48,0.508,0.516,0.484,24.5,25.3,22.71792,75.8333,ERA5,Asia/Kolkata,Open-Meteo Historical Weather API
MP-Indore,2024-08-26,23.3,25.0,22.3,24.0,24.0,24.0,96,1.08,0.507,0.509,0.516,24.1,24.7,22.71792,75.8333,ERA5,Asia/Kolkata,Open-Meteo Historical Weather API
MP-Indore,2024-08-27,24.8,29.1,21.9,2.3,2.3,9.0,87,3.43,0.491,0.49,0.513,25.1,24.8,22.71792,75.8333,ERA5,Asia/Kolkata,Open-Meteo Historical Weather API
MP-Indore,2024-08-28,24.6,27.8,22.4,2.7,2.7,8.0,87,2.27,0.481,0.476,0.508,24.9,25.1,22.71792,75.8333,ERA5,Asia/Kolkata,Open-Meteo Historical Weather API
MP-Indore,2024-08-29,25.7,29.2,22.9,1.0,1.0,7.0,84,3.59,0.475,0.472,0.504,25.9,25.3,22.71792,75.8333,ERA5,Asia/Kolkata,Open-Meteo Historical Weather API
MP-Indore,2024-08-30,25.7,29.8,22.9,3.5,3.5,5.0,85,2.73,0.466,0.464,0.498,26.3,25.8,22.71792,75.8333,ERA5,Asia/Kolkata,Open-Meteo Historical Weather API
MP-Indore,2024-08-31,26.1,30.1,23.2,2.6,2.6,5.0,84,3.84,0.47,0.461,0.492,26.6,26.1,22.71792,75.8333,ERA5,Asia/Kolkata,Open-Meteo Historical Weather API
MP-Indore,2024-09-01,25.7,29.3,23.9,13.0,13.0,19.0,87,2.83,0.488,0.472,0.487,26.3,26.2,22.71792,75.8333,ERA5,Asia/Kolkata,Open-Meteo Historical Weather API
MP-Indore,2024-09-02,25.5,28.5,23.6,22.6,22.6,22.0,91,2.09,0.505,0.5,0.488,26.3,25.9,22.71792,75.8333,ERA5,Asia/Kolkata,Open-Meteo Historical Weather API
MP-Indore,2024-09-03,25.5,27.5,23.8,15.7,15.7,17.0,91,1.94,0.504,0.51,0.496,26.1,25.9,22.71792,75.8333,ERA5,Asia/Kolkata,Open-Meteo Historical Weather API
MP-Indore,2024-09-04,25.6,28.4,23.8,2.1,2.1,5.0,86,2.8,0.492,0.501,0.499,26.3,25.8,22.71792,75.8333,ERA5,Asia/Kolkata,Open-Meteo Historical Weather API
MP-Indore,2024-09-05,25.5,29.0,23.1,1.6,1.6,12.0,86,3.54,0.48,0.487,0.497,26.3,26.0,22.71792,75.8333,ERA5,Asia/Kolkata,Open-Meteo Historical Weather API
MP-Indore,2024-09-06,25.2,27.8,23.4,7.1,7.1,14.0,91,2.04,0.487,0.481,0.493,25.9,25.9,22.71792,75.8333,ERA5,Asia/Kolkata,Open-Meteo Historical Weather API
MP-Indore,2024-09-07,25.3,28.1,22.8,11.2,11.2,24.0,90,2.38,0.499,0.491,0.49,25.8,25.6,22.71792,75.8333,ERA5,Asia/Kolkata,Open-Meteo Historical Weather API
MP-Indore,2024-09-08,25.7,30.0,23.2,1.2,1.2,7.0,86,2.45,0.495,0.5,0.489,25.7,25.5,22.71792,75.8333,ERA5,Asia/Kolkata,Open-Meteo Historical Weather API
MP-Indore,2024-09-09,25.4,28.1,23.6,8.1,8.1,12.0,90,1.26,0.495,0.497,0.487,25.3,25.3,22.71792,75.8333,ERA5,Asia/Kolkata,Open-Meteo Historical Weather API
MP-Indore,2024-09-10,25.0,27.2,23.6,21.7,21.7,24.0,93,1.78,0.505,0.513,0.494,25.3,25.1,22.71792,75.8333,ERA5,Asia/Kolkata,Open-Meteo Historical Weather API
MP-Indore,2024-09-11,24.5,26.4,23.4,15.1,15.1,22.0,93,1.36,0.504,0.511,0.504,25.0,25.1,22.71792,75.8333,ERA5,Asia/Kolkata,Open-Meteo Historical Weather API
MP-Indore,2024-09-12,25.3,27.6,23.4,0.6,0.6,6.0,84,3.0,0.486,0.496,0.506,25.5,25.2,22.71792,75.8333,ERA5,Asia/Kolkata,Open-Meteo Historical Weather API
MP-Indore,2024-09-13,25.2,28.7,22.8,0.2,0.2,2.0,80,3.9,0.471,0.481,0.502,25.9,25.5,22.71792,75.8333,ERA5,Asia/Kolkata,Open-Meteo Historical Weather API
MP-Indore,2024-09-14,24.8,28.6,21.3,1.8,1.8,9.0,81,3.79,0.463,0.47,0.497,25.4,25.3,22.71792,75.8333,ERA5,Asia/Kolkata,Open-Meteo Historical Weather API
MP-Indore,2024-09-15,24.7,28.3,21.2,4.0,4.0,12.0,81,3.45,0.463,0.463,0.491,25.2,25.1,22.71792,75.8333,ERA5,Asia/Kolkata,Open-Meteo Historical Weather API
MP-Indore,2024-09-16,25.5,29.8,21.9,0.2,0.2,2.0,76,4.36,0.455,0.458,0.485,25.8,25.2,22.71792,75.8333,ERA5,Asia/Kolkata,Open-Meteo Historical Weather API
MP-Indore,2024-09-17,25.1,29.7,21.5,0.0,0.0,0.0,78,3.47,0.441,0.451,0.48,25.4,25.1,22.71792,75.8333,ERA5,Asia/Kolkata,Open-Meteo Historical Weather API
MP-Indore,2024-09-18,25.8,30.4,23.2,0.5,0.5,4.0,76,4.15,0.431,0.444,0.475,25.8,25.2,22.71792,75.8333,ERA5,Asia/Kolkata,Open-Meteo Historical Weather API
MP-Indore,2024-09-19,26.4,30.7,23.0,0.4,0.4,4.0,79,4.2,0.422,0.436,0.469,26.5,25.7,22.71792,75.8333,ERA5,Asia/Kolkata,Open-Meteo Historical Weather API
MP-Indore,2024-09-20,26.8,30.6,23.3,0.9,0.9,5.0,77,4.28,0.412,0.427,0.464,27.0,26.1,22.71792,75.8333,ERA5,Asia/Kolkata,Open-Meteo Historical Weather API
MP-Indore,2024-09-21,26.9,30.7,23.4,1.0,1.0,7.0,80,3.95,0.407,0.419,0.459,27.2,26.3,22.71792,75.8333,ERA5,Asia/Kolkata,Open-Meteo Historical Weather API
MP-Indore,2024-09-22,27.6,31.9,24.2,1.1,1.1,8.0,80,4.11,0.403,0.412,0.454,27.9,26.8,22.71792,75.8333,ERA5,Asia/Kolkata,Open-Meteo Historical Weather API
MP-Indore,2024-09-23,27.8,32.6,24.9,1.6,1.6,2.0,80,4.23,0.394,0.406,0.449,28.4,27.3,22.71792,75.8333,ERA5,Asia/Kolkata,Open-Meteo Historical Weather API
MP-Indore,2024-09-24,27.3,32.4,24.0,8.8,8.8,13.0,84,3.5,0.404,0.401,0.445,28.3,27.6,22.71792,75.8333,ERA5,Asia/Kolkata,Open-Meteo Historical Weather API
MP-Indore,2024-09-25,26.5,30.7,23.9,19.3,19.3,16.0,86,3.13,0.49,0.42,0.441,28.1,27.6,22.71792,75.8333,ERA5,Asia/Kolkata,Open-Meteo Historical Weather API
MP-Indore,2024-09-26,26.0,29.9,23.9,8.5,8.5,20.0,87,2.99,0.491,0.468,0.438,27.4,27.3,22.71792,75.8333,ERA5,Asia/Kolkata,Open-Meteo Historical Weather API
MP-Indore,2024-09-27,25.6,29.0,23.9,6.1,6.1,21.0,89,2.17,0.495,0.478,0.438,26.9,26.9,22.71792,75.8333,ERA5,Asia/Kolkata,Open-Meteo Historical Weather API
MP-Indore,2024-09-28,24.4,26.9,23.4,36.6,36.6,20.0,94,0.99,0.506,0.507,0.457,25.7,26.2,22.71792,75.8333,ERA5,Asia/Kolkata,Open-Meteo Historical Weather API
MP-Indore,2024-09-29,25.1,29.0,23.2,7.2,7.2,17.0,90,2.36,0.502,0.504,0.472,26.0,25.8,22.71792,75.8333,ERA5,Asia/Kolkata,Open-Meteo Historical Weather API
MP-Indore,2024-09-30,25.7,29.4,23.3,0.4,0.4,4.0,85,2.88,0.488,0.495,0.475,26.5,25.9,22.71792,75.8333,ERA5,Asia/Kolkata,Open-Meteo Historical Weather API
MP-Indore,2024-10-01,27.3,31.9,23.1,0.5,0.5,4.0,80,4.08,0.474,0.484,0.474,27.5,26.4,22.71792,75.8333,ERA5,Asia/Kolkata,Open-Meteo Historical Weather API
MP-Indore,2024-10-02,28.2,33.3,24.3,0.0,0.0,0.0,76,4.72,0.458,0.473,0.471,28.2,27.1,22.71792,75.8333,ERA5,Asia/Kolkata,Open-Meteo Historical Weather API
MP-Indore,2024-10-03,27.4,31.7,24.3,0.0,0.0,0.0,79,4.58,0.443,0.462,0.468,28.1,27.3,22.71792,75.8333,ERA5,Asia/Kolkata,Open-Meteo Historical Weather API
MP-Indore,2024-10-04,26.5,31.6,22.9,0.0,0.0,0.0,78,4.22,0.429,0.452,0.465,27.5,26.8,22.71792,75.8333,ERA5,Asia/Kolkata,Open-Meteo Historical Weather API
MP-Indore,2024-10-05,26.2,31.4,22.5,0.0,0.0,0.0,76,4.57,0.416,0.442,0.462,27.5,26.6,22.71792,75.8333,ERA5,Asia/Kolkata,Open-Meteo Historical Weather API
MP-Indore,2024-10-06,26.1,32.0,21.6,0.0,0.0,0.0,71,4.33,0.405,0.431,0.458,27.0,26.4,22.71792,75.8333,ERA5,Asia/Kolkata,Open-Meteo Historical Weather API
MP-Indore,2024-10-07,26.7,32.0,22.2,0.0,0.0,0.0,69,4.24,0.392,0.421,0.454,26.7,26.2,22.71792,75.8333,ERA5,Asia/Kolkata,Open-Meteo Historical Weather API
MP-Indore,2024-10-08,27.0,32.2,22.4,0.0,0.0,0.0,68,4.47,0.382,0.412,0.45,27.1,26.2,22.71792,75.8333,ERA5,Asia/Kolkata,Open-Meteo Historical Weather API
MP-Indore,2024-10-09,26.7,31.6,23.1,0.0,0.0,0.0,69,3.97,0.37,0.403,0.446,27.1,26.5,22.71792,75.8333,ERA5,Asia/Kolkata,Open-Meteo Historical Weather API
MP-Indore,2024-10-10,26.1,29.7,23.3,1.2,1.2,3.0,76,3.37,0.365,0.397,0.443,26.9,26.7,22.71792,75.8333,ERA5,Asia/Kolkata,Open-Meteo Historical Weather API
MP-Indore,2024-10-11,25.6,29.8,23.0,5.0,5.0,6.0,76,3.04,0.381,0.392,0.44,26.3,26.4,22.71792,75.8333,ERA5,Asia/Kolkata,Open-Meteo Historical Weather API
MP-Indore,2024-10-12,24.8,28.8,21.4,24.6,24.6,23.0,84,2.24,0.486,0.43,0.438,25.5,25.5,22.71792,75.8333,ERA5,Asia/Kolkata,Open-Meteo Historical Weather API
MP-Indore,2024-10-13,25.1,29.3,23.4,10.3,10.3,11.0,86,2.5,0.486,0.469,0.437,26.0,25.6,22.71792,75.8333,ERA5,Asia/Kolkata,Open-Meteo Historical Weather API
MP-Indore,2024-10-14,25.3,29.9,22.3,16.7,16.7,14.0,85,2.47,0.504,0.501,0.442,26.2,25.8,22.71792,75.8333,ERA5,Asia/Kolkata,Open-Meteo Historical Weather API
MP-Indore,2024-10-15,26.0,31.1,23.2,5.3,5.3,10.0,85,3.36,0.495,0.496,0.447,27.0,26.2,22.71792,75.8333,ERA5,Asia/Kolkata,Open-Meteo Historical Weather API
MP-Indore,2024-10-16,26.6,31.6,23.1,0.2,0.2,2.0,77,3.85,0.482,0.488,0.448,27.3,26.5,22.71792,75.8333,ERA5,Asia/Kolkata,Open-Meteo Historical Weather API
MP-Indore,2024-10-17,26.4,31.8,22.4,0.0,0.0,0.0,67,4.61,0.461,0.475,0.447,26.8,26.4,22.71792,75.8333,ERA5,Asia/Kolkata,Open-Meteo Historical Weather API
MP-Indore,2024-10-18,26.2,31.2,23.4,0.2,0.2,2.0,68,3.41,0.447,0.463,0.444,26.5,26.1,22.71792,75.8333,ERA5,Asia/Kolkata,Open-Meteo Historical Weather API
MP-Indore,2024-10-19,25.8,30.4,23.3,10.3,10.3,7.0,80,3.24,0.465,0.463,0.442,26.6,26.1,22.71792,75.8333,ERA5,Asia/Kolkata,Open-Meteo Historical Weather API
MP-Indore,2024-10-20,25.0,28.7,22.6,6.0,6.0,12.0,83,3.19,0.494,0.483,0.442,26.3,26.0,22.71792,75.8333,ERA5,Asia/Kolkata,Open-Meteo Historical Weather API
MP-Indore,2024-10-21,25.2,30.0,21.3,0.0,0.0,0.0,81,2.97,0.474,0.478,0.442,26.2,25.7,22.71792,75.8333,ERA5,Asia/Kolkata,Open-Meteo Historical Weather API
MP-Indore,2024-10-22,25.2,30.5,22.2,2.1,2.1,7.0,80,3.38,0.466,0.47,0.441,26.2,25.9,22.71792,75.8333,ERA5,Asia/Kolkata,Open-Meteo Historical Weather API
MP-Indore,2024-10-23,25.2,30.8,21.7,0.3,0.3,3.0,74,3.79,0.462,0.464,0.44,26.0,25.9,22.71792,75.8333,ERA5,Asia/Kolkata,Open-Meteo Historical Weather API
MP-Indore,2024-10-24,24.4,30.1,20.3,0.0,0.0,0.0,65,4.5,0.443,0.455,0.437,25.0,25.4,22.71792,75.8333,ERA5,Asia/Kolkata,Open-Meteo Historical Weather API
MP-Indore,2024-10-25,24.2,30.9,18.0,0.0,0.0,0.0,62,4.6,0.423,0.444,0.433,24.5,24.7,22.71792,75.8333,ERA5,Asia/Kolkata,Open-Meteo Historical Weather API
MP-Indore,2024-10-26,24.7,31.9,17.9,0.0,0.0,0.0,62,4.61,0.406,0.431,0.428,24.6,24.6,22.71792,75.8333,ERA5,Asia/Kolkata,Open-Meteo Historical Weather API
MP-Indore,2024-10-27,25.2,32.4,18.1,0.0,0.0,0.0,63,4.68,0.39,0.417,0.422,24.9,24.7,22.71792,75.8333,ERA5,Asia/Kolkata,Open-Meteo Historical Weather API
MP-Indore,2024-10-28,25.0,31.8,19.4,0.0,0.0,0.0,67,4.4,0.376,0.407,0.418,25.2,24.9,22.71792,75.8333,ERA5,Asia/Kolkata,Open-Meteo Historical Weather API
MP-Indore,2024-10-29,25.4,31.7,19.5,0.0,0.0,0.0,66,4.22,0.363,0.398,0.414,25.4,25.1,22.71792,75.8333,ERA5,Asia/Kolkata,Open-Meteo Historical Weather API
MP-Indore,2024-10-30,25.8,32.4,19.9,0.0,0.0,0.0,62,4.35,0.354,0.389,0.41,25.4,25.2,22.71792,75.8333,ERA5,Asia/Kolkata,Open-Meteo Historical Weather API
MP-Indore,2024-10-31,25.3,32.6,18.8,0.0,0.0,0.0,61,4.25,0.342,0.382,0.407,25.0,25.0,22.71792,75.8333,ERA5,Asia/Kolkata,Open-Meteo Historical Weather API
MP-Indore,2024-11-01,25.3,32.2,20.0,0.0,0.0,0.0,61,4.34,0.333,0.375,0.404,25.2,25.1,22.71792,75.8333,ERA5,Asia/Kolkata,Open-Meteo Historical Weather API
MP-Indore,2024-11-02,24.8,32.2,18.9,0.0,0.0,0.0,61,4.18,0.322,0.368,0.402,25.1,25.1,22.71792,75.8333,ERA5,Asia/Kolkata,Open-Meteo Historical Weather API
MP-Indore,2024-11-03,24.5,31.4,18.7,0.0,0.0,0.0,63,3.94,0.313,0.363,0.4,24.8,25.0,22.71792,75.8333,ERA5,Asia/Kolkata,Open-Meteo Historical Weather API
MP-Indore,2024-11-04,24.3,31.4,18.3,0.0,0.0,0.0,63,4.03,0.306,0.358,0.398,24.9,25.0,22.71792,75.8333,ERA5,Asia/Kolkata,Open-Meteo Historical Weather API
MP-Indore,2024-11-05,23.7,31.3,17.9,0.0,0.0,0.0,59,4.45,0.299,0.352,0.395,24.2,24.7,22.71792,75.8333,ERA5,Asia/Kolkata,Open-Meteo Historical Weather API
MP-Indore,2024-11-06,23.6,30.6,17.6,0.0,0.0,0.0,57,4.41,0.291,0.345,0.392,24.3,24.6,22.71792,75.8333,ERA5,Asia/Kolkata,Open-Meteo Historical Weather API
MP-Indore,2024-11-07,23.5,30.6,17.5,0.0,0.0,0.0,63,4.08,0.288,0.343,0.392,24.3,24.6,22.71792,75.8333,ERA5,Asia/Kolkata,Open-Meteo Historical Weather API
MP-Indore,2024-11-08,23.9,31.0,18.2,0.0,0.0,0.0,63,4.02,0.286,0.342,0.394,24.3,24.6,22.71792,75.8333,ERA5,Asia/Kolkata,Open-Meteo Historical Weather API
MP-Indore,2024-11-09,23.3,30.6,17.7,0.0,0.0,0.0,62,4.32,0.281,0.336,0.391,23.9,24.5,22.71792,75.8333,ERA5,Asia/Kolkata,Open-Meteo Historical Weather API
MP-Indore,2024-11-10,23.2,30.6,16.9,0.0,0.0,0.0,59,4.3,0.276,0.332,0.389,23.9,24.3,22.71792,75.8333,ERA5,Asia/Kolkata,Open-Meteo Historical Weather API
MP-Indore,2024-11-11,23.2,30.1,16.9,0.0,0.0,0.0,60,4.08,0.273,0.329,0.388,23.8,24.3,22.71792,75.8333,ERA5,Asia/Kolkata,Open-Meteo Historical Weather API
MP-Indore,2024-11-12,23.1,29.7,18.0,0.0,0.0,0.0,60,3.68,0.273,0.328,0.387,23.3,24.1,22.71792,75.8333,ERA5,Asia/Kolkata,Open-Meteo Historical Weather API
MP-Indore,2024-11-13,22.4,29.2,17.3,0.0,0.0,0.0,63,3.96,0.271,0.325,0.386,22.9,23.8,22.71792,75.8333,ERA5,Asia/Kolkata,Open-Meteo Historical Weather API
MP-Indore,2024-11-14,21.7,28.8,15.9,0.0,0.0,0.0,59,4.21,0.268,0.323,0.385,22.7,23.5,22.71792,75.8333,ERA5,Asia/Kolkata,Open-Meteo Historical Weather API
MP-Indore,2024-11-15,22.3,28.9,16.1,0.0,0.0,0.0,56,3.86,0.266,0.321,0.384,22.5,23.2,22.71792,75.8333,ERA5,Asia/Kolkata,Open-Meteo Historical Weather API
MP-Indore,2024-11-16,22.2,28.6,16.6,0.0,0.0,0.0,58,3.61,0.265,0.319,0.383,22.5,23.0,22.71792,75.8333,ERA5,Asia/Kolkata,Open-Meteo Historical Weather API
MP-Indore,2024-11-17,22.1,28.7,16.8,0.0,0.0,0.0,58,3.93,0.264,0.318,0.382,22.5,23.1,22.71792,75.8333,ERA5,Asia/Kolkata,Open-Meteo Historical Weather API
MP-Indore,2024-11-18,21.8,27.7,16.9,0.0,0.0,0.0,58,3.86,0.263,0.317,0.381,22.2,22.9,22.71792,75.8333,ERA5,Asia/Kolkata,Open-Meteo Historical Weather API
MP-Indore,2024-11-19,20.7,27.1,14.9,0.0,0.0,0.0,62,3.54,0.262,0.315,0.38,22.1,22.7,22.71792,75.8333,ERA5,Asia/Kolkata,Open-Meteo Historical Weather API
MP-Indore,2024-11-20,19.7,26.4,14.5,0.0,0.0,0.0,55,3.78,0.261,0.313,0.379,21.5,22.5,22.71792,75.8333,ERA5,Asia/Kolkata,Open-Meteo Historical Weather API
MP-Indore,2024-11-21,18.7,25.9,12.7,0.0,0.0,0.0,55,3.76,0.261,0.312,0.378,20.7,22.0,22.71792,75.8333,ERA5,Asia/Kolkata,Open-Meteo Historical Weather API
MP-Indore,2024-11-22,18.5,25.8,12.2,0.0,0.0,0.0,56,3.73,0.261,0.312,0.378,20.4,21.5,22.71792,75.8333,ERA5,Asia/Kolkata,Open-Meteo Historical Weather API
MP-Indore,2024-11-23,18.6,26.3,12.5,0.0,0.0,0.0,62,3.53,0.261,0.311,0.377,20.4,21.3,22.71792,75.8333,ERA5,Asia/Kolkata,Open-Meteo Historical Weather API
MP-Indore,2024-11-24,19.0,26.4,12.8,0.0,0.0,0.0,66,3.54,0.261,0.31,0.377,20.5,21.4,22.71792,75.8333,ERA5,Asia/Kolkata,Open-Meteo Historical Weather API
MP-Indore,2024-11-25,19.0,26.9,13.0,0.0,0.0,0.0,60,3.76,0.258,0.308,0.374,20.3,21.2,22.71792,75.8333,ERA5,Asia/Kolkata,Open-Meteo Historical Weather API
MP-Indore,2024-11-26,19.3,27.0,11.9,0.0,0.0,0.0,54,3.97,0.257,0.306,0.373,20.2,21.0,22.71792,75.8333,ERA5,Asia/Kolkata,Open-Meteo Historical Weather API
MP-Indore,2024-11-27,19.4,27.3,12.8,0.0,0.0,0.0,54,3.84,0.256,0.304,0.371,20.3,21.0,22.71792,75.8333,ERA5,Asia/Kolkata,Open-Meteo Historical Weather API
MP-Indore,2024-11-28,19.2,26.1,12.5,0.0,0.0,0.0,59,3.76,0.255,0.301,0.369,20.3,20.9,22.71792,75.8333,ERA5,Asia/Kolkata,Open-Meteo Historical Weather API
MP-Indore,2024-11-29,18.1,24.6,12.9,0.0,0.0,0.0,54,3.86,0.255,0.299,0.366,19.8,20.8,22.71792,75.8333,ERA5,Asia/Kolkata,Open-Meteo Historical Weather API
MP-Indore,2024-11-30,17.7,24.8,12.5,0.0,0.0,0.0,57,3.73,0.256,0.297,0.365,19.4,20.4,22.71792,75.8333,ERA5,Asia/Kolkata,Open-Meteo Historical Weather API
MP-Indore,2024-12-01,17.9,25.0,11.7,0.0,0.0,0.0,61,3.54,0.256,0.297,0.364,19.3,20.2,22.71792,75.8333,ERA5,Asia/Kolkata,Open-Meteo Historical Weather API
MP-Indore,2024-12-02,19.4,26.5,13.0,0.0,0.0,0.0,56,3.69,0.256,0.295,0.362,20.3,20.7,22.71792,75.8333,ERA5,Asia/Kolkata,Open-Meteo Historical Weather API
MP-Indore,2024-12-03,21.5,27.5,16.5,0.0,0.0,0.0,54,3.58,0.258,0.296,0.363,21.7,21.6,22.71792,75.8333,ERA5,Asia/Kolkata,Open-Meteo Historical Weather API
MP-Indore,2024-12-04,21.4,26.8,17.9,0.2,0.2,2.0,64,3.02,0.258,0.296,0.362,22.4,22.4,22.71792,75.8333,ERA5,Asia/Kolkata,Open-Meteo Historical Weather API
MP-Indore,2024-12-05,22.1,28.9,17.4,0.0,0.0,0.0,61,3.52,0.258,0.295,0.361,22.9,22.6,22.71792,75.8333,ERA5,Asia/Kolkata,Open-Meteo Historical Weather API
MP-Indore,2024-12-06,21.4,27.6,16.8,0.0,0.0,0.0,65,3.27,0.259,0.297,0.363,22.7,22.8,22.71792,75.8333,ERA5,Asia/Kolkata,Open-Meteo Historical Weather API
MP-Indore,2024-12-07,20.6,27.4,15.7,0.0,0.0,0.0,62,3.64,0.26,0.299,0.364,21.8,22.4,22.71792,75.8333,ERA5,Asia/Kolkata,Open-Meteo Historical Weather API
MP-Indore,2024-12-08,19.2,26.4,12.8,0.0,0.0,0.0,60,3.63,0.26,0.299,0.363,20.8,21.5,22.71792,75.8333,ERA5,Asia/Kolkata,Open-Meteo Historical Weather API
MP-Indore,2024-12-09,16.9,23.0,12.1,0.0,0.0,0.0,44,4.08,0.264,0.301,0.365,19.2,20.7,22.71792,75.8333,ERA5,Asia/Kolkata,Open-Meteo Historical Weather API
MP-Indore,2024-12-10,15.4,22.5,9.4,0.0,0.0,0.0,48,3.71,0.268,0.303,0.366,17.7,19.4,22.71792,75.8333,ERA5,Asia/Kolkata,Open-Meteo Historical Weather API
MP-Indore,2024-12-11,15.6,23.8,8.7,0.0,0.0,0.0,53,3.53,0.267,0.302,0.365,17.4,18.7,22.71792,75.8333,ERA5,Asia/Kolkata,Open-Meteo Historical Weather API
MP-Indore,2024-12-12,16.5,24.4,9.6,0.0,0.0,0.0,55,3.5,0.267,0.301,0.365,17.9,18.6,22.71792,75.8333,ERA5,Asia/Kolkata,Open-Meteo Historical Weather API
MP-Indore,2024-12-13,15.2,22.5,10.0,0.0,0.0,0.0,48,3.83,0.269,0.303,0.366,17.0,18.6,22.71792,75.8333,ERA5,Asia/Kolkata,Open-Meteo Historical Weather API
MP-Indore,2024-12-14,15.4,24.2,8.2,0.0,0.0,0.0,48,3.86,0.27,0.302,0.365,16.8,18.0,22.71792,75.8333,ERA5,Asia/Kolkata,Open-Meteo Historical Weather API
MP-Indore,2024-12-15,16.3,26.0,8.3,0.0,0.0,0.0,49,3.82,0.269,0.3,0.363,17.1,18.0,22.71792,75.8333,ERA5,Asia/Kolkata,Open-Meteo Historical Weather API
MP-Indore,2024-12-16,16.7,27.1,8.7,0.0,0.0,0.0,53,3.8,0.265,0.296,0.36,17.5,18.1,22.71792,75.8333,ERA5,Asia/Kolkata,Open-Meteo Historical Weather API
MP-Indore,2024-12-17,18.9,27.6,11.2,0.0,0.0,0.0,51,3.64,0.26,0.29,0.355,18.8,18.6,22.71792,75.8333,ERA5,Asia/Kolkata,Open-Meteo Historical Weather API
MP-Indore,2024-12-18,18.4,27.0,11.7,0.0,0.0,0.0,58,3.6,0.256,0.287,0.352,19.1,19.2,22.71792,75.8333,ERA5,Asia/Kolkata,Open-Meteo Historical Weather API
MP-Indore,2024-12-19,18.9,27.1,12.7,0.0,0.0,0.0,53,3.9,0.253,0.285,0.35,19.7,19.6,22.71792,75.8333,ERA5,Asia/Kolkata,Open-Meteo Historical Weather API
MP-Indore,2024-12-20,19.5,27.0,13.1,0.0,0.0,0.0,57,3.37,0.255,0.288,0.352,20.0,19.8,22.71792,75.8333,ERA5,Asia/Kolkata,Open-Meteo Historical Weather API
MP-Indore,2024-12-21,18.9,25.6,14.0,0.0,0.0,0.0,59,3.55,0.258,0.293,0.356,19.9,20.0,22.71792,75.8333,ERA5,Asia/Kolkata,Open-Meteo Historical Weather API
MP-Indore,2024-12-22,18.7,25.2,14.4,0.0,0.0,0.0,53,3.7,0.263,0.295,0.358,19.7,20.1,22.71792,75.8333,ERA5,Asia/Kolkata,Open-Meteo Historical Weather API
MP-Indore,2024-12-23,19.3,24.0,15.7,0.0,0.0,0.0,63,2.58,0.265,0.295,0.357,19.9,20.3,22.71792,75.8333,ERA5,Asia/Kolkata,Open-Meteo Historical Weather API
MP-Indore,2024-12-24,19.3,24.8,14.6,0.9,0.9,5.0,78,2.33,0.267,0.293,0.355,20.7,20.5,22.71792,75.8333,ERA5,Asia/Kolkata,Open-Meteo Historical Weather API
MP-Indore,2024-12-25,19.0,22.7,16.0,1.1,1.1,7.0,81,1.95,0.281,0.296,0.357,20.0,20.6,22.71792,75.8333,ERA5,Asia/Kolkata,Open-Meteo Historical Weather API
MP-Indore,2024-12-26,20.6,26.3,16.1,0.0,0.0,0.0,73,2.97,0.285,0.299,0.359,21.0,20.8,22.71792,75.8333,ERA5,Asia/Kolkata,Open-Meteo Historical Weather API
MP-Indore,2024-12-27,21.4,26.2,17.8,11.3,11.3,13.0,77,2.88,0.314,0.298,0.359,21.9,21.3,22.71792,75.8333,ERA5,Asia/Kolkata,Open-Meteo Historical Weather API
MP-Indore,2024-12-28,20.2,23.8,17.5,8.2,8.2,12.0,91,1.97,0.457,0.319,0.359,21.9,21.7,22.71792,75.8333,ERA5,Asia/Kolkata,Open-Meteo Historical Weather API
MP-Indore,2024-12-29,18.2,22.1,16.0,0.1,0.1,1.0,85,1.96,0.433,0.341,0.361,20.1,20.9,22.71792,75.8333,ERA5,Asia/Kolkata,Open-Meteo Historical Weather API
MP-Indore,2024-12-30,17.4,23.4,12.5,0.0,0.0,0.0,83,2.76,0.409,0.349,0.364,19.3,19.9,22.71792,75.8333,ERA5,Asia/Kolkata,Open-Meteo Historical Weather API
MP-Indore,2024-12-31,18.2,23.9,13.3,0.0,0.0,0.0,81,2.76,0.392,0.351,0.366,19.4,19.8,22.71792,75.8333,ERA5,Asia/Kolkata,Open-Meteo Historical Weather API
MP-Indore,2025-01-01,17.0,22.5,13.2,0.0,0.0,0.0,83,2.81,0.38,0.353,0.368,18.9,19.9,22.71792,75.8333,ERA5,Asia/Kolkata,Open-Meteo Historical Weather API
MP-Indore,2025-01-02,17.0,25.8,9.6,0.0,0.0,0.0,71,3.28,0.368,0.352,0.368,18.4,19.2,22.71792,75.8333,ERA5,Asia/Kolkata,Open-Meteo Historical Weather API
MP-Indore,2025-01-03,18.0,27.3,10.5,0.0,0.0,0.0,66,3.53,0.354,0.346,0.365,18.3,18.9,22.71792,75.8333,ERA5,Asia/Kolkata,Open-Meteo Historical Weather API
MP-Indore,2025-01-04,18.6,28.4,11.0,0.0,0.0,0.0,64,3.71,0.34,0.339,0.361,18.7,18.8,22.71792,75.8333,ERA5,Asia/Kolkata,Open-Meteo Historical Weather API
MP-Indore,2025-01-05,19.1,25.9,13.4,0.0,0.0,0.0,65,2.96,0.33,0.337,0.361,18.8,18.9,22.71792,75.8333,ERA5,Asia/Kolkata,Open-Meteo Historical Weather API
MP-Indore,2025-01-06,18.1,24.6,13.2,0.0,0.0,0.0,71,3.29,0.324,0.336,0.362,18.7,19.0,22.71792,75.8333,ERA5,Asia/Kolkata,Open-Meteo Historical Weather API
MP-Indore,2025-01-07,15.4,21.9,11.3,0.0,0.0,0.0,71,3.16,0.32,0.339,0.365,17.5,18.9,22.71792,75.8333,ERA5,Asia/Kolkata,Open-Meteo Historical Weather API
MP-Indore,2025-01-08,13.9,22.2,7.4,0.0,0.0,0.0,66,3.15,0.315,0.337,0.365,16.3,17.7,22.71792,75.8333,ERA5,Asia/Kolkata,Open-Meteo Historical Weather API
MP-Indore,2025-01-09,15.8,24.3,8.3,0.0,0.0,0.0,61,3.55,0.307,0.332,0.362,16.7,17.2,22.71792,75.8333,ERA5,Asia/Kolkata,Open-Meteo Historical Weather API
MP-Indore,2025-01-10,17.3,25.0,10.9,0.0,0.0,0.0,60,3.68,0.297,0.324,0.358,17.6,17.8,22.71792,75.8333,ERA5,Asia/Kolkata,Open-Meteo Historical Weather API
MP-Indore,2025-01-11,18.9,25.0,13.5,0.0,0.0,0.0,65,3.39,0.291,0.322,0.357,18.8,18.5,22.71792,75.8333,ERA5,Asia/Kolkata,Open-Meteo Historical Weather API
MP-Indore,2025-01-12,17.3,22.6,13.2,0.0,0.0,0.0,71,3.05,0.293,0.327,0.362,18.7,19.3,22.71792,75.8333,ERA5,Asia/Kolkata,Open-Meteo Historical Weather API
MP-Indore,2025-01-13,14.2,20.1,9.8,0.0,0.0,0.0,69,3.12,0.298,0.335,0.369,16.7,18.4,22.71792,75.8333,ERA5,Asia/Kolkata,Open-Meteo Historical Weather API
MP-Indore,2025-01-14,15.6,22.5,8.9,0.0,0.0,0.0,74,3.07,0.299,0.338,0.374,16.9,17.6,22.71792,75.8333,ERA5,Asia/Kolkata,Open-Meteo Historical Weather API
MP-Indore,2025-01-15,19.4,25.1,14.7,0.4,0.4,4.0,72,3.01,0.296,0.337,0.374,19.1,18.8,22.71792,75.8333,ERA5,Asia/Kolkata,Open-Meteo Historical Weather API
MP-Indore,2025-01-16,18.4,22.0,15.4,1.1,1.1,8.0,81,2.32,0.303,0.336,0.374,19.4,19.7,22.71792,75.8333,ERA5,Asia/Kolkata,Open-Meteo Historical Weather API
MP-Indore,2025-01-17,16.7,20.5,13.6,0.0,0.0,0.0,81,2.37,0.31,0.339,0.377,18.3,19.4,22.71792,75.8333,ERA5,Asia/Kolkata,Open-Meteo Historical Weather API
MP-Indore,2025-01-18,18.7,25.6,13.2,0.0,0.0,0.0,72,3.45,0.306,0.338,0.377,19.4,19.4,22.71792,75.8333,ERA5,Asia/Kolkata,Open-Meteo Historical Weather API
MP-Indore,2025-01-19,19.7,26.8,13.6,0.0,0.0,0.0,66,3.67,0.299,0.333,0.374,20.0,19.7,22.71792,75.8333,ERA5,Asia/Kolkata,Open-Meteo Historical Weather API
MP-Indore,2025-01-20,20.0,27.1,13.8,0.0,0.0,0.0,63,3.73,0.292,0.328,0.372,19.9,19.8,22.71792,75.8333,ERA5,Asia/Kolkata,Open-Meteo Historical Weather API
MP-Indore,2025-01-21,20.2,27.2,14.2,0.0,0.0,0.0,63,3.71,0.286,0.323,0.369,19.9,19.8,22.71792,75.8333,ERA5,Asia/Kolkata,Open-Meteo Historical Weather API
MP-Indore,2025-01-22,20.6,27.7,14.4,0.0,0.0,0.0,64,3.76,0.281,0.318,0.366,20.4,20.0,22.71792,75.8333,ERA5,Asia/Kolkata,Open-Meteo Historical Weather API
MP-Indore,2025-01-23,20.0,26.9,14.5,0.0,0.0,0.0,68,3.66,0.28,0.317,0.366,20.9,20.4,22.71792,75.8333,ERA5,Asia/Kolkata,Open-Meteo Historical Weather API
MP-Indore,2025-01-24,18.6,24.4,14.3,0.0,0.0,0.0,72,3.61,0.281,0.318,0.368,20.2,20.5,22.71792,75.8333,ERA5,Asia/Kolkata,Open-Meteo Historical Weather API
MP-Indore,2025-01-25,18.6,25.8,12.6,0.0,0.0,0.0,60,3.8,0.28,0.318,0.368,20.0,20.2,22.71792,75.8333,ERA5,Asia/Kolkata,Open-Meteo Historical Weather API
MP-Indore,2025-01-26,19.4,26.8,13.0,0.0,0.0,0.0,63,3.76,0.278,0.317,0.368,20.6,20.4,22.71792,75.8333,ERA5,Asia/Kolkata,Open-Meteo Historical Weather API
MP-Indore,2025-01-27,19.2,26.9,12.4,0.0,0.0,0.0,60,3.76,0.275,0.315,0.367,20.5,20.6,22.71792,75.8333,ERA5,Asia/Kolkata,Open-Meteo Historical Weather API
MP-Indore,2025-01-28,20.0,27.5,12.8,0.0,0.0,0.0,60,3.83,0.27,0.312,0.365,21.0,20.8,22.71792,75.8333,ERA5,Asia/Kolkata,Open-Meteo Historical Weather API
MP-Indore,2025-01-29,21.7,29.5,15.0,0.0,0.0,0.0,58,4.26,0.266,0.306,0.361,22.0,21.4,22.71792,75.8333,ERA5,Asia/Kolkata,Open-Meteo Historical Weather API
MP-Indore,2025-01-30,20.9,28.3,15.2,0.0,0.0,0.0,51,4.52,0.264,0.303,0.359,21.7,21.5,22.71792,75.8333,ERA5,Asia/Kolkata,Open-Meteo Historical Weather API
MP-Indore,2025-01-31,20.3,28.2,14.4,0.0,0.0,0.0,57,4.31,0.262,0.3,0.357,21.4,21.2,22.71792,75.8333,ERA5,Asia/Kolkata,Open-Meteo Historical Weather API
MP-Indore,2025-02-01,19.8,26.9,14.0,0.0,0.0,0.0,56,4.16,0.263,0.302,0.358,21.2,21.1,22.71792,75.8333,ERA5,Asia/Kolkata,Open-Meteo Historical Weather API
MP-Indore,2025-02-02,20.1,26.9,13.6,0.0,0.0,0.0,58,3.76,0.265,0.304,0.36,21.2,21.0,22.71792,75.8333,ERA5,Asia/Kolkata,Open-Meteo Historical Weather API
MP-Indore,2025-02-03,23.1,30.5,17.3,0.0,0.0,0.0,57,4.57,0.263,0.304,0.359,22.9,21.8,22.71792,75.8333,ERA5,Asia/Kolkata,Open-Meteo Historical Weather API
MP-Indore,2025-02-04,22.9,29.6,17.2,0.0,0.0,0.0,58,4.37,0.264,0.304,0.36,23.3,22.6,22.71792,75.8333,ERA5,Asia/Kolkata,Open-Meteo Historical Weather API
MP-Indore,2025-02-05,19.5,25.4,14.5,0.0,0.0,0.0,50,4.69,0.27,0.311,0.365,21.6,22.3,22.71792,75.8333,ERA5,Asia/Kolkata,Open-Meteo Historical Weather API
MP-Indore,2025-02-06,18.1,24.1,12.9,0.0,0.0,0.0,47,4.8,0.276,0.316,0.37,20.0,21.2,22.71792,75.8333,ERA5,Asia/Kolkata,Open-Meteo Historical Weather API
MP-Indore,2025-02-07,18.3,24.5,13.5,0.0,0.0,0.0,48,4.43,0.278,0.317,0.371,19.9,20.6,22.71792,75.8333,ERA5,Asia/Kolkata,Open-Meteo Historical Weather API
MP-Indore,2025-02-08,19.9,27.8,13.0,0.0,0.0,0.0,52,4.27,0.277,0.315,0.37,20.9,20.7,22.71792,75.8333,ERA5,Asia/Kolkata,Open-Meteo Historical Weather API
MP-Indore,2025-02-09,22.1,30.0,15.0,0.0,0.0,0.0,58,4.46,0.274,0.312,0.368,22.4,21.7,22.71792,75.8333,ERA5,Asia/Kolkata,Open-Meteo Historical Weather API
MP-Indore,2025-02-10,22.1,30.0,16.2,0.0,0.0,0.0,54,4.87,0.272,0.31,0.367,22.7,22.3,22.71792,75.8333,ERA5,Asia/Kolkata,Open-Meteo Historical Weather API
MP-Indore,2025-02-11,21.2,29.8,13.8,0.0,0.0,0.0,48,4.96,0.273,0.309,0.366,22.0,21.9,22.71792,75.8333,ERA5,Asia/Kolkata,Open-Meteo Historical Weather API
MP-Indore,2025-02-12,21.1,28.5,14.7,0.0,0.0,0.0,52,4.83,0.273,0.308,0.365,21.8,21.8,22.71792,75.8333,ERA5,Asia/Kolkata,Open-Meteo Historical Weather API
MP-Indore,2025-02-13,20.2,27.4,14.0,0.0,0.0,0.0,47,4.74,0.27,0.306,0.364,21.5,21.7,22.71792,75.8333,ERA5,Asia/Kolkata,Open-Meteo Historical Weather API
MP-Indore,2025-02-14,20.9,28.8,12.9,0.0,0.0,0.0,48,4.59,0.267,0.304,0.362,21.6,21.5,22.71792,75.8333,ERA5,Asia/Kolkata,Open-Meteo Historical Weather API
MP-Indore,2025-02-15,22.6,31.2,15.5,0.0,0.0,0.0,42,5.51,0.263,0.298,0.358,22.6,22.0,22.71792,75.8333,ERA5,Asia/Kolkata,Open-Meteo Historical Weather API
MP-Indore,2025-02-16,23.3,30.8,16.9,0.0,0.0,0.0,44,5.44,0.26,0.295,0.355,23.4,22.6,22.71792,75.8333,ERA5,Asia/Kolkata,Open-Meteo Historical Weather API
MP-Indore,2025-02-17,23.0,30.6,16.3,0.0,0.0,0.0,52,4.78,0.26,0.294,0.354,23.8,23.2,22.71792,75.8333,ERA5,Asia/Kolkata,Open-Meteo Historical Weather API
MP-Indore,2025-02-18,23.8,30.8,17.3,0.0,0.0,0.0,53,4.99,0.262,0.295,0.354,24.4,23.6,22.71792,75.8333,ERA5,Asia/Kolkata,Open-Meteo Historical Weather API
MP-Indore,2025-02-19,23.6,30.6,17.3,0.0,0.0,0.0,49,4.95,0.262,0.295,0.354,24.6,23.9,22.71792,75.8333,ERA5,Asia/Kolkata,Open-Meteo Historical Weather API
MP-Indore,2025-02-20,23.4,30.4,17.5,0.0,0.0,0.0,41,5.76,0.261,0.294,0.353,24.2,23.9,22.71792,75.8333,ERA5,Asia/Kolkata,Open-Meteo Historical Weather API
MP-Indore,2025-02-21,22.5,29.2,16.3,0.0,0.0,0.0,47,5.26,0.261,0.294,0.352,23.7,23.4,22.71792,75.8333,ERA5,Asia/Kolkata,Open-Meteo Historical Weather API
MP-Indore,2025-02-22,22.3,29.4,15.9,0.0,0.0,0.0,47,4.96,0.261,0.296,0.353,23.7,23.3,22.71792,75.8333,ERA5,Asia/Kolkata,Open-Meteo Historical Weather API
MP-Indore,2025-02-23,23.0,30.0,17.3,0.0,0.0,0.0,42,5.07,0.259,0.295,0.351,23.7,23.4,22.71792,75.8333,ERA5,Asia/Kolkata,Open-Meteo Historical Weather API
MP-Indore,2025-02-24,22.2,29.4,15.2,0.0,0.0,0.0,45,5.31,0.26,0.296,0.352,23.5,23.2,22.71792,75.8333,ERA5,Asia/Kolkata,Open-Meteo Historical Weather API
MP-Indore,2025-02-25,23.2,29.9,16.8,0.0,0.0,0.0,41,5.48,0.262,0.295,0.351,24.1,23.5,22.71792,75.8333,ERA5,Asia/Kolkata,Open-Meteo Historical Weather API
MP-Indore,2025-02-26,24.0,31.0,16.6,0.0,0.0,0.0,41,5.74,0.262,0.294,0.35,24.4,23.8,22.71792,75.8333,ERA5,Asia/Kolkata,Open-Meteo Historical Weather API
MP-Indore,2025-02-27,25.5,32.5,18.3,0.0,0.0,0.0,43,5.9,0.258,0.291,0.347,25.5,24.4,22.71792,75.8333,ERA5,Asia/Kolkata,Open-Meteo Historical Weather API
MP-Indore,2025-02-28,26.5,33.6,19.8,0.0,0.0,0.0,45,5.85,0.258,0.292,0.347,26.2,25.0,22.71792,75.8333,ERA5,Asia/Kolkata,Open-Meteo Historical Weather API
MP-Indore,2025-03-01,25.3,32.0,18.9,0.0,0.0,0.0,45,5.68,0.26,0.295,0.349,26.3,25.4,22.71792,75.8333,ERA5,Asia/Kolkata,Open-Meteo Historical Weather API
MP-Indore,2025-03-02,24.7,31.4,19.4,0.0,0.0,0.0,45,5.78,0.258,0.294,0.348,26.2,25.5,22.71792,75.8333,ERA5,Asia/Kolkata,Open-Meteo Historical Weather API
MP-Indore,2025-03-03,24.6,32.1,17.0,0.0,0.0,0.0,44,5.62,0.259,0.294,0.348,25.8,25.2,22.71792,75.8333,ERA5,Asia/Kolkata,Open-Meteo Historical Weather API
MP-Indore,2025-03-04,24.3,30.7,19.1,0.0,0.0,0.0,42,6.24,0.258,0.294,0.347,25.7,25.4,22.71792,75.8333,ERA5,Asia/Kolkata,Open-Meteo Historical Weather API
MP-Indore,2025-03-05,20.9,28.3,15.6,0.0,0.0,0.0,29,6.64,0.259,0.295,0.347,23.5,24.3,22.71792,75.8333,ERA5,Asia/Kolkata,Open-Meteo Historical Weather API
MP-Indore,2025-03-06,22.2,30.6,13.4,0.0,0.0,0.0,32,5.61,0.26,0.295,0.347,23.0,23.1,22.71792,75.8333,ERA5,Asia/Kolkata,Open-Meteo Historical Weather API
MP-Indore,2025-03-07,23.6,32.2,13.7,0.0,0.0,0.0,35,5.6,0.265,0.295,0.347,23.6,23.4,22.71792,75.8333,ERA5,Asia/Kolkata,Open-Meteo Historical Weather API
MP-Indore,2025-03-08,25.3,33.1,18.4,0.0,0.0,0.0,34,6.4,0.264,0.294,0.346,25.3,24.5,22.71792,75.8333,ERA5,Asia/Kolkata,Open-Meteo Historical Weather API
MP-Indore,2025-03-09,26.3,33.6,19.1,0.0,0.0,0.0,34,6.23,0.261,0.292,0.344,26.6,25.1,22.71792,75.8333,ERA5,Asia/Kolkata,Open-Meteo Historical Weather API
MP-Indore,2025-03-10,27.4,34.5,21.5,0.0,0.0,0.0,35,6.84,0.258,0.29,0.342,27.7,26.1,22.71792,75.8333,ERA5,Asia/Kolkata,Open-Meteo Historical Weather API
MP-Indore,2025-03-11,28.5,36.6,21.2,0.0,0.0,0.0,34,6.14,0.257,0.291,0.342,28.0,26.6,22.71792,75.8333,ERA5,Asia/Kolkata,Open-Meteo Historical Weather API
MP-Indore,2025-03-12,28.6,36.7,21.4,0.0,0.0,0.0,36,6.99,0.256,0.29,0.341,28.3,27.0,22.71792,75.8333,ERA5,Asia/Kolkata,Open-Meteo Historical Weather API
MP-Indore,2025-03-13,28.7,36.7,21.8,0.0,0.0,0.0,31,7.87,0.257,0.288,0.338,28.6,27.4,22.71792,75.8333,ERA5,Asia/Kolkata,Open-Meteo Historical Weather API
MP-Indore,2025-03-14,28.0,35.6,22.1,0.0,0.0,0.0,31,7.63,0.255,0.286,0.336,28.7,27.6,22.71792,75.8333,ERA5,Asia/Kolkata,Open-Meteo Historical Weather API
MP-Indore,2025-03-15,28.1,35.8,19.9,0.0,0.0,0.0,34,6.94,0.254,0.285,0.334,28.6,27.5,22.71792,75.8333,ERA5,Asia/Kolkata,Open-Meteo Historical Weather API
MP-Indore,2025-03-16,28.2,34.6,22.9,0.0,0.0,0.0,34,6.63,0.253,0.285,0.333,29.3,28.0,22.71792,75.8333,ERA5,Asia/Kolkata,Open-Meteo Historical Weather API
MP-Indore,2025-03-17,26.3,32.9,20.8,0.0,0.0,0.0,34,6.86,0.254,0.284,0.332,28.3,27.8,22.71792,75.8333,ERA5,Asia/Kolkata,Open-Meteo Historical Weather API
MP-Indore,2025-03-18,26.8,34.0,19.8,0.0,0.0,0.0,36,6.06,0.251,0.283,0.33,28.3,27.3,22.71792,75.8333,ERA5,Asia/Kolkata,Open-Meteo Historical Weather API
MP-Indore,2025-03-19,27.5,34.8,20.5,0.0,0.0,0.0,32,7.0,0.251,0.283,0.329,28.9,27.8,22.71792,75.8333,ERA5,Asia/Kolkata,Open-Meteo Historical Weather API
MP-Indore,2025-03-20,26.9,33.6,18.8,0.0,0.0,0.0,32,6.68,0.251,0.282,0.327,28.7,28.0,22.71792,75.8333,ERA5,Asia/Kolkata,Open-Meteo Historical Weather API
MP-Indore,2025-03-21,27.1,33.1,20.3,0.0,0.0,0.0,29,7.22,0.247,0.281,0.325,28.8,27.9,22.71792,75.8333,ERA5,Asia/Kolkata,Open-Meteo Historical Weather API
MP-Indore,2025-03-22,27.2,33.8,21.2,0.0,0.0,0.0,31,6.62,0.243,0.278,0.321,29.4,28.1,22.71792,75.8333,ERA5,Asia/Kolkata,Open-Meteo Historical Weather API
MP-Indore,2025-03-23,27.8,35.3,18.8,0.0,0.0,0.0,28,7.01,0.245,0.278,0.318,29.2,28.1,22.71792,75.8333,ERA5,Asia/Kolkata,Open-Meteo Historical Weather API
MP-Indore,2025-03-24,28.4,35.8,20.5,0.0,0.0,0.0,25,7.09,0.248,0.277,0.316,30.0,28.6,22.71792,75.8333,ERA5,Asia/Kolkata,Open-Meteo Historical Weather API
MP-Indore,2025-03-25,29.1,36.8,20.7,0.0,0.0,0.0,28,6.68,0.253,0.277,0.314,30.3,28.8,22.71792,75.8333,ERA5,Asia/Kolkata,Open-Meteo Historical Weather API
MP-Indore,2025-03-26,29.3,36.9,21.1,0.0,0.0,0.0,32,6.47,0.256,0.277,0.314,30.5,29.2,22.71792,75.8333,ERA5,Asia/Kolkata,Open-Meteo Historical Weather API
MP-Indore,2025-03-27,29.9,37.1,23.4,0.0,0.0,0.0,37,7.33,0.251,0.277,0.313,31.3,29.8,22.71792,75.8333,ERA5,Asia/Kolkata,Open-Meteo Historical Weather API
MP-Indore,2025-03-28,28.4,33.9,23.1,0.0,0.0,0.0,31,7.76,0.251,0.278,0.313,30.7,30.0,22.71792,75.8333,ERA5,Asia/Kolkata,Open-Meteo Historical Weather API
MP-Indore,2025-03-29,27.1,34.1,20.4,0.0,0.0,0.0,20,7.79,0.254,0.279,0.315,29.4,29.2,22.71792,75.8333,ERA5,Asia/Kolkata,Open-Meteo Historical Weather API
MP-Indore,2025-03-30,28.3,35.7,20.0,0.0,0.0,0.0,21,7.01,0.252,0.278,0.313,30.0,28.9,22.71792,75.8333,ERA5,Asia/Kolkata,Open-Meteo Historical Weather API
MP-Indore,2025-03-31,29.1,35.2,22.2,0.0,0.0,0.0,23,6.8,0.251,0.277,0.312,30.5,29.4,22.71792,75.8333,ERA5,Asia/Kolkata,Open-Meteo Historical Weather API
MP-Indore,2025-04-01,29.7,36.1,22.2,0.4,0.4,1.0,28,6.89,0.25,0.276,0.312,31.2,29.9,22.71792,75.8333,ERA5,Asia/Kolkata,Open-Meteo Historical Weather API
MP-Indore,2025-04-02,30.0,35.6,23.3,0.0,0.0,0.0,36,6.73,0.251,0.278,0.315,31.6,30.5,22.71792,75.8333,ERA5,Asia/Kolkata,Open-Meteo Historical Weather API
MP-Indore,2025-04-03,29.2,35.9,23.5,0.0,0.0,0.0,36,6.45,0.25,0.28,0.318,31.1,30.4,22.71792,75.8333,ERA5,Asia/Kolkata,Open-Meteo Historical Weather API
MP-Indore,2025-04-04,29.1,36.9,22.2,0.0,0.0,0.0,32,7.43,0.251,0.282,0.319,30.7,29.9,22.71792,75.8333,ERA5,Asia/Kolkata,Open-Meteo Historical Weather API
MP-Indore,2025-04-05,30.5,38.4,22.5,0.0,0.0,0.0,26,8.42,0.253,0.283,0.319,31.3,30.0,22.71792,75.8333,ERA5,Asia/Kolkata,Open-Meteo Historical Weather API
MP-Indore,2025-04-06,32.3,39.7,24.9,0.0,0.0,0.0,23,9.05,0.249,0.28,0.315,32.8,30.9,22.71792,75.8333,ERA5,Asia/Kolkata,Open-Meteo Historical Weather API
MP-Indore,2025-04-07,33.0,40.6,26.4,0.0,0.0,0.0,22,8.95,0.248,0.277,0.312,33.5,31.8,22.71792,75.8333,ERA5,Asia/Kolkata,Open-Meteo Historical Weather API
MP-Indore,2025-04-08,33.5,41.3,26.2,0.0,0.0,0.0,23,8.78,0.248,0.276,0.309,33.9,32.1,22.71792,75.8333,ERA5,Asia/Kolkata,Open-Meteo Historical Weather API
MP-Indore,2025-04-09,33.3,40.8,25.3,0.0,0.0,0.0,23,8.52,0.246,0.275,0.307,33.9,32.3,22.71792,75.8333,ERA5,Asia/Kolkata,Open-Meteo Historical Weather API
MP-Indore,2025-04-10,33.3,39.9,27.3,0.0,0.0,0.0,21,9.7,0.244,0.273,0.302,34.1,32.6,22.71792,75.8333,ERA5,Asia/Kolkata,Open-Meteo Historical Weather API
MP-Indore,2025-04-11,31.9,38.3,25.7,0.0,0.0,0.0,28,9.36,0.244,0.273,0.301,33.5,32.4,22.71792,75.8333,ERA5,Asia/Kolkata,Open-Meteo Historical Weather API
MP-Indore,2025-04-12,30.2,36.4,23.9,1.0,1.0,4.0,43,7.77,0.248,0.273,0.301,32.7,31.9,22.71792,75.8333,ERA5,Asia/Kolkata,Open-Meteo Historical Weather API
MP-Indore,2025-04-13,31.2,37.3,24.5,0.1,0.1,1.0,39,8.26,0.259,0.276,0.305,32.9,31.7,22.71792,75.8333,ERA5,Asia/Kolkata,Open-Meteo Historical Weather API
MP-Indore,2025-04-14,32.7,39.2,26.0,0.0,0.0,0.0,31,9.74,0.252,0.275,0.304,33.5,32.1,22.71792,75.8333,ERA5,Asia/Kolkata,Open-Meteo Historical Weather API
MP-Indore,2025-04-15,32.5,39.4,26.3,0.0,0.0,0.0,32,7.14,0.248,0.273,0.302,34.6,32.7,22.71792,75.8333,ERA5,Asia/Kolkata,Open-Meteo Historical Weather API
MP-Indore,2025-04-16,33.1,39.6,27.0,0.0,0.0,0.0,34,7.23,0.245,0.273,0.3,35.1,33.3,22.71792,75.8333,ERA5,Asia/Kolkata,Open-Meteo Historical Weather API
MP-Indore,2025-04-17,33.1,39.8,26.6,0.0,0.0,0.0,36,7.3,0.245,0.274,0.301,34.9,33.6,22.71792,75.8333,ERA5,Asia/Kolkata,Open-Meteo Historical Weather API
MP-Indore,2025-04-18,34.0,41.0,27.9,0.0,0.0,0.0,31,9.59,0.246,0.273,0.299,35.5,33.8,22.71792,75.8333,ERA5,Asia/Kolkata,Open-Meteo Historical Weather API
MP-Indore,2025-04-19,33.1,40.2,27.4,0.0,0.0,0.0,25,9.83,0.242,0.271,0.297,35.2,34.0,22.71792,75.8333,ERA5,Asia/Kolkata,Open-Meteo Historical Weather API
MP-Indore,2025-04-20,31.5,38.6,25.2,0.0,0.0,0.0,29,9.18,0.244,0.271,0.298,34.1,33.3,22.71792,75.8333,ERA5,Asia/Kolkata,Open-Meteo Historical Weather API
MP-Indore,2025-04-21,32.0,39.3,25.2,0.0,0.0,0.0,29,8.59,0.244,0.272,0.298,34.2,33.0,22.71792,75.8333,ERA5,Asia/Kolkata,Open-Meteo Historical Weather API
MP-Indore,2025-04-22,33.1,40.8,26.5,0.0,0.0,0.0,25,8.6,0.245,0.272,0.297,34.9,33.3,22.71792,75.8333,ERA5,Asia/Kolkata,Open-Meteo Historical Weather API
MP-Indore,2025-04-23,32.7,40.2,24.5,0.0,0.0,0.0,19,9.45,0.252,0.272,0.295,34.5,33.7,22.71792,75.8333,ERA5,Asia/Kolkata,Open-Meteo Historical Weather API
MP-Indore,2025-04-24,33.0,40.2,25.0,0.0,0.0,0.0,20,9.27,0.25,0.272,0.293,34.5,33.5,22.71792,75.8333,ERA5,Asia/Kolkata,Open-Meteo Historical Weather API
MP-Indore,2025-04-25,33.3,40.2,26.3,0.0,0.0,0.0,25,8.96,0.247,0.271,0.291,35.0,33.6,22.71792,75.8333,ERA5,Asia/Kolkata,Open-Meteo Historical Weather API
MP-Indore,2025-04-26,33.0,39.3,27.8,0.0,0.0,0.0,27,8.99,0.246,0.272,0.293,35.2,33.9,22.71792,75.8333,ERA5,Asia/Kolkata,Open-Meteo Historical Weather API
MP-Indore,2025-04-27,32.5,38.9,25.5,0.0,0.0,0.0,31,8.56,0.248,0.275,0.295,34.7,33.7,22.71792,75.8333,ERA5,Asia/Kolkata,Open-Meteo Historical Weather API
MP-Indore,2025-04-28,33.9,40.5,26.5,0.0,0.0,0.0,30,10.03,0.248,0.275,0.296,35.1,33.8,22.71792,75.8333,ERA5,Asia/Kolkata,Open-Meteo Historical Weather API
MP-Indore,2025-04-29,34.5,41.3,28.5,0.0,0.0,0.0,29,10.28,0.245,0.273,0.293,35.9,34.2,22.71792,75.8333,ERA5,Asia/Kolkata,Open-Meteo Historical Weather API
MP-Indore,2025-04-30,34.2,40.9,28.1,0.0,0.0,0.0,32,9.25,0.243,0.273,0.293,36.1,34.5,22.71792,75.8333,ERA5,Asia/Kolkata,Open-Meteo Historical Weather API
MP-Indore,2025-05-01,34.5,40.9,28.5,0.0,0.0,0.0,28,9.81,0.241,0.274,0.295,36.4,34.7,22.71792,75.8333,ERA5,Asia/Kolkata,Open-Meteo Historical Weather API
MP-Indore,2025-05-02,34.6,40.4,28.9,0.1,0.1,1.0,25,10.35,0.239,0.272,0.294,36.4,35.1,22.71792,75.8333,ERA5,Asia/Kolkata,Open-Meteo Historical Weather API
MP-Indore,2025-05-03,33.3,39.7,27.3,0.2,0.2,1.0,28,8.97,0.239,0.272,0.295,35.9,34.9,22.71792,75.8333,ERA5,Asia/Kolkata,Open-Meteo Historical Weather API
MP-Indore,2025-05-04,30.1,35.8,24.7,1.2,1.2,6.0,45,7.1,0.242,0.272,0.295,34.1,34.1,22.71792,75.8333,ERA5,Asia/Kolkata,Open-Meteo Historical Weather API
MP-Indore,2025-05-05,28.9,34.8,23.6,2.3,2.3,6.0,49,6.63,0.252,0.272,0.297,33.0,33.3,22.71792,75.8333,ERA5,Asia/Kolkata,Open-Meteo Historical Weather API
MP-Indore,2025-05-06,25.3,31.8,21.0,4.4,4.4,8.0,62,5.58,0.28,0.268,0.294,29.7,32.2,22.71792,75.8333,ERA5,Asia/Kolkata,Open-Meteo Historical Weather API
MP-Indore,2025-05-07,22.6,28.0,19.2,12.2,12.2,15.0,81,3.31,0.377,0.27,0.293,27.1,29.7,22.71792,75.8333,ERA5,Asia/Kolkata,Open-Meteo Historical Weather API
MP-Indore,2025-05-08,25.1,29.3,21.4,0.9,0.9,5.0,71,4.34,0.393,0.276,0.293,28.1,28.6,22.71792,75.8333,ERA5,Asia/Kolkata,Open-Meteo Historical Weather API
MP-Indore,2025-05-09,27.4,32.4,22.8,1.0,1.0,3.0,64,5.36,0.378,0.276,0.291,29.7,29.2,22.71792,75.8333,ERA5,Asia/Kolkata,Open-Meteo Historical Weather API
MP-Indore,2025-05-10,29.4,34.9,23.8,0.0,0.0,0.0,59,5.97,0.35,0.275,0.289,31.4,30.3,22.71792,75.8333,ERA5,Asia/Kolkata,Open-Meteo Historical Weather API
MP-Indore,2025-05-11,29.7,35.6,25.2,0.5,0.5,2.0,57,6.46,0.326,0.275,0.289,32.1,31.3,22.71792,75.8333,ERA5,Asia/Kolkata,Open-Meteo Historical Weather API
MP-Indore,2025-05-12,30.5,36.8,24.9,0.0,0.0,0.0,52,7.01,0.309,0.273,0.287,32.5,31.6,22.71792,75.8333,ERA5,Asia/Kolkata,Open-Meteo Historical Weather API
MP-Indore,2025-05-13,29.8,36.7,25.9,1.6,1.6,3.0,54,6.36,0.295,0.273,0.287,32.8,32.2,22.71792,75.8333,ERA5,Asia/Kolkata,Open-Meteo Historical Weather API
MP-Indore,2025-05-14,28.9,35.7,25.5,3.3,3.3,8.0,63,5.52,0.306,0.276,0.294,32.5,32.1,22.71792,75.8333,ERA5,Asia/Kolkata,Open-Meteo Historical Weather API
MP-Indore,2025-05-15,29.8,34.7,25.8,0.0,0.0,0.0,60,5.12,0.316,0.281,0.3,32.2,31.8,22.71792,75.8333,ERA5,Asia/Kolkata,Open-Meteo Historical Weather API
MP-Indore,2025-05-16,30.1,35.2,27.0,6.2,6.2,3.0,64,5.34,0.335,0.281,0.302,32.5,32.0,22.71792,75.8333,ERA5,Asia/Kolkata,Open-Meteo Historical Weather API
MP-Indore,2025-05-17,30.8,37.2,26.6,2.0,2.0,2.0,62,6.56,0.366,0.282,0.302,32.9,31.9,22.71792,75.8333,ERA5,Asia/Kolkata,Open-Meteo Historical Weather API
MP-Indore,2025-05-18,31.0,36.6,26.0,0.3,0.3,3.0,59,6.39,0.349,0.286,0.306,33.0,32.3,22.71792,75.8333,ERA5,Asia/Kolkata,Open-Meteo Historical Weather API
MP-Indore,2025-05-19,31.0,38.0,27.6,1.3,1.3,3.0,59,5.94,0.331,0.292,0.312,33.4,32.7,22.71792,75.8333,ERA5,Asia/Kolkata,Open-Meteo Historical Weather API
MP-Indore,2025-05-20,30.6,37.1,26.3,1.0,1.0,2.0,62,5.0,0.329,0.299,0.317,32.3,32.5,22.71792,75.8333,ERA5,Asia/Kolkata,Open-Meteo Historical Weather API
MP-Indore,2025-05-21,29.9,36.1,25.7,1.0,1.0,4.0,63,6.13,0.328,0.304,0.322,32.5,32.3,22.71792,75.8333,ERA5,Asia/Kolkata,Open-Meteo Historical Weather API
MP-Indore,2025-05-22,30.3,36.4,24.7,0.0,0.0,0.0,60,5.85,0.333,0.31,0.328,31.8,32.2,22.71792,75.8333,ERA5,Asia/Kolkata,Open-Meteo Historical Weather API
MP-Indore,2025-05-23,29.5,34.0,24.6,0.9,0.9,1.0,62,4.74,0.326,0.311,0.33,31.6,32.0,22.71792,75.8333,ERA5,Asia/Kolkata,Open-Meteo Historical Weather API
MP-Indore,2025-05-24,29.5,33.2,27.2,0.8,0.8,3.0,64,4.01,0.32,0.308,0.329,31.3,31.4,22.71792,75.8333,ERA5,Asia/Kolkata,Open-Meteo Historical Weather API
MP-Indore,2025-05-25,29.8,33.8,26.4,0.4,0.4,2.0,62,4.18,0.321,0.308,0.329,31.4,31.1,22.71792,75.8333,ERA5,Asia/Kolkata,Open-Meteo Historical Weather API
MP-Indore,2025-05-26,31.1,36.5,25.7,0.1,0.1,1.0,58,5.8,0.31,0.306,0.329,32.5,31.5,22.71792,75.8333,ERA5,Asia/Kolkata,Open-Meteo Historical Weather API
MP-Indore,2025-05-27,30.6,36.0,27.9,0.5,0.5,2.0,63,5.87,0.303,0.308,0.331,32.6,32.3,22.71792,75.8333,ERA5,Asia/Kolkata,Open-Meteo Historical Weather API
MP-Indore,2025-05-28,27.5,32.4,23.3,4.6,4.6,7.0,77,4.33,0.347,0.319,0.341,30.3,31.6,22.71792,75.8333,ERA5,Asia/Kolkata,Open-Meteo Historical Weather API
MP-Indore,2025-05-29,29.1,34.1,24.7,0.5,0.5,3.0,67,6.26,0.348,0.328,0.349,30.8,31.1,22.71792,75.8333,ERA5,Asia/Kolkata,Open-Meteo Historical Weather API
MP-Indore,2025-05-30,29.4,34.4,25.3,0.0,0.0,0.0,66,6.1,0.338,0.329,0.352,31.3,31.2,22.71792,75.8333,ERA5,Asia/Kolkata,Open-Meteo Historical Weather API
MP-Indore,2025-05-31,29.5,34.4,25.0,0.0,0.0,0.0,61,7.2,0.319,0.324,0.35,31.2,30.8,22.71792,75.8333,ERA5,Asia/Kolkata,Open-Meteo Historical Weather API
MP-Indore,2025-06-01,29.7,34.8,24.7,0.0,0.0,0.0,56,7.1,0.301,0.319,0.348,31.3,30.6,22.71792,75.8333,ERA5,Asia/Kolkata,Open-Meteo Historical Weather API
MP-Indore,2025-06-02,28.9,33.5,24.5,1.6,1.6,6.0,61,6.43,0.291,0.312,0.344,30.9,30.5,22.71792,75.8333,ERA5,Asia/Kolkata,Open-Meteo Historical Weather API
MP-Indore,2025-06-03,27.6,32.0,25.2,3.1,3.1,5.0,67,5.22,0.297,0.305,0.339,30.2,30.3,22.71792,75.8333,ERA5,Asia/Kolkata,Open-Meteo Historical Weather API
MP-Indore,2025-06-04,27.7,32.7,23.8,2.1,2.1,2.0,65,5.33,0.31,0.303,0.338,30.3,30.2,22.71792,75.8333,ERA5,Asia/Kolkata,Open-Meteo Historical Weather API
MP-Indore,2025-06-05,29.0,34.6,23.8,0.0,0.0,0.0,60,6.0,0.305,0.303,0.338,31.3,30.6,22.71792,75.8333,ERA5,Asia/Kolkata,Open-Meteo Historical Weather API
MP-Indore,2025-06-06,30.4,35.2,25.5,0.1,0.1,1.0,56,6.19,0.294,0.302,0.338,32.1,31.4,22.71792,75.8333,ERA5,Asia/Kolkata,Open-Meteo Historical Weather API
MP-Indore,2025-06-07,31.1,36.7,26.6,0.1,0.1,1.0,53,6.96,0.291,0.304,0.34,32.4,31.7,22.71792,75.8333,ERA5,Asia/Kolkata,Open-Meteo Historical Weather API
MP-Indore,2025-06-08,32.0,37.5,26.4,0.0,0.0,0.0,52,8.16,0.283,0.303,0.34,33.1,31.9,22.71792,75.8333,ERA5,Asia/Kolkata,Open-Meteo Historical Weather API
MP-Indore,2025-06-09,32.7,38.8,27.3,0.0,0.0,0.0,51,8.75,0.273,0.299,0.337,33.9,32.4,22.71792,75.8333,ERA5,Asia/Kolkata,Open-Meteo Historical Weather API
MP-Indore,2025-06-10,33.0,39.0,27.8,0.0,0.0,0.0,50,8.73,0.266,0.297,0.335,34.3,33.0,22.71792,75.8333,ERA5,Asia/Kolkata,Open-Meteo Historical Weather API
MP-Indore,2025-06-11,34.0,40.3,28.9,0.0,0.0,0.0,42,8.76,0.262,0.299,0.337,34.8,33.4,22.71792,75.8333,ERA5,Asia/Kolkata,Open-Meteo Historical Weather API
MP-Indore,2025-06-12,33.6,39.8,28.8,0.1,0.1,1.0,41,7.73,0.261,0.301,0.34,34.6,33.8,22.71792,75.8333,ERA5,Asia/Kolkata,Open-Meteo Historical Weather API
MP-Indore,2025-06-13,32.1,36.8,28.6,0.0,0.0,0.0,55,6.18,0.26,0.304,0.343,34.8,34.2,22.71792,75.8333,ERA5,Asia/Kolkata,Open-Meteo Historical Weather API
MP-Indore,2025-06-14,30.3,37.0,24.2,11.3,11.3,10.0,69,5.27,0.278,0.307,0.345,34.1,34.0,22.71792,75.8333,ERA5,Asia/Kolkata,Open-Meteo Historical Weather API
MP-Indore,2025-06-15,28.1,33.2,23.1,15.4,15.4,18.0,80,4.11,0.42,0.308,0.344,31.4,32.6,22.71792,75.8333,ERA5,Asia/Kolkata,Open-Meteo Historical Weather API
MP-Indore,2025-06-16,28.2,31.9,24.9,2.1,2.1,11.0,80,4.47,0.448,0.329,0.341,30.8,31.3,22.71792,75.8333,ERA5,Asia/Kolkata,Open-Meteo Historical Weather API
MP-Indore,2025-06-17,27.6,31.1,24.1,1.3,1.3,9.0,76,3.97,0.41,0.333,0.34,29.4,30.2,22.71792,75.8333,ERA5,Asia/Kolkata,Open-Meteo Historical Weather API
MP-Indore,2025-06-18,27.0,31.0,24.8,3.0,3.0,15.0,79,2.75,0.396,0.332,0.339,28.5,29.3,22.71792,75.8333,ERA5,Asia/Kolkata,Open-Meteo Historical Weather API
MP-Indore,2025-06-19,24.6,25.3,23.7,20.7,20.7,19.0,96,0.9,0.475,0.371,0.338,26.7,28.1,22.71792,75.8333,ERA5,Asia/Kolkata,Open-Meteo Historical Weather API
MP-Indore,2025-06-20,26.3,28.9,24.4,1.8,1.8,11.0,85,2.24,0.463,0.412,0.339,26.8,27.4,22.71792,75.8333,ERA5,Asia/Kolkata,Open-Meteo Historical Weather API
MP-Indore,2025-06-21,25.6,28.1,24.1,13.1,13.1,24.0,88,2.37,0.478,0.425,0.339,26.8,27.4,22.71792,75.8333,ERA5,Asia/Kolkata,Open-Meteo Historical Weather API
MP-Indore,2025-06-22,24.6,26.3,23.7,16.3,16.3,24.0,94,1.3,0.505,0.471,0.342,25.8,26.9,22.71792,75.8333,ERA5,Asia/Kolkata,Open-Meteo Historical Weather API
MP-Indore,2025-06-23,24.5,25.5,23.9,20.8,20.8,18.0,95,1.01,0.504,0.496,0.351,25.5,26.3,22.71792,75.8333,ERA5,Asia/Kolkata,Open-Meteo Historical Weather API
MP-Indore,2025-06-24,24.5,26.5,23.3,16.1,16.1,23.0,93,1.38,0.508,0.508,0.376,25.4,26.0,22.71792,75.8333,ERA5,Asia/Kolkata,Open-Meteo Historical Weather API
MP-Indore,2025-06-25,25.0,27.4,23.0,31.0,31.0,24.0,93,1.44,0.508,0.508,0.405,25.6,25.8,22.71792,75.8333,ERA5,Asia/Kolkata,Open-Meteo Historical Weather API
MP-Indore,2025-06-26,24.9,26.4,23.7,27.3,27.3,20.0,94,1.14,0.506,0.507,0.43,25.6,25.9,22.71792,75.8333,ERA5,Asia/Kolkata,Open-Meteo Historical Weather API
MP-Indore,2025-06-27,25.1,27.4,23.5,7.0,7.0,15.0,91,1.45,0.502,0.503,0.449,25.4,25.7,22.71792,75.8333,ERA5,Asia/Kolkata,Open-Meteo Historical Weather API
MP-Indore,2025-06-28,25.1,27.8,23.4,2.5,2.5,14.0,85,3.07,0.492,0.494,0.455,26.0,26.0,22.71792,75.8333,ERA5,Asia/Kolkata,Open-Meteo Historical Weather API
MP-Indore,2025-06-29,23.9,25.4,22.8,18.1,18.1,24.0,92,1.71,0.505,0.5,0.459,24.9,25.8,22.71792,75.8333,ERA5,Asia/Kolkata,Open-Meteo Historical Weather API
MP-Indore,2025-06-30,25.1,28.4,23.1,14.6,14.6,17.0,90,2.06,0.505,0.511,0.478,25.4,25.5,22.71792,75.8333,ERA5,Asia/Kolkata,Open-Meteo Historical Weather API
MP-Indore,2025-07-01,25.4,27.9,23.8,5.0,5.0,20.0,87,2.1,0.5,0.504,0.486,25.7,25.8,22.71792,75.8333,ERA5,Asia/Kolkata,Open-Meteo Historical Weather API
MP-Indore,2025-07-02,24.5,25.8,23.7,18.5,18.5,24.0,94,1.09,0.504,0.509,0.493,25.2,25.6,22.71792,75.8333,ERA5,Asia/Kolkata,Open-Meteo Historical Weather API
MP-Indore,2025-07-03,25.3,27.6,23.8,14.2,14.2,21.0,92,1.31,0.504,0.51,0.504,25.2,25.3,22.71792,75.8333,ERA5,Asia/Kolkata,Open-Meteo Historical Weather API
MP-Indore,2025-07-04,24.6,26.4,23.8,33.0,33.0,23.0,93,0.99,0.508,0.515,0.512,24.9,25.1,22.71792,75.8333,ERA5,Asia/Kolkata,Open-Meteo Historical Weather API
MP-Indore,2025-07-05,24.1,25.2,23.4,14.8,14.8,23.0,95,1.13,0.507,0.506,0.515,24.8,25.0,22.71792,75.8333,ERA5,Asia/Kolkata,Open-Meteo Historical Weather API
MP-Indore,2025-07-06,24.5,26.9,23.0,48.1,48.1,20.0,94,1.48,0.507,0.503,0.516,24.9,25.0,22.71792,75.8333,ERA5,Asia/Kolkata,Open-Meteo Historical Weather API
MP-Indore,2025-07-07,24.7,26.9,23.0,1.1,1.1,10.0,87,2.17,0.486,0.483,0.509,25.1,25.1,22.71792,75.8333,ERA5,Asia/Kolkata,Open-Meteo Historical Weather API
MP-Indore,2025-07-08,24.4,27.2,22.5,4.3,4.3,17.0,88,2.15,0.487,0.478,0.504,24.9,25.1,22.71792,75.8333,ERA5,Asia/Kolkata,Open-Meteo Historical Weather API
MP-Indore,2025-07-09,25.4,28.8,22.7,6.2,6.2,10.0,86,2.61,0.491,0.486,0.501,25.3,25.1,22.71792,75.8333,ERA5,Asia/Kolkata,Open-Meteo Historical Weather API
MP-Indore,2025-07-10,26.0,28.7,23.7,0.0,0.0,0.0,82,3.22,0.478,0.489,0.498,26.2,25.7,22.71792,75.8333,ERA5,Asia/Kolkata,Open-Meteo Historical Weather API
MP-Indore,2025-07-11,26.7,30.3,23.8,2.0,2.0,13.0,81,3.41,0.467,0.477,0.496,26.6,26.0,22.71792,75.8333,ERA5,Asia/Kolkata,Open-Meteo Historical Weather API
MP-Indore,2025-07-12,26.3,28.7,24.5,0.9,0.9,6.0,82,2.94,0.465,0.47,0.493,26.5,26.2,22.71792,75.8333,ERA5,Asia/Kolkata,Open-Meteo Historical Weather API
MP-Indore,2025-07-13,25.3,27.6,23.9,7.2,7.2,17.0,89,2.07,0.476,0.468,0.491,26.0,26.0,22.71792,75.8333,ERA5,Asia/Kolkata,Open-Meteo Historical Weather API
MP-Indore,2025-07-14,24.6,26.2,23.7,18.1,18.1,24.0,94,1.29,0.513,0.505,0.493,25.3,25.6,22.71792,75.8333,ERA5,Asia/Kolkata,Open-Meteo Historical Weather API
MP-Indore,2025-07-15,26.3,30.2,23.5,2.4,2.4,17.0,88,2.49,0.496,0.505,0.501,26.3,25.4,22.71792,75.8333,ERA5,Asia/Kolkata,Open-Meteo Historical Weather API
MP-Indore,2025-07-16,26.7,29.9,24.5,0.8,0.8,8.0,85,3.43,0.484,0.494,0.499,27.1,26.2,22.71792,75.8333,ERA5,Asia/Kolkata,Open-Meteo Historical Weather API
MP-Indore,2025-07-17,26.7,29.2,24.8,3.0,3.0,12.0,83,2.8,0.481,0.484,0.496,26.9,26.5,22.71792,75.8333,ERA5,Asia/Kolkata,Open-Meteo Historical Weather API
MP-Indore,2025-07-18,26.1,28.4,24.3,6.7,6.7,17.0,84,2.04,0.498,0.493,0.495,26.1,26.0,22.71792,75.8333,ERA5,Asia/Kolkata,Open-Meteo Historical Weather API
MP-Indore,2025-07-19,26.7,30.2,23.5,0.7,0.7,7.0,81,3.93,0.488,0.493,0.493,26.8,25.9,22.71792,75.8333,ERA5,Asia/Kolkata,Open-Meteo Historical Weather API
MP-Indore,2025-07-20,26.5,29.6,23.2,1.3,1.3,9.0,81,3.61,0.473,0.483,0.491,26.9,26.2,22.71792,75.8333,ERA5,Asia/Kolkata,Open-Meteo Historical Weather API
MP-Indore,2025-07-21,27.6,31.2,24.4,1.1,1.1,9.0,80,4.13,0.464,0.473,0.489,27.8,26.7,22.71792,75.8333,ERA5,Asia/Kolkata,Open-Meteo Historical Weather API
MP-Indore,2025-07-22,26.7,29.6,24.8,11.0,11.0,14.0,88,2.8,0.479,0.474,0.487,27.4,27.1,22.71792,75.8333,ERA5,Asia/Kolkata,Open-Meteo Historical Weather API
MP-Indore,2025-07-23,25.5,26.9,23.9,12.5,12.5,24.0,92,1.45,0.504,0.5,0.487,26.1,26.3,22.71792,75.8333,ERA5,Asia/Kolkata,Open-Meteo Historical Weather API
MP-Indore,2025-07-24,25.2,27.8,23.6,8.5,8.5,21.0,89,1.52,0.505,0.508,0.492,25.5,25.6,22.71792,75.8333,ERA5,Asia/Kolkata,Open-Meteo Historical Weather API
MP-Indore,2025-07-25,26.0,29.5,23.4,11.5,11.5,21.0,89,2.01,0.502,0.512,0.502,25.6,25.3,22.71792,75.8333,ERA5,Asia/Kolkata,Open-Meteo Historical Weather API
MP-Indore,2025-07-26,24.5,25.4,23.4,28.5,28.5,24.0,95,0.84,0.51,0.511,0.512,25.1,25.4,22.71792,75.8333,ERA5,Asia/Kolkata,Open-Meteo Historical Weather API
MP-Indore,2025-07-27,24.0,24.9,23.3,37.1,37.1,21.0,97,0.75,0.508,0.502,0.517,24.5,24.9,22.71792,75.8333,ERA5,Asia/Kolkata,Open-Meteo Historical Weather API
MP-Indore,2025-07-28,24.0,25.3,22.9,15.8,15.8,17.0,96,1.07,0.502,0.502,0.515,24.5,24.7,22.71792,75.8333,ERA5,Asia/Kolkata,Open-Meteo Historical Weather API
MP-Indore,2025-07-29,23.3,23.8,22.8,42.5,42.5,24.0,97,0.73,0.511,0.505,0.516,24.2,24.6,22.71792,75.8333,ERA5,Asia/Kolkata,Open-Meteo Historical Weather API
MP-Indore,2025-07-30,24.3,28.1,22.6,6.2,6.2,16.0,90,1.89,0.503,0.501,0.515,24.5,24.4,22.71792,75.8333,ERA5,Asia/Kolkata,Open-Meteo Historical Weather API
MP-Indore,2025-07-31,24.7,26.6,23.5,0.5,0.5,5.0,89,1.91,0.483,0.485,0.51,24.9,24.8,22.71792,75.8333,ERA5,Asia/Kolkata,Open-Meteo Historical Weather API
MP-Indore,2025-08-01,25.4,28.2,23.0,0.7,0.7,6.0,85,2.88,0.47,0.474,0.505,25.4,25.2,22.71792,75.8333,ERA5,Asia/Kolkata,Open-Meteo Historical Weather API
MP-Indore,2025-08-02,25.9,29.1,23.5,0.2,0.2,2.0,82,3.16,0.459,0.465,0.499,26.1,25.5,22.71792,75.8333,ERA5,Asia/Kolkata,Open-Meteo Historical Weather API
MP-Indore,2025-08-03,25.8,29.1,22.8,1.2,1.2,8.0,84,3.51,0.452,0.458,0.492,26.0,25.7,22.71792,75.8333,ERA5,Asia/Kolkata,Open-Meteo Historical Weather API
MP-Indore,2025-08-04,26.0,29.3,23.1,0.0,0.0,0.0,82,3.0,0.444,0.453,0.485,26.0,25.7,22.71792,75.8333,ERA5,Asia/Kolkata,Open-Meteo Historical Weather API
MP-Indore,2025-08-05,26.4,30.6,23.0,0.0,0.0,0.0,79,3.62,0.431,0.446,0.479,26.5,25.8,22.71792,75.8333,ERA5,Asia/Kolkata,Open-Meteo Historical Weather API
MP-Indore,2025-08-06,26.6,31.0,22.9,0.0,0.0,0.0,78,4.11,0.418,0.437,0.472,26.7,25.9,22.71792,75.8333,ERA5,Asia/Kolkata,Open-Meteo Historical Weather API
MP-Indore,2025-08-07,27.0,31.7,22.8,0.2,0.2,2.0,76,4.74,0.404,0.428,0.466,27.1,26.2,22.71792,75.8333,ERA5,Asia/Kolkata,Open-Meteo Historical Weather API
MP-Indore,2025-08-08,26.1,29.7,23.0,1.6,1.6,9.0,82,3.85,0.396,0.42,0.46,26.7,26.3,22.71792,75.8333,ERA5,Asia/Kolkata,Open-Meteo Historical Weather API
MP-Indore,2025-08-09,26.1,29.1,23.5,2.0,2.0,13.0,81,2.72,0.402,0.414,0.454,26.3,26.1,22.71792,75.8333,ERA5,Asia/Kolkata,Open-Meteo Historical Weather API
MP-Indore,2025-08-10,26.3,29.7,23.5,3.2,3.2,11.0,81,3.63,0.405,0.409,0.448,26.8,26.1,22.71792,75.8333,ERA5,Asia/Kolkata,Open-Meteo Historical Weather API
MP-Indore,2025-08-11,26.4,29.3,23.9,0.8,0.8,5.0,80,3.28,0.404,0.404,0.443,26.6,26.2,22.71792,75.8333,ERA5,Asia/Kolkata,Open-Meteo Historical Weather API
MP-Indore,2025-08-12,26.1,29.4,23.3,1.5,1.5,8.0,81,3.55,0.4,0.4,0.438,26.6,26.2,22.71792,75.8333,ERA5,Asia/Kolkata,Open-Meteo Historical Weather API
MP-Indore,2025-08-13,25.4,27.2,23.0,8.1,8.1,15.0,86,2.67,0.414,0.396,0.434,26.1,26.1,22.71792,75.8333,ERA5,Asia/Kolkata,Open-Meteo Historical Weather API
MP-Indore,2025-08-14,25.5,28.1,23.5,28.2,28.2,22.0,86,2.87,0.503,0.473,0.432,26.3,25.9,22.71792,75.8333,ERA5,Asia/Kolkata,Open-Meteo Historical Weather API
MP-Indore,2025-08-15,26.2,29.9,24.1,11.7,11.7,21.0,87,3.37,0.506,0.501,0.434,27.2,26.3,22.71792,75.8333,ERA5,Asia/Kolkata,Open-Meteo Historical Weather API
MP-Indore,2025-08-16,26.1,29.6,23.4,16.4,16.4,19.0,88,3.01,0.503,0.506,0.446,27.1,26.6,22.71792,75.8333,ERA5,Asia/Kolkata,Open-Meteo Historical Weather API
MP-Indore,2025-08-17,26.7,30.5,23.9,13.5,13.5,19.0,86,3.39,0.503,0.505,0.455,27.3,26.6,22.71792,75.8333,ERA5,Asia/Kolkata,Open-Meteo Historical Weather API
MP-Indore,2025-08-18,26.1,29.2,23.9,15.6,15.6,19.0,88,2.89,0.506,0.508,0.462,27.3,26.7,22.71792,75.8333,ERA5,Asia/Kolkata,Open-Meteo Historical Weather API
MP-Indore,2025-08-19,26.0,30.4,23.8,21.3,21.3,16.0,89,2.84,0.506,0.51,0.476,27.0,26.8,22.71792,75.8333,ERA5,Asia/Kolkata,Open-Meteo Historical Weather API
MP-Indore,2025-08-20,25.3,27.5,23.7,5.5,5.5,16.0,90,2.08,0.505,0.51,0.488,26.3,26.4,22.71792,75.8333,ERA5,Asia/Kolkata,Open-Meteo Historical Weather API
MP-Indore,2025-08-21,24.3,27.1,23.0,8.5,8.5,20.0,93,1.69,0.502,0.506,0.493,25.3,25.7,22.71792,75.8333,ERA5,Asia/Kolkata,Open-Meteo Historical Weather API
MP-Indore,2025-08-22,24.2,26.4,23.2,12.7,12.7,18.0,93,2.16,0.501,0.506,0.496,25.1,25.3,22.71792,75.8333,ERA5,Asia/Kolkata,Open-Meteo Historical Weather API
MP-Indore,2025-08-23,24.2,26.1,22.6,10.0,10.0,22.0,91,2.26,0.503,0.508,0.499,24.9,25.0,22.71792,75.8333,ERA5,Asia/Kolkata,Open-Meteo Historical Weather API
MP-Indore,2025-08-24,24.0,26.7,22.6,5.7,5.7,17.0,90,2.13,0.499,0.504,0.502,24.6,24.8,22.71792,75.8333,ERA5,Asia/Kolkata,Open-Meteo Historical Weather API
MP-Indore,2025-08-25,24.0,26.3,22.6,4.9,4.9,14.0,93,1.42,0.497,0.5,0.502,24.4,24.6,22.71792,75.8333,ERA5,Asia/Kolkata,Open-Meteo Historical Weather API
MP-Indore,2025-08-26,25.0,28.5,23.0,7.8,7.8,10.0,92,2.2,0.496,0.499,0.501,25.4,24.9,22.71792,75.8333,ERA5,Asia/Kolkata,Open-Meteo Historical Weather API
MP-Indore,2025-08-27,25.1,28.9,23.5,16.1,16.1,16.0,91,1.75,0.501,0.51,0.505,25.5,25.1,22.71792,75.8333,ERA5,Asia/Kolkata,Open-Meteo Historical Weather API
MP-Indore,2025-08-28,25.6,30.4,23.9,19.7,19.7,20.0,89,2.53,0.503,0.507,0.514,26.1,25.4,22.71792,75.8333,ERA5,Asia/Kolkata,Open-Meteo Historical Weather API
MP-Indore,2025-08-29,26.0,29.8,23.8,18.8,18.8,19.0,90,2.88,0.502,0.502,0.513,26.7,25.8,22.71792,75.8333,ERA5,Asia/Kolkata,Open-Meteo Historical Weather API
MP-Indore,2025-08-30,24.9,26.0,23.9,8.0,8.0,17.0,95,1.57,0.504,0.501,0.514,26.1,25.9,22.71792,75.8333,ERA5,Asia/Kolkata,Open-Meteo Historical Weather API
MP-Indore,2025-08-31,24.3,25.6,23.5,11.1,11.1,23.0,95,0.95,0.504,0.507,0.513,25.2,25.3,22.71792,75.8333,ERA5,Asia/Kolkata,Open-Meteo Historical Weather API
MP-Indore,2025-09-01,24.8,27.4,23.2,1.0,1.0,7.0,90,1.82,0.49,0.493,0.513,25.2,24.9,22.71792,75.8333,ERA5,Asia/Kolkata,Open-Meteo Historical Weather API
MP-Indore,2025-09-02,25.3,28.4,23.1,4.1,4.1,16.0,87,2.82,0.494,0.482,0.508,25.7,25.2,22.71792,75.8333,ERA5,Asia/Kolkata,Open-Meteo Historical Weather API
MP-Indore,2025-09-03,24.0,25.3,22.8,29.5,29.5,24.0,92,1.38,0.501,0.495,0.505,24.6,25.1,22.71792,75.8333,ERA5,Asia/Kolkata,Open-Meteo Historical Weather API
MP-Indore,2025-09-04,24.0,27.7,22.3,70.4,70.4,23.0,95,1.62,0.512,0.505,0.503,24.6,24.7,22.71792,75.8333,ERA5,Asia/Kolkata,Open-Meteo Historical Weather API
MP-Indore,2025-09-05,24.7,28.3,23.1,17.8,17.8,16.0,94,1.62,0.506,0.505,0.46,25.2,24.9,22.71792,75.8333,ERA5,Asia/Kolkata,Open-Meteo Historical Weather API
MP-Indore,2025-09-06,24.0,25.5,23.0,28.9,28.9,24.0,95,0.97,0.51,0.513,0.474,24.8,24.8,22.71792,75.8333,ERA5,Asia/Kolkata,Open-Meteo Historical Weather API
MP-Indore,2025-09-07,24.1,26.1,22.7,5.1,5.1,13.0,91,1.72,0.502,0.506,0.482,24.6,24.5,22.71792,75.8333,ERA5,Asia/Kolkata,Open-Meteo Historical Weather API
MP-Indore,2025-09-08,24.7,28.0,21.9,0.3,0.3,2.0,84,3.3,0.485,0.495,0.477,25.1,24.6,22.71792,75.8333,ERA5,Asia/Kolkata,Open-Meteo Historical Weather API
MP-Indore,2025-09-09,25.4,30.1,21.6,0.0,0.0,0.0,79,4.17,0.467,0.482,0.47,25.9,25.1,22.71792,75.8333,ERA5,Asia/Kolkata,Open-Meteo Historical Weather API
MP-Indore,2025-09-10,25.7,29.6,22.5,0.0,0.0,0.0,79,4.29,0.452,0.47,0.463,26.2,25.5,22.71792,75.8333,ERA5,Asia/Kolkata,Open-Meteo Historical Weather API
MP-Indore,2025-09-11,25.7,30.1,21.8,0.0,0.0,0.0,77,4.2,0.437,0.459,0.456,26.1,25.5,22.71792,75.8333,ERA5,Asia/Kolkata,Open-Meteo Historical Weather API
MP-Indore,2025-09-12,26.1,30.1,22.6,0.7,0.7,5.0,78,3.85,0.426,0.448,0.45,26.3,25.6,22.71792,75.8333,ERA5,Asia/Kolkata,Open-Meteo Historical Weather API
MP-Indore,2025-09-13,26.9,31.6,23.6,0.7,0.7,4.0,77,3.84,0.419,0.439,0.444,26.9,25.9,22.71792,75.8333,ERA5,Asia/Kolkata,Open-Meteo Historical Weather API
MP-Indore,2025-09-14,27.2,30.7,24.1,0.5,0.5,3.0,77,3.52,0.411,0.43,0.438,27.3,26.4,22.71792,75.8333,ERA5,Asia/Kolkata,Open-Meteo Historical Weather API
MP-Indore,2025-09-15,27.2,31.2,24.6,1.4,1.4,3.0,78,3.32,0.407,0.422,0.433,27.4,26.6,22.71792,75.8333,ERA5,Asia/Kolkata,Open-Meteo Historical Weather API
MP-Indore,2025-09-16,26.7,30.0,24.2,0.1,0.1,1.0,76,3.98,0.404,0.416,0.429,27.3,26.5,22.71792,75.8333,ERA5,Asia/Kolkata,Open-Meteo Historical Weather API
MP-Indore,2025-09-17,26.8,30.9,24.2,1.5,1.5,8.0,76,4.01,0.393,0.408,0.423,27.3,26.5,22.71792,75.8333,ERA5,Asia/Kolkata,Open-Meteo Historical Weather API
MP-Indore,2025-09-18,25.6,29.6,23.0,11.8,11.8,19.0,83,3.4,0.437,0.406,0.419,26.6,26.5,22.71792,75.8333,ERA5,Asia/Kolkata,Open-Meteo Historical Weather API
MP-Indore,2025-09-19,26.0,30.3,23.2,6.9,6.9,22.0,86,3.64,0.47,0.425,0.416,27.3,26.6,22.71792,75.8333,ERA5,Asia/Kolkata,Open-Meteo Historical Weather API
MP-Indore,2025-09-20,25.3,28.8,23.3,17.6,17.6,24.0,90,2.78,0.492,0.455,0.417,26.7,26.5,22.71792,75.8333,ERA5,Asia/Kolkata,Open-Meteo Historical Weather API
MP-Indore,2025-09-21,25.3,28.7,23.2,28.6,28.6,24.0,90,2.72,0.501,0.483,0.431,26.6,26.4,22.71792,75.8333,ERA5,Asia/Kolkata,Open-Meteo Historical Weather API
MP-Indore,2025-09-22,25.8,29.6,23.2,4.9,4.9,15.0,87,2.92,0.492,0.483,0.441,26.8,26.2,22.71792,75.8333,ERA5,Asia/Kolkata,Open-Meteo Historical Weather API
MP-Indore,2025-09-23,26.6,31.4,23.2,1.3,1.3,7.0,81,4.33,0.477,0.475,0.44,27.2,26.4,22.71792,75.8333,ERA5,Asia/Kolkata,Open-Meteo Historical Weather API
MP-Indore,2025-09-24,26.2,30.5,23.4,0.8,0.8,5.0,81,4.09,0.466,0.467,0.437,27.0,26.5,22.71792,75.8333,ERA5,Asia/Kolkata,Open-Meteo Historical Weather API
MP-Indore,2025-09-25,26.1,30.3,22.5,0.5,0.5,5.0,79,3.75,0.451,0.458,0.435,26.6,26.2,22.71792,75.8333,ERA5,Asia/Kolkata,Open-Meteo Historical Weather API
MP-Indore,2025-09-26,27.6,32.2,24.3,0.2,0.2,2.0,72,4.54,0.436,0.448,0.431,27.3,26.4,22.71792,75.8333,ERA5,Asia/Kolkata,Open-Meteo Historical Weather API
MP-Indore,2025-09-27,26.6,30.5,24.4,20.0,20.0,10.0,77,3.96,0.45,0.449,0.428,27.0,26.5,22.71792,75.8333,ERA5,Asia/Kolkata,Open-Meteo Historical Weather API
MP-Indore,2025-09-28,25.4,28.0,24.2,14.4,14.4,22.0,91,1.87,0.505,0.49,0.432,26.0,26.1,22.71792,75.8333,ERA5,Asia/Kolkata,Open-Meteo Historical Weather API
MP-Indore,2025-09-29,24.8,27.1,23.4,0.8,0.8,8.0,88,2.1,0.486,0.487,0.437,25.6,25.7,22.71792,75.8333,ERA5,Asia/Kolkata,Open-Meteo Historical Weather API
MP-Indore,2025-09-30,24.8,28.2,22.7,1.7,1.7,7.0,84,3.0,0.473,0.477,0.437,25.8,25.5,22.71792,75.8333,ERA5,Asia/Kolkata,Open-Meteo Historical Weather API
MP-Indore,2025-10-01,25.2,29.5,21.5,0.4,0.4,4.0,80,3.76,0.461,0.468,0.435,26.1,25.5,22.71792,75.8333,ERA5,Asia/Kolkata,Open-Meteo Historical Weather API
MP-Indore,2025-10-02,26.1,30.4,22.1,1.2,1.2,10.0,80,3.79,0.449,0.458,0.433,26.9,26.0,22.71792,75.8333,ERA5,Asia/Kolkata,Open-Meteo Historical Weather API
MP-Indore,2025-10-03,26.1,30.7,22.8,1.5,1.5,4.0,80,3.52,0.441,0.45,0.43,26.7,26.3,22.71792,75.8333,ERA5,Asia/Kolkata,Open-Meteo Historical Weather API
MP-Indore,2025-10-04,25.3,28.2,23.0,9.5,9.5,7.0,84,2.51,0.465,0.452,0.428,25.9,26.0,22.71792,75.8333,ERA5,Asia/Kolkata,Open-Meteo Historical Weather API
MP-Indore,2025-10-05,25.2,28.9,22.6,2.5,2.5,4.0,83,3.46,0.476,0.463,0.427,26.0,25.7,22.71792,75.8333,ERA5,Asia/Kolkata,Open-Meteo Historical Weather API
MP-Indore,2025-10-06,24.7,28.9,21.4,0.1,0.1,1.0,79,3.52,0.461,0.459,0.425,25.5,25.4,22.71792,75.8333,ERA5,Asia/Kolkata,Open-Meteo Historical Weather API
MP-Indore,2025-10-07,24.3,28.4,20.6,2.0,2.0,10.0,84,2.96,0.452,0.452,0.423,25.2,25.1,22.71792,75.8333,ERA5,Asia/Kolkata,Open-Meteo Historical Weather API
MP-Indore,2025-10-08,24.0,29.9,19.0,0.0,0.0,0.0,68,4.7,0.44,0.443,0.42,24.9,24.7,22.71792,75.8333,ERA5,Asia/Kolkata,Open-Meteo Historical Weather API
MP-Indore,2025-10-09,24.3,29.2,20.3,0.0,0.0,0.0,61,4.67,0.419,0.433,0.416,24.8,24.4,22.71792,75.8333,ERA5,Asia/Kolkata,Open-Meteo Historical Weather API
MP-Indore,2025-10-10,22.8,28.9,17.6,0.0,0.0,0.0,63,4.78,0.401,0.422,0.414,24.0,24.0,22.71792,75.8333,ERA5,Asia/Kolkata,Open-Meteo Historical Weather API
MP-Indore,2025-10-11,22.6,29.2,16.6,0.0,0.0,0.0,58,4.89,0.384,0.41,0.411,23.2,23.6,22.71792,75.8333,ERA5,Asia/Kolkata,Open-Meteo Historical Weather API
MP-Indore,2025-10-12,23.0,29.2,16.7,0.0,0.0,0.0,59,4.79,0.368,0.399,0.407,23.3,23.4,22.71792,75.8333,ERA5,Asia/Kolkata,Open-Meteo Historical Weather API
MP-Indore,2025-10-13,23.4,29.6,18.2,0.0,0.0,0.0,62,3.88,0.355,0.39,0.403,23.6,23.7,22.71792,75.8333,ERA5,Asia/Kolkata,Open-Meteo Historical Weather API
MP-Indore,2025-10-14,23.7,29.9,17.8,0.0,0.0,0.0,65,4.3,0.341,0.379,0.397,24.2,24.1,22.71792,75.8333,ERA5,Asia/Kolkata,Open-Meteo Historical Weather API
MP-Indore,2025-10-15,24.6,30.8,19.5,0.0,0.0,0.0,75,3.72,0.329,0.369,0.392,25.2,24.5,22.71792,75.8333,ERA5,Asia/Kolkata,Open-Meteo Historical Weather API
MP-Indore,2025-10-16,25.6,31.4,20.7,0.1,0.1,1.0,74,3.88,0.321,0.362,0.389,26.1,25.1,22.71792,75.8333,ERA5,Asia/Kolkata,Open-Meteo Historical Weather API
MP-Indore,2025-10-17,25.6,30.4,21.4,0.0,0.0,0.0,76,3.83,0.315,0.357,0.386,26.4,25.7,22.71792,75.8333,ERA5,Asia/Kolkata,Open-Meteo Historical Weather API
MP-Indore,2025-10-18,25.1,29.7,22.1,0.5,0.5,5.0,76,3.47,0.313,0.352,0.384,26.4,26.0,22.71792,75.8333,ERA5,Asia/Kolkata,Open-Meteo Historical Weather API
MP-Indore,2025-10-19,24.5,29.9,19.8,0.5,0.5,4.0,77,3.52,0.31,0.346,0.381,25.7,25.7,22.71792,75.8333,ERA5,Asia/Kolkata,Open-Meteo Historical Weather API
MP-Indore,2025-10-20,24.9,30.6,20.5,0.0,0.0,0.0,68,4.08,0.306,0.341,0.378,25.5,25.6,22.71792,75.8333,ERA5,Asia/Kolkata,Open-Meteo Historical Weather API
MP-Indore,2025-10-21,25.2,31.3,19.8,0.0,0.0,0.0,63,4.83,0.3,0.338,0.377,25.8,25.5,22.71792,75.8333,ERA5,Asia/Kolkata,Open-Meteo Historical Weather API
MP-Indore,2025-10-22,25.7,30.5,21.8,0.5,0.5,4.0,72,3.72,0.295,0.334,0.375,26.4,26.0,22.71792,75.8333,ERA5,Asia/Kolkata,Open-Meteo Historical Weather API
MP-Indore,2025-10-23,26.2,30.8,22.1,0.1,0.1,1.0,70,4.0,0.293,0.332,0.375,26.7,26.3,22.71792,75.8333,ERA5,Asia/Kolkata,Open-Meteo Historical Weather API
MP-Indore,2025-10-24,25.9,30.5,22.3,0.1,0.1,1.0,69,4.02,0.289,0.33,0.374,26.7,26.5,22.71792,75.8333,ERA5,Asia/Kolkata,Open-Meteo Historical Weather API
MP-Indore,2025-10-25,24.4,28.3,22.3,3.9,3.9,9.0,80,2.73,0.298,0.327,0.373,25.8,26.2,22.71792,75.8333,ERA5,Asia/Kolkata,Open-Meteo Historical Weather API
MP-Indore,2025-10-26,21.9,23.2,20.7,1.6,1.6,11.0,88,1.21,0.329,0.328,0.373,23.6,24.9,22.71792,75.8333,ERA5,Asia/Kolkata,Open-Meteo Historical Weather API
MP-Indore,2025-10-27,23.2,27.1,21.4,8.5,8.5,15.0,90,1.71,0.404,0.33,0.373,24.0,24.1,22.71792,75.8333,ERA5,Asia/Kolkata,Open-Meteo Historical Weather API
MP-Indore,2025-10-28,23.8,27.6,21.4,2.0,2.0,8.0,84,3.14,0.43,0.34,0.374,24.6,24.6,22.71792,75.8333,ERA5,Asia/Kolkata,Open-Meteo Historical Weather API
MP-Indore,2025-10-29,22.9,25.1,21.2,0.2,0.2,2.0,83,2.06,0.409,0.346,0.376,23.9,24.6,22.71792,75.8333,ERA5,Asia/Kolkata,Open-Meteo Historical Weather API
MP-Indore,2025-10-30,23.0,25.2,21.5,6.5,6.5,12.0,86,2.06,0.411,0.348,0.376,24.1,24.5,22.71792,75.8333,ERA5,Asia/Kolkata,Open-Meteo Historical Weather API
MP-Indore,2025-10-31,22.6,25.8,20.8,0.9,0.9,7.0,88,1.35,0.424,0.353,0.376,23.8,24.4,22.71792,75.8333,ERA5,Asia/Kolkata,Open-Meteo Historical Weather API
MP-Indore,2025-11-01,24.4,28.4,21.1,0.4,0.4,4.0,82,2.32,0.41,0.357,0.376,25.0,24.4,22.71792,75.8333,ERA5,Asia/Kolkata,Open-Meteo Historical Weather API
MP-Indore,2025-11-02,25.4,29.4,22.6,0.6,0.6,6.0,79,3.24,0.396,0.356,0.376,26.1,25.3,22.71792,75.8333,ERA5,Asia/Kolkata,Open-Meteo Historical Weather API
MP-Indore,2025-11-03,25.0,29.5,22.7,2.4,2.4,12.0,84,2.81,0.388,0.353,0.373,26.1,25.5,22.71792,75.8333,ERA5,Asia/Kolkata,Open-Meteo Historical Weather API
MP-Indore,2025-11-04,24.6,30.3,21.4,0.4,0.4,4.0,74,3.73,0.392,0.348,0.369,25.6,25.3,22.71792,75.8333,ERA5,Asia/Kolkata,Open-Meteo Historical Weather API
MP-Indore,2025-11-05,23.6,29.5,19.6,0.0,0.0,0.0,68,3.98,0.371,0.343,0.366,25.0,24.8,22.71792,75.8333,ERA5,Asia/Kolkata,Open-Meteo Historical Weather API
MP-Indore,2025-11-06,21.7,29.0,16.3,0.0,0.0,0.0,51,4.66,0.351,0.337,0.363,23.1,23.9,22.71792,75.8333,ERA5,Asia/Kolkata,Open-Meteo Historical Weather API
MP-Indore,2025-11-07,20.4,28.6,13.7,0.0,0.0,0.0,51,4.29,0.332,0.328,0.358,22.0,22.9,22.71792,75.8333,ERA5,Asia/Kolkata,Open-Meteo Historical Weather API
MP-Indore,2025-11-08,19.7,28.7,12.1,0.0,0.0,0.0,44,4.43,0.313,0.316,0.35,21.2,22.2,22.71792,75.8333,ERA5,Asia/Kolkata,Open-Meteo Historical Weather API
MP-Indore,2025-11-09,19.5,28.5,11.7,0.0,0.0,0.0,43,4.31,0.296,0.305,0.342,20.9,21.9,22.71792,75.8333,ERA5,Asia/Kolkata,Open-Meteo Historical Weather API
MP-Indore,2025-11-10,19.5,28.2,11.5,0.0,0.0,0.0,48,4.01,0.285,0.299,0.337,20.9,21.7,22.71792,75.8333,ERA5,Asia/Kolkata,Open-Meteo Historical Weather API
MP-Indore,2025-11-11,20.1,28.5,13.7,0.0,0.0,0.0,54,3.83,0.277,0.294,0.334,21.1,21.8,22.71792,75.8333,ERA5,Asia/Kolkata,Open-Meteo Historical Weather API
MP-Indore,2025-11-12,19.9,28.4,12.1,0.0,0.0,0.0,52,4.1,0.27,0.289,0.331,21.4,22.0,22.71792,75.8333,ERA5,Asia/Kolkata,Open-Meteo Historical Weather API
MP-Indore,2025-11-13,19.9,28.7,11.9,0.0,0.0,0.0,48,4.25,0.267,0.286,0.328,20.9,21.7,22.71792,75.8333,ERA5,Asia/Kolkata,Open-Meteo Historical Weather API
MP-Indore,2025-11-14,19.5,28.2,12.4,0.0,0.0,0.0,55,4.11,0.263,0.282,0.321,21.1,21.7,22.71792,75.8333,ERA5,Asia/Kolkata,Open-Meteo Historical Weather API
MP-Indore,2025-11-15,19.4,27.5,13.0,0.0,0.0,0.0,53,4.14,0.258,0.278,0.315,21.3,21.8,22.71792,75.8333,ERA5,Asia/Kolkata,Open-Meteo Historical Weather API
MP-Indore,2025-11-16,18.6,27.1,11.7,0.0,0.0,0.0,49,4.41,0.256,0.276,0.31,20.5,21.7,22.71792,75.8333,ERA5,Asia/Kolkata,Open-Meteo Historical Weather API
MP-Indore,2025-11-17,18.3,26.8,11.8,0.0,0.0,0.0,46,4.42,0.254,0.273,0.307,20.2,21.2,22.71792,75.8333,ERA5,Asia/Kolkata,Open-Meteo Historical Weather API
MP-Indore,2025-11-18,18.1,27.0,10.8,0.0,0.0,0.0,54,4.06,0.253,0.272,0.304,19.9,20.9,22.71792,75.8333,ERA5,Asia/Kolkata,Open-Meteo Historical Weather API
MP-Indore,2025-11-19,18.4,27.4,11.3,0.0,0.0,0.0,55,3.94,0.253,0.271,0.304,20.2,21.0,22.71792,75.8333,ERA5,Asia/Kolkata,Open-Meteo Historical Weather API
MP-Indore,2025-11-20,19.0,28.0,12.3,0.0,0.0,0.0,60,3.86,0.254,0.272,0.304,20.6,21.2,22.71792,75.8333,ERA5,Asia/Kolkata,Open-Meteo Historical Weather API
MP-Indore,2025-11-21,19.8,28.3,12.7,0.0,0.0,0.0,63,3.8,0.253,0.272,0.304,21.4,21.7,22.71792,75.8333,ERA5,Asia/Kolkata,Open-Meteo Historical Weather API
MP-Indore,2025-11-22,19.9,28.4,13.8,0.0,0.0,0.0,62,3.76,0.255,0.275,0.306,21.3,21.9,22.71792,75.8333,ERA5,Asia/Kolkata,Open-Meteo Historical Weather API
MP-Indore,2025-11-23,20.8,28.8,14.1,0.0,0.0,0.0,63,3.64,0.257,0.278,0.309,21.8,22.0,22.71792,75.8333,ERA5,Asia/Kolkata,Open-Meteo Historical Weather API
MP-Indore,2025-11-24,22.0,28.2,16.0,0.0,0.0,0.0,68,3.17,0.258,0.279,0.311,22.9,22.7,22.71792,75.8333,ERA5,Asia/Kolkata,Open-Meteo Historical Weather API
MP-Indore,2025-11-25,21.9,26.7,17.9,0.2,0.2,2.0,71,2.65,0.259,0.28,0.312,23.1,23.2,22.71792,75.8333,ERA5,Asia/Kolkata,Open-Meteo Historical Weather API
MP-Indore,2025-11-26,22.4,28.2,18.1,0.2,0.2,2.0,68,3.27,0.26,0.281,0.314,23.6,23.5,22.71792,75.8333,ERA5,Asia/Kolkata,Open-Meteo Historical Weather API
MP-Indore,2025-11-27,22.6,27.9,18.7,0.1,0.1,1.0,68,3.32,0.26,0.284,0.316,24.0,23.9,22.71792,75.8333,ERA5,Asia/Kolkata,Open-Meteo Historical Weather API
MP-Indore,2025-11-28,21.6,28.0,17.2,0.0,0.0,0.0,64,3.69,0.26,0.287,0.319,23.5,23.8,22.71792,75.8333,ERA5,Asia/Kolkata,Open-Meteo Historical Weather API
MP-Indore,2025-11-29,20.2,27.8,15.1,0.0,0.0,0.0,56,3.86,0.26,0.29,0.321,22.2,23.1,22.71792,75.8333,ERA5,Asia/Kolkata,Open-Meteo Historical Weather API
MP-Indore,2025-11-30,19.6,27.7,12.8,0.0,0.0,0.0,56,3.82,0.26,0.29,0.322,21.4,22.3,22.71792,75.8333,ERA5,Asia/Kolkata,Open-Meteo Historical Weather API
MP-Indore,2025-12-01,19.2,26.4,13.0,0.0,0.0,0.0,61,3.59,0.258,0.288,0.32,21.1,22.0,22.71792,75.8333,ERA5,Asia/Kolkata,Open-Meteo Historical Weather API
MP-Indore,2025-12-02,19.7,26.9,14.3,0.0,0.0,0.0,64,3.4,0.258,0.288,0.32,21.1,21.8,22.71792,75.8333,ERA5,Asia/Kolkata,Open-Meteo Historical Weather API
MP-Indore,2025-12-03,19.3,26.3,13.2,0.0,0.0,0.0,63,3.67,0.258,0.289,0.321,20.8,21.7,22.71792,75.8333,ERA5,Asia/Kolkata,Open-Meteo Historical Weather API
MP-Indore,2025-12-04,18.9,26.0,13.1,0.0,0.0,0.0,61,3.53,0.257,0.286,0.32,20.8,21.6,22.71792,75.8333,ERA5,Asia/Kolkata,Open-Meteo Historical Weather API
MP-Indore,2025-12-05,18.5,25.8,13.1,0.0,0.0,0.0,63,3.52,0.258,0.285,0.319,20.4,21.3,22.71792,75.8333,ERA5,Asia/Kolkata,Open-Meteo Historical Weather API
MP-Indore,2025-12-06,17.7,26.6,10.3,0.0,0.0,0.0,62,3.55,0.259,0.285,0.319,19.7,21.0,22.71792,75.8333,ERA5,Asia/Kolkata,Open-Meteo Historical Weather API
MP-Indore,2025-12-07,18.1,27.6,11.1,0.0,0.0,0.0,54,3.89,0.262,0.288,0.322,19.5,20.7,22.71792,75.8333,ERA5,Asia/Kolkata,Open-Meteo Historical Weather API
MP-Indore,2025-12-08,18.3,28.5,10.0,0.0,0.0,0.0,54,3.96,0.263,0.287,0.322,19.1,20.2,22.71792,75.8333,ERA5,Asia/Kolkata,Open-Meteo Historical Weather API
MP-Indore,2025-12-09,18.8,28.9,10.9,0.0,0.0,0.0,50,4.06,0.264,0.283,0.318,19.6,20.4,22.71792,75.8333,ERA5,Asia/Kolkata,Open-Meteo Historical Weather API
MP-Indore,2025-12-10,18.1,28.0,10.3,0.0,0.0,0.0,51,3.71,0.263,0.279,0.316,19.3,20.4,22.71792,75.8333,ERA5,Asia/Kolkata,Open-Meteo Historical Weather API
MP-Indore,2025-12-11,18.1,28.0,9.9,0.0,0.0,0.0,50,3.63,0.264,0.284,0.319,18.7,20.1,22.71792,75.8333,ERA5,Asia/Kolkata,Open-Meteo Historical Weather API
MP-Indore,2025-12-12,18.1,27.6,11.2,0.0,0.0,0.0,53,3.54,0.266,0.292,0.325,18.7,19.9,22.71792,75.8333,ERA5,Asia/Kolkata,Open-Meteo Historical Weather API
MP-Indore,2025-12-13,18.3,27.8,10.1,0.0,0.0,0.0,55,3.79,0.265,0.292,0.326,18.8,19.7,22.71792,75.8333,ERA5,Asia/Kolkata,Open-Meteo Historical Weather API
MP-Indore,2025-12-14,18.8,28.1,10.9,0.0,0.0,0.0,55,3.89,0.261,0.287,0.322,19.5,19.9,22.71792,75.8333,ERA5,Asia/Kolkata,Open-Meteo Historical Weather API
MP-Indore,2025-12-15,17.8,27.1,11.3,0.0,0.0,0.0,55,3.78,0.258,0.28,0.317,19.3,20.1,22.71792,75.8333,ERA5,Asia/Kolkata,Open-Meteo Historical Weather API
MP-Indore,2025-12-16,17.2,26.5,9.7,0.0,0.0,0.0,57,3.73,0.258,0.277,0.314,18.7,19.9,22.71792,75.8333,ERA5,Asia/Kolkata,Open-Meteo Historical Weather API
MP-Indore,2025-12-17,17.5,28.3,8.4,0.0,0.0,0.0,56,3.63,0.261,0.279,0.316,18.4,19.5,22.71792,75.8333,ERA5,Asia/Kolkata,Open-Meteo Historical Weather API
MP-Indore,2025-12-18,18.2,28.6,9.6,0.0,0.0,0.0,53,3.8,0.262,0.28,0.316,18.9,19.5,22.71792,75.8333,ERA5,Asia/Kolkata,Open-Meteo Historical Weather API
MP-Indore,2025-12-19,17.9,28.5,9.7,0.0,0.0,0.0,51,3.93,0.262,0.279,0.315,19.0,19.5,22.71792,75.8333,ERA5,Asia/Kolkata,Open-Meteo Historical Weather API
MP-Indore,2025-12-20,18.9,28.5,12.2,0.0,0.0,0.0,50,3.7,0.26,0.274,0.311,19.3,19.7,22.71792,75.8333,ERA5,Asia/Kolkata,Open-Meteo Historical Weather API
MP-Indore,2025-12-21,18.5,27.1,11.7,0.0,0.0,0.0,57,3.33,0.257,0.271,0.306,19.3,19.9,22.71792,75.8333,ERA5,Asia/Kolkata,Open-Meteo Historical Weather API
MP-Indore,2025-12-22,19.0,27.3,11.9,0.0,0.0,0.0,58,3.51,0.257,0.272,0.304,19.7,20.0,22.71792,75.8333,ERA5,Asia/Kolkata,Open-Meteo Historical Weather API
MP-Indore,2025-12-23,19.1,28.4,11.1,0.0,0.0,0.0,56,3.98,0.256,0.271,0.3,20.0,20.3,22.71792,75.8333,ERA5,Asia/Kolkata,Open-Meteo Historical Weather API
MP-Indore,2025-12-24,19.2,26.9,12.7,0.0,0.0,0.0,57,3.62,0.255,0.271,0.297,20.2,20.4,22.71792,75.8333,ERA5,Asia/Kolkata,Open-Meteo Historical Weather API
MP-Indore,2025-12-25,18.1,25.8,11.5,0.0,0.0,0.0,65,3.35,0.257,0.271,0.295,20.0,20.5,22.71792,75.8333,ERA5,Asia/Kolkata,Open-Meteo Historical Weather API
MP-Indore,2025-12-26,17.7,25.5,11.3,0.0,0.0,0.0,59,3.44,0.26,0.273,0.296,19.7,20.2,22.71792,75.8333,ERA5,Asia/Kolkata,Open-Meteo Historical Weather API
MP-Indore,2025-12-27,17.3,25.8,9.8,0.0,0.0,0.0,59,3.3,0.26,0.273,0.295,19.4,20.0,22.71792,75.8333,ERA5,Asia/Kolkata,Open-Meteo Historical Weather API
MP-Indore,2025-12-28,17.5,26.3,10.8,0.0,0.0,0.0,60,3.36,0.26,0.273,0.295,19.5,20.1,22.71792,75.8333,ERA5,Asia/Kolkata,Open-Meteo Historical Weather API
MP-Indore,2025-12-29,18.0,26.9,11.1,0.0,0.0,0.0,58,3.55,0.259,0.273,0.294,19.7,20.1,22.71792,75.8333,ERA5,Asia/Kolkata,Open-Meteo Historical Weather API
MP-Indore,2025-12-30,18.3,27.0,11.4,0.0,0.0,0.0,61,3.59,0.258,0.273,0.293,19.7,20.0,22.71792,75.8333,ERA5,Asia/Kolkata,Open-Meteo Historical Weather API
MP-Indore,2025-12-31,18.6,26.1,12.4,0.0,0.0,0.0,60,3.54,0.259,0.275,0.294,19.7,20.1,22.71792,75.8333,ERA5,Asia/Kolkata,Open-Meteo Historical Weather API
