region,date,temperature_2m_mean,temperature_2m_max,temperature_2m_min,precipitation_sum,rain_sum,precipitation_hours,relative_humidity_2m_mean,et0_fao_evapotranspiration,soil_moisture_0_to_7cm_mean,soil_moisture_7_to_28cm_mean,soil_moisture_28_to_100cm_mean,soil_temperature_0_to_7cm_mean,soil_temperature_7_to_28cm_mean,latitude_requested,longitude_requested,weather_model,timezone,source
MH-Yavatmal,2011-01-01,19.7,23.9,16.9,0.0,0.0,0.0,59,3.16,0.207,0.249,0.314,21.4,22.0,20.39324,78.13201,ERA5,Asia/Kolkata,Open-Meteo Historical Weather API
MH-Yavatmal,2011-01-02,18.2,24.0,13.7,0.0,0.0,0.0,52,3.27,0.209,0.251,0.316,19.7,21.0,20.39324,78.13201,ERA5,Asia/Kolkata,Open-Meteo Historical Weather API
MH-Yavatmal,2011-01-03,18.9,25.2,13.9,0.0,0.0,0.0,53,3.63,0.21,0.253,0.317,19.7,20.5,20.39324,78.13201,ERA5,Asia/Kolkata,Open-Meteo Historical Weather API
MH-Yavatmal,2011-01-04,19.0,25.0,14.4,0.0,0.0,0.0,53,3.36,0.21,0.253,0.318,20.0,20.7,20.39324,78.13201,ERA5,Asia/Kolkata,Open-Meteo Historical Weather API
MH-Yavatmal,2011-01-05,17.0,24.3,11.4,0.0,0.0,0.0,53,3.77,0.209,0.253,0.318,18.8,20.1,20.39324,78.13201,ERA5,Asia/Kolkata,Open-Meteo Historical Weather API
MH-Yavatmal,2011-01-06,15.0,23.5,8.0,0.0,0.0,0.0,49,3.89,0.207,0.252,0.318,16.7,18.7,20.39324,78.13201,ERA5,Asia/Kolkata,Open-Meteo Historical Weather API
MH-Yavatmal,2011-01-07,15.0,24.0,7.1,0.0,0.0,0.0,51,3.88,0.205,0.248,0.316,16.1,18.0,20.39324,78.13201,ERA5,Asia/Kolkata,Open-Meteo Historical Weather API
MH-Yavatmal,2011-01-08,16.8,25.2,8.1,0.0,0.0,0.0,48,3.76,0.202,0.246,0.314,16.5,17.8,20.39324,78.13201,ERA5,Asia/Kolkata,Open-Meteo Historical Weather API
MH-Yavatmal,2011-01-09,18.1,26.1,9.7,0.0,0.0,0.0,47,3.67,0.2,0.244,0.314,17.1,18.0,20.39324,78.13201,ERA5,Asia/Kolkata,Open-Meteo Historical Weather API
MH-Yavatmal,2011-01-10,17.2,25.0,9.5,0.0,0.0,0.0,46,3.98,0.201,0.246,0.316,17.1,18.2,20.39324,78.13201,ERA5,Asia/Kolkata,Open-Meteo Historical Weather API
MH-Yavatmal,2011-01-11,16.8,25.0,9.5,0.0,0.0,0.0,52,3.61,0.201,0.248,0.319,17.0,18.0,20.39324,78.13201,ERA5,Asia/Kolkata,Open-Meteo Historical Weather API
MH-Yavatmal,2011-01-12,18.1,27.3,8.8,0.0,0.0,0.0,53,3.58,0.2,0.246,0.319,17.3,18.1,20.39324,78.13201,ERA5,Asia/Kolkata,Open-Meteo Historical Weather API
MH-Yavatmal,2011-01-13,19.8,29.5,11.7,0.0,0.0,0.0,51,3.83,0.2,0.244,0.319,18.9,18.8,20.39324,78.13201,ERA5,Asia/Kolkata,Open-Meteo Historical Weather API
MH-Yavatmal,2011-01-14,21.0,31.0,12.3,0.0,0.0,0.0,47,4.17,0.199,0.244,0.318,19.6,19.6,20.39324,78.13201,ERA5,Asia/Kolkata,Open-Meteo Historical Weather API
MH-Yavatmal,2011-01-15,21.3,29.7,14.1,0.0,0.0,0.0,49,4.33,0.2,0.244,0.318,20.6,20.1,20.39324,78.13201,ERA5,Asia/Kolkata,Open-Meteo Historical Weather API
MH-Yavatmal,2011-01-16,19.5,25.9,14.3,0.0,0.0,0.0,55,3.94,0.201,0.244,0.317,20.7,20.6,20.39324,78.13201,ERA5,Asia/Kolkata,Open-Meteo Historical Weather API
MH-Yavatmal,2011-01-17,18.2,26.8,10.4,0.0,0.0,0.0,39,3.99,0.201,0.244,0.318,18.5,19.8,20.39324,78.13201,ERA5,Asia/Kolkata,Open-Meteo Historical Weather API
MH-Yavatmal,2011-01-18,18.6,29.0,10.0,0.0,0.0,0.0,45,4.36,0.199,0.243,0.318,18.6,19.1,20.39324,78.13201,ERA5,Asia/Kolkata,Open-Meteo Historical Weather API
MH-Yavatmal,2011-01-19,19.8,28.7,11.9,0.0,0.0,0.0,50,4.38,0.198,0.241,0.317,19.9,19.7,20.39324,78.13201,ERA5,Asia/Kolkata,Open-Meteo Historical Weather API
MH-Yavatmal,2011-01-20,20.1,27.3,12.8,0.0,0.0,0.0,51,4.21,0.196,0.239,0.316,20.4,20.3,20.39324,78.13201,ERA5,Asia/Kolkata,Open-Meteo Historical Weather API
MH-Yavatmal,2011-01-21,18.6,26.9,12.0,0.0,0.0,0.0,48,4.18,0.197,0.239,0.316,19.4,20.2,20.39324,78.13201,ERA5,Asia/Kolkata,Open-Meteo Historical Weather API
MH-Yavatmal,2011-01-22,19.9,28.6,10.6,0.0,0.0,0.0,46,4.16,0.197,0.238,0.314,19.3,19.8,20.39324,78.13201,ERA5,Asia/Kolkata,Open-Meteo Historical Weather API
MH-Yavatmal,2011-01-23,21.2,30.0,14.7,0.0,0.0,0.0,48,4.17,0.197,0.238,0.313,20.3,20.2,20.39324,78.13201,ERA5,Asia/Kolkata,Open-Meteo Historical Weather API
MH-Yavatmal,2011-01-24,22.2,30.7,16.5,0.0,0.0,0.0,50,4.13,0.197,0.237,0.311,21.3,20.8,20.39324,78.13201,ERA5,Asia/Kolkata,Open-Meteo Historical Weather API
MH-Yavatmal,2011-01-25,22.8,30.9,16.8,0.0,0.0,0.0,52,4.34,0.197,0.236,0.31,22.4,21.6,20.39324,78.13201,ERA5,Asia/Kolkata,Open-Meteo Historical Weather API
MH-Yavatmal,2011-01-26,23.4,30.7,17.7,0.0,0.0,0.0,54,4.47,0.194,0.233,0.308,23.4,22.4,20.39324,78.13201,ERA5,Asia/Kolkata,Open-Meteo Historical Weather API
MH-Yavatmal,2011-01-27,22.6,29.8,16.5,0.0,0.0,0.0,57,4.13,0.193,0.232,0.307,23.3,22.7,20.39324,78.13201,ERA5,Asia/Kolkata,Open-Meteo Historical Weather API
MH-Yavatmal,2011-01-28,23.3,30.8,16.8,0.0,0.0,0.0,52,4.21,0.194,0.232,0.308,23.4,23.0,20.39324,78.13201,ERA5,Asia/Kolkata,Open-Meteo Historical Weather API
MH-Yavatmal,2011-01-29,23.7,31.1,17.8,0.0,0.0,0.0,48,5.02,0.194,0.231,0.307,23.5,23.1,20.39324,78.13201,ERA5,Asia/Kolkata,Open-Meteo Historical Weather API
MH-Yavatmal,2011-01-30,22.9,31.2,15.3,0.0,0.0,0.0,53,4.5,0.194,0.231,0.307,23.3,23.0,20.39324,78.13201,ERA5,Asia/Kolkata,Open-Meteo Historical Weather API
MH-Yavatmal,2011-01-31,22.6,29.9,17.0,0.0,0.0,0.0,54,4.27,0.196,0.232,0.308,23.4,23.1,20.39324,78.13201,ERA5,Asia/Kolkata,Open-Meteo Historical Weather API
MH-Yavatmal,2011-02-01,23.0,29.7,17.7,0.0,0.0,0.0,52,4.4,0.197,0.233,0.308,23.8,23.3,20.39324,78.13201,ERA5,Asia/Kolkata,Open-Meteo Historical Weather API
MH-Yavatmal,2011-02-02,22.8,29.6,16.8,0.0,0.0,0.0,53,4.51,0.197,0.233,0.308,23.8,23.4,20.39324,78.13201,ERA5,Asia/Kolkata,Open-Meteo Historical Weather API
MH-Yavatmal,2011-02-03,21.9,30.1,15.6,0.0,0.0,0.0,49,4.74,0.197,0.232,0.307,22.9,23.1,20.39324,78.13201,ERA5,Asia/Kolkata,Open-Meteo Historical Weather API
MH-Yavatmal,2011-02-04,22.6,30.6,14.5,0.0,0.0,0.0,41,4.59,0.194,0.229,0.305,22.3,22.8,20.39324,78.13201,ERA5,Asia/Kolkata,Open-Meteo Historical Weather API
MH-Yavatmal,2011-02-05,22.2,31.2,13.5,0.0,0.0,0.0,44,5.11,0.191,0.225,0.302,22.1,22.5,20.39324,78.13201,ERA5,Asia/Kolkata,Open-Meteo Historical Weather API
MH-Yavatmal,2011-02-06,23.0,32.9,13.8,0.0,0.0,0.0,37,5.17,0.188,0.222,0.298,22.1,22.3,20.39324,78.13201,ERA5,Asia/Kolkata,Open-Meteo Historical Weather API
MH-Yavatmal,2011-02-07,23.6,32.9,15.2,0.0,0.0,0.0,44,4.93,0.188,0.22,0.296,23.4,22.8,20.39324,78.13201,ERA5,Asia/Kolkata,Open-Meteo Historical Weather API
MH-Yavatmal,2011-02-08,23.1,31.3,15.7,0.0,0.0,0.0,45,4.67,0.188,0.22,0.295,23.6,23.3,20.39324,78.13201,ERA5,Asia/Kolkata,Open-Meteo Historical Weather API
MH-Yavatmal,2011-02-09,23.9,31.8,16.5,0.0,0.0,0.0,46,4.8,0.188,0.222,0.297,24.2,23.5,20.39324,78.13201,ERA5,Asia/Kolkata,Open-Meteo Historical Weather API
MH-Yavatmal,2011-02-10,24.6,32.4,18.2,0.0,0.0,0.0,43,4.97,0.189,0.221,0.297,25.1,24.3,20.39324,78.13201,ERA5,Asia/Kolkata,Open-Meteo Historical Weather API
MH-Yavatmal,2011-02-11,24.6,32.3,18.9,0.0,0.0,0.0,43,4.97,0.192,0.221,0.297,25.4,24.6,20.39324,78.13201,ERA5,Asia/Kolkata,Open-Meteo Historical Weather API
MH-Yavatmal,2011-02-12,24.5,32.4,17.5,0.0,0.0,0.0,44,4.84,0.193,0.22,0.296,25.0,24.5,20.39324,78.13201,ERA5,Asia/Kolkata,Open-Meteo Historical Weather API
MH-Yavatmal,2011-02-13,24.8,33.1,17.6,0.0,0.0,0.0,43,5.04,0.192,0.219,0.295,25.4,24.6,20.39324,78.13201,ERA5,Asia/Kolkata,Open-Meteo Historical Weather API
MH-Yavatmal,2011-02-14,25.9,33.3,19.9,0.0,0.0,0.0,39,5.36,0.19,0.217,0.293,26.0,25.1,20.39324,78.13201,ERA5,Asia/Kolkata,Open-Meteo Historical Weather API
MH-Yavatmal,2011-02-15,25.3,33.0,19.9,0.0,0.0,0.0,34,6.16,0.191,0.215,0.292,25.7,25.3,20.39324,78.13201,ERA5,Asia/Kolkata,Open-Meteo Historical Weather API
MH-Yavatmal,2011-02-16,23.9,30.1,18.2,0.0,0.0,0.0,45,5.28,0.191,0.216,0.292,25.2,24.8,20.39324,78.13201,ERA5,Asia/Kolkata,Open-Meteo Historical Weather API
MH-Yavatmal,2011-02-17,23.7,29.8,18.6,0.0,0.0,0.0,52,4.88,0.193,0.218,0.293,25.3,24.8,20.39324,78.13201,ERA5,Asia/Kolkata,Open-Meteo Historical Weather API
MH-Yavatmal,2011-02-18,23.1,29.2,17.4,0.0,0.0,0.0,51,4.61,0.193,0.218,0.292,24.7,24.7,20.39324,78.13201,ERA5,Asia/Kolkata,Open-Meteo Historical Weather API
MH-Yavatmal,2011-02-19,23.4,27.9,20.0,0.0,0.0,0.0,51,4.51,0.192,0.217,0.291,24.7,24.7,20.39324,78.13201,ERA5,Asia/Kolkata,Open-Meteo Historical Weather API
MH-Yavatmal,2011-02-20,21.7,25.6,18.9,2.4,2.4,10.0,69,2.77,0.202,0.218,0.291,23.5,24.2,20.39324,78.13201,ERA5,Asia/Kolkata,Open-Meteo Historical Weather API
MH-Yavatmal,2011-02-21,22.1,28.1,17.0,0.0,0.0,0.0,63,4.55,0.213,0.219,0.292,24.1,23.7,20.39324,78.13201,ERA5,Asia/Kolkata,Open-Meteo Historical Weather API
MH-Yavatmal,2011-02-22,22.2,29.4,15.5,0.0,0.0,0.0,50,5.11,0.21,0.22,0.293,23.7,23.7,20.39324,78.13201,ERA5,Asia/Kolkata,Open-Meteo Historical Weather API
MH-Yavatmal,2011-02-23,23.9,31.2,17.2,0.0,0.0,0.0,50,5.16,0.205,0.219,0.291,24.9,23.9,20.39324,78.13201,ERA5,Asia/Kolkata,Open-Meteo Historical Weather API
MH-Yavatmal,2011-02-24,24.3,31.6,18.8,0.9,0.9,1.0,51,4.55,0.203,0.218,0.291,25.2,24.6,20.39324,78.13201,ERA5,Asia/Kolkata,Open-Meteo Historical Weather API
MH-Yavatmal,2011-02-25,23.8,29.6,18.7,0.1,0.1,1.0,69,3.73,0.208,0.223,0.294,25.3,25.0,20.39324,78.13201,ERA5,Asia/Kolkata,Open-Meteo Historical Weather API
MH-Yavatmal,2011-02-26,23.7,30.4,17.0,0.0,0.0,0.0,58,4.72,0.208,0.224,0.294,25.0,24.7,20.39324,78.13201,ERA5,Asia/Kolkata,Open-Meteo Historical Weather API
MH-Yavatmal,2011-02-27,24.1,31.5,16.9,0.0,0.0,0.0,47,5.16,0.205,0.223,0.294,24.9,24.6,20.39324,78.13201,ERA5,Asia/Kolkata,Open-Meteo Historical Weather API
MH-Yavatmal,2011-02-28,25.0,32.4,18.3,0.0,0.0,0.0,46,5.41,0.2,0.223,0.292,25.7,24.9,20.39324,78.13201,ERA5,Asia/Kolkata,Open-Meteo Historical Weather API
MH-Yavatmal,2011-03-01,26.0,32.9,20.1,0.0,0.0,0.0,53,4.59,0.198,0.223,0.292,26.7,25.7,20.39324,78.13201,ERA5,Asia/Kolkata,Open-Meteo Historical Weather API
MH-Yavatmal,2011-03-02,26.9,32.9,20.9,0.0,0.0,0.0,54,4.5,0.197,0.224,0.293,27.5,26.3,20.39324,78.13201,ERA5,Asia/Kolkata,Open-Meteo Historical Weather API
MH-Yavatmal,2011-03-03,27.8,34.7,21.5,0.0,0.0,0.0,50,5.27,0.195,0.223,0.292,28.2,26.8,20.39324,78.13201,ERA5,Asia/Kolkata,Open-Meteo Historical Weather API
MH-Yavatmal,2011-03-04,28.3,35.1,23.4,0.0,0.0,0.0,47,5.29,0.193,0.223,0.291,28.9,27.6,20.39324,78.13201,ERA5,Asia/Kolkata,Open-Meteo Historical Weather API
MH-Yavatmal,2011-03-05,28.3,35.1,22.7,0.1,0.1,1.0,50,5.09,0.192,0.221,0.289,29.0,27.9,20.39324,78.13201,ERA5,Asia/Kolkata,Open-Meteo Historical Weather API
MH-Yavatmal,2011-03-06,28.6,35.5,22.0,0.0,0.0,0.0,47,5.3,0.19,0.219,0.288,29.3,28.1,20.39324,78.13201,ERA5,Asia/Kolkata,Open-Meteo Historical Weather API
MH-Yavatmal,2011-03-07,28.8,36.4,22.0,0.0,0.0,0.0,42,6.1,0.191,0.22,0.288,29.2,28.2,20.39324,78.13201,ERA5,Asia/Kolkata,Open-Meteo Historical Weather API
MH-Yavatmal,2011-03-08,28.3,36.8,20.2,0.0,0.0,0.0,38,6.32,0.19,0.22,0.287,29.1,28.3,20.39324,78.13201,ERA5,Asia/Kolkata,Open-Meteo Historical Weather API
MH-Yavatmal,2011-03-09,28.5,35.7,22.6,0.0,0.0,0.0,35,6.66,0.19,0.218,0.285,29.3,28.4,20.39324,78.13201,ERA5,Asia/Kolkata,Open-Meteo Historical Weather API
MH-Yavatmal,2011-03-10,27.6,35.2,20.0,0.0,0.0,0.0,35,6.17,0.188,0.216,0.283,29.1,28.3,20.39324,78.13201,ERA5,Asia/Kolkata,Open-Meteo Historical Weather API
MH-Yavatmal,2011-03-11,27.3,34.2,19.8,0.0,0.0,0.0,33,6.6,0.189,0.217,0.283,28.8,28.3,20.39324,78.13201,ERA5,Asia/Kolkata,Open-Meteo Historical Weather API
MH-Yavatmal,2011-03-12,25.8,33.1,18.9,0.0,0.0,0.0,38,6.11,0.191,0.219,0.285,27.7,27.7,20.39324,78.13201,ERA5,Asia/Kolkata,Open-Meteo Historical Weather API
MH-Yavatmal,2011-03-13,26.0,33.7,18.4,0.0,0.0,0.0,33,5.96,0.193,0.221,0.287,27.3,27.1,20.39324,78.13201,ERA5,Asia/Kolkata,Open-Meteo Historical Weather API
MH-Yavatmal,2011-03-14,26.5,35.4,17.4,0.0,0.0,0.0,31,6.01,0.191,0.219,0.285,27.1,27.0,20.39324,78.13201,ERA5,Asia/Kolkata,Open-Meteo Historical Weather API
MH-Yavatmal,2011-03-15,27.4,35.9,18.5,0.0,0.0,0.0,33,6.93,0.189,0.218,0.283,27.7,27.1,20.39324,78.13201,ERA5,Asia/Kolkata,Open-Meteo Historical Weather API
MH-Yavatmal,2011-03-16,28.0,35.8,21.1,0.0,0.0,0.0,28,7.21,0.188,0.215,0.281,28.0,27.5,20.39324,78.13201,ERA5,Asia/Kolkata,Open-Meteo Historical Weather API
MH-Yavatmal,2011-03-17,27.8,36.8,18.9,0.0,0.0,0.0,30,6.17,0.187,0.212,0.278,28.0,27.4,20.39324,78.13201,ERA5,Asia/Kolkata,Open-Meteo Historical Weather API
MH-Yavatmal,2011-03-18,28.5,37.6,20.5,0.0,0.0,0.0,29,7.32,0.188,0.209,0.276,28.9,27.9,20.39324,78.13201,ERA5,Asia/Kolkata,Open-Meteo Historical Weather API
MH-Yavatmal,2011-03-19,29.0,37.9,20.1,0.0,0.0,0.0,31,6.91,0.191,0.211,0.276,29.6,28.4,20.39324,78.13201,ERA5,Asia/Kolkata,Open-Meteo Historical Weather API
MH-Yavatmal,2011-03-20,29.0,37.1,21.0,0.0,0.0,0.0,32,7.18,0.191,0.212,0.276,29.9,28.8,20.39324,78.13201,ERA5,Asia/Kolkata,Open-Meteo Historical Weather API
MH-Yavatmal,2011-03-21,29.2,37.2,21.3,0.0,0.0,0.0,30,7.06,0.19,0.211,0.274,30.2,29.0,20.39324,78.13201,ERA5,Asia/Kolkata,Open-Meteo Historical Weather API
MH-Yavatmal,2011-03-22,29.4,37.2,22.7,0.0,0.0,0.0,33,6.45,0.188,0.209,0.271,30.8,29.3,20.39324,78.13201,ERA5,Asia/Kolkata,Open-Meteo Historical Weather API
MH-Yavatmal,2011-03-23,30.1,37.5,22.5,0.0,0.0,0.0,33,5.77,0.187,0.208,0.27,31.2,29.7,20.39324,78.13201,ERA5,Asia/Kolkata,Open-Meteo Historical Weather API
MH-Yavatmal,2011-03-24,29.6,35.0,24.9,0.0,0.0,0.0,35,5.79,0.186,0.209,0.269,31.2,30.1,20.39324,78.13201,ERA5,Asia/Kolkata,Open-Meteo Historical Weather API
MH-Yavatmal,2011-03-25,29.1,35.9,23.9,1.1,1.1,2.0,41,5.74,0.192,0.209,0.269,30.7,30.0,20.39324,78.13201,ERA5,Asia/Kolkata,Open-Meteo Historical Weather API
MH-Yavatmal,2011-03-26,28.7,35.7,21.6,0.0,0.0,0.0,44,6.2,0.201,0.209,0.268,30.3,29.6,20.39324,78.13201,ERA5,Asia/Kolkata,Open-Meteo Historical Weather API
MH-Yavatmal,2011-03-27,28.6,37.2,19.3,0.0,0.0,0.0,28,6.87,0.195,0.208,0.266,29.6,29.2,20.39324,78.13201,ERA5,Asia/Kolkata,Open-Meteo Historical Weather API
MH-Yavatmal,2011-03-28,29.0,37.5,19.4,0.0,0.0,0.0,27,7.5,0.19,0.206,0.264,30.0,29.1,20.39324,78.13201,ERA5,Asia/Kolkata,Open-Meteo Historical Weather API
MH-Yavatmal,2011-03-29,30.7,38.9,22.8,0.0,0.0,0.0,22,8.39,0.187,0.203,0.26,31.2,29.8,20.39324,78.13201,ERA5,Asia/Kolkata,Open-Meteo Historical Weather API
MH-Yavatmal,2011-03-30,30.6,38.4,22.9,0.0,0.0,0.0,21,8.72,0.185,0.2,0.255,31.4,30.2,20.39324,78.13201,ERA5,Asia/Kolkata,Open-Meteo Historical Weather API
MH-Yavatmal,2011-03-31,30.3,37.9,23.7,0.0,0.0,0.0,22,8.7,0.185,0.198,0.252,31.3,30.3,20.39324,78.13201,ERA5,Asia/Kolkata,Open-Meteo Historical Weather API
MH-Yavatmal,2011-04-01,30.4,37.7,24.0,0.0,0.0,0.0,22,8.53,0.183,0.196,0.248,31.5,30.3,20.39324,78.13201,ERA5,Asia/Kolkata,Open-Meteo Historical Weather API
MH-Yavatmal,2011-04-02,30.2,38.3,23.2,0.0,0.0,0.0,26,7.92,0.181,0.195,0.245,31.7,30.5,20.39324,78.13201,ERA5,Asia/Kolkata,Open-Meteo Historical Weather API
MH-Yavatmal,2011-04-03,30.4,37.5,23.3,0.0,0.0,0.0,27,7.37,0.182,0.195,0.244,32.0,30.7,20.39324,78.13201,ERA5,Asia/Kolkata,Open-Meteo Historical Weather API
MH-Yavatmal,2011-04-04,31.0,37.6,23.8,0.0,0.0,0.0,24,7.36,0.182,0.196,0.244,32.8,31.3,20.39324,78.13201,ERA5,Asia/Kolkata,Open-Meteo Historical Weather API
MH-Yavatmal,2011-04-05,29.7,35.3,25.3,0.8,0.8,2.0,37,6.99,0.191,0.196,0.243,32.0,31.3,20.39324,78.13201,ERA5,Asia/Kolkata,Open-Meteo Historical Weather API
MH-Yavatmal,2011-04-06,29.4,35.0,24.3,0.0,0.0,0.0,48,5.94,0.204,0.196,0.243,31.1,30.6,20.39324,78.13201,ERA5,Asia/Kolkata,Open-Meteo Historical Weather API
MH-Yavatmal,2011-04-07,28.0,35.3,23.2,1.1,1.1,3.0,56,4.86,0.206,0.198,0.246,30.6,30.5,20.39324,78.13201,ERA5,Asia/Kolkata,Open-Meteo Historical Weather API
MH-Yavatmal,2011-04-08,28.5,36.2,21.1,0.2,0.2,1.0,54,5.8,0.213,0.2,0.247,30.3,30.1,20.39324,78.13201,ERA5,Asia/Kolkata,Open-Meteo Historical Weather API
MH-Yavatmal,2011-04-09,29.6,36.6,23.6,0.0,0.0,0.0,39,6.39,0.207,0.203,0.249,31.4,30.6,20.39324,78.13201,ERA5,Asia/Kolkata,Open-Meteo Historical Weather API
MH-Yavatmal,2011-04-10,30.2,37.2,23.8,0.0,0.0,0.0,40,6.31,0.203,0.205,0.25,31.9,31.0,20.39324,78.13201,ERA5,Asia/Kolkata,Open-Meteo Historical Weather API
MH-Yavatmal,2011-04-11,31.3,37.9,25.3,0.0,0.0,0.0,37,6.14,0.195,0.203,0.248,32.7,31.5,20.39324,78.13201,ERA5,Asia/Kolkata,Open-Meteo Historical Weather API
MH-Yavatmal,2011-04-12,32.0,38.4,26.0,0.0,0.0,0.0,36,6.07,0.19,0.202,0.247,33.2,32.0,20.39324,78.13201,ERA5,Asia/Kolkata,Open-Meteo Historical Weather API
MH-Yavatmal,2011-04-13,32.6,39.1,26.7,0.4,0.4,1.0,34,7.29,0.188,0.204,0.248,34.0,32.6,20.39324,78.13201,ERA5,Asia/Kolkata,Open-Meteo Historical Weather API
MH-Yavatmal,2011-04-14,32.2,38.8,25.0,0.0,0.0,0.0,36,7.05,0.19,0.207,0.252,34.0,32.7,20.39324,78.13201,ERA5,Asia/Kolkata,Open-Meteo Historical Weather API
MH-Yavatmal,2011-04-15,32.1,38.5,26.6,0.0,0.0,0.0,37,6.89,0.187,0.207,0.251,34.1,33.0,20.39324,78.13201,ERA5,Asia/Kolkata,Open-Meteo Historical Weather API
MH-Yavatmal,2011-04-16,32.5,38.9,27.7,0.0,0.0,0.0,41,6.97,0.184,0.206,0.25,34.5,33.1,20.39324,78.13201,ERA5,Asia/Kolkata,Open-Meteo Historical Weather API
MH-Yavatmal,2011-04-17,33.2,40.3,27.3,1.1,1.1,2.0,40,6.81,0.186,0.208,0.251,35.0,33.4,20.39324,78.13201,ERA5,Asia/Kolkata,Open-Meteo Historical Weather API
MH-Yavatmal,2011-04-18,33.2,39.5,27.6,0.0,0.0,0.0,36,7.61,0.19,0.208,0.251,34.9,33.6,20.39324,78.13201,ERA5,Asia/Kolkata,Open-Meteo Historical Weather API
MH-Yavatmal,2011-04-19,33.6,40.4,27.6,0.0,0.0,0.0,33,7.44,0.189,0.207,0.249,35.2,33.7,20.39324,78.13201,ERA5,Asia/Kolkata,Open-Meteo Historical Weather API
MH-Yavatmal,2011-04-20,32.2,38.6,26.6,1.1,1.1,1.0,41,6.14,0.192,0.209,0.251,34.5,33.8,20.39324,78.13201,ERA5,Asia/Kolkata,Open-Meteo Historical Weather API
MH-Yavatmal,2011-04-21,31.1,38.6,26.3,1.7,1.7,4.0,48,6.43,0.202,0.21,0.252,33.6,33.2,20.39324,78.13201,ERA5,Asia/Kolkata,Open-Meteo Historical Weather API
MH-Yavatmal,2011-04-22,27.7,35.3,21.2,2.8,2.8,5.0,63,5.62,0.226,0.21,0.253,31.4,31.8,20.39324,78.13201,ERA5,Asia/Kolkata,Open-Meteo Historical Weather API
MH-Yavatmal,2011-04-23,29.5,36.2,24.4,0.2,0.2,1.0,51,5.87,0.225,0.209,0.254,32.4,31.7,20.39324,78.13201,ERA5,Asia/Kolkata,Open-Meteo Historical Weather API
MH-Yavatmal,2011-04-24,30.3,36.4,24.0,0.0,0.0,0.0,43,5.91,0.217,0.212,0.255,32.3,31.9,20.39324,78.13201,ERA5,Asia/Kolkata,Open-Meteo Historical Weather API
MH-Yavatmal,2011-04-25,31.2,38.0,24.6,0.0,0.0,0.0,40,6.74,0.207,0.209,0.252,32.9,32.2,20.39324,78.13201,ERA5,Asia/Kolkata,Open-Meteo Historical Weather API
MH-Yavatmal,2011-04-26,32.2,39.9,24.8,0.0,0.0,0.0,37,7.18,0.196,0.205,0.249,33.6,32.4,20.39324,78.13201,ERA5,Asia/Kolkata,Open-Meteo Historical Weather API
MH-Yavatmal,2011-04-27,33.0,39.8,25.9,0.0,0.0,0.0,32,8.29,0.189,0.202,0.246,34.3,32.9,20.39324,78.13201,ERA5,Asia/Kolkata,Open-Meteo Historical Weather API
MH-Yavatmal,2011-04-28,33.1,40.7,25.1,0.0,0.0,0.0,33,8.04,0.187,0.203,0.246,34.8,33.4,20.39324,78.13201,ERA5,Asia/Kolkata,Open-Meteo Historical Weather API
MH-Yavatmal,2011-04-29,33.7,40.8,26.9,0.0,0.0,0.0,35,7.18,0.185,0.203,0.244,35.2,33.6,20.39324,78.13201,ERA5,Asia/Kolkata,Open-Meteo Historical Weather API
MH-Yavatmal,2011-04-30,34.3,40.4,28.3,0.0,0.0,0.0,33,6.87,0.18,0.2,0.242,35.7,34.1,20.39324,78.13201,ERA5,Asia/Kolkata,Open-Meteo Historical Weather API
MH-Yavatmal,2011-05-01,34.0,39.9,29.4,0.2,0.2,1.0,39,6.69,0.178,0.2,0.241,36.5,34.7,20.39324,78.13201,ERA5,Asia/Kolkata,Open-Meteo Historical Weather API
MH-Yavatmal,2011-05-02,34.8,41.7,28.8,0.0,0.0,0.0,30,8.35,0.183,0.201,0.24,36.1,35.0,20.39324,78.13201,ERA5,Asia/Kolkata,Open-Meteo Historical Weather API
MH-Yavatmal,2011-05-03,34.9,40.8,29.7,0.0,0.0,0.0,24,10.32,0.182,0.201,0.238,36.2,35.0,20.39324,78.13201,ERA5,Asia/Kolkata,Open-Meteo Historical Weather API
MH-Yavatmal,2011-05-04,33.8,40.1,27.4,0.0,0.0,0.0,26,10.56,0.182,0.199,0.236,35.5,34.6,20.39324,78.13201,ERA5,Asia/Kolkata,Open-Meteo Historical Weather API
MH-Yavatmal,2011-05-05,33.9,39.9,27.7,0.0,0.0,0.0,31,9.02,0.179,0.198,0.234,35.9,34.5,20.39324,78.13201,ERA5,Asia/Kolkata,Open-Meteo Historical Weather API
MH-Yavatmal,2011-05-06,34.5,40.2,29.2,0.0,0.0,0.0,30,9.47,0.177,0.197,0.232,36.4,34.9,20.39324,78.13201,ERA5,Asia/Kolkata,Open-Meteo Historical Weather API
MH-Yavatmal,2011-05-07,34.6,40.5,29.2,0.0,0.0,0.0,24,10.25,0.177,0.197,0.23,36.4,35.1,20.39324,78.13201,ERA5,Asia/Kolkata,Open-Meteo Historical Weather API
MH-Yavatmal,2011-05-08,34.2,40.4,28.2,0.0,0.0,0.0,30,8.08,0.177,0.196,0.229,36.1,35.0,20.39324,78.13201,ERA5,Asia/Kolkata,Open-Meteo Historical Weather API
MH-Yavatmal,2011-05-09,35.0,41.3,30.2,0.0,0.0,0.0,27,8.37,0.177,0.195,0.227,36.5,35.2,20.39324,78.13201,ERA5,Asia/Kolkata,Open-Meteo Historical Weather API
MH-Yavatmal,2011-05-10,34.4,39.7,29.2,0.0,0.0,0.0,26,8.72,0.179,0.197,0.229,36.3,35.3,20.39324,78.13201,ERA5,Asia/Kolkata,Open-Meteo Historical Weather API
MH-Yavatmal,2011-05-11,34.8,41.2,29.1,0.0,0.0,0.0,27,9.19,0.179,0.198,0.229,36.5,35.3,20.39324,78.13201,ERA5,Asia/Kolkata,Open-Meteo Historical Weather API
MH-Yavatmal,2011-05-12,35.1,41.7,28.6,0.0,0.0,0.0,24,9.57,0.179,0.197,0.228,36.6,35.3,20.39324,78.13201,ERA5,Asia/Kolkata,Open-Meteo Historical Weather API
MH-Yavatmal,2011-05-13,35.8,42.6,30.1,0.0,0.0,0.0,24,9.39,0.178,0.197,0.227,37.2,35.5,20.39324,78.13201,ERA5,Asia/Kolkata,Open-Meteo Historical Weather API
MH-Yavatmal,2011-05-14,35.2,42.3,30.2,0.0,0.0,0.0,26,9.15,0.178,0.197,0.226,37.1,35.8,20.39324,78.13201,ERA5,Asia/Kolkata,Open-Meteo Historical Weather API
MH-Yavatmal,2011-05-15,35.7,42.7,30.1,0.0,0.0,0.0,24,8.65,0.179,0.198,0.227,37.5,35.9,20.39324,78.13201,ERA5,Asia/Kolkata,Open-Meteo Historical Weather API
MH-Yavatmal,2011-05-16,36.4,42.3,30.9,0.0,0.0,0.0,26,7.82,0.177,0.199,0.227,38.4,36.6,20.39324,78.13201,ERA5,Asia/Kolkata,Open-Meteo Historical Weather API
MH-Yavatmal,2011-05-17,36.6,43.3,29.5,0.0,0.0,0.0,27,8.04,0.177,0.199,0.227,38.4,36.9,20.39324,78.13201,ERA5,Asia/Kolkata,Open-Meteo Historical Weather API
MH-Yavatmal,2011-05-18,36.3,43.0,30.1,0.1,0.1,1.0,31,8.48,0.182,0.201,0.229,38.1,37.0,20.39324,78.13201,ERA5,Asia/Kolkata,Open-Meteo Historical Weather API
MH-Yavatmal,2011-05-19,36.9,42.9,31.2,0.0,0.0,0.0,31,9.35,0.18,0.2,0.227,38.7,37.1,20.39324,78.13201,ERA5,Asia/Kolkata,Open-Meteo Historical Weather API
MH-Yavatmal,2011-05-20,35.9,41.4,30.2,0.0,0.0,0.0,31,9.7,0.177,0.198,0.225,38.1,37.1,20.39324,78.13201,ERA5,Asia/Kolkata,Open-Meteo Historical Weather API
MH-Yavatmal,2011-05-21,34.9,41.3,28.7,0.0,0.0,0.0,36,9.78,0.178,0.198,0.225,37.4,36.4,20.39324,78.13201,ERA5,Asia/Kolkata,Open-Meteo Historical Weather API
MH-Yavatmal,2011-05-22,34.6,40.0,29.6,0.0,0.0,0.0,40,9.34,0.181,0.199,0.226,37.1,36.0,20.39324,78.13201,ERA5,Asia/Kolkata,Open-Meteo Historical Weather API
MH-Yavatmal,2011-05-23,34.8,40.8,29.8,0.0,0.0,0.0,37,8.84,0.182,0.201,0.227,37.0,36.0,20.39324,78.13201,ERA5,Asia/Kolkata,Open-Meteo Historical Weather API
MH-Yavatmal,2011-05-24,35.2,41.3,29.2,0.0,0.0,0.0,33,8.82,0.182,0.201,0.226,37.1,35.9,20.39324,78.13201,ERA5,Asia/Kolkata,Open-Meteo Historical Weather API
MH-Yavatmal,2011-05-25,35.4,41.6,30.0,0.0,0.0,0.0,33,7.99,0.183,0.202,0.227,37.5,36.4,20.39324,78.13201,ERA5,Asia/Kolkata,Open-Meteo Historical Weather API
MH-Yavatmal,2011-05-26,32.4,38.6,28.7,1.6,1.6,2.0,42,7.03,0.195,0.209,0.232,35.3,36.0,20.39324,78.13201,ERA5,Asia/Kolkata,Open-Meteo Historical Weather API
MH-Yavatmal,2011-05-27,34.3,41.1,29.2,0.1,0.1,1.0,41,7.48,0.202,0.213,0.236,35.9,35.4,20.39324,78.13201,ERA5,Asia/Kolkata,Open-Meteo Historical Weather API
MH-Yavatmal,2011-05-28,34.9,41.3,29.2,0.0,0.0,0.0,38,7.51,0.203,0.218,0.24,36.2,35.6,20.39324,78.13201,ERA5,Asia/Kolkata,Open-Meteo Historical Weather API
MH-Yavatmal,2011-05-29,36.0,41.8,30.8,0.0,0.0,0.0,33,8.45,0.195,0.214,0.238,37.0,35.9,20.39324,78.13201,ERA5,Asia/Kolkata,Open-Meteo Historical Weather API
MH-Yavatmal,2011-05-30,36.9,43.0,31.7,0.0,0.0,0.0,31,9.89,0.186,0.209,0.234,37.8,36.2,20.39324,78.13201,ERA5,Asia/Kolkata,Open-Meteo Historical Weather API
MH-Yavatmal,2011-05-31,35.6,41.2,31.9,0.0,0.0,0.0,34,9.4,0.183,0.206,0.232,37.6,36.5,20.39324,78.13201,ERA5,Asia/Kolkata,Open-Meteo Historical Weather API
MH-Yavatmal,2011-06-01,34.3,40.4,28.9,0.0,0.0,0.0,35,8.62,0.185,0.206,0.233,36.6,36.1,20.39324,78.13201,ERA5,Asia/Kolkata,Open-Meteo Historical Weather API
MH-Yavatmal,2011-06-02,34.1,38.9,30.1,0.0,0.0,0.0,38,6.73,0.188,0.208,0.234,36.3,35.8,20.39324,78.13201,ERA5,Asia/Kolkata,Open-Meteo Historical Weather API
MH-Yavatmal,2011-06-03,32.2,38.9,29.4,1.6,1.6,3.0,48,5.99,0.196,0.209,0.235,35.7,35.7,20.39324,78.13201,ERA5,Asia/Kolkata,Open-Meteo Historical Weather API
MH-Yavatmal,2011-06-04,29.9,36.0,25.7,11.2,11.2,10.0,66,4.89,0.257,0.208,0.234,34.0,34.7,20.39324,78.13201,ERA5,Asia/Kolkata,Open-Meteo Historical Weather API
MH-Yavatmal,2011-06-05,31.0,36.6,25.5,11.8,11.8,7.0,63,5.83,0.363,0.216,0.228,34.0,33.9,20.39324,78.13201,ERA5,Asia/Kolkata,Open-Meteo Historical Weather API
MH-Yavatmal,2011-06-06,30.1,35.0,25.7,3.1,3.1,4.0,68,5.34,0.365,0.237,0.226,33.1,33.4,20.39324,78.13201,ERA5,Asia/Kolkata,Open-Meteo Historical Weather API
MH-Yavatmal,2011-06-07,31.0,36.7,26.1,1.4,1.4,2.0,63,5.72,0.347,0.25,0.225,33.1,33.1,20.39324,78.13201,ERA5,Asia/Kolkata,Open-Meteo Historical Weather API
MH-Yavatmal,2011-06-08,30.1,35.8,25.5,2.1,2.1,1.0,65,5.64,0.328,0.253,0.224,32.6,32.9,20.39324,78.13201,ERA5,Asia/Kolkata,Open-Meteo Historical Weather API
MH-Yavatmal,2011-06-09,30.6,36.1,27.2,3.4,3.4,4.0,61,6.29,0.298,0.253,0.224,33.1,32.9,20.39324,78.13201,ERA5,Asia/Kolkata,Open-Meteo Historical Weather API
MH-Yavatmal,2011-06-10,30.0,34.6,26.6,1.6,1.6,3.0,59,6.11,0.29,0.252,0.224,32.5,32.8,20.39324,78.13201,ERA5,Asia/Kolkata,Open-Meteo Historical Weather API
MH-Yavatmal,2011-06-11,30.9,36.8,25.6,0.0,0.0,0.0,54,6.92,0.271,0.249,0.225,32.8,32.8,20.39324,78.13201,ERA5,Asia/Kolkata,Open-Meteo Historical Weather API
MH-Yavatmal,2011-06-12,31.3,37.2,26.1,0.0,0.0,0.0,49,7.37,0.25,0.245,0.225,33.5,33.3,20.39324,78.13201,ERA5,Asia/Kolkata,Open-Meteo Historical Weather API
MH-Yavatmal,2011-06-13,32.0,37.3,27.2,0.0,0.0,0.0,48,7.89,0.232,0.24,0.224,33.7,33.6,20.39324,78.13201,ERA5,Asia/Kolkata,Open-Meteo Historical Weather API
MH-Yavatmal,2011-06-14,32.5,38.6,28.5,0.7,0.7,3.0,48,7.21,0.223,0.231,0.22,33.9,33.8,20.39324,78.13201,ERA5,Asia/Kolkata,Open-Meteo Historical Weather API
MH-Yavatmal,2011-06-15,28.9,35.3,26.0,2.4,2.4,5.0,60,4.82,0.231,0.225,0.217,31.1,32.6,20.39324,78.13201,ERA5,Asia/Kolkata,Open-Meteo Historical Weather API
MH-Yavatmal,2011-06-16,30.1,34.8,26.9,0.2,0.2,2.0,55,6.0,0.242,0.222,0.216,31.2,31.3,20.39324,78.13201,ERA5,Asia/Kolkata,Open-Meteo Historical Weather API
MH-Yavatmal,2011-06-17,31.2,36.2,26.5,0.1,0.1,1.0,52,7.33,0.233,0.219,0.215,32.3,31.8,20.39324,78.13201,ERA5,Asia/Kolkata,Open-Meteo Historical Weather API
MH-Yavatmal,2011-06-18,31.7,36.5,26.7,0.1,0.1,1.0,49,8.43,0.22,0.217,0.215,33.2,32.6,20.39324,78.13201,ERA5,Asia/Kolkata,Open-Meteo Historical Weather API
MH-Yavatmal,2011-06-19,30.3,33.6,27.4,0.0,0.0,0.0,53,5.87,0.209,0.212,0.212,31.8,32.4,20.39324,78.13201,ERA5,Asia/Kolkata,Open-Meteo Historical Weather API
MH-Yavatmal,2011-06-20,28.8,31.2,25.6,4.8,4.8,10.0,63,3.81,0.258,0.211,0.211,29.7,30.9,20.39324,78.13201,ERA5,Asia/Kolkata,Open-Meteo Historical Weather API
MH-Yavatmal,2011-06-21,27.6,29.6,25.9,3.9,3.9,9.0,70,3.61,0.281,0.212,0.212,29.0,30.0,20.39324,78.13201,ERA5,Asia/Kolkata,Open-Meteo Historical Weather API
MH-Yavatmal,2011-06-22,29.1,32.5,25.2,0.3,0.3,2.0,62,5.59,0.294,0.214,0.213,29.6,29.4,20.39324,78.13201,ERA5,Asia/Kolkata,Open-Meteo Historical Weather API
MH-Yavatmal,2011-06-23,30.5,34.7,26.6,0.0,0.0,0.0,55,6.61,0.272,0.215,0.214,31.4,30.7,20.39324,78.13201,ERA5,Asia/Kolkata,Open-Meteo Historical Weather API
MH-Yavatmal,2011-06-24,28.7,31.5,26.6,0.0,0.0,0.0,62,4.81,0.255,0.216,0.216,30.2,30.8,20.39324,78.13201,ERA5,Asia/Kolkata,Open-Meteo Historical Weather API
MH-Yavatmal,2011-06-25,26.4,28.5,24.2,2.2,2.2,11.0,72,3.24,0.257,0.217,0.217,28.1,29.4,20.39324,78.13201,ERA5,Asia/Kolkata,Open-Meteo Historical Weather API
MH-Yavatmal,2011-06-26,25.5,27.8,23.7,9.7,9.7,21.0,83,2.09,0.304,0.219,0.218,26.7,28.0,20.39324,78.13201,ERA5,Asia/Kolkata,Open-Meteo Historical Weather API
MH-Yavatmal,2011-06-27,28.0,31.7,24.6,2.5,2.5,7.0,68,3.77,0.346,0.223,0.217,27.7,27.7,20.39324,78.13201,ERA5,Asia/Kolkata,Open-Meteo Historical Weather API
MH-Yavatmal,2011-06-28,27.0,30.7,24.4,4.3,4.3,14.0,76,2.9,0.36,0.232,0.216,27.6,28.1,20.39324,78.13201,ERA5,Asia/Kolkata,Open-Meteo Historical Weather API
MH-Yavatmal,2011-06-29,27.9,31.1,24.3,1.8,1.8,8.0,70,4.78,0.343,0.241,0.217,28.6,28.5,20.39324,78.13201,ERA5,Asia/Kolkata,Open-Meteo Historical Weather API
MH-Yavatmal,2011-06-30,28.8,33.1,25.9,0.0,0.0,0.0,61,4.64,0.313,0.241,0.215,29.2,29.1,20.39324,78.13201,ERA5,Asia/Kolkata,Open-Meteo Historical Weather API
MH-Yavatmal,2011-07-01,30.0,34.3,26.2,0.0,0.0,0.0,57,6.15,0.285,0.236,0.214,30.8,29.9,20.39324,78.13201,ERA5,Asia/Kolkata,Open-Meteo Historical Weather API
MH-Yavatmal,2011-07-02,30.2,34.9,26.9,0.2,0.2,1.0,56,5.9,0.264,0.232,0.212,31.6,30.7,20.39324,78.13201,ERA5,Asia/Kolkata,Open-Meteo Historical Weather API
MH-Yavatmal,2011-07-03,30.0,35.0,26.2,0.5,0.5,3.0,56,6.07,0.251,0.23,0.212,31.8,31.1,20.39324,78.13201,ERA5,Asia/Kolkata,Open-Meteo Historical Weather API
MH-Yavatmal,2011-07-04,29.3,35.5,25.0,0.8,0.8,3.0,62,5.2,0.254,0.227,0.212,31.2,31.0,20.39324,78.13201,ERA5,Asia/Kolkata,Open-Meteo Historical Weather API
MH-Yavatmal,2011-07-05,26.6,29.8,24.2,11.7,11.7,12.0,76,2.45,0.3,0.223,0.209,28.7,30.0,20.39324,78.13201,ERA5,Asia/Kolkata,Open-Meteo Historical Weather API
MH-Yavatmal,2011-07-06,25.9,30.4,23.2,39.4,39.4,23.0,86,2.29,0.435,0.285,0.209,27.7,28.3,20.39324,78.13201,ERA5,Asia/Kolkata,Open-Meteo Historical Weather API
MH-Yavatmal,2011-07-07,25.9,29.4,23.7,28.8,28.8,23.0,87,2.28,0.452,0.415,0.213,27.5,27.8,20.39324,78.13201,ERA5,Asia/Kolkata,Open-Meteo Historical Weather API
MH-Yavatmal,2011-07-08,25.1,26.8,23.7,10.3,10.3,21.0,89,1.32,0.452,0.436,0.226,26.4,27.2,20.39324,78.13201,ERA5,Asia/Kolkata,Open-Meteo Historical Weather API
MH-Yavatmal,2011-07-09,26.9,31.1,23.9,1.1,1.1,4.0,76,4.41,0.428,0.42,0.234,27.5,27.1,20.39324,78.13201,ERA5,Asia/Kolkata,Open-Meteo Historical Weather API
MH-Yavatmal,2011-07-10,27.9,32.0,24.0,0.0,0.0,0.0,68,5.06,0.399,0.4,0.237,28.1,27.7,20.39324,78.13201,ERA5,Asia/Kolkata,Open-Meteo Historical Weather API
MH-Yavatmal,2011-07-11,27.7,30.9,24.7,0.2,0.2,1.0,70,4.99,0.376,0.383,0.238,28.4,28.2,20.39324,78.13201,ERA5,Asia/Kolkata,Open-Meteo Historical Weather API
MH-Yavatmal,2011-07-12,26.2,28.3,24.5,4.5,4.5,12.0,83,2.3,0.383,0.373,0.239,27.1,27.5,20.39324,78.13201,ERA5,Asia/Kolkata,Open-Meteo Historical Weather API
MH-Yavatmal,2011-07-13,26.1,28.9,24.1,4.3,4.3,13.0,87,2.02,0.415,0.376,0.24,26.8,26.8,20.39324,78.13201,ERA5,Asia/Kolkata,Open-Meteo Historical Weather API
MH-Yavatmal,2011-07-14,25.7,28.2,23.7,5.7,5.7,12.0,87,2.18,0.42,0.382,0.241,26.7,26.8,20.39324,78.13201,ERA5,Asia/Kolkata,Open-Meteo Historical Weather API
MH-Yavatmal,2011-07-15,25.6,27.8,24.3,11.3,11.3,16.0,87,1.65,0.433,0.399,0.244,26.1,26.6,20.39324,78.13201,ERA5,Asia/Kolkata,Open-Meteo Historical Weather API
MH-Yavatmal,2011-07-16,26.7,29.8,24.3,4.2,4.2,10.0,84,2.61,0.432,0.413,0.248,26.9,26.6,20.39324,78.13201,ERA5,Asia/Kolkata,Open-Meteo Historical Weather API
MH-Yavatmal,2011-07-17,26.8,30.6,24.9,15.3,15.3,16.0,85,3.36,0.433,0.415,0.253,27.7,27.3,20.39324,78.13201,ERA5,Asia/Kolkata,Open-Meteo Historical Weather API
MH-Yavatmal,2011-07-18,27.0,31.9,24.6,8.7,8.7,16.0,81,3.78,0.442,0.432,0.264,27.9,27.5,20.39324,78.13201,ERA5,Asia/Kolkata,Open-Meteo Historical Weather API
MH-Yavatmal,2011-07-19,26.4,30.8,24.6,13.3,13.3,11.0,80,3.38,0.436,0.421,0.27,27.2,27.4,20.39324,78.13201,ERA5,Asia/Kolkata,Open-Meteo Historical Weather API
MH-Yavatmal,2011-07-20,25.1,27.2,23.4,19.4,19.4,20.0,88,1.8,0.461,0.453,0.288,25.7,26.5,20.39324,78.13201,ERA5,Asia/Kolkata,Open-Meteo Historical Weather API
MH-Yavatmal,2011-07-21,25.2,27.1,23.9,3.5,3.5,11.0,84,1.89,0.444,0.436,0.301,25.3,25.7,20.39324,78.13201,ERA5,Asia/Kolkata,Open-Meteo Historical Weather API
MH-Yavatmal,2011-07-22,24.5,26.5,23.3,10.3,10.3,12.0,84,1.82,0.438,0.427,0.308,24.9,25.6,20.39324,78.13201,ERA5,Asia/Kolkata,Open-Meteo Historical Weather API
MH-Yavatmal,2011-07-23,25.1,28.2,22.9,5.6,5.6,12.0,79,3.99,0.445,0.437,0.316,25.8,25.7,20.39324,78.13201,ERA5,Asia/Kolkata,Open-Meteo Historical Weather API
MH-Yavatmal,2011-07-24,26.0,29.3,22.7,0.0,0.0,0.0,76,4.24,0.419,0.42,0.32,26.6,26.3,20.39324,78.13201,ERA5,Asia/Kolkata,Open-Meteo Historical Weather API
MH-Yavatmal,2011-07-25,25.9,29.1,23.5,9.9,9.9,15.0,87,2.4,0.437,0.419,0.324,26.7,26.7,20.39324,78.13201,ERA5,Asia/Kolkata,Open-Meteo Historical Weather API
MH-Yavatmal,2011-07-26,27.0,30.8,23.2,17.7,17.7,19.0,84,3.5,0.451,0.436,0.328,28.1,27.1,20.39324,78.13201,ERA5,Asia/Kolkata,Open-Meteo Historical Weather API
MH-Yavatmal,2011-07-27,27.6,31.1,24.4,14.7,14.7,15.0,84,4.02,0.452,0.448,0.337,29.0,27.8,20.39324,78.13201,ERA5,Asia/Kolkata,Open-Meteo Historical Weather API
MH-Yavatmal,2011-07-28,27.5,31.6,24.0,6.7,6.7,12.0,81,3.88,0.452,0.448,0.349,28.4,27.9,20.39324,78.13201,ERA5,Asia/Kolkata,Open-Meteo Historical Weather API
MH-Yavatmal,2011-07-29,26.9,30.6,24.5,5.1,5.1,11.0,83,3.92,0.446,0.438,0.354,28.0,27.8,20.39324,78.13201,ERA5,Asia/Kolkata,Open-Meteo Historical Weather API
MH-Yavatmal,2011-07-30,27.5,31.5,24.8,1.2,1.2,5.0,79,4.26,0.431,0.428,0.357,28.1,27.6,20.39324,78.13201,ERA5,Asia/Kolkata,Open-Meteo Historical Weather API
MH-Yavatmal,2011-07-31,27.4,31.2,24.8,3.9,3.9,9.0,79,4.18,0.428,0.419,0.357,28.2,27.7,20.39324,78.13201,ERA5,Asia/Kolkata,Open-Meteo Historical Weather API
MH-Yavatmal,2011-08-01,26.9,30.4,24.0,1.0,1.0,4.0,78,3.51,0.435,0.43,0.359,27.4,27.5,20.39324,78.13201,ERA5,Asia/Kolkata,Open-Meteo Historical Weather API
MH-Yavatmal,2011-08-02,27.6,31.6,24.6,1.0,1.0,2.0,77,3.88,0.422,0.421,0.359,27.8,27.3,20.39324,78.13201,ERA5,Asia/Kolkata,Open-Meteo Historical Weather API
MH-Yavatmal,2011-08-03,26.5,28.2,24.9,10.1,10.1,14.0,84,2.24,0.431,0.415,0.36,27.3,27.4,20.39324,78.13201,ERA5,Asia/Kolkata,Open-Meteo Historical Weather API
MH-Yavatmal,2011-08-04,25.6,27.6,24.1,5.3,5.3,9.0,83,2.29,0.439,0.43,0.362,26.2,26.6,20.39324,78.13201,ERA5,Asia/Kolkata,Open-Meteo Historical Weather API
MH-Yavatmal,2011-08-05,26.5,29.6,24.3,4.9,4.9,8.0,81,3.57,0.423,0.421,0.364,26.8,26.6,20.39324,78.13201,ERA5,Asia/Kolkata,Open-Meteo Historical Weather API
MH-Yavatmal,2011-08-06,25.5,27.9,23.7,8.7,8.7,17.0,86,1.89,0.44,0.425,0.366,25.9,26.3,20.39324,78.13201,ERA5,Asia/Kolkata,Open-Meteo Historical Weather API
MH-Yavatmal,2011-08-07,26.2,28.5,24.2,4.8,4.8,15.0,82,2.95,0.434,0.43,0.369,26.3,26.1,20.39324,78.13201,ERA5,Asia/Kolkata,Open-Meteo Historical Weather API
MH-Yavatmal,2011-08-08,25.6,28.1,23.7,4.9,4.9,10.0,86,2.95,0.435,0.425,0.372,26.4,26.4,20.39324,78.13201,ERA5,Asia/Kolkata,Open-Meteo Historical Weather API
MH-Yavatmal,2011-08-09,25.0,27.0,23.2,3.4,3.4,14.0,87,2.12,0.43,0.424,0.373,25.7,26.2,20.39324,78.13201,ERA5,Asia/Kolkata,Open-Meteo Historical Weather API
MH-Yavatmal,2011-08-10,26.5,29.4,23.9,0.3,0.3,3.0,77,3.86,0.416,0.418,0.375,26.6,26.2,20.39324,78.13201,ERA5,Asia/Kolkata,Open-Meteo Historical Weather API
MH-Yavatmal,2011-08-11,26.9,30.2,24.3,1.5,1.5,5.0,78,4.21,0.405,0.407,0.375,27.3,26.8,20.39324,78.13201,ERA5,Asia/Kolkata,Open-Meteo Historical Weather API
MH-Yavatmal,2011-08-12,25.5,28.7,23.7,8.0,8.0,12.0,82,2.89,0.415,0.403,0.374,26.2,26.6,20.39324,78.13201,ERA5,Asia/Kolkata,Open-Meteo Historical Weather API
MH-Yavatmal,2011-08-13,24.3,25.3,23.4,11.1,11.1,21.0,91,1.53,0.448,0.425,0.377,25.2,25.8,20.39324,78.13201,ERA5,Asia/Kolkata,Open-Meteo Historical Weather API
MH-Yavatmal,2011-08-14,25.9,28.8,23.4,8.7,8.7,14.0,84,3.04,0.451,0.444,0.381,25.9,25.6,20.39324,78.13201,ERA5,Asia/Kolkata,Open-Meteo Historical Weather API
MH-Yavatmal,2011-08-15,26.9,30.0,24.7,0.9,0.9,2.0,77,4.13,0.428,0.433,0.386,27.1,26.4,20.39324,78.13201,ERA5,Asia/Kolkata,Open-Meteo Historical Weather API
MH-Yavatmal,2011-08-16,27.1,30.1,24.5,0.0,0.0,0.0,76,4.53,0.415,0.42,0.386,27.6,27.0,20.39324,78.13201,ERA5,Asia/Kolkata,Open-Meteo Historical Weather API
MH-Yavatmal,2011-08-17,27.2,30.3,24.6,0.0,0.0,0.0,76,4.56,0.397,0.408,0.385,27.9,27.3,20.39324,78.13201,ERA5,Asia/Kolkata,Open-Meteo Historical Weather API
MH-Yavatmal,2011-08-18,26.7,29.7,24.9,0.0,0.0,0.0,78,2.98,0.387,0.397,0.384,27.3,27.2,20.39324,78.13201,ERA5,Asia/Kolkata,Open-Meteo Historical Weather API
MH-Yavatmal,2011-08-19,25.3,28.2,23.9,32.8,32.8,24.0,89,2.32,0.439,0.417,0.384,26.4,26.6,20.39324,78.13201,ERA5,Asia/Kolkata,Open-Meteo Historical Weather API
MH-Yavatmal,2011-08-20,24.7,27.7,23.1,21.5,21.5,20.0,91,1.84,0.463,0.46,0.398,26.0,26.2,20.39324,78.13201,ERA5,Asia/Kolkata,Open-Meteo Historical Weather API
MH-Yavatmal,2011-08-21,25.9,29.6,23.7,8.1,8.1,15.0,87,2.93,0.455,0.454,0.411,26.8,26.2,20.39324,78.13201,ERA5,Asia/Kolkata,Open-Meteo Historical Weather API
MH-Yavatmal,2011-08-22,26.4,30.6,24.2,9.6,9.6,14.0,86,3.37,0.451,0.449,0.414,27.6,26.8,20.39324,78.13201,ERA5,Asia/Kolkata,Open-Meteo Historical Weather API
MH-Yavatmal,2011-08-23,26.2,30.9,23.9,10.6,10.6,13.0,86,3.4,0.454,0.454,0.418,27.6,27.0,20.39324,78.13201,ERA5,Asia/Kolkata,Open-Meteo Historical Weather API
MH-Yavatmal,2011-08-24,26.0,29.6,23.6,13.3,13.3,14.0,86,2.64,0.457,0.456,0.422,27.1,27.0,20.39324,78.13201,ERA5,Asia/Kolkata,Open-Meteo Historical Weather API
MH-Yavatmal,2011-08-25,25.2,28.5,23.2,9.2,9.2,9.0,88,2.55,0.454,0.456,0.428,26.3,26.5,20.39324,78.13201,ERA5,Asia/Kolkata,Open-Meteo Historical Weather API
MH-Yavatmal,2011-08-26,23.4,25.0,22.4,24.4,24.4,24.0,92,1.13,0.459,0.458,0.434,24.8,25.6,20.39324,78.13201,ERA5,Asia/Kolkata,Open-Meteo Historical Weather API
MH-Yavatmal,2011-08-27,23.3,24.9,22.5,23.6,23.6,24.0,95,1.15,0.466,0.467,0.45,24.3,24.8,20.39324,78.13201,ERA5,Asia/Kolkata,Open-Meteo Historical Weather API
MH-Yavatmal,2011-08-28,24.2,28.3,22.6,77.4,77.4,21.0,93,1.26,0.463,0.461,0.462,24.6,24.7,20.39324,78.13201,ERA5,Asia/Kolkata,Open-Meteo Historical Weather API
MH-Yavatmal,2011-08-29,25.7,29.1,22.9,11.9,11.9,14.0,88,2.58,0.457,0.457,0.459,26.1,25.2,20.39324,78.13201,ERA5,Asia/Kolkata,Open-Meteo Historical Weather API
MH-Yavatmal,2011-08-30,25.5,28.3,23.7,22.8,22.8,16.0,91,2.64,0.459,0.46,0.458,26.7,26.1,20.39324,78.13201,ERA5,Asia/Kolkata,Open-Meteo Historical Weather API
MH-Yavatmal,2011-08-31,25.7,29.6,23.9,11.8,11.8,16.0,88,2.6,0.46,0.463,0.461,26.8,26.3,20.39324,78.13201,ERA5,Asia/Kolkata,Open-Meteo Historical Weather API
MH-Yavatmal,2011-09-01,25.0,28.8,23.3,22.4,22.4,24.0,91,1.77,0.461,0.465,0.463,26.2,26.1,20.39324,78.13201,ERA5,Asia/Kolkata,Open-Meteo Historical Weather API
MH-Yavatmal,2011-09-02,24.2,26.0,23.1,21.5,21.5,23.0,93,1.14,0.465,0.466,0.466,25.0,25.4,20.39324,78.13201,ERA5,Asia/Kolkata,Open-Meteo Historical Weather API
MH-Yavatmal,2011-09-03,25.3,29.5,23.1,31.6,31.6,21.0,90,2.16,0.462,0.46,0.466,25.3,25.1,20.39324,78.13201,ERA5,Asia/Kolkata,Open-Meteo Historical Weather API
MH-Yavatmal,2011-09-04,26.0,29.8,23.8,6.9,6.9,13.0,84,3.13,0.457,0.456,0.461,26.1,25.7,20.39324,78.13201,ERA5,Asia/Kolkata,Open-Meteo Historical Weather API
MH-Yavatmal,2011-09-05,26.2,29.7,23.9,1.5,1.5,8.0,83,3.55,0.448,0.452,0.457,26.5,26.0,20.39324,78.13201,ERA5,Asia/Kolkata,Open-Meteo Historical Weather API
MH-Yavatmal,2011-09-06,26.3,29.2,24.5,3.1,3.1,7.0,82,2.91,0.436,0.439,0.453,26.4,26.2,20.39324,78.13201,ERA5,Asia/Kolkata,Open-Meteo Historical Weather API
MH-Yavatmal,2011-09-07,25.1,27.4,23.7,9.4,9.4,18.0,87,1.63,0.451,0.446,0.45,25.4,25.7,20.39324,78.13201,ERA5,Asia/Kolkata,Open-Meteo Historical Weather API
MH-Yavatmal,2011-09-08,25.3,28.2,22.9,2.3,2.3,6.0,83,3.09,0.446,0.448,0.449,25.6,25.5,20.39324,78.13201,ERA5,Asia/Kolkata,Open-Meteo Historical Weather API
MH-Yavatmal,2011-09-09,25.9,29.1,23.2,0.6,0.6,2.0,81,2.82,0.438,0.441,0.447,25.7,25.6,20.39324,78.13201,ERA5,Asia/Kolkata,Open-Meteo Historical Weather API
MH-Yavatmal,2011-09-10,25.9,28.4,24.2,3.0,3.0,14.0,81,2.95,0.43,0.432,0.444,26.1,25.8,20.39324,78.13201,ERA5,Asia/Kolkata,Open-Meteo Historical Weather API
MH-Yavatmal,2011-09-11,26.1,29.5,24.0,0.5,0.5,2.0,80,3.75,0.428,0.428,0.442,26.5,25.9,20.39324,78.13201,ERA5,Asia/Kolkata,Open-Meteo Historical Weather API
MH-Yavatmal,2011-09-12,26.8,30.6,23.4,1.1,1.1,4.0,80,4.01,0.415,0.42,0.439,27.3,26.4,20.39324,78.13201,ERA5,Asia/Kolkata,Open-Meteo Historical Weather API
MH-Yavatmal,2011-09-13,27.0,30.8,24.6,2.9,2.9,7.0,82,3.67,0.413,0.413,0.435,27.6,26.9,20.39324,78.13201,ERA5,Asia/Kolkata,Open-Meteo Historical Weather API
MH-Yavatmal,2011-09-14,26.0,29.8,24.2,17.8,17.8,13.0,87,3.1,0.443,0.428,0.433,27.3,26.9,20.39324,78.13201,ERA5,Asia/Kolkata,Open-Meteo Historical Weather API
MH-Yavatmal,2011-09-15,25.8,29.2,23.9,7.5,7.5,15.0,87,3.07,0.451,0.448,0.433,26.9,26.7,20.39324,78.13201,ERA5,Asia/Kolkata,Open-Meteo Historical Weather API
MH-Yavatmal,2011-09-16,25.6,27.8,23.6,12.5,12.5,14.0,89,2.16,0.457,0.458,0.436,26.4,26.3,20.39324,78.13201,ERA5,Asia/Kolkata,Open-Meteo Historical Weather API
MH-Yavatmal,2011-09-17,25.9,29.0,23.7,1.0,1.0,6.0,81,3.12,0.444,0.45,0.44,26.0,26.0,20.39324,78.13201,ERA5,Asia/Kolkata,Open-Meteo Historical Weather API
MH-Yavatmal,2011-09-18,26.1,30.4,23.7,1.8,1.8,2.0,80,4.24,0.432,0.439,0.439,26.7,26.4,20.39324,78.13201,ERA5,Asia/Kolkata,Open-Meteo Historical Weather API
MH-Yavatmal,2011-09-19,26.2,29.7,23.4,0.0,0.0,0.0,73,4.65,0.422,0.432,0.436,26.8,26.5,20.39324,78.13201,ERA5,Asia/Kolkata,Open-Meteo Historical Weather API
MH-Yavatmal,2011-09-20,26.6,30.0,23.5,0.0,0.0,0.0,75,4.65,0.407,0.42,0.433,26.9,26.4,20.39324,78.13201,ERA5,Asia/Kolkata,Open-Meteo Historical Weather API
MH-Yavatmal,2011-09-21,26.3,30.3,23.1,0.1,0.1,1.0,76,4.56,0.396,0.409,0.43,26.7,26.5,20.39324,78.13201,ERA5,Asia/Kolkata,Open-Meteo Historical Weather API
MH-Yavatmal,2011-09-22,26.0,30.4,22.9,0.9,0.9,3.0,78,4.38,0.386,0.4,0.427,26.7,26.4,20.39324,78.13201,ERA5,Asia/Kolkata,Open-Meteo Historical Weather API
MH-Yavatmal,2011-09-23,26.0,30.3,23.4,0.2,0.2,1.0,77,4.17,0.376,0.391,0.423,26.5,26.4,20.39324,78.13201,ERA5,Asia/Kolkata,Open-Meteo Historical Weather API
MH-Yavatmal,2011-09-24,26.5,30.6,23.6,0.1,0.1,1.0,75,4.68,0.366,0.383,0.42,26.9,26.4,20.39324,78.13201,ERA5,Asia/Kolkata,Open-Meteo Historical Weather API
MH-Yavatmal,2011-09-25,27.2,32.2,23.2,0.1,0.1,1.0,73,5.04,0.352,0.373,0.415,27.4,26.7,20.39324,78.13201,ERA5,Asia/Kolkata,Open-Meteo Historical Weather API
MH-Yavatmal,2011-09-26,27.0,30.8,24.0,0.1,0.1,1.0,75,4.39,0.34,0.363,0.411,27.5,26.9,20.39324,78.13201,ERA5,Asia/Kolkata,Open-Meteo Historical Weather API
MH-Yavatmal,2011-09-27,26.7,30.2,23.6,0.8,0.8,2.0,76,4.17,0.332,0.356,0.407,27.4,26.8,20.39324,78.13201,ERA5,Asia/Kolkata,Open-Meteo Historical Weather API
MH-Yavatmal,2011-09-28,27.0,32.0,23.6,0.2,0.2,1.0,73,4.62,0.323,0.348,0.403,27.7,26.9,20.39324,78.13201,ERA5,Asia/Kolkata,Open-Meteo Historical Weather API
MH-Yavatmal,2011-09-29,27.3,32.5,23.1,0.3,0.3,1.0,69,4.88,0.311,0.341,0.399,27.8,27.2,20.39324,78.13201,ERA5,Asia/Kolkata,Open-Meteo Historical Weather API
MH-Yavatmal,2011-09-30,27.1,32.9,23.1,0.4,0.4,1.0,69,4.55,0.301,0.335,0.395,27.5,27.1,20.39324,78.13201,ERA5,Asia/Kolkata,Open-Meteo Historical Weather API
MH-Yavatmal,2011-10-01,27.1,32.4,22.7,0.0,0.0,0.0,69,4.54,0.291,0.33,0.391,27.3,27.0,20.39324,78.13201,ERA5,Asia/Kolkata,Open-Meteo Historical Weather API
MH-Yavatmal,2011-10-02,26.8,32.4,22.4,0.0,0.0,0.0,70,4.52,0.282,0.324,0.387,27.2,26.9,20.39324,78.13201,ERA5,Asia/Kolkata,Open-Meteo Historical Weather API
MH-Yavatmal,2011-10-03,26.6,32.1,22.7,0.0,0.0,0.0,70,4.53,0.274,0.317,0.383,27.3,27.0,20.39324,78.13201,ERA5,Asia/Kolkata,Open-Meteo Historical Weather API
MH-Yavatmal,2011-10-04,26.1,30.8,22.5,0.0,0.0,0.0,66,4.78,0.266,0.311,0.379,27.0,26.9,20.39324,78.13201,ERA5,Asia/Kolkata,Open-Meteo Historical Weather API
MH-Yavatmal,2011-10-05,26.4,32.7,20.9,0.0,0.0,0.0,63,4.56,0.257,0.305,0.375,26.7,26.6,20.39324,78.13201,ERA5,Asia/Kolkata,Open-Meteo Historical Weather API
MH-Yavatmal,2011-10-06,26.6,32.9,21.7,0.0,0.0,0.0,69,4.17,0.252,0.301,0.372,27.0,26.8,20.39324,78.13201,ERA5,Asia/Kolkata,Open-Meteo Historical Weather API
MH-Yavatmal,2011-10-07,26.7,32.2,23.0,0.5,0.5,4.0,70,4.07,0.254,0.299,0.371,27.3,27.2,20.39324,78.13201,ERA5,Asia/Kolkata,Open-Meteo Historical Weather API
MH-Yavatmal,2011-10-08,27.1,32.3,22.5,0.0,0.0,0.0,72,4.23,0.255,0.294,0.368,27.6,27.4,20.39324,78.13201,ERA5,Asia/Kolkata,Open-Meteo Historical Weather API
MH-Yavatmal,2011-10-09,27.5,32.5,23.5,0.1,0.1,1.0,70,4.63,0.251,0.289,0.365,28.0,27.6,20.39324,78.13201,ERA5,Asia/Kolkata,Open-Meteo Historical Weather API
MH-Yavatmal,2011-10-10,27.0,32.8,22.9,0.2,0.2,1.0,73,4.33,0.244,0.284,0.361,28.0,27.6,20.39324,78.13201,ERA5,Asia/Kolkata,Open-Meteo Historical Weather API
MH-Yavatmal,2011-10-11,27.6,32.6,24.3,0.6,0.6,1.0,74,4.27,0.24,0.279,0.357,28.5,27.9,20.39324,78.13201,ERA5,Asia/Kolkata,Open-Meteo Historical Weather API
MH-Yavatmal,2011-10-12,27.3,31.8,23.6,0.0,0.0,0.0,74,3.9,0.238,0.275,0.354,28.2,27.9,20.39324,78.13201,ERA5,Asia/Kolkata,Open-Meteo Historical Weather API
MH-Yavatmal,2011-10-13,27.8,32.9,22.8,0.0,0.0,0.0,71,4.53,0.231,0.27,0.35,28.7,28.1,20.39324,78.13201,ERA5,Asia/Kolkata,Open-Meteo Historical Weather API
MH-Yavatmal,2011-10-14,27.8,32.9,23.8,0.2,0.2,1.0,69,4.28,0.228,0.267,0.347,28.9,28.5,20.39324,78.13201,ERA5,Asia/Kolkata,Open-Meteo Historical Weather API
MH-Yavatmal,2011-10-15,27.5,34.2,22.9,0.0,0.0,0.0,65,4.51,0.225,0.264,0.344,28.5,28.5,20.39324,78.13201,ERA5,Asia/Kolkata,Open-Meteo Historical Weather API
MH-Yavatmal,2011-10-16,27.4,33.7,22.8,0.2,0.2,1.0,64,4.26,0.22,0.26,0.341,28.5,28.4,20.39324,78.13201,ERA5,Asia/Kolkata,Open-Meteo Historical Weather API
MH-Yavatmal,2011-10-17,26.5,33.1,23.1,3.1,3.1,4.0,70,4.16,0.226,0.26,0.341,28.1,28.5,20.39324,78.13201,ERA5,Asia/Kolkata,Open-Meteo Historical Weather API
MH-Yavatmal,2011-10-18,26.5,32.3,22.5,0.0,0.0,0.0,69,4.04,0.239,0.259,0.339,27.7,28.1,20.39324,78.13201,ERA5,Asia/Kolkata,Open-Meteo Historical Weather API
MH-Yavatmal,2011-10-19,26.0,32.1,21.8,0.0,0.0,0.0,63,4.29,0.233,0.259,0.339,27.2,27.8,20.39324,78.13201,ERA5,Asia/Kolkata,Open-Meteo Historical Weather API
MH-Yavatmal,2011-10-20,25.3,31.6,20.0,0.0,0.0,0.0,64,3.9,0.229,0.26,0.339,26.5,27.3,20.39324,78.13201,ERA5,Asia/Kolkata,Open-Meteo Historical Weather API
MH-Yavatmal,2011-10-21,25.8,33.1,19.7,0.0,0.0,0.0,58,4.59,0.226,0.259,0.337,26.4,27.1,20.39324,78.13201,ERA5,Asia/Kolkata,Open-Meteo Historical Weather API
MH-Yavatmal,2011-10-22,25.8,32.6,20.5,0.0,0.0,0.0,54,4.48,0.222,0.259,0.337,26.0,26.8,20.39324,78.13201,ERA5,Asia/Kolkata,Open-Meteo Historical Weather API
MH-Yavatmal,2011-10-23,25.2,31.9,19.7,0.0,0.0,0.0,50,4.99,0.218,0.258,0.336,25.5,26.5,20.39324,78.13201,ERA5,Asia/Kolkata,Open-Meteo Historical Weather API
MH-Yavatmal,2011-10-24,23.7,31.4,16.5,0.0,0.0,0.0,57,5.11,0.216,0.258,0.337,24.6,25.8,20.39324,78.13201,ERA5,Asia/Kolkata,Open-Meteo Historical Weather API
MH-Yavatmal,2011-10-25,23.8,31.4,16.5,0.0,0.0,0.0,57,4.99,0.212,0.255,0.335,24.6,25.5,20.39324,78.13201,ERA5,Asia/Kolkata,Open-Meteo Historical Weather API
MH-Yavatmal,2011-10-26,23.7,31.5,16.8,0.0,0.0,0.0,55,5.13,0.207,0.252,0.332,24.4,25.3,20.39324,78.13201,ERA5,Asia/Kolkata,Open-Meteo Historical Weather API
MH-Yavatmal,2011-10-27,24.2,31.9,18.4,0.0,0.0,0.0,56,5.0,0.203,0.248,0.329,24.8,25.4,20.39324,78.13201,ERA5,Asia/Kolkata,Open-Meteo Historical Weather API
MH-Yavatmal,2011-10-28,23.5,31.6,17.3,0.0,0.0,0.0,55,5.06,0.203,0.247,0.328,24.2,25.2,20.39324,78.13201,ERA5,Asia/Kolkata,Open-Meteo Historical Weather API
MH-Yavatmal,2011-10-29,23.4,31.1,17.1,0.0,0.0,0.0,54,4.87,0.203,0.247,0.328,24.0,24.9,20.39324,78.13201,ERA5,Asia/Kolkata,Open-Meteo Historical Weather API
MH-Yavatmal,2011-10-30,23.8,30.5,18.3,0.0,0.0,0.0,53,4.58,0.202,0.247,0.328,23.8,24.7,20.39324,78.13201,ERA5,Asia/Kolkata,Open-Meteo Historical Weather API
MH-Yavatmal,2011-10-31,23.2,30.6,16.3,0.0,0.0,0.0,54,4.67,0.203,0.247,0.328,23.6,24.6,20.39324,78.13201,ERA5,Asia/Kolkata,Open-Meteo Historical Weather API
MH-Yavatmal,2011-11-01,23.1,30.3,16.9,0.0,0.0,0.0,54,4.68,0.204,0.246,0.327,23.5,24.2,20.39324,78.13201,ERA5,Asia/Kolkata,Open-Meteo Historical Weather API
MH-Yavatmal,2011-11-02,22.8,30.2,16.2,0.0,0.0,0.0,55,4.78,0.202,0.243,0.325,23.4,24.1,20.39324,78.13201,ERA5,Asia/Kolkata,Open-Meteo Historical Weather API
MH-Yavatmal,2011-11-03,22.7,30.6,16.9,0.0,0.0,0.0,52,4.84,0.199,0.24,0.323,23.4,24.1,20.39324,78.13201,ERA5,Asia/Kolkata,Open-Meteo Historical Weather API
MH-Yavatmal,2011-11-04,22.8,30.9,16.2,0.0,0.0,0.0,50,4.79,0.197,0.238,0.321,23.4,24.0,20.39324,78.13201,ERA5,Asia/Kolkata,Open-Meteo Historical Weather API
MH-Yavatmal,2011-11-05,23.8,31.9,16.6,0.0,0.0,0.0,49,4.61,0.196,0.236,0.319,23.5,24.1,20.39324,78.13201,ERA5,Asia/Kolkata,Open-Meteo Historical Weather API
MH-Yavatmal,2011-11-06,23.3,32.2,15.8,0.0,0.0,0.0,56,4.42,0.197,0.237,0.319,23.8,24.3,20.39324,78.13201,ERA5,Asia/Kolkata,Open-Meteo Historical Weather API
MH-Yavatmal,2011-11-07,23.7,32.2,16.1,0.0,0.0,0.0,57,4.23,0.2,0.239,0.32,24.1,24.7,20.39324,78.13201,ERA5,Asia/Kolkata,Open-Meteo Historical Weather API
MH-Yavatmal,2011-11-08,24.2,31.6,17.2,0.0,0.0,0.0,59,4.31,0.202,0.241,0.321,24.5,24.9,20.39324,78.13201,ERA5,Asia/Kolkata,Open-Meteo Historical Weather API
MH-Yavatmal,2011-11-09,24.1,31.0,17.6,0.0,0.0,0.0,56,4.36,0.202,0.241,0.321,24.4,24.9,20.39324,78.13201,ERA5,Asia/Kolkata,Open-Meteo Historical Weather API
MH-Yavatmal,2011-11-10,23.4,31.1,17.5,0.0,0.0,0.0,58,4.11,0.203,0.242,0.322,23.7,24.4,20.39324,78.13201,ERA5,Asia/Kolkata,Open-Meteo Historical Weather API
MH-Yavatmal,2011-11-11,24.0,32.0,17.2,0.0,0.0,0.0,63,4.25,0.205,0.243,0.323,24.5,24.6,20.39324,78.13201,ERA5,Asia/Kolkata,Open-Meteo Historical Weather API
MH-Yavatmal,2011-11-12,24.7,32.2,19.0,0.0,0.0,0.0,63,4.07,0.206,0.244,0.323,24.8,25.0,20.39324,78.13201,ERA5,Asia/Kolkata,Open-Meteo Historical Weather API
MH-Yavatmal,2011-11-13,25.3,32.2,19.4,0.0,0.0,0.0,62,4.0,0.206,0.245,0.324,25.5,25.4,20.39324,78.13201,ERA5,Asia/Kolkata,Open-Meteo Historical Weather API
MH-Yavatmal,2011-11-14,24.9,30.9,20.4,0.0,0.0,0.0,63,3.4,0.203,0.243,0.323,25.4,25.5,20.39324,78.13201,ERA5,Asia/Kolkata,Open-Meteo Historical Weather API
MH-Yavatmal,2011-11-15,24.5,30.9,18.8,0.0,0.0,0.0,55,4.1,0.201,0.241,0.321,24.9,25.3,20.39324,78.13201,ERA5,Asia/Kolkata,Open-Meteo Historical Weather API
MH-Yavatmal,2011-11-16,22.7,30.2,15.3,0.0,0.0,0.0,53,4.16,0.201,0.241,0.321,23.0,24.4,20.39324,78.13201,ERA5,Asia/Kolkata,Open-Meteo Historical Weather API
MH-Yavatmal,2011-11-17,22.5,30.4,14.1,0.0,0.0,0.0,52,4.02,0.202,0.242,0.321,22.5,23.6,20.39324,78.13201,ERA5,Asia/Kolkata,Open-Meteo Historical Weather API
MH-Yavatmal,2011-11-18,22.1,31.0,14.2,0.0,0.0,0.0,58,3.9,0.203,0.242,0.321,22.6,23.4,20.39324,78.13201,ERA5,Asia/Kolkata,Open-Meteo Historical Weather API
MH-Yavatmal,2011-11-19,22.9,31.7,14.2,0.0,0.0,0.0,58,4.04,0.203,0.243,0.322,23.0,23.7,20.39324,78.13201,ERA5,Asia/Kolkata,Open-Meteo Historical Weather API
MH-Yavatmal,2011-11-20,23.1,31.6,16.0,0.0,0.0,0.0,58,4.26,0.204,0.243,0.322,23.4,23.7,20.39324,78.13201,ERA5,Asia/Kolkata,Open-Meteo Historical Weather API
MH-Yavatmal,2011-11-21,22.5,30.7,16.1,0.0,0.0,0.0,58,4.41,0.202,0.241,0.321,23.1,23.8,20.39324,78.13201,ERA5,Asia/Kolkata,Open-Meteo Historical Weather API
MH-Yavatmal,2011-11-22,21.5,29.1,15.7,0.0,0.0,0.0,61,4.0,0.199,0.238,0.318,22.7,23.6,20.39324,78.13201,ERA5,Asia/Kolkata,Open-Meteo Historical Weather API
MH-Yavatmal,2011-11-23,21.3,28.4,15.5,0.0,0.0,0.0,61,4.07,0.196,0.235,0.316,22.6,23.4,20.39324,78.13201,ERA5,Asia/Kolkata,Open-Meteo Historical Weather API
MH-Yavatmal,2011-11-24,21.2,28.4,14.8,0.0,0.0,0.0,63,3.93,0.194,0.233,0.313,22.6,23.4,20.39324,78.13201,ERA5,Asia/Kolkata,Open-Meteo Historical Weather API
MH-Yavatmal,2011-11-25,21.3,28.8,15.3,0.0,0.0,0.0,62,3.97,0.193,0.231,0.311,22.6,23.3,20.39324,78.13201,ERA5,Asia/Kolkata,Open-Meteo Historical Weather API
MH-Yavatmal,2011-11-26,22.5,29.6,16.3,0.0,0.0,0.0,62,4.06,0.192,0.229,0.31,23.2,23.4,20.39324,78.13201,ERA5,Asia/Kolkata,Open-Meteo Historical Weather API
MH-Yavatmal,2011-11-27,23.9,30.5,18.7,0.0,0.0,0.0,61,4.06,0.192,0.229,0.309,24.5,24.1,20.39324,78.13201,ERA5,Asia/Kolkata,Open-Meteo Historical Weather API
MH-Yavatmal,2011-11-28,24.2,30.9,19.5,0.0,0.0,0.0,63,3.91,0.191,0.228,0.308,25.2,24.7,20.39324,78.13201,ERA5,Asia/Kolkata,Open-Meteo Historical Weather API
MH-Yavatmal,2011-11-29,23.9,30.3,19.4,0.0,0.0,0.0,61,3.64,0.192,0.228,0.307,24.9,24.9,20.39324,78.13201,ERA5,Asia/Kolkata,Open-Meteo Historical Weather API
MH-Yavatmal,2011-11-30,23.1,29.4,17.8,0.0,0.0,0.0,60,3.74,0.194,0.229,0.307,24.1,24.7,20.39324,78.13201,ERA5,Asia/Kolkata,Open-Meteo Historical Weather API
MH-Yavatmal,2011-12-01,22.1,28.8,15.7,0.0,0.0,0.0,57,3.6,0.196,0.23,0.308,23.0,24.0,20.39324,78.13201,ERA5,Asia/Kolkata,Open-Meteo Historical Weather API
MH-Yavatmal,2011-12-02,21.0,28.2,14.2,0.0,0.0,0.0,56,3.62,0.197,0.231,0.309,22.1,23.3,20.39324,78.13201,ERA5,Asia/Kolkata,Open-Meteo Historical Weather API
MH-Yavatmal,2011-12-03,21.1,28.6,14.9,0.0,0.0,0.0,58,3.56,0.195,0.23,0.307,21.9,23.0,20.39324,78.13201,ERA5,Asia/Kolkata,Open-Meteo Historical Weather API
MH-Yavatmal,2011-12-04,22.4,30.0,16.6,0.0,0.0,0.0,62,3.59,0.195,0.23,0.307,22.5,23.1,20.39324,78.13201,ERA5,Asia/Kolkata,Open-Meteo Historical Weather API
MH-Yavatmal,2011-12-05,23.3,31.0,17.4,0.0,0.0,0.0,62,3.63,0.195,0.229,0.306,23.5,23.6,20.39324,78.13201,ERA5,Asia/Kolkata,Open-Meteo Historical Weather API
MH-Yavatmal,2011-12-06,23.5,30.7,17.3,0.0,0.0,0.0,62,3.69,0.195,0.227,0.305,23.9,24.0,20.39324,78.13201,ERA5,Asia/Kolkata,Open-Meteo Historical Weather API
MH-Yavatmal,2011-12-07,22.6,30.2,17.2,0.0,0.0,0.0,60,4.05,0.194,0.226,0.303,23.6,24.1,20.39324,78.13201,ERA5,Asia/Kolkata,Open-Meteo Historical Weather API
MH-Yavatmal,2011-12-08,21.7,29.6,15.2,0.0,0.0,0.0,56,3.99,0.193,0.225,0.302,22.3,23.4,20.39324,78.13201,ERA5,Asia/Kolkata,Open-Meteo Historical Weather API
MH-Yavatmal,2011-12-09,21.9,29.8,14.0,0.0,0.0,0.0,51,3.69,0.194,0.225,0.301,21.3,22.7,20.39324,78.13201,ERA5,Asia/Kolkata,Open-Meteo Historical Weather API
MH-Yavatmal,2011-12-10,21.5,30.0,14.8,0.0,0.0,0.0,50,4.02,0.192,0.224,0.3,21.6,22.3,20.39324,78.13201,ERA5,Asia/Kolkata,Open-Meteo Historical Weather API
MH-Yavatmal,2011-12-11,20.8,29.0,14.0,0.0,0.0,0.0,60,3.76,0.192,0.223,0.299,21.8,22.5,20.39324,78.13201,ERA5,Asia/Kolkata,Open-Meteo Historical Weather API
MH-Yavatmal,2011-12-12,20.6,28.6,14.4,0.0,0.0,0.0,58,3.81,0.192,0.223,0.298,21.7,22.5,20.39324,78.13201,ERA5,Asia/Kolkata,Open-Meteo Historical Weather API
MH-Yavatmal,2011-12-13,20.2,27.6,14.3,0.0,0.0,0.0,56,3.79,0.192,0.223,0.298,21.6,22.3,20.39324,78.13201,ERA5,Asia/Kolkata,Open-Meteo Historical Weather API
MH-Yavatmal,2011-12-14,19.7,27.9,12.8,0.0,0.0,0.0,55,3.75,0.191,0.222,0.297,20.8,21.8,20.39324,78.13201,ERA5,Asia/Kolkata,Open-Meteo Historical Weather API
MH-Yavatmal,2011-12-15,19.9,28.1,14.2,0.0,0.0,0.0,51,3.65,0.191,0.222,0.297,20.2,21.4,20.39324,78.13201,ERA5,Asia/Kolkata,Open-Meteo Historical Weather API
MH-Yavatmal,2011-12-16,20.4,28.3,14.3,0.0,0.0,0.0,51,3.63,0.191,0.222,0.296,20.2,21.1,20.39324,78.13201,ERA5,Asia/Kolkata,Open-Meteo Historical Weather API
MH-Yavatmal,2011-12-17,20.3,28.5,12.7,0.0,0.0,0.0,52,3.75,0.19,0.221,0.295,20.7,21.1,20.39324,78.13201,ERA5,Asia/Kolkata,Open-Meteo Historical Weather API
MH-Yavatmal,2011-12-18,20.3,28.6,13.7,0.0,0.0,0.0,53,3.83,0.189,0.22,0.294,20.7,21.2,20.39324,78.13201,ERA5,Asia/Kolkata,Open-Meteo Historical Weather API
MH-Yavatmal,2011-12-19,20.0,28.2,12.9,0.0,0.0,0.0,55,3.55,0.189,0.22,0.293,20.5,21.2,20.39324,78.13201,ERA5,Asia/Kolkata,Open-Meteo Historical Weather API
MH-Yavatmal,2011-12-20,20.1,28.0,13.2,0.0,0.0,0.0,54,3.81,0.189,0.22,0.293,20.8,21.2,20.39324,78.13201,ERA5,Asia/Kolkata,Open-Meteo Historical Weather API
MH-Yavatmal,2011-12-21,19.5,27.7,12.2,0.0,0.0,0.0,47,4.1,0.189,0.22,0.292,19.9,20.8,20.39324,78.13201,ERA5,Asia/Kolkata,Open-Meteo Historical Weather API
MH-Yavatmal,2011-12-22,19.3,27.8,11.1,0.0,0.0,0.0,45,4.07,0.189,0.222,0.292,19.2,20.2,20.39324,78.13201,ERA5,Asia/Kolkata,Open-Meteo Historical Weather API
MH-Yavatmal,2011-12-23,20.1,28.5,13.4,0.0,0.0,0.0,44,3.88,0.19,0.222,0.293,20.2,20.3,20.39324,78.13201,ERA5,Asia/Kolkata,Open-Meteo Historical Weather API
MH-Yavatmal,2011-12-24,20.4,28.6,12.8,0.0,0.0,0.0,47,4.01,0.192,0.224,0.293,20.3,20.7,20.39324,78.13201,ERA5,Asia/Kolkata,Open-Meteo Historical Weather API
MH-Yavatmal,2011-12-25,19.7,28.0,11.7,0.0,0.0,0.0,52,3.68,0.192,0.223,0.292,19.8,20.6,20.39324,78.13201,ERA5,Asia/Kolkata,Open-Meteo Historical Weather API
MH-Yavatmal,2011-12-26,19.8,28.5,12.6,0.0,0.0,0.0,53,3.74,0.19,0.22,0.29,20.3,20.6,20.39324,78.13201,ERA5,Asia/Kolkata,Open-Meteo Historical Weather API
MH-Yavatmal,2011-12-27,18.9,27.8,12.0,0.0,0.0,0.0,54,3.86,0.191,0.22,0.289,20.0,20.6,20.39324,78.13201,ERA5,Asia/Kolkata,Open-Meteo Historical Weather API
MH-Yavatmal,2011-12-28,19.1,27.2,12.8,0.0,0.0,0.0,52,4.08,0.193,0.22,0.289,19.6,20.5,20.39324,78.13201,ERA5,Asia/Kolkata,Open-Meteo Historical Weather API
MH-Yavatmal,2011-12-29,19.0,27.8,12.0,0.0,0.0,0.0,53,4.03,0.194,0.221,0.289,19.7,20.4,20.39324,78.13201,ERA5,Asia/Kolkata,Open-Meteo Historical Weather API
MH-Yavatmal,2011-12-30,22.2,29.6,15.3,0.0,0.0,0.0,58,3.76,0.193,0.221,0.289,22.2,21.2,20.39324,78.13201,ERA5,Asia/Kolkata,Open-Meteo Historical Weather API
MH-Yavatmal,2011-12-31,23.8,28.6,19.0,0.2,0.2,2.0,72,2.91,0.195,0.221,0.289,23.7,22.8,20.39324,78.13201,ERA5,Asia/Kolkata,Open-Meteo Historical Weather API
MH-Yavatmal,2012-01-01,23.6,28.1,20.8,1.6,1.6,4.0,80,2.32,0.201,0.219,0.287,24.3,23.4,20.39324,78.13201,ERA5,Asia/Kolkata,Open-Meteo Historical Weather API
MH-Yavatmal,2012-01-02,22.7,28.1,19.0,1.3,1.3,5.0,85,1.97,0.213,0.218,0.285,23.8,23.2,20.39324,78.13201,ERA5,Asia/Kolkata,Open-Meteo Historical Weather API
MH-Yavatmal,2012-01-03,21.0,25.8,18.0,0.1,0.1,1.0,84,1.7,0.218,0.219,0.284,22.4,22.7,20.39324,78.13201,ERA5,Asia/Kolkata,Open-Meteo Historical Weather API
MH-Yavatmal,2012-01-04,22.9,29.3,17.7,0.0,0.0,0.0,75,3.1,0.216,0.218,0.284,23.4,22.5,20.39324,78.13201,ERA5,Asia/Kolkata,Open-Meteo Historical Weather API
MH-Yavatmal,2012-01-05,23.2,30.5,18.3,0.0,0.0,0.0,68,3.64,0.21,0.215,0.28,24.2,23.5,20.39324,78.13201,ERA5,Asia/Kolkata,Open-Meteo Historical Weather API
MH-Yavatmal,2012-01-06,23.6,30.8,18.7,0.0,0.0,0.0,55,3.71,0.204,0.213,0.278,23.8,23.4,20.39324,78.13201,ERA5,Asia/Kolkata,Open-Meteo Historical Weather API
MH-Yavatmal,2012-01-07,22.3,29.9,17.0,0.0,0.0,0.0,52,4.1,0.197,0.21,0.274,23.6,23.4,20.39324,78.13201,ERA5,Asia/Kolkata,Open-Meteo Historical Weather API
MH-Yavatmal,2012-01-08,21.3,28.5,15.3,0.0,0.0,0.0,54,4.11,0.194,0.209,0.272,22.8,23.0,20.39324,78.13201,ERA5,Asia/Kolkata,Open-Meteo Historical Weather API
MH-Yavatmal,2012-01-09,19.6,25.8,14.9,0.0,0.0,0.0,59,3.91,0.193,0.21,0.271,21.9,22.7,20.39324,78.13201,ERA5,Asia/Kolkata,Open-Meteo Historical Weather API
MH-Yavatmal,2012-01-10,18.1,25.4,12.3,0.0,0.0,0.0,51,4.11,0.189,0.206,0.267,20.4,21.7,20.39324,78.13201,ERA5,Asia/Kolkata,Open-Meteo Historical Weather API
MH-Yavatmal,2012-01-11,17.8,25.4,11.7,0.0,0.0,0.0,43,4.27,0.185,0.203,0.263,19.9,21.0,20.39324,78.13201,ERA5,Asia/Kolkata,Open-Meteo Historical Weather API
MH-Yavatmal,2012-01-12,17.6,25.1,11.1,0.0,0.0,0.0,45,4.06,0.184,0.199,0.259,19.5,20.5,20.39324,78.13201,ERA5,Asia/Kolkata,Open-Meteo Historical Weather API
MH-Yavatmal,2012-01-13,16.9,24.5,10.2,0.0,0.0,0.0,42,4.18,0.184,0.198,0.258,18.9,20.2,20.39324,78.13201,ERA5,Asia/Kolkata,Open-Meteo Historical Weather API
MH-Yavatmal,2012-01-14,16.1,24.8,8.9,0.0,0.0,0.0,40,4.07,0.189,0.198,0.26,17.9,19.6,20.39324,78.13201,ERA5,Asia/Kolkata,Open-Meteo Historical Weather API
MH-Yavatmal,2012-01-15,17.7,27.4,10.2,0.0,0.0,0.0,37,4.18,0.191,0.199,0.259,18.1,19.2,20.39324,78.13201,ERA5,Asia/Kolkata,Open-Meteo Historical Weather API
MH-Yavatmal,2012-01-16,19.9,30.2,10.8,0.0,0.0,0.0,35,4.51,0.19,0.2,0.259,19.3,19.7,20.39324,78.13201,ERA5,Asia/Kolkata,Open-Meteo Historical Weather API
MH-Yavatmal,2012-01-17,20.5,29.5,11.9,0.0,0.0,0.0,45,4.3,0.189,0.198,0.257,20.7,20.5,20.39324,78.13201,ERA5,Asia/Kolkata,Open-Meteo Historical Weather API
MH-Yavatmal,2012-01-18,20.4,28.2,14.4,0.0,0.0,0.0,49,4.57,0.186,0.197,0.253,21.6,21.3,20.39324,78.13201,ERA5,Asia/Kolkata,Open-Meteo Historical Weather API
MH-Yavatmal,2012-01-19,18.9,26.2,12.1,0.0,0.0,0.0,45,4.32,0.191,0.2,0.257,20.9,21.3,20.39324,78.13201,ERA5,Asia/Kolkata,Open-Meteo Historical Weather API
MH-Yavatmal,2012-01-20,18.3,25.5,12.3,0.0,0.0,0.0,43,4.21,0.192,0.202,0.258,20.3,20.9,20.39324,78.13201,ERA5,Asia/Kolkata,Open-Meteo Historical Weather API
MH-Yavatmal,2012-01-21,17.7,24.5,12.2,0.0,0.0,0.0,44,4.2,0.191,0.201,0.258,19.5,20.4,20.39324,78.13201,ERA5,Asia/Kolkata,Open-Meteo Historical Weather API
MH-Yavatmal,2012-01-22,19.2,27.0,11.7,0.0,0.0,0.0,42,4.41,0.194,0.202,0.259,20.2,20.4,20.39324,78.13201,ERA5,Asia/Kolkata,Open-Meteo Historical Weather API
MH-Yavatmal,2012-01-23,21.9,28.6,16.5,0.0,0.0,0.0,45,3.95,0.195,0.203,0.259,22.3,21.5,20.39324,78.13201,ERA5,Asia/Kolkata,Open-Meteo Historical Weather API
MH-Yavatmal,2012-01-24,23.0,29.6,17.7,0.0,0.0,0.0,54,3.55,0.195,0.203,0.26,23.5,22.7,20.39324,78.13201,ERA5,Asia/Kolkata,Open-Meteo Historical Weather API
MH-Yavatmal,2012-01-25,23.5,29.3,19.0,0.0,0.0,0.0,56,3.72,0.195,0.205,0.26,24.1,23.4,20.39324,78.13201,ERA5,Asia/Kolkata,Open-Meteo Historical Weather API
MH-Yavatmal,2012-01-26,22.4,28.5,18.5,0.3,0.3,2.0,65,3.77,0.196,0.206,0.261,24.0,23.7,20.39324,78.13201,ERA5,Asia/Kolkata,Open-Meteo Historical Weather API
MH-Yavatmal,2012-01-27,21.8,27.1,17.5,0.2,0.2,1.0,67,3.5,0.199,0.206,0.261,23.5,23.3,20.39324,78.13201,ERA5,Asia/Kolkata,Open-Meteo Historical Weather API
MH-Yavatmal,2012-01-28,23.2,29.5,18.8,0.0,0.0,0.0,57,4.25,0.198,0.207,0.261,24.2,23.6,20.39324,78.13201,ERA5,Asia/Kolkata,Open-Meteo Historical Weather API
MH-Yavatmal,2012-01-29,21.8,27.2,18.0,0.1,0.1,1.0,67,3.79,0.198,0.208,0.262,23.7,23.6,20.39324,78.13201,ERA5,Asia/Kolkata,Open-Meteo Historical Weather API
MH-Yavatmal,2012-01-30,20.5,24.7,17.5,0.4,0.4,2.0,76,2.48,0.204,0.211,0.265,22.2,22.9,20.39324,78.13201,ERA5,Asia/Kolkata,Open-Meteo Historical Weather API
MH-Yavatmal,2012-01-31,21.3,26.9,17.2,0.5,0.5,3.0,73,3.3,0.207,0.212,0.266,22.8,22.7,20.39324,78.13201,ERA5,Asia/Kolkata,Open-Meteo Historical Weather API
MH-Yavatmal,2012-02-01,21.3,26.1,17.4,0.0,0.0,0.0,65,3.39,0.21,0.214,0.267,22.6,22.9,20.39324,78.13201,ERA5,Asia/Kolkata,Open-Meteo Historical Weather API
MH-Yavatmal,2012-02-02,20.4,27.4,14.3,0.0,0.0,0.0,48,4.47,0.208,0.213,0.267,22.2,22.4,20.39324,78.13201,ERA5,Asia/Kolkata,Open-Meteo Historical Weather API
MH-Yavatmal,2012-02-03,20.7,29.0,13.6,0.0,0.0,0.0,46,4.67,0.205,0.213,0.267,22.0,22.4,20.39324,78.13201,ERA5,Asia/Kolkata,Open-Meteo Historical Weather API
MH-Yavatmal,2012-02-04,21.4,30.3,13.9,0.0,0.0,0.0,42,4.58,0.201,0.214,0.268,22.4,22.4,20.39324,78.13201,ERA5,Asia/Kolkata,Open-Meteo Historical Weather API
MH-Yavatmal,2012-02-05,22.6,30.7,14.7,0.0,0.0,0.0,46,4.6,0.199,0.214,0.268,23.3,23.0,20.39324,78.13201,ERA5,Asia/Kolkata,Open-Meteo Historical Weather API
MH-Yavatmal,2012-02-06,24.1,31.8,16.9,0.0,0.0,0.0,49,4.83,0.199,0.216,0.27,24.6,23.9,20.39324,78.13201,ERA5,Asia/Kolkata,Open-Meteo Historical Weather API
MH-Yavatmal,2012-02-07,25.1,33.0,18.3,0.0,0.0,0.0,42,5.42,0.196,0.216,0.27,25.1,24.5,20.39324,78.13201,ERA5,Asia/Kolkata,Open-Meteo Historical Weather API
MH-Yavatmal,2012-02-08,21.5,26.2,17.0,0.0,0.0,0.0,35,5.69,0.195,0.215,0.269,23.6,24.4,20.39324,78.13201,ERA5,Asia/Kolkata,Open-Meteo Historical Weather API
MH-Yavatmal,2012-02-09,18.1,25.4,10.8,0.0,0.0,0.0,38,4.73,0.197,0.217,0.271,20.7,22.6,20.39324,78.13201,ERA5,Asia/Kolkata,Open-Meteo Historical Weather API
MH-Yavatmal,2012-02-10,18.5,26.2,10.6,0.0,0.0,0.0,40,4.72,0.198,0.218,0.272,20.4,21.6,20.39324,78.13201,ERA5,Asia/Kolkata,Open-Meteo Historical Weather API
MH-Yavatmal,2012-02-11,19.8,27.8,11.8,0.0,0.0,0.0,35,5.03,0.196,0.217,0.271,21.0,21.4,20.39324,78.13201,ERA5,Asia/Kolkata,Open-Meteo Historical Weather API
MH-Yavatmal,2012-02-12,22.8,30.4,15.1,0.0,0.0,0.0,37,5.17,0.192,0.214,0.269,23.1,22.4,20.39324,78.13201,ERA5,Asia/Kolkata,Open-Meteo Historical Weather API
MH-Yavatmal,2012-02-13,26.2,33.4,20.7,0.0,0.0,0.0,49,5.58,0.189,0.212,0.267,26.1,24.4,20.39324,78.13201,ERA5,Asia/Kolkata,Open-Meteo Historical Weather API
MH-Yavatmal,2012-02-14,25.4,32.9,19.2,0.0,0.0,0.0,47,5.02,0.188,0.211,0.266,26.1,25.1,20.39324,78.13201,ERA5,Asia/Kolkata,Open-Meteo Historical Weather API
MH-Yavatmal,2012-02-15,25.7,32.2,19.8,0.3,0.3,1.0,46,4.63,0.188,0.212,0.267,26.6,25.5,20.39324,78.13201,ERA5,Asia/Kolkata,Open-Meteo Historical Weather API
MH-Yavatmal,2012-02-16,24.7,31.4,19.3,0.0,0.0,0.0,34,5.87,0.189,0.212,0.267,26.2,25.7,20.39324,78.13201,ERA5,Asia/Kolkata,Open-Meteo Historical Weather API
MH-Yavatmal,2012-02-17,23.7,30.5,17.8,0.0,0.0,0.0,52,4.9,0.191,0.214,0.268,25.3,25.2,20.39324,78.13201,ERA5,Asia/Kolkata,Open-Meteo Historical Weather API
MH-Yavatmal,2012-02-18,25.6,31.8,20.4,0.0,0.0,0.0,56,4.54,0.192,0.216,0.27,26.7,25.5,20.39324,78.13201,ERA5,Asia/Kolkata,Open-Meteo Historical Weather API
MH-Yavatmal,2012-02-19,25.9,32.2,20.2,0.0,0.0,0.0,47,5.06,0.188,0.213,0.267,27.1,26.1,20.39324,78.13201,ERA5,Asia/Kolkata,Open-Meteo Historical Weather API
MH-Yavatmal,2012-02-20,25.7,33.2,18.3,0.0,0.0,0.0,36,5.19,0.185,0.21,0.264,26.5,26.2,20.39324,78.13201,ERA5,Asia/Kolkata,Open-Meteo Historical Weather API
MH-Yavatmal,2012-02-21,26.0,35.5,17.7,0.0,0.0,0.0,35,5.62,0.184,0.208,0.261,26.4,25.9,20.39324,78.13201,ERA5,Asia/Kolkata,Open-Meteo Historical Weather API
MH-Yavatmal,2012-02-22,26.6,35.8,18.8,0.0,0.0,0.0,32,5.56,0.183,0.207,0.258,26.5,26.0,20.39324,78.13201,ERA5,Asia/Kolkata,Open-Meteo Historical Weather API
MH-Yavatmal,2012-02-23,26.8,35.6,19.0,0.0,0.0,0.0,31,5.35,0.185,0.207,0.257,26.9,26.3,20.39324,78.13201,ERA5,Asia/Kolkata,Open-Meteo Historical Weather API
MH-Yavatmal,2012-02-24,27.2,36.5,18.4,0.0,0.0,0.0,35,5.43,0.188,0.208,0.255,27.3,26.7,20.39324,78.13201,ERA5,Asia/Kolkata,Open-Meteo Historical Weather API
MH-Yavatmal,2012-02-25,27.2,35.8,19.5,0.0,0.0,0.0,36,5.65,0.191,0.21,0.255,27.6,27.0,20.39324,78.13201,ERA5,Asia/Kolkata,Open-Meteo Historical Weather API
MH-Yavatmal,2012-02-26,26.7,34.7,19.8,0.0,0.0,0.0,37,5.62,0.191,0.211,0.256,27.5,27.0,20.39324,78.13201,ERA5,Asia/Kolkata,Open-Meteo Historical Weather API
MH-Yavatmal,2012-02-27,27.1,35.3,19.3,0.0,0.0,0.0,37,5.5,0.192,0.212,0.257,27.9,27.2,20.39324,78.13201,ERA5,Asia/Kolkata,Open-Meteo Historical Weather API
MH-Yavatmal,2012-02-28,27.1,36.1,18.3,0.0,0.0,0.0,33,6.56,0.19,0.211,0.257,27.8,27.2,20.39324,78.13201,ERA5,Asia/Kolkata,Open-Meteo Historical Weather API
MH-Yavatmal,2012-02-29,25.3,33.4,18.2,0.0,0.0,0.0,27,6.26,0.188,0.209,0.254,27.5,27.3,20.39324,78.13201,ERA5,Asia/Kolkata,Open-Meteo Historical Weather API
MH-Yavatmal,2012-03-01,24.7,33.7,16.2,0.0,0.0,0.0,28,6.27,0.188,0.208,0.253,26.4,26.5,20.39324,78.13201,ERA5,Asia/Kolkata,Open-Meteo Historical Weather API
MH-Yavatmal,2012-03-02,24.9,33.3,16.4,0.0,0.0,0.0,31,6.39,0.187,0.208,0.252,26.6,26.3,20.39324,78.13201,ERA5,Asia/Kolkata,Open-Meteo Historical Weather API
MH-Yavatmal,2012-03-03,25.2,33.4,18.1,0.0,0.0,0.0,33,6.04,0.186,0.206,0.25,26.9,26.5,20.39324,78.13201,ERA5,Asia/Kolkata,Open-Meteo Historical Weather API
MH-Yavatmal,2012-03-04,26.3,34.6,17.8,0.0,0.0,0.0,32,5.82,0.186,0.204,0.247,27.3,26.5,20.39324,78.13201,ERA5,Asia/Kolkata,Open-Meteo Historical Weather API
MH-Yavatmal,2012-03-05,26.6,36.3,17.9,0.0,0.0,0.0,35,6.09,0.185,0.202,0.245,27.9,26.9,20.39324,78.13201,ERA5,Asia/Kolkata,Open-Meteo Historical Weather API
MH-Yavatmal,2012-03-06,27.5,36.5,18.5,0.0,0.0,0.0,31,6.91,0.186,0.202,0.245,28.4,27.4,20.39324,78.13201,ERA5,Asia/Kolkata,Open-Meteo Historical Weather API
MH-Yavatmal,2012-03-07,26.0,33.5,18.8,0.0,0.0,0.0,30,7.04,0.188,0.202,0.245,27.8,27.5,20.39324,78.13201,ERA5,Asia/Kolkata,Open-Meteo Historical Weather API
MH-Yavatmal,2012-03-08,24.8,32.0,17.5,0.0,0.0,0.0,27,6.99,0.188,0.202,0.245,27.0,26.9,20.39324,78.13201,ERA5,Asia/Kolkata,Open-Meteo Historical Weather API
MH-Yavatmal,2012-03-09,23.8,31.0,17.4,0.0,0.0,0.0,24,6.9,0.188,0.202,0.245,26.1,26.3,20.39324,78.13201,ERA5,Asia/Kolkata,Open-Meteo Historical Weather API
MH-Yavatmal,2012-03-10,23.1,31.9,13.6,0.0,0.0,0.0,25,6.27,0.191,0.204,0.247,25.3,25.7,20.39324,78.13201,ERA5,Asia/Kolkata,Open-Meteo Historical Weather API
MH-Yavatmal,2012-03-11,26.3,34.3,17.3,0.0,0.0,0.0,27,7.32,0.191,0.204,0.249,26.8,25.9,20.39324,78.13201,ERA5,Asia/Kolkata,Open-Meteo Historical Weather API
MH-Yavatmal,2012-03-12,29.6,36.5,24.3,0.0,0.0,0.0,34,7.14,0.19,0.204,0.248,29.8,27.8,20.39324,78.13201,ERA5,Asia/Kolkata,Open-Meteo Historical Weather API
MH-Yavatmal,2012-03-13,27.5,33.9,23.0,0.0,0.0,0.0,26,7.24,0.188,0.203,0.247,29.4,28.4,20.39324,78.13201,ERA5,Asia/Kolkata,Open-Meteo Historical Weather API
MH-Yavatmal,2012-03-14,25.6,33.8,18.3,0.0,0.0,0.0,25,6.77,0.187,0.202,0.246,27.7,27.7,20.39324,78.13201,ERA5,Asia/Kolkata,Open-Meteo Historical Weather API
MH-Yavatmal,2012-03-15,26.7,35.1,18.1,0.0,0.0,0.0,27,6.25,0.186,0.201,0.245,27.7,27.3,20.39324,78.13201,ERA5,Asia/Kolkata,Open-Meteo Historical Weather API
MH-Yavatmal,2012-03-16,27.7,36.8,18.7,0.0,0.0,0.0,28,6.12,0.185,0.201,0.246,28.3,27.5,20.39324,78.13201,ERA5,Asia/Kolkata,Open-Meteo Historical Weather API
MH-Yavatmal,2012-03-17,29.2,37.9,20.8,0.0,0.0,0.0,25,6.94,0.183,0.198,0.243,29.4,28.1,20.39324,78.13201,ERA5,Asia/Kolkata,Open-Meteo Historical Weather API
MH-Yavatmal,2012-03-18,29.3,38.0,20.9,0.0,0.0,0.0,24,7.41,0.184,0.197,0.242,30.4,29.0,20.39324,78.13201,ERA5,Asia/Kolkata,Open-Meteo Historical Weather API
MH-Yavatmal,2012-03-19,29.5,38.9,19.9,0.0,0.0,0.0,24,7.1,0.185,0.198,0.241,30.5,29.5,20.39324,78.13201,ERA5,Asia/Kolkata,Open-Meteo Historical Weather API
MH-Yavatmal,2012-03-20,30.6,39.3,22.2,0.0,0.0,0.0,24,7.5,0.185,0.197,0.24,31.5,30.0,20.39324,78.13201,ERA5,Asia/Kolkata,Open-Meteo Historical Weather API
MH-Yavatmal,2012-03-21,30.3,39.0,21.2,0.0,0.0,0.0,22,7.7,0.184,0.197,0.239,31.6,30.2,20.39324,78.13201,ERA5,Asia/Kolkata,Open-Meteo Historical Weather API
MH-Yavatmal,2012-03-22,29.8,38.1,21.8,0.0,0.0,0.0,20,7.38,0.185,0.198,0.24,31.3,30.3,20.39324,78.13201,ERA5,Asia/Kolkata,Open-Meteo Historical Weather API
MH-Yavatmal,2012-03-23,28.9,38.5,19.3,0.0,0.0,0.0,20,7.14,0.187,0.199,0.24,30.1,29.8,20.39324,78.13201,ERA5,Asia/Kolkata,Open-Meteo Historical Weather API
MH-Yavatmal,2012-03-24,29.3,38.9,19.2,0.0,0.0,0.0,22,7.37,0.187,0.199,0.241,29.7,29.3,20.39324,78.13201,ERA5,Asia/Kolkata,Open-Meteo Historical Weather API
MH-Yavatmal,2012-03-25,29.5,38.9,20.8,0.0,0.0,0.0,21,7.12,0.186,0.199,0.241,30.5,29.5,20.39324,78.13201,ERA5,Asia/Kolkata,Open-Meteo Historical Weather API
MH-Yavatmal,2012-03-26,30.0,39.2,21.8,0.0,0.0,0.0,22,7.2,0.186,0.2,0.241,31.0,29.7,20.39324,78.13201,ERA5,Asia/Kolkata,Open-Meteo Historical Weather API
MH-Yavatmal,2012-03-27,30.5,39.2,21.4,0.0,0.0,0.0,25,6.57,0.188,0.203,0.244,31.4,30.0,20.39324,78.13201,ERA5,Asia/Kolkata,Open-Meteo Historical Weather API
MH-Yavatmal,2012-03-28,30.8,38.5,24.7,0.0,0.0,0.0,27,6.43,0.187,0.204,0.246,31.4,30.3,20.39324,78.13201,ERA5,Asia/Kolkata,Open-Meteo Historical Weather API
MH-Yavatmal,2012-03-29,30.9,39.5,22.2,0.0,0.0,0.0,27,7.44,0.188,0.204,0.247,31.9,30.6,20.39324,78.13201,ERA5,Asia/Kolkata,Open-Meteo Historical Weather API
MH-Yavatmal,2012-03-30,31.1,38.9,23.2,0.0,0.0,0.0,27,6.79,0.187,0.204,0.248,32.3,31.1,20.39324,78.13201,ERA5,Asia/Kolkata,Open-Meteo Historical Weather API
MH-Yavatmal,2012-03-31,31.2,38.7,24.1,0.0,0.0,0.0,26,6.84,0.186,0.204,0.247,32.2,31.1,20.39324,78.13201,ERA5,Asia/Kolkata,Open-Meteo Historical Weather API
MH-Yavatmal,2012-04-01,31.3,38.0,24.8,0.0,0.0,0.0,33,6.53,0.186,0.203,0.246,32.8,31.5,20.39324,78.13201,ERA5,Asia/Kolkata,Open-Meteo Historical Weather API
MH-Yavatmal,2012-04-02,32.0,39.3,25.4,0.0,0.0,0.0,34,6.5,0.185,0.201,0.244,33.4,31.8,20.39324,78.13201,ERA5,Asia/Kolkata,Open-Meteo Historical Weather API
MH-Yavatmal,2012-04-03,33.3,40.2,27.9,0.2,0.2,2.0,31,7.1,0.186,0.199,0.243,34.4,32.5,20.39324,78.13201,ERA5,Asia/Kolkata,Open-Meteo Historical Weather API
MH-Yavatmal,2012-04-04,32.5,41.1,24.6,0.1,0.1,1.0,30,7.78,0.188,0.198,0.243,33.7,32.5,20.39324,78.13201,ERA5,Asia/Kolkata,Open-Meteo Historical Weather API
MH-Yavatmal,2012-04-05,32.5,39.7,25.6,0.0,0.0,0.0,27,8.14,0.185,0.198,0.244,33.9,32.4,20.39324,78.13201,ERA5,Asia/Kolkata,Open-Meteo Historical Weather API
MH-Yavatmal,2012-04-06,32.1,38.5,26.2,0.0,0.0,0.0,28,7.44,0.182,0.201,0.245,34.2,32.7,20.39324,78.13201,ERA5,Asia/Kolkata,Open-Meteo Historical Weather API
MH-Yavatmal,2012-04-07,31.8,39.6,24.2,0.0,0.0,0.0,28,6.79,0.184,0.202,0.246,33.6,32.5,20.39324,78.13201,ERA5,Asia/Kolkata,Open-Meteo Historical Weather API
MH-Yavatmal,2012-04-08,32.8,40.9,25.0,0.0,0.0,0.0,31,6.8,0.184,0.201,0.245,34.1,32.7,20.39324,78.13201,ERA5,Asia/Kolkata,Open-Meteo Historical Weather API
MH-Yavatmal,2012-04-09,33.9,41.5,27.1,0.0,0.0,0.0,30,7.15,0.184,0.201,0.245,35.1,33.2,20.39324,78.13201,ERA5,Asia/Kolkata,Open-Meteo Historical Weather API
MH-Yavatmal,2012-04-10,33.6,41.0,26.8,0.0,0.0,0.0,27,8.19,0.183,0.2,0.244,34.9,33.5,20.39324,78.13201,ERA5,Asia/Kolkata,Open-Meteo Historical Weather API
MH-Yavatmal,2012-04-11,33.4,40.8,26.1,0.0,0.0,0.0,25,7.51,0.181,0.2,0.242,34.9,33.4,20.39324,78.13201,ERA5,Asia/Kolkata,Open-Meteo Historical Weather API
MH-Yavatmal,2012-04-12,33.2,39.6,26.9,0.0,0.0,0.0,26,8.31,0.18,0.2,0.241,34.9,33.6,20.39324,78.13201,ERA5,Asia/Kolkata,Open-Meteo Historical Weather API
MH-Yavatmal,2012-04-13,32.5,39.1,26.8,0.0,0.0,0.0,25,7.85,0.182,0.199,0.24,34.6,33.6,20.39324,78.13201,ERA5,Asia/Kolkata,Open-Meteo Historical Weather API
MH-Yavatmal,2012-04-14,32.7,39.5,25.6,0.0,0.0,0.0,28,6.14,0.179,0.198,0.241,34.2,33.3,20.39324,78.13201,ERA5,Asia/Kolkata,Open-Meteo Historical Weather API
MH-Yavatmal,2012-04-15,32.8,39.5,26.4,0.0,0.0,0.0,32,6.77,0.181,0.199,0.242,34.6,33.5,20.39324,78.13201,ERA5,Asia/Kolkata,Open-Meteo Historical Weather API
MH-Yavatmal,2012-04-16,33.1,40.4,25.7,0.0,0.0,0.0,29,7.6,0.185,0.199,0.242,34.5,33.5,20.39324,78.13201,ERA5,Asia/Kolkata,Open-Meteo Historical Weather API
MH-Yavatmal,2012-04-17,33.1,39.3,25.8,0.0,0.0,0.0,30,7.25,0.185,0.199,0.242,34.4,33.5,20.39324,78.13201,ERA5,Asia/Kolkata,Open-Meteo Historical Weather API
MH-Yavatmal,2012-04-18,34.0,40.9,27.9,0.2,0.2,1.0,28,7.98,0.187,0.201,0.242,35.2,33.8,20.39324,78.13201,ERA5,Asia/Kolkata,Open-Meteo Historical Weather API
MH-Yavatmal,2012-04-19,33.8,40.6,26.7,0.0,0.0,0.0,29,7.51,0.188,0.201,0.242,35.2,33.9,20.39324,78.13201,ERA5,Asia/Kolkata,Open-Meteo Historical Weather API
MH-Yavatmal,2012-04-20,34.5,40.1,29.7,0.0,0.0,0.0,28,8.67,0.189,0.2,0.241,35.6,34.3,20.39324,78.13201,ERA5,Asia/Kolkata,Open-Meteo Historical Weather API
MH-Yavatmal,2012-04-21,32.3,37.8,27.8,0.0,0.0,0.0,37,7.0,0.191,0.201,0.242,34.7,34.1,20.39324,78.13201,ERA5,Asia/Kolkata,Open-Meteo Historical Weather API
MH-Yavatmal,2012-04-22,32.8,39.5,26.1,0.0,0.0,0.0,40,6.19,0.191,0.201,0.242,34.4,33.9,20.39324,78.13201,ERA5,Asia/Kolkata,Open-Meteo Historical Weather API
MH-Yavatmal,2012-04-23,32.4,38.5,25.8,0.0,0.0,0.0,35,6.59,0.191,0.201,0.243,34.7,34.0,20.39324,78.13201,ERA5,Asia/Kolkata,Open-Meteo Historical Weather API
MH-Yavatmal,2012-04-24,33.4,39.9,27.5,0.0,0.0,0.0,34,8.05,0.188,0.199,0.241,35.4,34.3,20.39324,78.13201,ERA5,Asia/Kolkata,Open-Meteo Historical Weather API
MH-Yavatmal,2012-04-25,32.9,39.5,26.0,0.0,0.0,0.0,30,7.71,0.185,0.198,0.239,35.3,34.3,20.39324,78.13201,ERA5,Asia/Kolkata,Open-Meteo Historical Weather API
MH-Yavatmal,2012-04-26,33.4,39.2,27.9,0.0,0.0,0.0,32,7.13,0.183,0.199,0.239,35.6,34.4,20.39324,78.13201,ERA5,Asia/Kolkata,Open-Meteo Historical Weather API
MH-Yavatmal,2012-04-27,33.8,39.6,27.9,0.0,0.0,0.0,31,7.88,0.182,0.198,0.238,35.9,34.6,20.39324,78.13201,ERA5,Asia/Kolkata,Open-Meteo Historical Weather API
MH-Yavatmal,2012-04-28,34.5,40.2,27.4,0.0,0.0,0.0,24,8.44,0.18,0.197,0.236,36.7,35.0,20.39324,78.13201,ERA5,Asia/Kolkata,Open-Meteo Historical Weather API
MH-Yavatmal,2012-04-29,34.4,41.0,27.1,0.0,0.0,0.0,22,8.82,0.179,0.195,0.234,36.2,35.0,20.39324,78.13201,ERA5,Asia/Kolkata,Open-Meteo Historical Weather API
MH-Yavatmal,2012-04-30,34.6,41.1,27.4,0.0,0.0,0.0,23,9.08,0.178,0.193,0.231,36.4,35.0,20.39324,78.13201,ERA5,Asia/Kolkata,Open-Meteo Historical Weather API
MH-Yavatmal,2012-05-01,34.0,41.1,26.5,0.0,0.0,0.0,20,8.71,0.176,0.191,0.228,36.2,35.1,20.39324,78.13201,ERA5,Asia/Kolkata,Open-Meteo Historical Weather API
MH-Yavatmal,2012-05-02,34.3,41.7,27.2,0.0,0.0,0.0,18,9.6,0.174,0.19,0.225,36.3,35.0,20.39324,78.13201,ERA5,Asia/Kolkata,Open-Meteo Historical Weather API
MH-Yavatmal,2012-05-03,34.0,41.7,27.4,0.0,0.0,0.0,19,9.4,0.174,0.189,0.223,35.9,35.0,20.39324,78.13201,ERA5,Asia/Kolkata,Open-Meteo Historical Weather API
MH-Yavatmal,2012-05-04,33.7,40.5,26.3,0.0,0.0,0.0,21,8.89,0.174,0.189,0.222,35.8,34.8,20.39324,78.13201,ERA5,Asia/Kolkata,Open-Meteo Historical Weather API
MH-Yavatmal,2012-05-05,33.0,39.0,26.4,0.0,0.0,0.0,30,7.28,0.174,0.191,0.223,35.8,34.9,20.39324,78.13201,ERA5,Asia/Kolkata,Open-Meteo Historical Weather API
MH-Yavatmal,2012-05-06,33.6,40.3,28.3,0.0,0.0,0.0,29,8.12,0.178,0.192,0.225,35.8,34.9,20.39324,78.13201,ERA5,Asia/Kolkata,Open-Meteo Historical Weather API
MH-Yavatmal,2012-05-07,33.2,41.0,28.1,1.9,1.9,2.0,32,7.61,0.181,0.194,0.226,35.7,34.9,20.39324,78.13201,ERA5,Asia/Kolkata,Open-Meteo Historical Weather API
MH-Yavatmal,2012-05-08,32.5,39.2,28.1,4.1,4.1,3.0,38,6.94,0.188,0.195,0.227,35.2,34.8,20.39324,78.13201,ERA5,Asia/Kolkata,Open-Meteo Historical Weather API
MH-Yavatmal,2012-05-09,33.8,41.0,26.8,0.2,0.2,1.0,33,7.42,0.195,0.193,0.224,36.0,34.8,20.39324,78.13201,ERA5,Asia/Kolkata,Open-Meteo Historical Weather API
MH-Yavatmal,2012-05-10,33.2,40.5,28.4,0.9,0.9,1.0,38,6.81,0.192,0.193,0.225,36.1,35.3,20.39324,78.13201,ERA5,Asia/Kolkata,Open-Meteo Historical Weather API
MH-Yavatmal,2012-05-11,34.4,42.0,27.5,0.0,0.0,0.0,34,7.95,0.189,0.194,0.224,36.1,35.3,20.39324,78.13201,ERA5,Asia/Kolkata,Open-Meteo Historical Weather API
MH-Yavatmal,2012-05-12,34.1,40.0,29.5,0.1,0.1,1.0,34,7.69,0.186,0.195,0.225,36.6,35.8,20.39324,78.13201,ERA5,Asia/Kolkata,Open-Meteo Historical Weather API
MH-Yavatmal,2012-05-13,33.7,39.6,28.8,0.1,0.1,1.0,34,8.57,0.189,0.199,0.23,36.2,35.5,20.39324,78.13201,ERA5,Asia/Kolkata,Open-Meteo Historical Weather API
MH-Yavatmal,2012-05-14,34.5,40.2,29.0,0.0,0.0,0.0,30,8.95,0.186,0.196,0.228,36.3,35.4,20.39324,78.13201,ERA5,Asia/Kolkata,Open-Meteo Historical Weather API
MH-Yavatmal,2012-05-15,35.3,41.7,29.4,0.0,0.0,0.0,26,9.46,0.183,0.194,0.226,36.9,35.5,20.39324,78.13201,ERA5,Asia/Kolkata,Open-Meteo Historical Weather API
MH-Yavatmal,2012-05-16,35.8,42.3,29.7,0.0,0.0,0.0,22,10.47,0.18,0.192,0.223,37.4,35.7,20.39324,78.13201,ERA5,Asia/Kolkata,Open-Meteo Historical Weather API
MH-Yavatmal,2012-05-17,35.8,42.2,29.8,0.0,0.0,0.0,22,10.45,0.175,0.188,0.218,37.5,36.0,20.39324,78.13201,ERA5,Asia/Kolkata,Open-Meteo Historical Weather API
MH-Yavatmal,2012-05-18,36.3,43.0,31.1,0.0,0.0,0.0,23,10.14,0.175,0.187,0.216,38.1,36.4,20.39324,78.13201,ERA5,Asia/Kolkata,Open-Meteo Historical Weather API
MH-Yavatmal,2012-05-19,36.1,42.8,30.2,0.0,0.0,0.0,25,9.93,0.179,0.187,0.216,37.9,36.6,20.39324,78.13201,ERA5,Asia/Kolkata,Open-Meteo Historical Weather API
MH-Yavatmal,2012-05-20,36.2,43.0,30.1,0.0,0.0,0.0,22,9.42,0.181,0.187,0.216,38.1,36.8,20.39324,78.13201,ERA5,Asia/Kolkata,Open-Meteo Historical Weather API
MH-Yavatmal,2012-05-21,37.0,44.2,29.2,0.0,0.0,0.0,18,10.09,0.179,0.187,0.214,38.5,36.8,20.39324,78.13201,ERA5,Asia/Kolkata,Open-Meteo Historical Weather API
MH-Yavatmal,2012-05-22,36.8,43.5,30.7,0.0,0.0,0.0,21,10.52,0.175,0.186,0.212,38.6,37.1,20.39324,78.13201,ERA5,Asia/Kolkata,Open-Meteo Historical Weather API
MH-Yavatmal,2012-05-23,36.8,43.3,31.1,0.0,0.0,0.0,26,10.3,0.174,0.185,0.21,38.7,37.1,20.39324,78.13201,ERA5,Asia/Kolkata,Open-Meteo Historical Weather API
MH-Yavatmal,2012-05-24,37.5,43.3,32.1,0.0,0.0,0.0,25,10.17,0.171,0.184,0.206,39.0,37.4,20.39324,78.13201,ERA5,Asia/Kolkata,Open-Meteo Historical Weather API
MH-Yavatmal,2012-05-25,37.7,43.7,31.9,0.0,0.0,0.0,26,10.21,0.171,0.184,0.204,39.3,37.5,20.39324,78.13201,ERA5,Asia/Kolkata,Open-Meteo Historical Weather API
MH-Yavatmal,2012-05-26,37.4,43.4,32.2,0.0,0.0,0.0,25,10.38,0.17,0.183,0.201,38.9,37.6,20.39324,78.13201,ERA5,Asia/Kolkata,Open-Meteo Historical Weather API
MH-Yavatmal,2012-05-27,37.5,42.8,32.2,0.0,0.0,0.0,22,11.12,0.169,0.183,0.2,39.0,37.6,20.39324,78.13201,ERA5,Asia/Kolkata,Open-Meteo Historical Weather API
MH-Yavatmal,2012-05-28,37.4,43.8,31.9,0.0,0.0,0.0,25,9.89,0.17,0.183,0.199,39.0,37.6,20.39324,78.13201,ERA5,Asia/Kolkata,Open-Meteo Historical Weather API
MH-Yavatmal,2012-05-29,37.6,43.7,31.8,0.0,0.0,0.0,25,10.64,0.17,0.183,0.198,39.0,37.7,20.39324,78.13201,ERA5,Asia/Kolkata,Open-Meteo Historical Weather API
MH-Yavatmal,2012-05-30,37.8,43.9,32.5,0.0,0.0,0.0,26,11.12,0.171,0.183,0.197,39.2,37.8,20.39324,78.13201,ERA5,Asia/Kolkata,Open-Meteo Historical Weather API
MH-Yavatmal,2012-05-31,37.3,42.9,31.9,0.0,0.0,0.0,28,10.39,0.169,0.183,0.195,39.2,37.8,20.39324,78.13201,ERA5,Asia/Kolkata,Open-Meteo Historical Weather API
MH-Yavatmal,2012-06-01,36.2,42.3,31.7,0.0,0.0,0.0,31,10.11,0.168,0.183,0.195,38.6,37.6,20.39324,78.13201,ERA5,Asia/Kolkata,Open-Meteo Historical Weather API
MH-Yavatmal,2012-06-02,35.5,40.2,31.0,0.0,0.0,0.0,30,10.43,0.169,0.183,0.196,38.1,37.2,20.39324,78.13201,ERA5,Asia/Kolkata,Open-Meteo Historical Weather API
MH-Yavatmal,2012-06-03,34.7,39.2,30.1,0.0,0.0,0.0,33,10.07,0.169,0.183,0.197,37.5,36.8,20.39324,78.13201,ERA5,Asia/Kolkata,Open-Meteo Historical Weather API
MH-Yavatmal,2012-06-04,35.1,40.8,30.0,0.0,0.0,0.0,29,9.87,0.169,0.183,0.197,37.7,36.6,20.39324,78.13201,ERA5,Asia/Kolkata,Open-Meteo Historical Weather API
MH-Yavatmal,2012-06-05,35.5,40.7,29.9,0.0,0.0,0.0,30,8.73,0.168,0.183,0.196,37.8,36.6,20.39324,78.13201,ERA5,Asia/Kolkata,Open-Meteo Historical Weather API
MH-Yavatmal,2012-06-06,35.7,40.1,32.2,0.0,0.0,0.0,32,7.42,0.168,0.183,0.195,38.4,37.2,20.39324,78.13201,ERA5,Asia/Kolkata,Open-Meteo Historical Weather API
MH-Yavatmal,2012-06-07,33.1,37.0,29.7,0.1,0.1,1.0,42,7.58,0.168,0.183,0.195,36.8,36.8,20.39324,78.13201,ERA5,Asia/Kolkata,Open-Meteo Historical Weather API
MH-Yavatmal,2012-06-08,33.6,39.2,28.5,0.1,0.1,1.0,43,7.57,0.169,0.183,0.195,36.6,36.2,20.39324,78.13201,ERA5,Asia/Kolkata,Open-Meteo Historical Weather API
MH-Yavatmal,2012-06-09,33.9,40.1,30.3,0.2,0.2,2.0,43,8.6,0.174,0.183,0.198,36.9,36.2,20.39324,78.13201,ERA5,Asia/Kolkata,Open-Meteo Historical Weather API
MH-Yavatmal,2012-06-10,30.1,37.3,25.9,6.8,6.8,7.0,57,5.66,0.226,0.183,0.203,33.7,35.2,20.39324,78.13201,ERA5,Asia/Kolkata,Open-Meteo Historical Weather API
MH-Yavatmal,2012-06-11,31.6,37.4,26.7,0.0,0.0,0.0,49,5.8,0.248,0.184,0.203,33.7,34.2,20.39324,78.13201,ERA5,Asia/Kolkata,Open-Meteo Historical Weather API
MH-Yavatmal,2012-06-12,32.0,39.1,27.6,1.9,1.9,3.0,52,4.71,0.24,0.183,0.201,34.3,34.4,20.39324,78.13201,ERA5,Asia/Kolkata,Open-Meteo Historical Weather API
MH-Yavatmal,2012-06-13,31.7,38.5,27.3,1.0,1.0,3.0,54,5.28,0.233,0.184,0.203,34.7,34.5,20.39324,78.13201,ERA5,Asia/Kolkata,Open-Meteo Historical Weather API
MH-Yavatmal,2012-06-14,31.3,37.8,26.8,6.1,6.1,5.0,60,6.09,0.23,0.184,0.202,34.9,34.7,20.39324,78.13201,ERA5,Asia/Kolkata,Open-Meteo Historical Weather API
MH-Yavatmal,2012-06-15,30.5,35.8,25.8,8.9,8.9,8.0,65,5.45,0.321,0.193,0.199,33.4,34.1,20.39324,78.13201,ERA5,Asia/Kolkata,Open-Meteo Historical Weather API
MH-Yavatmal,2012-06-16,30.8,36.8,27.4,1.2,1.2,1.0,57,6.5,0.286,0.2,0.199,32.9,33.6,20.39324,78.13201,ERA5,Asia/Kolkata,Open-Meteo Historical Weather API
MH-Yavatmal,2012-06-17,27.6,32.5,24.8,28.8,28.8,17.0,78,2.94,0.401,0.255,0.199,30.0,32.1,20.39324,78.13201,ERA5,Asia/Kolkata,Open-Meteo Historical Weather API
MH-Yavatmal,2012-06-18,26.7,31.0,24.6,4.0,4.0,8.0,76,3.3,0.402,0.31,0.2,28.7,30.5,20.39324,78.13201,ERA5,Asia/Kolkata,Open-Meteo Historical Weather API
MH-Yavatmal,2012-06-19,26.9,30.0,24.1,5.2,5.2,9.0,73,2.63,0.4,0.325,0.201,27.7,29.5,20.39324,78.13201,ERA5,Asia/Kolkata,Open-Meteo Historical Weather API
MH-Yavatmal,2012-06-20,27.9,30.1,26.1,1.6,1.6,5.0,65,3.74,0.384,0.332,0.203,28.1,29.2,20.39324,78.13201,ERA5,Asia/Kolkata,Open-Meteo Historical Weather API
MH-Yavatmal,2012-06-21,27.1,30.5,24.1,3.1,3.1,8.0,71,3.02,0.374,0.332,0.204,27.9,29.0,20.39324,78.13201,ERA5,Asia/Kolkata,Open-Meteo Historical Weather API
MH-Yavatmal,2012-06-22,28.6,32.9,25.4,0.7,0.7,4.0,64,4.28,0.372,0.332,0.205,28.9,28.6,20.39324,78.13201,ERA5,Asia/Kolkata,Open-Meteo Historical Weather API
MH-Yavatmal,2012-06-23,30.4,35.3,26.5,0.0,0.0,0.0,53,5.94,0.343,0.326,0.205,30.4,29.7,20.39324,78.13201,ERA5,Asia/Kolkata,Open-Meteo Historical Weather API
MH-Yavatmal,2012-06-24,31.6,36.2,28.2,0.0,0.0,0.0,48,6.72,0.313,0.311,0.202,31.6,30.7,20.39324,78.13201,ERA5,Asia/Kolkata,Open-Meteo Historical Weather API
MH-Yavatmal,2012-06-25,31.4,35.4,28.0,0.0,0.0,0.0,53,6.96,0.287,0.299,0.201,32.2,31.4,20.39324,78.13201,ERA5,Asia/Kolkata,Open-Meteo Historical Weather API
MH-Yavatmal,2012-06-26,31.7,36.2,27.6,0.0,0.0,0.0,50,7.14,0.267,0.289,0.201,32.3,31.7,20.39324,78.13201,ERA5,Asia/Kolkata,Open-Meteo Historical Weather API
MH-Yavatmal,2012-06-27,31.8,37.0,27.5,0.0,0.0,0.0,46,7.25,0.248,0.278,0.2,32.9,32.1,20.39324,78.13201,ERA5,Asia/Kolkata,Open-Meteo Historical Weather API
MH-Yavatmal,2012-06-28,31.6,36.4,28.6,0.0,0.0,0.0,47,6.32,0.234,0.268,0.199,33.1,32.4,20.39324,78.13201,ERA5,Asia/Kolkata,Open-Meteo Historical Weather API
MH-Yavatmal,2012-06-29,30.6,37.1,28.1,1.3,1.3,2.0,53,6.36,0.228,0.262,0.198,33.0,32.6,20.39324,78.13201,ERA5,Asia/Kolkata,Open-Meteo Historical Weather API
MH-Yavatmal,2012-06-30,30.2,36.7,26.1,2.0,2.0,6.0,61,6.02,0.234,0.257,0.199,32.7,32.4,20.39324,78.13201,ERA5,Asia/Kolkata,Open-Meteo Historical Weather API
MH-Yavatmal,2012-07-01,27.8,31.8,25.2,0.6,0.6,5.0,74,4.09,0.246,0.255,0.201,31.1,31.9,20.39324,78.13201,ERA5,Asia/Kolkata,Open-Meteo Historical Weather API
MH-Yavatmal,2012-07-02,27.2,33.2,24.2,13.3,13.3,14.0,80,3.59,0.309,0.257,0.204,29.7,30.8,20.39324,78.13201,ERA5,Asia/Kolkata,Open-Meteo Historical Weather API
MH-Yavatmal,2012-07-03,26.0,27.5,24.8,19.7,19.7,19.0,88,1.9,0.412,0.285,0.204,28.1,29.4,20.39324,78.13201,ERA5,Asia/Kolkata,Open-Meteo Historical Weather API
MH-Yavatmal,2012-07-04,28.1,32.9,24.4,3.8,3.8,4.0,73,3.93,0.401,0.338,0.204,28.7,28.6,20.39324,78.13201,ERA5,Asia/Kolkata,Open-Meteo Historical Weather API
MH-Yavatmal,2012-07-05,29.2,33.7,27.1,0.3,0.3,1.0,66,5.04,0.362,0.335,0.203,29.8,29.4,20.39324,78.13201,ERA5,Asia/Kolkata,Open-Meteo Historical Weather API
MH-Yavatmal,2012-07-06,25.5,28.9,24.2,12.4,12.4,23.0,84,2.01,0.4,0.339,0.204,27.5,28.8,20.39324,78.13201,ERA5,Asia/Kolkata,Open-Meteo Historical Weather API
MH-Yavatmal,2012-07-07,25.3,28.4,23.5,5.5,5.5,12.0,81,2.26,0.423,0.364,0.206,26.4,27.4,20.39324,78.13201,ERA5,Asia/Kolkata,Open-Meteo Historical Weather API
MH-Yavatmal,2012-07-08,26.5,29.4,24.2,4.7,4.7,8.0,78,3.3,0.401,0.368,0.207,27.3,27.4,20.39324,78.13201,ERA5,Asia/Kolkata,Open-Meteo Historical Weather API
MH-Yavatmal,2012-07-09,26.4,29.6,24.2,3.4,3.4,8.0,81,3.14,0.415,0.373,0.209,27.3,27.6,20.39324,78.13201,ERA5,Asia/Kolkata,Open-Meteo Historical Weather API
MH-Yavatmal,2012-07-10,27.4,31.9,23.8,1.0,1.0,4.0,76,4.46,0.392,0.37,0.211,28.5,28.2,20.39324,78.13201,ERA5,Asia/Kolkata,Open-Meteo Historical Weather API
MH-Yavatmal,2012-07-11,28.3,32.4,24.1,1.0,1.0,5.0,75,4.67,0.394,0.363,0.211,29.6,29.0,20.39324,78.13201,ERA5,Asia/Kolkata,Open-Meteo Historical Weather API
MH-Yavatmal,2012-07-12,29.0,33.3,26.1,1.9,1.9,2.0,71,5.24,0.367,0.353,0.211,30.3,29.7,20.39324,78.13201,ERA5,Asia/Kolkata,Open-Meteo Historical Weather API
MH-Yavatmal,2012-07-13,28.6,32.8,26.0,0.9,0.9,4.0,70,4.47,0.358,0.343,0.211,29.8,29.8,20.39324,78.13201,ERA5,Asia/Kolkata,Open-Meteo Historical Weather API
MH-Yavatmal,2012-07-14,27.5,31.3,23.8,5.6,5.6,11.0,73,3.77,0.378,0.338,0.209,28.7,29.2,20.39324,78.13201,ERA5,Asia/Kolkata,Open-Meteo Historical Weather API
MH-Yavatmal,2012-07-15,26.2,30.6,24.5,20.4,20.4,12.0,81,2.4,0.423,0.383,0.21,27.2,28.1,20.39324,78.13201,ERA5,Asia/Kolkata,Open-Meteo Historical Weather API
MH-Yavatmal,2012-07-16,26.1,29.7,23.5,8.7,8.7,14.0,82,2.75,0.438,0.416,0.215,27.0,27.6,20.39324,78.13201,ERA5,Asia/Kolkata,Open-Meteo Historical Weather API
MH-Yavatmal,2012-07-17,28.1,32.4,25.0,0.9,0.9,2.0,73,4.91,0.406,0.402,0.22,28.8,28.2,20.39324,78.13201,ERA5,Asia/Kolkata,Open-Meteo Historical Weather API
MH-Yavatmal,2012-07-18,28.1,32.6,24.5,0.8,0.8,5.0,72,4.47,0.39,0.384,0.221,28.7,28.7,20.39324,78.13201,ERA5,Asia/Kolkata,Open-Meteo Historical Weather API
MH-Yavatmal,2012-07-19,27.2,31.0,25.1,1.7,1.7,9.0,72,4.18,0.376,0.372,0.223,28.2,28.5,20.39324,78.13201,ERA5,Asia/Kolkata,Open-Meteo Historical Weather API
MH-Yavatmal,2012-07-20,27.2,30.2,24.3,1.2,1.2,7.0,73,3.53,0.374,0.364,0.224,27.6,27.9,20.39324,78.13201,ERA5,Asia/Kolkata,Open-Meteo Historical Weather API
MH-Yavatmal,2012-07-21,27.4,30.5,24.8,4.3,4.3,12.0,76,3.34,0.375,0.357,0.225,28.0,27.9,20.39324,78.13201,ERA5,Asia/Kolkata,Open-Meteo Historical Weather API
MH-Yavatmal,2012-07-22,24.5,26.3,23.5,48.7,48.7,21.0,88,1.57,0.458,0.432,0.238,25.6,27.0,20.39324,78.13201,ERA5,Asia/Kolkata,Open-Meteo Historical Weather API
MH-Yavatmal,2012-07-23,24.9,26.8,23.1,2.2,2.2,8.0,82,2.31,0.442,0.433,0.26,25.3,26.1,20.39324,78.13201,ERA5,Asia/Kolkata,Open-Meteo Historical Weather API
MH-Yavatmal,2012-07-24,25.5,28.7,23.4,0.1,0.1,1.0,80,3.12,0.42,0.416,0.267,26.1,26.4,20.39324,78.13201,ERA5,Asia/Kolkata,Open-Meteo Historical Weather API
MH-Yavatmal,2012-07-25,25.6,28.6,23.5,5.0,5.0,14.0,82,3.24,0.425,0.406,0.271,26.4,26.7,20.39324,78.13201,ERA5,Asia/Kolkata,Open-Meteo Historical Weather API
MH-Yavatmal,2012-07-26,24.4,25.8,23.2,17.3,17.3,17.0,88,1.61,0.456,0.436,0.278,25.2,26.3,20.39324,78.13201,ERA5,Asia/Kolkata,Open-Meteo Historical Weather API
MH-Yavatmal,2012-07-27,23.9,25.3,23.0,12.5,12.5,21.0,89,1.6,0.454,0.44,0.29,24.7,25.7,20.39324,78.13201,ERA5,Asia/Kolkata,Open-Meteo Historical Weather API
MH-Yavatmal,2012-07-28,23.4,24.5,22.9,71.9,71.9,24.0,91,1.19,0.462,0.459,0.325,24.1,25.1,20.39324,78.13201,ERA5,Asia/Kolkata,Open-Meteo Historical Weather API
MH-Yavatmal,2012-07-29,23.0,23.9,22.2,54.9,54.9,24.0,90,1.28,0.465,0.464,0.381,23.4,24.5,20.39324,78.13201,ERA5,Asia/Kolkata,Open-Meteo Historical Weather API
MH-Yavatmal,2012-07-30,23.4,25.5,21.9,18.7,18.7,24.0,90,1.39,0.458,0.457,0.4,23.6,24.3,20.39324,78.13201,ERA5,Asia/Kolkata,Open-Meteo Historical Weather API
MH-Yavatmal,2012-07-31,23.1,24.7,22.0,12.5,12.5,21.0,90,1.63,0.46,0.46,0.412,23.6,24.4,20.39324,78.13201,ERA5,Asia/Kolkata,Open-Meteo Historical Weather API
MH-Yavatmal,2012-08-01,24.2,26.6,21.9,21.1,21.1,20.0,85,2.12,0.46,0.459,0.421,24.0,24.5,20.39324,78.13201,ERA5,Asia/Kolkata,Open-Meteo Historical Weather API
MH-Yavatmal,2012-08-02,25.0,27.7,23.0,2.2,2.2,10.0,83,2.57,0.451,0.451,0.426,24.9,24.9,20.39324,78.13201,ERA5,Asia/Kolkata,Open-Meteo Historical Weather API
MH-Yavatmal,2012-08-03,24.9,27.9,23.5,4.7,4.7,11.0,84,2.54,0.443,0.439,0.426,25.2,25.4,20.39324,78.13201,ERA5,Asia/Kolkata,Open-Meteo Historical Weather API
MH-Yavatmal,2012-08-04,24.8,26.9,22.8,5.0,5.0,14.0,84,1.97,0.446,0.441,0.425,24.9,25.2,20.39324,78.13201,ERA5,Asia/Kolkata,Open-Meteo Historical Weather API
MH-Yavatmal,2012-08-05,24.0,25.7,22.8,32.7,32.7,22.0,90,1.47,0.462,0.461,0.432,24.2,24.9,20.39324,78.13201,ERA5,Asia/Kolkata,Open-Meteo Historical Weather API
MH-Yavatmal,2012-08-06,24.3,25.7,23.3,65.1,65.1,24.0,90,1.46,0.466,0.465,0.453,24.1,24.6,20.39324,78.13201,ERA5,Asia/Kolkata,Open-Meteo Historical Weather API
MH-Yavatmal,2012-08-07,24.8,27.1,23.2,22.3,22.3,16.0,86,1.94,0.461,0.461,0.464,24.3,24.5,20.39324,78.13201,ERA5,Asia/Kolkata,Open-Meteo Historical Weather API
MH-Yavatmal,2012-08-08,26.7,30.0,23.7,2.6,2.6,6.0,78,4.2,0.443,0.447,0.458,26.3,25.4,20.39324,78.13201,ERA5,Asia/Kolkata,Open-Meteo Historical Weather API
MH-Yavatmal,2012-08-09,25.9,28.1,24.1,0.9,0.9,3.0,79,3.13,0.431,0.435,0.452,26.0,26.1,20.39324,78.13201,ERA5,Asia/Kolkata,Open-Meteo Historical Weather API
MH-Yavatmal,2012-08-10,25.3,28.2,23.6,8.3,8.3,15.0,82,2.62,0.438,0.431,0.447,25.6,25.8,20.39324,78.13201,ERA5,Asia/Kolkata,Open-Meteo Historical Weather API
MH-Yavatmal,2012-08-11,24.1,26.7,23.1,25.0,25.0,22.0,89,1.42,0.463,0.459,0.447,24.6,25.2,20.39324,78.13201,ERA5,Asia/Kolkata,Open-Meteo Historical Weather API
MH-Yavatmal,2012-08-12,24.2,27.8,22.5,21.0,21.0,18.0,89,2.11,0.461,0.465,0.461,24.5,24.7,20.39324,78.13201,ERA5,Asia/Kolkata,Open-Meteo Historical Weather API
MH-Yavatmal,2012-08-13,25.6,29.5,22.8,2.6,2.6,7.0,82,3.99,0.446,0.45,0.458,25.9,25.4,20.39324,78.13201,ERA5,Asia/Kolkata,Open-Meteo Historical Weather API
MH-Yavatmal,2012-08-14,25.4,28.2,23.0,0.3,0.3,2.0,82,3.36,0.431,0.436,0.452,26.0,25.9,20.39324,78.13201,ERA5,Asia/Kolkata,Open-Meteo Historical Weather API
MH-Yavatmal,2012-08-15,25.5,28.3,23.3,2.1,2.1,6.0,80,3.85,0.42,0.425,0.447,26.1,26.1,20.39324,78.13201,ERA5,Asia/Kolkata,Open-Meteo Historical Weather API
MH-Yavatmal,2012-08-16,25.9,28.8,23.5,0.0,0.0,0.0,77,4.26,0.414,0.417,0.443,26.5,26.2,20.39324,78.13201,ERA5,Asia/Kolkata,Open-Meteo Historical Weather API
MH-Yavatmal,2012-08-17,25.6,28.6,23.6,1.6,1.6,5.0,80,3.78,0.41,0.41,0.438,26.4,26.3,20.39324,78.13201,ERA5,Asia/Kolkata,Open-Meteo Historical Weather API
MH-Yavatmal,2012-08-18,24.8,26.4,24.0,9.0,9.0,18.0,85,2.27,0.429,0.414,0.435,25.4,25.9,20.39324,78.13201,ERA5,Asia/Kolkata,Open-Meteo Historical Weather API
MH-Yavatmal,2012-08-19,24.0,25.0,22.7,52.0,52.0,24.0,91,1.02,0.465,0.459,0.442,24.3,25.0,20.39324,78.13201,ERA5,Asia/Kolkata,Open-Meteo Historical Weather API
MH-Yavatmal,2012-08-20,25.4,28.3,23.8,10.2,10.2,12.0,85,2.62,0.456,0.453,0.462,25.2,24.9,20.39324,78.13201,ERA5,Asia/Kolkata,Open-Meteo Historical Weather API
MH-Yavatmal,2012-08-21,25.2,27.1,23.6,0.0,0.0,0.0,83,3.24,0.435,0.439,0.456,25.7,25.6,20.39324,78.13201,ERA5,Asia/Kolkata,Open-Meteo Historical Weather API
MH-Yavatmal,2012-08-22,25.4,29.0,22.9,1.0,1.0,6.0,83,3.41,0.427,0.429,0.451,25.9,25.9,20.39324,78.13201,ERA5,Asia/Kolkata,Open-Meteo Historical Weather API
MH-Yavatmal,2012-08-23,26.8,31.2,22.7,0.3,0.3,1.0,80,4.68,0.413,0.419,0.445,27.3,26.5,20.39324,78.13201,ERA5,Asia/Kolkata,Open-Meteo Historical Weather API
MH-Yavatmal,2012-08-24,26.9,29.7,24.4,0.1,0.1,1.0,77,4.46,0.4,0.409,0.439,27.5,27.1,20.39324,78.13201,ERA5,Asia/Kolkata,Open-Meteo Historical Weather API
MH-Yavatmal,2012-08-25,26.9,30.1,24.2,0.0,0.0,0.0,77,4.79,0.387,0.401,0.434,27.5,27.2,20.39324,78.13201,ERA5,Asia/Kolkata,Open-Meteo Historical Weather API
MH-Yavatmal,2012-08-26,25.5,27.7,24.0,8.9,8.9,9.0,83,2.84,0.389,0.394,0.429,26.6,27.0,20.39324,78.13201,ERA5,Asia/Kolkata,Open-Meteo Historical Weather API
MH-Yavatmal,2012-08-27,24.8,26.8,23.3,5.5,5.5,19.0,87,1.81,0.432,0.404,0.426,25.6,26.1,20.39324,78.13201,ERA5,Asia/Kolkata,Open-Meteo Historical Weather API
MH-Yavatmal,2012-08-28,25.9,29.4,23.2,0.4,0.4,3.0,83,3.03,0.421,0.412,0.423,26.0,25.8,20.39324,78.13201,ERA5,Asia/Kolkata,Open-Meteo Historical Weather API
MH-Yavatmal,2012-08-29,27.0,30.4,24.2,4.0,4.0,7.0,82,3.59,0.416,0.409,0.42,27.2,26.3,20.39324,78.13201,ERA5,Asia/Kolkata,Open-Meteo Historical Weather API
MH-Yavatmal,2012-08-30,26.5,30.8,24.3,24.3,24.3,18.0,86,2.89,0.453,0.435,0.423,27.6,26.8,20.39324,78.13201,ERA5,Asia/Kolkata,Open-Meteo Historical Weather API
MH-Yavatmal,2012-08-31,25.5,28.4,23.1,21.1,21.1,15.0,89,2.17,0.458,0.462,0.437,26.7,26.6,20.39324,78.13201,ERA5,Asia/Kolkata,Open-Meteo Historical Weather API
MH-Yavatmal,2012-09-01,27.1,31.2,23.7,11.3,11.3,14.0,84,3.67,0.457,0.458,0.442,27.9,26.8,20.39324,78.13201,ERA5,Asia/Kolkata,Open-Meteo Historical Weather API
MH-Yavatmal,2012-09-02,26.8,30.9,24.9,5.3,5.3,10.0,85,3.2,0.454,0.458,0.447,27.8,27.3,20.39324,78.13201,ERA5,Asia/Kolkata,Open-Meteo Historical Weather API
MH-Yavatmal,2012-09-03,25.6,28.6,23.6,30.1,30.1,18.0,89,2.37,0.46,0.466,0.457,26.6,26.8,20.39324,78.13201,ERA5,Asia/Kolkata,Open-Meteo Historical Weather API
MH-Yavatmal,2012-09-04,24.8,28.2,23.1,15.7,15.7,23.0,91,1.49,0.462,0.465,0.463,25.6,26.0,20.39324,78.13201,ERA5,Asia/Kolkata,Open-Meteo Historical Weather API
MH-Yavatmal,2012-09-05,23.9,24.7,23.4,88.1,88.1,24.0,90,1.77,0.465,0.466,0.459,24.7,25.4,20.39324,78.13201,ERA5,Asia/Kolkata,Open-Meteo Historical Weather API
MH-Yavatmal,2012-09-06,25.3,28.3,22.9,18.7,18.7,21.0,87,2.62,0.459,0.463,0.455,25.3,25.3,20.39324,78.13201,ERA5,Asia/Kolkata,Open-Meteo Historical Weather API
MH-Yavatmal,2012-09-07,26.5,29.9,23.7,0.0,0.0,0.0,78,3.87,0.44,0.45,0.447,26.5,25.9,20.39324,78.13201,ERA5,Asia/Kolkata,Open-Meteo Historical Weather API
MH-Yavatmal,2012-09-08,27.4,31.3,23.8,0.1,0.1,1.0,79,4.33,0.424,0.435,0.439,27.8,26.6,20.39324,78.13201,ERA5,Asia/Kolkata,Open-Meteo Historical Weather API
MH-Yavatmal,2012-09-09,27.2,30.2,24.8,0.2,0.2,1.0,79,3.96,0.413,0.424,0.432,27.8,27.2,20.39324,78.13201,ERA5,Asia/Kolkata,Open-Meteo Historical Weather API
MH-Yavatmal,2012-09-10,25.0,26.7,23.9,23.1,23.1,21.0,88,1.78,0.444,0.433,0.427,25.9,26.5,20.39324,78.13201,ERA5,Asia/Kolkata,Open-Meteo Historical Weather API
MH-Yavatmal,2012-09-11,25.1,28.4,23.2,9.5,9.5,12.0,86,2.48,0.456,0.459,0.435,25.6,25.8,20.39324,78.13201,ERA5,Asia/Kolkata,Open-Meteo Historical Weather API
MH-Yavatmal,2012-09-12,25.7,28.9,23.2,0.4,0.4,2.0,82,3.56,0.438,0.445,0.434,26.2,25.8,20.39324,78.13201,ERA5,Asia/Kolkata,Open-Meteo Historical Weather API
MH-Yavatmal,2012-09-13,26.2,29.9,23.8,0.0,0.0,0.0,79,3.91,0.425,0.434,0.43,26.6,26.3,20.39324,78.13201,ERA5,Asia/Kolkata,Open-Meteo Historical Weather API
MH-Yavatmal,2012-09-14,26.7,29.8,24.5,0.1,0.1,1.0,76,4.26,0.414,0.423,0.425,27.0,26.5,20.39324,78.13201,ERA5,Asia/Kolkata,Open-Meteo Historical Weather API
MH-Yavatmal,2012-09-15,26.0,29.1,23.9,2.0,2.0,6.0,81,3.85,0.406,0.414,0.421,26.7,26.6,20.39324,78.13201,ERA5,Asia/Kolkata,Open-Meteo Historical Weather API
MH-Yavatmal,2012-09-16,25.8,28.5,23.4,0.7,0.7,5.0,80,3.57,0.402,0.407,0.417,26.4,26.4,20.39324,78.13201,ERA5,Asia/Kolkata,Open-Meteo Historical Weather API
MH-Yavatmal,2012-09-17,26.0,28.9,23.7,0.5,0.5,3.0,79,3.8,0.392,0.401,0.413,26.6,26.3,20.39324,78.13201,ERA5,Asia/Kolkata,Open-Meteo Historical Weather API
MH-Yavatmal,2012-09-18,26.1,28.9,23.2,0.4,0.4,2.0,77,3.84,0.384,0.394,0.409,26.7,26.3,20.39324,78.13201,ERA5,Asia/Kolkata,Open-Meteo Historical Weather API
MH-Yavatmal,2012-09-19,26.8,30.0,24.0,0.1,0.1,1.0,74,4.18,0.373,0.385,0.404,27.4,26.7,20.39324,78.13201,ERA5,Asia/Kolkata,Open-Meteo Historical Weather API
MH-Yavatmal,2012-09-20,27.3,30.7,24.6,6.7,6.7,10.0,76,4.06,0.375,0.378,0.4,27.9,27.1,20.39324,78.13201,ERA5,Asia/Kolkata,Open-Meteo Historical Weather API
MH-Yavatmal,2012-09-21,26.1,31.0,23.7,5.4,5.4,10.0,82,3.83,0.402,0.379,0.396,27.3,27.3,20.39324,78.13201,ERA5,Asia/Kolkata,Open-Meteo Historical Weather API
MH-Yavatmal,2012-09-22,25.6,30.6,23.0,21.8,21.8,20.0,87,3.14,0.443,0.409,0.394,26.9,27.0,20.39324,78.13201,ERA5,Asia/Kolkata,Open-Meteo Historical Weather API
MH-Yavatmal,2012-09-23,26.6,31.1,23.1,1.1,1.1,3.0,82,4.09,0.437,0.434,0.395,27.4,26.8,20.39324,78.13201,ERA5,Asia/Kolkata,Open-Meteo Historical Weather API
MH-Yavatmal,2012-09-24,26.3,30.5,24.1,1.8,1.8,4.0,80,4.15,0.427,0.423,0.394,27.3,27.0,20.39324,78.13201,ERA5,Asia/Kolkata,Open-Meteo Historical Weather API
MH-Yavatmal,2012-09-25,25.9,30.1,23.0,2.9,2.9,3.0,81,4.07,0.421,0.419,0.392,27.0,26.8,20.39324,78.13201,ERA5,Asia/Kolkata,Open-Meteo Historical Weather API
MH-Yavatmal,2012-09-26,25.8,30.6,23.0,0.7,0.7,1.0,79,3.99,0.41,0.413,0.39,26.9,26.7,20.39324,78.13201,ERA5,Asia/Kolkata,Open-Meteo Historical Weather API
MH-Yavatmal,2012-09-27,26.1,31.1,22.6,0.7,0.7,1.0,75,4.25,0.396,0.403,0.388,27.0,26.7,20.39324,78.13201,ERA5,Asia/Kolkata,Open-Meteo Historical Weather API
MH-Yavatmal,2012-09-28,26.6,31.8,22.5,0.0,0.0,0.0,70,4.56,0.383,0.393,0.386,27.0,26.8,20.39324,78.13201,ERA5,Asia/Kolkata,Open-Meteo Historical Weather API
MH-Yavatmal,2012-09-29,27.2,32.4,22.5,0.0,0.0,0.0,67,4.85,0.367,0.383,0.384,27.2,26.8,20.39324,78.13201,ERA5,Asia/Kolkata,Open-Meteo Historical Weather API
MH-Yavatmal,2012-09-30,27.3,31.9,24.2,14.8,14.8,9.0,78,3.79,0.398,0.381,0.381,28.0,27.2,20.39324,78.13201,ERA5,Asia/Kolkata,Open-Meteo Historical Weather API
MH-Yavatmal,2012-10-01,27.5,32.1,23.8,1.5,1.5,6.0,81,4.2,0.429,0.409,0.379,28.3,27.5,20.39324,78.13201,ERA5,Asia/Kolkata,Open-Meteo Historical Weather API
MH-Yavatmal,2012-10-02,26.2,30.3,23.2,11.6,11.6,11.0,82,2.95,0.433,0.411,0.378,27.3,27.3,20.39324,78.13201,ERA5,Asia/Kolkata,Open-Meteo Historical Weather API
MH-Yavatmal,2012-10-03,24.7,27.5,22.8,20.2,20.2,21.0,91,1.49,0.455,0.441,0.381,26.1,26.3,20.39324,78.13201,ERA5,Asia/Kolkata,Open-Meteo Historical Weather API
MH-Yavatmal,2012-10-04,26.6,31.6,22.8,0.2,0.2,1.0,80,3.88,0.442,0.445,0.387,26.9,26.3,20.39324,78.13201,ERA5,Asia/Kolkata,Open-Meteo Historical Weather API
MH-Yavatmal,2012-10-05,26.6,32.4,24.0,1.0,1.0,1.0,80,3.77,0.424,0.429,0.388,27.2,26.8,20.39324,78.13201,ERA5,Asia/Kolkata,Open-Meteo Historical Weather API
MH-Yavatmal,2012-10-06,27.5,32.5,23.6,0.0,0.0,0.0,77,4.25,0.412,0.416,0.384,27.8,27.1,20.39324,78.13201,ERA5,Asia/Kolkata,Open-Meteo Historical Weather API
MH-Yavatmal,2012-10-07,27.2,32.6,23.0,0.1,0.1,1.0,72,4.26,0.395,0.402,0.377,27.8,27.3,20.39324,78.13201,ERA5,Asia/Kolkata,Open-Meteo Historical Weather API
MH-Yavatmal,2012-10-08,26.4,32.4,21.7,0.0,0.0,0.0,71,4.32,0.38,0.393,0.376,27.0,26.8,20.39324,78.13201,ERA5,Asia/Kolkata,Open-Meteo Historical Weather API
MH-Yavatmal,2012-10-09,26.5,32.5,20.7,0.0,0.0,0.0,65,4.79,0.366,0.381,0.372,26.4,26.3,20.39324,78.13201,ERA5,Asia/Kolkata,Open-Meteo Historical Weather API
MH-Yavatmal,2012-10-10,26.1,32.4,20.6,0.0,0.0,0.0,65,4.68,0.352,0.37,0.368,25.9,25.9,20.39324,78.13201,ERA5,Asia/Kolkata,Open-Meteo Historical Weather API
MH-Yavatmal,2012-10-11,25.4,31.0,20.1,0.0,0.0,0.0,66,4.67,0.338,0.36,0.365,25.7,25.8,20.39324,78.13201,ERA5,Asia/Kolkata,Open-Meteo Historical Weather API
MH-Yavatmal,2012-10-12,24.9,32.0,18.9,0.0,0.0,0.0,65,4.6,0.324,0.349,0.361,25.1,25.5,20.39324,78.13201,ERA5,Asia/Kolkata,Open-Meteo Historical Weather API
MH-Yavatmal,2012-10-13,24.4,32.1,18.0,0.0,0.0,0.0,65,4.65,0.311,0.34,0.357,24.9,25.3,20.39324,78.13201,ERA5,Asia/Kolkata,Open-Meteo Historical Weather API
MH-Yavatmal,2012-10-14,25.1,33.1,19.1,0.0,0.0,0.0,67,4.46,0.3,0.332,0.355,25.2,25.3,20.39324,78.13201,ERA5,Asia/Kolkata,Open-Meteo Historical Weather API
MH-Yavatmal,2012-10-15,25.1,33.1,19.2,0.0,0.0,0.0,65,4.27,0.291,0.327,0.356,25.2,25.5,20.39324,78.13201,ERA5,Asia/Kolkata,Open-Meteo Historical Weather API
MH-Yavatmal,2012-10-16,24.9,32.7,18.9,0.0,0.0,0.0,66,4.06,0.285,0.322,0.359,25.1,25.4,20.39324,78.13201,ERA5,Asia/Kolkata,Open-Meteo Historical Weather API
MH-Yavatmal,2012-10-17,25.1,32.3,18.8,0.0,0.0,0.0,64,4.32,0.279,0.319,0.361,25.0,25.3,20.39324,78.13201,ERA5,Asia/Kolkata,Open-Meteo Historical Weather API
MH-Yavatmal,2012-10-18,24.7,31.8,19.8,0.0,0.0,0.0,64,4.84,0.27,0.313,0.358,25.3,25.3,20.39324,78.13201,ERA5,Asia/Kolkata,Open-Meteo Historical Weather API
MH-Yavatmal,2012-10-19,24.1,31.4,17.5,0.0,0.0,0.0,60,4.98,0.261,0.305,0.355,24.5,25.0,20.39324,78.13201,ERA5,Asia/Kolkata,Open-Meteo Historical Weather API
MH-Yavatmal,2012-10-20,23.7,30.3,17.9,0.0,0.0,0.0,62,4.83,0.253,0.299,0.352,24.3,24.7,20.39324,78.13201,ERA5,Asia/Kolkata,Open-Meteo Historical Weather API
MH-Yavatmal,2012-10-21,22.4,24.8,20.6,2.5,2.5,9.0,64,2.55,0.275,0.294,0.349,23.2,24.2,20.39324,78.13201,ERA5,Asia/Kolkata,Open-Meteo Historical Weather API
MH-Yavatmal,2012-10-22,24.4,30.3,19.9,0.0,0.0,0.0,61,4.12,0.285,0.292,0.348,24.4,24.1,20.39324,78.13201,ERA5,Asia/Kolkata,Open-Meteo Historical Weather API
MH-Yavatmal,2012-10-23,25.3,31.1,21.2,0.0,0.0,0.0,61,4.57,0.273,0.289,0.347,25.4,25.0,20.39324,78.13201,ERA5,Asia/Kolkata,Open-Meteo Historical Weather API
MH-Yavatmal,2012-10-24,26.0,31.8,20.3,0.0,0.0,0.0,59,4.23,0.262,0.284,0.344,25.4,25.4,20.39324,78.13201,ERA5,Asia/Kolkata,Open-Meteo Historical Weather API
MH-Yavatmal,2012-10-25,25.3,32.2,19.1,0.0,0.0,0.0,63,3.87,0.252,0.279,0.34,25.3,25.5,20.39324,78.13201,ERA5,Asia/Kolkata,Open-Meteo Historical Weather API
MH-Yavatmal,2012-10-26,25.3,31.9,20.8,0.5,0.5,1.0,62,3.93,0.247,0.276,0.339,25.4,25.5,20.39324,78.13201,ERA5,Asia/Kolkata,Open-Meteo Historical Weather API
MH-Yavatmal,2012-10-27,24.7,31.9,20.1,0.1,0.1,1.0,65,4.3,0.244,0.273,0.337,25.4,25.5,20.39324,78.13201,ERA5,Asia/Kolkata,Open-Meteo Historical Weather API
MH-Yavatmal,2012-10-28,24.5,30.7,20.1,0.0,0.0,0.0,59,4.67,0.237,0.27,0.335,25.2,25.4,20.39324,78.13201,ERA5,Asia/Kolkata,Open-Meteo Historical Weather API
MH-Yavatmal,2012-10-29,22.1,30.1,16.0,0.0,0.0,0.0,52,4.93,0.231,0.267,0.334,23.4,24.6,20.39324,78.13201,ERA5,Asia/Kolkata,Open-Meteo Historical Weather API
MH-Yavatmal,2012-10-30,21.3,28.6,15.2,0.0,0.0,0.0,58,4.6,0.227,0.267,0.334,22.3,23.6,20.39324,78.13201,ERA5,Asia/Kolkata,Open-Meteo Historical Weather API
MH-Yavatmal,2012-10-31,22.0,29.1,15.1,0.0,0.0,0.0,57,4.75,0.225,0.266,0.335,22.4,23.2,20.39324,78.13201,ERA5,Asia/Kolkata,Open-Meteo Historical Weather API
MH-Yavatmal,2012-11-01,24.3,29.2,19.5,0.1,0.1,1.0,60,4.2,0.223,0.265,0.334,24.2,23.7,20.39324,78.13201,ERA5,Asia/Kolkata,Open-Meteo Historical Weather API
MH-Yavatmal,2012-11-02,22.8,25.2,21.7,17.3,17.3,24.0,90,1.15,0.343,0.266,0.333,23.9,24.1,20.39324,78.13201,ERA5,Asia/Kolkata,Open-Meteo Historical Weather API
MH-Yavatmal,2012-11-03,23.1,24.9,21.6,1.8,1.8,4.0,90,1.13,0.387,0.287,0.332,23.6,23.6,20.39324,78.13201,ERA5,Asia/Kolkata,Open-Meteo Historical Weather API
MH-Yavatmal,2012-11-04,23.8,28.8,20.6,0.7,0.7,2.0,82,2.6,0.359,0.295,0.331,23.9,23.7,20.39324,78.13201,ERA5,Asia/Kolkata,Open-Meteo Historical Weather API
MH-Yavatmal,2012-11-05,23.6,29.2,18.9,0.0,0.0,0.0,73,3.63,0.337,0.296,0.329,24.1,24.1,20.39324,78.13201,ERA5,Asia/Kolkata,Open-Meteo Historical Weather API
MH-Yavatmal,2012-11-06,23.4,29.1,19.5,0.0,0.0,0.0,71,3.43,0.319,0.293,0.328,24.2,24.3,20.39324,78.13201,ERA5,Asia/Kolkata,Open-Meteo Historical Weather API
MH-Yavatmal,2012-11-07,23.0,29.4,17.8,0.0,0.0,0.0,70,3.85,0.304,0.289,0.326,23.7,24.1,20.39324,78.13201,ERA5,Asia/Kolkata,Open-Meteo Historical Weather API
MH-Yavatmal,2012-11-08,22.1,29.2,16.2,0.0,0.0,0.0,70,3.72,0.291,0.285,0.324,23.1,23.7,20.39324,78.13201,ERA5,Asia/Kolkata,Open-Meteo Historical Weather API
MH-Yavatmal,2012-11-09,22.0,29.0,17.6,0.0,0.0,0.0,66,3.64,0.28,0.283,0.324,22.9,23.6,20.39324,78.13201,ERA5,Asia/Kolkata,Open-Meteo Historical Weather API
MH-Yavatmal,2012-11-10,21.8,29.0,15.9,0.0,0.0,0.0,62,4.1,0.27,0.281,0.324,22.5,23.4,20.39324,78.13201,ERA5,Asia/Kolkata,Open-Meteo Historical Weather API
MH-Yavatmal,2012-11-11,21.5,28.1,17.0,0.0,0.0,0.0,63,3.23,0.261,0.278,0.323,22.3,23.1,20.39324,78.13201,ERA5,Asia/Kolkata,Open-Meteo Historical Weather API
MH-Yavatmal,2012-11-12,21.6,29.2,15.4,0.0,0.0,0.0,64,4.03,0.253,0.274,0.322,22.1,22.9,20.39324,78.13201,ERA5,Asia/Kolkata,Open-Meteo Historical Weather API
MH-Yavatmal,2012-11-13,21.6,29.5,16.3,0.0,0.0,0.0,61,4.01,0.247,0.273,0.322,22.0,22.7,20.39324,78.13201,ERA5,Asia/Kolkata,Open-Meteo Historical Weather API
MH-Yavatmal,2012-11-14,22.3,29.6,15.8,0.0,0.0,0.0,60,3.75,0.241,0.27,0.321,22.6,22.9,20.39324,78.13201,ERA5,Asia/Kolkata,Open-Meteo Historical Weather API
MH-Yavatmal,2012-11-15,21.2,27.9,16.7,0.0,0.0,0.0,56,4.3,0.234,0.267,0.32,22.3,23.1,20.39324,78.13201,ERA5,Asia/Kolkata,Open-Meteo Historical Weather API
MH-Yavatmal,2012-11-16,19.6,27.3,12.5,0.0,0.0,0.0,56,4.08,0.227,0.263,0.318,20.5,22.1,20.39324,78.13201,ERA5,Asia/Kolkata,Open-Meteo Historical Weather API
MH-Yavatmal,2012-11-17,19.4,27.1,12.9,0.0,0.0,0.0,58,3.91,0.223,0.26,0.317,20.2,21.4,20.39324,78.13201,ERA5,Asia/Kolkata,Open-Meteo Historical Weather API
MH-Yavatmal,2012-11-18,19.6,27.4,13.0,0.0,0.0,0.0,58,3.92,0.221,0.259,0.317,19.9,21.2,20.39324,78.13201,ERA5,Asia/Kolkata,Open-Meteo Historical Weather API
MH-Yavatmal,2012-11-19,19.5,28.3,11.9,0.0,0.0,0.0,61,4.13,0.218,0.257,0.317,20.1,21.0,20.39324,78.13201,ERA5,Asia/Kolkata,Open-Meteo Historical Weather API
MH-Yavatmal,2012-11-20,20.1,28.0,13.2,0.0,0.0,0.0,57,4.2,0.214,0.254,0.316,20.3,21.2,20.39324,78.13201,ERA5,Asia/Kolkata,Open-Meteo Historical Weather API
MH-Yavatmal,2012-11-21,21.5,29.1,14.1,0.0,0.0,0.0,62,3.74,0.211,0.252,0.314,21.3,21.5,20.39324,78.13201,ERA5,Asia/Kolkata,Open-Meteo Historical Weather API
MH-Yavatmal,2012-11-22,22.4,29.5,15.5,0.0,0.0,0.0,63,3.73,0.211,0.252,0.316,21.8,22.0,20.39324,78.13201,ERA5,Asia/Kolkata,Open-Meteo Historical Weather API
MH-Yavatmal,2012-11-23,22.9,30.5,16.0,0.0,0.0,0.0,60,3.67,0.212,0.253,0.317,22.1,22.1,20.39324,78.13201,ERA5,Asia/Kolkata,Open-Meteo Historical Weather API
MH-Yavatmal,2012-11-24,23.0,29.9,17.4,0.0,0.0,0.0,66,3.08,0.21,0.252,0.317,23.0,22.7,20.39324,78.13201,ERA5,Asia/Kolkata,Open-Meteo Historical Weather API
MH-Yavatmal,2012-11-25,23.0,30.1,18.0,0.0,0.0,0.0,69,3.32,0.211,0.252,0.317,23.4,23.2,20.39324,78.13201,ERA5,Asia/Kolkata,Open-Meteo Historical Weather API
MH-Yavatmal,2012-11-26,23.6,30.6,18.3,0.0,0.0,0.0,68,3.45,0.211,0.253,0.319,23.7,23.4,20.39324,78.13201,ERA5,Asia/Kolkata,Open-Meteo Historical Weather API
MH-Yavatmal,2012-11-27,23.5,29.7,19.2,0.0,0.0,0.0,68,3.53,0.211,0.253,0.32,24.2,23.7,20.39324,78.13201,ERA5,Asia/Kolkata,Open-Meteo Historical Weather API
MH-Yavatmal,2012-11-28,23.2,29.9,18.1,0.0,0.0,0.0,69,3.18,0.211,0.254,0.322,23.8,23.8,20.39324,78.13201,ERA5,Asia/Kolkata,Open-Meteo Historical Weather API
MH-Yavatmal,2012-11-29,23.2,30.7,17.8,0.0,0.0,0.0,67,3.6,0.213,0.255,0.324,23.9,23.9,20.39324,78.13201,ERA5,Asia/Kolkata,Open-Meteo Historical Weather API
MH-Yavatmal,2012-11-30,21.8,29.9,16.2,0.0,0.0,0.0,57,3.94,0.213,0.256,0.325,22.9,23.5,20.39324,78.13201,ERA5,Asia/Kolkata,Open-Meteo Historical Weather API
MH-Yavatmal,2012-12-01,21.4,29.4,14.8,0.0,0.0,0.0,59,3.96,0.212,0.256,0.325,22.1,22.9,20.39324,78.13201,ERA5,Asia/Kolkata,Open-Meteo Historical Weather API
MH-Yavatmal,2012-12-02,21.7,28.9,16.6,0.0,0.0,0.0,65,3.85,0.209,0.252,0.323,22.4,22.7,20.39324,78.13201,ERA5,Asia/Kolkata,Open-Meteo Historical Weather API
MH-Yavatmal,2012-12-03,21.0,28.2,15.7,0.0,0.0,0.0,64,3.82,0.206,0.25,0.321,22.1,22.6,20.39324,78.13201,ERA5,Asia/Kolkata,Open-Meteo Historical Weather API
MH-Yavatmal,2012-12-04,20.3,28.3,14.7,0.0,0.0,0.0,63,3.83,0.204,0.248,0.32,21.3,22.2,20.39324,78.13201,ERA5,Asia/Kolkata,Open-Meteo Historical Weather API
MH-Yavatmal,2012-12-05,21.3,29.3,14.1,0.0,0.0,0.0,56,3.78,0.202,0.245,0.318,21.8,21.9,20.39324,78.13201,ERA5,Asia/Kolkata,Open-Meteo Historical Weather API
MH-Yavatmal,2012-12-06,22.5,29.3,17.6,0.0,0.0,0.0,53,3.41,0.198,0.241,0.315,22.9,22.6,20.39324,78.13201,ERA5,Asia/Kolkata,Open-Meteo Historical Weather API
MH-Yavatmal,2012-12-07,23.7,31.3,17.0,0.0,0.0,0.0,49,3.69,0.198,0.239,0.314,22.9,22.9,20.39324,78.13201,ERA5,Asia/Kolkata,Open-Meteo Historical Weather API
MH-Yavatmal,2012-12-08,23.3,32.1,17.1,0.0,0.0,0.0,56,3.64,0.2,0.24,0.314,23.1,23.1,20.39324,78.13201,ERA5,Asia/Kolkata,Open-Meteo Historical Weather API
MH-Yavatmal,2012-12-09,24.2,31.4,18.1,0.0,0.0,0.0,64,3.44,0.201,0.24,0.314,23.9,23.7,20.39324,78.13201,ERA5,Asia/Kolkata,Open-Meteo Historical Weather API
MH-Yavatmal,2012-12-10,24.6,31.3,19.9,0.0,0.0,0.0,67,3.53,0.201,0.239,0.313,24.9,24.4,20.39324,78.13201,ERA5,Asia/Kolkata,Open-Meteo Historical Weather API
MH-Yavatmal,2012-12-11,24.4,30.6,20.0,0.2,0.2,1.0,63,3.65,0.202,0.238,0.313,25.2,24.7,20.39324,78.13201,ERA5,Asia/Kolkata,Open-Meteo Historical Weather API
MH-Yavatmal,2012-12-12,22.6,29.7,17.3,0.0,0.0,0.0,59,3.75,0.204,0.238,0.313,24.1,24.4,20.39324,78.13201,ERA5,Asia/Kolkata,Open-Meteo Historical Weather API
MH-Yavatmal,2012-12-13,22.6,30.0,16.5,0.0,0.0,0.0,61,3.59,0.205,0.239,0.313,23.1,23.5,20.39324,78.13201,ERA5,Asia/Kolkata,Open-Meteo Historical Weather API
MH-Yavatmal,2012-12-14,23.3,31.2,18.3,0.0,0.0,0.0,65,3.77,0.205,0.239,0.313,23.6,23.6,20.39324,78.13201,ERA5,Asia/Kolkata,Open-Meteo Historical Weather API
MH-Yavatmal,2012-12-15,23.1,29.8,18.7,0.0,0.0,0.0,67,3.13,0.206,0.24,0.314,23.7,23.7,20.39324,78.13201,ERA5,Asia/Kolkata,Open-Meteo Historical Weather API
MH-Yavatmal,2012-12-16,22.8,30.0,17.8,0.0,0.0,0.0,69,3.41,0.207,0.241,0.315,23.6,23.6,20.39324,78.13201,ERA5,Asia/Kolkata,Open-Meteo Historical Weather API
MH-Yavatmal,2012-12-17,21.9,28.4,17.8,0.0,0.0,0.0,64,3.76,0.208,0.242,0.315,22.7,23.6,20.39324,78.13201,ERA5,Asia/Kolkata,Open-Meteo Historical Weather API
MH-Yavatmal,2012-12-18,20.6,28.3,15.1,0.0,0.0,0.0,64,3.71,0.208,0.242,0.316,21.6,22.6,20.39324,78.13201,ERA5,Asia/Kolkata,Open-Meteo Historical Weather API
MH-Yavatmal,2012-12-19,19.9,27.5,13.7,0.0,0.0,0.0,59,3.4,0.209,0.244,0.318,20.4,21.9,20.39324,78.13201,ERA5,Asia/Kolkata,Open-Meteo Historical Weather API
MH-Yavatmal,2012-12-20,20.2,27.2,15.1,0.0,0.0,0.0,58,3.43,0.208,0.246,0.319,20.1,21.2,20.39324,78.13201,ERA5,Asia/Kolkata,Open-Meteo Historical Weather API
MH-Yavatmal,2012-12-21,19.3,27.1,13.0,0.0,0.0,0.0,62,3.62,0.207,0.245,0.318,20.1,20.9,20.39324,78.13201,ERA5,Asia/Kolkata,Open-Meteo Historical Weather API
MH-Yavatmal,2012-12-22,19.1,27.0,13.0,0.0,0.0,0.0,58,3.74,0.203,0.243,0.317,20.0,20.7,20.39324,78.13201,ERA5,Asia/Kolkata,Open-Meteo Historical Weather API
MH-Yavatmal,2012-12-23,17.9,26.5,12.2,0.0,0.0,0.0,54,3.97,0.201,0.241,0.315,19.3,20.5,20.39324,78.13201,ERA5,Asia/Kolkata,Open-Meteo Historical Weather API
MH-Yavatmal,2012-12-24,18.2,26.5,11.2,0.0,0.0,0.0,55,3.69,0.201,0.241,0.315,18.9,20.0,20.39324,78.13201,ERA5,Asia/Kolkata,Open-Meteo Historical Weather API
MH-Yavatmal,2012-12-25,18.5,26.6,11.5,0.0,0.0,0.0,55,3.54,0.201,0.242,0.315,18.7,19.9,20.39324,78.13201,ERA5,Asia/Kolkata,Open-Meteo Historical Weather API
MH-Yavatmal,2012-12-26,17.5,25.5,10.4,0.0,0.0,0.0,52,3.79,0.199,0.24,0.314,18.2,19.5,20.39324,78.13201,ERA5,Asia/Kolkata,Open-Meteo Historical Weather API
MH-Yavatmal,2012-12-27,17.2,25.8,9.1,0.0,0.0,0.0,51,3.69,0.198,0.238,0.313,17.7,19.1,20.39324,78.13201,ERA5,Asia/Kolkata,Open-Meteo Historical Weather API
MH-Yavatmal,2012-12-28,17.6,26.2,11.0,0.0,0.0,0.0,52,3.48,0.198,0.238,0.313,17.7,18.9,20.39324,78.13201,ERA5,Asia/Kolkata,Open-Meteo Historical Weather API
MH-Yavatmal,2012-12-29,18.2,27.8,10.6,0.0,0.0,0.0,56,3.76,0.199,0.239,0.313,18.5,19.1,20.39324,78.13201,ERA5,Asia/Kolkata,Open-Meteo Historical Weather API
MH-Yavatmal,2012-12-30,20.1,29.1,13.0,0.0,0.0,0.0,58,3.85,0.2,0.239,0.314,20.1,19.9,20.39324,78.13201,ERA5,Asia/Kolkata,Open-Meteo Historical Weather API
MH-Yavatmal,2012-12-31,22.5,29.0,16.6,0.0,0.0,0.0,71,3.07,0.2,0.239,0.314,22.2,21.3,20.39324,78.13201,ERA5,Asia/Kolkata,Open-Meteo Historical Weather API
MH-Yavatmal,2013-01-01,24.8,31.3,21.2,2.7,2.7,6.0,76,3.07,0.207,0.238,0.313,24.7,23.2,20.39324,78.13201,ERA5,Asia/Kolkata,Open-Meteo Historical Weather API
MH-Yavatmal,2013-01-02,24.0,29.7,20.1,0.5,0.5,3.0,72,3.61,0.24,0.236,0.311,24.6,24.0,20.39324,78.13201,ERA5,Asia/Kolkata,Open-Meteo Historical Weather API
MH-Yavatmal,2013-01-03,21.2,27.2,16.7,0.0,0.0,0.0,62,3.64,0.233,0.234,0.309,22.7,23.4,20.39324,78.13201,ERA5,Asia/Kolkata,Open-Meteo Historical Weather API
MH-Yavatmal,2013-01-04,20.1,27.7,13.3,0.0,0.0,0.0,66,3.51,0.226,0.233,0.308,21.4,22.3,20.39324,78.13201,ERA5,Asia/Kolkata,Open-Meteo Historical Weather API
MH-Yavatmal,2013-01-05,21.0,28.7,15.0,0.0,0.0,0.0,70,3.44,0.22,0.232,0.307,22.0,22.3,20.39324,78.13201,ERA5,Asia/Kolkata,Open-Meteo Historical Weather API
MH-Yavatmal,2013-01-06,19.9,26.7,14.7,0.0,0.0,0.0,67,3.48,0.215,0.231,0.306,21.5,22.3,20.39324,78.13201,ERA5,Asia/Kolkata,Open-Meteo Historical Weather API
MH-Yavatmal,2013-01-07,18.3,24.4,13.8,0.0,0.0,0.0,62,3.09,0.214,0.233,0.308,20.2,21.6,20.39324,78.13201,ERA5,Asia/Kolkata,Open-Meteo Historical Weather API
MH-Yavatmal,2013-01-08,17.6,24.4,12.4,0.0,0.0,0.0,46,3.66,0.212,0.233,0.308,19.5,20.8,20.39324,78.13201,ERA5,Asia/Kolkata,Open-Meteo Historical Weather API
MH-Yavatmal,2013-01-09,17.8,26.3,10.6,0.0,0.0,0.0,45,3.92,0.209,0.233,0.307,18.8,20.3,20.39324,78.13201,ERA5,Asia/Kolkata,Open-Meteo Historical Weather API
MH-Yavatmal,2013-01-10,18.3,26.5,10.3,0.0,0.0,0.0,52,3.65,0.206,0.232,0.307,18.6,20.0,20.39324,78.13201,ERA5,Asia/Kolkata,Open-Meteo Historical Weather API
MH-Yavatmal,2013-01-11,18.7,26.7,11.1,0.0,0.0,0.0,51,3.75,0.204,0.231,0.306,18.9,20.0,20.39324,78.13201,ERA5,Asia/Kolkata,Open-Meteo Historical Weather API
MH-Yavatmal,2013-01-12,19.3,27.6,10.9,0.0,0.0,0.0,52,3.66,0.203,0.231,0.306,19.1,20.0,20.39324,78.13201,ERA5,Asia/Kolkata,Open-Meteo Historical Weather API
MH-Yavatmal,2013-01-13,20.6,30.1,11.9,0.0,0.0,0.0,55,3.92,0.202,0.231,0.305,20.0,20.4,20.39324,78.13201,ERA5,Asia/Kolkata,Open-Meteo Historical Weather API
MH-Yavatmal,2013-01-14,21.4,30.7,12.8,0.0,0.0,0.0,55,3.85,0.203,0.232,0.306,20.5,20.9,20.39324,78.13201,ERA5,Asia/Kolkata,Open-Meteo Historical Weather API
MH-Yavatmal,2013-01-15,21.6,31.1,14.6,0.0,0.0,0.0,55,4.05,0.203,0.232,0.306,21.0,21.3,20.39324,78.13201,ERA5,Asia/Kolkata,Open-Meteo Historical Weather API
MH-Yavatmal,2013-01-16,22.4,30.6,15.8,0.0,0.0,0.0,56,4.16,0.202,0.231,0.305,22.4,22.0,20.39324,78.13201,ERA5,Asia/Kolkata,Open-Meteo Historical Weather API
MH-Yavatmal,2013-01-17,23.1,30.8,16.9,0.0,0.0,0.0,59,4.44,0.199,0.23,0.304,23.1,22.7,20.39324,78.13201,ERA5,Asia/Kolkata,Open-Meteo Historical Weather API
MH-Yavatmal,2013-01-18,23.3,30.0,18.9,0.0,0.0,0.0,52,4.91,0.197,0.227,0.302,23.8,23.3,20.39324,78.13201,ERA5,Asia/Kolkata,Open-Meteo Historical Weather API
MH-Yavatmal,2013-01-19,20.6,26.5,15.7,0.0,0.0,0.0,59,3.91,0.195,0.225,0.3,22.5,22.8,20.39324,78.13201,ERA5,Asia/Kolkata,Open-Meteo Historical Weather API
MH-Yavatmal,2013-01-20,19.6,25.9,14.2,0.0,0.0,0.0,58,3.84,0.194,0.225,0.3,21.5,22.2,20.39324,78.13201,ERA5,Asia/Kolkata,Open-Meteo Historical Weather API
MH-Yavatmal,2013-01-21,19.5,25.9,14.4,0.0,0.0,0.0,52,3.89,0.193,0.224,0.298,21.3,21.8,20.39324,78.13201,ERA5,Asia/Kolkata,Open-Meteo Historical Weather API
MH-Yavatmal,2013-01-22,20.1,27.1,14.2,0.0,0.0,0.0,50,4.2,0.191,0.222,0.297,21.6,21.7,20.39324,78.13201,ERA5,Asia/Kolkata,Open-Meteo Historical Weather API
MH-Yavatmal,2013-01-23,21.1,27.7,15.9,0.0,0.0,0.0,52,4.18,0.193,0.222,0.296,22.1,22.1,20.39324,78.13201,ERA5,Asia/Kolkata,Open-Meteo Historical Weather API
MH-Yavatmal,2013-01-24,20.2,25.0,17.0,0.0,0.0,0.0,57,3.89,0.195,0.223,0.297,21.9,22.3,20.39324,78.13201,ERA5,Asia/Kolkata,Open-Meteo Historical Weather API
MH-Yavatmal,2013-01-25,20.0,26.0,15.5,0.0,0.0,0.0,66,3.54,0.199,0.227,0.3,21.5,21.9,20.39324,78.13201,ERA5,Asia/Kolkata,Open-Meteo Historical Weather API
MH-Yavatmal,2013-01-26,20.6,26.6,16.0,0.0,0.0,0.0,66,3.15,0.201,0.229,0.301,21.8,22.1,20.39324,78.13201,ERA5,Asia/Kolkata,Open-Meteo Historical Weather API
MH-Yavatmal,2013-01-27,20.8,26.1,16.7,0.0,0.0,0.0,61,3.26,0.201,0.229,0.301,21.8,22.1,20.39324,78.13201,ERA5,Asia/Kolkata,Open-Meteo Historical Weather API
MH-Yavatmal,2013-01-28,21.1,27.4,16.6,0.0,0.0,0.0,54,4.11,0.2,0.229,0.3,22.2,22.2,20.39324,78.13201,ERA5,Asia/Kolkata,Open-Meteo Historical Weather API
MH-Yavatmal,2013-01-29,20.8,28.1,14.8,0.0,0.0,0.0,51,4.24,0.198,0.228,0.299,22.0,22.3,20.39324,78.13201,ERA5,Asia/Kolkata,Open-Meteo Historical Weather API
MH-Yavatmal,2013-01-30,20.6,28.2,15.0,0.0,0.0,0.0,46,4.5,0.195,0.225,0.298,21.8,22.1,20.39324,78.13201,ERA5,Asia/Kolkata,Open-Meteo Historical Weather API
MH-Yavatmal,2013-01-31,20.7,28.2,14.5,0.0,0.0,0.0,43,4.45,0.195,0.225,0.297,21.7,22.1,20.39324,78.13201,ERA5,Asia/Kolkata,Open-Meteo Historical Weather API
MH-Yavatmal,2013-02-01,21.3,29.5,15.4,0.0,0.0,0.0,45,4.46,0.196,0.225,0.297,22.2,22.4,20.39324,78.13201,ERA5,Asia/Kolkata,Open-Meteo Historical Weather API
MH-Yavatmal,2013-02-02,22.0,29.5,15.8,0.0,0.0,0.0,54,4.21,0.195,0.225,0.298,22.6,22.5,20.39324,78.13201,ERA5,Asia/Kolkata,Open-Meteo Historical Weather API
MH-Yavatmal,2013-02-03,23.1,30.1,17.9,0.0,0.0,0.0,54,4.07,0.195,0.226,0.298,23.5,23.1,20.39324,78.13201,ERA5,Asia/Kolkata,Open-Meteo Historical Weather API
MH-Yavatmal,2013-02-04,24.8,31.6,19.0,0.0,0.0,0.0,52,4.9,0.193,0.225,0.297,24.9,24.0,20.39324,78.13201,ERA5,Asia/Kolkata,Open-Meteo Historical Weather API
MH-Yavatmal,2013-02-05,25.1,31.5,20.7,0.0,0.0,0.0,49,5.38,0.191,0.223,0.296,25.8,24.8,20.39324,78.13201,ERA5,Asia/Kolkata,Open-Meteo Historical Weather API
MH-Yavatmal,2013-02-06,24.8,30.7,19.3,0.0,0.0,0.0,56,4.07,0.191,0.224,0.295,25.5,24.7,20.39324,78.13201,ERA5,Asia/Kolkata,Open-Meteo Historical Weather API
MH-Yavatmal,2013-02-07,23.3,29.6,19.3,4.5,4.5,7.0,69,3.83,0.205,0.224,0.295,25.2,24.8,20.39324,78.13201,ERA5,Asia/Kolkata,Open-Meteo Historical Weather API
MH-Yavatmal,2013-02-08,21.7,27.2,17.9,1.3,1.3,6.0,75,3.18,0.273,0.224,0.294,23.8,24.0,20.39324,78.13201,ERA5,Asia/Kolkata,Open-Meteo Historical Weather API
MH-Yavatmal,2013-02-09,22.8,28.5,18.6,0.2,0.2,1.0,65,3.78,0.267,0.223,0.292,23.8,23.6,20.39324,78.13201,ERA5,Asia/Kolkata,Open-Meteo Historical Weather API
MH-Yavatmal,2013-02-10,24.2,30.9,19.5,0.0,0.0,0.0,63,3.96,0.258,0.222,0.291,24.7,24.0,20.39324,78.13201,ERA5,Asia/Kolkata,Open-Meteo Historical Weather API
MH-Yavatmal,2013-02-11,24.9,32.5,19.7,0.0,0.0,0.0,60,4.47,0.246,0.221,0.289,25.5,24.5,20.39324,78.13201,ERA5,Asia/Kolkata,Open-Meteo Historical Weather API
MH-Yavatmal,2013-02-12,24.9,32.1,20.1,0.0,0.0,0.0,57,4.76,0.235,0.22,0.288,25.8,24.9,20.39324,78.13201,ERA5,Asia/Kolkata,Open-Meteo Historical Weather API
MH-Yavatmal,2013-02-13,24.7,32.1,19.0,0.0,0.0,0.0,54,4.94,0.224,0.22,0.288,25.4,25.0,20.39324,78.13201,ERA5,Asia/Kolkata,Open-Meteo Historical Weather API
MH-Yavatmal,2013-02-14,24.8,32.0,19.0,0.0,0.0,0.0,53,4.53,0.218,0.221,0.287,25.4,24.9,20.39324,78.13201,ERA5,Asia/Kolkata,Open-Meteo Historical Weather API
MH-Yavatmal,2013-02-15,23.8,29.5,19.9,1.2,1.2,4.0,64,4.22,0.215,0.222,0.287,25.5,25.3,20.39324,78.13201,ERA5,Asia/Kolkata,Open-Meteo Historical Weather API
MH-Yavatmal,2013-02-16,22.9,28.9,17.9,3.1,3.1,6.0,68,3.91,0.249,0.222,0.287,24.2,24.8,20.39324,78.13201,ERA5,Asia/Kolkata,Open-Meteo Historical Weather API
MH-Yavatmal,2013-02-17,21.2,26.3,16.6,0.0,0.0,0.0,42,5.37,0.248,0.219,0.283,23.5,23.8,20.39324,78.13201,ERA5,Asia/Kolkata,Open-Meteo Historical Weather API
MH-Yavatmal,2013-02-18,20.0,26.9,13.3,0.0,0.0,0.0,51,4.71,0.236,0.216,0.281,22.1,22.7,20.39324,78.13201,ERA5,Asia/Kolkata,Open-Meteo Historical Weather API
MH-Yavatmal,2013-02-19,21.4,29.5,14.2,0.0,0.0,0.0,51,4.68,0.225,0.213,0.278,22.8,22.5,20.39324,78.13201,ERA5,Asia/Kolkata,Open-Meteo Historical Weather API
MH-Yavatmal,2013-02-20,23.2,30.8,15.6,0.0,0.0,0.0,48,4.96,0.213,0.21,0.275,24.2,23.2,20.39324,78.13201,ERA5,Asia/Kolkata,Open-Meteo Historical Weather API
MH-Yavatmal,2013-02-21,24.3,31.5,17.9,0.0,0.0,0.0,45,5.2,0.202,0.205,0.269,25.4,24.1,20.39324,78.13201,ERA5,Asia/Kolkata,Open-Meteo Historical Weather API
MH-Yavatmal,2013-02-22,25.9,33.0,18.6,0.0,0.0,0.0,46,5.42,0.196,0.203,0.266,26.6,25.0,20.39324,78.13201,ERA5,Asia/Kolkata,Open-Meteo Historical Weather API
MH-Yavatmal,2013-02-23,25.9,34.1,20.2,1.2,1.2,3.0,51,4.94,0.196,0.203,0.266,27.1,26.0,20.39324,78.13201,ERA5,Asia/Kolkata,Open-Meteo Historical Weather API
MH-Yavatmal,2013-02-24,25.1,32.2,19.5,0.0,0.0,0.0,55,5.21,0.204,0.204,0.267,26.8,26.1,20.39324,78.13201,ERA5,Asia/Kolkata,Open-Meteo Historical Weather API
MH-Yavatmal,2013-02-25,24.5,31.9,17.9,0.0,0.0,0.0,52,5.16,0.198,0.202,0.264,26.3,25.7,20.39324,78.13201,ERA5,Asia/Kolkata,Open-Meteo Historical Weather API
MH-Yavatmal,2013-02-26,25.7,33.3,18.8,0.0,0.0,0.0,43,5.71,0.194,0.2,0.26,26.8,25.8,20.39324,78.13201,ERA5,Asia/Kolkata,Open-Meteo Historical Weather API
MH-Yavatmal,2013-02-27,26.9,34.1,20.6,0.0,0.0,0.0,35,5.78,0.192,0.199,0.257,27.8,26.4,20.39324,78.13201,ERA5,Asia/Kolkata,Open-Meteo Historical Weather API
MH-Yavatmal,2013-02-28,27.4,34.6,20.0,0.0,0.0,0.0,37,5.97,0.189,0.199,0.255,28.1,26.9,20.39324,78.13201,ERA5,Asia/Kolkata,Open-Meteo Historical Weather API
MH-Yavatmal,2013-03-01,26.5,33.5,20.9,0.0,0.0,0.0,33,6.42,0.189,0.199,0.253,27.8,27.1,20.39324,78.13201,ERA5,Asia/Kolkata,Open-Meteo Historical Weather API
MH-Yavatmal,2013-03-02,24.8,33.6,17.1,0.0,0.0,0.0,30,6.31,0.189,0.199,0.251,26.6,26.4,20.39324,78.13201,ERA5,Asia/Kolkata,Open-Meteo Historical Weather API
MH-Yavatmal,2013-03-03,24.1,34.1,14.4,0.0,0.0,0.0,28,6.55,0.19,0.199,0.25,25.5,25.7,20.39324,78.13201,ERA5,Asia/Kolkata,Open-Meteo Historical Weather API
MH-Yavatmal,2013-03-04,24.5,34.4,15.1,0.0,0.0,0.0,27,6.68,0.189,0.199,0.248,25.6,25.4,20.39324,78.13201,ERA5,Asia/Kolkata,Open-Meteo Historical Weather API
MH-Yavatmal,2013-03-05,25.2,34.0,16.6,0.0,0.0,0.0,28,6.56,0.189,0.199,0.246,26.0,25.5,20.39324,78.13201,ERA5,Asia/Kolkata,Open-Meteo Historical Weather API
MH-Yavatmal,2013-03-06,25.8,34.3,17.0,0.0,0.0,0.0,28,6.27,0.187,0.198,0.245,26.6,26.0,20.39324,78.13201,ERA5,Asia/Kolkata,Open-Meteo Historical Weather API
MH-Yavatmal,2013-03-07,25.8,34.6,16.8,0.0,0.0,0.0,27,6.32,0.186,0.197,0.244,26.7,26.2,20.39324,78.13201,ERA5,Asia/Kolkata,Open-Meteo Historical Weather API
MH-Yavatmal,2013-03-08,26.9,35.1,17.1,0.0,0.0,0.0,29,5.75,0.188,0.197,0.245,27.3,26.5,20.39324,78.13201,ERA5,Asia/Kolkata,Open-Meteo Historical Weather API
MH-Yavatmal,2013-03-09,27.2,35.9,18.3,0.0,0.0,0.0,29,6.02,0.187,0.197,0.247,27.6,26.8,20.39324,78.13201,ERA5,Asia/Kolkata,Open-Meteo Historical Weather API
MH-Yavatmal,2013-03-10,28.0,36.8,18.4,0.0,0.0,0.0,33,6.05,0.189,0.198,0.249,28.3,27.2,20.39324,78.13201,ERA5,Asia/Kolkata,Open-Meteo Historical Weather API
MH-Yavatmal,2013-03-11,29.5,37.7,21.6,0.0,0.0,0.0,34,6.31,0.187,0.197,0.246,29.8,28.3,20.39324,78.13201,ERA5,Asia/Kolkata,Open-Meteo Historical Weather API
MH-Yavatmal,2013-03-12,30.1,37.7,23.4,0.0,0.0,0.0,32,6.39,0.184,0.196,0.244,30.7,29.1,20.39324,78.13201,ERA5,Asia/Kolkata,Open-Meteo Historical Weather API
MH-Yavatmal,2013-03-13,29.9,37.4,22.4,0.0,0.0,0.0,36,5.93,0.185,0.195,0.245,30.9,29.5,20.39324,78.13201,ERA5,Asia/Kolkata,Open-Meteo Historical Weather API
MH-Yavatmal,2013-03-14,30.0,36.5,24.5,0.0,0.0,0.0,35,5.73,0.185,0.194,0.244,31.6,30.1,20.39324,78.13201,ERA5,Asia/Kolkata,Open-Meteo Historical Weather API
MH-Yavatmal,2013-03-15,27.3,34.4,21.9,3.0,3.0,11.0,49,5.61,0.195,0.193,0.244,30.2,29.8,20.39324,78.13201,ERA5,Asia/Kolkata,Open-Meteo Historical Weather API
MH-Yavatmal,2013-03-16,25.6,32.5,19.5,0.3,0.3,2.0,58,5.14,0.238,0.195,0.248,27.9,28.4,20.39324,78.13201,ERA5,Asia/Kolkata,Open-Meteo Historical Weather API
MH-Yavatmal,2013-03-17,26.2,32.7,20.1,0.0,0.0,0.0,51,5.75,0.232,0.198,0.253,27.9,27.9,20.39324,78.13201,ERA5,Asia/Kolkata,Open-Meteo Historical Weather API
MH-Yavatmal,2013-03-18,28.1,34.9,21.4,0.0,0.0,0.0,48,5.71,0.221,0.199,0.253,29.3,28.2,20.39324,78.13201,ERA5,Asia/Kolkata,Open-Meteo Historical Weather API
MH-Yavatmal,2013-03-19,28.8,35.3,22.6,0.0,0.0,0.0,40,6.0,0.211,0.199,0.252,30.0,28.6,20.39324,78.13201,ERA5,Asia/Kolkata,Open-Meteo Historical Weather API
MH-Yavatmal,2013-03-20,29.2,34.9,24.6,0.2,0.2,1.0,47,5.58,0.207,0.2,0.252,30.3,29.3,20.39324,78.13201,ERA5,Asia/Kolkata,Open-Meteo Historical Weather API
MH-Yavatmal,2013-03-21,29.9,37.1,23.5,0.0,0.0,0.0,40,6.31,0.205,0.201,0.251,31.1,29.6,20.39324,78.13201,ERA5,Asia/Kolkata,Open-Meteo Historical Weather API
MH-Yavatmal,2013-03-22,30.8,38.1,23.3,0.0,0.0,0.0,29,5.86,0.195,0.199,0.247,31.7,30.1,20.39324,78.13201,ERA5,Asia/Kolkata,Open-Meteo Historical Weather API
MH-Yavatmal,2013-03-23,30.9,37.7,24.0,0.0,0.0,0.0,35,6.34,0.19,0.199,0.246,31.6,30.4,20.39324,78.13201,ERA5,Asia/Kolkata,Open-Meteo Historical Weather API
MH-Yavatmal,2013-03-24,31.7,37.5,26.8,0.0,0.0,0.0,36,6.58,0.188,0.198,0.244,32.5,30.9,20.39324,78.13201,ERA5,Asia/Kolkata,Open-Meteo Historical Weather API
MH-Yavatmal,2013-03-25,31.0,38.0,23.5,0.0,0.0,0.0,37,5.92,0.187,0.198,0.245,32.0,30.8,20.39324,78.13201,ERA5,Asia/Kolkata,Open-Meteo Historical Weather API
MH-Yavatmal,2013-03-26,31.4,38.8,23.6,0.0,0.0,0.0,34,6.18,0.184,0.199,0.244,32.3,31.0,20.39324,78.13201,ERA5,Asia/Kolkata,Open-Meteo Historical Weather API
MH-Yavatmal,2013-03-27,33.0,39.2,27.8,0.0,0.0,0.0,31,6.77,0.178,0.197,0.239,34.0,31.9,20.39324,78.13201,ERA5,Asia/Kolkata,Open-Meteo Historical Weather API
MH-Yavatmal,2013-03-28,32.7,39.5,27.0,0.0,0.0,0.0,31,7.19,0.177,0.197,0.237,34.1,32.5,20.39324,78.13201,ERA5,Asia/Kolkata,Open-Meteo Historical Weather API
MH-Yavatmal,2013-03-29,31.6,37.7,25.2,0.0,0.0,0.0,34,7.19,0.179,0.197,0.237,33.4,32.3,20.39324,78.13201,ERA5,Asia/Kolkata,Open-Meteo Historical Weather API
MH-Yavatmal,2013-03-30,30.8,37.5,23.8,0.0,0.0,0.0,25,7.78,0.179,0.196,0.236,33.0,32.1,20.39324,78.13201,ERA5,Asia/Kolkata,Open-Meteo Historical Weather API
MH-Yavatmal,2013-03-31,31.2,38.5,23.2,0.0,0.0,0.0,26,6.83,0.179,0.195,0.234,33.2,31.9,20.39324,78.13201,ERA5,Asia/Kolkata,Open-Meteo Historical Weather API
MH-Yavatmal,2013-04-01,31.8,38.7,25.1,0.2,0.2,1.0,35,7.29,0.182,0.195,0.231,33.6,32.1,20.39324,78.13201,ERA5,Asia/Kolkata,Open-Meteo Historical Weather API
MH-Yavatmal,2013-04-02,30.0,37.2,25.2,2.4,2.4,4.0,53,6.25,0.197,0.196,0.231,32.9,32.4,20.39324,78.13201,ERA5,Asia/Kolkata,Open-Meteo Historical Weather API
MH-Yavatmal,2013-04-03,30.4,37.3,24.6,0.0,0.0,0.0,43,6.31,0.213,0.198,0.232,32.5,31.8,20.39324,78.13201,ERA5,Asia/Kolkata,Open-Meteo Historical Weather API
MH-Yavatmal,2013-04-04,31.1,38.3,23.8,0.0,0.0,0.0,24,8.08,0.204,0.198,0.231,32.5,31.7,20.39324,78.13201,ERA5,Asia/Kolkata,Open-Meteo Historical Weather API
MH-Yavatmal,2013-04-05,31.2,39.1,22.7,0.0,0.0,0.0,23,7.15,0.196,0.197,0.228,32.6,31.6,20.39324,78.13201,ERA5,Asia/Kolkata,Open-Meteo Historical Weather API
MH-Yavatmal,2013-04-06,31.3,39.2,22.7,0.0,0.0,0.0,26,6.98,0.193,0.197,0.229,32.4,31.7,20.39324,78.13201,ERA5,Asia/Kolkata,Open-Meteo Historical Weather API
MH-Yavatmal,2013-04-07,31.6,40.3,23.5,0.0,0.0,0.0,25,6.96,0.189,0.198,0.23,32.7,31.7,20.39324,78.13201,ERA5,Asia/Kolkata,Open-Meteo Historical Weather API
MH-Yavatmal,2013-04-08,32.9,40.8,24.8,0.0,0.0,0.0,24,7.41,0.186,0.198,0.229,33.8,32.2,20.39324,78.13201,ERA5,Asia/Kolkata,Open-Meteo Historical Weather API
MH-Yavatmal,2013-04-09,33.6,40.9,25.1,0.0,0.0,0.0,28,7.04,0.185,0.198,0.229,34.7,32.8,20.39324,78.13201,ERA5,Asia/Kolkata,Open-Meteo Historical Weather API
MH-Yavatmal,2013-04-10,34.0,40.7,27.4,0.0,0.0,0.0,35,7.26,0.185,0.199,0.229,35.6,33.8,20.39324,78.13201,ERA5,Asia/Kolkata,Open-Meteo Historical Weather API
MH-Yavatmal,2013-04-11,34.1,40.4,28.8,0.0,0.0,0.0,31,6.84,0.183,0.198,0.229,36.0,34.4,20.39324,78.13201,ERA5,Asia/Kolkata,Open-Meteo Historical Weather API
MH-Yavatmal,2013-04-12,34.1,41.1,26.7,0.0,0.0,0.0,29,7.47,0.181,0.198,0.227,36.1,34.4,20.39324,78.13201,ERA5,Asia/Kolkata,Open-Meteo Historical Weather API
MH-Yavatmal,2013-04-13,34.0,41.9,28.1,1.0,1.0,3.0,34,7.46,0.185,0.198,0.227,35.7,34.6,20.39324,78.13201,ERA5,Asia/Kolkata,Open-Meteo Historical Weather API
MH-Yavatmal,2013-04-14,31.6,38.5,27.3,5.6,5.6,2.0,45,6.44,0.21,0.198,0.229,33.9,33.9,20.39324,78.13201,ERA5,Asia/Kolkata,Open-Meteo Historical Weather API
MH-Yavatmal,2013-04-15,32.9,40.3,26.4,0.0,0.0,0.0,28,8.33,0.23,0.197,0.228,33.9,33.0,20.39324,78.13201,ERA5,Asia/Kolkata,Open-Meteo Historical Weather API
MH-Yavatmal,2013-04-16,33.5,40.5,27.5,0.0,0.0,0.0,23,9.77,0.21,0.195,0.225,34.2,33.1,20.39324,78.13201,ERA5,Asia/Kolkata,Open-Meteo Historical Weather API
MH-Yavatmal,2013-04-17,33.4,40.0,27.4,0.0,0.0,0.0,25,9.38,0.197,0.194,0.222,34.7,33.4,20.39324,78.13201,ERA5,Asia/Kolkata,Open-Meteo Historical Weather API
MH-Yavatmal,2013-04-18,32.4,39.3,26.1,0.0,0.0,0.0,26,8.67,0.192,0.194,0.221,34.2,33.5,20.39324,78.13201,ERA5,Asia/Kolkata,Open-Meteo Historical Weather API
MH-Yavatmal,2013-04-19,32.2,38.7,27.7,2.2,2.2,2.0,27,8.54,0.191,0.194,0.221,34.2,33.4,20.39324,78.13201,ERA5,Asia/Kolkata,Open-Meteo Historical Weather API
MH-Yavatmal,2013-04-20,29.1,35.7,23.8,0.2,0.2,1.0,36,6.47,0.197,0.195,0.222,32.3,32.7,20.39324,78.13201,ERA5,Asia/Kolkata,Open-Meteo Historical Weather API
MH-Yavatmal,2013-04-21,29.7,35.5,23.3,0.0,0.0,0.0,39,6.63,0.191,0.192,0.219,33.0,32.4,20.39324,78.13201,ERA5,Asia/Kolkata,Open-Meteo Historical Weather API
MH-Yavatmal,2013-04-22,30.3,37.0,24.9,0.0,0.0,0.0,48,5.92,0.184,0.191,0.216,33.4,32.6,20.39324,78.13201,ERA5,Asia/Kolkata,Open-Meteo Historical Weather API
MH-Yavatmal,2013-04-23,29.8,37.6,26.4,1.8,1.8,2.0,54,5.81,0.187,0.189,0.212,33.4,32.9,20.39324,78.13201,ERA5,Asia/Kolkata,Open-Meteo Historical Weather API
MH-Yavatmal,2013-04-24,31.5,38.5,25.8,0.2,0.2,1.0,50,5.71,0.197,0.189,0.211,34.1,32.9,20.39324,78.13201,ERA5,Asia/Kolkata,Open-Meteo Historical Weather API
MH-Yavatmal,2013-04-25,32.2,38.7,27.5,1.5,1.5,1.0,47,6.01,0.193,0.189,0.211,34.7,33.5,20.39324,78.13201,ERA5,Asia/Kolkata,Open-Meteo Historical Weather API
MH-Yavatmal,2013-04-26,32.4,40.1,24.8,0.0,0.0,0.0,45,6.25,0.188,0.188,0.21,35.1,33.8,20.39324,78.13201,ERA5,Asia/Kolkata,Open-Meteo Historical Weather API
MH-Yavatmal,2013-04-27,35.0,42.0,27.8,0.0,0.0,0.0,31,7.69,0.182,0.186,0.207,36.8,34.9,20.39324,78.13201,ERA5,Asia/Kolkata,Open-Meteo Historical Weather API
MH-Yavatmal,2013-04-28,35.8,43.5,27.9,0.0,0.0,0.0,22,7.7,0.177,0.184,0.205,37.6,35.6,20.39324,78.13201,ERA5,Asia/Kolkata,Open-Meteo Historical Weather API
MH-Yavatmal,2013-04-29,36.9,44.6,28.8,0.0,0.0,0.0,21,7.78,0.176,0.184,0.204,38.5,36.2,20.39324,78.13201,ERA5,Asia/Kolkata,Open-Meteo Historical Weather API
MH-Yavatmal,2013-04-30,37.2,44.6,29.2,0.0,0.0,0.0,22,8.2,0.174,0.184,0.203,38.8,36.7,20.39324,78.13201,ERA5,Asia/Kolkata,Open-Meteo Historical Weather API
MH-Yavatmal,2013-05-01,37.5,44.6,30.5,0.0,0.0,0.0,24,8.33,0.172,0.184,0.202,39.4,37.2,20.39324,78.13201,ERA5,Asia/Kolkata,Open-Meteo Historical Weather API
MH-Yavatmal,2013-05-02,36.9,43.6,29.3,0.0,0.0,0.0,20,9.25,0.172,0.183,0.202,38.8,37.4,20.39324,78.13201,ERA5,Asia/Kolkata,Open-Meteo Historical Weather API
MH-Yavatmal,2013-05-03,35.5,42.8,29.1,0.0,0.0,0.0,16,9.92,0.173,0.183,0.202,37.9,37.0,20.39324,78.13201,ERA5,Asia/Kolkata,Open-Meteo Historical Weather API
MH-Yavatmal,2013-05-04,35.8,42.8,28.6,0.0,0.0,0.0,23,9.15,0.174,0.182,0.202,38.0,36.5,20.39324,78.13201,ERA5,Asia/Kolkata,Open-Meteo Historical Weather API
MH-Yavatmal,2013-05-05,36.9,43.5,29.3,0.0,0.0,0.0,26,7.2,0.173,0.183,0.201,39.1,37.0,20.39324,78.13201,ERA5,Asia/Kolkata,Open-Meteo Historical Weather API
MH-Yavatmal,2013-05-06,37.7,43.6,31.3,0.0,0.0,0.0,27,7.13,0.171,0.182,0.2,40.0,37.8,20.39324,78.13201,ERA5,Asia/Kolkata,Open-Meteo Historical Weather API
MH-Yavatmal,2013-05-07,37.8,43.7,31.4,0.0,0.0,0.0,26,8.1,0.17,0.182,0.199,40.3,38.4,20.39324,78.13201,ERA5,Asia/Kolkata,Open-Meteo Historical Weather API
MH-Yavatmal,2013-05-08,37.5,44.9,29.6,0.0,0.0,0.0,23,9.14,0.172,0.183,0.199,39.8,38.2,20.39324,78.13201,ERA5,Asia/Kolkata,Open-Meteo Historical Weather API
MH-Yavatmal,2013-05-09,37.4,44.1,31.5,0.0,0.0,0.0,19,10.56,0.171,0.183,0.199,39.5,38.3,20.39324,78.13201,ERA5,Asia/Kolkata,Open-Meteo Historical Weather API
MH-Yavatmal,2013-05-10,37.1,44.3,30.5,0.0,0.0,0.0,19,10.69,0.172,0.183,0.199,39.1,37.9,20.39324,78.13201,ERA5,Asia/Kolkata,Open-Meteo Historical Weather API
MH-Yavatmal,2013-05-11,36.1,42.1,31.1,0.0,0.0,0.0,23,10.04,0.173,0.184,0.2,38.7,37.8,20.39324,78.13201,ERA5,Asia/Kolkata,Open-Meteo Historical Weather API
MH-Yavatmal,2013-05-12,35.0,40.4,29.6,0.0,0.0,0.0,24,8.88,0.174,0.184,0.203,38.0,37.4,20.39324,78.13201,ERA5,Asia/Kolkata,Open-Meteo Historical Weather API
MH-Yavatmal,2013-05-13,35.1,41.5,28.8,0.0,0.0,0.0,23,9.03,0.173,0.184,0.203,37.8,37.0,20.39324,78.13201,ERA5,Asia/Kolkata,Open-Meteo Historical Weather API
MH-Yavatmal,2013-05-14,35.5,41.3,29.3,0.0,0.0,0.0,23,8.45,0.172,0.185,0.202,37.5,36.9,20.39324,78.13201,ERA5,Asia/Kolkata,Open-Meteo Historical Weather API
MH-Yavatmal,2013-05-15,35.5,41.2,28.8,0.0,0.0,0.0,24,7.83,0.174,0.185,0.202,37.4,36.8,20.39324,78.13201,ERA5,Asia/Kolkata,Open-Meteo Historical Weather API
MH-Yavatmal,2013-05-16,36.0,41.9,30.2,0.0,0.0,0.0,25,8.71,0.174,0.185,0.202,37.8,36.9,20.39324,78.13201,ERA5,Asia/Kolkata,Open-Meteo Historical Weather API
MH-Yavatmal,2013-05-17,36.8,43.6,30.8,0.0,0.0,0.0,27,9.43,0.173,0.185,0.202,38.6,37.1,20.39324,78.13201,ERA5,Asia/Kolkata,Open-Meteo Historical Weather API
MH-Yavatmal,2013-05-18,36.6,42.9,31.1,0.0,0.0,0.0,28,8.63,0.173,0.185,0.202,38.7,37.5,20.39324,78.13201,ERA5,Asia/Kolkata,Open-Meteo Historical Weather API
MH-Yavatmal,2013-05-19,37.0,43.6,31.0,0.0,0.0,0.0,27,8.61,0.174,0.185,0.203,39.1,37.8,20.39324,78.13201,ERA5,Asia/Kolkata,Open-Meteo Historical Weather API
MH-Yavatmal,2013-05-20,38.0,45.7,30.9,0.0,0.0,0.0,22,9.98,0.173,0.185,0.202,39.3,38.1,20.39324,78.13201,ERA5,Asia/Kolkata,Open-Meteo Historical Weather API
MH-Yavatmal,2013-05-21,38.6,45.8,32.4,0.0,0.0,0.0,21,10.47,0.173,0.185,0.201,39.9,38.6,20.39324,78.13201,ERA5,Asia/Kolkata,Open-Meteo Historical Weather API
MH-Yavatmal,2013-05-22,38.6,45.3,32.7,0.0,0.0,0.0,20,11.98,0.171,0.185,0.199,40.1,38.8,20.39324,78.13201,ERA5,Asia/Kolkata,Open-Meteo Historical Weather API
MH-Yavatmal,2013-05-23,37.5,44.1,31.0,0.0,0.0,0.0,20,11.89,0.172,0.185,0.199,39.4,38.7,20.39324,78.13201,ERA5,Asia/Kolkata,Open-Meteo Historical Weather API
MH-Yavatmal,2013-05-24,35.9,42.2,29.9,0.0,0.0,0.0,27,11.49,0.173,0.185,0.199,38.1,37.9,20.39324,78.13201,ERA5,Asia/Kolkata,Open-Meteo Historical Weather API
MH-Yavatmal,2013-05-25,35.2,41.2,29.3,0.0,0.0,0.0,33,10.32,0.171,0.184,0.198,37.8,37.3,20.39324,78.13201,ERA5,Asia/Kolkata,Open-Meteo Historical Weather API
MH-Yavatmal,2013-05-26,35.2,40.5,30.2,0.0,0.0,0.0,37,9.62,0.17,0.185,0.198,37.9,37.1,20.39324,78.13201,ERA5,Asia/Kolkata,Open-Meteo Historical Weather API
MH-Yavatmal,2013-05-27,34.8,39.7,30.5,0.0,0.0,0.0,39,8.45,0.171,0.186,0.202,37.3,37.0,20.39324,78.13201,ERA5,Asia/Kolkata,Open-Meteo Historical Weather API
MH-Yavatmal,2013-05-28,34.5,41.1,29.3,0.1,0.1,1.0,40,9.19,0.173,0.187,0.204,36.9,36.7,20.39324,78.13201,ERA5,Asia/Kolkata,Open-Meteo Historical Weather API
MH-Yavatmal,2013-05-29,34.8,41.2,30.2,0.0,0.0,0.0,39,8.81,0.176,0.188,0.207,36.8,36.6,20.39324,78.13201,ERA5,Asia/Kolkata,Open-Meteo Historical Weather API
MH-Yavatmal,2013-05-30,35.5,41.4,30.6,0.0,0.0,0.0,30,9.7,0.177,0.188,0.207,37.5,36.8,20.39324,78.13201,ERA5,Asia/Kolkata,Open-Meteo Historical Weather API
MH-Yavatmal,2013-05-31,35.4,41.9,30.3,0.1,0.1,1.0,31,9.0,0.177,0.188,0.208,37.8,37.1,20.39324,78.13201,ERA5,Asia/Kolkata,Open-Meteo Historical Weather API
MH-Yavatmal,2013-06-01,34.6,40.0,29.9,0.4,0.4,1.0,34,7.68,0.18,0.191,0.212,37.7,37.2,20.39324,78.13201,ERA5,Asia/Kolkata,Open-Meteo Historical Weather API
MH-Yavatmal,2013-06-02,34.4,40.3,29.9,0.0,0.0,0.0,38,7.15,0.18,0.191,0.213,37.8,37.2,20.39324,78.13201,ERA5,Asia/Kolkata,Open-Meteo Historical Weather API
MH-Yavatmal,2013-06-03,34.8,40.9,28.8,0.0,0.0,0.0,37,7.56,0.179,0.189,0.21,37.9,37.3,20.39324,78.13201,ERA5,Asia/Kolkata,Open-Meteo Historical Weather API
MH-Yavatmal,2013-06-04,31.2,38.4,24.8,2.6,2.6,5.0,54,6.13,0.203,0.19,0.212,35.4,36.6,20.39324,78.13201,ERA5,Asia/Kolkata,Open-Meteo Historical Weather API
MH-Yavatmal,2013-06-05,32.0,38.6,27.0,4.7,4.7,4.0,54,6.88,0.21,0.192,0.217,35.3,35.8,20.39324,78.13201,ERA5,Asia/Kolkata,Open-Meteo Historical Weather API
MH-Yavatmal,2013-06-06,30.5,37.9,25.3,3.6,3.6,3.0,62,6.2,0.269,0.195,0.219,34.2,35.1,20.39324,78.13201,ERA5,Asia/Kolkata,Open-Meteo Historical Weather API
MH-Yavatmal,2013-06-07,28.7,34.7,23.1,9.9,9.9,11.0,71,3.46,0.36,0.201,0.218,31.8,33.5,20.39324,78.13201,ERA5,Asia/Kolkata,Open-Meteo Historical Weather API
MH-Yavatmal,2013-06-08,28.9,35.0,25.0,12.2,12.2,14.0,72,4.78,0.365,0.208,0.213,32.6,33.0,20.39324,78.13201,ERA5,Asia/Kolkata,Open-Meteo Historical Weather API
MH-Yavatmal,2013-06-09,28.0,34.0,24.7,26.4,26.4,18.0,76,4.16,0.419,0.268,0.212,30.7,31.9,20.39324,78.13201,ERA5,Asia/Kolkata,Open-Meteo Historical Weather API
MH-Yavatmal,2013-06-10,28.0,33.8,24.5,7.2,7.2,11.0,73,4.5,0.397,0.307,0.209,29.9,30.9,20.39324,78.13201,ERA5,Asia/Kolkata,Open-Meteo Historical Weather API
MH-Yavatmal,2013-06-11,28.7,33.5,25.0,1.4,1.4,3.0,70,4.66,0.379,0.318,0.208,30.4,30.6,20.39324,78.13201,ERA5,Asia/Kolkata,Open-Meteo Historical Weather API
MH-Yavatmal,2013-06-12,26.1,28.1,24.4,26.4,26.4,20.0,87,1.78,0.437,0.374,0.21,28.0,29.7,20.39324,78.13201,ERA5,Asia/Kolkata,Open-Meteo Historical Weather API
MH-Yavatmal,2013-06-13,26.0,28.4,24.2,21.5,21.5,22.0,83,1.89,0.455,0.429,0.218,26.9,28.0,20.39324,78.13201,ERA5,Asia/Kolkata,Open-Meteo Historical Weather API
MH-Yavatmal,2013-06-14,24.8,27.1,23.4,92.0,92.0,22.0,89,1.53,0.464,0.459,0.261,26.0,27.1,20.39324,78.13201,ERA5,Asia/Kolkata,Open-Meteo Historical Weather API
MH-Yavatmal,2013-06-15,23.9,24.7,23.2,81.0,81.0,24.0,91,1.01,0.466,0.465,0.324,25.2,26.5,20.39324,78.13201,ERA5,Asia/Kolkata,Open-Meteo Historical Weather API
MH-Yavatmal,2013-06-16,25.4,28.8,23.0,11.7,11.7,21.0,85,2.03,0.459,0.456,0.367,25.5,26.1,20.39324,78.13201,ERA5,Asia/Kolkata,Open-Meteo Historical Weather API
MH-Yavatmal,2013-06-17,27.9,32.2,25.0,2.6,2.6,6.0,72,4.23,0.438,0.439,0.374,27.7,27.1,20.39324,78.13201,ERA5,Asia/Kolkata,Open-Meteo Historical Weather API
MH-Yavatmal,2013-06-18,27.6,31.8,24.8,5.0,5.0,8.0,74,4.22,0.429,0.427,0.375,28.4,27.9,20.39324,78.13201,ERA5,Asia/Kolkata,Open-Meteo Historical Weather API
MH-Yavatmal,2013-06-19,28.6,33.0,24.2,1.0,1.0,5.0,71,5.1,0.418,0.416,0.375,29.1,28.4,20.39324,78.13201,ERA5,Asia/Kolkata,Open-Meteo Historical Weather API
MH-Yavatmal,2013-06-20,29.3,33.3,26.0,0.2,0.2,1.0,69,5.54,0.405,0.406,0.374,29.9,29.1,20.39324,78.13201,ERA5,Asia/Kolkata,Open-Meteo Historical Weather API
MH-Yavatmal,2013-06-21,29.2,33.2,25.9,0.0,0.0,0.0,66,5.57,0.384,0.395,0.372,29.7,29.3,20.39324,78.13201,ERA5,Asia/Kolkata,Open-Meteo Historical Weather API
MH-Yavatmal,2013-06-22,27.6,30.5,25.7,1.3,1.3,3.0,73,3.89,0.374,0.385,0.37,28.6,29.0,20.39324,78.13201,ERA5,Asia/Kolkata,Open-Meteo Historical Weather API
MH-Yavatmal,2013-06-23,26.5,28.9,24.5,10.2,10.2,13.0,79,2.58,0.403,0.382,0.369,27.4,28.0,20.39324,78.13201,ERA5,Asia/Kolkata,Open-Meteo Historical Weather API
MH-Yavatmal,2013-06-24,24.4,25.8,23.5,52.1,52.1,23.0,91,1.12,0.465,0.452,0.383,25.5,26.7,20.39324,78.13201,ERA5,Asia/Kolkata,Open-Meteo Historical Weather API
MH-Yavatmal,2013-06-25,23.4,24.3,22.6,94.7,94.7,24.0,91,0.93,0.466,0.466,0.416,24.3,25.7,20.39324,78.13201,ERA5,Asia/Kolkata,Open-Meteo Historical Weather API
MH-Yavatmal,2013-06-26,23.6,25.1,22.4,51.8,51.8,19.0,89,1.25,0.464,0.462,0.451,23.9,24.8,20.39324,78.13201,ERA5,Asia/Kolkata,Open-Meteo Historical Weather API
MH-Yavatmal,2013-06-27,25.8,28.3,23.4,1.6,1.6,10.0,79,3.12,0.448,0.45,0.452,25.5,25.4,20.39324,78.13201,ERA5,Asia/Kolkata,Open-Meteo Historical Weather API
MH-Yavatmal,2013-06-28,26.7,30.3,24.0,2.3,2.3,9.0,75,4.12,0.44,0.442,0.449,26.7,26.3,20.39324,78.13201,ERA5,Asia/Kolkata,Open-Meteo Historical Weather API
MH-Yavatmal,2013-06-29,27.2,30.3,24.7,0.3,0.3,2.0,74,3.98,0.429,0.433,0.445,27.1,26.9,20.39324,78.13201,ERA5,Asia/Kolkata,Open-Meteo Historical Weather API
MH-Yavatmal,2013-06-30,27.8,31.4,25.2,0.9,0.9,5.0,70,4.99,0.417,0.423,0.441,27.9,27.3,20.39324,78.13201,ERA5,Asia/Kolkata,Open-Meteo Historical Weather API
MH-Yavatmal,2013-07-01,27.8,30.7,25.3,1.3,1.3,4.0,71,3.82,0.407,0.415,0.437,27.6,27.3,20.39324,78.13201,ERA5,Asia/Kolkata,Open-Meteo Historical Weather API
MH-Yavatmal,2013-07-02,26.0,29.1,24.0,13.0,13.0,18.0,82,2.47,0.45,0.434,0.434,26.5,26.9,20.39324,78.13201,ERA5,Asia/Kolkata,Open-Meteo Historical Weather API
MH-Yavatmal,2013-07-03,25.4,27.5,23.8,7.1,7.1,16.0,83,2.58,0.449,0.447,0.435,26.3,26.5,20.39324,78.13201,ERA5,Asia/Kolkata,Open-Meteo Historical Weather API
MH-Yavatmal,2013-07-04,25.5,28.0,23.5,0.1,0.1,1.0,74,4.16,0.433,0.442,0.435,26.3,26.2,20.39324,78.13201,ERA5,Asia/Kolkata,Open-Meteo Historical Weather API
MH-Yavatmal,2013-07-05,25.8,30.0,22.3,0.7,0.7,3.0,76,3.08,0.422,0.431,0.433,26.3,26.2,20.39324,78.13201,ERA5,Asia/Kolkata,Open-Meteo Historical Weather API
MH-Yavatmal,2013-07-06,26.9,30.7,23.9,6.2,6.2,13.0,80,2.95,0.44,0.433,0.431,26.9,26.4,20.39324,78.13201,ERA5,Asia/Kolkata,Open-Meteo Historical Weather API
MH-Yavatmal,2013-07-07,27.8,31.5,25.0,0.4,0.4,2.0,76,4.31,0.435,0.436,0.43,28.1,27.2,20.39324,78.13201,ERA5,Asia/Kolkata,Open-Meteo Historical Weather API
MH-Yavatmal,2013-07-08,28.1,32.2,25.4,3.2,3.2,10.0,76,4.16,0.433,0.429,0.428,28.6,27.7,20.39324,78.13201,ERA5,Asia/Kolkata,Open-Meteo Historical Weather API
MH-Yavatmal,2013-07-09,27.3,30.8,24.6,0.4,0.4,1.0,76,4.35,0.425,0.425,0.426,28.2,27.9,20.39324,78.13201,ERA5,Asia/Kolkata,Open-Meteo Historical Weather API
MH-Yavatmal,2013-07-10,26.8,29.9,24.9,3.3,3.3,9.0,76,3.4,0.417,0.418,0.424,27.4,27.5,20.39324,78.13201,ERA5,Asia/Kolkata,Open-Meteo Historical Weather API
MH-Yavatmal,2013-07-11,24.3,25.3,23.3,14.1,14.1,20.0,89,1.35,0.454,0.441,0.424,25.4,26.3,20.39324,78.13201,ERA5,Asia/Kolkata,Open-Meteo Historical Weather API
MH-Yavatmal,2013-07-12,24.0,26.1,23.1,81.6,81.6,24.0,93,1.05,0.465,0.465,0.446,24.9,25.3,20.39324,78.13201,ERA5,Asia/Kolkata,Open-Meteo Historical Weather API
MH-Yavatmal,2013-07-13,24.8,27.2,22.9,29.5,29.5,16.0,84,2.17,0.462,0.462,0.465,24.8,25.1,20.39324,78.13201,ERA5,Asia/Kolkata,Open-Meteo Historical Weather API
MH-Yavatmal,2013-07-14,25.0,26.3,23.8,17.3,17.3,17.0,84,2.36,0.456,0.455,0.46,25.3,25.5,20.39324,78.13201,ERA5,Asia/Kolkata,Open-Meteo Historical Weather API
MH-Yavatmal,2013-07-15,23.1,23.9,22.5,54.7,54.7,24.0,91,1.05,0.465,0.463,0.467,23.9,24.9,20.39324,78.13201,ERA5,Asia/Kolkata,Open-Meteo Historical Weather API
MH-Yavatmal,2013-07-16,23.5,24.8,22.4,38.7,38.7,24.0,92,1.07,0.465,0.466,0.464,23.9,24.3,20.39324,78.13201,ERA5,Asia/Kolkata,Open-Meteo Historical Weather API
MH-Yavatmal,2013-07-17,24.3,26.0,22.7,22.9,22.9,19.0,92,1.67,0.461,0.465,0.464,24.6,24.5,20.39324,78.13201,ERA5,Asia/Kolkata,Open-Meteo Historical Weather API
MH-Yavatmal,2013-07-18,24.7,26.3,23.7,8.3,8.3,17.0,87,1.82,0.453,0.454,0.458,24.9,24.9,20.39324,78.13201,ERA5,Asia/Kolkata,Open-Meteo Historical Weather API
MH-Yavatmal,2013-07-19,24.2,25.5,23.2,9.2,9.2,21.0,91,1.38,0.46,0.461,0.454,24.5,24.8,20.39324,78.13201,ERA5,Asia/Kolkata,Open-Meteo Historical Weather API
MH-Yavatmal,2013-07-20,24.7,27.8,22.9,8.9,8.9,16.0,87,1.81,0.46,0.461,0.451,24.6,24.8,20.39324,78.13201,ERA5,Asia/Kolkata,Open-Meteo Historical Weather API
MH-Yavatmal,2013-07-21,25.9,29.4,23.4,6.3,6.3,16.0,82,3.3,0.451,0.454,0.447,25.7,25.2,20.39324,78.13201,ERA5,Asia/Kolkata,Open-Meteo Historical Weather API
MH-Yavatmal,2013-07-22,25.0,27.3,24.0,11.9,11.9,14.0,88,2.5,0.455,0.453,0.442,25.7,25.7,20.39324,78.13201,ERA5,Asia/Kolkata,Open-Meteo Historical Weather API
MH-Yavatmal,2013-07-23,23.8,26.1,22.8,56.6,56.6,24.0,96,1.11,0.464,0.466,0.452,24.8,25.2,20.39324,78.13201,ERA5,Asia/Kolkata,Open-Meteo Historical Weather API
MH-Yavatmal,2013-07-24,24.5,26.8,23.1,1.9,1.9,7.0,89,1.41,0.453,0.459,0.454,24.8,24.9,20.39324,78.13201,ERA5,Asia/Kolkata,Open-Meteo Historical Weather API
MH-Yavatmal,2013-07-25,25.3,27.9,23.8,15.0,15.0,13.0,84,1.94,0.453,0.457,0.451,25.0,25.0,20.39324,78.13201,ERA5,Asia/Kolkata,Open-Meteo Historical Weather API
MH-Yavatmal,2013-07-26,24.4,27.0,22.8,34.2,34.2,24.0,88,1.49,0.465,0.467,0.462,24.3,24.7,20.39324,78.13201,ERA5,Asia/Kolkata,Open-Meteo Historical Weather API
MH-Yavatmal,2013-07-27,25.2,28.2,23.0,7.6,7.6,16.0,85,2.4,0.459,0.461,0.455,24.8,24.5,20.39324,78.13201,ERA5,Asia/Kolkata,Open-Meteo Historical Weather API
MH-Yavatmal,2013-07-28,25.7,28.4,23.4,1.8,1.8,11.0,81,2.71,0.447,0.448,0.449,25.3,25.0,20.39324,78.13201,ERA5,Asia/Kolkata,Open-Meteo Historical Weather API
MH-Yavatmal,2013-07-29,25.6,27.5,23.9,3.2,3.2,10.0,79,2.85,0.442,0.442,0.444,25.4,25.2,20.39324,78.13201,ERA5,Asia/Kolkata,Open-Meteo Historical Weather API
MH-Yavatmal,2013-07-30,24.1,26.0,22.8,20.2,20.2,22.0,87,2.1,0.457,0.452,0.441,24.6,25.0,20.39324,78.13201,ERA5,Asia/Kolkata,Open-Meteo Historical Weather API
MH-Yavatmal,2013-07-31,22.9,23.5,22.3,40.7,40.7,24.0,93,1.08,0.465,0.467,0.456,23.5,24.2,20.39324,78.13201,ERA5,Asia/Kolkata,Open-Meteo Historical Weather API
MH-Yavatmal,2013-08-01,22.9,23.8,22.2,77.9,77.9,24.0,92,1.01,0.466,0.467,0.457,23.1,23.7,20.39324,78.13201,ERA5,Asia/Kolkata,Open-Meteo Historical Weather API
MH-Yavatmal,2013-08-02,23.4,24.8,22.5,6.1,6.1,17.0,88,1.13,0.461,0.463,0.451,23.2,23.5,20.39324,78.13201,ERA5,Asia/Kolkata,Open-Meteo Historical Weather API
MH-Yavatmal,2013-08-03,25.7,29.1,22.5,0.0,0.0,0.0,78,4.04,0.443,0.451,0.446,25.4,24.3,20.39324,78.13201,ERA5,Asia/Kolkata,Open-Meteo Historical Weather API
MH-Yavatmal,2013-08-04,26.6,29.7,24.2,0.0,0.0,0.0,76,4.49,0.426,0.437,0.439,26.7,25.7,20.39324,78.13201,ERA5,Asia/Kolkata,Open-Meteo Historical Weather API
MH-Yavatmal,2013-08-05,25.0,27.6,23.7,4.2,4.2,14.0,85,2.24,0.433,0.432,0.433,25.5,25.7,20.39324,78.13201,ERA5,Asia/Kolkata,Open-Meteo Historical Weather API
MH-Yavatmal,2013-08-06,24.8,26.5,23.7,5.4,5.4,17.0,87,1.82,0.449,0.44,0.43,24.8,24.9,20.39324,78.13201,ERA5,Asia/Kolkata,Open-Meteo Historical Weather API
MH-Yavatmal,2013-08-07,25.4,28.6,23.4,9.8,9.8,12.0,85,2.63,0.456,0.457,0.431,25.2,24.8,20.39324,78.13201,ERA5,Asia/Kolkata,Open-Meteo Historical Weather API
MH-Yavatmal,2013-08-08,26.8,29.9,24.3,0.4,0.4,1.0,78,4.13,0.437,0.444,0.43,26.7,25.6,20.39324,78.13201,ERA5,Asia/Kolkata,Open-Meteo Historical Weather API
MH-Yavatmal,2013-08-09,24.9,26.9,23.4,5.7,5.7,18.0,86,2.3,0.446,0.44,0.428,25.4,25.6,20.39324,78.13201,ERA5,Asia/Kolkata,Open-Meteo Historical Weather API
MH-Yavatmal,2013-08-10,25.2,29.6,23.1,2.6,2.6,4.0,81,3.36,0.438,0.439,0.426,25.5,25.3,20.39324,78.13201,ERA5,Asia/Kolkata,Open-Meteo Historical Weather API
MH-Yavatmal,2013-08-11,26.1,29.8,23.1,0.6,0.6,4.0,80,3.92,0.43,0.434,0.424,26.2,25.5,20.39324,78.13201,ERA5,Asia/Kolkata,Open-Meteo Historical Weather API
MH-Yavatmal,2013-08-12,26.0,28.9,24.5,10.0,10.0,9.0,82,2.57,0.43,0.428,0.421,26.2,25.9,20.39324,78.13201,ERA5,Asia/Kolkata,Open-Meteo Historical Weather API
MH-Yavatmal,2013-08-13,24.9,27.9,23.6,21.6,21.6,22.0,88,2.0,0.462,0.463,0.429,25.4,25.5,20.39324,78.13201,ERA5,Asia/Kolkata,Open-Meteo Historical Weather API
MH-Yavatmal,2013-08-14,26.1,29.8,23.3,6.5,6.5,9.0,83,2.87,0.45,0.456,0.439,26.2,25.3,20.39324,78.13201,ERA5,Asia/Kolkata,Open-Meteo Historical Weather API
MH-Yavatmal,2013-08-15,27.1,30.2,24.5,1.0,1.0,3.0,78,4.04,0.44,0.446,0.439,27.1,26.0,20.39324,78.13201,ERA5,Asia/Kolkata,Open-Meteo Historical Weather API
MH-Yavatmal,2013-08-16,26.5,29.7,24.1,3.0,3.0,7.0,79,3.2,0.439,0.44,0.436,26.7,26.3,20.39324,78.13201,ERA5,Asia/Kolkata,Open-Meteo Historical Weather API
MH-Yavatmal,2013-08-17,26.7,30.0,24.6,4.0,4.0,7.0,81,3.74,0.433,0.434,0.434,27.1,26.5,20.39324,78.13201,ERA5,Asia/Kolkata,Open-Meteo Historical Weather API
MH-Yavatmal,2013-08-18,25.1,27.5,23.5,26.2,26.2,24.0,89,1.36,0.466,0.461,0.439,25.6,25.9,20.39324,78.13201,ERA5,Asia/Kolkata,Open-Meteo Historical Weather API
MH-Yavatmal,2013-08-19,25.1,27.3,23.9,4.8,4.8,10.0,83,2.59,0.454,0.46,0.45,25.2,25.2,20.39324,78.13201,ERA5,Asia/Kolkata,Open-Meteo Historical Weather API
MH-Yavatmal,2013-08-20,23.8,25.4,23.0,10.5,10.5,21.0,83,2.11,0.459,0.459,0.45,24.2,24.8,20.39324,78.13201,ERA5,Asia/Kolkata,Open-Meteo Historical Weather API
MH-Yavatmal,2013-08-21,23.8,25.5,22.6,10.3,10.3,18.0,80,2.9,0.458,0.461,0.454,24.0,24.1,20.39324,78.13201,ERA5,Asia/Kolkata,Open-Meteo Historical Weather API
MH-Yavatmal,2013-08-22,23.2,24.3,22.5,84.3,84.3,24.0,89,1.32,0.466,0.466,0.464,23.4,23.9,20.39324,78.13201,ERA5,Asia/Kolkata,Open-Meteo Historical Weather API
MH-Yavatmal,2013-08-23,23.1,24.2,21.8,51.0,51.0,16.0,87,1.87,0.463,0.465,0.455,23.2,23.5,20.39324,78.13201,ERA5,Asia/Kolkata,Open-Meteo Historical Weather API
MH-Yavatmal,2013-08-24,22.9,23.7,21.8,5.2,5.2,14.0,84,1.5,0.455,0.456,0.445,23.1,23.4,20.39324,78.13201,ERA5,Asia/Kolkata,Open-Meteo Historical Weather API
MH-Yavatmal,2013-08-25,22.4,23.3,21.8,15.2,15.2,21.0,89,1.22,0.458,0.456,0.441,22.8,23.1,20.39324,78.13201,ERA5,Asia/Kolkata,Open-Meteo Historical Weather API
MH-Yavatmal,2013-08-26,23.4,25.0,22.3,13.5,13.5,17.0,88,1.61,0.465,0.463,0.442,23.2,23.2,20.39324,78.13201,ERA5,Asia/Kolkata,Open-Meteo Historical Weather API
MH-Yavatmal,2013-08-27,24.4,26.6,23.0,8.2,8.2,13.0,85,2.44,0.456,0.458,0.443,24.2,23.7,20.39324,78.13201,ERA5,Asia/Kolkata,Open-Meteo Historical Weather API
MH-Yavatmal,2013-08-28,24.6,27.8,22.8,4.8,4.8,17.0,85,2.41,0.457,0.459,0.441,24.5,24.2,20.39324,78.13201,ERA5,Asia/Kolkata,Open-Meteo Historical Weather API
MH-Yavatmal,2013-08-29,25.2,28.1,22.8,0.3,0.3,2.0,81,3.03,0.444,0.45,0.439,25.0,24.5,20.39324,78.13201,ERA5,Asia/Kolkata,Open-Meteo Historical Weather API
MH-Yavatmal,2013-08-30,26.3,30.1,23.3,0.0,0.0,0.0,76,4.58,0.43,0.44,0.434,26.1,25.1,20.39324,78.13201,ERA5,Asia/Kolkata,Open-Meteo Historical Weather API
MH-Yavatmal,2013-08-31,26.7,30.2,23.7,0.0,0.0,0.0,77,4.72,0.416,0.427,0.428,26.9,25.9,20.39324,78.13201,ERA5,Asia/Kolkata,Open-Meteo Historical Weather API
MH-Yavatmal,2013-09-01,26.9,31.2,23.1,0.0,0.0,0.0,75,4.61,0.404,0.416,0.423,27.0,26.2,20.39324,78.13201,ERA5,Asia/Kolkata,Open-Meteo Historical Weather API
MH-Yavatmal,2013-09-02,27.2,31.6,23.4,0.0,0.0,0.0,73,4.93,0.39,0.406,0.418,27.3,26.4,20.39324,78.13201,ERA5,Asia/Kolkata,Open-Meteo Historical Weather API
MH-Yavatmal,2013-09-03,26.6,30.0,23.8,0.0,0.0,0.0,74,4.45,0.379,0.396,0.412,27.1,26.5,20.39324,78.13201,ERA5,Asia/Kolkata,Open-Meteo Historical Weather API
MH-Yavatmal,2013-09-04,26.4,30.2,23.6,0.5,0.5,3.0,77,4.43,0.373,0.388,0.408,26.8,26.4,20.39324,78.13201,ERA5,Asia/Kolkata,Open-Meteo Historical Weather API
MH-Yavatmal,2013-09-05,26.6,30.6,23.1,0.0,0.0,0.0,75,4.86,0.363,0.379,0.402,26.9,26.4,20.39324,78.13201,ERA5,Asia/Kolkata,Open-Meteo Historical Weather API
MH-Yavatmal,2013-09-06,26.6,30.5,23.2,0.1,0.1,1.0,75,4.63,0.354,0.37,0.397,27.1,26.5,20.39324,78.13201,ERA5,Asia/Kolkata,Open-Meteo Historical Weather API
MH-Yavatmal,2013-09-07,26.9,31.1,23.3,0.3,0.3,1.0,74,4.71,0.342,0.362,0.392,27.4,26.7,20.39324,78.13201,ERA5,Asia/Kolkata,Open-Meteo Historical Weather API
MH-Yavatmal,2013-09-08,27.6,32.4,23.8,0.7,0.7,2.0,71,4.25,0.335,0.353,0.386,27.7,26.8,20.39324,78.13201,ERA5,Asia/Kolkata,Open-Meteo Historical Weather API
MH-Yavatmal,2013-09-09,27.5,32.6,24.2,1.7,1.7,7.0,76,4.12,0.33,0.346,0.382,28.1,27.2,20.39324,78.13201,ERA5,Asia/Kolkata,Open-Meteo Historical Weather API
MH-Yavatmal,2013-09-10,26.8,31.3,23.9,6.6,6.6,11.0,83,4.29,0.354,0.341,0.377,28.4,27.5,20.39324,78.13201,ERA5,Asia/Kolkata,Open-Meteo Historical Weather API
MH-Yavatmal,2013-09-11,27.0,31.6,24.2,14.8,14.8,17.0,82,3.72,0.42,0.367,0.374,28.2,27.4,20.39324,78.13201,ERA5,Asia/Kolkata,Open-Meteo Historical Weather API
MH-Yavatmal,2013-09-12,27.4,32.3,24.0,2.9,2.9,9.0,80,4.48,0.422,0.39,0.372,28.6,27.5,20.39324,78.13201,ERA5,Asia/Kolkata,Open-Meteo Historical Weather API
MH-Yavatmal,2013-09-13,27.6,32.3,24.2,6.3,6.3,9.0,81,4.02,0.434,0.399,0.371,28.7,27.8,20.39324,78.13201,ERA5,Asia/Kolkata,Open-Meteo Historical Weather API
MH-Yavatmal,2013-09-14,26.5,30.5,23.9,12.3,12.3,15.0,84,2.91,0.445,0.419,0.372,28.0,27.6,20.39324,78.13201,ERA5,Asia/Kolkata,Open-Meteo Historical Weather API
MH-Yavatmal,2013-09-15,26.4,31.8,23.8,6.5,6.5,12.0,85,3.93,0.443,0.426,0.375,28.0,27.5,20.39324,78.13201,ERA5,Asia/Kolkata,Open-Meteo Historical Weather API
MH-Yavatmal,2013-09-16,25.1,30.0,22.6,14.7,14.7,16.0,87,2.72,0.45,0.444,0.378,26.8,27.1,20.39324,78.13201,ERA5,Asia/Kolkata,Open-Meteo Historical Weather API
MH-Yavatmal,2013-09-17,25.9,29.6,22.9,6.2,6.2,9.0,86,3.14,0.446,0.445,0.384,27.2,27.0,20.39324,78.13201,ERA5,Asia/Kolkata,Open-Meteo Historical Weather API
MH-Yavatmal,2013-09-18,26.0,29.4,23.5,8.9,8.9,13.0,87,3.38,0.448,0.441,0.386,27.8,27.2,20.39324,78.13201,ERA5,Asia/Kolkata,Open-Meteo Historical Weather API
MH-Yavatmal,2013-09-19,26.2,31.3,23.4,16.2,16.2,16.0,87,3.3,0.451,0.45,0.389,27.6,27.2,20.39324,78.13201,ERA5,Asia/Kolkata,Open-Meteo Historical Weather API
MH-Yavatmal,2013-09-20,25.6,27.7,23.8,9.2,9.2,16.0,90,1.48,0.453,0.449,0.396,26.1,26.7,20.39324,78.13201,ERA5,Asia/Kolkata,Open-Meteo Historical Weather API
MH-Yavatmal,2013-09-21,24.3,26.0,23.3,29.1,29.1,21.0,88,1.33,0.463,0.463,0.413,24.9,25.7,20.39324,78.13201,ERA5,Asia/Kolkata,Open-Meteo Historical Weather API
MH-Yavatmal,2013-09-22,23.4,24.8,22.2,35.3,35.3,24.0,90,1.16,0.466,0.466,0.436,23.9,24.6,20.39324,78.13201,ERA5,Asia/Kolkata,Open-Meteo Historical Weather API
MH-Yavatmal,2013-09-23,25.7,29.1,23.0,0.0,0.0,0.0,75,2.69,0.45,0.456,0.446,25.0,24.4,20.39324,78.13201,ERA5,Asia/Kolkata,Open-Meteo Historical Weather API
MH-Yavatmal,2013-09-24,25.6,28.6,23.5,0.0,0.0,0.0,76,2.65,0.434,0.443,0.444,25.5,25.1,20.39324,78.13201,ERA5,Asia/Kolkata,Open-Meteo Historical Weather API
MH-Yavatmal,2013-09-25,26.8,30.8,23.6,0.2,0.2,1.0,77,3.98,0.422,0.432,0.441,26.8,25.8,20.39324,78.13201,ERA5,Asia/Kolkata,Open-Meteo Historical Weather API
MH-Yavatmal,2013-09-26,27.0,31.3,23.4,0.5,0.5,2.0,79,4.04,0.413,0.424,0.438,27.4,26.4,20.39324,78.13201,ERA5,Asia/Kolkata,Open-Meteo Historical Weather API
MH-Yavatmal,2013-09-27,27.1,31.7,23.6,0.1,0.1,1.0,77,4.31,0.405,0.416,0.434,27.6,26.7,20.39324,78.13201,ERA5,Asia/Kolkata,Open-Meteo Historical Weather API
MH-Yavatmal,2013-09-28,27.1,31.7,24.1,0.3,0.3,2.0,78,4.46,0.397,0.409,0.431,27.7,26.9,20.39324,78.13201,ERA5,Asia/Kolkata,Open-Meteo Historical Weather API
MH-Yavatmal,2013-09-29,26.7,30.6,23.9,0.0,0.0,0.0,75,4.48,0.387,0.4,0.427,27.2,26.8,20.39324,78.13201,ERA5,Asia/Kolkata,Open-Meteo Historical Weather API
MH-Yavatmal,2013-09-30,26.3,31.1,23.1,0.4,0.4,1.0,79,4.05,0.377,0.392,0.423,26.9,26.5,20.39324,78.13201,ERA5,Asia/Kolkata,Open-Meteo Historical Weather API
MH-Yavatmal,2013-10-01,27.1,31.0,24.0,2.0,2.0,4.0,79,3.92,0.37,0.384,0.42,27.5,26.6,20.39324,78.13201,ERA5,Asia/Kolkata,Open-Meteo Historical Weather API
MH-Yavatmal,2013-10-02,25.8,29.4,23.9,20.4,20.4,24.0,87,2.43,0.437,0.397,0.417,26.9,26.6,20.39324,78.13201,ERA5,Asia/Kolkata,Open-Meteo Historical Weather API
MH-Yavatmal,2013-10-03,24.5,26.7,23.3,51.3,51.3,24.0,92,1.04,0.465,0.463,0.43,25.6,25.8,20.39324,78.13201,ERA5,Asia/Kolkata,Open-Meteo Historical Weather API
MH-Yavatmal,2013-10-04,24.8,28.7,22.7,8.8,8.8,18.0,88,2.11,0.461,0.462,0.449,25.3,25.2,20.39324,78.13201,ERA5,Asia/Kolkata,Open-Meteo Historical Weather API
MH-Yavatmal,2013-10-05,25.6,29.6,23.0,6.0,6.0,12.0,85,3.23,0.456,0.46,0.453,26.1,25.5,20.39324,78.13201,ERA5,Asia/Kolkata,Open-Meteo Historical Weather API
MH-Yavatmal,2013-10-06,26.1,29.7,23.3,3.5,3.5,8.0,83,3.46,0.446,0.451,0.453,26.8,26.0,20.39324,78.13201,ERA5,Asia/Kolkata,Open-Meteo Historical Weather API
MH-Yavatmal,2013-10-07,26.9,30.8,23.6,1.3,1.3,6.0,82,3.89,0.437,0.443,0.451,27.6,26.5,20.39324,78.13201,ERA5,Asia/Kolkata,Open-Meteo Historical Weather API
MH-Yavatmal,2013-10-08,26.3,29.7,23.9,2.4,2.4,11.0,82,3.22,0.443,0.438,0.453,27.6,26.7,20.39324,78.13201,ERA5,Asia/Kolkata,Open-Meteo Historical Weather API
MH-Yavatmal,2013-10-09,25.7,28.7,23.2,8.1,8.1,17.0,84,2.35,0.449,0.441,0.451,26.9,26.4,20.39324,78.13201,ERA5,Asia/Kolkata,Open-Meteo Historical Weather API
MH-Yavatmal,2013-10-10,24.7,27.9,22.5,8.3,8.3,11.0,86,2.46,0.457,0.457,0.451,26.3,26.0,20.39324,78.13201,ERA5,Asia/Kolkata,Open-Meteo Historical Weather API
MH-Yavatmal,2013-10-11,24.9,28.6,22.6,4.2,4.2,11.0,85,2.6,0.453,0.456,0.451,26.3,25.8,20.39324,78.13201,ERA5,Asia/Kolkata,Open-Meteo Historical Weather API
MH-Yavatmal,2013-10-12,26.1,30.9,22.5,1.2,1.2,4.0,78,3.96,0.444,0.452,0.452,26.8,25.9,20.39324,78.13201,ERA5,Asia/Kolkata,Open-Meteo Historical Weather API
MH-Yavatmal,2013-10-13,26.5,31.1,23.3,0.0,0.0,0.0,76,4.43,0.434,0.441,0.45,26.7,26.3,20.39324,78.13201,ERA5,Asia/Kolkata,Open-Meteo Historical Weather API
MH-Yavatmal,2013-10-14,26.0,30.1,23.2,0.0,0.0,0.0,76,4.18,0.418,0.43,0.447,26.6,26.4,20.39324,78.13201,ERA5,Asia/Kolkata,Open-Meteo Historical Weather API
MH-Yavatmal,2013-10-15,26.1,31.1,22.7,0.1,0.1,1.0,76,3.88,0.409,0.421,0.444,26.7,26.3,20.39324,78.13201,ERA5,Asia/Kolkata,Open-Meteo Historical Weather API
MH-Yavatmal,2013-10-16,26.8,32.0,22.7,0.2,0.2,1.0,78,4.12,0.398,0.412,0.44,27.2,26.5,20.39324,78.13201,ERA5,Asia/Kolkata,Open-Meteo Historical Weather API
MH-Yavatmal,2013-10-17,26.0,31.6,22.7,0.0,0.0,0.0,70,4.66,0.386,0.403,0.436,26.8,26.7,20.39324,78.13201,ERA5,Asia/Kolkata,Open-Meteo Historical Weather API
MH-Yavatmal,2013-10-18,25.5,31.8,20.8,0.0,0.0,0.0,68,4.46,0.374,0.394,0.432,25.7,25.8,20.39324,78.13201,ERA5,Asia/Kolkata,Open-Meteo Historical Weather API
MH-Yavatmal,2013-10-19,25.6,31.7,20.8,0.0,0.0,0.0,72,4.24,0.365,0.386,0.427,26.1,25.7,20.39324,78.13201,ERA5,Asia/Kolkata,Open-Meteo Historical Weather API
MH-Yavatmal,2013-10-20,25.7,31.0,21.6,0.0,0.0,0.0,70,3.99,0.358,0.379,0.423,25.8,25.6,20.39324,78.13201,ERA5,Asia/Kolkata,Open-Meteo Historical Weather API
MH-Yavatmal,2013-10-21,24.6,30.0,19.7,0.0,0.0,0.0,73,4.18,0.349,0.373,0.42,25.1,25.2,20.39324,78.13201,ERA5,Asia/Kolkata,Open-Meteo Historical Weather API
MH-Yavatmal,2013-10-22,24.7,29.0,21.4,0.0,0.0,0.0,71,3.52,0.341,0.366,0.416,24.9,25.0,20.39324,78.13201,ERA5,Asia/Kolkata,Open-Meteo Historical Weather API
MH-Yavatmal,2013-10-23,25.3,29.1,22.5,0.5,0.5,2.0,77,3.61,0.334,0.359,0.412,25.8,25.4,20.39324,78.13201,ERA5,Asia/Kolkata,Open-Meteo Historical Weather API
MH-Yavatmal,2013-10-24,24.6,27.2,22.9,0.0,0.0,0.0,80,1.89,0.336,0.355,0.408,25.2,25.2,20.39324,78.13201,ERA5,Asia/Kolkata,Open-Meteo Historical Weather API
MH-Yavatmal,2013-10-25,24.4,28.2,22.3,8.3,8.3,13.0,85,2.48,0.379,0.357,0.406,25.3,25.0,20.39324,78.13201,ERA5,Asia/Kolkata,Open-Meteo Historical Weather API
MH-Yavatmal,2013-10-26,24.5,28.2,22.1,1.5,1.5,6.0,84,2.67,0.399,0.367,0.404,25.2,24.9,20.39324,78.13201,ERA5,Asia/Kolkata,Open-Meteo Historical Weather API
MH-Yavatmal,2013-10-27,25.5,30.0,21.9,0.1,0.1,1.0,78,3.53,0.383,0.368,0.402,25.7,25.0,20.39324,78.13201,ERA5,Asia/Kolkata,Open-Meteo Historical Weather API
MH-Yavatmal,2013-10-28,25.0,30.4,20.3,0.0,0.0,0.0,76,3.45,0.369,0.364,0.4,25.4,25.3,20.39324,78.13201,ERA5,Asia/Kolkata,Open-Meteo Historical Weather API
MH-Yavatmal,2013-10-29,24.5,30.8,20.4,0.0,0.0,0.0,70,4.02,0.356,0.359,0.396,25.2,25.3,20.39324,78.13201,ERA5,Asia/Kolkata,Open-Meteo Historical Weather API
MH-Yavatmal,2013-10-30,23.1,30.3,17.8,0.0,0.0,0.0,69,4.31,0.341,0.353,0.394,24.1,24.7,20.39324,78.13201,ERA5,Asia/Kolkata,Open-Meteo Historical Weather API
MH-Yavatmal,2013-10-31,22.7,29.9,18.0,0.0,0.0,0.0,71,4.21,0.329,0.347,0.391,23.5,24.1,20.39324,78.13201,ERA5,Asia/Kolkata,Open-Meteo Historical Weather API
MH-Yavatmal,2013-11-01,23.1,29.4,18.3,0.0,0.0,0.0,66,4.23,0.32,0.342,0.388,23.3,23.7,20.39324,78.13201,ERA5,Asia/Kolkata,Open-Meteo Historical Weather API
MH-Yavatmal,2013-11-02,23.2,30.0,16.7,0.0,0.0,0.0,66,4.13,0.311,0.336,0.385,23.3,23.5,20.39324,78.13201,ERA5,Asia/Kolkata,Open-Meteo Historical Weather API
MH-Yavatmal,2013-11-03,23.7,30.9,19.1,0.0,0.0,0.0,65,4.25,0.306,0.331,0.382,23.6,23.7,20.39324,78.13201,ERA5,Asia/Kolkata,Open-Meteo Historical Weather API
MH-Yavatmal,2013-11-04,23.5,29.9,18.6,0.0,0.0,0.0,68,3.98,0.296,0.325,0.378,23.8,23.8,20.39324,78.13201,ERA5,Asia/Kolkata,Open-Meteo Historical Weather API
MH-Yavatmal,2013-11-05,23.1,29.3,19.1,0.0,0.0,0.0,70,3.78,0.287,0.321,0.376,23.7,23.9,20.39324,78.13201,ERA5,Asia/Kolkata,Open-Meteo Historical Weather API
MH-Yavatmal,2013-11-06,22.6,28.9,17.4,0.0,0.0,0.0,69,3.97,0.282,0.316,0.374,22.9,23.5,20.39324,78.13201,ERA5,Asia/Kolkata,Open-Meteo Historical Weather API
MH-Yavatmal,2013-11-07,22.5,28.8,17.2,0.0,0.0,0.0,67,3.95,0.278,0.313,0.373,22.7,23.2,20.39324,78.13201,ERA5,Asia/Kolkata,Open-Meteo Historical Weather API
MH-Yavatmal,2013-11-08,22.7,28.6,16.7,0.0,0.0,0.0,67,3.85,0.274,0.31,0.371,22.5,23.0,20.39324,78.13201,ERA5,Asia/Kolkata,Open-Meteo Historical Weather API
MH-Yavatmal,2013-11-09,22.3,29.0,17.3,0.0,0.0,0.0,68,4.01,0.269,0.308,0.37,22.3,22.8,20.39324,78.13201,ERA5,Asia/Kolkata,Open-Meteo Historical Weather API
MH-Yavatmal,2013-11-10,22.0,28.6,16.2,0.0,0.0,0.0,70,3.82,0.263,0.304,0.368,22.4,22.8,20.39324,78.13201,ERA5,Asia/Kolkata,Open-Meteo Historical Weather API
MH-Yavatmal,2013-11-11,21.7,27.9,17.5,0.0,0.0,0.0,68,3.57,0.256,0.3,0.365,22.4,22.9,20.39324,78.13201,ERA5,Asia/Kolkata,Open-Meteo Historical Weather API
MH-Yavatmal,2013-11-12,21.9,27.3,16.9,0.0,0.0,0.0,64,3.22,0.253,0.297,0.364,22.3,22.6,20.39324,78.13201,ERA5,Asia/Kolkata,Open-Meteo Historical Weather API
MH-Yavatmal,2013-11-13,20.9,27.0,16.7,0.0,0.0,0.0,66,3.32,0.252,0.295,0.363,21.9,22.7,20.39324,78.13201,ERA5,Asia/Kolkata,Open-Meteo Historical Weather API
MH-Yavatmal,2013-11-14,20.6,27.1,16.3,0.0,0.0,0.0,64,3.83,0.247,0.291,0.361,21.4,22.1,20.39324,78.13201,ERA5,Asia/Kolkata,Open-Meteo Historical Weather API
MH-Yavatmal,2013-11-15,19.7,26.5,13.9,0.0,0.0,0.0,64,3.94,0.243,0.288,0.359,20.8,21.8,20.39324,78.13201,ERA5,Asia/Kolkata,Open-Meteo Historical Weather API
MH-Yavatmal,2013-11-16,19.2,26.6,13.7,0.0,0.0,0.0,64,4.01,0.238,0.284,0.356,20.5,21.5,20.39324,78.13201,ERA5,Asia/Kolkata,Open-Meteo Historical Weather API
MH-Yavatmal,2013-11-17,19.4,26.6,12.7,0.0,0.0,0.0,65,3.74,0.235,0.282,0.354,20.3,21.0,20.39324,78.13201,ERA5,Asia/Kolkata,Open-Meteo Historical Weather API
MH-Yavatmal,2013-11-18,21.6,28.9,16.0,0.0,0.0,0.0,59,3.61,0.232,0.279,0.353,21.5,21.6,20.39324,78.13201,ERA5,Asia/Kolkata,Open-Meteo Historical Weather API
MH-Yavatmal,2013-11-19,21.1,28.9,14.3,0.0,0.0,0.0,60,3.99,0.23,0.278,0.352,21.1,21.8,20.39324,78.13201,ERA5,Asia/Kolkata,Open-Meteo Historical Weather API
MH-Yavatmal,2013-11-20,20.7,28.5,12.9,0.0,0.0,0.0,60,3.79,0.229,0.275,0.35,20.5,21.4,20.39324,78.13201,ERA5,Asia/Kolkata,Open-Meteo Historical Weather API
MH-Yavatmal,2013-11-21,19.9,28.3,12.6,0.0,0.0,0.0,61,4.06,0.227,0.273,0.349,20.3,21.1,20.39324,78.13201,ERA5,Asia/Kolkata,Open-Meteo Historical Weather API
MH-Yavatmal,2013-11-22,21.3,29.0,13.9,0.0,0.0,0.0,66,3.91,0.224,0.271,0.347,21.2,21.1,20.39324,78.13201,ERA5,Asia/Kolkata,Open-Meteo Historical Weather API
MH-Yavatmal,2013-11-23,24.0,28.5,19.5,0.0,0.0,0.0,70,3.58,0.221,0.267,0.345,23.9,22.7,20.39324,78.13201,ERA5,Asia/Kolkata,Open-Meteo Historical Weather API
MH-Yavatmal,2013-11-24,24.4,28.5,21.9,0.9,0.9,6.0,79,2.57,0.234,0.264,0.342,24.8,23.7,20.39324,78.13201,ERA5,Asia/Kolkata,Open-Meteo Historical Weather API
MH-Yavatmal,2013-11-25,24.5,30.4,20.1,0.0,0.0,0.0,77,3.19,0.24,0.263,0.34,25.0,24.1,20.39324,78.13201,ERA5,Asia/Kolkata,Open-Meteo Historical Weather API
MH-Yavatmal,2013-11-26,23.3,29.7,18.3,0.0,0.0,0.0,63,4.02,0.235,0.261,0.339,24.2,24.4,20.39324,78.13201,ERA5,Asia/Kolkata,Open-Meteo Historical Weather API
MH-Yavatmal,2013-11-27,20.9,29.3,14.8,0.0,0.0,0.0,53,4.45,0.231,0.261,0.339,21.8,23.0,20.39324,78.13201,ERA5,Asia/Kolkata,Open-Meteo Historical Weather API
MH-Yavatmal,2013-11-28,20.5,28.0,13.9,0.0,0.0,0.0,53,4.32,0.227,0.26,0.338,21.0,21.9,20.39324,78.13201,ERA5,Asia/Kolkata,Open-Meteo Historical Weather API
MH-Yavatmal,2013-11-29,22.1,25.2,19.1,0.0,0.0,0.0,66,2.43,0.225,0.26,0.337,22.3,22.2,20.39324,78.13201,ERA5,Asia/Kolkata,Open-Meteo Historical Weather API
MH-Yavatmal,2013-11-30,23.1,27.7,19.5,0.3,0.3,3.0,79,2.58,0.227,0.26,0.337,23.6,23.0,20.39324,78.13201,ERA5,Asia/Kolkata,Open-Meteo Historical Weather API
MH-Yavatmal,2013-12-01,23.8,30.1,20.3,0.0,0.0,0.0,65,3.78,0.226,0.26,0.336,24.3,23.9,20.39324,78.13201,ERA5,Asia/Kolkata,Open-Meteo Historical Weather API
MH-Yavatmal,2013-12-02,23.1,29.8,18.7,0.0,0.0,0.0,63,3.73,0.221,0.258,0.334,23.9,23.9,20.39324,78.13201,ERA5,Asia/Kolkata,Open-Meteo Historical Weather API
MH-Yavatmal,2013-12-03,22.9,28.7,19.4,1.2,1.2,4.0,74,2.85,0.221,0.254,0.331,23.9,23.8,20.39324,78.13201,ERA5,Asia/Kolkata,Open-Meteo Historical Weather API
MH-Yavatmal,2013-12-04,22.3,29.2,17.1,0.0,0.0,0.0,62,3.86,0.224,0.251,0.328,23.1,23.5,20.39324,78.13201,ERA5,Asia/Kolkata,Open-Meteo Historical Weather API
MH-Yavatmal,2013-12-05,21.5,28.1,15.8,0.0,0.0,0.0,63,3.65,0.221,0.25,0.328,22.2,22.9,20.39324,78.13201,ERA5,Asia/Kolkata,Open-Meteo Historical Weather API
MH-Yavatmal,2013-12-06,19.3,26.4,14.9,0.0,0.0,0.0,56,3.93,0.22,0.251,0.328,20.7,22.2,20.39324,78.13201,ERA5,Asia/Kolkata,Open-Meteo Historical Weather API
MH-Yavatmal,2013-12-07,17.9,25.9,11.0,0.0,0.0,0.0,53,3.97,0.22,0.252,0.329,19.0,20.8,20.39324,78.13201,ERA5,Asia/Kolkata,Open-Meteo Historical Weather API
MH-Yavatmal,2013-12-08,18.7,27.3,11.1,0.0,0.0,0.0,57,3.58,0.218,0.252,0.329,18.4,20.0,20.39324,78.13201,ERA5,Asia/Kolkata,Open-Meteo Historical Weather API
MH-Yavatmal,2013-12-09,19.5,28.0,12.2,0.0,0.0,0.0,56,3.73,0.217,0.252,0.33,18.6,19.9,20.39324,78.13201,ERA5,Asia/Kolkata,Open-Meteo Historical Weather API
MH-Yavatmal,2013-12-10,18.8,27.7,10.8,0.0,0.0,0.0,56,3.74,0.216,0.253,0.33,18.7,19.9,20.39324,78.13201,ERA5,Asia/Kolkata,Open-Meteo Historical Weather API
MH-Yavatmal,2013-12-11,18.3,27.0,10.6,0.0,0.0,0.0,57,3.8,0.214,0.253,0.33,18.4,19.7,20.39324,78.13201,ERA5,Asia/Kolkata,Open-Meteo Historical Weather API
MH-Yavatmal,2013-12-12,18.1,26.2,10.6,0.0,0.0,0.0,57,3.61,0.214,0.253,0.331,18.2,19.5,20.39324,78.13201,ERA5,Asia/Kolkata,Open-Meteo Historical Weather API
MH-Yavatmal,2013-12-13,17.1,26.5,10.2,0.0,0.0,0.0,62,3.59,0.214,0.255,0.332,17.9,19.2,20.39324,78.13201,ERA5,Asia/Kolkata,Open-Meteo Historical Weather API
MH-Yavatmal,2013-12-14,17.8,27.5,10.6,0.0,0.0,0.0,62,3.62,0.214,0.255,0.332,18.5,19.3,20.39324,78.13201,ERA5,Asia/Kolkata,Open-Meteo Historical Weather API
MH-Yavatmal,2013-12-15,19.1,28.0,11.4,0.0,0.0,0.0,58,3.45,0.212,0.254,0.331,18.8,19.6,20.39324,78.13201,ERA5,Asia/Kolkata,Open-Meteo Historical Weather API
MH-Yavatmal,2013-12-16,19.1,27.2,12.7,0.0,0.0,0.0,59,3.28,0.21,0.252,0.33,18.7,19.5,20.39324,78.13201,ERA5,Asia/Kolkata,Open-Meteo Historical Weather API
MH-Yavatmal,2013-12-17,18.7,27.1,11.7,0.0,0.0,0.0,60,3.25,0.208,0.251,0.329,18.7,19.6,20.39324,78.13201,ERA5,Asia/Kolkata,Open-Meteo Historical Weather API
MH-Yavatmal,2013-12-18,19.3,27.0,12.9,0.0,0.0,0.0,57,3.2,0.207,0.249,0.328,18.8,19.6,20.39324,78.13201,ERA5,Asia/Kolkata,Open-Meteo Historical Weather API
MH-Yavatmal,2013-12-19,19.6,28.0,11.5,0.0,0.0,0.0,58,3.52,0.207,0.249,0.327,19.0,19.6,20.39324,78.13201,ERA5,Asia/Kolkata,Open-Meteo Historical Weather API
MH-Yavatmal,2013-12-20,19.6,27.8,12.7,0.0,0.0,0.0,61,3.42,0.207,0.249,0.327,19.3,19.8,20.39324,78.13201,ERA5,Asia/Kolkata,Open-Meteo Historical Weather API
MH-Yavatmal,2013-12-21,20.3,28.0,13.8,0.0,0.0,0.0,61,3.69,0.205,0.248,0.326,19.9,19.9,20.39324,78.13201,ERA5,Asia/Kolkata,Open-Meteo Historical Weather API
MH-Yavatmal,2013-12-22,20.8,27.4,15.4,0.0,0.0,0.0,64,3.59,0.204,0.245,0.324,21.1,20.8,20.39324,78.13201,ERA5,Asia/Kolkata,Open-Meteo Historical Weather API
MH-Yavatmal,2013-12-23,20.0,27.0,14.6,0.0,0.0,0.0,66,3.5,0.203,0.244,0.323,20.9,21.1,20.39324,78.13201,ERA5,Asia/Kolkata,Open-Meteo Historical Weather API
MH-Yavatmal,2013-12-24,20.0,27.3,15.4,0.0,0.0,0.0,64,3.69,0.202,0.242,0.322,20.5,20.9,20.39324,78.13201,ERA5,Asia/Kolkata,Open-Meteo Historical Weather API
MH-Yavatmal,2013-12-25,19.7,27.3,14.0,0.0,0.0,0.0,63,3.56,0.198,0.239,0.319,20.4,20.7,20.39324,78.13201,ERA5,Asia/Kolkata,Open-Meteo Historical Weather API
MH-Yavatmal,2013-12-26,19.7,26.9,14.6,0.0,0.0,0.0,63,3.69,0.198,0.238,0.318,20.6,20.7,20.39324,78.13201,ERA5,Asia/Kolkata,Open-Meteo Historical Weather API
MH-Yavatmal,2013-12-27,20.3,27.3,15.2,0.0,0.0,0.0,62,3.68,0.199,0.238,0.318,20.7,20.8,20.39324,78.13201,ERA5,Asia/Kolkata,Open-Meteo Historical Weather API
MH-Yavatmal,2013-12-28,20.5,27.3,14.4,0.0,0.0,0.0,64,3.47,0.2,0.239,0.319,21.1,21.1,20.39324,78.13201,ERA5,Asia/Kolkata,Open-Meteo Historical Weather API
MH-Yavatmal,2013-12-29,21.0,27.0,17.2,0.0,0.0,0.0,61,3.65,0.202,0.24,0.32,21.9,21.8,20.39324,78.13201,ERA5,Asia/Kolkata,Open-Meteo Historical Weather API
MH-Yavatmal,2013-12-30,20.8,27.3,15.5,0.0,0.0,0.0,62,3.78,0.202,0.24,0.32,21.5,21.6,20.39324,78.13201,ERA5,Asia/Kolkata,Open-Meteo Historical Weather API
MH-Yavatmal,2013-12-31,20.3,27.2,15.3,0.0,0.0,0.0,65,3.69,0.201,0.239,0.319,21.3,21.6,20.39324,78.13201,ERA5,Asia/Kolkata,Open-Meteo Historical Weather API
MH-Yavatmal,2014-01-01,19.9,26.6,14.6,0.0,0.0,0.0,68,3.49,0.201,0.239,0.318,20.8,21.4,20.39324,78.13201,ERA5,Asia/Kolkata,Open-Meteo Historical Weather API
MH-Yavatmal,2014-01-02,19.9,26.8,14.7,0.0,0.0,0.0,64,3.68,0.202,0.24,0.319,20.8,21.1,20.39324,78.13201,ERA5,Asia/Kolkata,Open-Meteo Historical Weather API
MH-Yavatmal,2014-01-03,20.3,27.8,14.6,0.0,0.0,0.0,63,3.68,0.201,0.239,0.319,21.1,21.1,20.39324,78.13201,ERA5,Asia/Kolkata,Open-Meteo Historical Weather API
MH-Yavatmal,2014-01-04,21.2,29.3,15.0,0.0,0.0,0.0,59,3.93,0.198,0.237,0.316,21.4,21.3,20.39324,78.13201,ERA5,Asia/Kolkata,Open-Meteo Historical Weather API
MH-Yavatmal,2014-01-05,21.7,27.9,16.2,0.0,0.0,0.0,63,3.41,0.199,0.235,0.315,21.8,21.7,20.39324,78.13201,ERA5,Asia/Kolkata,Open-Meteo Historical Weather API
MH-Yavatmal,2014-01-06,21.5,27.7,17.6,0.0,0.0,0.0,64,3.49,0.197,0.231,0.312,22.6,22.3,20.39324,78.13201,ERA5,Asia/Kolkata,Open-Meteo Historical Weather API
MH-Yavatmal,2014-01-07,20.7,27.2,15.8,0.0,0.0,0.0,59,3.68,0.194,0.228,0.309,22.0,22.2,20.39324,78.13201,ERA5,Asia/Kolkata,Open-Meteo Historical Weather API
MH-Yavatmal,2014-01-08,21.2,28.3,16.3,0.0,0.0,0.0,61,3.9,0.195,0.228,0.31,22.2,22.2,20.39324,78.13201,ERA5,Asia/Kolkata,Open-Meteo Historical Weather API
MH-Yavatmal,2014-01-09,22.0,29.0,15.1,0.0,0.0,0.0,60,3.78,0.196,0.228,0.31,22.4,22.2,20.39324,78.13201,ERA5,Asia/Kolkata,Open-Meteo Historical Weather API
MH-Yavatmal,2014-01-10,22.8,29.0,17.6,0.0,0.0,0.0,58,4.02,0.197,0.227,0.308,23.1,22.8,20.39324,78.13201,ERA5,Asia/Kolkata,Open-Meteo Historical Weather API
MH-Yavatmal,2014-01-11,21.8,27.0,18.4,0.0,0.0,0.0,59,3.93,0.197,0.228,0.308,23.3,23.2,20.39324,78.13201,ERA5,Asia/Kolkata,Open-Meteo Historical Weather API
MH-Yavatmal,2014-01-12,20.4,25.5,16.3,0.0,0.0,0.0,68,3.47,0.197,0.228,0.308,22.3,22.6,20.39324,78.13201,ERA5,Asia/Kolkata,Open-Meteo Historical Weather API
MH-Yavatmal,2014-01-13,21.2,28.1,16.9,0.0,0.0,0.0,66,3.44,0.197,0.229,0.308,22.2,22.3,20.39324,78.13201,ERA5,Asia/Kolkata,Open-Meteo Historical Weather API
MH-Yavatmal,2014-01-14,22.3,29.0,16.7,0.0,0.0,0.0,57,3.64,0.199,0.23,0.309,22.6,22.6,20.39324,78.13201,ERA5,Asia/Kolkata,Open-Meteo Historical Weather API
MH-Yavatmal,2014-01-15,22.7,29.3,17.7,0.0,0.0,0.0,58,3.57,0.201,0.231,0.31,23.1,23.1,20.39324,78.13201,ERA5,Asia/Kolkata,Open-Meteo Historical Weather API
MH-Yavatmal,2014-01-16,23.0,28.9,18.2,0.0,0.0,0.0,58,3.52,0.203,0.233,0.312,23.5,23.4,20.39324,78.13201,ERA5,Asia/Kolkata,Open-Meteo Historical Weather API
MH-Yavatmal,2014-01-17,23.6,28.7,19.8,0.0,0.0,0.0,59,3.82,0.204,0.233,0.312,23.9,23.6,20.39324,78.13201,ERA5,Asia/Kolkata,Open-Meteo Historical Weather API
MH-Yavatmal,2014-01-18,22.3,25.3,19.3,0.2,0.2,1.0,58,3.63,0.205,0.232,0.311,23.9,23.8,20.39324,78.13201,ERA5,Asia/Kolkata,Open-Meteo Historical Weather API
MH-Yavatmal,2014-01-19,21.7,26.7,18.0,0.0,0.0,0.0,66,3.25,0.205,0.233,0.311,23.0,23.3,20.39324,78.13201,ERA5,Asia/Kolkata,Open-Meteo Historical Weather API
MH-Yavatmal,2014-01-20,22.3,29.0,17.5,0.0,0.0,0.0,62,3.81,0.205,0.233,0.311,23.0,23.1,20.39324,78.13201,ERA5,Asia/Kolkata,Open-Meteo Historical Weather API
MH-Yavatmal,2014-01-21,22.8,28.6,18.0,0.0,0.0,0.0,58,3.99,0.205,0.234,0.312,23.3,23.2,20.39324,78.13201,ERA5,Asia/Kolkata,Open-Meteo Historical Weather API
MH-Yavatmal,2014-01-22,22.6,27.3,18.6,0.7,0.7,3.0,63,3.25,0.208,0.235,0.312,23.4,23.5,20.39324,78.13201,ERA5,Asia/Kolkata,Open-Meteo Historical Weather API
MH-Yavatmal,2014-01-23,21.7,26.2,17.6,0.0,0.0,0.0,68,3.12,0.211,0.237,0.313,22.7,23.1,20.39324,78.13201,ERA5,Asia/Kolkata,Open-Meteo Historical Weather API
MH-Yavatmal,2014-01-24,22.1,27.6,17.9,0.0,0.0,0.0,62,3.56,0.209,0.237,0.313,23.2,23.0,20.39324,78.13201,ERA5,Asia/Kolkata,Open-Meteo Historical Weather API
MH-Yavatmal,2014-01-25,21.7,26.9,17.8,0.0,0.0,0.0,65,3.98,0.207,0.237,0.313,23.2,23.2,20.39324,78.13201,ERA5,Asia/Kolkata,Open-Meteo Historical Weather API
MH-Yavatmal,2014-01-26,21.5,28.1,16.7,0.0,0.0,0.0,59,4.25,0.205,0.236,0.313,23.0,23.2,20.39324,78.13201,ERA5,Asia/Kolkata,Open-Meteo Historical Weather API
MH-Yavatmal,2014-01-27,20.9,27.2,16.4,0.0,0.0,0.0,56,4.26,0.201,0.233,0.31,22.6,22.9,20.39324,78.13201,ERA5,Asia/Kolkata,Open-Meteo Historical Weather API
MH-Yavatmal,2014-01-28,19.3,27.3,12.7,0.0,0.0,0.0,46,4.55,0.195,0.227,0.305,21.2,22.1,20.39324,78.13201,ERA5,Asia/Kolkata,Open-Meteo Historical Weather API
MH-Yavatmal,2014-01-29,19.6,28.1,12.4,0.0,0.0,0.0,42,4.51,0.191,0.224,0.302,20.7,21.4,20.39324,78.13201,ERA5,Asia/Kolkata,Open-Meteo Historical Weather API
MH-Yavatmal,2014-01-30,20.0,27.9,13.8,0.0,0.0,0.0,41,4.46,0.185,0.222,0.3,20.8,21.4,20.39324,78.13201,ERA5,Asia/Kolkata,Open-Meteo Historical Weather API
MH-Yavatmal,2014-01-31,19.9,28.1,12.6,0.0,0.0,0.0,40,4.76,0.182,0.22,0.297,20.9,21.3,20.39324,78.13201,ERA5,Asia/Kolkata,Open-Meteo Historical Weather API
MH-Yavatmal,2014-02-01,19.9,28.5,12.9,0.0,0.0,0.0,41,4.8,0.185,0.219,0.297,20.8,21.3,20.39324,78.13201,ERA5,Asia/Kolkata,Open-Meteo Historical Weather API
MH-Yavatmal,2014-02-02,20.7,29.1,13.1,0.0,0.0,0.0,43,4.55,0.186,0.217,0.296,20.9,21.3,20.39324,78.13201,ERA5,Asia/Kolkata,Open-Meteo Historical Weather API
MH-Yavatmal,2014-02-03,21.6,29.8,12.9,0.0,0.0,0.0,45,4.27,0.187,0.215,0.295,21.6,21.6,20.39324,78.13201,ERA5,Asia/Kolkata,Open-Meteo Historical Weather API
MH-Yavatmal,2014-02-04,21.8,30.6,13.8,0.0,0.0,0.0,48,4.4,0.187,0.213,0.293,22.0,22.1,20.39324,78.13201,ERA5,Asia/Kolkata,Open-Meteo Historical Weather API
MH-Yavatmal,2014-02-05,22.7,31.4,14.8,0.0,0.0,0.0,50,4.51,0.188,0.213,0.292,22.6,22.5,20.39324,78.13201,ERA5,Asia/Kolkata,Open-Meteo Historical Weather API
MH-Yavatmal,2014-02-06,23.3,32.0,16.0,0.0,0.0,0.0,52,4.65,0.191,0.215,0.292,23.4,22.9,20.39324,78.13201,ERA5,Asia/Kolkata,Open-Meteo Historical Weather API
MH-Yavatmal,2014-02-07,24.3,32.4,17.6,0.0,0.0,0.0,47,5.0,0.196,0.217,0.291,24.1,23.6,20.39324,78.13201,ERA5,Asia/Kolkata,Open-Meteo Historical Weather API
MH-Yavatmal,2014-02-08,23.7,31.4,16.7,0.0,0.0,0.0,49,4.77,0.194,0.217,0.291,24.6,24.0,20.39324,78.13201,ERA5,Asia/Kolkata,Open-Meteo Historical Weather API
MH-Yavatmal,2014-02-09,22.9,29.9,17.3,0.0,0.0,0.0,43,5.54,0.193,0.216,0.289,24.2,24.1,20.39324,78.13201,ERA5,Asia/Kolkata,Open-Meteo Historical Weather API
MH-Yavatmal,2014-02-10,21.4,28.5,14.7,0.0,0.0,0.0,44,4.82,0.193,0.217,0.29,23.2,23.3,20.39324,78.13201,ERA5,Asia/Kolkata,Open-Meteo Historical Weather API
MH-Yavatmal,2014-02-11,21.2,28.7,14.0,0.0,0.0,0.0,45,4.72,0.197,0.219,0.291,22.9,23.0,20.39324,78.13201,ERA5,Asia/Kolkata,Open-Meteo Historical Weather API
MH-Yavatmal,2014-02-12,22.4,28.6,16.3,0.0,0.0,0.0,45,5.08,0.198,0.219,0.291,23.4,23.0,20.39324,78.13201,ERA5,Asia/Kolkata,Open-Meteo Historical Weather API
MH-Yavatmal,2014-02-13,24.9,29.9,20.6,0.0,0.0,0.0,50,4.97,0.197,0.22,0.292,25.0,24.0,20.39324,78.13201,ERA5,Asia/Kolkata,Open-Meteo Historical Weather API
MH-Yavatmal,2014-02-14,23.5,28.8,19.7,0.0,0.0,0.0,49,4.03,0.195,0.219,0.291,24.6,24.5,20.39324,78.13201,ERA5,Asia/Kolkata,Open-Meteo Historical Weather API
MH-Yavatmal,2014-02-15,22.1,28.5,16.4,0.0,0.0,0.0,50,4.71,0.194,0.219,0.29,24.0,23.9,20.39324,78.13201,ERA5,Asia/Kolkata,Open-Meteo Historical Weather API
MH-Yavatmal,2014-02-16,21.2,26.7,17.0,0.0,0.0,0.0,41,4.95,0.193,0.218,0.289,23.3,23.6,20.39324,78.13201,ERA5,Asia/Kolkata,Open-Meteo Historical Weather API
MH-Yavatmal,2014-02-17,20.0,25.6,14.7,0.0,0.0,0.0,41,5.03,0.192,0.217,0.288,22.1,22.8,20.39324,78.13201,ERA5,Asia/Kolkata,Open-Meteo Historical Weather API
MH-Yavatmal,2014-02-18,19.1,26.4,12.2,0.0,0.0,0.0,41,5.0,0.189,0.217,0.288,21.3,21.9,20.39324,78.13201,ERA5,Asia/Kolkata,Open-Meteo Historical Weather API
MH-Yavatmal,2014-02-19,20.7,29.4,12.0,0.0,0.0,0.0,43,5.02,0.19,0.218,0.289,21.8,21.8,20.39324,78.13201,ERA5,Asia/Kolkata,Open-Meteo Historical Weather API
MH-Yavatmal,2014-02-20,23.4,31.5,15.1,0.0,0.0,0.0,42,5.33,0.19,0.218,0.289,23.7,22.9,20.39324,78.13201,ERA5,Asia/Kolkata,Open-Meteo Historical Weather API
MH-Yavatmal,2014-02-21,25.6,31.5,19.8,0.0,0.0,0.0,51,5.17,0.19,0.218,0.288,25.7,24.4,20.39324,78.13201,ERA5,Asia/Kolkata,Open-Meteo Historical Weather API
MH-Yavatmal,2014-02-22,26.0,31.0,22.5,1.1,1.1,4.0,57,4.22,0.192,0.218,0.288,26.8,25.5,20.39324,78.13201,ERA5,Asia/Kolkata,Open-Meteo Historical Weather API
MH-Yavatmal,2014-02-23,22.9,29.6,19.1,4.3,4.3,7.0,74,3.87,0.217,0.221,0.291,25.5,25.5,20.39324,78.13201,ERA5,Asia/Kolkata,Open-Meteo Historical Weather API
MH-Yavatmal,2014-02-24,23.3,29.0,18.8,0.1,0.1,1.0,76,3.73,0.261,0.226,0.293,25.0,24.7,20.39324,78.13201,ERA5,Asia/Kolkata,Open-Meteo Historical Weather API
MH-Yavatmal,2014-02-25,24.9,30.6,20.7,0.0,0.0,0.0,65,4.66,0.251,0.226,0.294,26.0,25.0,20.39324,78.13201,ERA5,Asia/Kolkata,Open-Meteo Historical Weather API
MH-Yavatmal,2014-02-26,24.9,31.9,19.5,0.2,0.2,1.0,58,5.0,0.242,0.227,0.294,25.9,25.5,20.39324,78.13201,ERA5,Asia/Kolkata,Open-Meteo Historical Weather API
MH-Yavatmal,2014-02-27,23.7,32.1,19.8,20.8,20.8,8.0,65,4.5,0.271,0.229,0.294,25.5,25.5,20.39324,78.13201,ERA5,Asia/Kolkata,Open-Meteo Historical Weather API
MH-Yavatmal,2014-02-28,21.4,27.4,18.4,17.7,17.7,16.0,84,3.06,0.427,0.297,0.295,23.9,24.6,20.39324,78.13201,ERA5,Asia/Kolkata,Open-Meteo Historical Weather API
MH-Yavatmal,2014-03-01,21.2,25.4,17.6,3.2,3.2,13.0,85,2.77,0.404,0.335,0.295,23.2,23.5,20.39324,78.13201,ERA5,Asia/Kolkata,Open-Meteo Historical Weather API
MH-Yavatmal,2014-03-02,21.4,27.4,16.0,0.0,0.0,0.0,60,4.75,0.37,0.337,0.294,22.7,22.8,20.39324,78.13201,ERA5,Asia/Kolkata,Open-Meteo Historical Weather API
MH-Yavatmal,2014-03-03,21.9,27.8,16.3,0.2,0.2,2.0,54,5.17,0.343,0.329,0.291,23.1,22.6,20.39324,78.13201,ERA5,Asia/Kolkata,Open-Meteo Historical Weather API
MH-Yavatmal,2014-03-04,19.5,23.9,16.2,12.7,12.7,10.0,76,3.39,0.4,0.339,0.292,22.1,22.6,20.39324,78.13201,ERA5,Asia/Kolkata,Open-Meteo Historical Weather API
MH-Yavatmal,2014-03-05,20.9,26.3,16.0,0.0,0.0,0.0,71,3.91,0.373,0.344,0.292,22.3,22.3,20.39324,78.13201,ERA5,Asia/Kolkata,Open-Meteo Historical Weather API
MH-Yavatmal,2014-03-06,21.1,24.9,18.0,15.1,15.1,9.0,77,3.25,0.411,0.363,0.291,22.6,22.6,20.39324,78.13201,ERA5,Asia/Kolkata,Open-Meteo Historical Weather API
MH-Yavatmal,2014-03-07,22.6,27.9,18.0,0.0,0.0,0.0,70,4.33,0.39,0.374,0.288,23.6,22.9,20.39324,78.13201,ERA5,Asia/Kolkata,Open-Meteo Historical Weather API
MH-Yavatmal,2014-03-08,22.5,26.7,19.1,2.1,2.1,4.0,73,3.8,0.378,0.366,0.288,24.0,23.3,20.39324,78.13201,ERA5,Asia/Kolkata,Open-Meteo Historical Weather API
MH-Yavatmal,2014-03-09,22.3,28.7,17.3,2.2,2.2,6.0,75,4.19,0.394,0.364,0.288,23.9,23.7,20.39324,78.13201,ERA5,Asia/Kolkata,Open-Meteo Historical Weather API
MH-Yavatmal,2014-03-10,22.4,27.1,18.0,0.1,0.1,1.0,75,4.03,0.385,0.362,0.288,24.0,23.8,20.39324,78.13201,ERA5,Asia/Kolkata,Open-Meteo Historical Weather API
MH-Yavatmal,2014-03-11,24.5,30.8,18.3,0.0,0.0,0.0,70,4.66,0.362,0.353,0.286,24.9,24.0,20.39324,78.13201,ERA5,Asia/Kolkata,Open-Meteo Historical Weather API
MH-Yavatmal,2014-03-12,25.5,30.9,21.2,0.1,0.1,1.0,65,4.53,0.343,0.343,0.284,25.9,24.7,20.39324,78.13201,ERA5,Asia/Kolkata,Open-Meteo Historical Weather API
MH-Yavatmal,2014-03-13,24.5,31.5,19.1,9.1,9.1,8.0,72,4.37,0.39,0.344,0.281,25.9,25.0,20.39324,78.13201,ERA5,Asia/Kolkata,Open-Meteo Historical Weather API
MH-Yavatmal,2014-03-14,26.2,32.7,20.3,0.3,0.3,1.0,64,4.97,0.371,0.343,0.278,26.8,25.4,20.39324,78.13201,ERA5,Asia/Kolkata,Open-Meteo Historical Weather API
MH-Yavatmal,2014-03-15,27.3,33.6,21.2,0.0,0.0,0.0,59,5.16,0.346,0.336,0.277,27.1,25.9,20.39324,78.13201,ERA5,Asia/Kolkata,Open-Meteo Historical Weather API
MH-Yavatmal,2014-03-16,27.8,34.3,23.2,0.0,0.0,0.0,58,5.04,0.329,0.326,0.275,27.4,26.2,20.39324,78.13201,ERA5,Asia/Kolkata,Open-Meteo Historical Weather API
MH-Yavatmal,2014-03-17,28.1,35.1,21.4,0.0,0.0,0.0,56,5.44,0.31,0.316,0.271,27.9,26.6,20.39324,78.13201,ERA5,Asia/Kolkata,Open-Meteo Historical Weather API
MH-Yavatmal,2014-03-18,28.3,35.2,22.7,0.0,0.0,0.0,52,5.25,0.289,0.306,0.269,28.0,26.9,20.39324,78.13201,ERA5,Asia/Kolkata,Open-Meteo Historical Weather API
MH-Yavatmal,2014-03-19,28.1,35.5,21.1,0.0,0.0,0.0,49,5.63,0.271,0.295,0.266,27.9,26.9,20.39324,78.13201,ERA5,Asia/Kolkata,Open-Meteo Historical Weather API
MH-Yavatmal,2014-03-20,28.0,35.7,21.5,0.0,0.0,0.0,46,6.0,0.254,0.285,0.263,27.8,26.8,20.39324,78.13201,ERA5,Asia/Kolkata,Open-Meteo Historical Weather API
MH-Yavatmal,2014-03-21,28.3,36.3,21.8,0.0,0.0,0.0,44,6.55,0.239,0.278,0.263,28.3,27.3,20.39324,78.13201,ERA5,Asia/Kolkata,Open-Meteo Historical Weather API
MH-Yavatmal,2014-03-22,27.8,35.3,22.5,0.0,0.0,0.0,35,7.24,0.228,0.272,0.263,28.1,27.3,20.39324,78.13201,ERA5,Asia/Kolkata,Open-Meteo Historical Weather API
MH-Yavatmal,2014-03-23,27.3,35.9,19.0,0.0,0.0,0.0,40,6.19,0.219,0.266,0.263,28.0,27.2,20.39324,78.13201,ERA5,Asia/Kolkata,Open-Meteo Historical Weather API
MH-Yavatmal,2014-03-24,29.3,36.0,21.8,0.0,0.0,0.0,42,5.66,0.212,0.262,0.264,28.6,27.6,20.39324,78.13201,ERA5,Asia/Kolkata,Open-Meteo Historical Weather API
MH-Yavatmal,2014-03-25,29.2,35.5,24.9,0.0,0.0,0.0,46,5.22,0.208,0.262,0.267,29.5,28.3,20.39324,78.13201,ERA5,Asia/Kolkata,Open-Meteo Historical Weather API
MH-Yavatmal,2014-03-26,30.2,37.4,23.5,0.0,0.0,0.0,46,6.1,0.206,0.258,0.267,30.3,28.7,20.39324,78.13201,ERA5,Asia/Kolkata,Open-Meteo Historical Weather API
MH-Yavatmal,2014-03-27,30.8,37.7,24.7,0.0,0.0,0.0,44,6.57,0.203,0.254,0.268,30.8,29.5,20.39324,78.13201,ERA5,Asia/Kolkata,Open-Meteo Historical Weather API
MH-Yavatmal,2014-03-28,31.0,38.7,23.6,0.0,0.0,0.0,41,6.59,0.198,0.248,0.266,31.0,29.6,20.39324,78.13201,ERA5,Asia/Kolkata,Open-Meteo Historical Weather API
MH-Yavatmal,2014-03-29,31.2,38.4,24.4,0.0,0.0,0.0,38,6.81,0.196,0.242,0.264,31.7,30.2,20.39324,78.13201,ERA5,Asia/Kolkata,Open-Meteo Historical Weather API
MH-Yavatmal,2014-03-30,31.5,39.3,24.3,0.0,0.0,0.0,32,6.36,0.195,0.24,0.265,31.6,30.5,20.39324,78.13201,ERA5,Asia/Kolkata,Open-Meteo Historical Weather API
MH-Yavatmal,2014-03-31,31.5,39.2,22.9,0.0,0.0,0.0,32,6.83,0.193,0.236,0.264,31.7,30.5,20.39324,78.13201,ERA5,Asia/Kolkata,Open-Meteo Historical Weather API
MH-Yavatmal,2014-04-01,30.7,37.5,24.5,0.0,0.0,0.0,30,7.35,0.19,0.232,0.263,31.6,30.8,20.39324,78.13201,ERA5,Asia/Kolkata,Open-Meteo Historical Weather API
MH-Yavatmal,2014-04-02,29.9,37.4,23.7,0.0,0.0,0.0,28,7.78,0.19,0.228,0.262,31.1,30.5,20.39324,78.13201,ERA5,Asia/Kolkata,Open-Meteo Historical Weather API
MH-Yavatmal,2014-04-03,29.8,38.0,22.5,0.0,0.0,0.0,29,7.48,0.19,0.225,0.261,30.9,30.3,20.39324,78.13201,ERA5,Asia/Kolkata,Open-Meteo Historical Weather API
MH-Yavatmal,2014-04-04,30.1,38.1,22.2,0.0,0.0,0.0,30,7.13,0.188,0.222,0.259,30.9,30.2,20.39324,78.13201,ERA5,Asia/Kolkata,Open-Meteo Historical Weather API
MH-Yavatmal,2014-04-05,30.5,38.6,22.8,0.0,0.0,0.0,30,6.9,0.188,0.22,0.259,31.2,30.3,20.39324,78.13201,ERA5,Asia/Kolkata,Open-Meteo Historical Weather API
MH-Yavatmal,2014-04-06,31.4,40.3,22.4,0.0,0.0,0.0,33,7.01,0.191,0.223,0.263,31.9,30.7,20.39324,78.13201,ERA5,Asia/Kolkata,Open-Meteo Historical Weather API
MH-Yavatmal,2014-04-07,32.2,39.8,24.7,0.0,0.0,0.0,33,6.95,0.19,0.222,0.262,32.9,31.5,20.39324,78.13201,ERA5,Asia/Kolkata,Open-Meteo Historical Weather API
MH-Yavatmal,2014-04-08,30.9,37.2,26.0,0.0,0.0,0.0,36,6.95,0.193,0.225,0.266,32.5,31.9,20.39324,78.13201,ERA5,Asia/Kolkata,Open-Meteo Historical Weather API
MH-Yavatmal,2014-04-09,30.2,37.9,24.1,0.2,0.2,2.0,35,6.71,0.196,0.228,0.27,31.6,31.4,20.39324,78.13201,ERA5,Asia/Kolkata,Open-Meteo Historical Weather API
MH-Yavatmal,2014-04-10,30.7,38.2,24.0,0.0,0.0,0.0,29,7.96,0.196,0.229,0.271,31.7,31.0,20.39324,78.13201,ERA5,Asia/Kolkata,Open-Meteo Historical Weather API
MH-Yavatmal,2014-04-11,30.5,38.4,22.4,0.0,0.0,0.0,27,7.83,0.192,0.225,0.268,31.8,30.9,20.39324,78.13201,ERA5,Asia/Kolkata,Open-Meteo Historical Weather API
MH-Yavatmal,2014-04-12,30.6,38.7,23.4,0.0,0.0,0.0,28,7.28,0.191,0.223,0.267,31.9,31.1,20.39324,78.13201,ERA5,Asia/Kolkata,Open-Meteo Historical Weather API
MH-Yavatmal,2014-04-13,30.8,39.5,22.4,0.0,0.0,0.0,33,7.66,0.194,0.225,0.27,31.9,31.1,20.39324,78.13201,ERA5,Asia/Kolkata,Open-Meteo Historical Weather API
MH-Yavatmal,2014-04-14,30.4,37.5,25.0,0.4,0.4,1.0,48,6.78,0.201,0.225,0.27,32.5,31.7,20.39324,78.13201,ERA5,Asia/Kolkata,Open-Meteo Historical Weather API
MH-Yavatmal,2014-04-15,30.8,37.4,24.9,0.0,0.0,0.0,49,6.25,0.217,0.23,0.275,32.2,31.7,20.39324,78.13201,ERA5,Asia/Kolkata,Open-Meteo Historical Weather API
MH-Yavatmal,2014-04-16,31.8,39.6,25.2,0.0,0.0,0.0,43,6.78,0.212,0.231,0.276,32.8,31.8,20.39324,78.13201,ERA5,Asia/Kolkata,Open-Meteo Historical Weather API
MH-Yavatmal,2014-04-17,32.6,40.3,26.3,0.0,0.0,0.0,36,7.19,0.205,0.228,0.275,33.2,32.1,20.39324,78.13201,ERA5,Asia/Kolkata,Open-Meteo Historical Weather API
MH-Yavatmal,2014-04-18,31.1,38.3,25.2,0.1,0.1,1.0,40,6.24,0.202,0.228,0.276,32.9,32.3,20.39324,78.13201,ERA5,Asia/Kolkata,Open-Meteo Historical Weather API
MH-Yavatmal,2014-04-19,30.6,38.1,24.2,0.0,0.0,0.0,44,6.41,0.203,0.229,0.277,32.8,32.2,20.39324,78.13201,ERA5,Asia/Kolkata,Open-Meteo Historical Weather API
MH-Yavatmal,2014-04-20,30.6,37.4,24.1,0.5,0.5,1.0,46,6.11,0.201,0.23,0.278,32.7,32.2,20.39324,78.13201,ERA5,Asia/Kolkata,Open-Meteo Historical Weather API
MH-Yavatmal,2014-04-21,31.3,38.1,25.1,0.0,0.0,0.0,40,6.65,0.198,0.227,0.277,33.0,32.2,20.39324,78.13201,ERA5,Asia/Kolkata,Open-Meteo Historical Weather API
MH-Yavatmal,2014-04-22,31.0,36.5,25.5,0.6,0.6,2.0,43,6.49,0.201,0.227,0.277,33.0,32.4,20.39324,78.13201,ERA5,Asia/Kolkata,Open-Meteo Historical Weather API
MH-Yavatmal,2014-04-23,31.4,38.1,24.9,0.0,0.0,0.0,43,6.16,0.205,0.232,0.281,32.8,32.4,20.39324,78.13201,ERA5,Asia/Kolkata,Open-Meteo Historical Weather API
MH-Yavatmal,2014-04-24,32.7,39.8,25.9,0.0,0.0,0.0,38,6.25,0.198,0.229,0.28,33.4,32.5,20.39324,78.13201,ERA5,Asia/Kolkata,Open-Meteo Historical Weather API
MH-Yavatmal,2014-04-25,33.1,41.2,25.0,0.0,0.0,0.0,32,7.0,0.191,0.223,0.275,33.6,32.4,20.39324,78.13201,ERA5,Asia/Kolkata,Open-Meteo Historical Weather API
MH-Yavatmal,2014-04-26,33.6,41.8,24.4,0.0,0.0,0.0,29,7.27,0.187,0.218,0.272,34.2,32.9,20.39324,78.13201,ERA5,Asia/Kolkata,Open-Meteo Historical Weather API
MH-Yavatmal,2014-04-27,33.1,42.0,25.0,0.0,0.0,0.0,31,6.66,0.188,0.218,0.27,34.0,33.1,20.39324,78.13201,ERA5,Asia/Kolkata,Open-Meteo Historical Weather API
MH-Yavatmal,2014-04-28,34.3,42.4,26.6,0.0,0.0,0.0,31,7.27,0.19,0.217,0.27,34.7,33.3,20.39324,78.13201,ERA5,Asia/Kolkata,Open-Meteo Historical Weather API
MH-Yavatmal,2014-04-29,33.7,41.7,27.5,0.0,0.0,0.0,33,7.08,0.191,0.215,0.268,34.8,33.6,20.39324,78.13201,ERA5,Asia/Kolkata,Open-Meteo Historical Weather API
MH-Yavatmal,2014-04-30,33.3,40.9,28.6,0.0,0.0,0.0,39,7.31,0.193,0.218,0.271,35.1,34.0,20.39324,78.13201,ERA5,Asia/Kolkata,Open-Meteo Historical Weather API
MH-Yavatmal,2014-05-01,34.4,41.9,27.5,0.0,0.0,0.0,29,8.39,0.19,0.218,0.271,35.1,34.0,20.39324,78.13201,ERA5,Asia/Kolkata,Open-Meteo Historical Weather API
MH-Yavatmal,2014-05-02,34.2,42.0,26.3,0.0,0.0,0.0,26,7.94,0.186,0.216,0.269,35.4,34.1,20.39324,78.13201,ERA5,Asia/Kolkata,Open-Meteo Historical Weather API
MH-Yavatmal,2014-05-03,33.4,39.5,28.1,0.3,0.3,2.0,31,7.57,0.189,0.218,0.27,35.2,34.3,20.39324,78.13201,ERA5,Asia/Kolkata,Open-Meteo Historical Weather API
MH-Yavatmal,2014-05-04,32.3,38.6,27.5,0.4,0.4,1.0,37,7.19,0.197,0.222,0.274,34.0,34.0,20.39324,78.13201,ERA5,Asia/Kolkata,Open-Meteo Historical Weather API
MH-Yavatmal,2014-05-05,31.5,38.1,27.0,0.9,0.9,2.0,42,6.81,0.201,0.222,0.274,33.7,33.5,20.39324,78.13201,ERA5,Asia/Kolkata,Open-Meteo Historical Weather API
MH-Yavatmal,2014-05-06,30.3,37.2,25.3,1.9,1.9,1.0,50,6.47,0.216,0.223,0.274,33.0,33.0,20.39324,78.13201,ERA5,Asia/Kolkata,Open-Meteo Historical Weather API
MH-Yavatmal,2014-05-07,31.7,38.2,26.2,0.0,0.0,0.0,49,6.48,0.218,0.219,0.271,33.4,32.8,20.39324,78.13201,ERA5,Asia/Kolkata,Open-Meteo Historical Weather API
MH-Yavatmal,2014-05-08,31.6,36.7,27.6,0.0,0.0,0.0,48,7.12,0.215,0.221,0.272,33.6,33.4,20.39324,78.13201,ERA5,Asia/Kolkata,Open-Meteo Historical Weather API
MH-Yavatmal,2014-05-09,28.3,32.4,25.2,0.0,0.0,0.0,57,3.85,0.216,0.227,0.277,30.5,32.4,20.39324,78.13201,ERA5,Asia/Kolkata,Open-Meteo Historical Weather API
MH-Yavatmal,2014-05-10,30.7,38.0,22.4,0.0,0.0,0.0,46,6.73,0.21,0.227,0.277,32.2,31.5,20.39324,78.13201,ERA5,Asia/Kolkata,Open-Meteo Historical Weather API
MH-Yavatmal,2014-05-11,32.7,39.2,26.6,0.0,0.0,0.0,31,8.58,0.199,0.221,0.273,33.6,32.3,20.39324,78.13201,ERA5,Asia/Kolkata,Open-Meteo Historical Weather API
MH-Yavatmal,2014-05-12,33.2,39.3,27.4,0.0,0.0,0.0,31,8.89,0.191,0.215,0.268,34.2,32.8,20.39324,78.13201,ERA5,Asia/Kolkata,Open-Meteo Historical Weather API
MH-Yavatmal,2014-05-13,32.8,38.7,27.9,0.0,0.0,0.0,34,7.83,0.188,0.211,0.265,34.4,33.3,20.39324,78.13201,ERA5,Asia/Kolkata,Open-Meteo Historical Weather API
MH-Yavatmal,2014-05-14,31.8,38.9,27.7,0.0,0.0,0.0,33,7.92,0.192,0.213,0.266,33.7,33.3,20.39324,78.13201,ERA5,Asia/Kolkata,Open-Meteo Historical Weather API
MH-Yavatmal,2014-05-15,31.9,37.6,25.5,0.0,0.0,0.0,36,7.39,0.192,0.214,0.267,33.3,33.0,20.39324,78.13201,ERA5,Asia/Kolkata,Open-Meteo Historical Weather API
MH-Yavatmal,2014-05-16,32.6,39.6,27.3,0.0,0.0,0.0,36,7.52,0.189,0.212,0.265,33.9,33.1,20.39324,78.13201,ERA5,Asia/Kolkata,Open-Meteo Historical Weather API
MH-Yavatmal,2014-05-17,33.0,38.8,27.9,0.0,0.0,0.0,35,7.72,0.188,0.21,0.263,34.4,33.4,20.39324,78.13201,ERA5,Asia/Kolkata,Open-Meteo Historical Weather API
MH-Yavatmal,2014-05-18,33.8,41.1,27.3,0.0,0.0,0.0,32,7.41,0.185,0.207,0.259,35.1,33.9,20.39324,78.13201,ERA5,Asia/Kolkata,Open-Meteo Historical Weather API
MH-Yavatmal,2014-05-19,34.7,41.5,29.3,0.0,0.0,0.0,33,7.2,0.183,0.205,0.257,36.0,34.6,20.39324,78.13201,ERA5,Asia/Kolkata,Open-Meteo Historical Weather API
MH-Yavatmal,2014-05-20,34.4,41.2,28.9,0.0,0.0,0.0,36,6.72,0.184,0.206,0.257,36.6,35.3,20.39324,78.13201,ERA5,Asia/Kolkata,Open-Meteo Historical Weather API
MH-Yavatmal,2014-05-21,34.3,41.1,29.4,0.0,0.0,0.0,36,7.09,0.187,0.207,0.257,35.7,35.2,20.39324,78.13201,ERA5,Asia/Kolkata,Open-Meteo Historical Weather API
MH-Yavatmal,2014-05-22,35.0,42.5,28.6,0.0,0.0,0.0,24,9.09,0.185,0.205,0.254,35.9,34.9,20.39324,78.13201,ERA5,Asia/Kolkata,Open-Meteo Historical Weather API
MH-Yavatmal,2014-05-23,35.7,42.4,30.1,0.0,0.0,0.0,23,9.59,0.183,0.201,0.25,36.4,35.1,20.39324,78.13201,ERA5,Asia/Kolkata,Open-Meteo Historical Weather API
MH-Yavatmal,2014-05-24,36.3,42.6,31.2,0.0,0.0,0.0,23,8.55,0.179,0.198,0.246,37.0,35.5,20.39324,78.13201,ERA5,Asia/Kolkata,Open-Meteo Historical Weather API
MH-Yavatmal,2014-05-25,36.2,42.8,31.4,0.0,0.0,0.0,25,9.34,0.179,0.199,0.246,37.4,36.0,20.39324,78.13201,ERA5,Asia/Kolkata,Open-Meteo Historical Weather API
MH-Yavatmal,2014-05-26,33.2,39.1,29.0,0.0,0.0,0.0,41,7.24,0.183,0.202,0.248,36.2,36.0,20.39324,78.13201,ERA5,Asia/Kolkata,Open-Meteo Historical Weather API
MH-Yavatmal,2014-05-27,33.6,39.1,28.6,0.0,0.0,0.0,37,7.44,0.185,0.207,0.251,36.1,35.6,20.39324,78.13201,ERA5,Asia/Kolkata,Open-Meteo Historical Weather API
MH-Yavatmal,2014-05-28,34.3,41.7,28.1,0.0,0.0,0.0,30,7.66,0.185,0.207,0.251,36.2,35.4,20.39324,78.13201,ERA5,Asia/Kolkata,Open-Meteo Historical Weather API
MH-Yavatmal,2014-05-29,35.0,42.9,28.5,0.0,0.0,0.0,31,7.28,0.186,0.207,0.25,36.4,35.4,20.39324,78.13201,ERA5,Asia/Kolkata,Open-Meteo Historical Weather API
MH-Yavatmal,2014-05-30,35.9,41.6,31.1,0.0,0.0,0.0,31,8.95,0.184,0.205,0.248,36.9,35.6,20.39324,78.13201,ERA5,Asia/Kolkata,Open-Meteo Historical Weather API
MH-Yavatmal,2014-05-31,36.4,43.0,30.8,0.0,0.0,0.0,30,9.53,0.181,0.202,0.245,37.8,36.2,20.39324,78.13201,ERA5,Asia/Kolkata,Open-Meteo Historical Weather API
MH-Yavatmal,2014-06-01,36.7,43.3,31.1,0.0,0.0,0.0,27,9.06,0.181,0.201,0.243,38.1,36.7,20.39324,78.13201,ERA5,Asia/Kolkata,Open-Meteo Historical Weather API
MH-Yavatmal,2014-06-02,36.7,42.8,31.9,0.0,0.0,0.0,29,8.46,0.183,0.204,0.244,38.5,37.1,20.39324,78.13201,ERA5,Asia/Kolkata,Open-Meteo Historical Weather API
MH-Yavatmal,2014-06-03,35.0,41.5,29.1,0.0,0.0,0.0,32,6.98,0.19,0.209,0.248,37.0,37.1,20.39324,78.13201,ERA5,Asia/Kolkata,Open-Meteo Historical Weather API
MH-Yavatmal,2014-06-04,35.6,43.5,28.7,0.0,0.0,0.0,32,7.39,0.189,0.209,0.248,37.3,36.6,20.39324,78.13201,ERA5,Asia/Kolkata,Open-Meteo Historical Weather API
MH-Yavatmal,2014-06-05,35.9,42.5,30.0,0.0,0.0,0.0,33,7.8,0.186,0.208,0.246,37.1,36.6,20.39324,78.13201,ERA5,Asia/Kolkata,Open-Meteo Historical Weather API
MH-Yavatmal,2014-06-06,37.1,43.1,31.5,0.0,0.0,0.0,31,9.19,0.184,0.204,0.243,37.8,36.7,20.39324,78.13201,ERA5,Asia/Kolkata,Open-Meteo Historical Weather API
MH-Yavatmal,2014-06-07,37.2,43.2,32.3,0.0,0.0,0.0,31,10.22,0.182,0.202,0.241,38.5,37.2,20.39324,78.13201,ERA5,Asia/Kolkata,Open-Meteo Historical Weather API
MH-Yavatmal,2014-06-08,36.9,42.6,31.9,0.0,0.0,0.0,30,10.28,0.182,0.201,0.24,38.5,37.4,20.39324,78.13201,ERA5,Asia/Kolkata,Open-Meteo Historical Weather API
MH-Yavatmal,2014-06-09,36.3,40.9,31.9,0.0,0.0,0.0,29,10.76,0.182,0.2,0.238,38.4,37.5,20.39324,78.13201,ERA5,Asia/Kolkata,Open-Meteo Historical Weather API
MH-Yavatmal,2014-06-10,35.7,41.2,31.1,0.0,0.0,0.0,33,9.06,0.182,0.202,0.239,37.9,37.2,20.39324,78.13201,ERA5,Asia/Kolkata,Open-Meteo Historical Weather API
MH-Yavatmal,2014-06-11,33.8,39.5,29.9,0.5,0.5,2.0,44,8.08,0.182,0.2,0.237,36.7,36.9,20.39324,78.13201,ERA5,Asia/Kolkata,Open-Meteo Historical Weather API
MH-Yavatmal,2014-06-12,32.0,37.5,26.8,0.8,0.8,2.0,53,7.25,0.186,0.201,0.238,35.3,35.9,20.39324,78.13201,ERA5,Asia/Kolkata,Open-Meteo Historical Weather API
MH-Yavatmal,2014-06-13,33.1,38.2,29.3,0.1,0.1,1.0,44,8.15,0.183,0.199,0.235,35.5,35.5,20.39324,78.13201,ERA5,Asia/Kolkata,Open-Meteo Historical Weather API
MH-Yavatmal,2014-06-14,31.6,36.7,27.1,1.0,1.0,2.0,49,7.48,0.19,0.2,0.236,34.7,35.3,20.39324,78.13201,ERA5,Asia/Kolkata,Open-Meteo Historical Weather API
MH-Yavatmal,2014-06-15,31.6,37.2,27.9,0.1,0.1,1.0,51,7.52,0.197,0.2,0.236,34.6,34.9,20.39324,78.13201,ERA5,Asia/Kolkata,Open-Meteo Historical Weather API
MH-Yavatmal,2014-06-16,32.1,38.1,27.9,0.1,0.1,1.0,49,7.81,0.195,0.199,0.234,34.8,34.8,20.39324,78.13201,ERA5,Asia/Kolkata,Open-Meteo Historical Weather API
MH-Yavatmal,2014-06-17,32.0,37.8,28.1,0.0,0.0,0.0,51,7.31,0.192,0.199,0.234,34.9,34.9,20.39324,78.13201,ERA5,Asia/Kolkata,Open-Meteo Historical Weather API
MH-Yavatmal,2014-06-18,29.1,32.7,25.0,0.9,0.9,5.0,58,3.43,0.202,0.201,0.237,31.3,33.6,20.39324,78.13201,ERA5,Asia/Kolkata,Open-Meteo Historical Weather API
MH-Yavatmal,2014-06-19,29.5,34.0,24.3,4.8,4.8,7.0,61,4.99,0.246,0.201,0.236,31.2,32.0,20.39324,78.13201,ERA5,Asia/Kolkata,Open-Meteo Historical Weather API
MH-Yavatmal,2014-06-20,31.7,36.7,27.1,0.0,0.0,0.0,52,6.86,0.239,0.201,0.236,32.8,32.3,20.39324,78.13201,ERA5,Asia/Kolkata,Open-Meteo Historical Weather API
MH-Yavatmal,2014-06-21,31.9,36.3,27.9,0.0,0.0,0.0,47,6.96,0.227,0.201,0.235,32.9,33.0,20.39324,78.13201,ERA5,Asia/Kolkata,Open-Meteo Historical Weather API
MH-Yavatmal,2014-06-22,32.6,37.9,27.9,0.0,0.0,0.0,43,7.83,0.215,0.2,0.234,33.7,33.1,20.39324,78.13201,ERA5,Asia/Kolkata,Open-Meteo Historical Weather API
MH-Yavatmal,2014-06-23,32.7,37.3,28.1,0.0,0.0,0.0,44,8.33,0.207,0.198,0.231,34.2,33.3,20.39324,78.13201,ERA5,Asia/Kolkata,Open-Meteo Historical Weather API
MH-Yavatmal,2014-06-24,32.7,37.7,28.1,0.0,0.0,0.0,42,8.87,0.198,0.197,0.229,34.7,33.7,20.39324,78.13201,ERA5,Asia/Kolkata,Open-Meteo Historical Weather API
MH-Yavatmal,2014-06-25,32.8,37.4,28.4,0.0,0.0,0.0,42,8.88,0.192,0.196,0.228,34.9,34.0,20.39324,78.13201,ERA5,Asia/Kolkata,Open-Meteo Historical Weather API
MH-Yavatmal,2014-06-26,31.7,36.6,26.9,0.0,0.0,0.0,45,8.01,0.191,0.197,0.23,34.4,34.2,20.39324,78.13201,ERA5,Asia/Kolkata,Open-Meteo Historical Weather API
MH-Yavatmal,2014-06-27,31.6,37.1,28.1,0.0,0.0,0.0,45,5.7,0.194,0.2,0.234,33.4,34.1,20.39324,78.13201,ERA5,Asia/Kolkata,Open-Meteo Historical Weather API
MH-Yavatmal,2014-06-28,27.9,33.5,24.9,6.5,6.5,13.0,70,2.48,0.227,0.2,0.234,30.0,32.1,20.39324,78.13201,ERA5,Asia/Kolkata,Open-Meteo Historical Weather API
MH-Yavatmal,2014-06-29,30.8,34.6,27.2,0.0,0.0,0.0,50,5.61,0.255,0.203,0.237,31.2,30.8,20.39324,78.13201,ERA5,Asia/Kolkata,Open-Meteo Historical Weather API
MH-Yavatmal,2014-06-30,32.5,37.9,27.2,0.0,0.0,0.0,41,8.39,0.237,0.202,0.236,33.1,32.0,20.39324,78.13201,ERA5,Asia/Kolkata,Open-Meteo Historical Weather API
MH-Yavatmal,2014-07-01,33.1,38.2,28.1,0.0,0.0,0.0,38,8.78,0.217,0.198,0.231,34.3,33.1,20.39324,78.13201,ERA5,Asia/Kolkata,Open-Meteo Historical Weather API
MH-Yavatmal,2014-07-02,33.2,38.3,28.0,0.0,0.0,0.0,41,8.99,0.203,0.196,0.227,34.6,33.7,20.39324,78.13201,ERA5,Asia/Kolkata,Open-Meteo Historical Weather API
MH-Yavatmal,2014-07-03,32.3,37.9,27.8,0.2,0.2,1.0,47,8.27,0.199,0.195,0.225,34.4,34.0,20.39324,78.13201,ERA5,Asia/Kolkata,Open-Meteo Historical Weather API
MH-Yavatmal,2014-07-04,31.6,35.7,27.4,0.0,0.0,0.0,48,6.58,0.199,0.195,0.225,33.4,33.6,20.39324,78.13201,ERA5,Asia/Kolkata,Open-Meteo Historical Weather API
MH-Yavatmal,2014-07-05,29.9,35.8,26.0,2.2,2.2,3.0,55,5.75,0.208,0.197,0.228,32.7,33.4,20.39324,78.13201,ERA5,Asia/Kolkata,Open-Meteo Historical Weather API
MH-Yavatmal,2014-07-06,28.0,32.3,25.3,0.3,0.3,2.0,66,2.86,0.23,0.206,0.237,30.0,31.8,20.39324,78.13201,ERA5,Asia/Kolkata,Open-Meteo Historical Weather API
MH-Yavatmal,2014-07-07,29.1,35.3,25.4,0.9,0.9,1.0,64,4.44,0.233,0.214,0.244,30.5,31.0,20.39324,78.13201,ERA5,Asia/Kolkata,Open-Meteo Historical Weather API
MH-Yavatmal,2014-07-08,28.7,32.1,26.6,3.6,3.6,11.0,65,4.54,0.261,0.217,0.247,30.3,31.0,20.39324,78.13201,ERA5,Asia/Kolkata,Open-Meteo Historical Weather API
MH-Yavatmal,2014-07-09,26.6,29.5,24.6,16.2,16.2,16.0,80,2.12,0.376,0.233,0.249,28.0,29.8,20.39324,78.13201,ERA5,Asia/Kolkata,Open-Meteo Historical Weather API
MH-Yavatmal,2014-07-10,28.5,33.7,24.8,1.9,1.9,9.0,69,4.47,0.363,0.255,0.246,29.1,29.2,20.39324,78.13201,ERA5,Asia/Kolkata,Open-Meteo Historical Weather API
MH-Yavatmal,2014-07-11,28.0,33.1,25.6,1.6,1.6,4.0,65,4.58,0.333,0.257,0.245,29.1,29.7,20.39324,78.13201,ERA5,Asia/Kolkata,Open-Meteo Historical Weather API
MH-Yavatmal,2014-07-12,27.3,32.2,23.6,10.2,10.2,14.0,70,3.32,0.368,0.263,0.245,27.9,29.0,20.39324,78.13201,ERA5,Asia/Kolkata,Open-Meteo Historical Weather API
MH-Yavatmal,2014-07-13,27.1,31.3,24.3,6.8,6.8,14.0,75,2.98,0.401,0.282,0.243,27.7,28.4,20.39324,78.13201,ERA5,Asia/Kolkata,Open-Meteo Historical Weather API
MH-Yavatmal,2014-07-14,26.1,28.4,24.4,19.5,19.5,19.0,80,2.56,0.431,0.333,0.242,27.0,28.0,20.39324,78.13201,ERA5,Asia/Kolkata,Open-Meteo Historical Weather API
MH-Yavatmal,2014-07-15,24.7,27.0,23.6,12.9,12.9,24.0,87,1.77,0.437,0.381,0.243,26.0,27.3,20.39324,78.13201,ERA5,Asia/Kolkata,Open-Meteo Historical Weather API
MH-Yavatmal,2014-07-16,26.5,29.0,23.5,1.1,1.1,3.0,77,3.22,0.419,0.397,0.247,26.8,27.0,20.39324,78.13201,ERA5,Asia/Kolkata,Open-Meteo Historical Weather API
MH-Yavatmal,2014-07-17,28.1,31.7,25.6,0.3,0.3,2.0,69,4.45,0.396,0.389,0.249,28.3,27.9,20.39324,78.13201,ERA5,Asia/Kolkata,Open-Meteo Historical Weather API
MH-Yavatmal,2014-07-18,28.1,32.2,25.7,1.5,1.5,6.0,69,4.11,0.379,0.377,0.251,28.4,28.4,20.39324,78.13201,ERA5,Asia/Kolkata,Open-Meteo Historical Weather API
MH-Yavatmal,2014-07-19,25.4,27.0,23.7,37.4,37.4,22.0,84,1.98,0.442,0.407,0.254,26.6,27.5,20.39324,78.13201,ERA5,Asia/Kolkata,Open-Meteo Historical Weather API
MH-Yavatmal,2014-07-20,24.7,26.7,22.9,19.2,19.2,12.0,84,1.89,0.455,0.451,0.279,25.5,26.4,20.39324,78.13201,ERA5,Asia/Kolkata,Open-Meteo Historical Weather API
MH-Yavatmal,2014-07-21,24.5,25.7,23.3,22.1,22.1,23.0,85,1.6,0.455,0.443,0.296,24.8,25.9,20.39324,78.13201,ERA5,Asia/Kolkata,Open-Meteo Historical Weather API
MH-Yavatmal,2014-07-22,23.3,24.1,22.7,72.2,72.2,24.0,89,1.26,0.465,0.462,0.333,23.9,25.1,20.39324,78.13201,ERA5,Asia/Kolkata,Open-Meteo Historical Weather API
MH-Yavatmal,2014-07-23,22.6,24.1,21.2,80.0,80.0,16.0,81,2.19,0.461,0.46,0.397,23.0,24.5,20.39324,78.13201,ERA5,Asia/Kolkata,Open-Meteo Historical Weather API
MH-Yavatmal,2014-07-24,24.8,29.0,21.4,2.5,2.5,7.0,74,3.89,0.432,0.435,0.406,25.0,25.1,20.39324,78.13201,ERA5,Asia/Kolkata,Open-Meteo Historical Weather API
MH-Yavatmal,2014-07-25,25.6,29.0,22.6,3.0,3.0,9.0,77,4.08,0.43,0.423,0.404,26.1,25.9,20.39324,78.13201,ERA5,Asia/Kolkata,Open-Meteo Historical Weather API
MH-Yavatmal,2014-07-26,25.7,29.3,22.9,10.0,10.0,14.0,80,3.38,0.442,0.43,0.403,26.3,26.5,20.39324,78.13201,ERA5,Asia/Kolkata,Open-Meteo Historical Weather API
MH-Yavatmal,2014-07-27,24.2,25.4,23.4,9.8,9.8,14.0,89,1.6,0.448,0.437,0.403,25.4,26.2,20.39324,78.13201,ERA5,Asia/Kolkata,Open-Meteo Historical Weather API
MH-Yavatmal,2014-07-28,24.4,25.6,23.6,47.9,47.9,24.0,90,1.09,0.464,0.463,0.416,24.8,25.4,20.39324,78.13201,ERA5,Asia/Kolkata,Open-Meteo Historical Weather API
MH-Yavatmal,2014-07-29,25.8,28.7,23.3,12.6,12.6,17.0,81,3.16,0.46,0.461,0.435,25.7,25.4,20.39324,78.13201,ERA5,Asia/Kolkata,Open-Meteo Historical Weather API
MH-Yavatmal,2014-07-30,25.2,27.5,24.2,19.6,19.6,15.0,86,2.02,0.456,0.458,0.44,25.7,25.8,20.39324,78.13201,ERA5,Asia/Kolkata,Open-Meteo Historical Weather API
MH-Yavatmal,2014-07-31,26.1,29.2,24.4,13.3,13.3,15.0,84,2.72,0.455,0.457,0.444,26.3,26.0,20.39324,78.13201,ERA5,Asia/Kolkata,Open-Meteo Historical Weather API
MH-Yavatmal,2014-08-01,26.9,30.7,24.0,3.4,3.4,3.0,80,3.82,0.449,0.454,0.445,27.1,26.5,20.39324,78.13201,ERA5,Asia/Kolkata,Open-Meteo Historical Weather API
MH-Yavatmal,2014-08-02,27.0,30.2,24.6,2.5,2.5,5.0,76,3.95,0.439,0.44,0.443,27.2,26.9,20.39324,78.13201,ERA5,Asia/Kolkata,Open-Meteo Historical Weather API
MH-Yavatmal,2014-08-03,27.4,31.5,25.1,7.2,7.2,8.0,74,4.42,0.434,0.434,0.439,27.6,27.1,20.39324,78.13201,ERA5,Asia/Kolkata,Open-Meteo Historical Weather API
MH-Yavatmal,2014-08-04,25.5,26.9,24.3,15.1,15.1,24.0,85,1.71,0.46,0.453,0.439,26.0,26.4,20.39324,78.13201,ERA5,Asia/Kolkata,Open-Meteo Historical Weather API
MH-Yavatmal,2014-08-05,23.8,24.5,23.0,28.3,28.3,24.0,91,1.27,0.464,0.466,0.45,24.5,25.4,20.39324,78.13201,ERA5,Asia/Kolkata,Open-Meteo Historical Weather API
MH-Yavatmal,2014-08-06,25.6,29.7,22.7,2.5,2.5,12.0,79,4.02,0.451,0.456,0.456,25.6,25.4,20.39324,78.13201,ERA5,Asia/Kolkata,Open-Meteo Historical Weather API
MH-Yavatmal,2014-08-07,26.5,30.6,23.0,0.5,0.5,3.0,75,4.35,0.433,0.439,0.451,26.3,26.1,20.39324,78.13201,ERA5,Asia/Kolkata,Open-Meteo Historical Weather API
MH-Yavatmal,2014-08-08,26.8,30.9,23.4,0.1,0.1,1.0,74,4.49,0.417,0.426,0.447,26.9,26.7,20.39324,78.13201,ERA5,Asia/Kolkata,Open-Meteo Historical Weather API
MH-Yavatmal,2014-08-09,27.7,31.4,24.7,0.0,0.0,0.0,71,5.06,0.402,0.415,0.442,27.8,27.0,20.39324,78.13201,ERA5,Asia/Kolkata,Open-Meteo Historical Weather API
MH-Yavatmal,2014-08-10,26.4,28.6,24.8,3.4,3.4,8.0,80,1.76,0.409,0.408,0.438,26.4,26.7,20.39324,78.13201,ERA5,Asia/Kolkata,Open-Meteo Historical Weather API
MH-Yavatmal,2014-08-11,26.7,29.8,23.7,6.6,6.6,6.0,78,2.7,0.435,0.425,0.435,26.5,26.1,20.39324,78.13201,ERA5,Asia/Kolkata,Open-Meteo Historical Weather API
MH-Yavatmal,2014-08-12,27.5,30.7,25.1,0.0,0.0,0.0,72,5.06,0.414,0.421,0.433,27.5,26.6,20.39324,78.13201,ERA5,Asia/Kolkata,Open-Meteo Historical Weather API
MH-Yavatmal,2014-08-13,27.4,30.5,24.6,0.7,0.7,2.0,71,4.38,0.399,0.411,0.43,27.3,26.9,20.39324,78.13201,ERA5,Asia/Kolkata,Open-Meteo Historical Weather API
MH-Yavatmal,2014-08-14,27.2,30.9,24.7,0.0,0.0,0.0,73,4.11,0.386,0.401,0.427,27.2,27.0,20.39324,78.13201,ERA5,Asia/Kolkata,Open-Meteo Historical Weather API
MH-Yavatmal,2014-08-15,27.3,30.8,24.4,0.1,0.1,1.0,71,4.39,0.374,0.391,0.423,27.3,26.9,20.39324,78.13201,ERA5,Asia/Kolkata,Open-Meteo Historical Weather API
MH-Yavatmal,2014-08-16,26.9,30.6,24.1,0.1,0.1,1.0,73,4.44,0.362,0.381,0.42,27.3,27.0,20.39324,78.13201,ERA5,Asia/Kolkata,Open-Meteo Historical Weather API
MH-Yavatmal,2014-08-17,26.8,30.5,24.3,0.6,0.6,3.0,75,4.29,0.355,0.373,0.416,27.5,27.1,20.39324,78.13201,ERA5,Asia/Kolkata,Open-Meteo Historical Weather API
MH-Yavatmal,2014-08-18,27.5,31.5,24.1,0.2,0.2,1.0,73,4.8,0.347,0.366,0.413,28.1,27.4,20.39324,78.13201,ERA5,Asia/Kolkata,Open-Meteo Historical Weather API
MH-Yavatmal,2014-08-19,28.8,33.9,24.9,0.0,0.0,0.0,73,4.59,0.337,0.359,0.41,29.0,28.0,20.39324,78.13201,ERA5,Asia/Kolkata,Open-Meteo Historical Weather API
MH-Yavatmal,2014-08-20,27.6,31.2,24.6,6.0,6.0,11.0,80,4.17,0.366,0.355,0.407,29.1,28.4,20.39324,78.13201,ERA5,Asia/Kolkata,Open-Meteo Historical Weather API
MH-Yavatmal,2014-08-21,26.7,30.9,24.3,14.9,14.9,17.0,86,3.2,0.424,0.369,0.405,28.5,28.2,20.39324,78.13201,ERA5,Asia/Kolkata,Open-Meteo Historical Weather API
MH-Yavatmal,2014-08-22,25.9,30.3,23.7,9.4,9.4,14.0,88,3.1,0.44,0.404,0.403,27.7,28.0,20.39324,78.13201,ERA5,Asia/Kolkata,Open-Meteo Historical Weather API
MH-Yavatmal,2014-08-23,26.8,31.2,23.1,2.3,2.3,9.0,84,4.04,0.421,0.41,0.403,27.9,27.8,20.39324,78.13201,ERA5,Asia/Kolkata,Open-Meteo Historical Weather API
MH-Yavatmal,2014-08-24,27.4,30.8,24.4,1.4,1.4,6.0,80,4.09,0.406,0.403,0.403,28.6,28.2,20.39324,78.13201,ERA5,Asia/Kolkata,Open-Meteo Historical Weather API
MH-Yavatmal,2014-08-25,27.5,31.5,24.6,0.9,0.9,4.0,80,4.41,0.408,0.398,0.401,29.0,28.5,20.39324,78.13201,ERA5,Asia/Kolkata,Open-Meteo Historical Weather API
MH-Yavatmal,2014-08-26,26.1,29.4,23.4,14.4,14.4,14.0,85,3.37,0.441,0.415,0.399,28.1,28.3,20.39324,78.13201,ERA5,Asia/Kolkata,Open-Meteo Historical Weather API
MH-Yavatmal,2014-08-27,26.4,30.9,23.4,14.1,14.1,15.0,83,3.6,0.455,0.448,0.402,27.7,27.7,20.39324,78.13201,ERA5,Asia/Kolkata,Open-Meteo Historical Weather API
MH-Yavatmal,2014-08-28,24.8,27.9,22.5,23.5,23.5,17.0,88,2.52,0.46,0.46,0.416,26.3,27.1,20.39324,78.13201,ERA5,Asia/Kolkata,Open-Meteo Historical Weather API
MH-Yavatmal,2014-08-29,25.4,28.9,22.8,21.6,21.6,20.0,87,3.18,0.459,0.463,0.432,26.8,26.8,20.39324,78.13201,ERA5,Asia/Kolkata,Open-Meteo Historical Weather API
MH-Yavatmal,2014-08-30,26.2,30.7,23.1,39.6,39.6,24.0,87,2.69,0.46,0.464,0.447,27.3,27.0,20.39324,78.13201,ERA5,Asia/Kolkata,Open-Meteo Historical Weather API
MH-Yavatmal,2014-08-31,25.2,27.5,23.8,34.8,34.8,24.0,90,1.67,0.463,0.464,0.462,26.5,26.6,20.39324,78.13201,ERA5,Asia/Kolkata,Open-Meteo Historical Weather API
MH-Yavatmal,2014-09-01,24.5,26.7,23.1,15.5,15.5,24.0,91,1.7,0.46,0.461,0.466,25.9,26.3,20.39324,78.13201,ERA5,Asia/Kolkata,Open-Meteo Historical Weather API
MH-Yavatmal,2014-09-02,24.8,27.1,22.8,5.5,5.5,17.0,85,2.24,0.457,0.457,0.462,25.2,25.7,20.39324,78.13201,ERA5,Asia/Kolkata,Open-Meteo Historical Weather API
MH-Yavatmal,2014-09-03,26.6,30.0,23.8,0.7,0.7,4.0,77,3.67,0.441,0.446,0.457,26.5,26.0,20.39324,78.13201,ERA5,Asia/Kolkata,Open-Meteo Historical Weather API
MH-Yavatmal,2014-09-04,27.0,30.0,24.2,0.1,0.1,1.0,75,4.13,0.426,0.433,0.452,27.0,26.6,20.39324,78.13201,ERA5,Asia/Kolkata,Open-Meteo Historical Weather API
MH-Yavatmal,2014-09-05,26.1,28.3,24.7,5.4,5.4,5.0,79,2.96,0.424,0.426,0.448,26.4,26.6,20.39324,78.13201,ERA5,Asia/Kolkata,Open-Meteo Historical Weather API
MH-Yavatmal,2014-09-06,25.6,28.9,23.7,4.9,4.9,9.0,80,2.85,0.43,0.429,0.445,26.1,26.1,20.39324,78.13201,ERA5,Asia/Kolkata,Open-Meteo Historical Weather API
MH-Yavatmal,2014-09-07,23.1,23.8,22.6,50.8,50.8,24.0,93,0.93,0.464,0.459,0.454,24.3,25.3,20.39324,78.13201,ERA5,Asia/Kolkata,Open-Meteo Historical Weather API
MH-Yavatmal,2014-09-08,23.9,25.8,22.3,13.7,13.7,10.0,83,2.27,0.454,0.454,0.465,24.3,24.7,20.39324,78.13201,ERA5,Asia/Kolkata,Open-Meteo Historical Weather API
MH-Yavatmal,2014-09-09,23.8,25.2,22.2,0.1,0.1,1.0,79,1.9,0.437,0.44,0.459,24.0,24.4,20.39324,78.13201,ERA5,Asia/Kolkata,Open-Meteo Historical Weather API
MH-Yavatmal,2014-09-10,24.6,27.2,22.4,5.7,5.7,16.0,84,1.72,0.445,0.439,0.454,24.3,24.2,20.39324,78.13201,ERA5,Asia/Kolkata,Open-Meteo Historical Weather API
MH-Yavatmal,2014-09-11,25.7,28.5,23.5,3.9,3.9,9.0,84,3.08,0.447,0.445,0.451,25.7,24.8,20.39324,78.13201,ERA5,Asia/Kolkata,Open-Meteo Historical Weather API
MH-Yavatmal,2014-09-12,26.2,30.6,23.1,0.0,0.0,0.0,77,4.49,0.432,0.438,0.446,26.4,25.7,20.39324,78.13201,ERA5,Asia/Kolkata,Open-Meteo Historical Weather API
MH-Yavatmal,2014-09-13,26.2,29.5,24.2,3.3,3.3,4.0,80,3.77,0.428,0.429,0.441,26.7,26.1,20.39324,78.13201,ERA5,Asia/Kolkata,Open-Meteo Historical Weather API
MH-Yavatmal,2014-09-14,25.8,28.8,23.8,2.7,2.7,4.0,83,3.65,0.43,0.428,0.436,26.6,26.2,20.39324,78.13201,ERA5,Asia/Kolkata,Open-Meteo Historical Weather API
MH-Yavatmal,2014-09-15,26.1,29.9,23.3,0.5,0.5,2.0,81,4.03,0.421,0.423,0.431,26.6,26.3,20.39324,78.13201,ERA5,Asia/Kolkata,Open-Meteo Historical Weather API
MH-Yavatmal,2014-09-16,26.7,31.2,23.4,0.3,0.3,1.0,78,4.35,0.41,0.415,0.427,26.9,26.6,20.39324,78.13201,ERA5,Asia/Kolkata,Open-Meteo Historical Weather API
MH-Yavatmal,2014-09-17,27.3,31.5,24.0,0.2,0.2,1.0,77,4.52,0.397,0.406,0.422,27.4,26.9,20.39324,78.13201,ERA5,Asia/Kolkata,Open-Meteo Historical Weather API
MH-Yavatmal,2014-09-18,27.2,30.7,24.5,0.9,0.9,2.0,79,4.36,0.385,0.397,0.417,27.8,27.2,20.39324,78.13201,ERA5,Asia/Kolkata,Open-Meteo Historical Weather API
MH-Yavatmal,2014-09-19,27.9,32.1,24.7,2.0,2.0,2.0,76,4.74,0.379,0.388,0.413,28.1,27.4,20.39324,78.13201,ERA5,Asia/Kolkata,Open-Meteo Historical Weather API
MH-Yavatmal,2014-09-20,27.5,31.4,25.2,0.1,0.1,1.0,75,4.26,0.372,0.381,0.408,27.8,27.5,20.39324,78.13201,ERA5,Asia/Kolkata,Open-Meteo Historical Weather API
MH-Yavatmal,2014-09-21,27.2,31.2,24.2,0.0,0.0,0.0,74,5.01,0.359,0.374,0.404,27.7,27.4,20.39324,78.13201,ERA5,Asia/Kolkata,Open-Meteo Historical Weather API
MH-Yavatmal,2014-09-22,27.2,31.7,24.2,0.1,0.1,1.0,76,4.23,0.347,0.366,0.4,27.7,27.3,20.39324,78.13201,ERA5,Asia/Kolkata,Open-Meteo Historical Weather API
MH-Yavatmal,2014-09-23,28.0,32.5,24.6,0.2,0.2,1.0,73,4.71,0.339,0.359,0.395,28.4,27.5,20.39324,78.13201,ERA5,Asia/Kolkata,Open-Meteo Historical Weather API
MH-Yavatmal,2014-09-24,27.6,32.9,23.9,0.0,0.0,0.0,69,4.93,0.327,0.35,0.39,28.4,27.7,20.39324,78.13201,ERA5,Asia/Kolkata,Open-Meteo Historical Weather API
MH-Yavatmal,2014-09-25,27.9,33.5,23.2,0.0,0.0,0.0,65,5.1,0.313,0.341,0.386,28.1,27.6,20.39324,78.13201,ERA5,Asia/Kolkata,Open-Meteo Historical Weather API
MH-Yavatmal,2014-09-26,27.4,33.4,21.9,0.0,0.0,0.0,65,4.73,0.302,0.334,0.382,28.0,27.4,20.39324,78.13201,ERA5,Asia/Kolkata,Open-Meteo Historical Weather API
MH-Yavatmal,2014-09-27,27.6,33.5,23.2,0.0,0.0,0.0,64,4.55,0.292,0.327,0.378,28.0,27.5,20.39324,78.13201,ERA5,Asia/Kolkata,Open-Meteo Historical Weather API
MH-Yavatmal,2014-09-28,28.1,33.8,23.4,0.0,0.0,0.0,61,4.8,0.282,0.321,0.375,28.0,27.5,20.39324,78.13201,ERA5,Asia/Kolkata,Open-Meteo Historical Weather API
MH-Yavatmal,2014-09-29,28.0,33.1,23.8,0.0,0.0,0.0,62,4.53,0.273,0.314,0.371,27.9,27.4,20.39324,78.13201,ERA5,Asia/Kolkata,Open-Meteo Historical Weather API
MH-Yavatmal,2014-09-30,27.5,33.9,22.5,0.0,0.0,0.0,66,4.78,0.265,0.308,0.367,27.9,27.5,20.39324,78.13201,ERA5,Asia/Kolkata,Open-Meteo Historical Weather API
MH-Yavatmal,2014-10-01,27.6,34.9,21.6,0.0,0.0,0.0,66,4.62,0.254,0.3,0.362,28.1,27.6,20.39324,78.13201,ERA5,Asia/Kolkata,Open-Meteo Historical Weather API
MH-Yavatmal,2014-10-02,28.0,34.5,22.9,0.0,0.0,0.0,63,4.77,0.243,0.292,0.356,28.4,27.8,20.39324,78.13201,ERA5,Asia/Kolkata,Open-Meteo Historical Weather API
MH-Yavatmal,2014-10-03,28.1,35.3,22.9,0.0,0.0,0.0,63,4.82,0.238,0.287,0.353,28.5,28.1,20.39324,78.13201,ERA5,Asia/Kolkata,Open-Meteo Historical Weather API
MH-Yavatmal,2014-10-04,28.2,35.2,22.8,0.2,0.2,1.0,64,4.88,0.234,0.283,0.35,28.6,28.3,20.39324,78.13201,ERA5,Asia/Kolkata,Open-Meteo Historical Weather API
MH-Yavatmal,2014-10-05,28.4,35.2,23.4,0.0,0.0,0.0,62,5.0,0.23,0.277,0.347,29.0,28.5,20.39324,78.13201,ERA5,Asia/Kolkata,Open-Meteo Historical Weather API
MH-Yavatmal,2014-10-06,27.7,34.0,23.9,0.5,0.5,1.0,64,4.95,0.224,0.271,0.342,28.8,28.5,20.39324,78.13201,ERA5,Asia/Kolkata,Open-Meteo Historical Weather API
MH-Yavatmal,2014-10-07,26.9,31.8,22.9,0.0,0.0,0.0,71,4.08,0.226,0.267,0.339,28.4,28.3,20.39324,78.13201,ERA5,Asia/Kolkata,Open-Meteo Historical Weather API
MH-Yavatmal,2014-10-08,26.6,30.7,23.4,0.7,0.7,1.0,74,4.1,0.23,0.265,0.337,28.4,28.2,20.39324,78.13201,ERA5,Asia/Kolkata,Open-Meteo Historical Weather API
MH-Yavatmal,2014-10-09,27.3,32.5,23.5,0.2,0.2,1.0,72,4.21,0.236,0.262,0.334,28.8,28.3,20.39324,78.13201,ERA5,Asia/Kolkata,Open-Meteo Historical Weather API
MH-Yavatmal,2014-10-10,28.2,33.3,23.8,0.0,0.0,0.0,63,4.84,0.23,0.258,0.332,29.0,28.6,20.39324,78.13201,ERA5,Asia/Kolkata,Open-Meteo Historical Weather API
MH-Yavatmal,2014-10-11,28.1,34.1,23.8,0.0,0.0,0.0,54,5.8,0.222,0.254,0.328,28.8,28.7,20.39324,78.13201,ERA5,Asia/Kolkata,Open-Meteo Historical Weather API
MH-Yavatmal,2014-10-12,27.3,33.7,20.7,0.0,0.0,0.0,42,6.77,0.214,0.249,0.324,27.6,27.9,20.39324,78.13201,ERA5,Asia/Kolkata,Open-Meteo Historical Weather API
MH-Yavatmal,2014-10-13,27.3,31.3,24.9,2.5,2.5,6.0,63,4.27,0.211,0.245,0.321,28.1,28.1,20.39324,78.13201,ERA5,Asia/Kolkata,Open-Meteo Historical Weather API
MH-Yavatmal,2014-10-14,28.2,33.8,23.1,0.0,0.0,0.0,69,4.27,0.213,0.242,0.318,28.9,28.1,20.39324,78.13201,ERA5,Asia/Kolkata,Open-Meteo Historical Weather API
MH-Yavatmal,2014-10-15,27.2,32.0,24.7,1.9,1.9,6.0,76,3.96,0.223,0.243,0.319,28.9,28.4,20.39324,78.13201,ERA5,Asia/Kolkata,Open-Meteo Historical Weather API
MH-Yavatmal,2014-10-16,27.2,32.0,23.2,1.4,1.4,5.0,75,3.68,0.238,0.241,0.317,28.7,28.2,20.39324,78.13201,ERA5,Asia/Kolkata,Open-Meteo Historical Weather API
MH-Yavatmal,2014-10-17,27.3,32.7,23.0,3.2,3.2,7.0,71,4.0,0.242,0.237,0.312,28.8,28.3,20.39324,78.13201,ERA5,Asia/Kolkata,Open-Meteo Historical Weather API
MH-Yavatmal,2014-10-18,27.2,32.4,22.7,1.7,1.7,4.0,70,3.93,0.263,0.232,0.306,29.0,28.4,20.39324,78.13201,ERA5,Asia/Kolkata,Open-Meteo Historical Weather API
MH-Yavatmal,2014-10-19,27.5,33.8,22.8,0.1,0.1,1.0,66,4.29,0.254,0.229,0.301,28.9,28.4,20.39324,78.13201,ERA5,Asia/Kolkata,Open-Meteo Historical Weather API
MH-Yavatmal,2014-10-20,27.7,33.9,23.0,0.3,0.3,2.0,63,4.26,0.244,0.228,0.298,28.8,28.5,20.39324,78.13201,ERA5,Asia/Kolkata,Open-Meteo Historical Weather API
MH-Yavatmal,2014-10-21,27.2,32.7,23.3,0.3,0.3,1.0,65,4.21,0.237,0.226,0.296,28.4,28.5,20.39324,78.13201,ERA5,Asia/Kolkata,Open-Meteo Historical Weather API
MH-Yavatmal,2014-10-22,26.5,33.2,21.7,0.0,0.0,0.0,58,4.97,0.23,0.225,0.294,27.9,28.1,20.39324,78.13201,ERA5,Asia/Kolkata,Open-Meteo Historical Weather API
MH-Yavatmal,2014-10-23,26.0,32.9,20.6,0.0,0.0,0.0,56,4.6,0.223,0.225,0.294,27.3,27.7,20.39324,78.13201,ERA5,Asia/Kolkata,Open-Meteo Historical Weather API
MH-Yavatmal,2014-10-24,26.1,32.0,20.3,0.0,0.0,0.0,54,4.1,0.218,0.226,0.295,27.0,27.4,20.39324,78.13201,ERA5,Asia/Kolkata,Open-Meteo Historical Weather API
MH-Yavatmal,2014-10-25,24.2,27.0,21.9,0.5,0.5,3.0,68,1.62,0.216,0.228,0.297,25.4,26.8,20.39324,78.13201,ERA5,Asia/Kolkata,Open-Meteo Historical Weather API
MH-Yavatmal,2014-10-26,21.5,23.3,19.9,3.8,3.8,8.0,75,1.44,0.253,0.228,0.297,23.2,25.2,20.39324,78.13201,ERA5,Asia/Kolkata,Open-Meteo Historical Weather API
MH-Yavatmal,2014-10-27,22.9,28.1,19.2,0.0,0.0,0.0,73,3.26,0.26,0.231,0.299,24.3,24.9,20.39324,78.13201,ERA5,Asia/Kolkata,Open-Meteo Historical Weather API
MH-Yavatmal,2014-10-28,23.5,30.6,17.6,0.0,0.0,0.0,65,4.1,0.25,0.231,0.298,24.8,25.3,20.39324,78.13201,ERA5,Asia/Kolkata,Open-Meteo Historical Weather API
MH-Yavatmal,2014-10-29,24.1,31.8,18.1,0.0,0.0,0.0,59,4.59,0.242,0.231,0.298,25.0,25.4,20.39324,78.13201,ERA5,Asia/Kolkata,Open-Meteo Historical Weather API
MH-Yavatmal,2014-10-30,24.6,31.8,18.5,0.0,0.0,0.0,55,4.55,0.232,0.23,0.296,25.2,25.4,20.39324,78.13201,ERA5,Asia/Kolkata,Open-Meteo Historical Weather API
MH-Yavatmal,2014-10-31,25.2,32.6,20.0,0.0,0.0,0.0,55,4.59,0.223,0.225,0.291,25.6,25.8,20.39324,78.13201,ERA5,Asia/Kolkata,Open-Meteo Historical Weather API
MH-Yavatmal,2014-11-01,24.7,32.0,19.7,0.0,0.0,0.0,58,4.44,0.218,0.223,0.289,25.6,26.0,20.39324,78.13201,ERA5,Asia/Kolkata,Open-Meteo Historical Weather API
MH-Yavatmal,2014-11-02,25.3,33.0,18.5,0.0,0.0,0.0,55,4.64,0.212,0.219,0.285,25.7,26.2,20.39324,78.13201,ERA5,Asia/Kolkata,Open-Meteo Historical Weather API
MH-Yavatmal,2014-11-03,25.2,33.1,18.8,0.0,0.0,0.0,52,4.61,0.207,0.217,0.282,25.5,26.2,20.39324,78.13201,ERA5,Asia/Kolkata,Open-Meteo Historical Weather API
MH-Yavatmal,2014-11-04,24.9,33.4,17.9,0.0,0.0,0.0,50,4.97,0.203,0.216,0.282,25.6,26.1,20.39324,78.13201,ERA5,Asia/Kolkata,Open-Meteo Historical Weather API
MH-Yavatmal,2014-11-05,25.6,32.8,19.7,0.0,0.0,0.0,50,4.61,0.2,0.215,0.282,26.0,26.3,20.39324,78.13201,ERA5,Asia/Kolkata,Open-Meteo Historical Weather API
MH-Yavatmal,2014-11-06,25.7,33.1,19.8,0.0,0.0,0.0,49,5.11,0.199,0.215,0.282,26.3,26.6,20.39324,78.13201,ERA5,Asia/Kolkata,Open-Meteo Historical Weather API
MH-Yavatmal,2014-11-07,24.6,32.1,17.5,0.0,0.0,0.0,49,4.89,0.197,0.215,0.281,25.6,26.4,20.39324,78.13201,ERA5,Asia/Kolkata,Open-Meteo Historical Weather API
MH-Yavatmal,2014-11-08,24.0,32.1,18.0,0.0,0.0,0.0,50,5.06,0.197,0.214,0.28,25.1,25.9,20.39324,78.13201,ERA5,Asia/Kolkata,Open-Meteo Historical Weather API
MH-Yavatmal,2014-11-09,24.0,31.1,17.6,2.9,2.9,4.0,55,4.46,0.197,0.213,0.279,25.1,25.7,20.39324,78.13201,ERA5,Asia/Kolkata,Open-Meteo Historical Weather API
MH-Yavatmal,2014-11-10,25.0,30.1,21.1,12.2,12.2,10.0,73,3.41,0.247,0.211,0.277,26.4,26.2,20.39324,78.13201,ERA5,Asia/Kolkata,Open-Meteo Historical Weather API
MH-Yavatmal,2014-11-11,26.2,30.0,22.7,2.4,2.4,6.0,74,3.27,0.33,0.212,0.272,27.7,26.7,20.39324,78.13201,ERA5,Asia/Kolkata,Open-Meteo Historical Weather API
MH-Yavatmal,2014-11-12,25.9,31.7,21.2,0.4,0.4,1.0,74,3.78,0.309,0.214,0.269,27.2,26.8,20.39324,78.13201,ERA5,Asia/Kolkata,Open-Meteo Historical Weather API
MH-Yavatmal,2014-11-13,25.9,30.7,22.7,0.9,0.9,3.0,71,3.64,0.293,0.215,0.267,27.1,27.0,20.39324,78.13201,ERA5,Asia/Kolkata,Open-Meteo Historical Weather API
MH-Yavatmal,2014-11-14,25.3,31.1,22.2,3.1,3.1,4.0,76,3.24,0.297,0.215,0.264,27.0,27.0,20.39324,78.13201,ERA5,Asia/Kolkata,Open-Meteo Historical Weather API
MH-Yavatmal,2014-11-15,24.6,29.5,21.4,3.8,3.8,5.0,79,3.17,0.316,0.22,0.264,26.7,26.9,20.39324,78.13201,ERA5,Asia/Kolkata,Open-Meteo Historical Weather API
MH-Yavatmal,2014-11-16,25.3,29.9,21.8,0.0,0.0,0.0,73,3.11,0.315,0.228,0.263,26.7,26.8,20.39324,78.13201,ERA5,Asia/Kolkata,Open-Meteo Historical Weather API
MH-Yavatmal,2014-11-17,25.2,30.5,21.3,0.9,0.9,1.0,73,3.26,0.29,0.229,0.261,26.8,26.8,20.39324,78.13201,ERA5,Asia/Kolkata,Open-Meteo Historical Weather API
MH-Yavatmal,2014-11-18,24.9,31.2,20.8,0.0,0.0,0.0,63,3.96,0.275,0.228,0.259,26.1,26.6,20.39324,78.13201,ERA5,Asia/Kolkata,Open-Meteo Historical Weather API
MH-Yavatmal,2014-11-19,23.2,30.7,17.2,0.0,0.0,0.0,42,4.19,0.257,0.226,0.257,24.3,25.7,20.39324,78.13201,ERA5,Asia/Kolkata,Open-Meteo Historical Weather API
MH-Yavatmal,2014-11-20,22.4,30.2,15.8,0.0,0.0,0.0,49,4.31,0.248,0.226,0.259,23.4,24.6,20.39324,78.13201,ERA5,Asia/Kolkata,Open-Meteo Historical Weather API
MH-Yavatmal,2014-11-21,22.4,30.4,15.5,0.0,0.0,0.0,50,4.04,0.241,0.228,0.262,22.9,24.0,20.39324,78.13201,ERA5,Asia/Kolkata,Open-Meteo Historical Weather API
MH-Yavatmal,2014-11-22,22.4,30.3,15.7,0.0,0.0,0.0,54,3.64,0.234,0.228,0.264,23.0,23.9,20.39324,78.13201,ERA5,Asia/Kolkata,Open-Meteo Historical Weather API
MH-Yavatmal,2014-11-23,22.8,30.2,15.6,0.0,0.0,0.0,54,3.88,0.229,0.229,0.265,23.0,24.0,20.39324,78.13201,ERA5,Asia/Kolkata,Open-Meteo Historical Weather API
MH-Yavatmal,2014-11-24,22.7,29.9,16.6,0.0,0.0,0.0,54,4.15,0.225,0.229,0.268,23.0,23.9,20.39324,78.13201,ERA5,Asia/Kolkata,Open-Meteo Historical Weather API
MH-Yavatmal,2014-11-25,22.2,29.6,16.9,0.0,0.0,0.0,53,3.92,0.222,0.229,0.269,22.7,23.7,20.39324,78.13201,ERA5,Asia/Kolkata,Open-Meteo Historical Weather API
MH-Yavatmal,2014-11-26,22.0,30.0,13.5,0.0,0.0,0.0,57,3.73,0.218,0.229,0.27,22.5,23.5,20.39324,78.13201,ERA5,Asia/Kolkata,Open-Meteo Historical Weather API
MH-Yavatmal,2014-11-27,22.0,30.1,14.9,0.0,0.0,0.0,57,3.79,0.216,0.232,0.273,22.6,23.4,20.39324,78.13201,ERA5,Asia/Kolkata,Open-Meteo Historical Weather API
MH-Yavatmal,2014-11-28,22.8,30.7,15.7,0.0,0.0,0.0,58,3.56,0.216,0.236,0.276,22.8,23.5,20.39324,78.13201,ERA5,Asia/Kolkata,Open-Meteo Historical Weather API
MH-Yavatmal,2014-11-29,22.6,30.5,15.5,0.0,0.0,0.0,57,3.77,0.217,0.24,0.281,22.7,23.5,20.39324,78.13201,ERA5,Asia/Kolkata,Open-Meteo Historical Weather API
MH-Yavatmal,2014-11-30,22.6,31.0,14.3,0.0,0.0,0.0,55,3.7,0.215,0.241,0.283,22.2,23.3,20.39324,78.13201,ERA5,Asia/Kolkata,Open-Meteo Historical Weather API
MH-Yavatmal,2014-12-01,23.0,30.4,14.6,0.0,0.0,0.0,53,3.97,0.213,0.241,0.284,22.6,23.2,20.39324,78.13201,ERA5,Asia/Kolkata,Open-Meteo Historical Weather API
MH-Yavatmal,2014-12-02,22.4,29.8,15.7,0.0,0.0,0.0,59,3.75,0.212,0.239,0.283,22.7,23.3,20.39324,78.13201,ERA5,Asia/Kolkata,Open-Meteo Historical Weather API
MH-Yavatmal,2014-12-03,22.0,29.5,14.9,0.0,0.0,0.0,57,3.73,0.208,0.238,0.283,22.6,23.3,20.39324,78.13201,ERA5,Asia/Kolkata,Open-Meteo Historical Weather API
MH-Yavatmal,2014-12-04,21.8,29.4,14.8,0.0,0.0,0.0,53,4.14,0.207,0.24,0.286,22.6,23.0,20.39324,78.13201,ERA5,Asia/Kolkata,Open-Meteo Historical Weather API
MH-Yavatmal,2014-12-05,20.9,29.3,13.9,0.0,0.0,0.0,53,4.15,0.205,0.238,0.285,21.6,22.5,20.39324,78.13201,ERA5,Asia/Kolkata,Open-Meteo Historical Weather API
MH-Yavatmal,2014-12-06,20.7,29.1,13.8,0.0,0.0,0.0,51,4.1,0.202,0.237,0.284,21.4,22.2,20.39324,78.13201,ERA5,Asia/Kolkata,Open-Meteo Historical Weather API
MH-Yavatmal,2014-12-07,21.2,28.9,13.5,0.0,0.0,0.0,50,3.77,0.203,0.237,0.286,20.9,22.0,20.39324,78.13201,ERA5,Asia/Kolkata,Open-Meteo Historical Weather API
MH-Yavatmal,2014-12-08,21.2,29.4,14.6,0.0,0.0,0.0,53,3.73,0.203,0.238,0.287,21.1,21.8,20.39324,78.13201,ERA5,Asia/Kolkata,Open-Meteo Historical Weather API
MH-Yavatmal,2014-12-09,22.1,30.4,17.3,0.0,0.0,0.0,54,3.75,0.202,0.237,0.288,21.7,21.9,20.39324,78.13201,ERA5,Asia/Kolkata,Open-Meteo Historical Weather API
MH-Yavatmal,2014-12-10,22.1,30.2,16.3,0.0,0.0,0.0,60,3.77,0.2,0.237,0.288,22.4,22.3,20.39324,78.13201,ERA5,Asia/Kolkata,Open-Meteo Historical Weather API
MH-Yavatmal,2014-12-11,22.3,29.3,16.6,0.0,0.0,0.0,64,3.56,0.199,0.236,0.288,22.8,22.9,20.39324,78.13201,ERA5,Asia/Kolkata,Open-Meteo Historical Weather API
MH-Yavatmal,2014-12-12,22.6,29.2,19.1,0.1,0.1,1.0,69,3.39,0.198,0.231,0.284,23.8,23.6,20.39324,78.13201,ERA5,Asia/Kolkata,Open-Meteo Historical Weather API
MH-Yavatmal,2014-12-13,22.2,25.9,19.1,1.8,1.8,4.0,73,2.25,0.207,0.233,0.286,23.0,23.5,20.39324,78.13201,ERA5,Asia/Kolkata,Open-Meteo Historical Weather API
MH-Yavatmal,2014-12-14,22.9,27.5,20.2,0.2,0.2,2.0,70,2.75,0.215,0.233,0.287,23.8,23.6,20.39324,78.13201,ERA5,Asia/Kolkata,Open-Meteo Historical Weather API
MH-Yavatmal,2014-12-15,20.8,25.5,17.1,0.5,0.5,3.0,76,2.18,0.223,0.234,0.287,22.5,23.2,20.39324,78.13201,ERA5,Asia/Kolkata,Open-Meteo Historical Weather API
MH-Yavatmal,2014-12-16,18.4,25.3,13.7,0.0,0.0,0.0,60,3.65,0.224,0.235,0.288,20.5,21.7,20.39324,78.13201,ERA5,Asia/Kolkata,Open-Meteo Historical Weather API
MH-Yavatmal,2014-12-17,16.6,23.3,11.7,0.0,0.0,0.0,53,3.77,0.221,0.236,0.289,18.9,20.7,20.39324,78.13201,ERA5,Asia/Kolkata,Open-Meteo Historical Weather API
MH-Yavatmal,2014-12-18,16.7,24.8,10.0,0.0,0.0,0.0,54,3.65,0.216,0.236,0.289,18.4,19.7,20.39324,78.13201,ERA5,Asia/Kolkata,Open-Meteo Historical Weather API
MH-Yavatmal,2014-12-19,16.7,25.3,9.5,0.0,0.0,0.0,55,3.75,0.212,0.233,0.287,18.2,19.3,20.39324,78.13201,ERA5,Asia/Kolkata,Open-Meteo Historical Weather API
MH-Yavatmal,2014-12-20,17.5,25.3,10.5,0.0,0.0,0.0,54,3.53,0.209,0.231,0.286,18.1,19.2,20.39324,78.13201,ERA5,Asia/Kolkata,Open-Meteo Historical Weather API
MH-Yavatmal,2014-12-21,18.6,27.0,13.4,0.0,0.0,0.0,53,3.57,0.206,0.23,0.285,19.1,19.5,20.39324,78.13201,ERA5,Asia/Kolkata,Open-Meteo Historical Weather API
MH-Yavatmal,2014-12-22,18.0,27.6,11.7,0.0,0.0,0.0,53,3.73,0.204,0.229,0.284,18.8,19.5,20.39324,78.13201,ERA5,Asia/Kolkata,Open-Meteo Historical Weather API
MH-Yavatmal,2014-12-23,19.1,28.1,12.2,0.0,0.0,0.0,52,3.69,0.202,0.227,0.283,19.1,19.5,20.39324,78.13201,ERA5,Asia/Kolkata,Open-Meteo Historical Weather API
MH-Yavatmal,2014-12-24,19.5,28.1,12.3,0.0,0.0,0.0,55,3.78,0.202,0.228,0.284,19.9,20.0,20.39324,78.13201,ERA5,Asia/Kolkata,Open-Meteo Historical Weather API
MH-Yavatmal,2014-12-25,19.7,27.5,12.6,0.0,0.0,0.0,54,3.6,0.2,0.228,0.284,20.1,20.4,20.39324,78.13201,ERA5,Asia/Kolkata,Open-Meteo Historical Weather API
MH-Yavatmal,2014-12-26,18.9,25.8,13.2,0.0,0.0,0.0,55,3.76,0.197,0.227,0.283,19.9,20.5,20.39324,78.13201,ERA5,Asia/Kolkata,Open-Meteo Historical Weather API
MH-Yavatmal,2014-12-27,17.0,24.5,12.1,0.0,0.0,0.0,48,3.84,0.196,0.225,0.282,18.8,20.1,20.39324,78.13201,ERA5,Asia/Kolkata,Open-Meteo Historical Weather API
MH-Yavatmal,2014-12-28,16.3,24.5,10.1,0.0,0.0,0.0,44,3.91,0.194,0.225,0.281,17.8,19.2,20.39324,78.13201,ERA5,Asia/Kolkata,Open-Meteo Historical Weather API
MH-Yavatmal,2014-12-29,16.9,25.5,9.6,0.0,0.0,0.0,47,3.85,0.194,0.223,0.279,17.7,18.6,20.39324,78.13201,ERA5,Asia/Kolkata,Open-Meteo Historical Weather API
MH-Yavatmal,2014-12-30,18.6,28.1,10.4,0.0,0.0,0.0,52,3.92,0.194,0.223,0.28,18.8,18.8,20.39324,78.13201,ERA5,Asia/Kolkata,Open-Meteo Historical Weather API
MH-Yavatmal,2014-12-31,21.3,26.6,17.0,0.0,0.0,0.0,66,2.95,0.197,0.224,0.282,21.0,20.3,20.39324,78.13201,ERA5,Asia/Kolkata,Open-Meteo Historical Weather API
MH-Yavatmal,2015-01-01,20.1,24.4,18.0,12.5,12.5,13.0,83,1.85,0.266,0.232,0.283,20.9,21.0,20.39324,78.13201,ERA5,Asia/Kolkata,Open-Meteo Historical Weather API
MH-Yavatmal,2015-01-02,19.4,21.9,17.8,14.0,14.0,17.0,91,1.58,0.405,0.275,0.283,20.6,20.8,20.39324,78.13201,ERA5,Asia/Kolkata,Open-Meteo Historical Weather API
MH-Yavatmal,2015-01-03,19.4,21.8,17.7,2.8,2.8,9.0,90,1.19,0.406,0.311,0.286,20.5,20.7,20.39324,78.13201,ERA5,Asia/Kolkata,Open-Meteo Historical Weather API
MH-Yavatmal,2015-01-04,20.0,24.0,16.7,0.3,0.3,3.0,82,2.28,0.374,0.322,0.287,20.6,20.5,20.39324,78.13201,ERA5,Asia/Kolkata,Open-Meteo Historical Weather API
MH-Yavatmal,2015-01-05,18.1,23.7,14.2,0.0,0.0,0.0,76,3.15,0.352,0.324,0.288,19.9,20.5,20.39324,78.13201,ERA5,Asia/Kolkata,Open-Meteo Historical Weather API
MH-Yavatmal,2015-01-06,17.2,25.0,11.4,0.0,0.0,0.0,69,3.22,0.334,0.32,0.287,18.5,19.6,20.39324,78.13201,ERA5,Asia/Kolkata,Open-Meteo Historical Weather API
MH-Yavatmal,2015-01-07,17.2,25.9,11.1,0.0,0.0,0.0,67,3.51,0.319,0.314,0.285,18.1,18.9,20.39324,78.13201,ERA5,Asia/Kolkata,Open-Meteo Historical Weather API
MH-Yavatmal,2015-01-08,17.4,26.1,11.2,0.0,0.0,0.0,56,3.8,0.304,0.305,0.281,18.1,18.8,20.39324,78.13201,ERA5,Asia/Kolkata,Open-Meteo Historical Weather API
MH-Yavatmal,2015-01-09,16.9,25.1,10.2,0.0,0.0,0.0,55,3.68,0.288,0.296,0.277,18.0,18.7,20.39324,78.13201,ERA5,Asia/Kolkata,Open-Meteo Historical Weather API
MH-Yavatmal,2015-01-10,16.1,25.1,9.0,0.0,0.0,0.0,63,3.52,0.273,0.288,0.274,17.5,18.4,20.39324,78.13201,ERA5,Asia/Kolkata,Open-Meteo Historical Weather API
MH-Yavatmal,2015-01-11,16.4,25.6,9.6,0.0,0.0,0.0,62,3.58,0.26,0.279,0.27,17.5,18.3,20.39324,78.13201,ERA5,Asia/Kolkata,Open-Meteo Historical Weather API
MH-Yavatmal,2015-01-12,17.3,27.0,9.3,0.0,0.0,0.0,63,3.69,0.25,0.272,0.267,18.0,18.4,20.39324,78.13201,ERA5,Asia/Kolkata,Open-Meteo Historical Weather API
MH-Yavatmal,2015-01-13,17.6,26.1,10.6,0.0,0.0,0.0,60,3.63,0.24,0.265,0.264,18.4,18.7,20.39324,78.13201,ERA5,Asia/Kolkata,Open-Meteo Historical Weather API
MH-Yavatmal,2015-01-14,18.2,26.2,12.7,0.0,0.0,0.0,56,3.67,0.234,0.261,0.263,18.4,18.6,20.39324,78.13201,ERA5,Asia/Kolkata,Open-Meteo Historical Weather API
MH-Yavatmal,2015-01-15,18.6,26.9,12.4,0.0,0.0,0.0,52,3.93,0.23,0.26,0.264,18.0,18.7,20.39324,78.13201,ERA5,Asia/Kolkata,Open-Meteo Historical Weather API
MH-Yavatmal,2015-01-16,18.1,26.6,11.7,0.0,0.0,0.0,55,3.87,0.225,0.258,0.264,18.5,18.8,20.39324,78.13201,ERA5,Asia/Kolkata,Open-Meteo Historical Weather API
MH-Yavatmal,2015-01-17,18.1,26.1,11.5,0.0,0.0,0.0,60,3.74,0.219,0.254,0.263,18.7,19.1,20.39324,78.13201,ERA5,Asia/Kolkata,Open-Meteo Historical Weather API
MH-Yavatmal,2015-01-18,18.4,25.7,12.3,0.0,0.0,0.0,56,3.66,0.211,0.247,0.259,19.1,19.4,20.39324,78.13201,ERA5,Asia/Kolkata,Open-Meteo Historical Weather API
MH-Yavatmal,2015-01-19,18.8,26.5,13.0,0.0,0.0,0.0,52,3.87,0.204,0.24,0.255,19.6,19.6,20.39324,78.13201,ERA5,Asia/Kolkata,Open-Meteo Historical Weather API
MH-Yavatmal,2015-01-20,20.0,27.7,14.4,0.0,0.0,0.0,49,4.22,0.203,0.237,0.255,20.3,20.2,20.39324,78.13201,ERA5,Asia/Kolkata,Open-Meteo Historical Weather API
MH-Yavatmal,2015-01-21,21.7,28.2,16.4,0.0,0.0,0.0,57,3.83,0.205,0.238,0.257,21.8,21.2,20.39324,78.13201,ERA5,Asia/Kolkata,Open-Meteo Historical Weather API
MH-Yavatmal,2015-01-22,22.3,28.7,17.5,0.0,0.0,0.0,59,3.48,0.206,0.239,0.259,22.6,22.1,20.39324,78.13201,ERA5,Asia/Kolkata,Open-Meteo Historical Weather API
MH-Yavatmal,2015-01-23,22.7,28.1,18.6,0.0,0.0,0.0,61,3.2,0.207,0.24,0.262,23.1,22.5,20.39324,78.13201,ERA5,Asia/Kolkata,Open-Meteo Historical Weather API
MH-Yavatmal,2015-01-24,22.7,28.6,18.9,0.0,0.0,0.0,59,3.77,0.208,0.241,0.264,23.4,22.9,20.39324,78.13201,ERA5,Asia/Kolkata,Open-Meteo Historical Weather API
MH-Yavatmal,2015-01-25,23.1,30.0,18.1,0.0,0.0,0.0,55,4.44,0.207,0.241,0.266,23.5,23.0,20.39324,78.13201,ERA5,Asia/Kolkata,Open-Meteo Historical Weather API
MH-Yavatmal,2015-01-26,22.9,29.0,17.8,0.0,0.0,0.0,51,4.28,0.205,0.238,0.264,23.4,23.1,20.39324,78.13201,ERA5,Asia/Kolkata,Open-Meteo Historical Weather API
MH-Yavatmal,2015-01-27,22.8,29.4,17.4,0.0,0.0,0.0,54,4.04,0.203,0.236,0.264,23.1,22.8,20.39324,78.13201,ERA5,Asia/Kolkata,Open-Meteo Historical Weather API
MH-Yavatmal,2015-01-28,22.3,28.3,17.2,0.0,0.0,0.0,57,4.0,0.204,0.237,0.264,23.5,23.2,20.39324,78.13201,ERA5,Asia/Kolkata,Open-Meteo Historical Weather API
MH-Yavatmal,2015-01-29,22.1,28.1,17.8,0.0,0.0,0.0,63,3.85,0.206,0.237,0.264,23.4,23.2,20.39324,78.13201,ERA5,Asia/Kolkata,Open-Meteo Historical Weather API
MH-Yavatmal,2015-01-30,20.8,26.8,16.5,0.0,0.0,0.0,57,3.86,0.206,0.239,0.266,22.5,23.0,20.39324,78.13201,ERA5,Asia/Kolkata,Open-Meteo Historical Weather API
MH-Yavatmal,2015-01-31,19.5,27.6,13.6,0.0,0.0,0.0,46,4.32,0.204,0.238,0.267,21.3,21.9,20.39324,78.13201,ERA5,Asia/Kolkata,Open-Meteo Historical Weather API
MH-Yavatmal,2015-02-01,20.7,29.9,13.1,0.0,0.0,0.0,44,4.44,0.202,0.236,0.268,21.4,21.5,20.39324,78.13201,ERA5,Asia/Kolkata,Open-Meteo Historical Weather API
MH-Yavatmal,2015-02-02,22.6,31.2,15.8,0.0,0.0,0.0,48,4.88,0.206,0.238,0.271,22.7,22.0,20.39324,78.13201,ERA5,Asia/Kolkata,Open-Meteo Historical Weather API
MH-Yavatmal,2015-02-03,23.3,30.7,17.8,0.0,0.0,0.0,57,4.45,0.206,0.238,0.272,23.9,23.1,20.39324,78.13201,ERA5,Asia/Kolkata,Open-Meteo Historical Weather API
MH-Yavatmal,2015-02-04,23.3,30.6,17.8,0.0,0.0,0.0,56,4.32,0.205,0.238,0.273,23.9,23.5,20.39324,78.13201,ERA5,Asia/Kolkata,Open-Meteo Historical Weather API
MH-Yavatmal,2015-02-05,22.5,29.8,16.9,0.0,0.0,0.0,58,4.04,0.204,0.239,0.274,23.3,23.3,20.39324,78.13201,ERA5,Asia/Kolkata,Open-Meteo Historical Weather API
MH-Yavatmal,2015-02-06,22.4,30.3,16.2,0.0,0.0,0.0,53,4.41,0.205,0.241,0.277,22.9,23.0,20.39324,78.13201,ERA5,Asia/Kolkata,Open-Meteo Historical Weather API
MH-Yavatmal,2015-02-07,23.0,30.4,16.5,0.0,0.0,0.0,49,4.7,0.206,0.242,0.279,23.3,23.1,20.39324,78.13201,ERA5,Asia/Kolkata,Open-Meteo Historical Weather API
MH-Yavatmal,2015-02-08,24.3,30.9,19.4,0.0,0.0,0.0,48,4.73,0.204,0.239,0.278,24.4,23.7,20.39324,78.13201,ERA5,Asia/Kolkata,Open-Meteo Historical Weather API
MH-Yavatmal,2015-02-09,23.1,28.8,18.3,0.0,0.0,0.0,56,4.06,0.202,0.237,0.278,24.2,23.9,20.39324,78.13201,ERA5,Asia/Kolkata,Open-Meteo Historical Weather API
MH-Yavatmal,2015-02-10,23.5,29.3,18.8,0.0,0.0,0.0,55,4.63,0.204,0.237,0.279,24.8,24.2,20.39324,78.13201,ERA5,Asia/Kolkata,Open-Meteo Historical Weather API
MH-Yavatmal,2015-02-11,22.8,29.1,17.4,0.1,0.1,1.0,59,4.19,0.209,0.237,0.28,24.1,24.1,20.39324,78.13201,ERA5,Asia/Kolkata,Open-Meteo Historical Weather API
MH-Yavatmal,2015-02-12,23.0,28.4,18.5,0.3,0.3,2.0,60,3.64,0.209,0.236,0.28,24.1,23.9,20.39324,78.13201,ERA5,Asia/Kolkata,Open-Meteo Historical Weather API
MH-Yavatmal,2015-02-13,23.1,30.5,17.6,0.0,0.0,0.0,57,4.68,0.207,0.235,0.28,24.3,23.9,20.39324,78.13201,ERA5,Asia/Kolkata,Open-Meteo Historical Weather API
MH-Yavatmal,2015-02-14,22.7,30.8,14.2,0.0,0.0,0.0,44,4.49,0.202,0.232,0.278,23.2,23.7,20.39324,78.13201,ERA5,Asia/Kolkata,Open-Meteo Historical Weather API
MH-Yavatmal,2015-02-15,23.6,32.7,15.3,0.0,0.0,0.0,47,5.14,0.198,0.226,0.274,23.8,23.4,20.39324,78.13201,ERA5,Asia/Kolkata,Open-Meteo Historical Weather API
MH-Yavatmal,2015-02-16,24.3,33.0,15.9,0.0,0.0,0.0,44,4.71,0.193,0.218,0.269,24.4,24.0,20.39324,78.13201,ERA5,Asia/Kolkata,Open-Meteo Historical Weather API
MH-Yavatmal,2015-02-17,25.0,34.3,16.1,0.0,0.0,0.0,43,5.5,0.191,0.212,0.266,25.0,24.3,20.39324,78.13201,ERA5,Asia/Kolkata,Open-Meteo Historical Weather API
MH-Yavatmal,2015-02-18,24.6,33.5,16.0,0.0,0.0,0.0,43,5.34,0.19,0.21,0.263,25.6,24.6,20.39324,78.13201,ERA5,Asia/Kolkata,Open-Meteo Historical Weather API
MH-Yavatmal,2015-02-19,25.1,33.2,16.3,0.0,0.0,0.0,44,5.17,0.19,0.21,0.263,25.8,24.9,20.39324,78.13201,ERA5,Asia/Kolkata,Open-Meteo Historical Weather API
MH-Yavatmal,2015-02-20,25.6,33.8,19.6,0.0,0.0,0.0,50,4.82,0.194,0.213,0.264,26.4,25.5,20.39324,78.13201,ERA5,Asia/Kolkata,Open-Meteo Historical Weather API
MH-Yavatmal,2015-02-21,25.4,32.9,19.1,0.0,0.0,0.0,52,4.55,0.196,0.216,0.265,26.1,25.8,20.39324,78.13201,ERA5,Asia/Kolkata,Open-Meteo Historical Weather API
MH-Yavatmal,2015-02-22,25.7,34.4,17.3,0.0,0.0,0.0,44,5.32,0.194,0.214,0.265,26.3,25.7,20.39324,78.13201,ERA5,Asia/Kolkata,Open-Meteo Historical Weather API
MH-Yavatmal,2015-02-23,26.6,34.1,19.6,0.0,0.0,0.0,41,4.66,0.192,0.216,0.266,26.5,25.8,20.39324,78.13201,ERA5,Asia/Kolkata,Open-Meteo Historical Weather API
MH-Yavatmal,2015-02-24,27.0,35.5,19.4,0.0,0.0,0.0,42,4.95,0.191,0.218,0.268,26.9,26.0,20.39324,78.13201,ERA5,Asia/Kolkata,Open-Meteo Historical Weather API
MH-Yavatmal,2015-02-25,27.3,34.6,21.4,0.0,0.0,0.0,39,5.91,0.193,0.221,0.27,27.5,26.5,20.39324,78.13201,ERA5,Asia/Kolkata,Open-Meteo Historical Weather API
MH-Yavatmal,2015-02-26,26.3,34.0,19.7,0.0,0.0,0.0,44,5.78,0.194,0.221,0.27,27.2,26.6,20.39324,78.13201,ERA5,Asia/Kolkata,Open-Meteo Historical Weather API
MH-Yavatmal,2015-02-27,26.1,32.5,21.1,0.0,0.0,0.0,46,5.16,0.199,0.223,0.272,27.3,26.7,20.39324,78.13201,ERA5,Asia/Kolkata,Open-Meteo Historical Weather API
MH-Yavatmal,2015-02-28,24.4,32.2,20.8,4.2,4.2,6.0,59,4.56,0.208,0.223,0.272,26.3,26.5,20.39324,78.13201,ERA5,Asia/Kolkata,Open-Meteo Historical Weather API
MH-Yavatmal,2015-03-01,17.6,20.7,15.9,37.4,37.4,24.0,94,0.81,0.409,0.258,0.273,21.4,24.3,20.39324,78.13201,ERA5,Asia/Kolkata,Open-Meteo Historical Weather API
MH-Yavatmal,2015-03-02,21.4,26.5,17.2,10.8,10.8,5.0,78,3.3,0.418,0.37,0.273,22.5,22.7,20.39324,78.13201,ERA5,Asia/Kolkata,Open-Meteo Historical Weather API
MH-Yavatmal,2015-03-03,22.4,27.4,18.3,0.0,0.0,0.0,65,4.82,0.38,0.369,0.273,23.6,23.2,20.39324,78.13201,ERA5,Asia/Kolkata,Open-Meteo Historical Weather API
MH-Yavatmal,2015-03-04,21.0,27.7,14.7,0.0,0.0,0.0,51,5.11,0.355,0.358,0.271,22.6,22.8,20.39324,78.13201,ERA5,Asia/Kolkata,Open-Meteo Historical Weather API
MH-Yavatmal,2015-03-05,22.5,29.7,15.5,0.0,0.0,0.0,54,5.03,0.333,0.344,0.268,23.2,22.5,20.39324,78.13201,ERA5,Asia/Kolkata,Open-Meteo Historical Weather API
MH-Yavatmal,2015-03-06,24.1,30.7,18.2,0.0,0.0,0.0,55,4.92,0.314,0.332,0.266,24.6,23.7,20.39324,78.13201,ERA5,Asia/Kolkata,Open-Meteo Historical Weather API
MH-Yavatmal,2015-03-07,24.1,31.9,17.3,0.0,0.0,0.0,55,5.15,0.298,0.321,0.264,24.8,24.1,20.39324,78.13201,ERA5,Asia/Kolkata,Open-Meteo Historical Weather API
MH-Yavatmal,2015-03-08,25.9,33.2,20.2,0.2,0.2,1.0,52,4.8,0.282,0.309,0.261,25.3,24.3,20.39324,78.13201,ERA5,Asia/Kolkata,Open-Meteo Historical Weather API
MH-Yavatmal,2015-03-09,24.7,31.3,19.3,2.7,2.7,4.0,67,4.58,0.297,0.302,0.26,26.1,25.3,20.39324,78.13201,ERA5,Asia/Kolkata,Open-Meteo Historical Weather API
MH-Yavatmal,2015-03-10,25.1,31.0,19.6,0.9,0.9,1.0,62,4.63,0.288,0.296,0.26,26.4,25.7,20.39324,78.13201,ERA5,Asia/Kolkata,Open-Meteo Historical Weather API
MH-Yavatmal,2015-03-11,26.0,32.6,20.6,1.5,1.5,6.0,62,4.53,0.287,0.288,0.258,27.3,25.9,20.39324,78.13201,ERA5,Asia/Kolkata,Open-Meteo Historical Weather API
MH-Yavatmal,2015-03-12,25.7,30.7,21.7,0.2,0.2,1.0,62,4.96,0.287,0.284,0.258,27.2,26.3,20.39324,78.13201,ERA5,Asia/Kolkata,Open-Meteo Historical Weather API
MH-Yavatmal,2015-03-13,24.9,32.3,19.9,2.0,2.0,2.0,60,5.24,0.275,0.279,0.258,26.7,26.3,20.39324,78.13201,ERA5,Asia/Kolkata,Open-Meteo Historical Weather API
MH-Yavatmal,2015-03-14,24.8,30.4,19.7,0.0,0.0,0.0,60,5.24,0.276,0.28,0.261,26.2,26.1,20.39324,78.13201,ERA5,Asia/Kolkata,Open-Meteo Historical Weather API
MH-Yavatmal,2015-03-15,25.1,31.4,20.4,4.8,4.8,8.0,63,5.11,0.274,0.28,0.264,26.4,26.0,20.39324,78.13201,ERA5,Asia/Kolkata,Open-Meteo Historical Weather API
MH-Yavatmal,2015-03-16,25.5,31.8,21.0,1.5,1.5,4.0,73,4.47,0.302,0.279,0.265,27.0,26.1,20.39324,78.13201,ERA5,Asia/Kolkata,Open-Meteo Historical Weather API
MH-Yavatmal,2015-03-17,26.6,32.5,20.9,0.0,0.0,0.0,65,5.1,0.294,0.274,0.263,27.4,26.5,20.39324,78.13201,ERA5,Asia/Kolkata,Open-Meteo Historical Weather API
MH-Yavatmal,2015-03-18,26.2,32.9,20.2,0.0,0.0,0.0,51,5.71,0.271,0.267,0.26,27.2,26.6,20.39324,78.13201,ERA5,Asia/Kolkata,Open-Meteo Historical Weather API
MH-Yavatmal,2015-03-19,26.9,33.5,20.5,0.0,0.0,0.0,47,5.79,0.252,0.26,0.257,27.8,26.8,20.39324,78.13201,ERA5,Asia/Kolkata,Open-Meteo Historical Weather API
MH-Yavatmal,2015-03-20,27.8,35.1,21.4,0.0,0.0,0.0,45,5.54,0.237,0.253,0.255,28.4,27.3,20.39324,78.13201,ERA5,Asia/Kolkata,Open-Meteo Historical Weather API
MH-Yavatmal,2015-03-21,28.8,35.4,23.1,0.0,0.0,0.0,45,5.55,0.228,0.247,0.252,29.0,27.9,20.39324,78.13201,ERA5,Asia/Kolkata,Open-Meteo Historical Weather API
MH-Yavatmal,2015-03-22,29.2,37.3,21.8,0.0,0.0,0.0,43,6.09,0.218,0.241,0.249,29.5,28.3,20.39324,78.13201,ERA5,Asia/Kolkata,Open-Meteo Historical Weather API
MH-Yavatmal,2015-03-23,29.7,38.2,21.0,0.0,0.0,0.0,41,5.87,0.212,0.237,0.249,29.9,28.8,20.39324,78.13201,ERA5,Asia/Kolkata,Open-Meteo Historical Weather API
MH-Yavatmal,2015-03-24,30.3,37.8,23.0,0.0,0.0,0.0,39,6.2,0.204,0.232,0.247,30.4,29.1,20.39324,78.13201,ERA5,Asia/Kolkata,Open-Meteo Historical Weather API
MH-Yavatmal,2015-03-25,30.9,38.7,25.2,0.0,0.0,0.0,34,7.29,0.197,0.226,0.244,31.2,29.7,20.39324,78.13201,ERA5,Asia/Kolkata,Open-Meteo Historical Weather API
MH-Yavatmal,2015-03-26,30.8,38.1,23.3,0.0,0.0,0.0,33,6.19,0.195,0.226,0.245,31.1,29.9,20.39324,78.13201,ERA5,Asia/Kolkata,Open-Meteo Historical Weather API
MH-Yavatmal,2015-03-27,30.1,38.4,23.4,0.0,0.0,0.0,40,5.78,0.195,0.227,0.248,30.8,29.8,20.39324,78.13201,ERA5,Asia/Kolkata,Open-Meteo Historical Weather API
MH-Yavatmal,2015-03-28,30.5,37.8,23.8,0.0,0.0,0.0,43,6.21,0.193,0.227,0.249,31.0,29.9,20.39324,78.13201,ERA5,Asia/Kolkata,Open-Meteo Historical Weather API
MH-Yavatmal,2015-03-29,29.8,36.7,23.6,0.5,0.5,2.0,47,5.6,0.193,0.227,0.251,30.7,30.0,20.39324,78.13201,ERA5,Asia/Kolkata,Open-Meteo Historical Weather API
MH-Yavatmal,2015-03-30,26.2,30.6,22.7,0.9,0.9,5.0,62,4.41,0.203,0.23,0.255,29.2,29.6,20.39324,78.13201,ERA5,Asia/Kolkata,Open-Meteo Historical Weather API
MH-Yavatmal,2015-03-31,28.6,35.3,22.1,0.0,0.0,0.0,56,5.55,0.204,0.229,0.255,29.9,29.2,20.39324,78.13201,ERA5,Asia/Kolkata,Open-Meteo Historical Weather API
MH-Yavatmal,2015-04-01,30.6,38.2,24.5,0.0,0.0,0.0,39,6.52,0.199,0.225,0.253,31.4,29.9,20.39324,78.13201,ERA5,Asia/Kolkata,Open-Meteo Historical Weather API
MH-Yavatmal,2015-04-02,30.1,38.5,21.9,0.0,0.0,0.0,32,7.17,0.194,0.221,0.251,31.1,30.0,20.39324,78.13201,ERA5,Asia/Kolkata,Open-Meteo Historical Weather API
MH-Yavatmal,2015-04-03,30.7,38.3,25.1,0.0,0.0,0.0,33,7.83,0.189,0.217,0.249,31.5,30.3,20.39324,78.13201,ERA5,Asia/Kolkata,Open-Meteo Historical Weather API
MH-Yavatmal,2015-04-04,30.2,36.9,24.6,0.0,0.0,0.0,32,8.32,0.187,0.215,0.247,31.5,30.6,20.39324,78.13201,ERA5,Asia/Kolkata,Open-Meteo Historical Weather API
MH-Yavatmal,2015-04-05,30.4,37.6,24.2,0.0,0.0,0.0,35,7.67,0.184,0.212,0.245,31.9,30.6,20.39324,78.13201,ERA5,Asia/Kolkata,Open-Meteo Historical Weather API
MH-Yavatmal,2015-04-06,30.8,38.5,24.2,0.0,0.0,0.0,35,7.12,0.181,0.211,0.245,32.6,31.1,20.39324,78.13201,ERA5,Asia/Kolkata,Open-Meteo Historical Weather API
MH-Yavatmal,2015-04-07,31.3,39.1,23.8,0.0,0.0,0.0,33,6.73,0.182,0.211,0.244,32.7,31.3,20.39324,78.13201,ERA5,Asia/Kolkata,Open-Meteo Historical Weather API
MH-Yavatmal,2015-04-08,30.8,38.9,25.7,0.8,0.8,2.0,49,6.31,0.19,0.211,0.244,32.9,31.9,20.39324,78.13201,ERA5,Asia/Kolkata,Open-Meteo Historical Weather API
MH-Yavatmal,2015-04-09,30.6,38.0,24.1,1.3,1.3,2.0,52,6.04,0.2,0.209,0.242,32.8,31.7,20.39324,78.13201,ERA5,Asia/Kolkata,Open-Meteo Historical Weather API
MH-Yavatmal,2015-04-10,30.3,38.3,25.1,1.7,1.7,2.0,52,6.07,0.206,0.211,0.244,32.6,31.9,20.39324,78.13201,ERA5,Asia/Kolkata,Open-Meteo Historical Weather API
MH-Yavatmal,2015-04-11,27.1,33.2,22.4,3.9,3.9,7.0,63,5.06,0.233,0.212,0.245,30.0,30.9,20.39324,78.13201,ERA5,Asia/Kolkata,Open-Meteo Historical Weather API
MH-Yavatmal,2015-04-12,23.9,30.5,20.1,5.9,5.9,6.0,74,4.71,0.267,0.215,0.247,28.1,29.4,20.39324,78.13201,ERA5,Asia/Kolkata,Open-Meteo Historical Weather API
MH-Yavatmal,2015-04-13,23.9,30.3,19.1,0.8,0.8,3.0,66,4.75,0.299,0.216,0.246,27.4,28.2,20.39324,78.13201,ERA5,Asia/Kolkata,Open-Meteo Historical Weather API
MH-Yavatmal,2015-04-14,23.1,29.1,19.1,9.8,9.8,12.0,73,4.03,0.329,0.217,0.245,26.6,27.4,20.39324,78.13201,ERA5,Asia/Kolkata,Open-Meteo Historical Weather API
MH-Yavatmal,2015-04-15,23.9,29.0,18.7,11.8,11.8,10.0,73,4.01,0.404,0.252,0.242,26.7,26.8,20.39324,78.13201,ERA5,Asia/Kolkata,Open-Meteo Historical Weather API
MH-Yavatmal,2015-04-16,25.5,32.1,20.2,7.6,7.6,5.0,68,4.71,0.391,0.279,0.24,27.5,27.1,20.39324,78.13201,ERA5,Asia/Kolkata,Open-Meteo Historical Weather API
MH-Yavatmal,2015-04-17,27.9,34.4,21.3,0.0,0.0,0.0,59,5.6,0.344,0.284,0.237,28.8,27.9,20.39324,78.13201,ERA5,Asia/Kolkata,Open-Meteo Historical Weather API
MH-Yavatmal,2015-04-18,30.1,37.9,22.3,0.0,0.0,0.0,49,6.5,0.308,0.276,0.233,29.9,28.6,20.39324,78.13201,ERA5,Asia/Kolkata,Open-Meteo Historical Weather API
MH-Yavatmal,2015-04-19,32.0,39.2,25.4,0.0,0.0,0.0,44,7.18,0.277,0.265,0.229,31.7,29.6,20.39324,78.13201,ERA5,Asia/Kolkata,Open-Meteo Historical Weather API
MH-Yavatmal,2015-04-20,32.6,39.5,26.5,0.1,0.1,1.0,45,6.59,0.252,0.256,0.226,32.4,30.5,20.39324,78.13201,ERA5,Asia/Kolkata,Open-Meteo Historical Weather API
MH-Yavatmal,2015-04-21,33.5,40.5,27.4,0.0,0.0,0.0,40,7.36,0.233,0.248,0.225,33.2,31.3,20.39324,78.13201,ERA5,Asia/Kolkata,Open-Meteo Historical Weather API
MH-Yavatmal,2015-04-22,33.2,39.8,27.3,0.0,0.0,0.0,38,7.39,0.219,0.243,0.225,33.3,31.8,20.39324,78.13201,ERA5,Asia/Kolkata,Open-Meteo Historical Weather API
MH-Yavatmal,2015-04-23,32.7,39.0,28.2,0.0,0.0,0.0,35,7.06,0.21,0.239,0.226,33.5,32.1,20.39324,78.13201,ERA5,Asia/Kolkata,Open-Meteo Historical Weather API
MH-Yavatmal,2015-04-24,31.8,38.3,25.9,0.0,0.0,0.0,31,8.24,0.201,0.236,0.227,33.0,32.1,20.39324,78.13201,ERA5,Asia/Kolkata,Open-Meteo Historical Weather API
MH-Yavatmal,2015-04-25,32.2,38.8,25.1,0.0,0.0,0.0,30,7.5,0.196,0.234,0.229,32.8,31.8,20.39324,78.13201,ERA5,Asia/Kolkata,Open-Meteo Historical Weather API
MH-Yavatmal,2015-04-26,31.6,39.0,24.5,0.0,0.0,0.0,32,7.44,0.194,0.234,0.231,32.4,31.5,20.39324,78.13201,ERA5,Asia/Kolkata,Open-Meteo Historical Weather API
MH-Yavatmal,2015-04-27,31.7,38.9,23.5,0.0,0.0,0.0,40,7.26,0.195,0.235,0.235,32.7,31.7,20.39324,78.13201,ERA5,Asia/Kolkata,Open-Meteo Historical Weather API
MH-Yavatmal,2015-04-28,34.7,42.0,28.4,0.0,0.0,0.0,32,8.99,0.19,0.231,0.234,34.8,32.6,20.39324,78.13201,ERA5,Asia/Kolkata,Open-Meteo Historical Weather API
MH-Yavatmal,2015-04-29,34.3,41.1,29.2,0.0,0.0,0.0,30,8.98,0.184,0.227,0.234,35.3,33.3,20.39324,78.13201,ERA5,Asia/Kolkata,Open-Meteo Historical Weather API
MH-Yavatmal,2015-04-30,34.6,41.6,28.9,0.0,0.0,0.0,29,8.46,0.179,0.224,0.234,35.5,33.7,20.39324,78.13201,ERA5,Asia/Kolkata,Open-Meteo Historical Weather API
MH-Yavatmal,2015-05-01,33.9,41.5,27.4,0.0,0.0,0.0,28,8.46,0.179,0.221,0.233,35.1,33.6,20.39324,78.13201,ERA5,Asia/Kolkata,Open-Meteo Historical Weather API
MH-Yavatmal,2015-05-02,34.8,42.2,28.6,0.0,0.0,0.0,26,8.45,0.177,0.218,0.233,36.0,33.9,20.39324,78.13201,ERA5,Asia/Kolkata,Open-Meteo Historical Weather API
MH-Yavatmal,2015-05-03,34.5,41.8,26.1,0.0,0.0,0.0,26,7.85,0.177,0.216,0.232,35.9,34.2,20.39324,78.13201,ERA5,Asia/Kolkata,Open-Meteo Historical Weather API
MH-Yavatmal,2015-05-04,32.3,39.2,28.2,0.8,0.8,2.0,41,6.83,0.185,0.219,0.236,35.0,34.5,20.39324,78.13201,ERA5,Asia/Kolkata,Open-Meteo Historical Weather API
MH-Yavatmal,2015-05-05,31.7,38.7,25.8,0.0,0.0,0.0,46,6.31,0.2,0.222,0.24,34.2,33.9,20.39324,78.13201,ERA5,Asia/Kolkata,Open-Meteo Historical Weather API
MH-Yavatmal,2015-05-06,33.1,40.8,26.4,0.2,0.2,1.0,37,7.17,0.203,0.22,0.24,34.8,33.8,20.39324,78.13201,ERA5,Asia/Kolkata,Open-Meteo Historical Weather API
MH-Yavatmal,2015-05-07,33.3,41.0,25.1,0.0,0.0,0.0,35,7.34,0.196,0.218,0.239,34.6,33.7,20.39324,78.13201,ERA5,Asia/Kolkata,Open-Meteo Historical Weather API
MH-Yavatmal,2015-05-08,35.3,43.0,27.5,0.0,0.0,0.0,30,8.32,0.188,0.214,0.237,36.0,34.2,20.39324,78.13201,ERA5,Asia/Kolkata,Open-Meteo Historical Weather API
MH-Yavatmal,2015-05-09,35.6,42.8,28.8,0.1,0.1,1.0,27,7.69,0.185,0.212,0.236,36.5,34.9,20.39324,78.13201,ERA5,Asia/Kolkata,Open-Meteo Historical Weather API
MH-Yavatmal,2015-05-10,34.6,41.1,28.5,0.6,0.6,2.0,33,6.6,0.192,0.217,0.24,36.0,34.9,20.39324,78.13201,ERA5,Asia/Kolkata,Open-Meteo Historical Weather API
MH-Yavatmal,2015-05-11,34.2,41.1,28.1,1.0,1.0,2.0,35,7.53,0.198,0.215,0.239,36.1,34.7,20.39324,78.13201,ERA5,Asia/Kolkata,Open-Meteo Historical Weather API
MH-Yavatmal,2015-05-12,33.6,40.9,27.8,0.0,0.0,0.0,40,7.01,0.202,0.213,0.239,35.7,35.0,20.39324,78.13201,ERA5,Asia/Kolkata,Open-Meteo Historical Weather API
MH-Yavatmal,2015-05-13,33.4,40.5,28.8,0.6,0.6,2.0,41,6.47,0.206,0.211,0.239,35.9,35.2,20.39324,78.13201,ERA5,Asia/Kolkata,Open-Meteo Historical Weather API
MH-Yavatmal,2015-05-14,30.8,35.9,24.9,1.5,1.5,6.0,55,5.11,0.231,0.212,0.24,33.9,34.2,20.39324,78.13201,ERA5,Asia/Kolkata,Open-Meteo Historical Weather API
MH-Yavatmal,2015-05-15,29.9,32.0,27.2,1.9,1.9,4.0,56,3.04,0.236,0.204,0.234,32.4,33.0,20.39324,78.13201,ERA5,Asia/Kolkata,Open-Meteo Historical Weather API
MH-Yavatmal,2015-05-16,31.8,39.1,25.6,0.0,0.0,0.0,53,6.21,0.23,0.202,0.231,33.6,32.4,20.39324,78.13201,ERA5,Asia/Kolkata,Open-Meteo Historical Weather API
MH-Yavatmal,2015-05-17,34.3,41.3,27.6,0.0,0.0,0.0,40,6.9,0.211,0.199,0.228,35.2,33.8,20.39324,78.13201,ERA5,Asia/Kolkata,Open-Meteo Historical Weather API
MH-Yavatmal,2015-05-18,36.3,44.0,29.4,0.0,0.0,0.0,32,8.37,0.195,0.195,0.223,37.0,34.8,20.39324,78.13201,ERA5,Asia/Kolkata,Open-Meteo Historical Weather API
MH-Yavatmal,2015-05-19,37.9,46.1,31.3,0.0,0.0,0.0,25,10.06,0.185,0.193,0.218,38.4,36.0,20.39324,78.13201,ERA5,Asia/Kolkata,Open-Meteo Historical Weather API
MH-Yavatmal,2015-05-20,38.5,46.2,33.3,0.0,0.0,0.0,26,10.71,0.181,0.192,0.214,39.2,37.2,20.39324,78.13201,ERA5,Asia/Kolkata,Open-Meteo Historical Weather API
MH-Yavatmal,2015-05-21,38.5,45.3,32.9,0.0,0.0,0.0,24,11.05,0.174,0.191,0.21,39.5,37.3,20.39324,78.13201,ERA5,Asia/Kolkata,Open-Meteo Historical Weather API
MH-Yavatmal,2015-05-22,38.2,45.2,31.9,0.0,0.0,0.0,27,11.03,0.172,0.19,0.208,39.4,37.5,20.39324,78.13201,ERA5,Asia/Kolkata,Open-Meteo Historical Weather API
MH-Yavatmal,2015-05-23,36.9,42.6,31.6,0.0,0.0,0.0,27,11.08,0.171,0.189,0.207,38.6,37.3,20.39324,78.13201,ERA5,Asia/Kolkata,Open-Meteo Historical Weather API
MH-Yavatmal,2015-05-24,36.6,42.4,31.2,0.0,0.0,0.0,33,9.86,0.17,0.19,0.207,38.4,36.9,20.39324,78.13201,ERA5,Asia/Kolkata,Open-Meteo Historical Weather API
MH-Yavatmal,2015-05-25,36.6,42.8,30.8,0.0,0.0,0.0,35,10.36,0.171,0.191,0.21,38.5,36.9,20.39324,78.13201,ERA5,Asia/Kolkata,Open-Meteo Historical Weather API
MH-Yavatmal,2015-05-26,36.8,43.0,31.1,0.0,0.0,0.0,35,9.12,0.171,0.191,0.211,38.7,37.0,20.39324,78.13201,ERA5,Asia/Kolkata,Open-Meteo Historical Weather API
MH-Yavatmal,2015-05-27,37.4,44.6,30.7,0.0,0.0,0.0,33,9.65,0.17,0.19,0.21,38.9,37.2,20.39324,78.13201,ERA5,Asia/Kolkata,Open-Meteo Historical Weather API
MH-Yavatmal,2015-05-28,37.2,43.5,31.5,0.0,0.0,0.0,32,9.17,0.171,0.191,0.21,39.1,37.5,20.39324,78.13201,ERA5,Asia/Kolkata,Open-Meteo Historical Weather API
MH-Yavatmal,2015-05-29,37.7,45.1,32.6,0.2,0.2,1.0,33,9.05,0.172,0.192,0.211,39.3,37.8,20.39324,78.13201,ERA5,Asia/Kolkata,Open-Meteo Historical Weather API
MH-Yavatmal,2015-05-30,37.8,44.5,32.2,0.0,0.0,0.0,30,10.56,0.174,0.193,0.215,39.4,38.1,20.39324,78.13201,ERA5,Asia/Kolkata,Open-Meteo Historical Weather API
MH-Yavatmal,2015-05-31,38.4,45.5,32.7,0.0,0.0,0.0,27,10.35,0.174,0.193,0.214,40.0,38.4,20.39324,78.13201,ERA5,Asia/Kolkata,Open-Meteo Historical Weather API
MH-Yavatmal,2015-06-01,34.9,39.9,30.9,0.1,0.1,1.0,35,7.12,0.184,0.202,0.228,38.3,38.3,20.39324,78.13201,ERA5,Asia/Kolkata,Open-Meteo Historical Weather API
MH-Yavatmal,2015-06-02,33.8,41.2,28.3,0.0,0.0,0.0,42,7.08,0.192,0.21,0.235,37.0,37.4,20.39324,78.13201,ERA5,Asia/Kolkata,Open-Meteo Historical Weather API
MH-Yavatmal,2015-06-03,33.5,39.0,26.7,0.0,0.0,0.0,44,5.97,0.191,0.212,0.238,36.6,36.4,20.39324,78.13201,ERA5,Asia/Kolkata,Open-Meteo Historical Weather API
MH-Yavatmal,2015-06-04,35.2,41.8,29.5,0.0,0.0,0.0,37,6.16,0.184,0.206,0.233,37.4,36.3,20.39324,78.13201,ERA5,Asia/Kolkata,Open-Meteo Historical Weather API
MH-Yavatmal,2015-06-05,34.0,40.2,29.6,0.1,0.1,1.0,41,6.31,0.186,0.209,0.236,36.6,36.3,20.39324,78.13201,ERA5,Asia/Kolkata,Open-Meteo Historical Weather API
MH-Yavatmal,2015-06-06,35.2,40.8,31.1,0.2,0.2,1.0,37,7.58,0.185,0.211,0.237,37.0,36.2,20.39324,78.13201,ERA5,Asia/Kolkata,Open-Meteo Historical Weather API
MH-Yavatmal,2015-06-07,33.4,40.1,29.8,0.5,0.5,2.0,46,6.86,0.191,0.211,0.238,36.2,36.3,20.39324,78.13201,ERA5,Asia/Kolkata,Open-Meteo Historical Weather API
MH-Yavatmal,2015-06-08,32.8,39.7,28.1,2.7,2.7,4.0,51,6.6,0.207,0.206,0.234,36.1,35.9,20.39324,78.13201,ERA5,Asia/Kolkata,Open-Meteo Historical Weather API
MH-Yavatmal,2015-06-09,31.6,37.7,27.0,1.3,1.3,1.0,56,6.54,0.245,0.207,0.234,34.7,35.1,20.39324,78.13201,ERA5,Asia/Kolkata,Open-Meteo Historical Weather API
MH-Yavatmal,2015-06-10,32.6,39.9,27.4,5.1,5.1,6.0,53,6.97,0.235,0.203,0.231,35.4,34.9,20.39324,78.13201,ERA5,Asia/Kolkata,Open-Meteo Historical Weather API
MH-Yavatmal,2015-06-11,31.5,37.2,25.5,4.5,4.5,4.0,59,5.81,0.279,0.204,0.23,33.8,34.2,20.39324,78.13201,ERA5,Asia/Kolkata,Open-Meteo Historical Weather API
MH-Yavatmal,2015-06-12,28.8,35.2,25.8,10.2,10.2,10.0,71,4.32,0.352,0.21,0.228,32.2,33.3,20.39324,78.13201,ERA5,Asia/Kolkata,Open-Meteo Historical Weather API
MH-Yavatmal,2015-06-13,27.3,31.5,25.5,6.7,6.7,10.0,76,3.44,0.386,0.23,0.227,30.3,31.7,20.39324,78.13201,ERA5,Asia/Kolkata,Open-Meteo Historical Weather API
MH-Yavatmal,2015-06-14,27.6,31.6,24.3,11.7,11.7,13.0,75,2.61,0.405,0.272,0.227,29.1,30.2,20.39324,78.13201,ERA5,Asia/Kolkata,Open-Meteo Historical Weather API
MH-Yavatmal,2015-06-15,28.3,33.1,24.8,5.5,5.5,8.0,71,3.91,0.392,0.296,0.223,29.4,29.7,20.39324,78.13201,ERA5,Asia/Kolkata,Open-Meteo Historical Weather API
MH-Yavatmal,2015-06-16,28.7,34.2,23.9,6.4,6.4,14.0,72,4.28,0.387,0.305,0.221,30.0,29.9,20.39324,78.13201,ERA5,Asia/Kolkata,Open-Meteo Historical Weather API
MH-Yavatmal,2015-06-17,27.5,32.3,24.3,19.6,19.6,14.0,78,2.85,0.416,0.328,0.219,29.1,29.6,20.39324,78.13201,ERA5,Asia/Kolkata,Open-Meteo Historical Weather API
MH-Yavatmal,2015-06-18,27.3,32.9,24.0,15.6,15.6,15.0,81,3.83,0.444,0.392,0.219,29.1,29.4,20.39324,78.13201,ERA5,Asia/Kolkata,Open-Meteo Historical Weather API
MH-Yavatmal,2015-06-19,27.0,31.6,23.5,18.5,18.5,22.0,81,3.34,0.455,0.433,0.226,28.5,29.2,20.39324,78.13201,ERA5,Asia/Kolkata,Open-Meteo Historical Weather API
MH-Yavatmal,2015-06-20,28.2,33.0,25.0,5.5,5.5,10.0,72,3.63,0.446,0.435,0.236,28.6,28.9,20.39324,78.13201,ERA5,Asia/Kolkata,Open-Meteo Historical Weather API
MH-Yavatmal,2015-06-21,25.8,29.4,23.7,58.8,58.8,24.0,87,1.78,0.462,0.452,0.255,27.2,28.4,20.39324,78.13201,ERA5,Asia/Kolkata,Open-Meteo Historical Weather API
MH-Yavatmal,2015-06-22,24.9,26.2,23.6,103.0,103.0,22.0,89,1.2,0.464,0.464,0.325,25.9,27.1,20.39324,78.13201,ERA5,Asia/Kolkata,Open-Meteo Historical Weather API
MH-Yavatmal,2015-06-23,27.0,30.3,23.8,2.7,2.7,11.0,78,3.3,0.443,0.443,0.354,27.0,26.9,20.39324,78.13201,ERA5,Asia/Kolkata,Open-Meteo Historical Weather API
MH-Yavatmal,2015-06-24,28.8,32.9,25.3,1.8,1.8,6.0,69,4.68,0.432,0.43,0.357,28.6,27.9,20.39324,78.13201,ERA5,Asia/Kolkata,Open-Meteo Historical Weather API
MH-Yavatmal,2015-06-25,28.3,31.5,25.5,0.0,0.0,0.0,69,3.09,0.412,0.417,0.358,27.9,28.1,20.39324,78.13201,ERA5,Asia/Kolkata,Open-Meteo Historical Weather API
MH-Yavatmal,2015-06-26,28.9,33.1,25.1,0.3,0.3,3.0,67,4.87,0.398,0.405,0.357,28.5,27.9,20.39324,78.13201,ERA5,Asia/Kolkata,Open-Meteo Historical Weather API
MH-Yavatmal,2015-06-27,28.9,33.0,25.0,0.2,0.2,2.0,68,5.07,0.383,0.393,0.354,28.9,28.3,20.39324,78.13201,ERA5,Asia/Kolkata,Open-Meteo Historical Weather API
MH-Yavatmal,2015-06-28,29.1,33.5,26.1,0.0,0.0,0.0,64,5.69,0.364,0.38,0.351,29.5,28.7,20.39324,78.13201,ERA5,Asia/Kolkata,Open-Meteo Historical Weather API
MH-Yavatmal,2015-06-29,29.6,34.5,25.9,0.0,0.0,0.0,64,4.98,0.346,0.366,0.347,29.7,28.9,20.39324,78.13201,ERA5,Asia/Kolkata,Open-Meteo Historical Weather API
MH-Yavatmal,2015-06-30,29.3,34.7,25.9,0.0,0.0,0.0,64,5.19,0.33,0.354,0.344,29.7,28.9,20.39324,78.13201,ERA5,Asia/Kolkata,Open-Meteo Historical Weather API
MH-Yavatmal,2015-07-01,28.0,32.7,26.1,0.3,0.3,2.0,73,4.27,0.32,0.347,0.343,29.3,29.1,20.39324,78.13201,ERA5,Asia/Kolkata,Open-Meteo Historical Weather API
MH-Yavatmal,2015-07-02,29.0,33.2,24.7,0.4,0.4,3.0,68,4.96,0.319,0.34,0.342,29.6,29.1,20.39324,78.13201,ERA5,Asia/Kolkata,Open-Meteo Historical Weather API
MH-Yavatmal,2015-07-03,29.7,33.5,25.9,0.0,0.0,0.0,60,6.22,0.304,0.332,0.34,30.0,29.3,20.39324,78.13201,ERA5,Asia/Kolkata,Open-Meteo Historical Weather API
MH-Yavatmal,2015-07-04,29.9,34.1,26.0,0.0,0.0,0.0,58,6.03,0.288,0.322,0.337,30.0,29.2,20.39324,78.13201,ERA5,Asia/Kolkata,Open-Meteo Historical Weather API
MH-Yavatmal,2015-07-05,29.9,33.8,26.2,0.0,0.0,0.0,57,6.74,0.275,0.313,0.335,30.3,29.3,20.39324,78.13201,ERA5,Asia/Kolkata,Open-Meteo Historical Weather API
MH-Yavatmal,2015-07-06,29.6,33.3,26.1,0.0,0.0,0.0,58,5.16,0.262,0.306,0.332,29.7,29.2,20.39324,78.13201,ERA5,Asia/Kolkata,Open-Meteo Historical Weather API
MH-Yavatmal,2015-07-07,30.3,33.5,26.9,0.0,0.0,0.0,56,5.44,0.251,0.297,0.329,30.0,29.2,20.39324,78.13201,ERA5,Asia/Kolkata,Open-Meteo Historical Weather API
MH-Yavatmal,2015-07-08,30.0,33.2,26.8,0.0,0.0,0.0,59,4.84,0.246,0.29,0.326,29.8,29.2,20.39324,78.13201,ERA5,Asia/Kolkata,Open-Meteo Historical Weather API
MH-Yavatmal,2015-07-09,29.7,31.8,26.8,0.3,0.3,1.0,60,5.42,0.242,0.286,0.324,29.8,29.3,20.39324,78.13201,ERA5,Asia/Kolkata,Open-Meteo Historical Weather API
MH-Yavatmal,2015-07-10,28.2,30.2,26.0,9.3,9.3,15.0,68,2.82,0.318,0.286,0.322,28.6,28.8,20.39324,78.13201,ERA5,Asia/Kolkata,Open-Meteo Historical Weather API
MH-Yavatmal,2015-07-11,28.8,32.2,25.7,0.9,0.9,6.0,64,3.87,0.36,0.291,0.319,28.3,27.9,20.39324,78.13201,ERA5,Asia/Kolkata,Open-Meteo Historical Weather API
MH-Yavatmal,2015-07-12,29.7,34.5,25.0,0.0,0.0,0.0,65,4.91,0.333,0.29,0.317,29.4,28.4,20.39324,78.13201,ERA5,Asia/Kolkata,Open-Meteo Historical Weather API
MH-Yavatmal,2015-07-13,30.1,34.0,26.5,0.0,0.0,0.0,65,5.09,0.308,0.285,0.314,30.4,29.3,20.39324,78.13201,ERA5,Asia/Kolkata,Open-Meteo Historical Weather API
MH-Yavatmal,2015-07-14,30.7,34.5,27.1,0.0,0.0,0.0,60,5.71,0.288,0.282,0.311,30.8,29.9,20.39324,78.13201,ERA5,Asia/Kolkata,Open-Meteo Historical Weather API
MH-Yavatmal,2015-07-15,30.7,35.1,27.3,0.0,0.0,0.0,57,6.25,0.267,0.274,0.307,31.2,30.3,20.39324,78.13201,ERA5,Asia/Kolkata,Open-Meteo Historical Weather API
MH-Yavatmal,2015-07-16,30.6,34.7,27.1,0.0,0.0,0.0,58,4.97,0.248,0.266,0.301,30.8,30.3,20.39324,78.13201,ERA5,Asia/Kolkata,Open-Meteo Historical Weather API
MH-Yavatmal,2015-07-17,30.1,33.3,28.0,0.2,0.2,1.0,62,4.46,0.243,0.262,0.299,30.8,30.2,20.39324,78.13201,ERA5,Asia/Kolkata,Open-Meteo Historical Weather API
MH-Yavatmal,2015-07-18,27.4,32.9,24.6,14.3,14.3,12.0,78,4.01,0.339,0.265,0.299,29.4,29.8,20.39324,78.13201,ERA5,Asia/Kolkata,Open-Meteo Historical Weather API
MH-Yavatmal,2015-07-19,26.4,28.1,24.8,2.7,2.7,7.0,79,2.11,0.352,0.272,0.3,27.2,28.5,20.39324,78.13201,ERA5,Asia/Kolkata,Open-Meteo Historical Weather API
MH-Yavatmal,2015-07-20,26.1,28.6,24.1,2.4,2.4,8.0,79,3.24,0.35,0.277,0.3,27.2,27.6,20.39324,78.13201,ERA5,Asia/Kolkata,Open-Meteo Historical Weather API
MH-Yavatmal,2015-07-21,25.6,27.9,23.6,7.4,7.4,21.0,86,2.1,0.384,0.291,0.3,26.1,26.8,20.39324,78.13201,ERA5,Asia/Kolkata,Open-Meteo Historical Weather API
MH-Yavatmal,2015-07-22,27.4,31.3,24.9,7.5,7.5,7.0,80,3.65,0.372,0.304,0.299,27.8,27.2,20.39324,78.13201,ERA5,Asia/Kolkata,Open-Meteo Historical Weather API
MH-Yavatmal,2015-07-23,26.1,29.0,23.5,8.1,8.1,14.0,85,2.46,0.415,0.338,0.299,27.1,27.5,20.39324,78.13201,ERA5,Asia/Kolkata,Open-Meteo Historical Weather API
MH-Yavatmal,2015-07-24,26.8,30.0,24.1,6.1,6.1,14.0,81,3.35,0.411,0.356,0.3,27.4,27.3,20.39324,78.13201,ERA5,Asia/Kolkata,Open-Meteo Historical Weather API
MH-Yavatmal,2015-07-25,26.2,28.7,24.1,0.8,0.8,6.0,81,2.96,0.397,0.366,0.301,27.0,27.4,20.39324,78.13201,ERA5,Asia/Kolkata,Open-Meteo Historical Weather API
MH-Yavatmal,2015-07-26,26.8,30.0,23.5,0.2,0.2,1.0,76,3.8,0.374,0.364,0.302,27.3,27.3,20.39324,78.13201,ERA5,Asia/Kolkata,Open-Meteo Historical Weather API
MH-Yavatmal,2015-07-27,26.6,29.5,24.1,0.1,0.1,1.0,75,3.26,0.358,0.357,0.302,27.3,27.3,20.39324,78.13201,ERA5,Asia/Kolkata,Open-Meteo Historical Weather API
MH-Yavatmal,2015-07-28,27.1,31.8,23.9,4.5,4.5,3.0,73,4.6,0.352,0.349,0.301,27.7,27.5,20.39324,78.13201,ERA5,Asia/Kolkata,Open-Meteo Historical Weather API
MH-Yavatmal,2015-07-29,27.1,30.8,23.2,0.0,0.0,0.0,71,3.96,0.361,0.342,0.299,27.3,27.3,20.39324,78.13201,ERA5,Asia/Kolkata,Open-Meteo Historical Weather API
MH-Yavatmal,2015-07-30,27.4,30.3,24.8,0.6,0.6,4.0,72,3.87,0.347,0.338,0.298,27.6,27.3,20.39324,78.13201,ERA5,Asia/Kolkata,Open-Meteo Historical Weather API
MH-Yavatmal,2015-07-31,27.4,30.6,24.0,0.9,0.9,4.0,71,4.55,0.335,0.331,0.297,27.7,27.4,20.39324,78.13201,ERA5,Asia/Kolkata,Open-Meteo Historical Weather API
MH-Yavatmal,2015-08-01,27.6,30.9,24.3,0.2,0.2,2.0,70,4.61,0.322,0.324,0.295,28.0,27.6,20.39324,78.13201,ERA5,Asia/Kolkata,Open-Meteo Historical Weather API
MH-Yavatmal,2015-08-02,27.7,31.1,24.7,0.1,0.1,1.0,68,5.18,0.307,0.316,0.293,28.5,27.9,20.39324,78.13201,ERA5,Asia/Kolkata,Open-Meteo Historical Weather API
MH-Yavatmal,2015-08-03,25.5,27.8,23.6,11.6,11.6,12.0,81,2.71,0.323,0.312,0.293,27.0,27.5,20.39324,78.13201,ERA5,Asia/Kolkata,Open-Meteo Historical Weather API
MH-Yavatmal,2015-08-04,22.7,23.7,21.8,124.0,124.0,24.0,93,0.9,0.46,0.429,0.313,24.2,25.8,20.39324,78.13201,ERA5,Asia/Kolkata,Open-Meteo Historical Weather API
MH-Yavatmal,2015-08-05,22.8,24.7,21.5,53.8,53.8,24.0,90,1.54,0.461,0.462,0.382,23.2,24.5,20.39324,78.13201,ERA5,Asia/Kolkata,Open-Meteo Historical Weather API
MH-Yavatmal,2015-08-06,24.2,26.7,22.1,9.7,9.7,15.0,84,2.39,0.453,0.451,0.399,24.1,24.5,20.39324,78.13201,ERA5,Asia/Kolkata,Open-Meteo Historical Weather API
MH-Yavatmal,2015-08-07,25.9,28.7,23.2,1.8,1.8,10.0,83,3.22,0.434,0.434,0.401,25.8,25.4,20.39324,78.13201,ERA5,Asia/Kolkata,Open-Meteo Historical Weather API
MH-Yavatmal,2015-08-08,26.2,28.9,24.2,1.9,1.9,8.0,84,2.43,0.431,0.426,0.401,26.2,26.0,20.39324,78.13201,ERA5,Asia/Kolkata,Open-Meteo Historical Weather API
MH-Yavatmal,2015-08-09,26.3,29.2,24.2,4.1,4.1,6.0,84,2.99,0.423,0.422,0.4,26.7,26.3,20.39324,78.13201,ERA5,Asia/Kolkata,Open-Meteo Historical Weather API
MH-Yavatmal,2015-08-10,26.5,30.1,24.2,3.7,3.7,6.0,85,3.12,0.423,0.42,0.4,27.0,26.6,20.39324,78.13201,ERA5,Asia/Kolkata,Open-Meteo Historical Weather API
MH-Yavatmal,2015-08-11,26.3,29.3,24.7,5.2,5.2,6.0,86,2.65,0.433,0.421,0.399,27.0,26.7,20.39324,78.13201,ERA5,Asia/Kolkata,Open-Meteo Historical Weather API
MH-Yavatmal,2015-08-12,24.9,26.5,23.6,31.8,31.8,20.0,92,1.19,0.455,0.448,0.405,25.7,26.2,20.39324,78.13201,ERA5,Asia/Kolkata,Open-Meteo Historical Weather API
MH-Yavatmal,2015-08-13,23.8,24.6,23.1,96.3,96.3,24.0,91,1.03,0.465,0.464,0.426,24.6,25.2,20.39324,78.13201,ERA5,Asia/Kolkata,Open-Meteo Historical Weather API
MH-Yavatmal,2015-08-14,25.3,27.4,23.5,26.7,26.7,14.0,86,2.12,0.46,0.459,0.446,25.1,24.6,20.39324,78.13201,ERA5,Asia/Kolkata,Open-Meteo Historical Weather API
MH-Yavatmal,2015-08-15,27.5,31.3,23.8,0.6,0.6,4.0,80,4.14,0.436,0.441,0.445,27.2,25.8,20.39324,78.13201,ERA5,Asia/Kolkata,Open-Meteo Historical Weather API
MH-Yavatmal,2015-08-16,27.4,30.0,25.4,0.0,0.0,0.0,79,3.77,0.42,0.427,0.44,27.5,26.8,20.39324,78.13201,ERA5,Asia/Kolkata,Open-Meteo Historical Weather API
MH-Yavatmal,2015-08-17,27.3,30.5,25.2,1.6,1.6,8.0,78,3.29,0.415,0.418,0.437,27.1,26.8,20.39324,78.13201,ERA5,Asia/Kolkata,Open-Meteo Historical Weather API
MH-Yavatmal,2015-08-18,27.4,30.6,25.3,3.4,3.4,8.0,81,4.27,0.414,0.412,0.433,28.1,27.1,20.39324,78.13201,ERA5,Asia/Kolkata,Open-Meteo Historical Weather API
MH-Yavatmal,2015-08-19,27.6,31.9,25.3,0.1,0.1,1.0,79,3.95,0.406,0.409,0.43,28.2,27.5,20.39324,78.13201,ERA5,Asia/Kolkata,Open-Meteo Historical Weather API
MH-Yavatmal,2015-08-20,27.5,30.8,24.6,0.4,0.4,2.0,78,4.59,0.392,0.402,0.426,28.0,27.6,20.39324,78.13201,ERA5,Asia/Kolkata,Open-Meteo Historical Weather API
MH-Yavatmal,2015-08-21,27.5,30.8,24.8,0.0,0.0,0.0,73,5.05,0.376,0.392,0.423,28.1,27.5,20.39324,78.13201,ERA5,Asia/Kolkata,Open-Meteo Historical Weather API
MH-Yavatmal,2015-08-22,26.9,29.9,24.7,1.1,1.1,5.0,75,4.12,0.368,0.383,0.419,27.4,27.3,20.39324,78.13201,ERA5,Asia/Kolkata,Open-Meteo Historical Weather API
MH-Yavatmal,2015-08-23,27.2,30.9,24.3,0.2,0.2,2.0,75,4.29,0.362,0.377,0.416,27.4,26.9,20.39324,78.13201,ERA5,Asia/Kolkata,Open-Meteo Historical Weather API
MH-Yavatmal,2015-08-24,27.5,30.8,24.2,0.4,0.4,3.0,73,4.52,0.351,0.369,0.412,27.5,26.8,20.39324,78.13201,ERA5,Asia/Kolkata,Open-Meteo Historical Weather API
MH-Yavatmal,2015-08-25,27.6,31.3,24.4,0.6,0.6,5.0,72,4.77,0.344,0.361,0.409,27.7,27.0,20.39324,78.13201,ERA5,Asia/Kolkata,Open-Meteo Historical Weather API
MH-Yavatmal,2015-08-26,27.7,31.2,24.2,0.1,0.1,1.0,74,4.75,0.334,0.355,0.406,27.9,27.3,20.39324,78.13201,ERA5,Asia/Kolkata,Open-Meteo Historical Weather API
MH-Yavatmal,2015-08-27,26.2,28.1,24.8,10.1,10.1,9.0,84,1.8,0.372,0.355,0.403,26.5,26.9,20.39324,78.13201,ERA5,Asia/Kolkata,Open-Meteo Historical Weather API
MH-Yavatmal,2015-08-28,26.0,29.0,24.1,14.9,14.9,22.0,87,2.36,0.43,0.38,0.402,26.4,26.3,20.39324,78.13201,ERA5,Asia/Kolkata,Open-Meteo Historical Weather API
MH-Yavatmal,2015-08-29,25.5,28.9,23.8,23.1,23.1,16.0,88,2.08,0.454,0.445,0.406,25.7,25.9,20.39324,78.13201,ERA5,Asia/Kolkata,Open-Meteo Historical Weather API
MH-Yavatmal,2015-08-30,25.5,27.6,24.2,3.2,3.2,7.0,87,1.81,0.445,0.447,0.413,25.7,25.8,20.39324,78.13201,ERA5,Asia/Kolkata,Open-Meteo Historical Weather API
MH-Yavatmal,2015-08-31,26.0,28.2,23.6,8.9,8.9,14.0,85,2.93,0.451,0.449,0.417,26.2,26.0,20.39324,78.13201,ERA5,Asia/Kolkata,Open-Meteo Historical Weather API
MH-Yavatmal,2015-09-01,26.8,30.1,23.5,0.0,0.0,0.0,79,4.35,0.431,0.439,0.418,27.1,26.6,20.39324,78.13201,ERA5,Asia/Kolkata,Open-Meteo Historical Weather API
MH-Yavatmal,2015-09-02,26.7,30.9,23.2,0.0,0.0,0.0,76,4.73,0.412,0.424,0.417,27.2,26.7,20.39324,78.13201,ERA5,Asia/Kolkata,Open-Meteo Historical Weather API
MH-Yavatmal,2015-09-03,27.1,31.9,22.4,0.0,0.0,0.0,74,4.7,0.396,0.411,0.415,27.6,26.8,20.39324,78.13201,ERA5,Asia/Kolkata,Open-Meteo Historical Weather API
MH-Yavatmal,2015-09-04,26.8,30.8,23.9,1.4,1.4,4.0,80,3.82,0.392,0.402,0.413,27.5,27.2,20.39324,78.13201,ERA5,Asia/Kolkata,Open-Meteo Historical Weather API
MH-Yavatmal,2015-09-05,28.0,32.7,23.6,0.6,0.6,5.0,79,4.25,0.383,0.394,0.41,28.4,27.3,20.39324,78.13201,ERA5,Asia/Kolkata,Open-Meteo Historical Weather API
MH-Yavatmal,2015-09-06,28.3,32.9,24.8,0.8,0.8,3.0,76,4.45,0.374,0.385,0.407,28.9,27.9,20.39324,78.13201,ERA5,Asia/Kolkata,Open-Meteo Historical Weather API
MH-Yavatmal,2015-09-07,26.8,31.1,24.0,4.6,4.6,10.0,83,3.8,0.382,0.378,0.406,28.1,27.9,20.39324,78.13201,ERA5,Asia/Kolkata,Open-Meteo Historical Weather API
MH-Yavatmal,2015-09-08,26.2,31.2,23.0,13.0,13.0,10.0,85,3.69,0.417,0.389,0.404,27.6,27.5,20.39324,78.13201,ERA5,Asia/Kolkata,Open-Meteo Historical Weather API
MH-Yavatmal,2015-09-09,27.1,31.9,23.5,1.7,1.7,6.0,81,4.35,0.42,0.406,0.403,28.1,27.5,20.39324,78.13201,ERA5,Asia/Kolkata,Open-Meteo Historical Weather API
MH-Yavatmal,2015-09-10,27.8,32.4,23.8,0.1,0.1,1.0,78,4.4,0.406,0.403,0.402,28.5,27.8,20.39324,78.13201,ERA5,Asia/Kolkata,Open-Meteo Historical Weather API
MH-Yavatmal,2015-09-11,28.4,33.3,24.0,0.0,0.0,0.0,71,4.59,0.389,0.394,0.4,28.5,27.9,20.39324,78.13201,ERA5,Asia/Kolkata,Open-Meteo Historical Weather API
MH-Yavatmal,2015-09-12,28.5,32.8,24.6,0.0,0.0,0.0,68,4.63,0.371,0.383,0.397,28.6,28.1,20.39324,78.13201,ERA5,Asia/Kolkata,Open-Meteo Historical Weather API
MH-Yavatmal,2015-09-13,28.1,33.4,24.8,8.5,8.5,10.0,75,4.43,0.377,0.373,0.395,28.6,28.1,20.39324,78.13201,ERA5,Asia/Kolkata,Open-Meteo Historical Weather API
MH-Yavatmal,2015-09-14,26.9,32.5,23.3,12.4,12.4,16.0,82,3.94,0.44,0.397,0.394,28.4,28.0,20.39324,78.13201,ERA5,Asia/Kolkata,Open-Meteo Historical Weather API
MH-Yavatmal,2015-09-15,26.9,32.5,23.8,1.4,1.4,4.0,81,3.79,0.427,0.415,0.394,27.7,27.8,20.39324,78.13201,ERA5,Asia/Kolkata,Open-Meteo Historical Weather API
MH-Yavatmal,2015-09-16,27.1,32.5,22.9,25.5,25.5,19.0,82,3.89,0.454,0.437,0.395,27.7,27.6,20.39324,78.13201,ERA5,Asia/Kolkata,Open-Meteo Historical Weather API
MH-Yavatmal,2015-09-17,24.3,25.1,23.8,78.4,78.4,23.0,93,0.74,0.465,0.465,0.422,25.5,26.7,20.39324,78.13201,ERA5,Asia/Kolkata,Open-Meteo Historical Weather API
MH-Yavatmal,2015-09-18,25.8,28.3,23.2,2.6,2.6,10.0,81,3.49,0.45,0.456,0.449,26.0,26.1,20.39324,78.13201,ERA5,Asia/Kolkata,Open-Meteo Historical Weather API
MH-Yavatmal,2015-09-19,26.9,30.5,23.9,1.0,1.0,3.0,77,3.71,0.434,0.44,0.446,26.9,26.5,20.39324,78.13201,ERA5,Asia/Kolkata,Open-Meteo Historical Weather API
MH-Yavatmal,2015-09-20,27.5,30.7,24.7,0.4,0.4,2.0,77,3.49,0.42,0.429,0.442,27.6,26.9,20.39324,78.13201,ERA5,Asia/Kolkata,Open-Meteo Historical Weather API
MH-Yavatmal,2015-09-21,27.3,30.8,24.9,0.0,0.0,0.0,76,3.87,0.407,0.418,0.439,27.5,27.1,20.39324,78.13201,ERA5,Asia/Kolkata,Open-Meteo Historical Weather API
MH-Yavatmal,2015-09-22,27.7,32.1,24.4,0.0,0.0,0.0,75,4.23,0.393,0.407,0.435,27.9,27.2,20.39324,78.13201,ERA5,Asia/Kolkata,Open-Meteo Historical Weather API
MH-Yavatmal,2015-09-23,27.7,31.5,24.4,0.8,0.8,4.0,78,4.26,0.383,0.398,0.431,28.2,27.3,20.39324,78.13201,ERA5,Asia/Kolkata,Open-Meteo Historical Weather API
MH-Yavatmal,2015-09-24,27.7,31.8,24.7,0.0,0.0,0.0,74,4.63,0.373,0.389,0.427,28.2,27.5,20.39324,78.13201,ERA5,Asia/Kolkata,Open-Meteo Historical Weather API
MH-Yavatmal,2015-09-25,27.2,31.7,23.9,0.0,0.0,0.0,72,5.0,0.359,0.38,0.423,28.0,27.4,20.39324,78.13201,ERA5,Asia/Kolkata,Open-Meteo Historical Weather API
MH-Yavatmal,2015-09-26,26.0,30.8,21.5,0.0,0.0,0.0,69,5.16,0.345,0.37,0.418,27.1,26.7,20.39324,78.13201,ERA5,Asia/Kolkata,Open-Meteo Historical Weather API
MH-Yavatmal,2015-09-27,27.2,32.5,22.3,0.0,0.0,0.0,66,4.87,0.332,0.361,0.414,27.2,26.6,20.39324,78.13201,ERA5,Asia/Kolkata,Open-Meteo Historical Weather API
MH-Yavatmal,2015-09-28,27.2,32.5,23.0,0.1,0.1,1.0,72,4.0,0.324,0.354,0.41,27.5,26.9,20.39324,78.13201,ERA5,Asia/Kolkata,Open-Meteo Historical Weather API
MH-Yavatmal,2015-09-29,28.0,32.9,24.2,0.0,0.0,0.0,70,4.53,0.316,0.347,0.406,28.0,27.1,20.39324,78.13201,ERA5,Asia/Kolkata,Open-Meteo Historical Weather API
MH-Yavatmal,2015-09-30,27.7,32.5,22.6,0.0,0.0,0.0,69,4.65,0.306,0.339,0.402,28.1,27.3,20.39324,78.13201,ERA5,Asia/Kolkata,Open-Meteo Historical Weather API
MH-Yavatmal,2015-10-01,28.0,33.2,23.4,0.0,0.0,0.0,72,4.42,0.294,0.33,0.397,28.4,27.5,20.39324,78.13201,ERA5,Asia/Kolkata,Open-Meteo Historical Weather API
MH-Yavatmal,2015-10-02,28.1,32.8,24.4,2.5,2.5,9.0,76,4.34,0.298,0.323,0.393,29.1,28.1,20.39324,78.13201,ERA5,Asia/Kolkata,Open-Meteo Historical Weather API
MH-Yavatmal,2015-10-03,27.6,32.5,23.6,3.5,3.5,3.0,80,4.22,0.311,0.318,0.39,29.0,28.2,20.39324,78.13201,ERA5,Asia/Kolkata,Open-Meteo Historical Weather API
MH-Yavatmal,2015-10-04,27.6,32.1,24.1,0.5,0.5,1.0,77,4.37,0.323,0.316,0.387,28.6,28.3,20.39324,78.13201,ERA5,Asia/Kolkata,Open-Meteo Historical Weather API
MH-Yavatmal,2015-10-05,27.3,33.9,22.7,0.0,0.0,0.0,68,4.76,0.308,0.312,0.383,28.0,27.9,20.39324,78.13201,ERA5,Asia/Kolkata,Open-Meteo Historical Weather API
MH-Yavatmal,2015-10-06,27.1,34.1,20.4,0.0,0.0,0.0,63,4.98,0.291,0.306,0.379,27.1,27.4,20.39324,78.13201,ERA5,Asia/Kolkata,Open-Meteo Historical Weather API
MH-Yavatmal,2015-10-07,26.7,33.3,20.7,0.0,0.0,0.0,65,4.7,0.274,0.296,0.374,26.9,26.9,20.39324,78.13201,ERA5,Asia/Kolkata,Open-Meteo Historical Weather API
MH-Yavatmal,2015-10-08,26.8,33.2,21.4,0.0,0.0,0.0,66,4.52,0.258,0.284,0.368,27.3,27.2,20.39324,78.13201,ERA5,Asia/Kolkata,Open-Meteo Historical Weather API
MH-Yavatmal,2015-10-09,27.0,34.7,20.9,0.0,0.0,0.0,61,4.62,0.25,0.28,0.366,27.1,27.2,20.39324,78.13201,ERA5,Asia/Kolkata,Open-Meteo Historical Weather API
MH-Yavatmal,2015-10-10,27.4,34.9,20.9,0.0,0.0,0.0,59,4.64,0.241,0.275,0.362,27.4,27.3,20.39324,78.13201,ERA5,Asia/Kolkata,Open-Meteo Historical Weather API
MH-Yavatmal,2015-10-11,27.1,34.1,20.3,0.0,0.0,0.0,64,4.43,0.234,0.271,0.358,27.4,27.3,20.39324,78.13201,ERA5,Asia/Kolkata,Open-Meteo Historical Weather API
MH-Yavatmal,2015-10-12,27.2,34.6,22.0,0.0,0.0,0.0,64,4.35,0.227,0.267,0.354,27.5,27.5,20.39324,78.13201,ERA5,Asia/Kolkata,Open-Meteo Historical Weather API
MH-Yavatmal,2015-10-13,27.0,34.6,20.4,0.0,0.0,0.0,63,4.42,0.22,0.263,0.35,27.3,27.4,20.39324,78.13201,ERA5,Asia/Kolkata,Open-Meteo Historical Weather API
MH-Yavatmal,2015-10-14,27.4,35.3,20.3,0.0,0.0,0.0,59,4.85,0.215,0.259,0.347,27.4,27.5,20.39324,78.13201,ERA5,Asia/Kolkata,Open-Meteo Historical Weather API
MH-Yavatmal,2015-10-15,27.3,33.9,21.6,0.0,0.0,0.0,61,4.88,0.212,0.257,0.345,27.8,27.6,20.39324,78.13201,ERA5,Asia/Kolkata,Open-Meteo Historical Weather API
MH-Yavatmal,2015-10-16,27.2,32.2,22.4,0.4,0.4,2.0,72,4.19,0.21,0.255,0.343,28.3,27.8,20.39324,78.13201,ERA5,Asia/Kolkata,Open-Meteo Historical Weather API
MH-Yavatmal,2015-10-17,27.6,33.0,23.0,0.0,0.0,0.0,65,4.71,0.209,0.253,0.34,28.5,28.1,20.39324,78.13201,ERA5,Asia/Kolkata,Open-Meteo Historical Weather API
MH-Yavatmal,2015-10-18,26.8,33.5,20.5,0.0,0.0,0.0,64,4.41,0.204,0.249,0.337,27.6,27.8,20.39324,78.13201,ERA5,Asia/Kolkata,Open-Meteo Historical Weather API
MH-Yavatmal,2015-10-19,27.4,33.7,21.5,0.0,0.0,0.0,61,4.2,0.201,0.245,0.333,27.6,27.6,20.39324,78.13201,ERA5,Asia/Kolkata,Open-Meteo Historical Weather API
MH-Yavatmal,2015-10-20,26.9,33.7,20.4,0.0,0.0,0.0,66,3.7,0.201,0.243,0.331,27.5,27.7,20.39324,78.13201,ERA5,Asia/Kolkata,Open-Meteo Historical Weather API
MH-Yavatmal,2015-10-21,27.6,33.9,21.2,0.0,0.0,0.0,61,4.22,0.201,0.242,0.329,28.0,27.8,20.39324,78.13201,ERA5,Asia/Kolkata,Open-Meteo Historical Weather API
MH-Yavatmal,2015-10-22,27.7,33.0,22.5,0.0,0.0,0.0,61,4.05,0.2,0.239,0.326,28.3,28.0,20.39324,78.13201,ERA5,Asia/Kolkata,Open-Meteo Historical Weather API
MH-Yavatmal,2015-10-23,27.8,34.4,22.6,0.0,0.0,0.0,63,4.19,0.198,0.236,0.322,28.7,28.4,20.39324,78.13201,ERA5,Asia/Kolkata,Open-Meteo Historical Weather API
MH-Yavatmal,2015-10-24,27.6,33.7,22.3,0.0,0.0,0.0,63,4.29,0.196,0.233,0.319,28.6,28.4,20.39324,78.13201,ERA5,Asia/Kolkata,Open-Meteo Historical Weather API
MH-Yavatmal,2015-10-25,27.3,33.2,22.5,0.0,0.0,0.0,65,4.19,0.197,0.231,0.317,28.5,28.4,20.39324,78.13201,ERA5,Asia/Kolkata,Open-Meteo Historical Weather API
MH-Yavatmal,2015-10-26,26.7,31.8,22.7,0.0,0.0,0.0,64,4.17,0.2,0.231,0.316,28.2,28.2,20.39324,78.13201,ERA5,Asia/Kolkata,Open-Meteo Historical Weather API
MH-Yavatmal,2015-10-27,26.5,31.7,21.1,0.0,0.0,0.0,63,4.14,0.198,0.229,0.314,28.0,28.0,20.39324,78.13201,ERA5,Asia/Kolkata,Open-Meteo Historical Weather API
MH-Yavatmal,2015-10-28,26.8,32.5,22.1,0.0,0.0,0.0,61,4.13,0.194,0.226,0.31,28.2,28.0,20.39324,78.13201,ERA5,Asia/Kolkata,Open-Meteo Historical Weather API
MH-Yavatmal,2015-10-29,25.6,30.1,22.6,0.3,0.3,1.0,66,3.8,0.195,0.226,0.309,27.5,27.7,20.39324,78.13201,ERA5,Asia/Kolkata,Open-Meteo Historical Weather API
MH-Yavatmal,2015-10-30,24.3,28.8,20.6,0.0,0.0,0.0,72,3.42,0.198,0.229,0.311,26.3,27.1,20.39324,78.13201,ERA5,Asia/Kolkata,Open-Meteo Historical Weather API
MH-Yavatmal,2015-10-31,24.7,29.8,20.8,0.0,0.0,0.0,69,3.62,0.202,0.233,0.313,26.3,26.5,20.39324,78.13201,ERA5,Asia/Kolkata,Open-Meteo Historical Weather API
MH-Yavatmal,2015-11-01,24.8,30.5,20.3,0.0,0.0,0.0,69,3.67,0.202,0.233,0.313,26.1,26.3,20.39324,78.13201,ERA5,Asia/Kolkata,Open-Meteo Historical Weather API
MH-Yavatmal,2015-11-02,25.6,30.2,21.4,0.1,0.1,1.0,69,3.43,0.201,0.231,0.311,26.5,26.3,20.39324,78.13201,ERA5,Asia/Kolkata,Open-Meteo Historical Weather API
MH-Yavatmal,2015-11-03,25.8,31.4,21.4,0.0,0.0,0.0,65,3.94,0.2,0.229,0.308,26.8,26.5,20.39324,78.13201,ERA5,Asia/Kolkata,Open-Meteo Historical Weather API
MH-Yavatmal,2015-11-04,25.8,32.0,19.7,0.0,0.0,0.0,63,3.7,0.196,0.225,0.304,26.5,26.5,20.39324,78.13201,ERA5,Asia/Kolkata,Open-Meteo Historical Weather API
MH-Yavatmal,2015-11-05,25.8,31.4,20.1,0.0,0.0,0.0,63,3.77,0.194,0.222,0.302,26.6,26.6,20.39324,78.13201,ERA5,Asia/Kolkata,Open-Meteo Historical Weather API
MH-Yavatmal,2015-11-06,25.8,31.9,20.5,0.0,0.0,0.0,62,3.57,0.193,0.22,0.299,26.7,26.8,20.39324,78.13201,ERA5,Asia/Kolkata,Open-Meteo Historical Weather API
MH-Yavatmal,2015-11-07,26.1,32.5,20.7,0.0,0.0,0.0,59,4.09,0.191,0.219,0.297,27.0,26.9,20.39324,78.13201,ERA5,Asia/Kolkata,Open-Meteo Historical Weather API
MH-Yavatmal,2015-11-08,26.1,33.1,21.0,0.0,0.0,0.0,57,4.44,0.192,0.22,0.297,27.0,27.0,20.39324,78.13201,ERA5,Asia/Kolkata,Open-Meteo Historical Weather API
MH-Yavatmal,2015-11-09,25.2,31.6,20.0,0.0,0.0,0.0,57,4.51,0.194,0.223,0.299,26.5,26.8,20.39324,78.13201,ERA5,Asia/Kolkata,Open-Meteo Historical Weather API
MH-Yavatmal,2015-11-10,25.2,31.5,20.5,0.0,0.0,0.0,59,4.4,0.193,0.224,0.299,26.5,26.6,20.39324,78.13201,ERA5,Asia/Kolkata,Open-Meteo Historical Weather API
MH-Yavatmal,2015-11-11,25.1,31.8,19.0,0.0,0.0,0.0,62,4.45,0.192,0.223,0.298,26.4,26.4,20.39324,78.13201,ERA5,Asia/Kolkata,Open-Meteo Historical Weather API
MH-Yavatmal,2015-11-12,24.9,31.6,19.0,0.0,0.0,0.0,59,4.59,0.191,0.223,0.297,26.1,26.2,20.39324,78.13201,ERA5,Asia/Kolkata,Open-Meteo Historical Weather API
MH-Yavatmal,2015-11-13,24.9,31.8,17.6,0.0,0.0,0.0,58,4.29,0.193,0.222,0.296,25.8,26.1,20.39324,78.13201,ERA5,Asia/Kolkata,Open-Meteo Historical Weather API
MH-Yavatmal,2015-11-14,24.2,31.4,18.3,0.0,0.0,0.0,56,4.53,0.192,0.222,0.296,25.3,25.9,20.39324,78.13201,ERA5,Asia/Kolkata,Open-Meteo Historical Weather API
MH-Yavatmal,2015-11-15,24.1,31.6,17.7,0.0,0.0,0.0,57,4.35,0.193,0.221,0.294,24.9,25.6,20.39324,78.13201,ERA5,Asia/Kolkata,Open-Meteo Historical Weather API
MH-Yavatmal,2015-11-16,24.5,31.8,18.7,0.0,0.0,0.0,58,4.41,0.191,0.22,0.293,25.5,25.6,20.39324,78.13201,ERA5,Asia/Kolkata,Open-Meteo Historical Weather API
MH-Yavatmal,2015-11-17,24.1,30.9,18.2,0.0,0.0,0.0,57,4.49,0.191,0.222,0.294,25.4,25.6,20.39324,78.13201,ERA5,Asia/Kolkata,Open-Meteo Historical Weather API
MH-Yavatmal,2015-11-18,23.5,30.5,16.6,0.0,0.0,0.0,54,4.58,0.192,0.222,0.293,24.9,25.4,20.39324,78.13201,ERA5,Asia/Kolkata,Open-Meteo Historical Weather API
MH-Yavatmal,2015-11-19,23.3,30.1,17.9,0.0,0.0,0.0,54,4.7,0.192,0.221,0.292,24.5,25.0,20.39324,78.13201,ERA5,Asia/Kolkata,Open-Meteo Historical Weather API
MH-Yavatmal,2015-11-20,23.2,30.1,17.9,0.0,0.0,0.0,54,4.48,0.191,0.22,0.291,24.5,24.8,20.39324,78.13201,ERA5,Asia/Kolkata,Open-Meteo Historical Weather API
MH-Yavatmal,2015-11-21,24.4,30.5,19.6,0.0,0.0,0.0,54,4.2,0.191,0.219,0.29,25.3,25.1,20.39324,78.13201,ERA5,Asia/Kolkata,Open-Meteo Historical Weather API
MH-Yavatmal,2015-11-22,25.0,30.9,19.6,0.0,0.0,0.0,53,4.34,0.192,0.219,0.29,25.9,25.7,20.39324,78.13201,ERA5,Asia/Kolkata,Open-Meteo Historical Weather API
MH-Yavatmal,2015-11-23,25.5,31.3,20.8,0.0,0.0,0.0,52,4.12,0.189,0.218,0.288,26.6,26.2,20.39324,78.13201,ERA5,Asia/Kolkata,Open-Meteo Historical Weather API
MH-Yavatmal,2015-11-24,25.6,31.8,21.3,0.0,0.0,0.0,53,3.96,0.186,0.216,0.286,26.9,26.6,20.39324,78.13201,ERA5,Asia/Kolkata,Open-Meteo Historical Weather API
MH-Yavatmal,2015-11-25,24.6,31.0,19.9,0.0,0.0,0.0,58,4.13,0.187,0.215,0.285,26.1,26.4,20.39324,78.13201,ERA5,Asia/Kolkata,Open-Meteo Historical Weather API
MH-Yavatmal,2015-11-26,24.4,31.3,18.5,0.0,0.0,0.0,56,4.01,0.186,0.213,0.282,25.4,26.0,20.39324,78.13201,ERA5,Asia/Kolkata,Open-Meteo Historical Weather API
MH-Yavatmal,2015-11-27,24.5,31.6,18.4,0.0,0.0,0.0,57,3.75,0.188,0.213,0.281,25.5,25.8,20.39324,78.13201,ERA5,Asia/Kolkata,Open-Meteo Historical Weather API
MH-Yavatmal,2015-11-28,25.5,31.0,20.8,0.0,0.0,0.0,58,4.01,0.189,0.214,0.281,26.2,26.2,20.39324,78.13201,ERA5,Asia/Kolkata,Open-Meteo Historical Weather API
MH-Yavatmal,2015-11-29,25.0,31.1,20.6,0.2,0.2,1.0,63,3.65,0.189,0.215,0.281,26.4,26.5,20.39324,78.13201,ERA5,Asia/Kolkata,Open-Meteo Historical Weather API
MH-Yavatmal,2015-11-30,24.9,31.4,20.3,0.0,0.0,0.0,60,4.03,0.19,0.214,0.28,26.2,26.4,20.39324,78.13201,ERA5,Asia/Kolkata,Open-Meteo Historical Weather API
MH-Yavatmal,2015-12-01,23.9,30.6,18.5,0.0,0.0,0.0,64,3.7,0.188,0.213,0.278,25.8,26.1,20.39324,78.13201,ERA5,Asia/Kolkata,Open-Meteo Historical Weather API
MH-Yavatmal,2015-12-02,24.9,31.1,19.4,0.0,0.0,0.0,58,3.58,0.189,0.213,0.278,25.7,25.8,20.39324,78.13201,ERA5,Asia/Kolkata,Open-Meteo Historical Weather API
MH-Yavatmal,2015-12-03,25.1,31.1,20.1,0.0,0.0,0.0,62,3.65,0.189,0.215,0.279,26.4,26.1,20.39324,78.13201,ERA5,Asia/Kolkata,Open-Meteo Historical Weather API
MH-Yavatmal,2015-12-04,23.9,29.9,18.4,0.0,0.0,0.0,56,3.96,0.189,0.216,0.279,25.3,25.9,20.39324,78.13201,ERA5,Asia/Kolkata,Open-Meteo Historical Weather API
MH-Yavatmal,2015-12-05,23.0,30.0,16.4,0.0,0.0,0.0,55,3.85,0.189,0.216,0.279,24.2,25.2,20.39324,78.13201,ERA5,Asia/Kolkata,Open-Meteo Historical Weather API
MH-Yavatmal,2015-12-06,21.8,29.8,15.5,0.0,0.0,0.0,51,4.09,0.19,0.217,0.28,23.1,24.4,20.39324,78.13201,ERA5,Asia/Kolkata,Open-Meteo Historical Weather API
MH-Yavatmal,2015-12-07,21.3,29.4,14.4,0.0,0.0,0.0,50,4.25,0.191,0.219,0.28,22.3,23.5,20.39324,78.13201,ERA5,Asia/Kolkata,Open-Meteo Historical Weather API
MH-Yavatmal,2015-12-08,21.6,29.5,16.0,0.0,0.0,0.0,49,3.96,0.191,0.22,0.281,22.0,23.0,20.39324,78.13201,ERA5,Asia/Kolkata,Open-Meteo Historical Weather API
MH-Yavatmal,2015-12-09,21.4,29.6,14.1,0.0,0.0,0.0,53,4.0,0.191,0.22,0.281,22.0,22.8,20.39324,78.13201,ERA5,Asia/Kolkata,Open-Meteo Historical Weather API
MH-Yavatmal,2015-12-10,22.6,30.4,15.2,0.0,0.0,0.0,56,3.98,0.191,0.22,0.281,23.2,23.2,20.39324,78.13201,ERA5,Asia/Kolkata,Open-Meteo Historical Weather API
MH-Yavatmal,2015-12-11,24.7,30.7,19.6,0.0,0.0,0.0,59,3.72,0.192,0.221,0.282,25.0,24.3,20.39324,78.13201,ERA5,Asia/Kolkata,Open-Meteo Historical Weather API
MH-Yavatmal,2015-12-12,24.4,30.4,20.6,0.0,0.0,0.0,59,3.73,0.192,0.22,0.281,25.7,25.3,20.39324,78.13201,ERA5,Asia/Kolkata,Open-Meteo Historical Weather API
MH-Yavatmal,2015-12-13,24.4,30.7,18.9,0.0,0.0,0.0,58,3.59,0.19,0.219,0.279,25.7,25.4,20.39324,78.13201,ERA5,Asia/Kolkata,Open-Meteo Historical Weather API
MH-Yavatmal,2015-12-14,24.4,28.9,21.4,0.0,0.0,0.0,62,3.6,0.188,0.216,0.277,26.0,25.8,20.39324,78.13201,ERA5,Asia/Kolkata,Open-Meteo Historical Weather API
MH-Yavatmal,2015-12-15,22.8,28.1,18.7,0.0,0.0,0.0,51,4.0,0.187,0.216,0.276,24.8,25.5,20.39324,78.13201,ERA5,Asia/Kolkata,Open-Meteo Historical Weather API
MH-Yavatmal,2015-12-16,23.3,29.8,18.1,0.0,0.0,0.0,53,3.71,0.185,0.213,0.274,24.7,25.0,20.39324,78.13201,ERA5,Asia/Kolkata,Open-Meteo Historical Weather API
MH-Yavatmal,2015-12-17,24.8,30.6,20.5,0.0,0.0,0.0,61,3.78,0.183,0.211,0.271,25.7,25.5,20.39324,78.13201,ERA5,Asia/Kolkata,Open-Meteo Historical Weather API
MH-Yavatmal,2015-12-18,22.5,27.7,19.6,0.0,0.0,0.0,58,3.86,0.183,0.21,0.271,24.7,25.4,20.39324,78.13201,ERA5,Asia/Kolkata,Open-Meteo Historical Weather API
MH-Yavatmal,2015-12-19,21.4,27.9,16.3,0.0,0.0,0.0,48,3.82,0.185,0.212,0.272,23.2,24.3,20.39324,78.13201,ERA5,Asia/Kolkata,Open-Meteo Historical Weather API
MH-Yavatmal,2015-12-20,22.9,28.7,18.1,0.0,0.0,0.0,61,3.1,0.186,0.213,0.272,24.0,24.2,20.39324,78.13201,ERA5,Asia/Kolkata,Open-Meteo Historical Weather API
MH-Yavatmal,2015-12-21,24.0,29.1,19.8,0.0,0.0,0.0,64,3.21,0.186,0.211,0.27,25.0,24.9,20.39324,78.13201,ERA5,Asia/Kolkata,Open-Meteo Historical Weather API
MH-Yavatmal,2015-12-22,23.3,29.0,18.3,0.0,0.0,0.0,64,3.55,0.184,0.209,0.268,24.9,25.0,20.39324,78.13201,ERA5,Asia/Kolkata,Open-Meteo Historical Weather API
MH-Yavatmal,2015-12-23,22.1,28.0,17.6,0.0,0.0,0.0,53,3.99,0.184,0.209,0.267,24.2,25.0,20.39324,78.13201,ERA5,Asia/Kolkata,Open-Meteo Historical Weather API
MH-Yavatmal,2015-12-24,19.1,25.8,14.9,0.0,0.0,0.0,44,4.14,0.186,0.211,0.268,21.8,23.9,20.39324,78.13201,ERA5,Asia/Kolkata,Open-Meteo Historical Weather API
MH-Yavatmal,2015-12-25,16.4,23.3,10.9,0.0,0.0,0.0,44,3.93,0.191,0.213,0.27,19.4,22.0,20.39324,78.13201,ERA5,Asia/Kolkata,Open-Meteo Historical Weather API
MH-Yavatmal,2015-12-26,16.6,24.3,10.4,0.0,0.0,0.0,45,3.84,0.193,0.213,0.27,18.7,20.7,20.39324,78.13201,ERA5,Asia/Kolkata,Open-Meteo Historical Weather API
MH-Yavatmal,2015-12-27,18.7,27.4,10.3,0.0,0.0,0.0,43,4.08,0.191,0.211,0.268,19.1,20.3,20.39324,78.13201,ERA5,Asia/Kolkata,Open-Meteo Historical Weather API
MH-Yavatmal,2015-12-28,20.6,29.6,11.0,0.0,0.0,0.0,42,4.01,0.189,0.207,0.266,20.2,20.8,20.39324,78.13201,ERA5,Asia/Kolkata,Open-Meteo Historical Weather API
MH-Yavatmal,2015-12-29,21.4,31.0,12.3,0.0,0.0,0.0,47,3.82,0.189,0.207,0.265,21.1,21.4,20.39324,78.13201,ERA5,Asia/Kolkata,Open-Meteo Historical Weather API
MH-Yavatmal,2015-12-30,22.1,30.9,15.1,0.0,0.0,0.0,50,3.89,0.188,0.207,0.265,21.8,22.0,20.39324,78.13201,ERA5,Asia/Kolkata,Open-Meteo Historical Weather API
MH-Yavatmal,2015-12-31,22.4,32.2,15.0,0.0,0.0,0.0,49,4.24,0.187,0.207,0.265,22.4,22.4,20.39324,78.13201,ERA5,Asia/Kolkata,Open-Meteo Historical Weather API
MH-Yavatmal,2016-01-01,22.3,31.2,14.8,0.0,0.0,0.0,51,3.92,0.187,0.207,0.263,22.6,22.7,20.39324,78.13201,ERA5,Asia/Kolkata,Open-Meteo Historical Weather API
MH-Yavatmal,2016-01-02,22.1,30.9,14.8,0.0,0.0,0.0,51,4.13,0.186,0.207,0.261,22.8,23.0,20.39324,78.13201,ERA5,Asia/Kolkata,Open-Meteo Historical Weather API
MH-Yavatmal,2016-01-03,21.4,29.1,14.6,0.0,0.0,0.0,51,4.11,0.187,0.207,0.26,22.6,23.1,20.39324,78.13201,ERA5,Asia/Kolkata,Open-Meteo Historical Weather API
MH-Yavatmal,2016-01-04,21.0,29.4,14.8,0.0,0.0,0.0,51,4.15,0.187,0.207,0.26,22.2,22.8,20.39324,78.13201,ERA5,Asia/Kolkata,Open-Meteo Historical Weather API
MH-Yavatmal,2016-01-05,20.8,29.1,13.3,0.0,0.0,0.0,48,4.13,0.188,0.208,0.261,21.8,22.3,20.39324,78.13201,ERA5,Asia/Kolkata,Open-Meteo Historical Weather API
MH-Yavatmal,2016-01-06,21.4,29.9,14.9,0.0,0.0,0.0,48,3.94,0.189,0.209,0.263,21.8,22.2,20.39324,78.13201,ERA5,Asia/Kolkata,Open-Meteo Historical Weather API
MH-Yavatmal,2016-01-07,21.4,29.1,16.3,0.0,0.0,0.0,51,3.54,0.191,0.211,0.265,22.2,22.5,20.39324,78.13201,ERA5,Asia/Kolkata,Open-Meteo Historical Weather API
MH-Yavatmal,2016-01-08,21.9,30.1,15.7,0.0,0.0,0.0,49,3.74,0.196,0.215,0.269,22.1,22.4,20.39324,78.13201,ERA5,Asia/Kolkata,Open-Meteo Historical Weather API
MH-Yavatmal,2016-01-09,22.0,29.5,15.3,0.0,0.0,0.0,51,3.94,0.197,0.215,0.269,22.5,22.7,20.39324,78.13201,ERA5,Asia/Kolkata,Open-Meteo Historical Weather API
MH-Yavatmal,2016-01-10,21.2,29.2,14.1,0.0,0.0,0.0,51,4.08,0.193,0.213,0.267,22.0,22.5,20.39324,78.13201,ERA5,Asia/Kolkata,Open-Meteo Historical Weather API
MH-Yavatmal,2016-01-11,21.4,29.1,14.4,0.0,0.0,0.0,51,3.83,0.192,0.211,0.265,22.2,22.5,20.39324,78.13201,ERA5,Asia/Kolkata,Open-Meteo Historical Weather API
MH-Yavatmal,2016-01-12,21.5,29.5,15.0,0.0,0.0,0.0,50,3.9,0.193,0.212,0.266,22.5,22.6,20.39324,78.13201,ERA5,Asia/Kolkata,Open-Meteo Historical Weather API
MH-Yavatmal,2016-01-13,22.4,29.7,16.9,0.0,0.0,0.0,47,4.09,0.193,0.212,0.265,23.3,23.1,20.39324,78.13201,ERA5,Asia/Kolkata,Open-Meteo Historical Weather API
MH-Yavatmal,2016-01-14,22.6,30.1,16.1,0.0,0.0,0.0,49,4.11,0.196,0.213,0.266,23.3,23.4,20.39324,78.13201,ERA5,Asia/Kolkata,Open-Meteo Historical Weather API
MH-Yavatmal,2016-01-15,23.0,28.6,18.4,0.0,0.0,0.0,54,3.89,0.199,0.214,0.268,23.8,23.9,20.39324,78.13201,ERA5,Asia/Kolkata,Open-Meteo Historical Weather API
MH-Yavatmal,2016-01-16,22.4,27.8,17.5,0.0,0.0,0.0,57,3.36,0.2,0.216,0.269,23.5,23.7,20.39324,78.13201,ERA5,Asia/Kolkata,Open-Meteo Historical Weather API
MH-Yavatmal,2016-01-17,23.1,28.1,19.7,0.0,0.0,0.0,54,3.69,0.198,0.216,0.269,23.8,23.7,20.39324,78.13201,ERA5,Asia/Kolkata,Open-Meteo Historical Weather API
MH-Yavatmal,2016-01-18,23.0,27.8,19.3,0.2,0.2,2.0,56,3.69,0.197,0.215,0.268,23.9,23.7,20.39324,78.13201,ERA5,Asia/Kolkata,Open-Meteo Historical Weather API
MH-Yavatmal,2016-01-19,22.6,28.3,18.8,0.0,0.0,0.0,51,4.44,0.198,0.215,0.268,23.9,23.7,20.39324,78.13201,ERA5,Asia/Kolkata,Open-Meteo Historical Weather API
MH-Yavatmal,2016-01-20,19.9,27.0,14.4,0.0,0.0,0.0,55,4.18,0.196,0.214,0.266,22.4,23.0,20.39324,78.13201,ERA5,Asia/Kolkata,Open-Meteo Historical Weather API
MH-Yavatmal,2016-01-21,18.0,24.2,13.8,0.0,0.0,0.0,47,4.16,0.194,0.212,0.264,20.9,22.1,20.39324,78.13201,ERA5,Asia/Kolkata,Open-Meteo Historical Weather API
MH-Yavatmal,2016-01-22,17.3,24.9,11.0,0.0,0.0,0.0,43,4.27,0.193,0.21,0.261,19.7,21.0,20.39324,78.13201,ERA5,Asia/Kolkata,Open-Meteo Historical Weather API
MH-Yavatmal,2016-01-23,17.4,26.2,10.2,0.0,0.0,0.0,38,4.27,0.19,0.207,0.257,19.3,20.3,20.39324,78.13201,ERA5,Asia/Kolkata,Open-Meteo Historical Weather API
MH-Yavatmal,2016-01-24,18.7,27.6,10.6,0.0,0.0,0.0,41,4.2,0.189,0.207,0.255,19.9,20.3,20.39324,78.13201,ERA5,Asia/Kolkata,Open-Meteo Historical Weather API
MH-Yavatmal,2016-01-25,20.4,29.2,12.5,0.0,0.0,0.0,42,4.35,0.188,0.207,0.252,21.2,21.1,20.39324,78.13201,ERA5,Asia/Kolkata,Open-Meteo Historical Weather API
MH-Yavatmal,2016-01-26,22.6,30.9,16.0,0.0,0.0,0.0,53,4.27,0.185,0.205,0.249,23.1,22.3,20.39324,78.13201,ERA5,Asia/Kolkata,Open-Meteo Historical Weather API
MH-Yavatmal,2016-01-27,22.7,31.3,14.8,0.0,0.0,0.0,47,4.67,0.185,0.204,0.246,23.5,23.1,20.39324,78.13201,ERA5,Asia/Kolkata,Open-Meteo Historical Weather API
MH-Yavatmal,2016-01-28,22.5,30.3,15.2,0.0,0.0,0.0,40,4.57,0.187,0.205,0.245,23.5,23.1,20.39324,78.13201,ERA5,Asia/Kolkata,Open-Meteo Historical Weather API
MH-Yavatmal,2016-01-29,22.5,31.4,15.1,0.0,0.0,0.0,50,4.7,0.187,0.205,0.245,23.4,23.2,20.39324,78.13201,ERA5,Asia/Kolkata,Open-Meteo Historical Weather API
MH-Yavatmal,2016-01-30,24.5,33.4,17.1,0.0,0.0,0.0,43,4.39,0.187,0.205,0.244,24.0,23.4,20.39324,78.13201,ERA5,Asia/Kolkata,Open-Meteo Historical Weather API
MH-Yavatmal,2016-01-31,24.4,33.7,16.6,0.0,0.0,0.0,43,4.86,0.187,0.205,0.242,24.9,24.1,20.39324,78.13201,ERA5,Asia/Kolkata,Open-Meteo Historical Weather API
MH-Yavatmal,2016-02-01,25.2,33.8,18.0,0.0,0.0,0.0,43,4.77,0.186,0.204,0.239,25.4,24.7,20.39324,78.13201,ERA5,Asia/Kolkata,Open-Meteo Historical Weather API
MH-Yavatmal,2016-02-02,25.0,33.1,17.4,0.0,0.0,0.0,41,5.1,0.184,0.202,0.236,25.8,25.0,20.39324,78.13201,ERA5,Asia/Kolkata,Open-Meteo Historical Weather API
MH-Yavatmal,2016-02-03,23.3,30.9,16.2,0.0,0.0,0.0,43,4.86,0.184,0.201,0.235,25.0,24.9,20.39324,78.13201,ERA5,Asia/Kolkata,Open-Meteo Historical Weather API
MH-Yavatmal,2016-02-04,22.4,29.8,15.8,0.0,0.0,0.0,45,4.85,0.186,0.202,0.236,24.2,24.4,20.39324,78.13201,ERA5,Asia/Kolkata,Open-Meteo Historical Weather API
MH-Yavatmal,2016-02-05,23.3,31.1,17.2,0.0,0.0,0.0,42,4.9,0.185,0.202,0.236,24.6,24.2,20.39324,78.13201,ERA5,Asia/Kolkata,Open-Meteo Historical Weather API
MH-Yavatmal,2016-02-06,25.6,32.4,18.4,0.0,0.0,0.0,46,5.23,0.184,0.203,0.236,26.1,24.9,20.39324,78.13201,ERA5,Asia/Kolkata,Open-Meteo Historical Weather API
MH-Yavatmal,2016-02-07,26.2,31.8,22.3,0.0,0.0,0.0,43,5.47,0.186,0.204,0.237,27.5,26.4,20.39324,78.13201,ERA5,Asia/Kolkata,Open-Meteo Historical Weather API
MH-Yavatmal,2016-02-08,24.2,31.2,17.4,0.0,0.0,0.0,41,4.97,0.186,0.205,0.238,26.0,26.0,20.39324,78.13201,ERA5,Asia/Kolkata,Open-Meteo Historical Weather API
MH-Yavatmal,2016-02-09,23.8,31.0,17.4,0.0,0.0,0.0,42,4.99,0.186,0.206,0.238,25.6,25.4,20.39324,78.13201,ERA5,Asia/Kolkata,Open-Meteo Historical Weather API
MH-Yavatmal,2016-02-10,26.1,33.5,19.4,0.0,0.0,0.0,48,4.59,0.185,0.206,0.238,26.6,25.8,20.39324,78.13201,ERA5,Asia/Kolkata,Open-Meteo Historical Weather API
MH-Yavatmal,2016-02-11,26.1,32.6,20.9,0.0,0.0,0.0,45,5.39,0.186,0.205,0.237,27.2,26.4,20.39324,78.13201,ERA5,Asia/Kolkata,Open-Meteo Historical Weather API
MH-Yavatmal,2016-02-12,25.1,32.4,18.9,0.0,0.0,0.0,37,4.69,0.189,0.207,0.239,26.7,26.4,20.39324,78.13201,ERA5,Asia/Kolkata,Open-Meteo Historical Weather API
MH-Yavatmal,2016-02-13,25.5,32.6,19.9,0.0,0.0,0.0,39,5.55,0.187,0.205,0.238,27.0,26.4,20.39324,78.13201,ERA5,Asia/Kolkata,Open-Meteo Historical Weather API
MH-Yavatmal,2016-02-14,26.0,32.4,19.3,0.0,0.0,0.0,46,4.89,0.186,0.205,0.237,27.3,26.5,20.39324,78.13201,ERA5,Asia/Kolkata,Open-Meteo Historical Weather API
MH-Yavatmal,2016-02-15,28.1,34.1,22.1,0.0,0.0,0.0,46,5.75,0.182,0.204,0.236,28.8,27.3,20.39324,78.13201,ERA5,Asia/Kolkata,Open-Meteo Historical Weather API
MH-Yavatmal,2016-02-16,27.5,34.1,21.8,0.0,0.0,0.0,35,6.24,0.18,0.204,0.236,28.8,28.0,20.39324,78.13201,ERA5,Asia/Kolkata,Open-Meteo Historical Weather API
MH-Yavatmal,2016-02-17,26.9,34.1,20.8,0.0,0.0,0.0,39,6.1,0.181,0.204,0.236,28.2,27.6,20.39324,78.13201,ERA5,Asia/Kolkata,Open-Meteo Historical Weather API
MH-Yavatmal,2016-02-18,27.4,35.3,20.6,0.0,0.0,0.0,42,5.81,0.181,0.203,0.235,28.3,27.5,20.39324,78.13201,ERA5,Asia/Kolkata,Open-Meteo Historical Weather API
MH-Yavatmal,2016-02-19,27.9,36.3,20.3,0.0,0.0,0.0,36,6.08,0.185,0.204,0.235,28.8,27.8,20.39324,78.13201,ERA5,Asia/Kolkata,Open-Meteo Historical Weather API
MH-Yavatmal,2016-02-20,28.2,35.8,21.7,0.0,0.0,0.0,34,5.68,0.185,0.204,0.235,29.1,28.1,20.39324,78.13201,ERA5,Asia/Kolkata,Open-Meteo Historical Weather API
MH-Yavatmal,2016-02-21,28.9,36.0,21.6,0.0,0.0,0.0,42,5.59,0.182,0.202,0.233,29.9,28.5,20.39324,78.13201,ERA5,Asia/Kolkata,Open-Meteo Historical Weather API
MH-Yavatmal,2016-02-22,29.3,35.0,24.0,0.0,0.0,0.0,50,4.89,0.182,0.202,0.233,30.8,29.5,20.39324,78.13201,ERA5,Asia/Kolkata,Open-Meteo Historical Weather API
MH-Yavatmal,2016-02-23,28.7,34.8,23.9,0.0,0.0,0.0,45,5.44,0.185,0.204,0.235,30.6,29.7,20.39324,78.13201,ERA5,Asia/Kolkata,Open-Meteo Historical Weather API
MH-Yavatmal,2016-02-24,29.0,36.1,22.8,0.0,0.0,0.0,48,4.98,0.186,0.204,0.235,30.5,29.8,20.39324,78.13201,ERA5,Asia/Kolkata,Open-Meteo Historical Weather API
MH-Yavatmal,2016-02-25,28.9,35.2,23.7,0.0,0.0,0.0,49,5.13,0.186,0.205,0.235,30.7,29.9,20.39324,78.13201,ERA5,Asia/Kolkata,Open-Meteo Historical Weather API
MH-Yavatmal,2016-02-26,29.1,34.5,24.6,0.1,0.1,1.0,53,4.85,0.185,0.204,0.234,30.8,30.0,20.39324,78.13201,ERA5,Asia/Kolkata,Open-Meteo Historical Weather API
MH-Yavatmal,2016-02-27,27.8,33.1,23.7,0.1,0.1,1.0,62,4.63,0.188,0.203,0.234,30.3,29.7,20.39324,78.13201,ERA5,Asia/Kolkata,Open-Meteo Historical Weather API
MH-Yavatmal,2016-02-28,28.2,34.5,22.8,0.2,0.2,1.0,59,4.84,0.194,0.202,0.233,30.4,29.4,20.39324,78.13201,ERA5,Asia/Kolkata,Open-Meteo Historical Weather API
MH-Yavatmal,2016-02-29,26.6,33.8,23.4,3.2,3.2,3.0,66,4.51,0.21,0.201,0.232,29.9,29.4,20.39324,78.13201,ERA5,Asia/Kolkata,Open-Meteo Historical Weather API
MH-Yavatmal,2016-03-01,26.3,32.7,21.4,0.2,0.2,1.0,67,4.43,0.25,0.201,0.231,29.0,28.9,20.39324,78.13201,ERA5,Asia/Kolkata,Open-Meteo Historical Weather API
MH-Yavatmal,2016-03-02,27.1,32.9,21.7,0.5,0.5,2.0,64,4.53,0.239,0.2,0.229,29.7,28.9,20.39324,78.13201,ERA5,Asia/Kolkata,Open-Meteo Historical Weather API
MH-Yavatmal,2016-03-03,28.4,34.5,23.2,0.0,0.0,0.0,52,4.8,0.227,0.198,0.225,30.2,29.1,20.39324,78.13201,ERA5,Asia/Kolkata,Open-Meteo Historical Weather API
MH-Yavatmal,2016-03-04,27.9,34.7,22.5,0.3,0.3,1.0,50,5.13,0.217,0.199,0.225,29.9,29.4,20.39324,78.13201,ERA5,Asia/Kolkata,Open-Meteo Historical Weather API
MH-Yavatmal,2016-03-05,28.0,35.1,21.9,2.6,2.6,3.0,49,5.37,0.216,0.199,0.225,29.4,29.1,20.39324,78.13201,ERA5,Asia/Kolkata,Open-Meteo Historical Weather API
MH-Yavatmal,2016-03-06,27.6,35.6,23.7,4.3,4.3,8.0,60,4.62,0.23,0.197,0.223,29.4,29.0,20.39324,78.13201,ERA5,Asia/Kolkata,Open-Meteo Historical Weather API
MH-Yavatmal,2016-03-07,28.5,35.5,22.5,0.0,0.0,0.0,52,5.57,0.241,0.195,0.221,29.8,28.7,20.39324,78.13201,ERA5,Asia/Kolkata,Open-Meteo Historical Weather API
MH-Yavatmal,2016-03-08,29.5,35.7,24.2,0.0,0.0,0.0,41,5.64,0.226,0.195,0.22,30.2,29.1,20.39324,78.13201,ERA5,Asia/Kolkata,Open-Meteo Historical Weather API
MH-Yavatmal,2016-03-09,29.5,35.6,25.0,0.0,0.0,0.0,39,5.4,0.215,0.196,0.22,30.3,29.6,20.39324,78.13201,ERA5,Asia/Kolkata,Open-Meteo Historical Weather API
MH-Yavatmal,2016-03-10,30.0,38.2,23.2,0.0,0.0,0.0,37,5.93,0.206,0.196,0.219,31.0,29.9,20.39324,78.13201,ERA5,Asia/Kolkata,Open-Meteo Historical Weather API
MH-Yavatmal,2016-03-11,30.9,38.5,22.4,0.0,0.0,0.0,36,5.92,0.199,0.197,0.219,31.7,30.3,20.39324,78.13201,ERA5,Asia/Kolkata,Open-Meteo Historical Weather API
MH-Yavatmal,2016-03-12,31.8,38.7,26.4,0.7,0.7,3.0,37,6.57,0.196,0.199,0.221,32.4,31.0,20.39324,78.13201,ERA5,Asia/Kolkata,Open-Meteo Historical Weather API
MH-Yavatmal,2016-03-13,29.4,34.8,24.9,0.1,0.1,1.0,48,5.41,0.197,0.201,0.223,31.6,30.9,20.39324,78.13201,ERA5,Asia/Kolkata,Open-Meteo Historical Weather API
MH-Yavatmal,2016-03-14,28.7,34.3,24.0,0.0,0.0,0.0,39,6.57,0.194,0.201,0.223,31.6,30.7,20.39324,78.13201,ERA5,Asia/Kolkata,Open-Meteo Historical Weather API
MH-Yavatmal,2016-03-15,27.6,34.2,21.0,0.5,0.5,1.0,51,5.47,0.19,0.202,0.224,30.6,30.2,20.39324,78.13201,ERA5,Asia/Kolkata,Open-Meteo Historical Weather API
MH-Yavatmal,2016-03-16,28.3,34.1,22.9,0.0,0.0,0.0,58,5.29,0.188,0.202,0.224,30.7,29.8,20.39324,78.13201,ERA5,Asia/Kolkata,Open-Meteo Historical Weather API
MH-Yavatmal,2016-03-17,30.5,36.7,25.5,0.2,0.2,1.0,50,5.47,0.186,0.2,0.222,32.2,30.4,20.39324,78.13201,ERA5,Asia/Kolkata,Open-Meteo Historical Weather API
MH-Yavatmal,2016-03-18,31.8,38.2,25.9,0.0,0.0,0.0,46,6.5,0.184,0.198,0.22,33.6,31.6,20.39324,78.13201,ERA5,Asia/Kolkata,Open-Meteo Historical Weather API
MH-Yavatmal,2016-03-19,31.7,38.5,26.5,0.0,0.0,0.0,32,7.83,0.178,0.197,0.219,33.4,32.1,20.39324,78.13201,ERA5,Asia/Kolkata,Open-Meteo Historical Weather API
MH-Yavatmal,2016-03-20,31.4,37.9,25.2,0.0,0.0,0.0,32,8.12,0.179,0.198,0.22,32.9,32.0,20.39324,78.13201,ERA5,Asia/Kolkata,Open-Meteo Historical Weather API
MH-Yavatmal,2016-03-21,30.8,37.9,24.2,0.0,0.0,0.0,24,8.45,0.178,0.198,0.219,32.4,31.7,20.39324,78.13201,ERA5,Asia/Kolkata,Open-Meteo Historical Weather API
MH-Yavatmal,2016-03-22,30.8,38.4,23.2,0.0,0.0,0.0,25,7.26,0.179,0.197,0.219,32.4,31.4,20.39324,78.13201,ERA5,Asia/Kolkata,Open-Meteo Historical Weather API
MH-Yavatmal,2016-03-23,30.8,38.6,22.5,0.0,0.0,0.0,24,6.89,0.179,0.197,0.217,32.5,31.5,20.39324,78.13201,ERA5,Asia/Kolkata,Open-Meteo Historical Weather API
MH-Yavatmal,2016-03-24,30.5,39.5,21.7,0.0,0.0,0.0,23,7.39,0.179,0.197,0.216,32.3,31.2,20.39324,78.13201,ERA5,Asia/Kolkata,Open-Meteo Historical Weather API
MH-Yavatmal,2016-03-25,31.2,39.4,22.8,0.0,0.0,0.0,23,6.88,0.177,0.197,0.215,33.3,31.7,20.39324,78.13201,ERA5,Asia/Kolkata,Open-Meteo Historical Weather API
MH-Yavatmal,2016-03-26,32.5,40.2,25.0,0.1,0.1,1.0,32,6.88,0.179,0.2,0.218,34.0,32.4,20.39324,78.13201,ERA5,Asia/Kolkata,Open-Meteo Historical Weather API
MH-Yavatmal,2016-03-27,31.7,39.8,26.8,0.9,0.9,3.0,36,6.48,0.186,0.2,0.218,33.6,33.0,20.39324,78.13201,ERA5,Asia/Kolkata,Open-Meteo Historical Weather API
MH-Yavatmal,2016-03-28,30.1,37.4,23.7,0.0,0.0,0.0,45,5.96,0.196,0.201,0.219,32.8,32.3,20.39324,78.13201,ERA5,Asia/Kolkata,Open-Meteo Historical Weather API
MH-Yavatmal,2016-03-29,31.9,39.7,25.1,0.0,0.0,0.0,32,6.93,0.194,0.203,0.22,33.6,32.5,20.39324,78.13201,ERA5,Asia/Kolkata,Open-Meteo Historical Weather API
MH-Yavatmal,2016-03-30,31.7,40.1,23.3,0.0,0.0,0.0,27,7.23,0.189,0.2,0.218,33.6,32.6,20.39324,78.13201,ERA5,Asia/Kolkata,Open-Meteo Historical Weather API
MH-Yavatmal,2016-03-31,32.3,40.2,24.5,0.0,0.0,0.0,25,7.73,0.184,0.199,0.216,33.8,32.7,20.39324,78.13201,ERA5,Asia/Kolkata,Open-Meteo Historical Weather API
MH-Yavatmal,2016-04-01,32.3,40.8,22.9,0.0,0.0,0.0,22,7.66,0.181,0.197,0.213,33.9,32.8,20.39324,78.13201,ERA5,Asia/Kolkata,Open-Meteo Historical Weather API
MH-Yavatmal,2016-04-02,33.3,42.0,24.3,0.0,0.0,0.0,25,6.82,0.177,0.194,0.211,35.0,33.3,20.39324,78.13201,ERA5,Asia/Kolkata,Open-Meteo Historical Weather API
MH-Yavatmal,2016-04-03,34.5,42.5,26.3,0.0,0.0,0.0,27,6.88,0.177,0.195,0.211,35.8,34.0,20.39324,78.13201,ERA5,Asia/Kolkata,Open-Meteo Historical Weather API
MH-Yavatmal,2016-04-04,35.3,42.0,28.3,0.0,0.0,0.0,29,6.33,0.174,0.195,0.21,36.7,34.8,20.39324,78.13201,ERA5,Asia/Kolkata,Open-Meteo Historical Weather API
MH-Yavatmal,2016-04-05,34.0,39.7,30.1,1.2,1.2,3.0,31,7.05,0.179,0.195,0.211,36.5,35.1,20.39324,78.13201,ERA5,Asia/Kolkata,Open-Meteo Historical Weather API
MH-Yavatmal,2016-04-06,32.5,38.9,27.1,0.2,0.2,1.0,42,6.23,0.193,0.195,0.211,35.3,34.7,20.39324,78.13201,ERA5,Asia/Kolkata,Open-Meteo Historical Weather API
MH-Yavatmal,2016-04-07,32.4,38.4,27.6,0.9,0.9,2.0,41,5.69,0.199,0.193,0.21,34.5,34.1,20.39324,78.13201,ERA5,Asia/Kolkata,Open-Meteo Historical Weather API
MH-Yavatmal,2016-04-08,33.2,39.7,26.6,0.0,0.0,0.0,36,6.49,0.202,0.195,0.211,34.8,33.7,20.39324,78.13201,ERA5,Asia/Kolkata,Open-Meteo Historical Weather API
MH-Yavatmal,2016-04-09,33.5,40.2,26.7,0.1,0.1,1.0,33,6.82,0.195,0.196,0.212,34.9,33.9,20.39324,78.13201,ERA5,Asia/Kolkata,Open-Meteo Historical Weather API
MH-Yavatmal,2016-04-10,34.2,40.7,28.0,0.0,0.0,0.0,32,6.67,0.191,0.198,0.213,35.4,34.1,20.39324,78.13201,ERA5,Asia/Kolkata,Open-Meteo Historical Weather API
MH-Yavatmal,2016-04-11,34.8,41.2,28.7,0.0,0.0,0.0,28,8.32,0.186,0.198,0.213,36.3,34.7,20.39324,78.13201,ERA5,Asia/Kolkata,Open-Meteo Historical Weather API
MH-Yavatmal,2016-04-12,34.5,40.9,27.8,0.0,0.0,0.0,27,7.87,0.183,0.197,0.212,36.2,35.1,20.39324,78.13201,ERA5,Asia/Kolkata,Open-Meteo Historical Weather API
MH-Yavatmal,2016-04-13,34.2,41.3,26.2,0.0,0.0,0.0,26,8.17,0.183,0.197,0.212,36.3,35.1,20.39324,78.13201,ERA5,Asia/Kolkata,Open-Meteo Historical Weather API
MH-Yavatmal,2016-04-14,34.1,42.6,23.9,0.0,0.0,0.0,23,7.52,0.182,0.197,0.212,35.7,35.0,20.39324,78.13201,ERA5,Asia/Kolkata,Open-Meteo Historical Weather API
MH-Yavatmal,2016-04-15,34.9,43.2,26.9,0.0,0.0,0.0,22,7.27,0.182,0.197,0.212,36.1,34.8,20.39324,78.13201,ERA5,Asia/Kolkata,Open-Meteo Historical Weather API
MH-Yavatmal,2016-04-16,35.6,43.5,26.5,0.0,0.0,0.0,25,7.36,0.18,0.197,0.211,37.2,35.4,20.39324,78.13201,ERA5,Asia/Kolkata,Open-Meteo Historical Weather API
MH-Yavatmal,2016-04-17,35.5,41.8,29.2,0.0,0.0,0.0,25,8.56,0.178,0.198,0.213,37.4,36.0,20.39324,78.13201,ERA5,Asia/Kolkata,Open-Meteo Historical Weather API
MH-Yavatmal,2016-04-18,35.4,41.9,27.7,0.0,0.0,0.0,28,7.22,0.177,0.197,0.212,37.7,36.2,20.39324,78.13201,ERA5,Asia/Kolkata,Open-Meteo Historical Weather API
MH-Yavatmal,2016-04-19,36.0,42.3,29.7,0.0,0.0,0.0,35,7.04,0.175,0.197,0.212,38.2,36.5,20.39324,78.13201,ERA5,Asia/Kolkata,Open-Meteo Historical Weather API
MH-Yavatmal,2016-04-20,37.1,42.7,31.8,0.5,0.5,1.0,31,7.1,0.176,0.198,0.212,39.0,37.0,20.39324,78.13201,ERA5,Asia/Kolkata,Open-Meteo Historical Weather API
MH-Yavatmal,2016-04-21,37.4,43.6,31.2,0.0,0.0,0.0,25,9.28,0.173,0.197,0.21,39.1,37.3,20.39324,78.13201,ERA5,Asia/Kolkata,Open-Meteo Historical Weather API
MH-Yavatmal,2016-04-22,36.4,42.6,31.0,0.0,0.0,0.0,23,10.32,0.171,0.196,0.209,38.5,37.3,20.39324,78.13201,ERA5,Asia/Kolkata,Open-Meteo Historical Weather API
MH-Yavatmal,2016-04-23,34.2,40.3,28.0,0.0,0.0,0.0,29,10.06,0.171,0.196,0.209,36.8,36.4,20.39324,78.13201,ERA5,Asia/Kolkata,Open-Meteo Historical Weather API
MH-Yavatmal,2016-04-24,34.3,40.4,28.6,0.0,0.0,0.0,29,9.32,0.171,0.196,0.209,36.9,36.0,20.39324,78.13201,ERA5,Asia/Kolkata,Open-Meteo Historical Weather API
MH-Yavatmal,2016-04-25,35.1,42.0,27.9,0.0,0.0,0.0,28,8.54,0.171,0.196,0.209,37.5,36.0,20.39324,78.13201,ERA5,Asia/Kolkata,Open-Meteo Historical Weather API
MH-Yavatmal,2016-04-26,35.7,42.9,28.0,0.0,0.0,0.0,24,7.88,0.17,0.195,0.207,38.3,36.7,20.39324,78.13201,ERA5,Asia/Kolkata,Open-Meteo Historical Weather API
MH-Yavatmal,2016-04-27,36.0,42.7,28.0,0.0,0.0,0.0,28,7.73,0.172,0.198,0.209,38.3,37.1,20.39324,78.13201,ERA5,Asia/Kolkata,Open-Meteo Historical Weather API
MH-Yavatmal,2016-04-28,35.6,42.0,28.1,0.0,0.0,0.0,26,7.14,0.172,0.199,0.21,38.2,37.2,20.39324,78.13201,ERA5,Asia/Kolkata,Open-Meteo Historical Weather API
MH-Yavatmal,2016-04-29,36.2,42.5,30.6,0.1,0.1,1.0,29,7.76,0.172,0.2,0.211,38.9,37.5,20.39324,78.13201,ERA5,Asia/Kolkata,Open-Meteo Historical Weather API
MH-Yavatmal,2016-04-30,36.0,42.7,29.4,0.1,0.1,1.0,29,7.47,0.171,0.199,0.21,38.5,37.2,20.39324,78.13201,ERA5,Asia/Kolkata,Open-Meteo Historical Weather API
MH-Yavatmal,2016-05-01,36.1,43.1,30.3,0.0,0.0,0.0,24,8.7,0.169,0.196,0.207,38.3,37.1,20.39324,78.13201,ERA5,Asia/Kolkata,Open-Meteo Historical Weather API
MH-Yavatmal,2016-05-02,35.7,42.4,30.3,0.0,0.0,0.0,26,7.83,0.171,0.197,0.208,38.1,37.0,20.39324,78.13201,ERA5,Asia/Kolkata,Open-Meteo Historical Weather API
MH-Yavatmal,2016-05-03,34.8,41.5,27.6,0.0,0.0,0.0,30,7.1,0.175,0.197,0.208,37.4,36.8,20.39324,78.13201,ERA5,Asia/Kolkata,Open-Meteo Historical Weather API
MH-Yavatmal,2016-05-04,33.7,42.0,27.7,0.5,0.5,2.0,38,7.64,0.184,0.199,0.209,37.0,36.6,20.39324,78.13201,ERA5,Asia/Kolkata,Open-Meteo Historical Weather API
MH-Yavatmal,2016-05-05,31.3,39.9,26.1,1.7,1.7,6.0,48,7.11,0.197,0.199,0.21,35.5,36.1,20.39324,78.13201,ERA5,Asia/Kolkata,Open-Meteo Historical Weather API
MH-Yavatmal,2016-05-06,29.2,36.4,23.7,0.0,0.0,0.0,55,6.52,0.218,0.203,0.213,33.5,34.7,20.39324,78.13201,ERA5,Asia/Kolkata,Open-Meteo Historical Weather API
MH-Yavatmal,2016-05-07,31.1,38.1,24.8,1.0,1.0,1.0,49,6.09,0.223,0.204,0.213,34.2,34.1,20.39324,78.13201,ERA5,Asia/Kolkata,Open-Meteo Historical Weather API
MH-Yavatmal,2016-05-08,31.9,38.6,26.4,0.7,0.7,3.0,47,6.27,0.217,0.206,0.215,34.8,34.5,20.39324,78.13201,ERA5,Asia/Kolkata,Open-Meteo Historical Weather API
MH-Yavatmal,2016-05-09,32.5,39.3,26.7,0.8,0.8,3.0,43,6.6,0.228,0.209,0.217,35.0,34.8,20.39324,78.13201,ERA5,Asia/Kolkata,Open-Meteo Historical Weather API
MH-Yavatmal,2016-05-10,32.2,38.7,27.1,1.2,1.2,1.0,43,6.3,0.245,0.211,0.22,34.5,34.6,20.39324,78.13201,ERA5,Asia/Kolkata,Open-Meteo Historical Weather API
MH-Yavatmal,2016-05-11,34.4,40.1,27.4,0.0,0.0,0.0,37,6.95,0.225,0.204,0.215,36.1,34.7,20.39324,78.13201,ERA5,Asia/Kolkata,Open-Meteo Historical Weather API
MH-Yavatmal,2016-05-12,35.3,41.7,28.7,0.0,0.0,0.0,35,7.16,0.21,0.199,0.21,36.4,35.2,20.39324,78.13201,ERA5,Asia/Kolkata,Open-Meteo Historical Weather API
MH-Yavatmal,2016-05-13,36.5,43.5,29.9,0.0,0.0,0.0,32,8.21,0.197,0.196,0.208,37.7,35.9,20.39324,78.13201,ERA5,Asia/Kolkata,Open-Meteo Historical Weather API
MH-Yavatmal,2016-05-14,37.5,43.8,30.8,0.0,0.0,0.0,29,8.04,0.188,0.195,0.206,38.7,36.7,20.39324,78.13201,ERA5,Asia/Kolkata,Open-Meteo Historical Weather API
MH-Yavatmal,2016-05-15,37.6,43.8,31.5,0.0,0.0,0.0,29,8.09,0.183,0.195,0.205,39.3,37.4,20.39324,78.13201,ERA5,Asia/Kolkata,Open-Meteo Historical Weather API
MH-Yavatmal,2016-05-16,37.7,43.6,31.3,0.0,0.0,0.0,29,8.11,0.179,0.195,0.205,40.0,38.0,20.39324,78.13201,ERA5,Asia/Kolkata,Open-Meteo Historical Weather API
MH-Yavatmal,2016-05-17,37.8,44.4,31.2,0.0,0.0,0.0,30,7.68,0.177,0.195,0.205,40.2,38.3,20.39324,78.13201,ERA5,Asia/Kolkata,Open-Meteo Historical Weather API
MH-Yavatmal,2016-05-18,37.3,42.8,32.1,0.0,0.0,0.0,38,8.15,0.176,0.196,0.206,40.0,38.5,20.39324,78.13201,ERA5,Asia/Kolkata,Open-Meteo Historical Weather API
MH-Yavatmal,2016-05-19,36.7,42.8,31.9,0.0,0.0,0.0,40,7.75,0.176,0.196,0.206,39.9,38.5,20.39324,78.13201,ERA5,Asia/Kolkata,Open-Meteo Historical Weather API
MH-Yavatmal,2016-05-20,37.4,43.2,31.8,0.0,0.0,0.0,34,8.53,0.174,0.196,0.205,39.8,38.5,20.39324,78.13201,ERA5,Asia/Kolkata,Open-Meteo Historical Weather API
MH-Yavatmal,2016-05-21,36.7,42.1,31.6,0.0,0.0,0.0,35,10.78,0.174,0.198,0.207,39.0,38.2,20.39324,78.13201,ERA5,Asia/Kolkata,Open-Meteo Historical Weather API
MH-Yavatmal,2016-05-22,36.2,42.1,30.4,0.0,0.0,0.0,34,10.89,0.174,0.198,0.207,38.5,37.5,20.39324,78.13201,ERA5,Asia/Kolkata,Open-Meteo Historical Weather API
MH-Yavatmal,2016-05-23,36.0,41.5,30.2,0.0,0.0,0.0,35,10.89,0.172,0.196,0.205,38.4,37.2,20.39324,78.13201,ERA5,Asia/Kolkata,Open-Meteo Historical Weather API
MH-Yavatmal,2016-05-24,36.1,41.7,30.4,0.0,0.0,0.0,36,9.91,0.172,0.195,0.204,38.5,37.3,20.39324,78.13201,ERA5,Asia/Kolkata,Open-Meteo Historical Weather API
MH-Yavatmal,2016-05-25,35.4,40.8,29.8,0.0,0.0,0.0,38,10.28,0.171,0.195,0.204,37.9,37.2,20.39324,78.13201,ERA5,Asia/Kolkata,Open-Meteo Historical Weather API
MH-Yavatmal,2016-05-26,35.6,41.6,29.4,0.0,0.0,0.0,39,9.32,0.172,0.198,0.207,37.9,37.1,20.39324,78.13201,ERA5,Asia/Kolkata,Open-Meteo Historical Weather API
MH-Yavatmal,2016-05-27,36.1,41.7,30.8,0.0,0.0,0.0,38,9.49,0.172,0.198,0.207,38.3,37.1,20.39324,78.13201,ERA5,Asia/Kolkata,Open-Meteo Historical Weather API
MH-Yavatmal,2016-05-28,36.0,41.2,30.7,0.0,0.0,0.0,36,9.89,0.173,0.199,0.207,38.3,37.2,20.39324,78.13201,ERA5,Asia/Kolkata,Open-Meteo Historical Weather API
MH-Yavatmal,2016-05-29,35.4,40.8,30.2,0.0,0.0,0.0,37,9.46,0.173,0.199,0.208,37.9,37.1,20.39324,78.13201,ERA5,Asia/Kolkata,Open-Meteo Historical Weather API
MH-Yavatmal,2016-05-30,35.2,39.9,29.8,0.0,0.0,0.0,38,8.86,0.173,0.199,0.208,38.0,37.1,20.39324,78.13201,ERA5,Asia/Kolkata,Open-Meteo Historical Weather API
MH-Yavatmal,2016-05-31,35.9,40.7,31.1,0.0,0.0,0.0,35,7.59,0.173,0.198,0.207,38.2,37.2,20.39324,78.13201,ERA5,Asia/Kolkata,Open-Meteo Historical Weather API
MH-Yavatmal,2016-06-01,37.1,42.2,32.8,0.0,0.0,0.0,33,7.8,0.169,0.194,0.204,38.6,37.2,20.39324,78.13201,ERA5,Asia/Kolkata,Open-Meteo Historical Weather API
MH-Yavatmal,2016-06-02,37.2,41.9,33.2,0.0,0.0,0.0,33,7.98,0.17,0.194,0.203,39.1,37.5,20.39324,78.13201,ERA5,Asia/Kolkata,Open-Meteo Historical Weather API
MH-Yavatmal,2016-06-03,37.3,43.7,32.0,0.0,0.0,0.0,33,8.91,0.171,0.194,0.203,39.0,38.0,20.39324,78.13201,ERA5,Asia/Kolkata,Open-Meteo Historical Weather API
MH-Yavatmal,2016-06-04,36.9,42.3,31.2,0.0,0.0,0.0,32,7.82,0.174,0.199,0.208,38.7,38.1,20.39324,78.13201,ERA5,Asia/Kolkata,Open-Meteo Historical Weather API
MH-Yavatmal,2016-06-05,35.1,41.8,30.3,0.1,0.1,1.0,40,7.42,0.178,0.199,0.21,38.5,38.3,20.39324,78.13201,ERA5,Asia/Kolkata,Open-Meteo Historical Weather API
MH-Yavatmal,2016-06-06,34.1,40.5,29.4,0.3,0.3,1.0,45,6.3,0.192,0.202,0.212,37.9,37.9,20.39324,78.13201,ERA5,Asia/Kolkata,Open-Meteo Historical Weather API
MH-Yavatmal,2016-06-07,33.3,39.8,27.2,1.1,1.1,3.0,47,6.26,0.208,0.21,0.219,37.0,37.4,20.39324,78.13201,ERA5,Asia/Kolkata,Open-Meteo Historical Weather API
MH-Yavatmal,2016-06-08,32.7,39.0,27.0,0.6,0.6,3.0,50,6.82,0.211,0.217,0.226,36.2,36.9,20.39324,78.13201,ERA5,Asia/Kolkata,Open-Meteo Historical Weather API
MH-Yavatmal,2016-06-09,32.6,37.9,28.0,0.2,0.2,1.0,51,5.63,0.212,0.219,0.229,35.2,35.8,20.39324,78.13201,ERA5,Asia/Kolkata,Open-Meteo Historical Weather API
MH-Yavatmal,2016-06-10,32.4,37.6,26.9,6.5,6.5,2.0,54,6.58,0.273,0.219,0.228,34.9,34.9,20.39324,78.13201,ERA5,Asia/Kolkata,Open-Meteo Historical Weather API
MH-Yavatmal,2016-06-11,33.8,38.6,30.4,0.0,0.0,0.0,46,7.86,0.255,0.216,0.226,35.5,35.0,20.39324,78.13201,ERA5,Asia/Kolkata,Open-Meteo Historical Weather API
MH-Yavatmal,2016-06-12,33.2,38.1,29.7,0.0,0.0,0.0,45,8.0,0.235,0.215,0.226,35.4,35.1,20.39324,78.13201,ERA5,Asia/Kolkata,Open-Meteo Historical Weather API
MH-Yavatmal,2016-06-13,33.7,38.1,29.6,0.0,0.0,0.0,44,8.86,0.219,0.214,0.225,35.6,35.1,20.39324,78.13201,ERA5,Asia/Kolkata,Open-Meteo Historical Weather API
MH-Yavatmal,2016-06-14,34.1,38.7,29.0,0.0,0.0,0.0,43,9.0,0.206,0.211,0.223,35.9,35.2,20.39324,78.13201,ERA5,Asia/Kolkata,Open-Meteo Historical Weather API
MH-Yavatmal,2016-06-15,34.4,38.7,29.7,0.0,0.0,0.0,42,8.85,0.196,0.206,0.22,36.3,35.3,20.39324,78.13201,ERA5,Asia/Kolkata,Open-Meteo Historical Weather API
MH-Yavatmal,2016-06-16,33.9,38.5,30.1,0.0,0.0,0.0,42,8.28,0.186,0.2,0.216,36.5,35.4,20.39324,78.13201,ERA5,Asia/Kolkata,Open-Meteo Historical Weather API
MH-Yavatmal,2016-06-17,31.8,38.3,25.2,1.3,1.3,2.0,50,6.92,0.188,0.198,0.215,35.2,35.3,20.39324,78.13201,ERA5,Asia/Kolkata,Open-Meteo Historical Weather API
MH-Yavatmal,2016-06-18,26.5,30.3,23.4,43.5,43.5,19.0,82,1.98,0.402,0.247,0.215,29.7,32.4,20.39324,78.13201,ERA5,Asia/Kolkata,Open-Meteo Historical Weather API
MH-Yavatmal,2016-06-19,28.2,32.6,24.9,21.7,21.7,13.0,77,3.48,0.404,0.312,0.214,30.3,30.5,20.39324,78.13201,ERA5,Asia/Kolkata,Open-Meteo Historical Weather API
MH-Yavatmal,2016-06-20,29.6,33.3,25.6,1.2,1.2,7.0,72,4.68,0.402,0.342,0.212,31.5,31.1,20.39324,78.13201,ERA5,Asia/Kolkata,Open-Meteo Historical Weather API
MH-Yavatmal,2016-06-21,30.6,35.4,25.9,7.2,7.2,10.0,67,5.34,0.372,0.333,0.209,32.2,31.5,20.39324,78.13201,ERA5,Asia/Kolkata,Open-Meteo Historical Weather API
MH-Yavatmal,2016-06-22,30.6,34.8,26.5,4.3,4.3,6.0,67,4.62,0.39,0.329,0.207,32.2,31.7,20.39324,78.13201,ERA5,Asia/Kolkata,Open-Meteo Historical Weather API
MH-Yavatmal,2016-06-23,29.5,33.8,25.5,6.7,6.7,7.0,74,4.54,0.403,0.335,0.202,31.5,31.5,20.39324,78.13201,ERA5,Asia/Kolkata,Open-Meteo Historical Weather API
MH-Yavatmal,2016-06-24,28.7,32.7,24.2,15.7,15.7,8.0,75,3.5,0.406,0.342,0.202,31.0,31.3,20.39324,78.13201,ERA5,Asia/Kolkata,Open-Meteo Historical Weather API
MH-Yavatmal,2016-06-25,28.3,32.8,23.9,22.4,22.4,16.0,77,4.18,0.448,0.412,0.207,30.1,30.5,20.39324,78.13201,ERA5,Asia/Kolkata,Open-Meteo Historical Weather API
MH-Yavatmal,2016-06-26,28.8,34.4,25.7,3.1,3.1,7.0,73,4.57,0.423,0.4,0.212,30.4,30.4,20.39324,78.13201,ERA5,Asia/Kolkata,Open-Meteo Historical Weather API
MH-Yavatmal,2016-06-27,28.2,33.4,25.9,7.3,7.3,15.0,75,3.81,0.426,0.391,0.214,29.5,30.1,20.39324,78.13201,ERA5,Asia/Kolkata,Open-Meteo Historical Weather API
MH-Yavatmal,2016-06-28,26.1,28.0,24.5,32.1,32.1,20.0,88,1.65,0.462,0.442,0.226,27.7,29.0,20.39324,78.13201,ERA5,Asia/Kolkata,Open-Meteo Historical Weather API
MH-Yavatmal,2016-06-29,26.7,30.1,24.1,12.5,12.5,20.0,85,2.69,0.458,0.449,0.249,28.1,28.3,20.39324,78.13201,ERA5,Asia/Kolkata,Open-Meteo Historical Weather API
MH-Yavatmal,2016-06-30,27.4,31.1,24.7,19.2,19.2,12.0,79,3.92,0.45,0.448,0.277,28.6,28.6,20.39324,78.13201,ERA5,Asia/Kolkata,Open-Meteo Historical Weather API
MH-Yavatmal,2016-07-01,28.3,31.5,26.0,1.9,1.9,9.0,73,4.25,0.428,0.422,0.286,29.0,29.0,20.39324,78.13201,ERA5,Asia/Kolkata,Open-Meteo Historical Weather API
MH-Yavatmal,2016-07-02,27.5,30.7,24.9,20.9,20.9,22.0,79,3.34,0.447,0.425,0.289,28.3,28.7,20.39324,78.13201,ERA5,Asia/Kolkata,Open-Meteo Historical Weather API
MH-Yavatmal,2016-07-03,26.6,29.2,24.6,20.4,20.4,24.0,85,2.48,0.463,0.455,0.305,27.4,28.1,20.39324,78.13201,ERA5,Asia/Kolkata,Open-Meteo Historical Weather API
MH-Yavatmal,2016-07-04,26.5,30.5,24.8,19.8,19.8,18.0,83,2.69,0.461,0.454,0.323,27.3,27.7,20.39324,78.13201,ERA5,Asia/Kolkata,Open-Meteo Historical Weather API
MH-Yavatmal,2016-07-05,25.8,27.1,24.7,18.6,18.6,22.0,87,1.56,0.464,0.459,0.346,26.3,27.0,20.39324,78.13201,ERA5,Asia/Kolkata,Open-Meteo Historical Weather API
MH-Yavatmal,2016-07-06,26.3,28.6,23.9,4.5,4.5,18.0,81,2.93,0.446,0.442,0.36,26.4,26.6,20.39324,78.13201,ERA5,Asia/Kolkata,Open-Meteo Historical Weather API
MH-Yavatmal,2016-07-07,25.6,27.8,24.6,32.1,32.1,22.0,85,1.93,0.462,0.455,0.374,26.0,26.6,20.39324,78.13201,ERA5,Asia/Kolkata,Open-Meteo Historical Weather API
MH-Yavatmal,2016-07-08,24.2,25.1,23.4,106.4,106.4,24.0,90,1.22,0.466,0.467,0.418,24.8,25.8,20.39324,78.13201,ERA5,Asia/Kolkata,Open-Meteo Historical Weather API
MH-Yavatmal,2016-07-09,24.1,24.7,23.6,51.0,51.0,24.0,90,1.37,0.465,0.464,0.451,24.5,25.3,20.39324,78.13201,ERA5,Asia/Kolkata,Open-Meteo Historical Weather API
MH-Yavatmal,2016-07-10,24.0,24.6,23.5,35.1,35.1,22.0,91,1.06,0.464,0.465,0.461,24.4,25.0,20.39324,78.13201,ERA5,Asia/Kolkata,Open-Meteo Historical Weather API
MH-Yavatmal,2016-07-11,24.0,25.1,23.6,58.8,58.8,24.0,92,1.07,0.465,0.465,0.467,24.4,25.0,20.39324,78.13201,ERA5,Asia/Kolkata,Open-Meteo Historical Weather API
MH-Yavatmal,2016-07-12,24.4,25.5,23.5,8.2,8.2,16.0,89,1.88,0.459,0.461,0.464,24.7,25.1,20.39324,78.13201,ERA5,Asia/Kolkata,Open-Meteo Historical Weather API
MH-Yavatmal,2016-07-13,27.1,31.2,23.6,1.4,1.4,8.0,79,4.31,0.44,0.446,0.457,26.9,26.0,20.39324,78.13201,ERA5,Asia/Kolkata,Open-Meteo Historical Weather API
MH-Yavatmal,2016-07-14,27.8,31.8,24.1,0.0,0.0,0.0,75,4.37,0.424,0.432,0.45,27.7,27.1,20.39324,78.13201,ERA5,Asia/Kolkata,Open-Meteo Historical Weather API
MH-Yavatmal,2016-07-15,28.5,31.4,25.6,3.1,3.1,8.0,73,4.85,0.413,0.421,0.445,28.6,27.7,20.39324,78.13201,ERA5,Asia/Kolkata,Open-Meteo Historical Weather API
MH-Yavatmal,2016-07-16,28.1,31.5,24.6,2.4,2.4,7.0,74,4.31,0.431,0.421,0.44,28.5,27.9,20.39324,78.13201,ERA5,Asia/Kolkata,Open-Meteo Historical Weather API
MH-Yavatmal,2016-07-17,28.4,32.0,25.6,1.7,1.7,6.0,73,4.61,0.411,0.415,0.436,28.7,28.1,20.39324,78.13201,ERA5,Asia/Kolkata,Open-Meteo Historical Weather API
MH-Yavatmal,2016-07-18,26.1,28.0,24.8,9.4,9.4,20.0,86,1.9,0.444,0.426,0.433,27.1,27.6,20.39324,78.13201,ERA5,Asia/Kolkata,Open-Meteo Historical Weather API
MH-Yavatmal,2016-07-19,24.9,26.8,23.6,17.6,17.6,19.0,89,1.23,0.458,0.456,0.437,25.6,26.3,20.39324,78.13201,ERA5,Asia/Kolkata,Open-Meteo Historical Weather API
MH-Yavatmal,2016-07-20,26.2,29.0,23.8,3.2,3.2,7.0,84,2.71,0.451,0.452,0.442,26.2,26.0,20.39324,78.13201,ERA5,Asia/Kolkata,Open-Meteo Historical Weather API
MH-Yavatmal,2016-07-21,26.7,29.9,24.8,8.7,8.7,17.0,82,3.12,0.45,0.449,0.441,27.1,26.6,20.39324,78.13201,ERA5,Asia/Kolkata,Open-Meteo Historical Weather API
MH-Yavatmal,2016-07-22,25.4,27.6,23.9,14.5,14.5,23.0,88,1.57,0.462,0.463,0.446,26.2,26.4,20.39324,78.13201,ERA5,Asia/Kolkata,Open-Meteo Historical Weather API
MH-Yavatmal,2016-07-23,26.1,28.4,23.6,3.2,3.2,9.0,85,2.37,0.451,0.457,0.45,26.5,26.3,20.39324,78.13201,ERA5,Asia/Kolkata,Open-Meteo Historical Weather API
MH-Yavatmal,2016-07-24,27.2,30.5,24.2,1.6,1.6,7.0,81,3.85,0.438,0.443,0.448,27.8,26.8,20.39324,78.13201,ERA5,Asia/Kolkata,Open-Meteo Historical Weather API
MH-Yavatmal,2016-07-25,27.1,30.8,25.2,10.7,10.7,16.0,83,2.98,0.449,0.445,0.448,27.9,27.3,20.39324,78.13201,ERA5,Asia/Kolkata,Open-Meteo Historical Weather API
MH-Yavatmal,2016-07-26,26.3,28.4,24.7,16.3,16.3,18.0,87,2.51,0.461,0.462,0.449,27.4,27.2,20.39324,78.13201,ERA5,Asia/Kolkata,Open-Meteo Historical Weather API
MH-Yavatmal,2016-07-27,25.8,28.7,24.0,20.5,20.5,20.0,89,2.26,0.462,0.464,0.457,27.0,26.9,20.39324,78.13201,ERA5,Asia/Kolkata,Open-Meteo Historical Weather API
MH-Yavatmal,2016-07-28,27.0,30.6,24.0,9.1,9.1,15.0,85,3.55,0.455,0.456,0.458,28.0,27.2,20.39324,78.13201,ERA5,Asia/Kolkata,Open-Meteo Historical Weather API
MH-Yavatmal,2016-07-29,26.9,30.4,24.4,8.6,8.6,12.0,82,3.12,0.452,0.453,0.457,27.8,27.3,20.39324,78.13201,ERA5,Asia/Kolkata,Open-Meteo Historical Weather API
MH-Yavatmal,2016-07-30,27.1,30.3,24.7,17.0,17.0,12.0,83,3.71,0.449,0.45,0.453,28.1,27.4,20.39324,78.13201,ERA5,Asia/Kolkata,Open-Meteo Historical Weather API
MH-Yavatmal,2016-07-31,25.6,27.4,24.4,9.7,9.7,18.0,88,2.06,0.459,0.461,0.453,26.8,27.1,20.39324,78.13201,ERA5,Asia/Kolkata,Open-Meteo Historical Weather API
MH-Yavatmal,2016-08-01,25.6,27.0,24.2,4.7,4.7,14.0,85,1.88,0.456,0.459,0.456,26.1,26.3,20.39324,78.13201,ERA5,Asia/Kolkata,Open-Meteo Historical Weather API
MH-Yavatmal,2016-08-02,24.9,27.2,23.8,41.5,41.5,23.0,89,1.88,0.464,0.462,0.463,25.6,25.8,20.39324,78.13201,ERA5,Asia/Kolkata,Open-Meteo Historical Weather API
MH-Yavatmal,2016-08-03,24.3,25.6,23.3,20.9,20.9,20.0,91,1.04,0.463,0.462,0.465,24.6,25.2,20.39324,78.13201,ERA5,Asia/Kolkata,Open-Meteo Historical Weather API
MH-Yavatmal,2016-08-04,25.8,28.2,23.4,23.5,23.5,12.0,84,2.07,0.457,0.458,0.459,25.3,25.1,20.39324,78.13201,ERA5,Asia/Kolkata,Open-Meteo Historical Weather API
MH-Yavatmal,2016-08-05,25.8,28.8,23.5,20.6,20.6,22.0,86,2.04,0.461,0.462,0.456,25.6,25.5,20.39324,78.13201,ERA5,Asia/Kolkata,Open-Meteo Historical Weather API
MH-Yavatmal,2016-08-06,25.5,28.3,23.9,38.3,38.3,23.0,88,1.72,0.464,0.466,0.461,25.5,25.5,20.39324,78.13201,ERA5,Asia/Kolkata,Open-Meteo Historical Weather API
MH-Yavatmal,2016-08-07,25.0,27.1,23.5,21.9,21.9,17.0,87,1.87,0.461,0.464,0.466,25.1,25.2,20.39324,78.13201,ERA5,Asia/Kolkata,Open-Meteo Historical Weather API
MH-Yavatmal,2016-08-08,26.5,31.2,23.5,0.6,0.6,4.0,79,4.13,0.442,0.448,0.457,26.4,25.8,20.39324,78.13201,ERA5,Asia/Kolkata,Open-Meteo Historical Weather API
MH-Yavatmal,2016-08-09,27.0,29.8,24.2,0.5,0.5,3.0,76,3.45,0.431,0.437,0.448,26.7,26.4,20.39324,78.13201,ERA5,Asia/Kolkata,Open-Meteo Historical Weather API
MH-Yavatmal,2016-08-10,26.9,29.5,24.6,0.3,0.3,2.0,75,3.48,0.421,0.428,0.44,26.8,26.4,20.39324,78.13201,ERA5,Asia/Kolkata,Open-Meteo Historical Weather API
MH-Yavatmal,2016-08-11,27.0,30.1,25.0,0.7,0.7,5.0,77,4.16,0.411,0.42,0.433,27.2,26.6,20.39324,78.13201,ERA5,Asia/Kolkata,Open-Meteo Historical Weather API
MH-Yavatmal,2016-08-12,26.3,28.3,24.4,0.8,0.8,3.0,81,2.47,0.408,0.414,0.428,26.5,26.5,20.39324,78.13201,ERA5,Asia/Kolkata,Open-Meteo Historical Weather API
MH-Yavatmal,2016-08-13,26.1,28.1,24.2,11.2,11.2,17.0,84,2.95,0.445,0.428,0.423,26.6,26.3,20.39324,78.13201,ERA5,Asia/Kolkata,Open-Meteo Historical Weather API
MH-Yavatmal,2016-08-14,26.5,29.4,24.6,4.7,4.7,9.0,80,3.21,0.443,0.439,0.42,26.5,26.3,20.39324,78.13201,ERA5,Asia/Kolkata,Open-Meteo Historical Weather API
MH-Yavatmal,2016-08-15,26.3,29.3,24.6,0.5,0.5,3.0,77,3.43,0.435,0.437,0.418,26.5,26.3,20.39324,78.13201,ERA5,Asia/Kolkata,Open-Meteo Historical Weather API
MH-Yavatmal,2016-08-16,26.6,29.0,24.0,0.0,0.0,0.0,74,3.74,0.418,0.427,0.416,26.4,26.3,20.39324,78.13201,ERA5,Asia/Kolkata,Open-Meteo Historical Weather API
MH-Yavatmal,2016-08-17,26.6,29.8,23.2,0.1,0.1,1.0,72,3.82,0.407,0.418,0.412,26.2,26.1,20.39324,78.13201,ERA5,Asia/Kolkata,Open-Meteo Historical Weather API
MH-Yavatmal,2016-08-18,27.2,30.4,24.2,0.1,0.1,1.0,72,4.49,0.396,0.409,0.408,26.9,26.3,20.39324,78.13201,ERA5,Asia/Kolkata,Open-Meteo Historical Weather API
MH-Yavatmal,2016-08-19,26.6,29.0,24.4,0.0,0.0,0.0,73,4.11,0.385,0.399,0.405,26.8,26.5,20.39324,78.13201,ERA5,Asia/Kolkata,Open-Meteo Historical Weather API
MH-Yavatmal,2016-08-20,25.9,28.1,24.0,0.2,0.2,2.0,76,3.6,0.375,0.391,0.401,26.4,26.3,20.39324,78.13201,ERA5,Asia/Kolkata,Open-Meteo Historical Weather API
MH-Yavatmal,2016-08-21,26.8,30.4,23.8,0.5,0.5,3.0,76,3.67,0.369,0.383,0.397,26.8,26.2,20.39324,78.13201,ERA5,Asia/Kolkata,Open-Meteo Historical Weather API
MH-Yavatmal,2016-08-22,26.4,28.8,23.7,2.8,2.8,6.0,79,3.31,0.365,0.376,0.393,26.8,26.4,20.39324,78.13201,ERA5,Asia/Kolkata,Open-Meteo Historical Weather API
MH-Yavatmal,2016-08-23,26.7,30.4,23.9,5.1,5.1,9.0,81,3.45,0.409,0.376,0.39,27.1,26.5,20.39324,78.13201,ERA5,Asia/Kolkata,Open-Meteo Historical Weather API
MH-Yavatmal,2016-08-24,27.4,31.1,24.5,1.2,1.2,6.0,78,4.23,0.395,0.378,0.387,27.8,26.8,20.39324,78.13201,ERA5,Asia/Kolkata,Open-Meteo Historical Weather API
MH-Yavatmal,2016-08-25,27.7,31.4,25.3,1.3,1.3,2.0,79,4.36,0.389,0.375,0.384,28.2,27.3,20.39324,78.13201,ERA5,Asia/Kolkata,Open-Meteo Historical Weather API
MH-Yavatmal,2016-08-26,27.6,31.1,24.9,2.0,2.0,4.0,75,3.81,0.393,0.374,0.382,27.9,27.3,20.39324,78.13201,ERA5,Asia/Kolkata,Open-Meteo Historical Weather API
MH-Yavatmal,2016-08-27,27.7,31.0,25.6,0.5,0.5,4.0,78,3.61,0.38,0.37,0.378,28.0,27.3,20.39324,78.13201,ERA5,Asia/Kolkata,Open-Meteo Historical Weather API
MH-Yavatmal,2016-08-28,27.9,31.8,24.9,3.6,3.6,8.0,80,4.0,0.383,0.366,0.376,28.9,27.6,20.39324,78.13201,ERA5,Asia/Kolkata,Open-Meteo Historical Weather API
MH-Yavatmal,2016-08-29,28.1,31.2,25.3,7.3,7.3,13.0,82,3.63,0.428,0.381,0.373,29.0,28.0,20.39324,78.13201,ERA5,Asia/Kolkata,Open-Meteo Historical Weather API
MH-Yavatmal,2016-08-30,27.3,30.5,25.4,14.8,14.8,13.0,85,2.93,0.442,0.412,0.372,28.3,27.7,20.39324,78.13201,ERA5,Asia/Kolkata,Open-Meteo Historical Weather API
MH-Yavatmal,2016-08-31,26.2,29.6,24.4,10.7,10.7,11.0,85,2.61,0.449,0.437,0.377,27.1,27.2,20.39324,78.13201,ERA5,Asia/Kolkata,Open-Meteo Historical Weather API
MH-Yavatmal,2016-09-01,25.6,27.1,23.8,3.1,3.1,15.0,86,1.98,0.445,0.435,0.381,26.3,26.6,20.39324,78.13201,ERA5,Asia/Kolkata,Open-Meteo Historical Weather API
MH-Yavatmal,2016-09-02,26.6,29.6,23.9,0.8,0.8,1.0,81,3.55,0.434,0.43,0.383,26.9,26.5,20.39324,78.13201,ERA5,Asia/Kolkata,Open-Meteo Historical Weather API
MH-Yavatmal,2016-09-03,27.0,29.7,24.6,0.0,0.0,0.0,76,3.81,0.417,0.421,0.382,27.2,26.8,20.39324,78.13201,ERA5,Asia/Kolkata,Open-Meteo Historical Weather API
MH-Yavatmal,2016-09-04,26.5,29.2,24.1,0.0,0.0,0.0,72,4.56,0.399,0.409,0.381,27.0,26.7,20.39324,78.13201,ERA5,Asia/Kolkata,Open-Meteo Historical Weather API
MH-Yavatmal,2016-09-05,25.9,28.9,23.4,0.0,0.0,0.0,74,4.33,0.385,0.398,0.38,26.5,26.4,20.39324,78.13201,ERA5,Asia/Kolkata,Open-Meteo Historical Weather API
MH-Yavatmal,2016-09-06,26.1,29.6,23.0,0.0,0.0,0.0,72,4.79,0.37,0.387,0.378,26.5,26.2,20.39324,78.13201,ERA5,Asia/Kolkata,Open-Meteo Historical Weather API
MH-Yavatmal,2016-09-07,26.2,30.3,22.8,0.2,0.2,2.0,73,4.64,0.359,0.377,0.375,26.6,26.1,20.39324,78.13201,ERA5,Asia/Kolkata,Open-Meteo Historical Weather API
MH-Yavatmal,2016-09-08,26.5,30.0,22.9,0.3,0.3,2.0,74,4.1,0.348,0.367,0.372,26.6,26.2,20.39324,78.13201,ERA5,Asia/Kolkata,Open-Meteo Historical Weather API
MH-Yavatmal,2016-09-09,26.9,29.7,24.5,0.0,0.0,0.0,74,3.33,0.34,0.359,0.369,27.0,26.5,20.39324,78.13201,ERA5,Asia/Kolkata,Open-Meteo Historical Weather API
MH-Yavatmal,2016-09-10,27.2,30.0,25.0,0.2,0.2,2.0,72,3.19,0.336,0.353,0.366,27.0,26.6,20.39324,78.13201,ERA5,Asia/Kolkata,Open-Meteo Historical Weather API
MH-Yavatmal,2016-09-11,26.3,29.0,24.3,1.2,1.2,5.0,75,2.45,0.337,0.349,0.365,26.2,26.4,20.39324,78.13201,ERA5,Asia/Kolkata,Open-Meteo Historical Weather API
MH-Yavatmal,2016-09-12,26.3,28.5,24.9,0.6,0.6,3.0,76,2.24,0.338,0.347,0.363,26.1,26.1,20.39324,78.13201,ERA5,Asia/Kolkata,Open-Meteo Historical Weather API
MH-Yavatmal,2016-09-13,25.9,28.8,23.0,16.5,16.5,24.0,83,1.99,0.405,0.355,0.362,25.9,25.8,20.39324,78.13201,ERA5,Asia/Kolkata,Open-Meteo Historical Weather API
MH-Yavatmal,2016-09-14,25.7,28.6,23.4,24.4,24.4,19.0,89,2.48,0.455,0.423,0.363,26.5,25.9,20.39324,78.13201,ERA5,Asia/Kolkata,Open-Meteo Historical Weather API
MH-Yavatmal,2016-09-15,26.3,29.6,23.8,20.8,20.8,22.0,87,2.63,0.46,0.453,0.373,26.9,26.3,20.39324,78.13201,ERA5,Asia/Kolkata,Open-Meteo Historical Weather API
MH-Yavatmal,2016-09-16,26.2,29.6,23.5,20.4,20.4,14.0,86,2.34,0.46,0.457,0.387,26.9,26.3,20.39324,78.13201,ERA5,Asia/Kolkata,Open-Meteo Historical Weather API
MH-Yavatmal,2016-09-17,26.4,29.9,24.3,12.5,12.5,14.0,87,3.39,0.455,0.455,0.399,27.5,26.6,20.39324,78.13201,ERA5,Asia/Kolkata,Open-Meteo Historical Weather API
MH-Yavatmal,2016-09-18,26.8,30.2,23.8,0.4,0.4,3.0,83,3.17,0.444,0.446,0.402,27.5,26.8,20.39324,78.13201,ERA5,Asia/Kolkata,Open-Meteo Historical Weather API
MH-Yavatmal,2016-09-19,26.4,28.4,24.2,8.3,8.3,8.0,85,2.86,0.448,0.444,0.404,27.1,26.7,20.39324,78.13201,ERA5,Asia/Kolkata,Open-Meteo Historical Weather API
MH-Yavatmal,2016-09-20,26.1,30.3,24.2,9.5,9.5,10.0,87,2.52,0.453,0.454,0.408,26.6,26.4,20.39324,78.13201,ERA5,Asia/Kolkata,Open-Meteo Historical Weather API
MH-Yavatmal,2016-09-21,26.3,30.8,23.3,11.5,11.5,20.0,85,2.91,0.457,0.456,0.414,27.0,26.3,20.39324,78.13201,ERA5,Asia/Kolkata,Open-Meteo Historical Weather API
MH-Yavatmal,2016-09-22,26.9,31.6,24.0,22.2,22.2,24.0,85,3.38,0.462,0.463,0.423,27.8,26.7,20.39324,78.13201,ERA5,Asia/Kolkata,Open-Meteo Historical Weather API
MH-Yavatmal,2016-09-23,26.5,30.0,23.8,16.3,16.3,20.0,86,3.03,0.462,0.462,0.434,27.5,26.8,20.39324,78.13201,ERA5,Asia/Kolkata,Open-Meteo Historical Weather API
MH-Yavatmal,2016-09-24,25.6,28.5,23.8,33.5,33.5,23.0,88,2.33,0.465,0.466,0.445,26.8,26.6,20.39324,78.13201,ERA5,Asia/Kolkata,Open-Meteo Historical Weather API
MH-Yavatmal,2016-09-25,25.2,26.8,24.1,33.8,33.8,24.0,90,1.46,0.465,0.468,0.461,26.1,26.1,20.39324,78.13201,ERA5,Asia/Kolkata,Open-Meteo Historical Weather API
MH-Yavatmal,2016-09-26,25.5,28.0,23.8,19.4,19.4,21.0,90,1.93,0.465,0.466,0.466,26.1,25.9,20.39324,78.13201,ERA5,Asia/Kolkata,Open-Meteo Historical Weather API
MH-Yavatmal,2016-09-27,26.8,31.0,24.0,8.1,8.1,15.0,83,2.99,0.452,0.453,0.465,27.2,26.3,20.39324,78.13201,ERA5,Asia/Kolkata,Open-Meteo Historical Weather API
MH-Yavatmal,2016-09-28,27.0,31.2,24.1,1.2,1.2,6.0,79,4.25,0.434,0.439,0.46,27.4,26.8,20.39324,78.13201,ERA5,Asia/Kolkata,Open-Meteo Historical Weather API
MH-Yavatmal,2016-09-29,27.0,30.5,24.6,0.4,0.4,2.0,77,4.31,0.422,0.43,0.455,27.3,27.0,20.39324,78.13201,ERA5,Asia/Kolkata,Open-Meteo Historical Weather API
MH-Yavatmal,2016-09-30,25.1,27.1,24.4,6.0,6.0,11.0,86,1.93,0.436,0.429,0.451,26.2,26.6,20.39324,78.13201,ERA5,Asia/Kolkata,Open-Meteo Historical Weather API
MH-Yavatmal,2016-10-01,26.2,30.1,23.6,8.2,8.2,14.0,86,3.07,0.454,0.444,0.449,27.0,26.2,20.39324,78.13201,ERA5,Asia/Kolkata,Open-Meteo Historical Weather API
MH-Yavatmal,2016-10-02,25.9,29.0,23.7,6.8,6.8,13.0,87,2.38,0.456,0.457,0.45,26.8,26.4,20.39324,78.13201,ERA5,Asia/Kolkata,Open-Meteo Historical Weather API
MH-Yavatmal,2016-10-03,26.4,29.9,23.9,0.2,0.2,2.0,82,3.37,0.442,0.45,0.451,26.9,26.2,20.39324,78.13201,ERA5,Asia/Kolkata,Open-Meteo Historical Weather API
MH-Yavatmal,2016-10-04,26.7,30.6,23.3,0.4,0.4,3.0,80,3.74,0.429,0.438,0.449,27.2,26.4,20.39324,78.13201,ERA5,Asia/Kolkata,Open-Meteo Historical Weather API
MH-Yavatmal,2016-10-05,26.4,29.0,24.0,1.0,1.0,4.0,81,3.33,0.421,0.427,0.446,27.1,26.6,20.39324,78.13201,ERA5,Asia/Kolkata,Open-Meteo Historical Weather API
MH-Yavatmal,2016-10-06,26.6,30.2,23.4,0.0,0.0,0.0,76,3.56,0.413,0.421,0.442,26.8,26.4,20.39324,78.13201,ERA5,Asia/Kolkata,Open-Meteo Historical Weather API
MH-Yavatmal,2016-10-07,26.5,30.4,24.5,3.8,3.8,4.0,81,3.41,0.414,0.415,0.44,27.0,26.5,20.39324,78.13201,ERA5,Asia/Kolkata,Open-Meteo Historical Weather API
MH-Yavatmal,2016-10-08,25.1,28.1,23.8,25.6,25.6,22.0,89,1.65,0.452,0.438,0.439,25.8,26.1,20.39324,78.13201,ERA5,Asia/Kolkata,Open-Meteo Historical Weather API
MH-Yavatmal,2016-10-09,26.2,30.9,23.1,1.8,1.8,10.0,83,3.47,0.451,0.457,0.446,26.4,26.1,20.39324,78.13201,ERA5,Asia/Kolkata,Open-Meteo Historical Weather API
MH-Yavatmal,2016-10-10,26.7,31.6,24.0,0.8,0.8,2.0,82,4.01,0.433,0.442,0.445,27.1,26.6,20.39324,78.13201,ERA5,Asia/Kolkata,Open-Meteo Historical Weather API
MH-Yavatmal,2016-10-11,26.6,31.4,23.2,0.0,0.0,0.0,77,4.29,0.42,0.431,0.442,27.0,26.7,20.39324,78.13201,ERA5,Asia/Kolkata,Open-Meteo Historical Weather API
MH-Yavatmal,2016-10-12,25.8,31.3,21.6,0.0,0.0,0.0,73,4.64,0.406,0.42,0.439,26.5,26.4,20.39324,78.13201,ERA5,Asia/Kolkata,Open-Meteo Historical Weather API
MH-Yavatmal,2016-10-13,24.6,31.3,19.5,0.0,0.0,0.0,69,4.72,0.392,0.409,0.435,25.6,25.8,20.39324,78.13201,ERA5,Asia/Kolkata,Open-Meteo Historical Weather API
MH-Yavatmal,2016-10-14,23.8,31.5,17.0,0.0,0.0,0.0,65,4.51,0.379,0.398,0.431,24.5,25.0,20.39324,78.13201,ERA5,Asia/Kolkata,Open-Meteo Historical Weather API
MH-Yavatmal,2016-10-15,24.5,31.0,17.6,0.0,0.0,0.0,66,3.82,0.369,0.389,0.427,24.6,24.8,20.39324,78.13201,ERA5,Asia/Kolkata,Open-Meteo Historical Weather API
MH-Yavatmal,2016-10-16,25.2,31.5,18.5,0.0,0.0,0.0,67,4.13,0.361,0.383,0.424,25.2,25.1,20.39324,78.13201,ERA5,Asia/Kolkata,Open-Meteo Historical Weather API
MH-Yavatmal,2016-10-17,25.0,31.3,20.3,0.0,0.0,0.0,66,4.5,0.35,0.374,0.42,25.4,25.4,20.39324,78.13201,ERA5,Asia/Kolkata,Open-Meteo Historical Weather API
MH-Yavatmal,2016-10-18,24.5,31.5,17.6,0.0,0.0,0.0,65,4.55,0.337,0.364,0.415,24.6,24.8,20.39324,78.13201,ERA5,Asia/Kolkata,Open-Meteo Historical Weather API
MH-Yavatmal,2016-10-19,24.5,31.7,19.3,0.0,0.0,0.0,66,4.6,0.326,0.356,0.411,24.9,25.0,20.39324,78.13201,ERA5,Asia/Kolkata,Open-Meteo Historical Weather API
MH-Yavatmal,2016-10-20,24.2,31.5,18.1,0.0,0.0,0.0,66,4.51,0.317,0.35,0.407,24.7,24.9,20.39324,78.13201,ERA5,Asia/Kolkata,Open-Meteo Historical Weather API
MH-Yavatmal,2016-10-21,23.9,31.4,17.9,0.0,0.0,0.0,69,4.36,0.309,0.344,0.403,24.4,24.6,20.39324,78.13201,ERA5,Asia/Kolkata,Open-Meteo Historical Weather API
MH-Yavatmal,2016-10-22,24.8,31.9,18.9,0.0,0.0,0.0,68,4.16,0.3,0.338,0.399,24.9,24.8,20.39324,78.13201,ERA5,Asia/Kolkata,Open-Meteo Historical Weather API
MH-Yavatmal,2016-10-23,25.5,31.9,20.6,0.0,0.0,0.0,62,4.22,0.292,0.332,0.394,25.5,25.3,20.39324,78.13201,ERA5,Asia/Kolkata,Open-Meteo Historical Weather API
MH-Yavatmal,2016-10-24,25.5,30.9,20.6,0.0,0.0,0.0,61,4.32,0.283,0.325,0.39,25.5,25.4,20.39324,78.13201,ERA5,Asia/Kolkata,Open-Meteo Historical Weather API
MH-Yavatmal,2016-10-25,25.0,30.8,19.3,0.0,0.0,0.0,61,4.15,0.275,0.319,0.385,25.2,25.4,20.39324,78.13201,ERA5,Asia/Kolkata,Open-Meteo Historical Weather API
MH-Yavatmal,2016-10-26,24.8,30.8,20.6,0.0,0.0,0.0,65,3.51,0.268,0.313,0.381,25.0,25.4,20.39324,78.13201,ERA5,Asia/Kolkata,Open-Meteo Historical Weather API
MH-Yavatmal,2016-10-27,24.0,30.8,18.8,0.0,0.0,0.0,59,5.02,0.261,0.308,0.377,24.5,24.9,20.39324,78.13201,ERA5,Asia/Kolkata,Open-Meteo Historical Weather API
MH-Yavatmal,2016-10-28,23.3,29.9,16.5,0.0,0.0,0.0,53,4.78,0.254,0.302,0.373,23.2,24.0,20.39324,78.13201,ERA5,Asia/Kolkata,Open-Meteo Historical Weather API
MH-Yavatmal,2016-10-29,23.8,30.6,16.9,0.0,0.0,0.0,63,3.86,0.249,0.298,0.37,23.5,23.8,20.39324,78.13201,ERA5,Asia/Kolkata,Open-Meteo Historical Weather API
MH-Yavatmal,2016-10-30,23.8,29.9,18.7,0.0,0.0,0.0,65,3.78,0.244,0.295,0.367,24.3,24.4,20.39324,78.13201,ERA5,Asia/Kolkata,Open-Meteo Historical Weather API
MH-Yavatmal,2016-10-31,23.6,30.4,17.9,0.0,0.0,0.0,62,4.35,0.24,0.292,0.365,24.0,24.4,20.39324,78.13201,ERA5,Asia/Kolkata,Open-Meteo Historical Weather API
MH-Yavatmal,2016-11-01,22.7,29.7,17.1,0.0,0.0,0.0,63,4.44,0.237,0.29,0.364,23.3,24.1,20.39324,78.13201,ERA5,Asia/Kolkata,Open-Meteo Historical Weather API
MH-Yavatmal,2016-11-02,22.3,29.1,15.5,0.0,0.0,0.0,62,4.33,0.233,0.286,0.361,22.7,23.5,20.39324,78.13201,ERA5,Asia/Kolkata,Open-Meteo Historical Weather API
MH-Yavatmal,2016-11-03,22.8,30.0,15.2,0.0,0.0,0.0,66,3.9,0.229,0.283,0.359,23.1,23.4,20.39324,78.13201,ERA5,Asia/Kolkata,Open-Meteo Historical Weather API
MH-Yavatmal,2016-11-04,23.3,30.0,17.5,0.0,0.0,0.0,65,4.08,0.226,0.279,0.355,23.7,23.8,20.39324,78.13201,ERA5,Asia/Kolkata,Open-Meteo Historical Weather API
MH-Yavatmal,2016-11-05,23.3,30.1,18.8,0.0,0.0,0.0,63,3.6,0.222,0.275,0.353,23.6,24.1,20.39324,78.13201,ERA5,Asia/Kolkata,Open-Meteo Historical Weather API
MH-Yavatmal,2016-11-06,22.8,29.9,16.5,0.0,0.0,0.0,54,4.47,0.221,0.274,0.352,23.0,24.0,20.39324,78.13201,ERA5,Asia/Kolkata,Open-Meteo Historical Weather API
MH-Yavatmal,2016-11-07,21.7,30.1,14.5,0.0,0.0,0.0,60,4.45,0.219,0.273,0.352,22.5,23.3,20.39324,78.13201,ERA5,Asia/Kolkata,Open-Meteo Historical Weather API
MH-Yavatmal,2016-11-08,21.8,30.5,15.3,0.0,0.0,0.0,58,4.39,0.216,0.271,0.35,22.4,23.0,20.39324,78.13201,ERA5,Asia/Kolkata,Open-Meteo Historical Weather API
MH-Yavatmal,2016-11-09,20.9,29.9,13.9,0.0,0.0,0.0,57,4.35,0.216,0.269,0.349,21.8,22.8,20.39324,78.13201,ERA5,Asia/Kolkata,Open-Meteo Historical Weather API
MH-Yavatmal,2016-11-10,20.6,29.1,12.9,0.0,0.0,0.0,58,4.06,0.214,0.268,0.348,21.3,22.4,20.39324,78.13201,ERA5,Asia/Kolkata,Open-Meteo Historical Weather API
MH-Yavatmal,2016-11-11,21.0,29.2,14.2,0.0,0.0,0.0,57,4.15,0.213,0.267,0.348,21.2,22.2,20.39324,78.13201,ERA5,Asia/Kolkata,Open-Meteo Historical Weather API
MH-Yavatmal,2016-11-12,21.0,28.8,13.1,0.0,0.0,0.0,57,4.09,0.213,0.265,0.346,20.8,22.0,20.39324,78.13201,ERA5,Asia/Kolkata,Open-Meteo Historical Weather API
MH-Yavatmal,2016-11-13,21.3,28.3,14.4,0.0,0.0,0.0,62,3.94,0.212,0.264,0.344,20.9,21.9,20.39324,78.13201,ERA5,Asia/Kolkata,Open-Meteo Historical Weather API
MH-Yavatmal,2016-11-14,21.9,28.9,14.6,0.0,0.0,0.0,64,3.77,0.213,0.262,0.343,21.6,22.2,20.39324,78.13201,ERA5,Asia/Kolkata,Open-Meteo Historical Weather API
MH-Yavatmal,2016-11-15,22.0,29.2,15.6,0.0,0.0,0.0,65,4.05,0.212,0.261,0.343,22.3,22.6,20.39324,78.13201,ERA5,Asia/Kolkata,Open-Meteo Historical Weather API
MH-Yavatmal,2016-11-16,21.7,28.9,15.6,0.0,0.0,0.0,62,4.16,0.211,0.26,0.342,22.3,22.7,20.39324,78.13201,ERA5,Asia/Kolkata,Open-Meteo Historical Weather API
MH-Yavatmal,2016-11-17,20.4,28.4,14.3,0.0,0.0,0.0,58,4.28,0.209,0.258,0.34,21.3,22.4,20.39324,78.13201,ERA5,Asia/Kolkata,Open-Meteo Historical Weather API
MH-Yavatmal,2016-11-18,20.6,29.0,12.5,0.0,0.0,0.0,59,4.07,0.208,0.256,0.339,20.6,21.7,20.39324,78.13201,ERA5,Asia/Kolkata,Open-Meteo Historical Weather API
MH-Yavatmal,2016-11-19,20.6,28.5,12.7,0.0,0.0,0.0,56,3.5,0.209,0.256,0.338,20.4,21.5,20.39324,78.13201,ERA5,Asia/Kolkata,Open-Meteo Historical Weather API
MH-Yavatmal,2016-11-20,21.1,29.6,12.7,0.0,0.0,0.0,57,3.85,0.209,0.256,0.338,20.4,21.2,20.39324,78.13201,ERA5,Asia/Kolkata,Open-Meteo Historical Weather API
MH-Yavatmal,2016-11-21,21.3,29.9,12.4,0.0,0.0,0.0,59,3.7,0.209,0.255,0.337,20.3,21.2,20.39324,78.13201,ERA5,Asia/Kolkata,Open-Meteo Historical Weather API
MH-Yavatmal,2016-11-22,21.6,30.0,13.6,0.0,0.0,0.0,62,3.73,0.209,0.255,0.337,21.0,21.5,20.39324,78.13201,ERA5,Asia/Kolkata,Open-Meteo Historical Weather API
MH-Yavatmal,2016-11-23,21.6,29.8,14.5,0.0,0.0,0.0,62,3.87,0.21,0.256,0.337,21.2,21.7,20.39324,78.13201,ERA5,Asia/Kolkata,Open-Meteo Historical Weather API
MH-Yavatmal,2016-11-24,21.8,29.5,15.3,0.0,0.0,0.0,57,3.95,0.21,0.255,0.336,21.1,21.5,20.39324,78.13201,ERA5,Asia/Kolkata,Open-Meteo Historical Weather API
MH-Yavatmal,2016-11-25,21.3,29.7,13.0,0.0,0.0,0.0,56,3.83,0.209,0.254,0.335,20.7,21.4,20.39324,78.13201,ERA5,Asia/Kolkata,Open-Meteo Historical Weather API
MH-Yavatmal,2016-11-26,21.0,30.3,12.7,0.0,0.0,0.0,61,3.82,0.21,0.253,0.334,20.9,21.2,20.39324,78.13201,ERA5,Asia/Kolkata,Open-Meteo Historical Weather API
MH-Yavatmal,2016-11-27,21.4,30.7,13.9,0.0,0.0,0.0,62,3.97,0.208,0.251,0.333,21.6,21.6,20.39324,78.13201,ERA5,Asia/Kolkata,Open-Meteo Historical Weather API
MH-Yavatmal,2016-11-28,21.9,30.4,14.2,0.0,0.0,0.0,58,3.74,0.206,0.25,0.332,21.5,21.7,20.39324,78.13201,ERA5,Asia/Kolkata,Open-Meteo Historical Weather API
MH-Yavatmal,2016-11-29,22.0,30.8,13.9,0.0,0.0,0.0,60,3.73,0.206,0.249,0.331,21.4,21.8,20.39324,78.13201,ERA5,Asia/Kolkata,Open-Meteo Historical Weather API
MH-Yavatmal,2016-11-30,22.1,30.5,14.3,0.0,0.0,0.0,60,3.74,0.204,0.248,0.33,21.3,21.7,20.39324,78.13201,ERA5,Asia/Kolkata,Open-Meteo Historical Weather API
MH-Yavatmal,2016-12-01,21.2,29.1,14.8,0.0,0.0,0.0,63,3.49,0.204,0.246,0.328,21.3,21.8,20.39324,78.13201,ERA5,Asia/Kolkata,Open-Meteo Historical Weather API
MH-Yavatmal,2016-12-02,21.2,29.2,13.9,0.0,0.0,0.0,63,3.84,0.201,0.244,0.326,21.3,21.7,20.39324,78.13201,ERA5,Asia/Kolkata,Open-Meteo Historical Weather API
MH-Yavatmal,2016-12-03,21.3,28.9,15.8,0.0,0.0,0.0,67,3.76,0.199,0.242,0.324,21.8,21.9,20.39324,78.13201,ERA5,Asia/Kolkata,Open-Meteo Historical Weather API
MH-Yavatmal,2016-12-04,21.8,29.1,16.5,0.0,0.0,0.0,67,3.77,0.197,0.24,0.323,22.2,22.2,20.39324,78.13201,ERA5,Asia/Kolkata,Open-Meteo Historical Weather API
MH-Yavatmal,2016-12-05,21.2,28.3,14.8,0.0,0.0,0.0,62,3.68,0.194,0.238,0.32,21.7,22.1,20.39324,78.13201,ERA5,Asia/Kolkata,Open-Meteo Historical Weather API
MH-Yavatmal,2016-12-06,19.9,28.0,13.2,0.0,0.0,0.0,64,3.73,0.193,0.237,0.32,20.8,21.6,20.39324,78.13201,ERA5,Asia/Kolkata,Open-Meteo Historical Weather API
MH-Yavatmal,2016-12-07,19.9,28.4,13.1,0.0,0.0,0.0,62,3.64,0.192,0.236,0.318,20.6,21.4,20.39324,78.13201,ERA5,Asia/Kolkata,Open-Meteo Historical Weather API
MH-Yavatmal,2016-12-08,19.5,28.0,11.9,0.0,0.0,0.0,62,3.62,0.193,0.235,0.318,20.2,21.1,20.39324,78.13201,ERA5,Asia/Kolkata,Open-Meteo Historical Weather API
MH-Yavatmal,2016-12-09,19.1,27.3,11.5,0.0,0.0,0.0,58,3.64,0.193,0.235,0.318,19.7,20.9,20.39324,78.13201,ERA5,Asia/Kolkata,Open-Meteo Historical Weather API
MH-Yavatmal,2016-12-10,18.8,27.7,11.4,0.0,0.0,0.0,57,3.69,0.193,0.236,0.318,19.3,20.3,20.39324,78.13201,ERA5,Asia/Kolkata,Open-Meteo Historical Weather API
MH-Yavatmal,2016-12-11,19.8,29.0,11.1,0.0,0.0,0.0,59,3.91,0.195,0.237,0.319,19.7,20.3,20.39324,78.13201,ERA5,Asia/Kolkata,Open-Meteo Historical Weather API
MH-Yavatmal,2016-12-12,20.4,29.8,12.2,0.0,0.0,0.0,58,4.05,0.195,0.236,0.319,20.3,20.6,20.39324,78.13201,ERA5,Asia/Kolkata,Open-Meteo Historical Weather API
MH-Yavatmal,2016-12-13,21.1,29.7,14.2,0.0,0.0,0.0,53,4.26,0.195,0.234,0.317,21.2,21.1,20.39324,78.13201,ERA5,Asia/Kolkata,Open-Meteo Historical Weather API
MH-Yavatmal,2016-12-14,21.3,27.7,16.7,0.0,0.0,0.0,54,3.59,0.195,0.233,0.316,21.3,21.4,20.39324,78.13201,ERA5,Asia/Kolkata,Open-Meteo Historical Weather API
MH-Yavatmal,2016-12-15,21.0,29.0,15.6,0.0,0.0,0.0,52,4.09,0.196,0.233,0.316,21.4,21.6,20.39324,78.13201,ERA5,Asia/Kolkata,Open-Meteo Historical Weather API
MH-Yavatmal,2016-12-16,21.2,28.6,14.6,0.0,0.0,0.0,55,3.69,0.197,0.233,0.316,21.1,21.5,20.39324,78.13201,ERA5,Asia/Kolkata,Open-Meteo Historical Weather API
MH-Yavatmal,2016-12-17,20.3,27.9,13.0,0.0,0.0,0.0,57,3.69,0.198,0.234,0.317,20.4,21.1,20.39324,78.13201,ERA5,Asia/Kolkata,Open-Meteo Historical Weather API
MH-Yavatmal,2016-12-18,18.7,26.4,12.7,0.0,0.0,0.0,58,3.67,0.2,0.235,0.317,19.7,20.6,20.39324,78.13201,ERA5,Asia/Kolkata,Open-Meteo Historical Weather API
MH-Yavatmal,2016-12-19,18.8,26.6,10.8,0.0,0.0,0.0,56,3.43,0.2,0.235,0.317,18.9,20.1,20.39324,78.13201,ERA5,Asia/Kolkata,Open-Meteo Historical Weather API
MH-Yavatmal,2016-12-20,19.3,26.9,12.2,0.0,0.0,0.0,57,3.35,0.2,0.235,0.317,18.8,19.7,20.39324,78.13201,ERA5,Asia/Kolkata,Open-Meteo Historical Weather API
MH-Yavatmal,2016-12-21,19.2,28.6,11.7,0.0,0.0,0.0,65,3.51,0.198,0.235,0.316,19.4,19.7,20.39324,78.13201,ERA5,Asia/Kolkata,Open-Meteo Historical Weather API
MH-Yavatmal,2016-12-22,18.9,28.5,11.8,0.0,0.0,0.0,62,3.63,0.198,0.234,0.315,19.7,20.0,20.39324,78.13201,ERA5,Asia/Kolkata,Open-Meteo Historical Weather API
MH-Yavatmal,2016-12-23,18.6,28.3,11.4,0.0,0.0,0.0,56,3.73,0.2,0.234,0.315,19.4,20.0,20.39324,78.13201,ERA5,Asia/Kolkata,Open-Meteo Historical Weather API
MH-Yavatmal,2016-12-24,18.8,28.9,10.1,0.0,0.0,0.0,56,3.84,0.199,0.234,0.315,19.0,19.9,20.39324,78.13201,ERA5,Asia/Kolkata,Open-Meteo Historical Weather API
MH-Yavatmal,2016-12-25,20.7,29.0,12.4,0.0,0.0,0.0,53,3.48,0.202,0.234,0.316,19.6,19.9,20.39324,78.13201,ERA5,Asia/Kolkata,Open-Meteo Historical Weather API
MH-Yavatmal,2016-12-26,19.0,27.2,12.8,0.0,0.0,0.0,56,3.87,0.205,0.237,0.319,19.6,20.1,20.39324,78.13201,ERA5,Asia/Kolkata,Open-Meteo Historical Weather API
MH-Yavatmal,2016-12-27,17.4,26.0,10.6,0.0,0.0,0.0,54,3.76,0.205,0.238,0.319,18.5,19.5,20.39324,78.13201,ERA5,Asia/Kolkata,Open-Meteo Historical Weather API
MH-Yavatmal,2016-12-28,18.7,26.7,10.3,0.0,0.0,0.0,56,3.5,0.205,0.237,0.318,18.3,19.2,20.39324,78.13201,ERA5,Asia/Kolkata,Open-Meteo Historical Weather API
MH-Yavatmal,2016-12-29,19.9,27.7,13.2,0.0,0.0,0.0,56,3.51,0.204,0.238,0.318,18.7,19.2,20.39324,78.13201,ERA5,Asia/Kolkata,Open-Meteo Historical Weather API
MH-Yavatmal,2016-12-30,20.4,29.4,12.9,0.0,0.0,0.0,59,3.36,0.205,0.237,0.317,19.7,19.6,20.39324,78.13201,ERA5,Asia/Kolkata,Open-Meteo Historical Weather API
MH-Yavatmal,2016-12-31,20.4,29.6,13.0,0.0,0.0,0.0,59,3.61,0.203,0.236,0.317,20.3,20.3,20.39324,78.13201,ERA5,Asia/Kolkata,Open-Meteo Historical Weather API
MH-Yavatmal,2017-01-01,20.8,29.8,13.1,0.0,0.0,0.0,62,3.7,0.203,0.236,0.317,20.8,20.7,20.39324,78.13201,ERA5,Asia/Kolkata,Open-Meteo Historical Weather API
MH-Yavatmal,2017-01-02,20.9,29.0,15.1,0.0,0.0,0.0,58,4.07,0.203,0.236,0.317,21.3,21.2,20.39324,78.13201,ERA5,Asia/Kolkata,Open-Meteo Historical Weather API
MH-Yavatmal,2017-01-03,18.6,25.4,13.4,0.0,0.0,0.0,61,3.61,0.201,0.235,0.315,20.0,20.9,20.39324,78.13201,ERA5,Asia/Kolkata,Open-Meteo Historical Weather API
MH-Yavatmal,2017-01-04,18.5,26.3,11.8,0.0,0.0,0.0,62,3.41,0.201,0.234,0.315,19.2,20.1,20.39324,78.13201,ERA5,Asia/Kolkata,Open-Meteo Historical Weather API
MH-Yavatmal,2017-01-05,19.6,27.6,12.4,0.0,0.0,0.0,59,3.54,0.199,0.232,0.313,19.5,19.8,20.39324,78.13201,ERA5,Asia/Kolkata,Open-Meteo Historical Weather API
MH-Yavatmal,2017-01-06,20.3,29.1,13.9,0.0,0.0,0.0,55,3.92,0.2,0.231,0.312,20.2,20.0,20.39324,78.13201,ERA5,Asia/Kolkata,Open-Meteo Historical Weather API
MH-Yavatmal,2017-01-07,20.5,29.0,13.5,0.0,0.0,0.0,54,3.89,0.2,0.23,0.31,20.6,20.5,20.39324,78.13201,ERA5,Asia/Kolkata,Open-Meteo Historical Weather API
MH-Yavatmal,2017-01-08,20.6,28.9,14.2,0.0,0.0,0.0,65,3.52,0.201,0.232,0.311,21.1,20.7,20.39324,78.13201,ERA5,Asia/Kolkata,Open-Meteo Historical Weather API
MH-Yavatmal,2017-01-09,22.0,28.8,16.5,0.0,0.0,0.0,66,3.01,0.203,0.233,0.312,21.8,21.3,20.39324,78.13201,ERA5,Asia/Kolkata,Open-Meteo Historical Weather API
MH-Yavatmal,2017-01-10,20.8,25.8,17.3,0.0,0.0,0.0,66,3.63,0.204,0.235,0.313,22.1,21.8,20.39324,78.13201,ERA5,Asia/Kolkata,Open-Meteo Historical Weather API
MH-Yavatmal,2017-01-11,17.6,24.3,13.1,0.0,0.0,0.0,60,3.63,0.203,0.233,0.312,19.6,20.9,20.39324,78.13201,ERA5,Asia/Kolkata,Open-Meteo Historical Weather API
MH-Yavatmal,2017-01-12,16.4,23.2,10.9,0.0,0.0,0.0,54,3.65,0.201,0.232,0.311,18.0,19.6,20.39324,78.13201,ERA5,Asia/Kolkata,Open-Meteo Historical Weather API
MH-Yavatmal,2017-01-13,16.4,23.9,10.0,0.0,0.0,0.0,54,3.64,0.198,0.231,0.31,17.8,18.8,20.39324,78.13201,ERA5,Asia/Kolkata,Open-Meteo Historical Weather API
MH-Yavatmal,2017-01-14,17.8,24.9,12.2,0.0,0.0,0.0,48,3.95,0.194,0.226,0.307,18.8,19.2,20.39324,78.13201,ERA5,Asia/Kolkata,Open-Meteo Historical Weather API
MH-Yavatmal,2017-01-15,19.2,26.3,14.2,0.0,0.0,0.0,51,3.61,0.193,0.224,0.305,19.7,19.9,20.39324,78.13201,ERA5,Asia/Kolkata,Open-Meteo Historical Weather API
MH-Yavatmal,2017-01-16,20.4,27.9,14.4,0.0,0.0,0.0,51,3.74,0.195,0.225,0.305,20.7,20.6,20.39324,78.13201,ERA5,Asia/Kolkata,Open-Meteo Historical Weather API
MH-Yavatmal,2017-01-17,21.6,29.1,16.1,0.0,0.0,0.0,53,3.52,0.197,0.226,0.306,21.3,21.2,20.39324,78.13201,ERA5,Asia/Kolkata,Open-Meteo Historical Weather API
MH-Yavatmal,2017-01-18,22.3,29.1,17.0,0.0,0.0,0.0,54,4.0,0.196,0.224,0.304,22.3,21.9,20.39324,78.13201,ERA5,Asia/Kolkata,Open-Meteo Historical Weather API
MH-Yavatmal,2017-01-19,20.7,28.7,14.6,0.0,0.0,0.0,56,4.3,0.195,0.223,0.303,21.7,21.9,20.39324,78.13201,ERA5,Asia/Kolkata,Open-Meteo Historical Weather API
MH-Yavatmal,2017-01-20,20.6,28.3,14.7,0.0,0.0,0.0,55,4.22,0.194,0.223,0.303,21.2,21.5,20.39324,78.13201,ERA5,Asia/Kolkata,Open-Meteo Historical Weather API
MH-Yavatmal,2017-01-21,21.4,29.9,14.5,0.0,0.0,0.0,55,4.3,0.194,0.221,0.301,21.8,21.5,20.39324,78.13201,ERA5,Asia/Kolkata,Open-Meteo Historical Weather API
MH-Yavatmal,2017-01-22,22.8,31.1,16.7,0.0,0.0,0.0,51,4.43,0.192,0.218,0.299,22.8,22.1,20.39324,78.13201,ERA5,Asia/Kolkata,Open-Meteo Historical Weather API
MH-Yavatmal,2017-01-23,23.2,30.9,17.4,0.0,0.0,0.0,51,4.46,0.192,0.217,0.297,23.6,22.9,20.39324,78.13201,ERA5,Asia/Kolkata,Open-Meteo Historical Weather API
MH-Yavatmal,2017-01-24,22.8,31.1,16.9,0.0,0.0,0.0,52,4.56,0.192,0.217,0.297,23.4,23.0,20.39324,78.13201,ERA5,Asia/Kolkata,Open-Meteo Historical Weather API
MH-Yavatmal,2017-01-25,21.6,29.8,15.8,0.0,0.0,0.0,53,4.48,0.192,0.217,0.297,22.6,22.7,20.39324,78.13201,ERA5,Asia/Kolkata,Open-Meteo Historical Weather API
MH-Yavatmal,2017-01-26,21.9,28.3,14.8,0.0,0.0,0.0,57,3.79,0.193,0.216,0.295,21.9,22.1,20.39324,78.13201,ERA5,Asia/Kolkata,Open-Meteo Historical Weather API
MH-Yavatmal,2017-01-27,23.7,29.6,19.2,0.0,0.0,0.0,58,4.32,0.192,0.215,0.294,24.4,23.1,20.39324,78.13201,ERA5,Asia/Kolkata,Open-Meteo Historical Weather API
MH-Yavatmal,2017-01-28,21.5,27.6,16.7,0.0,0.0,0.0,59,4.17,0.192,0.216,0.294,23.3,23.4,20.39324,78.13201,ERA5,Asia/Kolkata,Open-Meteo Historical Weather API
MH-Yavatmal,2017-01-29,21.0,28.5,13.9,0.0,0.0,0.0,52,4.16,0.192,0.216,0.294,22.2,22.5,20.39324,78.13201,ERA5,Asia/Kolkata,Open-Meteo Historical Weather API
MH-Yavatmal,2017-01-30,22.4,30.5,14.5,0.0,0.0,0.0,49,4.07,0.19,0.215,0.293,22.1,22.1,20.39324,78.13201,ERA5,Asia/Kolkata,Open-Meteo Historical Weather API
MH-Yavatmal,2017-01-31,23.1,31.9,14.6,0.0,0.0,0.0,50,4.29,0.187,0.213,0.29,23.0,22.4,20.39324,78.13201,ERA5,Asia/Kolkata,Open-Meteo Historical Weather API
MH-Yavatmal,2017-02-01,23.4,31.6,15.9,0.0,0.0,0.0,50,4.39,0.185,0.209,0.286,23.9,23.0,20.39324,78.13201,ERA5,Asia/Kolkata,Open-Meteo Historical Weather API
MH-Yavatmal,2017-02-02,23.9,31.6,18.3,0.0,0.0,0.0,50,4.58,0.184,0.207,0.284,24.6,23.7,20.39324,78.13201,ERA5,Asia/Kolkata,Open-Meteo Historical Weather API
MH-Yavatmal,2017-02-03,23.9,31.2,16.8,0.0,0.0,0.0,48,4.54,0.184,0.206,0.282,24.7,24.0,20.39324,78.13201,ERA5,Asia/Kolkata,Open-Meteo Historical Weather API
MH-Yavatmal,2017-02-04,23.5,31.6,16.5,0.0,0.0,0.0,48,4.81,0.185,0.205,0.28,24.4,23.9,20.39324,78.13201,ERA5,Asia/Kolkata,Open-Meteo Historical Weather API
MH-Yavatmal,2017-02-05,23.4,31.8,14.8,0.0,0.0,0.0,45,4.68,0.186,0.205,0.278,24.2,23.8,20.39324,78.13201,ERA5,Asia/Kolkata,Open-Meteo Historical Weather API
MH-Yavatmal,2017-02-06,23.7,31.0,18.1,0.0,0.0,0.0,50,4.68,0.187,0.205,0.278,24.8,24.1,20.39324,78.13201,ERA5,Asia/Kolkata,Open-Meteo Historical Weather API
MH-Yavatmal,2017-02-07,23.3,30.8,16.4,0.0,0.0,0.0,48,4.6,0.186,0.204,0.277,24.5,24.3,20.39324,78.13201,ERA5,Asia/Kolkata,Open-Meteo Historical Weather API
MH-Yavatmal,2017-02-08,23.8,32.3,16.1,0.0,0.0,0.0,47,4.7,0.183,0.202,0.273,24.6,24.0,20.39324,78.13201,ERA5,Asia/Kolkata,Open-Meteo Historical Weather API
MH-Yavatmal,2017-02-09,24.8,32.5,18.5,0.0,0.0,0.0,45,4.57,0.185,0.203,0.272,25.3,24.5,20.39324,78.13201,ERA5,Asia/Kolkata,Open-Meteo Historical Weather API
MH-Yavatmal,2017-02-10,24.7,30.5,19.3,0.0,0.0,0.0,47,5.0,0.189,0.208,0.274,25.7,25.0,20.39324,78.13201,ERA5,Asia/Kolkata,Open-Meteo Historical Weather API
MH-Yavatmal,2017-02-11,25.2,30.7,21.2,0.0,0.0,0.0,49,4.53,0.19,0.209,0.275,26.2,25.5,20.39324,78.13201,ERA5,Asia/Kolkata,Open-Meteo Historical Weather API
MH-Yavatmal,2017-02-12,24.3,30.0,19.9,0.0,0.0,0.0,54,4.77,0.194,0.215,0.281,25.5,25.4,20.39324,78.13201,ERA5,Asia/Kolkata,Open-Meteo Historical Weather API
MH-Yavatmal,2017-02-13,24.0,31.5,18.3,0.0,0.0,0.0,56,4.34,0.195,0.217,0.282,25.1,25.0,20.39324,78.13201,ERA5,Asia/Kolkata,Open-Meteo Historical Weather API
MH-Yavatmal,2017-02-14,24.7,31.8,18.3,0.0,0.0,0.0,53,4.96,0.193,0.217,0.282,25.7,25.0,20.39324,78.13201,ERA5,Asia/Kolkata,Open-Meteo Historical Weather API
MH-Yavatmal,2017-02-15,25.2,31.9,19.7,0.0,0.0,0.0,47,5.17,0.19,0.215,0.28,26.2,25.4,20.39324,78.13201,ERA5,Asia/Kolkata,Open-Meteo Historical Weather API
MH-Yavatmal,2017-02-16,24.7,32.1,18.0,0.0,0.0,0.0,47,5.14,0.188,0.215,0.279,25.9,25.4,20.39324,78.13201,ERA5,Asia/Kolkata,Open-Meteo Historical Weather API
MH-Yavatmal,2017-02-17,25.7,33.2,17.8,0.0,0.0,0.0,39,5.43,0.188,0.214,0.278,25.6,25.3,20.39324,78.13201,ERA5,Asia/Kolkata,Open-Meteo Historical Weather API
MH-Yavatmal,2017-02-18,26.0,34.6,17.8,0.0,0.0,0.0,40,5.64,0.185,0.211,0.274,26.0,25.3,20.39324,78.13201,ERA5,Asia/Kolkata,Open-Meteo Historical Weather API
MH-Yavatmal,2017-02-19,25.8,34.4,17.7,0.0,0.0,0.0,41,5.37,0.185,0.209,0.272,26.4,25.6,20.39324,78.13201,ERA5,Asia/Kolkata,Open-Meteo Historical Weather API
MH-Yavatmal,2017-02-20,26.6,35.5,18.8,0.0,0.0,0.0,39,5.67,0.185,0.207,0.27,27.0,26.0,20.39324,78.13201,ERA5,Asia/Kolkata,Open-Meteo Historical Weather API
MH-Yavatmal,2017-02-21,27.1,35.6,20.2,0.0,0.0,0.0,38,6.28,0.185,0.206,0.268,27.4,26.4,20.39324,78.13201,ERA5,Asia/Kolkata,Open-Meteo Historical Weather API
MH-Yavatmal,2017-02-22,26.4,34.8,19.9,0.0,0.0,0.0,39,5.91,0.185,0.205,0.266,27.5,26.6,20.39324,78.13201,ERA5,Asia/Kolkata,Open-Meteo Historical Weather API
MH-Yavatmal,2017-02-23,26.4,34.6,18.5,0.0,0.0,0.0,37,6.07,0.184,0.204,0.264,27.4,26.5,20.39324,78.13201,ERA5,Asia/Kolkata,Open-Meteo Historical Weather API
MH-Yavatmal,2017-02-24,25.1,32.7,18.1,0.0,0.0,0.0,38,5.91,0.185,0.205,0.264,26.7,26.5,20.39324,78.13201,ERA5,Asia/Kolkata,Open-Meteo Historical Weather API
MH-Yavatmal,2017-02-25,24.9,32.7,17.5,0.0,0.0,0.0,31,5.7,0.189,0.207,0.265,25.9,25.9,20.39324,78.13201,ERA5,Asia/Kolkata,Open-Meteo Historical Weather API
MH-Yavatmal,2017-02-26,25.3,35.5,15.5,0.0,0.0,0.0,32,5.67,0.188,0.207,0.264,25.8,25.4,20.39324,78.13201,ERA5,Asia/Kolkata,Open-Meteo Historical Weather API
MH-Yavatmal,2017-02-27,25.7,34.4,16.9,0.0,0.0,0.0,36,5.95,0.186,0.208,0.265,26.3,25.5,20.39324,78.13201,ERA5,Asia/Kolkata,Open-Meteo Historical Weather API
MH-Yavatmal,2017-02-28,26.6,34.7,18.7,0.0,0.0,0.0,32,6.18,0.184,0.207,0.264,27.2,26.1,20.39324,78.13201,ERA5,Asia/Kolkata,Open-Meteo Historical Weather API
MH-Yavatmal,2017-03-01,27.2,35.7,18.7,0.0,0.0,0.0,35,5.79,0.186,0.207,0.263,27.9,26.6,20.39324,78.13201,ERA5,Asia/Kolkata,Open-Meteo Historical Weather API
MH-Yavatmal,2017-03-02,27.7,35.5,20.4,0.0,0.0,0.0,36,6.29,0.188,0.208,0.264,28.4,27.2,20.39324,78.13201,ERA5,Asia/Kolkata,Open-Meteo Historical Weather API
MH-Yavatmal,2017-03-03,28.3,36.0,20.9,0.0,0.0,0.0,36,6.38,0.189,0.208,0.263,28.7,27.8,20.39324,78.13201,ERA5,Asia/Kolkata,Open-Meteo Historical Weather API
MH-Yavatmal,2017-03-04,27.6,35.2,19.4,0.0,0.0,0.0,38,6.14,0.19,0.211,0.264,28.6,27.7,20.39324,78.13201,ERA5,Asia/Kolkata,Open-Meteo Historical Weather API
MH-Yavatmal,2017-03-05,27.4,34.4,20.4,0.0,0.0,0.0,35,6.16,0.189,0.211,0.264,28.7,27.7,20.39324,78.13201,ERA5,Asia/Kolkata,Open-Meteo Historical Weather API
MH-Yavatmal,2017-03-06,27.0,33.1,20.9,0.0,0.0,0.0,35,6.66,0.187,0.21,0.262,28.4,27.6,20.39324,78.13201,ERA5,Asia/Kolkata,Open-Meteo Historical Weather API
MH-Yavatmal,2017-03-07,26.5,33.3,20.8,1.3,1.3,2.0,46,5.73,0.188,0.208,0.261,28.5,27.5,20.39324,78.13201,ERA5,Asia/Kolkata,Open-Meteo Historical Weather API
MH-Yavatmal,2017-03-08,27.0,33.1,21.4,1.1,1.1,4.0,56,5.37,0.203,0.206,0.258,29.0,27.7,20.39324,78.13201,ERA5,Asia/Kolkata,Open-Meteo Historical Weather API
MH-Yavatmal,2017-03-09,27.6,34.3,21.0,0.0,0.0,0.0,36,6.12,0.199,0.206,0.257,28.7,27.8,20.39324,78.13201,ERA5,Asia/Kolkata,Open-Meteo Historical Weather API
MH-Yavatmal,2017-03-10,27.1,33.2,23.1,0.0,0.0,0.0,32,6.91,0.194,0.205,0.256,28.5,27.7,20.39324,78.13201,ERA5,Asia/Kolkata,Open-Meteo Historical Weather API
MH-Yavatmal,2017-03-11,26.1,31.6,22.4,0.0,0.0,0.0,35,6.94,0.189,0.205,0.255,27.9,27.5,20.39324,78.13201,ERA5,Asia/Kolkata,Open-Meteo Historical Weather API
MH-Yavatmal,2017-03-12,24.7,31.2,19.1,0.0,0.0,0.0,27,6.38,0.188,0.205,0.255,27.1,26.9,20.39324,78.13201,ERA5,Asia/Kolkata,Open-Meteo Historical Weather API
MH-Yavatmal,2017-03-13,24.6,32.2,16.2,0.0,0.0,0.0,29,5.98,0.185,0.204,0.254,26.6,26.4,20.39324,78.13201,ERA5,Asia/Kolkata,Open-Meteo Historical Weather API
MH-Yavatmal,2017-03-14,25.5,33.5,17.2,0.0,0.0,0.0,30,6.32,0.184,0.205,0.254,27.0,26.5,20.39324,78.13201,ERA5,Asia/Kolkata,Open-Meteo Historical Weather API
MH-Yavatmal,2017-03-15,26.5,33.8,19.4,0.0,0.0,0.0,30,6.69,0.182,0.203,0.253,28.0,27.0,20.39324,78.13201,ERA5,Asia/Kolkata,Open-Meteo Historical Weather API
MH-Yavatmal,2017-03-16,25.4,33.2,21.3,6.4,6.4,4.0,55,4.85,0.194,0.202,0.251,28.2,27.6,20.39324,78.13201,ERA5,Asia/Kolkata,Open-Meteo Historical Weather API
MH-Yavatmal,2017-03-17,27.2,35.0,19.9,0.0,0.0,0.0,48,6.69,0.223,0.204,0.252,28.2,27.3,20.39324,78.13201,ERA5,Asia/Kolkata,Open-Meteo Historical Weather API
MH-Yavatmal,2017-03-18,28.1,35.1,21.0,0.0,0.0,0.0,32,6.74,0.212,0.203,0.251,29.0,27.7,20.39324,78.13201,ERA5,Asia/Kolkata,Open-Meteo Historical Weather API
MH-Yavatmal,2017-03-19,28.8,35.9,21.9,0.0,0.0,0.0,33,8.06,0.204,0.203,0.251,29.2,28.3,20.39324,78.13201,ERA5,Asia/Kolkata,Open-Meteo Historical Weather API
MH-Yavatmal,2017-03-20,27.3,33.8,20.7,0.0,0.0,0.0,37,6.46,0.198,0.204,0.251,29.3,28.4,20.39324,78.13201,ERA5,Asia/Kolkata,Open-Meteo Historical Weather API
MH-Yavatmal,2017-03-21,27.5,35.4,19.2,0.0,0.0,0.0,32,6.65,0.193,0.205,0.251,28.9,28.1,20.39324,78.13201,ERA5,Asia/Kolkata,Open-Meteo Historical Weather API
MH-Yavatmal,2017-03-22,29.0,37.3,18.7,0.0,0.0,0.0,31,6.29,0.19,0.205,0.25,29.3,28.3,20.39324,78.13201,ERA5,Asia/Kolkata,Open-Meteo Historical Weather API
MH-Yavatmal,2017-03-23,30.3,39.1,20.8,0.0,0.0,0.0,33,6.35,0.19,0.205,0.25,30.6,29.0,20.39324,78.13201,ERA5,Asia/Kolkata,Open-Meteo Historical Weather API
MH-Yavatmal,2017-03-24,31.5,39.6,23.2,0.0,0.0,0.0,31,6.43,0.187,0.205,0.249,31.8,29.9,20.39324,78.13201,ERA5,Asia/Kolkata,Open-Meteo Historical Weather API
MH-Yavatmal,2017-03-25,32.2,40.0,23.3,0.0,0.0,0.0,29,7.03,0.185,0.203,0.247,32.6,30.6,20.39324,78.13201,ERA5,Asia/Kolkata,Open-Meteo Historical Weather API
MH-Yavatmal,2017-03-26,32.4,40.0,24.6,0.0,0.0,0.0,29,6.55,0.184,0.202,0.245,32.5,31.1,20.39324,78.13201,ERA5,Asia/Kolkata,Open-Meteo Historical Weather API
MH-Yavatmal,2017-03-27,32.2,40.0,23.7,0.0,0.0,0.0,29,7.4,0.182,0.202,0.244,32.8,31.2,20.39324,78.13201,ERA5,Asia/Kolkata,Open-Meteo Historical Weather API
MH-Yavatmal,2017-03-28,32.8,40.5,25.8,0.0,0.0,0.0,32,6.46,0.181,0.202,0.243,33.6,31.7,20.39324,78.13201,ERA5,Asia/Kolkata,Open-Meteo Historical Weather API
MH-Yavatmal,2017-03-29,32.8,41.6,23.3,0.0,0.0,0.0,30,7.03,0.182,0.203,0.244,33.7,32.1,20.39324,78.13201,ERA5,Asia/Kolkata,Open-Meteo Historical Weather API
MH-Yavatmal,2017-03-30,33.8,42.2,25.0,0.0,0.0,0.0,29,6.8,0.181,0.203,0.244,34.4,32.5,20.39324,78.13201,ERA5,Asia/Kolkata,Open-Meteo Historical Weather API
MH-Yavatmal,2017-03-31,34.1,42.2,24.4,0.0,0.0,0.0,27,6.71,0.181,0.204,0.244,34.1,32.7,20.39324,78.13201,ERA5,Asia/Kolkata,Open-Meteo Historical Weather API
MH-Yavatmal,2017-04-01,33.6,41.6,25.4,0.0,0.0,0.0,28,6.5,0.18,0.203,0.241,34.3,32.8,20.39324,78.13201,ERA5,Asia/Kolkata,Open-Meteo Historical Weather API
MH-Yavatmal,2017-04-02,34.0,40.5,27.9,0.0,0.0,0.0,26,7.85,0.179,0.202,0.24,34.9,33.1,20.39324,78.13201,ERA5,Asia/Kolkata,Open-Meteo Historical Weather API
MH-Yavatmal,2017-04-03,33.5,40.1,27.9,0.0,0.0,0.0,27,7.54,0.181,0.202,0.239,35.2,33.5,20.39324,78.13201,ERA5,Asia/Kolkata,Open-Meteo Historical Weather API
MH-Yavatmal,2017-04-04,33.5,40.4,28.0,0.0,0.0,0.0,29,7.6,0.182,0.202,0.24,35.1,33.7,20.39324,78.13201,ERA5,Asia/Kolkata,Open-Meteo Historical Weather API
MH-Yavatmal,2017-04-05,33.4,40.6,26.0,0.0,0.0,0.0,27,8.11,0.179,0.202,0.239,34.7,33.5,20.39324,78.13201,ERA5,Asia/Kolkata,Open-Meteo Historical Weather API
MH-Yavatmal,2017-04-06,33.2,41.2,25.9,0.0,0.0,0.0,28,7.79,0.177,0.2,0.236,35.0,33.5,20.39324,78.13201,ERA5,Asia/Kolkata,Open-Meteo Historical Weather API
MH-Yavatmal,2017-04-07,33.2,40.2,26.5,0.0,0.0,0.0,26,8.5,0.176,0.2,0.235,34.8,33.5,20.39324,78.13201,ERA5,Asia/Kolkata,Open-Meteo Historical Weather API
MH-Yavatmal,2017-04-08,32.8,40.0,25.1,0.0,0.0,0.0,22,8.12,0.177,0.2,0.234,34.8,33.5,20.39324,78.13201,ERA5,Asia/Kolkata,Open-Meteo Historical Weather API
MH-Yavatmal,2017-04-09,32.5,40.2,24.9,0.0,0.0,0.0,22,7.96,0.177,0.199,0.232,34.4,33.3,20.39324,78.13201,ERA5,Asia/Kolkata,Open-Meteo Historical Weather API
MH-Yavatmal,2017-04-10,32.0,39.1,25.1,0.0,0.0,0.0,18,8.63,0.178,0.198,0.231,33.9,33.2,20.39324,78.13201,ERA5,Asia/Kolkata,Open-Meteo Historical Weather API
MH-Yavatmal,2017-04-11,31.0,39.8,20.8,0.0,0.0,0.0,19,8.58,0.183,0.2,0.232,32.6,32.5,20.39324,78.13201,ERA5,Asia/Kolkata,Open-Meteo Historical Weather API
MH-Yavatmal,2017-04-12,31.5,40.7,20.1,0.0,0.0,0.0,20,7.96,0.186,0.201,0.232,32.4,32.2,20.39324,78.13201,ERA5,Asia/Kolkata,Open-Meteo Historical Weather API
MH-Yavatmal,2017-04-13,32.9,41.6,22.4,0.0,0.0,0.0,20,7.68,0.186,0.201,0.232,33.3,32.2,20.39324,78.13201,ERA5,Asia/Kolkata,Open-Meteo Historical Weather API
MH-Yavatmal,2017-04-14,33.7,42.3,23.5,0.0,0.0,0.0,19,8.44,0.184,0.201,0.231,34.1,32.7,20.39324,78.13201,ERA5,Asia/Kolkata,Open-Meteo Historical Weather API
MH-Yavatmal,2017-04-15,33.8,43.0,22.7,0.0,0.0,0.0,21,8.3,0.184,0.2,0.229,34.5,33.1,20.39324,78.13201,ERA5,Asia/Kolkata,Open-Meteo Historical Weather API
MH-Yavatmal,2017-04-16,35.8,43.7,28.5,0.0,0.0,0.0,18,10.48,0.18,0.198,0.227,35.9,34.0,20.39324,78.13201,ERA5,Asia/Kolkata,Open-Meteo Historical Weather API
MH-Yavatmal,2017-04-17,35.0,42.6,27.7,0.0,0.0,0.0,21,8.67,0.177,0.198,0.226,36.5,34.7,20.39324,78.13201,ERA5,Asia/Kolkata,Open-Meteo Historical Weather API
MH-Yavatmal,2017-04-18,36.1,43.6,28.7,0.0,0.0,0.0,20,9.84,0.175,0.197,0.225,36.8,34.9,20.39324,78.13201,ERA5,Asia/Kolkata,Open-Meteo Historical Weather API
MH-Yavatmal,2017-04-19,36.2,43.6,30.8,0.0,0.0,0.0,20,10.5,0.173,0.196,0.223,37.2,35.3,20.39324,78.13201,ERA5,Asia/Kolkata,Open-Meteo Historical Weather API
MH-Yavatmal,2017-04-20,35.2,42.2,29.0,0.0,0.0,0.0,20,9.67,0.173,0.195,0.222,36.9,35.3,20.39324,78.13201,ERA5,Asia/Kolkata,Open-Meteo Historical Weather API
MH-Yavatmal,2017-04-21,35.4,42.4,27.9,0.0,0.0,0.0,22,10.28,0.171,0.194,0.22,36.8,35.1,20.39324,78.13201,ERA5,Asia/Kolkata,Open-Meteo Historical Weather API
MH-Yavatmal,2017-04-22,34.7,41.5,28.7,0.0,0.0,0.0,21,10.76,0.17,0.194,0.219,36.2,35.1,20.39324,78.13201,ERA5,Asia/Kolkata,Open-Meteo Historical Weather API
MH-Yavatmal,2017-04-23,33.5,39.7,27.0,0.0,0.0,0.0,24,10.01,0.171,0.194,0.218,35.6,34.8,20.39324,78.13201,ERA5,Asia/Kolkata,Open-Meteo Historical Weather API
MH-Yavatmal,2017-04-24,33.0,39.5,25.9,0.0,0.0,0.0,22,9.93,0.172,0.195,0.219,34.9,34.3,20.39324,78.13201,ERA5,Asia/Kolkata,Open-Meteo Historical Weather API
MH-Yavatmal,2017-04-25,32.8,39.4,26.4,0.0,0.0,0.0,25,9.54,0.173,0.196,0.219,34.8,34.0,20.39324,78.13201,ERA5,Asia/Kolkata,Open-Meteo Historical Weather API
MH-Yavatmal,2017-04-26,33.4,40.0,26.6,0.0,0.0,0.0,24,9.12,0.172,0.196,0.219,35.1,33.9,20.39324,78.13201,ERA5,Asia/Kolkata,Open-Meteo Historical Weather API
MH-Yavatmal,2017-04-27,33.5,41.0,24.6,0.0,0.0,0.0,23,8.38,0.173,0.196,0.219,35.4,34.2,20.39324,78.13201,ERA5,Asia/Kolkata,Open-Meteo Historical Weather API
MH-Yavatmal,2017-04-28,34.1,41.5,25.3,0.0,0.0,0.0,22,7.44,0.176,0.196,0.219,35.7,34.5,20.39324,78.13201,ERA5,Asia/Kolkata,Open-Meteo Historical Weather API
MH-Yavatmal,2017-04-29,34.1,40.9,28.0,0.0,0.0,0.0,24,8.83,0.178,0.198,0.221,36.0,34.8,20.39324,78.13201,ERA5,Asia/Kolkata,Open-Meteo Historical Weather API
MH-Yavatmal,2017-04-30,34.1,39.8,29.5,0.0,0.0,0.0,24,7.63,0.179,0.198,0.22,36.5,35.0,20.39324,78.13201,ERA5,Asia/Kolkata,Open-Meteo Historical Weather API
MH-Yavatmal,2017-05-01,34.1,40.5,26.1,0.0,0.0,0.0,26,7.39,0.178,0.199,0.22,36.1,34.9,20.39324,78.13201,ERA5,Asia/Kolkata,Open-Meteo Historical Weather API
MH-Yavatmal,2017-05-02,34.3,41.2,26.3,0.0,0.0,0.0,30,7.27,0.176,0.197,0.218,36.6,35.1,20.39324,78.13201,ERA5,Asia/Kolkata,Open-Meteo Historical Weather API
MH-Yavatmal,2017-05-03,35.1,41.0,28.4,0.0,0.0,0.0,33,7.12,0.175,0.195,0.214,36.9,35.4,20.39324,78.13201,ERA5,Asia/Kolkata,Open-Meteo Historical Weather API
MH-Yavatmal,2017-05-04,35.0,41.7,28.3,0.0,0.0,0.0,34,7.07,0.177,0.195,0.213,37.1,35.7,20.39324,78.13201,ERA5,Asia/Kolkata,Open-Meteo Historical Weather API
MH-Yavatmal,2017-05-05,36.5,43.4,28.9,0.0,0.0,0.0,28,8.48,0.177,0.195,0.213,38.2,36.3,20.39324,78.13201,ERA5,Asia/Kolkata,Open-Meteo Historical Weather API
MH-Yavatmal,2017-05-06,36.6,43.6,29.8,0.0,0.0,0.0,25,7.56,0.175,0.195,0.212,38.4,36.6,20.39324,78.13201,ERA5,Asia/Kolkata,Open-Meteo Historical Weather API
MH-Yavatmal,2017-05-07,35.8,42.5,29.2,0.0,0.0,0.0,27,8.59,0.177,0.195,0.212,38.1,36.7,20.39324,78.13201,ERA5,Asia/Kolkata,Open-Meteo Historical Weather API
MH-Yavatmal,2017-05-08,35.4,42.8,27.3,0.0,0.0,0.0,29,7.36,0.176,0.196,0.212,37.9,36.6,20.39324,78.13201,ERA5,Asia/Kolkata,Open-Meteo Historical Weather API
MH-Yavatmal,2017-05-09,35.4,42.7,29.6,0.8,0.8,3.0,28,6.81,0.176,0.197,0.213,37.7,36.5,20.39324,78.13201,ERA5,Asia/Kolkata,Open-Meteo Historical Weather API
MH-Yavatmal,2017-05-10,34.3,41.0,28.2,1.0,1.0,1.0,33,7.23,0.181,0.197,0.213,37.2,36.3,20.39324,78.13201,ERA5,Asia/Kolkata,Open-Meteo Historical Weather API
MH-Yavatmal,2017-05-11,34.3,41.0,28.4,1.8,1.8,3.0,36,6.61,0.193,0.197,0.212,36.9,36.1,20.39324,78.13201,ERA5,Asia/Kolkata,Open-Meteo Historical Weather API
MH-Yavatmal,2017-05-12,34.8,40.3,28.6,1.7,1.7,2.0,38,6.81,0.214,0.196,0.212,37.3,36.0,20.39324,78.13201,ERA5,Asia/Kolkata,Open-Meteo Historical Weather API
MH-Yavatmal,2017-05-13,35.6,42.0,30.0,0.9,0.9,1.0,39,7.89,0.234,0.196,0.211,37.5,36.2,20.39324,78.13201,ERA5,Asia/Kolkata,Open-Meteo Historical Weather API
MH-Yavatmal,2017-05-14,37.4,43.4,32.0,0.0,0.0,0.0,31,8.05,0.23,0.198,0.212,38.3,36.5,20.39324,78.13201,ERA5,Asia/Kolkata,Open-Meteo Historical Weather API
MH-Yavatmal,2017-05-15,37.1,43.4,31.3,0.0,0.0,0.0,29,8.71,0.212,0.2,0.214,38.2,37.0,20.39324,78.13201,ERA5,Asia/Kolkata,Open-Meteo Historical Weather API
MH-Yavatmal,2017-05-16,37.1,42.7,32.4,0.0,0.0,0.0,31,9.57,0.199,0.2,0.214,38.3,36.9,20.39324,78.13201,ERA5,Asia/Kolkata,Open-Meteo Historical Weather API
MH-Yavatmal,2017-05-17,36.9,41.7,32.2,0.0,0.0,0.0,27,10.17,0.191,0.199,0.213,38.2,36.9,20.39324,78.13201,ERA5,Asia/Kolkata,Open-Meteo Historical Weather API
MH-Yavatmal,2017-05-18,37.0,43.0,31.5,0.0,0.0,0.0,25,10.22,0.183,0.199,0.213,38.6,37.0,20.39324,78.13201,ERA5,Asia/Kolkata,Open-Meteo Historical Weather API
MH-Yavatmal,2017-05-19,37.2,43.8,31.6,0.0,0.0,0.0,25,9.88,0.179,0.198,0.212,38.5,37.0,20.39324,78.13201,ERA5,Asia/Kolkata,Open-Meteo Historical Weather API
MH-Yavatmal,2017-05-20,36.8,43.0,30.2,0.0,0.0,0.0,25,10.74,0.174,0.197,0.211,38.5,37.1,20.39324,78.13201,ERA5,Asia/Kolkata,Open-Meteo Historical Weather API
MH-Yavatmal,2017-05-21,36.5,42.9,30.6,0.0,0.0,0.0,24,10.27,0.173,0.196,0.21,38.4,37.0,20.39324,78.13201,ERA5,Asia/Kolkata,Open-Meteo Historical Weather API
MH-Yavatmal,2017-05-22,36.3,42.5,30.1,0.0,0.0,0.0,26,9.81,0.174,0.196,0.21,38.3,37.0,20.39324,78.13201,ERA5,Asia/Kolkata,Open-Meteo Historical Weather API
MH-Yavatmal,2017-05-23,36.8,43.0,30.8,0.0,0.0,0.0,25,9.6,0.172,0.196,0.209,38.6,37.2,20.39324,78.13201,ERA5,Asia/Kolkata,Open-Meteo Historical Weather API
MH-Yavatmal,2017-05-24,36.8,43.4,29.6,0.0,0.0,0.0,26,8.58,0.172,0.195,0.208,38.7,37.2,20.39324,78.13201,ERA5,Asia/Kolkata,Open-Meteo Historical Weather API
MH-Yavatmal,2017-05-25,37.8,44.5,32.4,0.0,0.0,0.0,26,8.72,0.17,0.193,0.206,39.5,37.7,20.39324,78.13201,ERA5,Asia/Kolkata,Open-Meteo Historical Weather API
MH-Yavatmal,2017-05-26,37.3,43.1,32.5,0.5,0.5,1.0,33,8.18,0.172,0.194,0.206,39.4,38.0,20.39324,78.13201,ERA5,Asia/Kolkata,Open-Meteo Historical Weather API
MH-Yavatmal,2017-05-27,36.4,42.9,32.1,0.3,0.3,2.0,36,8.0,0.18,0.197,0.21,38.8,37.9,20.39324,78.13201,ERA5,Asia/Kolkata,Open-Meteo Historical Weather API
MH-Yavatmal,2017-05-28,34.2,41.0,28.4,0.5,0.5,3.0,41,7.81,0.196,0.204,0.217,36.8,37.4,20.39324,78.13201,ERA5,Asia/Kolkata,Open-Meteo Historical Weather API
MH-Yavatmal,2017-05-29,33.6,39.3,28.3,0.0,0.0,0.0,41,7.61,0.2,0.207,0.22,36.3,36.5,20.39324,78.13201,ERA5,Asia/Kolkata,Open-Meteo Historical Weather API
MH-Yavatmal,2017-05-30,33.0,38.3,28.3,0.0,0.0,0.0,44,7.99,0.197,0.209,0.222,36.1,36.2,20.39324,78.13201,ERA5,Asia/Kolkata,Open-Meteo Historical Weather API
MH-Yavatmal,2017-05-31,33.6,38.3,28.9,0.1,0.1,1.0,45,6.59,0.2,0.211,0.225,36.4,36.1,20.39324,78.13201,ERA5,Asia/Kolkata,Open-Meteo Historical Weather API
MH-Yavatmal,2017-06-01,33.1,37.1,27.2,5.7,5.7,9.0,53,5.86,0.231,0.208,0.223,36.6,35.9,20.39324,78.13201,ERA5,Asia/Kolkata,Open-Meteo Historical Weather API
MH-Yavatmal,2017-06-02,32.7,38.8,27.0,2.0,2.0,6.0,56,5.58,0.235,0.205,0.22,36.1,35.5,20.39324,78.13201,ERA5,Asia/Kolkata,Open-Meteo Historical Weather API
MH-Yavatmal,2017-06-03,34.5,40.0,28.5,2.4,2.4,1.0,50,6.41,0.249,0.199,0.214,36.7,35.4,20.39324,78.13201,ERA5,Asia/Kolkata,Open-Meteo Historical Weather API
MH-Yavatmal,2017-06-04,34.0,39.9,28.5,0.1,0.1,1.0,50,7.07,0.239,0.201,0.217,36.3,35.7,20.39324,78.13201,ERA5,Asia/Kolkata,Open-Meteo Historical Weather API
MH-Yavatmal,2017-06-05,33.1,37.0,29.9,0.0,0.0,0.0,49,6.88,0.239,0.201,0.218,35.8,35.7,20.39324,78.13201,ERA5,Asia/Kolkata,Open-Meteo Historical Weather API
MH-Yavatmal,2017-06-06,30.4,35.4,27.1,7.9,7.9,12.0,60,5.47,0.276,0.2,0.216,33.0,34.1,20.39324,78.13201,ERA5,Asia/Kolkata,Open-Meteo Historical Weather API
MH-Yavatmal,2017-06-07,29.8,34.6,25.5,8.8,8.8,4.0,64,5.97,0.352,0.212,0.216,32.0,33.0,20.39324,78.13201,ERA5,Asia/Kolkata,Open-Meteo Historical Weather API
MH-Yavatmal,2017-06-08,30.2,35.6,24.6,8.4,8.4,7.0,65,5.83,0.368,0.224,0.214,32.1,32.3,20.39324,78.13201,ERA5,Asia/Kolkata,Open-Meteo Historical Weather API
MH-Yavatmal,2017-06-09,30.8,35.7,27.7,1.8,1.8,3.0,61,6.27,0.336,0.23,0.211,32.6,32.5,20.39324,78.13201,ERA5,Asia/Kolkata,Open-Meteo Historical Weather API
MH-Yavatmal,2017-06-10,29.7,35.6,25.5,10.5,10.5,10.0,68,5.19,0.377,0.241,0.208,32.1,32.4,20.39324,78.13201,ERA5,Asia/Kolkata,Open-Meteo Historical Weather API
MH-Yavatmal,2017-06-11,27.4,32.3,23.7,21.4,21.4,15.0,78,3.12,0.402,0.277,0.208,30.3,31.5,20.39324,78.13201,ERA5,Asia/Kolkata,Open-Meteo Historical Weather API
MH-Yavatmal,2017-06-12,27.4,32.2,24.3,19.4,19.4,15.0,80,3.19,0.437,0.356,0.209,29.7,30.4,20.39324,78.13201,ERA5,Asia/Kolkata,Open-Meteo Historical Weather API
MH-Yavatmal,2017-06-13,28.5,32.5,25.0,7.0,7.0,5.0,74,4.22,0.417,0.374,0.211,30.1,30.5,20.39324,78.13201,ERA5,Asia/Kolkata,Open-Meteo Historical Weather API
MH-Yavatmal,2017-06-14,30.0,34.7,26.2,4.5,4.5,5.0,68,5.13,0.41,0.375,0.211,31.0,30.8,20.39324,78.13201,ERA5,Asia/Kolkata,Open-Meteo Historical Weather API
MH-Yavatmal,2017-06-15,28.7,33.0,24.2,13.5,13.5,9.0,74,4.98,0.427,0.377,0.213,31.1,31.2,20.39324,78.13201,ERA5,Asia/Kolkata,Open-Meteo Historical Weather API
MH-Yavatmal,2017-06-16,28.0,33.2,24.0,2.8,2.8,7.0,74,4.74,0.421,0.394,0.217,29.8,30.7,20.39324,78.13201,ERA5,Asia/Kolkata,Open-Meteo Historical Weather API
MH-Yavatmal,2017-06-17,30.3,36.0,24.1,2.8,2.8,4.0,64,5.79,0.407,0.385,0.218,31.1,30.7,20.39324,78.13201,ERA5,Asia/Kolkata,Open-Meteo Historical Weather API
MH-Yavatmal,2017-06-18,31.6,35.9,27.1,0.0,0.0,0.0,57,6.8,0.369,0.367,0.217,32.1,31.3,20.39324,78.13201,ERA5,Asia/Kolkata,Open-Meteo Historical Weather API
MH-Yavatmal,2017-06-19,31.6,36.6,27.7,0.0,0.0,0.0,55,7.1,0.337,0.347,0.215,32.5,31.7,20.39324,78.13201,ERA5,Asia/Kolkata,Open-Meteo Historical Weather API
MH-Yavatmal,2017-06-20,31.7,36.1,27.6,0.0,0.0,0.0,53,7.26,0.306,0.329,0.213,32.6,31.8,20.39324,78.13201,ERA5,Asia/Kolkata,Open-Meteo Historical Weather API
MH-Yavatmal,2017-06-21,30.8,35.5,26.0,0.4,0.4,1.0,56,6.81,0.284,0.316,0.213,32.1,32.0,20.39324,78.13201,ERA5,Asia/Kolkata,Open-Meteo Historical Weather API
MH-Yavatmal,2017-06-22,30.1,35.1,24.8,3.0,3.0,8.0,61,6.2,0.288,0.306,0.214,31.5,31.6,20.39324,78.13201,ERA5,Asia/Kolkata,Open-Meteo Historical Weather API
MH-Yavatmal,2017-06-23,28.3,33.3,23.6,4.6,4.6,8.0,70,5.13,0.328,0.298,0.213,30.6,30.9,20.39324,78.13201,ERA5,Asia/Kolkata,Open-Meteo Historical Weather API
MH-Yavatmal,2017-06-24,30.0,34.1,24.9,0.0,0.0,0.0,62,6.17,0.324,0.293,0.213,31.2,30.7,20.39324,78.13201,ERA5,Asia/Kolkata,Open-Meteo Historical Weather API
MH-Yavatmal,2017-06-25,30.1,35.5,26.4,3.1,3.1,6.0,63,5.29,0.3,0.283,0.21,31.6,31.1,20.39324,78.13201,ERA5,Asia/Kolkata,Open-Meteo Historical Weather API
MH-Yavatmal,2017-06-26,28.3,33.1,24.8,9.9,9.9,14.0,74,3.56,0.327,0.275,0.208,30.6,30.6,20.39324,78.13201,ERA5,Asia/Kolkata,Open-Meteo Historical Weather API
MH-Yavatmal,2017-06-27,26.7,31.4,24.1,11.6,11.6,16.0,82,3.6,0.405,0.291,0.208,29.0,29.6,20.39324,78.13201,ERA5,Asia/Kolkata,Open-Meteo Historical Weather API
MH-Yavatmal,2017-06-28,27.2,31.5,24.4,7.7,7.7,16.0,77,2.58,0.396,0.31,0.209,28.0,28.8,20.39324,78.13201,ERA5,Asia/Kolkata,Open-Meteo Historical Weather API
MH-Yavatmal,2017-06-29,28.5,33.7,25.2,6.1,6.1,5.0,71,4.61,0.385,0.314,0.207,29.1,28.8,20.39324,78.13201,ERA5,Asia/Kolkata,Open-Meteo Historical Weather API
MH-Yavatmal,2017-06-30,28.6,34.4,24.8,4.8,4.8,13.0,70,4.14,0.395,0.322,0.207,28.8,29.0,20.39324,78.13201,ERA5,Asia/Kolkata,Open-Meteo Historical Weather API
MH-Yavatmal,2017-07-01,27.9,32.6,25.8,3.3,3.3,7.0,71,4.06,0.377,0.327,0.208,28.7,29.0,20.39324,78.13201,ERA5,Asia/Kolkata,Open-Meteo Historical Weather API
MH-Yavatmal,2017-07-02,26.4,31.1,23.5,25.2,25.2,20.0,82,2.67,0.442,0.379,0.209,27.3,28.1,20.39324,78.13201,ERA5,Asia/Kolkata,Open-Meteo Historical Weather API
MH-Yavatmal,2017-07-03,27.0,30.4,23.9,2.9,2.9,9.0,78,3.16,0.43,0.405,0.213,27.2,27.6,20.39324,78.13201,ERA5,Asia/Kolkata,Open-Meteo Historical Weather API
MH-Yavatmal,2017-07-04,27.3,29.6,25.6,0.7,0.7,4.0,72,4.28,0.404,0.395,0.216,28.0,28.0,20.39324,78.13201,ERA5,Asia/Kolkata,Open-Meteo Historical Weather API
MH-Yavatmal,2017-07-05,28.0,30.8,25.5,0.6,0.6,4.0,70,4.01,0.386,0.382,0.218,28.2,28.1,20.39324,78.13201,ERA5,Asia/Kolkata,Open-Meteo Historical Weather API
MH-Yavatmal,2017-07-06,28.4,31.4,25.5,0.5,0.5,3.0,68,4.76,0.368,0.369,0.219,28.8,28.4,20.39324,78.13201,ERA5,Asia/Kolkata,Open-Meteo Historical Weather API
MH-Yavatmal,2017-07-07,29.8,33.8,26.0,0.0,0.0,0.0,61,6.1,0.345,0.353,0.218,29.8,29.0,20.39324,78.13201,ERA5,Asia/Kolkata,Open-Meteo Historical Weather API
MH-Yavatmal,2017-07-08,30.2,35.0,26.5,0.4,0.4,2.0,61,6.32,0.321,0.336,0.216,30.6,29.6,20.39324,78.13201,ERA5,Asia/Kolkata,Open-Meteo Historical Weather API
MH-Yavatmal,2017-07-09,30.1,33.8,27.5,0.4,0.4,1.0,61,6.18,0.301,0.323,0.215,31.0,30.0,20.39324,78.13201,ERA5,Asia/Kolkata,Open-Meteo Historical Weather API
MH-Yavatmal,2017-07-10,28.9,32.0,27.0,0.0,0.0,0.0,65,4.65,0.29,0.316,0.217,30.4,30.2,20.39324,78.13201,ERA5,Asia/Kolkata,Open-Meteo Historical Weather API
MH-Yavatmal,2017-07-11,27.8,30.9,25.5,0.3,0.3,2.0,69,3.61,0.287,0.311,0.217,29.1,29.4,20.39324,78.13201,ERA5,Asia/Kolkata,Open-Meteo Historical Weather API
MH-Yavatmal,2017-07-12,26.2,27.3,25.0,5.3,5.3,11.0,79,2.27,0.313,0.308,0.218,27.3,28.4,20.39324,78.13201,ERA5,Asia/Kolkata,Open-Meteo Historical Weather API
MH-Yavatmal,2017-07-13,25.7,28.5,23.6,33.0,33.0,17.0,82,2.31,0.423,0.373,0.22,26.3,27.0,20.39324,78.13201,ERA5,Asia/Kolkata,Open-Meteo Historical Weather API
MH-Yavatmal,2017-07-14,26.4,28.5,24.2,1.2,1.2,5.0,79,3.42,0.416,0.399,0.223,26.9,26.9,20.39324,78.13201,ERA5,Asia/Kolkata,Open-Meteo Historical Weather API
MH-Yavatmal,2017-07-15,25.9,28.8,24.4,8.1,8.1,15.0,83,2.6,0.412,0.391,0.227,26.9,27.3,20.39324,78.13201,ERA5,Asia/Kolkata,Open-Meteo Historical Weather API
MH-Yavatmal,2017-07-16,25.7,28.6,23.9,8.4,8.4,15.0,83,2.36,0.437,0.408,0.231,26.3,26.7,20.39324,78.13201,ERA5,Asia/Kolkata,Open-Meteo Historical Weather API
MH-Yavatmal,2017-07-17,25.7,29.0,23.7,3.5,3.5,12.0,84,2.25,0.432,0.411,0.236,26.1,26.4,20.39324,78.13201,ERA5,Asia/Kolkata,Open-Meteo Historical Weather API
MH-Yavatmal,2017-07-18,26.2,29.7,23.8,11.6,11.6,15.0,84,2.6,0.439,0.419,0.241,26.4,26.4,20.39324,78.13201,ERA5,Asia/Kolkata,Open-Meteo Historical Weather API
MH-Yavatmal,2017-07-19,24.5,26.4,23.0,83.7,83.7,24.0,91,1.13,0.461,0.445,0.259,25.2,26.2,20.39324,78.13201,ERA5,Asia/Kolkata,Open-Meteo Historical Weather API
MH-Yavatmal,2017-07-20,25.6,28.6,24.0,16.0,16.0,22.0,86,2.3,0.459,0.452,0.305,25.8,25.8,20.39324,78.13201,ERA5,Asia/Kolkata,Open-Meteo Historical Weather API
MH-Yavatmal,2017-07-21,27.3,30.7,24.1,2.5,2.5,8.0,78,3.8,0.438,0.436,0.316,27.2,26.4,20.39324,78.13201,ERA5,Asia/Kolkata,Open-Meteo Historical Weather API
MH-Yavatmal,2017-07-22,27.8,30.0,25.7,0.5,0.5,3.0,74,3.99,0.419,0.418,0.32,27.6,27.2,20.39324,78.13201,ERA5,Asia/Kolkata,Open-Meteo Historical Weather API
MH-Yavatmal,2017-07-23,27.1,30.4,25.0,5.7,5.7,8.0,75,3.9,0.417,0.407,0.321,27.4,27.3,20.39324,78.13201,ERA5,Asia/Kolkata,Open-Meteo Historical Weather API
MH-Yavatmal,2017-07-24,26.2,30.2,24.1,5.7,5.7,5.0,81,3.53,0.424,0.407,0.323,27.0,27.1,20.39324,78.13201,ERA5,Asia/Kolkata,Open-Meteo Historical Weather API
MH-Yavatmal,2017-07-25,26.5,31.0,24.0,1.0,1.0,5.0,78,3.57,0.417,0.405,0.324,26.8,26.8,20.39324,78.13201,ERA5,Asia/Kolkata,Open-Meteo Historical Weather API
MH-Yavatmal,2017-07-26,26.2,29.1,24.3,0.5,0.5,3.0,77,3.35,0.404,0.398,0.325,26.7,26.9,20.39324,78.13201,ERA5,Asia/Kolkata,Open-Meteo Historical Weather API
MH-Yavatmal,2017-07-27,25.7,28.7,23.8,5.2,5.2,17.0,82,2.63,0.409,0.393,0.327,26.3,26.6,20.39324,78.13201,ERA5,Asia/Kolkata,Open-Meteo Historical Weather API
MH-Yavatmal,2017-07-28,26.4,29.3,24.2,0.1,0.1,1.0,77,4.13,0.413,0.397,0.328,26.9,26.5,20.39324,78.13201,ERA5,Asia/Kolkata,Open-Meteo Historical Weather API
MH-Yavatmal,2017-07-29,26.9,30.7,23.5,0.5,0.5,3.0,78,4.19,0.391,0.389,0.329,27.4,27.0,20.39324,78.13201,ERA5,Asia/Kolkata,Open-Meteo Historical Weather API
MH-Yavatmal,2017-07-30,27.4,30.5,24.3,0.1,0.1,1.0,75,4.21,0.376,0.38,0.328,27.8,27.5,20.39324,78.13201,ERA5,Asia/Kolkata,Open-Meteo Historical Weather API
MH-Yavatmal,2017-07-31,28.5,32.0,25.1,0.0,0.0,0.0,70,5.07,0.358,0.369,0.326,28.7,27.8,20.39324,78.13201,ERA5,Asia/Kolkata,Open-Meteo Historical Weather API
MH-Yavatmal,2017-08-01,28.5,32.0,25.7,0.0,0.0,0.0,73,5.1,0.341,0.358,0.325,29.1,28.3,20.39324,78.13201,ERA5,Asia/Kolkata,Open-Meteo Historical Weather API
MH-Yavatmal,2017-08-02,28.6,32.1,25.6,0.3,0.3,2.0,71,5.01,0.328,0.348,0.323,29.1,28.5,20.39324,78.13201,ERA5,Asia/Kolkata,Open-Meteo Historical Weather API
MH-Yavatmal,2017-08-03,27.5,30.0,25.4,0.4,0.4,3.0,74,4.44,0.318,0.338,0.321,28.5,28.4,20.39324,78.13201,ERA5,Asia/Kolkata,Open-Meteo Historical Weather API
MH-Yavatmal,2017-08-04,26.9,29.7,24.3,0.5,0.5,4.0,74,4.06,0.315,0.333,0.321,27.8,28.1,20.39324,78.13201,ERA5,Asia/Kolkata,Open-Meteo Historical Weather API
MH-Yavatmal,2017-08-05,27.5,30.2,24.8,2.3,2.3,8.0,72,3.81,0.332,0.329,0.321,27.9,27.7,20.39324,78.13201,ERA5,Asia/Kolkata,Open-Meteo Historical Weather API
MH-Yavatmal,2017-08-06,26.6,29.3,24.8,2.4,2.4,11.0,75,2.46,0.34,0.325,0.319,27.0,27.3,20.39324,78.13201,ERA5,Asia/Kolkata,Open-Meteo Historical Weather API
MH-Yavatmal,2017-08-07,26.3,28.4,24.5,2.4,2.4,6.0,80,2.77,0.346,0.325,0.32,27.1,27.0,20.39324,78.13201,ERA5,Asia/Kolkata,Open-Meteo Historical Weather API
MH-Yavatmal,2017-08-08,25.4,27.0,24.3,7.9,7.9,21.0,87,2.13,0.386,0.33,0.321,26.3,26.8,20.39324,78.13201,ERA5,Asia/Kolkata,Open-Meteo Historical Weather API
MH-Yavatmal,2017-08-09,25.6,27.6,23.9,9.1,9.1,20.0,85,2.6,0.422,0.359,0.323,26.5,26.6,20.39324,78.13201,ERA5,Asia/Kolkata,Open-Meteo Historical Weather API
MH-Yavatmal,2017-08-10,27.2,31.1,24.1,0.2,0.2,1.0,78,4.03,0.395,0.37,0.323,27.4,27.0,20.39324,78.13201,ERA5,Asia/Kolkata,Open-Meteo Historical Weather API
MH-Yavatmal,2017-08-11,27.6,31.5,24.5,0.0,0.0,0.0,73,4.55,0.367,0.364,0.322,27.9,27.6,20.39324,78.13201,ERA5,Asia/Kolkata,Open-Meteo Historical Weather API
MH-Yavatmal,2017-08-12,27.3,30.6,24.8,0.3,0.3,1.0,73,3.78,0.349,0.356,0.321,27.6,27.6,20.39324,78.13201,ERA5,Asia/Kolkata,Open-Meteo Historical Weather API
MH-Yavatmal,2017-08-13,27.5,30.5,24.9,0.0,0.0,0.0,74,4.55,0.337,0.347,0.319,28.3,27.8,20.39324,78.13201,ERA5,Asia/Kolkata,Open-Meteo Historical Weather API
MH-Yavatmal,2017-08-14,26.6,30.5,24.5,0.6,0.6,2.0,78,2.78,0.337,0.341,0.318,27.3,27.6,20.39324,78.13201,ERA5,Asia/Kolkata,Open-Meteo Historical Weather API
MH-Yavatmal,2017-08-15,27.1,31.1,23.9,0.0,0.0,0.0,76,4.26,0.345,0.335,0.317,27.8,27.4,20.39324,78.13201,ERA5,Asia/Kolkata,Open-Meteo Historical Weather API
MH-Yavatmal,2017-08-16,27.7,30.4,24.8,0.2,0.2,2.0,71,4.71,0.329,0.329,0.315,28.2,27.8,20.39324,78.13201,ERA5,Asia/Kolkata,Open-Meteo Historical Weather API
MH-Yavatmal,2017-08-17,27.1,30.1,24.6,2.3,2.3,4.0,73,3.6,0.321,0.322,0.314,27.8,27.8,20.39324,78.13201,ERA5,Asia/Kolkata,Open-Meteo Historical Weather API
MH-Yavatmal,2017-08-18,25.4,26.9,24.5,8.2,8.2,17.0,87,1.5,0.39,0.326,0.313,26.0,26.7,20.39324,78.13201,ERA5,Asia/Kolkata,Open-Meteo Historical Weather API
MH-Yavatmal,2017-08-19,24.8,27.0,23.4,40.6,40.6,23.0,92,1.62,0.457,0.409,0.314,25.7,26.0,20.39324,78.13201,ERA5,Asia/Kolkata,Open-Meteo Historical Weather API
MH-Yavatmal,2017-08-20,25.6,29.2,23.7,24.1,24.1,18.0,89,2.38,0.456,0.454,0.335,26.3,26.2,20.39324,78.13201,ERA5,Asia/Kolkata,Open-Meteo Historical Weather API
MH-Yavatmal,2017-08-21,23.9,24.8,23.1,0.1,0.1,1.0,90,1.22,0.438,0.438,0.347,25.2,26.0,20.39324,78.13201,ERA5,Asia/Kolkata,Open-Meteo Historical Weather API
MH-Yavatmal,2017-08-22,25.0,27.2,23.3,0.6,0.6,2.0,82,2.4,0.421,0.424,0.351,25.6,25.7,20.39324,78.13201,ERA5,Asia/Kolkata,Open-Meteo Historical Weather API
MH-Yavatmal,2017-08-23,26.8,30.0,23.9,0.2,0.2,1.0,80,3.36,0.412,0.413,0.352,26.9,26.1,20.39324,78.13201,ERA5,Asia/Kolkata,Open-Meteo Historical Weather API
MH-Yavatmal,2017-08-24,26.5,30.3,24.5,6.0,6.0,4.0,82,3.82,0.414,0.406,0.353,27.3,26.9,20.39324,78.13201,ERA5,Asia/Kolkata,Open-Meteo Historical Weather API
MH-Yavatmal,2017-08-25,25.8,27.9,23.4,7.7,7.7,13.0,86,2.24,0.441,0.423,0.354,26.4,26.5,20.39324,78.13201,ERA5,Asia/Kolkata,Open-Meteo Historical Weather API
MH-Yavatmal,2017-08-26,26.4,30.3,23.9,9.0,9.0,7.0,85,2.62,0.435,0.427,0.356,26.6,26.2,20.39324,78.13201,ERA5,Asia/Kolkata,Open-Meteo Historical Weather API
MH-Yavatmal,2017-08-27,26.5,29.9,24.0,9.0,9.0,11.0,86,2.59,0.445,0.437,0.36,26.8,26.4,20.39324,78.13201,ERA5,Asia/Kolkata,Open-Meteo Historical Weather API
MH-Yavatmal,2017-08-28,26.1,30.5,23.8,20.6,20.6,24.0,90,2.27,0.459,0.449,0.366,27.1,26.5,20.39324,78.13201,ERA5,Asia/Kolkata,Open-Meteo Historical Weather API
MH-Yavatmal,2017-08-29,25.4,27.4,24.0,18.6,18.6,20.0,90,2.2,0.459,0.458,0.393,26.4,26.4,20.39324,78.13201,ERA5,Asia/Kolkata,Open-Meteo Historical Weather API
MH-Yavatmal,2017-08-30,26.7,29.9,23.6,1.0,1.0,5.0,82,3.94,0.437,0.441,0.4,27.2,26.5,20.39324,78.13201,ERA5,Asia/Kolkata,Open-Meteo Historical Weather API
MH-Yavatmal,2017-08-31,27.9,31.5,24.8,0.0,0.0,0.0,74,4.94,0.417,0.425,0.4,28.1,27.1,20.39324,78.13201,ERA5,Asia/Kolkata,Open-Meteo Historical Weather API
MH-Yavatmal,2017-09-01,27.5,31.4,24.2,0.0,0.0,0.0,73,4.99,0.397,0.411,0.398,28.0,27.3,20.39324,78.13201,ERA5,Asia/Kolkata,Open-Meteo Historical Weather API
MH-Yavatmal,2017-09-02,27.5,31.3,23.3,0.4,0.4,1.0,76,4.73,0.383,0.399,0.396,28.2,27.3,20.39324,78.13201,ERA5,Asia/Kolkata,Open-Meteo Historical Weather API
MH-Yavatmal,2017-09-03,27.5,31.1,24.4,0.0,0.0,0.0,78,4.15,0.372,0.388,0.393,28.3,27.6,20.39324,78.13201,ERA5,Asia/Kolkata,Open-Meteo Historical Weather API
MH-Yavatmal,2017-09-04,27.5,31.4,24.8,3.9,3.9,2.0,80,4.18,0.377,0.38,0.39,28.3,27.7,20.39324,78.13201,ERA5,Asia/Kolkata,Open-Meteo Historical Weather API
MH-Yavatmal,2017-09-05,27.7,30.6,24.8,0.4,0.4,1.0,78,4.53,0.385,0.375,0.388,28.5,27.8,20.39324,78.13201,ERA5,Asia/Kolkata,Open-Meteo Historical Weather API
MH-Yavatmal,2017-09-06,27.8,31.4,25.0,0.7,0.7,3.0,78,4.4,0.369,0.369,0.385,28.8,28.0,20.39324,78.13201,ERA5,Asia/Kolkata,Open-Meteo Historical Weather API
MH-Yavatmal,2017-09-07,28.4,32.1,25.3,0.9,0.9,5.0,76,4.18,0.361,0.362,0.382,29.1,28.2,20.39324,78.13201,ERA5,Asia/Kolkata,Open-Meteo Historical Weather API
MH-Yavatmal,2017-09-08,27.0,31.0,23.9,19.1,19.1,20.0,84,3.43,0.434,0.387,0.38,28.5,28.1,20.39324,78.13201,ERA5,Asia/Kolkata,Open-Meteo Historical Weather API
MH-Yavatmal,2017-09-09,27.4,31.1,24.7,3.2,3.2,9.0,82,3.81,0.433,0.413,0.379,28.7,28.1,20.39324,78.13201,ERA5,Asia/Kolkata,Open-Meteo Historical Weather API
MH-Yavatmal,2017-09-10,27.8,31.8,24.7,4.1,4.1,10.0,81,3.73,0.439,0.418,0.38,28.9,28.1,20.39324,78.13201,ERA5,Asia/Kolkata,Open-Meteo Historical Weather API
MH-Yavatmal,2017-09-11,28.1,32.2,25.4,3.1,3.1,6.0,82,4.09,0.438,0.425,0.381,29.2,28.5,20.39324,78.13201,ERA5,Asia/Kolkata,Open-Meteo Historical Weather API
MH-Yavatmal,2017-09-12,26.7,30.3,24.0,10.1,10.1,14.0,85,3.02,0.45,0.439,0.384,28.3,28.2,20.39324,78.13201,ERA5,Asia/Kolkata,Open-Meteo Historical Weather API
MH-Yavatmal,2017-09-13,25.4,28.8,23.7,25.6,25.6,23.0,89,2.36,0.458,0.453,0.39,27.2,27.7,20.39324,78.13201,ERA5,Asia/Kolkata,Open-Meteo Historical Weather API
MH-Yavatmal,2017-09-14,25.6,29.2,23.5,19.9,19.9,24.0,88,2.74,0.462,0.46,0.407,27.2,27.1,20.39324,78.13201,ERA5,Asia/Kolkata,Open-Meteo Historical Weather API
MH-Yavatmal,2017-09-15,25.3,28.9,23.2,23.0,23.0,18.0,89,2.65,0.459,0.461,0.424,26.9,26.9,20.39324,78.13201,ERA5,Asia/Kolkata,Open-Meteo Historical Weather API
MH-Yavatmal,2017-09-16,26.8,30.8,23.0,1.2,1.2,6.0,82,3.8,0.443,0.448,0.432,27.6,27.0,20.39324,78.13201,ERA5,Asia/Kolkata,Open-Meteo Historical Weather API
MH-Yavatmal,2017-09-17,27.4,31.4,24.5,4.3,4.3,11.0,84,3.95,0.442,0.439,0.431,28.4,27.6,20.39324,78.13201,ERA5,Asia/Kolkata,Open-Meteo Historical Weather API
MH-Yavatmal,2017-09-18,26.1,29.8,23.0,11.6,11.6,8.0,85,3.11,0.451,0.448,0.43,27.1,27.4,20.39324,78.13201,ERA5,Asia/Kolkata,Open-Meteo Historical Weather API
MH-Yavatmal,2017-09-19,27.3,31.3,24.0,0.8,0.8,5.0,79,4.19,0.443,0.445,0.432,28.1,27.4,20.39324,78.13201,ERA5,Asia/Kolkata,Open-Meteo Historical Weather API
MH-Yavatmal,2017-09-20,26.2,28.7,24.1,14.7,14.7,22.0,89,1.81,0.458,0.451,0.432,27.0,27.3,20.39324,78.13201,ERA5,Asia/Kolkata,Open-Meteo Historical Weather API
MH-Yavatmal,2017-09-21,24.3,26.5,23.0,14.0,14.0,18.0,89,1.72,0.461,0.463,0.444,25.6,26.3,20.39324,78.13201,ERA5,Asia/Kolkata,Open-Meteo Historical Weather API
MH-Yavatmal,2017-09-22,25.1,28.5,22.7,2.2,2.2,3.0,85,2.44,0.447,0.453,0.447,25.5,25.6,20.39324,78.13201,ERA5,Asia/Kolkata,Open-Meteo Historical Weather API
MH-Yavatmal,2017-09-23,26.5,30.6,22.5,0.0,0.0,0.0,80,4.21,0.437,0.446,0.445,26.9,26.1,20.39324,78.13201,ERA5,Asia/Kolkata,Open-Meteo Historical Weather API
MH-Yavatmal,2017-09-24,27.4,32.1,23.8,0.0,0.0,0.0,75,4.57,0.421,0.432,0.441,27.6,26.8,20.39324,78.13201,ERA5,Asia/Kolkata,Open-Meteo Historical Weather API
MH-Yavatmal,2017-09-25,27.7,32.5,24.5,0.1,0.1,1.0,74,4.62,0.406,0.419,0.437,27.9,27.3,20.39324,78.13201,ERA5,Asia/Kolkata,Open-Meteo Historical Weather API
MH-Yavatmal,2017-09-26,27.9,33.0,24.7,0.8,0.8,2.0,76,4.54,0.394,0.408,0.432,28.1,27.5,20.39324,78.13201,ERA5,Asia/Kolkata,Open-Meteo Historical Weather API
MH-Yavatmal,2017-09-27,28.4,33.3,24.8,0.6,0.6,1.0,75,4.48,0.383,0.398,0.428,28.6,27.7,20.39324,78.13201,ERA5,Asia/Kolkata,Open-Meteo Historical Weather API
MH-Yavatmal,2017-09-28,28.3,33.0,25.0,0.0,0.0,0.0,70,4.35,0.371,0.389,0.424,28.4,27.8,20.39324,78.13201,ERA5,Asia/Kolkata,Open-Meteo Historical Weather API
MH-Yavatmal,2017-09-29,27.7,32.8,23.8,0.0,0.0,0.0,72,4.37,0.36,0.38,0.42,28.0,27.7,20.39324,78.13201,ERA5,Asia/Kolkata,Open-Meteo Historical Weather API
MH-Yavatmal,2017-09-30,28.3,34.3,23.9,0.0,0.0,0.0,69,4.6,0.348,0.372,0.416,28.3,27.7,20.39324,78.13201,ERA5,Asia/Kolkata,Open-Meteo Historical Weather API
MH-Yavatmal,2017-10-01,28.1,33.2,23.7,0.0,0.0,0.0,71,4.23,0.339,0.363,0.413,28.5,27.8,20.39324,78.13201,ERA5,Asia/Kolkata,Open-Meteo Historical Weather API
MH-Yavatmal,2017-10-02,28.2,33.3,24.2,0.0,0.0,0.0,76,4.2,0.332,0.357,0.409,28.8,28.1,20.39324,78.13201,ERA5,Asia/Kolkata,Open-Meteo Historical Weather API
MH-Yavatmal,2017-10-03,27.9,33.1,23.8,0.0,0.0,0.0,70,4.93,0.322,0.351,0.406,28.4,28.1,20.39324,78.13201,ERA5,Asia/Kolkata,Open-Meteo Historical Weather API
MH-Yavatmal,2017-10-04,27.4,34.3,21.0,0.0,0.0,0.0,63,5.28,0.31,0.342,0.401,27.5,27.5,20.39324,78.13201,ERA5,Asia/Kolkata,Open-Meteo Historical Weather API
MH-Yavatmal,2017-10-05,26.5,31.5,22.2,6.7,6.7,8.0,76,3.89,0.327,0.334,0.397,27.5,27.2,20.39324,78.13201,ERA5,Asia/Kolkata,Open-Meteo Historical Weather API
MH-Yavatmal,2017-10-06,27.8,31.6,24.2,1.8,1.8,6.0,80,3.73,0.378,0.338,0.394,28.6,27.6,20.39324,78.13201,ERA5,Asia/Kolkata,Open-Meteo Historical Weather API
MH-Yavatmal,2017-10-07,27.1,32.0,24.6,3.5,3.5,7.0,80,3.59,0.388,0.342,0.392,28.4,27.8,20.39324,78.13201,ERA5,Asia/Kolkata,Open-Meteo Historical Weather API
MH-Yavatmal,2017-10-08,25.7,27.8,23.9,11.1,11.1,18.0,87,2.23,0.417,0.356,0.388,27.3,27.3,20.39324,78.13201,ERA5,Asia/Kolkata,Open-Meteo Historical Weather API
MH-Yavatmal,2017-10-09,25.0,26.9,23.8,14.8,14.8,16.0,91,1.85,0.441,0.407,0.387,26.7,26.6,20.39324,78.13201,ERA5,Asia/Kolkata,Open-Meteo Historical Weather API
MH-Yavatmal,2017-10-10,25.4,28.5,22.9,3.3,3.3,11.0,88,2.08,0.439,0.424,0.388,26.5,26.3,20.39324,78.13201,ERA5,Asia/Kolkata,Open-Meteo Historical Weather API
MH-Yavatmal,2017-10-11,26.4,30.7,23.4,9.6,9.6,10.0,85,3.8,0.435,0.43,0.389,27.7,26.8,20.39324,78.13201,ERA5,Asia/Kolkata,Open-Meteo Historical Weather API
MH-Yavatmal,2017-10-12,26.2,30.7,23.3,6.7,6.7,10.0,86,3.72,0.434,0.435,0.392,27.8,27.3,20.39324,78.13201,ERA5,Asia/Kolkata,Open-Meteo Historical Weather API
MH-Yavatmal,2017-10-13,26.7,30.0,23.6,4.7,4.7,6.0,84,3.16,0.427,0.43,0.394,27.9,27.4,20.39324,78.13201,ERA5,Asia/Kolkata,Open-Meteo Historical Weather API
MH-Yavatmal,2017-10-14,27.0,31.6,24.0,1.3,1.3,5.0,82,3.73,0.419,0.424,0.396,28.0,27.4,20.39324,78.13201,ERA5,Asia/Kolkata,Open-Meteo Historical Weather API
MH-Yavatmal,2017-10-15,27.8,32.6,24.5,0.0,0.0,0.0,79,3.94,0.403,0.412,0.396,28.4,27.7,20.39324,78.13201,ERA5,Asia/Kolkata,Open-Meteo Historical Weather API
MH-Yavatmal,2017-10-16,27.8,33.7,23.5,0.0,0.0,0.0,75,4.15,0.387,0.401,0.395,28.0,27.7,20.39324,78.13201,ERA5,Asia/Kolkata,Open-Meteo Historical Weather API
MH-Yavatmal,2017-10-17,27.3,34.1,22.6,0.0,0.0,0.0,68,4.82,0.371,0.39,0.393,27.6,27.5,20.39324,78.13201,ERA5,Asia/Kolkata,Open-Meteo Historical Weather API
MH-Yavatmal,2017-10-18,25.6,32.7,20.7,0.0,0.0,0.0,66,4.93,0.358,0.38,0.39,26.4,26.7,20.39324,78.13201,ERA5,Asia/Kolkata,Open-Meteo Historical Weather API
MH-Yavatmal,2017-10-19,25.1,31.3,19.4,0.0,0.0,0.0,68,4.36,0.345,0.369,0.387,25.5,25.9,20.39324,78.13201,ERA5,Asia/Kolkata,Open-Meteo Historical Weather API
MH-Yavatmal,2017-10-20,27.1,31.9,23.7,2.0,2.0,3.0,74,3.39,0.338,0.358,0.383,27.4,26.6,20.39324,78.13201,ERA5,Asia/Kolkata,Open-Meteo Historical Weather API
MH-Yavatmal,2017-10-21,27.5,32.8,23.2,3.2,3.2,5.0,80,3.63,0.356,0.35,0.379,28.3,27.3,20.39324,78.13201,ERA5,Asia/Kolkata,Open-Meteo Historical Weather API
MH-Yavatmal,2017-10-22,27.2,32.7,24.1,1.7,1.7,6.0,80,3.62,0.387,0.35,0.374,28.4,27.7,20.39324,78.13201,ERA5,Asia/Kolkata,Open-Meteo Historical Weather API
MH-Yavatmal,2017-10-23,26.7,33.1,22.2,0.0,0.0,0.0,68,4.73,0.363,0.347,0.371,27.6,27.4,20.39324,78.13201,ERA5,Asia/Kolkata,Open-Meteo Historical Weather API
MH-Yavatmal,2017-10-24,24.8,32.8,18.8,0.0,0.0,0.0,59,4.73,0.34,0.341,0.368,25.6,26.3,20.39324,78.13201,ERA5,Asia/Kolkata,Open-Meteo Historical Weather API
MH-Yavatmal,2017-10-25,24.1,32.3,16.5,0.0,0.0,0.0,62,4.61,0.326,0.335,0.366,24.7,25.4,20.39324,78.13201,ERA5,Asia/Kolkata,Open-Meteo Historical Weather API
MH-Yavatmal,2017-10-26,23.9,31.5,17.0,0.0,0.0,0.0,66,4.44,0.314,0.329,0.363,24.5,25.0,20.39324,78.13201,ERA5,Asia/Kolkata,Open-Meteo Historical Weather API
MH-Yavatmal,2017-10-27,24.8,31.7,18.5,0.0,0.0,0.0,63,4.05,0.302,0.323,0.361,24.8,24.9,20.39324,78.13201,ERA5,Asia/Kolkata,Open-Meteo Historical Weather API
MH-Yavatmal,2017-10-28,24.4,30.8,18.3,0.0,0.0,0.0,65,3.73,0.293,0.318,0.36,24.6,25.0,20.39324,78.13201,ERA5,Asia/Kolkata,Open-Meteo Historical Weather API
MH-Yavatmal,2017-10-29,24.6,30.7,19.4,0.0,0.0,0.0,68,3.68,0.285,0.314,0.358,24.9,25.0,20.39324,78.13201,ERA5,Asia/Kolkata,Open-Meteo Historical Weather API
MH-Yavatmal,2017-10-30,24.8,31.4,20.4,0.0,0.0,0.0,67,4.01,0.278,0.309,0.356,25.4,25.1,20.39324,78.13201,ERA5,Asia/Kolkata,Open-Meteo Historical Weather API
MH-Yavatmal,2017-10-31,24.3,31.3,19.0,0.0,0.0,0.0,64,4.03,0.27,0.303,0.354,25.0,25.2,20.39324,78.13201,ERA5,Asia/Kolkata,Open-Meteo Historical Weather API
MH-Yavatmal,2017-11-01,23.3,30.6,17.2,0.0,0.0,0.0,63,4.4,0.263,0.3,0.353,24.2,24.7,20.39324,78.13201,ERA5,Asia/Kolkata,Open-Meteo Historical Weather API
MH-Yavatmal,2017-11-02,22.9,29.8,16.7,0.0,0.0,0.0,63,4.2,0.256,0.294,0.351,23.7,24.3,20.39324,78.13201,ERA5,Asia/Kolkata,Open-Meteo Historical Weather API
MH-Yavatmal,2017-11-03,22.7,30.2,16.0,0.0,0.0,0.0,63,4.43,0.248,0.287,0.347,23.7,24.0,20.39324,78.13201,ERA5,Asia/Kolkata,Open-Meteo Historical Weather API
MH-Yavatmal,2017-11-04,22.4,29.1,15.4,0.0,0.0,0.0,65,4.29,0.24,0.282,0.344,23.5,23.9,20.39324,78.13201,ERA5,Asia/Kolkata,Open-Meteo Historical Weather API
MH-Yavatmal,2017-11-05,22.5,29.5,17.0,0.0,0.0,0.0,64,4.49,0.233,0.276,0.34,23.5,23.6,20.39324,78.13201,ERA5,Asia/Kolkata,Open-Meteo Historical Weather API
MH-Yavatmal,2017-11-06,22.9,29.8,16.0,0.0,0.0,0.0,61,4.47,0.227,0.27,0.337,23.4,23.5,20.39324,78.13201,ERA5,Asia/Kolkata,Open-Meteo Historical Weather API
MH-Yavatmal,2017-11-07,23.6,30.3,18.7,0.0,0.0,0.0,63,4.21,0.223,0.266,0.334,23.4,23.5,20.39324,78.13201,ERA5,Asia/Kolkata,Open-Meteo Historical Weather API
MH-Yavatmal,2017-11-08,23.2,30.5,16.8,0.0,0.0,0.0,64,4.11,0.218,0.262,0.332,23.6,23.7,20.39324,78.13201,ERA5,Asia/Kolkata,Open-Meteo Historical Weather API
MH-Yavatmal,2017-11-09,23.1,30.1,17.1,0.0,0.0,0.0,64,3.45,0.217,0.26,0.33,23.8,24.0,20.39324,78.13201,ERA5,Asia/Kolkata,Open-Meteo Historical Weather API
MH-Yavatmal,2017-11-10,22.4,28.9,17.0,0.0,0.0,0.0,58,4.26,0.213,0.258,0.329,23.5,24.2,20.39324,78.13201,ERA5,Asia/Kolkata,Open-Meteo Historical Weather API
MH-Yavatmal,2017-11-11,21.5,29.3,15.2,0.0,0.0,0.0,56,4.4,0.21,0.256,0.327,22.3,23.3,20.39324,78.13201,ERA5,Asia/Kolkata,Open-Meteo Historical Weather API
MH-Yavatmal,2017-11-12,21.2,28.6,16.1,0.0,0.0,0.0,61,4.17,0.209,0.254,0.326,22.0,22.9,20.39324,78.13201,ERA5,Asia/Kolkata,Open-Meteo Historical Weather API
MH-Yavatmal,2017-11-13,21.9,29.0,17.4,0.0,0.0,0.0,60,4.05,0.207,0.252,0.325,22.0,22.6,20.39324,78.13201,ERA5,Asia/Kolkata,Open-Meteo Historical Weather API
MH-Yavatmal,2017-11-14,22.1,29.6,15.1,0.0,0.0,0.0,62,4.05,0.207,0.25,0.323,22.6,22.7,20.39324,78.13201,ERA5,Asia/Kolkata,Open-Meteo Historical Weather API
MH-Yavatmal,2017-11-15,23.9,30.2,18.0,0.0,0.0,0.0,64,3.84,0.205,0.249,0.322,24.2,23.5,20.39324,78.13201,ERA5,Asia/Kolkata,Open-Meteo Historical Weather API
MH-Yavatmal,2017-11-16,23.9,29.5,19.6,0.0,0.0,0.0,72,3.5,0.205,0.248,0.321,24.7,24.4,20.39324,78.13201,ERA5,Asia/Kolkata,Open-Meteo Historical Weather API
MH-Yavatmal,2017-11-17,23.9,29.2,19.1,0.1,0.1,1.0,74,2.99,0.206,0.246,0.32,24.7,24.5,20.39324,78.13201,ERA5,Asia/Kolkata,Open-Meteo Historical Weather API
MH-Yavatmal,2017-11-18,24.2,29.9,18.5,0.2,0.2,1.0,72,3.16,0.206,0.243,0.317,24.9,24.5,20.39324,78.13201,ERA5,Asia/Kolkata,Open-Meteo Historical Weather API
MH-Yavatmal,2017-11-19,24.5,30.4,18.8,0.0,0.0,0.0,68,3.44,0.207,0.24,0.314,25.0,24.6,20.39324,78.13201,ERA5,Asia/Kolkata,Open-Meteo Historical Weather API
MH-Yavatmal,2017-11-20,24.7,29.2,20.9,0.0,0.0,0.0,66,2.51,0.205,0.238,0.312,24.9,24.7,20.39324,78.13201,ERA5,Asia/Kolkata,Open-Meteo Historical Weather API
MH-Yavatmal,2017-11-21,25.4,30.5,21.1,0.0,0.0,0.0,61,4.07,0.202,0.235,0.309,25.8,25.0,20.39324,78.13201,ERA5,Asia/Kolkata,Open-Meteo Historical Weather API
MH-Yavatmal,2017-11-22,24.7,30.3,20.9,0.0,0.0,0.0,66,3.28,0.199,0.233,0.307,25.8,25.5,20.39324,78.13201,ERA5,Asia/Kolkata,Open-Meteo Historical Weather API
MH-Yavatmal,2017-11-23,24.7,30.7,20.2,0.0,0.0,0.0,65,3.75,0.197,0.23,0.305,25.7,25.5,20.39324,78.13201,ERA5,Asia/Kolkata,Open-Meteo Historical Weather API
MH-Yavatmal,2017-11-24,23.5,29.8,18.8,0.0,0.0,0.0,61,3.92,0.196,0.228,0.303,24.8,25.2,20.39324,78.13201,ERA5,Asia/Kolkata,Open-Meteo Historical Weather API
MH-Yavatmal,2017-11-25,21.5,29.2,16.2,0.0,0.0,0.0,60,4.07,0.197,0.23,0.304,23.2,24.4,20.39324,78.13201,ERA5,Asia/Kolkata,Open-Meteo Historical Weather API
MH-Yavatmal,2017-11-26,21.4,29.2,15.7,0.0,0.0,0.0,48,4.11,0.197,0.229,0.303,21.7,23.2,20.39324,78.13201,ERA5,Asia/Kolkata,Open-Meteo Historical Weather API
MH-Yavatmal,2017-11-27,21.5,29.8,14.4,0.0,0.0,0.0,49,3.98,0.196,0.229,0.303,21.2,22.5,20.39324,78.13201,ERA5,Asia/Kolkata,Open-Meteo Historical Weather API
MH-Yavatmal,2017-11-28,20.8,30.2,13.3,0.0,0.0,0.0,54,4.07,0.197,0.23,0.303,21.4,22.3,20.39324,78.13201,ERA5,Asia/Kolkata,Open-Meteo Historical Weather API
MH-Yavatmal,2017-11-29,21.0,29.5,14.5,0.0,0.0,0.0,54,4.03,0.2,0.233,0.305,21.2,22.1,20.39324,78.13201,ERA5,Asia/Kolkata,Open-Meteo Historical Weather API
MH-Yavatmal,2017-11-30,21.2,28.9,15.7,0.0,0.0,0.0,56,3.96,0.2,0.233,0.305,21.4,22.0,20.39324,78.13201,ERA5,Asia/Kolkata,Open-Meteo Historical Weather API
MH-Yavatmal,2017-12-01,20.5,27.8,14.6,0.0,0.0,0.0,58,3.95,0.199,0.232,0.304,21.3,22.0,20.39324,78.13201,ERA5,Asia/Kolkata,Open-Meteo Historical Weather API
MH-Yavatmal,2017-12-02,20.0,28.0,14.3,0.0,0.0,0.0,59,3.96,0.197,0.23,0.302,21.3,21.9,20.39324,78.13201,ERA5,Asia/Kolkata,Open-Meteo Historical Weather API
MH-Yavatmal,2017-12-03,19.5,27.7,13.4,0.0,0.0,0.0,57,3.91,0.196,0.228,0.301,20.8,21.6,20.39324,78.13201,ERA5,Asia/Kolkata,Open-Meteo Historical Weather API
MH-Yavatmal,2017-12-04,19.7,27.8,13.1,0.0,0.0,0.0,59,3.84,0.195,0.227,0.299,20.8,21.4,20.39324,78.13201,ERA5,Asia/Kolkata,Open-Meteo Historical Weather API
MH-Yavatmal,2017-12-05,21.1,27.7,15.2,0.0,0.0,0.0,57,3.94,0.194,0.227,0.299,21.7,21.6,20.39324,78.13201,ERA5,Asia/Kolkata,Open-Meteo Historical Weather API
MH-Yavatmal,2017-12-06,23.1,29.2,17.6,0.0,0.0,0.0,61,3.67,0.195,0.226,0.298,23.4,22.6,20.39324,78.13201,ERA5,Asia/Kolkata,Open-Meteo Historical Weather API
MH-Yavatmal,2017-12-07,23.4,29.5,18.0,0.0,0.0,0.0,62,3.78,0.194,0.225,0.297,24.3,23.7,20.39324,78.13201,ERA5,Asia/Kolkata,Open-Meteo Historical Weather API
MH-Yavatmal,2017-12-08,23.2,29.9,18.3,0.0,0.0,0.0,60,4.01,0.193,0.223,0.294,24.0,23.9,20.39324,78.13201,ERA5,Asia/Kolkata,Open-Meteo Historical Weather API
MH-Yavatmal,2017-12-09,23.0,29.9,17.7,0.0,0.0,0.0,57,4.01,0.191,0.22,0.292,23.7,23.8,20.39324,78.13201,ERA5,Asia/Kolkata,Open-Meteo Historical Weather API
MH-Yavatmal,2017-12-10,21.3,28.5,15.5,0.0,0.0,0.0,46,4.04,0.19,0.22,0.292,22.3,23.4,20.39324,78.13201,ERA5,Asia/Kolkata,Open-Meteo Historical Weather API
MH-Yavatmal,2017-12-11,20.3,29.2,14.0,0.0,0.0,0.0,51,3.69,0.193,0.222,0.293,20.9,22.1,20.39324,78.13201,ERA5,Asia/Kolkata,Open-Meteo Historical Weather API
MH-Yavatmal,2017-12-12,21.6,30.0,13.4,0.0,0.0,0.0,51,3.84,0.195,0.224,0.294,21.9,22.2,20.39324,78.13201,ERA5,Asia/Kolkata,Open-Meteo Historical Weather API
MH-Yavatmal,2017-12-13,23.4,30.2,17.8,0.0,0.0,0.0,53,3.45,0.194,0.223,0.293,23.6,23.1,20.39324,78.13201,ERA5,Asia/Kolkata,Open-Meteo Historical Weather API
MH-Yavatmal,2017-12-14,23.0,30.1,17.8,0.0,0.0,0.0,57,3.45,0.193,0.223,0.292,23.8,23.7,20.39324,78.13201,ERA5,Asia/Kolkata,Open-Meteo Historical Weather API
MH-Yavatmal,2017-12-15,22.2,30.0,17.4,0.0,0.0,0.0,57,3.97,0.195,0.226,0.294,23.3,23.7,20.39324,78.13201,ERA5,Asia/Kolkata,Open-Meteo Historical Weather API
MH-Yavatmal,2017-12-16,21.6,29.5,15.3,0.0,0.0,0.0,57,4.06,0.196,0.227,0.295,22.5,23.1,20.39324,78.13201,ERA5,Asia/Kolkata,Open-Meteo Historical Weather API
MH-Yavatmal,2017-12-17,21.6,28.6,16.1,0.0,0.0,0.0,61,3.66,0.195,0.226,0.294,22.3,22.9,20.39324,78.13201,ERA5,Asia/Kolkata,Open-Meteo Historical Weather API
MH-Yavatmal,2017-12-18,20.4,27.9,14.5,0.0,0.0,0.0,57,3.78,0.196,0.226,0.294,21.7,22.7,20.39324,78.13201,ERA5,Asia/Kolkata,Open-Meteo Historical Weather API
MH-Yavatmal,2017-12-19,18.9,28.1,11.1,0.0,0.0,0.0,47,4.05,0.197,0.228,0.295,19.9,21.5,20.39324,78.13201,ERA5,Asia/Kolkata,Open-Meteo Historical Weather API
MH-Yavatmal,2017-12-20,19.4,28.2,12.6,0.0,0.0,0.0,53,3.89,0.197,0.229,0.295,19.6,20.8,20.39324,78.13201,ERA5,Asia/Kolkata,Open-Meteo Historical Weather API
MH-Yavatmal,2017-12-21,20.3,28.2,12.2,0.0,0.0,0.0,58,3.68,0.196,0.229,0.295,20.4,20.9,20.39324,78.13201,ERA5,Asia/Kolkata,Open-Meteo Historical Weather API
MH-Yavatmal,2017-12-22,20.0,27.9,12.2,0.0,0.0,0.0,60,3.72,0.195,0.229,0.295,20.5,21.2,20.39324,78.13201,ERA5,Asia/Kolkata,Open-Meteo Historical Weather API
MH-Yavatmal,2017-12-23,19.6,28.0,12.3,0.0,0.0,0.0,60,3.57,0.194,0.228,0.294,20.0,21.2,20.39324,78.13201,ERA5,Asia/Kolkata,Open-Meteo Historical Weather API
MH-Yavatmal,2017-12-24,20.7,28.7,14.7,0.0,0.0,0.0,56,3.55,0.194,0.227,0.293,20.2,21.0,20.39324,78.13201,ERA5,Asia/Kolkata,Open-Meteo Historical Weather API
MH-Yavatmal,2017-12-25,20.9,29.3,14.3,0.0,0.0,0.0,55,3.86,0.194,0.225,0.292,20.7,21.0,20.39324,78.13201,ERA5,Asia/Kolkata,Open-Meteo Historical Weather API
MH-Yavatmal,2017-12-26,19.8,27.5,14.4,0.0,0.0,0.0,47,4.13,0.192,0.224,0.291,20.9,21.5,20.39324,78.13201,ERA5,Asia/Kolkata,Open-Meteo Historical Weather API
MH-Yavatmal,2017-12-27,19.1,27.8,11.4,0.0,0.0,0.0,46,3.97,0.19,0.222,0.289,19.4,20.6,20.39324,78.13201,ERA5,Asia/Kolkata,Open-Meteo Historical Weather API
MH-Yavatmal,2017-12-28,19.0,28.2,11.0,0.0,0.0,0.0,51,4.01,0.19,0.22,0.288,19.4,20.2,20.39324,78.13201,ERA5,Asia/Kolkata,Open-Meteo Historical Weather API
MH-Yavatmal,2017-12-29,19.1,28.6,11.4,0.0,0.0,0.0,52,3.94,0.19,0.22,0.287,19.3,20.1,20.39324,78.13201,ERA5,Asia/Kolkata,Open-Meteo Historical Weather API
MH-Yavatmal,2017-12-30,19.6,28.4,12.6,0.0,0.0,0.0,51,3.93,0.189,0.219,0.286,19.3,20.0,20.39324,78.13201,ERA5,Asia/Kolkata,Open-Meteo Historical Weather API
MH-Yavatmal,2017-12-31,19.9,28.4,12.6,0.0,0.0,0.0,52,3.71,0.19,0.22,0.286,19.4,20.1,20.39324,78.13201,ERA5,Asia/Kolkata,Open-Meteo Historical Weather API
MH-Yavatmal,2018-01-01,20.4,28.0,14.3,0.0,0.0,0.0,54,3.73,0.194,0.22,0.287,20.1,20.3,20.39324,78.13201,ERA5,Asia/Kolkata,Open-Meteo Historical Weather API
MH-Yavatmal,2018-01-02,19.9,27.7,14.6,0.0,0.0,0.0,57,3.51,0.194,0.22,0.287,20.5,20.7,20.39324,78.13201,ERA5,Asia/Kolkata,Open-Meteo Historical Weather API
MH-Yavatmal,2018-01-03,19.8,27.2,14.3,0.0,0.0,0.0,54,3.75,0.193,0.22,0.287,20.5,21.0,20.39324,78.13201,ERA5,Asia/Kolkata,Open-Meteo Historical Weather API
MH-Yavatmal,2018-01-04,19.3,26.9,13.3,0.0,0.0,0.0,50,3.72,0.193,0.22,0.287,20.2,20.7,20.39324,78.13201,ERA5,Asia/Kolkata,Open-Meteo Historical Weather API
MH-Yavatmal,2018-01-05,19.2,27.9,11.8,0.0,0.0,0.0,56,3.6,0.193,0.22,0.286,20.2,20.6,20.39324,78.13201,ERA5,Asia/Kolkata,Open-Meteo Historical Weather API
MH-Yavatmal,2018-01-06,20.0,28.2,14.6,0.0,0.0,0.0,55,3.5,0.193,0.22,0.286,20.8,20.9,20.39324,78.13201,ERA5,Asia/Kolkata,Open-Meteo Historical Weather API
MH-Yavatmal,2018-01-07,19.8,27.6,13.5,0.0,0.0,0.0,57,3.34,0.194,0.223,0.288,20.7,21.1,20.39324,78.13201,ERA5,Asia/Kolkata,Open-Meteo Historical Weather API
MH-Yavatmal,2018-01-08,19.7,27.3,14.0,0.0,0.0,0.0,56,3.82,0.195,0.224,0.288,20.7,21.1,20.39324,78.13201,ERA5,Asia/Kolkata,Open-Meteo Historical Weather API
MH-Yavatmal,2018-01-09,19.3,27.0,14.2,0.0,0.0,0.0,53,3.98,0.195,0.223,0.288,20.6,21.1,20.39324,78.13201,ERA5,Asia/Kolkata,Open-Meteo Historical Weather API
MH-Yavatmal,2018-01-10,20.1,27.7,12.8,0.0,0.0,0.0,50,3.78,0.195,0.222,0.287,20.5,20.8,20.39324,78.13201,ERA5,Asia/Kolkata,Open-Meteo Historical Weather API
MH-Yavatmal,2018-01-11,20.5,28.6,13.5,0.0,0.0,0.0,56,3.77,0.194,0.221,0.286,21.2,21.2,20.39324,78.13201,ERA5,Asia/Kolkata,Open-Meteo Historical Weather API
MH-Yavatmal,2018-01-12,21.8,29.8,14.1,0.0,0.0,0.0,49,3.87,0.193,0.22,0.285,21.9,21.8,20.39324,78.13201,ERA5,Asia/Kolkata,Open-Meteo Historical Weather API
MH-Yavatmal,2018-01-13,22.1,30.2,16.5,0.0,0.0,0.0,47,4.11,0.192,0.219,0.284,22.7,22.4,20.39324,78.13201,ERA5,Asia/Kolkata,Open-Meteo Historical Weather API
MH-Yavatmal,2018-01-14,22.8,30.3,17.0,0.0,0.0,0.0,48,3.98,0.192,0.218,0.284,23.1,22.7,20.39324,78.13201,ERA5,Asia/Kolkata,Open-Meteo Historical Weather API
MH-Yavatmal,2018-01-15,23.9,30.9,18.9,0.0,0.0,0.0,52,3.94,0.191,0.218,0.283,24.2,23.5,20.39324,78.13201,ERA5,Asia/Kolkata,Open-Meteo Historical Weather API
MH-Yavatmal,2018-01-16,22.3,30.2,15.3,0.0,0.0,0.0,52,4.23,0.19,0.217,0.282,23.2,23.3,20.39324,78.13201,ERA5,Asia/Kolkata,Open-Meteo Historical Weather API
MH-Yavatmal,2018-01-17,21.9,30.2,14.2,0.0,0.0,0.0,49,4.02,0.193,0.219,0.284,22.5,22.8,20.39324,78.13201,ERA5,Asia/Kolkata,Open-Meteo Historical Weather API
MH-Yavatmal,2018-01-18,21.9,29.7,16.5,0.0,0.0,0.0,46,4.51,0.192,0.219,0.284,22.9,22.8,20.39324,78.13201,ERA5,Asia/Kolkata,Open-Meteo Historical Weather API
MH-Yavatmal,2018-01-19,20.8,29.0,13.5,0.0,0.0,0.0,46,4.48,0.192,0.218,0.283,21.7,22.3,20.39324,78.13201,ERA5,Asia/Kolkata,Open-Meteo Historical Weather API
MH-Yavatmal,2018-01-20,20.8,29.0,12.7,0.0,0.0,0.0,49,4.1,0.194,0.22,0.284,21.3,21.8,20.39324,78.13201,ERA5,Asia/Kolkata,Open-Meteo Historical Weather API
MH-Yavatmal,2018-01-21,21.1,29.5,14.3,0.0,0.0,0.0,52,4.17,0.195,0.22,0.284,21.7,21.7,20.39324,78.13201,ERA5,Asia/Kolkata,Open-Meteo Historical Weather API
MH-Yavatmal,2018-01-22,21.3,29.4,14.7,0.0,0.0,0.0,50,4.25,0.194,0.219,0.283,21.8,21.8,20.39324,78.13201,ERA5,Asia/Kolkata,Open-Meteo Historical Weather API
MH-Yavatmal,2018-01-23,22.4,30.7,15.1,0.0,0.0,0.0,51,4.34,0.191,0.218,0.282,22.7,22.3,20.39324,78.13201,ERA5,Asia/Kolkata,Open-Meteo Historical Weather API
MH-Yavatmal,2018-01-24,21.4,28.6,15.9,0.0,0.0,0.0,49,4.53,0.191,0.218,0.282,22.9,22.9,20.39324,78.13201,ERA5,Asia/Kolkata,Open-Meteo Historical Weather API
MH-Yavatmal,2018-01-25,18.8,27.5,11.0,0.0,0.0,0.0,47,4.24,0.192,0.218,0.281,20.8,21.9,20.39324,78.13201,ERA5,Asia/Kolkata,Open-Meteo Historical Weather API
MH-Yavatmal,2018-01-26,18.8,27.7,11.5,0.0,0.0,0.0,45,4.31,0.19,0.216,0.279,20.2,21.2,20.39324,78.13201,ERA5,Asia/Kolkata,Open-Meteo Historical Weather API
MH-Yavatmal,2018-01-27,19.6,28.6,12.1,0.0,0.0,0.0,46,4.29,0.189,0.215,0.277,20.3,20.9,20.39324,78.13201,ERA5,Asia/Kolkata,Open-Meteo Historical Weather API
MH-Yavatmal,2018-01-28,20.7,29.3,13.5,0.0,0.0,0.0,43,4.39,0.188,0.215,0.277,21.1,21.2,20.39324,78.13201,ERA5,Asia/Kolkata,Open-Meteo Historical Weather API
MH-Yavatmal,2018-01-29,21.7,29.8,14.7,0.0,0.0,0.0,45,4.23,0.189,0.215,0.277,21.8,21.6,20.39324,78.13201,ERA5,Asia/Kolkata,Open-Meteo Historical Weather API
MH-Yavatmal,2018-01-30,22.0,30.7,13.4,0.0,0.0,0.0,46,4.55,0.192,0.215,0.277,21.9,21.9,20.39324,78.13201,ERA5,Asia/Kolkata,Open-Meteo Historical Weather API
MH-Yavatmal,2018-01-31,21.9,32.1,12.2,0.0,0.0,0.0,44,4.74,0.194,0.213,0.273,22.1,22.0,20.39324,78.13201,ERA5,Asia/Kolkata,Open-Meteo Historical Weather API
MH-Yavatmal,2018-02-01,22.5,32.0,13.2,0.0,0.0,0.0,39,4.91,0.191,0.212,0.269,22.1,22.2,20.39324,78.13201,ERA5,Asia/Kolkata,Open-Meteo Historical Weather API
MH-Yavatmal,2018-02-02,22.7,32.3,14.1,0.0,0.0,0.0,40,4.5,0.191,0.212,0.265,22.9,22.4,20.39324,78.13201,ERA5,Asia/Kolkata,Open-Meteo Historical Weather API
MH-Yavatmal,2018-02-03,23.4,32.6,14.9,0.0,0.0,0.0,39,4.85,0.192,0.21,0.259,23.5,22.9,20.39324,78.13201,ERA5,Asia/Kolkata,Open-Meteo Historical Weather API
MH-Yavatmal,2018-02-04,24.6,32.6,17.8,0.0,0.0,0.0,41,5.12,0.191,0.209,0.256,24.9,23.7,20.39324,78.13201,ERA5,Asia/Kolkata,Open-Meteo Historical Weather API
MH-Yavatmal,2018-02-05,24.3,32.3,18.3,0.0,0.0,0.0,45,5.02,0.193,0.21,0.257,25.2,24.4,20.39324,78.13201,ERA5,Asia/Kolkata,Open-Meteo Historical Weather API
MH-Yavatmal,2018-02-06,24.1,31.7,17.4,0.0,0.0,0.0,49,4.36,0.195,0.21,0.258,24.8,24.3,20.39324,78.13201,ERA5,Asia/Kolkata,Open-Meteo Historical Weather API
MH-Yavatmal,2018-02-07,23.6,29.4,18.6,0.0,0.0,0.0,51,3.11,0.195,0.211,0.259,24.2,24.3,20.39324,78.13201,ERA5,Asia/Kolkata,Open-Meteo Historical Weather API
MH-Yavatmal,2018-02-08,24.1,32.8,17.7,0.0,0.0,0.0,45,4.93,0.195,0.212,0.259,24.8,24.1,20.39324,78.13201,ERA5,Asia/Kolkata,Open-Meteo Historical Weather API
MH-Yavatmal,2018-02-09,23.7,30.9,17.3,0.0,0.0,0.0,44,5.19,0.193,0.21,0.257,24.7,24.4,20.39324,78.13201,ERA5,Asia/Kolkata,Open-Meteo Historical Weather API
MH-Yavatmal,2018-02-10,22.4,27.8,16.6,0.0,0.0,0.0,48,3.65,0.193,0.21,0.258,23.5,24.0,20.39324,78.13201,ERA5,Asia/Kolkata,Open-Meteo Historical Weather API
MH-Yavatmal,2018-02-11,20.3,24.0,17.0,20.0,20.0,10.0,75,2.76,0.305,0.216,0.258,22.3,23.2,20.39324,78.13201,ERA5,Asia/Kolkata,Open-Meteo Historical Weather API
MH-Yavatmal,2018-02-12,21.6,28.2,17.5,9.7,9.7,10.0,79,3.42,0.372,0.238,0.26,23.1,22.8,20.39324,78.13201,ERA5,Asia/Kolkata,Open-Meteo Historical Weather API
MH-Yavatmal,2018-02-13,21.2,26.2,18.4,12.7,12.7,9.0,82,3.07,0.396,0.267,0.263,23.0,22.9,20.39324,78.13201,ERA5,Asia/Kolkata,Open-Meteo Historical Weather API
MH-Yavatmal,2018-02-14,20.8,26.1,17.2,0.0,0.0,0.0,76,3.51,0.387,0.308,0.263,22.6,22.5,20.39324,78.13201,ERA5,Asia/Kolkata,Open-Meteo Historical Weather API
MH-Yavatmal,2018-02-15,21.6,28.7,15.4,0.0,0.0,0.0,58,4.23,0.349,0.31,0.262,22.2,22.2,20.39324,78.13201,ERA5,Asia/Kolkata,Open-Meteo Historical Weather API
MH-Yavatmal,2018-02-16,22.2,29.4,14.5,0.0,0.0,0.0,58,4.29,0.325,0.305,0.261,22.4,22.1,20.39324,78.13201,ERA5,Asia/Kolkata,Open-Meteo Historical Weather API
MH-Yavatmal,2018-02-17,23.0,31.7,14.4,0.0,0.0,0.0,57,4.39,0.305,0.297,0.259,22.9,22.4,20.39324,78.13201,ERA5,Asia/Kolkata,Open-Meteo Historical Weather API
MH-Yavatmal,2018-02-18,23.8,31.8,17.0,0.0,0.0,0.0,54,4.69,0.287,0.289,0.257,23.5,22.9,20.39324,78.13201,ERA5,Asia/Kolkata,Open-Meteo Historical Weather API
MH-Yavatmal,2018-02-19,24.8,32.7,18.9,0.0,0.0,0.0,52,4.71,0.271,0.282,0.254,24.6,23.6,20.39324,78.13201,ERA5,Asia/Kolkata,Open-Meteo Historical Weather API
MH-Yavatmal,2018-02-20,25.2,31.8,19.7,0.0,0.0,0.0,54,4.27,0.259,0.278,0.255,25.3,24.3,20.39324,78.13201,ERA5,Asia/Kolkata,Open-Meteo Historical Weather API
MH-Yavatmal,2018-02-21,25.2,32.4,19.3,0.0,0.0,0.0,53,4.76,0.25,0.273,0.253,25.6,24.5,20.39324,78.13201,ERA5,Asia/Kolkata,Open-Meteo Historical Weather API
MH-Yavatmal,2018-02-22,25.6,33.0,19.0,0.0,0.0,0.0,52,4.69,0.241,0.268,0.252,25.7,24.8,20.39324,78.13201,ERA5,Asia/Kolkata,Open-Meteo Historical Weather API
MH-Yavatmal,2018-02-23,26.4,33.7,21.2,0.0,0.0,0.0,48,4.9,0.234,0.264,0.253,26.2,25.2,20.39324,78.13201,ERA5,Asia/Kolkata,Open-Meteo Historical Weather API
MH-Yavatmal,2018-02-24,27.1,34.2,21.5,0.0,0.0,0.0,46,5.34,0.226,0.261,0.254,26.9,25.7,20.39324,78.13201,ERA5,Asia/Kolkata,Open-Meteo Historical Weather API
MH-Yavatmal,2018-02-25,26.7,34.5,20.1,0.0,0.0,0.0,45,5.21,0.221,0.259,0.255,27.2,26.1,20.39324,78.13201,ERA5,Asia/Kolkata,Open-Meteo Historical Weather API
MH-Yavatmal,2018-02-26,26.9,34.0,20.2,0.0,0.0,0.0,49,5.11,0.219,0.258,0.256,27.3,26.3,20.39324,78.13201,ERA5,Asia/Kolkata,Open-Meteo Historical Weather API
MH-Yavatmal,2018-02-27,27.6,34.7,22.0,0.0,0.0,0.0,43,5.66,0.212,0.254,0.256,27.9,26.8,20.39324,78.13201,ERA5,Asia/Kolkata,Open-Meteo Historical Weather API
MH-Yavatmal,2018-02-28,27.2,34.9,20.1,0.0,0.0,0.0,40,5.77,0.208,0.248,0.255,27.6,26.7,20.39324,78.13201,ERA5,Asia/Kolkata,Open-Meteo Historical Weather API
MH-Yavatmal,2018-03-01,27.6,35.8,19.1,0.0,0.0,0.0,42,5.47,0.203,0.245,0.255,27.6,26.7,20.39324,78.13201,ERA5,Asia/Kolkata,Open-Meteo Historical Weather API
MH-Yavatmal,2018-03-02,27.8,36.4,19.3,0.0,0.0,0.0,42,5.27,0.201,0.244,0.256,27.8,27.0,20.39324,78.13201,ERA5,Asia/Kolkata,Open-Meteo Historical Weather API
MH-Yavatmal,2018-03-03,28.1,36.2,20.3,0.0,0.0,0.0,43,5.16,0.199,0.243,0.258,28.2,27.3,20.39324,78.13201,ERA5,Asia/Kolkata,Open-Meteo Historical Weather API
MH-Yavatmal,2018-03-04,28.5,35.5,23.1,0.0,0.0,0.0,39,5.18,0.197,0.24,0.257,28.5,27.6,20.39324,78.13201,ERA5,Asia/Kolkata,Open-Meteo Historical Weather API
MH-Yavatmal,2018-03-05,28.3,34.8,22.2,0.0,0.0,0.0,39,5.9,0.195,0.237,0.256,28.8,28.0,20.39324,78.13201,ERA5,Asia/Kolkata,Open-Meteo Historical Weather API
MH-Yavatmal,2018-03-06,28.3,34.7,22.7,0.0,0.0,0.0,41,5.29,0.193,0.234,0.256,28.8,28.1,20.39324,78.13201,ERA5,Asia/Kolkata,Open-Meteo Historical Weather API
MH-Yavatmal,2018-03-07,28.3,35.2,22.5,0.0,0.0,0.0,39,5.76,0.192,0.233,0.256,28.8,28.0,20.39324,78.13201,ERA5,Asia/Kolkata,Open-Meteo Historical Weather API
MH-Yavatmal,2018-03-08,28.1,34.0,22.1,0.0,0.0,0.0,41,5.93,0.191,0.231,0.256,29.2,28.2,20.39324,78.13201,ERA5,Asia/Kolkata,Open-Meteo Historical Weather API
MH-Yavatmal,2018-03-09,27.6,33.4,23.2,0.0,0.0,0.0,41,5.75,0.192,0.234,0.26,29.0,28.4,20.39324,78.13201,ERA5,Asia/Kolkata,Open-Meteo Historical Weather API
MH-Yavatmal,2018-03-10,28.3,35.2,22.2,0.0,0.0,0.0,45,5.24,0.191,0.233,0.261,29.0,28.1,20.39324,78.13201,ERA5,Asia/Kolkata,Open-Meteo Historical Weather API
MH-Yavatmal,2018-03-11,27.9,33.0,23.3,0.0,0.0,0.0,46,5.02,0.191,0.234,0.264,29.3,28.6,20.39324,78.13201,ERA5,Asia/Kolkata,Open-Meteo Historical Weather API
MH-Yavatmal,2018-03-12,27.9,35.5,21.0,0.0,0.0,0.0,50,5.29,0.192,0.234,0.265,28.6,28.2,20.39324,78.13201,ERA5,Asia/Kolkata,Open-Meteo Historical Weather API
MH-Yavatmal,2018-03-13,29.3,37.1,22.0,0.0,0.0,0.0,45,5.38,0.191,0.231,0.264,29.6,28.3,20.39324,78.13201,ERA5,Asia/Kolkata,Open-Meteo Historical Weather API
MH-Yavatmal,2018-03-14,30.2,38.1,23.8,0.0,0.0,0.0,39,6.18,0.19,0.228,0.263,30.2,29.0,20.39324,78.13201,ERA5,Asia/Kolkata,Open-Meteo Historical Weather API
MH-Yavatmal,2018-03-15,29.1,35.2,24.0,0.1,0.1,1.0,38,4.53,0.187,0.224,0.261,29.6,29.0,20.39324,78.13201,ERA5,Asia/Kolkata,Open-Meteo Historical Weather API
MH-Yavatmal,2018-03-16,23.3,26.3,19.8,1.5,1.5,5.0,62,3.11,0.211,0.225,0.263,26.6,27.9,20.39324,78.13201,ERA5,Asia/Kolkata,Open-Meteo Historical Weather API
MH-Yavatmal,2018-03-17,25.1,32.7,17.8,0.0,0.0,0.0,60,4.94,0.218,0.228,0.265,26.8,26.5,20.39324,78.13201,ERA5,Asia/Kolkata,Open-Meteo Historical Weather API
MH-Yavatmal,2018-03-18,27.5,35.1,21.1,0.0,0.0,0.0,51,5.27,0.21,0.226,0.264,28.5,27.5,20.39324,78.13201,ERA5,Asia/Kolkata,Open-Meteo Historical Weather API
MH-Yavatmal,2018-03-19,29.2,36.4,22.4,0.0,0.0,0.0,44,5.87,0.203,0.222,0.261,29.5,28.1,20.39324,78.13201,ERA5,Asia/Kolkata,Open-Meteo Historical Weather API
MH-Yavatmal,2018-03-20,30.3,37.0,25.0,0.0,0.0,0.0,42,5.01,0.196,0.219,0.259,30.6,28.9,20.39324,78.13201,ERA5,Asia/Kolkata,Open-Meteo Historical Weather API
MH-Yavatmal,2018-03-21,30.0,37.2,24.3,0.0,0.0,0.0,38,6.51,0.19,0.214,0.254,30.9,29.4,20.39324,78.13201,ERA5,Asia/Kolkata,Open-Meteo Historical Weather API
MH-Yavatmal,2018-03-22,29.2,36.4,22.7,0.0,0.0,0.0,27,7.67,0.186,0.211,0.252,30.7,29.5,20.39324,78.13201,ERA5,Asia/Kolkata,Open-Meteo Historical Weather API
MH-Yavatmal,2018-03-23,28.8,37.1,20.4,0.0,0.0,0.0,27,7.23,0.182,0.208,0.249,30.6,29.5,20.39324,78.13201,ERA5,Asia/Kolkata,Open-Meteo Historical Weather API
MH-Yavatmal,2018-03-24,29.3,37.6,21.0,0.0,0.0,0.0,28,7.24,0.181,0.207,0.247,30.6,29.6,20.39324,78.13201,ERA5,Asia/Kolkata,Open-Meteo Historical Weather API
MH-Yavatmal,2018-03-25,30.2,37.7,22.0,0.0,0.0,0.0,27,7.1,0.182,0.205,0.246,30.9,29.8,20.39324,78.13201,ERA5,Asia/Kolkata,Open-Meteo Historical Weather API
MH-Yavatmal,2018-03-26,30.0,38.3,22.0,0.0,0.0,0.0,27,7.55,0.182,0.205,0.244,31.2,29.9,20.39324,78.13201,ERA5,Asia/Kolkata,Open-Meteo Historical Weather API
MH-Yavatmal,2018-03-27,30.6,39.0,21.7,0.0,0.0,0.0,24,6.75,0.181,0.204,0.243,31.0,29.9,20.39324,78.13201,ERA5,Asia/Kolkata,Open-Meteo Historical Weather API
MH-Yavatmal,2018-03-28,30.9,39.6,20.4,0.0,0.0,0.0,28,7.46,0.181,0.203,0.241,31.8,30.3,20.39324,78.13201,ERA5,Asia/Kolkata,Open-Meteo Historical Weather API
MH-Yavatmal,2018-03-29,31.7,40.7,24.1,0.0,0.0,0.0,22,7.78,0.182,0.202,0.24,32.7,31.0,20.39324,78.13201,ERA5,Asia/Kolkata,Open-Meteo Historical Weather API
MH-Yavatmal,2018-03-30,31.2,40.4,21.8,0.0,0.0,0.0,21,7.0,0.183,0.202,0.238,32.4,31.1,20.39324,78.13201,ERA5,Asia/Kolkata,Open-Meteo Historical Weather API
MH-Yavatmal,2018-03-31,31.9,40.9,23.1,0.0,0.0,0.0,25,7.66,0.182,0.202,0.237,32.7,31.2,20.39324,78.13201,ERA5,Asia/Kolkata,Open-Meteo Historical Weather API
MH-Yavatmal,2018-04-01,32.4,40.3,25.9,0.0,0.0,0.0,27,7.52,0.178,0.2,0.233,33.3,31.6,20.39324,78.13201,ERA5,Asia/Kolkata,Open-Meteo Historical Weather API
MH-Yavatmal,2018-04-02,30.9,38.7,23.5,0.0,0.0,0.0,36,6.78,0.177,0.2,0.233,32.9,31.7,20.39324,78.13201,ERA5,Asia/Kolkata,Open-Meteo Historical Weather API
MH-Yavatmal,2018-04-03,32.1,40.0,22.5,0.0,0.0,0.0,30,6.58,0.178,0.199,0.233,33.0,31.5,20.39324,78.13201,ERA5,Asia/Kolkata,Open-Meteo Historical Weather API
MH-Yavatmal,2018-04-04,32.5,40.9,24.3,0.0,0.0,0.0,29,6.71,0.177,0.2,0.232,33.8,32.0,20.39324,78.13201,ERA5,Asia/Kolkata,Open-Meteo Historical Weather API
MH-Yavatmal,2018-04-05,33.1,40.6,26.2,0.0,0.0,0.0,30,7.56,0.175,0.197,0.229,34.5,32.7,20.39324,78.13201,ERA5,Asia/Kolkata,Open-Meteo Historical Weather API
MH-Yavatmal,2018-04-06,33.0,39.3,27.1,0.0,0.0,0.0,32,6.83,0.176,0.197,0.228,34.6,33.1,20.39324,78.13201,ERA5,Asia/Kolkata,Open-Meteo Historical Weather API
MH-Yavatmal,2018-04-07,32.1,39.3,27.3,1.1,1.1,2.0,35,7.1,0.182,0.197,0.228,34.0,33.0,20.39324,78.13201,ERA5,Asia/Kolkata,Open-Meteo Historical Weather API
MH-Yavatmal,2018-04-08,30.7,36.1,26.0,0.0,0.0,0.0,34,6.77,0.191,0.199,0.229,33.1,32.3,20.39324,78.13201,ERA5,Asia/Kolkata,Open-Meteo Historical Weather API
MH-Yavatmal,2018-04-09,30.0,38.5,23.5,2.0,2.0,2.0,44,6.65,0.199,0.2,0.229,32.5,31.9,20.39324,78.13201,ERA5,Asia/Kolkata,Open-Meteo Historical Weather API
MH-Yavatmal,2018-04-10,30.0,38.1,24.1,0.8,0.8,1.0,46,5.97,0.214,0.201,0.23,32.3,31.7,20.39324,78.13201,ERA5,Asia/Kolkata,Open-Meteo Historical Weather API
MH-Yavatmal,2018-04-11,29.7,37.6,23.4,1.2,1.2,1.0,48,5.91,0.222,0.201,0.23,31.8,31.5,20.39324,78.13201,ERA5,Asia/Kolkata,Open-Meteo Historical Weather API
MH-Yavatmal,2018-04-12,30.8,37.1,24.8,0.0,0.0,0.0,41,6.2,0.222,0.201,0.229,32.2,31.5,20.39324,78.13201,ERA5,Asia/Kolkata,Open-Meteo Historical Weather API
MH-Yavatmal,2018-04-13,31.8,38.8,25.5,0.0,0.0,0.0,40,5.99,0.211,0.201,0.228,33.0,31.7,20.39324,78.13201,ERA5,Asia/Kolkata,Open-Meteo Historical Weather API
MH-Yavatmal,2018-04-14,32.3,38.8,26.5,1.5,1.5,2.0,41,6.4,0.201,0.2,0.227,33.6,32.3,20.39324,78.13201,ERA5,Asia/Kolkata,Open-Meteo Historical Weather API
MH-Yavatmal,2018-04-15,30.7,38.3,26.6,2.1,2.1,3.0,51,6.85,0.204,0.202,0.228,33.1,32.4,20.39324,78.13201,ERA5,Asia/Kolkata,Open-Meteo Historical Weather API
MH-Yavatmal,2018-04-16,32.2,39.7,25.1,0.0,0.0,0.0,45,6.12,0.21,0.204,0.229,33.4,32.3,20.39324,78.13201,ERA5,Asia/Kolkata,Open-Meteo Historical Weather API
MH-Yavatmal,2018-04-17,34.8,42.3,27.4,0.0,0.0,0.0,31,7.39,0.2,0.202,0.228,35.5,33.2,20.39324,78.13201,ERA5,Asia/Kolkata,Open-Meteo Historical Weather API
MH-Yavatmal,2018-04-18,34.7,42.3,28.1,0.0,0.0,0.0,26,8.78,0.192,0.199,0.226,35.6,33.9,20.39324,78.13201,ERA5,Asia/Kolkata,Open-Meteo Historical Weather API
MH-Yavatmal,2018-04-19,35.0,42.5,27.4,0.0,0.0,0.0,22,8.92,0.186,0.197,0.223,36.0,34.1,20.39324,78.13201,ERA5,Asia/Kolkata,Open-Meteo Historical Weather API
MH-Yavatmal,2018-04-20,34.8,42.6,26.9,0.0,0.0,0.0,23,9.56,0.181,0.195,0.22,36.0,34.4,20.39324,78.13201,ERA5,Asia/Kolkata,Open-Meteo Historical Weather API
MH-Yavatmal,2018-04-21,34.9,41.1,28.6,0.0,0.0,0.0,23,8.8,0.175,0.194,0.216,36.5,34.6,20.39324,78.13201,ERA5,Asia/Kolkata,Open-Meteo Historical Weather API
MH-Yavatmal,2018-04-22,34.9,41.8,27.6,0.0,0.0,0.0,23,8.44,0.172,0.193,0.213,36.9,34.8,20.39324,78.13201,ERA5,Asia/Kolkata,Open-Meteo Historical Weather API
MH-Yavatmal,2018-04-23,34.8,42.1,26.7,0.0,0.0,0.0,24,7.45,0.172,0.193,0.212,36.7,35.1,20.39324,78.13201,ERA5,Asia/Kolkata,Open-Meteo Historical Weather API
MH-Yavatmal,2018-04-24,34.4,41.9,27.1,0.0,0.0,0.0,19,8.51,0.172,0.193,0.211,36.2,35.0,20.39324,78.13201,ERA5,Asia/Kolkata,Open-Meteo Historical Weather API
MH-Yavatmal,2018-04-25,33.6,41.2,24.2,0.0,0.0,0.0,24,7.14,0.175,0.195,0.213,35.6,34.4,20.39324,78.13201,ERA5,Asia/Kolkata,Open-Meteo Historical Weather API
MH-Yavatmal,2018-04-26,34.3,42.4,24.9,0.0,0.0,0.0,19,7.97,0.176,0.198,0.214,35.9,34.5,20.39324,78.13201,ERA5,Asia/Kolkata,Open-Meteo Historical Weather API
MH-Yavatmal,2018-04-27,34.7,42.2,26.7,0.0,0.0,0.0,23,7.66,0.175,0.198,0.213,36.5,34.9,20.39324,78.13201,ERA5,Asia/Kolkata,Open-Meteo Historical Weather API
MH-Yavatmal,2018-04-28,36.2,43.4,28.2,0.0,0.0,0.0,23,8.04,0.172,0.194,0.208,37.6,35.5,20.39324,78.13201,ERA5,Asia/Kolkata,Open-Meteo Historical Weather API
MH-Yavatmal,2018-04-29,37.0,43.6,31.0,0.0,0.0,0.0,23,8.93,0.168,0.188,0.203,38.3,36.3,20.39324,78.13201,ERA5,Asia/Kolkata,Open-Meteo Historical Weather API
MH-Yavatmal,2018-04-30,36.5,43.9,30.5,0.0,0.0,0.0,26,10.14,0.167,0.187,0.202,38.2,36.5,20.39324,78.13201,ERA5,Asia/Kolkata,Open-Meteo Historical Weather API
MH-Yavatmal,2018-05-01,36.3,43.1,30.2,0.0,0.0,0.0,26,8.31,0.167,0.188,0.202,38.4,36.5,20.39324,78.13201,ERA5,Asia/Kolkata,Open-Meteo Historical Weather API
MH-Yavatmal,2018-05-02,35.9,42.4,29.7,0.0,0.0,0.0,28,7.89,0.167,0.189,0.203,38.3,36.7,20.39324,78.13201,ERA5,Asia/Kolkata,Open-Meteo Historical Weather API
MH-Yavatmal,2018-05-03,34.3,41.0,28.9,0.0,0.0,0.0,32,8.01,0.169,0.193,0.209,37.7,36.8,20.39324,78.13201,ERA5,Asia/Kolkata,Open-Meteo Historical Weather API
MH-Yavatmal,2018-05-04,33.9,40.5,25.5,0.0,0.0,0.0,41,6.92,0.171,0.195,0.212,36.7,36.2,20.39324,78.13201,ERA5,Asia/Kolkata,Open-Meteo Historical Weather API
MH-Yavatmal,2018-05-05,36.3,43.2,30.2,0.0,0.0,0.0,29,7.42,0.17,0.194,0.21,38.4,36.6,20.39324,78.13201,ERA5,Asia/Kolkata,Open-Meteo Historical Weather API
MH-Yavatmal,2018-05-06,37.6,43.9,31.3,0.0,0.0,0.0,27,7.4,0.169,0.191,0.206,39.5,37.2,20.39324,78.13201,ERA5,Asia/Kolkata,Open-Meteo Historical Weather API
MH-Yavatmal,2018-05-07,37.6,42.8,33.4,0.0,0.0,0.0,26,9.24,0.169,0.19,0.204,39.5,37.9,20.39324,78.13201,ERA5,Asia/Kolkata,Open-Meteo Historical Weather API
MH-Yavatmal,2018-05-08,36.7,43.2,30.7,0.0,0.0,0.0,23,9.9,0.168,0.189,0.203,38.9,37.6,20.39324,78.13201,ERA5,Asia/Kolkata,Open-Meteo Historical Weather API
MH-Yavatmal,2018-05-09,36.0,42.9,29.7,0.0,0.0,0.0,23,8.27,0.168,0.189,0.202,38.4,37.2,20.39324,78.13201,ERA5,Asia/Kolkata,Open-Meteo Historical Weather API
MH-Yavatmal,2018-05-10,36.7,43.1,30.1,0.0,0.0,0.0,27,8.56,0.167,0.189,0.201,38.7,37.1,20.39324,78.13201,ERA5,Asia/Kolkata,Open-Meteo Historical Weather API
MH-Yavatmal,2018-05-11,37.6,44.5,30.9,0.0,0.0,0.0,24,8.9,0.166,0.188,0.201,39.6,37.7,20.39324,78.13201,ERA5,Asia/Kolkata,Open-Meteo Historical Weather API
MH-Yavatmal,2018-05-12,37.2,44.5,32.0,0.0,0.0,0.0,25,8.69,0.168,0.188,0.203,39.2,37.8,20.39324,78.13201,ERA5,Asia/Kolkata,Open-Meteo Historical Weather API
MH-Yavatmal,2018-05-13,36.5,42.6,30.2,0.0,0.0,0.0,24,8.46,0.168,0.189,0.205,38.9,37.6,20.39324,78.13201,ERA5,Asia/Kolkata,Open-Meteo Historical Weather API
MH-Yavatmal,2018-05-14,36.5,42.6,31.5,0.0,0.0,0.0,28,9.1,0.168,0.19,0.205,39.2,37.9,20.39324,78.13201,ERA5,Asia/Kolkata,Open-Meteo Historical Weather API
MH-Yavatmal,2018-05-15,35.4,41.7,29.5,0.0,0.0,0.0,30,8.16,0.169,0.192,0.209,38.1,37.5,20.39324,78.13201,ERA5,Asia/Kolkata,Open-Meteo Historical Weather API
MH-Yavatmal,2018-05-16,36.5,43.7,29.6,0.0,0.0,0.0,27,7.65,0.168,0.192,0.209,38.7,37.3,20.39324,78.13201,ERA5,Asia/Kolkata,Open-Meteo Historical Weather API
MH-Yavatmal,2018-05-17,36.9,44.3,30.5,0.0,0.0,0.0,26,7.97,0.167,0.192,0.208,39.1,37.6,20.39324,78.13201,ERA5,Asia/Kolkata,Open-Meteo Historical Weather API
MH-Yavatmal,2018-05-18,37.5,44.2,30.8,0.0,0.0,0.0,25,10.04,0.166,0.191,0.207,39.4,37.9,20.39324,78.13201,ERA5,Asia/Kolkata,Open-Meteo Historical Weather API
MH-Yavatmal,2018-05-19,37.9,44.3,31.7,0.0,0.0,0.0,22,9.64,0.166,0.189,0.204,39.9,38.0,20.39324,78.13201,ERA5,Asia/Kolkata,Open-Meteo Historical Weather API
MH-Yavatmal,2018-05-20,37.8,44.1,32.0,0.0,0.0,0.0,23,8.66,0.166,0.188,0.203,40.2,38.2,20.39324,78.13201,ERA5,Asia/Kolkata,Open-Meteo Historical Weather API
MH-Yavatmal,2018-05-21,37.8,43.6,31.6,0.0,0.0,0.0,25,8.26,0.166,0.188,0.202,39.9,38.4,20.39324,78.13201,ERA5,Asia/Kolkata,Open-Meteo Historical Weather API
MH-Yavatmal,2018-05-22,37.4,42.2,33.2,0.0,0.0,0.0,28,7.19,0.165,0.187,0.2,40.2,38.7,20.39324,78.13201,ERA5,Asia/Kolkata,Open-Meteo Historical Weather API
MH-Yavatmal,2018-05-23,36.2,41.4,32.8,1.5,1.5,2.0,32,7.42,0.171,0.187,0.203,39.6,38.8,20.39324,78.13201,ERA5,Asia/Kolkata,Open-Meteo Historical Weather API
MH-Yavatmal,2018-05-24,37.6,43.5,31.8,0.0,0.0,0.0,27,9.05,0.182,0.187,0.203,40.0,38.5,20.39324,78.13201,ERA5,Asia/Kolkata,Open-Meteo Historical Weather API
MH-Yavatmal,2018-05-25,37.8,44.4,30.8,0.0,0.0,0.0,25,8.64,0.18,0.188,0.205,39.8,38.5,20.39324,78.13201,ERA5,Asia/Kolkata,Open-Meteo Historical Weather API
MH-Yavatmal,2018-05-26,37.2,43.3,31.6,0.0,0.0,0.0,30,7.92,0.182,0.189,0.207,39.7,38.7,20.39324,78.13201,ERA5,Asia/Kolkata,Open-Meteo Historical Weather API
MH-Yavatmal,2018-05-27,34.6,40.5,29.7,0.6,0.6,1.0,42,7.21,0.191,0.193,0.214,38.1,38.5,20.39324,78.13201,ERA5,Asia/Kolkata,Open-Meteo Historical Weather API
MH-Yavatmal,2018-05-28,37.6,44.1,30.1,0.0,0.0,0.0,35,7.77,0.192,0.194,0.214,39.2,37.9,20.39324,78.13201,ERA5,Asia/Kolkata,Open-Meteo Historical Weather API
MH-Yavatmal,2018-05-29,38.2,44.2,32.3,0.0,0.0,0.0,31,9.51,0.185,0.193,0.212,39.5,38.3,20.39324,78.13201,ERA5,Asia/Kolkata,Open-Meteo Historical Weather API
MH-Yavatmal,2018-05-30,37.2,42.6,32.8,0.0,0.0,0.0,35,8.39,0.179,0.192,0.21,39.7,38.4,20.39324,78.13201,ERA5,Asia/Kolkata,Open-Meteo Historical Weather API
MH-Yavatmal,2018-05-31,35.9,41.2,31.9,0.0,0.0,0.0,37,6.82,0.182,0.192,0.211,39.2,38.6,20.39324,78.13201,ERA5,Asia/Kolkata,Open-Meteo Historical Weather API
MH-Yavatmal,2018-06-01,34.3,41.4,27.8,1.4,1.4,2.0,43,7.15,0.184,0.193,0.215,38.2,38.1,20.39324,78.13201,ERA5,Asia/Kolkata,Open-Meteo Historical Weather API
MH-Yavatmal,2018-06-02,31.5,37.9,25.7,2.9,2.9,5.0,56,6.24,0.204,0.196,0.224,35.9,37.0,20.39324,78.13201,ERA5,Asia/Kolkata,Open-Meteo Historical Weather API
MH-Yavatmal,2018-06-03,32.9,38.9,26.7,0.6,0.6,3.0,47,7.38,0.217,0.2,0.228,35.2,35.8,20.39324,78.13201,ERA5,Asia/Kolkata,Open-Meteo Historical Weather API
MH-Yavatmal,2018-06-04,33.0,39.5,26.6,0.2,0.2,1.0,48,7.67,0.218,0.209,0.238,35.4,35.9,20.39324,78.13201,ERA5,Asia/Kolkata,Open-Meteo Historical Weather API
MH-Yavatmal,2018-06-05,31.9,38.7,27.1,2.8,2.8,4.0,52,6.77,0.217,0.214,0.241,35.2,36.1,20.39324,78.13201,ERA5,Asia/Kolkata,Open-Meteo Historical Weather API
MH-Yavatmal,2018-06-06,31.8,38.5,24.7,18.1,18.1,9.0,60,5.62,0.339,0.22,0.239,34.1,34.6,20.39324,78.13201,ERA5,Asia/Kolkata,Open-Meteo Historical Weather API
MH-Yavatmal,2018-06-07,30.5,35.0,25.8,5.5,5.5,4.0,64,5.33,0.35,0.23,0.238,33.0,34.0,20.39324,78.13201,ERA5,Asia/Kolkata,Open-Meteo Historical Weather API
MH-Yavatmal,2018-06-08,29.0,32.9,26.0,3.7,3.7,6.0,70,4.18,0.363,0.256,0.242,31.5,33.0,20.39324,78.13201,ERA5,Asia/Kolkata,Open-Meteo Historical Weather API
MH-Yavatmal,2018-06-09,27.9,32.3,24.2,8.2,8.2,12.0,74,3.06,0.371,0.269,0.243,29.6,31.5,20.39324,78.13201,ERA5,Asia/Kolkata,Open-Meteo Historical Weather API
MH-Yavatmal,2018-06-10,27.8,33.7,25.2,12.6,12.6,15.0,77,3.65,0.402,0.289,0.244,29.4,30.7,20.39324,78.13201,ERA5,Asia/Kolkata,Open-Meteo Historical Weather API
MH-Yavatmal,2018-06-11,28.5,33.6,24.0,6.3,6.3,9.0,72,4.13,0.416,0.348,0.244,29.3,30.3,20.39324,78.13201,ERA5,Asia/Kolkata,Open-Meteo Historical Weather API
MH-Yavatmal,2018-06-12,30.5,34.9,26.9,0.0,0.0,0.0,61,5.05,0.371,0.35,0.244,30.4,30.7,20.39324,78.13201,ERA5,Asia/Kolkata,Open-Meteo Historical Weather API
MH-Yavatmal,2018-06-13,31.6,36.1,27.6,0.0,0.0,0.0,56,7.1,0.34,0.339,0.242,32.1,31.3,20.39324,78.13201,ERA5,Asia/Kolkata,Open-Meteo Historical Weather API
MH-Yavatmal,2018-06-14,32.5,37.8,28.3,0.0,0.0,0.0,48,7.9,0.31,0.323,0.239,32.9,31.9,20.39324,78.13201,ERA5,Asia/Kolkata,Open-Meteo Historical Weather API
MH-Yavatmal,2018-06-15,32.8,37.8,29.0,1.0,1.0,2.0,45,7.67,0.283,0.303,0.232,33.4,32.3,20.39324,78.13201,ERA5,Asia/Kolkata,Open-Meteo Historical Weather API
MH-Yavatmal,2018-06-16,33.1,38.1,29.1,0.0,0.0,0.0,43,7.73,0.262,0.288,0.227,33.7,32.5,20.39324,78.13201,ERA5,Asia/Kolkata,Open-Meteo Historical Weather API
MH-Yavatmal,2018-06-17,32.2,36.7,28.4,1.5,1.5,2.0,47,7.05,0.245,0.275,0.223,33.6,32.8,20.39324,78.13201,ERA5,Asia/Kolkata,Open-Meteo Historical Weather API
MH-Yavatmal,2018-06-18,30.6,36.0,26.3,1.3,1.3,2.0,57,6.61,0.242,0.264,0.219,33.1,32.7,20.39324,78.13201,ERA5,Asia/Kolkata,Open-Meteo Historical Weather API
MH-Yavatmal,2018-06-19,29.4,35.1,25.1,11.0,11.0,11.0,67,5.12,0.288,0.258,0.218,31.9,32.0,20.39324,78.13201,ERA5,Asia/Kolkata,Open-Meteo Historical Weather API
MH-Yavatmal,2018-06-20,30.1,35.3,25.1,4.9,4.9,5.0,68,5.22,0.359,0.256,0.212,32.6,31.8,20.39324,78.13201,ERA5,Asia/Kolkata,Open-Meteo Historical Weather API
MH-Yavatmal,2018-06-21,29.8,34.8,25.1,17.6,17.6,14.0,71,4.72,0.378,0.265,0.206,31.9,31.9,20.39324,78.13201,ERA5,Asia/Kolkata,Open-Meteo Historical Weather API
MH-Yavatmal,2018-06-22,27.9,32.3,24.6,11.1,11.1,9.0,77,3.01,0.41,0.318,0.205,30.4,31.3,20.39324,78.13201,ERA5,Asia/Kolkata,Open-Meteo Historical Weather API
MH-Yavatmal,2018-06-23,28.4,33.4,24.6,7.1,7.1,9.0,76,4.68,0.415,0.351,0.206,30.7,30.6,20.39324,78.13201,ERA5,Asia/Kolkata,Open-Meteo Historical Weather API
MH-Yavatmal,2018-06-24,29.1,32.8,26.0,0.6,0.6,4.0,71,4.62,0.388,0.357,0.207,30.5,30.4,20.39324,78.13201,ERA5,Asia/Kolkata,Open-Meteo Historical Weather API
MH-Yavatmal,2018-06-25,29.3,34.3,25.9,14.5,14.5,5.0,67,5.35,0.383,0.347,0.207,30.6,30.2,20.39324,78.13201,ERA5,Asia/Kolkata,Open-Meteo Historical Weather API
MH-Yavatmal,2018-06-26,27.6,31.9,25.9,15.9,15.9,10.0,75,3.93,0.418,0.364,0.209,29.3,29.7,20.39324,78.13201,ERA5,Asia/Kolkata,Open-Meteo Historical Weather API
MH-Yavatmal,2018-06-27,25.8,28.8,23.9,10.4,10.4,18.0,85,1.91,0.442,0.39,0.215,27.2,28.5,20.39324,78.13201,ERA5,Asia/Kolkata,Open-Meteo Historical Weather API
MH-Yavatmal,2018-06-28,25.5,28.4,23.6,12.8,12.8,15.0,84,1.96,0.443,0.409,0.226,26.8,27.8,20.39324,78.13201,ERA5,Asia/Kolkata,Open-Meteo Historical Weather API
MH-Yavatmal,2018-06-29,26.6,31.5,23.0,4.6,4.6,10.0,78,4.17,0.43,0.408,0.235,27.8,27.9,20.39324,78.13201,ERA5,Asia/Kolkata,Open-Meteo Historical Weather API
MH-Yavatmal,2018-06-30,28.2,32.9,23.4,6.9,6.9,12.0,74,4.15,0.425,0.402,0.241,28.8,28.5,20.39324,78.13201,ERA5,Asia/Kolkata,Open-Meteo Historical Weather API
MH-Yavatmal,2018-07-01,28.8,32.3,26.1,2.3,2.3,4.0,70,4.78,0.402,0.389,0.242,30.0,29.4,20.39324,78.13201,ERA5,Asia/Kolkata,Open-Meteo Historical Weather API
MH-Yavatmal,2018-07-02,27.3,30.8,24.6,9.6,9.6,14.0,77,2.81,0.431,0.397,0.244,28.3,28.8,20.39324,78.13201,ERA5,Asia/Kolkata,Open-Meteo Historical Weather API
MH-Yavatmal,2018-07-03,27.9,31.5,25.6,5.7,5.7,10.0,73,4.03,0.415,0.396,0.246,28.7,28.5,20.39324,78.13201,ERA5,Asia/Kolkata,Open-Meteo Historical Weather API
MH-Yavatmal,2018-07-04,27.1,31.4,24.3,16.4,16.4,20.0,79,3.14,0.437,0.402,0.247,27.8,27.9,20.39324,78.13201,ERA5,Asia/Kolkata,Open-Meteo Historical Weather API
MH-Yavatmal,2018-07-05,25.6,29.5,23.4,29.4,29.4,24.0,86,2.41,0.46,0.443,0.257,26.5,27.3,20.39324,78.13201,ERA5,Asia/Kolkata,Open-Meteo Historical Weather API
MH-Yavatmal,2018-07-06,24.4,25.6,23.4,91.5,91.5,24.0,92,0.93,0.464,0.465,0.304,25.3,26.5,20.39324,78.13201,ERA5,Asia/Kolkata,Open-Meteo Historical Weather API
MH-Yavatmal,2018-07-07,25.8,29.7,23.2,28.1,28.1,23.0,87,2.59,0.461,0.46,0.356,26.3,26.3,20.39324,78.13201,ERA5,Asia/Kolkata,Open-Meteo Historical Weather API
MH-Yavatmal,2018-07-08,26.5,30.4,23.5,7.5,7.5,16.0,83,2.93,0.458,0.454,0.374,26.8,26.7,20.39324,78.13201,ERA5,Asia/Kolkata,Open-Meteo Historical Weather API
MH-Yavatmal,2018-07-09,24.9,26.4,23.6,45.8,45.8,24.0,89,1.38,0.462,0.462,0.394,25.7,26.6,20.39324,78.13201,ERA5,Asia/Kolkata,Open-Meteo Historical Weather API
MH-Yavatmal,2018-07-10,24.9,26.2,23.9,21.9,21.9,20.0,89,1.52,0.462,0.463,0.425,25.6,26.0,20.39324,78.13201,ERA5,Asia/Kolkata,Open-Meteo Historical Weather API
MH-Yavatmal,2018-07-11,24.4,25.0,23.6,36.3,36.3,24.0,90,1.31,0.464,0.466,0.44,24.9,25.6,20.39324,78.13201,ERA5,Asia/Kolkata,Open-Meteo Historical Weather API
MH-Yavatmal,2018-07-12,24.5,25.5,23.1,16.1,16.1,22.0,89,1.73,0.462,0.462,0.455,24.8,25.3,20.39324,78.13201,ERA5,Asia/Kolkata,Open-Meteo Historical Weather API
MH-Yavatmal,2018-07-13,25.7,28.8,23.3,25.7,25.7,16.0,84,2.44,0.458,0.46,0.459,25.6,25.4,20.39324,78.13201,ERA5,Asia/Kolkata,Open-Meteo Historical Weather API
MH-Yavatmal,2018-07-14,26.3,28.1,24.6,1.5,1.5,6.0,81,2.9,0.441,0.444,0.455,26.5,26.2,20.39324,78.13201,ERA5,Asia/Kolkata,Open-Meteo Historical Weather API
MH-Yavatmal,2018-07-15,26.3,28.9,24.3,16.1,16.1,21.0,85,2.4,0.449,0.444,0.45,26.5,26.4,20.39324,78.13201,ERA5,Asia/Kolkata,Open-Meteo Historical Weather API
MH-Yavatmal,2018-07-16,24.9,26.3,24.3,19.7,19.7,18.0,90,1.27,0.458,0.455,0.451,25.5,26.0,20.39324,78.13201,ERA5,Asia/Kolkata,Open-Meteo Historical Weather API
MH-Yavatmal,2018-07-17,24.6,26.0,23.7,14.3,14.3,21.0,91,1.25,0.465,0.467,0.46,24.8,25.4,20.39324,78.13201,ERA5,Asia/Kolkata,Open-Meteo Historical Weather API
MH-Yavatmal,2018-07-18,26.5,28.9,24.0,0.7,0.7,3.0,80,2.79,0.447,0.456,0.457,25.9,25.5,20.39324,78.13201,ERA5,Asia/Kolkata,Open-Meteo Historical Weather API
MH-Yavatmal,2018-07-19,26.5,29.0,24.3,8.0,8.0,9.0,80,3.55,0.443,0.446,0.452,26.6,26.1,20.39324,78.13201,ERA5,Asia/Kolkata,Open-Meteo Historical Weather API
MH-Yavatmal,2018-07-20,27.0,29.6,24.9,0.3,0.3,3.0,75,3.87,0.437,0.442,0.447,27.1,26.5,20.39324,78.13201,ERA5,Asia/Kolkata,Open-Meteo Historical Weather API
MH-Yavatmal,2018-07-21,26.1,27.9,24.4,4.5,4.5,18.0,83,2.42,0.44,0.437,0.444,26.1,26.4,20.39324,78.13201,ERA5,Asia/Kolkata,Open-Meteo Historical Weather API
MH-Yavatmal,2018-07-22,25.3,26.8,23.7,4.7,4.7,20.0,84,2.06,0.448,0.44,0.442,25.6,25.9,20.39324,78.13201,ERA5,Asia/Kolkata,Open-Meteo Historical Weather API
MH-Yavatmal,2018-07-23,24.3,25.7,23.4,22.0,22.0,19.0,89,2.04,0.461,0.461,0.447,25.1,25.4,20.39324,78.13201,ERA5,Asia/Kolkata,Open-Meteo Historical Weather API
MH-Yavatmal,2018-07-24,25.5,27.7,23.5,1.1,1.1,7.0,83,3.05,0.445,0.452,0.449,25.8,25.6,20.39324,78.13201,ERA5,Asia/Kolkata,Open-Meteo Historical Weather API
MH-Yavatmal,2018-07-25,25.6,27.9,23.6,0.6,0.6,4.0,80,3.73,0.432,0.44,0.446,26.3,26.2,20.39324,78.13201,ERA5,Asia/Kolkata,Open-Meteo Historical Weather API
MH-Yavatmal,2018-07-26,25.1,27.1,23.9,2.0,2.0,9.0,84,2.36,0.43,0.432,0.442,25.6,26.2,20.39324,78.13201,ERA5,Asia/Kolkata,Open-Meteo Historical Weather API
MH-Yavatmal,2018-07-27,25.6,27.6,23.3,1.3,1.3,6.0,82,3.28,0.428,0.428,0.439,26.1,26.0,20.39324,78.13201,ERA5,Asia/Kolkata,Open-Meteo Historical Weather API
MH-Yavatmal,2018-07-28,27.0,30.2,23.9,0.4,0.4,3.0,75,4.33,0.417,0.422,0.436,26.9,26.4,20.39324,78.13201,ERA5,Asia/Kolkata,Open-Meteo Historical Weather API
MH-Yavatmal,2018-07-29,27.3,30.2,24.8,0.1,0.1,1.0,74,4.18,0.402,0.412,0.432,27.3,26.9,20.39324,78.13201,ERA5,Asia/Kolkata,Open-Meteo Historical Weather API
MH-Yavatmal,2018-07-30,27.3,30.3,24.3,0.4,0.4,2.0,73,4.34,0.392,0.404,0.429,27.3,26.9,20.39324,78.13201,ERA5,Asia/Kolkata,Open-Meteo Historical Weather API
MH-Yavatmal,2018-07-31,27.2,30.1,24.7,0.0,0.0,0.0,73,4.54,0.381,0.395,0.426,27.4,27.0,20.39324,78.13201,ERA5,Asia/Kolkata,Open-Meteo Historical Weather API
MH-Yavatmal,2018-08-01,27.4,32.0,24.0,0.6,0.6,4.0,72,4.76,0.371,0.386,0.422,27.5,27.1,20.39324,78.13201,ERA5,Asia/Kolkata,Open-Meteo Historical Weather API
MH-Yavatmal,2018-08-02,27.2,30.5,24.4,0.6,0.6,4.0,75,3.52,0.372,0.38,0.418,27.2,26.9,20.39324,78.13201,ERA5,Asia/Kolkata,Open-Meteo Historical Weather API
MH-Yavatmal,2018-08-03,27.8,31.3,24.7,0.2,0.2,2.0,71,4.54,0.361,0.374,0.415,27.6,27.0,20.39324,78.13201,ERA5,Asia/Kolkata,Open-Meteo Historical Weather API
MH-Yavatmal,2018-08-04,27.6,31.9,24.2,0.8,0.8,4.0,73,4.67,0.353,0.367,0.412,27.6,27.1,20.39324,78.13201,ERA5,Asia/Kolkata,Open-Meteo Historical Weather API
MH-Yavatmal,2018-08-05,27.4,30.7,24.4,0.2,0.2,1.0,71,4.63,0.343,0.36,0.409,27.5,27.1,20.39324,78.13201,ERA5,Asia/Kolkata,Open-Meteo Historical Weather API
MH-Yavatmal,2018-08-06,27.0,29.8,24.1,0.3,0.3,2.0,72,4.49,0.335,0.354,0.405,27.4,27.1,20.39324,78.13201,ERA5,Asia/Kolkata,Open-Meteo Historical Weather API
MH-Yavatmal,2018-08-07,26.4,28.6,24.5,0.5,0.5,3.0,75,3.58,0.333,0.349,0.402,26.9,26.9,20.39324,78.13201,ERA5,Asia/Kolkata,Open-Meteo Historical Weather API
MH-Yavatmal,2018-08-08,24.9,25.9,23.7,24.0,24.0,23.0,86,1.54,0.415,0.369,0.4,25.4,26.0,20.39324,78.13201,ERA5,Asia/Kolkata,Open-Meteo Historical Weather API
MH-Yavatmal,2018-08-09,26.4,29.4,23.8,0.4,0.4,3.0,81,4.31,0.429,0.416,0.4,26.8,25.9,20.39324,78.13201,ERA5,Asia/Kolkata,Open-Meteo Historical Weather API
MH-Yavatmal,2018-08-10,26.7,28.4,25.2,1.7,1.7,7.0,78,2.99,0.412,0.41,0.399,26.7,26.5,20.39324,78.13201,ERA5,Asia/Kolkata,Open-Meteo Historical Weather API
MH-Yavatmal,2018-08-11,25.5,27.5,23.7,5.7,5.7,17.0,83,2.43,0.433,0.413,0.398,25.8,26.1,20.39324,78.13201,ERA5,Asia/Kolkata,Open-Meteo Historical Weather API
MH-Yavatmal,2018-08-12,24.9,26.3,23.7,22.8,22.8,22.0,88,1.54,0.449,0.43,0.399,25.0,25.4,20.39324,78.13201,ERA5,Asia/Kolkata,Open-Meteo Historical Weather API
MH-Yavatmal,2018-08-13,25.8,28.6,23.3,10.0,10.0,14.0,86,2.7,0.459,0.459,0.411,25.7,25.3,20.39324,78.13201,ERA5,Asia/Kolkata,Open-Meteo Historical Weather API
MH-Yavatmal,2018-08-14,26.5,29.3,23.9,2.4,2.4,7.0,80,3.79,0.442,0.445,0.416,26.6,26.1,20.39324,78.13201,ERA5,Asia/Kolkata,Open-Meteo Historical Weather API
MH-Yavatmal,2018-08-15,26.0,27.4,24.4,12.4,12.4,21.0,83,2.58,0.452,0.446,0.418,26.1,26.2,20.39324,78.13201,ERA5,Asia/Kolkata,Open-Meteo Historical Weather API
MH-Yavatmal,2018-08-16,24.6,26.7,23.4,127.1,127.1,24.0,94,1.01,0.466,0.466,0.44,25.1,25.6,20.39324,78.13201,ERA5,Asia/Kolkata,Open-Meteo Historical Weather API
MH-Yavatmal,2018-08-17,24.4,25.4,22.7,3.5,3.5,13.0,88,1.83,0.455,0.456,0.46,24.9,25.2,20.39324,78.13201,ERA5,Asia/Kolkata,Open-Meteo Historical Weather API
MH-Yavatmal,2018-08-18,25.1,26.7,23.3,3.6,3.6,14.0,84,2.37,0.448,0.447,0.455,25.3,25.1,20.39324,78.13201,ERA5,Asia/Kolkata,Open-Meteo Historical Weather API
MH-Yavatmal,2018-08-19,25.3,27.6,23.6,4.0,4.0,16.0,86,2.09,0.449,0.444,0.452,25.2,25.2,20.39324,78.13201,ERA5,Asia/Kolkata,Open-Meteo Historical Weather API
MH-Yavatmal,2018-08-20,23.8,24.8,22.9,36.2,36.2,24.0,94,0.83,0.464,0.463,0.456,24.3,24.8,20.39324,78.13201,ERA5,Asia/Kolkata,Open-Meteo Historical Weather API
MH-Yavatmal,2018-08-21,23.1,24.0,22.2,42.4,42.4,22.0,92,1.3,0.465,0.464,0.468,23.6,24.2,20.39324,78.13201,ERA5,Asia/Kolkata,Open-Meteo Historical Weather API
MH-Yavatmal,2018-08-22,25.2,27.9,22.4,0.5,0.5,3.0,81,3.35,0.445,0.451,0.461,25.0,24.6,20.39324,78.13201,ERA5,Asia/Kolkata,Open-Meteo Historical Weather API
MH-Yavatmal,2018-08-23,25.4,27.5,23.8,2.0,2.0,6.0,83,2.66,0.434,0.437,0.456,25.5,25.4,20.39324,78.13201,ERA5,Asia/Kolkata,Open-Meteo Historical Weather API
MH-Yavatmal,2018-08-24,26.1,29.1,23.4,0.3,0.3,1.0,80,3.76,0.431,0.432,0.451,26.0,25.6,20.39324,78.13201,ERA5,Asia/Kolkata,Open-Meteo Historical Weather API
MH-Yavatmal,2018-08-25,26.2,29.1,23.7,0.3,0.3,2.0,79,4.21,0.415,0.422,0.446,26.5,26.0,20.39324,78.13201,ERA5,Asia/Kolkata,Open-Meteo Historical Weather API
MH-Yavatmal,2018-08-26,25.0,27.4,23.4,5.7,5.7,10.0,83,2.73,0.419,0.416,0.442,25.6,25.9,20.39324,78.13201,ERA5,Asia/Kolkata,Open-Meteo Historical Weather API
MH-Yavatmal,2018-08-27,24.0,25.2,23.0,13.9,13.9,23.0,90,1.45,0.452,0.432,0.439,24.5,25.0,20.39324,78.13201,ERA5,Asia/Kolkata,Open-Meteo Historical Weather API
MH-Yavatmal,2018-08-28,24.2,25.8,22.9,12.9,12.9,21.0,88,1.81,0.461,0.458,0.441,24.5,24.4,20.39324,78.13201,ERA5,Asia/Kolkata,Open-Meteo Historical Weather API
MH-Yavatmal,2018-08-29,26.0,28.6,23.3,0.1,0.1,1.0,79,4.03,0.444,0.451,0.443,25.9,24.9,20.39324,78.13201,ERA5,Asia/Kolkata,Open-Meteo Historical Weather API
MH-Yavatmal,2018-08-30,25.4,27.6,23.6,3.1,3.1,7.0,82,3.28,0.433,0.438,0.441,25.9,25.6,20.39324,78.13201,ERA5,Asia/Kolkata,Open-Meteo Historical Weather API
MH-Yavatmal,2018-08-31,24.2,24.9,23.1,6.9,6.9,19.0,88,1.51,0.451,0.442,0.439,24.7,25.1,20.39324,78.13201,ERA5,Asia/Kolkata,Open-Meteo Historical Weather API
MH-Yavatmal,2018-09-01,25.3,28.3,23.3,2.6,2.6,6.0,82,3.42,0.445,0.447,0.439,25.4,24.9,20.39324,78.13201,ERA5,Asia/Kolkata,Open-Meteo Historical Weather API
MH-Yavatmal,2018-09-02,25.1,28.5,23.0,2.0,2.0,7.0,82,3.24,0.444,0.444,0.437,25.4,25.2,20.39324,78.13201,ERA5,Asia/Kolkata,Open-Meteo Historical Weather API
MH-Yavatmal,2018-09-03,25.8,29.1,23.5,0.0,0.0,0.0,77,3.81,0.433,0.441,0.436,25.8,25.5,20.39324,78.13201,ERA5,Asia/Kolkata,Open-Meteo Historical Weather API
MH-Yavatmal,2018-09-04,25.6,28.7,22.8,0.5,0.5,3.0,78,3.93,0.419,0.429,0.434,25.8,25.6,20.39324,78.13201,ERA5,Asia/Kolkata,Open-Meteo Historical Weather API
MH-Yavatmal,2018-09-05,25.5,28.3,22.8,1.8,1.8,8.0,77,3.83,0.416,0.42,0.431,25.8,25.6,20.39324,78.13201,ERA5,Asia/Kolkata,Open-Meteo Historical Weather API
MH-Yavatmal,2018-09-06,23.9,25.0,23.1,5.7,5.7,13.0,82,2.4,0.429,0.421,0.429,24.6,25.2,20.39324,78.13201,ERA5,Asia/Kolkata,Open-Meteo Historical Weather API
MH-Yavatmal,2018-09-07,22.9,24.7,21.3,14.3,14.3,15.0,84,1.55,0.448,0.44,0.432,23.3,24.1,20.39324,78.13201,ERA5,Asia/Kolkata,Open-Meteo Historical Weather API
MH-Yavatmal,2018-09-08,24.9,28.9,21.4,0.0,0.0,0.0,76,4.15,0.427,0.438,0.435,24.7,24.0,20.39324,78.13201,ERA5,Asia/Kolkata,Open-Meteo Historical Weather API
MH-Yavatmal,2018-09-09,25.8,30.2,21.3,0.0,0.0,0.0,77,4.15,0.412,0.424,0.433,25.7,24.8,20.39324,78.13201,ERA5,Asia/Kolkata,Open-Meteo Historical Weather API
MH-Yavatmal,2018-09-10,26.4,31.0,21.8,0.0,0.0,0.0,74,4.57,0.402,0.413,0.43,26.4,25.4,20.39324,78.13201,ERA5,Asia/Kolkata,Open-Meteo Historical Weather API
MH-Yavatmal,2018-09-11,26.9,31.1,22.7,0.1,0.1,1.0,74,4.5,0.388,0.402,0.427,26.9,25.9,20.39324,78.13201,ERA5,Asia/Kolkata,Open-Meteo Historical Weather API
MH-Yavatmal,2018-09-12,26.8,30.9,22.9,0.0,0.0,0.0,73,4.95,0.375,0.393,0.423,27.1,26.1,20.39324,78.13201,ERA5,Asia/Kolkata,Open-Meteo Historical Weather API
MH-Yavatmal,2018-09-13,26.4,31.0,21.7,0.0,0.0,0.0,70,4.9,0.36,0.381,0.419,26.7,26.1,20.39324,78.13201,ERA5,Asia/Kolkata,Open-Meteo Historical Weather API
MH-Yavatmal,2018-09-14,26.4,31.0,20.7,0.2,0.2,1.0,72,4.32,0.349,0.37,0.415,26.6,25.8,20.39324,78.13201,ERA5,Asia/Kolkata,Open-Meteo Historical Weather API
MH-Yavatmal,2018-09-15,27.2,31.6,23.0,0.1,0.1,1.0,71,4.33,0.341,0.362,0.41,27.3,26.1,20.39324,78.13201,ERA5,Asia/Kolkata,Open-Meteo Historical Weather API
MH-Yavatmal,2018-09-16,27.5,30.9,23.5,0.1,0.1,1.0,72,4.94,0.332,0.354,0.406,27.7,26.6,20.39324,78.13201,ERA5,Asia/Kolkata,Open-Meteo Historical Weather API
MH-Yavatmal,2018-09-17,27.6,32.0,23.8,0.4,0.4,1.0,69,4.96,0.321,0.346,0.402,28.0,27.1,20.39324,78.13201,ERA5,Asia/Kolkata,Open-Meteo Historical Weather API
MH-Yavatmal,2018-09-18,27.4,31.8,23.7,0.0,0.0,0.0,69,4.83,0.309,0.339,0.399,27.7,27.1,20.39324,78.13201,ERA5,Asia/Kolkata,Open-Meteo Historical Weather API
MH-Yavatmal,2018-09-19,27.6,32.1,24.0,0.0,0.0,0.0,68,4.53,0.3,0.333,0.396,27.7,27.2,20.39324,78.13201,ERA5,Asia/Kolkata,Open-Meteo Historical Weather API
MH-Yavatmal,2018-09-20,28.1,32.5,24.0,0.0,0.0,0.0,65,5.09,0.289,0.326,0.392,27.9,27.3,20.39324,78.13201,ERA5,Asia/Kolkata,Open-Meteo Historical Weather API
MH-Yavatmal,2018-09-21,24.9,26.9,23.4,37.3,37.3,18.0,83,1.6,0.374,0.336,0.389,26.0,26.7,20.39324,78.13201,ERA5,Asia/Kolkata,Open-Meteo Historical Weather API
MH-Yavatmal,2018-09-22,25.4,29.2,22.8,44.9,44.9,15.0,84,3.12,0.454,0.455,0.408,25.7,25.7,20.39324,78.13201,ERA5,Asia/Kolkata,Open-Meteo Historical Weather API
MH-Yavatmal,2018-09-23,26.7,31.1,23.9,5.7,5.7,6.0,80,4.41,0.442,0.443,0.415,27.1,26.2,20.39324,78.13201,ERA5,Asia/Kolkata,Open-Meteo Historical Weather API
MH-Yavatmal,2018-09-24,27.1,30.9,23.8,0.3,0.3,3.0,80,4.32,0.437,0.441,0.416,27.9,26.9,20.39324,78.13201,ERA5,Asia/Kolkata,Open-Meteo Historical Weather API
MH-Yavatmal,2018-09-25,27.2,31.5,23.5,0.1,0.1,1.0,80,4.2,0.419,0.427,0.415,28.0,27.2,20.39324,78.13201,ERA5,Asia/Kolkata,Open-Meteo Historical Weather API
MH-Yavatmal,2018-09-26,27.9,32.9,24.1,0.0,0.0,0.0,72,4.67,0.403,0.415,0.413,28.3,27.4,20.39324,78.13201,ERA5,Asia/Kolkata,Open-Meteo Historical Weather API
MH-Yavatmal,2018-09-27,27.4,32.4,23.7,0.5,0.5,1.0,75,4.38,0.39,0.404,0.411,28.2,27.5,20.39324,78.13201,ERA5,Asia/Kolkata,Open-Meteo Historical Weather API
MH-Yavatmal,2018-09-28,28.1,32.5,24.6,0.1,0.1,1.0,72,4.49,0.378,0.393,0.409,28.5,27.7,20.39324,78.13201,ERA5,Asia/Kolkata,Open-Meteo Historical Weather API
MH-Yavatmal,2018-09-29,27.9,32.8,23.2,0.2,0.2,1.0,73,4.38,0.365,0.383,0.406,28.5,27.8,20.39324,78.13201,ERA5,Asia/Kolkata,Open-Meteo Historical Weather API
MH-Yavatmal,2018-09-30,27.9,33.1,23.2,0.0,0.0,0.0,71,4.51,0.353,0.374,0.403,28.2,27.6,20.39324,78.13201,ERA5,Asia/Kolkata,Open-Meteo Historical Weather API
MH-Yavatmal,2018-10-01,27.8,33.3,22.8,0.0,0.0,0.0,72,4.65,0.341,0.364,0.399,28.3,27.6,20.39324,78.13201,ERA5,Asia/Kolkata,Open-Meteo Historical Weather API
MH-Yavatmal,2018-10-02,27.8,32.8,23.6,0.2,0.2,1.0,71,4.64,0.329,0.354,0.395,28.4,27.7,20.39324,78.13201,ERA5,Asia/Kolkata,Open-Meteo Historical Weather API
MH-Yavatmal,2018-10-03,27.7,33.1,22.9,0.3,0.3,1.0,71,4.69,0.318,0.345,0.391,28.5,27.9,20.39324,78.13201,ERA5,Asia/Kolkata,Open-Meteo Historical Weather API
MH-Yavatmal,2018-10-04,27.6,33.2,23.6,0.6,0.6,1.0,71,4.65,0.309,0.337,0.388,28.3,27.8,20.39324,78.13201,ERA5,Asia/Kolkata,Open-Meteo Historical Weather API
MH-Yavatmal,2018-10-05,27.5,32.8,22.3,0.3,0.3,1.0,70,4.53,0.299,0.33,0.384,27.9,27.7,20.39324,78.13201,ERA5,Asia/Kolkata,Open-Meteo Historical Weather API
MH-Yavatmal,2018-10-06,27.5,33.0,22.6,0.3,0.3,1.0,70,4.59,0.289,0.321,0.379,27.9,27.6,20.39324,78.13201,ERA5,Asia/Kolkata,Open-Meteo Historical Weather API
MH-Yavatmal,2018-10-07,27.2,33.3,23.3,0.0,0.0,0.0,67,4.82,0.279,0.314,0.375,27.7,27.6,20.39324,78.13201,ERA5,Asia/Kolkata,Open-Meteo Historical Weather API
MH-Yavatmal,2018-10-08,27.4,33.0,22.6,0.0,0.0,0.0,64,4.22,0.268,0.308,0.372,27.2,27.2,20.39324,78.13201,ERA5,Asia/Kolkata,Open-Meteo Historical Weather API
MH-Yavatmal,2018-10-09,26.7,32.9,21.0,0.0,0.0,0.0,67,4.13,0.26,0.302,0.369,26.9,27.0,20.39324,78.13201,ERA5,Asia/Kolkata,Open-Meteo Historical Weather API
MH-Yavatmal,2018-10-10,26.4,33.2,21.1,0.0,0.0,0.0,62,5.06,0.253,0.299,0.367,26.5,26.7,20.39324,78.13201,ERA5,Asia/Kolkata,Open-Meteo Historical Weather API
MH-Yavatmal,2018-10-11,25.7,32.2,20.9,0.0,0.0,0.0,61,5.04,0.248,0.296,0.366,26.0,26.4,20.39324,78.13201,ERA5,Asia/Kolkata,Open-Meteo Historical Weather API
MH-Yavatmal,2018-10-12,25.8,32.2,20.2,0.0,0.0,0.0,64,5.07,0.241,0.292,0.363,26.3,26.4,20.39324,78.13201,ERA5,Asia/Kolkata,Open-Meteo Historical Weather API
MH-Yavatmal,2018-10-13,26.1,31.9,21.2,0.0,0.0,0.0,64,4.7,0.235,0.287,0.36,26.7,26.5,20.39324,78.13201,ERA5,Asia/Kolkata,Open-Meteo Historical Weather API
MH-Yavatmal,2018-10-14,26.2,32.0,22.1,0.0,0.0,0.0,64,4.19,0.23,0.281,0.356,26.9,26.7,20.39324,78.13201,ERA5,Asia/Kolkata,Open-Meteo Historical Weather API
MH-Yavatmal,2018-10-15,26.2,32.4,21.0,0.0,0.0,0.0,64,4.57,0.224,0.276,0.352,26.9,26.7,20.39324,78.13201,ERA5,Asia/Kolkata,Open-Meteo Historical Weather API
MH-Yavatmal,2018-10-16,26.4,33.0,20.2,0.0,0.0,0.0,58,4.93,0.22,0.271,0.35,26.4,26.5,20.39324,78.13201,ERA5,Asia/Kolkata,Open-Meteo Historical Weather API
MH-Yavatmal,2018-10-17,26.5,32.9,20.3,0.0,0.0,0.0,60,4.35,0.215,0.267,0.347,26.4,26.5,20.39324,78.13201,ERA5,Asia/Kolkata,Open-Meteo Historical Weather API
MH-Yavatmal,2018-10-18,26.4,32.9,21.0,0.0,0.0,0.0,62,4.23,0.211,0.263,0.344,27.0,26.8,20.39324,78.13201,ERA5,Asia/Kolkata,Open-Meteo Historical Weather API
MH-Yavatmal,2018-10-19,26.4,33.0,21.2,0.0,0.0,0.0,65,4.16,0.206,0.259,0.34,27.1,27.0,20.39324,78.13201,ERA5,Asia/Kolkata,Open-Meteo Historical Weather API
MH-Yavatmal,2018-10-20,27.0,33.6,21.7,0.0,0.0,0.0,61,4.58,0.202,0.256,0.338,27.4,27.2,20.39324,78.13201,ERA5,Asia/Kolkata,Open-Meteo Historical Weather API
MH-Yavatmal,2018-10-21,27.0,33.9,22.0,0.0,0.0,0.0,61,4.53,0.201,0.252,0.336,27.4,27.4,20.39324,78.13201,ERA5,Asia/Kolkata,Open-Meteo Historical Weather API
MH-Yavatmal,2018-10-22,26.7,33.6,20.3,0.1,0.1,1.0,59,4.65,0.203,0.252,0.335,27.0,27.3,20.39324,78.13201,ERA5,Asia/Kolkata,Open-Meteo Historical Weather API
MH-Yavatmal,2018-10-23,25.4,32.7,18.4,0.0,0.0,0.0,57,4.54,0.203,0.251,0.334,26.3,26.9,20.39324,78.13201,ERA5,Asia/Kolkata,Open-Meteo Historical Weather API
MH-Yavatmal,2018-10-24,25.3,32.1,19.0,0.0,0.0,0.0,58,4.32,0.203,0.253,0.335,25.8,26.3,20.39324,78.13201,ERA5,Asia/Kolkata,Open-Meteo Historical Weather API
MH-Yavatmal,2018-10-25,25.2,32.9,18.8,0.0,0.0,0.0,56,4.68,0.202,0.253,0.334,25.6,26.0,20.39324,78.13201,ERA5,Asia/Kolkata,Open-Meteo Historical Weather API
MH-Yavatmal,2018-10-26,25.5,32.8,19.3,0.0,0.0,0.0,53,4.22,0.201,0.249,0.33,25.3,25.7,20.39324,78.13201,ERA5,Asia/Kolkata,Open-Meteo Historical Weather API
MH-Yavatmal,2018-10-27,25.2,32.8,18.5,0.0,0.0,0.0,57,4.19,0.2,0.248,0.329,25.5,25.7,20.39324,78.13201,ERA5,Asia/Kolkata,Open-Meteo Historical Weather API
MH-Yavatmal,2018-10-28,24.8,31.8,18.3,0.0,0.0,0.0,58,4.44,0.2,0.246,0.327,25.5,25.6,20.39324,78.13201,ERA5,Asia/Kolkata,Open-Meteo Historical Weather API
MH-Yavatmal,2018-10-29,23.4,30.4,17.5,0.0,0.0,0.0,56,4.94,0.198,0.243,0.325,24.8,25.4,20.39324,78.13201,ERA5,Asia/Kolkata,Open-Meteo Historical Weather API
MH-Yavatmal,2018-10-30,23.6,30.2,17.0,0.0,0.0,0.0,55,4.75,0.196,0.24,0.322,24.5,25.0,20.39324,78.13201,ERA5,Asia/Kolkata,Open-Meteo Historical Weather API
MH-Yavatmal,2018-10-31,24.5,30.3,18.0,0.0,0.0,0.0,62,4.49,0.194,0.236,0.319,25.2,25.2,20.39324,78.13201,ERA5,Asia/Kolkata,Open-Meteo Historical Weather API
MH-Yavatmal,2018-11-01,25.2,30.6,20.3,0.0,0.0,0.0,66,3.97,0.191,0.233,0.316,26.0,25.6,20.39324,78.13201,ERA5,Asia/Kolkata,Open-Meteo Historical Weather API
MH-Yavatmal,2018-11-02,25.5,31.4,19.9,0.0,0.0,0.0,66,4.14,0.192,0.231,0.314,26.3,25.9,20.39324,78.13201,ERA5,Asia/Kolkata,Open-Meteo Historical Weather API
MH-Yavatmal,2018-11-03,26.5,32.8,20.6,0.0,0.0,0.0,60,4.05,0.191,0.228,0.311,27.1,26.3,20.39324,78.13201,ERA5,Asia/Kolkata,Open-Meteo Historical Weather API
MH-Yavatmal,2018-11-04,27.0,32.5,22.6,0.0,0.0,0.0,64,3.75,0.19,0.227,0.309,27.7,26.9,20.39324,78.13201,ERA5,Asia/Kolkata,Open-Meteo Historical Weather API
MH-Yavatmal,2018-11-05,26.6,31.5,22.2,1.5,1.5,3.0,68,3.41,0.194,0.227,0.308,27.7,27.2,20.39324,78.13201,ERA5,Asia/Kolkata,Open-Meteo Historical Weather API
MH-Yavatmal,2018-11-06,26.6,32.5,21.9,0.0,0.0,0.0,67,3.86,0.198,0.225,0.306,27.8,27.3,20.39324,78.13201,ERA5,Asia/Kolkata,Open-Meteo Historical Weather API
MH-Yavatmal,2018-11-07,25.1,32.0,19.8,0.0,0.0,0.0,58,4.49,0.197,0.223,0.304,26.6,26.9,20.39324,78.13201,ERA5,Asia/Kolkata,Open-Meteo Historical Weather API
MH-Yavatmal,2018-11-08,24.3,31.4,18.4,0.0,0.0,0.0,58,4.37,0.196,0.223,0.303,25.6,26.2,20.39324,78.13201,ERA5,Asia/Kolkata,Open-Meteo Historical Weather API
MH-Yavatmal,2018-11-09,24.3,31.4,17.0,0.0,0.0,0.0,57,4.25,0.197,0.224,0.303,25.2,25.6,20.39324,78.13201,ERA5,Asia/Kolkata,Open-Meteo Historical Weather API
MH-Yavatmal,2018-11-10,24.0,31.6,16.8,0.0,0.0,0.0,55,4.29,0.198,0.226,0.304,24.7,25.3,20.39324,78.13201,ERA5,Asia/Kolkata,Open-Meteo Historical Weather API
MH-Yavatmal,2018-11-11,23.3,31.3,15.4,0.0,0.0,0.0,50,4.52,0.198,0.226,0.304,23.9,24.8,20.39324,78.13201,ERA5,Asia/Kolkata,Open-Meteo Historical Weather API
MH-Yavatmal,2018-11-12,22.6,31.2,15.1,0.0,0.0,0.0,50,4.64,0.197,0.225,0.303,23.3,24.3,20.39324,78.13201,ERA5,Asia/Kolkata,Open-Meteo Historical Weather API
MH-Yavatmal,2018-11-13,23.1,31.6,14.5,0.0,0.0,0.0,50,4.25,0.197,0.225,0.302,23.2,23.9,20.39324,78.13201,ERA5,Asia/Kolkata,Open-Meteo Historical Weather API
MH-Yavatmal,2018-11-14,23.4,32.0,16.8,0.0,0.0,0.0,50,4.44,0.195,0.224,0.3,23.5,24.0,20.39324,78.13201,ERA5,Asia/Kolkata,Open-Meteo Historical Weather API
MH-Yavatmal,2018-11-15,23.5,32.2,15.2,0.0,0.0,0.0,51,4.73,0.193,0.222,0.298,23.5,24.0,20.39324,78.13201,ERA5,Asia/Kolkata,Open-Meteo Historical Weather API
MH-Yavatmal,2018-11-16,24.0,32.3,15.6,0.0,0.0,0.0,50,4.29,0.191,0.22,0.296,23.8,24.2,20.39324,78.13201,ERA5,Asia/Kolkata,Open-Meteo Historical Weather API
MH-Yavatmal,2018-11-17,24.2,32.7,15.8,0.0,0.0,0.0,52,4.29,0.189,0.217,0.293,24.5,24.4,20.39324,78.13201,ERA5,Asia/Kolkata,Open-Meteo Historical Weather API
MH-Yavatmal,2018-11-18,25.3,32.6,17.6,0.0,0.0,0.0,52,4.21,0.186,0.215,0.29,25.6,24.9,20.39324,78.13201,ERA5,Asia/Kolkata,Open-Meteo Historical Weather API
MH-Yavatmal,2018-11-19,25.7,32.7,20.2,0.0,0.0,0.0,58,3.82,0.187,0.215,0.29,26.6,25.8,20.39324,78.13201,ERA5,Asia/Kolkata,Open-Meteo Historical Weather API
MH-Yavatmal,2018-11-20,25.8,31.6,22.3,0.0,0.0,0.0,58,3.95,0.189,0.219,0.294,26.3,26.1,20.39324,78.13201,ERA5,Asia/Kolkata,Open-Meteo Historical Weather API
MH-Yavatmal,2018-11-21,25.1,31.9,19.4,0.0,0.0,0.0,57,4.24,0.19,0.219,0.293,26.1,26.1,20.39324,78.13201,ERA5,Asia/Kolkata,Open-Meteo Historical Weather API
MH-Yavatmal,2018-11-22,24.2,31.0,19.2,0.0,0.0,0.0,53,4.46,0.188,0.218,0.291,25.6,25.8,20.39324,78.13201,ERA5,Asia/Kolkata,Open-Meteo Historical Weather API
MH-Yavatmal,2018-11-23,23.4,30.7,16.7,0.0,0.0,0.0,52,4.49,0.19,0.218,0.291,24.4,25.2,20.39324,78.13201,ERA5,Asia/Kolkata,Open-Meteo Historical Weather API
MH-Yavatmal,2018-11-24,23.4,30.3,17.1,0.0,0.0,0.0,55,3.85,0.193,0.218,0.29,24.3,24.8,20.39324,78.13201,ERA5,Asia/Kolkata,Open-Meteo Historical Weather API
MH-Yavatmal,2018-11-25,22.8,29.7,16.1,0.0,0.0,0.0,52,4.0,0.193,0.218,0.291,23.6,24.4,20.39324,78.13201,ERA5,Asia/Kolkata,Open-Meteo Historical Weather API
MH-Yavatmal,2018-11-26,22.0,29.8,15.8,0.0,0.0,0.0,55,3.96,0.193,0.218,0.29,22.9,23.8,20.39324,78.13201,ERA5,Asia/Kolkata,Open-Meteo Historical Weather API
MH-Yavatmal,2018-11-27,21.4,29.6,15.0,0.0,0.0,0.0,53,4.19,0.192,0.216,0.289,22.7,23.5,20.39324,78.13201,ERA5,Asia/Kolkata,Open-Meteo Historical Weather API
MH-Yavatmal,2018-11-28,21.0,29.4,14.2,0.0,0.0,0.0,55,4.1,0.192,0.215,0.288,22.3,23.2,20.39324,78.13201,ERA5,Asia/Kolkata,Open-Meteo Historical Weather API
MH-Yavatmal,2018-11-29,21.2,28.8,14.9,0.0,0.0,0.0,56,3.98,0.193,0.215,0.288,22.1,23.0,20.39324,78.13201,ERA5,Asia/Kolkata,Open-Meteo Historical Weather API
MH-Yavatmal,2018-11-30,21.7,28.4,15.8,0.0,0.0,0.0,57,3.76,0.192,0.213,0.288,22.3,23.0,20.39324,78.13201,ERA5,Asia/Kolkata,Open-Meteo Historical Weather API
MH-Yavatmal,2018-12-01,21.3,28.0,15.1,0.0,0.0,0.0,61,3.63,0.194,0.213,0.288,22.4,23.0,20.39324,78.13201,ERA5,Asia/Kolkata,Open-Meteo Historical Weather API
MH-Yavatmal,2018-12-02,20.8,27.6,15.9,0.0,0.0,0.0,59,3.61,0.194,0.213,0.288,22.4,23.1,20.39324,78.13201,ERA5,Asia/Kolkata,Open-Meteo Historical Weather API
MH-Yavatmal,2018-12-03,20.7,27.4,14.4,0.0,0.0,0.0,60,3.78,0.196,0.216,0.29,22.1,22.9,20.39324,78.13201,ERA5,Asia/Kolkata,Open-Meteo Historical Weather API
MH-Yavatmal,2018-12-04,21.1,27.8,15.7,0.0,0.0,0.0,59,3.7,0.197,0.217,0.291,22.4,22.9,20.39324,78.13201,ERA5,Asia/Kolkata,Open-Meteo Historical Weather API
MH-Yavatmal,2018-12-05,21.6,28.4,16.6,0.0,0.0,0.0,61,3.32,0.196,0.217,0.291,22.7,23.1,20.39324,78.13201,ERA5,Asia/Kolkata,Open-Meteo Historical Weather API
MH-Yavatmal,2018-12-06,22.5,29.0,17.0,0.0,0.0,0.0,62,3.27,0.195,0.217,0.29,23.4,23.4,20.39324,78.13201,ERA5,Asia/Kolkata,Open-Meteo Historical Weather API
MH-Yavatmal,2018-12-07,23.0,28.0,18.8,0.0,0.0,0.0,64,3.06,0.194,0.216,0.29,24.1,24.0,20.39324,78.13201,ERA5,Asia/Kolkata,Open-Meteo Historical Weather API
MH-Yavatmal,2018-12-08,23.0,28.0,19.4,0.1,0.1,1.0,67,3.07,0.198,0.216,0.289,24.2,24.2,20.39324,78.13201,ERA5,Asia/Kolkata,Open-Meteo Historical Weather API
MH-Yavatmal,2018-12-09,22.4,26.9,18.1,2.3,2.3,12.0,79,2.53,0.208,0.216,0.288,23.8,24.1,20.39324,78.13201,ERA5,Asia/Kolkata,Open-Meteo Historical Weather API
MH-Yavatmal,2018-12-10,22.9,28.2,19.1,0.8,0.8,7.0,80,2.72,0.225,0.218,0.29,24.0,24.0,20.39324,78.13201,ERA5,Asia/Kolkata,Open-Meteo Historical Weather API
MH-Yavatmal,2018-12-11,21.7,27.3,17.4,0.0,0.0,0.0,72,3.31,0.226,0.222,0.292,23.4,23.7,20.39324,78.13201,ERA5,Asia/Kolkata,Open-Meteo Historical Weather API
MH-Yavatmal,2018-12-12,20.4,27.6,15.3,0.0,0.0,0.0,66,3.4,0.222,0.223,0.293,21.7,22.8,20.39324,78.13201,ERA5,Asia/Kolkata,Open-Meteo Historical Weather API
MH-Yavatmal,2018-12-13,20.9,27.4,15.3,0.0,0.0,0.0,64,3.4,0.218,0.224,0.293,22.0,22.6,20.39324,78.13201,ERA5,Asia/Kolkata,Open-Meteo Historical Weather API
MH-Yavatmal,2018-12-14,20.6,26.4,16.6,0.0,0.0,0.0,58,3.92,0.214,0.224,0.293,21.9,22.5,20.39324,78.13201,ERA5,Asia/Kolkata,Open-Meteo Historical Weather API
MH-Yavatmal,2018-12-15,19.8,25.6,15.5,0.0,0.0,0.0,59,3.94,0.211,0.224,0.292,21.4,22.3,20.39324,78.13201,ERA5,Asia/Kolkata,Open-Meteo Historical Weather API
MH-Yavatmal,2018-12-16,19.8,25.8,14.6,0.0,0.0,0.0,53,4.16,0.208,0.223,0.292,21.1,21.8,20.39324,78.13201,ERA5,Asia/Kolkata,Open-Meteo Historical Weather API
MH-Yavatmal,2018-12-17,19.0,22.2,16.6,1.2,1.2,6.0,62,2.12,0.208,0.222,0.291,20.6,21.5,20.39324,78.13201,ERA5,Asia/Kolkata,Open-Meteo Historical Weather API
MH-Yavatmal,2018-12-18,17.9,22.0,14.5,0.3,0.3,1.0,74,2.94,0.22,0.225,0.293,20.3,21.1,20.39324,78.13201,ERA5,Asia/Kolkata,Open-Meteo Historical Weather API
MH-Yavatmal,2018-12-19,17.5,24.4,12.0,0.0,0.0,0.0,68,3.3,0.218,0.226,0.293,19.5,20.5,20.39324,78.13201,ERA5,Asia/Kolkata,Open-Meteo Historical Weather API
MH-Yavatmal,2018-12-20,17.7,25.5,11.6,0.0,0.0,0.0,65,3.42,0.212,0.223,0.291,19.5,20.3,20.39324,78.13201,ERA5,Asia/Kolkata,Open-Meteo Historical Weather API
MH-Yavatmal,2018-12-21,18.0,26.5,11.6,0.0,0.0,0.0,60,3.62,0.207,0.219,0.288,19.4,20.1,20.39324,78.13201,ERA5,Asia/Kolkata,Open-Meteo Historical Weather API
MH-Yavatmal,2018-12-22,18.2,26.8,10.6,0.0,0.0,0.0,56,3.8,0.201,0.215,0.284,19.5,19.9,20.39324,78.13201,ERA5,Asia/Kolkata,Open-Meteo Historical Weather API
MH-Yavatmal,2018-12-23,18.8,27.4,11.9,0.0,0.0,0.0,54,3.78,0.195,0.21,0.28,20.1,20.2,20.39324,78.13201,ERA5,Asia/Kolkata,Open-Meteo Historical Weather API
MH-Yavatmal,2018-12-24,19.7,28.1,12.4,0.0,0.0,0.0,53,3.79,0.192,0.209,0.278,20.6,20.5,20.39324,78.13201,ERA5,Asia/Kolkata,Open-Meteo Historical Weather API
MH-Yavatmal,2018-12-25,21.1,28.6,13.8,0.0,0.0,0.0,52,3.77,0.191,0.208,0.278,21.7,21.2,20.39324,78.13201,ERA5,Asia/Kolkata,Open-Meteo Historical Weather API
MH-Yavatmal,2018-12-26,21.9,29.8,15.0,0.0,0.0,0.0,54,3.82,0.188,0.206,0.275,22.7,22.4,20.39324,78.13201,ERA5,Asia/Kolkata,Open-Meteo Historical Weather API
MH-Yavatmal,2018-12-27,19.3,26.1,14.4,0.0,0.0,0.0,46,4.24,0.188,0.205,0.274,21.2,22.2,20.39324,78.13201,ERA5,Asia/Kolkata,Open-Meteo Historical Weather API
MH-Yavatmal,2018-12-28,16.8,24.4,10.0,0.0,0.0,0.0,48,3.87,0.192,0.208,0.276,19.1,20.9,20.39324,78.13201,ERA5,Asia/Kolkata,Open-Meteo Historical Weather API
MH-Yavatmal,2018-12-29,15.4,24.1,8.2,0.0,0.0,0.0,43,3.91,0.194,0.209,0.277,17.6,19.5,20.39324,78.13201,ERA5,Asia/Kolkata,Open-Meteo Historical Weather API
MH-Yavatmal,2018-12-30,15.7,24.4,8.1,0.0,0.0,0.0,49,3.78,0.192,0.207,0.275,17.4,18.8,20.39324,78.13201,ERA5,Asia/Kolkata,Open-Meteo Historical Weather API
MH-Yavatmal,2018-12-31,17.5,25.8,9.6,0.0,0.0,0.0,42,3.89,0.189,0.204,0.271,17.6,18.6,20.39324,78.13201,ERA5,Asia/Kolkata,Open-Meteo Historical Weather API
MH-Yavatmal,2019-01-01,19.0,28.3,11.1,0.0,0.0,0.0,41,3.87,0.189,0.204,0.269,18.3,18.8,20.39324,78.13201,ERA5,Asia/Kolkata,Open-Meteo Historical Weather API
MH-Yavatmal,2019-01-02,19.5,29.8,10.5,0.0,0.0,0.0,45,3.86,0.189,0.203,0.268,19.1,19.4,20.39324,78.13201,ERA5,Asia/Kolkata,Open-Meteo Historical Weather API
MH-Yavatmal,2019-01-03,20.1,29.2,13.9,0.0,0.0,0.0,49,3.8,0.188,0.203,0.266,20.1,20.1,20.39324,78.13201,ERA5,Asia/Kolkata,Open-Meteo Historical Weather API
MH-Yavatmal,2019-01-04,19.6,28.7,11.4,0.0,0.0,0.0,53,3.88,0.188,0.204,0.265,20.1,20.4,20.39324,78.13201,ERA5,Asia/Kolkata,Open-Meteo Historical Weather API
MH-Yavatmal,2019-01-05,20.6,28.9,13.4,0.0,0.0,0.0,52,3.88,0.189,0.205,0.266,21.2,20.8,20.39324,78.13201,ERA5,Asia/Kolkata,Open-Meteo Historical Weather API
MH-Yavatmal,2019-01-06,21.5,29.0,15.2,0.0,0.0,0.0,59,3.62,0.189,0.206,0.267,22.2,21.6,20.39324,78.13201,ERA5,Asia/Kolkata,Open-Meteo Historical Weather API
MH-Yavatmal,2019-01-07,20.2,26.5,15.5,0.0,0.0,0.0,49,4.21,0.192,0.209,0.27,21.8,22.2,20.39324,78.13201,ERA5,Asia/Kolkata,Open-Meteo Historical Weather API
MH-Yavatmal,2019-01-08,17.4,25.2,10.4,0.0,0.0,0.0,51,3.67,0.193,0.212,0.272,19.1,20.9,20.39324,78.13201,ERA5,Asia/Kolkata,Open-Meteo Historical Weather API
MH-Yavatmal,2019-01-09,18.1,26.8,11.5,0.0,0.0,0.0,52,3.72,0.191,0.212,0.271,18.6,19.8,20.39324,78.13201,ERA5,Asia/Kolkata,Open-Meteo Historical Weather API
MH-Yavatmal,2019-01-10,18.2,27.0,10.3,0.0,0.0,0.0,54,3.82,0.19,0.21,0.268,19.3,19.7,20.39324,78.13201,ERA5,Asia/Kolkata,Open-Meteo Historical Weather API
MH-Yavatmal,2019-01-11,19.6,28.0,12.7,0.0,0.0,0.0,53,3.8,0.188,0.208,0.266,20.6,20.2,20.39324,78.13201,ERA5,Asia/Kolkata,Open-Meteo Historical Weather API
MH-Yavatmal,2019-01-12,21.4,28.8,14.7,0.0,0.0,0.0,59,3.89,0.188,0.208,0.266,22.0,21.3,20.39324,78.13201,ERA5,Asia/Kolkata,Open-Meteo Historical Weather API
MH-Yavatmal,2019-01-13,22.5,29.4,17.5,0.0,0.0,0.0,60,3.65,0.19,0.207,0.265,23.1,22.5,20.39324,78.13201,ERA5,Asia/Kolkata,Open-Meteo Historical Weather API
MH-Yavatmal,2019-01-14,21.8,27.4,17.6,0.0,0.0,0.0,61,3.85,0.191,0.208,0.267,23.1,22.9,20.39324,78.13201,ERA5,Asia/Kolkata,Open-Meteo Historical Weather API
MH-Yavatmal,2019-01-15,19.9,26.9,14.1,0.0,0.0,0.0,52,4.02,0.192,0.21,0.269,21.9,22.5,20.39324,78.13201,ERA5,Asia/Kolkata,Open-Meteo Historical Weather API
MH-Yavatmal,2019-01-16,19.7,28.2,12.7,0.0,0.0,0.0,53,3.95,0.19,0.209,0.268,21.3,21.7,20.39324,78.13201,ERA5,Asia/Kolkata,Open-Meteo Historical Weather API
MH-Yavatmal,2019-01-17,21.1,30.0,14.1,0.0,0.0,0.0,48,4.11,0.188,0.208,0.267,21.5,21.5,20.39324,78.13201,ERA5,Asia/Kolkata,Open-Meteo Historical Weather API
MH-Yavatmal,2019-01-18,20.7,29.2,13.1,0.0,0.0,0.0,49,4.17,0.187,0.207,0.266,21.5,21.7,20.39324,78.13201,ERA5,Asia/Kolkata,Open-Meteo Historical Weather API
MH-Yavatmal,2019-01-19,20.5,29.6,14.3,0.0,0.0,0.0,46,4.31,0.185,0.205,0.263,21.6,21.7,20.39324,78.13201,ERA5,Asia/Kolkata,Open-Meteo Historical Weather API
MH-Yavatmal,2019-01-20,21.4,31.1,14.8,0.0,0.0,0.0,45,4.25,0.184,0.204,0.26,21.7,21.6,20.39324,78.13201,ERA5,Asia/Kolkata,Open-Meteo Historical Weather API
MH-Yavatmal,2019-01-21,22.1,31.6,13.4,0.0,0.0,0.0,40,5.0,0.183,0.203,0.257,22.3,22.0,20.39324,78.13201,ERA5,Asia/Kolkata,Open-Meteo Historical Weather API
MH-Yavatmal,2019-01-22,23.8,30.8,18.7,0.0,0.0,0.0,45,5.1,0.184,0.203,0.256,23.8,23.0,20.39324,78.13201,ERA5,Asia/Kolkata,Open-Meteo Historical Weather API
MH-Yavatmal,2019-01-23,22.8,29.1,18.3,0.0,0.0,0.0,49,4.23,0.185,0.205,0.257,23.8,23.4,20.39324,78.13201,ERA5,Asia/Kolkata,Open-Meteo Historical Weather API
MH-Yavatmal,2019-01-24,22.4,29.6,16.7,0.1,0.1,1.0,56,3.8,0.187,0.205,0.257,23.8,23.5,20.39324,78.13201,ERA5,Asia/Kolkata,Open-Meteo Historical Weather API
MH-Yavatmal,2019-01-25,20.1,25.2,17.0,2.5,2.5,8.0,80,2.63,0.201,0.206,0.26,22.7,23.1,20.39324,78.13201,ERA5,Asia/Kolkata,Open-Meteo Historical Weather API
MH-Yavatmal,2019-01-26,19.7,22.6,17.0,0.0,0.0,0.0,76,1.99,0.215,0.208,0.264,21.4,22.1,20.39324,78.13201,ERA5,Asia/Kolkata,Open-Meteo Historical Weather API
MH-Yavatmal,2019-01-27,19.2,23.7,16.0,0.0,0.0,0.0,64,3.32,0.216,0.209,0.265,21.3,21.6,20.39324,78.13201,ERA5,Asia/Kolkata,Open-Meteo Historical Weather API
MH-Yavatmal,2019-01-28,18.2,24.1,13.9,0.0,0.0,0.0,51,4.22,0.214,0.21,0.266,20.6,21.0,20.39324,78.13201,ERA5,Asia/Kolkata,Open-Meteo Historical Weather API
MH-Yavatmal,2019-01-29,16.5,24.2,10.4,0.0,0.0,0.0,43,4.24,0.21,0.21,0.265,19.2,20.2,20.39324,78.13201,ERA5,Asia/Kolkata,Open-Meteo Historical Weather API
MH-Yavatmal,2019-01-30,16.9,24.7,9.2,0.0,0.0,0.0,44,4.35,0.205,0.208,0.263,18.6,19.4,20.39324,78.13201,ERA5,Asia/Kolkata,Open-Meteo Historical Weather API
MH-Yavatmal,2019-01-31,18.9,28.3,10.1,0.0,0.0,0.0,45,4.48,0.197,0.205,0.258,19.9,19.6,20.39324,78.13201,ERA5,Asia/Kolkata,Open-Meteo Historical Weather API
MH-Yavatmal,2019-02-01,21.5,29.5,14.4,0.0,0.0,0.0,54,4.2,0.191,0.203,0.254,22.0,20.8,20.39324,78.13201,ERA5,Asia/Kolkata,Open-Meteo Historical Weather API
MH-Yavatmal,2019-02-02,22.3,29.9,16.0,0.0,0.0,0.0,56,4.04,0.19,0.203,0.253,23.3,22.5,20.39324,78.13201,ERA5,Asia/Kolkata,Open-Meteo Historical Weather API
MH-Yavatmal,2019-02-03,22.9,31.0,15.6,0.0,0.0,0.0,47,4.97,0.189,0.203,0.252,23.5,22.9,20.39324,78.13201,ERA5,Asia/Kolkata,Open-Meteo Historical Weather API
MH-Yavatmal,2019-02-04,22.9,31.0,16.6,0.0,0.0,0.0,42,5.11,0.189,0.203,0.253,24.0,23.4,20.39324,78.13201,ERA5,Asia/Kolkata,Open-Meteo Historical Weather API
MH-Yavatmal,2019-02-05,23.0,31.5,15.8,0.0,0.0,0.0,44,4.84,0.191,0.206,0.254,23.8,23.3,20.39324,78.13201,ERA5,Asia/Kolkata,Open-Meteo Historical Weather API
MH-Yavatmal,2019-02-06,24.7,32.5,16.9,0.0,0.0,0.0,42,5.08,0.19,0.206,0.254,24.8,23.8,20.39324,78.13201,ERA5,Asia/Kolkata,Open-Meteo Historical Weather API
MH-Yavatmal,2019-02-07,25.8,31.3,21.7,0.0,0.0,0.0,45,5.38,0.185,0.204,0.251,26.5,25.1,20.39324,78.13201,ERA5,Asia/Kolkata,Open-Meteo Historical Weather API
MH-Yavatmal,2019-02-08,22.1,27.5,18.3,0.0,0.0,0.0,39,5.39,0.185,0.204,0.251,24.5,24.6,20.39324,78.13201,ERA5,Asia/Kolkata,Open-Meteo Historical Weather API
MH-Yavatmal,2019-02-09,19.0,25.3,14.0,0.0,0.0,0.0,35,5.22,0.186,0.205,0.253,21.9,23.1,20.39324,78.13201,ERA5,Asia/Kolkata,Open-Meteo Historical Weather API
MH-Yavatmal,2019-02-10,18.8,26.8,11.0,0.0,0.0,0.0,39,4.78,0.188,0.208,0.255,21.0,21.5,20.39324,78.13201,ERA5,Asia/Kolkata,Open-Meteo Historical Weather API
MH-Yavatmal,2019-02-11,21.6,30.3,12.2,0.0,0.0,0.0,41,4.93,0.185,0.206,0.253,22.6,21.8,20.39324,78.13201,ERA5,Asia/Kolkata,Open-Meteo Historical Weather API
MH-Yavatmal,2019-02-12,24.1,31.5,16.6,0.0,0.0,0.0,43,5.15,0.181,0.203,0.249,24.9,23.2,20.39324,78.13201,ERA5,Asia/Kolkata,Open-Meteo Historical Weather API
MH-Yavatmal,2019-02-13,25.1,33.3,18.3,0.0,0.0,0.0,44,5.18,0.18,0.203,0.25,25.9,24.6,20.39324,78.13201,ERA5,Asia/Kolkata,Open-Meteo Historical Weather API
MH-Yavatmal,2019-02-14,25.7,33.9,17.8,0.0,0.0,0.0,42,5.2,0.18,0.202,0.249,26.5,25.2,20.39324,78.13201,ERA5,Asia/Kolkata,Open-Meteo Historical Weather API
MH-Yavatmal,2019-02-15,26.4,33.1,21.9,0.5,0.5,3.0,48,4.96,0.183,0.202,0.249,26.8,25.8,20.39324,78.13201,ERA5,Asia/Kolkata,Open-Meteo Historical Weather API
MH-Yavatmal,2019-02-16,24.5,30.6,19.9,0.0,0.0,0.0,53,4.84,0.182,0.201,0.248,26.7,25.8,20.39324,78.13201,ERA5,Asia/Kolkata,Open-Meteo Historical Weather API
MH-Yavatmal,2019-02-17,23.0,29.8,16.8,0.0,0.0,0.0,43,5.13,0.184,0.202,0.248,25.4,25.3,20.39324,78.13201,ERA5,Asia/Kolkata,Open-Meteo Historical Weather API
MH-Yavatmal,2019-02-18,23.5,32.1,14.7,0.0,0.0,0.0,39,5.03,0.184,0.202,0.249,25.1,24.8,20.39324,78.13201,ERA5,Asia/Kolkata,Open-Meteo Historical Weather API
MH-Yavatmal,2019-02-19,25.9,34.7,17.2,0.0,0.0,0.0,40,5.41,0.182,0.201,0.246,26.5,25.4,20.39324,78.13201,ERA5,Asia/Kolkata,Open-Meteo Historical Weather API
MH-Yavatmal,2019-02-20,27.5,34.5,20.7,0.0,0.0,0.0,48,5.13,0.179,0.198,0.243,28.0,26.3,20.39324,78.13201,ERA5,Asia/Kolkata,Open-Meteo Historical Weather API
MH-Yavatmal,2019-02-21,28.8,35.0,23.4,0.0,0.0,0.0,49,4.91,0.177,0.197,0.242,29.1,27.4,20.39324,78.13201,ERA5,Asia/Kolkata,Open-Meteo Historical Weather API
MH-Yavatmal,2019-02-22,29.4,36.6,23.4,0.2,0.2,1.0,42,5.46,0.174,0.195,0.24,29.8,28.1,20.39324,78.13201,ERA5,Asia/Kolkata,Open-Meteo Historical Weather API
MH-Yavatmal,2019-02-23,28.7,36.0,21.6,0.0,0.0,0.0,41,5.45,0.174,0.196,0.24,29.8,28.4,20.39324,78.13201,ERA5,Asia/Kolkata,Open-Meteo Historical Weather API
MH-Yavatmal,2019-02-24,28.5,36.3,20.5,0.0,0.0,0.0,38,6.23,0.175,0.196,0.24,29.6,28.4,20.39324,78.13201,ERA5,Asia/Kolkata,Open-Meteo Historical Weather API
MH-Yavatmal,2019-02-25,26.6,32.9,21.2,0.0,0.0,0.0,31,6.0,0.173,0.195,0.238,28.7,28.2,20.39324,78.13201,ERA5,Asia/Kolkata,Open-Meteo Historical Weather API
MH-Yavatmal,2019-02-26,26.2,33.3,18.4,0.0,0.0,0.0,33,6.28,0.173,0.196,0.239,27.9,27.4,20.39324,78.13201,ERA5,Asia/Kolkata,Open-Meteo Historical Weather API
MH-Yavatmal,2019-02-27,25.2,32.0,17.8,0.0,0.0,0.0,33,6.39,0.173,0.195,0.238,27.3,27.2,20.39324,78.13201,ERA5,Asia/Kolkata,Open-Meteo Historical Weather API
MH-Yavatmal,2019-02-28,24.2,30.2,19.1,0.0,0.0,0.0,41,5.59,0.172,0.195,0.237,27.0,26.6,20.39324,78.13201,ERA5,Asia/Kolkata,Open-Meteo Historical Weather API
MH-Yavatmal,2019-03-01,24.5,31.1,17.9,0.0,0.0,0.0,38,6.11,0.174,0.196,0.238,26.6,26.1,20.39324,78.13201,ERA5,Asia/Kolkata,Open-Meteo Historical Weather API
MH-Yavatmal,2019-03-02,26.9,33.3,20.1,0.0,0.0,0.0,45,5.91,0.173,0.196,0.237,28.2,26.7,20.39324,78.13201,ERA5,Asia/Kolkata,Open-Meteo Historical Weather API
MH-Yavatmal,2019-03-03,29.1,35.8,24.4,0.1,0.1,1.0,39,6.63,0.173,0.196,0.236,30.2,28.3,20.39324,78.13201,ERA5,Asia/Kolkata,Open-Meteo Historical Weather API
MH-Yavatmal,2019-03-04,27.6,34.2,20.8,0.0,0.0,0.0,38,6.47,0.173,0.196,0.236,29.4,28.3,20.39324,78.13201,ERA5,Asia/Kolkata,Open-Meteo Historical Weather API
MH-Yavatmal,2019-03-05,26.8,32.2,22.6,0.0,0.0,0.0,37,6.92,0.173,0.196,0.235,29.1,28.3,20.39324,78.13201,ERA5,Asia/Kolkata,Open-Meteo Historical Weather API
MH-Yavatmal,2019-03-06,25.0,32.1,17.6,0.0,0.0,0.0,38,5.94,0.174,0.196,0.235,27.9,27.5,20.39324,78.13201,ERA5,Asia/Kolkata,Open-Meteo Historical Weather API
MH-Yavatmal,2019-03-07,25.4,32.5,17.9,0.0,0.0,0.0,36,5.92,0.175,0.197,0.235,27.8,27.2,20.39324,78.13201,ERA5,Asia/Kolkata,Open-Meteo Historical Weather API
MH-Yavatmal,2019-03-08,26.8,34.7,17.5,0.0,0.0,0.0,34,5.94,0.177,0.197,0.235,28.0,27.1,20.39324,78.13201,ERA5,Asia/Kolkata,Open-Meteo Historical Weather API
MH-Yavatmal,2019-03-09,28.0,36.2,18.7,0.0,0.0,0.0,34,6.7,0.178,0.198,0.235,28.9,27.7,20.39324,78.13201,ERA5,Asia/Kolkata,Open-Meteo Historical Weather API
MH-Yavatmal,2019-03-10,28.3,36.2,21.0,0.0,0.0,0.0,32,6.29,0.177,0.198,0.235,30.1,28.5,20.39324,78.13201,ERA5,Asia/Kolkata,Open-Meteo Historical Weather API
MH-Yavatmal,2019-03-11,29.7,37.8,21.6,0.0,0.0,0.0,32,6.54,0.176,0.197,0.233,31.1,29.1,20.39324,78.13201,ERA5,Asia/Kolkata,Open-Meteo Historical Weather API
MH-Yavatmal,2019-03-12,30.1,37.8,23.4,0.0,0.0,0.0,33,6.21,0.175,0.197,0.231,31.5,29.9,20.39324,78.13201,ERA5,Asia/Kolkata,Open-Meteo Historical Weather API
MH-Yavatmal,2019-03-13,30.9,37.7,24.2,0.5,0.5,1.0,34,5.95,0.175,0.196,0.231,32.1,30.3,20.39324,78.13201,ERA5,Asia/Kolkata,Open-Meteo Historical Weather API
MH-Yavatmal,2019-03-14,30.0,36.7,23.5,0.0,0.0,0.0,30,6.42,0.176,0.197,0.231,31.8,30.4,20.39324,78.13201,ERA5,Asia/Kolkata,Open-Meteo Historical Weather API
MH-Yavatmal,2019-03-15,29.9,36.6,23.1,0.0,0.0,0.0,30,6.64,0.173,0.195,0.229,31.8,30.5,20.39324,78.13201,ERA5,Asia/Kolkata,Open-Meteo Historical Weather API
MH-Yavatmal,2019-03-16,29.9,37.5,23.3,0.0,0.0,0.0,35,6.57,0.173,0.195,0.227,31.7,30.5,20.39324,78.13201,ERA5,Asia/Kolkata,Open-Meteo Historical Weather API
MH-Yavatmal,2019-03-17,31.0,38.5,25.0,0.0,0.0,0.0,30,7.51,0.172,0.194,0.226,31.8,30.7,20.39324,78.13201,ERA5,Asia/Kolkata,Open-Meteo Historical Weather API
MH-Yavatmal,2019-03-18,29.7,36.3,23.2,0.0,0.0,0.0,35,6.45,0.172,0.195,0.226,31.8,30.6,20.39324,78.13201,ERA5,Asia/Kolkata,Open-Meteo Historical Weather API
MH-Yavatmal,2019-03-19,30.2,37.3,22.9,0.0,0.0,0.0,38,6.44,0.171,0.196,0.227,32.4,30.8,20.39324,78.13201,ERA5,Asia/Kolkata,Open-Meteo Historical Weather API
MH-Yavatmal,2019-03-20,30.5,36.9,26.0,0.5,0.5,1.0,44,6.3,0.174,0.196,0.226,32.4,31.2,20.39324,78.13201,ERA5,Asia/Kolkata,Open-Meteo Historical Weather API
MH-Yavatmal,2019-03-21,28.5,34.5,22.1,0.2,0.2,1.0,57,5.12,0.178,0.199,0.23,31.6,30.6,20.39324,78.13201,ERA5,Asia/Kolkata,Open-Meteo Historical Weather API
MH-Yavatmal,2019-03-22,30.6,37.4,24.4,0.0,0.0,0.0,40,6.21,0.178,0.199,0.23,32.4,30.9,20.39324,78.13201,ERA5,Asia/Kolkata,Open-Meteo Historical Weather API
MH-Yavatmal,2019-03-23,30.4,37.4,24.3,0.0,0.0,0.0,32,7.04,0.176,0.199,0.23,32.4,31.1,20.39324,78.13201,ERA5,Asia/Kolkata,Open-Meteo Historical Weather API
MH-Yavatmal,2019-03-24,30.7,37.7,23.1,0.0,0.0,0.0,32,6.96,0.175,0.198,0.228,32.7,31.3,20.39324,78.13201,ERA5,Asia/Kolkata,Open-Meteo Historical Weather API
MH-Yavatmal,2019-03-25,31.4,38.9,23.0,0.0,0.0,0.0,31,6.87,0.173,0.199,0.227,33.0,31.6,20.39324,78.13201,ERA5,Asia/Kolkata,Open-Meteo Historical Weather API
MH-Yavatmal,2019-03-26,32.2,39.5,25.5,0.0,0.0,0.0,28,7.68,0.173,0.201,0.229,33.5,31.9,20.39324,78.13201,ERA5,Asia/Kolkata,Open-Meteo Historical Weather API
MH-Yavatmal,2019-03-27,31.7,38.5,25.0,0.0,0.0,0.0,28,7.58,0.172,0.2,0.227,33.4,32.0,20.39324,78.13201,ERA5,Asia/Kolkata,Open-Meteo Historical Weather API
MH-Yavatmal,2019-03-28,31.6,39.3,23.0,0.0,0.0,0.0,26,7.29,0.172,0.198,0.225,33.0,31.8,20.39324,78.13201,ERA5,Asia/Kolkata,Open-Meteo Historical Weather API
MH-Yavatmal,2019-03-29,32.3,40.6,23.1,0.0,0.0,0.0,27,7.22,0.173,0.199,0.225,33.5,32.1,20.39324,78.13201,ERA5,Asia/Kolkata,Open-Meteo Historical Weather API
MH-Yavatmal,2019-03-30,33.9,41.9,24.7,0.0,0.0,0.0,25,7.67,0.174,0.198,0.223,34.5,32.5,20.39324,78.13201,ERA5,Asia/Kolkata,Open-Meteo Historical Weather API
MH-Yavatmal,2019-03-31,33.6,41.5,26.0,0.0,0.0,0.0,25,7.95,0.173,0.197,0.221,34.7,33.0,20.39324,78.13201,ERA5,Asia/Kolkata,Open-Meteo Historical Weather API
MH-Yavatmal,2019-04-01,33.6,40.6,28.3,0.0,0.0,0.0,25,8.15,0.173,0.197,0.22,35.3,33.2,20.39324,78.13201,ERA5,Asia/Kolkata,Open-Meteo Historical Weather API
MH-Yavatmal,2019-04-02,33.5,41.2,26.6,0.0,0.0,0.0,24,7.77,0.173,0.197,0.219,35.0,33.4,20.39324,78.13201,ERA5,Asia/Kolkata,Open-Meteo Historical Weather API
MH-Yavatmal,2019-04-03,33.9,41.0,26.8,0.8,0.8,1.0,30,6.73,0.176,0.197,0.218,35.1,33.3,20.39324,78.13201,ERA5,Asia/Kolkata,Open-Meteo Historical Weather API
MH-Yavatmal,2019-04-04,33.4,41.0,26.9,0.8,0.8,1.0,33,7.39,0.184,0.198,0.219,35.2,33.8,20.39324,78.13201,ERA5,Asia/Kolkata,Open-Meteo Historical Weather API
MH-Yavatmal,2019-04-05,33.4,41.1,26.7,0.0,0.0,0.0,31,8.07,0.183,0.198,0.22,35.0,33.7,20.39324,78.13201,ERA5,Asia/Kolkata,Open-Meteo Historical Weather API
MH-Yavatmal,2019-04-06,34.3,41.3,27.1,0.0,0.0,0.0,26,8.97,0.179,0.198,0.22,35.3,33.8,20.39324,78.13201,ERA5,Asia/Kolkata,Open-Meteo Historical Weather API
MH-Yavatmal,2019-04-07,34.1,41.2,27.0,0.0,0.0,0.0,26,8.29,0.178,0.198,0.22,35.5,33.9,20.39324,78.13201,ERA5,Asia/Kolkata,Open-Meteo Historical Weather API
MH-Yavatmal,2019-04-08,34.0,41.4,27.0,0.0,0.0,0.0,25,7.65,0.177,0.197,0.219,35.8,34.1,20.39324,78.13201,ERA5,Asia/Kolkata,Open-Meteo Historical Weather API
MH-Yavatmal,2019-04-09,34.0,41.9,26.7,0.0,0.0,0.0,24,8.25,0.177,0.197,0.218,35.6,33.9,20.39324,78.13201,ERA5,Asia/Kolkata,Open-Meteo Historical Weather API
MH-Yavatmal,2019-04-10,34.0,41.8,25.5,0.0,0.0,0.0,21,8.66,0.177,0.195,0.215,35.6,34.0,20.39324,78.13201,ERA5,Asia/Kolkata,Open-Meteo Historical Weather API
MH-Yavatmal,2019-04-11,34.8,42.3,26.6,0.0,0.0,0.0,23,8.52,0.173,0.192,0.209,36.2,34.3,20.39324,78.13201,ERA5,Asia/Kolkata,Open-Meteo Historical Weather API
MH-Yavatmal,2019-04-12,35.0,42.1,26.7,0.0,0.0,0.0,25,7.13,0.172,0.191,0.207,36.7,34.8,20.39324,78.13201,ERA5,Asia/Kolkata,Open-Meteo Historical Weather API
MH-Yavatmal,2019-04-13,35.2,42.7,27.8,0.0,0.0,0.0,23,7.71,0.172,0.192,0.207,36.5,35.0,20.39324,78.13201,ERA5,Asia/Kolkata,Open-Meteo Historical Weather API
MH-Yavatmal,2019-04-14,35.6,43.0,27.4,0.0,0.0,0.0,23,7.59,0.173,0.192,0.207,36.7,35.0,20.39324,78.13201,ERA5,Asia/Kolkata,Open-Meteo Historical Weather API
MH-Yavatmal,2019-04-15,34.4,40.9,30.3,0.5,0.5,2.0,28,7.15,0.175,0.193,0.208,36.6,35.3,20.39324,78.13201,ERA5,Asia/Kolkata,Open-Meteo Historical Weather API
MH-Yavatmal,2019-04-16,30.6,36.9,26.2,2.0,2.0,3.0,41,6.13,0.2,0.196,0.213,33.6,34.3,20.39324,78.13201,ERA5,Asia/Kolkata,Open-Meteo Historical Weather API
MH-Yavatmal,2019-04-17,29.3,34.8,23.7,0.1,0.1,1.0,51,4.98,0.23,0.201,0.221,32.1,32.6,20.39324,78.13201,ERA5,Asia/Kolkata,Open-Meteo Historical Weather API
MH-Yavatmal,2019-04-18,31.2,37.4,25.1,0.0,0.0,0.0,38,6.89,0.215,0.201,0.22,33.4,32.5,20.39324,78.13201,ERA5,Asia/Kolkata,Open-Meteo Historical Weather API
MH-Yavatmal,2019-04-19,32.2,38.6,23.9,0.0,0.0,0.0,30,7.35,0.199,0.197,0.215,34.2,32.9,20.39324,78.13201,ERA5,Asia/Kolkata,Open-Meteo Historical Weather API
MH-Yavatmal,2019-04-20,33.0,39.2,25.8,0.0,0.0,0.0,33,6.46,0.188,0.193,0.211,34.9,33.6,20.39324,78.13201,ERA5,Asia/Kolkata,Open-Meteo Historical Weather API
MH-Yavatmal,2019-04-21,32.0,38.8,27.3,1.0,1.0,3.0,43,6.24,0.187,0.192,0.206,34.9,34.0,20.39324,78.13201,ERA5,Asia/Kolkata,Open-Meteo Historical Weather API
MH-Yavatmal,2019-04-22,32.3,39.5,25.0,0.0,0.0,0.0,39,6.32,0.196,0.193,0.207,34.5,33.4,20.39324,78.13201,ERA5,Asia/Kolkata,Open-Meteo Historical Weather API
MH-Yavatmal,2019-04-23,34.2,41.6,27.1,0.0,0.0,0.0,28,6.36,0.191,0.195,0.208,35.1,33.9,20.39324,78.13201,ERA5,Asia/Kolkata,Open-Meteo Historical Weather API
MH-Yavatmal,2019-04-24,34.8,42.8,27.7,0.0,0.0,0.0,26,7.38,0.187,0.194,0.208,36.2,34.5,20.39324,78.13201,ERA5,Asia/Kolkata,Open-Meteo Historical Weather API
MH-Yavatmal,2019-04-25,36.4,44.2,28.4,0.0,0.0,0.0,24,7.91,0.182,0.194,0.208,37.6,35.4,20.39324,78.13201,ERA5,Asia/Kolkata,Open-Meteo Historical Weather API
MH-Yavatmal,2019-04-26,37.5,44.4,30.1,0.0,0.0,0.0,23,7.77,0.18,0.193,0.207,38.9,36.2,20.39324,78.13201,ERA5,Asia/Kolkata,Open-Meteo Historical Weather API
MH-Yavatmal,2019-04-27,37.8,45.1,30.6,0.0,0.0,0.0,22,7.85,0.175,0.193,0.205,39.3,37.1,20.39324,78.13201,ERA5,Asia/Kolkata,Open-Meteo Historical Weather API
MH-Yavatmal,2019-04-28,38.1,44.9,30.7,0.0,0.0,0.0,23,7.58,0.174,0.194,0.205,39.8,37.5,20.39324,78.13201,ERA5,Asia/Kolkata,Open-Meteo Historical Weather API
MH-Yavatmal,2019-04-29,38.2,45.1,31.1,0.0,0.0,0.0,22,8.24,0.172,0.194,0.205,39.8,37.9,20.39324,78.13201,ERA5,Asia/Kolkata,Open-Meteo Historical Weather API
MH-Yavatmal,2019-04-30,37.8,44.1,31.6,0.0,0.0,0.0,23,9.62,0.169,0.192,0.204,39.8,37.9,20.39324,78.13201,ERA5,Asia/Kolkata,Open-Meteo Historical Weather API
MH-Yavatmal,2019-05-01,36.4,42.6,30.9,0.0,0.0,0.0,21,9.08,0.166,0.19,0.202,38.7,37.5,20.39324,78.13201,ERA5,Asia/Kolkata,Open-Meteo Historical Weather API
MH-Yavatmal,2019-05-02,35.9,42.1,30.3,0.0,0.0,0.0,22,9.8,0.167,0.19,0.202,38.2,37.1,20.39324,78.13201,ERA5,Asia/Kolkata,Open-Meteo Historical Weather API
MH-Yavatmal,2019-05-03,35.1,41.4,28.2,0.0,0.0,0.0,24,9.75,0.167,0.191,0.203,37.5,36.6,20.39324,78.13201,ERA5,Asia/Kolkata,Open-Meteo Historical Weather API
MH-Yavatmal,2019-05-04,35.4,41.5,30.0,0.0,0.0,0.0,25,9.84,0.167,0.191,0.203,37.5,36.4,20.39324,78.13201,ERA5,Asia/Kolkata,Open-Meteo Historical Weather API
MH-Yavatmal,2019-05-05,35.3,41.2,29.9,0.0,0.0,0.0,23,9.97,0.167,0.191,0.204,37.3,36.3,20.39324,78.13201,ERA5,Asia/Kolkata,Open-Meteo Historical Weather API
MH-Yavatmal,2019-05-06,35.4,40.8,28.3,0.0,0.0,0.0,26,8.52,0.167,0.19,0.203,37.1,35.9,20.39324,78.13201,ERA5,Asia/Kolkata,Open-Meteo Historical Weather API
MH-Yavatmal,2019-05-07,37.2,43.5,31.7,0.0,0.0,0.0,22,9.47,0.167,0.189,0.201,38.5,36.5,20.39324,78.13201,ERA5,Asia/Kolkata,Open-Meteo Historical Weather API
MH-Yavatmal,2019-05-08,36.9,42.9,31.7,0.0,0.0,0.0,22,10.78,0.167,0.188,0.2,38.4,37.0,20.39324,78.13201,ERA5,Asia/Kolkata,Open-Meteo Historical Weather API
MH-Yavatmal,2019-05-09,36.4,42.4,30.3,0.0,0.0,0.0,24,10.33,0.167,0.188,0.2,38.4,37.1,20.39324,78.13201,ERA5,Asia/Kolkata,Open-Meteo Historical Weather API
MH-Yavatmal,2019-05-10,35.5,41.1,29.8,0.2,0.2,1.0,30,8.16,0.168,0.188,0.2,37.8,36.9,20.39324,78.13201,ERA5,Asia/Kolkata,Open-Meteo Historical Weather API
MH-Yavatmal,2019-05-11,35.7,41.1,30.7,0.0,0.0,0.0,29,8.87,0.17,0.188,0.201,38.1,36.8,20.39324,78.13201,ERA5,Asia/Kolkata,Open-Meteo Historical Weather API
MH-Yavatmal,2019-05-12,36.0,42.1,29.5,0.0,0.0,0.0,24,9.29,0.17,0.188,0.201,38.2,36.9,20.39324,78.13201,ERA5,Asia/Kolkata,Open-Meteo Historical Weather API
MH-Yavatmal,2019-05-13,35.9,42.4,29.2,0.0,0.0,0.0,25,8.17,0.169,0.189,0.201,38.3,36.9,20.39324,78.13201,ERA5,Asia/Kolkata,Open-Meteo Historical Weather API
MH-Yavatmal,2019-05-14,36.1,42.2,29.9,0.0,0.0,0.0,24,8.68,0.169,0.189,0.2,38.5,36.9,20.39324,78.13201,ERA5,Asia/Kolkata,Open-Meteo Historical Weather API
MH-Yavatmal,2019-05-15,36.4,42.7,29.7,0.0,0.0,0.0,25,8.63,0.168,0.188,0.198,38.7,37.1,20.39324,78.13201,ERA5,Asia/Kolkata,Open-Meteo Historical Weather API
MH-Yavatmal,2019-05-16,36.3,42.2,30.2,0.0,0.0,0.0,26,9.66,0.168,0.187,0.197,38.8,37.4,20.39324,78.13201,ERA5,Asia/Kolkata,Open-Meteo Historical Weather API
MH-Yavatmal,2019-05-17,36.8,43.1,30.6,0.0,0.0,0.0,25,10.14,0.169,0.187,0.197,38.8,37.4,20.39324,78.13201,ERA5,Asia/Kolkata,Open-Meteo Historical Weather API
MH-Yavatmal,2019-05-18,36.7,42.6,31.0,0.0,0.0,0.0,25,9.82,0.168,0.188,0.196,38.9,37.3,20.39324,78.13201,ERA5,Asia/Kolkata,Open-Meteo Historical Weather API
MH-Yavatmal,2019-05-19,36.4,42.6,29.8,0.0,0.0,0.0,25,8.4,0.169,0.188,0.196,38.5,37.2,20.39324,78.13201,ERA5,Asia/Kolkata,Open-Meteo Historical Weather API
MH-Yavatmal,2019-05-20,36.9,43.1,30.5,0.0,0.0,0.0,26,7.91,0.167,0.187,0.194,39.1,37.5,20.39324,78.13201,ERA5,Asia/Kolkata,Open-Meteo Historical Weather API
MH-Yavatmal,2019-05-21,37.6,44.5,30.8,0.0,0.0,0.0,25,7.87,0.167,0.186,0.193,39.8,37.9,20.39324,78.13201,ERA5,Asia/Kolkata,Open-Meteo Historical Weather API
MH-Yavatmal,2019-05-22,37.6,43.9,30.8,0.1,0.1,1.0,25,8.95,0.167,0.187,0.193,39.9,38.2,20.39324,78.13201,ERA5,Asia/Kolkata,Open-Meteo Historical Weather API
MH-Yavatmal,2019-05-23,37.8,43.8,31.5,0.0,0.0,0.0,25,8.52,0.169,0.187,0.192,40.4,38.5,20.39324,78.13201,ERA5,Asia/Kolkata,Open-Meteo Historical Weather API
MH-Yavatmal,2019-05-24,37.7,43.0,32.3,0.0,0.0,0.0,25,9.67,0.169,0.187,0.192,40.1,38.7,20.39324,78.13201,ERA5,Asia/Kolkata,Open-Meteo Historical Weather API
MH-Yavatmal,2019-05-25,37.8,43.3,32.0,0.0,0.0,0.0,25,10.66,0.168,0.187,0.192,39.9,38.5,20.39324,78.13201,ERA5,Asia/Kolkata,Open-Meteo Historical Weather API
MH-Yavatmal,2019-05-26,38.6,44.3,32.7,0.0,0.0,0.0,25,10.38,0.167,0.187,0.191,40.3,38.5,20.39324,78.13201,ERA5,Asia/Kolkata,Open-Meteo Historical Weather API
MH-Yavatmal,2019-05-27,38.5,44.3,32.6,0.0,0.0,0.0,24,10.69,0.165,0.186,0.191,40.4,38.8,20.39324,78.13201,ERA5,Asia/Kolkata,Open-Meteo Historical Weather API
MH-Yavatmal,2019-05-28,38.9,44.8,33.5,0.0,0.0,0.0,23,11.17,0.165,0.186,0.19,40.8,39.0,20.39324,78.13201,ERA5,Asia/Kolkata,Open-Meteo Historical Weather API
MH-Yavatmal,2019-05-29,38.7,44.8,33.0,0.0,0.0,0.0,22,9.89,0.166,0.186,0.19,40.7,39.1,20.39324,78.13201,ERA5,Asia/Kolkata,Open-Meteo Historical Weather API
MH-Yavatmal,2019-05-30,37.4,43.3,31.1,0.0,0.0,0.0,31,7.62,0.167,0.186,0.191,40.1,39.0,20.39324,78.13201,ERA5,Asia/Kolkata,Open-Meteo Historical Weather API
MH-Yavatmal,2019-05-31,38.5,44.1,33.5,0.0,0.0,0.0,26,7.81,0.167,0.186,0.192,40.9,39.2,20.39324,78.13201,ERA5,Asia/Kolkata,Open-Meteo Historical Weather API
MH-Yavatmal,2019-06-01,37.0,41.4,33.4,0.0,0.0,0.0,30,7.74,0.166,0.186,0.194,40.1,39.5,20.39324,78.13201,ERA5,Asia/Kolkata,Open-Meteo Historical Weather API
MH-Yavatmal,2019-06-02,37.6,44.1,31.2,0.0,0.0,0.0,28,7.84,0.166,0.186,0.194,39.9,39.1,20.39324,78.13201,ERA5,Asia/Kolkata,Open-Meteo Historical Weather API
MH-Yavatmal,2019-06-03,37.0,44.1,32.1,0.0,0.0,0.0,31,7.91,0.166,0.185,0.195,39.6,39.0,20.39324,78.13201,ERA5,Asia/Kolkata,Open-Meteo Historical Weather API
MH-Yavatmal,2019-06-04,36.7,43.0,30.9,0.0,0.0,0.0,32,8.71,0.17,0.187,0.2,38.9,38.6,20.39324,78.13201,ERA5,Asia/Kolkata,Open-Meteo Historical Weather API
MH-Yavatmal,2019-06-05,37.7,43.8,32.4,0.0,0.0,0.0,31,8.91,0.172,0.188,0.202,39.9,38.9,20.39324,78.13201,ERA5,Asia/Kolkata,Open-Meteo Historical Weather API
MH-Yavatmal,2019-06-06,38.0,44.8,33.2,1.7,1.7,2.0,31,9.09,0.182,0.189,0.206,39.9,39.1,20.39324,78.13201,ERA5,Asia/Kolkata,Open-Meteo Historical Weather API
MH-Yavatmal,2019-06-07,37.8,44.1,32.7,0.0,0.0,0.0,31,9.12,0.198,0.191,0.208,39.8,39.0,20.39324,78.13201,ERA5,Asia/Kolkata,Open-Meteo Historical Weather API
MH-Yavatmal,2019-06-08,35.3,41.6,28.7,0.0,0.0,0.0,39,7.62,0.198,0.198,0.217,38.2,38.8,20.39324,78.13201,ERA5,Asia/Kolkata,Open-Meteo Historical Weather API
MH-Yavatmal,2019-06-09,35.7,41.9,30.4,0.1,0.1,1.0,39,7.72,0.199,0.205,0.224,38.4,38.4,20.39324,78.13201,ERA5,Asia/Kolkata,Open-Meteo Historical Weather API
MH-Yavatmal,2019-06-10,36.5,43.4,30.1,0.0,0.0,0.0,35,8.76,0.193,0.203,0.223,38.9,38.3,20.39324,78.13201,ERA5,Asia/Kolkata,Open-Meteo Historical Weather API
MH-Yavatmal,2019-06-11,37.2,43.0,31.4,0.0,0.0,0.0,35,8.18,0.186,0.198,0.218,39.6,38.5,20.39324,78.13201,ERA5,Asia/Kolkata,Open-Meteo Historical Weather API
MH-Yavatmal,2019-06-12,36.7,42.0,31.5,0.0,0.0,0.0,38,9.41,0.184,0.192,0.212,39.5,38.5,20.39324,78.13201,ERA5,Asia/Kolkata,Open-Meteo Historical Weather API
MH-Yavatmal,2019-06-13,35.6,41.1,29.1,0.0,0.0,0.0,39,9.19,0.178,0.191,0.209,38.5,38.0,20.39324,78.13201,ERA5,Asia/Kolkata,Open-Meteo Historical Weather API
MH-Yavatmal,2019-06-14,35.9,40.4,31.4,0.0,0.0,0.0,38,8.37,0.175,0.19,0.206,39.1,38.1,20.39324,78.13201,ERA5,Asia/Kolkata,Open-Meteo Historical Weather API
MH-Yavatmal,2019-06-15,35.9,41.0,31.7,0.0,0.0,0.0,37,9.15,0.179,0.19,0.205,38.9,38.2,20.39324,78.13201,ERA5,Asia/Kolkata,Open-Meteo Historical Weather API
MH-Yavatmal,2019-06-16,34.9,39.9,30.9,0.0,0.0,0.0,40,9.13,0.181,0.19,0.206,38.0,37.8,20.39324,78.13201,ERA5,Asia/Kolkata,Open-Meteo Historical Weather API
MH-Yavatmal,2019-06-17,34.3,38.4,31.0,0.0,0.0,0.0,43,8.64,0.184,0.191,0.207,37.3,37.4,20.39324,78.13201,ERA5,Asia/Kolkata,Open-Meteo Historical Weather API
MH-Yavatmal,2019-06-18,34.9,39.4,29.7,0.0,0.0,0.0,39,8.24,0.185,0.192,0.209,37.8,37.2,20.39324,78.13201,ERA5,Asia/Kolkata,Open-Meteo Historical Weather API
MH-Yavatmal,2019-06-19,34.8,38.7,30.8,0.2,0.2,1.0,41,8.43,0.183,0.191,0.207,37.9,37.3,20.39324,78.13201,ERA5,Asia/Kolkata,Open-Meteo Historical Weather API
MH-Yavatmal,2019-06-20,34.1,39.9,29.7,0.0,0.0,0.0,43,7.63,0.184,0.191,0.206,37.3,37.0,20.39324,78.13201,ERA5,Asia/Kolkata,Open-Meteo Historical Weather API
MH-Yavatmal,2019-06-21,32.3,37.6,27.2,1.9,1.9,6.0,51,6.24,0.194,0.193,0.21,36.0,36.7,20.39324,78.13201,ERA5,Asia/Kolkata,Open-Meteo Historical Weather API
MH-Yavatmal,2019-06-22,29.6,36.7,25.0,6.5,6.5,8.0,65,5.5,0.22,0.193,0.21,33.5,35.3,20.39324,78.13201,ERA5,Asia/Kolkata,Open-Meteo Historical Weather API
MH-Yavatmal,2019-06-23,27.4,31.0,24.5,16.6,16.6,20.0,77,2.94,0.326,0.196,0.211,30.5,32.8,20.39324,78.13201,ERA5,Asia/Kolkata,Open-Meteo Historical Weather API
MH-Yavatmal,2019-06-24,27.7,33.1,23.9,69.2,69.2,18.0,79,3.01,0.443,0.352,0.221,30.0,31.5,20.39324,78.13201,ERA5,Asia/Kolkata,Open-Meteo Historical Weather API
MH-Yavatmal,2019-06-25,30.9,35.4,25.5,2.5,2.5,5.0,68,5.21,0.415,0.385,0.227,32.5,31.8,20.39324,78.13201,ERA5,Asia/Kolkata,Open-Meteo Historical Weather API
MH-Yavatmal,2019-06-26,30.7,36.4,26.1,7.4,7.4,9.0,67,5.35,0.416,0.383,0.225,32.8,32.3,20.39324,78.13201,ERA5,Asia/Kolkata,Open-Meteo Historical Weather API
MH-Yavatmal,2019-06-27,30.1,34.6,25.4,2.2,2.2,3.0,67,5.71,0.416,0.397,0.225,31.8,32.2,20.39324,78.13201,ERA5,Asia/Kolkata,Open-Meteo Historical Weather API
MH-Yavatmal,2019-06-28,28.1,31.3,25.6,3.7,3.7,6.0,73,4.19,0.399,0.383,0.225,30.4,31.5,20.39324,78.13201,ERA5,Asia/Kolkata,Open-Meteo Historical Weather API
MH-Yavatmal,2019-06-29,26.8,29.3,23.9,5.9,5.9,18.0,78,3.49,0.424,0.388,0.227,29.1,30.3,20.39324,78.13201,ERA5,Asia/Kolkata,Open-Meteo Historical Weather API
MH-Yavatmal,2019-06-30,26.4,29.5,22.1,2.2,2.2,6.0,75,3.13,0.408,0.386,0.229,27.6,29.0,20.39324,78.13201,ERA5,Asia/Kolkata,Open-Meteo Historical Weather API
MH-Yavatmal,2019-07-01,26.6,29.9,23.3,9.7,9.7,13.0,78,2.35,0.431,0.394,0.229,27.4,28.5,20.39324,78.13201,ERA5,Asia/Kolkata,Open-Meteo Historical Weather API
MH-Yavatmal,2019-07-02,25.6,27.1,24.1,12.2,12.2,21.0,84,1.99,0.436,0.402,0.231,26.9,28.3,20.39324,78.13201,ERA5,Asia/Kolkata,Open-Meteo Historical Weather API
MH-Yavatmal,2019-07-03,25.0,27.2,23.7,52.2,52.2,24.0,85,2.12,0.46,0.446,0.247,26.5,27.6,20.39324,78.13201,ERA5,Asia/Kolkata,Open-Meteo Historical Weather API
MH-Yavatmal,2019-07-04,27.1,30.0,24.0,17.6,17.6,13.0,76,3.3,0.448,0.446,0.287,27.3,27.4,20.39324,78.13201,ERA5,Asia/Kolkata,Open-Meteo Historical Weather API
MH-Yavatmal,2019-07-05,26.5,28.6,24.4,11.3,11.3,15.0,79,2.82,0.44,0.427,0.294,27.4,27.9,20.39324,78.13201,ERA5,Asia/Kolkata,Open-Meteo Historical Weather API
MH-Yavatmal,2019-07-06,25.6,27.8,23.9,9.2,9.2,16.0,84,1.76,0.449,0.437,0.302,26.1,27.1,20.39324,78.13201,ERA5,Asia/Kolkata,Open-Meteo Historical Weather API
MH-Yavatmal,2019-07-07,26.1,29.4,24.4,13.6,13.6,21.0,82,2.59,0.45,0.441,0.31,26.3,26.7,20.39324,78.13201,ERA5,Asia/Kolkata,Open-Meteo Historical Weather API
MH-Yavatmal,2019-07-08,26.6,30.1,23.9,7.6,7.6,14.0,81,3.26,0.446,0.439,0.319,26.8,26.9,20.39324,78.13201,ERA5,Asia/Kolkata,Open-Meteo Historical Weather API
MH-Yavatmal,2019-07-09,27.2,30.1,24.5,2.5,2.5,10.0,79,2.76,0.438,0.433,0.327,27.2,27.2,20.39324,78.13201,ERA5,Asia/Kolkata,Open-Meteo Historical Weather API
MH-Yavatmal,2019-07-10,28.2,32.1,24.7,0.6,0.6,4.0,72,4.38,0.417,0.417,0.329,28.1,27.7,20.39324,78.13201,ERA5,Asia/Kolkata,Open-Meteo Historical Weather API
MH-Yavatmal,2019-07-11,27.7,30.9,25.5,1.0,1.0,6.0,74,4.05,0.414,0.406,0.329,28.2,28.2,20.39324,78.13201,ERA5,Asia/Kolkata,Open-Meteo Historical Weather API
MH-Yavatmal,2019-07-12,28.7,32.3,25.6,0.2,0.2,1.0,68,4.58,0.405,0.401,0.328,28.8,28.3,20.39324,78.13201,ERA5,Asia/Kolkata,Open-Meteo Historical Weather API
MH-Yavatmal,2019-07-13,29.7,33.5,26.1,0.0,0.0,0.0,64,5.58,0.382,0.388,0.325,29.6,28.8,20.39324,78.13201,ERA5,Asia/Kolkata,Open-Meteo Historical Weather API
MH-Yavatmal,2019-07-14,29.8,33.8,26.9,0.1,0.1,1.0,63,5.8,0.358,0.371,0.32,30.0,29.2,20.39324,78.13201,ERA5,Asia/Kolkata,Open-Meteo Historical Weather API
MH-Yavatmal,2019-07-15,29.5,33.8,26.0,0.0,0.0,0.0,62,5.42,0.338,0.354,0.315,29.7,29.2,20.39324,78.13201,ERA5,Asia/Kolkata,Open-Meteo Historical Weather API
MH-Yavatmal,2019-07-16,30.2,34.2,26.8,0.0,0.0,0.0,58,6.12,0.318,0.339,0.31,30.3,29.3,20.39324,78.13201,ERA5,Asia/Kolkata,Open-Meteo Historical Weather API
MH-Yavatmal,2019-07-17,30.7,34.8,27.2,0.0,0.0,0.0,58,6.58,0.294,0.321,0.304,30.9,29.7,20.39324,78.13201,ERA5,Asia/Kolkata,Open-Meteo Historical Weather API
MH-Yavatmal,2019-07-18,30.7,35.9,27.2,0.0,0.0,0.0,58,6.33,0.274,0.306,0.298,31.3,30.2,20.39324,78.13201,ERA5,Asia/Kolkata,Open-Meteo Historical Weather API
MH-Yavatmal,2019-07-19,28.2,31.8,25.4,4.5,4.5,9.0,73,3.33,0.273,0.299,0.295,29.5,29.9,20.39324,78.13201,ERA5,Asia/Kolkata,Open-Meteo Historical Weather API
MH-Yavatmal,2019-07-20,27.6,32.1,24.7,20.0,20.0,19.0,81,2.96,0.384,0.303,0.3,29.0,29.2,20.39324,78.13201,ERA5,Asia/Kolkata,Open-Meteo Historical Weather API
MH-Yavatmal,2019-07-21,28.4,32.4,24.8,4.4,4.4,6.0,74,4.53,0.408,0.341,0.3,30.0,29.3,20.39324,78.13201,ERA5,Asia/Kolkata,Open-Meteo Historical Weather API
MH-Yavatmal,2019-07-22,30.1,34.0,26.1,0.2,0.2,1.0,65,4.92,0.365,0.34,0.297,30.6,29.8,20.39324,78.13201,ERA5,Asia/Kolkata,Open-Meteo Historical Weather API
MH-Yavatmal,2019-07-23,30.5,34.8,26.4,0.0,0.0,0.0,63,5.71,0.341,0.329,0.293,31.6,30.3,20.39324,78.13201,ERA5,Asia/Kolkata,Open-Meteo Historical Weather API
MH-Yavatmal,2019-07-24,31.0,34.5,27.6,0.1,0.1,1.0,61,5.56,0.314,0.316,0.289,31.8,30.9,20.39324,78.13201,ERA5,Asia/Kolkata,Open-Meteo Historical Weather API
MH-Yavatmal,2019-07-25,28.5,32.7,25.0,5.9,5.9,10.0,72,4.69,0.318,0.307,0.286,30.3,30.7,20.39324,78.13201,ERA5,Asia/Kolkata,Open-Meteo Historical Weather API
MH-Yavatmal,2019-07-26,25.4,28.2,23.8,17.5,17.5,23.0,85,1.97,0.433,0.341,0.286,27.1,28.6,20.39324,78.13201,ERA5,Asia/Kolkata,Open-Meteo Historical Weather API
MH-Yavatmal,2019-07-27,24.7,26.4,23.5,63.8,63.8,24.0,87,2.04,0.463,0.445,0.303,26.0,27.2,20.39324,78.13201,ERA5,Asia/Kolkata,Open-Meteo Historical Weather API
MH-Yavatmal,2019-07-28,24.3,25.7,23.3,24.3,24.3,23.0,88,1.81,0.459,0.455,0.332,25.5,26.5,20.39324,78.13201,ERA5,Asia/Kolkata,Open-Meteo Historical Weather API
MH-Yavatmal,2019-07-29,23.9,25.2,22.9,24.6,24.6,24.0,91,1.24,0.462,0.457,0.352,24.9,26.0,20.39324,78.13201,ERA5,Asia/Kolkata,Open-Meteo Historical Weather API
MH-Yavatmal,2019-07-30,23.6,24.4,23.0,79.4,79.4,24.0,90,1.34,0.465,0.466,0.388,24.3,25.5,20.39324,78.13201,ERA5,Asia/Kolkata,Open-Meteo Historical Weather API
MH-Yavatmal,2019-07-31,23.7,25.2,22.4,31.3,31.3,18.0,87,1.87,0.459,0.461,0.424,24.3,25.2,20.39324,78.13201,ERA5,Asia/Kolkata,Open-Meteo Historical Weather API
MH-Yavatmal,2019-08-01,24.6,26.8,22.9,4.0,4.0,15.0,86,1.7,0.452,0.448,0.428,24.8,25.5,20.39324,78.13201,ERA5,Asia/Kolkata,Open-Meteo Historical Weather API
MH-Yavatmal,2019-08-02,24.6,25.9,23.7,31.5,31.5,19.0,89,1.46,0.454,0.452,0.43,24.9,25.5,20.39324,78.13201,ERA5,Asia/Kolkata,Open-Meteo Historical Weather API
MH-Yavatmal,2019-08-03,24.4,25.8,23.3,19.4,19.4,22.0,89,1.31,0.464,0.465,0.445,24.6,25.2,20.39324,78.13201,ERA5,Asia/Kolkata,Open-Meteo Historical Weather API
MH-Yavatmal,2019-08-04,26.0,28.2,23.8,1.4,1.4,4.0,80,3.15,0.447,0.451,0.448,25.8,25.6,20.39324,78.13201,ERA5,Asia/Kolkata,Open-Meteo Historical Weather API
MH-Yavatmal,2019-08-05,26.1,28.4,24.3,1.6,1.6,6.0,80,2.79,0.435,0.438,0.444,26.2,26.3,20.39324,78.13201,ERA5,Asia/Kolkata,Open-Meteo Historical Weather API
MH-Yavatmal,2019-08-06,25.4,26.7,24.5,9.1,9.1,15.0,86,1.91,0.441,0.435,0.441,25.7,26.1,20.39324,78.13201,ERA5,Asia/Kolkata,Open-Meteo Historical Weather API
MH-Yavatmal,2019-08-07,24.6,25.5,23.8,30.4,30.4,24.0,90,1.55,0.463,0.463,0.448,25.0,25.6,20.39324,78.13201,ERA5,Asia/Kolkata,Open-Meteo Historical Weather API
MH-Yavatmal,2019-08-08,23.7,24.4,23.2,90.8,90.8,24.0,91,1.16,0.466,0.464,0.463,24.1,25.0,20.39324,78.13201,ERA5,Asia/Kolkata,Open-Meteo Historical Weather API
MH-Yavatmal,2019-08-09,25.1,27.9,23.1,15.6,15.6,17.0,86,2.42,0.461,0.458,0.466,24.8,24.8,20.39324,78.13201,ERA5,Asia/Kolkata,Open-Meteo Historical Weather API
MH-Yavatmal,2019-08-10,27.1,30.2,24.1,0.0,0.0,0.0,77,4.17,0.439,0.444,0.458,26.7,25.9,20.39324,78.13201,ERA5,Asia/Kolkata,Open-Meteo Historical Weather API
MH-Yavatmal,2019-08-11,27.5,30.9,24.4,0.0,0.0,0.0,74,4.44,0.421,0.429,0.451,27.4,26.9,20.39324,78.13201,ERA5,Asia/Kolkata,Open-Meteo Historical Weather API
MH-Yavatmal,2019-08-12,27.4,30.9,24.8,0.7,0.7,3.0,75,4.37,0.408,0.418,0.446,27.7,27.3,20.39324,78.13201,ERA5,Asia/Kolkata,Open-Meteo Historical Weather API
MH-Yavatmal,2019-08-13,25.6,26.6,24.8,32.8,32.8,23.0,86,1.62,0.438,0.432,0.443,26.2,26.7,20.39324,78.13201,ERA5,Asia/Kolkata,Open-Meteo Historical Weather API
MH-Yavatmal,2019-08-14,25.1,26.1,24.2,23.2,23.2,24.0,89,1.33,0.465,0.46,0.459,25.4,25.8,20.39324,78.13201,ERA5,Asia/Kolkata,Open-Meteo Historical Weather API
MH-Yavatmal,2019-08-15,26.5,29.1,23.3,2.0,2.0,7.0,81,4.01,0.447,0.448,0.458,26.7,26.0,20.39324,78.13201,ERA5,Asia/Kolkata,Open-Meteo Historical Weather API
MH-Yavatmal,2019-08-16,27.4,30.8,24.0,0.4,0.4,3.0,76,4.35,0.428,0.435,0.452,27.4,26.9,20.39324,78.13201,ERA5,Asia/Kolkata,Open-Meteo Historical Weather API
MH-Yavatmal,2019-08-17,27.4,30.4,24.5,0.1,0.1,1.0,76,4.19,0.414,0.423,0.447,27.8,27.3,20.39324,78.13201,ERA5,Asia/Kolkata,Open-Meteo Historical Weather API
MH-Yavatmal,2019-08-18,27.8,30.7,25.1,0.0,0.0,0.0,75,4.3,0.403,0.413,0.441,28.1,27.4,20.39324,78.13201,ERA5,Asia/Kolkata,Open-Meteo Historical Weather API
MH-Yavatmal,2019-08-19,26.9,31.8,24.3,4.1,4.1,6.0,80,4.09,0.407,0.408,0.437,27.6,27.5,20.39324,78.13201,ERA5,Asia/Kolkata,Open-Meteo Historical Weather API
MH-Yavatmal,2019-08-20,26.1,29.7,24.3,31.4,31.4,21.0,86,2.47,0.459,0.456,0.44,26.6,26.8,20.39324,78.13201,ERA5,Asia/Kolkata,Open-Meteo Historical Weather API
MH-Yavatmal,2019-08-21,26.4,29.5,24.4,2.4,2.4,9.0,82,2.73,0.453,0.459,0.45,26.7,26.6,20.39324,78.13201,ERA5,Asia/Kolkata,Open-Meteo Historical Weather API
MH-Yavatmal,2019-08-22,26.0,29.5,24.0,6.7,6.7,12.0,82,2.92,0.454,0.454,0.449,26.2,26.4,20.39324,78.13201,ERA5,Asia/Kolkata,Open-Meteo Historical Weather API
MH-Yavatmal,2019-08-23,26.1,28.5,23.7,1.0,1.0,5.0,82,2.74,0.445,0.448,0.447,26.1,26.3,20.39324,78.13201,ERA5,Asia/Kolkata,Open-Meteo Historical Weather API
MH-Yavatmal,2019-08-24,25.7,27.1,24.5,12.9,12.9,17.0,84,2.58,0.454,0.451,0.446,26.0,26.2,20.39324,78.13201,ERA5,Asia/Kolkata,Open-Meteo Historical Weather API
MH-Yavatmal,2019-08-25,24.2,25.2,22.5,13.4,13.4,24.0,88,1.23,0.464,0.464,0.451,24.8,25.4,20.39324,78.13201,ERA5,Asia/Kolkata,Open-Meteo Historical Weather API
MH-Yavatmal,2019-08-26,24.1,25.2,22.6,24.5,24.5,16.0,88,1.38,0.462,0.464,0.463,24.3,24.6,20.39324,78.13201,ERA5,Asia/Kolkata,Open-Meteo Historical Weather API
MH-Yavatmal,2019-08-27,24.1,25.2,23.2,2.7,2.7,11.0,84,2.17,0.451,0.452,0.461,24.6,24.7,20.39324,78.13201,ERA5,Asia/Kolkata,Open-Meteo Historical Weather API
MH-Yavatmal,2019-08-28,26.2,29.7,22.8,1.3,1.3,5.0,84,3.66,0.441,0.443,0.456,26.4,25.4,20.39324,78.13201,ERA5,Asia/Kolkata,Open-Meteo Historical Weather API
MH-Yavatmal,2019-08-29,27.1,30.1,25.0,3.6,3.6,9.0,82,2.76,0.442,0.438,0.451,27.4,26.4,20.39324,78.13201,ERA5,Asia/Kolkata,Open-Meteo Historical Weather API
MH-Yavatmal,2019-08-30,27.0,30.7,24.7,6.6,6.6,9.0,81,3.65,0.437,0.435,0.447,27.7,26.9,20.39324,78.13201,ERA5,Asia/Kolkata,Open-Meteo Historical Weather API
MH-Yavatmal,2019-08-31,26.2,29.2,24.4,17.8,17.8,23.0,86,2.87,0.457,0.451,0.445,26.9,26.7,20.39324,78.13201,ERA5,Asia/Kolkata,Open-Meteo Historical Weather API
MH-Yavatmal,2019-09-01,26.1,29.7,23.6,4.9,4.9,14.0,85,2.34,0.459,0.459,0.447,26.5,26.4,20.39324,78.13201,ERA5,Asia/Kolkata,Open-Meteo Historical Weather API
MH-Yavatmal,2019-09-02,25.7,28.3,24.2,9.6,9.6,14.0,85,2.45,0.457,0.457,0.448,26.3,26.2,20.39324,78.13201,ERA5,Asia/Kolkata,Open-Meteo Historical Weather API
MH-Yavatmal,2019-09-03,25.4,27.0,23.9,14.7,14.7,17.0,88,1.77,0.461,0.463,0.457,25.8,25.8,20.39324,78.13201,ERA5,Asia/Kolkata,Open-Meteo Historical Weather API
MH-Yavatmal,2019-09-04,25.2,27.0,24.1,23.9,23.9,24.0,90,1.43,0.462,0.463,0.461,25.7,25.6,20.39324,78.13201,ERA5,Asia/Kolkata,Open-Meteo Historical Weather API
MH-Yavatmal,2019-09-05,25.6,27.6,23.8,23.3,23.3,22.0,88,1.88,0.464,0.461,0.444,25.7,25.5,20.39324,78.13201,ERA5,Asia/Kolkata,Open-Meteo Historical Weather API
MH-Yavatmal,2019-09-06,25.6,27.3,24.4,4.1,4.1,10.0,87,2.23,0.455,0.455,0.435,26.0,25.8,20.39324,78.13201,ERA5,Asia/Kolkata,Open-Meteo Historical Weather API
MH-Yavatmal,2019-09-07,26.3,29.6,24.3,1.4,1.4,6.0,83,2.65,0.45,0.452,0.431,26.2,25.9,20.39324,78.13201,ERA5,Asia/Kolkata,Open-Meteo Historical Weather API
MH-Yavatmal,2019-09-08,25.3,27.6,24.2,12.3,12.3,23.0,88,2.33,0.463,0.458,0.43,25.9,25.9,20.39324,78.13201,ERA5,Asia/Kolkata,Open-Meteo Historical Weather API
MH-Yavatmal,2019-09-09,25.6,29.3,23.6,4.1,4.1,4.0,87,1.99,0.452,0.453,0.43,25.6,25.7,20.39324,78.13201,ERA5,Asia/Kolkata,Open-Meteo Historical Weather API
MH-Yavatmal,2019-09-10,26.2,28.5,24.1,3.1,3.1,11.0,84,2.71,0.449,0.45,0.428,26.0,25.7,20.39324,78.13201,ERA5,Asia/Kolkata,Open-Meteo Historical Weather API
MH-Yavatmal,2019-09-11,25.5,26.9,24.2,10.6,10.6,10.0,86,2.12,0.447,0.445,0.426,26.0,25.8,20.39324,78.13201,ERA5,Asia/Kolkata,Open-Meteo Historical Weather API
MH-Yavatmal,2019-09-12,24.7,26.3,23.6,18.2,18.2,23.0,90,1.57,0.463,0.463,0.431,25.1,25.4,20.39324,78.13201,ERA5,Asia/Kolkata,Open-Meteo Historical Weather API
MH-Yavatmal,2019-09-13,25.2,28.9,23.3,4.8,4.8,7.0,84,2.78,0.453,0.457,0.438,25.4,25.3,20.39324,78.13201,ERA5,Asia/Kolkata,Open-Meteo Historical Weather API
MH-Yavatmal,2019-09-14,24.9,26.9,22.7,4.6,4.6,7.0,84,3.15,0.443,0.448,0.436,25.6,25.6,20.39324,78.13201,ERA5,Asia/Kolkata,Open-Meteo Historical Weather API
MH-Yavatmal,2019-09-15,25.6,28.4,23.3,3.0,3.0,10.0,84,3.52,0.443,0.446,0.434,26.2,26.0,20.39324,78.13201,ERA5,Asia/Kolkata,Open-Meteo Historical Weather API
MH-Yavatmal,2019-09-16,26.3,29.1,24.4,5.4,5.4,6.0,83,2.95,0.442,0.441,0.432,26.6,26.2,20.39324,78.13201,ERA5,Asia/Kolkata,Open-Meteo Historical Weather API
MH-Yavatmal,2019-09-17,26.3,28.9,24.4,9.7,9.7,15.0,85,2.63,0.449,0.445,0.431,26.6,26.0,20.39324,78.13201,ERA5,Asia/Kolkata,Open-Meteo Historical Weather API
MH-Yavatmal,2019-09-18,26.0,29.0,23.7,7.1,7.1,9.0,86,2.18,0.456,0.456,0.433,26.4,26.1,20.39324,78.13201,ERA5,Asia/Kolkata,Open-Meteo Historical Weather API
MH-Yavatmal,2019-09-19,25.8,29.0,23.6,21.7,21.7,22.0,87,2.1,0.459,0.462,0.439,26.5,26.0,20.39324,78.13201,ERA5,Asia/Kolkata,Open-Meteo Historical Weather API
MH-Yavatmal,2019-09-20,26.6,30.1,23.9,5.7,5.7,11.0,85,3.14,0.454,0.458,0.446,27.1,26.1,20.39324,78.13201,ERA5,Asia/Kolkata,Open-Meteo Historical Weather API
MH-Yavatmal,2019-09-21,26.1,29.6,23.2,8.1,8.1,13.0,86,3.0,0.456,0.458,0.446,27.2,26.5,20.39324,78.13201,ERA5,Asia/Kolkata,Open-Meteo Historical Weather API
MH-Yavatmal,2019-09-22,26.6,31.3,23.5,14.7,14.7,11.0,84,3.79,0.45,0.454,0.445,27.7,26.8,20.39324,78.13201,ERA5,Asia/Kolkata,Open-Meteo Historical Weather API
MH-Yavatmal,2019-09-23,26.9,29.9,23.6,16.8,16.8,16.0,83,4.05,0.453,0.455,0.445,28.3,27.2,20.39324,78.13201,ERA5,Asia/Kolkata,Open-Meteo Historical Weather API
MH-Yavatmal,2019-09-24,26.0,29.7,23.4,10.2,10.2,16.0,86,2.59,0.459,0.461,0.447,27.2,27.1,20.39324,78.13201,ERA5,Asia/Kolkata,Open-Meteo Historical Weather API
MH-Yavatmal,2019-09-25,24.8,27.2,23.2,18.4,18.4,18.0,90,1.49,0.462,0.464,0.45,26.0,26.3,20.39324,78.13201,ERA5,Asia/Kolkata,Open-Meteo Historical Weather API
MH-Yavatmal,2019-09-26,25.6,29.5,23.1,23.4,23.4,22.0,86,2.83,0.462,0.465,0.456,26.3,25.8,20.39324,78.13201,ERA5,Asia/Kolkata,Open-Meteo Historical Weather API
MH-Yavatmal,2019-09-27,26.1,29.9,23.6,3.1,3.1,8.0,83,3.06,0.452,0.459,0.46,26.4,26.0,20.39324,78.13201,ERA5,Asia/Kolkata,Open-Meteo Historical Weather API
MH-Yavatmal,2019-09-28,26.3,30.7,23.3,6.4,6.4,8.0,83,3.58,0.445,0.446,0.457,27.0,26.3,20.39324,78.13201,ERA5,Asia/Kolkata,Open-Meteo Historical Weather API
MH-Yavatmal,2019-09-29,26.3,30.6,23.3,3.7,3.7,7.0,82,3.15,0.45,0.449,0.454,27.0,26.5,20.39324,78.13201,ERA5,Asia/Kolkata,Open-Meteo Historical Weather API
MH-Yavatmal,2019-09-30,26.4,30.9,23.0,3.8,3.8,6.0,82,3.6,0.44,0.445,0.452,27.2,26.6,20.39324,78.13201,ERA5,Asia/Kolkata,Open-Meteo Historical Weather API
MH-Yavatmal,2019-10-01,27.0,30.5,23.5,0.4,0.4,3.0,78,4.07,0.435,0.438,0.449,27.7,26.9,20.39324,78.13201,ERA5,Asia/Kolkata,Open-Meteo Historical Weather API
MH-Yavatmal,2019-10-02,26.4,30.6,22.8,0.0,0.0,0.0,76,3.76,0.419,0.428,0.446,27.0,26.8,20.39324,78.13201,ERA5,Asia/Kolkata,Open-Meteo Historical Weather API
MH-Yavatmal,2019-10-03,26.7,30.7,23.2,0.6,0.6,3.0,78,4.12,0.407,0.418,0.442,27.4,26.7,20.39324,78.13201,ERA5,Asia/Kolkata,Open-Meteo Historical Weather API
MH-Yavatmal,2019-10-04,26.8,30.8,23.4,0.2,0.2,1.0,77,4.1,0.398,0.41,0.438,27.7,26.9,20.39324,78.13201,ERA5,Asia/Kolkata,Open-Meteo Historical Weather API
MH-Yavatmal,2019-10-05,26.6,30.9,23.1,0.2,0.2,1.0,78,4.02,0.387,0.401,0.434,27.7,27.0,20.39324,78.13201,ERA5,Asia/Kolkata,Open-Meteo Historical Weather API
MH-Yavatmal,2019-10-06,26.2,29.6,23.0,0.3,0.3,2.0,77,3.98,0.38,0.394,0.43,27.4,27.0,20.39324,78.13201,ERA5,Asia/Kolkata,Open-Meteo Historical Weather API
MH-Yavatmal,2019-10-07,26.4,29.9,22.7,1.1,1.1,2.0,78,3.77,0.379,0.388,0.427,27.3,27.0,20.39324,78.13201,ERA5,Asia/Kolkata,Open-Meteo Historical Weather API
MH-Yavatmal,2019-10-08,26.8,30.9,23.0,0.0,0.0,0.0,72,4.31,0.372,0.383,0.423,27.5,27.0,20.39324,78.13201,ERA5,Asia/Kolkata,Open-Meteo Historical Weather API
MH-Yavatmal,2019-10-09,26.4,30.5,22.2,0.4,0.4,1.0,74,4.19,0.363,0.376,0.419,27.3,26.8,20.39324,78.13201,ERA5,Asia/Kolkata,Open-Meteo Historical Weather API
MH-Yavatmal,2019-10-10,26.5,31.1,23.0,0.0,0.0,0.0,74,4.15,0.354,0.369,0.415,27.3,26.9,20.39324,78.13201,ERA5,Asia/Kolkata,Open-Meteo Historical Weather API
MH-Yavatmal,2019-10-11,26.3,31.0,21.5,0.0,0.0,0.0,73,4.19,0.345,0.363,0.41,27.1,26.7,20.39324,78.13201,ERA5,Asia/Kolkata,Open-Meteo Historical Weather API
MH-Yavatmal,2019-10-12,26.5,31.2,22.6,0.0,0.0,0.0,75,3.94,0.336,0.357,0.406,27.4,26.9,20.39324,78.13201,ERA5,Asia/Kolkata,Open-Meteo Historical Weather API
MH-Yavatmal,2019-10-13,26.8,30.7,22.0,0.0,0.0,0.0,71,4.2,0.328,0.351,0.402,27.2,26.9,20.39324,78.13201,ERA5,Asia/Kolkata,Open-Meteo Historical Weather API
MH-Yavatmal,2019-10-14,26.3,31.9,21.8,0.0,0.0,0.0,64,4.8,0.317,0.344,0.398,27.1,27.0,20.39324,78.13201,ERA5,Asia/Kolkata,Open-Meteo Historical Weather API
MH-Yavatmal,2019-10-15,25.1,31.6,18.5,0.0,0.0,0.0,65,4.65,0.304,0.335,0.392,25.9,26.1,20.39324,78.13201,ERA5,Asia/Kolkata,Open-Meteo Historical Weather API
MH-Yavatmal,2019-10-16,25.4,30.8,20.4,0.0,0.0,0.0,68,4.3,0.295,0.328,0.387,26.0,25.9,20.39324,78.13201,ERA5,Asia/Kolkata,Open-Meteo Historical Weather API
MH-Yavatmal,2019-10-17,25.3,30.6,20.6,0.0,0.0,0.0,71,4.15,0.285,0.32,0.381,26.1,26.0,20.39324,78.13201,ERA5,Asia/Kolkata,Open-Meteo Historical Weather API
MH-Yavatmal,2019-10-18,24.4,27.0,22.0,9.6,9.6,11.0,84,2.48,0.318,0.316,0.378,25.8,26.0,20.39324,78.13201,ERA5,Asia/Kolkata,Open-Meteo Historical Weather API
MH-Yavatmal,2019-10-19,24.7,27.1,22.5,7.3,7.3,13.0,85,1.78,0.398,0.325,0.376,25.6,25.7,20.39324,78.13201,ERA5,Asia/Kolkata,Open-Meteo Historical Weather API
MH-Yavatmal,2019-10-20,23.9,26.6,22.2,18.1,18.1,13.0,87,2.24,0.415,0.352,0.374,25.2,25.3,20.39324,78.13201,ERA5,Asia/Kolkata,Open-Meteo Historical Weather API
MH-Yavatmal,2019-10-21,24.4,27.5,22.1,2.6,2.6,8.0,85,2.12,0.428,0.391,0.374,25.2,25.0,20.39324,78.13201,ERA5,Asia/Kolkata,Open-Meteo Historical Weather API
MH-Yavatmal,2019-10-22,24.9,29.1,22.5,5.0,5.0,4.0,83,3.3,0.427,0.402,0.374,26.1,25.5,20.39324,78.13201,ERA5,Asia/Kolkata,Open-Meteo Historical Weather API
MH-Yavatmal,2019-10-23,25.8,29.9,22.3,0.0,0.0,0.0,76,3.38,0.409,0.399,0.373,26.3,25.8,20.39324,78.13201,ERA5,Asia/Kolkata,Open-Meteo Historical Weather API
MH-Yavatmal,2019-10-24,25.0,27.4,22.9,0.0,0.0,0.0,74,3.33,0.39,0.389,0.372,26.0,25.9,20.39324,78.13201,ERA5,Asia/Kolkata,Open-Meteo Historical Weather API
MH-Yavatmal,2019-10-25,23.2,25.0,21.9,10.6,10.6,19.0,88,0.94,0.431,0.397,0.371,24.4,25.2,20.39324,78.13201,ERA5,Asia/Kolkata,Open-Meteo Historical Weather API
MH-Yavatmal,2019-10-26,24.1,27.2,22.0,8.7,8.7,17.0,87,1.62,0.432,0.407,0.372,24.7,24.4,20.39324,78.13201,ERA5,Asia/Kolkata,Open-Meteo Historical Weather API
MH-Yavatmal,2019-10-27,24.9,28.6,22.4,13.9,13.9,17.0,86,2.43,0.453,0.434,0.377,25.7,24.8,20.39324,78.13201,ERA5,Asia/Kolkata,Open-Meteo Historical Weather API
MH-Yavatmal,2019-10-28,25.4,29.4,22.0,3.5,3.5,12.0,82,3.34,0.449,0.44,0.383,26.4,25.6,20.39324,78.13201,ERA5,Asia/Kolkata,Open-Meteo Historical Weather API
MH-Yavatmal,2019-10-29,25.6,30.5,22.2,7.1,7.1,6.0,81,3.5,0.438,0.432,0.386,26.8,25.9,20.39324,78.13201,ERA5,Asia/Kolkata,Open-Meteo Historical Weather API
MH-Yavatmal,2019-10-30,25.3,29.6,22.0,2.2,2.2,5.0,81,3.37,0.439,0.433,0.387,26.9,26.1,20.39324,78.13201,ERA5,Asia/Kolkata,Open-Meteo Historical Weather API
MH-Yavatmal,2019-10-31,25.0,29.5,22.0,6.5,6.5,7.0,83,3.48,0.435,0.43,0.388,26.6,26.2,20.39324,78.13201,ERA5,Asia/Kolkata,Open-Meteo Historical Weather API
MH-Yavatmal,2019-11-01,25.4,28.6,22.8,1.7,1.7,6.0,81,2.2,0.431,0.428,0.388,26.1,25.8,20.39324,78.13201,ERA5,Asia/Kolkata,Open-Meteo Historical Weather API
MH-Yavatmal,2019-11-02,25.8,29.6,23.2,10.1,10.1,9.0,79,3.15,0.45,0.441,0.391,26.5,25.7,20.39324,78.13201,ERA5,Asia/Kolkata,Open-Meteo Historical Weather API
MH-Yavatmal,2019-11-03,25.6,30.2,22.4,0.2,0.2,1.0,76,3.59,0.429,0.433,0.392,26.4,25.8,20.39324,78.13201,ERA5,Asia/Kolkata,Open-Meteo Historical Weather API
MH-Yavatmal,2019-11-04,25.9,31.1,22.0,0.0,0.0,0.0,76,3.75,0.413,0.421,0.392,26.5,26.0,20.39324,78.13201,ERA5,Asia/Kolkata,Open-Meteo Historical Weather API
MH-Yavatmal,2019-11-05,25.8,30.6,22.1,0.3,0.3,1.0,74,3.75,0.399,0.41,0.39,26.5,26.0,20.39324,78.13201,ERA5,Asia/Kolkata,Open-Meteo Historical Weather API
MH-Yavatmal,2019-11-06,25.6,30.9,21.5,0.3,0.3,1.0,78,3.35,0.389,0.401,0.388,26.5,26.0,20.39324,78.13201,ERA5,Asia/Kolkata,Open-Meteo Historical Weather API
MH-Yavatmal,2019-11-07,25.6,30.5,21.5,0.2,0.2,1.0,77,3.54,0.384,0.393,0.386,26.5,26.1,20.39324,78.13201,ERA5,Asia/Kolkata,Open-Meteo Historical Weather API
MH-Yavatmal,2019-11-08,25.2,29.7,21.8,0.2,0.2,1.0,79,3.29,0.376,0.386,0.383,26.5,26.1,20.39324,78.13201,ERA5,Asia/Kolkata,Open-Meteo Historical Weather API
MH-Yavatmal,2019-11-09,24.6,29.9,21.0,0.0,0.0,0.0,73,3.89,0.368,0.379,0.381,25.9,26.0,20.39324,78.13201,ERA5,Asia/Kolkata,Open-Meteo Historical Weather API
MH-Yavatmal,2019-11-10,24.3,29.9,18.5,0.0,0.0,0.0,70,3.96,0.355,0.372,0.379,24.9,25.4,20.39324,78.13201,ERA5,Asia/Kolkata,Open-Meteo Historical Weather API
MH-Yavatmal,2019-11-11,24.4,29.6,18.6,0.0,0.0,0.0,71,3.83,0.345,0.364,0.376,24.9,25.0,20.39324,78.13201,ERA5,Asia/Kolkata,Open-Meteo Historical Weather API
MH-Yavatmal,2019-11-12,23.7,29.4,19.3,0.0,0.0,0.0,72,3.82,0.338,0.358,0.374,24.4,24.8,20.39324,78.13201,ERA5,Asia/Kolkata,Open-Meteo Historical Weather API
MH-Yavatmal,2019-11-13,22.8,28.5,18.5,0.0,0.0,0.0,68,3.96,0.328,0.353,0.372,23.6,24.3,20.39324,78.13201,ERA5,Asia/Kolkata,Open-Meteo Historical Weather API
MH-Yavatmal,2019-11-14,21.6,28.3,16.4,0.0,0.0,0.0,71,3.87,0.32,0.345,0.369,22.9,23.7,20.39324,78.13201,ERA5,Asia/Kolkata,Open-Meteo Historical Weather API
MH-Yavatmal,2019-11-15,22.5,28.8,17.2,0.0,0.0,0.0,66,3.76,0.311,0.339,0.366,23.0,23.5,20.39324,78.13201,ERA5,Asia/Kolkata,Open-Meteo Historical Weather API
MH-Yavatmal,2019-11-16,23.0,29.3,17.8,0.0,0.0,0.0,68,3.66,0.303,0.332,0.363,23.4,23.9,20.39324,78.13201,ERA5,Asia/Kolkata,Open-Meteo Historical Weather API
MH-Yavatmal,2019-11-17,23.0,29.2,17.5,0.0,0.0,0.0,69,3.72,0.296,0.327,0.361,23.6,24.0,20.39324,78.13201,ERA5,Asia/Kolkata,Open-Meteo Historical Weather API
MH-Yavatmal,2019-11-18,22.5,29.1,17.1,0.0,0.0,0.0,66,3.97,0.289,0.322,0.359,22.9,23.8,20.39324,78.13201,ERA5,Asia/Kolkata,Open-Meteo Historical Weather API
MH-Yavatmal,2019-11-19,22.6,29.5,15.9,0.0,0.0,0.0,63,3.7,0.282,0.317,0.357,22.5,23.2,20.39324,78.13201,ERA5,Asia/Kolkata,Open-Meteo Historical Weather API
MH-Yavatmal,2019-11-20,22.5,29.3,16.9,0.0,0.0,0.0,66,3.8,0.277,0.313,0.355,22.7,23.2,20.39324,78.13201,ERA5,Asia/Kolkata,Open-Meteo Historical Weather API
MH-Yavatmal,2019-11-21,22.0,28.9,16.5,0.0,0.0,0.0,69,3.57,0.272,0.31,0.354,22.8,23.2,20.39324,78.13201,ERA5,Asia/Kolkata,Open-Meteo Historical Weather API
MH-Yavatmal,2019-11-22,22.6,29.2,17.3,0.0,0.0,0.0,66,3.7,0.268,0.306,0.353,22.9,23.5,20.39324,78.13201,ERA5,Asia/Kolkata,Open-Meteo Historical Weather API
MH-Yavatmal,2019-11-23,22.4,29.1,16.7,0.0,0.0,0.0,68,3.54,0.264,0.303,0.353,22.5,23.3,20.39324,78.13201,ERA5,Asia/Kolkata,Open-Meteo Historical Weather API
MH-Yavatmal,2019-11-24,22.6,29.1,17.2,0.0,0.0,0.0,67,3.54,0.26,0.3,0.351,22.3,23.1,20.39324,78.13201,ERA5,Asia/Kolkata,Open-Meteo Historical Weather API
MH-Yavatmal,2019-11-25,22.9,28.8,18.7,0.0,0.0,0.0,67,3.48,0.257,0.298,0.351,22.8,23.0,20.39324,78.13201,ERA5,Asia/Kolkata,Open-Meteo Historical Weather API
MH-Yavatmal,2019-11-26,22.7,29.3,17.2,0.0,0.0,0.0,69,3.71,0.253,0.295,0.349,23.3,23.3,20.39324,78.13201,ERA5,Asia/Kolkata,Open-Meteo Historical Weather API
MH-Yavatmal,2019-11-27,22.6,29.6,17.4,0.0,0.0,0.0,71,3.65,0.248,0.291,0.347,23.4,23.6,20.39324,78.13201,ERA5,Asia/Kolkata,Open-Meteo Historical Weather API
MH-Yavatmal,2019-11-28,22.7,29.4,18.0,0.0,0.0,0.0,70,3.35,0.245,0.288,0.345,23.2,23.7,20.39324,78.13201,ERA5,Asia/Kolkata,Open-Meteo Historical Weather API
MH-Yavatmal,2019-11-29,23.1,29.7,18.0,0.0,0.0,0.0,71,3.51,0.244,0.288,0.346,23.6,23.9,20.39324,78.13201,ERA5,Asia/Kolkata,Open-Meteo Historical Weather API
MH-Yavatmal,2019-11-30,22.6,28.9,18.1,0.0,0.0,0.0,69,3.63,0.243,0.287,0.347,23.4,23.8,20.39324,78.13201,ERA5,Asia/Kolkata,Open-Meteo Historical Weather API
MH-Yavatmal,2019-12-01,22.7,29.3,17.4,0.0,0.0,0.0,69,3.51,0.241,0.285,0.346,23.4,23.7,20.39324,78.13201,ERA5,Asia/Kolkata,Open-Meteo Historical Weather API
MH-Yavatmal,2019-12-02,23.0,28.6,18.4,0.0,0.0,0.0,70,3.46,0.237,0.281,0.344,23.7,23.8,20.39324,78.13201,ERA5,Asia/Kolkata,Open-Meteo Historical Weather API
MH-Yavatmal,2019-12-03,22.6,28.6,17.5,0.0,0.0,0.0,70,3.37,0.236,0.279,0.342,23.4,23.7,20.39324,78.13201,ERA5,Asia/Kolkata,Open-Meteo Historical Weather API
MH-Yavatmal,2019-12-04,22.4,28.6,18.1,0.0,0.0,0.0,64,3.81,0.233,0.277,0.341,23.2,23.5,20.39324,78.13201,ERA5,Asia/Kolkata,Open-Meteo Historical Weather API
MH-Yavatmal,2019-12-05,21.1,27.7,16.6,0.0,0.0,0.0,60,3.8,0.23,0.274,0.339,22.4,23.2,20.39324,78.13201,ERA5,Asia/Kolkata,Open-Meteo Historical Weather API
MH-Yavatmal,2019-12-06,19.7,26.6,13.3,0.0,0.0,0.0,58,3.77,0.227,0.271,0.337,21.0,22.2,20.39324,78.13201,ERA5,Asia/Kolkata,Open-Meteo Historical Weather API
MH-Yavatmal,2019-12-07,19.3,26.4,13.9,0.0,0.0,0.0,62,3.57,0.225,0.269,0.336,20.6,21.8,20.39324,78.13201,ERA5,Asia/Kolkata,Open-Meteo Historical Weather API
MH-Yavatmal,2019-12-08,19.5,26.7,13.3,0.0,0.0,0.0,65,3.54,0.224,0.269,0.336,20.4,21.6,20.39324,78.13201,ERA5,Asia/Kolkata,Open-Meteo Historical Weather API
MH-Yavatmal,2019-12-09,20.3,27.6,14.3,0.0,0.0,0.0,64,3.6,0.222,0.267,0.335,20.7,21.6,20.39324,78.13201,ERA5,Asia/Kolkata,Open-Meteo Historical Weather API
MH-Yavatmal,2019-12-10,20.7,27.9,15.5,0.0,0.0,0.0,66,3.3,0.22,0.265,0.334,21.1,21.6,20.39324,78.13201,ERA5,Asia/Kolkata,Open-Meteo Historical Weather API
MH-Yavatmal,2019-12-11,21.3,28.6,15.5,0.0,0.0,0.0,67,3.04,0.221,0.265,0.335,21.3,21.9,20.39324,78.13201,ERA5,Asia/Kolkata,Open-Meteo Historical Weather API
MH-Yavatmal,2019-12-12,22.0,28.7,16.5,0.0,0.0,0.0,65,3.09,0.223,0.267,0.336,21.9,22.4,20.39324,78.13201,ERA5,Asia/Kolkata,Open-Meteo Historical Weather API
MH-Yavatmal,2019-12-13,22.6,28.5,19.1,0.2,0.2,2.0,72,2.84,0.226,0.265,0.335,22.9,22.7,20.39324,78.13201,ERA5,Asia/Kolkata,Open-Meteo Historical Weather API
MH-Yavatmal,2019-12-14,22.8,27.7,19.0,0.0,0.0,0.0,76,2.51,0.229,0.263,0.333,23.4,22.9,20.39324,78.13201,ERA5,Asia/Kolkata,Open-Meteo Historical Weather API
MH-Yavatmal,2019-12-15,21.9,26.8,19.2,3.5,3.5,12.0,81,2.46,0.238,0.261,0.331,23.3,23.1,20.39324,78.13201,ERA5,Asia/Kolkata,Open-Meteo Historical Weather API
MH-Yavatmal,2019-12-16,20.4,24.2,17.7,0.4,0.4,2.0,82,1.92,0.256,0.261,0.331,22.0,22.7,20.39324,78.13201,ERA5,Asia/Kolkata,Open-Meteo Historical Weather API
MH-Yavatmal,2019-12-17,20.2,24.9,16.9,0.0,0.0,0.0,78,2.53,0.259,0.264,0.332,21.5,22.2,20.39324,78.13201,ERA5,Asia/Kolkata,Open-Meteo Historical Weather API
MH-Yavatmal,2019-12-18,20.2,25.9,16.2,0.0,0.0,0.0,74,2.94,0.256,0.265,0.333,21.5,22.0,20.39324,78.13201,ERA5,Asia/Kolkata,Open-Meteo Historical Weather API
MH-Yavatmal,2019-12-19,20.9,26.6,16.4,0.0,0.0,0.0,71,3.02,0.249,0.263,0.331,21.7,22.2,20.39324,78.13201,ERA5,Asia/Kolkata,Open-Meteo Historical Weather API
MH-Yavatmal,2019-12-20,20.9,27.6,15.4,0.0,0.0,0.0,71,3.14,0.244,0.262,0.331,21.8,22.2,20.39324,78.13201,ERA5,Asia/Kolkata,Open-Meteo Historical Weather API
MH-Yavatmal,2019-12-21,21.0,27.7,15.9,0.0,0.0,0.0,73,3.23,0.24,0.261,0.33,22.0,22.4,20.39324,78.13201,ERA5,Asia/Kolkata,Open-Meteo Historical Weather API
MH-Yavatmal,2019-12-22,22.0,27.5,18.1,0.0,0.0,0.0,65,3.34,0.235,0.26,0.33,22.7,22.7,20.39324,78.13201,ERA5,Asia/Kolkata,Open-Meteo Historical Weather API
MH-Yavatmal,2019-12-23,22.6,27.6,19.2,0.0,0.0,0.0,60,3.59,0.231,0.259,0.329,23.3,23.1,20.39324,78.13201,ERA5,Asia/Kolkata,Open-Meteo Historical Weather API
MH-Yavatmal,2019-12-24,22.5,28.4,17.9,0.0,0.0,0.0,68,2.74,0.227,0.258,0.328,23.0,23.2,20.39324,78.13201,ERA5,Asia/Kolkata,Open-Meteo Historical Weather API
MH-Yavatmal,2019-12-25,22.7,27.8,18.7,1.7,1.7,4.0,70,2.46,0.227,0.258,0.328,23.3,23.3,20.39324,78.13201,ERA5,Asia/Kolkata,Open-Meteo Historical Weather API
MH-Yavatmal,2019-12-26,21.5,23.4,19.7,1.6,1.6,8.0,86,1.25,0.253,0.257,0.327,22.8,23.2,20.39324,78.13201,ERA5,Asia/Kolkata,Open-Meteo Historical Weather API
MH-Yavatmal,2019-12-27,18.8,24.0,14.1,0.0,0.0,0.0,62,3.45,0.257,0.257,0.326,21.4,22.3,20.39324,78.13201,ERA5,Asia/Kolkata,Open-Meteo Historical Weather API
MH-Yavatmal,2019-12-28,15.7,23.1,9.9,0.0,0.0,0.0,47,3.86,0.248,0.253,0.324,18.3,20.1,20.39324,78.13201,ERA5,Asia/Kolkata,Open-Meteo Historical Weather API
MH-Yavatmal,2019-12-29,15.5,22.9,8.7,0.0,0.0,0.0,53,3.16,0.24,0.25,0.321,17.1,18.7,20.39324,78.13201,ERA5,Asia/Kolkata,Open-Meteo Historical Weather API
MH-Yavatmal,2019-12-30,17.3,23.4,12.1,0.1,0.1,1.0,57,2.3,0.234,0.248,0.319,17.9,18.8,20.39324,78.13201,ERA5,Asia/Kolkata,Open-Meteo Historical Weather API
MH-Yavatmal,2019-12-31,17.3,20.6,15.5,6.4,6.4,19.0,76,1.61,0.259,0.247,0.317,18.2,19.3,20.39324,78.13201,ERA5,Asia/Kolkata,Open-Meteo Historical Weather API
MH-Yavatmal,2020-01-01,17.7,22.0,15.2,6.5,6.5,17.0,88,1.25,0.332,0.249,0.317,18.5,19.2,20.39324,78.13201,ERA5,Asia/Kolkata,Open-Meteo Historical Weather API
MH-Yavatmal,2020-01-02,17.0,19.3,14.8,25.2,25.2,14.0,91,0.98,0.417,0.299,0.318,18.1,19.1,20.39324,78.13201,ERA5,Asia/Kolkata,Open-Meteo Historical Weather API
MH-Yavatmal,2020-01-03,18.3,21.6,15.6,3.1,3.1,9.0,87,1.5,0.402,0.344,0.319,19.0,19.4,20.39324,78.13201,ERA5,Asia/Kolkata,Open-Meteo Historical Weather API
MH-Yavatmal,2020-01-04,18.5,22.8,15.1,0.2,0.2,2.0,82,2.1,0.38,0.352,0.32,18.9,19.5,20.39324,78.13201,ERA5,Asia/Kolkata,Open-Meteo Historical Weather API
MH-Yavatmal,2020-01-05,17.4,23.0,13.1,0.0,0.0,0.0,73,3.2,0.362,0.351,0.321,18.9,19.4,20.39324,78.13201,ERA5,Asia/Kolkata,Open-Meteo Historical Weather API
MH-Yavatmal,2020-01-06,17.2,24.6,10.4,0.0,0.0,0.0,68,3.35,0.347,0.345,0.319,18.1,18.7,20.39324,78.13201,ERA5,Asia/Kolkata,Open-Meteo Historical Weather API
MH-Yavatmal,2020-01-07,19.9,25.7,15.5,0.0,0.0,0.0,68,2.81,0.332,0.337,0.316,20.0,19.6,20.39324,78.13201,ERA5,Asia/Kolkata,Open-Meteo Historical Weather API
MH-Yavatmal,2020-01-08,19.9,23.7,17.2,7.5,7.5,13.0,86,1.54,0.366,0.336,0.315,20.6,20.4,20.39324,78.13201,ERA5,Asia/Kolkata,Open-Meteo Historical Weather API
MH-Yavatmal,2020-01-09,19.7,24.4,17.0,0.3,0.3,2.0,79,2.43,0.375,0.341,0.315,20.6,20.5,20.39324,78.13201,ERA5,Asia/Kolkata,Open-Meteo Historical Weather API
MH-Yavatmal,2020-01-10,16.7,22.4,12.3,0.0,0.0,0.0,66,3.4,0.356,0.34,0.314,18.9,19.7,20.39324,78.13201,ERA5,Asia/Kolkata,Open-Meteo Historical Weather API
MH-Yavatmal,2020-01-11,16.0,23.5,9.9,0.0,0.0,0.0,64,3.41,0.341,0.335,0.312,17.8,18.5,20.39324,78.13201,ERA5,Asia/Kolkata,Open-Meteo Historical Weather API
MH-Yavatmal,2020-01-12,17.2,24.7,10.5,0.0,0.0,0.0,64,3.49,0.327,0.328,0.31,17.7,18.1,20.39324,78.13201,ERA5,Asia/Kolkata,Open-Meteo Historical Weather API
MH-Yavatmal,2020-01-13,18.4,27.3,13.7,0.0,0.0,0.0,60,3.5,0.315,0.32,0.307,17.9,18.0,20.39324,78.13201,ERA5,Asia/Kolkata,Open-Meteo Historical Weather API
MH-Yavatmal,2020-01-14,20.0,27.7,13.3,0.0,0.0,0.0,61,3.65,0.303,0.313,0.305,19.6,19.0,20.39324,78.13201,ERA5,Asia/Kolkata,Open-Meteo Historical Weather API
MH-Yavatmal,2020-01-15,21.5,28.8,15.8,0.0,0.0,0.0,65,3.59,0.292,0.308,0.304,21.0,20.4,20.39324,78.13201,ERA5,Asia/Kolkata,Open-Meteo Historical Weather API
MH-Yavatmal,2020-01-16,21.8,27.9,17.7,0.0,0.0,0.0,65,3.57,0.282,0.303,0.303,21.6,21.2,20.39324,78.13201,ERA5,Asia/Kolkata,Open-Meteo Historical Weather API
MH-Yavatmal,2020-01-17,20.3,25.2,16.9,0.0,0.0,0.0,66,3.32,0.275,0.3,0.304,21.5,21.4,20.39324,78.13201,ERA5,Asia/Kolkata,Open-Meteo Historical Weather API
MH-Yavatmal,2020-01-18,20.3,25.5,16.1,0.4,0.4,2.0,77,2.76,0.271,0.297,0.304,21.1,21.1,20.39324,78.13201,ERA5,Asia/Kolkata,Open-Meteo Historical Weather API
MH-Yavatmal,2020-01-19,20.0,23.8,16.5,0.2,0.2,2.0,82,2.3,0.27,0.295,0.304,21.1,21.2,20.39324,78.13201,ERA5,Asia/Kolkata,Open-Meteo Historical Weather API
MH-Yavatmal,2020-01-20,19.0,24.2,15.0,0.0,0.0,0.0,73,3.26,0.268,0.293,0.305,20.5,20.8,20.39324,78.13201,ERA5,Asia/Kolkata,Open-Meteo Historical Weather API
MH-Yavatmal,2020-01-21,21.8,29.0,15.5,0.0,0.0,0.0,72,3.38,0.262,0.291,0.305,21.7,21.2,20.39324,78.13201,ERA5,Asia/Kolkata,Open-Meteo Historical Weather API
MH-Yavatmal,2020-01-22,23.4,29.3,18.9,0.0,0.0,0.0,70,3.33,0.255,0.287,0.304,23.2,22.4,20.39324,78.13201,ERA5,Asia/Kolkata,Open-Meteo Historical Weather API
MH-Yavatmal,2020-01-23,23.0,27.8,19.5,0.0,0.0,0.0,72,3.26,0.25,0.284,0.304,23.6,22.9,20.39324,78.13201,ERA5,Asia/Kolkata,Open-Meteo Historical Weather API
MH-Yavatmal,2020-01-24,21.7,27.6,16.9,0.0,0.0,0.0,68,3.53,0.244,0.281,0.304,23.0,22.8,20.39324,78.13201,ERA5,Asia/Kolkata,Open-Meteo Historical Weather API
MH-Yavatmal,2020-01-25,22.1,28.6,16.7,0.0,0.0,0.0,71,3.59,0.239,0.277,0.304,22.7,22.5,20.39324,78.13201,ERA5,Asia/Kolkata,Open-Meteo Historical Weather API
MH-Yavatmal,2020-01-26,21.2,28.6,15.3,0.0,0.0,0.0,63,3.96,0.233,0.273,0.303,22.2,22.3,20.39324,78.13201,ERA5,Asia/Kolkata,Open-Meteo Historical Weather API
MH-Yavatmal,2020-01-27,22.3,30.6,15.0,1.0,1.0,3.0,62,4.01,0.229,0.268,0.301,22.6,22.3,20.39324,78.13201,ERA5,Asia/Kolkata,Open-Meteo Historical Weather API
MH-Yavatmal,2020-01-28,23.2,29.0,19.9,0.0,0.0,0.0,58,4.29,0.238,0.266,0.301,23.6,23.3,20.39324,78.13201,ERA5,Asia/Kolkata,Open-Meteo Historical Weather API
MH-Yavatmal,2020-01-29,21.4,26.7,16.9,0.0,0.0,0.0,63,3.35,0.233,0.265,0.302,22.6,22.8,20.39324,78.13201,ERA5,Asia/Kolkata,Open-Meteo Historical Weather API
MH-Yavatmal,2020-01-30,20.0,26.1,14.2,0.0,0.0,0.0,63,3.93,0.228,0.263,0.302,21.8,22.1,20.39324,78.13201,ERA5,Asia/Kolkata,Open-Meteo Historical Weather API
MH-Yavatmal,2020-01-31,19.2,25.3,14.1,0.0,0.0,0.0,54,4.19,0.224,0.261,0.302,20.9,21.5,20.39324,78.13201,ERA5,Asia/Kolkata,Open-Meteo Historical Weather API
MH-Yavatmal,2020-02-01,19.2,23.1,15.7,0.9,0.9,5.0,61,2.97,0.225,0.26,0.302,20.2,21.0,20.39324,78.13201,ERA5,Asia/Kolkata,Open-Meteo Historical Weather API
MH-Yavatmal,2020-02-02,19.7,24.6,15.7,0.0,0.0,0.0,58,3.45,0.228,0.259,0.302,20.6,20.8,20.39324,78.13201,ERA5,Asia/Kolkata,Open-Meteo Historical Weather API
MH-Yavatmal,2020-02-03,20.5,25.1,16.7,0.2,0.2,1.0,66,3.13,0.228,0.26,0.304,21.1,21.2,20.39324,78.13201,ERA5,Asia/Kolkata,Open-Meteo Historical Weather API
MH-Yavatmal,2020-02-04,22.4,29.2,17.3,0.3,0.3,2.0,69,3.55,0.23,0.259,0.304,22.5,21.9,20.39324,78.13201,ERA5,Asia/Kolkata,Open-Meteo Historical Weather API
MH-Yavatmal,2020-02-05,21.7,26.2,18.5,0.0,0.0,0.0,79,2.8,0.231,0.259,0.305,22.7,22.5,20.39324,78.13201,ERA5,Asia/Kolkata,Open-Meteo Historical Weather API
MH-Yavatmal,2020-02-06,21.3,27.0,17.4,2.9,2.9,6.0,80,2.82,0.237,0.257,0.304,22.5,22.6,20.39324,78.13201,ERA5,Asia/Kolkata,Open-Meteo Historical Weather API
MH-Yavatmal,2020-02-07,20.1,24.6,16.7,1.1,1.1,7.0,83,2.24,0.26,0.258,0.306,21.7,22.3,20.39324,78.13201,ERA5,Asia/Kolkata,Open-Meteo Historical Weather API
MH-Yavatmal,2020-02-08,19.8,23.5,17.3,0.0,0.0,0.0,75,2.46,0.262,0.259,0.307,20.9,21.6,20.39324,78.13201,ERA5,Asia/Kolkata,Open-Meteo Historical Weather API
MH-Yavatmal,2020-02-09,19.1,24.7,14.5,0.0,0.0,0.0,65,4.12,0.254,0.259,0.307,20.5,20.9,20.39324,78.13201,ERA5,Asia/Kolkata,Open-Meteo Historical Weather API
MH-Yavatmal,2020-02-10,20.4,26.4,15.2,0.0,0.0,0.0,62,3.96,0.247,0.259,0.308,21.3,21.3,20.39324,78.13201,ERA5,Asia/Kolkata,Open-Meteo Historical Weather API
MH-Yavatmal,2020-02-11,22.1,28.8,16.0,0.0,0.0,0.0,57,4.33,0.238,0.256,0.307,22.6,22.0,20.39324,78.13201,ERA5,Asia/Kolkata,Open-Meteo Historical Weather API
MH-Yavatmal,2020-02-12,22.5,29.1,17.0,0.0,0.0,0.0,59,4.34,0.229,0.253,0.305,23.3,22.7,20.39324,78.13201,ERA5,Asia/Kolkata,Open-Meteo Historical Weather API
MH-Yavatmal,2020-02-13,23.2,30.3,15.2,0.0,0.0,0.0,55,4.47,0.222,0.25,0.304,23.3,22.8,20.39324,78.13201,ERA5,Asia/Kolkata,Open-Meteo Historical Weather API
MH-Yavatmal,2020-02-14,23.0,31.2,14.8,0.0,0.0,0.0,55,4.93,0.216,0.247,0.303,23.3,22.9,20.39324,78.13201,ERA5,Asia/Kolkata,Open-Meteo Historical Weather API
MH-Yavatmal,2020-02-15,23.4,31.2,15.8,0.0,0.0,0.0,54,4.76,0.211,0.245,0.302,23.9,23.2,20.39324,78.13201,ERA5,Asia/Kolkata,Open-Meteo Historical Weather API
MH-Yavatmal,2020-02-16,23.5,31.1,16.3,0.0,0.0,0.0,54,4.83,0.207,0.243,0.301,24.1,23.6,20.39324,78.13201,ERA5,Asia/Kolkata,Open-Meteo Historical Weather API
MH-Yavatmal,2020-02-17,23.3,31.3,16.8,0.0,0.0,0.0,44,5.2,0.204,0.241,0.3,24.1,23.9,20.39324,78.13201,ERA5,Asia/Kolkata,Open-Meteo Historical Weather API
MH-Yavatmal,2020-02-18,22.5,31.4,15.6,0.0,0.0,0.0,41,5.29,0.201,0.24,0.3,23.4,23.5,20.39324,78.13201,ERA5,Asia/Kolkata,Open-Meteo Historical Weather API
MH-Yavatmal,2020-02-19,23.9,32.1,16.3,0.0,0.0,0.0,40,5.05,0.2,0.239,0.301,23.5,23.2,20.39324,78.13201,ERA5,Asia/Kolkata,Open-Meteo Historical Weather API
MH-Yavatmal,2020-02-20,25.2,32.0,18.2,0.0,0.0,0.0,54,5.11,0.2,0.24,0.303,25.1,24.1,20.39324,78.13201,ERA5,Asia/Kolkata,Open-Meteo Historical Weather API
MH-Yavatmal,2020-02-21,25.5,30.6,21.5,0.0,0.0,0.0,58,4.36,0.199,0.239,0.303,25.9,25.0,20.39324,78.13201,ERA5,Asia/Kolkata,Open-Meteo Historical Weather API
MH-Yavatmal,2020-02-22,26.0,32.6,20.1,0.0,0.0,0.0,54,4.6,0.198,0.238,0.302,26.6,25.4,20.39324,78.13201,ERA5,Asia/Kolkata,Open-Meteo Historical Weather API
MH-Yavatmal,2020-02-23,26.4,32.7,20.9,0.0,0.0,0.0,52,4.89,0.197,0.237,0.302,27.0,25.9,20.39324,78.13201,ERA5,Asia/Kolkata,Open-Meteo Historical Weather API
MH-Yavatmal,2020-02-24,26.4,32.7,21.4,0.0,0.0,0.0,49,5.23,0.196,0.237,0.302,26.9,26.1,20.39324,78.13201,ERA5,Asia/Kolkata,Open-Meteo Historical Weather API
MH-Yavatmal,2020-02-25,23.7,29.1,19.3,0.0,0.0,0.0,51,5.16,0.196,0.237,0.303,25.8,25.7,20.39324,78.13201,ERA5,Asia/Kolkata,Open-Meteo Historical Weather API
MH-Yavatmal,2020-02-26,22.6,29.8,15.6,0.0,0.0,0.0,44,5.33,0.195,0.236,0.302,24.4,24.7,20.39324,78.13201,ERA5,Asia/Kolkata,Open-Meteo Historical Weather API
MH-Yavatmal,2020-02-27,23.4,30.7,15.7,0.0,0.0,0.0,45,5.35,0.194,0.235,0.302,24.5,24.3,20.39324,78.13201,ERA5,Asia/Kolkata,Open-Meteo Historical Weather API
MH-Yavatmal,2020-02-28,24.3,31.8,16.6,0.0,0.0,0.0,47,5.44,0.194,0.234,0.302,25.3,24.7,20.39324,78.13201,ERA5,Asia/Kolkata,Open-Meteo Historical Weather API
MH-Yavatmal,2020-02-29,25.3,32.1,18.6,0.0,0.0,0.0,45,5.16,0.192,0.232,0.3,26.0,25.2,20.39324,78.13201,ERA5,Asia/Kolkata,Open-Meteo Historical Weather API
MH-Yavatmal,2020-03-01,25.4,32.6,19.2,0.0,0.0,0.0,53,4.72,0.192,0.232,0.3,26.6,25.8,20.39324,78.13201,ERA5,Asia/Kolkata,Open-Meteo Historical Weather API
MH-Yavatmal,2020-03-02,26.1,32.7,20.5,0.1,0.1,1.0,57,4.47,0.193,0.231,0.3,26.9,26.1,20.39324,78.13201,ERA5,Asia/Kolkata,Open-Meteo Historical Weather API
MH-Yavatmal,2020-03-03,26.5,33.4,21.1,0.0,0.0,0.0,49,5.51,0.193,0.231,0.3,27.3,26.3,20.39324,78.13201,ERA5,Asia/Kolkata,Open-Meteo Historical Weather API
MH-Yavatmal,2020-03-04,25.4,32.2,19.4,0.0,0.0,0.0,41,5.99,0.192,0.229,0.299,26.6,26.2,20.39324,78.13201,ERA5,Asia/Kolkata,Open-Meteo Historical Weather API
MH-Yavatmal,2020-03-05,24.8,31.8,17.9,0.0,0.0,0.0,46,5.29,0.191,0.228,0.298,26.4,25.9,20.39324,78.13201,ERA5,Asia/Kolkata,Open-Meteo Historical Weather API
MH-Yavatmal,2020-03-06,25.3,32.2,19.2,0.0,0.0,0.0,42,5.79,0.191,0.228,0.298,26.5,25.8,20.39324,78.13201,ERA5,Asia/Kolkata,Open-Meteo Historical Weather API
MH-Yavatmal,2020-03-07,25.2,30.6,18.5,0.0,0.0,0.0,47,5.27,0.19,0.227,0.297,26.6,25.8,20.39324,78.13201,ERA5,Asia/Kolkata,Open-Meteo Historical Weather API
MH-Yavatmal,2020-03-08,26.4,31.6,20.5,0.0,0.0,0.0,44,5.15,0.187,0.223,0.294,27.4,26.2,20.39324,78.13201,ERA5,Asia/Kolkata,Open-Meteo Historical Weather API
MH-Yavatmal,2020-03-09,26.1,30.9,22.7,1.6,1.6,6.0,59,4.58,0.186,0.222,0.292,28.0,27.0,20.39324,78.13201,ERA5,Asia/Kolkata,Open-Meteo Historical Weather API
MH-Yavatmal,2020-03-10,26.0,32.3,21.5,0.4,0.4,2.0,67,4.17,0.197,0.221,0.291,27.3,26.9,20.39324,78.13201,ERA5,Asia/Kolkata,Open-Meteo Historical Weather API
MH-Yavatmal,2020-03-11,26.9,32.6,22.3,0.1,0.1,1.0,59,5.1,0.2,0.222,0.292,28.2,27.2,20.39324,78.13201,ERA5,Asia/Kolkata,Open-Meteo Historical Weather API
MH-Yavatmal,2020-03-12,27.1,32.1,22.8,0.0,0.0,0.0,44,5.47,0.198,0.222,0.291,28.6,27.5,20.39324,78.13201,ERA5,Asia/Kolkata,Open-Meteo Historical Weather API
MH-Yavatmal,2020-03-13,26.5,31.6,21.1,0.0,0.0,0.0,46,5.44,0.196,0.22,0.29,28.2,27.4,20.39324,78.13201,ERA5,Asia/Kolkata,Open-Meteo Historical Weather API
MH-Yavatmal,2020-03-14,26.4,31.7,22.0,0.0,0.0,0.0,50,5.41,0.194,0.22,0.289,28.3,27.4,20.39324,78.13201,ERA5,Asia/Kolkata,Open-Meteo Historical Weather API
MH-Yavatmal,2020-03-15,25.9,31.8,19.1,0.0,0.0,0.0,38,5.92,0.193,0.22,0.289,27.4,27.1,20.39324,78.13201,ERA5,Asia/Kolkata,Open-Meteo Historical Weather API
MH-Yavatmal,2020-03-16,26.9,33.0,19.9,0.0,0.0,0.0,44,5.43,0.19,0.218,0.288,28.0,27.2,20.39324,78.13201,ERA5,Asia/Kolkata,Open-Meteo Historical Weather API
MH-Yavatmal,2020-03-17,27.4,34.7,22.4,11.3,11.3,6.0,60,5.07,0.206,0.217,0.285,29.2,27.9,20.39324,78.13201,ERA5,Asia/Kolkata,Open-Meteo Historical Weather API
MH-Yavatmal,2020-03-18,25.4,31.3,21.4,2.6,2.6,3.0,69,4.02,0.277,0.218,0.285,27.5,27.5,20.39324,78.13201,ERA5,Asia/Kolkata,Open-Meteo Historical Weather API
MH-Yavatmal,2020-03-19,27.6,34.8,22.0,0.0,0.0,0.0,55,6.01,0.275,0.219,0.284,28.3,27.4,20.39324,78.13201,ERA5,Asia/Kolkata,Open-Meteo Historical Weather API
MH-Yavatmal,2020-03-20,26.9,33.8,20.6,0.0,0.0,0.0,53,5.66,0.254,0.216,0.281,28.2,27.3,20.39324,78.13201,ERA5,Asia/Kolkata,Open-Meteo Historical Weather API
MH-Yavatmal,2020-03-21,26.5,32.8,20.3,0.0,0.0,0.0,52,5.92,0.238,0.212,0.277,28.3,27.4,20.39324,78.13201,ERA5,Asia/Kolkata,Open-Meteo Historical Weather API
MH-Yavatmal,2020-03-22,27.0,34.5,19.0,0.0,0.0,0.0,41,5.99,0.225,0.212,0.277,28.1,27.3,20.39324,78.13201,ERA5,Asia/Kolkata,Open-Meteo Historical Weather API
MH-Yavatmal,2020-03-23,28.2,35.8,20.1,0.0,0.0,0.0,42,6.02,0.216,0.213,0.277,28.8,27.7,20.39324,78.13201,ERA5,Asia/Kolkata,Open-Meteo Historical Weather API
MH-Yavatmal,2020-03-24,29.2,36.5,23.3,0.5,0.5,1.0,49,5.55,0.211,0.211,0.275,30.2,28.5,20.39324,78.13201,ERA5,Asia/Kolkata,Open-Meteo Historical Weather API
MH-Yavatmal,2020-03-25,28.0,36.7,21.5,4.0,4.0,5.0,58,5.41,0.225,0.209,0.272,30.0,29.2,20.39324,78.13201,ERA5,Asia/Kolkata,Open-Meteo Historical Weather API
MH-Yavatmal,2020-03-26,25.9,31.5,20.2,6.0,6.0,5.0,68,4.75,0.306,0.217,0.276,28.3,28.6,20.39324,78.13201,ERA5,Asia/Kolkata,Open-Meteo Historical Weather API
MH-Yavatmal,2020-03-27,28.6,34.8,22.5,0.0,0.0,0.0,57,5.49,0.288,0.224,0.28,29.1,28.6,20.39324,78.13201,ERA5,Asia/Kolkata,Open-Meteo Historical Weather API
MH-Yavatmal,2020-03-28,28.4,34.3,22.8,1.6,1.6,2.0,61,5.14,0.272,0.225,0.279,29.5,28.7,20.39324,78.13201,ERA5,Asia/Kolkata,Open-Meteo Historical Weather API
MH-Yavatmal,2020-03-29,28.7,35.5,23.4,0.6,0.6,1.0,59,5.38,0.271,0.225,0.279,29.8,29.0,20.39324,78.13201,ERA5,Asia/Kolkata,Open-Meteo Historical Weather API
MH-Yavatmal,2020-03-30,28.1,35.0,22.6,0.8,0.8,4.0,57,5.4,0.27,0.226,0.28,29.5,29.1,20.39324,78.13201,ERA5,Asia/Kolkata,Open-Meteo Historical Weather API
MH-Yavatmal,2020-03-31,28.5,35.8,23.1,0.0,0.0,0.0,55,5.7,0.261,0.233,0.285,29.9,29.3,20.39324,78.13201,ERA5,Asia/Kolkata,Open-Meteo Historical Weather API
MH-Yavatmal,2020-04-01,29.1,36.7,23.0,0.0,0.0,0.0,50,6.01,0.25,0.237,0.29,29.8,29.4,20.39324,78.13201,ERA5,Asia/Kolkata,Open-Meteo Historical Weather API
MH-Yavatmal,2020-04-02,29.5,37.7,21.8,0.0,0.0,0.0,45,6.13,0.239,0.236,0.29,30.1,29.2,20.39324,78.13201,ERA5,Asia/Kolkata,Open-Meteo Historical Weather API
MH-Yavatmal,2020-04-03,29.3,35.7,24.3,0.1,0.1,1.0,46,5.21,0.232,0.238,0.292,29.8,29.3,20.39324,78.13201,ERA5,Asia/Kolkata,Open-Meteo Historical Weather API
MH-Yavatmal,2020-04-04,30.1,36.3,24.4,0.0,0.0,0.0,52,6.11,0.229,0.242,0.297,30.4,29.5,20.39324,78.13201,ERA5,Asia/Kolkata,Open-Meteo Historical Weather API
MH-Yavatmal,2020-04-05,29.4,35.8,23.4,0.0,0.0,0.0,56,5.47,0.224,0.242,0.298,30.3,29.7,20.39324,78.13201,ERA5,Asia/Kolkata,Open-Meteo Historical Weather API
MH-Yavatmal,2020-04-06,30.0,37.0,22.8,0.0,0.0,0.0,49,5.6,0.216,0.241,0.297,30.5,29.8,20.39324,78.13201,ERA5,Asia/Kolkata,Open-Meteo Historical Weather API
MH-Yavatmal,2020-04-07,30.1,37.6,23.7,0.0,0.0,0.0,45,6.74,0.208,0.236,0.294,30.7,30.1,20.39324,78.13201,ERA5,Asia/Kolkata,Open-Meteo Historical Weather API
MH-Yavatmal,2020-04-08,29.9,37.7,24.2,0.0,0.0,0.0,36,7.5,0.2,0.232,0.292,30.8,30.0,20.39324,78.13201,ERA5,Asia/Kolkata,Open-Meteo Historical Weather API
MH-Yavatmal,2020-04-09,30.3,38.0,24.7,0.0,0.0,0.0,33,7.3,0.194,0.23,0.291,31.0,29.9,20.39324,78.13201,ERA5,Asia/Kolkata,Open-Meteo Historical Weather API
MH-Yavatmal,2020-04-10,30.7,38.4,23.1,0.0,0.0,0.0,37,6.68,0.19,0.227,0.289,31.2,30.0,20.39324,78.13201,ERA5,Asia/Kolkata,Open-Meteo Historical Weather API
MH-Yavatmal,2020-04-11,30.8,38.0,23.8,0.0,0.0,0.0,40,6.32,0.191,0.228,0.289,31.8,30.4,20.39324,78.13201,ERA5,Asia/Kolkata,Open-Meteo Historical Weather API
MH-Yavatmal,2020-04-12,32.1,39.4,24.6,0.0,0.0,0.0,38,6.62,0.189,0.228,0.289,32.6,30.8,20.39324,78.13201,ERA5,Asia/Kolkata,Open-Meteo Historical Weather API
MH-Yavatmal,2020-04-13,32.9,39.5,26.4,0.0,0.0,0.0,34,6.99,0.184,0.224,0.287,33.5,31.5,20.39324,78.13201,ERA5,Asia/Kolkata,Open-Meteo Historical Weather API
MH-Yavatmal,2020-04-14,32.7,39.6,26.0,0.0,0.0,0.0,36,6.99,0.181,0.223,0.286,33.8,32.1,20.39324,78.13201,ERA5,Asia/Kolkata,Open-Meteo Historical Weather API
MH-Yavatmal,2020-04-15,32.8,39.5,26.8,0.0,0.0,0.0,36,6.8,0.181,0.224,0.287,33.9,32.2,20.39324,78.13201,ERA5,Asia/Kolkata,Open-Meteo Historical Weather API
MH-Yavatmal,2020-04-16,32.7,39.7,25.8,0.0,0.0,0.0,37,6.84,0.183,0.224,0.287,33.4,32.2,20.39324,78.13201,ERA5,Asia/Kolkata,Open-Meteo Historical Weather API
MH-Yavatmal,2020-04-17,32.8,40.3,25.5,0.0,0.0,0.0,35,7.13,0.183,0.222,0.284,33.5,32.1,20.39324,78.13201,ERA5,Asia/Kolkata,Open-Meteo Historical Weather API
MH-Yavatmal,2020-04-18,33.6,40.1,26.7,0.0,0.0,0.0,33,7.63,0.181,0.219,0.282,34.4,32.5,20.39324,78.13201,ERA5,Asia/Kolkata,Open-Meteo Historical Weather API
MH-Yavatmal,2020-04-19,31.7,37.6,26.3,0.0,0.0,0.0,40,6.13,0.181,0.219,0.282,33.7,33.0,20.39324,78.13201,ERA5,Asia/Kolkata,Open-Meteo Historical Weather API
MH-Yavatmal,2020-04-20,32.6,39.0,25.0,0.0,0.0,0.0,39,7.03,0.18,0.217,0.28,34.0,32.8,20.39324,78.13201,ERA5,Asia/Kolkata,Open-Meteo Historical Weather API
MH-Yavatmal,2020-04-21,33.5,39.6,27.0,0.0,0.0,0.0,33,8.75,0.175,0.213,0.276,34.9,33.1,20.39324,78.13201,ERA5,Asia/Kolkata,Open-Meteo Historical Weather API
MH-Yavatmal,2020-04-22,32.7,39.6,25.0,0.0,0.0,0.0,35,6.7,0.173,0.208,0.271,34.6,33.1,20.39324,78.13201,ERA5,Asia/Kolkata,Open-Meteo Historical Weather API
MH-Yavatmal,2020-04-23,33.7,40.9,26.7,0.0,0.0,0.0,32,7.69,0.172,0.203,0.264,34.8,33.3,20.39324,78.13201,ERA5,Asia/Kolkata,Open-Meteo Historical Weather API
MH-Yavatmal,2020-04-24,33.8,40.4,28.5,0.0,0.0,0.0,31,7.75,0.173,0.202,0.261,35.0,33.7,20.39324,78.13201,ERA5,Asia/Kolkata,Open-Meteo Historical Weather API
MH-Yavatmal,2020-04-25,33.6,39.9,27.4,0.0,0.0,0.0,30,8.42,0.173,0.201,0.258,34.6,33.4,20.39324,78.13201,ERA5,Asia/Kolkata,Open-Meteo Historical Weather API
MH-Yavatmal,2020-04-26,32.9,39.5,26.2,0.0,0.0,0.0,29,8.27,0.171,0.198,0.254,35.0,33.5,20.39324,78.13201,ERA5,Asia/Kolkata,Open-Meteo Historical Weather API
MH-Yavatmal,2020-04-27,32.7,39.2,27.3,0.0,0.0,0.0,35,7.81,0.172,0.197,0.252,34.9,33.6,20.39324,78.13201,ERA5,Asia/Kolkata,Open-Meteo Historical Weather API
MH-Yavatmal,2020-04-28,30.7,37.0,25.4,0.1,0.1,1.0,48,6.18,0.179,0.199,0.253,33.8,33.5,20.39324,78.13201,ERA5,Asia/Kolkata,Open-Meteo Historical Weather API
MH-Yavatmal,2020-04-29,32.1,38.7,24.5,0.0,0.0,0.0,41,6.52,0.192,0.202,0.254,33.7,33.2,20.39324,78.13201,ERA5,Asia/Kolkata,Open-Meteo Historical Weather API
MH-Yavatmal,2020-04-30,33.0,39.7,25.8,0.0,0.0,0.0,39,6.31,0.19,0.204,0.254,34.5,33.2,20.39324,78.13201,ERA5,Asia/Kolkata,Open-Meteo Historical Weather API
MH-Yavatmal,2020-05-01,32.7,39.8,26.8,0.0,0.0,0.0,41,6.64,0.189,0.207,0.256,34.8,33.9,20.39324,78.13201,ERA5,Asia/Kolkata,Open-Meteo Historical Weather API
MH-Yavatmal,2020-05-02,34.7,41.5,26.6,0.0,0.0,0.0,32,8.29,0.185,0.208,0.256,35.3,33.9,20.39324,78.13201,ERA5,Asia/Kolkata,Open-Meteo Historical Weather API
MH-Yavatmal,2020-05-03,35.7,42.2,29.1,0.0,0.0,0.0,27,9.43,0.179,0.204,0.252,36.7,34.6,20.39324,78.13201,ERA5,Asia/Kolkata,Open-Meteo Historical Weather API
MH-Yavatmal,2020-05-04,35.7,42.9,29.4,0.0,0.0,0.0,27,9.01,0.176,0.2,0.248,36.7,34.9,20.39324,78.13201,ERA5,Asia/Kolkata,Open-Meteo Historical Weather API
MH-Yavatmal,2020-05-05,35.6,42.1,29.6,0.0,0.0,0.0,30,8.5,0.174,0.197,0.244,37.1,35.2,20.39324,78.13201,ERA5,Asia/Kolkata,Open-Meteo Historical Weather API
MH-Yavatmal,2020-05-06,34.4,41.2,28.1,0.0,0.0,0.0,36,6.85,0.174,0.195,0.242,36.3,35.2,20.39324,78.13201,ERA5,Asia/Kolkata,Open-Meteo Historical Weather API
MH-Yavatmal,2020-05-07,33.4,39.8,27.8,0.0,0.0,0.0,40,6.45,0.177,0.199,0.244,35.8,35.1,20.39324,78.13201,ERA5,Asia/Kolkata,Open-Meteo Historical Weather API
MH-Yavatmal,2020-05-08,34.7,41.4,27.8,0.0,0.0,0.0,38,7.16,0.178,0.2,0.244,36.2,35.1,20.39324,78.13201,ERA5,Asia/Kolkata,Open-Meteo Historical Weather API
MH-Yavatmal,2020-05-09,34.7,41.9,27.6,0.0,0.0,0.0,36,6.85,0.178,0.199,0.242,36.3,35.2,20.39324,78.13201,ERA5,Asia/Kolkata,Open-Meteo Historical Weather API
MH-Yavatmal,2020-05-10,32.4,38.7,27.5,2.5,2.5,3.0,42,6.6,0.19,0.204,0.247,34.8,34.9,20.39324,78.13201,ERA5,Asia/Kolkata,Open-Meteo Historical Weather API
MH-Yavatmal,2020-05-11,31.4,38.0,22.8,6.2,6.2,3.0,50,6.06,0.261,0.205,0.247,33.9,33.7,20.39324,78.13201,ERA5,Asia/Kolkata,Open-Meteo Historical Weather API
MH-Yavatmal,2020-05-12,33.6,39.7,26.5,0.0,0.0,0.0,42,6.51,0.245,0.205,0.245,34.9,33.7,20.39324,78.13201,ERA5,Asia/Kolkata,Open-Meteo Historical Weather API
MH-Yavatmal,2020-05-13,32.7,39.3,28.0,0.2,0.2,1.0,46,6.63,0.227,0.206,0.245,34.8,34.4,20.39324,78.13201,ERA5,Asia/Kolkata,Open-Meteo Historical Weather API
MH-Yavatmal,2020-05-14,33.2,40.0,26.6,0.0,0.0,0.0,48,6.34,0.217,0.207,0.245,35.6,34.4,20.39324,78.13201,ERA5,Asia/Kolkata,Open-Meteo Historical Weather API
MH-Yavatmal,2020-05-15,33.8,39.3,27.5,0.2,0.2,1.0,44,6.96,0.207,0.207,0.245,35.9,34.8,20.39324,78.13201,ERA5,Asia/Kolkata,Open-Meteo Historical Weather API
MH-Yavatmal,2020-05-16,34.8,41.5,29.4,0.0,0.0,0.0,40,7.55,0.199,0.206,0.244,36.7,35.3,20.39324,78.13201,ERA5,Asia/Kolkata,Open-Meteo Historical Weather API
MH-Yavatmal,2020-05-17,33.9,39.9,27.1,0.0,0.0,0.0,43,6.87,0.194,0.207,0.244,36.4,35.5,20.39324,78.13201,ERA5,Asia/Kolkata,Open-Meteo Historical Weather API
MH-Yavatmal,2020-05-18,35.0,41.3,28.5,0.0,0.0,0.0,36,7.7,0.19,0.207,0.244,36.8,35.6,20.39324,78.13201,ERA5,Asia/Kolkata,Open-Meteo Historical Weather API
MH-Yavatmal,2020-05-19,34.0,40.4,27.2,0.0,0.0,0.0,39,7.41,0.187,0.206,0.243,35.7,35.3,20.39324,78.13201,ERA5,Asia/Kolkata,Open-Meteo Historical Weather API
MH-Yavatmal,2020-05-20,34.8,42.5,27.3,0.0,0.0,0.0,28,9.85,0.185,0.206,0.243,35.9,34.9,20.39324,78.13201,ERA5,Asia/Kolkata,Open-Meteo Historical Weather API
MH-Yavatmal,2020-05-21,34.5,41.7,28.2,0.0,0.0,0.0,25,10.02,0.182,0.204,0.241,35.7,34.7,20.39324,78.13201,ERA5,Asia/Kolkata,Open-Meteo Historical Weather API
MH-Yavatmal,2020-05-22,35.6,43.1,28.7,0.0,0.0,0.0,24,9.96,0.179,0.201,0.238,36.2,34.8,20.39324,78.13201,ERA5,Asia/Kolkata,Open-Meteo Historical Weather API
MH-Yavatmal,2020-05-23,37.8,44.1,31.6,0.0,0.0,0.0,23,9.99,0.177,0.2,0.237,38.2,35.8,20.39324,78.13201,ERA5,Asia/Kolkata,Open-Meteo Historical Weather API
MH-Yavatmal,2020-05-24,38.1,44.8,32.0,0.0,0.0,0.0,23,8.78,0.175,0.199,0.235,39.4,37.0,20.39324,78.13201,ERA5,Asia/Kolkata,Open-Meteo Historical Weather API
MH-Yavatmal,2020-05-25,38.2,44.7,30.4,0.0,0.0,0.0,24,8.92,0.174,0.197,0.232,39.5,37.5,20.39324,78.13201,ERA5,Asia/Kolkata,Open-Meteo Historical Weather API
MH-Yavatmal,2020-05-26,37.9,44.1,30.8,0.0,0.0,0.0,26,8.93,0.172,0.195,0.228,39.4,37.7,20.39324,78.13201,ERA5,Asia/Kolkata,Open-Meteo Historical Weather API
MH-Yavatmal,2020-05-27,37.4,43.4,31.6,0.0,0.0,0.0,24,10.07,0.171,0.193,0.224,39.2,37.6,20.39324,78.13201,ERA5,Asia/Kolkata,Open-Meteo Historical Weather API
MH-Yavatmal,2020-05-28,37.3,43.3,31.1,0.0,0.0,0.0,30,10.67,0.17,0.192,0.22,39.0,37.3,20.39324,78.13201,ERA5,Asia/Kolkata,Open-Meteo Historical Weather API
MH-Yavatmal,2020-05-29,37.1,42.9,31.3,0.0,0.0,0.0,33,9.52,0.171,0.191,0.218,39.0,37.3,20.39324,78.13201,ERA5,Asia/Kolkata,Open-Meteo Historical Weather API
MH-Yavatmal,2020-05-30,35.2,39.7,31.6,0.0,0.0,0.0,36,7.23,0.174,0.193,0.223,37.9,37.3,20.39324,78.13201,ERA5,Asia/Kolkata,Open-Meteo Historical Weather API
MH-Yavatmal,2020-05-31,34.5,40.2,28.9,0.0,0.0,0.0,37,6.61,0.176,0.194,0.225,37.1,36.8,20.39324,78.13201,ERA5,Asia/Kolkata,Open-Meteo Historical Weather API
MH-Yavatmal,2020-06-01,30.4,34.7,26.8,1.3,1.3,3.0,52,4.4,0.189,0.201,0.234,33.3,35.5,20.39324,78.13201,ERA5,Asia/Kolkata,Open-Meteo Historical Weather API
MH-Yavatmal,2020-06-02,29.4,32.8,26.5,3.4,3.4,7.0,58,3.31,0.22,0.201,0.235,31.9,33.3,20.39324,78.13201,ERA5,Asia/Kolkata,Open-Meteo Historical Weather API
MH-Yavatmal,2020-06-03,26.6,30.7,23.9,20.0,20.0,19.0,81,2.58,0.346,0.206,0.235,29.8,31.5,20.39324,78.13201,ERA5,Asia/Kolkata,Open-Meteo Historical Weather API
MH-Yavatmal,2020-06-04,26.9,29.6,25.0,3.0,3.0,6.0,71,4.41,0.373,0.231,0.235,28.8,30.0,20.39324,78.13201,ERA5,Asia/Kolkata,Open-Meteo Historical Weather API
MH-Yavatmal,2020-06-05,29.2,35.1,23.8,0.3,0.3,2.0,60,6.16,0.327,0.237,0.234,30.5,30.3,20.39324,78.13201,ERA5,Asia/Kolkata,Open-Meteo Historical Weather API
MH-Yavatmal,2020-06-06,30.1,34.9,26.1,0.0,0.0,0.0,57,6.35,0.292,0.232,0.23,32.0,31.5,20.39324,78.13201,ERA5,Asia/Kolkata,Open-Meteo Historical Weather API
MH-Yavatmal,2020-06-07,31.2,35.3,27.3,0.0,0.0,0.0,52,6.65,0.266,0.227,0.224,32.8,32.0,20.39324,78.13201,ERA5,Asia/Kolkata,Open-Meteo Historical Weather API
MH-Yavatmal,2020-06-08,32.2,37.4,27.2,0.0,0.0,0.0,48,7.67,0.24,0.216,0.217,33.7,32.5,20.39324,78.13201,ERA5,Asia/Kolkata,Open-Meteo Historical Weather API
MH-Yavatmal,2020-06-09,32.4,38.3,27.3,0.0,0.0,0.0,49,7.2,0.219,0.208,0.211,34.3,33.1,20.39324,78.13201,ERA5,Asia/Kolkata,Open-Meteo Historical Weather API
MH-Yavatmal,2020-06-10,30.8,37.6,25.5,12.1,12.1,5.0,60,6.01,0.24,0.208,0.213,33.4,33.4,20.39324,78.13201,ERA5,Asia/Kolkata,Open-Meteo Historical Weather API
MH-Yavatmal,2020-06-11,28.2,35.0,24.9,26.5,26.5,11.0,74,4.33,0.398,0.245,0.214,30.9,32.0,20.39324,78.13201,ERA5,Asia/Kolkata,Open-Meteo Historical Weather API
MH-Yavatmal,2020-06-12,26.6,30.0,23.7,22.9,22.9,17.0,84,2.24,0.441,0.359,0.215,28.5,30.2,20.39324,78.13201,ERA5,Asia/Kolkata,Open-Meteo Historical Weather API
MH-Yavatmal,2020-06-13,27.0,31.8,23.8,36.4,36.4,16.0,83,2.69,0.456,0.436,0.227,28.3,29.0,20.39324,78.13201,ERA5,Asia/Kolkata,Open-Meteo Historical Weather API
MH-Yavatmal,2020-06-14,28.2,33.0,24.9,0.9,0.9,4.0,78,3.74,0.432,0.424,0.239,29.6,29.4,20.39324,78.13201,ERA5,Asia/Kolkata,Open-Meteo Historical Weather API
MH-Yavatmal,2020-06-15,27.2,31.1,24.6,30.3,30.3,23.0,84,2.84,0.456,0.445,0.257,28.9,29.3,20.39324,78.13201,ERA5,Asia/Kolkata,Open-Meteo Historical Weather API
MH-Yavatmal,2020-06-16,27.4,31.6,24.3,8.7,8.7,13.0,81,2.59,0.452,0.446,0.276,27.9,28.7,20.39324,78.13201,ERA5,Asia/Kolkata,Open-Meteo Historical Weather API
MH-Yavatmal,2020-06-17,26.9,30.2,24.5,3.6,3.6,12.0,79,2.41,0.435,0.427,0.285,27.6,28.3,20.39324,78.13201,ERA5,Asia/Kolkata,Open-Meteo Historical Weather API
MH-Yavatmal,2020-06-18,28.2,32.6,25.0,0.6,0.6,3.0,74,3.67,0.418,0.414,0.289,28.5,28.1,20.39324,78.13201,ERA5,Asia/Kolkata,Open-Meteo Historical Weather API
MH-Yavatmal,2020-06-19,28.8,32.5,25.6,0.1,0.1,1.0,67,4.37,0.397,0.4,0.29,28.7,28.6,20.39324,78.13201,ERA5,Asia/Kolkata,Open-Meteo Historical Weather API
MH-Yavatmal,2020-06-20,28.1,30.8,26.0,0.0,0.0,0.0,69,3.7,0.381,0.388,0.29,28.3,28.9,20.39324,78.13201,ERA5,Asia/Kolkata,Open-Meteo Historical Weather API
MH-Yavatmal,2020-06-21,29.4,32.4,26.5,0.1,0.1,1.0,64,4.53,0.366,0.376,0.29,29.0,28.8,20.39324,78.13201,ERA5,Asia/Kolkata,Open-Meteo Historical Weather API
MH-Yavatmal,2020-06-22,28.5,32.6,25.1,6.8,6.8,15.0,69,4.14,0.367,0.366,0.289,28.8,28.8,20.39324,78.13201,ERA5,Asia/Kolkata,Open-Meteo Historical Weather API
MH-Yavatmal,2020-06-23,27.5,31.1,23.9,8.5,8.5,8.0,75,4.49,0.42,0.383,0.289,28.9,28.7,20.39324,78.13201,ERA5,Asia/Kolkata,Open-Meteo Historical Weather API
MH-Yavatmal,2020-06-24,29.3,33.4,25.5,0.3,0.3,3.0,71,4.63,0.386,0.379,0.289,30.1,29.3,20.39324,78.13201,ERA5,Asia/Kolkata,Open-Meteo Historical Weather API
MH-Yavatmal,2020-06-25,29.8,34.5,25.5,4.0,4.0,8.0,72,4.9,0.378,0.368,0.288,30.8,29.9,20.39324,78.13201,ERA5,Asia/Kolkata,Open-Meteo Historical Weather API
MH-Yavatmal,2020-06-26,28.8,33.4,24.5,10.5,10.5,6.0,78,4.6,0.429,0.39,0.287,30.6,30.0,20.39324,78.13201,ERA5,Asia/Kolkata,Open-Meteo Historical Weather API
MH-Yavatmal,2020-06-27,28.0,32.9,24.6,7.7,7.7,7.0,79,3.92,0.429,0.402,0.288,29.6,29.7,20.39324,78.13201,ERA5,Asia/Kolkata,Open-Meteo Historical Weather API
MH-Yavatmal,2020-06-28,28.1,32.2,24.1,6.3,6.3,10.0,75,4.28,0.432,0.411,0.289,29.2,29.2,20.39324,78.13201,ERA5,Asia/Kolkata,Open-Meteo Historical Weather API
MH-Yavatmal,2020-06-29,27.9,30.8,25.9,1.6,1.6,8.0,74,3.65,0.408,0.403,0.291,29.2,29.2,20.39324,78.13201,ERA5,Asia/Kolkata,Open-Meteo Historical Weather API
MH-Yavatmal,2020-06-30,28.6,32.5,25.1,0.1,0.1,1.0,73,4.48,0.393,0.391,0.292,29.7,29.4,20.39324,78.13201,ERA5,Asia/Kolkata,Open-Meteo Historical Weather API
MH-Yavatmal,2020-07-01,28.3,32.6,24.3,1.0,1.0,5.0,73,4.58,0.381,0.379,0.291,29.6,29.5,20.39324,78.13201,ERA5,Asia/Kolkata,Open-Meteo Historical Weather API
MH-Yavatmal,2020-07-02,28.9,34.5,25.8,0.4,0.4,2.0,72,5.16,0.371,0.368,0.29,30.2,29.9,20.39324,78.13201,ERA5,Asia/Kolkata,Open-Meteo Historical Weather API
MH-Yavatmal,2020-07-03,28.3,33.4,25.2,3.8,3.8,7.0,75,4.33,0.373,0.36,0.29,29.8,29.8,20.39324,78.13201,ERA5,Asia/Kolkata,Open-Meteo Historical Weather API
MH-Yavatmal,2020-07-04,27.4,31.5,24.6,25.6,25.6,21.0,82,2.79,0.442,0.394,0.293,28.7,29.1,20.39324,78.13201,ERA5,Asia/Kolkata,Open-Meteo Historical Weather API
MH-Yavatmal,2020-07-05,26.2,28.8,24.3,18.4,18.4,22.0,86,2.61,0.462,0.45,0.303,27.6,28.2,20.39324,78.13201,ERA5,Asia/Kolkata,Open-Meteo Historical Weather API
MH-Yavatmal,2020-07-06,25.8,29.1,23.7,15.4,15.4,21.0,87,1.32,0.461,0.455,0.325,26.3,27.2,20.39324,78.13201,ERA5,Asia/Kolkata,Open-Meteo Historical Weather API
MH-Yavatmal,2020-07-07,27.5,31.3,24.7,1.5,1.5,4.0,79,3.49,0.441,0.438,0.337,27.6,27.1,20.39324,78.13201,ERA5,Asia/Kolkata,Open-Meteo Historical Weather API
MH-Yavatmal,2020-07-08,28.2,32.9,23.9,14.0,14.0,8.0,76,4.43,0.432,0.426,0.34,28.8,28.0,20.39324,78.13201,ERA5,Asia/Kolkata,Open-Meteo Historical Weather API
MH-Yavatmal,2020-07-09,27.5,32.4,24.6,12.0,12.0,14.0,82,3.86,0.449,0.448,0.347,28.8,28.5,20.39324,78.13201,ERA5,Asia/Kolkata,Open-Meteo Historical Weather API
MH-Yavatmal,2020-07-10,26.6,28.8,25.0,3.6,3.6,11.0,83,2.64,0.443,0.438,0.354,27.5,28.0,20.39324,78.13201,ERA5,Asia/Kolkata,Open-Meteo Historical Weather API
MH-Yavatmal,2020-07-11,28.0,32.1,24.3,0.7,0.7,3.0,75,3.67,0.429,0.428,0.357,27.9,27.6,20.39324,78.13201,ERA5,Asia/Kolkata,Open-Meteo Historical Weather API
MH-Yavatmal,2020-07-12,28.8,32.5,25.3,0.7,0.7,2.0,72,4.98,0.41,0.414,0.357,29.1,28.2,20.39324,78.13201,ERA5,Asia/Kolkata,Open-Meteo Historical Weather API
MH-Yavatmal,2020-07-13,27.7,31.8,24.4,7.5,7.5,10.0,78,3.84,0.437,0.421,0.357,28.4,28.3,20.39324,78.13201,ERA5,Asia/Kolkata,Open-Meteo Historical Weather API
MH-Yavatmal,2020-07-14,26.9,29.5,25.1,16.0,16.0,17.0,83,2.95,0.435,0.425,0.359,28.2,28.1,20.39324,78.13201,ERA5,Asia/Kolkata,Open-Meteo Historical Weather API
MH-Yavatmal,2020-07-15,26.1,29.4,24.1,24.4,24.4,23.0,88,2.18,0.46,0.456,0.371,27.4,27.5,20.39324,78.13201,ERA5,Asia/Kolkata,Open-Meteo Historical Weather API
MH-Yavatmal,2020-07-16,26.3,29.5,24.0,7.0,7.0,15.0,86,3.23,0.454,0.452,0.385,27.6,27.3,20.39324,78.13201,ERA5,Asia/Kolkata,Open-Meteo Historical Weather API
MH-Yavatmal,2020-07-17,27.2,30.6,24.4,0.7,0.7,4.0,77,3.72,0.44,0.446,0.393,27.8,27.5,20.39324,78.13201,ERA5,Asia/Kolkata,Open-Meteo Historical Weather API
MH-Yavatmal,2020-07-18,28.6,32.5,24.6,2.8,2.8,5.0,75,4.54,0.425,0.428,0.394,29.0,28.1,20.39324,78.13201,ERA5,Asia/Kolkata,Open-Meteo Historical Weather API
MH-Yavatmal,2020-07-19,28.0,30.5,25.5,2.6,2.6,6.0,79,3.89,0.426,0.421,0.393,28.9,28.5,20.39324,78.13201,ERA5,Asia/Kolkata,Open-Meteo Historical Weather API
MH-Yavatmal,2020-07-20,27.2,30.6,25.2,13.2,13.2,12.0,83,3.18,0.427,0.42,0.392,28.3,28.4,20.39324,78.13201,ERA5,Asia/Kolkata,Open-Meteo Historical Weather API
MH-Yavatmal,2020-07-21,26.6,29.9,24.3,19.7,19.7,19.0,85,3.27,0.457,0.45,0.397,28.0,27.9,20.39324,78.13201,ERA5,Asia/Kolkata,Open-Meteo Historical Weather API
MH-Yavatmal,2020-07-22,27.3,31.0,25.0,9.1,9.1,11.0,83,3.68,0.447,0.447,0.404,28.6,28.0,20.39324,78.13201,ERA5,Asia/Kolkata,Open-Meteo Historical Weather API
MH-Yavatmal,2020-07-23,25.2,28.5,23.7,35.2,35.2,15.0,88,2.23,0.46,0.461,0.424,26.9,27.7,20.39324,78.13201,ERA5,Asia/Kolkata,Open-Meteo Historical Weather API
MH-Yavatmal,2020-07-24,26.2,30.9,22.8,1.8,1.8,5.0,84,2.89,0.445,0.447,0.429,27.1,27.2,20.39324,78.13201,ERA5,Asia/Kolkata,Open-Meteo Historical Weather API
MH-Yavatmal,2020-07-25,27.0,30.3,24.1,6.0,6.0,8.0,82,3.75,0.442,0.438,0.428,27.8,27.4,20.39324,78.13201,ERA5,Asia/Kolkata,Open-Meteo Historical Weather API
MH-Yavatmal,2020-07-26,28.1,31.7,24.3,0.0,0.0,0.0,77,4.84,0.434,0.437,0.426,28.9,28.0,20.39324,78.13201,ERA5,Asia/Kolkata,Open-Meteo Historical Weather API
MH-Yavatmal,2020-07-27,29.0,33.3,24.9,0.7,0.7,4.0,75,5.15,0.416,0.424,0.424,29.6,28.6,20.39324,78.13201,ERA5,Asia/Kolkata,Open-Meteo Historical Weather API
MH-Yavatmal,2020-07-28,28.5,32.1,25.0,3.1,3.1,7.0,78,4.37,0.42,0.415,0.421,29.3,28.7,20.39324,78.13201,ERA5,Asia/Kolkata,Open-Meteo Historical Weather API
MH-Yavatmal,2020-07-29,26.8,31.3,24.2,9.5,9.5,16.0,84,3.13,0.433,0.416,0.418,28.2,28.2,20.39324,78.13201,ERA5,Asia/Kolkata,Open-Meteo Historical Weather API
MH-Yavatmal,2020-07-30,28.1,31.9,24.3,2.1,2.1,7.0,80,3.86,0.432,0.422,0.417,29.2,28.4,20.39324,78.13201,ERA5,Asia/Kolkata,Open-Meteo Historical Weather API
MH-Yavatmal,2020-07-31,28.8,31.8,25.9,3.3,3.3,6.0,78,4.23,0.428,0.42,0.415,29.9,28.9,20.39324,78.13201,ERA5,Asia/Kolkata,Open-Meteo Historical Weather API
MH-Yavatmal,2020-08-01,28.1,32.1,25.0,0.4,0.4,2.0,82,4.09,0.43,0.422,0.413,29.5,29.0,20.39324,78.13201,ERA5,Asia/Kolkata,Open-Meteo Historical Weather API
MH-Yavatmal,2020-08-02,28.4,32.8,25.5,4.6,4.6,8.0,80,4.31,0.43,0.417,0.411,29.6,29.1,20.39324,78.13201,ERA5,Asia/Kolkata,Open-Meteo Historical Weather API
MH-Yavatmal,2020-08-03,26.8,29.3,24.4,8.5,8.5,15.0,83,2.58,0.444,0.428,0.41,27.9,28.5,20.39324,78.13201,ERA5,Asia/Kolkata,Open-Meteo Historical Weather API
MH-Yavatmal,2020-08-04,27.1,30.7,25.1,4.0,4.0,8.0,81,2.76,0.435,0.43,0.41,27.5,27.6,20.39324,78.13201,ERA5,Asia/Kolkata,Open-Meteo Historical Weather API
MH-Yavatmal,2020-08-05,27.2,31.0,24.2,6.0,6.0,7.0,80,3.62,0.434,0.431,0.41,27.8,27.5,20.39324,78.13201,ERA5,Asia/Kolkata,Open-Meteo Historical Weather API
MH-Yavatmal,2020-08-06,26.7,29.2,24.1,5.3,5.3,12.0,80,2.7,0.447,0.444,0.411,27.2,27.4,20.39324,78.13201,ERA5,Asia/Kolkata,Open-Meteo Historical Weather API
MH-Yavatmal,2020-08-07,27.6,31.0,25.0,3.7,3.7,5.0,79,4.16,0.434,0.434,0.412,28.0,27.5,20.39324,78.13201,ERA5,Asia/Kolkata,Open-Meteo Historical Weather API
MH-Yavatmal,2020-08-08,27.2,29.7,25.5,2.5,2.5,6.0,80,2.68,0.435,0.432,0.412,27.4,27.5,20.39324,78.13201,ERA5,Asia/Kolkata,Open-Meteo Historical Weather API
MH-Yavatmal,2020-08-09,25.4,26.9,24.1,24.1,24.1,19.0,87,1.75,0.452,0.445,0.416,26.2,26.8,20.39324,78.13201,ERA5,Asia/Kolkata,Open-Meteo Historical Weather API
MH-Yavatmal,2020-08-10,24.5,25.9,23.8,57.5,57.5,24.0,93,1.14,0.464,0.465,0.442,25.0,25.7,20.39324,78.13201,ERA5,Asia/Kolkata,Open-Meteo Historical Weather API
MH-Yavatmal,2020-08-11,24.9,26.5,23.5,41.2,41.2,24.0,91,1.17,0.465,0.466,0.458,24.8,25.3,20.39324,78.13201,ERA5,Asia/Kolkata,Open-Meteo Historical Weather API
MH-Yavatmal,2020-08-12,25.7,27.8,24.0,11.2,11.2,19.0,86,1.85,0.462,0.461,0.464,25.4,25.2,20.39324,78.13201,ERA5,Asia/Kolkata,Open-Meteo Historical Weather API
MH-Yavatmal,2020-08-13,24.0,25.3,23.1,35.8,35.8,24.0,91,1.73,0.465,0.466,0.466,24.5,25.2,20.39324,78.13201,ERA5,Asia/Kolkata,Open-Meteo Historical Weather API
MH-Yavatmal,2020-08-14,23.8,25.5,22.5,29.9,29.9,24.0,91,1.29,0.463,0.465,0.467,24.0,24.8,20.39324,78.13201,ERA5,Asia/Kolkata,Open-Meteo Historical Weather API
MH-Yavatmal,2020-08-15,24.3,26.1,22.7,11.6,11.6,24.0,91,1.36,0.46,0.456,0.464,24.2,24.5,20.39324,78.13201,ERA5,Asia/Kolkata,Open-Meteo Historical Weather API
MH-Yavatmal,2020-08-16,24.2,25.2,23.2,18.3,18.3,24.0,92,1.2,0.464,0.46,0.462,24.2,24.5,20.39324,78.13201,ERA5,Asia/Kolkata,Open-Meteo Historical Weather API
MH-Yavatmal,2020-08-17,24.4,26.2,23.2,18.0,18.0,21.0,90,1.67,0.464,0.462,0.466,24.3,24.6,20.39324,78.13201,ERA5,Asia/Kolkata,Open-Meteo Historical Weather API
MH-Yavatmal,2020-08-18,25.2,27.3,23.6,0.6,0.6,4.0,85,2.23,0.448,0.451,0.462,25.0,24.8,20.39324,78.13201,ERA5,Asia/Kolkata,Open-Meteo Historical Weather API
MH-Yavatmal,2020-08-19,25.7,29.3,23.6,3.3,3.3,11.0,85,2.51,0.443,0.443,0.457,25.5,25.2,20.39324,78.13201,ERA5,Asia/Kolkata,Open-Meteo Historical Weather API
MH-Yavatmal,2020-08-20,25.3,27.2,23.9,0.8,0.8,5.0,87,2.06,0.439,0.439,0.453,25.3,25.2,20.39324,78.13201,ERA5,Asia/Kolkata,Open-Meteo Historical Weather API
MH-Yavatmal,2020-08-21,24.6,25.9,23.6,33.2,33.2,22.0,90,1.23,0.46,0.455,0.457,24.7,25.0,20.39324,78.13201,ERA5,Asia/Kolkata,Open-Meteo Historical Weather API
MH-Yavatmal,2020-08-22,25.7,28.3,23.3,3.0,3.0,5.0,84,2.52,0.453,0.459,0.461,25.3,24.9,20.39324,78.13201,ERA5,Asia/Kolkata,Open-Meteo Historical Weather API
MH-Yavatmal,2020-08-23,26.8,30.5,24.0,0.4,0.4,2.0,80,3.79,0.436,0.443,0.453,26.4,25.7,20.39324,78.13201,ERA5,Asia/Kolkata,Open-Meteo Historical Weather API
MH-Yavatmal,2020-08-24,26.9,30.5,23.3,0.2,0.2,1.0,78,4.04,0.424,0.431,0.445,26.8,26.2,20.39324,78.13201,ERA5,Asia/Kolkata,Open-Meteo Historical Weather API
MH-Yavatmal,2020-08-25,27.4,30.5,23.9,0.3,0.3,1.0,77,4.37,0.411,0.421,0.439,27.3,26.6,20.39324,78.13201,ERA5,Asia/Kolkata,Open-Meteo Historical Weather API
MH-Yavatmal,2020-08-26,26.9,29.5,24.5,1.2,1.2,3.0,79,3.46,0.4,0.412,0.433,27.1,26.6,20.39324,78.13201,ERA5,Asia/Kolkata,Open-Meteo Historical Weather API
MH-Yavatmal,2020-08-27,25.3,26.9,24.0,21.5,21.5,17.0,86,1.95,0.44,0.425,0.429,25.7,26.0,20.39324,78.13201,ERA5,Asia/Kolkata,Open-Meteo Historical Weather API
MH-Yavatmal,2020-08-28,24.4,25.5,23.7,19.5,19.5,21.0,90,1.51,0.462,0.463,0.437,24.7,25.0,20.39324,78.13201,ERA5,Asia/Kolkata,Open-Meteo Historical Weather API
MH-Yavatmal,2020-08-29,24.1,25.3,23.1,22.1,22.1,23.0,91,1.2,0.465,0.467,0.455,24.2,24.5,20.39324,78.13201,ERA5,Asia/Kolkata,Open-Meteo Historical Weather API
MH-Yavatmal,2020-08-30,26.3,30.3,22.5,0.1,0.1,1.0,81,3.93,0.445,0.454,0.458,25.9,24.9,20.39324,78.13201,ERA5,Asia/Kolkata,Open-Meteo Historical Weather API
MH-Yavatmal,2020-08-31,27.2,31.1,23.4,0.0,0.0,0.0,78,4.05,0.428,0.438,0.453,26.9,25.9,20.39324,78.13201,ERA5,Asia/Kolkata,Open-Meteo Historical Weather API
MH-Yavatmal,2020-09-01,27.7,31.4,24.3,0.1,0.1,1.0,76,4.5,0.416,0.426,0.447,27.7,26.5,20.39324,78.13201,ERA5,Asia/Kolkata,Open-Meteo Historical Weather API
MH-Yavatmal,2020-09-02,27.2,30.8,24.5,0.3,0.3,2.0,78,3.17,0.406,0.417,0.442,27.2,26.7,20.39324,78.13201,ERA5,Asia/Kolkata,Open-Meteo Historical Weather API
MH-Yavatmal,2020-09-03,28.0,31.9,24.4,0.2,0.2,1.0,77,4.7,0.397,0.408,0.436,28.5,27.0,20.39324,78.13201,ERA5,Asia/Kolkata,Open-Meteo Historical Weather API
MH-Yavatmal,2020-09-04,28.6,33.1,25.5,0.6,0.6,2.0,76,4.44,0.391,0.401,0.431,29.1,27.8,20.39324,78.13201,ERA5,Asia/Kolkata,Open-Meteo Historical Weather API
MH-Yavatmal,2020-09-05,27.7,31.3,24.6,2.5,2.5,8.0,81,3.78,0.406,0.397,0.426,28.7,27.9,20.39324,78.13201,ERA5,Asia/Kolkata,Open-Meteo Historical Weather API
MH-Yavatmal,2020-09-06,27.8,31.9,25.1,4.7,4.7,7.0,80,4.31,0.413,0.398,0.423,28.7,28.0,20.39324,78.13201,ERA5,Asia/Kolkata,Open-Meteo Historical Weather API
MH-Yavatmal,2020-09-07,26.9,30.4,24.0,7.7,7.7,9.0,84,3.82,0.423,0.405,0.419,28.4,27.9,20.39324,78.13201,ERA5,Asia/Kolkata,Open-Meteo Historical Weather API
MH-Yavatmal,2020-09-08,27.7,32.6,23.7,5.0,5.0,6.0,82,4.02,0.435,0.421,0.417,28.6,27.8,20.39324,78.13201,ERA5,Asia/Kolkata,Open-Meteo Historical Weather API
MH-Yavatmal,2020-09-09,28.0,31.6,24.5,3.6,3.6,5.0,81,4.08,0.425,0.417,0.416,29.0,28.0,20.39324,78.13201,ERA5,Asia/Kolkata,Open-Meteo Historical Weather API
MH-Yavatmal,2020-09-10,26.6,30.2,24.3,23.9,23.9,14.0,85,3.15,0.451,0.438,0.415,28.1,28.0,20.39324,78.13201,ERA5,Asia/Kolkata,Open-Meteo Historical Weather API
MH-Yavatmal,2020-09-11,26.0,29.2,23.5,13.5,13.5,15.0,87,2.73,0.456,0.459,0.425,27.4,27.5,20.39324,78.13201,ERA5,Asia/Kolkata,Open-Meteo Historical Weather API
MH-Yavatmal,2020-09-12,27.5,31.7,23.9,3.1,3.1,8.0,82,3.93,0.445,0.446,0.429,28.6,27.7,20.39324,78.13201,ERA5,Asia/Kolkata,Open-Meteo Historical Weather API
MH-Yavatmal,2020-09-13,27.3,32.2,24.2,10.1,10.1,14.0,83,3.77,0.454,0.453,0.429,28.8,28.0,20.39324,78.13201,ERA5,Asia/Kolkata,Open-Meteo Historical Weather API
MH-Yavatmal,2020-09-14,26.5,30.3,23.3,22.6,22.6,20.0,85,3.26,0.458,0.457,0.434,27.9,27.7,20.39324,78.13201,ERA5,Asia/Kolkata,Open-Meteo Historical Weather API
MH-Yavatmal,2020-09-15,27.2,31.2,24.3,4.0,4.0,6.0,84,3.78,0.454,0.457,0.439,28.3,27.6,20.39324,78.13201,ERA5,Asia/Kolkata,Open-Meteo Historical Weather API
MH-Yavatmal,2020-09-16,27.2,31.8,24.0,8.8,8.8,11.0,85,3.84,0.456,0.456,0.439,28.6,27.8,20.39324,78.13201,ERA5,Asia/Kolkata,Open-Meteo Historical Weather API
MH-Yavatmal,2020-09-17,27.6,32.2,24.4,15.1,15.1,10.0,84,3.79,0.455,0.455,0.438,28.7,28.0,20.39324,78.13201,ERA5,Asia/Kolkata,Open-Meteo Historical Weather API
MH-Yavatmal,2020-09-18,26.6,29.5,24.9,2.7,2.7,9.0,86,2.37,0.456,0.46,0.443,27.7,27.6,20.39324,78.13201,ERA5,Asia/Kolkata,Open-Meteo Historical Weather API
MH-Yavatmal,2020-09-19,26.9,32.5,23.8,30.8,30.8,18.0,84,3.34,0.458,0.465,0.454,27.8,27.2,20.39324,78.13201,ERA5,Asia/Kolkata,Open-Meteo Historical Weather API
MH-Yavatmal,2020-09-20,26.4,30.7,23.5,8.5,8.5,13.0,87,3.29,0.457,0.461,0.458,27.6,27.4,20.39324,78.13201,ERA5,Asia/Kolkata,Open-Meteo Historical Weather API
MH-Yavatmal,2020-09-21,26.6,30.1,24.1,14.1,14.1,15.0,86,3.23,0.457,0.458,0.457,27.9,27.4,20.39324,78.13201,ERA5,Asia/Kolkata,Open-Meteo Historical Weather API
MH-Yavatmal,2020-09-22,25.5,28.5,24.2,47.4,47.4,24.0,91,1.95,0.462,0.465,0.467,26.9,27.1,20.39324,78.13201,ERA5,Asia/Kolkata,Open-Meteo Historical Weather API
MH-Yavatmal,2020-09-23,26.0,28.9,23.7,9.0,9.0,15.0,89,2.41,0.459,0.46,0.467,26.6,26.6,20.39324,78.13201,ERA5,Asia/Kolkata,Open-Meteo Historical Weather API
MH-Yavatmal,2020-09-24,27.0,29.7,24.6,1.7,1.7,5.0,84,2.71,0.444,0.444,0.462,27.1,26.7,20.39324,78.13201,ERA5,Asia/Kolkata,Open-Meteo Historical Weather API
MH-Yavatmal,2020-09-25,27.9,31.1,25.0,0.3,0.3,1.0,81,4.16,0.428,0.433,0.457,28.2,27.1,20.39324,78.13201,ERA5,Asia/Kolkata,Open-Meteo Historical Weather API
MH-Yavatmal,2020-09-26,26.8,30.8,24.2,0.1,0.1,1.0,81,3.51,0.416,0.423,0.452,27.5,27.3,20.39324,78.13201,ERA5,Asia/Kolkata,Open-Meteo Historical Weather API
MH-Yavatmal,2020-09-27,26.9,31.1,24.2,0.6,0.6,1.0,79,4.2,0.407,0.415,0.447,27.7,27.0,20.39324,78.13201,ERA5,Asia/Kolkata,Open-Meteo Historical Weather API
MH-Yavatmal,2020-09-28,27.0,31.2,23.4,0.3,0.3,2.0,76,4.27,0.398,0.408,0.441,27.7,27.0,20.39324,78.13201,ERA5,Asia/Kolkata,Open-Meteo Historical Weather API
MH-Yavatmal,2020-09-29,27.1,31.5,24.3,1.5,1.5,4.0,76,4.05,0.396,0.4,0.436,27.8,27.2,20.39324,78.13201,ERA5,Asia/Kolkata,Open-Meteo Historical Weather API
MH-Yavatmal,2020-09-30,26.6,31.3,23.5,0.5,0.5,2.0,78,3.94,0.399,0.398,0.43,27.4,27.2,20.39324,78.13201,ERA5,Asia/Kolkata,Open-Meteo Historical Weather API
MH-Yavatmal,2020-10-01,27.1,32.8,23.7,1.9,1.9,3.0,78,4.32,0.388,0.393,0.425,27.4,27.1,20.39324,78.13201,ERA5,Asia/Kolkata,Open-Meteo Historical Weather API
MH-Yavatmal,2020-10-02,27.8,33.1,24.1,0.0,0.0,0.0,70,4.92,0.379,0.386,0.42,27.8,27.1,20.39324,78.13201,ERA5,Asia/Kolkata,Open-Meteo Historical Weather API
MH-Yavatmal,2020-10-03,27.7,33.5,23.3,0.0,0.0,0.0,65,5.15,0.363,0.378,0.416,27.6,27.0,20.39324,78.13201,ERA5,Asia/Kolkata,Open-Meteo Historical Weather API
MH-Yavatmal,2020-10-04,27.5,34.5,22.3,0.0,0.0,0.0,63,5.34,0.348,0.369,0.41,27.2,26.9,20.39324,78.13201,ERA5,Asia/Kolkata,Open-Meteo Historical Weather API
MH-Yavatmal,2020-10-05,27.4,33.4,22.0,0.0,0.0,0.0,63,5.06,0.334,0.359,0.405,27.2,26.8,20.39324,78.13201,ERA5,Asia/Kolkata,Open-Meteo Historical Weather API
MH-Yavatmal,2020-10-06,27.7,33.0,23.7,0.0,0.0,0.0,64,3.63,0.323,0.352,0.4,27.3,26.7,20.39324,78.13201,ERA5,Asia/Kolkata,Open-Meteo Historical Weather API
MH-Yavatmal,2020-10-07,25.5,26.7,23.9,3.3,3.3,7.0,78,2.36,0.341,0.349,0.396,26.4,26.5,20.39324,78.13201,ERA5,Asia/Kolkata,Open-Meteo Historical Weather API
MH-Yavatmal,2020-10-08,25.4,29.5,22.2,8.0,8.0,13.0,83,2.49,0.396,0.355,0.393,26.1,26.0,20.39324,78.13201,ERA5,Asia/Kolkata,Open-Meteo Historical Weather API
MH-Yavatmal,2020-10-09,26.5,30.8,23.5,8.6,8.6,8.0,86,2.8,0.423,0.377,0.391,27.2,26.3,20.39324,78.13201,ERA5,Asia/Kolkata,Open-Meteo Historical Weather API
MH-Yavatmal,2020-10-10,27.1,31.4,23.8,3.3,3.3,5.0,83,3.65,0.413,0.387,0.388,28.0,27.0,20.39324,78.13201,ERA5,Asia/Kolkata,Open-Meteo Historical Weather API
MH-Yavatmal,2020-10-11,25.7,28.2,23.6,21.9,21.9,18.0,89,2.2,0.452,0.422,0.387,27.1,26.9,20.39324,78.13201,ERA5,Asia/Kolkata,Open-Meteo Historical Weather API
MH-Yavatmal,2020-10-12,26.7,31.9,23.0,0.1,0.1,1.0,83,3.99,0.44,0.438,0.39,27.5,26.8,20.39324,78.13201,ERA5,Asia/Kolkata,Open-Meteo Historical Weather API
MH-Yavatmal,2020-10-13,27.3,30.6,24.1,0.4,0.4,2.0,76,3.67,0.424,0.426,0.39,27.4,27.1,20.39324,78.13201,ERA5,Asia/Kolkata,Open-Meteo Historical Weather API
MH-Yavatmal,2020-10-14,26.5,30.2,24.4,15.6,15.6,22.0,83,3.0,0.45,0.436,0.39,27.0,26.7,20.39324,78.13201,ERA5,Asia/Kolkata,Open-Meteo Historical Weather API
MH-Yavatmal,2020-10-15,26.3,29.9,24.1,5.2,5.2,12.0,84,2.32,0.457,0.455,0.398,26.7,26.2,20.39324,78.13201,ERA5,Asia/Kolkata,Open-Meteo Historical Weather API
MH-Yavatmal,2020-10-16,26.2,29.7,24.1,7.6,7.6,8.0,86,3.04,0.449,0.448,0.403,27.0,26.3,20.39324,78.13201,ERA5,Asia/Kolkata,Open-Meteo Historical Weather API
MH-Yavatmal,2020-10-17,26.8,30.7,23.8,2.6,2.6,4.0,85,3.04,0.443,0.441,0.407,27.4,26.6,20.39324,78.13201,ERA5,Asia/Kolkata,Open-Meteo Historical Weather API
MH-Yavatmal,2020-10-18,27.7,31.8,23.9,0.2,0.2,1.0,81,3.65,0.43,0.432,0.407,28.3,27.0,20.39324,78.13201,ERA5,Asia/Kolkata,Open-Meteo Historical Weather API
MH-Yavatmal,2020-10-19,27.5,32.0,24.0,0.7,0.7,2.0,81,3.7,0.418,0.423,0.405,28.3,27.3,20.39324,78.13201,ERA5,Asia/Kolkata,Open-Meteo Historical Weather API
MH-Yavatmal,2020-10-20,27.0,32.4,23.1,0.0,0.0,0.0,76,4.09,0.407,0.415,0.402,27.6,27.2,20.39324,78.13201,ERA5,Asia/Kolkata,Open-Meteo Historical Weather API
MH-Yavatmal,2020-10-21,26.8,31.6,22.7,0.0,0.0,0.0,75,3.97,0.393,0.405,0.4,27.3,26.9,20.39324,78.13201,ERA5,Asia/Kolkata,Open-Meteo Historical Weather API
MH-Yavatmal,2020-10-22,26.5,32.2,22.0,0.0,0.0,0.0,66,4.35,0.378,0.394,0.396,27.0,26.9,20.39324,78.13201,ERA5,Asia/Kolkata,Open-Meteo Historical Weather API
MH-Yavatmal,2020-10-23,26.0,32.5,21.2,0.0,0.0,0.0,69,4.29,0.364,0.382,0.39,26.4,26.3,20.39324,78.13201,ERA5,Asia/Kolkata,Open-Meteo Historical Weather API
MH-Yavatmal,2020-10-24,26.2,32.3,21.2,0.0,0.0,0.0,72,4.03,0.354,0.373,0.388,26.6,26.3,20.39324,78.13201,ERA5,Asia/Kolkata,Open-Meteo Historical Weather API
MH-Yavatmal,2020-10-25,25.6,30.9,21.4,0.1,0.1,1.0,75,3.59,0.344,0.365,0.385,26.4,26.4,20.39324,78.13201,ERA5,Asia/Kolkata,Open-Meteo Historical Weather API
MH-Yavatmal,2020-10-26,25.5,31.1,22.1,0.3,0.3,2.0,78,3.52,0.339,0.359,0.382,26.6,26.4,20.39324,78.13201,ERA5,Asia/Kolkata,Open-Meteo Historical Weather API
MH-Yavatmal,2020-10-27,25.1,31.4,19.7,0.0,0.0,0.0,74,3.5,0.333,0.353,0.379,25.9,26.0,20.39324,78.13201,ERA5,Asia/Kolkata,Open-Meteo Historical Weather API
MH-Yavatmal,2020-10-28,24.6,31.8,17.5,0.0,0.0,0.0,65,4.2,0.322,0.347,0.376,25.1,25.5,20.39324,78.13201,ERA5,Asia/Kolkata,Open-Meteo Historical Weather API
MH-Yavatmal,2020-10-29,24.6,31.7,17.2,0.0,0.0,0.0,62,4.07,0.313,0.342,0.374,24.5,25.0,20.39324,78.13201,ERA5,Asia/Kolkata,Open-Meteo Historical Weather API
MH-Yavatmal,2020-10-30,24.9,31.6,18.9,0.0,0.0,0.0,66,4.01,0.305,0.337,0.373,25.1,25.3,20.39324,78.13201,ERA5,Asia/Kolkata,Open-Meteo Historical Weather API
MH-Yavatmal,2020-10-31,24.7,30.8,20.2,0.0,0.0,0.0,66,4.2,0.297,0.332,0.371,25.3,25.3,20.39324,78.13201,ERA5,Asia/Kolkata,Open-Meteo Historical Weather API
MH-Yavatmal,2020-11-01,24.1,30.7,17.9,0.0,0.0,0.0,64,4.22,0.29,0.326,0.369,24.6,24.9,20.39324,78.13201,ERA5,Asia/Kolkata,Open-Meteo Historical Weather API
MH-Yavatmal,2020-11-02,23.8,31.1,17.6,0.0,0.0,0.0,61,4.54,0.281,0.319,0.365,24.3,24.7,20.39324,78.13201,ERA5,Asia/Kolkata,Open-Meteo Historical Weather API
MH-Yavatmal,2020-11-03,23.5,30.9,16.8,0.0,0.0,0.0,57,4.51,0.273,0.313,0.362,23.7,24.3,20.39324,78.13201,ERA5,Asia/Kolkata,Open-Meteo Historical Weather API
MH-Yavatmal,2020-11-04,22.5,30.9,15.7,0.0,0.0,0.0,55,4.52,0.266,0.308,0.36,22.8,23.7,20.39324,78.13201,ERA5,Asia/Kolkata,Open-Meteo Historical Weather API
MH-Yavatmal,2020-11-05,23.0,30.8,17.1,0.0,0.0,0.0,56,4.22,0.262,0.303,0.358,22.6,23.3,20.39324,78.13201,ERA5,Asia/Kolkata,Open-Meteo Historical Weather API
MH-Yavatmal,2020-11-06,22.1,30.4,16.6,0.0,0.0,0.0,55,4.61,0.257,0.299,0.357,22.0,22.9,20.39324,78.13201,ERA5,Asia/Kolkata,Open-Meteo Historical Weather API
MH-Yavatmal,2020-11-07,21.5,30.0,14.2,0.0,0.0,0.0,56,4.61,0.25,0.293,0.352,21.9,22.6,20.39324,78.13201,ERA5,Asia/Kolkata,Open-Meteo Historical Weather API
MH-Yavatmal,2020-11-08,21.4,29.5,16.3,0.0,0.0,0.0,55,4.54,0.242,0.286,0.348,21.5,22.2,20.39324,78.13201,ERA5,Asia/Kolkata,Open-Meteo Historical Weather API
MH-Yavatmal,2020-11-09,20.5,28.4,13.7,0.0,0.0,0.0,57,4.26,0.234,0.279,0.343,21.0,22.0,20.39324,78.13201,ERA5,Asia/Kolkata,Open-Meteo Historical Weather API
MH-Yavatmal,2020-11-10,20.2,28.6,12.8,0.0,0.0,0.0,55,4.38,0.231,0.274,0.339,20.8,21.7,20.39324,78.13201,ERA5,Asia/Kolkata,Open-Meteo Historical Weather API
MH-Yavatmal,2020-11-11,20.9,29.1,13.1,0.0,0.0,0.0,57,4.4,0.225,0.269,0.336,21.4,21.7,20.39324,78.13201,ERA5,Asia/Kolkata,Open-Meteo Historical Weather API
MH-Yavatmal,2020-11-12,23.7,30.0,16.8,0.0,0.0,0.0,65,3.74,0.22,0.265,0.333,23.4,22.6,20.39324,78.13201,ERA5,Asia/Kolkata,Open-Meteo Historical Weather API
MH-Yavatmal,2020-11-13,25.3,30.6,20.3,0.0,0.0,0.0,68,3.6,0.217,0.261,0.33,25.4,24.2,20.39324,78.13201,ERA5,Asia/Kolkata,Open-Meteo Historical Weather API
MH-Yavatmal,2020-11-14,25.5,32.0,20.1,0.0,0.0,0.0,60,4.42,0.213,0.257,0.327,25.7,24.8,20.39324,78.13201,ERA5,Asia/Kolkata,Open-Meteo Historical Weather API
MH-Yavatmal,2020-11-15,24.8,31.5,19.5,0.0,0.0,0.0,59,4.36,0.209,0.254,0.325,25.3,24.9,20.39324,78.13201,ERA5,Asia/Kolkata,Open-Meteo Historical Weather API
MH-Yavatmal,2020-11-16,24.8,32.6,18.9,0.0,0.0,0.0,61,4.11,0.205,0.251,0.323,25.4,24.9,20.39324,78.13201,ERA5,Asia/Kolkata,Open-Meteo Historical Weather API
MH-Yavatmal,2020-11-17,25.8,32.5,21.1,0.0,0.0,0.0,63,3.73,0.203,0.249,0.322,25.8,25.1,20.39324,78.13201,ERA5,Asia/Kolkata,Open-Meteo Historical Weather API
MH-Yavatmal,2020-11-18,25.9,33.4,19.6,0.0,0.0,0.0,60,4.27,0.202,0.248,0.321,25.9,25.5,20.39324,78.13201,ERA5,Asia/Kolkata,Open-Meteo Historical Weather API
MH-Yavatmal,2020-11-19,26.0,32.3,20.7,0.0,0.0,0.0,66,3.64,0.201,0.247,0.32,26.2,25.5,20.39324,78.13201,ERA5,Asia/Kolkata,Open-Meteo Historical Weather API
MH-Yavatmal,2020-11-20,25.5,29.1,22.1,0.4,0.4,1.0,73,3.05,0.201,0.246,0.32,26.4,25.7,20.39324,78.13201,ERA5,Asia/Kolkata,Open-Meteo Historical Weather API
MH-Yavatmal,2020-11-21,24.0,28.3,21.2,0.0,0.0,0.0,75,3.24,0.203,0.246,0.32,25.7,25.6,20.39324,78.13201,ERA5,Asia/Kolkata,Open-Meteo Historical Weather API
MH-Yavatmal,2020-11-22,22.5,28.4,17.5,0.0,0.0,0.0,58,4.09,0.204,0.246,0.321,24.1,24.8,20.39324,78.13201,ERA5,Asia/Kolkata,Open-Meteo Historical Weather API
MH-Yavatmal,2020-11-23,21.8,29.2,15.7,0.0,0.0,0.0,60,3.98,0.204,0.247,0.322,23.2,24.1,20.39324,78.13201,ERA5,Asia/Kolkata,Open-Meteo Historical Weather API
MH-Yavatmal,2020-11-24,21.2,29.1,14.9,0.0,0.0,0.0,60,4.01,0.206,0.249,0.325,22.5,23.5,20.39324,78.13201,ERA5,Asia/Kolkata,Open-Meteo Historical Weather API
MH-Yavatmal,2020-11-25,21.1,28.6,14.7,0.0,0.0,0.0,59,4.1,0.205,0.249,0.324,22.2,22.9,20.39324,78.13201,ERA5,Asia/Kolkata,Open-Meteo Historical Weather API
MH-Yavatmal,2020-11-26,22.5,29.5,16.8,0.0,0.0,0.0,59,3.91,0.206,0.25,0.325,22.8,22.9,20.39324,78.13201,ERA5,Asia/Kolkata,Open-Meteo Historical Weather API
MH-Yavatmal,2020-11-27,22.0,25.9,18.7,0.6,0.6,1.0,67,2.94,0.204,0.248,0.324,23.0,23.4,20.39324,78.13201,ERA5,Asia/Kolkata,Open-Meteo Historical Weather API
MH-Yavatmal,2020-11-28,22.9,28.2,18.5,0.0,0.0,0.0,60,3.68,0.202,0.245,0.321,23.6,23.3,20.39324,78.13201,ERA5,Asia/Kolkata,Open-Meteo Historical Weather API
MH-Yavatmal,2020-11-29,23.8,29.6,19.3,0.0,0.0,0.0,58,3.87,0.199,0.242,0.319,24.7,24.0,20.39324,78.13201,ERA5,Asia/Kolkata,Open-Meteo Historical Weather API
MH-Yavatmal,2020-11-30,24.1,30.2,19.8,0.0,0.0,0.0,58,3.91,0.196,0.24,0.317,25.1,24.5,20.39324,78.13201,ERA5,Asia/Kolkata,Open-Meteo Historical Weather API
MH-Yavatmal,2020-12-01,23.1,29.7,17.5,0.0,0.0,0.0,62,3.86,0.194,0.238,0.315,24.4,24.4,20.39324,78.13201,ERA5,Asia/Kolkata,Open-Meteo Historical Weather API
MH-Yavatmal,2020-12-02,22.3,29.7,17.2,0.0,0.0,0.0,61,3.93,0.194,0.237,0.314,23.5,24.0,20.39324,78.13201,ERA5,Asia/Kolkata,Open-Meteo Historical Weather API
MH-Yavatmal,2020-12-03,21.5,30.2,15.4,0.0,0.0,0.0,56,4.04,0.194,0.237,0.314,22.5,23.4,20.39324,78.13201,ERA5,Asia/Kolkata,Open-Meteo Historical Weather API
MH-Yavatmal,2020-12-04,21.0,30.1,14.0,0.0,0.0,0.0,57,4.0,0.197,0.238,0.315,21.9,22.8,20.39324,78.13201,ERA5,Asia/Kolkata,Open-Meteo Historical Weather API
MH-Yavatmal,2020-12-05,21.3,30.2,13.2,0.0,0.0,0.0,53,4.02,0.198,0.238,0.315,21.6,22.3,20.39324,78.13201,ERA5,Asia/Kolkata,Open-Meteo Historical Weather API
MH-Yavatmal,2020-12-06,21.1,30.2,13.0,0.0,0.0,0.0,56,4.19,0.197,0.238,0.315,21.6,22.2,20.39324,78.13201,ERA5,Asia/Kolkata,Open-Meteo Historical Weather API
MH-Yavatmal,2020-12-07,21.4,30.8,14.0,0.0,0.0,0.0,57,4.11,0.196,0.236,0.313,21.8,22.1,20.39324,78.13201,ERA5,Asia/Kolkata,Open-Meteo Historical Weather API
MH-Yavatmal,2020-12-08,21.7,30.9,14.9,0.0,0.0,0.0,57,4.09,0.196,0.235,0.313,22.0,22.1,20.39324,78.13201,ERA5,Asia/Kolkata,Open-Meteo Historical Weather API
MH-Yavatmal,2020-12-09,22.3,30.1,16.6,0.0,0.0,0.0,55,3.77,0.201,0.237,0.314,21.9,22.1,20.39324,78.13201,ERA5,Asia/Kolkata,Open-Meteo Historical Weather API
MH-Yavatmal,2020-12-10,22.6,30.0,16.9,0.0,0.0,0.0,56,3.66,0.201,0.237,0.314,22.6,22.3,20.39324,78.13201,ERA5,Asia/Kolkata,Open-Meteo Historical Weather API
MH-Yavatmal,2020-12-11,22.7,29.1,16.7,0.0,0.0,0.0,61,3.52,0.199,0.236,0.313,23.2,22.8,20.39324,78.13201,ERA5,Asia/Kolkata,Open-Meteo Historical Weather API
MH-Yavatmal,2020-12-12,23.5,28.8,18.6,0.0,0.0,0.0,61,3.54,0.199,0.236,0.312,24.3,23.5,20.39324,78.13201,ERA5,Asia/Kolkata,Open-Meteo Historical Weather API
MH-Yavatmal,2020-12-13,22.6,26.7,20.2,0.0,0.0,0.0,65,2.52,0.199,0.237,0.314,23.8,23.8,20.39324,78.13201,ERA5,Asia/Kolkata,Open-Meteo Historical Weather API
MH-Yavatmal,2020-12-14,23.0,26.7,20.0,0.0,0.0,0.0,65,2.87,0.2,0.237,0.314,23.9,23.6,20.39324,78.13201,ERA5,Asia/Kolkata,Open-Meteo Historical Weather API
MH-Yavatmal,2020-12-15,23.6,28.2,20.0,0.2,0.2,1.0,64,3.08,0.202,0.237,0.314,24.5,24.0,20.39324,78.13201,ERA5,Asia/Kolkata,Open-Meteo Historical Weather API
MH-Yavatmal,2020-12-16,23.0,29.3,18.3,0.0,0.0,0.0,66,3.46,0.201,0.236,0.313,24.2,24.1,20.39324,78.13201,ERA5,Asia/Kolkata,Open-Meteo Historical Weather API
MH-Yavatmal,2020-12-17,22.1,27.5,18.5,0.0,0.0,0.0,72,3.07,0.202,0.236,0.312,23.6,23.8,20.39324,78.13201,ERA5,Asia/Kolkata,Open-Meteo Historical Weather API
MH-Yavatmal,2020-12-18,21.9,27.2,17.6,0.0,0.0,0.0,68,2.8,0.203,0.237,0.314,23.0,23.4,20.39324,78.13201,ERA5,Asia/Kolkata,Open-Meteo Historical Weather API
MH-Yavatmal,2020-12-19,20.5,26.9,16.1,0.0,0.0,0.0,60,3.64,0.202,0.235,0.312,22.2,22.6,20.39324,78.13201,ERA5,Asia/Kolkata,Open-Meteo Historical Weather API
MH-Yavatmal,2020-12-20,18.5,26.7,11.9,0.0,0.0,0.0,49,4.07,0.2,0.233,0.311,20.3,21.6,20.39324,78.13201,ERA5,Asia/Kolkata,Open-Meteo Historical Weather API
MH-Yavatmal,2020-12-21,18.1,27.1,10.6,0.0,0.0,0.0,48,4.04,0.198,0.231,0.308,19.4,20.5,20.39324,78.13201,ERA5,Asia/Kolkata,Open-Meteo Historical Weather API
MH-Yavatmal,2020-12-22,18.2,27.5,10.8,0.0,0.0,0.0,49,3.94,0.195,0.227,0.304,19.1,20.1,20.39324,78.13201,ERA5,Asia/Kolkata,Open-Meteo Historical Weather API
MH-Yavatmal,2020-12-23,18.9,26.4,13.3,0.0,0.0,0.0,48,3.72,0.195,0.227,0.304,19.1,20.1,20.39324,78.13201,ERA5,Asia/Kolkata,Open-Meteo Historical Weather API
MH-Yavatmal,2020-12-24,18.9,27.6,12.3,0.0,0.0,0.0,52,3.9,0.197,0.228,0.304,19.5,20.0,20.39324,78.13201,ERA5,Asia/Kolkata,Open-Meteo Historical Weather API
MH-Yavatmal,2020-12-25,19.0,27.2,11.9,0.0,0.0,0.0,53,3.94,0.196,0.226,0.302,19.8,20.2,20.39324,78.13201,ERA5,Asia/Kolkata,Open-Meteo Historical Weather API
MH-Yavatmal,2020-12-26,19.2,27.4,12.0,0.0,0.0,0.0,54,3.78,0.201,0.227,0.302,19.8,20.3,20.39324,78.13201,ERA5,Asia/Kolkata,Open-Meteo Historical Weather API
MH-Yavatmal,2020-12-27,20.1,28.3,13.9,0.0,0.0,0.0,57,3.47,0.204,0.23,0.304,20.1,20.3,20.39324,78.13201,ERA5,Asia/Kolkata,Open-Meteo Historical Weather API
MH-Yavatmal,2020-12-28,20.6,28.6,13.6,0.0,0.0,0.0,59,3.58,0.204,0.23,0.304,20.8,20.9,20.39324,78.13201,ERA5,Asia/Kolkata,Open-Meteo Historical Weather API
MH-Yavatmal,2020-12-29,20.3,27.2,14.0,0.0,0.0,0.0,66,3.4,0.205,0.231,0.304,21.1,21.4,20.39324,78.13201,ERA5,Asia/Kolkata,Open-Meteo Historical Weather API
MH-Yavatmal,2020-12-30,20.7,27.9,15.4,0.0,0.0,0.0,62,3.69,0.208,0.234,0.308,21.5,21.6,20.39324,78.13201,ERA5,Asia/Kolkata,Open-Meteo Historical Weather API
MH-Yavatmal,2020-12-31,20.3,27.4,15.5,0.0,0.0,0.0,61,3.7,0.21,0.235,0.308,21.2,21.5,20.39324,78.13201,ERA5,Asia/Kolkata,Open-Meteo Historical Weather API
MH-Yavatmal,2021-01-01,20.3,27.5,14.6,0.0,0.0,0.0,62,3.69,0.21,0.237,0.31,21.1,21.4,20.39324,78.13201,ERA5,Asia/Kolkata,Open-Meteo Historical Weather API
MH-Yavatmal,2021-01-02,21.3,27.5,16.5,0.0,0.0,0.0,64,3.48,0.209,0.238,0.311,22.0,21.7,20.39324,78.13201,ERA5,Asia/Kolkata,Open-Meteo Historical Weather API
MH-Yavatmal,2021-01-03,21.5,27.7,17.5,0.0,0.0,0.0,64,3.64,0.208,0.237,0.31,22.5,22.1,20.39324,78.13201,ERA5,Asia/Kolkata,Open-Meteo Historical Weather API
MH-Yavatmal,2021-01-04,21.4,27.2,15.9,0.0,0.0,0.0,69,3.12,0.207,0.237,0.31,22.1,22.1,20.39324,78.13201,ERA5,Asia/Kolkata,Open-Meteo Historical Weather API
MH-Yavatmal,2021-01-05,21.7,27.3,17.1,0.0,0.0,0.0,68,2.63,0.205,0.236,0.309,22.5,22.1,20.39324,78.13201,ERA5,Asia/Kolkata,Open-Meteo Historical Weather API
MH-Yavatmal,2021-01-06,23.6,29.1,18.3,0.3,0.3,3.0,65,3.24,0.206,0.235,0.308,23.9,22.7,20.39324,78.13201,ERA5,Asia/Kolkata,Open-Meteo Historical Weather API
MH-Yavatmal,2021-01-07,23.7,28.7,19.5,1.0,1.0,2.0,67,3.17,0.205,0.233,0.306,24.4,23.4,20.39324,78.13201,ERA5,Asia/Kolkata,Open-Meteo Historical Weather API
MH-Yavatmal,2021-01-08,24.8,29.8,21.5,0.2,0.2,1.0,66,2.54,0.214,0.229,0.303,25.3,24.0,20.39324,78.13201,ERA5,Asia/Kolkata,Open-Meteo Historical Weather API
MH-Yavatmal,2021-01-09,25.4,30.4,21.7,0.0,0.0,0.0,56,3.83,0.21,0.227,0.301,25.8,24.4,20.39324,78.13201,ERA5,Asia/Kolkata,Open-Meteo Historical Weather API
MH-Yavatmal,2021-01-10,24.3,29.9,19.5,0.0,0.0,0.0,55,3.33,0.209,0.229,0.302,24.5,24.3,20.39324,78.13201,ERA5,Asia/Kolkata,Open-Meteo Historical Weather API
MH-Yavatmal,2021-01-11,24.1,31.0,17.7,0.0,0.0,0.0,61,3.79,0.207,0.229,0.303,24.1,23.9,20.39324,78.13201,ERA5,Asia/Kolkata,Open-Meteo Historical Weather API
MH-Yavatmal,2021-01-12,23.7,29.5,18.5,0.0,0.0,0.0,66,3.61,0.205,0.229,0.302,24.3,24.1,20.39324,78.13201,ERA5,Asia/Kolkata,Open-Meteo Historical Weather API
MH-Yavatmal,2021-01-13,22.3,28.7,17.7,0.0,0.0,0.0,59,3.93,0.202,0.228,0.302,24.1,24.2,20.39324,78.13201,ERA5,Asia/Kolkata,Open-Meteo Historical Weather API
MH-Yavatmal,2021-01-14,21.3,28.7,15.4,0.0,0.0,0.0,54,4.06,0.199,0.226,0.3,22.9,23.1,20.39324,78.13201,ERA5,Asia/Kolkata,Open-Meteo Historical Weather API
MH-Yavatmal,2021-01-15,21.4,29.4,14.5,0.0,0.0,0.0,50,4.03,0.198,0.224,0.298,22.7,22.7,20.39324,78.13201,ERA5,Asia/Kolkata,Open-Meteo Historical Weather API
MH-Yavatmal,2021-01-16,22.2,29.5,15.9,0.0,0.0,0.0,51,3.95,0.196,0.223,0.297,23.3,23.0,20.39324,78.13201,ERA5,Asia/Kolkata,Open-Meteo Historical Weather API
MH-Yavatmal,2021-01-17,22.8,29.5,17.7,0.0,0.0,0.0,49,4.22,0.196,0.223,0.297,23.4,23.5,20.39324,78.13201,ERA5,Asia/Kolkata,Open-Meteo Historical Weather API
MH-Yavatmal,2021-01-18,22.6,29.6,17.1,0.0,0.0,0.0,50,4.0,0.199,0.225,0.298,23.6,23.8,20.39324,78.13201,ERA5,Asia/Kolkata,Open-Meteo Historical Weather API
MH-Yavatmal,2021-01-19,24.0,31.2,17.6,0.0,0.0,0.0,59,3.72,0.202,0.228,0.301,24.0,23.9,20.39324,78.13201,ERA5,Asia/Kolkata,Open-Meteo Historical Weather API
MH-Yavatmal,2021-01-20,24.5,30.6,19.8,0.0,0.0,0.0,62,3.81,0.204,0.23,0.304,25.2,24.6,20.39324,78.13201,ERA5,Asia/Kolkata,Open-Meteo Historical Weather API
MH-Yavatmal,2021-01-21,23.1,29.4,17.7,0.0,0.0,0.0,55,4.26,0.202,0.229,0.303,24.5,24.6,20.39324,78.13201,ERA5,Asia/Kolkata,Open-Meteo Historical Weather API
MH-Yavatmal,2021-01-22,21.5,29.8,14.8,0.0,0.0,0.0,52,4.22,0.201,0.23,0.303,22.8,23.6,20.39324,78.13201,ERA5,Asia/Kolkata,Open-Meteo Historical Weather API
MH-Yavatmal,2021-01-23,23.0,30.9,15.6,0.0,0.0,0.0,51,4.19,0.201,0.231,0.304,23.1,23.3,20.39324,78.13201,ERA5,Asia/Kolkata,Open-Meteo Historical Weather API
MH-Yavatmal,2021-01-24,23.7,30.8,17.4,0.0,0.0,0.0,57,4.15,0.2,0.23,0.303,23.9,23.6,20.39324,78.13201,ERA5,Asia/Kolkata,Open-Meteo Historical Weather API
MH-Yavatmal,2021-01-25,23.0,29.5,17.4,0.0,0.0,0.0,57,4.17,0.198,0.229,0.303,24.3,24.0,20.39324,78.13201,ERA5,Asia/Kolkata,Open-Meteo Historical Weather API
MH-Yavatmal,2021-01-26,22.6,29.6,16.4,0.0,0.0,0.0,58,4.1,0.197,0.228,0.302,23.9,24.0,20.39324,78.13201,ERA5,Asia/Kolkata,Open-Meteo Historical Weather API
MH-Yavatmal,2021-01-27,22.4,28.3,17.3,0.0,0.0,0.0,59,3.82,0.197,0.226,0.301,23.9,24.2,20.39324,78.13201,ERA5,Asia/Kolkata,Open-Meteo Historical Weather API
MH-Yavatmal,2021-01-28,23.6,29.2,19.2,0.0,0.0,0.0,62,3.77,0.198,0.228,0.302,24.5,24.4,20.39324,78.13201,ERA5,Asia/Kolkata,Open-Meteo Historical Weather API
MH-Yavatmal,2021-01-29,22.1,26.4,18.5,0.0,0.0,0.0,66,3.14,0.199,0.228,0.302,23.7,24.3,20.39324,78.13201,ERA5,Asia/Kolkata,Open-Meteo Historical Weather API
MH-Yavatmal,2021-01-30,20.4,26.6,15.4,0.0,0.0,0.0,49,4.2,0.199,0.229,0.302,22.4,23.4,20.39324,78.13201,ERA5,Asia/Kolkata,Open-Meteo Historical Weather API
MH-Yavatmal,2021-01-31,20.2,27.1,14.1,0.0,0.0,0.0,45,4.21,0.2,0.23,0.303,21.7,22.7,20.39324,78.13201,ERA5,Asia/Kolkata,Open-Meteo Historical Weather API
MH-Yavatmal,2021-02-01,21.0,28.8,15.0,0.0,0.0,0.0,47,4.48,0.199,0.229,0.302,22.1,22.6,20.39324,78.13201,ERA5,Asia/Kolkata,Open-Meteo Historical Weather API
MH-Yavatmal,2021-02-02,20.8,29.5,13.0,0.0,0.0,0.0,47,4.57,0.199,0.228,0.302,22.0,22.4,20.39324,78.13201,ERA5,Asia/Kolkata,Open-Meteo Historical Weather API
MH-Yavatmal,2021-02-03,21.5,30.4,15.0,0.0,0.0,0.0,41,4.73,0.2,0.229,0.302,21.7,22.1,20.39324,78.13201,ERA5,Asia/Kolkata,Open-Meteo Historical Weather API
MH-Yavatmal,2021-02-04,21.1,30.0,13.5,0.0,0.0,0.0,40,4.75,0.201,0.23,0.301,21.6,22.1,20.39324,78.13201,ERA5,Asia/Kolkata,Open-Meteo Historical Weather API
MH-Yavatmal,2021-02-05,21.8,29.9,14.0,0.0,0.0,0.0,48,4.33,0.199,0.23,0.301,22.0,22.2,20.39324,78.13201,ERA5,Asia/Kolkata,Open-Meteo Historical Weather API
MH-Yavatmal,2021-02-06,22.1,28.4,16.9,0.0,0.0,0.0,50,4.74,0.198,0.231,0.302,23.0,22.7,20.39324,78.13201,ERA5,Asia/Kolkata,Open-Meteo Historical Weather API
MH-Yavatmal,2021-02-07,20.5,27.2,14.0,0.0,0.0,0.0,45,4.8,0.199,0.232,0.303,22.1,22.5,20.39324,78.13201,ERA5,Asia/Kolkata,Open-Meteo Historical Weather API
MH-Yavatmal,2021-02-08,19.8,27.3,11.6,0.0,0.0,0.0,44,4.58,0.199,0.232,0.303,20.7,21.6,20.39324,78.13201,ERA5,Asia/Kolkata,Open-Meteo Historical Weather API
MH-Yavatmal,2021-02-09,20.9,29.4,12.5,0.0,0.0,0.0,44,4.39,0.197,0.23,0.302,20.8,21.2,20.39324,78.13201,ERA5,Asia/Kolkata,Open-Meteo Historical Weather API
MH-Yavatmal,2021-02-10,22.2,30.6,13.6,0.0,0.0,0.0,44,4.52,0.197,0.227,0.301,22.0,21.7,20.39324,78.13201,ERA5,Asia/Kolkata,Open-Meteo Historical Weather API
MH-Yavatmal,2021-02-11,22.9,31.4,14.3,0.0,0.0,0.0,43,4.72,0.196,0.224,0.3,22.7,22.3,20.39324,78.13201,ERA5,Asia/Kolkata,Open-Meteo Historical Weather API
MH-Yavatmal,2021-02-12,23.0,31.0,15.2,0.0,0.0,0.0,47,4.63,0.196,0.222,0.299,23.8,23.0,20.39324,78.13201,ERA5,Asia/Kolkata,Open-Meteo Historical Weather API
MH-Yavatmal,2021-02-13,24.3,32.1,17.1,0.0,0.0,0.0,49,4.74,0.196,0.222,0.298,24.8,23.7,20.39324,78.13201,ERA5,Asia/Kolkata,Open-Meteo Historical Weather API
MH-Yavatmal,2021-02-14,25.3,31.7,20.2,0.0,0.0,0.0,48,4.38,0.199,0.223,0.3,25.5,24.6,20.39324,78.13201,ERA5,Asia/Kolkata,Open-Meteo Historical Weather API
MH-Yavatmal,2021-02-15,25.8,32.7,20.0,0.0,0.0,0.0,48,4.51,0.198,0.221,0.299,25.7,25.0,20.39324,78.13201,ERA5,Asia/Kolkata,Open-Meteo Historical Weather API
MH-Yavatmal,2021-02-16,25.7,32.9,20.6,0.0,0.0,0.0,46,5.03,0.197,0.219,0.297,26.0,25.2,20.39324,78.13201,ERA5,Asia/Kolkata,Open-Meteo Historical Weather API
MH-Yavatmal,2021-02-17,23.0,27.1,19.8,0.4,0.4,1.0,61,4.4,0.2,0.22,0.297,24.9,25.0,20.39324,78.13201,ERA5,Asia/Kolkata,Open-Meteo Historical Weather API
MH-Yavatmal,2021-02-18,20.5,24.1,17.4,5.5,5.5,12.0,74,3.4,0.235,0.223,0.299,23.4,24.1,20.39324,78.13201,ERA5,Asia/Kolkata,Open-Meteo Historical Weather API
MH-Yavatmal,2021-02-19,20.3,24.5,17.2,0.3,0.3,2.0,70,2.33,0.265,0.227,0.301,22.0,23.1,20.39324,78.13201,ERA5,Asia/Kolkata,Open-Meteo Historical Weather API
MH-Yavatmal,2021-02-20,22.8,29.0,17.2,0.0,0.0,0.0,58,4.59,0.258,0.225,0.299,23.3,22.8,20.39324,78.13201,ERA5,Asia/Kolkata,Open-Meteo Historical Weather API
MH-Yavatmal,2021-02-21,23.8,30.2,18.5,0.0,0.0,0.0,54,4.93,0.245,0.222,0.295,24.5,23.6,20.39324,78.13201,ERA5,Asia/Kolkata,Open-Meteo Historical Weather API
MH-Yavatmal,2021-02-22,24.3,31.5,16.7,0.0,0.0,0.0,46,5.24,0.234,0.222,0.295,24.2,23.8,20.39324,78.13201,ERA5,Asia/Kolkata,Open-Meteo Historical Weather API
MH-Yavatmal,2021-02-23,24.6,32.6,16.1,0.0,0.0,0.0,44,4.89,0.223,0.219,0.294,24.3,23.9,20.39324,78.13201,ERA5,Asia/Kolkata,Open-Meteo Historical Weather API
MH-Yavatmal,2021-02-24,25.0,33.5,16.1,0.0,0.0,0.0,43,5.05,0.213,0.217,0.292,24.8,24.2,20.39324,78.13201,ERA5,Asia/Kolkata,Open-Meteo Historical Weather API
MH-Yavatmal,2021-02-25,26.1,35.0,17.4,0.0,0.0,0.0,43,5.6,0.209,0.219,0.293,25.8,24.7,20.39324,78.13201,ERA5,Asia/Kolkata,Open-Meteo Historical Weather API
MH-Yavatmal,2021-02-26,26.9,35.5,19.1,0.0,0.0,0.0,40,6.14,0.203,0.217,0.29,26.7,25.4,20.39324,78.13201,ERA5,Asia/Kolkata,Open-Meteo Historical Weather API
MH-Yavatmal,2021-02-27,26.5,35.4,18.1,0.0,0.0,0.0,39,6.01,0.198,0.214,0.287,26.7,25.8,20.39324,78.13201,ERA5,Asia/Kolkata,Open-Meteo Historical Weather API
MH-Yavatmal,2021-02-28,27.4,35.9,19.6,0.0,0.0,0.0,42,5.82,0.195,0.213,0.285,27.7,26.2,20.39324,78.13201,ERA5,Asia/Kolkata,Open-Meteo Historical Weather API
MH-Yavatmal,2021-03-01,28.8,36.3,22.3,0.0,0.0,0.0,35,5.73,0.193,0.213,0.284,28.7,27.0,20.39324,78.13201,ERA5,Asia/Kolkata,Open-Meteo Historical Weather API
MH-Yavatmal,2021-03-02,27.7,35.7,19.8,0.0,0.0,0.0,33,6.36,0.191,0.213,0.282,28.2,27.0,20.39324,78.13201,ERA5,Asia/Kolkata,Open-Meteo Historical Weather API
MH-Yavatmal,2021-03-03,26.5,34.7,19.1,0.0,0.0,0.0,33,6.31,0.19,0.212,0.28,27.6,26.7,20.39324,78.13201,ERA5,Asia/Kolkata,Open-Meteo Historical Weather API
MH-Yavatmal,2021-03-04,26.9,36.0,18.5,0.0,0.0,0.0,33,5.76,0.189,0.212,0.279,27.0,26.4,20.39324,78.13201,ERA5,Asia/Kolkata,Open-Meteo Historical Weather API
MH-Yavatmal,2021-03-05,27.4,36.4,19.0,0.0,0.0,0.0,32,6.77,0.188,0.211,0.276,27.9,26.7,20.39324,78.13201,ERA5,Asia/Kolkata,Open-Meteo Historical Weather API
MH-Yavatmal,2021-03-06,27.1,35.4,17.4,0.0,0.0,0.0,31,5.95,0.188,0.211,0.275,27.5,27.0,20.39324,78.13201,ERA5,Asia/Kolkata,Open-Meteo Historical Weather API
MH-Yavatmal,2021-03-07,28.4,36.7,21.5,0.0,0.0,0.0,32,5.75,0.189,0.212,0.275,28.0,26.9,20.39324,78.13201,ERA5,Asia/Kolkata,Open-Meteo Historical Weather API
MH-Yavatmal,2021-03-08,28.8,36.8,20.9,0.0,0.0,0.0,38,6.07,0.192,0.214,0.278,28.5,27.4,20.39324,78.13201,ERA5,Asia/Kolkata,Open-Meteo Historical Weather API
MH-Yavatmal,2021-03-09,29.0,36.4,22.8,0.0,0.0,0.0,40,5.47,0.196,0.218,0.282,29.2,28.1,20.39324,78.13201,ERA5,Asia/Kolkata,Open-Meteo Historical Weather API
MH-Yavatmal,2021-03-10,29.5,36.5,24.0,0.0,0.0,0.0,41,5.67,0.2,0.221,0.286,29.6,28.5,20.39324,78.13201,ERA5,Asia/Kolkata,Open-Meteo Historical Weather API
MH-Yavatmal,2021-03-11,29.6,35.9,23.6,0.0,0.0,0.0,38,6.3,0.198,0.222,0.286,29.9,28.7,20.39324,78.13201,ERA5,Asia/Kolkata,Open-Meteo Historical Weather API
MH-Yavatmal,2021-03-12,28.6,36.3,22.1,0.0,0.0,0.0,40,6.01,0.197,0.223,0.287,29.7,28.8,20.39324,78.13201,ERA5,Asia/Kolkata,Open-Meteo Historical Weather API
MH-Yavatmal,2021-03-13,26.8,33.1,21.9,0.0,0.0,0.0,48,5.74,0.199,0.227,0.29,28.5,28.5,20.39324,78.13201,ERA5,Asia/Kolkata,Open-Meteo Historical Weather API
MH-Yavatmal,2021-03-14,27.8,34.7,21.3,0.0,0.0,0.0,47,5.34,0.199,0.228,0.291,28.8,28.0,20.39324,78.13201,ERA5,Asia/Kolkata,Open-Meteo Historical Weather API
MH-Yavatmal,2021-03-15,28.6,36.0,21.6,0.0,0.0,0.0,42,5.74,0.197,0.228,0.291,29.4,28.4,20.39324,78.13201,ERA5,Asia/Kolkata,Open-Meteo Historical Weather API
MH-Yavatmal,2021-03-16,29.2,36.2,22.7,0.0,0.0,0.0,42,5.74,0.194,0.226,0.289,30.2,29.0,20.39324,78.13201,ERA5,Asia/Kolkata,Open-Meteo Historical Weather API
MH-Yavatmal,2021-03-17,29.3,36.2,22.1,0.0,0.0,0.0,42,5.24,0.191,0.225,0.289,30.1,29.1,20.39324,78.13201,ERA5,Asia/Kolkata,Open-Meteo Historical Weather API
MH-Yavatmal,2021-03-18,28.7,33.3,23.6,0.4,0.4,1.0,46,5.58,0.192,0.226,0.289,30.2,29.3,20.39324,78.13201,ERA5,Asia/Kolkata,Open-Meteo Historical Weather API
MH-Yavatmal,2021-03-19,26.2,30.9,22.2,0.5,0.5,2.0,59,4.57,0.198,0.229,0.292,28.8,29.1,20.39324,78.13201,ERA5,Asia/Kolkata,Open-Meteo Historical Weather API
MH-Yavatmal,2021-03-20,25.0,33.0,19.3,2.9,2.9,7.0,65,4.48,0.234,0.237,0.298,27.6,28.2,20.39324,78.13201,ERA5,Asia/Kolkata,Open-Meteo Historical Weather API
MH-Yavatmal,2021-03-21,26.3,33.8,20.3,0.9,0.9,2.0,58,5.5,0.244,0.243,0.303,27.8,27.8,20.39324,78.13201,ERA5,Asia/Kolkata,Open-Meteo Historical Weather API
MH-Yavatmal,2021-03-22,27.0,32.3,22.1,0.0,0.0,0.0,54,5.14,0.241,0.246,0.306,28.0,27.8,20.39324,78.13201,ERA5,Asia/Kolkata,Open-Meteo Historical Weather API
MH-Yavatmal,2021-03-23,25.6,31.2,22.5,0.0,0.0,0.0,61,4.11,0.237,0.251,0.31,27.3,27.6,20.39324,78.13201,ERA5,Asia/Kolkata,Open-Meteo Historical Weather API
MH-Yavatmal,2021-03-24,27.3,34.5,20.7,0.0,0.0,0.0,55,5.32,0.231,0.251,0.309,28.2,27.4,20.39324,78.13201,ERA5,Asia/Kolkata,Open-Meteo Historical Weather API
MH-Yavatmal,2021-03-25,28.6,36.5,21.1,0.0,0.0,0.0,47,6.1,0.22,0.247,0.307,29.1,28.1,20.39324,78.13201,ERA5,Asia/Kolkata,Open-Meteo Historical Weather API
MH-Yavatmal,2021-03-26,28.7,36.3,21.6,0.0,0.0,0.0,38,6.84,0.21,0.243,0.304,29.3,28.3,20.39324,78.13201,ERA5,Asia/Kolkata,Open-Meteo Historical Weather API
MH-Yavatmal,2021-03-27,28.3,37.6,19.3,0.0,0.0,0.0,32,7.07,0.202,0.238,0.301,29.0,28.2,20.39324,78.13201,ERA5,Asia/Kolkata,Open-Meteo Historical Weather API
MH-Yavatmal,2021-03-28,29.6,38.6,21.5,0.0,0.0,0.0,36,6.56,0.197,0.235,0.299,29.6,28.4,20.39324,78.13201,ERA5,Asia/Kolkata,Open-Meteo Historical Weather API
MH-Yavatmal,2021-03-29,30.9,39.9,21.3,0.0,0.0,0.0,33,7.42,0.191,0.229,0.294,30.9,29.0,20.39324,78.13201,ERA5,Asia/Kolkata,Open-Meteo Historical Weather API
MH-Yavatmal,2021-03-30,31.7,40.1,23.0,0.0,0.0,0.0,27,9.27,0.186,0.221,0.287,31.4,29.9,20.39324,78.13201,ERA5,Asia/Kolkata,Open-Meteo Historical Weather API
MH-Yavatmal,2021-03-31,32.0,39.9,24.1,0.0,0.0,0.0,26,9.12,0.182,0.215,0.281,32.1,30.4,20.39324,78.13201,ERA5,Asia/Kolkata,Open-Meteo Historical Weather API
MH-Yavatmal,2021-04-01,32.3,38.8,27.0,0.0,0.0,0.0,33,8.41,0.178,0.211,0.275,33.1,31.1,20.39324,78.13201,ERA5,Asia/Kolkata,Open-Meteo Historical Weather API
MH-Yavatmal,2021-04-02,30.9,39.2,23.2,0.0,0.0,0.0,31,7.19,0.179,0.21,0.274,32.4,31.0,20.39324,78.13201,ERA5,Asia/Kolkata,Open-Meteo Historical Weather API
MH-Yavatmal,2021-04-03,31.0,39.7,22.8,0.0,0.0,0.0,27,7.33,0.181,0.211,0.274,32.2,30.8,20.39324,78.13201,ERA5,Asia/Kolkata,Open-Meteo Historical Weather API
MH-Yavatmal,2021-04-04,31.4,39.1,23.2,0.0,0.0,0.0,28,7.56,0.183,0.213,0.275,32.3,31.0,20.39324,78.13201,ERA5,Asia/Kolkata,Open-Meteo Historical Weather API
MH-Yavatmal,2021-04-05,30.8,39.3,22.2,0.0,0.0,0.0,27,7.58,0.187,0.216,0.278,31.6,30.8,20.39324,78.13201,ERA5,Asia/Kolkata,Open-Meteo Historical Weather API
MH-Yavatmal,2021-04-06,31.7,40.0,21.2,0.0,0.0,0.0,29,6.95,0.19,0.218,0.279,31.7,30.5,20.39324,78.13201,ERA5,Asia/Kolkata,Open-Meteo Historical Weather API
MH-Yavatmal,2021-04-07,32.6,40.5,25.4,0.0,0.0,0.0,32,6.78,0.189,0.218,0.277,32.9,31.2,20.39324,78.13201,ERA5,Asia/Kolkata,Open-Meteo Historical Weather API
MH-Yavatmal,2021-04-08,32.6,39.9,25.3,0.0,0.0,0.0,32,6.22,0.188,0.217,0.276,33.3,31.7,20.39324,78.13201,ERA5,Asia/Kolkata,Open-Meteo Historical Weather API
MH-Yavatmal,2021-04-09,32.6,38.0,28.9,0.0,0.0,0.0,33,5.86,0.188,0.218,0.274,33.9,32.3,20.39324,78.13201,ERA5,Asia/Kolkata,Open-Meteo Historical Weather API
MH-Yavatmal,2021-04-10,31.2,38.4,25.3,0.4,0.4,1.0,43,6.77,0.19,0.219,0.273,33.2,32.1,20.39324,78.13201,ERA5,Asia/Kolkata,Open-Meteo Historical Weather API
MH-Yavatmal,2021-04-11,29.0,35.9,24.4,0.0,0.0,0.0,51,4.86,0.198,0.222,0.276,31.1,31.4,20.39324,78.13201,ERA5,Asia/Kolkata,Open-Meteo Historical Weather API
MH-Yavatmal,2021-04-12,30.3,37.2,24.2,0.0,0.0,0.0,42,6.55,0.195,0.221,0.277,31.9,31.0,20.39324,78.13201,ERA5,Asia/Kolkata,Open-Meteo Historical Weather API
MH-Yavatmal,2021-04-13,30.3,38.3,24.0,2.8,2.8,2.0,41,6.17,0.203,0.219,0.277,31.7,31.2,20.39324,78.13201,ERA5,Asia/Kolkata,Open-Meteo Historical Weather API
MH-Yavatmal,2021-04-14,29.1,36.0,23.4,0.5,0.5,2.0,45,5.79,0.226,0.221,0.279,30.8,30.9,20.39324,78.13201,ERA5,Asia/Kolkata,Open-Meteo Historical Weather API
MH-Yavatmal,2021-04-15,28.2,34.4,22.0,0.0,0.0,0.0,46,5.96,0.232,0.223,0.279,30.4,30.4,20.39324,78.13201,ERA5,Asia/Kolkata,Open-Meteo Historical Weather API
MH-Yavatmal,2021-04-16,29.9,37.8,21.9,0.0,0.0,0.0,41,6.54,0.217,0.219,0.276,31.3,30.3,20.39324,78.13201,ERA5,Asia/Kolkata,Open-Meteo Historical Weather API
MH-Yavatmal,2021-04-17,31.7,38.6,25.0,0.0,0.0,0.0,32,7.32,0.206,0.216,0.272,32.4,31.0,20.39324,78.13201,ERA5,Asia/Kolkata,Open-Meteo Historical Weather API
MH-Yavatmal,2021-04-18,31.5,39.2,23.3,0.0,0.0,0.0,35,6.81,0.198,0.215,0.271,32.4,31.3,20.39324,78.13201,ERA5,Asia/Kolkata,Open-Meteo Historical Weather API
MH-Yavatmal,2021-04-19,32.5,39.6,26.3,0.0,0.0,0.0,34,6.4,0.193,0.215,0.27,33.3,31.8,20.39324,78.13201,ERA5,Asia/Kolkata,Open-Meteo Historical Weather API
MH-Yavatmal,2021-04-20,33.1,39.8,26.6,0.0,0.0,0.0,33,6.97,0.193,0.216,0.27,33.9,32.3,20.39324,78.13201,ERA5,Asia/Kolkata,Open-Meteo Historical Weather API
MH-Yavatmal,2021-04-21,31.7,37.9,25.2,0.0,0.0,0.0,34,7.01,0.19,0.217,0.267,32.8,32.3,20.39324,78.13201,ERA5,Asia/Kolkata,Open-Meteo Historical Weather API
MH-Yavatmal,2021-04-22,31.1,38.3,24.0,0.0,0.0,0.0,33,6.81,0.186,0.217,0.263,32.7,31.9,20.39324,78.13201,ERA5,Asia/Kolkata,Open-Meteo Historical Weather API
MH-Yavatmal,2021-04-23,30.8,37.7,24.3,0.0,0.0,0.0,29,6.69,0.188,0.22,0.266,31.9,31.6,20.39324,78.13201,ERA5,Asia/Kolkata,Open-Meteo Historical Weather API
MH-Yavatmal,2021-04-24,31.8,39.5,22.5,0.0,0.0,0.0,31,7.34,0.185,0.219,0.265,32.7,31.5,20.39324,78.13201,ERA5,Asia/Kolkata,Open-Meteo Historical Weather API
MH-Yavatmal,2021-04-25,32.8,39.8,24.1,0.0,0.0,0.0,29,7.03,0.183,0.216,0.261,33.7,32.0,20.39324,78.13201,ERA5,Asia/Kolkata,Open-Meteo Historical Weather API
MH-Yavatmal,2021-04-26,32.7,40.3,24.2,0.0,0.0,0.0,27,7.54,0.182,0.213,0.259,33.9,32.5,20.39324,78.13201,ERA5,Asia/Kolkata,Open-Meteo Historical Weather API
MH-Yavatmal,2021-04-27,32.9,40.0,25.9,0.0,0.0,0.0,33,7.57,0.182,0.213,0.259,34.3,33.0,20.39324,78.13201,ERA5,Asia/Kolkata,Open-Meteo Historical Weather API
MH-Yavatmal,2021-04-28,33.7,41.6,26.6,0.0,0.0,0.0,27,7.58,0.184,0.213,0.26,34.9,33.1,20.39324,78.13201,ERA5,Asia/Kolkata,Open-Meteo Historical Weather API
MH-Yavatmal,2021-04-29,33.9,41.2,26.7,0.0,0.0,0.0,26,7.65,0.186,0.213,0.26,35.1,33.6,20.39324,78.13201,ERA5,Asia/Kolkata,Open-Meteo Historical Weather API
MH-Yavatmal,2021-04-30,33.2,40.1,27.1,0.0,0.0,0.0,28,7.29,0.185,0.213,0.26,34.7,33.5,20.39324,78.13201,ERA5,Asia/Kolkata,Open-Meteo Historical Weather API
MH-Yavatmal,2021-05-01,32.1,38.4,25.8,0.1,0.1,1.0,33,7.08,0.189,0.212,0.259,33.8,33.2,20.39324,78.13201,ERA5,Asia/Kolkata,Open-Meteo Historical Weather API
MH-Yavatmal,2021-05-02,30.4,36.0,25.0,1.1,1.1,1.0,44,6.21,0.207,0.218,0.264,33.2,33.3,20.39324,78.13201,ERA5,Asia/Kolkata,Open-Meteo Historical Weather API
MH-Yavatmal,2021-05-03,30.3,37.0,25.1,0.0,0.0,0.0,47,6.62,0.213,0.221,0.266,32.9,32.9,20.39324,78.13201,ERA5,Asia/Kolkata,Open-Meteo Historical Weather API
MH-Yavatmal,2021-05-04,31.6,37.8,25.2,0.0,0.0,0.0,44,6.17,0.206,0.221,0.266,33.4,32.7,20.39324,78.13201,ERA5,Asia/Kolkata,Open-Meteo Historical Weather API
MH-Yavatmal,2021-05-05,32.9,39.0,26.5,0.0,0.0,0.0,37,6.56,0.196,0.216,0.262,34.2,33.0,20.39324,78.13201,ERA5,Asia/Kolkata,Open-Meteo Historical Weather API
MH-Yavatmal,2021-05-06,32.9,39.0,27.6,0.0,0.0,0.0,40,6.88,0.191,0.214,0.261,34.4,33.3,20.39324,78.13201,ERA5,Asia/Kolkata,Open-Meteo Historical Weather API
MH-Yavatmal,2021-05-07,30.9,37.7,27.2,4.4,4.4,3.0,54,5.97,0.198,0.216,0.262,33.9,33.4,20.39324,78.13201,ERA5,Asia/Kolkata,Open-Meteo Historical Weather API
MH-Yavatmal,2021-05-08,31.9,37.2,27.1,0.0,0.0,0.0,52,5.81,0.207,0.217,0.263,34.0,33.1,20.39324,78.13201,ERA5,Asia/Kolkata,Open-Meteo Historical Weather API
MH-Yavatmal,2021-05-09,31.3,37.9,26.6,0.4,0.4,2.0,53,5.99,0.209,0.219,0.265,33.4,33.4,20.39324,78.13201,ERA5,Asia/Kolkata,Open-Meteo Historical Weather API
MH-Yavatmal,2021-05-10,31.9,37.8,26.9,0.2,0.2,2.0,50,6.04,0.21,0.217,0.262,33.9,33.3,20.39324,78.13201,ERA5,Asia/Kolkata,Open-Meteo Historical Weather API
MH-Yavatmal,2021-05-11,33.2,39.2,26.1,0.1,0.1,1.0,42,7.58,0.203,0.214,0.261,34.6,33.7,20.39324,78.13201,ERA5,Asia/Kolkata,Open-Meteo Historical Weather API
MH-Yavatmal,2021-05-12,33.2,40.0,26.0,0.0,0.0,0.0,35,7.86,0.195,0.212,0.259,35.0,33.9,20.39324,78.13201,ERA5,Asia/Kolkata,Open-Meteo Historical Weather API
MH-Yavatmal,2021-05-13,33.7,39.8,27.5,0.0,0.0,0.0,32,8.08,0.188,0.209,0.255,35.2,34.0,20.39324,78.13201,ERA5,Asia/Kolkata,Open-Meteo Historical Weather API
MH-Yavatmal,2021-05-14,34.2,39.8,28.6,0.0,0.0,0.0,34,7.08,0.181,0.206,0.252,36.4,34.4,20.39324,78.13201,ERA5,Asia/Kolkata,Open-Meteo Historical Weather API
MH-Yavatmal,2021-05-15,33.6,38.7,28.6,0.0,0.0,0.0,43,7.42,0.178,0.206,0.252,35.7,34.9,20.39324,78.13201,ERA5,Asia/Kolkata,Open-Meteo Historical Weather API
MH-Yavatmal,2021-05-16,32.0,36.8,29.0,0.9,0.9,2.0,52,6.63,0.178,0.201,0.247,34.9,34.5,20.39324,78.13201,ERA5,Asia/Kolkata,Open-Meteo Historical Weather API
MH-Yavatmal,2021-05-17,32.0,36.6,27.1,1.0,1.0,2.0,54,6.97,0.187,0.2,0.246,34.3,33.6,20.39324,78.13201,ERA5,Asia/Kolkata,Open-Meteo Historical Weather API
MH-Yavatmal,2021-05-18,31.8,37.4,29.0,2.5,2.5,2.0,56,6.42,0.2,0.201,0.245,34.2,33.8,20.39324,78.13201,ERA5,Asia/Kolkata,Open-Meteo Historical Weather API
MH-Yavatmal,2021-05-19,31.5,35.0,27.2,2.8,2.8,5.0,54,6.6,0.236,0.2,0.244,33.4,33.2,20.39324,78.13201,ERA5,Asia/Kolkata,Open-Meteo Historical Weather API
MH-Yavatmal,2021-05-20,31.1,36.1,27.1,0.0,0.0,0.0,49,7.03,0.252,0.202,0.245,33.2,33.0,20.39324,78.13201,ERA5,Asia/Kolkata,Open-Meteo Historical Weather API
MH-Yavatmal,2021-05-21,32.4,38.5,23.9,0.0,0.0,0.0,39,7.56,0.232,0.201,0.242,33.7,32.8,20.39324,78.13201,ERA5,Asia/Kolkata,Open-Meteo Historical Weather API
MH-Yavatmal,2021-05-22,32.9,38.6,27.5,0.0,0.0,0.0,40,6.62,0.216,0.2,0.24,34.6,33.4,20.39324,78.13201,ERA5,Asia/Kolkata,Open-Meteo Historical Weather API
MH-Yavatmal,2021-05-23,33.0,38.3,28.3,0.0,0.0,0.0,40,7.47,0.208,0.202,0.242,34.5,33.6,20.39324,78.13201,ERA5,Asia/Kolkata,Open-Meteo Historical Weather API
MH-Yavatmal,2021-05-24,33.9,39.1,28.3,0.0,0.0,0.0,34,8.41,0.199,0.203,0.242,34.9,33.8,20.39324,78.13201,ERA5,Asia/Kolkata,Open-Meteo Historical Weather API
MH-Yavatmal,2021-05-25,32.9,38.6,27.0,0.0,0.0,0.0,30,8.58,0.193,0.203,0.241,34.4,33.7,20.39324,78.13201,ERA5,Asia/Kolkata,Open-Meteo Historical Weather API
MH-Yavatmal,2021-05-26,34.3,39.7,27.0,0.0,0.0,0.0,34,9.73,0.188,0.204,0.242,35.0,33.7,20.39324,78.13201,ERA5,Asia/Kolkata,Open-Meteo Historical Weather API
MH-Yavatmal,2021-05-27,34.1,39.4,29.8,0.0,0.0,0.0,41,8.63,0.184,0.204,0.241,35.6,34.3,20.39324,78.13201,ERA5,Asia/Kolkata,Open-Meteo Historical Weather API
MH-Yavatmal,2021-05-28,33.4,38.5,28.9,0.0,0.0,0.0,44,7.6,0.186,0.205,0.243,35.2,34.4,20.39324,78.13201,ERA5,Asia/Kolkata,Open-Meteo Historical Weather API
MH-Yavatmal,2021-05-29,33.6,40.1,28.9,1.8,1.8,3.0,46,7.4,0.188,0.21,0.247,35.5,34.6,20.39324,78.13201,ERA5,Asia/Kolkata,Open-Meteo Historical Weather API
MH-Yavatmal,2021-05-30,32.3,38.4,27.8,0.3,0.3,2.0,48,7.22,0.195,0.213,0.25,34.4,34.5,20.39324,78.13201,ERA5,Asia/Kolkata,Open-Meteo Historical Weather API
MH-Yavatmal,2021-05-31,32.3,38.1,28.1,0.8,0.8,2.0,51,6.66,0.205,0.214,0.25,34.3,34.2,20.39324,78.13201,ERA5,Asia/Kolkata,Open-Meteo Historical Weather API
MH-Yavatmal,2021-06-01,30.3,33.2,27.6,0.0,0.0,0.0,58,4.52,0.206,0.213,0.25,32.7,33.5,20.39324,78.13201,ERA5,Asia/Kolkata,Open-Meteo Historical Weather API
MH-Yavatmal,2021-06-02,30.2,35.2,26.8,0.0,0.0,0.0,58,4.17,0.206,0.218,0.254,32.4,32.8,20.39324,78.13201,ERA5,Asia/Kolkata,Open-Meteo Historical Weather API
MH-Yavatmal,2021-06-03,29.7,33.1,26.6,0.1,0.1,1.0,57,3.66,0.206,0.22,0.256,31.4,32.3,20.39324,78.13201,ERA5,Asia/Kolkata,Open-Meteo Historical Weather API
MH-Yavatmal,2021-06-04,28.9,33.2,26.9,0.9,0.9,2.0,61,4.34,0.208,0.222,0.258,31.6,32.0,20.39324,78.13201,ERA5,Asia/Kolkata,Open-Meteo Historical Weather API
MH-Yavatmal,2021-06-05,29.2,34.5,25.6,2.4,2.4,4.0,64,5.15,0.218,0.227,0.261,32.3,32.2,20.39324,78.13201,ERA5,Asia/Kolkata,Open-Meteo Historical Weather API
MH-Yavatmal,2021-06-06,31.1,36.9,25.7,0.2,0.2,1.0,57,5.86,0.218,0.22,0.256,33.6,32.5,20.39324,78.13201,ERA5,Asia/Kolkata,Open-Meteo Historical Weather API
MH-Yavatmal,2021-06-07,30.1,35.4,25.0,5.8,5.8,9.0,63,5.62,0.265,0.215,0.252,32.6,32.5,20.39324,78.13201,ERA5,Asia/Kolkata,Open-Meteo Historical Weather API
MH-Yavatmal,2021-06-08,30.5,35.9,27.0,2.3,2.3,2.0,59,5.69,0.276,0.208,0.246,32.4,32.2,20.39324,78.13201,ERA5,Asia/Kolkata,Open-Meteo Historical Weather API
MH-Yavatmal,2021-06-09,28.0,32.7,24.4,10.1,10.1,12.0,72,4.3,0.325,0.212,0.245,30.4,31.4,20.39324,78.13201,ERA5,Asia/Kolkata,Open-Meteo Historical Weather API
MH-Yavatmal,2021-06-10,26.6,30.9,24.1,7.8,7.8,18.0,78,3.43,0.395,0.242,0.248,29.2,30.3,20.39324,78.13201,ERA5,Asia/Kolkata,Open-Meteo Historical Weather API
MH-Yavatmal,2021-06-11,27.1,30.2,24.9,1.2,1.2,6.0,69,3.89,0.369,0.266,0.251,28.1,29.5,20.39324,78.13201,ERA5,Asia/Kolkata,Open-Meteo Historical Weather API
MH-Yavatmal,2021-06-12,26.2,30.1,23.1,7.1,7.1,11.0,77,2.72,0.387,0.282,0.252,27.3,28.7,20.39324,78.13201,ERA5,Asia/Kolkata,Open-Meteo Historical Weather API
MH-Yavatmal,2021-06-13,29.0,33.1,25.5,0.3,0.3,2.0,65,4.94,0.357,0.294,0.254,29.2,29.0,20.39324,78.13201,ERA5,Asia/Kolkata,Open-Meteo Historical Weather API
MH-Yavatmal,2021-06-14,29.3,34.2,25.9,0.2,0.2,1.0,63,4.95,0.331,0.293,0.254,29.7,29.8,20.39324,78.13201,ERA5,Asia/Kolkata,Open-Meteo Historical Weather API
MH-Yavatmal,2021-06-15,28.6,34.0,23.7,5.4,5.4,7.0,68,5.17,0.351,0.295,0.253,29.8,30.0,20.39324,78.13201,ERA5,Asia/Kolkata,Open-Meteo Historical Weather API
MH-Yavatmal,2021-06-16,28.1,33.6,23.7,4.3,4.3,8.0,72,4.59,0.34,0.294,0.253,29.7,30.0,20.39324,78.13201,ERA5,Asia/Kolkata,Open-Meteo Historical Weather API
MH-Yavatmal,2021-06-17,27.4,32.4,23.8,0.8,0.8,3.0,74,3.75,0.354,0.293,0.252,28.5,29.1,20.39324,78.13201,ERA5,Asia/Kolkata,Open-Meteo Historical Weather API
MH-Yavatmal,2021-06-18,27.6,31.4,23.9,7.1,7.1,15.0,72,3.86,0.373,0.3,0.252,28.0,28.4,20.39324,78.13201,ERA5,Asia/Kolkata,Open-Meteo Historical Weather API
MH-Yavatmal,2021-06-19,28.2,32.3,25.2,0.1,0.1,1.0,67,4.8,0.349,0.306,0.254,28.6,28.6,20.39324,78.13201,ERA5,Asia/Kolkata,Open-Meteo Historical Weather API
MH-Yavatmal,2021-06-20,28.8,32.5,24.5,0.4,0.4,3.0,64,4.97,0.328,0.304,0.255,29.3,28.9,20.39324,78.13201,ERA5,Asia/Kolkata,Open-Meteo Historical Weather API
MH-Yavatmal,2021-06-21,29.9,34.3,25.9,0.0,0.0,0.0,58,5.59,0.307,0.298,0.253,30.2,29.2,20.39324,78.13201,ERA5,Asia/Kolkata,Open-Meteo Historical Weather API
MH-Yavatmal,2021-06-22,29.5,33.8,26.6,1.4,1.4,1.0,63,5.74,0.29,0.289,0.252,30.6,29.8,20.39324,78.13201,ERA5,Asia/Kolkata,Open-Meteo Historical Weather API
MH-Yavatmal,2021-06-23,25.9,28.2,23.9,20.1,20.1,24.0,84,2.31,0.377,0.293,0.251,27.7,28.9,20.39324,78.13201,ERA5,Asia/Kolkata,Open-Meteo Historical Weather API
MH-Yavatmal,2021-06-24,25.5,28.7,23.3,20.3,20.3,13.0,84,2.3,0.442,0.385,0.253,26.3,27.1,20.39324,78.13201,ERA5,Asia/Kolkata,Open-Meteo Historical Weather API
MH-Yavatmal,2021-06-25,27.3,31.1,23.6,0.7,0.7,2.0,73,3.81,0.407,0.395,0.257,27.5,27.3,20.39324,78.13201,ERA5,Asia/Kolkata,Open-Meteo Historical Weather API
MH-Yavatmal,2021-06-26,28.4,31.8,24.5,0.3,0.3,2.0,74,4.91,0.382,0.382,0.258,29.0,28.2,20.39324,78.13201,ERA5,Asia/Kolkata,Open-Meteo Historical Weather API
MH-Yavatmal,2021-06-27,27.7,32.1,24.4,22.0,22.0,15.0,79,4.13,0.405,0.38,0.258,29.0,28.6,20.39324,78.13201,ERA5,Asia/Kolkata,Open-Meteo Historical Weather API
MH-Yavatmal,2021-06-28,27.2,30.8,24.3,4.2,4.2,8.0,83,3.7,0.442,0.431,0.26,28.8,28.6,20.39324,78.13201,ERA5,Asia/Kolkata,Open-Meteo Historical Weather API
MH-Yavatmal,2021-06-29,28.4,32.4,24.0,1.1,1.1,3.0,81,4.34,0.421,0.414,0.265,29.4,28.8,20.39324,78.13201,ERA5,Asia/Kolkata,Open-Meteo Historical Weather API
MH-Yavatmal,2021-06-30,29.6,33.7,26.1,1.7,1.7,3.0,74,5.03,0.403,0.399,0.267,30.1,29.3,20.39324,78.13201,ERA5,Asia/Kolkata,Open-Meteo Historical Weather API
MH-Yavatmal,2021-07-01,28.3,32.4,25.7,0.9,0.9,2.0,73,4.84,0.386,0.386,0.269,29.4,29.4,20.39324,78.13201,ERA5,Asia/Kolkata,Open-Meteo Historical Weather API
MH-Yavatmal,2021-07-02,27.9,31.0,24.7,0.7,0.7,4.0,73,3.65,0.374,0.376,0.271,28.4,28.8,20.39324,78.13201,ERA5,Asia/Kolkata,Open-Meteo Historical Weather API
MH-Yavatmal,2021-07-03,29.6,33.7,26.7,0.0,0.0,0.0,66,4.77,0.362,0.366,0.271,29.3,28.6,20.39324,78.13201,ERA5,Asia/Kolkata,Open-Meteo Historical Weather API
MH-Yavatmal,2021-07-04,30.2,34.7,26.0,0.0,0.0,0.0,63,5.93,0.339,0.354,0.27,30.3,29.1,20.39324,78.13201,ERA5,Asia/Kolkata,Open-Meteo Historical Weather API
MH-Yavatmal,2021-07-05,30.3,34.9,26.3,0.0,0.0,0.0,63,5.71,0.318,0.342,0.27,30.8,29.8,20.39324,78.13201,ERA5,Asia/Kolkata,Open-Meteo Historical Weather API
MH-Yavatmal,2021-07-06,29.7,34.9,25.9,0.0,0.0,0.0,66,4.88,0.302,0.333,0.271,30.5,30.0,20.39324,78.13201,ERA5,Asia/Kolkata,Open-Meteo Historical Weather API
MH-Yavatmal,2021-07-07,30.5,35.3,26.5,0.0,0.0,0.0,65,5.33,0.289,0.325,0.272,30.9,30.3,20.39324,78.13201,ERA5,Asia/Kolkata,Open-Meteo Historical Weather API
MH-Yavatmal,2021-07-08,25.5,26.7,23.7,10.5,10.5,19.0,84,1.41,0.331,0.319,0.272,27.2,29.1,20.39324,78.13201,ERA5,Asia/Kolkata,Open-Meteo Historical Weather API
MH-Yavatmal,2021-07-09,25.4,28.8,23.4,20.8,20.8,18.0,89,2.17,0.438,0.36,0.272,26.8,27.2,20.39324,78.13201,ERA5,Asia/Kolkata,Open-Meteo Historical Weather API
MH-Yavatmal,2021-07-10,27.4,30.6,24.2,3.3,3.3,11.0,83,2.57,0.428,0.399,0.273,27.8,27.4,20.39324,78.13201,ERA5,Asia/Kolkata,Open-Meteo Historical Weather API
MH-Yavatmal,2021-07-11,27.3,30.9,24.9,18.5,18.5,21.0,87,2.67,0.456,0.433,0.278,28.3,27.7,20.39324,78.13201,ERA5,Asia/Kolkata,Open-Meteo Historical Weather API
MH-Yavatmal,2021-07-12,27.6,31.9,24.0,6.5,6.5,9.0,83,3.79,0.442,0.436,0.289,28.8,28.1,20.39324,78.13201,ERA5,Asia/Kolkata,Open-Meteo Historical Weather API
MH-Yavatmal,2021-07-13,27.0,30.7,23.9,12.8,12.8,14.0,87,2.93,0.447,0.431,0.295,28.5,28.3,20.39324,78.13201,ERA5,Asia/Kolkata,Open-Meteo Historical Weather API
MH-Yavatmal,2021-07-14,26.5,29.0,23.8,17.4,17.4,18.0,87,3.0,0.457,0.446,0.306,28.2,28.1,20.39324,78.13201,ERA5,Asia/Kolkata,Open-Meteo Historical Weather API
MH-Yavatmal,2021-07-15,27.0,29.9,24.1,3.6,3.6,11.0,84,3.61,0.447,0.443,0.319,28.3,28.0,20.39324,78.13201,ERA5,Asia/Kolkata,Open-Meteo Historical Weather API
MH-Yavatmal,2021-07-16,27.9,30.7,25.2,1.6,1.6,6.0,79,3.81,0.427,0.424,0.324,28.8,28.1,20.39324,78.13201,ERA5,Asia/Kolkata,Open-Meteo Historical Weather API
MH-Yavatmal,2021-07-17,28.9,33.2,25.1,2.3,2.3,9.0,79,4.63,0.413,0.41,0.326,29.9,28.6,20.39324,78.13201,ERA5,Asia/Kolkata,Open-Meteo Historical Weather API
MH-Yavatmal,2021-07-18,28.5,32.2,25.2,7.0,7.0,9.0,81,4.08,0.419,0.402,0.327,30.2,29.3,20.39324,78.13201,ERA5,Asia/Kolkata,Open-Meteo Historical Weather API
MH-Yavatmal,2021-07-19,27.8,30.9,24.9,4.6,4.6,5.0,81,4.07,0.425,0.405,0.329,29.3,29.0,20.39324,78.13201,ERA5,Asia/Kolkata,Open-Meteo Historical Weather API
MH-Yavatmal,2021-07-20,26.6,29.0,24.3,4.6,4.6,13.0,80,2.91,0.435,0.411,0.33,27.7,28.2,20.39324,78.13201,ERA5,Asia/Kolkata,Open-Meteo Historical Weather API
MH-Yavatmal,2021-07-21,24.4,25.2,23.7,53.7,53.7,24.0,93,1.32,0.458,0.449,0.344,25.7,26.9,20.39324,78.13201,ERA5,Asia/Kolkata,Open-Meteo Historical Weather API
MH-Yavatmal,2021-07-22,24.3,25.8,23.2,54.6,54.6,23.0,94,0.96,0.465,0.464,0.383,25.0,25.8,20.39324,78.13201,ERA5,Asia/Kolkata,Open-Meteo Historical Weather API
MH-Yavatmal,2021-07-23,24.2,25.5,23.5,45.5,45.5,24.0,92,0.97,0.466,0.464,0.417,24.5,25.3,20.39324,78.13201,ERA5,Asia/Kolkata,Open-Meteo Historical Weather API
MH-Yavatmal,2021-07-24,25.6,28.0,23.4,16.5,16.5,15.0,86,2.11,0.459,0.459,0.438,25.4,25.4,20.39324,78.13201,ERA5,Asia/Kolkata,Open-Meteo Historical Weather API
MH-Yavatmal,2021-07-25,27.1,30.1,25.0,0.5,0.5,3.0,76,4.47,0.435,0.439,0.438,27.0,26.4,20.39324,78.13201,ERA5,Asia/Kolkata,Open-Meteo Historical Weather API
MH-Yavatmal,2021-07-26,27.3,30.9,24.1,1.8,1.8,6.0,77,4.33,0.424,0.426,0.435,27.3,26.9,20.39324,78.13201,ERA5,Asia/Kolkata,Open-Meteo Historical Weather API
MH-Yavatmal,2021-07-27,26.9,29.2,24.9,1.1,1.1,5.0,75,3.98,0.424,0.421,0.432,27.1,27.0,20.39324,78.13201,ERA5,Asia/Kolkata,Open-Meteo Historical Weather API
MH-Yavatmal,2021-07-28,26.4,29.9,24.5,4.9,4.9,7.0,79,4.05,0.421,0.415,0.429,27.0,27.0,20.39324,78.13201,ERA5,Asia/Kolkata,Open-Meteo Historical Weather API
MH-Yavatmal,2021-07-29,25.4,28.3,23.9,2.8,2.8,9.0,83,2.64,0.426,0.417,0.426,25.9,26.5,20.39324,78.13201,ERA5,Asia/Kolkata,Open-Meteo Historical Weather API
MH-Yavatmal,2021-07-30,24.9,27.0,23.8,11.1,11.1,14.0,86,2.14,0.437,0.425,0.425,25.3,25.8,20.39324,78.13201,ERA5,Asia/Kolkata,Open-Meteo Historical Weather API
MH-Yavatmal,2021-07-31,26.4,28.3,24.5,0.7,0.7,4.0,76,4.18,0.434,0.438,0.425,26.3,25.8,20.39324,78.13201,ERA5,Asia/Kolkata,Open-Meteo Historical Weather API
MH-Yavatmal,2021-08-01,26.6,28.5,24.9,0.5,0.5,3.0,75,3.53,0.419,0.428,0.424,26.5,26.4,20.39324,78.13201,ERA5,Asia/Kolkata,Open-Meteo Historical Weather API
MH-Yavatmal,2021-08-02,25.4,27.1,23.8,0.9,0.9,4.0,82,2.6,0.412,0.42,0.423,25.9,26.2,20.39324,78.13201,ERA5,Asia/Kolkata,Open-Meteo Historical Weather API
MH-Yavatmal,2021-08-03,26.0,29.0,23.2,1.2,1.2,5.0,80,3.63,0.408,0.414,0.421,26.1,26.0,20.39324,78.13201,ERA5,Asia/Kolkata,Open-Meteo Historical Weather API
MH-Yavatmal,2021-08-04,26.3,28.7,24.0,0.4,0.4,2.0,80,2.86,0.403,0.408,0.419,26.2,26.2,20.39324,78.13201,ERA5,Asia/Kolkata,Open-Meteo Historical Weather API
MH-Yavatmal,2021-08-05,26.1,28.4,24.2,1.7,1.7,11.0,81,3.0,0.4,0.403,0.417,26.3,26.2,20.39324,78.13201,ERA5,Asia/Kolkata,Open-Meteo Historical Weather API
MH-Yavatmal,2021-08-06,26.3,28.7,24.0,1.5,1.5,3.0,80,3.24,0.405,0.4,0.415,26.5,26.2,20.39324,78.13201,ERA5,Asia/Kolkata,Open-Meteo Historical Weather API
MH-Yavatmal,2021-08-07,27.0,30.1,24.1,0.4,0.4,4.0,79,3.27,0.398,0.397,0.413,26.8,26.2,20.39324,78.13201,ERA5,Asia/Kolkata,Open-Meteo Historical Weather API
MH-Yavatmal,2021-08-08,27.6,31.4,24.2,0.5,0.5,5.0,81,4.05,0.385,0.391,0.411,27.8,26.8,20.39324,78.13201,ERA5,Asia/Kolkata,Open-Meteo Historical Weather API
MH-Yavatmal,2021-08-09,28.6,32.9,24.9,0.5,0.5,3.0,78,4.84,0.376,0.383,0.408,28.8,27.5,20.39324,78.13201,ERA5,Asia/Kolkata,Open-Meteo Historical Weather API
MH-Yavatmal,2021-08-10,28.1,31.8,25.4,0.1,0.1,1.0,74,4.69,0.364,0.375,0.405,28.4,27.8,20.39324,78.13201,ERA5,Asia/Kolkata,Open-Meteo Historical Weather API
MH-Yavatmal,2021-08-11,27.7,31.1,25.0,0.0,0.0,0.0,73,4.58,0.35,0.367,0.402,28.0,27.7,20.39324,78.13201,ERA5,Asia/Kolkata,Open-Meteo Historical Weather API
MH-Yavatmal,2021-08-12,28.1,32.6,24.8,0.2,0.2,1.0,74,4.83,0.336,0.358,0.399,28.4,27.7,20.39324,78.13201,ERA5,Asia/Kolkata,Open-Meteo Historical Weather API
MH-Yavatmal,2021-08-13,27.9,31.7,24.7,0.3,0.3,2.0,75,4.88,0.328,0.351,0.396,28.5,27.9,20.39324,78.13201,ERA5,Asia/Kolkata,Open-Meteo Historical Weather API
MH-Yavatmal,2021-08-14,27.8,31.8,25.2,0.1,0.1,1.0,73,4.64,0.32,0.344,0.393,28.4,27.9,20.39324,78.13201,ERA5,Asia/Kolkata,Open-Meteo Historical Weather API
MH-Yavatmal,2021-08-15,27.9,31.1,24.8,0.0,0.0,0.0,73,4.84,0.311,0.337,0.39,28.4,27.8,20.39324,78.13201,ERA5,Asia/Kolkata,Open-Meteo Historical Weather API
MH-Yavatmal,2021-08-16,27.0,29.5,24.8,2.0,2.0,7.0,79,3.5,0.31,0.331,0.386,27.9,27.9,20.39324,78.13201,ERA5,Asia/Kolkata,Open-Meteo Historical Weather API
MH-Yavatmal,2021-08-17,24.8,26.2,23.6,36.6,36.6,24.0,93,1.45,0.44,0.381,0.385,26.3,27.1,20.39324,78.13201,ERA5,Asia/Kolkata,Open-Meteo Historical Weather API
MH-Yavatmal,2021-08-18,24.5,25.7,23.5,17.4,17.4,24.0,95,1.03,0.463,0.457,0.393,25.7,26.1,20.39324,78.13201,ERA5,Asia/Kolkata,Open-Meteo Historical Weather API
MH-Yavatmal,2021-08-19,24.2,25.8,23.3,49.4,49.4,21.0,95,1.22,0.461,0.464,0.422,25.1,25.6,20.39324,78.13201,ERA5,Asia/Kolkata,Open-Meteo Historical Weather API
MH-Yavatmal,2021-08-20,23.9,24.4,23.4,11.3,11.3,22.0,94,1.03,0.459,0.458,0.436,24.7,25.0,20.39324,78.13201,ERA5,Asia/Kolkata,Open-Meteo Historical Weather API
MH-Yavatmal,2021-08-21,25.3,28.3,23.3,13.2,13.2,13.0,90,2.0,0.46,0.461,0.444,25.5,25.1,20.39324,78.13201,ERA5,Asia/Kolkata,Open-Meteo Historical Weather API
MH-Yavatmal,2021-08-22,26.2,29.7,23.7,5.8,5.8,16.0,86,3.56,0.457,0.457,0.446,26.9,26.0,20.39324,78.13201,ERA5,Asia/Kolkata,Open-Meteo Historical Weather API
MH-Yavatmal,2021-08-23,26.9,30.6,24.3,1.4,1.4,3.0,83,3.65,0.444,0.448,0.445,27.5,26.7,20.39324,78.13201,ERA5,Asia/Kolkata,Open-Meteo Historical Weather API
MH-Yavatmal,2021-08-24,27.2,31.0,24.3,1.7,1.7,4.0,80,3.88,0.432,0.436,0.443,27.6,26.8,20.39324,78.13201,ERA5,Asia/Kolkata,Open-Meteo Historical Weather API
MH-Yavatmal,2021-08-25,27.2,30.6,24.0,0.0,0.0,0.0,77,4.66,0.419,0.427,0.439,27.6,27.0,20.39324,78.13201,ERA5,Asia/Kolkata,Open-Meteo Historical Weather API
MH-Yavatmal,2021-08-26,27.0,31.3,23.8,0.0,0.0,0.0,75,4.45,0.404,0.416,0.436,27.4,26.9,20.39324,78.13201,ERA5,Asia/Kolkata,Open-Meteo Historical Weather API
MH-Yavatmal,2021-08-27,26.9,30.4,24.1,0.5,0.5,3.0,76,4.18,0.394,0.406,0.432,27.5,26.8,20.39324,78.13201,ERA5,Asia/Kolkata,Open-Meteo Historical Weather API
MH-Yavatmal,2021-08-28,27.3,31.0,23.9,0.8,0.8,3.0,74,3.8,0.388,0.399,0.429,27.3,26.7,20.39324,78.13201,ERA5,Asia/Kolkata,Open-Meteo Historical Weather API
MH-Yavatmal,2021-08-29,26.1,28.5,24.4,15.5,15.5,18.0,83,2.75,0.421,0.4,0.426,26.9,26.6,20.39324,78.13201,ERA5,Asia/Kolkata,Open-Meteo Historical Weather API
MH-Yavatmal,2021-08-30,25.5,28.6,23.5,30.4,30.4,17.0,92,1.78,0.456,0.449,0.426,26.6,26.3,20.39324,78.13201,ERA5,Asia/Kolkata,Open-Meteo Historical Weather API
MH-Yavatmal,2021-08-31,25.7,28.5,24.0,14.5,14.5,18.0,91,2.47,0.459,0.459,0.436,26.6,26.2,20.39324,78.13201,ERA5,Asia/Kolkata,Open-Meteo Historical Weather API
MH-Yavatmal,2021-09-01,25.4,27.5,23.9,4.3,4.3,5.0,88,1.98,0.451,0.456,0.443,26.2,26.0,20.39324,78.13201,ERA5,Asia/Kolkata,Open-Meteo Historical Weather API
MH-Yavatmal,2021-09-02,26.3,30.8,23.9,11.1,11.1,18.0,87,3.66,0.456,0.456,0.444,27.3,26.4,20.39324,78.13201,ERA5,Asia/Kolkata,Open-Meteo Historical Weather API
MH-Yavatmal,2021-09-03,26.8,30.9,23.6,8.0,8.0,9.0,85,3.7,0.451,0.457,0.447,27.9,26.9,20.39324,78.13201,ERA5,Asia/Kolkata,Open-Meteo Historical Weather API
MH-Yavatmal,2021-09-04,26.0,30.1,24.1,14.6,14.6,18.0,87,2.22,0.459,0.461,0.451,26.9,26.8,20.39324,78.13201,ERA5,Asia/Kolkata,Open-Meteo Historical Weather API
MH-Yavatmal,2021-09-05,26.2,29.1,23.6,15.0,15.0,14.0,85,2.73,0.458,0.461,0.458,26.8,26.4,20.39324,78.13201,ERA5,Asia/Kolkata,Open-Meteo Historical Weather API
MH-Yavatmal,2021-09-06,26.4,29.9,24.2,10.7,10.7,13.0,86,2.86,0.454,0.454,0.456,27.0,26.4,20.39324,78.13201,ERA5,Asia/Kolkata,Open-Meteo Historical Weather API
MH-Yavatmal,2021-09-07,25.6,28.7,23.8,27.8,27.8,24.0,90,2.67,0.461,0.466,0.461,26.6,26.4,20.39324,78.13201,ERA5,Asia/Kolkata,Open-Meteo Historical Weather API
MH-Yavatmal,2021-09-08,25.6,28.1,23.4,3.9,3.9,12.0,87,1.94,0.456,0.458,0.463,26.0,26.1,20.39324,78.13201,ERA5,Asia/Kolkata,Open-Meteo Historical Weather API
MH-Yavatmal,2021-09-09,26.5,29.3,23.9,1.3,1.3,5.0,81,3.34,0.443,0.445,0.457,26.4,26.1,20.39324,78.13201,ERA5,Asia/Kolkata,Open-Meteo Historical Weather API
MH-Yavatmal,2021-09-10,26.8,30.9,24.4,2.4,2.4,10.0,81,3.52,0.434,0.434,0.452,26.8,26.4,20.39324,78.13201,ERA5,Asia/Kolkata,Open-Meteo Historical Weather API
MH-Yavatmal,2021-09-11,26.6,30.0,23.6,4.2,4.2,13.0,83,2.58,0.446,0.44,0.448,26.7,26.3,20.39324,78.13201,ERA5,Asia/Kolkata,Open-Meteo Historical Weather API
MH-Yavatmal,2021-09-12,26.8,30.4,24.5,3.4,3.4,6.0,83,3.55,0.441,0.439,0.445,27.3,26.5,20.39324,78.13201,ERA5,Asia/Kolkata,Open-Meteo Historical Weather API
MH-Yavatmal,2021-09-13,26.5,29.7,24.2,5.1,5.1,11.0,85,3.06,0.441,0.438,0.443,27.0,26.5,20.39324,78.13201,ERA5,Asia/Kolkata,Open-Meteo Historical Weather API
MH-Yavatmal,2021-09-14,26.3,29.1,24.6,3.4,3.4,9.0,85,2.5,0.446,0.443,0.441,26.6,26.2,20.39324,78.13201,ERA5,Asia/Kolkata,Open-Meteo Historical Weather API
MH-Yavatmal,2021-09-15,26.0,28.8,24.4,5.8,5.8,18.0,85,2.44,0.446,0.443,0.44,26.2,25.9,20.39324,78.13201,ERA5,Asia/Kolkata,Open-Meteo Historical Weather API
MH-Yavatmal,2021-09-16,25.9,28.0,23.9,4.1,4.1,14.0,84,2.23,0.447,0.445,0.439,25.9,25.6,20.39324,78.13201,ERA5,Asia/Kolkata,Open-Meteo Historical Weather API
MH-Yavatmal,2021-09-17,25.6,27.6,24.3,2.3,2.3,10.0,84,2.12,0.443,0.445,0.439,25.7,25.5,20.39324,78.13201,ERA5,Asia/Kolkata,Open-Meteo Historical Weather API
MH-Yavatmal,2021-09-18,26.6,30.1,23.5,0.2,0.2,1.0,81,3.99,0.428,0.437,0.437,26.8,25.8,20.39324,78.13201,ERA5,Asia/Kolkata,Open-Meteo Historical Weather API
MH-Yavatmal,2021-09-19,26.9,30.3,23.5,0.6,0.6,1.0,82,3.84,0.417,0.426,0.434,27.5,26.4,20.39324,78.13201,ERA5,Asia/Kolkata,Open-Meteo Historical Weather API
MH-Yavatmal,2021-09-20,26.0,28.1,24.2,13.7,13.7,13.0,86,2.83,0.428,0.426,0.432,27.1,26.7,20.39324,78.13201,ERA5,Asia/Kolkata,Open-Meteo Historical Weather API
MH-Yavatmal,2021-09-21,24.7,26.6,23.2,13.1,13.1,22.0,92,1.35,0.462,0.46,0.438,25.7,25.9,20.39324,78.13201,ERA5,Asia/Kolkata,Open-Meteo Historical Weather API
MH-Yavatmal,2021-09-22,25.8,30.6,22.9,3.7,3.7,9.0,87,3.02,0.449,0.453,0.443,26.4,25.7,20.39324,78.13201,ERA5,Asia/Kolkata,Open-Meteo Historical Weather API
MH-Yavatmal,2021-09-23,26.0,29.5,23.7,11.9,11.9,15.0,87,2.74,0.45,0.452,0.443,26.8,26.1,20.39324,78.13201,ERA5,Asia/Kolkata,Open-Meteo Historical Weather API
MH-Yavatmal,2021-09-24,25.8,28.3,23.5,6.4,6.4,14.0,88,2.38,0.457,0.459,0.446,26.7,26.1,20.39324,78.13201,ERA5,Asia/Kolkata,Open-Meteo Historical Weather API
MH-Yavatmal,2021-09-25,25.8,28.5,23.6,5.5,5.5,7.0,87,2.85,0.454,0.455,0.446,26.8,26.1,20.39324,78.13201,ERA5,Asia/Kolkata,Open-Meteo Historical Weather API
MH-Yavatmal,2021-09-26,25.9,30.0,23.2,7.2,7.2,16.0,87,2.52,0.457,0.459,0.449,26.6,26.0,20.39324,78.13201,ERA5,Asia/Kolkata,Open-Meteo Historical Weather API
MH-Yavatmal,2021-09-27,26.3,30.3,23.8,14.1,14.1,20.0,86,3.27,0.46,0.461,0.451,27.0,26.1,20.39324,78.13201,ERA5,Asia/Kolkata,Open-Meteo Historical Weather API
MH-Yavatmal,2021-09-28,24.1,25.7,22.8,23.9,23.9,17.0,91,1.39,0.46,0.464,0.46,25.0,25.6,20.39324,78.13201,ERA5,Asia/Kolkata,Open-Meteo Historical Weather API
MH-Yavatmal,2021-09-29,26.5,29.8,23.6,0.0,0.0,0.0,80,3.32,0.441,0.448,0.457,26.4,25.4,20.39324,78.13201,ERA5,Asia/Kolkata,Open-Meteo Historical Weather API
MH-Yavatmal,2021-09-30,27.5,31.4,24.2,0.4,0.4,3.0,79,3.95,0.427,0.435,0.453,27.7,26.3,20.39324,78.13201,ERA5,Asia/Kolkata,Open-Meteo Historical Weather API
MH-Yavatmal,2021-10-01,27.4,31.4,24.7,7.0,7.0,11.0,82,3.89,0.432,0.429,0.448,28.4,27.1,20.39324,78.13201,ERA5,Asia/Kolkata,Open-Meteo Historical Weather API
MH-Yavatmal,2021-10-02,25.4,28.4,22.9,10.9,10.9,7.0,87,2.07,0.455,0.458,0.451,26.9,26.9,20.39324,78.13201,ERA5,Asia/Kolkata,Open-Meteo Historical Weather API
MH-Yavatmal,2021-10-03,27.0,31.0,23.4,1.0,1.0,5.0,83,3.83,0.439,0.446,0.451,27.7,26.7,20.39324,78.13201,ERA5,Asia/Kolkata,Open-Meteo Historical Weather API
MH-Yavatmal,2021-10-04,27.7,31.8,24.1,0.5,0.5,3.0,79,3.97,0.428,0.435,0.447,28.4,27.2,20.39324,78.13201,ERA5,Asia/Kolkata,Open-Meteo Historical Weather API
MH-Yavatmal,2021-10-05,27.5,32.4,24.1,6.2,6.2,11.0,81,3.9,0.442,0.437,0.442,28.7,27.6,20.39324,78.13201,ERA5,Asia/Kolkata,Open-Meteo Historical Weather API
MH-Yavatmal,2021-10-06,27.5,31.7,24.5,4.6,4.6,8.0,82,3.63,0.441,0.437,0.441,28.4,27.6,20.39324,78.13201,ERA5,Asia/Kolkata,Open-Meteo Historical Weather API
MH-Yavatmal,2021-10-07,28.0,32.0,24.3,1.5,1.5,9.0,80,4.03,0.433,0.436,0.438,28.6,27.6,20.39324,78.13201,ERA5,Asia/Kolkata,Open-Meteo Historical Weather API
MH-Yavatmal,2021-10-08,28.1,32.1,24.1,1.2,1.2,4.0,79,3.99,0.427,0.428,0.436,29.1,27.9,20.39324,78.13201,ERA5,Asia/Kolkata,Open-Meteo Historical Weather API
MH-Yavatmal,2021-10-09,27.5,31.2,23.9,0.4,0.4,3.0,80,3.83,0.419,0.421,0.433,28.7,27.9,20.39324,78.13201,ERA5,Asia/Kolkata,Open-Meteo Historical Weather API
MH-Yavatmal,2021-10-10,27.6,33.0,23.4,0.0,0.0,0.0,72,4.54,0.402,0.413,0.43,28.2,27.6,20.39324,78.13201,ERA5,Asia/Kolkata,Open-Meteo Historical Weather API
MH-Yavatmal,2021-10-11,27.3,32.8,23.2,0.0,0.0,0.0,71,4.35,0.388,0.403,0.427,27.8,27.3,20.39324,78.13201,ERA5,Asia/Kolkata,Open-Meteo Historical Weather API
MH-Yavatmal,2021-10-12,27.1,32.9,21.8,0.0,0.0,0.0,70,4.38,0.375,0.392,0.423,27.4,27.0,20.39324,78.13201,ERA5,Asia/Kolkata,Open-Meteo Historical Weather API
MH-Yavatmal,2021-10-13,27.1,32.9,22.4,0.0,0.0,0.0,71,4.35,0.363,0.386,0.419,27.5,26.9,20.39324,78.13201,ERA5,Asia/Kolkata,Open-Meteo Historical Weather API
MH-Yavatmal,2021-10-14,27.2,32.7,23.4,0.0,0.0,0.0,62,5.11,0.352,0.378,0.415,27.4,26.8,20.39324,78.13201,ERA5,Asia/Kolkata,Open-Meteo Historical Weather API
MH-Yavatmal,2021-10-15,26.5,32.1,20.6,0.0,0.0,0.0,62,4.78,0.34,0.367,0.41,26.7,26.3,20.39324,78.13201,ERA5,Asia/Kolkata,Open-Meteo Historical Weather API
MH-Yavatmal,2021-10-16,26.3,30.5,23.8,13.3,13.3,10.0,78,2.94,0.359,0.361,0.406,27.2,26.7,20.39324,78.13201,ERA5,Asia/Kolkata,Open-Meteo Historical Weather API
MH-Yavatmal,2021-10-17,25.2,28.5,23.2,24.5,24.5,22.0,91,1.57,0.459,0.428,0.407,26.3,26.2,20.39324,78.13201,ERA5,Asia/Kolkata,Open-Meteo Historical Weather API
MH-Yavatmal,2021-10-18,25.8,29.3,23.3,1.4,1.4,7.0,85,2.88,0.444,0.44,0.412,26.2,25.9,20.39324,78.13201,ERA5,Asia/Kolkata,Open-Meteo Historical Weather API
MH-Yavatmal,2021-10-19,25.7,30.6,22.1,0.0,0.0,0.0,71,4.73,0.422,0.429,0.412,26.2,25.8,20.39324,78.13201,ERA5,Asia/Kolkata,Open-Meteo Historical Weather API
MH-Yavatmal,2021-10-20,25.0,30.9,20.6,0.0,0.0,0.0,69,4.56,0.404,0.417,0.409,25.6,25.4,20.39324,78.13201,ERA5,Asia/Kolkata,Open-Meteo Historical Weather API
MH-Yavatmal,2021-10-21,24.1,31.3,18.9,0.0,0.0,0.0,66,4.64,0.389,0.405,0.406,25.0,25.1,20.39324,78.13201,ERA5,Asia/Kolkata,Open-Meteo Historical Weather API
MH-Yavatmal,2021-10-22,23.3,31.4,17.1,0.0,0.0,0.0,67,4.43,0.376,0.394,0.403,24.1,24.5,20.39324,78.13201,ERA5,Asia/Kolkata,Open-Meteo Historical Weather API
MH-Yavatmal,2021-10-23,23.7,30.6,17.1,0.0,0.0,0.0,66,4.15,0.366,0.385,0.4,23.9,24.2,20.39324,78.13201,ERA5,Asia/Kolkata,Open-Meteo Historical Weather API
MH-Yavatmal,2021-10-24,23.8,30.9,17.9,0.0,0.0,0.0,69,4.23,0.357,0.379,0.397,24.2,24.2,20.39324,78.13201,ERA5,Asia/Kolkata,Open-Meteo Historical Weather API
MH-Yavatmal,2021-10-25,23.6,29.9,17.8,0.0,0.0,0.0,66,3.97,0.349,0.372,0.395,23.9,24.2,20.39324,78.13201,ERA5,Asia/Kolkata,Open-Meteo Historical Weather API
MH-Yavatmal,2021-10-26,23.9,29.9,17.4,0.0,0.0,0.0,66,3.75,0.34,0.364,0.392,24.1,24.3,20.39324,78.13201,ERA5,Asia/Kolkata,Open-Meteo Historical Weather API
MH-Yavatmal,2021-10-27,24.3,30.1,18.4,0.0,0.0,0.0,68,4.03,0.331,0.356,0.388,24.4,24.3,20.39324,78.13201,ERA5,Asia/Kolkata,Open-Meteo Historical Weather API
MH-Yavatmal,2021-10-28,24.1,29.7,18.8,0.0,0.0,0.0,62,4.48,0.32,0.348,0.384,24.5,24.5,20.39324,78.13201,ERA5,Asia/Kolkata,Open-Meteo Historical Weather API
MH-Yavatmal,2021-10-29,22.6,29.1,16.0,0.0,0.0,0.0,57,4.66,0.31,0.34,0.38,23.1,23.7,20.39324,78.13201,ERA5,Asia/Kolkata,Open-Meteo Historical Weather API
MH-Yavatmal,2021-10-30,22.5,29.4,16.5,0.0,0.0,0.0,61,4.4,0.3,0.333,0.377,23.1,23.4,20.39324,78.13201,ERA5,Asia/Kolkata,Open-Meteo Historical Weather API
MH-Yavatmal,2021-10-31,22.5,29.3,17.0,0.0,0.0,0.0,61,4.23,0.29,0.325,0.372,23.1,23.5,20.39324,78.13201,ERA5,Asia/Kolkata,Open-Meteo Historical Weather API
MH-Yavatmal,2021-11-01,22.1,29.4,14.8,0.0,0.0,0.0,63,4.13,0.285,0.32,0.37,22.3,23.1,20.39324,78.13201,ERA5,Asia/Kolkata,Open-Meteo Historical Weather API
MH-Yavatmal,2021-11-02,22.7,29.5,15.2,0.0,0.0,0.0,68,4.04,0.279,0.316,0.368,22.6,22.8,20.39324,78.13201,ERA5,Asia/Kolkata,Open-Meteo Historical Weather API
MH-Yavatmal,2021-11-03,23.8,30.1,17.8,0.2,0.2,1.0,80,3.45,0.275,0.31,0.365,24.1,23.7,20.39324,78.13201,ERA5,Asia/Kolkata,Open-Meteo Historical Weather API
MH-Yavatmal,2021-11-04,24.5,29.1,19.6,0.0,0.0,0.0,78,3.52,0.273,0.306,0.362,24.9,24.3,20.39324,78.13201,ERA5,Asia/Kolkata,Open-Meteo Historical Weather API
MH-Yavatmal,2021-11-05,24.2,30.3,19.8,0.0,0.0,0.0,71,3.82,0.267,0.302,0.36,24.7,24.4,20.39324,78.13201,ERA5,Asia/Kolkata,Open-Meteo Historical Weather API
MH-Yavatmal,2021-11-06,23.8,29.9,18.6,0.0,0.0,0.0,69,3.96,0.261,0.298,0.358,24.1,24.2,20.39324,78.13201,ERA5,Asia/Kolkata,Open-Meteo Historical Weather API
MH-Yavatmal,2021-11-07,23.2,29.3,18.9,0.0,0.0,0.0,68,4.04,0.255,0.295,0.356,23.8,24.2,20.39324,78.13201,ERA5,Asia/Kolkata,Open-Meteo Historical Weather API
MH-Yavatmal,2021-11-08,22.4,29.4,15.8,0.0,0.0,0.0,59,4.19,0.252,0.294,0.355,22.6,23.5,20.39324,78.13201,ERA5,Asia/Kolkata,Open-Meteo Historical Weather API
MH-Yavatmal,2021-11-09,21.6,28.7,15.0,0.0,0.0,0.0,61,4.09,0.248,0.291,0.354,21.9,22.9,20.39324,78.13201,ERA5,Asia/Kolkata,Open-Meteo Historical Weather API
MH-Yavatmal,2021-11-10,21.2,29.0,13.9,0.0,0.0,0.0,60,4.23,0.246,0.288,0.352,21.3,22.5,20.39324,78.13201,ERA5,Asia/Kolkata,Open-Meteo Historical Weather API
MH-Yavatmal,2021-11-11,20.9,27.4,15.4,0.0,0.0,0.0,59,3.5,0.243,0.285,0.35,20.9,22.2,20.39324,78.13201,ERA5,Asia/Kolkata,Open-Meteo Historical Weather API
MH-Yavatmal,2021-11-12,24.2,31.0,17.6,0.0,0.0,0.0,59,4.3,0.237,0.28,0.346,23.7,22.9,20.39324,78.13201,ERA5,Asia/Kolkata,Open-Meteo Historical Weather API
MH-Yavatmal,2021-11-13,25.9,30.2,23.0,0.2,0.2,2.0,70,2.85,0.233,0.274,0.342,25.7,24.5,20.39324,78.13201,ERA5,Asia/Kolkata,Open-Meteo Historical Weather API
MH-Yavatmal,2021-11-14,25.7,30.2,22.2,0.3,0.3,2.0,72,2.62,0.232,0.268,0.337,25.9,25.0,20.39324,78.13201,ERA5,Asia/Kolkata,Open-Meteo Historical Weather API
MH-Yavatmal,2021-11-15,25.2,29.4,21.9,0.2,0.2,2.0,71,3.11,0.232,0.263,0.333,25.8,25.1,20.39324,78.13201,ERA5,Asia/Kolkata,Open-Meteo Historical Weather API
MH-Yavatmal,2021-11-16,25.6,29.6,21.8,0.0,0.0,0.0,66,3.48,0.227,0.258,0.328,25.9,25.4,20.39324,78.13201,ERA5,Asia/Kolkata,Open-Meteo Historical Weather API
MH-Yavatmal,2021-11-17,25.7,29.9,22.7,2.3,2.3,3.0,71,3.31,0.233,0.255,0.325,26.4,25.8,20.39324,78.13201,ERA5,Asia/Kolkata,Open-Meteo Historical Weather API
MH-Yavatmal,2021-11-18,26.7,31.6,23.3,0.0,0.0,0.0,68,3.99,0.248,0.253,0.323,27.3,26.2,20.39324,78.13201,ERA5,Asia/Kolkata,Open-Meteo Historical Weather API
MH-Yavatmal,2021-11-19,26.2,30.7,22.7,0.0,0.0,0.0,61,3.94,0.239,0.251,0.321,26.8,26.3,20.39324,78.13201,ERA5,Asia/Kolkata,Open-Meteo Historical Weather API
MH-Yavatmal,2021-11-20,25.7,29.9,23.0,5.1,5.1,8.0,72,2.74,0.247,0.25,0.32,26.4,26.0,20.39324,78.13201,ERA5,Asia/Kolkata,Open-Meteo Historical Weather API
MH-Yavatmal,2021-11-21,25.8,30.0,22.8,0.5,0.5,4.0,78,3.05,0.285,0.249,0.317,26.8,26.0,20.39324,78.13201,ERA5,Asia/Kolkata,Open-Meteo Historical Weather API
MH-Yavatmal,2021-11-22,26.3,29.9,23.6,0.1,0.1,1.0,75,2.68,0.274,0.249,0.315,27.2,26.2,20.39324,78.13201,ERA5,Asia/Kolkata,Open-Meteo Historical Weather API
MH-Yavatmal,2021-11-23,26.1,30.3,23.2,0.3,0.3,3.0,75,3.03,0.266,0.248,0.312,27.4,26.4,20.39324,78.13201,ERA5,Asia/Kolkata,Open-Meteo Historical Weather API
MH-Yavatmal,2021-11-24,25.3,30.5,21.7,0.0,0.0,0.0,72,3.3,0.259,0.247,0.311,26.4,26.2,20.39324,78.13201,ERA5,Asia/Kolkata,Open-Meteo Historical Weather API
MH-Yavatmal,2021-11-25,25.4,30.4,21.5,0.0,0.0,0.0,65,3.32,0.251,0.247,0.311,26.3,26.1,20.39324,78.13201,ERA5,Asia/Kolkata,Open-Meteo Historical Weather API
MH-Yavatmal,2021-11-26,24.2,30.2,20.1,0.0,0.0,0.0,64,3.78,0.244,0.248,0.311,25.5,25.9,20.39324,78.13201,ERA5,Asia/Kolkata,Open-Meteo Historical Weather API
MH-Yavatmal,2021-11-27,22.7,29.4,17.9,0.0,0.0,0.0,56,4.19,0.237,0.247,0.31,24.0,25.1,20.39324,78.13201,ERA5,Asia/Kolkata,Open-Meteo Historical Weather API
MH-Yavatmal,2021-11-28,21.4,28.7,16.0,0.0,0.0,0.0,53,4.33,0.23,0.246,0.31,22.8,24.0,20.39324,78.13201,ERA5,Asia/Kolkata,Open-Meteo Historical Weather API
MH-Yavatmal,2021-11-29,21.1,27.7,15.5,0.0,0.0,0.0,55,3.94,0.225,0.245,0.309,22.3,23.1,20.39324,78.13201,ERA5,Asia/Kolkata,Open-Meteo Historical Weather API
MH-Yavatmal,2021-11-30,21.8,27.0,17.9,0.0,0.0,0.0,53,3.41,0.221,0.244,0.309,22.7,23.2,20.39324,78.13201,ERA5,Asia/Kolkata,Open-Meteo Historical Weather API
MH-Yavatmal,2021-12-01,21.7,27.7,17.9,0.0,0.0,0.0,57,3.83,0.226,0.252,0.314,22.8,23.1,20.39324,78.13201,ERA5,Asia/Kolkata,Open-Meteo Historical Weather API
MH-Yavatmal,2021-12-02,21.7,26.7,17.5,0.0,0.0,0.0,60,3.38,0.225,0.254,0.317,22.6,22.9,20.39324,78.13201,ERA5,Asia/Kolkata,Open-Meteo Historical Weather API
MH-Yavatmal,2021-12-03,21.6,26.3,18.6,2.2,2.2,6.0,63,2.51,0.232,0.257,0.319,22.7,23.1,20.39324,78.13201,ERA5,Asia/Kolkata,Open-Meteo Historical Weather API
MH-Yavatmal,2021-12-04,22.0,28.5,16.8,0.0,0.0,0.0,62,3.58,0.245,0.257,0.32,22.5,22.9,20.39324,78.13201,ERA5,Asia/Kolkata,Open-Meteo Historical Weather API
MH-Yavatmal,2021-12-05,22.5,28.7,18.0,0.0,0.0,0.0,63,3.4,0.241,0.259,0.321,22.9,23.2,20.39324,78.13201,ERA5,Asia/Kolkata,Open-Meteo Historical Weather API
MH-Yavatmal,2021-12-06,22.8,29.6,16.5,0.0,0.0,0.0,68,3.62,0.238,0.259,0.322,23.4,23.2,20.39324,78.13201,ERA5,Asia/Kolkata,Open-Meteo Historical Weather API
MH-Yavatmal,2021-12-07,22.7,28.2,19.6,0.0,0.0,0.0,67,3.54,0.232,0.257,0.32,23.6,23.7,20.39324,78.13201,ERA5,Asia/Kolkata,Open-Meteo Historical Weather API
MH-Yavatmal,2021-12-08,22.1,27.8,18.0,0.0,0.0,0.0,66,3.29,0.231,0.259,0.322,22.9,23.5,20.39324,78.13201,ERA5,Asia/Kolkata,Open-Meteo Historical Weather API
MH-Yavatmal,2021-12-09,22.9,29.1,19.3,0.0,0.0,0.0,63,3.35,0.23,0.261,0.323,23.6,23.7,20.39324,78.13201,ERA5,Asia/Kolkata,Open-Meteo Historical Weather API
MH-Yavatmal,2021-12-10,22.1,28.7,17.7,0.0,0.0,0.0,65,3.59,0.232,0.265,0.328,22.9,23.4,20.39324,78.13201,ERA5,Asia/Kolkata,Open-Meteo Historical Weather API
MH-Yavatmal,2021-12-11,21.8,28.5,17.8,0.0,0.0,0.0,65,3.6,0.228,0.264,0.328,22.7,23.3,20.39324,78.13201,ERA5,Asia/Kolkata,Open-Meteo Historical Weather API
MH-Yavatmal,2021-12-12,21.0,27.6,16.5,0.0,0.0,0.0,63,3.55,0.225,0.263,0.327,22.3,23.3,20.39324,78.13201,ERA5,Asia/Kolkata,Open-Meteo Historical Weather API
MH-Yavatmal,2021-12-13,19.7,27.3,14.8,0.0,0.0,0.0,62,3.65,0.209,0.254,0.322,21.3,22.5,20.39324,78.13201,ERA5,Asia/Kolkata,Open-Meteo Historical Weather API
MH-Yavatmal,2021-12-14,20.1,27.0,14.6,0.0,0.0,0.0,62,3.51,0.206,0.251,0.32,21.1,21.9,20.39324,78.13201,ERA5,Asia/Kolkata,Open-Meteo Historical Weather API
MH-Yavatmal,2021-12-15,20.3,26.9,16.0,0.0,0.0,0.0,60,3.47,0.207,0.252,0.322,21.2,22.1,20.39324,78.13201,ERA5,Asia/Kolkata,Open-Meteo Historical Weather API
MH-Yavatmal,2021-12-16,20.1,27.2,14.8,0.0,0.0,0.0,61,3.63,0.207,0.25,0.321,21.1,21.9,20.39324,78.13201,ERA5,Asia/Kolkata,Open-Meteo Historical Weather API
MH-Yavatmal,2021-12-17,20.0,27.0,13.8,0.0,0.0,0.0,62,3.52,0.208,0.25,0.321,21.0,21.8,20.39324,78.13201,ERA5,Asia/Kolkata,Open-Meteo Historical Weather API
MH-Yavatmal,2021-12-18,20.1,26.0,14.5,0.0,0.0,0.0,64,3.42,0.206,0.249,0.32,21.2,21.8,20.39324,78.13201,ERA5,Asia/Kolkata,Open-Meteo Historical Weather API
MH-Yavatmal,2021-12-19,18.5,24.2,14.5,0.0,0.0,0.0,60,3.44,0.205,0.247,0.319,20.5,21.4,20.39324,78.13201,ERA5,Asia/Kolkata,Open-Meteo Historical Weather API
MH-Yavatmal,2021-12-20,16.7,24.1,11.0,0.0,0.0,0.0,49,3.64,0.204,0.247,0.318,18.6,20.3,20.39324,78.13201,ERA5,Asia/Kolkata,Open-Meteo Historical Weather API
MH-Yavatmal,2021-12-21,17.8,25.4,11.7,0.0,0.0,0.0,48,3.29,0.204,0.246,0.318,18.0,19.3,20.39324,78.13201,ERA5,Asia/Kolkata,Open-Meteo Historical Weather API
MH-Yavatmal,2021-12-22,18.5,27.2,12.1,0.0,0.0,0.0,53,3.31,0.205,0.246,0.318,18.5,19.3,20.39324,78.13201,ERA5,Asia/Kolkata,Open-Meteo Historical Weather API
MH-Yavatmal,2021-12-23,19.7,28.0,13.8,0.0,0.0,0.0,55,3.43,0.205,0.246,0.318,19.3,19.7,20.39324,78.13201,ERA5,Asia/Kolkata,Open-Meteo Historical Weather API
MH-Yavatmal,2021-12-24,21.0,29.3,14.1,0.0,0.0,0.0,61,3.55,0.205,0.245,0.318,20.6,20.5,20.39324,78.13201,ERA5,Asia/Kolkata,Open-Meteo Historical Weather API
MH-Yavatmal,2021-12-25,20.7,27.9,15.7,0.0,0.0,0.0,65,3.6,0.204,0.244,0.317,21.5,21.2,20.39324,78.13201,ERA5,Asia/Kolkata,Open-Meteo Historical Weather API
MH-Yavatmal,2021-12-26,20.5,27.7,14.2,0.0,0.0,0.0,64,3.41,0.205,0.244,0.317,20.8,21.3,20.39324,78.13201,ERA5,Asia/Kolkata,Open-Meteo Historical Weather API
MH-Yavatmal,2021-12-27,20.9,27.5,14.6,0.0,0.0,0.0,69,3.13,0.207,0.248,0.32,21.1,21.1,20.39324,78.13201,ERA5,Asia/Kolkata,Open-Meteo Historical Weather API
MH-Yavatmal,2021-12-28,21.0,27.6,17.1,3.8,3.8,8.0,79,2.97,0.216,0.251,0.323,21.9,21.8,20.39324,78.13201,ERA5,Asia/Kolkata,Open-Meteo Historical Weather API
MH-Yavatmal,2021-12-29,18.7,22.2,15.9,4.9,4.9,9.0,85,1.75,0.301,0.252,0.323,20.7,21.4,20.39324,78.13201,ERA5,Asia/Kolkata,Open-Meteo Historical Weather API
MH-Yavatmal,2021-12-30,17.7,21.7,15.0,0.3,0.3,1.0,81,1.91,0.304,0.254,0.322,19.3,20.3,20.39324,78.13201,ERA5,Asia/Kolkata,Open-Meteo Historical Weather API
MH-Yavatmal,2021-12-31,18.5,23.8,15.0,0.0,0.0,0.0,83,2.51,0.297,0.258,0.324,19.7,19.9,20.39324,78.13201,ERA5,Asia/Kolkata,Open-Meteo Historical Weather API
MH-Yavatmal,2022-01-01,19.6,26.0,15.1,0.0,0.0,0.0,75,3.07,0.286,0.259,0.324,20.5,20.3,20.39324,78.13201,ERA5,Asia/Kolkata,Open-Meteo Historical Weather API
MH-Yavatmal,2022-01-02,20.3,27.0,15.7,0.0,0.0,0.0,73,3.21,0.274,0.256,0.322,21.2,20.8,20.39324,78.13201,ERA5,Asia/Kolkata,Open-Meteo Historical Weather API
MH-Yavatmal,2022-01-03,20.2,26.5,15.4,0.0,0.0,0.0,71,3.35,0.263,0.253,0.319,21.3,21.0,20.39324,78.13201,ERA5,Asia/Kolkata,Open-Meteo Historical Weather API
MH-Yavatmal,2022-01-04,20.4,27.4,14.6,0.0,0.0,0.0,70,3.43,0.254,0.251,0.317,21.2,20.9,20.39324,78.13201,ERA5,Asia/Kolkata,Open-Meteo Historical Weather API
MH-Yavatmal,2022-01-05,20.6,27.6,14.5,0.0,0.0,0.0,65,3.51,0.245,0.248,0.315,21.3,21.0,20.39324,78.13201,ERA5,Asia/Kolkata,Open-Meteo Historical Weather API
MH-Yavatmal,2022-01-06,21.8,28.8,15.6,0.0,0.0,0.0,65,3.53,0.238,0.247,0.314,22.0,21.5,20.39324,78.13201,ERA5,Asia/Kolkata,Open-Meteo Historical Weather API
MH-Yavatmal,2022-01-07,21.9,28.2,17.3,0.0,0.0,0.0,61,4.03,0.232,0.246,0.313,22.3,22.1,20.39324,78.13201,ERA5,Asia/Kolkata,Open-Meteo Historical Weather API
MH-Yavatmal,2022-01-08,21.9,27.0,17.8,0.1,0.1,1.0,70,2.94,0.228,0.246,0.314,22.3,22.0,20.39324,78.13201,ERA5,Asia/Kolkata,Open-Meteo Historical Weather API
MH-Yavatmal,2022-01-09,20.5,25.1,17.4,9.0,9.0,17.0,87,1.93,0.271,0.247,0.314,22.0,22.1,20.39324,78.13201,ERA5,Asia/Kolkata,Open-Meteo Historical Weather API
MH-Yavatmal,2022-01-10,19.5,22.7,16.4,0.1,0.1,1.0,86,1.72,0.331,0.253,0.315,20.9,21.2,20.39324,78.13201,ERA5,Asia/Kolkata,Open-Meteo Historical Weather API
MH-Yavatmal,2022-01-11,19.6,21.8,17.5,1.4,1.4,10.0,86,1.53,0.325,0.258,0.316,20.8,20.8,20.39324,78.13201,ERA5,Asia/Kolkata,Open-Meteo Historical Weather API
MH-Yavatmal,2022-01-12,19.0,22.6,16.7,1.0,1.0,6.0,81,2.14,0.327,0.263,0.317,20.4,20.7,20.39324,78.13201,ERA5,Asia/Kolkata,Open-Meteo Historical Weather API
MH-Yavatmal,2022-01-13,19.3,23.6,16.3,0.1,0.1,1.0,75,2.39,0.317,0.266,0.318,20.2,20.4,20.39324,78.13201,ERA5,Asia/Kolkata,Open-Meteo Historical Weather API
MH-Yavatmal,2022-01-14,18.7,21.2,16.9,1.9,1.9,16.0,86,1.58,0.316,0.268,0.318,20.0,20.4,20.39324,78.13201,ERA5,Asia/Kolkata,Open-Meteo Historical Weather API
MH-Yavatmal,2022-01-15,18.5,22.9,15.5,0.3,0.3,3.0,82,2.15,0.313,0.27,0.319,19.6,20.2,20.39324,78.13201,ERA5,Asia/Kolkata,Open-Meteo Historical Weather API
MH-Yavatmal,2022-01-16,18.3,23.9,14.7,0.0,0.0,0.0,79,2.66,0.305,0.275,0.322,19.6,20.1,20.39324,78.13201,ERA5,Asia/Kolkata,Open-Meteo Historical Weather API
MH-Yavatmal,2022-01-17,19.3,26.0,14.2,0.0,0.0,0.0,72,3.32,0.295,0.276,0.322,20.3,20.0,20.39324,78.13201,ERA5,Asia/Kolkata,Open-Meteo Historical Weather API
MH-Yavatmal,2022-01-18,20.2,26.9,15.0,0.0,0.0,0.0,69,3.48,0.282,0.271,0.319,20.8,20.3,20.39324,78.13201,ERA5,Asia/Kolkata,Open-Meteo Historical Weather API
MH-Yavatmal,2022-01-19,19.7,26.5,14.2,0.0,0.0,0.0,63,3.65,0.266,0.264,0.314,20.6,20.5,20.39324,78.13201,ERA5,Asia/Kolkata,Open-Meteo Historical Weather API
MH-Yavatmal,2022-01-20,20.3,28.6,13.6,0.0,0.0,0.0,61,3.84,0.253,0.255,0.309,20.4,20.3,20.39324,78.13201,ERA5,Asia/Kolkata,Open-Meteo Historical Weather API
MH-Yavatmal,2022-01-21,21.4,28.0,17.2,0.0,0.0,0.0,54,4.49,0.241,0.25,0.305,21.3,20.9,20.39324,78.13201,ERA5,Asia/Kolkata,Open-Meteo Historical Weather API
MH-Yavatmal,2022-01-22,21.5,29.1,15.9,0.0,0.0,0.0,58,4.11,0.232,0.247,0.303,21.3,20.9,20.39324,78.13201,ERA5,Asia/Kolkata,Open-Meteo Historical Weather API
MH-Yavatmal,2022-01-23,21.0,25.3,17.7,0.0,0.0,0.0,58,4.24,0.225,0.244,0.301,22.0,21.7,20.39324,78.13201,ERA5,Asia/Kolkata,Open-Meteo Historical Weather API
MH-Yavatmal,2022-01-24,18.1,23.0,14.0,0.0,0.0,0.0,55,3.95,0.22,0.243,0.301,20.3,20.7,20.39324,78.13201,ERA5,Asia/Kolkata,Open-Meteo Historical Weather API
MH-Yavatmal,2022-01-25,17.2,23.2,12.2,0.0,0.0,0.0,57,3.78,0.217,0.243,0.301,19.2,19.7,20.39324,78.13201,ERA5,Asia/Kolkata,Open-Meteo Historical Weather API
MH-Yavatmal,2022-01-26,17.0,23.4,12.2,0.0,0.0,0.0,57,3.84,0.212,0.241,0.299,18.8,19.2,20.39324,78.13201,ERA5,Asia/Kolkata,Open-Meteo Historical Weather API
MH-Yavatmal,2022-01-27,16.8,23.6,10.7,0.0,0.0,0.0,55,3.98,0.21,0.24,0.299,18.5,18.8,20.39324,78.13201,ERA5,Asia/Kolkata,Open-Meteo Historical Weather API
MH-Yavatmal,2022-01-28,16.4,23.3,10.9,0.0,0.0,0.0,55,3.88,0.207,0.239,0.298,18.3,18.7,20.39324,78.13201,ERA5,Asia/Kolkata,Open-Meteo Historical Weather API
MH-Yavatmal,2022-01-29,17.5,25.9,9.7,0.0,0.0,0.0,53,3.91,0.203,0.236,0.296,18.0,18.6,20.39324,78.13201,ERA5,Asia/Kolkata,Open-Meteo Historical Weather API
MH-Yavatmal,2022-01-30,19.3,27.7,11.0,0.0,0.0,0.0,51,4.01,0.2,0.234,0.294,18.8,19.0,20.39324,78.13201,ERA5,Asia/Kolkata,Open-Meteo Historical Weather API
MH-Yavatmal,2022-01-31,20.7,29.8,12.5,0.0,0.0,0.0,51,4.38,0.2,0.233,0.293,20.2,19.6,20.39324,78.13201,ERA5,Asia/Kolkata,Open-Meteo Historical Weather API
MH-Yavatmal,2022-02-01,21.0,29.6,12.8,0.0,0.0,0.0,50,4.41,0.197,0.228,0.291,20.9,20.3,20.39324,78.13201,ERA5,Asia/Kolkata,Open-Meteo Historical Weather API
MH-Yavatmal,2022-02-02,21.5,30.1,14.5,0.0,0.0,0.0,53,4.27,0.196,0.227,0.29,21.5,20.8,20.39324,78.13201,ERA5,Asia/Kolkata,Open-Meteo Historical Weather API
MH-Yavatmal,2022-02-03,22.8,30.6,16.2,0.0,0.0,0.0,52,4.9,0.197,0.229,0.292,22.2,21.4,20.39324,78.13201,ERA5,Asia/Kolkata,Open-Meteo Historical Weather API
MH-Yavatmal,2022-02-04,20.3,25.4,15.1,0.0,0.0,0.0,47,4.86,0.199,0.23,0.293,21.9,21.8,20.39324,78.13201,ERA5,Asia/Kolkata,Open-Meteo Historical Weather API
MH-Yavatmal,2022-02-05,18.6,27.0,11.4,0.0,0.0,0.0,46,4.33,0.199,0.232,0.296,20.1,20.6,20.39324,78.13201,ERA5,Asia/Kolkata,Open-Meteo Historical Weather API
MH-Yavatmal,2022-02-06,19.4,27.8,11.5,0.0,0.0,0.0,48,4.35,0.201,0.235,0.299,20.1,20.2,20.39324,78.13201,ERA5,Asia/Kolkata,Open-Meteo Historical Weather API
MH-Yavatmal,2022-02-07,21.2,29.7,12.5,0.0,0.0,0.0,52,4.34,0.202,0.236,0.3,21.3,20.7,20.39324,78.13201,ERA5,Asia/Kolkata,Open-Meteo Historical Weather API
MH-Yavatmal,2022-02-08,23.3,29.9,17.2,0.0,0.0,0.0,53,4.45,0.199,0.233,0.299,23.2,22.0,20.39324,78.13201,ERA5,Asia/Kolkata,Open-Meteo Historical Weather API
MH-Yavatmal,2022-02-09,24.5,30.0,19.5,0.0,0.0,0.0,58,4.62,0.198,0.231,0.298,24.8,23.5,20.39324,78.13201,ERA5,Asia/Kolkata,Open-Meteo Historical Weather API
MH-Yavatmal,2022-02-10,22.7,27.7,19.1,0.0,0.0,0.0,56,4.48,0.199,0.232,0.299,24.1,23.6,20.39324,78.13201,ERA5,Asia/Kolkata,Open-Meteo Historical Weather API
MH-Yavatmal,2022-02-11,20.1,25.8,15.3,0.0,0.0,0.0,53,4.54,0.202,0.234,0.302,22.2,22.6,20.39324,78.13201,ERA5,Asia/Kolkata,Open-Meteo Historical Weather API
MH-Yavatmal,2022-02-12,19.8,27.7,12.6,0.0,0.0,0.0,53,4.47,0.202,0.236,0.303,21.4,21.6,20.39324,78.13201,ERA5,Asia/Kolkata,Open-Meteo Historical Weather API
MH-Yavatmal,2022-02-13,21.0,28.6,13.4,0.0,0.0,0.0,51,4.55,0.203,0.236,0.304,21.8,21.5,20.39324,78.13201,ERA5,Asia/Kolkata,Open-Meteo Historical Weather API
MH-Yavatmal,2022-02-14,22.2,29.8,15.7,0.0,0.0,0.0,50,4.75,0.204,0.239,0.306,22.8,22.1,20.39324,78.13201,ERA5,Asia/Kolkata,Open-Meteo Historical Weather API
MH-Yavatmal,2022-02-15,23.7,29.9,17.7,0.0,0.0,0.0,51,4.52,0.201,0.237,0.305,24.1,22.9,20.39324,78.13201,ERA5,Asia/Kolkata,Open-Meteo Historical Weather API
MH-Yavatmal,2022-02-16,23.4,28.9,18.3,0.4,0.4,4.0,62,3.68,0.199,0.233,0.302,24.4,23.6,20.39324,78.13201,ERA5,Asia/Kolkata,Open-Meteo Historical Weather API
MH-Yavatmal,2022-02-17,22.6,26.9,19.4,0.6,0.6,6.0,72,3.57,0.207,0.234,0.302,24.0,23.6,20.39324,78.13201,ERA5,Asia/Kolkata,Open-Meteo Historical Weather API
MH-Yavatmal,2022-02-18,23.3,28.6,19.2,0.0,0.0,0.0,66,3.65,0.211,0.238,0.305,24.2,23.7,20.39324,78.13201,ERA5,Asia/Kolkata,Open-Meteo Historical Weather API
MH-Yavatmal,2022-02-19,24.3,30.2,19.8,0.0,0.0,0.0,62,4.01,0.21,0.239,0.306,25.2,24.1,20.39324,78.13201,ERA5,Asia/Kolkata,Open-Meteo Historical Weather API
MH-Yavatmal,2022-02-20,24.8,31.2,20.1,0.0,0.0,0.0,55,5.2,0.208,0.238,0.306,25.4,24.6,20.39324,78.13201,ERA5,Asia/Kolkata,Open-Meteo Historical Weather API
MH-Yavatmal,2022-02-21,23.1,31.7,15.7,0.0,0.0,0.0,46,5.23,0.205,0.237,0.305,24.1,24.1,20.39324,78.13201,ERA5,Asia/Kolkata,Open-Meteo Historical Weather API
MH-Yavatmal,2022-02-22,23.9,32.8,16.7,0.0,0.0,0.0,45,5.3,0.202,0.237,0.306,24.1,23.6,20.39324,78.13201,ERA5,Asia/Kolkata,Open-Meteo Historical Weather API
MH-Yavatmal,2022-02-23,25.2,33.9,16.9,0.0,0.0,0.0,48,5.52,0.2,0.236,0.306,25.3,24.0,20.39324,78.13201,ERA5,Asia/Kolkata,Open-Meteo Historical Weather API
MH-Yavatmal,2022-02-24,26.6,33.3,20.7,0.0,0.0,0.0,51,5.48,0.198,0.234,0.304,26.7,25.1,20.39324,78.13201,ERA5,Asia/Kolkata,Open-Meteo Historical Weather API
MH-Yavatmal,2022-02-25,25.6,31.9,20.2,0.0,0.0,0.0,49,5.09,0.197,0.234,0.304,26.4,25.4,20.39324,78.13201,ERA5,Asia/Kolkata,Open-Meteo Historical Weather API
MH-Yavatmal,2022-02-26,25.6,33.0,19.3,0.0,0.0,0.0,50,4.68,0.196,0.234,0.305,26.0,25.2,20.39324,78.13201,ERA5,Asia/Kolkata,Open-Meteo Historical Weather API
MH-Yavatmal,2022-02-27,25.8,32.8,19.9,0.0,0.0,0.0,49,5.16,0.196,0.233,0.304,26.4,25.4,20.39324,78.13201,ERA5,Asia/Kolkata,Open-Meteo Historical Weather API
MH-Yavatmal,2022-02-28,26.2,33.1,20.5,0.0,0.0,0.0,46,5.0,0.199,0.234,0.304,26.9,25.7,20.39324,78.13201,ERA5,Asia/Kolkata,Open-Meteo Historical Weather API
MH-Yavatmal,2022-03-01,26.3,33.4,19.8,0.0,0.0,0.0,45,4.92,0.197,0.233,0.304,27.0,25.8,20.39324,78.13201,ERA5,Asia/Kolkata,Open-Meteo Historical Weather API
MH-Yavatmal,2022-03-02,26.7,33.9,19.4,0.0,0.0,0.0,45,5.33,0.195,0.23,0.301,27.5,26.1,20.39324,78.13201,ERA5,Asia/Kolkata,Open-Meteo Historical Weather API
MH-Yavatmal,2022-03-03,27.0,33.3,21.8,0.0,0.0,0.0,46,5.14,0.194,0.228,0.3,27.8,26.6,20.39324,78.13201,ERA5,Asia/Kolkata,Open-Meteo Historical Weather API
MH-Yavatmal,2022-03-04,26.8,33.3,20.6,0.0,0.0,0.0,51,4.54,0.193,0.228,0.299,27.9,26.7,20.39324,78.13201,ERA5,Asia/Kolkata,Open-Meteo Historical Weather API
MH-Yavatmal,2022-03-05,27.0,32.6,21.5,0.0,0.0,0.0,51,4.56,0.191,0.227,0.299,28.2,26.8,20.39324,78.13201,ERA5,Asia/Kolkata,Open-Meteo Historical Weather API
MH-Yavatmal,2022-03-06,27.3,33.3,21.5,0.0,0.0,0.0,46,5.42,0.191,0.227,0.298,28.2,27.0,20.39324,78.13201,ERA5,Asia/Kolkata,Open-Meteo Historical Weather API
MH-Yavatmal,2022-03-07,27.3,34.4,21.8,0.0,0.0,0.0,45,5.62,0.192,0.227,0.298,28.0,26.9,20.39324,78.13201,ERA5,Asia/Kolkata,Open-Meteo Historical Weather API
MH-Yavatmal,2022-03-08,26.7,33.3,20.5,0.0,0.0,0.0,46,5.46,0.196,0.229,0.3,28.0,27.0,20.39324,78.13201,ERA5,Asia/Kolkata,Open-Meteo Historical Weather API
MH-Yavatmal,2022-03-09,26.3,32.4,21.4,0.0,0.0,0.0,45,5.6,0.197,0.229,0.3,27.7,27.2,20.39324,78.13201,ERA5,Asia/Kolkata,Open-Meteo Historical Weather API
MH-Yavatmal,2022-03-10,26.7,33.7,20.5,0.0,0.0,0.0,47,5.31,0.198,0.23,0.3,27.8,27.1,20.39324,78.13201,ERA5,Asia/Kolkata,Open-Meteo Historical Weather API
MH-Yavatmal,2022-03-11,27.4,34.6,21.9,0.1,0.1,1.0,44,5.6,0.197,0.23,0.298,28.3,27.3,20.39324,78.13201,ERA5,Asia/Kolkata,Open-Meteo Historical Weather API
MH-Yavatmal,2022-03-12,27.2,34.5,20.9,0.0,0.0,0.0,42,5.95,0.196,0.229,0.297,28.3,27.4,20.39324,78.13201,ERA5,Asia/Kolkata,Open-Meteo Historical Weather API
MH-Yavatmal,2022-03-13,27.4,35.2,20.3,0.0,0.0,0.0,37,6.34,0.195,0.228,0.296,28.3,27.4,20.39324,78.13201,ERA5,Asia/Kolkata,Open-Meteo Historical Weather API
MH-Yavatmal,2022-03-14,27.3,36.0,18.0,0.0,0.0,0.0,37,6.11,0.194,0.226,0.295,28.1,27.2,20.39324,78.13201,ERA5,Asia/Kolkata,Open-Meteo Historical Weather API
MH-Yavatmal,2022-03-15,29.2,38.0,20.4,0.0,0.0,0.0,38,6.91,0.19,0.222,0.29,29.3,27.7,20.39324,78.13201,ERA5,Asia/Kolkata,Open-Meteo Historical Weather API
MH-Yavatmal,2022-03-16,30.3,39.4,22.1,0.0,0.0,0.0,34,7.42,0.187,0.218,0.287,30.3,28.6,20.39324,78.13201,ERA5,Asia/Kolkata,Open-Meteo Historical Weather API
MH-Yavatmal,2022-03-17,30.2,39.9,20.2,0.0,0.0,0.0,32,7.44,0.186,0.217,0.285,30.4,28.9,20.39324,78.13201,ERA5,Asia/Kolkata,Open-Meteo Historical Weather API
MH-Yavatmal,2022-03-18,30.9,39.1,22.6,0.0,0.0,0.0,34,7.18,0.186,0.215,0.282,31.1,29.4,20.39324,78.13201,ERA5,Asia/Kolkata,Open-Meteo Historical Weather API
MH-Yavatmal,2022-03-19,30.7,38.0,24.3,0.0,0.0,0.0,41,6.4,0.188,0.217,0.281,31.4,29.9,20.39324,78.13201,ERA5,Asia/Kolkata,Open-Meteo Historical Weather API
MH-Yavatmal,2022-03-20,30.8,38.6,25.8,0.0,0.0,0.0,41,6.2,0.192,0.221,0.284,30.8,29.8,20.39324,78.13201,ERA5,Asia/Kolkata,Open-Meteo Historical Weather API
MH-Yavatmal,2022-03-21,30.2,38.1,23.1,0.0,0.0,0.0,39,5.83,0.196,0.225,0.289,30.4,29.5,20.39324,78.13201,ERA5,Asia/Kolkata,Open-Meteo Historical Weather API
MH-Yavatmal,2022-03-22,30.1,39.1,22.2,0.0,0.0,0.0,37,6.39,0.199,0.231,0.294,30.5,29.5,20.39324,78.13201,ERA5,Asia/Kolkata,Open-Meteo Historical Weather API
MH-Yavatmal,2022-03-23,30.9,39.0,22.8,0.0,0.0,0.0,34,7.03,0.195,0.229,0.292,30.9,29.6,20.39324,78.13201,ERA5,Asia/Kolkata,Open-Meteo Historical Weather API
MH-Yavatmal,2022-03-24,31.9,39.1,25.9,0.0,0.0,0.0,37,6.38,0.195,0.231,0.293,32.0,30.2,20.39324,78.13201,ERA5,Asia/Kolkata,Open-Meteo Historical Weather API
MH-Yavatmal,2022-03-25,31.2,38.5,24.6,0.0,0.0,0.0,43,6.41,0.198,0.236,0.298,31.8,30.4,20.39324,78.13201,ERA5,Asia/Kolkata,Open-Meteo Historical Weather API
MH-Yavatmal,2022-03-26,31.4,38.7,25.3,0.0,0.0,0.0,37,6.64,0.195,0.233,0.296,32.3,30.7,20.39324,78.13201,ERA5,Asia/Kolkata,Open-Meteo Historical Weather API
MH-Yavatmal,2022-03-27,31.1,39.3,22.8,0.0,0.0,0.0,34,7.3,0.195,0.231,0.295,31.7,30.6,20.39324,78.13201,ERA5,Asia/Kolkata,Open-Meteo Historical Weather API
MH-Yavatmal,2022-03-28,30.9,39.7,22.8,0.0,0.0,0.0,31,6.88,0.192,0.229,0.293,31.3,30.2,20.39324,78.13201,ERA5,Asia/Kolkata,Open-Meteo Historical Weather API
MH-Yavatmal,2022-03-29,31.5,40.1,24.3,0.0,0.0,0.0,28,8.09,0.188,0.224,0.288,31.9,30.4,20.39324,78.13201,ERA5,Asia/Kolkata,Open-Meteo Historical Weather API
MH-Yavatmal,2022-03-30,32.1,40.3,25.9,0.0,0.0,0.0,27,8.33,0.186,0.22,0.284,32.6,30.7,20.39324,78.13201,ERA5,Asia/Kolkata,Open-Meteo Historical Weather API
MH-Yavatmal,2022-03-31,32.1,40.6,24.3,0.0,0.0,0.0,27,8.09,0.184,0.218,0.28,32.9,31.0,20.39324,78.13201,ERA5,Asia/Kolkata,Open-Meteo Historical Weather API
MH-Yavatmal,2022-04-01,32.1,40.6,22.1,0.0,0.0,0.0,29,7.25,0.186,0.219,0.279,32.6,31.1,20.39324,78.13201,ERA5,Asia/Kolkata,Open-Meteo Historical Weather API
MH-Yavatmal,2022-04-02,31.8,40.2,22.5,0.0,0.0,0.0,34,6.81,0.189,0.219,0.279,32.8,31.3,20.39324,78.13201,ERA5,Asia/Kolkata,Open-Meteo Historical Weather API
MH-Yavatmal,2022-04-03,32.4,40.2,24.4,0.0,0.0,0.0,35,6.61,0.192,0.22,0.28,33.0,31.5,20.39324,78.13201,ERA5,Asia/Kolkata,Open-Meteo Historical Weather API
MH-Yavatmal,2022-04-04,32.6,40.7,24.4,0.0,0.0,0.0,33,7.01,0.191,0.22,0.279,33.2,31.7,20.39324,78.13201,ERA5,Asia/Kolkata,Open-Meteo Historical Weather API
MH-Yavatmal,2022-04-05,32.5,40.6,25.4,0.0,0.0,0.0,41,6.79,0.193,0.221,0.279,33.3,31.9,20.39324,78.13201,ERA5,Asia/Kolkata,Open-Meteo Historical Weather API
MH-Yavatmal,2022-04-06,33.0,40.8,25.9,0.0,0.0,0.0,41,6.59,0.195,0.222,0.279,33.7,32.2,20.39324,78.13201,ERA5,Asia/Kolkata,Open-Meteo Historical Weather API
MH-Yavatmal,2022-04-07,33.2,39.8,25.9,0.0,0.0,0.0,40,6.86,0.191,0.218,0.275,34.0,32.4,20.39324,78.13201,ERA5,Asia/Kolkata,Open-Meteo Historical Weather API
MH-Yavatmal,2022-04-08,33.2,39.1,27.8,0.0,0.0,0.0,41,6.5,0.188,0.218,0.275,34.3,32.8,20.39324,78.13201,ERA5,Asia/Kolkata,Open-Meteo Historical Weather API
MH-Yavatmal,2022-04-09,33.3,39.9,27.0,0.0,0.0,0.0,40,6.84,0.187,0.219,0.275,34.4,32.9,20.39324,78.13201,ERA5,Asia/Kolkata,Open-Meteo Historical Weather API
MH-Yavatmal,2022-04-10,33.6,40.3,27.2,0.0,0.0,0.0,38,7.02,0.187,0.219,0.273,34.8,33.2,20.39324,78.13201,ERA5,Asia/Kolkata,Open-Meteo Historical Weather API
MH-Yavatmal,2022-04-11,33.8,41.1,27.0,0.0,0.0,0.0,35,7.05,0.186,0.219,0.272,35.0,33.4,20.39324,78.13201,ERA5,Asia/Kolkata,Open-Meteo Historical Weather API
MH-Yavatmal,2022-04-12,33.5,41.0,26.8,0.0,0.0,0.0,37,6.07,0.186,0.218,0.271,34.9,33.5,20.39324,78.13201,ERA5,Asia/Kolkata,Open-Meteo Historical Weather API
MH-Yavatmal,2022-04-13,33.4,39.9,27.5,0.5,0.5,1.0,40,6.12,0.191,0.218,0.271,34.5,33.5,20.39324,78.13201,ERA5,Asia/Kolkata,Open-Meteo Historical Weather API
MH-Yavatmal,2022-04-14,33.4,39.5,28.0,0.3,0.3,1.0,37,6.44,0.194,0.219,0.273,34.5,33.5,20.39324,78.13201,ERA5,Asia/Kolkata,Open-Meteo Historical Weather API
MH-Yavatmal,2022-04-15,33.2,40.4,27.1,0.0,0.0,0.0,29,7.59,0.191,0.218,0.271,34.3,33.3,20.39324,78.13201,ERA5,Asia/Kolkata,Open-Meteo Historical Weather API
MH-Yavatmal,2022-04-16,32.9,40.9,26.4,0.0,0.0,0.0,25,8.63,0.185,0.214,0.267,34.2,33.1,20.39324,78.13201,ERA5,Asia/Kolkata,Open-Meteo Historical Weather API
MH-Yavatmal,2022-04-17,33.1,40.9,24.7,0.0,0.0,0.0,26,7.63,0.183,0.212,0.264,34.4,33.1,20.39324,78.13201,ERA5,Asia/Kolkata,Open-Meteo Historical Weather API
MH-Yavatmal,2022-04-18,33.9,41.8,27.5,0.0,0.0,0.0,30,8.28,0.184,0.212,0.262,35.0,33.5,20.39324,78.13201,ERA5,Asia/Kolkata,Open-Meteo Historical Weather API
MH-Yavatmal,2022-04-19,34.6,42.1,27.9,0.0,0.0,0.0,28,7.43,0.184,0.212,0.262,35.4,33.7,20.39324,78.13201,ERA5,Asia/Kolkata,Open-Meteo Historical Weather API
MH-Yavatmal,2022-04-20,34.6,42.6,27.1,0.0,0.0,0.0,29,7.41,0.184,0.212,0.261,35.7,33.9,20.39324,78.13201,ERA5,Asia/Kolkata,Open-Meteo Historical Weather API
MH-Yavatmal,2022-04-21,34.6,40.9,29.3,0.0,0.0,0.0,29,7.64,0.183,0.213,0.262,36.2,34.5,20.39324,78.13201,ERA5,Asia/Kolkata,Open-Meteo Historical Weather API
MH-Yavatmal,2022-04-22,32.6,38.5,26.7,0.2,0.2,1.0,36,7.12,0.188,0.218,0.268,34.9,34.4,20.39324,78.13201,ERA5,Asia/Kolkata,Open-Meteo Historical Weather API
MH-Yavatmal,2022-04-23,33.1,38.9,27.3,0.1,0.1,1.0,42,6.84,0.19,0.218,0.267,35.0,34.1,20.39324,78.13201,ERA5,Asia/Kolkata,Open-Meteo Historical Weather API
MH-Yavatmal,2022-04-24,33.3,40.0,27.4,0.0,0.0,0.0,38,6.91,0.196,0.215,0.265,35.2,34.0,20.39324,78.13201,ERA5,Asia/Kolkata,Open-Meteo Historical Weather API
MH-Yavatmal,2022-04-25,34.3,42.2,26.0,0.0,0.0,0.0,27,8.03,0.191,0.213,0.263,35.3,34.1,20.39324,78.13201,ERA5,Asia/Kolkata,Open-Meteo Historical Weather API
MH-Yavatmal,2022-04-26,34.4,42.1,26.5,0.0,0.0,0.0,27,8.37,0.188,0.211,0.261,35.5,34.2,20.39324,78.13201,ERA5,Asia/Kolkata,Open-Meteo Historical Weather API
MH-Yavatmal,2022-04-27,35.1,42.7,26.7,0.0,0.0,0.0,26,7.62,0.185,0.209,0.258,36.1,34.6,20.39324,78.13201,ERA5,Asia/Kolkata,Open-Meteo Historical Weather API
MH-Yavatmal,2022-04-28,35.3,43.2,27.8,0.0,0.0,0.0,25,7.82,0.185,0.208,0.256,36.1,34.8,20.39324,78.13201,ERA5,Asia/Kolkata,Open-Meteo Historical Weather API
MH-Yavatmal,2022-04-29,36.2,43.9,29.2,0.0,0.0,0.0,25,10.12,0.18,0.205,0.252,37.0,35.4,20.39324,78.13201,ERA5,Asia/Kolkata,Open-Meteo Historical Weather API
MH-Yavatmal,2022-04-30,35.8,42.9,28.1,0.0,0.0,0.0,24,8.81,0.177,0.204,0.249,37.4,35.8,20.39324,78.13201,ERA5,Asia/Kolkata,Open-Meteo Historical Weather API
MH-Yavatmal,2022-05-01,35.4,42.0,29.4,0.0,0.0,0.0,27,9.27,0.176,0.202,0.246,36.9,35.6,20.39324,78.13201,ERA5,Asia/Kolkata,Open-Meteo Historical Weather API
MH-Yavatmal,2022-05-02,35.6,41.6,31.1,0.0,0.0,0.0,30,8.52,0.173,0.2,0.242,37.4,35.8,20.39324,78.13201,ERA5,Asia/Kolkata,Open-Meteo Historical Weather API
MH-Yavatmal,2022-05-03,35.4,42.5,28.2,0.2,0.2,2.0,32,7.58,0.177,0.201,0.243,37.2,35.8,20.39324,78.13201,ERA5,Asia/Kolkata,Open-Meteo Historical Weather API
MH-Yavatmal,2022-05-04,33.9,40.5,27.9,0.0,0.0,0.0,35,7.05,0.188,0.207,0.25,36.3,35.7,20.39324,78.13201,ERA5,Asia/Kolkata,Open-Meteo Historical Weather API
MH-Yavatmal,2022-05-05,34.9,41.6,28.2,0.0,0.0,0.0,30,8.66,0.188,0.208,0.251,36.5,35.4,20.39324,78.13201,ERA5,Asia/Kolkata,Open-Meteo Historical Weather API
MH-Yavatmal,2022-05-06,35.1,42.3,28.6,0.0,0.0,0.0,27,8.32,0.183,0.206,0.248,36.7,35.4,20.39324,78.13201,ERA5,Asia/Kolkata,Open-Meteo Historical Weather API
MH-Yavatmal,2022-05-07,34.7,41.3,29.8,0.0,0.0,0.0,30,7.4,0.179,0.205,0.245,36.5,35.4,20.39324,78.13201,ERA5,Asia/Kolkata,Open-Meteo Historical Weather API
MH-Yavatmal,2022-05-08,35.9,41.7,29.2,0.0,0.0,0.0,30,6.74,0.18,0.205,0.244,36.5,35.2,20.39324,78.13201,ERA5,Asia/Kolkata,Open-Meteo Historical Weather API
MH-Yavatmal,2022-05-09,35.6,42.0,28.8,0.0,0.0,0.0,28,7.68,0.18,0.205,0.244,36.8,35.4,20.39324,78.13201,ERA5,Asia/Kolkata,Open-Meteo Historical Weather API
MH-Yavatmal,2022-05-10,36.1,41.6,29.9,0.0,0.0,0.0,26,9.07,0.174,0.202,0.241,37.5,35.6,20.39324,78.13201,ERA5,Asia/Kolkata,Open-Meteo Historical Weather API
MH-Yavatmal,2022-05-11,35.8,40.4,31.0,0.0,0.0,0.0,35,8.03,0.168,0.199,0.237,37.5,36.0,20.39324,78.13201,ERA5,Asia/Kolkata,Open-Meteo Historical Weather API
MH-Yavatmal,2022-05-12,35.3,41.7,30.4,0.0,0.0,0.0,42,6.78,0.167,0.196,0.234,37.8,36.2,20.39324,78.13201,ERA5,Asia/Kolkata,Open-Meteo Historical Weather API
MH-Yavatmal,2022-05-13,35.8,41.4,30.4,0.0,0.0,0.0,37,7.02,0.172,0.198,0.236,37.6,36.4,20.39324,78.13201,ERA5,Asia/Kolkata,Open-Meteo Historical Weather API
MH-Yavatmal,2022-05-14,36.1,42.5,30.0,0.0,0.0,0.0,32,7.81,0.176,0.201,0.239,37.8,36.4,20.39324,78.13201,ERA5,Asia/Kolkata,Open-Meteo Historical Weather API
MH-Yavatmal,2022-05-15,36.2,42.3,30.3,0.0,0.0,0.0,34,7.63,0.177,0.202,0.239,38.1,36.7,20.39324,78.13201,ERA5,Asia/Kolkata,Open-Meteo Historical Weather API
MH-Yavatmal,2022-05-16,33.8,38.5,30.4,0.0,0.0,0.0,37,4.61,0.179,0.205,0.243,35.5,36.3,20.39324,78.13201,ERA5,Asia/Kolkata,Open-Meteo Historical Weather API
MH-Yavatmal,2022-05-17,35.3,42.0,27.5,0.0,0.0,0.0,32,7.61,0.179,0.205,0.243,37.0,35.6,20.39324,78.13201,ERA5,Asia/Kolkata,Open-Meteo Historical Weather API
MH-Yavatmal,2022-05-18,35.6,41.5,30.3,0.0,0.0,0.0,35,6.99,0.179,0.201,0.24,37.4,36.2,20.39324,78.13201,ERA5,Asia/Kolkata,Open-Meteo Historical Weather API
MH-Yavatmal,2022-05-19,33.9,38.4,28.6,0.1,0.1,1.0,45,6.82,0.181,0.202,0.241,36.9,36.3,20.39324,78.13201,ERA5,Asia/Kolkata,Open-Meteo Historical Weather API
MH-Yavatmal,2022-05-20,34.9,41.0,30.2,1.3,1.3,1.0,45,6.99,0.184,0.202,0.242,37.9,36.6,20.39324,78.13201,ERA5,Asia/Kolkata,Open-Meteo Historical Weather API
MH-Yavatmal,2022-05-21,35.0,40.3,30.9,0.0,0.0,0.0,36,9.21,0.187,0.205,0.244,37.0,36.4,20.39324,78.13201,ERA5,Asia/Kolkata,Open-Meteo Historical Weather API
MH-Yavatmal,2022-05-22,34.0,39.2,29.0,0.0,0.0,0.0,35,9.83,0.183,0.204,0.243,36.4,35.7,20.39324,78.13201,ERA5,Asia/Kolkata,Open-Meteo Historical Weather API
MH-Yavatmal,2022-05-23,33.7,39.1,29.0,0.0,0.0,0.0,39,8.95,0.182,0.204,0.242,36.3,35.3,20.39324,78.13201,ERA5,Asia/Kolkata,Open-Meteo Historical Weather API
MH-Yavatmal,2022-05-24,33.5,39.2,29.1,0.0,0.0,0.0,40,8.45,0.182,0.205,0.243,36.1,35.3,20.39324,78.13201,ERA5,Asia/Kolkata,Open-Meteo Historical Weather API
MH-Yavatmal,2022-05-25,33.4,38.5,28.5,0.0,0.0,0.0,42,7.07,0.185,0.206,0.243,35.9,35.5,20.39324,78.13201,ERA5,Asia/Kolkata,Open-Meteo Historical Weather API
MH-Yavatmal,2022-05-26,33.4,39.1,27.8,0.1,0.1,1.0,43,7.21,0.189,0.207,0.244,36.0,35.5,20.39324,78.13201,ERA5,Asia/Kolkata,Open-Meteo Historical Weather API
MH-Yavatmal,2022-05-27,33.8,39.5,29.0,0.0,0.0,0.0,38,8.74,0.19,0.205,0.243,36.0,35.4,20.39324,78.13201,ERA5,Asia/Kolkata,Open-Meteo Historical Weather API
MH-Yavatmal,2022-05-28,34.3,39.6,28.6,0.0,0.0,0.0,39,9.33,0.183,0.202,0.24,36.4,35.2,20.39324,78.13201,ERA5,Asia/Kolkata,Open-Meteo Historical Weather API
MH-Yavatmal,2022-05-29,34.4,39.3,29.3,0.0,0.0,0.0,40,9.18,0.18,0.2,0.238,36.6,35.3,20.39324,78.13201,ERA5,Asia/Kolkata,Open-Meteo Historical Weather API
MH-Yavatmal,2022-05-30,34.7,40.6,29.2,0.0,0.0,0.0,39,8.63,0.18,0.201,0.237,36.9,35.6,20.39324,78.13201,ERA5,Asia/Kolkata,Open-Meteo Historical Weather API
MH-Yavatmal,2022-05-31,34.4,39.5,30.0,0.0,0.0,0.0,40,7.76,0.183,0.203,0.239,36.6,35.8,20.39324,78.13201,ERA5,Asia/Kolkata,Open-Meteo Historical Weather API
MH-Yavatmal,2022-06-01,35.3,41.6,30.1,0.0,0.0,0.0,36,8.13,0.186,0.205,0.24,36.7,35.9,20.39324,78.13201,ERA5,Asia/Kolkata,Open-Meteo Historical Weather API
MH-Yavatmal,2022-06-02,36.5,43.0,29.9,0.0,0.0,0.0,31,9.18,0.181,0.202,0.238,37.4,36.0,20.39324,78.13201,ERA5,Asia/Kolkata,Open-Meteo Historical Weather API
MH-Yavatmal,2022-06-03,36.8,42.6,32.1,0.0,0.0,0.0,28,9.53,0.177,0.2,0.236,38.0,36.5,20.39324,78.13201,ERA5,Asia/Kolkata,Open-Meteo Historical Weather API
MH-Yavatmal,2022-06-04,36.3,41.7,32.1,0.2,0.2,1.0,30,8.58,0.18,0.199,0.234,38.0,36.7,20.39324,78.13201,ERA5,Asia/Kolkata,Open-Meteo Historical Weather API
MH-Yavatmal,2022-06-05,36.7,41.9,32.1,0.0,0.0,0.0,28,8.08,0.187,0.199,0.232,37.9,36.8,20.39324,78.13201,ERA5,Asia/Kolkata,Open-Meteo Historical Weather API
MH-Yavatmal,2022-06-06,36.5,41.0,32.2,0.0,0.0,0.0,27,9.53,0.186,0.199,0.233,38.0,36.7,20.39324,78.13201,ERA5,Asia/Kolkata,Open-Meteo Historical Weather API
MH-Yavatmal,2022-06-07,36.5,42.2,31.0,0.0,0.0,0.0,30,9.51,0.18,0.197,0.23,37.9,36.9,20.39324,78.13201,ERA5,Asia/Kolkata,Open-Meteo Historical Weather API
MH-Yavatmal,2022-06-08,36.1,41.2,31.6,0.0,0.0,0.0,33,9.26,0.175,0.195,0.228,38.0,36.8,20.39324,78.13201,ERA5,Asia/Kolkata,Open-Meteo Historical Weather API
MH-Yavatmal,2022-06-09,34.1,40.3,30.3,0.7,0.7,1.0,42,8.75,0.18,0.196,0.228,37.1,36.8,20.39324,78.13201,ERA5,Asia/Kolkata,Open-Meteo Historical Weather API
MH-Yavatmal,2022-06-10,32.7,37.9,26.1,1.2,1.2,4.0,51,6.77,0.193,0.197,0.228,35.5,35.9,20.39324,78.13201,ERA5,Asia/Kolkata,Open-Meteo Historical Weather API
MH-Yavatmal,2022-06-11,31.4,36.9,25.8,4.8,4.8,8.0,57,5.72,0.21,0.195,0.227,34.7,35.2,20.39324,78.13201,ERA5,Asia/Kolkata,Open-Meteo Historical Weather API
MH-Yavatmal,2022-06-12,29.3,35.0,24.4,4.4,4.4,9.0,68,5.06,0.289,0.196,0.224,32.5,33.9,20.39324,78.13201,ERA5,Asia/Kolkata,Open-Meteo Historical Weather API
MH-Yavatmal,2022-06-13,30.9,36.6,26.0,1.4,1.4,5.0,61,5.97,0.278,0.196,0.22,33.0,33.3,20.39324,78.13201,ERA5,Asia/Kolkata,Open-Meteo Historical Weather API
MH-Yavatmal,2022-06-14,31.5,36.3,27.6,0.3,0.3,2.0,54,6.43,0.258,0.198,0.22,33.8,33.7,20.39324,78.13201,ERA5,Asia/Kolkata,Open-Meteo Historical Weather API
MH-Yavatmal,2022-06-15,31.1,37.0,27.2,1.1,1.1,3.0,57,5.86,0.247,0.197,0.218,34.0,34.0,20.39324,78.13201,ERA5,Asia/Kolkata,Open-Meteo Historical Weather API
MH-Yavatmal,2022-06-16,29.0,33.3,24.3,5.2,5.2,12.0,70,4.73,0.294,0.199,0.219,32.4,33.1,20.39324,78.13201,ERA5,Asia/Kolkata,Open-Meteo Historical Weather API
MH-Yavatmal,2022-06-17,28.6,33.5,24.8,5.0,5.0,12.0,74,3.25,0.329,0.206,0.218,30.8,32.1,20.39324,78.13201,ERA5,Asia/Kolkata,Open-Meteo Historical Weather API
MH-Yavatmal,2022-06-18,28.3,32.3,25.0,10.8,10.8,13.0,76,4.12,0.374,0.228,0.217,31.1,31.4,20.39324,78.13201,ERA5,Asia/Kolkata,Open-Meteo Historical Weather API
MH-Yavatmal,2022-06-19,27.7,31.9,24.5,14.4,14.4,7.0,75,3.57,0.385,0.267,0.218,30.2,31.1,20.39324,78.13201,ERA5,Asia/Kolkata,Open-Meteo Historical Weather API
MH-Yavatmal,2022-06-20,27.5,31.7,24.2,11.2,11.2,21.0,78,4.02,0.409,0.29,0.217,29.7,30.5,20.39324,78.13201,ERA5,Asia/Kolkata,Open-Meteo Historical Weather API
MH-Yavatmal,2022-06-21,26.8,30.9,23.3,11.6,11.6,15.0,79,4.19,0.413,0.342,0.218,29.5,30.1,20.39324,78.13201,ERA5,Asia/Kolkata,Open-Meteo Historical Weather API
MH-Yavatmal,2022-06-22,28.1,31.5,24.4,3.6,3.6,11.0,75,3.62,0.387,0.347,0.219,29.8,30.0,20.39324,78.13201,ERA5,Asia/Kolkata,Open-Meteo Historical Weather API
MH-Yavatmal,2022-06-23,28.4,32.8,24.8,1.2,1.2,5.0,73,5.0,0.366,0.341,0.219,31.1,30.5,20.39324,78.13201,ERA5,Asia/Kolkata,Open-Meteo Historical Weather API
MH-Yavatmal,2022-06-24,28.3,32.5,24.1,8.5,8.5,7.0,75,4.79,0.397,0.346,0.22,30.8,30.8,20.39324,78.13201,ERA5,Asia/Kolkata,Open-Meteo Historical Weather API
MH-Yavatmal,2022-06-25,27.3,30.9,24.2,0.7,0.7,5.0,77,2.45,0.375,0.345,0.221,28.6,30.0,20.39324,78.13201,ERA5,Asia/Kolkata,Open-Meteo Historical Weather API
MH-Yavatmal,2022-06-26,28.6,32.1,25.8,2.1,2.1,10.0,69,3.84,0.361,0.34,0.221,29.8,29.6,20.39324,78.13201,ERA5,Asia/Kolkata,Open-Meteo Historical Weather API
MH-Yavatmal,2022-06-27,28.7,32.3,25.7,5.0,5.0,8.0,72,4.12,0.375,0.332,0.221,30.4,29.9,20.39324,78.13201,ERA5,Asia/Kolkata,Open-Meteo Historical Weather API
MH-Yavatmal,2022-06-28,28.4,32.4,25.1,6.1,6.1,10.0,76,3.81,0.392,0.337,0.22,29.5,29.6,20.39324,78.13201,ERA5,Asia/Kolkata,Open-Meteo Historical Weather API
MH-Yavatmal,2022-06-29,29.5,33.3,26.6,1.6,1.6,4.0,68,5.29,0.375,0.338,0.218,30.5,29.8,20.39324,78.13201,ERA5,Asia/Kolkata,Open-Meteo Historical Weather API
MH-Yavatmal,2022-06-30,28.1,31.5,25.7,7.9,7.9,21.0,76,3.21,0.383,0.335,0.218,29.6,29.7,20.39324,78.13201,ERA5,Asia/Kolkata,Open-Meteo Historical Weather API
MH-Yavatmal,2022-07-01,27.4,32.2,24.7,11.9,11.9,16.0,81,2.77,0.408,0.346,0.218,28.3,28.7,20.39324,78.13201,ERA5,Asia/Kolkata,Open-Meteo Historical Weather API
MH-Yavatmal,2022-07-02,27.4,31.0,24.5,1.5,1.5,10.0,79,3.31,0.411,0.375,0.219,28.1,28.2,20.39324,78.13201,ERA5,Asia/Kolkata,Open-Meteo Historical Weather API
MH-Yavatmal,2022-07-03,26.2,28.1,24.7,12.9,12.9,24.0,87,1.68,0.432,0.38,0.221,27.3,27.9,20.39324,78.13201,ERA5,Asia/Kolkata,Open-Meteo Historical Weather API
MH-Yavatmal,2022-07-04,25.5,26.7,24.4,56.3,56.3,24.0,91,1.14,0.466,0.451,0.24,26.4,27.1,20.39324,78.13201,ERA5,Asia/Kolkata,Open-Meteo Historical Weather API
MH-Yavatmal,2022-07-05,25.9,29.0,24.1,65.3,65.3,21.0,85,2.0,0.459,0.458,0.311,26.2,26.6,20.39324,78.13201,ERA5,Asia/Kolkata,Open-Meteo Historical Weather API
MH-Yavatmal,2022-07-06,26.1,28.3,24.7,12.6,12.6,17.0,86,1.78,0.446,0.436,0.331,26.5,26.6,20.39324,78.13201,ERA5,Asia/Kolkata,Open-Meteo Historical Weather API
MH-Yavatmal,2022-07-07,26.4,29.8,24.6,3.1,3.1,16.0,84,2.4,0.445,0.437,0.337,26.8,26.7,20.39324,78.13201,ERA5,Asia/Kolkata,Open-Meteo Historical Weather API
MH-Yavatmal,2022-07-08,25.4,26.5,24.3,7.7,7.7,22.0,90,1.68,0.444,0.431,0.341,26.1,26.5,20.39324,78.13201,ERA5,Asia/Kolkata,Open-Meteo Historical Weather API
MH-Yavatmal,2022-07-09,25.6,28.0,23.7,11.3,11.3,23.0,87,2.99,0.455,0.442,0.348,26.4,26.4,20.39324,78.13201,ERA5,Asia/Kolkata,Open-Meteo Historical Weather API
MH-Yavatmal,2022-07-10,24.5,26.6,23.0,12.9,12.9,21.0,89,1.96,0.451,0.444,0.355,25.7,26.4,20.39324,78.13201,ERA5,Asia/Kolkata,Open-Meteo Historical Weather API
MH-Yavatmal,2022-07-11,23.8,25.3,22.7,50.8,50.8,21.0,95,1.07,0.461,0.463,0.383,24.9,25.6,20.39324,78.13201,ERA5,Asia/Kolkata,Open-Meteo Historical Weather API
MH-Yavatmal,2022-07-12,23.9,24.6,23.3,56.4,56.4,24.0,95,0.87,0.464,0.464,0.413,24.7,25.3,20.39324,78.13201,ERA5,Asia/Kolkata,Open-Meteo Historical Weather API
MH-Yavatmal,2022-07-13,23.0,23.9,22.1,65.0,65.0,24.0,98,0.81,0.465,0.464,0.44,24.2,24.9,20.39324,78.13201,ERA5,Asia/Kolkata,Open-Meteo Historical Weather API
MH-Yavatmal,2022-07-14,23.8,25.6,21.8,28.9,28.9,22.0,93,1.2,0.459,0.456,0.454,24.4,24.9,20.39324,78.13201,ERA5,Asia/Kolkata,Open-Meteo Historical Weather API
MH-Yavatmal,2022-07-15,25.4,28.2,23.3,31.8,31.8,24.0,89,2.03,0.465,0.461,0.46,25.3,25.2,20.39324,78.13201,ERA5,Asia/Kolkata,Open-Meteo Historical Weather API
MH-Yavatmal,2022-07-16,26.7,29.9,23.7,4.6,4.6,15.0,84,3.12,0.457,0.461,0.461,26.7,25.9,20.39324,78.13201,ERA5,Asia/Kolkata,Open-Meteo Historical Weather API
MH-Yavatmal,2022-07-17,25.7,26.4,24.1,20.1,20.1,21.0,89,1.67,0.462,0.461,0.458,26.2,26.4,20.39324,78.13201,ERA5,Asia/Kolkata,Open-Meteo Historical Weather API
MH-Yavatmal,2022-07-18,24.2,25.2,23.6,26.0,26.0,24.0,91,1.29,0.463,0.464,0.465,24.8,25.6,20.39324,78.13201,ERA5,Asia/Kolkata,Open-Meteo Historical Weather API
MH-Yavatmal,2022-07-19,24.9,27.1,23.1,2.3,2.3,12.0,84,2.63,0.452,0.455,0.461,25.3,25.4,20.39324,78.13201,ERA5,Asia/Kolkata,Open-Meteo Historical Weather API
MH-Yavatmal,2022-07-20,25.8,27.9,23.4,1.1,1.1,4.0,84,3.49,0.438,0.441,0.456,26.3,26.1,20.39324,78.13201,ERA5,Asia/Kolkata,Open-Meteo Historical Weather API
MH-Yavatmal,2022-07-21,26.3,29.0,24.2,0.7,0.7,5.0,82,3.4,0.429,0.433,0.451,26.9,26.7,20.39324,78.13201,ERA5,Asia/Kolkata,Open-Meteo Historical Weather API
MH-Yavatmal,2022-07-22,26.1,27.9,24.8,14.3,14.3,15.0,85,2.56,0.441,0.435,0.448,26.6,26.6,20.39324,78.13201,ERA5,Asia/Kolkata,Open-Meteo Historical Weather API
MH-Yavatmal,2022-07-23,24.2,24.9,23.5,35.5,35.5,23.0,92,1.27,0.465,0.463,0.459,25.1,25.8,20.39324,78.13201,ERA5,Asia/Kolkata,Open-Meteo Historical Weather API
MH-Yavatmal,2022-07-24,24.9,26.6,23.2,8.5,8.5,21.0,88,2.01,0.458,0.458,0.463,25.2,25.2,20.39324,78.13201,ERA5,Asia/Kolkata,Open-Meteo Historical Weather API
MH-Yavatmal,2022-07-25,25.6,28.5,23.5,2.5,2.5,12.0,84,2.78,0.446,0.448,0.459,26.0,25.6,20.39324,78.13201,ERA5,Asia/Kolkata,Open-Meteo Historical Weather API
MH-Yavatmal,2022-07-26,24.9,27.6,23.6,22.0,22.0,23.0,90,1.99,0.452,0.451,0.456,25.8,25.9,20.39324,78.13201,ERA5,Asia/Kolkata,Open-Meteo Historical Weather API
MH-Yavatmal,2022-07-27,26.4,29.9,23.6,2.5,2.5,16.0,85,3.44,0.454,0.459,0.459,26.9,26.2,20.39324,78.13201,ERA5,Asia/Kolkata,Open-Meteo Historical Weather API
MH-Yavatmal,2022-07-28,27.5,31.3,24.7,1.5,1.5,7.0,81,4.39,0.441,0.446,0.456,28.4,27.1,20.39324,78.13201,ERA5,Asia/Kolkata,Open-Meteo Historical Weather API
MH-Yavatmal,2022-07-29,26.8,29.9,24.3,14.5,14.5,15.0,86,3.12,0.454,0.452,0.452,27.9,27.4,20.39324,78.13201,ERA5,Asia/Kolkata,Open-Meteo Historical Weather API
MH-Yavatmal,2022-07-30,27.6,30.6,24.7,2.6,2.6,12.0,82,3.95,0.451,0.452,0.45,28.4,27.6,20.39324,78.13201,ERA5,Asia/Kolkata,Open-Meteo Historical Weather API
MH-Yavatmal,2022-07-31,28.4,32.5,24.6,0.8,0.8,6.0,77,4.87,0.435,0.442,0.446,28.7,27.9,20.39324,78.13201,ERA5,Asia/Kolkata,Open-Meteo Historical Weather API
MH-Yavatmal,2022-08-01,28.4,31.5,25.9,0.1,0.1,1.0,73,4.9,0.418,0.43,0.441,29.0,28.1,20.39324,78.13201,ERA5,Asia/Kolkata,Open-Meteo Historical Weather API
MH-Yavatmal,2022-08-02,28.3,31.4,25.0,0.2,0.2,2.0,73,4.3,0.405,0.418,0.436,28.6,28.0,20.39324,78.13201,ERA5,Asia/Kolkata,Open-Meteo Historical Weather API
MH-Yavatmal,2022-08-03,28.1,31.3,25.1,3.0,3.0,7.0,80,4.35,0.407,0.411,0.431,29.1,28.2,20.39324,78.13201,ERA5,Asia/Kolkata,Open-Meteo Historical Weather API
MH-Yavatmal,2022-08-04,27.1,31.2,24.4,22.9,22.9,21.0,86,2.95,0.453,0.431,0.428,28.8,28.3,20.39324,78.13201,ERA5,Asia/Kolkata,Open-Meteo Historical Weather API
MH-Yavatmal,2022-08-05,27.1,30.4,23.8,14.9,14.9,21.0,83,3.15,0.458,0.455,0.433,28.3,27.8,20.39324,78.13201,ERA5,Asia/Kolkata,Open-Meteo Historical Weather API
MH-Yavatmal,2022-08-06,27.1,31.5,24.2,12.0,12.0,16.0,83,3.88,0.456,0.456,0.436,28.3,27.8,20.39324,78.13201,ERA5,Asia/Kolkata,Open-Meteo Historical Weather API
MH-Yavatmal,2022-08-07,26.3,30.5,24.3,16.9,16.9,21.0,88,2.71,0.461,0.463,0.441,27.4,27.6,20.39324,78.13201,ERA5,Asia/Kolkata,Open-Meteo Historical Weather API
MH-Yavatmal,2022-08-08,24.5,25.7,23.3,45.3,45.3,22.0,94,1.26,0.465,0.467,0.459,25.8,26.7,20.39324,78.13201,ERA5,Asia/Kolkata,Open-Meteo Historical Weather API
MH-Yavatmal,2022-08-09,24.6,25.9,23.6,29.3,29.3,23.0,93,1.06,0.463,0.463,0.464,25.3,25.8,20.39324,78.13201,ERA5,Asia/Kolkata,Open-Meteo Historical Weather API
MH-Yavatmal,2022-08-10,24.1,25.6,23.0,63.2,63.2,24.0,92,1.11,0.465,0.466,0.459,24.4,25.1,20.39324,78.13201,ERA5,Asia/Kolkata,Open-Meteo Historical Weather API
MH-Yavatmal,2022-08-11,24.7,26.3,22.9,23.9,23.9,24.0,90,1.41,0.464,0.468,0.46,24.4,24.8,20.39324,78.13201,ERA5,Asia/Kolkata,Open-Meteo Historical Weather API
MH-Yavatmal,2022-08-12,26.8,30.0,23.5,1.0,1.0,7.0,80,3.68,0.448,0.456,0.455,26.1,25.4,20.39324,78.13201,ERA5,Asia/Kolkata,Open-Meteo Historical Weather API
MH-Yavatmal,2022-08-13,26.3,29.7,24.2,4.1,4.1,10.0,81,3.49,0.442,0.446,0.446,26.5,26.3,20.39324,78.13201,ERA5,Asia/Kolkata,Open-Meteo Historical Weather API
MH-Yavatmal,2022-08-14,24.6,25.7,23.6,20.6,20.6,24.0,92,1.38,0.462,0.46,0.443,25.1,25.8,20.39324,78.13201,ERA5,Asia/Kolkata,Open-Meteo Historical Weather API
MH-Yavatmal,2022-08-15,23.7,24.4,23.1,43.5,43.5,24.0,92,1.03,0.465,0.467,0.463,24.1,24.9,20.39324,78.13201,ERA5,Asia/Kolkata,Open-Meteo Historical Weather API
MH-Yavatmal,2022-08-16,25.7,28.7,22.9,9.6,9.6,15.0,83,3.21,0.456,0.455,0.454,25.4,24.8,20.39324,78.13201,ERA5,Asia/Kolkata,Open-Meteo Historical Weather API
MH-Yavatmal,2022-08-17,27.2,30.5,23.9,0.5,0.5,2.0,79,4.25,0.435,0.442,0.443,26.9,25.9,20.39324,78.13201,ERA5,Asia/Kolkata,Open-Meteo Historical Weather API
MH-Yavatmal,2022-08-18,27.4,30.4,24.0,0.2,0.2,2.0,78,4.37,0.42,0.43,0.435,27.4,26.6,20.39324,78.13201,ERA5,Asia/Kolkata,Open-Meteo Historical Weather API
MH-Yavatmal,2022-08-19,27.6,30.3,24.6,0.0,0.0,0.0,78,4.35,0.407,0.42,0.428,27.6,26.9,20.39324,78.13201,ERA5,Asia/Kolkata,Open-Meteo Historical Weather API
MH-Yavatmal,2022-08-20,26.4,28.8,24.6,2.4,2.4,6.0,81,3.54,0.407,0.412,0.423,27.1,26.9,20.39324,78.13201,ERA5,Asia/Kolkata,Open-Meteo Historical Weather API
MH-Yavatmal,2022-08-21,25.6,27.3,24.1,6.0,6.0,19.0,84,2.37,0.43,0.415,0.419,25.8,26.1,20.39324,78.13201,ERA5,Asia/Kolkata,Open-Meteo Historical Weather API
MH-Yavatmal,2022-08-22,25.8,27.6,24.1,1.5,1.5,9.0,81,2.96,0.426,0.419,0.415,25.9,25.7,20.39324,78.13201,ERA5,Asia/Kolkata,Open-Meteo Historical Weather API
MH-Yavatmal,2022-08-23,27.0,30.2,23.9,0.7,0.7,6.0,77,4.06,0.411,0.414,0.412,26.9,26.0,20.39324,78.13201,ERA5,Asia/Kolkata,Open-Meteo Historical Weather API
MH-Yavatmal,2022-08-24,27.4,31.2,24.2,0.4,0.4,4.0,77,4.21,0.398,0.406,0.409,27.6,26.7,20.39324,78.13201,ERA5,Asia/Kolkata,Open-Meteo Historical Weather API
MH-Yavatmal,2022-08-25,27.5,31.0,25.2,0.1,0.1,1.0,74,4.67,0.384,0.397,0.404,27.9,27.0,20.39324,78.13201,ERA5,Asia/Kolkata,Open-Meteo Historical Weather API
MH-Yavatmal,2022-08-26,27.2,30.4,23.1,0.7,0.7,5.0,76,4.53,0.374,0.388,0.4,27.6,26.8,20.39324,78.13201,ERA5,Asia/Kolkata,Open-Meteo Historical Weather API
MH-Yavatmal,2022-08-27,27.7,31.1,24.4,0.2,0.2,2.0,72,4.64,0.366,0.38,0.396,27.9,27.1,20.39324,78.13201,ERA5,Asia/Kolkata,Open-Meteo Historical Weather API
MH-Yavatmal,2022-08-28,27.3,31.4,24.2,2.1,2.1,7.0,76,4.2,0.361,0.373,0.393,27.8,27.2,20.39324,78.13201,ERA5,Asia/Kolkata,Open-Meteo Historical Weather API
MH-Yavatmal,2022-08-29,26.4,28.6,24.8,12.2,12.2,17.0,86,3.21,0.422,0.383,0.39,27.8,27.0,20.39324,78.13201,ERA5,Asia/Kolkata,Open-Meteo Historical Weather API
MH-Yavatmal,2022-08-30,27.3,31.0,24.0,8.5,8.5,14.0,83,3.82,0.425,0.403,0.388,28.3,27.1,20.39324,78.13201,ERA5,Asia/Kolkata,Open-Meteo Historical Weather API
MH-Yavatmal,2022-08-31,28.1,33.0,24.3,8.7,8.7,12.0,82,4.26,0.447,0.425,0.385,29.0,27.7,20.39324,78.13201,ERA5,Asia/Kolkata,Open-Meteo Historical Weather API
MH-Yavatmal,2022-09-01,27.6,31.4,24.3,3.6,3.6,14.0,83,4.22,0.443,0.436,0.385,29.0,28.1,20.39324,78.13201,ERA5,Asia/Kolkata,Open-Meteo Historical Weather API
MH-Yavatmal,2022-09-02,27.8,32.1,23.7,3.6,3.6,9.0,82,4.18,0.44,0.431,0.385,29.0,28.2,20.39324,78.13201,ERA5,Asia/Kolkata,Open-Meteo Historical Weather API
MH-Yavatmal,2022-09-03,28.5,32.3,24.9,0.7,0.7,6.0,79,4.44,0.42,0.422,0.384,29.4,28.4,20.39324,78.13201,ERA5,Asia/Kolkata,Open-Meteo Historical Weather API
MH-Yavatmal,2022-09-04,25.2,26.9,23.8,14.9,14.9,16.0,89,1.55,0.452,0.44,0.385,26.6,27.6,20.39324,78.13201,ERA5,Asia/Kolkata,Open-Meteo Historical Weather API
MH-Yavatmal,2022-09-05,25.5,28.1,23.6,15.2,15.2,10.0,87,3.01,0.452,0.45,0.391,26.6,26.8,20.39324,78.13201,ERA5,Asia/Kolkata,Open-Meteo Historical Weather API
MH-Yavatmal,2022-09-06,26.9,30.3,23.6,0.3,0.3,3.0,81,4.39,0.437,0.443,0.397,27.8,27.1,20.39324,78.13201,ERA5,Asia/Kolkata,Open-Meteo Historical Weather API
MH-Yavatmal,2022-09-07,27.5,32.6,24.4,2.9,2.9,9.0,81,4.12,0.423,0.426,0.396,28.4,27.8,20.39324,78.13201,ERA5,Asia/Kolkata,Open-Meteo Historical Weather API
MH-Yavatmal,2022-09-08,27.2,30.1,24.6,8.2,8.2,15.0,84,3.54,0.432,0.424,0.395,28.5,27.9,20.39324,78.13201,ERA5,Asia/Kolkata,Open-Meteo Historical Weather API
MH-Yavatmal,2022-09-09,27.5,31.0,24.8,10.7,10.7,17.0,83,3.8,0.438,0.43,0.395,28.5,27.9,20.39324,78.13201,ERA5,Asia/Kolkata,Open-Meteo Historical Weather API
MH-Yavatmal,2022-09-10,27.3,31.5,24.3,11.8,11.8,13.0,84,3.8,0.448,0.441,0.398,28.5,28.0,20.39324,78.13201,ERA5,Asia/Kolkata,Open-Meteo Historical Weather API
MH-Yavatmal,2022-09-11,25.7,29.8,23.3,38.7,38.7,20.0,89,2.4,0.459,0.458,0.406,27.2,27.5,20.39324,78.13201,ERA5,Asia/Kolkata,Open-Meteo Historical Weather API
MH-Yavatmal,2022-09-12,24.4,26.7,23.2,53.7,53.7,24.0,96,0.99,0.465,0.468,0.449,25.7,26.4,20.39324,78.13201,ERA5,Asia/Kolkata,Open-Meteo Historical Weather API
MH-Yavatmal,2022-09-13,24.8,27.0,23.9,48.2,48.2,24.0,94,1.34,0.466,0.464,0.467,25.4,25.7,20.39324,78.13201,ERA5,Asia/Kolkata,Open-Meteo Historical Weather API
MH-Yavatmal,2022-09-14,26.2,29.6,23.4,2.6,2.6,14.0,84,3.46,0.452,0.456,0.465,26.2,25.9,20.39324,78.13201,ERA5,Asia/Kolkata,Open-Meteo Historical Weather API
MH-Yavatmal,2022-09-15,26.2,28.9,24.0,0.7,0.7,4.0,80,3.36,0.436,0.44,0.459,26.2,26.3,20.39324,78.13201,ERA5,Asia/Kolkata,Open-Meteo Historical Weather API
MH-Yavatmal,2022-09-16,25.3,27.9,23.1,13.2,13.2,17.0,86,2.32,0.445,0.44,0.453,25.7,26.1,20.39324,78.13201,ERA5,Asia/Kolkata,Open-Meteo Historical Weather API
MH-Yavatmal,2022-09-17,25.4,28.9,22.6,3.4,3.4,13.0,87,3.35,0.454,0.458,0.452,26.1,25.9,20.39324,78.13201,ERA5,Asia/Kolkata,Open-Meteo Historical Weather API
MH-Yavatmal,2022-09-18,26.2,31.1,23.0,6.9,6.9,14.0,85,3.77,0.444,0.45,0.448,26.9,26.3,20.39324,78.13201,ERA5,Asia/Kolkata,Open-Meteo Historical Weather API
MH-Yavatmal,2022-09-19,26.2,31.2,23.3,5.9,5.9,12.0,85,4.02,0.441,0.443,0.445,27.3,26.8,20.39324,78.13201,ERA5,Asia/Kolkata,Open-Meteo Historical Weather API
MH-Yavatmal,2022-09-20,26.7,31.0,23.3,0.3,0.3,3.0,82,3.48,0.435,0.44,0.442,26.8,26.6,20.39324,78.13201,ERA5,Asia/Kolkata,Open-Meteo Historical Weather API
MH-Yavatmal,2022-09-21,26.1,28.3,24.0,1.8,1.8,7.0,81,2.89,0.426,0.431,0.439,26.4,26.4,20.39324,78.13201,ERA5,Asia/Kolkata,Open-Meteo Historical Weather API
MH-Yavatmal,2022-09-22,25.2,26.9,23.4,1.0,1.0,6.0,84,3.08,0.418,0.424,0.435,26.0,26.0,20.39324,78.13201,ERA5,Asia/Kolkata,Open-Meteo Historical Weather API
MH-Yavatmal,2022-09-23,25.4,28.1,23.1,0.2,0.2,2.0,80,3.8,0.409,0.417,0.431,26.1,25.9,20.39324,78.13201,ERA5,Asia/Kolkata,Open-Meteo Historical Weather API
MH-Yavatmal,2022-09-24,25.8,28.8,22.9,0.0,0.0,0.0,80,3.85,0.396,0.408,0.427,26.4,25.9,20.39324,78.13201,ERA5,Asia/Kolkata,Open-Meteo Historical Weather API
MH-Yavatmal,2022-09-25,26.3,29.5,22.9,0.5,0.5,3.0,81,3.46,0.389,0.401,0.423,26.9,26.1,20.39324,78.13201,ERA5,Asia/Kolkata,Open-Meteo Historical Weather API
MH-Yavatmal,2022-09-26,27.1,30.9,23.7,1.3,1.3,5.0,76,4.13,0.385,0.394,0.419,27.5,26.5,20.39324,78.13201,ERA5,Asia/Kolkata,Open-Meteo Historical Weather API
MH-Yavatmal,2022-09-27,27.0,31.4,24.0,2.7,2.7,8.0,79,4.09,0.394,0.388,0.415,27.8,26.9,20.39324,78.13201,ERA5,Asia/Kolkata,Open-Meteo Historical Weather API
MH-Yavatmal,2022-09-28,26.1,30.1,23.0,12.3,12.3,18.0,85,3.44,0.442,0.411,0.411,27.7,27.1,20.39324,78.13201,ERA5,Asia/Kolkata,Open-Meteo Historical Weather API
MH-Yavatmal,2022-09-29,27.3,31.4,23.4,0.5,0.5,5.0,77,4.09,0.428,0.428,0.409,27.8,27.0,20.39324,78.13201,ERA5,Asia/Kolkata,Open-Meteo Historical Weather API
MH-Yavatmal,2022-09-30,27.5,31.7,23.3,0.0,0.0,0.0,72,4.61,0.409,0.418,0.406,27.7,27.1,20.39324,78.13201,ERA5,Asia/Kolkata,Open-Meteo Historical Weather API
MH-Yavatmal,2022-10-01,27.6,32.1,23.6,0.2,0.2,1.0,69,4.89,0.392,0.407,0.403,27.7,27.1,20.39324,78.13201,ERA5,Asia/Kolkata,Open-Meteo Historical Weather API
MH-Yavatmal,2022-10-02,27.7,32.6,23.6,0.3,0.3,1.0,70,5.01,0.377,0.394,0.399,27.7,27.0,20.39324,78.13201,ERA5,Asia/Kolkata,Open-Meteo Historical Weather API
MH-Yavatmal,2022-10-03,27.6,32.4,23.8,0.2,0.2,1.0,70,4.91,0.364,0.383,0.395,27.7,27.0,20.39324,78.13201,ERA5,Asia/Kolkata,Open-Meteo Historical Weather API
MH-Yavatmal,2022-10-04,27.2,31.3,23.7,0.6,0.6,5.0,69,3.67,0.356,0.373,0.39,27.0,26.6,20.39324,78.13201,ERA5,Asia/Kolkata,Open-Meteo Historical Weather API
MH-Yavatmal,2022-10-05,26.8,30.1,24.3,10.6,10.6,10.0,80,3.19,0.38,0.37,0.386,27.7,26.7,20.39324,78.13201,ERA5,Asia/Kolkata,Open-Meteo Historical Weather API
MH-Yavatmal,2022-10-06,25.7,30.3,23.0,16.3,16.3,16.0,87,2.82,0.444,0.417,0.384,27.2,26.7,20.39324,78.13201,ERA5,Asia/Kolkata,Open-Meteo Historical Weather API
MH-Yavatmal,2022-10-07,25.5,28.4,22.9,10.5,10.5,16.0,85,3.06,0.452,0.447,0.389,26.6,26.3,20.39324,78.13201,ERA5,Asia/Kolkata,Open-Meteo Historical Weather API
MH-Yavatmal,2022-10-08,26.4,30.2,23.4,8.3,8.3,12.0,82,3.69,0.449,0.446,0.393,27.1,26.3,20.39324,78.13201,ERA5,Asia/Kolkata,Open-Meteo Historical Weather API
MH-Yavatmal,2022-10-09,26.7,30.7,23.8,10.2,10.2,12.0,83,3.4,0.451,0.447,0.395,27.8,26.8,20.39324,78.13201,ERA5,Asia/Kolkata,Open-Meteo Historical Weather API
MH-Yavatmal,2022-10-10,25.3,28.9,23.1,14.2,14.2,16.0,87,2.7,0.455,0.455,0.403,26.8,26.7,20.39324,78.13201,ERA5,Asia/Kolkata,Open-Meteo Historical Weather API
MH-Yavatmal,2022-10-11,24.7,27.7,22.8,40.5,40.5,24.0,90,1.87,0.461,0.464,0.42,26.3,26.0,20.39324,78.13201,ERA5,Asia/Kolkata,Open-Meteo Historical Weather API
MH-Yavatmal,2022-10-12,25.3,28.5,22.5,9.9,9.9,19.0,86,2.49,0.46,0.46,0.437,26.4,25.9,20.39324,78.13201,ERA5,Asia/Kolkata,Open-Meteo Historical Weather API
MH-Yavatmal,2022-10-13,25.8,28.9,23.2,6.0,6.0,18.0,84,3.11,0.456,0.459,0.442,27.2,26.2,20.39324,78.13201,ERA5,Asia/Kolkata,Open-Meteo Historical Weather API
MH-Yavatmal,2022-10-14,25.7,29.1,22.6,0.5,0.5,4.0,82,3.21,0.439,0.447,0.443,26.7,26.2,20.39324,78.13201,ERA5,Asia/Kolkata,Open-Meteo Historical Weather API
MH-Yavatmal,2022-10-15,25.7,29.8,22.7,0.0,0.0,0.0,72,4.17,0.423,0.434,0.441,26.4,26.1,20.39324,78.13201,ERA5,Asia/Kolkata,Open-Meteo Historical Weather API
MH-Yavatmal,2022-10-16,25.6,29.2,22.1,4.8,4.8,12.0,81,2.73,0.431,0.429,0.439,26.4,25.9,20.39324,78.13201,ERA5,Asia/Kolkata,Open-Meteo Historical Weather API
MH-Yavatmal,2022-10-17,26.2,30.1,23.1,4.4,4.4,10.0,83,3.66,0.422,0.426,0.437,27.4,26.3,20.39324,78.13201,ERA5,Asia/Kolkata,Open-Meteo Historical Weather API
MH-Yavatmal,2022-10-18,25.2,29.0,22.5,8.7,8.7,10.0,86,2.63,0.436,0.429,0.436,26.9,26.5,20.39324,78.13201,ERA5,Asia/Kolkata,Open-Meteo Historical Weather API
MH-Yavatmal,2022-10-19,26.2,30.0,23.4,0.2,0.2,1.0,79,3.7,0.433,0.437,0.435,27.3,26.3,20.39324,78.13201,ERA5,Asia/Kolkata,Open-Meteo Historical Weather API
MH-Yavatmal,2022-10-20,25.9,29.7,22.3,1.0,1.0,5.0,79,3.65,0.422,0.428,0.433,26.9,26.3,20.39324,78.13201,ERA5,Asia/Kolkata,Open-Meteo Historical Weather API
MH-Yavatmal,2022-10-21,25.0,28.5,21.9,0.0,0.0,0.0,69,4.34,0.409,0.419,0.43,26.2,26.0,20.39324,78.13201,ERA5,Asia/Kolkata,Open-Meteo Historical Weather API
MH-Yavatmal,2022-10-22,23.9,29.6,19.1,0.0,0.0,0.0,66,4.62,0.393,0.409,0.427,24.8,25.1,20.39324,78.13201,ERA5,Asia/Kolkata,Open-Meteo Historical Weather API
MH-Yavatmal,2022-10-23,23.6,30.3,18.4,0.0,0.0,0.0,62,4.79,0.378,0.397,0.423,24.0,24.4,20.39324,78.13201,ERA5,Asia/Kolkata,Open-Meteo Historical Weather API
MH-Yavatmal,2022-10-24,22.7,29.1,17.2,0.0,0.0,0.0,65,4.6,0.366,0.387,0.42,23.5,23.9,20.39324,78.13201,ERA5,Asia/Kolkata,Open-Meteo Historical Weather API
MH-Yavatmal,2022-10-25,22.9,30.4,17.0,0.0,0.0,0.0,67,4.5,0.354,0.377,0.416,23.4,23.5,20.39324,78.13201,ERA5,Asia/Kolkata,Open-Meteo Historical Weather API
MH-Yavatmal,2022-10-26,22.9,30.3,16.5,0.0,0.0,0.0,67,4.29,0.344,0.369,0.412,23.3,23.4,20.39324,78.13201,ERA5,Asia/Kolkata,Open-Meteo Historical Weather API
MH-Yavatmal,2022-10-27,23.5,30.4,18.3,0.0,0.0,0.0,68,4.13,0.335,0.362,0.409,23.7,23.6,20.39324,78.13201,ERA5,Asia/Kolkata,Open-Meteo Historical Weather API
MH-Yavatmal,2022-10-28,23.4,30.1,17.2,0.0,0.0,0.0,66,4.2,0.327,0.357,0.406,23.7,23.9,20.39324,78.13201,ERA5,Asia/Kolkata,Open-Meteo Historical Weather API
MH-Yavatmal,2022-10-29,22.8,30.5,16.8,0.0,0.0,0.0,67,4.19,0.319,0.352,0.402,23.5,23.7,20.39324,78.13201,ERA5,Asia/Kolkata,Open-Meteo Historical Weather API
MH-Yavatmal,2022-10-30,23.1,29.8,17.0,0.0,0.0,0.0,64,4.31,0.31,0.345,0.398,23.5,23.4,20.39324,78.13201,ERA5,Asia/Kolkata,Open-Meteo Historical Weather API
MH-Yavatmal,2022-10-31,22.0,28.6,17.0,0.0,0.0,0.0,66,4.25,0.301,0.337,0.393,23.0,23.4,20.39324,78.13201,ERA5,Asia/Kolkata,Open-Meteo Historical Weather API
MH-Yavatmal,2022-11-01,22.8,28.4,17.2,0.0,0.0,0.0,67,4.11,0.293,0.332,0.39,22.9,23.0,20.39324,78.13201,ERA5,Asia/Kolkata,Open-Meteo Historical Weather API
MH-Yavatmal,2022-11-02,22.9,29.2,17.3,0.0,0.0,0.0,67,4.09,0.287,0.327,0.387,23.2,23.3,20.39324,78.13201,ERA5,Asia/Kolkata,Open-Meteo Historical Weather API
MH-Yavatmal,2022-11-03,22.7,30.6,16.9,0.0,0.0,0.0,67,4.2,0.281,0.323,0.384,22.9,23.0,20.39324,78.13201,ERA5,Asia/Kolkata,Open-Meteo Historical Weather API
MH-Yavatmal,2022-11-04,23.2,30.7,16.0,0.0,0.0,0.0,68,4.1,0.276,0.32,0.382,23.1,23.0,20.39324,78.13201,ERA5,Asia/Kolkata,Open-Meteo Historical Weather API
MH-Yavatmal,2022-11-05,23.6,31.5,17.5,0.0,0.0,0.0,69,4.05,0.273,0.317,0.38,23.7,23.4,20.39324,78.13201,ERA5,Asia/Kolkata,Open-Meteo Historical Weather API
MH-Yavatmal,2022-11-06,23.9,31.3,18.2,0.0,0.0,0.0,69,4.0,0.269,0.315,0.379,24.1,24.0,20.39324,78.13201,ERA5,Asia/Kolkata,Open-Meteo Historical Weather API
MH-Yavatmal,2022-11-07,24.0,30.8,18.5,0.0,0.0,0.0,67,3.97,0.265,0.311,0.378,24.3,24.2,20.39324,78.13201,ERA5,Asia/Kolkata,Open-Meteo Historical Weather API
MH-Yavatmal,2022-11-08,22.7,30.6,16.7,0.0,0.0,0.0,64,4.26,0.261,0.308,0.375,23.3,23.8,20.39324,78.13201,ERA5,Asia/Kolkata,Open-Meteo Historical Weather API
MH-Yavatmal,2022-11-09,22.6,29.6,18.2,0.0,0.0,0.0,64,4.13,0.257,0.305,0.374,22.9,23.2,20.39324,78.13201,ERA5,Asia/Kolkata,Open-Meteo Historical Weather API
MH-Yavatmal,2022-11-10,22.5,29.4,16.3,0.0,0.0,0.0,66,4.18,0.252,0.301,0.371,22.9,23.1,20.39324,78.13201,ERA5,Asia/Kolkata,Open-Meteo Historical Weather API
MH-Yavatmal,2022-11-11,23.2,30.0,16.8,0.0,0.0,0.0,65,4.18,0.247,0.297,0.368,23.3,23.1,20.39324,78.13201,ERA5,Asia/Kolkata,Open-Meteo Historical Weather API
MH-Yavatmal,2022-11-12,22.9,28.8,18.1,0.0,0.0,0.0,68,4.0,0.242,0.292,0.364,23.5,23.5,20.39324,78.13201,ERA5,Asia/Kolkata,Open-Meteo Historical Weather API
MH-Yavatmal,2022-11-13,22.0,28.5,17.5,0.0,0.0,0.0,66,4.1,0.238,0.289,0.362,23.2,23.5,20.39324,78.13201,ERA5,Asia/Kolkata,Open-Meteo Historical Weather API
MH-Yavatmal,2022-11-14,21.5,28.7,15.7,0.0,0.0,0.0,65,4.03,0.235,0.285,0.36,22.3,22.8,20.39324,78.13201,ERA5,Asia/Kolkata,Open-Meteo Historical Weather API
MH-Yavatmal,2022-11-15,21.5,28.5,16.5,0.0,0.0,0.0,60,3.9,0.233,0.284,0.358,21.5,22.4,20.39324,78.13201,ERA5,Asia/Kolkata,Open-Meteo Historical Weather API
MH-Yavatmal,2022-11-16,21.6,29.1,13.9,0.0,0.0,0.0,62,3.72,0.23,0.282,0.357,21.5,22.1,20.39324,78.13201,ERA5,Asia/Kolkata,Open-Meteo Historical Weather API
MH-Yavatmal,2022-11-17,22.0,29.1,14.8,0.0,0.0,0.0,63,3.86,0.23,0.28,0.356,22.0,22.1,20.39324,78.13201,ERA5,Asia/Kolkata,Open-Meteo Historical Weather API
MH-Yavatmal,2022-11-18,21.2,28.0,16.3,0.0,0.0,0.0,61,4.05,0.228,0.278,0.354,22.1,22.5,20.39324,78.13201,ERA5,Asia/Kolkata,Open-Meteo Historical Weather API
MH-Yavatmal,2022-11-19,19.5,26.9,13.4,0.0,0.0,0.0,59,4.08,0.225,0.275,0.352,20.8,21.8,20.39324,78.13201,ERA5,Asia/Kolkata,Open-Meteo Historical Weather API
MH-Yavatmal,2022-11-20,18.9,26.2,12.0,0.0,0.0,0.0,59,3.82,0.223,0.273,0.35,19.8,20.9,20.39324,78.13201,ERA5,Asia/Kolkata,Open-Meteo Historical Weather API
MH-Yavatmal,2022-11-21,19.6,26.9,11.8,0.0,0.0,0.0,60,3.86,0.222,0.271,0.35,19.6,20.5,20.39324,78.13201,ERA5,Asia/Kolkata,Open-Meteo Historical Weather API
MH-Yavatmal,2022-11-22,19.8,27.7,12.7,0.0,0.0,0.0,61,3.83,0.221,0.271,0.349,20.1,20.6,20.39324,78.13201,ERA5,Asia/Kolkata,Open-Meteo Historical Weather API
MH-Yavatmal,2022-11-23,20.9,28.2,14.2,0.0,0.0,0.0,60,3.91,0.219,0.269,0.348,20.9,21.1,20.39324,78.13201,ERA5,Asia/Kolkata,Open-Meteo Historical Weather API
MH-Yavatmal,2022-11-24,20.3,27.9,13.2,0.0,0.0,0.0,60,3.85,0.218,0.268,0.347,20.4,21.0,20.39324,78.13201,ERA5,Asia/Kolkata,Open-Meteo Historical Weather API
MH-Yavatmal,2022-11-25,20.7,27.9,13.0,0.0,0.0,0.0,57,3.9,0.217,0.268,0.347,20.4,20.8,20.39324,78.13201,ERA5,Asia/Kolkata,Open-Meteo Historical Weather API
MH-Yavatmal,2022-11-26,20.4,27.9,13.1,0.0,0.0,0.0,59,3.64,0.216,0.267,0.347,20.0,20.7,20.39324,78.13201,ERA5,Asia/Kolkata,Open-Meteo Historical Weather API
MH-Yavatmal,2022-11-27,19.8,28.0,14.2,0.0,0.0,0.0,60,3.67,0.216,0.266,0.346,19.9,20.4,20.39324,78.13201,ERA5,Asia/Kolkata,Open-Meteo Historical Weather API
MH-Yavatmal,2022-11-28,20.0,28.0,13.8,0.0,0.0,0.0,60,3.78,0.216,0.266,0.346,20.0,20.5,20.39324,78.13201,ERA5,Asia/Kolkata,Open-Meteo Historical Weather API
MH-Yavatmal,2022-11-29,20.2,28.2,15.2,0.0,0.0,0.0,61,3.76,0.215,0.267,0.346,20.0,20.4,20.39324,78.13201,ERA5,Asia/Kolkata,Open-Meteo Historical Weather API
MH-Yavatmal,2022-11-30,20.0,27.3,14.9,0.0,0.0,0.0,66,3.6,0.215,0.267,0.346,19.9,20.4,20.39324,78.13201,ERA5,Asia/Kolkata,Open-Meteo Historical Weather API
MH-Yavatmal,2022-12-01,20.9,27.3,14.7,0.0,0.0,0.0,62,3.34,0.215,0.267,0.346,19.9,20.3,20.39324,78.13201,ERA5,Asia/Kolkata,Open-Meteo Historical Weather API
MH-Yavatmal,2022-12-02,21.3,28.3,14.9,0.0,0.0,0.0,67,3.44,0.214,0.266,0.345,20.8,20.6,20.39324,78.13201,ERA5,Asia/Kolkata,Open-Meteo Historical Weather API
MH-Yavatmal,2022-12-03,22.1,28.9,17.2,0.0,0.0,0.0,70,3.33,0.213,0.266,0.345,21.8,21.5,20.39324,78.13201,ERA5,Asia/Kolkata,Open-Meteo Historical Weather API
MH-Yavatmal,2022-12-04,22.0,29.0,16.7,0.0,0.0,0.0,72,3.41,0.214,0.265,0.345,22.3,21.9,20.39324,78.13201,ERA5,Asia/Kolkata,Open-Meteo Historical Weather API
MH-Yavatmal,2022-12-05,22.0,29.0,17.1,0.0,0.0,0.0,69,3.59,0.213,0.265,0.345,22.3,22.0,20.39324,78.13201,ERA5,Asia/Kolkata,Open-Meteo Historical Weather API
MH-Yavatmal,2022-12-06,21.9,28.6,16.3,0.0,0.0,0.0,67,3.49,0.211,0.264,0.344,22.3,22.1,20.39324,78.13201,ERA5,Asia/Kolkata,Open-Meteo Historical Weather API
MH-Yavatmal,2022-12-07,21.1,27.2,16.3,0.0,0.0,0.0,67,3.64,0.211,0.264,0.344,22.1,22.3,20.39324,78.13201,ERA5,Asia/Kolkata,Open-Meteo Historical Weather API
MH-Yavatmal,2022-12-08,18.1,25.4,12.9,0.0,0.0,0.0,55,3.72,0.213,0.266,0.345,19.6,21.1,20.39324,78.13201,ERA5,Asia/Kolkata,Open-Meteo Historical Weather API
MH-Yavatmal,2022-12-09,18.1,26.6,11.5,0.0,0.0,0.0,57,3.82,0.211,0.263,0.343,18.9,19.9,20.39324,78.13201,ERA5,Asia/Kolkata,Open-Meteo Historical Weather API
MH-Yavatmal,2022-12-10,20.5,27.6,12.7,0.0,0.0,0.0,58,3.81,0.206,0.259,0.339,20.4,20.0,20.39324,78.13201,ERA5,Asia/Kolkata,Open-Meteo Historical Weather API
MH-Yavatmal,2022-12-11,23.6,28.5,18.7,0.1,0.1,1.0,62,3.6,0.204,0.253,0.334,23.4,21.9,20.39324,78.13201,ERA5,Asia/Kolkata,Open-Meteo Historical Weather API
MH-Yavatmal,2022-12-12,24.2,28.0,21.2,1.7,1.7,10.0,77,2.59,0.213,0.251,0.332,24.5,23.2,20.39324,78.13201,ERA5,Asia/Kolkata,Open-Meteo Historical Weather API
MH-Yavatmal,2022-12-13,24.4,28.2,21.2,1.6,1.6,6.0,77,2.83,0.218,0.249,0.331,24.9,23.7,20.39324,78.13201,ERA5,Asia/Kolkata,Open-Meteo Historical Weather API
MH-Yavatmal,2022-12-14,24.8,29.3,21.6,0.2,0.2,1.0,72,3.37,0.227,0.248,0.33,25.4,24.2,20.39324,78.13201,ERA5,Asia/Kolkata,Open-Meteo Historical Weather API
MH-Yavatmal,2022-12-15,24.6,29.8,21.7,0.0,0.0,0.0,64,3.5,0.223,0.246,0.329,25.2,24.4,20.39324,78.13201,ERA5,Asia/Kolkata,Open-Meteo Historical Weather API
MH-Yavatmal,2022-12-16,24.6,30.7,19.9,0.0,0.0,0.0,72,3.3,0.219,0.246,0.328,25.2,24.5,20.39324,78.13201,ERA5,Asia/Kolkata,Open-Meteo Historical Weather API
MH-Yavatmal,2022-12-17,24.0,29.8,19.7,0.0,0.0,0.0,67,3.65,0.218,0.247,0.329,24.9,24.6,20.39324,78.13201,ERA5,Asia/Kolkata,Open-Meteo Historical Weather API
MH-Yavatmal,2022-12-18,21.2,27.9,16.8,0.0,0.0,0.0,55,3.93,0.218,0.25,0.331,22.7,23.3,20.39324,78.13201,ERA5,Asia/Kolkata,Open-Meteo Historical Weather API
MH-Yavatmal,2022-12-19,20.9,27.9,13.0,0.0,0.0,0.0,54,3.48,0.217,0.251,0.332,20.8,21.9,20.39324,78.13201,ERA5,Asia/Kolkata,Open-Meteo Historical Weather API
MH-Yavatmal,2022-12-20,21.0,28.7,13.1,0.0,0.0,0.0,57,3.55,0.216,0.252,0.332,20.7,21.4,20.39324,78.13201,ERA5,Asia/Kolkata,Open-Meteo Historical Weather API
MH-Yavatmal,2022-12-21,21.5,29.0,13.9,0.0,0.0,0.0,54,3.64,0.214,0.252,0.332,20.9,21.3,20.39324,78.13201,ERA5,Asia/Kolkata,Open-Meteo Historical Weather API
MH-Yavatmal,2022-12-22,21.3,28.9,15.4,0.0,0.0,0.0,60,3.64,0.214,0.253,0.332,20.9,21.2,20.39324,78.13201,ERA5,Asia/Kolkata,Open-Meteo Historical Weather API
MH-Yavatmal,2022-12-23,21.5,29.9,14.7,0.0,0.0,0.0,61,3.64,0.214,0.254,0.333,21.4,21.4,20.39324,78.13201,ERA5,Asia/Kolkata,Open-Meteo Historical Weather API
MH-Yavatmal,2022-12-24,21.4,29.1,15.4,0.0,0.0,0.0,63,3.53,0.213,0.254,0.333,21.5,21.6,20.39324,78.13201,ERA5,Asia/Kolkata,Open-Meteo Historical Weather API
MH-Yavatmal,2022-12-25,22.2,29.3,16.2,0.0,0.0,0.0,65,3.57,0.213,0.255,0.333,22.0,21.8,20.39324,78.13201,ERA5,Asia/Kolkata,Open-Meteo Historical Weather API
MH-Yavatmal,2022-12-26,22.7,29.8,17.2,0.0,0.0,0.0,66,3.62,0.211,0.253,0.332,22.8,22.4,20.39324,78.13201,ERA5,Asia/Kolkata,Open-Meteo Historical Weather API
MH-Yavatmal,2022-12-27,23.7,30.1,18.1,0.3,0.3,2.0,74,2.99,0.211,0.254,0.332,23.7,23.0,20.39324,78.13201,ERA5,Asia/Kolkata,Open-Meteo Historical Weather API
MH-Yavatmal,2022-12-28,23.7,29.7,19.4,0.0,0.0,0.0,71,3.48,0.211,0.253,0.331,24.3,23.6,20.39324,78.13201,ERA5,Asia/Kolkata,Open-Meteo Historical Weather API
MH-Yavatmal,2022-12-29,22.2,28.9,16.7,0.0,0.0,0.0,58,3.67,0.21,0.252,0.33,23.2,23.2,20.39324,78.13201,ERA5,Asia/Kolkata,Open-Meteo Historical Weather API
MH-Yavatmal,2022-12-30,22.5,30.3,17.1,0.0,0.0,0.0,64,3.65,0.209,0.251,0.33,22.7,22.7,20.39324,78.13201,ERA5,Asia/Kolkata,Open-Meteo Historical Weather API
MH-Yavatmal,2022-12-31,22.1,29.8,16.2,0.0,0.0,0.0,66,3.6,0.208,0.25,0.329,23.0,22.8,20.39324,78.13201,ERA5,Asia/Kolkata,Open-Meteo Historical Weather API
MH-Yavatmal,2023-01-01,21.4,28.3,16.1,0.0,0.0,0.0,61,3.67,0.207,0.249,0.329,22.5,22.6,20.39324,78.13201,ERA5,Asia/Kolkata,Open-Meteo Historical Weather API
MH-Yavatmal,2023-01-02,20.3,27.2,14.9,0.0,0.0,0.0,69,3.35,0.205,0.248,0.328,21.8,22.0,20.39324,78.13201,ERA5,Asia/Kolkata,Open-Meteo Historical Weather API
MH-Yavatmal,2023-01-03,20.5,26.6,15.7,0.0,0.0,0.0,71,3.04,0.207,0.25,0.33,21.7,21.9,20.39324,78.13201,ERA5,Asia/Kolkata,Open-Meteo Historical Weather API
MH-Yavatmal,2023-01-04,19.2,21.6,17.1,0.3,0.3,3.0,76,2.25,0.212,0.255,0.333,20.8,21.9,20.39324,78.13201,ERA5,Asia/Kolkata,Open-Meteo Historical Weather API
MH-Yavatmal,2023-01-05,18.4,21.3,16.4,0.0,0.0,0.0,78,2.13,0.216,0.258,0.336,20.1,21.3,20.39324,78.13201,ERA5,Asia/Kolkata,Open-Meteo Historical Weather API
MH-Yavatmal,2023-01-06,19.7,25.4,15.0,0.0,0.0,0.0,76,3.11,0.218,0.26,0.337,20.9,21.1,20.39324,78.13201,ERA5,Asia/Kolkata,Open-Meteo Historical Weather API
MH-Yavatmal,2023-01-07,18.9,25.9,13.6,0.0,0.0,0.0,60,3.62,0.217,0.26,0.337,20.6,21.2,20.39324,78.13201,ERA5,Asia/Kolkata,Open-Meteo Historical Weather API
MH-Yavatmal,2023-01-08,17.8,26.4,10.1,0.0,0.0,0.0,54,3.67,0.214,0.259,0.335,19.0,20.1,20.39324,78.13201,ERA5,Asia/Kolkata,Open-Meteo Historical Weather API
MH-Yavatmal,2023-01-09,18.6,27.4,9.0,0.0,0.0,0.0,51,3.56,0.209,0.255,0.333,18.5,19.5,20.39324,78.13201,ERA5,Asia/Kolkata,Open-Meteo Historical Weather API
MH-Yavatmal,2023-01-10,19.4,28.2,11.3,0.0,0.0,0.0,55,3.53,0.208,0.254,0.332,18.8,19.5,20.39324,78.13201,ERA5,Asia/Kolkata,Open-Meteo Historical Weather API
MH-Yavatmal,2023-01-11,20.1,28.4,11.8,0.0,0.0,0.0,58,3.63,0.208,0.253,0.332,19.5,19.8,20.39324,78.13201,ERA5,Asia/Kolkata,Open-Meteo Historical Weather API
MH-Yavatmal,2023-01-12,20.2,29.2,13.6,0.0,0.0,0.0,63,3.82,0.207,0.252,0.331,20.3,20.2,20.39324,78.13201,ERA5,Asia/Kolkata,Open-Meteo Historical Weather API
MH-Yavatmal,2023-01-13,20.7,28.6,14.1,0.0,0.0,0.0,61,3.7,0.206,0.252,0.33,20.9,20.5,20.39324,78.13201,ERA5,Asia/Kolkata,Open-Meteo Historical Weather API
MH-Yavatmal,2023-01-14,20.3,27.6,14.9,0.0,0.0,0.0,69,3.62,0.205,0.252,0.33,21.4,20.9,20.39324,78.13201,ERA5,Asia/Kolkata,Open-Meteo Historical Weather API
MH-Yavatmal,2023-01-15,20.1,26.8,14.2,0.0,0.0,0.0,65,3.52,0.205,0.252,0.33,21.1,21.0,20.39324,78.13201,ERA5,Asia/Kolkata,Open-Meteo Historical Weather API
MH-Yavatmal,2023-01-16,21.1,27.8,15.6,0.0,0.0,0.0,68,3.68,0.205,0.252,0.33,21.8,21.2,20.39324,78.13201,ERA5,Asia/Kolkata,Open-Meteo Historical Weather API
MH-Yavatmal,2023-01-17,21.7,28.6,16.3,0.0,0.0,0.0,70,3.71,0.204,0.251,0.33,22.5,21.9,20.39324,78.13201,ERA5,Asia/Kolkata,Open-Meteo Historical Weather API
MH-Yavatmal,2023-01-18,21.5,28.0,16.3,0.0,0.0,0.0,67,3.72,0.204,0.251,0.329,22.3,22.0,20.39324,78.13201,ERA5,Asia/Kolkata,Open-Meteo Historical Weather API
MH-Yavatmal,2023-01-19,22.0,28.7,16.2,0.0,0.0,0.0,68,3.69,0.204,0.25,0.329,22.7,22.1,20.39324,78.13201,ERA5,Asia/Kolkata,Open-Meteo Historical Weather API
MH-Yavatmal,2023-01-20,22.9,29.3,18.1,0.0,0.0,0.0,61,4.16,0.204,0.251,0.33,23.2,22.5,20.39324,78.13201,ERA5,Asia/Kolkata,Open-Meteo Historical Weather API
MH-Yavatmal,2023-01-21,23.1,29.4,18.7,0.0,0.0,0.0,61,4.18,0.204,0.252,0.331,23.7,22.9,20.39324,78.13201,ERA5,Asia/Kolkata,Open-Meteo Historical Weather API
MH-Yavatmal,2023-01-22,23.2,29.5,18.0,0.0,0.0,0.0,57,4.32,0.205,0.252,0.331,23.8,23.1,20.39324,78.13201,ERA5,Asia/Kolkata,Open-Meteo Historical Weather API
MH-Yavatmal,2023-01-23,22.7,28.9,17.8,0.0,0.0,0.0,60,4.19,0.206,0.253,0.332,23.5,23.1,20.39324,78.13201,ERA5,Asia/Kolkata,Open-Meteo Historical Weather API
MH-Yavatmal,2023-01-24,23.5,30.0,18.0,0.0,0.0,0.0,58,4.51,0.205,0.252,0.331,23.7,23.3,20.39324,78.13201,ERA5,Asia/Kolkata,Open-Meteo Historical Weather API
MH-Yavatmal,2023-01-25,23.6,29.7,19.4,0.0,0.0,0.0,51,4.51,0.204,0.251,0.33,24.3,23.7,20.39324,78.13201,ERA5,Asia/Kolkata,Open-Meteo Historical Weather API
MH-Yavatmal,2023-01-26,22.2,29.2,16.2,0.0,0.0,0.0,54,4.05,0.204,0.251,0.331,23.4,23.3,20.39324,78.13201,ERA5,Asia/Kolkata,Open-Meteo Historical Weather API
MH-Yavatmal,2023-01-27,22.8,29.2,17.3,0.0,0.0,0.0,58,3.91,0.207,0.254,0.333,23.2,23.0,20.39324,78.13201,ERA5,Asia/Kolkata,Open-Meteo Historical Weather API
MH-Yavatmal,2023-01-28,22.6,29.9,17.6,0.0,0.0,0.0,64,4.16,0.205,0.253,0.332,23.4,23.0,20.39324,78.13201,ERA5,Asia/Kolkata,Open-Meteo Historical Weather API
MH-Yavatmal,2023-01-29,22.8,30.3,16.0,0.0,0.0,0.0,63,4.25,0.204,0.252,0.331,23.3,22.9,20.39324,78.13201,ERA5,Asia/Kolkata,Open-Meteo Historical Weather API
MH-Yavatmal,2023-01-30,23.6,29.9,18.2,0.0,0.0,0.0,63,3.99,0.204,0.251,0.331,24.0,23.2,20.39324,78.13201,ERA5,Asia/Kolkata,Open-Meteo Historical Weather API
MH-Yavatmal,2023-01-31,23.6,29.7,19.4,0.0,0.0,0.0,61,3.83,0.203,0.25,0.33,24.1,23.7,20.39324,78.13201,ERA5,Asia/Kolkata,Open-Meteo Historical Weather API
MH-Yavatmal,2023-02-01,22.2,27.9,18.1,0.0,0.0,0.0,59,4.34,0.204,0.25,0.33,23.6,23.6,20.39324,78.13201,ERA5,Asia/Kolkata,Open-Meteo Historical Weather API
MH-Yavatmal,2023-02-02,20.5,28.4,15.2,0.0,0.0,0.0,44,4.81,0.206,0.251,0.33,22.2,22.7,20.39324,78.13201,ERA5,Asia/Kolkata,Open-Meteo Historical Weather API
MH-Yavatmal,2023-02-03,20.0,28.9,10.7,0.0,0.0,0.0,45,4.38,0.204,0.249,0.329,20.4,21.5,20.39324,78.13201,ERA5,Asia/Kolkata,Open-Meteo Historical Weather API
MH-Yavatmal,2023-02-04,20.7,29.6,11.3,0.0,0.0,0.0,48,4.28,0.201,0.247,0.328,20.7,21.1,20.39324,78.13201,ERA5,Asia/Kolkata,Open-Meteo Historical Weather API
MH-Yavatmal,2023-02-05,21.2,30.0,13.3,0.0,0.0,0.0,49,4.47,0.199,0.245,0.327,21.0,21.1,20.39324,78.13201,ERA5,Asia/Kolkata,Open-Meteo Historical Weather API
MH-Yavatmal,2023-02-06,22.7,31.0,14.8,0.0,0.0,0.0,44,4.5,0.196,0.243,0.325,22.1,21.6,20.39324,78.13201,ERA5,Asia/Kolkata,Open-Meteo Historical Weather API
MH-Yavatmal,2023-02-07,23.0,31.4,14.8,0.0,0.0,0.0,53,4.59,0.194,0.241,0.323,23.3,22.3,20.39324,78.13201,ERA5,Asia/Kolkata,Open-Meteo Historical Weather API
MH-Yavatmal,2023-02-08,23.1,30.7,16.0,0.0,0.0,0.0,49,4.92,0.193,0.239,0.321,23.7,23.0,20.39324,78.13201,ERA5,Asia/Kolkata,Open-Meteo Historical Weather API
MH-Yavatmal,2023-02-09,22.5,31.1,13.6,0.0,0.0,0.0,44,4.6,0.193,0.237,0.319,22.7,22.7,20.39324,78.13201,ERA5,Asia/Kolkata,Open-Meteo Historical Weather API
MH-Yavatmal,2023-02-10,24.1,33.6,14.1,0.0,0.0,0.0,45,4.74,0.193,0.237,0.317,23.2,22.8,20.39324,78.13201,ERA5,Asia/Kolkata,Open-Meteo Historical Weather API
MH-Yavatmal,2023-02-11,24.0,33.8,15.2,0.0,0.0,0.0,46,5.41,0.191,0.235,0.315,24.0,23.1,20.39324,78.13201,ERA5,Asia/Kolkata,Open-Meteo Historical Weather API
MH-Yavatmal,2023-02-12,23.6,30.7,16.1,0.0,0.0,0.0,42,5.36,0.191,0.234,0.314,24.0,23.3,20.39324,78.13201,ERA5,Asia/Kolkata,Open-Meteo Historical Weather API
MH-Yavatmal,2023-02-13,21.9,29.7,14.6,0.0,0.0,0.0,41,5.22,0.193,0.235,0.314,23.0,23.1,20.39324,78.13201,ERA5,Asia/Kolkata,Open-Meteo Historical Weather API
MH-Yavatmal,2023-02-14,21.6,30.7,12.5,0.0,0.0,0.0,40,4.95,0.195,0.234,0.314,22.4,22.4,20.39324,78.13201,ERA5,Asia/Kolkata,Open-Meteo Historical Weather API
MH-Yavatmal,2023-02-15,22.8,32.3,13.1,0.0,0.0,0.0,44,4.97,0.195,0.232,0.313,23.1,22.6,20.39324,78.13201,ERA5,Asia/Kolkata,Open-Meteo Historical Weather API
MH-Yavatmal,2023-02-16,24.8,33.7,15.4,0.0,0.0,0.0,40,5.81,0.193,0.226,0.309,24.4,23.2,20.39324,78.13201,ERA5,Asia/Kolkata,Open-Meteo Historical Weather API
MH-Yavatmal,2023-02-17,25.4,33.5,17.1,0.0,0.0,0.0,40,5.47,0.191,0.223,0.306,25.4,24.2,20.39324,78.13201,ERA5,Asia/Kolkata,Open-Meteo Historical Weather API
MH-Yavatmal,2023-02-18,24.4,31.5,17.2,0.0,0.0,0.0,48,4.99,0.189,0.221,0.303,25.3,24.4,20.39324,78.13201,ERA5,Asia/Kolkata,Open-Meteo Historical Weather API
MH-Yavatmal,2023-02-19,24.7,32.6,16.2,0.0,0.0,0.0,49,4.83,0.188,0.219,0.3,25.1,24.5,20.39324,78.13201,ERA5,Asia/Kolkata,Open-Meteo Historical Weather API
MH-Yavatmal,2023-02-20,25.3,34.6,16.4,0.0,0.0,0.0,48,4.91,0.188,0.219,0.299,25.4,24.6,20.39324,78.13201,ERA5,Asia/Kolkata,Open-Meteo Historical Weather API
MH-Yavatmal,2023-02-21,25.3,35.2,16.8,0.0,0.0,0.0,45,5.64,0.185,0.217,0.297,25.7,24.7,20.39324,78.13201,ERA5,Asia/Kolkata,Open-Meteo Historical Weather API
MH-Yavatmal,2023-02-22,25.1,34.7,16.2,0.0,0.0,0.0,40,5.87,0.186,0.217,0.295,25.7,24.8,20.39324,78.13201,ERA5,Asia/Kolkata,Open-Meteo Historical Weather API
MH-Yavatmal,2023-02-23,24.3,34.6,16.0,0.0,0.0,0.0,41,5.63,0.186,0.215,0.293,25.2,24.7,20.39324,78.13201,ERA5,Asia/Kolkata,Open-Meteo Historical Weather API
MH-Yavatmal,2023-02-24,25.1,34.7,16.5,0.0,0.0,0.0,38,5.78,0.185,0.214,0.29,25.4,24.7,20.39324,78.13201,ERA5,Asia/Kolkata,Open-Meteo Historical Weather API
MH-Yavatmal,2023-02-25,26.3,34.7,17.8,0.0,0.0,0.0,34,5.62,0.185,0.213,0.288,25.7,24.8,20.39324,78.13201,ERA5,Asia/Kolkata,Open-Meteo Historical Weather API
MH-Yavatmal,2023-02-26,26.1,34.8,17.1,0.0,0.0,0.0,38,5.61,0.184,0.213,0.285,26.1,25.0,20.39324,78.13201,ERA5,Asia/Kolkata,Open-Meteo Historical Weather API
MH-Yavatmal,2023-02-27,26.3,34.4,17.6,0.0,0.0,0.0,40,5.6,0.182,0.212,0.283,26.7,25.5,20.39324,78.13201,ERA5,Asia/Kolkata,Open-Meteo Historical Weather API
MH-Yavatmal,2023-02-28,26.8,34.1,20.0,0.0,0.0,0.0,42,5.1,0.184,0.214,0.286,27.3,26.3,20.39324,78.13201,ERA5,Asia/Kolkata,Open-Meteo Historical Weather API
MH-Yavatmal,2023-03-01,27.1,34.1,20.6,0.0,0.0,0.0,42,5.27,0.187,0.216,0.288,27.9,26.9,20.39324,78.13201,ERA5,Asia/Kolkata,Open-Meteo Historical Weather API
MH-Yavatmal,2023-03-02,26.9,34.6,20.5,0.0,0.0,0.0,45,4.97,0.193,0.219,0.292,28.0,27.0,20.39324,78.13201,ERA5,Asia/Kolkata,Open-Meteo Historical Weather API
MH-Yavatmal,2023-03-03,27.2,35.0,19.3,0.0,0.0,0.0,47,5.25,0.197,0.224,0.294,27.8,26.9,20.39324,78.13201,ERA5,Asia/Kolkata,Open-Meteo Historical Weather API
MH-Yavatmal,2023-03-04,28.0,35.5,21.4,0.0,0.0,0.0,43,5.86,0.195,0.225,0.292,28.2,27.0,20.39324,78.13201,ERA5,Asia/Kolkata,Open-Meteo Historical Weather API
MH-Yavatmal,2023-03-05,26.8,33.7,20.2,0.0,0.0,0.0,41,5.99,0.195,0.225,0.293,27.8,27.0,20.39324,78.13201,ERA5,Asia/Kolkata,Open-Meteo Historical Weather API
MH-Yavatmal,2023-03-06,26.4,34.4,19.6,1.3,1.3,3.0,45,5.05,0.202,0.227,0.294,27.2,26.7,20.39324,78.13201,ERA5,Asia/Kolkata,Open-Meteo Historical Weather API
MH-Yavatmal,2023-03-07,23.1,27.5,18.9,0.4,0.4,4.0,54,4.72,0.221,0.237,0.302,25.0,26.1,20.39324,78.13201,ERA5,Asia/Kolkata,Open-Meteo Historical Weather API
MH-Yavatmal,2023-03-08,24.5,32.6,17.2,0.0,0.0,0.0,50,5.09,0.22,0.239,0.305,25.1,25.0,20.39324,78.13201,ERA5,Asia/Kolkata,Open-Meteo Historical Weather API
MH-Yavatmal,2023-03-09,25.3,33.0,18.4,0.0,0.0,0.0,44,5.06,0.212,0.238,0.303,26.0,25.3,20.39324,78.13201,ERA5,Asia/Kolkata,Open-Meteo Historical Weather API
MH-Yavatmal,2023-03-10,26.4,33.7,20.0,0.0,0.0,0.0,41,5.33,0.206,0.235,0.301,26.7,25.8,20.39324,78.13201,ERA5,Asia/Kolkata,Open-Meteo Historical Weather API
MH-Yavatmal,2023-03-11,27.4,34.1,20.5,0.0,0.0,0.0,38,5.79,0.201,0.233,0.299,27.4,26.1,20.39324,78.13201,ERA5,Asia/Kolkata,Open-Meteo Historical Weather API
MH-Yavatmal,2023-03-12,27.4,34.9,19.4,0.0,0.0,0.0,39,5.79,0.196,0.23,0.298,27.8,26.6,20.39324,78.13201,ERA5,Asia/Kolkata,Open-Meteo Historical Weather API
MH-Yavatmal,2023-03-13,27.5,35.6,19.5,0.0,0.0,0.0,38,5.78,0.194,0.229,0.296,27.9,26.8,20.39324,78.13201,ERA5,Asia/Kolkata,Open-Meteo Historical Weather API
MH-Yavatmal,2023-03-14,26.9,34.0,20.7,0.1,0.1,1.0,41,5.59,0.193,0.229,0.296,27.9,26.9,20.39324,78.13201,ERA5,Asia/Kolkata,Open-Meteo Historical Weather API
MH-Yavatmal,2023-03-15,27.2,33.7,20.4,0.2,0.2,2.0,43,5.62,0.195,0.232,0.298,27.9,27.0,20.39324,78.13201,ERA5,Asia/Kolkata,Open-Meteo Historical Weather API
MH-Yavatmal,2023-03-16,24.9,29.6,22.3,0.6,0.6,2.0,55,4.63,0.196,0.233,0.298,26.8,27.3,20.39324,78.13201,ERA5,Asia/Kolkata,Open-Meteo Historical Weather API
MH-Yavatmal,2023-03-17,24.1,31.2,19.3,8.0,8.0,12.0,66,4.69,0.209,0.231,0.297,27.0,26.7,20.39324,78.13201,ERA5,Asia/Kolkata,Open-Meteo Historical Weather API
MH-Yavatmal,2023-03-18,23.0,28.5,19.2,8.0,8.0,10.0,72,4.06,0.319,0.231,0.295,26.0,26.2,20.39324,78.13201,ERA5,Asia/Kolkata,Open-Meteo Historical Weather API
MH-Yavatmal,2023-03-19,22.8,29.1,17.8,7.2,7.2,8.0,70,4.45,0.367,0.246,0.292,25.4,25.5,20.39324,78.13201,ERA5,Asia/Kolkata,Open-Meteo Historical Weather API
MH-Yavatmal,2023-03-20,24.5,30.8,19.0,0.0,0.0,0.0,58,4.95,0.325,0.247,0.287,25.9,25.3,20.39324,78.13201,ERA5,Asia/Kolkata,Open-Meteo Historical Weather API
MH-Yavatmal,2023-03-21,25.6,31.2,21.0,0.0,0.0,0.0,50,5.44,0.295,0.242,0.282,26.5,25.5,20.39324,78.13201,ERA5,Asia/Kolkata,Open-Meteo Historical Weather API
MH-Yavatmal,2023-03-22,26.3,31.5,21.0,0.1,0.1,1.0,48,4.71,0.273,0.236,0.277,27.0,25.9,20.39324,78.13201,ERA5,Asia/Kolkata,Open-Meteo Historical Weather API
MH-Yavatmal,2023-03-23,26.6,33.4,20.4,0.0,0.0,0.0,50,5.39,0.256,0.231,0.274,27.4,26.1,20.39324,78.13201,ERA5,Asia/Kolkata,Open-Meteo Historical Weather API
MH-Yavatmal,2023-03-24,28.3,34.5,21.7,0.0,0.0,0.0,44,5.88,0.237,0.225,0.269,28.4,26.8,20.39324,78.13201,ERA5,Asia/Kolkata,Open-Meteo Historical Weather API
MH-Yavatmal,2023-03-25,29.1,35.7,23.7,0.0,0.0,0.0,42,5.67,0.22,0.219,0.264,29.5,27.6,20.39324,78.13201,ERA5,Asia/Kolkata,Open-Meteo Historical Weather API
MH-Yavatmal,2023-03-26,29.5,35.5,23.6,0.0,0.0,0.0,42,6.21,0.207,0.215,0.261,30.1,28.4,20.39324,78.13201,ERA5,Asia/Kolkata,Open-Meteo Historical Weather API
MH-Yavatmal,2023-03-27,28.6,35.6,21.9,0.0,0.0,0.0,31,7.21,0.197,0.21,0.258,30.0,28.6,20.39324,78.13201,ERA5,Asia/Kolkata,Open-Meteo Historical Weather API
MH-Yavatmal,2023-03-28,28.9,36.3,21.2,0.0,0.0,0.0,31,6.89,0.189,0.206,0.254,30.2,28.6,20.39324,78.13201,ERA5,Asia/Kolkata,Open-Meteo Historical Weather API
MH-Yavatmal,2023-03-29,30.4,37.8,21.5,0.0,0.0,0.0,34,6.67,0.184,0.204,0.251,30.9,28.9,20.39324,78.13201,ERA5,Asia/Kolkata,Open-Meteo Historical Weather API
MH-Yavatmal,2023-03-30,31.2,38.1,23.8,0.0,0.0,0.0,32,7.43,0.182,0.203,0.25,31.9,29.7,20.39324,78.13201,ERA5,Asia/Kolkata,Open-Meteo Historical Weather API
MH-Yavatmal,2023-03-31,29.5,34.8,25.6,0.0,0.0,0.0,38,7.01,0.178,0.204,0.249,31.8,30.2,20.39324,78.13201,ERA5,Asia/Kolkata,Open-Meteo Historical Weather API
MH-Yavatmal,2023-04-01,28.8,34.7,22.8,0.0,0.0,0.0,37,7.11,0.179,0.204,0.249,31.1,30.0,20.39324,78.13201,ERA5,Asia/Kolkata,Open-Meteo Historical Weather API
MH-Yavatmal,2023-04-02,29.3,36.7,21.5,0.0,0.0,0.0,35,7.18,0.179,0.205,0.249,31.1,29.8,20.39324,78.13201,ERA5,Asia/Kolkata,Open-Meteo Historical Weather API
MH-Yavatmal,2023-04-03,30.3,36.7,23.3,0.0,0.0,0.0,34,6.67,0.181,0.207,0.25,31.6,29.9,20.39324,78.13201,ERA5,Asia/Kolkata,Open-Meteo Historical Weather API
MH-Yavatmal,2023-04-04,30.8,37.7,23.5,0.0,0.0,0.0,33,7.27,0.18,0.206,0.249,32.0,30.4,20.39324,78.13201,ERA5,Asia/Kolkata,Open-Meteo Historical Weather API
MH-Yavatmal,2023-04-05,31.0,38.2,23.8,0.0,0.0,0.0,33,6.71,0.179,0.204,0.247,32.4,30.7,20.39324,78.13201,ERA5,Asia/Kolkata,Open-Meteo Historical Weather API
MH-Yavatmal,2023-04-06,31.5,37.0,25.7,0.0,0.0,0.0,33,6.41,0.182,0.206,0.247,32.5,30.8,20.39324,78.13201,ERA5,Asia/Kolkata,Open-Meteo Historical Weather API
MH-Yavatmal,2023-04-07,28.8,34.5,25.2,0.9,0.9,1.0,44,4.74,0.191,0.213,0.251,30.1,30.4,20.39324,78.13201,ERA5,Asia/Kolkata,Open-Meteo Historical Weather API
MH-Yavatmal,2023-04-08,25.3,30.0,21.7,0.6,0.6,2.0,60,3.48,0.209,0.221,0.259,27.7,29.1,20.39324,78.13201,ERA5,Asia/Kolkata,Open-Meteo Historical Weather API
MH-Yavatmal,2023-04-09,28.9,35.8,23.3,1.7,1.7,6.0,53,5.31,0.213,0.221,0.258,30.1,29.0,20.39324,78.13201,ERA5,Asia/Kolkata,Open-Meteo Historical Weather API
MH-Yavatmal,2023-04-10,30.2,36.3,23.2,0.1,0.1,1.0,50,5.48,0.222,0.219,0.257,31.0,29.7,20.39324,78.13201,ERA5,Asia/Kolkata,Open-Meteo Historical Weather API
MH-Yavatmal,2023-04-11,32.2,38.7,25.6,0.1,0.1,1.0,39,6.28,0.214,0.217,0.257,32.5,30.6,20.39324,78.13201,ERA5,Asia/Kolkata,Open-Meteo Historical Weather API
MH-Yavatmal,2023-04-12,32.7,39.4,25.0,0.0,0.0,0.0,38,6.8,0.204,0.214,0.256,33.3,31.4,20.39324,78.13201,ERA5,Asia/Kolkata,Open-Meteo Historical Weather API
MH-Yavatmal,2023-04-13,32.7,40.4,24.8,0.0,0.0,0.0,35,7.16,0.198,0.215,0.257,33.2,31.7,20.39324,78.13201,ERA5,Asia/Kolkata,Open-Meteo Historical Weather API
MH-Yavatmal,2023-04-14,33.4,39.9,27.4,0.3,0.3,3.0,34,7.47,0.191,0.21,0.253,33.9,31.9,20.39324,78.13201,ERA5,Asia/Kolkata,Open-Meteo Historical Weather API
MH-Yavatmal,2023-04-15,30.5,34.5,27.1,0.2,0.2,2.0,39,6.12,0.193,0.21,0.254,32.1,31.9,20.39324,78.13201,ERA5,Asia/Kolkata,Open-Meteo Historical Weather API
MH-Yavatmal,2023-04-16,31.0,39.1,22.9,0.0,0.0,0.0,39,7.0,0.192,0.212,0.256,32.4,31.3,20.39324,78.13201,ERA5,Asia/Kolkata,Open-Meteo Historical Weather API
MH-Yavatmal,2023-04-17,32.5,40.7,24.4,0.0,0.0,0.0,35,6.96,0.191,0.211,0.255,33.1,31.6,20.39324,78.13201,ERA5,Asia/Kolkata,Open-Meteo Historical Weather API
MH-Yavatmal,2023-04-18,33.1,41.1,25.1,0.3,0.3,1.0,34,7.1,0.189,0.209,0.253,33.6,31.9,20.39324,78.13201,ERA5,Asia/Kolkata,Open-Meteo Historical Weather API
MH-Yavatmal,2023-04-19,34.2,41.2,28.3,0.1,0.1,1.0,29,7.39,0.186,0.206,0.25,34.8,32.6,20.39324,78.13201,ERA5,Asia/Kolkata,Open-Meteo Historical Weather API
MH-Yavatmal,2023-04-20,32.6,39.9,26.9,0.8,0.8,3.0,33,7.51,0.188,0.209,0.252,34.2,33.0,20.39324,78.13201,ERA5,Asia/Kolkata,Open-Meteo Historical Weather API
MH-Yavatmal,2023-04-21,29.1,36.4,21.3,1.5,1.5,8.0,51,6.09,0.203,0.215,0.257,31.9,32.2,20.39324,78.13201,ERA5,Asia/Kolkata,Open-Meteo Historical Weather API
MH-Yavatmal,2023-04-22,29.9,37.4,23.8,0.1,0.1,1.0,43,6.7,0.218,0.217,0.259,31.7,31.6,20.39324,78.13201,ERA5,Asia/Kolkata,Open-Meteo Historical Weather API
MH-Yavatmal,2023-04-23,28.8,34.9,23.7,0.1,0.1,1.0,49,6.14,0.228,0.218,0.26,31.3,31.2,20.39324,78.13201,ERA5,Asia/Kolkata,Open-Meteo Historical Weather API
MH-Yavatmal,2023-04-24,29.9,36.9,23.1,0.0,0.0,0.0,47,6.02,0.216,0.215,0.259,31.4,30.8,20.39324,78.13201,ERA5,Asia/Kolkata,Open-Meteo Historical Weather API
MH-Yavatmal,2023-04-25,27.9,36.4,23.6,2.6,2.6,6.0,62,5.26,0.217,0.213,0.258,30.7,30.8,20.39324,78.13201,ERA5,Asia/Kolkata,Open-Meteo Historical Weather API
MH-Yavatmal,2023-04-26,27.7,33.7,23.2,6.1,6.1,7.0,62,4.94,0.253,0.213,0.258,29.9,30.2,20.39324,78.13201,ERA5,Asia/Kolkata,Open-Meteo Historical Weather API
MH-Yavatmal,2023-04-27,26.4,33.4,20.0,2.9,2.9,11.0,65,5.45,0.286,0.215,0.259,29.4,29.8,20.39324,78.13201,ERA5,Asia/Kolkata,Open-Meteo Historical Weather API
MH-Yavatmal,2023-04-28,27.2,33.7,21.8,3.0,3.0,7.0,62,5.55,0.283,0.22,0.261,29.1,29.8,20.39324,78.13201,ERA5,Asia/Kolkata,Open-Meteo Historical Weather API
MH-Yavatmal,2023-04-29,26.2,32.1,20.5,5.6,5.6,6.0,67,4.83,0.337,0.223,0.261,29.1,29.4,20.39324,78.13201,ERA5,Asia/Kolkata,Open-Meteo Historical Weather API
MH-Yavatmal,2023-04-30,23.5,26.6,20.6,19.7,19.7,20.0,83,4.0,0.388,0.251,0.265,27.2,28.8,20.39324,78.13201,ERA5,Asia/Kolkata,Open-Meteo Historical Weather API
MH-Yavatmal,2023-05-01,24.3,30.7,19.1,11.9,11.9,16.0,79,3.3,0.415,0.31,0.265,27.0,27.5,20.39324,78.13201,ERA5,Asia/Kolkata,Open-Meteo Historical Weather API
MH-Yavatmal,2023-05-02,25.3,28.6,21.8,7.1,7.1,14.0,78,4.03,0.409,0.333,0.264,27.6,27.3,20.39324,78.13201,ERA5,Asia/Kolkata,Open-Meteo Historical Weather API
MH-Yavatmal,2023-05-03,24.4,29.1,20.6,2.9,2.9,6.0,81,3.75,0.393,0.349,0.266,26.8,27.3,20.39324,78.13201,ERA5,Asia/Kolkata,Open-Meteo Historical Weather API
MH-Yavatmal,2023-05-04,26.5,31.4,22.6,1.5,1.5,6.0,74,4.79,0.37,0.348,0.266,28.4,27.8,20.39324,78.13201,ERA5,Asia/Kolkata,Open-Meteo Historical Weather API
MH-Yavatmal,2023-05-05,27.9,33.1,23.1,0.2,0.2,2.0,67,5.22,0.352,0.341,0.266,29.3,28.5,20.39324,78.13201,ERA5,Asia/Kolkata,Open-Meteo Historical Weather API
MH-Yavatmal,2023-05-06,30.4,35.5,24.4,0.1,0.1,1.0,58,6.06,0.332,0.33,0.264,31.0,29.4,20.39324,78.13201,ERA5,Asia/Kolkata,Open-Meteo Historical Weather API
MH-Yavatmal,2023-05-07,31.0,37.2,25.9,0.0,0.0,0.0,52,6.37,0.308,0.316,0.261,31.6,30.2,20.39324,78.13201,ERA5,Asia/Kolkata,Open-Meteo Historical Weather API
MH-Yavatmal,2023-05-08,32.3,38.2,27.0,0.1,0.1,1.0,52,6.22,0.287,0.303,0.258,32.5,30.7,20.39324,78.13201,ERA5,Asia/Kolkata,Open-Meteo Historical Weather API
MH-Yavatmal,2023-05-09,32.5,39.2,26.7,0.0,0.0,0.0,47,6.39,0.266,0.293,0.255,32.7,31.2,20.39324,78.13201,ERA5,Asia/Kolkata,Open-Meteo Historical Weather API
MH-Yavatmal,2023-05-10,32.9,40.0,26.0,0.0,0.0,0.0,45,6.8,0.246,0.282,0.252,33.0,31.4,20.39324,78.13201,ERA5,Asia/Kolkata,Open-Meteo Historical Weather API
MH-Yavatmal,2023-05-11,32.6,40.0,25.2,0.0,0.0,0.0,36,7.02,0.229,0.272,0.25,32.8,31.4,20.39324,78.13201,ERA5,Asia/Kolkata,Open-Meteo Historical Weather API
MH-Yavatmal,2023-05-12,32.9,41.7,24.0,0.0,0.0,0.0,33,7.74,0.215,0.261,0.247,32.9,31.7,20.39324,78.13201,ERA5,Asia/Kolkata,Open-Meteo Historical Weather API
MH-Yavatmal,2023-05-13,33.4,41.9,23.5,0.0,0.0,0.0,27,8.42,0.205,0.253,0.245,33.3,31.9,20.39324,78.13201,ERA5,Asia/Kolkata,Open-Meteo Historical Weather API
MH-Yavatmal,2023-05-14,34.7,42.1,26.6,0.0,0.0,0.0,27,10.07,0.198,0.244,0.243,34.3,32.4,20.39324,78.13201,ERA5,Asia/Kolkata,Open-Meteo Historical Weather API
MH-Yavatmal,2023-05-15,35.3,41.1,30.0,0.0,0.0,0.0,30,10.35,0.19,0.236,0.241,35.5,33.3,20.39324,78.13201,ERA5,Asia/Kolkata,Open-Meteo Historical Weather API
MH-Yavatmal,2023-05-16,34.4,40.5,29.1,0.0,0.0,0.0,34,9.35,0.184,0.231,0.241,35.4,33.6,20.39324,78.13201,ERA5,Asia/Kolkata,Open-Meteo Historical Weather API
MH-Yavatmal,2023-05-17,34.0,39.8,28.1,0.0,0.0,0.0,38,8.43,0.181,0.228,0.241,35.5,33.8,20.39324,78.13201,ERA5,Asia/Kolkata,Open-Meteo Historical Weather API
MH-Yavatmal,2023-05-18,34.7,40.8,29.3,0.1,0.1,1.0,38,7.64,0.181,0.226,0.241,35.6,34.1,20.39324,78.13201,ERA5,Asia/Kolkata,Open-Meteo Historical Weather API
MH-Yavatmal,2023-05-19,34.9,41.5,29.1,0.0,0.0,0.0,32,8.85,0.181,0.224,0.241,35.8,34.1,20.39324,78.13201,ERA5,Asia/Kolkata,Open-Meteo Historical Weather API
MH-Yavatmal,2023-05-20,34.9,41.0,28.8,0.0,0.0,0.0,32,8.33,0.181,0.221,0.241,35.8,34.3,20.39324,78.13201,ERA5,Asia/Kolkata,Open-Meteo Historical Weather API
MH-Yavatmal,2023-05-21,34.5,42.0,27.6,1.1,1.1,2.0,34,7.27,0.18,0.219,0.242,35.9,34.4,20.39324,78.13201,ERA5,Asia/Kolkata,Open-Meteo Historical Weather API
MH-Yavatmal,2023-05-22,33.7,39.4,27.7,0.7,0.7,2.0,37,7.19,0.187,0.22,0.244,35.5,34.6,20.39324,78.13201,ERA5,Asia/Kolkata,Open-Meteo Historical Weather API
MH-Yavatmal,2023-05-23,34.7,41.3,28.1,0.2,0.2,2.0,37,7.0,0.193,0.219,0.245,35.8,34.6,20.39324,78.13201,ERA5,Asia/Kolkata,Open-Meteo Historical Weather API
MH-Yavatmal,2023-05-24,34.7,41.7,28.8,0.1,0.1,1.0,37,7.63,0.193,0.22,0.247,36.0,34.7,20.39324,78.13201,ERA5,Asia/Kolkata,Open-Meteo Historical Weather API
MH-Yavatmal,2023-05-25,34.6,39.6,30.1,0.0,0.0,0.0,34,9.02,0.192,0.217,0.245,35.8,34.6,20.39324,78.13201,ERA5,Asia/Kolkata,Open-Meteo Historical Weather API
MH-Yavatmal,2023-05-26,33.7,38.8,28.9,0.0,0.0,0.0,34,8.99,0.186,0.214,0.244,35.4,34.2,20.39324,78.13201,ERA5,Asia/Kolkata,Open-Meteo Historical Weather API
MH-Yavatmal,2023-05-27,33.9,39.4,28.3,0.0,0.0,0.0,35,8.91,0.184,0.211,0.244,35.3,34.1,20.39324,78.13201,ERA5,Asia/Kolkata,Open-Meteo Historical Weather API
MH-Yavatmal,2023-05-28,33.4,39.3,28.9,0.0,0.0,0.0,39,7.81,0.183,0.212,0.245,35.5,34.4,20.39324,78.13201,ERA5,Asia/Kolkata,Open-Meteo Historical Weather API
MH-Yavatmal,2023-05-29,32.9,39.7,25.6,0.0,0.0,0.0,40,6.9,0.187,0.218,0.251,34.9,34.4,20.39324,78.13201,ERA5,Asia/Kolkata,Open-Meteo Historical Weather API
MH-Yavatmal,2023-05-30,33.2,38.9,26.7,0.0,0.0,0.0,38,7.42,0.187,0.217,0.251,35.3,34.8,20.39324,78.13201,ERA5,Asia/Kolkata,Open-Meteo Historical Weather API
MH-Yavatmal,2023-05-31,34.1,40.6,26.9,0.0,0.0,0.0,36,8.33,0.187,0.218,0.252,35.7,34.8,20.39324,78.13201,ERA5,Asia/Kolkata,Open-Meteo Historical Weather API
MH-Yavatmal,2023-06-01,34.8,41.7,26.9,0.0,0.0,0.0,30,8.41,0.186,0.214,0.249,36.0,34.8,20.39324,78.13201,ERA5,Asia/Kolkata,Open-Meteo Historical Weather API
MH-Yavatmal,2023-06-02,35.5,41.1,30.5,0.0,0.0,0.0,28,9.72,0.182,0.209,0.245,36.4,34.9,20.39324,78.13201,ERA5,Asia/Kolkata,Open-Meteo Historical Weather API
MH-Yavatmal,2023-06-03,35.0,40.8,29.9,0.0,0.0,0.0,36,8.21,0.179,0.206,0.242,36.6,35.1,20.39324,78.13201,ERA5,Asia/Kolkata,Open-Meteo Historical Weather API
MH-Yavatmal,2023-06-04,32.9,39.5,27.5,0.3,0.3,1.0,40,7.83,0.184,0.208,0.244,35.3,35.2,20.39324,78.13201,ERA5,Asia/Kolkata,Open-Meteo Historical Weather API
MH-Yavatmal,2023-06-05,33.1,39.2,26.0,0.0,0.0,0.0,43,8.03,0.188,0.211,0.246,34.9,34.7,20.39324,78.13201,ERA5,Asia/Kolkata,Open-Meteo Historical Weather API
MH-Yavatmal,2023-06-06,34.4,39.7,28.9,0.0,0.0,0.0,38,8.06,0.186,0.21,0.245,35.8,34.9,20.39324,78.13201,ERA5,Asia/Kolkata,Open-Meteo Historical Weather API
MH-Yavatmal,2023-06-07,34.5,40.0,29.4,0.0,0.0,0.0,37,7.57,0.185,0.209,0.244,35.9,35.1,20.39324,78.13201,ERA5,Asia/Kolkata,Open-Meteo Historical Weather API
MH-Yavatmal,2023-06-08,35.0,40.7,29.0,0.0,0.0,0.0,36,8.72,0.186,0.209,0.245,36.0,35.2,20.39324,78.13201,ERA5,Asia/Kolkata,Open-Meteo Historical Weather API
MH-Yavatmal,2023-06-09,35.0,40.9,29.8,0.1,0.1,1.0,38,8.56,0.184,0.206,0.242,36.4,35.3,20.39324,78.13201,ERA5,Asia/Kolkata,Open-Meteo Historical Weather API
MH-Yavatmal,2023-06-10,34.6,40.3,30.2,0.0,0.0,0.0,38,8.38,0.185,0.203,0.239,36.3,35.5,20.39324,78.13201,ERA5,Asia/Kolkata,Open-Meteo Historical Weather API
MH-Yavatmal,2023-06-11,34.0,39.7,28.6,0.0,0.0,0.0,44,7.88,0.186,0.204,0.239,36.0,35.3,20.39324,78.13201,ERA5,Asia/Kolkata,Open-Meteo Historical Weather API
MH-Yavatmal,2023-06-12,34.0,38.7,29.4,0.8,0.8,2.0,44,7.38,0.186,0.203,0.239,36.3,35.5,20.39324,78.13201,ERA5,Asia/Kolkata,Open-Meteo Historical Weather API
MH-Yavatmal,2023-06-13,34.4,40.3,28.1,0.0,0.0,0.0,41,8.14,0.191,0.204,0.238,36.1,35.3,20.39324,78.13201,ERA5,Asia/Kolkata,Open-Meteo Historical Weather API
MH-Yavatmal,2023-06-14,34.5,40.0,29.9,0.0,0.0,0.0,40,8.85,0.19,0.204,0.238,36.4,35.4,20.39324,78.13201,ERA5,Asia/Kolkata,Open-Meteo Historical Weather API
MH-Yavatmal,2023-06-15,34.3,39.4,29.5,0.0,0.0,0.0,41,8.32,0.189,0.205,0.238,36.1,35.3,20.39324,78.13201,ERA5,Asia/Kolkata,Open-Meteo Historical Weather API
MH-Yavatmal,2023-06-16,34.7,40.1,30.2,0.0,0.0,0.0,35,8.36,0.187,0.204,0.237,36.3,35.1,20.39324,78.13201,ERA5,Asia/Kolkata,Open-Meteo Historical Weather API
MH-Yavatmal,2023-06-17,34.7,39.5,30.1,0.0,0.0,0.0,39,8.46,0.183,0.201,0.235,36.7,35.4,20.39324,78.13201,ERA5,Asia/Kolkata,Open-Meteo Historical Weather API
MH-Yavatmal,2023-06-18,34.3,38.7,30.0,0.0,0.0,0.0,41,8.76,0.182,0.201,0.234,36.7,35.5,20.39324,78.13201,ERA5,Asia/Kolkata,Open-Meteo Historical Weather API
MH-Yavatmal,2023-06-19,34.1,38.5,29.6,0.0,0.0,0.0,40,8.95,0.18,0.201,0.233,36.5,35.4,20.39324,78.13201,ERA5,Asia/Kolkata,Open-Meteo Historical Weather API
MH-Yavatmal,2023-06-20,34.2,38.8,29.8,0.0,0.0,0.0,43,8.24,0.178,0.199,0.231,36.6,35.4,20.39324,78.13201,ERA5,Asia/Kolkata,Open-Meteo Historical Weather API
MH-Yavatmal,2023-06-21,33.8,38.8,29.7,0.1,0.1,1.0,46,8.05,0.181,0.198,0.23,36.3,35.5,20.39324,78.13201,ERA5,Asia/Kolkata,Open-Meteo Historical Weather API
MH-Yavatmal,2023-06-22,32.2,35.8,28.0,1.0,1.0,6.0,50,6.24,0.185,0.199,0.23,35.1,35.2,20.39324,78.13201,ERA5,Asia/Kolkata,Open-Meteo Historical Weather API
MH-Yavatmal,2023-06-23,27.5,31.5,25.1,12.6,12.6,21.0,78,2.42,0.237,0.2,0.23,30.9,33.2,20.39324,78.13201,ERA5,Asia/Kolkata,Open-Meteo Historical Weather API
MH-Yavatmal,2023-06-24,29.1,34.3,24.4,0.9,0.9,4.0,68,4.55,0.323,0.207,0.23,31.2,31.5,20.39324,78.13201,ERA5,Asia/Kolkata,Open-Meteo Historical Weather API
MH-Yavatmal,2023-06-25,29.9,33.4,26.8,1.9,1.9,4.0,60,3.95,0.294,0.209,0.23,31.2,31.6,20.39324,78.13201,ERA5,Asia/Kolkata,Open-Meteo Historical Weather API
MH-Yavatmal,2023-06-26,25.3,26.5,23.9,31.4,31.4,24.0,89,1.5,0.399,0.233,0.228,27.8,30.0,20.39324,78.13201,ERA5,Asia/Kolkata,Open-Meteo Historical Weather API
MH-Yavatmal,2023-06-27,24.4,25.3,23.3,48.4,48.4,24.0,91,1.32,0.45,0.358,0.229,26.0,27.7,20.39324,78.13201,ERA5,Asia/Kolkata,Open-Meteo Historical Weather API
MH-Yavatmal,2023-06-28,26.4,29.4,24.1,6.0,6.0,21.0,82,2.63,0.448,0.443,0.25,26.9,27.3,20.39324,78.13201,ERA5,Asia/Kolkata,Open-Meteo Historical Weather API
MH-Yavatmal,2023-06-29,27.1,31.0,24.6,4.0,4.0,18.0,81,3.27,0.435,0.423,0.262,27.7,27.9,20.39324,78.13201,ERA5,Asia/Kolkata,Open-Meteo Historical Weather API
MH-Yavatmal,2023-06-30,28.8,33.5,25.5,0.4,0.4,3.0,67,4.54,0.412,0.408,0.264,28.7,28.4,20.39324,78.13201,ERA5,Asia/Kolkata,Open-Meteo Historical Weather API
MH-Yavatmal,2023-07-01,28.5,32.2,26.3,1.1,1.1,7.0,70,4.74,0.394,0.392,0.264,29.2,28.9,20.39324,78.13201,ERA5,Asia/Kolkata,Open-Meteo Historical Weather API
MH-Yavatmal,2023-07-02,28.9,32.7,25.2,0.5,0.5,4.0,69,4.46,0.38,0.379,0.264,29.3,28.9,20.39324,78.13201,ERA5,Asia/Kolkata,Open-Meteo Historical Weather API
MH-Yavatmal,2023-07-03,30.2,34.3,25.9,0.2,0.2,2.0,68,5.08,0.36,0.365,0.262,30.5,29.4,20.39324,78.13201,ERA5,Asia/Kolkata,Open-Meteo Historical Weather API
MH-Yavatmal,2023-07-04,30.6,35.5,26.4,2.0,2.0,3.0,66,5.22,0.342,0.349,0.258,31.5,30.3,20.39324,78.13201,ERA5,Asia/Kolkata,Open-Meteo Historical Weather API
MH-Yavatmal,2023-07-05,27.9,31.7,25.7,20.1,20.1,18.0,81,2.57,0.425,0.362,0.257,29.6,29.7,20.39324,78.13201,ERA5,Asia/Kolkata,Open-Meteo Historical Weather API
MH-Yavatmal,2023-07-06,27.5,30.7,24.8,9.5,9.5,17.0,83,2.43,0.439,0.402,0.258,28.8,28.8,20.39324,78.13201,ERA5,Asia/Kolkata,Open-Meteo Historical Weather API
MH-Yavatmal,2023-07-07,26.8,30.2,24.4,8.4,8.4,21.0,80,2.51,0.443,0.422,0.262,27.6,28.1,20.39324,78.13201,ERA5,Asia/Kolkata,Open-Meteo Historical Weather API
MH-Yavatmal,2023-07-08,26.6,29.7,24.6,7.7,7.7,18.0,85,1.93,0.45,0.434,0.268,26.9,27.4,20.39324,78.13201,ERA5,Asia/Kolkata,Open-Meteo Historical Weather API
MH-Yavatmal,2023-07-09,25.9,29.2,23.4,28.3,28.3,24.0,88,1.44,0.459,0.451,0.287,26.2,26.9,20.39324,78.13201,ERA5,Asia/Kolkata,Open-Meteo Historical Weather API
MH-Yavatmal,2023-07-10,27.9,31.2,25.3,2.4,2.4,13.0,77,3.66,0.443,0.436,0.305,27.9,27.3,20.39324,78.13201,ERA5,Asia/Kolkata,Open-Meteo Historical Weather API
MH-Yavatmal,2023-07-11,25.4,27.5,23.7,9.7,9.7,14.0,87,2.07,0.443,0.429,0.311,26.5,27.4,20.39324,78.13201,ERA5,Asia/Kolkata,Open-Meteo Historical Weather API
MH-Yavatmal,2023-07-12,24.8,26.5,23.3,18.3,18.3,22.0,90,1.91,0.45,0.44,0.318,25.7,26.5,20.39324,78.13201,ERA5,Asia/Kolkata,Open-Meteo Historical Weather API
MH-Yavatmal,2023-07-13,26.4,28.8,23.2,12.5,12.5,22.0,86,2.61,0.46,0.453,0.338,26.7,26.5,20.39324,78.13201,ERA5,Asia/Kolkata,Open-Meteo Historical Weather API
MH-Yavatmal,2023-07-14,27.7,31.2,25.0,0.6,0.6,6.0,78,3.66,0.44,0.44,0.348,27.9,27.1,20.39324,78.13201,ERA5,Asia/Kolkata,Open-Meteo Historical Weather API
MH-Yavatmal,2023-07-15,26.4,30.1,24.9,9.5,9.5,14.0,84,2.9,0.433,0.425,0.352,27.2,27.5,20.39324,78.13201,ERA5,Asia/Kolkata,Open-Meteo Historical Weather API
MH-Yavatmal,2023-07-16,24.3,25.2,23.5,61.7,61.7,24.0,92,1.14,0.464,0.462,0.371,25.4,26.4,20.39324,78.13201,ERA5,Asia/Kolkata,Open-Meteo Historical Weather API
MH-Yavatmal,2023-07-17,25.0,27.1,23.5,26.9,26.9,24.0,90,1.44,0.464,0.463,0.405,25.2,25.5,20.39324,78.13201,ERA5,Asia/Kolkata,Open-Meteo Historical Weather API
MH-Yavatmal,2023-07-18,25.3,28.0,24.2,104.2,104.2,23.0,92,1.43,0.463,0.462,0.441,25.7,25.6,20.39324,78.13201,ERA5,Asia/Kolkata,Open-Meteo Historical Weather API
MH-Yavatmal,2023-07-19,25.5,27.7,23.6,15.5,15.5,23.0,94,1.83,0.462,0.461,0.452,26.1,25.8,20.39324,78.13201,ERA5,Asia/Kolkata,Open-Meteo Historical Weather API
MH-Yavatmal,2023-07-20,25.9,28.2,24.0,35.3,35.3,24.0,92,1.76,0.462,0.464,0.461,26.4,26.2,20.39324,78.13201,ERA5,Asia/Kolkata,Open-Meteo Historical Weather API
MH-Yavatmal,2023-07-21,25.0,26.1,23.8,32.4,32.4,23.0,93,1.32,0.461,0.461,0.465,25.8,26.0,20.39324,78.13201,ERA5,Asia/Kolkata,Open-Meteo Historical Weather API
MH-Yavatmal,2023-07-22,24.8,26.6,23.5,120.6,120.6,21.0,93,1.05,0.464,0.461,0.468,25.1,25.5,20.39324,78.13201,ERA5,Asia/Kolkata,Open-Meteo Historical Weather API
MH-Yavatmal,2023-07-23,26.4,29.0,23.8,5.3,5.3,15.0,84,3.08,0.449,0.447,0.46,26.3,25.7,20.39324,78.13201,ERA5,Asia/Kolkata,Open-Meteo Historical Weather API
MH-Yavatmal,2023-07-24,27.1,30.7,24.4,11.1,11.1,15.0,83,3.22,0.456,0.454,0.457,27.1,26.5,20.39324,78.13201,ERA5,Asia/Kolkata,Open-Meteo Historical Weather API
MH-Yavatmal,2023-07-25,27.1,29.1,25.4,10.1,10.1,14.0,83,3.05,0.452,0.452,0.454,27.1,26.7,20.39324,78.13201,ERA5,Asia/Kolkata,Open-Meteo Historical Weather API
MH-Yavatmal,2023-07-26,27.3,29.9,24.5,6.8,6.8,19.0,84,3.62,0.455,0.454,0.452,27.5,26.8,20.39324,78.13201,ERA5,Asia/Kolkata,Open-Meteo Historical Weather API
MH-Yavatmal,2023-07-27,26.3,28.8,24.2,15.5,15.5,21.0,88,2.57,0.459,0.462,0.455,27.0,26.9,20.39324,78.13201,ERA5,Asia/Kolkata,Open-Meteo Historical Weather API
MH-Yavatmal,2023-07-28,25.7,28.1,24.0,9.9,9.9,17.0,89,1.89,0.46,0.462,0.457,26.3,26.4,20.39324,78.13201,ERA5,Asia/Kolkata,Open-Meteo Historical Weather API
MH-Yavatmal,2023-07-29,26.5,28.8,24.4,0.2,0.2,2.0,79,3.26,0.441,0.45,0.456,26.5,26.3,20.39324,78.13201,ERA5,Asia/Kolkata,Open-Meteo Historical Weather API
MH-Yavatmal,2023-07-30,26.4,28.9,24.0,1.1,1.1,6.0,79,3.24,0.431,0.437,0.452,26.4,26.4,20.39324,78.13201,ERA5,Asia/Kolkata,Open-Meteo Historical Weather API
MH-Yavatmal,2023-07-31,26.7,29.7,24.2,0.8,0.8,4.0,80,3.87,0.421,0.427,0.448,26.9,26.6,20.39324,78.13201,ERA5,Asia/Kolkata,Open-Meteo Historical Weather API
MH-Yavatmal,2023-08-01,27.0,29.7,24.8,0.4,0.4,2.0,79,4.12,0.411,0.419,0.444,27.4,26.9,20.39324,78.13201,ERA5,Asia/Kolkata,Open-Meteo Historical Weather API
MH-Yavatmal,2023-08-02,26.3,27.6,25.0,1.8,1.8,9.0,80,3.08,0.404,0.412,0.44,26.8,26.9,20.39324,78.13201,ERA5,Asia/Kolkata,Open-Meteo Historical Weather API
MH-Yavatmal,2023-08-03,24.2,25.0,23.4,20.0,20.0,24.0,92,1.17,0.45,0.43,0.438,24.9,25.9,20.39324,78.13201,ERA5,Asia/Kolkata,Open-Meteo Historical Weather API
MH-Yavatmal,2023-08-04,25.6,28.2,23.4,1.4,1.4,8.0,84,2.81,0.448,0.455,0.444,25.6,25.4,20.39324,78.13201,ERA5,Asia/Kolkata,Open-Meteo Historical Weather API
MH-Yavatmal,2023-08-05,26.7,29.6,23.6,1.2,1.2,7.0,82,3.78,0.434,0.441,0.443,26.6,26.1,20.39324,78.13201,ERA5,Asia/Kolkata,Open-Meteo Historical Weather API
MH-Yavatmal,2023-08-06,26.3,29.1,24.6,1.5,1.5,8.0,82,4.05,0.424,0.431,0.44,26.9,26.7,20.39324,78.13201,ERA5,Asia/Kolkata,Open-Meteo Historical Weather API
MH-Yavatmal,2023-08-07,26.2,28.5,23.5,0.3,0.3,2.0,80,2.93,0.415,0.422,0.438,26.3,26.5,20.39324,78.13201,ERA5,Asia/Kolkata,Open-Meteo Historical Weather API
MH-Yavatmal,2023-08-08,26.6,29.1,24.1,0.5,0.5,4.0,78,3.82,0.406,0.415,0.435,26.7,26.4,20.39324,78.13201,ERA5,Asia/Kolkata,Open-Meteo Historical Weather API
MH-Yavatmal,2023-08-09,26.7,29.7,23.9,0.8,0.8,6.0,80,3.7,0.397,0.407,0.432,26.9,26.6,20.39324,78.13201,ERA5,Asia/Kolkata,Open-Meteo Historical Weather API
MH-Yavatmal,2023-08-10,27.6,31.1,24.6,0.5,0.5,4.0,75,4.63,0.389,0.4,0.429,27.6,26.7,20.39324,78.13201,ERA5,Asia/Kolkata,Open-Meteo Historical Weather API
MH-Yavatmal,2023-08-11,27.8,31.5,24.4,0.8,0.8,6.0,74,4.81,0.378,0.392,0.426,28.0,27.1,20.39324,78.13201,ERA5,Asia/Kolkata,Open-Meteo Historical Weather API
MH-Yavatmal,2023-08-12,27.6,31.1,24.7,0.3,0.3,3.0,74,4.83,0.367,0.383,0.422,27.8,27.3,20.39324,78.13201,ERA5,Asia/Kolkata,Open-Meteo Historical Weather API
MH-Yavatmal,2023-08-13,27.3,30.7,24.1,0.1,0.1,1.0,74,4.57,0.356,0.375,0.418,27.6,27.2,20.39324,78.13201,ERA5,Asia/Kolkata,Open-Meteo Historical Weather API
MH-Yavatmal,2023-08-14,26.8,29.7,25.0,0.9,0.9,9.0,78,4.09,0.349,0.369,0.415,27.6,27.3,20.39324,78.13201,ERA5,Asia/Kolkata,Open-Meteo Historical Weather API
MH-Yavatmal,2023-08-15,26.7,29.4,24.0,0.1,0.1,1.0,78,3.98,0.345,0.365,0.411,27.4,27.1,20.39324,78.13201,ERA5,Asia/Kolkata,Open-Meteo Historical Weather API
MH-Yavatmal,2023-08-16,27.5,30.5,24.8,0.2,0.2,1.0,76,4.81,0.336,0.36,0.408,28.2,27.3,20.39324,78.13201,ERA5,Asia/Kolkata,Open-Meteo Historical Weather API
MH-Yavatmal,2023-08-17,28.0,31.5,25.1,0.2,0.2,2.0,72,5.08,0.326,0.353,0.404,28.4,27.7,20.39324,78.13201,ERA5,Asia/Kolkata,Open-Meteo Historical Weather API
MH-Yavatmal,2023-08-18,24.0,27.1,22.6,45.4,45.4,24.0,92,1.31,0.418,0.374,0.402,25.6,26.8,20.39324,78.13201,ERA5,Asia/Kolkata,Open-Meteo Historical Weather API
MH-Yavatmal,2023-08-19,23.4,24.3,22.2,24.3,24.3,23.0,94,1.3,0.463,0.463,0.417,24.4,25.3,20.39324,78.13201,ERA5,Asia/Kolkata,Open-Meteo Historical Weather API
MH-Yavatmal,2023-08-20,24.0,26.1,22.2,9.8,9.8,17.0,90,1.9,0.457,0.459,0.431,24.5,24.9,20.39324,78.13201,ERA5,Asia/Kolkata,Open-Meteo Historical Weather API
MH-Yavatmal,2023-08-21,25.5,27.5,23.4,0.7,0.7,5.0,83,2.28,0.44,0.447,0.435,25.4,25.3,20.39324,78.13201,ERA5,Asia/Kolkata,Open-Meteo Historical Weather API
MH-Yavatmal,2023-08-22,26.4,29.3,23.5,0.9,0.9,7.0,82,3.69,0.429,0.436,0.435,26.7,26.0,20.39324,78.13201,ERA5,Asia/Kolkata,Open-Meteo Historical Weather API
MH-Yavatmal,2023-08-23,26.7,29.4,24.5,0.3,0.3,3.0,81,3.58,0.417,0.426,0.433,27.0,26.6,20.39324,78.13201,ERA5,Asia/Kolkata,Open-Meteo Historical Weather API
MH-Yavatmal,2023-08-24,26.4,28.9,24.5,2.4,2.4,4.0,81,3.73,0.419,0.419,0.43,27.1,26.8,20.39324,78.13201,ERA5,Asia/Kolkata,Open-Meteo Historical Weather API
MH-Yavatmal,2023-08-25,26.8,29.7,24.4,0.3,0.3,3.0,80,3.29,0.42,0.421,0.428,26.9,26.6,20.39324,78.13201,ERA5,Asia/Kolkata,Open-Meteo Historical Weather API
MH-Yavatmal,2023-08-26,27.1,30.2,24.7,0.6,0.6,5.0,78,4.12,0.406,0.413,0.426,27.3,26.7,20.39324,78.13201,ERA5,Asia/Kolkata,Open-Meteo Historical Weather API
MH-Yavatmal,2023-08-27,27.0,30.8,24.5,0.4,0.4,4.0,76,4.5,0.394,0.405,0.423,27.2,26.9,20.39324,78.13201,ERA5,Asia/Kolkata,Open-Meteo Historical Weather API
MH-Yavatmal,2023-08-28,26.7,30.6,23.4,0.0,0.0,0.0,75,4.8,0.379,0.395,0.42,27.1,26.7,20.39324,78.13201,ERA5,Asia/Kolkata,Open-Meteo Historical Weather API
MH-Yavatmal,2023-08-29,27.1,30.7,23.7,0.1,0.1,1.0,73,4.9,0.364,0.384,0.417,27.4,26.6,20.39324,78.13201,ERA5,Asia/Kolkata,Open-Meteo Historical Weather API
MH-Yavatmal,2023-08-30,27.8,32.4,23.0,0.2,0.2,1.0,70,5.14,0.351,0.374,0.413,27.8,26.8,20.39324,78.13201,ERA5,Asia/Kolkata,Open-Meteo Historical Weather API
MH-Yavatmal,2023-08-31,27.8,31.1,24.7,0.1,0.1,1.0,72,4.56,0.339,0.365,0.409,28.4,27.3,20.39324,78.13201,ERA5,Asia/Kolkata,Open-Meteo Historical Weather API
MH-Yavatmal,2023-09-01,28.8,32.7,25.0,0.5,0.5,3.0,72,4.77,0.331,0.357,0.406,29.0,27.8,20.39324,78.13201,ERA5,Asia/Kolkata,Open-Meteo Historical Weather API
MH-Yavatmal,2023-09-02,29.1,33.0,25.6,0.5,0.5,1.0,72,5.03,0.321,0.349,0.402,29.3,28.3,20.39324,78.13201,ERA5,Asia/Kolkata,Open-Meteo Historical Weather API
MH-Yavatmal,2023-09-03,27.7,31.4,25.1,4.9,4.9,6.0,79,3.85,0.33,0.343,0.398,28.7,28.4,20.39324,78.13201,ERA5,Asia/Kolkata,Open-Meteo Historical Weather API
MH-Yavatmal,2023-09-04,26.8,30.8,23.2,3.3,3.3,8.0,81,4.28,0.37,0.345,0.396,27.8,27.9,20.39324,78.13201,ERA5,Asia/Kolkata,Open-Meteo Historical Weather API
MH-Yavatmal,2023-09-05,27.5,31.1,25.1,0.6,0.6,3.0,75,4.83,0.358,0.346,0.393,27.9,27.7,20.39324,78.13201,ERA5,Asia/Kolkata,Open-Meteo Historical Weather API
MH-Yavatmal,2023-09-06,25.8,27.9,23.8,16.5,16.5,20.0,87,1.79,0.419,0.367,0.391,26.5,27.1,20.39324,78.13201,ERA5,Asia/Kolkata,Open-Meteo Historical Weather API
MH-Yavatmal,2023-09-07,25.2,27.0,24.2,19.3,19.3,24.0,94,1.55,0.45,0.416,0.391,26.3,26.4,20.39324,78.13201,ERA5,Asia/Kolkata,Open-Meteo Historical Weather API
MH-Yavatmal,2023-09-08,25.3,28.3,24.3,5.5,5.5,19.0,92,1.61,0.453,0.446,0.395,25.9,26.0,20.39324,78.13201,ERA5,Asia/Kolkata,Open-Meteo Historical Weather API
MH-Yavatmal,2023-09-09,24.8,26.4,23.5,3.9,3.9,12.0,92,1.64,0.448,0.445,0.4,25.6,25.7,20.39324,78.13201,ERA5,Asia/Kolkata,Open-Meteo Historical Weather API
MH-Yavatmal,2023-09-10,25.1,26.9,23.7,3.5,3.5,10.0,85,1.63,0.445,0.441,0.404,25.1,25.6,20.39324,78.13201,ERA5,Asia/Kolkata,Open-Meteo Historical Weather API
MH-Yavatmal,2023-09-11,26.4,28.8,24.2,0.4,0.4,3.0,79,2.89,0.432,0.435,0.406,25.9,25.6,20.39324,78.13201,ERA5,Asia/Kolkata,Open-Meteo Historical Weather API
MH-Yavatmal,2023-09-12,26.8,29.7,24.2,0.5,0.5,2.0,78,4.16,0.46,0.465,0.43,26.8,26.2,20.39324,78.13201,ERA5,Asia/Kolkata,Open-Meteo Historical Weather API
MH-Yavatmal,2023-09-13,25.4,27.8,23.9,18.1,18.1,12.0,84,2.41,0.437,0.435,0.41,26.0,26.2,20.39324,78.13201,ERA5,Asia/Kolkata,Open-Meteo Historical Weather API
MH-Yavatmal,2023-09-14,24.6,25.8,23.9,11.4,11.4,22.0,91,1.28,0.495,0.485,0.432,25.0,25.3,20.39324,78.13201,ERA5,Asia/Kolkata,Open-Meteo Historical Weather API
MH-Yavatmal,2023-09-15,24.3,24.8,23.5,33.4,33.4,24.0,92,1.28,0.507,0.508,0.452,24.6,24.9,20.39324,78.13201,ERA5,Asia/Kolkata,Open-Meteo Historical Weather API
MH-Yavatmal,2023-09-16,25.2,27.6,23.0,1.5,1.5,8.0,83,2.63,0.496,0.503,0.474,25.1,24.8,20.39324,78.13201,ERA5,Asia/Kolkata,Open-Meteo Historical Weather API
MH-Yavatmal,2023-09-17,26.3,30.2,22.7,0.3,0.3,3.0,80,3.94,0.478,0.487,0.476,26.2,25.3,20.39324,78.13201,ERA5,Asia/Kolkata,Open-Meteo Historical Weather API
MH-Yavatmal,2023-09-18,26.8,30.6,23.1,0.4,0.4,4.0,80,4.38,0.465,0.474,0.474,27.1,26.1,20.39324,78.13201,ERA5,Asia/Kolkata,Open-Meteo Historical Weather API
MH-Yavatmal,2023-09-19,27.7,31.4,23.9,0.0,0.0,0.0,78,4.63,0.453,0.464,0.471,27.9,26.7,20.39324,78.13201,ERA5,Asia/Kolkata,Open-Meteo Historical Weather API
MH-Yavatmal,2023-09-20,27.2,30.2,24.5,1.2,1.2,3.0,81,3.71,0.447,0.455,0.468,27.9,27.1,20.39324,78.13201,ERA5,Asia/Kolkata,Open-Meteo Historical Weather API
MH-Yavatmal,2023-09-21,26.1,29.0,24.3,13.4,13.4,18.0,88,2.22,0.464,0.456,0.466,27.0,26.9,20.39324,78.13201,ERA5,Asia/Kolkata,Open-Meteo Historical Weather API
MH-Yavatmal,2023-09-22,25.1,27.4,23.7,14.7,14.7,19.0,92,1.31,0.5,0.494,0.473,25.8,26.2,20.39324,78.13201,ERA5,Asia/Kolkata,Open-Meteo Historical Weather API
MH-Yavatmal,2023-09-23,25.5,27.7,23.5,14.3,14.3,24.0,91,2.09,0.502,0.505,0.485,26.2,25.8,20.39324,78.13201,ERA5,Asia/Kolkata,Open-Meteo Historical Weather API
MH-Yavatmal,2023-09-24,25.9,30.1,23.6,10.3,10.3,24.0,89,2.72,0.498,0.504,0.491,26.5,26.1,20.39324,78.13201,ERA5,Asia/Kolkata,Open-Meteo Historical Weather API
MH-Yavatmal,2023-09-25,25.9,30.4,23.1,3.5,3.5,12.0,85,3.3,0.49,0.495,0.493,26.7,26.5,20.39324,78.13201,ERA5,Asia/Kolkata,Open-Meteo Historical Weather API
MH-Yavatmal,2023-09-26,26.6,31.4,23.9,5.0,5.0,18.0,84,3.58,0.486,0.49,0.491,27.6,26.8,20.39324,78.13201,ERA5,Asia/Kolkata,Open-Meteo Historical Weather API
MH-Yavatmal,2023-09-27,27.2,31.3,24.1,0.9,0.9,7.0,82,4.23,0.486,0.493,0.491,28.0,27.3,20.39324,78.13201,ERA5,Asia/Kolkata,Open-Meteo Historical Weather API
MH-Yavatmal,2023-09-28,27.5,31.7,24.6,1.9,1.9,10.0,83,3.9,0.476,0.483,0.49,28.5,27.7,20.39324,78.13201,ERA5,Asia/Kolkata,Open-Meteo Historical Weather API
MH-Yavatmal,2023-09-29,26.9,30.8,24.8,3.4,3.4,8.0,86,3.25,0.478,0.48,0.488,28.3,27.8,20.39324,78.13201,ERA5,Asia/Kolkata,Open-Meteo Historical Weather API
MH-Yavatmal,2023-09-30,26.7,30.8,23.8,3.2,3.2,14.0,86,3.26,0.49,0.489,0.487,27.7,27.4,20.39324,78.13201,ERA5,Asia/Kolkata,Open-Meteo Historical Weather API
MH-Yavatmal,2023-10-01,27.7,31.8,24.1,0.1,0.1,1.0,80,3.54,0.475,0.483,0.486,28.3,27.5,20.39324,78.13201,ERA5,Asia/Kolkata,Open-Meteo Historical Weather API
MH-Yavatmal,2023-10-02,27.8,32.5,23.9,0.3,0.3,3.0,73,4.18,0.46,0.472,0.483,28.0,27.4,20.39324,78.13201,ERA5,Asia/Kolkata,Open-Meteo Historical Weather API
MH-Yavatmal,2023-10-03,28.0,32.6,25.1,0.0,0.0,0.0,69,4.83,0.444,0.461,0.48,28.1,27.5,20.39324,78.13201,ERA5,Asia/Kolkata,Open-Meteo Historical Weather API
MH-Yavatmal,2023-10-04,27.0,32.4,23.0,0.0,0.0,0.0,67,5.31,0.426,0.449,0.477,27.2,26.9,20.39324,78.13201,ERA5,Asia/Kolkata,Open-Meteo Historical Weather API
MH-Yavatmal,2023-10-05,26.9,32.6,22.4,0.0,0.0,0.0,68,5.41,0.412,0.438,0.473,27.0,26.6,20.39324,78.13201,ERA5,Asia/Kolkata,Open-Meteo Historical Weather API
MH-Yavatmal,2023-10-06,27.1,32.8,23.0,0.0,0.0,0.0,68,5.38,0.395,0.426,0.468,27.2,26.5,20.39324,78.13201,ERA5,Asia/Kolkata,Open-Meteo Historical Weather API
MH-Yavatmal,2023-10-07,27.5,33.3,22.9,0.0,0.0,0.0,66,5.22,0.381,0.415,0.464,27.5,26.7,20.39324,78.13201,ERA5,Asia/Kolkata,Open-Meteo Historical Weather API
MH-Yavatmal,2023-10-08,28.1,33.9,23.7,0.0,0.0,0.0,64,5.01,0.366,0.406,0.459,28.1,27.2,20.39324,78.13201,ERA5,Asia/Kolkata,Open-Meteo Historical Weather API
MH-Yavatmal,2023-10-09,28.0,33.9,23.2,0.0,0.0,0.0,64,5.27,0.353,0.398,0.455,27.9,27.3,20.39324,78.13201,ERA5,Asia/Kolkata,Open-Meteo Historical Weather API
MH-Yavatmal,2023-10-10,27.9,34.0,23.0,0.0,0.0,0.0,66,5.07,0.345,0.39,0.451,27.9,27.3,20.39324,78.13201,ERA5,Asia/Kolkata,Open-Meteo Historical Weather API
MH-Yavatmal,2023-10-11,28.0,34.1,22.8,0.0,0.0,0.0,67,4.6,0.334,0.383,0.447,28.1,27.4,20.39324,78.13201,ERA5,Asia/Kolkata,Open-Meteo Historical Weather API
MH-Yavatmal,2023-10-12,27.8,34.1,23.3,0.0,0.0,0.0,67,4.18,0.328,0.378,0.443,27.9,27.4,20.39324,78.13201,ERA5,Asia/Kolkata,Open-Meteo Historical Weather API
MH-Yavatmal,2023-10-13,27.9,34.3,23.7,0.0,0.0,0.0,65,4.25,0.322,0.375,0.439,27.9,27.5,20.39324,78.13201,ERA5,Asia/Kolkata,Open-Meteo Historical Weather API
MH-Yavatmal,2023-10-14,27.3,33.3,22.5,0.0,0.0,0.0,67,4.23,0.317,0.37,0.435,27.7,27.2,20.39324,78.13201,ERA5,Asia/Kolkata,Open-Meteo Historical Weather API
MH-Yavatmal,2023-10-15,27.0,33.3,22.6,0.0,0.0,0.0,66,4.17,0.31,0.364,0.432,27.5,27.2,20.39324,78.13201,ERA5,Asia/Kolkata,Open-Meteo Historical Weather API
MH-Yavatmal,2023-10-16,27.0,33.4,21.2,0.1,0.1,1.0,68,4.11,0.303,0.36,0.428,27.2,27.1,20.39324,78.13201,ERA5,Asia/Kolkata,Open-Meteo Historical Weather API
MH-Yavatmal,2023-10-17,27.1,32.7,22.6,0.0,0.0,0.0,68,4.0,0.299,0.355,0.425,27.2,27.0,20.39324,78.13201,ERA5,Asia/Kolkata,Open-Meteo Historical Weather API
MH-Yavatmal,2023-10-18,26.9,32.8,21.8,0.2,0.2,1.0,70,3.89,0.294,0.35,0.422,27.4,27.0,20.39324,78.13201,ERA5,Asia/Kolkata,Open-Meteo Historical Weather API
MH-Yavatmal,2023-10-19,26.8,32.2,22.7,0.2,0.2,2.0,73,3.85,0.291,0.344,0.417,27.5,27.0,20.39324,78.13201,ERA5,Asia/Kolkata,Open-Meteo Historical Weather API
MH-Yavatmal,2023-10-20,26.3,31.4,21.9,0.6,0.6,2.0,74,4.13,0.287,0.34,0.414,27.3,26.9,20.39324,78.13201,ERA5,Asia/Kolkata,Open-Meteo Historical Weather API
MH-Yavatmal,2023-10-21,25.7,31.9,21.3,0.0,0.0,0.0,68,4.58,0.286,0.338,0.413,26.7,26.7,20.39324,78.13201,ERA5,Asia/Kolkata,Open-Meteo Historical Weather API
MH-Yavatmal,2023-10-22,25.8,31.9,19.3,0.0,0.0,0.0,61,4.48,0.285,0.336,0.411,26.0,26.0,20.39324,78.13201,ERA5,Asia/Kolkata,Open-Meteo Historical Weather API
MH-Yavatmal,2023-10-23,24.9,31.5,18.6,0.0,0.0,0.0,64,4.71,0.285,0.337,0.412,25.4,25.6,20.39324,78.13201,ERA5,Asia/Kolkata,Open-Meteo Historical Weather API
MH-Yavatmal,2023-10-24,24.5,30.9,18.1,0.0,0.0,0.0,62,4.48,0.284,0.336,0.411,24.9,25.2,20.39324,78.13201,ERA5,Asia/Kolkata,Open-Meteo Historical Weather API
MH-Yavatmal,2023-10-25,24.1,31.1,19.3,0.0,0.0,0.0,62,4.37,0.283,0.337,0.412,24.9,25.1,20.39324,78.13201,ERA5,Asia/Kolkata,Open-Meteo Historical Weather API
MH-Yavatmal,2023-10-26,24.6,31.5,18.1,0.0,0.0,0.0,56,4.58,0.283,0.337,0.412,24.5,24.8,20.39324,78.13201,ERA5,Asia/Kolkata,Open-Meteo Historical Weather API
MH-Yavatmal,2023-10-27,24.4,31.1,19.8,0.0,0.0,0.0,59,4.37,0.283,0.336,0.411,24.5,24.6,20.39324,78.13201,ERA5,Asia/Kolkata,Open-Meteo Historical Weather API
MH-Yavatmal,2023-10-28,24.3,31.0,18.3,0.0,0.0,0.0,61,4.44,0.283,0.335,0.41,24.7,24.6,20.39324,78.13201,ERA5,Asia/Kolkata,Open-Meteo Historical Weather API
MH-Yavatmal,2023-10-29,23.6,30.9,17.5,0.0,0.0,0.0,63,4.37,0.285,0.333,0.409,24.5,24.6,20.39324,78.13201,ERA5,Asia/Kolkata,Open-Meteo Historical Weather API
MH-Yavatmal,2023-10-30,23.5,30.4,16.6,0.0,0.0,0.0,65,4.37,0.282,0.33,0.407,24.4,24.5,20.39324,78.13201,ERA5,Asia/Kolkata,Open-Meteo Historical Weather API
MH-Yavatmal,2023-10-31,23.6,30.1,17.7,0.0,0.0,0.0,66,4.41,0.28,0.327,0.404,24.4,24.6,20.39324,78.13201,ERA5,Asia/Kolkata,Open-Meteo Historical Weather API
MH-Yavatmal,2023-11-01,24.2,30.1,18.4,0.0,0.0,0.0,64,4.16,0.277,0.324,0.401,24.6,24.7,20.39324,78.13201,ERA5,Asia/Kolkata,Open-Meteo Historical Weather API
MH-Yavatmal,2023-11-02,24.2,30.4,17.8,0.0,0.0,0.0,66,3.65,0.275,0.322,0.399,24.7,24.8,20.39324,78.13201,ERA5,Asia/Kolkata,Open-Meteo Historical Weather API
MH-Yavatmal,2023-11-03,24.2,30.6,18.5,0.0,0.0,0.0,66,4.21,0.275,0.321,0.399,24.8,24.8,20.39324,78.13201,ERA5,Asia/Kolkata,Open-Meteo Historical Weather API
MH-Yavatmal,2023-11-04,24.6,31.6,19.0,0.0,0.0,0.0,58,4.62,0.276,0.321,0.398,25.1,25.0,20.39324,78.13201,ERA5,Asia/Kolkata,Open-Meteo Historical Weather API
MH-Yavatmal,2023-11-05,23.5,30.6,17.6,0.0,0.0,0.0,59,4.42,0.276,0.32,0.397,24.1,24.6,20.39324,78.13201,ERA5,Asia/Kolkata,Open-Meteo Historical Weather API
MH-Yavatmal,2023-11-06,23.6,30.7,17.7,0.0,0.0,0.0,57,4.67,0.276,0.321,0.398,24.2,24.3,20.39324,78.13201,ERA5,Asia/Kolkata,Open-Meteo Historical Weather API
MH-Yavatmal,2023-11-07,23.9,31.6,17.3,0.0,0.0,0.0,52,4.95,0.275,0.321,0.398,24.5,24.4,20.39324,78.13201,ERA5,Asia/Kolkata,Open-Meteo Historical Weather API
MH-Yavatmal,2023-11-08,23.8,31.9,17.2,0.0,0.0,0.0,53,4.74,0.274,0.319,0.396,24.4,24.3,20.39324,78.13201,ERA5,Asia/Kolkata,Open-Meteo Historical Weather API
MH-Yavatmal,2023-11-09,23.9,31.6,19.1,0.0,0.0,0.0,55,4.63,0.274,0.319,0.395,24.5,24.5,20.39324,78.13201,ERA5,Asia/Kolkata,Open-Meteo Historical Weather API
MH-Yavatmal,2023-11-10,24.2,31.7,17.4,0.0,0.0,0.0,56,4.29,0.277,0.319,0.395,24.2,24.3,20.39324,78.13201,ERA5,Asia/Kolkata,Open-Meteo Historical Weather API
MH-Yavatmal,2023-11-11,25.6,31.8,20.3,0.0,0.0,0.0,54,3.88,0.278,0.321,0.396,24.9,24.5,20.39324,78.13201,ERA5,Asia/Kolkata,Open-Meteo Historical Weather API
MH-Yavatmal,2023-11-12,24.5,31.6,18.4,0.0,0.0,0.0,61,4.15,0.28,0.325,0.399,24.9,24.9,20.39324,78.13201,ERA5,Asia/Kolkata,Open-Meteo Historical Weather API
MH-Yavatmal,2023-11-13,24.0,31.1,16.9,0.0,0.0,0.0,55,4.45,0.279,0.325,0.399,24.3,24.5,20.39324,78.13201,ERA5,Asia/Kolkata,Open-Meteo Historical Weather API
MH-Yavatmal,2023-11-14,23.8,30.2,18.4,0.0,0.0,0.0,56,3.93,0.28,0.325,0.399,23.8,24.1,20.39324,78.13201,ERA5,Asia/Kolkata,Open-Meteo Historical Weather API
MH-Yavatmal,2023-11-15,22.7,30.0,16.1,0.0,0.0,0.0,61,4.19,0.283,0.326,0.399,23.5,23.9,20.39324,78.13201,ERA5,Asia/Kolkata,Open-Meteo Historical Weather API
MH-Yavatmal,2023-11-16,22.8,29.4,17.2,0.0,0.0,0.0,63,4.2,0.282,0.326,0.4,23.7,23.9,20.39324,78.13201,ERA5,Asia/Kolkata,Open-Meteo Historical Weather API
MH-Yavatmal,2023-11-17,23.0,29.8,17.4,0.0,0.0,0.0,62,4.17,0.282,0.326,0.399,23.8,23.9,20.39324,78.13201,ERA5,Asia/Kolkata,Open-Meteo Historical Weather API
MH-Yavatmal,2023-11-18,23.4,30.2,17.9,0.0,0.0,0.0,63,4.0,0.28,0.325,0.399,24.2,24.1,20.39324,78.13201,ERA5,Asia/Kolkata,Open-Meteo Historical Weather API
MH-Yavatmal,2023-11-19,23.5,30.6,18.0,0.0,0.0,0.0,62,4.17,0.28,0.325,0.399,24.3,24.2,20.39324,78.13201,ERA5,Asia/Kolkata,Open-Meteo Historical Weather API
MH-Yavatmal,2023-11-20,23.7,30.1,18.1,0.0,0.0,0.0,64,4.03,0.284,0.326,0.399,24.4,24.3,20.39324,78.13201,ERA5,Asia/Kolkata,Open-Meteo Historical Weather API
MH-Yavatmal,2023-11-21,23.5,30.4,17.5,0.0,0.0,0.0,65,3.93,0.282,0.325,0.399,24.2,24.4,20.39324,78.13201,ERA5,Asia/Kolkata,Open-Meteo Historical Weather API
MH-Yavatmal,2023-11-22,23.4,30.5,17.7,0.0,0.0,0.0,61,3.91,0.284,0.324,0.398,24.1,24.4,20.39324,78.13201,ERA5,Asia/Kolkata,Open-Meteo Historical Weather API
MH-Yavatmal,2023-11-23,23.5,30.1,17.8,0.0,0.0,0.0,61,3.54,0.282,0.324,0.398,24.0,24.3,20.39324,78.13201,ERA5,Asia/Kolkata,Open-Meteo Historical Weather API
MH-Yavatmal,2023-11-24,23.8,29.4,18.8,0.0,0.0,0.0,65,3.74,0.28,0.323,0.397,24.6,24.5,20.39324,78.13201,ERA5,Asia/Kolkata,Open-Meteo Historical Weather API
MH-Yavatmal,2023-11-25,23.9,29.3,19.8,0.0,0.0,0.0,70,3.51,0.279,0.321,0.395,25.1,24.8,20.39324,78.13201,ERA5,Asia/Kolkata,Open-Meteo Historical Weather API
MH-Yavatmal,2023-11-26,23.5,29.3,19.6,0.0,0.0,0.0,62,3.84,0.278,0.321,0.395,24.6,24.7,20.39324,78.13201,ERA5,Asia/Kolkata,Open-Meteo Historical Weather API
MH-Yavatmal,2023-11-27,20.2,23.2,16.6,8.6,8.6,14.0,81,1.71,0.345,0.328,0.397,22.3,23.9,20.39324,78.13201,ERA5,Asia/Kolkata,Open-Meteo Historical Weather API
MH-Yavatmal,2023-11-28,19.2,21.8,17.6,7.4,7.4,16.0,89,1.72,0.459,0.364,0.399,21.4,22.7,20.39324,78.13201,ERA5,Asia/Kolkata,Open-Meteo Historical Weather API
MH-Yavatmal,2023-11-29,21.5,25.7,18.0,3.8,3.8,12.0,88,1.95,0.473,0.404,0.399,22.6,22.4,20.39324,78.13201,ERA5,Asia/Kolkata,Open-Meteo Historical Weather API
MH-Yavatmal,2023-11-30,23.4,28.2,20.4,0.0,0.0,0.0,81,2.35,0.45,0.413,0.4,23.8,23.2,20.39324,78.13201,ERA5,Asia/Kolkata,Open-Meteo Historical Weather API
MH-Yavatmal,2023-12-01,23.3,27.3,20.2,0.0,0.0,0.0,81,2.13,0.435,0.413,0.4,24.0,23.6,20.39324,78.13201,ERA5,Asia/Kolkata,Open-Meteo Historical Weather API
MH-Yavatmal,2023-12-02,24.2,29.5,20.3,0.2,0.2,1.0,75,3.47,0.421,0.411,0.4,24.5,23.9,20.39324,78.13201,ERA5,Asia/Kolkata,Open-Meteo Historical Weather API
MH-Yavatmal,2023-12-03,24.2,29.7,20.9,0.0,0.0,0.0,68,3.83,0.406,0.406,0.4,24.7,24.3,20.39324,78.13201,ERA5,Asia/Kolkata,Open-Meteo Historical Weather API
MH-Yavatmal,2023-12-04,24.1,29.2,20.9,0.0,0.0,0.0,68,3.69,0.393,0.401,0.4,24.5,24.2,20.39324,78.13201,ERA5,Asia/Kolkata,Open-Meteo Historical Weather API
MH-Yavatmal,2023-12-05,22.9,25.1,21.5,0.0,0.0,0.0,75,2.44,0.384,0.397,0.4,23.9,24.2,20.39324,78.13201,ERA5,Asia/Kolkata,Open-Meteo Historical Weather API
MH-Yavatmal,2023-12-06,20.4,21.7,19.4,1.9,1.9,9.0,84,1.57,0.382,0.396,0.402,22.1,23.3,20.39324,78.13201,ERA5,Asia/Kolkata,Open-Meteo Historical Weather API
MH-Yavatmal,2023-12-07,20.8,23.7,18.9,0.2,0.2,2.0,85,1.55,0.383,0.395,0.402,22.0,22.6,20.39324,78.13201,ERA5,Asia/Kolkata,Open-Meteo Historical Weather API
MH-Yavatmal,2023-12-08,20.8,24.7,17.6,0.3,0.3,3.0,83,2.02,0.304,0.301,0.345,22.0,22.4,20.39324,78.13201,ERA5,Asia/Kolkata,Open-Meteo Historical Weather API
MH-Yavatmal,2023-12-09,21.4,27.5,17.6,0.0,0.0,0.0,77,2.96,0.277,0.276,0.329,22.4,22.4,20.39324,78.13201,ERA5,Asia/Kolkata,Open-Meteo Historical Weather API
MH-Yavatmal,2023-12-10,21.3,27.0,15.8,0.0,0.0,0.0,65,3.56,0.267,0.272,0.326,22.2,22.4,20.39324,78.13201,ERA5,Asia/Kolkata,Open-Meteo Historical Weather API
MH-Yavatmal,2023-12-11,20.7,27.3,15.1,0.0,0.0,0.0,69,3.27,0.258,0.27,0.325,21.7,22.0,20.39324,78.13201,ERA5,Asia/Kolkata,Open-Meteo Historical Weather API
MH-Yavatmal,2023-12-12,20.7,27.3,15.8,0.0,0.0,0.0,69,3.02,0.253,0.268,0.324,21.7,22.0,20.39324,78.13201,ERA5,Asia/Kolkata,Open-Meteo Historical Weather API
MH-Yavatmal,2023-12-13,21.8,27.7,16.7,0.0,0.0,0.0,66,2.95,0.248,0.267,0.324,22.0,22.3,20.39324,78.13201,ERA5,Asia/Kolkata,Open-Meteo Historical Weather API
MH-Yavatmal,2023-12-14,21.7,27.5,18.0,0.0,0.0,0.0,64,3.55,0.242,0.264,0.322,22.9,22.8,20.39324,78.13201,ERA5,Asia/Kolkata,Open-Meteo Historical Weather API
MH-Yavatmal,2023-12-15,20.2,27.2,15.4,0.0,0.0,0.0,65,3.54,0.233,0.259,0.319,21.8,22.3,20.39324,78.13201,ERA5,Asia/Kolkata,Open-Meteo Historical Weather API
MH-Yavatmal,2023-12-16,19.8,26.4,13.9,0.0,0.0,0.0,65,3.3,0.228,0.256,0.317,20.9,21.8,20.39324,78.13201,ERA5,Asia/Kolkata,Open-Meteo Historical Weather API
MH-Yavatmal,2023-12-17,19.7,26.5,13.9,0.0,0.0,0.0,64,3.55,0.223,0.253,0.315,20.7,21.3,20.39324,78.13201,ERA5,Asia/Kolkata,Open-Meteo Historical Weather API
MH-Yavatmal,2023-12-18,18.9,25.4,14.6,0.0,0.0,0.0,57,3.72,0.218,0.251,0.313,20.3,21.0,20.39324,78.13201,ERA5,Asia/Kolkata,Open-Meteo Historical Weather API
MH-Yavatmal,2023-12-19,18.1,25.0,13.2,0.0,0.0,0.0,53,3.75,0.214,0.247,0.31,19.6,20.5,20.39324,78.13201,ERA5,Asia/Kolkata,Open-Meteo Historical Weather API
MH-Yavatmal,2023-12-20,18.0,25.3,12.4,0.0,0.0,0.0,53,3.64,0.209,0.243,0.308,19.3,20.0,20.39324,78.13201,ERA5,Asia/Kolkata,Open-Meteo Historical Weather API
MH-Yavatmal,2023-12-21,18.8,27.1,11.9,0.0,0.0,0.0,56,3.64,0.208,0.242,0.308,19.4,19.9,20.39324,78.13201,ERA5,Asia/Kolkata,Open-Meteo Historical Weather API
MH-Yavatmal,2023-12-22,20.4,27.5,14.7,0.0,0.0,0.0,52,3.45,0.207,0.241,0.307,19.8,20.0,20.39324,78.13201,ERA5,Asia/Kolkata,Open-Meteo Historical Weather API
MH-Yavatmal,2023-12-23,20.8,29.1,14.5,0.0,0.0,0.0,57,3.64,0.206,0.24,0.307,20.8,20.5,20.39324,78.13201,ERA5,Asia/Kolkata,Open-Meteo Historical Weather API
MH-Yavatmal,2023-12-24,20.5,28.6,14.3,0.0,0.0,0.0,60,3.74,0.206,0.24,0.307,20.8,20.8,20.39324,78.13201,ERA5,Asia/Kolkata,Open-Meteo Historical Weather API
MH-Yavatmal,2023-12-25,20.6,27.8,14.1,0.0,0.0,0.0,58,3.47,0.207,0.241,0.309,20.3,20.8,20.39324,78.13201,ERA5,Asia/Kolkata,Open-Meteo Historical Weather API
MH-Yavatmal,2023-12-26,21.2,28.0,14.4,0.0,0.0,0.0,63,3.45,0.206,0.241,0.309,20.9,21.0,20.39324,78.13201,ERA5,Asia/Kolkata,Open-Meteo Historical Weather API
MH-Yavatmal,2023-12-27,21.7,29.1,17.4,0.0,0.0,0.0,66,3.46,0.206,0.242,0.309,21.7,21.3,20.39324,78.13201,ERA5,Asia/Kolkata,Open-Meteo Historical Weather API
MH-Yavatmal,2023-12-28,21.3,28.4,17.0,0.0,0.0,0.0,67,3.49,0.206,0.243,0.31,21.7,21.5,20.39324,78.13201,ERA5,Asia/Kolkata,Open-Meteo Historical Weather API
MH-Yavatmal,2023-12-29,21.0,28.0,15.8,0.0,0.0,0.0,71,3.37,0.206,0.243,0.311,21.8,21.7,20.39324,78.13201,ERA5,Asia/Kolkata,Open-Meteo Historical Weather API
MH-Yavatmal,2023-12-30,21.3,27.8,16.2,0.0,0.0,0.0,71,3.39,0.207,0.244,0.312,22.0,21.7,20.39324,78.13201,ERA5,Asia/Kolkata,Open-Meteo Historical Weather API
MH-Yavatmal,2023-12-31,20.9,28.0,16.5,0.0,0.0,0.0,71,3.52,0.208,0.244,0.312,22.0,21.9,20.39324,78.13201,ERA5,Asia/Kolkata,Open-Meteo Historical Weather API
MH-Yavatmal,2024-01-01,20.6,28.4,15.0,0.0,0.0,0.0,72,3.46,0.209,0.245,0.313,21.6,21.7,20.39324,78.13201,ERA5,Asia/Kolkata,Open-Meteo Historical Weather API
MH-Yavatmal,2024-01-02,21.0,28.3,15.7,0.0,0.0,0.0,71,3.51,0.212,0.248,0.316,21.8,21.8,20.39324,78.13201,ERA5,Asia/Kolkata,Open-Meteo Historical Weather API
MH-Yavatmal,2024-01-03,21.2,28.0,16.3,0.0,0.0,0.0,71,3.38,0.214,0.251,0.318,22.0,21.9,20.39324,78.13201,ERA5,Asia/Kolkata,Open-Meteo Historical Weather API
MH-Yavatmal,2024-01-04,21.3,26.4,16.8,0.0,0.0,0.0,71,3.03,0.213,0.25,0.318,22.2,22.3,20.39324,78.13201,ERA5,Asia/Kolkata,Open-Meteo Historical Weather API
MH-Yavatmal,2024-01-05,21.9,27.7,17.6,0.0,0.0,0.0,69,3.03,0.212,0.25,0.319,22.6,22.5,20.39324,78.13201,ERA5,Asia/Kolkata,Open-Meteo Historical Weather API
MH-Yavatmal,2024-01-06,21.8,25.8,19.0,0.1,0.1,1.0,70,3.15,0.215,0.253,0.322,23.1,22.8,20.39324,78.13201,ERA5,Asia/Kolkata,Open-Meteo Historical Weather API
MH-Yavatmal,2024-01-07,21.6,26.9,18.1,0.0,0.0,0.0,74,3.4,0.216,0.255,0.323,22.8,22.8,20.39324,78.13201,ERA5,Asia/Kolkata,Open-Meteo Historical Weather API
MH-Yavatmal,2024-01-08,21.8,28.7,17.9,0.0,0.0,0.0,69,3.59,0.218,0.257,0.325,22.9,22.8,20.39324,78.13201,ERA5,Asia/Kolkata,Open-Meteo Historical Weather API
MH-Yavatmal,2024-01-09,22.1,28.7,17.7,0.0,0.0,0.0,64,2.7,0.217,0.257,0.325,22.4,22.6,20.39324,78.13201,ERA5,Asia/Kolkata,Open-Meteo Historical Weather API
MH-Yavatmal,2024-01-10,23.0,27.2,20.0,0.0,0.0,0.0,68,2.63,0.216,0.256,0.324,23.5,23.0,20.39324,78.13201,ERA5,Asia/Kolkata,Open-Meteo Historical Weather API
MH-Yavatmal,2024-01-11,23.1,29.0,18.9,0.0,0.0,0.0,70,3.18,0.216,0.255,0.323,24.0,23.4,20.39324,78.13201,ERA5,Asia/Kolkata,Open-Meteo Historical Weather API
MH-Yavatmal,2024-01-12,23.4,29.4,18.4,0.0,0.0,0.0,68,3.56,0.214,0.252,0.321,24.0,23.5,20.39324,78.13201,ERA5,Asia/Kolkata,Open-Meteo Historical Weather API
MH-Yavatmal,2024-01-13,23.7,29.8,19.0,0.0,0.0,0.0,67,3.68,0.209,0.247,0.317,24.3,23.9,20.39324,78.13201,ERA5,Asia/Kolkata,Open-Meteo Historical Weather API
MH-Yavatmal,2024-01-14,23.8,30.5,18.5,0.0,0.0,0.0,66,3.9,0.204,0.244,0.315,24.5,24.1,20.39324,78.13201,ERA5,Asia/Kolkata,Open-Meteo Historical Weather API
MH-Yavatmal,2024-01-15,21.6,28.9,16.4,0.0,0.0,0.0,63,3.85,0.2,0.24,0.312,23.5,23.6,20.39324,78.13201,ERA5,Asia/Kolkata,Open-Meteo Historical Weather API
MH-Yavatmal,2024-01-16,20.7,28.8,14.1,0.0,0.0,0.0,62,3.83,0.197,0.237,0.309,22.5,22.8,20.39324,78.13201,ERA5,Asia/Kolkata,Open-Meteo Historical Weather API
MH-Yavatmal,2024-01-17,22.7,29.7,17.1,0.0,0.0,0.0,63,3.54,0.197,0.235,0.308,23.2,22.9,20.39324,78.13201,ERA5,Asia/Kolkata,Open-Meteo Historical Weather API
MH-Yavatmal,2024-01-18,22.8,28.2,18.9,0.2,0.2,2.0,74,3.02,0.197,0.234,0.307,24.1,23.6,20.39324,78.13201,ERA5,Asia/Kolkata,Open-Meteo Historical Weather API
MH-Yavatmal,2024-01-19,22.6,27.9,18.7,0.0,0.0,0.0,64,3.87,0.199,0.233,0.306,24.0,23.7,20.39324,78.13201,ERA5,Asia/Kolkata,Open-Meteo Historical Weather API
MH-Yavatmal,2024-01-20,23.2,29.2,19.2,0.1,0.1,1.0,70,3.24,0.199,0.233,0.306,24.0,23.9,20.39324,78.13201,ERA5,Asia/Kolkata,Open-Meteo Historical Weather API
MH-Yavatmal,2024-01-21,22.3,27.5,18.7,0.0,0.0,0.0,66,3.76,0.2,0.233,0.306,24.4,24.1,20.39324,78.13201,ERA5,Asia/Kolkata,Open-Meteo Historical Weather API
MH-Yavatmal,2024-01-22,21.9,27.8,15.7,0.0,0.0,0.0,63,3.8,0.2,0.232,0.305,23.7,23.6,20.39324,78.13201,ERA5,Asia/Kolkata,Open-Meteo Historical Weather API
MH-Yavatmal,2024-01-23,22.3,26.2,19.0,2.8,2.8,12.0,76,2.77,0.212,0.229,0.304,24.0,23.9,20.39324,78.13201,ERA5,Asia/Kolkata,Open-Meteo Historical Weather API
MH-Yavatmal,2024-01-24,20.1,26.1,16.1,0.0,0.0,0.0,52,4.21,0.215,0.229,0.304,22.6,23.2,20.39324,78.13201,ERA5,Asia/Kolkata,Open-Meteo Historical Weather API
MH-Yavatmal,2024-01-25,18.8,26.0,13.1,0.0,0.0,0.0,46,4.38,0.212,0.228,0.303,20.9,21.9,20.39324,78.13201,ERA5,Asia/Kolkata,Open-Meteo Historical Weather API
MH-Yavatmal,2024-01-26,19.2,27.3,13.3,0.0,0.0,0.0,57,4.1,0.208,0.226,0.301,20.7,21.2,20.39324,78.13201,ERA5,Asia/Kolkata,Open-Meteo Historical Weather API
MH-Yavatmal,2024-01-27,19.7,27.6,14.0,0.0,0.0,0.0,54,4.19,0.207,0.227,0.302,20.9,21.2,20.39324,78.13201,ERA5,Asia/Kolkata,Open-Meteo Historical Weather API
MH-Yavatmal,2024-01-28,20.9,29.1,14.1,0.0,0.0,0.0,53,4.23,0.207,0.229,0.303,21.4,21.3,20.39324,78.13201,ERA5,Asia/Kolkata,Open-Meteo Historical Weather API
MH-Yavatmal,2024-01-29,22.6,30.2,14.8,0.0,0.0,0.0,55,4.2,0.204,0.228,0.303,22.2,21.8,20.39324,78.13201,ERA5,Asia/Kolkata,Open-Meteo Historical Weather API
MH-Yavatmal,2024-01-30,22.8,29.7,16.8,0.0,0.0,0.0,62,3.98,0.201,0.227,0.302,23.1,22.6,20.39324,78.13201,ERA5,Asia/Kolkata,Open-Meteo Historical Weather API
MH-Yavatmal,2024-01-31,23.5,30.0,17.8,0.0,0.0,0.0,59,3.89,0.202,0.23,0.303,23.6,23.0,20.39324,78.13201,ERA5,Asia/Kolkata,Open-Meteo Historical Weather API
MH-Yavatmal,2024-02-01,23.5,29.8,18.1,0.0,0.0,0.0,60,4.22,0.202,0.231,0.304,24.6,23.6,20.39324,78.13201,ERA5,Asia/Kolkata,Open-Meteo Historical Weather API
MH-Yavatmal,2024-02-02,23.9,29.8,19.3,0.0,0.0,0.0,53,4.46,0.199,0.23,0.303,24.8,24.1,20.39324,78.13201,ERA5,Asia/Kolkata,Open-Meteo Historical Weather API
MH-Yavatmal,2024-02-03,23.3,29.9,17.8,0.0,0.0,0.0,53,4.53,0.199,0.229,0.302,24.4,23.9,20.39324,78.13201,ERA5,Asia/Kolkata,Open-Meteo Historical Weather API
MH-Yavatmal,2024-02-04,23.7,31.1,17.2,0.0,0.0,0.0,55,4.46,0.199,0.231,0.303,24.2,23.7,20.39324,78.13201,ERA5,Asia/Kolkata,Open-Meteo Historical Weather API
MH-Yavatmal,2024-02-05,25.2,33.1,18.1,0.0,0.0,0.0,56,4.89,0.198,0.229,0.302,25.2,24.2,20.39324,78.13201,ERA5,Asia/Kolkata,Open-Meteo Historical Weather API
MH-Yavatmal,2024-02-06,25.4,32.8,19.3,0.0,0.0,0.0,56,4.71,0.197,0.228,0.3,26.2,24.9,20.39324,78.13201,ERA5,Asia/Kolkata,Open-Meteo Historical Weather API
MH-Yavatmal,2024-02-07,24.7,31.6,19.8,0.0,0.0,0.0,58,4.66,0.196,0.227,0.299,26.0,25.1,20.39324,78.13201,ERA5,Asia/Kolkata,Open-Meteo Historical Weather API
MH-Yavatmal,2024-02-08,22.8,28.4,18.5,0.0,0.0,0.0,56,4.52,0.196,0.225,0.298,24.8,24.8,20.39324,78.13201,ERA5,Asia/Kolkata,Open-Meteo Historical Weather API
MH-Yavatmal,2024-02-09,22.5,29.6,16.3,0.0,0.0,0.0,48,4.83,0.195,0.225,0.298,24.1,23.9,20.39324,78.13201,ERA5,Asia/Kolkata,Open-Meteo Historical Weather API
MH-Yavatmal,2024-02-10,22.9,30.4,18.8,4.6,4.6,6.0,63,3.92,0.213,0.224,0.296,24.6,23.9,20.39324,78.13201,ERA5,Asia/Kolkata,Open-Meteo Historical Weather API
MH-Yavatmal,2024-02-11,24.5,31.7,19.1,0.3,0.3,2.0,73,4.22,0.258,0.224,0.295,25.5,24.3,20.39324,78.13201,ERA5,Asia/Kolkata,Open-Meteo Historical Weather API
MH-Yavatmal,2024-02-12,24.6,30.8,20.3,0.0,0.0,0.0,70,4.16,0.249,0.227,0.297,25.6,24.8,20.39324,78.13201,ERA5,Asia/Kolkata,Open-Meteo Historical Weather API
MH-Yavatmal,2024-02-13,25.8,31.7,21.9,0.0,0.0,0.0,57,4.65,0.241,0.228,0.297,26.1,25.2,20.39324,78.13201,ERA5,Asia/Kolkata,Open-Meteo Historical Weather API
MH-Yavatmal,2024-02-14,24.6,30.8,19.0,0.0,0.0,0.0,57,4.43,0.234,0.23,0.298,25.6,25.1,20.39324,78.13201,ERA5,Asia/Kolkata,Open-Meteo Historical Weather API
MH-Yavatmal,2024-02-15,25.0,31.1,20.4,0.1,0.1,1.0,59,4.49,0.226,0.228,0.297,26.1,25.2,20.39324,78.13201,ERA5,Asia/Kolkata,Open-Meteo Historical Weather API
MH-Yavatmal,2024-02-16,25.4,32.5,20.3,0.0,0.0,0.0,60,4.39,0.219,0.228,0.296,26.4,25.6,20.39324,78.13201,ERA5,Asia/Kolkata,Open-Meteo Historical Weather API
MH-Yavatmal,2024-02-17,25.6,33.1,19.6,0.0,0.0,0.0,56,4.27,0.214,0.229,0.296,26.2,25.4,20.39324,78.13201,ERA5,Asia/Kolkata,Open-Meteo Historical Weather API
MH-Yavatmal,2024-02-18,26.5,34.6,20.0,0.0,0.0,0.0,45,5.13,0.208,0.228,0.294,26.7,25.6,20.39324,78.13201,ERA5,Asia/Kolkata,Open-Meteo Historical Weather API
MH-Yavatmal,2024-02-19,26.9,34.5,19.8,0.0,0.0,0.0,45,5.7,0.203,0.227,0.294,26.9,26.0,20.39324,78.13201,ERA5,Asia/Kolkata,Open-Meteo Historical Weather API
MH-Yavatmal,2024-02-20,26.4,33.9,19.6,0.0,0.0,0.0,44,5.45,0.2,0.224,0.292,27.2,26.2,20.39324,78.13201,ERA5,Asia/Kolkata,Open-Meteo Historical Weather API
MH-Yavatmal,2024-02-21,26.2,33.0,21.0,0.0,0.0,0.0,40,6.22,0.196,0.221,0.289,27.1,26.3,20.39324,78.13201,ERA5,Asia/Kolkata,Open-Meteo Historical Weather API
MH-Yavatmal,2024-02-22,25.2,31.1,20.4,0.0,0.0,0.0,47,5.88,0.193,0.217,0.285,26.7,26.1,20.39324,78.13201,ERA5,Asia/Kolkata,Open-Meteo Historical Weather API
MH-Yavatmal,2024-02-23,24.4,30.3,18.8,0.0,0.0,0.0,45,5.32,0.19,0.215,0.283,26.5,25.7,20.39324,78.13201,ERA5,Asia/Kolkata,Open-Meteo Historical Weather API
MH-Yavatmal,2024-02-24,24.6,31.6,17.3,0.0,0.0,0.0,42,5.63,0.188,0.214,0.281,26.4,25.5,20.39324,78.13201,ERA5,Asia/Kolkata,Open-Meteo Historical Weather API
MH-Yavatmal,2024-02-25,25.0,31.6,18.5,0.0,0.0,0.0,45,5.44,0.184,0.212,0.279,26.8,25.8,20.39324,78.13201,ERA5,Asia/Kolkata,Open-Meteo Historical Weather API
MH-Yavatmal,2024-02-26,26.0,31.7,21.0,3.1,3.1,9.0,70,4.26,0.187,0.213,0.279,27.4,26.3,20.39324,78.13201,ERA5,Asia/Kolkata,Open-Meteo Historical Weather API
MH-Yavatmal,2024-02-27,26.1,32.1,21.3,1.8,1.8,3.0,66,4.18,0.216,0.213,0.279,27.6,26.5,20.39324,78.13201,ERA5,Asia/Kolkata,Open-Meteo Historical Weather API
MH-Yavatmal,2024-02-28,26.7,33.4,21.4,0.4,0.4,4.0,56,4.74,0.216,0.21,0.276,28.0,26.9,20.39324,78.13201,ERA5,Asia/Kolkata,Open-Meteo Historical Weather API
MH-Yavatmal,2024-02-29,27.5,34.9,21.3,0.0,0.0,0.0,50,5.22,0.209,0.21,0.274,28.4,27.2,20.39324,78.13201,ERA5,Asia/Kolkata,Open-Meteo Historical Weather API
MH-Yavatmal,2024-03-01,28.3,35.8,22.5,0.0,0.0,0.0,42,5.04,0.203,0.209,0.273,28.6,27.4,20.39324,78.13201,ERA5,Asia/Kolkata,Open-Meteo Historical Weather API
MH-Yavatmal,2024-03-02,27.5,33.1,22.9,0.1,0.1,1.0,49,4.71,0.205,0.211,0.276,28.2,27.6,20.39324,78.13201,ERA5,Asia/Kolkata,Open-Meteo Historical Weather API
MH-Yavatmal,2024-03-03,27.4,32.6,23.6,0.0,0.0,0.0,51,5.61,0.202,0.212,0.275,28.4,27.5,20.39324,78.13201,ERA5,Asia/Kolkata,Open-Meteo Historical Weather API
MH-Yavatmal,2024-03-04,26.2,31.7,21.7,0.0,0.0,0.0,43,6.09,0.196,0.209,0.272,28.3,27.4,20.39324,78.13201,ERA5,Asia/Kolkata,Open-Meteo Historical Weather API
MH-Yavatmal,2024-03-05,26.0,34.1,17.7,0.0,0.0,0.0,37,5.74,0.192,0.208,0.27,27.8,26.9,20.39324,78.13201,ERA5,Asia/Kolkata,Open-Meteo Historical Weather API
MH-Yavatmal,2024-03-06,28.2,36.2,21.4,0.0,0.0,0.0,39,6.33,0.188,0.205,0.267,29.2,27.5,20.39324,78.13201,ERA5,Asia/Kolkata,Open-Meteo Historical Weather API
MH-Yavatmal,2024-03-07,27.4,34.3,20.7,0.0,0.0,0.0,42,6.32,0.187,0.206,0.268,29.2,28.1,20.39324,78.13201,ERA5,Asia/Kolkata,Open-Meteo Historical Weather API
MH-Yavatmal,2024-03-08,27.2,34.4,20.7,0.0,0.0,0.0,37,6.61,0.186,0.206,0.267,29.0,28.0,20.39324,78.13201,ERA5,Asia/Kolkata,Open-Meteo Historical Weather API
MH-Yavatmal,2024-03-09,27.4,34.9,20.7,0.0,0.0,0.0,37,6.63,0.185,0.205,0.265,29.1,28.0,20.39324,78.13201,ERA5,Asia/Kolkata,Open-Meteo Historical Weather API
MH-Yavatmal,2024-03-10,28.4,36.5,21.8,0.0,0.0,0.0,38,6.01,0.183,0.204,0.263,29.7,28.4,20.39324,78.13201,ERA5,Asia/Kolkata,Open-Meteo Historical Weather API
MH-Yavatmal,2024-03-11,29.5,36.7,23.4,0.0,0.0,0.0,41,6.56,0.182,0.204,0.261,30.8,29.1,20.39324,78.13201,ERA5,Asia/Kolkata,Open-Meteo Historical Weather API
MH-Yavatmal,2024-03-12,29.6,36.4,22.5,0.0,0.0,0.0,39,6.76,0.182,0.204,0.261,31.0,29.5,20.39324,78.13201,ERA5,Asia/Kolkata,Open-Meteo Historical Weather API
MH-Yavatmal,2024-03-13,28.9,36.3,22.2,0.0,0.0,0.0,37,7.04,0.181,0.204,0.259,30.4,29.5,20.39324,78.13201,ERA5,Asia/Kolkata,Open-Meteo Historical Weather API
MH-Yavatmal,2024-03-14,27.9,35.8,20.5,0.0,0.0,0.0,32,7.21,0.183,0.204,0.259,29.7,29.0,20.39324,78.13201,ERA5,Asia/Kolkata,Open-Meteo Historical Weather API
MH-Yavatmal,2024-03-15,28.3,36.0,20.3,0.0,0.0,0.0,36,6.13,0.184,0.204,0.258,30.1,29.0,20.39324,78.13201,ERA5,Asia/Kolkata,Open-Meteo Historical Weather API
MH-Yavatmal,2024-03-16,29.3,36.2,23.2,0.0,0.0,0.0,41,5.81,0.185,0.205,0.257,31.0,29.6,20.39324,78.13201,ERA5,Asia/Kolkata,Open-Meteo Historical Weather API
MH-Yavatmal,2024-03-17,27.8,35.7,23.5,9.9,9.9,8.0,66,5.14,0.213,0.204,0.255,30.8,30.0,20.39324,78.13201,ERA5,Asia/Kolkata,Open-Meteo Historical Weather API
MH-Yavatmal,2024-03-18,27.7,33.8,22.0,0.7,0.7,3.0,67,5.33,0.296,0.205,0.255,30.0,29.3,20.39324,78.13201,ERA5,Asia/Kolkata,Open-Meteo Historical Weather API
MH-Yavatmal,2024-03-19,26.2,33.4,21.8,3.7,3.7,5.0,69,4.99,0.285,0.208,0.256,29.2,29.1,20.39324,78.13201,ERA5,Asia/Kolkata,Open-Meteo Historical Weather API
MH-Yavatmal,2024-03-20,25.2,32.3,18.8,0.0,0.0,0.0,59,5.48,0.291,0.214,0.259,27.9,27.9,20.39324,78.13201,ERA5,Asia/Kolkata,Open-Meteo Historical Weather API
MH-Yavatmal,2024-03-21,27.3,34.9,19.2,0.0,0.0,0.0,42,5.84,0.269,0.216,0.259,27.9,27.3,20.39324,78.13201,ERA5,Asia/Kolkata,Open-Meteo Historical Weather API
MH-Yavatmal,2024-03-22,29.1,37.2,21.5,0.0,0.0,0.0,39,5.97,0.248,0.212,0.257,29.1,27.8,20.39324,78.13201,ERA5,Asia/Kolkata,Open-Meteo Historical Weather API
MH-Yavatmal,2024-03-23,29.9,37.9,20.3,0.0,0.0,0.0,38,5.97,0.231,0.209,0.255,29.8,28.5,20.39324,78.13201,ERA5,Asia/Kolkata,Open-Meteo Historical Weather API
MH-Yavatmal,2024-03-24,30.7,38.0,21.4,0.0,0.0,0.0,38,6.17,0.217,0.208,0.253,30.6,29.0,20.39324,78.13201,ERA5,Asia/Kolkata,Open-Meteo Historical Weather API
MH-Yavatmal,2024-03-25,31.4,38.4,25.9,0.0,0.0,0.0,39,6.89,0.206,0.205,0.249,32.3,30.3,20.39324,78.13201,ERA5,Asia/Kolkata,Open-Meteo Historical Weather API
MH-Yavatmal,2024-03-26,31.7,38.9,25.4,0.0,0.0,0.0,36,5.79,0.201,0.204,0.245,32.4,30.7,20.39324,78.13201,ERA5,Asia/Kolkata,Open-Meteo Historical Weather API
MH-Yavatmal,2024-03-27,32.2,39.3,25.4,0.0,0.0,0.0,40,6.21,0.197,0.205,0.246,32.9,31.1,20.39324,78.13201,ERA5,Asia/Kolkata,Open-Meteo Historical Weather API
MH-Yavatmal,2024-03-28,32.8,40.2,25.2,0.0,0.0,0.0,37,6.87,0.196,0.207,0.248,33.5,31.6,20.39324,78.13201,ERA5,Asia/Kolkata,Open-Meteo Historical Weather API
MH-Yavatmal,2024-03-29,33.6,40.3,27.2,0.0,0.0,0.0,37,6.82,0.194,0.207,0.248,34.2,32.3,20.39324,78.13201,ERA5,Asia/Kolkata,Open-Meteo Historical Weather API
MH-Yavatmal,2024-03-30,32.4,38.4,25.9,0.6,0.6,2.0,43,6.26,0.192,0.207,0.247,34.1,32.6,20.39324,78.13201,ERA5,Asia/Kolkata,Open-Meteo Historical Weather API
MH-Yavatmal,2024-03-31,32.2,38.6,27.9,0.2,0.2,2.0,44,5.94,0.196,0.209,0.249,33.8,32.7,20.39324,78.13201,ERA5,Asia/Kolkata,Open-Meteo Historical Weather API
MH-Yavatmal,2024-04-01,32.3,39.3,25.6,0.0,0.0,0.0,36,7.4,0.194,0.21,0.249,33.9,32.5,20.39324,78.13201,ERA5,Asia/Kolkata,Open-Meteo Historical Weather API
MH-Yavatmal,2024-04-02,32.0,39.9,24.5,0.0,0.0,0.0,32,7.68,0.188,0.206,0.246,33.8,32.5,20.39324,78.13201,ERA5,Asia/Kolkata,Open-Meteo Historical Weather API
MH-Yavatmal,2024-04-03,32.5,40.5,24.9,0.0,0.0,0.0,34,6.56,0.185,0.205,0.245,34.1,32.6,20.39324,78.13201,ERA5,Asia/Kolkata,Open-Meteo Historical Weather API
MH-Yavatmal,2024-04-04,33.2,40.4,26.0,0.0,0.0,0.0,33,7.83,0.184,0.204,0.244,34.4,32.9,20.39324,78.13201,ERA5,Asia/Kolkata,Open-Meteo Historical Weather API
MH-Yavatmal,2024-04-05,32.5,39.7,25.0,0.0,0.0,0.0,32,7.72,0.185,0.204,0.243,34.3,33.1,20.39324,78.13201,ERA5,Asia/Kolkata,Open-Meteo Historical Weather API
MH-Yavatmal,2024-04-06,33.1,40.0,26.6,0.0,0.0,0.0,30,7.97,0.183,0.202,0.241,34.5,33.2,20.39324,78.13201,ERA5,Asia/Kolkata,Open-Meteo Historical Weather API
MH-Yavatmal,2024-04-07,31.3,36.4,27.2,0.0,0.0,0.0,36,6.17,0.187,0.204,0.244,33.6,33.0,20.39324,78.13201,ERA5,Asia/Kolkata,Open-Meteo Historical Weather API
MH-Yavatmal,2024-04-08,30.0,35.6,24.5,0.0,0.0,0.0,46,6.82,0.191,0.209,0.249,32.7,32.3,20.39324,78.13201,ERA5,Asia/Kolkata,Open-Meteo Historical Weather API
MH-Yavatmal,2024-04-09,28.5,35.4,23.8,1.4,1.4,4.0,57,6.36,0.203,0.216,0.255,31.6,32.0,20.39324,78.13201,ERA5,Asia/Kolkata,Open-Meteo Historical Weather API
MH-Yavatmal,2024-04-10,27.5,35.0,22.7,1.3,1.3,4.0,62,5.71,0.219,0.222,0.261,30.6,31.2,20.39324,78.13201,ERA5,Asia/Kolkata,Open-Meteo Historical Weather API
MH-Yavatmal,2024-04-11,24.8,30.3,20.2,9.1,9.1,10.0,70,4.62,0.3,0.232,0.268,28.0,29.9,20.39324,78.13201,ERA5,Asia/Kolkata,Open-Meteo Historical Weather API
MH-Yavatmal,2024-04-12,27.5,32.7,23.2,0.0,0.0,0.0,56,5.77,0.297,0.242,0.274,29.3,29.5,20.39324,78.13201,ERA5,Asia/Kolkata,Open-Meteo Historical Weather API
MH-Yavatmal,2024-04-13,26.3,30.2,22.6,0.1,0.1,1.0,68,4.87,0.282,0.25,0.282,28.6,29.6,20.39324,78.13201,ERA5,Asia/Kolkata,Open-Meteo Historical Weather API
MH-Yavatmal,2024-04-14,29.4,35.9,22.6,0.0,0.0,0.0,60,5.54,0.27,0.255,0.287,30.4,29.7,20.39324,78.13201,ERA5,Asia/Kolkata,Open-Meteo Historical Weather API
MH-Yavatmal,2024-04-15,31.9,38.3,26.2,0.9,0.9,1.0,56,6.18,0.253,0.252,0.288,32.6,31.0,20.39324,78.13201,ERA5,Asia/Kolkata,Open-Meteo Historical Weather API
MH-Yavatmal,2024-04-16,31.2,37.5,26.8,0.9,0.9,1.0,54,5.66,0.239,0.249,0.287,32.9,31.8,20.39324,78.13201,ERA5,Asia/Kolkata,Open-Meteo Historical Weather API
MH-Yavatmal,2024-04-17,32.5,38.5,25.7,0.1,0.1,1.0,47,6.37,0.229,0.248,0.287,33.4,32.0,20.39324,78.13201,ERA5,Asia/Kolkata,Open-Meteo Historical Weather API
MH-Yavatmal,2024-04-18,33.2,39.5,27.3,0.0,0.0,0.0,40,6.47,0.215,0.242,0.284,33.9,32.4,20.39324,78.13201,ERA5,Asia/Kolkata,Open-Meteo Historical Weather API
MH-Yavatmal,2024-04-19,33.9,41.3,26.4,0.0,0.0,0.0,39,7.12,0.205,0.237,0.282,34.2,32.7,20.39324,78.13201,ERA5,Asia/Kolkata,Open-Meteo Historical Weather API
MH-Yavatmal,2024-04-20,33.5,39.1,27.2,0.2,0.2,1.0,40,7.87,0.2,0.234,0.28,34.4,32.8,20.39324,78.13201,ERA5,Asia/Kolkata,Open-Meteo Historical Weather API
MH-Yavatmal,2024-04-21,32.9,37.9,27.7,0.2,0.2,2.0,40,7.17,0.195,0.23,0.278,34.2,33.1,20.39324,78.13201,ERA5,Asia/Kolkata,Open-Meteo Historical Weather API
MH-Yavatmal,2024-04-22,30.4,34.6,27.6,0.8,0.8,5.0,51,6.08,0.199,0.23,0.279,33.1,32.9,20.39324,78.13201,ERA5,Asia/Kolkata,Open-Meteo Historical Weather API
MH-Yavatmal,2024-04-23,30.5,37.4,24.7,0.2,0.2,2.0,56,5.82,0.204,0.234,0.283,32.8,32.3,20.39324,78.13201,ERA5,Asia/Kolkata,Open-Meteo Historical Weather API
MH-Yavatmal,2024-04-24,31.0,37.9,24.2,1.2,1.2,8.0,53,6.09,0.213,0.236,0.284,32.8,32.2,20.39324,78.13201,ERA5,Asia/Kolkata,Open-Meteo Historical Weather API
MH-Yavatmal,2024-04-25,32.8,40.0,27.1,0.0,0.0,0.0,43,6.31,0.208,0.233,0.284,33.9,32.5,20.39324,78.13201,ERA5,Asia/Kolkata,Open-Meteo Historical Weather API
MH-Yavatmal,2024-04-26,33.4,40.2,28.2,0.0,0.0,0.0,42,7.13,0.203,0.232,0.284,34.5,33.1,20.39324,78.13201,ERA5,Asia/Kolkata,Open-Meteo Historical Weather API
MH-Yavatmal,2024-04-27,33.1,39.2,26.9,0.0,0.0,0.0,44,6.56,0.197,0.229,0.282,34.9,33.6,20.39324,78.13201,ERA5,Asia/Kolkata,Open-Meteo Historical Weather API
MH-Yavatmal,2024-04-28,33.2,38.8,28.0,0.0,0.0,0.0,43,6.77,0.193,0.228,0.281,34.7,33.8,20.39324,78.13201,ERA5,Asia/Kolkata,Open-Meteo Historical Weather API
MH-Yavatmal,2024-04-29,33.7,40.2,28.5,1.0,1.0,3.0,48,6.0,0.191,0.225,0.279,35.1,33.8,20.39324,78.13201,ERA5,Asia/Kolkata,Open-Meteo Historical Weather API
MH-Yavatmal,2024-04-30,34.5,41.0,28.1,0.0,0.0,0.0,40,8.05,0.193,0.221,0.276,35.9,34.2,20.39324,78.13201,ERA5,Asia/Kolkata,Open-Meteo Historical Weather API
MH-Yavatmal,2024-05-01,34.1,40.3,27.9,0.0,0.0,0.0,29,9.56,0.187,0.217,0.273,35.5,34.2,20.39324,78.13201,ERA5,Asia/Kolkata,Open-Meteo Historical Weather API
MH-Yavatmal,2024-05-02,32.5,39.8,25.0,0.0,0.0,0.0,25,8.65,0.184,0.212,0.268,34.5,33.8,20.39324,78.13201,ERA5,Asia/Kolkata,Open-Meteo Historical Weather API
MH-Yavatmal,2024-05-03,32.6,41.0,23.5,0.0,0.0,0.0,27,7.69,0.181,0.209,0.265,34.5,33.4,20.39324,78.13201,ERA5,Asia/Kolkata,Open-Meteo Historical Weather API
MH-Yavatmal,2024-05-04,33.7,41.8,25.2,0.0,0.0,0.0,25,8.18,0.177,0.207,0.262,35.2,33.7,20.39324,78.13201,ERA5,Asia/Kolkata,Open-Meteo Historical Weather API
MH-Yavatmal,2024-05-05,35.0,42.1,28.2,0.0,0.0,0.0,29,9.71,0.174,0.202,0.257,36.2,34.5,20.39324,78.13201,ERA5,Asia/Kolkata,Open-Meteo Historical Weather API
MH-Yavatmal,2024-05-06,35.5,41.8,29.8,0.0,0.0,0.0,30,9.18,0.174,0.2,0.254,37.0,35.0,20.39324,78.13201,ERA5,Asia/Kolkata,Open-Meteo Historical Weather API
MH-Yavatmal,2024-05-07,33.5,40.9,28.1,0.0,0.0,0.0,39,7.68,0.177,0.204,0.256,36.5,35.4,20.39324,78.13201,ERA5,Asia/Kolkata,Open-Meteo Historical Weather API
MH-Yavatmal,2024-05-08,32.2,39.0,25.2,0.1,0.1,1.0,51,6.38,0.179,0.209,0.26,35.2,34.9,20.39324,78.13201,ERA5,Asia/Kolkata,Open-Meteo Historical Weather API
MH-Yavatmal,2024-05-09,30.6,36.7,26.9,3.0,3.0,2.0,57,6.14,0.196,0.214,0.265,34.1,34.4,20.39324,78.13201,ERA5,Asia/Kolkata,Open-Meteo Historical Weather API
MH-Yavatmal,2024-05-10,31.6,37.9,25.7,0.1,0.1,1.0,55,6.38,0.216,0.22,0.269,33.8,33.4,20.39324,78.13201,ERA5,Asia/Kolkata,Open-Meteo Historical Weather API
MH-Yavatmal,2024-05-11,33.3,39.2,27.5,0.0,0.0,0.0,44,6.96,0.209,0.222,0.271,35.1,34.1,20.39324,78.13201,ERA5,Asia/Kolkata,Open-Meteo Historical Weather API
MH-Yavatmal,2024-05-12,32.5,38.4,28.3,0.0,0.0,0.0,44,6.39,0.205,0.224,0.273,35.0,34.5,20.39324,78.13201,ERA5,Asia/Kolkata,Open-Meteo Historical Weather API
MH-Yavatmal,2024-05-13,31.0,36.6,26.2,0.1,0.1,1.0,50,6.27,0.214,0.234,0.281,33.9,34.2,20.39324,78.13201,ERA5,Asia/Kolkata,Open-Meteo Historical Weather API
MH-Yavatmal,2024-05-14,32.7,39.2,28.0,0.0,0.0,0.0,42,6.49,0.217,0.232,0.28,34.6,34.1,20.39324,78.13201,ERA5,Asia/Kolkata,Open-Meteo Historical Weather API
MH-Yavatmal,2024-05-15,31.2,36.9,26.1,0.0,0.0,0.0,47,5.66,0.211,0.232,0.281,33.5,33.7,20.39324,78.13201,ERA5,Asia/Kolkata,Open-Meteo Historical Weather API
MH-Yavatmal,2024-05-16,32.1,38.7,27.6,1.7,1.7,2.0,48,6.75,0.209,0.228,0.278,34.2,33.4,20.39324,78.13201,ERA5,Asia/Kolkata,Open-Meteo Historical Weather API
MH-Yavatmal,2024-05-17,30.2,35.0,26.0,0.1,0.1,1.0,56,5.19,0.216,0.228,0.279,32.7,32.9,20.39324,78.13201,ERA5,Asia/Kolkata,Open-Meteo Historical Weather API
MH-Yavatmal,2024-05-18,32.2,38.1,26.2,0.0,0.0,0.0,53,6.71,0.206,0.223,0.275,34.3,33.0,20.39324,78.13201,ERA5,Asia/Kolkata,Open-Meteo Historical Weather API
MH-Yavatmal,2024-05-19,33.4,39.3,27.8,0.0,0.0,0.0,50,6.93,0.197,0.219,0.271,35.6,34.0,20.39324,78.13201,ERA5,Asia/Kolkata,Open-Meteo Historical Weather API
MH-Yavatmal,2024-05-20,34.4,40.1,28.0,0.1,0.1,1.0,48,6.67,0.192,0.215,0.268,36.2,34.6,20.39324,78.13201,ERA5,Asia/Kolkata,Open-Meteo Historical Weather API
MH-Yavatmal,2024-05-21,34.9,40.9,29.7,0.5,0.5,2.0,46,6.93,0.189,0.215,0.267,36.9,35.3,20.39324,78.13201,ERA5,Asia/Kolkata,Open-Meteo Historical Weather API
MH-Yavatmal,2024-05-22,34.9,40.8,30.6,0.0,0.0,0.0,43,7.04,0.187,0.213,0.267,37.2,35.8,20.39324,78.13201,ERA5,Asia/Kolkata,Open-Meteo Historical Weather API
MH-Yavatmal,2024-05-23,35.3,41.9,28.8,0.3,0.3,1.0,44,6.76,0.188,0.217,0.269,37.2,36.1,20.39324,78.13201,ERA5,Asia/Kolkata,Open-Meteo Historical Weather API
MH-Yavatmal,2024-05-24,36.3,42.3,30.7,0.0,0.0,0.0,39,7.27,0.187,0.218,0.269,37.6,36.5,20.39324,78.13201,ERA5,Asia/Kolkata,Open-Meteo Historical Weather API
MH-Yavatmal,2024-05-25,36.4,42.5,31.0,0.0,0.0,0.0,37,7.95,0.185,0.218,0.269,37.6,36.3,20.39324,78.13201,ERA5,Asia/Kolkata,Open-Meteo Historical Weather API
MH-Yavatmal,2024-05-26,36.0,41.9,30.3,0.0,0.0,0.0,39,8.11,0.184,0.218,0.269,37.1,36.1,20.39324,78.13201,ERA5,Asia/Kolkata,Open-Meteo Historical Weather API
MH-Yavatmal,2024-05-27,36.3,41.8,30.8,0.0,0.0,0.0,43,9.75,0.183,0.217,0.268,37.3,36.3,20.39324,78.13201,ERA5,Asia/Kolkata,Open-Meteo Historical Weather API
MH-Yavatmal,2024-05-28,35.9,42.2,30.5,0.0,0.0,0.0,42,9.81,0.182,0.215,0.267,37.4,36.2,20.39324,78.13201,ERA5,Asia/Kolkata,Open-Meteo Historical Weather API
MH-Yavatmal,2024-05-29,35.9,41.9,30.3,0.0,0.0,0.0,41,9.39,0.18,0.211,0.263,37.4,36.1,20.39324,78.13201,ERA5,Asia/Kolkata,Open-Meteo Historical Weather API
MH-Yavatmal,2024-05-30,36.0,41.8,30.2,0.0,0.0,0.0,39,9.19,0.175,0.205,0.258,37.7,36.2,20.39324,78.13201,ERA5,Asia/Kolkata,Open-Meteo Historical Weather API
MH-Yavatmal,2024-05-31,36.2,42.5,30.9,0.0,0.0,0.0,38,9.3,0.175,0.202,0.254,37.7,36.3,20.39324,78.13201,ERA5,Asia/Kolkata,Open-Meteo Historical Weather API
MH-Yavatmal,2024-06-01,36.5,42.4,31.2,0.0,0.0,0.0,35,8.53,0.174,0.201,0.252,38.0,36.4,20.39324,78.13201,ERA5,Asia/Kolkata,Open-Meteo Historical Weather API
MH-Yavatmal,2024-06-02,35.2,40.2,31.1,0.8,0.8,3.0,40,7.56,0.177,0.203,0.253,38.0,36.9,20.39324,78.13201,ERA5,Asia/Kolkata,Open-Meteo Historical Weather API
MH-Yavatmal,2024-06-03,34.0,39.7,29.7,0.0,0.0,0.0,49,7.51,0.186,0.207,0.255,36.9,36.6,20.39324,78.13201,ERA5,Asia/Kolkata,Open-Meteo Historical Weather API
MH-Yavatmal,2024-06-04,31.5,35.5,27.5,0.8,0.8,5.0,58,4.89,0.2,0.216,0.262,33.8,35.5,20.39324,78.13201,ERA5,Asia/Kolkata,Open-Meteo Historical Weather API
MH-Yavatmal,2024-06-05,32.2,38.3,27.1,0.1,0.1,1.0,55,6.57,0.201,0.217,0.263,34.5,34.6,20.39324,78.13201,ERA5,Asia/Kolkata,Open-Meteo Historical Weather API
MH-Yavatmal,2024-06-06,32.4,38.0,26.7,0.6,0.6,5.0,54,6.46,0.206,0.213,0.259,35.4,34.8,20.39324,78.13201,ERA5,Asia/Kolkata,Open-Meteo Historical Weather API
MH-Yavatmal,2024-06-07,33.5,39.5,27.6,0.2,0.2,1.0,51,6.51,0.2,0.213,0.259,35.8,34.9,20.39324,78.13201,ERA5,Asia/Kolkata,Open-Meteo Historical Weather API
MH-Yavatmal,2024-06-08,33.0,38.7,27.4,1.5,1.5,5.0,53,6.54,0.2,0.211,0.257,36.0,35.4,20.39324,78.13201,ERA5,Asia/Kolkata,Open-Meteo Historical Weather API
MH-Yavatmal,2024-06-09,32.6,39.1,28.5,3.1,3.1,5.0,56,6.14,0.213,0.206,0.252,36.0,35.4,20.39324,78.13201,ERA5,Asia/Kolkata,Open-Meteo Historical Weather API
MH-Yavatmal,2024-06-10,32.0,38.5,26.7,1.9,1.9,5.0,59,6.29,0.253,0.205,0.25,35.1,34.9,20.39324,78.13201,ERA5,Asia/Kolkata,Open-Meteo Historical Weather API
MH-Yavatmal,2024-06-11,32.8,38.9,28.3,0.1,0.1,1.0,51,6.88,0.235,0.208,0.252,35.0,34.7,20.39324,78.13201,ERA5,Asia/Kolkata,Open-Meteo Historical Weather API
MH-Yavatmal,2024-06-12,30.4,35.7,25.2,5.5,5.5,3.0,63,4.61,0.286,0.218,0.259,32.7,33.9,20.39324,78.13201,ERA5,Asia/Kolkata,Open-Meteo Historical Weather API
MH-Yavatmal,2024-06-13,31.2,36.9,27.5,5.6,5.6,3.0,61,6.42,0.288,0.222,0.261,33.3,33.3,20.39324,78.13201,ERA5,Asia/Kolkata,Open-Meteo Historical Weather API
MH-Yavatmal,2024-06-14,30.6,37.4,26.8,0.2,0.2,1.0,65,6.05,0.341,0.225,0.258,32.9,33.0,20.39324,78.13201,ERA5,Asia/Kolkata,Open-Meteo Historical Weather API
MH-Yavatmal,2024-06-15,31.2,37.6,25.8,1.9,1.9,1.0,63,6.23,0.306,0.225,0.256,33.0,32.8,20.39324,78.13201,ERA5,Asia/Kolkata,Open-Meteo Historical Weather API
MH-Yavatmal,2024-06-16,32.0,37.4,28.3,1.1,1.1,6.0,60,5.84,0.284,0.221,0.252,33.9,33.3,20.39324,78.13201,ERA5,Asia/Kolkata,Open-Meteo Historical Weather API
MH-Yavatmal,2024-06-17,30.5,34.8,25.8,2.0,2.0,9.0,67,5.54,0.299,0.219,0.25,33.1,33.2,20.39324,78.13201,ERA5,Asia/Kolkata,Open-Meteo Historical Weather API
MH-Yavatmal,2024-06-18,30.6,35.6,26.1,2.4,2.4,3.0,68,5.79,0.283,0.219,0.249,32.8,33.0,20.39324,78.13201,ERA5,Asia/Kolkata,Open-Meteo Historical Weather API
MH-Yavatmal,2024-06-19,30.3,35.2,26.1,0.7,0.7,4.0,66,5.05,0.272,0.218,0.248,32.1,32.4,20.39324,78.13201,ERA5,Asia/Kolkata,Open-Meteo Historical Weather API
MH-Yavatmal,2024-06-20,30.2,36.3,26.5,3.1,3.1,9.0,65,4.86,0.274,0.215,0.245,31.8,31.9,20.39324,78.13201,ERA5,Asia/Kolkata,Open-Meteo Historical Weather API
MH-Yavatmal,2024-06-21,29.3,35.4,25.9,3.9,3.9,11.0,71,4.73,0.314,0.218,0.243,31.5,31.5,20.39324,78.13201,ERA5,Asia/Kolkata,Open-Meteo Historical Weather API
MH-Yavatmal,2024-06-22,26.7,28.6,25.0,33.2,33.2,22.0,87,1.79,0.424,0.289,0.243,28.9,30.4,20.39324,78.13201,ERA5,Asia/Kolkata,Open-Meteo Historical Weather API
MH-Yavatmal,2024-06-23,27.4,30.8,24.2,5.5,5.5,18.0,81,2.84,0.421,0.353,0.243,28.9,29.2,20.39324,78.13201,ERA5,Asia/Kolkata,Open-Meteo Historical Weather API
MH-Yavatmal,2024-06-24,29.1,33.0,25.3,14.8,14.8,11.0,74,4.31,0.422,0.395,0.243,30.0,29.5,20.39324,78.13201,ERA5,Asia/Kolkata,Open-Meteo Historical Weather API
MH-Yavatmal,2024-06-25,30.9,35.6,26.4,4.8,4.8,8.0,70,4.84,0.4,0.387,0.241,31.5,30.2,20.39324,78.13201,ERA5,Asia/Kolkata,Open-Meteo Historical Weather API
MH-Yavatmal,2024-06-26,31.6,36.0,27.7,0.2,0.2,2.0,63,5.09,0.412,0.388,0.239,32.1,30.9,20.39324,78.13201,ERA5,Asia/Kolkata,Open-Meteo Historical Weather API
MH-Yavatmal,2024-06-27,29.6,33.1,27.0,1.9,1.9,6.0,72,3.57,0.389,0.376,0.238,30.9,30.7,20.39324,78.13201,ERA5,Asia/Kolkata,Open-Meteo Historical Weather API
MH-Yavatmal,2024-06-28,28.0,30.9,26.1,2.9,2.9,7.0,75,2.82,0.388,0.371,0.24,28.8,29.5,20.39324,78.13201,ERA5,Asia/Kolkata,Open-Meteo Historical Weather API
MH-Yavatmal,2024-06-29,28.1,30.9,26.2,1.7,1.7,6.0,78,2.79,0.379,0.366,0.241,28.6,28.9,20.39324,78.13201,ERA5,Asia/Kolkata,Open-Meteo Historical Weather API
MH-Yavatmal,2024-06-30,28.0,31.5,24.7,4.7,4.7,12.0,80,3.46,0.38,0.361,0.241,28.7,28.8,20.39324,78.13201,ERA5,Asia/Kolkata,Open-Meteo Historical Weather API
MH-Yavatmal,2024-07-01,27.4,30.9,24.6,5.3,5.3,10.0,80,2.93,0.411,0.366,0.242,28.1,28.5,20.39324,78.13201,ERA5,Asia/Kolkata,Open-Meteo Historical Weather API
MH-Yavatmal,2024-07-02,27.2,30.9,24.4,3.1,3.1,12.0,78,3.43,0.401,0.367,0.243,28.1,28.5,20.39324,78.13201,ERA5,Asia/Kolkata,Open-Meteo Historical Weather API
MH-Yavatmal,2024-07-03,28.6,32.9,24.5,1.9,1.9,11.0,74,4.71,0.391,0.367,0.245,28.8,28.5,20.39324,78.13201,ERA5,Asia/Kolkata,Open-Meteo Historical Weather API
MH-Yavatmal,2024-07-04,28.4,32.8,25.5,3.1,3.1,11.0,76,4.07,0.373,0.36,0.245,29.2,29.0,20.39324,78.13201,ERA5,Asia/Kolkata,Open-Meteo Historical Weather API
MH-Yavatmal,2024-07-05,28.1,33.0,25.7,3.6,3.6,16.0,78,4.08,0.373,0.353,0.245,29.1,28.9,20.39324,78.13201,ERA5,Asia/Kolkata,Open-Meteo Historical Weather API
MH-Yavatmal,2024-07-06,27.4,30.9,24.3,17.2,17.2,12.0,80,3.8,0.393,0.354,0.246,28.5,28.8,20.39324,78.13201,ERA5,Asia/Kolkata,Open-Meteo Historical Weather API
MH-Yavatmal,2024-07-07,26.5,29.7,24.2,16.1,16.1,18.0,86,2.46,0.45,0.431,0.251,27.7,28.1,20.39324,78.13201,ERA5,Asia/Kolkata,Open-Meteo Historical Weather API
MH-Yavatmal,2024-07-08,27.0,30.2,24.4,8.8,8.8,18.0,86,2.92,0.442,0.426,0.258,28.3,28.1,20.39324,78.13201,ERA5,Asia/Kolkata,Open-Meteo Historical Weather API
MH-Yavatmal,2024-07-09,27.5,31.1,24.6,21.4,21.4,22.0,85,3.19,0.456,0.442,0.267,28.6,28.2,20.39324,78.13201,ERA5,Asia/Kolkata,Open-Meteo Historical Weather API
MH-Yavatmal,2024-07-10,28.0,31.2,25.4,18.5,18.5,12.0,83,3.18,0.451,0.443,0.28,28.7,28.3,20.39324,78.13201,ERA5,Asia/Kolkata,Open-Meteo Historical Weather API
MH-Yavatmal,2024-07-11,28.4,31.7,24.9,2.4,2.4,8.0,78,3.48,0.438,0.434,0.291,28.7,28.1,20.39324,78.13201,ERA5,Asia/Kolkata,Open-Meteo Historical Weather API
MH-Yavatmal,2024-07-12,27.9,30.0,26.2,2.4,2.4,12.0,78,2.88,0.42,0.416,0.295,28.2,28.2,20.39324,78.13201,ERA5,Asia/Kolkata,Open-Meteo Historical Weather API
MH-Yavatmal,2024-07-13,27.5,30.3,25.6,6.5,6.5,16.0,79,3.03,0.434,0.415,0.297,27.7,27.6,20.39324,78.13201,ERA5,Asia/Kolkata,Open-Meteo Historical Weather API
MH-Yavatmal,2024-07-14,26.9,29.7,25.3,10.5,10.5,21.0,85,2.77,0.432,0.415,0.3,27.8,27.6,20.39324,78.13201,ERA5,Asia/Kolkata,Open-Meteo Historical Weather API
MH-Yavatmal,2024-07-15,26.8,29.4,24.6,14.1,14.1,22.0,89,2.62,0.45,0.433,0.305,27.9,27.6,20.39324,78.13201,ERA5,Asia/Kolkata,Open-Meteo Historical Weather API
MH-Yavatmal,2024-07-16,26.4,28.3,25.1,48.0,48.0,24.0,93,1.69,0.456,0.449,0.318,27.5,27.4,20.39324,78.13201,ERA5,Asia/Kolkata,Open-Meteo Historical Weather API
MH-Yavatmal,2024-07-17,25.5,26.5,24.5,23.0,23.0,24.0,91,1.47,0.461,0.456,0.348,26.5,26.9,20.39324,78.13201,ERA5,Asia/Kolkata,Open-Meteo Historical Weather API
MH-Yavatmal,2024-07-18,26.7,29.6,24.0,9.7,9.7,22.0,86,2.28,0.46,0.452,0.362,26.8,26.5,20.39324,78.13201,ERA5,Asia/Kolkata,Open-Meteo Historical Weather API
MH-Yavatmal,2024-07-19,26.9,29.7,25.3,4.8,4.8,8.0,82,2.87,0.446,0.443,0.371,27.1,27.0,20.39324,78.13201,ERA5,Asia/Kolkata,Open-Meteo Historical Weather API
MH-Yavatmal,2024-07-20,25.1,26.7,24.0,12.3,12.3,24.0,91,1.73,0.455,0.446,0.377,26.1,26.6,20.39324,78.13201,ERA5,Asia/Kolkata,Open-Meteo Historical Weather API
MH-Yavatmal,2024-07-21,25.2,26.6,24.0,87.9,87.9,24.0,92,1.22,0.465,0.465,0.416,25.4,25.9,20.39324,78.13201,ERA5,Asia/Kolkata,Open-Meteo Historical Weather API
MH-Yavatmal,2024-07-22,25.2,26.6,23.9,119.9,119.9,24.0,91,1.49,0.465,0.465,0.452,25.2,25.6,20.39324,78.13201,ERA5,Asia/Kolkata,Open-Meteo Historical Weather API
MH-Yavatmal,2024-07-23,25.0,25.9,23.8,34.2,34.2,24.0,92,1.05,0.466,0.464,0.463,25.0,25.4,20.39324,78.13201,ERA5,Asia/Kolkata,Open-Meteo Historical Weather API
MH-Yavatmal,2024-07-24,24.4,25.3,23.9,48.3,48.3,24.0,93,1.0,0.464,0.464,0.467,24.5,25.0,20.39324,78.13201,ERA5,Asia/Kolkata,Open-Meteo Historical Weather API
MH-Yavatmal,2024-07-25,24.8,26.8,23.4,22.6,22.6,17.0,89,1.54,0.461,0.464,0.465,24.7,24.9,20.39324,78.13201,ERA5,Asia/Kolkata,Open-Meteo Historical Weather API
MH-Yavatmal,2024-07-26,25.8,27.3,24.6,1.5,1.5,10.0,83,2.45,0.445,0.45,0.459,25.6,25.5,20.39324,78.13201,ERA5,Asia/Kolkata,Open-Meteo Historical Weather API
MH-Yavatmal,2024-07-27,25.0,25.6,24.3,15.2,15.2,24.0,91,1.49,0.455,0.452,0.455,25.1,25.5,20.39324,78.13201,ERA5,Asia/Kolkata,Open-Meteo Historical Weather API
MH-Yavatmal,2024-07-28,24.0,24.7,23.4,57.2,57.2,24.0,94,0.81,0.464,0.465,0.464,24.3,24.9,20.39324,78.13201,ERA5,Asia/Kolkata,Open-Meteo Historical Weather API
MH-Yavatmal,2024-07-29,24.7,26.8,23.5,19.3,19.3,22.0,93,1.65,0.464,0.462,0.466,24.6,24.7,20.39324,78.13201,ERA5,Asia/Kolkata,Open-Meteo Historical Weather API
MH-Yavatmal,2024-07-30,26.8,30.2,24.0,3.3,3.3,9.0,86,3.51,0.448,0.449,0.461,26.7,25.7,20.39324,78.13201,ERA5,Asia/Kolkata,Open-Meteo Historical Weather API
MH-Yavatmal,2024-07-31,26.9,29.9,24.4,6.7,6.7,19.0,84,3.17,0.444,0.442,0.455,27.0,26.5,20.39324,78.13201,ERA5,Asia/Kolkata,Open-Meteo Historical Weather API
MH-Yavatmal,2024-08-01,25.5,26.7,24.5,39.8,39.8,24.0,90,1.29,0.467,0.463,0.463,25.9,26.2,20.39324,78.13201,ERA5,Asia/Kolkata,Open-Meteo Historical Weather API
MH-Yavatmal,2024-08-02,25.0,27.1,23.9,12.1,12.1,22.0,91,1.29,0.463,0.464,0.466,25.0,25.3,20.39324,78.13201,ERA5,Asia/Kolkata,Open-Meteo Historical Weather API
MH-Yavatmal,2024-08-03,25.0,26.5,23.8,17.6,17.6,24.0,92,1.2,0.466,0.467,0.465,24.7,24.9,20.39324,78.13201,ERA5,Asia/Kolkata,Open-Meteo Historical Weather API
MH-Yavatmal,2024-08-04,25.3,26.7,24.0,6.9,6.9,20.0,88,1.75,0.459,0.458,0.462,25.0,24.9,20.39324,78.13201,ERA5,Asia/Kolkata,Open-Meteo Historical Weather API
MH-Yavatmal,2024-08-05,26.8,30.1,23.8,4.6,4.6,18.0,84,3.25,0.451,0.451,0.454,26.5,25.4,20.39324,78.13201,ERA5,Asia/Kolkata,Open-Meteo Historical Weather API
MH-Yavatmal,2024-08-06,26.5,29.2,24.5,4.4,4.4,11.0,86,2.62,0.45,0.451,0.448,26.6,26.0,20.39324,78.13201,ERA5,Asia/Kolkata,Open-Meteo Historical Weather API
MH-Yavatmal,2024-08-07,25.8,28.5,24.2,10.8,10.8,17.0,87,2.65,0.448,0.446,0.442,26.3,26.1,20.39324,78.13201,ERA5,Asia/Kolkata,Open-Meteo Historical Weather API
MH-Yavatmal,2024-08-08,25.7,28.1,24.0,3.8,3.8,14.0,86,2.25,0.455,0.459,0.441,26.0,25.8,20.39324,78.13201,ERA5,Asia/Kolkata,Open-Meteo Historical Weather API
MH-Yavatmal,2024-08-09,26.7,30.0,23.8,0.4,0.4,4.0,81,3.34,0.439,0.447,0.438,26.6,25.9,20.39324,78.13201,ERA5,Asia/Kolkata,Open-Meteo Historical Weather API
MH-Yavatmal,2024-08-10,25.8,27.5,24.3,5.2,5.2,14.0,85,2.76,0.436,0.437,0.434,26.4,26.2,20.39324,78.13201,ERA5,Asia/Kolkata,Open-Meteo Historical Weather API
MH-Yavatmal,2024-08-11,25.7,28.2,23.9,4.3,4.3,18.0,88,2.35,0.448,0.444,0.431,26.1,25.9,20.39324,78.13201,ERA5,Asia/Kolkata,Open-Meteo Historical Weather API
MH-Yavatmal,2024-08-12,26.7,29.8,23.8,0.6,0.6,5.0,82,3.71,0.432,0.438,0.428,26.8,26.0,20.39324,78.13201,ERA5,Asia/Kolkata,Open-Meteo Historical Weather API
MH-Yavatmal,2024-08-13,27.7,31.3,24.6,0.6,0.6,5.0,81,4.27,0.418,0.427,0.424,27.9,26.7,20.39324,78.13201,ERA5,Asia/Kolkata,Open-Meteo Historical Weather API
MH-Yavatmal,2024-08-14,28.2,30.9,25.2,2.0,2.0,8.0,83,3.52,0.411,0.418,0.42,28.4,27.4,20.39324,78.13201,ERA5,Asia/Kolkata,Open-Meteo Historical Weather API
MH-Yavatmal,2024-08-15,27.2,29.7,25.7,5.6,5.6,10.0,87,2.48,0.438,0.425,0.418,27.8,27.5,20.39324,78.13201,ERA5,Asia/Kolkata,Open-Meteo Historical Weather API
MH-Yavatmal,2024-08-16,26.8,29.1,24.7,4.1,4.1,15.0,85,2.61,0.438,0.43,0.415,27.5,27.2,20.39324,78.13201,ERA5,Asia/Kolkata,Open-Meteo Historical Weather API
MH-Yavatmal,2024-08-17,26.5,29.3,24.7,4.8,4.8,19.0,88,3.04,0.443,0.434,0.414,27.5,27.1,20.39324,78.13201,ERA5,Asia/Kolkata,Open-Meteo Historical Weather API
MH-Yavatmal,2024-08-18,27.8,30.9,24.7,3.1,3.1,11.0,84,3.64,0.443,0.439,0.414,28.4,27.4,20.39324,78.13201,ERA5,Asia/Kolkata,Open-Meteo Historical Weather API
MH-Yavatmal,2024-08-19,26.9,30.5,24.3,9.3,9.3,17.0,87,3.29,0.444,0.438,0.413,28.4,27.7,20.39324,78.13201,ERA5,Asia/Kolkata,Open-Meteo Historical Weather API
MH-Yavatmal,2024-08-20,27.0,31.2,23.9,10.2,10.2,17.0,87,3.86,0.458,0.456,0.416,28.2,27.8,20.39324,78.13201,ERA5,Asia/Kolkata,Open-Meteo Historical Weather API
MH-Yavatmal,2024-08-21,28.2,31.6,25.1,6.6,6.6,13.0,84,3.66,0.451,0.452,0.42,29.1,28.0,20.39324,78.13201,ERA5,Asia/Kolkata,Open-Meteo Historical Weather API
MH-Yavatmal,2024-08-22,27.7,31.6,25.0,8.4,8.4,15.0,83,3.53,0.454,0.453,0.422,28.8,28.1,20.39324,78.13201,ERA5,Asia/Kolkata,Open-Meteo Historical Weather API
MH-Yavatmal,2024-08-23,26.6,30.4,24.6,7.7,7.7,21.0,86,2.64,0.46,0.459,0.427,27.4,27.7,20.39324,78.13201,ERA5,Asia/Kolkata,Open-Meteo Historical Weather API
MH-Yavatmal,2024-08-24,25.3,27.8,23.5,18.8,18.8,22.0,90,2.06,0.458,0.458,0.43,26.2,26.8,20.39324,78.13201,ERA5,Asia/Kolkata,Open-Meteo Historical Weather API
MH-Yavatmal,2024-08-25,25.0,27.7,22.9,6.2,6.2,14.0,87,2.33,0.458,0.46,0.44,25.6,26.1,20.39324,78.13201,ERA5,Asia/Kolkata,Open-Meteo Historical Weather API
MH-Yavatmal,2024-08-26,26.1,29.0,23.7,1.2,1.2,7.0,82,2.67,0.445,0.451,0.44,25.8,25.8,20.39324,78.13201,ERA5,Asia/Kolkata,Open-Meteo Historical Weather API
MH-Yavatmal,2024-08-27,27.1,30.7,23.7,0.6,0.6,4.0,78,4.15,0.431,0.44,0.437,27.0,26.4,20.39324,78.13201,ERA5,Asia/Kolkata,Open-Meteo Historical Weather API
MH-Yavatmal,2024-08-28,27.0,30.5,23.6,2.1,2.1,9.0,79,3.86,0.421,0.429,0.434,27.3,26.8,20.39324,78.13201,ERA5,Asia/Kolkata,Open-Meteo Historical Weather API
MH-Yavatmal,2024-08-29,27.2,31.5,24.6,5.4,5.4,7.0,81,4.03,0.419,0.422,0.43,27.8,27.1,20.39324,78.13201,ERA5,Asia/Kolkata,Open-Meteo Historical Weather API
MH-Yavatmal,2024-08-30,26.2,28.3,24.5,9.7,9.7,24.0,89,2.71,0.452,0.441,0.429,27.2,27.2,20.39324,78.13201,ERA5,Asia/Kolkata,Open-Meteo Historical Weather API
MH-Yavatmal,2024-08-31,26.5,29.5,23.8,7.7,7.7,15.0,86,2.99,0.452,0.448,0.429,26.9,26.7,20.39324,78.13201,ERA5,Asia/Kolkata,Open-Meteo Historical Weather API
MH-Yavatmal,2024-09-01,26.0,28.3,24.3,44.7,44.7,24.0,92,1.96,0.464,0.464,0.438,26.6,26.5,20.39324,78.13201,ERA5,Asia/Kolkata,Open-Meteo Historical Weather API
MH-Yavatmal,2024-09-02,25.7,28.3,23.8,6.8,6.8,21.0,92,1.79,0.46,0.462,0.451,26.4,26.3,20.39324,78.13201,ERA5,Asia/Kolkata,Open-Meteo Historical Weather API
MH-Yavatmal,2024-09-03,25.7,28.1,24.0,4.9,4.9,18.0,92,2.32,0.457,0.46,0.456,26.6,26.3,20.39324,78.13201,ERA5,Asia/Kolkata,Open-Meteo Historical Weather API
MH-Yavatmal,2024-09-04,25.6,28.0,23.5,5.5,5.5,19.0,91,1.46,0.458,0.46,0.457,26.0,26.0,20.39324,78.13201,ERA5,Asia/Kolkata,Open-Meteo Historical Weather API
MH-Yavatmal,2024-09-05,26.8,31.0,24.0,0.4,0.4,3.0,84,3.18,0.446,0.453,0.456,26.5,26.0,20.39324,78.13201,ERA5,Asia/Kolkata,Open-Meteo Historical Weather API
MH-Yavatmal,2024-09-06,26.8,30.8,24.3,2.0,2.0,5.0,83,3.05,0.436,0.442,0.453,26.8,26.4,20.39324,78.13201,ERA5,Asia/Kolkata,Open-Meteo Historical Weather API
MH-Yavatmal,2024-09-07,26.4,29.4,24.0,0.8,0.8,5.0,84,2.87,0.433,0.437,0.451,26.6,26.3,20.39324,78.13201,ERA5,Asia/Kolkata,Open-Meteo Historical Weather API
MH-Yavatmal,2024-09-08,26.7,30.3,23.9,1.2,1.2,9.0,82,2.99,0.427,0.43,0.448,26.6,26.2,20.39324,78.13201,ERA5,Asia/Kolkata,Open-Meteo Historical Weather API
MH-Yavatmal,2024-09-09,26.4,28.9,24.8,3.0,3.0,15.0,84,2.37,0.428,0.426,0.446,26.4,26.2,20.39324,78.13201,ERA5,Asia/Kolkata,Open-Meteo Historical Weather API
MH-Yavatmal,2024-09-10,25.0,26.2,24.2,19.3,19.3,24.0,91,1.21,0.459,0.453,0.447,25.3,25.5,20.39324,78.13201,ERA5,Asia/Kolkata,Open-Meteo Historical Weather API
MH-Yavatmal,2024-09-11,26.3,29.4,23.7,0.6,0.6,3.0,82,3.44,0.447,0.455,0.453,26.1,25.5,20.39324,78.13201,ERA5,Asia/Kolkata,Open-Meteo Historical Weather API
MH-Yavatmal,2024-09-12,26.5,29.5,24.1,2.6,2.6,13.0,81,3.86,0.44,0.443,0.451,26.6,26.1,20.39324,78.13201,ERA5,Asia/Kolkata,Open-Meteo Historical Weather API
MH-Yavatmal,2024-09-13,26.2,28.7,24.1,0.4,0.4,4.0,79,3.74,0.424,0.433,0.448,26.6,26.3,20.39324,78.13201,ERA5,Asia/Kolkata,Open-Meteo Historical Weather API
MH-Yavatmal,2024-09-14,26.0,29.8,22.9,0.2,0.2,2.0,77,4.51,0.409,0.421,0.445,26.4,26.1,20.39324,78.13201,ERA5,Asia/Kolkata,Open-Meteo Historical Weather API
MH-Yavatmal,2024-09-15,26.2,30.6,22.5,0.2,0.2,2.0,77,4.39,0.397,0.411,0.441,26.4,25.9,20.39324,78.13201,ERA5,Asia/Kolkata,Open-Meteo Historical Weather API
MH-Yavatmal,2024-09-16,26.8,30.8,23.2,0.7,0.7,6.0,75,4.73,0.387,0.402,0.437,26.9,26.0,20.39324,78.13201,ERA5,Asia/Kolkata,Open-Meteo Historical Weather API
MH-Yavatmal,2024-09-17,26.5,30.3,23.8,0.0,0.0,0.0,76,3.61,0.379,0.395,0.434,26.4,26.0,20.39324,78.13201,ERA5,Asia/Kolkata,Open-Meteo Historical Weather API
MH-Yavatmal,2024-09-18,26.3,29.4,23.9,0.0,0.0,0.0,78,3.44,0.37,0.389,0.43,26.4,25.8,20.39324,78.13201,ERA5,Asia/Kolkata,Open-Meteo Historical Weather API
MH-Yavatmal,2024-09-19,27.3,31.9,23.5,0.4,0.4,2.0,80,4.18,0.365,0.383,0.426,27.5,26.2,20.39324,78.13201,ERA5,Asia/Kolkata,Open-Meteo Historical Weather API
MH-Yavatmal,2024-09-20,27.7,31.2,24.6,0.6,0.6,2.0,78,4.11,0.359,0.376,0.422,28.0,26.9,20.39324,78.13201,ERA5,Asia/Kolkata,Open-Meteo Historical Weather API
MH-Yavatmal,2024-09-21,28.0,32.4,24.5,6.7,6.7,14.0,81,4.07,0.38,0.373,0.419,28.4,27.2,20.39324,78.13201,ERA5,Asia/Kolkata,Open-Meteo Historical Weather API
MH-Yavatmal,2024-09-22,26.9,31.4,23.9,11.1,11.1,14.0,85,3.47,0.42,0.39,0.416,27.9,27.5,20.39324,78.13201,ERA5,Asia/Kolkata,Open-Meteo Historical Weather API
MH-Yavatmal,2024-09-23,26.8,31.6,24.3,7.4,7.4,11.0,87,3.17,0.441,0.418,0.415,27.6,27.3,20.39324,78.13201,ERA5,Asia/Kolkata,Open-Meteo Historical Weather API
MH-Yavatmal,2024-09-24,25.8,30.2,24.4,14.7,14.7,15.0,90,3.0,0.451,0.437,0.416,27.4,27.3,20.39324,78.13201,ERA5,Asia/Kolkata,Open-Meteo Historical Weather API
MH-Yavatmal,2024-09-25,26.3,29.3,24.1,15.4,15.4,24.0,89,2.01,0.461,0.46,0.423,27.3,26.9,20.39324,78.13201,ERA5,Asia/Kolkata,Open-Meteo Historical Weather API
MH-Yavatmal,2024-09-26,26.3,30.0,24.4,9.1,9.1,16.0,89,2.39,0.457,0.458,0.43,27.3,26.8,20.39324,78.13201,ERA5,Asia/Kolkata,Open-Meteo Historical Weather API
MH-Yavatmal,2024-09-27,26.6,29.8,24.2,5.5,5.5,15.0,85,2.46,0.457,0.46,0.439,26.8,26.5,20.39324,78.13201,ERA5,Asia/Kolkata,Open-Meteo Historical Weather API
MH-Yavatmal,2024-09-28,27.3,30.3,24.8,0.4,0.4,3.0,78,3.28,0.437,0.446,0.441,27.1,26.5,20.39324,78.13201,ERA5,Asia/Kolkata,Open-Meteo Historical Weather API
MH-Yavatmal,2024-09-29,28.0,31.9,24.6,0.6,0.6,6.0,81,3.86,0.426,0.435,0.439,28.2,26.9,20.39324,78.13201,ERA5,Asia/Kolkata,Open-Meteo Historical Weather API
MH-Yavatmal,2024-09-30,28.0,32.3,24.5,1.3,1.3,4.0,82,4.11,0.416,0.425,0.437,28.6,27.4,20.39324,78.13201,ERA5,Asia/Kolkata,Open-Meteo Historical Weather API
MH-Yavatmal,2024-10-01,28.4,32.7,24.8,0.0,0.0,0.0,78,4.14,0.406,0.417,0.434,28.7,27.6,20.39324,78.13201,ERA5,Asia/Kolkata,Open-Meteo Historical Weather API
MH-Yavatmal,2024-10-02,28.8,32.7,25.1,0.0,0.0,0.0,76,4.53,0.392,0.407,0.43,29.0,27.9,20.39324,78.13201,ERA5,Asia/Kolkata,Open-Meteo Historical Weather API
MH-Yavatmal,2024-10-03,28.7,32.9,25.8,0.1,0.1,1.0,76,4.89,0.38,0.398,0.427,29.0,28.1,20.39324,78.13201,ERA5,Asia/Kolkata,Open-Meteo Historical Weather API
MH-Yavatmal,2024-10-04,28.1,33.0,24.7,0.0,0.0,0.0,76,4.74,0.368,0.388,0.423,28.7,27.9,20.39324,78.13201,ERA5,Asia/Kolkata,Open-Meteo Historical Weather API
MH-Yavatmal,2024-10-05,27.9,32.8,23.8,0.0,0.0,0.0,74,4.49,0.357,0.379,0.42,28.6,27.7,20.39324,78.13201,ERA5,Asia/Kolkata,Open-Meteo Historical Weather API
MH-Yavatmal,2024-10-06,28.2,33.1,24.2,0.0,0.0,0.0,71,4.52,0.348,0.37,0.417,28.5,27.7,20.39324,78.13201,ERA5,Asia/Kolkata,Open-Meteo Historical Weather API
MH-Yavatmal,2024-10-07,27.6,33.5,22.8,0.0,0.0,0.0,71,4.63,0.338,0.364,0.413,28.0,27.5,20.39324,78.13201,ERA5,Asia/Kolkata,Open-Meteo Historical Weather API
MH-Yavatmal,2024-10-08,27.5,31.6,23.8,0.0,0.0,0.0,75,4.01,0.329,0.357,0.409,28.5,27.5,20.39324,78.13201,ERA5,Asia/Kolkata,Open-Meteo Historical Weather API
MH-Yavatmal,2024-10-09,26.9,30.7,24.0,4.1,4.1,10.0,83,3.36,0.342,0.352,0.405,28.1,27.6,20.39324,78.13201,ERA5,Asia/Kolkata,Open-Meteo Historical Weather API
MH-Yavatmal,2024-10-10,27.0,32.2,23.2,4.0,4.0,6.0,81,4.0,0.361,0.351,0.402,28.2,27.5,20.39324,78.13201,ERA5,Asia/Kolkata,Open-Meteo Historical Weather API
MH-Yavatmal,2024-10-11,26.3,30.8,23.4,16.3,16.3,16.0,86,2.81,0.404,0.363,0.399,27.5,27.3,20.39324,78.13201,ERA5,Asia/Kolkata,Open-Meteo Historical Weather API
MH-Yavatmal,2024-10-12,26.5,31.0,23.4,12.5,12.5,14.0,85,2.91,0.441,0.399,0.398,27.5,27.0,20.39324,78.13201,ERA5,Asia/Kolkata,Open-Meteo Historical Weather API
MH-Yavatmal,2024-10-13,26.9,30.7,23.6,9.3,9.3,15.0,85,3.26,0.445,0.426,0.397,28.1,27.1,20.39324,78.13201,ERA5,Asia/Kolkata,Open-Meteo Historical Weather API
MH-Yavatmal,2024-10-14,27.3,32.4,23.5,2.3,2.3,11.0,83,3.89,0.441,0.434,0.399,28.3,27.4,20.39324,78.13201,ERA5,Asia/Kolkata,Open-Meteo Historical Weather API
MH-Yavatmal,2024-10-15,27.6,31.8,24.0,0.5,0.5,3.0,79,3.87,0.42,0.423,0.4,28.2,27.5,20.39324,78.13201,ERA5,Asia/Kolkata,Open-Meteo Historical Weather API
MH-Yavatmal,2024-10-16,27.7,32.6,23.3,0.0,0.0,0.0,76,4.23,0.404,0.413,0.399,28.2,27.4,20.39324,78.13201,ERA5,Asia/Kolkata,Open-Meteo Historical Weather API
MH-Yavatmal,2024-10-17,28.0,32.1,24.0,0.7,0.7,3.0,77,4.16,0.39,0.402,0.396,28.4,27.5,20.39324,78.13201,ERA5,Asia/Kolkata,Open-Meteo Historical Weather API
MH-Yavatmal,2024-10-18,28.0,31.6,24.8,2.3,2.3,8.0,80,3.92,0.386,0.394,0.392,28.7,27.8,20.39324,78.13201,ERA5,Asia/Kolkata,Open-Meteo Historical Weather API
MH-Yavatmal,2024-10-19,26.9,31.9,23.5,14.4,14.4,15.0,83,3.3,0.428,0.402,0.389,28.5,27.7,20.39324,78.13201,ERA5,Asia/Kolkata,Open-Meteo Historical Weather API
MH-Yavatmal,2024-10-20,25.2,27.9,23.2,5.0,5.0,16.0,88,2.36,0.441,0.424,0.39,26.9,27.2,20.39324,78.13201,ERA5,Asia/Kolkata,Open-Meteo Historical Weather API
MH-Yavatmal,2024-10-21,26.4,31.0,23.3,0.5,0.5,1.0,80,3.75,0.421,0.42,0.39,27.5,26.8,20.39324,78.13201,ERA5,Asia/Kolkata,Open-Meteo Historical Weather API
MH-Yavatmal,2024-10-22,26.4,31.8,23.0,0.0,0.0,0.0,75,3.91,0.403,0.409,0.389,27.3,27.0,20.39324,78.13201,ERA5,Asia/Kolkata,Open-Meteo Historical Weather API
MH-Yavatmal,2024-10-23,26.3,32.0,21.3,0.0,0.0,0.0,71,4.26,0.387,0.398,0.387,26.7,26.5,20.39324,78.13201,ERA5,Asia/Kolkata,Open-Meteo Historical Weather API
MH-Yavatmal,2024-10-24,25.7,31.5,21.6,0.0,0.0,0.0,69,4.49,0.372,0.387,0.385,26.2,26.3,20.39324,78.13201,ERA5,Asia/Kolkata,Open-Meteo Historical Weather API
MH-Yavatmal,2024-10-25,26.1,31.6,22.0,0.0,0.0,0.0,69,4.26,0.357,0.376,0.381,26.4,26.2,20.39324,78.13201,ERA5,Asia/Kolkata,Open-Meteo Historical Weather API
MH-Yavatmal,2024-10-26,26.0,31.9,21.1,0.0,0.0,0.0,70,4.33,0.346,0.366,0.378,26.6,26.2,20.39324,78.13201,ERA5,Asia/Kolkata,Open-Meteo Historical Weather API
MH-Yavatmal,2024-10-27,25.6,31.7,20.0,0.0,0.0,0.0,68,4.18,0.333,0.356,0.374,26.0,26.0,20.39324,78.13201,ERA5,Asia/Kolkata,Open-Meteo Historical Weather API
MH-Yavatmal,2024-10-28,25.6,31.1,20.5,0.0,0.0,0.0,71,3.76,0.326,0.348,0.37,26.2,25.9,20.39324,78.13201,ERA5,Asia/Kolkata,Open-Meteo Historical Weather API
MH-Yavatmal,2024-10-29,26.7,32.6,21.7,0.0,0.0,0.0,69,3.95,0.316,0.342,0.368,27.1,26.3,20.39324,78.13201,ERA5,Asia/Kolkata,Open-Meteo Historical Weather API
MH-Yavatmal,2024-10-30,27.3,32.7,22.5,0.2,0.2,1.0,70,3.96,0.308,0.336,0.366,27.7,26.8,20.39324,78.13201,ERA5,Asia/Kolkata,Open-Meteo Historical Weather API
MH-Yavatmal,2024-10-31,27.5,32.8,22.6,0.0,0.0,0.0,70,4.07,0.299,0.33,0.364,27.8,27.1,20.39324,78.13201,ERA5,Asia/Kolkata,Open-Meteo Historical Weather API
MH-Yavatmal,2024-11-01,25.9,32.7,21.0,0.0,0.0,0.0,72,4.25,0.291,0.324,0.362,26.7,26.6,20.39324,78.13201,ERA5,Asia/Kolkata,Open-Meteo Historical Weather API
MH-Yavatmal,2024-11-02,25.8,32.5,20.6,0.0,0.0,0.0,70,3.85,0.283,0.318,0.36,26.3,26.4,20.39324,78.13201,ERA5,Asia/Kolkata,Open-Meteo Historical Weather API
MH-Yavatmal,2024-11-03,26.2,32.0,21.5,0.0,0.0,0.0,63,3.72,0.273,0.31,0.355,26.3,26.4,20.39324,78.13201,ERA5,Asia/Kolkata,Open-Meteo Historical Weather API
MH-Yavatmal,2024-11-04,25.9,31.6,21.7,0.0,0.0,0.0,66,3.25,0.269,0.306,0.354,26.3,26.3,20.39324,78.13201,ERA5,Asia/Kolkata,Open-Meteo Historical Weather API
MH-Yavatmal,2024-11-05,25.4,31.3,20.2,0.0,0.0,0.0,67,3.34,0.263,0.303,0.353,25.8,26.1,20.39324,78.13201,ERA5,Asia/Kolkata,Open-Meteo Historical Weather API
MH-Yavatmal,2024-11-06,25.2,31.4,20.0,0.0,0.0,0.0,69,3.85,0.256,0.299,0.351,26.0,26.0,20.39324,78.13201,ERA5,Asia/Kolkata,Open-Meteo Historical Weather API
MH-Yavatmal,2024-11-07,24.7,30.8,20.5,0.0,0.0,0.0,67,3.83,0.252,0.296,0.35,25.4,25.8,20.39324,78.13201,ERA5,Asia/Kolkata,Open-Meteo Historical Weather API
MH-Yavatmal,2024-11-08,24.5,30.5,20.1,0.0,0.0,0.0,69,3.43,0.25,0.296,0.353,25.2,25.6,20.39324,78.13201,ERA5,Asia/Kolkata,Open-Meteo Historical Weather API
MH-Yavatmal,2024-11-09,24.8,30.4,20.4,0.0,0.0,0.0,66,3.44,0.246,0.294,0.353,25.0,25.4,20.39324,78.13201,ERA5,Asia/Kolkata,Open-Meteo Historical Weather API
MH-Yavatmal,2024-11-10,24.7,30.1,20.4,0.0,0.0,0.0,64,3.36,0.243,0.292,0.352,25.1,25.4,20.39324,78.13201,ERA5,Asia/Kolkata,Open-Meteo Historical Weather API
MH-Yavatmal,2024-11-11,24.0,30.0,19.6,0.0,0.0,0.0,69,3.75,0.243,0.291,0.355,24.8,25.2,20.39324,78.13201,ERA5,Asia/Kolkata,Open-Meteo Historical Weather API
MH-Yavatmal,2024-11-12,23.7,30.2,18.2,0.0,0.0,0.0,68,4.1,0.24,0.288,0.354,24.5,25.0,20.39324,78.13201,ERA5,Asia/Kolkata,Open-Meteo Historical Weather API
MH-Yavatmal,2024-11-13,23.0,30.2,17.1,0.0,0.0,0.0,67,4.11,0.237,0.286,0.353,23.9,24.6,20.39324,78.13201,ERA5,Asia/Kolkata,Open-Meteo Historical Weather API
MH-Yavatmal,2024-11-14,22.9,30.0,17.5,0.0,0.0,0.0,67,4.14,0.235,0.284,0.353,23.6,24.1,20.39324,78.13201,ERA5,Asia/Kolkata,Open-Meteo Historical Weather API
MH-Yavatmal,2024-11-15,23.3,30.0,17.5,0.0,0.0,0.0,62,4.12,0.233,0.283,0.352,23.4,23.8,20.39324,78.13201,ERA5,Asia/Kolkata,Open-Meteo Historical Weather API
MH-Yavatmal,2024-11-16,22.8,29.3,17.7,0.0,0.0,0.0,64,3.92,0.231,0.281,0.351,22.9,23.4,20.39324,78.13201,ERA5,Asia/Kolkata,Open-Meteo Historical Weather API
MH-Yavatmal,2024-11-17,22.1,29.2,15.8,0.0,0.0,0.0,63,4.13,0.228,0.279,0.35,22.5,23.1,20.39324,78.13201,ERA5,Asia/Kolkata,Open-Meteo Historical Weather API
MH-Yavatmal,2024-11-18,22.0,28.9,17.6,0.0,0.0,0.0,63,4.0,0.226,0.277,0.35,22.2,22.8,20.39324,78.13201,ERA5,Asia/Kolkata,Open-Meteo Historical Weather API
MH-Yavatmal,2024-11-19,21.5,28.4,16.9,0.0,0.0,0.0,64,3.8,0.222,0.274,0.348,22.0,22.7,20.39324,78.13201,ERA5,Asia/Kolkata,Open-Meteo Historical Weather API
MH-Yavatmal,2024-11-20,21.3,27.7,16.1,0.0,0.0,0.0,64,3.64,0.22,0.273,0.347,21.9,22.5,20.39324,78.13201,ERA5,Asia/Kolkata,Open-Meteo Historical Weather API
MH-Yavatmal,2024-11-21,21.5,27.5,16.1,0.0,0.0,0.0,66,3.4,0.22,0.273,0.347,22.4,22.9,20.39324,78.13201,ERA5,Asia/Kolkata,Open-Meteo Historical Weather API
MH-Yavatmal,2024-11-22,21.4,27.4,16.9,0.0,0.0,0.0,68,3.43,0.219,0.272,0.347,22.7,23.1,20.39324,78.13201,ERA5,Asia/Kolkata,Open-Meteo Historical Weather API
MH-Yavatmal,2024-11-23,21.2,27.2,17.0,0.0,0.0,0.0,66,3.56,0.218,0.271,0.346,22.5,23.1,20.39324,78.13201,ERA5,Asia/Kolkata,Open-Meteo Historical Weather API
MH-Yavatmal,2024-11-24,20.4,27.3,15.9,0.0,0.0,0.0,65,3.73,0.218,0.269,0.345,21.4,22.4,20.39324,78.13201,ERA5,Asia/Kolkata,Open-Meteo Historical Weather API
MH-Yavatmal,2024-11-25,20.1,27.7,13.6,0.0,0.0,0.0,63,3.87,0.216,0.268,0.344,20.9,21.8,20.39324,78.13201,ERA5,Asia/Kolkata,Open-Meteo Historical Weather API
MH-Yavatmal,2024-11-26,20.0,27.8,12.7,0.0,0.0,0.0,63,3.88,0.215,0.266,0.343,20.7,21.5,20.39324,78.13201,ERA5,Asia/Kolkata,Open-Meteo Historical Weather API
MH-Yavatmal,2024-11-27,19.8,28.1,12.9,0.0,0.0,0.0,60,4.07,0.212,0.263,0.341,20.6,21.4,20.39324,78.13201,ERA5,Asia/Kolkata,Open-Meteo Historical Weather API
MH-Yavatmal,2024-11-28,19.5,27.0,13.9,0.0,0.0,0.0,52,4.27,0.211,0.261,0.34,20.3,21.1,20.39324,78.13201,ERA5,Asia/Kolkata,Open-Meteo Historical Weather API
MH-Yavatmal,2024-11-29,19.5,27.4,13.3,0.0,0.0,0.0,58,4.0,0.209,0.259,0.338,20.3,20.8,20.39324,78.13201,ERA5,Asia/Kolkata,Open-Meteo Historical Weather API
MH-Yavatmal,2024-11-30,21.2,28.0,14.6,0.0,0.0,0.0,63,3.65,0.209,0.259,0.338,21.3,21.1,20.39324,78.13201,ERA5,Asia/Kolkata,Open-Meteo Historical Weather API
MH-Yavatmal,2024-12-01,23.4,27.9,19.5,0.0,0.0,0.0,69,3.37,0.209,0.257,0.337,23.5,22.6,20.39324,78.13201,ERA5,Asia/Kolkata,Open-Meteo Historical Weather API
MH-Yavatmal,2024-12-02,23.7,27.0,20.0,0.0,0.0,0.0,75,2.14,0.209,0.256,0.335,23.8,23.4,20.39324,78.13201,ERA5,Asia/Kolkata,Open-Meteo Historical Weather API
MH-Yavatmal,2024-12-03,24.8,28.3,22.2,0.3,0.3,3.0,76,2.61,0.21,0.256,0.335,25.1,24.0,20.39324,78.13201,ERA5,Asia/Kolkata,Open-Meteo Historical Weather API
MH-Yavatmal,2024-12-04,25.2,29.7,22.2,0.1,0.1,1.0,78,2.87,0.212,0.255,0.333,25.8,24.6,20.39324,78.13201,ERA5,Asia/Kolkata,Open-Meteo Historical Weather API
MH-Yavatmal,2024-12-05,25.8,31.2,21.2,0.0,0.0,0.0,71,3.14,0.21,0.252,0.331,26.0,24.9,20.39324,78.13201,ERA5,Asia/Kolkata,Open-Meteo Historical Weather API
MH-Yavatmal,2024-12-06,25.3,30.2,22.1,0.1,0.1,1.0,76,2.84,0.209,0.25,0.33,26.1,25.2,20.39324,78.13201,ERA5,Asia/Kolkata,Open-Meteo Historical Weather API
MH-Yavatmal,2024-12-07,25.1,30.2,21.1,0.3,0.3,3.0,76,2.82,0.21,0.248,0.328,25.9,25.2,20.39324,78.13201,ERA5,Asia/Kolkata,Open-Meteo Historical Weather API
MH-Yavatmal,2024-12-08,24.2,30.2,20.1,0.5,0.5,2.0,75,3.19,0.215,0.249,0.328,25.2,24.8,20.39324,78.13201,ERA5,Asia/Kolkata,Open-Meteo Historical Weather API
MH-Yavatmal,2024-12-09,22.3,28.2,18.1,0.0,0.0,0.0,53,4.09,0.216,0.251,0.329,24.0,24.2,20.39324,78.13201,ERA5,Asia/Kolkata,Open-Meteo Historical Weather API
MH-Yavatmal,2024-12-10,19.6,26.5,14.1,0.0,0.0,0.0,53,3.89,0.215,0.251,0.33,21.7,22.7,20.39324,78.13201,ERA5,Asia/Kolkata,Open-Meteo Historical Weather API
MH-Yavatmal,2024-12-11,18.8,26.5,12.7,0.0,0.0,0.0,53,3.82,0.215,0.251,0.33,20.4,21.6,20.39324,78.13201,ERA5,Asia/Kolkata,Open-Meteo Historical Weather API
MH-Yavatmal,2024-12-12,19.1,26.6,12.0,0.0,0.0,0.0,60,3.54,0.215,0.252,0.331,19.8,20.8,20.39324,78.13201,ERA5,Asia/Kolkata,Open-Meteo Historical Weather API
MH-Yavatmal,2024-12-13,18.5,26.3,12.0,0.0,0.0,0.0,61,3.7,0.214,0.252,0.331,19.7,20.5,20.39324,78.13201,ERA5,Asia/Kolkata,Open-Meteo Historical Weather API
MH-Yavatmal,2024-12-14,18.0,25.8,11.8,0.0,0.0,0.0,51,3.84,0.213,0.253,0.331,19.0,20.1,20.39324,78.13201,ERA5,Asia/Kolkata,Open-Meteo Historical Weather API
MH-Yavatmal,2024-12-15,17.9,26.6,9.7,0.0,0.0,0.0,50,3.72,0.213,0.254,0.332,18.3,19.4,20.39324,78.13201,ERA5,Asia/Kolkata,Open-Meteo Historical Weather API
MH-Yavatmal,2024-12-16,18.0,27.4,9.8,0.0,0.0,0.0,56,3.7,0.212,0.254,0.331,18.2,19.1,20.39324,78.13201,ERA5,Asia/Kolkata,Open-Meteo Historical Weather API
MH-Yavatmal,2024-12-17,18.5,27.9,11.1,0.0,0.0,0.0,59,3.71,0.21,0.252,0.33,18.8,19.3,20.39324,78.13201,ERA5,Asia/Kolkata,Open-Meteo Historical Weather API
MH-Yavatmal,2024-12-18,18.4,27.9,10.6,0.0,0.0,0.0,60,3.72,0.21,0.25,0.329,18.9,19.4,20.39324,78.13201,ERA5,Asia/Kolkata,Open-Meteo Historical Weather API
MH-Yavatmal,2024-12-19,19.3,28.6,11.0,0.0,0.0,0.0,64,3.53,0.208,0.249,0.328,19.4,19.5,20.39324,78.13201,ERA5,Asia/Kolkata,Open-Meteo Historical Weather API
MH-Yavatmal,2024-12-20,21.6,29.6,15.9,0.0,0.0,0.0,70,3.49,0.207,0.248,0.327,21.7,20.8,20.39324,78.13201,ERA5,Asia/Kolkata,Open-Meteo Historical Weather API
MH-Yavatmal,2024-12-21,22.4,29.0,18.1,0.0,0.0,0.0,60,3.79,0.206,0.248,0.327,22.6,22.0,20.39324,78.13201,ERA5,Asia/Kolkata,Open-Meteo Historical Weather API
MH-Yavatmal,2024-12-22,20.5,28.0,14.8,0.0,0.0,0.0,61,3.72,0.209,0.251,0.329,21.3,21.7,20.39324,78.13201,ERA5,Asia/Kolkata,Open-Meteo Historical Weather API
MH-Yavatmal,2024-12-23,22.1,28.3,17.1,0.0,0.0,0.0,63,3.68,0.21,0.252,0.33,22.0,21.9,20.39324,78.13201,ERA5,Asia/Kolkata,Open-Meteo Historical Weather API
MH-Yavatmal,2024-12-24,22.7,29.1,17.4,0.0,0.0,0.0,60,3.56,0.211,0.253,0.33,23.1,22.7,20.39324,78.13201,ERA5,Asia/Kolkata,Open-Meteo Historical Weather API
MH-Yavatmal,2024-12-25,22.4,28.3,18.3,0.0,0.0,0.0,67,3.05,0.211,0.253,0.33,23.0,22.8,20.39324,78.13201,ERA5,Asia/Kolkata,Open-Meteo Historical Weather API
MH-Yavatmal,2024-12-26,22.9,27.8,19.5,0.1,0.1,1.0,70,3.12,0.211,0.253,0.33,23.5,22.9,20.39324,78.13201,ERA5,Asia/Kolkata,Open-Meteo Historical Weather API
MH-Yavatmal,2024-12-27,23.1,27.4,20.4,1.9,1.9,7.0,78,2.02,0.213,0.25,0.327,23.6,23.0,20.39324,78.13201,ERA5,Asia/Kolkata,Open-Meteo Historical Weather API
MH-Yavatmal,2024-12-28,23.8,29.7,19.3,0.0,0.0,0.0,73,3.43,0.218,0.248,0.325,24.4,23.4,20.39324,78.13201,ERA5,Asia/Kolkata,Open-Meteo Historical Weather API
MH-Yavatmal,2024-12-29,23.2,27.7,20.3,0.3,0.3,3.0,72,2.73,0.216,0.246,0.324,24.0,23.5,20.39324,78.13201,ERA5,Asia/Kolkata,Open-Meteo Historical Weather API
MH-Yavatmal,2024-12-30,23.2,28.3,19.6,0.0,0.0,0.0,76,2.93,0.217,0.246,0.323,24.3,23.6,20.39324,78.13201,ERA5,Asia/Kolkata,Open-Meteo Historical Weather API
MH-Yavatmal,2024-12-31,23.0,29.0,19.0,0.0,0.0,0.0,73,3.22,0.214,0.245,0.323,24.0,23.6,20.39324,78.13201,ERA5,Asia/Kolkata,Open-Meteo Historical Weather API
MH-Yavatmal,2025-01-01,22.0,27.9,18.4,0.0,0.0,0.0,67,3.57,0.212,0.247,0.324,23.5,23.4,20.39324,78.13201,ERA5,Asia/Kolkata,Open-Meteo Historical Weather API
MH-Yavatmal,2025-01-02,20.5,28.9,14.5,0.0,0.0,0.0,53,3.93,0.209,0.246,0.322,22.0,22.6,20.39324,78.13201,ERA5,Asia/Kolkata,Open-Meteo Historical Weather API
MH-Yavatmal,2025-01-03,20.7,29.6,12.7,0.0,0.0,0.0,48,3.89,0.206,0.243,0.321,21.1,21.7,20.39324,78.13201,ERA5,Asia/Kolkata,Open-Meteo Historical Weather API
MH-Yavatmal,2025-01-04,20.6,29.8,12.7,0.0,0.0,0.0,50,4.06,0.204,0.241,0.319,20.7,21.1,20.39324,78.13201,ERA5,Asia/Kolkata,Open-Meteo Historical Weather API
MH-Yavatmal,2025-01-05,20.9,29.1,15.1,0.0,0.0,0.0,51,3.88,0.203,0.24,0.318,20.7,20.9,20.39324,78.13201,ERA5,Asia/Kolkata,Open-Meteo Historical Weather API
MH-Yavatmal,2025-01-06,20.5,29.1,13.8,0.0,0.0,0.0,63,3.65,0.205,0.242,0.319,21.0,20.9,20.39324,78.13201,ERA5,Asia/Kolkata,Open-Meteo Historical Weather API
MH-Yavatmal,2025-01-07,20.7,27.9,14.5,0.0,0.0,0.0,63,3.79,0.204,0.242,0.319,21.4,21.4,20.39324,78.13201,ERA5,Asia/Kolkata,Open-Meteo Historical Weather API
MH-Yavatmal,2025-01-08,18.4,25.1,12.5,0.0,0.0,0.0,58,3.63,0.202,0.24,0.317,20.4,21.1,20.39324,78.13201,ERA5,Asia/Kolkata,Open-Meteo Historical Weather API
MH-Yavatmal,2025-01-09,17.8,26.3,11.6,0.0,0.0,0.0,57,3.85,0.202,0.239,0.317,19.4,20.3,20.39324,78.13201,ERA5,Asia/Kolkata,Open-Meteo Historical Weather API
MH-Yavatmal,2025-01-10,18.8,27.4,12.4,0.0,0.0,0.0,55,3.88,0.202,0.238,0.316,19.7,20.1,20.39324,78.13201,ERA5,Asia/Kolkata,Open-Meteo Historical Weather API
MH-Yavatmal,2025-01-11,20.8,27.4,13.8,0.0,0.0,0.0,63,3.47,0.203,0.239,0.316,20.9,20.6,20.39324,78.13201,ERA5,Asia/Kolkata,Open-Meteo Historical Weather API
MH-Yavatmal,2025-01-12,22.2,27.2,18.0,0.0,0.0,0.0,68,3.25,0.207,0.242,0.319,22.6,22.1,20.39324,78.13201,ERA5,Asia/Kolkata,Open-Meteo Historical Weather API
MH-Yavatmal,2025-01-13,21.2,26.0,18.4,0.1,0.1,1.0,73,2.68,0.209,0.242,0.319,22.4,22.5,20.39324,78.13201,ERA5,Asia/Kolkata,Open-Meteo Historical Weather API
MH-Yavatmal,2025-01-14,21.7,27.2,17.5,0.0,0.0,0.0,66,3.53,0.209,0.242,0.319,22.6,22.3,20.39324,78.13201,ERA5,Asia/Kolkata,Open-Meteo Historical Weather API
MH-Yavatmal,2025-01-15,22.6,28.3,18.7,0.0,0.0,0.0,60,3.89,0.21,0.244,0.32,23.0,22.8,20.39324,78.13201,ERA5,Asia/Kolkata,Open-Meteo Historical Weather API
MH-Yavatmal,2025-01-16,22.0,27.7,18.4,0.0,0.0,0.0,62,3.54,0.211,0.247,0.322,23.1,22.8,20.39324,78.13201,ERA5,Asia/Kolkata,Open-Meteo Historical Weather API
MH-Yavatmal,2025-01-17,21.8,27.4,17.5,0.0,0.0,0.0,62,3.73,0.209,0.246,0.322,22.8,22.6,20.39324,78.13201,ERA5,Asia/Kolkata,Open-Meteo Historical Weather API
MH-Yavatmal,2025-01-18,21.3,28.6,16.1,0.0,0.0,0.0,58,4.23,0.206,0.244,0.32,22.4,22.3,20.39324,78.13201,ERA5,Asia/Kolkata,Open-Meteo Historical Weather API
MH-Yavatmal,2025-01-19,21.3,28.8,14.7,0.0,0.0,0.0,52,4.19,0.205,0.245,0.32,21.9,21.9,20.39324,78.13201,ERA5,Asia/Kolkata,Open-Meteo Historical Weather API
MH-Yavatmal,2025-01-20,21.3,29.3,13.3,0.0,0.0,0.0,53,4.1,0.205,0.246,0.321,21.2,21.4,20.39324,78.13201,ERA5,Asia/Kolkata,Open-Meteo Historical Weather API
MH-Yavatmal,2025-01-21,21.7,29.9,13.7,0.0,0.0,0.0,55,3.86,0.205,0.246,0.321,21.3,21.2,20.39324,78.13201,ERA5,Asia/Kolkata,Open-Meteo Historical Weather API
MH-Yavatmal,2025-01-22,22.6,31.1,16.3,0.0,0.0,0.0,55,4.07,0.204,0.246,0.32,21.9,21.4,20.39324,78.13201,ERA5,Asia/Kolkata,Open-Meteo Historical Weather API
MH-Yavatmal,2025-01-23,23.1,30.8,17.2,0.0,0.0,0.0,58,4.2,0.204,0.246,0.32,22.8,22.0,20.39324,78.13201,ERA5,Asia/Kolkata,Open-Meteo Historical Weather API
MH-Yavatmal,2025-01-24,23.1,30.7,17.2,0.0,0.0,0.0,61,4.05,0.205,0.243,0.319,23.4,22.6,20.39324,78.13201,ERA5,Asia/Kolkata,Open-Meteo Historical Weather API
MH-Yavatmal,2025-01-25,23.3,30.7,17.0,0.0,0.0,0.0,63,4.01,0.204,0.239,0.317,23.7,23.0,20.39324,78.13201,ERA5,Asia/Kolkata,Open-Meteo Historical Weather API
MH-Yavatmal,2025-01-26,23.7,30.9,17.1,0.0,0.0,0.0,61,4.06,0.202,0.238,0.316,24.1,23.3,20.39324,78.13201,ERA5,Asia/Kolkata,Open-Meteo Historical Weather API
MH-Yavatmal,2025-01-27,23.5,31.0,16.1,0.0,0.0,0.0,61,4.04,0.197,0.235,0.314,24.1,23.4,20.39324,78.13201,ERA5,Asia/Kolkata,Open-Meteo Historical Weather API
MH-Yavatmal,2025-01-28,23.8,31.9,16.2,0.0,0.0,0.0,62,4.04,0.195,0.232,0.312,24.4,23.6,20.39324,78.13201,ERA5,Asia/Kolkata,Open-Meteo Historical Weather API
MH-Yavatmal,2025-01-29,25.0,32.5,18.9,0.0,0.0,0.0,60,4.38,0.195,0.232,0.312,25.2,24.3,20.39324,78.13201,ERA5,Asia/Kolkata,Open-Meteo Historical Weather API
MH-Yavatmal,2025-01-30,25.7,32.9,20.1,0.0,0.0,0.0,60,4.49,0.194,0.232,0.311,25.9,24.9,20.39324,78.13201,ERA5,Asia/Kolkata,Open-Meteo Historical Weather API
MH-Yavatmal,2025-01-31,25.7,32.9,20.6,0.0,0.0,0.0,61,4.17,0.195,0.233,0.313,26.0,25.3,20.39324,78.13201,ERA5,Asia/Kolkata,Open-Meteo Historical Weather API
MH-Yavatmal,2025-02-01,25.3,32.9,18.4,0.0,0.0,0.0,59,4.46,0.195,0.235,0.314,25.3,25.0,20.39324,78.13201,ERA5,Asia/Kolkata,Open-Meteo Historical Weather API
MH-Yavatmal,2025-02-02,25.4,33.1,18.4,0.0,0.0,0.0,58,4.28,0.195,0.234,0.314,25.6,25.0,20.39324,78.13201,ERA5,Asia/Kolkata,Open-Meteo Historical Weather API
MH-Yavatmal,2025-02-03,26.5,34.2,20.1,0.0,0.0,0.0,56,4.45,0.194,0.232,0.312,26.4,25.4,20.39324,78.13201,ERA5,Asia/Kolkata,Open-Meteo Historical Weather API
MH-Yavatmal,2025-02-04,26.6,34.4,20.6,0.0,0.0,0.0,50,4.94,0.193,0.231,0.311,26.6,25.8,20.39324,78.13201,ERA5,Asia/Kolkata,Open-Meteo Historical Weather API
MH-Yavatmal,2025-02-05,25.3,32.8,18.0,0.0,0.0,0.0,55,4.69,0.192,0.229,0.309,26.1,25.6,20.39324,78.13201,ERA5,Asia/Kolkata,Open-Meteo Historical Weather API
MH-Yavatmal,2025-02-06,24.5,30.2,20.1,0.0,0.0,0.0,59,4.43,0.192,0.227,0.307,25.7,25.5,20.39324,78.13201,ERA5,Asia/Kolkata,Open-Meteo Historical Weather API
MH-Yavatmal,2025-02-07,24.0,29.9,19.4,0.0,0.0,0.0,44,4.84,0.193,0.227,0.307,25.6,25.3,20.39324,78.13201,ERA5,Asia/Kolkata,Open-Meteo Historical Weather API
MH-Yavatmal,2025-02-08,24.9,31.4,19.5,0.0,0.0,0.0,49,4.65,0.191,0.226,0.305,26.0,25.2,20.39324,78.13201,ERA5,Asia/Kolkata,Open-Meteo Historical Weather API
MH-Yavatmal,2025-02-09,25.4,32.8,19.8,0.0,0.0,0.0,49,4.82,0.191,0.224,0.302,26.3,25.5,20.39324,78.13201,ERA5,Asia/Kolkata,Open-Meteo Historical Weather API
MH-Yavatmal,2025-02-10,26.8,33.5,21.1,0.0,0.0,0.0,49,4.59,0.191,0.223,0.299,26.8,26.0,20.39324,78.13201,ERA5,Asia/Kolkata,Open-Meteo Historical Weather API
MH-Yavatmal,2025-02-11,27.1,34.2,22.1,0.0,0.0,0.0,54,4.77,0.192,0.224,0.3,27.5,26.5,20.39324,78.13201,ERA5,Asia/Kolkata,Open-Meteo Historical Weather API
MH-Yavatmal,2025-02-12,25.8,33.3,20.3,0.0,0.0,0.0,46,5.49,0.191,0.223,0.298,27.0,26.5,20.39324,78.13201,ERA5,Asia/Kolkata,Open-Meteo Historical Weather API
MH-Yavatmal,2025-02-13,23.9,30.9,17.7,0.0,0.0,0.0,42,5.29,0.19,0.221,0.296,25.6,25.7,20.39324,78.13201,ERA5,Asia/Kolkata,Open-Meteo Historical Weather API
MH-Yavatmal,2025-02-14,23.4,30.7,15.4,0.0,0.0,0.0,39,4.88,0.189,0.219,0.294,24.8,24.9,20.39324,78.13201,ERA5,Asia/Kolkata,Open-Meteo Historical Weather API
MH-Yavatmal,2025-02-15,24.1,33.0,15.7,0.0,0.0,0.0,41,5.16,0.188,0.216,0.291,24.9,24.8,20.39324,78.13201,ERA5,Asia/Kolkata,Open-Meteo Historical Weather API
MH-Yavatmal,2025-02-16,25.1,34.2,18.0,0.0,0.0,0.0,41,5.59,0.187,0.215,0.29,25.5,24.9,20.39324,78.13201,ERA5,Asia/Kolkata,Open-Meteo Historical Weather API
MH-Yavatmal,2025-02-17,25.2,34.1,17.4,0.0,0.0,0.0,43,5.11,0.187,0.214,0.288,26.1,25.3,20.39324,78.13201,ERA5,Asia/Kolkata,Open-Meteo Historical Weather API
MH-Yavatmal,2025-02-18,26.1,34.5,18.5,0.0,0.0,0.0,43,5.51,0.187,0.213,0.287,26.9,25.8,20.39324,78.13201,ERA5,Asia/Kolkata,Open-Meteo Historical Weather API
MH-Yavatmal,2025-02-19,26.5,34.1,20.7,0.0,0.0,0.0,47,5.39,0.189,0.212,0.286,27.6,26.5,20.39324,78.13201,ERA5,Asia/Kolkata,Open-Meteo Historical Weather API
MH-Yavatmal,2025-02-20,26.2,34.1,18.9,0.0,0.0,0.0,43,5.81,0.191,0.213,0.286,27.4,26.6,20.39324,78.13201,ERA5,Asia/Kolkata,Open-Meteo Historical Weather API
MH-Yavatmal,2025-02-21,26.1,34.2,18.3,0.0,0.0,0.0,39,5.85,0.19,0.212,0.285,27.1,26.4,20.39324,78.13201,ERA5,Asia/Kolkata,Open-Meteo Historical Weather API
MH-Yavatmal,2025-02-22,26.1,33.6,19.2,0.0,0.0,0.0,40,5.87,0.188,0.212,0.283,27.3,26.5,20.39324,78.13201,ERA5,Asia/Kolkata,Open-Meteo Historical Weather API
MH-Yavatmal,2025-02-23,25.7,33.3,18.1,0.0,0.0,0.0,38,5.82,0.187,0.213,0.282,27.0,26.4,20.39324,78.13201,ERA5,Asia/Kolkata,Open-Meteo Historical Weather API
MH-Yavatmal,2025-02-24,25.4,33.0,18.3,0.0,0.0,0.0,39,5.48,0.19,0.216,0.284,26.7,26.2,20.39324,78.13201,ERA5,Asia/Kolkata,Open-Meteo Historical Weather API
MH-Yavatmal,2025-02-25,25.7,32.5,19.3,0.0,0.0,0.0,40,5.68,0.189,0.217,0.285,27.0,26.2,20.39324,78.13201,ERA5,Asia/Kolkata,Open-Meteo Historical Weather API
MH-Yavatmal,2025-02-26,26.0,33.4,19.7,0.0,0.0,0.0,42,5.8,0.189,0.217,0.285,27.0,26.3,20.39324,78.13201,ERA5,Asia/Kolkata,Open-Meteo Historical Weather API
MH-Yavatmal,2025-02-27,26.1,34.0,19.4,0.0,0.0,0.0,40,5.75,0.188,0.217,0.285,27.1,26.4,20.39324,78.13201,ERA5,Asia/Kolkata,Open-Meteo Historical Weather API
MH-Yavatmal,2025-02-28,26.9,35.3,19.2,0.0,0.0,0.0,43,5.58,0.189,0.219,0.286,27.5,26.6,20.39324,78.13201,ERA5,Asia/Kolkata,Open-Meteo Historical Weather API
MH-Yavatmal,2025-03-01,28.3,35.6,21.3,0.0,0.0,0.0,45,5.64,0.189,0.22,0.287,28.5,27.3,20.39324,78.13201,ERA5,Asia/Kolkata,Open-Meteo Historical Weather API
MH-Yavatmal,2025-03-02,28.2,35.6,22.0,0.0,0.0,0.0,45,5.51,0.188,0.219,0.286,28.9,27.8,20.39324,78.13201,ERA5,Asia/Kolkata,Open-Meteo Historical Weather API
MH-Yavatmal,2025-03-03,27.8,35.3,21.2,0.0,0.0,0.0,41,5.94,0.188,0.218,0.285,28.9,28.0,20.39324,78.13201,ERA5,Asia/Kolkata,Open-Meteo Historical Weather API
MH-Yavatmal,2025-03-04,28.3,35.7,21.2,0.0,0.0,0.0,39,6.47,0.187,0.217,0.284,29.3,28.1,20.39324,78.13201,ERA5,Asia/Kolkata,Open-Meteo Historical Weather API
MH-Yavatmal,2025-03-05,25.9,32.4,20.4,0.0,0.0,0.0,31,6.92,0.188,0.217,0.283,27.8,27.9,20.39324,78.13201,ERA5,Asia/Kolkata,Open-Meteo Historical Weather API
MH-Yavatmal,2025-03-06,24.7,32.5,16.6,0.0,0.0,0.0,28,5.92,0.188,0.217,0.283,26.2,26.5,20.39324,78.13201,ERA5,Asia/Kolkata,Open-Meteo Historical Weather API
MH-Yavatmal,2025-03-07,25.1,34.3,15.5,0.0,0.0,0.0,31,6.09,0.188,0.216,0.282,26.0,25.9,20.39324,78.13201,ERA5,Asia/Kolkata,Open-Meteo Historical Weather API
MH-Yavatmal,2025-03-08,26.9,36.0,17.7,0.0,0.0,0.0,32,6.08,0.187,0.214,0.28,27.4,26.4,20.39324,78.13201,ERA5,Asia/Kolkata,Open-Meteo Historical Weather API
MH-Yavatmal,2025-03-09,27.8,35.7,21.0,0.0,0.0,0.0,33,6.44,0.186,0.213,0.279,28.7,27.1,20.39324,78.13201,ERA5,Asia/Kolkata,Open-Meteo Historical Weather API
MH-Yavatmal,2025-03-10,28.3,35.6,22.0,0.0,0.0,0.0,36,6.13,0.187,0.215,0.279,29.4,28.0,20.39324,78.13201,ERA5,Asia/Kolkata,Open-Meteo Historical Weather API
MH-Yavatmal,2025-03-11,28.8,36.2,22.0,0.0,0.0,0.0,40,6.26,0.187,0.216,0.28,29.7,28.5,20.39324,78.13201,ERA5,Asia/Kolkata,Open-Meteo Historical Weather API
MH-Yavatmal,2025-03-12,30.0,38.4,22.2,0.0,0.0,0.0,39,6.38,0.186,0.216,0.28,30.5,28.9,20.39324,78.13201,ERA5,Asia/Kolkata,Open-Meteo Historical Weather API
MH-Yavatmal,2025-03-13,30.5,38.9,21.9,0.0,0.0,0.0,36,6.8,0.186,0.214,0.277,31.0,29.4,20.39324,78.13201,ERA5,Asia/Kolkata,Open-Meteo Historical Weather API
MH-Yavatmal,2025-03-14,30.5,39.0,22.6,0.0,0.0,0.0,35,6.53,0.186,0.214,0.276,31.4,29.9,20.39324,78.13201,ERA5,Asia/Kolkata,Open-Meteo Historical Weather API
MH-Yavatmal,2025-03-15,30.7,38.8,22.6,0.0,0.0,0.0,35,6.44,0.188,0.214,0.276,31.4,30.0,20.39324,78.13201,ERA5,Asia/Kolkata,Open-Meteo Historical Weather API
MH-Yavatmal,2025-03-16,30.8,38.5,23.9,0.0,0.0,0.0,38,6.41,0.188,0.214,0.276,31.5,30.2,20.39324,78.13201,ERA5,Asia/Kolkata,Open-Meteo Historical Weather API
MH-Yavatmal,2025-03-17,30.1,37.4,23.2,0.0,0.0,0.0,34,7.02,0.187,0.214,0.275,31.3,30.3,20.39324,78.13201,ERA5,Asia/Kolkata,Open-Meteo Historical Weather API
MH-Yavatmal,2025-03-18,29.9,37.5,21.9,0.0,0.0,0.0,37,6.22,0.186,0.213,0.274,31.4,30.2,20.39324,78.13201,ERA5,Asia/Kolkata,Open-Meteo Historical Weather API
MH-Yavatmal,2025-03-19,31.5,38.5,24.2,0.0,0.0,0.0,35,7.54,0.187,0.215,0.276,31.8,30.4,20.39324,78.13201,ERA5,Asia/Kolkata,Open-Meteo Historical Weather API
MH-Yavatmal,2025-03-20,31.4,37.8,25.4,0.3,0.3,2.0,40,7.27,0.187,0.215,0.275,32.4,31.1,20.39324,78.13201,ERA5,Asia/Kolkata,Open-Meteo Historical Weather API
MH-Yavatmal,2025-03-21,30.2,36.0,24.5,0.0,0.0,0.0,34,6.73,0.191,0.213,0.273,31.9,31.0,20.39324,78.13201,ERA5,Asia/Kolkata,Open-Meteo Historical Weather API
MH-Yavatmal,2025-03-22,29.3,36.2,22.7,0.0,0.0,0.0,43,6.0,0.188,0.212,0.271,31.2,30.5,20.39324,78.13201,ERA5,Asia/Kolkata,Open-Meteo Historical Weather API
MH-Yavatmal,2025-03-23,29.7,37.0,22.0,0.0,0.0,0.0,32,6.31,0.187,0.212,0.27,30.9,30.0,20.39324,78.13201,ERA5,Asia/Kolkata,Open-Meteo Historical Weather API
MH-Yavatmal,2025-03-24,29.7,37.3,23.1,0.0,0.0,0.0,28,7.3,0.187,0.212,0.269,31.1,30.0,20.39324,78.13201,ERA5,Asia/Kolkata,Open-Meteo Historical Weather API
MH-Yavatmal,2025-03-25,29.5,37.8,21.6,0.0,0.0,0.0,30,6.96,0.187,0.212,0.269,30.9,29.8,20.39324,78.13201,ERA5,Asia/Kolkata,Open-Meteo Historical Weather API
MH-Yavatmal,2025-03-26,30.2,38.7,22.7,0.0,0.0,0.0,33,6.48,0.188,0.213,0.269,31.0,29.9,20.39324,78.13201,ERA5,Asia/Kolkata,Open-Meteo Historical Weather API
MH-Yavatmal,2025-03-27,31.9,39.8,24.1,0.0,0.0,0.0,34,7.07,0.186,0.212,0.268,32.3,30.7,20.39324,78.13201,ERA5,Asia/Kolkata,Open-Meteo Historical Weather API
MH-Yavatmal,2025-03-28,32.2,39.6,25.6,0.0,0.0,0.0,32,7.47,0.185,0.212,0.267,33.1,31.3,20.39324,78.13201,ERA5,Asia/Kolkata,Open-Meteo Historical Weather API
MH-Yavatmal,2025-03-29,32.1,38.9,26.3,0.0,0.0,0.0,31,7.24,0.186,0.212,0.267,33.3,31.9,20.39324,78.13201,ERA5,Asia/Kolkata,Open-Meteo Historical Weather API
MH-Yavatmal,2025-03-30,31.8,39.4,24.2,0.0,0.0,0.0,30,7.22,0.184,0.212,0.266,33.2,31.9,20.39324,78.13201,ERA5,Asia/Kolkata,Open-Meteo Historical Weather API
MH-Yavatmal,2025-03-31,32.4,39.3,24.4,0.0,0.0,0.0,31,6.69,0.181,0.211,0.265,33.3,32.0,20.39324,78.13201,ERA5,Asia/Kolkata,Open-Meteo Historical Weather API
MH-Yavatmal,2025-04-01,31.0,35.1,27.2,0.0,0.0,0.0,31,5.6,0.181,0.213,0.266,32.9,32.4,20.39324,78.13201,ERA5,Asia/Kolkata,Open-Meteo Historical Weather API
MH-Yavatmal,2025-04-02,28.9,34.8,24.7,0.8,0.8,3.0,48,5.75,0.191,0.221,0.274,31.7,31.9,20.39324,78.13201,ERA5,Asia/Kolkata,Open-Meteo Historical Weather API
MH-Yavatmal,2025-04-03,27.9,33.7,25.0,0.0,0.0,0.0,59,5.06,0.212,0.228,0.281,30.5,31.1,20.39324,78.13201,ERA5,Asia/Kolkata,Open-Meteo Historical Weather API
MH-Yavatmal,2025-04-04,29.3,35.9,23.6,0.0,0.0,0.0,53,5.85,0.207,0.228,0.282,31.2,30.6,20.39324,78.13201,ERA5,Asia/Kolkata,Open-Meteo Historical Weather API
MH-Yavatmal,2025-04-05,31.1,38.6,24.5,0.0,0.0,0.0,41,6.67,0.2,0.226,0.28,32.3,31.0,20.39324,78.13201,ERA5,Asia/Kolkata,Open-Meteo Historical Weather API
MH-Yavatmal,2025-04-06,31.2,40.3,22.3,0.0,0.0,0.0,34,6.91,0.194,0.223,0.278,32.3,31.1,20.39324,78.13201,ERA5,Asia/Kolkata,Open-Meteo Historical Weather API
MH-Yavatmal,2025-04-07,32.7,41.6,24.0,0.0,0.0,0.0,29,7.01,0.189,0.219,0.275,33.1,31.5,20.39324,78.13201,ERA5,Asia/Kolkata,Open-Meteo Historical Weather API
MH-Yavatmal,2025-04-08,32.9,40.3,26.0,0.0,0.0,0.0,31,7.31,0.185,0.216,0.272,33.7,32.0,20.39324,78.13201,ERA5,Asia/Kolkata,Open-Meteo Historical Weather API
MH-Yavatmal,2025-04-09,33.3,40.3,27.8,0.0,0.0,0.0,37,7.65,0.181,0.213,0.269,34.6,32.6,20.39324,78.13201,ERA5,Asia/Kolkata,Open-Meteo Historical Weather API
MH-Yavatmal,2025-04-10,32.8,40.5,27.1,0.1,0.1,1.0,34,7.73,0.18,0.214,0.269,34.4,33.1,20.39324,78.13201,ERA5,Asia/Kolkata,Open-Meteo Historical Weather API
MH-Yavatmal,2025-04-11,32.6,40.1,26.2,0.0,0.0,0.0,29,8.09,0.181,0.215,0.27,33.7,32.8,20.39324,78.13201,ERA5,Asia/Kolkata,Open-Meteo Historical Weather API
MH-Yavatmal,2025-04-12,32.6,38.6,28.5,0.0,0.0,0.0,30,9.08,0.181,0.215,0.271,34.1,32.7,20.39324,78.13201,ERA5,Asia/Kolkata,Open-Meteo Historical Weather API
MH-Yavatmal,2025-04-13,32.3,39.1,26.2,0.0,0.0,0.0,32,7.95,0.182,0.215,0.27,33.9,32.6,20.39324,78.13201,ERA5,Asia/Kolkata,Open-Meteo Historical Weather API
MH-Yavatmal,2025-04-14,32.5,39.4,26.1,0.0,0.0,0.0,31,7.33,0.181,0.215,0.271,34.0,32.7,20.39324,78.13201,ERA5,Asia/Kolkata,Open-Meteo Historical Weather API
MH-Yavatmal,2025-04-15,33.5,40.2,26.7,0.0,0.0,0.0,30,7.44,0.179,0.212,0.268,34.5,32.9,20.39324,78.13201,ERA5,Asia/Kolkata,Open-Meteo Historical Weather API
MH-Yavatmal,2025-04-16,33.2,39.9,27.2,0.0,0.0,0.0,33,6.77,0.178,0.21,0.265,34.8,33.4,20.39324,78.13201,ERA5,Asia/Kolkata,Open-Meteo Historical Weather API
MH-Yavatmal,2025-04-17,33.5,41.1,26.7,0.0,0.0,0.0,35,7.26,0.18,0.211,0.266,34.9,33.6,20.39324,78.13201,ERA5,Asia/Kolkata,Open-Meteo Historical Weather API
MH-Yavatmal,2025-04-18,33.9,40.7,27.3,0.0,0.0,0.0,35,6.96,0.182,0.21,0.265,35.3,33.9,20.39324,78.13201,ERA5,Asia/Kolkata,Open-Meteo Historical Weather API
MH-Yavatmal,2025-04-19,34.7,42.3,26.7,0.0,0.0,0.0,28,8.8,0.182,0.209,0.264,35.5,34.1,20.39324,78.13201,ERA5,Asia/Kolkata,Open-Meteo Historical Weather API
MH-Yavatmal,2025-04-20,34.7,41.8,26.9,0.0,0.0,0.0,27,7.84,0.18,0.207,0.261,36.1,34.5,20.39324,78.13201,ERA5,Asia/Kolkata,Open-Meteo Historical Weather API
MH-Yavatmal,2025-04-21,34.7,42.3,26.9,0.0,0.0,0.0,25,8.13,0.179,0.205,0.257,36.1,34.5,20.39324,78.13201,ERA5,Asia/Kolkata,Open-Meteo Historical Weather API
MH-Yavatmal,2025-04-22,35.2,42.9,26.3,0.0,0.0,0.0,27,7.66,0.178,0.203,0.254,36.6,34.7,20.39324,78.13201,ERA5,Asia/Kolkata,Open-Meteo Historical Weather API
MH-Yavatmal,2025-04-23,35.4,43.2,25.9,0.0,0.0,0.0,25,8.34,0.179,0.203,0.253,36.5,35.0,20.39324,78.13201,ERA5,Asia/Kolkata,Open-Meteo Historical Weather API
MH-Yavatmal,2025-04-24,35.5,43.1,26.2,0.0,0.0,0.0,22,8.06,0.18,0.201,0.25,36.8,35.2,20.39324,78.13201,ERA5,Asia/Kolkata,Open-Meteo Historical Weather API
MH-Yavatmal,2025-04-25,35.7,43.5,26.8,0.0,0.0,0.0,24,7.65,0.179,0.201,0.248,36.7,35.3,20.39324,78.13201,ERA5,Asia/Kolkata,Open-Meteo Historical Weather API
MH-Yavatmal,2025-04-26,35.0,40.8,29.8,0.0,0.0,0.0,30,7.52,0.179,0.2,0.247,36.7,35.5,20.39324,78.13201,ERA5,Asia/Kolkata,Open-Meteo Historical Weather API
MH-Yavatmal,2025-04-27,32.5,38.4,27.2,0.0,0.0,0.0,40,6.86,0.182,0.204,0.249,35.1,35.2,20.39324,78.13201,ERA5,Asia/Kolkata,Open-Meteo Historical Weather API
MH-Yavatmal,2025-04-28,33.7,41.3,26.8,0.0,0.0,0.0,38,7.82,0.184,0.206,0.25,35.4,34.6,20.39324,78.13201,ERA5,Asia/Kolkata,Open-Meteo Historical Weather API
MH-Yavatmal,2025-04-29,34.0,40.7,27.2,0.0,0.0,0.0,32,8.06,0.187,0.209,0.252,35.2,34.4,20.39324,78.13201,ERA5,Asia/Kolkata,Open-Meteo Historical Weather API
MH-Yavatmal,2025-04-30,34.3,41.2,27.3,0.0,0.0,0.0,32,7.38,0.191,0.212,0.255,35.6,34.4,20.39324,78.13201,ERA5,Asia/Kolkata,Open-Meteo Historical Weather API
MH-Yavatmal,2025-05-01,33.5,40.9,26.7,0.1,0.1,1.0,34,6.93,0.191,0.213,0.255,35.2,34.3,20.39324,78.13201,ERA5,Asia/Kolkata,Open-Meteo Historical Weather API
MH-Yavatmal,2025-05-02,33.7,40.5,26.9,0.0,0.0,0.0,33,7.8,0.188,0.211,0.253,35.4,34.4,20.39324,78.13201,ERA5,Asia/Kolkata,Open-Meteo Historical Weather API
MH-Yavatmal,2025-05-03,33.9,41.2,28.0,0.1,0.1,1.0,34,7.34,0.186,0.208,0.251,35.9,34.7,20.39324,78.13201,ERA5,Asia/Kolkata,Open-Meteo Historical Weather API
MH-Yavatmal,2025-05-04,31.5,39.2,25.8,0.2,0.2,1.0,42,7.17,0.19,0.216,0.257,34.7,34.5,20.39324,78.13201,ERA5,Asia/Kolkata,Open-Meteo Historical Weather API
MH-Yavatmal,2025-05-05,31.2,38.5,24.5,0.2,0.2,2.0,42,6.76,0.194,0.218,0.26,33.9,34.1,20.39324,78.13201,ERA5,Asia/Kolkata,Open-Meteo Historical Weather API
MH-Yavatmal,2025-05-06,31.0,38.0,24.0,0.0,0.0,0.0,40,6.81,0.198,0.222,0.263,33.4,33.8,20.39324,78.13201,ERA5,Asia/Kolkata,Open-Meteo Historical Weather API
MH-Yavatmal,2025-05-07,30.0,35.8,24.0,0.3,0.3,1.0,46,6.98,0.197,0.22,0.262,33.0,33.3,20.39324,78.13201,ERA5,Asia/Kolkata,Open-Meteo Historical Weather API
MH-Yavatmal,2025-05-08,30.3,35.6,24.3,0.0,0.0,0.0,48,6.33,0.199,0.218,0.261,33.1,32.8,20.39324,78.13201,ERA5,Asia/Kolkata,Open-Meteo Historical Weather API
MH-Yavatmal,2025-05-09,32.0,37.9,25.3,0.0,0.0,0.0,43,5.92,0.194,0.216,0.259,34.0,33.0,20.39324,78.13201,ERA5,Asia/Kolkata,Open-Meteo Historical Weather API
MH-Yavatmal,2025-05-10,32.7,38.4,28.0,0.0,0.0,0.0,42,5.72,0.189,0.214,0.258,34.8,33.8,20.39324,78.13201,ERA5,Asia/Kolkata,Open-Meteo Historical Weather API
MH-Yavatmal,2025-05-11,32.8,38.8,27.2,0.5,0.5,1.0,46,6.37,0.188,0.215,0.258,35.3,34.3,20.39324,78.13201,ERA5,Asia/Kolkata,Open-Meteo Historical Weather API
MH-Yavatmal,2025-05-12,31.1,35.7,25.8,0.4,0.4,3.0,51,5.75,0.194,0.214,0.257,33.8,33.9,20.39324,78.13201,ERA5,Asia/Kolkata,Open-Meteo Historical Weather API
MH-Yavatmal,2025-05-13,32.2,37.8,28.8,0.5,0.5,2.0,49,6.79,0.193,0.214,0.258,34.2,33.7,20.39324,78.13201,ERA5,Asia/Kolkata,Open-Meteo Historical Weather API
MH-Yavatmal,2025-05-14,31.7,38.2,27.3,1.9,1.9,4.0,51,6.78,0.198,0.214,0.258,34.4,33.9,20.39324,78.13201,ERA5,Asia/Kolkata,Open-Meteo Historical Weather API
MH-Yavatmal,2025-05-15,30.9,36.9,27.0,2.9,2.9,9.0,59,6.01,0.222,0.217,0.26,33.9,33.8,20.39324,78.13201,ERA5,Asia/Kolkata,Open-Meteo Historical Weather API
MH-Yavatmal,2025-05-16,31.7,38.0,27.2,2.9,2.9,2.0,60,6.17,0.241,0.217,0.26,34.2,33.6,20.39324,78.13201,ERA5,Asia/Kolkata,Open-Meteo Historical Weather API
MH-Yavatmal,2025-05-17,31.0,36.9,26.3,3.1,3.1,5.0,63,5.38,0.276,0.215,0.258,33.4,33.4,20.39324,78.13201,ERA5,Asia/Kolkata,Open-Meteo Historical Weather API
MH-Yavatmal,2025-05-18,31.0,36.1,25.3,10.6,10.6,6.0,67,5.04,0.352,0.225,0.257,33.2,32.9,20.39324,78.13201,ERA5,Asia/Kolkata,Open-Meteo Historical Weather API
MH-Yavatmal,2025-05-19,32.0,37.4,25.6,1.2,1.2,4.0,62,5.92,0.326,0.232,0.253,34.0,33.1,20.39324,78.13201,ERA5,Asia/Kolkata,Open-Meteo Historical Weather API
MH-Yavatmal,2025-05-20,32.1,37.4,28.2,2.1,2.1,1.0,56,5.86,0.3,0.231,0.252,34.1,33.6,20.39324,78.13201,ERA5,Asia/Kolkata,Open-Meteo Historical Weather API
MH-Yavatmal,2025-05-21,29.8,35.7,24.9,4.6,4.6,5.0,67,4.85,0.303,0.234,0.253,32.7,33.5,20.39324,78.13201,ERA5,Asia/Kolkata,Open-Meteo Historical Weather API
MH-Yavatmal,2025-05-22,25.7,28.3,23.2,51.2,51.2,16.0,87,1.85,0.443,0.391,0.258,28.9,31.3,20.39324,78.13201,ERA5,Asia/Kolkata,Open-Meteo Historical Weather API
MH-Yavatmal,2025-05-23,27.9,32.2,24.1,0.6,0.6,5.0,78,4.03,0.413,0.398,0.264,29.7,29.7,20.39324,78.13201,ERA5,Asia/Kolkata,Open-Meteo Historical Weather API
MH-Yavatmal,2025-05-24,26.8,29.6,24.5,51.1,51.1,20.0,84,1.75,0.45,0.441,0.279,28.5,29.3,20.39324,78.13201,ERA5,Asia/Kolkata,Open-Meteo Historical Weather API
MH-Yavatmal,2025-05-25,28.2,32.4,25.2,8.1,8.1,19.0,79,4.05,0.448,0.441,0.298,30.0,29.1,20.39324,78.13201,ERA5,Asia/Kolkata,Open-Meteo Historical Weather API
MH-Yavatmal,2025-05-26,30.1,34.5,26.0,1.5,1.5,12.0,73,4.84,0.428,0.425,0.303,31.1,30.1,20.39324,78.13201,ERA5,Asia/Kolkata,Open-Meteo Historical Weather API
MH-Yavatmal,2025-05-27,28.2,34.4,24.4,25.2,25.2,17.0,81,3.84,0.453,0.44,0.314,30.3,30.3,20.39324,78.13201,ERA5,Asia/Kolkata,Open-Meteo Historical Weather API
MH-Yavatmal,2025-05-28,26.7,31.5,23.7,11.8,11.8,11.0,82,2.73,0.446,0.445,0.329,27.9,29.3,20.39324,78.13201,ERA5,Asia/Kolkata,Open-Meteo Historical Weather API
MH-Yavatmal,2025-05-29,29.2,35.5,24.9,4.6,4.6,9.0,73,5.3,0.425,0.426,0.335,29.5,29.1,20.39324,78.13201,ERA5,Asia/Kolkata,Open-Meteo Historical Weather API
MH-Yavatmal,2025-05-30,29.1,33.3,26.3,0.3,0.3,3.0,72,5.06,0.415,0.412,0.336,29.9,29.8,20.39324,78.13201,ERA5,Asia/Kolkata,Open-Meteo Historical Weather API
MH-Yavatmal,2025-05-31,30.0,34.0,26.5,0.0,0.0,0.0,64,6.68,0.388,0.397,0.336,30.6,30.0,20.39324,78.13201,ERA5,Asia/Kolkata,Open-Meteo Historical Weather API
MH-Yavatmal,2025-06-01,30.6,35.1,26.8,0.0,0.0,0.0,58,7.06,0.362,0.38,0.333,31.0,30.0,20.39324,78.13201,ERA5,Asia/Kolkata,Open-Meteo Historical Weather API
MH-Yavatmal,2025-06-02,30.3,34.3,27.2,0.0,0.0,0.0,59,6.44,0.339,0.363,0.328,31.0,30.1,20.39324,78.13201,ERA5,Asia/Kolkata,Open-Meteo Historical Weather API
MH-Yavatmal,2025-06-03,30.7,35.0,27.1,0.2,0.2,1.0,55,6.98,0.318,0.347,0.323,31.2,30.1,20.39324,78.13201,ERA5,Asia/Kolkata,Open-Meteo Historical Weather API
MH-Yavatmal,2025-06-04,30.4,35.5,26.0,0.0,0.0,0.0,55,6.34,0.298,0.332,0.318,31.2,30.4,20.39324,78.13201,ERA5,Asia/Kolkata,Open-Meteo Historical Weather API
MH-Yavatmal,2025-06-05,30.4,34.7,26.2,0.0,0.0,0.0,58,4.97,0.282,0.321,0.315,31.3,30.5,20.39324,78.13201,ERA5,Asia/Kolkata,Open-Meteo Historical Weather API
MH-Yavatmal,2025-06-06,32.1,38.3,26.6,0.0,0.0,0.0,49,6.29,0.268,0.311,0.312,32.3,30.9,20.39324,78.13201,ERA5,Asia/Kolkata,Open-Meteo Historical Weather API
MH-Yavatmal,2025-06-07,32.1,36.5,28.0,0.0,0.0,0.0,49,6.62,0.254,0.302,0.31,32.6,31.4,20.39324,78.13201,ERA5,Asia/Kolkata,Open-Meteo Historical Weather API
MH-Yavatmal,2025-06-08,32.8,38.6,28.4,0.0,0.0,0.0,50,7.61,0.241,0.292,0.307,33.0,31.9,20.39324,78.13201,ERA5,Asia/Kolkata,Open-Meteo Historical Weather API
MH-Yavatmal,2025-06-09,32.2,38.5,27.1,1.1,1.1,1.0,53,7.68,0.235,0.287,0.307,32.7,32.3,20.39324,78.13201,ERA5,Asia/Kolkata,Open-Meteo Historical Weather API
MH-Yavatmal,2025-06-10,32.0,38.1,27.6,0.0,0.0,0.0,52,7.09,0.233,0.283,0.309,32.4,32.5,20.39324,78.13201,ERA5,Asia/Kolkata,Open-Meteo Historical Weather API
MH-Yavatmal,2025-06-11,30.4,34.3,26.8,0.2,0.2,1.0,61,5.14,0.229,0.28,0.31,32.0,32.3,20.39324,78.13201,ERA5,Asia/Kolkata,Open-Meteo Historical Weather API
MH-Yavatmal,2025-06-12,30.3,35.3,27.1,2.7,2.7,2.0,67,5.15,0.23,0.276,0.31,32.5,32.3,20.39324,78.13201,ERA5,Asia/Kolkata,Open-Meteo Historical Weather API
MH-Yavatmal,2025-06-13,30.3,33.8,25.8,3.2,3.2,6.0,71,4.75,0.25,0.274,0.31,32.2,31.9,20.39324,78.13201,ERA5,Asia/Kolkata,Open-Meteo Historical Weather API
MH-Yavatmal,2025-06-14,31.6,35.9,27.4,1.2,1.2,7.0,64,5.92,0.263,0.267,0.306,33.4,32.1,20.39324,78.13201,ERA5,Asia/Kolkata,Open-Meteo Historical Weather API
MH-Yavatmal,2025-06-15,30.6,35.9,27.6,3.6,3.6,10.0,68,5.27,0.288,0.261,0.303,32.9,32.3,20.39324,78.13201,ERA5,Asia/Kolkata,Open-Meteo Historical Weather API
MH-Yavatmal,2025-06-16,29.6,33.8,25.8,6.2,6.2,11.0,69,4.48,0.305,0.258,0.301,31.1,31.4,20.39324,78.13201,ERA5,Asia/Kolkata,Open-Meteo Historical Weather API
MH-Yavatmal,2025-06-17,29.4,34.0,24.9,2.7,2.7,10.0,69,5.06,0.354,0.262,0.299,30.3,30.1,20.39324,78.13201,ERA5,Asia/Kolkata,Open-Meteo Historical Weather API
MH-Yavatmal,2025-06-18,29.2,34.6,26.4,7.1,7.1,10.0,68,4.75,0.333,0.261,0.295,30.2,30.1,20.39324,78.13201,ERA5,Asia/Kolkata,Open-Meteo Historical Weather API
MH-Yavatmal,2025-06-19,27.6,30.8,24.5,8.3,8.3,11.0,77,3.35,0.379,0.267,0.293,28.8,29.5,20.39324,78.13201,ERA5,Asia/Kolkata,Open-Meteo Historical Weather API
MH-Yavatmal,2025-06-20,28.4,33.1,24.3,0.6,0.6,6.0,71,4.93,0.373,0.285,0.292,29.1,29.0,20.39324,78.13201,ERA5,Asia/Kolkata,Open-Meteo Historical Weather API
MH-Yavatmal,2025-06-21,29.0,32.4,26.0,0.3,0.3,2.0,67,4.7,0.338,0.284,0.289,29.6,29.3,20.39324,78.13201,ERA5,Asia/Kolkata,Open-Meteo Historical Weather API
MH-Yavatmal,2025-06-22,27.6,31.8,24.7,5.5,5.5,15.0,74,3.79,0.332,0.284,0.289,28.9,29.2,20.39324,78.13201,ERA5,Asia/Kolkata,Open-Meteo Historical Weather API
MH-Yavatmal,2025-06-23,26.9,28.9,24.6,3.5,3.5,14.0,79,3.04,0.37,0.288,0.29,28.1,28.5,20.39324,78.13201,ERA5,Asia/Kolkata,Open-Meteo Historical Weather API
MH-Yavatmal,2025-06-24,25.7,27.9,23.8,9.6,9.6,18.0,83,2.52,0.387,0.298,0.29,27.1,27.8,20.39324,78.13201,ERA5,Asia/Kolkata,Open-Meteo Historical Weather API
MH-Yavatmal,2025-06-25,26.2,30.6,23.0,10.7,10.7,15.0,82,2.85,0.404,0.319,0.291,27.0,27.1,20.39324,78.13201,ERA5,Asia/Kolkata,Open-Meteo Historical Weather API
MH-Yavatmal,2025-06-26,24.3,25.5,23.6,47.0,47.0,24.0,94,0.77,0.457,0.405,0.294,25.5,26.7,20.39324,78.13201,ERA5,Asia/Kolkata,Open-Meteo Historical Weather API
MH-Yavatmal,2025-06-27,26.6,29.7,23.6,5.7,5.7,7.0,81,3.41,0.444,0.445,0.319,26.9,26.6,20.39324,78.13201,ERA5,Asia/Kolkata,Open-Meteo Historical Weather API
MH-Yavatmal,2025-06-28,27.7,30.9,25.1,0.1,0.1,1.0,72,4.03,0.417,0.421,0.325,27.9,27.5,20.39324,78.13201,ERA5,Asia/Kolkata,Open-Meteo Historical Weather API
MH-Yavatmal,2025-06-29,24.8,26.9,23.3,17.6,17.6,21.0,85,1.69,0.447,0.432,0.329,25.6,27.0,20.39324,78.13201,ERA5,Asia/Kolkata,Open-Meteo Historical Weather API
MH-Yavatmal,2025-06-30,24.8,26.5,23.2,16.6,16.6,20.0,87,1.43,0.453,0.446,0.342,24.9,25.8,20.39324,78.13201,ERA5,Asia/Kolkata,Open-Meteo Historical Weather API
MH-Yavatmal,2025-07-01,24.9,26.7,23.5,33.5,33.5,24.0,88,1.46,0.462,0.46,0.365,24.8,25.4,20.39324,78.13201,ERA5,Asia/Kolkata,Open-Meteo Historical Weather API
MH-Yavatmal,2025-07-02,25.9,28.7,23.8,3.4,3.4,14.0,84,2.75,0.448,0.448,0.386,25.8,25.7,20.39324,78.13201,ERA5,Asia/Kolkata,Open-Meteo Historical Weather API
MH-Yavatmal,2025-07-03,26.2,28.9,24.0,7.8,7.8,24.0,85,2.63,0.45,0.441,0.39,26.1,26.1,20.39324,78.13201,ERA5,Asia/Kolkata,Open-Meteo Historical Weather API
MH-Yavatmal,2025-07-04,25.7,28.0,24.0,21.5,21.5,23.0,88,2.48,0.462,0.454,0.397,26.1,26.2,20.39324,78.13201,ERA5,Asia/Kolkata,Open-Meteo Historical Weather API
MH-Yavatmal,2025-07-05,26.1,29.1,24.3,3.8,3.8,12.0,84,2.96,0.445,0.448,0.406,26.6,26.4,20.39324,78.13201,ERA5,Asia/Kolkata,Open-Meteo Historical Weather API
MH-Yavatmal,2025-07-06,25.3,28.4,23.4,10.9,10.9,21.0,88,2.11,0.454,0.446,0.409,25.8,26.2,20.39324,78.13201,ERA5,Asia/Kolkata,Open-Meteo Historical Weather API
MH-Yavatmal,2025-07-07,23.7,24.7,23.1,32.3,32.3,24.0,92,1.16,0.467,0.467,0.425,24.4,25.4,20.39324,78.13201,ERA5,Asia/Kolkata,Open-Meteo Historical Weather API
MH-Yavatmal,2025-07-08,23.2,23.9,22.6,47.5,47.5,24.0,93,1.1,0.465,0.465,0.447,23.6,24.5,20.39324,78.13201,ERA5,Asia/Kolkata,Open-Meteo Historical Weather API
MH-Yavatmal,2025-07-09,23.1,25.2,22.1,37.2,37.2,24.0,94,0.95,0.464,0.464,0.463,23.5,24.2,20.39324,78.13201,ERA5,Asia/Kolkata,Open-Meteo Historical Weather API
MH-Yavatmal,2025-07-10,25.3,28.2,22.6,8.6,8.6,14.0,84,2.43,0.457,0.459,0.463,24.7,24.5,20.39324,78.13201,ERA5,Asia/Kolkata,Open-Meteo Historical Weather API
MH-Yavatmal,2025-07-11,27.2,30.7,24.0,4.2,4.2,9.0,79,3.91,0.44,0.445,0.457,26.8,25.6,20.39324,78.13201,ERA5,Asia/Kolkata,Open-Meteo Historical Weather API
MH-Yavatmal,2025-07-12,27.9,31.3,25.1,0.0,0.0,0.0,73,4.9,0.422,0.431,0.451,27.7,26.8,20.39324,78.13201,ERA5,Asia/Kolkata,Open-Meteo Historical Weather API
MH-Yavatmal,2025-07-13,27.9,31.0,25.3,0.8,0.8,5.0,75,4.33,0.409,0.42,0.446,28.0,27.3,20.39324,78.13201,ERA5,Asia/Kolkata,Open-Meteo Historical Weather API
MH-Yavatmal,2025-07-14,28.2,31.6,25.2,0.7,0.7,5.0,74,4.62,0.406,0.413,0.442,28.3,27.4,20.39324,78.13201,ERA5,Asia/Kolkata,Open-Meteo Historical Weather API
MH-Yavatmal,2025-07-15,28.1,32.4,25.3,0.5,0.5,4.0,77,4.23,0.396,0.405,0.437,28.5,27.7,20.39324,78.13201,ERA5,Asia/Kolkata,Open-Meteo Historical Weather API
MH-Yavatmal,2025-07-16,27.5,30.0,25.3,3.1,3.1,7.0,81,2.97,0.399,0.401,0.434,27.9,27.6,20.39324,78.13201,ERA5,Asia/Kolkata,Open-Meteo Historical Weather API
MH-Yavatmal,2025-07-17,27.2,30.1,25.2,7.1,7.1,17.0,84,2.51,0.423,0.408,0.431,27.7,27.3,20.39324,78.13201,ERA5,Asia/Kolkata,Open-Meteo Historical Weather API
MH-Yavatmal,2025-07-18,27.6,30.8,25.0,2.1,2.1,7.0,81,3.17,0.419,0.412,0.428,27.9,27.2,20.39324,78.13201,ERA5,Asia/Kolkata,Open-Meteo Historical Weather API
MH-Yavatmal,2025-07-19,28.1,31.3,25.0,0.2,0.2,2.0,77,4.21,0.409,0.41,0.426,28.3,27.5,20.39324,78.13201,ERA5,Asia/Kolkata,Open-Meteo Historical Weather API
MH-Yavatmal,2025-07-20,28.3,31.0,25.2,0.4,0.4,4.0,75,3.97,0.394,0.403,0.423,28.6,27.8,20.39324,78.13201,ERA5,Asia/Kolkata,Open-Meteo Historical Weather API
MH-Yavatmal,2025-07-21,28.6,31.8,25.6,0.2,0.2,1.0,76,3.04,0.384,0.395,0.42,28.4,27.8,20.39324,78.13201,ERA5,Asia/Kolkata,Open-Meteo Historical Weather API
MH-Yavatmal,2025-07-22,26.4,29.1,24.6,23.6,23.6,23.0,87,2.59,0.44,0.422,0.418,27.5,27.5,20.39324,78.13201,ERA5,Asia/Kolkata,Open-Meteo Historical Weather API
MH-Yavatmal,2025-07-23,26.2,28.9,24.3,18.8,18.8,14.0,87,2.66,0.453,0.45,0.422,26.9,26.9,20.39324,78.13201,ERA5,Asia/Kolkata,Open-Meteo Historical Weather API
MH-Yavatmal,2025-07-24,24.9,26.5,23.9,11.5,11.5,22.0,89,1.5,0.461,0.458,0.43,25.4,26.1,20.39324,78.13201,ERA5,Asia/Kolkata,Open-Meteo Historical Weather API
MH-Yavatmal,2025-07-25,24.8,26.3,23.2,28.9,28.9,24.0,92,1.4,0.464,0.464,0.442,25.0,25.4,20.39324,78.13201,ERA5,Asia/Kolkata,Open-Meteo Historical Weather API
MH-Yavatmal,2025-07-26,24.3,25.0,23.4,40.0,40.0,24.0,93,1.17,0.466,0.464,0.464,24.5,25.1,20.39324,78.13201,ERA5,Asia/Kolkata,Open-Meteo Historical Weather API
MH-Yavatmal,2025-07-27,25.1,27.4,23.1,5.8,5.8,13.0,86,2.09,0.456,0.46,0.462,24.9,25.0,20.39324,78.13201,ERA5,Asia/Kolkata,Open-Meteo Historical Weather API
MH-Yavatmal,2025-07-28,25.8,27.8,24.5,2.3,2.3,6.0,81,3.17,0.44,0.445,0.454,25.8,25.7,20.39324,78.13201,ERA5,Asia/Kolkata,Open-Meteo Historical Weather API
MH-Yavatmal,2025-07-29,24.5,25.9,23.5,5.1,5.1,19.0,85,2.02,0.442,0.44,0.447,25.1,25.6,20.39324,78.13201,ERA5,Asia/Kolkata,Open-Meteo Historical Weather API
MH-Yavatmal,2025-07-30,24.9,26.8,23.3,0.8,0.8,7.0,87,1.64,0.44,0.44,0.443,24.9,25.1,20.39324,78.13201,ERA5,Asia/Kolkata,Open-Meteo Historical Weather API
MH-Yavatmal,2025-07-31,26.7,30.0,24.0,0.3,0.3,2.0,79,3.75,0.426,0.433,0.439,26.4,25.6,20.39324,78.13201,ERA5,Asia/Kolkata,Open-Meteo Historical Weather API
MH-Yavatmal,2025-08-01,27.1,30.6,24.3,0.7,0.7,7.0,79,3.96,0.414,0.423,0.434,27.1,26.4,20.39324,78.13201,ERA5,Asia/Kolkata,Open-Meteo Historical Weather API
MH-Yavatmal,2025-08-02,27.5,30.5,24.7,0.0,0.0,0.0,76,3.72,0.402,0.414,0.43,27.4,26.6,20.39324,78.13201,ERA5,Asia/Kolkata,Open-Meteo Historical Weather API
MH-Yavatmal,2025-08-03,27.6,31.3,23.9,0.5,0.5,4.0,76,4.57,0.391,0.405,0.426,27.7,26.9,20.39324,78.13201,ERA5,Asia/Kolkata,Open-Meteo Historical Weather API
MH-Yavatmal,2025-08-04,27.9,31.1,24.8,0.3,0.3,3.0,76,3.97,0.381,0.396,0.421,28.0,27.2,20.39324,78.13201,ERA5,Asia/Kolkata,Open-Meteo Historical Weather API
MH-Yavatmal,2025-08-05,28.4,31.9,24.4,0.2,0.2,2.0,75,4.63,0.37,0.388,0.417,28.5,27.4,20.39324,78.13201,ERA5,Asia/Kolkata,Open-Meteo Historical Weather API
MH-Yavatmal,2025-08-06,28.5,31.7,25.8,3.0,3.0,7.0,77,4.76,0.364,0.379,0.413,29.4,28.0,20.39324,78.13201,ERA5,Asia/Kolkata,Open-Meteo Historical Weather API
MH-Yavatmal,2025-08-07,28.2,32.0,25.5,1.8,1.8,3.0,78,3.93,0.367,0.375,0.409,28.8,28.2,20.39324,78.13201,ERA5,Asia/Kolkata,Open-Meteo Historical Weather API
MH-Yavatmal,2025-08-08,25.8,28.6,23.8,3.5,3.5,12.0,86,2.68,0.375,0.376,0.406,27.2,27.6,20.39324,78.13201,ERA5,Asia/Kolkata,Open-Meteo Historical Weather API
MH-Yavatmal,2025-08-09,26.1,29.4,23.7,4.0,4.0,12.0,85,2.51,0.399,0.384,0.404,27.0,26.9,20.39324,78.13201,ERA5,Asia/Kolkata,Open-Meteo Historical Weather API
MH-Yavatmal,2025-08-10,27.0,31.3,23.5,2.6,2.6,9.0,80,4.35,0.402,0.387,0.402,27.7,27.0,20.39324,78.13201,ERA5,Asia/Kolkata,Open-Meteo Historical Weather API
MH-Yavatmal,2025-08-11,27.4,31.0,24.6,5.1,5.1,8.0,80,4.01,0.415,0.388,0.399,28.0,27.4,20.39324,78.13201,ERA5,Asia/Kolkata,Open-Meteo Historical Weather API
MH-Yavatmal,2025-08-12,27.3,30.6,25.1,1.2,1.2,4.0,77,4.19,0.411,0.391,0.397,27.8,27.4,20.39324,78.13201,ERA5,Asia/Kolkata,Open-Meteo Historical Weather API
MH-Yavatmal,2025-08-13,24.6,26.2,23.6,33.2,33.2,18.0,88,1.66,0.427,0.406,0.398,26.0,26.8,20.39324,78.13201,ERA5,Asia/Kolkata,Open-Meteo Historical Weather API
MH-Yavatmal,2025-08-14,25.7,28.8,23.7,12.7,12.7,17.0,88,2.59,0.45,0.437,0.407,26.5,26.1,20.39324,78.13201,ERA5,Asia/Kolkata,Open-Meteo Historical Weather API
MH-Yavatmal,2025-08-15,25.6,29.2,23.6,33.9,33.9,21.0,90,1.93,0.462,0.459,0.417,26.6,26.3,20.39324,78.13201,ERA5,Asia/Kolkata,Open-Meteo Historical Weather API
MH-Yavatmal,2025-08-16,24.9,27.0,23.5,46.0,46.0,24.0,94,1.1,0.464,0.465,0.439,25.8,25.9,20.39324,78.13201,ERA5,Asia/Kolkata,Open-Meteo Historical Weather API
MH-Yavatmal,2025-08-17,26.1,29.3,23.2,8.7,8.7,16.0,87,2.88,0.457,0.46,0.448,26.5,25.8,20.39324,78.13201,ERA5,Asia/Kolkata,Open-Meteo Historical Weather API
MH-Yavatmal,2025-08-18,25.7,28.3,23.8,19.3,19.3,23.0,89,2.69,0.461,0.462,0.454,27.0,26.4,20.39324,78.13201,ERA5,Asia/Kolkata,Open-Meteo Historical Weather API
MH-Yavatmal,2025-08-19,25.0,27.5,22.9,26.0,26.0,22.0,91,1.62,0.462,0.46,0.461,25.8,26.1,20.39324,78.13201,ERA5,Asia/Kolkata,Open-Meteo Historical Weather API
MH-Yavatmal,2025-08-20,25.3,27.9,23.6,16.0,16.0,22.0,89,1.57,0.462,0.464,0.461,25.4,25.6,20.39324,78.13201,ERA5,Asia/Kolkata,Open-Meteo Historical Weather API
MH-Yavatmal,2025-08-21,25.9,30.1,23.1,4.3,4.3,12.0,84,3.52,0.454,0.456,0.46,26.1,25.7,20.39324,78.13201,ERA5,Asia/Kolkata,Open-Meteo Historical Weather API
MH-Yavatmal,2025-08-22,26.6,29.3,24.2,0.5,0.5,4.0,79,3.81,0.442,0.448,0.457,26.5,26.2,20.39324,78.13201,ERA5,Asia/Kolkata,Open-Meteo Historical Weather API
MH-Yavatmal,2025-08-23,26.0,28.4,24.1,2.5,2.5,8.0,79,3.43,0.43,0.435,0.452,26.3,26.2,20.39324,78.13201,ERA5,Asia/Kolkata,Open-Meteo Historical Weather API
MH-Yavatmal,2025-08-24,25.5,28.6,23.0,4.9,4.9,15.0,81,3.37,0.441,0.436,0.448,25.8,25.7,20.39324,78.13201,ERA5,Asia/Kolkata,Open-Meteo Historical Weather API
MH-Yavatmal,2025-08-25,25.6,28.6,22.7,6.7,6.7,23.0,83,2.34,0.446,0.439,0.445,25.5,25.4,20.39324,78.13201,ERA5,Asia/Kolkata,Open-Meteo Historical Weather API
MH-Yavatmal,2025-08-26,26.1,28.8,23.7,2.7,2.7,6.0,83,2.95,0.439,0.441,0.442,26.1,25.6,20.39324,78.13201,ERA5,Asia/Kolkata,Open-Meteo Historical Weather API
MH-Yavatmal,2025-08-27,25.9,28.4,24.3,8.8,8.8,16.0,87,2.0,0.446,0.446,0.44,26.2,25.7,20.39324,78.13201,ERA5,Asia/Kolkata,Open-Meteo Historical Weather API
MH-Yavatmal,2025-08-28,25.6,29.3,23.4,25.6,25.6,24.0,90,2.42,0.462,0.464,0.447,26.5,25.8,20.39324,78.13201,ERA5,Asia/Kolkata,Open-Meteo Historical Weather API
MH-Yavatmal,2025-08-29,25.5,29.1,23.6,21.4,21.4,19.0,92,2.12,0.462,0.466,0.459,26.3,25.9,20.39324,78.13201,ERA5,Asia/Kolkata,Open-Meteo Historical Weather API
MH-Yavatmal,2025-08-30,26.1,30.0,23.7,13.8,13.8,19.0,88,2.6,0.458,0.461,0.461,26.3,25.9,20.39324,78.13201,ERA5,Asia/Kolkata,Open-Meteo Historical Weather API
MH-Yavatmal,2025-08-31,26.3,29.4,24.3,4.8,4.8,12.0,85,2.79,0.449,0.454,0.458,26.4,26.0,20.39324,78.13201,ERA5,Asia/Kolkata,Open-Meteo Historical Weather API
MH-Yavatmal,2025-09-01,25.6,27.2,23.9,14.3,14.3,18.0,88,1.75,0.456,0.459,0.457,25.7,25.7,20.39324,78.13201,ERA5,Asia/Kolkata,Open-Meteo Historical Weather API
MH-Yavatmal,2025-09-02,24.6,26.5,23.3,11.4,11.4,24.0,91,1.76,0.461,0.462,0.464,25.1,25.2,20.39324,78.13201,ERA5,Asia/Kolkata,Open-Meteo Historical Weather API
MH-Yavatmal,2025-09-03,24.1,25.0,23.4,19.3,19.3,22.0,92,1.59,0.46,0.457,0.464,24.6,24.9,20.39324,78.13201,ERA5,Asia/Kolkata,Open-Meteo Historical Weather API
MH-Yavatmal,2025-09-04,24.5,26.6,23.0,37.8,37.8,20.0,88,1.42,0.461,0.462,0.449,24.2,24.3,20.39324,78.13201,ERA5,Asia/Kolkata,Open-Meteo Historical Weather API
MH-Yavatmal,2025-09-05,24.8,26.6,23.1,15.1,15.1,14.0,88,1.45,0.455,0.46,0.444,24.5,24.3,20.39324,78.13201,ERA5,Asia/Kolkata,Open-Meteo Historical Weather API
MH-Yavatmal,2025-09-06,24.9,26.9,23.7,19.3,19.3,16.0,89,1.54,0.461,0.465,0.452,24.8,24.4,20.39324,78.13201,ERA5,Asia/Kolkata,Open-Meteo Historical Weather API
MH-Yavatmal,2025-09-07,26.4,29.9,23.1,1.1,1.1,7.0,82,3.87,0.443,0.451,0.45,26.3,25.2,20.39324,78.13201,ERA5,Asia/Kolkata,Open-Meteo Historical Weather API
MH-Yavatmal,2025-09-08,26.9,30.3,23.7,0.1,0.1,1.0,79,4.1,0.429,0.439,0.444,27.1,25.9,20.39324,78.13201,ERA5,Asia/Kolkata,Open-Meteo Historical Weather API
MH-Yavatmal,2025-09-09,27.0,29.8,23.8,3.1,3.1,11.0,80,3.24,0.426,0.43,0.438,27.1,26.2,20.39324,78.13201,ERA5,Asia/Kolkata,Open-Meteo Historical Weather API
MH-Yavatmal,2025-09-10,26.6,30.6,23.6,20.6,20.6,19.0,84,2.99,0.458,0.454,0.437,27.0,26.2,20.39324,78.13201,ERA5,Asia/Kolkata,Open-Meteo Historical Weather API
MH-Yavatmal,2025-09-11,25.3,26.9,23.6,5.1,5.1,18.0,85,2.08,0.454,0.455,0.439,25.7,25.8,20.39324,78.13201,ERA5,Asia/Kolkata,Open-Meteo Historical Weather API
MH-Yavatmal,2025-09-12,24.8,26.8,23.4,40.4,40.4,24.0,92,1.51,0.461,0.464,0.447,25.3,25.2,20.39324,78.13201,ERA5,Asia/Kolkata,Open-Meteo Historical Weather API
MH-Yavatmal,2025-09-13,26.3,30.9,23.5,12.2,12.2,23.0,87,3.29,0.46,0.463,0.459,26.6,25.5,20.39324,78.13201,ERA5,Asia/Kolkata,Open-Meteo Historical Weather API
MH-Yavatmal,2025-09-14,26.6,29.9,23.8,5.1,5.1,16.0,88,2.82,0.457,0.462,0.459,27.3,26.3,20.39324,78.13201,ERA5,Asia/Kolkata,Open-Meteo Historical Weather API
MH-Yavatmal,2025-09-15,25.9,29.4,24.2,9.7,9.7,21.0,90,2.07,0.459,0.463,0.459,26.9,26.4,20.39324,78.13201,ERA5,Asia/Kolkata,Open-Meteo Historical Weather API
MH-Yavatmal,2025-09-16,25.4,29.3,23.3,14.0,14.0,20.0,90,2.08,0.46,0.464,0.462,26.3,26.1,20.39324,78.13201,ERA5,Asia/Kolkata,Open-Meteo Historical Weather API
MH-Yavatmal,2025-09-17,25.7,29.3,23.3,21.2,21.2,23.0,89,2.65,0.462,0.461,0.466,26.6,26.0,20.39324,78.13201,ERA5,Asia/Kolkata,Open-Meteo Historical Weather API
MH-Yavatmal,2025-09-18,26.8,31.0,23.0,10.1,10.1,17.0,86,3.48,0.458,0.458,0.465,27.7,26.4,20.39324,78.13201,ERA5,Asia/Kolkata,Open-Meteo Historical Weather API
MH-Yavatmal,2025-09-19,27.1,31.6,23.2,11.6,11.6,17.0,84,4.28,0.456,0.455,0.463,28.4,27.0,20.39324,78.13201,ERA5,Asia/Kolkata,Open-Meteo Historical Weather API
MH-Yavatmal,2025-09-20,27.3,31.7,24.0,1.3,1.3,5.0,84,4.0,0.448,0.456,0.46,28.2,27.3,20.39324,78.13201,ERA5,Asia/Kolkata,Open-Meteo Historical Weather API
MH-Yavatmal,2025-09-21,26.9,31.0,24.4,9.8,9.8,13.0,84,3.87,0.445,0.447,0.454,27.8,27.3,20.39324,78.13201,ERA5,Asia/Kolkata,Open-Meteo Historical Weather API
MH-Yavatmal,2025-09-22,27.1,31.5,24.1,7.2,7.2,18.0,83,3.51,0.454,0.452,0.45,28.0,27.2,20.39324,78.13201,ERA5,Asia/Kolkata,Open-Meteo Historical Weather API
MH-Yavatmal,2025-09-23,27.2,32.5,23.6,2.5,2.5,8.0,82,4.43,0.439,0.446,0.446,27.9,27.2,20.39324,78.13201,ERA5,Asia/Kolkata,Open-Meteo Historical Weather API
MH-Yavatmal,2025-09-24,26.6,30.5,23.7,1.2,1.2,5.0,83,3.95,0.433,0.438,0.441,27.3,27.0,20.39324,78.13201,ERA5,Asia/Kolkata,Open-Meteo Historical Weather API
MH-Yavatmal,2025-09-25,25.1,26.5,24.2,24.4,24.4,21.0,87,1.66,0.445,0.444,0.438,25.6,26.3,20.39324,78.13201,ERA5,Asia/Kolkata,Open-Meteo Historical Weather API
MH-Yavatmal,2025-09-26,26.0,30.7,23.5,20.6,20.6,21.0,88,2.98,0.462,0.463,0.446,26.6,25.8,20.39324,78.13201,ERA5,Asia/Kolkata,Open-Meteo Historical Weather API
MH-Yavatmal,2025-09-27,24.8,26.7,23.6,50.5,50.5,23.0,94,1.14,0.465,0.467,0.465,25.6,25.9,20.39324,78.13201,ERA5,Asia/Kolkata,Open-Meteo Historical Weather API
MH-Yavatmal,2025-09-28,25.2,27.6,23.4,2.1,2.1,10.0,90,2.9,0.451,0.451,0.466,26.2,25.8,20.39324,78.13201,ERA5,Asia/Kolkata,Open-Meteo Historical Weather API
MH-Yavatmal,2025-09-29,25.9,29.4,22.9,0.1,0.1,1.0,81,3.24,0.433,0.438,0.46,26.3,25.9,20.39324,78.13201,ERA5,Asia/Kolkata,Open-Meteo Historical Weather API
MH-Yavatmal,2025-09-30,26.6,30.3,23.5,0.0,0.0,0.0,78,3.58,0.418,0.427,0.452,26.8,26.1,20.39324,78.13201,ERA5,Asia/Kolkata,Open-Meteo Historical Weather API
MH-Yavatmal,2025-10-01,26.7,31.1,22.7,0.7,0.7,6.0,79,4.01,0.407,0.417,0.444,26.9,26.1,20.39324,78.13201,ERA5,Asia/Kolkata,Open-Meteo Historical Weather API
MH-Yavatmal,2025-10-02,27.1,31.1,23.3,0.4,0.4,3.0,75,4.28,0.396,0.409,0.437,27.3,26.4,20.39324,78.13201,ERA5,Asia/Kolkata,Open-Meteo Historical Weather API
MH-Yavatmal,2025-10-03,27.0,31.2,24.5,2.5,2.5,6.0,79,4.02,0.392,0.401,0.431,27.4,26.8,20.39324,78.13201,ERA5,Asia/Kolkata,Open-Meteo Historical Weather API
MH-Yavatmal,2025-10-04,26.2,29.7,24.2,11.2,11.2,15.0,85,3.13,0.42,0.401,0.425,27.0,26.6,20.39324,78.13201,ERA5,Asia/Kolkata,Open-Meteo Historical Weather API
MH-Yavatmal,2025-10-05,26.2,29.6,23.5,8.0,8.0,14.0,84,2.93,0.437,0.417,0.421,26.8,26.3,20.39324,78.13201,ERA5,Asia/Kolkata,Open-Meteo Historical Weather API
MH-Yavatmal,2025-10-06,26.0,29.2,23.4,0.9,0.9,4.0,83,3.57,0.437,0.433,0.418,26.9,26.2,20.39324,78.13201,ERA5,Asia/Kolkata,Open-Meteo Historical Weather API
MH-Yavatmal,2025-10-07,26.5,30.9,22.5,0.5,0.5,4.0,76,4.21,0.42,0.425,0.415,27.1,26.4,20.39324,78.13201,ERA5,Asia/Kolkata,Open-Meteo Historical Weather API
MH-Yavatmal,2025-10-08,26.3,31.0,21.9,0.5,0.5,5.0,77,4.01,0.405,0.415,0.411,26.8,26.1,20.39324,78.13201,ERA5,Asia/Kolkata,Open-Meteo Historical Weather API
MH-Yavatmal,2025-10-09,26.4,31.2,22.7,0.0,0.0,0.0,64,5.02,0.389,0.404,0.406,26.8,26.1,20.39324,78.13201,ERA5,Asia/Kolkata,Open-Meteo Historical Weather API
MH-Yavatmal,2025-10-10,25.5,30.7,20.9,0.0,0.0,0.0,68,4.44,0.374,0.392,0.401,26.2,25.7,20.39324,78.13201,ERA5,Asia/Kolkata,Open-Meteo Historical Weather API
MH-Yavatmal,2025-10-11,25.6,30.8,21.8,0.0,0.0,0.0,69,4.2,0.36,0.38,0.4,26.0,25.7,20.39324,78.13201,ERA5,Asia/Kolkata,Open-Meteo Historical Weather API
MH-Yavatmal,2025-10-12,25.6,30.7,21.0,0.0,0.0,0.0,69,4.35,0.347,0.369,0.394,26.2,25.6,20.39324,78.13201,ERA5,Asia/Kolkata,Open-Meteo Historical Weather API
MH-Yavatmal,2025-10-13,25.5,31.3,19.6,0.0,0.0,0.0,71,4.48,0.334,0.36,0.39,25.9,25.5,20.39324,78.13201,ERA5,Asia/Kolkata,Open-Meteo Historical Weather API
MH-Yavatmal,2025-10-14,26.2,31.3,20.6,0.1,0.1,1.0,75,4.04,0.324,0.352,0.385,26.5,25.6,20.39324,78.13201,ERA5,Asia/Kolkata,Open-Meteo Historical Weather API
MH-Yavatmal,2025-10-15,27.2,31.7,23.4,0.9,0.9,5.0,76,3.97,0.319,0.343,0.38,27.6,26.2,20.39324,78.13201,ERA5,Asia/Kolkata,Open-Meteo Historical Weather API
MH-Yavatmal,2025-10-16,27.1,32.0,23.5,0.3,0.3,3.0,75,4.15,0.311,0.336,0.376,27.7,26.6,20.39324,78.13201,ERA5,Asia/Kolkata,Open-Meteo Historical Weather API
MH-Yavatmal,2025-10-17,26.7,31.5,22.5,0.1,0.1,1.0,76,3.95,0.301,0.329,0.372,27.4,26.6,20.39324,78.13201,ERA5,Asia/Kolkata,Open-Meteo Historical Weather API
MH-Yavatmal,2025-10-18,26.3,30.7,22.4,0.5,0.5,4.0,75,4.03,0.293,0.323,0.369,27.1,26.5,20.39324,78.13201,ERA5,Asia/Kolkata,Open-Meteo Historical Weather API
MH-Yavatmal,2025-10-19,25.9,31.1,21.7,0.0,0.0,0.0,73,4.19,0.284,0.317,0.365,26.7,26.4,20.39324,78.13201,ERA5,Asia/Kolkata,Open-Meteo Historical Weather API
MH-Yavatmal,2025-10-20,26.2,31.3,21.3,0.8,0.8,2.0,68,4.7,0.274,0.309,0.361,26.8,26.1,20.39324,78.13201,ERA5,Asia/Kolkata,Open-Meteo Historical Weather API
MH-Yavatmal,2025-10-21,26.3,30.8,22.6,5.2,5.2,9.0,82,3.58,0.292,0.303,0.357,27.4,26.5,20.39324,78.13201,ERA5,Asia/Kolkata,Open-Meteo Historical Weather API
MH-Yavatmal,2025-10-22,27.2,32.0,23.4,0.2,0.2,2.0,73,4.3,0.311,0.3,0.354,27.7,26.7,20.39324,78.13201,ERA5,Asia/Kolkata,Open-Meteo Historical Weather API
MH-Yavatmal,2025-10-23,27.5,32.1,23.5,0.3,0.3,2.0,71,4.27,0.293,0.295,0.349,28.0,27.0,20.39324,78.13201,ERA5,Asia/Kolkata,Open-Meteo Historical Weather API
MH-Yavatmal,2025-10-24,26.4,31.2,23.5,7.8,7.8,13.0,78,3.56,0.297,0.29,0.346,27.6,27.1,20.39324,78.13201,ERA5,Asia/Kolkata,Open-Meteo Historical Weather API
MH-Yavatmal,2025-10-25,24.2,25.9,22.2,19.5,19.5,24.0,89,1.33,0.375,0.306,0.345,25.7,26.2,20.39324,78.13201,ERA5,Asia/Kolkata,Open-Meteo Historical Weather API
MH-Yavatmal,2025-10-26,24.9,28.9,22.3,6.2,6.2,18.0,87,2.42,0.423,0.355,0.346,25.8,25.6,20.39324,78.13201,ERA5,Asia/Kolkata,Open-Meteo Historical Weather API
MH-Yavatmal,2025-10-27,25.5,30.2,22.3,1.3,1.3,10.0,82,3.55,0.405,0.364,0.347,26.4,25.9,20.39324,78.13201,ERA5,Asia/Kolkata,Open-Meteo Historical Weather API
MH-Yavatmal,2025-10-28,26.0,30.1,23.9,4.0,4.0,16.0,81,3.3,0.393,0.362,0.347,26.5,26.1,20.39324,78.13201,ERA5,Asia/Kolkata,Open-Meteo Historical Weather API
MH-Yavatmal,2025-10-29,25.3,27.7,23.8,14.2,14.2,16.0,84,2.27,0.403,0.365,0.348,25.8,25.8,20.39324,78.13201,ERA5,Asia/Kolkata,Open-Meteo Historical Weather API
MH-Yavatmal,2025-10-30,24.5,27.1,22.8,16.8,16.8,19.0,92,1.74,0.444,0.405,0.351,25.4,25.5,20.39324,78.13201,ERA5,Asia/Kolkata,Open-Meteo Historical Weather API
MH-Yavatmal,2025-10-31,25.2,29.6,22.5,1.2,1.2,6.0,86,2.8,0.433,0.414,0.356,25.7,25.4,20.39324,78.13201,ERA5,Asia/Kolkata,Open-Meteo Historical Weather API
MH-Yavatmal,2025-11-01,26.1,30.9,21.2,1.4,1.4,9.0,82,3.27,0.414,0.405,0.357,26.5,25.6,20.39324,78.13201,ERA5,Asia/Kolkata,Open-Meteo Historical Weather API
MH-Yavatmal,2025-11-02,26.2,30.2,23.7,0.6,0.6,5.0,83,3.09,0.403,0.398,0.357,26.9,26.2,20.39324,78.13201,ERA5,Asia/Kolkata,Open-Meteo Historical Weather API
MH-Yavatmal,2025-11-03,26.4,30.7,22.9,1.0,1.0,6.0,80,3.38,0.391,0.389,0.356,26.9,26.2,20.39324,78.13201,ERA5,Asia/Kolkata,Open-Meteo Historical Weather API
MH-Yavatmal,2025-11-04,26.2,30.6,23.3,0.4,0.4,3.0,75,3.71,0.38,0.381,0.354,26.8,26.1,20.39324,78.13201,ERA5,Asia/Kolkata,Open-Meteo Historical Weather API
MH-Yavatmal,2025-11-05,25.0,30.7,20.8,0.0,0.0,0.0,72,3.81,0.365,0.372,0.352,25.8,25.6,20.39324,78.13201,ERA5,Asia/Kolkata,Open-Meteo Historical Weather API
MH-Yavatmal,2025-11-06,24.2,30.1,19.6,0.0,0.0,0.0,70,3.79,0.351,0.363,0.35,25.1,25.1,20.39324,78.13201,ERA5,Asia/Kolkata,Open-Meteo Historical Weather API
MH-Yavatmal,2025-11-07,22.9,30.1,17.1,0.0,0.0,0.0,57,4.3,0.338,0.355,0.348,24.0,24.5,20.39324,78.13201,ERA5,Asia/Kolkata,Open-Meteo Historical Weather API
MH-Yavatmal,2025-11-08,22.2,29.3,16.5,0.0,0.0,0.0,63,3.96,0.325,0.345,0.345,23.5,23.9,20.39324,78.13201,ERA5,Asia/Kolkata,Open-Meteo Historical Weather API
MH-Yavatmal,2025-11-09,21.1,28.3,15.2,0.0,0.0,0.0,63,3.93,0.313,0.336,0.341,22.6,23.4,20.39324,78.13201,ERA5,Asia/Kolkata,Open-Meteo Historical Weather API
MH-Yavatmal,2025-11-10,20.6,28.2,14.7,0.0,0.0,0.0,62,3.84,0.302,0.327,0.338,21.5,22.7,20.39324,78.13201,ERA5,Asia/Kolkata,Open-Meteo Historical Weather API
MH-Yavatmal,2025-11-11,20.5,28.1,14.1,0.0,0.0,0.0,63,3.97,0.291,0.318,0.335,21.2,22.1,20.39324,78.13201,ERA5,Asia/Kolkata,Open-Meteo Historical Weather API
MH-Yavatmal,2025-11-12,20.7,28.3,13.0,0.0,0.0,0.0,61,3.92,0.281,0.311,0.332,21.2,21.9,20.39324,78.13201,ERA5,Asia/Kolkata,Open-Meteo Historical Weather API
MH-Yavatmal,2025-11-13,20.1,27.9,13.3,0.0,0.0,0.0,63,4.1,0.274,0.306,0.331,20.8,21.6,20.39324,78.13201,ERA5,Asia/Kolkata,Open-Meteo Historical Weather API
MH-Yavatmal,2025-11-14,19.2,27.7,12.1,0.0,0.0,0.0,60,4.16,0.267,0.301,0.33,20.2,21.0,20.39324,78.13201,ERA5,Asia/Kolkata,Open-Meteo Historical Weather API
MH-Yavatmal,2025-11-15,19.7,27.8,13.5,0.0,0.0,0.0,61,4.02,0.26,0.296,0.328,20.4,20.9,20.39324,78.13201,ERA5,Asia/Kolkata,Open-Meteo Historical Weather API
MH-Yavatmal,2025-11-16,19.2,27.2,12.5,0.0,0.0,0.0,58,4.14,0.254,0.292,0.327,19.9,20.8,20.39324,78.13201,ERA5,Asia/Kolkata,Open-Meteo Historical Weather API
MH-Yavatmal,2025-11-17,18.5,26.5,12.3,0.0,0.0,0.0,59,4.02,0.247,0.286,0.324,19.6,20.4,20.39324,78.13201,ERA5,Asia/Kolkata,Open-Meteo Historical Weather API
MH-Yavatmal,2025-11-18,19.2,26.8,12.8,0.0,0.0,0.0,61,3.82,0.242,0.282,0.323,19.4,20.3,20.39324,78.13201,ERA5,Asia/Kolkata,Open-Meteo Historical Weather API
MH-Yavatmal,2025-11-19,19.3,27.1,12.8,0.0,0.0,0.0,65,3.73,0.239,0.279,0.323,19.5,20.3,20.39324,78.13201,ERA5,Asia/Kolkata,Open-Meteo Historical Weather API
MH-Yavatmal,2025-11-20,20.0,27.7,14.6,0.0,0.0,0.0,64,3.8,0.236,0.278,0.322,20.0,20.4,20.39324,78.13201,ERA5,Asia/Kolkata,Open-Meteo Historical Weather API
MH-Yavatmal,2025-11-21,21.2,28.3,15.9,0.0,0.0,0.0,64,3.63,0.234,0.276,0.322,20.8,20.8,20.39324,78.13201,ERA5,Asia/Kolkata,Open-Meteo Historical Weather API
MH-Yavatmal,2025-11-22,22.0,29.1,16.0,0.0,0.0,0.0,63,3.53,0.232,0.275,0.323,21.0,21.0,20.39324,78.13201,ERA5,Asia/Kolkata,Open-Meteo Historical Weather API
MH-Yavatmal,2025-11-23,22.2,29.6,15.8,0.0,0.0,0.0,67,3.68,0.231,0.275,0.325,21.9,21.5,20.39324,78.13201,ERA5,Asia/Kolkata,Open-Meteo Historical Weather API
MH-Yavatmal,2025-11-24,23.4,29.9,18.3,0.0,0.0,0.0,66,3.81,0.229,0.273,0.325,23.3,22.5,20.39324,78.13201,ERA5,Asia/Kolkata,Open-Meteo Historical Weather API
MH-Yavatmal,2025-11-25,23.1,29.6,18.0,0.0,0.0,0.0,69,3.75,0.226,0.271,0.324,23.7,23.1,20.39324,78.13201,ERA5,Asia/Kolkata,Open-Meteo Historical Weather API
MH-Yavatmal,2025-11-26,23.2,28.9,18.4,0.0,0.0,0.0,69,3.52,0.225,0.271,0.325,23.7,23.2,20.39324,78.13201,ERA5,Asia/Kolkata,Open-Meteo Historical Weather API
MH-Yavatmal,2025-11-27,22.6,28.2,18.1,0.0,0.0,0.0,72,3.39,0.225,0.272,0.327,23.6,23.3,20.39324,78.13201,ERA5,Asia/Kolkata,Open-Meteo Historical Weather API
MH-Yavatmal,2025-11-28,20.8,27.1,16.2,0.0,0.0,0.0,57,4.05,0.224,0.273,0.328,22.3,22.7,20.39324,78.13201,ERA5,Asia/Kolkata,Open-Meteo Historical Weather API
MH-Yavatmal,2025-11-29,19.0,26.5,13.0,0.0,0.0,0.0,62,3.78,0.223,0.272,0.329,20.3,21.3,20.39324,78.13201,ERA5,Asia/Kolkata,Open-Meteo Historical Weather API
MH-Yavatmal,2025-11-30,19.2,26.5,12.4,0.0,0.0,0.0,64,3.56,0.22,0.27,0.328,20.1,20.9,20.39324,78.13201,ERA5,Asia/Kolkata,Open-Meteo Historical Weather API
MH-Yavatmal,2025-12-01,19.7,27.2,13.2,0.0,0.0,0.0,64,3.68,0.219,0.269,0.328,20.5,20.8,20.39324,78.13201,ERA5,Asia/Kolkata,Open-Meteo Historical Weather API
MH-Yavatmal,2025-12-02,20.0,27.1,14.0,0.0,0.0,0.0,66,3.52,0.219,0.268,0.328,20.3,20.7,20.39324,78.13201,ERA5,Asia/Kolkata,Open-Meteo Historical Weather API
MH-Yavatmal,2025-12-03,20.0,26.8,14.2,0.0,0.0,0.0,64,3.72,0.218,0.267,0.328,20.4,20.7,20.39324,78.13201,ERA5,Asia/Kolkata,Open-Meteo Historical Weather API
MH-Yavatmal,2025-12-04,19.7,27.0,14.2,0.0,0.0,0.0,62,3.84,0.215,0.265,0.327,20.6,20.8,20.39324,78.13201,ERA5,Asia/Kolkata,Open-Meteo Historical Weather API
MH-Yavatmal,2025-12-05,19.4,26.9,13.7,0.0,0.0,0.0,61,3.86,0.212,0.262,0.325,20.3,20.7,20.39324,78.13201,ERA5,Asia/Kolkata,Open-Meteo Historical Weather API
MH-Yavatmal,2025-12-06,18.2,26.3,11.9,0.0,0.0,0.0,59,3.61,0.212,0.263,0.326,19.3,20.3,20.39324,78.13201,ERA5,Asia/Kolkata,Open-Meteo Historical Weather API
MH-Yavatmal,2025-12-07,18.2,27.5,10.1,0.0,0.0,0.0,57,3.85,0.214,0.263,0.327,18.6,19.7,20.39324,78.13201,ERA5,Asia/Kolkata,Open-Meteo Historical Weather API
MH-Yavatmal,2025-12-08,19.1,28.2,10.5,0.0,0.0,0.0,51,3.92,0.215,0.264,0.328,18.3,19.4,20.39324,78.13201,ERA5,Asia/Kolkata,Open-Meteo Historical Weather API
MH-Yavatmal,2025-12-09,18.4,28.9,10.2,0.0,0.0,0.0,54,4.26,0.213,0.262,0.327,18.3,19.2,20.39324,78.13201,ERA5,Asia/Kolkata,Open-Meteo Historical Weather API
MH-Yavatmal,2025-12-10,18.9,28.2,10.9,0.0,0.0,0.0,50,4.02,0.211,0.259,0.325,18.4,19.1,20.39324,78.13201,ERA5,Asia/Kolkata,Open-Meteo Historical Weather API
MH-Yavatmal,2025-12-11,18.3,27.5,9.2,0.0,0.0,0.0,54,3.61,0.21,0.259,0.326,17.7,18.9,20.39324,78.13201,ERA5,Asia/Kolkata,Open-Meteo Historical Weather API
MH-Yavatmal,2025-12-12,19.1,28.0,10.4,0.0,0.0,0.0,58,3.45,0.211,0.261,0.328,18.2,18.8,20.39324,78.13201,ERA5,Asia/Kolkata,Open-Meteo Historical Weather API
MH-Yavatmal,2025-12-13,19.5,27.8,11.0,0.0,0.0,0.0,58,3.56,0.211,0.261,0.328,18.5,19.1,20.39324,78.13201,ERA5,Asia/Kolkata,Open-Meteo Historical Weather API
MH-Yavatmal,2025-12-14,18.8,27.6,11.2,0.0,0.0,0.0,58,3.7,0.209,0.259,0.327,18.9,19.3,20.39324,78.13201,ERA5,Asia/Kolkata,Open-Meteo Historical Weather API
MH-Yavatmal,2025-12-15,18.3,27.0,11.0,0.0,0.0,0.0,61,3.6,0.208,0.258,0.327,18.6,19.3,20.39324,78.13201,ERA5,Asia/Kolkata,Open-Meteo Historical Weather API
MH-Yavatmal,2025-12-16,18.2,26.8,10.4,0.0,0.0,0.0,65,3.52,0.208,0.259,0.328,18.6,19.2,20.39324,78.13201,ERA5,Asia/Kolkata,Open-Meteo Historical Weather API
MH-Yavatmal,2025-12-17,19.2,27.8,11.3,0.0,0.0,0.0,64,3.41,0.209,0.259,0.328,18.6,19.1,20.39324,78.13201,ERA5,Asia/Kolkata,Open-Meteo Historical Weather API
MH-Yavatmal,2025-12-18,18.7,28.8,11.0,0.0,0.0,0.0,63,3.63,0.208,0.258,0.327,18.8,19.1,20.39324,78.13201,ERA5,Asia/Kolkata,Open-Meteo Historical Weather API
MH-Yavatmal,2025-12-19,19.2,27.6,11.1,0.0,0.0,0.0,56,3.54,0.207,0.256,0.326,18.8,19.1,20.39324,78.13201,ERA5,Asia/Kolkata,Open-Meteo Historical Weather API
MH-Yavatmal,2025-12-20,17.7,26.9,10.4,0.0,0.0,0.0,57,3.85,0.205,0.253,0.324,18.3,18.9,20.39324,78.13201,ERA5,Asia/Kolkata,Open-Meteo Historical Weather API
MH-Yavatmal,2025-12-21,18.4,26.4,9.4,0.0,0.0,0.0,55,3.37,0.204,0.251,0.323,17.9,18.5,20.39324,78.13201,ERA5,Asia/Kolkata,Open-Meteo Historical Weather API
MH-Yavatmal,2025-12-22,18.8,26.8,10.5,0.0,0.0,0.0,59,3.41,0.204,0.251,0.323,18.3,18.6,20.39324,78.13201,ERA5,Asia/Kolkata,Open-Meteo Historical Weather API
MH-Yavatmal,2025-12-23,18.7,27.7,10.4,0.0,0.0,0.0,61,3.71,0.205,0.252,0.323,18.7,18.8,20.39324,78.13201,ERA5,Asia/Kolkata,Open-Meteo Historical Weather API
MH-Yavatmal,2025-12-24,18.7,27.2,11.8,0.0,0.0,0.0,60,3.61,0.206,0.253,0.324,18.8,18.9,20.39324,78.13201,ERA5,Asia/Kolkata,Open-Meteo Historical Weather API
MH-Yavatmal,2025-12-25,19.5,26.9,11.4,0.0,0.0,0.0,59,3.35,0.207,0.252,0.323,18.9,18.9,20.39324,78.13201,ERA5,Asia/Kolkata,Open-Meteo Historical Weather API
MH-Yavatmal,2025-12-26,19.3,26.1,12.9,0.0,0.0,0.0,62,3.32,0.208,0.253,0.324,18.9,18.9,20.39324,78.13201,ERA5,Asia/Kolkata,Open-Meteo Historical Weather API
MH-Yavatmal,2025-12-27,19.0,26.0,12.1,0.0,0.0,0.0,64,3.32,0.208,0.253,0.324,19.0,19.1,20.39324,78.13201,ERA5,Asia/Kolkata,Open-Meteo Historical Weather API
MH-Yavatmal,2025-12-28,18.9,26.0,12.1,0.0,0.0,0.0,60,3.27,0.208,0.253,0.324,18.7,19.0,20.39324,78.13201,ERA5,Asia/Kolkata,Open-Meteo Historical Weather API
MH-Yavatmal,2025-12-29,19.0,27.0,11.4,0.0,0.0,0.0,56,3.33,0.208,0.253,0.324,18.4,18.8,20.39324,78.13201,ERA5,Asia/Kolkata,Open-Meteo Historical Weather API
MH-Yavatmal,2025-12-30,18.9,27.1,12.0,0.0,0.0,0.0,55,3.25,0.207,0.253,0.323,18.2,18.6,20.39324,78.13201,ERA5,Asia/Kolkata,Open-Meteo Historical Weather API
MH-Yavatmal,2025-12-31,19.2,26.9,13.0,0.0,0.0,0.0,59,3.46,0.207,0.253,0.323,18.6,18.7,20.39324,78.13201,ERA5,Asia/Kolkata,Open-Meteo Historical Weather API
