tree
version=v4
num_class=4
num_tree_per_iteration=4
label_index=0
max_feature_idx=9
objective=multiclass num_class:4
feature_names=stress_class_now_id NDVI_mean ndvi_anomaly_z vci ndvi_delta rain_anomaly_pct rain_30d_mm soil_moisture_0_7cm soil_moisture_anomaly_z doy_bin
feature_infos=[0:3] [0.1322238589861445:0.83693071483080539] [-9.2361760305723255:5.9956345136208968] [0:1] [-0.28357189564467028:0.51167366463078157] [-100:1735.7142857142858] [0:741.10000000000002] [0.056812499999999898:0.50487499999999996] [-7.8929975114644426:25.386344469210439] [1:22]
tree_sizes=850 852 854 852 875 879 867 878 874 877 875 875 882 879 884 877 880 880 879 876 883 884 878 880 883 882 877 883 883 878 878 874 879 882 884 876 881 880 883 880 884 880 881 882 880 883 879 877 879 887 888 883 881 882 882 878 879 877 886 873 889 882 892 876 883 884 884 875 884 886 867 879 876 881 877 879 877 884 880 873 880 881 884 878 878 887 885 881 883 883 881 878 885 882 881 885 880 887 883 875 883 886 885 881 884 883 882 881 889 889 883 881 883 889 882 878 884 887 885 874 882 885 883 874 884 886 885 877 890 888 881 872 884 883 886 881 886 881 881 876 883 887 885 881 888 882 885 879 888 889 888 876 888 880 888 878 882 886 884 883 892 888 888 884 884 885 878 882 887 889 887 878 890 885 887 882 882 886 888 880 893 888 881 881 888 883 878 883 888 891 884 879 882 889 880 881 889 890 879 888 887 886 887 880 885 881 875 876 884 891 884 875 881 882 888 879 887 883 887 880 891 889 881 882 887 886 881 885 890 884 883 878 885 780 882 884 886 888 889 883 887 885 882 881 894 891 888 882 883 889 889 891 884 887 888 885 895 885 878 881 886 777 886 880 886 882 885 884 889 887 883 885 885 892 881 883 889 887 885 880 892 893 880 888 892 888 894 887 891 892 887 883 886 883 879 883 887 886 887 884 887 886 884 881 886 893 886 882 886 882 882 888 891 893 884 867 879 882 881 892 889 882 877 894 883 885 879 894 894 888 884 882 881 884 881 885 890 886 891 889 885 885 885 896 886 885 881 890 894 885 893 878 892 888 881 891 891 782 888 885 882 881 880 884 890 883 883 886 893 784 893 890 879 893 885 888 892 884 889 891 889 883 888 890 893 888 883 885 886 886 887 887 887 884 887 889 895 885 893 887

Tree=0
num_leaves=7
num_cat=0
split_feature=0 2 5 5 8 5
split_gain=342.405 68.9515 18.6 12.7867 12.1641 10.1158
threshold=1.0000000180025095e-35 0.76663203994953821 -22.448669290530628 46.061258135425113 1.5005622548104107 13.205149372677505
decision_type=2 2 2 2 2 2
left_child=1 4 -2 5 -1 -3
right_child=2 3 -4 -5 -6 -7
leaf_value=-1.3563558534572102 -1.4276005523776247 -1.2837544902378333 -1.4005917105106127 -1.2456577177373509 -1.2713198619178525 -1.3411173404325738
leaf_weight=87.916923336684704 189.25360034406185 31.896598123013973 96.119068518280983 16.521741613745689 4.4167444929480544 10.1253280416131
leaf_count=444 478 227 371 136 33 56
internal_value=-1.38629 -1.32537 -1.4185 -1.28292 -1.35229 -1.29758
internal_weight=436.25 150.877 285.373 58.5437 92.3337 42.0219
internal_count=1745 896 849 419 477 283
is_linear=0
shrinkage=1


Tree=1
num_leaves=7
num_cat=0
split_feature=0 3 3 6 9 6
split_gain=80.9118 29.1325 34.5124 20.7163 13.6626 4.82328
threshold=2.5000000000000004 0.73786649672900939 0.33199505526293843 94.250000000000014 11.500000000000002 82.350000000000009
decision_type=2 2 2 2 2 2
left_child=1 2 3 -1 -4 -3
right_child=-2 5 4 -5 -6 -7
leaf_value=-1.4083109450485916 -1.426681876552147 -1.4178958681099507 -1.3372844744453631 -1.36021927727046 -1.3657500354393648 -1.3908519472821026
leaf_weight=63.574619874358177 96.561253003776073 33.632919996976852 70.310530237853527 34.56948684155941 105.26054435223341 32.340650163590908
leaf_count=183 202 242 299 124 487 208
internal_value=-1.38629 -1.37481 -1.36762 -1.39137 -1.35435 -1.40464
internal_weight=436.25 339.689 273.715 98.1441 175.571 65.9736
internal_count=1745 1543 1093 307 786 450
is_linear=0
shrinkage=1


Tree=2
num_leaves=7
num_cat=0
split_feature=2 0 3 7 8 4
split_gain=43.1254 34.4827 46.7435 15.7509 11.632 19.5287
threshold=0.72601744061853501 2.5000000000000004 0.28550551194584906 0.080406249999999915 -0.68980244950596703 0.010966177475203851
decision_type=2 2 2 2 2 2
left_child=1 2 -1 -4 -3 -6
right_child=-2 4 3 -5 5 -7
leaf_value=-1.3374638282345679 -1.4243590426684987 -1.4192556342717484 -1.3222778672581277 -1.3867162249851248 -1.4058533170676364 -1.3246187824433935
leaf_weight=76.127595953643322 63.567204184830189 59.370247468352318 9.9813922271132451 190.01255910098553 27.000385917723179 10.190619617700575
leaf_count=241 448 118 33 821 54 30
internal_value=-1.38629 -1.3798 -1.37081 -1.3835 -1.40552 -1.38359
internal_weight=436.25 372.683 276.122 199.994 96.5613 37.191
internal_count=1745 1297 1095 854 202 84
is_linear=0
shrinkage=1


Tree=3
num_leaves=7
num_cat=0
split_feature=0 3 5 2 6 3
split_gain=567.239 48.6769 61.3248 26.9816 24.854 20.3905
threshold=2.5000000000000004 0.39503056859112923 -31.327347074664214 -1.095339844944027 20.600000000000012 0.095229855970648661
decision_type=2 2 2 2 2 2
left_child=1 2 3 -1 -2 -6
right_child=4 -3 -4 -5 5 -7
leaf_value=-1.2836370847216476 -1.263339173565436 -1.4318554310291824 -1.4215663199858355 -1.3704031482205943 -1.2876099089017714 -1.3775431795032422
leaf_weight=11.280429661273955 69.032187171280384 206.90224192291498 77.948427639901638 43.557652242481709 17.758822754025463 9.7702430784702283
leaf_count=23 136 1116 279 125 38 28
internal_value=-1.38629 -1.41669 -1.39307 -1.35255 -1.27936 -1.31953
internal_weight=436.25 339.689 132.787 54.8381 96.5613 27.5291
internal_count=1745 1543 427 148 202 66
is_linear=0
shrinkage=1


Tree=4
num_leaves=7
num_cat=0
split_feature=3 2 3 8 5 8
split_gain=316.186 39.318 26.3836 13.7148 13.4606 11.0381
threshold=0.54390658744545439 0.76663203994953821 0.38159694981431508 0.2969346701441094 -39.324326929235305 1.3550162478978491
decision_type=2 2 2 2 2 2
left_child=2 4 -1 -4 -2 -6
right_child=1 -3 3 -5 5 -7
leaf_value=-0.038120094616462423 0.077505192046784618 0.091786057172306035 -0.017868493062874545 0.027943197865952753 0.021341301006672666 0.10540896361049788
leaf_weight=218.28394824266434 17.079233035445213 62.03232703357935 55.161760203540325 23.211861409246922 55.950463891029358 4.1975251510739318
leaf_count=605 109 416 203 115 267 30
internal_value=-9.41517e-06 0.0621426 -0.0291853 -0.00430048 0.0383316 0.0272081
internal_weight=435.917 139.26 296.658 78.3736 77.2272 60.148
internal_count=1745 822 923 318 406 297
is_linear=0
shrinkage=0.05


Tree=5
num_leaves=7
num_cat=0
split_feature=0 3 3 6 4 6
split_gain=74.2082 26.153 30.1973 18.939 15.1694 4.81711
threshold=2.5000000000000004 0.73786649672900939 0.33199505526293843 94.250000000000014 0.12976596548027938 45.850000000000001
decision_type=2 2 2 2 2 2
left_child=1 2 3 -1 -4 -2
right_child=5 -3 4 -5 -6 -7
leaf_value=-0.021284993086181463 -0.045126309800440224 -0.017672034159146428 0.034480898781109631 0.024595232971063859 -0.014722337062091188 -0.016987870878934351
leaf_weight=62.692391999065876 74.624620862305164 65.184329584240913 161.90515581518412 35.07852029800415 17.342591263353825 19.103596761822701
leaf_count=183 156 450 705 124 81 46
internal_value=2.67615e-05 0.0108232 0.0175283 -0.00482396 0.0297204 -0.0393912
internal_weight=435.931 342.203 277.019 97.7709 179.248 93.7282
internal_count=1745 1543 1093 307 786 202
is_linear=0
shrinkage=0.05


Tree=6
num_leaves=7
num_cat=0
split_feature=2 0 2 7 1 1
split_gain=39.6701 30.7469 34.7478 30.4401 14.8909 11.5251
threshold=0.72601744061853501 2.5000000000000004 -0.10545654804546413 0.1300625 0.75952744626424307 0.24838879698366559
decision_type=2 2 2 2 2 2
left_child=1 2 3 -1 -4 -3
right_child=-2 5 4 -5 -6 -7
leaf_value=0.088651376864069556 -0.037071381609929246 0.011921340305143281 -0.01353037457319761 0.020969785778706698 0.059613259040710409 -0.028388263282503795
leaf_weight=18.593388244509697 61.830829881131649 23.579533226788044 96.955162145197392 155.9653348326683 7.4963853657245627 71.509288094937801
leaf_count=52 448 53 481 534 28 149
internal_value=2.9487e-05 0.00616149 0.0145297 0.028179 -0.00828093 -0.0183925
internal_weight=435.93 374.099 279.01 174.559 104.452 95.0888
internal_count=1745 1297 1095 586 509 202
is_linear=0
shrinkage=0.05


Tree=7
num_leaves=7
num_cat=0
split_feature=3 5 2 2 1 3
split_gain=343.196 228.297 37.7779 20.3804 14.437 7.22469
threshold=0.33199505526293843 -28.89375384433583 -0.529715556627533 -1.6435202251082124 0.16522738954623797 0.39503056859112923
decision_type=2 2 2 2 2 2
left_child=1 2 3 -1 -3 -2
right_child=5 4 -4 -5 -6 -7
leaf_value=0.11352497335600178 -0.019908403866188529 0.076605575763326952 -0.0027542347742191917 0.073358277171510194 -0.041155428246098504 -0.044689499138483024
leaf_weight=53.38726969063282 34.464812286198139 2.7310399189591399 12.050845593214033 77.315837144851685 55.357261158525944 200.59727335721254
leaf_count=95 120 7 37 170 200 1116
internal_value=-4.68356e-05 0.0479496 0.0819547 0.0897649 -0.0356189 -0.0410561
internal_weight=435.904 200.842 142.754 130.703 58.0883 235.062
internal_count=1745 509 302 265 207 1236
is_linear=0
shrinkage=0.05


Tree=8
num_leaves=7
num_cat=0
split_feature=0 2 5 5 8 5
split_gain=271.921 44.206 17.2895 9.47423 9.19822 7.96688
threshold=1.0000000180025095e-35 0.76663203994953821 -22.448669290530628 46.061258135425113 1.5005622548104107 13.205149372677505
decision_type=2 2 2 2 2 2
left_child=1 4 -2 5 -1 -3
right_child=2 3 -4 -5 -6 -7
leaf_value=0.026160935714302381 -0.03955786813390165 0.082422425995444026 -0.013095500056817061 0.1129207486558727 0.096702680489748241 0.033949888630818228
leaf_weight=91.113681025803089 179.0580155774951 35.763969957828522 94.197744525969028 18.833278328180313 4.8680648207664481 11.110284119844435
leaf_count=444 478 227 371 136 33 56
internal_value=-2.46742e-05 0.0513701 -0.0304357 0.0829679 0.0297387 0.0709333
internal_weight=434.945 161.689 273.256 65.7075 95.9817 46.8743
internal_count=1745 896 849 419 477 283
is_linear=0
shrinkage=0.05


Tree=9
num_leaves=7
num_cat=0
split_feature=0 3 3 6 4 6
split_gain=68.1229 23.3676 26.8647 16.9179 13.6942 4.74693
threshold=2.5000000000000004 0.73786649672900939 0.33199505526293843 94.250000000000014 0.12976596548027938 45.850000000000001
decision_type=2 2 2 2 2 2
left_child=1 2 3 -1 -4 -2
right_child=5 -3 4 -5 -6 -7
leaf_value=-0.02054994821309853 -0.044261881260131669 -0.016946622966713343 0.032223646024261303 0.022663778211840669 -0.014542774220334717 -0.016038266435779602
leaf_weight=61.798185542225838 72.143057875335217 64.339022681117058 165.18843002617359 35.751197040081024 17.291996337473392 18.775168292224407
leaf_count=183 156 450 705 124 81 46
internal_value=6.24182e-05 0.0102259 0.016469 -0.00471241 0.027792 -0.0384335
internal_weight=435.287 344.369 280.03 97.5494 182.48 90.9182
internal_count=1745 1543 1093 307 786 202
is_linear=0
shrinkage=0.05


Tree=10
num_leaves=7
num_cat=0
split_feature=3 0 3 7 6 9
split_gain=33.3906 46.2933 21.7389 14.374 13.517 12.1661
threshold=0.46617411175415263 2.5000000000000004 0.21273253814566437 0.092656249999999954 0.10000000000000712 13.500000000000002
decision_type=2 2 2 2 2 2
left_child=1 2 4 -4 -1 -2
right_child=5 -3 3 -5 -6 -7
leaf_value=-0.051009028210285169 -0.03213896040125027 -0.017552041106471874 0.05711994078824404 0.0090440235842227865 0.062739400870800877 -0.0049169882727062401
leaf_weight=2.7823160588741294 77.215608917176723 93.619670853018761 18.01580261439085 113.48480559140444 42.599954098463058 87.618045352399349
leaf_count=5 467 202 50 394 134 493
internal_value=7.01311e-05 0.0108797 0.0259279 0.0156305 0.0557657 -0.017669
internal_weight=435.336 270.503 176.883 131.501 45.3823 164.834
internal_count=1745 785 583 444 139 960
is_linear=0
shrinkage=0.05


Tree=11
num_leaves=7
num_cat=0
split_feature=0 3 5 6 3 6
split_gain=425.783 44.1776 53.7703 17.5851 15.4231 12.4277
threshold=2.5000000000000004 0.39503056859112923 -23.3551680988223 20.600000000000012 0.095229855970648661 78.600000000000009
decision_type=2 2 2 2 2 2
left_child=1 2 5 -2 -5 -1
right_child=3 -3 -4 4 -6 -7
leaf_value=0.033921452347116361 0.098087472453269653 -0.043848083380803121 -0.03989719588347538 0.078965204256161214 0.003746963693121295 -0.021592902399164431
leaf_weight=56.84324799478054 78.414632529020309 194.20388669520617 62.608014285564423 19.913600027561191 10.360741563141344 12.254841506481169
leaf_count=143 136 1116 241 38 28 43
internal_value=-0.000108073 -0.0286882 -0.00633453 0.085591 0.0532234 0.0240757
internal_weight=434.599 325.91 131.706 108.689 30.2743 69.0981
internal_count=1745 1543 427 202 66 186
is_linear=0
shrinkage=0.05


Tree=12
num_leaves=7
num_cat=0
split_feature=3 2 3 5 7 5
split_gain=251.346 26.0721 24.0466 11.3933 9.29156 8.20073
threshold=0.54390658744545439 0.76663203994953821 0.38159694981431508 -39.324326929235305 0.28481250000000008 3.6438171530137864
decision_type=2 2 2 2 2 2
left_child=2 3 5 -2 -4 -1
right_child=1 -3 4 -5 -6 -7
leaf_value=-0.04076786570676396 0.068359095361772079 0.075514526925783212 -0.020823518371363078 0.023319862994747163 0.013748116206265679 -0.01363667023176543
leaf_weight=173.98961355537176 18.120340347290039 67.967016026377678 39.507441833615303 62.377047292888165 38.253507375717163 33.160065546631813
leaf_count=473 109 416 143 297 175 132
internal_value=-3.76972e-05 0.0527117 -0.0275249 0.0334584 -0.00381644 -0.0364248
internal_weight=433.375 148.464 284.911 80.4974 77.7609 207.15
internal_count=1745 822 923 406 318 605
is_linear=0
shrinkage=0.05


Tree=13
num_leaves=7
num_cat=0
split_feature=0 3 3 6 4 6
split_gain=62.5435 20.7331 23.5287 15.5426 12.3637 4.642
threshold=2.5000000000000004 0.73786649672900939 0.33199505526293843 108.90000000000002 0.12976596548027938 82.350000000000009
decision_type=2 2 2 2 2 2
left_child=1 2 3 -1 -4 -3
right_child=-2 5 4 -5 -6 -7
leaf_value=-0.018886309165050543 -0.03750805004341206 -0.029557922238044345 0.030029178506301758 0.023278078326065293 -0.014410971360389643 -0.0025024753365005207
leaf_weight=63.927706442773342 88.112751886248589 32.02313756942749 168.41762306541204 33.210277363657951 17.254247143864632 31.398543521761894
leaf_count=192 202 242 705 115 81 208
internal_value=0.000102353 0.00967386 0.015468 -0.00447083 0.0258994 -0.0161634
internal_weight=434.344 346.232 282.81 97.138 185.672 63.4217
internal_count=1745 1543 1093 307 786 450
is_linear=0
shrinkage=0.05


Tree=14
num_leaves=7
num_cat=0
split_feature=2 0 3 7 4 8
split_gain=34.5485 24.5169 33.5619 14.4656 12.5095 11.2488
threshold=0.72601744061853501 2.5000000000000004 0.40994030035224704 0.11665624999999996 0.15167904221620557 -0.68980244950596703
decision_type=2 2 2 2 2 2
left_child=1 2 3 -1 -4 -3
right_child=-2 5 4 -5 -6 -7
leaf_value=0.067038855786111393 -0.035469279823622489 -0.030698108609972435 -0.0095364199864900329 0.022825642695586019 0.050134950500847444 0.0051040278055285793
leaf_weight=21.604717008769512 58.935010828077793 56.108525417745113 123.62018989771605 128.73670578747988 9.4548372626304609 36.026767618954182
leaf_count=57 448 118 592 406 40 84
internal_value=0.0001221 0.00570742 0.0129914 0.0291793 -0.00529683 -0.0166987
internal_weight=434.487 375.552 283.416 150.341 133.075 92.1353
internal_count=1745 1297 1095 463 632 202
is_linear=0
shrinkage=0.05


Tree=15
num_leaves=7
num_cat=0
split_feature=0 3 6 4 3 9
split_gain=373.216 42.4041 30.5468 19.8346 11.6448 10.2379
threshold=2.5000000000000004 0.39503056859112923 72.250000000000014 0.010636932334850252 0.18802870335280716 13.500000000000002
decision_type=2 2 2 2 2 2
left_child=1 2 4 -2 -1 -5
right_child=3 -3 -4 5 -6 -7
leaf_value=-0.031399462162692383 0.089858485217237327 -0.043086011334115062 -0.03869096570927829 0.017924370556844274 0.019796914183061412 0.079385071518277728
leaf_weight=13.151218853890894 84.830302834510803 188.14627388864756 46.266703449189663 17.522369980812076 71.451270639896393 11.047822773456572
leaf_count=45 140 1116 187 42 195 20
internal_value=-0.000187713 -0.0278827 -0.00602533 0.077723 0.0118386 0.0416906
internal_weight=432.416 319.015 130.869 113.4 84.6025 28.5702
internal_count=1745 1543 427 202 240 62
is_linear=0
shrinkage=0.05


Tree=16
num_leaves=7
num_cat=0
split_feature=3 3 2 8 4 7
split_gain=224.435 22.7201 21.7559 18.0065 8.88254 10.0959
threshold=0.54390658744545439 0.30950439569417726 0.82156029596615554 -0.057715207688208141 0.08819055896358631 0.47571875000000002
decision_type=2 2 2 2 2 2
left_child=1 -1 4 -3 5 -2
right_child=2 3 -4 -5 -6 -7
leaf_value=-0.03854976587394246 0.048198246066695608 -0.025255364106403302 0.070566655004359574 0.01562114920407013 0.0041675252744935954 -0.015157262040810119
leaf_weight=165.23539149016142 58.846005648374557 69.968807987868786 65.301961272954941 43.810728244483471 21.122259847819805 7.0403962656855574
leaf_count=473 320 246 389 204 87 26
internal_value=-6.2064e-05 -0.02671 0.0487539 -0.00951589 0.0323829 0.0414283
internal_weight=431.326 279.015 152.311 113.78 87.0087 65.8864
internal_count=1745 923 822 450 433 346
is_linear=0
shrinkage=0.05


Tree=17
num_leaves=7
num_cat=0
split_feature=0 3 3 6 4 6
split_gain=57.4794 18.5462 21.1392 14.0813 10.9979 4.67468
threshold=2.5000000000000004 0.73786649672900939 0.33199505526293843 78.600000000000009 0.12976596548027938 45.850000000000001
decision_type=2 2 2 2 2 2
left_child=1 2 3 -1 -4 -2
right_child=5 -3 4 -5 -6 -7
leaf_value=-0.020299736366303129 -0.04267693699972866 -0.015467189267722566 0.028172798213507273 0.018440566014500573 -0.01387630083329551 -0.01404626211317847
leaf_weight=57.106954120099545 67.279510639607906 62.602160878479481 171.17305217683315 39.806382387876511 17.104028701782227 18.090548761188984
leaf_count=169 156 450 705 138 81 46
internal_value=0.000152857 0.00917673 0.0145863 -0.00438747 0.0243528 -0.0366099
internal_weight=433.163 347.793 285.19 96.9133 188.277 85.3701
internal_count=1745 1543 1093 307 786 202
is_linear=0
shrinkage=0.05


Tree=18
num_leaves=7
num_cat=0
split_feature=2 1 5 2 2 1
split_gain=31.8212 22.1337 24.6179 22.8291 9.7936 9.55702
threshold=0.72601744061853501 0.23372520263175486 -36.355335035729446 -0.20618260744364689 -1.6435202251082124 0.22293750887787192
decision_type=2 2 2 2 2 2
left_child=1 5 4 -4 -3 -1
right_child=-2 2 3 -5 -6 -7
leaf_value=0.022916409226830633 -0.034548479975398852 -0.037605450261616609 0.028349989547245727 -0.0074015937009237606 -0.0073723186703013935 0.0715446143271211
leaf_weight=38.459045201539993 57.250541016459465 35.782768554985523 102.6398448869586 79.034102149307728 106.5436163470149 13.704134725034235
leaf_count=95 448 73 346 381 361 41
internal_value=0.000179137 0.00546454 0.000598023 0.0127969 -0.0149733 0.0356918
internal_weight=433.414 376.164 324 181.674 142.326 52.1632
internal_count=1745 1297 1161 727 434 136
is_linear=0
shrinkage=0.05


Tree=19
num_leaves=7
num_cat=0
split_feature=0 3 5 2 4 8
split_gain=328.9 40.6702 48.0122 22.672 17.1392 15.2509
threshold=2.5000000000000004 0.39503056859112923 -23.3551680988223 -0.40446993742251575 0.010636932334850252 -0.6650464293730749
decision_type=2 2 2 2 2 2
left_child=1 2 3 -1 -2 -6
right_child=4 -3 -4 -5 5 -7
leaf_value=0.036640935726538509 0.082127018063915258 -0.042347374060188681 -0.038615692752366509 -0.034038246421078444 0.06744408787718377 -0.0061947324849287808
leaf_weight=55.97481157630682 88.027532964944839 182.08968533575535 59.932703800499439 14.230629928410051 17.56827308237553 11.72263118624687
leaf_count=140 140 1116 241 46 32 30
internal_value=-0.000272573 -0.0270917 -0.00574589 0.0223143 0.071103 0.0379728
internal_weight=429.546 312.228 130.138 70.2054 117.318 29.2909
internal_count=1745 1543 427 186 202 62
is_linear=0
shrinkage=0.05


Tree=20
num_leaves=7
num_cat=0
split_feature=3 3 2 8 5 8
split_gain=200.715 21.7757 18.4157 11.3803 8.46134 9.28199
threshold=0.54390658744545439 0.38159694981431508 0.82156029596615554 -0.057715207688208141 -39.324326929235305 1.3550162478978491
decision_type=2 2 2 2 2 2
left_child=1 -1 4 -3 -2 -6
right_child=2 3 -4 -5 5 -7
leaf_value=-0.034768901795989071 0.058744042369559046 -0.019708749929858643 0.064978635091190756 0.019190166206686194 0.016526770560143216 0.085429182569477416
leaf_weight=195.95414540171623 20.13224732875824 44.914795532822609 67.136664494872093 32.341867856681347 63.086181998252869 5.2982888370752326
leaf_count=605 114 166 389 152 285 34
internal_value=-8.70703e-05 -0.0259056 0.0452309 -0.00342454 0.0302529 0.0218652
internal_weight=428.864 273.211 155.653 77.2567 88.5167 68.3845
internal_count=1745 923 822 318 433 319
is_linear=0
shrinkage=0.05


Tree=21
num_leaves=7
num_cat=0
split_feature=3 6 3 4 3 5
split_gain=47.6614 23.9026 23.0128 13.3092 12.2041 14.4693
threshold=0.24207435036427072 85.200000000000017 0.61998754704564785 -0.041423825757010244 0.39503056859112923 14.162424744553038
decision_type=2 2 2 2 2 2
left_child=1 -1 4 -3 5 -2
right_child=2 3 -4 -5 -6 -7
leaf_value=-0.036100462707042168 -0.0027096386343400496 0.069868647070881432 -0.0070922552113887143 -0.0045376960645416931 0.032857147609548047 0.055184470028668192
leaf_weight=103.23539005219936 64.592788301408291 7.6200541779398909 104.79606104642153 28.443022720515728 110.12320026755333 12.957372292876242
leaf_count=271 195 23 678 89 438 51
internal_value=0.00021217 -0.0238589 0.0116768 0.0111842 0.0221574 0.00696353
internal_weight=431.768 139.298 292.469 36.0631 187.673 77.5502
internal_count=1745 383 1362 112 684 246
is_linear=0
shrinkage=0.05


Tree=22
num_leaves=7
num_cat=0
split_feature=2 1 9 1 6 6
split_gain=29.322 19.9543 17.3737 8.28151 13.5379 7.06713
threshold=0.72601744061853501 0.23372520263175486 7.5000000000000009 0.22293750887787192 32.150000000000013 303.90000000000009
decision_type=2 2 2 2 2 2
left_child=1 3 -3 4 -1 -4
right_child=-2 2 5 -5 -6 -7
leaf_value=0.0032297208247261556 -0.033653882265892367 -0.015185275267974136 0.0058521941937958273 0.066458001610738018 0.068759961452972515 0.035005417355797291
leaf_weight=27.866462744772434 55.603411428630352 113.41762141883373 186.78538133203983 14.13465792685747 10.989709682762621 23.391127318143845
leaf_count=61 448 377 687 41 34 97
internal_value=0.000239215 0.00524359 0.000586051 0.0336853 0.0217637 0.00909674
internal_weight=432.188 376.585 323.594 52.9908 38.8562 210.177
internal_count=1745 1297 1161 136 95 784
is_linear=0
shrinkage=0.05


Tree=23
num_leaves=7
num_cat=0
split_feature=0 5 2 4 2 8
split_gain=292.497 38.9091 49.4286 14.9969 13.6407 13.509
threshold=2.5000000000000004 -32.005864258016636 -0.41813055458962151 0.010636932334850252 -1.095339844944027 -0.6650464293730749
decision_type=2 2 2 2 2 2
left_child=1 2 4 -2 -1 -5
right_child=3 -3 -4 5 -6 -7
leaf_value=0.077886559419283019 0.075792787201049053 -0.039680407598142106 -0.03375211549933204 0.062081999436653837 0.018467034882595948 -0.0067340647730165975
leaf_weight=12.979896336793898 90.497363209724426 196.33118808269501 58.567732103168964 18.0707470625639 37.747845783829689 11.780740961432455
leaf_count=23 140 1081 335 32 104 30
internal_value=-0.000370099 -0.0263695 -0.00245879 0.0656557 0.0336709 0.0349241
internal_weight=425.976 305.627 109.295 120.349 50.7277 29.8515
internal_count=1745 1543 462 202 127 62
is_linear=0
shrinkage=0.05


Tree=24
num_leaves=7
num_cat=0
split_feature=0 8 6 5 9 5
split_gain=177.222 15.5195 15.4048 8.26886 8.77448 8.00355
threshold=1.0000000180025095e-35 -0.64233836724504523 72.250000000000014 3.6438171530137864 16.500000000000004 59.153766536669274
decision_type=2 2 2 2 2 2
left_child=1 -1 -2 -4 -5 -3
right_child=2 5 3 4 -6 -7
leaf_value=0.0075339211551054821 -0.035303352361319845 0.038841757238999595 -0.02045843126115296 0.0013526386816353159 0.078474394976972797 0.066574389473694567
leaf_weight=33.199928887188435 174.85555685311556 108.59687689691782 48.704446107149124 22.024668976664547 4.4299586191773406 34.211962357163429
leaf_count=140 537 554 184 99 29 202
internal_value=-0.000108244 0.0383268 -0.0271663 -0.00823569 0.0142671 0.0454855
internal_weight=426.023 176.009 250.015 75.1591 26.4546 142.809
internal_count=1745 896 849 312 128 756
is_linear=0
shrinkage=0.05


Tree=25
num_leaves=7
num_cat=0
split_feature=0 2 1 8 5 6
split_gain=48.0884 14.3344 9.44254 8.42517 7.51943 4.59551
threshold=2.5000000000000004 0.82156029596615554 0.23070468961622667 -2.4258441336836176 -23.690053872715641 45.850000000000001
decision_type=2 2 2 2 2 2
left_child=1 2 4 -4 -1 -2
right_child=5 -3 3 -5 -6 -7
leaf_value=0.0065713189162826622 -0.041145993123495185 -0.016393824304799586 -0.050171023508949641 0.01617893893939765 -0.049741831146725757 -0.012105540788519874
leaf_weight=13.831930577754976 62.282413370907307 50.582192525267601 4.8705112859606734 270.95407418906689 10.373929806053637 17.436664268374443
leaf_count=42 156 392 19 1054 36 46
internal_value=0.000258589 0.00822854 0.0123796 0.0150073 -0.0175629 -0.0347941
internal_weight=430.332 350.613 300.03 275.825 24.2059 79.7191
internal_count=1745 1543 1151 1073 78 202
is_linear=0
shrinkage=0.05


Tree=26
num_leaves=7
num_cat=0
split_feature=3 0 3 7 8 4
split_gain=23.8737 35.2851 11.4692 11.2266 10.3728 15.232
threshold=0.41578384929973428 2.5000000000000004 0.12761138705430908 0.11665624999999996 -0.68980244950596703 0.010966177475203851
decision_type=2 2 2 2 2 2
left_child=1 2 -1 -4 -3 -6
right_child=-2 4 3 -5 5 -7
leaf_value=0.053119772317558683 -0.013399226181407202 -0.028799333417400409 0.050822266802693153 0.011605643590222207 -0.015261775644228546 0.056339995931121489
leaf_weight=28.68890954554081 183.06998126208782 53.275943487882614 21.939527571201324 108.49882935732603 24.904914848506451 10.584278672933577
leaf_count=84 1068 118 54 337 54 30
internal_value=0.000294877 0.0104081 0.0244971 0.0182018 -0.0148491 0.0060927
internal_weight=430.962 247.892 159.127 130.438 88.7651 35.4892
internal_count=1745 677 475 391 202 84
is_linear=0
shrinkage=0.05


Tree=27
num_leaves=7
num_cat=0
split_feature=0 5 2 1 4 8
split_gain=262.903 37.2439 44.9053 13.8674 13.2184 12.0466
threshold=2.5000000000000004 -32.005864258016636 -0.41813055458962151 0.21323368511806087 0.010636932334850252 -0.6650464293730749
decision_type=2 2 2 2 2 2
left_child=1 2 -1 -3 -2 -6
right_child=4 3 -4 -5 5 -7
leaf_value=0.031450954534917024 0.07062400477792645 0.043000068272016995 -0.032938164850892369 -0.041232234551276413 0.05776881957893594 -0.0069155889214281832
leaf_weight=51.606453508138657 92.31716488301754 5.0182712227106085 56.969487845897675 185.75466920435429 18.457002282142643 11.799491629004477
leaf_count=127 140 17 335 1064 32 30
internal_value=-0.000455642 -0.0257114 -0.00233383 -0.0390165 0.061224 0.0325431
internal_weight=421.923 299.349 108.576 190.773 122.574 30.2565
internal_count=1745 1543 462 1081 202 62
is_linear=0
shrinkage=0.05


Tree=28
num_leaves=7
num_cat=0
split_feature=3 8 2 3 5 8
split_gain=163.443 20.5689 15.1665 13.2665 8.67644 7.75642
threshold=0.54390658744545439 -0.064959976546039092 0.76663203994953821 0.30950439569417726 -39.324326929235305 -0.31165552106196587
decision_type=2 2 2 2 2 2
left_child=1 -1 4 -3 5 -2
right_child=2 3 -4 -5 -6 -7
leaf_value=-0.033789720605853245 0.025436916657039774 -0.025585134504622777 0.056052217930003916 0.015069991211741907 0.016587867917426568 0.088234575345875046
leaf_weight=181.59077316522598 10.694871708750727 36.898677505552769 74.702960535883904 43.987231031060219 66.289181344211102 9.101948067545889
leaf_count=582 50 137 416 204 297 59
internal_value=-0.000130079 -0.0244482 0.0395675 -0.00347614 0.0252625 0.0543093
internal_weight=423.266 262.477 160.789 80.8859 86.086 19.7968
internal_count=1745 923 822 341 406 109
is_linear=0
shrinkage=0.05


Tree=29
num_leaves=7
num_cat=0
split_feature=0 3 3 6 4 6
split_gain=44.0659 13.7934 16.7592 11.7708 9.71473 4.53909
threshold=2.5000000000000004 0.73786649672900939 0.33199505526293843 50.000000000000007 0.127131988181762 45.850000000000001
decision_type=2 2 2 2 2 2
left_child=1 2 3 -1 -4 -2
right_child=5 -3 4 -5 -6 -7
leaf_value=-0.021139610678459226 -0.040432942296557167 -0.01386226871586862 0.02446068780012009 0.013755681662733811 -0.013460799720295805 -0.011264540513263191
leaf_weight=51.117269709706306 59.879225067794323 60.724570736289024 175.50587059557438 45.83634177595377 18.687107764184475 17.16011630743742
leaf_count=153 156 450 699 154 87 46
internal_value=0.000315188 0.00781417 0.0123352 -0.00464231 0.0208115 -0.0339358
internal_weight=428.911 351.871 291.147 96.9536 194.193 77.0393
internal_count=1745 1543 1093 307 786 202
is_linear=0
shrinkage=0.05


Tree=30
num_leaves=7
num_cat=0
split_feature=1 5 0 7 8 1
split_gain=22.2896 14.4998 19.6059 9.358 8.33376 6.60113
threshold=0.23372520263175486 -36.355335035729446 1.0000000180025095e-35 0.49631249999999999 0.82846977385087583 0.22293750887787192
decision_type=2 2 2 2 2 2
left_child=5 -2 3 -3 -4 -1
right_child=1 2 4 -5 -6 -7
leaf_value=0.019626286863353427 -0.016035101587409444 -0.014839658767299089 0.023384698241568858 0.063782981393763816 -0.012582428896611323 0.058767978854318531
leaf_weight=39.560175709426403 149.72348331660032 100.21839848160744 102.0801657512784 3.933203510940074 19.122263036668301 14.80186080187559
leaf_count=98 529 646 330 22 78 42
internal_value=0.00036242 -0.00397426 0.00403886 -0.0118705 0.0177101 0.0302839
internal_weight=429.44 375.078 225.354 104.152 121.202 54.362
internal_count=1745 1605 1076 668 408 140
is_linear=0
shrinkage=0.05


Tree=31
num_leaves=7
num_cat=0
split_feature=0 3 5 1 6 3
split_gain=235.084 36.4402 40.0075 11.4893 9.75107 10.8446
threshold=2.5000000000000004 0.39503056859112923 -23.3551680988223 0.1543781194968438 20.600000000000012 0.095229855970648661
decision_type=2 2 2 2 2 2
left_child=1 2 -1 -4 -2 -6
right_child=4 -3 3 -5 5 -7
leaf_value=0.019860290913617105 0.06562836046616552 -0.040458657901613022 0.09690631220788834 -0.040516413527831134 0.054248993453984568 -0.005614443356333338
leaf_weight=71.52429973334074 90.362853273749352 165.76831804215908 1.564921312034129 54.13587312400341 22.594605207443237 11.373619839549063
leaf_count=186 136 1116 4 237 38 28
internal_value=-0.000564949 -0.0250108 -0.00488306 -0.0366555 0.0570432 0.0342049
internal_weight=417.324 292.993 127.225 55.7008 124.331 33.9682
internal_count=1745 1543 427 241 202 66
is_linear=0
shrinkage=0.05


Tree=32
num_leaves=7
num_cat=0
split_feature=3 8 3 6 8 7
split_gain=147.372 19.516 12.0086 11.7943 12.5772 14.4597
threshold=0.53600801292282063 -0.043193732841493838 0.21927663915731749 9.6000000000000103 1.2574400707005009 0.40853125000000007
decision_type=2 2 2 2 2 2
left_child=1 -1 -3 -2 5 -5
right_child=3 2 -4 4 -6 -7
leaf_value=-0.033434269839861183 0.054449003081496687 -0.031338104847902185 0.010483799926041176 0.00014211650479778823 0.070934082880112034 0.039248268492098289
leaf_weight=175.47023782134056 58.374258100986481 25.623597122728825 51.990748099982738 46.446159742772579 13.929355084896086 48.135634303092957
leaf_count=576 324 93 236 184 84 248
internal_value=-0.000148407 -0.0242 -0.00332328 0.0363263 0.0265771 0.0200445
internal_weight=419.97 253.085 77.6143 166.885 108.511 94.5818
internal_count=1745 905 329 840 516 432
is_linear=0
shrinkage=0.05


Tree=33
num_leaves=7
num_cat=0
split_feature=3 6 3 4 4 4
split_gain=36.928 20.2107 16.8555 11.2225 9.67978 14.8667
threshold=0.24207435036427072 85.200000000000017 0.61998754704564785 -0.041423825757010244 -0.07027297566814393 -0.033234150258382646
decision_type=2 2 2 2 2 2
left_child=1 -1 4 -3 -2 -6
right_child=2 3 -4 -5 5 -7
leaf_value=-0.033930349780677778 -0.014447311334169708 0.06217687059118248 -0.0061849207053473743 -0.0048276670354932688 0.050830362237067564 0.015023942125162729
leaf_weight=94.592266976833344 19.601284451782703 8.0066680014133436 103.08004500716925 28.468935541808605 36.79740958660841 136.61241528391838
leaf_count=271 74 23 678 89 115 495
internal_value=0.000358174 -0.021738 0.0101393 0.00988033 0.0188574 0.022622
internal_weight=427.159 131.068 296.091 36.4756 193.011 173.41
internal_count=1745 383 1362 112 684 610
is_linear=0
shrinkage=0.05


Tree=34
num_leaves=7
num_cat=0
split_feature=2 1 5 2 2 1
split_gain=24.8838 15.5554 16.7285 16.062 9.07752 8.13459
threshold=0.72601744061853501 0.23183619633715627 -36.355335035729446 -0.20618260744364689 -1.6435202251082124 0.22293750887787192
decision_type=2 2 2 2 2 2
left_child=1 5 4 -4 -3 -1
right_child=-2 2 3 -5 -6 -7
leaf_value=0.019390860328933252 -0.031870199099570402 -0.035231258294763437 0.023298646898845324 -0.0065418230943936105 -0.0051348880710340786 0.066120340260526531
leaf_weight=39.48849955201149 52.317617580294609 32.784140795469284 107.00724787265062 77.940980397164822 106.25787086039782 12.18740378320217
leaf_count=95 448 73 346 382 367 34
internal_value=0.000436413 0.00493563 0.000872246 0.0107233 -0.0122312 0.0304117
internal_weight=427.984 375.666 323.99 184.948 139.042 51.6759
internal_count=1745 1297 1168 728 440 129
is_linear=0
shrinkage=0.05


Tree=35
num_leaves=7
num_cat=0
split_feature=0 3 6 4 8 3
split_gain=211.988 34.6861 23.7992 10.9226 10.0289 8.72862
threshold=2.5000000000000004 0.39503056859112923 72.250000000000014 0.010636932334850252 -0.6650464293730749 0.18802870335280716
decision_type=2 2 2 2 2 2
left_child=1 2 5 -2 -5 -1
right_child=3 -3 -4 4 -6 -7
leaf_value=-0.028801101265064678 0.061956155901091541 -0.039839813197647837 -0.03586011699272159 0.0502604463157518 -0.0082357963791106804 0.01686918100486888
leaf_weight=12.215396881103514 94.585058882832527 160.25520681589842 41.521567441523075 19.02673771977425 11.916049584746359 72.88993426412344
leaf_count=45 140 1116 187 32 30 195
internal_value=-0.000672749 -0.0243854 -0.00482671 0.0535202 0.0277336 0.010314
internal_weight=412.41 286.882 126.627 125.528 30.9428 85.1053
internal_count=1745 1543 427 202 62 240
is_linear=0
shrinkage=0.05


Tree=36
num_leaves=7
num_cat=0
split_feature=2 2 3 8 5 5
split_gain=133.889 16.8609 15.8665 11.6159 6.86693 6.49614
threshold=0.029210917329977801 0.76663203994953821 0.30950439569417726 0.30847333823010625 46.061258135425113 13.205149372677505
decision_type=2 2 2 2 2 2
left_child=2 -2 -1 -4 5 -3
right_child=1 4 3 -5 -6 -7
leaf_value=-0.035227484931769797 0.019226963427384239 0.050461102462673657 -0.020221641748623235 0.017882826292467281 0.073880241903795649 0.010059849447047887
leaf_weight=142.77815697342157 101.11355346441269 41.703221797943115 67.529982760548592 28.416830129921436 22.026415340602398 13.067174300551413
leaf_count=470 462 227 259 134 137 56
internal_value=-0.000191634 0.0326415 -0.0246606 -0.00893614 0.0503037 0.0408221
internal_weight=416.635 177.91 238.725 95.9468 76.7968 54.7704
internal_count=1745 882 863 393 420 283
is_linear=0
shrinkage=0.05


Tree=37
num_leaves=7
num_cat=0
split_feature=0 3 3 6 9 4
split_gain=36.9422 11.2028 14.3038 10.2793 9.78701 4.47402
threshold=2.5000000000000004 0.73786649672900939 0.33199505526293843 50.000000000000007 13.500000000000002 0.050898549291477108
decision_type=2 2 2 2 2 2
left_child=1 2 3 -1 -4 -2
right_child=5 -3 4 -5 -6 -7
leaf_value=-0.020368934623548687 -0.036592433077295948 -0.012739512519413396 0.029747781674272101 0.012251543022059778 0.007482470566752668 0.003719688865302823
leaf_weight=50.247586727142334 64.138778656721115 59.436224795877934 100.16408714652061 46.49916198849678 97.298081420361996 7.710220366716384
leaf_count=153 179 450 382 154 404 23
internal_value=0.000419238 0.0070599 0.0110598 -0.00469063 0.0187767 -0.0322665
internal_weight=425.494 353.645 294.209 96.7467 197.462 71.849
internal_count=1745 1543 1093 307 786 202
is_linear=0
shrinkage=0.05


Tree=38
num_leaves=7
num_cat=0
split_feature=2 1 0 3 1 6
split_gain=23.1902 14.2249 15.5046 12.6256 7.30835 10.618
threshold=0.72601744061853501 0.23183619633715627 2.5000000000000004 0.27079238915171738 0.22293750887787192 32.150000000000013
decision_type=2 2 2 2 2 2
left_child=1 4 3 -3 5 -1
right_child=-2 2 -4 -5 -6 -7
leaf_value=0.0018932899025892265 -0.031135980932996549 0.025823838872485762 -0.020951062446637025 9.7763799721016276e-05 0.062544367418375088 0.058627438997461916
leaf_weight=28.039650708436966 50.979733727872372 63.118165016174316 64.907267041504383 195.13809708505869 12.404511123895643 11.683230094611643
leaf_count=61 448 175 156 837 34 34
internal_value=0.000506082 0.00480436 0.000894762 0.00638525 0.0290419 0.0185798
internal_weight=426.271 375.291 323.164 258.256 52.1274 39.7229
internal_count=1745 1297 1168 1012 129 95
is_linear=0
shrinkage=0.05


Tree=39
num_leaves=7
num_cat=0
split_feature=0 5 2 1 1 2
split_gain=191.23 33.8642 37.0095 12.6214 10.783 10.5948
threshold=2.5000000000000004 -32.005864258016636 -0.41813055458962151 0.21323368511806087 0.66898894270622955 -1.095339844944027
decision_type=2 2 2 2 2 2
left_child=1 2 5 -3 -4 -1
right_child=-2 3 4 -5 -6 -7
leaf_value=0.065772423511735012 0.050338215310836869 0.039908291400400232 -0.038939062821166145 -0.039562774144321688 0.03292305090678517 0.01485808675319937
leaf_weight=13.844402551650999 126.26728761196136 5.1472883597016326 47.029607512056828 170.05646795034409 5.8718749582767478 39.004710711538792
leaf_count=23 202 17 296 1064 39 104
internal_value=-0.000771741 -0.0237417 -0.00139813 -0.037228 -0.0309626 0.0281957
internal_weight=407.222 280.954 105.751 175.204 52.9015 52.8491
internal_count=1745 1543 462 1081 335 127
is_linear=0
shrinkage=0.05


Tree=40
num_leaves=7
num_cat=0
split_feature=2 3 2 8 1 7
split_gain=121.321 15.1552 14.7821 10.7951 8.13477 8.51455
threshold=0.029210917329977801 0.30950439569417726 0.76663203994953821 0.30847333823010625 0.75952744626424307 0.26162500000000005
decision_type=2 2 2 2 2 2
left_child=1 -1 4 -3 5 -2
right_child=2 3 -4 -5 -6 -7
leaf_value=-0.034517853464174374 -0.0034972946155875603 -0.019641128011694767 0.047219130146640961 0.017054783887818854 -0.025722439532932375 0.03153782906866813
leaf_weight=138.35851915180683 23.133240051567554 66.653662443161011 77.312408581376076 28.658640518784523 9.5428711771965009 69.26998545974493
leaf_count=470 93 259 420 134 32 337
internal_value=-0.000211526 -0.0239492 0.0307315 -0.00860735 0.0182278 0.0227668
internal_weight=412.929 233.671 179.259 95.3123 101.946 92.4032
internal_count=1745 863 882 393 462 430
is_linear=0
shrinkage=0.05


Tree=41
num_leaves=7
num_cat=0
split_feature=3 6 3 3 5 6
split_gain=31.1475 17.9013 13.8411 7.11366 11.2203 9.63902
threshold=0.24207435036427072 85.200000000000017 0.6572024034212155 0.39503056859112923 14.162424744553038 177.75000000000003
decision_type=2 2 2 2 2 2
left_child=1 -1 3 4 -2 -5
right_child=2 -3 -4 5 -6 -7
leaf_value=-0.032487538523378316 -0.0041436219318943196 0.0089979598239942876 -0.0072731726611159038 0.030362156811774694 0.045384754206521535 -0.0035556774159239421
leaf_weight=89.075003035366535 65.460121460258961 36.72442839294672 88.562953628599644 103.69261798262596 13.855298601090906 26.249341756105423
leaf_count=271 195 112 606 388 51 122
internal_value=0.000484062 -0.0203767 0.00929567 0.016308 0.0045083 0.0235105
internal_weight=423.62 125.799 297.82 209.257 79.3154 129.942
internal_count=1745 383 1362 756 246 510
is_linear=0
shrinkage=0.05


Tree=42
num_leaves=7
num_cat=0
split_feature=2 1 0 3 1 6
split_gain=21.2831 13.0105 13.8207 10.983 6.42032 9.53389
threshold=0.72601744061853501 0.23183619633715627 2.5000000000000004 0.27079238915171738 0.22293750887787192 32.150000000000013
decision_type=2 2 2 2 2 2
left_child=1 4 3 -3 5 -1
right_child=-2 2 -4 -5 -6 -7
leaf_value=0.0019296452345895336 -0.030274762206021041 0.023981003446238266 -0.020028939049028863 0.00010455903639081243 0.058810359630003285 0.055332236516404065
leaf_weight=27.975272156298161 49.417947679758072 63.957521520555019 63.498519204556942 195.04367139935493 12.612179383635519 11.918290451169012
leaf_count=61 448 175 156 837 34 34
internal_value=0.000568794 0.00463334 0.000875508 0.00600059 0.0277146 0.0178838
internal_weight=424.423 375.005 322.5 259.001 52.5057 39.8936
internal_count=1745 1297 1168 1012 129 95
is_linear=0
shrinkage=0.05


Tree=43
num_leaves=7
num_cat=0
split_feature=0 5 2 3 1 4
split_gain=171.964 32.7134 36.5604 16.1207 13.6511 10.211
threshold=2.5000000000000004 -26.447385344932744 -0.41813055458962151 0.33199505526293843 0.21323368511806087 0.010636932334850252
decision_type=2 2 2 2 2 2
left_child=1 2 3 -1 -3 -2
right_child=5 4 -4 -5 -6 -7
leaf_value=0.040487291648969526 0.055431768034037446 0.044191175994909265 -0.031732061697281537 -0.016899948678072412 -0.040627228498227363 0.022632587738774346
leaf_weight=42.935802906751633 95.250396654009819 4.8958528861403456 57.174638405442238 17.115817509591579 152.7408267557621 31.601946160197258
leaf_count=94 140 16 368 59 1006 62
internal_value=-0.000893973 -0.0231179 -0.0031151 0.0241309 -0.037993 0.0472607
internal_weight=401.715 274.863 117.226 60.0516 157.637 126.852
internal_count=1745 1543 521 153 1022 202
is_linear=0
shrinkage=0.05


Tree=44
num_leaves=7
num_cat=0
split_feature=3 5 6 8 6 8
split_gain=109.176 18.3425 10.9109 10.8246 10.9908 8.38551
threshold=0.53600801292282063 -22.448669290530628 9.6000000000000103 1.2574400707005009 100.95000000000002 -0.12050817850583494
decision_type=2 2 2 2 2 2
left_child=1 -1 -2 4 -4 -3
right_child=2 5 3 -5 -6 -7
leaf_value=-0.033211050490995923 0.04746109833627464 -0.023593749577467044 -0.0092661662335350361 0.06172058705834698 0.026677130570251423 0.0072541066874405105
leaf_weight=145.38930443674326 59.803839728236198 36.059760808944702 31.496931500732899 14.217585518956183 65.490874603390694 56.623863637447357
leaf_count=499 324 144 118 84 314 262
internal_value=-0.000238178 -0.02213 0.0302389 0.0209771 0.0150045 -0.00474765
internal_weight=409.082 238.073 171.009 111.205 96.9878 92.6836
internal_count=1745 905 840 516 432 406
is_linear=0
shrinkage=0.05


Tree=45
num_leaves=7
num_cat=0
split_feature=0 3 3 6 4 6
split_gain=31.3455 9.03781 11.6199 8.83633 8.30082 4.50994
threshold=2.5000000000000004 0.73786649672900939 0.33199505526293843 108.90000000000002 0.12976596548027938 45.850000000000001
decision_type=2 2 2 2 2 2
left_child=1 2 3 -1 -4 -2
right_child=5 -3 4 -5 -6 -7
leaf_value=-0.016001311219850704 -0.03795393201623206 -0.011551501511003176 0.020024129872770875 0.015402560017699364 -0.015894802711348965 -0.0075108773296002282
leaf_weight=60.129275411367416 51.345680043101311 58.077217847108841 182.85291551798582 35.698608249425888 17.636110685765743 15.943098351359366
leaf_count=192 156 450 705 115 81 46
internal_value=0.00054414 0.00648423 0.0100192 -0.00430248 0.0168645 -0.0307409
internal_weight=421.683 354.394 296.317 95.8279 200.489 67.2888
internal_count=1745 1543 1093 307 786 202
is_linear=0
shrinkage=0.05


Tree=46
num_leaves=7
num_cat=0
split_feature=2 1 9 0 1 5
split_gain=19.5534 12.0081 12.5154 7.62757 5.69164 7.88938
threshold=0.72601744061853501 0.23183619633715627 7.5000000000000009 2.5000000000000004 0.22293750887787192 -62.467001420988012
decision_type=2 2 2 2 2 2
left_child=1 4 -3 -4 5 -1
right_child=-2 2 3 -5 -6 -7
leaf_value=-0.0077083883919135442 -0.02943343166428183 -0.012930084712767912 0.011930988416241723 -0.014369026651922174 0.055652222757496421 0.037023688837376813
leaf_weight=17.622370935976502 47.932707354426384 108.88479450345039 180.33824039250612 32.543527171015739 12.771316319704054 22.369041532278064
leaf_count=39 448 380 705 83 34 56
internal_value=0.00063527 0.0044835 0.000858091 0.00791047 0.0265926 0.0173123
internal_weight=422.462 374.529 321.767 212.882 52.7627 39.9914
internal_count=1745 1297 1168 788 129 95
is_linear=0
shrinkage=0.05


Tree=47
num_leaves=7
num_cat=0
split_feature=3 5 2 6 1 3
split_gain=139.778 74.2129 15.1578 13.1312 9.97244 5.40107
threshold=0.33199505526293843 -23.3551680988223 -0.41813055458962151 76.100000000000009 0.1543781194968438 0.39503056859112923
decision_type=2 2 2 2 2 2
left_child=1 2 3 -1 -3 -2
right_child=5 4 -4 -5 -6 -7
leaf_value=0.047351618646928675 -0.015207515799239089 0.080554343487687946 -0.025606250318469442 0.0041252241462382605 -0.042518662974600184 -0.038189007242613281
leaf_weight=152.10225076973438 31.020711861550808 1.7223038896918286 8.6146099269390088 19.863297857344151 37.126301027834415 145.39441387355328
leaf_count=253 120 4 27 50 175 1116
internal_value=-0.0010115 0.0256294 0.0391164 0.0423586 -0.0370624 -0.034148
internal_weight=395.844 219.429 180.58 171.966 38.8486 176.415
internal_count=1745 509 330 303 179 1236
is_linear=0
shrinkage=0.05


Tree=48
num_leaves=7
num_cat=0
split_feature=3 5 6 5 7 6
split_gain=98.7172 17.4809 9.93287 10.3958 11.9035 8.30855
threshold=0.53600801292282063 -22.448669290530628 9.6000000000000103 55.744754496401988 0.37271875000000004 33.100000000000016
decision_type=2 2 2 2 2 2
left_child=1 -1 -2 4 -4 -3
right_child=2 5 3 -5 -6 -7
leaf_value=-0.032516767470574387 0.044828250107624534 -0.024959519841765847 -0.01116205279346128 0.052060587187251754 0.026240169594581669 0.0064842320513444664
leaf_weight=141.04846186190844 60.312792256474495 32.334928654134274 33.668222025036812 20.253134697675705 57.778455570340157 59.976162068545818
leaf_count=499 324 124 123 115 278 282
internal_value=-0.000261952 -0.0214459 0.0284771 0.0196482 0.0124697 -0.00452995
internal_weight=405.372 233.36 172.013 111.7 91.4467 92.3111
internal_count=1745 905 840 516 401 406
is_linear=0
shrinkage=0.05


Tree=49
num_leaves=7
num_cat=0
split_feature=3 6 3 4 4 4
split_gain=26.2102 15.7632 11.2692 9.51255 9.02376 11.7366
threshold=0.24207435036427072 85.200000000000017 0.61998754704564785 -0.032214152777950943 -0.07027297566814393 -0.033234150258382646
decision_type=2 2 2 2 2 2
left_child=1 -1 4 -3 -2 -6
right_child=2 3 -4 -5 5 -7
leaf_value=-0.031067384225420859 -0.016391210877665176 0.051556832755850747 -0.0050564873295410951 -0.0066735840040173097 0.043484891764686277 0.01230099093839261
leaf_weight=83.779738947749138 19.978536270558834 9.3990671634674055 100.96030466258526 27.633534669876099 38.504252806305885 139.45331330597401
leaf_count=271 74 26 678 86 115 495
internal_value=0.000593613 -0.0190597 0.00853737 0.0081056 0.0154711 0.0190482
internal_weight=419.709 120.812 298.896 37.0326 197.936 177.958
internal_count=1745 383 1362 112 684 610
is_linear=0
shrinkage=0.05


Tree=50
num_leaves=7
num_cat=0
split_feature=3 5 8 1 6 8
split_gain=16.1016 20.1637 14.2119 14.1972 9.62946 9.67128
threshold=0.41578384929973428 -22.98426198406192 -0.98709671000135979 0.31973123496336803 482.10000000000008 -0.65154239887947896
decision_type=2 2 2 2 2 2
left_child=1 2 -1 -4 5 -2
right_child=4 -3 3 -5 -6 -7
leaf_value=-0.023457543104741522 0.0085485086071034385 0.028595201165357548 0.029766762406172344 -0.0064981651075058378 0.078501036883476177 -0.019221377808949516
leaf_weight=50.468374572694302 41.380367532372475 85.288648396730423 46.096395462751389 65.104480274021626 2.9579039216041556 129.38187876343727
leaf_count=128 192 270 110 169 14 862
internal_value=0.000720512 0.00892485 -0.00145224 0.00853483 -0.0109427 -0.012492
internal_weight=420.678 246.958 161.669 111.201 173.72 170.762
internal_count=1745 677 407 279 1068 1054
is_linear=0
shrinkage=0.05


Tree=51
num_leaves=7
num_cat=0
split_feature=0 5 2 3 1 1
split_gain=141.227 30.1484 28.5747 11.8853 11.4142 10.9627
threshold=2.5000000000000004 -32.005864258016636 -0.41813055458962151 0.33199505526293843 0.21323368511806087 0.66898894270622955
decision_type=2 2 2 2 2 2
left_child=1 2 3 -1 -3 -4
right_child=-2 4 5 -5 -6 -7
leaf_value=0.038856999124272019 0.042226167076354432 0.036752725048405488 -0.037254623212969365 -0.013068059096888044 -0.038025317073358149 0.037040711607129566
leaf_weight=38.77124398201704 126.7162279933691 5.2766986340284339 43.063920386135578 15.396754011511801 155.14963943511248 5.6122521236538878
leaf_count=77 202 17 296 50 1064 39
internal_value=-0.00114378 -0.0220184 -0.000885999 0.0240978 -0.0355657 -0.0286885
internal_weight=389.987 263.271 102.844 54.168 160.426 48.6762
internal_count=1745 1543 462 127 1081 335
is_linear=0
shrinkage=0.05


Tree=52
num_leaves=7
num_cat=0
split_feature=3 3 6 8 5 8
split_gain=89.2304 16.9972 10.2229 7.64453 7.4477 7.35843
threshold=0.38159694981431508 0.59485888975966961 9.9500000000000011 -0.057715207688208141 3.6438171530137864 1.3550162478978491
decision_type=2 2 2 2 2 2
left_child=4 3 -3 -2 -1 -4
right_child=1 2 5 -5 -6 -7
leaf_value=-0.034490026808160233 -0.010636117789054857 0.04815390249893442 0.014968413682480024 0.017667677013851656 -0.0065200602741168128 0.056496357162405454
leaf_weight=130.07635450363159 51.603385001420975 48.988458260893822 85.346473343670368 44.367114931344986 29.129985585808754 12.19071590900421
leaf_count=473 212 271 383 202 132 72
internal_value=-0.000288881 0.0188053 0.0295185 0.00244871 -0.0293724 0.0201588
internal_weight=401.702 242.496 146.526 95.9705 159.206 97.5372
internal_count=1745 1140 726 414 605 455
is_linear=0
shrinkage=0.05


Tree=53
num_leaves=7
num_cat=0
split_feature=3 7 3 4 4 1
split_gain=23.6513 12.3307 9.87505 6.55973 9.80504 6.25929
threshold=0.24207435036427072 0.43153124999999998 0.6572024034212155 -0.07027297566814393 -0.029861894718356045 0.64306709886299085
decision_type=2 2 2 2 2 2
left_child=1 5 3 -2 -5 -1
right_child=2 -3 -4 4 -6 -7
leaf_value=-0.029230043250006901 -0.012124643372892598 0.018137163389870724 -0.0061144903173021856 0.037000673805814031 0.01049140245545347 0.01664095989794662
leaf_weight=90.673541069030762 21.744995534420013 19.396368451416492 86.771388970315456 45.904933139681816 145.25513061881065 8.1012907624244672
leaf_count=300 82 57 606 144 530 26
internal_value=0.000632879 -0.0183106 0.00810284 0.0138972 0.0168573 -0.0254678
internal_weight=417.848 118.171 299.676 212.905 191.16 98.7748
internal_count=1745 383 1362 756 674 326
is_linear=0
shrinkage=0.05


Tree=54
num_leaves=7
num_cat=0
split_feature=2 1 9 1 1 5
split_gain=17.4978 10.3032 11.0002 6.46021 4.97148 6.71124
threshold=0.72601744061853501 0.23183619633715627 7.5000000000000009 0.75952744626424307 0.22293750887787192 -62.467001420988012
decision_type=2 2 2 2 2 2
left_child=1 4 -3 -4 5 -1
right_child=-2 2 3 -5 -6 -7
leaf_value=-0.0072259044516199689 -0.028314726719712947 -0.01210105102535204 0.0058390117760713468 0.051637227308777511 0.051730319387727645 0.033974250862076186
leaf_weight=17.463590689003464 45.968584939837456 106.84137858450413 204.92178463935852 8.0005998462438566 12.931337788701056 22.774532914161686
leaf_count=39 448 380 758 30 34 56
internal_value=0.000791804 0.00437954 0.000990658 0.00755989 0.0247604 0.0160931
internal_weight=418.902 372.933 319.764 212.922 53.1695 40.2381
internal_count=1745 1297 1168 788 129 95
is_linear=0
shrinkage=0.05


Tree=55
num_leaves=7
num_cat=0
split_feature=0 5 2 4 8 1
split_gain=128.349 28.9588 30.3901 9.67345 8.36058 7.78876
threshold=2.5000000000000004 -23.3551680988223 -0.40446993742251575 0.010636932334850252 -0.6650464293730749 0.21323368511806087
decision_type=2 2 2 2 2 2
left_child=1 2 -1 -2 -5 -3
right_child=3 5 -4 4 -6 -7
leaf_value=0.019132800135872895 0.048105861978417715 0.027963961769850901 -0.03073831896298744 0.036803844505196533 -0.015412791902448545 -0.039694950510185907
leaf_weight=66.049155436456203 94.216415464878082 4.3969908356666556 56.83172994852066 19.571307882666588 12.601773515343664 130.45172188431025
leaf_count=168 140 15 395 32 30 965
internal_value=-0.00124985 -0.0214897 -0.00393232 0.0400226 0.0163513 -0.0374888
internal_weight=384.119 257.73 122.881 126.389 32.1731 134.849
internal_count=1745 1543 563 202 62 980
is_linear=0
shrinkage=0.05


Tree=56
num_leaves=7
num_cat=0
split_feature=3 3 8 4 6 6
split_gain=81.7203 15.0933 11.697 12.2693 7.30868 6.90984
threshold=0.38159694981431508 0.75583704152711351 -0.057715207688208141 0.094516624609975661 72.250000000000014 10.350000000000017
decision_type=2 2 2 2 2 2
left_child=4 2 -2 -4 -1 -3
right_child=1 5 3 -5 -6 -7
leaf_value=-0.035635234227853071 -0.0044942381951005956 0.056731726849048827 0.033563316592891808 -0.010304573667916764 -0.01167869384716198 0.02532299650196565
leaf_weight=110.10531536489725 80.470071621239185 26.133240908384323 61.750146709382534 21.484902270138264 44.787011198699474 53.072908014059067
leaf_count=402 332 157 309 79 203 263
internal_value=-0.000328399 0.017768 0.00909865 0.02224 -0.0287082 0.035686
internal_weight=397.804 242.911 163.705 83.235 154.892 79.2061
internal_count=1745 1140 720 388 605 420
is_linear=0
shrinkage=0.05


Tree=57
num_leaves=7
num_cat=0
split_feature=0 2 3 6 4 6
split_gain=24.2398 6.7897 8.50658 7.60233 7.04852 4.80939
threshold=2.5000000000000004 0.82156029596615554 0.33199505526293843 50.000000000000007 0.127131988181762 87.40000000000002
decision_type=2 2 2 2 2 2
left_child=1 2 3 -1 -4 -2
right_child=5 -3 4 -5 -6 -7
leaf_value=-0.018180776865262097 -0.033373028619715361 -0.012156005358013679 0.01686551982154012 0.01010702760761481 -0.013822129406751505 0.011797612456635907
leaf_weight=47.683204859495163 54.270762763917446 46.396123707294464 193.03994999080896 47.323527313768864 20.719996705651283 6.6105224862694731
leaf_count=153 184 392 749 154 95 18
internal_value=0.000681476 0.00567828 0.00835811 -0.00409042 0.0138909 -0.0284684
internal_weight=416.044 355.163 308.767 95.0067 213.76 60.8813
internal_count=1745 1543 1151 307 844 202
is_linear=0
shrinkage=0.05


Tree=58
num_leaves=7
num_cat=0
split_feature=3 5 8 1 7 8
split_gain=14.0779 16.489 13.2295 12.3262 9.01606 9.6554
threshold=0.41578384929973428 -22.98426198406192 -0.98709671000135979 0.31973123496336803 0.49631249999999999 0.88116050215544839
decision_type=2 2 2 2 2 2
left_child=1 2 -1 -4 5 -2
right_child=4 -3 3 -5 -6 -7
leaf_value=-0.022579334730163617 -0.0061248116961439324 0.026078969353539407 0.028180081209745612 -0.0056412575038497911 0.065394046022517069 -0.036845158702752727
leaf_weight=49.235418207943439 135.43260855972767 86.5251280143857 46.486201480031013 64.066983453929424 3.8573153093457213 31.532671600580215
leaf_count=128 802 270 110 169 22 244
internal_value=0.00084929 0.00849871 -0.00102095 0.00858018 -0.0101806 -0.0119266
internal_weight=417.136 246.314 159.789 110.553 170.823 166.965
internal_count=1745 677 407 279 1068 1046
is_linear=0
shrinkage=0.05


Tree=59
num_leaves=7
num_cat=0
split_feature=3 5 6 2 1 2
split_gain=109.264 56.8805 12.5116 11.1164 8.87117 5.80653
threshold=0.33199505526293843 -23.3551680988223 45.850000000000001 -1.3041927614059872 0.1543781194968438 -0.54815874480947624
decision_type=2 2 2 2 2 2
left_child=1 2 5 -4 -3 -1
right_child=-2 4 3 -5 -6 -7
leaf_value=0.042988858044656506 -0.032408662088766853 0.072387778646116105 0.035191165693751261 -0.019584271536486647 -0.04132031020366006 0.005660484713932404
leaf_weight=132.01499150693417 161.86193774268031 1.8062525317072857 18.288987800478935 18.767589040100574 34.061573542654514 11.310407288372515
leaf_count=214 1236 4 34 52 175 30
internal_value=-0.00134129 0.0219125 0.0333473 0.00744972 -0.0355941 0.0400431
internal_weight=378.112 216.25 180.382 37.0566 35.8678 143.325
internal_count=1745 509 330 86 179 244
is_linear=0
shrinkage=0.05


Tree=60
num_leaves=7
num_cat=0
split_feature=2 8 2 8 4 1
split_gain=77.6051 12.6624 10.0562 8.55163 8.93791 7.89434
threshold=0.029210917329977801 0.080311366919769561 1.0394143932003039 -0.35074617140223968 0.14844279793912044 0.43132021828853123
decision_type=2 2 2 2 2 2
left_child=1 5 3 -2 -5 -1
right_child=2 -3 -4 4 -6 -7
leaf_value=-0.038374473174334685 -0.0027275052894108333 -0.0017425441815905021 0.042073798482864438 0.030140047251310323 -0.022832268009060422 -0.015146465908056603
leaf_weight=87.971983775496483 41.114643424749374 61.187595173716545 52.393570736050606 79.865833148360252 8.8449074923992139 62.614174649119377
leaf_count=328 164 272 294 395 29 263
internal_value=-0.000338629 -0.0209227 0.0235841 0.0161222 0.0248584 -0.0287162
internal_weight=393.993 211.774 182.219 129.825 88.7107 150.586
internal_count=1745 863 882 588 424 591
is_linear=0
shrinkage=0.05


Tree=61
num_leaves=7
num_cat=0
split_feature=0 8 3 3 8 6
split_gain=22.1603 6.10119 6.49068 7.26709 4.74927 4.62004
threshold=2.5000000000000004 -2.4258441336836176 0.73786649672900939 0.39503056859112923 -0.48702866534198846 87.40000000000002
decision_type=2 2 2 2 2 2
left_child=1 -1 3 -3 -4 -2
right_child=5 2 4 -5 -6 -7
leaf_value=-0.050454655353010983 -0.03269386399179907 0.00042113485641765444 0.018882201813328212 0.016211445344610779 -0.016984379251993288 0.011636060338017206
leaf_weight=4.8180148899555197 52.205223217606544 131.75514729321003 11.679816506803034 163.02116134017706 43.997942596673965 6.6231540590524665
leaf_count=20 184 413 76 662 372 18
internal_value=0.000721429 0.00542814 0.00619641 0.0091537 -0.00946046 -0.027703
internal_weight=414.1 355.272 350.454 294.776 55.6778 58.8284
internal_count=1745 1543 1523 1075 448 202
is_linear=0
shrinkage=0.05


Tree=62
num_leaves=7
num_cat=0
split_feature=3 5 8 1 9 1
split_gain=12.7967 14.2951 12.3228 11.1147 8.47884 10.4643
threshold=0.41578384929973428 -22.98426198406192 -0.98709671000135979 0.31973123496336803 12.500000000000002 0.46543225494188217
decision_type=2 2 2 2 2 2
left_child=1 2 -1 -4 -2 -6
right_child=4 -3 3 -5 5 -7
leaf_value=-0.021796986338832688 -0.023483376930548323 0.024437660835792335 0.026937401910016839 -0.0051575630755441955 0.029694983087703825 -0.0090594654805331073
leaf_weight=48.352409482002258 67.073260307312012 87.34007029235363 46.883568808436394 63.525283813476562 22.283022254705429 79.784960888326168
leaf_count=128 460 270 110 169 107 501
internal_value=0.000913958 0.00819068 -0.000747354 0.00847111 -0.0096737 -0.000598769
internal_weight=415.243 246.101 158.761 110.409 169.141 102.068
internal_count=1745 677 407 279 1068 608
is_linear=0
shrinkage=0.05


Tree=63
num_leaves=7
num_cat=0
split_feature=0 5 0 1 4 1
split_gain=106.826 26.8359 14.4921 10.4068 8.90942 8.5393
threshold=2.5000000000000004 -32.005864258016636 1.5000000000000002 0.21323368511806087 0.010636932334850252 0.66898894270622955
decision_type=2 2 2 2 2 2
left_child=1 2 5 -3 -2 -1
right_child=4 3 -4 -5 -6 -7
leaf_value=-0.027007222445481056 0.044142670223325714 0.03421422130924387 0.018388152598632173 -0.036651790549046076 0.013576227824438784 0.039066801967616568
leaf_weight=44.11305283755064 92.571412578225136 5.3769132867455474 50.37926659733057 141.90105791017413 32.108404397964478 5.4995288029313079
leaf_count=308 140 17 114 1064 62 40
internal_value=-0.00146482 -0.0204922 -0.000501445 -0.0340646 0.036271 -0.019683
internal_weight=371.95 247.27 99.9918 147.278 124.68 49.6126
internal_count=1745 1543 462 1081 202 348
is_linear=0
shrinkage=0.05


Tree=64
num_leaves=7
num_cat=0
split_feature=2 3 2 8 8 4
split_gain=70.654 12.3813 9.18944 8.28158 7.73849 8.19976
threshold=0.029210917329977801 0.30950439569417726 1.0394143932003039 0.30847333823010625 -0.35074617140223968 0.14844279793912044
decision_type=2 2 2 2 2 2
left_child=1 -1 4 -3 -2 -6
right_child=2 3 -4 -5 5 -7
leaf_value=-0.031045748252139904 -0.0026952992900102311 -0.016756393236807016 0.040093856932589197 0.015652732161886812 0.028542423213249787 -0.02229350142319252
leaf_weight=116.89873825013638 41.092767737805843 61.907312504947186 52.152648940682411 28.919506132602692 80.413033284246922 8.8004268556833249
leaf_count=470 164 259 294 134 395 29
internal_value=-0.00034509 -0.0202858 0.022357 -0.00643724 0.0152582 0.0235277
internal_weight=390.184 207.726 182.459 90.8268 130.306 89.2135
internal_count=1745 863 882 393 588 424
is_linear=0
shrinkage=0.05


Tree=65
num_leaves=7
num_cat=0
split_feature=3 6 4 8 3 4
split_gain=18.1281 13.5182 11.9801 7.54283 7.17918 7.7652
threshold=0.24207435036427072 45.850000000000001 -0.041423825757010244 -2.080659856136037 0.61998754704564785 -0.07027297566814393
decision_type=2 2 2 2 2 2
left_child=1 -1 -3 -4 5 -2
right_child=4 2 3 -5 -6 -7
leaf_value=-0.031594452655251397 -0.016995664934774359 0.052079712822955461 0.060157680681817365 -0.016442032477635076 -0.0039093065382692577 0.015793249652790071
leaf_weight=63.532254368066788 20.04599679261446 10.056638680398462 3.5445974469184867 34.437853671610355 98.771856352686882 181.95789881050587
leaf_count=231 74 28 10 114 678 610
internal_value=0.000752688 -0.0164604 0.00355447 -0.0092936 0.00713782 0.0125394
internal_weight=412.347 111.571 48.0391 37.9825 300.776 202.004
internal_count=1745 383 152 124 1362 684
is_linear=0
shrinkage=0.05


Tree=66
num_leaves=7
num_cat=0
split_feature=2 1 9 1 8 1
split_gain=14.7494 8.31606 8.9593 6.15192 4.68375 4.33685
threshold=0.72601744061853501 0.23183619633715627 7.5000000000000009 0.75952744626424307 -0.97179506000675009 0.81125116946455922
decision_type=2 2 2 2 2 2
left_child=1 -1 4 -4 -3 -2
right_child=5 2 3 -5 -6 -7
leaf_value=0.022423741176753574 -0.030330908400544837 -0.037796857049168665 0.0052900500863054725 0.049682357511360395 -0.0067349949980678257 0.042040300032548758
leaf_weight=53.497064977884293 41.030705191195011 14.033739171922205 204.79448692500591 8.1135082244873029 89.750572733581066 2.1800477355718604
leaf_count=129 430 43 758 30 337 18
internal_value=0.000963536 0.00419022 0.00111013 0.00698175 -0.0109352 -0.0266797
internal_weight=413.4 370.189 316.692 212.908 103.784 43.2108
internal_count=1745 1297 1168 788 380 448
is_linear=0
shrinkage=0.05


Tree=67
num_leaves=7
num_cat=0
split_feature=0 5 2 4 9 8
split_gain=97.3393 25.807 25.1022 8.43651 7.77961 7.90326
threshold=2.5000000000000004 -23.3551680988223 -0.40446993742251575 0.010636932334850252 13.500000000000002 -0.97179506000675009
decision_type=2 2 2 2 2 2
left_child=1 2 -1 -2 5 -5
right_child=3 -3 -4 4 -6 -7
leaf_value=0.0169737172885519 0.04227319852361907 -0.036088315714685702 -0.029134982738971561 0.024130527496204212 0.043485592133754095 -0.039222544953132932
leaf_weight=66.621605202555656 91.516628801822662 122.76210941001773 53.001180939376354 10.001132488250731 12.4138787984848 9.6947797387838381
leaf_count=168 140 980 395 17 20 25
internal_value=-0.00156838 -0.0199833 -0.00345563 0.0345363 0.0124854 -0.00705331
internal_weight=366.011 242.385 119.623 123.626 32.1098 19.6959
internal_count=1745 1543 563 202 62 42
is_linear=0
shrinkage=0.05


Tree=68
num_leaves=7
num_cat=0
split_feature=2 3 2 1 4 1
split_gain=64.2307 11.8483 8.32983 7.60787 6.7489 5.59621
threshold=0.029210917329977801 0.30950439569417726 1.0394143932003039 0.46543225494188217 0.010636932334850252 0.75952744626424307
decision_type=2 2 2 2 2 2
left_child=1 -1 5 -3 -5 -2
right_child=2 3 -4 4 -6 -7
leaf_value=-0.030435192423663063 0.017987134239692799 -0.020747023595119752 0.038121034831721183 -0.0088992658684887739 0.029931765183736692 -0.015690468589251515
leaf_weight=113.4627504311502 116.89199251681566 44.925989881157875 51.833319112658501 25.289823494851589 20.069430820643902 13.790641739964483
leaf_count=470 537 182 294 106 105 51
internal_value=-0.000382066 -0.0196796 0.0211604 -0.006163 0.00828172 0.0144332
internal_weight=386.264 203.748 182.516 90.2852 45.3593 130.683
internal_count=1745 863 882 393 211 588
is_linear=0
shrinkage=0.05


Tree=69
num_leaves=7
num_cat=0
split_feature=0 4 7 7 6 8
split_gain=18.5229 6.00186 5.59542 5.03571 4.37175 4.3505
threshold=2.5000000000000004 0.12976596548027938 0.49196875000000001 0.46525000000000005 87.40000000000002 0.014378250060675052
decision_type=2 2 2 2 2 2
left_child=1 2 5 -3 -2 -1
right_child=4 3 -4 -5 -6 -7
leaf_value=0.010527487096465485 -0.031405483419157137 -0.0040920726589342713 0.041220767955971072 -0.049837787452402374 0.012021755579929403 -0.0015213778379079886
leaf_weight=188.18654108792543 48.426160980015993 23.317888639867309 11.515116281807421 8.1076141297817212 6.5830417722463599 124.47033379971981
leaf_count=683 184 114 46 55 18 645
internal_value=0.000792085 0.00496894 0.00699143 -0.0158942 -0.0262085 0.00573077
internal_weight=410.607 355.597 324.172 31.4255 55.0092 312.657
internal_count=1745 1543 1374 169 202 1328
is_linear=0
shrinkage=0.05


Tree=70
num_leaves=7
num_cat=0
split_feature=2 0 7 8 7 6
split_gain=13.6796 10.312 10.8654 8.86193 8.78859 8.7752
threshold=-0.092697458948167791 2.5000000000000004 0.1300625 -1.0707332522571351 0.49631249999999999 13.600000000000023
decision_type=2 2 2 2 2 2
left_child=1 2 -1 -3 -2 -4
right_child=4 3 5 -5 -6 -7
leaf_value=0.045923931344218141 -0.013861037802997165 -0.032384518411585073 -0.0059844443268345874 0.0038697924594578467 0.061771918157626296 0.0176181395365454
leaf_weight=22.963508114218712 135.71300132572651 25.1138084679842 60.750506781041622 51.260903120040894 3.9528061822056761 111.948282122612
leaf_count=52 929 70 176 132 22 364
internal_value=0.000999403 0.00752989 0.0136119 -0.00805148 -0.0117205 0.00931542
internal_weight=411.703 272.037 195.662 76.3747 139.666 172.699
internal_count=1745 794 592 202 951 540
is_linear=0
shrinkage=0.05


Tree=71
num_leaves=7
num_cat=0
split_feature=0 3 5 2 2 4
split_gain=89.0784 24.8946 21.8424 14.8457 9.73352 7.93333
threshold=2.5000000000000004 0.39503056859112923 -23.3551680988223 -0.2863057262738628 -0.40446993742251575 0.010636932334850252
decision_type=2 2 2 2 2 2
left_child=1 2 4 -4 -1 -2
right_child=5 -3 3 -5 -6 -7
leaf_value=0.021580140057391332 0.040599507611217285 -0.035395810352090808 -0.041056332403152498 0.05550964248772116 -0.027757672707573233 0.011624614754370719
leaf_weight=61.581043541431427 90.37707494199276 120.81623218208551 38.911831319332123 4.4335813224315634 11.933779470622538 31.984428957104683
leaf_count=140 140 1116 216 25 46 62
internal_value=-0.00163626 -0.019481 -0.00302752 -0.0311791 0.0135711 0.0330257
internal_weight=360.038 237.676 116.86 43.3454 73.5148 122.362
internal_count=1745 1543 427 241 186 202
is_linear=0
shrinkage=0.05


Tree=72
num_leaves=7
num_cat=0
split_feature=3 2 6 5 5 7
split_gain=58.387 14.4552 7.24874 6.39197 9.44685 6.19152
threshold=0.38159694981431508 0.6857053532163514 72.250000000000014 46.061258135425113 17.807249342455034 0.27771875000000007
decision_type=2 2 2 2 2 2
left_child=2 5 -1 4 -3 -2
right_child=1 3 -4 -5 -6 -7
leaf_value=-0.03365811564877743 -0.0080160077905644233 0.031752964236128785 -0.0088262833441770331 0.052616485704977782 -0.01635671657659676 0.012766171040253269
leaf_weight=97.589679788798094 56.582484185695648 52.141571119427681 42.053319677710533 23.840700790286064 12.686470121145247 97.758325345814228
leaf_count=402 231 277 203 151 48 433
internal_value=-0.000415184 0.0143903 -0.02618 0.0304792 0.0223382 0.00514727
internal_weight=382.653 243.01 139.643 88.6687 64.828 154.341
internal_count=1745 1140 605 476 325 664
is_linear=0
shrinkage=0.05


Tree=73
num_leaves=7
num_cat=0
split_feature=0 8 4 2 4 3
split_gain=16.9708 5.78194 5.69738 5.734 4.25849 3.76665
threshold=2.5000000000000004 -2.4258441336836176 0.12976596548027938 0.76663203994953821 0.029906957878471151 0.94999639867410057
decision_type=2 2 2 2 2 2
left_child=1 -1 3 -3 -2 -4
right_child=4 2 5 -5 -6 -7
leaf_value=-0.05015951062873724 -0.033002972363036218 0.010020448549113841 -0.021838441924463586 -0.010208130073315405 0.0011088259914727528 0.029717565506585553
leaf_weight=4.7260087504982939 41.523041438311338 280.26414643973112 26.752186954021457 40.036611296236515 11.734961189329622 4.0834778845310202
leaf_count=20 162 1006 136 350 40 31
internal_value=0.00083685 0.00477641 0.0055158 0.00749194 -0.0254867 -0.015011
internal_weight=409.12 355.862 351.136 320.301 53.258 30.8357
internal_count=1745 1543 1523 1356 202 167
is_linear=0
shrinkage=0.05


Tree=74
num_leaves=7
num_cat=0
split_feature=2 6 9 9 1 0
split_gain=12.9289 7.29932 8.88598 8.63243 7.68233 4.81179
threshold=0.6788832165309775 240.90000000000003 16.500000000000004 15.500000000000002 0.23372520263175486 2.5000000000000004
decision_type=2 2 2 2 2 2
left_child=1 4 3 -3 -1 -6
right_child=-2 2 -4 -5 5 -7
leaf_value=0.018724111600157807 -0.023425834299295165 0.020634365995576692 -0.031488776987385211 0.080552474555340217 0.0015498963254404541 -0.015160069657904857
leaf_weight=54.591402500867844 47.694868579506874 29.536832340061665 6.2795454785227767 7.547067627310752 209.88064610958099 54.209475077688694
leaf_count=131 483 111 30 28 809 153
internal_value=0.00104464 0.00426832 0.0235146 0.0328285 0.00164945 -0.00188014
internal_weight=409.74 362.045 43.3634 37.0839 318.682 264.09
internal_count=1745 1262 169 139 1093 962
is_linear=0
shrinkage=0.05


Tree=75
num_leaves=7
num_cat=0
split_feature=5 2 1 1 3 3
split_gain=81.2203 42.8022 11.216 7.3441 10.8833 10.5882
threshold=-28.89375384433583 -0.69073506383072469 0.21323368511806087 0.66898894270622955 0.37845693589232937 0.67708173904471369
decision_type=2 2 2 2 2 2
left_child=1 -1 -2 4 -3 -5
right_child=2 3 -4 5 -6 -7
leaf_value=0.032038195609843077 0.040389996836907104 0.00041027784103674379 -0.035938799625956988 0.081171528885364802 -0.039954542563014867 -0.04358154024508467
leaf_weight=149.10950453579426 5.0043441653251639 33.603473886847496 125.75742387771606 4.4500641599297515 33.195450413972139 2.7530588544905186
leaf_count=260 16 90 1036 20 293 30
internal_value=-0.00172811 0.0166101 -0.0330176 -0.0144764 -0.0196489 0.0334905
internal_weight=353.873 223.112 130.762 74.002 66.7989 7.20312
internal_count=1745 693 1052 433 383 50
is_linear=0
shrinkage=0.05


Tree=76
num_leaves=7
num_cat=0
split_feature=3 3 6 8 5 8
split_gain=53.4155 9.58094 8.3928 7.60163 7.19959 5.38379
threshold=0.38159694981431508 0.54390658744545439 9.6000000000000103 1.3550162478978491 3.6438171530137864 0.2969346701441094
decision_type=2 2 2 2 2 2
left_child=4 5 -3 -4 -1 -2
right_child=1 2 3 -5 -6 -7
leaf_value=-0.031262196938363705 -0.011269676095811225 0.035516768393279365 0.0073828234604507055 0.0486914022630347 -0.0024327332979134728 0.017097669212031898
leaf_weight=109.03106204420328 48.204220861196518 58.309866949915886 98.049587532877922 12.564029276371 27.023164339363575 25.613243237137794
leaf_count=473 203 315 430 77 132 115
internal_value=-0.000456682 0.0136001 0.0201667 0.0120749 -0.0255361 -0.00142675
internal_weight=378.795 242.741 168.923 110.614 136.054 73.8175
internal_count=1745 1140 822 507 605 318
is_linear=0
shrinkage=0.05


Tree=77
num_leaves=7
num_cat=0
split_feature=0 8 4 3 6 7
split_gain=15.5417 5.47906 5.22327 5.04548 4.25338 5.39788
threshold=2.5000000000000004 -2.4258441336836176 0.127131988181762 0.73786649672900939 45.850000000000001 0.34934375000000006
decision_type=2 2 2 2 2 2
left_child=1 -1 3 -3 -2 -6
right_child=4 2 -4 -5 5 -7
leaf_value=-0.049582497467841456 -0.033566625034341283 0.0097771886451045176 -0.013928111548699912 -0.0083616646662101925 0.035991423839417884 -0.026941850550361076
leaf_weight=4.6046530604362479 37.484107386320829 274.75813757628202 32.047826804220676 44.554137825965881 5.7389854639768592 8.3860137984156591
leaf_count=20 156 974 174 375 22 24
internal_value=0.000887064 0.00460478 0.00531492 0.00724625 -0.0247552 -0.00137207
internal_weight=407.574 355.965 351.36 319.312 51.6091 14.125
internal_count=1745 1543 1523 1349 202 46
is_linear=0
shrinkage=0.05


Tree=78
num_leaves=7
num_cat=0
split_feature=2 5 1 6 2 9
split_gain=12.1414 9.55664 9.41515 8.24481 7.08254 6.42094
threshold=-0.092697458948167791 -43.091312058610022 0.24838879698366559 476.15000000000015 -0.529715556627533 14.500000000000002
decision_type=2 2 2 2 2 2
left_child=1 2 4 5 -1 -2
right_child=3 -3 -4 -5 -6 -7
leaf_value=0.0028161440222433639 -0.022999126601408109 0.015854997850297554 -0.011911703611824606 0.068956064804453529 0.049636775610584577 -0.001052919347386662
leaf_weight=24.346321158111095 72.34140694886446 147.11570035666227 87.283088482916355 3.1493656486272803 12.087057888507841 61.801912136375904
leaf_count=55 537 451 260 15 28 399
internal_value=0.00110177 0.00724195 -0.00300013 -0.0110107 0.0183493 -0.0128882
internal_weight=408.125 270.832 123.716 137.293 36.4334 134.143
internal_count=1745 794 343 951 83 936
is_linear=0
shrinkage=0.05


Tree=79
num_leaves=7
num_cat=0
split_feature=5 2 3 4 6 6
split_gain=75.2588 39.0098 11.8999 10.8196 8.81996 6.71052
threshold=-28.89375384433583 -0.40446993742251575 0.33199505526293843 0.010636932334850252 100.95000000000002 141.60000000000005
decision_type=2 2 2 2 2 2
left_child=1 2 3 -1 -3 -6
right_child=-2 4 -4 -5 5 -7
leaf_value=0.038153858130173211 -0.032521317221207831 -0.0352043686614247 -0.014587554840356134 0.008603202981226063 0.065296071128066874 -0.043210394165933558
leaf_weight=118.56669755280018 126.92232833057642 38.064389992505312 16.154568240046501 41.929177790880203 4.1946955583989611 2.1579348258674145
leaf_count=193 1052 305 57 87 28 23
internal_value=-0.00183401 0.0157846 0.0263166 0.0304338 -0.0261022 0.0284373
internal_weight=347.99 221.067 176.65 160.496 44.417 6.35263
internal_count=1745 693 337 280 356 51
is_linear=0
shrinkage=0.05


Tree=80
num_leaves=7
num_cat=0
split_feature=3 2 8 8 4 5
split_gain=48.7251 12.1511 7.06713 6.87572 9.30213 6.00958
threshold=0.38159694981431508 0.6857053532163514 0.7826974117197868 -0.057715207688208141 0.098265319352879812 46.061258135425113
decision_type=2 2 2 2 2 2
left_child=2 3 -1 -2 -5 -3
right_child=1 5 -4 4 -6 -7
leaf_value=-0.028579390355001139 -0.0064352486587529421 0.019833131267883681 0.011149284938393652 0.024241593128765795 -0.015770041485981903 0.049478370071221141
leaf_weight=120.13054289296269 75.22059204429388 64.444911390542984 12.343942515552042 60.552198752760887 19.110664956271648 23.267268106341362
leaf_count=540 310 325 65 287 67 151
internal_value=-0.00049009 0.0128272 -0.0248775 0.00440617 0.014643 0.0276971
internal_weight=375.07 242.596 132.474 154.883 79.6629 87.7122
internal_count=1745 1140 605 664 354 476
is_linear=0
shrinkage=0.05


Tree=81
num_leaves=7
num_cat=0
split_feature=0 1 7 3 5 7
split_gain=14.2079 4.69656 7.91826 8.71427 8.44884 7.68101
threshold=2.5000000000000004 0.55449426118069445 0.33978124999999998 0.32700676600098499 -2.5065722610030341 0.26665625000000009
decision_type=2 2 2 2 2 2
left_child=1 2 3 -1 -4 -3
right_child=-2 5 4 -5 -6 -7
leaf_value=-0.015452307306045219 -0.024032930138617233 0.026988339613434321 0.044099135618622026 0.010447465852264186 0.0062588305361660213 -0.007619032209984185
leaf_weight=45.089390963315964 49.990985944867134 18.575289927423 28.631575025618076 116.10837691277266 30.427962586283684 117.15743335336447
leaf_count=151 202 71 95 499 139 588
internal_value=0.000927714 0.00443289 0.00894124 0.00320292 0.0246035 -0.00288295
internal_weight=405.981 355.99 220.257 161.198 59.0595 135.733
internal_count=1745 1543 884 650 234 659
is_linear=0
shrinkage=0.05


Tree=82
num_leaves=7
num_cat=0
split_feature=2 1 9 1 7 6
split_gain=11.4028 6.57542 6.78058 5.25437 5.12305 3.81615
threshold=0.72601744061853501 0.23183619633715627 7.5000000000000009 0.75952744626424307 0.49306250000000001 0.89999999999999303
decision_type=2 2 2 2 2 2
left_child=1 -1 5 -4 -2 -3
right_child=4 2 3 -5 -6 -7
leaf_value=0.020090207362585585 -0.029557283420336086 -0.0014589014602494901 0.0045921843025433064 0.044956850978303868 0.037879346320180682 -0.021293129842143734
leaf_weight=53.573471583425999 36.500443674623966 59.184376671910286 204.4769489467144 8.3932183980941755 3.0517514981329432 41.087097436189651
leaf_count=129 421 216 758 30 27 164
internal_value=0.00115234 0.00390334 0.00113403 0.00618372 -0.024354 -0.00958615
internal_weight=406.267 366.715 313.142 212.87 39.5522 100.271
internal_count=1745 1297 1168 788 448 380
is_linear=0
shrinkage=0.05


Tree=83
num_leaves=7
num_cat=0
split_feature=5 2 3 4 6 3
split_gain=69.7099 35.5588 10.8706 10.2464 8.32273 6.20316
threshold=-28.89375384433583 -0.40446993742251575 0.33199505526293843 0.010636932334850252 100.95000000000002 0.69423573917871251
decision_type=2 2 2 2 2 2
left_child=1 2 3 -1 -3 -6
right_child=-2 4 -4 -5 5 -7
leaf_value=0.036584014035737265 -0.031995519628343461 -0.034676560231501778 -0.01418292230895294 0.0077831664962770821 0.061094586961081755 -0.042923421172757777
leaf_weight=117.32381556928158 123.30404422432184 36.916181892156601 16.039319224655628 41.914322167634964 4.3416637293994418 2.139652568846941
leaf_count=193 1052 305 57 87 22 29
internal_value=-0.00193279 0.0150186 0.0250512 0.0290031 -0.0255018 0.0267555
internal_weight=341.979 218.675 175.277 159.238 43.3975 6.48132
internal_count=1745 693 337 280 356 51
is_linear=0
shrinkage=0.05


Tree=84
num_leaves=7
num_cat=0
split_feature=2 8 4 2 2 8
split_gain=44.8492 10.4495 10.2293 6.98955 6.46859 7.126
threshold=0.029210917329977801 -0.064959976546039092 0.10058382199398166 -1.0754647811102054 1.0504086377164741 -0.35074617140223968
decision_type=2 2 2 2 2 2
left_child=1 2 -1 -3 5 -2
right_child=4 3 -4 -5 -6 -7
leaf_value=-0.029889155478282994 -0.0055111219967566624 -0.032973821349510234 0.031399722510436122 0.0065268102714612893 0.032802234676093348 0.019389811483240902
leaf_weight=114.78366843238473 41.998629599809647 14.167638488113878 7.23733927309513 53.447813488543034 48.83521842956543 90.950215585529804
leaf_count=511 166 60 40 252 287 429
internal_value=-0.0005059 -0.017517 -0.026254 -0.00174986 0.01724 0.0115236
internal_weight=371.421 189.636 122.021 67.6155 181.784 132.949
internal_count=1745 863 551 312 882 595
is_linear=0
shrinkage=0.05


Tree=85
num_leaves=7
num_cat=0
split_feature=2 1 1 1 5 8
split_gain=13.2998 8.52991 7.53712 4.78247 5.73556 4.6561
threshold=-1.4411669506150397 0.19724067072468374 0.51799440630661275 0.55449426118069445 -31.327347074664214 0.94662379246810979
decision_type=2 2 2 2 2 2
left_child=2 -2 -1 4 -3 -5
right_child=1 3 -4 5 -6 -7
leaf_value=-0.037240317978935775 -0.04483054097563529 0.00089880453796557054 0.0065468196764757181 -0.0064778997863374835 0.017220781977545396 0.018248075577607433
leaf_weight=32.785551987588406 8.6474235281348211 96.780080154538155 14.034718532115219 107.83772747218609 121.2617634832859 23.121784530580044
leaf_count=127 38 375 48 515 510 132
internal_value=0.000944064 0.00422455 -0.0241148 0.00544002 0.00997611 -0.00211236
internal_weight=404.469 357.649 46.8203 349.001 218.042 130.96
internal_count=1745 1570 175 1532 885 647
is_linear=0
shrinkage=0.05


Tree=86
num_leaves=7
num_cat=0
split_feature=2 5 1 1 6 4
split_gain=10.7187 7.77078 8.32786 7.48945 7.16877 17.322
threshold=-0.092697458948167791 -43.091312058610022 0.24838879698366559 0.75952744626424307 65.800000000000026 0.076845625692584019
decision_type=2 2 2 2 2 2
left_child=1 2 -1 4 5 -2
right_child=3 -3 -4 -5 -6 -7
leaf_value=0.017608108629214296 -0.014462645345877382 0.014632766213957149 -0.010948545691724343 0.023253284602893436 -0.028369548219174409 0.055799625680539748
leaf_weight=36.406582273542881 57.441618286073208 147.95807299017906 85.460220105946064 14.782156869769095 52.310515709221363 10.352862589061258
leaf_count=83 444 451 260 94 353 60
internal_value=0.00117876 0.00693198 -0.00241751 -0.0103298 -0.0144632 -0.00373293
internal_weight=404.712 269.825 121.867 134.887 120.105 67.7945
internal_count=1745 794 343 951 857 504
is_linear=0
shrinkage=0.05


Tree=87
num_leaves=7
num_cat=0
split_feature=5 2 1 1 3 3
split_gain=64.8399 32.7552 11.2914 6.78052 9.68248 8.37313
threshold=-28.89375384433583 -0.69073506383072469 0.21323368511806087 0.66898894270622955 0.37845693589232937 0.56545061450571221
decision_type=2 2 2 2 2 2
left_child=1 -1 -2 4 -3 -5
right_child=2 3 -4 5 -6 -7
leaf_value=0.027937853444710177 0.042846001825243368 -6.664328670121788e-05 -0.034659761774041127 0.093270007114591158 -0.039071158436951227 -0.015219895163331824
leaf_weight=145.41331676393747 4.8993873447179785 33.317210108041763 114.9883759431541 3.1712708026170722 30.455147594213486 4.0494631044566631
leaf_count=260 16 90 1036 9 293 41
internal_value=-0.00199528 0.0143459 -0.0314924 -0.0134941 -0.0186937 0.0324277
internal_weight=336.294 216.406 119.888 70.9931 63.7724 7.22073
internal_count=1745 693 1052 433 383 50
is_linear=0
shrinkage=0.05


Tree=88
num_leaves=7
num_cat=0
split_feature=3 2 6 5 5 8
split_gain=41.4119 10.2023 7.26353 5.56078 5.83448 5.43767
threshold=0.38159694981431508 0.76663203994953821 17.600000000000019 46.061258135425113 20.121874375643575 -0.057715207688208141
decision_type=2 2 2 2 2 2
left_child=2 5 -1 4 -3 -2
right_child=1 3 -4 -5 -6 -7
leaf_value=-0.036060433629418576 -0.0046957213556170167 0.026005039510675027 -0.012072479120471472 0.049700549372204965 -0.018358615435345352 0.01334400133581864
leaf_weight=61.286727607250214 79.538535229861736 45.492895945906639 65.055223677307367 19.848257824778557 8.8534860759973508 87.97751259803772
leaf_count=283 332 248 322 137 35 388
internal_value=-0.000510651 0.0116149 -0.0237087 0.0270501 0.0187778 0.00477853
internal_weight=368.053 241.711 126.342 74.1946 54.3464 167.516
internal_count=1745 1140 605 420 283 720
is_linear=0
shrinkage=0.05


Tree=89
num_leaves=7
num_cat=0
split_feature=2 1 7 1 7 1
split_gain=12.2789 8.03774 7.58111 5.37185 8.10982 4.33025
threshold=-1.4411669506150397 0.19724067072468374 0.43337500000000001 0.51799440630661275 0.27962500000000007 0.55449426118069445
decision_type=2 2 2 2 2 2
left_child=2 -2 3 -1 -5 -3
right_child=1 5 -4 4 -6 -7
leaf_value=-0.0430232579672708 -0.044510284518970766 0.009538318136737077 0.031716008424489094 0.045420298793781684 -0.037519737872295095 -0.0019688788905417964
leaf_weight=28.02236308157444 8.3137470260262472 218.59214241802692 5.4786110520362845 5.0256945006549341 7.1267068833112717 130.60013470798731
leaf_count=118 38 885 15 20 22 647
internal_value=0.000959524 0.00407774 -0.0234589 -0.0309831 -0.00321942 0.00523455
internal_weight=403.159 357.506 45.6534 40.1748 12.1524 349.192
internal_count=1745 1570 175 160 42 1532
is_linear=0
shrinkage=0.05


Tree=90
num_leaves=7
num_cat=0
split_feature=2 6 1 1 8 8
split_gain=9.95638 5.77217 7.09586 5.93938 6.00592 5.43454
threshold=0.6788832165309775 240.90000000000003 0.66898894270622955 0.23183619633715627 0.33549895356740689 0.5177118640296875
decision_type=2 2 2 2 2 2
left_child=1 3 5 -1 -5 -3
right_child=-2 2 -4 4 -6 -7
leaf_value=0.017038859227972238 -0.021215497436843783 0.033934787807489271 0.05187755444384419 0.0023611920412984402 -0.01638982938963458 -0.0089345117340936652
leaf_weight=51.941680103540421 44.102211963385344 12.174213670194151 13.029204867780207 209.38991147279739 53.644718706607819 18.823309853672981
leaf_count=124 483 44 54 710 259 71
internal_value=0.00120424 0.00395842 0.0209163 0.00158808 -0.00146299 0.00790232
internal_weight=403.105 359.003 44.0267 314.976 263.035 30.9975
internal_count=1745 1262 169 1093 969 115
is_linear=0
shrinkage=0.05


Tree=91
num_leaves=7
num_cat=0
split_feature=5 2 1 3 4 1
split_gain=60.024 30.1473 10.615 9.5599 9.67819 8.94699
threshold=-28.89375384433583 -0.40446993742251575 0.21323368511806087 0.33199505526293843 0.010636932334850252 0.66898894270622955
decision_type=2 2 2 2 2 2
left_child=1 3 -2 4 -1 -3
right_child=2 5 -4 -5 -6 -7
leaf_value=0.034060109104414621 0.040236152228691584 -0.034072661372507376 -0.034194983698268414 -0.014043907597683959 0.0059832689941837578 0.031800339999633435
leaf_weight=115.0258851647377 5.0055569484829894 35.664610859006643 111.30943347886205 15.964977122843264 41.863494381308556 6.0255715176463118
leaf_count=193 16 310 1036 57 87 46
internal_value=-0.00206834 0.0136125 -0.0309919 0.0228173 0.0265682 -0.0245519
internal_weight=330.86 214.545 116.315 172.854 156.889 41.6902
internal_count=1745 693 1052 337 280 356
is_linear=0
shrinkage=0.05


Tree=92
num_leaves=7
num_cat=0
split_feature=3 2 6 1 7 3
split_gain=38.0062 9.31252 7.04714 5.2216 6.48908 4.9067
threshold=0.38159694981431508 0.76663203994953821 17.600000000000019 0.75952744626424307 0.27771875000000007 0.22305323332595342
decision_type=2 2 2 2 2 2
left_child=2 3 -1 4 -2 -4
right_child=1 -3 5 -5 -6 -7
leaf_value=-0.035615134314612877 -0.006191857078921322 0.025839798174601587 -0.022655394472023735 -0.030516586097018766 0.014685386416244254 0.0056733142293580504
leaf_weight=58.918305147439241 60.176151633262634 73.521712407469749 39.483479276299477 10.011591508984564 97.566832683980465 24.940767616033554
leaf_count=283 250 420 192 32 438 130
internal_value=-0.000540096 0.0110018 -0.0231177 0.00449874 0.00672109 -0.0116884
internal_weight=364.619 241.276 123.343 167.755 157.743 64.4242
internal_count=1745 1140 605 720 688 322
is_linear=0
shrinkage=0.05


Tree=93
num_leaves=7
num_cat=0
split_feature=2 1 7 1 7 1
split_gain=11.3436 7.55826 7.08989 5.2705 7.52309 3.9191
threshold=-1.4411669506150397 0.19724067072468374 0.43337500000000001 0.51799440630661275 0.27962500000000007 0.55449426118069445
decision_type=2 2 2 2 2 2
left_child=2 -2 3 -1 -5 -3
right_child=1 5 -4 4 -6 -7
leaf_value=-0.042781230984680792 -0.044209409725914056 0.0091035036136438204 0.029985510915768062 0.042790888851771847 -0.03691447570563966 -0.0018464327414298765
leaf_weight=26.785825096070766 7.974248692393302 219.18366364389658 5.5541238337755194 5.1489106714725477 6.9653348177671432 130.28895638883114
leaf_count=118 38 885 15 20 22 647
internal_value=0.00096056 0.00392291 -0.0228591 -0.0304042 -0.00303735 0.00502119
internal_weight=401.901 357.447 44.4542 38.9001 12.1142 349.473
internal_count=1745 1570 175 160 42 1532
is_linear=0
shrinkage=0.05


Tree=94
num_leaves=7
num_cat=0
split_feature=6 3 8 8 5 1
split_gain=8.53485 9.34039 8.33138 6.72276 6.43319 6.426
threshold=482.10000000000008 0.40994030035224704 -0.88497634374745204 -0.65154239887947896 -23.3551680988223 0.49528655396394888
decision_type=2 2 2 2 2 2
left_child=1 2 4 5 -1 -3
right_child=-2 3 -4 -5 -6 -7
leaf_value=-0.015786293219400907 0.06097591588029664 0.033241388638165635 0.012627692435753755 -0.01503863490362882 0.022859750850968086 -0.0072855383350327353
leaf_weight=54.380802616477013 5.8896760344505301 15.957062132656572 168.15625271946192 118.6033866032958 13.427426025271414 25.272693123668432
leaf_count=152 24 70 465 871 39 124
internal_value=0.00122908 0.000340018 0.0066616 -0.00899265 -0.00813358 0.00839951
internal_weight=401.687 395.798 235.964 159.833 67.8082 41.2298
internal_count=1745 1721 656 1065 191 194
is_linear=0
shrinkage=0.05


Tree=95
num_leaves=7
num_cat=0
split_feature=5 2 1 4 8 2
split_gain=56.0893 27.7959 10.0183 6.22457 6.20277 5.65983
threshold=-28.89375384433583 -0.69073506383072469 0.21323368511806087 0.0065737876017502505 -0.59479935260795369 -0.40446993742251575
decision_type=2 2 2 2 2 2
left_child=1 3 -2 -1 5 -3
right_child=2 4 -4 -5 -6 -7
leaf_value=0.032459357497720408 0.037920819023400637 0.022141628132149968 -0.033771210961936332 0.0096517471297792312 -0.029225094418544369 -0.0168203313092165
leaf_weight=100.30252937227488 5.1031987816095343 17.016300588846207 108.00737180188298 42.629135780036449 31.688197612762451 20.611058659851551
leaf_count=172 16 40 1036 88 250 143
internal_value=-0.0020987 0.0130564 -0.0305367 0.025657 -0.0129265 0.000799518
internal_weight=325.358 212.247 113.111 142.932 69.3156 37.6274
internal_count=1745 693 1052 260 433 183
is_linear=0
shrinkage=0.05


Tree=96
num_leaves=7
num_cat=0
split_feature=2 1 2 6 3 8
split_gain=34.7929 9.7032 7.56129 5.86678 6.90126 6.35141
threshold=0.029210917329977801 0.41385118440011581 -1.095339844944027 9.6000000000000103 0.54390658744545439 1.2574400707005009
decision_type=2 2 2 2 2 2
left_child=1 -1 -3 4 -2 -5
right_child=3 2 -4 5 -6 -7
leaf_value=-0.028329067166710211 -0.015301420978467066 -0.027280441801849895 0.00383157654949928 0.0042088739053379402 0.03421614707712823 0.039142107425811985
leaf_weight=85.350702203810215 8.1216926798224431 27.415253385901451 67.888923637568951 105.14278571307659 52.655514374375343 14.849293202161787
leaf_count=408 32 133 322 462 297 91
internal_value=-0.000565883 -0.0160842 -0.00511812 0.0149426 0.0275991 0.00853194
internal_weight=361.424 180.655 95.3042 180.769 60.7772 119.992
internal_count=1745 863 455 882 329 553
is_linear=0
shrinkage=0.05


Tree=97
num_leaves=7
num_cat=0
split_feature=2 9 3 1 3 4
split_gain=10.5421 6.66624 13.0294 5.93572 5.63546 6.71968
threshold=-0.74984337387587452 12.500000000000002 0.33908118691679207 0.20480738764694922 0.61998754704564785 0.12976596548027938
decision_type=2 2 2 2 2 2
left_child=1 2 -1 -2 5 -5
right_child=3 -3 -4 4 -6 -7
leaf_value=-0.033552913279697165 -0.044994623964160159 -0.00080698911255596632 0.047032533497890126 0.014769255125612163 -0.0026359279983452989 -0.024974749285859271
leaf_weight=46.826340448111296 5.5609911903738967 63.199984792619944 5.617685690522193 172.06668411195278 96.073536306619644 11.335848420858381
leaf_count=191 26 217 12 570 678 51
internal_value=0.000990267 -0.0117425 -0.0249208 0.00615614 0.00717394 0.0123127
internal_weight=400.681 115.644 52.444 285.037 279.476 183.403
internal_count=1745 420 203 1325 1299 621
is_linear=0
shrinkage=0.05


Tree=98
num_leaves=7
num_cat=0
split_feature=2 7 8 5 1 7
split_gain=8.70109 7.37443 6.81992 6.88114 6.66497 7.18966
threshold=-0.092697458948167791 0.49631249999999999 -0.85491811869837087 -23.3551680988223 0.31001448179013252 0.19984375000000001
decision_type=2 2 2 2 2 2
left_child=2 -2 3 -1 -4 -6
right_child=1 -3 4 -5 5 -7
leaf_value=-0.014582578099111577 -0.011405243077385016 0.057163181648350672 0.024748187363595672 0.020195354365332825 -0.032778677113339753 0.0086333694558974241
leaf_weight=58.517731495201588 127.41589603945613 4.0457191839814177 63.243292115628719 18.790073290467262 11.516222693026064 116.57109557837248
leaf_count=170 929 22 160 55 30 379
internal_value=0.00124534 -0.00929506 0.00640342 -0.00612962 0.0114674 0.00491005
internal_weight=400.1 131.462 268.638 77.3078 191.331 128.087
internal_count=1745 951 794 225 569 409
is_linear=0
shrinkage=0.05


Tree=99
num_leaves=7
num_cat=0
split_feature=5 2 1 2 6 1
split_gain=52.2454 26.7854 9.83736 8.86421 13.1058 7.57845
threshold=-26.447385344932744 -0.40446993742251575 0.21323368511806087 -1.6435202251082124 76.100000000000009 0.66898894270622955
decision_type=2 2 2 2 2 2
left_child=1 3 -2 -1 -5 -3
right_child=2 5 -4 4 -6 -7
leaf_value=0.036654374057886067 0.035718265017944499 -0.033506632988815781 -0.034860379771518311 0.01812899311919838 -0.03779007683328315 0.024685147669879712
leaf_weight=56.815076172351837 5.1974753737449637 34.97407865896821 98.55268906801939 106.11185246706009 11.626136630773543 6.660462722182273
leaf_count=96 16 318 1006 217 41 51
internal_value=-0.00215829 0.0118389 -0.0313247 0.0204343 0.0126072 -0.0241974
internal_weight=319.938 216.188 103.75 174.553 117.738 41.6345
internal_count=1745 723 1022 354 258 369
is_linear=0
shrinkage=0.05


Tree=100
num_leaves=7
num_cat=0
split_feature=3 2 5 5 5 4
split_gain=31.9287 8.19482 6.78011 5.61669 8.38627 5.60213
threshold=0.38159694981431508 0.6857053532163514 3.6438171530137864 46.061258135425113 17.807249342455034 0.025050479968213003
decision_type=2 2 2 2 2 2
left_child=2 -2 5 4 -3 -1
right_child=1 3 -4 -5 -6 -7
leaf_value=-0.036078210310195841 0.003038335221340368 0.023887212497234328 0.00094255086981048254 0.04423172562023947 -0.021704526008527233 -0.0088891613693666636
leaf_weight=65.594230350106955 155.47717371582985 50.590748906135559 25.413248106837273 21.79857549071312 12.598134681582449 26.639746781438589
leaf_count=334 664 277 132 151 48 139
internal_value=-0.000580149 0.00986264 -0.0219246 0.0223471 0.0147975 -0.0282253
internal_weight=358.112 240.465 117.647 84.9875 63.1889 92.234
internal_count=1745 1140 605 476 325 473
is_linear=0
shrinkage=0.05


Tree=101
num_leaves=7
num_cat=0
split_feature=2 7 7 3 6 5
split_gain=9.75211 6.56616 5.33636 4.78816 3.96088 5.05197
threshold=-1.4411669506150397 0.43337500000000001 0.080406249999999915 0.46168576820656448 0.29999999999999294 -97.830773451892327
decision_type=2 2 2 2 2 2
left_child=1 -1 3 -2 5 -4
right_child=2 -3 4 -5 -6 -7
leaf_value=-0.029367942070943245 -0.037187320297012501 0.028734880495033262 0.0013822367891536359 0.015875381875839364 0.0026505839714920493 0.030251392311381783
leaf_weight=36.741487246006727 14.148689940571787 5.6041361987590781 28.479886502027512 6.0775532722473136 275.61903418973088 32.387685485184193
leaf_count=160 53 15 114 26 1244 133
internal_value=0.00100746 -0.0216785 0.00370052 -0.0212431 0.00519988 0.0167435
internal_weight=399.058 42.3456 356.713 20.2262 336.487 60.8676
internal_count=1745 175 1570 79 1491 247
is_linear=0
shrinkage=0.05


Tree=102
num_leaves=7
num_cat=0
split_feature=2 1 2 8 6 6
split_gain=8.23911 5.16741 5.21593 6.07163 5.50766 4.5964
threshold=0.6788832165309775 0.75952744626424307 -0.092697458948167791 -0.85491811869837087 78.600000000000009 476.15000000000015
decision_type=2 2 2 2 2 2
left_child=1 2 3 -1 -4 -2
right_child=5 -3 4 -5 -6 -7
leaf_value=-0.0056583059164814599 -0.023110023667697804 0.04685356516907839 0.0029712167091286092 0.011017591525876872 -0.023263944201556933 0.061387467002024201
leaf_weight=76.365657046437263 40.181324530392885 6.8120689988136283 47.157836005091667 191.37179224193096 34.74392081797123 1.6765766069293011
leaf_count=224 475 23 264 568 183 8
internal_value=0.00125955 0.00372382 0.00288352 0.00626119 -0.00815812 -0.0197256
internal_weight=398.309 356.451 349.639 267.737 81.9018 41.8579
internal_count=1745 1262 1239 792 447 483
is_linear=0
shrinkage=0.05


Tree=103
num_leaves=7
num_cat=0
split_feature=5 2 1 2 6 1
split_gain=48.7729 24.5457 9.34434 8.33669 12.1825 7.21811
threshold=-26.447385344932744 -0.40446993742251575 0.21323368511806087 -1.6435202251082124 76.100000000000009 0.66898894270622955
decision_type=2 2 2 2 2 2
left_child=1 3 -2 -1 -5 -3
right_child=2 5 -4 4 -6 -7
leaf_value=0.035433942124161094 0.033905245890836981 -0.033019748010568756 -0.034473719252815553 0.017258655549779248 -0.036991258323390931 0.023570602764159992
leaf_weight=55.778940543532372 5.2721572965383521 33.954961597919464 95.468203701078892 105.81348847597837 11.470265872776507 6.7559426054358473
leaf_count=96 16 318 1006 217 41 51
internal_value=-0.00221283 0.0113037 -0.0308952 0.0195211 0.0119531 -0.0236286
internal_weight=314.514 213.774 100.74 173.063 117.284 40.7109
internal_count=1745 723 1022 354 258 369
is_linear=0
shrinkage=0.05


Tree=104
num_leaves=7
num_cat=0
split_feature=3 2 8 6 1 9
split_gain=29.3145 7.67237 7.3518 6.83657 5.46538 4.57284
threshold=0.38159694981431508 1.0394143932003039 -0.057715207688208141 17.600000000000019 0.75212464873192786 19.500000000000004
decision_type=2 2 2 2 2 2
left_child=3 2 5 -1 -4 -2
right_child=1 -3 4 -5 -6 -7
leaf_value=-0.034489156492687689 -0.010365981948749619 0.027264207982878069 0.018333880090192677 -0.010037308598949156 -0.016236883675264272 0.021727874757123358
leaf_weight=53.210681200027466 75.763204403221607 47.857584714889526 90.250688277184963 61.77096264436841 13.090817764401434 13.003993704915045
leaf_count=283 307 294 425 322 49 65
internal_value=-0.000594809 0.00935164 0.00488932 -0.021353 0.0139546 -0.00566438
internal_weight=354.948 239.966 192.109 114.982 103.342 88.7672
internal_count=1745 1140 846 605 474 372
is_linear=0
shrinkage=0.05


Tree=105
num_leaves=7
num_cat=0
split_feature=2 6 6 3 1 4
split_gain=9.0903 7.61814 8.54036 6.64192 5.46506 5.08648
threshold=-0.74984337387587452 87.40000000000002 97.000000000000014 0.30950439569417726 0.20480738764694922 -0.041423825757010244
decision_type=2 2 2 2 2 2
left_child=1 3 -3 -1 -2 -4
right_child=4 2 5 -5 -6 -7
leaf_value=-0.027337523516645021 -0.044578818351315955 0.081173173853462191 0.031051369134832797 0.014139580580065212 0.00673312823179397 -0.011448899369470418
leaf_weight=60.687454544007778 5.2872565463185301 3.4833538681268683 9.4244426488876325 11.477413177490233 279.72054413706064 27.825679369270802
leaf_count=266 26 10 25 27 1299 92
internal_value=0.00102476 -0.0109828 0.00630497 -0.0207408 0.00578123 -0.000696147
internal_weight=397.906 112.898 40.7335 72.1649 285.008 37.2501
internal_count=1745 420 127 293 1325 117
is_linear=0
shrinkage=0.05


Tree=106
num_leaves=7
num_cat=0
split_feature=2 1 8 7 9 7
split_gain=7.49277 4.67251 4.87828 19.187 8.27227 3.66783
threshold=0.6788832165309775 0.75952744626424307 0.5010328742109279 0.46881250000000002 16.500000000000004 0.49306250000000001
decision_type=2 2 2 2 2 2
left_child=1 2 3 -1 -4 -2
right_child=5 -3 4 -5 -6 -7
leaf_value=0.0036427001070679001 -0.024210382061659728 0.044241814769704978 0.0011657497128555858 0.085809495445625716 -0.037432885886176007 0.024258887654977229
leaf_weight=269.00712874531746 36.474655065685511 6.9297668561339369 54.099156305193901 7.2975784912705413 18.671917445957661 4.3708908259868613
leaf_count=897 451 23 230 22 90 32
internal_value=0.00125939 0.00358652 0.00277944 0.00581284 -0.00873806 -0.0190237
internal_weight=396.851 356.006 349.076 276.305 72.7711 40.8455
internal_count=1745 1262 1239 919 320 483
is_linear=0
shrinkage=0.05


Tree=107
num_leaves=7
num_cat=0
split_feature=3 5 6 1 5 4
split_gain=46.1925 23.377 7.50583 6.35956 5.90047 5.29961
threshold=0.39503056859112923 -17.202435582304563 76.100000000000009 0.21323368511806087 -81.507663810596242 0.14292429932722797
decision_type=2 2 2 2 2 2
left_child=1 2 4 -3 -1 -2
right_child=5 3 -4 -5 -6 -7
leaf_value=0.010963273992269736 -0.036036603152801945 0.028307621606029759 -0.0084859340361862993 -0.037816159021294947 0.030199592106229519 0.0016231623882392227
leaf_weight=75.086954317986965 82.284453921020031 4.1856670975685146 24.606059532612562 27.701281402260065 84.981323271989822 10.538167033344505
leaf_count=153 1003 12 80 209 175 113
internal_value=-0.002251 0.0103976 0.0172238 -0.0291364 0.021176 -0.0317611
internal_weight=309.384 216.561 184.674 31.8869 160.068 92.8226
internal_count=1745 629 408 221 328 1116
is_linear=0
shrinkage=0.05


Tree=108
num_leaves=7
num_cat=0
split_feature=3 8 1 9 1 5
split_gain=27.4262 8.87549 7.38041 6.14181 4.30899 4.25772
threshold=0.30950439569417726 -0.057715207688208141 0.46543225494188217 19.500000000000004 0.75449895452537208 5.2172927054974503
decision_type=2 2 2 2 2 2
left_child=5 2 -2 -4 -3 -1
right_child=1 4 3 -5 -6 -7
leaf_value=-0.030314667774908634 -0.017218727512574691 0.019021358118760753 0.0012756058516346126 0.041208547046466065 -0.0070072751217515293 -0.0026131998589815292
leaf_weight=70.291268981993198 50.328828744590282 126.72266672551632 57.660592943429947 11.559115014970301 18.18198199570179 17.281413353979588
leaf_count=382 220 642 264 68 78 91
internal_value=-0.000595686 0.00743542 -0.00264923 0.00794407 0.0157554 -0.0248481
internal_weight=352.026 264.453 119.549 69.2197 144.905 87.5727
internal_count=1745 1272 552 332 720 473
is_linear=0
shrinkage=0.05


Tree=109
num_leaves=7
num_cat=0
split_feature=3 6 4 8 4 4
split_gain=8.02567 9.11698 9.10146 6.81582 4.81037 4.63128
threshold=0.24207435036427072 45.850000000000001 -0.041423825757010244 -2.080659856136037 0.048637377339141911 -0.088506758409626893
decision_type=2 2 2 2 2 2
left_child=1 4 -3 -4 -1 -2
right_child=5 2 3 -5 -6 -7
leaf_value=-0.032021501210714655 -0.020003805457373167 0.045696238610026536 0.057912263326593875 -0.014819672556087231 0.021090913945188534 0.0065514468662900534
leaf_weight=43.685447733849287 17.424764551222324 10.276115395128725 3.5745304226875296 32.580257393419743 4.7241222970187655 284.38081545382738
leaf_count=211 70 28 10 114 20 1292
internal_value=0.00103131 -0.0116562 0.00417309 -0.00762885 -0.0268384 0.00501828
internal_weight=396.646 94.8405 46.4309 36.1548 48.4096 301.806
internal_count=1745 383 152 124 231 1362
is_linear=0
shrinkage=0.05


Tree=110
num_leaves=7
num_cat=0
split_feature=2 6 9 8 8 5
split_gain=6.92092 8.91542 5.79441 7.14813 5.44699 5.76494
threshold=-0.092697458948167791 482.10000000000008 14.500000000000002 -0.832026302623186 -0.85491811869837087 -23.3551680988223
decision_type=2 2 2 2 2 2
left_child=4 2 -2 -4 5 -1
right_child=1 -3 3 -5 -6 -7
leaf_value=-0.013430870155594377 -0.020393599327262913 0.080644909015703523 0.042109816576896296 -0.0062365552025640354 0.010337299363236196 0.018459991681119465
leaf_weight=56.943020850419998 66.231347803026438 2.7579153329133979 9.0221025608479959 50.107059299945831 191.75746338814497 18.86617273837328
leaf_count=170 539 12 44 356 569 55
internal_value=0.00127594 -0.00828031 -0.0102367 0.00114028 0.00585174 -0.00549439
internal_weight=395.685 128.118 125.361 59.1292 267.567 75.8092
internal_count=1745 951 939 400 794 225
is_linear=0
shrinkage=0.05


Tree=111
num_leaves=7
num_cat=0
split_feature=3 5 2 2 6 4
split_gain=42.9229 21.7357 17.9207 9.672 10.4381 5.22987
threshold=0.39503056859112923 -17.202435582304563 -0.22059882101866715 -2.2288662200627738 76.100000000000009 0.14292429932722797
decision_type=2 2 2 2 2 2
left_child=1 3 -3 -1 -5 -2
right_child=5 2 -4 4 -6 -7
leaf_value=0.048359298444032472 -0.035679523589847516 -0.042446583492172806 0.076594211007670512 0.01693077804044783 -0.022074360984531173 0.0019054403208674461
leaf_weight=20.944958582520485 79.500115776434541 27.570900563150648 3.5710649229586116 143.30761224031448 19.484041709452868 10.475082814693449
leaf_count=37 1003 201 20 299 72 113
internal_value=-0.00231009 0.00983033 -0.0287961 0.0163772 0.0122624 -0.0313038
internal_weight=304.854 214.879 31.142 183.737 162.792 89.9752
internal_count=1745 629 221 408 371 1116
is_linear=0
shrinkage=0.05


Tree=112
num_leaves=7
num_cat=0
split_feature=3 2 6 7 6 7
split_gain=25.3513 8.8475 8.01647 7.68868 7.88593 7.35335
threshold=0.30950439569417726 0.27218162270347218 9.6000000000000103 0.28481250000000008 17.199999999999996 0.32212500000000005
decision_type=2 2 2 2 2 2
left_child=-1 3 -3 -2 -5 -4
right_child=1 2 5 4 -6 -7
leaf_value=-0.024286516566938102 -0.01634366193984509 0.03296956250473787 -0.014870014315680434 0.065003561285189554 0.0035029038210034422 0.016087157508688589
leaf_weight=85.330155659466982 56.222880393266678 45.283187046647072 26.654615119099617 5.6907699294388285 62.000343888998032 68.426607169210911
leaf_count=473 246 268 109 35 270 344
internal_value=-0.000591394 0.00705928 0.015655 -0.00267755 0.00867324 0.00740877
internal_weight=349.609 264.278 140.364 123.914 67.6911 95.0812
internal_count=1745 1272 721 551 305 453
is_linear=0
shrinkage=0.05


Tree=113
num_leaves=7
num_cat=0
split_feature=3 4 6 4 4 4
split_gain=7.42311 9.93913 7.44682 10.9377 4.42754 6.19863
threshold=0.32700676600098499 0.048637377339141911 29.500000000000018 -0.029130932717555898 0.021681302339134154 -0.088506758409626893
decision_type=2 2 2 2 2 2
left_child=1 2 -1 -4 5 -2
right_child=4 -3 3 -5 -6 -7
leaf_value=-0.02779649277955213 -0.021487540799807969 0.018657398288969205 0.032227646505869664 -0.018186410824341494 -0.0023840295182693387 0.013873658621972991
leaf_weight=56.974690806120634 13.508568823337553 26.571922492235899 16.294886007905006 31.667203642427921 100.4074857160449 150.08913362026215
leaf_count=248 57 87 48 120 513 672
internal_value=0.0010466 -0.00865875 -0.0155757 -0.00105848 0.00588112 0.0109538
internal_weight=395.514 131.509 104.937 47.9621 264.005 163.598
internal_count=1745 503 416 168 1242 729
is_linear=0
shrinkage=0.05


Tree=114
num_leaves=7
num_cat=0
split_feature=2 1 7 8 9 2
split_gain=6.5899 4.25824 4.98374 13.1132 5.2856 3.81342
threshold=0.6788832165309775 0.23183619633715627 0.46881250000000002 0.57043747620140617 17.500000000000004 -1.0365949248028534
decision_type=2 2 2 2 2 2
left_child=1 5 4 -4 -3 -1
right_child=-2 2 3 -5 -6 -7
leaf_value=0.039494187444505745 -0.018080939580957175 -0.0049523405603024324 0.068247385446423128 -0.0014774601758641872 0.011463265691106641 0.0086737788391105259
leaf_weight=13.484512045979498 39.514458645135164 205.95244015008211 9.7265877947211283 21.985927194356918 64.360690705478191 39.249168559908867
leaf_count=35 483 766 32 85 251 93
internal_value=0.0012877 0.00344506 0.00115609 0.0199079 -0.00104384 0.0165549
internal_weight=394.274 354.759 302.026 31.7125 270.313 52.7337
internal_count=1745 1262 1134 117 1017 128
is_linear=0
shrinkage=0.05


Tree=115
num_leaves=7
num_cat=0
split_feature=3 6 2 2 9 4
split_gain=39.9878 14.108 8.29728 7.03079 7.12985 5.1486
threshold=0.39503056859112923 76.100000000000009 -2.4342599332193235 -1.6435202251082124 19.500000000000004 0.14292429932722797
decision_type=2 2 2 2 2 2
left_child=1 3 -3 -1 -5 -2
right_child=5 2 -4 4 -6 -7
leaf_value=0.031696643965478097 -0.035335109763477097 0.039233368340900909 -0.02709283007530593 0.014554649270103484 -0.017329055641373003 0.002096473879447554
leaf_weight=48.034977465867996 76.923608766868711 5.4833890087902537 33.660366516560316 104.4844334051013 21.069936782121658 10.432435862720011
leaf_count=99 1003 14 196 255 65 113
internal_value=-0.00238228 0.00931372 -0.0178016 0.0154281 0.00920408 -0.0308649
internal_weight=300.089 212.733 39.1438 173.589 125.554 87.356
internal_count=1745 629 210 419 320 1116
is_linear=0
shrinkage=0.05


Tree=116
num_leaves=7
num_cat=0
split_feature=0 8 4 1 7 6
split_gain=21.9847 6.21016 8.41407 9.37423 8.3711 6.17198
threshold=1.5000000000000002 -0.057715207688208141 0.098265319352879812 0.75449895452537208 0.46215625000000005 24.300000000000008
decision_type=2 2 2 2 2 2
left_child=1 -1 3 -3 -4 -2
right_child=5 2 4 -5 -6 -7
leaf_value=-0.001619886480371698 -0.03347101235235634 0.027284543169101168 -0.027010691637385176 -0.016512660965283161 0.022931569542164989 -0.0083280424103825603
leaf_weight=109.53531804308295 48.044676415622234 90.549464046955109 20.906868174672127 14.123097673058508 14.015077218413351 49.612275432795286
leaf_count=502 277 488 74 56 73 275
internal_value=-0.00059011 0.00729192 0.0142847 0.0213751 -0.00696757 -0.0206977
internal_weight=346.787 249.13 139.595 104.673 34.9219 97.657
internal_count=1745 1193 691 544 147 552
is_linear=0
shrinkage=0.05


Tree=117
num_leaves=7
num_cat=0
split_feature=2 6 6 1 4 2
split_gain=7.41145 6.10201 7.15156 4.88515 4.88226 4.63893
threshold=-0.74984337387587452 87.40000000000002 97.000000000000014 0.20480738764694922 0.067920507188025461 -0.73172494401323818
decision_type=2 2 2 2 2 2
left_child=1 4 -3 -2 -1 -5
right_child=3 2 -4 5 -6 -7
leaf_value=-0.023545788120599723 -0.044238005245952089 0.071549312872079399 -0.0013816467055002835 0.054433233112665708 0.022248909104467442 0.0052800979793936505
leaf_weight=61.682098060846329 4.8968031927943221 3.6944866329431525 37.280276700854301 4.8853041827678672 6.4264833256602278 275.39193187654018
leaf_count=272 26 10 117 13 21 1286
internal_value=0.00103195 -0.0100523 0.00519417 0.00527185 -0.0192248 0.00613685
internal_weight=394.257 109.083 40.9748 285.174 68.1086 280.277
internal_count=1745 420 127 1325 293 1299
is_linear=0
shrinkage=0.05


Tree=118
num_leaves=7
num_cat=0
split_feature=6 2 1 8 2 8
split_gain=6.34527 8.38021 4.15445 5.76491 3.50992 2.9244
threshold=482.10000000000008 0.66384787902587739 0.23183619633715627 0.82846977385087583 -1.0365949248028534 -0.91642268504886382
decision_type=2 2 2 2 2 2
left_child=1 2 4 -4 -1 -3
right_child=-2 5 3 -5 -6 -7
leaf_value=0.037723728421836411 0.051701261995687642 0.029369045465844647 0.0031195446675922178 -0.018906253258028881 0.0082575289547138428 -0.025465879311834663
leaf_weight=13.609184384346007 6.1461755558848372 2.6095088124275199 262.36302886903286 33.501088343560696 39.263193525373936 35.630700759589672
leaf_count=35 24 28 934 176 93 455
internal_value=0.00129658 0.000496027 0.00293253 0.000625534 0.015842 -0.0217239
internal_weight=393.123 386.977 348.736 295.864 52.8724 38.2402
internal_count=1745 1721 1238 1110 128 483
is_linear=0
shrinkage=0.05


Tree=119
num_leaves=7
num_cat=0
split_feature=5 3 6 7 1 9
split_gain=38.4436 18.8644 5.83837 7.45163 5.73044 5.43919
threshold=-23.3551680988223 0.33199505526293843 45.850000000000001 0.31790625000000006 0.1543781194968438 17.500000000000004
decision_type=2 2 2 2 2 2
left_child=1 2 5 -4 -2 -1
right_child=4 -3 3 -5 -6 -7
leaf_value=0.027904511917787301 0.053139404899733282 -0.017568861918612653 -0.038322920909941306 0.013497665111081565 -0.032981255511044409 0.0029328378440231242
leaf_weight=98.110516771674156 1.9779929220676411 50.894751757383347 9.5799155086278898 25.148072116076946 82.323721030727029 28.037883974611759
leaf_count=186 4 435 25 61 976 58
internal_value=-0.00240457 0.008963 0.0173566 -0.000797342 -0.0309606 0.0223543
internal_weight=296.073 211.771 160.876 34.728 84.3017 126.148
internal_count=1745 765 330 86 980 244
is_linear=0
shrinkage=0.05


Tree=120
num_leaves=7
num_cat=0
split_feature=3 8 4 1 1 7
split_gain=21.8207 7.19879 6.77431 8.50584 6.73034 6.26875
threshold=0.30950439569417726 -0.057715207688208141 0.098265319352879812 0.75449895452537208 0.46543225494188217 0.46215625000000005
decision_type=2 2 2 2 2 2
left_child=-1 4 3 -3 -2 -4
right_child=1 2 5 -5 -6 -7
leaf_value=-0.02323210090583841 -0.016815431365084101 0.025490802716054334 -0.02230578864849455 -0.01614768706159193 0.0073496066591168113 0.020134730429206875
leaf_weight=81.411651827394962 49.513313151896 94.630913406610489 21.25616142898798 14.091345861554144 68.923253882676363 14.73041285574436
leaf_count=473 220 510 78 56 332 76
internal_value=-0.000610232 0.0063885 0.0138701 0.0200941 -0.00275277 -0.00493358
internal_weight=344.557 263.145 144.709 108.722 118.437 35.9866
internal_count=1745 1272 720 566 552 154
is_linear=0
shrinkage=0.05


Tree=121
num_leaves=7
num_cat=0
split_feature=2 1 1 7 1 7
split_gain=6.92966 6.57785 5.64551 3.68625 3.62003 7.20285
threshold=-1.4411669506150397 0.51799440630661275 0.19724067072468374 0.29899999999999999 0.65518627295744702 0.26031250000000006
decision_type=2 2 2 2 2 2
left_child=1 -1 -2 -3 -4 -6
right_child=2 3 4 -5 5 -7
leaf_value=-0.034271339818608325 -0.043046778239905277 0.036812403667103866 0.0066529450165767169 -0.016086619776937299 0.042373243710710932 -0.011147520258091657
leaf_weight=25.018799088895321 6.4782247841358176 6.346359718590973 276.99282736703753 6.8456840217113495 6.9623020440340033 64.751036755740643
leaf_count=127 38 25 1165 23 19 348
internal_value=0.00102499 -0.0192073 0.00320159 0.00936177 0.00406078 -0.00595145
internal_weight=393.395 38.2108 355.184 13.192 348.706 71.7133
internal_count=1745 175 1570 48 1532 367
is_linear=0
shrinkage=0.05


Tree=122
num_leaves=7
num_cat=0
split_feature=6 2 8 7 9 8
split_gain=5.7671 7.84919 3.78828 9.59545 6.45749 2.73144
threshold=482.10000000000008 0.66384787902587739 0.82846977385087583 0.46881250000000002 16.500000000000004 -0.91642268504886382
decision_type=2 2 2 2 2 2
left_child=1 2 3 -1 -4 -3
right_child=-2 5 4 -5 -6 -7
leaf_value=0.0024805224989310924 0.049043760036577677 0.027532436364477799 0.00044995857486616219 0.039549979006206659 -0.045821036686472735 -0.024938913334831583
leaf_weight=291.20374435931444 6.2231334447860709 2.6702359952032557 28.175212506204844 18.570401825010777 10.295546546578406 34.84988933429122
leaf_count=980 24 28 133 66 59 455
internal_value=0.00129424 0.000523949 0.002865 0.00470277 -0.0119331 -0.0212046
internal_weight=391.988 385.765 348.245 309.774 38.4708 37.5201
internal_count=1745 1721 1238 1046 192 483
is_linear=0
shrinkage=0.05


Tree=123
num_leaves=7
num_cat=0
split_feature=5 2 1 3 3 1
split_gain=36.1799 19.642 6.87003 8.30772 6.79738 5.37644
threshold=-23.3551680988223 -0.40446993742251575 0.66898894270622955 0.60628426017517689 0.33199505526293843 0.1543781194968438
decision_type=2 2 2 2 2 2
left_child=1 4 -3 -4 -1 -2
right_child=5 2 3 -5 -6 -7
leaf_value=0.019277627353976954 0.050406258766860529 -0.032472930660006408 0.096776856424404034 -0.017622925865890437 -0.014610584889338911 -0.032604173673748071
leaf_weight=153.62809386849403 1.999395579099654 33.00015852227807 2.4292299896478644 4.5771946720778942 16.374545995146036 79.935681717470288
leaf_count=305 4 338 9 51 62 976
internal_value=-0.00239872 0.00859563 -0.0229258 0.0220412 0.0160135 -0.0305785
internal_weight=291.944 210.009 40.0066 7.00642 170.003 81.9351
internal_count=1745 765 398 60 367 980
is_linear=0
shrinkage=0.05


Tree=124
num_leaves=7
num_cat=0
split_feature=2 8 4 5 2 7
split_gain=20.5233 7.22074 8.96951 5.08032 4.81368 5.15614
threshold=0.029210917329977801 -0.12050817850583494 0.090561093243635218 59.153766536669274 -1.0754647811102054 0.20156249999999998
decision_type=2 2 2 2 2 2
left_child=1 2 -1 -2 -3 -6
right_child=3 4 -4 -5 5 -7
leaf_value=-0.026586161973846636 0.0070306572329787587 -0.028436454257761618 0.027812355571059585 0.028525731031855673 -0.040660430791677998 0.010999173913986695
leaf_weight=89.743613004684448 143.68296045064926 12.628886844962834 8.276486434042452 33.99177585542202 5.3639170229434958 48.541178569197655
leaf_count=490 673 65 48 209 25 235
internal_value=-0.000640597 -0.0133637 -0.0219929 0.011143 -0.000650902 0.0058587
internal_weight=342.229 164.554 98.0201 177.675 66.534 53.9051
internal_count=1745 863 538 882 325 260
is_linear=0
shrinkage=0.05


Tree=125
num_leaves=7
num_cat=0
split_feature=3 6 4 8 4 4
split_gain=5.97228 7.48954 7.4296 5.71362 5.08327 4.01046
threshold=0.24207435036427072 45.850000000000001 -0.041423825757010244 -2.080659856136037 0.050898549291477108 -0.088506758409626893
decision_type=2 2 2 2 2 2
left_child=1 4 -3 -4 -1 -2
right_child=5 2 3 -5 -6 -7
leaf_value=-0.030623982110928396 -0.019075860134953267 0.040784206788968824 0.051276504287223246 -0.013939625364967024 0.026258557149140396 0.0058145396042893656
leaf_weight=39.71336729452014 17.157242298126221 10.501486286520956 3.7539412677288047 31.879755482077599 4.3586459197103968 285.13177140057087
leaf_count=212 70 28 10 114 19 1292
internal_value=0.00103258 -0.0102579 0.00382337 -0.00706923 -0.0249984 0.00440182
internal_weight=392.496 90.2072 46.1352 35.6337 44.072 302.289
internal_count=1745 383 152 124 231 1362
is_linear=0
shrinkage=0.05


Tree=126
num_leaves=7
num_cat=0
split_feature=2 6 9 4 4 6
split_gain=5.34776 7.15257 5.40856 7.67511 4.90895 7.35215
threshold=-0.092697458948167791 482.10000000000008 14.500000000000002 0.13352979598651601 -0.03764482894159344 12.250000000000016
decision_type=2 2 2 2 2 2
left_child=4 2 -2 -4 5 -1
right_child=1 -3 3 -5 -6 -7
leaf_value=-0.022745564050503913 -0.019165947515650057 0.070307528821799303 -0.0042828935335321502 0.055089229096946725 0.0090668733330797491 0.011590821456835329
leaf_weight=33.847867459058762 63.689302876591682 2.9032462760806075 52.014738146215677 6.0794718563556662 203.38006757944822 28.90187806636095
leaf_count=99 539 12 368 32 608 87
internal_value=0.00129146 -0.00725342 -0.00910243 0.00193031 0.00529489 -0.00693058
internal_weight=390.817 124.687 121.784 58.0942 266.13 62.7497
internal_count=1745 951 939 400 794 186
is_linear=0
shrinkage=0.05


Tree=127
num_leaves=7
num_cat=0
split_feature=5 2 1 4 2 6
split_gain=34.0623 18.194 6.55025 7.59284 6.43879 9.3912
threshold=-23.3551680988223 -0.40446993742251575 0.66898894270622955 -0.0098160135506012974 -2.2288662200627738 76.100000000000009
decision_type=2 2 2 2 2 2
left_child=1 4 -3 -4 -1 -6
right_child=-2 2 3 -5 5 -7
leaf_value=0.042867704459269351 -0.030206004264129234 -0.032037715803251647 0.090083749106488809 -0.017750248481816815 0.016265671706061011 -0.023948420581149987
leaf_weight=18.899574100971222 79.65459549613297 32.12680128030479 2.5509111844003201 4.5337177067995063 133.72118229418993 16.286090560257435
leaf_count=34 980 338 12 48 277 56
internal_value=-0.00240042 0.00824181 -0.0224411 0.0210768 0.0153648 0.0118997
internal_weight=287.773 208.118 39.2114 7.08463 168.907 150.007
internal_count=1745 765 398 60 367 333
is_linear=0
shrinkage=0.05


Tree=128
num_leaves=7
num_cat=0
split_feature=3 7 9 4 3 5
split_gain=18.7282 6.18592 4.75119 11.3185 4.79606 4.22859
threshold=0.30950439569417726 0.20871875000000004 19.500000000000004 -0.0084771228897909476 0.75583704152711351 5.2172927054974503
decision_type=2 2 2 2 2 2
left_child=5 -2 4 -4 -3 -1
right_child=1 2 3 -5 -6 -7
leaf_value=-0.028177679770988069 -0.013664345064179372 0.0011285439036524114 0.067165618175255321 0.00018756586287397073 0.017955691241697713 0.0004777200903132218
leaf_weight=61.482269994914532 35.427484549582005 140.18005760014057 11.079323794692757 14.645327560603617 60.673070415854454 16.284119501709938
leaf_count=382 163 613 75 69 352 91
internal_value=-0.000630479 0.00576488 0.00880282 0.0290343 0.00621163 -0.0221773
internal_weight=339.772 262.005 226.578 25.7247 200.853 77.7664
internal_count=1745 1272 1109 144 965 473
is_linear=0
shrinkage=0.05


Tree=129
num_leaves=7
num_cat=0
split_feature=2 6 6 4 4 1
split_gain=6.12094 5.33185 6.04199 4.34319 4.66641 4.34088
threshold=-0.74984337387587452 87.40000000000002 97.000000000000014 0.067920507188025461 -0.030362097711991044 0.20480738764694922
decision_type=2 2 2 2 2 2
left_child=1 3 -3 4 -1 -2
right_child=5 2 -4 -5 -6 -7
leaf_value=-0.0046755743665738902 -0.043835504069894476 0.064565732247001406 -0.0012684641041146912 0.020549663111036912 -0.033639299180910083 0.0056238084727012715
leaf_weight=22.696884706616402 4.5075076073408118 3.8473577052354804 37.014937154948711 6.536010928452014 35.905926484614611 280.84415471553802
leaf_count=94 26 10 117 21 178 1299
internal_value=0.00103135 -0.00922823 0.0049301 -0.0181099 -0.0224216 0.00484253
internal_weight=391.353 106.001 40.8623 65.1388 58.6028 285.352
internal_count=1745 420 127 293 272 1325
is_linear=0
shrinkage=0.05


Tree=130
num_leaves=7
num_cat=0
split_feature=2 7 9 5 9 6
split_gain=5.05605 4.59816 3.37351 5.73974 5.38442 6.89844
threshold=0.72601744061853501 0.49306250000000001 17.500000000000004 82.842384866108532 16.500000000000004 240.90000000000003
decision_type=2 2 2 2 2 2
left_child=2 -2 4 -4 5 -1
right_child=1 -3 3 -5 -6 -7
leaf_value=-0.00078786366756771636 -0.024139870619925802 0.042088658344718706 0.018237756557668416 -0.024090454270398912 -0.021452179172524347 0.021665669820908298
leaf_weight=221.61325614899397 28.349138855934147 2.8877686150372019 61.593720525503159 9.2059099152684194 25.355156756937504 40.45146457105875
leaf_count=783 421 27 230 42 96 146
internal_value=0.00127521 -0.0180172 0.00295752 0.0127339 0.000549314 0.00267799
internal_weight=389.456 31.2369 358.22 70.7996 287.42 262.065
internal_count=1745 448 1297 272 1025 929
is_linear=0
shrinkage=0.05


Tree=131
num_leaves=7
num_cat=0
split_feature=5 3 1 5 1 3
split_gain=31.8916 15.2107 6.29363 6.12973 5.06775 4.42896
threshold=-23.3551680988223 0.39503056859112923 0.66898894270622955 -33.883738552097348 0.1543781194968438 0.095229855970648661
decision_type=2 2 2 2 2 2
left_child=1 5 -3 -4 -2 -1
right_child=4 2 3 -5 -6 -7
leaf_value=0.02344836922305996 0.048571295071069553 -0.036445945946012602 0.049638130386225526 -0.042399999280936969 -0.031860718392509889 0.0071702509824122622
leaf_weight=69.597289219498634 2.0105750262737265 24.164821557700638 4.8574292920529842 2.8825727701187125 75.44143058732152 104.57027442753315
leaf_count=134 4 314 37 26 976 254
internal_value=-0.00241969 0.00786093 -0.0238778 0.0153608 -0.0297728 0.013675
internal_weight=283.524 206.072 31.9048 7.74 77.452 174.168
internal_count=1745 765 377 63 980 388
is_linear=0
shrinkage=0.05


Tree=132
num_leaves=7
num_cat=0
split_feature=2 7 9 6 2 2
split_gain=17.948 7.94109 5.7014 4.89302 4.87933 4.75455
threshold=-0.67772223399492681 0.20871875000000004 19.500000000000004 18.150000000000002 0.80729899985576858 1.0504086377164741
decision_type=2 2 2 2 2 2
left_child=3 5 4 -1 -3 -2
right_child=1 2 -4 -5 -6 -7
leaf_value=-0.035150103044315296 -0.020649025637727997 0.0018128562148078291 0.031846441803821582 -0.0099005198469725858 0.019816482956779336 0.036537610159622556
leaf_weight=36.349274016916752 35.894928872585297 144.67731109261513 25.017045360058546 40.637942638248205 50.865239426493645 4.0441282689571372
leaf_count=229 166 630 144 233 315 28
internal_value=-0.000611868 0.00565654 0.0093714 -0.021822 0.00649603 -0.0148585
internal_weight=337.486 260.499 220.56 76.9872 195.543 39.9391
internal_count=1745 1283 1089 462 945 194
is_linear=0
shrinkage=0.05


Tree=133
num_leaves=7
num_cat=0
split_feature=3 3 6 6 6 6
split_gain=5.11761 5.86512 8.5227 7.02851 11.5662 8.28976
threshold=0.39503056859112923 0.49604082452784765 28.800000000000004 70.300000000000026 90.350000000000009 0.29999999999999294
decision_type=2 2 2 2 2 2
left_child=-1 2 -2 5 -5 -3
right_child=1 3 -4 4 -6 -7
leaf_value=-0.0055104133981999995 0.034428010160917739 0.011859748501090242 -0.0013540709039699442 0.071666925384711075 0.0051643419072197935 -0.022053427121701677
leaf_weight=169.47643623501062 37.044079229235649 28.147202089428902 30.214460618793964 7.2312436103820792 68.21422240883112 50.081100735813379
leaf_count=629 96 157 114 28 392 329
internal_value=0.00102569 0.00603951 0.0183537 0.000649957 0.0115384 -0.00985118
internal_weight=390.409 220.932 67.2585 153.674 75.4455 78.2283
internal_count=1745 1116 210 906 420 486
is_linear=0
shrinkage=0.05


Tree=134
num_leaves=7
num_cat=0
split_feature=1 1 2 5 9 1
split_gain=4.87819 4.21251 6.30008 4.33632 3.41252 3.29462
threshold=0.23183619633715627 0.78380978922095312 0.70807538564485772 -1.1532488194225232 7.5000000000000009 0.22293750887787192
decision_type=2 2 2 2 2 2
left_child=5 2 4 -3 -2 -1
right_child=1 3 -4 -5 -6 -7
leaf_value=0.0083670357012526377 -0.0075252053347764055 -0.0037096470212432129 -0.024270203676759437 0.080020688495123726 0.0039761810178145524 0.03755845220439577
leaf_weight=40.357945028692484 93.6306431889534 2.9696645960211754 28.321342378854752 3.2261830084025851 207.24536381289363 12.709701284766195
leaf_count=98 377 24 420 18 773 35
internal_value=0.00127238 -0.000956383 -0.00172513 0.0398888 0.000397025 0.0153584
internal_weight=388.461 335.393 329.197 6.19585 300.876 53.0676
internal_count=1745 1612 1570 42 1150 133
is_linear=0
shrinkage=0.05


Tree=135
num_leaves=7
num_cat=0
split_feature=0 6 2 4 2 4
split_gain=22.834 9.66829 6.21001 6.96471 5.67192 9.84815
threshold=2.5000000000000004 155.45000000000005 -2.2288662200627738 0.010636932334850252 0.53739116092331962 0.10976871506616696
decision_type=2 2 2 2 2 2
left_child=1 4 -2 -4 5 -1
right_child=2 -3 3 -5 -6 -7
leaf_value=-0.0075754454968160441 0.043287490986385124 -0.037478353651070384 0.02020962424101171 -0.011282147377384318 -0.033917190717912563 0.0491644966831528
leaf_weight=118.5768585652113 17.805367052555084 33.42936690337956 58.554792836308479 25.075515687465668 17.990202227607369 8.1746708974242193
leaf_count=658 33 461 115 54 375 49
internal_value=-0.00246135 -0.0132425 0.0164756 0.0107672 -0.00764497 -0.00391608
internal_weight=279.607 178.171 101.436 83.6303 144.742 126.752
internal_count=1745 1543 202 169 1082 707
is_linear=0
shrinkage=0.05


Tree=136
num_leaves=7
num_cat=0
split_feature=2 2 6 8 4 9
split_gain=16.66 5.94676 7.57392 7.02952 7.39297 5.36271
threshold=-0.67772223399492681 0.27218162270347218 9.6000000000000103 0.019478046541096004 0.094516624609975661 16.500000000000004
decision_type=2 2 2 2 2 2
left_child=-1 3 -3 4 -2 -5
right_child=1 2 -4 5 -6 -7
leaf_value=-0.021322928043311252 -0.019622678725318803 0.029643152143516267 0.0044716591183474779 0.00072247932606654686 0.031498371375304722 0.035338605382210765
leaf_weight=75.377209926024079 59.091020531952381 43.905325472354889 93.579132050275803 39.05951701104641 8.0338020436465722 15.679763548076151
leaf_count=462 271 268 453 168 41 82
internal_value=-0.000631766 0.00538192 0.0125101 -0.00265994 -0.0135043 0.0106381
internal_weight=334.726 259.349 137.484 121.864 67.1248 54.7393
internal_count=1745 1283 721 562 312 250
is_linear=0
shrinkage=0.05


Tree=137
num_leaves=7
num_cat=0
split_feature=2 7 1 1 7 4
split_gain=5.44273 6.27452 5.00048 4.99579 5.87212 3.3532
threshold=-1.4411669506150397 0.43337500000000001 0.19724067072468374 0.51799440630661275 0.28340625000000003 0.127131988181762
decision_type=2 2 2 2 2 2
left_child=1 3 -2 -1 -5 -4
right_child=2 -3 5 4 -6 -7
leaf_value=-0.041683185156090097 -0.042779439344971679 0.032183601975314252 0.0052498823295730399 0.039143645395157044 -0.033787050773592141 -0.011732188816967229
leaf_weight=19.34575413540006 5.8881719335913649 5.3894696384668341 315.69176948070526 5.1979002282023412 5.8847991526126862 32.016208797693253
leaf_count=118 38 15 1356 21 21 176
internal_value=0.0010311 -0.0175416 0.00291245 -0.026349 0.000418197 0.00368621
internal_weight=389.414 35.8179 353.596 30.4285 11.0827 347.708
internal_count=1745 175 1570 160 42 1532
is_linear=0
shrinkage=0.05


Tree=138
num_leaves=7
num_cat=0
split_feature=6 2 9 5 9 4
split_gain=4.5821 6.15112 3.44685 5.16408 4.01524 2.76711
threshold=482.10000000000008 0.66384787902587739 17.500000000000004 82.842384866108532 16.500000000000004 -0.0038347100251753994
decision_type=2 2 2 2 2 2
left_child=1 2 4 -4 -1 -3
right_child=-2 5 3 -5 -6 -7
leaf_value=0.0019301248848843273 0.043373392337921479 -0.037678440064894403 0.017748162922228975 -0.023046699587970915 -0.01950380622712463 -0.008603410386299689
leaf_weight=252.30402914062142 6.3523710966110221 13.019561003893612 60.63521409034729 8.8955713957548124 23.921440280973911 22.029791045933962
leaf_count=885 24 192 223 40 90 291
internal_value=0.0012579 0.000555352 0.00257861 0.012529 7.3922e-05 -0.0194037
internal_weight=387.158 380.806 345.756 69.5308 276.225 35.0494
internal_count=1745 1721 1238 263 975 483
is_linear=0
shrinkage=0.05


Tree=139
num_leaves=7
num_cat=0
split_feature=5 2 1 3 2 9
split_gain=28.5341 15.0982 6.11977 8.80397 5.69328 6.66081
threshold=-23.3551680988223 -0.40446993742251575 0.66898894270622955 0.56545061450571221 -2.2288662200627738 12.500000000000002
decision_type=2 2 2 2 2 2
left_child=1 4 -3 -4 -1 -6
right_child=-2 2 3 -5 5 -7
leaf_value=0.04053014447001474 -0.02908189152184186 -0.031233872736078666 0.099445709104979907 -0.018725684304312588 0.018308037921997575 -0.0039954990281418816
leaf_weight=17.712269067764282 73.73616898059845 30.298712864518166 2.3518144637346259 4.7787613086402416 95.957924090325832 51.408875644207001
leaf_count=34 980 338 6 54 195 138
internal_value=-0.00245096 0.00724575 -0.0214258 0.0202497 0.0137466 0.0105275
internal_weight=276.245 202.508 37.4293 7.13058 165.079 147.367
internal_count=1745 765 398 60 367 333
is_linear=0
shrinkage=0.05


Tree=140
num_leaves=7
num_cat=0
split_feature=2 7 9 4 2 2
split_gain=15.6177 8.22609 6.02871 10.4329 4.86741 4.39773
threshold=-0.97112949605867749 0.20871875000000004 19.500000000000004 0.11957823038039821 0.80729899985576858 1.0504086377164741
decision_type=2 2 2 2 2 2
left_child=-1 5 4 -4 -3 -2
right_child=1 2 3 -5 -6 -7
leaf_value=-0.026659057144943783 -0.021201767204882729 0.00052531785260566746 0.049549904273632817 -0.020521291914712234 0.018353778516404785 0.034392104338189351
leaf_weight=49.162363227456808 39.40175287052989 163.34719701856375 19.06079970300198 7.3644997626543036 50.002338580787182 3.9102782234549514
leaf_count=315 196 737 125 29 315 28
internal_value=-0.000646062 0.00387149 0.007494 0.0300217 0.00470374 -0.0161827
internal_weight=332.249 283.087 239.775 26.4253 213.35 43.312
internal_count=1745 1430 1206 154 1052 224
is_linear=0
shrinkage=0.05


Tree=141
num_leaves=7
num_cat=0
split_feature=2 9 3 2 8 5
split_gain=5.25388 4.84402 10.5365 3.92781 3.79072 6.74194
threshold=-0.74984337387587452 12.500000000000002 0.33908118691679207 -0.73172494401323818 0.47749236136084666 -13.078421170713632
decision_type=2 2 2 2 2 2
left_child=1 2 -1 -2 5 -3
right_child=3 4 -4 -5 -6 -7
leaf_value=-0.030649489570779977 0.048024488416566091 0.0065740377688507995 0.042275082726586845 0.0037421038753768913 0.026926603024959441 -0.034418064605536799
leaf_weight=38.262954995036125 5.0988900586962691 34.394511137157679 5.6897837519645682 279.65998988598585 11.16790062189102 14.16008874773979
leaf_count=191 14 136 12 1311 35 46
internal_value=0.00102629 -0.00861095 -0.0212092 0.00453502 0.000660749 -0.00538058
internal_weight=388.434 103.675 43.9527 284.759 59.7225 48.5546
internal_count=1745 420 203 1325 217 182
is_linear=0
shrinkage=0.05


Tree=142
num_leaves=7
num_cat=0
split_feature=1 6 8 7 1 2
split_gain=4.35971 4.66348 5.65959 6.57534 5.72184 3.3829
threshold=0.23183619633715627 482.10000000000008 0.90552488504384543 0.46881250000000002 0.75212464873192786 -1.0365949248028534
decision_type=2 2 2 2 2 2
left_child=5 2 3 -2 -4 -1
right_child=1 -3 4 -5 -6 -7
leaf_value=0.036279273411366483 -0.0016119874238947338 0.041422334577897707 -0.027502301042648964 0.025645640336896154 0.031459454873709533 0.0072086492482783902
leaf_weight=13.409318059682844 265.53237843886018 6.3923054486513129 32.537452049553394 24.136041641235352 4.7103400044143191 39.445820279419422
leaf_count=35 1189 24 257 113 29 98
internal_value=0.00124272 -0.000872874 -0.00169989 0.0006592 -0.020046 0.0145838
internal_weight=386.164 333.309 326.916 289.668 37.2478 52.8551
internal_count=1745 1612 1588 1302 286 133
is_linear=0
shrinkage=0.05


Tree=143
num_leaves=7
num_cat=0
split_feature=0 6 2 6 4 4
split_gain=19.3298 9.30044 5.85898 6.95039 8.47356 5.26837
threshold=2.5000000000000004 155.45000000000005 -1.6435202251082124 0.20000000000002308 0.0073350332760468507 0.10976871506616696
decision_type=2 2 2 2 2 2
left_child=1 5 -2 -4 -5 -1
right_child=2 -3 3 4 -6 -7
leaf_value=-0.0098251567706158158 0.028035767837881382 -0.037073074068453331 -0.034672285373590322 0.030999119683417654 -0.01417936659916838 0.026364078104937346
leaf_weight=131.02399452403188 46.763693585991859 31.518304653465748 9.6357063800096494 25.116252511739731 17.687707811594009 10.892816141247748
leaf_count=990 94 461 22 47 39 92
internal_value=-0.00243505 -0.012504 0.0151683 0.00369356 0.0123302 -0.00704745
internal_weight=272.638 173.435 99.2034 52.4397 42.804 141.917
internal_count=1745 1543 202 108 86 1082
is_linear=0
shrinkage=0.05


Tree=144
num_leaves=7
num_cat=0
split_feature=3 8 2 4 7 7
split_gain=14.6855 6.95278 7.79008 6.44276 6.37771 6.18919
threshold=0.22305323332595342 -0.064959976546039092 1.1330762689225773 0.098265319352879812 0.47215625000000006 0.46215625000000005
decision_type=2 2 2 2 2 2
left_child=-1 2 -2 4 -3 -5
right_child=1 3 -4 5 -6 -7
leaf_value=-0.024420711997444455 -0.0085143267708018139 0.023053713699221351 0.035134696669712702 -0.023624044501891536 -0.0067006683350778863 0.018402244124029125
leaf_weight=54.112875401973724 114.43294331431389 91.357228703796864 11.224583543837069 22.056276947259903 22.431541942059994 14.532886274158953
leaf_count=359 542 509 80 82 97 76
internal_value=-0.000603443 0.0040656 -0.0046153 0.0113195 0.0171881 -0.00693158
internal_weight=330.148 276.035 125.658 150.378 113.789 36.5892
internal_count=1745 1386 622 764 606 158
is_linear=0
shrinkage=0.05


Tree=145
num_leaves=7
num_cat=0
split_feature=2 6 6 3 4 2
split_gain=4.92073 4.68153 5.51233 4.73057 5.56999 3.53759
threshold=-0.74984337387587452 87.40000000000002 97.000000000000014 0.30950439569417726 0.060141516335116156 -0.73172494401323818
decision_type=2 2 2 2 2 2
left_child=1 3 -3 4 -1 -2
right_child=5 2 -4 -5 -6 -7
leaf_value=-0.028411068242714395 0.04529447636625341 0.061289250543466282 -0.0011905385008380495 0.011932050212565616 0.033434541145325555 0.0036226320865294205
leaf_weight=46.682035516947508 5.1873322650790206 3.9053884148597708 36.743793494999409 11.503392957150934 3.948571626096963 279.66638550162315
leaf_count=250 14 10 117 27 16 1311
internal_value=0.000997559 -0.0083807 0.00481224 -0.0170118 -0.0235879 0.0043815
internal_weight=387.637 102.783 40.6492 62.134 50.6306 284.854
internal_count=1745 420 127 293 266 1325
is_linear=0
shrinkage=0.05


Tree=146
num_leaves=7
num_cat=0
split_feature=1 6 8 9 1 1
split_gain=3.97096 4.23647 5.26435 5.45911 5.36331 3.06716
threshold=0.23183619633715627 482.10000000000008 0.90552488504384543 13.500000000000002 0.75212464873192786 0.22293750887787192
decision_type=2 2 2 2 2 2
left_child=5 2 3 -2 -4 -1
right_child=1 -3 4 -5 -6 -7
leaf_value=0.0071864905726391664 -0.0063419354196887993 0.039380054983809143 -0.026829239652757877 0.0074019404731553665 0.029958843621801165 0.035450494894036844
leaf_weight=40.313981834799051 142.18789824843407 6.4232943356037131 31.981541007757187 146.89241247624159 4.7790457047522059 12.59819460660219
leaf_count=98 661 24 257 641 29 35
internal_value=0.00119414 -0.000831789 -0.00162448 0.000641837 -0.0194465 0.013916
internal_weight=385.176 332.264 325.841 289.08 36.7606 52.9122
internal_count=1745 1612 1588 1302 286 133
is_linear=0
shrinkage=0.05


Tree=147
num_leaves=7
num_cat=0
split_feature=3 6 2 4 7 2
split_gain=25.6063 9.32108 6.33655 5.88127 14.473 5.12809
threshold=0.39503056859112923 76.100000000000009 -2.4342599332193235 0.14292429932722797 0.34537500000000004 -2.0067440853092706
decision_type=2 2 2 2 2 2
left_child=1 5 -3 -2 -5 -1
right_child=3 2 -4 4 -6 -7
leaf_value=0.035493287104528995 -0.033424891244465668 0.035939779707984836 -0.025015774544234239 0.089648231521618743 -0.040790281860452804 0.0085741869460968217
leaf_weight=20.197441719472408 62.707494849339128 4.9615569636225691 30.30356166139245 3.4784105308353883 5.4720918834209442 142.61676213145256
leaf_count=47 1003 14 196 29 84 372
internal_value=-0.00240018 0.00686567 -0.0164398 -0.0280131 0.0099017 0.0119136
internal_weight=269.737 198.079 35.2651 71.658 8.9505 162.814
internal_count=1745 629 210 1116 113 419
is_linear=0
shrinkage=0.05


Tree=148
num_leaves=7
num_cat=0
split_feature=2 7 2 1 5 6
split_gain=13.8656 7.45283 3.95733 3.59946 4.62632 3.25345
threshold=-0.97112949605867749 0.20871875000000004 1.0504086377164741 0.46543225494188217 162.98686295821346 18.150000000000002
decision_type=2 2 2 2 2 2
left_child=5 2 -2 -3 -5 -1
right_child=1 3 -4 4 -6 -7
leaf_value=-0.039222298799724803 -0.020477635417259762 -0.0013724781710341128 0.032922074831246977 0.0097801142070387381 0.054207274688267582 -0.012864692700829867
leaf_weight=22.946573443710804 38.682440364733338 82.987346008419991 3.8113187775015822 149.67686050012708 6.0984876975417128 23.903782738372684
leaf_count=167 196 405 28 754 47 148
internal_value=-0.000590173 0.00360487 -0.0156881 0.00703854 0.0115194 -0.0257742
internal_weight=328.107 281.256 42.4938 238.763 155.775 46.8504
internal_count=1745 1430 224 1206 801 315
is_linear=0
shrinkage=0.05


Tree=149
num_leaves=7
num_cat=0
split_feature=2 9 3 8 5 7
split_gain=4.57732 4.43225 9.60519 3.31057 6.39832 3.29298
threshold=-0.74984337387587452 12.500000000000002 0.33908118691679207 0.47749236136084666 -13.078421170713632 0.080406249999999915
decision_type=2 2 2 2 2 2
left_child=1 2 -1 4 -3 -2
right_child=5 3 -4 -5 -6 -7
leaf_value=-0.029894799172963962 -0.017632919524881368 0.0066221507025727606 0.039708299100036371 0.025057455969818915 -0.033564134169571457 0.0055509969689287357
leaf_weight=36.639378510415554 16.242357671260834 34.16293378919363 5.7321106344461432 11.288424603641031 13.949209131300448 268.65102406218648
leaf_count=191 63 136 12 35 46 1262
internal_value=0.000977756 -0.0081242 -0.0204787 0.000688515 -0.00502911 0.00422923
internal_weight=386.665 101.772 42.3715 59.4006 48.1121 284.893
internal_count=1745 420 203 217 182 1325
is_linear=0
shrinkage=0.05


Tree=150
num_leaves=7
num_cat=0
split_feature=2 6 9 4 4 4
split_gain=3.97107 5.24473 4.99246 6.82964 4.13201 6.35749
threshold=-0.092697458948167791 482.10000000000008 14.500000000000002 0.074748527238938212 -0.03764482894159344 -0.060746432135089096
decision_type=2 2 2 2 2 2
left_child=4 2 -2 -4 5 -1
right_child=1 -3 3 -5 -6 -7
leaf_value=0.0072543423203189766 -0.017937305042062583 0.058591782875355547 -0.0066993226292681 0.034687951262363938 0.0080946556985538095 -0.025219430067964944
leaf_weight=35.047701798379421 60.876394731923938 3.034628488123416 44.097756318747997 12.879131451249121 201.77190733700991 26.442914873361588
leaf_count=108 539 12 324 76 608 78
internal_value=0.00119177 -0.00631021 -0.00798139 0.00265591 0.00463661 -0.00671041
internal_weight=384.15 120.888 117.853 56.9769 263.263 61.4906
internal_count=1745 951 939 400 794 186
is_linear=0
shrinkage=0.05


Tree=151
num_leaves=7
num_cat=0
split_feature=5 2 2 6 1 1
split_gain=24.8939 12.3727 7.18674 10.268 6.23833 4.28883
threshold=-15.608757796257793 -0.40446993742251575 -2.3116765117338702 76.100000000000009 0.21323368511806087 0.66898894270622955
decision_type=2 2 2 2 2 2
left_child=1 2 -1 -4 -2 -3
right_child=4 5 3 -5 -6 -7
leaf_value=0.046021907117508573 0.030556824733873902 -0.027597900521160953 0.013607592286810126 -0.026372110999811033 -0.034410421050307095 0.013360832605069584
leaf_weight=14.16780413687229 3.9476463049650183 31.29149728640914 133.0207238085568 18.265271056443453 57.74497614055872 8.0317238699644786
leaf_count=30 13 374 293 77 877 81
internal_value=-0.00241019 0.00597801 0.0119697 0.00878071 -0.0302532 -0.0192321
internal_weight=266.47 204.777 165.454 151.286 61.6926 39.3232
internal_count=1745 855 400 370 890 455
is_linear=0
shrinkage=0.05


Tree=152
num_leaves=7
num_cat=0
split_feature=2 7 9 4 8 2
split_gain=12.96 6.99574 5.69238 9.08926 4.84088 3.84283
threshold=-0.97112949605867749 0.20871875000000004 19.500000000000004 0.11957823038039821 -0.064959976546039092 0.15157980140431898
decision_type=2 2 2 2 2 2
left_child=-1 5 4 -4 -3 -2
right_child=1 2 3 -5 -6 -7
leaf_value=-0.025292828243323514 -0.028234425325392245 -0.0054762840827506879 0.046849898997829965 -0.018918908387587946 0.01002858917197981 0.0024062354816510377
leaf_weight=45.615461058914661 24.375224847346544 82.041096456348896 19.037061866372827 7.2553720623254767 130.28936607390642 17.636842131614685
leaf_count=315 139 393 125 29 659 85
internal_value=-0.000574918 0.00344282 0.00675526 0.0287011 0.00403775 -0.0153713
internal_weight=326.25 280.635 238.623 26.2924 212.33 42.0121
internal_count=1745 1430 1206 154 1052 224
is_linear=0
shrinkage=0.05


Tree=153
num_leaves=7
num_cat=0
split_feature=1 2 1 7 7 4
split_gain=4.71587 4.23706 5.69594 3.84015 3.42973 3.10098
threshold=0.19724067072468374 -1.4411669506150397 0.51799440630661275 0.43828125000000001 0.29899999999999999 0.127131988181762
decision_type=2 2 2 2 2 2
left_child=-1 2 3 -2 -4 -3
right_child=1 5 4 -5 -6 -7
leaf_value=-0.042600040973219955 -0.041411800299698577 0.0047866923509579662 0.037333802888362327 0.01819871792736048 -0.014624207239612268 -0.011581206961722639
leaf_weight=6.1169969365000716 17.028667174279693 314.84388437122107 6.2081503532826883 3.2112205326557151 6.5031003728508949 31.865742661058903
leaf_count=42 115 1356 25 8 23 176
internal_value=0.000952248 0.00165395 -0.0154798 -0.0319541 0.010752 0.00328233
internal_weight=385.778 379.661 32.9511 20.2399 12.7113 346.71
internal_count=1745 1703 171 123 48 1532
is_linear=0
shrinkage=0.05


Tree=154
num_leaves=7
num_cat=0
split_feature=2 7 7 1 8 8
split_gain=3.65549 4.85449 4.24648 7.90153 7.3045 3.88343
threshold=-0.092697458948167791 0.49631249999999999 0.28290625000000008 0.69022498695153722 -1.3918048521910398 -0.88497634374745204
decision_type=2 2 2 2 2 2
left_child=5 2 4 -4 -2 -1
right_child=1 -3 3 -5 -6 -7
leaf_value=-0.0055448576175691116 0.071456003311190674 0.047013688662706561 -0.028720957055064524 0.0065612184557319476 -0.0021169070874247835 0.0081637335032365959
leaf_weight=70.653032571077347 3.6558350510895243 4.1608920209109774 43.680079588666558 24.923020383343101 43.700182270258665 192.19709315150976
leaf_count=217 16 22 387 190 336 577
internal_value=0.00117664 -0.00604951 -0.00795355 -0.0159032 0.00356284 0.00447892
internal_weight=382.97 120.12 115.959 68.6031 47.356 262.85
internal_count=1745 951 929 577 352 794
is_linear=0
shrinkage=0.05


Tree=155
num_leaves=7
num_cat=0
split_feature=5 2 2 6 1 1
split_gain=23.4803 11.4819 6.88234 9.48181 5.95438 4.10786
threshold=-15.608757796257793 -0.40446993742251575 -2.3116765117338702 76.100000000000009 0.21323368511806087 0.66898894270622955
decision_type=2 2 2 2 2 2
left_child=1 2 -1 -4 -2 -3
right_child=4 5 3 -5 -6 -7
leaf_value=0.045258652169985099 0.029131215374592193 -0.027155682685496486 0.013028601064027288 -0.025606559695765627 -0.034115838409368875 0.012915845681601713
leaf_weight=13.822995036840437 3.9866605475544921 30.605189299210906 132.328299485147 18.046264667063951 55.910263618454337 8.08522663079202
leaf_count=30 13 374 293 77 877 81
internal_value=-0.00239895 0.00572179 0.0114957 0.00839204 -0.0299062 -0.0187818
internal_weight=262.785 202.888 164.198 150.375 59.8969 38.6904
internal_count=1745 855 400 370 890 455
is_linear=0
shrinkage=0.05


Tree=156
num_leaves=7
num_cat=0
split_feature=3 1 8 8 8 4
split_gain=12.0137 5.72691 6.20306 3.7777 3.65263 3.25752
threshold=0.22305323332595342 0.46543225494188217 0.16721635979913149 1.2574400707005009 1.134110719403514 0.098265319352879812
decision_type=2 2 2 2 2 2
left_child=-1 2 -2 4 -3 -4
right_child=1 3 5 -5 -6 -7
leaf_value=-0.0230055175401556 -0.015439165658710771 0.0091860576210246563 0.015252834516144554 0.036084213159861302 -0.025095533150072208 -0.017133582368693473
leaf_weight=50.462522476911545 63.499384500086308 142.68520408123732 37.28693712502718 12.348007373511789 8.2175369262695295 9.806242533028124
leaf_count=359 315 726 195 83 30 37
internal_value=-0.000587468 0.00354362 -0.00524142 0.00949496 0.00731922 0.00850899
internal_weight=324.306 273.843 110.593 163.251 150.903 47.0932
internal_count=1745 1386 547 839 756 232
is_linear=0
shrinkage=0.05


Tree=157
num_leaves=7
num_cat=0
split_feature=1 2 3 9 3 1
split_gain=4.50712 4.00509 4.59241 3.93112 8.73861 7.04748
threshold=0.19724067072468374 -0.74984337387587452 0.21927663915731749 12.500000000000002 0.33908118691679207 0.34178019254588771
decision_type=2 2 2 2 2 2
left_child=-1 3 -3 4 -2 -5
right_child=1 2 -4 5 -6 -7
leaf_value=-0.042419956310373375 -0.028828639447068302 0.047282271502948808 0.0037025106346662735 0.038860968540699231 0.037829731972491898 -0.0068148689787208561
leaf_weight=5.8996141999959937 34.021659165620804 6.1812835931777945 274.59032609313726 10.23689980432391 5.7472639083862296 48.24602023884654
leaf_count=42 180 20 1279 40 12 172
internal_value=0.000946481 0.00162149 0.00466193 -0.0070671 -0.0191954 0.00118027
internal_weight=384.923 379.023 280.772 98.2518 39.7689 58.4829
internal_count=1745 1703 1299 404 192 212
is_linear=0
shrinkage=0.05


Tree=158
num_leaves=7
num_cat=0
split_feature=1 8 1 7 5 9
split_gain=3.44335 3.84483 7.83208 6.10093 8.446 6.43458
threshold=0.23183619633715627 0.90552488504384543 0.75212464873192786 0.46881250000000002 16.152006851087616 17.500000000000004
decision_type=2 2 2 2 2 2
left_child=-1 3 -3 5 -5 -2
right_child=1 2 -4 4 -6 -7
leaf_value=0.01305312774871727 -0.0054930973760261232 -0.025563581518765241 0.035670951659566956 0.042378433772740171 -0.018771029165417157 0.012705683996327474
leaf_weight=52.580070469528437 199.93126345984638 32.115004124119878 6.2357785440981379 18.742658406496052 8.0817284397780877 64.157047599554062
leaf_count=133 909 263 33 84 38 285
internal_value=0.00117141 -0.000725981 -0.0156069 0.00123576 0.0239551 -0.00107192
internal_weight=381.844 329.263 38.3508 290.913 26.8244 264.088
internal_count=1745 1612 296 1316 122 1194
is_linear=0
shrinkage=0.05


Tree=159
num_leaves=7
num_cat=0
split_feature=5 3 1 1 5 3
split_gain=22.1447 10.2158 5.65485 3.86079 6.74789 3.71335
threshold=-15.608757796257793 0.39503056859112923 0.21323368511806087 0.66898894270622955 -33.883738552097348 0.71996015978702121
decision_type=2 2 2 2 2 2
left_child=1 -1 -2 5 -5 -3
right_child=2 3 -4 4 -6 -7
leaf_value=0.010399870902826139 0.027576084408695807 -0.040873914813982698 -0.033818251943162132 0.046339932478764084 -0.041419002558248298 0.0087349463636832228
leaf_weight=168.72150822356343 4.029798060655593 18.752572065219287 54.140514517202973 4.9864812418818474 3.9063479192554933 4.7219727337360373
leaf_count=414 13 238 877 37 49 117
internal_value=-0.00239567 0.00546382 -0.0295651 -0.0202664 0.00779012 -0.0308949
internal_weight=259.259 201.089 58.1703 32.3674 8.89283 23.4745
internal_count=1745 855 890 441 86 355
is_linear=0
shrinkage=0.05


Tree=160
num_leaves=7
num_cat=0
split_feature=2 8 2 4 4 1
split_gain=11.4623 5.72317 7.26792 12.9999 6.39856 6.84955
threshold=-0.97112949605867749 -0.064959976546039092 0.27218162270347218 0.094516624609975661 0.098265319352879812 0.75449895452537208
decision_type=2 2 2 2 2 2
left_child=-1 2 3 -2 5 -3
right_child=1 4 -4 -5 -6 -7
leaf_value=-0.024412785421240715 -0.021756972120348952 0.019923690726260577 0.010000316268794876 0.044138168290258614 -0.0084859407667891625 -0.017568635226302785
leaf_weight=43.585341572761536 67.65248622559011 102.00175459310412 50.503335922956467 8.4157431200146657 36.803517557680607 13.834160089492796
leaf_count=315 341 568 257 48 160 56
internal_value=-0.000565547 0.00315705 -0.00470412 -0.0144667 0.00967569 0.015446
internal_weight=322.796 279.211 126.572 76.0682 152.639 115.836
internal_count=1745 1430 646 389 784 624
is_linear=0
shrinkage=0.05


Tree=161
num_leaves=7
num_cat=0
split_feature=1 2 3 6 6 4
split_gain=4.27448 3.72105 4.14129 3.74877 4.75735 3.78509
threshold=0.19724067072468374 -0.74984337387587452 0.21927663915731749 87.40000000000002 97.000000000000014 0.067920507188025461
decision_type=2 2 2 2 2 2
left_child=-1 3 -3 5 -5 -2
right_child=1 2 -4 4 -6 -7
leaf_value=-0.042213122404824513 -0.019678748123505705 0.044519476933948254 0.0035595886616944777 0.056599987043720323 -0.00087107688552160833 0.020811937292014606
leaf_weight=5.6606426164507857 50.754445351660252 6.3128862604498854 274.63670414686203 3.9984762817621222 36.210725240409374 6.5123027488589278
leaf_count=42 258 20 1279 10 115 21
internal_value=0.000914398 0.00155952 0.00447995 -0.00685789 0.00484395 -0.0150742
internal_weight=384.086 378.426 280.95 97.4759 40.2092 57.2667
internal_count=1745 1703 1299 404 125 279
is_linear=0
shrinkage=0.05


Tree=162
num_leaves=7
num_cat=0
split_feature=2 6 6 4 1 4
split_gain=3.37043 4.66262 4.30614 14.8197 9.85683 3.73389
threshold=-0.092697458948167791 482.10000000000008 65.800000000000026 0.076845625692584019 0.72251458156134174 -0.03764482894159344
decision_type=2 2 2 2 2 2
left_child=5 2 3 -2 -4 -1
right_child=1 -3 4 -5 -6 -7
leaf_value=-0.0065145649142092548 -0.0092944307607700834 0.055275592760159378 -0.033511265569874014 0.057183812721753741 0.0096503950323276431 0.007618915210194083
leaf_weight=60.888003371655941 49.548864975571632 3.043809473514556 35.252149129286408 10.09072260186076 21.171900127083063 200.98261278122663
leaf_count=186 451 12 286 61 141 608
internal_value=0.00116104 -0.00581224 -0.00741429 0.00195336 -0.0173158 0.00433271
internal_weight=380.978 119.107 116.064 59.6396 56.424 261.871
internal_count=1745 951 939 512 427 794
is_linear=0
shrinkage=0.05


Tree=163
num_leaves=7
num_cat=0
split_feature=5 2 2 9 4 8
split_gain=20.8941 10.082 6.56011 6.63068 4.22635 5.57706
threshold=-15.608757796257793 -0.40446993742251575 -2.3116765117338702 12.500000000000002 0.070172816484309855 -0.68980244950596703
decision_type=2 2 2 2 2 2
left_child=1 2 -1 -4 -3 -6
right_child=-2 4 3 -5 5 -7
leaf_value=0.044213792753395695 -0.029219207352079998 -0.027047850455071045 0.015449873798098687 -0.0065894075674278367 -0.041740119100532519 0.043717969619860603
leaf_weight=13.335343211889265 56.536870010197163 29.292433902621269 95.913642667233944 52.977593045681715 2.9634310975670815 5.3663082867860776
leaf_count=30 890 352 209 161 38 65
internal_value=-0.00238305 0.00520885 0.0106171 0.00760799 -0.0181113 0.013315
internal_weight=256.386 199.849 162.227 148.891 37.6222 8.32974
internal_count=1745 855 400 370 455 103
is_linear=0
shrinkage=0.05


Tree=164
num_leaves=7
num_cat=0
split_feature=2 7 2 9 4 2
split_gain=10.7025 6.01852 5.71445 5.28344 8.26976 3.95621
threshold=-0.97112949605867749 0.20871875000000004 1.2196772780640137 19.500000000000004 0.11957823038039821 0.80729899985576858
decision_type=2 2 2 2 2 2
left_child=-1 2 -2 5 -5 -3
right_child=1 3 -4 4 -6 -7
leaf_value=-0.023918639767433393 -0.019946435560455722 -0.00028931377150341852 0.051731511167917847 0.044626009121173732 -0.018254333825451271 0.015993664121311865
leaf_weight=42.53000713698566 37.940425286069512 162.8762048073113 3.000537931919097 18.934716880321506 7.2236103340983382 48.385410726070404
leaf_count=315 199 737 25 125 29 315
internal_value=-0.000557689 0.00301157 -0.0146932 0.0060646 0.0272616 0.00343999
internal_weight=320.891 278.361 40.941 237.42 26.1583 211.262
internal_count=1745 1430 224 1206 154 1052
is_linear=0
shrinkage=0.05


Tree=165
num_leaves=7
num_cat=0
split_feature=1 2 1 3 6 8
split_gain=4.09943 3.51177 5.35004 3.053 2.81201 2.55996
threshold=0.19724067072468374 -1.4411669506150397 0.51799440630661275 0.049550582921709357 229.75000000000003 0.97005332990323334
decision_type=2 2 2 2 2 2
left_child=-1 2 4 -3 -2 -5
right_child=1 3 -4 5 -6 -7
leaf_value=-0.042064885583763596 -0.041358766732125601 0.043539909678397687 0.010780459996919697 0.00071595181198276319 0.0054568967269611642 0.013344740337153974
leaf_weight=5.4729767479002467 14.851171173155313 4.5773255303502074 12.615003913640974 295.1914520598948 4.0911770313978186 46.441462203860283
leaf_count=42 110 15 48 1253 13 264
internal_value=0.000898294 0.00152073 -0.0144469 0.00297619 -0.0312475 0.00243271
internal_weight=383.241 377.768 31.5574 346.21 18.9423 341.633
internal_count=1745 1703 171 1532 123 1517
is_linear=0
shrinkage=0.05


Tree=166
num_leaves=7
num_cat=0
split_feature=2 6 8 9 8 9
split_gain=3.23067 3.79363 3.12907 7.82972 6.05239 5.30542
threshold=0.6788832165309775 482.10000000000008 0.5010328742109279 16.500000000000004 0.65058239455716216 17.500000000000004
decision_type=2 2 2 2 2 2
left_child=2 -2 5 4 -4 -1
right_child=1 -3 3 -5 -6 -7
leaf_value=0.001383452227863507 -0.017226962956695079 0.065946676174183566 -0.028662430522629387 -0.036115468443871555 0.011254734803135331 0.01835355900651137
leaf_weight=215.14809375628829 32.132015030831099 1.4320553392171849 12.167512990534304 17.211755860596895 43.253161180764437 58.601139150559902
leaf_count=729 477 6 46 90 194 203
internal_value=0.00113314 -0.0136782 0.00256835 -0.00665761 0.00249099 0.00501622
internal_weight=379.946 33.5641 346.382 72.6324 55.4207 273.749
internal_count=1745 483 1262 330 240 932
is_linear=0
shrinkage=0.05


Tree=167
num_leaves=7
num_cat=0
split_feature=5 2 2 6 1 4
split_gain=19.7021 9.3374 6.25053 8.49785 5.56541 4.05635
threshold=-15.608757796257793 -0.40446993742251575 -2.3116765117338702 76.100000000000009 0.21323368511806087 0.070172816484309855
decision_type=2 2 2 2 2 2
left_child=1 2 -1 -4 -2 -3
right_child=4 5 3 -5 -6 -7
leaf_value=0.043414669703762697 0.027845758053752907 -0.026593010426715687 0.011698952776178839 -0.025111250473335275 -0.033270555078924263 0.012954870732603915
leaf_weight=13.015186071395872 4.0181807354092589 28.659498145803809 130.4973967038095 17.819784190505743 51.047983327880502 8.3795520532876235
leaf_count=30 13 352 293 77 877 103
internal_value=-0.00235102 0.00499401 0.0101917 0.00727634 -0.0288109 -0.0176459
internal_weight=253.438 198.371 161.332 148.317 55.0662 37.0391
internal_count=1745 855 400 370 890 455
is_linear=0
shrinkage=0.05


Tree=168
num_leaves=7
num_cat=0
split_feature=2 1 2 9 3 6
split_gain=9.94086 5.4016 5.8379 3.90789 4.58711 3.51097
threshold=-0.97112949605867749 0.46543225494188217 1.2404647768645736 19.500000000000004 0.44179736497140426 18.150000000000002
decision_type=2 2 2 2 2 2
left_child=5 2 -2 4 -3 -1
right_child=1 3 -4 -5 -6 -7
leaf_value=-0.038711102068135467 -0.0081434110554838793 0.026368450394748014 0.039379803656977463 0.02960579499947142 0.0019048094348463832 -0.0095739016979705417
leaf_weight=19.673707107082009 109.73546585999429 22.869872521609068 6.8666436895728102 19.774200644344091 118.18277999013662 21.789569620043039
leaf_count=167 544 133 57 122 574 148
internal_value=-0.000563909 0.00284893 -0.00534479 0.00878951 0.00587127 -0.0233991
internal_weight=318.892 277.429 116.602 160.827 141.053 41.4633
internal_count=1745 1430 601 829 707 315
is_linear=0
shrinkage=0.05


Tree=169
num_leaves=7
num_cat=0
split_feature=7 2 7 7 1 4
split_gain=4.04794 3.33094 5.02595 4.63277 3.77805 6.62715
threshold=0.080406249999999915 -1.4411669506150397 0.43337500000000001 0.24506250000000004 0.35909021417580866 -0.030362097711991044
decision_type=2 2 2 2 2 2
left_child=-1 2 3 -2 5 -3
right_child=1 4 -4 -5 -6 -7
leaf_value=-0.021577040059936652 0.021659871194892908 0.04311116646612366 0.030006944833094708 -0.033354351407281359 0.00034175800426235203 0.0062531202449346308
leaf_weight=19.063051346689463 4.7038844749331536 14.667139694094656 5.4116439074277869 20.522196915000677 245.73722503706813 72.373026123270392
leaf_count=86 29 43 15 124 1172 276
internal_value=0.000881883 0.00205997 -0.0137162 -0.0230959 0.00351243 0.0124641
internal_weight=382.478 363.415 30.6377 25.2261 332.777 87.0402
internal_count=1745 1659 168 153 1491 319
is_linear=0
shrinkage=0.05


Tree=170
num_leaves=7
num_cat=0
split_feature=2 6 9 4 5 4
split_gain=2.98525 4.08848 4.49149 6.33136 4.15052 3.49283
threshold=-0.092697458948167791 482.10000000000008 14.500000000000002 0.15167904221620557 110.74655254956444 -0.03764482894159344
decision_type=2 2 2 2 2 2
left_child=5 2 4 -4 -2 -1
right_child=1 -3 3 -5 -6 -7
leaf_value=-0.0064247773490260177 -0.021617244372231257 0.051340267967727296 -0.00093947019341187102 0.073133940711586173 0.019421604062922516 0.0072745454527862116
leaf_weight=60.569050975143909 51.524473585188389 3.0820563808083525 53.124446120113134 3.0504199266433707 6.9977605603635302 200.71711440756917
leaf_count=186 440 12 383 17 99 608
internal_value=0.00111983 -0.00548905 -0.00701612 0.00308288 -0.01671 0.00409889
internal_weight=379.065 117.779 114.697 56.1749 58.5222 261.286
internal_count=1745 951 939 400 539 794
is_linear=0
shrinkage=0.05


Tree=171
num_leaves=7
num_cat=0
split_feature=5 2 2 6 1 1
split_gain=18.6148 8.66118 5.95479 7.90884 5.28941 3.90929
threshold=-15.608757796257793 -0.40446993742251575 -2.3116765117338702 76.100000000000009 0.21323368511806087 0.66898894270622955
decision_type=2 2 2 2 2 2
left_child=1 2 -1 -4 -2 -3
right_child=4 5 3 -5 -6 -7
leaf_value=0.04266276987246273 0.026388727265340126 -0.025830139126959379 0.01122925514043397 -0.024449894856590756 -0.032972457278266372 0.013832454675350901
leaf_weight=12.686662852764128 4.0607533454895011 28.549801969900727 129.97513940557837 17.63981050811708 49.465325205586851 7.9405608959496012
leaf_count=30 13 374 293 77 877 81
internal_value=-0.00232489 0.00478613 0.0097908 0.00696564 -0.028469 -0.0171993
internal_weight=250.318 196.792 160.302 147.615 53.5261 36.4904
internal_count=1745 855 400 370 890 455
is_linear=0
shrinkage=0.05


Tree=172
num_leaves=7
num_cat=0
split_feature=2 8 4 6 7 6
split_gain=9.42069 7.14783 10.2963 6.56088 6.42462 5.04024
threshold=0.26591097315709422 -0.057715207688208141 0.094516624609975661 9.6000000000000103 0.32212500000000005 221.45000000000002
decision_type=2 2 2 2 2 2
left_child=1 2 -1 -2 -5 -6
right_child=3 -3 -4 4 5 -7
leaf_value=-0.022013732787739188 0.025606777084366778 0.0032733736192776352 0.030247038636774956 -0.019282695412718015 0.023496562464985524 -0.0040428258709596671
leaf_weight=92.420343704521656 42.831635855138302 79.534753296524286 10.495016798377035 25.741962775588036 34.244204796850681 32.271554492413998
leaf_count=568 271 390 59 111 197 149
internal_value=-0.000573686 -0.00798425 -0.0166843 0.00943493 0.00192698 0.0101352
internal_weight=317.539 182.45 102.915 135.089 92.2577 66.5158
internal_count=1745 1017 627 728 457 346
is_linear=0
shrinkage=0.05


Tree=173
num_leaves=7
num_cat=0
split_feature=1 5 1 5 9 3
split_gain=3.89089 2.91283 5.37971 9.26848 4.9142 5.30534
threshold=0.19724067072468374 -30.150721943966555 0.35909021417580866 -20.738366409386035 2.5000000000000004 0.24643183629388296
decision_type=2 2 2 2 2 2
left_child=-1 4 3 -3 5 -2
right_child=1 2 -4 -5 -6 -7
leaf_value=-0.041928017061917018 -0.028901773170325436 0.069976806043662118 0.00063068515336086098 0.010385123556551124 -0.0098117007466598533 0.019254338040944296
leaf_weight=5.2430403754115096 6.9288760721683493 7.5454665124416342 176.33376548439264 48.244113460183144 104.70202914625406 32.765491008758545
leaf_count=42 57 17 848 186 465 130
internal_value=0.000847976 0.00144363 0.00491222 0.0184448 -0.00413226 0.0108484
internal_weight=381.763 376.52 232.123 55.7896 144.396 39.6944
internal_count=1745 1703 1051 203 652 187
is_linear=0
shrinkage=0.05


Tree=174
num_leaves=7
num_cat=0
split_feature=1 8 1 7 5 5
split_gain=2.90074 3.51321 6.8259 5.63281 7.62551 5.15885
threshold=0.23183619633715627 0.90552488504384543 0.75212464873192786 0.46881250000000002 16.152006851087616 55.744754496401988
decision_type=2 2 2 2 2 2
left_child=-1 3 5 -2 -5 -3
right_child=1 2 -4 4 -6 -7
leaf_value=0.012066628010085279 -0.00099658297981779806 -0.044489377101844522 0.032241650308883284 0.040433721564747692 -0.017942835053231704 -0.0036820267407016872
leaf_weight=52.188229560852051 261.84380077384412 15.988135393708946 6.3331437967717639 18.817581817507747 7.9606825970113269 15.021635683253406
leaf_count=133 1194 122 33 84 38 141
internal_value=0.00112228 -0.000629953 -0.015061 0.00123718 0.0230795 -0.0247216
internal_weight=378.153 325.965 37.3429 288.622 26.7783 31.0098
internal_count=1745 1612 296 1316 122 263
is_linear=0
shrinkage=0.05


Tree=175
num_leaves=7
num_cat=0
split_feature=5 2 2 6 1 4
split_gain=17.5955 8.0661 5.64244 7.29953 5.05439 3.92044
threshold=-15.608757796257793 -0.40446993742251575 -2.3116765117338702 76.100000000000009 0.21323368511806087 0.070172816484309855
decision_type=2 2 2 2 2 2
left_child=1 2 -1 -4 -2 -3
right_child=4 5 3 -5 -6 -7
leaf_value=0.041891170053385808 0.025222745839015615 -0.02584627258858704 0.010790920007625238 -0.023673842340754415 -0.03267189986617651 0.013295432878007564
leaf_weight=12.348290950059889 4.0915757268667212 27.641788903623819 129.44165081903338 17.432327887043357 47.954658798873425 8.3236627597361785
leaf_count=30 13 352 293 77 877 103
internal_value=-0.00228913 0.00459874 0.00942951 0.00670033 -0.0281206 -0.0167875
internal_weight=247.234 195.188 159.222 146.874 52.0462 35.9655
internal_count=1745 855 400 370 890 455
is_linear=0
shrinkage=0.05


Tree=176
num_leaves=7
num_cat=0
split_feature=2 7 2 9 4 8
split_gain=8.9049 5.46534 5.14349 4.88068 8.04329 3.98802
threshold=-1.095339844944027 0.20871875000000004 1.2196772780640137 19.500000000000004 -0.0084771228897909476 -0.53457665231709584
decision_type=2 2 2 2 2 2
left_child=-1 2 -2 5 -5 -3
right_child=1 3 -4 4 -6 -7
leaf_value=-0.0247828927897733 -0.019324586324935392 -0.0094752009831533396 0.050368854409358094 0.058196603242999224 0.0020659326590433914 0.006540646594936448
leaf_weight=33.887131720781326 38.267214624211192 50.987803746014833 2.8441264182329169 10.986025862395765 15.229959007352589 163.52615443244576
leaf_count=273 210 245 25 77 79 836
internal_value=-0.00056632 0.00234535 -0.0145031 0.0052227 0.025588 0.00273384
internal_weight=315.728 281.841 41.1113 240.73 26.216 214.514
internal_count=1745 1472 235 1237 156 1081
is_linear=0
shrinkage=0.05


Tree=177
num_leaves=7
num_cat=0
split_feature=7 3 2 9 3 1
split_gain=3.78573 3.39935 3.06522 3.48085 7.7055 7.43071
threshold=0.080406249999999915 0.46168576820656448 -0.74984337387587452 12.500000000000002 0.33908118691679207 0.34178019254588771
decision_type=2 2 2 2 2 2
left_child=1 -1 3 4 -2 -5
right_child=2 -3 -4 5 -6 -7
leaf_value=-0.035984354971626546 -0.027557065904455405 0.0093891231425876943 0.0046643123856551106 0.041983690109010936 0.035510320143482876 -0.0062393636913867095
leaf_weight=12.588750071823599 31.235300211235881 6.1418769992887965 268.4087701626122 9.6203789040446264 5.7319508492946616 47.091663148254156
leaf_count=60 176 26 1262 38 12 171
internal_value=0.000812666 -0.0211061 0.00194651 -0.00584049 -0.0177782 0.00194098
internal_weight=380.819 18.7306 362.088 93.6793 36.9673 56.712
internal_count=1745 86 1659 397 188 209
is_linear=0
shrinkage=0.05


Tree=178
num_leaves=7
num_cat=0
split_feature=2 8 6 4 8 4
split_gain=2.85171 4.04778 3.87837 6.35988 5.33441 4.23696
threshold=-0.24702081047588856 1.5005622548104107 303.90000000000009 0.048637377339141911 -0.14239062134449174 -0.033687111757655548
decision_type=2 2 2 2 2 2
left_child=2 -2 3 5 -5 -1
right_child=1 -3 -4 4 -6 -7
leaf_value=-0.0045272813348982794 -0.0027110484112647087 -0.044209332661378394 0.028369217478125593 -0.032430129790655675 0.004102005145504968 0.011922595470286686
leaf_weight=57.14677407592535 133.76193070039153 6.1462098062038413 15.836900167167185 21.260195225477219 18.854322157800198 124.25938118621707
leaf_count=178 942 96 46 67 62 354
internal_value=0.00112804 -0.00453408 0.00446552 0.0027566 -0.0152596 0.00674054
internal_weight=377.266 139.908 237.358 221.521 40.1145 181.406
internal_count=1745 1038 707 661 129 532
is_linear=0
shrinkage=0.05


Tree=179
num_leaves=7
num_cat=0
split_feature=5 3 2 1 6 1
split_gain=16.6015 7.60237 5.50548 4.85112 4.63227 3.78079
threshold=-15.608757796257793 0.39503056859112923 -2.3116765117338702 0.21323368511806087 76.100000000000009 0.66898894270622955
decision_type=2 2 2 2 2 2
left_child=1 2 -1 -2 -4 -3
right_child=3 5 4 -5 -6 -7
leaf_value=0.041180552027326109 0.024233656380562161 -0.029855082651259426 0.0092811802555081823 -0.032373982493337984 -0.017678789333808866 0.0093024990632906771
leaf_weight=12.045518606901167 4.119933880865573 21.56319237686694 133.2896127179265 46.513443127274513 18.096045572310686 8.6321219988167268
leaf_count=30 13 355 308 877 76 86
internal_value=-0.00227727 0.00438855 0.00864713 -0.0277679 0.00605849 -0.0186609
internal_weight=244.26 193.626 163.431 50.6334 151.386 30.1953
internal_count=1745 855 414 890 384 441
is_linear=0
shrinkage=0.05


Tree=180
num_leaves=7
num_cat=0
split_feature=2 7 9 4 8 2
split_gain=8.31187 5.07612 4.49222 7.49085 3.72427 3.09377
threshold=-1.095339844944027 0.20871875000000004 19.500000000000004 -0.0084771228897909476 -0.064959976546039092 0.14314328384950267
decision_type=2 2 2 2 2 2
left_child=-1 5 4 -4 -3 -2
right_child=1 2 3 -5 -6 -7
leaf_value=-0.024284791276848097 -0.026382946240065881 -0.0057066483381937108 0.056034482303248458 0.0018507558337843525 0.0078331330084614754 0.0014089664389886824
leaf_weight=33.009969763457775 22.682318489998579 82.700676407665014 10.973500698804857 15.233973070979117 131.61295861378312 17.928628787398338
leaf_count=273 147 409 77 79 672 88
internal_value=-0.000549811 0.0022371 0.00499784 0.0245384 0.00260832 -0.0141136
internal_weight=314.142 281.132 240.521 26.2075 214.314 40.6109
internal_count=1745 1472 1237 156 1081 235
is_linear=0
shrinkage=0.05


Tree=181
num_leaves=7
num_cat=0
split_feature=7 3 2 6 7 5
split_gain=3.56937 3.19557 2.81402 2.69787 3.75759 3.22153
threshold=0.080406249999999915 0.46168576820656448 -2.3116765117338702 0.29999999999999294 0.19312500000000002 -30.150721943966555
decision_type=2 2 2 2 2 2
left_child=1 -1 -2 4 -4 -5
right_child=2 -3 3 5 -6 -7
leaf_value=-0.035401939273626802 -0.028037461399834686 0.0087795427679857128 -0.018812921257781307 -0.0079709861200714712 0.016734326645363097 0.0037720741523571649
leaf_weight=12.280367005616428 7.6891858056187621 6.1384426467120639 8.6053318269550783 80.957316372543573 54.628172971308231 209.6414078772068
leaf_count=60 40 26 34 380 240 965
internal_value=0.000793036 -0.0206776 0.00188692 0.00253721 0.0118968 0.000500599
internal_weight=379.94 18.4188 361.521 353.832 63.2335 290.599
internal_count=1745 86 1659 1619 274 1345
is_linear=0
shrinkage=0.05


Tree=182
num_leaves=7
num_cat=0
split_feature=9 8 1 6 3 9
split_gain=2.86159 7.01924 5.02848 6.88458 5.41106 4.69017
threshold=17.500000000000004 0.81828220798816076 0.50119202143104491 10.350000000000017 0.098078866389351607 16.500000000000004
decision_type=2 2 2 2 2 2
left_child=5 2 4 -4 -2 -1
right_child=1 -3 3 -5 -6 -7
leaf_value=0.00084689917057071545 -0.0099834756391000163 -0.039123091815721101 -0.029136898431736502 0.022826200067371964 0.034232961219655293 -0.021455696264007642
leaf_weight=275.7301459107548 8.6976549774408323 6.6584826931357375 12.61920631863177 12.880359336733816 33.838300064206123 25.776940867304802
leaf_count=1265 26 67 80 60 127 120
internal_value=0.00111066 0.00987197 0.014667 -0.00288926 0.0251917 -0.00105983
internal_weight=376.201 74.694 68.0355 25.4996 42.536 301.507
internal_count=1745 360 293 140 153 1385
is_linear=0
shrinkage=0.05


Tree=183
num_leaves=7
num_cat=0
split_feature=5 3 2 1 6 1
split_gain=15.6181 7.04904 5.25613 4.65247 4.30609 3.61561
threshold=-15.608757796257793 0.39503056859112923 -2.3116765117338702 0.21323368511806087 76.100000000000009 0.66898894270622955
decision_type=2 2 2 2 2 2
left_child=1 2 -1 -2 -4 -3
right_child=3 5 4 -5 -6 -7
leaf_value=0.040474608827826913 0.023316226987646391 -0.029473398966396277 0.0088565027704460043 -0.032060439634637193 -0.01722607108647611 0.0088756433925722602
leaf_weight=11.746728256344793 4.141471028327941 20.98282567225397 132.89807322621346 45.062420482747257 17.963065270334482 8.6924976967275125
leaf_count=30 13 355 308 877 76 86
internal_value=-0.00226272 0.00416958 0.00825928 -0.0273994 0.00575085 -0.0182402
internal_weight=241.487 192.283 162.608 49.2039 150.861 29.6753
internal_count=1745 855 414 890 384 441
is_linear=0
shrinkage=0.05


Tree=184
num_leaves=7
num_cat=0
split_feature=1 8 8 8 4 0
split_gain=7.0242 7.16249 3.05279 3.52587 4.24627 2.76223
threshold=0.46543225494188217 0.16721635979913149 1.2574400707005009 1.134110719403514 0.010966177475203851 1.0000000180025095e-35
decision_type=2 2 2 2 2 2
left_child=1 5 3 4 -2 -1
right_child=2 -3 -4 -5 -6 -7
leaf_value=-0.0063098722400522361 -0.002135755233110766 0.0052072269739337545 0.029732372390395362 -0.026814808926777511 0.014459606758193674 -0.025172496146731213
leaf_weight=30.803469426929951 78.631596837192774 53.833543334156275 12.675602830946444 8.64504826068878 75.609695561230183 52.467477871105075
leaf_count=135 422 279 87 32 406 384
internal_value=-0.000525707 -0.00900612 0.00609704 0.00425777 0.00599936 -0.0181949
internal_weight=312.666 137.104 175.562 162.886 154.241 83.2709
internal_count=1745 798 947 860 828 519
is_linear=0
shrinkage=0.05


Tree=185
num_leaves=7
num_cat=0
split_feature=7 3 2 9 3 2
split_gain=3.3176 2.86334 2.83087 3.3632 7.20601 3.15964
threshold=0.075906249999999967 0.40531554102093964 -0.74984337387587452 12.500000000000002 0.33908118691679207 -0.90472187545722471
decision_type=2 2 2 2 2 2
left_child=1 -1 3 4 -2 -5
right_child=2 -3 -4 5 -6 -7
leaf_value=-0.047327634972345337 -0.027238241007190078 0.0050035223486669051 0.0041433140064263616 0.0076163328083422846 0.033776007772016024 -0.021820234600250142
leaf_weight=6.5394254438579065 31.004467045888305 4.3544777035713196 274.9415965564549 45.360544253140688 5.7341820150613776 11.408770676702259
leaf_count=36 181 14 1292 169 12 41
internal_value=0.000783383 -0.02641 0.00158741 -0.00592773 -0.0177151 0.00170055
internal_weight=379.343 10.8939 368.45 93.508 36.7386 56.7693
internal_count=1745 50 1695 403 193 210
is_linear=0
shrinkage=0.05


Tree=186
num_leaves=7
num_cat=0
split_feature=2 6 8 7 1 5
split_gain=2.68474 3.24338 2.8316 9.52214 9.00114 5.6449
threshold=0.6788832165309775 482.10000000000008 0.5010328742109279 0.46881250000000002 0.72251458156134174 26.672736743172688
decision_type=2 2 2 2 2 2
left_child=2 -2 3 -1 5 -4
right_child=1 -3 4 -5 -6 -7
leaf_value=0.0029421197749272283 -0.016139386085059049 0.060187224309322412 -0.027884126993103921 0.054198753684576828 0.043883124077295659 0.0019402920580002673
leaf_weight=262.44767916202545 30.838108608499169 1.4576147198677052 31.244389716535807 9.384977847337721 7.8911881223320952 32.232761964201927
leaf_count=903 477 6 138 29 34 158
internal_value=0.00108772 -0.0126945 0.00238465 0.00471175 -0.00647895 -0.0127397
internal_weight=375.497 32.2957 343.201 271.833 71.3683 63.4772
internal_count=1745 483 1262 932 330 296
is_linear=0
shrinkage=0.05


Tree=187
num_leaves=7
num_cat=0
split_feature=5 2 2 9 1 4
split_gain=14.6971 6.62051 4.81544 5.59381 4.43763 3.93172
threshold=-15.608757796257793 -0.40446993742251575 -2.3116765117338702 12.500000000000002 0.21323368511806087 0.070172816484309855
decision_type=2 2 2 2 2 2
left_child=1 2 -1 -4 -2 -3
right_child=4 5 3 -5 -6 -7
leaf_value=0.039591196339524494 0.022229203646158897 -0.025154647369274547 0.013171922312909538 -0.0073427878320343198 -0.031747842587143804 0.014586106341600619
leaf_weight=11.416610509157179 4.1713733524084082 26.522094782441854 93.271401926875114 51.61870633251965 43.686717724427581 8.1319813132286054
leaf_count=30 13 352 209 161 877 103
internal_value=-0.00226631 0.0039432 0.00832681 0.00586333 -0.0270431 -0.015829
internal_weight=238.819 190.961 156.307 144.89 47.8581 34.6541
internal_count=1745 855 400 370 890 455
is_linear=0
shrinkage=0.05


Tree=188
num_leaves=7
num_cat=0
split_feature=2 1 2 7 5 4
split_gain=7.60836 4.76056 5.17087 2.98877 2.98105 2.89608
threshold=-1.095339844944027 0.46543225494188217 1.2404647768645736 0.26912500000000006 108.94824492636316 0.010966177475203851
decision_type=2 2 2 2 2 2
left_child=-1 2 3 -2 5 -3
right_child=1 4 -4 -5 -6 -7
leaf_value=-0.023650097368708222 -0.017028155634486918 -0.0012163494613572244 0.037708329537981228 -0.00057357868364586934 0.032284446538905769 0.012675218149612181
leaf_weight=31.864836972206831 50.527721209451556 73.921276692301035 6.539101965725421 60.808928336948156 11.466260202229021 76.187590647488832
leaf_count=273 276 366 57 299 84 390
internal_value=-0.000502186 0.00213729 -0.0055032 -0.00804113 0.00771135 0.0058343
internal_weight=311.316 279.451 117.876 111.337 161.575 150.109
internal_count=1745 1472 632 575 840 756
is_linear=0
shrinkage=0.05


Tree=189
num_leaves=7
num_cat=0
split_feature=1 8 8 8 8 8
split_gain=3.51533 2.80296 11.4516 4.51468 8.29346 7.24823
threshold=0.19724067072468374 0.97005332990323334 1.1818816732152511 0.014378250060675052 -0.033952398795413043 0.35495228837906984
decision_type=2 2 2 2 2 2
left_child=-1 3 -3 4 -2 -5
right_child=1 2 -4 5 -6 -7
leaf_value=-0.041642529061927919 0.002196124749069708 0.041114774606152191 -0.0076520463180947797 -0.02838429314218667 0.066535075458436357 -5.2414998179965885e-05
leaf_weight=4.8247746787965289 213.8079307731241 20.416870266199112 29.333801034837961 32.833103585988283 5.1288836523890486 72.252411186695099
leaf_count=42 869 91 184 173 25 361
internal_value=0.00076367 0.00131106 0.0123611 -0.000385566 0.00370335 -0.00890448
internal_weight=378.598 373.773 49.7507 324.022 218.937 105.086
internal_count=1745 1703 275 1428 894 534
is_linear=0
shrinkage=0.05


Tree=190
num_leaves=7
num_cat=0
split_feature=9 8 1 6 3 9
split_gain=2.68883 6.50628 4.54441 6.52739 4.74843 4.38553
threshold=17.500000000000004 0.81828220798816076 0.50119202143104491 1.4000000000000072 0.098078866389351607 16.500000000000004
decision_type=2 2 2 2 2 2
left_child=5 2 4 -4 -2 -1
right_child=1 -3 3 -5 -6 -7
leaf_value=0.00080109974647648251 -0.0092907719531541214 -0.038493447615985062 -0.040151238971956715 0.014528005135859763 0.032405060178751582 -0.020880235790869849
leaf_weight=274.6601426936686 8.5336054414510709 6.4315303452312937 7.9607425723224905 17.360982529819012 34.166639246046543 25.487610694020987
leaf_count=1265 26 67 50 90 127 120
internal_value=0.00106979 0.00957515 0.0141201 -0.00266227 0.0240722 -0.00104001
internal_weight=374.601 74.4535 68.022 25.3217 42.7002 300.148
internal_count=1745 360 293 140 153 1385
is_linear=0
shrinkage=0.05


Tree=191
num_leaves=7
num_cat=0
split_feature=5 2 6 6 1 7
split_gain=13.8359 6.22571 6.40915 11.222 5.87392 4.87006
threshold=-15.608757796257793 -1.6435202251082124 2.0500000000000003 12.250000000000016 0.51063578034859924 0.074000000000000024
decision_type=2 2 2 2 2 2
left_child=1 4 5 -4 -1 -3
right_child=-2 2 3 -5 -6 -7
leaf_value=0.030581567669819815 -0.02668062048609228 0.027507055508110959 0.037405499639861867 -0.0034952249151455114 -0.014337477355229541 -0.017445002197164119
leaf_weight=32.92576352506876 46.563808651641011 6.7167961541563264 23.460668347775936 58.811695585027337 9.3431108482182008 58.521172495558858
leaf_count=81 890 21 93 311 25 324
internal_value=-0.00225744 0.00373497 -0.00111277 0.00816797 0.0206527 -0.0128168
internal_weight=236.343 189.779 147.51 82.2724 42.2689 65.238
internal_count=1745 855 749 404 106 345
is_linear=0
shrinkage=0.05


Tree=192
num_leaves=7
num_cat=0
split_feature=2 1 8 4 3 4
split_gain=7.12467 4.3856 5.3952 4.08835 3.67438 6.6962
threshold=-1.095339844944027 0.46543225494188217 -0.064959976546039092 0.098265319352879812 0.44179736497140426 0.127131988181762
decision_type=2 2 2 2 2 2
left_child=-1 2 -2 -4 5 -3
right_child=1 4 3 -5 -6 -7
leaf_value=-0.023180432651575284 -0.016188556126702766 0.014463894128588454 0.011754547542867665 -0.021257092649741093 0.0038925736027843982 0.087402734979643598
leaf_weight=31.114310933277011 57.824898602440953 24.966589588671926 47.724004112184048 11.672969743609427 133.00419433414936 3.6004464551806441
leaf_count=273 328 138 260 44 677 25
internal_value=-0.000487154 0.0020455 -0.00531693 0.00526695 0.00738703 0.0236567
internal_weight=309.907 278.793 117.222 59.397 161.571 28.567
internal_count=1745 1472 632 304 840 163
is_linear=0
shrinkage=0.05


Tree=193
num_leaves=7
num_cat=0
split_feature=1 2 3 4 4 2
split_gain=3.36797 2.60231 3.88498 3.23482 5.45066 5.29177
threshold=0.19724067072468374 -0.74984337387587452 0.21927663915731749 0.048637377339141911 -0.030362097711991044 -0.91478720707834149
decision_type=2 2 2 2 2 2
left_child=-1 3 -3 4 -2 -5
right_child=1 2 -4 5 -6 -7
leaf_value=-0.041507644419778437 0.0041404058543593096 0.042377094168417659 0.0027796258187668919 0.024371649636068651 -0.023918132967638187 -0.029987258399218016
leaf_weight=4.6590052694082251 31.380534244701266 6.337615840137004 273.95618908107281 17.171479575335983 38.597775360569358 6.0561575442552558
leaf_count=42 126 20 1279 60 198 20
internal_value=0.000741255 0.00126826 0.00367495 -0.00596924 -0.0113358 0.0101986
internal_weight=378.159 373.5 280.294 93.2059 69.9783 23.2276
internal_count=1745 1703 1299 404 324 80
is_linear=0
shrinkage=0.05


Tree=194
num_leaves=7
num_cat=0
split_feature=2 8 8 4 1 6
split_gain=2.55656 3.65921 3.68935 5.57954 5.18079 3.41387
threshold=-0.24702081047588856 1.5005622548104107 1.1459261920039674 0.072710138491157164 0.75449895452537208 303.90000000000009
decision_type=2 2 2 2 2 2
left_child=5 2 3 -2 -4 -1
right_child=1 -3 4 -5 -6 -7
leaf_value=0.0025967428109173831 -0.010964081323743498 -0.04368663338563096 0.0028252468681126126 0.01321900188375238 0.090157106966248957 0.026672871031496626
leaf_weight=219.66388890519738 92.916029639542103 5.6701325289905062 5.3329018410295239 32.088558005169034 2.4916475079953671 15.781372800469397
leaf_count=661 658 96 59 217 8 46
internal_value=0.00103968 -0.00435066 -0.0026715 -0.00475631 0.0306352 0.00421051
internal_weight=373.945 138.499 132.829 125.005 7.82455 235.445
internal_count=1745 1038 942 875 67 707
is_linear=0
shrinkage=0.05


Tree=195
num_leaves=7
num_cat=0
split_feature=5 3 9 4 9 6
split_gain=13.0496 5.93795 4.23646 14.9063 4.56323 3.16877
threshold=-15.608757796257793 0.39503056859112923 12.500000000000002 0.11554238405492366 7.5000000000000009 2.0500000000000003
decision_type=2 2 2 2 2 2
left_child=1 5 3 4 -2 -1
right_child=2 -3 -4 -5 -6 -7
leaf_value=-0.00049980947032066071 -0.03970912734801383 -0.017368740723125636 -0.03963742301595144 0.17105578562038237 0.010709846076023195 0.013651730588431932
leaf_weight=71.464690983295441 11.106843017973011 28.688666353002191 25.716681530699134 1.0880499351769675 7.5303190723061553 88.597031380981207
leaf_count=176 239 441 539 18 94 238
internal_value=-0.00221238 0.00357879 -0.026267 -0.00883525 -0.0193374 0.00733332
internal_weight=234.192 188.75 45.4419 19.7252 18.6372 160.062
internal_count=1745 855 890 351 333 414
is_linear=0
shrinkage=0.05


Tree=196
num_leaves=7
num_cat=0
split_feature=2 1 4 7 4 8
split_gain=6.9786 6.2617 5.35572 6.03531 4.06117 6.14818
threshold=0.27218162270347218 0.40684294970631624 0.098265319352879812 0.49584374999999997 -0.037139338715234095 -0.064959976546039092
decision_type=2 2 2 2 2 2
left_child=1 -1 3 -2 5 -3
right_child=2 4 -4 -5 -6 -7
leaf_value=-0.018872245426713549 0.016621686430477105 -0.030919448942046374 -0.0092836940193014236 -0.045556783394177069 0.0071155183711095185 0.011346403656103295
leaf_weight=67.93363694101572 94.702781409025192 20.825196161866188 32.709341242909431 4.0703909695148459 74.042993195354939 14.661792811006306
leaf_count=448 559 106 148 14 396 74
internal_value=-0.000478169 -0.0069465 0.00825222 0.0140593 0.00045019 -0.0134569
internal_weight=308.946 177.464 131.483 98.7732 109.53 35.487
internal_count=1745 1024 721 573 576 180
is_linear=0
shrinkage=0.05


Tree=197
num_leaves=7
num_cat=0
split_feature=1 8 8 8 8 8
split_gain=3.22639 2.62081 10.414 4.09123 7.47284 6.8294
threshold=0.19724067072468374 0.97005332990323334 1.1818816732152511 0.014378250060675052 -0.033952398795413043 0.35495228837906984
decision_type=2 2 2 2 2 2
left_child=-1 3 -3 4 -2 -5
right_child=1 2 -4 5 -6 -7
leaf_value=-0.041383465725928117 0.0020202516364437088 0.039052619012997274 -0.0073440553842223635 -0.027618854239793423 0.062320274503882438 1.5722352446667377e-05
leaf_weight=4.4955194741487494 213.56781030073762 20.66906626522541 29.153040546923876 32.408255364745855 5.2646181583404532 72.087430976331234
leaf_count=42 869 91 184 173 25 361
internal_value=0.000721965 0.00122923 0.0119039 -0.000415653 0.00347094 -0.00855486
internal_weight=377.646 373.15 49.8221 323.328 218.832 104.496
internal_count=1745 1703 275 1428 894 534
is_linear=0
shrinkage=0.05


Tree=198
num_leaves=7
num_cat=0
split_feature=9 1 5 2 6 3
split_gain=2.52305 4.72916 6.54744 6.97023 4.66805 5.85073
threshold=17.500000000000004 0.49893258900300846 101.52493351361518 -1.6435202251082124 1.4000000000000072 0.41921347397424785
decision_type=2 2 2 2 2 2
left_child=-1 2 3 -2 -3 -6
right_child=1 4 -4 -5 5 -7
leaf_value=-0.0010227952757442232 -0.020224104528684093 -0.039610895159704063 -0.03076489962159587 0.035559247017223704 0.038516311494431951 -0.016165272832667568
leaf_weight=299.03651868365705 6.7196954488754264 7.8482162524014738 5.7509437538683406 33.602901354432106 8.170566678047182 12.190136048942803
leaf_count=1385 21 52 25 128 22 112
internal_value=0.00102588 0.00927319 0.0191448 0.026263 -0.00685002 0.00577795
internal_weight=373.319 74.2825 46.0735 40.3226 28.2089 20.3607
internal_count=1745 360 174 149 186 134
is_linear=0
shrinkage=0.05


Tree=199
num_leaves=7
num_cat=0
split_feature=5 2 6 6 7 9
split_gain=12.3176 5.73897 4.9227 12.6725 5.31403 4.17482
threshold=-15.608757796257793 -2.2288662200627738 2.0500000000000003 11.200000000000001 0.27840625000000002 12.500000000000002
decision_type=2 2 2 2 2 2
left_child=1 -1 4 -4 -3 -2
right_child=5 2 3 -5 -6 -7
leaf_value=0.034700927792090101 -0.0086373627508035383 -0.0050864769094023619 0.036227697542556024 -0.0032322975622016154 -0.058852268939735469 -0.039552185169643476
leaf_weight=13.586849421262739 19.548250427469611 71.637151873670518 28.840127125382423 69.086083011701703 4.9107404574751845 24.743192833848298
leaf_count=37 351 310 107 337 64 539
internal_value=-0.00218591 0.00340098 0.000963557 0.00838902 -0.00853569 -0.0259078
internal_weight=232.352 188.061 174.474 97.9262 76.5479 44.2914
internal_count=1745 855 818 444 374 890
is_linear=0
shrinkage=0.05


Tree=200
num_leaves=7
num_cat=0
split_feature=2 6 7 1 6 8
split_gain=6.47067 6.61698 6.39691 5.87733 4.89865 4.04654
threshold=0.27218162270347218 9.6000000000000103 0.32212500000000005 0.40684294970631624 221.45000000000002 0.88116050215544839
decision_type=2 2 2 2 2 2
left_child=3 -2 -3 5 -4 -1
right_child=1 2 4 -5 -6 -7
leaf_value=-0.023626014478064034 0.024602762830715722 -0.021097305611601665 0.022071951764115874 0.00041699006838546884 -0.0053660806772577296 0.01045360694707631
leaf_weight=56.690871993079782 40.966918468475342 25.059344336390495 33.21056056022644 109.37815064750612 31.8848866969347 10.291585102677343
leaf_count=395 268 109 196 576 148 53
internal_value=-0.000471721 0.00794025 0.000368703 -0.00672591 0.00863232 -0.0183898
internal_weight=307.482 131.122 90.1548 176.361 65.0954 66.9825
internal_count=1745 721 453 1024 344 448
is_linear=0
shrinkage=0.05


Tree=201
num_leaves=7
num_cat=0
split_feature=1 2 7 1 3 9
split_gain=3.09692 2.41057 2.34586 2.65648 2.48536 1.26639
threshold=0.19724067072468374 -2.3116765117338702 0.080406249999999915 0.35909021417580866 0.46168576820656448 15.500000000000002
decision_type=2 2 2 2 2 2
left_child=-1 5 4 -4 -3 -2
right_child=1 2 3 -5 -6 -7
leaf_value=-0.041235444511528552 -0.0058429740773554804 -0.032774008548187905 0.0099888368135776784 4.7531261091098112e-05 0.0078483956434049224 -0.047291430226719555
leaf_weight=4.348682574927806 3.5942211654037228 9.7150698527693731 90.770880475640297 258.76266752555966 6.148134183138608 3.7819790318608284
leaf_count=42 22 41 341 1253 26 20
internal_value=0.000715074 0.00120446 0.00177573 0.0026292 -0.0170299 -0.0270947
internal_weight=377.122 372.773 365.397 349.534 15.8632 7.3762
internal_count=1745 1703 1661 1594 67 42
is_linear=0
shrinkage=0.05


Tree=202
num_leaves=7
num_cat=0
split_feature=6 2 8 4 8 1
split_gain=2.39995 3.60363 2.93531 2.88665 2.75992 7.90007
threshold=482.10000000000008 0.66384787902587739 -0.91642268504886382 -0.0038347100251753994 0.33549895356740689 0.72924527729992761
decision_type=2 2 2 2 2 2
left_child=1 4 -3 -4 -1 -6
right_child=-2 2 3 -5 5 -7
leaf_value=0.0044911256721930229 0.031420809803261833 0.037818606979146602 -0.04202963935642183 -0.0086084432923195387 -0.011234254159974134 0.04219253334075232
leaf_weight=255.52327311038971 6.365411475300788 2.3422631137073067 9.995744597166782 18.269603628665205 72.565380930900574 7.6484383642673484
leaf_count=863 24 28 180 275 343 32
internal_value=0.00098273 0.000453854 -0.0159702 -0.0204275 0.00195116 -0.00613998
internal_weight=372.71 366.345 30.6076 28.2653 335.737 80.2138
internal_count=1745 1721 483 455 1238 375
is_linear=0
shrinkage=0.05


Tree=203
num_leaves=7
num_cat=0
split_feature=5 2 2 6 1 4
split_gain=11.659 5.49781 4.21728 5.96751 4.1734 4.00237
threshold=-15.608757796257793 -0.40446993742251575 -2.3116765117338702 76.100000000000009 0.21323368511806087 0.14292429932722797
decision_type=2 2 2 2 2 2
left_child=1 2 -1 -4 -2 -6
right_child=4 -3 3 -5 5 -7
leaf_value=0.037572449842651325 0.02209740836077001 -0.015016724033165627 0.0087804448315008596 -0.022771416984107559 -0.036093680502711091 0.015969195310272376
leaf_weight=10.695771306753157 4.1573426425456992 33.684978047385812 125.78792762756348 17.012754790484905 34.958242436870933 4.1273126415908328
leaf_count=30 13 455 293 77 793 84
internal_value=-0.00213041 0.00327542 0.00728965 0.00502147 -0.0255301 -0.030596
internal_weight=230.424 187.181 153.496 142.801 43.2429 39.0856
internal_count=1745 855 400 370 890 877
is_linear=0
shrinkage=0.05


Tree=204
num_leaves=7
num_cat=0
split_feature=2 8 2 4 9 6
split_gain=6.23426 3.60659 5.37496 5.03882 4.23381 4.05467
threshold=-1.095339844944027 -0.064959976546039092 1.1330762689225773 0.098265319352879812 19.500000000000004 167.75000000000003
decision_type=2 2 2 2 2 2
left_child=-1 2 4 -3 -2 -5
right_child=1 3 -4 5 -6 -7
leaf_value=-0.022262551987818447 -0.01152450218096731 0.012116649188609442 0.030304451819300665 -0.031347018366488739 0.016310284236083616 0.0032568989562838887
leaf_weight=29.682847527787089 97.488570261746645 115.80192233994603 10.179540306329725 13.172520175576208 15.887842649593948 23.6893310546875
leaf_count=273 496 640 80 47 94 115
internal_value=-0.000488184 0.00185171 -0.00449907 0.00699161 -0.00762391 -0.00910875
internal_weight=305.903 276.22 123.556 152.664 113.376 36.8619
internal_count=1745 1472 670 802 590 162
is_linear=0
shrinkage=0.05


Tree=205
num_leaves=7
num_cat=0
split_feature=7 3 8 4 4 7
split_gain=2.88032 2.73391 2.36699 2.31035 4.14418 4.1252
threshold=0.075906249999999967 0.40531554102093964 -2.4258441336836176 0.13966082886833689 0.19094572830560688 0.49196875000000001
decision_type=2 2 2 2 2 2
left_child=1 -1 -2 5 -5 -4
right_child=2 -3 3 4 -6 -7
leaf_value=-0.047112024543605684 -0.026775240514188944 0.0049951681327112946 0.0020519650500046356 -0.02979714543689669 0.010094307933194433 0.031731154364119232
leaf_weight=6.0188228711485845 7.2887076511979094 4.326921708881855 320.33149889484048 14.780919894576074 11.63581036403775 12.152090527117251
leaf_count=36 35 14 1467 80 64 49
internal_value=0.000698031 -0.0253191 0.00143308 0.00200595 -0.0122261 0.00313672
internal_weight=376.535 10.3457 366.189 358.9 26.4167 332.484
internal_count=1745 50 1695 1660 144 1516
is_linear=0
shrinkage=0.05


Tree=206
num_leaves=7
num_cat=0
split_feature=9 8 6 1 1 2
split_gain=2.42176 5.99075 9.81291 8.27604 6.33577 5.22591
threshold=17.500000000000004 -0.39683882464305958 1.4000000000000072 0.46543225494188217 0.23070468961622667 -1.1787650503604865
decision_type=2 2 2 2 2 2
left_child=-1 2 3 -2 -3 -4
right_child=1 4 5 -5 -6 -7
leaf_value=-0.0010513753162461265 0.026421263864401631 0.074480039636045936 0.01532544751035834 -0.040671071767601173 -0.010877155198300584 0.06937613021056406
leaf_weight=298.0464293602854 10.630583375692369 2.3224671185016623 7.2854003310203579 8.0975691713392717 34.007334150373936 11.580229159444569
leaf_count=1385 32 6 21 46 208 47
internal_value=0.000957862 0.00905874 0.0230512 -0.00258773 -0.0054205 0.0485032
internal_weight=371.97 73.9236 37.5938 18.7282 36.3298 18.8656
internal_count=1745 360 146 78 214 68
is_linear=0
shrinkage=0.05


Tree=207
num_leaves=7
num_cat=0
split_feature=5 3 4 7 2 3
split_gain=11.2395 6.61582 8.9503 15.3529 3.68431 3.46753
threshold=19.136017602307707 0.39503056859112923 0.14292429932722797 0.34537500000000004 -2.2288662200627738 0.35587418485193539
decision_type=2 2 2 2 2 2
left_child=1 4 -3 -4 -1 -6
right_child=-2 2 3 -5 5 -7
leaf_value=0.03093331041310457 -0.036419989209595043 -0.026758669355030379 0.12739422872654868 -0.040276966464218127 0.0013383511993899249 0.028002849711069689
leaf_weight=13.445389859378336 21.55082933884114 33.418104116804898 2.689406866207718 2.7728885933756828 141.01881948672235 13.346438264474271
leaf_count=43 499 648 22 56 421 56
internal_value=-0.00205831 0.00152444 -0.0170598 0.0422773 0.00583027 0.00364377
internal_weight=228.242 206.691 38.8804 5.4623 167.811 154.365
internal_count=1745 1246 726 78 520 477
is_linear=0
shrinkage=0.05


Tree=208
num_leaves=7
num_cat=0
split_feature=2 7 2 9 4 2
split_gain=5.84883 3.86476 4.28567 3.8961 6.83609 2.67822
threshold=-1.095339844944027 0.20871875000000004 1.2196772780640137 19.500000000000004 0.11957823038039821 0.80729899985576858
decision_type=2 2 2 2 2 2
left_child=-1 2 -2 5 -5 -3
right_child=1 3 -4 4 -6 -7
leaf_value=-0.021815326846812803 -0.017417341762716958 -0.0010435841083522063 0.048754236437954013 0.038433079326938853 -0.019318900719484479 0.012605234984363993
leaf_weight=29.058440055698156 35.930464539676905 165.37272375449538 2.6257130131125441 18.623580269515518 7.0690127760171881 45.922104775905609
leaf_count=273 210 766 25 127 29 315
internal_value=-0.000480113 0.00176987 -0.012911 0.00415834 0.0225433 0.0019228
internal_weight=304.602 275.544 38.5562 236.987 25.6926 211.295
internal_count=1745 1472 235 1237 156 1081
is_linear=0
shrinkage=0.05


Tree=209
num_leaves=7
num_cat=0
split_feature=1 8 8 8 8 8
split_gain=2.94467 2.29141 9.40969 3.9442 6.77764 6.28769
threshold=0.19724067072468374 0.97005332990323334 1.1818816732152511 0.014378250060675052 -0.033952398795413043 0.35495228837906984
decision_type=2 2 2 2 2 2
left_child=-1 3 -3 4 -2 -5
right_child=1 2 -4 5 -6 -7
leaf_value=-0.041120640029203195 0.0020396990648674485 0.036661116730981845 -0.0072951384963071374 -0.026868650260506579 0.058964168860803273 -0.00021137746451187689
leaf_weight=4.1633779332041732 212.53724173642695 20.953917842358351 29.060669612139463 31.921504590660334 5.360917590558528 72.048105474561453
leaf_count=42 869 91 184 173 25 361
internal_value=0.000695896 0.00116405 0.0111206 -0.000383086 0.0034402 -0.00839589
internal_weight=376.046 371.882 50.0146 321.868 217.898 103.97
internal_count=1745 1703 275 1428 894 534
is_linear=0
shrinkage=0.05


Tree=210
num_leaves=7
num_cat=0
split_feature=1 2 7 7 8 9
split_gain=2.41408 3.53007 5.24006 7.55937 3.17385 4.54468
threshold=0.78380978922095312 0.3523018249681017 0.31153124999999998 0.29899999999999999 -1.0707332522571351 15.500000000000002
decision_type=2 2 2 2 2 2
left_child=1 4 3 -3 5 -1
right_child=-2 2 -4 -5 -6 -7
leaf_value=-0.019060200695871107 0.031582093416700568 -0.0027073657396576773 -0.027106024130245987 0.10667569349600292 0.004830074903063343 0.010115317038061627
leaf_weight=35.890072971582413 6.314919549971818 25.110242400318388 26.762171924114227 1.6855479292571534 254.51417781040072 21.251033395528793
leaf_count=126 42 313 292 18 888 66
internal_value=0.000931445 0.000401464 -0.0114566 0.00417321 0.00243927 -0.00820969
internal_weight=371.528 365.213 53.558 26.7958 311.655 57.1411
internal_count=1745 1703 623 331 1080 192
is_linear=0
shrinkage=0.05


Tree=211
num_leaves=7
num_cat=0
split_feature=5 3 4 7 3 5
split_gain=10.71 6.15675 8.22729 12.8323 3.77207 4.97591
threshold=19.136017602307707 0.39503056859112923 0.14292429932722797 0.34537500000000004 0.37506780600364847 -17.202435582304563
decision_type=2 2 2 2 2 2
left_child=1 4 -3 -4 5 -1
right_child=-2 2 3 -5 -6 -7
leaf_value=0.006262041019444848 -0.036165783497764323 -0.026336604013203459 0.1106790036293509 -0.040181279605127261 0.043754108978266593 -0.031277900604524726
leaf_weight=152.01384532079101 20.869551212526858 32.589689027518034 2.9670777358114711 2.6853641401976347 6.222770430147647 9.371428966522215
leaf_count=389 499 648 22 56 26 105
internal_value=-0.00203557 0.00142463 -0.0166782 0.0390082 0.00555504 0.00408215
internal_weight=226.72 205.85 38.2421 5.65244 167.608 161.385
internal_count=1745 1246 726 78 520 494
is_linear=0
shrinkage=0.05


Tree=212
num_leaves=7
num_cat=0
split_feature=2 1 6 9 4 2
split_gain=5.46545 3.63602 3.70768 2.91734 6.00374 3.19713
threshold=-1.095339844944027 0.25028050465820589 72.250000000000014 19.500000000000004 -0.0084771228897909476 1.0394143932003039
decision_type=2 2 2 2 2 2
left_child=-1 2 -2 5 -5 -3
right_child=1 3 -4 4 -6 -7
leaf_value=-0.021347609983026167 -0.025773312680390875 -0.0011095541442342732 0.033446221205950706 0.0438629385497568 -0.0018395452377065328 0.015462678113659777
leaf_weight=28.439787045121193 19.27885759994388 188.6897045597434 3.0630224905908099 12.828112106770279 16.337935291230679 34.410372622311115
leaf_count=273 131 892 21 90 87 251
internal_value=-0.000482484 0.00167841 -0.0176544 0.00339062 0.0182618 0.0014465
internal_weight=303.048 274.608 22.3419 252.266 29.166 223.1
internal_count=1745 1472 152 1320 177 1143
is_linear=0
shrinkage=0.05


Tree=213
num_leaves=7
num_cat=0
split_feature=7 3 6 5 3 5
split_gain=2.66893 2.59225 2.314 3.49224 3.10328 2.73922
threshold=0.080406249999999915 0.46168576820656448 0.29999999999999294 11.425932337390483 0.25848152662900542 -30.150721943966555
decision_type=2 2 2 2 2 2
left_child=1 -1 3 4 -2 -4
right_child=2 -3 5 -5 -6 -7
leaf_value=-0.03308091349151137 -0.02275334860948668 0.0075224207165814454 -0.0080840123217080714 0.037348944565309093 0.010360045881073801 0.0027202029202395483
leaf_weight=11.008545473217966 8.3794714435935003 6.1141412444412699 80.87847039103508 10.024002783000467 45.465392716228962 213.59971157833934
leaf_count=60 63 26 391 41 183 981
internal_value=0.000702536 -0.0185823 0.00162401 0.0102514 0.00520686 -0.000247176
internal_weight=375.47 17.1227 358.347 63.8689 53.8449 294.478
internal_count=1745 86 1659 287 246 1372
is_linear=0
shrinkage=0.05


Tree=214
num_leaves=7
num_cat=0
split_feature=9 8 9 8 8 7
split_gain=2.26023 5.51774 4.12788 8.87667 6.88569 7.59872
threshold=17.500000000000004 0.81828220798816076 16.500000000000004 -0.88497634374745204 -0.98709671000135979 0.16778125000000002
decision_type=2 2 2 2 2 2
left_child=2 -2 4 -4 5 -1
right_child=1 -3 3 -5 -6 -7
leaf_value=0.031541889670254918 0.012805692239444133 -0.037207031768208644 0.025545236617360065 -0.039714389806778154 0.0046443277048942074 -0.023130852221431072
leaf_weight=7.3904150389134875 67.734757021069527 6.0037584006786338 7.3906686715781715 17.666322562843561 219.28633495606482 45.376930095255375
leaf_count=22 293 67 25 95 1070 173
internal_value=0.000898305 0.00873368 -0.00104632 -0.0204658 0.000742273 -0.0154736
internal_weight=370.849 73.7385 297.111 25.057 272.054 52.7673
internal_count=1745 360 1385 120 1265 195
is_linear=0
shrinkage=0.05


Tree=215
num_leaves=7
num_cat=0
split_feature=5 3 4 7 2 9
split_gain=10.2062 5.73166 7.61633 10.9155 3.50185 5.03766
threshold=19.136017602307707 0.39503056859112923 0.14292429932722797 0.34537500000000004 -2.2288662200627738 12.500000000000002
decision_type=2 2 2 2 2 2
left_child=1 4 -3 -4 -1 -6
right_child=-2 2 3 -5 5 -7
leaf_value=0.030099446195750664 -0.035919502146070557 -0.025914296100180076 0.097810114558996561 -0.040077278701845305 0.010015993942456324 -0.0087882919465451133
leaf_weight=13.125102665275334 20.1907311771065 31.7977375369519 3.2198602464050046 2.5895850751549006 98.194182986393571 55.888688080012798
leaf_count=43 499 648 22 56 259 218
internal_value=-0.00200306 0.00134043 -0.0162965 0.0363462 0.00530719 0.00319533
internal_weight=225.006 204.815 37.6072 5.80945 167.208 154.083
internal_count=1745 1246 726 78 520 477
is_linear=0
shrinkage=0.05


Tree=216
num_leaves=7
num_cat=0
split_feature=2 7 9 8 8 5
split_gain=5.1343 3.44341 3.47859 3.46098 2.70836 2.4866
threshold=-1.095339844944027 0.20871875000000004 19.500000000000004 -0.53005462169379403 -0.53457665231709584 59.153766536669274
decision_type=2 2 2 2 2 2
left_child=-1 5 4 -4 -3 -2
right_child=1 2 3 -5 -6 -7
leaf_value=-0.020895899972363154 -0.017784746608946307 -0.0084916045538770291 0.055632540294818046 0.011443520836743605 0.0049002391948971165 0.017981352448806581
leaf_weight=27.853523597121239 32.097761450335383 49.302532516419888 5.7004266753792789 19.899311795830727 161.18244194611907 5.7266453616321078
leaf_count=273 196 245 41 115 836 39
internal_value=-0.000443659 0.00163611 0.00388006 0.0212833 0.00176343 -0.0123697
internal_weight=301.763 273.909 236.085 25.5997 210.485 37.8244
internal_count=1745 1472 1237 156 1081 235
is_linear=0
shrinkage=0.05


Tree=217
num_leaves=7
num_cat=0
split_feature=1 2 3 4 3 1
split_gain=2.79165 2.21567 3.60527 3.08396 5.40355 5.07827
threshold=0.19724067072468374 -0.74984337387587452 0.21927663915731749 0.048637377339141911 0.33562909902997567 0.53148066619978807
decision_type=2 2 2 2 2 2
left_child=-1 3 -3 4 -2 -5
right_child=1 2 -4 5 -6 -7
leaf_value=-0.040977113764193079 -0.016742138544932689 0.040448997756730339 0.0024768963867395685 0.02467979979357697 0.023028063149664185 -0.027627708316751504
leaf_weight=3.9782190807163706 58.544219974428415 6.3976585939526549 272.65112488344312 16.725460089743141 9.9997361302375776 6.4216545000672332
leaf_count=42 301 20 1279 55 23 25
internal_value=0.000684718 0.00113177 0.00334747 -0.0056114 -0.0109401 0.0101682
internal_weight=374.718 370.74 279.049 91.6911 68.544 23.1471
internal_count=1745 1703 1299 404 324 80
is_linear=0
shrinkage=0.05


Tree=218
num_leaves=7
num_cat=0
split_feature=6 8 1 3 4 7
split_gain=2.27026 2.56536 5.01415 7.17113 5.01442 4.29339
threshold=482.10000000000008 0.33549895356740689 0.72924527729992761 0.72790475742399308 -0.022144220874390247 0.45878125000000008
decision_type=2 2 2 2 2 2
left_child=1 5 4 -4 -3 -1
right_child=-2 2 3 -5 -6 -7
leaf_value=0.0014832931984331242 0.030565329145494754 -0.03498351948411399 0.063735169621622609 -0.0093701884729698297 -0.0048754703185005912 0.031822440666644788
leaf_weight=256.73480961658061 6.332018330693244 17.681946039199829 5.7619997635483733 8.0285727102309448 63.467160066589713 12.215779136866329
leaf_count=1048 24 146 24 76 383 44
internal_value=0.000883504 0.000367014 -0.00669895 0.0211748 -0.0114358 0.0028613
internal_weight=370.222 363.89 94.9397 13.7906 81.1491 268.951
internal_count=1745 1721 629 100 529 1092
is_linear=0
shrinkage=0.05


Tree=219
num_leaves=7
num_cat=0
split_feature=5 3 4 7 3 5
split_gain=9.67765 5.28707 7.10119 9.47332 3.4334 4.60685
threshold=19.136017602307707 0.39503056859112923 0.14292429932722797 0.34537500000000004 0.37506780600364847 -17.202435582304563
decision_type=2 2 2 2 2 2
left_child=1 4 -3 -4 5 -1
right_child=-2 2 3 -5 -6 -7
leaf_value=0.005657757034087333 -0.035649973844433885 -0.025484636886868167 0.087999431445714066 -0.039976688863001243 0.040957234701759271 -0.030901126756833104
leaf_weight=151.01892397925258 19.516527270898223 31.024958320893347 3.4404636099934569 2.4945211298763752 6.3861487992107859 9.1384742967784387
leaf_count=389 499 648 22 56 26 105
internal_value=-0.00201681 0.0012087 -0.0158989 0.0342101 0.00500529 0.00357173
internal_weight=223.02 203.503 36.9599 5.93498 166.544 160.157
internal_count=1745 1246 726 78 520 494
is_linear=0
shrinkage=0.05


Tree=220
num_leaves=7
num_cat=0
split_feature=2 6 7 6 1 4
split_gain=4.85679 6.21575 5.75509 5.39463 5.17274 3.82535
threshold=0.27218162270347218 9.6000000000000103 0.33453125000000006 221.45000000000002 0.37909553508763866 0.067920507188025461
decision_type=2 2 2 2 2 2
left_child=4 -2 5 -4 -1 -3
right_child=1 2 3 -5 -6 -7
leaf_value=-0.018128548112013278 0.023310183726817216 -0.0055275680947655158 0.023488855641632715 -0.0062389538390073534 0.0002434011317159533 -0.044258585482405355
leaf_weight=57.669970458373427 39.916897431015968 17.951636172831062 29.568430237472057 31.538021355867386 114.1485916916281 9.8860477358102781
leaf_count=403 268 95 179 147 621 32
internal_value=-0.000419802 0.00691802 -0.000438557 0.00814586 -0.00592304 -0.0192822
internal_weight=300.68 128.861 88.9441 61.1065 171.819 27.8377
internal_count=1745 721 453 326 1024 127
is_linear=0
shrinkage=0.05


Tree=221
num_leaves=7
num_cat=0
split_feature=1 8 4 4 8 2
split_gain=2.68488 2.14273 2.00701 3.93048 2.53429 0.00336053
threshold=0.19724067072468374 -2.4258441336836176 0.13966082886833689 0.19094572830560688 -1.8567781065605471 -0.29257125226485231
decision_type=2 2 2 2 2 2
left_child=5 -2 4 -4 -3 -1
right_child=1 2 3 -5 -6 -7
leaf_value=-0.039482212764718048 -0.026069319901674683 0.029460604686265403 -0.029065388832159575 0.0099337872044544234 0.0019718294588507118 -0.042442895598570264
leaf_weight=2.0480253398418431 7.1144483722746363 8.6043537221848947 14.512469138950111 11.644519936293362 328.36685120873153 1.801513299345969
leaf_count=28 35 30 80 64 1494 14
internal_value=0.000673753 0.00110567 0.00163809 -0.0117038 0.00267374 -0.0408678
internal_weight=374.092 370.243 363.128 26.157 336.971 3.84954
internal_count=1745 1703 1668 144 1524 42
is_linear=0
shrinkage=0.05


Tree=222
num_leaves=7
num_cat=0
split_feature=2 8 8 4 6 6
split_gain=2.21659 3.29139 3.67732 5.38136 4.13123 3.01042
threshold=-0.24702081047588856 1.5005622548104107 1.1459261920039674 0.072710138491157164 207.10000000000005 303.90000000000009
decision_type=2 2 2 2 2 2
left_child=5 2 3 -2 -4 -1
right_child=1 -3 4 -5 -6 -7
leaf_value=0.0022980648968909116 -0.010905712861225721 -0.04322705173386223 -0.0084938784985123823 0.01291058731731949 0.065132880037624616 0.024992998480347389
leaf_weight=217.4587539061904 91.600309383124113 5.1968276500701895 3.5553504116833201 32.005601603537798 4.1050274353474379 15.664558313786982
leaf_count=661 658 96 42 217 25 46
internal_value=0.000860457 -0.00420059 -0.00265553 -0.0047389 0.0309611 0.00382304
internal_weight=369.586 136.463 131.266 123.606 7.66038 233.123
internal_count=1745 1038 942 875 67 707
is_linear=0
shrinkage=0.05


Tree=223
num_leaves=7
num_cat=0
split_feature=5 3 6 6 1 1
split_gain=9.22801 5.13859 3.85194 10.6105 4.94738 1.63992
threshold=19.136017602307707 0.75583704152711351 2.0500000000000003 10.700000000000008 0.209520655521272 0.1543781194968438
decision_type=2 2 2 2 2 2
left_child=1 2 4 -4 -1 -2
right_child=5 -3 3 -5 -6 -7
leaf_value=0.03603837971840438 0.019493127732521948 -0.039517751522514855 0.035048822514647242 -0.00017820548485471659 -0.0094036103182405847 -0.039352737220928052
leaf_weight=6.5185635089874259 1.2691004127264047 7.4926418066024771 28.431360865011811 86.137432576157153 73.817729494534433 17.645029403734952
leaf_count=13 3 253 105 550 325 496
internal_value=-0.00200546 0.00111567 0.00267772 0.00856372 -0.0057164 -0.0354043
internal_weight=221.312 202.398 194.905 114.569 80.3363 18.9141
internal_count=1745 1246 993 655 338 499
is_linear=0
shrinkage=0.05


Tree=224
num_leaves=7
num_cat=0
split_feature=2 8 4 2 6 9
split_gain=4.71147 2.95934 4.45349 4.44756 3.63511 3.42627
threshold=-1.095339844944027 -0.064959976546039092 0.098265319352879812 1.1330762689225773 167.75000000000003 19.500000000000004
decision_type=2 2 2 2 2 2
left_child=-1 3 -3 5 -4 -2
right_child=1 2 4 -5 -6 -7
leaf_value=-0.020309854481710958 -0.010682103812131603 0.011053005040105106 -0.030267256970380574 0.028190330520099883 0.0027138422875375851 0.014394092208239579
leaf_weight=27.112026816233993 95.503464814275503 114.6749804392457 12.960007563233374 9.7025911659002286 23.510838203132153 15.888068608939646
leaf_count=273 496 640 47 80 115 94
internal_value=-0.000432807 0.00154672 0.00621283 -0.00427737 -0.00900608 -0.00710542
internal_weight=299.352 272.24 151.146 121.094 36.4708 111.392
internal_count=1745 1472 802 670 162 590
is_linear=0
shrinkage=0.05


Tree=225
num_leaves=7
num_cat=0
split_feature=1 6 8 8 8 2
split_gain=2.56984 2.0782 2.78 9.29206 3.63383 0.00300091
threshold=0.19724067072468374 482.10000000000008 0.97005332990323334 1.1818816732152511 0.014378250060675052 -0.29257125226485231
decision_type=2 2 2 2 2 2
left_child=5 2 4 -4 -2 -1
right_child=1 -3 3 -5 -6 -7
leaf_value=-0.039409900722080407 0.0034471438724501245 -0.032493261002533032 0.038485322820442119 -0.0059576774165763019 -0.008043440706375889 -0.042258978355075111
leaf_weight=1.9628117121756079 216.11637546867132 4.5545298010110846 20.243068665266037 28.068648591637611 100.941950019449 1.7467266134917725
leaf_count=28 892 24 86 179 522 14
internal_value=0.000657703 0.00107295 0.00149137 0.0126644 -0.000211117 -0.0407515
internal_weight=373.634 369.925 365.37 48.3117 317.058 3.70954
internal_count=1745 1703 1679 265 1414 42
is_linear=0
shrinkage=0.05


Tree=226
num_leaves=7
num_cat=0
split_feature=9 8 6 1 1 9
split_gain=2.25474 5.20136 8.80475 7.56161 5.72157 3.84776
threshold=17.500000000000004 -0.39683882464305958 1.4000000000000072 0.46543225494188217 0.23070468961622667 16.500000000000004
decision_type=2 2 2 2 2 2
left_child=5 2 3 -2 -3 -1
right_child=1 4 -4 -5 -6 -7
leaf_value=0.00061691847026037181 0.02444529921075983 0.071408744202737642 0.045378771260699939 -0.04012870704431637 -0.010283938638890313 -0.019979155488519976
leaf_weight=270.89521815627813 10.694966167211534 2.2907795608043662 19.177881054580212 7.8693367894738904 33.298745019361377 24.74835273437202
leaf_count=1265 32 6 68 46 208 120
internal_value=0.00083944 0.00868742 0.0216184 -0.00292737 -0.00502565 -0.00110718
internal_weight=368.975 73.3317 37.7422 18.5643 35.5895 295.644
internal_count=1745 360 146 78 214 1385
is_linear=0
shrinkage=0.05


Tree=227
num_leaves=7
num_cat=0
split_feature=3 4 7 2 9 8
split_gain=8.17837 5.46832 8.44688 3.01769 4.63072 7.98562
threshold=0.39503056859112923 0.14292429932722797 0.34537500000000004 -2.2288662200627738 12.500000000000002 -0.16071910819307392
decision_type=2 2 2 2 2 2
left_child=3 -2 -3 -1 -5 -6
right_child=1 2 -4 4 5 -7
leaf_value=0.025866751989073147 -0.028091340191249037 0.067048942163017003 -0.039604537802902656 0.0075601455719446686 -0.0016221761294876115 -0.050547527895119251
leaf_weight=13.37607831135392 38.961047798395157 4.083669649437069 3.403893293812871 102.07028240710497 48.002172585576773 10.094121114350854
leaf_count=49 1003 29 84 312 165 103
internal_value=-0.00193604 -0.0205705 0.0185636 0.00305147 0.00114609 -0.0101229
internal_weight=219.991 46.4486 7.48756 173.543 160.167 58.0963
internal_count=1745 1116 113 629 580 268
is_linear=0
shrinkage=0.05


Tree=228
num_leaves=7
num_cat=0
split_feature=2 7 8 6 4 2
split_gain=4.38966 3.16997 2.53682 2.76375 2.50576 2.31235
threshold=-1.095339844944027 0.20871875000000004 2.7626811424389035 9.6000000000000103 0.0029240658301945507 0.14314328384950267
decision_type=2 2 2 2 2 2
left_child=4 5 3 -3 -1 -2
right_child=1 2 -4 -5 -6 -7
leaf_value=-0.032453330247770869 -0.023713091578122018 0.011824211962003329 0.04254886099643912 -0.00045785808596501842 -0.0011378763223158397 0.0012673418956073844
leaf_weight=15.869668962433936 19.930289579555392 63.090888418257236 4.1078497245907775 167.15729818120599 10.691612146794794 17.309761054813862
leaf_count=178 147 385 33 819 95 88
internal_value=-0.000448121 0.00144913 0.00360242 0.00290758 -0.019848 -0.0121018
internal_weight=298.157 271.596 234.356 230.248 26.5613 37.2401
internal_count=1745 1472 1237 1204 273 235
is_linear=0
shrinkage=0.05


Tree=229
num_leaves=7
num_cat=0
split_feature=7 1 1 1 7 8
split_gain=2.46551 3.50315 2.06966 9.48637 7.19628 6.44254
threshold=0.075906249999999967 0.23941272914504183 0.55449426118069445 0.51799440630661275 0.26665625000000009 0.94662379246810979
decision_type=2 2 2 2 2 2
left_child=1 -1 3 -2 -4 -6
right_child=2 -3 4 -5 5 -7
leaf_value=-0.049532865223382121 0.00084509793541500972 0.01111231995099602 0.02433170176328615 0.035133399940667852 -0.014302628424777223 0.014749418702292691
leaf_weight=5.6860672105103713 204.6988569535315 4.0970609337091446 19.756054781377316 22.377114575356245 92.424264904111624 24.048061348497868
leaf_count=35 909 15 76 105 472 133
internal_value=0.000634004 -0.0241354 0.001301 0.00422403 -0.00357133 -0.00830425
internal_weight=373.087 9.78313 363.304 227.076 136.228 116.472
internal_count=1745 50 1695 1014 681 605
is_linear=0
shrinkage=0.05


Tree=230
num_leaves=7
num_cat=0
split_feature=1 2 8 4 8 7
split_gain=2.16343 3.07869 3.43501 4.02904 2.56914 6.81985
threshold=0.78380978922095312 0.63592668651604445 -0.91642268504886382 0.11554238405492366 0.5010328742109279 0.46881250000000002
decision_type=2 2 2 2 2 2
left_child=1 4 -3 -4 5 -1
right_child=-2 2 3 -5 -6 -7
leaf_value=0.0023932168362522446 0.029744008457116961 0.033436684383310482 -0.032736122516454344 0.012525904475486606 -0.007051461435221818 0.046791533105145992
leaf_weight=256.65115505084395 6.3536671809852114 3.2239404655993011 19.424638539552692 6.5829480998218051 67.239646458998322 8.95096607506275
leaf_count=886 42 29 366 76 318 28
internal_value=0.00082042 0.000312869 -0.0152449 -0.0212796 0.00167922 0.00388947
internal_weight=368.427 362.073 29.2315 26.0076 332.842 265.602
internal_count=1745 1703 471 442 1232 914
is_linear=0
shrinkage=0.05


Tree=231
num_leaves=7
num_cat=0
split_feature=5 3 6 6 5 7
split_gain=8.72232 4.78462 3.6389 9.90522 4.16568 0.943231
threshold=19.136017602307707 0.75583704152711351 2.0500000000000003 10.700000000000008 -55.55424906394893 0.1300625
decision_type=2 2 2 2 2 2
left_child=1 2 4 -4 -1 -2
right_child=5 -3 3 -5 -6 -7
leaf_value=-0.0024751992267940206 -0.0038528953028373436 -0.039427860871751493 0.034111036802133593 -0.00010434318638913916 -0.047648884982629022 -0.03940352635094399
leaf_weight=74.299029926769435 2.1145497742109027 7.0149205252528182 28.097034707665443 85.581216452643275 5.479730959981679 15.860099211800842
leaf_count=300 29 253 105 550 38 470
internal_value=-0.00185488 0.00113681 0.00260772 0.00835243 -0.00557803 -0.0352213
internal_weight=218.447 200.472 193.457 113.678 79.7788 17.9746
internal_count=1745 1246 993 655 338 499
is_linear=0
shrinkage=0.05


Tree=232
num_leaves=7
num_cat=0
split_feature=2 1 6 6 2 5
split_gain=4.10619 3.04586 3.36873 2.4896 2.26395 3.58819
threshold=-1.095339844944027 0.25028050465820589 72.250000000000014 18.150000000000002 1.0394143932003039 35.086678424412902
decision_type=2 2 2 2 2 2
left_child=3 2 -2 -1 -3 -6
right_child=1 4 -4 -5 5 -7
leaf_value=-0.037007379521591409 -0.024848208853181609 0.00091080658808363627 0.031472250537018541 -0.0058348555378307347 0.0047351646553084924 0.039307270790681706
leaf_weight=11.350333170965316 18.364149030297998 211.76746576651931 3.1037950068712226 14.700996389612554 27.403937272727489 10.335991088300942
leaf_count=148 131 1029 21 125 182 109
internal_value=-0.00045631 0.0013665 -0.0167055 -0.0194164 0.00292144 0.0142036
internal_weight=297.027 270.975 21.4679 26.0513 249.507 37.7399
internal_count=1745 1472 152 273 1320 291
is_linear=0
shrinkage=0.05


Tree=233
num_leaves=6
num_cat=0
split_feature=7 3 8 6 7
split_gain=2.33358 3.60564 2.04708 2.02938 2.77797
threshold=0.075906249999999967 0.45065218972337512 -2.4258441336836176 482.10000000000008 0.49196875000000001
decision_type=2 2 2 2 2
left_child=1 -1 -2 4 -4
right_child=2 -3 3 -5 -6
leaf_value=-0.047314539130188404 -0.025496468552648466 0.015882394680748271 0.001360861311636043 -0.031761171193837971 0.024836800875201064
leaf_weight=6.0266727264970523 6.9982153773307791 3.608304962515831 338.53851078823209 4.4453588649630538 13.088706456124781
leaf_count=38 35 12 1578 24 58
internal_value=0.000639446 -0.0236472 0.00128395 0.00181029 0.00223471
internal_weight=372.706 9.63498 363.071 356.073 351.627
internal_count=1745 50 1695 1660 1636
is_linear=0
shrinkage=0.05


Tree=234
num_leaves=7
num_cat=0
split_feature=9 5 1 6 2 9
split_gain=2.15328 3.84669 5.45003 6.33086 5.70454 3.55614
threshold=17.500000000000004 82.842384866108532 0.47125341852815378 1.4000000000000072 -2.1513249020805953 16.500000000000004
decision_type=2 2 2 2 2 2
left_child=5 2 4 -4 -2 -1
right_child=1 -3 3 -5 -6 -7
leaf_value=0.00053043201457567883 -0.036251157131246152 -0.023254329139625003 -0.039928240231264525 0.011559123975548029 0.032030769917565649 -0.019369639179667941
leaf_weight=270.23863518610597 3.3764461427927008 8.4519421411678177 8.4657733663916606 20.2547392770648 32.511968575417995 24.483555762097239
leaf_count=1265 11 59 59 120 111 120
internal_value=0.000782114 0.00846613 0.0126157 -0.0036175 0.0256067 -0.00112273
internal_weight=367.783 73.0609 64.6089 28.7205 35.8884 294.722
internal_count=1745 360 301 179 122 1385
is_linear=0
shrinkage=0.05


Tree=235
num_leaves=7
num_cat=0
split_feature=5 3 2 7 1 1
split_gain=8.36237 4.57406 3.70913 3.62742 1.54715 0.00864777
threshold=19.136017602307707 0.75583704152711351 -2.3116765117338702 0.46350000000000008 0.1543781194968438 0.21489896056876742
decision_type=2 2 2 2 2 2
left_child=1 2 -1 -4 -2 -6
right_child=4 -3 3 -5 5 -7
leaf_value=0.031819640592386643 0.018162855521938855 -0.039351686891898247 0.0020629490951787305 -0.040844081833094126 -0.044045321035230053 -0.038941340102386764
leaf_weight=10.224543534219263 1.2669318169355417 6.7527398262172929 177.73007970582694 5.0662536844611159 0.87764009833336132 15.256891564931719
leaf_count=36 3 253 865 92 7 489
internal_value=-0.0017978 0.0010979 0.00251301 0.000873768 -0.0350412 -0.039219
internal_weight=217.175 199.774 193.021 182.796 17.4015 16.1345
internal_count=1745 1246 993 957 499 496
is_linear=0
shrinkage=0.05


Tree=236
num_leaves=7
num_cat=0
split_feature=2 8 6 2 7 7
split_gain=3.85988 2.88861 2.96166 3.86166 3.75764 1.90572
threshold=-1.3422265835049894 1.2574400707005009 139.95000000000005 0.20421810904484108 0.49196875000000001 0.43828125000000001
decision_type=2 2 2 2 2 2
left_child=-1 2 3 -2 -4 -3
right_child=1 5 4 -5 -6 -7
leaf_value=-0.022417624106555772 -0.011528565975096512 0.012463140942977553 0.011632506244520635 0.0036789763581630526 -0.016522857946913345 0.055439595385952639
leaf_weight=18.715763607993722 88.749368729069829 20.177895188331608 72.302064850926399 78.816358048468828 14.17346081882715 2.9576150253415099
leaf_count=210 518 132 370 433 59 23
internal_value=-0.00044082 0.00104312 -0.000497247 -0.00437553 0.0070178 0.0179572
internal_weight=295.893 277.177 254.041 167.566 86.4755 23.1355
internal_count=1745 1535 1380 951 429 155
is_linear=0
shrinkage=0.05


Tree=237
num_leaves=7
num_cat=0
split_feature=2 1 1 2 4 3
split_gain=2.02445 3.1959 3.46221 2.38965 2.24399 3.67534
threshold=-0.74984337387587452 0.26824829054950988 0.29197512423804961 -0.90472187545722471 0.127131988181762 0.94999639867410057
decision_type=2 2 2 2 2 2
left_child=1 -1 -3 -4 -2 -6
right_child=4 2 3 -5 5 -7
leaf_value=-0.031379609465370974 0.0042199958728740524 0.028267574493383487 -0.0013936676191436239 -0.024174875761008269 -0.01821042175729962 0.034558033370643941
leaf_weight=10.783057630062101 253.11640860512853 8.2622474543750268 58.329871159046888 14.341455563902853 23.604108322411779 3.8360908254981032
leaf_count=80 1166 35 258 47 128 31
internal_value=0.000639496 -0.0058093 -0.00240248 -0.00588947 0.00274767 -0.0108335
internal_weight=372.273 91.7166 80.9336 72.6713 280.557 27.4402
internal_count=1745 420 340 305 1325 159
is_linear=0
shrinkage=0.05


Tree=238
num_leaves=7
num_cat=0
split_feature=1 2 1 5 2 4
split_gain=2.01679 3.95371 2.21784 2.71394 2.69117 2.99144
threshold=0.23183619633715627 -1.0365949248028534 0.78380978922095312 -1.1532488194225232 0.63592668651604445 0.10472386164682816
decision_type=2 2 2 2 2 2
left_child=1 -1 4 -4 -2 -6
right_child=2 -3 3 -5 5 -7
leaf_value=0.034350797669309714 0.00014693763756640465 0.0019798863195770173 -0.0058734522780223113 0.059259777148807348 -0.026414704685211482 0.0096362231925802844
leaf_weight=12.562510594725607 282.32814895175397 37.860814820975065 3.0410999096930027 3.3733908683061591 20.056310772895817 8.0693716425448638
leaf_count=35 1104 98 24 18 375 91
internal_value=0.000756887 0.0100448 -0.000721101 0.0283802 -0.00132238 -0.0160715
internal_weight=367.292 50.4233 316.868 6.41449 310.454 28.1257
internal_count=1745 133 1612 42 1570 466
is_linear=0
shrinkage=0.05


Tree=239
num_leaves=7
num_cat=0
split_feature=5 3 9 5 5 1
split_gain=7.9816 4.36245 3.2882 4.83407 4.48368 1.49717
threshold=19.136017602307707 0.75583704152711351 12.500000000000002 -15.608757796257793 -10.837699261814263 0.1543781194968438
decision_type=2 2 2 2 2 2
left_child=1 2 4 -4 -1 -2
right_child=5 -3 3 -5 -6 -7
leaf_value=0.0054890334617708429 0.017349608502539412 -0.039279003167591059 -0.00091652558230502414 -0.039118035919177466 0.050073309273817861 -0.039154385982132854
leaf_weight=107.32628070190549 1.2680837213993097 6.5004802783951154 69.799127320758998 9.3959259567782265 5.9518365105614057 15.526272957213221
leaf_count=395 3 253 329 203 66 496
internal_value=-0.00178725 0.00100662 0.0023672 -0.00544886 0.00783157 -0.034888
internal_weight=215.768 198.974 192.473 79.1951 113.278 16.7944
internal_count=1745 1246 993 532 461 499
is_linear=0
shrinkage=0.05


Tree=240
num_leaves=7
num_cat=0
split_feature=2 7 9 4 6 9
split_gain=3.62733 2.70332 3.07725 5.94235 2.46793 2.52634
threshold=-1.095339844944027 0.20871875000000004 19.500000000000004 -0.0084771228897909476 18.150000000000002 16.500000000000004
decision_type=2 2 2 2 2 2
left_child=4 -2 -3 -4 -1 -6
right_child=1 2 3 -5 5 -7
leaf_value=-0.036799450068959828 -0.011428543604769446 0.0012283640104407609 0.048426834839061482 -0.0007807681094229021 0.0070625810401232477 -0.041072568694676966
leaf_weight=10.704223735257985 36.359174700453877 207.9769528619945 10.514618922024967 14.730540473014115 10.777218218892811 3.648756116628646
leaf_count=148 235 1081 77 79 99 26
internal_value=-0.000441214 0.00125241 0.00322937 0.0197142 -0.0186094 -0.00511222
internal_weight=294.711 269.581 233.222 25.2452 25.1302 14.426
internal_count=1745 1472 1237 156 273 125
is_linear=0
shrinkage=0.05


Tree=241
num_leaves=7
num_cat=0
split_feature=7 3 1 1 7 4
split_gain=2.1991 2.13796 2.1166 8.44533 6.61769 6.5299
threshold=0.080406249999999915 0.46168576820656448 0.55449426118069445 0.51799440630661275 0.26665625000000009 -0.088506758409626893
decision_type=2 2 2 2 2 2
left_child=1 -1 3 5 -4 -2
right_child=2 -3 4 -5 -6 -7
leaf_value=-0.031377327676667337 -0.039933259301929903 0.0060594566052946516 0.023214846072601807 0.033447781516521884 -0.0080306468716003967 0.0031803175173329584
leaf_weight=10.173510869964959 9.2125861793756467 6.1004976220428935 19.850461021065712 22.580618347972631 115.82463316619396 188.12873042374849
leaf_count=60 40 26 76 105 605 833
internal_value=0.00062957 -0.0173437 0.00145212 0.00448201 -0.00345916 0.00116762
internal_weight=371.871 16.274 355.597 219.922 135.675 197.341
internal_count=1745 86 1659 978 681 873
is_linear=0
shrinkage=0.05


Tree=242
num_leaves=7
num_cat=0
split_feature=9 8 6 2 5 4
split_gain=1.99249 4.81318 7.73872 4.41076 3.45369 4.64001
threshold=17.500000000000004 -0.39683882464305958 1.4000000000000072 -1.1787650503604865 -20.738366409386035 0.078148880507493468
decision_type=2 2 2 2 2 2
left_child=-1 2 -2 -4 -3 -6
right_child=1 4 3 -5 5 -7
leaf_value=-0.0011083063073348011 -0.0028570473420561435 0.015065390765373294 0.011983932018871905 0.061053259803961368 -0.029775353064659178 0.024830349470228854
leaf_weight=293.80431284569204 18.242291618138552 13.199298620223997 7.3712870329618481 12.092582711949943 16.994183137081567 5.0452537015080443
leaf_count=1385 78 68 21 47 126 20
internal_value=0.00072803 0.00812435 0.0205407 0.0424699 -0.00516136 -0.0172751
internal_weight=366.749 72.9449 37.7062 19.4639 35.2387 22.0394
internal_count=1745 360 146 68 214 146
is_linear=0
shrinkage=0.05


Tree=243
num_leaves=7
num_cat=0
split_feature=3 4 9 6 6 1
split_gain=6.6901 5.37241 7.63886 3.2341 6.35745 6.26048
threshold=0.39503056859112923 0.14292429932722797 12.500000000000002 42.95000000000001 2.0500000000000003 0.26824829054950988
decision_type=2 2 2 2 2 2
left_child=3 -2 -3 4 -1 -5
right_child=1 2 -4 5 -6 -7
leaf_value=-0.0031730610595761136 -0.027121981728504677 0.12719405011876392 -0.0045396858811735958 -0.040208981171664389 0.019371021045427671 0.0023516610583547001
leaf_weight=70.793369222432375 36.19592281896621 1.3526028329506505 5.9033802002668381 11.740226617082952 56.017074739560485 32.723826352506876
leaf_count=194 1003 17 96 53 178 204
internal_value=-0.00172821 -0.0192503 0.0200171 0.00271709 0.00678553 -0.00888599
internal_weight=214.726 43.4519 7.25598 171.274 126.81 44.4641
internal_count=1745 1116 113 629 372 257
is_linear=0
shrinkage=0.05


Tree=244
num_leaves=7
num_cat=0
split_feature=1 2 7 4 4 8
split_gain=3.58019 4.56133 4.20867 6.78367 2.75292 4.64857
threshold=0.46543225494188217 0.029210917329977801 0.44568750000000007 0.067920507188025461 0.010966177475203851 0.38415318528669978
decision_type=2 2 2 2 2 2
left_child=1 -1 3 -3 -2 -6
right_child=4 2 -4 -5 5 -7
leaf_value=-0.015647556729979219 -0.0020470937694104306 0.0099849325183911167 0.051086511884175782 -0.031428862506195684 0.023132805790720728 -0.00038754383216033664
leaf_weight=67.599082348868251 84.8958287127316 39.696591056883335 4.3038224652409545 13.168250665068625 39.769537877291441 44.528710462152958
leaf_count=503 485 218 30 47 234 228
internal_value=-0.000430172 -0.00685585 0.00353991 -0.000330945 0.00430827 0.0107087
internal_weight=293.962 124.768 57.1687 52.8648 169.194 84.2982
internal_count=1745 798 295 265 947 462
is_linear=0
shrinkage=0.05


Tree=245
num_leaves=7
num_cat=0
split_feature=2 1 5 8 9 4
split_gain=1.93758 1.72703 4.10047 6.37849 3.19695 2.59964
threshold=-2.3116765117338702 0.69022498695153722 -20.738366409386035 -0.33123593390956885 12.500000000000002 -0.030362097711991044
decision_type=2 2 2 2 2 2
left_child=-1 5 4 -4 -3 -2
right_child=1 2 3 -5 -6 -7
leaf_value=-0.025725470451646928 0.0094247025762637243 0.007614718658742553 0.031928169697445233 -0.011917125541376855 -0.046337036063718695 -0.00049543625064836321
leaf_weight=6.8520759940147391 95.183352310210466 3.8353581726551047 11.697646472603081 28.515556190162897 9.6652217619121057 215.70591803826392
leaf_count=42 416 20 41 171 50 1005
internal_value=0.000616338 0.00111139 -0.00716746 0.000837063 -0.03101 0.00254176
internal_weight=371.455 364.603 53.7138 40.2132 13.5006 310.889
internal_count=1745 1703 282 212 70 1421
is_linear=0
shrinkage=0.05


Tree=246
num_leaves=7
num_cat=0
split_feature=9 8 9 8 8 7
split_gain=1.86748 4.52681 3.31629 8.21411 6.35613 6.86567
threshold=17.500000000000004 0.81828220798816076 16.500000000000004 -0.88497634374745204 -0.98709671000135979 0.16778125000000002
decision_type=2 2 2 2 2 2
left_child=2 -2 4 -4 5 -1
right_child=1 -3 3 -5 -6 -7
leaf_value=0.029186133422539281 0.011432417870044247 -0.035737156867113415 0.025255543559759921 -0.038070985054361545 0.0042769735880803812 -0.02263779230168024
leaf_weight=7.4632468298077574 67.378227286040783 5.5016959225758901 7.3599028140306499 16.830877752974629 217.37031577248126 44.479195594787598
leaf_count=22 293 67 25 95 1070 173
internal_value=0.000707977 0.00787159 -0.00107082 -0.0188043 0.000522068 -0.0151916
internal_weight=366.383 72.8799 293.504 24.1908 269.313 51.9424
internal_count=1745 360 1385 120 1265 195
is_linear=0
shrinkage=0.05


Tree=247
num_leaves=7
num_cat=0
split_feature=5 3 6 6 1 1
split_gain=7.56865 4.08318 3.40241 9.03438 4.56491 1.42184
threshold=19.136017602307707 0.75583704152711351 2.0500000000000003 10.700000000000008 0.209520655521272 0.1543781194968438
decision_type=2 2 2 2 2 2
left_child=1 2 4 -4 -1 -2
right_child=5 -3 3 -5 -6 -7
leaf_value=0.034979092542965703 0.016106501481083078 -0.039191274814868844 0.03281440764755969 -0.00019360877549956458 -0.0092202088562102578 -0.039076754831183093
leaf_weight=6.351959526538848 1.2673828005790735 6.1268310630694023 27.430846503004432 84.861282622441649 72.724341462366283 14.77918884065002
leaf_count=13 3 253 105 550 325 496
internal_value=-0.00169465 0.000988535 0.00227493 0.00786963 -0.00566981 -0.0347183
internal_weight=213.542 197.495 191.368 112.292 79.0763 16.0466
internal_count=1745 1246 993 655 338 499
is_linear=0
shrinkage=0.05


Tree=248
num_leaves=7
num_cat=0
split_feature=2 8 6 6 2 5
split_gain=3.39821 2.65033 2.51705 4.38951 3.84483 1.77972
threshold=-1.3422265835049894 1.2574400707005009 155.45000000000005 229.75000000000003 0.27218162270347218 28.318736238246306
decision_type=2 2 2 2 2 2
left_child=-1 2 4 -4 -2 -3
right_child=1 5 3 -5 -6 -7
leaf_value=-0.021549822992570019 -0.010470218810783145 0.045210803089210848 0.022247607232844 -0.0021015122479566615 0.0045962578088894973 0.010283503802978853
leaf_weight=17.890692820772529 97.696753833442926 4.5476155951619175 29.174472436308861 50.631919484585524 74.73722605779767 18.421016447246075
leaf_count=210 563 32 159 236 422 123
internal_value=-0.000434131 0.000938551 -0.000542087 0.00679969 -0.00394003 0.0171988
internal_weight=293.1 275.209 252.24 79.8064 172.434 22.9686
internal_count=1745 1535 1380 395 985 155
is_linear=0
shrinkage=0.05


Tree=249
num_leaves=7
num_cat=0
split_feature=7 3 4 4 5 4
split_gain=2.07162 3.73905 2.07575 4.66896 5.01207 3.80289
threshold=0.075906249999999967 0.47508530190715653 -0.092614178517174142 -0.11096555308338328 -0.60146902440855865 -0.036041310207972195
decision_type=2 2 2 2 2 2
left_child=1 -1 3 4 -2 -4
right_child=2 -3 5 -5 -6 -7
leaf_value=-0.047167504635692442 0.021268175382434539 0.018435947835429334 0.012744325108838059 -0.045848207471245919 -0.036417519139698672 -0.00047141194642534156
leaf_weight=5.8297016974538547 11.090114712715152 3.4616220816969872 68.225935783237219 7.4633399881422511 5.7012728601694116 269.27801853790879
leaf_count=39 38 11 301 35 25 1296
internal_value=0.000586061 -0.022726 0.0011848 -0.0129435 0.00168183 0.00220013
internal_weight=371.05 9.29132 361.759 24.2547 16.7914 337.504
internal_count=1745 50 1695 98 63 1597
is_linear=0
shrinkage=0.05


Tree=250
num_leaves=7
num_cat=0
split_feature=2 2 4 4 8 8
split_gain=1.86525 4.08726 5.74722 4.42403 6.05703 4.86962
threshold=-0.26747786925537725 -0.34264441874467116 -0.011154191751310749 0.048637377339141911 -0.14239062134449174 0.86344217383349775
decision_type=2 2 2 2 2 2
left_child=1 3 -3 5 -5 -1
right_child=-2 2 -4 4 -6 -7
leaf_value=0.0076021719168317767 -0.0038612535860691219 -0.01189194938765052 0.056953992522520182 -0.032302060498362602 0.0048444427219763268 -0.028826182843685745
leaf_weight=160.12720737606287 138.92014443967491 4.882477842271328 7.9956389144062978 20.325592346489429 23.851719245314598 9.7314797565340978
leaf_count=470 1052 17 25 67 75 39
internal_value=0.000701679 0.00349517 0.0308524 0.00184914 -0.0122463 0.00551513
internal_weight=365.834 226.914 12.8781 214.036 44.1773 169.859
internal_count=1745 693 42 651 142 509
is_linear=0
shrinkage=0.05


Tree=251
num_leaves=7
num_cat=0
split_feature=5 9 5 1 7 8
split_gain=7.2569 3.47411 5.21744 4.73108 4.50633 7.04323
threshold=19.136017602307707 12.500000000000002 -15.608757796257793 0.33304411196123529 0.25809375000000007 0.28999657171514198
decision_type=2 2 2 2 2 2
left_child=1 4 3 -3 -1 -6
right_child=-2 2 -4 -5 5 -7
leaf_value=0.018845422036517276 -0.034561041756756165 -0.028619349480652867 -0.038971669864283999 0.0042701932323509122 -0.0076783924679568547 0.039463911119755633
leaf_weight=45.345624730922282 15.510962945409117 13.477038649842141 10.969673988409339 57.949413737282157 59.904491573572159 9.1306298142299038
leaf_count=168 499 62 296 334 284 102
internal_value=-0.00163416 0.000961303 -0.00686629 -0.00193554 0.00660004 -0.00144332
internal_weight=212.288 196.777 82.3961 71.4265 114.381 69.0351
internal_count=1745 1246 692 396 554 386
is_linear=0
shrinkage=0.05


Tree=252
num_leaves=7
num_cat=0
split_feature=2 1 3 4 3 2
split_gain=3.20096 2.57927 4.00447 6.02875 3.81687 3.49916
threshold=-1.3422265835049894 0.46543225494188217 0.44179736497140426 0.127131988181762 0.54390658744545439 1.2404647768645736
decision_type=2 2 2 2 2 2
left_child=-1 5 3 -3 -4 -2
right_child=1 2 4 -5 -6 -7
leaf_value=-0.021135692945346507 -0.0068587865028856502 0.012562640018893862 -0.017245039431692328 0.077932600834878699 0.0051059775860817459 0.033501730135730878
leaf_weight=17.539617843925953 108.29562747851014 27.682761237025264 23.321748182177544 4.0420408919453612 105.5387203283608 5.6503849402070037
leaf_count=210 611 162 90 28 587 57
internal_value=-0.000427025 0.000896037 0.00497847 0.0208914 0.00106079 -0.00485738
internal_weight=292.071 274.531 160.585 31.7248 128.86 113.946
internal_count=1745 1535 867 190 677 668
is_linear=0
shrinkage=0.05


Tree=253
num_leaves=7
num_cat=0
split_feature=7 1 4 9 6 4
split_gain=1.95006 3.17515 1.94372 6.15702 4.09064 3.49291
threshold=0.075906249999999967 0.23941272914504183 -0.092614178517174142 16.500000000000004 113.10000000000001 -0.036041310207972195
decision_type=2 2 2 2 2 2
left_child=1 -1 3 -2 -5 -4
right_child=2 -3 5 4 -6 -7
leaf_value=-0.048618878894203778 -0.052725817014411175 0.010812672455387556 0.012214877974858403 -0.020644453168140481 0.028041452072913631 -0.00044032814675978513
leaf_weight=5.0713247079402191 6.8384472131729153 4.0358111932873726 68.381815545260906 8.7603835314512271 8.5012754499912244 269.05531113035977
leaf_count=35 33 15 301 34 31 1296
internal_value=0.000568876 -0.0222819 0.00114449 -0.0125737 0.0033331 0.00212426
internal_weight=370.644 9.10714 361.537 24.1001 17.2617 337.437
internal_count=1745 50 1695 98 65 1597
is_linear=0
shrinkage=0.05


Tree=254
num_leaves=7
num_cat=0
split_feature=6 8 4 8 9 4
split_gain=1.75989 2.22642 4.19565 4.35807 3.22418 6.48628
threshold=482.10000000000008 0.33549895356740689 -0.11332465933383905 0.13981987843833213 16.500000000000004 0.10892683077517501
decision_type=2 2 2 2 2 2
left_child=1 2 -1 -4 -3 -6
right_child=-2 4 3 -5 5 -7
leaf_value=0.034836956595713314 0.027071370650860783 -0.0016247900849851124 -0.00042605421467438378 0.025711678685640629 -0.037298695363953339 0.039582956447292789
leaf_weight=9.6859600432217103 6.2027901113033286 73.102826870046556 239.5599583145231 17.085070607252419 16.383845840580765 3.2951688244938842
leaf_count=34 24 469 963 95 144 16
internal_value=0.000665527 0.000209431 0.00253312 0.00131396 -0.00646075 -0.0244252
internal_weight=365.316 359.113 266.331 256.645 92.7818 19.679
internal_count=1745 1721 1092 1058 629 160
is_linear=0
shrinkage=0.05


Tree=255
num_leaves=7
num_cat=0
split_feature=5 2 9 9 1 1
split_gain=6.93601 3.67462 5.20537 4.57223 4.07003 1.43655
threshold=19.136017602307707 -2.3116765117338702 12.500000000000002 3.5000000000000004 0.26824829054950988 0.1543781194968438
decision_type=2 2 2 2 2 2
left_child=1 -1 3 -3 -4 -2
right_child=5 2 4 -5 -6 -7
leaf_value=0.030565932118059736 0.01669116140189339 -0.0040120911053581091 -0.048633333284700223 0.016233914963401295 -0.0072341350999921387 -0.038962482696320203
leaf_weight=9.9428992159664613 1.2660598158836354 55.209524904377759 6.501414547674357 56.346788198687136 68.363919571973383 13.777011570055036
leaf_count=36 3 303 38 238 631 496
internal_value=-0.00155745 0.000949245 -0.000630377 0.00621411 -0.0108293 -0.0342785
internal_weight=211.408 196.365 186.422 111.556 74.8653 15.0431
internal_count=1745 1246 1210 541 669 499
is_linear=0
shrinkage=0.05


Tree=256
num_leaves=7
num_cat=0
split_feature=2 8 1 8 6 4
split_gain=3.01478 2.42392 2.36564 2.8395 1.87305 1.77246
threshold=-1.3422265835049894 1.2574400707005009 0.25028050465820589 0.99599877056648822 72.250000000000014 0.0029240658301945507
decision_type=2 2 2 2 2 2
left_child=5 2 4 -4 -2 -1
right_child=1 -3 3 -5 -6 -7
leaf_value=-0.034586951604721347 -0.024000316220971044 0.016465016784012437 0.0026258915098464602 -0.016259893748135586 0.021558114990130217 -0.0021312486714950216
leaf_weight=9.8359499666839856 16.120554639957849 22.871949292719364 210.54482519254088 21.980505105108023 2.6231769584119311 7.3501212876290074
leaf_count=139 127 155 1141 95 17 71
internal_value=-0.000391841 0.000881687 -0.000536797 0.000840628 -0.0176244 -0.0207063
internal_weight=291.327 274.141 251.269 232.525 18.7437 17.1861
internal_count=1745 1535 1380 1236 144 210
is_linear=0
shrinkage=0.05


Tree=257
num_leaves=7
num_cat=0
split_feature=2 9 1 6 1 8
split_gain=1.94996 2.95028 5.47053 5.6596 3.11918 2.9021
threshold=-0.74984337387587452 12.500000000000002 0.34178019254588771 94.250000000000014 0.45436916666455401 -0.53005462169379403
decision_type=2 2 2 2 2 2
left_child=1 5 3 -3 -4 -1
right_child=-2 2 4 -5 -6 -7
leaf_value=-0.0042391788475519823 0.0026149658737055987 -0.0087153672535643708 -0.026492983541666043 0.066430130020650735 0.0022610908663256127 -0.033203417581146026
leaf_weight=19.315534641966224 279.16393118351698 4.3734825477004033 13.292282920330761 5.866889126598835 32.471803557127714 15.659566089510916
leaf_count=114 1325 31 57 14 115 89
internal_value=0.000543201 -0.00581385 0.00130152 0.0343368 -0.0060906 -0.0172075
internal_weight=370.143 90.9796 56.0045 10.2404 45.7641 34.9751
internal_count=1745 420 217 45 172 203
is_linear=0
shrinkage=0.05


Tree=258
num_leaves=7
num_cat=0
split_feature=9 8 6 2 5 2
split_gain=1.73031 4.26292 7.07357 3.92342 3.11774 3.41615
threshold=17.500000000000004 -0.39683882464305958 1.4000000000000072 -1.1787650503604865 -20.738366409386035 0.53739116092331962
decision_type=2 2 2 2 2 2
left_child=-1 2 -2 -4 -3 -6
right_child=1 4 3 -5 5 -7
leaf_value=-0.0010758669551747416 -0.0033157397251167044 0.014053562828996481 0.011038074867723608 0.057196907170337041 -0.026907201892079725 0.02230710948752565
leaf_weight=292.17326159588993 18.189887657761574 13.202540656551717 7.3514816164970425 12.315912511199711 17.153235591948036 4.4384889453649512
leaf_count=1385 78 68 21 47 84 62
internal_value=0.00064122 0.0075466 0.0191579 0.0399432 -0.00508684 -0.0167905
internal_weight=364.825 72.6515 37.8573 19.6674 34.7943 21.5917
internal_count=1745 360 146 68 214 146
is_linear=0
shrinkage=0.05


Tree=259
num_leaves=7
num_cat=0
split_feature=5 3 2 9 7 3
split_gain=6.64255 3.80504 3.16803 4.1422 0.91242 0.00334322
threshold=19.136017602307707 0.75583704152711351 -2.3116765117338702 12.500000000000002 0.1300625 0.18535637296986715
decision_type=2 2 2 2 2 2
left_child=1 2 -1 -4 -2 -6
right_child=4 -3 3 -5 5 -7
leaf_value=0.029843212184091663 -0.0022959895387976953 -0.039106001521510156 0.006690710070759053 -0.0088356357917000923 -0.040729408072932877 -0.038659978216337119
leaf_weight=9.7685172632336599 1.9492566864937533 5.7695853486657134 109.64505692198873 70.627360915765166 2.4146783556789151 10.178002373315392
leaf_count=36 29 253 448 509 38 432
internal_value=-0.00152525 0.000896092 0.00211054 0.000607778 -0.0341292 -0.0390568
internal_weight=210.352 195.811 190.041 180.272 14.5419 12.5927
internal_count=1745 1246 993 957 499 470
is_linear=0
shrinkage=0.05


Tree=260
num_leaves=7
num_cat=0
split_feature=1 2 5 7 8 7
split_gain=2.89552 4.07316 3.99133 4.64942 2.47634 2.80057
threshold=0.46543225494188217 0.029210917329977801 -91.724986301168357 0.44568750000000007 0.16721635979913149 0.44362499999999999
decision_type=2 2 2 2 2 2
left_child=1 4 -3 -4 -1 -6
right_child=-2 2 3 -5 5 -7
leaf_value=-0.0227459214594351 0.0038838305871834173 0.042788905055109579 -0.0054581135173031306 0.049256661420132485 0.0086272369863044721 -0.025694939470631437
leaf_weight=38.940401010215282 168.5399679299444 5.8264635503292075 46.617129497230053 4.2354212030768386 17.618273399770263 8.969123534858225
leaf_count=368 947 36 229 30 96 39
internal_value=-0.000365024 -0.00622478 0.0035902 -0.000901014 -0.0147144 -0.00295118
internal_weight=290.747 122.207 56.679 50.8526 65.5278 26.5874
internal_count=1745 798 295 259 503 135
is_linear=0
shrinkage=0.05


Tree=261
num_leaves=6
num_cat=0
split_feature=7 3 8 6 7
split_gain=1.85441 3.45949 1.85971 1.80361 2.50427
threshold=0.075906249999999967 0.47508530190715653 -2.4258441336836176 482.10000000000008 0.49196875000000001
decision_type=2 2 2 2 2
left_child=1 -1 -2 4 -4
right_child=2 -3 3 -5 -6
leaf_value=-0.046603354355320856 -0.02475792088291532 0.017193039820567937 0.0011486998643314963 -0.030666452009071778 0.0233976359093209
leaf_weight=5.495743300765751 6.8263612240552893 3.4646700173616409 336.48717555403709 4.2811873517930499 13.141380574554203
leaf_count=39 35 11 1578 24 58
internal_value=0.000533283 -0.0219356 0.00109139 0.00158999 0.00198496
internal_weight=369.697 8.96041 360.736 353.91 349.629
internal_count=1745 50 1695 1660 1636
is_linear=0
shrinkage=0.05


Tree=262
num_leaves=7
num_cat=0
split_feature=2 2 4 4 6 8
split_gain=1.7074 3.89059 5.19781 4.15223 8.64896 4.37268
threshold=-0.26747786925537725 -0.34264441874467116 -0.011154191751310749 0.048637377339141911 306.90000000000003 0.86344217383349775
decision_type=2 2 2 2 2 2
left_child=1 3 -3 5 -5 -1
right_child=-2 2 -4 4 -6 -7
leaf_value=0.0072062443569069993 -0.0037486409146144182 -0.011149587025132076 0.054557743830145902 -0.02306674890672732 0.032612136470288711 -0.027601791739605287
leaf_weight=159.92119528353214 138.26220837328583 4.8046738952398291 8.0566578805446607 35.151675626635551 8.7010883390903455 9.5620060712099058
leaf_count=470 1052 17 25 117 25 39
internal_value=0.000628647 0.00330425 0.0300111 0.00169418 -0.0120192 0.00524242
internal_weight=364.46 226.197 12.8613 213.336 43.8528 169.483
internal_count=1745 693 42 651 142 509
is_linear=0
shrinkage=0.05


Tree=263
num_leaves=7
num_cat=0
split_feature=5 3 6 6 2 1
split_gain=6.34775 3.63214 3.2597 8.29586 4.22026 1.39143
threshold=19.136017602307707 0.75583704152711351 2.0500000000000003 10.700000000000008 -1.6435202251082124 0.1543781194968438
decision_type=2 2 2 2 2 2
left_child=1 2 4 -4 -1 -2
right_child=5 -3 3 -5 -6 -7
leaf_value=0.016402480741260397 0.016118528570147971 -0.039042306718847002 0.031655731222854221 -0.00023801452036038029 -0.01188383753862011 -0.038862563379189911
leaf_weight=16.778556980192661 1.2640900686383236 5.5541241634637109 26.9087326945737 84.146750465035439 61.592116422019899 12.832808993756769
leaf_count=51 3 253 105 550 287 496
internal_value=-0.0015312 0.000811369 0.00197991 0.00748984 -0.00582795 -0.0339323
internal_weight=209.077 194.98 189.426 111.055 78.3707 14.0969
internal_count=1745 1246 993 655 338 499
is_linear=0
shrinkage=0.05


Tree=264
num_leaves=7
num_cat=0
split_feature=2 6 9 7 7 9
split_gain=2.75881 2.44352 2.57052 2.34726 2.13619 2.99626
threshold=-1.095339844944027 18.150000000000002 16.500000000000004 0.46215625000000005 0.20871875000000004 19.500000000000004
decision_type=2 2 2 2 2 2
left_child=1 -1 3 -3 -2 -6
right_child=4 2 -4 -5 5 -7
leaf_value=-0.036414683239210342 -0.010389612329065193 0.022856709367675459 -0.040960636990057392 -0.031713309643743422 0.00084014916905494333 0.019172665152927381
leaf_weight=9.4823950557038206 35.268370106816292 7.7342993831261975 3.4324902072548857 2.6443036906421185 206.29719007760286 24.987889315932989
leaf_count=148 235 78 26 21 1081 156
internal_value=-0.00036914 -0.0168706 -0.00345201 0.00895313 0.00107288 0.00282078
internal_weight=289.847 23.2935 13.8111 10.3786 266.553 231.285
internal_count=1745 273 125 99 1472 1237
is_linear=0
shrinkage=0.05


Tree=265
num_leaves=7
num_cat=0
split_feature=2 4 4 7 1 2
split_gain=1.79392 2.98637 4.97945 5.03071 4.5108 3.03032
threshold=-0.74984337387587452 0.048637377339141911 -0.030362097711991044 0.24506250000000004 0.53148066619978807 -0.98686433004010932
decision_type=2 2 2 2 2 2
left_child=1 2 3 -1 5 -3
right_child=-2 4 -4 -5 -6 -7
leaf_value=0.043531756749507093 0.0024925605420133938 0.041311008824963219 -0.023160083147024221 -0.006446932227664761 -0.026518257237486333 -0.001730069608340847
leaf_weight=6.4006630517542389 279.09188148006797 9.8070138357579744 37.21375435218215 23.598406730219722 6.2037400975823394 7.0143274292349824
leaf_count=28 1325 34 214 98 25 21
internal_value=0.0005111 -0.00561725 -0.010941 0.00421662 0.00992353 0.0233633
internal_weight=369.33 90.2379 67.2128 29.9991 23.0251 16.8213
internal_count=1745 420 340 126 80 55
is_linear=0
shrinkage=0.05


Tree=266
num_leaves=7
num_cat=0
split_feature=1 5 2 8 4 8
split_gain=1.85115 2.42214 2.41309 3.22515 3.6638 2.21001
threshold=0.78380978922095312 -1.1532488194225232 0.63592668651604445 -0.91642268504886382 0.11554238405492366 -0.98709671000135979
decision_type=2 2 2 2 2 2
left_child=2 -2 5 -4 -5 -1
right_child=1 -3 3 4 -6 -7
leaf_value=-0.0067515067549406144 -0.0052930147115705243 0.056382820049631091 0.032974210703076143 -0.031818905894400749 0.011668026317087377 0.0034036747870150037
leaf_weight=67.33299271017313 3.0133482255041599 3.3745902031660071 3.2322793323546675 18.039411919191483 6.621188983321189 262.19190183281898
leaf_count=232 24 18 29 366 76 1000
internal_value=0.00061016 0.0272888 0.000133347 -0.0139877 -0.020143 0.00132863
internal_weight=363.806 6.38794 357.418 27.8929 24.6606 329.525
internal_count=1745 42 1703 471 442 1232
is_linear=0
shrinkage=0.05


Tree=267
num_leaves=7
num_cat=0
split_feature=5 3 6 6 1 1
split_gain=6.08565 3.47919 3.01698 7.77809 4.06953 1.35423
threshold=19.136017602307707 0.75583704152711351 2.0500000000000003 10.700000000000008 0.209520655521272 0.1543781194968438
decision_type=2 2 2 2 2 2
left_child=1 2 4 -4 -1 -2
right_child=5 -3 3 -5 -6 -7
leaf_value=0.033524749441350331 0.015507096782126716 -0.038983326474173463 0.030741666636271026 -0.00023025679174715785 -0.0089204666506291115 -0.038806256488604161
leaf_weight=6.1274843513965598 1.2651509940624226 5.3433336331509045 26.709402589127421 84.09448703750968 72.032842079177499 12.360171694308518
leaf_count=13 3 253 105 550 325 496
internal_value=-0.00146081 0.000804308 0.00192938 0.00723556 -0.00559292 -0.0337631
internal_weight=207.933 194.308 188.964 110.804 78.1603 13.6253
internal_count=1745 1246 993 655 338 499
is_linear=0
shrinkage=0.05


Tree=268
num_leaves=7
num_cat=0
split_feature=2 8 7 7 5 7
split_gain=2.64481 2.11859 2.04388 8.1018 2.67473 1.76341
threshold=-1.3422265835049894 1.2574400707005009 0.40853125000000007 0.42809375000000011 -36.355335035729446 0.43828125000000001
decision_type=2 2 2 2 2 2
left_child=-1 2 4 -4 -2 -3
right_child=1 5 3 -5 -6 -7
leaf_value=-0.019837580276388832 0.0040693103584819069 0.0101586874250039 0.048960986208839818 0.00016733897939491847 -0.0087264880809958308 0.052235565585124155
leaf_weight=16.428783864714205 68.074825244955719 19.963481377810243 9.6837460249662382 70.030786775052547 102.08090194314718 2.8448789939284316
leaf_count=210 454 132 61 344 521 23
internal_value=-0.000354354 0.000819504 -0.000512048 0.00609481 -0.00360723 0.0154069
internal_weight=289.107 272.679 249.87 79.7145 170.156 22.8084
internal_count=1745 1535 1380 405 975 155
is_linear=0
shrinkage=0.05


Tree=269
num_leaves=7
num_cat=0
split_feature=7 8 7 2 1 7
split_gain=1.80439 2.39941 3.74696 1.84561 1.92823 5.0877
threshold=0.080406249999999915 -0.64233836724504523 0.076249999999999971 -2.3116765117338702 0.69022498695153722 0.33668750000000008
decision_type=2 2 2 2 2 2
left_child=1 -1 -3 -2 -5 -6
right_child=3 2 -4 4 5 -7
leaf_value=-0.040932412173834989 -0.025088735859546032 0.036749195039095878 -0.02698449769071979 0.003317181807318147 0.017766293877477947 -0.016633796306157314
leaf_weight=6.0054026097059241 6.5367044284939757 3.9397818557918054 5.5614610090851784 293.65962479449809 14.920286621898411 38.440108917653561
leaf_count=36 40 21 29 1337 65 217
internal_value=0.000500437 -0.0161934 -0.000556708 0.00123261 0.00172842 -0.00701507
internal_weight=369.063 15.5066 9.50124 353.557 347.02 53.3604
internal_count=1745 86 50 1659 1619 282
is_linear=0
shrinkage=0.05


Tree=270
num_leaves=7
num_cat=0
split_feature=1 2 8 4 3 3
split_gain=1.70874 2.25936 2.99045 3.51662 2.05947 6.96261
threshold=0.78380978922095312 0.63592668651604445 -0.91642268504886382 0.11554238405492366 0.72484454233126538 0.75583704152711351
decision_type=2 2 2 2 2 2
left_child=1 4 -3 -4 -1 -6
right_child=-2 2 3 -5 5 -7
leaf_value=0.00053216934961952613 0.026197843739051326 0.031014038850610989 -0.031416154013658687 0.011236114493765877 0.064235073340701762 -0.01296034916158726
leaf_weight=317.50117746181786 6.4060424938797942 3.3039600700140026 17.581278691068295 6.6644755881279698 5.3143099248409253 6.4859488792717457
leaf_count=1166 42 29 366 76 27 39
internal_value=0.00060318 0.000143716 -0.0136112 -0.0196922 0.00129447 0.021805
internal_weight=363.257 356.851 27.5497 24.2458 329.301 11.8003
internal_count=1745 1703 471 442 1232 66
is_linear=0
shrinkage=0.05


Tree=271
num_leaves=7
num_cat=0
split_feature=8 4 8 6 9 2
split_gain=4.97933 5.91473 8.46331 5.73031 5.68063 6.84266
threshold=-0.64233836724504523 0.10976871506616696 -0.10526482451419485 45.850000000000001 12.500000000000002 -2.3116765117338702
decision_type=2 2 2 2 2 2
left_child=-1 4 -3 -4 -2 -6
right_child=1 2 3 -5 5 -7
leaf_value=0.0061496068071210108 -0.0042898272005973308 0.082401626853129462 0.066417311239444304 -0.031764466508241107 0.050467315936589922 -0.037044373092864034
leaf_weight=105.42336944770068 57.120055784936994 4.0553415920585394 1.9972177864983658 5.8074510311707854 2.4138826727867118 29.931715914048254
leaf_count=476 563 23 21 128 9 525
internal_value=-0.0014576 -0.00937244 0.0238066 -0.00663971 -0.0137708 -0.0305136
internal_weight=206.749 101.326 11.86 7.80467 89.4657 32.3456
internal_count=1745 1269 172 149 1097 534
is_linear=0
shrinkage=0.05


Tree=272
num_leaves=7
num_cat=0
split_feature=1 8 4 2 2 9
split_gain=2.54723 3.77427 2.83909 2.94232 2.43717 3.535
threshold=0.46543225494188217 -0.064959976546039092 0.098265319352879812 0.0124364117272496 0.1142811208731765 7.5000000000000009
decision_type=2 2 2 2 2 2
left_child=1 4 3 -3 -1 -6
right_child=-2 2 -4 -5 5 -7
leaf_value=-0.022661669993876168 0.0036472382229254365 -0.0034142300854040179 -0.019616769938184314 0.020963948205030641 0.019407630268907811 -0.020565928552663218
leaf_weight=37.260055653750896 167.86047559138387 26.406090836971998 11.43723428249359 23.297712184488773 10.457849316298963 11.739059515297411
leaf_count=354 947 145 48 145 59 47
internal_value=-0.000335288 -0.00587857 0.00284414 0.00801258 -0.0148483 -0.00173279
internal_weight=288.458 120.598 61.141 49.7038 59.457 22.1969
internal_count=1745 798 338 290 460 106
is_linear=0
shrinkage=0.05


Tree=273
num_leaves=7
num_cat=0
split_feature=8 8 8 8 8 1
split_gain=1.73196 7.33313 3.21136 6.37529 5.64348 6.93695
threshold=0.97005332990323334 1.1818816732152511 0.014378250060675052 -0.033952398795413043 0.35495228837906984 0.72047326795916233
decision_type=2 2 2 2 2 2
left_child=2 -2 3 -1 -4 -6
right_child=1 -3 4 -5 5 -7
leaf_value=0.001218882869153854 0.031349319494834098 -0.0073379021165486521 -0.025907403915473859 0.056270970574334361 0.0064350044636424077 -0.035978825373559911
leaf_weight=210.81129686906934 21.334290370345116 28.762358225882053 31.154184442013502 5.3934091180562964 59.831256780773401 11.49202750995755
leaf_count=902 91 188 175 25 285 79
internal_value=0.000495222 0.00913754 -0.000863345 0.0025922 -0.00815379 -0.000398962
internal_weight=368.779 50.0966 318.682 216.205 102.477 71.3233
internal_count=1745 279 1466 927 539 364
is_linear=0
shrinkage=0.05


Tree=274
num_leaves=7
num_cat=0
split_feature=1 2 4 4 8 1
split_gain=1.70551 3.85826 2.16776 2.3725 1.84226 4.60245
threshold=0.23183619633715627 -1.0365949248028534 0.011727090109562152 0.00180315944071115 0.90552488504384543 0.75212464873192786
decision_type=2 2 2 2 2 2
left_child=1 -1 3 -3 -2 -6
right_child=4 2 -4 -5 5 -7
leaf_value=0.033420427034820517 0.00051288918862373565 -0.002101936298136617 -0.018187473795984749 0.029205531419855366 -0.021055947822796 0.026555941833951064
leaf_weight=12.331951946020125 280.4223191794008 17.573820225894455 10.430311853066085 9.2293119616806489 26.654833727516234 6.2696069329977027
leaf_count=35 1316 45 29 24 263 33
internal_value=0.000562461 0.00918072 0.00115237 0.00867839 -0.00080078 -0.0119895
internal_weight=362.912 49.5654 37.2334 26.8031 313.347 32.9244
internal_count=1745 133 98 69 1612 296
is_linear=0
shrinkage=0.05


Tree=275
num_leaves=7
num_cat=0
split_feature=3 4 9 3 8 8
split_gain=4.69671 5.34836 6.04095 2.928 3.92178 5.48747
threshold=0.39503056859112923 0.14292429932722797 12.500000000000002 0.37506780600364847 -0.68980244950596703 -0.75786489541321511
decision_type=2 2 2 2 2 2
left_child=3 -2 -3 4 5 -1
right_child=1 2 -4 -5 -6 -7
leaf_value=0.0041788109582099903 -0.025513017928459517 0.11321544972803754 -0.001303495245299447 0.034319158549388599 -0.0072248017671678452 0.047317631621198591
leaf_weight=74.681643579155207 32.298564752563834 1.462482920847832 5.4167895307764411 6.8263927437365046 77.219185261055827 8.1792070865631086
leaf_count=227 1003 17 96 36 350 16
internal_value=-0.00140736 -0.0169871 0.0230424 0.00224967 0.000882108 0.00843705
internal_weight=206.084 39.1778 6.87927 166.906 160.08 82.8609
internal_count=1745 1116 113 629 593 243
is_linear=0
shrinkage=0.05


Tree=276
num_leaves=7
num_cat=0
split_feature=1 8 1 1 4 1
split_gain=2.37065 3.54989 2.79623 3.01042 2.31936 4.44053
threshold=0.46543225494188217 0.16721635979913149 0.44754744252018208 0.37909553508763866 0.010966177475203851 0.63602350251833462
decision_type=2 2 2 2 2 2
left_child=1 -1 3 -3 5 -2
right_child=4 2 -4 -5 -6 -7
leaf_value=-0.013164139031123182 0.0079509319496197366 0.0012687572839371634 -0.023883932562232327 0.031146990763452426 0.009351092236179262 -0.015198060236526612
leaf_weight=68.524464158341289 46.316691636107862 32.077834609895945 7.5273413881659499 11.436205208301542 84.080027770251036 37.480132814496756
leaf_count=519 304 173 35 71 462 181
internal_value=-0.000348139 -0.00572861 0.0042538 0.00912125 0.00348396 -0.00240301
internal_weight=287.443 119.566 51.0414 43.514 167.877 83.7968
internal_count=1745 798 279 244 947 485
is_linear=0
shrinkage=0.05


Tree=277
num_leaves=7
num_cat=0
split_feature=7 3 4 9 6 4
split_gain=1.70021 3.27047 1.77743 5.74499 3.65927 3.06019
threshold=0.075906249999999967 0.47508530190715653 -0.092614178517174142 16.500000000000004 113.10000000000001 -0.036041310207972195
decision_type=2 2 2 2 2 2
left_child=1 -1 3 -2 -5 -4
right_child=2 -3 5 4 -6 -7
leaf_value=-0.046162923743234774 -0.052004593213197559 0.016442656501490804 0.011378763441859093 -0.01988387215849495 0.026390804622291909 -0.00047244019380600507
leaf_weight=5.2610610965639335 6.5629187859594849 3.4566245451569557 68.397278444841504 8.6276003569364565 8.4626271016895753 267.52092956192791
leaf_count=39 33 11 301 34 31 1296
internal_value=0.000478815 -0.0213394 0.00100779 -0.0122401 0.00303012 0.00194062
internal_weight=368.289 8.71769 359.571 23.6531 17.0902 335.918
internal_count=1745 50 1695 98 65 1597
is_linear=0
shrinkage=0.05


Tree=278
num_leaves=7
num_cat=0
split_feature=1 2 4 1 4 5
split_gain=1.54622 3.52356 2.01476 2.25129 1.85918 5.15599
threshold=0.23183619633715627 -1.0365949248028534 0.011727090109562152 0.1543781194968438 -0.065672935512585337 -36.355335035729446
decision_type=2 2 2 2 2 2
left_child=1 -1 3 -3 5 -2
right_child=4 2 -4 -5 -6 -7
leaf_value=0.031774220870750852 -0.0284063987537998 -0.013002119163747168 -0.017641430886491033 0.018160670343649536 -0.0022244477909336012 0.018080718702821432
leaf_weight=12.437202498316763 7.3330943696200839 8.4839699417352694 10.404625182971357 18.28986718505621 273.63830407243222 31.963715145364404
leaf_count=35 37 20 29 49 1430 145
internal_value=0.000536208 0.00873669 0.00103001 0.00828595 -0.000763973 0.00940586
internal_weight=362.551 49.6157 37.1785 26.7738 312.935 39.2968
internal_count=1745 133 98 69 1612 182
is_linear=0
shrinkage=0.05


Tree=279
num_leaves=7
num_cat=0
split_feature=5 3 6 6 1 1
split_gain=5.64651 3.24269 2.87092 7.1887 3.85437 1.36225
threshold=19.136017602307707 0.75583704152711351 2.0500000000000003 10.700000000000008 0.209520655521272 0.1543781194968438
decision_type=2 2 2 2 2 2
left_child=1 2 4 -4 -1 -2
right_child=5 -3 3 -5 -6 -7
leaf_value=0.032900686822849044 0.015877558697228747 -0.03891504512556293 0.029799024657274777 -0.00011219679756720576 -0.008712175373777194 -0.038746218602825476
leaf_weight=6.0336717069149008 1.2658477202057827 4.9997624778188756 26.448313302360475 83.520914851687849 71.587456568144262 11.608880131039767
leaf_count=13 3 253 105 550 325 496
internal_value=-0.00131738 0.000825726 0.00188492 0.00708165 -0.00547751 -0.0333756
internal_weight=205.465 192.59 187.59 109.969 77.6211 12.8747
internal_count=1745 1246 993 655 338 499
is_linear=0
shrinkage=0.05


Tree=280
num_leaves=7
num_cat=0
split_feature=2 8 6 6 6 4
split_gain=2.38572 1.89895 1.80405 3.77103 2.91222 1.71716
threshold=-1.3422265835049894 3.171028890495116 139.95000000000005 229.75000000000003 9.6000000000000103 0.0029240658301945507
decision_type=2 2 2 2 2 2
left_child=5 2 4 -4 -2 -1
right_child=1 -3 3 -5 -6 -7
leaf_value=-0.033930062032882971 0.0036769854432150261 0.033363502069577278 0.017816522470150944 -0.0026291791638700266 -0.0092720907411209356 -0.0008889327924217473
leaf_weight=8.7916977871209365 87.170315935276449 4.3970104306936255 38.564537644386292 54.317438963800669 86.510656635276973 7.1142039448022834
leaf_count=139 573 35 215 258 454 71
internal_value=-0.000332079 0.000772677 0.000235085 0.00585986 -0.00277296 -0.0191518
internal_weight=286.866 270.96 266.563 92.882 173.681 15.9059
internal_count=1745 1535 1500 473 1027 210
is_linear=0
shrinkage=0.05


Tree=281
num_leaves=7
num_cat=0
split_feature=2 1 1 7 2 8
split_gain=1.64513 2.85076 3.12604 2.89133 2.63335 1.96319
threshold=-0.74984337387587452 0.26824829054950988 0.29197512423804961 0.26912500000000006 -0.73172494401323818 0.97005332990323334
decision_type=2 2 2 2 2 2
left_child=1 -1 -3 -4 -2 -6
right_child=4 2 3 -5 5 -7
leaf_value=-0.030673870983272917 0.037387079708360076 0.026797387802220719 0.0092944090948640524 -0.012439353876904417 -0.0001596189754480028 0.011459710683997178
leaf_weight=9.9482340812683088 5.2622670046985141 8.2790487296879274 22.238074988126755 49.067385261878371 229.89923970401287 43.180967692285776
leaf_count=80 14 35 101 204 1059 252
internal_value=0.000456446 -0.00543902 -0.00228461 -0.00566123 0.00235281 0.00167769
internal_weight=367.875 89.5327 79.5845 71.3055 278.342 273.08
internal_count=1745 420 340 305 1325 1311
is_linear=0
shrinkage=0.05


Tree=282
num_leaves=7
num_cat=0
split_feature=9 8 6 2 9 8
split_gain=1.60623 3.8788 6.76083 3.46322 2.86386 7.44514
threshold=17.500000000000004 -0.39683882464305958 1.4000000000000072 -1.1787650503604865 16.500000000000004 -0.88497634374745204
decision_type=2 2 2 2 2 2
left_child=4 2 -2 -4 -1 -6
right_child=1 -3 3 -5 5 -7
leaf_value=0.00034058572435774123 -0.0038199284256465772 -0.0049526971969048985 0.011080381410275538 0.054553525934715685 0.023660220451444544 -0.036894279611800897
leaf_weight=266.26372008398175 18.070910723879933 34.366641947068274 7.254299312829974 12.43238629773259 7.4044516980648067 16.141427602618933
leaf_count=1265 78 214 21 47 25 95
internal_value=0.000524195 0.0072011 0.0182634 0.0385342 -0.00113747 -0.0178518
internal_weight=361.934 72.1242 37.7576 19.6867 289.81 23.5459
internal_count=1745 360 146 68 1385 120
is_linear=0
shrinkage=0.05


Tree=283
num_leaves=7
num_cat=0
split_feature=8 6 4 1 7 4
split_gain=4.26148 5.48725 9.87522 7.91599 3.70676 5.51877
threshold=-0.64233836724504523 42.95000000000001 0.11957823038039821 0.21323368511806087 0.30678125000000001 0.084971179267133712
decision_type=2 2 2 2 2 2
left_child=4 2 3 -2 5 -1
right_child=1 -3 -4 -5 -6 -7
leaf_value=0.0043564093071276197 0.036397957992068783 -0.0247357693922888 0.071576096079557658 -0.013251953903879111 0.023096094703671008 -0.045339092188436805
leaf_weight=75.038388575427234 9.5327305495738965 34.713489475194365 4.4734412319958201 50.859253294300288 23.808249917812645 6.0359923969954243
leaf_count=297 20 664 25 560 141 38
internal_value=-0.00128326 -0.00869146 -0.000105158 -0.00541483 0.00575032 0.000656576
internal_weight=204.462 99.5789 64.8654 60.392 104.883 81.0744
internal_count=1745 1269 605 580 476 335
is_linear=0
shrinkage=0.05


Tree=284
num_leaves=7
num_cat=0
split_feature=2 6 7 6 1 4
split_gain=2.28045 5.86122 4.58248 4.64513 3.56511 3.13478
threshold=0.27218162270347218 9.6000000000000103 0.33453125000000006 221.45000000000002 0.37909553508763866 0.067920507188025461
decision_type=2 2 2 2 2 2
left_child=4 -2 5 -4 -1 -3
right_child=1 2 3 -5 -6 -7
leaf_value=-0.015093675745236557 0.021093954338748042 -0.0068953927448446098 0.01995193593477592 -0.0080405895395138788 0.00084969763387038983 -0.042553601502491045
leaf_weight=51.347684599459171 38.220966994762421 17.400185234844688 28.380468361079693 31.017369650304317 110.56110155116767 9.5443056821823102
leaf_count=403 268 95 179 147 621 32
internal_value=-0.000293672 0.00479237 -0.00242382 0.00533432 -0.00420658 -0.0195263
internal_weight=286.472 124.563 86.3423 59.3978 161.909 26.9445
internal_count=1745 721 453 326 1024 127
is_linear=0
shrinkage=0.05


Tree=285
num_leaves=7
num_cat=0
split_feature=2 7 8 7 6 7
split_gain=1.59349 1.65093 2.2373 3.65417 1.69021 2.32471
threshold=-2.3116765117338702 0.080406249999999915 -0.64233836724504523 0.076249999999999971 482.10000000000008 0.49196875000000001
decision_type=2 2 2 2 2 2
left_child=-1 2 -2 -4 5 -3
right_child=1 4 3 -5 -6 -7
leaf_value=-0.024268721397984652 -0.039893534989979829 0.0011462656851331722 0.03703511912560107 -0.026450048462863626 -0.030057877197359154 0.022619051708773846
leaf_weight=6.4117537699639788 5.7370675876736632 328.85074133425951 3.8614442870020849 5.4881944693624973 4.1697227731347075 13.107054982334374
leaf_count=42 36 1537 19 29 24 58
internal_value=0.000439184 0.000877763 -0.0153132 -0.000230379 0.00158348 0.00196931
internal_weight=367.626 361.214 15.0867 9.34964 346.128 341.958
internal_count=1745 1703 84 48 1619 1595
is_linear=0
shrinkage=0.05


Tree=286
num_leaves=7
num_cat=0
split_feature=6 4 8 8 3 7
split_gain=1.54168 1.80754 3.61377 2.44698 5.75254 5.38092
threshold=482.10000000000008 -0.092614178517174142 -0.064959976546039092 -0.98709671000135979 0.27079238915171738 0.18187500000000004
decision_type=2 2 2 2 2 2
left_child=1 2 -1 5 -5 -3
right_child=-2 3 -4 4 -6 -7
leaf_value=0.026961788039570906 0.025384618753588391 0.025356476328341496 -0.013563742185191782 0.010827607829741799 -0.0043987701345596505 -0.015662739176339809
leaf_weight=16.160144766792659 6.1140263602137557 9.3612408116459829 8.3399969227612001 98.104787759482861 168.69457407109439 54.783365614712238
leaf_count=49 24 28 45 276 1107 216
internal_value=0.000490347 6.21388e-05 0.0131667 -0.000908003 0.00120012 -0.00967641
internal_weight=361.558 355.444 24.5001 330.944 266.799 64.1446
internal_count=1745 1721 94 1627 1383 244
is_linear=0
shrinkage=0.05


Tree=287
num_leaves=7
num_cat=0
split_feature=3 4 2 1 3 3
split_gain=4.15222 4.93804 4.94705 2.58945 9.62056 2.55696
threshold=0.39503056859112923 0.14292429932722797 0.53739116092331962 0.66898894270622955 0.52516146326760704 0.37506780600364847
decision_type=2 2 2 2 2 2
left_child=5 3 -3 -2 -5 -1
right_child=1 2 -4 4 -6 -7
leaf_value=0.00085860559075037843 -0.033996801459207943 0.050828548039596827 -0.039493267008627632 0.070596877788482101 -0.039311960828416405 0.031818409430950843
leaf_weight=158.94097015354782 21.966977259377021 4.7247195756062856 2.2322656363248825 3.0143078472465259 5.8649383010342717 6.9611861836165181
leaf_count=593 755 40 73 28 220 36
internal_value=-0.00124992 -0.0162044 0.0218473 -0.0247865 -0.00200034 0.00215767
internal_weight=203.705 37.8032 6.95699 30.8462 8.87925 165.902
internal_count=1745 1116 113 1003 248 629
is_linear=0
shrinkage=0.05


Tree=288
num_leaves=7
num_cat=0
split_feature=2 7 9 4 9 3
split_gain=2.21196 1.84847 2.22545 4.67529 1.90635 2.27625
threshold=-1.3422265835049894 0.20871875000000004 19.500000000000004 -0.0084771228897909476 3.5000000000000004 0.39026961566369101
decision_type=2 2 2 2 2 2
left_child=-1 4 -3 -4 5 -2
right_child=1 2 3 -5 -6 -7
leaf_value=-0.018643425738095118 -0.031395499574725795 0.00065329203714472846 0.040827719441053283 -0.0022779617423225639 -0.017857649840278891 0.020136521740760225
leaf_weight=15.543715002946554 2.8733908943831912 208.91095751151443 11.034597571939232 14.63106809183955 24.064329649321735 8.4294467680156213
leaf_count=210 35 1124 82 82 162 50
internal_value=-0.000302374 0.000753728 0.00236029 0.0162547 -0.00990196 0.00703613
internal_weight=285.488 269.944 234.577 25.6657 35.3672 11.3028
internal_count=1745 1535 1288 164 247 85
is_linear=0
shrinkage=0.05


Tree=289
num_leaves=7
num_cat=0
split_feature=8 5 4 8 5 1
split_gain=1.58948 1.51049 3.93791 3.53803 2.97234 2.8848
threshold=-2.4258441336836176 -30.150721943966555 -0.088506758409626893 -1.7690317847632195 -91.724986301168357 0.55449426118069445
decision_type=2 2 2 2 2 2
left_child=-1 2 -2 -3 -4 -5
right_child=1 3 4 5 -6 -7
leaf_value=-0.023845797037025801 -0.04968978623264992 0.041552042651326837 0.0076360858695772513 0.0072137990219129523 -0.0079044208359228801 -0.004336707389762732
leaf_weight=6.6243361942470065 4.4335838146507731 5.9024846106767646 50.873050078749657 127.81561808660626 77.858183160424232 93.675525322556496
leaf_count=35 25 18 239 542 393 493
internal_value=0.000424404 0.000870307 -0.00335867 0.00334685 -0.001763 0.00232873
internal_weight=367.183 360.558 133.165 227.394 128.731 221.491
internal_count=1745 1710 657 1053 632 1035
is_linear=0
shrinkage=0.05


Tree=290
num_leaves=7
num_cat=0
split_feature=1 2 6 6 8 4
split_gain=1.51653 2.01486 2.81296 9.1878 1.92479 4.94979
threshold=0.78380978922095312 0.63592668651604445 58.899999999999999 10.350000000000017 -0.98709671000135979 -0.08132966859404768
decision_type=2 2 2 2 2 2
left_child=1 4 3 -3 5 -1
right_child=-2 2 -4 -5 -6 -7
leaf_value=0.03222757745659928 0.024502394487847967 -0.033910262129221311 -0.029306537720014948 0.048988810349844328 0.0030440343080789748 -0.011290717865841474
leaf_weight=7.3453094214200965 6.4440770447254172 7.5098028033971804 13.443659197539089 6.0229608397930861 260.98886464908719 59.16154795140028
leaf_count=19 42 187 210 74 1000 213
internal_value=0.000464126 2.71261e-05 -0.0131073 0.00298522 0.00110904 -0.00648437
internal_weight=360.916 354.472 26.9764 13.5328 327.496 66.5069
internal_count=1745 1703 471 261 1232 232
is_linear=0
shrinkage=0.05


Tree=291
num_leaves=7
num_cat=0
split_feature=5 2 9 7 1 1
split_gain=5.2862 2.97742 4.01926 4.07577 3.71022 1.2543
threshold=19.136017602307707 -2.3116765117338702 12.500000000000002 0.25809375000000007 0.26824829054950988 0.1543781194968438
decision_type=2 2 2 2 2 2
left_child=1 -1 3 -3 -4 -2
right_child=5 2 4 -5 -6 -7
leaf_value=0.028420011243034199 0.013931966625981972 0.017267698629974338 -0.0466812292726436 -0.0024224544432564733 -0.0062229684402982724 -0.038680997772270798
leaf_weight=9.3247546292841417 1.2648165225982655 43.990536245517433 6.1970395864918819 65.285856988281012 66.206196809653193 10.85366069502197
leaf_count=36 3 167 38 374 631 496
internal_value=-0.00116688 0.000864841 -0.000549435 0.00550406 -0.00968582 -0.0331897
internal_weight=203.123 191.004 181.68 109.276 72.4032 12.1185
internal_count=1745 1246 1210 541 669 499
is_linear=0
shrinkage=0.05


Tree=292
num_leaves=7
num_cat=0
split_feature=8 4 2 2 4 5
split_gain=2.1173 5.45825 3.4988 4.08856 3.37253 2.67164
threshold=-0.33123593390956885 0.021681302339134154 0.49198490641727521 1.0394143932003039 0.10472386164682816 -36.355335035729446
decision_type=2 2 2 2 2 2
left_child=1 -1 4 -4 -3 -2
right_child=5 2 3 -5 -6 -7
leaf_value=-0.014728331190236747 0.017426002338753542 0.0069205927106102474 -0.034119347278562487 0.030399122299044391 0.046244711318614247 0.00039287977898530091
leaf_weight=65.139277744106948 26.974457683973014 15.998581517487766 7.6454833298921567 3.6172839254140854 8.2710336297750455 157.08681840822101
leaf_count=481 198 110 24 29 50 853
internal_value=-0.000299597 -0.00612961 0.00963388 -0.0133978 0.0203222 0.00288911
internal_weight=284.733 100.672 35.5324 11.2628 24.2696 184.061
internal_count=1745 694 213 53 160 1051
is_linear=0
shrinkage=0.05


Tree=293
num_leaves=7
num_cat=0
split_feature=3 3 6 6 6 6
split_gain=1.52158 3.544 6.24762 9.04528 5.89316 5.06687
threshold=0.40531554102093964 0.49604082452784765 70.300000000000026 90.350000000000009 0.29999999999999294 28.800000000000004
decision_type=2 2 2 2 2 2
left_child=-1 5 4 -4 -3 -2
right_child=1 2 3 -5 -6 -7
leaf_value=-0.0032693775694634395 0.027013750404917092 0.0073005404625218337 0.061767548792106525 0.0036148640738243401 -0.021725390250983339 -0.0025179748671127268
leaf_weight=158.25107148010284 32.109883114695549 27.695525158196688 7.4236344471573821 67.376544691622257 47.442090790718794 26.521034061908722
leaf_count=653 84 157 28 392 329 102
internal_value=0.000427561 0.0032326 -0.000843075 0.0093863 -0.0110265 0.0136554
internal_weight=366.82 208.569 149.938 74.8002 75.1376 58.6309
internal_count=1745 1092 906 420 486 186
is_linear=0
shrinkage=0.05


Tree=294
num_leaves=7
num_cat=0
split_feature=9 8 6 1 1 5
split_gain=1.41921 3.52263 6.11934 6.01747 2.87685 2.85914
threshold=17.500000000000004 -0.39683882464305958 1.4000000000000072 0.46543225494188217 0.5835327851459059 -20.738366409386035
decision_type=2 2 2 2 2 2
left_child=-1 2 3 -2 -4 -3
right_child=1 5 4 -5 -6 -7
leaf_value=-0.0011010626346419198 0.020135046028423854 0.013537636516501689 0.04953729242869645 -0.038728052070279739 0.0088250275401755823 -0.016239301382445656
leaf_weight=288.38944710977376 10.644836448132994 13.027146423235534 13.442983306944372 7.3325470164418212 6.4073603935539714 21.148838100023568
leaf_count=1385 32 68 45 46 23 146
internal_value=0.000466748 0.00674615 0.0172581 -0.00387381 0.0363961 -0.00488898
internal_weight=360.393 72.0037 37.8277 17.9774 19.8503 34.176
internal_count=1745 360 146 78 68 214
is_linear=0
shrinkage=0.05


Tree=295
num_leaves=7
num_cat=0
split_feature=5 3 1 5 1 1
split_gain=5.03203 2.92782 2.64651 8.10535 2.86003 1.22296
threshold=19.136017602307707 0.75583704152711351 0.69022498695153722 -23.3551680988223 0.46265775084109578 0.1543781194968438
decision_type=2 2 2 2 2 2
left_child=1 2 4 -4 -1 -2
right_child=5 -3 3 -5 -6 -7
leaf_value=0.0044767841426047502 0.013424291036248832 -0.038802101127052041 0.058382167243293828 -0.039235609144114267 -0.0094732252702510664 -0.03863462314660774
leaf_weight=123.79181887768209 1.2648275196552266 4.5621910467743865 6.6319307722151279 3.1300567016005498 52.249750201590359 10.438682015286757
leaf_count=530 3 253 34 76 353 496
internal_value=-0.00118645 0.000769938 0.00174158 0.0270823 0.000336373 -0.0330085
internal_weight=202.069 190.366 185.804 9.76199 176.042 11.7035
internal_count=1745 1246 993 110 883 499
is_linear=0
shrinkage=0.05


Tree=296
num_leaves=7
num_cat=0
split_feature=2 8 6 6 7 6
split_gain=2.04934 1.81527 1.64909 3.33667 2.6642 1.39264
threshold=-1.3422265835049894 3.171028890495116 139.95000000000005 229.75000000000003 0.30384375000000002 24.849999999999994
decision_type=2 2 2 2 2 2
left_child=5 2 4 -4 -2 -1
right_child=1 -3 3 -5 -6 -7
leaf_value=-0.035287592155857687 0.0012693363203988308 0.032818042990654966 0.01677947178287657 -0.0024565702068992104 -0.012416314755803031 -0.0048078571736991683
leaf_weight=6.6715779080986968 121.54005221370608 4.3262394480407229 38.569294858723879 54.25565443187952 50.269301652908325 8.550971180200575
leaf_count=124 778 35 215 258 249 86
internal_value=-0.000318639 0.000691492 0.000166287 0.00553611 -0.00273492 -0.0181662
internal_weight=284.183 268.961 264.634 92.8249 171.809 15.2225
internal_count=1745 1535 1500 473 1027 210
is_linear=0
shrinkage=0.05


Tree=297
num_leaves=7
num_cat=0
split_feature=7 3 6 7 1 4
split_gain=1.51331 3.06347 1.4698 2.23481 2.91696 2.82287
threshold=0.075906249999999967 0.47508530190715653 482.10000000000008 0.49196875000000001 0.66364383944956418 0.19094572830560688
decision_type=2 2 2 2 2 2
left_child=1 -1 3 5 -5 -2
right_child=2 -3 -4 4 -6 -7
leaf_value=-0.045729051063483732 -0.0002867803393994874 0.015676738241100958 -0.029050236200879088 0.040547479700962064 -0.0074258082448015522 0.028481929992728219
leaf_weight=4.9590764408931118 331.81907446868718 3.4400934055447578 4.0520511530339709 7.9428669288754445 5.2716194987297058 8.7517642825841886
leaf_count=39 1567 11 24 29 29 46
internal_value=0.000399926 -0.0205787 0.000892339 0.00123528 0.0214096 0.000452499
internal_weight=366.237 8.39917 357.837 353.785 13.2145 340.571
internal_count=1745 50 1695 1671 58 1613
is_linear=0
shrinkage=0.05


Tree=298
num_leaves=7
num_cat=0
split_feature=1 2 4 4 8 1
split_gain=1.43484 3.38199 1.96558 2.14522 1.57268 4.23921
threshold=0.23183619633715627 -1.0365949248028534 0.011727090109562152 0.00180315944071115 0.90552488504384543 0.75212464873192786
decision_type=2 2 2 2 2 2
left_child=1 -1 3 -3 -2 -6
right_child=4 2 -4 -5 5 -7
leaf_value=0.031123816358514966 0.00042466914087111964 -0.0023192227962255951 -0.017649468024611908 0.027598365686285094 -0.020174701767880315 0.025704719016244194
leaf_weight=12.290938086807726 278.78196060284972 17.275428168475631 10.343947675079106 9.1736232712864858 25.896650162525475 6.2500213272869578
leaf_count=35 1316 45 29 24 263 33
internal_value=0.000471303 0.00841593 0.00083022 0.00805743 -0.000782855 -0.0112547
internal_weight=360.013 49.0839 36.793 26.4491 310.929 32.1467
internal_count=1745 133 98 69 1612 296
is_linear=0
shrinkage=0.05


Tree=299
num_leaves=7
num_cat=0
split_feature=5 2 9 5 5 1
split_gain=4.84065 2.84077 3.56893 3.86004 3.61682 1.19115
threshold=19.136017602307707 -2.3116765117338702 12.500000000000002 -10.44126422202474 -15.608757796257793 0.1543781194968438
decision_type=2 2 2 2 2 2
left_child=1 -1 3 -3 -4 -2
right_child=5 2 4 -5 -6 -7
leaf_value=0.027893465926886116 0.01287673346554712 0.0027799500224935901 -0.004991504608450506 0.043199496848945793 -0.038791241653332399 -0.038595516943245325
leaf_weight=9.1890586689114553 1.2651141732931126 102.64471838017926 62.956449961755425 6.2674177838489404 9.052919280715285 10.075558820972217
leaf_count=36 3 464 377 77 292 496
internal_value=-0.00111983 0.000773181 -0.000604267 0.00510592 -0.00924076 -0.0328535
internal_weight=201.451 190.111 180.922 108.912 72.0094 11.3407
internal_count=1745 1246 1210 541 669 499
is_linear=0
shrinkage=0.05


Tree=300
num_leaves=7
num_cat=0
split_feature=2 2 4 1 7 7
split_gain=1.9815 4.00268 3.56492 3.18914 3.10777 2.95096
threshold=0.27218162270347218 0.32995854518103096 0.098265319352879812 0.37909553508763866 0.46215625000000005 0.49584374999999997
decision_type=2 2 2 2 2 2
left_child=3 -2 5 -1 -4 -3
right_child=1 2 4 -5 -6 -7
leaf_value=-0.014419918974794933 0.04005443958338778 0.0092573792070404556 -0.022372985264091302 0.0007871583741138118 0.013379273539073994 -0.039056841815831023
leaf_weight=50.184487103484571 7.4210827797651282 82.337772898375988 22.051213920116428 110.14630024135113 8.3913007229566556 3.2866382822394362
leaf_count=403 42 523 94 621 49 13
internal_value=-0.000306259 0.00445413 0.00217792 -0.00397275 -0.0125181 0.00740287
internal_weight=283.819 123.488 116.067 160.331 30.4425 85.6244
internal_count=1745 721 679 1024 143 536
is_linear=0
shrinkage=0.05


Tree=301
num_leaves=7
num_cat=0
split_feature=8 7 3 8 8 8
split_gain=1.49693 1.48105 2.93478 1.68724 7.75163 5.35726
threshold=-2.4258441336836176 0.075906249999999967 0.47508530190715653 0.014378250060675052 0.35495228837906984 -0.033952398795413043
decision_type=2 2 2 2 2 2
left_child=-1 2 -2 5 -5 -3
right_child=1 3 -4 4 -6 -7
leaf_value=-0.02336818021193093 -0.045411912652426119 0.0029414494545531352 0.015082887372270388 -0.025163976017857033 0.0030010917177817347 0.053157475561978453
leaf_weight=6.521876733750104 4.8004393288865668 194.08911145292222 3.442584328353405 30.602219596505165 121.10832741111517 5.4606971368193618
leaf_count=35 39 817 11 175 643 25
internal_value=0.000371795 0.00080247 -0.0201471 0.00129409 -0.00268021 0.00431562
internal_weight=366.025 359.503 8.24302 351.26 151.711 199.55
internal_count=1745 1710 50 1660 818 842
is_linear=0
shrinkage=0.05


Tree=302
num_leaves=7
num_cat=0
split_feature=1 3 7 7 9 1
split_gain=1.34556 2.20382 5.39596 4.41255 1.62111 1.5473
threshold=0.23183619633715627 0.20796813695980423 0.084124999999999964 0.092656249999999954 11.500000000000002 0.34792906047925148
decision_type=2 2 2 2 2 2
left_child=1 2 -1 -3 -4 -2
right_child=5 3 4 -5 -6 -7
leaf_value=-0.0097240555263009149 -0.0069313116587110361 0.015240378362592167 0.050971106200407679 -0.031296098343347116 0.020049085798318919 0.0012563221490701647
leaf_weight=11.152082815766336 76.593518040142953 12.241107419133188 8.2313666865229624 8.7241145931184274 8.7378915250301343 233.96021005418152
leaf_count=27 308 30 25 28 23 1304
internal_value=0.000452867 0.00814548 0.0172931 -0.00412453 0.0350486 -0.000763038
internal_weight=359.64 49.0866 28.1213 20.9652 16.9693 310.554
internal_count=1745 133 75 58 48 1612
is_linear=0
shrinkage=0.05


Tree=303
num_leaves=7
num_cat=0
split_feature=5 3 6 6 1 1
split_gain=4.63141 2.7751 2.64733 6.6725 3.48921 1.18174
threshold=19.136017602307707 0.75583704152711351 2.0500000000000003 10.700000000000008 0.209520655521272 0.1543781194968438
decision_type=2 2 2 2 2 2
left_child=1 2 4 -4 -1 -2
right_child=5 -3 3 -5 -6 -7
leaf_value=0.031684655096834401 0.012768921797522771 -0.038742429011345086 0.028770043217764975 -0.00024290444023231228 -0.0084825220361514977 -0.038556588433164535
leaf_weight=5.8533124923706046 1.2679055482149113 4.3419448127970091 26.068529737181962 82.641542421653867 70.844155939295888 9.711644498864187
leaf_count=13 3 253 105 550 325 496
internal_value=-0.00105632 0.000770618 0.00169595 0.00671436 -0.00541709 -0.0326296
internal_weight=200.729 189.749 185.408 108.71 76.6975 10.9796
internal_count=1745 1246 993 655 338 499
is_linear=0
shrinkage=0.05


Tree=304
num_leaves=7
num_cat=0
split_feature=2 6 9 7 7 9
split_gain=1.88937 2.41494 2.64181 2.4124 1.61702 2.5634
threshold=-1.095339844944027 18.150000000000002 16.500000000000004 0.46215625000000005 0.20871875000000004 19.500000000000004
decision_type=2 2 2 2 2 2
left_child=1 -1 3 -3 -2 -6
right_child=4 2 -4 -5 5 -7
leaf_value=-0.035931720309394843 -0.0093374560087566266 0.025839792281068186 -0.040833746528284864 -0.031010652214872803 0.00054704288940896843 0.017684091387986014
leaf_weight=8.1823986032977718 33.782730244100094 7.3863331116735917 3.1933800391852847 2.4968338496983051 203.57110000029206 24.441496260464191
leaf_count=148 235 78 26 21 1081 156
internal_value=-0.000292627 -0.0146278 -0.00129735 0.0114774 0.000871456 0.00238403
internal_weight=283.054 21.2589 13.0765 9.88317 261.795 228.013
internal_count=1745 273 125 99 1472 1237
is_linear=0
shrinkage=0.05


Tree=305
num_leaves=7
num_cat=0
split_feature=4 7 4 7 8 8
split_gain=1.45069 3.58771 5.15814 3.19742 2.17049 1.94202
threshold=0.13966082886833689 0.46525000000000005 0.19094572830560688 0.49196875000000001 -1.0000000180025095e-35 0.014378250060675052
decision_type=2 2 2 2 2 2
left_child=3 2 4 5 -2 -1
right_child=1 -3 -4 -5 -6 -7
leaf_value=0.0032555483037459837 -0.049827783619018504 -0.046888142812368354 0.027338341341241686 0.026379001379627221 -0.0054420881422492717 -0.0047006352234085893
leaf_weight=205.21519909892231 4.6570622399449375 5.5039696544408789 8.8262059763073903 12.173018030822275 6.7412426248192814 122.47100951895118
leaf_count=876 28 45 42 49 31 674
internal_value=0.000350105 -0.0110972 -0.00135695 0.00121671 -0.023577 0.000281966
internal_weight=365.588 25.7285 20.2245 339.859 11.3983 327.686
internal_count=1745 146 101 1599 59 1550
is_linear=0
shrinkage=0.05


Tree=306
num_leaves=7
num_cat=0
split_feature=9 8 9 8 8 7
split_gain=1.33308 3.28003 2.73565 8.20883 5.1003 5.40222
threshold=17.500000000000004 0.81828220798816076 16.500000000000004 -1.6124384143829624 -0.98709671000135979 0.16778125000000002
decision_type=2 2 2 2 2 2
left_child=2 -2 4 -4 5 -1
right_child=1 -3 3 -5 -6 -7
leaf_value=0.024735496854293163 0.0094172987038999446 -0.033116738796478945 0.056158488955241538 -0.029531568303429734 0.0037198005515764487 -0.02098780226762547
leaf_weight=7.6220698468387118 66.871610845439136 4.8621224835515013 3.2496507465839413 19.970402615144849 214.05923409201205 42.374257480725646
leaf_count=22 293 67 9 111 1070 173
internal_value=0.000437095 0.00653434 -0.00108541 -0.0175392 0.00036148 -0.0140172
internal_weight=359.009 71.7337 287.276 23.2201 264.056 49.9963
internal_count=1745 360 1385 120 1265 195
is_linear=0
shrinkage=0.05


Tree=307
num_leaves=7
num_cat=0
split_feature=5 2 9 5 5 1
split_gain=4.43287 2.66868 3.3038 4.69054 3.50896 1.1502
threshold=19.136017602307707 -2.3116765117338702 12.500000000000002 -2.7490105894539236 -15.608757796257793 0.1543781194968438
decision_type=2 2 2 2 2 2
left_child=1 -1 3 -3 -4 -2
right_child=5 2 4 -5 -6 -7
leaf_value=0.027229332032456161 0.012369741824170791 0.0027786586478367927 -0.0048128322752278097 0.055518571327096825 -0.038743074346865004 -0.038514269892234866
leaf_weight=9.0608607046306116 1.2603632062673558 104.29399381484836 62.790056983474642 4.3934351201169184 8.6722252564504725 9.34524466563016
leaf_count=36 3 482 377 59 292 496
internal_value=-0.00101136 0.000751803 -0.000579918 0.00491055 -0.0089304 -0.0324672
internal_weight=199.816 189.211 180.15 108.687 71.4623 10.6056
internal_count=1745 1246 1210 541 669 499
is_linear=0
shrinkage=0.05


Tree=308
num_leaves=7
num_cat=0
split_feature=2 2 1 5 5 2
split_gain=1.81988 3.69761 2.92603 2.70336 4.14534 3.34332
threshold=0.27218162270347218 0.32995854518103096 0.37909553508763866 59.153766536669274 20.121874375643575 0.64244325730238783
decision_type=2 2 2 2 2 2
left_child=2 -2 -1 4 -3 -5
right_child=1 3 -4 5 -6 -7
leaf_value=-0.013929888486111234 0.038481507176521303 0.0035926977620647999 0.00071280459678967306 -0.0099560033407076701 -0.022980349703608016 0.03305963049257369
leaf_weight=49.458785689435899 7.4193713068962088 77.247863981872797 109.99155638925731 6.7929459288716343 18.118700195103884 13.48318102583289
leaf_count=403 42 427 621 30 81 141
internal_value=-0.000303603 0.00426436 -0.00382911 0.00206907 -0.00145592 0.0186485
internal_weight=282.512 123.062 159.45 115.643 95.3666 20.2761
internal_count=1745 721 1024 679 508 171
is_linear=0
shrinkage=0.05


Tree=309
num_leaves=7
num_cat=0
split_feature=3 3 6 6 6 6
split_gain=1.4099 3.27374 5.5991 8.14832 5.46216 4.6223
threshold=0.40531554102093964 0.49604082452784765 70.300000000000026 90.350000000000009 0.29999999999999294 28.800000000000004
decision_type=2 2 2 2 2 2
left_child=-1 5 4 -4 -3 -2
right_child=1 2 3 -5 -6 -7
leaf_value=-0.0032352445276640548 0.025863156926439104 0.0070178440404080377 0.058023549180120759 0.0032440529580955012 -0.021012974895744801 -0.0023989374071099454
leaf_weight=157.39113863930106 31.976942613720894 27.650743871927261 7.5476496592164031 67.490273959934711 46.785368833690882 26.421071469783783
leaf_count=653 84 157 28 392 329 102
internal_value=0.00033476 0.0030378 -0.000884219 0.00875402 -0.0106004 0.0130765
internal_weight=365.263 207.872 149.474 75.0379 74.4361 58.398
internal_count=1745 1092 906 420 486 186
is_linear=0
shrinkage=0.05


Tree=310
num_leaves=7
num_cat=0
split_feature=1 2 6 6 3 3
split_gain=1.28915 1.90844 2.62114 8.23006 1.89985 6.19191
threshold=0.78380978922095312 0.63592668651604445 58.899999999999999 10.350000000000017 0.72484454233126538 0.75583704152711351
decision_type=2 2 2 2 2 2
left_child=1 4 3 -3 -1 -6
right_child=-2 2 -4 -5 5 -7
leaf_value=0.00033777886548789788 0.022482636151063835 -0.033677669997037543 -0.02882409648812196 0.044487977138029162 0.059970625820496073 -0.012608470688034569
leaf_weight=313.60391010344028 6.5096254460513583 7.2623399430885929 13.06584980431944 6.2791534587740898 5.4377098865807039 6.3940023593604565
leaf_count=1166 42 187 210 74 27 39
internal_value=0.000434869 2.71838e-05 -0.0128477 0.00256753 0.00107982 0.020748
internal_weight=358.553 352.043 26.6073 13.5415 325.436 11.8317
internal_count=1745 1703 471 261 1232 66
is_linear=0
shrinkage=0.05


Tree=311
num_leaves=7
num_cat=0
split_feature=5 2 7 6 1 1
split_gain=4.24514 2.49385 3.20009 3.15337 1.12393 0.0118954
threshold=19.136017602307707 -2.3116765117338702 0.46350000000000008 2.0500000000000003 0.1543781194968438 0.28417887997671371
decision_type=2 2 2 2 2 2
left_child=1 -1 3 -3 -2 -4
right_child=4 2 5 -5 -6 -7
leaf_value=0.026551001084373263 0.011940697462932989 -0.0073037708407086904 -0.047800234674195724 0.006295521773245283 -0.038476145922042217 -0.039594565036386309
leaf_weight=8.913602087646721 1.2601591497659672 73.603171691298485 0.490893904119729 101.28568536043167 9.0021163874771428 4.4039767528884113
leaf_count=36 3 398 4 668 496 140
internal_value=-0.000967168 0.000736058 -0.000543836 0.000572166 -0.0322852 -0.0404175
internal_weight=198.96 188.697 179.784 174.889 10.2623 4.89487
internal_count=1745 1246 1210 1066 499 144
is_linear=0
shrinkage=0.05


Tree=312
num_leaves=7
num_cat=0
split_feature=2 4 7 5 2 9
split_gain=1.77028 1.65461 1.47435 1.81988 3.79735 1.7151
threshold=-1.3422265835049894 0.0029240658301945507 0.20871875000000004 59.153766536669274 0.057966515876010906 19.500000000000004
decision_type=2 2 2 2 2 2
left_child=1 -1 3 -2 -5 -4
right_child=2 -3 5 4 -6 -7
leaf_value=-0.033090125511175121 -0.014020314107635507 0.00064589911169997362 0.00055459916433066585 -0.020652657395311899 0.06378691431883679 0.014319527121861249
leaf_weight=7.7423246912658197 28.891325098462403 6.8503000615164638 207.19739855453372 2.9334826655685893 2.4380609206855297 25.404481790959835
leaf_count=139 207 71 1124 17 23 164
internal_value=-0.000295645 -0.0172532 0.000631625 -0.00905159 0.0176732 0.00205799
internal_weight=281.457 14.5926 266.865 34.2629 5.37154 232.602
internal_count=1745 210 1535 247 40 1288
is_linear=0
shrinkage=0.05


Tree=313
num_leaves=7
num_cat=0
split_feature=8 7 8 7 8 8
split_gain=1.39222 1.45365 2.02874 3.33819 1.58512 7.05176
threshold=-2.4258441336836176 0.080406249999999915 -0.64233836724504523 0.076249999999999971 0.014378250060675052 0.35495228837906984
decision_type=2 2 2 2 2 2
left_child=-1 2 -2 -4 -3 -6
right_child=1 4 3 -5 5 -7
leaf_value=-0.022762279122962598 -0.03911286792722718 0.0044038664517480819 0.035175252049466907 -0.025921802554831959 -0.024184966861619694 0.0029423093894119009
leaf_weight=6.4101674258708945 5.3781085759401313 192.94406208768487 3.8337659873068315 5.3633617162704468 29.887480743229389 120.72485302388668
leaf_count=35 36 807 21 29 174 643
internal_value=0.000333691 0.000747084 -0.0147186 -0.000453872 0.00140321 -0.00244082
internal_weight=364.542 358.132 14.5752 9.19713 343.556 150.612
internal_count=1745 1710 86 50 1624 817
is_linear=0
shrinkage=0.05


Tree=314
num_leaves=7
num_cat=0
split_feature=6 2 4 6 1 7
split_gain=1.24795 1.90985 2.36826 4.3538 1.77806 6.14247
threshold=482.10000000000008 0.66384787902587739 -0.0038347100251753994 58.899999999999999 0.7188878636523085 0.36940625000000005
decision_type=2 2 2 2 2 2
left_child=1 4 -3 -4 -1 -6
right_child=-2 2 3 -5 5 -7
leaf_value=8.3074123022400438e-05 0.023009045841522663 -0.034552112922764382 0.029650024380920882 -0.021107565549142754 -0.03010213972252701 0.029810179100239233
leaf_weight=302.72505827993155 6.0128589570522299 8.5272751441225427 6.6421877183020142 11.608363282866774 5.731153670698407 16.87373998016119
leaf_count=1144 24 192 101 190 23 71
internal_value=0.000422398 3.66911e-05 -0.0127986 -0.00263462 0.00109316 0.0146203
internal_weight=358.121 352.108 26.7778 18.2506 325.33 22.6049
internal_count=1745 1721 483 291 1238 94
is_linear=0
shrinkage=0.05


Tree=315
num_leaves=7
num_cat=0
split_feature=6 7 7 8 7 2
split_gain=3.28996 5.42171 4.31403 7.47297 3.00617 2.93742
threshold=155.45000000000005 0.3145 0.43671874999999999 -0.021694086518114497 0.46350000000000008 -2.2288662200627738
decision_type=2 2 2 2 2 2
left_child=2 -2 5 -4 -5 -1
right_child=1 -3 3 4 -6 -7
leaf_value=0.02781043817179012 0.10912620921403855 -0.029127492276684194 0.16339258214834818 0.069484824411575649 -0.043422665035259607 -0.0015948340645331707
leaf_weight=8.9397669807076436 0.74370384262874623 15.25127701833844 1.1063425969332459 1.0525752329267555 1.3401130223646758 169.89989991812035
leaf_count=38 10 458 7 25 19 1188
internal_value=-0.00095648 -0.0226992 0.000950822 0.055934 0.00624683 -0.000124935
internal_weight=198.334 15.995 182.339 3.49903 2.39269 178.84
internal_count=1745 468 1277 51 44 1226
is_linear=0
shrinkage=0.05


Tree=316
num_leaves=7
num_cat=0
split_feature=6 6 6 3 3 3
split_gain=1.75503 3.612 3.87976 2.67846 2.52103 2.15787
threshold=139.95000000000005 229.75000000000003 209.90000000000003 0.68330898797158846 0.86507247633828444 0.56209549936273584
decision_type=2 2 2 2 2 2
left_child=5 2 4 -4 -2 -1
right_child=1 -3 3 -5 -6 -7
leaf_value=-0.008141219100821365 0.0057102397198116675 -0.0029632810900578044 0.085564342055407638 0.017628239791334776 0.051017474618184788 0.0027035657842309057
leaf_weight=99.339585025794804 30.670298252254725 56.289973080158234 3.1574342586100093 2.6843014508485794 3.411873832345008 85.218561191111803
leaf_count=726 158 280 24 16 31 510
internal_value=-0.000279483 0.00519551 0.0166988 0.0543474 0.0102458 -0.00313371
internal_weight=280.772 96.2139 39.9239 5.84174 34.0822 184.558
internal_count=1745 509 229 40 189 1236
is_linear=0
shrinkage=0.05


Tree=317
num_leaves=7
num_cat=0
split_feature=4 9 6 4 1 1
split_gain=1.39708 5.39516 2.99423 2.79624 4.54327 3.25607
threshold=-0.092614178517174142 16.500000000000004 113.10000000000001 -0.03764482894159344 0.7020698300924112 0.52469886055459602
decision_type=2 2 2 2 2 2
left_child=1 -1 -3 4 5 -2
right_child=3 2 -4 -5 -6 -7
leaf_value=-0.051330319201444541 0.0051687678300665748 -0.018144843778466622 0.024224603101950196 -0.0010468160038004948 -0.032419098360425412 0.029241066987965289
leaf_weight=6.2271076776087311 35.826953787356615 8.273398060351612 8.4070441983640176 276.72984904237092 5.6263088732957831 23.107983581721783
leaf_count=33 167 34 31 1360 19 101
internal_value=0.000336895 -0.0116163 0.00320961 0.0011392 0.0105091 0.0146074
internal_weight=364.199 22.9075 16.6804 341.291 64.5612 58.9349
internal_count=1745 98 65 1647 287 268
is_linear=0
shrinkage=0.05


Tree=318
num_leaves=7
num_cat=0
split_feature=9 8 6 1 1 2
split_gain=1.27738 3.15199 5.67475 5.58971 3.83089 3.16922
threshold=17.500000000000004 -0.39683882464305958 1.4000000000000072 0.46543225494188217 0.23070468961622667 -1.1787650503604865
decision_type=2 2 2 2 2 2
left_child=-1 2 3 -2 -3 -4
right_child=1 4 5 -5 -6 -7
leaf_value=-0.0010956922409177785 0.018829588579846235 0.06031914477465801 0.0083910795067144838 -0.038256049872041689 -0.0090946434458688049 0.049731600153219591
leaf_weight=286.15629481431097 10.617596201598646 2.1209982633590689 7.3148949146270779 7.1934996750205746 31.624156502075493 12.658683324232696
leaf_count=1385 32 6 21 46 208 47
internal_value=0.000398209 0.00637458 0.0162936 -0.00422601 -0.00473175 0.0345915
internal_weight=357.686 71.5298 37.7847 17.8111 33.7452 19.9736
internal_count=1745 360 146 78 214 68
is_linear=0
shrinkage=0.05


Tree=319
num_leaves=7
num_cat=0
split_feature=5 2 7 8 1 1
split_gain=4.01752 2.23682 2.97521 3.65487 1.09046 0.00951655
threshold=19.136017602307707 -2.3116765117338702 0.46350000000000008 0.53451197245150006 0.1543781194968438 0.28417887997671371
decision_type=2 2 2 2 2 2
left_child=1 -1 3 -3 -2 -4
right_child=4 2 5 -5 -6 -7
leaf_value=0.025439810117153905 0.011378731813135286 -0.0011266814581970227 -0.046985939527502921 0.032072253492554929 -0.038436946584795073 -0.039455707243009321
leaf_weight=8.7046573497354967 1.2595905065536488 166.10450401483104 0.46701568365096946 8.7256634584628028 8.592144485563038 4.1297546969726682
leaf_count=36 3 920 4 146 496 140
internal_value=-0.000942802 0.000687094 -0.000513751 0.000530256 -0.0320678 -0.0402208
internal_weight=197.983 188.132 179.427 174.83 9.85173 4.59677
internal_count=1745 1246 1210 1066 499 144
is_linear=0
shrinkage=0.05


Tree=320
num_leaves=7
num_cat=0
split_feature=6 6 6 1 7 7
split_gain=1.60055 3.36276 3.50718 1.99639 2.15456 5.47154
threshold=139.95000000000005 229.75000000000003 209.90000000000003 0.73350950860636055 0.30384375000000002 0.28784375000000001
decision_type=2 2 2 2 2 2
left_child=3 2 -2 4 5 -1
right_child=1 -3 -4 -5 -6 -7
leaf_value=-0.0040199738310361588 0.009882896732937789 -0.0029079352781594967 0.051578475978092148 0.026588686066334064 -0.012560040571764393 0.029443316100901507
leaf_weight=113.4781066570431 34.042250409722328 56.264997191727161 5.9204489998519412 5.5334490537643424 51.261045105755329 13.689108317717908
leaf_count=816 189 280 40 40 277 103
internal_value=-0.000255724 0.00496935 0.0160601 -0.00298888 -0.00390615 -0.000417767
internal_weight=280.189 96.2277 39.9627 183.962 178.428 127.167
internal_count=1745 509 229 1236 1196 919
is_linear=0
shrinkage=0.05


Tree=321
num_leaves=7
num_cat=0
split_feature=2 4 3 9 1 2
split_gain=1.38613 2.89402 5.02249 4.72062 4.16732 3.00161
threshold=-0.74984337387587452 0.048637377339141911 0.33562909902997567 16.500000000000004 0.53148066619978807 -0.98686433004010932
decision_type=2 2 2 2 2 2
left_child=1 2 3 -1 5 -3
right_child=-2 4 -4 -5 -6 -7
leaf_value=-0.026161895697853179 0.0020771390757873482 0.040897604812486804 0.02272271936023889 0.0052451146347353384 -0.025575467570006213 -0.0019594457207259648
leaf_weight=38.061585226096213 275.76849015243351 9.7738211564719712 9.6902845054864866 17.449263647198677 5.9959573149681082 7.019951932132245
leaf_count=232 1325 34 23 85 25 21
internal_value=0.000333684 -0.00513041 -0.0104914 -0.0162894 0.0102073 0.022983
internal_weight=363.759 87.9909 65.2011 55.5108 22.7897 16.7938
internal_count=1745 420 340 317 80 55
is_linear=0
shrinkage=0.05


Tree=322
num_leaves=7
num_cat=0
split_feature=9 8 6 2 9 8
split_gain=1.19438 2.92193 5.18606 2.85849 2.50671 7.54667
threshold=17.500000000000004 -0.39683882464305958 1.4000000000000072 -1.1787650503604865 16.500000000000004 -1.6124384143829624
decision_type=2 2 2 2 2 2
left_child=4 2 -2 -4 -1 -6
right_child=1 -3 3 -5 5 -7
leaf_value=0.00031237097792658977 -0.004055258005263635 -0.0045724784796585746 0.0081751613758212823 0.04735440253857983 0.052846341912085704 -0.02874305352896488
leaf_weight=262.97928512841463 17.67393559217453 33.562359508592635 7.3253204673528698 12.773434279486535 3.313724339008334 19.584803953766823
leaf_count=1265 78 214 21 47 9 111
internal_value=0.000375033 0.00616287 0.0157016 0.0330749 -0.0010692 -0.016936
internal_weight=357.213 71.335 37.7727 20.0988 285.878 22.8985
internal_count=1745 360 146 68 1385 120
is_linear=0
shrinkage=0.05


Tree=323
num_leaves=7
num_cat=0
split_feature=3 6 4 8 8 2
split_gain=3.14285 2.74751 2.59258 6.19476 5.1307 0.0286192
threshold=0.75583704152711351 279.10000000000008 0.10976871506616696 -0.68980244950596703 -0.64233836724504523 -1.8415098975350965
decision_type=2 2 2 2 2 2
left_child=1 2 4 -4 -1 -3
right_child=-2 5 3 -5 -6 -7
leaf_value=0.0071052005787966806 -0.038531614733484397 -0.048769001288030571 -0.029188954325503343 0.04343766611457852 -0.010145750467122941 -0.038762592918174105
leaf_weight=95.632079997099936 5.4050996785517773 0.93654115498065982 4.1906114537268868 9.8079728251323086 78.465773287694901 3.0148020708002141
leaf_count=376 420 7 35 67 723 117
internal_value=-0.000930329 0.000127943 0.000994739 0.0216962 -0.00066979 -0.0411343
internal_weight=197.453 192.048 188.096 13.9986 174.098 3.95134
internal_count=1745 1325 1201 102 1099 124
is_linear=0
shrinkage=0.05


Tree=324
num_leaves=7
num_cat=0
split_feature=1 1 8 3 3 4
split_gain=1.55308 3.34493 3.01671 2.72493 2.40089 6.47895
threshold=0.46543225494188217 0.45830301692648651 0.67022318597922037 0.75973926441108131 0.44179736497140426 0.15167904221620557
decision_type=2 2 2 2 2 2
left_child=1 2 3 -1 5 -2
right_child=4 -3 -4 -5 -6 -7
leaf_value=-0.010390558757284609 0.008160312057216991 -0.040189030068166195 0.011450077456442173 0.022545858610568202 -0.00049613604191939991 0.088541335973012184
leaf_weight=73.463129995390773 36.70630958955735 6.2742135226726523 28.133353795856237 6.866742566227912 125.67000548541546 2.6906642317771903
leaf_count=551 250 28 165 54 677 20
internal_value=-0.000225555 -0.0046936 -0.00264032 -0.00757509 0.00288017 0.01365
internal_weight=279.804 114.737 108.463 80.3299 165.067 39.397
internal_count=1745 798 770 605 947 270
is_linear=0
shrinkage=0.05


Tree=325
num_leaves=7
num_cat=0
split_feature=7 3 1 1 7 3
split_gain=1.31655 2.75834 1.3342 7.64653 5.47011 5.56037
threshold=0.075906249999999967 0.47508530190715653 0.55449426118069445 0.51799440630661275 0.26665625000000009 0.424637541806484
decision_type=2 2 2 2 2 2
left_child=1 -1 3 -2 -4 -6
right_child=2 -3 4 -5 5 -7
leaf_value=-0.045080861305099133 3.2845270981932167e-05 0.014281245728804194 0.021081193493954879 0.030795398057656222 -0.024699095961276767 -0.0003067809741651177
leaf_weight=4.584147327579557 200.20443744771183 3.4145111888647079 19.743944939225912 22.467311050742865 33.031342202797532 79.824203111231327
leaf_count=39 909 11 76 105 134 471
internal_value=0.000320601 -0.01974 0.000772251 0.00313675 -0.00319841 -0.00744609
internal_weight=363.27 7.99866 355.271 222.672 132.599 112.856
internal_count=1745 50 1695 1014 681 605
is_linear=0
shrinkage=0.05


Tree=326
num_leaves=7
num_cat=0
split_feature=1 5 2 6 4 6
split_gain=1.26852 2.0759 1.69749 6.3838 6.64681 3.716
threshold=0.78380978922095312 -1.1532488194225232 0.3523018249681017 63.95000000000001 0.10058382199398166 454.60000000000008
decision_type=2 2 2 2 2 2
left_child=2 -2 -1 4 -4 -5
right_child=1 -3 3 5 -6 -7
leaf_value=0.0013466056984698051 -0.0071801729500375654 0.049563646195429661 -0.0051461518450261409 -0.033523834926603761 0.056453780835824176 0.036835067930408284
leaf_weight=301.98603310249746 3.1004760526120663 3.3568687923252574 19.120339825749401 21.501675558276478 5.6801052242517462 2.0560747832059851
leaf_count=1080 24 18 310 267 35 11
internal_value=0.000358623 0.0223183 -4.6125e-05 -0.00874341 0.00896223 -0.027383
internal_weight=356.802 6.45734 350.344 48.3582 24.8004 23.5578
internal_count=1745 42 1703 623 345 278
is_linear=0
shrinkage=0.05


Tree=327
num_leaves=7
num_cat=0
split_feature=3 6 1 4 2 2
split_gain=3.01423 2.62764 2.95318 3.39472 3.10861 0.0250439
threshold=0.75583704152711351 279.10000000000008 0.69022498695153722 -0.045826852130369446 -1.6435202251082124 -1.8415098975350965
decision_type=2 2 2 2 2 2
left_child=1 2 4 -4 -1 -3
right_child=-2 5 3 -5 -6 -7
leaf_value=0.012571986909736996 -0.03849055218284328 -0.048238943161340239 0.092961589387346388 0.014282636550454121 -0.0038336623686122647 -0.03871818538574702
leaf_weight=36.230426101014018 5.1978742782957843 0.90566023625433478 1.6686509917490182 7.6848221658728999 142.22468042792752 2.9102720122318706
leaf_count=122 420 7 15 94 970 117
internal_value=-0.000921189 9.78918e-05 0.000932476 0.0283189 -0.000502944 -0.0409778
internal_weight=196.822 191.625 187.809 9.35347 178.455 3.81593
internal_count=1745 1325 1201 109 1092 124
is_linear=0
shrinkage=0.05


Tree=328
num_leaves=7
num_cat=0
split_feature=2 8 4 7 7 4
split_gain=1.63515 1.68847 1.59447 1.2731 7.09053 2.5535
threshold=-1.3422265835049894 3.171028890495116 0.0029240658301945507 0.40853125000000007 0.42646875000000006 -0.061470093118016142
decision_type=2 2 2 2 2 2
left_child=2 3 -1 5 -5 -2
right_child=1 -3 -4 4 -6 -7
leaf_value=-0.032783738655843192 -0.018168558554470311 0.032196180556197204 0.00070487640790579194 0.047519939914540066 0.00022652176684491432 3.9929152110225596e-05
leaf_weight=7.4057040978223068 21.957752920687199 4.1830067075788966 6.834657215513289 8.8783903345465642 73.829978473484516 156.38640569988638
leaf_count=139 118 35 71 57 375 950
internal_value=-0.000205255 0.000680924 -0.0167109 0.000175935 0.00530327 -0.0022019
internal_weight=279.476 265.236 14.2404 261.053 82.7084 178.344
internal_count=1745 1535 210 1500 432 1068
is_linear=0
shrinkage=0.05


Tree=329
num_leaves=7
num_cat=0
split_feature=8 8 8 8 7 7
split_gain=1.31177 6.26818 2.60988 4.68757 5.93708 4.15824
threshold=0.97005332990323334 1.1818816732152511 0.65058239455716216 0.56074312612781418 0.44721875000000005 0.44478125000000007
decision_type=2 2 2 2 2 2
left_child=2 -2 3 4 -1 -5
right_child=1 -3 -4 5 -6 -7
leaf_value=0.0014880335553927419 0.02827110605979314 -0.0075648672904487825 -0.01363183558613178 -0.0018221536014711136 -0.026751984273986857 0.056688134172959273
leaf_weight=245.08475397247821 21.409246675670147 28.37462342903018 35.624153612181544 5.430549778044222 20.141073353588581 6.888270728290081
leaf_count=1122 91 188 196 24 99 25
internal_value=0.000307089 0.00784617 -0.000891385 0.000743911 -0.000656495 0.0308948
internal_weight=362.953 49.7839 313.169 277.545 265.226 12.3188
internal_count=1745 279 1466 1270 1221 49
is_linear=0
shrinkage=0.05


Tree=330
num_leaves=7
num_cat=0
split_feature=1 5 8 4 9 8
split_gain=1.17052 1.9093 1.59058 5.17347 4.99665 3.3586
threshold=0.78380978922095312 -1.1532488194225232 0.33549895356740689 0.15167904221620557 16.500000000000004 0.13981987843833213
decision_type=2 2 2 2 2 2
left_child=2 -2 5 4 -4 -1
right_child=1 -3 3 -5 -6 -7
leaf_value=0.00041575012531839097 -0.0069826716397142254 0.047419638974317495 -0.003490449281960377 0.028364789230957251 -0.034028992231478553 0.023432172184317965
leaf_weight=243.8933328865096 3.0896396785974503 3.3740503117442122 62.075694419443607 9.8384995982050878 17.079747756477445 16.95139142870903
leaf_count=988 24 18 403 59 157 96
internal_value=0.000331789 0.0214154 -5.77555e-05 -0.00582974 -0.0100799 0.00191151
internal_weight=356.302 6.46369 349.839 88.9939 79.1554 260.845
internal_count=1745 42 1703 619 560 1084
is_linear=0
shrinkage=0.05


Tree=331
num_leaves=7
num_cat=0
split_feature=5 4 4 5 2 7
split_gain=3.70552 2.12918 3.74964 6.67846 3.42735 0.847403
threshold=19.136017602307707 -0.11332465933383905 -0.046939225032120745 -28.546448307327474 -2.3116765117338702 0.1300625
decision_type=2 2 2 2 2 2
left_child=1 -1 3 -3 -4 -2
right_child=5 2 4 -5 -6 -7
leaf_value=-0.031398340413280754 0.00096682947488560718 0.032342393256097224 0.033061729636560011 -0.044515756721535155 -0.0026979661251002049 -0.038627115030232057
leaf_weight=5.0411225445568553 1.6401474894955734 18.842982330359522 7.0078667290508738 3.3251911462284616 152.79785497393459 7.6751129797194153
leaf_count=43 29 93 30 75 1005 470
internal_value=-0.000877664 0.0006554 0.00154337 0.0208138 -0.00112982 -0.0316558
internal_weight=196.33 187.015 181.974 22.1682 159.806 9.31526
internal_count=1745 1246 1203 168 1035 499
is_linear=0
shrinkage=0.05


Tree=332
num_leaves=7
num_cat=0
split_feature=2 9 4 8 8 9
split_gain=1.5432 2.30702 1.93613 1.68778 1.46165 1.223
threshold=-1.095339844944027 16.500000000000004 0.0029240658301945507 3.171028890495116 -0.064959976546039092 7.5000000000000009
decision_type=2 2 2 2 2 2
left_child=1 2 5 -2 -4 -1
right_child=3 -3 4 -5 -6 -7
leaf_value=-0.039070284123895668 0.00034826380155366125 -0.039943685529962691 0.035103998773577415 0.032908612405756515 -0.0087868286934209439 0.0043406466440799396
leaf_weight=4.1487354729324597 254.74145042710006 5.8525021765381089 4.0583775425329804 4.0431181751191607 3.5614893324673176 2.6643952783197165
leaf_count=84 1438 75 51 34 28 35
internal_value=-0.000184025 -0.0134641 -0.00272681 0.00085697 0.0145896 -0.0220937
internal_weight=279.07 20.2855 14.433 258.785 7.61987 6.81313
internal_count=1745 273 198 1472 79 119
is_linear=0
shrinkage=0.05


Tree=333
num_leaves=7
num_cat=0
split_feature=4 1 5 4 1 1
split_gain=1.41535 4.99782 4.36734 2.50817 4.10532 2.86651
threshold=-0.092614178517174142 0.48298054598794654 -1.0043518854562288 -0.03764482894159344 0.7020698300924112 0.52469886055459602
decision_type=2 2 2 2 2 2
left_child=1 -1 -3 4 5 -2
right_child=3 2 -4 -5 -6 -7
leaf_value=-0.051434013343984911 0.0049414992154430334 0.02255074629467077 -0.030031191201547788 -0.00097945093527856118 -0.031177356376128271 0.027500551988245994
leaf_weight=5.8878916129469898 35.691724769771099 10.187071494758133 6.4488202966749641 275.5547845242545 5.539887122809886 23.257374584674835
leaf_count=28 167 40 30 1360 19 101
internal_value=0.000293938 -0.0118443 0.00216762 0.00109795 0.00997445 0.0138418
internal_weight=362.568 22.5238 16.6359 340.044 64.489 58.9491
internal_count=1745 98 70 1647 287 268
is_linear=0
shrinkage=0.05


Tree=334
num_leaves=7
num_cat=0
split_feature=9 5 3 1 1 5
split_gain=1.23513 3.21787 3.2931 3.15933 4.13767 3.04273
threshold=15.500000000000002 3.6438171530137864 0.078449803432787055 0.73350950860636055 0.51063578034859924 -1.0043518854562288
decision_type=2 2 2 2 2 2
left_child=-1 2 -2 4 -3 -4
right_child=1 3 5 -5 -6 -7
leaf_value=-0.0018137454810200305 -0.010557922300989567 0.0049224830593276201 0.011313128043624339 0.028655241462333517 -0.033634412383320551 0.053720827665519048
leaf_weight=234.02831894252449 16.896834991872311 13.17326063103974 67.742620734497905 4.7528756689280263 14.748001664876936 4.5114250164479008
leaf_count=1145 51 66 306 28 128 21
internal_value=0.000311574 0.00439436 0.00931391 -0.00902856 -0.0154433 0.013961
internal_weight=355.853 121.825 89.1509 32.6741 27.9213 72.254
internal_count=1745 600 378 222 194 327
is_linear=0
shrinkage=0.05


Tree=335
num_leaves=7
num_cat=0
split_feature=5 6 6 7 5 2
split_gain=3.54792 2.14742 6.47108 4.87432 4.6895 4.37383
threshold=19.136017602307707 2.0500000000000003 10.700000000000008 0.27840625000000002 -81.507663810596242 -0.61998018740226069
decision_type=2 2 2 2 2 2
left_child=1 3 5 -1 -4 -3
right_child=-2 2 4 -5 -6 -7
leaf_value=-0.0027906137082741207 -0.031440415892585595 0.039303275278232297 -0.065346279050654002 -0.058687079711204286 0.00057801750491010483 -0.0074610111376888222
leaf_weight=72.300606077071279 9.0400150225032103 19.022584021091465 2.7899398207664481 4.1225767023861399 81.49497633613646 6.7829175787046543
leaf_count=348 499 50 7 67 698 76
internal_value=-0.000849338 0.000633362 0.0051034 -0.0058059 -0.00160416 0.0270114
internal_weight=195.554 186.514 110.09 76.4232 84.2849 25.8055
internal_count=1745 1246 831 415 705 126
is_linear=0
shrinkage=0.05


Tree=336
num_leaves=7
num_cat=0
split_feature=1 1 2 9 8 6
split_gain=1.47924 3.14359 2.76015 3.3321 1.61856 4.43552
threshold=0.46543225494188217 0.45830301692648651 -0.47349287370966475 3.5000000000000004 0.38415318528669978 17.199999999999996
decision_type=2 2 2 2 2 2
left_child=1 2 -1 -4 -2 -6
right_child=4 -3 3 -5 5 -7
leaf_value=-0.015064584927894984 0.0071991808229015606 -0.039111415022101206 0.021029129409780953 -0.0033316455558381544 0.034426528324382318 -0.0069700418023479751
leaf_weight=31.251673076301813 93.442717332392931 6.2170777842402449 18.527389641851187 57.917934257537127 7.1958128437399855 64.220206670463085
leaf_count=343 560 28 116 311 64 323
internal_value=-0.000159553 -0.00454114 -0.00254548 0.00257246 0.00286803 -0.00279896
internal_weight=278.773 113.914 107.697 76.4453 164.859 71.416
internal_count=1745 798 770 427 947 387
is_linear=0
shrinkage=0.05


Tree=337
num_leaves=7
num_cat=0
split_feature=4 9 6 4 2 2
split_gain=1.31102 4.86686 2.55494 2.3075 3.97571 5.42399
threshold=-0.092614178517174142 16.500000000000004 113.10000000000001 -0.03764482894159344 -0.020789583717645398 0.13503333006210022
decision_type=2 2 2 2 2 2
left_child=1 -1 -3 4 -2 -6
right_child=3 2 -4 -5 5 -7
leaf_value=-0.050393022662515607 0.020381448374160924 -0.017407139922208447 0.022024316316781523 -0.00093458401763505403 -0.045008707075531944 0.0073906241805328093
leaf_weight=5.9015994220972088 36.692860439419746 8.1203442625701445 8.3141084350645524 275.39394583366811 6.4147128388285664 21.46233282238245
leaf_count=33 125 34 31 1360 22 140
internal_value=0.000289092 -0.0114451 0.00254104 0.00106004 0.00956724 -0.00466685
internal_weight=362.3 22.3361 16.4345 339.964 64.5699 27.877
internal_count=1745 98 65 1647 287 162
is_linear=0
shrinkage=0.05


Tree=338
num_leaves=7
num_cat=0
split_feature=9 8 3 4 8 9
split_gain=1.14016 3.89888 3.75851 4.86152 3.18866 6.11848
threshold=15.500000000000002 -0.98709671000135979 0.27079238915171738 -0.033687111757655548 -0.057715207688208141 16.500000000000004
decision_type=2 2 2 2 2 2
left_child=1 -1 3 -3 -2 -6
right_child=4 2 -4 -5 5 -7
leaf_value=-0.015634444017230218 0.010105223520021862 -0.021573155797916244 -0.0044577018353603795 0.014845372935041469 0.019411007556084461 -0.020703794224560777
leaf_weight=41.53918350674212 79.668717326596379 10.63260744512081 115.17377667874098 66.326966822147369 14.490248745307325 27.631541757378727
leaf_count=170 301 38 753 184 74 225
internal_value=0.000300116 -0.00174425 0.00125881 0.00981385 0.00422252 -0.00690397
internal_weight=355.463 233.673 192.133 76.9596 121.791 42.1218
internal_count=1745 1145 975 222 600 299
is_linear=0
shrinkage=0.05


Tree=339
num_leaves=7
num_cat=0
split_feature=5 7 6 6 7 5
split_gain=3.37295 2.07758 2.67342 5.22634 4.6432 1.19463
threshold=19.136017602307707 0.46350000000000008 2.0500000000000003 10.700000000000008 0.27840625000000002 -43.091312058610022
decision_type=2 2 2 2 2 2
left_child=1 2 4 -4 -1 -3
right_child=-2 5 3 -5 -6 -7
leaf_value=-0.0027384216135104217 -0.031080885348293286 0.028272028582102746 0.026425037862109143 0.00033707591725988848 -0.057986001418508952 -0.040355145833845335
leaf_weight=72.208399956580251 8.8133991488721204 0.73930024355649937 25.348312318790704 79.125072605907917 4.0144680524244896 4.4577639880590132
leaf_count=348 499 4 126 558 67 143
internal_value=-0.000857388 0.00057554 0.00147198 0.00666678 -0.00564817 -0.0305927
internal_weight=194.707 185.893 180.696 104.473 76.2229 5.19706
internal_count=1745 1246 1099 684 415 147
is_linear=0
shrinkage=0.05


Tree=340
num_leaves=7
num_cat=0
split_feature=2 6 7 6 6 8
split_gain=1.43248 5.00457 4.09092 3.78945 2.86222 2.88125
threshold=0.27218162270347218 9.6000000000000103 0.33453125000000006 221.45000000000002 177.75000000000003 1.1938241542901451
decision_type=2 2 2 2 2 2
left_child=4 -2 -3 -4 5 -1
right_child=1 2 3 -5 -6 -7
leaf_value=-0.0097969595683309648 0.0192627247684375 -0.019124508553468852 0.018039096163877721 -0.0074968005295119964 0.008500219476525973 0.016235594089680044
leaf_weight=106.35650797653943 36.900732405483723 26.411198422312737 27.600282657891512 30.67501837015152 38.512970637530088 11.809049814939497
leaf_count=758 268 127 179 147 204 62
internal_value=-0.000176981 0.00389537 -0.0028007 0.00459748 -0.00333725 -0.00719536
internal_weight=278.266 121.587 84.6865 58.2753 156.679 118.166
internal_count=1745 721 453 326 1024 820
is_linear=0
shrinkage=0.05


Tree=341
num_leaves=7
num_cat=0
split_feature=6 7 1 4 4 1
split_gain=1.3365 1.79835 2.37664 2.35208 5.00125 4.64367
threshold=482.10000000000008 0.49196875000000001 0.66364383944956418 0.19094572830560688 0.14925930927507913 0.58211579678085845
decision_type=2 2 2 2 2 2
left_child=1 3 -3 4 -1 -5
right_child=-2 2 -4 5 -6 -7
leaf_value=0.00019001458645410483 -0.0287436375412864 0.035836822339900293 -0.0075082551896505064 0.067260335712384489 -0.039343542972697348 -0.0054481617446873109
leaf_weight=327.53345969691873 3.9242374822497359 7.9935692325234395 5.232590414583683 3.7877662889659387 8.2002220563590509 5.2255512811243534
leaf_count=1566 24 29 29 16 51 30
internal_value=0.000277114 0.00059525 0.0186885 -9.88924e-05 -0.000775584 0.0251069
internal_weight=361.897 357.973 13.2262 344.747 335.734 9.01332
internal_count=1745 1721 58 1663 1617 46
is_linear=0
shrinkage=0.05


Tree=342
num_leaves=7
num_cat=0
split_feature=6 2 4 7 8 1
split_gain=1.104 1.64772 2.26256 3.9879 1.57919 5.46575
threshold=482.10000000000008 0.66384787902587739 -0.0038347100251753994 0.31153124999999998 0.33549895356740689 0.72924527729992761
decision_type=2 2 2 2 2 2
left_child=1 4 -3 -4 -1 -6
right_child=-2 2 3 -5 5 -7
leaf_value=0.0028250825035728393 0.021722474923525369 -0.034105961315978976 0.02821556677278866 -0.020444796671262835 -0.010096945876860724 0.034041150766223285
leaf_weight=247.99704108387232 5.9090452119708052 8.0976559175178426 6.718181740492585 11.280113503336905 66.871262906119227 7.8358247093856326
leaf_count=863 24 192 99 192 343 32
internal_value=0.000291155 -7.19139e-05 -0.0121567 -0.00228146 0.00090534 -0.00546742
internal_weight=354.709 348.8 26.096 17.9983 322.704 74.7071
internal_count=1745 1721 483 291 1238 375
is_linear=0
shrinkage=0.05


Tree=343
num_leaves=7
num_cat=0
split_feature=3 6 1 4 4 3
split_gain=2.78512 2.42293 2.6435 2.78002 2.76587 0.0209534
threshold=0.75583704152711351 279.10000000000008 0.69022498695153722 -0.045826852130369446 0.033490073256275107 0.0086733687058318017
decision_type=2 2 2 2 2 2
left_child=1 2 4 -4 -1 -3
right_child=-2 5 3 -5 -6 -7
leaf_value=-0.0039351534355736772 -0.038434805988619002 -0.047524990761141868 0.082933073799787704 0.013624026390517045 0.010798579402496363 -0.03866040882732312
leaf_weight=134.44260122347623 4.793311269953846 0.89263786002993528 1.7829518560320137 7.6737407231703383 41.742594733601436 2.6327566979452968
leaf_count=783 420 9 15 94 309 115
internal_value=-0.000795598 0.000158142 0.000937942 0.0266915 -0.000444371 -0.0409049
internal_weight=193.961 189.167 185.642 9.45669 176.185 3.52539
internal_count=1745 1325 1201 109 1092 124
is_linear=0
shrinkage=0.05


Tree=344
num_leaves=7
num_cat=0
split_feature=7 5 8 6 3 6
split_gain=1.41036 1.67545 1.44451 1.32508 7.98321 3.62138
threshold=0.20871875000000004 59.153766536669274 2.7626811424389035 9.6000000000000103 0.56545061450571221 100.95000000000002
decision_type=2 2 2 2 2 2
left_child=1 -1 3 4 -2 -5
right_child=2 -3 -4 5 -6 -7
leaf_value=-0.014248335511323554 -0.012252476012613676 0.016256695424063945 0.031825231681197455 -0.011846815910416553 0.023198865554977143 0.0034709270705971379
leaf_weight=29.488414945080876 29.47519638389349 5.3120603449642649 3.7833087667822829 57.490838566794991 34.429084662348032 117.33781022951007
leaf_count=243 232 40 34 328 250 618
internal_value=-0.000179003 -0.00959195 0.00117173 0.000685951 0.0068473 -0.00156618
internal_weight=277.317 34.8005 242.516 238.733 63.9043 174.829
internal_count=1745 283 1462 1428 482 946
is_linear=0
shrinkage=0.05


Tree=345
num_leaves=7
num_cat=0
split_feature=3 3 6 6 6 6
split_gain=1.29474 2.90731 5.14261 7.06312 4.89345 4.09618
threshold=0.40531554102093964 0.49604082452784765 70.300000000000026 90.350000000000009 0.29999999999999294 177.75000000000003
decision_type=2 2 2 2 2 2
left_child=-1 5 4 -4 -3 -2
right_child=1 2 3 -5 -6 -7
leaf_value=-0.0031601888043270884 0.018309381436834717 0.006439426415751421 0.053881259843506196 0.0032097013265397854 -0.020220006587733142 -0.017404446974142267
leaf_weight=155.30016127321869 48.34429070353508 27.535859070718288 7.6619505733251563 67.140364065766335 45.914208028465509 9.6276010647416097
leaf_count=653 142 157 28 392 329 44
internal_value=0.000287889 0.00288451 -0.000827875 0.00839995 -0.0102256 0.0123783
internal_weight=361.524 206.224 148.252 74.8023 73.4501 57.9719
internal_count=1745 1092 906 420 486 186
is_linear=0
shrinkage=0.05


Tree=346
num_leaves=7
num_cat=0
split_feature=9 1 1 3 2 8
split_gain=1.08857 2.44562 4.32436 3.14065 2.83176 5.15762
threshold=17.500000000000004 0.49893258900300846 0.6154683377358996 0.55515286613668102 0.078860393667845613 -0.033952398795413043
decision_type=2 2 2 2 2 2
left_child=-1 4 -3 -4 5 -2
right_child=1 2 3 -5 -6 -7
leaf_value=-0.0011279103181058667 0.017305614023534307 -0.018486984654422455 0.06093964023988982 -0.0078498889307613336 0.039026212271211863 -0.026815459309553605
leaf_weight=283.58391796983778 27.90752898901701 19.20605985540897 3.4953372552990905 3.158739635720849 8.3990100277587754 8.6849530003964883
leaf_count=1385 86 129 11 46 51 37
internal_value=0.000257133 0.00580077 -0.00645214 0.0282847 0.0128435 0.00683381
internal_weight=354.436 70.8516 25.8601 6.65408 44.9915 36.5925
internal_count=1745 360 186 57 174 123
is_linear=0
shrinkage=0.05


Tree=347
num_leaves=7
num_cat=0
split_feature=3 6 1 6 3 2
split_gain=2.67447 2.32185 2.41223 2.64117 2.1951 0.0198079
threshold=0.75583704152711351 279.10000000000008 0.69323885159961052 72.250000000000014 0.53316566415722721 -1.8415098975350965
decision_type=2 2 2 2 2 2
left_child=1 2 3 -1 -4 -3
right_child=-2 5 4 -5 -6 -7
leaf_value=0.0023256149734034426 -0.03839937985629284 -0.047481897276941486 0.044463535848044904 -0.014258914723389159 -0.0082164481158981655 -0.038609765611051672
leaf_weight=148.51919422578067 4.6050968599738544 0.8334443345665935 5.7908266186714155 28.635149691486731 3.0028391890227795 2.565909278811886
leaf_count=772 420 7 44 327 58 117
internal_value=-0.000750572 0.000165081 0.000913698 -0.000355101 0.0264745 -0.040785
internal_weight=193.952 189.347 185.948 177.154 8.79367 3.39935
internal_count=1745 1325 1201 1099 102 124
is_linear=0
shrinkage=0.05


Tree=348
num_leaves=7
num_cat=0
split_feature=3 3 4 4 4 1
split_gain=1.32574 4.61331 2.27168 2.87443 1.76278 3.81457
threshold=0.97441431852734628 0.94537680650939093 -0.046939225032120745 0.078148880507493468 0.021681302339134154 0.75449895452537208
decision_type=2 2 2 2 2 2
left_child=1 4 -2 -4 5 -1
right_child=2 -3 3 -5 -6 -7
leaf_value=-0.0015200825152227582 -0.026513770702847345 -0.054224017384745006 0.046481928785899483 -0.0010818731558158027 0.0046548296412604953 -0.032737979239329779
leaf_weight=137.90382172819227 2.8291708305478105 4.012929141521453 6.4413578547537291 6.2667557448148727 108.26709246262908 10.532774001359938
leaf_count=962 20 20 74 45 587 37
internal_value=-0.000182674 -0.00102824 0.014006 0.0230268 -0.000196655 -0.00373524
internal_weight=276.254 260.717 15.5373 12.7081 256.704 148.437
internal_count=1745 1606 139 119 1586 999
is_linear=0
shrinkage=0.05


Tree=349
num_leaves=7
num_cat=0
split_feature=4 1 5 4 1 1
split_gain=1.25738 4.62254 4.07539 2.20562 3.53856 2.5942
threshold=-0.092614178517174142 0.48298054598794654 -1.0043518854562288 -0.03764482894159344 0.7020698300924112 0.52469886055459602
decision_type=2 2 2 2 2 2
left_child=1 -1 -3 4 5 -2
right_child=3 2 -4 -5 -6 -7
leaf_value=-0.05049984907101162 0.0044415879225913162 0.021749145645078908 -0.029451214569467199 -0.00090832507288634515 -0.029282254137179661 0.025895958659697613
leaf_weight=5.6028934158384827 35.594524011015892 10.122985854744915 6.3086247108876679 274.41851322632283 5.4203123301267615 23.322033289819956
leaf_count=28 167 40 30 1360 19 101
internal_value=0.000292377 -0.0112812 0.00209168 0.00104519 0.00937757 0.0129343
internal_weight=360.79 22.0345 16.4316 338.755 64.3369 58.9166
internal_count=1745 98 70 1647 287 268
is_linear=0
shrinkage=0.05


Tree=350
num_leaves=7
num_cat=0
split_feature=1 5 2 4 4 2
split_gain=1.08615 1.66541 1.56363 3.56781 5.21707 4.35963
threshold=0.78380978922095312 -1.1532488194225232 -0.092697458948167791 -0.039854824511782794 0.072710138491157164 -0.038459480386134844
decision_type=2 2 2 2 2 2
left_child=2 -2 -1 5 -5 -4
right_child=1 -3 3 4 -6 -7
leaf_value=0.0020165435714541201 -0.0061150104840611225 0.044956302376133205 -0.052012039310796912 -0.019581392880377576 0.0069854306527118871 0.022049754095031182
leaf_weight=247.5274571813643 3.0436588451266289 3.3567513413727275 2.2412567511200931 51.597669989801943 28.790546498261392 17.516391947399825
leaf_count=794 24 18 8 502 222 177
internal_value=0.000259451 0.0206698 -0.000116288 -0.00538794 -0.0100666 0.0136484
internal_weight=354.074 6.40041 347.673 100.146 80.3882 19.7576
internal_count=1745 42 1703 909 724 185
is_linear=0
shrinkage=0.05


Tree=351
num_leaves=7
num_cat=0
split_feature=5 4 4 5 2 7
split_gain=3.12848 2.07691 3.32638 6.15522 3.20486 0.916314
threshold=19.136017602307707 -0.11332465933383905 -0.046939225032120745 -28.546448307327474 -2.3116765117338702 0.1300625
decision_type=2 2 2 2 2 2
left_child=1 -1 3 -3 -4 -2
right_child=5 2 4 -5 -6 -7
leaf_value=-0.03149968485811 0.0034257274787053982 0.030872612115603933 0.032423893604691105 -0.044460785844295664 -0.0025522262429493992 -0.038528514801193604
leaf_weight=4.905990920495241 1.6078564808703939 18.510905575007204 6.8452126570045939 3.1768365474417797 151.59441741206683 6.8297193826874718
leaf_count=43 29 93 30 75 1005 470
internal_value=-0.000759222 0.000598505 0.00147274 0.0198377 -0.00104112 -0.0305338
internal_weight=193.471 185.033 180.127 21.6877 158.44 8.43758
internal_count=1745 1246 1203 168 1035 499
is_linear=0
shrinkage=0.05


Tree=352
num_leaves=7
num_cat=0
split_feature=2 4 8 4 4 4
split_gain=1.36575 1.4828 1.25562 1.61163 1.4488 1.09544
threshold=-1.3422265835049894 0.0029240658301945507 3.171028890495116 -0.17091056972277194 -0.11096555308338328 0.034590250887913711
decision_type=2 2 2 2 2 2
left_child=1 -1 3 -2 -5 -3
right_child=2 5 -4 4 -6 -7
leaf_value=-0.032157477776346227 0.03733074113458542 0.032527064947262284 0.028180090160441471 -0.022982035169133976 0.00040039277871179411 -0.011841785042457737
leaf_weight=6.7878817021846753 2.8893351331353179 1.9497872255742548 4.0720380321145049 6.8060259558260432 248.74754176195711 4.8553520031273365
leaf_count=139 18 28 35 33 1449 43
internal_value=-0.000168646 -0.0156225 0.000631552 0.000197496 -0.000222339 0.000870639
internal_weight=276.108 13.593 262.515 258.443 255.554 6.80514
internal_count=1745 210 1535 1500 1482 71
is_linear=0
shrinkage=0.05


Tree=353
num_leaves=7
num_cat=0
split_feature=7 1 4 9 7 4
split_gain=1.24103 2.62514 1.27196 4.51539 2.30045 2.03942
threshold=0.075906249999999967 0.23941272914504183 -0.092614178517174142 16.500000000000004 0.34156250000000005 -0.036041310207972195
decision_type=2 2 2 2 2 2
left_child=1 -1 3 -2 -5 -4
right_child=2 -3 5 4 -6 -7
leaf_value=-0.047388642031506584 -0.049568479219060595 0.010566085086202281 0.0092231671243764753 -0.020765892977990582 0.017695398288463619 -0.000509849019378242
leaf_weight=4.0492270346730939 5.6271702200174358 3.7761340774595737 67.65921726077795 6.4528228677809265 9.7806261107325536 263.14567473717034
leaf_count=35 33 15 301 27 38 1296
internal_value=0.000271914 -0.0194225 0.000708918 -0.0109721 0.00240697 0.00148084
internal_weight=360.491 7.82536 352.666 21.8606 16.2334 330.805
internal_count=1745 50 1695 98 65 1597
is_linear=0
shrinkage=0.05


Tree=354
num_leaves=7
num_cat=0
split_feature=8 9 7 6 8 8
split_gain=1.05262 3.86956 4.4351 4.15487 3.52962 2.81055
threshold=-1.0707332522571351 16.500000000000004 0.16778125000000002 11.750000000000002 -1.0464824491016287 -0.98709671000135979
decision_type=2 2 2 2 2 2
left_child=1 2 -1 -3 -2 -6
right_child=4 3 -4 -5 5 -7
leaf_value=0.025499886484988001 0.04658938601614826 -0.015493302432722345 -0.02062061463962199 0.036783348688216116 -0.033508581987315954 0.0014829156716168394
leaf_weight=6.1029742769896975 4.2665660269558421 6.4676865693181744 35.729824043810368 9.2180025987327081 5.856096636503934 286.04663958400488
leaf_count=19 14 26 153 26 21 1486
internal_value=0.000238763 -0.00595083 -0.0138921 0.0152281 0.00144083 0.000780923
internal_weight=353.688 57.5185 41.8328 15.6857 296.169 291.903
internal_count=1745 224 172 52 1521 1507
is_linear=0
shrinkage=0.05


Tree=355
num_leaves=7
num_cat=0
split_feature=5 4 4 5 2 1
split_gain=3.00205 1.94771 2.68904 5.98502 3.01981 1.14515
threshold=19.136017602307707 -0.12389693775447634 -0.046939225032120745 -30.589982688589888 -2.3116765117338702 0.1543781194968438
decision_type=2 2 2 2 2 2
left_child=1 -1 3 -3 -4 -2
right_child=5 2 4 -5 -6 -7
leaf_value=-0.035692972282104656 0.013704566425797019 0.028111271794908702 0.031789143398849445 -0.044222937235846298 -0.0024282315271969561 -0.038274069214679782
leaf_weight=3.6224747477099291 1.2507004141807536 19.356022066436712 6.7344696000218383 3.3554155351594082 151.59292324096896 6.9359070279169828
leaf_count=37 3 96 30 78 1005 496
internal_value=-0.000704729 0.000608787 0.00133516 0.0174245 -0.000972792 -0.0303331
internal_weight=192.848 184.661 181.039 22.7114 158.327 8.18661
internal_count=1745 1246 1209 174 1035 499
is_linear=0
shrinkage=0.05


Tree=356
num_leaves=7
num_cat=0
split_feature=1 1 2 9 4 1
split_gain=1.37205 3.01556 2.39558 2.99904 1.64741 4.09812
threshold=0.46543225494188217 0.45830301692648651 -0.47349287370966475 3.5000000000000004 0.010966177475203851 0.63602350251833462
decision_type=2 2 2 2 2 2
left_child=1 2 -1 -4 5 -2
right_child=4 -3 3 -5 -6 -7
leaf_value=-0.014286277008077422 0.0079122387810470329 -0.038477300574796099 0.019897275222065275 -0.0032927776078169393 0.0077132378313095997 -0.014812601734797731
leaf_weight=30.388780173845589 44.017912536859512 6.13374314084649 18.398807760328054 57.552825793623924 83.250449754297733 36.117477126419544
leaf_count=343 304 28 116 311 462 181
internal_value=-0.000138324 -0.00438834 -0.00242208 0.00232487 0.00278737 -0.00232998
internal_weight=275.86 112.474 106.34 75.9516 163.386 80.1354
internal_count=1745 798 770 427 947 485
is_linear=0
shrinkage=0.05


Tree=357
num_leaves=6
num_cat=0
split_feature=8 8 1 7 4
split_gain=1.19888 1.27255 1.45415 3.74964 2.42005
threshold=-2.4258441336836176 -2.080659856136037 0.65518627295744702 0.25975000000000009 0.19094572830560688
decision_type=2 2 2 2 2
left_child=-1 -2 4 -4 -3
right_child=1 2 3 -5 -6
leaf_value=-0.021563930364246364 0.023180411891900274 0.0010885702775283678 0.030031644691064133 -0.010028456626176324 0.030037911390176388
leaf_weight=6.177904710173606 6.1600831821560851 271.74388651642948 6.446777567267417 62.188807256519794 7.4161786548793307
leaf_count=35 21 1287 17 350 35
internal_value=0.000272404 0.000653533 0.000254541 -0.00626571 0.00185764
internal_weight=360.134 353.956 347.796 68.6356 279.16
internal_count=1745 1710 1689 367 1322
is_linear=0
shrinkage=0.05


Tree=358
num_leaves=7
num_cat=0
split_feature=2 2 4 4 6 5
split_gain=1.00683 4.10879 4.42094 3.68905 7.3799 4.24522
threshold=-0.26747786925537725 -0.34264441874467116 -0.011154191751310749 0.048637377339141911 306.90000000000003 11.425932337390483
decision_type=2 2 2 2 2 2
left_child=1 3 -3 5 -5 -1
right_child=-2 2 -4 4 -6 -7
leaf_value=0.0076007888474653382 -0.0032240058286130725 -0.0091388593227531949 0.052574724126730699 -0.022698551872094956 0.029539759551714631 -0.013860865403617695
leaf_weight=137.57138688117266 132.54227833077312 4.5647245571017265 7.9667414426803571 34.470048606395721 8.4107091575860959 27.677312292158604
leaf_count=419 1052 17 25 117 25 90
internal_value=0.000220455 0.00228941 0.0300949 0.000615241 -0.0124524 0.0040062
internal_weight=353.203 220.661 12.5315 208.129 42.8808 165.249
internal_count=1745 693 42 651 142 509
is_linear=0
shrinkage=0.05


Tree=359
num_leaves=7
num_cat=0
split_feature=5 6 6 5 7 5
split_gain=2.86194 1.92751 5.57484 4.39175 4.36291 3.99479
threshold=19.136017602307707 2.0500000000000003 10.700000000000008 -81.507663810596242 0.27840625000000002 -55.55424906394893
decision_type=2 2 2 2 2 2
left_child=1 4 -3 -4 5 -1
right_child=-2 2 3 -5 -6 -7
leaf_value=0.00031047294737968805 -0.030126573445538103 0.02555968921340665 -0.062615076211643569 0.00077203059032442459 -0.057386263006796646 -0.04762090713388431
leaf_weight=67.129210253246129 7.9309481811942524 24.952029332984239 2.8284359276294699 80.645887868478894 3.856314224889501 4.648037262260913
leaf_count=296 499 126 7 698 67 52
internal_value=-0.000717791 0.000549403 0.00482285 -0.00137577 -0.00557691 -0.00279339
internal_weight=191.991 184.06 108.426 83.4743 75.6336 71.7772
internal_count=1745 1246 831 705 415 348
is_linear=0
shrinkage=0.05


Tree=360
num_leaves=7
num_cat=0
split_feature=7 2 5 3 4 9
split_gain=1.29917 1.53987 2.57813 2.30228 1.99783 1.32841
threshold=0.20871875000000004 0.14314328384950267 -20.738366409386035 0.67287916325113051 0.017727811813662456 19.500000000000004
decision_type=2 2 2 2 2 2
left_child=1 4 -3 -4 -1 -2
right_child=5 2 3 -5 -6 -7
leaf_value=-0.025365692131276485 -0.00016163053976577982 -0.012803884914457215 0.061002855168829064 -0.0021072930118068846 0.027060723811220318 0.011810350713634316
leaf_weight=15.910787967033686 215.0193774709478 10.63630870729685 2.8209465965628615 2.9629616178572178 2.05147835984826 25.969160180538893
leaf_count=174 1275 48 17 23 21 187
internal_value=-0.000168742 -0.00926105 0.00180606 0.028673 -0.019378 0.00112848
internal_weight=275.371 34.3825 16.4202 5.78391 17.9623 240.989
internal_count=1745 283 88 40 195 1462
is_linear=0
shrinkage=0.05


Tree=361
num_leaves=7
num_cat=0
split_feature=4 4 7 7 4 6
split_gain=1.20716 4.05459 6.564 2.47774 1.55979 1.52402
threshold=0.14925930927507913 0.19094572830560688 0.45368750000000002 0.49196875000000001 0.079738263618930313 192.15000000000001
decision_type=2 2 2 2 2 2
left_child=3 -2 -3 5 -5 -1
right_child=1 2 -4 4 -6 -7
leaf_value=0.0015567698452206998 -0.0387866463024511 0.03248680398661271 -0.047030215167698342 0.0085160310761046958 0.044916029865099315 -0.0080095360382578338
leaf_weight=278.56938562728465 8.170894958078863 8.0819217301905137 3.8229494839906684 7.3966494947671872 4.8880206570029259 48.949115328490734
leaf_count=1332 54 37 29 32 18 243
internal_value=0.000250055 -0.0116638 0.00695192 0.000953933 0.0229994 0.000127042
internal_weight=359.879 20.0758 11.9049 339.803 12.2847 327.519
internal_count=1745 120 66 1625 50 1575
is_linear=0
shrinkage=0.05


Tree=362
num_leaves=7
num_cat=0
split_feature=9 8 6 1 1 1
split_gain=1.02594 2.30693 4.62566 4.9431 3.38992 2.9528
threshold=17.500000000000004 -0.39683882464305958 1.4000000000000072 0.46543225494188217 0.23070468961622667 0.35909021417580866
decision_type=2 2 2 2 2 2
left_child=-1 2 3 -2 -3 -6
right_child=1 4 -4 -5 5 -7
leaf_value=-0.0011388506595580469 0.016799457949330784 0.058145346154750699 0.030511021873649787 -0.037488768692938247 -0.038245096706656934 -0.00023715085063604624
leaf_weight=282.28159293346107 10.604967802762987 2.054137021303176 20.00483856163919 6.9350342182442537 6.4617227297276285 24.428716556169093
leaf_count=1385 32 6 68 46 29 179
internal_value=0.000208575 0.00560447 0.0140776 -0.00466523 -0.00405177 -0.00818773
internal_weight=352.771 70.4894 37.5448 17.54 32.9446 30.8904
internal_count=1745 360 146 78 214 208
is_linear=0
shrinkage=0.05


Tree=363
num_leaves=7
num_cat=0
split_feature=5 7 8 8 3 1
split_gain=2.74759 1.94084 3.17554 9.00324 2.54942 1.14929
threshold=19.136017602307707 0.46350000000000008 0.53451197245150006 0.65058239455716216 0.39503056859112923 0.1543781194968438
decision_type=2 2 2 2 2 2
left_child=1 2 4 -4 -1 -2
right_child=5 -3 3 -5 -6 -7
leaf_value=0.0023094949661669785 0.014094919471188403 -0.0305552108901819 0.099714793888854236 -0.0054534764266858226 -0.015813695009640711 -0.038223502090839516
leaf_weight=147.5517803253606 1.25190059095621 4.860939623322337 3.0827626138925535 5.9876442020758986 22.343398263212293 6.4986833109287545
leaf_count=455 3 147 29 119 496 496
internal_value=-0.000611253 0.000618273 0.00146499 0.0302901 -7.39373e-05 -0.0297729
internal_weight=191.577 183.827 178.966 9.07041 169.895 7.75058
internal_count=1745 1246 1099 148 951 499
is_linear=0
shrinkage=0.05


Tree=364
num_leaves=7
num_cat=0
split_feature=2 4 8 5 4 3
split_gain=1.23919 1.41177 1.18773 2.64494 2.82612 1.45468
threshold=-1.3422265835049894 0.0029240658301945507 1.3930229328047929 28.318736238246306 0.060141516335116156 0.97441431852734628
decision_type=2 2 2 2 2 2
left_child=1 -1 5 -4 -5 -2
right_child=2 -3 3 4 -6 -7
leaf_value=-0.03178509348666618 -0.0012848730301345283 0.00082219712595137389 0.055801517448205412 0.018892700882177996 -0.027583538384520587 0.015538952730009615
leaf_weight=6.477408695034681 229.87216858100146 6.8089243900030851 2.9992283955216434 10.519812457263468 4.7468456327915183 13.609317138791083
leaf_count=139 1285 71 24 81 30 115
internal_value=-0.00017814 -0.0150746 0.000578009 0.0128751 0.00444189 -0.000344511
internal_weight=275.034 13.2863 261.747 18.2659 15.2667 243.481
internal_count=1745 210 1535 135 111 1400
is_linear=0
shrinkage=0.05


Tree=365
num_leaves=7
num_cat=0
split_feature=3 3 6 6 6 6
split_gain=1.18367 2.52401 4.73107 6.14863 4.60328 3.67032
threshold=0.40531554102093964 0.49604082452784765 70.300000000000026 90.350000000000009 0.29999999999999294 177.75000000000003
decision_type=2 2 2 2 2 2
left_child=-1 5 4 -4 -3 -2
right_child=1 2 3 -5 -6 -7
leaf_value=-0.0030749073973455722 0.017192524273293621 0.0063302079363776811 0.050200437144876889 0.0032018810449442854 -0.0196232470880769 -0.01676217181573331
leaf_weight=154.34726491384208 48.189653731882572 27.440534058958292 7.765702571719884 66.993910267949104 45.273015521466732 9.533173516392706
leaf_count=653 142 157 28 392 329 44
internal_value=0.000232936 0.00272108 -0.000748279 0.00808389 -0.00982897 0.0115848
internal_weight=359.543 205.196 147.473 74.7596 72.7135 57.7228
internal_count=1745 1092 906 420 486 186
is_linear=0
shrinkage=0.05


Tree=366
num_leaves=7
num_cat=0
split_feature=8 9 1 8 6 8
split_gain=1.00244 3.4936 4.46825 3.76183 3.75768 3.13465
threshold=-1.0707332522571351 16.500000000000004 0.61837236578955224 -1.3190636167303367 11.750000000000002 -1.0464824491016287
decision_type=2 2 2 2 2 2
left_child=1 2 3 -1 -3 -2
right_child=5 4 -4 -5 -6 -7
leaf_value=0.0071367680295429201 0.043539229374282507 -0.015213790462958458 -0.042329168755197988 -0.030854738634573792 0.034614419119455848 0.00074895057677288733
leaf_weight=21.992949321866035 4.3438454680144778 6.3976997546851626 10.131249375641344 9.2588556744158286 9.2601375207304937 290.94366682041436
leaf_count=80 14 26 49 43 26 1507
internal_value=0.000206236 -0.00586189 -0.0134733 -0.00411883 0.0142549 0.00137842
internal_weight=352.328 57.0409 41.3831 31.2518 15.6578 295.288
internal_count=1745 224 172 123 52 1521
is_linear=0
shrinkage=0.05


Tree=367
num_leaves=7
num_cat=0
split_feature=5 7 8 8 2 1
split_gain=2.63733 1.85337 2.87406 7.73732 2.78815 1.11146
threshold=19.136017602307707 0.46350000000000008 0.53451197245150006 0.65058239455716216 0.078860393667845613 0.1543781194968438
decision_type=2 2 2 2 2 2
left_child=1 2 4 -4 -1 -2
right_child=5 -3 3 -5 -6 -7
leaf_value=0.0017639840998122617 0.013412413220737383 -0.03017488703974619 0.090536552057154468 -0.0052280822427458089 -0.0229117386298908 -0.03819605320551072
leaf_weight=157.17702102614567 1.2518378198146809 4.7572704167105249 3.2620981563813967 5.9680262701585889 12.346908112522213 6.2615198916755617
leaf_count=598 3 147 29 119 353 496
internal_value=-0.00056233 0.000626426 0.00144616 0.0286169 -3.32187e-05 -0.0295973
internal_weight=191.025 183.511 178.754 9.23012 169.524 7.51336
internal_count=1745 1246 1099 148 951 499
is_linear=0
shrinkage=0.05


Tree=368
num_leaves=7
num_cat=0
split_feature=7 4 2 8 5 2
split_gain=1.22013 1.45567 1.88628 1.19849 1.19428 3.58404
threshold=0.20871875000000004 -0.060746432135089096 1.0208192332515529 2.7626811424389035 -36.355335035729446 -0.26747786925537725
decision_type=2 2 2 2 2 2
left_child=1 -1 -3 4 5 -2
right_child=3 2 -4 -5 -6 -7
leaf_value=-0.044658888100117283 -0.0079426997052190838 -0.0098996628783726871 0.032905810630878655 0.029671836124883617 -0.0013196437396787702 0.017878148697239939
leaf_weight=2.6457691937685004 23.103536958340555 28.534789768978957 2.8287713266909114 3.6088387183845034 181.53413099609315 32.12751018255949
leaf_count=20 235 235 28 34 992 201
internal_value=-0.000179174 -0.00904337 -0.00603891 0.00107498 0.000639096 0.00707711
internal_weight=274.383 34.0093 31.3636 240.374 236.765 55.231
internal_count=1745 283 263 1462 1428 436
is_linear=0
shrinkage=0.05


Tree=369
num_leaves=6
num_cat=0
split_feature=7 3 8 8 2
split_gain=1.15315 2.61771 1.14294 1.25886 1.29396
threshold=0.075906249999999967 0.47508530190715653 -2.4258441336836176 -2.139820542189899 -0.74984337387587452
decision_type=2 2 2 2 2
left_child=1 -1 -2 -4 -5
right_child=2 -3 3 4 -6
leaf_value=-0.04473934803028122 -0.020871218622381563 0.014002188070673664 0.027804309196542861 -0.0049738695674355713 0.0023651080156334783
leaf_weight=4.3133844602853051 6.0618302058428517 3.3849025964736938 4.3348787650465956 77.836964961141348 262.98329775966704
leaf_count=39 35 11 14 367 1279
internal_value=0.000231981 -0.018911 0.000651573 0.00102957 0.000689023
internal_weight=358.915 7.69829 351.217 345.155 340.82
internal_count=1745 50 1695 1660 1646
is_linear=0
shrinkage=0.05


Tree=370
num_leaves=7
num_cat=0
split_feature=1 6 2 6 1 4
split_gain=0.991741 1.47168 3.40335 3.14739 2.49186 2.35728
threshold=0.78380978922095312 103.75000000000001 0.27218162270347218 454.60000000000008 0.55067453823799939 -0.11332465933383905
decision_type=2 2 2 2 2 2
left_child=1 5 4 -4 -3 -1
right_child=-2 2 3 -5 -6 -7
leaf_value=0.030859440862125345 0.019733129508086384 -0.0085596274322752592 -0.029661670077647723 0.029118056140094085 0.0085014946905287211 0.0011854150254047473
leaf_weight=6.8922725655138484 6.3876513838767996 45.463095311075449 19.155572826974097 2.5846680365502825 40.437747821211815 231.06384626450017
leaf_count=25 42 158 242 13 166 1099
internal_value=0.000211245 -0.000149577 -0.0050008 -0.0226734 -0.000528119 0.00204491
internal_weight=351.985 345.597 107.641 21.7402 85.9008 237.956
internal_count=1745 1703 579 255 324 1124
is_linear=0
shrinkage=0.05


Tree=371
num_leaves=7
num_cat=0
split_feature=5 4 4 5 2 1
split_gain=2.51673 1.84198 2.55989 5.48012 2.85291 1.08202
threshold=19.136017602307707 -0.12389693775447634 -0.046939225032120745 -30.589982688589888 -2.3116765117338702 0.1543781194968438
decision_type=2 2 2 2 2 2
left_child=1 -1 3 -3 -4 -2
right_child=5 2 4 -5 -6 -7
leaf_value=-0.035035863913253647 0.012908361675380562 0.027230999566454785 0.031231819371052724 -0.043775132553763037 -0.0023724799411800526 -0.038170082083296961
leaf_weight=3.5603342051617792 1.2519874274730671 19.122346230782572 6.5922128073871127 3.1673964727669945 150.71536112809554 6.0324941965518519
leaf_count=37 3 96 30 78 1005 496
internal_value=-0.000569486 0.000576802 0.00128279 0.017141 -0.000964241 -0.0293912
internal_weight=190.442 183.158 179.597 22.2897 157.308 7.28448
internal_count=1745 1246 1209 174 1035 499
is_linear=0
shrinkage=0.05


Tree=372
num_leaves=7
num_cat=0
split_feature=6 6 6 3 1 1
split_gain=1.19984 2.875 3.23549 3.72115 1.82818 1.96558
threshold=139.95000000000005 229.75000000000003 209.90000000000003 0.6572024034212155 0.73350950860636055 0.71082319445336406
decision_type=2 2 2 2 2 2
left_child=4 2 -2 -4 5 -1
right_child=1 -3 3 -5 -6 -7
leaf_value=-0.002284547414763301 0.0086795535910791591 -0.00294916594591384 0.087856136258084597 0.008473957449518071 0.026383570021857119 -0.027505234908769105
leaf_weight=164.57400130107999 33.928767632693052 55.967182584106922 2.9988556802272788 2.9076984152197838 5.2857355028390876 8.1058232299983484
leaf_count=1164 189 280 23 17 40 32
internal_value=-0.000153179 0.00435832 0.0146251 0.0487776 -0.00258181 -0.00346844
internal_weight=273.768 95.8025 39.8353 5.90655 177.966 172.68
internal_count=1745 509 229 40 1236 1196
is_linear=0
shrinkage=0.05


Tree=373
num_leaves=7
num_cat=0
split_feature=8 8 8 8 8 1
split_gain=1.13232 5.34991 2.45611 4.99652 4.41866 5.77652
threshold=0.97005332990323334 1.1818816732152511 0.014378250060675052 -0.033952398795413043 0.35495228837906984 0.72047326795916233
decision_type=2 2 2 2 2 2
left_child=2 -2 3 -1 -4 -6
right_child=1 -3 4 -5 5 -7
leaf_value=0.00090430309277720342 0.026089337565803429 -0.0071620759967589405 -0.023655221112756575 0.049234120203224201 0.0056223576315650864 -0.034146740876198629
leaf_weight=204.6149290734902 21.373092755675316 27.871067060157657 29.356250001117587 5.4913443513214579 58.983718251809478 10.803335037082432
leaf_count=902 91 188 175 25 285 79
internal_value=0.000227872 0.0072698 -0.000893467 0.00216745 -0.00738022 -0.000534069
internal_weight=358.494 49.2442 309.25 210.106 99.1433 69.7871
internal_count=1745 279 1466 927 539 364
is_linear=0
shrinkage=0.05


Tree=374
num_leaves=7
num_cat=0
split_feature=8 6 5 5 8 8
split_gain=0.969463 3.27016 5.55952 3.70751 2.96092 2.84715
threshold=-1.0707332522571351 152.25000000000003 -25.847911292522237 -13.514838813362458 -1.3558737199455655 -1.0464824491016287
decision_type=2 2 2 2 2 2
left_child=1 2 4 -4 -1 -2
right_child=5 -3 3 -5 -6 -7
leaf_value=-0.0017423058112594507 0.041242635060170271 -0.035513479448724704 0.061440426709811403 0.0064915068705890715 -0.03318315880469809 0.00073694180183619582
leaf_weight=24.821400906890627 4.404090989381074 7.9585962593555442 4.8690483272075644 8.3070737328380329 10.723246846348049 290.36779199400917
leaf_count=99 14 30 16 29 50 1507
internal_value=0.000190602 -0.00579811 -0.00094407 0.0267971 -0.0112275 0.00134212
internal_weight=351.451 56.6794 48.7208 13.1761 35.5446 294.772
internal_count=1745 224 194 45 149 1521
is_linear=0
shrinkage=0.05


Tree=375
num_leaves=7
num_cat=0
split_feature=5 6 6 5 5 5
split_gain=2.40543 1.86162 5.15832 4.07285 3.47429 4.32869
threshold=19.136017602307707 2.0500000000000003 10.700000000000008 -81.507663810596242 -55.55424906394893 -77.344413020220955
decision_type=2 2 2 2 2 2
left_child=1 4 -3 -4 5 -1
right_child=-2 2 3 -5 -6 -7
leaf_value=-0.0069869492325974796 -0.029188903094178043 0.024820492859150202 -0.059900486227084319 0.00087866381502673611 -0.046085268878622097 0.032929379661499759
leaf_weight=62.491588602773845 7.0651575666852287 24.691700606606901 2.8545565307140341 80.092216768069193 4.9270678842440239 7.6201687585562459
leaf_count=310 499 126 7 698 63 42
internal_value=-0.000562566 0.000544576 0.00475894 -0.00121301 -0.00550066 -0.0026486
internal_weight=189.742 182.677 107.638 82.9468 75.0388 70.1118
internal_count=1745 1246 831 705 415 352
is_linear=0
shrinkage=0.05


Tree=376
num_leaves=7
num_cat=0
split_feature=4 4 9 2 6 5
split_gain=1.19537 1.51809 2.94742 4.77053 2.20505 1.8524
threshold=-0.17091056972277194 -0.03764482894159344 19.500000000000004 -0.17187509642387896 1.0000000180025095e-35 46.061258135425113
decision_type=2 2 2 2 2 2
left_child=-1 2 4 -4 -2 -3
right_child=1 5 3 -5 -6 -7
leaf_value=0.030634292317068747 0.013711248840600888 -0.00082532012008391443 -0.031657524913990744 0.051555515691888869 -0.016636803193205828 0.011021990104371717
leaf_weight=3.1203630026429883 6.9872571779415003 173.47405921388417 2.6981504205614328 4.7624692283570758 41.747009020298719 40.743307799100876
leaf_count=21 51 1089 19 42 252 271
internal_value=-0.000135732 -0.000490796 -0.0078053 0.0214613 -0.0122857 0.00142799
internal_weight=273.533 270.412 56.1949 7.46062 48.7343 214.217
internal_count=1745 1724 364 61 303 1360
is_linear=0
shrinkage=0.05


Tree=377
num_leaves=7
num_cat=0
split_feature=4 4 7 7 4 8
split_gain=1.13428 3.76599 6.04635 2.2355 1.36608 1.35195
threshold=0.14925930927507913 0.19094572830560688 0.45368750000000002 0.49196875000000001 0.079738263618930313 0.014378250060675052
decision_type=2 2 2 2 2 2
left_child=3 -2 -3 5 -5 -1
right_child=1 2 -4 4 -6 -7
leaf_value=0.0026045481091236358 -0.038083821491871797 0.030260888889018137 -0.046646066179687209 0.0082136951206534144 0.042216796943775774 -0.0040482152596942834
leaf_weight=203.82141945883632 7.9358325880020884 8.2241510376334173 3.7078728117048732 7.380699470639227 4.9246382340788841 122.11958514526486
leaf_count=886 54 37 29 32 18 689
internal_value=0.000219782 -0.011391 0.00636208 0.000901774 0.0218219 0.000111972
internal_weight=358.114 19.8679 11.932 338.246 12.3053 325.941
internal_count=1745 120 66 1625 50 1575
is_linear=0
shrinkage=0.05


Tree=378
num_leaves=7
num_cat=0
split_feature=1 5 5 3 1 5
split_gain=0.989232 3.82063 4.4575 7.42989 3.12569 4.70621
threshold=0.43132021828853123 -36.355335035729446 -75.510102163800426 0.16567448072568206 0.34792906047925148 -35.769261223315631
decision_type=2 2 2 2 2 2
left_child=4 2 3 -2 5 -1
right_child=1 -3 -4 -5 -6 -7
leaf_value=0.007107973657653326 0.058622071619656047 0.0021805252916819885 -0.032278022341211833 -0.012152447558057508 0.013131652610423939 -0.012608423957768806
leaf_weight=69.353723257780075 4.3381626829504993 125.98825310682878 20.213411004282534 25.538288644514978 51.930355093441904 53.701528974808753
leaf_count=226 19 774 121 145 245 215
internal_value=0.000182403 -0.0024635 -0.0141444 -0.00187575 0.00284483 -0.0014963
internal_weight=351.064 176.078 50.0899 29.8765 174.986 123.055
internal_count=1745 1059 285 164 686 441
is_linear=0
shrinkage=0.05


Tree=379
num_leaves=7
num_cat=0
split_feature=6 5 6 6 7 1
split_gain=2.32564 2.20851 2.07727 4.17382 4.14356 0.0645173
threshold=279.10000000000008 73.600694402777648 2.0500000000000003 10.700000000000008 0.27840625000000002 0.1543781194968438
decision_type=2 2 2 2 2 2
left_child=1 2 4 -4 -1 -3
right_child=-2 5 3 -5 -6 -7
leaf_value=-0.0027554371935508176 -0.040395109632332227 -0.059834916946179921 0.023411505955317709 1.3158184622481417e-06 -0.056843518398054099 -0.038243066953010468
leaf_weight=71.476898974971846 3.5940237336326382 0.39442214369773809 24.751778408885002 82.506812619045377 3.7254294923041007 2.81625980976969
leaf_count=368 184 1 149 734 70 239
internal_value=-0.000558027 0.000213095 0.000936465 0.00540362 -0.00543489 -0.0408956
internal_weight=189.266 185.672 182.461 107.259 75.2023 3.21068
internal_count=1745 1561 1321 883 438 240
is_linear=0
shrinkage=0.05


Tree=380
num_leaves=7
num_cat=0
split_feature=1 1 3 5 3 0
split_gain=1.21894 2.87913 2.61823 3.80235 3.66516 3.44015
threshold=0.46543225494188217 0.45830301692648651 0.44179736497140426 162.98686295821346 0.40531554102093964 1.0000000180025095e-35
decision_type=2 2 2 2 2 2
left_child=1 -1 4 5 -2 -4
right_child=2 -3 3 -5 -6 -7
leaf_value=-0.0022596907072435102 0.006443156986654465 -0.037753654512214713 0.00038041622380269194 0.048029048086542479 0.04543465766173059 -0.027244216575363925
leaf_weight=105.10629824362695 31.423774310387671 6.0417864993214598 106.75066352635622 3.8373815305531016 7.4571069739758959 12.600260235369204
leaf_count=770 226 28 585 44 44 48
internal_value=-0.000156273 -0.00418907 0.00260945 -0.000960877 0.0139215 -0.002536
internal_weight=273.217 111.148 162.069 123.188 38.8809 119.351
internal_count=1745 798 947 677 270 633
is_linear=0
shrinkage=0.05


Tree=381
num_leaves=7
num_cat=0
split_feature=7 3 2 6 3 9
split_gain=1.10162 2.49619 1.12274 1.38778 1.28882 5.30267
threshold=0.075906249999999967 0.47508530190715653 -2.3116765117338702 139.95000000000005 1.0000000180025095e-35 15.500000000000002
decision_type=2 2 2 2 2 2
left_child=1 -1 3 -2 5 -4
right_child=2 -3 4 -5 -6 -7
leaf_value=-0.044480787422287678 -0.044884123673794858 0.013265745582835678 -0.0066472081260303788 0.00505528826696888 0.00035584365863070559 0.05982226030316791
leaf_weight=4.1869206195697179 2.9862271640449753 3.383848711848259 8.716126957908271 2.6044510155916214 331.41895445436239 4.5756020061671725
leaf_count=39 29 11 55 11 1580 20
internal_value=0.000199798 -0.0186703 0.000607621 -0.0216195 0.000968111 0.0162345
internal_weight=357.872 7.57077 350.301 5.59068 344.711 13.2917
internal_count=1745 50 1695 40 1655 75
is_linear=0
shrinkage=0.05


Tree=382
num_leaves=7
num_cat=0
split_feature=1 5 5 0 1 8
split_gain=0.925571 3.57421 3.92143 3.26217 2.87603 4.60101
threshold=0.43132021828853123 -27.486194472758481 -21.114213018587872 1.0000000180025095e-35 0.34792906047925148 0.38415318528669978
decision_type=2 2 2 2 2 2
left_child=4 -2 3 -3 -1 -6
right_child=1 2 -4 -5 5 -7
leaf_value=-0.0014211139990329051 -0.011979616652392893 0.061006728937052529 -0.00036153700882183919 0.008702348992411596 0.01913820681661698 -0.021100606826165283
leaf_weight=123.04801167361438 62.539567013271153 4.9264560081064683 100.69927545962855 7.5490985512733459 43.657688206061721 8.4846248077228648
leaf_count=441 346 33 661 19 171 74
internal_value=0.000177453 -0.00238663 0.00291439 0.0293568 0.0027492 0.0125905
internal_weight=350.905 175.714 113.175 12.4756 175.19 52.1423
internal_count=1745 1059 713 52 686 245
is_linear=0
shrinkage=0.05


Tree=383
num_leaves=7
num_cat=0
split_feature=3 8 4 7 8 7
split_gain=2.32922 1.95508 6.88743 6.10839 4.7416 3.93622
threshold=0.75583704152711351 -0.64233836724504523 0.10976871506616696 0.27321875000000007 -0.10526482451419485 0.30678125000000001
decision_type=2 2 2 2 2 2
left_child=1 5 3 -3 -4 -1
right_child=-2 2 4 -5 -6 -7
leaf_value=-0.00025993310106254668 -0.038335387523391197 0.002468092214400201 0.076004454388788403 -0.025948571649691384 0.0044785640340485287 0.023592902723437652
leaf_weight=76.595144603401423 3.9783123541856176 42.585847876616754 4.0470828465186059 34.017559644766152 5.4203855392988753 22.340384271461517
leaf_count=304 420 273 17 528 82 121
internal_value=-0.000481915 0.000332072 -0.00517863 -0.010151 0.0350539 0.00512622
internal_weight=188.985 185.006 86.0709 76.6034 9.46747 98.9355
internal_count=1745 1325 900 801 99 425
is_linear=0
shrinkage=0.05


Tree=384
num_leaves=7
num_cat=0
split_feature=2 4 8 4 3 4
split_gain=1.13256 1.33718 1.32428 1.3796 1.11675 1.01698
threshold=-1.3422265835049894 0.0029240658301945507 -2.5686825282270913 -0.17091056972277194 0.97441431852734628 0.034590250887913711
decision_type=2 2 2 2 2 2
left_child=1 -1 -2 -4 -5 -3
right_child=2 5 3 4 -6 -7
leaf_value=-0.031402776509956924 0.038991305956376725 0.030740484286447073 0.034275168047671854 -0.00098340952443970887 0.013041059890224239 -0.011707085156890288
leaf_weight=6.1776073602959496 2.2237154878675929 1.99483947455883 2.943412482738494 239.74127082619816 15.087886117398737 4.8217220157384872
leaf_count=139 17 28 18 1361 139 43
internal_value=-0.000148468 -0.0145542 0.000571507 0.000240073 -0.000153051 0.000715026
internal_weight=272.99 12.9942 259.996 257.773 254.829 6.81656
internal_count=1745 210 1535 1518 1500 71
is_linear=0
shrinkage=0.05


Tree=385
num_leaves=7
num_cat=0
split_feature=5 9 2 2 1 1
split_gain=1.06584 4.09451 3.92601 3.68088 2.72398 5.03547
threshold=-30.150721943966555 2.5000000000000004 0.45277464723902239 0.27218162270347218 0.23070468961622667 0.35909021417580866
decision_type=2 2 2 2 2 2
left_child=1 -1 3 -3 -2 -6
right_child=4 2 -4 -5 5 -7
leaf_value=0.010930086638672024 -0.028636400599949315 -0.010401254563523411 0.0152210194869251 -0.056571056234798058 0.017496356829803786 -0.00078850880973849744
leaf_weight=36.465501956641674 6.8970188796520224 77.561497909016907 14.534601811319588 4.5713666789233676 48.428796835243702 169.21513487584889
leaf_count=187 42 355 104 35 174 848
internal_value=0.000198093 -0.00334659 -0.00873213 -0.012971 0.00229978 0.00328013
internal_weight=357.674 133.133 96.6675 82.1329 224.541 217.644
internal_count=1745 681 494 390 1064 1022
is_linear=0
shrinkage=0.05


Tree=386
num_leaves=7
num_cat=0
split_feature=4 6 9 6 4 2
split_gain=0.925856 3.52884 4.51963 2.29775 2.24672 2.55467
threshold=0.127131988181762 285.15000000000003 13.500000000000002 15.749999999999995 0.10976871506616696 1.0504086377164741
decision_type=2 2 2 2 2 2
left_child=4 2 -2 -4 5 -1
right_child=1 -3 3 -5 -6 -7
leaf_value=0.00084326361748923218 -0.038296359740630434 0.031491382498838552 -0.019764096017492769 0.026883935568403045 -0.024354880912417963 -0.028380062295732089
leaf_weight=303.44251162186265 6.4697879301384154 10.761625701561568 3.7503750622272483 8.9148283191025239 9.6655495129525644 7.6674866303801528
leaf_count=1297 54 56 18 53 42 225
internal_value=0.000169808 0.00858532 -0.00429718 0.0130707 -0.000614526 0.000123038
internal_weight=350.672 29.8966 19.135 12.6652 320.776 311.11
internal_count=1745 181 125 71 1564 1522
is_linear=0
shrinkage=0.05


Tree=387
num_leaves=7
num_cat=0
split_feature=6 2 1 2 2 1
split_gain=2.21713 1.90653 6.39508 3.8355 3.80307 2.26348
threshold=279.10000000000008 -1.6435202251082124 0.51063578034859924 -1.515136376744586 -1.4798447383726627 0.24838879698366559
decision_type=2 2 2 2 2 2
left_child=1 2 5 -3 -5 -1
right_child=-2 3 -4 4 -6 -7
leaf_value=-0.0043858760884667308 -0.040353887615237664 -0.038910882584446006 -0.024589869550166468 0.051069926651675736 -0.0017271878397347807 0.031704687343145306
leaf_weight=5.5607857080176499 3.4223425036761901 6.7857438195496789 9.3296196479350311 3.495837938040494 140.18717194057535 19.860630940645933
leaf_count=17 184 26 37 7 1403 71
internal_value=-0.000476402 0.000260422 0.0108161 -0.00217744 -0.000442623 0.0238101
internal_weight=188.642 185.22 34.751 150.469 143.683 25.4214
internal_count=1745 1561 125 1436 1410 88
is_linear=0
shrinkage=0.05


Tree=388
num_leaves=7
num_cat=0
split_feature=6 6 6 2 2 4
split_gain=1.10504 2.58832 2.9412 3.66997 1.88061 5.83518
threshold=139.95000000000005 229.75000000000003 209.90000000000003 0.70807538564485772 0.20421810904484108 0.063581064991887468
decision_type=2 2 2 2 2 2
left_child=4 2 3 -2 -1 -6
right_child=1 -3 -4 -5 5 -7
leaf_value=-0.0071768524925046977 -0.00011951467681463851 -0.0027495908268889658 0.046340369252120095 0.040560034655318371 0.010852110955353463 -0.020387015864828856
leaf_weight=96.34702876303345 26.964978069067001 55.752366576343775 5.955489393323659 6.9793895334005347 60.807262644171715 19.821188986301422
leaf_count=735 127 280 40 62 408 93
internal_value=-0.000121525 0.00420842 0.0139309 0.00824471 -0.00246179 0.00317248
internal_weight=272.628 95.6522 39.8999 33.9444 176.975 80.6285
internal_count=1745 509 229 189 1236 501
is_linear=0
shrinkage=0.05


Tree=389
num_leaves=7
num_cat=0
split_feature=7 1 4 4 7 7
split_gain=1.06066 2.37436 1.10431 3.58477 5.58558 1.97635
threshold=0.075906249999999967 0.23941272914504183 0.14925930927507913 0.19094572830560688 0.45368750000000002 0.49196875000000001
decision_type=2 2 2 2 2 2
left_child=1 -1 5 -4 -5 -2
right_child=2 -3 3 4 -6 -7
leaf_value=-0.046879539054651809 0.00051316234411714185 0.0096428003917215371 -0.037441616189868548 0.028719266927675669 -0.046110388389169893 0.020910559255973394
leaf_weight=3.7002077316865316 317.92143839411438 3.7319441176950932 7.7294581551104811 8.3244216181337816 3.5604098588228217 12.336382381618021
leaf_count=35 1525 15 54 37 29 50
internal_value=0.000193461 -0.0184977 0.000590507 -0.0109361 0.0063021 0.00127508
internal_weight=357.304 7.43215 349.872 19.6143 11.8848 330.258
internal_count=1745 50 1695 120 66 1575
is_linear=0
shrinkage=0.05


Tree=390
num_leaves=7
num_cat=0
split_feature=9 9 8 8 9 8
split_gain=0.92451 2.19702 6.23503 3.69408 2.89823 2.86751
threshold=17.500000000000004 16.500000000000004 -1.6124384143829624 -0.98709671000135979 15.500000000000002 -0.15073693112065981
decision_type=2 2 2 2 2 2
left_child=1 3 -3 -1 -5 -4
right_child=-2 2 5 4 -6 -7
leaf_value=-0.012402866116506477 0.0053147160751650119 0.046619227604129232 -0.0087371189792486859 0.0010836355664469188 0.020767657002375456 -0.047850329579148337
leaf_weight=47.584322612732649 69.807134089525789 3.348371326923373 9.7977811247110402 189.92399256164208 20.742502862587571 8.9815213093534076
leaf_count=195 360 9 38 975 95 73
internal_value=0.000165998 -0.0011159 -0.0162364 0.000179669 0.00302175 -0.0274437
internal_weight=350.186 280.378 22.1277 258.251 210.666 18.7793
internal_count=1745 1385 120 1265 1070 111
is_linear=0
shrinkage=0.05


Tree=391
num_leaves=7
num_cat=0
split_feature=5 7 8 8 2 1
split_gain=2.12484 1.69987 2.7921 6.77691 2.54688 1.09378
threshold=19.136017602307707 0.46350000000000008 0.53451197245150006 0.65058239455716216 0.078860393667845613 0.1543781194968438
decision_type=2 2 2 2 2 2
left_child=1 2 4 -4 -1 -2
right_child=5 -3 3 -5 -6 -7
leaf_value=0.0015219546692148394 0.013913779147682196 -0.029945306687930669 0.084365699300251923 -0.0046555136188715061 -0.02239958597670251 -0.038102627866637359
leaf_weight=155.82427928131074 1.2446008771657933 4.4675655779428771 3.3835182264447194 5.8071676776744425 11.982398841995744 5.375795571366325
leaf_count=598 3 147 29 119 353 496
internal_value=-0.000500428 0.000514654 0.00128349 0.0281173 -0.000186186 -0.0283238
internal_weight=188.085 181.465 176.997 9.19069 167.807 6.6204
internal_count=1745 1246 1099 148 951 499
is_linear=0
shrinkage=0.05


Tree=392
num_leaves=7
num_cat=0
split_feature=7 9 5 6 5 9
split_gain=1.06341 1.4856 4.76886 1.99642 1.3824 1.14387
threshold=0.20871875000000004 3.5000000000000004 -1.0000000180025095e-35 28.049999999999997 -97.414579649803969 19.500000000000004
decision_type=2 2 2 2 2 2
left_child=1 2 4 -3 -1 -2
right_child=5 3 -4 -5 -6 -7
leaf_value=0.029522737958548331 -0.00012671995047972102 -0.024631969687195013 0.067174432492266803 0.0094414213008180859 -0.021257341729488399 0.011083630659363219
leaf_weight=1.6676551774144162 212.91411432018504 16.641097415238622 2.5084166266024104 5.7963219098746768 6.8268390260636798 25.478122137486935
leaf_count=21 1275 134 23 48 57 187
internal_value=-9.98891e-05 -0.00844976 0.0065996 -0.0158297 -0.0112881 0.00107138
internal_weight=271.833 33.4403 11.0029 22.4374 8.49449 238.392
internal_count=1745 283 101 182 78 1462
is_linear=0
shrinkage=0.05


Tree=393
num_leaves=7
num_cat=0
split_feature=3 7 0 7 8 3
split_gain=1.06625 2.37032 8.78359 6.7775 5.49051 5.02056
threshold=0.40531554102093964 0.27028125000000008 1.5000000000000002 0.26428125000000008 -1.0830063834587571 0.33908118691679207
decision_type=2 2 2 2 2 2
left_child=1 3 -3 4 -1 -5
right_child=-2 2 -4 5 -6 -7
leaf_value=0.028711513532543323 0.0025619202351307188 -0.039779040414682443 -0.00060207362350696726 0.00099544408628887216 -0.013100933490037459 0.066212417827466549
leaf_weight=10.100150560960172 203.79701415449381 17.520385056734085 78.008213672786951 5.1483742929995042 35.2621556436643 6.914140060544014
leaf_count=57 1092 61 305 36 179 15
internal_value=0.000193836 -0.00296143 -0.00778731 0.00506663 -0.00379118 0.0383773
internal_weight=356.75 152.953 95.5286 57.4248 45.3623 12.0625
internal_count=1745 653 366 287 236 51
is_linear=0
shrinkage=0.05


Tree=394
num_leaves=7
num_cat=0
split_feature=1 6 7 9 7 7
split_gain=0.924649 1.48366 1.35069 1.58449 1.3875 1.43785
threshold=0.78380978922095312 309.85000000000008 0.49306250000000001 13.500000000000002 0.48649999999999999 0.47909374999999993
decision_type=2 2 2 2 2 2
left_child=2 -2 4 -4 5 -1
right_child=1 -3 3 -5 -6 -7
leaf_value=0.00034326761945199726 0.041732415462553678 -0.0064652770473448548 0.0039713317033241349 -0.043597416009305591 0.025864801482339529 -0.022343282630881246
leaf_weight=323.9654425974004 3.3815291784703723 3.0250752419233322 3.2249732296913853 3.8291778396815062 5.2077350262552491 7.1380792455747715
leaf_count=1585 26 16 20 25 32 41
internal_value=0.000153936 0.0189744 -0.000197222 -0.0218502 0.000256952 -0.000145819
internal_weight=349.772 6.4066 343.365 7.05415 336.311 331.104
internal_count=1745 42 1703 45 1658 1626
is_linear=0
shrinkage=0.05


Tree=395
num_leaves=7
num_cat=0
split_feature=3 3 7 1 3 4
split_gain=2.15874 1.84913 8.70667 2.50325 3.65135 2.56675
threshold=0.75583704152711351 0.7141769498883892 0.26571875000000006 0.69323885159961052 0.39503056859112923 -0.045826852130369446
decision_type=2 2 2 2 2 2
left_child=1 3 -3 4 -1 -5
right_child=-2 2 -4 5 -6 -7
leaf_value=0.00087864199561345886 -0.038289844363592562 0.14138120944746613 -0.038909557712592691 0.079410429328984386 -0.022341106750358899 0.012048427099830047
leaf_weight=153.47187289735302 3.7065737787634125 1.2055085028987371 1.506475558504462 1.7767938319593666 19.030254983343184 6.9285264136269671
leaf_count=598 420 16 74 15 528 94
internal_value=-0.000510806 0.000250564 0.0412318 -0.000362768 -0.00168294 0.0257973
internal_weight=187.626 183.919 2.71198 181.207 172.502 8.70532
internal_count=1745 1325 90 1235 1126 109
is_linear=0
shrinkage=0.05


Tree=396
num_leaves=7
num_cat=0
split_feature=6 4 8 2 4 2
split_gain=1.04535 2.86202 5.37322 4.37558 4.74277 2.69774
threshold=100.95000000000002 0.060141516335116156 -0.78062686577298679 -0.077577931149879195 0.024182231783791901 0.80729899985576858
decision_type=2 2 2 2 2 2
left_child=1 3 -3 -1 -5 -2
right_child=5 2 -4 4 -6 -7
leaf_value=-0.010468989164636421 -0.00011867235516282941 0.023701695458373293 -0.028707042935335311 0.0043680434433967606 0.048750786759272018 0.019480565244070106
leaf_weight=53.112261661328375 95.859741501510143 6.2780230119824436 22.130862835794687 66.193321164697409 6.6213798411190501 21.494356356561184
leaf_count=508 461 41 102 415 53 165
internal_value=-8.56286e-05 -0.00279009 -0.0171253 0.000443917 0.00840397 0.00347109
internal_weight=271.69 154.336 28.4089 125.927 72.8147 117.354
internal_count=1745 1119 143 976 468 626
is_linear=0
shrinkage=0.05


Tree=397
num_leaves=7
num_cat=0
split_feature=4 9 3 3 4 2
split_gain=1.07361 4.24964 2.16936 3.28189 1.98065 3.20175
threshold=-0.092614178517174142 16.500000000000004 0.27079238915171738 0.44912252086208243 -0.03764482894159344 -0.020789583717645398
decision_type=2 2 2 2 2 2
left_child=1 -1 -3 -4 5 -2
right_child=4 2 3 -5 -6 -7
leaf_value=-0.049253941040238343 0.018583188567749539 0.025431784961671033 -0.043204661960544274 0.01477691373207418 -0.00098933906217982758 -0.0040838617521792063
leaf_weight=5.353424288332465 36.159449502825737 6.1751049142330876 4.594466418027876 5.2057699114084244 271.6059008622542 27.371731357648969
leaf_count=33 125 21 20 24 1360 162
internal_value=0.00017745 -0.0106997 0.0022201 -0.0124055 0.000869689 0.00881733
internal_weight=356.466 21.3288 15.9753 9.80024 335.137 63.5312
internal_count=1745 98 65 44 1647 287
is_linear=0
shrinkage=0.05


Tree=398
num_leaves=7
num_cat=0
split_feature=3 3 1 1 3 1
split_gain=0.909863 6.87362 2.79843 3.56475 2.14517 2.65322
threshold=0.12122415882635021 0.095229855970648661 0.53560153603877525 0.23941272914504183 0.14810060025766161 0.42804646507307825
decision_type=2 2 2 2 2 2
left_child=1 2 3 -1 -2 -6
right_child=4 -3 -4 -5 5 -7
leaf_value=0.013157380787601425 -0.025660506090912041 0.045301233875397494 0.019684348113105578 -0.016247365049828093 0.0052005179833693321 -0.0047413972763600898
leaf_weight=15.325593896210192 8.6304547041654569 9.2888117805123311 12.899491801857947 31.475661300122738 120.41135369427502 151.59494680119678
leaf_count=42 30 30 41 114 509 979
internal_value=0.000145666 0.00529009 -0.000935228 -0.00661845 -0.001119 -0.000340325
internal_weight=349.626 68.9896 59.7007 46.8013 280.637 272.006
internal_count=1745 227 197 156 1518 1488
is_linear=0
shrinkage=0.05


Tree=399
num_leaves=7
num_cat=0
split_feature=3 8 4 7 6 8
split_gain=2.07595 1.76546 6.2845 5.72274 5.23244 3.75737
threshold=0.75583704152711351 -0.64233836724504523 0.10976871506616696 0.27321875000000007 139.95000000000005 -0.75786489541321511
decision_type=2 2 2 2 2 2
left_child=1 5 3 -3 -4 -1
right_child=-2 2 4 -5 -6 -7
leaf_value=0.0002073409402530801 -0.038260037841400259 0.0023987855242591262 0.065231072464361481 -0.025253753596264014 -0.0099038458570938469 0.025546104984092811
leaf_weight=80.45385621720925 3.5678337938152245 42.379124774131924 5.4619136517867428 33.499900819151662 4.024599788011983 17.882083656266332
leaf_count=359 420 273 26 528 73 66
internal_value=-0.000485498 0.000248156 -0.00501271 -0.00980956 0.0333555 0.00481512
internal_weight=187.269 183.701 85.3655 75.879 9.48651 98.3359
internal_count=1745 1325 900 801 99 425
is_linear=0
shrinkage=0.05


end of trees

feature_importances:
ndvi_anomaly_z=347
NDVI_mean=329
rain_30d_mm=290
soil_moisture_anomaly_z=284
ndvi_delta=269
vci=258
rain_anomaly_pct=216
soil_moisture_0_7cm=206
doy_bin=145
stress_class_now_id=52

parameters:
[boosting: gbdt]
[objective: multiclass]
[metric: multi_logloss]
[tree_learner: serial]
[device_type: cpu]
[data_sample_strategy: bagging]
[data: ]
[valid: ]
[num_iterations: 100]
[learning_rate: 0.05]
[num_leaves: 7]
[num_threads: 8]
[seed: 42]
[deterministic: 0]
[force_col_wise: 0]
[force_row_wise: 0]
[histogram_pool_size: -1]
[max_depth: 4]
[min_data_in_leaf: 20]
[min_sum_hessian_in_leaf: 0.001]
[bagging_fraction: 0.8]
[pos_bagging_fraction: 1]
[neg_bagging_fraction: 1]
[bagging_freq: 0]
[bagging_seed: 400]
[bagging_by_query: 0]
[feature_fraction: 0.8]
[feature_fraction_bynode: 1]
[feature_fraction_seed: 30056]
[extra_trees: 0]
[extra_seed: 12879]
[early_stopping_round: 0]
[early_stopping_min_delta: 0]
[first_metric_only: 0]
[max_delta_step: 0]
[lambda_l1: 0]
[lambda_l2: 0]
[linear_lambda: 0]
[min_gain_to_split: 0]
[drop_rate: 0.1]
[max_drop: 50]
[skip_drop: 0.5]
[xgboost_dart_mode: 0]
[uniform_drop: 0]
[drop_seed: 17869]
[top_rate: 0.2]
[other_rate: 0.1]
[min_data_per_group: 100]
[max_cat_threshold: 32]
[cat_l2: 10]
[cat_smooth: 10]
[max_cat_to_onehot: 4]
[top_k: 20]
[monotone_constraints: ]
[monotone_constraints_method: basic]
[monotone_penalty: 0]
[feature_contri: ]
[forcedsplits_filename: ]
[refit_decay_rate: 0.9]
[cegb_tradeoff: 1]
[cegb_penalty_split: 0]
[cegb_penalty_feature_lazy: ]
[cegb_penalty_feature_coupled: ]
[path_smooth: 0]
[interaction_constraints: ]
[verbosity: -1]
[saved_feature_importance_type: 0]
[use_quantized_grad: 0]
[num_grad_quant_bins: 4]
[quant_train_renew_leaf: 0]
[stochastic_rounding: 1]
[linear_tree: 0]
[max_bin: 255]
[max_bin_by_feature: ]
[min_data_in_bin: 3]
[bin_construct_sample_cnt: 200000]
[data_random_seed: 175]
[is_enable_sparse: 1]
[enable_bundle: 1]
[use_missing: 1]
[zero_as_missing: 0]
[feature_pre_filter: 1]
[pre_partition: 0]
[two_round: 0]
[header: 0]
[label_column: ]
[weight_column: ]
[group_column: ]
[ignore_column: ]
[categorical_feature: ]
[forcedbins_filename: ]
[precise_float_parser: 0]
[parser_config_file: ]
[objective_seed: 16083]
[num_class: 4]
[is_unbalance: 0]
[scale_pos_weight: 1]
[sigmoid: 1]
[boost_from_average: 1]
[reg_sqrt: 0]
[alpha: 0.9]
[fair_c: 1]
[poisson_max_delta_step: 0.7]
[tweedie_variance_power: 1.5]
[lambdarank_truncation_level: 30]
[lambdarank_norm: 1]
[label_gain: ]
[lambdarank_position_bias_regularization: 0]
[eval_at: ]
[multi_error_top_k: 1]
[auc_mu_weights: ]
[num_machines: 1]
[local_listen_port: 12400]
[time_out: 120]
[machine_list_filename: ]
[machines: ]
[gpu_platform_id: -1]
[gpu_device_id: -1]
[gpu_device_id_list: ]
[gpu_use_dp: 0]
[num_gpu: 1]

end of parameters

pandas_categorical:[]
