tree
version=v4
num_class=4
num_tree_per_iteration=4
label_index=0
max_feature_idx=9
objective=multiclass num_class:4
feature_names=stress_class_now_id NDVI_mean ndvi_anomaly_z vci ndvi_delta rain_anomaly_pct rain_30d_mm soil_moisture_0_7cm soil_moisture_anomaly_z doy_bin
feature_infos=[0:3] [0.1322238589861445:0.83693071483080539] [-9.2361760305723255:5.9956345136208968] [0:1] [-0.49463753476859351:0.51167366463078157] [-100:1735.7142857142858] [0:741.10000000000002] [0.054624999999999903:0.50487499999999996] [-7.8929975114644426:25.386344469210439] [1:22]
tree_sizes=857 856 853 849 881 871 879 880 879 879 880 881 882 881 885 877 885 878 884 884 883 880 885 882 878 876 882 881 883 882 886 878 880 880 885 880 881 884 888 880 884 882 884 884 887 880 886 882 881 884 882 877 883 880 890 878 884 880 886 881 885 877 883 879 883 887 884 881 885 885 881 880 885 883 890 877 881 880 881 883 883 879 888 881 876 887 888 875 884 886 888 884 886 882 886 876 882 887 884 882 882 892 890 883 889 881 894 883 887 891 883 882 887 893 890 875 883 889 890 883 891 882 887 880 888 889 891 878 885 882 893 880 885 890 887 885 887 880 891 880 888 894 885 885 889 884 888 877 877 883 879 880 887 881 886 878 884 891 887 879 889 890 877 883 889 882 885 878 877 887 892 878 884 888 888 877 888 881 889 880 890 884 883 884 887 886 883 883 883 884 888 882 888 893 883 878 891 890 886 880 885 885 882 876 886 886 887 881 890 888 887 888 887 882 884 881 887 890 885 878 888 891 886 889 892 887 892 887 891 874 889 881 884 787 884 883 893 886 892 888 897 886 886 882 891 890 883 876 884 885 884 880 883 891 884 882 888 784 879 887 885 885 889 883 893 881 885 884 890 680 884 886 885 884 886 888 888 889 879 886 883 889 891 888 887 890 883 887 890 881 886 889 886 885 880 894 883 785 888 888 884 886 886 885 892 888 888 879 893 883 881 889 892 881 880 889 884 888 880 895 889 885 883 892 894 888 883 882 886 883 890 894 891 882 882 893 892 877 892 886 884 881 889 882 890 889 890 890 879 882 887 883 889 894 884 890 882 885 892 890 878 895 886 872 896 783 885 882 889 889 889 886 888 881 885 893 886 880 887 882 884 884 884 885 879 886 886 885 895 887 882 895 888 883 892 879 888 876 886 891

Tree=0
num_leaves=7
num_cat=0
split_feature=0 2 5 5 8 1
split_gain=391.989 70.7211 21.5525 12.1673 11.0868 9.16418
threshold=1.0000000180025095e-35 0.75884235994458737 -22.822519700800957 58.098802007510834 1.4797008518928998 0.35169019240882221
decision_type=2 2 2 2 2 2
left_child=1 4 -2 5 -1 -3
right_child=2 3 -4 -5 -6 -7
leaf_value=-1.3549282285227942 -1.4273146788980935 -1.3447320386806132 -1.4000802679726412 -1.2489782495644832 -1.2782605653921351 -1.2880416595917423
leaf_weight=95.72923855483532 218.21807986497879 8.5604053437709791 108.89539278298616 17.260760128498077 4.9597653746604911 42.626356974244118
leaf_count=480 577 45 423 135 35 290
internal_value=-1.38629 -1.32449 -1.41825 -1.28528 -1.35115 -1.29752
internal_weight=496.25 169.137 327.113 68.4475 100.689 51.1868
internal_count=1985 985 1000 470 515 335
is_linear=0
shrinkage=1


Tree=1
num_leaves=7
num_cat=0
split_feature=0 3 3 6 3 8
split_gain=89.8814 39.5152 34.1135 19.4144 14.5427 4.85651
threshold=2.5000000000000004 0.73693494242176072 0.32776708842389196 42.850000000000023 0.49653825988015249 -0.48817656872410964
decision_type=2 2 2 2 2 2
left_child=1 2 3 -1 -4 -3
right_child=-2 5 4 -5 -6 -7
leaf_value=-1.4073792447755329 -1.4258222694676805 -1.3814119954228778 -1.341430626774436 -1.3649428554782395 -1.3684640873533993 -1.4135002647482764
leaf_weight=63.09673909842968 111.50101784616709 14.626876547932623 102.31589406728745 47.048566311597824 96.830159865319729 60.830745287239552
leaf_count=183 249 82 385 172 497 417
internal_value=-1.38629 -1.37484 -1.36692 -1.38925 -1.35458 -1.40728
internal_weight=496.25 384.749 309.291 110.145 199.146 75.4576
internal_count=1985 1736 1237 355 882 499
is_linear=0
shrinkage=1


Tree=2
num_leaves=7
num_cat=0
split_feature=3 0 3 7 1 6
split_gain=43.1114 47.3601 39.5042 18.7661 12.6756 12.3402
threshold=0.54341812327455008 2.5000000000000004 0.19067654365605211 0.079781250000000012 0.24848113208610392 23.000000000000018
decision_type=2 2 2 2 2 2
left_child=1 2 -1 -4 5 -3
right_child=-2 4 3 -5 -6 -7
leaf_value=-1.3186739843084061 -1.4086235983852895 -1.3952513495717198 -1.3205106091558718 -1.3777384197345253 -1.4153417425148398 -1.3267293257678712
leaf_weight=40.181740157306194 150.57457341998816 28.788049586117268 15.575718708336352 178.41694889217615 74.199294649064541 8.5136736109852773
leaf_count=137 905 64 48 646 162 23
internal_value=-1.38629 -1.37657 -1.3638 -1.37314 -1.40339 -1.37961
internal_weight=496.25 345.675 234.174 193.993 111.501 37.3017
internal_count=1985 1080 831 694 249 87
is_linear=0
shrinkage=1


Tree=3
num_leaves=7
num_cat=0
split_feature=0 3 5 2 2 6
split_gain=619.407 49.0667 60.2134 30.5862 23.9281 15.3675
threshold=2.5000000000000004 0.39401234014669356 -31.376084059372385 -1.089306735587682 -1.2278800243546779 37.850000000000023
decision_type=2 2 2 2 2 2
left_child=1 2 3 -1 -2 -6
right_child=4 -3 -4 -5 5 -7
leaf_value=-1.2849027691587633 -1.2662062014460012 -1.4308020444663825 -1.4207487501845071 -1.3737381828869279 -1.299168801580219 -1.3793850167965425
leaf_weight=11.958084464073179 74.505330353975296 232.66789507865906 89.05305877327919 51.069935411214828 29.510707467794418 7.4849799275398246
leaf_count=26 157 1234 325 151 70 22
internal_value=-1.38629 -1.41637 -1.39428 -1.35688 -1.28253 -1.3154
internal_weight=496.25 384.749 152.081 63.028 111.501 36.9957
internal_count=1985 1736 502 177 249 92
is_linear=0
shrinkage=1


Tree=4
num_leaves=7
num_cat=0
split_feature=3 2 5 2 1 8
split_gain=363.445 46.3193 28.0341 14.4347 10.4902 11.159
threshold=0.54341812327455008 0.75884235994458737 -22.822519700800957 -0.23726058778727271 0.75890547429804489 -0.63980163097640463
decision_type=2 2 2 2 2 2
left_child=2 4 -1 -4 5 -2
right_child=1 -3 3 -5 -6 -7
leaf_value=-0.039563948952739514 0.010437318565203503 0.092755002765524217 -0.020751721710333126 0.017716034485311664 -0.015270098146828873 0.054628151519270321
leaf_weight=222.28326952457428 18.867271140217781 71.02484305202961 81.859621278941631 34.734466962516308 8.2907349914312345 58.829578340053558
leaf_count=612 84 463 309 159 32 326
internal_value=-1.1678e-05 0.0628739 -0.0291485 -0.00929182 0.0381924 0.0438972
internal_weight=495.89 157.012 338.877 116.594 85.9876 77.6968
internal_count=1985 905 1080 468 442 410
is_linear=0
shrinkage=0.05


Tree=5
num_leaves=7
num_cat=0
split_feature=0 3 3 6 4 4
split_gain=82.38 35.2793 29.8694 17.8011 16.5271 7.16608
threshold=2.5000000000000004 0.73693494242176072 0.32776708842389196 42.850000000000023 0.12949215294504582 -0.20692615216410695
decision_type=2 2 2 2 2 2
left_child=1 2 3 -1 -4 -2
right_child=5 -3 4 -5 -6 -7
leaf_value=-0.020434939630699266 0.051232994148709611 -0.020174895066284664 0.033865976596258 0.020164120380599868 -0.017023659489560309 -0.04037099442330383
leaf_weight=62.333022236824036 2.1788078546524039 74.316839054226875 185.86713268607855 47.630409888923168 17.452406153082848 106.1252212151885
leaf_count=183 6 499 799 172 83 243
internal_value=2.4266e-05 0.0107967 0.0181437 -0.00284955 0.0294977 -0.0385281
internal_weight=495.904 387.6 313.283 109.963 203.32 108.304
internal_count=1985 1736 1237 355 882 249
is_linear=0
shrinkage=0.05


Tree=6
num_leaves=7
num_cat=0
split_feature=2 0 0 7 1 6
split_gain=39.9573 29.1044 35.2312 16.1356 11.9244 11.0832
threshold=0.73690228838135063 2.5000000000000004 1.5000000000000002 0.14712500000000003 0.24848113208610392 22.050000000000008
decision_type=2 2 2 2 2 2
left_child=1 2 -1 -4 5 -3
right_child=-2 4 3 -5 -6 -7
leaf_value=-0.00039410580565670808 -0.034678293838707158 -0.0093735956895446854 0.072385066670346207 0.025559057801870164 -0.028105827784884841 0.052969608125277581
leaf_weight=185.5630374699831 71.039076499640942 27.699908949434757 22.212026126682758 107.1174587905407 72.670365996658802 9.5995924621820432
leaf_count=836 488 62 63 349 162 25
internal_value=3.10001e-05 0.00583456 0.0135681 0.0336013 -0.0163101 0.00667137
internal_weight=495.901 424.862 314.893 129.329 109.97 37.2995
internal_count=1985 1497 1248 412 249 87
is_linear=0
shrinkage=0.05


Tree=7
num_leaves=7
num_cat=0
split_feature=3 5 3 5 2 8
split_gain=378.935 227.623 34.6075 23.0466 20.0536 18.9299
threshold=0.23565595066942549 -30.150721943966555 0.39401234014669356 -26.499793125860322 -1.564610599356886 -0.26110751315346076
decision_type=2 2 2 2 2 2
left_child=1 4 3 -2 -1 -6
right_child=2 -3 -4 -5 5 -7
leaf_value=0.11379429204123136 0.012883830435671829 -0.034258543910596656 -0.043631922667693418 -0.039830467307204777 0.08460030796049002 0.011349984992500811
leaf_weight=57.778363555669785 55.613719440996647 49.232733748853207 225.81513833254576 33.060011357069016 64.15035492181778 10.225975170731543
leaf_count=110 164 172 1234 137 140 28
internal_value=-4.35915e-05 0.057509 -0.0332381 -0.00676951 0.091696 0.0745291
internal_weight=495.876 181.387 314.489 88.6737 132.155 74.3763
internal_count=1985 450 1535 301 278 168
is_linear=0
shrinkage=0.05


Tree=8
num_leaves=7
num_cat=0
split_feature=0 2 8 2 8 5
split_gain=310.225 46.2071 20.4916 9.09402 8.98101 8.88491
threshold=1.0000000180025095e-35 0.75884235994458737 0.16721635979913149 -0.96618538381500418 1.4797008518928998 58.098802007510834
decision_type=2 2 2 2 2 2
left_child=1 4 -2 -4 -1 -3
right_child=2 5 3 -5 -6 -7
leaf_value=0.027045440866533751 -0.037066773314480654 0.071516147024022689 -0.035455426362042422 0.0046594974263674564 0.093382704239956538 0.11053025174376337
leaf_weight=99.664576724171638 242.68351107090712 56.903526470065117 19.540670782327652 51.005797900259495 5.3773964047431937 19.626486286520958
leaf_count=480 715 335 64 221 35 135
internal_value=-2.8671e-05 0.051971 -0.0301716 -0.00645194 0.0304414 0.0815215
internal_weight=494.802 181.572 313.23 70.5465 105.042 76.53
internal_count=1985 985 1000 285 515 470
is_linear=0
shrinkage=0.05


Tree=9
num_leaves=7
num_cat=0
split_feature=0 3 3 6 4 4
split_gain=75.4393 31.6467 26.2983 16.348 14.8418 5.26262
threshold=2.5000000000000004 0.73693494242176072 0.32776708842389196 29.650000000000023 0.12949215294504582 -0.18594345402089382
decision_type=2 2 2 2 2 2
left_child=1 2 3 -1 -4 -2
right_child=5 -3 4 -5 -6 -7
leaf_value=-0.02235666073632905 0.031137265446918479 -0.019429464138025928 0.031569658942661401 0.016239753110414527 -0.016725402777772898 -0.039370578325360457
leaf_weight=54.014379560947418 2.716713458299636 73.270972780883312 189.71934056282043 55.754443466663361 17.364224128425121 102.35695780068636
leaf_count=158 7 499 799 197 83 242
internal_value=5.64041e-05 0.0101845 0.0170326 -0.00275254 0.0275201 -0.0375476
internal_weight=495.197 390.123 316.852 109.769 207.084 105.074
internal_count=1985 1736 1237 355 882 249
is_linear=0
shrinkage=0.05


Tree=10
num_leaves=7
num_cat=0
split_feature=3 0 3 7 6 9
split_gain=36.2762 37.2177 31.5154 15.3174 12.0536 12.0362
threshold=0.54341812327455008 2.5000000000000004 0.19067654365605211 0.079781250000000012 453.30000000000001 13.500000000000002
decision_type=2 2 2 2 2 2
left_child=1 2 -1 -4 5 -2
right_child=4 -3 3 -5 -6 -7
leaf_value=0.058704468830719385 -0.039389199934703967 -0.015499230167888602 0.057465019015593866 0.0071776344707690579 0.068364113928488693 -0.010149734840459506
leaf_weight=42.779235124588013 63.336748853325844 108.35690132528543 16.522454172372818 181.34999853372574 3.6920672953128806 79.21503696590662
leaf_count=137 418 249 48 646 18 469
internal_value=7.39427e-05 0.00883362 0.0197898 0.0113767 -0.0208309 -0.023141
internal_weight=495.252 349.009 240.652 197.872 146.244 142.552
internal_count=1985 1080 831 694 905 887
is_linear=0
shrinkage=0.05


Tree=11
num_leaves=7
num_cat=0
split_feature=0 3 5 3 6 3
split_gain=464.121 45.0947 51.3318 20.3461 15.8781 17.2877
threshold=2.5000000000000004 0.39401234014669356 -31.376084059372385 0.24853224454325337 20.849999999999994 0.095876947813607213
decision_type=2 2 2 2 2 2
left_child=1 2 3 -1 -2 -6
right_child=4 -3 -4 -5 5 -7
leaf_value=0.075418360606253079 0.093126518733253338 -0.042797922617816397 -0.032737115525685132 0.010332095782615951 0.078711450236460923 -0.00074335767129872618
leaf_weight=15.904545836150644 94.840246573090553 218.99529091268778 85.214521944522858 49.000549666583538 20.094411119818691 10.383583649992941
leaf_count=35 179 1234 325 142 41 29
internal_value=-0.000101863 -0.0283284 -0.00722027 0.026281 0.0830373 0.0516419
internal_weight=494.433 369.115 150.12 64.9051 125.318 30.478
internal_count=1985 1736 502 177 249 70
is_linear=0
shrinkage=0.05


Tree=12
num_leaves=7
num_cat=0
split_feature=3 2 5 2 1 4
split_gain=288.903 30.7333 25.9451 12.8591 9.24743 11.5042
threshold=0.54341812327455008 0.75884235994458737 -22.822519700800957 -0.20720536098334505 0.75890547429804489 0.088029870240352873
decision_type=2 2 2 2 2 2
left_child=2 4 -1 -4 5 -2
right_child=1 -3 3 -5 -6 -7
leaf_value=-0.037923435383444358 0.04883181797941747 0.076279116272501515 -0.018792501912879567 0.018501649166148184 -0.016455413120659686 0.004150584949563752
leaf_weight=210.67073265463114 62.432860553264618 77.903841286897659 82.841329254209995 32.058481968939304 8.4447031021118146 18.727437734603882
leaf_count=612 333 463 321 147 32 77
internal_value=-4.68565e-05 0.0533101 -0.0274995 -0.00838697 0.0333405 0.0385218
internal_weight=493.079 167.509 325.571 114.9 89.605 81.1603
internal_count=1985 905 1080 468 442 410
is_linear=0
shrinkage=0.05


Tree=13
num_leaves=7
num_cat=0
split_feature=0 3 3 6 4 4
split_gain=69.1235 28.2574 23.2034 15.0581 13.4053 5.04043
threshold=2.5000000000000004 0.73693494242176072 0.32776708842389196 29.650000000000023 0.12949215294504582 -0.18594345402089382
decision_type=2 2 2 2 2 2
left_child=1 2 3 -1 -4 -2
right_child=5 -3 4 -5 -6 -7
leaf_value=-0.021707958419476803 0.03032211055013298 -0.018639419879544438 0.029480763751477169 0.015377066521309419 -0.016473111180138195 -0.038447397158375612
leaf_weight=53.302700184285641 2.7380895912647238 72.159463196992874 193.2679436430335 56.266822330653667 17.289574362337589 99.141156509518623
leaf_count=158 7 499 799 197 83 242
internal_value=9.57049e-05 0.00962559 0.0159968 -0.00266383 0.0257073 -0.0365992
internal_weight=494.166 392.287 320.127 109.57 210.558 101.879
internal_count=1985 1736 1237 355 882 249
is_linear=0
shrinkage=0.05


Tree=14
num_leaves=7
num_cat=0
split_feature=2 0 3 7 5 1
split_gain=34.2922 22.9078 36.8826 13.563 12.1554 11.3855
threshold=0.73690228838135063 2.5000000000000004 0.21444742594196201 0.079781250000000012 -62.097721400046979 0.24848113208610392
decision_type=2 2 2 2 2 2
left_child=1 2 4 -4 -1 -3
right_child=-2 5 3 -5 -6 -7
leaf_value=-0.025555204319857541 -0.032927105627825692 0.007865692762710234 0.048970739678822775 0.0013963422081941584 0.056353076451804068 -0.026504555161956062
leaf_weight=4.9736197292804709 67.729207195341587 36.729678489267826 15.943683736026285 248.17698680609465 50.728133842349052 70.046069793403149
leaf_count=10 488 87 49 1033 156 162
internal_value=0.000123676 0.00537101 0.0120658 0.00426818 0.0490395 -0.0146816
internal_weight=494.327 426.598 319.822 264.121 55.7018 106.776
internal_count=1985 1497 1248 1082 166 249
is_linear=0
shrinkage=0.05


Tree=15
num_leaves=7
num_cat=0
split_feature=0 3 6 4 3 9
split_gain=407.537 43.1146 30.3877 18.31 12.4734 9.39563
threshold=2.5000000000000004 0.39401234014669356 42.850000000000023 0.010733441750048402 0.33262995950056556 13.500000000000002
decision_type=2 2 2 2 2 2
left_child=1 2 4 -2 -1 -5
right_child=3 -3 -4 5 -6 -7
leaf_value=0.022538145744006834 0.085128955353319352 -0.042004402143031611 -0.035685611143816028 0.01582398285297739 -0.017936204527280702 0.076230606696395156
leaf_weight=65.508954659104347 103.39730848371983 212.25209149718285 56.859419785439968 16.756019517779354 26.832581989467144 10.452909111976622
leaf_count=187 187 1234 228 42 87 20
internal_value=-0.000173406 -0.0275261 -0.0069295 0.0755254 0.0107771 0.0390305
internal_weight=492.059 361.453 149.201 130.606 92.3415 27.2089
internal_count=1985 1736 502 249 274 62
is_linear=0
shrinkage=0.05


Tree=16
num_leaves=7
num_cat=0
split_feature=3 2 5 3 8 9
split_gain=258.647 26.6842 24.4757 11.4663 11.6423 8.44662
threshold=0.53837441376451256 0.75884235994458737 -22.822519700800957 0.24853224454325337 -0.10644455901215648 3.5000000000000004
decision_type=2 2 2 2 2 2
left_child=2 5 -1 -4 -5 -2
right_child=1 -3 3 4 -6 -7
leaf_value=-0.037409481549387988 0.059689736906426288 0.069830670837508366 -0.028423703039839696 -0.021222994971353618 0.020910148654139905 0.022937485444177536
leaf_weight=203.62124670296907 19.786634221673012 80.634564071893692 43.494698539376259 26.98426615446806 41.783889137208462 74.481249541044235
leaf_count=606 110 463 161 101 198 346
internal_value=-6.5992e-05 0.0487142 -0.0270752 -0.00833098 0.00437732 0.0306517
internal_weight=490.787 174.902 315.884 112.263 68.7682 94.2679
internal_count=1985 919 1066 460 299 456
is_linear=0
shrinkage=0.05


Tree=17
num_leaves=7
num_cat=0
split_feature=0 3 3 6 4 4
split_gain=63.3861 25.2989 20.3694 13.9299 12.2647 4.89247
threshold=2.5000000000000004 0.73693494242176072 0.32776708842389196 76.899999999999991 0.12949215294504582 -0.18594345402089382
decision_type=2 2 2 2 2 2
left_child=1 2 3 -1 -4 -2
right_child=5 -3 4 -5 -6 -7
leaf_value=-0.01622769862881215 0.0301699207220959 -0.01788558257619256 0.027583178717591247 0.020726720986803671 -0.016376926374502592 -0.037564294443476816
leaf_weight=68.678701631724834 2.7420966625213614 71.105363078415394 196.51149121671915 40.56182225048542 17.260059304535389 96.003853529691696
leaf_count=212 7 499 799 143 83 242
internal_value=0.000139211 0.00911454 0.0150581 -0.00250625 0.0240338 -0.0356834
internal_weight=492.863 394.117 323.012 109.241 213.772 98.746
internal_count=1985 1736 1237 355 882 249
is_linear=0
shrinkage=0.05


Tree=18
num_leaves=7
num_cat=0
split_feature=2 5 2 1 8 5
split_gain=31.6042 23.0311 31.8784 22.0667 11.9756 11.4878
threshold=0.68129720146919071 -35.892331999856047 -0.46907949899062368 0.24291695070695582 -0.33465878070077087 -27.61184039613881
decision_type=2 2 2 2 2 2
left_child=1 3 5 4 -1 -3
right_child=-2 2 -4 -5 -6 -7
leaf_value=0.0081325416660372688 -0.029847248786912986 -0.0011112716179379038 -0.00070805770114788682 -0.016251387604297549 0.063157795875353931 0.046250884516911533
leaf_weight=47.723375827074051 74.387325808405876 15.247071690857409 111.9448449909687 151.51399491727352 12.472317561507223 79.872950702905655
leaf_count=116 536 43 509 482 35 264
internal_value=0.000185039 0.0055197 0.0173761 -0.00607661 0.0195336 0.0386591
internal_weight=493.162 418.775 207.065 211.71 60.1957 95.12
internal_count=1985 1449 816 633 151 307
is_linear=0
shrinkage=0.05


Tree=19
num_leaves=7
num_cat=0
split_feature=0 3 5 2 4 8
split_gain=359.783 41.2129 45.4713 21.5965 15.8933 15.0214
threshold=2.5000000000000004 0.39401234014669356 -31.376084059372385 -1.089306735587682 0.010733441750048402 -0.6650464293730749
decision_type=2 2 2 2 2 2
left_child=1 2 3 -1 -2 -6
right_child=4 -3 -4 -5 5 -7
leaf_value=0.080772315029823863 0.077926385299703152 -0.041243809563395635 -0.031474373699316473 0.0097724678938578835 0.066024935243901503 -0.0086813650488060095
leaf_weight=13.445441007614134 107.16813544929028 205.58449809998274 82.288042098283768 52.653774902224541 16.485765174031261 11.369184285402296
leaf_count=26 187 1234 325 151 32 30
internal_value=-0.000260696 -0.0267492 -0.00666761 0.0242148 0.0691807 0.0355331
internal_weight=488.995 353.972 148.387 66.0992 135.023 27.8549
internal_count=1985 1736 502 177 249 62
is_linear=0
shrinkage=0.05


Tree=20
num_leaves=7
num_cat=0
split_feature=3 5 2 3 8 8
split_gain=231.58 23.5208 22.6592 10.7776 12.5613 7.79308
threshold=0.53837441376451256 -22.822519700800957 0.75884235994458737 0.22101208012212278 -0.14224266286188772 1.2574400707005009
decision_type=2 2 2 2 2 2
left_child=1 -1 5 -3 -5 -2
right_child=2 3 -4 4 -6 -7
leaf_value=-0.036624700387451116 0.024694416267221037 -0.02981209636473351 0.064364659373573344 -0.023058260485019032 0.019314349525979532 0.079883156323600921
leaf_weight=197.84172563254833 88.952266320586205 37.328281007707119 82.871876537799835 28.295495919883251 45.803446441888809 6.8922078609466544
leaf_count=606 414 140 463 106 214 42
internal_value=-9.28177e-05 -0.0262765 0.0452181 -0.00790305 0.0031339 0.0286631
internal_weight=487.985 309.269 178.716 111.427 74.0989 95.8445
internal_count=1985 1066 919 460 320 456
is_linear=0
shrinkage=0.05


Tree=21
num_leaves=7
num_cat=0
split_feature=3 3 6 4 4 4
split_gain=52.6904 30.5013 28.5258 15.2714 10.2326 9.35149
threshold=0.25536160548447945 0.73693494242176072 84.200000000000003 -0.04175771842340089 0.12949215294504582 -0.18594345402089382
decision_type=2 2 2 2 2 2
left_child=2 4 5 -4 -2 -1
right_child=1 -3 3 -5 -6 -7
leaf_value=0.030675117233372712 0.023036107527160218 -0.01712728774075083 0.074333840025174416 -0.0014042074966533176 -0.015252891663261894 -0.036019851635414733
leaf_weight=5.4830609112977973 233.15557399392128 70.049658037722111 8.7028848826885206 28.293703876435757 18.86079166829586 126.7763193026185
leaf_count=15 911 499 27 93 90 350
internal_value=0.000188212 0.0120583 -0.0223985 0.016412 0.0201706 -0.0332549
internal_weight=491.322 322.066 169.256 36.9966 252.016 132.259
internal_count=1985 1500 485 120 1001 365
is_linear=0
shrinkage=0.05


Tree=22
num_leaves=7
num_cat=0
split_feature=2 1 6 2 8 4
split_gain=28.9761 16.2834 17.5346 15.003 8.08687 8.40457
threshold=0.73690228838135063 0.23372520263175486 9.0000000000000089 -0.22282592844839968 -0.62425594273746343 -0.0097149581498731496
decision_type=2 2 2 2 2 2
left_child=1 4 -3 -4 5 -1
right_child=-2 2 3 -5 -6 -7
leaf_value=-0.017179608793749291 -0.03107597524019505 -0.012382874070457959 0.02181208499511551 -0.005975385739439597 0.040271737157264079 0.033094531230638505
leaf_weight=16.991250649094582 64.194522753357887 152.03033561259508 115.82138948887587 83.665254466235638 42.861265249550343 16.276739396154881
leaf_count=38 488 512 385 399 120 43
internal_value=0.000247559 0.00494957 0.000409088 0.0101579 0.0259147 0.00741758
internal_weight=491.841 427.646 351.517 199.487 76.1293 33.268
internal_count=1985 1497 1296 784 201 81
is_linear=0
shrinkage=0.05


Tree=23
num_leaves=7
num_cat=0
split_feature=0 5 2 4 8 2
split_gain=320.412 35.3595 48.0315 14.0401 13.3375 10.7002
threshold=2.5000000000000004 -32.135471194372364 -0.56513437750547901 0.010733441750048402 -0.6650464293730749 -1.089306735587682
decision_type=2 2 2 2 2 2
left_child=1 2 5 -2 -5 -1
right_child=3 -3 -4 4 -6 -7
leaf_value=0.074049385095238271 0.07201581615553497 -0.038726125304749844 -0.026192235653010446 0.060705462141125356 -0.0091888237773409473 0.020529366994036569
leaf_weight=13.960741102695463 110.12339748442173 212.44156601279974 92.013670556247234 16.959895685315136 11.422266080975531 28.209926284849644
leaf_count=26 187 1166 468 32 30 76
internal_value=-0.000348233 -0.0260343 -0.00594054 0.0639341 0.0325768 0.0382473
internal_weight=485.131 346.626 134.184 138.506 28.3822 42.1707
internal_count=1985 1736 570 249 62 102
is_linear=0
shrinkage=0.05


Tree=24
num_leaves=7
num_cat=0
split_feature=0 6 8 9 7 0
split_gain=203.242 18.341 14.4508 7.93591 8.00986 7.76069
threshold=1.0000000180025095e-35 25.200000000000006 -0.63980163097640463 7.0000000000000009 0.27659375000000003 1.5000000000000002
decision_type=2 2 2 2 2 2
left_child=2 -2 -1 -4 -5 -3
right_child=1 5 3 4 -6 -7
leaf_value=0.01041169984817083 -0.03757346698432551 0.0059510931513760768 0.06215228771568259 0.013317829580776267 0.045227786205078266 -0.021069380665724252
leaf_weight=36.309228949248791 168.61702823638916 40.197496794164181 48.848077654838562 25.410377442836761 86.989895097911358 78.407842993736267
leaf_count=155 525 177 272 109 449 298
internal_value=-0.00012682 -0.0269767 0.0389093 0.0453263 0.0380139 -0.0119117
internal_weight=484.78 287.222 197.558 161.248 112.4 118.605
internal_count=1985 1000 985 830 558 475
is_linear=0
shrinkage=0.05


Tree=25
num_leaves=7
num_cat=0
split_feature=0 2 2 1 7 5
split_gain=52.9103 13.6499 8.59175 8.69012 6.25948 4.59986
threshold=2.5000000000000004 0.75884235994458737 -1.1539228092308977 0.19093133786191602 0.41318749999999999 -90.722036336125527
decision_type=2 2 2 2 2 2
left_child=1 2 4 -4 -1 -3
right_child=-2 5 3 -5 -6 -7
leaf_value=-0.021651574131808418 -0.033852015250009714 0.021897235202794883 -0.039100968720856957 0.016459006545398183 0.02514090645302372 -0.018194841793714875
leaf_weight=28.843907304108143 92.3957764133811 8.2111221104860288 7.214215636253356 287.9345046132803 9.5013024508953077 55.586847051978111
leaf_count=88 249 53 23 1123 30 419
internal_value=0.000228742 0.0081547 0.0122083 0.015101 -0.0100572 -0.0130348
internal_weight=489.688 397.292 333.494 295.149 38.3452 63.798
internal_count=1985 1736 1264 1146 118 472
is_linear=0
shrinkage=0.05


Tree=26
num_leaves=7
num_cat=0
split_feature=3 0 3 9 8 6
split_gain=25.3741 23.7644 19.8193 12.2044 11.7877 10.7125
threshold=0.56612806179456532 2.5000000000000004 0.21444742594196201 13.500000000000002 0.49857781308204102 0.10000000000000712
decision_type=2 2 2 2 2 2
left_child=1 2 5 -2 -4 -1
right_child=3 -3 4 -5 -6 -7
leaf_value=-0.050612889545739552 -0.036388753215863594 -0.01307484661540388 0.013999663376502606 -0.0054453591952792323 -0.016012512740772165 0.045699058470661781
leaf_weight=3.0441678166389456 55.404216378927231 103.50028478354216 156.16406959295273 75.002947881817818 41.388208039104939 55.977842807769775
leaf_count=6 401 249 524 462 183 160
internal_value=0.000305449 0.00714942 0.0153078 -0.0185918 0.00771196 0.0407316
internal_weight=490.482 360.075 256.574 130.407 197.552 59.022
internal_count=1985 1122 873 863 707 166
is_linear=0
shrinkage=0.05


Tree=27
num_leaves=7
num_cat=0
split_feature=0 5 2 1 2 2
split_gain=288.006 33.7159 43.6431 13.9864 12.4159 9.3323
threshold=2.5000000000000004 -32.135471194372364 -0.56513437750547901 0.16260886005509823 -1.6435202251082124 -1.1539228092308977
decision_type=2 2 2 2 2 2
left_child=1 2 5 -3 -2 -1
right_child=4 3 -4 -5 -6 -7
leaf_value=0.07254736900529199 0.075639841250332879 0.051137050869691981 -0.025482280597011343 -0.039922610198850079 0.045889955339496337 0.020978967935411385
leaf_weight=12.290837764739988 65.139944642782211 4.3067884221673003 90.375531181693077 202.04266426712275 75.975422814488411 30.654869474470615
leaf_count=22 103 13 468 1153 146 80
internal_value=-0.000416712 -0.02536 -0.00576202 -0.0380221 0.0596227 0.0357376
internal_weight=480.786 339.671 133.321 206.349 141.115 42.9457
internal_count=1985 1736 570 1166 249 102
is_linear=0
shrinkage=0.05


Tree=28
num_leaves=7
num_cat=0
split_feature=3 5 2 2 8 6
split_gain=188.324 21.6583 18.5709 9.74653 7.53954 6.84524
threshold=0.53837441376451256 -22.822519700800957 0.75884235994458737 -0.20720536098334505 0.78529998855865524 4.4000000000000155
decision_type=2 2 2 2 2 2
left_child=1 -1 5 4 -3 -2
right_child=2 3 -4 -5 -6 -7
leaf_value=-0.035170923444965772 0.043968458549851624 -0.02410563266213564 0.056520452220127873 0.016612917585699299 0.014845068028770598 0.015737978825037042
leaf_weight=186.9356587305665 31.507556542754173 63.687371097505093 85.752465918660164 30.882833458483219 15.434731610119341 67.422848522663116
leaf_count=606 161 246 463 139 75 295
internal_value=-0.000154756 -0.0248122 0.0394904 -0.00720914 -0.0165073 0.0247289
internal_weight=481.623 296.941 184.683 110.005 79.1221 98.9304
internal_count=1985 1066 919 460 321 456
is_linear=0
shrinkage=0.05


Tree=29
num_leaves=7
num_cat=0
split_feature=0 3 3 4 1 4
split_gain=48.5054 18.6417 15.8583 12.0963 10.1994 6.22681
threshold=2.5000000000000004 0.73693494242176072 0.32776708842389196 -0.04175771842340089 0.358507847195421 -0.20692615216410695
decision_type=2 2 2 2 2 2
left_child=1 2 3 -1 -4 -2
right_child=5 -3 4 -5 -6 -7
leaf_value=0.023139285422784796 0.050118708617132891 -0.015991137055199427 0.036507865963328993 -0.013491361464173672 0.013225956258751474 -0.035079281752450876
leaf_weight=31.732691317796707 2.1986466944217673 68.45152885466814 67.979789845645428 77.77498421818018 152.72487521916628 87.250039391219616
leaf_count=101 6 499 239 254 643 243
internal_value=0.000290133 0.00775614 0.0126788 -0.00287668 0.0203971 -0.0329851
internal_weight=488.113 398.664 330.212 109.508 220.705 89.4487
internal_count=1985 1736 1237 355 882 249
is_linear=0
shrinkage=0.05


Tree=30
num_leaves=7
num_cat=0
split_feature=1 5 0 8 7 1
split_gain=19.1633 14.5248 20.5525 12.15 9.36813 7.00147
threshold=0.23372520263175486 -35.892331999856047 1.0000000180025095e-35 0.82972399641656114 0.49640625000000005 0.21363296201896062
decision_type=2 2 2 2 2 2
left_child=5 -2 4 -4 -3 -1
right_child=1 2 3 -5 -6 -7
leaf_value=0.0088165959166909055 -0.014873805978905067 -0.014733582398843818 0.024594909056809278 -0.016882658551318326 0.064810707530691236 0.038759738998788984
leaf_weight=41.10189051181078 174.85606799274683 104.19106195867062 106.55511847883463 21.162488877773285 3.8378158733248702 37.183975011110306
leaf_count=104 642 672 356 86 21 104
internal_value=0.000367984 -0.00395447 0.00414453 0.0177222 -0.0119077 0.0230389
internal_weight=488.888 410.603 235.746 127.718 108.029 78.2859
internal_count=1985 1777 1135 442 693 208
is_linear=0
shrinkage=0.05


Tree=31
num_leaves=7
num_cat=0
split_feature=0 3 5 3 1 6
split_gain=257.424 37.4633 37.0596 11.9311 11.7254 9.70088
threshold=2.5000000000000004 0.39401234014669356 -23.185530834066057 0.33262995950056556 0.15327755887266964 20.849999999999994
decision_type=2 2 2 2 2 2
left_child=1 2 3 -1 -4 -2
right_child=5 -3 4 -5 -6 -7
leaf_value=0.029583668078995526 0.062768658012723591 -0.039352760231387098 0.066970119010596602 -0.013060341948881161 -0.038240199978025406 0.032286239938425047
leaf_weight=56.789461836218834 109.10032066702843 188.32187594473362 2.7671415284276 23.063726276159286 61.608264826238155 34.308564707636833
leaf_count=147 179 1234 8 73 274 70
internal_value=-0.000518923 -0.0246662 -0.00548973 0.0172669 -0.0337178 0.0554762
internal_weight=475.959 332.55 144.229 79.8532 64.3754 143.409
internal_count=1985 1736 502 220 282 249
is_linear=0
shrinkage=0.05


Tree=32
num_leaves=7
num_cat=0
split_feature=3 3 6 8 6 7
split_gain=169.788 21.717 15.2617 11.8401 8.98021 7.35385
threshold=0.54341812327455008 0.25536160548447945 61.149999999999999 -0.64934762626881448 9.0000000000000089 0.28887500000000005
decision_type=2 2 2 2 2 2
left_child=1 -1 -3 -2 -5 -6
right_child=3 2 -4 4 5 -7
leaf_value=-0.037112320538265284 0.010099461875343793 -0.021975343690014595 0.011953705437655438 0.060880577350016778 0.007567477180772453 0.041511631513762776
leaf_weight=149.37104804068804 32.41220411658287 93.418062679469585 51.368311807513237 49.454367220401764 19.806272625923157 82.080339387059212
leaf_count=485 137 359 236 273 81 414
internal_value=-0.000182105 -0.0237368 -0.00993776 0.0375249 0.0433986 0.034913
internal_weight=477.911 294.157 144.786 183.753 151.341 101.887
internal_count=1985 1080 595 905 768 495
is_linear=0
shrinkage=0.05


Tree=33
num_leaves=7
num_cat=0
split_feature=3 6 3 4 4 4
split_gain=40.0371 25.1266 22.1171 12.1627 8.99504 8.49371
threshold=0.25536160548447945 84.200000000000003 0.73693494242176072 -0.04175771842340089 0.12949215294504582 -0.18594345402089382
decision_type=2 2 2 2 2 2
left_child=1 5 4 -3 -2 -1
right_child=2 3 -4 -5 -6 -7
leaf_value=0.029294481755576824 0.019614967880228127 0.065756510865228573 -0.015174255296618156 -0.0005659743482340872 -0.016036874670431602 -0.033968715864989465
leaf_weight=5.557571940124034 240.19952059537172 9.1908264160156232 67.328844510018826 27.888827934861183 19.098818264901638 117.026252143085
leaf_count=15 911 27 499 93 90 350
internal_value=0.000328409 -0.0201915 0.0103591 0.0158732 0.016989 -0.0311006
internal_weight=486.291 159.663 326.627 37.0797 259.298 122.584
internal_count=1985 485 1500 120 1001 365
is_linear=0
shrinkage=0.05


Tree=34
num_leaves=7
num_cat=0
split_feature=2 5 2 1 1 2
split_gain=23.8751 14.0109 27.4106 16.1202 13.7873 11.117
threshold=0.73690228838135063 -43.091312058610022 -0.25031468895647896 0.23921212324321625 0.75890547429804489 -0.53036869251489283
decision_type=2 2 2 2 2 2
left_child=1 3 -3 5 -4 -1
right_child=-2 2 4 -5 -6 -7
leaf_value=0.00041672987090867652 -0.029018733218979895 0.02757624742912812 -0.012598742865370641 -0.014271498606751466 0.058067169196999793 0.047036690514291962
leaf_weight=34.467231810092926 60.255158074200153 134.22218202054501 90.497414126992226 140.15319664776325 7.4722989052534095 20.329850926995277
leaf_count=80 488 427 443 464 29 54
internal_value=0.000445168 0.00460152 0.0128992 -0.00528126 -0.00720895 0.0177128
internal_weight=487.397 427.142 232.192 194.95 97.9697 54.7971
internal_count=1985 1497 899 598 472 134
is_linear=0
shrinkage=0.05


Tree=35
num_leaves=7
num_cat=0
split_feature=0 3 6 4 8 3
split_gain=231.806 35.6808 23.5575 11.7394 11.5521 9.05136
threshold=2.5000000000000004 0.39401234014669356 42.850000000000023 0.010733441750048402 -0.6650464293730749 0.33262995950056556
decision_type=2 2 2 2 2 2
left_child=1 2 5 -2 -5 -1
right_child=3 -3 -4 4 -6 -7
leaf_value=0.019413880088232003 0.059196220989180127 -0.038705663403113579 -0.032579112570121714 0.049447247663942054 -0.014115280960915506 -0.01557415550194618
leaf_weight=66.703399121761322 115.26155637204647 182.29228988289833 51.176148302853107 17.836729139089588 11.928852468729017 25.571013309061527
leaf_count=187 187 1234 228 32 30 87
internal_value=-0.00061526 -0.024026 -0.00537153 0.0519671 0.0239739 0.00971802
internal_weight=470.77 325.743 143.451 145.027 29.7656 92.2744
internal_count=1985 1736 502 249 62 274
is_linear=0
shrinkage=0.05


Tree=36
num_leaves=7
num_cat=0
split_feature=3 8 2 4 3 8
split_gain=152.712 20.5262 15.7317 9.92083 9.56665 6.42509
threshold=0.53837441376451256 0.080311366919769561 0.75884235994458737 0.11038669760644897 0.27268191698993122 1.2574400707005009
decision_type=2 2 2 2 2 2
left_child=1 3 5 -1 -3 -2
right_child=2 4 -4 -5 -6 -7
leaf_value=-0.033619925011585478 0.017689280828998021 -0.023436470456344623 0.05012583818346561 0.025419972691307382 0.012713984806045514 0.06608834770554621
leaf_weight=200.45469228178263 94.233422413468361 29.903787039220333 87.579831451177597 7.3772245720028868 47.166352160274982 7.3953140228986731
leaf_count=698 414 118 463 36 214 42
internal_value=-0.000226175 -0.0233516 0.034595 -0.0315242 -0.00131266 0.0212112
internal_weight=474.111 284.902 189.209 207.832 77.0701 101.629
internal_count=1985 1066 919 734 332 456
is_linear=0
shrinkage=0.05


Tree=37
num_leaves=7
num_cat=0
split_feature=0 3 3 6 4 4
split_gain=40.6211 14.7914 12.8314 11.2508 8.98907 5.79135
threshold=2.5000000000000004 0.73693494242176072 0.32776708842389196 29.650000000000023 0.12611174129684269 -0.20692615216410695
decision_type=2 2 2 2 2 2
left_child=1 2 3 -1 -4 -2
right_child=5 -3 4 -5 -6 -7
leaf_value=-0.019869442037026303 0.048102006183813231 -0.014539369301531185 0.021109151276407931 0.012299805922761961 -0.015191603874770868 -0.033479529845218736
leaf_weight=51.170473992824554 2.2350778281688681 66.476886212825775 206.40428455919027 57.971459321677685 18.589850597083569 81.452871039509773
leaf_count=158 6 499 793 197 89 243
internal_value=0.000381776 0.00700024 0.0112856 -0.00278253 0.0181098 -0.0313007
internal_weight=484.301 400.613 334.136 109.142 224.994 83.6879
internal_count=1985 1736 1237 355 882 249
is_linear=0
shrinkage=0.05


Tree=38
num_leaves=7
num_cat=0
split_feature=2 0 3 2 7 4
split_gain=22.1596 12.8911 20.4618 9.66331 8.00196 7.61509
threshold=0.73690228838135063 2.5000000000000004 0.27268191698993122 -0.70944982195153738 0.079781250000000012 -0.14774060603882772
decision_type=2 2 2 2 2 2
left_child=1 2 5 -3 -4 -1
right_child=-2 3 4 -5 -6 -7
leaf_value=-0.017174268590897698 -0.028251224861169433 -0.016492777042560011 0.040333477936167483 0.03475735606178066 -0.00089251775072915701 0.033282187239368786
leaf_weight=8.1874754875898343 58.817617014050484 89.643543027341366 12.435888223350046 10.249218367040156 219.98086399585009 86.288852483034134
leaf_count=24 488 222 38 27 946 240
internal_value=0.000520195 0.00448534 0.00928901 -0.0112344 0.00131336 0.0289095
internal_weight=485.603 426.786 326.893 99.8928 232.417 94.4763
internal_count=1985 1497 1248 249 984 264
is_linear=0
shrinkage=0.05


Tree=39
num_leaves=7
num_cat=0
split_feature=0 5 2 1 2 2
split_gain=209.075 30.9343 36.0154 12.0292 11.0168 9.69381
threshold=2.5000000000000004 -32.135471194372364 -0.4143936111585616 0.16260886005509823 -1.6435202251082124 -1.089306735587682
decision_type=2 2 2 2 2 2
left_child=1 2 5 -3 -2 -1
right_child=4 3 -4 -5 -6 -7
leaf_value=0.060000809801225463 0.063716651577556183 0.043796245629964807 -0.02771252893738857 -0.038190130589523454 0.03616649687560055 0.013046928119955451
leaf_weight=14.981367051601408 67.158426493406296 4.5845337808132163 72.814669393002987 185.51203855127096 78.938242673873901 41.283818125724792
leaf_count=26 103 13 425 1153 146 119
internal_value=-0.000709844 -0.0233861 -0.00449611 -0.0362129 0.0488309 0.025549
internal_weight=465.273 319.176 129.08 190.097 146.097 56.2652
internal_count=1985 1736 570 1166 249 145
is_linear=0
shrinkage=0.05


Tree=40
num_leaves=7
num_cat=0
split_feature=3 8 2 4 3 8
split_gain=138.055 19.5746 13.799 11.6671 10.8491 8.22346
threshold=0.53837441376451256 -0.059547966504255097 1.0325281739976657 0.10214879912115067 0.22101208012212278 -0.64934762626881448
decision_type=2 2 2 2 2 2
left_child=1 3 5 -1 -3 -2
right_child=2 4 -4 -5 -6 -7
leaf_value=-0.034365462041758048 -0.001196944247381397 -0.028989282802789521 0.052346441058544614 0.026291278994202652 0.0085344444974929014 0.029808615193535927
leaf_weight=181.75888308882713 26.950752228498459 28.159012719988823 60.181224435567856 8.2892163172364217 60.972476050257683 103.55891142785549
leaf_count=643 106 111 325 40 272 488
internal_value=-0.000253847 -0.0226529 0.0325394 -0.0317198 -0.0033203 0.0234058
internal_weight=469.87 279.18 190.691 190.048 89.1315 130.51
internal_count=1985 1066 919 683 383 594
is_linear=0
shrinkage=0.05


Tree=41
num_leaves=7
num_cat=0
split_feature=3 6 3 7 5 5
split_gain=33.4199 22.3594 17.7318 8.91104 6.13646 5.91257
threshold=0.25536160548447945 84.200000000000003 0.71459493217349201 0.31028125000000006 11.222240821336905 -28.555442097752199
decision_type=2 2 2 2 2 2
left_child=1 5 3 4 -2 -1
right_child=2 -3 -4 -5 -6 -7
leaf_value=-0.035608658604240881 0.017552974258961396 0.014821788749995665 -0.011667635849489546 0.003524968636635168 0.040667843968835209 -0.0083214602558592653
leaf_weight=90.776987634599209 121.66496763378382 37.369083732366562 76.40097738057375 92.940499141812325 37.582094617187977 25.408172555267811
leaf_count=276 414 120 555 389 142 89
internal_value=0.000435877 -0.0188207 0.00943477 0.0158278 0.0230081 -0.0296413
internal_weight=482.143 153.554 328.589 252.188 159.247 116.185
internal_count=1985 485 1500 945 556 365
is_linear=0
shrinkage=0.05


Tree=42
num_leaves=7
num_cat=0
split_feature=2 5 2 1 1 2
split_gain=20.2782 13.1483 20.5777 14.0506 12.7297 8.3944
threshold=0.68129720146919071 -43.091312058610022 -0.22282592844839968 0.23921212324321625 0.75890547429804489 -0.53036869251489283
decision_type=2 2 2 2 2 2
left_child=1 3 -3 5 -4 -1
right_child=-2 2 4 -5 -6 -7
leaf_value=0.0010990963726094094 -0.025330328594701038 0.024673203188558215 -0.011192116285599015 -0.013720449196945825 0.064723621684496427 0.041562019245498377
leaf_weight=34.072579771280289 65.292874589562416 139.69190871715546 82.736695870757103 135.42375512421131 5.9169012457132331 20.547776609659195
leaf_count=80 536 438 406 450 22 53
internal_value=0.000585307 0.00462964 0.0127159 -0.00508629 -0.00612536 0.016321
internal_weight=483.682 418.39 228.346 190.044 88.6536 54.6204
internal_count=1985 1449 866 583 428 133
is_linear=0
shrinkage=0.05


Tree=43
num_leaves=7
num_cat=0
split_feature=0 3 5 2 2 4
split_gain=188.083 33.2781 31.868 11.3228 11.1559 10.7806
threshold=2.5000000000000004 0.39401234014669356 -23.185530834066057 -0.22282592844839968 -0.4143936111585616 0.010733441750048402
decision_type=2 2 2 2 2 2
left_child=1 2 4 -4 -1 -2
right_child=5 -3 3 -5 -6 -7
leaf_value=0.026443961910588506 0.052771081562696658 -0.037548241474417446 -0.040104395955246321 0.026402302991591527 -0.016959553212962195 0.019298624410367924
leaf_weight=60.836034893989563 116.52021485567093 171.42898461967707 53.359273917973042 7.2719523832201949 19.565873652696609 30.313248187303543
leaf_count=155 187 1234 245 37 65 62
internal_value=-0.000814253 -0.022748 -0.00475794 -0.0321278 0.0158817 0.0458608
internal_weight=459.296 312.462 141.033 60.6312 80.4019 146.833
internal_count=1985 1736 502 282 220 249
is_linear=0
shrinkage=0.05


Tree=44
num_leaves=7
num_cat=0
split_feature=3 5 8 3 8 6
split_gain=124.416 19.5553 9.3373 8.2801 9.49094 7.62272
threshold=0.53837441376451256 -22.822519700800957 -0.64934762626881448 0.22101208012212278 -0.14224266286188772 9.0000000000000089
decision_type=2 2 2 2 2 2
left_child=1 -1 -2 -3 -5 -4
right_child=2 3 5 4 -6 -7
leaf_value=-0.032586910480804733 0.0065881217218565786 -0.025770316171607344 0.051197117548475495 -0.019709439898002459 0.017919423297830556 0.027903389935835982
leaf_weight=167.53930751234293 33.545433416962624 33.343537762761116 52.537974506616592 26.233595333993435 46.390760280191898 105.94549123942852
leaf_count=606 139 140 280 106 214 500
internal_value=-0.000295537 -0.0219541 0.0305529 -0.00514332 0.00432701 0.0356254
internal_weight=465.536 273.507 192.029 105.968 72.6244 158.483
internal_count=1985 1066 919 460 320 780
is_linear=0
shrinkage=0.05


Tree=45
num_leaves=7
num_cat=0
split_feature=0 3 3 8 4 4
split_gain=33.8981 11.6923 10.6123 10.581 7.80428 5.70804
threshold=2.5000000000000004 0.73693494242176072 0.32776708842389196 0.47117481903730069 0.12611174129684269 -0.20692615216410695
decision_type=2 2 2 2 2 2
left_child=1 2 3 -1 -4 -2
right_child=5 -3 4 -5 -6 -7
leaf_value=-0.011696120921114887 0.049634051645071446 -0.013136375463443676 0.018949324249000612 0.024454447293562213 -0.014923074126204836 -0.031930101714175173
leaf_weight=81.946855939924717 2.2072996497154227 64.603799887001514 209.90851037204266 26.880921266973019 18.504251785576344 76.004151247441769
leaf_count=259 6 499 793 96 89 243
internal_value=0.0004884 0.00635003 0.010083 -0.00276678 0.0162052 -0.0296282
internal_weight=480.056 401.844 337.241 108.828 228.413 78.2115
internal_count=1985 1736 1237 355 882 249
is_linear=0
shrinkage=0.05


Tree=46
num_leaves=7
num_cat=0
split_feature=2 1 5 2 3 1
split_gain=18.6592 11.4882 13.5595 15.7119 9.86013 5.84414
threshold=0.73690228838135063 0.23231104268376782 -42.52892148130767 -0.22282592844839968 0.077611737107199666 0.21363296201896062
decision_type=2 2 2 2 2 2
left_child=1 5 4 -4 -3 -1
right_child=-2 2 3 -5 -6 -7
leaf_value=0.0089718656310640368 -0.026552459282879505 -0.03504425250960657 0.020683919438286087 -0.0073182402747151779 -0.0041409317426969253 0.03688498392523696
leaf_weight=40.416579529643059 55.716244168579578 33.50604035705328 117.16157335042953 87.509811393916607 112.3955153375864 34.982395939528942
leaf_count=100 488 84 373 442 405 93
internal_value=0.000657812 0.00421686 0.000408835 0.00871125 -0.0112378 0.0219225
internal_weight=481.688 425.972 350.573 204.671 145.902 75.399
internal_count=1985 1497 1304 815 489 193
is_linear=0
shrinkage=0.05


Tree=47
num_leaves=7
num_cat=0
split_feature=3 5 2 1 6 3
split_gain=149.875 82.08 17.6311 13.4517 12.3393 5.72155
threshold=0.33262995950056556 -26.499793125860322 -0.4143936111585616 0.17537103061476214 76.899999999999991 0.39401234014669356
decision_type=2 2 2 2 2 2
left_child=1 2 4 -3 -1 -2
right_child=5 3 -4 -5 -6 -7
leaf_value=0.046758241872214293 -0.014766656745344543 0.056124136813211323 -0.022361431973710391 -0.039077941772576466 0.0018119984723610838 -0.036969823837686676
leaf_weight=172.88306257128716 35.158399358391762 4.0260001495480529 10.986352920532225 47.338570840656757 16.749547585844994 166.05472504347563
leaf_count=304 140 11 34 220 42 1234
internal_value=-0.000912929 0.0247812 0.0392206 -0.0316159 0.0427883 -0.0330902
internal_weight=453.197 251.984 200.619 51.3646 189.633 201.213
internal_count=1985 611 380 231 346 1374
is_linear=0
shrinkage=0.05


Tree=48
num_leaves=7
num_cat=0
split_feature=3 3 6 6 7 5
split_gain=112.247 19.1528 12.6409 8.36224 11.7654 9.4008
threshold=0.54341812327455008 0.25536160548447945 61.149999999999999 9.4499999999999869 0.28887500000000005 54.328156845009111
decision_type=2 2 2 2 2 2
left_child=1 -1 -3 -2 -5 -6
right_child=3 2 -4 4 5 -7
leaf_value=-0.034584060428030958 0.043293990002097167 -0.019540868743695827 0.011695866916494506 -0.0089254797215023024 0.02196928840169244 0.062351122451672653
leaf_weight=132.30103854835033 67.442953318357468 87.735216528177261 51.341054901480675 25.400946542620659 79.387793600559235 17.609082639217377
leaf_count=485 347 359 236 94 363 101
internal_value=-0.000334447 -0.0209651 -0.00800959 0.0291571 0.0213674 0.0293003
internal_weight=461.218 271.377 139.076 189.841 122.398 96.9969
internal_count=1985 1080 595 905 558 464
is_linear=0
shrinkage=0.05


Tree=49
num_leaves=7
num_cat=0
split_feature=2 3 1 7 4 8
split_gain=28.6306 10.9772 12.9772 7.9029 5.90958 4.53217
threshold=-1.1539228092308977 0.73693494242176072 0.19093133786191602 0.41318749999999999 -0.030362097711991044 -0.48817656872410964
decision_type=2 2 2 2 2 2
left_child=3 2 -2 -1 -4 -3
right_child=1 5 4 -5 -6 -7
leaf_value=-0.031306849003759261 -0.036390955596367812 0.013685961724810443 0.021157019995807855 0.011034026071813668 0.0069163090465712675 -0.019330256078935848
leaf_weight=75.563928171992302 14.350752562284468 13.068125560879706 116.34350227564573 12.90238882601261 194.8754805251956 50.799511663615704
leaf_count=241 49 82 403 39 754 417
internal_value=0.000545387 0.00637829 0.0100963 -0.0251316 0.0122399 -0.0125747
internal_weight=477.904 389.437 325.57 88.4663 311.219 63.8676
internal_count=1985 1705 1206 280 1157 499
is_linear=0
shrinkage=0.05


Tree=50
num_leaves=7
num_cat=0
split_feature=3 0 9 1 1 1
split_gain=14.9183 11.9264 11.4141 11.3951 11.6635 11.4825
threshold=0.56612806179456532 2.5000000000000004 13.500000000000002 0.46410649726502295 0.74343569182705094 0.30799823006911303
decision_type=2 2 2 2 2 2
left_child=1 -1 -2 5 -5 -4
right_child=2 -3 3 4 -6 -7
leaf_value=0.011286303429740255 -0.033155249780393012 -0.0092840365264687183 -0.033578836448572638 -0.027677973645954271 0.022517174016950928 0.062439427981256707
leaf_weight=264.3368016704917 48.893124975264072 96.074555896222591 4.2972233667969695 38.135525643825531 16.615283742547035 11.304552339017389
leaf_count=873 401 249 21 282 101 58
internal_value=0.000730795 0.00580289 -0.0145992 -0.00170329 -0.0124452 0.035993
internal_weight=479.657 360.411 119.246 70.3526 54.7508 15.6018
internal_count=1985 1122 863 462 383 79
is_linear=0
shrinkage=0.05


Tree=51
num_leaves=7
num_cat=0
split_feature=0 3 5 2 2 2
split_gain=154.184 30.4063 27.5278 10.7295 10.1544 9.12988
threshold=2.5000000000000004 0.39401234014669356 -23.185530834066057 -0.22282592844839968 -1.6435202251082124 -0.4143936111585616
decision_type=2 2 2 2 2 2
left_child=1 2 5 -4 -2 -1
right_child=4 -3 3 -5 -6 -7
leaf_value=0.023631653551903622 0.055252770089897853 -0.03640111888752677 -0.039060351499143227 0.025766679808072391 0.02887708713458359 -0.015851691044012319
leaf_weight=62.002612702548504 67.060924530029297 160.8102699816227 50.430994354188442 7.307610295712947 80.050386533141136 19.167379610240459
leaf_count=155 103 1234 245 37 146 65
internal_value=-0.00102258 -0.0215997 -0.0044646 -0.0308556 0.0409005 0.0143081
internal_weight=446.83 299.719 138.909 57.7386 147.111 81.17
internal_count=1985 1736 502 282 249 220
is_linear=0
shrinkage=0.05


Tree=52
num_leaves=7
num_cat=0
split_feature=3 3 6 6 8 7
split_gain=102.326 15.2225 10.9654 10.5738 10.1283 7.69544
threshold=0.41566953573768289 0.6211162324607834 25.200000000000006 9.8000000000000167 0.016253182067930354 0.28809374999999998
decision_type=2 2 2 2 2 2
left_child=2 4 -1 -3 -2 -5
right_child=1 3 -4 5 -6 -7
leaf_value=-0.036570092693008309 -0.0085916071890561729 0.049324933510239831 -0.013120674149358406 -0.0059965500765997558 0.023477327678276014 0.028369062129219483
leaf_weight=118.17084680497646 55.231470063328743 51.294614225625992 86.235564023256302 20.377043142914772 44.424864232540131 81.222200959920883
leaf_count=435 227 276 372 77 207 391
internal_value=-0.000377341 0.0209089 -0.0266772 0.0308195 0.0057041 0.0214766
internal_weight=456.957 252.55 204.406 152.894 99.6563 101.599
internal_count=1985 1178 807 744 434 468
is_linear=0
shrinkage=0.05


Tree=53
num_leaves=7
num_cat=0
split_feature=2 5 1 3 5 1
split_gain=26.4467 10.4188 10.2719 11.771 8.40699 6.4236
threshold=-1.1539228092308977 -28.168194989676262 0.19093133786191602 0.73693494242176072 141.05941891620563 0.26831255668860582
decision_type=2 2 2 2 2 2
left_child=1 -1 -2 4 -4 -3
right_child=2 5 3 -5 -6 -7
leaf_value=-0.03658990308741944 -0.035868591306384576 -0.050268304625663299 0.0092522773860007398 -0.011974924004145402 0.039118569649439557 0.011524868686573342
leaf_weight=57.919096745550632 14.013922810554503 5.1322424337267902 286.96116845309734 63.068830519914627 25.670088805258274 23.295706741511822
leaf_count=187 49 17 1057 499 100 76
internal_value=0.000614531 -0.024422 0.00616174 0.00772951 0.0117046 0.000369032
internal_weight=476.061 86.347 389.714 375.7 312.631 28.4279
internal_count=1985 280 1705 1656 1157 93
is_linear=0
shrinkage=0.05


Tree=54
num_leaves=7
num_cat=0
split_feature=2 1 5 2 3 4
split_gain=16.4084 10.5237 11.4736 13.1336 8.90324 5.90576
threshold=0.73690228838135063 0.23231104268376782 -42.52892148130767 -0.30160455432709571 0.077611737107199666 -0.010400494805747449
decision_type=2 2 2 2 2 2
left_child=1 5 4 -4 -3 -1
right_child=-2 2 3 -5 -6 -7
leaf_value=0.004680660150947401 -0.025319687128120133 -0.033784645731010622 0.01973803474258852 -0.0056197823003965178 -0.0037982864825498574 0.032948114205405318
leaf_weight=32.060120455920696 53.47438383102417 31.806470088660717 110.14593803137541 95.191970504820347 111.63443813472986 43.613766796886921
leaf_count=81 488 84 341 474 405 112
internal_value=0.000781742 0.00407011 0.000402881 0.00798248 -0.0104474 0.0209723
internal_weight=477.927 424.453 348.779 205.338 143.441 75.6739
internal_count=1985 1497 1304 815 489 193
is_linear=0
shrinkage=0.05


Tree=55
num_leaves=7
num_cat=0
split_feature=0 5 2 1 4 8
split_gain=139.65 26.9934 25.7525 10.3659 9.87987 9.84103
threshold=2.5000000000000004 -32.135471194372364 -0.4143936111585616 0.16260886005509823 0.010733441750048402 -0.6650464293730749
decision_type=2 2 2 2 2 2
left_child=1 2 -1 -3 -2 -6
right_child=4 3 -4 -5 5 -7
leaf_value=0.021113633810519918 0.04537709145005922 0.038546853487171212 -0.02460635835867352 -0.03606187554732717 0.036797473303103477 -0.020804747517108146
leaf_weight=57.773389920592308 116.03223145008087 4.7905234768986693 65.968182228505611 165.17123530060053 18.346587911248211 12.444229841232298
leaf_count=145 187 13 425 1153 32 30
internal_value=-0.0011208 -0.0210251 -0.00326027 -0.033959 0.0386957 0.0135173
internal_weight=440.526 293.703 123.742 169.962 146.823 30.7908
internal_count=1985 1736 570 1166 249 62
is_linear=0
shrinkage=0.05


Tree=56
num_leaves=7
num_cat=0
split_feature=3 3 6 6 8 4
split_gain=93.0832 13.4665 10.6844 9.83138 9.28305 6.39909
threshold=0.41566953573768289 0.6211162324607834 25.200000000000006 9.8000000000000167 0.016253182067930354 -0.062295607574436689
decision_type=2 2 2 2 2 2
left_child=2 4 -1 -3 -2 -5
right_child=1 3 -4 5 -6 -7
leaf_value=-0.035973554657352289 -0.0083503840036950466 0.046816659369349284 -0.012576777905421188 -0.014718215901620153 0.022297206166040022 0.024528639740694195
leaf_weight=114.14153752475977 55.021022617816925 51.472182407975197 85.232025519013405 11.737689658999441 44.847465515136719 90.189678207039833
leaf_count=435 227 276 372 42 207 426
internal_value=-0.000415929 0.0197015 -0.0259715 0.0290042 0.00541238 0.0200091
internal_weight=452.642 253.268 199.374 153.4 99.8685 101.927
internal_count=1985 1178 807 744 434 468
is_linear=0
shrinkage=0.05


Tree=57
num_leaves=7
num_cat=0
split_feature=0 3 3 4 1 4
split_gain=26.6694 8.55337 8.56223 9.65378 7.96996 5.40965
threshold=2.5000000000000004 0.73693494242176072 0.32776708842389196 -0.04175771842340089 0.358507847195421 -0.20692615216410695
decision_type=2 2 2 2 2 2
left_child=1 2 3 -1 -4 -2
right_child=5 -3 4 -5 -6 -7
leaf_value=0.020022814689057533 0.049569631909074222 -0.01136871198248229 0.02799552805916726 -0.01254820067707655 0.0079754660215229888 -0.029933987639318028
leaf_weight=32.455419600009918 2.2078171074390402 62.29297111928463 72.186871498823166 76.073289379477501 159.67429752647877 69.259531781077385
leaf_count=101 6 499 239 254 643 243
internal_value=0.000670016 0.00566565 0.00878302 -0.00280787 0.0142084 -0.0274779
internal_weight=474.15 402.683 340.39 108.529 231.861 71.4673
internal_count=1985 1736 1237 355 882 249
is_linear=0
shrinkage=0.05


Tree=58
num_leaves=7
num_cat=0
split_feature=1 9 8 1 4 3
split_gain=12.4671 9.38204 8.81733 11.5582 10.3838 5.25662
threshold=0.23372520263175486 7.0000000000000009 0.90206685440881762 0.75268309973587166 -0.088647812989232674 0.56612806179456532
decision_type=2 2 2 2 2 2
left_child=-1 5 4 -4 -3 -2
right_child=1 2 3 -5 -6 -7
leaf_value=0.018841585418263241 -0.0084522876855486484 0.035676968449062089 -0.031001107934311961 0.044100544061673505 0.0021904307934202268 -0.032708885337150315
leaf_weight=80.029724448919296 87.444967024028301 25.97808738052845 33.728343740105629 6.0406047552824012 212.6680683940649 29.99677038192749
leaf_count=208 265 90 207 31 908 276
internal_value=0.000842739 -0.00279606 0.0022033 -0.0195937 0.00583564 -0.0146479
internal_weight=475.887 395.857 278.415 39.7689 238.646 117.442
internal_count=1985 1777 1236 238 998 541
is_linear=0
shrinkage=0.05


Tree=59
num_leaves=7
num_cat=0
split_feature=3 5 2 1 4 3
split_gain=117.735 62.6397 13.5579 11.6796 10.9131 5.26201
threshold=0.33262995950056556 -26.499793125860322 -0.4143936111585616 0.17537103061476214 0.010733441750048402 0.39401234014669356
decision_type=2 2 2 2 2 2
left_child=1 2 4 -3 -1 -2
right_child=5 3 -4 -5 -6 -7
leaf_value=0.04308688376673217 -0.013642887547261444 0.049245802088783416 -0.021148571880178758 -0.037641014238859488 0.014264482572627166 -0.035360711140560212
leaf_weight=147.44128409773111 34.19142572581768 4.2420692592859259 10.712805129587649 43.834332555532455 42.253708176314831 151.35124029219151
leaf_count=251 140 11 34 220 95 1234
internal_value=-0.0012222 0.0212806 0.0335763 -0.0299745 0.0366668 -0.0313586
internal_weight=434.027 248.484 200.408 48.0764 189.695 185.543
internal_count=1985 611 380 231 346 1374
is_linear=0
shrinkage=0.05


Tree=60
num_leaves=7
num_cat=0
split_feature=2 8 2 1 4 3
split_gain=85.2735 16.3888 10.5618 9.06228 7.99138 7.92255
threshold=0.040581703735724658 0.080311366919769561 0.75884235994458737 0.46480530128398151 0.090403454883273213 0.553460304690092
decision_type=2 2 2 2 2 2
left_child=1 3 -2 -1 -5 -3
right_child=2 5 -4 4 -6 -7
leaf_value=-0.03691147181029427 0.013087466971142101 -0.0047392762518033609 0.035806311626095731 -0.019503258783722582 0.037953841666904513 0.060059328035818538
leaf_weight=116.03238679468632 117.53517408668995 62.314421430230141 90.583149760961533 49.976212427020073 6.8854166865348807 5.1034035086631766
leaf_count=451 512 274 472 211 37 28
internal_value=-0.000453648 -0.0207444 0.0229758 -0.028898 -0.0125457 0.000165857
internal_weight=448.43 240.312 208.118 172.894 56.8616 67.4178
internal_count=1985 1001 984 699 248 302
is_linear=0
shrinkage=0.05


Tree=61
num_leaves=7
num_cat=0
split_feature=0 3 3 8 1 6
split_gain=24.1797 7.51351 7.77515 9.07008 7.21569 4.87353
threshold=2.5000000000000004 0.73693494242176072 0.32776708842389196 0.47117481903730069 0.358507847195421 45.750000000000021
decision_type=2 2 2 2 2 2
left_child=1 2 3 -1 -4 -2
right_child=5 -3 4 -5 -6 -7
leaf_value=-0.011209939338508109 -0.032974694791118385 -0.01072043983429162 0.02644830478609797 0.022069367591377908 0.0074776159317880122 0.001249813765301977
leaf_weight=80.9949941188097 56.290729239583015 61.476619772613049 72.927673161029816 27.400244027376175 160.3068729788065 12.759642541408537
leaf_count=259 203 499 239 96 643 46
internal_value=0.000688341 0.00537135 0.00826709 -0.00279757 0.0134094 -0.0266504
internal_weight=472.157 403.106 341.63 108.395 233.235 69.0504
internal_count=1985 1736 1237 355 882 249
is_linear=0
shrinkage=0.05


Tree=62
num_leaves=7
num_cat=0
split_feature=1 6 8 6 1 1
split_gain=11.5909 11.5407 9.40005 11.057 5.16722 4.38255
threshold=0.23372520263175486 480.85000000000008 0.90206685440881762 9.0000000000000089 0.75268309973587166 0.21363296201896062
decision_type=2 2 2 2 2 2
left_child=5 2 3 -2 -4 -1
right_child=1 -3 4 -5 -6 -7
leaf_value=0.006851451616042642 -0.01073197110213784 0.06856732102744284 -0.029383880807970771 0.0074476385056031352 0.02329779476740013 0.030220772793496237
leaf_weight=41.235391840338707 150.99207966029644 5.6121776774525634 44.731943741440773 187.50117676705122 5.1951293945312491 39.071059316396713
leaf_count=104 642 25 295 787 28 104
internal_value=0.000908058 -0.00262048 -0.00364905 -0.000661761 -0.0239021 0.0182212
internal_weight=474.339 394.033 388.42 338.493 49.9271 80.3065
internal_count=1985 1777 1752 1429 323 208
is_linear=0
shrinkage=0.05


Tree=63
num_leaves=7
num_cat=0
split_feature=0 5 0 6 1 4
split_gain=116.004 25.2234 18.4613 10.3487 9.22795 8.66279
threshold=2.5000000000000004 -15.771761019587837 1.5000000000000002 72.100000000000009 0.15327755887266964 0.010733441750048402
decision_type=2 2 2 2 2 2
left_child=1 2 -1 -4 -3 -2
right_child=5 4 3 -5 -6 -7
leaf_value=-0.022685094645540513 0.041325776480372819 0.047424014282566908 0.020452377439514641 -0.029848327574926371 -0.038581170200213899 0.01144693560432191
leaf_weight=81.829751774668694 114.57057116925716 3.1990089714527121 60.405800729990005 12.309019051492212 124.48387655243278 30.775080129504204
leaf_count=566 187 8 146 55 961 62
internal_value=-0.00129172 -0.0199814 -0.00639477 0.0119376 -0.0364264 0.0349993
internal_weight=427.573 282.227 154.545 72.7148 127.683 145.346
internal_count=1985 1736 767 201 969 249
is_linear=0
shrinkage=0.05


Tree=64
num_leaves=7
num_cat=0
split_feature=3 2 6 8 2 4
split_gain=78.5717 14.9969 10.1759 6.41732 10.104 9.25381
threshold=0.41566953573768289 0.75884235994458737 25.200000000000006 0.016253182067930354 0.27073336158862921 0.14588457706090516
decision_type=2 2 2 2 2 2
left_child=2 3 -1 4 -2 -5
right_child=1 -3 -4 5 -6 -7
leaf_value=-0.034935822491865831 -0.015098945139515372 0.03410833733508703 -0.011644308465377453 0.024874555405373838 0.020640051453568797 -0.028365948834516447
leaf_weight=107.04640385508537 50.294368781149387 90.316636174917221 83.452364511787891 71.255628757178783 32.592385746538639 9.2173759937286359
leaf_count=435 199 472 372 331 147 29
internal_value=-0.000465222 0.0177583 -0.0247324 0.00871885 -0.00104581 0.0187764
internal_weight=444.175 253.676 190.499 163.36 82.8868 80.473
internal_count=1985 1178 807 706 346 360
is_linear=0
shrinkage=0.05


Tree=65
num_leaves=7
num_cat=0
split_feature=2 1 3 7 8 4
split_gain=21.539 8.69411 8.33751 6.83036 5.88427 5.61896
threshold=-1.1539228092308977 0.19093133786191602 0.61855626110774176 0.41318749999999999 -0.77318510336672308 -0.028591366827754146
decision_type=2 2 2 2 2 2
left_child=3 -2 5 -1 -4 -3
right_child=1 2 4 -5 -6 -7
leaf_value=-0.029063784432392211 -0.034572247438147047 0.020726046182859004 0.023995254714372152 0.01064079363951031 -0.0092115890671697915 0.0058648650522227638
leaf_weight=68.147323109209538 13.028082102537153 105.67378652840853 15.516299910843371 12.878904849290846 95.143151387572289 159.76917287707329
leaf_count=241 49 335 80 39 671 570
internal_value=0.000700054 0.00558351 0.00697449 -0.0227528 -0.00455544 0.0117812
internal_weight=470.157 389.13 376.102 81.0262 110.659 265.443
internal_count=1985 1705 1656 280 751 905
is_linear=0
shrinkage=0.05


Tree=66
num_leaves=7
num_cat=0
split_feature=2 4 6 1 9 9
split_gain=13.9062 10.9063 8.40655 9.85607 9.70769 8.93001
threshold=0.68129720146919071 -0.091639158209931196 238.75000000000003 0.23372520263175486 16.500000000000004 15.500000000000002
decision_type=2 2 2 2 2 2
left_child=2 -2 3 -1 5 -4
right_child=1 -3 4 -5 -6 -7
leaf_value=0.017631302848900614 0.066411538008781801 -0.027110619980469278 0.022130332370769844 -0.0024444016471423659 -0.031690565790489303 0.082269584072853383
leaf_weight=77.251647002995014 3.3037393838167182 55.258005276322365 29.634854979813099 293.07700414955616 6.4655515998601905 7.7967071309685698
leaf_count=195 22 514 115 1079 31 29
internal_value=0.000971559 -0.0218346 0.00419581 0.00174345 0.0248846 0.0346569
internal_weight=472.788 58.5617 414.226 370.329 43.8971 37.4316
internal_count=1985 536 1449 1274 175 144
is_linear=0
shrinkage=0.05


Tree=67
num_leaves=7
num_cat=0
split_feature=0 5 2 2 4 1
split_gain=105.763 24.2791 21.0707 9.37618 9.09733 8.71625
threshold=2.5000000000000004 -15.771761019587837 -0.4143936111585616 -1.6435202251082124 -0.14168894026172488 0.15327755887266964
decision_type=2 2 2 2 2 2
left_child=1 2 -1 -2 -4 -3
right_child=3 5 4 -5 -6 -7
leaf_value=0.012772306001110468 0.04741991196160264 0.044657776457210516 0.042884440902953486 0.021805055350309219 -0.028656372993877539 -0.038139260385412238
leaf_weight=74.957716308534145 64.847848609089851 3.2648110762238494 4.7298421785235396 79.552885577082634 73.457582771778107 120.41557878255844
leaf_count=218 103 8 20 146 529 961
internal_value=-0.00138129 -0.0194764 -0.00616937 0.0333082 -0.0243286 -0.0359537
internal_weight=421.226 276.826 153.145 144.401 78.1874 123.68
internal_count=1985 1736 767 249 549 969
is_linear=0
shrinkage=0.05


Tree=68
num_leaves=7
num_cat=0
split_feature=3 2 5 7 1 4
split_gain=71.6759 13.4209 9.77534 6.04417 7.18281 5.63874
threshold=0.41566953573768289 0.75884235994458737 -22.822519700800957 0.26912500000000006 0.75890547429804489 0.11038669760644897
decision_type=2 2 2 2 2 2
left_child=2 3 5 -2 -5 -1
right_child=1 -3 -4 4 -6 -7
leaf_value=-0.035281547433782125 -0.0068270624729379354 0.032290708665740922 -0.0090964596379045481 0.018166924608246298 -0.026259768105453274 0.01642299048046646
leaf_weight=111.92070950567722 47.285223819315434 89.928488954901695 68.656514927744865 106.47477569431067 9.9480538070201856 5.5338110923767081
leaf_count=467 192 472 313 481 33 27
internal_value=-0.00051908 0.0167725 -0.0240845 0.00824801 0.0143708 -0.0328455
internal_weight=439.748 253.637 186.111 163.708 116.423 117.455
internal_count=1985 1178 807 706 514 494
is_linear=0
shrinkage=0.05


Tree=69
num_leaves=7
num_cat=0
split_feature=0 4 4 1 1 6
split_gain=20.2987 5.61881 8.63572 11.4329 7.19203 5.34761
threshold=2.5000000000000004 -0.030362097711991044 -0.076484718760137738 0.54840132311254297 0.25532916312040527 87.40000000000002
decision_type=2 2 2 2 2 2
left_child=1 2 4 -4 -1 -2
right_child=5 -3 3 -5 -6 -7
leaf_value=0.034708871522087875 -0.029519848749029257 0.00046220559949323233 0.032298731269717953 -0.0072540813850840262 -0.012573577665503344 0.022396996712243964
leaf_weight=9.9350545257329923 59.60705229640007 257.42924614995718 68.92025762796402 24.860526412725449 42.21967525780201 5.4102118015289298
leaf_count=30 231 1176 259 115 156 18
internal_value=0.000726427 0.0049054 0.0127432 0.0218136 -0.00356665 -0.0251997
internal_weight=468.382 403.365 145.936 93.7808 52.1547 65.0173
internal_count=1985 1736 560 374 186 249
is_linear=0
shrinkage=0.05


Tree=70
num_leaves=7
num_cat=0
split_feature=2 1 6 9 0 7
split_gain=12.7072 7.75199 8.31876 7.90737 5.80554 4.203
threshold=0.73690228838135063 0.23231104268376782 238.75000000000003 16.500000000000004 2.5000000000000004 0.49306250000000001
decision_type=2 2 2 2 2 2
left_child=1 -1 4 -4 -3 -2
right_child=5 2 3 -5 -6 -7
leaf_value=0.018194964220104921 -0.02680533720161752 0.0010803161666909735 0.029325303610216999 -0.030913681473017519 -0.016399717355542607 0.032409784395447234
leaf_weight=76.818046547472477 46.220935851335526 241.1379497423768 38.323795020580292 6.3504627123475066 59.152691334486008 3.2043845430016509
leaf_count=193 461 957 147 31 169 27
internal_value=0.00101982 0.00383055 0.000631828 0.0207623 -0.00236298 -0.0229663
internal_weight=471.208 421.783 344.965 44.6743 300.291 49.4253
internal_count=1985 1497 1304 178 1126 488
is_linear=0
shrinkage=0.05


Tree=71
num_leaves=7
num_cat=0
split_feature=0 3 5 2 2 3
split_gain=97.0763 24.795 20.6946 10.3727 8.78401 6.69053
threshold=2.5000000000000004 0.39401234014669356 -23.185530834066057 -0.22282592844839968 -1.6435202251082124 0.25356215838448615
decision_type=2 2 2 2 2 2
left_child=1 2 5 -4 -2 -1
right_child=4 -3 3 -5 -6 -7
leaf_value=0.031926693853829208 0.045635006918286841 -0.033845387996835181 -0.037170589131270769 0.028179352118135173 0.020742464274650197 0.001751627490002589
leaf_weight=27.874585546553135 64.028558954596519 138.1247483342886 44.8790318146348 7.0222476795315734 79.373612493276596 53.872794270515442
leaf_count=64 103 1234 245 37 146 156
internal_value=-0.00142717 -0.0189896 -0.00363632 -0.0283287 0.0318569 0.0120409
internal_weight=415.176 271.773 133.649 51.9013 143.402 81.7474
internal_count=1985 1736 502 282 249 220
is_linear=0
shrinkage=0.05


Tree=72
num_leaves=7
num_cat=0
split_feature=2 3 1 2 7 6
split_gain=65.6517 13.2245 9.02319 8.36307 6.73329 9.40128
threshold=0.029210917329977801 0.25536160548447945 0.46480530128398151 1.0117300007783323 0.26940625000000001 2.5000000000000075
decision_type=2 2 2 2 2 2
left_child=1 -1 -3 4 5 -2
right_child=3 2 -4 -5 -6 -7
leaf_value=-0.031559543761050128 0.022516094624710312 -0.020395035961577906 0.0077351380532086735 0.035039814866682326 0.020289994314125089 -0.022991793950296199
leaf_weight=111.04950349777937 20.437689930200577 61.469876021146774 53.161340065300465 61.777791991829872 102.17334620654583 25.519883513450623
leaf_count=482 97 262 249 336 468 91
internal_value=-0.000541642 -0.0192624 -0.00734939 0.0195857 0.0131406 -0.00275408
internal_weight=435.589 225.681 114.631 209.909 148.131 45.9576
internal_count=1985 993 511 992 656 188
is_linear=0
shrinkage=0.05


Tree=73
num_leaves=7
num_cat=0
split_feature=2 1 3 6 1 6
split_gain=18.7145 7.89373 7.08657 6.18952 5.09948 4.57362
threshold=-1.1539228092308977 0.19093133786191602 0.73693494242176072 88.950000000000003 0.21203990474869708 265.9500000000001
decision_type=2 2 2 2 2 2
left_child=3 -2 4 -1 -3 -4
right_child=1 2 5 -5 -6 -7
leaf_value=-0.030077925821187953 -0.033849522092511151 0.05116359584705478 -0.015337653199494422 0.0018978660308300623 0.0085543179719368406 0.022306420569592148
leaf_weight=57.203095827251673 12.495699234306811 7.1848232969641677 50.026027701795101 20.578367277979851 309.74771638959646 9.620465897023676
leaf_count=215 49 24 428 65 1133 71
internal_value=0.000771392 0.00524738 0.0065447 -0.0216182 0.00952027 -0.00926599
internal_weight=466.856 389.075 376.579 77.7815 316.933 59.6465
internal_count=1985 1705 1656 280 1157 499
is_linear=0
shrinkage=0.05


Tree=74
num_leaves=7
num_cat=0
split_feature=2 4 1 5 2 3
split_gain=11.6321 10.3158 6.88427 8.88223 9.17326 7.37285
threshold=0.68129720146919071 -0.091639158209931196 0.23231104268376782 -42.52892148130767 -0.22282592844839968 0.077611737107199666
decision_type=2 2 2 2 2 2
left_child=2 -2 -1 5 -5 -4
right_child=1 -3 3 4 -6 -7
leaf_value=0.017523438475301727 0.064811483479049359 -0.025754738631881061 -0.031469204384375754 0.016325417166517173 -0.0054448280730019817 -0.0029507968664702813
leaf_weight=76.332113079726696 3.3442559242248526 52.556770071387291 28.726219370961189 120.28593217581511 80.953392624855042 107.38089396804571
leaf_count=191 22 514 84 373 410 391
internal_value=0.00107086 -0.0203367 0.00396368 0.00089549 0.00756781 -0.00896978
internal_weight=469.58 55.901 413.679 337.346 201.239 136.107
internal_count=1985 536 1449 1258 783 475
is_linear=0
shrinkage=0.05


Tree=75
num_leaves=7
num_cat=0
split_feature=0 3 5 2 2 3
split_gain=87.9939 23.7001 19.298 9.90103 8.37644 6.14827
threshold=2.5000000000000004 0.39401234014669356 -23.185530834066057 -0.22282592844839968 -1.6435202251082124 0.25356215838448615
decision_type=2 2 2 2 2 2
left_child=1 2 5 -4 -2 -1
right_child=4 -3 3 -5 -6 -7
leaf_value=0.030425025078314252 0.0438291876440167 -0.033323296839273091 -0.036686518593392982 0.02689150831242372 0.019400165155399243 0.0015925345655925941
leaf_weight=28.130439348518848 63.045885667204857 133.82734874263406 43.595162957906723 7.1243074089288703 79.136230245232582 53.950202465057373
leaf_count=64 103 1234 245 37 146 156
internal_value=-0.00153384 -0.0184735 -0.00350892 -0.027756 0.0302324 0.0114739
internal_weight=408.81 266.627 132.8 50.7195 142.182 82.0806
internal_count=1985 1736 502 282 249 220
is_linear=0
shrinkage=0.05


Tree=76
num_leaves=7
num_cat=0
split_feature=3 3 6 6 7 7
split_gain=59.7074 10.3038 9.6648 9.06147 7.44394 6.61843
threshold=0.37965043304988411 0.6211162324607834 17.400000000000002 9.8000000000000167 0.28509375000000009 0.28809374999999998
decision_type=2 2 2 2 2 2
left_child=2 4 -1 -3 -2 -5
right_child=1 3 -4 5 -6 -7
leaf_value=-0.036832001424055294 -0.010133250546515586 0.039451423421656334 -0.012185407946670087 -0.011740076128772627 0.014867873752904682 0.020028423727820287
leaf_weight=82.189520828425884 58.358470968902111 50.956834211945534 77.077820014208555 20.531563118100166 60.783260703086853 81.366204440593719
leaf_count=361 245 276 362 77 273 391
internal_value=-0.000591652 0.0136446 -0.0249042 0.0222363 0.00262172 0.0136273
internal_weight=431.264 271.996 159.267 152.855 119.142 101.898
internal_count=1985 1262 723 744 518 468
is_linear=0
shrinkage=0.05


Tree=77
num_leaves=7
num_cat=0
split_feature=0 4 3 3 6 6
split_gain=17.2552 5.2711 5.73706 6.95754 5.14805 5.08163
threshold=2.5000000000000004 0.12611174129684269 0.73693494242176072 0.32776708842389196 265.9500000000001 87.40000000000002
decision_type=2 2 2 2 2 2
left_child=1 2 3 -1 -4 -2
right_child=5 -3 4 -5 -6 -7
leaf_value=-0.0019224339434579405 -0.028318843622602355 -0.014994640452041866 -0.015678653940281975 0.013786639827139411 0.03193102137363283 0.022456710024698279
leaf_weight=104.27914544194937 56.084578800946474 31.704623229801655 43.636468797922134 217.49362167716026 6.5272920131683341 5.4022191688418379
leaf_count=340 231 177 380 793 46 18
internal_value=0.000816904 0.0045756 0.0062438 0.00869569 -0.0094837 -0.0238577
internal_weight=465.128 403.641 371.937 321.773 50.1638 61.4868
internal_count=1985 1736 1559 1133 426 249
is_linear=0
shrinkage=0.05


Tree=78
num_leaves=7
num_cat=0
split_feature=2 4 6 9 1 9
split_gain=10.6437 9.57321 6.58994 7.99844 7.84257 7.76395
threshold=0.68129720146919071 -0.10598660407682654 238.75000000000003 16.500000000000004 0.23372520263175486 15.500000000000002
decision_type=2 2 2 2 2 2
left_child=2 -2 4 5 -1 -4
right_child=1 -3 3 -5 -6 -7
leaf_value=0.015714018924648365 0.075456893574135847 -0.024220931032535975 0.018837214937786336 -0.030465395187607505 -0.0021331679224652063 0.073744903824694549
leaf_weight=78.138824746012688 2.5254301130771628 52.157837819308043 30.317652702331543 6.2547811418771735 290.01776357740164 8.173823378980158
leaf_count=195 16 520 115 31 1079 29
internal_value=0.00111165 -0.0196175 0.00385694 0.0219755 0.00165478 0.0304971
internal_weight=467.586 54.6833 412.903 44.7463 368.157 38.4915
internal_count=1985 536 1449 175 1274 144
is_linear=0
shrinkage=0.05


Tree=79
num_leaves=7
num_cat=0
split_feature=0 3 5 2 4 8
split_gain=80.2001 22.6728 18.1217 9.39621 8.30315 8.72272
threshold=2.5000000000000004 0.39401234014669356 -23.185530834066057 -0.22282592844839968 0.010733441750048402 -0.6650464293730749
decision_type=2 2 2 2 2 2
left_child=1 2 -1 -4 -2 -6
right_child=4 -3 3 -5 5 -7
leaf_value=0.01101762918044065 0.035228018472506832 -0.032815787896515326 -0.036233369167439321 0.025406454328954192 0.028089997506589189 -0.026075018020186982
leaf_weight=82.260366700589657 110.14436730742455 129.76030784100294 42.381751991808414 7.2385267391800872 18.081937506794933 12.620768055319784
leaf_count=220 187 1234 245 37 32 30
internal_value=-0.00160153 -0.0179773 -0.0033774 -0.0272415 0.0288185 0.00582473
internal_weight=402.488 261.641 131.881 49.6203 140.847 30.7027
internal_count=1985 1736 502 282 249 62
is_linear=0
shrinkage=0.05


Tree=80
num_leaves=7
num_cat=0
split_feature=3 2 8 8 1 4
split_gain=54.7545 12.0653 10.2518 8.22877 7.65859 7.13484
threshold=0.37965043304988411 0.27073336158862921 0.016253182067930354 0.78529998855865524 0.37698069278905105 0.097092782477718714
decision_type=2 2 2 2 2 2
left_child=3 2 -2 -1 -4 -3
right_child=1 5 4 -5 -6 -7
leaf_value=-0.02801274451103862 -0.014031447190254911 0.026729062889005836 -0.011782160857574574 0.011272581815616384 0.03125884485096133 0.0012252763342069527
leaf_weight=140.75458174943924 59.367291890084743 130.51785596460104 15.337729968130587 14.723857082426546 31.688771396875381 34.717425808310509
leaf_count=648 244 658 58 75 154 148
internal_value=-0.00062971 0.0129146 -0.00021774 -0.0242924 0.017221 0.0213705
internal_weight=427.108 271.629 106.394 155.478 47.0265 165.235
internal_count=1985 1262 456 723 212 806
is_linear=0
shrinkage=0.05


Tree=81
num_leaves=7
num_cat=0
split_feature=2 5 1 1 1 3
split_gain=16.2702 7.9298 7.22289 5.88108 5.72922 5.4165
threshold=-1.1539228092308977 -28.168194989676262 0.15327755887266964 0.26831255668860582 0.52778615554105857 0.73693494242176072
decision_type=2 2 2 2 2 2
left_child=1 -1 -2 -3 -5 -4
right_child=2 3 5 4 -6 -7
leaf_value=-0.033269570648284001 -0.043196624138320767 -0.049384514075723918 0.00844892259145456 0.034966620574362679 -0.01443802824835356 -0.008117384611549306
leaf_weight=46.350704908370972 7.6365038603544226 4.9269195497036007 322.6464432105422 11.947769582271578 11.53211899101734 58.248650081455708
leaf_count=187 31 17 1175 38 38 499
internal_value=0.000840096 -0.0205211 0.00495022 0.000280163 0.0107016 0.00591551
internal_weight=463.289 74.7575 388.532 28.4068 23.4799 380.895
internal_count=1985 280 1705 93 76 1674
is_linear=0
shrinkage=0.05


Tree=82
num_leaves=7
num_cat=0
split_feature=2 5 7 1 2 6
split_gain=9.99339 10.9006 8.6577 8.47433 8.65635 6.0331
threshold=-0.092697458948167791 -43.091312058610022 0.49640625000000005 0.24291695070695582 -0.53036869251489283 64.650000000000006
decision_type=2 2 2 2 2 2
left_child=1 3 5 4 -1 -2
right_child=2 -3 -4 -5 -6 -7
leaf_value=0.00075020318088260237 -0.0025607513502850579 0.015516073159767024 0.065924284000481281 -0.012025821676913113 0.047834281917254383 -0.022506033463977056
leaf_weight=36.395972117781639 92.370952464640141 159.25402934849262 3.7705121859908095 96.556875512003899 13.339498668909071 64.310602616518736
leaf_count=86 613 493 21 302 32 438
internal_value=0.00115851 0.00646452 -0.00894565 -0.00338901 0.0133786 -0.0107474
internal_weight=465.998 305.546 160.452 146.292 49.7355 156.682
internal_count=1985 913 1072 420 118 1051
is_linear=0
shrinkage=0.05


Tree=83
num_leaves=7
num_cat=0
split_feature=3 5 4 4 7 2
split_gain=73.5549 39.3202 10.5628 7.72444 7.3657 6.23003
threshold=0.33262995950056556 -26.499793125860322 0.010733441750048402 -0.20692615216410695 0.17878125000000003 -0.96618538381500418
decision_type=2 2 2 2 2 2
left_child=1 2 3 -1 -3 -4
right_child=-2 4 5 -5 -6 -7
leaf_value=-0.039504391332047542 -0.028068775512855478 0.014469032671129332 0.020438176732399289 0.033639743860250475 -0.037664162201742124 -0.016983393436098788
leaf_weight=3.7009457871317855 158.38778780400753 8.4313629865646345 25.769763089716434 146.09588366746902 34.493115268647671 19.567161120474339
leaf_count=9 1374 30 49 266 201 56
internal_value=-0.00166509 0.0159021 0.0254328 0.0318326 -0.027424 0.00428724
internal_weight=396.446 238.058 195.134 149.797 42.9245 45.3369
internal_count=1985 611 380 275 231 105
is_linear=0
shrinkage=0.05


Tree=84
num_leaves=7
num_cat=0
split_feature=3 2 6 3 5 5
split_gain=50.062 11.0326 9.49275 5.72399 5.55565 6.9287
threshold=0.37965043304988411 0.75884235994458737 17.400000000000002 0.22101208012212278 44.988602435819793 20.121874375643575
decision_type=2 2 2 2 2 2
left_child=2 -2 -1 -4 5 -3
right_child=1 4 3 -5 -6 -7
leaf_value=-0.036005659401763708 0.0052416779994419183 0.02596453774256648 -0.022621553873155547 0.0054265179457836238 0.047289674759455641 -0.020325938343248917
leaf_weight=76.772962886840105 183.64044048637152 54.303728267550468 43.862234856933355 31.07848697155714 24.011111572384834 9.497464790940283
leaf_count=361 790 285 210 152 148 39
internal_value=-0.000644798 0.012212 -0.0236488 -0.0109898 0.026789 0.0190737
internal_weight=423.166 271.453 151.714 74.9407 87.8123 63.8012
internal_count=1985 1262 723 362 472 324
is_linear=0
shrinkage=0.05


Tree=85
num_leaves=7
num_cat=0
split_feature=2 5 1 1 4 2
split_gain=14.9129 7.52005 6.77481 5.5549 5.29736 12.433
threshold=-1.1539228092308977 -28.168194989676262 0.15327755887266964 0.26831255668860582 -0.028591366827754146 -0.027170551636471196
decision_type=2 2 2 2 2 2
left_child=1 -1 -2 -3 5 -4
right_child=2 3 4 -5 -6 -7
leaf_value=-0.032674254199714384 -0.042904485321793084 -0.048817368184493393 0.026440863846359255 0.010195039343567074 0.0011567096153819077 -0.0034982390130192209
leaf_weight=44.614326138049364 7.3155606910586348 4.7976627275347736 79.404819615185261 23.622672833502293 240.2449162825942 61.560716532170773
leaf_count=187 31 17 238 76 1121 315
internal_value=0.000860312 -0.0198689 0.00475696 0.000233101 0.0056716 0.0133662
internal_weight=461.561 73.0347 388.526 28.4203 381.21 140.966
internal_count=1985 280 1705 93 1674 553
is_linear=0
shrinkage=0.05


Tree=86
num_leaves=7
num_cat=0
split_feature=2 4 8 3 4 1
split_gain=9.353 7.70977 6.12496 8.81264 11.0571 7.22603
threshold=0.73690228838135063 -0.088647812989232674 -0.89264631684989337 0.2758863463094845 0.0059196109877777507 0.72872808666520972
decision_type=2 2 2 2 2 2
left_child=2 -2 -1 4 -4 -5
right_child=1 -3 3 5 -6 -7
leaf_value=-0.0072902067882106448 0.057262895850374057 -0.025836522295899268 0.0067993272702792989 -0.002949306673268863 0.037805435837269336 0.032691451966542509
leaf_weight=99.490044221282005 2.988031491637229 42.364051155745983 88.531686678528786 172.72939971089363 42.583518296480179 15.497492492198942
leaf_count=306 20 468 238 763 123 67
internal_value=0.00120708 -0.0203615 0.00354258 0.0069175 0.0168695 -1.48567e-05
internal_weight=464.184 45.3521 418.832 319.342 131.115 188.227
internal_count=1985 488 1497 1191 361 830
is_linear=0
shrinkage=0.05


Tree=87
num_leaves=7
num_cat=0
split_feature=3 5 6 2 2 1
split_gain=67.7763 36.2361 11.3637 8.03646 7.44817 7.43459
threshold=0.33262995950056556 -23.185530834066057 45.750000000000021 -1.2826060574363602 -0.4143936111585616 0.15327755887266964
decision_type=2 2 2 2 2 2
left_child=1 2 4 -4 -1 -3
right_child=-2 5 3 -5 -6 -7
leaf_value=0.031781839820552812 -0.027499512874248261 0.041178185617802641 0.023249880053615491 -0.024089181089187617 -0.015841173416412859 -0.03708054303135469
leaf_weight=153.81727273762226 154.45685514807701 3.3323747590184203 16.933717302978039 19.052242130041122 8.6731901019811612 33.986202288419008
leaf_count=281 1374 8 34 56 25 207
internal_value=-0.00175409 0.0151104 0.0236096 -0.0018131 0.0292399 -0.0300924
internal_weight=390.252 235.795 198.476 35.986 162.49 37.3186
internal_count=1985 611 396 90 306 215
is_linear=0
shrinkage=0.05


Tree=88
num_leaves=7
num_cat=0
split_feature=2 8 2 4 7 6
split_gain=45.9196 10.9601 8.77505 7.70531 6.52244 6.79864
threshold=-0.23726058778727271 0.76587638615250297 1.0117300007783323 0.025820918309959702 0.26912500000000006 35.700000000000024
decision_type=2 2 2 2 2 2
left_child=1 3 4 -1 -2 -6
right_child=2 -3 -4 -5 5 -7
leaf_value=-0.031328423910500856 -0.0060595993726128448 0.0188215219047288 0.02966673325366579 -0.0056403213908487971 0.029983245726397309 0.005821003092772753
leaf_weight=114.86940447986126 59.148204289376736 15.884732797741888 59.892432868480682 39.138569641858339 43.902058243751526 86.423620201647282
leaf_count=544 250 84 336 188 220 363
internal_value=-0.000674189 -0.0207216 0.0129841 -0.0248002 0.00771074 0.0139604
internal_weight=419.259 169.893 249.366 154.008 189.474 130.326
internal_count=1985 816 1169 732 833 583
is_linear=0
shrinkage=0.05


Tree=89
num_leaves=7
num_cat=0
split_feature=2 5 1 1 1 4
split_gain=13.6244 7.08764 6.35389 5.25487 5.24331 4.79037
threshold=-1.1539228092308977 -28.168194989676262 0.15327755887266964 0.26831255668860582 0.52778615554105857 -0.028591366827754146
decision_type=2 2 2 2 2 2
left_child=1 -1 -2 -3 -5 -4
right_child=2 3 5 4 -6 -7
leaf_value=-0.032050396667248272 -0.042624548076636251 -0.048291099706816304 0.012721170627681872 0.032512428960266508 -0.014488609341026488 0.0011223185070711233
leaf_weight=42.892295680940151 7.0071960613131514 4.6789635941386249 141.47085156291723 12.215255148708822 11.53905066847801 240.09313353151083
leaf_count=187 31 17 553 38 38 1121
internal_value=0.000869223 -0.0192176 0.00455633 0.00014105 0.00968089 0.00542278
internal_weight=459.897 71.3256 388.571 28.4333 23.7543 381.564
internal_count=1985 280 1705 93 76 1674
is_linear=0
shrinkage=0.05


Tree=90
num_leaves=7
num_cat=0
split_feature=2 8 4 1 8 7
split_gain=8.73998 9.90997 9.08304 8.03551 7.97832 7.86163
threshold=-0.092697458948167791 -0.88459293121202232 -0.032528352749532245 0.41792543848525265 0.24807821671406452 0.49640625000000005
decision_type=2 2 2 2 2 2
left_child=1 -1 4 -4 -3 -2
right_child=5 2 3 -5 -6 -7
leaf_value=-0.0082170728152832478 -0.010054126903778828 0.0068207593469015717 0.028971522131877571 0.004702621605843265 -0.031439221618447068 0.062108309646717257
leaf_weight=85.6332883015275 154.18178535997868 58.793754629790783 85.704072818160057 56.654738262295723 17.736280106008053 3.8689576238393775
leaf_count=246 1051 170 235 198 64 21
internal_value=0.00125231 0.00620366 0.0118453 0.0193132 -0.00204621 -0.00828765
internal_weight=462.573 304.522 218.889 142.359 76.53 158.051
internal_count=1985 913 667 433 234 1072
is_linear=0
shrinkage=0.05


Tree=91
num_leaves=7
num_cat=0
split_feature=3 5 2 1 4 3
split_gain=62.6332 33.403 9.81267 6.96013 6.8222 4.57828
threshold=0.33262995950056556 -23.185530834066057 -0.4143936111585616 0.15327755887266964 0.010733441750048402 0.39401234014669356
decision_type=2 2 2 2 2 2
left_child=1 2 4 -3 -1 -2
right_child=5 3 -4 -5 -6 -7
leaf_value=0.030690533595826786 -0.0099966377270402744 0.038532274792831146 -0.022785868406800146 -0.036648819488866252 0.0082900230375322816 -0.031419992369318639
leaf_weight=140.94078605622053 31.537539981305599 3.3957412317395201 11.257974207401274 32.952941495925188 44.792006321251392 119.17944905906916
leaf_count=257 140 8 36 207 103 1234
internal_value=-0.00181321 0.0144147 0.0225409 -0.0296253 0.0252883 -0.0269372
internal_weight=384.056 233.339 196.991 36.3487 185.733 150.717
internal_count=1985 611 396 215 360 1374
is_linear=0
shrinkage=0.05


Tree=92
num_leaves=7
num_cat=0
split_feature=3 2 8 6 6 1
split_gain=42.3735 9.49977 9.17352 9.11482 7.37681 6.95257
threshold=0.37965043304988411 0.27073336158862921 0.016253182067930354 17.400000000000002 2.5000000000000075 0.37698069278905105
decision_type=2 2 2 2 2 2
left_child=3 2 -2 -1 -3 -4
right_child=1 4 5 -5 -6 -7
leaf_value=-0.035189793934725148 -0.013819313915815283 0.037719312219552235 -0.011975726623089399 -0.010112363382569977 0.012679329211472183 0.028926241053685981
leaf_weight=71.652197867631912 58.951541669666767 38.384525187313557 15.350372746586798 73.304549023509026 125.84432359039783 32.148705631494522
leaf_count=361 244 213 58 362 593 154
internal_value=-0.000692455 0.0109905 -0.000644059 -0.0225082 0.0185318 0.0157079
internal_weight=415.636 270.679 106.451 144.957 164.229 47.4991
internal_count=1985 1262 456 723 806 212
is_linear=0
shrinkage=0.05


Tree=93
num_leaves=7
num_cat=0
split_feature=2 5 1 1 1 5
split_gain=12.4987 6.65119 5.95634 4.92668 4.88322 4.37341
threshold=-1.1539228092308977 -28.168194989676262 0.15327755887266964 0.26831255668860582 0.52778615554105857 141.05941891620563
decision_type=2 2 2 2 2 2
left_child=1 -1 -2 -3 -5 -4
right_child=2 3 5 4 -6 -7
leaf_value=-0.03144966498615575 -0.042366533294213596 -0.04775554391651083 0.0035149533165438952 0.030798757008606188 -0.014409335728038306 0.02240530781075576
leaf_weight=41.287524305284023 6.7034849673509589 4.5454548001289394 348.32810532301664 12.404311165213587 11.521458253264425 33.59439517557621
leaf_count=187 31 17 1510 38 38 164
internal_value=0.000858488 -0.0186289 0.00435649 -3.68745e-05 0.00902879 0.00517657
internal_weight=458.385 69.7587 388.626 28.4712 23.9258 381.923
internal_count=1985 280 1705 93 76 1674
is_linear=0
shrinkage=0.05


Tree=94
num_leaves=7
num_cat=0
split_feature=6 3 9 1 8 8
split_gain=8.32349 8.5645 10.3491 11.5434 7.44223 7.62399
threshold=480.85000000000008 0.56612806179456532 14.500000000000002 0.46410649726502295 -0.88459293121202232 0.33581432438442022
decision_type=2 2 2 2 2 2
left_child=1 4 -3 -4 -1 -6
right_child=-2 2 3 -5 5 -7
leaf_value=-0.0080955147559289113 0.060783846968292955 -0.029805372559636546 0.039993221916119148 -0.011277795262729741 0.013859881910174893 -0.0051210994526869787
leaf_weight=90.836888745427132 5.804253712296485 45.978493742644787 14.846724964678286 42.131476532667875 187.92500644922256 73.632080901414156
leaf_count=266 25 446 75 330 565 278
internal_value=0.00128631 0.000527905 -0.0121584 0.00208182 0.00423438 0.00851646
internal_weight=461.155 455.351 102.957 56.9782 352.394 261.557
internal_count=1985 1960 851 405 1109 843
is_linear=0
shrinkage=0.05


Tree=95
num_leaves=7
num_cat=0
split_feature=5 3 4 1 3 8
split_gain=58.5678 30.8627 11.1212 9.01083 11.7307 8.39522
threshold=-30.150721943966555 0.32776708842389196 0.010733441750048402 0.66853454502743836 0.71805625144908247 -0.6650464293730749
decision_type=2 2 2 2 2 2
left_child=1 2 -1 -3 -5 -4
right_child=-2 3 5 4 -6 -7
leaf_value=0.02948993018375384 -0.029107921129688959 -0.022302530487133751 0.018517781920131798 0.11941285417626633 -0.04181734171327478 -0.027505459835473985
leaf_weight=142.19004408270121 129.54268899187446 60.630578834563494 24.609555900096893 2.6296760961413375 1.9757939726114271 16.587433345615864
leaf_count=263 1149 432 52 18 29 42
internal_value=-0.00184812 0.0123553 0.0228623 -0.017181 0.0502434 -1.28794e-05
internal_weight=378.166 248.623 183.387 65.236 4.60547 41.197
internal_count=1985 836 357 479 47 94
is_linear=0
shrinkage=0.05


Tree=96
num_leaves=7
num_cat=0
split_feature=3 2 6 1 9 3
split_gain=39.0368 8.96084 8.81981 7.10902 6.0649 5.3036
threshold=0.37965043304988411 1.0117300007783323 17.400000000000002 0.38708979415938843 20.500000000000004 0.22101208012212278
decision_type=2 2 2 2 2 2
left_child=2 3 -1 -2 -5 -4
right_child=1 -3 5 4 -6 -7
leaf_value=-0.034747821177438083 -0.0093303783564032614 0.02767196007180275 -0.021362940748852255 0.0074237510834141048 0.037026600276741553 0.0059556145182565155
leaf_weight=69.048431899398565 57.693352691829205 59.00761117041111 41.982383504509926 133.61994312703609 19.875638172030449 30.800432696938515
leaf_count=361 234 336 210 590 102 152
internal_value=-0.000704492 0.0104459 -0.0219466 0.00563281 0.0112569 -0.0098022
internal_weight=412.028 270.197 141.831 211.189 153.496 72.7828
internal_count=1985 1262 723 926 692 362
is_linear=0
shrinkage=0.05


Tree=97
num_leaves=7
num_cat=0
split_feature=2 1 7 9 1 1
split_gain=11.5747 5.63769 5.40713 4.46964 4.58718 3.89394
threshold=-1.1539228092308977 0.15327755887266964 0.41318749999999999 20.500000000000004 0.65322457667018619 0.58211579678085845
decision_type=2 2 2 2 2 2
left_child=2 -2 -1 4 -3 -5
right_child=1 3 -4 5 -6 -7
leaf_value=-0.024801631273414587 -0.042169961144179861 0.0097806389218683051 0.011431348969288976 -0.004846844265887316 -0.0047965397489390972 -0.052230105722741831
leaf_weight=55.698380887508392 6.4432557225227347 272.8072937130928 12.631925977766512 37.284565158188343 67.277491614222527 4.9064902365207663
leaf_count=241 31 1108 39 168 363 35
internal_value=0.000874805 0.00421085 -0.0181034 0.0049926 0.0068969 -0.0103571
internal_weight=457.049 388.719 68.3303 382.276 340.085 42.1911
internal_count=1985 1705 280 1674 1471 203
is_linear=0
shrinkage=0.05


Tree=98
num_leaves=7
num_cat=0
split_feature=2 1 9 3 8 1
split_gain=7.46284 5.75576 7.38033 6.38072 4.01637 3.63789
threshold=1.0808597217851565 0.23231104268376782 7.0000000000000009 0.89060116089341412 -0.96700227700478447 0.21363296201896062
decision_type=2 2 2 2 2 2
left_child=1 5 4 -4 -3 -1
right_child=-2 2 3 -5 -6 -7
leaf_value=0.0049334879068047002 -0.025411151576166122 -0.037388837559167734 0.0035492662478203425 0.05967384369475906 -0.0074617978199477122 0.026627478938048593
leaf_weight=40.943021446466446 24.733397033065557 12.822682239115236 250.38590600714087 5.1686511039733878 89.197982136160135 36.598712757229805
leaf_count=102 304 44 1011 30 400 94
internal_value=0.00130507 0.0028237 0.000145751 0.0046844 -0.0112232 0.0151728
internal_weight=459.85 435.117 357.575 255.555 102.021 77.5417
internal_count=1985 1681 1485 1041 444 196
is_linear=0
shrinkage=0.05


Tree=99
num_leaves=7
num_cat=0
split_feature=5 2 1 2 1 1
split_gain=54.4926 28.2927 8.63666 8.85266 7.90691 7.12327
threshold=-30.150721943966555 -0.69410169983623826 0.66853454502743836 0.261000252785696 0.21363296201896062 0.46186181085890887
decision_type=2 2 2 2 2 2
left_child=1 -1 5 -4 -2 -3
right_child=4 2 3 -5 -6 -7
leaf_value=0.024804495886823735 0.021598639810144055 -0.0061385503354370423 0.11907190131569308 -0.0072709339467948598 -0.031717377536953147 -0.039949888972822568
leaf_weight=154.92433924227953 7.3856915049254885 65.360723149031401 2.5328307524323455 3.0633721090853214 118.95977829396725 20.451596986502409
leaf_count=298 29 301 10 39 1120 188
internal_value=-0.00190431 0.0117884 -0.0102719 0.0499116 -0.0286007 -0.0141968
internal_weight=372.678 246.333 91.4085 5.5962 126.345 85.8123
internal_count=1985 836 538 49 1149 489
is_linear=0
shrinkage=0.05


Tree=100
num_leaves=7
num_cat=0
split_feature=2 8 4 2 3 7
split_gain=35.9719 10.085 7.23909 7.07591 5.99553 5.5822
threshold=-0.23726058778727271 0.76587638615250297 0.025820918309959702 1.0117300007783323 0.22556625158187846 0.26912500000000006
decision_type=2 2 2 2 2 2
left_child=1 2 -1 5 -3 -2
right_child=3 4 -4 -5 -6 -7
leaf_value=-0.030008282135982528 -0.0062599560135769648 -0.014616301015926137 -0.0046490862409483283 0.026442448081083442 0.047054724984301521 0.012289351106550368
leaf_weight=106.39129811897874 58.775541603565216 7.2967953309416762 38.262893617153168 58.418220177292824 8.5692202374339086 130.86603984236717
leaf_count=544 250 36 188 336 48 583
internal_value=-0.000707059 -0.0191498 -0.0233004 0.0112273 0.0186922 0.00654037
internal_weight=408.58 160.52 144.654 248.06 15.866 189.642
internal_count=1985 816 732 1169 84 833
is_linear=0
shrinkage=0.05


Tree=101
num_leaves=7
num_cat=0
split_feature=3 6 4 4 4 3
split_gain=10.8131 13.5256 12.0353 7.59178 8.26239 18.3862
threshold=0.25536160548447945 44.250000000000007 -0.03594380134196324 -0.076484718760137738 -0.028591366827754146 0.52023967538175608
decision_type=2 2 2 2 2 2
left_child=1 -1 -3 -2 5 -5
right_child=3 2 -4 4 -6 -7
leaf_value=-0.025434082085754067 -0.015453086736122959 0.04781754207297665 -0.0069737262429040662 0.04287277474801153 0.0029842443990927463 -0.0039751522927836801
leaf_weight=73.272503212094307 38.01500029861927 13.912055775523184 35.84761093556881 45.910601511597633 210.30507581681013 38.512131884694099
leaf_count=314 142 41 130 120 1011 227
internal_value=0.000892998 -0.0117723 0.00834509 0.00557601 0.00828841 0.0215016
internal_weight=455.775 123.032 49.7597 332.743 294.728 84.4227
internal_count=1985 485 171 1500 1358 347
is_linear=0
shrinkage=0.05


Tree=102
num_leaves=7
num_cat=0
split_feature=6 2 1 9 4 4
split_gain=7.50989 8.8258 5.82461 5.9737 3.93322 1.81885
threshold=480.85000000000008 1.0808597217851565 0.23231104268376782 7.0000000000000009 -0.010400494805747449 0.11609036295066506
decision_type=2 2 2 2 2 2
left_child=1 2 4 -4 -1 -3
right_child=-2 5 3 -5 -6 -7
leaf_value=0.0012647923530988944 0.057309684149857265 -0.036126078610734795 -0.010789488780300931 0.0036115086481828319 0.024091804975476732 -0.00047288150958245905
leaf_weight=32.301740661263466 5.9106336161494246 18.900983247905973 101.05515449494123 250.55062097683549 45.384815327823162 4.4122262671589842
leaf_count=82 25 247 444 1020 114 53
internal_value=0.00131429 0.000583034 0.00221012 -0.000527488 0.0146004 -0.0293784
internal_weight=458.516 452.606 429.292 351.606 77.6866 23.3132
internal_count=1985 1960 1660 1464 196 300
is_linear=0
shrinkage=0.05


Tree=103
num_leaves=7
num_cat=0
split_feature=5 2 1 1 2 2
split_gain=50.6941 25.6273 8.14245 7.48413 6.34909 6.06215
threshold=-30.150721943966555 -0.69410169983623826 0.69257313024952127 0.21363296201896062 0.12008025037710142 -2.1839497393028418
decision_type=2 2 2 2 2 2
left_child=1 5 4 -2 -3 -1
right_child=3 2 -4 -5 -6 -7
leaf_value=0.04833437657954287 0.020360291749032373 -0.0053937917232362523 0.05964175946312196 -0.031252463297089257 -0.03689834621386371 0.019665813788290323
leaf_weight=21.428564220666885 7.4777896106243125 65.405467852950096 4.026309121400117 115.66936640068889 21.167743880301714 132.20564793050289
leaf_count=37 29 248 38 1120 252 261
internal_value=-0.00196182 0.0112268 -0.00986431 -0.0281184 -0.0130969 0.0236644
internal_weight=367.381 244.234 90.5995 123.147 86.5732 153.634
internal_count=1985 836 538 1149 500 298
is_linear=0
shrinkage=0.05


Tree=104
num_leaves=7
num_cat=0
split_feature=3 1 8 9 2 5
split_gain=33.439 11.2874 8.66497 6.36405 5.26483 5.17505
threshold=0.31026369205453103 0.46480530128398151 0.016253182067930354 19.000000000000004 0.14667662195842548 5.1388409274925726
decision_type=2 2 2 2 2 2
left_child=5 2 4 -3 -2 -1
right_child=1 3 -4 -5 -6 -7
leaf_value=-0.030716463176820787 -0.029835327396795903 0.011801104026663697 0.0099132193266700599 0.037269331826043132 -0.0012710106669973264 -0.0042927326088530579
leaf_weight=82.558801386505365 33.987163566052914 142.51010029017925 61.696961864829063 29.628442369401455 30.705576255917549 23.891977339982986
leaf_count=446 152 681 285 165 133 123
internal_value=-0.00072571 0.00785379 -0.00349261 0.0161847 -0.0162776 -0.0247859
internal_weight=404.979 298.528 126.39 172.139 64.6927 106.451
internal_count=1985 1416 570 846 285 569
is_linear=0
shrinkage=0.05


Tree=105
num_leaves=7
num_cat=0
split_feature=2 5 1 1 1 1
split_gain=10.0939 5.70843 5.13889 4.49663 4.68319 4.26602
threshold=-1.1539228092308977 -28.168194989676262 0.15327755887266964 0.26831255668860582 0.52778615554105857 0.51799440630661275
decision_type=2 2 2 2 2 2
left_child=1 5 -2 -3 -5 -1
right_child=2 3 -4 4 -6 -7
leaf_value=-0.0389262587839855 -0.04181369629587095 -0.047085595678153257 0.0046949012581474761 0.029310760258152518 -0.014815139989296219 0.0017470330073464911
leaf_weight=29.293617777526379 6.0332060009241095 4.34721112251282 382.0240917801857 12.547076344490053 11.546658530831335 8.2659220285713655
leaf_count=149 31 17 1674 38 38 38
internal_value=0.000897358 -0.0171793 0.00397182 -0.000281005 0.00816391 -0.0299751
internal_weight=454.058 66.0005 388.057 28.4409 24.0937 37.5595
internal_count=1985 280 1705 93 76 187
is_linear=0
shrinkage=0.05


Tree=106
num_leaves=7
num_cat=0
split_feature=2 8 4 8 7 1
split_gain=6.88256 8.03455 7.56365 7.44687 7.05224 6.89639
threshold=-0.092697458948167791 -0.88459293121202232 -0.032528352749532245 0.24807821671406452 0.49640625000000005 0.41792543848525265
decision_type=2 2 2 2 2 2
left_child=1 -1 3 -3 -2 -4
right_child=4 2 5 -5 -6 -7
leaf_value=-0.0074705987724773982 -0.0090063652528950718 0.0065351177066725399 0.026384797477703743 -0.030668940990073969 0.058739575706347608 0.0039567618198183205
leaf_weight=83.702642887830734 150.07906050235033 58.562660053372383 86.537005297839642 17.460585542023182 3.9424068331718436 56.753992550075054
leaf_count=246 1051 170 235 64 21 198
internal_value=0.00133389 0.00570836 0.0107382 -0.0020097 -0.00727231 0.0175016
internal_weight=457.038 303.017 219.314 76.0232 154.021 143.291
internal_count=1985 913 667 234 1072 433
is_linear=0
shrinkage=0.05


Tree=107
num_leaves=7
num_cat=0
split_feature=5 3 4 6 4 7
split_gain=47.1389 24.3951 8.89416 7.67381 15.4725 7.53477
threshold=-30.150721943966555 0.33262995950056556 0.010733441750048402 51.29999999999999 -0.040096182450766141 0.24578125000000003
decision_type=2 2 2 2 2 2
left_child=1 2 -1 -3 -5 -2
right_child=5 3 -4 4 -6 -7
leaf_value=0.02598807351084105 -0.0035072123218090087 -0.025109215546236338 -0.00037700900311168195 0.13499517706723849 -0.0090499267912879568 -0.034132401626377873
leaf_weight=139.36662360280752 25.505584180355072 49.681070055812597 41.517166338860989 2.3386467322707185 9.1901592388749087 94.486229229718447
leaf_count=266 169 387 95 10 78 980
internal_value=-0.0019973 0.0107037 0.0199367 -0.0165809 0.02017 -0.0276227
internal_weight=362.085 242.094 180.884 61.2099 11.5288 119.992
internal_count=1985 836 361 475 88 1149
is_linear=0
shrinkage=0.05


Tree=108
num_leaves=7
num_cat=0
split_feature=3 1 8 9 5 8
split_gain=30.8705 10.337 8.04895 5.83969 4.96953 4.77187
threshold=0.31026369205453103 0.46480530128398151 0.016253182067930354 19.000000000000004 5.1388409274925726 -0.64934762626881448
decision_type=2 2 2 2 2 2
left_child=4 2 -2 5 -1 -3
right_child=1 3 -4 -5 -6 -7
leaf_value=-0.030195269063711269 -0.015884435445393953 -0.0054818808671112272 0.0094112818332170254 0.03553836700915388 -0.0041847106251988514 0.016203180908651315
leaf_weight=79.947578925639391 64.015107318758965 33.001440621912479 61.813213542103767 29.756317123770714 23.839285545051098 109.696079403162
leaf_count=446 285 140 285 165 123 541
internal_value=-0.000733444 0.00743894 -0.0034579 0.0153897 -0.0242208 0.0111881
internal_weight=402.069 298.282 125.828 172.454 103.787 142.698
internal_count=1985 1416 570 846 569 681
is_linear=0
shrinkage=0.05


Tree=109
num_leaves=7
num_cat=0
split_feature=3 6 4 4 4 3
split_gain=9.25787 12.2807 10.4919 7.15618 7.35549 16.3812
threshold=0.25536160548447945 44.250000000000007 -0.03594380134196324 -0.076484718760137738 -0.028591366827754146 0.52023967538175608
decision_type=2 2 2 2 2 2
left_child=1 -1 -3 -2 5 -5
right_child=3 2 -4 4 -6 -7
leaf_value=-0.024489487518872703 -0.0152801519476648 0.044364012019271135 -0.0065280811761224914 0.040249911470057229 0.0027948548646392268 -0.0039046169277846517
leaf_weight=70.181528873741627 37.878606230020523 14.175982169806955 35.46006003767252 46.352016568183899 210.3893890157342 38.413771264255047
leaf_count=314 142 41 130 120 1011 227
internal_value=0.000891237 -0.0110275 0.00800663 0.00517933 0.00780498 0.0202402
internal_weight=452.851 119.818 49.636 333.034 295.155 84.7658
internal_count=1985 485 171 1500 1358 347
is_linear=0
shrinkage=0.05


Tree=110
num_leaves=7
num_cat=0
split_feature=6 2 8 7 2 9
split_gain=6.74879 7.93846 4.24508 8.18759 4.74748 1.79078
threshold=480.85000000000008 1.0808597217851565 0.32688911398873938 0.46506249999999999 -1.2278800243546779 1.5000000000000002
decision_type=2 2 2 2 2 2
left_child=1 2 3 -1 -4 -3
right_child=-2 5 4 -5 -6 -7
leaf_value=0.0038616636152214671 0.05400471867438416 0.013933255216891588 0.022485299844051503 0.058713038101204817 -0.01026531072648703 -0.033206600736544828
leaf_weight=313.28720078989863 6.0067792013287535 2.2401879541575935 12.528753280639647 6.9543409198522559 94.733163099735975 20.013705909252167
leaf_count=1101 25 36 33 28 498 264
internal_value=0.00135682 0.000653672 0.00216926 0.00505281 -0.00643987 -0.0284613
internal_weight=455.764 449.757 427.503 320.242 107.262 22.2539
internal_count=1985 1960 1660 1129 531 300
is_linear=0
shrinkage=0.05


Tree=111
num_leaves=7
num_cat=0
split_feature=3 5 2 2 6 7
split_gain=44.2864 21.2155 10.1733 9.36226 8.24829 5.94619
threshold=0.39401234014669356 -23.185530834066057 -1.1872726761504093 -0.22282592844839968 42.850000000000023 0.06581250000000001
decision_type=2 2 2 2 2 2
left_child=1 2 -1 5 -4 -3
right_child=-2 3 4 -5 -6 -7
leaf_value=0.027688624486634939 -0.029345881815748282 0.12188552812291656 0.012156057781361638 0.031120336942042248 -0.022204894752311157 -0.036247242200419839
leaf_weight=96.852436371147633 104.85062988102436 0.60489261150360008 91.90891121327877 6.6632296144962302 21.562712118029594 34.524267841130495
leaf_count=187 1234 1 212 37 70 244
internal_value=-0.00203686 0.00932047 0.0157859 -0.0232176 0.00562654 -0.0335243
internal_weight=356.967 252.116 210.324 41.7924 113.472 35.1292
internal_count=1985 751 469 282 282 245
is_linear=0
shrinkage=0.05


Tree=112
num_leaves=7
num_cat=0
split_feature=3 1 2 4 1 2
split_gain=28.455 9.5088 6.97315 6.44539 4.89947 5.17191
threshold=0.31026369205453103 0.46480530128398151 0.14667662195842548 -0.060786134624676344 0.52283059789613107 0.72276940201952866
decision_type=2 2 2 2 2 2
left_child=-1 2 -2 -4 -3 -6
right_child=1 4 3 -5 5 -7
leaf_value=-0.023660844171901091 -0.01640423059420398 0.034243857863794989 -0.023853288924173287 0.014835790193476689 0.0042290910577073553 0.024109937790902373
leaf_weight=101.25204987078905 56.831689659506083 26.905190922319889 13.375758066773413 55.151652090251446 95.800782822072506 49.675838485360146
leaf_count=569 254 151 50 266 410 285
internal_value=-0.000763566 0.00702306 -0.00345502 0.00728413 0.0146429 0.0110178
internal_weight=398.993 297.741 125.359 68.5274 172.382 145.477
internal_count=1985 1416 570 316 846 695
is_linear=0
shrinkage=0.05


Tree=113
num_leaves=7
num_cat=0
split_feature=3 6 4 4 4 3
split_gain=8.51654 11.4125 9.55428 6.67059 6.794 14.9257
threshold=0.25536160548447945 44.250000000000007 -0.03594380134196324 -0.076484718760137738 -0.028591366827754146 0.52023967538175608
decision_type=2 2 2 2 2 2
left_child=1 -1 -3 -2 5 -5
right_child=3 2 -4 4 -6 -7
leaf_value=-0.023863587523821159 -0.014814562551744688 0.041999651926869469 -0.0063630934378338727 0.038455329501291512 0.0027042309621606595 -0.0036739220489241972
leaf_weight=68.498164303600788 37.694216087460518 14.360716708004473 35.350114040076733 46.625885501503944 210.46089345216751 38.28730370849371
leaf_count=314 142 41 130 120 1011 227
internal_value=0.000901126 -0.0106287 0.00760818 0.00499315 0.00752092 0.0194593
internal_weight=451.277 118.209 49.7108 333.068 295.374 84.9132
internal_count=1985 485 171 1500 1358 347
is_linear=0
shrinkage=0.05


Tree=114
num_leaves=7
num_cat=0
split_feature=6 2 1 9 4 4
split_gain=6.18115 7.45495 4.95756 5.34351 3.31582 1.88577
threshold=480.85000000000008 1.0808597217851565 0.23231104268376782 7.0000000000000009 -0.010400494805747449 0.11609036295066506
decision_type=2 2 2 2 2 2
left_child=1 2 4 -4 -1 -3
right_child=-2 5 3 -5 -6 -7
leaf_value=0.0012663228180947949 0.051433360535047157 -0.035119149884414551 -0.010185875943275864 0.0035208222085492701 0.022245357197366471 0.0022832724394861556
leaf_weight=32.085421018302441 6.0867043137550345 17.485027313232425 99.432721398770809 249.58612340688705 45.606934487819672 4.1746003702282897
leaf_count=82 25 247 444 1020 114 53
internal_value=0.00138549 0.000706077 0.00215863 -0.000384108 0.0135814 -0.0279103
internal_weight=454.458 448.371 426.711 349.019 77.6924 21.6596
internal_count=1985 1960 1660 1464 196 300
is_linear=0
shrinkage=0.05


Tree=115
num_leaves=7
num_cat=0
split_feature=3 6 2 2 9 4
split_gain=41.191 17.8537 8.35071 7.69871 6.4394 5.71592
threshold=0.39401234014669356 75.65000000000002 -1.1872726761504093 -2.2727456509388326 17.500000000000004 -0.14168894026172488
decision_type=2 2 2 2 2 2
left_child=1 2 -1 -3 -4 -2
right_child=5 3 4 -5 -6 -7
leaf_value=0.025999248191025417 0.0477985139787869 0.035438112209665029 0.01126682095630599 -0.030190481530649533 -0.019466957727058604 -0.030692534422455599
leaf_weight=91.749801963567734 2.3747749887406817 5.1258480921387664 97.462156802415848 34.850497547537088 20.655294302850962 99.5705043412745
leaf_count=198 23 15 263 201 74 1211
internal_value=-0.00207978 0.0088492 0.0146827 -0.0217755 0.00589238 -0.0288641
internal_weight=351.789 249.844 209.867 39.9763 118.117 101.945
internal_count=1985 751 535 216 337 1234
is_linear=0
shrinkage=0.05


Tree=116
num_leaves=7
num_cat=0
split_feature=0 6 1 9 4 8
split_gain=24.7577 8.27011 6.9656 6.33052 6.32788 6.48703
threshold=1.5000000000000002 17.400000000000002 0.46480530128398151 20.500000000000004 -0.073138955403828129 0.016253182067930354
decision_type=2 2 2 2 2 2
left_child=2 -2 4 -4 -1 -6
right_child=1 -3 3 -5 5 -7
leaf_value=-0.031074737915912604 -0.034427205458276683 -0.00763541030983128 0.01018394185081937 0.040167313037879016 -0.010622075123085115 0.015090845835639775
leaf_weight=16.304616987705231 54.435904409736395 61.171111736446619 145.45540360361338 20.0282923579216 47.841540869325399 50.338728852570057
leaf_count=58 330 331 696 115 213 242
internal_value=-0.00078502 -0.0202509 0.00725298 0.0138128 -0.00222898 0.00256139
internal_weight=395.576 115.607 279.969 165.484 114.485 98.1803
internal_count=1985 661 1324 811 513 455
is_linear=0
shrinkage=0.05


Tree=117
num_leaves=7
num_cat=0
split_feature=2 4 1 9 1 1
split_gain=8.12964 5.01188 4.52146 3.77749 3.65893 3.53817
threshold=-1.1539228092308977 0.05952805764176531 0.15327755887266964 20.500000000000004 0.65322457667018619 0.58211579678085845
decision_type=2 2 2 2 2 2
left_child=1 -1 -2 4 -4 -5
right_child=2 -3 3 5 -6 -7
leaf_value=-0.021992326090007404 -0.041394193865072829 0.016614286954977731 0.008552604860393961 -0.0048001462384976816 -0.0045099394176590325 -0.051079203846482048
leaf_weight=52.596144963055849 5.5042688921093932 10.005790334194897 273.18528715893626 36.961546402424574 66.697628699243069 4.6495186984539023
leaf_count=243 31 37 1108 168 363 35
internal_value=0.000895044 -0.0158218 0.0035992 0.00424837 0.00598925 -0.00997126
internal_weight=449.6 62.6019 386.998 381.494 339.883 41.6111
internal_count=1985 280 1705 1674 1471 203
is_linear=0
shrinkage=0.05


Tree=118
num_leaves=7
num_cat=0
split_feature=2 8 7 6 1 8
split_gain=5.78833 7.2342 6.35496 6.04436 9.34372 8.67047
threshold=-0.092697458948167791 -0.88459293121202232 0.49640625000000005 64.650000000000006 0.72315057237092728 -1.1491420061437256
decision_type=2 2 2 2 2 2
left_child=1 -1 3 5 -5 -2
right_child=2 -3 -4 4 -6 -7
leaf_value=-0.0071794369514089299 0.059661770764074987 0.010170289250915414 0.055509027463304272 -0.03423672746104036 0.0076604085963308984 -0.0040236291790507767
leaf_weight=82.812144070863724 5.7198384925723067 218.8967168405652 4.0129712373018256 40.409957509487867 19.841208685189486 81.433585926890373
leaf_count=246 27 667 21 306 132 586
internal_value=0.00140477 0.00540819 -0.00657229 -0.0082624 -0.0204397 0.000156014
internal_weight=453.126 301.709 151.418 147.405 60.2512 87.1534
internal_count=1985 913 1072 1051 438 613
is_linear=0
shrinkage=0.05


Tree=119
num_leaves=7
num_cat=0
split_feature=5 3 1 4 1 6
split_gain=39.498 20.1381 7.90851 6.79061 6.21628 5.85322
threshold=-26.499793125860322 0.33262995950056556 0.21363296201896062 0.010733441750048402 0.53081784944662525 51.29999999999999
decision_type=2 2 2 2 2 2
left_child=1 3 -2 -1 -5 -3
right_child=2 5 -4 4 -6 -7
leaf_value=0.022676823507986617 0.022902922824464617 -0.024031589221379639 -0.031613986612677274 -0.010777933017323441 0.032579162709383117 0.014042744327075501
leaf_weight=138.42500624060631 7.1424720101058474 47.905990861356258 96.934475228190422 32.901169307529926 11.041394770145414 12.788868531584738
leaf_count=275 28 394 1079 80 25 104
internal_value=-0.00209834 0.00893798 -0.0278727 0.0172407 0.000116352 -0.016009
internal_weight=347.139 243.062 104.077 182.368 43.9426 60.6949
internal_count=1985 878 1107 380 105 498
is_linear=0
shrinkage=0.05


Tree=120
num_leaves=7
num_cat=0
split_feature=3 8 1 4 4 1
split_gain=24.8419 9.19154 6.87816 8.1984 5.52635 6.84742
threshold=0.25536160548447945 -0.33465878070077087 0.46480530128398151 0.016473525760698205 0.097092782477718714 0.75547404380575267
decision_type=2 2 2 2 2 2
left_child=-1 2 -2 -4 5 -3
right_child=1 4 3 -5 -6 -7
leaf_value=-0.025399278801809755 -0.020326292285679091 0.019169834181282135 -0.0099975413734628947 0.02760304400359552 -0.0049219520669863646 -0.016253404623878198
leaf_weight=81.391964487731457 47.789086181670427 148.97031879797578 36.193715304136276 24.183577001094818 39.430967263877392 15.017674982547758
leaf_count=485 220 765 160 125 169 61
internal_value=-0.000802615 0.0056225 -0.00615425 0.00506303 0.0118847 0.0159258
internal_weight=392.977 311.585 108.166 60.3773 203.419 163.988
internal_count=1985 1500 505 285 995 826
is_linear=0
shrinkage=0.05


Tree=121
num_leaves=7
num_cat=0
split_feature=2 5 1 1 1 1
split_gain=7.47233 4.79868 4.40097 4.26806 4.0942 4.81709
threshold=-1.1539228092308977 -28.168194989676262 0.51799440630661275 0.15327755887266964 0.26831255668860582 0.52778615554105857
decision_type=2 2 2 2 2 2
left_child=1 2 -1 -2 -3 -6
right_child=3 4 -4 -5 5 -7
leaf_value=-0.038084768768713743 -0.041209232641730188 -0.046275112291822323 0.0049076252414960251 0.0040861808272709011 0.02926923354224413 -0.015467454006371213
leaf_weight=25.643496792763472 5.2725365757942191 4.1016442626714733 7.7520479261875144 381.72573452070355 12.516745604574682 11.588009357452391
leaf_count=149 31 17 38 1674 38 38
internal_value=0.000894461 -0.0152798 -0.028105 0.00346907 -9.52089e-05 0.00776272
internal_weight=448.6 61.6019 33.3955 386.998 28.2064 24.1048
internal_count=1985 280 187 1705 93 76
is_linear=0
shrinkage=0.05


Tree=122
num_leaves=7
num_cat=0
split_feature=6 2 8 7 9 9
split_gain=5.52577 6.73569 4.05554 7.18435 4.39548 1.79436
threshold=480.85000000000008 1.0808597217851565 0.32688911398873938 0.46506249999999999 16.500000000000004 1.5000000000000002
decision_type=2 2 2 2 2 2
left_child=1 2 3 -1 -4 -3
right_child=-2 5 4 -5 -6 -7
leaf_value=0.0038062490350345164 0.048422354178043248 0.016016637654238608 -0.00062077996643402928 0.054708510218530397 -0.024423857549445389 -0.032083487294906746
leaf_weight=311.80151965841651 6.1657156944274893 2.1649003401398685 80.681378848850727 7.0895251631736746 25.532103341072798 18.573936782777309
leaf_count=1101 25 36 388 28 143 264
internal_value=0.00141212 0.000761997 0.00211942 0.0049379 -0.00634268 -0.0270624
internal_weight=452.009 445.843 425.105 318.891 106.213 20.7388
internal_count=1985 1960 1660 1129 531 300
is_linear=0
shrinkage=0.05


Tree=123
num_leaves=7
num_cat=0
split_feature=5 2 6 6 4 1
split_gain=37.1632 20.2684 9.87066 9.09545 8.0938 6.56186
threshold=-15.771761019587837 -0.4143936111585616 76.899999999999991 2.0000000000000022 -0.14168894026172488 0.22610530187064429
decision_type=2 2 2 2 2 2
left_child=1 2 3 -1 -3 -2
right_child=5 4 -4 -5 -6 -7
leaf_value=0.0088077001786058314 0.0092149543210481143 0.04701083720332646 -0.015772662401847905 0.031804753611207388 -0.022879748000325405 -0.035563244064555626
leaf_weight=94.614340402185917 9.1685151457786542 4.469031110405921 22.746280699968338 78.807163096964359 56.683079816401005 76.000641521066427
leaf_count=214 47 20 84 166 532 922
internal_value=-0.00211433 0.00736129 0.0151962 0.0192581 -0.0177721 -0.0307428
internal_weight=342.489 257.32 196.168 173.422 61.1521 85.1692
internal_count=1985 1016 464 380 552 969
is_linear=0
shrinkage=0.05


Tree=124
num_leaves=7
num_cat=0
split_feature=3 8 4 9 4 7
split_gain=23.0545 8.36897 5.55391 5.27091 5.10571 6.73168
threshold=0.25536160548447945 -0.33465878070077087 0.021358799415183354 20.500000000000004 0.097092782477718714 0.46190625000000002
decision_type=2 2 2 2 2 2
left_child=-1 2 3 -2 -3 -6
right_child=1 4 -4 -5 5 -7
leaf_value=-0.024865702716504273 -0.018105641894168474 0.015160362589025601 0.01055263231900817 0.027885498018659156 -0.021093568224057654 0.021487882149609117
leaf_weight=79.374457493424416 66.140491485595703 164.22502430900931 34.572410628199577 6.8776563927531233 24.387530572712421 14.984520569443701
leaf_count=485 297 826 168 40 93 76
internal_value=-0.000812481 0.00532276 -0.00595684 -0.0137737 0.0112834 -0.00488759
internal_weight=390.562 311.188 107.591 73.0181 203.597 39.3721
internal_count=1985 1500 505 337 995 169
is_linear=0
shrinkage=0.05


Tree=125
num_leaves=7
num_cat=0
split_feature=3 6 4 4 4 4
split_gain=6.8752 10.0424 8.6619 6.58758 6.46594 6.03699
threshold=0.25536160548447945 44.250000000000007 -0.03594380134196324 -0.14774060603882772 -0.076484718760137738 -0.028591366827754146
decision_type=2 2 2 2 2 2
left_child=1 3 -3 -1 -2 -6
right_child=4 2 -4 -5 5 -7
leaf_value=0.028606257676063035 -0.014973020040467876 0.039798906089223256 -0.0061653539791296326 -0.027584984023945491 0.018255941629771774 0.0024733099885424271
leaf_weight=5.7205861657857886 37.692124024033546 14.48335690051317 35.06461388990283 59.120999440550804 85.085263013839722 210.46237082779408
leaf_count=19 142 41 130 295 347 1011
internal_value=0.000899213 -0.00967721 0.00727045 -0.0226276 0.00452973 0.00701697
internal_weight=447.629 114.39 49.548 64.8416 333.24 295.548
internal_count=1985 485 171 314 1500 1358
is_linear=0
shrinkage=0.05


Tree=126
num_leaves=7
num_cat=0
split_feature=2 6 4 6 4 5
split_gain=5.18996 7.88608 6.60067 7.82211 6.16905 5.28333
threshold=-0.092697458948167791 480.85000000000008 -0.040096182450766141 0.39999999999999297 0.07234506540796061 -43.091312058610022
decision_type=2 2 2 2 2 2
left_child=5 2 3 -2 -4 -1
right_child=1 -3 4 -5 -6 -7
leaf_value=-0.001879120250157802 -0.038505304779781598 0.07724883104173004 -0.022456964073388194 0.018771993260952843 0.0038953195940468924 0.011395218041891501
leaf_weight=140.53159608691931 7.1899770759046069 2.7796820402145377 73.189982540905476 34.864530671387911 31.883209463208914 160.64644926786423
leaf_count=420 49 12 574 205 232 493
internal_value=0.00141758 -0.00618434 -0.00776064 0.00897941 -0.0144607 0.00520133
internal_weight=451.085 149.907 147.128 42.0545 105.073 301.178
internal_count=1985 1072 1060 254 806 913
is_linear=0
shrinkage=0.05


Tree=127
num_leaves=7
num_cat=0
split_feature=5 2 6 6 4 1
split_gain=34.9057 18.5853 9.14546 8.51254 7.48157 6.30714
threshold=-15.771761019587837 -0.4143936111585616 76.899999999999991 2.0000000000000022 -0.14168894026172488 0.22610530187064429
decision_type=2 2 2 2 2 2
left_child=1 2 3 -1 -3 -2
right_child=5 4 -4 -5 -6 -7
leaf_value=0.008289568497743708 0.0085922017109429216 0.044086672376456026 -0.01539377868189841 0.030598027674830316 -0.022348970890976913 -0.035241147988955626
leaf_weight=94.187898829579353 9.2369383536279184 4.5873694792389861 22.621881760656834 78.32039412483573 55.595131739974022 73.571419302374125
leaf_count=214 47 20 84 166 532 922
internal_value=-0.00214313 0.00700607 0.014498 0.0184178 -0.017285 -0.0303517
internal_weight=338.121 255.313 195.13 172.508 60.1825 82.8084
internal_count=1985 1016 464 380 552 969
is_linear=0
shrinkage=0.05


Tree=128
num_leaves=7
num_cat=0
split_feature=3 1 9 4 9 3
split_gain=21.3626 8.51589 5.26327 4.82354 4.37687 7.37128
threshold=0.25536160548447945 0.46480530128398151 19.000000000000004 -0.050190673181866589 14.500000000000002 0.54341812327455008
decision_type=2 2 2 2 2 2
left_child=-1 4 -3 -4 5 -2
right_child=1 2 3 -5 -6 -7
leaf_value=-0.024307701412662201 -0.010646812557478675 0.0083668277555727609 0.071619122797595733 0.021392408391603165 -0.01819939812499027 0.017535950331077962
leaf_weight=77.376327745616436 53.929110530763865 145.78965502232313 5.9570967480540302 24.193301759660244 40.288738340139389 40.720209009945393
leaf_count=485 254 701 40 129 172 204
internal_value=-0.000798922 0.00505232 0.0122996 0.0313162 -0.0043971 0.00147803
internal_weight=388.254 310.878 175.94 30.1504 134.938 94.6493
internal_count=1985 1500 870 169 630 458
is_linear=0
shrinkage=0.05


Tree=129
num_leaves=7
num_cat=0
split_feature=2 4 1 1 8 8
split_gain=6.54475 4.52287 3.90149 5.93993 3.78236 2.85069
threshold=-1.1539228092308977 0.05952805764176531 0.19093133786191602 0.21203990474869708 0.97139814091363341 0.75949787234703714
decision_type=2 2 2 2 2 2
left_child=1 5 -2 -4 -5 -1
right_child=2 -3 3 4 -6 -7
leaf_value=-0.024124115670046242 -0.028981086115445556 0.016133124700797499 0.048969218980649792 0.001147694724223152 0.015680153537194205 0.020844268471703051
leaf_weight=45.905342109501362 9.145757742226122 10.031267222017048 7.2249237447977057 318.14244971424341 52.107267454266548 3.8173919692635527
leaf_count=230 49 37 25 1337 294 13
internal_value=0.000907099 -0.0144931 0.00328727 0.00406909 0.00319293 -0.0206717
internal_weight=446.374 59.754 386.62 377.475 370.25 49.7227
internal_count=1985 280 1705 1656 1631 243
is_linear=0
shrinkage=0.05


Tree=130
num_leaves=7
num_cat=0
split_feature=2 6 4 6 9 4
split_gain=4.81221 7.16854 6.17203 7.30734 6.20211 4.96289
threshold=-0.092697458948167791 480.85000000000008 -0.040096182450766141 0.39999999999999297 14.500000000000002 -0.038642117656958748
decision_type=2 2 2 2 2 2
left_child=5 2 3 -2 -4 -1
right_child=1 -3 4 -5 -6 -7
leaf_value=-0.004880270624314567 -0.037931261860144602 0.072601828183280967 -0.025214145176325253 0.017971322139370506 -0.00071046517336635444 0.009210546133237317
leaf_weight=88.56890295445919 7.0112206451594821 2.8506641760468474 56.41152248904109 35.164506331086159 47.624922461807728 212.21445237845182
leaf_count=266 49 12 469 205 337 647
internal_value=0.00142079 -0.00592524 -0.00745626 0.00867817 -0.0139971 0.00506135
internal_weight=449.846 149.063 146.212 42.1757 104.036 300.783
internal_count=1985 1072 1060 254 806 913
is_linear=0
shrinkage=0.05


Tree=131
num_leaves=7
num_cat=0
split_feature=5 3 6 7 1 5
split_gain=32.5878 16.9235 8.09023 7.83946 6.10746 8.87517
threshold=-15.771761019587837 0.32776708842389196 45.750000000000021 0.31868750000000007 0.22610530187064429 72.001102106580944
decision_type=2 2 2 2 2 2
left_child=1 2 -1 -4 5 -2
right_child=4 -3 3 -5 -6 -7
leaf_value=0.019632582762511706 0.050647750397963189 -0.014577939113238665 -0.04266871512627312 0.0084047677349862789 -0.034908047559943499 -0.048197928018458146
leaf_weight=148.68893744796515 5.2930508106946927 68.724434968084097 10.699870303273199 25.229084741324186 71.130373291671276 3.9773470126092434
leaf_count=309 24 602 32 73 922 23
internal_value=-0.00219887 0.00660285 0.0144875 -0.00680524 -0.0299331 0.00823926
internal_weight=333.743 253.342 184.618 35.929 80.4008 9.2704
internal_count=1985 1016 414 105 969 47
is_linear=0
shrinkage=0.05


Tree=132
num_leaves=7
num_cat=0
split_feature=2 8 6 7 8 9
split_gain=19.8166 8.83247 5.87046 6.80246 5.6747 5.62027
threshold=0.029210917329977801 0.080311366919769561 2.5000000000000075 0.28590625000000008 -0.58518977555545015 20.500000000000004
decision_type=2 2 2 2 2 2
left_child=1 -1 -2 4 -4 -5
right_child=2 -3 3 5 -6 -7
leaf_value=-0.02070069165210996 0.025145125609422444 0.0025893867244580105 -0.039400171986767152 0.0095808771393075445 -9.6705433554194163e-05 0.066673765829245557
leaf_weight=120.1250655092299 48.199243761599064 61.574467375874519 12.722481310367582 105.63755675405264 33.017785005271435 4.4939297288656226
leaf_count=694 262 299 45 508 147 30
internal_value=-0.000798374 -0.0128081 0.00989481 0.00517904 -0.0110288 0.0119106
internal_weight=385.771 181.7 204.071 155.872 45.7403 110.131
internal_count=1985 993 992 730 192 538
is_linear=0
shrinkage=0.05


Tree=133
num_leaves=7
num_cat=0
split_feature=3 6 4 4 4 4
split_gain=5.90786 9.03487 7.79204 7.6188 5.92416 5.67513
threshold=0.25536160548447945 44.250000000000007 -0.03594380134196324 -0.18594345402089382 -0.076484718760137738 0.049529088292457057
decision_type=2 2 2 2 2 2
left_child=1 3 -3 -1 -2 -5
right_child=4 2 -4 5 -6 -7
leaf_value=0.036919798308159411 -0.014508236549795404 0.037540820385978002 -0.0059396047331758189 -0.031085056165076369 0.0065962538895357886 0.032266018750475634
leaf_weight=5.0911725312471381 37.458185318857431 14.623033858835695 34.885885745286942 53.553350415080786 296.12180313467979 3.7850019820034495
leaf_count=15 142 41 130 281 1358 18
internal_value=0.000891047 -0.00904841 0.00690284 -0.0216983 0.0042264 -0.0269031
internal_weight=445.518 111.938 49.5089 62.4295 333.58 57.3384
internal_count=1985 485 171 314 1500 299
is_linear=0
shrinkage=0.05


Tree=134
num_leaves=7
num_cat=0
split_feature=1 1 2 4 5 5
split_gain=4.8472 4.47362 4.36554 7.86307 4.35144 3.25955
threshold=0.23372520263175486 0.78380978922095312 0.63561307544133905 -0.12049095342609382 -1.2239241234423399 -55.78243991136646
decision_type=2 2 2 2 2 2
left_child=-1 2 5 -4 -3 -2
right_child=1 4 3 -5 -6 -7
leaf_value=0.01251845413376701 -0.0069109749790245856 -0.0027449285653876909 0.066376262936775038 -0.022008785349733717 0.081703717171996842 0.0038429403320868424
leaf_weight=80.530582539737225 105.20394480973482 2.9187908284366131 2.6812002807855597 40.932477682828903 3.1953721828758708 213.38467601686716
leaf_count=208 396 24 16 503 18 820
internal_value=0.00140635 -0.00102325 -0.0017392 -0.0165752 0.0413895 0.000291796
internal_weight=448.847 368.316 362.202 43.6137 6.11416 318.589
internal_count=1985 1777 1735 519 42 1216
is_linear=0
shrinkage=0.05


Tree=135
num_leaves=7
num_cat=0
split_feature=0 6 2 4 2 6
split_gain=24.3602 10.3526 8.84974 8.5881 7.33995 4.04763
threshold=2.5000000000000004 155.45000000000005 0.53960278538607809 0.11038669760644897 -1.6435202251082124 0.20000000000001597
decision_type=2 2 2 2 2 2
left_child=1 2 3 -1 -2 -6
right_child=4 -3 -4 -5 5 -7
leaf_value=-0.0059682919037003929 0.030218530495442038 -0.037792878530635871 -0.036017187673501531 0.047811726812448871 -0.018268399962981834 0.011289880521074248
leaf_weight=142.2218029499054 50.24626512080431 34.066004283726215 23.736774809658527 7.8320617303252211 14.534624502062796 57.013128578662872
leaf_count=785 103 465 436 50 32 114
internal_value=-0.00218481 -0.0125892 -0.00764879 -0.00316124 0.0155715 0.00528524
internal_weight=329.651 207.857 173.791 150.054 121.794 71.5478
internal_count=1985 1736 1271 835 249 146
is_linear=0
shrinkage=0.05


Tree=136
num_leaves=7
num_cat=0
split_feature=3 8 4 4 6 9
split_gain=18.8532 7.20716 5.13034 4.6823 5.78603 4.65152
threshold=0.25536160548447945 -0.33465878070077087 0.021358799415183354 0.097092782477718714 170.25000000000003 20.500000000000004
decision_type=2 2 2 2 2 2
left_child=-1 2 5 -3 -5 -2
right_child=1 3 -4 4 -6 -7
leaf_value=-0.023407739393869115 -0.017638520734338036 0.013910669621397462 0.0099868624762070746 -0.029633462213993864 0.0098681867027884153 0.025545189901005134
leaf_weight=74.197808932512999 64.936570648103952 163.47799241542816 34.414060279726982 15.073526032268999 24.07848996669054 6.8982820585370055
leaf_count=485 297 826 168 54 115 40
internal_value=-0.000775988 0.00466053 -0.00588692 0.0101911 -0.00533995 -0.0134916
internal_weight=383.077 308.879 106.249 202.63 39.152 71.8349
internal_count=1985 1500 505 995 169 337
is_linear=0
shrinkage=0.05


Tree=137
num_leaves=7
num_cat=0
split_feature=2 4 5 1 7 2
split_gain=5.66095 4.17628 3.61062 7.32577 5.08794 4.35284
threshold=-1.1539228092308977 0.05952805764176531 141.05941891620563 0.46480530128398151 0.29718750000000005 -1.0673642260755591
decision_type=2 2 2 2 2 2
left_child=1 -1 5 4 -4 -2
right_child=2 -3 3 -5 -6 -7
leaf_value=-0.019831472188783186 0.037430687643579583 0.015551788514476526 0.020796128694355681 -0.01480154673877563 0.074456464903968483 0.00070885825818647104
leaf_weight=47.925463762134314 8.2636891826987249 10.096195776015518 17.090529598295692 11.083438403904436 5.9573041573166838 343.97920760512352
leaf_count=243 29 37 69 74 22 1511
internal_value=0.000888069 -0.0136745 0.00307493 0.0186024 0.034666 0.00157036
internal_weight=444.396 58.0217 386.374 34.1313 23.0478 352.243
internal_count=1985 280 1705 165 91 1540
is_linear=0
shrinkage=0.05


Tree=138
num_leaves=7
num_cat=0
split_feature=2 6 4 6 4 7
split_gain=4.18034 6.30171 5.62988 6.67444 5.96019 4.52554
threshold=-0.092697458948167791 480.85000000000008 -0.040096182450766141 0.39999999999999297 0.07234506540796061 0.12078125000000002
decision_type=2 2 2 2 2 2
left_child=5 2 3 -2 -4 -1
right_child=1 -3 4 -5 -6 -7
leaf_value=0.019987354904429995 -0.037179288801768177 0.067179144044231878 -0.021348121075104688 0.017066061453867198 0.0048274680692041707 0.0022982118376354797
leaf_weight=42.041944533586502 6.7505117245018473 2.9227756559848777 70.891727741807699 35.447291601449251 31.371052660048008 258.32206591963768
leaf_count=98 49 12 574 205 232 815
internal_value=0.00138993 -0.00550704 -0.00697765 0.00838827 -0.0133183 0.00477416
internal_weight=447.747 147.383 144.461 42.1978 102.263 300.364
internal_count=1985 1072 1060 254 806 913
is_linear=0
shrinkage=0.05


Tree=139
num_leaves=7
num_cat=0
split_feature=5 2 2 4 1 5
split_gain=29.2839 15.0998 8.31267 6.89692 5.90419 6.80302
threshold=-15.771761019587837 -0.4143936111585616 -2.1839497393028418 -0.14168894026172488 0.22610530187064429 29.764867273675193
decision_type=2 2 2 2 2 2
left_child=1 2 -1 -3 5 -2
right_child=4 3 -4 -5 -6 -7
leaf_value=0.043663623020952773 0.057578877558975561 0.042118675762738991 0.0093440452172596708 -0.021335319611567108 -0.034387654438488874 -0.029094126071274519
leaf_weight=19.6640689894557 3.9778144471347314 4.6558020748198023 171.75169512629509 53.380589662119746 67.365779027342796 5.2547442130744457
leaf_count=42 18 20 422 532 922 29
internal_value=-0.00220742 0.00609602 0.0128697 -0.0162449 -0.0292486 0.00824862
internal_weight=326.05 249.452 191.416 58.0364 76.5983 9.23256
internal_count=1985 1016 464 552 969 47
is_linear=0
shrinkage=0.05


Tree=140
num_leaves=7
num_cat=0
split_feature=2 7 9 4 2 2
split_gain=17.5837 9.69687 7.67211 11.2951 5.5907 5.20143
threshold=-0.96618538381500418 0.20706249999999998 20.500000000000004 0.11842680969354241 0.14667662195842548 0.70527799902035149
decision_type=2 2 2 2 2 2
left_child=-1 4 5 -4 -2 -3
right_child=1 2 3 -5 -6 -7
leaf_value=-0.027335325002072655 -0.03000703074729141 -0.00012361722482809369 0.052096569175111532 -0.020206475863229517 0.0033982150037177418 0.015812501006165814
leaf_weight=53.647762471809983 30.540292132645845 176.05953707918525 19.870406195521358 7.4180163741111746 21.232866585254669 72.20170396566391
leaf_count=352 170 798 126 29 98 412
internal_value=-0.000801991 0.00354679 0.00727714 0.0324419 -0.0163071 0.00451108
internal_weight=380.971 327.323 275.55 27.2884 51.7732 248.261
internal_count=1985 1633 1365 155 268 1210
is_linear=0
shrinkage=0.05


Tree=141
num_leaves=7
num_cat=0
split_feature=3 4 4 4 4 3
split_gain=5.20186 7.11459 6.97153 5.45739 5.52829 12.6594
threshold=0.25536160548447945 -0.20692615216410695 0.048596006955385011 -0.076484718760137738 -0.028591366827754146 0.52023967538175608
decision_type=2 2 2 2 2 2
left_child=1 -1 -3 -2 5 -5
right_child=3 2 -4 4 -6 -7
leaf_value=0.046703329890880892 -0.014067602128187435 -0.017253116142138914 0.017491008502386395 0.034363212905830151 0.001900906779353185 -0.0043380626105400649
leaf_weight=5.5300773084163657 37.229001708328724 87.074436794966459 17.307773131877184 47.034235000610352 211.18474272638559 38.366166688501835
leaf_count=16 142 408 61 120 1011 227
internal_value=0.000870425 -0.00856412 -0.0114921 0.00397686 0.0062419 0.0169766
internal_weight=443.726 109.912 104.382 333.814 296.585 85.4004
internal_count=1985 485 469 1500 1358 347
is_linear=0
shrinkage=0.05


Tree=142
num_leaves=7
num_cat=0
split_feature=1 8 1 7 5 5
split_gain=4.2247 5.51404 9.12855 7.09343 7.6528 5.02228
threshold=0.23372520263175486 0.90206685440881762 0.75268309973587166 0.46812500000000001 16.629490840904548 54.328156845009111
decision_type=2 2 2 2 2 2
left_child=-1 3 5 -2 -5 -3
right_child=1 2 -4 4 -6 -7
leaf_value=0.011730583371552391 -0.00083612610994170545 -0.044576422768237881 0.04005612012571786 0.043398157677841748 -0.015334242145202823 -0.0088159189380697632
leaf_weight=80.758227895945311 294.05150910839438 18.904407177120447 6.0315255485475054 18.818565633147958 7.8640692792832843 20.427502583712339
leaf_count=208 1319 140 32 85 40 161
internal_value=0.00137942 -0.00090397 -0.0172204 0.00140377 0.0260882 -0.0260038
internal_weight=446.856 366.098 45.3634 320.734 26.6826 39.3319
internal_count=1985 1777 333 1444 125 301
is_linear=0
shrinkage=0.05


Tree=143
num_leaves=7
num_cat=0
split_feature=2 6 2 4 8 9
split_gain=20.844 11.5354 8.52016 8.78369 5.01976 7.16585
threshold=-1.1872726761504093 138.85000000000005 0.53960278538607809 0.11038669760644897 -0.67784313856122369 10.500000000000002
decision_type=2 2 2 2 2 2
left_child=4 2 3 -2 -1 -6
right_child=1 -3 -4 -5 5 -7
leaf_value=0.026369196825542448 -0.0045531720934662645 -0.037956721755391894 -0.035413201721406655 0.051263660874030059 0.023826216957760875 -0.017977036881031815
leaf_weight=58.113471757620573 161.29807870462537 32.931758334860206 21.678830780088902 7.3704018369317046 21.112304668873549 19.927902512252331
leaf_count=140 780 478 419 44 53 71
internal_value=-0.00216199 -0.0106337 -0.00590658 -0.00211411 0.016915 0.0035278
internal_weight=322.433 223.279 190.347 168.668 99.1537 41.0402
internal_count=1985 1721 1243 824 264 124
is_linear=0
shrinkage=0.05


Tree=144
num_leaves=7
num_cat=0
split_feature=2 7 9 4 8 2
split_gain=16.3872 8.9806 7.14317 10.3508 5.55013 5.27189
threshold=-0.96618538381500418 0.20706249999999998 20.500000000000004 0.11842680969354241 -0.5343089431198651 0.14667662195842548
decision_type=2 2 2 2 2 2
left_child=-1 5 4 -4 -3 -2
right_child=1 2 3 -5 -6 -7
leaf_value=-0.026829038181384064 -0.029479064161981757 -0.0094079973428953748 0.049929646345917213 -0.019419262894818153 0.0083506853944177156 0.003126237623745871
leaf_weight=52.180762125179172 29.799684513360262 57.208335716277361 19.923080626875166 7.3714531585574141 190.51486235111952 21.229228474199772
leaf_count=352 170 273 126 29 937 98
internal_value=-0.00081364 0.00334989 0.00692435 0.0312005 0.00424956 -0.0159145
internal_weight=378.227 326.047 275.018 27.2945 247.723 51.0289
internal_count=1985 1633 1365 155 1210 268
is_linear=0
shrinkage=0.05


Tree=145
num_leaves=7
num_cat=0
split_feature=2 5 7 3 9 6
split_gain=4.88866 3.78226 3.53103 4.67433 3.17533 4.29856
threshold=-1.1539228092308977 -28.168194989676262 0.080656249999999971 0.46178578208311621 20.500000000000004 0.10000000000000712
decision_type=2 2 2 2 2 2
left_child=1 -1 3 -2 5 -4
right_child=2 -3 4 -5 -6 -7
leaf_value=-0.025592268929146914 -0.031544870844666111 0.00026531934424395802 0.019653192190474428 0.016372278343632522 -0.009830403027749679 0.0033037169572296115
leaf_weight=28.721147993579507 15.706666484475138 27.860477671027184 46.974443588405848 7.5292938128113738 36.817931279540062 278.8821480050683
leaf_count=187 64 93 176 32 189 1244
internal_value=0.000865032 -0.0128601 0.0028774 -0.016018 0.00408799 0.0056606
internal_weight=442.492 56.5816 385.91 23.236 362.675 325.857
internal_count=1985 280 1705 96 1609 1420
is_linear=0
shrinkage=0.05


Tree=146
num_leaves=7
num_cat=0
split_feature=6 8 1 3 3 1
split_gain=3.83475 4.78915 5.92253 9.52495 5.43573 4.64948
threshold=480.85000000000008 0.33581432438442022 0.72315057237092728 0.72790475742399308 0.41921347397424785 0.49632910220250387
decision_type=2 2 2 2 2 2
left_child=1 5 4 -4 -3 -1
right_child=-2 2 3 -5 -6 -7
leaf_value=0.0078849877960645957 0.039726072781177769 -0.0013060711710484486 0.069268024366211878 -0.011790601535298198 -0.024788549869367252 -0.0050371833714017893
leaf_weight=224.80383902788162 6.418625980615615 51.806207783520222 6.1153696775436392 8.8963496871292573 47.002954505383968 100.83324264734983
leaf_count=755 25 166 27 82 419 511
internal_value=0.00135812 0.000797729 -0.00803096 0.0212305 -0.0124766 0.00388365
internal_weight=445.877 439.458 113.821 15.0117 98.8092 325.637
internal_count=1985 1960 694 109 585 1266
is_linear=0
shrinkage=0.05


Tree=147
num_leaves=7
num_cat=0
split_feature=3 6 2 2 6 1
split_gain=25.251 11.6047 6.52264 5.71687 6.86355 5.80695
threshold=0.39401234014669356 75.65000000000002 -2.2727456509388326 -1.6435202251082124 2.0000000000000022 0.50356720618464312
decision_type=2 2 2 2 2 2
left_child=1 3 -3 5 -5 -1
right_child=-2 2 -4 4 -6 -7
leaf_value=0.035929290766666226 -0.025601254586878591 0.03438468724318005 -0.028112863994167403 -0.0048522772288985211 0.016316042016425045 -0.0083265045573230282
leaf_weight=35.596577055752277 84.334235403686762 4.8172525241971007 31.304570522159338 71.743528500199318 82.128248333930969 9.3615468069910985
leaf_count=82 1234 15 201 181 244 28
internal_value=-0.00213158 0.00629269 -0.0197781 0.011029 0.0064462 0.026714
internal_weight=319.286 234.952 36.1218 198.83 153.872 44.9581
internal_count=1985 751 216 535 425 110
is_linear=0
shrinkage=0.05


Tree=148
num_leaves=7
num_cat=0
split_feature=2 1 2 6 1 7
split_gain=15.274 8.86275 4.97045 5.6818 4.2944 3.65566
threshold=-0.96618538381500418 0.46480530128398151 0.14667662195842548 2.5000000000000075 0.52283059789613107 0.201375
decision_type=2 2 2 2 2 2
left_child=-1 2 5 -4 -3 -2
right_child=1 4 3 -5 -6 -7
leaf_value=-0.026325266913020968 -0.029988640045566367 0.028918905410068148 0.026125648908568718 -0.0052883994674374412 0.0074301534697198473 -0.0070651980930567099
leaf_weight=50.77556474506855 24.844103284180164 27.622500229626894 20.730506055057049 47.090274646878242 146.87125401198864 57.980776555836201
leaf_count=352 150 159 111 206 717 290
internal_value=-0.00082123 0.00316162 -0.00572284 0.00431381 0.0108318 -0.0139413
internal_weight=375.915 325.139 150.646 67.8208 174.494 82.8249
internal_count=1985 1633 757 317 876 440
is_linear=0
shrinkage=0.05


Tree=149
num_leaves=7
num_cat=0
split_feature=2 5 5 9 2 3
split_gain=4.52157 3.568 3.39219 5.9298 3.94997 4.50424
threshold=-1.1539228092308977 -43.091312058610022 141.05941891620563 7.0000000000000009 -1.0673642260755591 0.25947996592746875
decision_type=2 2 2 2 2 2
left_child=1 -1 4 -4 -2 -6
right_child=2 -3 3 -5 5 -7
leaf_value=-0.027678155244727828 0.035169402935375953 -0.0019465670146327702 -0.010026696022141677 0.033420094414109543 -0.01420950142185836 0.0027216984459489065
leaf_weight=22.76621681265533 8.4121378734707815 32.999612003564835 12.249224655330179 21.884887579828501 45.244936425238848 298.02124601602554
leaf_count=157 29 123 73 92 182 1329
internal_value=0.000856652 -0.0124514 0.00278022 0.017829 0.00131957 0.000490045
internal_weight=441.578 55.7658 385.812 34.1341 351.678 343.266
internal_count=1985 280 1705 165 1540 1511
is_linear=0
shrinkage=0.05


Tree=150
num_leaves=7
num_cat=0
split_feature=2 3 8 7 4 4
split_gain=3.70296 4.63691 3.59292 11.06 7.36276 2.90488
threshold=1.0808597217851565 0.89060116089341412 0.49857781308204102 0.46812500000000001 0.15287502696747715 0.11609036295066506
decision_type=2 2 2 2 2 2
left_child=1 2 3 -1 -4 -2
right_child=5 -3 4 -5 -6 -7
leaf_value=0.002557227738044684 -0.029893451033474811 0.047019242830349535 -0.011356221281143025 0.058392990366292412 0.045031980003700949 0.017063389524378997
leaf_weight=323.4423010982573 15.44539498537779 5.7264372967183581 80.864495031535625 9.1189142987132055 6.235394373536109 4.1862893886864176
leaf_count=1173 249 38 409 34 27 55
internal_value=0.0013506 0.00233041 0.00172061 0.00408826 -0.00731945 -0.0198803
internal_weight=445.019 425.388 419.661 332.561 87.0999 19.6317
internal_count=1985 1681 1643 1207 436 304
is_linear=0
shrinkage=0.05


Tree=151
num_leaves=7
num_cat=0
split_feature=5 2 2 6 4 1
split_gain=25.8136 12.3344 7.44483 12.0295 6.38712 5.603
threshold=-15.771761019587837 -0.4143936111585616 -2.2727456509388326 76.899999999999991 -0.14168894026172488 0.66853454502743836
decision_type=2 2 2 2 2 2
left_child=1 2 -1 -4 -3 -6
right_child=-2 4 3 -5 5 -7
leaf_value=0.045068722346786071 -0.028401273327970534 0.040770211783847182 0.013322409579831921 -0.029718735591429908 -0.026573704004135057 0.022657258433554317
leaf_weight=15.412351623177527 72.116894960403442 4.6977743320167056 154.50404733419418 18.139670688658953 44.344165310263634 6.6455392725765696
leaf_count=34 969 20 353 77 447 85
internal_value=-0.00212312 0.00565186 0.0117725 0.00880008 -0.0150176 -0.0201574
internal_weight=315.86 243.744 188.056 172.644 55.6875 50.9897
internal_count=1985 1016 464 430 552 532
is_linear=0
shrinkage=0.05


Tree=152
num_leaves=7
num_cat=0
split_feature=2 7 9 4 8 2
split_gain=14.2811 7.92577 6.39913 9.50539 5.03415 4.74009
threshold=-0.96618538381500418 0.20706249999999998 20.500000000000004 0.11842680969354241 -0.5343089431198651 0.14667662195842548
decision_type=2 2 2 2 2 2
left_child=-1 5 4 -4 -3 -2
right_child=1 2 3 -5 -6 -7
leaf_value=-0.025823803616898813 -0.028621596297186715 -0.0092258670210077082 0.04726762742054752 -0.019269722574477489 0.007724769427981823 0.0025786632387050754
leaf_weight=49.424894260242581 28.567733047530055 56.902085844427347 19.925363738089803 7.3466644287109366 190.26010206341743 21.212478220462799
leaf_count=352 170 273 126 29 937 98
internal_value=-0.000787637 0.003029 0.00635854 0.0293435 0.00382237 -0.0153265
internal_weight=373.639 324.214 274.434 27.272 247.162 49.7802
internal_count=1985 1633 1365 155 1210 268
is_linear=0
shrinkage=0.05


Tree=153
num_leaves=7
num_cat=0
split_feature=2 1 7 7 5 7
split_gain=4.19004 3.81702 12.0843 5.08417 3.99535 3.34953
threshold=-1.1539228092308977 0.50356720618464312 0.27240625000000002 0.41318749999999999 -23.844123544000599 0.069437500000000027
decision_type=2 2 2 2 2 2
left_child=1 4 -3 -4 -1 -2
right_child=5 2 3 -5 -6 -7
leaf_value=-0.036939593262582171 -0.044903498301418127 0.073877323480119508 -0.039436948583957819 0.01633464632601218 -0.0017415903209830861 0.0031483153437079775
leaf_weight=19.848073020577431 3.6614033281803122 4.844305299222472 9.64105447009206 7.0924456343054763 13.577451877295969 382.0108720138669
leaf_count=144 23 24 43 22 47 1682
internal_value=0.000850916 -0.0120593 0.00433423 -0.0157983 -0.0226422 0.00269213
internal_weight=440.676 55.0033 21.5778 16.7335 33.4255 385.672
internal_count=1985 280 89 65 191 1705
is_linear=0
shrinkage=0.05


Tree=154
num_leaves=7
num_cat=0
split_feature=1 8 1 7 5 5
split_gain=3.50306 4.76605 8.29317 5.89253 7.0251 4.97042
threshold=0.23372520263175486 0.90206685440881762 0.75268309973587166 0.46812500000000001 -23.630490330963152 54.328156845009111
decision_type=2 2 2 2 2 2
left_child=-1 3 5 -2 -5 -3
right_child=1 2 -4 4 -6 -7
leaf_value=0.010739420220816323 -0.00070122478250751589 -0.043910359596185583 0.03783388212537233 0.07613675522657741 0.011297849462599468 -0.0076582042955516197
leaf_weight=80.906067181378603 292.24225632473826 18.034407824277878 6.1174457743763915 5.1686494722962406 21.786073610186577 19.875324033200741
leaf_count=208 1319 140 32 20 105 161
internal_value=0.00133059 -0.000765168 -0.0161868 0.00136196 0.0237309 -0.0249041
internal_weight=444.13 363.224 44.0272 319.197 26.9547 37.9097
internal_count=1985 1777 333 1444 125 301
is_linear=0
shrinkage=0.05


Tree=155
num_leaves=7
num_cat=0
split_feature=5 2 2 6 1 5
split_gain=24.2115 11.2907 7.1357 9.81867 5.69177 6.29655
threshold=-15.771761019587837 -0.4143936111585616 -2.1839497393028418 76.899999999999991 0.22610530187064429 29.764867273675193
decision_type=2 2 2 2 2 2
left_child=1 2 -1 -4 5 -2
right_child=4 -3 3 -5 -6 -7
leaf_value=0.040966428578065615 0.055396806800749515 -0.014573550428635916 0.012098738213234206 -0.027568743668805712 -0.033468137040634297 -0.028204659454474253
leaf_weight=18.193753585219383 4.0461221337318403 54.908058041706681 151.25070957839489 17.393974762409925 61.193929750472307 5.0799541436135769
leaf_count=42 18 552 347 75 922 29
internal_value=-0.00215224 0.00535909 0.0112169 0.00800744 -0.0279747 0.00886075
internal_weight=312.067 241.746 186.838 168.645 70.32 9.12608
internal_count=1985 1016 464 422 969 47
is_linear=0
shrinkage=0.05


Tree=156
num_leaves=7
num_cat=0
split_feature=3 1 8 4 8 8
split_gain=13.2321 6.37382 5.94738 6.58228 4.59085 4.14569
threshold=0.25536160548447945 0.46480530128398151 0.16721635979913149 -0.063786356889783388 1.2574400707005009 1.0979618998208491
decision_type=2 2 2 2 2 2
left_child=-1 2 -2 -4 5 -3
right_child=1 4 3 -5 -6 -7
leaf_value=-0.020984731280741756 -0.014139979381575008 0.009561936317006187 -0.027814558858652097 0.015335766100533691 0.037501993748813058 -0.024298718574481515
leaf_weight=66.516142813488841 73.369505666196346 150.03049501776695 10.86989241093397 47.27686820179224 13.879295468330382 9.619105711579321
leaf_count=485 358 746 38 234 87 37
internal_value=-0.000778417 0.00362764 -0.00467438 0.00726929 0.00991968 0.00752179
internal_weight=371.561 305.045 131.516 58.1468 173.529 159.65
internal_count=1985 1500 630 272 870 783
is_linear=0
shrinkage=0.05


Tree=157
num_leaves=7
num_cat=0
split_feature=3 4 4 4 4 3
split_gain=3.94523 6.40494 6.30009 5.15667 4.94718 11.1234
threshold=0.25536160548447945 -0.20692615216410695 0.048596006955385011 -0.076484718760137738 -0.030362097711991044 0.52023967538175608
decision_type=2 2 2 2 2 2
left_child=1 -1 -3 -2 5 -5
right_child=3 2 -4 4 -6 -7
leaf_value=0.044719407830459829 -0.01406436587579513 -0.01613906949011111 0.016996067703703811 0.032942916927767317 0.0017330051621195241 -0.004232574616042358
leaf_weight=5.5528719425201407 37.12185500189662 83.407620431855321 17.325016807764769 44.707438990473747 215.15083951503038 36.589795917272568
leaf_count=16 142 408 61 114 1029 215
internal_value=0.000830599 -0.00755835 -0.0104402 0.00350357 0.00570347 0.0162112
internal_weight=439.855 106.286 100.733 333.57 296.448 81.2972
internal_count=1985 485 469 1500 1358 329
is_linear=0
shrinkage=0.05


Tree=158
num_leaves=7
num_cat=0
split_feature=6 8 1 3 7 1
split_gain=3.36324 4.21198 5.3161 7.97497 5.28153 5.15927
threshold=480.85000000000008 0.33581432438442022 0.72872808666520972 0.72790475742399308 0.46506249999999999 0.49632910220250387
decision_type=2 2 2 2 2 2
left_child=1 4 -3 -4 5 -1
right_child=-2 2 3 -5 -6 -7
leaf_value=0.0068749314872868037 0.037201925697440331 -0.011689300073461167 0.066969414055873588 -0.0097827811322737605 0.045483784617008437 -0.0070443501560985087
leaf_weight=222.29209052026272 6.4368861466646186 97.991708163172007 5.6737105548381797 8.3880131393671018 7.3834533281624308 95.033073261380196
leaf_count=748 25 593 24 77 29 489
internal_value=0.00132343 0.000794658 -0.00756378 0.0211857 0.00367906 0.00270636
internal_weight=443.199 436.762 112.053 14.0617 324.709 317.325
internal_count=1985 1960 694 101 1266 1237
is_linear=0
shrinkage=0.05


Tree=159
num_leaves=7
num_cat=0
split_feature=5 3 1 4 9 4
split_gain=22.7842 10.451 5.10229 4.55152 7.84193 4.35459
threshold=-10.34256877677368 0.33262995950056556 0.15327755887266964 0.11038669760644897 21.500000000000004 -0.079990848010145929
decision_type=2 2 2 2 2 2
left_child=1 -1 -2 5 -5 -3
right_child=2 3 -4 4 -6 -7
leaf_value=0.01080907907341481 0.028263657956974716 0.014615071189073684 -0.033044436219821234 -0.0063777551019847034 0.10628518632752088 -0.023297414436960116
leaf_weight=181.36976696923375 3.6058164760470381 8.9708307068794948 57.682279607281089 5.9816513825207931 2.0821989737451077 48.640465319156647
leaf_count=440 8 65 877 79 12 504
internal_value=-0.00214915 0.00462066 -0.0294374 -0.0124694 0.0227134 -0.0173939
internal_weight=308.333 247.045 61.2881 65.6751 8.06385 57.6113
internal_count=1985 1100 885 660 91 569
is_linear=0
shrinkage=0.05


Tree=160
num_leaves=7
num_cat=0
split_feature=2 1 8 4 8 2
split_gain=12.6941 7.31967 6.756 5.61375 5.02728 4.18961
threshold=-0.96618538381500418 0.46480530128398151 0.16721635979913149 -0.063786356889783388 1.2574400707005009 0.14667662195842548
decision_type=2 2 2 2 2 2
left_child=-1 2 5 -4 -3 -2
right_child=1 4 3 -5 -6 -7
leaf_value=-0.024990689511479713 -0.024022224586567217 0.0072054767240933978 -0.023298562968897263 0.014277488439461781 0.038502087531109674 -0.0015079885606447485
leaf_weight=47.257179234176874 49.472815692424774 160.05936338379979 12.345469795167444 51.005192682147026 13.94986482709646 35.483743503689766
leaf_count=352 296 787 47 256 89 158
internal_value=-0.00078996 0.00275829 -0.00540339 0.00695485 0.00971444 -0.0146187
internal_weight=369.574 322.316 148.307 63.3507 174.009 84.9566
internal_count=1985 1633 757 303 876 454
is_linear=0
shrinkage=0.05


Tree=161
num_leaves=7
num_cat=0
split_feature=3 4 4 3 3 6
split_gain=3.84636 6.71798 8.68936 7.99286 6.47595 7.87158
threshold=0.39401234014669356 -0.030362097711991044 0.047057127907912506 0.35357239345472607 0.49653825988015249 181.95000000000005
decision_type=2 2 2 2 2 2
left_child=1 -1 -3 -4 5 -2
right_child=4 2 3 -5 -6 -7
leaf_value=0.0073447845743533349 0.023352488483298604 -0.020874967380955733 0.019435294313128654 -0.038456396501883358 -0.00054557893263536424 -0.02304224550674247
leaf_weight=74.670276660472155 66.508772179484367 82.256422962993383 30.401948463171721 7.4167720079421988 166.89689138904214 10.599540591239927
leaf_count=268 193 351 105 27 996 45
internal_value=0.000808747 -0.0044315 -0.0117547 0.00808194 0.00499109 0.0169749
internal_weight=438.751 194.745 120.075 37.8187 244.005 77.1083
internal_count=1985 751 483 132 1234 238
is_linear=0
shrinkage=0.05


Tree=162
num_leaves=7
num_cat=0
split_feature=2 4 3 7 1 4
split_gain=3.37121 7.6758 3.92412 4.33631 3.57881 3.1771
threshold=0.68129720146919071 -0.12049095342609382 0.52738103958563964 0.49306250000000001 0.75890547429804489 0.12611174129684269
decision_type=2 2 2 2 2 2
left_child=4 -2 -3 -4 5 -1
right_child=1 2 3 -5 -6 -7
leaf_value=0.00094676772428526192 0.072632708233554874 0.056287747798578161 -0.026286628410330699 0.029477747465006771 0.037866741963422879 0.019574008430278542
leaf_weight=368.21697096154094 2.5187230408191672 1.731354385614394 34.569168612360954 3.8771484792232505 7.1226924881339064 24.408921748399734
leaf_count=1322 14 7 485 30 25 102
internal_value=0.00131562 -0.012039 -0.017347 -0.020663 0.002742 0.00210479
internal_weight=442.445 42.6964 40.1777 38.4463 399.749 392.626
internal_count=1985 536 522 515 1449 1424
is_linear=0
shrinkage=0.05


Tree=163
num_leaves=7
num_cat=0
split_feature=5 2 7 5 4 2
split_gain=21.5699 10.172 5.01759 4.55126 4.50589 7.47513
threshold=-10.34256877677368 -1.1872726761504093 0.2774687500000001 -80.762440640842854 -0.044048361969556048 -2.2727456509388326
decision_type=2 2 2 2 2 2
left_child=1 4 -3 -4 -1 -6
right_child=-2 2 3 -5 5 -7
leaf_value=0.036928481225617552 -0.029096739637882327 0.0029194638408841797 -0.051275078096396212 -0.0097419884441667381 0.047996039991993415 0.0033560744352489021
leaf_weight=23.316485673189163 59.600724248215556 108.08888608776033 7.817855602130293 42.20500978641212 11.399019077420233 52.894872292876244
leaf_count=52 885 483 79 328 26 132
internal_value=-0.00211244 0.00443269 -0.00313993 -0.016233 0.0180991 0.0112705
internal_weight=305.323 245.722 158.112 50.0229 87.6104 64.2939
internal_count=1985 1100 890 407 210 158
is_linear=0
shrinkage=0.05


Tree=164
num_leaves=7
num_cat=0
split_feature=2 1 2 9 9 3
split_gain=11.8096 6.77003 4.02369 6.13448 3.92705 4.40317
threshold=-0.96618538381500418 0.46480530128398151 0.14667662195842548 7.0000000000000009 19.000000000000004 0.44110923534644514
decision_type=2 2 2 2 2 2
left_child=-1 2 -2 -4 5 -3
right_child=1 4 3 -5 -6 -7
leaf_value=-0.024475200783989043 -0.012855183452532252 0.025692437547218734 0.026493410337937475 -0.0062723317164790383 0.026025449525150852 0.0020649652993078153
leaf_weight=46.022164903581142 80.012693390250206 23.559089049696922 20.561578258872032 46.795593731105328 29.182722710072994 120.95220325142145
leaf_count=352 440 132 114 203 168 576
internal_value=-0.000787839 0.00260757 -0.00527482 0.0037298 0.00929535 0.00591686
internal_weight=367.086 321.064 147.37 67.3572 173.694 144.511
internal_count=1985 1633 757 317 876 708
is_linear=0
shrinkage=0.05


Tree=165
num_leaves=7
num_cat=0
split_feature=2 1 1 8 8 9
split_gain=3.69964 3.32258 3.41869 3.42455 1.3028 0.907546
threshold=-2.2727456509388326 0.19093133786191602 0.21203990474869708 0.97139814091363341 -0.03756505282262549 15.500000000000002
decision_type=2 2 2 2 2 2
left_child=5 4 -3 -4 -2 -1
right_child=1 2 3 -5 -6 -7
leaf_value=-0.013928432095382238 -0.042055735620451382 0.033323804752090076 -0.00031640277988208699 0.01308673662415657 -0.00210985930863412 -0.045695208730109273
leaf_weight=4.220165614038704 5.9861309826374054 8.6036915034055692 356.02308039553463 55.022849444299936 3.0972449705004674 4.811976358294487
leaf_count=23 42 36 1541 304 14 25
internal_value=0.000815917 0.00148308 0.00213066 0.00147775 -0.028435 -0.0308525
internal_weight=437.765 428.733 419.65 411.046 9.08338 9.03214
internal_count=1985 1937 1881 1845 56 48
is_linear=0
shrinkage=0.05


Tree=166
num_leaves=7
num_cat=0
split_feature=2 8 9 5 5 8
split_gain=3.23238 6.40419 4.59444 5.4218 4.52531 4.27317
threshold=-0.18594646197618478 -0.88459293121202232 15.500000000000002 -77.902857962668875 -80.762440640842854 1.4797008518928998
decision_type=2 2 2 2 2 2
left_child=1 2 4 -4 -1 -2
right_child=5 -3 3 -5 -6 -7
leaf_value=0.0053007799235765922 -0.0023686578071283122 0.0091678029615363931 -0.03459012760837029 0.022128973185429442 -0.025852158885255591 -0.037271966533092525
leaf_weight=17.137649610638618 149.2742985971272 204.2296547293663 5.3558091670274761 19.751480117440224 36.451711177825928 9.3164443857967836
leaf_count=50 1013 618 19 58 111 116
internal_value=0.00129514 0.00449816 -0.00762028 0.0100298 -0.0158896 -0.00441906
internal_weight=441.517 282.926 78.6967 25.1073 53.5894 158.591
internal_count=1985 856 238 77 161 1129
is_linear=0
shrinkage=0.05


Tree=167
num_leaves=7
num_cat=0
split_feature=5 2 2 6 4 1
split_gain=20.2509 9.33391 6.41389 10.183 5.70021 5.64732
threshold=-15.771761019587837 -0.4143936111585616 -2.2727456509388326 76.899999999999991 -0.14168894026172488 0.66853454502743836
decision_type=2 2 2 2 2 2
left_child=1 2 -1 -4 -3 -6
right_child=-2 4 3 -5 5 -7
leaf_value=0.042317702286824209 -0.026796538717599329 0.038238691894265327 0.011498750485353771 -0.028567361545005967 -0.025526992939369594 0.024700985654377127
leaf_weight=14.18198901414871 65.193753134459257 4.8025583811104289 151.86453714221716 17.70761514082551 42.167196081951261 6.4525090083479872
leaf_count=34 969 20 353 77 447 85
internal_value=-0.00211595 0.00466812 0.0100163 0.00731484 -0.0137279 -0.018861
internal_weight=302.37 237.176 183.754 169.572 53.4223 48.6197
internal_count=1985 1016 464 430 552 532
is_linear=0
shrinkage=0.05


Tree=168
num_leaves=7
num_cat=0
split_feature=2 1 6 4 2 6
split_gain=10.9728 6.26024 3.96731 6.16185 5.34471 3.95936
threshold=-0.96618538381500418 0.46480530128398151 108.55 0.068272447547801859 0.77416940257107647 17.999999999999989
decision_type=2 2 2 2 2 2
left_child=5 2 3 -2 -4 -1
right_child=1 -3 4 -5 -6 -7
leaf_value=-0.038801836522570639 -0.0055143695571082257 0.0088727945783153468 0.0011747824309810998 -0.044542274154965388 0.056515082773887365 -0.0090828750714338005
leaf_weight=22.427371609956026 106.69195325300097 173.98586733266711 23.370789498090748 11.1725457906723 5.3644100278615943 22.401513149961829
leaf_count=196 579 876 103 37 38 156
internal_value=-0.000780802 0.00245918 -0.00515256 -0.00921388 0.0115059 -0.0239509
internal_weight=365.414 320.586 146.6 117.864 28.7352 44.8289
internal_count=1985 1633 757 616 141 352
is_linear=0
shrinkage=0.05


Tree=169
num_leaves=7
num_cat=0
split_feature=2 1 7 7 7 2
split_gain=3.43183 3.61992 5.42801 5.20598 3.05229 2.84885
threshold=-1.1539228092308977 0.26831255668860582 0.24362500000000001 0.41318749999999999 0.069437500000000027 -1.0448721859484864
decision_type=2 2 2 2 2 2
left_child=1 -1 -3 -4 -2 -6
right_child=4 2 3 -5 5 -7
leaf_value=-0.042478006872211191 -0.044911919976023604 0.033781186428948243 -0.025515002067918659 0.014786049802044314 0.027042754009499459 0.0021051467767797447
leaf_weight=7.8372338023036709 3.3705548718571654 7.3095050081610671 26.390518074855208 11.507396981120108 11.819230452179907 369.07580719515681
leaf_count=54 23 38 152 36 40 1642
internal_value=0.000814099 -0.0111075 -0.00566901 -0.0132779 0.00245977 0.00287896
internal_weight=437.31 53.0447 45.2074 37.8979 384.266 380.895
internal_count=1985 280 226 188 1705 1682
is_linear=0
shrinkage=0.05


Tree=170
num_leaves=7
num_cat=0
split_feature=6 2 6 4 6 4
split_gain=3.03242 3.59095 5.43342 16.0068 5.99518 3.77378
threshold=493.15000000000003 -0.092697458948167791 64.650000000000006 0.076803844318700118 198.65000000000001 -0.038642117656958748
decision_type=2 2 2 2 2 2
left_child=1 5 3 -3 -4 -1
right_child=-2 2 4 -5 -6 -7
leaf_value=-0.0048723209194739573 0.039998367787760725 -0.0054320667488732821 -0.032486883547600522 0.063685468965501771 -0.00035341265366056952 0.0075764043051062997
leaf_weight=85.903716266155243 4.9941156655549994 72.930393252521753 30.998410981148481 9.4635967165231687 27.29780837893486 208.98229359835386
leaf_count=262 20 552 244 61 205 641
internal_value=0.00125833 0.000814153 -0.00575846 0.00250662 -0.0174401 0.00394995
internal_weight=440.57 435.576 140.69 82.394 58.2962 294.886
internal_count=1985 1965 1062 613 449 903
is_linear=0
shrinkage=0.05


Tree=171
num_leaves=7
num_cat=0
split_feature=5 2 6 1 1 2
split_gain=19.1742 8.86595 6.2858 6.00533 5.00657 3.94592
threshold=-10.34256877677368 -1.1872726761504093 140.00000000000003 0.68969497228308407 0.15327755887266964 -2.2727456509388326
decision_type=2 2 2 2 2 2
left_child=1 5 3 -3 -2 -1
right_child=4 2 -4 -5 -6 -7
leaf_value=0.041455268082452597 0.02884036021415607 -0.0026237622209244723 -0.042124611702299808 0.047150319629684551 -0.032149358524538839 0.012256749842474886
leaf_weight=13.785611897706984 3.592730648815631 140.70149498619139 9.656225146725772 6.332714792340993 53.052680928260088 72.023235827684402
leaf_count=34 8 707 127 56 877 176
internal_value=-0.00208956 0.00402853 -0.0030464 -0.000480009 -0.0282811 0.0169476
internal_weight=299.145 242.499 156.69 147.034 56.6454 85.8088
internal_count=1985 1100 890 763 885 210
is_linear=0
shrinkage=0.05


Tree=172
num_leaves=7
num_cat=0
split_feature=2 7 8 8 2 8
split_gain=10.2353 6.32405 5.35536 4.31421 4.19 5.1106
threshold=-1.089306735587682 0.20706249999999998 1.2574400707005009 0.99947015848763832 0.14667662195842548 -0.39280912024873754
decision_type=2 2 2 2 2 2
left_child=-1 4 3 -3 -2 -6
right_child=1 2 -4 -5 5 -7
leaf_value=-0.025592804086476569 -0.02711647746726294 0.0048080972063276562 0.025378328414946746 -0.017258435179316089 -0.022555895878469248 0.026675891492721867
leaf_weight=37.274605166167021 28.072464738041162 223.87538260966539 28.864648036658764 24.582072980701923 10.408745713531973 10.680099174380301
leaf_count=304 181 1131 170 101 40 58
internal_value=-0.000770739 0.0020632 0.00499312 0.00262486 -0.0144647 0.00237673
internal_weight=363.758 326.483 277.322 248.457 49.1613 21.0888
internal_count=1985 1681 1402 1232 279 98
is_linear=0
shrinkage=0.05


Tree=173
num_leaves=7
num_cat=0
split_feature=3 4 4 3 3 6
split_gain=3.43008 6.14963 8.09913 7.41279 5.83049 7.16833
threshold=0.39401234014669356 -0.030362097711991044 0.047057127907912506 0.35357239345472607 0.49653825988015249 181.95000000000005
decision_type=2 2 2 2 2 2
left_child=1 -1 -3 -4 5 -2
right_child=4 2 3 -5 -6 -7
leaf_value=0.0070825690583110265 0.022142686270730599 -0.02021854987279343 0.0186298567264605 -0.037387003964678138 -0.00052787954237344442 -0.022299428850148462
leaf_weight=74.364719796925783 66.681707620620728 80.642803758382797 30.569532886147499 7.3200690224766722 166.61332643777132 10.502426713705061
leaf_count=268 193 351 105 27 996 45
internal_value=0.000793244 -0.00418854 -0.0112598 0.0078077 0.00473492 0.0160955
internal_weight=436.695 192.897 118.532 37.8896 243.797 77.1841
internal_count=1985 751 483 132 1234 238
is_linear=0
shrinkage=0.05


Tree=174
num_leaves=7
num_cat=0
split_feature=1 8 1 4 3 6
split_gain=3.15295 4.17027 5.70465 4.51888 5.35812 4.01143
threshold=0.78380978922095312 0.90206685440881762 0.23123834748769118 -0.091639158209931196 0.33262995950056556 408.65000000000009
decision_type=2 2 2 2 2 2
left_child=1 3 -3 4 -1 -5
right_child=-2 2 -4 5 -6 -7
leaf_value=0.0031478667174652574 0.036553042944521157 0.034563142882514698 -0.020216932857697163 -0.00020489331857707658 0.040140704949546156 0.03821522507761993
leaf_weight=24.064615570008755 6.2310236878693095 5.3987307399511328 39.704521585255861 340.95629579946399 16.500089347362518 6.9320705831050864
leaf_count=69 42 20 319 1448 62 25
internal_value=0.00123875 0.000731213 -0.0136599 0.00240217 0.0181951 0.000560671
internal_weight=439.787 433.556 45.1033 388.453 40.5647 347.888
internal_count=1985 1943 339 1604 131 1473
is_linear=0
shrinkage=0.05


Tree=175
num_leaves=7
num_cat=0
split_feature=5 3 2 6 4 1
split_gain=18.1127 8.39609 6.14075 6.86918 5.70701 4.74851
threshold=-10.34256877677368 0.39401234014669356 -2.1839497393028418 75.65000000000002 -0.14168894026172488 0.15327755887266964
decision_type=2 2 2 2 2 2
left_child=1 2 -1 -4 -3 -2
right_child=5 4 3 -5 -6 -7
leaf_value=0.037481761555328397 0.02741569634503857 0.068282499342629324 0.0088873783778066016 -0.022704899866443674 -0.020135437455633363 -0.031818701190288408
leaf_weight=16.409296356141567 3.6213720217347136 1.9100047983229149 162.61887729912996 19.242052484303713 41.017389828339219 51.480513976886868
leaf_count=42 8 14 394 87 563 877
internal_value=-0.00206152 0.00384719 0.0081879 0.00554471 -0.0162014 -0.0279257
internal_weight=296.3 241.198 198.27 181.861 42.9274 55.1019
internal_count=1985 1100 523 481 577 885
is_linear=0
shrinkage=0.05


Tree=176
num_leaves=7
num_cat=0
split_feature=2 7 9 4 8 2
split_gain=9.57276 5.84333 5.82303 8.47207 4.41088 3.96485
threshold=-1.089306735587682 0.20706249999999998 20.500000000000004 0.11842680969354241 -0.5343089431198651 0.14667662195842548
decision_type=2 2 2 2 2 2
left_child=-1 5 4 -4 -3 -2
right_child=1 2 3 -5 -6 -7
leaf_value=-0.025117093709797977 -0.026594409276898701 -0.0096815833483255703 0.043374673288608716 -0.019710694995833965 0.0060214154561423474 0.0022614456311285977
leaf_weight=36.300955142825842 27.420348409563303 58.338358387351036 20.091241333633665 7.2396871224045745 191.56787150725722 21.037129141390324
leaf_count=304 181 288 129 29 956 98
internal_value=-0.000762369 0.00195214 0.00475208 0.026664 0.00235569 -0.014067
internal_weight=361.996 325.695 277.237 27.3309 249.906 48.4575
internal_count=1985 1681 1402 158 1244 279
is_linear=0
shrinkage=0.05


Tree=177
num_leaves=7
num_cat=0
split_feature=2 7 3 6 7 1
split_gain=3.19566 3.32998 4.21244 2.80601 3.1713 1.16131
threshold=-2.2727456509388326 0.080656249999999971 0.46178578208311621 480.85000000000008 0.49156250000000001 0.22610530187064429
decision_type=2 2 2 2 2 2
left_child=-1 2 5 4 -3 -2
right_child=1 3 -4 -5 -6 -7
leaf_value=-0.029741694390459268 -0.018857505759382529 0.0021070677474712674 0.013895180886003909 -0.035393499374556291 0.027646219286836311 -0.045759461964848251
leaf_weight=8.410165995359419 8.6987447962164932 386.2075085490942 7.5926079750061026 4.8391795754432669 12.550282448530195 7.4451163858175269
leaf_count=48 52 1746 32 25 59 23
internal_value=0.000780516 0.00138121 -0.0168189 0.0024516 0.00291087 -0.031264
internal_weight=435.744 427.333 23.7365 403.597 398.758 16.1439
internal_count=1985 1937 107 1830 1805 75
is_linear=0
shrinkage=0.05


Tree=178
num_leaves=7
num_cat=0
split_feature=2 4 8 9 1 8
split_gain=2.83936 6.78917 3.53957 9.89536 6.09469 5.70842
threshold=0.68129720146919071 -0.12049095342609382 -0.89264631684989337 15.500000000000002 0.48683201882019606 0.32688911398873938
decision_type=2 2 2 2 2 2
left_child=2 -2 3 -1 -5 -4
right_child=1 -3 5 4 -6 -7
leaf_value=-0.017906125908702424 0.066761574637296511 -0.016470638476914597 0.0097510386045625563 0.045576062938796423 -1.6008141724584078e-05 -0.0049767290700901473
leaf_weight=60.507015578448772 2.6150146275758734 38.836342448368669 209.40772856026888 11.532644443213941 20.115644834935665 95.934932895004749
leaf_count=199 14 522 710 38 65 437
internal_value=0.0012331 -0.0112198 0.0025317 -0.00605669 0.0165978 0.00512375
internal_weight=438.949 41.4514 397.498 92.1553 31.6483 305.343
internal_count=1985 536 1449 302 103 1147
is_linear=0
shrinkage=0.05


Tree=179
num_leaves=7
num_cat=0
split_feature=5 2 6 6 7 1
split_gain=17.0734 7.80393 6.36042 8.27333 4.62618 4.50779
threshold=-10.34256877677368 -0.4143936111585616 75.65000000000002 2.0000000000000022 0.31868750000000007 0.15327755887266964
decision_type=2 2 2 2 2 2
left_child=1 2 3 -1 -4 -2
right_child=5 -3 4 -5 -6 -7
leaf_value=0.0014609925172474015 0.026110677999823861 -0.012792353219116851 -0.064088138171799133 0.024101003434762038 -0.0055520135498033137 -0.031486471691697084
leaf_weight=86.552270710468292 3.6448386013507834 55.497141091153026 4.1666518561542061 75.59668368473649 17.772251591086388 49.968507127836347
leaf_count=217 8 608 21 178 76 877
internal_value=-0.00206481 0.00364282 0.00859754 0.0120162 -0.0166692 -0.0275708
internal_weight=293.198 239.585 184.088 162.149 21.9389 53.6133
internal_count=1985 1100 492 395 97 885
is_linear=0
shrinkage=0.05


Tree=180
num_leaves=7
num_cat=0
split_feature=2 8 2 6 6 4
split_gain=8.97739 5.48401 5.74158 7.32417 5.74138 2.92091
threshold=-1.089306735587682 1.2574400707005009 0.27073336158862921 2.5000000000000075 178.15000000000003 -0.060128983147254345
decision_type=2 2 2 2 2 2
left_child=-1 2 4 -4 -2 -3
right_child=1 5 3 -5 -6 -7
leaf_value=-0.024662767230381327 -0.011606773553002839 -0.0083968180662488644 0.027376998725368102 0.00058020939848322866 0.012123098397492271 0.029672060790170197
leaf_weight=35.42398546077311 125.23571884445846 6.3371658995747593 33.927438296377659 102.65203855186701 32.003574907779694 24.591362327337265
leaf_count=304 658 29 203 490 148 153
internal_value=-0.000761855 0.0018453 -0.000262778 0.00723675 -0.00677693 0.0218719
internal_weight=360.171 324.747 293.819 136.579 157.239 30.9285
internal_count=1985 1681 1499 693 806 182
is_linear=0
shrinkage=0.05


Tree=181
num_leaves=7
num_cat=0
split_feature=3 6 4 4 4 5
split_gain=3.0806 6.15668 7.30795 6.55139 4.96569 4.89648
threshold=0.24450922638749803 44.250000000000007 -0.18594345402089382 -0.03594380134196324 0.049529088292457057 -2.6660725715881415
decision_type=2 2 2 2 2 2
left_child=1 2 -1 -3 -4 -5
right_child=-2 3 4 5 -6 -7
leaf_value=0.038768901528641354 0.0030363644834580667 0.033623878569553546 -0.030556262988066792 0.0058448713543502165 0.028096504187840689 -0.037272650737982527
leaf_weight=4.9077390581369391 338.34626603126526 14.712361186742781 41.490806080400944 22.618708517402411 3.9523915946483603 9.2882447540760058
leaf_count=14 1521 41 266 88 18 37
internal_value=0.000784595 -0.00707222 -0.019195 0.00602095 -0.025455 -0.00670682
internal_weight=435.317 96.9703 50.3509 46.6193 45.4432 31.907
internal_count=1985 464 298 166 284 125
is_linear=0
shrinkage=0.05


Tree=182
num_leaves=7
num_cat=0
split_feature=1 8 1 4 3 6
split_gain=2.97698 3.78412 5.24642 4.085 4.62742 3.67474
threshold=0.78380978922095312 0.90206685440881762 0.21922991043446119 -0.091639158209931196 0.33262995950056556 408.65000000000009
decision_type=2 2 2 2 2 2
left_child=1 3 -3 4 -1 -5
right_child=-2 2 -4 5 -6 -7
leaf_value=0.0031336537590734154 0.035354261660287628 0.047257398741445383 -0.01803959162334717 -0.00021424036747906376 0.037322090944128729 0.036512075045076996
leaf_weight=23.985032856464386 6.2878846712410441 3.3257924765348426 40.992267902940512 339.76522485166788 16.850894413888454 6.9503479674458495
leaf_count=69 42 13 326 1448 62 25
internal_value=0.00119829 0.00070099 -0.0131395 0.0022837 0.0172415 0.000521985
internal_weight=438.157 431.87 44.3181 387.552 40.8359 346.716
internal_count=1985 1943 339 1604 131 1473
is_linear=0
shrinkage=0.05


Tree=183
num_leaves=7
num_cat=0
split_feature=5 2 2 2 4 1
split_gain=16.1375 7.42863 5.85201 5.51807 5.27139 4.26268
threshold=-10.34256877677368 -2.1839497393028418 0.12756090418197133 0.029210917329977801 0.14940704906901778 0.15327755887266964
decision_type=2 2 2 2 2 2
left_child=1 -1 3 -3 -4 -2
right_child=5 2 4 -5 -6 -7
leaf_value=0.036464557702382674 0.024727068993522797 0.0023353193912445083 -0.030564123825519426 0.048325342420981438 0.047578222573387244 -0.031152302096874196
leaf_weight=15.925387486815451 3.6711144819855681 192.22990526258945 21.002131545916203 6.7513542734086505 2.4053807444870463 48.516108455136418
leaf_count=42 8 608 366 46 38 877
internal_value=-0.00203851 0.00347618 0.00111387 0.00389574 -0.0225341 -0.0272215
internal_weight=290.501 238.314 222.389 198.981 23.4075 52.1872
internal_count=1985 1100 1058 654 404 885
is_linear=0
shrinkage=0.05


Tree=184
num_leaves=7
num_cat=0
split_feature=1 8 8 4 4 8
split_gain=8.35297 7.64859 4.53422 4.26905 4.36822 3.85861
threshold=0.46480530128398151 0.16721635979913149 1.2574400707005009 -0.063786356889783388 0.097092782477718714 1.0979618998208491
decision_type=2 2 2 2 2 2
left_child=1 -1 5 -3 -5 -2
right_child=2 3 -4 4 -6 -7
leaf_value=-0.017439461364884574 0.0061648086959675951 -0.022543236191895456 0.033702429560315536 0.016863046888888369 -0.018970412547559812 -0.025469992816135014
leaf_weight=101.81780182756484 164.08667536824942 12.205759197473524 14.185415282845495 45.135187797248363 10.479512095451353 10.240779027342795
leaf_count=647 867 48 94 249 40 40
internal_value=-0.000725044 -0.00877449 0.00651846 0.0042341 0.0101109 0.00430644
internal_weight=358.151 169.638 188.513 67.8205 55.6147 174.327
internal_count=1985 984 1001 337 289 907
is_linear=0
shrinkage=0.05


Tree=185
num_leaves=7
num_cat=0
split_feature=3 4 4 3 3 6
split_gain=3.00101 5.56559 7.32997 6.89852 5.21055 6.5418
threshold=0.39401234014669356 -0.030362097711991044 0.047057127907912506 0.35357239345472607 0.49653825988015249 181.95000000000005
decision_type=2 2 2 2 2 2
left_child=1 -1 -3 -4 5 -2
right_child=4 2 3 -5 -6 -7
leaf_value=0.0068243362619303588 0.020937106444126205 -0.019402448587431113 0.017635798913005943 -0.03657818283227296 -0.00052310694196341023 -0.02167011073552829
leaf_weight=73.934047017246485 66.82084721326828 78.843240320682526 30.820906408131123 7.247586525976657 166.30996244773269 10.412735357880591
leaf_count=268 193 351 105 27 996 45
internal_value=0.000781877 -0.00391286 -0.010703 0.00731439 0.00446077 0.0151927
internal_weight=434.389 190.846 116.912 38.0685 243.544 77.2336
internal_count=1985 751 483 132 1234 238
is_linear=0
shrinkage=0.05


Tree=186
num_leaves=7
num_cat=0
split_feature=1 6 1 2 8 5
split_gain=2.72887 3.52524 8.87303 7.43537 3.80446 3.62107
threshold=0.23372520263175486 1.9999999999999862 0.21203990474869708 -1.3263349077179172 -0.99384569349693386 -91.943618182734483
decision_type=2 2 2 2 2 2
left_child=1 2 -1 -3 -5 -4
right_child=-2 3 5 4 -6 -7
leaf_value=-0.011945537916650909 -0.00069618826524851872 0.045855467987609047 0.023300853594631323 -0.042402559315259457 -0.00050432220101032739 0.067775665656335235
leaf_weight=11.133735954761507 357.23751316405833 7.9732233062386504 9.5378016829490679 6.3642257004976264 36.442464120686054 8.7986187785863859
leaf_count=27 1777 23 22 15 99 22
internal_value=0.00117545 0.00950716 0.0232633 0.00152379 -0.00673348 0.0446418
internal_weight=437.488 80.2501 29.4702 50.7799 42.8067 18.3364
internal_count=1985 208 71 137 114 44
is_linear=0
shrinkage=0.05


Tree=187
num_leaves=7
num_cat=0
split_feature=5 2 2 4 2 1
split_gain=15.1785 6.99033 5.37671 5.06225 4.94082 4.04983
threshold=-10.34256877677368 -2.1839497393028418 0.12756090418197133 0.071406604294401224 0.029210917329977801 0.15327755887266964
decision_type=2 2 2 2 2 2
left_child=1 -1 4 -4 -3 -2
right_child=5 2 3 -5 -6 -7
leaf_value=0.035661251159383615 0.023583710453300755 0.0021123011187690324 -0.034656581916806616 0.021792409186721557 0.044966227258133533 -0.03081788072617371
leaf_weight=15.544318027794359 3.6888892203569403 191.87181516550481 17.716883834451441 5.1192501485347739 6.9703595377504817 47.10942511446774
leaf_count=42 8 608 317 87 46 877
internal_value=-0.00206308 0.00324845 0.00097563 -0.0220022 0.00361453 -0.0268673
internal_weight=288.021 237.223 221.678 22.8361 198.842 50.7983
internal_count=1985 1100 1058 404 654 885
is_linear=0
shrinkage=0.05


Tree=188
num_leaves=7
num_cat=0
split_feature=2 1 6 9 4 2
split_gain=8.29195 5.91336 5.26296 4.15145 7.09748 4.41899
threshold=-1.089306735587682 0.24164918249999454 32.150000000000013 20.500000000000004 0.064116023416644963 1.0325281739976657
decision_type=2 2 2 2 2 2
left_child=-1 2 -2 5 -5 -3
right_child=1 3 -4 4 -6 -7
leaf_value=-0.02409305372610307 -0.032670165376012472 -0.0010860570913431163 0.018902921105237929 0.039744137908127385 -0.009038145911780775 0.016421800853655334
leaf_weight=34.308469045907259 20.90260868519545 220.58552766218781 6.4804459176957598 19.38390459865332 12.117305539548395 43.079711467027664
leaf_count=304 148 1024 45 125 56 283
internal_value=-0.000723626 0.0017621 -0.0204649 0.00382414 0.0209795 0.00177452
internal_weight=356.858 322.55 27.3831 295.166 31.5012 263.665
internal_count=1985 1681 193 1488 181 1307
is_linear=0
shrinkage=0.05


Tree=189
num_leaves=7
num_cat=0
split_feature=2 7 8 3 5 1
split_gain=2.91552 2.93644 4.43769 2.71375 2.56584 6.27915
threshold=-2.2727456509388326 0.080656249999999971 -0.63980163097640463 0.46178578208311621 141.05941891620563 0.46480530128398151
decision_type=2 2 2 2 2 2
left_child=-1 2 -2 -4 -3 -6
right_child=1 4 3 -5 5 -7
leaf_value=-0.029136924931845616 -0.044564361505057902 0.0011117083250314177 -0.016281886255710726 0.028061171603355747 0.030778881708389567 -0.015213864537255366
leaf_weight=8.0057213157415372 8.5650248713791388 368.88144637644291 8.9647665992379171 5.6091343313455573 22.427518479526043 11.090822093188761
leaf_count=48 42 1668 41 24 86 76
internal_value=0.000756847 0.00131924 -0.0160016 0.000784661 0.00231523 0.0155604
internal_weight=433.544 425.539 23.1389 14.5739 402.4 33.5183
internal_count=1985 1937 107 65 1830 162
is_linear=0
shrinkage=0.05


Tree=190
num_leaves=7
num_cat=0
split_feature=1 8 4 3 7 6
split_gain=2.69948 3.5756 7.42623 5.21449 3.92673 4.49629
threshold=0.78380978922095312 0.33581432438442022 0.15287502696747715 0.41921347397424785 0.46506249999999999 131.90000000000003
decision_type=2 2 2 2 2 2
left_child=1 4 3 -3 5 -1
right_child=-2 2 -4 -5 -6 -7
leaf_value=0.0046351280693295383 0.033415480496300685 -0.0001958756214758959 0.034750029043986184 -0.023076044868986061 0.040906531211267999 -0.014467380794214377
leaf_weight=279.56740855053067 6.3927025310695162 51.901838801801205 9.6550209783017618 47.869006037712097 6.8101940006017676 34.618958417326212
leaf_count=1080 42 170 57 457 24 155
internal_value=0.00116274 0.000683712 -0.00712155 -0.0111735 0.00334448 0.0025303
internal_weight=436.815 430.422 109.426 99.7708 320.997 314.186
internal_count=1985 1943 684 627 1259 1235
is_linear=0
shrinkage=0.05


Tree=191
num_leaves=7
num_cat=0
split_feature=5 2 2 6 1 6
split_gain=14.3395 8.29596 5.34013 5.10354 0.982647 2.30789
threshold=19.09613537232887 0.53960278538607809 -2.1839497393028418 42.850000000000023 0.34503951920478521 18.549999999999979
decision_type=2 2 2 2 2 2
left_child=1 2 -1 -4 5 -3
right_child=-2 4 3 -5 -6 -7
leaf_value=0.032282505247449016 -0.034410984156609384 -0.040187260795891279 0.006462012405836182 -0.011164970698847126 -0.039584375485585466 0.045281211786377992
leaf_weight=15.78417109698057 30.522454596124589 2.1897126901894803 169.47887654975057 54.194286588579416 12.507062166929243 1.2355076763778923
leaf_count=48 566 34 608 381 328 20
internal_value=-0.00202089 0.00185016 0.00417465 0.00219113 -0.0330861 -0.00935802
internal_weight=285.912 255.39 239.457 223.673 15.9323 3.42522
internal_count=1985 1419 1037 989 382 54
is_linear=0
shrinkage=0.05


Tree=192
num_leaves=7
num_cat=0
split_feature=2 1 5 8 6 4
split_gain=7.75849 5.51579 6.1103 4.16451 4.31475 3.67759
threshold=-1.089306735587682 0.38044467885122091 -19.869362333225954 1.2574400707005009 9.4499999999999869 0.041417857701868101
decision_type=2 2 2 2 2 2
left_child=-1 2 -2 4 -3 -4
right_child=1 3 5 -5 -6 -7
leaf_value=-0.02363166789171426 -0.019844340116588963 0.014517996006484077 -0.002796765148580703 0.029004762507820848 -0.0010316288797980724 0.03016506963036629
leaf_weight=33.496496332809329 52.531814599409699 65.931278366595507 35.875507436692715 18.126679800450802 137.96987102180719 11.074284434318541
leaf_count=304 310 377 180 117 638 59
internal_value=-0.000731536 0.00165432 -0.00812952 0.00603806 0.00399633 0.00497811
internal_weight=355.006 321.509 99.4816 222.028 203.901 46.9498
internal_count=1985 1681 549 1132 1015 239
is_linear=0
shrinkage=0.05


Tree=193
num_leaves=7
num_cat=0
split_feature=3 7 4 7 2 4
split_gain=2.71383 5.66841 4.38709 6.25084 4.72014 4.22006
threshold=0.24450922638749803 0.13396875000000003 -0.076484718760137738 0.24193749999999997 -0.17503536582764981 -0.20692615216410695
decision_type=2 2 2 2 2 2
left_child=1 -1 3 -2 -5 -3
right_child=2 5 -4 4 -6 -7
leaf_value=-0.042268164912227818 0.018386508094705146 0.039138252894174511 0.0048779761016385474 -0.052381771264987421 -0.0093576363914969433 -0.0054879210277748794
leaf_weight=10.022661939263342 11.071128237992523 5.6752945929765692 299.9458245895803 10.514955952763559 16.190781679004431 79.603474756702781
leaf_count=68 35 16 1377 34 75 380
internal_value=0.000752874 -0.00669849 0.00285556 -0.0132023 -0.0262977 -0.00251805
internal_weight=433.024 95.3014 337.723 37.7769 26.7057 85.2788
internal_count=1985 464 1521 144 109 396
is_linear=0
shrinkage=0.05


Tree=194
num_leaves=7
num_cat=0
split_feature=2 6 9 6 8 4
split_gain=2.51711 3.03147 2.57853 5.78064 12.8309 7.37955
threshold=1.0808597217851565 423.95000000000005 17.500000000000004 1.399999999999993 -0.39280912024873754 -0.014998197690067949
decision_type=2 2 2 2 2 2
left_child=2 -2 -1 5 -5 -4
right_child=1 -3 3 4 -6 -7
leaf_value=-0.00022103484570422393 -0.022675816141401493 0.06331285524981306 -0.023582042940664637 0.047721701311163947 -0.00069558696615076832 0.020865056600159377
leaf_weight=323.29110340029001 16.574347298592333 1.0925324000418175 23.216315556317568 23.362655263394117 33.027774328365922 15.622828025370834
leaf_count=1274 296 8 96 80 166 65
internal_value=0.00112862 -0.0173582 0.001909 0.00914018 0.0193638 -0.00570345
internal_weight=436.188 17.6669 418.521 95.2296 56.3904 38.8391
internal_count=1985 304 1681 407 246 161
is_linear=0
shrinkage=0.05


Tree=195
num_leaves=7
num_cat=0
split_feature=5 3 4 7 6 6
split_gain=13.6366 7.50242 7.97973 16.3848 5.65465 9.04672
threshold=19.09613537232887 0.39401234014669356 0.14228274756336778 0.34621875000000008 42.850000000000023 2.0000000000000022
decision_type=2 2 2 2 2 2
left_child=1 4 -3 -4 5 -1
right_child=-2 2 3 -5 -6 -7
leaf_value=1.3961411443237578e-06 -0.03410059928852275 -0.02196577466762803 0.14155080951610394 -0.039979343466281556 -0.0097489800565594507 0.024047033532396234
leaf_weight=89.952129457145929 29.577694785781205 45.794029606506228 2.3271191995590916 2.6683415621519089 44.246226187795401 69.215095523744822
leaf_count=230 566 733 22 57 200 177
internal_value=-0.00196843 0.00177029 -0.01542 0.0445859 0.00606247 0.0104578
internal_weight=283.781 254.203 50.7895 4.99546 203.413 159.167
internal_count=1985 1419 812 79 607 407
is_linear=0
shrinkage=0.05


Tree=196
num_leaves=7
num_cat=0
split_feature=2 1 5 8 2 4
split_gain=7.30076 5.24248 5.03129 4.19479 4.00173 2.8056
threshold=-1.089306735587682 0.24164918249999454 -18.235557261717734 1.4797008518928998 1.0325281739976657 0.0026011925822499002
decision_type=2 2 2 2 2 2
left_child=5 2 -2 4 -3 -1
right_child=1 3 -4 -5 -6 -7
leaf_value=-0.034183247234983109 -0.035380181114358332 -0.00064652951859190831 0.010444508743283641 0.025450385495975537 0.016311279858669748 -0.0037134996436692016
leaf_weight=20.941452560946345 17.474751096218828 232.95399548113346 9.1139485239982587 20.284743100404739 40.897076062858105 11.81861195899546
leaf_count=208 136 1089 57 127 272 96
internal_value=-0.000707465 0.00158908 -0.0196726 0.00351105 0.00188596 -0.0231909
internal_weight=353.485 320.725 26.5887 294.136 273.851 32.7601
internal_count=1985 1681 193 1488 1361 304
is_linear=0
shrinkage=0.05


Tree=197
num_leaves=7
num_cat=0
split_feature=7 8 1 1 3 1
split_gain=2.57615 4.17806 3.15755 3.64685 5.08749 4.99761
threshold=0.080656249999999971 -0.63980163097640463 0.19093133786191602 0.29326317967725418 0.61082580296737377 0.31146319481085732
decision_type=2 2 2 2 2 2
left_child=1 -1 -2 4 -4 -5
right_child=2 -3 3 5 -6 -7
leaf_value=-0.044002303659335114 -0.043161104579272518 0.00051008837056771064 0.0081296000105802856 -0.027873332967448185 0.056608597436221521 0.001135499695626944
leaf_weight=8.2614965587854403 3.8921335786581031 14.567111797630785 73.684405608102679 15.592484682798384 5.8407009094953528 310.58760241419077
leaf_count=42 26 67 266 55 28 1501
internal_value=0.000748413 -0.0155986 0.0016595 0.00208949 0.0116901 -0.000251218
internal_weight=432.426 22.8286 409.597 405.705 79.5251 326.18
internal_count=1985 109 1876 1850 294 1556
is_linear=0
shrinkage=0.05


Tree=198
num_leaves=7
num_cat=0
split_feature=1 2 6 1 6 5
split_gain=2.50411 3.38888 6.16048 6.47147 6.1456 3.19423
threshold=0.78380978922095312 -0.092697458948167791 64.650000000000006 0.66247593919184633 0.39999999999999297 -1.2239241234423399
decision_type=2 2 2 2 2 2
left_child=1 -1 4 -4 -3 -2
right_child=5 2 3 -5 -6 -7
leaf_value=0.0036274806853129208 -0.0053765999569940917 -0.020699886787955177 -0.034029251979562296 0.0014506423623367579 0.010747161584453518 0.065097674020795443
leaf_weight=294.8376736715436 3.0313461199402809 20.901592565700412 30.840624826028943 22.034817533567548 60.523301996290684 3.4239279478788367
leaf_count=913 24 180 262 156 432 18
internal_value=0.00109364 0.000628684 -0.00595476 -0.0192437 0.00267477 0.0320035
internal_weight=435.593 429.138 134.3 52.8754 81.4249 6.45527
internal_count=1985 1943 1030 418 612 42
is_linear=0
shrinkage=0.05


Tree=199
num_leaves=7
num_cat=0
split_feature=5 2 2 9 7 6
split_gain=12.9468 7.57469 4.99628 5.27015 1.06762 4.05864
threshold=19.09613537232887 0.53960278538607809 -2.1839497393028418 12.500000000000002 0.24362500000000001 30.999999999999996
decision_type=2 2 2 2 2 2
left_child=1 2 -1 -4 5 -2
right_child=4 -3 3 -5 -6 -7
leaf_value=0.031342462518242714 -0.044176746094568842 -0.032639872873171862 0.0081937897648637938 -0.0075296078404048384 -0.039566890939684692 0.033004265745437487
leaf_weight=15.440925616770981 4.9584267605096128 15.135859677568076 133.77043753489852 88.584303559735417 21.116958614438772 2.5946588441729546
leaf_count=48 66 382 458 531 476 24
internal_value=-0.0019529 0.0016566 0.00383959 0.00192972 -0.0337964 -0.0176633
internal_weight=281.602 252.932 237.796 222.355 28.67 7.55309
internal_count=1985 1419 1037 989 566 90
is_linear=0
shrinkage=0.05


Tree=200
num_leaves=7
num_cat=0
split_feature=1 8 2 6 8 8
split_gain=6.83107 6.60138 3.81601 4.42781 3.68292 3.63103
threshold=0.46480530128398151 -0.059547966504255097 0.12008025037710142 2.5000000000000075 1.2574400707005009 0.97139814091363341
decision_type=2 2 2 2 2 2
left_child=1 2 -1 -4 5 -2
right_child=4 -3 3 -5 -6 -7
leaf_value=-0.025460755598002795 0.0064792319349264178 0.0020674711870796061 0.018665095643816652 -0.021143100950368827 0.030767074843043193 -0.016188794122648273
leaf_weight=56.096976237371564 152.76823171414435 81.008578754961491 12.89637064188719 15.23996242135763 13.725761592388151 19.976252980530262
leaf_count=443 820 413 67 61 94 87
internal_value=-0.000720947 -0.00812322 -0.0179238 -0.0028969 0.00583863 0.00385789
internal_weight=351.712 165.242 84.2333 28.1363 186.47 172.744
internal_count=1985 984 571 128 1001 907
is_linear=0
shrinkage=0.05


Tree=201
num_leaves=7
num_cat=0
split_feature=2 7 3 6 7 7
split_gain=2.63809 2.54362 3.41588 2.5699 2.87091 1.16167
threshold=-2.2727456509388326 0.080656249999999971 0.46178578208311621 480.85000000000008 0.49156250000000001 0.075843750000000015
decision_type=2 2 2 2 2 2
left_child=-1 2 5 4 -3 -2
right_child=1 3 -4 -5 -6 -7
leaf_value=-0.028297931652474045 -0.040407319459320662 0.0018526480311838326 0.012075060348798211 -0.034561925439128449 0.026034804556599362 -0.011860004253718085
leaf_weight=7.6785713881254187 8.9519011154770869 384.50843441300094 7.6486177369952193 4.7010711431503287 12.678233861923216 5.9204513542354098
leaf_count=48 50 1746 32 25 59 25
internal_value=0.000747735 0.00127324 -0.0150785 0.00218956 0.00262454 -0.0290431
internal_weight=432.087 424.409 22.521 401.888 397.187 14.8724
internal_count=1985 1937 107 1830 1805 75
is_linear=0
shrinkage=0.05


Tree=202
num_leaves=7
num_cat=0
split_feature=6 8 1 6 4 2
split_gain=2.36383 2.96013 5.71301 5.77655 4.5389 4.28935
threshold=493.15000000000003 0.33581432438442022 0.72872808666520972 206.50000000000003 0.10422196077735897 0.84071779067237096
decision_type=2 2 2 2 2 2
left_child=1 5 4 -4 -3 -1
right_child=-2 2 3 -5 -6 -7
leaf_value=0.0042147441375438221 0.035219656172863788 -0.016222382452165892 -0.044777517180976306 0.037810682400253669 0.011727097164220072 -0.026346798760447734
leaf_weight=309.18667491152883 5.0067261159420005 76.600504320114851 2.5820784606039515 11.761157996952532 17.925050422549248 11.923800108954309
leaf_count=1080 20 499 34 68 97 187
internal_value=0.00106203 0.000664295 -0.00646058 0.0229431 -0.0109223 0.0030799
internal_weight=434.986 429.979 108.869 14.3432 94.5256 321.11
internal_count=1985 1965 698 102 596 1267
is_linear=0
shrinkage=0.05


Tree=203
num_leaves=7
num_cat=0
split_feature=5 2 2 7 7 6
split_gain=12.32 7.14228 4.71571 4.35876 1.08104 3.86012
threshold=19.09613537232887 0.53960278538607809 -2.1839497393028418 0.46390625000000002 0.24362500000000001 30.999999999999996
decision_type=2 2 2 2 2 2
left_child=1 2 -1 -4 5 -2
right_child=4 -3 3 -5 -6 -7
leaf_value=0.030631608908902555 -0.043966760957403386 -0.032320855193094931 0.0029683698618145973 -0.041281418880931606 -0.0394863855036309 0.031353380734137126
leaf_weight=15.183857575058935 4.785466548055413 14.631886221468447 216.36758891120553 5.7121198028326026 20.322991861030459 2.6391945295035839
leaf_count=48 66 382 912 77 476 24
internal_value=-0.0019006 0.00158258 0.00367339 0.00183022 -0.0335212 -0.0171932
internal_weight=279.643 251.895 237.264 222.08 27.7477 7.42466
internal_count=1985 1419 1037 989 566 90
is_linear=0
shrinkage=0.05


Tree=204
num_leaves=7
num_cat=0
split_feature=2 8 2 4 4 5
split_gain=6.6475 4.01384 5.79804 9.33794 5.52834 5.2256
threshold=-1.089306735587682 1.0000000180025095e-35 0.27073336158862921 0.10422196077735897 0.10422196077735897 23.226573483157704
decision_type=2 2 2 2 2 2
left_child=-1 2 3 -2 -3 -4
right_child=1 4 5 -5 -6 -7
leaf_value=-0.022559895196700482 -0.017727988186327745 0.011256046235208624 0.00076171512665932934 0.037687382989515295 -0.011709317761519483 0.039477160739952007
leaf_weight=31.67083234153688 81.349852627143264 134.84815090149641 50.955429375171661 8.3856809586286527 32.526067793369293 10.514243751764296
leaf_count=304 467 713 248 44 143 66
internal_value=-0.000713035 0.00145882 -0.00444594 -0.0125495 0.00679315 0.0073839
internal_weight=350.25 318.579 151.205 89.7355 167.374 61.4697
internal_count=1985 1681 825 511 856 314
is_linear=0
shrinkage=0.05


Tree=205
num_leaves=7
num_cat=0
split_feature=2 2 8 5 9 3
split_gain=2.49485 2.82705 4.50018 2.83258 5.30015 3.14239
threshold=-1.1539228092308977 -1.0448721859484864 -0.49800972746003785 141.05941891620563 7.0000000000000009 0.39401234014669356
decision_type=2 2 2 2 2 2
left_child=-1 2 -2 5 -5 -3
right_child=1 3 -4 4 -6 -7
leaf_value=-0.0097430204160509071 0.055112003581055093 -0.006756708721052578 -0.0066712952406722875 -0.011023969809953474 0.030762995194059686 0.0034397718866671836
leaf_weight=50.229313023388386 6.2906816229224205 114.38872134685516 5.5455192402005178 11.998329374939201 20.645643908530474 222.61043167114258
leaf_count=280 22 395 18 73 88 1109
internal_value=0.000731979 0.00211122 0.0261652 0.001341 0.0154041 -2.12528e-05
internal_weight=431.709 381.479 11.8362 369.643 32.644 336.999
internal_count=1985 1705 40 1665 161 1504
is_linear=0
shrinkage=0.05


Tree=206
num_leaves=7
num_cat=0
split_feature=1 6 1 2 1 8
split_gain=2.27669 3.19864 7.86114 6.67959 3.55013 3.09153
threshold=0.23372520263175486 1.9999999999999862 0.21203990474869708 -1.3263349077179172 0.22507342661626853 0.90206685440881762
decision_type=2 2 2 2 2 2
left_child=1 2 -1 -3 -5 -2
right_child=5 3 -4 4 -6 -7
leaf_value=-0.011617538942948825 0.00098262211168156119 0.043107229001985464 0.041744050852233434 0.00010400953366703069 -0.036862651751518503 -0.013729212782912651
leaf_weight=11.038917392492296 314.31021692045033 7.9391272813081732 18.416475430130959 34.495911236852407 8.0012156590819341 40.286129008978605
leaf_count=27 1444 23 44 90 24 333
internal_value=0.00102917 0.00865433 0.0217459 0.00100871 -0.00685595 -0.000688808
internal_weight=434.488 79.8916 29.4554 50.4363 42.4971 354.596
internal_count=1985 208 71 137 114 1777
is_linear=0
shrinkage=0.05


Tree=207
num_leaves=7
num_cat=0
split_feature=5 2 4 2 3 7
split_gain=11.7748 6.77628 4.52365 9.1387 5.82991 1.08141
threshold=19.09613537232887 0.53960278538607809 0.14228274756336778 -0.25031468895647896 0.39401234014669356 0.24362500000000001
decision_type=2 2 2 2 2 2
left_child=1 2 4 -4 -1 -2
right_child=5 -3 3 -5 -6 -7
leaf_value=0.0055694309689901618 -0.01689648819657073 -0.032033287629860893 -0.006561370833924514 0.11450761819686468 -0.017475281781797188 -0.039413398073225914
leaf_weight=198.58151202648878 7.3279583984985974 14.194453977048395 3.6533667873591185 2.7185310050845137 31.846009090542793 19.579607425257564
leaf_count=586 90 382 27 24 400 476
internal_value=-0.00184749 0.00152233 0.00353375 0.045092 0.00238456 -0.0332812
internal_weight=277.901 250.994 236.799 6.3719 230.428 26.9076
internal_count=1985 1419 1037 51 986 566
is_linear=0
shrinkage=0.05


Tree=208
num_leaves=7
num_cat=0
split_feature=1 2 9 6 2 6
split_gain=6.31817 5.86702 3.85803 5.75994 2.60883 2.39766
threshold=0.46480530128398151 -0.47875686765969516 7.0000000000000009 100.95000000000002 0.18373392171929234 17.999999999999989
decision_type=2 2 2 2 2 2
left_child=1 5 4 -4 -3 -1
right_child=-2 2 3 -5 -6 -7
leaf_value=-0.032223453018781704 0.0056102036329816266 -0.0040223531826555567 -0.015846488480721815 0.013410235364889826 0.025148381662213205 -0.010178534475509891
leaf_weight=27.112122608348727 185.62087847851217 12.976258508861067 57.897809356451035 23.713430896401405 18.72455595433712 22.628768531605601
leaf_count=262 1001 69 271 116 108 158
internal_value=-0.000698016 -0.00787935 -0.00159539 -0.00734549 0.0132078 -0.0221945
internal_weight=348.674 163.053 113.312 81.6112 31.7008 49.7409
internal_count=1985 984 564 387 177 420
is_linear=0
shrinkage=0.05


Tree=209
num_leaves=7
num_cat=0
split_feature=2 1 1 4 8 6
split_gain=2.39887 2.35069 3.19897 2.93674 1.46562 1.24204
threshold=-2.2727456509388326 0.19093133786191602 0.21203990474869708 -0.076484718760137738 0.046176084942054905 140.00000000000003
decision_type=2 2 2 2 2 2
left_child=5 4 -3 -4 -2 -1
right_child=1 2 3 -5 -6 -7
leaf_value=-0.043781119217127074 -0.041708716171729852 0.031982781813222338 -0.0099217080035595654 0.00272527724409216 0.0039754074364709733 -0.0017817918152371788
leaf_weight=4.5348148234188548 5.1087310016155234 8.5551131740212423 52.724352601915598 354.73840377107263 2.6748234778642654 2.8771648034453392
leaf_count=37 44 36 199 1646 12 11
internal_value=0.000721569 0.00121476 0.00172411 0.0010888 -0.0260093 -0.0274779
internal_weight=431.213 423.801 416.018 407.463 7.78355 7.41198
internal_count=1985 1937 1881 1845 56 48
is_linear=0
shrinkage=0.05


Tree=210
num_leaves=7
num_cat=0
split_feature=1 2 8 8 9 8
split_gain=2.25149 2.94802 5.8026 3.21831 7.7135 5.21925
threshold=0.78380978922095312 0.63561307544133905 -0.91455147312966889 -0.89264631684989337 15.500000000000002 0.33581432438442022
decision_type=2 2 2 2 2 2
left_child=1 3 -3 4 -1 -5
right_child=-2 2 -4 5 -6 -7
leaf_value=-0.017102017888780165 0.030198711724741357 0.043917952805177955 -0.019053693059070204 0.0086943160869515004 0.013543823215231546 -0.0057777672787653299
leaf_weight=58.770101480185986 6.5008966624736777 4.0827936902642241 35.180198181420565 208.9642850831151 31.558600410819054 88.763291221112013
leaf_count=197 42 32 496 704 102 412
internal_value=0.000994879 0.000550595 -0.0125055 0.0018716 -0.00639512 0.00437967
internal_weight=433.82 427.319 39.263 388.056 90.3287 297.728
internal_count=1985 1943 528 1415 299 1116
is_linear=0
shrinkage=0.05


Tree=211
num_leaves=7
num_cat=0
split_feature=5 2 2 7 4 8
split_gain=11.1787 6.40595 4.37579 4.78651 1.25029 1.11981
threshold=19.09613537232887 0.53960278538607809 -2.2727456509388326 0.42006250000000001 -0.010400494805747449 -0.64934762626881448
decision_type=2 2 2 2 2 2
left_child=1 2 4 -4 -1 -3
right_child=-2 5 3 -5 -6 -7
leaf_value=0.015781134808079279 -0.032976038355152171 -0.0050554891271297423 0.0037817619082895619 -0.024871357937632777 0.047736934085332937 -0.039356943924759795
leaf_weight=5.8689059540629387 26.054459066130221 3.0599174313247195 208.38395519182086 15.671339020133017 6.3975303396582586 10.697836907580493
leaf_count=21 566 58 825 172 19 324
internal_value=-0.00180843 0.00143876 0.00336959 0.00177765 0.0324476 -0.0317278
internal_weight=276.134 250.079 236.322 224.055 12.2664 13.7578
internal_count=1985 1419 1037 997 40 382
is_linear=0
shrinkage=0.05


Tree=212
num_leaves=7
num_cat=0
split_feature=2 1 9 4 4 2
split_gain=6.01713 4.35017 3.08244 3.95231 3.72773 2.96051
threshold=-1.089306735587682 0.46480530128398151 19.000000000000004 -0.050190673181866589 -0.037402486500726993 -0.19311289446283589
decision_type=2 2 2 2 2 2
left_child=-1 5 4 -4 -3 -2
right_child=1 2 3 -5 -6 -7
leaf_value=-0.021878894178301807 -0.014731899677495094 -0.010821628061393432 0.059283756033391088 0.012466717093164962 0.0081694703401271763 0.00024860714913702453
leaf_weight=30.601675622165203 51.191904067993164 33.711400821805 5.6291705071926144 22.63347964733839 110.65816628560424 92.705566223710775
leaf_count=304 344 155 40 128 565 449
internal_value=-0.000707362 0.00133947 0.00669104 0.0217914 0.0037349 -0.00508075
internal_weight=347.131 316.53 172.632 28.2627 144.37 143.897
internal_count=1985 1681 888 168 720 793
is_linear=0
shrinkage=0.05


Tree=213
num_leaves=7
num_cat=0
split_feature=2 4 9 7 2 4
split_gain=2.25191 2.76703 2.6528 6.94865 2.54512 2.7592
threshold=-1.1539228092308977 0.05952805764176531 13.500000000000002 0.24362500000000001 -1.0448721859484864 0.12949215294504582
decision_type=2 2 2 2 2 2
left_child=1 2 -1 -4 -2 -6
right_child=4 -3 3 -5 5 -7
leaf_value=-0.029883888187345015 0.024672198125072483 0.014157342020061478 0.045082990202347815 -0.01977836569050459 0.0025395652114212413 -0.013693502107990838
leaf_weight=17.358261218294501 12.019910536706446 10.036893703043459 5.4786216951906708 16.764807902276516 340.8844674937427 28.354535929858685
leaf_count=132 40 37 28 83 1500 165
internal_value=0.000725831 -0.00929165 -0.0152347 -0.00380282 0.00203007 0.001293
internal_weight=430.897 49.6386 39.6017 22.2434 381.259 369.239
internal_count=1985 280 243 111 1705 1665
is_linear=0
shrinkage=0.05


Tree=214
num_leaves=7
num_cat=0
split_feature=6 2 3 8 9 7
split_gain=2.11756 2.50656 3.46261 2.82129 2.14373 1.90027
threshold=493.15000000000003 1.0808597217851565 0.89060116089341412 0.33581432438442022 1.5000000000000002 0.49306250000000001
decision_type=2 2 2 2 2 2
left_child=1 2 3 -1 -3 -6
right_child=-2 4 -4 -5 5 -7
leaf_value=0.0031181686165211477 0.033328113231688598 0.035516040297051417 0.041021968404343433 -0.0067213535872812204 -0.03144046287872037 0.024871283552362743
leaf_weight=311.61599374189973 4.9970013946294776 1.636285519227388 5.4269804470241061 95.080317607149482 12.811385693028567 1.6965523287653912
leaf_count=1125 20 36 37 502 249 16
internal_value=0.000967729 0.00059015 0.00134724 0.000817816 -0.0187365 -0.0248554
internal_weight=433.265 428.268 412.123 406.696 16.1442 14.5079
internal_count=1985 1965 1664 1627 301 265
is_linear=0
shrinkage=0.05


Tree=215
num_leaves=7
num_cat=0
split_feature=5 2 2 4 2 7
split_gain=10.6459 6.06727 4.268 13.2974 6.62144 1.14865
threshold=19.09613537232887 0.53960278538607809 0.39647438635538995 0.11402292849598077 0.12756090418197133 0.24362500000000001
decision_type=2 2 2 2 2 2
left_child=1 2 4 -4 -1 -2
right_child=5 -3 3 -5 -6 -7
leaf_value=0.0039252319494857005 -0.015519203878004262 -0.031433058244264775 -0.0068090469174995729 0.17531322418844736 -0.041043832635932948 -0.039282377949342105
leaf_weight=222.51400356926024 7.0473596360534456 13.34322401601821 3.1732753142714492 1.4649515338242052 8.4985069800168258 18.266006452031434
leaf_count=841 90 382 52 11 133 476
internal_value=-0.00177354 0.00136713 0.00322437 0.050713 0.00227091 -0.0326666
internal_weight=274.307 248.994 235.651 4.63823 231.013 25.3134
internal_count=1985 1419 1037 63 974 566
is_linear=0
shrinkage=0.05


Tree=216
num_leaves=7
num_cat=0
split_feature=2 1 5 9 8 9
split_gain=5.64912 4.13742 4.06896 3.62672 4.1498 3.99844
threshold=-1.089306735587682 0.24995649952409479 -4.7049111615449055 20.500000000000004 -0.63980163097640463 21.500000000000004
decision_type=2 2 2 2 2 2
left_child=-1 2 -2 4 -3 -5
right_child=1 3 -4 5 -6 -7
leaf_value=-0.021454481559157634 -0.028320690382904586 -0.010755273024689975 0.0089416593246569934 0.040066201024974858 0.0046643230596697446 0.0032915237133904172
leaf_weight=29.992447663098574 21.484417978674173 56.045317325741053 11.117336750030516 13.317460145801308 197.02949585951865 16.61099798232317
leaf_count=304 166 268 64 90 1006 87
internal_value=-0.000717703 0.00125295 -0.0156141 0.00319601 0.00124954 0.0196554
internal_weight=345.597 315.605 32.6018 283.003 253.075 29.9285
internal_count=1985 1681 230 1451 1274 177
is_linear=0
shrinkage=0.05


Tree=217
num_leaves=7
num_cat=0
split_feature=8 8 8 5 2 3
split_gain=2.29049 12.1267 3.35797 4.39926 6.42879 3.68023
threshold=0.97139814091363341 1.179347341013836 0.66613580842631481 11.222240821336905 0.10818634539846742 0.39401234014669356
decision_type=2 2 2 2 2 2
left_child=2 -2 3 5 -5 -1
right_child=1 -3 -4 4 -6 -7
leaf_value=-0.0079326304492650865 0.039802375753270169 -0.0077971933203689232 -0.015305678420909151 0.023163553047852919 -0.0091618234756082745 0.0037590406334776284
leaf_weight=133.70103587582707 21.402030892670155 35.701314207166433 35.642504315823317 45.134219147264957 23.332029182463884 135.540208786726
leaf_count=566 96 219 192 146 158 608
internal_value=0.000716812 0.0100429 -0.000709596 0.000830912 0.0121477 -0.00204686
internal_weight=430.453 57.1033 373.35 337.707 68.4662 269.241
internal_count=1985 315 1670 1478 304 1174
is_linear=0
shrinkage=0.05


Tree=218
num_leaves=7
num_cat=0
split_feature=1 6 3 6 1 8
split_gain=2.10236 3.00088 7.42355 5.85596 5.30873 2.96746
threshold=0.23372520263175486 3.4500000000000006 0.21879886364747983 48.999999999999993 0.21203990474869708 -0.33465878070077087
decision_type=2 2 2 2 2 2
left_child=1 4 3 -3 -1 -4
right_child=-2 2 5 -5 -6 -7
leaf_value=-0.0044301846833948817 -0.00070401630504003047 2.4035148472789635e-05 -0.0055154314505930701 0.047776688552596869 0.036072730994686643 -0.051123134067805998
leaf_weight=13.602254942059515 353.27534499019384 22.741365715861324 6.6812891662120819 8.9455366134643537 19.964323624968529 7.6504286453127843
leaf_count=35 1777 55 17 25 48 28
internal_value=0.000949881 0.00829146 -6.38283e-07 0.0135051 0.0196596 -0.0298613
internal_weight=432.861 79.5852 46.0186 31.6869 33.5666 14.3317
internal_count=1985 208 125 80 83 45
is_linear=0
shrinkage=0.05


Tree=219
num_leaves=7
num_cat=0
split_feature=5 3 4 7 4 6
split_gain=10.1589 5.16975 6.67662 11.0812 5.88152 5.00696
threshold=19.09613537232887 0.39401234014669356 0.14228274756336778 0.34621875000000008 -0.14168894026172488 42.850000000000023
decision_type=2 2 2 2 2 2
left_child=1 5 4 -4 -3 -1
right_child=-2 2 3 -5 -6 -7
leaf_value=0.0089770016802980506 -0.032386179677925564 0.063496663063705203 0.10613920337737846 -0.039780986747840509 -0.024353347585487753 -0.010146365877477727
leaf_weight=157.1181350722909 24.586907723918557 2.0002384511753908 2.854961395263671 2.3904234226793051 40.108318255282938 43.761889627203345
leaf_count=407 566 21 22 57 712 200
internal_value=-0.00172891 0.00130761 -0.013554 0.0396405 -0.0201803 0.00481096
internal_weight=272.821 248.234 47.3539 5.24538 42.1086 200.88
internal_count=1985 1419 812 79 733 607
is_linear=0
shrinkage=0.05


Tree=220
num_leaves=7
num_cat=0
split_feature=1 8 4 4 2 8
split_gain=5.36144 5.31734 3.54577 5.01265 4.4383 3.14709
threshold=0.46480530128398151 -0.059547966504255097 -0.063786356889783388 0.095020646271466516 0.32330259605243089 1.2574400707005009
decision_type=2 2 2 2 2 2
left_child=1 -1 4 -4 -3 -2
right_child=5 2 3 -5 -6 -7
leaf_value=-0.016585434919292621 0.0032787979526267908 0.0080956275698631924 0.013188726973494953 -0.022276956679878581 -0.047255540258306541 0.028447171213837649
leaf_weight=79.371977848932147 171.16937910020351 6.9588738903403264 53.581340428441763 12.238699063658713 7.5518314093351364 13.392290547490118
leaf_count=571 907 37 304 49 23 94
internal_value=-0.000699221 -0.00740701 0.00166187 0.00659417 -0.0207109 0.00510508
internal_weight=344.264 159.703 80.3307 65.82 14.5107 184.562
internal_count=1985 984 413 353 60 1001
is_linear=0
shrinkage=0.05


Tree=221
num_leaves=7
num_cat=0
split_feature=2 1 1 4 4 9
split_gain=2.17578 2.24513 2.88736 2.78804 1.4167 1.04912
threshold=-2.2727456509388326 0.19093133786191602 0.21203990474869708 -0.076484718760137738 -0.0061760400350399994 15.500000000000002
decision_type=2 2 2 2 2 2
left_child=5 4 -3 -4 -2 -1
right_child=1 2 3 -5 -6 -7
leaf_value=-0.0066062282377863163 0.00010753619779550663 0.030255447843932609 -0.0097159947533126886 0.0026348584698430459 -0.043805483818923061 -0.045004501487512186
leaf_weight=3.4000504277646533 3.1142730116844177 8.6369615085422975 52.46559115499258 353.94754801318049 4.4770624525845042 3.7307005189359188
leaf_count=23 23 36 199 1646 33 25
internal_value=0.000693429 0.00115553 0.00164838 0.00104043 -0.0257906 -0.0266956
internal_weight=429.772 422.641 415.05 406.413 7.59134 7.13075
internal_count=1985 1937 1881 1845 56 48
is_linear=0
shrinkage=0.05


Tree=222
num_leaves=7
num_cat=0
split_feature=9 6 8 4 7 2
split_gain=2.06358 5.20932 10.6965 6.41847 5.44366 5.08169
threshold=17.500000000000004 1.399999999999993 -0.41116005690915519 -0.014998197690067949 0.25971875000000005 -0.67328134378254745
decision_type=2 2 2 2 2 2
left_child=-1 3 -3 -2 -5 -4
right_child=1 2 5 4 -6 -7
leaf_value=-0.00093174221314531059 -0.023683970155065015 0.042063417352463994 0.034028261538562782 0.040918958427380414 -0.018244753314539289 -0.011527940111962363
leaf_weight=333.67315730080009 23.153850411996245 24.394414085894823 7.9317715913057318 9.7527905516326445 6.4653662834316483 26.820408457890153
leaf_count=1505 102 89 24 35 41 189
internal_value=0.000945588 0.00730393 0.0166845 -0.00678807 0.0173334 -0.00113028
internal_weight=432.192 98.5186 59.1466 39.372 16.2182 34.7522
internal_count=1985 480 302 178 76 213
is_linear=0
shrinkage=0.05


Tree=223
num_leaves=7
num_cat=0
split_feature=5 3 6 6 7 7
split_gain=9.60776 4.76858 4.60166 8.43303 7.29708 4.40727
threshold=19.09613537232887 0.39401234014669356 42.850000000000023 2.0000000000000022 0.31275000000000003 0.36465625000000007
decision_type=2 2 2 2 2 2
left_child=1 2 3 -1 -4 -3
right_child=-2 5 4 -5 -6 -7
leaf_value=-0.0016561884862906062 -0.032044568331110315 -0.0042453450931404253 -0.043941507490403209 0.021727716939935544 0.0024395075987158777 -0.039579095026631247
leaf_weight=88.290148045867682 23.823115173727274 34.876814645715058 11.520297911018131 68.445618785917759 32.136045040562749 11.815031374804674
leaf_count=230 566 521 48 177 152 291
internal_value=-0.00172005 0.00120375 0.00455666 0.00855543 -0.00979979 -0.0131863
internal_weight=270.907 247.084 200.392 156.736 43.6563 46.6918
internal_count=1985 1419 607 407 200 812
is_linear=0
shrinkage=0.05


Tree=224
num_leaves=7
num_cat=0
split_feature=2 4 4 9 8 4
split_gain=5.20233 3.13461 3.3674 5.01766 3.20634 2.8854
threshold=-1.089306735587682 -0.20692615216410695 -0.040096182450766141 20.500000000000004 1.3379542243607649 0.0026011925822499002
decision_type=2 2 2 2 2 2
left_child=5 -2 3 -3 -4 -1
right_child=1 2 4 -5 -6 -7
leaf_value=-0.033073503969149626 0.045805148228026359 -0.012528151001111763 0.0018679467461613784 0.030833871058884701 0.023176834077156882 -0.00060306631268744904
leaf_weight=18.229262989014391 3.8870338015258303 70.130899608135223 213.57383532077074 7.3728538528084746 19.244069531559944 10.952440828084944
leaf_count=208 29 350 1130 47 125 96
internal_value=-0.000692449 0.00118307 0.00062414 -0.00840317 0.00362928 -0.0208867
internal_weight=343.39 314.209 310.322 77.5038 232.818 29.1817
internal_count=1985 1681 1652 397 1255 304
is_linear=0
shrinkage=0.05


Tree=225
num_leaves=7
num_cat=0
split_feature=8 8 8 8 5 6
split_gain=2.19386 10.9708 3.14123 4.11005 5.57065 5.20145
threshold=0.97139814091363341 1.179347341013836 0.66613580842631481 0.55901630007685521 6.0803840334912627 329.85000000000008
decision_type=2 2 2 2 2 2
left_child=2 -2 3 5 -5 -1
right_child=1 -3 -4 4 -6 -7
leaf_value=0.00044277618123876936 0.037829080275032616 -0.0073352725792188824 -0.014890127563051012 -0.011739235593519077 0.046287165020405772 -0.042325774874676314
leaf_weight=312.11173360422254 21.665855463594198 35.43953163921833 35.414515897631645 6.6588970273733166 10.91742319986224 7.2748066633939734
leaf_count=1371 96 219 192 33 39 35
internal_value=0.000674682 0.00980014 -0.00072474 0.000764031 0.0243035 -0.000531382
internal_weight=429.483 57.1054 372.377 336.963 17.5763 319.387
internal_count=1985 315 1670 1478 72 1406
is_linear=0
shrinkage=0.05


Tree=226
num_leaves=7
num_cat=0
split_feature=1 1 1 9 3 8
split_gain=2.11815 2.65066 6.07054 4.91647 7.87829 7.35063
threshold=0.78380978922095312 0.48298054598794654 0.55107038403362452 14.500000000000002 0.56612806179456532 -0.58518977555545015
decision_type=2 2 2 2 2 2
left_child=1 3 -3 4 -1 -5
right_child=-2 2 -4 5 -6 -7
leaf_value=0.0022020270972588196 0.029144878192423559 -0.023052712329647857 0.00065288525655540308 0.034810432844942236 -0.034821939118960005 0.0024988346637196839
leaf_weight=180.74298780784011 6.5461601391434661 35.05157333612442 117.66104822047055 27.631268940865993 15.609197918325661 48.490198196843266
leaf_count=556 42 224 679 86 207 191
internal_value=0.000919681 0.000485127 -0.00478817 0.00344064 -0.000741227 0.0142276
internal_weight=431.732 425.186 152.713 272.474 196.352 76.1215
internal_count=1985 1943 903 1040 763 277
is_linear=0
shrinkage=0.05


Tree=227
num_leaves=7
num_cat=0
split_feature=3 4 7 4 8 2
split_gain=7.97476 5.15098 9.3023 5.55054 4.26084 7.3162
threshold=0.39401234014669356 0.14228274756336778 0.34450000000000008 -0.14168894026172488 -0.63160789286771646 -0.27204234660046278
decision_type=2 2 2 2 2 2
left_child=4 3 -3 -2 -1 -6
right_child=1 2 -4 -5 5 -7
leaf_value=0.0092910633820679472 0.054671194907442169 0.079976361700431542 -0.039383759339109418 -0.026891998580793438 -0.010070144123173107 0.032522250502964124
leaf_weight=115.70726702734828 2.1782569978386155 3.4590575434267512 3.0910051073879004 49.178793960250914 84.21519541926682 11.453580381348727
leaf_count=321 23 29 85 1097 368 62
internal_value=-0.00166754 -0.0181069 0.0236498 -0.0234326 0.00283609 -0.00497093
internal_weight=269.283 57.9071 6.55006 51.3571 211.376 95.6688
internal_count=1985 1234 114 1120 751 430
is_linear=0
shrinkage=0.05


Tree=228
num_leaves=7
num_cat=0
split_feature=1 5 4 7 7 6
split_gain=4.99483 4.78053 4.34132 2.49629 4.58897 6.10166
threshold=0.39403838317974277 -20.119911549816727 0.041417857701868101 0.49156250000000001 0.41075000000000006 9.4499999999999869
decision_type=2 2 2 2 2 2
left_child=1 -1 -3 4 5 -2
right_child=3 2 -4 -5 -6 -7
leaf_value=-0.019068190893478068 0.011289351889555386 -0.0062816839904539139 0.027380139944795365 -0.015702542776862564 0.016827912434616041 -0.0086693239287110851
leaf_weight=59.407773785293102 70.391907060518861 41.461170632392168 12.455751329660414 15.685286484658716 58.979326650500298 83.977607540786266
leaf_count=437 453 222 69 67 321 416
internal_value=-0.000699134 -0.00928487 0.00149479 0.00354903 0.0049644 0.000431756
internal_weight=342.359 113.325 53.9169 229.034 213.349 154.37
internal_count=1985 728 291 1257 1190 869
is_linear=0
shrinkage=0.05


Tree=229
num_leaves=7
num_cat=0
split_feature=1 2 5 9 9 7
split_gain=2.17121 2.06683 1.96365 5.71772 2.2036 1.11424
threshold=0.15327755887266964 -2.2727456509388326 141.05941891620563 7.0000000000000009 20.500000000000004 0.36878125
decision_type=2 2 2 2 2 2
left_child=-1 5 4 -4 -3 -2
right_child=1 2 3 -5 -6 -7
leaf_value=-0.03995072712281611 -0.043334444085585636 0.0015805035490134821 -0.014011659008933417 0.027742965465336274 -0.011551327819995905 -0.0028938102180286404
leaf_weight=3.2665848843753329 3.9860832802951327 348.26339115202427 12.834312118589876 22.700488843023777 35.172923859208822 2.9741349592804909
leaf_count=32 36 1543 77 94 191 12
internal_value=0.000657605 0.000969042 0.00141797 0.0126622 0.00037591 -0.026054
internal_weight=429.198 425.931 418.971 35.5348 383.436 6.96022
internal_count=1985 1953 1905 171 1734 48
is_linear=0
shrinkage=0.05


Tree=230
num_leaves=7
num_cat=0
split_feature=6 1 1 2 9 3
split_gain=1.97492 2.24521 8.91146 5.03967 4.29616 8.06832
threshold=493.15000000000003 0.49829253254921774 0.52504390278533164 -1.5791888275478272 14.500000000000002 0.56612806179456532
decision_type=2 2 2 2 2 2
left_child=1 4 -3 -4 5 -1
right_child=-2 2 3 -5 -6 -7
leaf_value=0.0021422280385933481 0.032172556470545108 -0.04542500503396512 0.030446179242751045 -0.0038005865890126389 0.012738875604116415 -0.03483815647335619
leaf_weight=182.33204764127731 4.9860985651612273 12.197283636778591 11.782882437109945 121.65797835402191 82.303870523348451 16.047766150906682
leaf_count=565 20 88 36 746 307 223
internal_value=0.000887317 0.000521417 -0.00451592 -0.000776583 0.00313513 -0.000849269
internal_weight=431.308 426.322 145.638 133.441 280.684 198.38
internal_count=1985 1965 870 782 1095 788
is_linear=0
shrinkage=0.05


Tree=231
num_leaves=7
num_cat=0
split_feature=5 6 6 8 6 8
split_gain=9.03666 4.39202 6.51519 6.23115 5.28906 5.16293
threshold=19.09613537232887 73.950000000000003 2.0000000000000022 -0.33465878070077087 11.550000000000017 -1.1325896754640166
decision_type=2 2 2 2 2 2
left_child=1 2 3 -1 -4 -3
right_child=-2 5 4 -5 -6 -7
leaf_value=0.0014413602440157913 -0.031662829332789383 0.02064639211049725 0.026597679463807256 -0.029713348196222636 0.003336593932716494 -0.022541716766185219
leaf_weight=83.94375425670296 22.847648811526597 8.7455157469958049 43.029201348312199 19.843390434980392 56.559385467320681 33.152286989614367
leaf_count=324 566 53 182 164 252 444
internal_value=-0.00158732 0.00121426 0.00425111 -0.00451521 0.013387 -0.0135269
internal_weight=268.121 245.274 203.376 103.787 99.5886 41.8978
internal_count=1985 1419 922 488 434 497
is_linear=0
shrinkage=0.05


Tree=232
num_leaves=7
num_cat=0
split_feature=2 1 6 4 4 5
split_gain=4.77562 3.5269 4.88465 3.8198 3.07668 3.07535
threshold=-1.089306735587682 0.24164918249999454 32.150000000000013 -0.20692615216410695 -0.040096182450766141 161.2903916320719
decision_type=2 2 2 2 2 2
left_child=-1 2 5 -3 -5 -2
right_child=1 3 -4 4 -6 -7
leaf_value=-0.02033108789904544 -0.038952748208025412 0.054535233938668992 0.021040269123609345 -0.007076972600029415 0.0049504078111913229 0.019918140484346824
leaf_weight=28.432009246200323 15.386597551405435 3.4984800890088072 6.1875965148210517 70.687092613428831 214.58400878310204 2.5920856148004523
leaf_count=304 132 24 45 348 1116 16
internal_value=-0.000711161 0.00107142 -0.0172775 0.00260699 0.00197015 -0.030465
internal_weight=341.368 312.936 24.1663 288.77 285.271 17.9787
internal_count=1985 1681 193 1488 1464 148
is_linear=0
shrinkage=0.05


Tree=233
num_leaves=6
num_cat=0
split_feature=6 6 7 8 6
split_gain=2.06595 2.76478 2.02536 3.93941 2.52526
threshold=480.85000000000008 442.50000000000006 0.080656249999999971 -0.63980163097640463 0.29999999999999294
decision_type=2 2 2 2 2
left_child=1 2 3 -1 -4
right_child=-2 -3 4 -5 -6
leaf_value=-0.042973160566383027 -0.033044409691121122 0.041032931353489004 0.0099687496772840316 0.0014382794288151535 -0.00044517136996358083
leaf_weight=7.7123442217707661 4.503569744527339 4.2694511115550986 70.804573453962803 14.162552800029514 327.33377626352012
leaf_count=42 25 15 320 67 1516
internal_value=0.000642347 0.000999917 0.00059298 -0.0142197 0.00140683
internal_weight=428.786 424.283 420.013 21.8749 398.138
internal_count=1985 1960 1945 109 1836
is_linear=0
shrinkage=0.05


Tree=234
num_leaves=7
num_cat=0
split_feature=1 2 6 6 1 6
split_gain=1.9269 2.36013 5.41117 16.4415 2.44016 2.12273
threshold=0.78380978922095312 0.63561307544133905 29.650000000000023 18.549999999999979 0.70102382851130418 238.75000000000003
decision_type=2 2 2 2 2 2
left_child=1 5 3 -3 -4 -1
right_child=-2 2 4 -5 -6 -7
leaf_value=0.00030824132686595564 0.027651866060528215 -0.015684958945811182 -0.042835343250076034 0.10154236681529444 -0.0046664294287474973 0.012121094537177723
leaf_weight=343.36854745447636 6.6112617738544932 15.114566765725614 12.755958957597615 3.7289944980293503 6.2336401101201764 42.766538470983505
leaf_count=1245 42 235 186 30 77 170
internal_value=0.000866544 0.00044886 -0.0114692 0.00751342 -0.0303058 0.00161658
internal_weight=430.58 423.968 37.8332 18.8436 18.9896 386.135
internal_count=1985 1943 528 265 263 1415
is_linear=0
shrinkage=0.05


Tree=235
num_leaves=7
num_cat=0
split_feature=5 2 2 4 2 7
split_gain=8.59503 5.21668 4.90851 9.43791 6.34723 1.28812
threshold=19.09613537232887 0.53960278538607809 0.40895347157483108 0.14940704906901778 0.12756090418197133 0.24362500000000001
decision_type=2 2 2 2 2 2
left_child=1 2 4 -4 -1 -2
right_child=5 -3 3 -5 -6 -7
leaf_value=0.0034795173393273233 -0.012504839091675863 -0.030625581840292321 -0.0014894755182274409 0.15061750851315236 -0.040976159554334646 -0.039036965551125929
leaf_weight=219.60330917313695 6.4500877531245377 12.245120386593042 2.7245384044945231 1.6298739314079282 8.3338586464524251 15.732792492024599
leaf_count=841 90 382 49 7 140 476
internal_value=-0.00152137 0.00118199 0.00285871 0.0554448 0.00185412 -0.0313223
internal_weight=266.72 244.537 232.292 4.35441 227.937 22.1829
internal_count=1985 1419 1037 56 981 566
is_linear=0
shrinkage=0.05


Tree=236
num_leaves=7
num_cat=0
split_feature=2 7 9 4 6 2
split_gain=4.46426 3.24784 4.19375 7.27987 2.87985 2.85194
threshold=-1.089306735587682 0.20706249999999998 20.500000000000004 -0.0081303689438523997 25.200000000000006 0.040581703735724658
decision_type=2 2 2 2 2 2
left_child=4 5 -3 -4 -1 -2
right_child=1 2 3 -5 -6 -7
leaf_value=-0.035754148688248409 -0.025675008888180934 0.0010072143097656593 0.052187469666313761 -0.00089884137933279743 -0.0036065467135255659 -2.9164553248215314e-05
leaf_weight=14.105000263080003 19.783448627218604 242.28703737072647 11.364638529717924 14.957881733775137 13.765034101903437 23.980737328529358
leaf_count=184 160 1244 79 79 120 119
internal_value=-0.000702185 0.00100854 0.00306647 0.022021 -0.0198764 -0.0116223
internal_weight=340.244 312.374 268.61 26.3225 27.87 43.7642
internal_count=1985 1681 1402 158 304 279
is_linear=0
shrinkage=0.05


Tree=237
num_leaves=7
num_cat=0
split_feature=1 4 4 1 4 4
split_gain=2.06323 2.00844 4.73175 6.11494 2.07847 6.06661
threshold=0.15327755887266964 0.13904813397743396 0.19440369809374833 0.62105046736968184 0.064116023416644963 0.071406604294401224
decision_type=2 2 2 2 2 2
left_child=-1 4 -3 -4 -2 -6
right_child=1 2 3 -5 5 -7
leaf_value=-0.039870093760262001 0.00030952191864439297 -0.030785827520894399 0.05344732106446054 -0.022208605959609835 0.059813966250961741 0.0052712494137369895
leaf_weight=3.1193342693150035 340.42377915047109 14.959809973835947 4.9595543667674047 5.7875538468360901 5.6334363482892504 53.653815906494856
leaf_count=32 1548 84 27 36 24 234
internal_value=0.000645854 0.000942933 -0.012604 0.0127049 0.00181418 0.0104539
internal_weight=428.537 425.418 25.7069 10.7471 399.711 59.2873
internal_count=1985 1953 147 63 1806 258
is_linear=0
shrinkage=0.05


Tree=238
num_leaves=7
num_cat=0
split_feature=1 2 4 2 9 7
split_gain=1.88785 2.51136 3.04233 3.86798 2.44054 2.67312
threshold=0.23231104268376782 -0.027170551636471196 0.0053956035390990012 -0.53036869251489283 7.0000000000000009 0.26096875000000003
decision_type=2 2 2 2 2 2
left_child=1 2 3 -1 5 -2
right_child=4 -3 -4 -5 -6 -7
leaf_value=-0.0024249276761650345 -0.020221180320180263 -0.017807127440725115 0.030455490233052187 0.029260794342087029 0.00180937428908095 -0.0019895448331523902
leaf_weight=39.238098785281181 28.97570214048028 8.3992280550301057 15.718173459172247 12.764919742941855 259.32860879227519 65.673485137522221
leaf_count=100 140 28 41 31 1242 403
internal_value=0.000837344 0.00798078 0.0111792 0.00535281 -0.000698803 -0.00757094
internal_weight=430.098 76.1204 67.7212 52.003 353.978 94.6492
internal_count=1985 200 172 131 1785 543
is_linear=0
shrinkage=0.05


Tree=239
num_leaves=7
num_cat=0
split_feature=5 3 3 7 8 4
split_gain=8.17373 3.90902 5.53645 4.45039 8.40081 4.05835
threshold=19.09613537232887 0.25356215838448615 0.2758863463094845 0.27565625000000005 -1.0481890109345466 0.11038669760644897
decision_type=2 2 2 2 2 2
left_child=1 3 -3 -1 -5 -4
right_child=-2 2 5 4 -6 -7
leaf_value=0.012052946051734717 -0.031025003090179505 -0.044831145393146997 -0.0068848838655826798 0.021469638059614722 -0.025134955445699284 0.024280482601911069
leaf_weight=101.61868749558926 21.538273313082755 8.5801530256867391 80.653638464398682 15.581828963011501 25.483729848638177 12.000063383951781
leaf_count=248 566 33 837 44 107 150
internal_value=-0.0014993 0.00110786 -0.00640677 0.00643945 -0.00745141 -0.00284849
internal_weight=265.456 243.918 101.234 142.684 41.0656 92.6537
internal_count=1985 1419 1020 399 151 987
is_linear=0
shrinkage=0.05


Tree=240
num_leaves=7
num_cat=0
split_feature=2 7 9 4 4 2
split_gain=4.18846 3.0492 3.87713 6.76885 2.86109 2.69084
threshold=-1.089306735587682 0.20706249999999998 20.500000000000004 -0.0081303689438523997 0.0026011925822499002 0.040581703735724658
decision_type=2 2 2 2 2 2
left_child=4 5 -3 -4 -1 -2
right_child=1 2 3 -5 -6 -7
leaf_value=-0.032314080588461594 -0.025209652796374878 0.00098262263332473689 0.050334168964326777 -0.00088531918373959133 0.0009046063910342812 -0.00014489967347167874
leaf_weight=16.729721102863554 19.33933231048286 242.29516871273518 11.338136814534666 14.962894413620232 10.581988113000987 23.991458341479301
leaf_count=208 160 1244 79 79 96 119
internal_value=-0.000667712 0.000976252 0.00296182 0.0211949 -0.0194434 -0.0113318
internal_weight=339.239 311.927 268.596 26.301 27.3117 43.3308
internal_count=1985 1681 1402 158 304 279
is_linear=0
shrinkage=0.05


Tree=241
num_leaves=7
num_cat=0
split_feature=6 7 1 4 4 1
split_gain=1.92145 2.69528 4.76664 3.74937 6.31875 5.48333
threshold=480.85000000000008 0.49156250000000001 0.68732803339558701 0.19440369809374833 0.14940704906901778 0.62105046736968184
decision_type=2 2 2 2 2 2
left_child=1 3 -3 4 -1 -5
right_child=-2 2 -4 5 -6 -7
leaf_value=0.0005486411584511412 -0.032241386059527199 0.046136203442624833 -0.017529919578691915 0.074589723921682408 -0.041732215411841092 -0.0091052974527082563
leaf_weight=394.07743074372411 4.3998962193727484 8.280152313411234 4.5584100782871237 4.0864168405532828 9.0392650626599771 3.7554455474019051
leaf_count=1805 25 31 28 21 53 22
internal_value=0.000630169 0.000971444 0.0235312 0.000266666 -0.000399441 0.0345084
internal_weight=428.197 423.797 12.8386 410.959 403.117 7.84186
internal_count=1985 1960 59 1901 1858 43
is_linear=0
shrinkage=0.05


Tree=242
num_leaves=7
num_cat=0
split_feature=6 8 7 6 4 6
split_gain=1.71846 2.11836 4.06758 4.93418 3.70311 3.2461
threshold=493.15000000000003 0.33581432438442022 0.46506249999999999 131.90000000000003 -0.010400494805747449 251.75000000000003
decision_type=2 2 2 2 2 2
left_child=1 2 3 -1 5 -3
right_child=-2 4 -4 -5 -6 -7
leaf_value=0.0038455818280592742 0.030072656483470517 -0.025013988587455585 0.039071157356714722 -0.016306307018573413 0.0013755938206376547 0.012600182936043355
leaf_weight=277.09761197119951 4.961040921509265 31.187163894996047 7.4297790601849547 34.115191679447889 67.626281829550862 7.02852489799261
leaf_count=1083 20 225 29 155 448 25
internal_value=0.000815615 0.000473681 0.00250939 0.00163653 -0.00565492 -0.0180961
internal_weight=429.446 424.485 318.643 311.213 105.842 38.2157
internal_count=1985 1965 1267 1238 698 250
is_linear=0
shrinkage=0.05


Tree=243
num_leaves=7
num_cat=0
split_feature=2 6 1 6 2 8
split_gain=6.84647 4.26718 5.5317 6.40853 4.47166 3.03371
threshold=0.53960278538607809 155.45000000000005 0.68969497228308407 100.95000000000002 -2.1839497393028418 -0.51349110537104969
decision_type=2 2 2 2 2 2
left_child=1 2 4 -4 -1 -3
right_child=-2 5 3 -5 -6 -7
leaf_value=0.030443134272754302 -0.032621801058281844 0.012895980539335803 0.0077757224743758378 0.10277401999988799 -0.00073382320761474103 -0.035487678087261575
leaf_weight=12.166719555854796 16.554334301501513 4.3211969174444702 4.565696930512785 2.9047212228178978 210.24432997033 12.945926692336796
leaf_count=44 624 47 35 24 974 237
internal_value=-0.00149253 0.000592549 0.00239316 0.0447139 0.000971673 -0.0233794
internal_weight=263.703 247.149 229.881 7.47042 222.411 17.2671
internal_count=1985 1361 1077 59 1018 284
is_linear=0
shrinkage=0.05


Tree=244
num_leaves=7
num_cat=0
split_feature=1 8 4 4 6 2
split_gain=4.1876 4.36958 3.20365 4.67037 3.25876 2.85145
threshold=0.46480530128398151 -0.059547966504255097 0.095020646271466516 -0.063786356889783388 188.35000000000005 -0.25031468895647896
decision_type=2 2 2 2 2 2
left_child=1 5 3 -3 -4 -1
right_child=-2 2 4 -5 -6 -7
leaf_value=-0.025465476589598465 0.0044679926530840517 -0.019559006427601749 -0.045231402790909862 0.012590737901727636 0.0068845612087650044 -0.0060408780531024768
leaf_weight=36.074843756854534 182.89085840061307 14.35167523473501 6.7699470072984678 53.060839682817459 5.3857190981507301 39.66785878688097
leaf_count=371 1001 60 21 304 28 200
internal_value=-0.00065908 -0.00669661 0.00148595 0.00574627 -0.0221408 -0.0152925
internal_weight=338.202 155.311 79.5682 67.4125 12.1557 75.7427
internal_count=1985 984 413 364 49 571
is_linear=0
shrinkage=0.05


Tree=245
num_leaves=7
num_cat=0
split_feature=8 8 8 5 2 1
split_gain=1.97769 9.85106 2.95025 3.63285 5.82132 3.21829
threshold=0.97139814091363341 1.179347341013836 0.66613580842631481 11.222240821336905 0.10818634539846742 0.46186181085890887
decision_type=2 2 2 2 2 2
left_child=2 -2 3 5 -5 -1
right_child=1 -3 -4 4 -6 -7
leaf_value=-0.0067213916162655726 0.035627356676189298 -0.0070965028506807283 -0.014499373602972912 0.021436507841802913 -0.0093158176903371474 0.004348399343651165
leaf_weight=151.024120060727 21.879831466823816 35.195369202643633 35.144780870527029 45.300388731062412 23.306032907217741 116.15715626254678
leaf_count=621 96 219 192 146 158 553
internal_value=0.000617167 0.00928173 -0.000716045 0.000726569 0.0109897 -0.0019088
internal_weight=428.008 57.0752 370.932 335.788 68.6064 267.181
internal_count=1985 315 1670 1478 304 1174
is_linear=0
shrinkage=0.05


Tree=246
num_leaves=7
num_cat=0
split_feature=1 8 5 8 8 2
split_gain=1.69624 2.44242 4.39431 3.10918 4.43144 3.9167
threshold=0.78380978922095312 0.86627997118026534 54.328156845009111 0.71096587498815755 0.49857781308204102 -0.94694787672267544
decision_type=2 2 2 2 2 2
left_child=1 3 -3 4 -1 -5
right_child=-2 2 -4 5 -6 -7
leaf_value=0.0022102941614227153 0.025750623318016808 -0.02667570670972623 0.005267177269393835 -0.018898663831293107 -0.01898725310087164 0.03490383091906326
leaf_weight=334.44901188090444 6.6959246173501006 21.796076582744718 21.276949992403388 4.4761150032281902 26.617732314392924 13.846775768324731
leaf_count=1355 42 171 180 13 140 84
internal_value=0.000782028 0.000386282 -0.0108968 0.00166727 0.000647617 0.0217604
internal_weight=429.159 422.463 43.073 379.39 361.067 18.3229
internal_count=1985 1943 351 1592 1495 97
is_linear=0
shrinkage=0.05


Tree=247
num_leaves=7
num_cat=0
split_feature=5 2 2 4 2 1
split_gain=7.65434 4.65649 5.00549 6.31608 6.18415 1.32551
threshold=19.09613537232887 0.53960278538607809 0.42109434976833621 0.14940704906901778 0.12756090418197133 0.2644989583723632
decision_type=2 2 2 2 2 2
left_child=1 2 4 -4 -1 -2
right_child=5 -3 3 -5 -6 -7
leaf_value=0.0032095096034942907 -0.011260688531283338 -0.029966805218846627 0.0032444385579806197 0.12605462490961092 -0.040842017286422713 -0.038870166792487844
leaf_weight=218.08385575376451 6.2058676965534714 11.51596021838486 2.4252138007432213 1.8421763889491556 8.2691556401550752 14.51451570773497
leaf_count=841 79 382 42 7 147 487
internal_value=-0.00143372 0.00106221 0.00261164 0.05626 0.00160021 -0.030601
internal_weight=262.857 242.136 230.62 4.26739 226.353 20.7204
internal_count=1985 1419 1037 49 988 566
is_linear=0
shrinkage=0.05


Tree=248
num_leaves=7
num_cat=0
split_feature=2 6 7 8 6 2
split_gain=3.84061 2.80141 2.79658 3.32304 3.12005 2.54266
threshold=-1.089306735587682 25.200000000000006 0.20706249999999998 3.0626613987034101 9.0000000000000089 1.2068032727359945
decision_type=2 2 2 2 2 2
left_child=1 -1 5 4 -4 -2
right_child=2 -3 3 -5 -6 -7
leaf_value=-0.035387919870968509 -0.015002674790712052 -0.0029311101702808621 0.010830259273458485 0.04389852866000974 -0.0013241605760209074 0.02585888232670587
leaf_weight=13.070532673038544 38.503111267462373 13.530228324234484 73.148824114352465 4.8324753493070594 189.80053819343448 4.2248942479491225
leaf_count=184 251 120 446 39 917 28
internal_value=-0.000645377 -0.0188791 0.000916668 0.00281211 0.00205703 -0.0109623
internal_weight=337.111 26.6008 310.51 267.782 262.949 42.728
internal_count=1985 304 1681 1402 1363 279
is_linear=0
shrinkage=0.05


Tree=249
num_leaves=7
num_cat=0
split_feature=7 2 7 7 7 2
split_gain=2.3033 1.88572 2.8671 9.68709 4.1385 2.23738
threshold=0.069437500000000027 -1.1539228092308977 0.24362500000000001 0.20575000000000002 0.41318749999999999 -1.0448721859484864
decision_type=2 2 2 2 2 2
left_child=-1 2 3 -2 -4 -3
right_child=1 5 4 -5 -6 -7
leaf_value=-0.044715045364383928 -0.019997335047207632 0.023247922371151586 -0.025547312888192078 0.086694778530026648 0.0097654284911896372 0.0013862005888285785
leaf_weight=2.7858089320361605 6.2729128804057819 12.091462589800356 26.489936780184507 3.2193604521453381 12.080850854516028 364.65141503885388
leaf_count=25 46 40 177 16 39 1642
internal_value=0.000600811 0.000897985 -0.00842876 0.0161879 -0.0144869 0.00208785
internal_weight=427.592 424.806 48.0631 9.49227 38.5708 376.743
internal_count=1985 1960 278 62 216 1682
is_linear=0
shrinkage=0.05


Tree=250
num_leaves=7
num_cat=0
split_feature=4 5 5 2 3 9
split_gain=1.65998 3.91291 6.02648 3.26012 4.07619 4.17922
threshold=-0.091639158209931196 -97.507417519716626 -91.943618182734483 0.68129720146919071 0.72451100675943103 15.500000000000002
decision_type=2 2 2 2 2 2
left_child=1 -1 -3 4 -2 -6
right_child=3 2 -4 -5 5 -7
leaf_value=-0.035544657851387322 5.0681626613234646e-05 0.11150937470277884 0.010760708937543717 -0.015037072349874631 -0.0028113156823749777 0.052453259069935802
leaf_weight=4.310054011642932 335.3831780962646 1.5418056696653355 39.804135497659445 34.156471680849791 6.1878113411366922 7.6504283919930458
leaf_count=13 1230 6 141 514 48 33
internal_value=0.000779252 0.00979164 0.0145177 -0.000294022 0.00114796 0.0277415
internal_weight=429.034 45.656 41.3459 383.378 349.221 13.8382
internal_count=1985 160 147 1825 1311 81
is_linear=0
shrinkage=0.05


Tree=251
num_leaves=7
num_cat=0
split_feature=5 6 6 7 6 8
split_gain=7.2362 3.79128 6.09384 5.5895 4.8759 4.45257
threshold=19.09613537232887 73.950000000000003 2.0000000000000022 0.27600000000000008 11.550000000000017 -1.1325896754640166
decision_type=2 2 2 2 2 2
left_child=1 2 3 -1 -4 -3
right_child=-2 5 4 -5 -6 -7
leaf_value=-0.0009589323533590353 -0.030260365171300874 0.018493758085003652 0.025451681289961194 -0.040722218389421076 0.0029965265506495709 -0.021583280251001213
leaf_weight=92.407817557454109 20.090648645535111 8.8441565558314306 42.444278455339372 9.7725232280790788 56.163707338273525 32.028414611704648
leaf_count=387 566 53 182 101 252 444
internal_value=-0.00142755 0.000969483 0.00379505 -0.00476189 0.012662 -0.0129113
internal_weight=261.752 241.661 200.788 102.18 98.608 40.8726
internal_count=1985 1419 922 488 434 497
is_linear=0
shrinkage=0.05


Tree=252
num_leaves=7
num_cat=0
split_feature=1 2 9 6 6 7
split_gain=3.94476 3.92048 4.86784 5.13684 3.53402 4.93354
threshold=0.39403838317974277 0.012007828264730751 3.5000000000000004 100.95000000000002 17.999999999999989 0.29556250000000006
decision_type=2 2 2 2 2 2
left_child=1 4 -3 -4 -1 -6
right_child=-2 2 3 -5 5 -7
leaf_value=-0.031639875157948937 0.0031402243819379028 0.041211366527437995 -0.01271337700505611 0.02911448410868608 0.019811208537252933 -0.021233251616470612
leaf_weight=24.925168292596936 226.48868906497955 6.7001958787441245 36.928605861961842 9.161041393876074 11.422357976436617 20.391647674143314
leaf_count=267 1257 42 165 50 88 116
internal_value=-0.000627164 -0.00841753 0.00138958 -0.00439943 -0.017542 -0.00649683
internal_weight=336.018 109.529 52.7898 46.0896 56.7392 31.814
internal_count=1985 728 257 215 471 204
is_linear=0
shrinkage=0.05


Tree=253
num_leaves=7
num_cat=0
split_feature=1 1 4 1 4 4
split_gain=1.85239 2.23704 2.69243 5.72432 3.2569 1.76151
threshold=0.19093133786191602 0.21203990474869708 -0.076484718760137738 0.50655893988724565 -0.03594380134196324 -0.06547993373713433
decision_type=2 2 2 2 2 2
left_child=-1 5 3 -3 -4 -2
right_child=1 2 4 -5 -6 -7
leaf_value=-0.024777213003677561 0.053647504032607707 -0.023413670920061525 0.010937729406907837 0.010252943909812838 -0.00051995843849833969 0.008394278052742803
leaf_weight=7.0735866762697688 3.4540578722953796 31.843747712671757 79.804918020963669 20.921202149242163 278.35306509770453 5.6977878063917142
leaf_count=56 12 116 342 87 1344 28
internal_value=0.000596851 0.00102412 0.000479597 -0.0100649 0.00203305 0.0254736
internal_weight=427.148 420.075 410.923 52.7649 358.158 9.15185
internal_count=1985 1929 1889 203 1686 40
is_linear=0
shrinkage=0.05


Tree=254
num_leaves=7
num_cat=0
split_feature=9 6 8 4 7 9
split_gain=1.61226 5.12988 9.43347 5.79217 4.65841 4.53907
threshold=17.500000000000004 1.399999999999993 -0.41116005690915519 -0.014998197690067949 0.25971875000000005 16.500000000000004
decision_type=2 2 2 2 2 2
left_child=5 3 -3 -2 -5 -1
right_child=1 2 -4 4 -6 -7
leaf_value=0.00076842900048826887 -0.023809154155850581 0.039285276542607439 -0.0012525519841313359 0.036544988680943469 -0.018113879517169085 -0.021377959109654957
leaf_weight=305.29936495795846 22.95250360108912 24.678210530430079 34.29519085213542 9.9485077299177664 6.4096117094159117 25.033851893618703
leaf_count=1385 102 89 213 35 41 120
internal_value=0.000762796 0.00638475 0.015711 -0.00760646 0.015128 -0.000909905
internal_weight=428.617 98.284 58.9734 39.3106 16.3581 330.333
internal_count=1985 480 302 178 76 1505
is_linear=0
shrinkage=0.05


Tree=255
num_leaves=7
num_cat=0
split_feature=5 2 2 2 4 7
split_gain=6.85859 4.32951 4.46713 5.8618 5.24867 1.41381
threshold=19.09613537232887 0.53960278538607809 0.42109434976833621 0.12756090418197133 0.14940704906901778 0.24362500000000001
decision_type=2 2 2 2 2 2
left_child=1 2 3 -1 -4 -2
right_child=5 -3 4 -5 -6 -7
leaf_value=0.0029300769541543113 -0.0096630247983558112 -0.029588101570042921 0.0029957306857176574 -0.04075762662030543 0.11258710240386188 -0.038839771143749584
leaf_weight=217.20684942044318 5.9835346331819919 11.116111617535351 2.4353311248123637 7.9594432199373832 1.9814640060067175 13.564377538394181
leaf_count=841 90 382 42 147 7 476
internal_value=-0.00142616 0.000887012 0.00236258 0.00138575 0.0521606 -0.0299089
internal_weight=260.247 240.699 229.583 225.166 4.4168 19.5479
internal_count=1985 1419 1037 988 49 566
is_linear=0
shrinkage=0.05


Tree=256
num_leaves=7
num_cat=0
split_feature=1 8 4 4 6 8
split_gain=3.72293 3.88169 2.97893 4.35115 3.03323 2.57931
threshold=0.46480530128398151 -0.059547966504255097 0.095020646271466516 -0.063786356889783388 188.35000000000005 1.2574400707005009
decision_type=2 2 2 2 2 2
left_child=1 -1 3 -3 -4 -2
right_child=5 2 4 -5 -6 -7
leaf_value=-0.014626165149558286 0.0025675399407263794 -0.01909656855552138 -0.044230267513247851 0.012040806210877733 0.0062964335906718037 0.025766388137333771
leaf_weight=73.731142734177411 169.33998231962323 14.244978155940769 6.6344474330544454 52.828915908932686 5.3782206699252129 12.893788509070871
leaf_count=571 907 60 21 304 28 94
internal_value=-0.00061751 -0.00637303 0.00132125 0.00542793 -0.0216088 0.00420895
internal_weight=335.051 152.818 79.0866 67.0739 12.0127 182.234
internal_count=1985 984 413 364 49 1001
is_linear=0
shrinkage=0.05


Tree=257
num_leaves=6
num_cat=0
split_feature=6 6 2 7 5
split_gain=1.8342 2.44303 2.79527 2.22833 0.624939
threshold=480.85000000000008 442.50000000000006 -2.2727456509388326 0.069437500000000027 -17.405176439974451
decision_type=2 2 2 2 2
left_child=1 2 4 -4 -1
right_child=-2 -3 3 -5 -6
leaf_value=-0.015503397107061598 -0.031805221949943202 0.038352668252049811 -0.044615507179696472 0.0013275028050564108 -0.047415799147436613
leaf_weight=2.8240020852535963 4.3264841921627513 4.3135375827550879 2.6563807353377333 409.34287348203361 3.3587167039513579
leaf_count=33 25 15 25 1873 14
internal_value=0.000584977 0.000916663 0.000530511 0.00103128 -0.0328396
internal_weight=426.822 422.496 418.182 411.999 6.18272
internal_count=1985 1960 1945 1898 47
is_linear=0
shrinkage=0.05


Tree=258
num_leaves=7
num_cat=0
split_feature=8 8 3 3 8 8
split_gain=1.75364 1.9892 5.15231 2.30478 3.94037 3.61999
threshold=-3.4920099330090113 -1.8442955481920966 0.23565595066942549 0.27268191698993122 -0.88459293121202232 1.4797008518928998
decision_type=2 2 2 2 2 2
left_child=-1 2 -2 4 -3 -5
right_child=1 3 -4 5 -6 -7
leaf_value=0.042409734883630271 -0.041369345777903757 -0.008342019902088103 0.012550321960020636 -0.00060948121642316491 0.01014907993823122 -0.031766340096178
leaf_weight=2.5097553580999366 9.3728102669119853 37.5398203805089 8.4019939303398115 236.85740644484758 123.89818146824837 9.7046431433409435
leaf_count=8 31 119 33 1308 354 132
internal_value=0.000737342 0.000491702 -0.015882 0.00120503 0.00584927 -0.00183581
internal_weight=428.285 425.775 17.7748 408 161.438 246.562
internal_count=1985 1977 64 1913 473 1440
is_linear=0
shrinkage=0.05


Tree=259
num_leaves=7
num_cat=0
split_feature=5 2 9 5 5 7
split_gain=6.52859 4.18841 4.64017 6.28059 5.71881 1.41643
threshold=19.09613537232887 -2.1839497393028418 12.500000000000002 -2.3953276394813128 -15.771761019587837 0.24362500000000001
decision_type=2 2 2 2 2 2
left_child=1 -1 3 -3 -4 -2
right_child=5 2 4 -5 -6 -7
leaf_value=0.027532333873418136 -0.0093343291615831346 0.0030397654340779227 -0.0042989854819096241 0.061666338813969782 -0.039639425931883535 -0.038790109144314557
leaf_weight=13.857754822820423 5.9339666496962336 130.4735256601125 77.704707362689078 4.73401607107371 13.424991326406596 13.07164321374148
leaf_count=48 90 560 456 60 295 476
internal_value=-0.00138339 0.000848745 -0.000784988 0.00509246 -0.00950525 -0.0295934
internal_weight=259.201 240.195 226.337 135.208 91.1297 19.0056
internal_count=1985 1419 1371 620 751 566
is_linear=0
shrinkage=0.05


Tree=260
num_leaves=7
num_cat=0
split_feature=1 5 4 3 9 7
split_gain=3.50268 3.96292 3.68587 2.48148 9.45024 2.30044
threshold=0.39403838317974277 -20.119911549816727 0.041417857701868101 0.6072353536771099 7.0000000000000009 0.42646875000000006
decision_type=2 2 2 2 2 2
left_child=1 3 -3 -1 -5 -4
right_child=-2 2 5 4 -6 -7
leaf_value=-0.024109436724573635 0.002932586359149295 -0.0055333649545561796 0.048761538364288044 0.053498671785894993 -0.027922354274879952 0.0055944247806465428
leaf_weight=39.337749474681914 226.10286051034927 40.316708710044622 5.7594784125685674 5.3465818390250233 10.687608122825621 6.6498007774353027
leaf_count=364 1257 222 36 35 38 33
internal_value=-0.000606753 -0.00800981 0.00180093 -0.0173517 -0.000772609 0.0256294
internal_weight=334.201 108.098 52.726 55.3719 16.0342 12.4093
internal_count=1985 728 291 437 73 69
is_linear=0
shrinkage=0.05


Tree=261
num_leaves=7
num_cat=0
split_feature=8 8 7 1 6 3
split_gain=1.87602 8.7406 2.80586 9.06392 6.04189 9.38895
threshold=0.97139814091363341 1.179347341013836 0.41075000000000006 0.55107038403362452 75.65000000000002 0.63379103917144408
decision_type=2 2 2 2 2 2
left_child=2 -2 4 -4 -1 -6
right_child=1 -3 3 -5 5 -7
leaf_value=-0.0019644268532862008 0.033620368531778272 -0.0065918701906985538 0.0090956257007943925 -0.025967735002281302 0.0052670739305505192 0.054822502519665674
leaf_weight=240.90795182809234 22.086095094680786 34.81497659906745 34.85500629991293 39.114292625337839 42.404797837138176 12.33953984826803
leaf_count=1095 96 219 136 226 148 65
internal_value=0.000564924 0.00901647 -0.000736142 -0.00944556 0.00144287 0.016437
internal_weight=426.523 56.9011 369.622 73.9693 295.652 54.7443
internal_count=1985 315 1670 362 1308 213
is_linear=0
shrinkage=0.05


Tree=262
num_leaves=7
num_cat=0
split_feature=8 8 3 3 4 8
split_gain=1.58515 1.85622 4.86375 2.15924 4.23598 3.62338
threshold=-3.4920099330090113 -1.8442955481920966 0.23565595066942549 0.27268191698993122 -0.091639158209931196 -0.88459293121202232
decision_type=2 2 2 2 2 2
left_child=-1 2 -2 5 -5 -3
right_child=1 3 -4 4 -6 -7
leaf_value=0.039949741959789842 -0.040613963135524324 -0.0080070474765822786 0.01196424900224625 0.018152234844587719 -0.0039407269450593722 0.0097663268997312119
leaf_weight=2.5585811138153067 9.1760343685746211 37.295974396169186 8.447866275906561 24.044378504157066 222.17395316623151 124.06682814657688
leaf_count=8 31 119 33 95 1345 354
internal_value=0.000712054 0.00047595 -0.015411 0.00116291 -0.00178325 0.00565835
internal_weight=427.764 425.205 17.6239 407.581 246.218 161.363
internal_count=1985 1977 64 1913 1440 473
is_linear=0
shrinkage=0.05


Tree=263
num_leaves=7
num_cat=0
split_feature=5 2 2 2 5 1
split_gain=6.19428 4.06396 3.99478 5.58051 5.01822 1.43397
threshold=19.09613537232887 0.53960278538607809 0.42109434976833621 0.12756090418197133 -21.088282012379707 0.2644989583723632
decision_type=2 2 2 2 2 2
left_child=1 2 3 -1 -4 -2
right_child=5 -3 4 -5 -6 -7
leaf_value=0.0027752158097975156 -0.0087019339720699664 -0.029219544403708438 -0.00095118131920598624 -0.040668062238154827 0.10426849045179996 -0.038693897664601642
leaf_weight=216.63692941702902 5.8208725461736348 10.752367111854253 2.4049281217157841 7.6532584596425286 2.1428626067936412 12.638969084713606
leaf_count=841 79 382 26 147 23 487
internal_value=-0.00132829 0.000821975 0.00223353 0.00129284 0.048627 -0.0292366
internal_weight=258.05 239.59 228.838 224.29 4.54779 18.4598
internal_count=1985 1419 1037 988 49 566
is_linear=0
shrinkage=0.05


Tree=264
num_leaves=7
num_cat=0
split_feature=2 4 4 9 4 5
split_gain=3.38463 2.75551 2.78437 3.65356 2.74443 2.5016
threshold=-1.089306735587682 -0.20692615216410695 -0.040096182450766141 20.500000000000004 0.0026011925822499002 47.203972683064706
decision_type=2 2 2 2 2 2
left_child=4 -2 3 -3 -1 -4
right_child=1 2 5 -5 -6 -7
leaf_value=-0.031533300157581615 0.042340154011472328 -0.011604594233927724 0.00041769618001790803 0.025841505118020476 0.0018233383497232984 0.01339003922901999
leaf_weight=15.261778319254519 3.9528176523745051 68.034829936921597 181.71548583358526 7.2036257386207572 10.346867710351942 46.718624457716942
leaf_count=208 29 350 978 47 96 277
internal_value=-0.000590946 0.000862949 0.000323052 -0.00801936 -0.0180559 0.00307076
internal_weight=333.234 307.625 303.673 75.2385 25.6086 228.434
internal_count=1985 1681 1652 397 304 1255
is_linear=0
shrinkage=0.05


Tree=265
num_leaves=7
num_cat=0
split_feature=7 4 4 7 7 4
split_gain=2.0792 1.79276 4.13732 8.04791 3.6204 1.95636
threshold=0.069437500000000027 0.13904813397743396 0.19440369809374833 0.45415625000000004 0.49156250000000001 0.078148880507493468
decision_type=2 2 2 2 2 2
left_child=-1 4 -3 -4 -2 -6
right_child=1 2 3 -5 5 -7
leaf_value=-0.044412333516068207 0.00081415925836807754 -0.029551401659042104 0.042905152928164256 -0.047135602893203898 0.013162305995212929 0.055400110153261385
leaf_weight=2.5557709001004687 386.5955626796931 14.499514505267145 7.0559889003634435 3.8280409201979637 7.2774981036782247 4.3984111696481705
leaf_count=25 1764 84 35 28 32 17
internal_value=0.000550254 0.000821498 -0.0120621 0.0112368 0.00164263 0.0290736
internal_weight=426.211 423.655 25.3835 10.884 398.271 11.6759
internal_count=1985 1960 147 63 1813 49
is_linear=0
shrinkage=0.05


Tree=266
num_leaves=7
num_cat=0
split_feature=1 8 5 1 7 5
split_gain=1.69725 2.10288 4.11744 3.32134 2.84264 6.68441
threshold=0.78380978922095312 0.86627997118026534 27.903135625938884 0.22816976220489282 0.46812500000000001 16.629490840904548
decision_type=2 2 2 2 2 2
left_child=1 4 -3 -4 -1 -6
right_child=-2 2 3 -5 5 -7
leaf_value=0.00034855120179954941 0.025669438881024777 -0.030910350534573319 0.048159873462254761 -0.0051101629354951437 0.035169353286221262 -0.023357681912561476
leaf_weight=354.79592141322792 6.6919333860278121 15.390825279057024 3.3440973069518831 23.409059099853039 16.853005506098274 6.8661182932555667
leaf_count=1490 42 130 13 208 67 35
internal_value=0.000686711 0.000289281 -0.0103054 0.0015485 0.00146889 0.0182272
internal_weight=427.351 420.659 42.144 26.7532 378.515 23.7191
internal_count=1985 1943 351 221 1592 102
is_linear=0
shrinkage=0.05


Tree=267
num_leaves=7
num_cat=0
split_feature=5 1 2 4 6 6
split_gain=5.87461 5.24126 6.77489 4.82748 11.1914 5.1901
threshold=-31.376084059372385 0.66853454502743836 -1.564610599356886 0.00087797759563505013 42.850000000000023 30.999999999999996
decision_type=2 2 2 2 2 2
left_child=1 2 -1 -2 5 -5
right_child=3 -3 -4 4 -6 -7
leaf_value=0.020387466250636716 -0.027574974827578466 0.042824613202070629 -0.0034527359459020006 0.015542823977261214 -0.021456932224923172 0.087489842696138395
leaf_weight=37.468688800930977 33.233680934179574 7.9788127467036238 145.61044780537486 7.2984002274461073 21.668482029810548 3.8178739445284009
leaf_count=105 560 53 658 100 489 20
internal_value=-0.00128782 0.0031552 0.00142636 -0.014146 -0.000533059 0.040253
internal_weight=257.076 191.058 183.079 66.0184 32.7848 11.1163
internal_count=1985 816 763 1169 609 120
is_linear=0
shrinkage=0.05


Tree=268
num_leaves=7
num_cat=0
split_feature=2 4 4 7 8 4
split_gain=3.28929 4.72389 4.69114 6.11273 4.39295 4.86693
threshold=0.27073336158862921 0.10422196077735897 -0.061470093118016142 0.49584374999999997 1.160883348815575 0.0090213140648091519
decision_type=2 2 2 2 2 2
left_child=4 2 -2 -4 5 -1
right_child=1 -3 3 -5 -6 -7
leaf_value=-0.014478943925712695 -0.012585664842968615 -0.013234001824076158 0.016557031079719561 -0.045661064255423538 0.01918197816041789 0.0027995568302515541
leaf_weight=99.729415470734239 20.061846446245909 28.485468313097954 94.104807570576668 4.1205349043011656 17.094875082373619 68.919737108051777
leaf_count=701 97 134 563 14 90 386
internal_value=-0.000549261 0.00504508 0.00944698 0.013947 -0.00496984 -0.00741796
internal_weight=332.517 146.773 118.287 98.2253 185.744 168.649
internal_count=1985 808 674 577 1177 1087
is_linear=0
shrinkage=0.05


Tree=269
num_leaves=5
num_cat=0
split_feature=7 6 6 2
split_gain=1.99717 1.69778 2.16341 2.60035
threshold=0.069437500000000027 480.85000000000008 442.50000000000006 -2.2727456509388326
decision_type=2 2 2 2
left_child=-1 2 3 -2
right_child=1 -3 -4 -5
leaf_value=-0.044221411871100874 -0.032086704263326903 -0.030863496260115166 0.036227171554314763 0.0012181304016115992
leaf_weight=2.4786540456116191 5.9460257422178975 4.1938702128827563 4.3398645967245093 408.9395925719291
leaf_count=25 47 25 15 1873
internal_value=0.000529534 0.000791501 0.00110817 0.000740815
internal_weight=425.898 423.419 419.225 414.886
internal_count=1985 1960 1935 1920
is_linear=0
shrinkage=0.05


Tree=270
num_leaves=7
num_cat=0
split_feature=4 6 3 6 4 2
split_gain=1.56945 4.33515 5.87888 4.37293 3.41684 3.38644
threshold=0.12611174129684269 284.15000000000003 0.49444275920102992 40.900000000000013 0.11038669760644897 1.0808597217851565
decision_type=2 2 2 2 2 2
left_child=4 2 -2 -4 5 -1
right_child=1 -3 3 -5 -6 -7
leaf_value=0.0013204837081916582 -0.038848830061728012 0.036033126750258604 0.057150755733158268 -0.0051373703213156785 -0.031795612226994875 -0.026073226865433525
leaf_weight=376.26041376404464 7.1437245234847131 11.372997019439934 4.5368759594857675 7.436205567792058 8.3669979609549028 11.630606843158601
leaf_count=1517 32 58 22 70 39 247
internal_value=0.000658298 0.0115895 -0.00295248 0.018465 -0.000182799 0.000499105
internal_weight=426.748 30.4898 19.1168 11.9731 396.258 387.891
internal_count=1985 182 124 92 1803 1764
is_linear=0
shrinkage=0.05


Tree=271
num_leaves=7
num_cat=0
split_feature=2 6 1 6 6 8
split_gain=5.39271 3.34725 5.04386 5.31775 3.94066 2.90344
threshold=0.53960278538607809 155.45000000000005 0.68969497228308407 100.95000000000002 73.950000000000003 -0.51349110537104969
decision_type=2 2 2 2 2 2
left_child=1 2 4 -4 -1 -3
right_child=-2 5 3 -5 -6 -7
leaf_value=0.0028091470641233894 -0.031320022297221452 0.013717896077984593 0.0073956285188931286 0.092763905751959363 -0.020274065737241623 -0.034791413611628692
leaf_weight=197.8300217599608 14.103182132355867 4.2119742678478369 4.4730442492291322 3.0805154033005238 20.395290677435696 11.524773168377575
leaf_count=867 624 47 35 24 151 237
internal_value=-0.00126679 0.000488151 0.00204217 0.0422108 0.000651795 -0.0218078
internal_weight=255.619 241.516 225.779 7.55356 218.225 15.7367
internal_count=1985 1361 1077 59 1018 284
is_linear=0
shrinkage=0.05


Tree=272
num_leaves=7
num_cat=0
split_feature=1 5 4 8 7 5
split_gain=3.2539 3.6702 3.29806 2.29977 2.29072 2.18638
threshold=0.39403838317974277 -20.119911549816727 0.041417857701868101 0.99947015848763832 0.32618750000000002 -27.61184039613881
decision_type=2 2 2 2 2 2
left_child=1 -1 4 -4 -3 -2
right_child=5 2 3 -5 -6 -7
leaf_value=-0.016877867086363078 0.0101057588805578 0.0019375133908466774 0.039513194960150863 -0.0059500585944775169 -0.025091588103213814 -0.00048629622897123015
leaf_weight=54.045180788263679 71.368760395795107 29.247469801455736 8.2437766864895803 4.1982574537396422 10.708940699696539 153.51914888247848
leaf_count=437 458 176 46 23 46 799
internal_value=-0.000533805 -0.00773598 0.0016932 0.0241727 -0.00530671 0.00287512
internal_weight=331.332 106.444 52.3984 12.442 39.9564 224.888
internal_count=1985 728 291 69 222 1257
is_linear=0
shrinkage=0.05


Tree=273
num_leaves=7
num_cat=0
split_feature=7 4 4 7 7 4
split_gain=1.91352 1.65364 3.89337 7.33066 3.22065 2.12459
threshold=0.069437500000000027 0.13904813397743396 0.19440369809374833 0.45415625000000004 0.49156250000000001 0.079755956848416923
decision_type=2 2 2 2 2 2
left_child=-1 4 -3 -4 -2 -6
right_child=1 2 3 -5 5 -7
leaf_value=-0.044026301661053494 0.00078355379426896558 -0.028850406350466352 0.040100439360339357 -0.046596516289570504 0.011122554598425718 0.055153874341488433
leaf_weight=2.3959943465888491 386.19963893480599 14.255793638527395 7.2244257479906064 3.6803431063890457 7.4462935626506788 4.3342920690774918
leaf_count=25 1764 84 35 28 33 16
internal_value=0.000530911 0.000783212 -0.0116481 0.0108403 0.00156913 0.0273225
internal_weight=425.537 423.141 25.1606 10.9048 397.98 11.7806
internal_count=1985 1960 147 63 1813 49
is_linear=0
shrinkage=0.05


Tree=274
num_leaves=7
num_cat=0
split_feature=1 2 4 4 8 6
split_gain=1.53567 1.99276 3.28948 5.61482 5.02723 3.23127
threshold=0.78380978922095312 -0.25031468895647896 0.15287502696747715 0.19440369809374833 -0.43009967105583641 302.00000000000006
decision_type=2 2 2 2 2 2
left_child=1 5 4 -4 -3 -1
right_child=-2 2 3 -5 -6 -7
leaf_value=0.0015364715920690112 0.024316539074654284 0.0061644368135541638 0.06845365760167417 -0.0071805668514179598 -0.013148063296911514 0.025422663189860164
leaf_weight=248.5970464348793 6.7324297428131095 52.836276603862643 4.1016294416040164 6.1077839210629463 93.024677373468876 15.013651847839354
leaf_count=761 42 270 28 48 789 47
internal_value=0.000625882 0.000245842 -0.0042319 0.0232055 -0.00615236 0.00289688
internal_weight=426.413 419.681 156.07 10.2094 145.861 263.611
internal_count=1985 1943 1135 76 1059 808
is_linear=0
shrinkage=0.05


Tree=275
num_leaves=7
num_cat=0
split_feature=2 2 9 3 6 8
split_gain=5.11889 3.19839 3.66684 5.94848 3.83275 1.34318
threshold=0.53960278538607809 -2.1839497393028418 12.500000000000002 0.67522917157987694 1.9999999999999862 -0.64934762626881448
decision_type=2 2 2 2 2 2
left_child=1 -1 4 -4 -3 -2
right_child=5 2 3 -5 -6 -7
leaf_value=0.023722529162031342 0.0010049373408924727 -0.0050468074278615929 -0.011922381917931477 0.046260553714870853 0.011678634858682202 -0.038706308926497179
leaf_weight=13.907398361712692 2.6398676475509992 62.515182316303253 84.38208933500573 4.6341926129534832 75.76520295906812 11.010829715989528
leaf_count=56 67 257 617 66 365 557
internal_value=-0.00123969 0.000446077 -0.000978119 -0.00889338 0.00411723 -0.0310267
internal_weight=254.855 241.204 227.297 89.0163 138.28 13.6507
internal_count=1985 1361 1305 683 622 624
is_linear=0
shrinkage=0.05


Tree=276
num_leaves=7
num_cat=0
split_feature=1 8 4 4 1 3
split_gain=3.08635 3.31521 2.82267 3.74733 2.28895 2.39545
threshold=0.46480530128398151 -0.059547966504255097 0.095020646271466516 -0.063786356889783388 0.45730138135984427 0.70238833697147929
decision_type=2 2 2 2 2 2
left_child=1 4 3 -3 5 -1
right_child=-2 2 -4 -5 -6 -7
leaf_value=-0.015683330001795844 0.0038658153647475146 -0.017730847416056562 -0.021157320093668983 0.011423108512829395 -0.055554134515950537 0.010390784714589043
leaf_weight=57.904423811472952 181.0947696287185 13.95798274874687 11.896302230656145 52.40353050455451 3.1135119609534732 10.389063730835913
leaf_count=501 1001 60 49 304 14 56
internal_value=-0.000524982 -0.00583786 0.00127055 0.00529108 -0.0136282 -0.0117168
internal_weight=330.76 149.665 78.2578 66.3615 71.407 68.2935
internal_count=1985 984 413 364 571 557
is_linear=0
shrinkage=0.05


Tree=277
num_leaves=7
num_cat=0
split_feature=7 3 2 3 2 6
split_gain=1.83084 1.60348 5.39146 6.97784 4.72538 7.44562
threshold=0.069437500000000027 0.39401234014669356 0.10240297168952765 0.38244032641904163 0.029210917329977801 181.95000000000005
decision_type=2 2 2 2 2 2
left_child=-1 2 3 -2 5 -3
right_child=1 4 -4 -5 -6 -7
leaf_value=-0.043813243242292167 -0.002529937890659811 0.019538729016270483 0.047516215911309848 -0.060965851971864965 -0.0016269964125039398 -0.021925295953014089
leaf_weight=2.3173284567892543 171.11553629860282 69.868601642549038 5.172429382801055 5.2657988816499701 158.77810392156243 12.812094472348688
leaf_count=25 697 209 13 18 965 58
internal_value=0.000508317 0.000751117 -0.00279901 -0.00427452 0.00342047 0.0131135
internal_weight=425.33 423.013 181.554 176.381 241.459 82.6807
internal_count=1985 1960 728 715 1232 267
is_linear=0
shrinkage=0.05


Tree=278
num_leaves=7
num_cat=0
split_feature=1 6 3 5 4 3
split_gain=1.5056 2.8793 8.0396 6.22337 5.51178 2.37808
threshold=0.23231104268376782 4.2000000000000215 0.21879886364747983 -91.943618182734483 -0.019761888273119695 0.14264726382232823
decision_type=2 2 2 2 2 2
left_child=1 3 4 5 -3 -1
right_child=-2 2 -4 -5 -6 -7
leaf_value=-0.017327509224633008 -0.00077628853423994588 -0.018592426632969748 -0.035072589339556391 0.042343464029297256 0.02803983330439469 0.017568945650433401
leaf_weight=10.262894526124002 350.37095187604427 9.4282784759998339 12.658164065331219 14.674221709370611 19.324229799211025 9.3115990459918958
leaf_count=25 1785 24 41 39 50 21
internal_value=0.000604962 0.00700139 -0.00186911 0.0177269 0.0127486 -0.000727243
internal_weight=426.03 75.6594 41.4107 34.2487 28.7525 19.5745
internal_count=1985 200 115 85 74 46
is_linear=0
shrinkage=0.05


Tree=279
num_leaves=7
num_cat=0
split_feature=5 2 6 6 8 4
split_gain=5.60766 3.49902 4.08589 4.32236 3.28571 1.41802
threshold=19.09613537232887 -2.2727456509388326 155.45000000000005 2.0000000000000022 -1.3877222658163284 -0.010400494805747449
decision_type=2 2 2 2 2 2
left_child=1 5 3 -3 -4 -1
right_child=-2 2 4 -5 -6 -7
leaf_value=0.0091712428772532904 -0.028651945630573473 -0.0067619537121640502 0.054132635020381806 0.0075560635866219264 -0.035669040487078703 0.045363338879971959
leaf_weight=5.061119943857193 17.312164178583771 95.458047843538225 1.1153414361178864 117.7047817716375 11.742429373785852 5.8170702159404737
leaf_count=21 566 468 13 631 267 19
internal_value=-0.00118127 0.000826241 -0.000506869 0.0011442 -0.0278792 0.0285248
internal_weight=254.211 236.899 226.021 213.163 12.8578 10.8782
internal_count=1985 1419 1379 1099 280 40
is_linear=0
shrinkage=0.05


Tree=280
num_leaves=7
num_cat=0
split_feature=2 6 9 7 1 6
split_gain=2.99802 2.73097 2.49673 2.59059 2.25711 4.46979
threshold=-1.089306735587682 25.200000000000006 16.500000000000004 0.46296875000000004 0.24164918249999454 32.150000000000013
decision_type=2 2 2 2 2 2
left_child=1 -1 3 -3 5 -2
right_child=4 2 -4 -5 -6 -7
leaf_value=-0.034854450669874866 -0.028552797032264696 0.026062387443945484 -0.040674675218734496 -0.031535677083877382 0.0020304987521493345 0.022215484900048352
leaf_weight=11.660464630462231 15.844333671033384 7.2929474338889104 3.1102221757173529 2.6657792367041111 283.31882562302053 5.9687837101519099
leaf_count=184 148 74 25 21 1488 45
internal_value=-0.000519746 -0.0172637 -0.00156882 0.0106444 0.00083727 -0.0146609
internal_weight=329.861 24.7294 13.0689 9.95873 305.132 21.8131
internal_count=1985 304 120 95 1681 193
is_linear=0
shrinkage=0.05


Tree=281
num_leaves=7
num_cat=0
split_feature=8 8 8 8 7 5
split_gain=1.67839 7.61802 2.63736 3.35263 6.51321 4.90892
threshold=0.97139814091363341 1.179347341013836 0.66613580842631481 0.55901630007685521 0.44693750000000004 -1.7056445632172654
decision_type=2 2 2 2 2 2
left_child=2 -2 3 4 -1 -5
right_child=1 -3 -4 5 -6 -7
leaf_value=0.0013129192833032956 0.031257735252735369 -0.0062378736246695198 -0.013891679018111634 -0.017316965312621429 -0.027884317438772843 0.039638316927055307
leaf_weight=295.23137016035616 22.29706035554409 34.516333766281605 34.616628531366587 5.5026719570159939 20.422057367861271 12.106936827301977
leaf_count=1305 96 219 192 28 101 44
internal_value=0.000479247 0.0084777 -0.000755992 0.000608435 -0.000576075 0.0218409
internal_weight=424.693 56.8134 367.88 333.263 315.653 17.6096
internal_count=1985 315 1670 1478 1406 72
is_linear=0
shrinkage=0.05


Tree=282
num_leaves=7
num_cat=0
split_feature=8 8 3 3 8 8
split_gain=1.45005 1.71947 4.56692 1.84356 3.20332 3.20059
threshold=-3.4920099330090113 -1.8442955481920966 0.23565595066942549 0.27268191698993122 -0.88459293121202232 1.4797008518928998
decision_type=2 2 2 2 2 2
left_child=-1 2 -2 4 -3 -5
right_child=1 3 -4 5 -6 -7
leaf_value=0.037892971685469845 -0.039923006655744719 -0.0077432685815960883 0.011276990644735812 -0.00057579730939214381 0.0090411733425242793 -0.030689601664778278
leaf_weight=2.5901416093111029 8.9501875340938586 36.895268268883228 8.4837226048111898 235.56316599808633 123.84721533209085 9.1668256241828185
leaf_count=8 31 119 33 1308 354 132
internal_value=0.000595944 0.000367513 -0.015008 0.00102861 0.00518864 -0.00170377
internal_weight=425.497 422.906 17.4339 405.472 160.742 244.73
internal_count=1985 1977 64 1913 473 1440
is_linear=0
shrinkage=0.05


Tree=283
num_leaves=7
num_cat=0
split_feature=2 6 6 1 2 8
split_gain=4.82022 3.15808 10.5939 5.88963 5.13371 4.75759
threshold=0.53960278538607809 42.850000000000023 35.700000000000024 0.26831255668860582 -0.68521161661132479 -0.67784313856122369
decision_type=2 2 2 2 2 2
left_child=1 2 4 -3 -1 -5
right_child=-2 3 -4 5 -6 -7
leaf_value=0.008084063935307537 -0.030665413054080909 -0.039363501016301254 0.065732458102083044 0.015887458823461115 -0.0096174258188542697 -0.016233035792168077
leaf_weight=108.49727938883007 13.09777022898197 12.936756575480102 6.6435484513640395 21.665325690992177 65.799488932359964 24.638466970995069
leaf_count=312 624 81 28 120 465 355
internal_value=-0.00112785 0.000482919 0.00376353 -0.00953715 0.0014015 -0.00120401
internal_weight=253.279 240.181 180.94 59.2405 174.297 46.3038
internal_count=1985 1361 805 556 777 475
is_linear=0
shrinkage=0.05


Tree=284
num_leaves=7
num_cat=0
split_feature=1 5 4 7 3 6
split_gain=2.83482 3.28779 2.96695 2.25964 2.23415 6.10116
threshold=0.39403838317974277 -20.119911549816727 0.041417857701868101 0.32618750000000002 0.6072353536771099 2.5000000000000075
decision_type=2 2 2 2 2 2
left_child=1 4 3 -3 -1 -6
right_child=-2 2 -4 -5 5 -7
leaf_value=-0.022829307875763719 0.0026517942372104074 0.0021317453082979171 0.022855519785212296 -0.024820630042349759 0.039559068567477151 -0.02458393852893009
leaf_weight=36.973964953795075 224.16719627007842 28.992398515343666 12.483769685029982 10.626957476139067 5.9580406174063674 9.8135162666439992
leaf_count=364 1257 176 69 46 36 37
internal_value=-0.000522301 -0.00730854 0.0015999 -0.00509759 -0.0161085 -0.000352555
internal_weight=329.016 104.849 52.1031 39.6194 52.7455 15.7716
internal_count=1985 728 291 222 437 73
is_linear=0
shrinkage=0.05


Tree=285
num_leaves=7
num_cat=0
split_feature=7 8 7 1 1 2
split_gain=1.63726 3.59787 2.56792 2.55673 2.99758 6.05836
threshold=0.080656249999999971 -0.63980163097640463 0.076249999999999971 0.19093133786191602 0.25532916312040527 -0.47875686765969516
decision_type=2 2 2 2 2 2
left_child=1 -1 -3 -2 5 -5
right_child=3 2 -4 4 -6 -7
leaf_value=-0.042051380424221962 -0.042433971855630352 0.025447636518232005 -0.017844733902038525 -0.0047056861860557096 -9.3303750270976041e-05 0.030008487063966912
leaf_weight=7.1129252295941141 3.3318130485713473 6.2465545907616598 7.5840047188103199 24.69493562169373 349.75936060398817 25.594899773597717
leaf_count=42 26 32 35 104 1667 79
internal_value=0.000476896 -0.0131536 0.00170821 0.00118459 0.00154787 0.012962
internal_weight=424.324 20.9435 13.8306 403.381 400.049 50.2898
internal_count=1985 109 67 1876 1850 183
is_linear=0
shrinkage=0.05


Tree=286
num_leaves=7
num_cat=0
split_feature=9 6 8 4 6 7
split_gain=1.48935 4.94002 8.51356 5.40983 5.32505 4.31567
threshold=17.500000000000004 1.399999999999993 -0.43009967105583641 -0.014998197690067949 2.650000000000015 0.21240624999999999
decision_type=2 2 2 2 2 2
left_child=-1 3 -3 -2 -4 -5
right_child=1 2 4 5 -6 -7
leaf_value=-0.0010405186223755884 -0.023640784696037122 0.038069321268346057 0.052930099642330947 0.043518094286423503 -0.0078293748592315974 -0.0083486101593946687
leaf_weight=327.21199219860137 22.621130667626858 23.980282241478562 4.0875718779861918 7.0758704096078899 30.613367531448603 9.2581561207771284
leaf_count=1505 102 86 17 22 199 54
internal_value=0.000576604 0.00599612 0.0151596 -0.00780758 -0.000672257 0.01412
internal_weight=424.848 97.6364 58.6812 38.9552 34.7009 16.334
internal_count=1985 480 302 178 216 76
is_linear=0
shrinkage=0.05


Tree=287
num_leaves=7
num_cat=0
split_feature=2 6 4 8 2 8
split_gain=4.59401 2.98947 3.01044 5.40302 3.85318 1.37554
threshold=0.53960278538607809 280.60000000000008 0.10893415917343312 -0.6872123050847857 -1.1872726761504093 -0.64934762626881448
decision_type=2 2 2 2 2 2
left_child=1 2 4 -4 -1 -2
right_child=5 -3 3 -5 -6 -7
leaf_value=0.0090040575112003557 0.0024256584951956712 -0.04098617606518927 -0.022690782208099256 0.045650844184595016 -0.0049136198115332349 -0.038625769102208551
leaf_weight=75.389431364834309 2.5534229036420575 4.2724237879738203 4.2147968560457221 9.2152222245931608 146.1183136519976 10.160388601943849
leaf_count=238 67 110 32 56 925 557
internal_value=-0.00109352 0.000463092 0.00121686 0.0242029 -0.000176784 -0.0303811
internal_weight=251.924 239.21 234.938 13.43 221.508 12.7138
internal_count=1985 1361 1251 88 1163 624
is_linear=0
shrinkage=0.05


Tree=288
num_leaves=7
num_cat=0
split_feature=2 6 4 4 9 9
split_gain=2.70802 2.65153 2.63751 2.38501 3.26733 2.37626
threshold=-1.089306735587682 25.200000000000006 -0.20692615216410695 -0.040096182450766141 20.500000000000004 16.500000000000004
decision_type=2 2 2 2 2 2
left_child=1 -1 -2 4 -4 -3
right_child=2 5 3 -5 -6 -7
leaf_value=-0.034585872599747325 0.041273008326869413 0.010362893002603553 -0.010989836200187668 0.0027847169806413359 0.024622092152764393 -0.040529238014651491
leaf_weight=11.102705081924798 3.9670651145279399 10.005392573773859 66.841682709753513 226.11171265505254 7.1276493445038787 2.9758889712393275
leaf_count=184 29 95 350 1255 47 25
internal_value=-0.000507765 -0.0166468 0.000770629 0.000235189 -0.00755829 -0.00130385
internal_weight=328.132 24.084 304.048 300.081 73.9693 12.9813
internal_count=1985 304 1681 1652 397 120
is_linear=0
shrinkage=0.05


Tree=289
num_leaves=7
num_cat=0
split_feature=6 6 2 1 5 2
split_gain=1.6541 6.26739 8.44586 5.79824 5.44532 4.18481
threshold=75.65000000000002 90.350000000000009 0.36275478871011635 0.6509911020724598 -20.119911549816727 0.18373392171929234
decision_type=2 2 2 2 2 2
left_child=5 2 -2 -3 -5 -1
right_child=1 3 -4 4 -6 -7
leaf_value=0.0019697687353554135 0.0080433299187729953 0.0084165052011861054 0.082732106953855911 -0.046322948914990177 -0.0045370601129719797 -0.012002870945238839
leaf_weight=191.1745230704546 11.208599835634233 92.587637074291706 5.7149659544229499 9.7436880394816381 39.015382640063763 74.457602340728045
leaf_count=752 42 400 24 52 214 501
internal_value=0.000464076 0.00451038 0.0332652 0.00106754 -0.0128873 -0.00194681
internal_weight=423.902 158.27 16.9236 141.347 48.7591 265.632
internal_count=1985 732 66 666 266 1253
is_linear=0
shrinkage=0.05


Tree=290
num_leaves=7
num_cat=0
split_feature=1 8 4 9 8 6
split_gain=1.45373 1.85207 5.3724 4.67615 3.52425 4.48253
threshold=0.78380978922095312 0.33581432438442022 0.15287502696747715 16.500000000000004 0.14042493522769772 131.90000000000003
decision_type=2 2 2 2 2 2
left_child=1 4 3 -3 5 -1
right_child=-2 2 -4 -5 -6 -7
leaf_value=0.0028110665562098205 0.023537307637773452 -0.0029764061323701058 0.029907671838853008 -0.029184292639553633 0.0220082082535074 -0.017174163252559459
leaf_weight=263.68903242610395 6.7780047915875903 69.677325923927128 9.6092880088835937 22.52155945636332 20.738730451092124 31.398116309195757
leaf_count=1014 42 443 57 184 110 135
internal_value=0.00056713 0.000194335 -0.0056702 -0.00937825 0.0020848 0.000684581
internal_weight=424.412 417.634 101.808 92.1989 315.826 295.087
internal_count=1985 1943 684 627 1259 1149
is_linear=0
shrinkage=0.05


Tree=291
num_leaves=7
num_cat=0
split_feature=5 2 9 5 5 7
split_gain=5.1109 3.17368 3.83482 5.72813 5.26085 1.48186
threshold=19.09613537232887 -2.1839497393028418 12.500000000000002 -2.3953276394813128 -15.771761019587837 0.24362500000000001
decision_type=2 2 2 2 2 2
left_child=1 -1 3 -3 -4 -2
right_child=5 2 4 -5 -6 -7
leaf_value=0.024891973539761601 -0.0068448455038600713 0.0027557344116221961 -0.0038451918688334769 0.058303316837122282 -0.039524434890834306 -0.038619448402082535
leaf_weight=12.92963796854019 5.5136152426712242 128.40858822409064 76.361525350250304 4.8151499228551975 11.948073130100964 10.969703225884585
leaf_count=48 90 560 456 60 295 476
internal_value=-0.00107914 0.000812827 -0.000592536 0.00476341 -0.00867251 -0.0279909
internal_weight=250.946 234.463 221.533 133.224 88.3096 16.4833
internal_count=1985 1419 1371 620 751 566
is_linear=0
shrinkage=0.05


Tree=292
num_leaves=7
num_cat=0
split_feature=8 4 8 4 7 7
split_gain=2.5534 5.36251 3.82994 3.47166 4.45709 4.14759
threshold=-0.33465878070077087 0.021358799415183354 -1.437955120047407 0.10422196077735897 0.46190625000000002 0.47975000000000007
decision_type=2 2 2 2 2 2
left_child=1 -1 -3 5 -5 -2
right_child=3 2 -4 4 -6 -7
leaf_value=-0.013940435635961076 0.0085171694258553681 0.042800995436389162 0.0014915590203427691 -0.024611307373409618 0.011945769314097771 -0.014951943253684683
leaf_weight=78.295774551108479 154.07649631798267 6.8642098344862452 30.730544295161963 23.029566910117865 13.069471307098864 21.445587068796158
leaf_count=590 914 48 170 96 73 94
internal_value=-0.00052171 -0.00648755 0.00903401 0.00274538 -0.011376 0.00564967
internal_weight=327.512 115.891 37.5948 211.621 36.099 175.522
internal_count=1985 808 218 1177 169 1008
is_linear=0
shrinkage=0.05


Tree=293
num_leaves=7
num_cat=0
split_feature=3 5 5 4 3 4
split_gain=1.66044 4.92004 5.86385 5.6368 5.57814 4.4336
threshold=0.39401234014669356 -98.266521172036661 -96.724778861408225 -0.03594380134196324 0.32776708842389196 -0.11430106511170783
decision_type=2 2 2 2 2 2
left_child=1 4 -3 -4 -1 -2
right_child=5 2 3 -5 -6 -7
leaf_value=-0.0008794361808576426 -0.031234940628542276 -0.052720603175340608 0.0093249575992366673 -0.010959996556626798 0.051232065142538766 0.0044958600059665397
leaf_weight=13.329970283433797 9.0191255137324315 6.4935877583920947 51.297596773132682 103.03512194380164 8.3532992601394636 232.1409271247685
leaf_count=83 39 27 192 428 21 1195
internal_value=0.000436502 -0.00316163 -0.006176 -0.00421762 0.0191961 0.00315957
internal_weight=423.67 182.51 160.826 154.333 21.6833 241.16
internal_count=1985 751 647 620 104 1234
is_linear=0
shrinkage=0.05


Tree=294
num_leaves=7
num_cat=0
split_feature=9 6 8 4 6 5
split_gain=1.40836 4.63576 7.56432 5.07898 4.83459 4.20552
threshold=17.500000000000004 1.399999999999993 -0.43009967105583641 -0.014998197690067949 2.650000000000015 -27.61184039613881
decision_type=2 2 2 2 2 2
left_child=-1 3 5 -2 -4 -3
right_child=1 2 4 -5 -6 -7
leaf_value=-0.0010025606395167262 -0.023107153761198228 0.017077506723280872 0.050154578849784907 0.013599314334758882 -0.0072990181513050492 0.058881750171047499
leaf_weight=326.86311496607959 22.314553966745734 13.233159974217417 4.164695516228675 16.313436906784773 30.30804849229753 11.031291859224437
leaf_count=1505 102 48 17 76 199 38
internal_value=0.000569779 0.00584825 0.0146958 -0.00760522 -0.000357977 0.0360829
internal_weight=424.228 97.3652 58.7372 38.628 34.4727 24.2645
internal_count=1985 480 302 178 216 86
is_linear=0
shrinkage=0.05


Tree=295
num_leaves=7
num_cat=0
split_feature=5 7 1 1 8 4
split_gain=4.87448 3.00126 2.80059 6.50971 5.12054 2.69287
threshold=19.09613537232887 0.074718750000000014 0.28720001167565917 0.46186181085890887 -0.62425594273746343 -0.0077255593251745495
decision_type=2 2 2 2 2 2
left_child=1 5 4 -4 -3 -1
right_child=-2 2 3 -5 -6 -7
leaf_value=0.036105385842662305 -0.027665451589010584 0.0035756603388545916 0.013646848773042803 -0.0076456785269184424 -0.023113689669997686 -0.0033230062772499239
leaf_weight=10.861158406361939 16.064964977093041 38.55795244500041 73.208104778081179 70.42999504879117 33.659577587619424 7.2020457070320836
leaf_count=30 566 103 394 714 156 22
internal_value=-0.0010232 0.000806527 -0.000831815 0.00320649 -0.00886387 0.0203847
internal_weight=249.984 233.919 215.856 143.638 72.2175 18.0632
internal_count=1985 1419 1367 1108 259 52
is_linear=0
shrinkage=0.05


Tree=296
num_leaves=7
num_cat=0
split_feature=1 2 9 6 6 7
split_gain=2.59833 3.11903 4.21506 4.20853 3.09824 4.86538
threshold=0.39403838317974277 0.012007828264730751 3.5000000000000004 100.95000000000002 17.999999999999989 0.30162499999999998
decision_type=2 2 2 2 2 2
left_child=1 4 -3 -4 -1 -6
right_child=-2 2 3 -5 5 -7
leaf_value=-0.030085549901223627 0.0025706914314919745 0.039423425026683251 -0.011405052280473411 0.026767031546704945 0.019927699209159051 -0.021003708773517316
leaf_weight=21.630850154906511 223.530841011554 6.4886701405048361 35.750801825895905 9.0481800436973554 11.736836927942933 19.034146498888731
leaf_count=267 1257 42 165 50 94 110
internal_value=-0.000463871 -0.00700569 0.00175985 -0.00369533 -0.0155849 -0.00539143
internal_weight=327.22 103.689 51.2877 44.799 52.4018 30.771
internal_count=1985 728 257 215 471 204
is_linear=0
shrinkage=0.05


Tree=297
num_leaves=6
num_cat=0
split_feature=6 6 3 5 4
split_gain=1.54448 1.95969 1.58898 4.6567 4.12076
threshold=480.85000000000008 442.50000000000006 0.39401234014669356 -98.266521172036661 -0.11430106511170783
decision_type=2 2 2 2 2
left_child=1 2 3 -1 -4
right_child=-2 -3 4 -5 -6
leaf_value=0.018512075546324298 -0.030214911550899094 0.034045166621686898 -0.030335594271004303 -0.0062262970250598721 0.0043478796825251378
leaf_weight=21.666673097759485 4.0740540511906138 4.3655189126729956 8.8976796418428403 155.89704194106162 228.30252195522189
leaf_count=104 25 15 39 631 1171
internal_value=0.000422201 0.000720002 0.000369245 -0.00320767 0.00304686
internal_weight=423.203 419.129 414.764 177.564 237.2
internal_count=1985 1960 1945 735 1210
is_linear=0
shrinkage=0.05


Tree=298
num_leaves=7
num_cat=0
split_feature=9 9 8 8 1 1
split_gain=1.33352 4.11687 8.56389 5.12829 4.83423 4.01003
threshold=17.500000000000004 16.500000000000004 -0.88459293121202232 -0.89264631684989337 0.61374367181256184 0.6509911020724598
decision_type=2 2 2 2 2 2
left_child=1 3 -3 4 -1 -5
right_child=-2 2 -4 5 -6 -7
leaf_value=-0.0047101171705697794 0.005676480133386042 0.024815836736657462 -0.039910760039713666 0.0010069841424777939 -0.037767435230265878 0.017930796870933824
leaf_weight=53.358744874596596 97.234768500551581 7.265657443553212 17.226613076403737 191.89861944876611 13.950949072837828 42.810394052416086
leaf_count=185 480 25 95 880 63 257
internal_value=0.000536579 -0.00099408 -0.0207095 0.00060475 -0.0115617 0.00409385
internal_weight=423.746 326.511 24.4923 302.019 67.3097 234.709
internal_count=1985 1505 120 1385 248 1137
is_linear=0
shrinkage=0.05


Tree=299
num_leaves=7
num_cat=0
split_feature=5 2 9 5 5 1
split_gain=4.60797 2.99801 3.98483 5.21104 4.98867 1.55121
threshold=19.09613537232887 -2.2727456509388326 12.500000000000002 -12.267738541130148 -15.771761019587837 0.2644989583723632
decision_type=2 2 2 2 2 2
left_child=1 -1 3 -3 -4 -2
right_child=5 2 4 -5 -6 -7
leaf_value=0.02691168904624848 -0.0052683513572055413 0.0024602122751909115 -0.0041391394760099953 0.044058259739582356 -0.039455007923792314 -0.038520154417249854
leaf_weight=10.453234508633612 5.3007428538985542 126.4278232306242 76.978684429079294 8.0053875260055047 11.492556165903805 10.366743200924246
leaf_count=40 79 536 459 89 295 487
internal_value=-0.00102103 0.000741319 -0.000485956 0.00493734 -0.00872673 -0.0272702
internal_weight=249.025 233.358 222.904 134.433 88.4712 15.6675
internal_count=1985 1419 1379 625 754 566
is_linear=0
shrinkage=0.05


Tree=300
num_leaves=7
num_cat=0
split_feature=2 4 4 7 8 5
split_gain=2.54424 4.05701 4.25632 5.42 4.04629 3.98995
threshold=0.27073336158862921 0.10422196077735897 -0.061470093118016142 0.49584374999999997 0.22566743934304917 5.7562210643422729
decision_type=2 2 2 2 2 2
left_child=-1 2 4 -4 -2 -3
right_child=1 5 3 -5 -6 -7
leaf_value=-0.0043408540784059414 0.0097069269129076395 0.0073615986035650482 0.015469782208403941 -0.043520921386032516 -0.035479775869957764 -0.030221698684184187
leaf_weight=181.74296968057752 10.108259711414577 13.409889891743662 92.674884632229805 4.0645634084939948 9.7163929715752584 14.917712591588495
leaf_count=1177 57 71 563 14 40 63
internal_value=-0.000400719 0.00454154 0.00866606 0.0129913 -0.0124398 -0.0124303
internal_weight=326.635 144.892 116.564 96.7394 19.8247 28.3276
internal_count=1985 808 674 577 97 134
is_linear=0
shrinkage=0.05


Tree=301
num_leaves=7
num_cat=0
split_feature=1 1 2 1 8 8
split_gain=1.48253 2.09624 2.21537 2.15514 2.27768 1.51278
threshold=0.19093133786191602 0.21203990474869708 -0.6418708094225023 0.21922991043446119 0.97139814091363341 0.057322959799862606
decision_type=2 2 2 2 2 2
left_child=5 2 -2 -3 -5 -1
right_child=1 3 -4 4 -6 -7
leaf_value=-0.041740409735447376 0.00025248809360829628 -0.028167786440220756 0.049504387379381135 -0.00078905748377847129 0.01020627096531314 0.0087078194375999826
leaf_weight=4.093663837760686 4.6454321667551994 6.5682827662676564 4.489931605756281 346.26154853403568 54.51473792642355 2.3328522369265556
leaf_count=45 27 32 13 1555 302 11
internal_value=0.000404451 0.000772191 0.0244593 0.00024097 0.000706559 -0.0234275
internal_weight=422.906 416.48 9.13536 407.345 400.776 6.42652
internal_count=1985 1929 40 1889 1857 56
is_linear=0
shrinkage=0.05


Tree=302
num_leaves=7
num_cat=0
split_feature=6 1 1 3 9 3
split_gain=1.28344 1.5445 8.36981 3.65885 3.33441 6.88761
threshold=493.15000000000003 0.49829253254921774 0.52504390278533164 0.12927515028300199 14.500000000000002 0.56612806179456532
decision_type=2 2 2 2 2 2
left_child=1 4 -3 -4 5 -1
right_child=-2 2 3 -5 -6 -7
leaf_value=0.0015200661850002929 0.026139249673351864 -0.044955297551593693 0.021898053216343236 -0.0035680793066513519 0.010851856165349056 -0.033968833629575805
leaf_weight=179.7919098995626 4.8251137882471076 11.484398854896424 16.083293624222279 114.64216590858996 81.812372459098697 14.79691243264824
leaf_count=565 20 88 51 731 307 223
internal_value=0.000499387 0.00020385 -0.00403027 -0.000434954 0.00238233 -0.00117858
internal_weight=423.436 418.611 142.21 130.725 276.401 194.589
internal_count=1985 1965 870 782 1095 788
is_linear=0
shrinkage=0.05


Tree=303
num_leaves=7
num_cat=0
split_feature=5 2 2 2 5 1
split_gain=4.36964 2.92143 3.21399 5.07764 3.98384 1.54134
threshold=19.09613537232887 0.53960278538607809 0.42109434976833621 0.12756090418197133 -21.088282012379707 0.2644989583723632
decision_type=2 2 2 2 2 2
left_child=1 2 3 -1 -4 -2
right_child=5 -3 4 -5 -6 -7
leaf_value=0.0023236585009763755 -0.0050855759750268442 -0.027159102808708802 -0.0024621704237248469 -0.040551160107068066 0.088897561420662297 -0.038482272762719788
leaf_weight=211.9285598481074 5.2827066155150524 9.0542544871568662 2.4303244352340698 7.13812506571412 2.3442366160452357 9.9850462567992491
leaf_count=841 79 382 26 147 23 487
internal_value=-0.00101391 0.000684848 0.00181112 0.000926614 0.0423941 -0.0269269
internal_weight=248.163 232.896 223.841 219.067 4.77456 15.2678
internal_count=1985 1419 1037 988 49 566
is_linear=0
shrinkage=0.05


Tree=304
num_leaves=7
num_cat=0
split_feature=3 4 4 9 2 6
split_gain=2.42875 2.16549 2.50308 2.65997 2.09059 1.66239
threshold=0.061422303696677956 -0.16735811016754273 -0.040096182450766141 20.500000000000004 1.0477907498207428 25.200000000000006
decision_type=2 2 2 2 2 2
left_child=5 -2 3 -3 -4 -1
right_child=1 2 4 -5 -6 -7
leaf_value=-0.038887946104296925 0.030588178747664264 -0.011344285927067536 0.00053704173103422603 0.020150397881899547 0.014022295558058756 -0.00525416012842658
leaf_weight=6.5914825489744535 5.8782749585807315 65.55417874827981 198.2642868431285 7.4678517021238795 33.612682096660137 8.2998951748013479
leaf_count=124 39 357 1072 53 259 81
internal_value=-0.000416112 0.000529073 -5.04495e-05 -0.00812337 0.00249185 -0.0201417
internal_weight=325.669 310.777 304.899 73.022 231.877 14.8914
internal_count=1985 1780 1741 410 1331 205
is_linear=0
shrinkage=0.05


Tree=305
num_leaves=7
num_cat=0
split_feature=6 7 4 4 4 8
split_gain=1.44182 1.82721 2.75571 5.35497 2.87918 2.68372
threshold=480.85000000000008 0.49156250000000001 0.19440369809374833 0.14940704906901778 0.22314537218219091 0.97139814091363341
decision_type=2 2 2 2 2 2
left_child=1 2 3 -1 -4 -3
right_child=-2 5 4 -5 -6 -7
leaf_value=0.00036511109718042619 -0.029525905840465855 0.00072102166160636569 0.059605731507965193 -0.039907889137438007 0.00044665176182335977 0.047264917685670371
leaf_weight=388.93475999310613 3.9845428988337508 7.8047354072332364 3.9392438158392888 8.4330516941845399 4.3035732433199883 5.1345761939883232
leaf_count=1805 25 40 15 53 28 19
internal_value=0.000409075 0.000694052 0.000103998 -0.000489574 0.0287188 0.0191906
internal_weight=422.534 418.55 405.611 397.368 8.24282 12.9393
internal_count=1985 1960 1901 1858 43 59
is_linear=0
shrinkage=0.05


Tree=306
num_leaves=7
num_cat=0
split_feature=1 8 4 9 8 7
split_gain=1.22817 1.75666 4.72946 4.34401 3.20478 3.92184
threshold=0.78380978922095312 0.33581432438442022 0.15287502696747715 16.500000000000004 0.14042493522769772 0.45753125000000006
decision_type=2 2 2 2 2 2
left_child=1 4 3 -3 -1 -6
right_child=-2 2 -4 -5 5 -7
leaf_value=0.00062337594561697168 0.021469050420361062 -0.0030074833784901828 0.02747813681138439 -0.028522810924275496 0.0084339214984715041 0.058633242421995961
leaf_weight=294.08064704760909 6.8506680354475966 69.311017456464469 9.7557615488767606 21.968436766415834 15.637121053412558 5.1794937849044791
leaf_count=1149 42 443 57 184 91 19
internal_value=0.000470666 0.00012481 -0.00561174 -0.00914832 0.00196539 0.0209243
internal_weight=422.783 415.932 101.035 91.2795 314.897 20.8166
internal_count=1985 1943 684 627 1259 110
is_linear=0
shrinkage=0.05


Tree=307
num_leaves=7
num_cat=0
split_feature=5 7 1 8 2 1
split_gain=4.15678 5.5304 4.78515 6.87667 5.53234 6.21502
threshold=-31.376084059372385 0.24578125000000003 0.66853454502743836 -1.4121622194296493 -1.564610599356886 0.50655893988724565
decision_type=2 2 2 2 2 2
left_child=2 -2 4 -4 5 -1
right_child=1 -3 3 -5 -6 -7
leaf_value=0.028691255886601031 0.010571876368334095 -0.022251041431168191 -0.030832040415453635 0.07112095891361768 -0.0033264496805900188 -0.025060874514747512
leaf_weight=28.957298621535301 18.408033128362149 42.377488142345101 2.3543452434241772 5.5595005443319669 143.12944960454479 6.6040728762745848
leaf_count=86 172 997 13 40 658 19
internal_value=-0.000955266 -0.0123111 0.00274383 0.0407902 0.00105884 0.018709
internal_weight=247.39 60.7855 186.605 7.91385 178.691 35.5614
internal_count=1985 1169 816 53 763 105
is_linear=0
shrinkage=0.05


Tree=308
num_leaves=7
num_cat=0
split_feature=1 5 5 8 8 7
split_gain=2.3924 2.94352 2.14523 3.50913 4.59255 3.27247
threshold=0.39403838317974277 -20.119911549816727 -27.61184039613881 -0.41116005690915519 -1.4121622194296493 0.41075000000000006
decision_type=2 2 2 2 2 2
left_child=1 -1 3 4 -2 -4
right_child=2 -3 5 -5 -6 -7
leaf_value=-0.015259892705350801 0.044786722698381062 0.0017012825660091377 -0.0072164050871325255 0.023335919056664892 -0.0056155185719441248 0.0075754179362626144
leaf_weight=50.772293474525213 5.151540543884038 51.552535470575094 86.378763187676668 28.348597787320614 36.839629104360938 65.931911796331406
leaf_count=437 41 291 458 186 231 341
internal_value=-0.000386396 -0.00671464 0.00252191 0.00974396 0.000567905 -0.000813353
internal_weight=324.975 102.325 222.65 70.3398 41.9912 152.311
internal_count=1985 728 1257 458 272 799
is_linear=0
shrinkage=0.05


Tree=309
num_leaves=7
num_cat=0
split_feature=3 5 0 7 3 3
split_gain=1.44051 4.29066 5.41716 5.62429 5.0682 4.0131
threshold=0.39401234014669356 -98.266521172036661 1.5000000000000002 0.19534375000000001 0.32776708842389196 0.12927515028300199
decision_type=2 2 2 2 2 2
left_child=1 4 -3 -4 5 -1
right_child=-2 2 3 -5 -6 -7
leaf_value=0.036120915372778187 0.0029176834277391556 -0.026532539752053014 -0.02368314192785137 0.0030897486814657404 0.048312286398170527 -0.021289991809718394
leaf_weight=4.6760262548923519 241.07302984967828 26.365080922842026 23.91617276892066 109.10716567933559 8.3867888003587705 8.7208185121417028
leaf_count=45 1234 77 123 447 21 38
internal_value=0.000385954 -0.00298284 -0.00582746 -0.00172373 0.0178309 -0.00125132
internal_weight=422.245 181.172 159.388 133.023 21.7836 13.3968
internal_count=1985 751 647 570 104 83
is_linear=0
shrinkage=0.05


Tree=310
num_leaves=7
num_cat=0
split_feature=9 6 4 2 9 6
split_gain=1.23127 4.22467 4.7034 4.57708 3.81002 4.41643
threshold=17.500000000000004 1.399999999999993 -0.014998197690067949 -0.80111165843298371 16.500000000000004 26.65000000000002
decision_type=2 2 2 2 2 2
left_child=4 2 -2 -4 -1 -6
right_child=1 -3 3 -5 5 -7
leaf_value=0.00051119874618560086 -0.022616521339397212 0.013818268088035771 -0.019899581981068441 0.034168256881709706 0.038737397822014574 -0.027921082493994793
leaf_weight=301.00839582271874 21.993253296241164 58.779389743693173 6.476141698658469 9.8948231898248178 2.8130215108394649 21.299805967137218
leaf_count=1385 102 302 20 56 8 112
internal_value=0.000455083 0.00539443 -0.00751207 0.0127797 -0.00102076 -0.0201447
internal_weight=422.265 97.1436 38.3642 16.371 325.121 24.1128
internal_count=1985 480 178 76 1505 120
is_linear=0
shrinkage=0.05


Tree=311
num_leaves=7
num_cat=0
split_feature=5 2 9 5 5 2
split_gain=4.08863 2.76198 3.56426 4.80025 4.79215 1.55675
threshold=19.09613537232887 -2.2727456509388326 12.500000000000002 -15.771761019587837 -12.267738541130148 -0.027170551636471196
decision_type=2 2 2 2 2 2
left_child=1 -1 4 -4 -3 -2
right_child=5 2 3 -5 -6 -7
leaf_value=0.026190545609071577 -0.040612410056731135 0.002241306362394821 -0.0039092076849271858 -0.039379836480347367 0.041794182070074654 -0.0077693650734934165
leaf_weight=10.154535941779612 8.3876366717740876 125.77443185728043 76.57080641342327 10.895387278404085 8.154483797028659 6.331695533823221
leaf_count=40 199 536 459 295 89 367
internal_value=-0.000932165 0.000692172 -0.00047734 -0.00832767 0.00464955 -0.0264846
internal_weight=246.269 231.55 221.395 87.4662 133.929 14.7193
internal_count=1985 1419 1379 754 625 566
is_linear=0
shrinkage=0.05


Tree=312
num_leaves=7
num_cat=0
split_feature=2 4 4 7 9 4
split_gain=2.3103 2.5105 2.17184 2.09653 3.12501 2.36832
threshold=-1.089306735587682 0.0026011925822499002 -0.20692615216410695 0.20706249999999998 20.500000000000004 -0.037402486500726993
decision_type=2 2 2 2 2 2
left_child=1 -1 -2 5 -5 -4
right_child=2 -3 3 4 -6 -7
leaf_value=-0.030047704659612304 0.036996559079190729 0.0032639009508253097 -0.028874543052813936 0.00014468068573662748 0.018568884641322645 -0.002228441902281747
leaf_weight=13.039966490119697 4.0949710123240939 9.9883946087211353 12.070163169875739 232.98144256323576 25.53790970146656 26.975963742472231
leaf_count=208 29 96 73 1222 158 199
internal_value=-0.000333971 -0.015599 0.000831343 0.000333653 0.00196472 -0.0104654
internal_weight=324.689 23.0284 301.66 297.565 258.519 39.0461
internal_count=1985 304 1681 1652 1380 272
is_linear=0
shrinkage=0.05


Tree=313
num_leaves=7
num_cat=0
split_feature=6 6 2 7 2 3
split_gain=1.38041 5.81957 7.36253 5.2041 3.97492 8.74682
threshold=75.65000000000002 90.350000000000009 0.36275478871011635 0.37084375000000008 0.18373392171929234 0.39401234014669356
decision_type=2 2 2 2 2 2
left_child=3 2 -2 4 5 -1
right_child=1 -3 -4 -5 -6 -7
leaf_value=-0.0054738194101966757 0.0078307432079985778 0.00072159754045808045 0.076951851101965507 -0.051939589433032875 -0.010821510237407012 0.016844568846808426
leaf_weight=115.73748458363116 11.185311909765007 141.1056843586266 5.8765839636325827 5.085742510855197 72.265262946486473 70.727406203746796
leaf_count=525 42 666 24 27 489 212
internal_value=0.000363286 0.00405661 0.0316379 -0.001851 -0.000866434 0.0029917
internal_weight=421.983 158.168 17.0619 263.816 258.73 186.465
internal_count=1985 732 66 1253 1226 737
is_linear=0
shrinkage=0.05


Tree=314
num_leaves=7
num_cat=0
split_feature=2 6 9 1 4 7
split_gain=1.20685 2.52944 2.67276 1.36749 5.80796 4.37128
threshold=1.0808597217851565 453.30000000000001 1.5000000000000002 0.71708554729922336 -0.040096182450766141 0.37084375000000008
decision_type=2 2 2 2 2 2
left_child=3 2 -2 -1 -5 -6
right_child=1 -3 -4 4 5 -7
leaf_value=0.00013905823179961453 0.044892639154327202 0.062096200941264418 -0.026584994219713443 0.063968024111590555 -0.03826750069864418 0.01291848107430959
leaf_weight=377.75465865433216 1.4609295614063729 1.030140884220599 12.482035408727823 4.4488409422338036 5.3142414800822761 19.389820948243141
leaf_count=1527 36 5 263 15 34 105
internal_value=0.000431297 -0.0135097 -0.0190956 0.000944288 0.0113782 0.00190755
internal_weight=421.881 14.9731 13.943 406.908 29.1529 24.7041
internal_count=1985 304 299 1681 154 139
is_linear=0
shrinkage=0.05


Tree=315
num_leaves=7
num_cat=0
split_feature=2 6 4 8 9 8
split_gain=3.84558 2.61174 2.81319 4.92142 3.61333 1.41808
threshold=0.53960278538607809 280.60000000000008 0.10893415917343312 -0.5285061521331017 20.500000000000004 -0.64934762626881448
decision_type=2 2 2 2 2 2
left_child=1 2 4 -4 -1 -2
right_child=5 -3 3 -5 -6 -7
leaf_value=0.0020074346761779715 0.004481846691587364 -0.041207964110180711 -0.01285104248906337 0.048650778460922695 -0.018691504861175611 -0.038551588997666621
leaf_weight=193.30954267736524 2.4367913459427646 3.7020939136855295 5.5289926249533892 7.9011124949902278 23.665062659885734 8.9295456069521588
leaf_count=1013 67 110 37 51 150 557
internal_value=-0.000924011 0.00045495 0.00112438 0.0233313 -0.000250165 -0.0293258
internal_weight=245.473 234.107 230.405 13.4301 216.975 11.3663
internal_count=1985 1361 1251 88 1163 624
is_linear=0
shrinkage=0.05


Tree=316
num_leaves=7
num_cat=0
split_feature=1 1 7 6 3 6
split_gain=2.2063 3.29029 1.91207 2.48866 3.92579 3.68253
threshold=0.46480530128398151 0.45730138135984427 0.20706249999999998 9.4499999999999869 0.44110923534644514 3.0000000000000075
decision_type=2 2 2 2 2 2
left_child=1 -1 -2 5 -5 -4
right_child=2 -3 3 4 -6 -7
leaf_value=-0.0031844609994258312 -0.023835621285964555 -0.037776927517487291 0.007804536559104386 0.016473101415759004 -0.0036901108715414288 0.046067414169973619
leaf_weight=137.25652352534235 6.2270569428801528 7.2364443019032469 31.875822143629193 31.649778556078672 101.74766914919019 7.833653798326849
leaf_count=952 37 32 209 196 495 64
internal_value=-0.000319067 -0.00491691 0.00338551 0.00436471 0.0010938 0.0153528
internal_weight=323.827 144.493 179.334 173.107 133.397 39.7095
internal_count=1985 984 1001 964 691 273
is_linear=0
shrinkage=0.05


Tree=317
num_leaves=7
num_cat=0
split_feature=1 1 4 7 7 4
split_gain=1.3541 1.9625 2.77207 5.1855 2.49183 1.7277
threshold=0.19093133786191602 0.21203990474869708 -0.076484718760137738 0.19962500000000002 0.074718750000000014 -0.014998197690067949
decision_type=2 2 2 2 2 2
left_child=5 -2 3 -3 -4 -1
right_child=1 2 4 -5 -6 -7
leaf_value=0.011005201319818263 0.023606113187203227 0.024578295552546401 -0.03008635490404505 -0.017607270385540597 0.0023349733188572958 -0.043343545217736736
leaf_weight=2.3512076586484909 9.1524551063775998 8.7477992624044401 6.0292511098086825 43.549595937132835 347.67589916661382 3.8676687199622384
leaf_count=18 40 26 26 177 1660 38
internal_value=0.000362916 0.000709822 0.000193674 -0.0105509 0.00178232 -0.0227956
internal_weight=421.374 415.155 406.003 52.2974 353.705 6.21888
internal_count=1985 1929 1889 203 1686 56
is_linear=0
shrinkage=0.05


Tree=318
num_leaves=7
num_cat=0
split_feature=4 7 8 6 3 6
split_gain=1.19201 5.09554 3.45918 4.00764 2.73602 2.69877
threshold=-0.091639158209931196 0.17031249999999998 0.29685247065301118 8.7000000000000082 0.30499429002350936 480.85000000000008
decision_type=2 2 2 2 2 2
left_child=1 -1 3 -3 -4 -2
right_child=5 2 4 -5 -6 -7
leaf_value=-0.061568940490968921 -0.0010017790070969482 1.2034525922118703e-05 -0.035281273968540708 0.036021328074098601 0.013720345772824868 0.035008564629893393
leaf_weight=2.4829249382019034 370.83156234957278 13.49784502759576 5.8703607991337758 18.072158850729465 5.5341526232659817 5.277013659477233
leaf_count=7 1805 43 21 58 31 20
internal_value=0.000427787 0.00807549 0.0120993 0.0206255 -0.0115028 -0.000496534
internal_weight=421.566 45.4574 42.9745 31.57 11.4045 376.109
internal_count=1985 160 153 101 52 1825
is_linear=0
shrinkage=0.05


Tree=319
num_leaves=7
num_cat=0
split_feature=5 7 1 1 8 4
split_gain=3.80812 2.66747 2.92629 5.74627 4.59889 2.52185
threshold=19.09613537232887 0.074718750000000014 0.28720001167565917 0.46186181085890887 -0.62425594273746343 -0.0077255593251745495
decision_type=2 2 2 2 2 2
left_child=1 5 4 -4 -3 -1
right_child=-2 2 3 -5 -6 -7
leaf_value=0.034524833437806914 -0.02601083462618807 0.0026475356338146816 0.013074103850382081 -0.0070977225376315858 -0.02276680434041865 -0.0037779559148798467
leaf_weight=10.710180139169099 14.263102074619381 38.227588661015034 72.303976248949766 68.993410960305482 33.312597800046206 7.1770258601754895
leaf_count=30 566 103 394 714 156 22
internal_value=-0.000938583 0.000611351 -0.000947196 0.0032245 -0.00918662 0.0191563
internal_weight=244.988 230.725 212.838 141.297 71.5402 17.8872
internal_count=1985 1419 1367 1108 259 52
is_linear=0
shrinkage=0.05


Tree=320
num_leaves=7
num_cat=0
split_feature=8 4 1 4 7 7
split_gain=2.19911 4.64056 3.84838 3.00709 4.08442 3.75335
threshold=-0.33465878070077087 0.021358799415183354 0.48298054598794654 0.10422196077735897 0.46190625000000002 0.47975000000000007
decision_type=2 2 2 2 2 2
left_child=1 -1 -3 5 -5 -2
right_child=3 2 -4 4 -6 -7
leaf_value=-0.013007741204000306 0.0081900637023341796 -0.012508812689089108 0.020654921553386107 -0.023157876853127216 0.011909552871291586 -0.014218003984671544
leaf_weight=76.003183900378644 152.92494727857411 13.83343395590782 23.793712738901377 22.889572214335203 13.030548222362993 21.288992695510387
leaf_count=590 914 83 135 96 73 94
internal_value=-0.000294412 -0.00589818 0.00846244 0.00273584 -0.0104367 0.00545179
internal_weight=323.764 113.63 37.6271 210.134 35.9201 174.214
internal_count=1985 808 218 1177 169 1008
is_linear=0
shrinkage=0.05


Tree=321
num_leaves=7
num_cat=0
split_feature=5 9 1 4 1 1
split_gain=1.30612 4.76178 3.79311 2.47809 2.20134 6.53186
threshold=141.05941891620563 7.0000000000000009 0.46480530128398151 -0.019761888273119695 0.46410649726502295 0.55107038403362452
decision_type=2 2 2 2 2 2
left_child=4 -2 3 -3 -1 -6
right_child=1 2 -4 -5 5 -7
leaf_value=-0.0040024527239506278 -0.014958410787755819 0.021734672415706674 -0.0077365154370096657 0.062652972047383126 0.019578184712403301 -0.0021752361571260722
leaf_weight=207.98399827815592 12.836054652929304 10.339011512696745 6.9869188740849486 5.7624851092696217 46.921450080350041 130.43821682222188
leaf_count=881 78 33 40 24 257 672
internal_value=0.000337427 0.00945568 0.0230288 0.0363787 -0.000512642 0.00357975
internal_weight=421.268 35.9245 23.0884 16.1015 385.344 177.36
internal_count=1985 175 97 57 1810 929
is_linear=0
shrinkage=0.05


Tree=322
num_leaves=7
num_cat=0
split_feature=2 4 6 6 7 6
split_gain=1.22054 3.34748 10.6919 10.0589 4.87111 4.11523
threshold=-0.25031468895647896 0.07234506540796061 68.000000000000014 23.500000000000004 0.48659375000000005 29.650000000000023
decision_type=2 2 2 2 2 2
left_child=-1 4 3 -3 5 -2
right_child=1 2 -4 -5 -6 -7
leaf_value=0.0025207480781257912 -0.0012925246581539072 0.009902065370307269 -0.0085182483056901598 0.10725031227085774 0.036033762836620908 -0.020062214394303751
leaf_weight=260.63288196921349 71.498808285221457 6.1440007165074331 22.567324066534638 4.6709827985614538 6.3308327496051779 49.364667290821671
leaf_count=808 522 46 184 23 37 365
internal_value=0.000408119 -0.0030209 0.0110708 0.0519467 -0.00671928 -0.00895869
internal_weight=421.209 160.577 33.3823 10.815 127.194 120.863
internal_count=1985 1177 253 69 924 887
is_linear=0
shrinkage=0.05


Tree=323
num_leaves=7
num_cat=0
split_feature=2 6 6 6 7 8
split_gain=3.62698 2.48526 2.7312 6.50608 4.90849 1.39603
threshold=0.53960278538607809 280.60000000000008 2.0000000000000022 11.550000000000017 0.27600000000000008 -0.64934762626881448
decision_type=2 2 2 2 2 2
left_child=1 2 4 -4 -1 -2
right_child=5 -3 3 -5 -6 -7
leaf_value=-0.0017336265443353015 0.0043414239432993619 -0.041180178097142375 0.021999230337749334 -0.0017987667198514656 -0.040657675460199209 -0.038519052038374968
leaf_weight=87.998662949539721 2.4437690959312013 3.5347709096968165 41.989080528728664 90.878479263745248 8.9204192492179555 8.5359217436052841
leaf_count=340 67 110 186 644 81 557
internal_value=-0.000895333 0.000426259 0.00106628 0.00572193 -0.00531619 -0.0289795
internal_weight=244.301 233.321 229.787 132.868 96.9191 10.9797
internal_count=1985 1361 1251 830 421 624
is_linear=0
shrinkage=0.05


Tree=324
num_leaves=7
num_cat=0
split_feature=3 4 4 9 5 8
split_gain=2.19122 1.75855 2.26081 2.38109 1.84929 1.47473
threshold=0.061422303696677956 -0.16735811016754273 -0.040096182450766141 20.500000000000004 47.203972683064706 0.78529998855865524
decision_type=2 2 2 2 2 2
left_child=5 -2 3 -3 -4 -1
right_child=1 2 4 -5 -6 -7
leaf_value=-0.025701935736101668 0.027312971871865419 -0.010727971626907567 0.00020179038405875607 0.019263659579326714 0.011286449646855361 0.021427705653032161
leaf_weight=12.420040898956357 6.037376318126916 64.786138813942671 183.40890178550035 7.3707278892397872 47.338799424469471 1.9158685356378544
leaf_count=190 39 357 1043 53 288 15
internal_value=-0.000293887 0.000592859 6.02845e-05 -0.00766437 0.00247585 -0.0194035
internal_weight=323.278 308.942 302.905 72.1569 230.748 14.3359
internal_count=1985 1780 1741 410 1331 205
is_linear=0
shrinkage=0.05


Tree=325
num_leaves=7
num_cat=0
split_feature=1 9 1 2 1 8
split_gain=1.28896 1.89899 1.82127 1.98503 1.92133 1.87869
threshold=0.19093133786191602 10.500000000000002 0.21203990474869708 -0.6418708094225023 0.21922991043446119 0.97139814091363341
decision_type=2 2 2 2 2 2
left_child=1 -1 3 -2 -4 -6
right_child=2 -3 4 -5 5 -7
leaf_value=0.014913454913649378 -0.00024201067107010736 -0.0432444794136655 -0.027067462886533875 0.046173596367087351 -0.00077258194802618397 0.0092053481653315752
leaf_weight=2.1835794523358336 4.6731248199939728 3.9294574018567801 6.3782638367265454 4.5425343960523588 344.67953307926655 54.655804701149464
leaf_count=17 27 39 32 13 1555 302
internal_value=0.00032168 -0.0224704 0.000657469 0.0226369 0.000158213 0.000593067
internal_weight=421.042 6.11304 414.929 9.21566 405.714 399.335
internal_count=1985 56 1929 40 1889 1857
is_linear=0
shrinkage=0.05


Tree=326
num_leaves=7
num_cat=0
split_feature=1 6 3 5 4 7
split_gain=1.21057 2.57779 7.25154 5.54272 4.75668 2.5346
threshold=0.23231104268376782 4.2000000000000215 0.21879886364747983 -91.943618182734483 -0.019761888273119695 0.078343750000000018
decision_type=2 2 2 2 2 2
left_child=1 3 4 5 -3 -1
right_child=-2 2 -4 -5 -6 -7
leaf_value=-0.018623331284515727 -0.00084857216575303827 -0.018035528615805353 -0.034101923352536916 0.039641263327823591 0.025806999582276537 0.017581500882586632
leaf_weight=10.034196317195894 346.16136250644922 9.1285264045000094 12.453435450792311 14.573695972561834 19.196536786854267 9.3279710412025434
leaf_count=23 1785 24 41 39 50 23
internal_value=0.000397237 0.00616923 -0.00230315 0.0163499 0.0116775 -0.00118119
internal_weight=420.876 74.7144 40.7785 33.9359 28.3251 19.3622
internal_count=1985 200 115 85 74 46
is_linear=0
shrinkage=0.05


Tree=327
num_leaves=7
num_cat=0
split_feature=2 6 1 6 6 7
split_gain=3.4599 2.36462 4.52389 4.69188 3.46484 3.11632
threshold=0.53960278538607809 155.45000000000005 0.68969497228308407 100.95000000000002 73.950000000000003 0.34621875000000008
decision_type=2 2 2 2 2 2
left_child=1 2 4 -4 -1 -3
right_child=-2 5 3 -5 -6 -7
leaf_value=0.0023558449308596304 -0.028683704021352053 0.064645560870163057 0.0059609684188689366 0.085502160778092362 -0.019696388636832273 -0.026725272490870297
leaf_weight=192.27840540744364 10.677414080128072 1.0085840048268426 4.3863037200644603 3.2112946882843971 19.630743905901909 12.482425990980117
leaf_count=867 624 19 35 24 151 265
internal_value=-0.00085204 0.000423381 0.00167212 0.0395808 0.00031298 -0.0198944
internal_weight=243.675 232.998 219.507 7.5976 211.909 13.491
internal_count=1985 1361 1077 59 1018 284
is_linear=0
shrinkage=0.05


Tree=328
num_leaves=7
num_cat=0
split_feature=2 6 7 6 4 8
split_gain=2.11423 4.70049 5.02003 5.74017 4.31489 3.56685
threshold=0.27073336158862921 9.4499999999999869 0.33356250000000004 222.75000000000003 0.066046574681674713 1.160883348815575
decision_type=2 2 2 2 2 2
left_child=5 -2 4 -4 -3 -1
right_child=1 2 3 -5 -6 -7
leaf_value=-0.0061949228863282559 0.01745052122705135 -0.0065535965316284488 0.021928090576700074 -0.0085080726347367876 -0.046136402744159664 0.017774103896430662
leaf_weight=162.3145508132875 45.820308558642864 26.276363976299763 30.827482610940933 31.138899214565754 9.32933811098337 17.162265680730343
leaf_count=1087 301 134 193 148 32 90
internal_value=-0.000286385 0.00424023 -0.00196338 0.00663353 -0.016925 -0.00390291
internal_weight=322.869 143.392 97.5721 61.9664 35.6057 179.477
internal_count=1985 808 507 341 166 1177
is_linear=0
shrinkage=0.05


Tree=329
num_leaves=7
num_cat=0
split_feature=6 1 5 9 6 7
split_gain=1.28611 4.67067 3.74117 2.78237 2.53043 6.29739
threshold=0.10000000000000712 0.24291695070695582 11.222240821336905 21.500000000000004 75.65000000000002 0.26840625000000001
decision_type=2 2 2 2 2 2
left_child=1 -1 3 -3 5 -2
right_child=4 2 -4 -5 -6 -7
leaf_value=-0.031646129941245792 0.0033796264547625732 0.0019629393722505116 0.040248859655040325 0.039109100240092148 0.0037342352687521098 -0.014859260223853211
leaf_weight=7.2299859635531893 105.40842811204493 48.976019531488419 9.2024959176778776 5.6195507273077956 158.4584936350584 85.889047438278794
leaf_count=35 456 226 39 31 732 466
internal_value=0.000307084 0.00644114 0.0107574 0.00578641 -0.000938612 -0.0048093
internal_weight=420.784 71.0281 63.7981 54.5956 349.756 191.297
internal_count=1985 331 296 257 1654 922
is_linear=0
shrinkage=0.05


Tree=330
num_leaves=7
num_cat=0
split_feature=9 9 8 8 9 5
split_gain=1.15713 3.60476 7.82568 4.81488 6.17406 3.33918
threshold=17.500000000000004 16.500000000000004 -0.88459293121202232 -1.6404898028730155 15.500000000000002 -91.943618182734483
decision_type=2 2 2 2 2 2
left_child=1 3 -3 -1 -5 -2
right_child=5 2 -4 4 -6 -7
leaf_value=-0.024853424972171741 -0.0065239368939601673 0.023520582899648628 -0.038748229283609083 -0.00029438286670271073 0.025663706989829057 0.012550632869962228
leaf_weight=17.715605437755585 37.404654050245881 7.2564163729548481 16.561869982630014 257.03650296013802 25.148032007738948 59.348557492718101
leaf_count=71 164 25 95 1206 108 316
internal_value=0.000378621 -0.00105535 -0.0197776 0.000431581 0.00201898 0.00517643
internal_weight=420.472 323.718 23.8183 299.9 282.185 96.7532
internal_count=1985 1505 120 1385 1314 480
is_linear=0
shrinkage=0.05


Tree=331
num_leaves=7
num_cat=0
split_feature=5 2 9 5 5 2
split_gain=3.53228 2.66763 3.13541 4.57961 4.41987 1.65753
threshold=19.09613537232887 -2.2727456509388326 12.500000000000002 -15.771761019587837 -2.3953276394813128 -0.027170551636471196
decision_type=2 2 2 2 2 2
left_child=1 -1 4 -4 -3 -2
right_child=5 2 3 -5 -6 -7
leaf_value=0.025943438797393716 -0.040520518244889614 0.0025086377301532002 -0.003687149013396087 -0.039338460908283704 0.050002682511616686 -0.0053743239847362997
leaf_weight=9.9839731529355031 7.8329276107251644 128.13841441879049 75.983585147652775 10.219250478316097 5.0932969115674487 5.8675216850824636
leaf_count=40 199 565 459 295 60 367
internal_value=-0.000805987 0.000666806 -0.000483247 -0.00791357 0.00432428 -0.0254684
internal_weight=243.119 229.419 219.435 86.2028 133.232 13.7004
internal_count=1985 1419 1379 754 625 566
is_linear=0
shrinkage=0.05


Tree=332
num_leaves=7
num_cat=0
split_feature=2 9 4 7 9 4
split_gain=2.06028 2.42486 2.06864 1.72165 2.7162 5.66595
threshold=-1.089306735587682 16.500000000000004 0.0026011925822499002 0.20706249999999998 20.500000000000004 -0.0081303689438523997
decision_type=2 2 2 2 2 2
left_child=1 2 -1 -2 -5 -6
right_child=3 -3 -4 4 5 -7
leaf_value=-0.022916265430521929 -0.008911428234740483 -0.039598869449439897 0.013665260249599171 0.00064541459285535473 0.045235433250909951 -0.0026464790918236279
leaf_weight=7.4403057340532568 39.284472382627428 6.8752352576702824 8.0413152705878002 235.15644810721278 10.827300965785982 14.389010082930325
leaf_count=130 279 94 80 1244 79 79
internal_value=-0.000246818 -0.0148889 -0.00391544 0.0008456 0.00231772 0.0179129
internal_weight=322.014 22.3569 15.4816 299.657 260.373 25.2163
internal_count=1985 304 210 1681 1402 158
is_linear=0
shrinkage=0.05


Tree=333
num_leaves=7
num_cat=0
split_feature=4 5 4 7 7 1
split_gain=1.33026 4.2078 3.99837 6.22105 2.79092 3.76996
threshold=0.12611174129684269 -50.682737865263292 0.19440369809374833 0.45415625000000004 0.47975000000000007 0.69257313024952127
decision_type=2 2 2 2 2 2
left_child=4 -2 -3 -4 -1 -6
right_child=1 2 3 -5 5 -7
leaf_value=5.5793469185578714e-05 0.036532602218745665 -0.032129796040423902 0.036370843060110174 -0.046197648904877694 0.033043764422862915 -0.010513563917310762
leaf_weight=367.19176285155118 4.2492069229483631 16.591572999954227 6.5918826907873136 3.4885509088635445 14.689733736217024 7.5060382634401313
leaf_count=1706 24 100 30 28 53 44
internal_value=0.000303862 -0.00967814 -0.0170401 0.00779624 0.00109653 0.0183138
internal_weight=420.309 30.9212 26.672 10.0804 389.388 22.1958
internal_count=1985 182 158 58 1803 97
is_linear=0
shrinkage=0.05


Tree=334
num_leaves=7
num_cat=0
split_feature=2 3 6 6 1 6
split_gain=1.16694 4.22704 2.92327 10.0566 2.15982 1.4244
threshold=0.68129720146919071 0.52738103958563964 10.350000000000017 29.650000000000023 0.75890547429804489 238.75000000000003
decision_type=2 2 2 2 2 2
left_child=4 -2 -3 -4 5 -1
right_child=1 2 3 -5 -6 -7
leaf_value=-0.00040541250671191653 0.059062307770300471 -0.036688029081730439 0.057347133040025304 -0.02032647617302337 0.028120151521915972 0.0096383531232626211
leaf_weight=337.2299397289753 2.1914008893072596 9.1769689237698895 5.3073627445846823 19.397651106119156 7.2918075472116461 39.427590623497963
leaf_count=1261 9 192 51 284 25 163
internal_value=0.000359902 -0.00823819 -0.012591 -0.0036399 0.00116772 0.000645944
internal_weight=420.023 36.0734 33.882 24.705 383.949 376.658
internal_count=1985 536 527 335 1449 1424
is_linear=0
shrinkage=0.05


Tree=335
num_leaves=7
num_cat=0
split_feature=5 2 7 6 2 3
split_gain=3.32729 2.53069 2.9907 3.56196 1.63695 9.62338
threshold=19.09613537232887 -2.2727456509388326 0.46390625000000002 2.0000000000000022 -0.027170551636471196 0.35707696724525601
decision_type=2 2 2 2 2 2
left_child=1 -1 3 -3 -2 -6
right_child=4 2 -4 -5 5 -7
leaf_value=0.025384868071431727 -0.040427643344117213 -0.0070334582800394068 -0.040347719725430047 0.0059715219372825853 0.11967641786763586 -0.038199933641453993
leaf_weight=9.8510383367538434 7.5493310233578086 92.915538011584431 4.6144626131281248 121.50061383005232 1.2206791713833789 4.6125540065113455
leaf_count=40 199 468 140 771 9 358
internal_value=-0.000823085 0.000593802 -0.000521192 0.000335917 -0.0250561 -0.00516227
internal_weight=242.264 228.882 219.031 214.416 13.3826 5.83323
internal_count=1985 1419 1379 1239 566 367
is_linear=0
shrinkage=0.05


Tree=336
num_leaves=7
num_cat=0
split_feature=1 5 1 8 7 5
split_gain=2.01937 2.66994 2.14453 3.47633 3.00752 3.23259
threshold=0.39403838317974277 -20.119911549816727 0.42804646507307825 -0.89264631684989337 0.20706249999999998 -38.920245538867128
decision_type=2 2 2 2 2 2
left_child=1 -1 3 -2 -4 -6
right_child=2 -3 4 -5 5 -7
leaf_value=-0.014412572583505227 -0.030702170560406944 0.0018843449593255396 -0.027279973204095306 0.030467499275404028 0.014395118133358149 -0.0010872623476637178
leaf_weight=49.345397339202464 2.8071696870028999 51.218132518231869 8.9601252283900958 13.457596004009245 43.31608416326344 152.09626509808004
leaf_count=437 17 291 51 103 285 801
internal_value=-0.000240064 -0.00611237 0.00243646 0.0199101 0.00104583 0.00234464
internal_weight=321.201 100.564 220.637 16.2648 204.372 195.412
internal_count=1985 728 1257 120 1137 1086
is_linear=0
shrinkage=0.05


Tree=337
num_leaves=7
num_cat=0
split_feature=5 9 1 4 1 1
split_gain=1.29014 4.44932 3.31376 2.30069 2.03557 4.0316
threshold=141.05941891620563 7.0000000000000009 0.46480530128398151 -0.019761888273119695 0.42018286526761056 0.48298054598794654
decision_type=2 2 2 2 2 2
left_child=-1 4 3 -3 -2 -6
right_child=1 2 -4 -5 5 -7
leaf_value=-0.00053239415388989068 -0.037678439206444266 0.020716746665706446 -0.0065478709634130567 0.060022154398527885 0.043437523890395055 -0.031155671547332942
leaf_weight=384.26317483745515 5.3898091092705709 10.335359908640386 6.8860894404351702 5.8192043527960804 3.3275032266974449 3.9757060892879963
leaf_count=1810 27 33 40 24 13 38
internal_value=0.000312671 0.0094001 0.0224953 0.0348754 -0.0143706 0.00283063
internal_weight=419.997 35.7337 23.0407 16.1546 12.693 7.30321
internal_count=1985 175 97 57 78 51
is_linear=0
shrinkage=0.05


Tree=338
num_leaves=7
num_cat=0
split_feature=8 8 3 3 4 4
split_gain=1.33365 1.35974 4.33605 1.82686 3.09854 3.00281
threshold=-3.4920099330090113 -1.8442955481920966 0.23565595066942549 0.27268191698993122 -0.091639158209931196 0.0059196109877777507
decision_type=2 2 2 2 2 2
left_child=-1 2 -2 5 -5 -3
right_child=1 3 -4 4 -6 -7
leaf_value=0.036349880978705458 -0.038937998348100522 1.9577202492107777e-05 0.01168628821707206 0.014941453247841041 -0.0039086148246039393 0.014642497423290025
leaf_weight=2.5558806657791129 8.5053463429212588 105.41157130151987 8.4142016433179361 24.225782854482532 217.78649655915797 52.639014139771461
leaf_count=8 31 321 33 95 1345 152
internal_value=0.000342307 0.000121599 -0.0137622 0.000708777 -0.0020217 0.00488977
internal_weight=419.538 416.982 16.9195 400.063 242.012 158.051
internal_count=1985 1977 64 1913 1440 473
is_linear=0
shrinkage=0.05


Tree=339
num_leaves=7
num_cat=0
split_feature=2 5 2 3 2 2
split_gain=3.1988 2.27022 3.02512 7.03207 2.80585 4.75543
threshold=0.53960278538607809 19.09613537232887 -0.027170551636471196 0.35707696724525601 0.42109434976833621 0.12756090418197133
decision_type=2 2 2 2 2 2
left_child=1 4 -3 -4 5 -1
right_child=-2 2 3 -5 -6 -7
leaf_value=0.001972560181324232 -0.028204515593163657 -0.040341365166467497 0.10906056326398306 -0.038347772203657648 0.03895502926467919 -0.040553684699446917
leaf_weight=208.95191086735576 10.212278788210822 7.2845847182907164 1.2872165273874983 2.1779961562715471 4.8850538339465848 6.7873252192512146
leaf_count=841 624 199 9 116 49 147
internal_value=-0.000818848 0.000389887 -0.0220476 0.0164097 0.00148314 0.000634651
internal_weight=241.586 231.374 10.7498 3.46521 220.624 215.739
internal_count=1985 1361 324 125 1037 988
is_linear=0
shrinkage=0.05


Tree=340
num_leaves=7
num_cat=0
split_feature=3 8 7 7 7 6
split_gain=1.91415 2.04492 1.75879 7.91921 1.99135 1.64131
threshold=0.061422303696677956 -2.4870959827812156 0.40815625 0.42646875000000006 0.30162499999999998 25.200000000000006
decision_type=2 2 2 2 2 2
left_child=5 -2 4 -4 -3 -1
right_child=1 2 3 -5 -6 -7
leaf_value=-0.038829229617267279 0.045331492128035611 0.0010150212037891941 0.050071350218827373 0.00097776668316764109 -0.009290372176393117 -0.0038163149978806565
leaf_weight=5.7667311020195466 2.5300445742905131 151.64635048527271 9.2136353850364667 75.737091176211834 67.850902400910854 7.9773901756852865
leaf_count=124 21 983 58 379 339 81
internal_value=-0.000251666 0.000565667 0.00019365 0.00630239 -0.00217058 -0.018507
internal_weight=320.722 306.978 304.448 84.9507 219.497 13.7441
internal_count=1985 1780 1759 437 1322 205
is_linear=0
shrinkage=0.05


Tree=341
num_leaves=7
num_cat=0
split_feature=4 7 4 7 3 4
split_gain=1.24931 3.24972 4.68096 2.49839 1.80784 1.70601
threshold=0.13904813397743396 0.46506249999999999 0.19440369809374833 0.49156250000000001 0.64924069544156959 0.14940704906901778
decision_type=2 2 2 2 2 2
left_child=3 2 5 -1 -5 -2
right_child=1 -3 -4 4 -6 -7
leaf_value=0.00027805572120937502 0.0028983273915067489 -0.045842646801913148 0.027163769879463215 0.041304271746846997 0.002049680956425761 -0.037810401092793461
leaf_weight=383.4211267195642 4.1081939116120392 5.1766033582389346 8.282978914678095 6.5007586777210218 5.3443130031228065 6.889957457780838
leaf_count=1789 18 46 39 20 29 44
internal_value=0.000298192 -0.0106681 -0.00122442 0.000976749 0.0235932 -0.0226043
internal_weight=419.724 24.4577 19.2811 395.266 11.8451 10.9982
internal_count=1985 147 101 1838 49 62
is_linear=0
shrinkage=0.05


Tree=342
num_leaves=7
num_cat=0
split_feature=1 1 2 5 6 4
split_gain=1.15251 8.13303 4.03122 3.49211 2.47026 6.08478
threshold=0.49829253254921774 0.52504390278533164 -1.5791888275478272 -35.892331999856047 84.200000000000003 0.071406604294401224
decision_type=2 2 2 2 2 2
left_child=4 -2 -3 -4 5 -1
right_child=1 2 3 -5 -6 -7
leaf_value=0.0026396707613723404 -0.044538272658886269 0.028581566420395173 -0.017553878325134865 0.0022235464501475463 -0.0075783673717104792 0.040562489445435668
leaf_weight=211.10187651962042 11.028239435516296 11.39291439950466 29.346768429502845 93.212274215184152 51.869029170833528 11.135477617383001
leaf_count=818 88 36 173 592 242 36
internal_value=0.000339788 -0.00326554 0.000132432 -0.00251216 0.00224672 0.00453984
internal_weight=419.087 144.98 133.952 122.559 274.106 222.237
internal_count=1985 889 801 765 1096 854
is_linear=0
shrinkage=0.05


Tree=343
num_leaves=7
num_cat=0
split_feature=6 7 6 8 7 6
split_gain=2.8596 5.29784 3.46123 6.9766 6.85311 3.1994
threshold=73.950000000000003 0.37084375000000008 100.95000000000002 -1.1325896754640166 0.32618750000000002 2.0000000000000022
decision_type=2 2 2 2 2 2
left_child=1 5 -2 4 -4 -1
right_child=2 -3 3 -5 -6 -7
leaf_value=-0.0058801518802866666 -0.037778754775577801 0.059292884867872132 0.10609102294639097 -0.016565531832528298 -0.0022015899392358895 0.0068573104227588029
leaf_weight=98.360407779691741 10.422904229257254 3.9081510873511425 2.5475820526480701 23.357765218010172 3.425057478249073 98.838732604635879
leaf_count=575 103 24 9 588 38 648
internal_value=-0.000775734 0.00164648 -0.0130294 -0.00423447 0.0439898 0.000504027
internal_weight=240.861 201.107 39.7533 29.3304 5.97264 197.199
internal_count=1985 1247 738 635 47 1223
is_linear=0
shrinkage=0.05


Tree=344
num_leaves=7
num_cat=0
split_feature=8 4 8 5 3 4
split_gain=1.90207 4.30649 3.09653 2.81031 4.61881 3.50881
threshold=-0.33465878070077087 0.021358799415183354 -1.437955120047407 -36.588548398983029 0.54341812327455008 -0.060128983147254345
decision_type=2 2 2 2 2 2
left_child=1 -1 -3 4 -2 -6
right_child=3 2 -4 -5 5 -7
leaf_value=-0.012472020685025956 -0.0052306771008169021 0.038219340947136832 0.0014022901839905615 -9.144662182200455e-05 -0.0099086494941738774 0.041202215169128691
leaf_weight=74.327068777754903 15.701169414445756 7.0371995456516734 30.306073540821671 172.38381733000278 4.2209678776562205 16.423407942056659
leaf_count=590 119 48 170 923 18 117
internal_value=-0.000245283 -0.00551224 0.00834033 0.00257254 0.0152076 0.030752
internal_weight=320.4 111.67 37.3433 208.729 36.3455 20.6444
internal_count=1985 808 218 1177 254 135
is_linear=0
shrinkage=0.05


Tree=345
num_leaves=7
num_cat=0
split_feature=1 9 1 2 1 8
split_gain=1.21912 1.78861 1.67104 1.78811 1.78211 1.68081
threshold=0.19093133786191602 10.500000000000002 0.21203990474869708 -0.6418708094225023 0.21922991043446119 0.97139814091363341
decision_type=2 2 2 2 2 2
left_child=1 -1 3 -2 -4 -6
right_child=2 -3 4 -5 5 -7
leaf_value=0.013523321592602548 -0.00018056194345927119 -0.043104976168060652 -0.026416244509368234 0.043875463085750188 -0.00074752692162153135 0.0086969862795659696
leaf_weight=2.2148846238851538 4.6441528163850307 3.7641921322792768 6.2236013878136864 4.5690852627158147 343.48929194919765 54.596251279115677
leaf_count=17 27 39 32 13 1555 302
internal_value=0.000288391 -0.0221276 0.000612502 0.021668 0.000132698 0.00054776
internal_weight=419.501 5.97908 413.522 9.21324 404.309 398.086
internal_count=1985 56 1929 40 1889 1857
is_linear=0
shrinkage=0.05


Tree=346
num_leaves=7
num_cat=0
split_feature=8 8 3 3 4 4
split_gain=1.20666 1.22029 4.12471 1.68872 2.85878 2.80292
threshold=-3.4920099330090113 -1.8442955481920966 0.23565595066942549 0.27268191698993122 -0.091639158209931196 0.0059196109877777507
decision_type=2 2 2 2 2 2
left_child=-1 2 -2 5 -5 -3
right_child=1 3 -4 4 -6 -7
leaf_value=0.034326329329577743 -0.038129453903021249 -2.2481759931170878e-05 0.011548108931427957 0.014294852655852633 -0.0037825155549422356 0.014106151219459706
leaf_weight=2.593243181705474 8.3006621822714823 105.31749395281076 8.413813751190899 24.319094752892852 217.17595524434 52.653546050190926
leaf_count=8 31 321 33 95 1345 152
internal_value=0.000325278 0.000113416 -0.0131225 0.000667235 -0.00196208 0.00468675
internal_weight=418.774 416.181 16.7145 399.466 241.495 157.971
internal_count=1985 1977 64 1913 1440 473
is_linear=0
shrinkage=0.05


Tree=347
num_leaves=7
num_cat=0
split_feature=2 6 6 1 7 2
split_gain=3.02751 2.10864 9.35293 5.71684 4.30079 3.85904
threshold=0.53960278538607809 42.850000000000023 35.700000000000024 0.26831255668860582 0.32456250000000003 -0.68521161661132479
decision_type=2 2 2 2 2 2
left_child=1 2 5 4 -3 -1
right_child=-2 3 -4 -5 -6 -7
leaf_value=0.0067043533757184725 -0.027833050615908173 -0.061876996028022435 0.061000777685498601 0.00048907633079285173 -0.0012479017974918692 -0.008901734266328773
leaf_weight=104.74832999426872 9.8891966696828586 7.4817510945722443 6.7094019148498765 43.127969658467919 4.8025806937366724 63.702575459610671
leaf_count=312 624 45 28 475 36 465
internal_value=-0.000742779 0.000419116 0.0031085 -0.00808211 -0.0381739 0.000802646
internal_weight=240.462 230.573 175.16 55.4123 12.2843 168.451
internal_count=1985 1361 805 556 81 777
is_linear=0
shrinkage=0.05


Tree=348
num_leaves=7
num_cat=0
split_feature=6 6 6 3 3 1
split_gain=1.82253 4.66723 3.18142 3.44612 2.77007 2.38065
threshold=140.00000000000003 229.75000000000003 208.95000000000005 0.65696600717077469 0.86177870069273699 0.7994551950114156
decision_type=2 2 2 2 2 2
left_child=-1 2 4 -4 -2 -3
right_child=1 5 3 -5 -6 -7
leaf_value=-0.0027671889514762401 0.0071997985716322696 -0.00079795030081815279 0.085920757129731976 0.013016938286629687 0.051552965836041992 -0.037886062172894884
leaf_weight=220.55521059222519 31.193895172327757 52.791483020409942 3.3187753260135642 3.1685101017355919 3.9681349471211425 4.7130818217992774
leaf_count=1471 157 262 24 18 34 19
internal_value=-0.00023599 0.00539434 0.0181409 0.0503132 0.0122052 -0.0038377
internal_weight=319.709 99.1539 41.6493 6.48729 35.162 57.5046
internal_count=1985 514 233 42 191 281
is_linear=0
shrinkage=0.05


Tree=349
num_leaves=7
num_cat=0
split_feature=5 9 1 4 1 1
split_gain=1.16331 4.09891 3.07569 2.09563 2.01919 5.72204
threshold=141.05941891620563 7.0000000000000009 0.46480530128398151 -0.019761888273119695 0.46186181085890887 0.55107038403362452
decision_type=2 2 2 2 2 2
left_child=4 -2 3 -3 -1 -6
right_child=1 2 -4 -5 5 -7
leaf_value=-0.0039259598357545443 -0.014017199903572456 0.019752849145856302 -0.0065759626231410243 0.057142013322013241 0.017856622532656317 -0.0021561551687671121
leaf_weight=204.20935004204512 12.610600702464579 10.331024363636972 6.883226227015256 5.8811285570263889 49.263983428478241 129.88756865076721
leaf_count=873 78 33 40 24 265 672
internal_value=0.00027683 0.0089088 0.0214269 0.0333162 -0.000527146 0.00334706
internal_weight=419.067 35.706 23.0954 16.2122 383.361 179.152
internal_count=1985 175 97 57 1810 937
is_linear=0
shrinkage=0.05


Tree=350
num_leaves=7
num_cat=0
split_feature=8 9 9 8 8 8
split_gain=1.113 1.16849 4.51112 5.46762 5.13708 3.3738
threshold=-3.4920099330090113 17.500000000000004 16.500000000000004 -0.15050334799406104 -1.6404898028730155 -0.58518977555545015
decision_type=2 2 2 2 2 2
left_child=-1 2 4 -4 -2 -3
right_child=1 5 3 -5 -6 -7
leaf_value=0.032790840707054847 -0.027818421029766643 0.016570694057865463 -0.00049088829131995089 -0.049825591617776603 0.001831142864924337 -0.002590464440598161
leaf_weight=2.6206879615783683 15.409788008779286 37.813674045726657 12.389186065644028 10.272784063592551 281.11818417347968 58.534136690199375
leaf_count=8 65 148 45 73 1314 332
internal_value=0.000308651 0.000103795 -0.00135292 -0.0228546 0.000290332 0.00492973
internal_weight=418.158 415.538 319.19 22.662 296.528 96.3478
internal_count=1985 1977 1497 118 1379 480
is_linear=0
shrinkage=0.05


Tree=351
num_leaves=7
num_cat=0
split_feature=5 4 6 8 9 8
split_gain=2.98323 5.118 8.25879 5.39486 3.64308 3.50555
threshold=-31.376084059372385 0.00087797759563505013 64.650000000000006 -1.4121622194296493 3.5000000000000004 0.62752962152101188
decision_type=2 2 2 2 2 2
left_child=5 -2 4 -4 -3 -1
right_child=1 2 3 -5 -6 -7
leaf_value=0.0012133000830648198 -0.025852908083830662 -0.0057752430198807526 0.051922731602988707 -0.032379643240663655 0.051693990707852071 0.042977724049947263
leaf_weight=177.80886188521981 28.151567158056423 4.0009266375564065 2.2138603851199159 13.291163792368021 8.8741611696314049 5.1704925461672238
leaf_count=769 560 74 18 441 76 47
internal_value=-0.000708224 -0.0107476 0.0042361 -0.0203427 0.0338355 0.00239345
internal_weight=239.511 56.5317 28.3801 15.505 12.8751 182.979
internal_count=1985 1169 609 459 150 816
is_linear=0
shrinkage=0.05


Tree=352
num_leaves=7
num_cat=0
split_feature=2 6 7 6 4 8
split_gain=1.78619 4.22064 4.44977 5.11353 3.98492 3.41339
threshold=0.27073336158862921 9.4499999999999869 0.33356250000000004 222.75000000000003 0.066046574681674713 1.160883348815575
decision_type=2 2 2 2 2 2
left_child=5 -2 4 -4 -3 -1
right_child=1 2 3 -5 -6 -7
leaf_value=-0.0058305546211205872 0.016588493170607684 -0.0060545692545424922 0.020774574558109989 -0.0080614073977111952 -0.044192646577188945 0.017664805665980415
leaf_weight=160.34345817565918 45.130302473902702 26.206723265349865 30.446227863430977 31.056435413658619 9.2726778760552389 17.107601024210453
leaf_count=1087 301 134 193 148 32 90
internal_value=-0.000220147 0.003957 -0.00192103 0.00621353 -0.0160221 -0.00356543
internal_weight=319.563 142.112 96.9821 61.5027 35.4794 177.451
internal_count=1985 808 507 341 166 1177
is_linear=0
shrinkage=0.05


Tree=353
num_leaves=7
num_cat=0
split_feature=1 9 7 1 4 2
split_gain=1.15239 1.72192 1.59319 2.18525 5.24737 4.55105
threshold=0.19093133786191602 10.500000000000002 0.074718750000000014 0.25532916312040527 -0.069735260322172685 -0.47875686765969516
decision_type=2 2 2 2 2 2
left_child=1 -1 -2 5 -5 -4
right_child=2 -3 3 4 -6 -7
leaf_value=0.012782453191314522 -0.023272144346328346 -0.043025435693045025 -0.0052718459562076814 -0.016155532020329474 0.0018874216157368962 0.022916450671866147
leaf_weight=2.2329880632460108 6.8915272317826739 3.6275526005774736 26.452025944367051 46.502303810790181 301.95061853155494 31.218023046851158
leaf_count=17 31 39 121 198 1481 98
internal_value=0.000254681 -0.0217615 0.000567083 0.000971612 -0.000520476 0.00998708
internal_weight=418.875 5.86054 413.014 406.123 348.453 57.67
internal_count=1985 56 1929 1898 1679 219
is_linear=0
shrinkage=0.05


Tree=354
num_leaves=7
num_cat=0
split_feature=2 4 3 6 6 6
split_gain=1.08467 4.1865 2.98026 3.58958 1.85566 3.91147
threshold=0.68129720146919071 -0.12049095342609382 0.52738103958563964 18.549999999999979 238.75000000000003 214.45000000000005
decision_type=2 2 2 2 2 2
left_child=4 -2 -3 -4 5 -1
right_child=1 2 3 -5 -6 -7
leaf_value=0.00057570492721595963 0.051394233148249459 0.050278837549072454 -0.041391447122082849 -0.0049540508056683565 0.01086620415311379 -0.038965285984537468
leaf_weight=333.0087965708226 2.7342912554740897 1.7612171433866013 9.9255060283467191 21.187195240519941 42.930897943675518 6.374103218317031
leaf_count=1238 14 7 213 302 175 36
internal_value=0.000294618 -0.00805193 -0.0129964 -0.0165782 0.001072 -0.000166932
internal_weight=417.922 35.6082 32.8739 31.1127 382.314 339.383
internal_count=1985 536 522 515 1449 1274
is_linear=0
shrinkage=0.05


Tree=355
num_leaves=7
num_cat=0
split_feature=5 7 1 1 9 4
split_gain=2.89874 2.379 2.84417 5.09447 4.56002 2.36167
threshold=19.09613537232887 0.074718750000000014 0.28720001167565917 0.46186181085890887 13.500000000000002 -0.0077255593251745495
decision_type=2 2 2 2 2 2
left_child=1 5 4 -4 -3 -1
right_child=-2 2 3 -5 -6 -7
leaf_value=0.033284003192088345 -0.02427379615029357 -0.0049383837898035214 0.012612412161362564 -0.0065806406817907033 -0.048430074090501818 -0.0040083192426871592
leaf_weight=10.529820431023838 12.333096650196238 63.959705681540072 71.21895880671218 67.19456277647987 6.6538922050967804 7.1133753675967446
leaf_count=30 566 216 394 714 43 22
internal_value=-0.000667169 0.000617264 -0.000870923 0.00329491 -0.00903659 0.0182485
internal_weight=239.003 226.67 209.027 138.414 70.6136 17.6432
internal_count=1985 1419 1367 1108 259 52
is_linear=0
shrinkage=0.05


Tree=356
num_leaves=7
num_cat=0
split_feature=4 4 7 7 7 5
split_gain=1.75836 2.18232 2.50534 5.06344 3.17011 1.98295
threshold=-0.20692615216410695 -0.040096182450766141 0.40815625 0.47437500000000005 0.30162499999999998 47.203972683064706
decision_type=2 2 2 2 2 2
left_child=-1 2 4 -4 -2 -3
right_child=1 5 3 -5 -6 -7
leaf_value=0.03137487693574275 -0.0066484291338051865 -0.00059682192523848802 0.040538817404712574 -0.030969953225476909 -0.03570140995853574 0.010766748623581061
leaf_weight=4.3440956659615031 53.857514897361398 190.22493427339941 6.7760979253798705 3.9004963636398315 11.37179123982787 48.097176600247622
leaf_count=32 365 1175 44 17 54 298
internal_value=-0.000218302 -0.000655067 -0.00803837 0.0144144 -0.0117134 0.00169653
internal_weight=318.572 314.228 75.9059 10.6766 65.2293 238.322
internal_count=1985 1953 480 61 419 1473
is_linear=0
shrinkage=0.05


Tree=357
num_leaves=7
num_cat=0
split_feature=6 1 5 9 1 1
split_gain=1.21589 4.41889 3.41888 2.49994 2.2533 6.63798
threshold=0.10000000000000712 0.24291695070695582 11.222240821336905 21.500000000000004 0.29326317967725418 0.42804646507307825
decision_type=2 2 2 2 2 2
left_child=1 -1 3 -3 -2 -6
right_child=4 2 -4 -5 5 -7
leaf_value=-0.031170471529196976 0.0060665573743027392 0.0019799639194332842 0.038570573399532133 0.036921781651928408 -0.016029634500047598 0.0017112505975887455
leaf_weight=7.1014498062431803 86.144247189164162 48.775306411087513 9.2191705331206304 5.7191489674150935 73.237290356308222 188.26383914984763
leaf_count=35 359 226 39 31 306 989
internal_value=0.000269479 0.00624115 0.010411 0.00564708 -0.000946946 -0.00325735
internal_weight=418.46 70.8151 63.7136 54.4945 347.645 261.501
internal_count=1985 331 296 257 1654 1295
is_linear=0
shrinkage=0.05


Tree=358
num_leaves=7
num_cat=0
split_feature=1 8 4 9 8 6
split_gain=1.07139 1.66648 3.82086 3.78679 2.98595 4.11239
threshold=0.78380978922095312 0.33581432438442022 0.15287502696747715 16.500000000000004 0.14042493522769772 131.90000000000003
decision_type=2 2 2 2 2 2
left_child=1 4 3 -3 5 -1
right_child=-2 2 -4 -5 -6 -7
leaf_value=0.0024834238525208198 0.019934822875754821 -0.0032511318748960401 0.023883739898249632 -0.027536960875510844 0.020145121780189575 -0.016871975959554832
leaf_weight=260.15503856912255 6.8156078569591036 68.339750004932284 9.8328649848699552 20.978333703242242 20.589443658478558 30.679150018841028
leaf_count=1014 42 443 57 184 110 135
internal_value=0.000273333 -5.30508e-05 -0.00569854 -0.0089552 0.00174436 0.000441686
internal_weight=417.39 410.575 99.1509 89.3181 311.424 290.834
internal_count=1985 1943 684 627 1259 1149
is_linear=0
shrinkage=0.05


Tree=359
num_leaves=7
num_cat=0
split_feature=5 6 6 5 7 4
split_gain=2.73634 2.36934 7.21348 5.13578 5.27114 2.74754
threshold=19.09613537232887 2.0000000000000022 11.550000000000017 -55.78243991136646 0.27600000000000008 -0.052187504123497687
decision_type=2 2 2 2 2 2
left_child=1 3 -3 4 -1 -4
right_child=-2 2 5 -5 -6 -7
leaf_value=0.0014609079080393841 -0.023861659046325326 0.022564194111627096 -0.02419608341782864 -0.048583765569014489 -0.041424774633964885 0.00068728008557339133
leaf_weight=82.096452408935875 12.064580247271804 40.263789049815387 12.966694948729126 6.416160373017191 7.8501978004351249 76.787707050330937
leaf_count=340 566 182 122 64 84 627
internal_value=-0.000659723 0.000576784 0.00498047 -0.00536492 -0.00228199 -0.00290759
internal_weight=238.446 226.381 130.018 96.3628 89.9467 89.7544
internal_count=1985 1419 931 488 424 749
is_linear=0
shrinkage=0.05


Tree=360
num_leaves=7
num_cat=0
split_feature=1 5 4 1 7 1
split_gain=1.77376 2.50134 2.32829 2.6389 2.44203 2.0217
threshold=0.39403838317974277 -22.370651391453979 0.041417857701868101 0.29326317967725418 0.42646875000000006 0.42804646507307825
decision_type=2 2 2 2 2 2
left_child=1 -1 3 -3 -4 -2
right_child=5 2 4 -5 -6 -7
leaf_value=-0.014091988214027698 0.019326466157155119 0.007252011552728338 0.044549429436059003 -0.018834067941944643 0.00052051226018783275 0.00094534891622870233
leaf_weight=47.204947108402848 16.149332316592336 22.065194342285395 5.7416495457291585 17.2931127846241 6.9752424582839012 203.0204120464623
leaf_count=432 120 139 36 87 34 1137
internal_value=-0.000211781 -0.0057562 0.0018 -0.0042096 0.0203995 0.00229975
internal_weight=318.45 99.2801 52.0752 39.3583 12.7169 219.17
internal_count=1985 728 296 226 70 1257
is_linear=0
shrinkage=0.05


Tree=361
num_leaves=7
num_cat=0
split_feature=4 7 4 8 7 8
split_gain=1.15217 3.1173 4.26847 2.35242 2.22316 1.81041
threshold=0.13904813397743396 0.46506249999999999 0.19440369809374833 -1.0000000180025095e-35 0.49156250000000001 1.0000000180025095e-35
decision_type=2 2 2 2 2 2
left_child=4 2 3 -2 5 -1
right_child=1 -3 -4 -5 -6 -7
leaf_value=0.0029478831612528072 -0.048350579226998376 -0.045476526599323233 0.025570444011366905 -0.0013752119345586547 0.02218446498271532 -0.004128051797468545
leaf_weight=235.50395920686424 4.7386873289942768 5.0076006539165965 8.3960980474948865 6.0905002243816879 11.891727097332476 146.70918962731957
leaf_count=1020 30 46 39 32 49 769
internal_value=0.000243574 -0.0103384 -0.00118604 -0.0219309 0.000894246 0.000231847
internal_weight=418.338 24.2329 19.2253 10.8292 394.105 382.213
internal_count=1985 147 101 62 1838 1789
is_linear=0
shrinkage=0.05


Tree=362
num_leaves=7
num_cat=0
split_feature=2 4 6 6 1 8
split_gain=1.02528 3.93885 2.71578 6.70224 1.99521 1.66709
threshold=0.68129720146919071 -0.12049095342609382 4.2000000000000215 29.650000000000023 0.75890547429804489 0.33581432438442022
decision_type=2 2 2 2 2 2
left_child=4 -2 -3 -4 5 -1
right_child=1 2 3 -5 -6 -7
leaf_value=0.0022895106350917052 0.0495114685754958 -0.041154361177494561 0.038124254457053953 -0.020325760319279226 0.02689510858339941 -0.0057466692398463175
leaf_weight=291.70094656571746 2.754297509789466 6.6892437813803545 6.5859341640025404 19.209501005709171 7.3055301010608664 82.869582643732429
leaf_count=1007 14 156 84 282 25 417
internal_value=0.000263297 -0.00789711 -0.0127646 -0.00540266 0.00101633 0.000511595
internal_weight=417.115 35.239 32.4847 25.7954 381.876 374.571
internal_count=1985 536 522 366 1449 1424
is_linear=0
shrinkage=0.05


Tree=363
num_leaves=7
num_cat=0
split_feature=6 7 5 1 5 6
split_gain=2.61007 5.07622 5.67857 2.83241 6.6461 3.67306
threshold=155.45000000000005 0.31634375000000003 -41.204054562506109 0.68969497228308407 -23.185530834066057 91.700000000000003
decision_type=2 2 2 2 2 2
left_child=3 -2 -3 -1 5 -5
right_child=1 2 -4 4 -6 -7
leaf_value=-0.00040429811704531174 0.11099086605774 0.044460580991140669 -0.042112291189262296 0.020340138696762849 -0.039904409173219031 0.097785550605138938
leaf_weight=214.73627634951845 0.69148594327270885 2.2679662462323895 11.492023572092874 3.2565252240747213 2.5028152631130052 2.8894295925274491
leaf_count=1395 11 12 449 28 74 16
internal_value=-0.000606635 -0.0212 -0.0278431 0.000725616 0.0287797 0.05675
internal_weight=237.837 14.4515 13.76 223.385 8.64877 6.14595
internal_count=1985 472 461 1513 118 44
is_linear=0
shrinkage=0.05


Tree=364
num_leaves=7
num_cat=0
split_feature=2 4 8 9 4 4
split_gain=1.73848 1.72622 1.55713 2.07629 1.58757 1.69125
threshold=-1.3445099235839837 0.0026011925822499002 3.0626613987034101 19.000000000000004 -0.20692615216410695 -0.040096182450766141
decision_type=2 2 2 2 2 2
left_child=1 -1 4 -4 -2 -6
right_child=2 -3 3 -5 5 -7
leaf_value=-0.032979907396560711 0.029844999884677554 0.0011359797330448142 0.052772163239645009 -0.0059357696363483443 -0.0070641197555946682 0.0017812706339371178
leaf_weight=7.8783509945496899 4.4097172394394866 7.0043876618146896 3.2624129578471175 2.7973970398306847 71.523094043135643 221.07591861579567
leaf_count=153 32 71 28 20 414 1267
internal_value=-0.000239515 -0.0169237 0.00057979 0.0256708 6.78645e-05 -0.000380902
internal_weight=317.951 14.8827 303.069 6.05981 297.009 292.599
internal_count=1985 224 1761 48 1713 1681
is_linear=0
shrinkage=0.05


Tree=365
num_leaves=6
num_cat=0
split_feature=6 6 2 2 5
split_gain=1.29406 1.58107 1.88943 2.24021 0.695917
threshold=480.85000000000008 442.50000000000006 -2.2727456509388326 -1.9583759115827168 -17.405176439974451
decision_type=2 2 2 2 2
left_child=1 2 4 -4 -1
right_child=-2 -3 3 -5 -6
leaf_value=-0.0088631644107782792 -0.028736434855564652 0.030423557555877924 0.032047115189859442 0.00013404815019762485 -0.045728188285731816
leaf_weight=2.2620724905282259 3.8177639991044989 4.3699386715888968 5.5759200975298873 399.19313441775739 2.9492257907986632
leaf_count=33 25 15 40 1858 14
internal_value=0.000240409 0.000507398 0.000188525 0.000573668 -0.0297262
internal_weight=418.168 414.35 409.98 404.769 5.2113
internal_count=1985 1960 1945 1898 47
is_linear=0
shrinkage=0.05


Tree=366
num_leaves=7
num_cat=0
split_feature=1 3 3 4 9 6
split_gain=1.04518 1.64382 4.9311 5.87091 4.00867 4.65271
threshold=0.78380978922095312 0.57578394857659998 0.52395561214046471 -0.04175771842340089 14.500000000000002 453.30000000000001
decision_type=2 2 2 2 2 2
left_child=1 2 -1 -4 5 -3
right_child=-2 4 3 -5 -6 -7
leaf_value=-1.1903689100640426e-06 0.019687880089641018 -0.025438779406898662 0.066349165508734473 0.0059651522287824006 0.0026181457979811192 0.066083503287320239
leaf_weight=317.1048418879509 6.8050607107579699 28.420600345358256 6.1974810212850597 11.48486947827041 45.374459023587406 1.4599839933216561
leaf_count=1038 42 420 32 73 374 6
internal_value=0.000253327 -6.92084e-05 0.00143174 0.0271291 -0.00674649 -0.0209669
internal_weight=416.847 410.042 334.787 17.6824 75.255 29.8806
internal_count=1985 1943 1143 105 800 426
is_linear=0
shrinkage=0.05


Tree=367
num_leaves=7
num_cat=0
split_feature=2 3 9 1 5 3
split_gain=2.74131 2.10908 8.3241 2.97404 7.43362 4.15382
threshold=0.53960278538607809 0.69423573917871251 19.000000000000004 0.68969497228308407 -21.088282012379707 0.41320242561693238
decision_type=2 2 2 2 2 2
left_child=1 3 -3 5 -5 -1
right_child=-2 2 -4 4 -6 -7
leaf_value=0.0011254262072056523 -0.027141144530353534 -0.039308865436218088 0.10926159935118995 0.060545777540578383 -0.039627108539940926 -0.021636356593142798
leaf_weight=193.57741809962317 9.3103806695435178 1.8213355629704886 1.9544955622404812 5.8479321915656328 2.7103384356014413 22.358680219622329
leaf_count=763 624 60 8 26 74 430
internal_value=-0.000547083 0.0005376 0.0375961 -8.56973e-05 0.0288218 -0.0012314
internal_weight=237.581 228.27 3.77583 224.494 8.55827 215.936
internal_count=1985 1361 68 1293 100 1193
is_linear=0
shrinkage=0.05


Tree=368
num_leaves=7
num_cat=0
split_feature=1 1 2 8 1 4
split_gain=1.67938 3.22503 2.79699 2.05847 1.8029 2.48215
threshold=0.46480530128398151 0.45730138135984427 -0.56513437750547901 0.82295381393605782 0.52283059789613107 0.010733441750048402
decision_type=2 2 2 2 2 2
left_child=1 2 3 -1 -2 -6
right_child=4 -3 -4 -5 5 -7
leaf_value=-0.019965504113103088 0.014762445545410636 -0.037340366003745719 0.0014380549745083915 0.021537822311085905 -0.005637229259789594 0.0072606780633959677
leaf_weight=28.280213908292357 27.498413242399693 7.0265686139464369 102.0604782961309 3.3404689580202094 74.394436547532678 74.813569910824299
leaf_count=354 192 32 574 24 407 402
internal_value=-0.000247392 -0.00432306 -0.0025876 -0.015581 0.00299798 0.00082984
internal_weight=317.414 140.708 133.681 31.6207 176.706 149.208
internal_count=1985 984 952 378 1001 809
is_linear=0
shrinkage=0.05


Tree=369
num_leaves=7
num_cat=0
split_feature=3 2 3 2 2 6
split_gain=1.16144 4.00303 6.27408 4.77776 3.52195 6.2939
threshold=0.39401234014669356 0.10240297168952765 0.38244032641904163 -0.19311289446283589 0.029210917329977801 181.95000000000005
decision_type=2 2 2 2 2 2
left_child=1 2 3 -1 5 -2
right_child=4 -3 -4 -5 -6 -7
leaf_value=-0.00025823643781686502 0.016693884888899339 0.039347017963008171 -0.05889716479303822 -0.034396433744564456 -0.0018926365171008899 -0.021663637330853795
leaf_weight=156.88324943371117 70.230136409401894 5.4576131328940383 5.0785901769995681 10.965401943773029 156.75838761590421 12.615520484745501
leaf_count=674 211 15 18 44 965 58
internal_value=0.00024013 -0.00281446 -0.00414509 -0.00248845 0.00251427 0.0108529
internal_weight=417.989 178.385 172.927 167.849 239.604 82.8457
internal_count=1985 751 736 718 1234 269
is_linear=0
shrinkage=0.05


Tree=370
num_leaves=7
num_cat=0
split_feature=5 5 1 4 5 1
split_gain=1.01523 5.7274 6.45458 2.26795 2.15231 2.69144
threshold=-91.943618182734483 -80.762440640842854 0.31902644269477015 -0.054214616566166544 -55.78243991136646 0.30986321932722588
decision_type=2 2 2 2 2 2
left_child=-1 2 -2 -4 5 -3
right_child=1 4 3 -5 -6 -7
leaf_value=-0.0046317642684854934 0.04448395531543245 -0.00073610403510199207 -0.045664322800683887 0.0078589864952396116 0.0011925071813279754 -0.028009845706251164
leaf_weight=84.787936368957162 15.454051632434131 22.815468883141875 2.7940858881920576 6.7862285831943137 268.84319013077766 14.987640374340115
leaf_count=346 42 77 16 40 1379 85
internal_value=0.00025088 0.00149904 0.0244943 -0.00775101 -0.000378281 -0.0115492
internal_weight=416.469 331.681 25.0344 9.58031 306.646 37.8031
internal_count=1985 1639 98 56 1541 162
is_linear=0
shrinkage=0.05


Tree=371
num_leaves=7
num_cat=0
split_feature=2 3 1 3 4 0
split_gain=2.65477 2.55472 14.1056 2.65396 5.5688 3.55217
threshold=0.92217806651388912 0.75093826404383068 0.34503951920478521 0.39401234014669356 0.14228274756336778 1.5000000000000002
decision_type=2 2 2 2 2 2
left_child=1 3 -3 5 -5 -1
right_child=-2 2 -4 4 -6 -7
leaf_value=0.025410316614043433 -0.038428058160983616 0.15685501451507125 -0.038747421639053536 -0.021798751973611769 0.035561409321924468 -0.00015517076016013532
leaf_weight=14.696291802451013 4.5333180967718354 1.5528359394520515 2.2676460226066411 28.883876243140548 4.9576481096446505 180.01943769538775
leaf_count=92 376 9 135 663 51 659
internal_value=-0.000533237 0.00020603 0.0407552 -0.000471776 -0.0133957 0.0017744
internal_weight=236.911 232.378 3.82048 228.557 33.8415 194.716
internal_count=1985 1609 144 1465 714 751
is_linear=0
shrinkage=0.05


Tree=372
num_leaves=7
num_cat=0
split_feature=3 8 4 6 9 8
split_gain=1.62135 1.8456 2.06641 1.60714 1.52663 1.41814
threshold=0.061422303696677956 -2.4870959827812156 -0.20692615216410695 25.200000000000006 13.500000000000002 3.0626613987034101
decision_type=2 2 2 2 2 2
left_child=3 -2 -3 -1 -5 -4
right_child=1 2 5 4 -6 -7
leaf_value=-0.038788976672990562 0.042807908529893093 0.03566562383205036 -0.00085213492090165728 0.021288995540152577 -0.023118555256019233 0.023471204943464025
leaf_weight=5.2797944545745832 2.554955292493104 4.0365962386131278 290.84731221012771 3.5266362223774195 4.2891720272600651 6.1186298169195643
leaf_count=124 21 27 1684 39 42 48
internal_value=-0.000251911 0.00049121 0.000132019 -0.0174775 -0.00308105 -0.000350981
internal_weight=316.653 303.557 301.003 13.0956 7.81581 296.966
internal_count=1985 1780 1759 205 81 1732
is_linear=0
shrinkage=0.05


Tree=373
num_leaves=7
num_cat=0
split_feature=6 6 3 1 7 6
split_gain=1.11897 5.00372 5.71765 5.0462 4.74686 4.43587
threshold=75.65000000000002 90.350000000000009 0.54857460339970254 0.6509911020724598 0.37084375000000008 265.9500000000001
decision_type=2 2 2 2 2 2
left_child=4 2 -2 -3 -1 -5
right_child=1 3 -4 5 -6 -7
leaf_value=-0.00083743369372496739 0.0091630173239155548 0.0073012718795085405 0.070758223623049885 -0.024079672063829105 -0.051037216487133601 0.0075529228484267526
leaf_weight=255.17520793154836 11.714343830943109 92.138675533235073 5.5538232550024977 30.756048653274775 4.797689087688922 17.326193157583475
leaf_count=1226 43 400 23 168 27 98
internal_value=0.000250949 0.00357685 0.0289734 0.000449272 -0.00176385 -0.012681
internal_weight=417.462 157.489 17.2682 140.221 259.973 48.0822
internal_count=1985 732 66 666 1253 266
is_linear=0
shrinkage=0.05


Tree=374
num_leaves=7
num_cat=0
split_feature=2 5 8 8 6 8
split_gain=0.995325 2.97789 2.57578 6.12942 2.51558 3.0952
threshold=-0.25031468895647896 167.22701008877104 1.4797008518928998 1.160883348815575 302.00000000000006 0.5138996727740236
decision_type=2 2 2 2 2 2
left_child=4 2 3 -2 -1 -6
right_child=1 -3 -4 -5 5 -7
leaf_value=0.00096493433522407883 -0.0024407103394684161 -0.031379988994270518 -0.041870573135185635 0.04599045671568544 0.046721228488252636 0.00045561620298163562
leaf_weight=243.87147591263056 138.35510591231287 8.6581296650692803 3.7969810254871836 6.8567128740251055 6.8774364739656431 7.6208102852106094
leaf_count=761 940 105 73 59 21 26
internal_value=0.000257427 -0.00287324 -0.00121686 -0.000153854 0.00216788 0.0224023
internal_weight=416.037 157.667 149.009 145.212 258.37 14.4982
internal_count=1985 1177 1072 999 808 47
is_linear=0
shrinkage=0.05


Tree=375
num_leaves=7
num_cat=0
split_feature=5 7 6 4 6 4
split_gain=2.45958 2.21813 2.26561 5.15292 4.89435 2.1738
threshold=19.09613537232887 0.074718750000000014 2.0000000000000022 -0.054214616566166544 11.550000000000017 -0.0077255593251745495
decision_type=2 2 2 2 2 2
left_child=1 5 3 -3 -4 -1
right_child=-2 2 4 -5 -6 -7
leaf_value=0.032202470193445736 -0.023083869603261191 0.015691327273041591 0.019263562338559786 -0.013791214504181949 -0.0028379263196121975 -0.0036682785425014627
leaf_weight=10.429208450019361 11.528044623788444 19.144494011066854 35.123551573138684 65.618392718490213 87.331131599843502 7.0980863608419886
leaf_count=30 566 92 169 362 744 22
internal_value=-0.000559069 0.000596317 -0.000848333 -0.00713231 0.00350142 0.0176758
internal_weight=236.273 224.745 207.218 84.7629 122.455 17.5273
internal_count=1985 1419 1367 454 913 52
is_linear=0
shrinkage=0.05


Tree=376
num_leaves=7
num_cat=0
split_feature=7 2 8 8 4 8
split_gain=1.54641 2.02219 4.68584 3.3087 2.87537 2.01909
threshold=0.20706249999999998 0.040581703735724658 -0.39280912024873754 -1.2727536326745705 -0.017407134672779496 3.0626613987034101
decision_type=2 2 2 2 2 2
left_child=1 3 -3 -1 -4 -2
right_child=5 2 4 -5 -6 -7
leaf_value=0.034783768437699744 0.00055473136104797281 -0.021252247710040129 -0.002120314920480551 -0.029958059146440653 0.04926595892987156 0.034443836855557713
leaf_weight=2.25609306059778 271.22145006526262 11.790438506752254 5.3088073804974556 15.752604375593362 5.5876044016331416 4.4675620533525935
leaf_count=27 1610 54 27 189 38 40
internal_value=-0.000239133 -0.00933746 0.000592811 -0.0218473 0.0242302 0.00110391
internal_weight=316.385 40.6955 22.6869 18.0087 10.8964 275.689
internal_count=1985 335 119 216 65 1650
is_linear=0
shrinkage=0.05


Tree=377
num_leaves=7
num_cat=0
split_feature=5 9 3 2 2 5
split_gain=1.12464 3.30362 3.52231 4.05949 3.07914 5.04952
threshold=-30.150721943966555 2.5000000000000004 0.24853224454325337 -0.62972615890769268 1.303497019865085 -88.294235654596818
decision_type=2 2 2 2 2 2
left_child=1 2 -1 -4 -3 -6
right_child=-2 4 3 -5 5 -7
leaf_value=-0.026374734687680257 0.0024319890468144749 -0.0079076936184737604 0.052536249557083074 0.007840035558801103 0.077870997120778357 -0.018105234493837313
leaf_weight=5.4699909444898358 243.73175585642457 131.76703334785998 6.4202242195606258 24.337031573057175 2.7670035362243652 2.7152792960405341
leaf_count=58 1149 601 18 111 16 32
internal_value=0.000241885 -0.00283518 0.010595 0.0171699 -0.0063801 0.0303356
internal_weight=417.208 173.477 36.2272 30.7573 137.249 5.48228
internal_count=1985 836 187 129 649 48
is_linear=0
shrinkage=0.05


Tree=378
num_leaves=7
num_cat=0
split_feature=1 1 2 4 9 3
split_gain=1.00511 7.67156 3.54096 3.29474 2.70279 5.85165
threshold=0.49829253254921774 0.52504390278533164 -1.5791888275478272 0.10214879912115067 14.500000000000002 0.56612806179456532
decision_type=2 2 2 2 2 2
left_child=4 -2 -3 -4 5 -1
right_child=1 2 3 -5 -6 -7
leaf_value=0.0012055345487796349 -0.044079568673222005 0.026825760719972176 -0.0065656659284530523 0.013828263671282837 0.0096986536694179462 -0.032920680371168215
leaf_weight=178.10852596536279 10.596252799965439 11.358771301805971 96.260621310211718 24.93413345143199 80.87605532258749 13.514662766829131
leaf_count=566 88 36 604 161 307 223
internal_value=0.000251662 -0.0031407 0.000131934 -0.0023699 0.00203374 -0.00120129
internal_weight=415.649 143.15 132.554 121.195 272.499 191.623
internal_count=1985 889 801 765 1096 789
is_linear=0
shrinkage=0.05


Tree=379
num_leaves=7
num_cat=0
split_feature=2 6 7 5 1 5
split_gain=2.53334 2.1014 4.68822 5.50604 3.07361 4.11333
threshold=0.92217806651388912 155.45000000000005 0.31634375000000003 -41.204054562506109 0.68969497228308407 -32.946690567010087
decision_type=2 2 2 2 2 2
left_child=1 4 -3 -4 -1 -6
right_child=-2 2 3 -5 5 -7
leaf_value=0.00015770570519990049 -0.038395862171832773 0.10515912051575665 0.04516005510145385 -0.042335584089844017 0.071540123228236746 -0.00031158686125402489
leaf_weight=210.3951641835738 4.3405560662504277 0.71368187572806974 2.1900342963635913 10.04644716484472 3.5837874989956617 4.4841292584314925
leaf_count=1172 376 7 8 351 15 56
internal_value=-0.000550835 0.000159014 -0.0194106 -0.026676 0.00131907 0.0316051
internal_weight=235.754 231.413 12.9502 12.2365 218.463 8.06792
internal_count=1985 1609 366 359 1243 71
is_linear=0
shrinkage=0.05


Tree=380
num_leaves=7
num_cat=0
split_feature=1 2 9 6 6 7
split_gain=1.54263 2.28728 3.44055 3.38838 2.66141 5.07219
threshold=0.39403838317974277 0.012007828264730751 3.5000000000000004 100.95000000000002 17.999999999999989 0.33615625000000005
decision_type=2 2 2 2 2 2
left_child=1 4 -3 -4 -1 -6
right_child=-2 2 3 -5 5 -7
leaf_value=-0.028086897744200569 0.0021046162264444774 0.03667400355180598 -0.010019416396237997 0.024515597048642646 0.015174500522468602 -0.026414454108640108
leaf_weight=18.53113925550133 217.88565740734339 6.2732071354985228 34.609764574095607 8.936447471380232 15.974257795140149 13.549894753843544
leaf_count=267 1257 42 165 50 134 70
internal_value=-0.000237686 -0.00545205 0.00205495 -0.00293223 -0.0132346 -0.00391245
internal_weight=315.76 97.8747 49.8194 43.5462 48.0553 29.5242
internal_count=1985 728 257 215 471 204
is_linear=0
shrinkage=0.05


Tree=381
num_leaves=7
num_cat=0
split_feature=7 2 7 7 7 2
split_gain=1.58756 1.05663 2.76475 7.84726 3.59167 2.06362
threshold=0.069437500000000027 -1.1539228092308977 0.24362500000000001 0.20575000000000002 0.41318749999999999 -1.0448721859484864
decision_type=2 2 2 2 2 2
left_child=-1 2 3 -2 -4 -3
right_child=1 5 4 -5 -6 -7
leaf_value=-0.044021469716789358 -0.018057739003047173 0.021701961853767011 -0.023827161129038918 0.077835148112797709 0.010037263849431866 0.00065904269031871374
leaf_weight=2.0153661258518687 5.698242135345934 12.043080389499663 24.470404656603932 3.4103104472160339 11.51385275274515 357.73688288591802
leaf_count=25 46 40 177 16 39 1642
internal_value=0.00024816 0.000463213 -0.00676268 0.0178453 -0.0129916 0.00134437
internal_weight=416.888 414.873 45.0928 9.10855 35.9843 369.78
internal_count=1985 1960 278 62 216 1682
is_linear=0
shrinkage=0.05


Tree=382
num_leaves=7
num_cat=0
split_feature=5 5 1 8 6 1
split_gain=0.958692 5.27457 5.84307 2.33509 4.08601 7.30259
threshold=-91.943618182734483 -80.762440640842854 0.31902644269477015 -0.43009967105583641 0.099999999999999617 0.23372520263175486
decision_type=2 2 2 2 2 2
left_child=3 2 -2 -1 5 -5
right_child=1 -3 -4 4 -6 -7
leaf_value=0.0011169814838733465 0.0422985974633312 -0.00035849446752583234 -0.0074279635044651564 0.058061842252744411 -0.039089865988599051 -0.02065243663787909
leaf_weight=57.948220249265432 15.609395731240513 305.44691105186939 9.5045993458479625 4.0242223441600826 11.583874446339903 11.00258821249008
leaf_count=221 42 1541 56 10 47 68
internal_value=0.000237265 0.00145255 0.0234792 -0.00451356 -0.0167748 0.00042747
internal_weight=415.12 330.561 25.114 84.5589 26.6107 15.0268
internal_count=1985 1639 98 346 125 78
is_linear=0
shrinkage=0.05


Tree=383
num_leaves=7
num_cat=0
split_feature=2 3 1 3 4 0
split_gain=2.43012 2.35758 11.8587 2.4462 5.1066 3.27768
threshold=0.92217806651388912 0.75093826404383068 0.34503951920478521 0.39401234014669356 0.14228274756336778 1.5000000000000002
decision_type=2 2 2 2 2 2
left_child=1 3 -3 5 -5 -1
right_child=-2 2 -4 4 -6 -7
leaf_value=0.02417046249072359 -0.038360165476488385 0.13797430213758385 -0.038724103207832788 -0.021342235335373272 0.033314822467657899 -0.00024192077189589579
leaf_weight=14.893009516410528 4.1719335969537488 1.6938091097399586 2.1609550751745701 28.176688061328605 5.0374723649583748 179.07181652402505
leaf_count=92 376 9 135 663 51 659
internal_value=-0.000539512 0.000143441 0.0389184 -0.00051449 -0.0130526 0.00163251
internal_weight=235.206 231.034 3.85476 227.179 33.2142 193.965
internal_count=1985 1609 144 1465 714 751
is_linear=0
shrinkage=0.05


Tree=384
num_leaves=7
num_cat=0
split_feature=6 6 6 2 3 6
split_gain=1.48441 3.92108 2.81082 3.98598 2.96953 2.32472
threshold=140.00000000000003 229.75000000000003 208.95000000000005 0.70527799902035149 0.65696600717077469 136.35000000000005
decision_type=2 2 2 2 2 2
left_child=5 2 3 -2 -4 -1
right_child=1 -3 4 -5 -6 -7
leaf_value=-0.0018821913693167762 0.0018244894161163012 -0.0036470603031712036 0.078782285673357932 0.042372334539891005 0.011365531483840247 -0.04226193037856471
leaf_weight=212.95030168723315 27.034200269728899 57.117223819717765 3.4239518269896498 7.8124336153268805 3.1234430447220802 3.6250522360205641
leaf_count=1458 126 281 24 65 18 13
internal_value=-0.000243501 0.00484504 0.0165628 0.0109151 0.046621 -0.00255807
internal_weight=315.087 98.5113 41.394 34.8466 6.54739 216.575
internal_count=1985 514 233 191 42 1471
is_linear=0
shrinkage=0.05


Tree=385
num_leaves=7
num_cat=0
split_feature=1 9 1 4 8 7
split_gain=1.08022 1.61226 1.59508 2.38336 5.2083 2.00025
threshold=0.19093133786191602 10.500000000000002 0.21203990474869708 -0.076484718760137738 -1.2090830637093282 0.074718750000000014
decision_type=2 2 2 2 2 2
left_child=1 -1 -2 4 -4 -5
right_child=2 -3 3 5 -6 -7
leaf_value=0.01189845509593627 0.021202166618333289 -0.042708098269500422 0.036543772503052914 -0.02781546223237118 -0.015459603388016491 0.0020305239605780301
leaf_weight=2.2160027213394633 9.1339149847626668 3.4657665211707354 5.3794735167175523 5.7066931910812846 45.864187892526388 344.66024440154433
leaf_count=17 40 39 19 26 184 1660
internal_value=0.000241724 -0.0214105 0.000541235 7.13394e-05 -0.0100004 0.0015444
internal_weight=416.426 5.68177 410.745 401.611 51.2437 350.367
internal_count=1985 56 1929 1889 203 1686
is_linear=0
shrinkage=0.05


Tree=386
num_leaves=7
num_cat=0
split_feature=9 6 8 4 2 2
split_gain=0.955639 3.86803 5.87012 4.10449 4.27099 3.52301
threshold=17.500000000000004 1.399999999999993 -0.41116005690915519 -0.014998197690067949 -0.80111165843298371 -0.67328134378254745
decision_type=2 2 2 2 2 2
left_child=-1 3 -3 -2 -5 -4
right_child=1 2 5 4 -6 -7
leaf_value=-0.0010786113338053342 -0.022181731718301012 0.030769082076939881 0.028110344154711992 -0.020306908900427106 0.032198888069625002 -0.010454298304443143
leaf_weight=319.10033150948584 21.485023534856737 25.352453464642167 7.7680436819791785 6.4568563550710705 9.678694121539591 24.921077340841293
leaf_count=1505 102 89 24 20 56 189
internal_value=0.000235474 0.00461887 0.0127133 -0.00786938 0.011188 -0.00129003
internal_weight=414.762 95.6621 58.0416 37.6206 16.1356 32.6891
internal_count=1985 480 302 178 76 213
is_linear=0
shrinkage=0.05


Tree=387
num_leaves=7
num_cat=0
split_feature=2 4 4 2 0 1
split_gain=2.33818 2.19317 4.87123 2.58329 1.95481 4.3294
threshold=0.92217806651388912 -0.15984080310285254 -0.14168894026172488 -1.6435202251082124 2.5000000000000004 0.24528887709002614
decision_type=2 2 2 2 2 2
left_child=1 4 -3 -4 5 -1
right_child=-2 2 3 -5 -6 -7
leaf_value=0.05501987289718048 -0.038330170385167117 0.055648275614393145 0.012085835071448968 -0.002374203334497756 -0.049016167055980289 -0.04466444159898536
leaf_weight=1.923639789223669 4.0184463537298134 4.0189921599812797 37.252195035107434 180.76135018258356 4.2020594477653503 2.5110275382176042
leaf_count=6 376 16 139 1404 9 35
internal_value=-0.000518144 0.000140572 0.00110213 9.65981e-05 -0.0245792 -0.00142406
internal_weight=234.688 230.669 222.033 218.014 8.63673 4.43467
internal_count=1985 1609 1559 1543 50 41
is_linear=0
shrinkage=0.05


Tree=388
num_leaves=7
num_cat=0
split_feature=2 8 4 8 8 4
split_gain=1.45641 2.01959 1.66515 1.4546 4.0119 3.35837
threshold=-1.3445099235839837 -2.4870959827812156 0.0026011925822499002 1.0000000180025095e-35 0.38212533366004892 0.14588457706090516
decision_type=2 2 2 2 2 2
left_child=2 -2 -1 5 -5 -3
right_child=1 3 -4 4 -6 -7
leaf_value=-0.032461099003785826 0.04586976038710646 -0.0055742062078915355 0.0017643609638979122 0.018225449433859186 -0.00083474259630993337 0.028224603333637573
leaf_weight=7.3307872777804715 2.4331839084625235 129.31298630777746 6.8976571783423424 35.38603912293911 125.60294370353222 7.7925275266170493
leaf_count=153 19 824 71 211 665 42
internal_value=-0.000238222 0.000501829 -0.0158693 0.000131516 0.00335477 -0.00365322
internal_weight=314.756 300.528 14.2284 298.094 160.989 137.106
internal_count=1985 1761 224 1742 876 866
is_linear=0
shrinkage=0.05


Tree=389
num_leaves=7
num_cat=0
split_feature=6 1 3 3 7 7
split_gain=1.04595 4.56312 5.65513 6.20797 4.72518 4.52699
threshold=75.65000000000002 0.64923165381127002 0.82951526175739587 0.97295497049883584 0.34140625000000008 0.37084375000000008
decision_type=2 2 2 2 2 2
left_child=5 -2 4 -4 -3 -1
right_child=1 2 3 -5 -6 -7
leaf_value=-0.00082809873108756471 0.0094235997400183152 0.024296490307689569 0.054070814527623093 -0.025592322272487283 -0.023851890066003013 -0.050495476838425202
leaf_weight=254.19408809021115 105.37950559705496 5.9476890116929999 6.5259409509599191 3.9112511277198792 35.567752793431282 4.6721575856208792
leaf_count=1226 445 20 44 46 177 27
internal_value=0.000229574 0.00344474 -0.00868262 0.0242177 -0.0169539 -0.00172452
internal_weight=416.198 157.332 51.9526 10.4372 41.5154 258.866
internal_count=1985 732 287 90 197 1253
is_linear=0
shrinkage=0.05


Tree=390
num_leaves=7
num_cat=0
split_feature=9 6 8 4 2 5
split_gain=0.886861 3.59228 5.37668 3.84963 3.92256 3.38921
threshold=17.500000000000004 1.399999999999993 -0.41116005690915519 -0.014998197690067949 -0.80111165843298371 -27.61184039613881
decision_type=2 2 2 2 2 2
left_child=-1 3 5 -2 -5 -3
right_child=1 2 -4 4 -6 -7
leaf_value=-0.0010334070102511904 -0.021631437576518028 0.01330326936994336 -0.0012371637021097251 -0.019715902725382491 0.030734640461387297 0.050005236484637033
leaf_weight=318.86270054243505 21.220126023516059 14.333608416840436 32.548638395033777 6.3731430172920254 9.7425647601485235 11.209108769893644
leaf_count=1505 102 50 213 20 56 39
internal_value=0.000232145 0.00446089 0.0122381 -0.00763984 0.0107834 0.0294095
internal_weight=414.29 95.4272 58.0914 37.3358 16.1157 25.5427
internal_count=1985 480 302 178 76 89
is_linear=0
shrinkage=0.05


Tree=391
num_leaves=7
num_cat=0
split_feature=2 2 7 6 5 5
split_gain=2.24865 2.05711 2.70415 2.92055 1.27464 0.00805183
threshold=0.92217806651388912 -2.1839497393028418 0.46390625000000002 2.0000000000000022 -43.091312058610022 -26.499793125860322
decision_type=2 2 2 2 2 2
left_child=1 4 3 -3 -1 -4
right_child=-2 2 5 -5 -6 -7
leaf_value=0.033458487137008108 -0.038300102786272085 -0.0069917676688251319 -0.04285771467520709 0.0048281604928612949 -4.6837855383953887e-05 -0.038397146856036728
leaf_weight=7.2616961896419525 3.869070070097222 90.623515066923574 1.6069844244047997 123.45395987061784 4.6602660175412876 2.731152063002809
leaf_count=32 376 468 14 923 24 148
internal_value=-0.000498457 0.000136512 -0.000967436 -0.000175465 0.0203613 -0.0400495
internal_weight=234.207 230.338 218.416 214.077 11.922 4.33814
internal_count=1985 1609 1553 1391 56 162
is_linear=0
shrinkage=0.05


Tree=392
num_leaves=7
num_cat=0
split_feature=1 5 5 5 4 1
split_gain=1.37587 2.23189 2.07148 2.09389 2.04817 2.3451
threshold=0.39403838317974277 -22.370651391453979 -36.588548398983029 -43.637224262174911 0.041417857701868101 0.29326317967725418
decision_type=2 2 2 2 2 2
left_child=1 2 3 -1 5 -3
right_child=-2 4 -4 -5 -6 -7
leaf_value=-0.011269127128163057 0.0019885715280006265 0.0070614769408866122 -0.035101576458024003 0.035911748129075112 0.019439604650366833 -0.017758009668447365
leaf_weight=34.288987459614873 217.44585867971182 21.879250138998032 8.7475740667432529 2.5247483607381573 12.648433208465574 16.844712782651186
leaf_count=349 1257 139 56 27 70 87
internal_value=-0.000219906 -0.00517406 -0.0132304 -0.00803338 0.00197094 -0.00373486
internal_weight=314.38 96.9337 45.5613 36.8137 51.3724 38.724
internal_count=1985 728 432 376 296 226
is_linear=0
shrinkage=0.05


Tree=393
num_leaves=7
num_cat=0
split_feature=5 9 8 3 5 3
split_gain=1.05244 3.02094 3.34738 3.70125 2.85269 2.53449
threshold=-30.150721943966555 2.5000000000000004 0.032290374955889357 0.24853224454325337 -27.61184039613881 0.44110923534644514
decision_type=2 2 2 2 2 2
left_child=1 2 3 -1 -2 -6
right_child=4 -3 -4 -5 5 -7
leaf_value=-0.02422100841650357 0.031834090802147878 -0.0061679599752254436 -0.026211343258856674 0.023854861084030437 -0.0043323789114419232 0.0060857866886452608
leaf_weight=4.7310305740684298 7.9332048371434203 136.37388342060149 5.4027630612254134 26.031921248883009 107.02475809305906 128.43344102054834
leaf_count=52 30 649 41 94 378 741
internal_value=0.000226307 -0.0027609 0.0100865 0.0164613 0.00234393 0.00135033
internal_weight=415.931 172.54 36.1657 30.763 243.391 235.458
internal_count=1985 836 187 146 1149 1119
is_linear=0
shrinkage=0.05


Tree=394
num_leaves=7
num_cat=0
split_feature=1 3 3 4 3 9
split_gain=0.96258 1.3893 4.54503 5.24408 3.80721 3.85588
threshold=0.78380978922095312 0.57578394857659998 0.52395561214046471 -0.04175771842340089 0.59097139827976031 14.500000000000002
decision_type=2 2 2 2 2 2
left_child=1 2 -1 -4 -3 -6
right_child=-2 4 3 -5 5 -7
leaf_value=-9.0995562934195087e-05 0.018855093869189224 -0.050100162559299333 0.062383649244043486 0.0057189641547912822 -0.018188465827645196 0.0060315749661687661
leaf_weight=315.29476832598448 6.8254545219242564 4.6452296935021868 6.3353284783661392 11.484975626692174 26.806767899543047 42.463586705736816
leaf_count=1038 42 28 32 73 412 360
internal_value=0.000233726 -7.85341e-05 0.00129749 0.0258639 -0.00627985 -0.00334128
internal_weight=413.856 407.031 333.115 17.8203 73.9156 69.2704
internal_count=1985 1943 1143 105 800 772
is_linear=0
shrinkage=0.05


Tree=395
num_leaves=7
num_cat=0
split_feature=6 7 6 8 7 6
split_gain=2.18019 4.68735 3.43397 5.5887 5.14371 2.96958
threshold=73.950000000000003 0.37084375000000008 100.95000000000002 -1.1325896754640166 0.32618750000000002 138.85000000000005
decision_type=2 2 2 2 2 2
left_child=1 -1 -2 4 -4 -5
right_child=2 -3 3 5 -6 -7
leaf_value=0.00048366172492884962 -0.036815925391358084 0.056096018527513385 0.08990749617807979 0.010893866958272928 -0.0020103993428221604 -0.028502672892765125
leaf_weight=192.6131478601601 9.9212084938772005 3.8650314863771191 2.7751690167933729 7.3605138179846135 3.3705326388590038 13.66025661327876
leaf_count=1223 103 24 9 95 38 493
internal_value=-0.000521151 0.00157764 -0.0116399 -0.00244555 0.0394963 -0.0147078
internal_weight=233.566 196.478 37.0877 27.1665 6.1457 21.0208
internal_count=1985 1247 738 635 47 588
is_linear=0
shrinkage=0.05


Tree=396
num_leaves=7
num_cat=0
split_feature=2 9 6 5 2 5
split_gain=1.37183 2.46086 2.44519 1.61018 5.06953 4.75345
threshold=-1.089306735587682 16.500000000000004 17.999999999999989 -99.759615384615373 -0.26005001902569275 -95.576577685457181
decision_type=2 2 2 2 2 2
left_child=1 2 -1 4 -2 -5
right_child=3 -3 -4 5 -6 -7
leaf_value=-0.032913612483227911 -0.023789696180003081 -0.039476631560030881 0.011952651339950292 -0.033002149880675624 0.028314571628867132 0.00097083576570007677
leaf_weight=4.3350916858762529 6.5339117515832212 6.0410701362416139 10.139797184616326 10.720919212326406 16.350036513060331 259.96947016287595
leaf_count=107 56 94 103 65 102 1458
internal_value=-0.00017157 -0.0126715 -0.00148437 0.000701965 0.0134376 -0.000374693
internal_weight=314.09 20.516 14.4749 293.574 22.8839 270.69
internal_count=1985 304 210 1681 158 1523
is_linear=0
shrinkage=0.05


Tree=397
num_leaves=7
num_cat=0
split_feature=5 9 9 3 3 4
split_gain=1.03721 3.79342 1.84914 2.65574 1.50979 2.56391
threshold=141.05941891620563 7.0000000000000009 11.500000000000002 0.40749799042879259 0.38767099983213765 -0.040960237919297343
decision_type=2 2 2 2 2 2
left_child=-1 4 -3 -4 -2 -6
right_child=1 2 3 -5 5 -7
leaf_value=-0.00053759184781655657 0.012158130336198171 0.037996918296760662 -0.018363567381793688 0.026520895118888138 0.013734677473278101 -0.044460271656945251
leaf_weight=380.30227874778211 3.8694457411766043 9.092396907508375 5.4112915322184554 8.4290832281112653 2.8110922276973715 5.7929705418646327
leaf_count=1810 14 30 18 49 14 50
internal_value=0.000224459 0.00840972 0.0204798 0.00897203 -0.0137814 -0.025447
internal_weight=415.709 35.4063 22.9328 13.8404 12.4735 8.60406
internal_count=1985 175 97 67 78 64
is_linear=0
shrinkage=0.05


Tree=398
num_leaves=7
num_cat=0
split_feature=1 5 7 5 7 1
split_gain=0.897374 2.22731 1.36076 2.16876 1.80055 1.38832
threshold=0.78380978922095312 -1.2239241234423399 0.49306250000000001 15.949040724150469 0.48659375000000005 0.49829253254921774
decision_type=2 2 2 2 2 2
left_child=2 -2 4 -4 5 -1
right_child=1 -3 3 -5 -6 -7
leaf_value=0.0019454130482860503 -0.011234357188314954 0.045754142441196806 0.0033672828427138016 -0.05191938245084874 0.029772885639583947 -0.0044196720088148806
leaf_weight=268.67833307851106 3.3262416794896126 3.5384586527943602 3.9126521330326787 3.2449482083320618 5.1150435507297507 125.77002482302487
leaf_count=1077 24 18 21 24 31 790
internal_value=0.000213615 0.0181408 -8.89627e-05 -0.0216973 0.00029812 -8.4097e-05
internal_weight=413.586 6.8647 406.721 7.1576 399.563 394.448
internal_count=1985 42 1943 45 1898 1867
is_linear=0
shrinkage=0.05


Tree=399
num_leaves=7
num_cat=0
split_feature=5 2 6 6 5 2
split_gain=2.16656 2.18105 2.37591 6.24202 4.95444 1.87064
threshold=19.09613537232887 -2.1839497393028418 2.0000000000000022 11.550000000000017 -55.78243991136646 -0.027170551636471196
decision_type=2 2 2 2 2 2
left_child=1 -1 4 -4 -3 -2
right_child=5 2 3 -5 -6 -7
leaf_value=0.021850422597946034 -0.040150250147320599 -0.003659191993558358 0.020472093071403404 -0.0038663752716382501 -0.050903273101763027 0.0015769978904400528
leaf_weight=11.373515095561741 6.2595336330123246 84.041248261462897 38.814383038785309 81.994489621371031 5.9416533755138508 4.7046152437105757
leaf_count=48 199 402 178 728 63 367
internal_value=-0.00054806 0.000522735 -0.000628025 0.00395327 -0.00677876 -0.0222455
internal_weight=233.129 222.165 210.792 120.809 89.9829 10.9641
internal_count=1985 1419 1371 906 465 566
is_linear=0
shrinkage=0.05


end of trees

feature_importances:
ndvi_anomaly_z=367
ndvi_delta=330
NDVI_mean=315
rain_30d_mm=292
vci=250
soil_moisture_anomaly_z=247
rain_anomaly_pct=224
soil_moisture_0_7cm=189
doy_bin=129
stress_class_now_id=51

parameters:
[boosting: gbdt]
[objective: multiclass]
[metric: multi_logloss]
[tree_learner: serial]
[device_type: cpu]
[data_sample_strategy: bagging]
[data: ]
[valid: ]
[num_iterations: 100]
[learning_rate: 0.05]
[num_leaves: 7]
[num_threads: 8]
[seed: 42]
[deterministic: 0]
[force_col_wise: 0]
[force_row_wise: 0]
[histogram_pool_size: -1]
[max_depth: 4]
[min_data_in_leaf: 20]
[min_sum_hessian_in_leaf: 0.001]
[bagging_fraction: 0.8]
[pos_bagging_fraction: 1]
[neg_bagging_fraction: 1]
[bagging_freq: 0]
[bagging_seed: 400]
[bagging_by_query: 0]
[feature_fraction: 0.8]
[feature_fraction_bynode: 1]
[feature_fraction_seed: 30056]
[extra_trees: 0]
[extra_seed: 12879]
[early_stopping_round: 0]
[early_stopping_min_delta: 0]
[first_metric_only: 0]
[max_delta_step: 0]
[lambda_l1: 0]
[lambda_l2: 0]
[linear_lambda: 0]
[min_gain_to_split: 0]
[drop_rate: 0.1]
[max_drop: 50]
[skip_drop: 0.5]
[xgboost_dart_mode: 0]
[uniform_drop: 0]
[drop_seed: 17869]
[top_rate: 0.2]
[other_rate: 0.1]
[min_data_per_group: 100]
[max_cat_threshold: 32]
[cat_l2: 10]
[cat_smooth: 10]
[max_cat_to_onehot: 4]
[top_k: 20]
[monotone_constraints: ]
[monotone_constraints_method: basic]
[monotone_penalty: 0]
[feature_contri: ]
[forcedsplits_filename: ]
[refit_decay_rate: 0.9]
[cegb_tradeoff: 1]
[cegb_penalty_split: 0]
[cegb_penalty_feature_lazy: ]
[cegb_penalty_feature_coupled: ]
[path_smooth: 0]
[interaction_constraints: ]
[verbosity: -1]
[saved_feature_importance_type: 0]
[use_quantized_grad: 0]
[num_grad_quant_bins: 4]
[quant_train_renew_leaf: 0]
[stochastic_rounding: 1]
[linear_tree: 0]
[max_bin: 255]
[max_bin_by_feature: ]
[min_data_in_bin: 3]
[bin_construct_sample_cnt: 200000]
[data_random_seed: 175]
[is_enable_sparse: 1]
[enable_bundle: 1]
[use_missing: 1]
[zero_as_missing: 0]
[feature_pre_filter: 1]
[pre_partition: 0]
[two_round: 0]
[header: 0]
[label_column: ]
[weight_column: ]
[group_column: ]
[ignore_column: ]
[categorical_feature: ]
[forcedbins_filename: ]
[precise_float_parser: 0]
[parser_config_file: ]
[objective_seed: 16083]
[num_class: 4]
[is_unbalance: 0]
[scale_pos_weight: 1]
[sigmoid: 1]
[boost_from_average: 1]
[reg_sqrt: 0]
[alpha: 0.9]
[fair_c: 1]
[poisson_max_delta_step: 0.7]
[tweedie_variance_power: 1.5]
[lambdarank_truncation_level: 30]
[lambdarank_norm: 1]
[label_gain: ]
[lambdarank_position_bias_regularization: 0]
[eval_at: ]
[multi_error_top_k: 1]
[auc_mu_weights: ]
[num_machines: 1]
[local_listen_port: 12400]
[time_out: 120]
[machine_list_filename: ]
[machines: ]
[gpu_platform_id: -1]
[gpu_device_id: -1]
[gpu_device_id_list: ]
[gpu_use_dp: 0]
[num_gpu: 1]

end of parameters

pandas_categorical:[]
